ISO-10303-21;
HEADER;
FILE_DESCRIPTION (( 'STEP AP214' ),
    '1' );
FILE_NAME ('Attachment.STEP',
    '2026-04-29T09:44:51',
    ( '' ),
    ( '' ),
    'SwSTEP 2.0',
    'SolidWorks 2025',
    '' );
FILE_SCHEMA (( 'AUTOMOTIVE_DESIGN' ));
ENDSEC;

DATA;
#1 = CARTESIAN_POINT ( 'NONE',  ( 17.00000000000000000, 0.000000000000000000, -27.50000000000000000 ) ) ;
#2 = CARTESIAN_POINT ( 'NONE',  ( -50.00000000000000000, -1.999999999999960032, -1.951563910473907981E-15 ) ) ;
#3 = CARTESIAN_POINT ( 'NONE',  ( -8.000000000000000000, 1.540743955509788682E-30, 22.50000000000000000 ) ) ;
#4 = ORIENTED_EDGE ( 'NONE', *, *, #370, .F. ) ;
#5 = AXIS2_PLACEMENT_3D ( 'NONE', #570, #2803, #777 ) ;
#6 = DIRECTION ( 'NONE',  ( -4.956352788505165240E-16, -1.000000000000000000, 0.000000000000000000 ) ) ;
#7 = ORIENTED_EDGE ( 'NONE', *, *, #1896, .T. ) ;
#8 = DIRECTION ( 'NONE',  ( -1.000000000000000000, 4.956352788505160310E-16, 0.000000000000000000 ) ) ;
#9 = PLANE ( 'NONE',  #2110 ) ;
#10 = ORIENTED_EDGE ( 'NONE', *, *, #1630, .F. ) ;
#11 = CARTESIAN_POINT ( 'NONE',  ( -7.274554361604885777, -2.894616705444311237E-32, -31.50508515947181820 ) ) ;
#12 = DIRECTION ( 'NONE',  ( 1.283953296258157162E-31, 1.000000000000000000, -0.000000000000000000 ) ) ;
#13 = EDGE_CURVE ( 'NONE', #348, #384, #1117, .T. ) ;
#14 = DIRECTION ( 'NONE',  ( 1.283953296258157162E-31, 1.000000000000000000, -0.000000000000000000 ) ) ;
#15 = DIRECTION ( 'NONE',  ( -0.000000000000000000, -0.000000000000000000, -1.000000000000000000 ) ) ;
#16 = ORIENTED_EDGE ( 'NONE', *, *, #2128, .T. ) ;
#17 = DIRECTION ( 'NONE',  ( 0.000000000000000000, 0.000000000000000000, 1.000000000000000000 ) ) ;
#18 = EDGE_CURVE ( 'NONE', #654, #1596, #1864, .T. ) ;
#19 = EDGE_LOOP ( 'NONE', ( #2379, #2406, #2101, #2885 ) ) ;
#20 = VECTOR ( 'NONE', #2900, 1000.000000000000000 ) ;
#21 = DIRECTION ( 'NONE',  ( 1.000000000000000000, 0.000000000000000000, 0.000000000000000000 ) ) ;
#22 = PLANE ( 'NONE',  #2068 ) ;
#23 = AXIS2_PLACEMENT_3D ( 'NONE', #458, #1621, #1156 ) ;
#24 = EDGE_CURVE ( 'NONE', #813, #1326, #1516, .T. ) ;
#25 = ORIENTED_EDGE ( 'NONE', *, *, #2876, .F. ) ;
#26 = CARTESIAN_POINT ( 'NONE',  ( -12.50000000000000000, -1.999999999999999112, 17.49999999999999645 ) ) ;
#27 = VECTOR ( 'NONE', #2877, 1000.000000000000000 ) ;
#28 = LINE ( 'NONE', #966, #973 ) ;
#29 = LINE ( 'NONE', #715, #1323 ) ;
#30 = PLANE ( 'NONE',  #1945 ) ;
#31 = PRODUCT_DEFINITION ( 'UNKNOWN', '', #2225, #1447 ) ;
#32 = ORIENTED_EDGE ( 'NONE', *, *, #2073, .T. ) ;
#33 = EDGE_CURVE ( 'NONE', #1131, #2013, #2217, .T. ) ;
#34 = EDGE_CURVE ( 'NONE', #1912, #1925, #2648, .T. ) ;
#35 = DIRECTION ( 'NONE',  ( 1.283953296258157162E-31, 1.000000000000000000, -0.000000000000000000 ) ) ;
#36 = EDGE_LOOP ( 'NONE', ( #895, #1818, #2797, #1783, #201 ) ) ;
#37 = CARTESIAN_POINT ( 'NONE',  ( 10.00000000000000178, -9.000000000000001776, -22.50000000000000000 ) ) ;
#38 = LINE ( 'NONE', #205, #849 ) ;
#39 = CIRCLE ( 'NONE', #371, 1.050000000000002265 ) ;
#40 = ORIENTED_EDGE ( 'NONE', *, *, #33, .T. ) ;
#41 = FILL_AREA_STYLE ('',( #2496 ) ) ;
#42 = DIRECTION ( 'NONE',  ( 0.000000000000000000, 0.000000000000000000, 1.000000000000000000 ) ) ;
#43 = DIRECTION ( 'NONE',  ( -0.000000000000000000, -1.000000000000000000, -0.000000000000000000 ) ) ;
#44 = CARTESIAN_POINT ( 'NONE',  ( -3.262652233999262263E-52, 0.000000000000000000, -50.00000000000000000 ) ) ;
#45 = ORIENTED_EDGE ( 'NONE', *, *, #562, .T. ) ;
#46 = LINE ( 'NONE', #2278, #976 ) ;
#47 = ORIENTED_EDGE ( 'NONE', *, *, #217, .T. ) ;
#48 = VECTOR ( 'NONE', #2597, 1000.000000000000000 ) ;
#49 = EDGE_CURVE ( 'NONE', #1514, #1280, #2682, .T. ) ;
#50 = DIRECTION ( 'NONE',  ( -0.000000000000000000, -0.000000000000000000, -1.000000000000000000 ) ) ;
#51 = FACE_BOUND ( 'NONE', #1628, .T. ) ;
#52 = ADVANCED_FACE ( 'NONE', ( #431 ), #1782, .F. ) ;
#53 = ORIENTED_EDGE ( 'NONE', *, *, #1792, .T. ) ;
#54 = LINE ( 'NONE', #26, #691 ) ;
#55 = DIRECTION ( 'NONE',  ( -2.312964634635742957E-16, 0.000000000000000000, -1.000000000000000000 ) ) ;
#56 = LINE ( 'NONE', #532, #1927 ) ;
#57 = LINE ( 'NONE', #1626, #2841 ) ;
#58 = ORIENTED_EDGE ( 'NONE', *, *, #894, .T. ) ;
#59 = VERTEX_POINT ( 'NONE', #2431 ) ;
#60 = ORIENTED_EDGE ( 'NONE', *, *, #1023, .F. ) ;
#61 = PLANE ( 'NONE',  #2528 ) ;
#62 = LINE ( 'NONE', #497, #1834 ) ;
#63 = EDGE_CURVE ( 'NONE', #1207, #2513, #1965, .T. ) ;
#64 = VERTEX_POINT ( 'NONE', #1083 ) ;
#65 = PLANE ( 'NONE',  #169 ) ;
#66 = PRODUCT_DEFINITION_SHAPE ( 'NONE', 'NONE',  #31 ) ;
#67 = VECTOR ( 'NONE', #1022, 1000.000000000000000 ) ;
#68 = VECTOR ( 'NONE', #2714, 1000.000000000000000 ) ;
#69 = CIRCLE ( 'NONE', #2098, 5.000000000000000888 ) ;
#70 = CARTESIAN_POINT ( 'NONE',  ( 2.500000000000000000, -1.999999999999994893, -36.50000000000000000 ) ) ;
#71 = DIRECTION ( 'NONE',  ( -1.000000000000000000, 5.204170427930420297E-16, 0.000000000000000000 ) ) ;
#72 = CARTESIAN_POINT ( 'NONE',  ( 20.00000000000000355, -2.567906592516314938E-30, -2.500000000000000444 ) ) ;
#73 = VECTOR ( 'NONE', #21, 1000.000000000000000 ) ;
#74 = ORIENTED_EDGE ( 'NONE', *, *, #2508, .F. ) ;
#75 = EDGE_LOOP ( 'NONE', ( #985, #2426, #2215, #2165, #2740, #1743, #1781, #1552 ) ) ;
#76 = ORIENTED_EDGE ( 'NONE', *, *, #2307, .F. ) ;
#77 = VERTEX_POINT ( 'NONE', #844 ) ;
#78 = LINE ( 'NONE', #991, #1003 ) ;
#79 = DIRECTION ( 'NONE',  ( -0.000000000000000000, 1.000000000000000000, -0.000000000000000000 ) ) ;
#80 = ORIENTED_EDGE ( 'NONE', *, *, #2838, .T. ) ;
#81 = DIRECTION ( 'NONE',  ( 0.000000000000000000, 0.000000000000000000, 1.000000000000000000 ) ) ;
#82 = CIRCLE ( 'NONE', #2025, 1.050000000000000488 ) ;
#83 = CIRCLE ( 'NONE', #464, 5.000000000000000000 ) ;
#84 = CARTESIAN_POINT ( 'NONE',  ( -12.50000000000000000, -1.999999999999999112, 17.49999999999999645 ) ) ;
#85 = DIRECTION ( 'NONE',  ( -1.283953296258157381E-31, -1.000000000000000000, 0.000000000000000000 ) ) ;
#86 = EDGE_CURVE ( 'NONE', #525, #328, #2020, .T. ) ;
#87 = EDGE_CURVE ( 'NONE', #2633, #99, #2624, .T. ) ;
#88 = EDGE_LOOP ( 'NONE', ( #2065, #2605, #796, #2226 ) ) ;
#89 = ORIENTED_EDGE ( 'NONE', *, *, #273, .T. ) ;
#90 = ORIENTED_EDGE ( 'NONE', *, *, #2549, .T. ) ;
#91 = ORIENTED_EDGE ( 'NONE', *, *, #1686, .F. ) ;
#92 = CARTESIAN_POINT ( 'NONE',  ( 50.50000000000137845, -2.000000000000008882, 1.677050983123435923 ) ) ;
#93 = DIRECTION ( 'NONE',  ( -1.000000000000000000, 1.283953296258157162E-31, 0.000000000000000000 ) ) ;
#94 = ORIENTED_EDGE ( 'NONE', *, *, #2401, .F. ) ;
#95 = CARTESIAN_POINT ( 'NONE',  ( 50.41931260600694742, -6.473604261555307602E-30, -2.500000000000000444 ) ) ;
#96 = VECTOR ( 'NONE', #2373, 1000.000000000000000 ) ;
#97 = LINE ( 'NONE', #84, #1418 ) ;
#98 = CARTESIAN_POINT ( 'NONE',  ( -20.00000000000000000, -4.336808689942017736E-16, 22.50000000000000000 ) ) ;
#99 = VERTEX_POINT ( 'NONE', #2210 ) ;
#100 = VERTEX_POINT ( 'NONE', #2898 ) ;
#101 = ADVANCED_FACE ( 'NONE', ( #1343 ), #888, .T. ) ;
#102 = CARTESIAN_POINT ( 'NONE',  ( -20.00000000000000000, -4.336808689942017736E-16, 12.50000000000000355 ) ) ;
#103 = VERTEX_POINT ( 'NONE', #1564 ) ;
#104 = ORIENTED_EDGE ( 'NONE', *, *, #235, .F. ) ;
#105 = DIRECTION ( 'NONE',  ( -0.000000000000000000, -0.000000000000000000, -1.000000000000000000 ) ) ;
#106 = FACE_BOUND ( 'NONE', #179, .T. ) ;
#107 = EDGE_CURVE ( 'NONE', #462, #607, #664, .T. ) ;
#108 = ORIENTED_EDGE ( 'NONE', *, *, #1332, .T. ) ;
#109 = CARTESIAN_POINT ( 'NONE',  ( 20.00000000000000000, -1.999999999999992228, 22.50000000000000000 ) ) ;
#110 = EDGE_CURVE ( 'NONE', #2529, #1037, #1098, .T. ) ;
#111 = CARTESIAN_POINT ( 'NONE',  ( -30.00000000000000000, 0.000000000000000000, 12.50000000000000000 ) ) ;
#112 = VECTOR ( 'NONE', #2381, 1000.000000000000000 ) ;
#113 = CARTESIAN_POINT ( 'NONE',  ( 8.000000000000000000, -6.999999999999999112, 22.50000000000000000 ) ) ;
#114 = AXIS2_PLACEMENT_3D ( 'NONE', #1616, #1387, #1151 ) ;
#115 = VECTOR ( 'NONE', #411, 1000.000000000000000 ) ;
#116 = VECTOR ( 'NONE', #864, 1000.000000000000000 ) ;
#117 = ORIENTED_EDGE ( 'NONE', *, *, #1233, .F. ) ;
#118 = PLANE ( 'NONE',  #2015 ) ;
#119 = CIRCLE ( 'NONE', #597, 5.000000000000000888 ) ;
#120 = EDGE_CURVE ( 'NONE', #2625, #1866, #1524, .T. ) ;
#121 = ORIENTED_EDGE ( 'NONE', *, *, #1179, .F. ) ;
#122 = ORIENTED_EDGE ( 'NONE', *, *, #333, .T. ) ;
#123 = DIRECTION ( 'NONE',  ( -0.000000000000000000, -0.000000000000000000, 1.000000000000000000 ) ) ;
#124 = LINE ( 'NONE', #2369, #546 ) ;
#125 = EDGE_CURVE ( 'NONE', #1131, #1388, #2479, .T. ) ;
#126 = EDGE_CURVE ( 'NONE', #665, #2801, #649, .T. ) ;
#127 = ORIENTED_EDGE ( 'NONE', *, *, #2362, .F. ) ;
#128 = FACE_OUTER_BOUND ( 'NONE', #2831, .T. ) ;
#129 = CARTESIAN_POINT ( 'NONE',  ( -12.02455436160488667, -1.999999999999976685, -27.00508515947182175 ) ) ;
#130 = VECTOR ( 'NONE', #285, 1000.000000000000000 ) ;
#131 = PLANE ( 'NONE',  #2779 ) ;
#132 = CARTESIAN_POINT ( 'NONE',  ( -50.00000000000000000, -6.419766481290786644E-30, -1.951563910473907981E-15 ) ) ;
#133 = CIRCLE ( 'NONE', #2926, 1.750000000000001554 ) ;
#134 = VECTOR ( 'NONE', #2389, 1000.000000000000000 ) ;
#135 = ORIENTED_EDGE ( 'NONE', *, *, #645, .T. ) ;
#136 = DIRECTION ( 'NONE',  ( -0.000000000000000000, -0.000000000000000000, -1.000000000000000000 ) ) ;
#137 = ORIENTED_EDGE ( 'NONE', *, *, #1197, .T. ) ;
#138 = ORIENTED_EDGE ( 'NONE', *, *, #1094, .T. ) ;
#139 = DIRECTION ( 'NONE',  ( 1.734723475976806848E-16, 0.000000000000000000, 1.000000000000000000 ) ) ;
#140 = DIRECTION ( 'NONE',  ( -5.204170427930423255E-16, -1.000000000000000000, 0.000000000000000000 ) ) ;
#141 = LINE ( 'NONE', #2208, #1024 ) ;
#142 = ORIENTED_EDGE ( 'NONE', *, *, #1431, .T. ) ;
#143 = EDGE_CURVE ( 'NONE', #886, #300, #1331, .T. ) ;
#144 = ADVANCED_FACE ( 'NONE', ( #398 ), #1285, .F. ) ;
#145 = CARTESIAN_POINT ( 'NONE',  ( 49.50000000000137845, -2.000000000000007550, -0.6770509831262525591 ) ) ;
#146 = DIRECTION ( 'NONE',  ( 1.000000000000000000, -5.204170427930423255E-16, 0.000000000000000000 ) ) ;
#147 = LINE ( 'NONE', #1955, #2635 ) ;
#148 = AXIS2_PLACEMENT_3D ( 'NONE', #132, #2361, #2810 ) ;
#149 = LINE ( 'NONE', #2583, #48 ) ;
#150 = AXIS2_PLACEMENT_3D ( 'NONE', #548, #326, #1499 ) ;
#151 = ORIENTED_EDGE ( 'NONE', *, *, #2418, .T. ) ;
#152 = DIRECTION ( 'NONE',  ( -1.000000000000000000, 0.000000000000000000, 0.000000000000000000 ) ) ;
#153 = ORIENTED_EDGE ( 'NONE', *, *, #2726, .T. ) ;
#154 = ORIENTED_EDGE ( 'NONE', *, *, #1271, .F. ) ;
#155 = LINE ( 'NONE', #600, #2284 ) ;
#156 = CARTESIAN_POINT ( 'NONE',  ( -30.00000000000000000, -1.999999999999968914, -2.500000000000000444 ) ) ;
#157 = CARTESIAN_POINT ( 'NONE',  ( 50.50000000000137845, -9.000000000000005329, 1.677050983123435923 ) ) ;
#158 = DIRECTION ( 'NONE',  ( -0.000000000000000000, -1.000000000000000000, -0.000000000000000000 ) ) ;
#159 = ORIENTED_EDGE ( 'NONE', *, *, #2089, .F. ) ;
#160 = FACE_OUTER_BOUND ( 'NONE', #1188, .T. ) ;
#161 = LINE ( 'NONE', #1969, #323 ) ;
#162 = EDGE_CURVE ( 'NONE', #1985, #2830, #882, .T. ) ;
#163 = ORIENTED_EDGE ( 'NONE', *, *, #2114, .F. ) ;
#164 = PLANE ( 'NONE',  #1777 ) ;
#165 = PRODUCT_CONTEXT ( 'NONE', #1556, 'mechanical' ) ;
#166 = DIRECTION ( 'NONE',  ( 1.000000000000000000, -1.283953296258157381E-31, 0.000000000000000000 ) ) ;
#167 = AXIS2_PLACEMENT_3D ( 'NONE', #1437, #1454, #753 ) ;
#168 = LINE ( 'NONE', #1897, #2865 ) ;
#169 = AXIS2_PLACEMENT_3D ( 'NONE', #1425, #2269, #249 ) ;
#170 = ORIENTED_EDGE ( 'NONE', *, *, #183, .T. ) ;
#171 = ORIENTED_EDGE ( 'NONE', *, *, #1714, .T. ) ;
#172 = DIRECTION ( 'NONE',  ( 0.000000000000000000, 0.000000000000000000, -1.000000000000000000 ) ) ;
#173 = VECTOR ( 'NONE', #611, 1000.000000000000000 ) ;
#174 = CARTESIAN_POINT ( 'NONE',  ( 49.50000000000137845, -9.000000000000005329, -1.677050983126250561 ) ) ;
#175 = DIRECTION ( 'NONE',  ( 1.000000000000000000, -5.204170427930423255E-16, 0.000000000000000000 ) ) ;
#176 = EDGE_LOOP ( 'NONE', ( #266, #203, #1747, #435 ) ) ;
#177 = PLANE ( 'NONE',  #2566 ) ;
#178 = FACE_OUTER_BOUND ( 'NONE', #761, .T. ) ;
#179 = EDGE_LOOP ( 'NONE', ( #1977, #1769, #1947, #2115 ) ) ;
#180 = PLANE ( 'NONE',  #310 ) ;
#181 = ORIENTED_EDGE ( 'NONE', *, *, #2799, .T. ) ;
#182 = EDGE_CURVE ( 'NONE', #2728, #573, #2911, .T. ) ;
#183 = EDGE_CURVE ( 'NONE', #2545, #1912, #2629, .T. ) ;
#184 = CARTESIAN_POINT ( 'NONE',  ( 20.00000000000000355, 0.000000000000000000, 22.50000000000000000 ) ) ;
#185 = AXIS2_PLACEMENT_3D ( 'NONE', #741, #2750, #71 ) ;
#186 = ORIENTED_EDGE ( 'NONE', *, *, #780, .T. ) ;
#187 = CARTESIAN_POINT ( 'NONE',  ( -20.00000000000000000, -2.000000000000000444, 12.50000000000000355 ) ) ;
#188 = DIRECTION ( 'NONE',  ( -1.000000000000000000, 1.283953296258157162E-31, 0.000000000000000000 ) ) ;
#189 = ORIENTED_EDGE ( 'NONE', *, *, #2660, .T. ) ;
#190 = LINE ( 'NONE', #204, #2475 ) ;
#191 = CARTESIAN_POINT ( 'NONE',  ( -10.00000000000000178, -4.999999999999999112, 22.50000000000000000 ) ) ;
#192 = ORIENTED_EDGE ( 'NONE', *, *, #1590, .F. ) ;
#193 = PLANE ( 'NONE',  #501 ) ;
#194 =( NAMED_UNIT ( * ) SI_UNIT ( $, .STERADIAN. ) SOLID_ANGLE_UNIT ( ) );
#195 = ORIENTED_EDGE ( 'NONE', *, *, #930, .T. ) ;
#196 = VECTOR ( 'NONE', #2324, 1000.000000000000000 ) ;
#197 = CARTESIAN_POINT ( 'NONE',  ( -2.500000000000000000, 0.000000000000000000, -50.00000000000000000 ) ) ;
#198 = EDGE_CURVE ( 'NONE', #2310, #64, #2668, .T. ) ;
#199 = CIRCLE ( 'NONE', #2893, 9.999999999999998224 ) ;
#200 = ADVANCED_FACE ( 'NONE', ( #2655 ), #632, .F. ) ;
#201 = ORIENTED_EDGE ( 'NONE', *, *, #2684, .T. ) ;
#202 = CARTESIAN_POINT ( 'NONE',  ( 10.00000000000000178, -4.999999999999999112, 14.99999999999999645 ) ) ;
#203 = ORIENTED_EDGE ( 'NONE', *, *, #1096, .T. ) ;
#204 = CARTESIAN_POINT ( 'NONE',  ( 2.500000000000000000, -1.999999999999994893, -50.00000000000000000 ) ) ;
#205 = CARTESIAN_POINT ( 'NONE',  ( -50.41931260600694742, -34.91688117545768932, -2.500000000000000444 ) ) ;
#206 = VERTEX_POINT ( 'NONE', #1125 ) ;
#207 = DIRECTION ( 'NONE',  ( 0.000000000000000000, -1.000000000000000000, 0.000000000000000000 ) ) ;
#208 = CARTESIAN_POINT ( 'NONE',  ( 12.49999999999999822, -4.999999999999999112, 24.99999999999999645 ) ) ;
#209 = DIRECTION ( 'NONE',  ( -0.000000000000000000, -1.000000000000000000, -0.000000000000000000 ) ) ;
#210 = ORIENTED_EDGE ( 'NONE', *, *, #34, .T. ) ;
#211 = VECTOR ( 'NONE', #2092, 1000.000000000000000 ) ;
#212 = AXIS2_PLACEMENT_3D ( 'NONE', #2309, #257, #6 ) ;
#213 = DIRECTION ( 'NONE',  ( -1.283953296258157381E-31, -1.000000000000000000, 0.000000000000000000 ) ) ;
#214 = VECTOR ( 'NONE', #773, 1000.000000000000000 ) ;
#215 = ORIENTED_EDGE ( 'NONE', *, *, #2514, .F. ) ;
#216 = DIRECTION ( 'NONE',  ( 1.283953296258157162E-31, 1.000000000000000000, -0.000000000000000000 ) ) ;
#217 = EDGE_CURVE ( 'NONE', #2463, #525, #1358, .T. ) ;
#218 = CARTESIAN_POINT ( 'NONE',  ( 51.75000000000000711, -1.000000000000000000, -1.951563910473907981E-15 ) ) ;
#219 = DIRECTION ( 'NONE',  ( -1.000000000000000000, -4.130293990420960515E-16, 0.000000000000000000 ) ) ;
#220 = EDGE_CURVE ( 'NONE', #2170, #99, #730, .T. ) ;
#221 = VECTOR ( 'NONE', #883, 1000.000000000000000 ) ;
#222 = ORIENTED_EDGE ( 'NONE', *, *, #2807, .T. ) ;
#223 = DIRECTION ( 'NONE',  ( 0.000000000000000000, 0.000000000000000000, -1.000000000000000000 ) ) ;
#224 = SHAPE_DEFINITION_REPRESENTATION ( #66, #2693 ) ;
#225 = FACE_OUTER_BOUND ( 'NONE', #477, .T. ) ;
#226 = DIRECTION ( 'NONE',  ( -1.000000000000000000, 6.419766481290785812E-32, -2.312964634635742957E-16 ) ) ;
#227 = CYLINDRICAL_SURFACE ( 'NONE', #1380, 10.00000000000000000 ) ;
#228 = EDGE_LOOP ( 'NONE', ( #457, #2796, #1256, #302 ) ) ;
#229 = AXIS2_PLACEMENT_3D ( 'NONE', #2254, #234, #2451 ) ;
#230 = VECTOR ( 'NONE', #1923, 1000.000000000000000 ) ;
#231 = DIRECTION ( 'NONE',  ( 1.734723475976813800E-15, 1.000000000000000000, -0.000000000000000000 ) ) ;
#232 = VERTEX_POINT ( 'NONE', #719 ) ;
#233 = CARTESIAN_POINT ( 'NONE',  ( -1.677050983124843242, -1.000000000000000000, -50.50000000000000000 ) ) ;
#234 = DIRECTION ( 'NONE',  ( 1.283953296258157162E-31, 1.000000000000000000, 0.000000000000000000 ) ) ;
#235 = EDGE_CURVE ( 'NONE', #1445, #2151, #289, .T. ) ;
#236 = ORIENTED_EDGE ( 'NONE', *, *, #545, .F. ) ;
#237 = SURFACE_STYLE_FILL_AREA ( #41 ) ;
#238 = DIRECTION ( 'NONE',  ( 0.000000000000000000, 0.000000000000000000, 1.000000000000000000 ) ) ;
#239 = DIRECTION ( 'NONE',  ( 1.283953296258157162E-31, 1.000000000000000000, -0.000000000000000000 ) ) ;
#240 = DIRECTION ( 'NONE',  ( -6.419766481290785812E-32, -1.000000000000000000, -0.000000000000000000 ) ) ;
#241 = ORIENTED_EDGE ( 'NONE', *, *, #854, .F. ) ;
#242 = VECTOR ( 'NONE', #1248, 1000.000000000000000 ) ;
#243 = EDGE_CURVE ( 'NONE', #1871, #2463, #1401, .T. ) ;
#244 = CYLINDRICAL_SURFACE ( 'NONE', #593, 1.750000000000000444 ) ;
#245 = ORIENTED_EDGE ( 'NONE', *, *, #1453, .F. ) ;
#246 = CARTESIAN_POINT ( 'NONE',  ( -12.02455436160488667, -6.981496048403729967E-31, -27.00508515947182175 ) ) ;
#247 = CARTESIAN_POINT ( 'NONE',  ( 15.00000000000000000, -1.999999999999999112, 24.99999999999999645 ) ) ;
#248 = EDGE_LOOP ( 'NONE', ( #771, #1344, #2256, #282, #2019, #2370 ) ) ;
#249 = DIRECTION ( 'NONE',  ( -1.000000000000000000, 0.000000000000000000, -0.000000000000000000 ) ) ;
#250 = ADVANCED_FACE ( 'NONE', ( #2473 ), #2515, .T. ) ;
#251 = FACE_OUTER_BOUND ( 'NONE', #580, .T. ) ;
#252 = FACE_OUTER_BOUND ( 'NONE', #1142, .T. ) ;
#253 = DIRECTION ( 'NONE',  ( 1.000000000000000000, -0.000000000000000000, -0.000000000000000000 ) ) ;
#254 = ADVANCED_FACE ( 'NONE', ( #1195 ), #244, .F. ) ;
#255 = EDGE_CURVE ( 'NONE', #1388, #1131, #2762, .T. ) ;
#256 = EDGE_LOOP ( 'NONE', ( #2272, #163, #508, #1982 ) ) ;
#257 = DIRECTION ( 'NONE',  ( -1.000000000000000000, 4.956352788505165240E-16, 0.000000000000000000 ) ) ;
#258 = ORIENTED_EDGE ( 'NONE', *, *, #2781, .T. ) ;
#259 = UNCERTAINTY_MEASURE_WITH_UNIT (LENGTH_MEASURE( 1.000000000000000082E-05 ), #1189, 'distance_accuracy_value', 'NONE');
#260 = AXIS2_PLACEMENT_3D ( 'NONE', #2657, #2006, #635 ) ;
#261 = CARTESIAN_POINT ( 'NONE',  ( 0.6770509831248432420, -1.000000000000000000, -50.50000000000000000 ) ) ;
#262 = LINE ( 'NONE', #2744, #2447 ) ;
#263 = VECTOR ( 'NONE', #2928, 1000.000000000000000 ) ;
#264 = VECTOR ( 'NONE', #2415, 1000.000000000000000 ) ;
#265 = VECTOR ( 'NONE', #1859, 1000.000000000000000 ) ;
#266 = ORIENTED_EDGE ( 'NONE', *, *, #2632, .T. ) ;
#267 = VECTOR ( 'NONE', #2576, 1000.000000000000000 ) ;
#268 = LINE ( 'NONE', #2273, #211 ) ;
#269 = CARTESIAN_POINT ( 'NONE',  ( -52.53492072096078402, -6.745238462833857052E-30, -1.951563910473907981E-15 ) ) ;
#270 = CARTESIAN_POINT ( 'NONE',  ( 7.049108723209771554, 0.000000000000000000, -26.51017031894364706 ) ) ;
#271 = ADVANCED_FACE ( 'NONE', ( #1372 ), #1591, .F. ) ;
#272 = ORIENTED_EDGE ( 'NONE', *, *, #2326, .T. ) ;
#273 = EDGE_CURVE ( 'NONE', #1391, #1245, #46, .T. ) ;
#274 = CARTESIAN_POINT ( 'NONE',  ( 1.540743955509788715E-36, 1.200000000000000030E-05, -50.00000000000000000 ) ) ;
#275 = ORIENTED_EDGE ( 'NONE', *, *, #1686, .T. ) ;
#276 = VECTOR ( 'NONE', #1427, 1000.000000000000000 ) ;
#277 = CARTESIAN_POINT ( 'NONE',  ( 20.00000000000000355, 0.000000000000000000, 22.50000000000000000 ) ) ;
#278 = DIRECTION ( 'NONE',  ( 0.000000000000000000, 1.000000000000000000, -0.000000000000000000 ) ) ;
#279 = AXIS2_PLACEMENT_3D ( 'NONE', #2753, #1632, #917 ) ;
#280 = VECTOR ( 'NONE', #43, 1000.000000000000000 ) ;
#281 = EDGE_CURVE ( 'NONE', #1095, #1373, #678, .T. ) ;
#282 = ORIENTED_EDGE ( 'NONE', *, *, #2761, .T. ) ;
#283 = CARTESIAN_POINT ( 'NONE',  ( -50.00000000000000000, -1.000000000000000000, -1.951563910473907981E-15 ) ) ;
#284 = DIRECTION ( 'NONE',  ( 1.283953296258157162E-31, -1.000000000000000000, -0.000000000000000000 ) ) ;
#285 = DIRECTION ( 'NONE',  ( 0.7071067811865512365, -0.000000000000000000, -0.7071067811865439090 ) ) ;
#286 = FACE_BOUND ( 'NONE', #2350, .T. ) ;
#287 = ORIENTED_EDGE ( 'NONE', *, *, #1216, .F. ) ;
#288 = EDGE_CURVE ( 'NONE', #1095, #2598, #705, .T. ) ;
#289 = LINE ( 'NONE', #2727, #2012 ) ;
#290 = ORIENTED_EDGE ( 'NONE', *, *, #2007, .F. ) ;
#291 = VECTOR ( 'NONE', #298, 1000.000000000000000 ) ;
#292 = DIRECTION ( 'NONE',  ( 1.000000000000000000, 0.000000000000000000, 0.000000000000000000 ) ) ;
#293 = CARTESIAN_POINT ( 'NONE',  ( -30.00000000000000711, -3.851859888774471706E-30, 2.500000000000000444 ) ) ;
#294 = ORIENTED_EDGE ( 'NONE', *, *, #1376, .F. ) ;
#295 = DIRECTION ( 'NONE',  ( -1.000000000000000000, 0.000000000000000000, 0.000000000000000000 ) ) ;
#296 = LINE ( 'NONE', #70, #1513 ) ;
#297 = PLANE ( 'NONE',  #2113 ) ;
#298 = DIRECTION ( 'NONE',  ( -0.000000000000000000, -1.000000000000000000, -0.000000000000000000 ) ) ;
#299 = ORIENTED_EDGE ( 'NONE', *, *, #485, .F. ) ;
#300 = VERTEX_POINT ( 'NONE', #451 ) ;
#301 = ORIENTED_EDGE ( 'NONE', *, *, #13, .T. ) ;
#302 = ORIENTED_EDGE ( 'NONE', *, *, #330, .T. ) ;
#303 = FACE_OUTER_BOUND ( 'NONE', #2474, .T. ) ;
#304 = CARTESIAN_POINT ( 'NONE',  ( -50.00000000000000000, -1.999999999999960032, -1.951563910473907981E-15 ) ) ;
#305 = ORIENTED_EDGE ( 'NONE', *, *, #2658, .T. ) ;
#306 = VECTOR ( 'NONE', #1652, 1000.000000000000000 ) ;
#307 = EDGE_CURVE ( 'NONE', #1445, #2503, #904, .T. ) ;
#308 = EDGE_CURVE ( 'NONE', #2013, #337, #832, .T. ) ;
#309 = LINE ( 'NONE', #800, #495 ) ;
#310 = AXIS2_PLACEMENT_3D ( 'NONE', #2934, #1775, #1090 ) ;
#311 = VECTOR ( 'NONE', #1059, 1000.000000000000000 ) ;
#312 = CARTESIAN_POINT ( 'NONE',  ( 12.99999999999999645, -4.276423536147513034E-47, -13.65000000000000036 ) ) ;
#313 = CARTESIAN_POINT ( 'NONE',  ( 30.00000000000000000, -1.999999999999997335, 12.50000000000000000 ) ) ;
#314 = DIRECTION ( 'NONE',  ( -1.283953296258157162E-31, -1.000000000000000000, 0.000000000000000000 ) ) ;
#315 = ORIENTED_EDGE ( 'NONE', *, *, #1341, .F. ) ;
#316 = VERTEX_POINT ( 'NONE', #1853 ) ;
#317 = ORIENTED_EDGE ( 'NONE', *, *, #110, .F. ) ;
#318 = EDGE_LOOP ( 'NONE', ( #1088, #483, #2773, #1895 ) ) ;
#319 = DIRECTION ( 'NONE',  ( -1.000000000000000000, 5.204170427930420297E-16, 0.000000000000000000 ) ) ;
#320 = PLANE ( 'NONE',  #499 ) ;
#321 = ORIENTED_EDGE ( 'NONE', *, *, #2594, .F. ) ;
#322 = CARTESIAN_POINT ( 'NONE',  ( 49.50000000000137845, -9.000000000000005329, 0.6770509831234357012 ) ) ;
#323 = VECTOR ( 'NONE', #2642, 1000.000000000000000 ) ;
#324 = EDGE_CURVE ( 'NONE', #986, #2310, #2351, .T. ) ;
#325 = LINE ( 'NONE', #1498, #1746 ) ;
#326 = DIRECTION ( 'NONE',  ( 0.000000000000000000, 1.000000000000000000, 0.000000000000000000 ) ) ;
#327 = EDGE_LOOP ( 'NONE', ( #1393, #2449, #2480, #1620 ) ) ;
#328 = VERTEX_POINT ( 'NONE', #465 ) ;
#329 = LINE ( 'NONE', #2365, #311 ) ;
#330 = EDGE_CURVE ( 'NONE', #1531, #1391, #2502, .T. ) ;
#331 = ORIENTED_EDGE ( 'NONE', *, *, #1841, .T. ) ;
#332 = VERTEX_POINT ( 'NONE', #932 ) ;
#333 = EDGE_CURVE ( 'NONE', #2672, #587, #133, .T. ) ;
#334 = CARTESIAN_POINT ( 'NONE',  ( -50.41931260600694742, -1.999999999999967137, -2.500000000000000444 ) ) ;
#335 = CARTESIAN_POINT ( 'NONE',  ( -9.629649721936179265E-32, -4.999999999999999112, 0.000000000000000000 ) ) ;
#336 = VECTOR ( 'NONE', #601, 1000.000000000000000 ) ;
#337 = VERTEX_POINT ( 'NONE', #479 ) ;
#338 = CARTESIAN_POINT ( 'NONE',  ( 15.00000000000000000, -1.999999999999999112, 24.99999999999999645 ) ) ;
#339 = AXIS2_PLACEMENT_3D ( 'NONE', #1057, #1956, #626 ) ;
#340 = FACE_OUTER_BOUND ( 'NONE', #2856, .T. ) ;
#341 = EDGE_CURVE ( 'NONE', #962, #1669, #2295, .T. ) ;
#342 = LINE ( 'NONE', #2555, #242 ) ;
#343 = ORIENTED_EDGE ( 'NONE', *, *, #804, .T. ) ;
#344 = EDGE_CURVE ( 'NONE', #583, #1066, #500, .T. ) ;
#345 = EDGE_CURVE ( 'NONE', #1066, #2592, #2407, .T. ) ;
#346 = LINE ( 'NONE', #1717, #1868 ) ;
#347 = VERTEX_POINT ( 'NONE', #2889 ) ;
#348 = VERTEX_POINT ( 'NONE', #655 ) ;
#349 = CARTESIAN_POINT ( 'NONE',  ( -0.6770509831248432420, -1.999999999999980904, -50.50000000000000000 ) ) ;
#350 = LINE ( 'NONE', #1979, #2287 ) ;
#351 = EDGE_LOOP ( 'NONE', ( #2353, #789 ) ) ;
#352 = CARTESIAN_POINT ( 'NONE',  ( 12.50000000000000000, -1.999999999999999112, 17.49999999999999645 ) ) ;
#353 = DIRECTION ( 'NONE',  ( 1.000000000000000000, 0.000000000000000000, 0.000000000000000000 ) ) ;
#354 = CARTESIAN_POINT ( 'NONE',  ( -30.00000000000000000, -8.673617379884035472E-16, -12.50000000000000355 ) ) ;
#355 = AXIS2_PLACEMENT_3D ( 'NONE', #2884, #1981, #858 ) ;
#356 = CIRCLE ( 'NONE', #1914, 5.000000000000000000 ) ;
#357 = VERTEX_POINT ( 'NONE', #1570 ) ;
#358 = FACE_OUTER_BOUND ( 'NONE', #2906, .T. ) ;
#359 = CIRCLE ( 'NONE', #838, 9.999999999999998224 ) ;
#360 = EDGE_CURVE ( 'NONE', #525, #2575, #850, .T. ) ;
#361 = ADVANCED_FACE ( 'NONE', ( #2202 ), #1324, .F. ) ;
#362 = VERTEX_POINT ( 'NONE', #2707 ) ;
#363 = ORIENTED_EDGE ( 'NONE', *, *, #1293, .T. ) ;
#364 = PLANE ( 'NONE',  #1118 ) ;
#365 = CARTESIAN_POINT ( 'NONE',  ( -1.750000000000000444, 2.246918268451773994E-31, -50.00000000000000000 ) ) ;
#366 = DIRECTION ( 'NONE',  ( 1.000000000000000000, -1.283953296258157162E-31, 0.000000000000000000 ) ) ;
#367 = ORIENTED_EDGE ( 'NONE', *, *, #2879, .F. ) ;
#368 = LINE ( 'NONE', #1952, #306 ) ;
#369 = CARTESIAN_POINT ( 'NONE',  ( 20.00000000000000355, 0.000000000000000000, -12.50000000000000355 ) ) ;
#370 = EDGE_CURVE ( 'NONE', #2306, #2337, #1403, .T. ) ;
#371 = AXIS2_PLACEMENT_3D ( 'NONE', #2917, #1130, #219 ) ;
#372 = CYLINDRICAL_SURFACE ( 'NONE', #2927, 1.750000000000001554 ) ;
#373 = PLANE ( 'NONE',  #2316 ) ;
#374 = AXIS2_PLACEMENT_3D ( 'NONE', #2825, #564, #2137 ) ;
#375 = ORIENTED_EDGE ( 'NONE', *, *, #370, .T. ) ;
#376 = CARTESIAN_POINT ( 'NONE',  ( -1.283953296258157162E-31, -1.000000000000000000, -50.00000000000000000 ) ) ;
#377 = ORIENTED_EDGE ( 'NONE', *, *, #878, .F. ) ;
#378 = ORIENTED_EDGE ( 'NONE', *, *, #2821, .T. ) ;
#379 = CARTESIAN_POINT ( 'NONE',  ( -15.00000000000000000, -1.999999999999999112, 27.50000000000000000 ) ) ;
#380 = DIRECTION ( 'NONE',  ( 1.000000000000000000, -0.000000000000000000, -0.000000000000000000 ) ) ;
#381 = DIRECTION ( 'NONE',  ( -1.000000000000000000, 5.204170427930420297E-16, 0.000000000000000000 ) ) ;
#382 = EDGE_CURVE ( 'NONE', #1211, #1445, #1819, .T. ) ;
#383 = DIRECTION ( 'NONE',  ( 1.000000000000000000, -1.283953296258157162E-31, -2.168404344971006896E-16 ) ) ;
#384 = VERTEX_POINT ( 'NONE', #2230 ) ;
#385 = CARTESIAN_POINT ( 'NONE',  ( -30.00000000000000000, 0.000000000000000000, 2.500000000000000444 ) ) ;
#386 = CARTESIAN_POINT ( 'NONE',  ( 20.00000000000000355, 0.000000000000000000, -12.49999999999999112 ) ) ;
#387 = ORIENTED_EDGE ( 'NONE', *, *, #2457, .F. ) ;
#388 = DIRECTION ( 'NONE',  ( -1.283953296258157162E-31, -1.000000000000000000, 0.000000000000000000 ) ) ;
#389 = VECTOR ( 'NONE', #941, 1000.000000000000000 ) ;
#390 = PLANE ( 'NONE',  #676 ) ;
#391 = DIRECTION ( 'NONE',  ( -0.000000000000000000, -0.000000000000000000, -1.000000000000000000 ) ) ;
#392 = DIRECTION ( 'NONE',  ( 1.734723475976806848E-16, -0.000000000000000000, -1.000000000000000000 ) ) ;
#393 = ORIENTED_EDGE ( 'NONE', *, *, #2218, .T. ) ;
#394 = ORIENTED_EDGE ( 'NONE', *, *, #143, .F. ) ;
#395 = FACE_OUTER_BOUND ( 'NONE', #2190, .T. ) ;
#396 = CARTESIAN_POINT ( 'NONE',  ( -8.000000000000000000, -2.000000000000001776, -26.50000000000000000 ) ) ;
#397 = CARTESIAN_POINT ( 'NONE',  ( -0.6770509831248430199, -1.000000000000000000, -49.50000000000000000 ) ) ;
#398 = FACE_OUTER_BOUND ( 'NONE', #1084, .T. ) ;
#399 = ORIENTED_EDGE ( 'NONE', *, *, #2800, .T. ) ;
#400 = DIRECTION ( 'NONE',  ( -2.168404344971007142E-16, 1.128474576789395570E-31, -1.000000000000000000 ) ) ;
#401 = FACE_OUTER_BOUND ( 'NONE', #2179, .T. ) ;
#402 = EDGE_CURVE ( 'NONE', #100, #1185, #1309, .T. ) ;
#403 = ADVANCED_FACE ( 'NONE', ( #1986 ), #164, .T. ) ;
#404 = ORIENTED_EDGE ( 'NONE', *, *, #911, .F. ) ;
#405 = DIRECTION ( 'NONE',  ( -1.000000000000000000, 4.956352788505160310E-16, 0.000000000000000000 ) ) ;
#406 = ORIENTED_EDGE ( 'NONE', *, *, #816, .T. ) ;
#407 = DIRECTION ( 'NONE',  ( 0.000000000000000000, 0.000000000000000000, -1.000000000000000000 ) ) ;
#408 = ORIENTED_EDGE ( 'NONE', *, *, #798, .F. ) ;
#409 = CARTESIAN_POINT ( 'NONE',  ( -50.49999999999860023, -1.000000000000000000, -0.6770509831234574616 ) ) ;
#410 = AXIS2_PLACEMENT_3D ( 'NONE', #853, #1750, #407 ) ;
#411 = DIRECTION ( 'NONE',  ( 1.000000000000000000, -5.204170427930422269E-16, -0.000000000000000000 ) ) ;
#412 = DIRECTION ( 'NONE',  ( 1.000000000000000000, 0.000000000000000000, 0.000000000000000000 ) ) ;
#413 = ORIENTED_EDGE ( 'NONE', *, *, #1250, .T. ) ;
#414 = CARTESIAN_POINT ( 'NONE',  ( -7.049108723209771554, -40.41874542459708408, -26.51017031894364706 ) ) ;
#415 = CARTESIAN_POINT ( 'NONE',  ( -10.00000000000000533, -9.000000000000005329, 22.50000000000000000 ) ) ;
#416 = ORIENTED_EDGE ( 'NONE', *, *, #2375, .T. ) ;
#417 = LINE ( 'NONE', #1790, #544 ) ;
#418 = EDGE_CURVE ( 'NONE', #332, #1356, #2680, .T. ) ;
#419 = ORIENTED_EDGE ( 'NONE', *, *, #2164, .F. ) ;
#420 = DIRECTION ( 'NONE',  ( -6.419766481290785812E-32, -1.000000000000000000, -0.000000000000000000 ) ) ;
#421 = AXIS2_PLACEMENT_3D ( 'NONE', #2266, #696, #2477 ) ;
#422 = ORIENTED_EDGE ( 'NONE', *, *, #981, .T. ) ;
#423 = ADVANCED_FACE ( 'NONE', ( #1071 ), #180, .F. ) ;
#424 = DIRECTION ( 'NONE',  ( -4.956352788505156365E-16, -1.000000000000000000, -0.000000000000000000 ) ) ;
#425 = ORIENTED_EDGE ( 'NONE', *, *, #1523, .F. ) ;
#426 = FACE_OUTER_BOUND ( 'NONE', #318, .T. ) ;
#427 = DIRECTION ( 'NONE',  ( -1.000000000000000000, -5.204170427930420297E-16, 0.000000000000000000 ) ) ;
#428 = ORIENTED_EDGE ( 'NONE', *, *, #1792, .F. ) ;
#429 = CYLINDRICAL_SURFACE ( 'NONE', #885, 4.999999999999997335 ) ;
#430 = DIRECTION ( 'NONE',  ( 1.000000000000000000, 0.000000000000000000, 0.000000000000000000 ) ) ;
#431 = FACE_OUTER_BOUND ( 'NONE', #2862, .T. ) ;
#432 = VECTOR ( 'NONE', #2512, 1000.000000000000000 ) ;
#433 = CARTESIAN_POINT ( 'NONE',  ( 7.049108723209771554, -40.41874542459708408, -26.51017031894364706 ) ) ;
#434 = ADVANCED_FACE ( 'NONE', ( #2695 ), #193, .F. ) ;
#435 = ORIENTED_EDGE ( 'NONE', *, *, #1990, .F. ) ;
#436 = EDGE_CURVE ( 'NONE', #1960, #1889, #638, .T. ) ;
#437 = CARTESIAN_POINT ( 'NONE',  ( -49.49999999999860023, -1.999999999999956257, 22.50000000000000000 ) ) ;
#438 = ORIENTED_EDGE ( 'NONE', *, *, #1363, .F. ) ;
#439 = CYLINDRICAL_SURFACE ( 'NONE', #926, 2.534920720960780027 ) ;
#440 = DIRECTION ( 'NONE',  ( 5.204170427930423255E-16, 1.000000000000000000, -0.000000000000000000 ) ) ;
#441 = DIRECTION ( 'NONE',  ( 1.283953296258157162E-31, 1.000000000000000000, -0.000000000000000000 ) ) ;
#442 = VERTEX_POINT ( 'NONE', #2439 ) ;
#443 = CARTESIAN_POINT ( 'NONE',  ( 50.50000000000137845, -9.000000000000005329, -0.6770509831262506717 ) ) ;
#444 = DIRECTION ( 'NONE',  ( -4.336808689942013792E-16, 5.568259812692069077E-47, -1.000000000000000000 ) ) ;
#445 = DIRECTION ( 'NONE',  ( -1.000000000000000000, 1.283953296258156943E-31, -0.000000000000000000 ) ) ;
#446 = LINE ( 'NONE', #915, #1992 ) ;
#447 = ORIENTED_EDGE ( 'NONE', *, *, #198, .F. ) ;
#448 = CIRCLE ( 'NONE', #1627, 1.750000000000000444 ) ;
#449 = AXIS2_PLACEMENT_3D ( 'NONE', #1536, #213, #412 ) ;
#450 = EDGE_CURVE ( 'NONE', #2320, #1377, #417, .T. ) ;
#451 = CARTESIAN_POINT ( 'NONE',  ( 12.50000000000000000, -1.999999999999988232, 22.50000000000000000 ) ) ;
#452 = VECTOR ( 'NONE', #392, 1000.000000000000000 ) ;
#453 = VERTEX_POINT ( 'NONE', #880 ) ;
#454 = DIRECTION ( 'NONE',  ( 0.000000000000000000, 0.000000000000000000, 1.000000000000000000 ) ) ;
#455 = LINE ( 'NONE', #2718, #704 ) ;
#456 = AXIS2_PLACEMENT_3D ( 'NONE', #643, #1353, #2247 ) ;
#457 = ORIENTED_EDGE ( 'NONE', *, *, #1827, .F. ) ;
#458 = CARTESIAN_POINT ( 'NONE',  ( 50.00000000000000000, -1.000000000000000000, -1.951563910473907981E-15 ) ) ;
#459 = PLANE ( 'NONE',  #591 ) ;
#460 = CARTESIAN_POINT ( 'NONE',  ( 8.000000000000000000, 1.540743955509788682E-30, 22.50000000000000000 ) ) ;
#461 = DIRECTION ( 'NONE',  ( 1.000000000000000000, -1.283953296258156943E-31, 0.000000000000000000 ) ) ;
#462 = VERTEX_POINT ( 'NONE', #2874 ) ;
#463 = VECTOR ( 'NONE', #815, 1000.000000000000000 ) ;
#464 = AXIS2_PLACEMENT_3D ( 'NONE', #489, #2070, #2054 ) ;
#465 = CARTESIAN_POINT ( 'NONE',  ( 49.50000000000137845, -2.000000000000007994, 0.6770509831234357012 ) ) ;
#466 = VERTEX_POINT ( 'NONE', #1559 ) ;
#467 = ADVANCED_FACE ( 'NONE', ( #2014 ), #429, .F. ) ;
#468 = DIRECTION ( 'NONE',  ( -1.000000000000000000, 0.000000000000000000, -0.000000000000000000 ) ) ;
#469 = PLANE ( 'NONE',  #2778 ) ;
#470 = ORIENTED_EDGE ( 'NONE', *, *, #1793, .F. ) ;
#471 = ADVANCED_FACE ( 'NONE', ( #910 ), #1132, .F. ) ;
#472 = DIRECTION ( 'NONE',  ( -1.000000000000000000, -0.000000000000000000, -0.000000000000000000 ) ) ;
#473 = ORIENTED_EDGE ( 'NONE', *, *, #2057, .F. ) ;
#474 = DIRECTION ( 'NONE',  ( 0.000000000000000000, -1.000000000000000000, -0.000000000000000000 ) ) ;
#475 = CARTESIAN_POINT ( 'NONE',  ( -49.49999999999860023, -9.000000000000005329, 0.6770509831262286893 ) ) ;
#476 = CARTESIAN_POINT ( 'NONE',  ( 8.000000000000000000, 1.540743955509788682E-30, 22.50000000000000000 ) ) ;
#477 = EDGE_LOOP ( 'NONE', ( #315, #181, #2338, #192 ) ) ;
#478 = AXIS2_PLACEMENT_3D ( 'NONE', #354, #565, #1684 ) ;
#479 = CARTESIAN_POINT ( 'NONE',  ( -17.00000000000000000, -1.999999999999998224, 1.349999999999997424 ) ) ;
#480 = EDGE_LOOP ( 'NONE', ( #757, #989, #1761, #1436, #1504 ) ) ;
#481 = CARTESIAN_POINT ( 'NONE',  ( 0.000000000000000000, -40.41874542459708408, -50.00000000000000000 ) ) ;
#482 = LINE ( 'NONE', #1390, #801 ) ;
#483 = ORIENTED_EDGE ( 'NONE', *, *, #1398, .F. ) ;
#484 = SURFACE_STYLE_USAGE ( .BOTH. , #1143 ) ;
#485 = EDGE_CURVE ( 'NONE', #1002, #99, #938, .T. ) ;
#486 = ADVANCED_FACE ( 'NONE', ( #2038 ), #1846, .T. ) ;
#487 = ORIENTED_EDGE ( 'NONE', *, *, #2090, .F. ) ;
#488 = DIRECTION ( 'NONE',  ( 1.000000000000000000, -6.419766481290785812E-32, -2.312964634635742957E-16 ) ) ;
#489 = CARTESIAN_POINT ( 'NONE',  ( 7.499999999999998224, -1.999999999999988010, -36.50000000000000000 ) ) ;
#490 = DIRECTION ( 'NONE',  ( -0.000000000000000000, -0.000000000000000000, -1.000000000000000000 ) ) ;
#491 = ORIENTED_EDGE ( 'NONE', *, *, #1452, .F. ) ;
#492 = ADVANCED_FACE ( 'NONE', ( #2481 ), #2258, .F. ) ;
#493 = DIRECTION ( 'NONE',  ( 0.000000000000000000, 0.000000000000000000, 1.000000000000000000 ) ) ;
#494 = ORIENTED_EDGE ( 'NONE', *, *, #557, .T. ) ;
#495 = VECTOR ( 'NONE', #1696, 1000.000000000000000 ) ;
#496 = DIRECTION ( 'NONE',  ( 5.204170427930423255E-16, 1.000000000000000000, -0.000000000000000000 ) ) ;
#497 = CARTESIAN_POINT ( 'NONE',  ( 49.50000000000137845, -9.000000000000005329, 1.677050983123435923 ) ) ;
#498 = AXIS2_PLACEMENT_3D ( 'NONE', #1839, #1138, #2033 ) ;
#499 = AXIS2_PLACEMENT_3D ( 'NONE', #1228, #2103, #539 ) ;
#500 = CIRCLE ( 'NONE', #1443, 1.750000000000001110 ) ;
#501 = AXIS2_PLACEMENT_3D ( 'NONE', #1104, #1999, #2903 ) ;
#502 = VERTEX_POINT ( 'NONE', #1392 ) ;
#503 = AXIS2_PLACEMENT_3D ( 'NONE', #914, #440, #1567 ) ;
#504 = CARTESIAN_POINT ( 'NONE',  ( -12.50000000000000000, -1.999999999999999112, 17.49999999999999645 ) ) ;
#505 = EDGE_CURVE ( 'NONE', #2132, #2196, #1833, .T. ) ;
#506 = FACE_OUTER_BOUND ( 'NONE', #2656, .T. ) ;
#507 = LINE ( 'NONE', #2082, #2552 ) ;
#508 = ORIENTED_EDGE ( 'NONE', *, *, #894, .F. ) ;
#509 = CARTESIAN_POINT ( 'NONE',  ( 50.50000000000137845, -2.000000000000008438, 22.50000000000000000 ) ) ;
#510 = ORIENTED_EDGE ( 'NONE', *, *, #1092, .F. ) ;
#511 = AXIS2_PLACEMENT_3D ( 'NONE', #1625, #2723, #1412 ) ;
#512 = DIRECTION ( 'NONE',  ( 1.283953296258157162E-31, 1.000000000000000000, -0.000000000000000000 ) ) ;
#513 = CARTESIAN_POINT ( 'NONE',  ( -20.00000000000000000, -4.336808689942017736E-16, -12.50000000000000355 ) ) ;
#514 = AXIS2_PLACEMENT_3D ( 'NONE', #802, #1041, #1515 ) ;
#515 = VERTEX_POINT ( 'NONE', #11 ) ;
#516 = CARTESIAN_POINT ( 'NONE',  ( -15.00000000000000000, -4.999999999999999112, 24.99999999999999645 ) ) ;
#517 = CARTESIAN_POINT ( 'NONE',  ( -10.00000000000000533, -9.000000000000005329, 22.50000000000000000 ) ) ;
#518 = CARTESIAN_POINT ( 'NONE',  ( 49.50000000000137845, -2.000000000000007550, 22.50000000000000000 ) ) ;
#519 = CARTESIAN_POINT ( 'NONE',  ( 20.00000000000000000, -1.999999999999992228, 12.50000000000000355 ) ) ;
#520 = PRODUCT ( 'Attachment', 'Attachment', '', ( #165 ) ) ;
#521 = ORIENTED_EDGE ( 'NONE', *, *, #1942, .T. ) ;
#522 = EDGE_CURVE ( 'NONE', #1457, #2151, #737, .T. ) ;
#523 = EDGE_CURVE ( 'NONE', #316, #1111, #2148, .T. ) ;
#524 = ORIENTED_EDGE ( 'NONE', *, *, #330, .F. ) ;
#525 = VERTEX_POINT ( 'NONE', #2535 ) ;
#526 = VECTOR ( 'NONE', #2232, 1000.000000000000000 ) ;
#527 = CARTESIAN_POINT ( 'NONE',  ( 9.629649721936179265E-32, -1.999999999999999112, 0.000000000000000000 ) ) ;
#528 = FACE_BOUND ( 'NONE', #88, .T. ) ;
#529 = ORIENTED_EDGE ( 'NONE', *, *, #86, .F. ) ;
#530 = DIRECTION ( 'NONE',  ( 1.283953296258157162E-31, 1.000000000000000000, -0.000000000000000000 ) ) ;
#531 = DIRECTION ( 'NONE',  ( -0.000000000000000000, 0.000000000000000000, -1.000000000000000000 ) ) ;
#532 = CARTESIAN_POINT ( 'NONE',  ( -10.00000000000000000, -1.999999999999999112, 17.49999999999999645 ) ) ;
#533 = DIRECTION ( 'NONE',  ( 1.283953296258157162E-31, 1.000000000000000000, -0.000000000000000000 ) ) ;
#534 = ORIENTED_EDGE ( 'NONE', *, *, #1296, .T. ) ;
#535 = ORIENTED_EDGE ( 'NONE', *, *, #1074, .F. ) ;
#536 = ORIENTED_EDGE ( 'NONE', *, *, #2594, .T. ) ;
#537 = ORIENTED_EDGE ( 'NONE', *, *, #2308, .T. ) ;
#538 = DIRECTION ( 'NONE',  ( -1.000000000000000000, 5.204170427930423255E-16, 0.000000000000000000 ) ) ;
#539 = DIRECTION ( 'NONE',  ( 1.000000000000000000, 0.000000000000000000, -0.000000000000000000 ) ) ;
#540 = EDGE_CURVE ( 'NONE', #1866, #2243, #1816, .T. ) ;
#541 = VERTEX_POINT ( 'NONE', #698 ) ;
#542 = VECTOR ( 'NONE', #530, 1000.000000000000000 ) ;
#543 = LINE ( 'NONE', #2343, #67 ) ;
#544 = VECTOR ( 'NONE', #1116, 1000.000000000000000 ) ;
#545 = EDGE_CURVE ( 'NONE', #1037, #2174, #2091, .T. ) ;
#546 = VECTOR ( 'NONE', #1097, 1000.000000000000000 ) ;
#547 = FACE_OUTER_BOUND ( 'NONE', #1173, .T. ) ;
#548 = CARTESIAN_POINT ( 'NONE',  ( -17.00000000000000000, -40.41874542459708408, -27.50000000000000000 ) ) ;
#549 = VERTEX_POINT ( 'NONE', #712 ) ;
#550 = ADVANCED_FACE ( 'NONE', ( #2050 ), #65, .T. ) ;
#551 = ORIENTED_EDGE ( 'NONE', *, *, #2855, .F. ) ;
#552 = CARTESIAN_POINT ( 'NONE',  ( 8.000000000000000000, -6.999999999999999112, 22.50000000000000000 ) ) ;
#553 = EDGE_LOOP ( 'NONE', ( #1811, #870 ) ) ;
#554 = VERTEX_POINT ( 'NONE', #1202 ) ;
#555 = LINE ( 'NONE', #1212, #1146 ) ;
#556 = DIRECTION ( 'NONE',  ( -1.000000000000000000, 5.204170427930423255E-16, 0.000000000000000000 ) ) ;
#557 = EDGE_CURVE ( 'NONE', #2813, #633, #54, .T. ) ;
#558 = ORIENTED_EDGE ( 'NONE', *, *, #402, .T. ) ;
#559 = MANIFOLD_SOLID_BREP ( 'Chamfer1', #1163 ) ;
#560 = DIRECTION ( 'NONE',  ( 1.283953296258157162E-31, 1.000000000000000000, 0.000000000000000000 ) ) ;
#561 = AXIS2_PLACEMENT_3D ( 'NONE', #335, #278, #2804 ) ;
#562 = EDGE_CURVE ( 'NONE', #1569, #362, #784, .T. ) ;
#563 = ADVANCED_FACE ( 'NONE', ( #574 ), #1218, .T. ) ;
#564 = DIRECTION ( 'NONE',  ( 1.000000000000000000, -4.956352788505157351E-16, 0.000000000000000000 ) ) ;
#565 = DIRECTION ( 'NONE',  ( 3.614007241618360850E-17, -1.000000000000000000, 0.000000000000000000 ) ) ;
#566 = ORIENTED_EDGE ( 'NONE', *, *, #1857, .F. ) ;
#567 = LINE ( 'NONE', #1471, #1122 ) ;
#568 = ORIENTED_EDGE ( 'NONE', *, *, #1288, .T. ) ;
#569 = ORIENTED_EDGE ( 'NONE', *, *, #1721, .T. ) ;
#570 = CARTESIAN_POINT ( 'NONE',  ( -20.00000000000000000, -2.000000000000000444, 22.50000000000000000 ) ) ;
#571 = CARTESIAN_POINT ( 'NONE',  ( 0.6770509831248430199, -1.000000000000000000, -49.50000000000000000 ) ) ;
#572 = VECTOR ( 'NONE', #1892, 1000.000000000000000 ) ;
#573 = VERTEX_POINT ( 'NONE', #1903 ) ;
#574 = FACE_OUTER_BOUND ( 'NONE', #75, .T. ) ;
#575 = AXIS2_PLACEMENT_3D ( 'NONE', #2646, #2455, #430 ) ;
#576 = DIRECTION ( 'NONE',  ( 0.000000000000000000, 0.000000000000000000, -1.000000000000000000 ) ) ;
#577 = CARTESIAN_POINT ( 'NONE',  ( 17.00000000000000000, -1.999999999999990452, -22.50000000000000000 ) ) ;
#578 = EDGE_CURVE ( 'NONE', #598, #59, #2564, .T. ) ;
#579 = EDGE_CURVE ( 'NONE', #2037, #2243, #448, .T. ) ;
#580 = EDGE_LOOP ( 'NONE', ( #2501, #2873, #1152, #104 ) ) ;
#581 = CARTESIAN_POINT ( 'NONE',  ( 12.99999999999999645, -1.999999999999988232, -11.54999999999999893 ) ) ;
#582 = ORIENTED_EDGE ( 'NONE', *, *, #987, .T. ) ;
#583 = VERTEX_POINT ( 'NONE', #1007 ) ;
#584 = LINE ( 'NONE', #823, #112 ) ;
#585 = CARTESIAN_POINT ( 'NONE',  ( -50.49999999999860023, -1.000000000000000000, -0.6770509831234574616 ) ) ;
#586 = DIRECTION ( 'NONE',  ( 1.734723475976813997E-15, 1.000000000000000000, 0.000000000000000000 ) ) ;
#587 = VERTEX_POINT ( 'NONE', #1682 ) ;
#588 = FACE_OUTER_BOUND ( 'NONE', #1704, .T. ) ;
#589 = DIRECTION ( 'NONE',  ( 0.000000000000000000, 0.000000000000000000, -1.000000000000000000 ) ) ;
#590 = DIRECTION ( 'NONE',  ( 1.000000000000000000, 3.614007241618360234E-17, 0.000000000000000000 ) ) ;
#591 = AXIS2_PLACEMENT_3D ( 'NONE', #1367, #2246, #238 ) ;
#592 = CYLINDRICAL_SURFACE ( 'NONE', #150, 5.000000000000000888 ) ;
#593 = AXIS2_PLACEMENT_3D ( 'NONE', #274, #1810, #958 ) ;
#594 = ORIENTED_EDGE ( 'NONE', *, *, #639, .F. ) ;
#595 = EDGE_CURVE ( 'NONE', #1899, #1737, #1817, .T. ) ;
#596 = CARTESIAN_POINT ( 'NONE',  ( 1.677050983124843242, -1.000000000000000000, -50.50000000000000000 ) ) ;
#597 = AXIS2_PLACEMENT_3D ( 'NONE', #721, #793, #319 ) ;
#598 = VERTEX_POINT ( 'NONE', #145 ) ;
#599 = ORIENTED_EDGE ( 'NONE', *, *, #1144, .T. ) ;
#600 = CARTESIAN_POINT ( 'NONE',  ( 10.00000000000000000, -1.999999999999999112, 17.49999999999999645 ) ) ;
#601 = DIRECTION ( 'NONE',  ( -0.000000000000000000, -1.000000000000000000, -0.000000000000000000 ) ) ;
#602 = CARTESIAN_POINT ( 'NONE',  ( -7.500000000000000000, -1.999999999999980904, -36.50000000000000000 ) ) ;
#603 = CARTESIAN_POINT ( 'NONE',  ( 50.41931260600694742, -34.91688117545773196, -2.500000000000000444 ) ) ;
#604 = ORIENTED_EDGE ( 'NONE', *, *, #2677, .F. ) ;
#605 = FACE_OUTER_BOUND ( 'NONE', #855, .T. ) ;
#606 = LINE ( 'NONE', #2675, #2686 ) ;
#607 = VERTEX_POINT ( 'NONE', #95 ) ;
#608 = VECTOR ( 'NONE', #1888, 1000.000000000000000 ) ;
#609 = CARTESIAN_POINT ( 'NONE',  ( -49.49999999999860023, -9.000000000000005329, 1.677050983126228800 ) ) ;
#610 = DIRECTION ( 'NONE',  ( -1.000000000000000000, 0.000000000000000000, 0.000000000000000000 ) ) ;
#611 = DIRECTION ( 'NONE',  ( 1.000000000000000000, 5.204170427930423255E-16, 0.000000000000000000 ) ) ;
#612 = ORIENTED_EDGE ( 'NONE', *, *, #1754, .T. ) ;
#613 = ORIENTED_EDGE ( 'NONE', *, *, #2678, .T. ) ;
#614 = CARTESIAN_POINT ( 'NONE',  ( -49.49999999999860023, -1.999999999999956257, 0.6770509831262316869 ) ) ;
#615 = DIRECTION ( 'NONE',  ( -1.000000000000000000, 1.734723475976814391E-15, 0.000000000000000000 ) ) ;
#616 = DIRECTION ( 'NONE',  ( -1.000000000000000000, 4.130293990420967418E-16, 0.000000000000000000 ) ) ;
#617 = EDGE_CURVE ( 'NONE', #2913, #2610, #543, .T. ) ;
#618 = ADVANCED_FACE ( 'NONE', ( #128 ), #2371, .F. ) ;
#619 = CARTESIAN_POINT ( 'NONE',  ( 8.000000000000000000, -40.41874542459708408, -26.50000000000000000 ) ) ;
#620 = VERTEX_POINT ( 'NONE', #1246 ) ;
#621 = DIRECTION ( 'NONE',  ( 0.000000000000000000, 0.000000000000000000, -1.000000000000000000 ) ) ;
#622 = CARTESIAN_POINT ( 'NONE',  ( 50.50000000000137845, -1.000000000000000000, -1.677050983126250561 ) ) ;
#623 = ORIENTED_EDGE ( 'NONE', *, *, #1472, .F. ) ;
#624 = DIRECTION ( 'NONE',  ( 1.000000000000000000, 0.000000000000000000, -3.252606517456510344E-16 ) ) ;
#625 = VECTOR ( 'NONE', #123, 1000.000000000000000 ) ;
#626 = DIRECTION ( 'NONE',  ( 1.000000000000000000, 0.000000000000000000, -0.000000000000000000 ) ) ;
#627 = ORIENTED_EDGE ( 'NONE', *, *, #1523, .T. ) ;
#628 = CYLINDRICAL_SURFACE ( 'NONE', #1075, 1.750000000000000444 ) ;
#629 = ORIENTED_EDGE ( 'NONE', *, *, #382, .T. ) ;
#630 = PLANE ( 'NONE',  #1773 ) ;
#631 = CARTESIAN_POINT ( 'NONE',  ( 20.00000000000000000, -1.999999999999992228, 22.50000000000000000 ) ) ;
#632 = CYLINDRICAL_SURFACE ( 'NONE', #449, 1.750000000000001554 ) ;
#633 = VERTEX_POINT ( 'NONE', #1052 ) ;
#634 = EDGE_CURVE ( 'NONE', #2828, #736, #2593, .T. ) ;
#635 = DIRECTION ( 'NONE',  ( -1.000000000000000000, 0.000000000000000000, 0.000000000000000000 ) ) ;
#636 = DIRECTION ( 'NONE',  ( -1.000000000000000000, 0.000000000000000000, 0.000000000000000000 ) ) ;
#637 = ORIENTED_EDGE ( 'NONE', *, *, #1182, .T. ) ;
#638 = LINE ( 'NONE', #1544, #2859 ) ;
#639 = EDGE_CURVE ( 'NONE', #937, #1531, #2136, .T. ) ;
#640 = VERTEX_POINT ( 'NONE', #2823 ) ;
#641 = AXIS2_PLACEMENT_3D ( 'NONE', #2863, #172, #1299 ) ;
#642 = VECTOR ( 'NONE', #1724, 1000.000000000000000 ) ;
#643 = CARTESIAN_POINT ( 'NONE',  ( -12.50000000000000178, -1.999999999999997780, 17.49999999999999645 ) ) ;
#644 = VECTOR ( 'NONE', #2150, 1000.000000000000000 ) ;
#645 = EDGE_CURVE ( 'NONE', #934, #2221, #309, .T. ) ;
#646 = ORIENTED_EDGE ( 'NONE', *, *, #307, .F. ) ;
#647 = AXIS2_PLACEMENT_3D ( 'NONE', #2931, #1129, #2476 ) ;
#648 = CARTESIAN_POINT ( 'NONE',  ( 50.50000000000137845, -1.000000000000000000, -0.6770509831262506717 ) ) ;
#649 = LINE ( 'NONE', #2448, #1214 ) ;
#650 = VERTEX_POINT ( 'NONE', #1479 ) ;
#651 = DIRECTION ( 'NONE',  ( -1.000000000000000000, 0.000000000000000000, 0.000000000000000000 ) ) ;
#652 = CARTESIAN_POINT ( 'NONE',  ( 50.50000000000137845, -9.000000000000005329, -1.677050983126250561 ) ) ;
#653 = EDGE_CURVE ( 'NONE', #300, #1002, #995, .T. ) ;
#654 = VERTEX_POINT ( 'NONE', #1258 ) ;
#655 = CARTESIAN_POINT ( 'NONE',  ( 7.274554361604884889, 2.894616705444298647E-32, -31.50508515947181820 ) ) ;
#656 = DIRECTION ( 'NONE',  ( -1.000000000000000000, 0.000000000000000000, 0.000000000000000000 ) ) ;
#657 = EDGE_CURVE ( 'NONE', #2902, #1531, #2791, .T. ) ;
#658 = EDGE_CURVE ( 'NONE', #2487, #515, #368, .T. ) ;
#659 = AXIS2_PLACEMENT_3D ( 'NONE', #1290, #2435, #1729 ) ;
#660 = DIRECTION ( 'NONE',  ( -1.283953296258157162E-31, 1.000000000000000000, 0.000000000000000000 ) ) ;
#661 = LINE ( 'NONE', #460, #1312 ) ;
#662 = AXIS2_PLACEMENT_3D ( 'NONE', #2734, #923, #531 ) ;
#663 = VERTEX_POINT ( 'NONE', #1938 ) ;
#664 = LINE ( 'NONE', #603, #1585 ) ;
#665 = VERTEX_POINT ( 'NONE', #814 ) ;
#666 = CARTESIAN_POINT ( 'NONE',  ( 10.00000000000000178, -1.999999999999987121, 22.50000000000000000 ) ) ;
#667 = FACE_OUTER_BOUND ( 'NONE', #909, .T. ) ;
#668 = DIRECTION ( 'NONE',  ( -1.283953296258157162E-31, 1.000000000000000000, 0.000000000000000000 ) ) ;
#669 = ORIENTED_EDGE ( 'NONE', *, *, #523, .F. ) ;
#670 = DIRECTION ( 'NONE',  ( 0.000000000000000000, -1.000000000000000000, 0.000000000000000000 ) ) ;
#671 = VECTOR ( 'NONE', #2154, 1000.000000000000000 ) ;
#672 = EDGE_CURVE ( 'NONE', #2890, #2728, #2551, .T. ) ;
#673 = EDGE_CURVE ( 'NONE', #328, #1563, #1666, .T. ) ;
#674 = DIRECTION ( 'NONE',  ( -5.204170427930423255E-16, -1.000000000000000000, 0.000000000000000000 ) ) ;
#675 = DIRECTION ( 'NONE',  ( 1.000000000000000000, 0.000000000000000000, 0.000000000000000000 ) ) ;
#676 = AXIS2_PLACEMENT_3D ( 'NONE', #2921, #444, #2905 ) ;
#677 = VERTEX_POINT ( 'NONE', #1230 ) ;
#678 = LINE ( 'NONE', #2084, #2616 ) ;
#679 = ORIENTED_EDGE ( 'NONE', *, *, #2855, .T. ) ;
#680 = CARTESIAN_POINT ( 'NONE',  ( 49.50000000000137845, -2.000000000000007550, 22.50000000000000000 ) ) ;
#681 = DIRECTION ( 'NONE',  ( -1.000000000000000000, -1.283953296258157162E-31, 0.000000000000000000 ) ) ;
#682 = CARTESIAN_POINT ( 'NONE',  ( 50.00000000000000000, 0.000000000000000000, -1.951563910473907981E-15 ) ) ;
#683 = EDGE_LOOP ( 'NONE', ( #2869, #694, #363, #2850, #2550, #2601, #2078, #127 ) ) ;
#684 = CARTESIAN_POINT ( 'NONE',  ( -17.00000000000000000, 0.000000000000000000, -27.50000000000000000 ) ) ;
#685 = FACE_OUTER_BOUND ( 'NONE', #921, .T. ) ;
#686 = PLANE ( 'NONE',  #2676 ) ;
#687 = DIRECTION ( 'NONE',  ( 0.000000000000000000, -1.000000000000000000, 0.000000000000000000 ) ) ;
#688 = ADVANCED_FACE ( 'NONE', ( #588 ), #1494, .T. ) ;
#689 = AXIS2_PLACEMENT_3D ( 'NONE', #846, #1728, #1759 ) ;
#690 = EDGE_LOOP ( 'NONE', ( #1651, #1364, #1883, #1287, #1902, #1107, #2127 ) ) ;
#691 = VECTOR ( 'NONE', #2300, 1000.000000000000000 ) ;
#692 = DIRECTION ( 'NONE',  ( 3.614007241618360850E-17, -1.000000000000000000, 0.000000000000000000 ) ) ;
#693 = AXIS2_PLACEMENT_3D ( 'NONE', #1958, #2844, #2614 ) ;
#694 = ORIENTED_EDGE ( 'NONE', *, *, #2526, .T. ) ;
#695 = CARTESIAN_POINT ( 'NONE',  ( 0.000000000000000000, 0.000000000000000000, -22.50000000000000000 ) ) ;
#696 = DIRECTION ( 'NONE',  ( 5.204170427930423255E-16, 1.000000000000000000, -0.000000000000000000 ) ) ;
#697 = ORIENTED_EDGE ( 'NONE', *, *, #1918, .F. ) ;
#698 = CARTESIAN_POINT ( 'NONE',  ( 2.500000000000000000, 0.000000000000000000, -50.00000000000000000 ) ) ;
#699 = ORIENTED_EDGE ( 'NONE', *, *, #2057, .T. ) ;
#700 = FACE_OUTER_BOUND ( 'NONE', #2034, .T. ) ;
#701 = DIRECTION ( 'NONE',  ( -1.000000000000000000, 4.130293990420967418E-16, 0.000000000000000000 ) ) ;
#702 = CARTESIAN_POINT ( 'NONE',  ( -20.00000000000000000, -2.000000000000000444, 22.50000000000000000 ) ) ;
#703 = ORIENTED_EDGE ( 'NONE', *, *, #162, .T. ) ;
#704 = VECTOR ( 'NONE', #2705, 1000.000000000000000 ) ;
#705 = LINE ( 'NONE', #1404, #68 ) ;
#706 = ORIENTED_EDGE ( 'NONE', *, *, #2711, .F. ) ;
#707 = ADVANCED_FACE ( 'NONE', ( #605 ), #439, .T. ) ;
#708 = DIRECTION ( 'NONE',  ( -1.000000000000000000, 4.956352788505160310E-16, 0.000000000000000000 ) ) ;
#709 = CARTESIAN_POINT ( 'NONE',  ( -30.00000000000000000, -2.000000000000005773, -12.50000000000000355 ) ) ;
#710 = ADVANCED_FACE ( 'NONE', ( #1112 ), #177, .F. ) ;
#711 = EDGE_LOOP ( 'NONE', ( #2173, #2663, #1303, #2313, #1060, #32, #470, #1478 ) ) ;
#712 = CARTESIAN_POINT ( 'NONE',  ( -8.000000000000003553, -6.999999999999999112, 22.50000000000000000 ) ) ;
#713 = ADVANCED_FACE ( 'NONE', ( #426 ), #2871, .F. ) ;
#714 = FACE_OUTER_BOUND ( 'NONE', #760, .T. ) ;
#715 = CARTESIAN_POINT ( 'NONE',  ( 10.00000000000000178, -4.999999999999999112, 14.99999999999999645 ) ) ;
#716 = FACE_BOUND ( 'NONE', #553, .T. ) ;
#717 = CIRCLE ( 'NONE', #2700, 5.000000000000000888 ) ;
#718 = ORIENTED_EDGE ( 'NONE', *, *, #1327, .T. ) ;
#719 = CARTESIAN_POINT ( 'NONE',  ( 10.00000000000000178, -1.999999999999999112, 27.50000000000000000 ) ) ;
#720 = ORIENTED_EDGE ( 'NONE', *, *, #634, .T. ) ;
#721 = CARTESIAN_POINT ( 'NONE',  ( -17.00000000000000000, -1.999999999999974021, -27.50000000000000000 ) ) ;
#722 = DIRECTION ( 'NONE',  ( -1.000000000000000000, 5.204170427930423255E-16, 0.000000000000000000 ) ) ;
#723 = EDGE_CURVE ( 'NONE', #2251, #1211, #190, .T. ) ;
#724 = ORIENTED_EDGE ( 'NONE', *, *, #2881, .T. ) ;
#725 = PRESENTATION_STYLE_ASSIGNMENT (( #484 ) ) ;
#726 = CARTESIAN_POINT ( 'NONE',  ( -8.000000000000003553, -6.999999999999999112, 22.50000000000000000 ) ) ;
#727 = DIRECTION ( 'NONE',  ( 0.000000000000000000, 0.000000000000000000, 1.000000000000000000 ) ) ;
#728 = PLANE ( 'NONE',  #1193 ) ;
#729 = EDGE_LOOP ( 'NONE', ( #1764, #299, #1935, #394, #2665 ) ) ;
#730 = LINE ( 'NONE', #1419, #1119 ) ;
#731 = ORIENTED_EDGE ( 'NONE', *, *, #2526, .F. ) ;
#732 = LINE ( 'NONE', #277, #267 ) ;
#733 = FACE_OUTER_BOUND ( 'NONE', #2875, .T. ) ;
#734 = VECTOR ( 'NONE', #175, 1000.000000000000000 ) ;
#735 = VECTOR ( 'NONE', #1317, 1000.000000000000000 ) ;
#736 = VERTEX_POINT ( 'NONE', #1320 ) ;
#737 = LINE ( 'NONE', #2066, #1676 ) ;
#738 = VECTOR ( 'NONE', #947, 1000.000000000000000 ) ;
#739 = ORIENTED_EDGE ( 'NONE', *, *, #2799, .F. ) ;
#740 = CARTESIAN_POINT ( 'NONE',  ( -50.00000000000000000, -6.419766481290786644E-30, -1.951563910473907981E-15 ) ) ;
#741 = CARTESIAN_POINT ( 'NONE',  ( 17.00000000000000000, -1.999999999999990452, -27.50000000000000000 ) ) ;
#742 = DIRECTION ( 'NONE',  ( -0.000000000000000000, -0.000000000000000000, -1.000000000000000000 ) ) ;
#743 = ADVANCED_FACE ( 'NONE', ( #2915 ), #1511, .T. ) ;
#744 = EDGE_CURVE ( 'NONE', #1002, #788, #2450, .T. ) ;
#745 = ORIENTED_EDGE ( 'NONE', *, *, #1484, .F. ) ;
#746 = ORIENTED_EDGE ( 'NONE', *, *, #107, .F. ) ;
#747 = ORIENTED_EDGE ( 'NONE', *, *, #1641, .F. ) ;
#748 = VECTOR ( 'NONE', #2009, 1000.000000000000000 ) ;
#749 = DIRECTION ( 'NONE',  ( 0.000000000000000000, -1.000000000000000000, 0.000000000000000000 ) ) ;
#750 = CARTESIAN_POINT ( 'NONE',  ( 1.677050983124843242, -1.000000000000000000, -49.50000000000000000 ) ) ;
#751 = VECTOR ( 'NONE', #1712, 1000.000000000000000 ) ;
#752 = EDGE_LOOP ( 'NONE', ( #2112, #2096 ) ) ;
#753 = DIRECTION ( 'NONE',  ( -1.000000000000000000, 0.000000000000000000, -0.000000000000000000 ) ) ;
#754 = CARTESIAN_POINT ( 'NONE',  ( 12.50000000000000000, -1.999999999999999112, 17.49999999999999645 ) ) ;
#755 = CARTESIAN_POINT ( 'NONE',  ( 15.00000000000000000, -4.999999999999999112, 24.99999999999999645 ) ) ;
#756 = LINE ( 'NONE', #98, #671 ) ;
#757 = ORIENTED_EDGE ( 'NONE', *, *, #1415, .T. ) ;
#758 = EDGE_LOOP ( 'NONE', ( #1225, #1685, #1647, #972 ) ) ;
#759 = ADVANCED_FACE ( 'NONE', ( #2886 ), #2180, .F. ) ;
#760 = EDGE_LOOP ( 'NONE', ( #874, #2534, #2158, #2772 ) ) ;
#761 = EDGE_LOOP ( 'NONE', ( #422, #138, #1409, #2001 ) ) ;
#762 = AXIS2_PLACEMENT_3D ( 'NONE', #1649, #2118, #2355 ) ;
#763 = FACE_OUTER_BOUND ( 'NONE', #1236, .T. ) ;
#764 = CARTESIAN_POINT ( 'NONE',  ( -1.750000000000000444, 1.200000000000000030E-05, -50.00000000000000000 ) ) ;
#765 = EDGE_CURVE ( 'NONE', #1000, #1639, #1527, .T. ) ;
#766 = ORIENTED_EDGE ( 'NONE', *, *, #2696, .T. ) ;
#767 = CARTESIAN_POINT ( 'NONE',  ( 20.00000000000000000, -1.999999999999992228, -22.50000000000000000 ) ) ;
#768 = EDGE_CURVE ( 'NONE', #2196, #2913, #2419, .T. ) ;
#769 = FACE_OUTER_BOUND ( 'NONE', #176, .T. ) ;
#770 = DIRECTION ( 'NONE',  ( -0.000000000000000000, -1.000000000000000000, -0.000000000000000000 ) ) ;
#771 = ORIENTED_EDGE ( 'NONE', *, *, #1936, .T. ) ;
#772 = ORIENTED_EDGE ( 'NONE', *, *, #1954, .T. ) ;
#773 = DIRECTION ( 'NONE',  ( 1.000000000000000000, 5.204170427930422269E-16, -0.000000000000000000 ) ) ;
#774 = ADVANCED_FACE ( 'NONE', ( #160 ), #1996, .F. ) ;
#775 = ORIENTED_EDGE ( 'NONE', *, *, #217, .F. ) ;
#776 = ORIENTED_EDGE ( 'NONE', *, *, #1182, .F. ) ;
#777 = DIRECTION ( 'NONE',  ( 0.000000000000000000, 0.000000000000000000, -1.000000000000000000 ) ) ;
#778 = DIRECTION ( 'NONE',  ( -1.283953296258157381E-31, -1.000000000000000000, 0.000000000000000000 ) ) ;
#779 = EDGE_CURVE ( 'NONE', #59, #949, #1771, .T. ) ;
#780 = EDGE_CURVE ( 'NONE', #1912, #2625, #2626, .T. ) ;
#781 = ORIENTED_EDGE ( 'NONE', *, *, #768, .T. ) ;
#782 = VECTOR ( 'NONE', #1710, 1000.000000000000000 ) ;
#783 = DIRECTION ( 'NONE',  ( -5.204170427930423255E-16, -1.000000000000000000, 0.000000000000000000 ) ) ;
#784 = CIRCLE ( 'NONE', #2288, 1.750000000000001554 ) ;
#785 = VECTOR ( 'NONE', #1340, 1000.000000000000000 ) ;
#786 = CARTESIAN_POINT ( 'NONE',  ( 10.00000000000000178, -4.999999999999999112, 27.50000000000000000 ) ) ;
#787 = DIRECTION ( 'NONE',  ( 1.283953296258157162E-31, 1.000000000000000000, -0.000000000000000000 ) ) ;
#788 = VERTEX_POINT ( 'NONE', #2674 ) ;
#789 = ORIENTED_EDGE ( 'NONE', *, *, #523, .T. ) ;
#790 = CARTESIAN_POINT ( 'NONE',  ( -10.00000000000000178, -1.999999999999995337, -22.50000000000000000 ) ) ;
#791 = ORIENTED_EDGE ( 'NONE', *, *, #2514, .T. ) ;
#792 = ORIENTED_EDGE ( 'NONE', *, *, #505, .T. ) ;
#793 = DIRECTION ( 'NONE',  ( 5.204170427930423255E-16, 1.000000000000000000, -0.000000000000000000 ) ) ;
#794 = CARTESIAN_POINT ( 'NONE',  ( 51.75000000000000711, 1.200000000000000030E-05, -1.951563910473907981E-15 ) ) ;
#795 = CIRCLE ( 'NONE', #2446, 1.750000000000001554 ) ;
#796 = ORIENTED_EDGE ( 'NONE', *, *, #835, .T. ) ;
#797 = APPLICATION_CONTEXT ( 'automotive_design' ) ;
#798 = EDGE_CURVE ( 'NONE', #554, #1985, #1161, .T. ) ;
#799 = EDGE_CURVE ( 'NONE', #2366, #1569, #1540, .T. ) ;
#800 = CARTESIAN_POINT ( 'NONE',  ( 19.99999999999998934, -1.999999999999992228, 0.6770509831261970479 ) ) ;
#801 = VECTOR ( 'NONE', #2281, 1000.000000000000000 ) ;
#802 = CARTESIAN_POINT ( 'NONE',  ( 0.6770509831248432420, -9.000000000000005329, -50.50000000000000000 ) ) ;
#803 = CARTESIAN_POINT ( 'NONE',  ( -50.49999999999860023, -1.000000000000000000, 1.677050983126229022 ) ) ;
#804 = EDGE_CURVE ( 'NONE', #788, #640, #1538, .T. ) ;
#805 = ORIENTED_EDGE ( 'NONE', *, *, #1386, .T. ) ;
#806 = LINE ( 'NONE', #1671, #2382 ) ;
#807 = ORIENTED_EDGE ( 'NONE', *, *, #183, .F. ) ;
#808 = ORIENTED_EDGE ( 'NONE', *, *, #162, .F. ) ;
#809 = CARTESIAN_POINT ( 'NONE',  ( -20.00000000000000000, -4.336808689942017736E-16, 22.50000000000000000 ) ) ;
#810 = CARTESIAN_POINT ( 'NONE',  ( -12.02455436160488667, -40.41874542459708408, -27.00508515947182175 ) ) ;
#811 = DIRECTION ( 'NONE',  ( -1.283953296258157162E-31, -1.000000000000000000, 0.000000000000000000 ) ) ;
#812 = VECTOR ( 'NONE', #675, 1000.000000000000000 ) ;
#813 = VERTEX_POINT ( 'NONE', #2464 ) ;
#814 = CARTESIAN_POINT ( 'NONE',  ( -10.00000000000000355, -2.000000000000002665, -22.50000000000000000 ) ) ;
#815 = DIRECTION ( 'NONE',  ( 1.000000000000000000, 5.204170427930422269E-16, -0.000000000000000000 ) ) ;
#816 = EDGE_CURVE ( 'NONE', #573, #362, #1345, .T. ) ;
#817 = CARTESIAN_POINT ( 'NONE',  ( 10.00000000000000178, -1.999999999999999112, 27.50000000000000000 ) ) ;
#818 = CARTESIAN_POINT ( 'NONE',  ( -12.49999999999999822, -1.999999999999999112, 22.50000000000000000 ) ) ;
#819 = EDGE_LOOP ( 'NONE', ( #994, #1557, #599, #978 ) ) ;
#820 = CARTESIAN_POINT ( 'NONE',  ( -49.49999999999860023, -1.999999999999956257, 22.50000000000000000 ) ) ;
#821 = VERTEX_POINT ( 'NONE', #1128 ) ;
#822 = ORIENTED_EDGE ( 'NONE', *, *, #1109, .T. ) ;
#823 = CARTESIAN_POINT ( 'NONE',  ( 1.040834085586079326E-15, -1.999999999999990008, -22.50000000000000000 ) ) ;
#824 = CARTESIAN_POINT ( 'NONE',  ( 50.50000000000137845, -1.000000000000000000, 0.6770509831234358122 ) ) ;
#825 = CARTESIAN_POINT ( 'NONE',  ( -0.6770509831248432420, -1.000000000000000000, -50.50000000000000000 ) ) ;
#826 = ORIENTED_EDGE ( 'NONE', *, *, #2527, .F. ) ;
#827 = CARTESIAN_POINT ( 'NONE',  ( 12.99999999999999645, 1.200000000000000030E-05, -12.59999999999999964 ) ) ;
#828 = FACE_OUTER_BOUND ( 'NONE', #2720, .T. ) ;
#829 = CARTESIAN_POINT ( 'NONE',  ( 8.000000000000000000, -1.999999999999994893, -26.50000000000000000 ) ) ;
#830 = VECTOR ( 'NONE', #1890, 1000.000000000000000 ) ;
#831 = CARTESIAN_POINT ( 'NONE',  ( -48.25000000000000000, 1.200000000000000030E-05, -1.951563910473907981E-15 ) ) ;
#832 = CIRCLE ( 'NONE', #498, 1.050000000000002265 ) ;
#833 = VECTOR ( 'NONE', #2883, 1000.000000000000000 ) ;
#834 = EDGE_LOOP ( 'NONE', ( #1991, #1988, #2489, #1529 ) ) ;
#835 = EDGE_CURVE ( 'NONE', #2519, #598, #2703, .T. ) ;
#836 = EDGE_CURVE ( 'NONE', #2592, #2933, #1799, .T. ) ;
#837 = CARTESIAN_POINT ( 'NONE',  ( -10.00000000000000000, -4.999999999999999112, 17.49999999999999645 ) ) ;
#838 = AXIS2_PLACEMENT_3D ( 'NONE', #2239, #1170, #2297 ) ;
#839 = ORIENTED_EDGE ( 'NONE', *, *, #997, .T. ) ;
#840 = VERTEX_POINT ( 'NONE', #1720 ) ;
#841 = DIRECTION ( 'NONE',  ( -1.734723475976806848E-16, 0.000000000000000000, 1.000000000000000000 ) ) ;
#842 = DIRECTION ( 'NONE',  ( 0.000000000000000000, 0.000000000000000000, -1.000000000000000000 ) ) ;
#843 = CARTESIAN_POINT ( 'NONE',  ( 12.99999999999999645, -1.999999999999988232, -12.59999999999999964 ) ) ;
#844 = CARTESIAN_POINT ( 'NONE',  ( -1.750000000000001332, -1.999999999999980904, -50.00000000000000000 ) ) ;
#845 = EDGE_LOOP ( 'NONE', ( #2570, #1330, #2758, #637 ) ) ;
#846 = CARTESIAN_POINT ( 'NONE',  ( 29.99999999999994316, -34.91688117545773906, -12.50000000000000000 ) ) ;
#847 = CARTESIAN_POINT ( 'NONE',  ( 20.00000000000000355, -34.91688117545773196, -2.500000000000000444 ) ) ;
#848 = VERTEX_POINT ( 'NONE', #2029 ) ;
#849 = VECTOR ( 'NONE', #668, 1000.000000000000000 ) ;
#850 = LINE ( 'NONE', #2454, #1165 ) ;
#851 = CARTESIAN_POINT ( 'NONE',  ( 0.6770509831248432420, -1.000000000000000000, -50.50000000000000000 ) ) ;
#852 = EDGE_LOOP ( 'NONE', ( #1470, #2116, #1998, #294, #2745, #2929, #2537, #1971, #2712, #287 ) ) ;
#853 = CARTESIAN_POINT ( 'NONE',  ( 0.000000000000000000, 0.000000000000000000, -50.00000000000000000 ) ) ;
#854 = EDGE_CURVE ( 'NONE', #813, #2822, #1282, .T. ) ;
#855 = EDGE_LOOP ( 'NONE', ( #928, #569, #2861, #1011 ) ) ;
#856 = DIRECTION ( 'NONE',  ( -1.283953296258157381E-31, -1.000000000000000000, 0.000000000000000000 ) ) ;
#857 = DIRECTION ( 'NONE',  ( -1.283953296258157162E-31, -1.000000000000000000, 0.000000000000000000 ) ) ;
#858 = DIRECTION ( 'NONE',  ( -1.000000000000000000, 0.000000000000000000, 0.000000000000000000 ) ) ;
#859 = ORIENTED_EDGE ( 'NONE', *, *, #1814, .F. ) ;
#860 = DIRECTION ( 'NONE',  ( -1.283953296258157381E-31, -1.000000000000000000, 0.000000000000000000 ) ) ;
#861 = CARTESIAN_POINT ( 'NONE',  ( -2.500000000000000000, 0.000000000000000000, -36.50000000000000000 ) ) ;
#862 = AXIS2_PLACEMENT_3D ( 'NONE', #1463, #1186, #2076 ) ;
#863 = ORIENTED_EDGE ( 'NONE', *, *, #1360, .T. ) ;
#864 = DIRECTION ( 'NONE',  ( 1.734723475976806848E-16, 0.000000000000000000, 1.000000000000000000 ) ) ;
#865 = VECTOR ( 'NONE', #533, 1000.000000000000000 ) ;
#866 = CYLINDRICAL_SURFACE ( 'NONE', #1804, 2.534920720960780027 ) ;
#867 = ADVANCED_FACE ( 'NONE', ( #395 ), #2259, .F. ) ;
#868 = ORIENTED_EDGE ( 'NONE', *, *, #1793, .T. ) ;
#869 = CARTESIAN_POINT ( 'NONE',  ( 12.02455436160488667, 1.024009971654515061E-30, -27.00508515947182175 ) ) ;
#870 = ORIENTED_EDGE ( 'NONE', *, *, #2064, .F. ) ;
#871 = DIRECTION ( 'NONE',  ( 1.000000000000000000, -1.283953296258158695E-31, 0.000000000000000000 ) ) ;
#872 = ADVANCED_FACE ( 'NONE', ( #2484 ), #2708, .F. ) ;
#873 = DIRECTION ( 'NONE',  ( 1.283953296258157162E-31, 1.000000000000000000, 0.000000000000000000 ) ) ;
#874 = ORIENTED_EDGE ( 'NONE', *, *, #1013, .T. ) ;
#875 = DIRECTION ( 'NONE',  ( 1.000000000000000000, 0.000000000000000000, 0.000000000000000000 ) ) ;
#876 = EDGE_CURVE ( 'NONE', #821, #232, #155, .T. ) ;
#877 = DIRECTION ( 'NONE',  ( -0.000000000000000000, -1.000000000000000000, -0.000000000000000000 ) ) ;
#878 = EDGE_CURVE ( 'NONE', #1111, #316, #1020, .T. ) ;
#879 = ORIENTED_EDGE ( 'NONE', *, *, #2452, .T. ) ;
#880 = CARTESIAN_POINT ( 'NONE',  ( 48.25000000000000000, 2.246918268451777935E-31, -1.737250720623120486E-15 ) ) ;
#881 = ORIENTED_EDGE ( 'NONE', *, *, #579, .F. ) ;
#882 = CIRCLE ( 'NONE', #1021, 1.750000000000001554 ) ;
#883 = DIRECTION ( 'NONE',  ( 1.283953296258157162E-31, 1.000000000000000000, -0.000000000000000000 ) ) ;
#884 = VECTOR ( 'NONE', #1049, 1000.000000000000000 ) ;
#885 = AXIS2_PLACEMENT_3D ( 'NONE', #2920, #670, #223 ) ;
#886 = VERTEX_POINT ( 'NONE', #1047 ) ;
#887 = VECTOR ( 'NONE', #512, 1000.000000000000000 ) ;
#888 = PLANE ( 'NONE',  #2143 ) ;
#889 = ORIENTED_EDGE ( 'NONE', *, *, #2458, .T. ) ;
#890 = DIRECTION ( 'NONE',  ( 1.000000000000000000, -6.419766481290785812E-32, 0.000000000000000000 ) ) ;
#891 = CARTESIAN_POINT ( 'NONE',  ( -15.00000000000000000, -4.999999999999999112, 27.50000000000000000 ) ) ;
#892 = DIRECTION ( 'NONE',  ( 1.084202172485503448E-16, -1.392064953173017269E-47, -1.000000000000000000 ) ) ;
#893 = EDGE_CURVE ( 'NONE', #937, #1662, #1399, .T. ) ;
#894 = EDGE_CURVE ( 'NONE', #736, #650, #1488, .T. ) ;
#895 = ORIENTED_EDGE ( 'NONE', *, *, #1452, .T. ) ;
#896 = CARTESIAN_POINT ( 'NONE',  ( 10.00000000000000000, -4.999999999999999112, 17.49999999999999645 ) ) ;
#897 = CARTESIAN_POINT ( 'NONE',  ( 50.00000000000000000, -34.91688117545773196, -1.951563910473907981E-15 ) ) ;
#898 = AXIS2_PLACEMENT_3D ( 'NONE', #847, #589, #2405 ) ;
#899 = CARTESIAN_POINT ( 'NONE',  ( -15.00000000000000000, -4.999999999999999112, 27.50000000000000000 ) ) ;
#900 = LINE ( 'NONE', #585, #1050 ) ;
#901 = VECTOR ( 'NONE', #2080, 1000.000000000000000 ) ;
#902 = ADVANCED_FACE ( 'NONE', ( #685 ), #459, .F. ) ;
#903 = EDGE_LOOP ( 'NONE', ( #90, #1589, #537, #121 ) ) ;
#904 = LINE ( 'NONE', #1797, #1727 ) ;
#905 = VERTEX_POINT ( 'NONE', #1706 ) ;
#906 = DIRECTION ( 'NONE',  ( 1.283953296258157162E-31, 1.000000000000000000, -0.000000000000000000 ) ) ;
#907 = CARTESIAN_POINT ( 'NONE',  ( 8.000000000000000000, 1.540743955509788682E-30, 22.50000000000000000 ) ) ;
#908 = CARTESIAN_POINT ( 'NONE',  ( 20.00000000000000000, -1.999999999999992228, -22.50000000000000000 ) ) ;
#909 = EDGE_LOOP ( 'NONE', ( #1139, #2770, #1921, #524 ) ) ;
#910 = FACE_OUTER_BOUND ( 'NONE', #1210, .T. ) ;
#911 = EDGE_CURVE ( 'NONE', #665, #2913, #584, .T. ) ;
#912 = AXIS2_PLACEMENT_3D ( 'NONE', #2347, #2609, #1906 ) ;
#913 = DIRECTION ( 'NONE',  ( 1.000000000000000000, 0.000000000000000000, -0.000000000000000000 ) ) ;
#914 = CARTESIAN_POINT ( 'NONE',  ( 50.00000000000138556, -2.000000000000007994, -1.407320270801093949E-12 ) ) ;
#915 = CARTESIAN_POINT ( 'NONE',  ( -49.49999999999860023, -9.000000000000005329, 1.677050983126228800 ) ) ;
#916 = ORIENTED_EDGE ( 'NONE', *, *, #562, .F. ) ;
#917 = DIRECTION ( 'NONE',  ( -1.000000000000000000, 0.000000000000000000, 0.000000000000000000 ) ) ;
#918 = ORIENTED_EDGE ( 'NONE', *, *, #2234, .T. ) ;
#919 = PLANE ( 'NONE',  #647 ) ;
#920 = FACE_OUTER_BOUND ( 'NONE', #1503, .T. ) ;
#921 = EDGE_LOOP ( 'NONE', ( #2046, #1297, #2790, #10, #2787, #2738 ) ) ;
#922 = DIRECTION ( 'NONE',  ( -6.419766481290785812E-32, -1.000000000000000000, -0.000000000000000000 ) ) ;
#923 = DIRECTION ( 'NONE',  ( 1.000000000000000000, 0.000000000000000000, -0.000000000000000000 ) ) ;
#924 = DIRECTION ( 'NONE',  ( -1.000000000000000000, 0.000000000000000000, -1.084202172485503448E-16 ) ) ;
#925 = LINE ( 'NONE', #1822, #2267 ) ;
#926 = AXIS2_PLACEMENT_3D ( 'NONE', #2641, #1566, #1553 ) ;
#927 = ADVANCED_FACE ( 'NONE', ( #2847 ), #364, .F. ) ;
#928 = ORIENTED_EDGE ( 'NONE', *, *, #49, .F. ) ;
#929 = AXIS2_PLACEMENT_3D ( 'NONE', #2374, #2443, #166 ) ;
#930 = EDGE_CURVE ( 'NONE', #2037, #2933, #2636, .T. ) ;
#931 = AXIS2_PLACEMENT_3D ( 'NONE', #1638, #1410, #2520 ) ;
#932 = CARTESIAN_POINT ( 'NONE',  ( -10.00000000000000178, -1.999999999999995337, 15.00000000000002487 ) ) ;
#933 = AXIS2_PLACEMENT_3D ( 'NONE', #2002, #674, #2424 ) ;
#934 = VERTEX_POINT ( 'NONE', #614 ) ;
#935 = PLANE ( 'NONE',  #1633 ) ;
#936 = CARTESIAN_POINT ( 'NONE',  ( -15.00000000000000000, -1.999999999999999112, 27.50000000000000000 ) ) ;
#937 = VERTEX_POINT ( 'NONE', #1752 ) ;
#938 = LINE ( 'NONE', #979, #2673 ) ;
#939 = CARTESIAN_POINT ( 'NONE',  ( 2.500000000000000000, 0.000000000000000000, -50.00000000000000000 ) ) ;
#940 = CARTESIAN_POINT ( 'NONE',  ( 17.00000000000000000, 3.851859888774473458E-31, -22.50000000000000000 ) ) ;
#941 = DIRECTION ( 'NONE',  ( -0.000000000000000000, -1.000000000000000000, -0.000000000000000000 ) ) ;
#942 = EDGE_LOOP ( 'NONE', ( #2044, #1858 ) ) ;
#943 = VECTOR ( 'NONE', #2087, 1000.000000000000000 ) ;
#944 = ADVANCED_FACE ( 'NONE', ( #2619 ), #2652, .F. ) ;
#945 = DIRECTION ( 'NONE',  ( -1.734723475976813997E-15, -1.000000000000000000, -0.000000000000000000 ) ) ;
#946 = ORIENTED_EDGE ( 'NONE', *, *, #1879, .F. ) ;
#947 = DIRECTION ( 'NONE',  ( -2.168404344971006896E-16, 0.000000000000000000, 1.000000000000000000 ) ) ;
#948 = DIRECTION ( 'NONE',  ( 0.000000000000000000, 0.000000000000000000, -1.000000000000000000 ) ) ;
#949 = VERTEX_POINT ( 'NONE', #1978 ) ;
#950 =( NAMED_UNIT ( * ) PLANE_ANGLE_UNIT ( ) SI_UNIT ( $, .RADIAN. ) );
#951 = ADVANCED_FACE ( 'NONE', ( #2882 ), #630, .F. ) ;
#952 = ORIENTED_EDGE ( 'NONE', *, *, #2781, .F. ) ;
#953 = FACE_OUTER_BOUND ( 'NONE', #2571, .T. ) ;
#954 = LINE ( 'NONE', #475, #2631 ) ;
#955 = CARTESIAN_POINT ( 'NONE',  ( 15.00000000000000000, -1.999999999999999112, 27.50000000000000000 ) ) ;
#956 = CIRCLE ( 'NONE', #1429, 1.750000000000000444 ) ;
#957 = VERTEX_POINT ( 'NONE', #409 ) ;
#958 = DIRECTION ( 'NONE',  ( 1.000000000000000000, 0.000000000000000000, 0.000000000000000000 ) ) ;
#959 = ORIENTED_EDGE ( 'NONE', *, *, #2164, .T. ) ;
#960 = CARTESIAN_POINT ( 'NONE',  ( 50.00000000000000000, -6.419766481290786644E-30, -1.951563910473907981E-15 ) ) ;
#961 = DIRECTION ( 'NONE',  ( 5.204170427930423255E-16, 1.000000000000000000, -0.000000000000000000 ) ) ;
#962 = VERTEX_POINT ( 'NONE', #1316 ) ;
#963 = ADVANCED_FACE ( 'NONE', ( #225 ), #1133, .F. ) ;
#964 = ADVANCED_FACE ( 'NONE', ( #2289 ), #2053, .F. ) ;
#965 = ORIENTED_EDGE ( 'NONE', *, *, #1623, .F. ) ;
#966 = CARTESIAN_POINT ( 'NONE',  ( -15.00000000000000000, -1.999999999999999112, 24.99999999999999645 ) ) ;
#967 = DIRECTION ( 'NONE',  ( 0.000000000000000000, 0.000000000000000000, 1.000000000000000000 ) ) ;
#968 = CARTESIAN_POINT ( 'NONE',  ( -48.25000000000000000, -2.246918268451779687E-31, -1.951563910473907981E-15 ) ) ;
#969 = ORIENTED_EDGE ( 'NONE', *, *, #1599, .F. ) ;
#970 = VECTOR ( 'NONE', #391, 1000.000000000000000 ) ;
#971 = EDGE_LOOP ( 'NONE', ( #604, #377, #275, #1046 ) ) ;
#972 = ORIENTED_EDGE ( 'NONE', *, *, #2457, .T. ) ;
#973 = VECTOR ( 'NONE', #2510, 1000.000000000000000 ) ;
#974 = DIRECTION ( 'NONE',  ( 0.000000000000000000, -0.000000000000000000, -1.000000000000000000 ) ) ;
#975 = PLANE ( 'NONE',  #2209 ) ;
#976 = VECTOR ( 'NONE', #2701, 1000.000000000000000 ) ;
#977 = CIRCLE ( 'NONE', #1215, 1.750000000000000444 ) ;
#978 = ORIENTED_EDGE ( 'NONE', *, *, #308, .F. ) ;
#979 = CARTESIAN_POINT ( 'NONE',  ( 12.50000000000000000, -1.999999999999999112, 17.49999999999999645 ) ) ;
#980 = AXIS2_PLACEMENT_3D ( 'NONE', #2023, #1800, #2743 ) ;
#981 = EDGE_CURVE ( 'NONE', #541, #384, #1394, .T. ) ;
#982 = LINE ( 'NONE', #1190, #901 ) ;
#983 = CARTESIAN_POINT ( 'NONE',  ( 10.00000000000000000, -1.999999999999999112, 17.49999999999999645 ) ) ;
#984 = LINE ( 'NONE', #1878, #2891 ) ;
#985 = ORIENTED_EDGE ( 'NONE', *, *, #126, .F. ) ;
#986 = VERTEX_POINT ( 'NONE', #1438 ) ;
#987 = EDGE_CURVE ( 'NONE', #2221, #840, #268, .T. ) ;
#988 = ORIENTED_EDGE ( 'NONE', *, *, #125, .F. ) ;
#989 = ORIENTED_EDGE ( 'NONE', *, *, #1605, .T. ) ;
#990 = AXIS2_PLACEMENT_3D ( 'NONE', #313, #2901, #1539 ) ;
#991 = CARTESIAN_POINT ( 'NONE',  ( -20.00000000000000000, -2.000000000000000444, 22.50000000000000000 ) ) ;
#992 = DIRECTION ( 'NONE',  ( -5.204170427930423255E-16, 1.000000000000000000, 0.000000000000000000 ) ) ;
#993 = VECTOR ( 'NONE', #576, 1000.000000000000000 ) ;
#994 = ORIENTED_EDGE ( 'NONE', *, *, #33, .F. ) ;
#995 = LINE ( 'NONE', #352, #830 ) ;
#996 = DIRECTION ( 'NONE',  ( 0.000000000000000000, -0.000000000000000000, 1.000000000000000000 ) ) ;
#997 = EDGE_CURVE ( 'NONE', #2828, #1037, #28, .T. ) ;
#998 = LINE ( 'NONE', #2332, #865 ) ;
#999 = EDGE_LOOP ( 'NONE', ( #2560, #1308, #60, #1180 ) ) ;
#1000 = VERTEX_POINT ( 'NONE', #2041 ) ;
#1001 = ORIENTED_EDGE ( 'NONE', *, *, #1630, .T. ) ;
#1002 = VERTEX_POINT ( 'NONE', #754 ) ;
#1003 = VECTOR ( 'NONE', #50, 1000.000000000000000 ) ;
#1004 = DIRECTION ( 'NONE',  ( -6.419766481290785812E-32, -1.000000000000000000, -0.000000000000000000 ) ) ;
#1005 = LINE ( 'NONE', #1901, #2721 ) ;
#1006 = VERTEX_POINT ( 'NONE', #1147 ) ;
#1007 = CARTESIAN_POINT ( 'NONE',  ( 1.750000000000001332, -1.999999999999982681, -50.00000000000000000 ) ) ;
#1008 = DIRECTION ( 'NONE',  ( 1.000000000000000000, 0.000000000000000000, -0.000000000000000000 ) ) ;
#1009 = CARTESIAN_POINT ( 'NONE',  ( 12.02455436160488667, 0.000000000000000000, -27.00508515947182175 ) ) ;
#1010 = ORIENTED_EDGE ( 'NONE', *, *, #2839, .T. ) ;
#1011 = ORIENTED_EDGE ( 'NONE', *, *, #2870, .T. ) ;
#1012 = CARTESIAN_POINT ( 'NONE',  ( 49.50000000000137845, -9.000000000000005329, 0.6770509831234357012 ) ) ;
#1013 = EDGE_CURVE ( 'NONE', #2822, #1960, #1426, .T. ) ;
#1014 = ADVANCED_FACE ( 'NONE', ( #700 ), #2498, .F. ) ;
#1015 = ORIENTED_EDGE ( 'NONE', *, *, #418, .T. ) ;
#1016 = ORIENTED_EDGE ( 'NONE', *, *, #522, .F. ) ;
#1017 = PLANE ( 'NONE',  #5 ) ;
#1018 = FACE_BOUND ( 'NONE', #480, .T. ) ;
#1019 = ORIENTED_EDGE ( 'NONE', *, *, #2821, .F. ) ;
#1020 = CIRCLE ( 'NONE', #1582, 1.050000000000000488 ) ;
#1021 = AXIS2_PLACEMENT_3D ( 'NONE', #2868, #2416, #1302 ) ;
#1022 = DIRECTION ( 'NONE',  ( 0.000000000000000000, 0.000000000000000000, -1.000000000000000000 ) ) ;
#1023 = EDGE_CURVE ( 'NONE', #1091, #2243, #1835, .T. ) ;
#1024 = VECTOR ( 'NONE', #1708, 1000.000000000000000 ) ;
#1025 = MECHANICAL_DESIGN_GEOMETRIC_PRESENTATION_REPRESENTATION (  '', ( #2333 ), #2052 ) ;
#1026 = AXIS2_PLACEMENT_3D ( 'NONE', #2, #2260, #1794 ) ;
#1027 = DIRECTION ( 'NONE',  ( 3.614007241618360850E-17, -1.000000000000000000, 0.000000000000000000 ) ) ;
#1028 = DIRECTION ( 'NONE',  ( 1.283953296258157162E-31, 1.000000000000000000, -0.000000000000000000 ) ) ;
#1029 = ORIENTED_EDGE ( 'NONE', *, *, #2611, .F. ) ;
#1030 = LINE ( 'NONE', #820, #1259 ) ;
#1031 = ORIENTED_EDGE ( 'NONE', *, *, #672, .F. ) ;
#1032 = ORIENTED_EDGE ( 'NONE', *, *, #653, .T. ) ;
#1033 = CYLINDRICAL_SURFACE ( 'NONE', #2223, 9.999999999999998224 ) ;
#1034 = LINE ( 'NONE', #1963, #1496 ) ;
#1035 = ADVANCED_FACE ( 'NONE', ( #251 ), #1820, .F. ) ;
#1036 = VECTOR ( 'NONE', #2782, 1000.000000000000000 ) ;
#1037 = VERTEX_POINT ( 'NONE', #2303 ) ;
#1038 = DIRECTION ( 'NONE',  ( 1.000000000000000000, -5.204170427930422269E-16, -0.000000000000000000 ) ) ;
#1039 = CARTESIAN_POINT ( 'NONE',  ( 1.750000000000000444, -2.246918268451775746E-31, -50.00000000000000000 ) ) ;
#1040 = CIRCLE ( 'NONE', #1646, 2.534920720960780027 ) ;
#1041 = DIRECTION ( 'NONE',  ( 0.000000000000000000, 0.000000000000000000, -1.000000000000000000 ) ) ;
#1042 = CARTESIAN_POINT ( 'NONE',  ( -50.49999999999860023, -9.000000000000005329, -0.6770509831234574616 ) ) ;
#1043 = ORIENTED_EDGE ( 'NONE', *, *, #1216, .T. ) ;
#1044 = DIRECTION ( 'NONE',  ( -1.283953296258157162E-31, 1.000000000000000000, 0.000000000000000000 ) ) ;
#1045 = ORIENTED_EDGE ( 'NONE', *, *, #1610, .T. ) ;
#1046 = ORIENTED_EDGE ( 'NONE', *, *, #1311, .F. ) ;
#1047 = CARTESIAN_POINT ( 'NONE',  ( 12.49999999999999822, -1.999999999999999112, 24.99999999999999645 ) ) ;
#1048 = CARTESIAN_POINT ( 'NONE',  ( -30.00000000000000000, -34.91688117545768932, 12.50000000000000000 ) ) ;
#1049 = DIRECTION ( 'NONE',  ( 1.734723475976806848E-16, -0.000000000000000000, -1.000000000000000000 ) ) ;
#1050 = VECTOR ( 'NONE', #1795, 1000.000000000000000 ) ;
#1051 = ORIENTED_EDGE ( 'NONE', *, *, #87, .F. ) ;
#1052 = CARTESIAN_POINT ( 'NONE',  ( -12.49999999999999822, -1.999999999999999112, 24.99999999999999645 ) ) ;
#1053 = LINE ( 'NONE', #369, #2157 ) ;
#1054 = ADVANCED_FACE ( 'NONE', ( #714 ), #2329, .F. ) ;
#1055 = ADVANCED_FACE ( 'NONE', ( #953 ), #1204, .F. ) ;
#1056 = CARTESIAN_POINT ( 'NONE',  ( 50.00000000000000000, 1.200000000000000030E-05, -1.951563910473907981E-15 ) ) ;
#1057 = CARTESIAN_POINT ( 'NONE',  ( -12.49999999999999822, -1.999999999999999112, 24.99999999999999645 ) ) ;
#1058 = VERTEX_POINT ( 'NONE', #1849 ) ;
#1059 = DIRECTION ( 'NONE',  ( -0.000000000000000000, -0.000000000000000000, -1.000000000000000000 ) ) ;
#1060 = ORIENTED_EDGE ( 'NONE', *, *, #2647, .F. ) ;
#1061 = ORIENTED_EDGE ( 'NONE', *, *, #2129, .T. ) ;
#1062 = DIRECTION ( 'NONE',  ( 1.000000000000000000, 0.000000000000000000, 0.000000000000000000 ) ) ;
#1063 = FACE_OUTER_BOUND ( 'NONE', #2802, .T. ) ;
#1064 = CARTESIAN_POINT ( 'NONE',  ( 20.00000000000000000, -1.999999999999992228, 22.50000000000000000 ) ) ;
#1065 = CARTESIAN_POINT ( 'NONE',  ( 12.50000000000000000, -1.999999999999999112, 17.49999999999999645 ) ) ;
#1066 = VERTEX_POINT ( 'NONE', #1157 ) ;
#1067 = CARTESIAN_POINT ( 'NONE',  ( -50.00000000000000000, 1.200000000000000030E-05, -1.951563910473907981E-15 ) ) ;
#1068 = CARTESIAN_POINT ( 'NONE',  ( -2.500000000000000000, -1.999999999999996225, -50.00000000000000000 ) ) ;
#1069 = AXIS2_PLACEMENT_3D ( 'NONE', #338, #2806, #2606 ) ;
#1070 = ORIENTED_EDGE ( 'NONE', *, *, #798, .T. ) ;
#1071 = FACE_OUTER_BOUND ( 'NONE', #2814, .T. ) ;
#1072 = AXIS2_PLACEMENT_3D ( 'NONE', #2662, #1292, #2244 ) ;
#1073 = FACE_OUTER_BOUND ( 'NONE', #2445, .T. ) ;
#1074 = EDGE_CURVE ( 'NONE', #1207, #2126, #2069, .T. ) ;
#1075 = AXIS2_PLACEMENT_3D ( 'NONE', #1314, #1532, #2683 ) ;
#1076 = ORIENTED_EDGE ( 'NONE', *, *, #1806, .F. ) ;
#1077 = DIRECTION ( 'NONE',  ( 1.000000000000000000, 1.734723475976806848E-16, -0.000000000000000000 ) ) ;
#1078 = ORIENTED_EDGE ( 'NONE', *, *, #1975, .F. ) ;
#1079 = ORIENTED_EDGE ( 'NONE', *, *, #2879, .T. ) ;
#1080 = DIRECTION ( 'NONE',  ( -1.734723475976813997E-15, -1.000000000000000000, 0.000000000000000000 ) ) ;
#1081 = EDGE_CURVE ( 'NONE', #1280, #1460, #1040, .T. ) ;
#1082 = LINE ( 'NONE', #1522, #644 ) ;
#1083 = CARTESIAN_POINT ( 'NONE',  ( 50.50000000000137845, -1.000000000000000000, -1.677050983126250561 ) ) ;
#1084 = EDGE_LOOP ( 'NONE', ( #669, #2556, #1291, #91 ) ) ;
#1085 = EDGE_CURVE ( 'NONE', #2299, #1223, #982, .T. ) ;
#1086 = DIRECTION ( 'NONE',  ( 1.283953296258157162E-31, 1.000000000000000000, 0.000000000000000000 ) ) ;
#1087 = DIRECTION ( 'NONE',  ( -1.734723475976813997E-15, -1.000000000000000000, -0.000000000000000000 ) ) ;
#1088 = ORIENTED_EDGE ( 'NONE', *, *, #893, .F. ) ;
#1089 = CIRCLE ( 'NONE', #1881, 10.00000000000000178 ) ;
#1090 = DIRECTION ( 'NONE',  ( -1.283953296258157162E-31, -1.000000000000000000, 0.000000000000000000 ) ) ;
#1091 = VERTEX_POINT ( 'NONE', #1640 ) ;
#1092 = EDGE_CURVE ( 'NONE', #1371, #1385, #2539, .T. ) ;
#1093 = LINE ( 'NONE', #2697, #1588 ) ;
#1094 = EDGE_CURVE ( 'NONE', #384, #2251, #296, .T. ) ;
#1095 = VERTEX_POINT ( 'NONE', #2153 ) ;
#1096 = EDGE_CURVE ( 'NONE', #2366, #2320, #2107, .T. ) ;
#1097 = DIRECTION ( 'NONE',  ( -2.168404344971006896E-16, -0.000000000000000000, -1.000000000000000000 ) ) ;
#1098 = LINE ( 'NONE', #2639, #2097 ) ;
#1099 = ORIENTED_EDGE ( 'NONE', *, *, #1541, .F. ) ;
#1100 = DIRECTION ( 'NONE',  ( 0.000000000000000000, 0.000000000000000000, 1.000000000000000000 ) ) ;
#1101 = CARTESIAN_POINT ( 'NONE',  ( -17.00000000000000000, -3.252606517456513302E-16, 1.349999999999997424 ) ) ;
#1102 = CIRCLE ( 'NONE', #478, 10.00000000000000178 ) ;
#1103 = ORIENTED_EDGE ( 'NONE', *, *, #779, .F. ) ;
#1104 = CARTESIAN_POINT ( 'NONE',  ( 8.000000000000000000, -6.999999999999999112, 22.50000000000000000 ) ) ;
#1105 = ORIENTED_EDGE ( 'NONE', *, *, #2129, .F. ) ;
#1106 = DIRECTION ( 'NONE',  ( -0.000000000000000000, -0.000000000000000000, -1.000000000000000000 ) ) ;
#1107 = ORIENTED_EDGE ( 'NONE', *, *, #2754, .F. ) ;
#1108 = ADVANCED_FACE ( 'NONE', ( #1480 ), #2565, .F. ) ;
#1109 = EDGE_CURVE ( 'NONE', #1356, #2813, #97, .T. ) ;
#1110 = CARTESIAN_POINT ( 'NONE',  ( -17.00000000000000000, -3.252606517456513302E-16, 2.399999999999999911 ) ) ;
#1111 = VERTEX_POINT ( 'NONE', #312 ) ;
#1112 = FACE_OUTER_BOUND ( 'NONE', #2412, .T. ) ;
#1113 = DIRECTION ( 'NONE',  ( -4.956352788505156365E-16, -1.000000000000000000, -0.000000000000000000 ) ) ;
#1114 = DIRECTION ( 'NONE',  ( -1.000000000000000000, 0.000000000000000000, -0.000000000000000000 ) ) ;
#1115 = ORIENTED_EDGE ( 'NONE', *, *, #485, .T. ) ;
#1116 = DIRECTION ( 'NONE',  ( -1.000000000000000000, -0.000000000000000000, 4.336808689942013792E-16 ) ) ;
#1117 = CIRCLE ( 'NONE', #929, 4.999999999999999112 ) ;
#1118 = AXIS2_PLACEMENT_3D ( 'NONE', #2161, #2413, #841 ) ;
#1119 = VECTOR ( 'NONE', #2488, 1000.000000000000000 ) ;
#1120 = LINE ( 'NONE', #2485, #785 ) ;
#1121 = DIRECTION ( 'NONE',  ( 0.000000000000000000, -1.000000000000000000, 0.000000000000000000 ) ) ;
#1122 = VECTOR ( 'NONE', #2376, 1000.000000000000000 ) ;
#1123 = ORIENTED_EDGE ( 'NONE', *, *, #2490, .F. ) ;
#1124 = VECTOR ( 'NONE', #2444, 1000.000000000000000 ) ;
#1125 = CARTESIAN_POINT ( 'NONE',  ( -29.99999999999999645, -3.851859888774471005E-30, -2.500000000000000444 ) ) ;
#1126 = ORIENTED_EDGE ( 'NONE', *, *, #2643, .F. ) ;
#1127 = ADVANCED_FACE ( 'NONE', ( #769 ), #131, .F. ) ;
#1128 = CARTESIAN_POINT ( 'NONE',  ( 10.00000000000000178, -1.999999999999999112, 22.50000000000000000 ) ) ;
#1129 = DIRECTION ( 'NONE',  ( -0.000000000000000000, 0.000000000000000000, 1.000000000000000000 ) ) ;
#1130 = DIRECTION ( 'NONE',  ( -5.204170427930423255E-16, 1.000000000000000000, 0.000000000000000000 ) ) ;
#1131 = VERTEX_POINT ( 'NONE', #1683 ) ;
#1132 = PLANE ( 'NONE',  #2197 ) ;
#1133 = CYLINDRICAL_SURFACE ( 'NONE', #2521, 5.000000000000000888 ) ;
#1134 = CARTESIAN_POINT ( 'NONE',  ( 29.99999999999994316, -34.91688117545773906, -2.500000000000000444 ) ) ;
#1135 = DIRECTION ( 'NONE',  ( -1.734723475976813997E-15, -1.000000000000000000, 0.000000000000000000 ) ) ;
#1136 = AXIS2_PLACEMENT_3D ( 'NONE', #111, #1027, #590 ) ;
#1137 = ORIENTED_EDGE ( 'NONE', *, *, #126, .T. ) ;
#1138 = DIRECTION ( 'NONE',  ( -5.204170427930423255E-16, 1.000000000000000000, 0.000000000000000000 ) ) ;
#1139 = ORIENTED_EDGE ( 'NONE', *, *, #657, .F. ) ;
#1140 = CARTESIAN_POINT ( 'NONE',  ( -10.00000000000000178, -1.999999999999995337, 22.50000000000000000 ) ) ;
#1141 = CARTESIAN_POINT ( 'NONE',  ( -30.00000000000000000, -1.999999999999974021, -2.500000000000000444 ) ) ;
#1142 = EDGE_LOOP ( 'NONE', ( #679, #1886, #623, #1103 ) ) ;
#1143 = SURFACE_SIDE_STYLE ('',( #237 ) ) ;
#1144 = EDGE_CURVE ( 'NONE', #1388, #337, #2372, .T. ) ;
#1145 = ADVANCED_FACE ( 'NONE', ( #547 ), #2359, .F. ) ;
#1146 = VECTOR ( 'NONE', #2102, 1000.000000000000000 ) ;
#1147 = CARTESIAN_POINT ( 'NONE',  ( -10.00000000000000355, -4.999999999999999112, 15.00000000000002309 ) ) ;
#1148 = LINE ( 'NONE', #2304, #1741 ) ;
#1149 = LINE ( 'NONE', #2043, #2507 ) ;
#1150 = ORIENTED_EDGE ( 'NONE', *, *, #1013, .F. ) ;
#1151 = DIRECTION ( 'NONE',  ( -1.000000000000000000, 4.956352788505158337E-16, 0.000000000000000000 ) ) ;
#1152 = ORIENTED_EDGE ( 'NONE', *, *, #522, .T. ) ;
#1153 = LINE ( 'NONE', #1140, #2385 ) ;
#1154 = DIRECTION ( 'NONE',  ( 1.000000000000000000, -5.204170427930423255E-16, 0.000000000000000000 ) ) ;
#1155 = ORIENTED_EDGE ( 'NONE', *, *, #345, .F. ) ;
#1156 = DIRECTION ( 'NONE',  ( -1.000000000000000000, 1.283953296258157162E-31, 0.000000000000000000 ) ) ;
#1157 = CARTESIAN_POINT ( 'NONE',  ( 1.677050983124843242, -1.999999999999982681, -50.50000000000000000 ) ) ;
#1158 = ADVANCED_FACE ( 'NONE', ( #340 ), #2346, .F. ) ;
#1159 = CARTESIAN_POINT ( 'NONE',  ( -50.49999999999860023, -9.000000000000005329, 0.6770509831262291334 ) ) ;
#1160 = CARTESIAN_POINT ( 'NONE',  ( 8.000000000000000000, -6.999999999999999112, -22.50000000000000000 ) ) ;
#1161 = CIRCLE ( 'NONE', #2809, 1.750000000000001554 ) ;
#1162 = ORIENTED_EDGE ( 'NONE', *, *, #2763, .F. ) ;
#1163 = CLOSED_SHELL ( 'NONE', ( #254, #1167, #774, #2059, #1172, #144, #1108, #902, #1698, #2335, #550, #563, #1054, #2654, #2493, #471, #944, #2742, #434, #1014, #271, #1384, #759, #2613, #1423, #2914, #1734, #1158, #707, #2864, #2542, #1055, #2558, #713, #2735, #1467, #2344, #1035, #2896, #467, #1417, #963, #743, #2222, #867, #101, #200, #486, #2123, #1609, #872, #52, #2400, #2345, #2425, #1145, #1270, #361, #1715, #1974, #1560, #1622, #492, #2935, #1127, #2897, #2341, #423, #1234, #2442, #2771, #618, #951, #2204, #403, #927, #250, #964, #2904, #710, #1542, #1697, #688, #2212 ) ) ;
#1164 = CIRCLE ( 'NONE', #1450, 1.750000000000001554 ) ;
#1165 = VECTOR ( 'NONE', #1972, 1000.000000000000000 ) ;
#1166 = DIRECTION ( 'NONE',  ( 0.000000000000000000, 1.000000000000000000, -0.000000000000000000 ) ) ;
#1167 = ADVANCED_FACE ( 'NONE', ( #1940 ), #372, .F. ) ;
#1168 = AXIS2_PLACEMENT_3D ( 'NONE', #1264, #1044, #1944 ) ;
#1169 = EDGE_LOOP ( 'NONE', ( #171, #1123, #1465, #1766 ) ) ;
#1170 = DIRECTION ( 'NONE',  ( -1.283953296258157162E-31, -1.000000000000000000, 0.000000000000000000 ) ) ;
#1171 = CARTESIAN_POINT ( 'NONE',  ( 50.50000000000137845, -9.000000000000005329, 0.6770509831234358122 ) ) ;
#1172 = ADVANCED_FACE ( 'NONE', ( #1455 ), #1891, .F. ) ;
#1173 = EDGE_LOOP ( 'NONE', ( #2075, #195, #1957, #1155 ) ) ;
#1174 =( NAMED_UNIT ( * ) SI_UNIT ( $, .STERADIAN. ) SOLID_ANGLE_UNIT ( ) );
#1175 = CARTESIAN_POINT ( 'NONE',  ( -1.677050983124843242, -9.000000000000005329, -50.50000000000000000 ) ) ;
#1176 = CARTESIAN_POINT ( 'NONE',  ( 49.50000000000137845, -1.000000000000000000, -1.677050983126250561 ) ) ;
#1177 = DIRECTION ( 'NONE',  ( 1.000000000000000000, -1.283953296258157162E-31, 0.000000000000000000 ) ) ;
#1178 = CIRCLE ( 'NONE', #990, 10.00000000000000178 ) ;
#1179 = EDGE_CURVE ( 'NONE', #620, #1263, #325, .T. ) ;
#1180 = ORIENTED_EDGE ( 'NONE', *, *, #2026, .F. ) ;
#1181 = VECTOR ( 'NONE', #2608, 1000.000000000000000 ) ;
#1182 = EDGE_CURVE ( 'NONE', #232, #1185, #1261, .T. ) ;
#1183 = EDGE_CURVE ( 'NONE', #2610, #1326, #2808, .T. ) ;
#1184 = CARTESIAN_POINT ( 'NONE',  ( 1.677050983124843242, -9.000000000000005329, -49.50000000000000000 ) ) ;
#1185 = VERTEX_POINT ( 'NONE', #786 ) ;
#1186 = DIRECTION ( 'NONE',  ( 1.283953296258157162E-31, 1.000000000000000000, -0.000000000000000000 ) ) ;
#1187 = DIRECTION ( 'NONE',  ( -0.000000000000000000, -1.000000000000000000, -0.000000000000000000 ) ) ;
#1188 = EDGE_LOOP ( 'NONE', ( #122, #1432, #408, #1675, #1313, #406, #916, #1725 ) ) ;
#1189 =( LENGTH_UNIT ( ) NAMED_UNIT ( * ) SI_UNIT ( .MILLI., .METRE. ) );
#1190 = CARTESIAN_POINT ( 'NONE',  ( 15.00000000000000000, -4.999999999999999112, 24.99999999999999645 ) ) ;
#1191 = DIRECTION ( 'NONE',  ( 0.000000000000000000, -1.000000000000000000, 0.000000000000000000 ) ) ;
#1192 = DIRECTION ( 'NONE',  ( 1.283953296258157162E-31, 1.000000000000000000, -0.000000000000000000 ) ) ;
#1193 = AXIS2_PLACEMENT_3D ( 'NONE', #1369, #2261, #2305 ) ;
#1194 = ORIENTED_EDGE ( 'NONE', *, *, #1770, .T. ) ;
#1195 = FACE_OUTER_BOUND ( 'NONE', #2264, .T. ) ;
#1196 = ORIENTED_EDGE ( 'NONE', *, *, #2579, .F. ) ;
#1197 = EDGE_CURVE ( 'NONE', #1639, #1960, #2396, .T. ) ;
#1198 = CARTESIAN_POINT ( 'NONE',  ( 0.6770509831248432420, -9.000000000000005329, -50.50000000000000000 ) ) ;
#1199 = CARTESIAN_POINT ( 'NONE',  ( 12.99999999999999645, 1.200000000000000030E-05, -13.65000000000000036 ) ) ;
#1200 = EDGE_CURVE ( 'NONE', #2633, #100, #1276, .T. ) ;
#1201 = EDGE_LOOP ( 'NONE', ( #2395, #258, #1249, #859, #1229, #1337, #447, #1076 ) ) ;
#1202 = CARTESIAN_POINT ( 'NONE',  ( -50.49999999999860023, -1.000000000000000000, -1.677050983123457462 ) ) ;
#1203 = EDGE_CURVE ( 'NONE', #2545, #2072, #147, .T. ) ;
#1204 = CYLINDRICAL_SURFACE ( 'NONE', #2160, 10.00000000000000178 ) ;
#1205 = CARTESIAN_POINT ( 'NONE',  ( 2.500000000000061728, -4.999999999999999112, 2.500000000000087486 ) ) ;
#1206 = FACE_OUTER_BOUND ( 'NONE', #845, .T. ) ;
#1207 = VERTEX_POINT ( 'NONE', #829 ) ;
#1208 = VERTEX_POINT ( 'NONE', #1732 ) ;
#1209 = VECTOR ( 'NONE', #1922, 1000.000000000000000 ) ;
#1210 = EDGE_LOOP ( 'NONE', ( #1809, #74, #965, #2574 ) ) ;
#1211 = VERTEX_POINT ( 'NONE', #2628 ) ;
#1212 = CARTESIAN_POINT ( 'NONE',  ( 10.00000000000000178, -9.000000000000001776, 22.50000000000000000 ) ) ;
#1213 = DIRECTION ( 'NONE',  ( 5.204170427930423255E-16, 1.000000000000000000, -0.000000000000000000 ) ) ;
#1214 = VECTOR ( 'NONE', #424, 1000.000000000000000 ) ;
#1215 = AXIS2_PLACEMENT_3D ( 'NONE', #376, #1295, #152 ) ;
#1216 = EDGE_CURVE ( 'NONE', #2575, #1563, #1862, .T. ) ;
#1217 = ORIENTED_EDGE ( 'NONE', *, *, #2793, .F. ) ;
#1218 = PLANE ( 'NONE',  #167 ) ;
#1219 = CARTESIAN_POINT ( 'NONE',  ( -49.49999999999860023, -1.000000000000000000, 1.677050983126228800 ) ) ;
#1220 = PLANE ( 'NONE',  #659 ) ;
#1221 = CARTESIAN_POINT ( 'NONE',  ( -50.49999999999860023, -1.999999999999955369, -0.6770509831234595710 ) ) ;
#1222 = ORIENTED_EDGE ( 'NONE', *, *, #2579, .T. ) ;
#1223 = VERTEX_POINT ( 'NONE', #755 ) ;
#1224 = ORIENTED_EDGE ( 'NONE', *, *, #578, .F. ) ;
#1225 = ORIENTED_EDGE ( 'NONE', *, *, #288, .F. ) ;
#1226 = VECTOR ( 'NONE', #1154, 1000.000000000000000 ) ;
#1227 = CARTESIAN_POINT ( 'NONE',  ( -19.99999999999998579, -1.999999999999974021, -2.500000000000000444 ) ) ;
#1228 = CARTESIAN_POINT ( 'NONE',  ( 50.41931260600694742, -34.91688117545773196, 2.500000000000000444 ) ) ;
#1229 = ORIENTED_EDGE ( 'NONE', *, *, #2235, .F. ) ;
#1230 = CARTESIAN_POINT ( 'NONE',  ( 50.41931260600694742, -2.000000000000001776, 2.499999999999998668 ) ) ;
#1231 = CARTESIAN_POINT ( 'NONE',  ( -8.000000000000000000, -40.41874542459708408, -26.50000000000000000 ) ) ;
#1232 = LINE ( 'NONE', #2795, #572 ) ;
#1233 = EDGE_CURVE ( 'NONE', #2251, #1899, #83, .T. ) ;
#1234 = ADVANCED_FACE ( 'NONE', ( #506 ), #297, .F. ) ;
#1235 = ORIENTED_EDGE ( 'NONE', *, *, #63, .T. ) ;
#1236 = EDGE_LOOP ( 'NONE', ( #1253, #1634, #2559, #807 ) ) ;
#1237 = DIRECTION ( 'NONE',  ( -1.283953296258157162E-31, -1.000000000000000000, 0.000000000000000000 ) ) ;
#1238 = VECTOR ( 'NONE', #2788, 1000.000000000000000 ) ;
#1239 = ORIENTED_EDGE ( 'NONE', *, *, #333, .F. ) ;
#1240 = ORIENTED_EDGE ( 'NONE', *, *, #1483, .F. ) ;
#1241 = EDGE_CURVE ( 'NONE', #654, #466, #2291, .T. ) ;
#1242 =( GEOMETRIC_REPRESENTATION_CONTEXT ( 3 ) GLOBAL_UNCERTAINTY_ASSIGNED_CONTEXT ( ( #2774 ) ) GLOBAL_UNIT_ASSIGNED_CONTEXT ( ( #1325, #1791, #194 ) ) REPRESENTATION_CONTEXT ( 'NONE', 'WORKASPACE' ) );
#1243 = CARTESIAN_POINT ( 'NONE',  ( 50.41931260600694742, -34.91688117545773196, 2.499999999999998668 ) ) ;
#1244 = FACE_OUTER_BOUND ( 'NONE', #2027, .T. ) ;
#1245 = VERTEX_POINT ( 'NONE', #940 ) ;
#1246 = CARTESIAN_POINT ( 'NONE',  ( -50.41931260600694742, -1.999999999999959810, 2.499999999999998668 ) ) ;
#1247 = DIRECTION ( 'NONE',  ( -1.283953296258157381E-31, -1.000000000000000000, 0.000000000000000000 ) ) ;
#1248 = DIRECTION ( 'NONE',  ( 1.000000000000000000, 1.283953296258157162E-31, 0.000000000000000000 ) ) ;
#1249 = ORIENTED_EDGE ( 'NONE', *, *, #18, .F. ) ;
#1250 = EDGE_CURVE ( 'NONE', #2822, #1208, #2554, .T. ) ;
#1251 = FACE_OUTER_BOUND ( 'NONE', #2786, .T. ) ;
#1252 = ORIENTED_EDGE ( 'NONE', *, *, #1293, .F. ) ;
#1253 = ORIENTED_EDGE ( 'NONE', *, *, #1203, .T. ) ;
#1254 = DIRECTION ( 'NONE',  ( 1.734723475976813997E-15, 1.000000000000000000, 0.000000000000000000 ) ) ;
#1255 = LINE ( 'NONE', #1064, #115 ) ;
#1256 = ORIENTED_EDGE ( 'NONE', *, *, #639, .T. ) ;
#1257 = VECTOR ( 'NONE', #906, 1000.000000000000000 ) ;
#1258 = CARTESIAN_POINT ( 'NONE',  ( 49.50000000000137845, -1.000000000000000000, -1.677050983126250561 ) ) ;
#1259 = VECTOR ( 'NONE', #1926, 1000.000000000000000 ) ;
#1260 = AXIS2_PLACEMENT_3D ( 'NONE', #433, #2709, #2922 ) ;
#1261 = LINE ( 'NONE', #817, #751 ) ;
#1262 = PLANE ( 'NONE',  #912 ) ;
#1263 = VERTEX_POINT ( 'NONE', #1654 ) ;
#1264 = CARTESIAN_POINT ( 'NONE',  ( -50.00000000000000000, -34.91688117545768932, -1.951563910473907981E-15 ) ) ;
#1265 = ORIENTED_EDGE ( 'NONE', *, *, #2375, .F. ) ;
#1266 = ORIENTED_EDGE ( 'NONE', *, *, #1770, .F. ) ;
#1267 = DIRECTION ( 'NONE',  ( -1.283953296258157162E-31, -1.000000000000000000, 0.000000000000000000 ) ) ;
#1268 = DIRECTION ( 'NONE',  ( 1.283953296258157162E-31, 1.000000000000000000, -0.000000000000000000 ) ) ;
#1269 = CARTESIAN_POINT ( 'NONE',  ( 7.274554361604884889, -1.999999999999988010, -31.50508515947181820 ) ) ;
#1270 = ADVANCED_FACE ( 'NONE', ( #252 ), #1821, .F. ) ;
#1271 = EDGE_CURVE ( 'NONE', #2651, #1006, #2767, .T. ) ;
#1272 = VECTOR ( 'NONE', #2108, 1000.000000000000000 ) ;
#1273 = ORIENTED_EDGE ( 'NONE', *, *, #2800, .F. ) ;
#1274 = DIRECTION ( 'NONE',  ( 0.7071067811865514585, -0.000000000000000000, -0.7071067811865435759 ) ) ;
#1275 = DIRECTION ( 'NONE',  ( -2.168404344971007142E-16, 1.128474576789395570E-31, 1.000000000000000000 ) ) ;
#1276 = LINE ( 'NONE', #2168, #230 ) ;
#1277 = FACE_OUTER_BOUND ( 'NONE', #1487, .T. ) ;
#1278 = ORIENTED_EDGE ( 'NONE', *, *, #876, .F. ) ;
#1279 = CARTESIAN_POINT ( 'NONE',  ( 11.99999999999997868, -1.999999999999988010, -22.50000000000000000 ) ) ;
#1280 = VERTEX_POINT ( 'NONE', #269 ) ;
#1281 = ORIENTED_EDGE ( 'NONE', *, *, #816, .F. ) ;
#1282 = LINE ( 'NONE', #809, #2857 ) ;
#1283 = LINE ( 'NONE', #1933, #1656 ) ;
#1284 = CARTESIAN_POINT ( 'NONE',  ( -0.6770509831248439081, -1.999999999999981348, -49.50000000000000711 ) ) ;
#1285 = CYLINDRICAL_SURFACE ( 'NONE', #2910, 1.050000000000000488 ) ;
#1286 = CIRCLE ( 'NONE', #762, 5.000000000000000000 ) ;
#1287 = ORIENTED_EDGE ( 'NONE', *, *, #1714, .F. ) ;
#1288 = EDGE_CURVE ( 'NONE', #650, #1577, #56, .T. ) ;
#1289 = DIRECTION ( 'NONE',  ( 0.000000000000000000, 1.000000000000000000, 0.000000000000000000 ) ) ;
#1290 = CARTESIAN_POINT ( 'NONE',  ( 0.000000000000000000, 0.000000000000000000, 22.50000000000000000 ) ) ;
#1291 = ORIENTED_EDGE ( 'NONE', *, *, #1919, .F. ) ;
#1292 = DIRECTION ( 'NONE',  ( -5.204170427930423255E-16, 1.000000000000000000, 0.000000000000000000 ) ) ;
#1293 = EDGE_CURVE ( 'NONE', #1379, #583, #1148, .T. ) ;
#1294 = CARTESIAN_POINT ( 'NONE',  ( -17.00000000000000000, 1.200000000000000030E-05, 3.450000000000001954 ) ) ;
#1295 = DIRECTION ( 'NONE',  ( 1.283953296258157162E-31, 1.000000000000000000, 0.000000000000000000 ) ) ;
#1296 = EDGE_CURVE ( 'NONE', #2221, #1377, #1836, .T. ) ;
#1297 = ORIENTED_EDGE ( 'NONE', *, *, #1306, .T. ) ;
#1298 = ORIENTED_EDGE ( 'NONE', *, *, #2007, .T. ) ;
#1299 = DIRECTION ( 'NONE',  ( -1.000000000000000000, 0.000000000000000000, -0.000000000000000000 ) ) ;
#1300 = CARTESIAN_POINT ( 'NONE',  ( -1.677050983124843242, -1.000000000000000000, -49.50000000000000000 ) ) ;
#1301 = LINE ( 'NONE', #2192, #2147 ) ;
#1302 = DIRECTION ( 'NONE',  ( -1.000000000000000000, 0.000000000000000000, 0.000000000000000000 ) ) ;
#1303 = ORIENTED_EDGE ( 'NONE', *, *, #540, .F. ) ;
#1304 = DIRECTION ( 'NONE',  ( 4.956352788505164254E-16, 1.000000000000000000, -0.000000000000000000 ) ) ;
#1305 = CARTESIAN_POINT ( 'NONE',  ( -20.00000000000000000, -2.000000000000000444, -22.50000000000000000 ) ) ;
#1306 = EDGE_CURVE ( 'NONE', #788, #2633, #29, .T. ) ;
#1307 = VECTOR ( 'NONE', #2456, 1000.000000000000000 ) ;
#1308 = ORIENTED_EDGE ( 'NONE', *, *, #540, .T. ) ;
#1309 = LINE ( 'NONE', #896, #116 ) ;
#1310 = EDGE_CURVE ( 'NONE', #573, #2586, #795, .T. ) ;
#1311 = EDGE_CURVE ( 'NONE', #2058, #905, #82, .T. ) ;
#1312 = VECTOR ( 'NONE', #445, 1000.000000000000000 ) ;
#1313 = ORIENTED_EDGE ( 'NONE', *, *, #1310, .F. ) ;
#1314 = CARTESIAN_POINT ( 'NONE',  ( 1.540743955509788715E-36, 1.200000000000000030E-05, -50.00000000000000000 ) ) ;
#1315 = EDGE_LOOP ( 'NONE', ( #582, #805, #1966, #135 ) ) ;
#1316 = CARTESIAN_POINT ( 'NONE',  ( 1.677050983124843242, -1.999999999999982681, -49.50000000000000000 ) ) ;
#1317 = DIRECTION ( 'NONE',  ( -0.000000000000000000, -0.000000000000000000, -1.000000000000000000 ) ) ;
#1318 = DIRECTION ( 'NONE',  ( 0.7071067811865435759, -0.000000000000000000, 0.7071067811865514585 ) ) ;
#1319 = ORIENTED_EDGE ( 'NONE', *, *, #2876, .T. ) ;
#1320 = CARTESIAN_POINT ( 'NONE',  ( -15.00000000000000000, -1.999999999999999112, 27.50000000000000000 ) ) ;
#1321 = DIRECTION ( 'NONE',  ( -0.000000000000000000, -0.000000000000000000, -1.000000000000000000 ) ) ;
#1322 = ORIENTED_EDGE ( 'NONE', *, *, #1904, .T. ) ;
#1323 = VECTOR ( 'NONE', #1191, 1000.000000000000000 ) ;
#1324 = PLANE ( 'NONE',  #2433 ) ;
#1325 =( LENGTH_UNIT ( ) NAMED_UNIT ( * ) SI_UNIT ( .MILLI., .METRE. ) );
#1326 = VERTEX_POINT ( 'NONE', #2499 ) ;
#1327 = EDGE_CURVE ( 'NONE', #1563, #2067, #2081, .T. ) ;
#1328 = EDGE_CURVE ( 'NONE', #347, #362, #1395, .T. ) ;
#1329 = CARTESIAN_POINT ( 'NONE',  ( 8.000000000000000000, 0.000000000000000000, -26.50000000000000000 ) ) ;
#1330 = ORIENTED_EDGE ( 'NONE', *, *, #2746, .F. ) ;
#1331 = LINE ( 'NONE', #1065, #2285 ) ;
#1332 = EDGE_CURVE ( 'NONE', #934, #2320, #954, .T. ) ;
#1333 = EDGE_LOOP ( 'NONE', ( #4, #1461, #1265, #473 ) ) ;
#1334 = CARTESIAN_POINT ( 'NONE',  ( -8.000000000000000000, 1.540743955509788682E-30, -22.50000000000000000 ) ) ;
#1335 = FACE_OUTER_BOUND ( 'NONE', #256, .T. ) ;
#1336 = VECTOR ( 'NONE', #240, 1000.000000000000000 ) ;
#1337 = ORIENTED_EDGE ( 'NONE', *, *, #1472, .T. ) ;
#1338 = DIRECTION ( 'NONE',  ( 1.000000000000000000, -1.283953296258156943E-31, 0.000000000000000000 ) ) ;
#1339 = VECTOR ( 'NONE', #2186, 1000.000000000000000 ) ;
#1340 = DIRECTION ( 'NONE',  ( -0.000000000000000000, -0.000000000000000000, -1.000000000000000000 ) ) ;
#1341 = EDGE_CURVE ( 'NONE', #1737, #2902, #2878, .T. ) ;
#1342 = EDGE_LOOP ( 'NONE', ( #2229, #2139, #1281, #2262 ) ) ;
#1343 = FACE_OUTER_BOUND ( 'NONE', #2111, .T. ) ;
#1344 = ORIENTED_EDGE ( 'NONE', *, *, #63, .F. ) ;
#1345 = LINE ( 'NONE', #2238, #2667 ) ;
#1346 = CARTESIAN_POINT ( 'NONE',  ( -17.00000000000000000, -3.252606517456509358E-16, -22.50000000000000000 ) ) ;
#1347 = CARTESIAN_POINT ( 'NONE',  ( 8.000000000000000000, -6.999999999999999112, 22.50000000000000000 ) ) ;
#1348 = EDGE_LOOP ( 'NONE', ( #2509, #1946, #2423, #2145 ) ) ;
#1349 = DIRECTION ( 'NONE',  ( -1.000000000000000000, 5.204170427930423255E-16, 0.000000000000000000 ) ) ;
#1350 = ORIENTED_EDGE ( 'NONE', *, *, #1755, .T. ) ;
#1351 = VECTOR ( 'NONE', #1304, 1000.000000000000000 ) ;
#1352 = AXIS2_PLACEMENT_3D ( 'NONE', #1110, #2004, #1551 ) ;
#1353 = DIRECTION ( 'NONE',  ( -0.7071067811865439090, 3.504670666704833127E-16, -0.7071067811865512365 ) ) ;
#1354 = CARTESIAN_POINT ( 'NONE',  ( 20.00000000000000355, 0.000000000000000000, 22.50000000000000000 ) ) ;
#1355 = AXIS2_PLACEMENT_3D ( 'NONE', #602, #1507, #381 ) ;
#1356 = VERTEX_POINT ( 'NONE', #1642 ) ;
#1357 = VECTOR ( 'NONE', #1374, 1000.000000000000000 ) ;
#1358 = LINE ( 'NONE', #509, #1629 ) ;
#1359 = EDGE_LOOP ( 'NONE', ( #2394, #2364 ) ) ;
#1360 = EDGE_CURVE ( 'NONE', #328, #1871, #1877, .T. ) ;
#1361 = CARTESIAN_POINT ( 'NONE',  ( 0.6770509831248430199, -9.000000000000005329, -49.50000000000000000 ) ) ;
#1362 = FACE_OUTER_BOUND ( 'NONE', #711, .T. ) ;
#1363 = EDGE_CURVE ( 'NONE', #1373, #2685, #1178, .T. ) ;
#1364 = ORIENTED_EDGE ( 'NONE', *, *, #87, .T. ) ;
#1365 = DIRECTION ( 'NONE',  ( -0.000000000000000000, -0.000000000000000000, -1.000000000000000000 ) ) ;
#1366 = VECTOR ( 'NONE', #146, 1000.000000000000000 ) ;
#1367 = CARTESIAN_POINT ( 'NONE',  ( 10.00000000000000178, -1.999999999999987121, 22.50000000000000000 ) ) ;
#1368 = FACE_OUTER_BOUND ( 'NONE', #2184, .T. ) ;
#1369 = CARTESIAN_POINT ( 'NONE',  ( 8.000000000000000000, -40.41874542459708408, -26.50000000000000000 ) ) ;
#1370 = AXIS2_PLACEMENT_3D ( 'NONE', #2840, #1905, #1699 ) ;
#1371 = VERTEX_POINT ( 'NONE', #191 ) ;
#1372 = FACE_OUTER_BOUND ( 'NONE', #2689, .T. ) ;
#1373 = VERTEX_POINT ( 'NONE', #2388 ) ;
#1374 = DIRECTION ( 'NONE',  ( 0.000000000000000000, 0.000000000000000000, 1.000000000000000000 ) ) ;
#1375 = LINE ( 'NONE', #2692, #2348 ) ;
#1376 = EDGE_CURVE ( 'NONE', #2040, #64, #2872, .T. ) ;
#1377 = VERTEX_POINT ( 'NONE', #1772 ) ;
#1378 = DIRECTION ( 'NONE',  ( -1.000000000000000000, -0.000000000000000000, -0.000000000000000000 ) ) ;
#1379 = VERTEX_POINT ( 'NONE', #1039 ) ;
#1380 = AXIS2_PLACEMENT_3D ( 'NONE', #1048, #1121, #2018 ) ;
#1381 = DIRECTION ( 'NONE',  ( 0.000000000000000000, 0.000000000000000000, -1.000000000000000000 ) ) ;
#1382 = CARTESIAN_POINT ( 'NONE',  ( 50.50000000000137845, -1.000000000000000000, 0.6770509831234358122 ) ) ;
#1383 = CARTESIAN_POINT ( 'NONE',  ( 15.00000000000000000, -1.999999999999999112, 24.99999999999999645 ) ) ;
#1384 = ADVANCED_FACE ( 'NONE', ( #1984 ), #1220, .F. ) ;
#1385 = VERTEX_POINT ( 'NONE', #415 ) ;
#1386 = EDGE_CURVE ( 'NONE', #840, #502, #2824, .T. ) ;
#1387 = DIRECTION ( 'NONE',  ( 5.204170427930423255E-16, 1.000000000000000000, -0.000000000000000000 ) ) ;
#1388 = VERTEX_POINT ( 'NONE', #1101 ) ;
#1389 = LINE ( 'NONE', #261, #738 ) ;
#1390 = CARTESIAN_POINT ( 'NONE',  ( 10.00000000000000178, -9.000000000000001776, 22.50000000000000000 ) ) ;
#1391 = VERTEX_POINT ( 'NONE', #2627 ) ;
#1392 = CARTESIAN_POINT ( 'NONE',  ( -49.49999999999860023, -1.999999999999956701, 1.677050983126228800 ) ) ;
#1393 = ORIENTED_EDGE ( 'NONE', *, *, #2090, .T. ) ;
#1394 = LINE ( 'NONE', #939, #2909 ) ;
#1395 = LINE ( 'NONE', #1850, #1036 ) ;
#1396 = DIRECTION ( 'NONE',  ( 1.000000000000000000, -1.283953296258157162E-31, 0.000000000000000000 ) ) ;
#1397 = EDGE_CURVE ( 'NONE', #2592, #1424, #606, .T. ) ;
#1398 = EDGE_CURVE ( 'NONE', #1430, #937, #1053, .T. ) ;
#1399 = CIRCLE ( 'NONE', #1444, 10.00000000000000178 ) ;
#1400 = ORIENTED_EDGE ( 'NONE', *, *, #2000, .F. ) ;
#1401 = CIRCLE ( 'NONE', #114, 1.750000000000001554 ) ;
#1402 = VECTOR ( 'NONE', #2591, 1000.000000000000000 ) ;
#1403 = CIRCLE ( 'NONE', #2812, 5.000000000000000888 ) ;
#1404 = CARTESIAN_POINT ( 'NONE',  ( 50.41931260600694742, -6.473604261555307602E-30, 2.500000000000000444 ) ) ;
#1405 = AXIS2_PLACEMENT_3D ( 'NONE', #1593, #1830, #708 ) ;
#1406 = ORIENTED_EDGE ( 'NONE', *, *, #1880, .F. ) ;
#1407 = DIRECTION ( 'NONE',  ( -0.000000000000000000, 1.000000000000000000, -0.000000000000000000 ) ) ;
#1408 = LINE ( 'NONE', #2577, #2731 ) ;
#1409 = ORIENTED_EDGE ( 'NONE', *, *, #723, .T. ) ;
#1410 = DIRECTION ( 'NONE',  ( -1.283953296258157162E-31, -1.000000000000000000, 0.000000000000000000 ) ) ;
#1411 = DIRECTION ( 'NONE',  ( 0.000000000000000000, 0.000000000000000000, 1.000000000000000000 ) ) ;
#1412 = DIRECTION ( 'NONE',  ( 1.283953296258157162E-31, 1.000000000000000000, 0.000000000000000000 ) ) ;
#1413 = DIRECTION ( 'NONE',  ( 1.000000000000000000, 5.204170427930423255E-16, 0.000000000000000000 ) ) ;
#1414 = VECTOR ( 'NONE', #239, 1000.000000000000000 ) ;
#1415 = EDGE_CURVE ( 'NONE', #1424, #962, #2167, .T. ) ;
#1416 = ORIENTED_EDGE ( 'NONE', *, *, #2660, .F. ) ;
#1417 = ADVANCED_FACE ( 'NONE', ( #401 ), #1953, .F. ) ;
#1418 = VECTOR ( 'NONE', #2595, 1000.000000000000000 ) ;
#1419 = CARTESIAN_POINT ( 'NONE',  ( 12.50000000000000000, -4.999999999999999112, 17.49999999999999645 ) ) ;
#1420 = ORIENTED_EDGE ( 'NONE', *, *, #2870, .F. ) ;
#1421 = PLANE ( 'NONE',  #2483 ) ;
#1422 = LINE ( 'NONE', #2562, #943 ) ;
#1423 = ADVANCED_FACE ( 'NONE', ( #828 ), #1512, .T. ) ;
#1424 = VERTEX_POINT ( 'NONE', #1745 ) ;
#1425 = CARTESIAN_POINT ( 'NONE',  ( 0.000000000000000000, 0.000000000000000000, -22.50000000000000000 ) ) ;
#1426 = LINE ( 'NONE', #2553, #1931 ) ;
#1427 = DIRECTION ( 'NONE',  ( 0.000000000000000000, 0.000000000000000000, 1.000000000000000000 ) ) ;
#1428 = DIRECTION ( 'NONE',  ( 1.283953296258157162E-31, 1.000000000000000000, -0.000000000000000000 ) ) ;
#1429 = AXIS2_PLACEMENT_3D ( 'NONE', #44, #1192, #1396 ) ;
#1430 = VERTEX_POINT ( 'NONE', #386 ) ;
#1431 = EDGE_CURVE ( 'NONE', #1208, #2813, #2887, .T. ) ;
#1432 = ORIENTED_EDGE ( 'NONE', *, *, #2010, .T. ) ;
#1433 = EDGE_LOOP ( 'NONE', ( #1126, #2888, #826, #387 ) ) ;
#1434 = LINE ( 'NONE', #1692, #196 ) ;
#1435 = FACE_BOUND ( 'NONE', #1359, .T. ) ;
#1436 = ORIENTED_EDGE ( 'NONE', *, *, #345, .T. ) ;
#1437 = CARTESIAN_POINT ( 'NONE',  ( 0.000000000000000000, 0.000000000000000000, -22.50000000000000000 ) ) ;
#1438 = CARTESIAN_POINT ( 'NONE',  ( 50.50000000000137845, -1.000000000000000000, 1.677050983123435923 ) ) ;
#1439 = DIRECTION ( 'NONE',  ( -1.000000000000000000, 4.956352788505158337E-16, 0.000000000000000000 ) ) ;
#1440 = FACE_OUTER_BOUND ( 'NONE', #903, .T. ) ;
#1441 = EDGE_LOOP ( 'NONE', ( #1442, #2085, #1491, #775 ) ) ;
#1442 = ORIENTED_EDGE ( 'NONE', *, *, #1918, .T. ) ;
#1443 = AXIS2_PLACEMENT_3D ( 'NONE', #2530, #2422, #405 ) ;
#1444 = AXIS2_PLACEMENT_3D ( 'NONE', #1738, #1961, #2602 ) ;
#1445 = VERTEX_POINT ( 'NONE', #1068 ) ;
#1446 = ORIENTED_EDGE ( 'NONE', *, *, #1694, .F. ) ;
#1447 = PRODUCT_DEFINITION_CONTEXT ( 'detailed design', #797, 'design' ) ;
#1448 = FACE_OUTER_BOUND ( 'NONE', #19, .T. ) ;
#1449 = CARTESIAN_POINT ( 'NONE',  ( 10.00000000000000178, -1.999999999999987121, 22.50000000000000000 ) ) ;
#1450 = AXIS2_PLACEMENT_3D ( 'NONE', #1993, #1767, #871 ) ;
#1451 = ORIENTED_EDGE ( 'NONE', *, *, #2220, .T. ) ;
#1452 = EDGE_CURVE ( 'NONE', #2651, #2529, #161, .T. ) ;
#1453 = EDGE_CURVE ( 'NONE', #2438, #848, #2420, .T. ) ;
#1454 = DIRECTION ( 'NONE',  ( 0.000000000000000000, 0.000000000000000000, -1.000000000000000000 ) ) ;
#1455 = FACE_OUTER_BOUND ( 'NONE', #2495, .T. ) ;
#1456 = CARTESIAN_POINT ( 'NONE',  ( -15.00000000000000000, -1.999999999999999112, 24.99999999999999645 ) ) ;
#1457 = VERTEX_POINT ( 'NONE', #861 ) ;
#1458 = ORIENTED_EDGE ( 'NONE', *, *, #24, .T. ) ;
#1459 = LINE ( 'NONE', #790, #214 ) ;
#1460 = VERTEX_POINT ( 'NONE', #2199 ) ;
#1461 = ORIENTED_EDGE ( 'NONE', *, *, #2544, .T. ) ;
#1462 = VECTOR ( 'NONE', #1187, 1000.000000000000000 ) ;
#1463 = CARTESIAN_POINT ( 'NONE',  ( -3.262652233999262263E-52, 0.000000000000000000, -50.00000000000000000 ) ) ;
#1464 = LINE ( 'NONE', #2834, #884 ) ;
#1465 = ORIENTED_EDGE ( 'NONE', *, *, #1904, .F. ) ;
#1466 = DIRECTION ( 'NONE',  ( -1.000000000000000000, 0.000000000000000000, 0.000000000000000000 ) ) ;
#1467 = ADVANCED_FACE ( 'NONE', ( #178 ), #1760, .F. ) ;
#1468 = DIRECTION ( 'NONE',  ( 1.283953296258157162E-31, 1.000000000000000000, 0.000000000000000000 ) ) ;
#1469 = CARTESIAN_POINT ( 'NONE',  ( -20.00000000000000000, -4.336808689942017736E-16, 22.50000000000000000 ) ) ;
#1470 = ORIENTED_EDGE ( 'NONE', *, *, #2182, .F. ) ;
#1471 = CARTESIAN_POINT ( 'NONE',  ( 20.00000000000000000, -1.999999999999992228, -50.50000000000000711 ) ) ;
#1472 = EDGE_CURVE ( 'NONE', #949, #64, #1997, .T. ) ;
#1473 = AXIS2_PLACEMENT_3D ( 'NONE', #1354, #2848, #1135 ) ;
#1474 = ORIENTED_EDGE ( 'NONE', *, *, #595, .F. ) ;
#1475 = VERTEX_POINT ( 'NONE', #129 ) ;
#1476 = CARTESIAN_POINT ( 'NONE',  ( 49.50000000000137845, -2.000000000000007105, -1.677050983126250561 ) ) ;
#1477 = DIRECTION ( 'NONE',  ( 1.283953296258157162E-31, 1.000000000000000000, -0.000000000000000000 ) ) ;
#1478 = ORIENTED_EDGE ( 'NONE', *, *, #2363, .F. ) ;
#1479 = CARTESIAN_POINT ( 'NONE',  ( -10.00000000000000178, -1.999999999999999112, 27.50000000000000000 ) ) ;
#1480 = FACE_OUTER_BOUND ( 'NONE', #2578, .T. ) ;
#1481 = LINE ( 'NONE', #1009, #96 ) ;
#1482 = ORIENTED_EDGE ( 'NONE', *, *, #436, .F. ) ;
#1483 = EDGE_CURVE ( 'NONE', #442, #1223, #1939, .T. ) ;
#1484 = EDGE_CURVE ( 'NONE', #2618, #2286, #1691, .T. ) ;
#1485 = CYLINDRICAL_SURFACE ( 'NONE', #1168, 2.534920720960780027 ) ;
#1486 = ORIENTED_EDGE ( 'NONE', *, *, #1844, .F. ) ;
#1487 = EDGE_LOOP ( 'NONE', ( #1705, #2516, #1019, #2336 ) ) ;
#1488 = LINE ( 'NONE', #379, #2141 ) ;
#1489 = CYLINDRICAL_SURFACE ( 'NONE', #2504, 1.050000000000002265 ) ;
#1490 = CARTESIAN_POINT ( 'NONE',  ( -10.00000000000000178, -4.999999999999999112, 27.50000000000000000 ) ) ;
#1491 = ORIENTED_EDGE ( 'NONE', *, *, #360, .F. ) ;
#1492 = VECTOR ( 'NONE', #2022, 1000.000000000000000 ) ;
#1493 = VECTOR ( 'NONE', #1318, 1000.000000000000000 ) ;
#1494 = PLANE ( 'NONE',  #2478 ) ;
#1495 = DIRECTION ( 'NONE',  ( -1.000000000000000000, 4.956352788505158337E-16, 0.000000000000000000 ) ) ;
#1496 = VECTOR ( 'NONE', #2429, 1000.000000000000000 ) ;
#1497 = CIRCLE ( 'NONE', #980, 1.750000000000001554 ) ;
#1498 = CARTESIAN_POINT ( 'NONE',  ( -50.41931260600694742, -34.91688117545768932, 2.499999999999998668 ) ) ;
#1499 = DIRECTION ( 'NONE',  ( 0.000000000000000000, 0.000000000000000000, 1.000000000000000000 ) ) ;
#1500 = CARTESIAN_POINT ( 'NONE',  ( 50.00000000000000000, -1.000000000000000000, -1.951563910473907981E-15 ) ) ;
#1501 = CARTESIAN_POINT ( 'NONE',  ( 49.50000000000137845, -1.000000000000000000, 1.677050983123435923 ) ) ;
#1502 = EDGE_CURVE ( 'NONE', #2845, #453, #1644, .T. ) ;
#1503 = EDGE_LOOP ( 'NONE', ( #2725, #1043, #2699, #529 ) ) ;
#1504 = ORIENTED_EDGE ( 'NONE', *, *, #1397, .T. ) ;
#1505 = CARTESIAN_POINT ( 'NONE',  ( 20.00000000000000355, 0.000000000000000000, 22.50000000000000000 ) ) ;
#1506 = CARTESIAN_POINT ( 'NONE',  ( 30.00000000000000355, -1.734723475976813721E-14, 12.50000000000000000 ) ) ;
#1507 = DIRECTION ( 'NONE',  ( 5.204170427930423255E-16, 1.000000000000000000, -0.000000000000000000 ) ) ;
#1508 = CIRCLE ( 'NONE', #421, 1.750000000000001110 ) ;
#1509 = DIRECTION ( 'NONE',  ( 1.283953296258157381E-31, 1.000000000000000000, 0.000000000000000000 ) ) ;
#1510 = ORIENTED_EDGE ( 'NONE', *, *, #1937, .F. ) ;
#1511 = CYLINDRICAL_SURFACE ( 'NONE', #1672, 5.000000000000000888 ) ;
#1512 = PLANE ( 'NONE',  #898 ) ;
#1513 = VECTOR ( 'NONE', #2780, 1000.000000000000000 ) ;
#1514 = VERTEX_POINT ( 'NONE', #1801 ) ;
#1515 = DIRECTION ( 'NONE',  ( -1.000000000000000000, 0.000000000000000000, -0.000000000000000000 ) ) ;
#1516 = LINE ( 'NONE', #1943, #970 ) ;
#1517 = CARTESIAN_POINT ( 'NONE',  ( -12.49999999999999822, -1.999999999999999112, 24.99999999999999645 ) ) ;
#1518 = ORIENTED_EDGE ( 'NONE', *, *, #1386, .F. ) ;
#1519 = ORIENTED_EDGE ( 'NONE', *, *, #49, .T. ) ;
#1520 = DIRECTION ( 'NONE',  ( 1.000000000000000000, -1.283953296258157381E-31, 0.000000000000000000 ) ) ;
#1521 = FACE_OUTER_BOUND ( 'NONE', #819, .T. ) ;
#1522 = CARTESIAN_POINT ( 'NONE',  ( -50.49999999999860023, -1.000000000000000000, 1.677050983126229022 ) ) ;
#1523 = EDGE_CURVE ( 'NONE', #206, #2618, #1831, .T. ) ;
#1524 = LINE ( 'NONE', #2462, #1867 ) ;
#1525 = VECTOR ( 'NONE', #787, 1000.000000000000000 ) ;
#1526 = ORIENTED_EDGE ( 'NONE', *, *, #2713, .F. ) ;
#1527 = LINE ( 'NONE', #385, #2331 ) ;
#1528 = CARTESIAN_POINT ( 'NONE',  ( 20.00000000000000000, -1.999999999999992228, -49.50000000000000711 ) ) ;
#1529 = ORIENTED_EDGE ( 'NONE', *, *, #835, .F. ) ;
#1530 = CARTESIAN_POINT ( 'NONE',  ( -9.629649721936179265E-32, -4.999999999999999112, 0.000000000000000000 ) ) ;
#1531 = VERTEX_POINT ( 'NONE', #908 ) ;
#1532 = DIRECTION ( 'NONE',  ( -1.283953296258157381E-31, -1.000000000000000000, 0.000000000000000000 ) ) ;
#1533 = ORIENTED_EDGE ( 'NONE', *, *, #780, .F. ) ;
#1534 = CARTESIAN_POINT ( 'NONE',  ( 12.49999999999999822, -1.999999999999999112, 24.99999999999999645 ) ) ;
#1535 = CARTESIAN_POINT ( 'NONE',  ( 49.50000000000137845, -2.000000000000007105, 1.677050983123435923 ) ) ;
#1536 = CARTESIAN_POINT ( 'NONE',  ( 50.00000000000000000, 1.200000000000000030E-05, -1.951563910473907981E-15 ) ) ;
#1537 = ORIENTED_EDGE ( 'NONE', *, *, #1599, .T. ) ;
#1538 = LINE ( 'NONE', #666, #2716 ) ;
#1539 = DIRECTION ( 'NONE',  ( -1.000000000000000000, 5.204170427930420297E-16, 0.000000000000000000 ) ) ;
#1540 = CIRCLE ( 'NONE', #260, 1.750000000000001554 ) ;
#1541 = EDGE_CURVE ( 'NONE', #337, #2013, #39, .T. ) ;
#1542 = ADVANCED_FACE ( 'NONE', ( #1335 ), #9, .F. ) ;
#1543 = ORIENTED_EDGE ( 'NONE', *, *, #1183, .F. ) ;
#1544 = CARTESIAN_POINT ( 'NONE',  ( -20.00000000000000000, -1.999999999999974021, 12.50000000000000000 ) ) ;
#1545 = CIRCLE ( 'NONE', #1355, 5.000000000000000888 ) ;
#1546 = AXIS2_PLACEMENT_3D ( 'NONE', #2733, #2748, #2283 ) ;
#1547 = VECTOR ( 'NONE', #538, 1000.000000000000000 ) ;
#1548 = ORIENTED_EDGE ( 'NONE', *, *, #2441, .T. ) ;
#1549 = LINE ( 'NONE', #2907, #1124 ) ;
#1550 = EDGE_LOOP ( 'NONE', ( #7, #889, #375, #53, #2843, #399, #367, #1798, #1420, #2282, #137, #1150, #241, #1458, #2249, #2453, #1930, #1913, #724, #2467, #2706, #2497, #1617, #2294, #89, #331, #1848, #301, #1657, #419, #1016 ) ) ;
#1551 = DIRECTION ( 'NONE',  ( 1.000000000000000000, 3.614007241618359618E-17, 0.000000000000000000 ) ) ;
#1552 = ORIENTED_EDGE ( 'NONE', *, *, #2117, .F. ) ;
#1553 = DIRECTION ( 'NONE',  ( -1.000000000000000000, 0.000000000000000000, 0.000000000000000000 ) ) ;
#1554 = CARTESIAN_POINT ( 'NONE',  ( 10.00000000000000178, -1.999999999999987121, -22.50000000000000000 ) ) ;
#1555 = VECTOR ( 'NONE', #1321, 1000.000000000000000 ) ;
#1556 = APPLICATION_CONTEXT ( 'automotive_design' ) ;
#1557 = ORIENTED_EDGE ( 'NONE', *, *, #255, .F. ) ;
#1558 = VECTOR ( 'NONE', #727, 1000.000000000000000 ) ;
#1559 = CARTESIAN_POINT ( 'NONE',  ( 49.50000000000137845, -1.000000000000000000, -0.6770509831262503386 ) ) ;
#1560 = ADVANCED_FACE ( 'NONE', ( #920 ), #469, .F. ) ;
#1561 = CARTESIAN_POINT ( 'NONE',  ( -0.6770509831248430199, -9.000000000000005329, -49.50000000000000000 ) ) ;
#1562 = FACE_OUTER_BOUND ( 'NONE', #1951, .T. ) ;
#1563 = VERTEX_POINT ( 'NONE', #2730 ) ;
#1564 = CARTESIAN_POINT ( 'NONE',  ( -20.00000000000000000, -4.336808689942017736E-16, -12.49999999999999112 ) ) ;
#1565 = ORIENTED_EDGE ( 'NONE', *, *, #1937, .T. ) ;
#1566 = DIRECTION ( 'NONE',  ( -1.283953296258157162E-31, 1.000000000000000000, 0.000000000000000000 ) ) ;
#1567 = DIRECTION ( 'NONE',  ( -1.000000000000000000, 4.956352788505158337E-16, 0.000000000000000000 ) ) ;
#1568 = DIRECTION ( 'NONE',  ( 1.000000000000000000, -5.204170427930422269E-16, -0.000000000000000000 ) ) ;
#1569 = VERTEX_POINT ( 'NONE', #2466 ) ;
#1570 = CARTESIAN_POINT ( 'NONE',  ( 10.00000000000000178, -9.000000000000001776, 22.50000000000000000 ) ) ;
#1571 = FACE_OUTER_BOUND ( 'NONE', #683, .T. ) ;
#1572 = PLANE ( 'NONE',  #1473 ) ;
#1573 = EDGE_CURVE ( 'NONE', #2391, #1460, #38, .T. ) ;
#1574 = ORIENTED_EDGE ( 'NONE', *, *, #2684, .F. ) ;
#1575 = EDGE_CURVE ( 'NONE', #2327, #640, #2063, .T. ) ;
#1576 = CARTESIAN_POINT ( 'NONE',  ( -17.00000000000000000, -3.252606517456513302E-16, 2.399999999999999911 ) ) ;
#1577 = VERTEX_POINT ( 'NONE', #1786 ) ;
#1578 = FACE_OUTER_BOUND ( 'NONE', #1689, .T. ) ;
#1579 = DIRECTION ( 'NONE',  ( -0.000000000000000000, 1.000000000000000000, -0.000000000000000000 ) ) ;
#1580 = ORIENTED_EDGE ( 'NONE', *, *, #2234, .F. ) ;
#1581 = DIRECTION ( 'NONE',  ( -1.000000000000000000, -1.734723475976807094E-16, 0.000000000000000000 ) ) ;
#1582 = AXIS2_PLACEMENT_3D ( 'NONE', #1932, #1267, #1520 ) ;
#1583 = VECTOR ( 'NONE', #2645, 1000.000000000000000 ) ;
#1584 = DIRECTION ( 'NONE',  ( 1.000000000000000000, 0.000000000000000000, 0.000000000000000000 ) ) ;
#1585 = VECTOR ( 'NONE', #1509, 1000.000000000000000 ) ;
#1586 = LINE ( 'NONE', #2649, #221 ) ;
#1587 = CARTESIAN_POINT ( 'NONE',  ( -49.49999999999860023, -1.999999999999955813, -0.6770509831234574616 ) ) ;
#1588 = VECTOR ( 'NONE', #1077, 1000.000000000000000 ) ;
#1589 = ORIENTED_EDGE ( 'NONE', *, *, #765, .T. ) ;
#1590 = EDGE_CURVE ( 'NONE', #2902, #1245, #455, .T. ) ;
#1591 = PLANE ( 'NONE',  #212 ) ;
#1592 = EDGE_LOOP ( 'NONE', ( #1543, #1695, #1235, #1907 ) ) ;
#1593 = CARTESIAN_POINT ( 'NONE',  ( -2.567906592516291554E-31, -1.999999999999981792, -50.00000000000000000 ) ) ;
#1594 = LINE ( 'NONE', #2492, #1226 ) ;
#1595 = ORIENTED_EDGE ( 'NONE', *, *, #2026, .T. ) ;
#1596 = VERTEX_POINT ( 'NONE', #2932 ) ;
#1597 = AXIS2_PLACEMENT_3D ( 'NONE', #709, #1813, #427 ) ;
#1598 = CARTESIAN_POINT ( 'NONE',  ( -30.00000000000000000, -2.000000000000000444, -12.50000000000000355 ) ) ;
#1599 = EDGE_CURVE ( 'NONE', #300, #1802, #1375, .T. ) ;
#1600 = DIRECTION ( 'NONE',  ( 1.000000000000000000, -6.419766481290785812E-32, -1.734723475976806848E-16 ) ) ;
#1601 = FACE_OUTER_BOUND ( 'NONE', #1550, .T. ) ;
#1602 = ORIENTED_EDGE ( 'NONE', *, *, #1341, .T. ) ;
#1603 = DIRECTION ( 'NONE',  ( 1.000000000000000000, -1.283953296258158695E-31, 0.000000000000000000 ) ) ;
#1604 = VERTEX_POINT ( 'NONE', #1347 ) ;
#1605 = EDGE_CURVE ( 'NONE', #962, #583, #1508, .T. ) ;
#1606 = FACE_OUTER_BOUND ( 'NONE', #2880, .T. ) ;
#1607 = CARTESIAN_POINT ( 'NONE',  ( 50.50000000000137845, -9.000000000000005329, 0.6770509831234358122 ) ) ;
#1608 = EDGE_LOOP ( 'NONE', ( #2908, #494, #378, #720, #58, #568 ) ) ;
#1609 = ADVANCED_FACE ( 'NONE', ( #1362 ), #2240, .T. ) ;
#1610 = EDGE_CURVE ( 'NONE', #1662, #462, #1594, .T. ) ;
#1611 = CIRCLE ( 'NONE', #2741, 2.534920720960780027 ) ;
#1612 = DIRECTION ( 'NONE',  ( 0.000000000000000000, -0.000000000000000000, 1.000000000000000000 ) ) ;
#1613 = CARTESIAN_POINT ( 'NONE',  ( 12.99999999999999645, -1.999999999999988232, -12.59999999999999964 ) ) ;
#1614 = FACE_BOUND ( 'NONE', #752, .T. ) ;
#1615 = ORIENTED_EDGE ( 'NONE', *, *, #1659, .T. ) ;
#1616 = CARTESIAN_POINT ( 'NONE',  ( 50.00000000000138556, -2.000000000000007994, -1.407320270801093949E-12 ) ) ;
#1617 = ORIENTED_EDGE ( 'NONE', *, *, #2290, .T. ) ;
#1618 = DIRECTION ( 'NONE',  ( 1.000000000000000000, 5.204170427930422269E-16, -0.000000000000000000 ) ) ;
#1619 = DIRECTION ( 'NONE',  ( -1.000000000000000000, -5.204170427930420297E-16, 0.000000000000000000 ) ) ;
#1620 = ORIENTED_EDGE ( 'NONE', *, *, #2114, .T. ) ;
#1621 = DIRECTION ( 'NONE',  ( 1.283953296258157162E-31, 1.000000000000000000, 0.000000000000000000 ) ) ;
#1622 = ADVANCED_FACE ( 'NONE', ( #2048 ), #22, .F. ) ;
#1623 = EDGE_CURVE ( 'NONE', #1385, #357, #482, .T. ) ;
#1624 = DIRECTION ( 'NONE',  ( -0.000000000000000000, -0.000000000000000000, -1.000000000000000000 ) ) ;
#1625 = CARTESIAN_POINT ( 'NONE',  ( 50.50000000000137845, -9.000000000000005329, -1.677050983126250561 ) ) ;
#1626 = CARTESIAN_POINT ( 'NONE',  ( 15.00000000000000000, -4.999999999999999112, 27.50000000000000000 ) ) ;
#1627 = AXIS2_PLACEMENT_3D ( 'NONE', #2581, #560, #1466 ) ;
#1628 = EDGE_LOOP ( 'NONE', ( #1595, #272, #2099, #170, #186 ) ) ;
#1629 = VECTOR ( 'NONE', #2250, 1000.000000000000000 ) ;
#1630 = EDGE_CURVE ( 'NONE', #357, #100, #262, .T. ) ;
#1631 = CIRCLE ( 'NONE', #2765, 1.050000000000000488 ) ;
#1632 = DIRECTION ( 'NONE',  ( 1.283953296258157162E-31, 1.000000000000000000, 0.000000000000000000 ) ) ;
#1633 = AXIS2_PLACEMENT_3D ( 'NONE', #695, #2517, #468 ) ;
#1634 = ORIENTED_EDGE ( 'NONE', *, *, #2647, .T. ) ;
#1635 = CARTESIAN_POINT ( 'NONE',  ( -7.274554361604885777, -1.999999999999980904, -31.50508515947181820 ) ) ;
#1636 = LINE ( 'NONE', #1449, #2811 ) ;
#1637 = ORIENTED_EDGE ( 'NONE', *, *, #545, .T. ) ;
#1638 = CARTESIAN_POINT ( 'NONE',  ( 12.99999999999999645, 0.000000000000000000, -12.59999999999999964 ) ) ;
#1639 = VERTEX_POINT ( 'NONE', #293 ) ;
#1640 = CARTESIAN_POINT ( 'NONE',  ( -1.677050983124843242, -1.999999999999980904, -50.50000000000000000 ) ) ;
#1641 = EDGE_CURVE ( 'NONE', #1889, #1000, #1089, .T. ) ;
#1642 = CARTESIAN_POINT ( 'NONE',  ( -12.50000000000000000, -1.999999999999999112, 17.49999999999999645 ) ) ;
#1643 = LINE ( 'NONE', #2541, #1336 ) ;
#1644 = CIRCLE ( 'NONE', #2584, 1.750000000000001554 ) ;
#1645 = ORIENTED_EDGE ( 'NONE', *, *, #1806, .T. ) ;
#1646 = AXIS2_PLACEMENT_3D ( 'NONE', #740, #284, #1876 ) ;
#1647 = ORIENTED_EDGE ( 'NONE', *, *, #1755, .F. ) ;
#1648 = EDGE_LOOP ( 'NONE', ( #2557, #413, #142, #2049, #2276, #2323, #2207, #1001, #612, #1973, #1537, #151, #2417, #80, #1298, #1222 ) ) ;
#1649 = CARTESIAN_POINT ( 'NONE',  ( -7.049108723209771554, 0.000000000000000000, -26.51017031894364706 ) ) ;
#1650 = DIRECTION ( 'NONE',  ( 1.283953296258157162E-31, 1.000000000000000000, -0.000000000000000000 ) ) ;
#1651 = ORIENTED_EDGE ( 'NONE', *, *, #1200, .F. ) ;
#1652 = DIRECTION ( 'NONE',  ( -0.000000000000000000, 1.000000000000000000, -0.000000000000000000 ) ) ;
#1653 = DIRECTION ( 'NONE',  ( 0.000000000000000000, 0.000000000000000000, -1.000000000000000000 ) ) ;
#1654 = CARTESIAN_POINT ( 'NONE',  ( -50.41931260600694742, -6.473604261555309003E-30, 2.499999999999998668 ) ) ;
#1655 = DIRECTION ( 'NONE',  ( 1.000000000000000000, -1.283953296258157381E-31, 0.000000000000000000 ) ) ;
#1656 = VECTOR ( 'NONE', #2603, 1000.000000000000000 ) ;
#1657 = ORIENTED_EDGE ( 'NONE', *, *, #981, .F. ) ;
#1658 = ORIENTED_EDGE ( 'NONE', *, *, #450, .F. ) ;
#1659 = EDGE_CURVE ( 'NONE', #2286, #103, #2533, .T. ) ;
#1660 = EDGE_CURVE ( 'NONE', #2617, #77, #2757, .T. ) ;
#1661 = ORIENTED_EDGE ( 'NONE', *, *, #2039, .F. ) ;
#1662 = VERTEX_POINT ( 'NONE', #2340 ) ;
#1663 = CARTESIAN_POINT ( 'NONE',  ( -1.677050983124843242, -9.000000000000005329, -49.50000000000000000 ) ) ;
#1664 = PLANE ( 'NONE',  #1970 ) ;
#1665 = ORIENTED_EDGE ( 'NONE', *, *, #1573, .T. ) ;
#1666 = LINE ( 'NONE', #322, #542 ) ;
#1667 = CARTESIAN_POINT ( 'NONE',  ( -20.00000000000000355, -34.91688117545768932, -2.500000000000000444 ) ) ;
#1668 = CARTESIAN_POINT ( 'NONE',  ( 30.00000000000000355, 0.000000000000000000, 12.50000000000000000 ) ) ;
#1669 = VERTEX_POINT ( 'NONE', #750 ) ;
#1670 = ORIENTED_EDGE ( 'NONE', *, *, #1573, .F. ) ;
#1671 = CARTESIAN_POINT ( 'NONE',  ( -51.75000000000000711, 1.200000000000000030E-05, -1.737250720623120880E-15 ) ) ;
#1672 = AXIS2_PLACEMENT_3D ( 'NONE', #414, #2404, #1100 ) ;
#1673 = VECTOR ( 'NONE', #660, 1000.000000000000000 ) ;
#1674 = ORIENTED_EDGE ( 'NONE', *, *, #2277, .F. ) ;
#1675 = ORIENTED_EDGE ( 'NONE', *, *, #2441, .F. ) ;
#1676 = VECTOR ( 'NONE', #1365, 1000.000000000000000 ) ;
#1677 = CARTESIAN_POINT ( 'NONE',  ( -2.500000000000000000, -1.999999999999994893, -36.50000000000000000 ) ) ;
#1678 = CARTESIAN_POINT ( 'NONE',  ( 12.02455436160488667, -1.999999999999988010, -27.00508515947182175 ) ) ;
#1679 = EDGE_CURVE ( 'NONE', #2503, #1457, #1408, .T. ) ;
#1680 = CIRCLE ( 'NONE', #410, 2.500000000000002220 ) ;
#1681 = ORIENTED_EDGE ( 'NONE', *, *, #2418, .F. ) ;
#1682 = CARTESIAN_POINT ( 'NONE',  ( -51.75000000000000711, 2.246918268451777935E-31, -1.737250720623120486E-15 ) ) ;
#1683 = CARTESIAN_POINT ( 'NONE',  ( -17.00000000000000000, -3.252606517456513302E-16, 3.450000000000001954 ) ) ;
#1684 = DIRECTION ( 'NONE',  ( 1.000000000000000000, 3.614007241618359618E-17, 0.000000000000000000 ) ) ;
#1685 = ORIENTED_EDGE ( 'NONE', *, *, #281, .T. ) ;
#1686 = EDGE_CURVE ( 'NONE', #1111, #905, #2134, .T. ) ;
#1687 = ORIENTED_EDGE ( 'NONE', *, *, #658, .F. ) ;
#1688 = DIRECTION ( 'NONE',  ( -1.000000000000000000, -0.000000000000000000, -0.000000000000000000 ) ) ;
#1689 = EDGE_LOOP ( 'NONE', ( #1319, #536, #2354, #1031 ) ) ;
#1690 = ORIENTED_EDGE ( 'NONE', *, *, #1183, .T. ) ;
#1691 = CIRCLE ( 'NONE', #1597, 10.00000000000000178 ) ;
#1692 = CARTESIAN_POINT ( 'NONE',  ( -49.49999999999860023, -9.000000000000005329, -0.6770509831234574616 ) ) ;
#1693 = LINE ( 'NONE', #571, #833 ) ;
#1694 = EDGE_CURVE ( 'NONE', #1871, #2067, #62, .T. ) ;
#1695 = ORIENTED_EDGE ( 'NONE', *, *, #2711, .T. ) ;
#1696 = DIRECTION ( 'NONE',  ( -1.000000000000000000, 5.204170427930423255E-16, 4.336808689942014285E-16 ) ) ;
#1697 = ADVANCED_FACE ( 'NONE', ( #1244 ), #2548, .F. ) ;
#1698 = ADVANCED_FACE ( 'NONE', ( #106, #2077, #2119, #528, #1018, #51, #1435, #2776, #733 ), #975, .F. ) ;
#1699 = DIRECTION ( 'NONE',  ( 0.000000000000000000, 0.000000000000000000, -1.000000000000000000 ) ) ;
#1700 = CARTESIAN_POINT ( 'NONE',  ( 50.50000000000137845, -9.000000000000005329, -0.6770509831262506717 ) ) ;
#1701 = ORIENTED_EDGE ( 'NONE', *, *, #893, .T. ) ;
#1702 = CARTESIAN_POINT ( 'NONE',  ( -17.00000000000000000, -1.999999999999998224, 3.450000000000001954 ) ) ;
#1703 = VECTOR ( 'NONE', #770, 1000.000000000000000 ) ;
#1704 = EDGE_LOOP ( 'NONE', ( #2349, #1115, #1051, #1838 ) ) ;
#1705 = ORIENTED_EDGE ( 'NONE', *, *, #110, .T. ) ;
#1706 = CARTESIAN_POINT ( 'NONE',  ( 12.99999999999999645, -1.999999999999988232, -13.65000000000000036 ) ) ;
#1707 = LINE ( 'NONE', #3, #526 ) ;
#1708 = DIRECTION ( 'NONE',  ( -0.000000000000000000, -0.000000000000000000, -1.000000000000000000 ) ) ;
#1709 = ORIENTED_EDGE ( 'NONE', *, *, #2271, .F. ) ;
#1710 = DIRECTION ( 'NONE',  ( 1.000000000000000000, -5.204170427930423255E-16, 0.000000000000000000 ) ) ;
#1711 = DIRECTION ( 'NONE',  ( 5.204170427930423255E-16, 1.000000000000000000, -0.000000000000000000 ) ) ;
#1712 = DIRECTION ( 'NONE',  ( -6.419766481290785812E-32, -1.000000000000000000, -0.000000000000000000 ) ) ;
#1713 = LINE ( 'NONE', #113, #1703 ) ;
#1714 = EDGE_CURVE ( 'NONE', #1223, #2170, #1422, .T. ) ;
#1715 = ADVANCED_FACE ( 'NONE', ( #1856 ), #1664, .F. ) ;
#1716 = ORIENTED_EDGE ( 'NONE', *, *, #2611, .T. ) ;
#1717 = CARTESIAN_POINT ( 'NONE',  ( -17.00000000000000000, 0.000000000000000000, -22.50000000000000000 ) ) ;
#1718 = ORIENTED_EDGE ( 'NONE', *, *, #1659, .F. ) ;
#1719 = ORIENTED_EDGE ( 'NONE', *, *, #2696, .F. ) ;
#1720 = CARTESIAN_POINT ( 'NONE',  ( -50.49999999999860023, -1.999999999999954925, 1.677050983126229022 ) ) ;
#1721 = EDGE_CURVE ( 'NONE', #1514, #620, #2436, .T. ) ;
#1722 = DIRECTION ( 'NONE',  ( 1.000000000000000000, -1.283953296258157381E-31, 0.000000000000000000 ) ) ;
#1723 = CARTESIAN_POINT ( 'NONE',  ( 20.00000000000000355, 0.000000000000000000, 12.50000000000000000 ) ) ;
#1724 = DIRECTION ( 'NONE',  ( -1.000000000000000000, 5.204170427930423255E-16, -1.084202172485503571E-16 ) ) ;
#1725 = ORIENTED_EDGE ( 'NONE', *, *, #2936, .F. ) ;
#1726 = AXIS2_PLACEMENT_3D ( 'NONE', #827, #2213, #621 ) ;
#1727 = VECTOR ( 'NONE', #17, 1000.000000000000000 ) ;
#1728 = DIRECTION ( 'NONE',  ( 1.734723475976813997E-15, 1.000000000000000000, 0.000000000000000000 ) ) ;
#1729 = DIRECTION ( 'NONE',  ( -1.000000000000000000, 0.000000000000000000, -0.000000000000000000 ) ) ;
#1730 = VECTOR ( 'NONE', #136, 1000.000000000000000 ) ;
#1731 = CIRCLE ( 'NONE', #503, 1.750000000000001554 ) ;
#1732 = CARTESIAN_POINT ( 'NONE',  ( -20.00000000000000000, -2.000000000000000444, 22.50000000000000000 ) ) ;
#1733 = ORIENTED_EDGE ( 'NONE', *, *, #1910, .T. ) ;
#1734 = ADVANCED_FACE ( 'NONE', ( #2312 ), #320, .T. ) ;
#1735 = CARTESIAN_POINT ( 'NONE',  ( 20.00000000000000355, 0.000000000000000000, 12.50000000000000355 ) ) ;
#1736 = ORIENTED_EDGE ( 'NONE', *, *, #13, .F. ) ;
#1737 = VERTEX_POINT ( 'NONE', #1678 ) ;
#1738 = CARTESIAN_POINT ( 'NONE',  ( 30.00000000000000000, -2.000000000000001776, -12.50000000000000000 ) ) ;
#1739 = CARTESIAN_POINT ( 'NONE',  ( 10.00000000000000000, -4.999999999999999112, 14.99999999999999645 ) ) ;
#1740 = LINE ( 'NONE', #1934, #735 ) ;
#1741 = VECTOR ( 'NONE', #2093, 1000.000000000000000 ) ;
#1742 = CARTESIAN_POINT ( 'NONE',  ( 20.00000000000000355, -1.999999999999992228, 0.6770509831234318154 ) ) ;
#1743 = ORIENTED_EDGE ( 'NONE', *, *, #2089, .T. ) ;
#1744 = DIRECTION ( 'NONE',  ( 0.000000000000000000, 0.000000000000000000, -1.000000000000000000 ) ) ;
#1745 = CARTESIAN_POINT ( 'NONE',  ( 0.6770509831248430199, -1.999999999999982681, -49.50000000000000000 ) ) ;
#1746 = VECTOR ( 'NONE', #2122, 1000.000000000000000 ) ;
#1747 = ORIENTED_EDGE ( 'NONE', *, *, #1332, .F. ) ;
#1748 = DIRECTION ( 'NONE',  ( -0.000000000000000000, -1.000000000000000000, 0.000000000000000000 ) ) ;
#1749 = ORIENTED_EDGE ( 'NONE', *, *, #634, .F. ) ;
#1750 = DIRECTION ( 'NONE',  ( 0.000000000000000000, -1.000000000000000000, 0.000000000000000000 ) ) ;
#1751 = ORIENTED_EDGE ( 'NONE', *, *, #143, .T. ) ;
#1752 = CARTESIAN_POINT ( 'NONE',  ( 20.00000000000000000, -1.999999999999992228, -12.49999999999999112 ) ) ;
#1753 = DIRECTION ( 'NONE',  ( 1.000000000000000000, -1.283953296258156943E-31, 0.000000000000000000 ) ) ;
#1754 = EDGE_CURVE ( 'NONE', #100, #821, #1636, .T. ) ;
#1755 = EDGE_CURVE ( 'NONE', #677, #1373, #1005, .T. ) ;
#1756 = DIRECTION ( 'NONE',  ( -2.168404344971006896E-16, 0.000000000000000000, -1.000000000000000000 ) ) ;
#1757 = VECTOR ( 'NONE', #380, 1000.000000000000000 ) ;
#1758 = ORIENTED_EDGE ( 'NONE', *, *, #281, .F. ) ;
#1759 = DIRECTION ( 'NONE',  ( -1.000000000000000000, 2.081668171172168119E-15, 0.000000000000000000 ) ) ;
#1760 = PLANE ( 'NONE',  #2536 ) ;
#1761 = ORIENTED_EDGE ( 'NONE', *, *, #344, .T. ) ;
#1762 = DIRECTION ( 'NONE',  ( 3.252606517456510344E-16, -4.176194859519051808E-47, 1.000000000000000000 ) ) ;
#1763 = DIRECTION ( 'NONE',  ( 1.283953296258157381E-31, 1.000000000000000000, 0.000000000000000000 ) ) ;
#1764 = ORIENTED_EDGE ( 'NONE', *, *, #220, .T. ) ;
#1765 = CARTESIAN_POINT ( 'NONE',  ( -8.000000000000003553, -6.999999999999999112, -22.50000000000000000 ) ) ;
#1766 = ORIENTED_EDGE ( 'NONE', *, *, #1483, .T. ) ;
#1767 = DIRECTION ( 'NONE',  ( 1.283953296258157162E-31, 1.000000000000000000, -0.000000000000000000 ) ) ;
#1768 = DIRECTION ( 'NONE',  ( -1.000000000000000000, 0.000000000000000000, 0.000000000000000000 ) ) ;
#1769 = ORIENTED_EDGE ( 'NONE', *, *, #1310, .T. ) ;
#1770 = EDGE_CURVE ( 'NONE', #1371, #1006, #1464, .T. ) ;
#1771 = LINE ( 'NONE', #2690, #2430 ) ;
#1772 = CARTESIAN_POINT ( 'NONE',  ( -50.49999999999860023, -1.000000000000000000, 0.6770509831262291334 ) ) ;
#1773 = AXIS2_PLACEMENT_3D ( 'NONE', #1534, #2428, #913 ) ;
#1774 = ORIENTED_EDGE ( 'NONE', *, *, #1081, .T. ) ;
#1775 = DIRECTION ( 'NONE',  ( -1.000000000000000000, 1.283953296258157162E-31, 0.000000000000000000 ) ) ;
#1776 = AXIS2_PLACEMENT_3D ( 'NONE', #304, #1213, #1917 ) ;
#1777 = AXIS2_PLACEMENT_3D ( 'NONE', #1530, #207, #2185 ) ;
#1778 = AXIS2_PLACEMENT_3D ( 'NONE', #1198, #2532, #2561 ) ;
#1779 = CARTESIAN_POINT ( 'NONE',  ( -52.53492072096078402, -34.91688117545768932, -1.951563910473907981E-15 ) ) ;
#1780 = CARTESIAN_POINT ( 'NONE',  ( -50.49999999999860023, -1.999999999999955813, 0.6770509831262291334 ) ) ;
#1781 = ORIENTED_EDGE ( 'NONE', *, *, #1575, .F. ) ;
#1782 = PLANE ( 'NONE',  #2612 ) ;
#1783 = ORIENTED_EDGE ( 'NONE', *, *, #1109, .F. ) ;
#1784 = CARTESIAN_POINT ( 'NONE',  ( 10.00000000000000178, -1.999999999999987121, 14.99999999999999645 ) ) ;
#1785 = LINE ( 'NONE', #2465, #2623 ) ;
#1786 = CARTESIAN_POINT ( 'NONE',  ( -10.00000000000000178, -1.999999999999995337, 22.50000000000000000 ) ) ;
#1787 = VECTOR ( 'NONE', #967, 1000.000000000000000 ) ;
#1788 = ORIENTED_EDGE ( 'NONE', *, *, #799, .T. ) ;
#1789 = AXIS2_PLACEMENT_3D ( 'NONE', #2722, #1861, #1653 ) ;
#1790 = CARTESIAN_POINT ( 'NONE',  ( -50.49999999999860023, -1.000000000000000000, 0.6770509831262291334 ) ) ;
#1791 =( NAMED_UNIT ( * ) PLANE_ANGLE_UNIT ( ) SI_UNIT ( $, .RADIAN. ) );
#1792 = EDGE_CURVE ( 'NONE', #2337, #2438, #350, .T. ) ;
#1793 = EDGE_CURVE ( 'NONE', #663, #1669, #1693, .T. ) ;
#1794 = DIRECTION ( 'NONE',  ( -1.000000000000000000, 5.132478488279850147E-16, 0.000000000000000000 ) ) ;
#1795 = DIRECTION ( 'NONE',  ( 1.000000000000000000, 0.000000000000000000, 0.000000000000000000 ) ) ;
#1796 = ORIENTED_EDGE ( 'NONE', *, *, #1023, .T. ) ;
#1797 = CARTESIAN_POINT ( 'NONE',  ( -2.500000000000000000, -1.999999999999994893, -50.00000000000000000 ) ) ;
#1798 = ORIENTED_EDGE ( 'NONE', *, *, #1081, .F. ) ;
#1799 = LINE ( 'NONE', #2930, #1257 ) ;
#1800 = DIRECTION ( 'NONE',  ( 1.283953296258157162E-31, 1.000000000000000000, 0.000000000000000000 ) ) ;
#1801 = CARTESIAN_POINT ( 'NONE',  ( -52.53492072096078402, -1.999999999999958922, -1.951563910473907981E-15 ) ) ;
#1802 = VERTEX_POINT ( 'NONE', #631 ) ;
#1803 = DIRECTION ( 'NONE',  ( -1.734723475976807094E-16, 1.000000000000000000, 0.000000000000000000 ) ) ;
#1804 = AXIS2_PLACEMENT_3D ( 'NONE', #897, #1763, #656 ) ;
#1805 = DIRECTION ( 'NONE',  ( 0.000000000000000000, 1.000000000000000000, 0.000000000000000000 ) ) ;
#1806 = EDGE_CURVE ( 'NONE', #2845, #2310, #2820, .T. ) ;
#1807 = PLANE ( 'NONE',  #456 ) ;
#1808 = DIRECTION ( 'NONE',  ( -1.000000000000000000, 5.132478488279850147E-16, 0.000000000000000000 ) ) ;
#1809 = ORIENTED_EDGE ( 'NONE', *, *, #2117, .T. ) ;
#1810 = DIRECTION ( 'NONE',  ( -1.283953296258157381E-31, -1.000000000000000000, 0.000000000000000000 ) ) ;
#1811 = ORIENTED_EDGE ( 'NONE', *, *, #1502, .F. ) ;
#1812 = DIRECTION ( 'NONE',  ( 1.000000000000000000, 0.000000000000000000, 0.000000000000000000 ) ) ;
#1813 = DIRECTION ( 'NONE',  ( -5.204170427930423255E-16, 1.000000000000000000, 0.000000000000000000 ) ) ;
#1814 = EDGE_CURVE ( 'NONE', #2519, #654, #2604, .T. ) ;
#1815 = ORIENTED_EDGE ( 'NONE', *, *, #1610, .F. ) ;
#1816 = LINE ( 'NONE', #2759, #1967 ) ;
#1817 = CIRCLE ( 'NONE', #1964, 5.000000000000000000 ) ;
#1818 = ORIENTED_EDGE ( 'NONE', *, *, #2106, .F. ) ;
#1819 = CIRCLE ( 'NONE', #1072, 2.500000000000000000 ) ;
#1820 = PLANE ( 'NONE',  #662 ) ;
#1821 = PLANE ( 'NONE',  #511 ) ;
#1822 = CARTESIAN_POINT ( 'NONE',  ( 7.999999999999979572, -1.999999999999994893, -26.50000000000000000 ) ) ;
#1823 = VECTOR ( 'NONE', #2469, 1000.000000000000000 ) ;
#1824 = EDGE_CURVE ( 'NONE', #1925, #1866, #124, .T. ) ;
#1825 = ORIENTED_EDGE ( 'NONE', *, *, #1694, .T. ) ;
#1826 = EDGE_CURVE ( 'NONE', #821, #300, #1255, .T. ) ;
#1827 = EDGE_CURVE ( 'NONE', #1430, #1391, #141, .T. ) ;
#1828 = CARTESIAN_POINT ( 'NONE',  ( -50.00000000000000000, 0.000000000000000000, -1.951563910473907981E-15 ) ) ;
#1829 = VERTEX_POINT ( 'NONE', #2653 ) ;
#1830 = DIRECTION ( 'NONE',  ( 5.204170427930423255E-16, 1.000000000000000000, -0.000000000000000000 ) ) ;
#1831 = LINE ( 'NONE', #1141, #748 ) ;
#1832 = ORIENTED_EDGE ( 'NONE', *, *, #1197, .F. ) ;
#1833 = LINE ( 'NONE', #1875, #2719 ) ;
#1834 = VECTOR ( 'NONE', #1650, 1000.000000000000000 ) ;
#1835 = LINE ( 'NONE', #1175, #2827 ) ;
#1836 = LINE ( 'NONE', #1159, #1414 ) ;
#1837 = LINE ( 'NONE', #1383, #2461 ) ;
#1838 = ORIENTED_EDGE ( 'NONE', *, *, #1306, .F. ) ;
#1839 = CARTESIAN_POINT ( 'NONE',  ( -17.00000000000000000, -1.999999999999998224, 2.399999999999999911 ) ) ;
#1840 = ORIENTED_EDGE ( 'NONE', *, *, #1085, .T. ) ;
#1841 = EDGE_CURVE ( 'NONE', #1245, #2135, #69, .T. ) ;
#1842 = CARTESIAN_POINT ( 'NONE',  ( -49.49999999999860023, -1.000000000000000000, 1.677050983126228800 ) ) ;
#1843 = DIRECTION ( 'NONE',  ( 1.283953296258157162E-31, 1.000000000000000000, 0.000000000000000000 ) ) ;
#1844 = EDGE_CURVE ( 'NONE', #1377, #2830, #1082, .T. ) ;
#1845 = ORIENTED_EDGE ( 'NONE', *, *, #657, .T. ) ;
#1846 = PLANE ( 'NONE',  #23 ) ;
#1847 = VECTOR ( 'NONE', #1004, 1000.000000000000000 ) ;
#1848 = ORIENTED_EDGE ( 'NONE', *, *, #2713, .T. ) ;
#1849 = CARTESIAN_POINT ( 'NONE',  ( 15.00000000000000000, -1.999999999999999112, 27.50000000000000000 ) ) ;
#1850 = CARTESIAN_POINT ( 'NONE',  ( -49.49999999999860023, -1.000000000000000000, -0.6770509831234574616 ) ) ;
#1851 = DIRECTION ( 'NONE',  ( 1.283953296258157162E-31, 1.000000000000000000, -0.000000000000000000 ) ) ;
#1852 = ORIENTED_EDGE ( 'NONE', *, *, #1453, .T. ) ;
#1853 = CARTESIAN_POINT ( 'NONE',  ( 12.99999999999999645, -4.276423536147513034E-47, -11.54999999999999893 ) ) ;
#1854 = ORIENTED_EDGE ( 'NONE', *, *, #1484, .T. ) ;
#1855 = DIRECTION ( 'NONE',  ( -0.000000000000000000, 0.000000000000000000, 1.000000000000000000 ) ) ;
#1856 = FACE_OUTER_BOUND ( 'NONE', #834, .T. ) ;
#1857 = EDGE_CURVE ( 'NONE', #2685, #2104, #2849, .T. ) ;
#1858 = ORIENTED_EDGE ( 'NONE', *, *, #308, .T. ) ;
#1859 = DIRECTION ( 'NONE',  ( 0.000000000000000000, 0.000000000000000000, 1.000000000000000000 ) ) ;
#1860 = EDGE_LOOP ( 'NONE', ( #863, #2268, #47, #2543 ) ) ;
#1861 = DIRECTION ( 'NONE',  ( 1.000000000000000000, 0.000000000000000000, 0.000000000000000000 ) ) ;
#1862 = LINE ( 'NONE', #1382, #2302 ) ;
#1863 = DIRECTION ( 'NONE',  ( -1.000000000000000000, 1.283953296258157162E-31, -0.000000000000000000 ) ) ;
#1864 = CIRCLE ( 'NONE', #2194, 1.750000000000001554 ) ;
#1865 = VECTOR ( 'NONE', #2191, 1000.000000000000000 ) ;
#1866 = VERTEX_POINT ( 'NONE', #825 ) ;
#1867 = VECTOR ( 'NONE', #2669, 1000.000000000000000 ) ;
#1868 = VECTOR ( 'NONE', #2599, 1000.000000000000000 ) ;
#1869 = EDGE_LOOP ( 'NONE', ( #946, #629, #2021, #959 ) ) ;
#1870 = CIRCLE ( 'NONE', #1026, 2.534920720960780027 ) ;
#1871 = VERTEX_POINT ( 'NONE', #1535 ) ;
#1872 = CARTESIAN_POINT ( 'NONE',  ( -8.000000000000003553, -6.999999999999999112, 22.50000000000000000 ) ) ;
#1873 = CARTESIAN_POINT ( 'NONE',  ( -30.00000000000000000, -2.000000000000008882, 12.50000000000000000 ) ) ;
#1874 = EDGE_LOOP ( 'NONE', ( #534, #2732, #2321, #1908 ) ) ;
#1875 = CARTESIAN_POINT ( 'NONE',  ( -8.000000000000003553, -6.999999999999999112, -22.50000000000000000 ) ) ;
#1876 = DIRECTION ( 'NONE',  ( -1.000000000000000000, -1.283953296258157381E-31, 0.000000000000000000 ) ) ;
#1877 = LINE ( 'NONE', #518, #276 ) ;
#1878 = CARTESIAN_POINT ( 'NONE',  ( 48.25000000000000000, 1.200000000000000030E-05, -1.737250720623120880E-15 ) ) ;
#1879 = EDGE_CURVE ( 'NONE', #1211, #541, #1034, .T. ) ;
#1880 = EDGE_CURVE ( 'NONE', #1802, #2685, #1740, .T. ) ;
#1881 = AXIS2_PLACEMENT_3D ( 'NONE', #1873, #992, #1619 ) ;
#1882 = ORIENTED_EDGE ( 'NONE', *, *, #1721, .F. ) ;
#1883 = ORIENTED_EDGE ( 'NONE', *, *, #220, .F. ) ;
#1884 = AXIS2_PLACEMENT_3D ( 'NONE', #726, #2766, #2523 ) ;
#1885 = VERTEX_POINT ( 'NONE', #1490 ) ;
#1886 = ORIENTED_EDGE ( 'NONE', *, *, #1376, .T. ) ;
#1887 = DIRECTION ( 'NONE',  ( 1.283953296258157162E-31, 1.000000000000000000, -0.000000000000000000 ) ) ;
#1888 = DIRECTION ( 'NONE',  ( -0.000000000000000000, 1.000000000000000000, 0.000000000000000000 ) ) ;
#1889 = VERTEX_POINT ( 'NONE', #187 ) ;
#1890 = DIRECTION ( 'NONE',  ( 2.312964634635742957E-16, -0.000000000000000000, -1.000000000000000000 ) ) ;
#1891 = CYLINDRICAL_SURFACE ( 'NONE', #1370, 1.050000000000002265 ) ;
#1892 = DIRECTION ( 'NONE',  ( -1.000000000000000000, 0.000000000000000000, 0.000000000000000000 ) ) ;
#1893 = CIRCLE ( 'NONE', #2079, 2.534920720960780027 ) ;
#1894 = ORIENTED_EDGE ( 'NONE', *, *, #2632, .F. ) ;
#1895 = ORIENTED_EDGE ( 'NONE', *, *, #2128, .F. ) ;
#1896 = EDGE_CURVE ( 'NONE', #1457, #515, #356, .T. ) ;
#1897 = CARTESIAN_POINT ( 'NONE',  ( -10.00000000000000178, -1.999999999999999112, 27.50000000000000000 ) ) ;
#1898 = ORIENTED_EDGE ( 'NONE', *, *, #2064, .T. ) ;
#1899 = VERTEX_POINT ( 'NONE', #1269 ) ;
#1900 = LINE ( 'NONE', #2133, #1847 ) ;
#1901 = CARTESIAN_POINT ( 'NONE',  ( 50.41931260600696163, -2.000000000000008882, 2.500000000000000444 ) ) ;
#1902 = ORIENTED_EDGE ( 'NONE', *, *, #1085, .F. ) ;
#1903 = CARTESIAN_POINT ( 'NONE',  ( -49.49999999999860023, -1.999999999999956701, -1.677050983123457684 ) ) ;
#1904 = EDGE_CURVE ( 'NONE', #442, #886, #2622, .T. ) ;
#1905 = DIRECTION ( 'NONE',  ( -0.000000000000000000, -1.000000000000000000, -0.000000000000000000 ) ) ;
#1906 = DIRECTION ( 'NONE',  ( -1.000000000000000000, 0.000000000000000000, 0.000000000000000000 ) ) ;
#1907 = ORIENTED_EDGE ( 'NONE', *, *, #2144, .T. ) ;
#1908 = ORIENTED_EDGE ( 'NONE', *, *, #987, .F. ) ;
#1909 = DIRECTION ( 'NONE',  ( -1.000000000000000000, 1.283953296258157162E-31, 0.000000000000000000 ) ) ;
#1910 = EDGE_CURVE ( 'NONE', #2487, #2503, #1545, .T. ) ;
#1911 = AXIS2_PLACEMENT_3D ( 'NONE', #2832, #856, #1584 ) ;
#1912 = VERTEX_POINT ( 'NONE', #1284 ) ;
#1913 = ORIENTED_EDGE ( 'NONE', *, *, #2183, .T. ) ;
#1914 = AXIS2_PLACEMENT_3D ( 'NONE', #2384, #811, #366 ) ;
#1915 = COLOUR_RGB ( '',0.7921568627450980005, 0.8196078431372548767, 0.9333333333333333481 ) ;
#1916 = FACE_OUTER_BOUND ( 'NONE', #1995, .T. ) ;
#1917 = DIRECTION ( 'NONE',  ( -1.000000000000000000, 5.132478488279850147E-16, 0.000000000000000000 ) ) ;
#1918 = EDGE_CURVE ( 'NONE', #2463, #986, #2177, .T. ) ;
#1919 = EDGE_CURVE ( 'NONE', #905, #2058, #1631, .T. ) ;
#1920 = CIRCLE ( 'NONE', #1405, 1.750000000000001110 ) ;
#1921 = ORIENTED_EDGE ( 'NONE', *, *, #273, .F. ) ;
#1922 = DIRECTION ( 'NONE',  ( -0.000000000000000000, -0.000000000000000000, -1.000000000000000000 ) ) ;
#1923 = DIRECTION ( 'NONE',  ( 1.734723475976806848E-16, 0.000000000000000000, 1.000000000000000000 ) ) ;
#1924 = CARTESIAN_POINT ( 'NONE',  ( 51.75000000000000711, -2.246918268451779687E-31, -1.951563910473907981E-15 ) ) ;
#1925 = VERTEX_POINT ( 'NONE', #397 ) ;
#1926 = DIRECTION ( 'NONE',  ( 0.000000000000000000, 0.000000000000000000, -1.000000000000000000 ) ) ;
#1927 = VECTOR ( 'NONE', #2511, 1000.000000000000000 ) ;
#1928 = VECTOR ( 'NONE', #231, 1000.000000000000000 ) ;
#1929 = ORIENTED_EDGE ( 'NONE', *, *, #120, .F. ) ;
#1930 = ORIENTED_EDGE ( 'NONE', *, *, #2142, .F. ) ;
#1931 = VECTOR ( 'NONE', #1624, 1000.000000000000000 ) ;
#1932 = CARTESIAN_POINT ( 'NONE',  ( 12.99999999999999645, 0.000000000000000000, -12.59999999999999964 ) ) ;
#1933 = CARTESIAN_POINT ( 'NONE',  ( -50.41931260600693321, -1.999999999999960032, 2.500000000000000444 ) ) ;
#1934 = CARTESIAN_POINT ( 'NONE',  ( 20.00000000000000000, -1.999999999999992228, 22.50000000000000000 ) ) ;
#1935 = ORIENTED_EDGE ( 'NONE', *, *, #653, .F. ) ;
#1936 = EDGE_CURVE ( 'NONE', #2237, #2513, #1301, .T. ) ;
#1937 = EDGE_CURVE ( 'NONE', #587, #2672, #1164, .T. ) ;
#1938 = CARTESIAN_POINT ( 'NONE',  ( 0.6770509831248430199, -1.000000000000000000, -49.50000000000000000 ) ) ;
#1939 = LINE ( 'NONE', #247, #2925 ) ;
#1940 = FACE_OUTER_BOUND ( 'NONE', #1201, .T. ) ;
#1941 = LINE ( 'NONE', #1042, #1525 ) ;
#1942 = EDGE_CURVE ( 'NONE', #466, #2040, #2666, .T. ) ;
#1943 = CARTESIAN_POINT ( 'NONE',  ( -8.000000000000000000, 1.540743955509788682E-30, 22.50000000000000000 ) ) ;
#1944 = DIRECTION ( 'NONE',  ( -1.000000000000000000, 0.000000000000000000, 0.000000000000000000 ) ) ;
#1945 = AXIS2_PLACEMENT_3D ( 'NONE', #955, #2525, #2768 ) ;
#1946 = ORIENTED_EDGE ( 'NONE', *, *, #658, .T. ) ;
#1947 = ORIENTED_EDGE ( 'NONE', *, *, #2277, .T. ) ;
#1948 = CARTESIAN_POINT ( 'NONE',  ( 0.6770509831248432420, -1.000000000000000000, -50.50000000000000000 ) ) ;
#1949 = CARTESIAN_POINT ( 'NONE',  ( -12.50000000000000000, -4.999999999999999112, 17.49999999999999645 ) ) ;
#1950 = CARTESIAN_POINT ( 'NONE',  ( 17.00000000000000000, 3.851859888774472582E-31, -27.50000000000000000 ) ) ;
#1951 = EDGE_LOOP ( 'NONE', ( #1474, #2899, #1526, #739 ) ) ;
#1952 = CARTESIAN_POINT ( 'NONE',  ( -7.274554361604885777, -40.41874542459708408, -31.50508515947181820 ) ) ;
#1953 = CYLINDRICAL_SURFACE ( 'NONE', #2393, 4.999999999999997335 ) ;
#1954 = EDGE_CURVE ( 'NONE', #1604, #2132, #2156, .T. ) ;
#1955 = CARTESIAN_POINT ( 'NONE',  ( -1.677050983124843242, -9.000000000000005329, -49.50000000000000000 ) ) ;
#1956 = DIRECTION ( 'NONE',  ( 0.000000000000000000, -0.000000000000000000, 1.000000000000000000 ) ) ;
#1957 = ORIENTED_EDGE ( 'NONE', *, *, #836, .F. ) ;
#1958 = CARTESIAN_POINT ( 'NONE',  ( 50.00000000000000000, 0.000000000000000000, -1.951563910473907981E-15 ) ) ;
#1959 = ORIENTED_EDGE ( 'NONE', *, *, #2747, .F. ) ;
#1960 = VERTEX_POINT ( 'NONE', #102 ) ;
#1961 = DIRECTION ( 'NONE',  ( 5.204170427930423255E-16, 1.000000000000000000, -0.000000000000000000 ) ) ;
#1962 = CARTESIAN_POINT ( 'NONE',  ( -12.49999999999999822, -4.999999999999999112, 24.99999999999999645 ) ) ;
#1963 = CARTESIAN_POINT ( 'NONE',  ( 2.500000000000000000, -40.41874542459708408, -50.00000000000000000 ) ) ;
#1964 = AXIS2_PLACEMENT_3D ( 'NONE', #2358, #783, #2328 ) ;
#1965 = LINE ( 'NONE', #619, #263 ) ;
#1966 = ORIENTED_EDGE ( 'NONE', *, *, #1990, .T. ) ;
#1967 = VECTOR ( 'NONE', #1378, 1000.000000000000000 ) ;
#1968 = CARTESIAN_POINT ( 'NONE',  ( -0.6770509831248265886, -1.999999999999981348, 22.50000000000000355 ) ) ;
#1969 = CARTESIAN_POINT ( 'NONE',  ( -12.50000000000000000, -4.999999999999999112, 17.49999999999999645 ) ) ;
#1970 = AXIS2_PLACEMENT_3D ( 'NONE', #2325, #93, #2518 ) ;
#1971 = ORIENTED_EDGE ( 'NONE', *, *, #2271, .T. ) ;
#1972 = DIRECTION ( 'NONE',  ( 1.283953296258157162E-31, 1.000000000000000000, -0.000000000000000000 ) ) ;
#1973 = ORIENTED_EDGE ( 'NONE', *, *, #1826, .T. ) ;
#1974 = ADVANCED_FACE ( 'NONE', ( #1251 ), #118, .F. ) ;
#1975 = EDGE_CURVE ( 'NONE', #1066, #2037, #2140, .T. ) ;
#1976 = CARTESIAN_POINT ( 'NONE',  ( 8.000000000000000000, -1.999999999999994893, -22.50000000000000000 ) ) ;
#1977 = ORIENTED_EDGE ( 'NONE', *, *, #182, .T. ) ;
#1978 = CARTESIAN_POINT ( 'NONE',  ( 50.50000000000137845, -2.000000000000008882, -1.677050983126250561 ) ) ;
#1979 = CARTESIAN_POINT ( 'NONE',  ( -20.00000000000000000, -4.336808689942017736E-16, -22.50000000000000000 ) ) ;
#1980 = VECTOR ( 'NONE', #1579, 1000.000000000000000 ) ;
#1981 = DIRECTION ( 'NONE',  ( 1.283953296258157162E-31, 1.000000000000000000, 0.000000000000000000 ) ) ;
#1982 = ORIENTED_EDGE ( 'NONE', *, *, #2793, .T. ) ;
#1983 = DIRECTION ( 'NONE',  ( 6.419766481290785812E-32, 1.000000000000000000, 0.000000000000000000 ) ) ;
#1984 = FACE_OUTER_BOUND ( 'NONE', #1648, .T. ) ;
#1985 = VERTEX_POINT ( 'NONE', #2572 ) ;
#1986 = FACE_OUTER_BOUND ( 'NONE', #690, .T. ) ;
#1987 = APPLICATION_PROTOCOL_DEFINITION ( 'draft international standard', 'automotive_design', 1998, #797 ) ;
#1988 = ORIENTED_EDGE ( 'NONE', *, *, #1241, .T. ) ;
#1989 = CARTESIAN_POINT ( 'NONE',  ( 30.00000000000000000, -3.851859888774471706E-30, -2.500000000000000444 ) ) ;
#1990 = EDGE_CURVE ( 'NONE', #502, #934, #1030, .T. ) ;
#1991 = ORIENTED_EDGE ( 'NONE', *, *, #1814, .T. ) ;
#1992 = VECTOR ( 'NONE', #1268, 1000.000000000000000 ) ;
#1993 = CARTESIAN_POINT ( 'NONE',  ( -50.00000000000000000, 0.000000000000000000, -1.951563910473907981E-15 ) ) ;
#1994 = CARTESIAN_POINT ( 'NONE',  ( -0.6770509831248432420, -9.000000000000005329, -50.50000000000000000 ) ) ;
#1995 = EDGE_LOOP ( 'NONE', ( #1751, #2421, #2159, #2279, #189, #1322 ) ) ;
#1996 = CYLINDRICAL_SURFACE ( 'NONE', #2051, 1.750000000000001554 ) ;
#1997 = LINE ( 'NONE', #652, #1272 ) ;
#1998 = ORIENTED_EDGE ( 'NONE', *, *, #198, .T. ) ;
#1999 = DIRECTION ( 'NONE',  ( 1.000000000000000000, 0.000000000000000000, 0.000000000000000000 ) ) ;
#2000 = EDGE_CURVE ( 'NONE', #848, #2585, #1459, .T. ) ;
#2001 = ORIENTED_EDGE ( 'NONE', *, *, #1879, .T. ) ;
#2002 = CARTESIAN_POINT ( 'NONE',  ( -7.049108723209771554, -1.999999999999980904, -26.51017031894364706 ) ) ;
#2003 = ORIENTED_EDGE ( 'NONE', *, *, #2549, .F. ) ;
#2004 = DIRECTION ( 'NONE',  ( 3.614007241618360850E-17, -1.000000000000000000, 0.000000000000000000 ) ) ;
#2005 = ORIENTED_EDGE ( 'NONE', *, *, #1096, .F. ) ;
#2006 = DIRECTION ( 'NONE',  ( 1.283953296258157162E-31, 1.000000000000000000, 0.000000000000000000 ) ) ;
#2007 = EDGE_CURVE ( 'NONE', #1604, #549, #2815, .T. ) ;
#2008 = CARTESIAN_POINT ( 'NONE',  ( -50.49999999999860023, -1.999999999999955369, 22.50000000000000000 ) ) ;
#2009 = DIRECTION ( 'NONE',  ( -0.000000000000000000, -1.000000000000000000, -0.000000000000000000 ) ) ;
#2010 = EDGE_CURVE ( 'NONE', #587, #1985, #806, .T. ) ;
#2011 = VECTOR ( 'NONE', #81, 1000.000000000000000 ) ;
#2012 = VECTOR ( 'NONE', #2739, 1000.000000000000000 ) ;
#2013 = VERTEX_POINT ( 'NONE', #1702 ) ;
#2014 = FACE_OUTER_BOUND ( 'NONE', #1348, .T. ) ;
#2015 = AXIS2_PLACEMENT_3D ( 'NONE', #1012, #1909, #1237 ) ;
#2016 = AXIS2_PLACEMENT_3D ( 'NONE', #481, #1407, #454 ) ;
#2017 = FACE_OUTER_BOUND ( 'NONE', #729, .T. ) ;
#2018 = DIRECTION ( 'NONE',  ( 0.000000000000000000, 0.000000000000000000, -1.000000000000000000 ) ) ;
#2019 = ORIENTED_EDGE ( 'NONE', *, *, #1954, .F. ) ;
#2020 = LINE ( 'NONE', #1742, #642 ) ;
#2021 = ORIENTED_EDGE ( 'NONE', *, *, #235, .T. ) ;
#2022 = DIRECTION ( 'NONE',  ( 0.000000000000000000, 0.000000000000000000, 1.000000000000000000 ) ) ;
#2023 = CARTESIAN_POINT ( 'NONE',  ( 50.00000000000000000, -1.000000000000000000, -1.951563910473907981E-15 ) ) ;
#2024 = DIRECTION ( 'NONE',  ( -1.000000000000000000, 0.000000000000000000, -1.084202172485503448E-16 ) ) ;
#2025 = AXIS2_PLACEMENT_3D ( 'NONE', #1613, #2318, #701 ) ;
#2026 = EDGE_CURVE ( 'NONE', #2625, #1091, #567, .T. ) ;
#2027 = EDGE_LOOP ( 'NONE', ( #487, #76, #236, #317, #491, #2702, #1266 ) ) ;
#2028 = CARTESIAN_POINT ( 'NONE',  ( 10.00000000000000178, -9.000000000000001776, 22.50000000000000000 ) ) ;
#2029 = CARTESIAN_POINT ( 'NONE',  ( -20.00000000000000000, -2.000000000000000444, -22.50000000000000000 ) ) ;
#2030 = LINE ( 'NONE', #1329, #27 ) ;
#2031 = LINE ( 'NONE', #2710, #2596 ) ;
#2032 = ORIENTED_EDGE ( 'NONE', *, *, #2326, .F. ) ;
#2033 = DIRECTION ( 'NONE',  ( -1.000000000000000000, -4.130293990420960515E-16, 0.000000000000000000 ) ) ;
#2034 = EDGE_LOOP ( 'NONE', ( #792, #2764, #290, #772 ) ) ;
#2035 = DIRECTION ( 'NONE',  ( -0.000000000000000000, 0.000000000000000000, 1.000000000000000000 ) ) ;
#2036 = DIRECTION ( 'NONE',  ( 1.000000000000000000, -1.283953296258158695E-31, 0.000000000000000000 ) ) ;
#2037 = VERTEX_POINT ( 'NONE', #596 ) ;
#2038 = FACE_OUTER_BOUND ( 'NONE', #852, .T. ) ;
#2039 = EDGE_CURVE ( 'NONE', #1385, #2801, #329, .T. ) ;
#2040 = VERTEX_POINT ( 'NONE', #2858 ) ;
#2041 = CARTESIAN_POINT ( 'NONE',  ( -30.00000000000000000, -1.999999999999970912, 2.500000000000000444 ) ) ;
#2042 = DIRECTION ( 'NONE',  ( 5.204170427930423255E-16, 1.000000000000000000, -0.000000000000000000 ) ) ;
#2043 = CARTESIAN_POINT ( 'NONE',  ( -10.00000000000000178, -1.999999999999995337, 22.50000000000000000 ) ) ;
#2044 = ORIENTED_EDGE ( 'NONE', *, *, #1541, .T. ) ;
#2045 = DIRECTION ( 'NONE',  ( 1.000000000000000000, 3.614007241618359618E-17, 0.000000000000000000 ) ) ;
#2046 = ORIENTED_EDGE ( 'NONE', *, *, #804, .F. ) ;
#2047 = LINE ( 'NONE', #891, #73 ) ;
#2048 = FACE_OUTER_BOUND ( 'NONE', #1441, .T. ) ;
#2049 = ORIENTED_EDGE ( 'NONE', *, *, #2252, .T. ) ;
#2050 = FACE_OUTER_BOUND ( 'NONE', #2411, .T. ) ;
#2051 = AXIS2_PLACEMENT_3D ( 'NONE', #1067, #860, #875 ) ;
#2052 =( GEOMETRIC_REPRESENTATION_CONTEXT ( 3 ) GLOBAL_UNCERTAINTY_ASSIGNED_CONTEXT ( ( #259 ) ) GLOBAL_UNIT_ASSIGNED_CONTEXT ( ( #1189, #950, #1174 ) ) REPRESENTATION_CONTEXT ( 'NONE', 'WORKASPACE' ) );
#2053 = PLANE ( 'NONE',  #2241 ) ;
#2054 = DIRECTION ( 'NONE',  ( -1.000000000000000000, 5.204170427930421283E-16, 0.000000000000000000 ) ) ;
#2055 = LINE ( 'NONE', #72, #2172 ) ;
#2056 = VECTOR ( 'NONE', #2867, 1000.000000000000000 ) ;
#2057 = EDGE_CURVE ( 'NONE', #2337, #2585, #346, .T. ) ;
#2058 = VERTEX_POINT ( 'NONE', #581 ) ;
#2059 = ADVANCED_FACE ( 'NONE', ( #358 ), #1485, .T. ) ;
#2060 = CARTESIAN_POINT ( 'NONE',  ( 20.00000000000000355, 0.000000000000000000, -22.50000000000000000 ) ) ;
#2061 = ORIENTED_EDGE ( 'NONE', *, *, #1296, .F. ) ;
#2062 = CARTESIAN_POINT ( 'NONE',  ( -49.49999999999860023, -1.000000000000000000, 0.6770509831262286893 ) ) ;
#2063 = LINE ( 'NONE', #1554, #1980 ) ;
#2064 = EDGE_CURVE ( 'NONE', #453, #2845, #2245, .T. ) ;
#2065 = ORIENTED_EDGE ( 'NONE', *, *, #779, .T. ) ;
#2066 = CARTESIAN_POINT ( 'NONE',  ( -2.500000000000000000, 0.000000000000000000, -50.00000000000000000 ) ) ;
#2067 = VERTEX_POINT ( 'NONE', #1501 ) ;
#2068 = AXIS2_PLACEMENT_3D ( 'NONE', #1607, #2506, #1843 ) ;
#2069 = LINE ( 'NONE', #2749, #2257 ) ;
#2070 = DIRECTION ( 'NONE',  ( 5.204170427930423255E-16, 1.000000000000000000, -0.000000000000000000 ) ) ;
#2071 = LINE ( 'NONE', #2094, #432 ) ;
#2072 = VERTEX_POINT ( 'NONE', #2392 ) ;
#2073 = EDGE_CURVE ( 'NONE', #2072, #1669, #977, .T. ) ;
#2074 = DIRECTION ( 'NONE',  ( 1.283953296258157162E-31, 1.000000000000000000, -0.000000000000000000 ) ) ;
#2075 = ORIENTED_EDGE ( 'NONE', *, *, #1975, .T. ) ;
#2076 = DIRECTION ( 'NONE',  ( 1.000000000000000000, -1.283953296258157162E-31, 0.000000000000000000 ) ) ;
#2077 = FACE_BOUND ( 'NONE', #1315, .T. ) ;
#2078 = ORIENTED_EDGE ( 'NONE', *, *, #1203, .F. ) ;
#2079 = AXIS2_PLACEMENT_3D ( 'NONE', #2149, #140, #1808 ) ;
#2080 = DIRECTION ( 'NONE',  ( -0.000000000000000000, -0.000000000000000000, -1.000000000000000000 ) ) ;
#2081 = LINE ( 'NONE', #2524, #1787 ) ;
#2082 = CARTESIAN_POINT ( 'NONE',  ( 0.6770509831248430199, -9.000000000000005329, -49.50000000000000000 ) ) ;
#2083 = ORIENTED_EDGE ( 'NONE', *, *, #595, .T. ) ;
#2084 = CARTESIAN_POINT ( 'NONE',  ( 29.99999999999994316, -34.91688117545769643, 2.500000000000000444 ) ) ;
#2085 = ORIENTED_EDGE ( 'NONE', *, *, #2182, .T. ) ;
#2086 = LINE ( 'NONE', #1227, #1547 ) ;
#2087 = DIRECTION ( 'NONE',  ( -1.000000000000000000, -0.000000000000000000, -0.000000000000000000 ) ) ;
#2088 = ORIENTED_EDGE ( 'NONE', *, *, #2218, .F. ) ;
#2089 = EDGE_CURVE ( 'NONE', #2126, #640, #2409, .T. ) ;
#2090 = EDGE_CURVE ( 'NONE', #1885, #1371, #2171, .T. ) ;
#2091 = LINE ( 'NONE', #516, #265 ) ;
#2092 = DIRECTION ( 'NONE',  ( 0.000000000000000000, 0.000000000000000000, 1.000000000000000000 ) ) ;
#2093 = DIRECTION ( 'NONE',  ( -1.283953296258157381E-31, -1.000000000000000000, 0.000000000000000000 ) ) ;
#2094 = CARTESIAN_POINT ( 'NONE',  ( 15.00000000000000000, -1.999999999999999112, 27.50000000000000000 ) ) ;
#2095 = ORIENTED_EDGE ( 'NONE', *, *, #673, .T. ) ;
#2096 = ORIENTED_EDGE ( 'NONE', *, *, #125, .T. ) ;
#2097 = VECTOR ( 'NONE', #1768, 1000.000000000000000 ) ;
#2098 = AXIS2_PLACEMENT_3D ( 'NONE', #1950, #857, #1753 ) ;
#2099 = ORIENTED_EDGE ( 'NONE', *, *, #2362, .T. ) ;
#2100 = AXIS2_PLACEMENT_3D ( 'NONE', #2717, #496, #8 ) ;
#2101 = ORIENTED_EDGE ( 'NONE', *, *, #2726, .F. ) ;
#2102 = DIRECTION ( 'NONE',  ( -0.000000000000000000, -0.000000000000000000, -1.000000000000000000 ) ) ;
#2103 = DIRECTION ( 'NONE',  ( 0.000000000000000000, -0.000000000000000000, 1.000000000000000000 ) ) ;
#2104 = VERTEX_POINT ( 'NONE', #1735 ) ;
#2105 = CARTESIAN_POINT ( 'NONE',  ( -15.00000000000000000, -1.999999999999999112, 24.99999999999999645 ) ) ;
#2106 = EDGE_CURVE ( 'NONE', #633, #2529, #2630, .T. ) ;
#2107 = LINE ( 'NONE', #1219, #993 ) ;
#2108 = DIRECTION ( 'NONE',  ( 1.283953296258157162E-31, 1.000000000000000000, -0.000000000000000000 ) ) ;
#2109 = CARTESIAN_POINT ( 'NONE',  ( -49.49999999999860023, -9.000000000000005329, -0.6770509831234574616 ) ) ;
#2110 = AXIS2_PLACEMENT_3D ( 'NONE', #936, #948, #1114 ) ;
#2111 = EDGE_LOOP ( 'NONE', ( #1029, #1070, #703, #1486, #1658, #2005, #1788, #45, #2472, #321 ) ) ;
#2112 = ORIENTED_EDGE ( 'NONE', *, *, #255, .T. ) ;
#2113 = AXIS2_PLACEMENT_3D ( 'NONE', #983, #1600, #2736 ) ;
#2114 = EDGE_CURVE ( 'NONE', #650, #1885, #168, .T. ) ;
#2115 = ORIENTED_EDGE ( 'NONE', *, *, #672, .T. ) ;
#2116 = ORIENTED_EDGE ( 'NONE', *, *, #324, .T. ) ;
#2117 = EDGE_CURVE ( 'NONE', #2801, #2327, #1093, .T. ) ;
#2118 = DIRECTION ( 'NONE',  ( 1.283953296258157162E-31, 1.000000000000000000, -0.000000000000000000 ) ) ;
#2119 = FACE_BOUND ( 'NONE', #1860, .T. ) ;
#2120 = ORIENTED_EDGE ( 'NONE', *, *, #382, .F. ) ;
#2121 = DIRECTION ( 'NONE',  ( 1.000000000000000000, -5.204170427930423255E-16, -3.252606517456510344E-16 ) ) ;
#2122 = DIRECTION ( 'NONE',  ( -1.283953296258157162E-31, 1.000000000000000000, 0.000000000000000000 ) ) ;
#2123 = ADVANCED_FACE ( 'NONE', ( #1571 ), #628, .F. ) ;
#2124 = FACE_OUTER_BOUND ( 'NONE', #1342, .T. ) ;
#2125 = CIRCLE ( 'NONE', #862, 1.750000000000000444 ) ;
#2126 = VERTEX_POINT ( 'NONE', #1976 ) ;
#2127 = ORIENTED_EDGE ( 'NONE', *, *, #402, .F. ) ;
#2128 = EDGE_CURVE ( 'NONE', #1662, #2189, #2231, .T. ) ;
#2129 = EDGE_CURVE ( 'NONE', #1475, #2487, #2200, .T. ) ;
#2130 = DIRECTION ( 'NONE',  ( 1.283953296258157162E-31, 1.000000000000000000, -0.000000000000000000 ) ) ;
#2131 = EDGE_LOOP ( 'NONE', ( #952, #1898, #1645, #2715, #697, #2752, #1825, #1709 ) ) ;
#2132 = VERTEX_POINT ( 'NONE', #2219 ) ;
#2133 = CARTESIAN_POINT ( 'NONE',  ( 12.49999999999999822, -1.999999999999999112, 24.99999999999999645 ) ) ;
#2134 = LINE ( 'NONE', #1199, #1462 ) ;
#2135 = VERTEX_POINT ( 'NONE', #869 ) ;
#2136 = LINE ( 'NONE', #109, #1209 ) ;
#2137 = DIRECTION ( 'NONE',  ( 4.956352788505157351E-16, 1.000000000000000000, 0.000000000000000000 ) ) ;
#2138 = CARTESIAN_POINT ( 'NONE',  ( -10.00000000000000533, -9.000000000000005329, -22.50000000000000000 ) ) ;
#2139 = ORIENTED_EDGE ( 'NONE', *, *, #1328, .T. ) ;
#2140 = LINE ( 'NONE', #2352, #2620 ) ;
#2141 = VECTOR ( 'NONE', #1062, 1000.000000000000000 ) ;
#2142 = EDGE_CURVE ( 'NONE', #1829, #2237, #661, .T. ) ;
#2143 = AXIS2_PLACEMENT_3D ( 'NONE', #2688, #873, #188 ) ;
#2144 = EDGE_CURVE ( 'NONE', #2513, #1326, #2030, .T. ) ;
#2145 = ORIENTED_EDGE ( 'NONE', *, *, #1679, .F. ) ;
#2146 = ORIENTED_EDGE ( 'NONE', *, *, #645, .F. ) ;
#2147 = VECTOR ( 'NONE', #2895, 1000.000000000000000 ) ;
#2148 = CIRCLE ( 'NONE', #931, 1.050000000000000488 ) ;
#2149 = CARTESIAN_POINT ( 'NONE',  ( 50.00000000000000000, -2.000000000000008882, -1.951563910473907981E-15 ) ) ;
#2150 = DIRECTION ( 'NONE',  ( -0.000000000000000000, -0.000000000000000000, 1.000000000000000000 ) ) ;
#2151 = VERTEX_POINT ( 'NONE', #197 ) ;
#2152 = CARTESIAN_POINT ( 'NONE',  ( 19.99999999999999289, -1.999999999999992228, -0.6770509831262385703 ) ) ;
#2153 = CARTESIAN_POINT ( 'NONE',  ( 30.00000000000001066, -3.851859888774471706E-30, 2.500000000000000444 ) ) ;
#2154 = DIRECTION ( 'NONE',  ( -0.000000000000000000, -0.000000000000000000, -1.000000000000000000 ) ) ;
#2155 = ORIENTED_EDGE ( 'NONE', *, *, #1857, .T. ) ;
#2156 = LINE ( 'NONE', #552, #1730 ) ;
#2157 = VECTOR ( 'NONE', #1087, 1000.000000000000000 ) ;
#2158 = ORIENTED_EDGE ( 'NONE', *, *, #2678, .F. ) ;
#2159 = ORIENTED_EDGE ( 'NONE', *, *, #876, .T. ) ;
#2160 = AXIS2_PLACEMENT_3D ( 'NONE', #1598, #474, #1381 ) ;
#2161 = CARTESIAN_POINT ( 'NONE',  ( -10.00000000000000000, -1.999999999999999112, 17.49999999999999645 ) ) ;
#2162 = CARTESIAN_POINT ( 'NONE',  ( -17.00000000000000000, -1.999999999999998668, -22.50000000000000000 ) ) ;
#2163 = CARTESIAN_POINT ( 'NONE',  ( 12.49999999999999822, -1.999999999999999112, 24.99999999999999645 ) ) ;
#2164 = EDGE_CURVE ( 'NONE', #2151, #541, #1680, .T. ) ;
#2165 = ORIENTED_EDGE ( 'NONE', *, *, #505, .F. ) ;
#2166 = DIRECTION ( 'NONE',  ( 0.000000000000000000, 1.000000000000000000, -0.000000000000000000 ) ) ;
#2167 = LINE ( 'NONE', #1528, #1366 ) ;
#2168 = CARTESIAN_POINT ( 'NONE',  ( 10.00000000000000000, -4.999999999999999112, 17.49999999999999645 ) ) ;
#2169 = PLANE ( 'NONE',  #339 ) ;
#2170 = VERTEX_POINT ( 'NONE', #208 ) ;
#2171 = LINE ( 'NONE', #837, #452 ) ;
#2172 = VECTOR ( 'NONE', #1863, 1000.000000000000000 ) ;
#2173 = ORIENTED_EDGE ( 'NONE', *, *, #930, .F. ) ;
#2174 = VERTEX_POINT ( 'NONE', #899 ) ;
#2175 = DIRECTION ( 'NONE',  ( -1.000000000000000000, -3.614007241618360850E-17, -0.000000000000000000 ) ) ;
#2176 = CARTESIAN_POINT ( 'NONE',  ( -50.49999999999860023, -1.000000000000000000, -0.6770509831234574616 ) ) ;
#2177 = LINE ( 'NONE', #157, #264 ) ;
#2178 = CARTESIAN_POINT ( 'NONE',  ( 12.99999999999999645, 1.200000000000000030E-05, -12.59999999999999964 ) ) ;
#2179 = EDGE_LOOP ( 'NONE', ( #1736, #305, #117, #2588 ) ) ;
#2180 = CYLINDRICAL_SURFACE ( 'NONE', #1726, 1.050000000000000488 ) ;
#2181 = CARTESIAN_POINT ( 'NONE',  ( -10.00000000000000178, -1.999999999999995337, 22.50000000000000000 ) ) ;
#2182 = EDGE_CURVE ( 'NONE', #986, #2575, #1120, .T. ) ;
#2183 = EDGE_CURVE ( 'NONE', #1829, #2104, #2206, .T. ) ;
#2184 = EDGE_LOOP ( 'NONE', ( #2924, #2088, #154, #1574 ) ) ;
#2185 = DIRECTION ( 'NONE',  ( 0.000000000000000000, -0.000000000000000000, -1.000000000000000000 ) ) ;
#2186 = DIRECTION ( 'NONE',  ( -1.283953296258157381E-31, -1.000000000000000000, 0.000000000000000000 ) ) ;
#2187 = DIRECTION ( 'NONE',  ( -0.000000000000000000, -1.000000000000000000, -0.000000000000000000 ) ) ;
#2188 = DIRECTION ( 'NONE',  ( -6.419766481290785812E-32, -1.000000000000000000, -0.000000000000000000 ) ) ;
#2189 = VERTEX_POINT ( 'NONE', #1989 ) ;
#2190 = EDGE_LOOP ( 'NONE', ( #2403, #1565, #2805, #2694, #1894, #1518, #1451, #808 ) ) ;
#2191 = DIRECTION ( 'NONE',  ( -1.000000000000000000, -0.000000000000000000, -0.000000000000000000 ) ) ;
#2192 = CARTESIAN_POINT ( 'NONE',  ( 8.000000000000000000, 1.540743955509788682E-30, 22.50000000000000000 ) ) ;
#2193 = VECTOR ( 'NONE', #1038, 1000.000000000000000 ) ;
#2194 = AXIS2_PLACEMENT_3D ( 'NONE', #1500, #2408, #610 ) ;
#2195 = CARTESIAN_POINT ( 'NONE',  ( 20.00000000000000000, -1.999999999999992228, -49.50000000000000711 ) ) ;
#2196 = VERTEX_POINT ( 'NONE', #1765 ) ;
#2197 = AXIS2_PLACEMENT_3D ( 'NONE', #2028, #1803, #1581 ) ;
#2198 = CARTESIAN_POINT ( 'NONE',  ( -50.00000000000000000, -1.000000000000000000, -1.951563910473907981E-15 ) ) ;
#2199 = CARTESIAN_POINT ( 'NONE',  ( -50.41931260600694742, -6.473604261555307602E-30, -2.500000000000000444 ) ) ;
#2200 = CIRCLE ( 'NONE', #933, 5.000000000000000888 ) ;
#2201 = ORIENTED_EDGE ( 'NONE', *, *, #1660, .T. ) ;
#2202 = FACE_OUTER_BOUND ( 'NONE', #2634, .T. ) ;
#2203 = LINE ( 'NONE', #831, #1339 ) ;
#2204 = ADVANCED_FACE ( 'NONE', ( #2017 ), #686, .F. ) ;
#2205 = ORIENTED_EDGE ( 'NONE', *, *, #765, .F. ) ;
#2206 = LINE ( 'NONE', #184, #2816 ) ;
#2207 = ORIENTED_EDGE ( 'NONE', *, *, #1623, .T. ) ;
#2208 = CARTESIAN_POINT ( 'NONE',  ( 20.00000000000000355, 0.000000000000000000, 22.50000000000000000 ) ) ;
#2209 = AXIS2_PLACEMENT_3D ( 'NONE', #2789, #961, #722 ) ;
#2210 = CARTESIAN_POINT ( 'NONE',  ( 12.50000000000000000, -4.999999999999999112, 17.49999999999999645 ) ) ;
#2211 = ORIENTED_EDGE ( 'NONE', *, *, #2746, .T. ) ;
#2212 = ADVANCED_FACE ( 'NONE', ( #1368 ), #1807, .T. ) ;
#2213 = DIRECTION ( 'NONE',  ( -0.000000000000000000, -1.000000000000000000, -0.000000000000000000 ) ) ;
#2214 = DIRECTION ( 'NONE',  ( 0.000000000000000000, 0.000000000000000000, 1.000000000000000000 ) ) ;
#2215 = ORIENTED_EDGE ( 'NONE', *, *, #768, .F. ) ;
#2216 = CARTESIAN_POINT ( 'NONE',  ( -12.50000000000000178, -1.999999999999975353, 17.49999999999999645 ) ) ;
#2217 = LINE ( 'NONE', #1294, #2568 ) ;
#2218 = EDGE_CURVE ( 'NONE', #1006, #332, #1549, .T. ) ;
#2219 = CARTESIAN_POINT ( 'NONE',  ( 8.000000000000000000, -6.999999999999999112, -22.50000000000000000 ) ) ;
#2220 = EDGE_CURVE ( 'NONE', #840, #2830, #1586, .T. ) ;
#2221 = VERTEX_POINT ( 'NONE', #1780 ) ;
#2222 = ADVANCED_FACE ( 'NONE', ( #1562 ), #2459, .T. ) ;
#2223 = AXIS2_PLACEMENT_3D ( 'NONE', #1506, #1254, #615 ) ;
#2224 = DIRECTION ( 'NONE',  ( 0.000000000000000000, 0.000000000000000000, -1.000000000000000000 ) ) ;
#2225 = PRODUCT_DEFINITION_FORMATION_WITH_SPECIFIED_SOURCE ( 'ANY', '', #520, .NOT_KNOWN. ) ;
#2226 = ORIENTED_EDGE ( 'NONE', *, *, #578, .T. ) ;
#2227 = DIRECTION ( 'NONE',  ( 0.000000000000000000, 0.000000000000000000, -1.000000000000000000 ) ) ;
#2228 = DIRECTION ( 'NONE',  ( -6.419766481290785812E-32, -1.000000000000000000, -0.000000000000000000 ) ) ;
#2229 = ORIENTED_EDGE ( 'NONE', *, *, #2471, .T. ) ;
#2230 = CARTESIAN_POINT ( 'NONE',  ( 2.500000000000000000, 0.000000000000000000, -36.50000000000000000 ) ) ;
#2231 = LINE ( 'NONE', #1134, #1823 ) ;
#2232 = DIRECTION ( 'NONE',  ( 4.956352788505164254E-16, 1.000000000000000000, -0.000000000000000000 ) ) ;
#2233 = ORIENTED_EDGE ( 'NONE', *, *, #723, .F. ) ;
#2234 = EDGE_CURVE ( 'NONE', #2391, #1514, #1870, .T. ) ;
#2235 = EDGE_CURVE ( 'NONE', #949, #2519, #1731, .T. ) ;
#2236 = DIRECTION ( 'NONE',  ( 0.000000000000000000, 0.000000000000000000, -1.000000000000000000 ) ) ;
#2237 = VERTEX_POINT ( 'NONE', #907 ) ;
#2238 = CARTESIAN_POINT ( 'NONE',  ( -49.49999999999860023, -9.000000000000005329, -1.677050983123457684 ) ) ;
#2239 = CARTESIAN_POINT ( 'NONE',  ( 30.00000000000000355, 0.000000000000000000, -12.50000000000000000 ) ) ;
#2240 = PLANE ( 'NONE',  #229 ) ;
#2241 = AXIS2_PLACEMENT_3D ( 'NONE', #504, #488, #55 ) ;
#2242 = AXIS2_PLACEMENT_3D ( 'NONE', #1576, #692, #2045 ) ;
#2243 = VERTEX_POINT ( 'NONE', #233 ) ;
#2244 = DIRECTION ( 'NONE',  ( -1.000000000000000000, -5.204170427930421283E-16, 0.000000000000000000 ) ) ;
#2245 = CIRCLE ( 'NONE', #693, 1.750000000000001554 ) ;
#2246 = DIRECTION ( 'NONE',  ( -1.000000000000000000, 0.000000000000000000, 0.000000000000000000 ) ) ;
#2247 = DIRECTION ( 'NONE',  ( 4.956352788505157351E-16, 1.000000000000000000, 0.000000000000000000 ) ) ;
#2248 = LINE ( 'NONE', #1300, #812 ) ;
#2249 = ORIENTED_EDGE ( 'NONE', *, *, #2144, .F. ) ;
#2250 = DIRECTION ( 'NONE',  ( 0.000000000000000000, 0.000000000000000000, -1.000000000000000000 ) ) ;
#2251 = VERTEX_POINT ( 'NONE', #2265 ) ;
#2252 = EDGE_CURVE ( 'NONE', #2813, #1577, #1153, .T. ) ;
#2253 = FACE_OUTER_BOUND ( 'NONE', #1869, .T. ) ;
#2254 = CARTESIAN_POINT ( 'NONE',  ( -1.283953296258157162E-31, -1.000000000000000000, -50.00000000000000000 ) ) ;
#2255 = VECTOR ( 'NONE', #778, 1000.000000000000000 ) ;
#2256 = ORIENTED_EDGE ( 'NONE', *, *, #1074, .T. ) ;
#2257 = VECTOR ( 'NONE', #1612, 1000.000000000000000 ) ;
#2258 = PLANE ( 'NONE',  #1546 ) ;
#2259 = CYLINDRICAL_SURFACE ( 'NONE', #1911, 1.750000000000001554 ) ;
#2260 = DIRECTION ( 'NONE',  ( 5.204170427930423255E-16, 1.000000000000000000, -0.000000000000000000 ) ) ;
#2261 = DIRECTION ( 'NONE',  ( -0.000000000000000000, 0.000000000000000000, -1.000000000000000000 ) ) ;
#2262 = ORIENTED_EDGE ( 'NONE', *, *, #182, .F. ) ;
#2263 = CARTESIAN_POINT ( 'NONE',  ( 9.629649721936179265E-32, -1.999999999999999112, 0.000000000000000000 ) ) ;
#2264 = EDGE_LOOP ( 'NONE', ( #2546, #2201, #2032, #1796, #881, #1078, #2835, #1252 ) ) ;
#2265 = CARTESIAN_POINT ( 'NONE',  ( 2.500000000000000000, -1.999999999999994893, -36.50000000000000000 ) ) ;
#2266 = CARTESIAN_POINT ( 'NONE',  ( -2.567906592516291554E-31, -1.999999999999981792, -50.00000000000000000 ) ) ;
#2267 = VECTOR ( 'NONE', #1413, 1000.000000000000000 ) ;
#2268 = ORIENTED_EDGE ( 'NONE', *, *, #243, .T. ) ;
#2269 = DIRECTION ( 'NONE',  ( 0.000000000000000000, 0.000000000000000000, -1.000000000000000000 ) ) ;
#2270 = EDGE_CURVE ( 'NONE', #1577, #1371, #1785, .T. ) ;
#2271 = EDGE_CURVE ( 'NONE', #1596, #2067, #1497, .T. ) ;
#2272 = ORIENTED_EDGE ( 'NONE', *, *, #2307, .T. ) ;
#2273 = CARTESIAN_POINT ( 'NONE',  ( -50.49999999999860023, -1.999999999999955369, 22.50000000000000000 ) ) ;
#2274 = CARTESIAN_POINT ( 'NONE',  ( -20.00000000000000000, -2.000000000000000444, 22.50000000000000000 ) ) ;
#2275 = FACE_BOUND ( 'NONE', #351, .T. ) ;
#2276 = ORIENTED_EDGE ( 'NONE', *, *, #2270, .T. ) ;
#2277 = EDGE_CURVE ( 'NONE', #2586, #2890, #2916, .T. ) ;
#2278 = CARTESIAN_POINT ( 'NONE',  ( 8.000000000000000000, 1.540743955509788682E-30, -22.50000000000000000 ) ) ;
#2279 = ORIENTED_EDGE ( 'NONE', *, *, #2580, .T. ) ;
#2280 = CARTESIAN_POINT ( 'NONE',  ( 15.00000000000000000, -4.999999999999999112, 27.50000000000000000 ) ) ;
#2281 = DIRECTION ( 'NONE',  ( 1.000000000000000000, 1.734723475976806848E-16, -0.000000000000000000 ) ) ;
#2282 = ORIENTED_EDGE ( 'NONE', *, *, #2308, .F. ) ;
#2283 = DIRECTION ( 'NONE',  ( -1.283953296258157162E-31, -1.000000000000000000, 0.000000000000000000 ) ) ;
#2284 = VECTOR ( 'NONE', #139, 1000.000000000000000 ) ;
#2285 = VECTOR ( 'NONE', #2402, 1000.000000000000000 ) ;
#2286 = VERTEX_POINT ( 'NONE', #2704 ) ;
#2287 = VECTOR ( 'NONE', #2399, 1000.000000000000000 ) ;
#2288 = AXIS2_PLACEMENT_3D ( 'NONE', #283, #2314, #295 ) ;
#2289 = FACE_OUTER_BOUND ( 'NONE', #36, .T. ) ;
#2290 = EDGE_CURVE ( 'NONE', #2189, #1430, #359, .T. ) ;
#2291 = LINE ( 'NONE', #1176, #1558 ) ;
#2292 = LINE ( 'NONE', #1160, #291 ) ;
#2293 = VECTOR ( 'NONE', #681, 1000.000000000000000 ) ;
#2294 = ORIENTED_EDGE ( 'NONE', *, *, #1827, .T. ) ;
#2295 = LINE ( 'NONE', #1184, #2671 ) ;
#2296 = ORIENTED_EDGE ( 'NONE', *, *, #2544, .F. ) ;
#2297 = DIRECTION ( 'NONE',  ( 1.000000000000000000, -1.283953296258157381E-31, 0.000000000000000000 ) ) ;
#2298 = DIRECTION ( 'NONE',  ( -0.000000000000000000, 1.000000000000000000, 0.000000000000000000 ) ) ;
#2299 = VERTEX_POINT ( 'NONE', #2280 ) ;
#2300 = DIRECTION ( 'NONE',  ( 2.312964634635742957E-16, 0.000000000000000000, 1.000000000000000000 ) ) ;
#2301 = AXIS2_PLACEMENT_3D ( 'NONE', #2330, #1711, #1495 ) ;
#2302 = VECTOR ( 'NONE', #924, 1000.000000000000000 ) ;
#2303 = CARTESIAN_POINT ( 'NONE',  ( -15.00000000000000000, -4.999999999999999112, 24.99999999999999645 ) ) ;
#2304 = CARTESIAN_POINT ( 'NONE',  ( 1.750000000000000444, 1.200000000000000030E-05, -50.00000000000000000 ) ) ;
#2305 = DIRECTION ( 'NONE',  ( -1.000000000000000000, 0.000000000000000000, 0.000000000000000000 ) ) ;
#2306 = VERTEX_POINT ( 'NONE', #246 ) ;
#2307 = EDGE_CURVE ( 'NONE', #2174, #1885, #2047, .T. ) ;
#2308 = EDGE_CURVE ( 'NONE', #1639, #1263, #2691, .T. ) ;
#2309 = CARTESIAN_POINT ( 'NONE',  ( -8.000000000000000000, 1.540743955509788682E-30, 22.50000000000000000 ) ) ;
#2310 = VERTEX_POINT ( 'NONE', #218 ) ;
#2311 = PLANE ( 'NONE',  #1778 ) ;
#2312 = FACE_OUTER_BOUND ( 'NONE', #758, .T. ) ;
#2313 = ORIENTED_EDGE ( 'NONE', *, *, #1824, .F. ) ;
#2314 = DIRECTION ( 'NONE',  ( 1.283953296258157162E-31, 1.000000000000000000, 0.000000000000000000 ) ) ;
#2315 = CIRCLE ( 'NONE', #148, 2.534920720960780027 ) ;
#2316 = AXIS2_PLACEMENT_3D ( 'NONE', #2109, #2826, #2390 ) ;
#2317 = DIRECTION ( 'NONE',  ( -4.956352788505156365E-16, -1.000000000000000000, -0.000000000000000000 ) ) ;
#2318 = DIRECTION ( 'NONE',  ( 5.204170427930423255E-16, 1.000000000000000000, -0.000000000000000000 ) ) ;
#2319 = FACE_OUTER_BOUND ( 'NONE', #1592, .T. ) ;
#2320 = VERTEX_POINT ( 'NONE', #2062 ) ;
#2321 = ORIENTED_EDGE ( 'NONE', *, *, #2220, .F. ) ;
#2322 = ORIENTED_EDGE ( 'NONE', *, *, #2643, .T. ) ;
#2323 = ORIENTED_EDGE ( 'NONE', *, *, #1092, .T. ) ;
#2324 = DIRECTION ( 'NONE',  ( 1.283953296258157162E-31, 1.000000000000000000, -0.000000000000000000 ) ) ;
#2325 = CARTESIAN_POINT ( 'NONE',  ( 49.50000000000137845, -9.000000000000005329, -1.677050983126250561 ) ) ;
#2326 = EDGE_CURVE ( 'NONE', #1091, #77, #2918, .T. ) ;
#2327 = VERTEX_POINT ( 'NONE', #37 ) ;
#2328 = DIRECTION ( 'NONE',  ( -1.000000000000000000, 5.204170427930421283E-16, 0.000000000000000000 ) ) ;
#2329 = PLANE ( 'NONE',  #1789 ) ;
#2330 = CARTESIAN_POINT ( 'NONE',  ( -49.99999999999860023, -1.999999999999955813, 1.385687929181201641E-12 ) ) ;
#2331 = VECTOR ( 'NONE', #1289, 1000.000000000000000 ) ;
#2332 = CARTESIAN_POINT ( 'NONE',  ( 49.50000000000137845, -9.000000000000005329, -0.6770509831262503386 ) ) ;
#2333 = STYLED_ITEM ( 'NONE', ( #725 ), #559 ) ;
#2334 = ORIENTED_EDGE ( 'NONE', *, *, #1431, .F. ) ;
#2335 = ADVANCED_FACE ( 'NONE', ( #667 ), #935, .T. ) ;
#2336 = ORIENTED_EDGE ( 'NONE', *, *, #2106, .T. ) ;
#2337 = VERTEX_POINT ( 'NONE', #1346 ) ;
#2338 = ORIENTED_EDGE ( 'NONE', *, *, #1841, .F. ) ;
#2339 = LINE ( 'NONE', #1872, #2650 ) ;
#2340 = CARTESIAN_POINT ( 'NONE',  ( 30.00000000000000000, -2.000000000000000000, -2.500000000000000444 ) ) ;
#2341 = ADVANCED_FACE ( 'NONE', ( #1578 ), #919, .F. ) ;
#2342 = ORIENTED_EDGE ( 'NONE', *, *, #1641, .T. ) ;
#2343 = CARTESIAN_POINT ( 'NONE',  ( -8.000000000000000000, -2.000000000000001776, -26.50000000000000000 ) ) ;
#2344 = ADVANCED_FACE ( 'NONE', ( #2253 ), #2491, .T. ) ;
#2345 = ADVANCED_FACE ( 'NONE', ( #1606 ), #2505, .F. ) ;
#2346 = PLANE ( 'NONE',  #2538 ) ;
#2347 = CARTESIAN_POINT ( 'NONE',  ( -50.41931260600694742, -34.91688117545768932, 2.500000000000000444 ) ) ;
#2348 = VECTOR ( 'NONE', #1568, 1000.000000000000000 ) ;
#2349 = ORIENTED_EDGE ( 'NONE', *, *, #744, .F. ) ;
#2350 = EDGE_LOOP ( 'NONE', ( #1239, #1510 ) ) ;
#2351 = CIRCLE ( 'NONE', #279, 1.750000000000001554 ) ;
#2352 = CARTESIAN_POINT ( 'NONE',  ( 1.677050983124843242, -9.000000000000005329, -50.50000000000000000 ) ) ;
#2353 = ORIENTED_EDGE ( 'NONE', *, *, #878, .T. ) ;
#2354 = ORIENTED_EDGE ( 'NONE', *, *, #2471, .F. ) ;
#2355 = DIRECTION ( 'NONE',  ( 1.000000000000000000, -1.283953296258157162E-31, 0.000000000000000000 ) ) ;
#2356 = DIRECTION ( 'NONE',  ( -0.000000000000000000, 1.000000000000000000, -0.000000000000000000 ) ) ;
#2357 = ORIENTED_EDGE ( 'NONE', *, *, #1363, .T. ) ;
#2358 = CARTESIAN_POINT ( 'NONE',  ( 7.049108723209771554, -1.999999999999988010, -26.51017031894364706 ) ) ;
#2359 = PLANE ( 'NONE',  #514 ) ;
#2360 = AXIS2_PLACEMENT_3D ( 'NONE', #476, #2783, #1177 ) ;
#2361 = DIRECTION ( 'NONE',  ( 1.283953296258157162E-31, -1.000000000000000000, -0.000000000000000000 ) ) ;
#2362 = EDGE_CURVE ( 'NONE', #77, #2545, #1920, .T. ) ;
#2363 = EDGE_CURVE ( 'NONE', #2933, #663, #1389, .T. ) ;
#2364 = ORIENTED_EDGE ( 'NONE', *, *, #1311, .T. ) ;
#2365 = CARTESIAN_POINT ( 'NONE',  ( -10.00000000000000533, -9.000000000000005329, 22.50000000000000000 ) ) ;
#2366 = VERTEX_POINT ( 'NONE', #1842 ) ;
#2367 = ORIENTED_EDGE ( 'NONE', *, *, #2401, .T. ) ;
#2368 = FACE_OUTER_BOUND ( 'NONE', #228, .T. ) ;
#2369 = CARTESIAN_POINT ( 'NONE',  ( -0.6770509831248432420, -1.000000000000000000, -50.50000000000000000 ) ) ;
#2370 = ORIENTED_EDGE ( 'NONE', *, *, #2838, .F. ) ;
#2371 = PLANE ( 'NONE',  #1069 ) ;
#2372 = LINE ( 'NONE', #2582, #134 ) ;
#2373 = DIRECTION ( 'NONE',  ( 0.000000000000000000, 1.000000000000000000, 0.000000000000000000 ) ) ;
#2374 = CARTESIAN_POINT ( 'NONE',  ( 7.499999999999998224, 0.000000000000000000, -36.50000000000000000 ) ) ;
#2375 = EDGE_CURVE ( 'NONE', #2585, #1475, #119, .T. ) ;
#2376 = DIRECTION ( 'NONE',  ( -1.000000000000000000, 5.204170427930423255E-16, 0.000000000000000000 ) ) ;
#2377 = AXIS2_PLACEMENT_3D ( 'NONE', #1505, #2397, #1080 ) ;
#2378 = AXIS2_PLACEMENT_3D ( 'NONE', #2263, #1166, #493 ) ;
#2379 = ORIENTED_EDGE ( 'NONE', *, *, #836, .T. ) ;
#2380 = ORIENTED_EDGE ( 'NONE', *, *, #1415, .F. ) ;
#2381 = DIRECTION ( 'NONE',  ( 1.000000000000000000, 5.204170427930423255E-16, 0.000000000000000000 ) ) ;
#2382 = VECTOR ( 'NONE', #2587, 1000.000000000000000 ) ;
#2383 = CARTESIAN_POINT ( 'NONE',  ( -17.00000000000000000, 1.200000000000000030E-05, 2.399999999999999911 ) ) ;
#2384 = CARTESIAN_POINT ( 'NONE',  ( -7.500000000000000000, 0.000000000000000000, -36.50000000000000000 ) ) ;
#2385 = VECTOR ( 'NONE', #1618, 1000.000000000000000 ) ;
#2386 = ORIENTED_EDGE ( 'NONE', *, *, #1144, .F. ) ;
#2387 = CARTESIAN_POINT ( 'NONE',  ( 10.00000000000000178, -1.999999999999987121, 14.99999999999999645 ) ) ;
#2388 = CARTESIAN_POINT ( 'NONE',  ( 30.00000000000000000, -1.999999999999997780, 2.500000000000000444 ) ) ;
#2389 = DIRECTION ( 'NONE',  ( -0.000000000000000000, -1.000000000000000000, -0.000000000000000000 ) ) ;
#2390 = DIRECTION ( 'NONE',  ( 1.283953296258157162E-31, 1.000000000000000000, 0.000000000000000000 ) ) ;
#2391 = VERTEX_POINT ( 'NONE', #334 ) ;
#2392 = CARTESIAN_POINT ( 'NONE',  ( -1.677050983124843242, -1.000000000000000000, -49.50000000000000000 ) ) ;
#2393 = AXIS2_PLACEMENT_3D ( 'NONE', #2852, #2607, #2837 ) ;
#2394 = ORIENTED_EDGE ( 'NONE', *, *, #1919, .T. ) ;
#2395 = ORIENTED_EDGE ( 'NONE', *, *, #1502, .T. ) ;
#2396 = CIRCLE ( 'NONE', #1136, 10.00000000000000178 ) ;
#2397 = DIRECTION ( 'NONE',  ( -1.000000000000000000, 1.734723475976813997E-15, 0.000000000000000000 ) ) ;
#2398 = LINE ( 'NONE', #2866, #1757 ) ;
#2399 = DIRECTION ( 'NONE',  ( -1.000000000000000000, -3.614007241618360850E-17, -0.000000000000000000 ) ) ;
#2400 = ADVANCED_FACE ( 'NONE', ( #763 ), #1421, .F. ) ;
#2401 = EDGE_CURVE ( 'NONE', #2618, #2391, #2086, .T. ) ;
#2402 = DIRECTION ( 'NONE',  ( 2.312964634635742957E-16, -0.000000000000000000, -1.000000000000000000 ) ) ;
#2403 = ORIENTED_EDGE ( 'NONE', *, *, #2010, .F. ) ;
#2404 = DIRECTION ( 'NONE',  ( -0.000000000000000000, 1.000000000000000000, -0.000000000000000000 ) ) ;
#2405 = DIRECTION ( 'NONE',  ( -1.000000000000000000, 0.000000000000000000, -0.000000000000000000 ) ) ;
#2406 = ORIENTED_EDGE ( 'NONE', *, *, #2363, .T. ) ;
#2407 = LINE ( 'NONE', #2468, #2427 ) ;
#2408 = DIRECTION ( 'NONE',  ( 1.283953296258157162E-31, 1.000000000000000000, 0.000000000000000000 ) ) ;
#2409 = LINE ( 'NONE', #1279, #173 ) ;
#2410 = VECTOR ( 'NONE', #742, 1000.000000000000000 ) ;
#2411 = EDGE_LOOP ( 'NONE', ( #428, #699, #1400, #245 ) ) ;
#2412 = EDGE_LOOP ( 'NONE', ( #1637, #1217, #1749, #839 ) ) ;
#2413 = DIRECTION ( 'NONE',  ( -1.000000000000000000, 6.419766481290785812E-32, -1.734723475976806848E-16 ) ) ;
#2414 = CARTESIAN_POINT ( 'NONE',  ( -1.677050983124843242, -1.999999999999980904, -49.50000000000000000 ) ) ;
#2415 = DIRECTION ( 'NONE',  ( 1.283953296258157162E-31, 1.000000000000000000, -0.000000000000000000 ) ) ;
#2416 = DIRECTION ( 'NONE',  ( 1.283953296258157162E-31, 1.000000000000000000, 0.000000000000000000 ) ) ;
#2417 = ORIENTED_EDGE ( 'NONE', *, *, #2142, .T. ) ;
#2418 = EDGE_CURVE ( 'NONE', #1802, #1829, #732, .T. ) ;
#2419 = LINE ( 'NONE', #1334, #1351 ) ;
#2420 = LINE ( 'NONE', #1305, #2494 ) ;
#2421 = ORIENTED_EDGE ( 'NONE', *, *, #1826, .F. ) ;
#2422 = DIRECTION ( 'NONE',  ( 5.204170427930423255E-16, 1.000000000000000000, -0.000000000000000000 ) ) ;
#2423 = ORIENTED_EDGE ( 'NONE', *, *, #1896, .F. ) ;
#2424 = DIRECTION ( 'NONE',  ( -1.000000000000000000, 5.204170427930420297E-16, 0.000000000000000000 ) ) ;
#2425 = ADVANCED_FACE ( 'NONE', ( #1448 ), #2311, .F. ) ;
#2426 = ORIENTED_EDGE ( 'NONE', *, *, #911, .T. ) ;
#2427 = VECTOR ( 'NONE', #1349, 1000.000000000000000 ) ;
#2428 = DIRECTION ( 'NONE',  ( 0.000000000000000000, 0.000000000000000000, 1.000000000000000000 ) ) ;
#2429 = DIRECTION ( 'NONE',  ( -0.000000000000000000, 1.000000000000000000, -0.000000000000000000 ) ) ;
#2430 = VECTOR ( 'NONE', #2227, 1000.000000000000000 ) ;
#2431 = CARTESIAN_POINT ( 'NONE',  ( 50.50000000000137845, -2.000000000000007994, -0.6770509831262506717 ) ) ;
#2432 = ORIENTED_EDGE ( 'NONE', *, *, #1360, .F. ) ;
#2433 = AXIS2_PLACEMENT_3D ( 'NONE', #443, #1762, #624 ) ;
#2434 = DIRECTION ( 'NONE',  ( -0.000000000000000000, -0.000000000000000000, -1.000000000000000000 ) ) ;
#2435 = DIRECTION ( 'NONE',  ( 0.000000000000000000, 0.000000000000000000, -1.000000000000000000 ) ) ;
#2436 = CIRCLE ( 'NONE', #1776, 2.534920720960780027 ) ;
#2437 = PRODUCT_RELATED_PRODUCT_CATEGORY ( 'part', '', ( #520 ) ) ;
#2438 = VERTEX_POINT ( 'NONE', #2756 ) ;
#2439 = CARTESIAN_POINT ( 'NONE',  ( 15.00000000000000000, -1.999999999999999112, 24.99999999999999645 ) ) ;
#2440 = APPLICATION_PROTOCOL_DEFINITION ( 'draft international standard', 'automotive_design', 1998, #1556 ) ;
#2441 = EDGE_CURVE ( 'NONE', #2586, #554, #2547, .T. ) ;
#2442 = ADVANCED_FACE ( 'NONE', ( #1916 ), #61, .F. ) ;
#2443 = DIRECTION ( 'NONE',  ( -1.283953296258157162E-31, -1.000000000000000000, 0.000000000000000000 ) ) ;
#2444 = DIRECTION ( 'NONE',  ( 4.956352788505157351E-16, 1.000000000000000000, 0.000000000000000000 ) ) ;
#2445 = EDGE_LOOP ( 'NONE', ( #108, #2817, #2061, #2146 ) ) ;
#2446 = AXIS2_PLACEMENT_3D ( 'NONE', #2540, #2042, #1439 ) ;
#2447 = VECTOR ( 'NONE', #2356, 1000.000000000000000 ) ;
#2448 = CARTESIAN_POINT ( 'NONE',  ( -10.00000000000000533, -9.000000000000005329, -22.50000000000000000 ) ) ;
#2449 = ORIENTED_EDGE ( 'NONE', *, *, #2270, .F. ) ;
#2450 = LINE ( 'NONE', #1784, #20 ) ;
#2451 = DIRECTION ( 'NONE',  ( -1.000000000000000000, 1.283953296258157162E-31, 0.000000000000000000 ) ) ;
#2452 = EDGE_CURVE ( 'NONE', #549, #2196, #2339, .T. ) ;
#2453 = ORIENTED_EDGE ( 'NONE', *, *, #1936, .F. ) ;
#2454 = CARTESIAN_POINT ( 'NONE',  ( 50.50000000000137845, -9.000000000000005329, 0.6770509831234358122 ) ) ;
#2455 = DIRECTION ( 'NONE',  ( 0.000000000000000000, 0.000000000000000000, 1.000000000000000000 ) ) ;
#2456 = DIRECTION ( 'NONE',  ( 1.283953296258157162E-31, 1.000000000000000000, -0.000000000000000000 ) ) ;
#2457 = EDGE_CURVE ( 'NONE', #677, #2598, #2775, .T. ) ;
#2458 = EDGE_CURVE ( 'NONE', #515, #2306, #1286, .T. ) ;
#2459 = CYLINDRICAL_SURFACE ( 'NONE', #1260, 5.000000000000000888 ) ;
#2460 = ORIENTED_EDGE ( 'NONE', *, *, #24, .F. ) ;
#2461 = VECTOR ( 'NONE', #490, 1000.000000000000000 ) ;
#2462 = CARTESIAN_POINT ( 'NONE',  ( -0.6770509831248432420, -9.000000000000005329, -50.50000000000000000 ) ) ;
#2463 = VERTEX_POINT ( 'NONE', #92 ) ;
#2464 = CARTESIAN_POINT ( 'NONE',  ( -8.000000000000000000, 1.540743955509788682E-30, 22.50000000000000000 ) ) ;
#2465 = CARTESIAN_POINT ( 'NONE',  ( -10.00000000000000533, -9.000000000000005329, 22.50000000000000000 ) ) ;
#2466 = CARTESIAN_POINT ( 'NONE',  ( -48.25000000000000000, -1.000000000000000000, -1.951563910473907981E-15 ) ) ;
#2467 = ORIENTED_EDGE ( 'NONE', *, *, #288, .T. ) ;
#2468 = CARTESIAN_POINT ( 'NONE',  ( 20.00000000000000000, -1.999999999999992228, -50.50000000000000711 ) ) ;
#2469 = DIRECTION ( 'NONE',  ( 1.734723475976813997E-15, 1.000000000000000000, 0.000000000000000000 ) ) ;
#2470 = CARTESIAN_POINT ( 'NONE',  ( -50.49999999999860023, -1.999999999999954925, -1.677050983123457462 ) ) ;
#2471 = EDGE_CURVE ( 'NONE', #2728, #347, #1434, .T. ) ;
#2472 = ORIENTED_EDGE ( 'NONE', *, *, #1328, .F. ) ;
#2473 = FACE_OUTER_BOUND ( 'NONE', #1608, .T. ) ;
#2474 = EDGE_LOOP ( 'NONE', ( #215, #1615, #1010, #1852 ) ) ;
#2475 = VECTOR ( 'NONE', #1744, 1000.000000000000000 ) ;
#2476 = DIRECTION ( 'NONE',  ( 1.000000000000000000, 0.000000000000000000, 0.000000000000000000 ) ) ;
#2477 = DIRECTION ( 'NONE',  ( -1.000000000000000000, 4.956352788505160310E-16, 0.000000000000000000 ) ) ;
#2478 = AXIS2_PLACEMENT_3D ( 'NONE', #2387, #1274, #2166 ) ;
#2479 = CIRCLE ( 'NONE', #1352, 1.050000000000002265 ) ;
#2480 = ORIENTED_EDGE ( 'NONE', *, *, #1288, .F. ) ;
#2481 = FACE_OUTER_BOUND ( 'NONE', #1874, .T. ) ;
#2482 = VECTOR ( 'NONE', #1688, 1000.000000000000000 ) ;
#2483 = AXIS2_PLACEMENT_3D ( 'NONE', #1663, #1855, #292 ) ;
#2484 = FACE_OUTER_BOUND ( 'NONE', #999, .T. ) ;
#2485 = CARTESIAN_POINT ( 'NONE',  ( 50.50000000000137845, -1.000000000000000000, 0.6770509831234358122 ) ) ;
#2486 = LINE ( 'NONE', #702, #2410 ) ;
#2487 = VERTEX_POINT ( 'NONE', #1635 ) ;
#2488 = DIRECTION ( 'NONE',  ( 2.312964634635742957E-16, -0.000000000000000000, -1.000000000000000000 ) ) ;
#2489 = ORIENTED_EDGE ( 'NONE', *, *, #2807, .F. ) ;
#2490 = EDGE_CURVE ( 'NONE', #886, #2170, #1900, .T. ) ;
#2491 = CYLINDRICAL_SURFACE ( 'NONE', #2016, 2.500000000000002220 ) ;
#2492 = CARTESIAN_POINT ( 'NONE',  ( 20.00000000000002132, -1.999999999999994893, -2.500000000000000444 ) ) ;
#2493 = ADVANCED_FACE ( 'NONE', ( #303 ), #1017, .F. ) ;
#2494 = VECTOR ( 'NONE', #877, 1000.000000000000000 ) ;
#2495 = EDGE_LOOP ( 'NONE', ( #988, #40, #1099, #2386 ) ) ;
#2496 = FILL_AREA_STYLE_COLOUR ( '', #1915 ) ;
#2497 = ORIENTED_EDGE ( 'NONE', *, *, #2763, .T. ) ;
#2498 = PLANE ( 'NONE',  #1884 ) ;
#2499 = CARTESIAN_POINT ( 'NONE',  ( -8.000000000000000000, 0.000000000000000000, -26.50000000000000000 ) ) ;
#2500 = PLANE ( 'NONE',  #2360 ) ;
#2501 = ORIENTED_EDGE ( 'NONE', *, *, #307, .T. ) ;
#2502 = LINE ( 'NONE', #2060, #1928 ) ;
#2503 = VERTEX_POINT ( 'NONE', #1677 ) ;
#2504 = AXIS2_PLACEMENT_3D ( 'NONE', #2383, #209, #842 ) ;
#2505 = PLANE ( 'NONE',  #2769 ) ;
#2506 = DIRECTION ( 'NONE',  ( 1.000000000000000000, -1.283953296258157162E-31, 0.000000000000000000 ) ) ;
#2507 = VECTOR ( 'NONE', #15, 1000.000000000000000 ) ;
#2508 = EDGE_CURVE ( 'NONE', #357, #2327, #555, .T. ) ;
#2509 = ORIENTED_EDGE ( 'NONE', *, *, #1910, .F. ) ;
#2510 = DIRECTION ( 'NONE',  ( -6.419766481290785812E-32, -1.000000000000000000, -0.000000000000000000 ) ) ;
#2511 = DIRECTION ( 'NONE',  ( 1.734723475976806848E-16, -0.000000000000000000, -1.000000000000000000 ) ) ;
#2512 = DIRECTION ( 'NONE',  ( -6.419766481290785812E-32, -1.000000000000000000, -0.000000000000000000 ) ) ;
#2513 = VERTEX_POINT ( 'NONE', #2819 ) ;
#2514 = EDGE_CURVE ( 'NONE', #2286, #848, #78, .T. ) ;
#2515 = PLANE ( 'NONE',  #2378 ) ;
#2516 = ORIENTED_EDGE ( 'NONE', *, *, #997, .F. ) ;
#2517 = DIRECTION ( 'NONE',  ( 0.000000000000000000, 0.000000000000000000, -1.000000000000000000 ) ) ;
#2518 = DIRECTION ( 'NONE',  ( -1.283953296258157162E-31, -1.000000000000000000, 0.000000000000000000 ) ) ;
#2519 = VERTEX_POINT ( 'NONE', #1476 ) ;
#2520 = DIRECTION ( 'NONE',  ( 1.000000000000000000, -1.283953296258157381E-31, 0.000000000000000000 ) ) ;
#2521 = AXIS2_PLACEMENT_3D ( 'NONE', #1, #1805, #1411 ) ;
#2522 = VECTOR ( 'NONE', #2798, 1000.000000000000000 ) ;
#2523 = DIRECTION ( 'NONE',  ( 0.000000000000000000, -0.000000000000000000, -1.000000000000000000 ) ) ;
#2524 = CARTESIAN_POINT ( 'NONE',  ( 49.50000000000137845, -1.000000000000000000, 0.6770509831234357012 ) ) ;
#2525 = DIRECTION ( 'NONE',  ( 0.000000000000000000, 0.000000000000000000, -1.000000000000000000 ) ) ;
#2526 = EDGE_CURVE ( 'NONE', #2617, #1379, #2125, .T. ) ;
#2527 = EDGE_CURVE ( 'NONE', #2598, #607, #1611, .T. ) ;
#2528 = AXIS2_PLACEMENT_3D ( 'NONE', #527, #749, #974 ) ;
#2529 = VERTEX_POINT ( 'NONE', #1962 ) ;
#2530 = CARTESIAN_POINT ( 'NONE',  ( -2.567906592516291554E-31, -1.999999999999981792, -50.00000000000000000 ) ) ;
#2531 = EDGE_LOOP ( 'NONE', ( #2644, #2155, #2640, #1681 ) ) ;
#2532 = DIRECTION ( 'NONE',  ( -1.000000000000000000, 1.283953296258157162E-31, -2.168404344971006896E-16 ) ) ;
#2533 = LINE ( 'NONE', #513, #608 ) ;
#2534 = ORIENTED_EDGE ( 'NONE', *, *, #436, .T. ) ;
#2535 = CARTESIAN_POINT ( 'NONE',  ( 50.50000000000137845, -2.000000000000008438, 0.6770509831234388098 ) ) ;
#2536 = AXIS2_PLACEMENT_3D ( 'NONE', #2659, #636, #2214 ) ;
#2537 = ORIENTED_EDGE ( 'NONE', *, *, #18, .T. ) ;
#2538 = AXIS2_PLACEMENT_3D ( 'NONE', #1667, #996, #1008 ) ;
#2539 = LINE ( 'NONE', #517, #2687 ) ;
#2540 = CARTESIAN_POINT ( 'NONE',  ( -49.99999999999860023, -1.999999999999955813, 1.385687929181201641E-12 ) ) ;
#2541 = CARTESIAN_POINT ( 'NONE',  ( -12.50000000000000000, -1.999999999999999112, 17.49999999999999645 ) ) ;
#2542 = ADVANCED_FACE ( 'NONE', ( #2621 ), #227, .F. ) ;
#2543 = ORIENTED_EDGE ( 'NONE', *, *, #86, .T. ) ;
#2544 = EDGE_CURVE ( 'NONE', #2306, #1475, #2923, .T. ) ;
#2545 = VERTEX_POINT ( 'NONE', #2414 ) ;
#2546 = ORIENTED_EDGE ( 'NONE', *, *, #2747, .T. ) ;
#2547 = LINE ( 'NONE', #2590, #887 ) ;
#2548 = PLANE ( 'NONE',  #561 ) ;
#2549 = EDGE_CURVE ( 'NONE', #620, #1000, #1283, .T. ) ;
#2550 = ORIENTED_EDGE ( 'NONE', *, *, #341, .T. ) ;
#2551 = LINE ( 'NONE', #2836, #782 ) ;
#2552 = VECTOR ( 'NONE', #1851, 1000.000000000000000 ) ;
#2553 = CARTESIAN_POINT ( 'NONE',  ( -20.00000000000000000, -4.336808689942017736E-16, 22.50000000000000000 ) ) ;
#2554 = LINE ( 'NONE', #2274, #280 ) ;
#2555 = CARTESIAN_POINT ( 'NONE',  ( -20.00000000000000355, -2.567906592516314938E-30, -2.500000000000000444 ) ) ;
#2556 = ORIENTED_EDGE ( 'NONE', *, *, #2677, .T. ) ;
#2557 = ORIENTED_EDGE ( 'NONE', *, *, #854, .T. ) ;
#2558 = ADVANCED_FACE ( 'NONE', ( #1063 ), #1033, .F. ) ;
#2559 = ORIENTED_EDGE ( 'NONE', *, *, #34, .F. ) ;
#2560 = ORIENTED_EDGE ( 'NONE', *, *, #120, .T. ) ;
#2561 = DIRECTION ( 'NONE',  ( -2.168404344971006896E-16, 0.000000000000000000, 1.000000000000000000 ) ) ;
#2562 = CARTESIAN_POINT ( 'NONE',  ( 12.49999999999999822, -4.999999999999999112, 24.99999999999999645 ) ) ;
#2563 = ORIENTED_EDGE ( 'NONE', *, *, #341, .F. ) ;
#2564 = LINE ( 'NONE', #2152, #2615 ) ;
#2565 = PLANE ( 'NONE',  #374 ) ;
#2566 = AXIS2_PLACEMENT_3D ( 'NONE', #2851, #890, #1983 ) ;
#2567 = LINE ( 'NONE', #1700, #2792 ) ;
#2568 = VECTOR ( 'NONE', #2187, 1000.000000000000000 ) ;
#2569 = PRESENTATION_LAYER_ASSIGNMENT (  '', '', ( #2333 ) ) ;
#2570 = ORIENTED_EDGE ( 'NONE', *, *, #2754, .T. ) ;
#2571 = EDGE_LOOP ( 'NONE', ( #745, #425, #1273, #1718 ) ) ;
#2572 = CARTESIAN_POINT ( 'NONE',  ( -51.75000000000000711, -1.000000000000000000, -1.737250720623120486E-15 ) ) ;
#2573 = VECTOR ( 'NONE', #2188, 1000.000000000000000 ) ;
#2574 = ORIENTED_EDGE ( 'NONE', *, *, #2039, .T. ) ;
#2575 = VERTEX_POINT ( 'NONE', #824 ) ;
#2576 = DIRECTION ( 'NONE',  ( 1.734723475976813800E-15, 1.000000000000000000, -0.000000000000000000 ) ) ;
#2577 = CARTESIAN_POINT ( 'NONE',  ( -2.500000000000000000, 0.000000000000000000, -36.50000000000000000 ) ) ;
#2578 = EDGE_LOOP ( 'NONE', ( #1194, #393, #766, #1137, #1661, #510 ) ) ;
#2579 = EDGE_CURVE ( 'NONE', #549, #813, #1707, .T. ) ;
#2580 = EDGE_CURVE ( 'NONE', #232, #1058, #2398, .T. ) ;
#2581 = CARTESIAN_POINT ( 'NONE',  ( -1.283953296258157162E-31, -1.000000000000000000, -50.00000000000000000 ) ) ;
#2582 = CARTESIAN_POINT ( 'NONE',  ( -17.00000000000000000, 1.200000000000000030E-05, 1.349999999999997424 ) ) ;
#2583 = CARTESIAN_POINT ( 'NONE',  ( -15.00000000000000000, -1.999999999999999112, 27.50000000000000000 ) ) ;
#2584 = AXIS2_PLACEMENT_3D ( 'NONE', #682, #441, #2036 ) ;
#2585 = VERTEX_POINT ( 'NONE', #2162 ) ;
#2586 = VERTEX_POINT ( 'NONE', #2470 ) ;
#2587 = DIRECTION ( 'NONE',  ( -1.283953296258157381E-31, -1.000000000000000000, 0.000000000000000000 ) ) ;
#2588 = ORIENTED_EDGE ( 'NONE', *, *, #1094, .F. ) ;
#2589 = ORIENTED_EDGE ( 'NONE', *, *, #617, .F. ) ;
#2590 = CARTESIAN_POINT ( 'NONE',  ( -50.49999999999860023, -9.000000000000005329, -1.677050983123457462 ) ) ;
#2591 = DIRECTION ( 'NONE',  ( -1.283953296258157381E-31, -1.000000000000000000, 0.000000000000000000 ) ) ;
#2592 = VERTEX_POINT ( 'NONE', #2833 ) ;
#2593 = LINE ( 'NONE', #2105, #2011 ) ;
#2594 = EDGE_CURVE ( 'NONE', #957, #347, #900, .T. ) ;
#2595 = DIRECTION ( 'NONE',  ( 2.312964634635742957E-16, 0.000000000000000000, 1.000000000000000000 ) ) ;
#2596 = VECTOR ( 'NONE', #687, 1000.000000000000000 ) ;
#2597 = DIRECTION ( 'NONE',  ( -6.419766481290785812E-32, -1.000000000000000000, -0.000000000000000000 ) ) ;
#2598 = VERTEX_POINT ( 'NONE', #2698 ) ;
#2599 = DIRECTION ( 'NONE',  ( -0.000000000000000000, -1.000000000000000000, -0.000000000000000000 ) ) ;
#2600 = ORIENTED_EDGE ( 'NONE', *, *, #1233, .T. ) ;
#2601 = ORIENTED_EDGE ( 'NONE', *, *, #2073, .F. ) ;
#2602 = DIRECTION ( 'NONE',  ( -1.000000000000000000, 5.204170427930420297E-16, 0.000000000000000000 ) ) ;
#2603 = DIRECTION ( 'NONE',  ( 1.000000000000000000, -5.204170427930423255E-16, 0.000000000000000000 ) ) ;
#2604 = LINE ( 'NONE', #174, #2912 ) ;
#2605 = ORIENTED_EDGE ( 'NONE', *, *, #2235, .T. ) ;
#2606 = DIRECTION ( 'NONE',  ( -6.419766481290785812E-32, -1.000000000000000000, 0.000000000000000000 ) ) ;
#2607 = DIRECTION ( 'NONE',  ( 0.000000000000000000, -1.000000000000000000, 0.000000000000000000 ) ) ;
#2608 = DIRECTION ( 'NONE',  ( -0.000000000000000000, 1.000000000000000000, -0.000000000000000000 ) ) ;
#2609 = DIRECTION ( 'NONE',  ( 0.000000000000000000, 0.000000000000000000, -1.000000000000000000 ) ) ;
#2610 = VERTEX_POINT ( 'NONE', #396 ) ;
#2611 = EDGE_CURVE ( 'NONE', #554, #957, #2637, .T. ) ;
#2612 = AXIS2_PLACEMENT_3D ( 'NONE', #1994, #383, #1756 ) ;
#2613 = ADVANCED_FACE ( 'NONE', ( #1521 ), #1489, .F. ) ;
#2614 = DIRECTION ( 'NONE',  ( 1.000000000000000000, -1.283953296258158695E-31, 0.000000000000000000 ) ) ;
#2615 = VECTOR ( 'NONE', #2121, 1000.000000000000000 ) ;
#2616 = VECTOR ( 'NONE', #945, 1000.000000000000000 ) ;
#2617 = VERTEX_POINT ( 'NONE', #365 ) ;
#2618 = VERTEX_POINT ( 'NONE', #156 ) ;
#2619 = FACE_OUTER_BOUND ( 'NONE', #2531, .T. ) ;
#2620 = VECTOR ( 'NONE', #2130, 1000.000000000000000 ) ;
#2621 = FACE_OUTER_BOUND ( 'NONE', #2785, .T. ) ;
#2622 = LINE ( 'NONE', #2163, #2056 ) ;
#2623 = VECTOR ( 'NONE', #1113, 1000.000000000000000 ) ;
#2624 = LINE ( 'NONE', #202, #1493 ) ;
#2625 = VERTEX_POINT ( 'NONE', #349 ) ;
#2626 = LINE ( 'NONE', #1968, #2760 ) ;
#2627 = CARTESIAN_POINT ( 'NONE',  ( 20.00000000000000355, 0.000000000000000000, -22.50000000000000000 ) ) ;
#2628 = CARTESIAN_POINT ( 'NONE',  ( 2.500000000000000000, -1.999999999999994893, -50.00000000000000000 ) ) ;
#2629 = LINE ( 'NONE', #2195, #734 ) ;
#2630 = LINE ( 'NONE', #1517, #2573 ) ;
#2631 = VECTOR ( 'NONE', #14, 1000.000000000000000 ) ;
#2632 = EDGE_CURVE ( 'NONE', #502, #2366, #446, .T. ) ;
#2633 = VERTEX_POINT ( 'NONE', #1739 ) ;
#2634 = EDGE_LOOP ( 'NONE', ( #222, #521, #551, #1224 ) ) ;
#2635 = VECTOR ( 'NONE', #2853, 1000.000000000000000 ) ;
#2636 = LINE ( 'NONE', #1948, #1865 ) ;
#2637 = LINE ( 'NONE', #2176, #625 ) ;
#2638 = DIRECTION ( 'NONE',  ( 5.204170427930423255E-16, 1.000000000000000000, -0.000000000000000000 ) ) ;
#2639 = CARTESIAN_POINT ( 'NONE',  ( -12.49999999999999822, -4.999999999999999112, 24.99999999999999645 ) ) ;
#2640 = ORIENTED_EDGE ( 'NONE', *, *, #2183, .F. ) ;
#2641 = CARTESIAN_POINT ( 'NONE',  ( -50.00000000000000000, -34.91688117545768932, -1.951563910473907981E-15 ) ) ;
#2642 = DIRECTION ( 'NONE',  ( 2.312964634635742957E-16, 0.000000000000000000, 1.000000000000000000 ) ) ;
#2643 = EDGE_CURVE ( 'NONE', #462, #677, #1893, .T. ) ;
#2644 = ORIENTED_EDGE ( 'NONE', *, *, #1880, .T. ) ;
#2645 = DIRECTION ( 'NONE',  ( -0.7071067811865512365, 3.679904200040118639E-16, 0.7071067811865439090 ) ) ;
#2646 = CARTESIAN_POINT ( 'NONE',  ( 0.000000000000000000, 0.000000000000000000, 0.000000000000000000 ) ) ;
#2647 = EDGE_CURVE ( 'NONE', #2072, #1925, #2248, .T. ) ;
#2648 = LINE ( 'NONE', #1561, #1307 ) ;
#2649 = CARTESIAN_POINT ( 'NONE',  ( -50.49999999999860023, -9.000000000000005329, 1.677050983126229022 ) ) ;
#2650 = VECTOR ( 'NONE', #105, 1000.000000000000000 ) ;
#2651 = VERTEX_POINT ( 'NONE', #1949 ) ;
#2652 = PLANE ( 'NONE',  #2377 ) ;
#2653 = CARTESIAN_POINT ( 'NONE',  ( 20.00000000000000355, 0.000000000000000000, 22.50000000000000000 ) ) ;
#2654 = ADVANCED_FACE ( 'NONE', ( #2368 ), #1572, .F. ) ;
#2655 = FACE_OUTER_BOUND ( 'NONE', #2131, .T. ) ;
#2656 = EDGE_LOOP ( 'NONE', ( #1278, #2777, #558, #776 ) ) ;
#2657 = CARTESIAN_POINT ( 'NONE',  ( -50.00000000000000000, -1.000000000000000000, -1.951563910473907981E-15 ) ) ;
#2658 = EDGE_CURVE ( 'NONE', #348, #1899, #2031, .T. ) ;
#2659 = CARTESIAN_POINT ( 'NONE',  ( 2.500000000000000000, -40.41874542459708408, -50.00000000000000000 ) ) ;
#2660 = EDGE_CURVE ( 'NONE', #1058, #442, #1837, .T. ) ;
#2661 = EDGE_LOOP ( 'NONE', ( #1105, #2296, #2846, #1687 ) ) ;
#2662 = CARTESIAN_POINT ( 'NONE',  ( 0.000000000000000000, -1.999999999999994893, -50.00000000000000000 ) ) ;
#2663 = ORIENTED_EDGE ( 'NONE', *, *, #579, .T. ) ;
#2664 = DIRECTION ( 'NONE',  ( -2.312964634635742957E-16, 0.000000000000000000, 1.000000000000000000 ) ) ;
#2665 = ORIENTED_EDGE ( 'NONE', *, *, #2490, .T. ) ;
#2666 = LINE ( 'NONE', #648, #2522 ) ;
#2667 = VECTOR ( 'NONE', #216, 1000.000000000000000 ) ;
#2668 = CIRCLE ( 'NONE', #355, 1.750000000000001554 ) ;
#2669 = DIRECTION ( 'NONE',  ( 1.283953296258157162E-31, 1.000000000000000000, -0.000000000000000000 ) ) ;
#2670 = VECTOR ( 'NONE', #586, 1000.000000000000000 ) ;
#2671 = VECTOR ( 'NONE', #2074, 1000.000000000000000 ) ;
#2672 = VERTEX_POINT ( 'NONE', #968 ) ;
#2673 = VECTOR ( 'NONE', #922, 1000.000000000000000 ) ;
#2674 = CARTESIAN_POINT ( 'NONE',  ( 10.00000000000000178, -1.999999999999987121, 14.99999999999999822 ) ) ;
#2675 = CARTESIAN_POINT ( 'NONE',  ( 0.6770509831248265886, -1.999999999999982236, 22.49999999999999645 ) ) ;
#2676 = AXIS2_PLACEMENT_3D ( 'NONE', #2892, #226, #2664 ) ;
#2677 = EDGE_CURVE ( 'NONE', #316, #2058, #2737, .T. ) ;
#2678 = EDGE_CURVE ( 'NONE', #1208, #1889, #2486, .T. ) ;
#2679 = ORIENTED_EDGE ( 'NONE', *, *, #2881, .F. ) ;
#2680 = LINE ( 'NONE', #2216, #1583 ) ;
#2681 = FACE_OUTER_BOUND ( 'NONE', #1433, .T. ) ;
#2682 = LINE ( 'NONE', #1779, #1673 ) ;
#2683 = DIRECTION ( 'NONE',  ( 1.000000000000000000, 0.000000000000000000, 0.000000000000000000 ) ) ;
#2684 = EDGE_CURVE ( 'NONE', #1356, #2651, #1643, .T. ) ;
#2685 = VERTEX_POINT ( 'NONE', #519 ) ;
#2686 = VECTOR ( 'NONE', #1275, 1000.000000000000000 ) ;
#2687 = VECTOR ( 'NONE', #2317, 1000.000000000000000 ) ;
#2688 = CARTESIAN_POINT ( 'NONE',  ( -50.00000000000000000, -1.000000000000000000, -1.951563910473907981E-15 ) ) ;
#2689 = EDGE_LOOP ( 'NONE', ( #781, #2784, #1690, #2460, #1196, #879 ) ) ;
#2690 = CARTESIAN_POINT ( 'NONE',  ( 50.50000000000137845, -2.000000000000008438, 22.50000000000000000 ) ) ;
#2691 = LINE ( 'NONE', #2729, #2293 ) ;
#2692 = CARTESIAN_POINT ( 'NONE',  ( 20.00000000000000000, -1.999999999999992228, 22.50000000000000000 ) ) ;
#2693 = ADVANCED_BREP_SHAPE_REPRESENTATION ( 'Attachment', ( #559, #575 ), #1242 ) ;
#2694 = ORIENTED_EDGE ( 'NONE', *, *, #799, .F. ) ;
#2695 = FACE_OUTER_BOUND ( 'NONE', #248, .T. ) ;
#2696 = EDGE_CURVE ( 'NONE', #332, #665, #1149, .T. ) ;
#2697 = CARTESIAN_POINT ( 'NONE',  ( 10.00000000000000178, -9.000000000000001776, -22.50000000000000000 ) ) ;
#2698 = CARTESIAN_POINT ( 'NONE',  ( 50.41931260600694742, -6.473604261555309003E-30, 2.499999999999998668 ) ) ;
#2699 = ORIENTED_EDGE ( 'NONE', *, *, #673, .F. ) ;
#2700 = AXIS2_PLACEMENT_3D ( 'NONE', #270, #1428, #461 ) ;
#2701 = DIRECTION ( 'NONE',  ( -1.000000000000000000, 1.283953296258156943E-31, -0.000000000000000000 ) ) ;
#2702 = ORIENTED_EDGE ( 'NONE', *, *, #1271, .T. ) ;
#2703 = LINE ( 'NONE', #680, #1492 ) ;
#2704 = CARTESIAN_POINT ( 'NONE',  ( -20.00000000000000000, -2.000000000000000444, -12.49999999999999112 ) ) ;
#2705 = DIRECTION ( 'NONE',  ( 0.000000000000000000, 1.000000000000000000, 0.000000000000000000 ) ) ;
#2706 = ORIENTED_EDGE ( 'NONE', *, *, #2527, .T. ) ;
#2707 = CARTESIAN_POINT ( 'NONE',  ( -49.49999999999860023, -1.000000000000000000, -1.677050983123457684 ) ) ;
#2708 = PLANE ( 'NONE',  #641 ) ;
#2709 = DIRECTION ( 'NONE',  ( 0.000000000000000000, 1.000000000000000000, 0.000000000000000000 ) ) ;
#2710 = CARTESIAN_POINT ( 'NONE',  ( 7.274554361604884889, -40.41874542459708408, -31.50508515947181820 ) ) ;
#2711 = EDGE_CURVE ( 'NONE', #2610, #1207, #925, .T. ) ;
#2712 = ORIENTED_EDGE ( 'NONE', *, *, #1327, .F. ) ;
#2713 = EDGE_CURVE ( 'NONE', #2135, #348, #717, .T. ) ;
#2714 = DIRECTION ( 'NONE',  ( 1.000000000000000000, -1.283953296258157162E-31, -0.000000000000000000 ) ) ;
#2715 = ORIENTED_EDGE ( 'NONE', *, *, #324, .F. ) ;
#2716 = VECTOR ( 'NONE', #2434, 1000.000000000000000 ) ;
#2717 = CARTESIAN_POINT ( 'NONE',  ( -2.567906592516291554E-31, -1.999999999999981792, -50.00000000000000000 ) ) ;
#2718 = CARTESIAN_POINT ( 'NONE',  ( 17.00000000000000000, 0.000000000000000000, -22.50000000000000000 ) ) ;
#2719 = VECTOR ( 'NONE', #472, 1000.000000000000000 ) ;
#2720 = EDGE_LOOP ( 'NONE', ( #1815, #16, #1162, #746 ) ) ;
#2721 = VECTOR ( 'NONE', #556, 1000.000000000000000 ) ;
#2722 = CARTESIAN_POINT ( 'NONE',  ( -20.00000000000000000, -2.000000000000000444, 22.50000000000000000 ) ) ;
#2723 = DIRECTION ( 'NONE',  ( 1.000000000000000000, -1.283953296258157162E-31, 0.000000000000000000 ) ) ;
#2724 = FACE_BOUND ( 'NONE', #2818, .T. ) ;
#2725 = ORIENTED_EDGE ( 'NONE', *, *, #360, .T. ) ;
#2726 = EDGE_CURVE ( 'NONE', #1424, #663, #507, .T. ) ;
#2727 = CARTESIAN_POINT ( 'NONE',  ( -2.500000000000000000, -40.41874542459708408, -50.00000000000000000 ) ) ;
#2728 = VERTEX_POINT ( 'NONE', #1587 ) ;
#2729 = CARTESIAN_POINT ( 'NONE',  ( -50.41931260600694742, -6.473604261555307602E-30, 2.500000000000000444 ) ) ;
#2730 = CARTESIAN_POINT ( 'NONE',  ( 49.50000000000137845, -1.000000000000000000, 0.6770509831234357012 ) ) ;
#2731 = VECTOR ( 'NONE', #2298, 1000.000000000000000 ) ;
#2732 = ORIENTED_EDGE ( 'NONE', *, *, #1844, .T. ) ;
#2733 = CARTESIAN_POINT ( 'NONE',  ( -50.49999999999860023, -9.000000000000005329, 1.677050983126229022 ) ) ;
#2734 = CARTESIAN_POINT ( 'NONE',  ( -2.500000000000000000, -40.41874542459708408, -50.00000000000000000 ) ) ;
#2735 = ADVANCED_FACE ( 'NONE', ( #2319 ), #728, .F. ) ;
#2736 = DIRECTION ( 'NONE',  ( -1.734723475976806848E-16, 0.000000000000000000, -1.000000000000000000 ) ) ;
#2737 = LINE ( 'NONE', #2751, #389 ) ;
#2738 = ORIENTED_EDGE ( 'NONE', *, *, #1575, .T. ) ;
#2739 = DIRECTION ( 'NONE',  ( -0.000000000000000000, 1.000000000000000000, -0.000000000000000000 ) ) ;
#2740 = ORIENTED_EDGE ( 'NONE', *, *, #2761, .F. ) ;
#2741 = AXIS2_PLACEMENT_3D ( 'NONE', #960, #1887, #1722 ) ;
#2742 = ADVANCED_FACE ( 'NONE', ( #2724, #716, #286, #2275, #1601, #1614 ), #2500, .F. ) ;
#2743 = DIRECTION ( 'NONE',  ( -1.000000000000000000, 0.000000000000000000, 0.000000000000000000 ) ) ;
#2744 = CARTESIAN_POINT ( 'NONE',  ( 10.00000000000000178, -1.999999999999987121, 22.50000000000000000 ) ) ;
#2745 = ORIENTED_EDGE ( 'NONE', *, *, #1942, .F. ) ;
#2746 = EDGE_CURVE ( 'NONE', #1058, #2299, #2071, .T. ) ;
#2747 = EDGE_CURVE ( 'NONE', #1379, #2617, #956, .T. ) ;
#2748 = DIRECTION ( 'NONE',  ( -1.000000000000000000, 1.283953296258157162E-31, 0.000000000000000000 ) ) ;
#2749 = CARTESIAN_POINT ( 'NONE',  ( 8.000000000000000000, -1.999999999999994893, -22.50000000000000000 ) ) ;
#2750 = DIRECTION ( 'NONE',  ( 5.204170427930423255E-16, 1.000000000000000000, -0.000000000000000000 ) ) ;
#2751 = CARTESIAN_POINT ( 'NONE',  ( 12.99999999999999645, 1.200000000000000030E-05, -11.54999999999999893 ) ) ;
#2752 = ORIENTED_EDGE ( 'NONE', *, *, #243, .F. ) ;
#2753 = CARTESIAN_POINT ( 'NONE',  ( 50.00000000000000000, -1.000000000000000000, -1.951563910473907981E-15 ) ) ;
#2754 = EDGE_CURVE ( 'NONE', #1185, #2299, #57, .T. ) ;
#2755 = ORIENTED_EDGE ( 'NONE', *, *, #1824, .T. ) ;
#2756 = CARTESIAN_POINT ( 'NONE',  ( -20.00000000000000000, -4.336808689942017736E-16, -22.50000000000000000 ) ) ;
#2757 = LINE ( 'NONE', #764, #2255 ) ;
#2758 = ORIENTED_EDGE ( 'NONE', *, *, #2580, .F. ) ;
#2759 = CARTESIAN_POINT ( 'NONE',  ( -1.677050983124843242, -1.000000000000000000, -50.50000000000000000 ) ) ;
#2760 = VECTOR ( 'NONE', #400, 1000.000000000000000 ) ;
#2761 = EDGE_CURVE ( 'NONE', #2126, #2132, #2292, .T. ) ;
#2762 = CIRCLE ( 'NONE', #2242, 1.050000000000002265 ) ;
#2763 = EDGE_CURVE ( 'NONE', #607, #2189, #2055, .T. ) ;
#2764 = ORIENTED_EDGE ( 'NONE', *, *, #2452, .F. ) ;
#2765 = AXIS2_PLACEMENT_3D ( 'NONE', #843, #2638, #616 ) ;
#2766 = DIRECTION ( 'NONE',  ( 0.000000000000000000, -1.000000000000000000, 0.000000000000000000 ) ) ;
#2767 = LINE ( 'NONE', #1205, #130 ) ;
#2768 = DIRECTION ( 'NONE',  ( -1.000000000000000000, 0.000000000000000000, -0.000000000000000000 ) ) ;
#2769 = AXIS2_PLACEMENT_3D ( 'NONE', #1361, #2035, #1812 ) ;
#2770 = ORIENTED_EDGE ( 'NONE', *, *, #1590, .T. ) ;
#2771 = ADVANCED_FACE ( 'NONE', ( #1206 ), #30, .F. ) ;
#2772 = ORIENTED_EDGE ( 'NONE', *, *, #1250, .F. ) ;
#2773 = ORIENTED_EDGE ( 'NONE', *, *, #2290, .F. ) ;
#2774 = UNCERTAINTY_MEASURE_WITH_UNIT (LENGTH_MEASURE( 1.000000000000000082E-05 ), #1325, 'distance_accuracy_value', 'NONE');
#2775 = LINE ( 'NONE', #1243, #1238 ) ;
#2776 = FACE_BOUND ( 'NONE', #942, .T. ) ;
#2777 = ORIENTED_EDGE ( 'NONE', *, *, #1754, .F. ) ;
#2778 = AXIS2_PLACEMENT_3D ( 'NONE', #1171, #892, #2024 ) ;
#2779 = AXIS2_PLACEMENT_3D ( 'NONE', #609, #2794, #1468 ) ;
#2780 = DIRECTION ( 'NONE',  ( -0.000000000000000000, -1.000000000000000000, -0.000000000000000000 ) ) ;
#2781 = EDGE_CURVE ( 'NONE', #453, #1596, #984, .T. ) ;
#2782 = DIRECTION ( 'NONE',  ( 0.000000000000000000, 0.000000000000000000, -1.000000000000000000 ) ) ;
#2783 = DIRECTION ( 'NONE',  ( -1.283953296258157162E-31, -1.000000000000000000, 0.000000000000000000 ) ) ;
#2784 = ORIENTED_EDGE ( 'NONE', *, *, #617, .T. ) ;
#2785 = EDGE_LOOP ( 'NONE', ( #747, #1482, #1832, #2205 ) ) ;
#2786 = EDGE_LOOP ( 'NONE', ( #2095, #718, #1446, #2432 ) ) ;
#2787 = ORIENTED_EDGE ( 'NONE', *, *, #2508, .T. ) ;
#2788 = DIRECTION ( 'NONE',  ( 1.283953296258157381E-31, 1.000000000000000000, 0.000000000000000000 ) ) ;
#2789 = CARTESIAN_POINT ( 'NONE',  ( 20.00000000000000000, -1.999999999999992228, 22.50000000000000000 ) ) ;
#2790 = ORIENTED_EDGE ( 'NONE', *, *, #1200, .T. ) ;
#2791 = LINE ( 'NONE', #767, #2193 ) ;
#2792 = VECTOR ( 'NONE', #1028, 1000.000000000000000 ) ;
#2793 = EDGE_CURVE ( 'NONE', #736, #2174, #149, .T. ) ;
#2794 = DIRECTION ( 'NONE',  ( 1.000000000000000000, -1.283953296258157162E-31, 0.000000000000000000 ) ) ;
#2795 = CARTESIAN_POINT ( 'NONE',  ( -12.49999999999999822, -1.999999999999999112, 24.99999999999999645 ) ) ;
#2796 = ORIENTED_EDGE ( 'NONE', *, *, #1398, .T. ) ;
#2797 = ORIENTED_EDGE ( 'NONE', *, *, #557, .F. ) ;
#2798 = DIRECTION ( 'NONE',  ( 1.000000000000000000, -0.000000000000000000, -3.252606517456510344E-16 ) ) ;
#2799 = EDGE_CURVE ( 'NONE', #1737, #2135, #1481, .T. ) ;
#2800 = EDGE_CURVE ( 'NONE', #103, #206, #1102, .T. ) ;
#2801 = VERTEX_POINT ( 'NONE', #2138 ) ;
#2802 = EDGE_LOOP ( 'NONE', ( #438, #1758, #2679, #566 ) ) ;
#2803 = DIRECTION ( 'NONE',  ( 1.000000000000000000, 0.000000000000000000, 0.000000000000000000 ) ) ;
#2804 = DIRECTION ( 'NONE',  ( 0.000000000000000000, 0.000000000000000000, 1.000000000000000000 ) ) ;
#2805 = ORIENTED_EDGE ( 'NONE', *, *, #2936, .T. ) ;
#2806 = DIRECTION ( 'NONE',  ( -1.000000000000000000, 6.419766481290785812E-32, 0.000000000000000000 ) ) ;
#2807 = EDGE_CURVE ( 'NONE', #598, #466, #998, .T. ) ;
#2808 = LINE ( 'NONE', #1231, #1181 ) ;
#2809 = AXIS2_PLACEMENT_3D ( 'NONE', #2198, #1086, #651 ) ;
#2810 = DIRECTION ( 'NONE',  ( -1.000000000000000000, -1.283953296258157381E-31, 0.000000000000000000 ) ) ;
#2811 = VECTOR ( 'NONE', #79, 1000.000000000000000 ) ;
#2812 = AXIS2_PLACEMENT_3D ( 'NONE', #684, #388, #1338 ) ;
#2813 = VERTEX_POINT ( 'NONE', #818 ) ;
#2814 = EDGE_LOOP ( 'NONE', ( #1548, #1716, #25, #1674 ) ) ;
#2815 = LINE ( 'NONE', #2829, #2482 ) ;
#2816 = VECTOR ( 'NONE', #1106, 1000.000000000000000 ) ;
#2817 = ORIENTED_EDGE ( 'NONE', *, *, #450, .T. ) ;
#2818 = EDGE_LOOP ( 'NONE', ( #1959, #731 ) ) ;
#2819 = CARTESIAN_POINT ( 'NONE',  ( 8.000000000000000000, 0.000000000000000000, -26.50000000000000000 ) ) ;
#2820 = LINE ( 'NONE', #794, #1402 ) ;
#2821 = EDGE_CURVE ( 'NONE', #633, #2828, #1232, .T. ) ;
#2822 = VERTEX_POINT ( 'NONE', #1469 ) ;
#2823 = CARTESIAN_POINT ( 'NONE',  ( 10.00000000000000178, -1.999999999999988676, -22.50000000000000000 ) ) ;
#2824 = CIRCLE ( 'NONE', #2301, 1.750000000000001554 ) ;
#2825 = CARTESIAN_POINT ( 'NONE',  ( -10.00000000000000533, -9.000000000000005329, 22.50000000000000000 ) ) ;
#2826 = DIRECTION ( 'NONE',  ( 1.000000000000000000, -1.283953296258157162E-31, 0.000000000000000000 ) ) ;
#2827 = VECTOR ( 'NONE', #12, 1000.000000000000000 ) ;
#2828 = VERTEX_POINT ( 'NONE', #1456 ) ;
#2829 = CARTESIAN_POINT ( 'NONE',  ( -8.000000000000003553, -6.999999999999999112, 22.50000000000000000 ) ) ;
#2830 = VERTEX_POINT ( 'NONE', #803 ) ;
#2831 = EDGE_LOOP ( 'NONE', ( #1840, #1240, #1416, #2211 ) ) ;
#2832 = CARTESIAN_POINT ( 'NONE',  ( -50.00000000000000000, 1.200000000000000030E-05, -1.951563910473907981E-15 ) ) ;
#2833 = CARTESIAN_POINT ( 'NONE',  ( 0.6770509831248439081, -1.999999999999982236, -50.50000000000000711 ) ) ;
#2834 = CARTESIAN_POINT ( 'NONE',  ( -10.00000000000000000, -4.999999999999999112, 17.49999999999999645 ) ) ;
#2835 = ORIENTED_EDGE ( 'NONE', *, *, #344, .F. ) ;
#2836 = CARTESIAN_POINT ( 'NONE',  ( 20.00000000000000000, -1.999999999999992228, -0.6770509831234561293 ) ) ;
#2837 = DIRECTION ( 'NONE',  ( 0.000000000000000000, 0.000000000000000000, -1.000000000000000000 ) ) ;
#2838 = EDGE_CURVE ( 'NONE', #2237, #1604, #1713, .T. ) ;
#2839 = EDGE_CURVE ( 'NONE', #103, #2438, #756, .T. ) ;
#2840 = CARTESIAN_POINT ( 'NONE',  ( -17.00000000000000000, 1.200000000000000030E-05, 2.399999999999999911 ) ) ;
#2841 = VECTOR ( 'NONE', #253, 1000.000000000000000 ) ;
#2842 = FACE_OUTER_BOUND ( 'NONE', #1333, .T. ) ;
#2843 = ORIENTED_EDGE ( 'NONE', *, *, #2839, .F. ) ;
#2844 = DIRECTION ( 'NONE',  ( 1.283953296258157162E-31, 1.000000000000000000, -0.000000000000000000 ) ) ;
#2845 = VERTEX_POINT ( 'NONE', #1924 ) ;
#2846 = ORIENTED_EDGE ( 'NONE', *, *, #2458, .F. ) ;
#2847 = FACE_OUTER_BOUND ( 'NONE', #327, .T. ) ;
#2848 = DIRECTION ( 'NONE',  ( -1.000000000000000000, 1.734723475976813997E-15, 0.000000000000000000 ) ) ;
#2849 = LINE ( 'NONE', #1723, #2670 ) ;
#2850 = ORIENTED_EDGE ( 'NONE', *, *, #1605, .F. ) ;
#2851 = CARTESIAN_POINT ( 'NONE',  ( -15.00000000000000000, -1.999999999999999112, 24.99999999999999645 ) ) ;
#2852 = CARTESIAN_POINT ( 'NONE',  ( 7.499999999999998224, -40.41874542459708408, -36.50000000000000000 ) ) ;
#2853 = DIRECTION ( 'NONE',  ( 1.283953296258157162E-31, 1.000000000000000000, -0.000000000000000000 ) ) ;
#2854 = CARTESIAN_POINT ( 'NONE',  ( -8.000000000000001776, -1.999999999999989120, -22.50000000000000000 ) ) ;
#2855 = EDGE_CURVE ( 'NONE', #59, #2040, #2567, .T. ) ;
#2856 = EDGE_LOOP ( 'NONE', ( #1079, #627, #2367, #1665 ) ) ;
#2857 = VECTOR ( 'NONE', #2175, 1000.000000000000000 ) ;
#2858 = CARTESIAN_POINT ( 'NONE',  ( 50.50000000000137845, -1.000000000000000000, -0.6770509831262506717 ) ) ;
#2859 = VECTOR ( 'NONE', #1748, 1000.000000000000000 ) ;
#2860 = VECTOR ( 'NONE', #2236, 1000.000000000000000 ) ;
#2861 = ORIENTED_EDGE ( 'NONE', *, *, #1179, .T. ) ;
#2862 = EDGE_LOOP ( 'NONE', ( #210, #2755, #1929, #1533 ) ) ;
#2863 = CARTESIAN_POINT ( 'NONE',  ( -1.677050983124843242, -9.000000000000005329, -50.50000000000000000 ) ) ;
#2864 = ADVANCED_FACE ( 'NONE', ( #1440 ), #1262, .F. ) ;
#2865 = VECTOR ( 'NONE', #420, 1000.000000000000000 ) ;
#2866 = CARTESIAN_POINT ( 'NONE',  ( 15.00000000000000000, -1.999999999999999112, 27.50000000000000000 ) ) ;
#2867 = DIRECTION ( 'NONE',  ( -1.000000000000000000, -0.000000000000000000, -0.000000000000000000 ) ) ;
#2868 = CARTESIAN_POINT ( 'NONE',  ( -50.00000000000000000, -1.000000000000000000, -1.951563910473907981E-15 ) ) ;
#2869 = ORIENTED_EDGE ( 'NONE', *, *, #1660, .F. ) ;
#2870 = EDGE_CURVE ( 'NONE', #1263, #1280, #2315, .T. ) ;
#2871 = CYLINDRICAL_SURFACE ( 'NONE', #689, 10.00000000000000178 ) ;
#2872 = LINE ( 'NONE', #622, #1555 ) ;
#2873 = ORIENTED_EDGE ( 'NONE', *, *, #1679, .T. ) ;
#2874 = CARTESIAN_POINT ( 'NONE',  ( 50.41931260600694742, -2.000000000000009326, -2.500000000000002220 ) ) ;
#2875 = EDGE_LOOP ( 'NONE', ( #1032, #2894, #343, #159, #535, #706, #2589, #404, #1719, #1015, #822, #2334, #613, #2342, #2003, #1882, #1580, #94, #1854, #791, #2919, #416, #1061, #1733, #646, #2120, #2233, #2600, #2083, #1602, #1845, #594, #1701, #1045, #2322, #1350, #2357, #1406, #969 ) ) ;
#2876 = EDGE_CURVE ( 'NONE', #2890, #957, #1941, .T. ) ;
#2877 = DIRECTION ( 'NONE',  ( -1.000000000000000000, 0.000000000000000000, 0.000000000000000000 ) ) ;
#2878 = CIRCLE ( 'NONE', #185, 5.000000000000000888 ) ;
#2879 = EDGE_CURVE ( 'NONE', #1460, #206, #342, .T. ) ;
#2880 = EDGE_LOOP ( 'NONE', ( #153, #868, #2563, #2380 ) ) ;
#2881 = EDGE_CURVE ( 'NONE', #2104, #1095, #199, .T. ) ;
#2882 = FACE_OUTER_BOUND ( 'NONE', #1169, .T. ) ;
#2883 = DIRECTION ( 'NONE',  ( 1.000000000000000000, 0.000000000000000000, 0.000000000000000000 ) ) ;
#2884 = CARTESIAN_POINT ( 'NONE',  ( 50.00000000000000000, -1.000000000000000000, -1.951563910473907981E-15 ) ) ;
#2885 = ORIENTED_EDGE ( 'NONE', *, *, #1397, .F. ) ;
#2886 = FACE_OUTER_BOUND ( 'NONE', #971, .T. ) ;
#2887 = LINE ( 'NONE', #2181, #463 ) ;
#2888 = ORIENTED_EDGE ( 'NONE', *, *, #107, .T. ) ;
#2889 = CARTESIAN_POINT ( 'NONE',  ( -49.49999999999860023, -1.000000000000000000, -0.6770509831234574616 ) ) ;
#2890 = VERTEX_POINT ( 'NONE', #1221 ) ;
#2891 = VECTOR ( 'NONE', #85, 1000.000000000000000 ) ;
#2892 = CARTESIAN_POINT ( 'NONE',  ( 12.50000000000000000, -1.999999999999999112, 17.49999999999999645 ) ) ;
#2893 = AXIS2_PLACEMENT_3D ( 'NONE', #1668, #314, #1655 ) ;
#2894 = ORIENTED_EDGE ( 'NONE', *, *, #744, .T. ) ;
#2895 = DIRECTION ( 'NONE',  ( -0.000000000000000000, -0.000000000000000000, -1.000000000000000000 ) ) ;
#2896 = ADVANCED_FACE ( 'NONE', ( #2842 ), #592, .F. ) ;
#2897 = ADVANCED_FACE ( 'NONE', ( #2124 ), #373, .F. ) ;
#2898 = CARTESIAN_POINT ( 'NONE',  ( 10.00000000000000178, -4.999999999999999112, 22.50000000000000000 ) ) ;
#2899 = ORIENTED_EDGE ( 'NONE', *, *, #2658, .F. ) ;
#2900 = DIRECTION ( 'NONE',  ( -0.7071067811865435759, 3.679904200040078703E-16, -0.7071067811865514585 ) ) ;
#2901 = DIRECTION ( 'NONE',  ( 5.204170427930423255E-16, 1.000000000000000000, -0.000000000000000000 ) ) ;
#2902 = VERTEX_POINT ( 'NONE', #577 ) ;
#2903 = DIRECTION ( 'NONE',  ( 0.000000000000000000, 0.000000000000000000, -1.000000000000000000 ) ) ;
#2904 = ADVANCED_FACE ( 'NONE', ( #1277 ), #2169, .F. ) ;
#2905 = DIRECTION ( 'NONE',  ( -1.000000000000000000, 0.000000000000000000, 4.336808689942013792E-16 ) ) ;
#2906 = EDGE_LOOP ( 'NONE', ( #918, #1519, #1774, #1670 ) ) ;
#2907 = CARTESIAN_POINT ( 'NONE',  ( -10.00000000000000178, -1.999999999999999556, 15.00000000000002309 ) ) ;
#2908 = ORIENTED_EDGE ( 'NONE', *, *, #2252, .F. ) ;
#2909 = VECTOR ( 'NONE', #42, 1000.000000000000000 ) ;
#2910 = AXIS2_PLACEMENT_3D ( 'NONE', #2178, #158, #2224 ) ;
#2911 = LINE ( 'NONE', #437, #2860 ) ;
#2912 = VECTOR ( 'NONE', #1477, 1000.000000000000000 ) ;
#2913 = VERTEX_POINT ( 'NONE', #2854 ) ;
#2914 = ADVANCED_FACE ( 'NONE', ( #2681 ), #866, .T. ) ;
#2915 = FACE_OUTER_BOUND ( 'NONE', #2661, .T. ) ;
#2916 = LINE ( 'NONE', #2008, #1357 ) ;
#2917 = CARTESIAN_POINT ( 'NONE',  ( -17.00000000000000000, -1.999999999999998224, 2.399999999999999911 ) ) ;
#2918 = CIRCLE ( 'NONE', #2100, 1.750000000000001110 ) ;
#2919 = ORIENTED_EDGE ( 'NONE', *, *, #2000, .T. ) ;
#2920 = CARTESIAN_POINT ( 'NONE',  ( -7.500000000000000000, -40.41874542459708408, -36.50000000000000000 ) ) ;
#2921 = CARTESIAN_POINT ( 'NONE',  ( -50.49999999999860023, -9.000000000000005329, 0.6770509831262291334 ) ) ;
#2922 = DIRECTION ( 'NONE',  ( 0.000000000000000000, 0.000000000000000000, 1.000000000000000000 ) ) ;
#2923 = LINE ( 'NONE', #810, #336 ) ;
#2924 = ORIENTED_EDGE ( 'NONE', *, *, #418, .F. ) ;
#2925 = VECTOR ( 'NONE', #2228, 1000.000000000000000 ) ;
#2926 = AXIS2_PLACEMENT_3D ( 'NONE', #1828, #35, #1603 ) ;
#2927 = AXIS2_PLACEMENT_3D ( 'NONE', #1056, #1247, #353 ) ;
#2928 = DIRECTION ( 'NONE',  ( -0.000000000000000000, 1.000000000000000000, -0.000000000000000000 ) ) ;
#2929 = ORIENTED_EDGE ( 'NONE', *, *, #1241, .F. ) ;
#2930 = CARTESIAN_POINT ( 'NONE',  ( 0.6770509831248432420, -9.000000000000005329, -50.50000000000000000 ) ) ;
#2931 = CARTESIAN_POINT ( 'NONE',  ( -50.49999999999860023, -9.000000000000005329, -0.6770509831234574616 ) ) ;
#2932 = CARTESIAN_POINT ( 'NONE',  ( 48.25000000000000000, -1.000000000000000000, -1.737250720623120486E-15 ) ) ;
#2933 = VERTEX_POINT ( 'NONE', #851 ) ;
#2934 = CARTESIAN_POINT ( 'NONE',  ( -50.49999999999860023, -9.000000000000005329, -0.6770509831234574616 ) ) ;
#2935 = ADVANCED_FACE ( 'NONE', ( #1073 ), #390, .F. ) ;
#2936 = EDGE_CURVE ( 'NONE', #2672, #1569, #2203, .T. ) ;
ENDSEC;
END-ISO-10303-21;
