{
    "cam1": {
        "pose_matrix": [
            [
                0.9719960924530677,
                -0.1762592894213103,
                0.15542283985522282,
                -0.2055620557639546
            ],
            [
                -0.23347465205270063,
                -0.6491611725809854,
                0.7239332558061902,
                -0.924408469087489
            ],
            [
                -0.026705488290571608,
                -0.7399475892966847,
                -0.6721341993896659,
                0.9060341836683321
            ],
            [
                0.0,
                0.0,
                0.0,
                1.0
            ]
        ],
        "position_xyz": [
            -0.2055620557639546,
            -0.924408469087489,
            0.9060341836683321
        ]
    },
    "cam2": {
        "pose_matrix": [
            [
                -0.9967108589638826,
                0.07736739329944131,
                0.02411949579757197,
                -0.025537697664988184
            ],
            [
                0.024812254052877722,
                0.5746688131023726,
                -0.8180098454764013,
                1.0147084238772257
            ],
            [
                -0.0771480114604063,
                -0.81472083666834,
                -0.5746983057449754,
                0.8745766046195397
            ],
            [
                0.0,
                0.0,
                0.0,
                1.0
            ]
        ],
        "position_xyz": [
            -0.025537697664988184,
            1.0147084238772257,
            0.8745766046195397
        ]
    },
    "cam3": {
        "pose_matrix": [
            [
                0.16825118633562897,
                0.8525174022484205,
                -0.4948793965808829,
                0.50883654193337
            ],
            [
                0.9855090595102334,
                -0.13451287814708024,
                0.10333527585410704,
                -0.023607769403730005
            ],
            [
                0.021527468961982377,
                -0.5050944114481906,
                -0.8627955746316142,
                1.0552750330093208
            ],
            [
                0.0,
                0.0,
                0.0,
                1.0
            ]
        ],
        "position_xyz": [
            0.50883654193337,
            -0.023607769403730005,
            1.0552750330093208
        ]
    }
}