{
    "cam1": {
        "camera_matrix": [
            [
                571.8732991447687,
                0.0,
                298.3798125726507
            ],
            [
                0.0,
                576.4118684179216,
                238.70970191633148
            ],
            [
                0.0,
                0.0,
                1.0
            ]
        ],
        "dist_coeff": [
            [
                -0.43379885659651973,
                0.23113711013554414,
                -0.001770984451806886,
                -0.0009673846313124739,
                -0.04574876127762422
            ]
        ],
        "rms": 0.32706130510048875,
        "resolution": [
            640,
            480
        ]
    },
    "cam2": {
        "camera_matrix": [
            [
                580.0395861054535,
                0.0,
                304.67939228474467
            ],
            [
                0.0,
                583.577000969695,
                254.41986695346088
            ],
            [
                0.0,
                0.0,
                1.0
            ]
        ],
        "dist_coeff": [
            [
                -0.4471081634030897,
                0.2954698033677196,
                -0.001696320498241912,
                0.0006369835602913197,
                -0.15196956941264064
            ]
        ],
        "rms": 0.2823382940776115,
        "resolution": [
            640,
            480
        ]
    },
    "cam3": {
        "camera_matrix": [
            [
                574.9955909728507,
                0.0,
                308.73790592230864
            ],
            [
                0.0,
                580.2807039871064,
                253.59864216869488
            ],
            [
                0.0,
                0.0,
                1.0
            ]
        ],
        "dist_coeff": [
            [
                -0.45539545204263054,
                0.35155717885029564,
                0.00011670451126359931,
                -0.00164682660124182,
                -0.23344574807028295
            ]
        ],
        "rms": 0.2656326019155267,
        "resolution": [
            640,
            480
        ]
    }
}