{
    "cam1": {
        "pose_matrix": [
            [
                0.21800578179971059,
                -0.7094657279189812,
                0.670173007521407,
                -1.0629613751697637
            ],
            [
                -0.9738659842087002,
                -0.20296623015670306,
                0.10193014381034055,
                -0.2277513470370231
            ],
            [
                0.06370654521411007,
                -0.6748800562502695,
                -0.7351723510664123,
                1.0284086915126045
            ],
            [
                0.0,
                0.0,
                0.0,
                1.0
            ]
        ],
        "position_xyz": [
            -1.0629613751697637,
            -0.2277513470370231,
            1.0284086915126045
        ]
    },
    "cam2": {
        "pose_matrix": [
            [
                -0.002226479214789287,
                0.7001134502227342,
                -0.7140281504307272,
                0.9347249556771076
            ],
            [
                0.9999588618694584,
                0.007837233005629732,
                0.004566437074234875,
                0.027092539022139046
            ],
            [
                0.008793029002772013,
                -0.713988609570233,
                -0.7001020983006134,
                0.8336047443033767
            ],
            [
                0.0,
                0.0,
                0.0,
                1.0
            ]
        ],
        "position_xyz": [
            0.9347249556771076,
            0.027092539022139046,
            0.8336047443033767
        ]
    }
}