{
    "cam1": {
        "pose_matrix": [
            [
                -0.8757760701661523,
                0.38730116642536067,
                -0.28812164342493574,
                0.24242555190058776
            ],
            [
                0.47754508295668224,
                0.7822799222193462,
                -0.3999860210512226,
                0.31257656538044537
            ],
            [
                0.07047672430119152,
                -0.4878892597486122,
                -0.8700558037009609,
                0.8711579415054252
            ],
            [
                0.0,
                0.0,
                0.0,
                1.0
            ]
        ],
        "position_xyz": [
            0.24242555190058776,
            0.31257656538044537,
            0.8711579415054252
        ]
    },
    "cam2": {
        "pose_matrix": [
            [
                -0.9331633148275227,
                -0.31651314518014717,
                0.17036917792922748,
                -0.16293409373106052
            ],
            [
                -0.359437759883225,
                0.817337138162372,
                -0.45029379226308786,
                0.33002439630037766
            ],
            [
                0.003274848124535018,
                -0.481434763502507,
                -0.876475809056386,
                0.9294637896000872
            ],
            [
                0.0,
                0.0,
                0.0,
                1.0
            ]
        ],
        "position_xyz": [
            -0.16293409373106052,
            0.33002439630037766,
            0.9294637896000872
        ]
    },
    "cam3": {
        "pose_matrix": [
            [
                0.15716631274462828,
                -0.8740559846739957,
                0.45970086555697215,
                -0.4401214511455028
            ],
            [
                -0.986077169631393,
                -0.16449327829146781,
                0.024367538420339646,
                -0.09551143069961748
            ],
            [
                0.05431910962082026,
                -0.4571302845497085,
                -0.8877394534870601,
                1.0358382122920329
            ],
            [
                0.0,
                0.0,
                0.0,
                1.0
            ]
        ],
        "position_xyz": [
            -0.4401214511455028,
            -0.09551143069961748,
            1.0358382122920329
        ]
    }
}