{
    "cam1": {
        "pose_matrix": [
            [
                0.4289851500722187,
                -0.6879896980013201,
                0.5853562303944229,
                -0.7335563047428958
            ],
            [
                -0.9022677720008357,
                -0.35749333968305297,
                0.24106302016465625,
                -0.30087960470050357
            ],
            [
                0.043412079265616854,
                -0.631560517706981,
                -0.774110265948932,
                1.027289938882863
            ],
            [
                0.0,
                0.0,
                0.0,
                1.0
            ]
        ],
        "position_xyz": [
            -0.7335563047428958,
            -0.30087960470050357,
            1.027289938882863
        ]
    },
    "cam2": {
        "pose_matrix": [
            [
                -0.01786941947839385,
                0.648392914706019,
                -0.7610961253393287,
                1.209429198795339
            ],
            [
                0.9996973609960365,
                -0.0012858958636438322,
                -0.024566906386209397,
                -0.029443210090351345
            ],
            [
                -0.01690769839647338,
                -0.7613047843215368,
                -0.6481737075075422,
                0.8502387971527945
            ],
            [
                0.0,
                0.0,
                0.0,
                1.0
            ]
        ],
        "position_xyz": [
            1.209429198795339,
            -0.029443210090351345,
            0.8502387971527945
        ]
    }
}