{
    "cam1": {
        "pose_matrix": [
            [
                0.28546492976966953,
                -0.8849648446080558,
                0.36789536240545,
                -0.3918994169552184
            ],
            [
                -0.9557516080853388,
                -0.23440987736075725,
                0.1777382149060907,
                -0.1946505943112194
            ],
            [
                -0.07105376495222893,
                -0.40235461126170097,
                -0.9127223725112468,
                1.0039943597126277
            ],
            [
                0.0,
                0.0,
                0.0,
                1.0
            ]
        ],
        "position_xyz": [
            -0.3918994169552184,
            -0.1946505943112194,
            1.0039943597126277
        ]
    },
    "cam2": {
        "pose_matrix": [
            [
                -0.49528423837720853,
                -0.7446846209287495,
                0.447368235983863,
                -0.28258597912067934
            ],
            [
                -0.8678671839703819,
                0.40118140709733063,
                -0.2930188212158489,
                0.2003213909599642
            ],
            [
                0.03873079139945662,
                -0.5333838148571914,
                -0.8449861725767833,
                0.8311741347382038
            ],
            [
                0.0,
                0.0,
                0.0,
                1.0
            ]
        ],
        "position_xyz": [
            -0.28258597912067934,
            0.2003213909599642,
            0.8311741347382038
        ]
    },
    "cam3": {
        "pose_matrix": [
            [
                -0.9112103910041847,
                -0.3886306520081568,
                0.13660834398277508,
                -0.1659302076088252
            ],
            [
                -0.3969887487023988,
                0.7399082964892392,
                -0.543079778844781,
                0.4725869896435232
            ],
            [
                0.10997980146238172,
                -0.5490919131676477,
                -0.8284941243993151,
                0.8470457703959061
            ],
            [
                0.0,
                0.0,
                0.0,
                1.0
            ]
        ],
        "position_xyz": [
            -0.1659302076088252,
            0.4725869896435232,
            0.8470457703959061
        ]
    }
}