{
    "cam1": {
        "camera_matrix": [
            [
                537.7605205190803,
                0.0,
                285.39930030167955
            ],
            [
                0.0,
                540.6549734815081,
                242.04885665266127
            ],
            [
                0.0,
                0.0,
                1.0
            ]
        ],
        "dist_coeff": [
            [
                -0.1315354062133554,
                0.22874029486536793,
                0.0013705502342781918,
                -6.491489367878475e-05,
                -0.1420824755715856
            ]
        ],
        "rms": 0.39963215890345427,
        "resolution": [
            640,
            480
        ]
    },
    "cam2": {
        "camera_matrix": [
            [
                546.6955032501158,
                0.0,
                320.2670357264812
            ],
            [
                0.0,
                549.8137524634546,
                279.1118925558538
            ],
            [
                0.0,
                0.0,
                1.0
            ]
        ],
        "dist_coeff": [
            [
                -0.1295604449213436,
                0.23925810442293244,
                0.0002488721105062775,
                0.0011518415203890383,
                -0.14096012553931517
            ]
        ],
        "rms": 0.37002816513388903,
        "resolution": [
            640,
            480
        ]
    },
    "cam3": {
        "camera_matrix": [
            [
                534.4192610699729,
                0.0,
                286.3336479227148
            ],
            [
                0.0,
                538.2132104730898,
                252.79336798354393
            ],
            [
                0.0,
                0.0,
                1.0
            ]
        ],
        "dist_coeff": [
            [
                -0.10008149832712186,
                0.14546065614892928,
                -0.0014523261449973421,
                0.000975785606976564,
                -0.0748611003032628
            ]
        ],
        "rms": 0.5012562997489044,
        "resolution": [
            640,
            480
        ]
    }
}