{
    "cam1": {
        "pose_matrix": [
            [
                0.3241339268830704,
                -0.8604782610888807,
                0.3930831459587361,
                -0.4051846892187151
            ],
            [
                -0.9448005045114248,
                -0.2734350368798395,
                0.18051395314899793,
                -0.19731350322266253
            ],
            [
                -0.047845627995859064,
                -0.42989585110812306,
                -0.9016098674491674,
                0.8643999350092477
            ],
            [
                0.0,
                0.0,
                0.0,
                1.0
            ]
        ],
        "position_xyz": [
            -0.4051846892187151,
            -0.19731350322266253,
            0.8643999350092477
        ]
    },
    "cam2": {
        "pose_matrix": [
            [
                -0.5033604110933232,
                -0.7603420608992559,
                0.4104975602502814,
                -0.3280509801802246
            ],
            [
                -0.864001808967727,
                0.44914112744163615,
                -0.2275370777278985,
                0.205432265559437
            ],
            [
                -0.011365326412227789,
                -0.4692037916171699,
                -0.8830167785991474,
                0.7064041671545916
            ],
            [
                0.0,
                0.0,
                0.0,
                1.0
            ]
        ],
        "position_xyz": [
            -0.3280509801802246,
            0.205432265559437,
            0.7064041671545916
        ]
    }
}