{
    "cam1": {
        "camera_matrix": [
            [
                540.3305143108704,
                0.0,
                281.0767981197137
            ],
            [
                0.0,
                545.4249953630473,
                242.72173267229596
            ],
            [
                0.0,
                0.0,
                1.0
            ]
        ],
        "dist_coeff": [
            [
                -0.1332367834038281,
                0.22235069442778227,
                0.0015988283528567127,
                -0.0016390447529500303,
                -0.13906354987242295
            ]
        ],
        "rms": 0.3808753701656039,
        "resolution": [
            640,
            480
        ]
    },
    "cam2": {
        "camera_matrix": [
            [
                547.74836645784,
                0.0,
                318.0667393047691
            ],
            [
                0.0,
                553.2216955761005,
                278.8450692118575
            ],
            [
                0.0,
                0.0,
                1.0
            ]
        ],
        "dist_coeff": [
            [
                -0.1463989869516726,
                0.289807023901498,
                0.0003944524067822303,
                0.00039059012497075186,
                -0.2039549429830954
            ]
        ],
        "rms": 0.3605209929296593,
        "resolution": [
            640,
            480
        ]
    },
    "cam3": {
        "camera_matrix": [
            [
                534.4192610699729,
                0.0,
                286.3336479227148
            ],
            [
                0.0,
                538.2132104730898,
                252.79336798354393
            ],
            [
                0.0,
                0.0,
                1.0
            ]
        ],
        "dist_coeff": [
            [
                -0.10008149832712186,
                0.14546065614892928,
                -0.0014523261449973421,
                0.000975785606976564,
                -0.0748611003032628
            ]
        ],
        "rms": 0.5012562997489044,
        "resolution": [
            640,
            480
        ]
    }
}