{
    "cam1": {
        "pose_matrix": [
            [
                0.6040054195432081,
                -0.7381804110928143,
                0.30044489318555095,
                -0.35520826016062385
            ],
            [
                -0.7952028059803287,
                -0.5833581204846161,
                0.16536565733449,
                -0.0888682266538438
            ],
            [
                0.053197279286116936,
                -0.33879637533996726,
                -0.9393546005279663,
                0.8354691109331931
            ],
            [
                0.0,
                0.0,
                0.0,
                1.0
            ]
        ],
        "position_xyz": [
            -0.35520826016062385,
            -0.0888682266538438,
            0.8354691109331931
        ]
    },
    "cam2": {
        "pose_matrix": [
            [
                -0.6563161530344876,
                -0.6824538355129223,
                0.3217232811900813,
                -0.31608900154241404
            ],
            [
                -0.7488174464034195,
                0.5370240414053074,
                -0.3884296730613827,
                0.3169107703743204
            ],
            [
                0.09231218352889753,
                -0.4958446746173764,
                -0.8634908913391706,
                0.6950215053779562
            ],
            [
                0.0,
                0.0,
                0.0,
                1.0
            ]
        ],
        "position_xyz": [
            -0.31608900154241404,
            0.3169107703743204,
            0.6950215053779562
        ]
    }
}