{
    "cam1": {
        "pose_matrix": [
            [
                0.7220719953539458,
                -0.6031067958800476,
                0.33893100520441366,
                -0.3973091516191122
            ],
            [
                -0.6904938303153392,
                -0.6585729184466895,
                0.29916547492159257,
                -0.39562132986592063
            ],
            [
                0.04278205023164641,
                -0.45004877941386884,
                -0.891978582885298,
                1.0021854429282222
            ],
            [
                0.0,
                0.0,
                0.0,
                1.0
            ]
        ],
        "position_xyz": [
            -0.3973091516191122,
            -0.39562132986592063,
            1.0021854429282222
        ]
    },
    "cam2": {
        "pose_matrix": [
            [
                0.823638552556271,
                0.5135470655702391,
                -0.24060121817482097,
                0.2658821450181795
            ],
            [
                0.5668972592892659,
                -0.7573115389500324,
                0.3242016816480954,
                -0.457972451467472
            ],
            [
                -0.015717256545909913,
                -0.40342117497391095,
                -0.9148794037627799,
                0.9671675682452043
            ],
            [
                0.0,
                0.0,
                0.0,
                1.0
            ]
        ],
        "position_xyz": [
            0.2658821450181795,
            -0.457972451467472,
            0.9671675682452043
        ]
    }
}