{
    "cam1": {
        "pose_matrix": [
            [
                0.6690438629526233,
                -0.6404173490183415,
                0.37715504573285447,
                -0.49402980814620767
            ],
            [
                -0.7415145696713409,
                -0.5407868482161059,
                0.3971218046917305,
                -0.5094887568854193
            ],
            [
                -0.05036320492738594,
                -0.5453578677096449,
                -0.8366889169318737,
                1.0148440228992397
            ],
            [
                0.0,
                0.0,
                0.0,
                1.0
            ]
        ],
        "position_xyz": [
            -0.49402980814620767,
            -0.5094887568854193,
            1.0148440228992397
        ]
    },
    "cam2": {
        "pose_matrix": [
            [
                0.7241509824064634,
                0.5815573944617864,
                -0.3706701385687442,
                0.5114432432001079
            ],
            [
                0.6896412820076794,
                -0.6102632693362009,
                0.3898379717907121,
                -0.5216780440972375
            ],
            [
                0.0005067845286094996,
                -0.5379309798161003,
                -0.842988733094062,
                0.9801035233508484
            ],
            [
                0.0,
                0.0,
                0.0,
                1.0
            ]
        ],
        "position_xyz": [
            0.5114432432001079,
            -0.5216780440972375,
            0.9801035233508484
        ]
    }
}