{
    "cam1": {
        "camera_matrix": [
            [
                764.0917225118485,
                0.0,
                269.7481951227244
            ],
            [
                0.0,
                769.7949043381257,
                251.8843413240146
            ],
            [
                0.0,
                0.0,
                1.0
            ]
        ],
        "dist_coeff": [
            [
                -0.10237640549584943,
                0.15388899428275135,
                0.0016754780091828353,
                -0.0015948729651520505,
                -0.05137884861990299
            ]
        ],
        "rms": 0.29566860516699645,
        "resolution": [
            640,
            480
        ]
    },
    "cam2": {
        "camera_matrix": [
            [
                777.1979179838179,
                0.0,
                306.369512344158
            ],
            [
                0.0,
                781.2463848024931,
                237.61124224770396
            ],
            [
                0.0,
                0.0,
                1.0
            ]
        ],
        "dist_coeff": [
            [
                -0.1115673770377568,
                0.23439782670843037,
                0.0011034071753630724,
                0.0021132536047091172,
                -0.038867175715377435
            ]
        ],
        "rms": 0.30017959761143387,
        "resolution": [
            640,
            480
        ]
    },
    "cam3": {
        "camera_matrix": [
            [
                759.6785853845467,
                0.0,
                276.7212582391443
            ],
            [
                0.0,
                766.6984745703593,
                260.97637867684625
            ],
            [
                0.0,
                0.0,
                1.0
            ]
        ],
        "dist_coeff": [
            [
                -0.05069121880404849,
                -0.21598716554007538,
                -0.0008434188108450053,
                6.186494118179965e-05,
                0.7586061887606711
            ]
        ],
        "rms": 0.4741419702706428,
        "resolution": [
            640,
            480
        ]
    }
}