{
    "cam1": {
        "pose_matrix": [
            [
                0.011028240449493465,
                0.6348711239335006,
                -0.7725393413335024,
                0.9631338783030978
            ],
            [
                0.9994043728602015,
                0.018266768388955468,
                0.029278399555501988,
                -0.0943030314149816
            ],
            [
                0.032699807652270985,
                -0.7724020851655164,
                -0.6342915271477829,
                0.9000514636027667
            ],
            [
                0.0,
                0.0,
                0.0,
                1.0
            ]
        ],
        "position_xyz": [
            0.9631338783030978,
            -0.0943030314149816,
            0.9000514636027667
        ]
    },
    "cam2": {
        "pose_matrix": [
            [
                -0.06362220289064031,
                -0.6528519576185666,
                0.7548089405491618,
                -0.9746055855409383
            ],
            [
                -0.9973053310876631,
                0.013908622357854311,
                -0.07203212344665222,
                -0.01936496884515244
            ],
            [
                0.03652796029713873,
                -0.7573578227348764,
                -0.6519776349375942,
                0.8799604587297677
            ],
            [
                0.0,
                0.0,
                0.0,
                1.0
            ]
        ],
        "position_xyz": [
            -0.9746055855409383,
            -0.01936496884515244,
            0.8799604587297677
        ]
    },
    "cam3": {
        "pose_matrix": [
            [
                -0.9989823815043846,
                0.038743884380982724,
                -0.02308923703592655,
                -0.04516443835830158
            ],
            [
                0.045078684410402636,
                0.8742074897001368,
                -0.48345545520142014,
                0.4805031631126795
            ],
            [
                0.0014538416885895855,
                -0.48400431441802055,
                -0.8750644033264559,
                1.0567709561554757
            ],
            [
                0.0,
                0.0,
                0.0,
                1.0
            ]
        ],
        "position_xyz": [
            -0.04516443835830158,
            0.4805031631126795,
            1.0567709561554757
        ]
    }
}