{
    "cam1": {
        "pose_matrix": [
            [
                0.5047505236584834,
                -0.7130500114764237,
                0.486607223538614,
                -0.7815980572162545
            ],
            [
                -0.8629481297531348,
                -0.40148899480143163,
                0.30680142178435654,
                -0.483954051973451
            ],
            [
                -0.02339731228268488,
                -0.5747749717818338,
                -0.8179769541931721,
                1.0103180580918971
            ],
            [
                0.0,
                0.0,
                0.0,
                1.0
            ]
        ],
        "position_xyz": [
            -0.7815980572162545,
            -0.483954051973451,
            1.0103180580918971
        ]
    },
    "cam2": {
        "pose_matrix": [
            [
                0.49307351606615624,
                0.6638134080480297,
                -0.5623435489536786,
                0.8639477850834407
            ],
            [
                0.8688631600459625,
                -0.40858977299746935,
                0.27951959952178795,
                -0.38218694681870513
            ],
            [
                -0.044218965038796354,
                -0.6264233047209664,
                -0.7782278113980258,
                0.973646924639632
            ],
            [
                0.0,
                0.0,
                0.0,
                1.0
            ]
        ],
        "position_xyz": [
            0.8639477850834407,
            -0.38218694681870513,
            0.973646924639632
        ]
    }
}