{
    "cam1": {
        "camera_matrix": [
            [
                571.8733113239842,
                0.0,
                298.3798395262229
            ],
            [
                0.0,
                576.4118855590577,
                238.70971915601268
            ],
            [
                0.0,
                0.0,
                1.0
            ]
        ],
        "dist_coeff": [
            [
                -0.4337986325172135,
                0.23113336087947786,
                -0.0017709708033168542,
                -0.0009674147593763178,
                -0.04574145053612453
            ]
        ],
        "rms": 0.32706186789503466,
        "resolution": [
            640,
            480
        ]
    },
    "cam2": {
        "camera_matrix": [
            [
                580.0395518904493,
                0.0,
                304.6793922895897
            ],
            [
                0.0,
                583.5769676200132,
                254.41988589514858
            ],
            [
                0.0,
                0.0,
                1.0
            ]
        ],
        "dist_coeff": [
            [
                -0.44710769646373166,
                0.2954671847462824,
                -0.0016963234941440076,
                0.0006369648681871716,
                -0.15196639012985563
            ]
        ],
        "rms": 0.28233898778287747,
        "resolution": [
            640,
            480
        ]
    },
    "cam3": {
        "camera_matrix": [
            [
                574.9955861619948,
                0.0,
                308.73789902209796
            ],
            [
                0.0,
                580.2806983519863,
                253.59863611368638
            ],
            [
                0.0,
                0.0,
                1.0
            ]
        ],
        "dist_coeff": [
            [
                -0.45539523956662686,
                0.3515559262191268,
                0.00011670627270210076,
                -0.0016468452760105955,
                -0.2334443666680564
            ]
        ],
        "rms": 0.2656337025356347,
        "resolution": [
            640,
            480
        ]
    }
}