{
    "cam1": {
        "camera_matrix": [
            [
                538.841422345448,
                0.0,
                289.106027463356
            ],
            [
                0.0,
                543.0068530504313,
                241.78908157504932
            ],
            [
                0.0,
                0.0,
                1.0
            ]
        ],
        "dist_coeff": [
            [
                -0.10833701880815638,
                0.1722987341250933,
                0.0024143386155379824,
                0.001092215804177756,
                -0.07823072210645264
            ]
        ],
        "rms": 0.2993510378785471,
        "resolution": [
            640,
            480
        ]
    },
    "cam2": {
        "camera_matrix": [
            [
                543.9520069404376,
                0.0,
                322.7543450626755
            ],
            [
                0.0,
                547.434291383889,
                278.35696895272224
            ],
            [
                0.0,
                0.0,
                1.0
            ]
        ],
        "dist_coeff": [
            [
                -0.10957421508330478,
                0.1778411390450485,
                0.001217547481448253,
                0.003457750019115843,
                -0.08058090385704697
            ]
        ],
        "rms": 0.3261994724217558,
        "resolution": [
            640,
            480
        ]
    },
    "cam3": {
        "camera_matrix": [
            [
                532.4974625866256,
                0.0,
                288.23536372904766
            ],
            [
                0.0,
                536.8136665904224,
                252.15940689381608
            ],
            [
                0.0,
                0.0,
                1.0
            ]
        ],
        "dist_coeff": [
            [
                -0.09699505190880066,
                0.218413775354332,
                -0.00035233755793535166,
                0.0011716522809425247,
                -0.19038444506590657
            ]
        ],
        "rms": 0.5008663478976368,
        "resolution": [
            640,
            480
        ]
    }
}