{
    "cam1": {
        "pose_matrix": [
            [
                -0.9342728276354296,
                -0.332193360066466,
                0.1295447994704942,
                -0.24079189177746135
            ],
            [
                -0.35152658844008594,
                0.7973184447706002,
                -0.49062445439283414,
                0.5726847364757246
            ],
            [
                0.059693727993598455,
                -0.5039155377207007,
                -0.8616877564883255,
                0.9916002638121391
            ],
            [
                0.0,
                0.0,
                0.0,
                1.0
            ]
        ],
        "position_xyz": [
            -0.24079189177746135,
            0.5726847364757246,
            0.9916002638121391
        ]
    },
    "cam2": {
        "pose_matrix": [
            [
                -0.8571851129055907,
                0.41944370928823543,
                -0.2988321551499379,
                0.17686351570914674
            ],
            [
                0.5148760033404661,
                0.711104420640478,
                -0.4787830449480423,
                0.49872032650114206
            ],
            [
                0.011678330239319135,
                -0.5642672041542881,
                -0.8255096237589996,
                0.820717597837376
            ],
            [
                0.0,
                0.0,
                0.0,
                1.0
            ]
        ],
        "position_xyz": [
            0.17686351570914674,
            0.49872032650114206,
            0.820717597837376
        ]
    }
}