{
    "cam1": {
        "pose_matrix": [
            [
                -0.45208376851806725,
                -0.8180427002697159,
                0.35556491218613556,
                -0.32614017944674456
            ],
            [
                -0.8882227391460256,
                0.37634007056091684,
                -0.26349291632629435,
                0.24864918593278196
            ],
            [
                0.08173513263238769,
                -0.43494171083679234,
                -0.896741365315513,
                0.8772401733466576
            ],
            [
                0.0,
                0.0,
                0.0,
                1.0
            ]
        ],
        "position_xyz": [
            -0.32614017944674456,
            0.24864918593278196,
            0.8772401733466576
        ]
    },
    "cam2": {
        "pose_matrix": [
            [
                0.2920703056358279,
                -0.8713339985546185,
                0.3942993780474605,
                -0.3617685621302636
            ],
            [
                -0.951396515518399,
                -0.22259888045739737,
                0.21282483097270857,
                -0.19731882302767845
            ],
            [
                -0.09767091084474819,
                -0.4372948677745183,
                -0.8939986531269629,
                0.9244473167392323
            ],
            [
                0.0,
                0.0,
                0.0,
                1.0
            ]
        ],
        "position_xyz": [
            -0.3617685621302636,
            -0.19731882302767845,
            0.9244473167392323
        ]
    },
    "cam3": {
        "pose_matrix": [
            [
                0.8521774258772044,
                0.48454987525099924,
                -0.19749697015281908,
                0.25695982352472324
            ],
            [
                0.5214618529405249,
                -0.7552410100748783,
                0.3971001795881141,
                -0.40192515501300646
            ],
            [
                0.04325703125662689,
                -0.4413869448628031,
                -0.8962736156729956,
                1.0461163252029937
            ],
            [
                0.0,
                0.0,
                0.0,
                1.0
            ]
        ],
        "position_xyz": [
            0.25695982352472324,
            -0.40192515501300646,
            1.0461163252029937
        ]
    }
}