{
    "cam1": {
        "pose_matrix": [
            [
                -0.25712207569938933,
                -0.8114068576917701,
                0.5248877494082,
                -0.6015617757990722
            ],
            [
                -0.9615434217952574,
                0.16054158409724215,
                -0.22284669119781955,
                0.2680687125889564
            ],
            [
                0.09655302268860233,
                -0.5620011664278963,
                -0.8214817117522331,
                0.9596802950046661
            ],
            [
                0.0,
                0.0,
                0.0,
                1.0
            ]
        ],
        "position_xyz": [
            -0.6015617757990722,
            0.2680687125889564,
            0.9596802950046661
        ]
    },
    "cam2": {
        "pose_matrix": [
            [
                0.21479326575089144,
                -0.8161362968547476,
                0.536456333678974,
                -0.5226661179384133
            ],
            [
                -0.9742603006547306,
                -0.14057175452514534,
                0.1762283983865164,
                -0.1810996864684847
            ],
            [
                -0.06841578440843443,
                -0.5605007821457006,
                -0.8253230601757332,
                0.9370937002432945
            ],
            [
                0.0,
                0.0,
                0.0,
                1.0
            ]
        ],
        "position_xyz": [
            -0.5226661179384133,
            -0.1810996864684847,
            0.9370937002432945
        ]
    },
    "cam3": {
        "pose_matrix": [
            [
                0.9858352610689004,
                0.1677146223930515,
                -0.0008021650509566075,
                -0.03490521137833622
            ],
            [
                0.14984850516801188,
                -0.8786489863857901,
                0.45334466382889715,
                -0.5876972077549177
            ],
            [
                0.07532770759903124,
                -0.44704335825373764,
                -0.8913349383419765,
                1.1524534658581707
            ],
            [
                0.0,
                0.0,
                0.0,
                1.0
            ]
        ],
        "position_xyz": [
            -0.03490521137833622,
            -0.5876972077549177,
            1.1524534658581707
        ]
    }
}