{
    "cam1": {
        "camera_matrix": [
            [
                538.8122498419643,
                0.0,
                286.0762980772933
            ],
            [
                0.0,
                542.6708893055625,
                242.45736321656318
            ],
            [
                0.0,
                0.0,
                1.0
            ]
        ],
        "dist_coeff": [
            [
                -0.11315111563959095,
                0.21239798442692964,
                0.0022120877086213037,
                0.0003690354277187248,
                -0.13409565430560355
            ]
        ],
        "rms": 0.26883252221471793,
        "resolution": [
            640,
            480
        ]
    },
    "cam2": {
        "camera_matrix": [
            [
                546.5750392274908,
                0.0,
                303.45744809518544
            ],
            [
                0.0,
                550.7452777778055,
                229.66478452238405
            ],
            [
                0.0,
                0.0,
                1.0
            ]
        ],
        "dist_coeff": [
            [
                -0.11059466944355102,
                0.17266660905429693,
                0.0011359792064032197,
                0.002792333606539585,
                -0.022073643865390277
            ]
        ],
        "rms": 0.36265215171599907,
        "resolution": [
            640,
            480
        ]
    },
    "cam3": {
        "camera_matrix": [
            [
                532.4974625866256,
                0.0,
                288.23536372904766
            ],
            [
                0.0,
                536.8136665904224,
                252.15940689381608
            ],
            [
                0.0,
                0.0,
                1.0
            ]
        ],
        "dist_coeff": [
            [
                -0.09699505190880066,
                0.218413775354332,
                -0.00035233755793535166,
                0.0011716522809425247,
                -0.19038444506590657
            ]
        ],
        "rms": 0.5008663478976368,
        "resolution": [
            640,
            480
        ]
    }
}