{
    "cam1": {
        "pose_matrix": [
            [
                0.4787770650115625,
                -0.7282127535009838,
                0.4903862841244946,
                -0.7139235054199274
            ],
            [
                -0.8776776168555834,
                -0.383444991734908,
                0.28749250283115235,
                -0.522329182676886
            ],
            [
                -0.021319542434533795,
                -0.5680458819073788,
                -0.8227207017928079,
                1.0257598800110908
            ],
            [
                0.0,
                0.0,
                0.0,
                1.0
            ]
        ],
        "position_xyz": [
            -0.7139235054199274,
            -0.522329182676886,
            1.0257598800110908
        ]
    },
    "cam2": {
        "pose_matrix": [
            [
                0.44693641981707527,
                0.7349487450364001,
                -0.5099982145169881,
                0.7952641347948541
            ],
            [
                0.894131993808523,
                -0.38476272154498886,
                0.22909741543127177,
                -0.3598509624318162
            ],
            [
                -0.02785344303834536,
                -0.5583976990270592,
                -0.8291056599928597,
                1.008719058662805
            ],
            [
                0.0,
                0.0,
                0.0,
                1.0
            ]
        ],
        "position_xyz": [
            0.7952641347948541,
            -0.3598509624318162,
            1.008719058662805
        ]
    }
}