{
    "cam1": {
        "pose_matrix": [
            [
                -0.8025349447089654,
                0.4461495913925496,
                -0.39609115695915165,
                0.30976731740366165
            ],
            [
                0.5913301289305918,
                0.6829308056626864,
                -0.4288754985958558,
                0.37496681662392817
            ],
            [
                0.07916022448116203,
                -0.5784082094655774,
                -0.8118975317630404,
                0.8634632347745667
            ],
            [
                0.0,
                0.0,
                0.0,
                1.0
            ]
        ],
        "position_xyz": [
            0.30976731740366165,
            0.37496681662392817,
            0.8634632347745667
        ]
    },
    "cam2": {
        "pose_matrix": [
            [
                -0.9829280891763403,
                -0.10470603223248057,
                0.151291170668613,
                -0.09509998047454345
            ],
            [
                -0.15743245487431215,
                0.9041933905480946,
                -0.3970507960467887,
                0.3845352797107149
            ],
            [
                -0.09522286311803649,
                -0.41409052066338303,
                -0.9052412093118232,
                0.9284360659272476
            ],
            [
                0.0,
                0.0,
                0.0,
                1.0
            ]
        ],
        "position_xyz": [
            -0.09509998047454345,
            0.3845352797107149,
            0.9284360659272476
        ]
    },
    "cam3": {
        "pose_matrix": [
            [
                0.2259077013797938,
                -0.8425361885186579,
                0.488976974400381,
                -0.4526801289790406
            ],
            [
                -0.9736832814264561,
                -0.21080764792791393,
                0.08660833127193734,
                -0.12425413708406786
            ],
            [
                0.030109432540432718,
                -0.49567419401412627,
                -0.8679864719340619,
                1.052309917649866
            ],
            [
                0.0,
                0.0,
                0.0,
                1.0
            ]
        ],
        "position_xyz": [
            -0.4526801289790406,
            -0.12425413708406786,
            1.052309917649866
        ]
    }
}