ISO-10303-21;
HEADER;
/* Generated by software containing ST-Developer
 * from STEP Tools, Inc. (www.steptools.com) 
 */

FILE_DESCRIPTION(
/* description */ (''),
/* implementation_level */ '2;1');

FILE_NAME(
/* name */ 'battery_holder.step',
/* time_stamp */ '2026-04-29T17:20:15+08:00',
/* author */ (''),
/* organization */ (''),
/* preprocessor_version */ 'ST-DEVELOPER v20.1',
/* originating_system */ 'Autodesk Translation Framework v15.8.0.0',
/* authorisation */ '');

FILE_SCHEMA (('AUTOMOTIVE_DESIGN { 1 0 10303 214 3 1 1 }'));
ENDSEC;

DATA;
#10=MECHANICAL_DESIGN_GEOMETRIC_PRESENTATION_REPRESENTATION('',(#13),#3580);
#11=SHAPE_REPRESENTATION_RELATIONSHIP('SRR','None',#3587,#12);
#12=ADVANCED_BREP_SHAPE_REPRESENTATION('',(#14),#3579);
#13=STYLED_ITEM('',(#3596),#14);
#14=MANIFOLD_SOLID_BREP('Body1',#1972);
#15=CONICAL_SURFACE('',#2139,1.75,0.785398163397449);
#16=CONICAL_SURFACE('',#2142,1.75,0.785398163397448);
#17=CONICAL_SURFACE('',#2145,1.75,0.785398163397448);
#18=CONICAL_SURFACE('',#2148,1.75,0.785398163397449);
#19=SPHERICAL_SURFACE('',#2096,2.);
#20=SPHERICAL_SURFACE('',#2098,2.);
#21=SPHERICAL_SURFACE('',#2107,2.);
#22=SPHERICAL_SURFACE('',#2109,2.);
#23=ELLIPSE('',#2024,2.82882133064897,2.00027874566703);
#24=ELLIPSE('',#2025,2.82882133064897,2.00027874566703);
#25=ELLIPSE('',#2031,2.82882133064896,2.00027874566703);
#26=ELLIPSE('',#2038,2.82882133064897,2.00027874566704);
#27=ELLIPSE('',#2039,2.82882133064897,2.00027874566704);
#28=ELLIPSE('',#2045,2.82882133064896,2.00027874566703);
#29=ELLIPSE('',#2093,2.49867647463822,2.00000002980232);
#30=ELLIPSE('',#2094,2.49867647463822,2.00000002980232);
#31=ELLIPSE('',#2104,2.49867647463822,2.00000002980232);
#32=ELLIPSE('',#2105,2.49867647463822,2.00000002980232);
#33=B_SPLINE_CURVE_WITH_KNOTS('',3,(#2861,#2862,#2863,#2864,#2865,#2866,
#2867,#2868,#2869,#2870),.UNSPECIFIED.,.F.,.F.,(4,2,2,2,4),(1.01108246862872,
1.0875473998165,1.16401233100428,1.28157957215373,1.39914681330317),
 .UNSPECIFIED.);
#34=B_SPLINE_CURVE_WITH_KNOTS('',3,(#2874,#2875,#2876,#2877,#2878,#2879,
#2880,#2881,#2882,#2883),.UNSPECIFIED.,.F.,.F.,(4,2,2,2,4),(0.,0.117567241149442,
0.235134482298884,0.311599413486666,0.388064344674448),.UNSPECIFIED.);
#35=B_SPLINE_CURVE_WITH_KNOTS('',3,(#2898,#2899,#2900,#2901,#2902,#2903,
#2904,#2905,#2906,#2907),.UNSPECIFIED.,.F.,.F.,(4,2,2,2,4),(1.01108246862872,
1.0875473998165,1.16401233100428,1.28157957215373,1.39914681330317),
 .UNSPECIFIED.);
#36=B_SPLINE_CURVE_WITH_KNOTS('',3,(#2911,#2912,#2913,#2914,#2915,#2916,
#2917,#2918,#2919,#2920),.UNSPECIFIED.,.F.,.F.,(4,2,2,2,4),(0.,0.117567241149442,
0.235134482298884,0.311599413486666,0.388064344674448),.UNSPECIFIED.);
#37=B_SPLINE_CURVE_WITH_KNOTS('',3,(#2935,#2936,#2937,#2938,#2939,#2940,
#2941,#2942,#2943,#2944),.UNSPECIFIED.,.F.,.F.,(4,2,2,2,4),(1.01108246862872,
1.0875473998165,1.16401233100428,1.28157957215373,1.39914681330317),
 .UNSPECIFIED.);
#38=B_SPLINE_CURVE_WITH_KNOTS('',3,(#2948,#2949,#2950,#2951,#2952,#2953,
#2954,#2955,#2956,#2957),.UNSPECIFIED.,.F.,.F.,(4,2,2,2,4),(0.,0.117567241149442,
0.235134482298884,0.311599413486666,0.388064344674448),.UNSPECIFIED.);
#39=B_SPLINE_CURVE_WITH_KNOTS('',3,(#2972,#2973,#2974,#2975,#2976,#2977,
#2978,#2979,#2980,#2981),.UNSPECIFIED.,.F.,.F.,(4,2,2,2,4),(1.01108246862872,
1.0875473998165,1.16401233100428,1.28157957215373,1.39914681330317),
 .UNSPECIFIED.);
#40=B_SPLINE_CURVE_WITH_KNOTS('',3,(#2985,#2986,#2987,#2988,#2989,#2990,
#2991,#2992,#2993,#2994),.UNSPECIFIED.,.F.,.F.,(4,2,2,2,4),(0.,0.117567241149442,
0.235134482298884,0.311599413486666,0.388064344674448),.UNSPECIFIED.);
#41=B_SPLINE_CURVE_WITH_KNOTS('',3,(#3067,#3068,#3069,#3070),
 .UNSPECIFIED.,.F.,.F.,(4,4),(0.126500716103465,0.150997335363468),
 .UNSPECIFIED.);
#42=B_SPLINE_CURVE_WITH_KNOTS('',3,(#3082,#3083,#3084,#3085),
 .UNSPECIFIED.,.F.,.F.,(4,4),(0.455124892342963,0.479621511602965),
 .UNSPECIFIED.);
#43=B_SPLINE_CURVE_WITH_KNOTS('',3,(#3201,#3202,#3203,#3204,#3205,#3206,
#3207,#3208,#3209,#3210,#3211,#3212,#3213,#3214,#3215,#3216,#3217,#3218,
#3219,#3220,#3221,#3222,#3223,#3224,#3225,#3226,#3227,#3228,#3229,#3230,
#3231,#3232,#3233,#3234,#3235,#3236,#3237,#3238,#3239,#3240,#3241,#3242,
#3243,#3244,#3245,#3246,#3247,#3248,#3249,#3250,#3251,#3252),
 .UNSPECIFIED.,.F.,.F.,(4,2,2,2,2,2,2,2,2,2,2,2,2,2,2,2,2,2,2,2,2,2,2,2,
2,4),(0.270426676866262,0.319944627214888,0.361329925130271,0.402715223045654,
0.444100520961037,0.485485818876419,0.568256414707185,0.686843430399247,
0.746136938245277,0.775783692168293,0.7906070691298,0.798018757610554,0.801724601850931,
0.80357752397112,0.805430446091308,0.807283368211497,0.809136290331685,
0.812842134572062,0.820253823052816,0.835077200014325,0.864723953937342,
0.924017461783375,1.04260447747544,1.12537507330621,1.16676037122159,1.20814566913698),
 .UNSPECIFIED.);
#44=B_SPLINE_CURVE_WITH_KNOTS('',3,(#3254,#3255,#3256,#3257,#3258,#3259,
#3260,#3261,#3262,#3263,#3264,#3265,#3266,#3267,#3268,#3269,#3270,#3271,
#3272,#3273),.UNSPECIFIED.,.F.,.F.,(4,2,2,2,2,2,2,2,2,4),(0.,0.00185292212018846,
0.00370584424037692,0.00741168848075383,0.0148233769615077,0.0296467539230153,
0.0592935078460306,0.118587015692061,0.237174031384123,0.270426676866262),
 .UNSPECIFIED.);
#45=B_SPLINE_CURVE_WITH_KNOTS('',3,(#3275,#3276,#3277,#3278,#3279,#3280,
#3281,#3282,#3283,#3284,#3285,#3286,#3287,#3288,#3289,#3290,#3291,#3292,
#3293,#3294),.UNSPECIFIED.,.F.,.F.,(4,2,2,2,2,2,2,2,2,4),(1.34043421531637,
1.37368686079851,1.49227387649058,1.55156738433661,1.58121413825963,1.59603751522114,
1.60344920370189,1.60715504794227,1.60900797006246,1.61086089218265),
 .UNSPECIFIED.);
#46=B_SPLINE_CURVE_WITH_KNOTS('',3,(#3295,#3296,#3297,#3298,#3299,#3300,
#3301,#3302),.UNSPECIFIED.,.F.,.F.,(4,2,2,4),(1.20814566913698,1.24953096705236,
1.29091626496774,1.34043421531637),.UNSPECIFIED.);
#47=B_SPLINE_CURVE_WITH_KNOTS('',3,(#3331,#3332,#3333,#3334,#3335,#3336,
#3337,#3338),.UNSPECIFIED.,.F.,.F.,(4,2,2,4),(1.07585712295759,1.12537507330621,
1.16676037122159,1.20814566913698),.UNSPECIFIED.);
#48=B_SPLINE_CURVE_WITH_KNOTS('',3,(#3340,#3341,#3342,#3343,#3344,#3345,
#3346,#3347,#3348,#3349,#3350,#3351,#3352,#3353,#3354,#3355,#3356,#3357,
#3358,#3359,#3360,#3361,#3362,#3363,#3364,#3365,#3366,#3367,#3368,#3369,
#3370,#3371,#3372,#3373,#3374,#3375,#3376,#3377),.UNSPECIFIED.,.F.,.F.,
(4,2,2,2,2,2,2,2,2,2,2,2,2,2,2,2,2,2,4),(0.535003769225046,0.568256414707186,
0.686843430399247,0.746136938245277,0.775783692168293,0.7906070691298,0.798018757610554,
0.801724601850931,0.80357752397112,0.805430446091308,0.807283368211497,
0.809136290331685,0.812842134572062,0.820253823052816,0.835077200014325,
0.864723953937342,0.924017461783376,1.04260447747544,1.07585712295759),
 .UNSPECIFIED.);
#49=B_SPLINE_CURVE_WITH_KNOTS('',3,(#3379,#3380,#3381,#3382,#3383,#3384,
#3385,#3386,#3387,#3388,#3389,#3390,#3391,#3392,#3393,#3394,#3395,#3396,
#3397,#3398,#3399,#3400,#3401,#3402,#3403,#3404,#3405,#3406,#3407,#3408),
 .UNSPECIFIED.,.F.,.F.,(4,2,2,2,2,2,2,2,2,2,2,2,2,2,4),(0.,0.00185292212018846,
0.00370584424037692,0.00741168848075384,0.0148233769615077,0.0296467539230154,
0.0592935078460308,0.118587015692062,0.237174031384123,0.319944627214889,
0.361329925130271,0.402715223045654,0.444100520961037,0.48548581887642,
0.535003769225046),.UNSPECIFIED.);
#50=B_SPLINE_CURVE_WITH_KNOTS('',3,(#3409,#3410,#3411,#3412,#3413,#3414,
#3415,#3416,#3417,#3418,#3419,#3420,#3421,#3422,#3423,#3424,#3425,#3426,
#3427,#3428,#3429,#3430,#3431,#3432),.UNSPECIFIED.,.F.,.F.,(4,2,2,2,2,2,
2,2,2,2,2,4),(1.20814566913698,1.24953096705236,1.29091626496775,1.37368686079851,
1.49227387649058,1.55156738433661,1.58121413825963,1.59603751522114,1.60344920370189,
1.60715504794227,1.60900797006246,1.61086089218265),.UNSPECIFIED.);
#51=TOROIDAL_SURFACE('',#2020,4.00027874566704,2.);
#52=TOROIDAL_SURFACE('',#2027,4.00027874566703,2.);
#53=TOROIDAL_SURFACE('',#2034,4.00027874566704,2.);
#54=TOROIDAL_SURFACE('',#2041,4.00027874566704,2.);
#55=FACE_BOUND('',#213,.T.);
#56=FACE_BOUND('',#214,.T.);
#57=FACE_BOUND('',#215,.T.);
#58=FACE_BOUND('',#216,.T.);
#59=FACE_BOUND('',#217,.T.);
#60=FACE_BOUND('',#218,.T.);
#61=FACE_BOUND('',#243,.T.);
#62=FACE_BOUND('',#244,.T.);
#63=FACE_BOUND('',#245,.T.);
#64=FACE_BOUND('',#246,.T.);
#65=FACE_BOUND('',#247,.T.);
#66=FACE_BOUND('',#248,.T.);
#67=PLANE('',#1995);
#68=PLANE('',#1997);
#69=PLANE('',#2050);
#70=PLANE('',#2054);
#71=PLANE('',#2058);
#72=PLANE('',#2061);
#73=PLANE('',#2064);
#74=PLANE('',#2068);
#75=PLANE('',#2071);
#76=PLANE('',#2074);
#77=PLANE('',#2087);
#78=PLANE('',#2088);
#79=PLANE('',#2089);
#80=PLANE('',#2090);
#81=PLANE('',#2091);
#82=PLANE('',#2095);
#83=PLANE('',#2106);
#84=PLANE('',#2114);
#85=PLANE('',#2118);
#86=PLANE('',#2119);
#87=PLANE('',#2120);
#88=PLANE('',#2121);
#89=PLANE('',#2122);
#90=PLANE('',#2124);
#91=PLANE('',#2125);
#92=PLANE('',#2126);
#93=PLANE('',#2127);
#94=PLANE('',#2128);
#95=PLANE('',#2129);
#96=PLANE('',#2130);
#97=PLANE('',#2131);
#98=PLANE('',#2132);
#99=PLANE('',#2133);
#100=PLANE('',#2134);
#101=PLANE('',#2135);
#102=PLANE('',#2136);
#103=PLANE('',#2137);
#104=PLANE('',#2138);
#105=PLANE('',#2152);
#106=PLANE('',#2153);
#107=PLANE('',#2156);
#108=PLANE('',#2157);
#109=PLANE('',#2159);
#110=PLANE('',#2161);
#111=PLANE('',#2162);
#112=PLANE('',#2165);
#113=PLANE('',#2166);
#114=PLANE('',#2168);
#115=FACE_OUTER_BOUND('',#208,.T.);
#116=FACE_OUTER_BOUND('',#209,.T.);
#117=FACE_OUTER_BOUND('',#210,.T.);
#118=FACE_OUTER_BOUND('',#211,.T.);
#119=FACE_OUTER_BOUND('',#212,.T.);
#120=FACE_OUTER_BOUND('',#219,.T.);
#121=FACE_OUTER_BOUND('',#220,.T.);
#122=FACE_OUTER_BOUND('',#221,.T.);
#123=FACE_OUTER_BOUND('',#222,.T.);
#124=FACE_OUTER_BOUND('',#223,.T.);
#125=FACE_OUTER_BOUND('',#224,.T.);
#126=FACE_OUTER_BOUND('',#225,.T.);
#127=FACE_OUTER_BOUND('',#226,.T.);
#128=FACE_OUTER_BOUND('',#227,.T.);
#129=FACE_OUTER_BOUND('',#228,.T.);
#130=FACE_OUTER_BOUND('',#229,.T.);
#131=FACE_OUTER_BOUND('',#230,.T.);
#132=FACE_OUTER_BOUND('',#231,.T.);
#133=FACE_OUTER_BOUND('',#232,.T.);
#134=FACE_OUTER_BOUND('',#233,.T.);
#135=FACE_OUTER_BOUND('',#234,.T.);
#136=FACE_OUTER_BOUND('',#235,.T.);
#137=FACE_OUTER_BOUND('',#236,.T.);
#138=FACE_OUTER_BOUND('',#237,.T.);
#139=FACE_OUTER_BOUND('',#238,.T.);
#140=FACE_OUTER_BOUND('',#239,.T.);
#141=FACE_OUTER_BOUND('',#240,.T.);
#142=FACE_OUTER_BOUND('',#241,.T.);
#143=FACE_OUTER_BOUND('',#242,.T.);
#144=FACE_OUTER_BOUND('',#249,.T.);
#145=FACE_OUTER_BOUND('',#250,.T.);
#146=FACE_OUTER_BOUND('',#251,.T.);
#147=FACE_OUTER_BOUND('',#252,.T.);
#148=FACE_OUTER_BOUND('',#253,.T.);
#149=FACE_OUTER_BOUND('',#254,.T.);
#150=FACE_OUTER_BOUND('',#255,.T.);
#151=FACE_OUTER_BOUND('',#256,.T.);
#152=FACE_OUTER_BOUND('',#257,.T.);
#153=FACE_OUTER_BOUND('',#258,.T.);
#154=FACE_OUTER_BOUND('',#259,.T.);
#155=FACE_OUTER_BOUND('',#260,.T.);
#156=FACE_OUTER_BOUND('',#261,.T.);
#157=FACE_OUTER_BOUND('',#262,.T.);
#158=FACE_OUTER_BOUND('',#263,.T.);
#159=FACE_OUTER_BOUND('',#264,.T.);
#160=FACE_OUTER_BOUND('',#265,.T.);
#161=FACE_OUTER_BOUND('',#266,.T.);
#162=FACE_OUTER_BOUND('',#267,.T.);
#163=FACE_OUTER_BOUND('',#268,.T.);
#164=FACE_OUTER_BOUND('',#269,.T.);
#165=FACE_OUTER_BOUND('',#270,.T.);
#166=FACE_OUTER_BOUND('',#271,.T.);
#167=FACE_OUTER_BOUND('',#272,.T.);
#168=FACE_OUTER_BOUND('',#273,.T.);
#169=FACE_OUTER_BOUND('',#274,.T.);
#170=FACE_OUTER_BOUND('',#275,.T.);
#171=FACE_OUTER_BOUND('',#276,.T.);
#172=FACE_OUTER_BOUND('',#277,.T.);
#173=FACE_OUTER_BOUND('',#278,.T.);
#174=FACE_OUTER_BOUND('',#279,.T.);
#175=FACE_OUTER_BOUND('',#280,.T.);
#176=FACE_OUTER_BOUND('',#281,.T.);
#177=FACE_OUTER_BOUND('',#282,.T.);
#178=FACE_OUTER_BOUND('',#283,.T.);
#179=FACE_OUTER_BOUND('',#284,.T.);
#180=FACE_OUTER_BOUND('',#285,.T.);
#181=FACE_OUTER_BOUND('',#286,.T.);
#182=FACE_OUTER_BOUND('',#287,.T.);
#183=FACE_OUTER_BOUND('',#288,.T.);
#184=FACE_OUTER_BOUND('',#289,.T.);
#185=FACE_OUTER_BOUND('',#290,.T.);
#186=FACE_OUTER_BOUND('',#291,.T.);
#187=FACE_OUTER_BOUND('',#292,.T.);
#188=FACE_OUTER_BOUND('',#293,.T.);
#189=FACE_OUTER_BOUND('',#294,.T.);
#190=FACE_OUTER_BOUND('',#295,.T.);
#191=FACE_OUTER_BOUND('',#296,.T.);
#192=FACE_OUTER_BOUND('',#297,.T.);
#193=FACE_OUTER_BOUND('',#298,.T.);
#194=FACE_OUTER_BOUND('',#299,.T.);
#195=FACE_OUTER_BOUND('',#300,.T.);
#196=FACE_OUTER_BOUND('',#301,.T.);
#197=FACE_OUTER_BOUND('',#302,.T.);
#198=FACE_OUTER_BOUND('',#303,.T.);
#199=FACE_OUTER_BOUND('',#304,.T.);
#200=FACE_OUTER_BOUND('',#305,.T.);
#201=FACE_OUTER_BOUND('',#306,.T.);
#202=FACE_OUTER_BOUND('',#307,.T.);
#203=FACE_OUTER_BOUND('',#308,.T.);
#204=FACE_OUTER_BOUND('',#309,.T.);
#205=FACE_OUTER_BOUND('',#310,.T.);
#206=FACE_OUTER_BOUND('',#311,.T.);
#207=FACE_OUTER_BOUND('',#312,.T.);
#208=EDGE_LOOP('',(#1256,#1257,#1258,#1259));
#209=EDGE_LOOP('',(#1260,#1261,#1262,#1263));
#210=EDGE_LOOP('',(#1264,#1265,#1266,#1267));
#211=EDGE_LOOP('',(#1268,#1269,#1270,#1271,#1272,#1273,#1274));
#212=EDGE_LOOP('',(#1275,#1276,#1277,#1278,#1279,#1280,#1281,#1282,#1283,
#1284,#1285,#1286,#1287,#1288,#1289,#1290,#1291,#1292,#1293,#1294,#1295,
#1296,#1297,#1298,#1299,#1300,#1301,#1302,#1303,#1304,#1305,#1306,#1307,
#1308,#1309,#1310,#1311,#1312,#1313,#1314,#1315,#1316,#1317,#1318,#1319,
#1320,#1321,#1322));
#213=EDGE_LOOP('',(#1323));
#214=EDGE_LOOP('',(#1324));
#215=EDGE_LOOP('',(#1325));
#216=EDGE_LOOP('',(#1326));
#217=EDGE_LOOP('',(#1327));
#218=EDGE_LOOP('',(#1328));
#219=EDGE_LOOP('',(#1329,#1330,#1331,#1332));
#220=EDGE_LOOP('',(#1333,#1334,#1335,#1336,#1337,#1338,#1339,#1340,#1341));
#221=EDGE_LOOP('',(#1342,#1343,#1344,#1345));
#222=EDGE_LOOP('',(#1346,#1347,#1348,#1349,#1350,#1351,#1352,#1353,#1354));
#223=EDGE_LOOP('',(#1355,#1356,#1357,#1358));
#224=EDGE_LOOP('',(#1359,#1360,#1361,#1362,#1363,#1364,#1365,#1366,#1367));
#225=EDGE_LOOP('',(#1368,#1369,#1370,#1371));
#226=EDGE_LOOP('',(#1372,#1373,#1374,#1375,#1376,#1377,#1378,#1379,#1380));
#227=EDGE_LOOP('',(#1381,#1382,#1383,#1384));
#228=EDGE_LOOP('',(#1385,#1386,#1387,#1388,#1389,#1390,#1391,#1392));
#229=EDGE_LOOP('',(#1393,#1394,#1395,#1396));
#230=EDGE_LOOP('',(#1397,#1398,#1399,#1400,#1401,#1402,#1403,#1404));
#231=EDGE_LOOP('',(#1405,#1406,#1407,#1408));
#232=EDGE_LOOP('',(#1409,#1410,#1411,#1412));
#233=EDGE_LOOP('',(#1413,#1414,#1415,#1416));
#234=EDGE_LOOP('',(#1417,#1418,#1419,#1420));
#235=EDGE_LOOP('',(#1421,#1422,#1423,#1424,#1425));
#236=EDGE_LOOP('',(#1426,#1427,#1428,#1429,#1430,#1431));
#237=EDGE_LOOP('',(#1432,#1433,#1434,#1435,#1436));
#238=EDGE_LOOP('',(#1437,#1438,#1439,#1440,#1441,#1442));
#239=EDGE_LOOP('',(#1443,#1444,#1445,#1446,#1447));
#240=EDGE_LOOP('',(#1448,#1449,#1450,#1451));
#241=EDGE_LOOP('',(#1452,#1453,#1454,#1455,#1456));
#242=EDGE_LOOP('',(#1457,#1458,#1459,#1460,#1461,#1462,#1463,#1464,#1465,
#1466,#1467,#1468,#1469,#1470,#1471,#1472,#1473,#1474,#1475,#1476,#1477,
#1478,#1479,#1480,#1481,#1482,#1483,#1484,#1485,#1486,#1487,#1488,#1489,
#1490,#1491,#1492,#1493,#1494,#1495,#1496,#1497,#1498,#1499,#1500,#1501,
#1502,#1503,#1504,#1505,#1506,#1507,#1508,#1509,#1510));
#243=EDGE_LOOP('',(#1511));
#244=EDGE_LOOP('',(#1512));
#245=EDGE_LOOP('',(#1513));
#246=EDGE_LOOP('',(#1514));
#247=EDGE_LOOP('',(#1515));
#248=EDGE_LOOP('',(#1516));
#249=EDGE_LOOP('',(#1517,#1518,#1519,#1520));
#250=EDGE_LOOP('',(#1521,#1522,#1523,#1524));
#251=EDGE_LOOP('',(#1525,#1526,#1527,#1528));
#252=EDGE_LOOP('',(#1529,#1530,#1531,#1532));
#253=EDGE_LOOP('',(#1533,#1534,#1535,#1536));
#254=EDGE_LOOP('',(#1537,#1538,#1539,#1540,#1541,#1542,#1543,#1544));
#255=EDGE_LOOP('',(#1545,#1546,#1547,#1548,#1549,#1550,#1551,#1552,#1553,
#1554,#1555));
#256=EDGE_LOOP('',(#1556,#1557));
#257=EDGE_LOOP('',(#1558,#1559,#1560,#1561,#1562,#1563));
#258=EDGE_LOOP('',(#1564,#1565,#1566,#1567,#1568,#1569,#1570,#1571,#1572,
#1573,#1574,#1575,#1576,#1577));
#259=EDGE_LOOP('',(#1578,#1579,#1580,#1581,#1582,#1583,#1584,#1585));
#260=EDGE_LOOP('',(#1586,#1587,#1588,#1589,#1590,#1591,#1592,#1593,#1594,
#1595,#1596));
#261=EDGE_LOOP('',(#1597,#1598,#1599));
#262=EDGE_LOOP('',(#1600,#1601,#1602,#1603,#1604));
#263=EDGE_LOOP('',(#1605,#1606,#1607,#1608,#1609,#1610,#1611,#1612,#1613,
#1614,#1615,#1616,#1617,#1618));
#264=EDGE_LOOP('',(#1619,#1620,#1621,#1622,#1623));
#265=EDGE_LOOP('',(#1624,#1625,#1626,#1627));
#266=EDGE_LOOP('',(#1628,#1629,#1630,#1631));
#267=EDGE_LOOP('',(#1632,#1633,#1634,#1635));
#268=EDGE_LOOP('',(#1636,#1637,#1638,#1639,#1640));
#269=EDGE_LOOP('',(#1641,#1642,#1643,#1644,#1645,#1646,#1647,#1648,#1649,
#1650));
#270=EDGE_LOOP('',(#1651,#1652,#1653,#1654));
#271=EDGE_LOOP('',(#1655,#1656,#1657,#1658));
#272=EDGE_LOOP('',(#1659,#1660,#1661,#1662));
#273=EDGE_LOOP('',(#1663,#1664,#1665,#1666));
#274=EDGE_LOOP('',(#1667,#1668,#1669,#1670));
#275=EDGE_LOOP('',(#1671,#1672,#1673,#1674,#1675,#1676,#1677));
#276=EDGE_LOOP('',(#1678,#1679,#1680,#1681));
#277=EDGE_LOOP('',(#1682,#1683,#1684,#1685));
#278=EDGE_LOOP('',(#1686,#1687,#1688,#1689,#1690,#1691,#1692,#1693,#1694,
#1695,#1696,#1697));
#279=EDGE_LOOP('',(#1698,#1699,#1700,#1701,#1702,#1703,#1704,#1705));
#280=EDGE_LOOP('',(#1706,#1707,#1708,#1709));
#281=EDGE_LOOP('',(#1710,#1711,#1712,#1713));
#282=EDGE_LOOP('',(#1714,#1715,#1716,#1717));
#283=EDGE_LOOP('',(#1718,#1719,#1720,#1721));
#284=EDGE_LOOP('',(#1722,#1723,#1724,#1725));
#285=EDGE_LOOP('',(#1726,#1727,#1728,#1729));
#286=EDGE_LOOP('',(#1730,#1731,#1732,#1733));
#287=EDGE_LOOP('',(#1734,#1735,#1736,#1737));
#288=EDGE_LOOP('',(#1738,#1739,#1740,#1741));
#289=EDGE_LOOP('',(#1742,#1743,#1744,#1745));
#290=EDGE_LOOP('',(#1746,#1747,#1748,#1749));
#291=EDGE_LOOP('',(#1750,#1751,#1752,#1753));
#292=EDGE_LOOP('',(#1754,#1755,#1756,#1757));
#293=EDGE_LOOP('',(#1758,#1759,#1760,#1761));
#294=EDGE_LOOP('',(#1762,#1763,#1764,#1765));
#295=EDGE_LOOP('',(#1766,#1767,#1768,#1769));
#296=EDGE_LOOP('',(#1770,#1771,#1772,#1773,#1774));
#297=EDGE_LOOP('',(#1775,#1776,#1777,#1778,#1779));
#298=EDGE_LOOP('',(#1780,#1781,#1782,#1783));
#299=EDGE_LOOP('',(#1784,#1785,#1786,#1787));
#300=EDGE_LOOP('',(#1788,#1789,#1790,#1791,#1792));
#301=EDGE_LOOP('',(#1793,#1794,#1795,#1796,#1797));
#302=EDGE_LOOP('',(#1798,#1799,#1800,#1801));
#303=EDGE_LOOP('',(#1802,#1803,#1804,#1805));
#304=EDGE_LOOP('',(#1806,#1807,#1808,#1809));
#305=EDGE_LOOP('',(#1810,#1811,#1812,#1813,#1814));
#306=EDGE_LOOP('',(#1815,#1816,#1817,#1818,#1819));
#307=EDGE_LOOP('',(#1820,#1821,#1822,#1823));
#308=EDGE_LOOP('',(#1824,#1825,#1826,#1827));
#309=EDGE_LOOP('',(#1828,#1829,#1830,#1831,#1832));
#310=EDGE_LOOP('',(#1833,#1834,#1835,#1836,#1837));
#311=EDGE_LOOP('',(#1838,#1839,#1840,#1841));
#312=EDGE_LOOP('',(#1842,#1843,#1844,#1845));
#313=LINE('',#2729,#500);
#314=LINE('',#2734,#501);
#315=LINE('',#2738,#502);
#316=LINE('',#2744,#503);
#317=LINE('',#2748,#504);
#318=LINE('',#2752,#505);
#319=LINE('',#2754,#506);
#320=LINE('',#2756,#507);
#321=LINE('',#2757,#508);
#322=LINE('',#2760,#509);
#323=LINE('',#2762,#510);
#324=LINE('',#2766,#511);
#325=LINE('',#2770,#512);
#326=LINE('',#2774,#513);
#327=LINE('',#2778,#514);
#328=LINE('',#2782,#515);
#329=LINE('',#2784,#516);
#330=LINE('',#2786,#517);
#331=LINE('',#2790,#518);
#332=LINE('',#2794,#519);
#333=LINE('',#2798,#520);
#334=LINE('',#2802,#521);
#335=LINE('',#2804,#522);
#336=LINE('',#2806,#523);
#337=LINE('',#2810,#524);
#338=LINE('',#2814,#525);
#339=LINE('',#2818,#526);
#340=LINE('',#2822,#527);
#341=LINE('',#2824,#528);
#342=LINE('',#2826,#529);
#343=LINE('',#2830,#530);
#344=LINE('',#2834,#531);
#345=LINE('',#2838,#532);
#346=LINE('',#2842,#533);
#347=LINE('',#2846,#534);
#348=LINE('',#2848,#535);
#349=LINE('',#2849,#536);
#350=LINE('',#2889,#537);
#351=LINE('',#2890,#538);
#352=LINE('',#2891,#539);
#353=LINE('',#2928,#540);
#354=LINE('',#2929,#541);
#355=LINE('',#2930,#542);
#356=LINE('',#2963,#543);
#357=LINE('',#2964,#544);
#358=LINE('',#2965,#545);
#359=LINE('',#3002,#546);
#360=LINE('',#3003,#547);
#361=LINE('',#3004,#548);
#362=LINE('',#3010,#549);
#363=LINE('',#3011,#550);
#364=LINE('',#3014,#551);
#365=LINE('',#3016,#552);
#366=LINE('',#3018,#553);
#367=LINE('',#3020,#554);
#368=LINE('',#3023,#555);
#369=LINE('',#3026,#556);
#370=LINE('',#3029,#557);
#371=LINE('',#3032,#558);
#372=LINE('',#3036,#559);
#373=LINE('',#3038,#560);
#374=LINE('',#3040,#561);
#375=LINE('',#3041,#562);
#376=LINE('',#3046,#563);
#377=LINE('',#3047,#564);
#378=LINE('',#3050,#565);
#379=LINE('',#3051,#566);
#380=LINE('',#3054,#567);
#381=LINE('',#3057,#568);
#382=LINE('',#3060,#569);
#383=LINE('',#3061,#570);
#384=LINE('',#3066,#571);
#385=LINE('',#3073,#572);
#386=LINE('',#3075,#573);
#387=LINE('',#3077,#574);
#388=LINE('',#3086,#575);
#389=LINE('',#3092,#576);
#390=LINE('',#3094,#577);
#391=LINE('',#3095,#578);
#392=LINE('',#3097,#579);
#393=LINE('',#3098,#580);
#394=LINE('',#3100,#581);
#395=LINE('',#3103,#582);
#396=LINE('',#3106,#583);
#397=LINE('',#3108,#584);
#398=LINE('',#3110,#585);
#399=LINE('',#3113,#586);
#400=LINE('',#3115,#587);
#401=LINE('',#3119,#588);
#402=LINE('',#3121,#589);
#403=LINE('',#3123,#590);
#404=LINE('',#3125,#591);
#405=LINE('',#3127,#592);
#406=LINE('',#3129,#593);
#407=LINE('',#3131,#594);
#408=LINE('',#3134,#595);
#409=LINE('',#3136,#596);
#410=LINE('',#3139,#597);
#411=LINE('',#3140,#598);
#412=LINE('',#3142,#599);
#413=LINE('',#3145,#600);
#414=LINE('',#3147,#601);
#415=LINE('',#3151,#602);
#416=LINE('',#3153,#603);
#417=LINE('',#3155,#604);
#418=LINE('',#3157,#605);
#419=LINE('',#3159,#606);
#420=LINE('',#3161,#607);
#421=LINE('',#3163,#608);
#422=LINE('',#3166,#609);
#423=LINE('',#3168,#610);
#424=LINE('',#3171,#611);
#425=LINE('',#3183,#612);
#426=LINE('',#3184,#613);
#427=LINE('',#3185,#614);
#428=LINE('',#3187,#615);
#429=LINE('',#3189,#616);
#430=LINE('',#3191,#617);
#431=LINE('',#3199,#618);
#432=LINE('',#3304,#619);
#433=LINE('',#3305,#620);
#434=LINE('',#3307,#621);
#435=LINE('',#3308,#622);
#436=LINE('',#3310,#623);
#437=LINE('',#3311,#624);
#438=LINE('',#3321,#625);
#439=LINE('',#3322,#626);
#440=LINE('',#3329,#627);
#441=LINE('',#3435,#628);
#442=LINE('',#3436,#629);
#443=LINE('',#3438,#630);
#444=LINE('',#3439,#631);
#445=LINE('',#3440,#632);
#446=LINE('',#3441,#633);
#447=LINE('',#3451,#634);
#448=LINE('',#3452,#635);
#449=LINE('',#3456,#636);
#450=LINE('',#3458,#637);
#451=LINE('',#3460,#638);
#452=LINE('',#3463,#639);
#453=LINE('',#3466,#640);
#454=LINE('',#3469,#641);
#455=LINE('',#3472,#642);
#456=LINE('',#3473,#643);
#457=LINE('',#3476,#644);
#458=LINE('',#3477,#645);
#459=LINE('',#3480,#646);
#460=LINE('',#3481,#647);
#461=LINE('',#3483,#648);
#462=LINE('',#3484,#649);
#463=LINE('',#3485,#650);
#464=LINE('',#3487,#651);
#465=LINE('',#3489,#652);
#466=LINE('',#3491,#653);
#467=LINE('',#3493,#654);
#468=LINE('',#3497,#655);
#469=LINE('',#3499,#656);
#470=LINE('',#3502,#657);
#471=LINE('',#3504,#658);
#472=LINE('',#3505,#659);
#473=LINE('',#3508,#660);
#474=LINE('',#3510,#661);
#475=LINE('',#3511,#662);
#476=LINE('',#3513,#663);
#477=LINE('',#3514,#664);
#478=LINE('',#3518,#665);
#479=LINE('',#3520,#666);
#480=LINE('',#3522,#667);
#481=LINE('',#3524,#668);
#482=LINE('',#3527,#669);
#483=LINE('',#3530,#670);
#484=LINE('',#3533,#671);
#485=LINE('',#3536,#672);
#486=LINE('',#3539,#673);
#487=LINE('',#3542,#674);
#488=LINE('',#3545,#675);
#489=LINE('',#3548,#676);
#490=LINE('',#3550,#677);
#491=LINE('',#3551,#678);
#492=LINE('',#3554,#679);
#493=LINE('',#3557,#680);
#494=LINE('',#3560,#681);
#495=LINE('',#3563,#682);
#496=LINE('',#3565,#683);
#497=LINE('',#3568,#684);
#498=LINE('',#3571,#685);
#499=LINE('',#3574,#686);
#500=VECTOR('',#2175,3.);
#501=VECTOR('',#2180,10.);
#502=VECTOR('',#2183,10.);
#503=VECTOR('',#2190,1.25);
#504=VECTOR('',#2195,10.);
#505=VECTOR('',#2198,10.);
#506=VECTOR('',#2199,10.);
#507=VECTOR('',#2200,10.);
#508=VECTOR('',#2201,10.);
#509=VECTOR('',#2204,10.);
#510=VECTOR('',#2205,10.);
#511=VECTOR('',#2208,10.);
#512=VECTOR('',#2211,10.);
#513=VECTOR('',#2214,10.);
#514=VECTOR('',#2217,10.);
#515=VECTOR('',#2220,10.);
#516=VECTOR('',#2221,10.);
#517=VECTOR('',#2222,10.);
#518=VECTOR('',#2225,10.);
#519=VECTOR('',#2228,10.);
#520=VECTOR('',#2231,10.);
#521=VECTOR('',#2234,10.);
#522=VECTOR('',#2235,10.);
#523=VECTOR('',#2236,10.);
#524=VECTOR('',#2239,10.);
#525=VECTOR('',#2242,10.);
#526=VECTOR('',#2245,10.);
#527=VECTOR('',#2248,10.);
#528=VECTOR('',#2249,10.);
#529=VECTOR('',#2250,10.);
#530=VECTOR('',#2253,10.);
#531=VECTOR('',#2256,10.);
#532=VECTOR('',#2259,10.);
#533=VECTOR('',#2262,10.);
#534=VECTOR('',#2265,10.);
#535=VECTOR('',#2266,10.);
#536=VECTOR('',#2267,10.);
#537=VECTOR('',#2286,2.00027874566704);
#538=VECTOR('',#2287,10.);
#539=VECTOR('',#2288,10.);
#540=VECTOR('',#2305,2.00027874566703);
#541=VECTOR('',#2306,10.);
#542=VECTOR('',#2307,10.);
#543=VECTOR('',#2320,2.00027874566704);
#544=VECTOR('',#2321,10.);
#545=VECTOR('',#2322,10.);
#546=VECTOR('',#2339,2.00027874566703);
#547=VECTOR('',#2340,10.);
#548=VECTOR('',#2341,10.);
#549=VECTOR('',#2348,10.);
#550=VECTOR('',#2349,10.);
#551=VECTOR('',#2352,10.);
#552=VECTOR('',#2353,10.);
#553=VECTOR('',#2354,10.);
#554=VECTOR('',#2355,10.);
#555=VECTOR('',#2358,10.);
#556=VECTOR('',#2361,10.);
#557=VECTOR('',#2364,10.);
#558=VECTOR('',#2367,10.);
#559=VECTOR('',#2370,10.);
#560=VECTOR('',#2371,10.);
#561=VECTOR('',#2372,10.);
#562=VECTOR('',#2373,10.);
#563=VECTOR('',#2378,10.);
#564=VECTOR('',#2379,10.);
#565=VECTOR('',#2382,10.);
#566=VECTOR('',#2383,10.);
#567=VECTOR('',#2386,10.);
#568=VECTOR('',#2389,10.);
#569=VECTOR('',#2392,10.);
#570=VECTOR('',#2393,10.);
#571=VECTOR('',#2398,10.);
#572=VECTOR('',#2401,10.);
#573=VECTOR('',#2402,10.);
#574=VECTOR('',#2403,10.);
#575=VECTOR('',#2408,10.);
#576=VECTOR('',#2415,10.);
#577=VECTOR('',#2416,10.);
#578=VECTOR('',#2417,10.);
#579=VECTOR('',#2420,10.);
#580=VECTOR('',#2421,10.);
#581=VECTOR('',#2424,10.);
#582=VECTOR('',#2427,10.);
#583=VECTOR('',#2430,10.);
#584=VECTOR('',#2433,10.);
#585=VECTOR('',#2434,10.);
#586=VECTOR('',#2437,10.);
#587=VECTOR('',#2438,10.);
#588=VECTOR('',#2441,10.);
#589=VECTOR('',#2442,10.);
#590=VECTOR('',#2443,10.);
#591=VECTOR('',#2444,10.);
#592=VECTOR('',#2445,10.);
#593=VECTOR('',#2446,10.);
#594=VECTOR('',#2447,10.);
#595=VECTOR('',#2450,10.);
#596=VECTOR('',#2451,10.);
#597=VECTOR('',#2454,10.);
#598=VECTOR('',#2455,10.);
#599=VECTOR('',#2456,10.);
#600=VECTOR('',#2459,10.);
#601=VECTOR('',#2460,10.);
#602=VECTOR('',#2463,10.);
#603=VECTOR('',#2464,10.);
#604=VECTOR('',#2465,10.);
#605=VECTOR('',#2466,10.);
#606=VECTOR('',#2467,10.);
#607=VECTOR('',#2468,10.);
#608=VECTOR('',#2469,10.);
#609=VECTOR('',#2472,10.);
#610=VECTOR('',#2473,10.);
#611=VECTOR('',#2476,10.);
#612=VECTOR('',#2487,10.);
#613=VECTOR('',#2488,10.);
#614=VECTOR('',#2489,10.);
#615=VECTOR('',#2492,10.);
#616=VECTOR('',#2495,10.);
#617=VECTOR('',#2498,10.);
#618=VECTOR('',#2507,2.00000002980232);
#619=VECTOR('',#2510,10.);
#620=VECTOR('',#2511,10.);
#621=VECTOR('',#2512,10.);
#622=VECTOR('',#2513,10.);
#623=VECTOR('',#2514,10.);
#624=VECTOR('',#2515,10.);
#625=VECTOR('',#2530,2.00027874566703);
#626=VECTOR('',#2531,2.00027874566703);
#627=VECTOR('',#2538,2.00000002980232);
#628=VECTOR('',#2541,10.);
#629=VECTOR('',#2542,10.);
#630=VECTOR('',#2543,10.);
#631=VECTOR('',#2544,10.);
#632=VECTOR('',#2545,10.);
#633=VECTOR('',#2546,10.);
#634=VECTOR('',#2561,2.00027874566703);
#635=VECTOR('',#2562,2.00027874566703);
#636=VECTOR('',#2565,10.);
#637=VECTOR('',#2566,10.);
#638=VECTOR('',#2567,10.);
#639=VECTOR('',#2570,10.);
#640=VECTOR('',#2573,10.);
#641=VECTOR('',#2576,10.);
#642=VECTOR('',#2579,10.);
#643=VECTOR('',#2580,10.);
#644=VECTOR('',#2583,10.);
#645=VECTOR('',#2584,10.);
#646=VECTOR('',#2587,10.);
#647=VECTOR('',#2588,10.);
#648=VECTOR('',#2591,10.);
#649=VECTOR('',#2592,10.);
#650=VECTOR('',#2593,10.);
#651=VECTOR('',#2596,10.);
#652=VECTOR('',#2599,10.);
#653=VECTOR('',#2602,10.);
#654=VECTOR('',#2605,10.);
#655=VECTOR('',#2612,10.);
#656=VECTOR('',#2615,10.);
#657=VECTOR('',#2618,10.);
#658=VECTOR('',#2619,10.);
#659=VECTOR('',#2620,10.);
#660=VECTOR('',#2623,10.);
#661=VECTOR('',#2624,10.);
#662=VECTOR('',#2625,10.);
#663=VECTOR('',#2628,10.);
#664=VECTOR('',#2629,10.);
#665=VECTOR('',#2636,10.);
#666=VECTOR('',#2639,10.);
#667=VECTOR('',#2642,10.);
#668=VECTOR('',#2645,10.);
#669=VECTOR('',#2648,1.75);
#670=VECTOR('',#2653,1.25);
#671=VECTOR('',#2656,1.75);
#672=VECTOR('',#2661,1.25);
#673=VECTOR('',#2664,1.75);
#674=VECTOR('',#2669,1.25);
#675=VECTOR('',#2672,1.75);
#676=VECTOR('',#2677,1.25);
#677=VECTOR('',#2680,10.);
#678=VECTOR('',#2681,10.);
#679=VECTOR('',#2686,10.);
#680=VECTOR('',#2691,10.);
#681=VECTOR('',#2696,10.);
#682=VECTOR('',#2701,10.);
#683=VECTOR('',#2704,10.);
#684=VECTOR('',#2709,10.);
#685=VECTOR('',#2714,10.);
#686=VECTOR('',#2719,10.);
#687=CIRCLE('',#1987,3.);
#688=CIRCLE('',#1988,3.);
#689=CIRCLE('',#1990,1.25);
#690=CIRCLE('',#1991,1.25);
#691=CIRCLE('',#1993,1.25);
#692=CIRCLE('',#1994,1.25);
#693=CIRCLE('',#1996,1.);
#694=CIRCLE('',#1998,4.);
#695=CIRCLE('',#1999,2.);
#696=CIRCLE('',#2000,3.);
#697=CIRCLE('',#2001,2.00027874566704);
#698=CIRCLE('',#2002,3.);
#699=CIRCLE('',#2003,3.);
#700=CIRCLE('',#2004,2.00027874566703);
#701=CIRCLE('',#2005,3.);
#702=CIRCLE('',#2006,2.);
#703=CIRCLE('',#2007,2.);
#704=CIRCLE('',#2008,3.);
#705=CIRCLE('',#2009,2.00027874566704);
#706=CIRCLE('',#2010,3.);
#707=CIRCLE('',#2011,3.);
#708=CIRCLE('',#2012,2.00027874566703);
#709=CIRCLE('',#2013,3.);
#710=CIRCLE('',#2014,2.);
#711=CIRCLE('',#2015,4.);
#712=CIRCLE('',#2016,1.25);
#713=CIRCLE('',#2017,1.25);
#714=CIRCLE('',#2018,1.25);
#715=CIRCLE('',#2019,1.25);
#716=CIRCLE('',#2021,2.00027874566704);
#717=CIRCLE('',#2022,4.00027874566704);
#718=CIRCLE('',#2026,2.00027874566703);
#719=CIRCLE('',#2028,2.00027874566703);
#720=CIRCLE('',#2029,4.00027874566703);
#721=CIRCLE('',#2032,2.00027874566703);
#722=CIRCLE('',#2033,2.00027874566703);
#723=CIRCLE('',#2035,2.00027874566704);
#724=CIRCLE('',#2036,4.00027874566704);
#725=CIRCLE('',#2040,2.00027874566703);
#726=CIRCLE('',#2042,2.00027874566703);
#727=CIRCLE('',#2043,4.00027874566703);
#728=CIRCLE('',#2046,2.00027874566703);
#729=CIRCLE('',#2047,2.00027874566703);
#730=CIRCLE('',#2049,2.);
#731=CIRCLE('',#2051,1.);
#732=CIRCLE('',#2053,2.);
#733=CIRCLE('',#2055,1.);
#734=CIRCLE('',#2057,2.);
#735=CIRCLE('',#2060,2.);
#736=CIRCLE('',#2063,4.);
#737=CIRCLE('',#2065,1.);
#738=CIRCLE('',#2067,4.);
#739=CIRCLE('',#2069,1.);
#740=CIRCLE('',#2073,1.);
#741=CIRCLE('',#2075,3.);
#742=CIRCLE('',#2076,3.);
#743=CIRCLE('',#2077,3.);
#744=CIRCLE('',#2078,3.);
#745=CIRCLE('',#2079,3.);
#746=CIRCLE('',#2080,3.);
#747=CIRCLE('',#2081,3.);
#748=CIRCLE('',#2082,3.);
#749=CIRCLE('',#2083,2.25);
#750=CIRCLE('',#2084,2.25);
#751=CIRCLE('',#2085,2.25);
#752=CIRCLE('',#2086,2.25);
#753=CIRCLE('',#2097,2.);
#754=CIRCLE('',#2099,2.);
#755=CIRCLE('',#2100,2.);
#756=CIRCLE('',#2101,2.);
#757=CIRCLE('',#2108,2.);
#758=CIRCLE('',#2110,2.);
#759=CIRCLE('',#2111,2.);
#760=CIRCLE('',#2112,2.);
#761=CIRCLE('',#2115,1.);
#762=CIRCLE('',#2117,1.);
#763=CIRCLE('',#2140,1.25);
#764=CIRCLE('',#2143,1.25);
#765=CIRCLE('',#2146,1.25);
#766=CIRCLE('',#2149,1.25);
#767=VERTEX_POINT('',#2726);
#768=VERTEX_POINT('',#2728);
#769=VERTEX_POINT('',#2732);
#770=VERTEX_POINT('',#2733);
#771=VERTEX_POINT('',#2735);
#772=VERTEX_POINT('',#2737);
#773=VERTEX_POINT('',#2741);
#774=VERTEX_POINT('',#2743);
#775=VERTEX_POINT('',#2747);
#776=VERTEX_POINT('',#2749);
#777=VERTEX_POINT('',#2751);
#778=VERTEX_POINT('',#2753);
#779=VERTEX_POINT('',#2755);
#780=VERTEX_POINT('',#2759);
#781=VERTEX_POINT('',#2761);
#782=VERTEX_POINT('',#2763);
#783=VERTEX_POINT('',#2765);
#784=VERTEX_POINT('',#2767);
#785=VERTEX_POINT('',#2769);
#786=VERTEX_POINT('',#2771);
#787=VERTEX_POINT('',#2773);
#788=VERTEX_POINT('',#2775);
#789=VERTEX_POINT('',#2777);
#790=VERTEX_POINT('',#2779);
#791=VERTEX_POINT('',#2781);
#792=VERTEX_POINT('',#2783);
#793=VERTEX_POINT('',#2785);
#794=VERTEX_POINT('',#2787);
#795=VERTEX_POINT('',#2789);
#796=VERTEX_POINT('',#2791);
#797=VERTEX_POINT('',#2793);
#798=VERTEX_POINT('',#2795);
#799=VERTEX_POINT('',#2797);
#800=VERTEX_POINT('',#2799);
#801=VERTEX_POINT('',#2801);
#802=VERTEX_POINT('',#2803);
#803=VERTEX_POINT('',#2805);
#804=VERTEX_POINT('',#2807);
#805=VERTEX_POINT('',#2809);
#806=VERTEX_POINT('',#2811);
#807=VERTEX_POINT('',#2813);
#808=VERTEX_POINT('',#2815);
#809=VERTEX_POINT('',#2817);
#810=VERTEX_POINT('',#2819);
#811=VERTEX_POINT('',#2821);
#812=VERTEX_POINT('',#2823);
#813=VERTEX_POINT('',#2825);
#814=VERTEX_POINT('',#2827);
#815=VERTEX_POINT('',#2829);
#816=VERTEX_POINT('',#2831);
#817=VERTEX_POINT('',#2833);
#818=VERTEX_POINT('',#2835);
#819=VERTEX_POINT('',#2837);
#820=VERTEX_POINT('',#2839);
#821=VERTEX_POINT('',#2841);
#822=VERTEX_POINT('',#2843);
#823=VERTEX_POINT('',#2845);
#824=VERTEX_POINT('',#2847);
#825=VERTEX_POINT('',#2850);
#826=VERTEX_POINT('',#2852);
#827=VERTEX_POINT('',#2854);
#828=VERTEX_POINT('',#2856);
#829=VERTEX_POINT('',#2859);
#830=VERTEX_POINT('',#2860);
#831=VERTEX_POINT('',#2871);
#832=VERTEX_POINT('',#2873);
#833=VERTEX_POINT('',#2886);
#834=VERTEX_POINT('',#2887);
#835=VERTEX_POINT('',#2892);
#836=VERTEX_POINT('',#2896);
#837=VERTEX_POINT('',#2897);
#838=VERTEX_POINT('',#2908);
#839=VERTEX_POINT('',#2910);
#840=VERTEX_POINT('',#2923);
#841=VERTEX_POINT('',#2924);
#842=VERTEX_POINT('',#2926);
#843=VERTEX_POINT('',#2933);
#844=VERTEX_POINT('',#2934);
#845=VERTEX_POINT('',#2945);
#846=VERTEX_POINT('',#2947);
#847=VERTEX_POINT('',#2960);
#848=VERTEX_POINT('',#2961);
#849=VERTEX_POINT('',#2966);
#850=VERTEX_POINT('',#2970);
#851=VERTEX_POINT('',#2971);
#852=VERTEX_POINT('',#2982);
#853=VERTEX_POINT('',#2984);
#854=VERTEX_POINT('',#2997);
#855=VERTEX_POINT('',#2998);
#856=VERTEX_POINT('',#3000);
#857=VERTEX_POINT('',#3007);
#858=VERTEX_POINT('',#3008);
#859=VERTEX_POINT('',#3013);
#860=VERTEX_POINT('',#3015);
#861=VERTEX_POINT('',#3017);
#862=VERTEX_POINT('',#3019);
#863=VERTEX_POINT('',#3021);
#864=VERTEX_POINT('',#3025);
#865=VERTEX_POINT('',#3027);
#866=VERTEX_POINT('',#3031);
#867=VERTEX_POINT('',#3033);
#868=VERTEX_POINT('',#3035);
#869=VERTEX_POINT('',#3037);
#870=VERTEX_POINT('',#3039);
#871=VERTEX_POINT('',#3043);
#872=VERTEX_POINT('',#3044);
#873=VERTEX_POINT('',#3049);
#874=VERTEX_POINT('',#3053);
#875=VERTEX_POINT('',#3055);
#876=VERTEX_POINT('',#3059);
#877=VERTEX_POINT('',#3063);
#878=VERTEX_POINT('',#3065);
#879=VERTEX_POINT('',#3072);
#880=VERTEX_POINT('',#3074);
#881=VERTEX_POINT('',#3076);
#882=VERTEX_POINT('',#3080);
#883=VERTEX_POINT('',#3081);
#884=VERTEX_POINT('',#3089);
#885=VERTEX_POINT('',#3091);
#886=VERTEX_POINT('',#3093);
#887=VERTEX_POINT('',#3102);
#888=VERTEX_POINT('',#3104);
#889=VERTEX_POINT('',#3109);
#890=VERTEX_POINT('',#3111);
#891=VERTEX_POINT('',#3114);
#892=VERTEX_POINT('',#3116);
#893=VERTEX_POINT('',#3118);
#894=VERTEX_POINT('',#3120);
#895=VERTEX_POINT('',#3122);
#896=VERTEX_POINT('',#3124);
#897=VERTEX_POINT('',#3126);
#898=VERTEX_POINT('',#3128);
#899=VERTEX_POINT('',#3130);
#900=VERTEX_POINT('',#3132);
#901=VERTEX_POINT('',#3135);
#902=VERTEX_POINT('',#3137);
#903=VERTEX_POINT('',#3141);
#904=VERTEX_POINT('',#3143);
#905=VERTEX_POINT('',#3146);
#906=VERTEX_POINT('',#3148);
#907=VERTEX_POINT('',#3150);
#908=VERTEX_POINT('',#3152);
#909=VERTEX_POINT('',#3154);
#910=VERTEX_POINT('',#3156);
#911=VERTEX_POINT('',#3158);
#912=VERTEX_POINT('',#3160);
#913=VERTEX_POINT('',#3162);
#914=VERTEX_POINT('',#3164);
#915=VERTEX_POINT('',#3167);
#916=VERTEX_POINT('',#3169);
#917=VERTEX_POINT('',#3172);
#918=VERTEX_POINT('',#3174);
#919=VERTEX_POINT('',#3176);
#920=VERTEX_POINT('',#3178);
#921=VERTEX_POINT('',#3181);
#922=VERTEX_POINT('',#3182);
#923=VERTEX_POINT('',#3194);
#924=VERTEX_POINT('',#3195);
#925=VERTEX_POINT('',#3198);
#926=VERTEX_POINT('',#3200);
#927=VERTEX_POINT('',#3253);
#928=VERTEX_POINT('',#3274);
#929=VERTEX_POINT('',#3306);
#930=VERTEX_POINT('',#3309);
#931=VERTEX_POINT('',#3315);
#932=VERTEX_POINT('',#3318);
#933=VERTEX_POINT('',#3324);
#934=VERTEX_POINT('',#3325);
#935=VERTEX_POINT('',#3328);
#936=VERTEX_POINT('',#3330);
#937=VERTEX_POINT('',#3339);
#938=VERTEX_POINT('',#3378);
#939=VERTEX_POINT('',#3434);
#940=VERTEX_POINT('',#3437);
#941=VERTEX_POINT('',#3445);
#942=VERTEX_POINT('',#3448);
#943=VERTEX_POINT('',#3454);
#944=VERTEX_POINT('',#3455);
#945=VERTEX_POINT('',#3457);
#946=VERTEX_POINT('',#3459);
#947=VERTEX_POINT('',#3461);
#948=VERTEX_POINT('',#3465);
#949=VERTEX_POINT('',#3467);
#950=VERTEX_POINT('',#3471);
#951=VERTEX_POINT('',#3475);
#952=VERTEX_POINT('',#3479);
#953=VERTEX_POINT('',#3501);
#954=VERTEX_POINT('',#3503);
#955=VERTEX_POINT('',#3507);
#956=VERTEX_POINT('',#3509);
#957=VERTEX_POINT('',#3526);
#958=VERTEX_POINT('',#3532);
#959=VERTEX_POINT('',#3538);
#960=VERTEX_POINT('',#3544);
#961=EDGE_CURVE('',#767,#767,#687,.T.);
#962=EDGE_CURVE('',#767,#768,#313,.T.);
#963=EDGE_CURVE('',#768,#768,#688,.T.);
#964=EDGE_CURVE('',#769,#770,#314,.T.);
#965=EDGE_CURVE('',#771,#769,#689,.T.);
#966=EDGE_CURVE('',#772,#771,#315,.T.);
#967=EDGE_CURVE('',#770,#772,#690,.T.);
#968=EDGE_CURVE('',#773,#773,#691,.T.);
#969=EDGE_CURVE('',#773,#774,#316,.T.);
#970=EDGE_CURVE('',#774,#774,#692,.T.);
#971=EDGE_CURVE('',#771,#775,#317,.T.);
#972=EDGE_CURVE('',#776,#775,#693,.T.);
#973=EDGE_CURVE('',#777,#776,#318,.T.);
#974=EDGE_CURVE('',#778,#777,#319,.T.);
#975=EDGE_CURVE('',#779,#778,#320,.T.);
#976=EDGE_CURVE('',#772,#779,#321,.T.);
#977=EDGE_CURVE('',#779,#780,#322,.T.);
#978=EDGE_CURVE('',#781,#780,#323,.T.);
#979=EDGE_CURVE('',#782,#781,#694,.T.);
#980=EDGE_CURVE('',#782,#783,#324,.T.);
#981=EDGE_CURVE('',#784,#783,#695,.T.);
#982=EDGE_CURVE('',#784,#785,#325,.T.);
#983=EDGE_CURVE('',#785,#786,#696,.T.);
#984=EDGE_CURVE('',#786,#787,#326,.T.);
#985=EDGE_CURVE('',#787,#788,#697,.T.);
#986=EDGE_CURVE('',#789,#788,#327,.T.);
#987=EDGE_CURVE('',#789,#790,#698,.T.);
#988=EDGE_CURVE('',#791,#790,#328,.T.);
#989=EDGE_CURVE('',#791,#792,#329,.T.);
#990=EDGE_CURVE('',#792,#793,#330,.T.);
#991=EDGE_CURVE('',#793,#794,#699,.T.);
#992=EDGE_CURVE('',#794,#795,#331,.T.);
#993=EDGE_CURVE('',#795,#796,#700,.T.);
#994=EDGE_CURVE('',#797,#796,#332,.T.);
#995=EDGE_CURVE('',#797,#798,#701,.T.);
#996=EDGE_CURVE('',#799,#798,#333,.T.);
#997=EDGE_CURVE('',#800,#799,#702,.T.);
#998=EDGE_CURVE('',#800,#801,#334,.T.);
#999=EDGE_CURVE('',#801,#802,#335,.T.);
#1000=EDGE_CURVE('',#802,#803,#336,.T.);
#1001=EDGE_CURVE('',#804,#803,#703,.T.);
#1002=EDGE_CURVE('',#804,#805,#337,.T.);
#1003=EDGE_CURVE('',#805,#806,#704,.T.);
#1004=EDGE_CURVE('',#806,#807,#338,.T.);
#1005=EDGE_CURVE('',#807,#808,#705,.T.);
#1006=EDGE_CURVE('',#809,#808,#339,.T.);
#1007=EDGE_CURVE('',#809,#810,#706,.T.);
#1008=EDGE_CURVE('',#811,#810,#340,.T.);
#1009=EDGE_CURVE('',#811,#812,#341,.T.);
#1010=EDGE_CURVE('',#812,#813,#342,.T.);
#1011=EDGE_CURVE('',#813,#814,#707,.T.);
#1012=EDGE_CURVE('',#814,#815,#343,.T.);
#1013=EDGE_CURVE('',#815,#816,#708,.T.);
#1014=EDGE_CURVE('',#817,#816,#344,.T.);
#1015=EDGE_CURVE('',#817,#818,#709,.T.);
#1016=EDGE_CURVE('',#819,#818,#345,.T.);
#1017=EDGE_CURVE('',#820,#819,#710,.T.);
#1018=EDGE_CURVE('',#820,#821,#346,.T.);
#1019=EDGE_CURVE('',#822,#821,#711,.T.);
#1020=EDGE_CURVE('',#823,#822,#347,.T.);
#1021=EDGE_CURVE('',#824,#823,#348,.T.);
#1022=EDGE_CURVE('',#824,#770,#349,.T.);
#1023=EDGE_CURVE('',#825,#825,#712,.T.);
#1024=EDGE_CURVE('',#826,#826,#713,.T.);
#1025=EDGE_CURVE('',#827,#827,#714,.T.);
#1026=EDGE_CURVE('',#828,#828,#715,.T.);
#1027=EDGE_CURVE('',#829,#830,#33,.T.);
#1028=EDGE_CURVE('',#830,#831,#716,.T.);
#1029=EDGE_CURVE('',#831,#832,#34,.T.);
#1030=EDGE_CURVE('',#832,#829,#717,.T.);
#1031=EDGE_CURVE('',#833,#834,#23,.T.);
#1032=EDGE_CURVE('',#834,#830,#350,.T.);
#1033=EDGE_CURVE('',#808,#830,#351,.T.);
#1034=EDGE_CURVE('',#807,#831,#352,.T.);
#1035=EDGE_CURVE('',#834,#835,#24,.T.);
#1036=EDGE_CURVE('',#833,#835,#718,.T.);
#1037=EDGE_CURVE('',#836,#837,#35,.T.);
#1038=EDGE_CURVE('',#837,#838,#719,.T.);
#1039=EDGE_CURVE('',#838,#839,#36,.T.);
#1040=EDGE_CURVE('',#839,#836,#720,.T.);
#1041=EDGE_CURVE('',#840,#841,#25,.T.);
#1042=EDGE_CURVE('',#842,#841,#721,.T.);
#1043=EDGE_CURVE('',#842,#837,#353,.T.);
#1044=EDGE_CURVE('',#796,#837,#354,.T.);
#1045=EDGE_CURVE('',#795,#838,#355,.T.);
#1046=EDGE_CURVE('',#840,#842,#722,.T.);
#1047=EDGE_CURVE('',#843,#844,#37,.T.);
#1048=EDGE_CURVE('',#844,#845,#723,.T.);
#1049=EDGE_CURVE('',#845,#846,#38,.T.);
#1050=EDGE_CURVE('',#846,#843,#724,.T.);
#1051=EDGE_CURVE('',#847,#848,#26,.T.);
#1052=EDGE_CURVE('',#848,#844,#356,.T.);
#1053=EDGE_CURVE('',#788,#844,#357,.T.);
#1054=EDGE_CURVE('',#787,#845,#358,.T.);
#1055=EDGE_CURVE('',#848,#849,#27,.T.);
#1056=EDGE_CURVE('',#847,#849,#725,.T.);
#1057=EDGE_CURVE('',#850,#851,#39,.T.);
#1058=EDGE_CURVE('',#851,#852,#726,.T.);
#1059=EDGE_CURVE('',#852,#853,#40,.T.);
#1060=EDGE_CURVE('',#853,#850,#727,.T.);
#1061=EDGE_CURVE('',#854,#855,#28,.T.);
#1062=EDGE_CURVE('',#856,#855,#728,.T.);
#1063=EDGE_CURVE('',#856,#851,#359,.T.);
#1064=EDGE_CURVE('',#816,#851,#360,.T.);
#1065=EDGE_CURVE('',#815,#852,#361,.T.);
#1066=EDGE_CURVE('',#854,#856,#729,.T.);
#1067=EDGE_CURVE('',#857,#858,#730,.T.);
#1068=EDGE_CURVE('',#858,#800,#362,.T.);
#1069=EDGE_CURVE('',#799,#857,#363,.T.);
#1070=EDGE_CURVE('',#858,#859,#364,.T.);
#1071=EDGE_CURVE('',#859,#860,#365,.T.);
#1072=EDGE_CURVE('',#860,#861,#366,.T.);
#1073=EDGE_CURVE('',#861,#862,#367,.T.);
#1074=EDGE_CURVE('',#862,#863,#731,.T.);
#1075=EDGE_CURVE('',#863,#801,#368,.T.);
#1076=EDGE_CURVE('',#803,#864,#369,.T.);
#1077=EDGE_CURVE('',#864,#865,#732,.T.);
#1078=EDGE_CURVE('',#865,#804,#370,.T.);
#1079=EDGE_CURVE('',#802,#866,#371,.T.);
#1080=EDGE_CURVE('',#866,#867,#733,.T.);
#1081=EDGE_CURVE('',#867,#868,#372,.T.);
#1082=EDGE_CURVE('',#868,#869,#373,.T.);
#1083=EDGE_CURVE('',#869,#870,#374,.T.);
#1084=EDGE_CURVE('',#870,#864,#375,.T.);
#1085=EDGE_CURVE('',#871,#872,#734,.T.);
#1086=EDGE_CURVE('',#872,#820,#376,.T.);
#1087=EDGE_CURVE('',#819,#871,#377,.T.);
#1088=EDGE_CURVE('',#872,#873,#378,.T.);
#1089=EDGE_CURVE('',#821,#873,#379,.T.);
#1090=EDGE_CURVE('',#783,#874,#380,.T.);
#1091=EDGE_CURVE('',#874,#875,#735,.T.);
#1092=EDGE_CURVE('',#875,#784,#381,.T.);
#1093=EDGE_CURVE('',#876,#782,#382,.T.);
#1094=EDGE_CURVE('',#876,#874,#383,.T.);
#1095=EDGE_CURVE('',#877,#876,#736,.T.);
#1096=EDGE_CURVE('',#781,#878,#384,.T.);
#1097=EDGE_CURVE('',#878,#877,#41,.T.);
#1098=EDGE_CURVE('',#780,#879,#385,.T.);
#1099=EDGE_CURVE('',#879,#880,#386,.T.);
#1100=EDGE_CURVE('',#880,#881,#387,.T.);
#1101=EDGE_CURVE('',#878,#881,#737,.T.);
#1102=EDGE_CURVE('',#882,#883,#42,.F.);
#1103=EDGE_CURVE('',#882,#822,#388,.T.);
#1104=EDGE_CURVE('',#883,#873,#738,.F.);
#1105=EDGE_CURVE('',#884,#882,#739,.T.);
#1106=EDGE_CURVE('',#884,#885,#389,.T.);
#1107=EDGE_CURVE('',#885,#886,#390,.T.);
#1108=EDGE_CURVE('',#886,#823,#391,.T.);
#1109=EDGE_CURVE('',#881,#776,#392,.T.);
#1110=EDGE_CURVE('',#775,#877,#393,.T.);
#1111=EDGE_CURVE('',#777,#880,#394,.T.);
#1112=EDGE_CURVE('',#883,#887,#395,.T.);
#1113=EDGE_CURVE('',#887,#888,#740,.T.);
#1114=EDGE_CURVE('',#888,#884,#396,.T.);
#1115=EDGE_CURVE('',#887,#769,#397,.T.);
#1116=EDGE_CURVE('',#871,#889,#398,.T.);
#1117=EDGE_CURVE('',#889,#890,#741,.T.);
#1118=EDGE_CURVE('',#890,#850,#399,.T.);
#1119=EDGE_CURVE('',#853,#891,#400,.T.);
#1120=EDGE_CURVE('',#891,#892,#742,.T.);
#1121=EDGE_CURVE('',#892,#893,#401,.T.);
#1122=EDGE_CURVE('',#893,#894,#402,.T.);
#1123=EDGE_CURVE('',#894,#895,#403,.T.);
#1124=EDGE_CURVE('',#895,#896,#404,.T.);
#1125=EDGE_CURVE('',#896,#897,#405,.T.);
#1126=EDGE_CURVE('',#897,#898,#406,.T.);
#1127=EDGE_CURVE('',#898,#899,#407,.T.);
#1128=EDGE_CURVE('',#899,#900,#743,.T.);
#1129=EDGE_CURVE('',#900,#829,#408,.T.);
#1130=EDGE_CURVE('',#832,#901,#409,.T.);
#1131=EDGE_CURVE('',#901,#902,#744,.T.);
#1132=EDGE_CURVE('',#902,#865,#410,.T.);
#1133=EDGE_CURVE('',#859,#870,#411,.T.);
#1134=EDGE_CURVE('',#857,#903,#412,.T.);
#1135=EDGE_CURVE('',#903,#904,#745,.T.);
#1136=EDGE_CURVE('',#904,#836,#413,.T.);
#1137=EDGE_CURVE('',#839,#905,#414,.T.);
#1138=EDGE_CURVE('',#905,#906,#746,.T.);
#1139=EDGE_CURVE('',#906,#907,#415,.T.);
#1140=EDGE_CURVE('',#907,#908,#416,.T.);
#1141=EDGE_CURVE('',#908,#909,#417,.T.);
#1142=EDGE_CURVE('',#909,#910,#418,.T.);
#1143=EDGE_CURVE('',#910,#911,#419,.T.);
#1144=EDGE_CURVE('',#911,#912,#420,.T.);
#1145=EDGE_CURVE('',#912,#913,#421,.T.);
#1146=EDGE_CURVE('',#913,#914,#747,.T.);
#1147=EDGE_CURVE('',#914,#843,#422,.T.);
#1148=EDGE_CURVE('',#846,#915,#423,.T.);
#1149=EDGE_CURVE('',#915,#916,#748,.T.);
#1150=EDGE_CURVE('',#916,#875,#424,.T.);
#1151=EDGE_CURVE('',#917,#917,#749,.T.);
#1152=EDGE_CURVE('',#918,#918,#750,.T.);
#1153=EDGE_CURVE('',#919,#919,#751,.T.);
#1154=EDGE_CURVE('',#920,#920,#752,.T.);
#1155=EDGE_CURVE('',#921,#922,#425,.T.);
#1156=EDGE_CURVE('',#921,#886,#426,.T.);
#1157=EDGE_CURVE('',#922,#885,#427,.T.);
#1158=EDGE_CURVE('',#922,#888,#428,.T.);
#1159=EDGE_CURVE('',#824,#921,#429,.T.);
#1160=EDGE_CURVE('',#778,#879,#430,.T.);
#1161=EDGE_CURVE('',#923,#924,#29,.T.);
#1162=EDGE_CURVE('',#924,#923,#30,.T.);
#1163=EDGE_CURVE('',#924,#925,#431,.T.);
#1164=EDGE_CURVE('',#926,#925,#43,.T.);
#1165=EDGE_CURVE('',#927,#926,#44,.T.);
#1166=EDGE_CURVE('',#928,#927,#45,.T.);
#1167=EDGE_CURVE('',#925,#928,#46,.T.);
#1168=EDGE_CURVE('',#812,#893,#432,.T.);
#1169=EDGE_CURVE('',#898,#811,#433,.T.);
#1170=EDGE_CURVE('',#929,#897,#434,.T.);
#1171=EDGE_CURVE('',#923,#929,#435,.T.);
#1172=EDGE_CURVE('',#930,#923,#436,.T.);
#1173=EDGE_CURVE('',#894,#930,#437,.T.);
#1174=EDGE_CURVE('',#833,#835,#753,.T.);
#1175=EDGE_CURVE('',#854,#931,#754,.T.);
#1176=EDGE_CURVE('',#931,#855,#755,.T.);
#1177=EDGE_CURVE('',#931,#932,#756,.T.);
#1178=EDGE_CURVE('',#835,#928,#438,.T.);
#1179=EDGE_CURVE('',#926,#854,#439,.T.);
#1180=EDGE_CURVE('',#933,#934,#31,.T.);
#1181=EDGE_CURVE('',#934,#933,#32,.T.);
#1182=EDGE_CURVE('',#934,#935,#440,.T.);
#1183=EDGE_CURVE('',#936,#935,#47,.T.);
#1184=EDGE_CURVE('',#937,#936,#48,.T.);
#1185=EDGE_CURVE('',#938,#937,#49,.T.);
#1186=EDGE_CURVE('',#935,#938,#50,.T.);
#1187=EDGE_CURVE('',#939,#911,#441,.T.);
#1188=EDGE_CURVE('',#939,#933,#442,.T.);
#1189=EDGE_CURVE('',#933,#940,#443,.T.);
#1190=EDGE_CURVE('',#908,#940,#444,.T.);
#1191=EDGE_CURVE('',#792,#907,#445,.T.);
#1192=EDGE_CURVE('',#912,#791,#446,.T.);
#1193=EDGE_CURVE('',#840,#841,#757,.T.);
#1194=EDGE_CURVE('',#847,#941,#758,.T.);
#1195=EDGE_CURVE('',#941,#849,#759,.T.);
#1196=EDGE_CURVE('',#941,#942,#760,.T.);
#1197=EDGE_CURVE('',#840,#936,#447,.T.);
#1198=EDGE_CURVE('',#937,#849,#448,.T.);
#1199=EDGE_CURVE('',#943,#944,#449,.T.);
#1200=EDGE_CURVE('',#944,#945,#450,.T.);
#1201=EDGE_CURVE('',#946,#945,#451,.T.);
#1202=EDGE_CURVE('',#946,#947,#761,.T.);
#1203=EDGE_CURVE('',#947,#943,#452,.T.);
#1204=EDGE_CURVE('',#948,#946,#453,.T.);
#1205=EDGE_CURVE('',#949,#948,#762,.T.);
#1206=EDGE_CURVE('',#947,#949,#454,.T.);
#1207=EDGE_CURVE('',#950,#949,#455,.T.);
#1208=EDGE_CURVE('',#943,#950,#456,.T.);
#1209=EDGE_CURVE('',#951,#950,#457,.T.);
#1210=EDGE_CURVE('',#951,#944,#458,.T.);
#1211=EDGE_CURVE('',#952,#948,#459,.T.);
#1212=EDGE_CURVE('',#952,#951,#460,.T.);
#1213=EDGE_CURVE('',#930,#945,#461,.T.);
#1214=EDGE_CURVE('',#940,#929,#462,.T.);
#1215=EDGE_CURVE('',#952,#939,#463,.T.);
#1216=EDGE_CURVE('',#866,#863,#464,.T.);
#1217=EDGE_CURVE('',#867,#862,#465,.T.);
#1218=EDGE_CURVE('',#868,#861,#466,.T.);
#1219=EDGE_CURVE('',#869,#860,#467,.T.);
#1220=EDGE_CURVE('',#805,#902,#468,.T.);
#1221=EDGE_CURVE('',#785,#916,#469,.T.);
#1222=EDGE_CURVE('',#910,#953,#470,.T.);
#1223=EDGE_CURVE('',#953,#954,#471,.T.);
#1224=EDGE_CURVE('',#954,#895,#472,.T.);
#1225=EDGE_CURVE('',#896,#955,#473,.T.);
#1226=EDGE_CURVE('',#955,#956,#474,.T.);
#1227=EDGE_CURVE('',#956,#909,#475,.T.);
#1228=EDGE_CURVE('',#956,#953,#476,.T.);
#1229=EDGE_CURVE('',#954,#955,#477,.T.);
#1230=EDGE_CURVE('',#818,#889,#478,.T.);
#1231=EDGE_CURVE('',#790,#913,#479,.T.);
#1232=EDGE_CURVE('',#810,#899,#480,.T.);
#1233=EDGE_CURVE('',#798,#903,#481,.T.);
#1234=EDGE_CURVE('',#917,#957,#482,.T.);
#1235=EDGE_CURVE('',#957,#957,#763,.T.);
#1236=EDGE_CURVE('',#957,#828,#483,.T.);
#1237=EDGE_CURVE('',#920,#958,#484,.T.);
#1238=EDGE_CURVE('',#958,#958,#764,.T.);
#1239=EDGE_CURVE('',#958,#826,#485,.T.);
#1240=EDGE_CURVE('',#919,#959,#486,.T.);
#1241=EDGE_CURVE('',#959,#959,#765,.T.);
#1242=EDGE_CURVE('',#959,#825,#487,.T.);
#1243=EDGE_CURVE('',#918,#960,#488,.T.);
#1244=EDGE_CURVE('',#960,#960,#766,.T.);
#1245=EDGE_CURVE('',#960,#827,#489,.T.);
#1246=EDGE_CURVE('',#813,#892,#490,.T.);
#1247=EDGE_CURVE('',#814,#891,#491,.T.);
#1248=EDGE_CURVE('',#817,#890,#492,.T.);
#1249=EDGE_CURVE('',#786,#915,#493,.T.);
#1250=EDGE_CURVE('',#789,#914,#494,.T.);
#1251=EDGE_CURVE('',#793,#906,#495,.T.);
#1252=EDGE_CURVE('',#794,#905,#496,.T.);
#1253=EDGE_CURVE('',#797,#904,#497,.T.);
#1254=EDGE_CURVE('',#806,#901,#498,.T.);
#1255=EDGE_CURVE('',#809,#900,#499,.T.);
#1256=ORIENTED_EDGE('',*,*,#961,.F.);
#1257=ORIENTED_EDGE('',*,*,#962,.T.);
#1258=ORIENTED_EDGE('',*,*,#963,.F.);
#1259=ORIENTED_EDGE('',*,*,#962,.F.);
#1260=ORIENTED_EDGE('',*,*,#964,.F.);
#1261=ORIENTED_EDGE('',*,*,#965,.F.);
#1262=ORIENTED_EDGE('',*,*,#966,.F.);
#1263=ORIENTED_EDGE('',*,*,#967,.F.);
#1264=ORIENTED_EDGE('',*,*,#968,.F.);
#1265=ORIENTED_EDGE('',*,*,#969,.T.);
#1266=ORIENTED_EDGE('',*,*,#970,.F.);
#1267=ORIENTED_EDGE('',*,*,#969,.F.);
#1268=ORIENTED_EDGE('',*,*,#966,.T.);
#1269=ORIENTED_EDGE('',*,*,#971,.T.);
#1270=ORIENTED_EDGE('',*,*,#972,.F.);
#1271=ORIENTED_EDGE('',*,*,#973,.F.);
#1272=ORIENTED_EDGE('',*,*,#974,.F.);
#1273=ORIENTED_EDGE('',*,*,#975,.F.);
#1274=ORIENTED_EDGE('',*,*,#976,.F.);
#1275=ORIENTED_EDGE('',*,*,#967,.T.);
#1276=ORIENTED_EDGE('',*,*,#976,.T.);
#1277=ORIENTED_EDGE('',*,*,#977,.T.);
#1278=ORIENTED_EDGE('',*,*,#978,.F.);
#1279=ORIENTED_EDGE('',*,*,#979,.F.);
#1280=ORIENTED_EDGE('',*,*,#980,.T.);
#1281=ORIENTED_EDGE('',*,*,#981,.F.);
#1282=ORIENTED_EDGE('',*,*,#982,.T.);
#1283=ORIENTED_EDGE('',*,*,#983,.T.);
#1284=ORIENTED_EDGE('',*,*,#984,.T.);
#1285=ORIENTED_EDGE('',*,*,#985,.T.);
#1286=ORIENTED_EDGE('',*,*,#986,.F.);
#1287=ORIENTED_EDGE('',*,*,#987,.T.);
#1288=ORIENTED_EDGE('',*,*,#988,.F.);
#1289=ORIENTED_EDGE('',*,*,#989,.T.);
#1290=ORIENTED_EDGE('',*,*,#990,.T.);
#1291=ORIENTED_EDGE('',*,*,#991,.T.);
#1292=ORIENTED_EDGE('',*,*,#992,.T.);
#1293=ORIENTED_EDGE('',*,*,#993,.T.);
#1294=ORIENTED_EDGE('',*,*,#994,.F.);
#1295=ORIENTED_EDGE('',*,*,#995,.T.);
#1296=ORIENTED_EDGE('',*,*,#996,.F.);
#1297=ORIENTED_EDGE('',*,*,#997,.F.);
#1298=ORIENTED_EDGE('',*,*,#998,.T.);
#1299=ORIENTED_EDGE('',*,*,#999,.T.);
#1300=ORIENTED_EDGE('',*,*,#1000,.T.);
#1301=ORIENTED_EDGE('',*,*,#1001,.F.);
#1302=ORIENTED_EDGE('',*,*,#1002,.T.);
#1303=ORIENTED_EDGE('',*,*,#1003,.T.);
#1304=ORIENTED_EDGE('',*,*,#1004,.T.);
#1305=ORIENTED_EDGE('',*,*,#1005,.T.);
#1306=ORIENTED_EDGE('',*,*,#1006,.F.);
#1307=ORIENTED_EDGE('',*,*,#1007,.T.);
#1308=ORIENTED_EDGE('',*,*,#1008,.F.);
#1309=ORIENTED_EDGE('',*,*,#1009,.T.);
#1310=ORIENTED_EDGE('',*,*,#1010,.T.);
#1311=ORIENTED_EDGE('',*,*,#1011,.T.);
#1312=ORIENTED_EDGE('',*,*,#1012,.T.);
#1313=ORIENTED_EDGE('',*,*,#1013,.T.);
#1314=ORIENTED_EDGE('',*,*,#1014,.F.);
#1315=ORIENTED_EDGE('',*,*,#1015,.T.);
#1316=ORIENTED_EDGE('',*,*,#1016,.F.);
#1317=ORIENTED_EDGE('',*,*,#1017,.F.);
#1318=ORIENTED_EDGE('',*,*,#1018,.T.);
#1319=ORIENTED_EDGE('',*,*,#1019,.F.);
#1320=ORIENTED_EDGE('',*,*,#1020,.F.);
#1321=ORIENTED_EDGE('',*,*,#1021,.F.);
#1322=ORIENTED_EDGE('',*,*,#1022,.T.);
#1323=ORIENTED_EDGE('',*,*,#1023,.T.);
#1324=ORIENTED_EDGE('',*,*,#1024,.T.);
#1325=ORIENTED_EDGE('',*,*,#1025,.T.);
#1326=ORIENTED_EDGE('',*,*,#1026,.T.);
#1327=ORIENTED_EDGE('',*,*,#968,.T.);
#1328=ORIENTED_EDGE('',*,*,#961,.T.);
#1329=ORIENTED_EDGE('',*,*,#1027,.T.);
#1330=ORIENTED_EDGE('',*,*,#1028,.T.);
#1331=ORIENTED_EDGE('',*,*,#1029,.T.);
#1332=ORIENTED_EDGE('',*,*,#1030,.T.);
#1333=ORIENTED_EDGE('',*,*,#1031,.T.);
#1334=ORIENTED_EDGE('',*,*,#1032,.T.);
#1335=ORIENTED_EDGE('',*,*,#1033,.F.);
#1336=ORIENTED_EDGE('',*,*,#1005,.F.);
#1337=ORIENTED_EDGE('',*,*,#1034,.T.);
#1338=ORIENTED_EDGE('',*,*,#1028,.F.);
#1339=ORIENTED_EDGE('',*,*,#1032,.F.);
#1340=ORIENTED_EDGE('',*,*,#1035,.T.);
#1341=ORIENTED_EDGE('',*,*,#1036,.F.);
#1342=ORIENTED_EDGE('',*,*,#1037,.T.);
#1343=ORIENTED_EDGE('',*,*,#1038,.T.);
#1344=ORIENTED_EDGE('',*,*,#1039,.T.);
#1345=ORIENTED_EDGE('',*,*,#1040,.T.);
#1346=ORIENTED_EDGE('',*,*,#1041,.T.);
#1347=ORIENTED_EDGE('',*,*,#1042,.F.);
#1348=ORIENTED_EDGE('',*,*,#1043,.T.);
#1349=ORIENTED_EDGE('',*,*,#1044,.F.);
#1350=ORIENTED_EDGE('',*,*,#993,.F.);
#1351=ORIENTED_EDGE('',*,*,#1045,.T.);
#1352=ORIENTED_EDGE('',*,*,#1038,.F.);
#1353=ORIENTED_EDGE('',*,*,#1043,.F.);
#1354=ORIENTED_EDGE('',*,*,#1046,.F.);
#1355=ORIENTED_EDGE('',*,*,#1047,.T.);
#1356=ORIENTED_EDGE('',*,*,#1048,.T.);
#1357=ORIENTED_EDGE('',*,*,#1049,.T.);
#1358=ORIENTED_EDGE('',*,*,#1050,.T.);
#1359=ORIENTED_EDGE('',*,*,#1051,.T.);
#1360=ORIENTED_EDGE('',*,*,#1052,.T.);
#1361=ORIENTED_EDGE('',*,*,#1053,.F.);
#1362=ORIENTED_EDGE('',*,*,#985,.F.);
#1363=ORIENTED_EDGE('',*,*,#1054,.T.);
#1364=ORIENTED_EDGE('',*,*,#1048,.F.);
#1365=ORIENTED_EDGE('',*,*,#1052,.F.);
#1366=ORIENTED_EDGE('',*,*,#1055,.T.);
#1367=ORIENTED_EDGE('',*,*,#1056,.F.);
#1368=ORIENTED_EDGE('',*,*,#1057,.T.);
#1369=ORIENTED_EDGE('',*,*,#1058,.T.);
#1370=ORIENTED_EDGE('',*,*,#1059,.T.);
#1371=ORIENTED_EDGE('',*,*,#1060,.T.);
#1372=ORIENTED_EDGE('',*,*,#1061,.T.);
#1373=ORIENTED_EDGE('',*,*,#1062,.F.);
#1374=ORIENTED_EDGE('',*,*,#1063,.T.);
#1375=ORIENTED_EDGE('',*,*,#1064,.F.);
#1376=ORIENTED_EDGE('',*,*,#1013,.F.);
#1377=ORIENTED_EDGE('',*,*,#1065,.T.);
#1378=ORIENTED_EDGE('',*,*,#1058,.F.);
#1379=ORIENTED_EDGE('',*,*,#1063,.F.);
#1380=ORIENTED_EDGE('',*,*,#1066,.F.);
#1381=ORIENTED_EDGE('',*,*,#1067,.T.);
#1382=ORIENTED_EDGE('',*,*,#1068,.T.);
#1383=ORIENTED_EDGE('',*,*,#997,.T.);
#1384=ORIENTED_EDGE('',*,*,#1069,.T.);
#1385=ORIENTED_EDGE('',*,*,#1068,.F.);
#1386=ORIENTED_EDGE('',*,*,#1070,.T.);
#1387=ORIENTED_EDGE('',*,*,#1071,.T.);
#1388=ORIENTED_EDGE('',*,*,#1072,.T.);
#1389=ORIENTED_EDGE('',*,*,#1073,.T.);
#1390=ORIENTED_EDGE('',*,*,#1074,.T.);
#1391=ORIENTED_EDGE('',*,*,#1075,.T.);
#1392=ORIENTED_EDGE('',*,*,#998,.F.);
#1393=ORIENTED_EDGE('',*,*,#1001,.T.);
#1394=ORIENTED_EDGE('',*,*,#1076,.T.);
#1395=ORIENTED_EDGE('',*,*,#1077,.T.);
#1396=ORIENTED_EDGE('',*,*,#1078,.T.);
#1397=ORIENTED_EDGE('',*,*,#1076,.F.);
#1398=ORIENTED_EDGE('',*,*,#1000,.F.);
#1399=ORIENTED_EDGE('',*,*,#1079,.T.);
#1400=ORIENTED_EDGE('',*,*,#1080,.T.);
#1401=ORIENTED_EDGE('',*,*,#1081,.T.);
#1402=ORIENTED_EDGE('',*,*,#1082,.T.);
#1403=ORIENTED_EDGE('',*,*,#1083,.T.);
#1404=ORIENTED_EDGE('',*,*,#1084,.T.);
#1405=ORIENTED_EDGE('',*,*,#1085,.T.);
#1406=ORIENTED_EDGE('',*,*,#1086,.T.);
#1407=ORIENTED_EDGE('',*,*,#1017,.T.);
#1408=ORIENTED_EDGE('',*,*,#1087,.T.);
#1409=ORIENTED_EDGE('',*,*,#1086,.F.);
#1410=ORIENTED_EDGE('',*,*,#1088,.T.);
#1411=ORIENTED_EDGE('',*,*,#1089,.F.);
#1412=ORIENTED_EDGE('',*,*,#1018,.F.);
#1413=ORIENTED_EDGE('',*,*,#981,.T.);
#1414=ORIENTED_EDGE('',*,*,#1090,.T.);
#1415=ORIENTED_EDGE('',*,*,#1091,.T.);
#1416=ORIENTED_EDGE('',*,*,#1092,.T.);
#1417=ORIENTED_EDGE('',*,*,#1090,.F.);
#1418=ORIENTED_EDGE('',*,*,#980,.F.);
#1419=ORIENTED_EDGE('',*,*,#1093,.F.);
#1420=ORIENTED_EDGE('',*,*,#1094,.T.);
#1421=ORIENTED_EDGE('',*,*,#1095,.T.);
#1422=ORIENTED_EDGE('',*,*,#1093,.T.);
#1423=ORIENTED_EDGE('',*,*,#979,.T.);
#1424=ORIENTED_EDGE('',*,*,#1096,.T.);
#1425=ORIENTED_EDGE('',*,*,#1097,.T.);
#1426=ORIENTED_EDGE('',*,*,#1096,.F.);
#1427=ORIENTED_EDGE('',*,*,#978,.T.);
#1428=ORIENTED_EDGE('',*,*,#1098,.T.);
#1429=ORIENTED_EDGE('',*,*,#1099,.T.);
#1430=ORIENTED_EDGE('',*,*,#1100,.T.);
#1431=ORIENTED_EDGE('',*,*,#1101,.F.);
#1432=ORIENTED_EDGE('',*,*,#1102,.F.);
#1433=ORIENTED_EDGE('',*,*,#1103,.T.);
#1434=ORIENTED_EDGE('',*,*,#1019,.T.);
#1435=ORIENTED_EDGE('',*,*,#1089,.T.);
#1436=ORIENTED_EDGE('',*,*,#1104,.F.);
#1437=ORIENTED_EDGE('',*,*,#1103,.F.);
#1438=ORIENTED_EDGE('',*,*,#1105,.F.);
#1439=ORIENTED_EDGE('',*,*,#1106,.T.);
#1440=ORIENTED_EDGE('',*,*,#1107,.T.);
#1441=ORIENTED_EDGE('',*,*,#1108,.T.);
#1442=ORIENTED_EDGE('',*,*,#1020,.T.);
#1443=ORIENTED_EDGE('',*,*,#1101,.T.);
#1444=ORIENTED_EDGE('',*,*,#1109,.T.);
#1445=ORIENTED_EDGE('',*,*,#972,.T.);
#1446=ORIENTED_EDGE('',*,*,#1110,.T.);
#1447=ORIENTED_EDGE('',*,*,#1097,.F.);
#1448=ORIENTED_EDGE('',*,*,#1109,.F.);
#1449=ORIENTED_EDGE('',*,*,#1100,.F.);
#1450=ORIENTED_EDGE('',*,*,#1111,.F.);
#1451=ORIENTED_EDGE('',*,*,#973,.T.);
#1452=ORIENTED_EDGE('',*,*,#1105,.T.);
#1453=ORIENTED_EDGE('',*,*,#1102,.T.);
#1454=ORIENTED_EDGE('',*,*,#1112,.T.);
#1455=ORIENTED_EDGE('',*,*,#1113,.T.);
#1456=ORIENTED_EDGE('',*,*,#1114,.T.);
#1457=ORIENTED_EDGE('',*,*,#965,.T.);
#1458=ORIENTED_EDGE('',*,*,#1115,.F.);
#1459=ORIENTED_EDGE('',*,*,#1112,.F.);
#1460=ORIENTED_EDGE('',*,*,#1104,.T.);
#1461=ORIENTED_EDGE('',*,*,#1088,.F.);
#1462=ORIENTED_EDGE('',*,*,#1085,.F.);
#1463=ORIENTED_EDGE('',*,*,#1116,.T.);
#1464=ORIENTED_EDGE('',*,*,#1117,.T.);
#1465=ORIENTED_EDGE('',*,*,#1118,.T.);
#1466=ORIENTED_EDGE('',*,*,#1060,.F.);
#1467=ORIENTED_EDGE('',*,*,#1119,.T.);
#1468=ORIENTED_EDGE('',*,*,#1120,.T.);
#1469=ORIENTED_EDGE('',*,*,#1121,.T.);
#1470=ORIENTED_EDGE('',*,*,#1122,.T.);
#1471=ORIENTED_EDGE('',*,*,#1123,.T.);
#1472=ORIENTED_EDGE('',*,*,#1124,.T.);
#1473=ORIENTED_EDGE('',*,*,#1125,.T.);
#1474=ORIENTED_EDGE('',*,*,#1126,.T.);
#1475=ORIENTED_EDGE('',*,*,#1127,.T.);
#1476=ORIENTED_EDGE('',*,*,#1128,.T.);
#1477=ORIENTED_EDGE('',*,*,#1129,.T.);
#1478=ORIENTED_EDGE('',*,*,#1030,.F.);
#1479=ORIENTED_EDGE('',*,*,#1130,.T.);
#1480=ORIENTED_EDGE('',*,*,#1131,.T.);
#1481=ORIENTED_EDGE('',*,*,#1132,.T.);
#1482=ORIENTED_EDGE('',*,*,#1077,.F.);
#1483=ORIENTED_EDGE('',*,*,#1084,.F.);
#1484=ORIENTED_EDGE('',*,*,#1133,.F.);
#1485=ORIENTED_EDGE('',*,*,#1070,.F.);
#1486=ORIENTED_EDGE('',*,*,#1067,.F.);
#1487=ORIENTED_EDGE('',*,*,#1134,.T.);
#1488=ORIENTED_EDGE('',*,*,#1135,.T.);
#1489=ORIENTED_EDGE('',*,*,#1136,.T.);
#1490=ORIENTED_EDGE('',*,*,#1040,.F.);
#1491=ORIENTED_EDGE('',*,*,#1137,.T.);
#1492=ORIENTED_EDGE('',*,*,#1138,.T.);
#1493=ORIENTED_EDGE('',*,*,#1139,.T.);
#1494=ORIENTED_EDGE('',*,*,#1140,.T.);
#1495=ORIENTED_EDGE('',*,*,#1141,.T.);
#1496=ORIENTED_EDGE('',*,*,#1142,.T.);
#1497=ORIENTED_EDGE('',*,*,#1143,.T.);
#1498=ORIENTED_EDGE('',*,*,#1144,.T.);
#1499=ORIENTED_EDGE('',*,*,#1145,.T.);
#1500=ORIENTED_EDGE('',*,*,#1146,.T.);
#1501=ORIENTED_EDGE('',*,*,#1147,.T.);
#1502=ORIENTED_EDGE('',*,*,#1050,.F.);
#1503=ORIENTED_EDGE('',*,*,#1148,.T.);
#1504=ORIENTED_EDGE('',*,*,#1149,.T.);
#1505=ORIENTED_EDGE('',*,*,#1150,.T.);
#1506=ORIENTED_EDGE('',*,*,#1091,.F.);
#1507=ORIENTED_EDGE('',*,*,#1094,.F.);
#1508=ORIENTED_EDGE('',*,*,#1095,.F.);
#1509=ORIENTED_EDGE('',*,*,#1110,.F.);
#1510=ORIENTED_EDGE('',*,*,#971,.F.);
#1511=ORIENTED_EDGE('',*,*,#1151,.F.);
#1512=ORIENTED_EDGE('',*,*,#1152,.F.);
#1513=ORIENTED_EDGE('',*,*,#1153,.F.);
#1514=ORIENTED_EDGE('',*,*,#1154,.F.);
#1515=ORIENTED_EDGE('',*,*,#970,.T.);
#1516=ORIENTED_EDGE('',*,*,#963,.T.);
#1517=ORIENTED_EDGE('',*,*,#1155,.F.);
#1518=ORIENTED_EDGE('',*,*,#1156,.T.);
#1519=ORIENTED_EDGE('',*,*,#1107,.F.);
#1520=ORIENTED_EDGE('',*,*,#1157,.F.);
#1521=ORIENTED_EDGE('',*,*,#1114,.F.);
#1522=ORIENTED_EDGE('',*,*,#1158,.F.);
#1523=ORIENTED_EDGE('',*,*,#1157,.T.);
#1524=ORIENTED_EDGE('',*,*,#1106,.F.);
#1525=ORIENTED_EDGE('',*,*,#1159,.F.);
#1526=ORIENTED_EDGE('',*,*,#1021,.T.);
#1527=ORIENTED_EDGE('',*,*,#1108,.F.);
#1528=ORIENTED_EDGE('',*,*,#1156,.F.);
#1529=ORIENTED_EDGE('',*,*,#974,.T.);
#1530=ORIENTED_EDGE('',*,*,#1111,.T.);
#1531=ORIENTED_EDGE('',*,*,#1099,.F.);
#1532=ORIENTED_EDGE('',*,*,#1160,.F.);
#1533=ORIENTED_EDGE('',*,*,#975,.T.);
#1534=ORIENTED_EDGE('',*,*,#1160,.T.);
#1535=ORIENTED_EDGE('',*,*,#1098,.F.);
#1536=ORIENTED_EDGE('',*,*,#977,.F.);
#1537=ORIENTED_EDGE('',*,*,#1161,.F.);
#1538=ORIENTED_EDGE('',*,*,#1162,.F.);
#1539=ORIENTED_EDGE('',*,*,#1163,.T.);
#1540=ORIENTED_EDGE('',*,*,#1164,.F.);
#1541=ORIENTED_EDGE('',*,*,#1165,.F.);
#1542=ORIENTED_EDGE('',*,*,#1166,.F.);
#1543=ORIENTED_EDGE('',*,*,#1167,.F.);
#1544=ORIENTED_EDGE('',*,*,#1163,.F.);
#1545=ORIENTED_EDGE('',*,*,#1122,.F.);
#1546=ORIENTED_EDGE('',*,*,#1168,.F.);
#1547=ORIENTED_EDGE('',*,*,#1009,.F.);
#1548=ORIENTED_EDGE('',*,*,#1169,.F.);
#1549=ORIENTED_EDGE('',*,*,#1126,.F.);
#1550=ORIENTED_EDGE('',*,*,#1170,.F.);
#1551=ORIENTED_EDGE('',*,*,#1171,.F.);
#1552=ORIENTED_EDGE('',*,*,#1161,.T.);
#1553=ORIENTED_EDGE('',*,*,#1162,.T.);
#1554=ORIENTED_EDGE('',*,*,#1172,.F.);
#1555=ORIENTED_EDGE('',*,*,#1173,.F.);
#1556=ORIENTED_EDGE('',*,*,#1174,.F.);
#1557=ORIENTED_EDGE('',*,*,#1036,.T.);
#1558=ORIENTED_EDGE('',*,*,#1175,.F.);
#1559=ORIENTED_EDGE('',*,*,#1066,.T.);
#1560=ORIENTED_EDGE('',*,*,#1062,.T.);
#1561=ORIENTED_EDGE('',*,*,#1176,.F.);
#1562=ORIENTED_EDGE('',*,*,#1177,.T.);
#1563=ORIENTED_EDGE('',*,*,#1177,.F.);
#1564=ORIENTED_EDGE('',*,*,#1031,.F.);
#1565=ORIENTED_EDGE('',*,*,#1174,.T.);
#1566=ORIENTED_EDGE('',*,*,#1178,.T.);
#1567=ORIENTED_EDGE('',*,*,#1166,.T.);
#1568=ORIENTED_EDGE('',*,*,#1165,.T.);
#1569=ORIENTED_EDGE('',*,*,#1179,.T.);
#1570=ORIENTED_EDGE('',*,*,#1175,.T.);
#1571=ORIENTED_EDGE('',*,*,#1176,.T.);
#1572=ORIENTED_EDGE('',*,*,#1061,.F.);
#1573=ORIENTED_EDGE('',*,*,#1179,.F.);
#1574=ORIENTED_EDGE('',*,*,#1164,.T.);
#1575=ORIENTED_EDGE('',*,*,#1167,.T.);
#1576=ORIENTED_EDGE('',*,*,#1178,.F.);
#1577=ORIENTED_EDGE('',*,*,#1035,.F.);
#1578=ORIENTED_EDGE('',*,*,#1180,.F.);
#1579=ORIENTED_EDGE('',*,*,#1181,.F.);
#1580=ORIENTED_EDGE('',*,*,#1182,.T.);
#1581=ORIENTED_EDGE('',*,*,#1183,.F.);
#1582=ORIENTED_EDGE('',*,*,#1184,.F.);
#1583=ORIENTED_EDGE('',*,*,#1185,.F.);
#1584=ORIENTED_EDGE('',*,*,#1186,.F.);
#1585=ORIENTED_EDGE('',*,*,#1182,.F.);
#1586=ORIENTED_EDGE('',*,*,#1144,.F.);
#1587=ORIENTED_EDGE('',*,*,#1187,.F.);
#1588=ORIENTED_EDGE('',*,*,#1188,.T.);
#1589=ORIENTED_EDGE('',*,*,#1180,.T.);
#1590=ORIENTED_EDGE('',*,*,#1181,.T.);
#1591=ORIENTED_EDGE('',*,*,#1189,.T.);
#1592=ORIENTED_EDGE('',*,*,#1190,.F.);
#1593=ORIENTED_EDGE('',*,*,#1140,.F.);
#1594=ORIENTED_EDGE('',*,*,#1191,.F.);
#1595=ORIENTED_EDGE('',*,*,#989,.F.);
#1596=ORIENTED_EDGE('',*,*,#1192,.F.);
#1597=ORIENTED_EDGE('',*,*,#1193,.F.);
#1598=ORIENTED_EDGE('',*,*,#1046,.T.);
#1599=ORIENTED_EDGE('',*,*,#1042,.T.);
#1600=ORIENTED_EDGE('',*,*,#1194,.F.);
#1601=ORIENTED_EDGE('',*,*,#1056,.T.);
#1602=ORIENTED_EDGE('',*,*,#1195,.F.);
#1603=ORIENTED_EDGE('',*,*,#1196,.T.);
#1604=ORIENTED_EDGE('',*,*,#1196,.F.);
#1605=ORIENTED_EDGE('',*,*,#1041,.F.);
#1606=ORIENTED_EDGE('',*,*,#1197,.T.);
#1607=ORIENTED_EDGE('',*,*,#1183,.T.);
#1608=ORIENTED_EDGE('',*,*,#1186,.T.);
#1609=ORIENTED_EDGE('',*,*,#1185,.T.);
#1610=ORIENTED_EDGE('',*,*,#1198,.T.);
#1611=ORIENTED_EDGE('',*,*,#1055,.F.);
#1612=ORIENTED_EDGE('',*,*,#1051,.F.);
#1613=ORIENTED_EDGE('',*,*,#1194,.T.);
#1614=ORIENTED_EDGE('',*,*,#1195,.T.);
#1615=ORIENTED_EDGE('',*,*,#1198,.F.);
#1616=ORIENTED_EDGE('',*,*,#1184,.T.);
#1617=ORIENTED_EDGE('',*,*,#1197,.F.);
#1618=ORIENTED_EDGE('',*,*,#1193,.T.);
#1619=ORIENTED_EDGE('',*,*,#1199,.T.);
#1620=ORIENTED_EDGE('',*,*,#1200,.T.);
#1621=ORIENTED_EDGE('',*,*,#1201,.F.);
#1622=ORIENTED_EDGE('',*,*,#1202,.T.);
#1623=ORIENTED_EDGE('',*,*,#1203,.T.);
#1624=ORIENTED_EDGE('',*,*,#1204,.F.);
#1625=ORIENTED_EDGE('',*,*,#1205,.F.);
#1626=ORIENTED_EDGE('',*,*,#1206,.F.);
#1627=ORIENTED_EDGE('',*,*,#1202,.F.);
#1628=ORIENTED_EDGE('',*,*,#1206,.T.);
#1629=ORIENTED_EDGE('',*,*,#1207,.F.);
#1630=ORIENTED_EDGE('',*,*,#1208,.F.);
#1631=ORIENTED_EDGE('',*,*,#1203,.F.);
#1632=ORIENTED_EDGE('',*,*,#1208,.T.);
#1633=ORIENTED_EDGE('',*,*,#1209,.F.);
#1634=ORIENTED_EDGE('',*,*,#1210,.T.);
#1635=ORIENTED_EDGE('',*,*,#1199,.F.);
#1636=ORIENTED_EDGE('',*,*,#1209,.T.);
#1637=ORIENTED_EDGE('',*,*,#1207,.T.);
#1638=ORIENTED_EDGE('',*,*,#1205,.T.);
#1639=ORIENTED_EDGE('',*,*,#1211,.F.);
#1640=ORIENTED_EDGE('',*,*,#1212,.T.);
#1641=ORIENTED_EDGE('',*,*,#1211,.T.);
#1642=ORIENTED_EDGE('',*,*,#1204,.T.);
#1643=ORIENTED_EDGE('',*,*,#1201,.T.);
#1644=ORIENTED_EDGE('',*,*,#1213,.F.);
#1645=ORIENTED_EDGE('',*,*,#1172,.T.);
#1646=ORIENTED_EDGE('',*,*,#1171,.T.);
#1647=ORIENTED_EDGE('',*,*,#1214,.F.);
#1648=ORIENTED_EDGE('',*,*,#1189,.F.);
#1649=ORIENTED_EDGE('',*,*,#1188,.F.);
#1650=ORIENTED_EDGE('',*,*,#1215,.F.);
#1651=ORIENTED_EDGE('',*,*,#999,.F.);
#1652=ORIENTED_EDGE('',*,*,#1075,.F.);
#1653=ORIENTED_EDGE('',*,*,#1216,.F.);
#1654=ORIENTED_EDGE('',*,*,#1079,.F.);
#1655=ORIENTED_EDGE('',*,*,#1216,.T.);
#1656=ORIENTED_EDGE('',*,*,#1074,.F.);
#1657=ORIENTED_EDGE('',*,*,#1217,.F.);
#1658=ORIENTED_EDGE('',*,*,#1080,.F.);
#1659=ORIENTED_EDGE('',*,*,#1217,.T.);
#1660=ORIENTED_EDGE('',*,*,#1073,.F.);
#1661=ORIENTED_EDGE('',*,*,#1218,.F.);
#1662=ORIENTED_EDGE('',*,*,#1081,.F.);
#1663=ORIENTED_EDGE('',*,*,#1218,.T.);
#1664=ORIENTED_EDGE('',*,*,#1072,.F.);
#1665=ORIENTED_EDGE('',*,*,#1219,.F.);
#1666=ORIENTED_EDGE('',*,*,#1082,.F.);
#1667=ORIENTED_EDGE('',*,*,#1133,.T.);
#1668=ORIENTED_EDGE('',*,*,#1083,.F.);
#1669=ORIENTED_EDGE('',*,*,#1219,.T.);
#1670=ORIENTED_EDGE('',*,*,#1071,.F.);
#1671=ORIENTED_EDGE('',*,*,#964,.T.);
#1672=ORIENTED_EDGE('',*,*,#1022,.F.);
#1673=ORIENTED_EDGE('',*,*,#1159,.T.);
#1674=ORIENTED_EDGE('',*,*,#1155,.T.);
#1675=ORIENTED_EDGE('',*,*,#1158,.T.);
#1676=ORIENTED_EDGE('',*,*,#1113,.F.);
#1677=ORIENTED_EDGE('',*,*,#1115,.T.);
#1678=ORIENTED_EDGE('',*,*,#1078,.F.);
#1679=ORIENTED_EDGE('',*,*,#1132,.F.);
#1680=ORIENTED_EDGE('',*,*,#1220,.F.);
#1681=ORIENTED_EDGE('',*,*,#1002,.F.);
#1682=ORIENTED_EDGE('',*,*,#1092,.F.);
#1683=ORIENTED_EDGE('',*,*,#1150,.F.);
#1684=ORIENTED_EDGE('',*,*,#1221,.F.);
#1685=ORIENTED_EDGE('',*,*,#982,.F.);
#1686=ORIENTED_EDGE('',*,*,#1123,.F.);
#1687=ORIENTED_EDGE('',*,*,#1173,.T.);
#1688=ORIENTED_EDGE('',*,*,#1213,.T.);
#1689=ORIENTED_EDGE('',*,*,#1200,.F.);
#1690=ORIENTED_EDGE('',*,*,#1210,.F.);
#1691=ORIENTED_EDGE('',*,*,#1212,.F.);
#1692=ORIENTED_EDGE('',*,*,#1215,.T.);
#1693=ORIENTED_EDGE('',*,*,#1187,.T.);
#1694=ORIENTED_EDGE('',*,*,#1143,.F.);
#1695=ORIENTED_EDGE('',*,*,#1222,.T.);
#1696=ORIENTED_EDGE('',*,*,#1223,.T.);
#1697=ORIENTED_EDGE('',*,*,#1224,.T.);
#1698=ORIENTED_EDGE('',*,*,#1125,.F.);
#1699=ORIENTED_EDGE('',*,*,#1225,.T.);
#1700=ORIENTED_EDGE('',*,*,#1226,.T.);
#1701=ORIENTED_EDGE('',*,*,#1227,.T.);
#1702=ORIENTED_EDGE('',*,*,#1141,.F.);
#1703=ORIENTED_EDGE('',*,*,#1190,.T.);
#1704=ORIENTED_EDGE('',*,*,#1214,.T.);
#1705=ORIENTED_EDGE('',*,*,#1170,.T.);
#1706=ORIENTED_EDGE('',*,*,#1228,.F.);
#1707=ORIENTED_EDGE('',*,*,#1226,.F.);
#1708=ORIENTED_EDGE('',*,*,#1229,.F.);
#1709=ORIENTED_EDGE('',*,*,#1223,.F.);
#1710=ORIENTED_EDGE('',*,*,#1229,.T.);
#1711=ORIENTED_EDGE('',*,*,#1225,.F.);
#1712=ORIENTED_EDGE('',*,*,#1124,.F.);
#1713=ORIENTED_EDGE('',*,*,#1224,.F.);
#1714=ORIENTED_EDGE('',*,*,#1142,.F.);
#1715=ORIENTED_EDGE('',*,*,#1227,.F.);
#1716=ORIENTED_EDGE('',*,*,#1228,.T.);
#1717=ORIENTED_EDGE('',*,*,#1222,.F.);
#1718=ORIENTED_EDGE('',*,*,#1087,.F.);
#1719=ORIENTED_EDGE('',*,*,#1016,.T.);
#1720=ORIENTED_EDGE('',*,*,#1230,.T.);
#1721=ORIENTED_EDGE('',*,*,#1116,.F.);
#1722=ORIENTED_EDGE('',*,*,#1192,.T.);
#1723=ORIENTED_EDGE('',*,*,#988,.T.);
#1724=ORIENTED_EDGE('',*,*,#1231,.T.);
#1725=ORIENTED_EDGE('',*,*,#1145,.F.);
#1726=ORIENTED_EDGE('',*,*,#1169,.T.);
#1727=ORIENTED_EDGE('',*,*,#1008,.T.);
#1728=ORIENTED_EDGE('',*,*,#1232,.T.);
#1729=ORIENTED_EDGE('',*,*,#1127,.F.);
#1730=ORIENTED_EDGE('',*,*,#1069,.F.);
#1731=ORIENTED_EDGE('',*,*,#996,.T.);
#1732=ORIENTED_EDGE('',*,*,#1233,.T.);
#1733=ORIENTED_EDGE('',*,*,#1134,.F.);
#1734=ORIENTED_EDGE('',*,*,#1151,.T.);
#1735=ORIENTED_EDGE('',*,*,#1234,.T.);
#1736=ORIENTED_EDGE('',*,*,#1235,.T.);
#1737=ORIENTED_EDGE('',*,*,#1234,.F.);
#1738=ORIENTED_EDGE('',*,*,#1235,.F.);
#1739=ORIENTED_EDGE('',*,*,#1236,.T.);
#1740=ORIENTED_EDGE('',*,*,#1026,.F.);
#1741=ORIENTED_EDGE('',*,*,#1236,.F.);
#1742=ORIENTED_EDGE('',*,*,#1154,.T.);
#1743=ORIENTED_EDGE('',*,*,#1237,.T.);
#1744=ORIENTED_EDGE('',*,*,#1238,.T.);
#1745=ORIENTED_EDGE('',*,*,#1237,.F.);
#1746=ORIENTED_EDGE('',*,*,#1238,.F.);
#1747=ORIENTED_EDGE('',*,*,#1239,.T.);
#1748=ORIENTED_EDGE('',*,*,#1024,.F.);
#1749=ORIENTED_EDGE('',*,*,#1239,.F.);
#1750=ORIENTED_EDGE('',*,*,#1153,.T.);
#1751=ORIENTED_EDGE('',*,*,#1240,.T.);
#1752=ORIENTED_EDGE('',*,*,#1241,.T.);
#1753=ORIENTED_EDGE('',*,*,#1240,.F.);
#1754=ORIENTED_EDGE('',*,*,#1241,.F.);
#1755=ORIENTED_EDGE('',*,*,#1242,.T.);
#1756=ORIENTED_EDGE('',*,*,#1023,.F.);
#1757=ORIENTED_EDGE('',*,*,#1242,.F.);
#1758=ORIENTED_EDGE('',*,*,#1152,.T.);
#1759=ORIENTED_EDGE('',*,*,#1243,.T.);
#1760=ORIENTED_EDGE('',*,*,#1244,.T.);
#1761=ORIENTED_EDGE('',*,*,#1243,.F.);
#1762=ORIENTED_EDGE('',*,*,#1244,.F.);
#1763=ORIENTED_EDGE('',*,*,#1245,.T.);
#1764=ORIENTED_EDGE('',*,*,#1025,.F.);
#1765=ORIENTED_EDGE('',*,*,#1245,.F.);
#1766=ORIENTED_EDGE('',*,*,#1011,.F.);
#1767=ORIENTED_EDGE('',*,*,#1246,.T.);
#1768=ORIENTED_EDGE('',*,*,#1120,.F.);
#1769=ORIENTED_EDGE('',*,*,#1247,.F.);
#1770=ORIENTED_EDGE('',*,*,#1012,.F.);
#1771=ORIENTED_EDGE('',*,*,#1247,.T.);
#1772=ORIENTED_EDGE('',*,*,#1119,.F.);
#1773=ORIENTED_EDGE('',*,*,#1059,.F.);
#1774=ORIENTED_EDGE('',*,*,#1065,.F.);
#1775=ORIENTED_EDGE('',*,*,#1014,.T.);
#1776=ORIENTED_EDGE('',*,*,#1064,.T.);
#1777=ORIENTED_EDGE('',*,*,#1057,.F.);
#1778=ORIENTED_EDGE('',*,*,#1118,.F.);
#1779=ORIENTED_EDGE('',*,*,#1248,.F.);
#1780=ORIENTED_EDGE('',*,*,#1015,.F.);
#1781=ORIENTED_EDGE('',*,*,#1248,.T.);
#1782=ORIENTED_EDGE('',*,*,#1117,.F.);
#1783=ORIENTED_EDGE('',*,*,#1230,.F.);
#1784=ORIENTED_EDGE('',*,*,#983,.F.);
#1785=ORIENTED_EDGE('',*,*,#1221,.T.);
#1786=ORIENTED_EDGE('',*,*,#1149,.F.);
#1787=ORIENTED_EDGE('',*,*,#1249,.F.);
#1788=ORIENTED_EDGE('',*,*,#984,.F.);
#1789=ORIENTED_EDGE('',*,*,#1249,.T.);
#1790=ORIENTED_EDGE('',*,*,#1148,.F.);
#1791=ORIENTED_EDGE('',*,*,#1049,.F.);
#1792=ORIENTED_EDGE('',*,*,#1054,.F.);
#1793=ORIENTED_EDGE('',*,*,#986,.T.);
#1794=ORIENTED_EDGE('',*,*,#1053,.T.);
#1795=ORIENTED_EDGE('',*,*,#1047,.F.);
#1796=ORIENTED_EDGE('',*,*,#1147,.F.);
#1797=ORIENTED_EDGE('',*,*,#1250,.F.);
#1798=ORIENTED_EDGE('',*,*,#987,.F.);
#1799=ORIENTED_EDGE('',*,*,#1250,.T.);
#1800=ORIENTED_EDGE('',*,*,#1146,.F.);
#1801=ORIENTED_EDGE('',*,*,#1231,.F.);
#1802=ORIENTED_EDGE('',*,*,#1191,.T.);
#1803=ORIENTED_EDGE('',*,*,#1139,.F.);
#1804=ORIENTED_EDGE('',*,*,#1251,.F.);
#1805=ORIENTED_EDGE('',*,*,#990,.F.);
#1806=ORIENTED_EDGE('',*,*,#991,.F.);
#1807=ORIENTED_EDGE('',*,*,#1251,.T.);
#1808=ORIENTED_EDGE('',*,*,#1138,.F.);
#1809=ORIENTED_EDGE('',*,*,#1252,.F.);
#1810=ORIENTED_EDGE('',*,*,#992,.F.);
#1811=ORIENTED_EDGE('',*,*,#1252,.T.);
#1812=ORIENTED_EDGE('',*,*,#1137,.F.);
#1813=ORIENTED_EDGE('',*,*,#1039,.F.);
#1814=ORIENTED_EDGE('',*,*,#1045,.F.);
#1815=ORIENTED_EDGE('',*,*,#994,.T.);
#1816=ORIENTED_EDGE('',*,*,#1044,.T.);
#1817=ORIENTED_EDGE('',*,*,#1037,.F.);
#1818=ORIENTED_EDGE('',*,*,#1136,.F.);
#1819=ORIENTED_EDGE('',*,*,#1253,.F.);
#1820=ORIENTED_EDGE('',*,*,#995,.F.);
#1821=ORIENTED_EDGE('',*,*,#1253,.T.);
#1822=ORIENTED_EDGE('',*,*,#1135,.F.);
#1823=ORIENTED_EDGE('',*,*,#1233,.F.);
#1824=ORIENTED_EDGE('',*,*,#1003,.F.);
#1825=ORIENTED_EDGE('',*,*,#1220,.T.);
#1826=ORIENTED_EDGE('',*,*,#1131,.F.);
#1827=ORIENTED_EDGE('',*,*,#1254,.F.);
#1828=ORIENTED_EDGE('',*,*,#1004,.F.);
#1829=ORIENTED_EDGE('',*,*,#1254,.T.);
#1830=ORIENTED_EDGE('',*,*,#1130,.F.);
#1831=ORIENTED_EDGE('',*,*,#1029,.F.);
#1832=ORIENTED_EDGE('',*,*,#1034,.F.);
#1833=ORIENTED_EDGE('',*,*,#1006,.T.);
#1834=ORIENTED_EDGE('',*,*,#1033,.T.);
#1835=ORIENTED_EDGE('',*,*,#1027,.F.);
#1836=ORIENTED_EDGE('',*,*,#1129,.F.);
#1837=ORIENTED_EDGE('',*,*,#1255,.F.);
#1838=ORIENTED_EDGE('',*,*,#1007,.F.);
#1839=ORIENTED_EDGE('',*,*,#1255,.T.);
#1840=ORIENTED_EDGE('',*,*,#1128,.F.);
#1841=ORIENTED_EDGE('',*,*,#1232,.F.);
#1842=ORIENTED_EDGE('',*,*,#1168,.T.);
#1843=ORIENTED_EDGE('',*,*,#1121,.F.);
#1844=ORIENTED_EDGE('',*,*,#1246,.F.);
#1845=ORIENTED_EDGE('',*,*,#1010,.F.);
#1846=CYLINDRICAL_SURFACE('',#1986,3.);
#1847=CYLINDRICAL_SURFACE('',#1989,1.25);
#1848=CYLINDRICAL_SURFACE('',#1992,1.25);
#1849=CYLINDRICAL_SURFACE('',#2023,2.00027874566704);
#1850=CYLINDRICAL_SURFACE('',#2030,2.00027874566703);
#1851=CYLINDRICAL_SURFACE('',#2037,2.00027874566704);
#1852=CYLINDRICAL_SURFACE('',#2044,2.00027874566703);
#1853=CYLINDRICAL_SURFACE('',#2048,2.);
#1854=CYLINDRICAL_SURFACE('',#2052,2.);
#1855=CYLINDRICAL_SURFACE('',#2056,2.);
#1856=CYLINDRICAL_SURFACE('',#2059,2.);
#1857=CYLINDRICAL_SURFACE('',#2062,4.);
#1858=CYLINDRICAL_SURFACE('',#2066,4.);
#1859=CYLINDRICAL_SURFACE('',#2070,1.);
#1860=CYLINDRICAL_SURFACE('',#2072,1.);
#1861=CYLINDRICAL_SURFACE('',#2092,2.00000002980232);
#1862=CYLINDRICAL_SURFACE('',#2102,2.00027874566703);
#1863=CYLINDRICAL_SURFACE('',#2103,2.00000002980232);
#1864=CYLINDRICAL_SURFACE('',#2113,2.00027874566703);
#1865=CYLINDRICAL_SURFACE('',#2116,1.);
#1866=CYLINDRICAL_SURFACE('',#2123,1.);
#1867=CYLINDRICAL_SURFACE('',#2141,1.25);
#1868=CYLINDRICAL_SURFACE('',#2144,1.25);
#1869=CYLINDRICAL_SURFACE('',#2147,1.25);
#1870=CYLINDRICAL_SURFACE('',#2150,1.25);
#1871=CYLINDRICAL_SURFACE('',#2151,3.);
#1872=CYLINDRICAL_SURFACE('',#2154,3.);
#1873=CYLINDRICAL_SURFACE('',#2155,3.);
#1874=CYLINDRICAL_SURFACE('',#2158,3.);
#1875=CYLINDRICAL_SURFACE('',#2160,3.);
#1876=CYLINDRICAL_SURFACE('',#2163,3.);
#1877=CYLINDRICAL_SURFACE('',#2164,3.);
#1878=CYLINDRICAL_SURFACE('',#2167,3.);
#1879=ADVANCED_FACE('',(#115),#1846,.F.);
#1880=ADVANCED_FACE('',(#116),#1847,.F.);
#1881=ADVANCED_FACE('',(#117),#1848,.F.);
#1882=ADVANCED_FACE('',(#118),#67,.T.);
#1883=ADVANCED_FACE('',(#119,#55,#56,#57,#58,#59,#60),#68,.T.);
#1884=ADVANCED_FACE('',(#120),#51,.F.);
#1885=ADVANCED_FACE('',(#121),#1849,.T.);
#1886=ADVANCED_FACE('',(#122),#52,.F.);
#1887=ADVANCED_FACE('',(#123),#1850,.T.);
#1888=ADVANCED_FACE('',(#124),#53,.F.);
#1889=ADVANCED_FACE('',(#125),#1851,.T.);
#1890=ADVANCED_FACE('',(#126),#54,.F.);
#1891=ADVANCED_FACE('',(#127),#1852,.T.);
#1892=ADVANCED_FACE('',(#128),#1853,.F.);
#1893=ADVANCED_FACE('',(#129),#69,.T.);
#1894=ADVANCED_FACE('',(#130),#1854,.F.);
#1895=ADVANCED_FACE('',(#131),#70,.T.);
#1896=ADVANCED_FACE('',(#132),#1855,.F.);
#1897=ADVANCED_FACE('',(#133),#71,.T.);
#1898=ADVANCED_FACE('',(#134),#1856,.F.);
#1899=ADVANCED_FACE('',(#135),#72,.T.);
#1900=ADVANCED_FACE('',(#136),#1857,.F.);
#1901=ADVANCED_FACE('',(#137),#73,.T.);
#1902=ADVANCED_FACE('',(#138),#1858,.F.);
#1903=ADVANCED_FACE('',(#139),#74,.T.);
#1904=ADVANCED_FACE('',(#140),#1859,.F.);
#1905=ADVANCED_FACE('',(#141),#75,.T.);
#1906=ADVANCED_FACE('',(#142),#1860,.F.);
#1907=ADVANCED_FACE('',(#143,#61,#62,#63,#64,#65,#66),#76,.F.);
#1908=ADVANCED_FACE('',(#144),#77,.T.);
#1909=ADVANCED_FACE('',(#145),#78,.T.);
#1910=ADVANCED_FACE('',(#146),#79,.T.);
#1911=ADVANCED_FACE('',(#147),#80,.T.);
#1912=ADVANCED_FACE('',(#148),#81,.T.);
#1913=ADVANCED_FACE('',(#149),#1861,.T.);
#1914=ADVANCED_FACE('',(#150),#82,.T.);
#1915=ADVANCED_FACE('',(#151),#19,.T.);
#1916=ADVANCED_FACE('',(#152),#20,.T.);
#1917=ADVANCED_FACE('',(#153),#1862,.T.);
#1918=ADVANCED_FACE('',(#154),#1863,.T.);
#1919=ADVANCED_FACE('',(#155),#83,.T.);
#1920=ADVANCED_FACE('',(#156),#21,.T.);
#1921=ADVANCED_FACE('',(#157),#22,.T.);
#1922=ADVANCED_FACE('',(#158),#1864,.T.);
#1923=ADVANCED_FACE('',(#159),#84,.F.);
#1924=ADVANCED_FACE('',(#160),#1865,.F.);
#1925=ADVANCED_FACE('',(#161),#85,.T.);
#1926=ADVANCED_FACE('',(#162),#86,.T.);
#1927=ADVANCED_FACE('',(#163),#87,.T.);
#1928=ADVANCED_FACE('',(#164),#88,.T.);
#1929=ADVANCED_FACE('',(#165),#89,.T.);
#1930=ADVANCED_FACE('',(#166),#1866,.F.);
#1931=ADVANCED_FACE('',(#167),#90,.T.);
#1932=ADVANCED_FACE('',(#168),#91,.T.);
#1933=ADVANCED_FACE('',(#169),#92,.T.);
#1934=ADVANCED_FACE('',(#170),#93,.T.);
#1935=ADVANCED_FACE('',(#171),#94,.T.);
#1936=ADVANCED_FACE('',(#172),#95,.T.);
#1937=ADVANCED_FACE('',(#173),#96,.T.);
#1938=ADVANCED_FACE('',(#174),#97,.T.);
#1939=ADVANCED_FACE('',(#175),#98,.T.);
#1940=ADVANCED_FACE('',(#176),#99,.T.);
#1941=ADVANCED_FACE('',(#177),#100,.T.);
#1942=ADVANCED_FACE('',(#178),#101,.T.);
#1943=ADVANCED_FACE('',(#179),#102,.T.);
#1944=ADVANCED_FACE('',(#180),#103,.T.);
#1945=ADVANCED_FACE('',(#181),#104,.T.);
#1946=ADVANCED_FACE('',(#182),#15,.F.);
#1947=ADVANCED_FACE('',(#183),#1867,.F.);
#1948=ADVANCED_FACE('',(#184),#16,.F.);
#1949=ADVANCED_FACE('',(#185),#1868,.F.);
#1950=ADVANCED_FACE('',(#186),#17,.F.);
#1951=ADVANCED_FACE('',(#187),#1869,.F.);
#1952=ADVANCED_FACE('',(#188),#18,.F.);
#1953=ADVANCED_FACE('',(#189),#1870,.F.);
#1954=ADVANCED_FACE('',(#190),#1871,.T.);
#1955=ADVANCED_FACE('',(#191),#105,.T.);
#1956=ADVANCED_FACE('',(#192),#106,.T.);
#1957=ADVANCED_FACE('',(#193),#1872,.T.);
#1958=ADVANCED_FACE('',(#194),#1873,.T.);
#1959=ADVANCED_FACE('',(#195),#107,.T.);
#1960=ADVANCED_FACE('',(#196),#108,.T.);
#1961=ADVANCED_FACE('',(#197),#1874,.T.);
#1962=ADVANCED_FACE('',(#198),#109,.T.);
#1963=ADVANCED_FACE('',(#199),#1875,.T.);
#1964=ADVANCED_FACE('',(#200),#110,.T.);
#1965=ADVANCED_FACE('',(#201),#111,.T.);
#1966=ADVANCED_FACE('',(#202),#1876,.T.);
#1967=ADVANCED_FACE('',(#203),#1877,.T.);
#1968=ADVANCED_FACE('',(#204),#112,.T.);
#1969=ADVANCED_FACE('',(#205),#113,.T.);
#1970=ADVANCED_FACE('',(#206),#1878,.T.);
#1971=ADVANCED_FACE('',(#207),#114,.T.);
#1972=CLOSED_SHELL('',(#1879,#1880,#1881,#1882,#1883,#1884,#1885,#1886,
#1887,#1888,#1889,#1890,#1891,#1892,#1893,#1894,#1895,#1896,#1897,#1898,
#1899,#1900,#1901,#1902,#1903,#1904,#1905,#1906,#1907,#1908,#1909,#1910,
#1911,#1912,#1913,#1914,#1915,#1916,#1917,#1918,#1919,#1920,#1921,#1922,
#1923,#1924,#1925,#1926,#1927,#1928,#1929,#1930,#1931,#1932,#1933,#1934,
#1935,#1936,#1937,#1938,#1939,#1940,#1941,#1942,#1943,#1944,#1945,#1946,
#1947,#1948,#1949,#1950,#1951,#1952,#1953,#1954,#1955,#1956,#1957,#1958,
#1959,#1960,#1961,#1962,#1963,#1964,#1965,#1966,#1967,#1968,#1969,#1970,
#1971));
#1973=DERIVED_UNIT_ELEMENT(#1975,1.);
#1974=DERIVED_UNIT_ELEMENT(#3582,-3.);
#1975=(
MASS_UNIT()
NAMED_UNIT(*)
SI_UNIT(.KILO.,.GRAM.)
);
#1976=DERIVED_UNIT((#1973,#1974));
#1977=MEASURE_REPRESENTATION_ITEM('density measure',
POSITIVE_RATIO_MEASURE(7850.),#1976);
#1978=PROPERTY_DEFINITION_REPRESENTATION(#1983,#1980);
#1979=PROPERTY_DEFINITION_REPRESENTATION(#1984,#1981);
#1980=REPRESENTATION('material name',(#1982),#3579);
#1981=REPRESENTATION('density',(#1977),#3579);
#1982=DESCRIPTIVE_REPRESENTATION_ITEM('Steel','Steel');
#1983=PROPERTY_DEFINITION('material property','material name',#3589);
#1984=PROPERTY_DEFINITION('material property','density of part',#3589);
#1985=AXIS2_PLACEMENT_3D('',#2724,#2169,#2170);
#1986=AXIS2_PLACEMENT_3D('',#2725,#2171,#2172);
#1987=AXIS2_PLACEMENT_3D('',#2727,#2173,#2174);
#1988=AXIS2_PLACEMENT_3D('',#2730,#2176,#2177);
#1989=AXIS2_PLACEMENT_3D('',#2731,#2178,#2179);
#1990=AXIS2_PLACEMENT_3D('',#2736,#2181,#2182);
#1991=AXIS2_PLACEMENT_3D('',#2739,#2184,#2185);
#1992=AXIS2_PLACEMENT_3D('',#2740,#2186,#2187);
#1993=AXIS2_PLACEMENT_3D('',#2742,#2188,#2189);
#1994=AXIS2_PLACEMENT_3D('',#2745,#2191,#2192);
#1995=AXIS2_PLACEMENT_3D('',#2746,#2193,#2194);
#1996=AXIS2_PLACEMENT_3D('',#2750,#2196,#2197);
#1997=AXIS2_PLACEMENT_3D('',#2758,#2202,#2203);
#1998=AXIS2_PLACEMENT_3D('',#2764,#2206,#2207);
#1999=AXIS2_PLACEMENT_3D('',#2768,#2209,#2210);
#2000=AXIS2_PLACEMENT_3D('',#2772,#2212,#2213);
#2001=AXIS2_PLACEMENT_3D('',#2776,#2215,#2216);
#2002=AXIS2_PLACEMENT_3D('',#2780,#2218,#2219);
#2003=AXIS2_PLACEMENT_3D('',#2788,#2223,#2224);
#2004=AXIS2_PLACEMENT_3D('',#2792,#2226,#2227);
#2005=AXIS2_PLACEMENT_3D('',#2796,#2229,#2230);
#2006=AXIS2_PLACEMENT_3D('',#2800,#2232,#2233);
#2007=AXIS2_PLACEMENT_3D('',#2808,#2237,#2238);
#2008=AXIS2_PLACEMENT_3D('',#2812,#2240,#2241);
#2009=AXIS2_PLACEMENT_3D('',#2816,#2243,#2244);
#2010=AXIS2_PLACEMENT_3D('',#2820,#2246,#2247);
#2011=AXIS2_PLACEMENT_3D('',#2828,#2251,#2252);
#2012=AXIS2_PLACEMENT_3D('',#2832,#2254,#2255);
#2013=AXIS2_PLACEMENT_3D('',#2836,#2257,#2258);
#2014=AXIS2_PLACEMENT_3D('',#2840,#2260,#2261);
#2015=AXIS2_PLACEMENT_3D('',#2844,#2263,#2264);
#2016=AXIS2_PLACEMENT_3D('',#2851,#2268,#2269);
#2017=AXIS2_PLACEMENT_3D('',#2853,#2270,#2271);
#2018=AXIS2_PLACEMENT_3D('',#2855,#2272,#2273);
#2019=AXIS2_PLACEMENT_3D('',#2857,#2274,#2275);
#2020=AXIS2_PLACEMENT_3D('',#2858,#2276,#2277);
#2021=AXIS2_PLACEMENT_3D('',#2872,#2278,#2279);
#2022=AXIS2_PLACEMENT_3D('',#2884,#2280,#2281);
#2023=AXIS2_PLACEMENT_3D('',#2885,#2282,#2283);
#2024=AXIS2_PLACEMENT_3D('',#2888,#2284,#2285);
#2025=AXIS2_PLACEMENT_3D('',#2893,#2289,#2290);
#2026=AXIS2_PLACEMENT_3D('',#2894,#2291,#2292);
#2027=AXIS2_PLACEMENT_3D('',#2895,#2293,#2294);
#2028=AXIS2_PLACEMENT_3D('',#2909,#2295,#2296);
#2029=AXIS2_PLACEMENT_3D('',#2921,#2297,#2298);
#2030=AXIS2_PLACEMENT_3D('',#2922,#2299,#2300);
#2031=AXIS2_PLACEMENT_3D('',#2925,#2301,#2302);
#2032=AXIS2_PLACEMENT_3D('',#2927,#2303,#2304);
#2033=AXIS2_PLACEMENT_3D('',#2931,#2308,#2309);
#2034=AXIS2_PLACEMENT_3D('',#2932,#2310,#2311);
#2035=AXIS2_PLACEMENT_3D('',#2946,#2312,#2313);
#2036=AXIS2_PLACEMENT_3D('',#2958,#2314,#2315);
#2037=AXIS2_PLACEMENT_3D('',#2959,#2316,#2317);
#2038=AXIS2_PLACEMENT_3D('',#2962,#2318,#2319);
#2039=AXIS2_PLACEMENT_3D('',#2967,#2323,#2324);
#2040=AXIS2_PLACEMENT_3D('',#2968,#2325,#2326);
#2041=AXIS2_PLACEMENT_3D('',#2969,#2327,#2328);
#2042=AXIS2_PLACEMENT_3D('',#2983,#2329,#2330);
#2043=AXIS2_PLACEMENT_3D('',#2995,#2331,#2332);
#2044=AXIS2_PLACEMENT_3D('',#2996,#2333,#2334);
#2045=AXIS2_PLACEMENT_3D('',#2999,#2335,#2336);
#2046=AXIS2_PLACEMENT_3D('',#3001,#2337,#2338);
#2047=AXIS2_PLACEMENT_3D('',#3005,#2342,#2343);
#2048=AXIS2_PLACEMENT_3D('',#3006,#2344,#2345);
#2049=AXIS2_PLACEMENT_3D('',#3009,#2346,#2347);
#2050=AXIS2_PLACEMENT_3D('',#3012,#2350,#2351);
#2051=AXIS2_PLACEMENT_3D('',#3022,#2356,#2357);
#2052=AXIS2_PLACEMENT_3D('',#3024,#2359,#2360);
#2053=AXIS2_PLACEMENT_3D('',#3028,#2362,#2363);
#2054=AXIS2_PLACEMENT_3D('',#3030,#2365,#2366);
#2055=AXIS2_PLACEMENT_3D('',#3034,#2368,#2369);
#2056=AXIS2_PLACEMENT_3D('',#3042,#2374,#2375);
#2057=AXIS2_PLACEMENT_3D('',#3045,#2376,#2377);
#2058=AXIS2_PLACEMENT_3D('',#3048,#2380,#2381);
#2059=AXIS2_PLACEMENT_3D('',#3052,#2384,#2385);
#2060=AXIS2_PLACEMENT_3D('',#3056,#2387,#2388);
#2061=AXIS2_PLACEMENT_3D('',#3058,#2390,#2391);
#2062=AXIS2_PLACEMENT_3D('',#3062,#2394,#2395);
#2063=AXIS2_PLACEMENT_3D('',#3064,#2396,#2397);
#2064=AXIS2_PLACEMENT_3D('',#3071,#2399,#2400);
#2065=AXIS2_PLACEMENT_3D('',#3078,#2404,#2405);
#2066=AXIS2_PLACEMENT_3D('',#3079,#2406,#2407);
#2067=AXIS2_PLACEMENT_3D('',#3087,#2409,#2410);
#2068=AXIS2_PLACEMENT_3D('',#3088,#2411,#2412);
#2069=AXIS2_PLACEMENT_3D('',#3090,#2413,#2414);
#2070=AXIS2_PLACEMENT_3D('',#3096,#2418,#2419);
#2071=AXIS2_PLACEMENT_3D('',#3099,#2422,#2423);
#2072=AXIS2_PLACEMENT_3D('',#3101,#2425,#2426);
#2073=AXIS2_PLACEMENT_3D('',#3105,#2428,#2429);
#2074=AXIS2_PLACEMENT_3D('',#3107,#2431,#2432);
#2075=AXIS2_PLACEMENT_3D('',#3112,#2435,#2436);
#2076=AXIS2_PLACEMENT_3D('',#3117,#2439,#2440);
#2077=AXIS2_PLACEMENT_3D('',#3133,#2448,#2449);
#2078=AXIS2_PLACEMENT_3D('',#3138,#2452,#2453);
#2079=AXIS2_PLACEMENT_3D('',#3144,#2457,#2458);
#2080=AXIS2_PLACEMENT_3D('',#3149,#2461,#2462);
#2081=AXIS2_PLACEMENT_3D('',#3165,#2470,#2471);
#2082=AXIS2_PLACEMENT_3D('',#3170,#2474,#2475);
#2083=AXIS2_PLACEMENT_3D('',#3173,#2477,#2478);
#2084=AXIS2_PLACEMENT_3D('',#3175,#2479,#2480);
#2085=AXIS2_PLACEMENT_3D('',#3177,#2481,#2482);
#2086=AXIS2_PLACEMENT_3D('',#3179,#2483,#2484);
#2087=AXIS2_PLACEMENT_3D('',#3180,#2485,#2486);
#2088=AXIS2_PLACEMENT_3D('',#3186,#2490,#2491);
#2089=AXIS2_PLACEMENT_3D('',#3188,#2493,#2494);
#2090=AXIS2_PLACEMENT_3D('',#3190,#2496,#2497);
#2091=AXIS2_PLACEMENT_3D('',#3192,#2499,#2500);
#2092=AXIS2_PLACEMENT_3D('',#3193,#2501,#2502);
#2093=AXIS2_PLACEMENT_3D('',#3196,#2503,#2504);
#2094=AXIS2_PLACEMENT_3D('',#3197,#2505,#2506);
#2095=AXIS2_PLACEMENT_3D('',#3303,#2508,#2509);
#2096=AXIS2_PLACEMENT_3D('',#3312,#2516,#2517);
#2097=AXIS2_PLACEMENT_3D('',#3313,#2518,#2519);
#2098=AXIS2_PLACEMENT_3D('',#3314,#2520,#2521);
#2099=AXIS2_PLACEMENT_3D('',#3316,#2522,#2523);
#2100=AXIS2_PLACEMENT_3D('',#3317,#2524,#2525);
#2101=AXIS2_PLACEMENT_3D('',#3319,#2526,#2527);
#2102=AXIS2_PLACEMENT_3D('',#3320,#2528,#2529);
#2103=AXIS2_PLACEMENT_3D('',#3323,#2532,#2533);
#2104=AXIS2_PLACEMENT_3D('',#3326,#2534,#2535);
#2105=AXIS2_PLACEMENT_3D('',#3327,#2536,#2537);
#2106=AXIS2_PLACEMENT_3D('',#3433,#2539,#2540);
#2107=AXIS2_PLACEMENT_3D('',#3442,#2547,#2548);
#2108=AXIS2_PLACEMENT_3D('',#3443,#2549,#2550);
#2109=AXIS2_PLACEMENT_3D('',#3444,#2551,#2552);
#2110=AXIS2_PLACEMENT_3D('',#3446,#2553,#2554);
#2111=AXIS2_PLACEMENT_3D('',#3447,#2555,#2556);
#2112=AXIS2_PLACEMENT_3D('',#3449,#2557,#2558);
#2113=AXIS2_PLACEMENT_3D('',#3450,#2559,#2560);
#2114=AXIS2_PLACEMENT_3D('',#3453,#2563,#2564);
#2115=AXIS2_PLACEMENT_3D('',#3462,#2568,#2569);
#2116=AXIS2_PLACEMENT_3D('',#3464,#2571,#2572);
#2117=AXIS2_PLACEMENT_3D('',#3468,#2574,#2575);
#2118=AXIS2_PLACEMENT_3D('',#3470,#2577,#2578);
#2119=AXIS2_PLACEMENT_3D('',#3474,#2581,#2582);
#2120=AXIS2_PLACEMENT_3D('',#3478,#2585,#2586);
#2121=AXIS2_PLACEMENT_3D('',#3482,#2589,#2590);
#2122=AXIS2_PLACEMENT_3D('',#3486,#2594,#2595);
#2123=AXIS2_PLACEMENT_3D('',#3488,#2597,#2598);
#2124=AXIS2_PLACEMENT_3D('',#3490,#2600,#2601);
#2125=AXIS2_PLACEMENT_3D('',#3492,#2603,#2604);
#2126=AXIS2_PLACEMENT_3D('',#3494,#2606,#2607);
#2127=AXIS2_PLACEMENT_3D('',#3495,#2608,#2609);
#2128=AXIS2_PLACEMENT_3D('',#3496,#2610,#2611);
#2129=AXIS2_PLACEMENT_3D('',#3498,#2613,#2614);
#2130=AXIS2_PLACEMENT_3D('',#3500,#2616,#2617);
#2131=AXIS2_PLACEMENT_3D('',#3506,#2621,#2622);
#2132=AXIS2_PLACEMENT_3D('',#3512,#2626,#2627);
#2133=AXIS2_PLACEMENT_3D('',#3515,#2630,#2631);
#2134=AXIS2_PLACEMENT_3D('',#3516,#2632,#2633);
#2135=AXIS2_PLACEMENT_3D('',#3517,#2634,#2635);
#2136=AXIS2_PLACEMENT_3D('',#3519,#2637,#2638);
#2137=AXIS2_PLACEMENT_3D('',#3521,#2640,#2641);
#2138=AXIS2_PLACEMENT_3D('',#3523,#2643,#2644);
#2139=AXIS2_PLACEMENT_3D('',#3525,#2646,#2647);
#2140=AXIS2_PLACEMENT_3D('',#3528,#2649,#2650);
#2141=AXIS2_PLACEMENT_3D('',#3529,#2651,#2652);
#2142=AXIS2_PLACEMENT_3D('',#3531,#2654,#2655);
#2143=AXIS2_PLACEMENT_3D('',#3534,#2657,#2658);
#2144=AXIS2_PLACEMENT_3D('',#3535,#2659,#2660);
#2145=AXIS2_PLACEMENT_3D('',#3537,#2662,#2663);
#2146=AXIS2_PLACEMENT_3D('',#3540,#2665,#2666);
#2147=AXIS2_PLACEMENT_3D('',#3541,#2667,#2668);
#2148=AXIS2_PLACEMENT_3D('',#3543,#2670,#2671);
#2149=AXIS2_PLACEMENT_3D('',#3546,#2673,#2674);
#2150=AXIS2_PLACEMENT_3D('',#3547,#2675,#2676);
#2151=AXIS2_PLACEMENT_3D('',#3549,#2678,#2679);
#2152=AXIS2_PLACEMENT_3D('',#3552,#2682,#2683);
#2153=AXIS2_PLACEMENT_3D('',#3553,#2684,#2685);
#2154=AXIS2_PLACEMENT_3D('',#3555,#2687,#2688);
#2155=AXIS2_PLACEMENT_3D('',#3556,#2689,#2690);
#2156=AXIS2_PLACEMENT_3D('',#3558,#2692,#2693);
#2157=AXIS2_PLACEMENT_3D('',#3559,#2694,#2695);
#2158=AXIS2_PLACEMENT_3D('',#3561,#2697,#2698);
#2159=AXIS2_PLACEMENT_3D('',#3562,#2699,#2700);
#2160=AXIS2_PLACEMENT_3D('',#3564,#2702,#2703);
#2161=AXIS2_PLACEMENT_3D('',#3566,#2705,#2706);
#2162=AXIS2_PLACEMENT_3D('',#3567,#2707,#2708);
#2163=AXIS2_PLACEMENT_3D('',#3569,#2710,#2711);
#2164=AXIS2_PLACEMENT_3D('',#3570,#2712,#2713);
#2165=AXIS2_PLACEMENT_3D('',#3572,#2715,#2716);
#2166=AXIS2_PLACEMENT_3D('',#3573,#2717,#2718);
#2167=AXIS2_PLACEMENT_3D('',#3575,#2720,#2721);
#2168=AXIS2_PLACEMENT_3D('',#3576,#2722,#2723);
#2169=DIRECTION('axis',(0.,0.,1.));
#2170=DIRECTION('refdir',(1.,0.,0.));
#2171=DIRECTION('center_axis',(0.,0.,-1.));
#2172=DIRECTION('ref_axis',(-1.,0.,0.));
#2173=DIRECTION('center_axis',(0.,0.,-1.));
#2174=DIRECTION('ref_axis',(-1.,0.,0.));
#2175=DIRECTION('',(0.,0.,-1.));
#2176=DIRECTION('center_axis',(0.,0.,1.));
#2177=DIRECTION('ref_axis',(-1.,0.,0.));
#2178=DIRECTION('center_axis',(0.,0.,-1.));
#2179=DIRECTION('ref_axis',(-6.12323399573677E-17,1.,0.));
#2180=DIRECTION('',(0.,0.,1.));
#2181=DIRECTION('center_axis',(0.,0.,1.));
#2182=DIRECTION('ref_axis',(-1.,0.,0.));
#2183=DIRECTION('',(0.,0.,-1.));
#2184=DIRECTION('center_axis',(0.,0.,-1.));
#2185=DIRECTION('ref_axis',(-1.,0.,0.));
#2186=DIRECTION('center_axis',(0.,0.,-1.));
#2187=DIRECTION('ref_axis',(-1.,0.,0.));
#2188=DIRECTION('center_axis',(0.,0.,-1.));
#2189=DIRECTION('ref_axis',(-1.,0.,0.));
#2190=DIRECTION('',(0.,0.,-1.));
#2191=DIRECTION('center_axis',(0.,0.,1.));
#2192=DIRECTION('ref_axis',(-1.,0.,0.));
#2193=DIRECTION('center_axis',(0.,-1.,0.));
#2194=DIRECTION('ref_axis',(-1.,0.,0.));
#2195=DIRECTION('',(1.,0.,3.50596744618471E-16));
#2196=DIRECTION('center_axis',(0.,-1.,0.));
#2197=DIRECTION('ref_axis',(0.707106781186548,0.,0.707106781186547));
#2198=DIRECTION('',(0.,0.,1.));
#2199=DIRECTION('',(-1.,0.,2.77555756156289E-15));
#2200=DIRECTION('',(0.,0.,-1.));
#2201=DIRECTION('',(1.,0.,0.));
#2202=DIRECTION('center_axis',(0.,0.,1.));
#2203=DIRECTION('ref_axis',(1.,0.,0.));
#2204=DIRECTION('',(0.,1.,0.));
#2205=DIRECTION('',(1.,0.,0.));
#2206=DIRECTION('center_axis',(0.,0.,1.));
#2207=DIRECTION('ref_axis',(-0.707106781186547,-0.707106781186548,0.));
#2208=DIRECTION('',(-9.06304509898087E-17,1.,0.));
#2209=DIRECTION('center_axis',(0.,0.,1.));
#2210=DIRECTION('ref_axis',(-0.382683432365088,0.923879532511288,0.));
#2211=DIRECTION('',(0.707106781186548,-0.707106781186547,0.));
#2212=DIRECTION('center_axis',(0.,0.,1.));
#2213=DIRECTION('ref_axis',(-0.707106781186548,-0.707106781186547,0.));
#2214=DIRECTION('',(0.707106781186548,-0.707106781186547,0.));
#2215=DIRECTION('center_axis',(0.,0.,1.));
#2216=DIRECTION('ref_axis',(-0.707106781186547,-0.707106781186548,0.));
#2217=DIRECTION('',(0.707106781186547,-0.707106781186548,0.));
#2218=DIRECTION('center_axis',(0.,0.,1.));
#2219=DIRECTION('ref_axis',(0.707106781186547,-0.707106781186548,0.));
#2220=DIRECTION('',(0.707106781186547,-0.707106781186548,0.));
#2221=DIRECTION('',(0.,1.,0.));
#2222=DIRECTION('',(0.707106781186547,0.707106781186548,0.));
#2223=DIRECTION('center_axis',(0.,0.,1.));
#2224=DIRECTION('ref_axis',(0.707106781186547,-0.707106781186548,0.));
#2225=DIRECTION('',(0.707106781186547,0.707106781186548,0.));
#2226=DIRECTION('center_axis',(0.,0.,1.));
#2227=DIRECTION('ref_axis',(0.707106781186548,-0.707106781186547,0.));
#2228=DIRECTION('',(0.707106781186548,0.707106781186547,0.));
#2229=DIRECTION('center_axis',(0.,0.,1.));
#2230=DIRECTION('ref_axis',(0.707106781186548,0.707106781186548,0.));
#2231=DIRECTION('',(0.707106781186548,0.707106781186547,0.));
#2232=DIRECTION('center_axis',(0.,0.,1.));
#2233=DIRECTION('ref_axis',(-0.382683432365089,-0.923879532511287,0.));
#2234=DIRECTION('',(-9.06304509898087E-17,1.,0.));
#2235=DIRECTION('',(-1.,0.,0.));
#2236=DIRECTION('',(7.93016446160826E-17,-1.,0.));
#2237=DIRECTION('center_axis',(0.,0.,1.));
#2238=DIRECTION('ref_axis',(0.38268343236509,-0.923879532511287,0.));
#2239=DIRECTION('',(-0.707106781186548,0.707106781186547,0.));
#2240=DIRECTION('center_axis',(0.,0.,1.));
#2241=DIRECTION('ref_axis',(0.707106781186548,0.707106781186548,0.));
#2242=DIRECTION('',(-0.707106781186548,0.707106781186547,0.));
#2243=DIRECTION('center_axis',(0.,0.,1.));
#2244=DIRECTION('ref_axis',(0.707106781186547,0.707106781186548,0.));
#2245=DIRECTION('',(-0.707106781186547,0.707106781186548,0.));
#2246=DIRECTION('center_axis',(0.,0.,1.));
#2247=DIRECTION('ref_axis',(-0.707106781186548,0.707106781186548,0.));
#2248=DIRECTION('',(-0.707106781186547,0.707106781186548,0.));
#2249=DIRECTION('',(0.,-1.,0.));
#2250=DIRECTION('',(-0.707106781186547,-0.707106781186548,0.));
#2251=DIRECTION('center_axis',(0.,0.,1.));
#2252=DIRECTION('ref_axis',(-0.707106781186547,0.707106781186548,0.));
#2253=DIRECTION('',(-0.707106781186547,-0.707106781186548,0.));
#2254=DIRECTION('center_axis',(0.,0.,1.));
#2255=DIRECTION('ref_axis',(-0.707106781186549,0.707106781186546,0.));
#2256=DIRECTION('',(-0.707106781186548,-0.707106781186547,0.));
#2257=DIRECTION('center_axis',(0.,0.,1.));
#2258=DIRECTION('ref_axis',(-0.707106781186547,-0.707106781186548,0.));
#2259=DIRECTION('',(-0.707106781186548,-0.707106781186548,0.));
#2260=DIRECTION('center_axis',(0.,0.,1.));
#2261=DIRECTION('ref_axis',(0.382683432365091,0.923879532511287,0.));
#2262=DIRECTION('',(7.93016446160826E-17,-1.,0.));
#2263=DIRECTION('center_axis',(0.,0.,1.));
#2264=DIRECTION('ref_axis',(0.707106781186547,-0.707106781186548,0.));
#2265=DIRECTION('',(1.,0.,0.));
#2266=DIRECTION('',(0.,1.,0.));
#2267=DIRECTION('',(1.,0.,0.));
#2268=DIRECTION('center_axis',(0.,0.,-1.));
#2269=DIRECTION('ref_axis',(1.,0.,0.));
#2270=DIRECTION('center_axis',(0.,0.,-1.));
#2271=DIRECTION('ref_axis',(1.,0.,0.));
#2272=DIRECTION('center_axis',(0.,0.,-1.));
#2273=DIRECTION('ref_axis',(1.,0.,0.));
#2274=DIRECTION('center_axis',(0.,0.,-1.));
#2275=DIRECTION('ref_axis',(1.,0.,0.));
#2276=DIRECTION('center_axis',(0.,0.,1.));
#2277=DIRECTION('ref_axis',(1.,0.,0.));
#2278=DIRECTION('center_axis',(0.,0.,1.));
#2279=DIRECTION('ref_axis',(0.707106781186548,-0.707106781186548,0.));
#2280=DIRECTION('center_axis',(0.,0.,-1.));
#2281=DIRECTION('ref_axis',(0.707106781186548,-0.707106781186548,0.));
#2282=DIRECTION('center_axis',(0.,0.,-1.));
#2283=DIRECTION('ref_axis',(0.707106781186547,0.707106781186548,0.));
#2284=DIRECTION('center_axis',(0.,0.707106781186547,0.707106781186548));
#2285=DIRECTION('ref_axis',(0.,0.707106781186548,-0.707106781186547));
#2286=DIRECTION('',(0.,0.,1.));
#2287=DIRECTION('',(0.,0.,-1.));
#2288=DIRECTION('',(0.,0.,-1.));
#2289=DIRECTION('center_axis',(0.,0.707106781186547,0.707106781186548));
#2290=DIRECTION('ref_axis',(0.,0.707106781186548,-0.707106781186547));
#2291=DIRECTION('center_axis',(0.,0.,-1.));
#2292=DIRECTION('ref_axis',(1.,0.,0.));
#2293=DIRECTION('center_axis',(0.,0.,1.));
#2294=DIRECTION('ref_axis',(-0.707106781186547,-0.707106781186548,0.));
#2295=DIRECTION('center_axis',(0.,0.,1.));
#2296=DIRECTION('ref_axis',(-0.707106781186546,-0.707106781186549,0.));
#2297=DIRECTION('center_axis',(0.,0.,-1.));
#2298=DIRECTION('ref_axis',(-0.707106781186546,-0.707106781186549,0.));
#2299=DIRECTION('center_axis',(0.,0.,-1.));
#2300=DIRECTION('ref_axis',(0.707106781186548,-0.707106781186547,0.));
#2301=DIRECTION('center_axis',(0.,0.707106781186548,0.707106781186548));
#2302=DIRECTION('ref_axis',(0.,0.707106781186548,-0.707106781186548));
#2303=DIRECTION('center_axis',(0.,0.,-1.));
#2304=DIRECTION('ref_axis',(1.,0.,0.));
#2305=DIRECTION('',(0.,0.,1.));
#2306=DIRECTION('',(0.,0.,-1.));
#2307=DIRECTION('',(0.,0.,-1.));
#2308=DIRECTION('center_axis',(0.,0.,-1.));
#2309=DIRECTION('ref_axis',(1.,0.,0.));
#2310=DIRECTION('center_axis',(0.,0.,1.));
#2311=DIRECTION('ref_axis',(-0.707106781186547,0.707106781186548,0.));
#2312=DIRECTION('center_axis',(0.,0.,1.));
#2313=DIRECTION('ref_axis',(-0.707106781186546,0.707106781186549,0.));
#2314=DIRECTION('center_axis',(0.,0.,-1.));
#2315=DIRECTION('ref_axis',(-0.707106781186546,0.707106781186549,0.));
#2316=DIRECTION('center_axis',(0.,0.,-1.));
#2317=DIRECTION('ref_axis',(-0.707106781186547,-0.707106781186548,0.));
#2318=DIRECTION('center_axis',(0.,-0.707106781186547,0.707106781186548));
#2319=DIRECTION('ref_axis',(0.,-0.707106781186548,-0.707106781186547));
#2320=DIRECTION('',(0.,0.,1.));
#2321=DIRECTION('',(0.,0.,-1.));
#2322=DIRECTION('',(0.,0.,-1.));
#2323=DIRECTION('center_axis',(0.,-0.707106781186547,0.707106781186548));
#2324=DIRECTION('ref_axis',(0.,-0.707106781186548,-0.707106781186547));
#2325=DIRECTION('center_axis',(0.,0.,-1.));
#2326=DIRECTION('ref_axis',(1.,0.,0.));
#2327=DIRECTION('center_axis',(0.,0.,1.));
#2328=DIRECTION('ref_axis',(1.,0.,0.));
#2329=DIRECTION('center_axis',(0.,0.,1.));
#2330=DIRECTION('ref_axis',(0.707106781186546,0.707106781186549,0.));
#2331=DIRECTION('center_axis',(0.,0.,-1.));
#2332=DIRECTION('ref_axis',(0.707106781186546,0.707106781186549,0.));
#2333=DIRECTION('center_axis',(0.,0.,-1.));
#2334=DIRECTION('ref_axis',(-0.707106781186549,0.707106781186546,0.));
#2335=DIRECTION('center_axis',(0.,-0.707106781186548,0.707106781186548));
#2336=DIRECTION('ref_axis',(0.,-0.707106781186548,-0.707106781186548));
#2337=DIRECTION('center_axis',(0.,0.,-1.));
#2338=DIRECTION('ref_axis',(1.,0.,0.));
#2339=DIRECTION('',(0.,0.,1.));
#2340=DIRECTION('',(0.,0.,-1.));
#2341=DIRECTION('',(0.,0.,-1.));
#2342=DIRECTION('center_axis',(0.,0.,-1.));
#2343=DIRECTION('ref_axis',(1.,0.,0.));
#2344=DIRECTION('center_axis',(0.,0.,1.));
#2345=DIRECTION('ref_axis',(-0.382683432365089,-0.923879532511287,0.));
#2346=DIRECTION('center_axis',(0.,0.,-1.));
#2347=DIRECTION('ref_axis',(-0.382683432365089,-0.923879532511287,0.));
#2348=DIRECTION('',(0.,0.,1.));
#2349=DIRECTION('',(0.,0.,-1.));
#2350=DIRECTION('center_axis',(1.,9.06304509898087E-17,0.));
#2351=DIRECTION('ref_axis',(9.06304509898087E-17,-1.,0.));
#2352=DIRECTION('',(-9.06304509898087E-17,1.,0.));
#2353=DIRECTION('',(0.,1.48029736616688E-15,-1.));
#2354=DIRECTION('',(0.,1.,0.));
#2355=DIRECTION('',(0.,0.,1.));
#2356=DIRECTION('center_axis',(-1.,0.,0.));
#2357=DIRECTION('ref_axis',(0.,0.,1.));
#2358=DIRECTION('',(0.,0.,1.));
#2359=DIRECTION('center_axis',(0.,0.,-1.));
#2360=DIRECTION('ref_axis',(0.38268343236509,-0.923879532511287,0.));
#2361=DIRECTION('',(0.,0.,-1.));
#2362=DIRECTION('center_axis',(0.,0.,-1.));
#2363=DIRECTION('ref_axis',(0.38268343236509,-0.923879532511287,0.));
#2364=DIRECTION('',(0.,0.,1.));
#2365=DIRECTION('center_axis',(-1.,-7.93016446160826E-17,0.));
#2366=DIRECTION('ref_axis',(-7.93016446160826E-17,1.,0.));
#2367=DIRECTION('',(0.,0.,-1.));
#2368=DIRECTION('center_axis',(1.,0.,0.));
#2369=DIRECTION('ref_axis',(0.,0.,1.));
#2370=DIRECTION('',(0.,0.,-1.));
#2371=DIRECTION('',(0.,-1.,0.));
#2372=DIRECTION('',(0.,-1.48029736616688E-15,1.));
#2373=DIRECTION('',(7.93016446160826E-17,-1.,0.));
#2374=DIRECTION('center_axis',(0.,0.,1.));
#2375=DIRECTION('ref_axis',(0.382683432365091,0.923879532511287,0.));
#2376=DIRECTION('center_axis',(0.,0.,-1.));
#2377=DIRECTION('ref_axis',(0.382683432365091,0.923879532511287,0.));
#2378=DIRECTION('',(0.,0.,1.));
#2379=DIRECTION('',(0.,0.,-1.));
#2380=DIRECTION('center_axis',(-1.,-7.93016446160826E-17,0.));
#2381=DIRECTION('ref_axis',(-7.93016446160826E-17,1.,0.));
#2382=DIRECTION('',(7.93016446160826E-17,-1.,0.));
#2383=DIRECTION('',(0.,0.,-1.));
#2384=DIRECTION('center_axis',(0.,0.,-1.));
#2385=DIRECTION('ref_axis',(-0.382683432365088,0.923879532511288,0.));
#2386=DIRECTION('',(0.,0.,-1.));
#2387=DIRECTION('center_axis',(0.,0.,-1.));
#2388=DIRECTION('ref_axis',(-0.382683432365088,0.923879532511288,0.));
#2389=DIRECTION('',(0.,0.,1.));
#2390=DIRECTION('center_axis',(1.,9.06304509898087E-17,0.));
#2391=DIRECTION('ref_axis',(9.06304509898087E-17,-1.,0.));
#2392=DIRECTION('',(0.,0.,1.));
#2393=DIRECTION('',(-9.06304509898087E-17,1.,0.));
#2394=DIRECTION('center_axis',(0.,0.,-1.));
#2395=DIRECTION('ref_axis',(-0.707106781186547,-0.707106781186548,0.));
#2396=DIRECTION('center_axis',(0.,0.,-1.));
#2397=DIRECTION('ref_axis',(-0.707106781186547,-0.707106781186548,0.));
#2398=DIRECTION('',(0.,0.,-1.));
#2399=DIRECTION('center_axis',(0.,1.,0.));
#2400=DIRECTION('ref_axis',(0.,0.,1.));
#2401=DIRECTION('',(0.,0.,-1.));
#2402=DIRECTION('',(-1.,0.,2.77555756156289E-15));
#2403=DIRECTION('',(0.,0.,1.));
#2404=DIRECTION('center_axis',(0.,1.,0.));
#2405=DIRECTION('ref_axis',(0.707106781186548,0.,0.707106781186547));
#2406=DIRECTION('center_axis',(0.,0.,1.));
#2407=DIRECTION('ref_axis',(0.707106781186547,-0.707106781186548,0.));
#2408=DIRECTION('',(0.,0.,1.));
#2409=DIRECTION('center_axis',(0.,0.,-1.));
#2410=DIRECTION('ref_axis',(0.707106781186547,-0.707106781186548,0.));
#2411=DIRECTION('center_axis',(0.,1.,0.));
#2412=DIRECTION('ref_axis',(0.,0.,1.));
#2413=DIRECTION('center_axis',(0.,1.,0.));
#2414=DIRECTION('ref_axis',(-0.707106781186548,0.,0.707106781186547));
#2415=DIRECTION('',(0.,0.,-1.));
#2416=DIRECTION('',(-1.,0.,-2.77555756156289E-15));
#2417=DIRECTION('',(0.,0.,1.));
#2418=DIRECTION('center_axis',(0.,1.,0.));
#2419=DIRECTION('ref_axis',(0.707106781186548,0.,0.707106781186547));
#2420=DIRECTION('',(0.,-1.,0.));
#2421=DIRECTION('',(0.,1.,0.));
#2422=DIRECTION('center_axis',(-1.,0.,0.));
#2423=DIRECTION('ref_axis',(0.,0.,1.));
#2424=DIRECTION('',(0.,1.,0.));
#2425=DIRECTION('center_axis',(0.,1.,0.));
#2426=DIRECTION('ref_axis',(-0.707106781186548,0.,0.707106781186547));
#2427=DIRECTION('',(0.,-1.,0.));
#2428=DIRECTION('center_axis',(0.,-1.,0.));
#2429=DIRECTION('ref_axis',(-0.707106781186548,0.,0.707106781186547));
#2430=DIRECTION('',(0.,1.,0.));
#2431=DIRECTION('center_axis',(0.,0.,1.));
#2432=DIRECTION('ref_axis',(1.,0.,0.));
#2433=DIRECTION('',(1.,0.,3.50596744618471E-16));
#2434=DIRECTION('',(-0.707106781186548,-0.707106781186548,0.));
#2435=DIRECTION('center_axis',(0.,0.,-1.));
#2436=DIRECTION('ref_axis',(-0.707106781186547,-0.707106781186548,0.));
#2437=DIRECTION('',(-0.707106781186548,-0.707106781186547,0.));
#2438=DIRECTION('',(0.707106781186547,0.707106781186548,0.));
#2439=DIRECTION('center_axis',(0.,0.,-1.));
#2440=DIRECTION('ref_axis',(-0.707106781186547,0.707106781186548,0.));
#2441=DIRECTION('',(0.707106781186547,0.707106781186548,0.));
#2442=DIRECTION('',(0.,-1.,0.));
#2443=DIRECTION('',(1.,0.,0.));
#2444=DIRECTION('',(0.,1.,0.));
#2445=DIRECTION('',(-1.,0.,0.));
#2446=DIRECTION('',(0.,-1.,0.));
#2447=DIRECTION('',(-0.707106781186547,0.707106781186548,0.));
#2448=DIRECTION('center_axis',(0.,0.,-1.));
#2449=DIRECTION('ref_axis',(-0.707106781186548,0.707106781186548,0.));
#2450=DIRECTION('',(-0.707106781186547,0.707106781186548,0.));
#2451=DIRECTION('',(0.707106781186548,-0.707106781186547,0.));
#2452=DIRECTION('center_axis',(0.,0.,-1.));
#2453=DIRECTION('ref_axis',(0.707106781186548,0.707106781186548,0.));
#2454=DIRECTION('',(0.707106781186548,-0.707106781186547,0.));
#2455=DIRECTION('',(-1.,0.,0.));
#2456=DIRECTION('',(0.707106781186548,0.707106781186547,0.));
#2457=DIRECTION('center_axis',(0.,0.,-1.));
#2458=DIRECTION('ref_axis',(0.707106781186548,0.707106781186548,0.));
#2459=DIRECTION('',(0.707106781186548,0.707106781186547,0.));
#2460=DIRECTION('',(-0.707106781186547,-0.707106781186548,0.));
#2461=DIRECTION('center_axis',(0.,0.,-1.));
#2462=DIRECTION('ref_axis',(0.707106781186547,-0.707106781186548,0.));
#2463=DIRECTION('',(-0.707106781186547,-0.707106781186548,0.));
#2464=DIRECTION('',(0.,1.,0.));
#2465=DIRECTION('',(-1.,0.,0.));
#2466=DIRECTION('',(0.,-1.,0.));
#2467=DIRECTION('',(1.,0.,0.));
#2468=DIRECTION('',(0.,1.,0.));
#2469=DIRECTION('',(0.707106781186547,-0.707106781186548,0.));
#2470=DIRECTION('center_axis',(0.,0.,-1.));
#2471=DIRECTION('ref_axis',(0.707106781186547,-0.707106781186548,0.));
#2472=DIRECTION('',(0.707106781186547,-0.707106781186548,0.));
#2473=DIRECTION('',(-0.707106781186548,0.707106781186547,0.));
#2474=DIRECTION('center_axis',(0.,0.,-1.));
#2475=DIRECTION('ref_axis',(-0.707106781186548,-0.707106781186547,0.));
#2476=DIRECTION('',(-0.707106781186548,0.707106781186547,0.));
#2477=DIRECTION('center_axis',(0.,0.,-1.));
#2478=DIRECTION('ref_axis',(1.,0.,0.));
#2479=DIRECTION('center_axis',(0.,0.,-1.));
#2480=DIRECTION('ref_axis',(1.,0.,0.));
#2481=DIRECTION('center_axis',(0.,0.,-1.));
#2482=DIRECTION('ref_axis',(1.,0.,0.));
#2483=DIRECTION('center_axis',(0.,0.,-1.));
#2484=DIRECTION('ref_axis',(1.,0.,0.));
#2485=DIRECTION('center_axis',(2.77555756156289E-15,0.,-1.));
#2486=DIRECTION('ref_axis',(-1.,0.,-2.77555756156289E-15));
#2487=DIRECTION('',(1.,0.,2.77555756156289E-15));
#2488=DIRECTION('',(0.,1.,0.));
#2489=DIRECTION('',(0.,1.,0.));
#2490=DIRECTION('center_axis',(1.,0.,0.));
#2491=DIRECTION('ref_axis',(0.,0.,-1.));
#2492=DIRECTION('',(0.,0.,1.));
#2493=DIRECTION('center_axis',(-1.,0.,0.));
#2494=DIRECTION('ref_axis',(0.,0.,1.));
#2495=DIRECTION('',(0.,0.,-1.));
#2496=DIRECTION('center_axis',(-2.77555756156289E-15,0.,-1.));
#2497=DIRECTION('ref_axis',(-1.,0.,2.77555756156289E-15));
#2498=DIRECTION('',(0.,1.,0.));
#2499=DIRECTION('center_axis',(1.,0.,0.));
#2500=DIRECTION('ref_axis',(0.,0.,-1.));
#2501=DIRECTION('center_axis',(-0.800423764381862,0.,-0.599434564746453));
#2502=DIRECTION('ref_axis',(-1.82831426771929E-18,-1.,2.44134435133873E-18));
#2503=DIRECTION('center_axis',(1.,0.,0.));
#2504=DIRECTION('ref_axis',(0.,2.44134435133873E-18,1.));
#2505=DIRECTION('center_axis',(1.,0.,0.));
#2506=DIRECTION('ref_axis',(0.,2.44134435133873E-18,1.));
#2507=DIRECTION('',(-0.800423764381862,0.,-0.599434564746453));
#2508=DIRECTION('center_axis',(-1.,0.,0.));
#2509=DIRECTION('ref_axis',(0.,0.,1.));
#2510=DIRECTION('',(0.,0.,-1.));
#2511=DIRECTION('',(0.,0.,1.));
#2512=DIRECTION('',(0.,0.,1.));
#2513=DIRECTION('',(0.,1.,0.));
#2514=DIRECTION('',(0.,1.,0.));
#2515=DIRECTION('',(0.,0.,-1.));
#2516=DIRECTION('center_axis',(0.577350269189626,0.577350269189626,0.577350269189626));
#2517=DIRECTION('ref_axis',(-0.707106781186548,-1.77635683940025E-15,0.707106781186548));
#2518=DIRECTION('center_axis',(0.,-1.,0.));
#2519=DIRECTION('ref_axis',(0.,0.,-1.));
#2520=DIRECTION('center_axis',(0.577350269189626,0.577350269189626,0.577350269189626));
#2521=DIRECTION('ref_axis',(-0.707106781186548,0.,0.707106781186548));
#2522=DIRECTION('center_axis',(0.,1.,0.));
#2523=DIRECTION('ref_axis',(0.,0.,1.));
#2524=DIRECTION('center_axis',(0.,1.,0.));
#2525=DIRECTION('ref_axis',(0.,0.,1.));
#2526=DIRECTION('center_axis',(-0.408248290463863,0.816496580927726,-0.408248290463863));
#2527=DIRECTION('ref_axis',(0.707106781186548,0.,-0.707106781186548));
#2528=DIRECTION('center_axis',(0.,-1.,0.));
#2529=DIRECTION('ref_axis',(-1.,0.,0.));
#2530=DIRECTION('',(0.,-1.,0.));
#2531=DIRECTION('',(0.,-1.,0.));
#2532=DIRECTION('center_axis',(-0.800423764381862,0.,0.599434564746453));
#2533=DIRECTION('ref_axis',(1.82831426771929E-18,-1.,2.44134435133873E-18));
#2534=DIRECTION('center_axis',(-1.,0.,0.));
#2535=DIRECTION('ref_axis',(0.,2.44134435133873E-18,1.));
#2536=DIRECTION('center_axis',(-1.,0.,0.));
#2537=DIRECTION('ref_axis',(0.,2.44134435133873E-18,1.));
#2538=DIRECTION('',(0.800423764381862,0.,-0.599434564746453));
#2539=DIRECTION('center_axis',(1.,0.,0.));
#2540=DIRECTION('ref_axis',(0.,0.,-1.));
#2541=DIRECTION('',(0.,0.,1.));
#2542=DIRECTION('',(0.,1.,0.));
#2543=DIRECTION('',(0.,1.,0.));
#2544=DIRECTION('',(0.,0.,-1.));
#2545=DIRECTION('',(0.,0.,-1.));
#2546=DIRECTION('',(0.,0.,1.));
#2547=DIRECTION('center_axis',(0.577350269189626,0.577350269189626,0.577350269189626));
#2548=DIRECTION('ref_axis',(0.,0.707106781186548,-0.707106781186548));
#2549=DIRECTION('center_axis',(0.,-1.,0.));
#2550=DIRECTION('ref_axis',(0.,0.,-1.));
#2551=DIRECTION('center_axis',(0.577350269189626,0.577350269189626,0.577350269189626));
#2552=DIRECTION('ref_axis',(-0.707106781186548,0.,0.707106781186548));
#2553=DIRECTION('center_axis',(0.,1.,0.));
#2554=DIRECTION('ref_axis',(0.,0.,1.));
#2555=DIRECTION('center_axis',(0.,1.,0.));
#2556=DIRECTION('ref_axis',(0.,0.,1.));
#2557=DIRECTION('center_axis',(-0.408248290463863,0.816496580927726,-0.408248290463863));
#2558=DIRECTION('ref_axis',(0.707106781186548,0.,-0.707106781186548));
#2559=DIRECTION('center_axis',(0.,1.,0.));
#2560=DIRECTION('ref_axis',(1.,0.,0.));
#2561=DIRECTION('',(0.,-1.,0.));
#2562=DIRECTION('',(0.,-1.,0.));
#2563=DIRECTION('center_axis',(1.,0.,0.));
#2564=DIRECTION('ref_axis',(0.,1.,0.));
#2565=DIRECTION('',(0.,-1.,2.66453525910038E-15));
#2566=DIRECTION('',(0.,4.44089209850063E-16,1.));
#2567=DIRECTION('',(0.,-1.,0.));
#2568=DIRECTION('center_axis',(1.,0.,0.));
#2569=DIRECTION('ref_axis',(0.,-2.22044604925031E-15,1.));
#2570=DIRECTION('',(0.,2.22044604925032E-15,-1.));
#2571=DIRECTION('center_axis',(1.,0.,0.));
#2572=DIRECTION('ref_axis',(0.,-2.22044604925031E-15,1.));
#2573=DIRECTION('',(-1.,0.,0.));
#2574=DIRECTION('center_axis',(-1.,0.,0.));
#2575=DIRECTION('ref_axis',(0.,-2.22044604925031E-15,1.));
#2576=DIRECTION('',(1.,0.,0.));
#2577=DIRECTION('center_axis',(0.,1.,2.22044604925032E-15));
#2578=DIRECTION('ref_axis',(0.,-2.22044604925032E-15,1.));
#2579=DIRECTION('',(0.,-2.22044604925032E-15,1.));
#2580=DIRECTION('',(1.,0.,0.));
#2581=DIRECTION('center_axis',(0.,-2.66453525910038E-15,-1.));
#2582=DIRECTION('ref_axis',(0.,1.,-2.66453525910038E-15));
#2583=DIRECTION('',(0.,1.,-2.66453525910038E-15));
#2584=DIRECTION('',(-1.,0.,0.));
#2585=DIRECTION('center_axis',(1.,0.,0.));
#2586=DIRECTION('ref_axis',(0.,1.,0.));
#2587=DIRECTION('',(0.,1.,0.));
#2588=DIRECTION('',(0.,-4.44089209850063E-16,-1.));
#2589=DIRECTION('center_axis',(2.46716227694479E-16,0.,-1.));
#2590=DIRECTION('ref_axis',(-1.,0.,-2.46716227694479E-16));
#2591=DIRECTION('',(1.,0.,2.46716227694479E-16));
#2592=DIRECTION('',(-1.,0.,-2.46716227694479E-16));
#2593=DIRECTION('',(1.,0.,2.46716227694479E-16));
#2594=DIRECTION('center_axis',(0.,1.,0.));
#2595=DIRECTION('ref_axis',(0.,0.,1.));
#2596=DIRECTION('',(1.,0.,0.));
#2597=DIRECTION('center_axis',(1.,0.,0.));
#2598=DIRECTION('ref_axis',(0.,0.,1.));
#2599=DIRECTION('',(1.,0.,0.));
#2600=DIRECTION('center_axis',(0.,1.,0.));
#2601=DIRECTION('ref_axis',(0.,0.,1.));
#2602=DIRECTION('',(1.,0.,0.));
#2603=DIRECTION('center_axis',(0.,0.,-1.));
#2604=DIRECTION('ref_axis',(0.,1.,0.));
#2605=DIRECTION('',(1.,0.,0.));
#2606=DIRECTION('center_axis',(0.,-1.,-1.48029736616688E-15));
#2607=DIRECTION('ref_axis',(0.,1.48029736616688E-15,-1.));
#2608=DIRECTION('center_axis',(0.,-1.,0.));
#2609=DIRECTION('ref_axis',(-1.,0.,0.));
#2610=DIRECTION('center_axis',(0.707106781186547,0.707106781186548,0.));
#2611=DIRECTION('ref_axis',(0.707106781186548,-0.707106781186547,0.));
#2612=DIRECTION('',(0.,0.,-1.));
#2613=DIRECTION('center_axis',(-0.707106781186547,-0.707106781186548,0.));
#2614=DIRECTION('ref_axis',(-0.707106781186548,0.707106781186547,0.));
#2615=DIRECTION('',(0.,0.,-1.));
#2616=DIRECTION('center_axis',(0.,-1.,0.));
#2617=DIRECTION('ref_axis',(0.,0.,-1.));
#2618=DIRECTION('',(-1.58603289232165E-16,0.,-1.));
#2619=DIRECTION('',(-1.,0.,1.94705362943637E-13));
#2620=DIRECTION('',(-7.93016446160826E-16,0.,1.));
#2621=DIRECTION('center_axis',(0.,1.,0.));
#2622=DIRECTION('ref_axis',(0.,0.,1.));
#2623=DIRECTION('',(7.93016446160826E-16,0.,-1.));
#2624=DIRECTION('',(1.,0.,-1.94705362943637E-13));
#2625=DIRECTION('',(1.58603289232165E-16,0.,1.));
#2626=DIRECTION('center_axis',(1.94705362943637E-13,0.,1.));
#2627=DIRECTION('ref_axis',(1.,0.,-1.94705362943637E-13));
#2628=DIRECTION('',(0.,-1.,0.));
#2629=DIRECTION('',(0.,1.,0.));
#2630=DIRECTION('center_axis',(1.,0.,7.93016446160826E-16));
#2631=DIRECTION('ref_axis',(7.93016446160826E-16,0.,-1.));
#2632=DIRECTION('center_axis',(-1.,0.,1.58603289232165E-16));
#2633=DIRECTION('ref_axis',(1.58603289232165E-16,0.,1.));
#2634=DIRECTION('center_axis',(0.707106781186548,-0.707106781186548,0.));
#2635=DIRECTION('ref_axis',(-0.707106781186548,-0.707106781186548,0.));
#2636=DIRECTION('',(0.,0.,-1.));
#2637=DIRECTION('center_axis',(0.707106781186548,0.707106781186547,0.));
#2638=DIRECTION('ref_axis',(0.707106781186547,-0.707106781186548,0.));
#2639=DIRECTION('',(0.,0.,-1.));
#2640=DIRECTION('center_axis',(-0.707106781186548,-0.707106781186547,0.));
#2641=DIRECTION('ref_axis',(-0.707106781186547,0.707106781186548,0.));
#2642=DIRECTION('',(0.,0.,-1.));
#2643=DIRECTION('center_axis',(-0.707106781186547,0.707106781186548,0.));
#2644=DIRECTION('ref_axis',(0.707106781186548,0.707106781186547,0.));
#2645=DIRECTION('',(0.,0.,-1.));
#2646=DIRECTION('center_axis',(0.,0.,-1.));
#2647=DIRECTION('ref_axis',(1.,0.,0.));
#2648=DIRECTION('',(0.707106781186548,-8.65956056235494E-17,0.707106781186547));
#2649=DIRECTION('center_axis',(0.,0.,1.));
#2650=DIRECTION('ref_axis',(1.,0.,0.));
#2651=DIRECTION('center_axis',(0.,0.,-1.));
#2652=DIRECTION('ref_axis',(1.,0.,0.));
#2653=DIRECTION('',(0.,0.,1.));
#2654=DIRECTION('center_axis',(0.,0.,-1.));
#2655=DIRECTION('ref_axis',(1.,0.,0.));
#2656=DIRECTION('',(0.707106781186547,-8.65956056235493E-17,0.707106781186548));
#2657=DIRECTION('center_axis',(0.,0.,1.));
#2658=DIRECTION('ref_axis',(1.,0.,0.));
#2659=DIRECTION('center_axis',(0.,0.,-1.));
#2660=DIRECTION('ref_axis',(1.,0.,0.));
#2661=DIRECTION('',(0.,0.,1.));
#2662=DIRECTION('center_axis',(0.,0.,-1.));
#2663=DIRECTION('ref_axis',(1.,0.,0.));
#2664=DIRECTION('',(0.707106781186547,-8.65956056235493E-17,0.707106781186548));
#2665=DIRECTION('center_axis',(0.,0.,1.));
#2666=DIRECTION('ref_axis',(1.,0.,0.));
#2667=DIRECTION('center_axis',(0.,0.,-1.));
#2668=DIRECTION('ref_axis',(1.,0.,0.));
#2669=DIRECTION('',(0.,0.,1.));
#2670=DIRECTION('center_axis',(0.,0.,-1.));
#2671=DIRECTION('ref_axis',(1.,0.,0.));
#2672=DIRECTION('',(0.707106781186548,-8.65956056235494E-17,0.707106781186547));
#2673=DIRECTION('center_axis',(0.,0.,1.));
#2674=DIRECTION('ref_axis',(1.,0.,0.));
#2675=DIRECTION('center_axis',(0.,0.,-1.));
#2676=DIRECTION('ref_axis',(1.,0.,0.));
#2677=DIRECTION('',(0.,0.,1.));
#2678=DIRECTION('center_axis',(0.,0.,-1.));
#2679=DIRECTION('ref_axis',(-0.707106781186547,0.707106781186548,0.));
#2680=DIRECTION('',(0.,0.,-1.));
#2681=DIRECTION('',(0.,0.,-1.));
#2682=DIRECTION('center_axis',(-0.707106781186548,0.707106781186547,0.));
#2683=DIRECTION('ref_axis',(0.707106781186547,0.707106781186548,0.));
#2684=DIRECTION('center_axis',(0.707106781186547,-0.707106781186548,0.));
#2685=DIRECTION('ref_axis',(-0.707106781186548,-0.707106781186547,0.));
#2686=DIRECTION('',(0.,0.,-1.));
#2687=DIRECTION('center_axis',(0.,0.,-1.));
#2688=DIRECTION('ref_axis',(-0.707106781186547,-0.707106781186548,0.));
#2689=DIRECTION('center_axis',(0.,0.,-1.));
#2690=DIRECTION('ref_axis',(-0.707106781186548,-0.707106781186547,0.));
#2691=DIRECTION('',(0.,0.,-1.));
#2692=DIRECTION('center_axis',(-0.707106781186547,-0.707106781186548,0.));
#2693=DIRECTION('ref_axis',(-0.707106781186548,0.707106781186547,0.));
#2694=DIRECTION('center_axis',(0.707106781186548,0.707106781186547,0.));
#2695=DIRECTION('ref_axis',(0.707106781186547,-0.707106781186548,0.));
#2696=DIRECTION('',(0.,0.,-1.));
#2697=DIRECTION('center_axis',(0.,0.,-1.));
#2698=DIRECTION('ref_axis',(0.707106781186547,-0.707106781186548,0.));
#2699=DIRECTION('center_axis',(0.707106781186548,-0.707106781186547,0.));
#2700=DIRECTION('ref_axis',(-0.707106781186547,-0.707106781186548,0.));
#2701=DIRECTION('',(0.,0.,-1.));
#2702=DIRECTION('center_axis',(0.,0.,-1.));
#2703=DIRECTION('ref_axis',(0.707106781186547,-0.707106781186548,0.));
#2704=DIRECTION('',(0.,0.,-1.));
#2705=DIRECTION('center_axis',(0.707106781186548,-0.707106781186547,0.));
#2706=DIRECTION('ref_axis',(-0.707106781186547,-0.707106781186548,0.));
#2707=DIRECTION('center_axis',(-0.707106781186547,0.707106781186548,0.));
#2708=DIRECTION('ref_axis',(0.707106781186548,0.707106781186547,0.));
#2709=DIRECTION('',(0.,0.,-1.));
#2710=DIRECTION('center_axis',(0.,0.,-1.));
#2711=DIRECTION('ref_axis',(0.707106781186548,0.707106781186548,0.));
#2712=DIRECTION('center_axis',(0.,0.,-1.));
#2713=DIRECTION('ref_axis',(0.707106781186548,0.707106781186548,0.));
#2714=DIRECTION('',(0.,0.,-1.));
#2715=DIRECTION('center_axis',(0.707106781186547,0.707106781186548,0.));
#2716=DIRECTION('ref_axis',(0.707106781186548,-0.707106781186547,0.));
#2717=DIRECTION('center_axis',(-0.707106781186548,-0.707106781186547,0.));
#2718=DIRECTION('ref_axis',(-0.707106781186547,0.707106781186548,0.));
#2719=DIRECTION('',(0.,0.,-1.));
#2720=DIRECTION('center_axis',(0.,0.,-1.));
#2721=DIRECTION('ref_axis',(-0.707106781186548,0.707106781186548,0.));
#2722=DIRECTION('center_axis',(-0.707106781186548,0.707106781186547,0.));
#2723=DIRECTION('ref_axis',(0.707106781186547,0.707106781186548,0.));
#2724=CARTESIAN_POINT('',(0.,0.,0.));
#2725=CARTESIAN_POINT('Origin',(0.,0.,0.));
#2726=CARTESIAN_POINT('',(3.,3.67394039744206E-16,0.));
#2727=CARTESIAN_POINT('Origin',(0.,0.,0.));
#2728=CARTESIAN_POINT('',(3.,3.67394039744206E-16,-1.5));
#2729=CARTESIAN_POINT('',(3.,-3.67394039744206E-16,0.));
#2730=CARTESIAN_POINT('Origin',(0.,0.,-1.5));
#2731=CARTESIAN_POINT('Origin',(0.,-17.9605122421383,0.));
#2732=CARTESIAN_POINT('',(-1.12758722905031,-18.5,-1.5));
#2733=CARTESIAN_POINT('',(-1.12758722905031,-18.5,0.));
#2734=CARTESIAN_POINT('',(-1.12758722905031,-18.5,0.));
#2735=CARTESIAN_POINT('',(1.12758722905031,-18.5,-1.5));
#2736=CARTESIAN_POINT('Origin',(0.,-17.9605122421383,-1.5));
#2737=CARTESIAN_POINT('',(1.12758722905031,-18.5,0.));
#2738=CARTESIAN_POINT('',(1.12758722905031,-18.5,0.));
#2739=CARTESIAN_POINT('Origin',(0.,-17.9605122421383,0.));
#2740=CARTESIAN_POINT('Origin',(0.,17.9605122421383,0.));
#2741=CARTESIAN_POINT('',(1.25,17.9605122421383,0.));
#2742=CARTESIAN_POINT('Origin',(0.,17.9605122421383,0.));
#2743=CARTESIAN_POINT('',(1.25,17.9605122421383,-1.5));
#2744=CARTESIAN_POINT('',(1.25,17.9605122421383,0.));
#2745=CARTESIAN_POINT('Origin',(0.,17.9605122421383,-1.5));
#2746=CARTESIAN_POINT('Origin',(3.,-18.5,0.));
#2747=CARTESIAN_POINT('',(6.75,-18.5,-1.5));
#2748=CARTESIAN_POINT('',(-7.75,-18.5,-1.5));
#2749=CARTESIAN_POINT('',(7.75,-18.5,-2.5));
#2750=CARTESIAN_POINT('Origin',(6.75,-18.5,-2.5));
#2751=CARTESIAN_POINT('',(7.75,-18.5,-5.));
#2752=CARTESIAN_POINT('',(7.75,-18.5,-5.));
#2753=CARTESIAN_POINT('',(9.75,-18.5,-5.00000000000001));
#2754=CARTESIAN_POINT('',(9.75,-18.5,-5.00000000000001));
#2755=CARTESIAN_POINT('',(9.75,-18.5,0.));
#2756=CARTESIAN_POINT('',(9.75,-18.5,0.));
#2757=CARTESIAN_POINT('',(3.,-18.5,0.));
#2758=CARTESIAN_POINT('Origin',(0.,0.,0.));
#2759=CARTESIAN_POINT('',(9.75,-16.5,0.));
#2760=CARTESIAN_POINT('',(9.75,-18.5,0.));
#2761=CARTESIAN_POINT('',(7.,-16.5,0.));
#2762=CARTESIAN_POINT('',(3.,-16.5,0.));
#2763=CARTESIAN_POINT('',(3.,-12.5,0.));
#2764=CARTESIAN_POINT('Origin',(7.,-12.5,0.));
#2765=CARTESIAN_POINT('',(3.,-12.0710678118655,0.));
#2766=CARTESIAN_POINT('',(3.,-18.5,0.));
#2767=CARTESIAN_POINT('',(6.4142135623731,-10.6568542494924,0.));
#2768=CARTESIAN_POINT('Origin',(5.,-12.0710678118655,0.));
#2769=CARTESIAN_POINT('',(7.77867965644036,-12.0213203435596,0.));
#2770=CARTESIAN_POINT('',(0.,-4.24264068711929,0.));
#2771=CARTESIAN_POINT('',(10.0665518484045,-12.8953731790535,0.));
#2772=CARTESIAN_POINT('Origin',(9.9,-9.9,0.));
#2773=CARTESIAN_POINT('',(16.2632588643392,-19.0920801949882,0.));
#2774=CARTESIAN_POINT('',(10.0665518484045,-12.8953731790535,0.));
#2775=CARTESIAN_POINT('',(19.0920801949882,-16.2632588643392,0.));
#2776=CARTESIAN_POINT('Origin',(17.6776695296637,-17.6776695296637,0.));
#2777=CARTESIAN_POINT('',(12.8953731790535,-10.0665518484045,0.));
#2778=CARTESIAN_POINT('',(12.8953731790535,-10.0665518484045,0.));
#2779=CARTESIAN_POINT('',(12.0213203435596,-7.77867965644036,0.));
#2780=CARTESIAN_POINT('Origin',(9.9,-9.9,0.));
#2781=CARTESIAN_POINT('',(9.,-4.75735931288071,0.));
#2782=CARTESIAN_POINT('',(4.24264068711929,1.11022302462516E-15,0.));
#2783=CARTESIAN_POINT('',(9.,4.75735931288071,0.));
#2784=CARTESIAN_POINT('',(9.,0.,0.));
#2785=CARTESIAN_POINT('',(12.0213203435596,7.77867965644036,0.));
#2786=CARTESIAN_POINT('',(4.24264068711929,-1.11022302462516E-15,0.));
#2787=CARTESIAN_POINT('',(12.8953731790535,10.0665518484045,0.));
#2788=CARTESIAN_POINT('Origin',(9.9,9.9,0.));
#2789=CARTESIAN_POINT('',(19.0920801949882,16.2632588643392,0.));
#2790=CARTESIAN_POINT('',(12.8953731790535,10.0665518484045,0.));
#2791=CARTESIAN_POINT('',(16.2632588643392,19.0920801949882,0.));
#2792=CARTESIAN_POINT('Origin',(17.6776695296637,17.6776695296637,0.));
#2793=CARTESIAN_POINT('',(10.0665518484045,12.8953731790535,0.));
#2794=CARTESIAN_POINT('',(10.0665518484045,12.8953731790535,0.));
#2795=CARTESIAN_POINT('',(7.77867965644036,12.0213203435596,0.));
#2796=CARTESIAN_POINT('Origin',(9.9,9.9,0.));
#2797=CARTESIAN_POINT('',(6.4142135623731,10.6568542494924,0.));
#2798=CARTESIAN_POINT('',(0.,4.24264068711929,0.));
#2799=CARTESIAN_POINT('',(3.,12.0710678118655,0.));
#2800=CARTESIAN_POINT('Origin',(5.,12.0710678118655,0.));
#2801=CARTESIAN_POINT('',(3.,33.,1.81868072620509E-14));
#2802=CARTESIAN_POINT('',(3.,-18.5,0.));
#2803=CARTESIAN_POINT('',(-3.,33.,1.81868072620509E-14));
#2804=CARTESIAN_POINT('',(0.,33.,1.81868072620509E-14));
#2805=CARTESIAN_POINT('',(-3.,12.0710678118655,0.));
#2806=CARTESIAN_POINT('',(-3.,30.5,0.));
#2807=CARTESIAN_POINT('',(-6.4142135623731,10.6568542494924,0.));
#2808=CARTESIAN_POINT('Origin',(-5.,12.0710678118655,0.));
#2809=CARTESIAN_POINT('',(-7.77867965644036,12.0213203435596,0.));
#2810=CARTESIAN_POINT('',(0.,4.24264068711929,0.));
#2811=CARTESIAN_POINT('',(-10.0665518484045,12.8953731790535,0.));
#2812=CARTESIAN_POINT('Origin',(-9.9,9.9,0.));
#2813=CARTESIAN_POINT('',(-16.2632588643392,19.0920801949882,0.));
#2814=CARTESIAN_POINT('',(-10.0665518484045,12.8953731790535,0.));
#2815=CARTESIAN_POINT('',(-19.0920801949882,16.2632588643392,0.));
#2816=CARTESIAN_POINT('Origin',(-17.6776695296637,17.6776695296637,0.));
#2817=CARTESIAN_POINT('',(-12.8953731790535,10.0665518484045,0.));
#2818=CARTESIAN_POINT('',(-12.8953731790535,10.0665518484045,0.));
#2819=CARTESIAN_POINT('',(-12.0213203435596,7.77867965644036,0.));
#2820=CARTESIAN_POINT('Origin',(-9.9,9.9,0.));
#2821=CARTESIAN_POINT('',(-9.,4.75735931288071,0.));
#2822=CARTESIAN_POINT('',(-4.24264068711929,-1.11022302462516E-15,0.));
#2823=CARTESIAN_POINT('',(-9.,-4.75735931288071,0.));
#2824=CARTESIAN_POINT('',(-9.,0.,0.));
#2825=CARTESIAN_POINT('',(-12.0213203435596,-7.77867965644036,0.));
#2826=CARTESIAN_POINT('',(-4.24264068711929,1.11022302462516E-15,0.));
#2827=CARTESIAN_POINT('',(-12.8953731790535,-10.0665518484045,0.));
#2828=CARTESIAN_POINT('Origin',(-9.9,-9.9,0.));
#2829=CARTESIAN_POINT('',(-19.0920801949882,-16.2632588643392,0.));
#2830=CARTESIAN_POINT('',(-12.8953731790535,-10.0665518484045,0.));
#2831=CARTESIAN_POINT('',(-16.2632588643392,-19.0920801949882,0.));
#2832=CARTESIAN_POINT('Origin',(-17.6776695296637,-17.6776695296637,0.));
#2833=CARTESIAN_POINT('',(-10.0665518484045,-12.8953731790535,0.));
#2834=CARTESIAN_POINT('',(-10.0665518484045,-12.8953731790535,0.));
#2835=CARTESIAN_POINT('',(-7.77867965644035,-12.0213203435596,0.));
#2836=CARTESIAN_POINT('Origin',(-9.9,-9.9,0.));
#2837=CARTESIAN_POINT('',(-6.41421356237309,-10.6568542494924,0.));
#2838=CARTESIAN_POINT('',(0.,-4.24264068711929,0.));
#2839=CARTESIAN_POINT('',(-3.,-12.0710678118655,0.));
#2840=CARTESIAN_POINT('Origin',(-5.,-12.0710678118655,0.));
#2841=CARTESIAN_POINT('',(-3.,-12.5,0.));
#2842=CARTESIAN_POINT('',(-3.,30.5,0.));
#2843=CARTESIAN_POINT('',(-7.,-16.5,0.));
#2844=CARTESIAN_POINT('Origin',(-7.,-12.5,0.));
#2845=CARTESIAN_POINT('',(-9.75,-16.5,0.));
#2846=CARTESIAN_POINT('',(-3.,-16.5,0.));
#2847=CARTESIAN_POINT('',(-9.75,-18.5,0.));
#2848=CARTESIAN_POINT('',(-9.75,-18.5,0.));
#2849=CARTESIAN_POINT('',(3.,-18.5,0.));
#2850=CARTESIAN_POINT('',(-11.15,-9.9,0.));
#2851=CARTESIAN_POINT('Origin',(-9.9,-9.9,0.));
#2852=CARTESIAN_POINT('',(-11.15,9.9,0.));
#2853=CARTESIAN_POINT('Origin',(-9.9,9.9,0.));
#2854=CARTESIAN_POINT('',(8.65,-9.9,0.));
#2855=CARTESIAN_POINT('Origin',(9.9,-9.9,0.));
#2856=CARTESIAN_POINT('',(8.65,9.9,0.));
#2857=CARTESIAN_POINT('Origin',(9.9,9.9,0.));
#2858=CARTESIAN_POINT('Origin',(-17.6776695296637,17.6776695296637,-3.5));
#2859=CARTESIAN_POINT('',(-16.6424766574062,13.8136553267572,-1.5));
#2860=CARTESIAN_POINT('',(-19.0920801949882,16.2632588643392,-3.5));
#2861=CARTESIAN_POINT('Ctrl Pts',(-16.6424766574062,13.8136553267572,-1.5));
#2862=CARTESIAN_POINT('Ctrl Pts',(-16.8227062286257,13.9938848979767,-1.5));
#2863=CARTESIAN_POINT('Ctrl Pts',(-17.0173928919049,14.188571561256,-1.53890857310429));
#2864=CARTESIAN_POINT('Ctrl Pts',(-17.3935969728314,14.5647756421824,-1.68916089646911));
#2865=CARTESIAN_POINT('Ctrl Pts',(-17.5752279903433,14.7464066596943,-1.79993519805851));
#2866=CARTESIAN_POINT('Ctrl Pts',(-17.9779473844789,15.14912605383,-2.10644892853892));
#2867=CARTESIAN_POINT('Ctrl Pts',(-18.2224824824015,15.3936611517525,-2.35787418595711));
#2868=CARTESIAN_POINT('Ctrl Pts',(-18.6808319724542,15.8520106418053,-2.91731640182053));
#2869=CARTESIAN_POINT('Ctrl Pts',(-18.8961279663006,16.0673066356517,-3.22290100997577));
#2870=CARTESIAN_POINT('Ctrl Pts',(-19.0920801949882,16.2632588643392,-3.5));
#2871=CARTESIAN_POINT('',(-16.2632588643392,19.0920801949882,-3.5));
#2872=CARTESIAN_POINT('Origin',(-17.6776695296637,17.6776695296637,-3.5));
#2873=CARTESIAN_POINT('',(-13.8136553267572,16.6424766574062,-1.5));
#2874=CARTESIAN_POINT('Ctrl Pts',(-16.2632588643392,19.0920801949882,-3.5));
#2875=CARTESIAN_POINT('Ctrl Pts',(-16.0673066356517,18.8961279663006,-3.22290100997577));
#2876=CARTESIAN_POINT('Ctrl Pts',(-15.8520106418053,18.6808319724542,-2.91731640182052));
#2877=CARTESIAN_POINT('Ctrl Pts',(-15.3936611517525,18.2224824824015,-2.35787418595711));
#2878=CARTESIAN_POINT('Ctrl Pts',(-15.14912605383,17.9779473844789,-2.10644892853892));
#2879=CARTESIAN_POINT('Ctrl Pts',(-14.7464066596944,17.5752279903433,-1.79993519805851));
#2880=CARTESIAN_POINT('Ctrl Pts',(-14.5647756421824,17.3935969728314,-1.68916089646911));
#2881=CARTESIAN_POINT('Ctrl Pts',(-14.188571561256,17.0173928919049,-1.53890857310429));
#2882=CARTESIAN_POINT('Ctrl Pts',(-13.9938848979767,16.8227062286257,-1.5));
#2883=CARTESIAN_POINT('Ctrl Pts',(-13.8136553267572,16.6424766574062,-1.5));
#2884=CARTESIAN_POINT('Origin',(-17.6776695296637,17.6776695296637,-1.5));
#2885=CARTESIAN_POINT('Origin',(-17.6776695296637,17.6776695296637,0.));
#2886=CARTESIAN_POINT('',(-19.6778132019847,17.6776695296637,-13.5));
#2887=CARTESIAN_POINT('',(-19.0920801949882,16.2632588643392,-12.0855893346755));
#2888=CARTESIAN_POINT('Origin',(-17.6776695296637,17.6776695296637,-13.5));
#2889=CARTESIAN_POINT('',(-19.0920801949882,16.2632588643392,0.));
#2890=CARTESIAN_POINT('',(-19.0920801949882,16.2632588643392,0.));
#2891=CARTESIAN_POINT('',(-16.2632588643392,19.0920801949882,0.));
#2892=CARTESIAN_POINT('',(-15.6775258573427,17.6776695296637,-13.5));
#2893=CARTESIAN_POINT('Origin',(-17.6776695296637,17.6776695296637,-13.5));
#2894=CARTESIAN_POINT('Origin',(-17.6776695296637,17.6776695296637,-13.5));
#2895=CARTESIAN_POINT('Origin',(17.6776695296637,17.6776695296637,-3.5));
#2896=CARTESIAN_POINT('',(13.8136553267572,16.6424766574062,-1.5));
#2897=CARTESIAN_POINT('',(16.2632588643392,19.0920801949882,-3.5));
#2898=CARTESIAN_POINT('Ctrl Pts',(13.8136553267572,16.6424766574062,-1.5));
#2899=CARTESIAN_POINT('Ctrl Pts',(13.9938848979767,16.8227062286257,-1.5));
#2900=CARTESIAN_POINT('Ctrl Pts',(14.188571561256,17.0173928919049,-1.53890857310429));
#2901=CARTESIAN_POINT('Ctrl Pts',(14.5647756421824,17.3935969728314,-1.68916089646911));
#2902=CARTESIAN_POINT('Ctrl Pts',(14.7464066596944,17.5752279903433,-1.79993519805851));
#2903=CARTESIAN_POINT('Ctrl Pts',(15.14912605383,17.9779473844789,-2.10644892853892));
#2904=CARTESIAN_POINT('Ctrl Pts',(15.3936611517525,18.2224824824015,-2.35787418595711));
#2905=CARTESIAN_POINT('Ctrl Pts',(15.8520106418053,18.6808319724542,-2.91731640182052));
#2906=CARTESIAN_POINT('Ctrl Pts',(16.0673066356517,18.8961279663006,-3.22290100997577));
#2907=CARTESIAN_POINT('Ctrl Pts',(16.2632588643392,19.0920801949882,-3.5));
#2908=CARTESIAN_POINT('',(19.0920801949882,16.2632588643392,-3.5));
#2909=CARTESIAN_POINT('Origin',(17.6776695296637,17.6776695296637,-3.5));
#2910=CARTESIAN_POINT('',(16.6424766574062,13.8136553267572,-1.5));
#2911=CARTESIAN_POINT('Ctrl Pts',(19.0920801949882,16.2632588643392,-3.5));
#2912=CARTESIAN_POINT('Ctrl Pts',(18.8961279663006,16.0673066356517,-3.22290100997577));
#2913=CARTESIAN_POINT('Ctrl Pts',(18.6808319724542,15.8520106418053,-2.91731640182053));
#2914=CARTESIAN_POINT('Ctrl Pts',(18.2224824824015,15.3936611517525,-2.35787418595711));
#2915=CARTESIAN_POINT('Ctrl Pts',(17.9779473844789,15.14912605383,-2.10644892853892));
#2916=CARTESIAN_POINT('Ctrl Pts',(17.5752279903433,14.7464066596944,-1.79993519805851));
#2917=CARTESIAN_POINT('Ctrl Pts',(17.3935969728314,14.5647756421824,-1.68916089646911));
#2918=CARTESIAN_POINT('Ctrl Pts',(17.0173928919049,14.188571561256,-1.53890857310429));
#2919=CARTESIAN_POINT('Ctrl Pts',(16.8227062286257,13.9938848979767,-1.5));
#2920=CARTESIAN_POINT('Ctrl Pts',(16.6424766574062,13.8136553267572,-1.5));
#2921=CARTESIAN_POINT('Origin',(17.6776695296637,17.6776695296637,-1.5));
#2922=CARTESIAN_POINT('Origin',(17.6776695296637,17.6776695296637,0.));
#2923=CARTESIAN_POINT('',(15.6776695296637,17.6776695296637,-13.5));
#2924=CARTESIAN_POINT('',(19.6776695296637,17.6776695296637,-13.5));
#2925=CARTESIAN_POINT('Origin',(17.6776695296637,17.6776695296637,-13.5));
#2926=CARTESIAN_POINT('',(16.2632588643392,19.0920801949882,-13.5));
#2927=CARTESIAN_POINT('Origin',(17.6776695296637,17.6776695296637,-13.5));
#2928=CARTESIAN_POINT('',(16.2632588643392,19.0920801949882,0.));
#2929=CARTESIAN_POINT('',(16.2632588643392,19.0920801949882,0.));
#2930=CARTESIAN_POINT('',(19.0920801949882,16.2632588643392,0.));
#2931=CARTESIAN_POINT('Origin',(17.6776695296637,17.6776695296637,-13.5));
#2932=CARTESIAN_POINT('Origin',(17.6776695296637,-17.6776695296637,-3.5));
#2933=CARTESIAN_POINT('',(16.6424766574062,-13.8136553267572,-1.5));
#2934=CARTESIAN_POINT('',(19.0920801949882,-16.2632588643392,-3.5));
#2935=CARTESIAN_POINT('Ctrl Pts',(16.6424766574062,-13.8136553267572,-1.5));
#2936=CARTESIAN_POINT('Ctrl Pts',(16.8227062286257,-13.9938848979767,-1.5));
#2937=CARTESIAN_POINT('Ctrl Pts',(17.0173928919049,-14.188571561256,-1.53890857310429));
#2938=CARTESIAN_POINT('Ctrl Pts',(17.3935969728314,-14.5647756421824,-1.68916089646911));
#2939=CARTESIAN_POINT('Ctrl Pts',(17.5752279903433,-14.7464066596943,-1.79993519805851));
#2940=CARTESIAN_POINT('Ctrl Pts',(17.9779473844789,-15.14912605383,-2.10644892853892));
#2941=CARTESIAN_POINT('Ctrl Pts',(18.2224824824015,-15.3936611517525,-2.35787418595711));
#2942=CARTESIAN_POINT('Ctrl Pts',(18.6808319724542,-15.8520106418053,-2.91731640182053));
#2943=CARTESIAN_POINT('Ctrl Pts',(18.8961279663006,-16.0673066356517,-3.22290100997577));
#2944=CARTESIAN_POINT('Ctrl Pts',(19.0920801949882,-16.2632588643392,-3.5));
#2945=CARTESIAN_POINT('',(16.2632588643392,-19.0920801949882,-3.5));
#2946=CARTESIAN_POINT('Origin',(17.6776695296637,-17.6776695296637,-3.5));
#2947=CARTESIAN_POINT('',(13.8136553267572,-16.6424766574062,-1.5));
#2948=CARTESIAN_POINT('Ctrl Pts',(16.2632588643392,-19.0920801949882,-3.5));
#2949=CARTESIAN_POINT('Ctrl Pts',(16.0673066356517,-18.8961279663006,-3.22290100997577));
#2950=CARTESIAN_POINT('Ctrl Pts',(15.8520106418053,-18.6808319724542,-2.91731640182053));
#2951=CARTESIAN_POINT('Ctrl Pts',(15.3936611517525,-18.2224824824015,-2.35787418595711));
#2952=CARTESIAN_POINT('Ctrl Pts',(15.14912605383,-17.9779473844789,-2.10644892853892));
#2953=CARTESIAN_POINT('Ctrl Pts',(14.7464066596944,-17.5752279903433,-1.79993519805851));
#2954=CARTESIAN_POINT('Ctrl Pts',(14.5647756421824,-17.3935969728314,-1.68916089646911));
#2955=CARTESIAN_POINT('Ctrl Pts',(14.188571561256,-17.0173928919049,-1.53890857310429));
#2956=CARTESIAN_POINT('Ctrl Pts',(13.9938848979767,-16.8227062286257,-1.5));
#2957=CARTESIAN_POINT('Ctrl Pts',(13.8136553267572,-16.6424766574062,-1.5));
#2958=CARTESIAN_POINT('Origin',(17.6776695296637,-17.6776695296637,-1.5));
#2959=CARTESIAN_POINT('Origin',(17.6776695296637,-17.6776695296637,0.));
#2960=CARTESIAN_POINT('',(19.6779482753307,-17.6776695296637,-13.5));
#2961=CARTESIAN_POINT('',(19.0920801949882,-16.2632588643392,-12.0855893346755));
#2962=CARTESIAN_POINT('Origin',(17.6776695296637,-17.6776695296637,-13.5));
#2963=CARTESIAN_POINT('',(19.0920801949882,-16.2632588643392,0.));
#2964=CARTESIAN_POINT('',(19.0920801949882,-16.2632588643392,0.));
#2965=CARTESIAN_POINT('',(16.2632588643392,-19.0920801949882,0.));
#2966=CARTESIAN_POINT('',(15.6773907839967,-17.6776695296637,-13.5));
#2967=CARTESIAN_POINT('Origin',(17.6776695296637,-17.6776695296637,-13.5));
#2968=CARTESIAN_POINT('Origin',(17.6776695296637,-17.6776695296637,-13.5));
#2969=CARTESIAN_POINT('Origin',(-17.6776695296637,-17.6776695296637,-3.5));
#2970=CARTESIAN_POINT('',(-13.8136553267572,-16.6424766574062,-1.5));
#2971=CARTESIAN_POINT('',(-16.2632588643392,-19.0920801949882,-3.5));
#2972=CARTESIAN_POINT('Ctrl Pts',(-13.8136553267572,-16.6424766574062,-1.5));
#2973=CARTESIAN_POINT('Ctrl Pts',(-13.9938848979767,-16.8227062286257,-1.5));
#2974=CARTESIAN_POINT('Ctrl Pts',(-14.188571561256,-17.0173928919049,-1.53890857310429));
#2975=CARTESIAN_POINT('Ctrl Pts',(-14.5647756421824,-17.3935969728314,-1.68916089646911));
#2976=CARTESIAN_POINT('Ctrl Pts',(-14.7464066596944,-17.5752279903433,-1.79993519805851));
#2977=CARTESIAN_POINT('Ctrl Pts',(-15.14912605383,-17.9779473844789,-2.10644892853892));
#2978=CARTESIAN_POINT('Ctrl Pts',(-15.3936611517525,-18.2224824824015,-2.35787418595711));
#2979=CARTESIAN_POINT('Ctrl Pts',(-15.8520106418053,-18.6808319724542,-2.91731640182052));
#2980=CARTESIAN_POINT('Ctrl Pts',(-16.0673066356517,-18.8961279663006,-3.22290100997577));
#2981=CARTESIAN_POINT('Ctrl Pts',(-16.2632588643392,-19.0920801949882,-3.5));
#2982=CARTESIAN_POINT('',(-19.0920801949882,-16.2632588643392,-3.5));
#2983=CARTESIAN_POINT('Origin',(-17.6776695296637,-17.6776695296637,-3.5));
#2984=CARTESIAN_POINT('',(-16.6424766574062,-13.8136553267572,-1.5));
#2985=CARTESIAN_POINT('Ctrl Pts',(-19.0920801949882,-16.2632588643392,-3.5));
#2986=CARTESIAN_POINT('Ctrl Pts',(-18.8961279663006,-16.0673066356517,-3.22290100997577));
#2987=CARTESIAN_POINT('Ctrl Pts',(-18.6808319724542,-15.8520106418053,-2.91731640182053));
#2988=CARTESIAN_POINT('Ctrl Pts',(-18.2224824824015,-15.3936611517525,-2.35787418595711));
#2989=CARTESIAN_POINT('Ctrl Pts',(-17.9779473844789,-15.14912605383,-2.10644892853892));
#2990=CARTESIAN_POINT('Ctrl Pts',(-17.5752279903433,-14.7464066596943,-1.79993519805851));
#2991=CARTESIAN_POINT('Ctrl Pts',(-17.3935969728314,-14.5647756421824,-1.68916089646911));
#2992=CARTESIAN_POINT('Ctrl Pts',(-17.0173928919049,-14.188571561256,-1.53890857310429));
#2993=CARTESIAN_POINT('Ctrl Pts',(-16.8227062286257,-13.9938848979767,-1.5));
#2994=CARTESIAN_POINT('Ctrl Pts',(-16.6424766574062,-13.8136553267572,-1.5));
#2995=CARTESIAN_POINT('Origin',(-17.6776695296637,-17.6776695296637,-1.5));
#2996=CARTESIAN_POINT('Origin',(-17.6776695296637,-17.6776695296637,0.));
#2997=CARTESIAN_POINT('',(-15.6775231010243,-17.6776695296637,-13.5));
#2998=CARTESIAN_POINT('',(-19.6776695296637,-17.6776695296637,-13.5));
#2999=CARTESIAN_POINT('Origin',(-17.6776695296637,-17.6776695296637,-13.5));
#3000=CARTESIAN_POINT('',(-16.2632588643392,-19.0920801949882,-13.5));
#3001=CARTESIAN_POINT('Origin',(-17.6776695296637,-17.6776695296637,-13.5));
#3002=CARTESIAN_POINT('',(-16.2632588643392,-19.0920801949882,0.));
#3003=CARTESIAN_POINT('',(-16.2632588643392,-19.0920801949882,0.));
#3004=CARTESIAN_POINT('',(-19.0920801949882,-16.2632588643392,0.));
#3005=CARTESIAN_POINT('Origin',(-17.6776695296637,-17.6776695296637,-13.5));
#3006=CARTESIAN_POINT('Origin',(5.,12.0710678118655,0.));
#3007=CARTESIAN_POINT('',(6.4142135623731,10.6568542494924,-1.5));
#3008=CARTESIAN_POINT('',(3.,12.0710678118655,-1.5));
#3009=CARTESIAN_POINT('Origin',(5.,12.0710678118655,-1.5));
#3010=CARTESIAN_POINT('',(3.,12.0710678118655,0.));
#3011=CARTESIAN_POINT('',(6.4142135623731,10.6568542494924,0.));
#3012=CARTESIAN_POINT('Origin',(3.,30.5,0.));
#3013=CARTESIAN_POINT('',(3.,30.5,-1.5));
#3014=CARTESIAN_POINT('',(3.,18.25,-1.5));
#3015=CARTESIAN_POINT('',(3.,30.5,-2.99999999999998));
#3016=CARTESIAN_POINT('',(3.,30.5,0.));
#3017=CARTESIAN_POINT('',(3.,33.,-2.99999999999998));
#3018=CARTESIAN_POINT('',(3.,30.5,-2.99999999999998));
#3019=CARTESIAN_POINT('',(3.,33.,-2.49999999999999));
#3020=CARTESIAN_POINT('',(3.,33.,-2.99999999999998));
#3021=CARTESIAN_POINT('',(3.,33.,-0.499999999999982));
#3022=CARTESIAN_POINT('Origin',(3.,33.,-1.49999999999998));
#3023=CARTESIAN_POINT('',(3.,33.,1.81868072620509E-14));
#3024=CARTESIAN_POINT('Origin',(-5.,12.0710678118655,0.));
#3025=CARTESIAN_POINT('',(-3.,12.0710678118655,-1.5));
#3026=CARTESIAN_POINT('',(-3.,12.0710678118655,0.));
#3027=CARTESIAN_POINT('',(-6.4142135623731,10.6568542494924,-1.5));
#3028=CARTESIAN_POINT('Origin',(-5.,12.0710678118655,-1.5));
#3029=CARTESIAN_POINT('',(-6.4142135623731,10.6568542494924,0.));
#3030=CARTESIAN_POINT('Origin',(-3.,-18.5,0.));
#3031=CARTESIAN_POINT('',(-3.,33.,-0.499999999999982));
#3032=CARTESIAN_POINT('',(-3.,33.,1.81868072620509E-14));
#3033=CARTESIAN_POINT('',(-3.,33.,-2.49999999999999));
#3034=CARTESIAN_POINT('Origin',(-3.,33.,-1.49999999999998));
#3035=CARTESIAN_POINT('',(-3.,33.,-2.99999999999998));
#3036=CARTESIAN_POINT('',(-3.,33.,-2.99999999999998));
#3037=CARTESIAN_POINT('',(-3.,30.5,-2.99999999999998));
#3038=CARTESIAN_POINT('',(-3.,30.5,-2.99999999999998));
#3039=CARTESIAN_POINT('',(-3.,30.5,-1.5));
#3040=CARTESIAN_POINT('',(-3.,30.5,0.));
#3041=CARTESIAN_POINT('',(-3.,-6.25,-1.5));
#3042=CARTESIAN_POINT('Origin',(-5.,-12.0710678118655,0.));
#3043=CARTESIAN_POINT('',(-6.41421356237309,-10.6568542494924,-1.5));
#3044=CARTESIAN_POINT('',(-3.,-12.0710678118655,-1.5));
#3045=CARTESIAN_POINT('Origin',(-5.,-12.0710678118655,-1.5));
#3046=CARTESIAN_POINT('',(-3.,-12.0710678118655,0.));
#3047=CARTESIAN_POINT('',(-6.41421356237309,-10.6568542494924,0.));
#3048=CARTESIAN_POINT('Origin',(-3.,-18.5,0.));
#3049=CARTESIAN_POINT('',(-3.,-12.5,-1.5));
#3050=CARTESIAN_POINT('',(-3.,-6.25,-1.5));
#3051=CARTESIAN_POINT('',(-3.,-12.5,-1.25));
#3052=CARTESIAN_POINT('Origin',(5.,-12.0710678118655,0.));
#3053=CARTESIAN_POINT('',(3.,-12.0710678118655,-1.5));
#3054=CARTESIAN_POINT('',(3.,-12.0710678118655,0.));
#3055=CARTESIAN_POINT('',(6.4142135623731,-10.6568542494924,-1.5));
#3056=CARTESIAN_POINT('Origin',(5.,-12.0710678118655,-1.5));
#3057=CARTESIAN_POINT('',(6.4142135623731,-10.6568542494924,0.));
#3058=CARTESIAN_POINT('Origin',(3.,30.5,0.));
#3059=CARTESIAN_POINT('',(3.,-12.5,-1.5));
#3060=CARTESIAN_POINT('',(3.,-12.5,-1.25));
#3061=CARTESIAN_POINT('',(3.,18.25,-1.5));
#3062=CARTESIAN_POINT('Origin',(7.,-12.5,-1.25));
#3063=CARTESIAN_POINT('',(6.75,-16.4921798556678,-1.5));
#3064=CARTESIAN_POINT('Origin',(7.,-12.5,-1.5));
#3065=CARTESIAN_POINT('',(7.,-16.5,-1.53175416344815));
#3066=CARTESIAN_POINT('',(7.,-16.5,-1.25));
#3067=CARTESIAN_POINT('Ctrl Pts',(6.99999999999958,-16.5,-1.53175416344804));
#3068=CARTESIAN_POINT('Ctrl Pts',(6.91666291846263,-16.5,-1.51023662152047));
#3069=CARTESIAN_POINT('Ctrl Pts',(6.83149575828479,-16.4972833180137,-1.5));
#3070=CARTESIAN_POINT('Ctrl Pts',(6.75,-16.4921798556678,-1.5));
#3071=CARTESIAN_POINT('Origin',(6.375,-16.5,-2.5));
#3072=CARTESIAN_POINT('',(9.75,-16.5,-5.00000000000001));
#3073=CARTESIAN_POINT('',(9.75,-16.5,0.));
#3074=CARTESIAN_POINT('',(7.75,-16.5,-5.));
#3075=CARTESIAN_POINT('',(9.75,-16.5,-5.00000000000001));
#3076=CARTESIAN_POINT('',(7.75,-16.5,-2.5));
#3077=CARTESIAN_POINT('',(7.75,-16.5,-5.));
#3078=CARTESIAN_POINT('Origin',(6.75,-16.5,-2.5));
#3079=CARTESIAN_POINT('Origin',(-7.,-12.5,-1.25));
#3080=CARTESIAN_POINT('',(-7.,-16.5,-1.53175416344815));
#3081=CARTESIAN_POINT('',(-6.75,-16.4921798556678,-1.5));
#3082=CARTESIAN_POINT('Ctrl Pts',(-6.75,-16.4921798556678,-1.5));
#3083=CARTESIAN_POINT('Ctrl Pts',(-6.83149575828479,-16.4972833180137,-1.5));
#3084=CARTESIAN_POINT('Ctrl Pts',(-6.91666291846262,-16.5,-1.51023662152047));
#3085=CARTESIAN_POINT('Ctrl Pts',(-6.99999999999957,-16.5,-1.53175416344804));
#3086=CARTESIAN_POINT('',(-7.,-16.5,-1.25));
#3087=CARTESIAN_POINT('Origin',(-7.,-12.5,-1.5));
#3088=CARTESIAN_POINT('Origin',(-6.375,-16.5,-2.5));
#3089=CARTESIAN_POINT('',(-7.75,-16.5,-2.5));
#3090=CARTESIAN_POINT('Origin',(-6.75,-16.5,-2.5));
#3091=CARTESIAN_POINT('',(-7.75,-16.5,-5.));
#3092=CARTESIAN_POINT('',(-7.75,-16.5,-5.));
#3093=CARTESIAN_POINT('',(-9.75,-16.5,-5.00000000000001));
#3094=CARTESIAN_POINT('',(-9.75,-16.5,-5.00000000000001));
#3095=CARTESIAN_POINT('',(-9.75,-16.5,0.));
#3096=CARTESIAN_POINT('Origin',(6.75,-9.25000000000001,-2.5));
#3097=CARTESIAN_POINT('',(7.75,-9.25000000000001,-2.5));
#3098=CARTESIAN_POINT('',(6.75,-9.25000000000001,-1.5));
#3099=CARTESIAN_POINT('Origin',(7.75,-18.5,-5.));
#3100=CARTESIAN_POINT('',(7.75,-18.5,-5.));
#3101=CARTESIAN_POINT('Origin',(-6.75,-9.25000000000001,-2.5));
#3102=CARTESIAN_POINT('',(-6.75,-18.5,-1.5));
#3103=CARTESIAN_POINT('',(-6.75,-9.25000000000001,-1.5));
#3104=CARTESIAN_POINT('',(-7.75,-18.5,-2.5));
#3105=CARTESIAN_POINT('Origin',(-6.75,-18.5,-2.5));
#3106=CARTESIAN_POINT('',(-7.75,-9.25000000000001,-2.5));
#3107=CARTESIAN_POINT('Origin',(0.,0.,-1.5));
#3108=CARTESIAN_POINT('',(-7.75,-18.5,-1.5));
#3109=CARTESIAN_POINT('',(-7.77867965644035,-12.0213203435596,-1.5));
#3110=CARTESIAN_POINT('',(0.,-4.24264068711929,-1.5));
#3111=CARTESIAN_POINT('',(-10.0665518484045,-12.8953731790535,-1.5));
#3112=CARTESIAN_POINT('Origin',(-9.9,-9.9,-1.5));
#3113=CARTESIAN_POINT('',(-10.0665518484045,-12.8953731790535,-1.5));
#3114=CARTESIAN_POINT('',(-12.8953731790535,-10.0665518484045,-1.5));
#3115=CARTESIAN_POINT('',(-12.8953731790535,-10.0665518484045,-1.5));
#3116=CARTESIAN_POINT('',(-12.0213203435596,-7.77867965644036,-1.5));
#3117=CARTESIAN_POINT('Origin',(-9.9,-9.9,-1.5));
#3118=CARTESIAN_POINT('',(-9.,-4.75735931288071,-1.5));
#3119=CARTESIAN_POINT('',(-4.24264068711929,1.11022302462516E-15,-1.5));
#3120=CARTESIAN_POINT('',(-9.,-5.,-1.5));
#3121=CARTESIAN_POINT('',(-9.,0.,-1.5));
#3122=CARTESIAN_POINT('',(-8.,-5.,-1.5));
#3123=CARTESIAN_POINT('',(0.,-5.,-1.5));
#3124=CARTESIAN_POINT('',(-8.,5.,-1.5));
#3125=CARTESIAN_POINT('',(-8.,0.,-1.5));
#3126=CARTESIAN_POINT('',(-9.,5.,-1.5));
#3127=CARTESIAN_POINT('',(0.,5.,-1.5));
#3128=CARTESIAN_POINT('',(-9.,4.75735931288071,-1.5));
#3129=CARTESIAN_POINT('',(-9.,0.,-1.5));
#3130=CARTESIAN_POINT('',(-12.0213203435596,7.77867965644036,-1.5));
#3131=CARTESIAN_POINT('',(-4.24264068711929,-1.11022302462516E-15,-1.5));
#3132=CARTESIAN_POINT('',(-12.8953731790535,10.0665518484045,-1.5));
#3133=CARTESIAN_POINT('Origin',(-9.9,9.9,-1.5));
#3134=CARTESIAN_POINT('',(-12.8953731790535,10.0665518484045,-1.5));
#3135=CARTESIAN_POINT('',(-10.0665518484045,12.8953731790535,-1.5));
#3136=CARTESIAN_POINT('',(-10.0665518484045,12.8953731790535,-1.5));
#3137=CARTESIAN_POINT('',(-7.77867965644036,12.0213203435596,-1.5));
#3138=CARTESIAN_POINT('Origin',(-9.9,9.9,-1.5));
#3139=CARTESIAN_POINT('',(0.,4.24264068711929,-1.5));
#3140=CARTESIAN_POINT('',(-1.5,30.5,-1.5));
#3141=CARTESIAN_POINT('',(7.77867965644036,12.0213203435596,-1.5));
#3142=CARTESIAN_POINT('',(0.,4.24264068711929,-1.5));
#3143=CARTESIAN_POINT('',(10.0665518484045,12.8953731790535,-1.5));
#3144=CARTESIAN_POINT('Origin',(9.9,9.9,-1.5));
#3145=CARTESIAN_POINT('',(10.0665518484045,12.8953731790535,-1.5));
#3146=CARTESIAN_POINT('',(12.8953731790535,10.0665518484045,-1.5));
#3147=CARTESIAN_POINT('',(12.8953731790535,10.0665518484045,-1.5));
#3148=CARTESIAN_POINT('',(12.0213203435596,7.77867965644036,-1.5));
#3149=CARTESIAN_POINT('Origin',(9.9,9.9,-1.5));
#3150=CARTESIAN_POINT('',(9.,4.75735931288071,-1.5));
#3151=CARTESIAN_POINT('',(4.24264068711929,-1.11022302462516E-15,-1.5));
#3152=CARTESIAN_POINT('',(9.,5.,-1.5));
#3153=CARTESIAN_POINT('',(9.,0.,-1.5));
#3154=CARTESIAN_POINT('',(8.,5.,-1.5));
#3155=CARTESIAN_POINT('',(0.,5.,-1.5));
#3156=CARTESIAN_POINT('',(8.,-5.,-1.5));
#3157=CARTESIAN_POINT('',(8.,0.,-1.5));
#3158=CARTESIAN_POINT('',(9.,-5.,-1.5));
#3159=CARTESIAN_POINT('',(0.,-5.,-1.5));
#3160=CARTESIAN_POINT('',(9.,-4.75735931288071,-1.5));
#3161=CARTESIAN_POINT('',(9.,0.,-1.5));
#3162=CARTESIAN_POINT('',(12.0213203435596,-7.77867965644036,-1.5));
#3163=CARTESIAN_POINT('',(4.24264068711929,1.11022302462516E-15,-1.5));
#3164=CARTESIAN_POINT('',(12.8953731790535,-10.0665518484045,-1.5));
#3165=CARTESIAN_POINT('Origin',(9.9,-9.9,-1.5));
#3166=CARTESIAN_POINT('',(12.8953731790535,-10.0665518484045,-1.5));
#3167=CARTESIAN_POINT('',(10.0665518484045,-12.8953731790535,-1.5));
#3168=CARTESIAN_POINT('',(10.0665518484045,-12.8953731790535,-1.5));
#3169=CARTESIAN_POINT('',(7.77867965644036,-12.0213203435596,-1.5));
#3170=CARTESIAN_POINT('Origin',(9.9,-9.9,-1.5));
#3171=CARTESIAN_POINT('',(0.,-4.24264068711929,-1.5));
#3172=CARTESIAN_POINT('',(7.65,9.9,-1.5));
#3173=CARTESIAN_POINT('Origin',(9.9,9.9,-1.5));
#3174=CARTESIAN_POINT('',(7.65,-9.9,-1.5));
#3175=CARTESIAN_POINT('Origin',(9.9,-9.9,-1.5));
#3176=CARTESIAN_POINT('',(-12.15,-9.9,-1.5));
#3177=CARTESIAN_POINT('Origin',(-9.9,-9.9,-1.5));
#3178=CARTESIAN_POINT('',(-12.15,9.9,-1.5));
#3179=CARTESIAN_POINT('Origin',(-9.9,9.9,-1.5));
#3180=CARTESIAN_POINT('Origin',(-7.75,-18.5,-5.));
#3181=CARTESIAN_POINT('',(-9.75,-18.5,-5.00000000000001));
#3182=CARTESIAN_POINT('',(-7.75,-18.5,-5.));
#3183=CARTESIAN_POINT('',(-9.75,-18.5,-5.00000000000001));
#3184=CARTESIAN_POINT('',(-9.75,-18.5,-5.00000000000001));
#3185=CARTESIAN_POINT('',(-7.75,-18.5,-5.));
#3186=CARTESIAN_POINT('Origin',(-7.75,-18.5,-1.5));
#3187=CARTESIAN_POINT('',(-7.75,-18.5,-5.));
#3188=CARTESIAN_POINT('Origin',(-9.75,-18.5,-5.00000000000001));
#3189=CARTESIAN_POINT('',(-9.75,-18.5,0.));
#3190=CARTESIAN_POINT('Origin',(9.75,-18.5,-5.00000000000001));
#3191=CARTESIAN_POINT('',(9.75,-18.5,-5.00000000000001));
#3192=CARTESIAN_POINT('Origin',(9.75,-18.5,0.));
#3193=CARTESIAN_POINT('Origin',(-17.6776695296637,2.53732984231261E-16,
-13.5));
#3194=CARTESIAN_POINT('',(-9.,2.53732984231261E-16,-9.5));
#3195=CARTESIAN_POINT('',(-9.,2.00000002980232,-7.00132356259489));
#3196=CARTESIAN_POINT('Origin',(-9.,2.53732984231261E-16,-7.00132356259489));
#3197=CARTESIAN_POINT('Origin',(-9.,2.53732984231261E-16,-7.00132356259489));
#3198=CARTESIAN_POINT('',(-16.0765988862439,2.00000002980232,-12.3009637807195));
#3199=CARTESIAN_POINT('',(-17.6776695296637,2.00000002980232,-13.5));
#3200=CARTESIAN_POINT('',(-15.6773907839967,-1.60072242124057,-13.4999999984893));
#3201=CARTESIAN_POINT('Ctrl Pts',(-15.6773907839967,-1.60072242124057,-13.4999999969786));
#3202=CARTESIAN_POINT('Ctrl Pts',(-15.6773907842194,-1.68914066092546,-13.3525293394873));
#3203=CARTESIAN_POINT('Ctrl Pts',(-15.6940487442179,-1.76910031942467,-13.196918031386));
#3204=CARTESIAN_POINT('Ctrl Pts',(-15.7612375664339,-1.88636850233438,-12.9116020513813));
#3205=CARTESIAN_POINT('Ctrl Pts',(-15.8057803714765,-1.92869190966809,-12.7815290823414));
#3206=CARTESIAN_POINT('Ctrl Pts',(-15.9221186346527,-1.98550396841303,-12.5314205460367));
#3207=CARTESIAN_POINT('Ctrl Pts',(-15.9939062927678,-2.00000002980232,-12.4113830338778));
#3208=CARTESIAN_POINT('Ctrl Pts',(-16.1592914797199,-2.00000002980232,-12.1905445275612));
#3209=CARTESIAN_POINT('Ctrl Pts',(-16.2542819600853,-1.98550396841303,-12.087883528039));
#3210=CARTESIAN_POINT('Ctrl Pts',(-16.461554431782,-1.92869190966809,-11.9058753032576));
#3211=CARTESIAN_POINT('Ctrl Pts',(-16.5738404840252,-1.88636850233439,-11.8265350157137));
#3212=CARTESIAN_POINT('Ctrl Pts',(-16.9219646698379,-1.72620331203384,-11.6288349557025));
#3213=CARTESIAN_POINT('Ctrl Pts',(-17.1701408622032,-1.57352046331557,-11.5521106458439));
#3214=CARTESIAN_POINT('Ctrl Pts',(-17.712567980249,-1.18597156980308,-11.4741527779285));
#3215=CARTESIAN_POINT('Ctrl Pts',(-18.0237797788918,-0.913817640647391,
-11.5125019515532));
#3216=CARTESIAN_POINT('Ctrl Pts',(-18.3993984070967,-0.542345474157388,
-11.6298582309961));
#3217=CARTESIAN_POINT('Ctrl Pts',(-18.5161660889984,-0.418274734477899,
-11.6806291628208));
#3218=CARTESIAN_POINT('Ctrl Pts',(-18.6618337747146,-0.254522685637501,
-11.7577159294569));
#3219=CARTESIAN_POINT('Ctrl Pts',(-18.7076549360635,-0.201347188941808,
-11.7846223419047));
#3220=CARTESIAN_POINT('Ctrl Pts',(-18.7681024349162,-0.128327959302863,
-11.8229072799687));
#3221=CARTESIAN_POINT('Ctrl Pts',(-18.7872161652003,-0.104703973099049,
-11.8355194793943));
#3222=CARTESIAN_POINT('Ctrl Pts',(-18.8139572152371,-0.0699020430932795,
-11.8537686243379));
#3223=CARTESIAN_POINT('Ctrl Pts',(-18.8224082812675,-0.0585444015211346,
-11.8596382663311));
#3224=CARTESIAN_POINT('Ctrl Pts',(-18.8345757262902,-0.0401907940913507,
-11.8682194314579));
#3225=CARTESIAN_POINT('Ctrl Pts',(-18.83847659508,-0.0340207773220843,-11.8709936083679));
#3226=CARTESIAN_POINT('Ctrl Pts',(-18.8439152053096,-0.0233603734018207,
-11.8748873594694));
#3227=CARTESIAN_POINT('Ctrl Pts',(-18.8456261279757,-0.0196068764292633,
-11.876116755678));
#3228=CARTESIAN_POINT('Ctrl Pts',(-18.8485745869267,-0.0110150590041195,
-11.8782420620966));
#3229=CARTESIAN_POINT('Ctrl Pts',(-18.8498119395268,-0.00617640706729686,
-11.8791368869125));
#3230=CARTESIAN_POINT('Ctrl Pts',(-18.8498119395268,0.00617640706729317,
-11.8791368869125));
#3231=CARTESIAN_POINT('Ctrl Pts',(-18.8485745869266,0.0110150590040666,
-11.8782420620965));
#3232=CARTESIAN_POINT('Ctrl Pts',(-18.8456261279756,0.0196068764292112,
-11.8761167556779));
#3233=CARTESIAN_POINT('Ctrl Pts',(-18.8439152053096,0.0233603734018414,
-11.8748873594694));
#3234=CARTESIAN_POINT('Ctrl Pts',(-18.83847659508,0.0340207773221056,-11.870993608368));
#3235=CARTESIAN_POINT('Ctrl Pts',(-18.8345757262902,0.0401907940913363,
-11.8682194314578));
#3236=CARTESIAN_POINT('Ctrl Pts',(-18.8224082812675,0.0585444015211056,
-11.8596382663311));
#3237=CARTESIAN_POINT('Ctrl Pts',(-18.8139572152372,0.0699020430932837,
-11.8537686243379));
#3238=CARTESIAN_POINT('Ctrl Pts',(-18.7872161652003,0.104703973099049,-11.8355194793943));
#3239=CARTESIAN_POINT('Ctrl Pts',(-18.7681024349163,0.128327959302843,-11.8229072799687));
#3240=CARTESIAN_POINT('Ctrl Pts',(-18.7076549360636,0.201347188941776,-11.7846223419047));
#3241=CARTESIAN_POINT('Ctrl Pts',(-18.6618337747146,0.254522685637471,-11.7577159294569));
#3242=CARTESIAN_POINT('Ctrl Pts',(-18.5161660889985,0.418274734477857,-11.6806291628208));
#3243=CARTESIAN_POINT('Ctrl Pts',(-18.3993984070967,0.542345474157341,-11.6298582309961));
#3244=CARTESIAN_POINT('Ctrl Pts',(-18.0237797788919,0.913817640647342,-11.5125019515532));
#3245=CARTESIAN_POINT('Ctrl Pts',(-17.7125679802491,1.18597156980306,-11.4741527779285));
#3246=CARTESIAN_POINT('Ctrl Pts',(-17.1701408622032,1.57352046331556,-11.5521106458439));
#3247=CARTESIAN_POINT('Ctrl Pts',(-16.9219646698379,1.72620331203383,-11.6288349557025));
#3248=CARTESIAN_POINT('Ctrl Pts',(-16.5738404840252,1.88636850233438,-11.8265350157137));
#3249=CARTESIAN_POINT('Ctrl Pts',(-16.461554431782,1.92869190966809,-11.9058753032576));
#3250=CARTESIAN_POINT('Ctrl Pts',(-16.2542819600853,1.98550396841303,-12.087883528039));
#3251=CARTESIAN_POINT('Ctrl Pts',(-16.1592914797199,2.00000002980232,-12.1905445275612));
#3252=CARTESIAN_POINT('Ctrl Pts',(-16.0765988862439,2.00000002980232,-12.3009637807195));
#3253=CARTESIAN_POINT('',(-16.4520736448119,-2.22044604927297E-15,-15.080831992149));
#3254=CARTESIAN_POINT('Ctrl Pts',(-16.4520736448119,-2.22044604927297E-15,
-15.080831992149));
#3255=CARTESIAN_POINT('Ctrl Pts',(-16.4520736448119,-0.00617640706729708,
-15.080831992149));
#3256=CARTESIAN_POINT('Ctrl Pts',(-16.4508668308488,-0.0110150590040654,
-15.0798963891525));
#3257=CARTESIAN_POINT('Ctrl Pts',(-16.4479978118962,-0.0196068764292068,
-15.0776650066643));
#3258=CARTESIAN_POINT('Ctrl Pts',(-16.4463367001354,-0.0233603734017918,
-15.0763690980545));
#3259=CARTESIAN_POINT('Ctrl Pts',(-16.4410700557437,-0.0340207773220544,
-15.0722457213169));
#3260=CARTESIAN_POINT('Ctrl Pts',(-16.4373104118908,-0.0401907940913367,
-15.0692829670337));
#3261=CARTESIAN_POINT('Ctrl Pts',(-16.4256525085683,-0.0585444015211158,
-15.0600214119031));
#3262=CARTESIAN_POINT('Ctrl Pts',(-16.4176422189393,-0.0699020430932711,
-15.0535632020709));
#3263=CARTESIAN_POINT('Ctrl Pts',(-16.3926065127605,-0.104703973099041,
-15.0330369149157));
#3264=CARTESIAN_POINT('Ctrl Pts',(-16.3751260336042,-0.128327959302848,
-15.0182438385558));
#3265=CARTESIAN_POINT('Ctrl Pts',(-16.3213803881249,-0.201347188941792,
-14.9710099292096));
#3266=CARTESIAN_POINT('Ctrl Pts',(-16.2826688275907,-0.254522685637505,
-14.9346100811443));
#3267=CARTESIAN_POINT('Ctrl Pts',(-16.1677115723281,-0.418274734477899,
-14.8165157387108));
#3268=CARTESIAN_POINT('Ctrl Pts',(-16.086138281271,-0.542345474157388,-14.718749807829));
#3269=CARTESIAN_POINT('Ctrl Pts',(-15.8678400964081,-0.91381764064739,-14.3913238579339));
#3270=CARTESIAN_POINT('Ctrl Pts',(-15.7434786683351,-1.18597156980309,-14.1034737616341));
#3271=CARTESIAN_POINT('Ctrl Pts',(-15.6848062152941,-1.47821427289405,-13.694424188131));
#3272=CARTESIAN_POINT('Ctrl Pts',(-15.6773907838471,-1.54134717736039,-13.5990305396011));
#3273=CARTESIAN_POINT('Ctrl Pts',(-15.6773907839967,-1.60072242124057,-13.4999999969786));
#3274=CARTESIAN_POINT('',(-15.6773907839967,1.60072242124057,-13.4999999984893));
#3275=CARTESIAN_POINT('Ctrl Pts',(-15.6773907839967,1.60072242124057,-13.4999999969786));
#3276=CARTESIAN_POINT('Ctrl Pts',(-15.6773907838471,1.54134717736038,-13.5990305396011));
#3277=CARTESIAN_POINT('Ctrl Pts',(-15.6848062152941,1.47821427289404,-13.694424188131));
#3278=CARTESIAN_POINT('Ctrl Pts',(-15.7434786683351,1.18597156980306,-14.1034737616342));
#3279=CARTESIAN_POINT('Ctrl Pts',(-15.8678400964081,0.913817640647345,-14.391323857934));
#3280=CARTESIAN_POINT('Ctrl Pts',(-16.086138281271,0.542345474157345,-14.7187498078291));
#3281=CARTESIAN_POINT('Ctrl Pts',(-16.1677115723281,0.418274734477863,-14.8165157387108));
#3282=CARTESIAN_POINT('Ctrl Pts',(-16.2826688275908,0.254522685637476,-14.9346100811443));
#3283=CARTESIAN_POINT('Ctrl Pts',(-16.321380388125,0.201347188941777,-14.9710099292097));
#3284=CARTESIAN_POINT('Ctrl Pts',(-16.3751260336042,0.128327959302843,-15.0182438385559));
#3285=CARTESIAN_POINT('Ctrl Pts',(-16.3926065127606,0.10470397309903,-15.0330369149157));
#3286=CARTESIAN_POINT('Ctrl Pts',(-16.4176422189393,0.0699020430932692,
-15.0535632020709));
#3287=CARTESIAN_POINT('Ctrl Pts',(-16.4256525085683,0.0585444015211117,
-15.0600214119031));
#3288=CARTESIAN_POINT('Ctrl Pts',(-16.4373104118908,0.040190794091336,-15.0692829670337));
#3289=CARTESIAN_POINT('Ctrl Pts',(-16.4410700557437,0.0340207773220434,
-15.0722457213169));
#3290=CARTESIAN_POINT('Ctrl Pts',(-16.4463367001354,0.0233603734017824,
-15.0763690980545));
#3291=CARTESIAN_POINT('Ctrl Pts',(-16.4479978118962,0.0196068764292261,
-15.0776650066643));
#3292=CARTESIAN_POINT('Ctrl Pts',(-16.4508668308488,0.0110150590040851,
-15.0798963891526));
#3293=CARTESIAN_POINT('Ctrl Pts',(-16.4520736448119,0.00617640706729317,
-15.080831992149));
#3294=CARTESIAN_POINT('Ctrl Pts',(-16.4520736448119,-2.22044604927297E-15,
-15.080831992149));
#3295=CARTESIAN_POINT('Ctrl Pts',(-16.0765988862439,2.00000002980232,-12.3009637807195));
#3296=CARTESIAN_POINT('Ctrl Pts',(-15.9939062927678,2.00000002980232,-12.4113830338778));
#3297=CARTESIAN_POINT('Ctrl Pts',(-15.9221186346527,1.98550396841303,-12.5314205460367));
#3298=CARTESIAN_POINT('Ctrl Pts',(-15.8057803714765,1.92869190966809,-12.7815290823414));
#3299=CARTESIAN_POINT('Ctrl Pts',(-15.7612375664339,1.88636850233438,-12.9116020513813));
#3300=CARTESIAN_POINT('Ctrl Pts',(-15.6940487442179,1.76910031942467,-13.196918031386));
#3301=CARTESIAN_POINT('Ctrl Pts',(-15.6773907842194,1.68914066092546,-13.3525293394873));
#3302=CARTESIAN_POINT('Ctrl Pts',(-15.6773907839967,1.60072242124057,-13.4999999969786));
#3303=CARTESIAN_POINT('Origin',(-9.,0.,-9.5));
#3304=CARTESIAN_POINT('',(-9.,-4.75735931288071,-4.75));
#3305=CARTESIAN_POINT('',(-9.,4.75735931288071,-4.75));
#3306=CARTESIAN_POINT('',(-9.,5.,-9.5));
#3307=CARTESIAN_POINT('',(-9.,5.,0.));
#3308=CARTESIAN_POINT('',(-9.,0.,-9.5));
#3309=CARTESIAN_POINT('',(-9.,-5.,-9.5));
#3310=CARTESIAN_POINT('',(-9.,0.,-9.5));
#3311=CARTESIAN_POINT('',(-9.,-5.,0.));
#3312=CARTESIAN_POINT('Origin',(-17.6776695296637,17.6776695296637,-13.5));
#3313=CARTESIAN_POINT('Origin',(-17.6776695296637,17.6776695296637,-13.5));
#3314=CARTESIAN_POINT('Origin',(-17.6776695296637,-17.6776695296637,-13.5));
#3315=CARTESIAN_POINT('',(-16.2634559672906,-17.6776695296637,-14.9142135623731));
#3316=CARTESIAN_POINT('Origin',(-17.6776695296637,-17.6776695296637,-13.5));
#3317=CARTESIAN_POINT('Origin',(-17.6776695296637,-17.6776695296637,-13.5));
#3318=CARTESIAN_POINT('',(-18.8323700680429,-18.8323700680429,-14.6547005383793));
#3319=CARTESIAN_POINT('Origin',(-17.6776695296637,-17.6776695296637,-13.5));
#3320=CARTESIAN_POINT('Origin',(-17.6776695296637,-17.6776695296637,-13.5));
#3321=CARTESIAN_POINT('',(-15.6773907839967,-17.6776695296637,-13.5));
#3322=CARTESIAN_POINT('',(-15.6773907839967,-17.6776695296637,-13.5));
#3323=CARTESIAN_POINT('Origin',(17.6776695296637,2.53732984231261E-16,-13.5));
#3324=CARTESIAN_POINT('',(9.,2.53732984231261E-16,-9.5));
#3325=CARTESIAN_POINT('',(9.,2.00000002980232,-7.00132356259489));
#3326=CARTESIAN_POINT('Origin',(9.,2.53732984231261E-16,-7.00132356259489));
#3327=CARTESIAN_POINT('Origin',(9.,2.53732984231261E-16,-7.00132356259489));
#3328=CARTESIAN_POINT('',(16.0765988862439,2.00000002980232,-12.3009637807195));
#3329=CARTESIAN_POINT('',(17.6776695296637,2.00000002980232,-13.5));
#3330=CARTESIAN_POINT('',(15.6773907839967,1.60072242124057,-13.4999999984893));
#3331=CARTESIAN_POINT('Ctrl Pts',(15.6773907839967,1.60072242124057,-13.4999999969786));
#3332=CARTESIAN_POINT('Ctrl Pts',(15.6773907842194,1.68914066092546,-13.3525293394873));
#3333=CARTESIAN_POINT('Ctrl Pts',(15.6940487442179,1.76910031942467,-13.196918031386));
#3334=CARTESIAN_POINT('Ctrl Pts',(15.7612375664339,1.88636850233438,-12.9116020513813));
#3335=CARTESIAN_POINT('Ctrl Pts',(15.8057803714765,1.92869190966809,-12.7815290823414));
#3336=CARTESIAN_POINT('Ctrl Pts',(15.9221186346527,1.98550396841303,-12.5314205460367));
#3337=CARTESIAN_POINT('Ctrl Pts',(15.9939062927678,2.00000002980232,-12.4113830338778));
#3338=CARTESIAN_POINT('Ctrl Pts',(16.0765988862439,2.00000002980232,-12.3009637807195));
#3339=CARTESIAN_POINT('',(15.6773907839967,-1.60072242124057,-13.4999999984893));
#3340=CARTESIAN_POINT('Ctrl Pts',(15.6773907839967,-1.60072242124057,-13.4999999969786));
#3341=CARTESIAN_POINT('Ctrl Pts',(15.6773907838471,-1.54134717736039,-13.5990305396011));
#3342=CARTESIAN_POINT('Ctrl Pts',(15.6848062152941,-1.47821427289405,-13.694424188131));
#3343=CARTESIAN_POINT('Ctrl Pts',(15.7434786683351,-1.18597156980308,-14.1034737616341));
#3344=CARTESIAN_POINT('Ctrl Pts',(15.8678400964081,-0.913817640647389,-14.3913238579339));
#3345=CARTESIAN_POINT('Ctrl Pts',(16.086138281271,-0.542345474157386,-14.718749807829));
#3346=CARTESIAN_POINT('Ctrl Pts',(16.1677115723281,-0.418274734477898,-14.8165157387108));
#3347=CARTESIAN_POINT('Ctrl Pts',(16.2826688275907,-0.254522685637504,-14.9346100811443));
#3348=CARTESIAN_POINT('Ctrl Pts',(16.3213803881249,-0.201347188941803,-14.9710099292096));
#3349=CARTESIAN_POINT('Ctrl Pts',(16.3751260336042,-0.12832795930286,-15.0182438385558));
#3350=CARTESIAN_POINT('Ctrl Pts',(16.3926065127605,-0.104703973099029,-15.0330369149157));
#3351=CARTESIAN_POINT('Ctrl Pts',(16.4176422189393,-0.0699020430932576,
-15.0535632020709));
#3352=CARTESIAN_POINT('Ctrl Pts',(16.4256525085683,-0.0585444015211122,
-15.0600214119031));
#3353=CARTESIAN_POINT('Ctrl Pts',(16.4373104118908,-0.040190794091329,-15.0692829670337));
#3354=CARTESIAN_POINT('Ctrl Pts',(16.4410700557437,-0.034020777322107,-15.0722457213169));
#3355=CARTESIAN_POINT('Ctrl Pts',(16.4463367001355,-0.0233603734018437,
-15.0763690980545));
#3356=CARTESIAN_POINT('Ctrl Pts',(16.4479978118963,-0.0196068764292605,
-15.0776650066644));
#3357=CARTESIAN_POINT('Ctrl Pts',(16.4508668308488,-0.0110150590041152,
-15.0798963891526));
#3358=CARTESIAN_POINT('Ctrl Pts',(16.4520736448119,-0.00617640706729687,
-15.0808319921489));
#3359=CARTESIAN_POINT('Ctrl Pts',(16.4520736448119,0.00617640706729317,
-15.0808319921489));
#3360=CARTESIAN_POINT('Ctrl Pts',(16.4508668308488,0.0110150590040862,-15.0798963891526));
#3361=CARTESIAN_POINT('Ctrl Pts',(16.4479978118962,0.0196068764292278,-15.0776650066643));
#3362=CARTESIAN_POINT('Ctrl Pts',(16.4463367001354,0.0233603734017842,-15.0763690980545));
#3363=CARTESIAN_POINT('Ctrl Pts',(16.4410700557437,0.0340207773220456,-15.0722457213169));
#3364=CARTESIAN_POINT('Ctrl Pts',(16.4373104118908,0.0401907940913412,-15.0692829670337));
#3365=CARTESIAN_POINT('Ctrl Pts',(16.4256525085683,0.0585444015211176,-15.0600214119031));
#3366=CARTESIAN_POINT('Ctrl Pts',(16.4176422189393,0.0699020430932811,-15.0535632020709));
#3367=CARTESIAN_POINT('Ctrl Pts',(16.3926065127606,0.104703973099041,-15.0330369149157));
#3368=CARTESIAN_POINT('Ctrl Pts',(16.3751260336042,0.128327959302829,-15.0182438385559));
#3369=CARTESIAN_POINT('Ctrl Pts',(16.3213803881249,0.201347188941764,-14.9710099292097));
#3370=CARTESIAN_POINT('Ctrl Pts',(16.2826688275908,0.25452268563747,-14.9346100811443));
#3371=CARTESIAN_POINT('Ctrl Pts',(16.1677115723281,0.41827473447786,-14.8165157387108));
#3372=CARTESIAN_POINT('Ctrl Pts',(16.086138281271,0.542345474157345,-14.7187498078291));
#3373=CARTESIAN_POINT('Ctrl Pts',(15.8678400964081,0.913817640647345,-14.391323857934));
#3374=CARTESIAN_POINT('Ctrl Pts',(15.7434786683351,1.18597156980306,-14.1034737616342));
#3375=CARTESIAN_POINT('Ctrl Pts',(15.6848062152941,1.47821427289404,-13.694424188131));
#3376=CARTESIAN_POINT('Ctrl Pts',(15.6773907838471,1.54134717736038,-13.5990305396011));
#3377=CARTESIAN_POINT('Ctrl Pts',(15.6773907839967,1.60072242124057,-13.4999999969786));
#3378=CARTESIAN_POINT('',(18.8498119395268,-2.22044604925031E-15,-11.8791368869125));
#3379=CARTESIAN_POINT('Ctrl Pts',(18.8498119395268,-2.22044604925031E-15,
-11.8791368869125));
#3380=CARTESIAN_POINT('Ctrl Pts',(18.8498119395268,-0.00617640706729709,
-11.8791368869125));
#3381=CARTESIAN_POINT('Ctrl Pts',(18.8485745869267,-0.0110150590041197,
-11.8782420620966));
#3382=CARTESIAN_POINT('Ctrl Pts',(18.8456261279757,-0.0196068764292634,
-11.876116755678));
#3383=CARTESIAN_POINT('Ctrl Pts',(18.8439152053096,-0.0233603734018209,
-11.8748873594694));
#3384=CARTESIAN_POINT('Ctrl Pts',(18.83847659508,-0.0340207773220843,-11.8709936083679));
#3385=CARTESIAN_POINT('Ctrl Pts',(18.8345757262902,-0.0401907940913508,
-11.8682194314579));
#3386=CARTESIAN_POINT('Ctrl Pts',(18.8224082812675,-0.0585444015211351,
-11.8596382663311));
#3387=CARTESIAN_POINT('Ctrl Pts',(18.8139572152371,-0.0699020430932804,
-11.8537686243379));
#3388=CARTESIAN_POINT('Ctrl Pts',(18.7872161652003,-0.104703973099052,-11.8355194793943));
#3389=CARTESIAN_POINT('Ctrl Pts',(18.7681024349162,-0.128327959302866,-11.8229072799687));
#3390=CARTESIAN_POINT('Ctrl Pts',(18.7076549360635,-0.201347188941813,-11.7846223419047));
#3391=CARTESIAN_POINT('Ctrl Pts',(18.6618337747146,-0.254522685637498,-11.7577159294569));
#3392=CARTESIAN_POINT('Ctrl Pts',(18.5161660889984,-0.418274734477898,-11.6806291628208));
#3393=CARTESIAN_POINT('Ctrl Pts',(18.3993984070967,-0.542345474157392,-11.6298582309961));
#3394=CARTESIAN_POINT('Ctrl Pts',(18.0237797788918,-0.913817640647396,-11.5125019515532));
#3395=CARTESIAN_POINT('Ctrl Pts',(17.712567980249,-1.18597156980309,-11.4741527779285));
#3396=CARTESIAN_POINT('Ctrl Pts',(17.1701408622032,-1.57352046331557,-11.5521106458439));
#3397=CARTESIAN_POINT('Ctrl Pts',(16.9219646698379,-1.72620331203384,-11.6288349557025));
#3398=CARTESIAN_POINT('Ctrl Pts',(16.5738404840252,-1.88636850233439,-11.8265350157137));
#3399=CARTESIAN_POINT('Ctrl Pts',(16.461554431782,-1.9286919096681,-11.9058753032576));
#3400=CARTESIAN_POINT('Ctrl Pts',(16.2542819600853,-1.98550396841303,-12.087883528039));
#3401=CARTESIAN_POINT('Ctrl Pts',(16.1592914797199,-2.00000002980232,-12.1905445275612));
#3402=CARTESIAN_POINT('Ctrl Pts',(15.9939062927678,-2.00000002980232,-12.4113830338778));
#3403=CARTESIAN_POINT('Ctrl Pts',(15.9221186346527,-1.98550396841303,-12.5314205460367));
#3404=CARTESIAN_POINT('Ctrl Pts',(15.8057803714765,-1.92869190966809,-12.7815290823414));
#3405=CARTESIAN_POINT('Ctrl Pts',(15.7612375664339,-1.88636850233438,-12.9116020513813));
#3406=CARTESIAN_POINT('Ctrl Pts',(15.6940487442179,-1.76910031942467,-13.196918031386));
#3407=CARTESIAN_POINT('Ctrl Pts',(15.6773907842194,-1.68914066092546,-13.3525293394873));
#3408=CARTESIAN_POINT('Ctrl Pts',(15.6773907839967,-1.60072242124057,-13.4999999969786));
#3409=CARTESIAN_POINT('Ctrl Pts',(16.0765988862439,2.00000002980232,-12.3009637807195));
#3410=CARTESIAN_POINT('Ctrl Pts',(16.1592914797199,2.00000002980232,-12.1905445275612));
#3411=CARTESIAN_POINT('Ctrl Pts',(16.2542819600853,1.98550396841303,-12.087883528039));
#3412=CARTESIAN_POINT('Ctrl Pts',(16.461554431782,1.92869190966809,-11.9058753032576));
#3413=CARTESIAN_POINT('Ctrl Pts',(16.5738404840252,1.88636850233438,-11.8265350157137));
#3414=CARTESIAN_POINT('Ctrl Pts',(16.9219646698379,1.72620331203383,-11.6288349557025));
#3415=CARTESIAN_POINT('Ctrl Pts',(17.1701408622032,1.57352046331556,-11.5521106458439));
#3416=CARTESIAN_POINT('Ctrl Pts',(17.7125679802491,1.18597156980306,-11.4741527779285));
#3417=CARTESIAN_POINT('Ctrl Pts',(18.0237797788919,0.913817640647341,-11.5125019515532));
#3418=CARTESIAN_POINT('Ctrl Pts',(18.3993984070967,0.542345474157341,-11.6298582309961));
#3419=CARTESIAN_POINT('Ctrl Pts',(18.5161660889985,0.418274734477858,-11.6806291628208));
#3420=CARTESIAN_POINT('Ctrl Pts',(18.6618337747146,0.254522685637471,-11.7577159294569));
#3421=CARTESIAN_POINT('Ctrl Pts',(18.7076549360636,0.201347188941771,-11.7846223419047));
#3422=CARTESIAN_POINT('Ctrl Pts',(18.7681024349163,0.128327959302836,-11.8229072799687));
#3423=CARTESIAN_POINT('Ctrl Pts',(18.7872161652003,0.104703973099045,-11.8355194793943));
#3424=CARTESIAN_POINT('Ctrl Pts',(18.8139572152372,0.0699020430932845,-11.8537686243379));
#3425=CARTESIAN_POINT('Ctrl Pts',(18.8224082812675,0.0585444015211085,-11.8596382663311));
#3426=CARTESIAN_POINT('Ctrl Pts',(18.8345757262902,0.0401907940913376,-11.8682194314578));
#3427=CARTESIAN_POINT('Ctrl Pts',(18.83847659508,0.0340207773221068,-11.870993608368));
#3428=CARTESIAN_POINT('Ctrl Pts',(18.8439152053096,0.0233603734018425,-11.8748873594694));
#3429=CARTESIAN_POINT('Ctrl Pts',(18.8456261279756,0.0196068764292376,-11.8761167556779));
#3430=CARTESIAN_POINT('Ctrl Pts',(18.8485745869267,0.0110150590040919,-11.8782420620966));
#3431=CARTESIAN_POINT('Ctrl Pts',(18.8498119395268,0.00617640706729317,
-11.8791368869125));
#3432=CARTESIAN_POINT('Ctrl Pts',(18.8498119395268,-2.22044604925031E-15,
-11.8791368869125));
#3433=CARTESIAN_POINT('Origin',(9.,0.,0.));
#3434=CARTESIAN_POINT('',(9.,-5.,-9.5));
#3435=CARTESIAN_POINT('',(9.,-5.,0.));
#3436=CARTESIAN_POINT('',(9.,0.,-9.5));
#3437=CARTESIAN_POINT('',(9.,5.,-9.5));
#3438=CARTESIAN_POINT('',(9.,0.,-9.5));
#3439=CARTESIAN_POINT('',(9.,5.,0.));
#3440=CARTESIAN_POINT('',(9.,4.75735931288071,0.));
#3441=CARTESIAN_POINT('',(9.,-4.75735931288071,0.));
#3442=CARTESIAN_POINT('Origin',(17.6776695296637,17.6776695296637,-13.5));
#3443=CARTESIAN_POINT('Origin',(17.6776695296637,17.6776695296637,-13.5));
#3444=CARTESIAN_POINT('Origin',(17.6776695296637,-17.6776695296637,-13.5));
#3445=CARTESIAN_POINT('',(19.0918830920368,-17.6776695296637,-14.9142135623731));
#3446=CARTESIAN_POINT('Origin',(17.6776695296637,-17.6776695296637,-13.5));
#3447=CARTESIAN_POINT('Origin',(17.6776695296637,-17.6776695296637,-13.5));
#3448=CARTESIAN_POINT('',(16.5229689912844,-18.8323700680429,-14.6547005383793));
#3449=CARTESIAN_POINT('Origin',(17.6776695296637,-17.6776695296637,-13.5));
#3450=CARTESIAN_POINT('Origin',(17.6776695296637,-17.6776695296637,-13.5));
#3451=CARTESIAN_POINT('',(15.6773907839967,-17.6776695296637,-13.5));
#3452=CARTESIAN_POINT('',(15.6773907839967,-17.6776695296637,-13.5));
#3453=CARTESIAN_POINT('Origin',(-1.5,-3.75,-10.75));
#3454=CARTESIAN_POINT('',(-1.5,-2.5,-12.));
#3455=CARTESIAN_POINT('',(-1.5,-5.,-12.));
#3456=CARTESIAN_POINT('',(-1.5,-5.,-12.));
#3457=CARTESIAN_POINT('',(-1.5,-5.,-9.5));
#3458=CARTESIAN_POINT('',(-1.5,-5.,-9.5));
#3459=CARTESIAN_POINT('',(-1.5,-2.50000000000001,-9.5));
#3460=CARTESIAN_POINT('',(-1.5,-1.875,-9.5));
#3461=CARTESIAN_POINT('',(-1.5,-2.5,-11.5));
#3462=CARTESIAN_POINT('Origin',(-1.5,-2.5,-10.5));
#3463=CARTESIAN_POINT('',(-1.5,-2.5,-12.));
#3464=CARTESIAN_POINT('Origin',(0.,-2.5,-10.5));
#3465=CARTESIAN_POINT('',(1.5,-2.50000000000001,-9.5));
#3466=CARTESIAN_POINT('',(0.,-2.5,-9.5));
#3467=CARTESIAN_POINT('',(1.5,-2.5,-11.5));
#3468=CARTESIAN_POINT('Origin',(1.5,-2.5,-10.5));
#3469=CARTESIAN_POINT('',(0.,-2.5,-11.5));
#3470=CARTESIAN_POINT('Origin',(0.,-2.5,-12.));
#3471=CARTESIAN_POINT('',(1.5,-2.5,-12.));
#3472=CARTESIAN_POINT('',(1.5,-2.5,-12.));
#3473=CARTESIAN_POINT('',(0.,-2.5,-12.));
#3474=CARTESIAN_POINT('Origin',(0.,-5.,-12.));
#3475=CARTESIAN_POINT('',(1.5,-5.,-12.));
#3476=CARTESIAN_POINT('',(1.5,-5.,-12.));
#3477=CARTESIAN_POINT('',(0.,-5.,-12.));
#3478=CARTESIAN_POINT('Origin',(1.5,-3.75,-10.75));
#3479=CARTESIAN_POINT('',(1.5,-5.,-9.5));
#3480=CARTESIAN_POINT('',(1.5,-1.875,-9.5));
#3481=CARTESIAN_POINT('',(1.5,-5.,-9.5));
#3482=CARTESIAN_POINT('Origin',(9.,0.,-9.5));
#3483=CARTESIAN_POINT('',(9.,-5.,-9.5));
#3484=CARTESIAN_POINT('',(9.,5.,-9.5));
#3485=CARTESIAN_POINT('',(9.,-5.,-9.5));
#3486=CARTESIAN_POINT('Origin',(0.,33.,-0.499999999999982));
#3487=CARTESIAN_POINT('',(0.,33.,-0.499999999999982));
#3488=CARTESIAN_POINT('Origin',(0.,33.,-1.49999999999998));
#3489=CARTESIAN_POINT('',(0.,33.,-2.49999999999999));
#3490=CARTESIAN_POINT('Origin',(0.,33.,-2.99999999999998));
#3491=CARTESIAN_POINT('',(0.,33.,-2.99999999999998));
#3492=CARTESIAN_POINT('Origin',(0.,30.5,-2.99999999999998));
#3493=CARTESIAN_POINT('',(0.,30.5,-2.99999999999998));
#3494=CARTESIAN_POINT('Origin',(0.,30.5,0.));
#3495=CARTESIAN_POINT('Origin',(3.,-18.5,0.));
#3496=CARTESIAN_POINT('Origin',(-7.77867965644036,12.0213203435596,0.));
#3497=CARTESIAN_POINT('',(-7.77867965644036,12.0213203435596,0.));
#3498=CARTESIAN_POINT('Origin',(7.77867965644036,-12.0213203435596,0.));
#3499=CARTESIAN_POINT('',(7.77867965644036,-12.0213203435596,0.));
#3500=CARTESIAN_POINT('Origin',(0.,-5.,-4.75));
#3501=CARTESIAN_POINT('',(8.,-5.,-8.5));
#3502=CARTESIAN_POINT('',(8.,-5.,-1.5));
#3503=CARTESIAN_POINT('',(-8.,-5.,-8.5));
#3504=CARTESIAN_POINT('',(8.,-5.,-8.5));
#3505=CARTESIAN_POINT('',(-8.,-5.,-1.5));
#3506=CARTESIAN_POINT('Origin',(0.,5.,-4.75));
#3507=CARTESIAN_POINT('',(-8.,5.,-8.5));
#3508=CARTESIAN_POINT('',(-8.,5.,-1.5));
#3509=CARTESIAN_POINT('',(8.,5.,-8.5));
#3510=CARTESIAN_POINT('',(8.,5.,-8.5));
#3511=CARTESIAN_POINT('',(8.,5.,-1.5));
#3512=CARTESIAN_POINT('Origin',(-8.,0.,-8.49999999999689));
#3513=CARTESIAN_POINT('',(8.,0.,-8.5));
#3514=CARTESIAN_POINT('',(-8.,0.,-8.5));
#3515=CARTESIAN_POINT('Origin',(-8.,0.,-1.5));
#3516=CARTESIAN_POINT('Origin',(8.,0.,-8.5));
#3517=CARTESIAN_POINT('Origin',(0.,-4.24264068711929,0.));
#3518=CARTESIAN_POINT('',(-7.77867965644035,-12.0213203435596,0.));
#3519=CARTESIAN_POINT('Origin',(4.24264068711929,1.11022302462516E-15,0.));
#3520=CARTESIAN_POINT('',(12.0213203435596,-7.77867965644036,0.));
#3521=CARTESIAN_POINT('Origin',(-4.24264068711929,-8.32667268468867E-16,
0.));
#3522=CARTESIAN_POINT('',(-12.0213203435596,7.77867965644036,0.));
#3523=CARTESIAN_POINT('Origin',(0.,4.24264068711929,0.));
#3524=CARTESIAN_POINT('',(7.77867965644036,12.0213203435596,0.));
#3525=CARTESIAN_POINT('Origin',(9.9,9.9,-1.));
#3526=CARTESIAN_POINT('',(8.65,9.9,-0.5));
#3527=CARTESIAN_POINT('',(8.15,9.9,-1.));
#3528=CARTESIAN_POINT('Origin',(9.9,9.9,-0.5));
#3529=CARTESIAN_POINT('Origin',(9.9,9.9,0.));
#3530=CARTESIAN_POINT('',(8.65,9.9,0.));
#3531=CARTESIAN_POINT('Origin',(-9.9,9.9,-1.));
#3532=CARTESIAN_POINT('',(-11.15,9.9,-0.5));
#3533=CARTESIAN_POINT('',(-11.65,9.9,-1.));
#3534=CARTESIAN_POINT('Origin',(-9.9,9.9,-0.5));
#3535=CARTESIAN_POINT('Origin',(-9.9,9.9,0.));
#3536=CARTESIAN_POINT('',(-11.15,9.9,0.));
#3537=CARTESIAN_POINT('Origin',(-9.9,-9.9,-1.));
#3538=CARTESIAN_POINT('',(-11.15,-9.9,-0.5));
#3539=CARTESIAN_POINT('',(-11.65,-9.9,-1.));
#3540=CARTESIAN_POINT('Origin',(-9.9,-9.9,-0.5));
#3541=CARTESIAN_POINT('Origin',(-9.9,-9.9,0.));
#3542=CARTESIAN_POINT('',(-11.15,-9.9,0.));
#3543=CARTESIAN_POINT('Origin',(9.9,-9.9,-1.));
#3544=CARTESIAN_POINT('',(8.65,-9.9,-0.5));
#3545=CARTESIAN_POINT('',(8.15,-9.9,-1.));
#3546=CARTESIAN_POINT('Origin',(9.9,-9.9,-0.5));
#3547=CARTESIAN_POINT('Origin',(9.9,-9.9,0.));
#3548=CARTESIAN_POINT('',(8.65,-9.9,0.));
#3549=CARTESIAN_POINT('Origin',(-9.9,-9.9,0.));
#3550=CARTESIAN_POINT('',(-12.0213203435596,-7.77867965644036,0.));
#3551=CARTESIAN_POINT('',(-12.8953731790535,-10.0665518484045,0.));
#3552=CARTESIAN_POINT('Origin',(-19.0920801949882,-16.2632588643392,0.));
#3553=CARTESIAN_POINT('Origin',(-10.0665518484045,-12.8953731790535,0.));
#3554=CARTESIAN_POINT('',(-10.0665518484045,-12.8953731790535,0.));
#3555=CARTESIAN_POINT('Origin',(-9.9,-9.9,0.));
#3556=CARTESIAN_POINT('Origin',(9.9,-9.9,0.));
#3557=CARTESIAN_POINT('',(10.0665518484045,-12.8953731790535,0.));
#3558=CARTESIAN_POINT('Origin',(16.2632588643392,-19.0920801949882,0.));
#3559=CARTESIAN_POINT('Origin',(12.8953731790535,-10.0665518484045,0.));
#3560=CARTESIAN_POINT('',(12.8953731790535,-10.0665518484045,0.));
#3561=CARTESIAN_POINT('Origin',(9.9,-9.9,0.));
#3562=CARTESIAN_POINT('Origin',(12.0213203435596,7.77867965644036,0.));
#3563=CARTESIAN_POINT('',(12.0213203435596,7.77867965644036,0.));
#3564=CARTESIAN_POINT('Origin',(9.9,9.9,0.));
#3565=CARTESIAN_POINT('',(12.8953731790535,10.0665518484045,0.));
#3566=CARTESIAN_POINT('Origin',(19.0920801949882,16.2632588643392,0.));
#3567=CARTESIAN_POINT('Origin',(10.0665518484045,12.8953731790535,0.));
#3568=CARTESIAN_POINT('',(10.0665518484045,12.8953731790535,0.));
#3569=CARTESIAN_POINT('Origin',(9.9,9.9,0.));
#3570=CARTESIAN_POINT('Origin',(-9.9,9.9,0.));
#3571=CARTESIAN_POINT('',(-10.0665518484045,12.8953731790535,0.));
#3572=CARTESIAN_POINT('Origin',(-16.2632588643392,19.0920801949882,0.));
#3573=CARTESIAN_POINT('Origin',(-12.8953731790535,10.0665518484045,0.));
#3574=CARTESIAN_POINT('',(-12.8953731790535,10.0665518484045,0.));
#3575=CARTESIAN_POINT('Origin',(-9.9,9.9,0.));
#3576=CARTESIAN_POINT('Origin',(-12.0213203435596,-7.77867965644036,0.));
#3577=UNCERTAINTY_MEASURE_WITH_UNIT(LENGTH_MEASURE(0.01),#3581,
'DISTANCE_ACCURACY_VALUE',
'Maximum model space distance between geometric entities at asserted c
onnectivities');
#3578=UNCERTAINTY_MEASURE_WITH_UNIT(LENGTH_MEASURE(0.01),#3581,
'DISTANCE_ACCURACY_VALUE',
'Maximum model space distance between geometric entities at asserted c
onnectivities');
#3579=(
GEOMETRIC_REPRESENTATION_CONTEXT(3)
GLOBAL_UNCERTAINTY_ASSIGNED_CONTEXT((#3577))
GLOBAL_UNIT_ASSIGNED_CONTEXT((#3581,#3583,#3584))
REPRESENTATION_CONTEXT('','3D')
);
#3580=(
GEOMETRIC_REPRESENTATION_CONTEXT(3)
GLOBAL_UNCERTAINTY_ASSIGNED_CONTEXT((#3578))
GLOBAL_UNIT_ASSIGNED_CONTEXT((#3581,#3583,#3584))
REPRESENTATION_CONTEXT('','3D')
);
#3581=(
LENGTH_UNIT()
NAMED_UNIT(*)
SI_UNIT(.MILLI.,.METRE.)
);
#3582=(
LENGTH_UNIT()
NAMED_UNIT(*)
SI_UNIT($,.METRE.)
);
#3583=(
NAMED_UNIT(*)
PLANE_ANGLE_UNIT()
SI_UNIT($,.RADIAN.)
);
#3584=(
NAMED_UNIT(*)
SI_UNIT($,.STERADIAN.)
SOLID_ANGLE_UNIT()
);
#3585=SHAPE_DEFINITION_REPRESENTATION(#3586,#3587);
#3586=PRODUCT_DEFINITION_SHAPE('',$,#3589);
#3587=SHAPE_REPRESENTATION('',(#1985),#3579);
#3588=PRODUCT_DEFINITION_CONTEXT('part definition',#3593,'design');
#3589=PRODUCT_DEFINITION('battery_holder','battery_holder v27',#3590,#3588);
#3590=PRODUCT_DEFINITION_FORMATION('',$,#3595);
#3591=PRODUCT_RELATED_PRODUCT_CATEGORY('battery_holder v27',
'battery_holder v27',(#3595));
#3592=APPLICATION_PROTOCOL_DEFINITION('international standard',
'automotive_design',2009,#3593);
#3593=APPLICATION_CONTEXT(
'Core Data for Automotive Mechanical Design Process');
#3594=PRODUCT_CONTEXT('part definition',#3593,'mechanical');
#3595=PRODUCT('battery_holder','battery_holder v27',$,(#3594));
#3596=PRESENTATION_STYLE_ASSIGNMENT((#3597));
#3597=SURFACE_STYLE_USAGE(.BOTH.,#3598);
#3598=SURFACE_SIDE_STYLE('',(#3599));
#3599=SURFACE_STYLE_FILL_AREA(#3600);
#3600=FILL_AREA_STYLE('Steel - Satin',(#3601));
#3601=FILL_AREA_STYLE_COLOUR('Steel - Satin',#3602);
#3602=COLOUR_RGB('Steel - Satin',0.627450980392157,0.627450980392157,0.627450980392157);
ENDSEC;
END-ISO-10303-21;
