ISO-10303-21;
HEADER;
/* Generated by software containing ST-Developer
 * from STEP Tools, Inc. (www.steptools.com) 
 */

FILE_DESCRIPTION(
/* description */ (''),
/* implementation_level */ '2;1');

FILE_NAME(
/* name */ 'esp_holder.step',
/* time_stamp */ '2026-04-29T17:20:06+08:00',
/* author */ (''),
/* organization */ (''),
/* preprocessor_version */ 'ST-DEVELOPER v20.1',
/* originating_system */ 'Autodesk Translation Framework v15.8.0.0',
/* authorisation */ '');

FILE_SCHEMA (('AUTOMOTIVE_DESIGN { 1 0 10303 214 3 1 1 }'));
ENDSEC;

DATA;
#10=MECHANICAL_DESIGN_GEOMETRIC_PRESENTATION_REPRESENTATION('',(#13),#3456);
#11=SHAPE_REPRESENTATION_RELATIONSHIP('SRR','None',#3463,#12);
#12=ADVANCED_BREP_SHAPE_REPRESENTATION('',(#14),#3455);
#13=STYLED_ITEM('',(#3472),#14);
#14=MANIFOLD_SOLID_BREP('Body1',#2022);
#15=FACE_BOUND('',#256,.T.);
#16=FACE_BOUND('',#257,.T.);
#17=FACE_BOUND('',#258,.T.);
#18=FACE_BOUND('',#259,.T.);
#19=FACE_BOUND('',#260,.T.);
#20=FACE_BOUND('',#261,.T.);
#21=FACE_BOUND('',#262,.T.);
#22=FACE_BOUND('',#263,.T.);
#23=FACE_BOUND('',#264,.T.);
#24=FACE_BOUND('',#265,.T.);
#25=FACE_BOUND('',#266,.T.);
#26=FACE_BOUND('',#267,.T.);
#27=FACE_BOUND('',#268,.T.);
#28=FACE_BOUND('',#269,.T.);
#29=FACE_BOUND('',#270,.T.);
#30=FACE_BOUND('',#271,.T.);
#31=FACE_BOUND('',#272,.T.);
#32=FACE_BOUND('',#273,.T.);
#33=FACE_BOUND('',#274,.T.);
#34=FACE_BOUND('',#275,.T.);
#35=FACE_BOUND('',#276,.T.);
#36=FACE_BOUND('',#277,.T.);
#37=FACE_BOUND('',#278,.T.);
#38=FACE_BOUND('',#279,.T.);
#39=FACE_BOUND('',#280,.T.);
#40=FACE_BOUND('',#281,.T.);
#41=FACE_BOUND('',#282,.T.);
#42=FACE_BOUND('',#283,.T.);
#43=FACE_BOUND('',#284,.T.);
#44=FACE_BOUND('',#285,.T.);
#45=FACE_BOUND('',#286,.T.);
#46=FACE_BOUND('',#287,.T.);
#47=FACE_BOUND('',#288,.T.);
#48=FACE_BOUND('',#289,.T.);
#49=FACE_BOUND('',#296,.T.);
#50=FACE_BOUND('',#297,.T.);
#51=FACE_BOUND('',#298,.T.);
#52=FACE_BOUND('',#299,.T.);
#53=FACE_BOUND('',#300,.T.);
#54=FACE_BOUND('',#301,.T.);
#55=FACE_BOUND('',#302,.T.);
#56=FACE_BOUND('',#303,.T.);
#57=FACE_BOUND('',#304,.T.);
#58=FACE_BOUND('',#305,.T.);
#59=FACE_BOUND('',#306,.T.);
#60=FACE_BOUND('',#307,.T.);
#61=FACE_BOUND('',#308,.T.);
#62=FACE_BOUND('',#309,.T.);
#63=FACE_BOUND('',#310,.T.);
#64=FACE_BOUND('',#311,.T.);
#65=FACE_BOUND('',#312,.T.);
#66=FACE_BOUND('',#313,.T.);
#67=FACE_BOUND('',#314,.T.);
#68=FACE_BOUND('',#315,.T.);
#69=FACE_BOUND('',#316,.T.);
#70=FACE_BOUND('',#317,.T.);
#71=FACE_BOUND('',#318,.T.);
#72=FACE_BOUND('',#319,.T.);
#73=FACE_BOUND('',#320,.T.);
#74=FACE_BOUND('',#321,.T.);
#75=FACE_BOUND('',#322,.T.);
#76=FACE_BOUND('',#323,.T.);
#77=FACE_BOUND('',#324,.T.);
#78=FACE_BOUND('',#325,.T.);
#79=FACE_BOUND('',#326,.T.);
#80=FACE_BOUND('',#327,.T.);
#81=FACE_BOUND('',#328,.T.);
#82=FACE_BOUND('',#329,.T.);
#83=FACE_BOUND('',#330,.T.);
#84=FACE_BOUND('',#331,.T.);
#85=FACE_BOUND('',#332,.T.);
#86=FACE_BOUND('',#333,.T.);
#87=FACE_BOUND('',#378,.T.);
#88=FACE_BOUND('',#380,.T.);
#89=FACE_BOUND('',#382,.T.);
#90=FACE_BOUND('',#384,.T.);
#91=PLANE('',#2138);
#92=PLANE('',#2139);
#93=PLANE('',#2171);
#94=PLANE('',#2176);
#95=PLANE('',#2177);
#96=PLANE('',#2207);
#97=PLANE('',#2209);
#98=PLANE('',#2211);
#99=PLANE('',#2213);
#100=PLANE('',#2215);
#101=PLANE('',#2217);
#102=PLANE('',#2219);
#103=PLANE('',#2221);
#104=PLANE('',#2223);
#105=PLANE('',#2225);
#106=PLANE('',#2227);
#107=PLANE('',#2230);
#108=PLANE('',#2232);
#109=PLANE('',#2234);
#110=PLANE('',#2237);
#111=PLANE('',#2240);
#112=PLANE('',#2242);
#113=PLANE('',#2243);
#114=PLANE('',#2244);
#115=PLANE('',#2245);
#116=PLANE('',#2246);
#117=PLANE('',#2247);
#118=PLANE('',#2248);
#119=PLANE('',#2249);
#120=PLANE('',#2252);
#121=PLANE('',#2255);
#122=PLANE('',#2258);
#123=FACE_OUTER_BOUND('',#220,.T.);
#124=FACE_OUTER_BOUND('',#221,.T.);
#125=FACE_OUTER_BOUND('',#222,.T.);
#126=FACE_OUTER_BOUND('',#223,.T.);
#127=FACE_OUTER_BOUND('',#224,.T.);
#128=FACE_OUTER_BOUND('',#225,.T.);
#129=FACE_OUTER_BOUND('',#226,.T.);
#130=FACE_OUTER_BOUND('',#227,.T.);
#131=FACE_OUTER_BOUND('',#228,.T.);
#132=FACE_OUTER_BOUND('',#229,.T.);
#133=FACE_OUTER_BOUND('',#230,.T.);
#134=FACE_OUTER_BOUND('',#231,.T.);
#135=FACE_OUTER_BOUND('',#232,.T.);
#136=FACE_OUTER_BOUND('',#233,.T.);
#137=FACE_OUTER_BOUND('',#234,.T.);
#138=FACE_OUTER_BOUND('',#235,.T.);
#139=FACE_OUTER_BOUND('',#236,.T.);
#140=FACE_OUTER_BOUND('',#237,.T.);
#141=FACE_OUTER_BOUND('',#238,.T.);
#142=FACE_OUTER_BOUND('',#239,.T.);
#143=FACE_OUTER_BOUND('',#240,.T.);
#144=FACE_OUTER_BOUND('',#241,.T.);
#145=FACE_OUTER_BOUND('',#242,.T.);
#146=FACE_OUTER_BOUND('',#243,.T.);
#147=FACE_OUTER_BOUND('',#244,.T.);
#148=FACE_OUTER_BOUND('',#245,.T.);
#149=FACE_OUTER_BOUND('',#246,.T.);
#150=FACE_OUTER_BOUND('',#247,.T.);
#151=FACE_OUTER_BOUND('',#248,.T.);
#152=FACE_OUTER_BOUND('',#249,.T.);
#153=FACE_OUTER_BOUND('',#250,.T.);
#154=FACE_OUTER_BOUND('',#251,.T.);
#155=FACE_OUTER_BOUND('',#252,.T.);
#156=FACE_OUTER_BOUND('',#253,.T.);
#157=FACE_OUTER_BOUND('',#254,.T.);
#158=FACE_OUTER_BOUND('',#255,.T.);
#159=FACE_OUTER_BOUND('',#290,.T.);
#160=FACE_OUTER_BOUND('',#291,.T.);
#161=FACE_OUTER_BOUND('',#292,.T.);
#162=FACE_OUTER_BOUND('',#293,.T.);
#163=FACE_OUTER_BOUND('',#294,.T.);
#164=FACE_OUTER_BOUND('',#295,.T.);
#165=FACE_OUTER_BOUND('',#334,.T.);
#166=FACE_OUTER_BOUND('',#335,.T.);
#167=FACE_OUTER_BOUND('',#336,.T.);
#168=FACE_OUTER_BOUND('',#337,.T.);
#169=FACE_OUTER_BOUND('',#338,.T.);
#170=FACE_OUTER_BOUND('',#339,.T.);
#171=FACE_OUTER_BOUND('',#340,.T.);
#172=FACE_OUTER_BOUND('',#341,.T.);
#173=FACE_OUTER_BOUND('',#342,.T.);
#174=FACE_OUTER_BOUND('',#343,.T.);
#175=FACE_OUTER_BOUND('',#344,.T.);
#176=FACE_OUTER_BOUND('',#345,.T.);
#177=FACE_OUTER_BOUND('',#346,.T.);
#178=FACE_OUTER_BOUND('',#347,.T.);
#179=FACE_OUTER_BOUND('',#348,.T.);
#180=FACE_OUTER_BOUND('',#349,.T.);
#181=FACE_OUTER_BOUND('',#350,.T.);
#182=FACE_OUTER_BOUND('',#351,.T.);
#183=FACE_OUTER_BOUND('',#352,.T.);
#184=FACE_OUTER_BOUND('',#353,.T.);
#185=FACE_OUTER_BOUND('',#354,.T.);
#186=FACE_OUTER_BOUND('',#355,.T.);
#187=FACE_OUTER_BOUND('',#356,.T.);
#188=FACE_OUTER_BOUND('',#357,.T.);
#189=FACE_OUTER_BOUND('',#358,.T.);
#190=FACE_OUTER_BOUND('',#359,.T.);
#191=FACE_OUTER_BOUND('',#360,.T.);
#192=FACE_OUTER_BOUND('',#361,.T.);
#193=FACE_OUTER_BOUND('',#362,.T.);
#194=FACE_OUTER_BOUND('',#363,.T.);
#195=FACE_OUTER_BOUND('',#364,.T.);
#196=FACE_OUTER_BOUND('',#365,.T.);
#197=FACE_OUTER_BOUND('',#366,.T.);
#198=FACE_OUTER_BOUND('',#367,.T.);
#199=FACE_OUTER_BOUND('',#368,.T.);
#200=FACE_OUTER_BOUND('',#369,.T.);
#201=FACE_OUTER_BOUND('',#370,.T.);
#202=FACE_OUTER_BOUND('',#371,.T.);
#203=FACE_OUTER_BOUND('',#372,.T.);
#204=FACE_OUTER_BOUND('',#373,.T.);
#205=FACE_OUTER_BOUND('',#374,.T.);
#206=FACE_OUTER_BOUND('',#375,.T.);
#207=FACE_OUTER_BOUND('',#376,.T.);
#208=FACE_OUTER_BOUND('',#377,.T.);
#209=FACE_OUTER_BOUND('',#379,.T.);
#210=FACE_OUTER_BOUND('',#381,.T.);
#211=FACE_OUTER_BOUND('',#383,.T.);
#212=FACE_OUTER_BOUND('',#385,.T.);
#213=FACE_OUTER_BOUND('',#386,.T.);
#214=FACE_OUTER_BOUND('',#387,.T.);
#215=FACE_OUTER_BOUND('',#388,.T.);
#216=FACE_OUTER_BOUND('',#389,.T.);
#217=FACE_OUTER_BOUND('',#390,.T.);
#218=FACE_OUTER_BOUND('',#391,.T.);
#219=FACE_OUTER_BOUND('',#392,.T.);
#220=EDGE_LOOP('',(#1294,#1295,#1296,#1297));
#221=EDGE_LOOP('',(#1298,#1299,#1300,#1301));
#222=EDGE_LOOP('',(#1302,#1303,#1304,#1305));
#223=EDGE_LOOP('',(#1306,#1307,#1308,#1309));
#224=EDGE_LOOP('',(#1310,#1311,#1312,#1313));
#225=EDGE_LOOP('',(#1314,#1315,#1316,#1317));
#226=EDGE_LOOP('',(#1318,#1319,#1320,#1321));
#227=EDGE_LOOP('',(#1322,#1323,#1324,#1325));
#228=EDGE_LOOP('',(#1326,#1327,#1328,#1329));
#229=EDGE_LOOP('',(#1330,#1331,#1332,#1333));
#230=EDGE_LOOP('',(#1334,#1335,#1336,#1337));
#231=EDGE_LOOP('',(#1338,#1339,#1340,#1341));
#232=EDGE_LOOP('',(#1342,#1343,#1344,#1345));
#233=EDGE_LOOP('',(#1346,#1347,#1348,#1349));
#234=EDGE_LOOP('',(#1350,#1351,#1352,#1353));
#235=EDGE_LOOP('',(#1354,#1355,#1356,#1357));
#236=EDGE_LOOP('',(#1358,#1359,#1360,#1361));
#237=EDGE_LOOP('',(#1362,#1363,#1364,#1365));
#238=EDGE_LOOP('',(#1366,#1367,#1368,#1369));
#239=EDGE_LOOP('',(#1370,#1371,#1372,#1373));
#240=EDGE_LOOP('',(#1374,#1375,#1376,#1377));
#241=EDGE_LOOP('',(#1378,#1379,#1380,#1381));
#242=EDGE_LOOP('',(#1382,#1383,#1384,#1385));
#243=EDGE_LOOP('',(#1386,#1387,#1388,#1389));
#244=EDGE_LOOP('',(#1390,#1391,#1392,#1393));
#245=EDGE_LOOP('',(#1394,#1395,#1396,#1397));
#246=EDGE_LOOP('',(#1398,#1399,#1400,#1401));
#247=EDGE_LOOP('',(#1402,#1403,#1404,#1405));
#248=EDGE_LOOP('',(#1406,#1407,#1408,#1409));
#249=EDGE_LOOP('',(#1410,#1411,#1412,#1413));
#250=EDGE_LOOP('',(#1414,#1415,#1416,#1417));
#251=EDGE_LOOP('',(#1418,#1419,#1420,#1421));
#252=EDGE_LOOP('',(#1422,#1423,#1424,#1425));
#253=EDGE_LOOP('',(#1426,#1427,#1428,#1429));
#254=EDGE_LOOP('',(#1430,#1431,#1432,#1433));
#255=EDGE_LOOP('',(#1434,#1435,#1436,#1437,#1438,#1439,#1440,#1441,#1442,
#1443,#1444,#1445,#1446,#1447,#1448,#1449,#1450,#1451,#1452,#1453,#1454,
#1455,#1456,#1457,#1458,#1459,#1460,#1461,#1462,#1463,#1464,#1465,#1466,
#1467,#1468,#1469,#1470,#1471,#1472,#1473,#1474,#1475,#1476,#1477,#1478,
#1479,#1480,#1481));
#256=EDGE_LOOP('',(#1482));
#257=EDGE_LOOP('',(#1483));
#258=EDGE_LOOP('',(#1484));
#259=EDGE_LOOP('',(#1485));
#260=EDGE_LOOP('',(#1486));
#261=EDGE_LOOP('',(#1487));
#262=EDGE_LOOP('',(#1488));
#263=EDGE_LOOP('',(#1489));
#264=EDGE_LOOP('',(#1490));
#265=EDGE_LOOP('',(#1491));
#266=EDGE_LOOP('',(#1492));
#267=EDGE_LOOP('',(#1493));
#268=EDGE_LOOP('',(#1494));
#269=EDGE_LOOP('',(#1495));
#270=EDGE_LOOP('',(#1496));
#271=EDGE_LOOP('',(#1497));
#272=EDGE_LOOP('',(#1498));
#273=EDGE_LOOP('',(#1499));
#274=EDGE_LOOP('',(#1500));
#275=EDGE_LOOP('',(#1501));
#276=EDGE_LOOP('',(#1502));
#277=EDGE_LOOP('',(#1503));
#278=EDGE_LOOP('',(#1504));
#279=EDGE_LOOP('',(#1505));
#280=EDGE_LOOP('',(#1506));
#281=EDGE_LOOP('',(#1507));
#282=EDGE_LOOP('',(#1508));
#283=EDGE_LOOP('',(#1509));
#284=EDGE_LOOP('',(#1510));
#285=EDGE_LOOP('',(#1511));
#286=EDGE_LOOP('',(#1512));
#287=EDGE_LOOP('',(#1513));
#288=EDGE_LOOP('',(#1514));
#289=EDGE_LOOP('',(#1515,#1516,#1517,#1518,#1519,#1520,#1521,#1522));
#290=EDGE_LOOP('',(#1523,#1524,#1525,#1526));
#291=EDGE_LOOP('',(#1527,#1528,#1529,#1530));
#292=EDGE_LOOP('',(#1531,#1532,#1533,#1534));
#293=EDGE_LOOP('',(#1535,#1536,#1537,#1538));
#294=EDGE_LOOP('',(#1539,#1540,#1541,#1542));
#295=EDGE_LOOP('',(#1543,#1544,#1545,#1546,#1547,#1548,#1549,#1550,#1551,
#1552,#1553,#1554,#1555,#1556,#1557,#1558,#1559,#1560,#1561,#1562,#1563,
#1564,#1565,#1566,#1567,#1568,#1569,#1570,#1571,#1572,#1573,#1574,#1575,
#1576,#1577,#1578,#1579,#1580,#1581,#1582,#1583,#1584,#1585,#1586,#1587,
#1588));
#296=EDGE_LOOP('',(#1589));
#297=EDGE_LOOP('',(#1590));
#298=EDGE_LOOP('',(#1591));
#299=EDGE_LOOP('',(#1592));
#300=EDGE_LOOP('',(#1593));
#301=EDGE_LOOP('',(#1594));
#302=EDGE_LOOP('',(#1595));
#303=EDGE_LOOP('',(#1596));
#304=EDGE_LOOP('',(#1597));
#305=EDGE_LOOP('',(#1598));
#306=EDGE_LOOP('',(#1599));
#307=EDGE_LOOP('',(#1600));
#308=EDGE_LOOP('',(#1601));
#309=EDGE_LOOP('',(#1602));
#310=EDGE_LOOP('',(#1603));
#311=EDGE_LOOP('',(#1604));
#312=EDGE_LOOP('',(#1605));
#313=EDGE_LOOP('',(#1606));
#314=EDGE_LOOP('',(#1607));
#315=EDGE_LOOP('',(#1608));
#316=EDGE_LOOP('',(#1609));
#317=EDGE_LOOP('',(#1610));
#318=EDGE_LOOP('',(#1611));
#319=EDGE_LOOP('',(#1612));
#320=EDGE_LOOP('',(#1613));
#321=EDGE_LOOP('',(#1614));
#322=EDGE_LOOP('',(#1615));
#323=EDGE_LOOP('',(#1616));
#324=EDGE_LOOP('',(#1617));
#325=EDGE_LOOP('',(#1618));
#326=EDGE_LOOP('',(#1619));
#327=EDGE_LOOP('',(#1620));
#328=EDGE_LOOP('',(#1621));
#329=EDGE_LOOP('',(#1622));
#330=EDGE_LOOP('',(#1623));
#331=EDGE_LOOP('',(#1624));
#332=EDGE_LOOP('',(#1625));
#333=EDGE_LOOP('',(#1626,#1627,#1628,#1629,#1630,#1631,#1632,#1633));
#334=EDGE_LOOP('',(#1634,#1635,#1636,#1637));
#335=EDGE_LOOP('',(#1638,#1639,#1640,#1641));
#336=EDGE_LOOP('',(#1642,#1643,#1644,#1645));
#337=EDGE_LOOP('',(#1646,#1647,#1648,#1649));
#338=EDGE_LOOP('',(#1650,#1651,#1652,#1653));
#339=EDGE_LOOP('',(#1654,#1655,#1656,#1657));
#340=EDGE_LOOP('',(#1658,#1659,#1660,#1661));
#341=EDGE_LOOP('',(#1662,#1663,#1664,#1665));
#342=EDGE_LOOP('',(#1666,#1667,#1668,#1669));
#343=EDGE_LOOP('',(#1670,#1671,#1672,#1673));
#344=EDGE_LOOP('',(#1674,#1675,#1676,#1677));
#345=EDGE_LOOP('',(#1678,#1679,#1680,#1681));
#346=EDGE_LOOP('',(#1682,#1683,#1684,#1685));
#347=EDGE_LOOP('',(#1686,#1687,#1688,#1689));
#348=EDGE_LOOP('',(#1690,#1691,#1692,#1693));
#349=EDGE_LOOP('',(#1694,#1695,#1696,#1697));
#350=EDGE_LOOP('',(#1698,#1699,#1700,#1701));
#351=EDGE_LOOP('',(#1702,#1703,#1704,#1705));
#352=EDGE_LOOP('',(#1706,#1707,#1708,#1709));
#353=EDGE_LOOP('',(#1710,#1711,#1712,#1713));
#354=EDGE_LOOP('',(#1714,#1715,#1716,#1717));
#355=EDGE_LOOP('',(#1718,#1719,#1720,#1721));
#356=EDGE_LOOP('',(#1722,#1723,#1724,#1725));
#357=EDGE_LOOP('',(#1726,#1727,#1728,#1729));
#358=EDGE_LOOP('',(#1730,#1731,#1732,#1733));
#359=EDGE_LOOP('',(#1734,#1735,#1736,#1737));
#360=EDGE_LOOP('',(#1738,#1739,#1740,#1741));
#361=EDGE_LOOP('',(#1742,#1743,#1744,#1745));
#362=EDGE_LOOP('',(#1746,#1747,#1748,#1749));
#363=EDGE_LOOP('',(#1750,#1751,#1752,#1753));
#364=EDGE_LOOP('',(#1754,#1755,#1756,#1757));
#365=EDGE_LOOP('',(#1758,#1759,#1760,#1761));
#366=EDGE_LOOP('',(#1762,#1763,#1764,#1765));
#367=EDGE_LOOP('',(#1766,#1767,#1768,#1769));
#368=EDGE_LOOP('',(#1770,#1771,#1772,#1773));
#369=EDGE_LOOP('',(#1774,#1775,#1776,#1777));
#370=EDGE_LOOP('',(#1778,#1779,#1780,#1781));
#371=EDGE_LOOP('',(#1782,#1783,#1784,#1785));
#372=EDGE_LOOP('',(#1786,#1787,#1788,#1789));
#373=EDGE_LOOP('',(#1790,#1791,#1792,#1793));
#374=EDGE_LOOP('',(#1794,#1795,#1796,#1797));
#375=EDGE_LOOP('',(#1798,#1799,#1800,#1801));
#376=EDGE_LOOP('',(#1802,#1803,#1804,#1805));
#377=EDGE_LOOP('',(#1806));
#378=EDGE_LOOP('',(#1807));
#379=EDGE_LOOP('',(#1808));
#380=EDGE_LOOP('',(#1809));
#381=EDGE_LOOP('',(#1810));
#382=EDGE_LOOP('',(#1811));
#383=EDGE_LOOP('',(#1812));
#384=EDGE_LOOP('',(#1813));
#385=EDGE_LOOP('',(#1814,#1815,#1816,#1817));
#386=EDGE_LOOP('',(#1818,#1819,#1820,#1821));
#387=EDGE_LOOP('',(#1822,#1823,#1824,#1825));
#388=EDGE_LOOP('',(#1826,#1827,#1828,#1829));
#389=EDGE_LOOP('',(#1830,#1831,#1832,#1833,#1834,#1835,#1836,#1837));
#390=EDGE_LOOP('',(#1838,#1839,#1840,#1841,#1842,#1843,#1844));
#391=EDGE_LOOP('',(#1845,#1846,#1847,#1848,#1849,#1850,#1851));
#392=EDGE_LOOP('',(#1852,#1853,#1854,#1855,#1856,#1857,#1858,#1859));
#393=LINE('',#2889,#540);
#394=LINE('',#2895,#541);
#395=LINE('',#2901,#542);
#396=LINE('',#2907,#543);
#397=LINE('',#2913,#544);
#398=LINE('',#2919,#545);
#399=LINE('',#2925,#546);
#400=LINE('',#2931,#547);
#401=LINE('',#2937,#548);
#402=LINE('',#2943,#549);
#403=LINE('',#2949,#550);
#404=LINE('',#2955,#551);
#405=LINE('',#2961,#552);
#406=LINE('',#2967,#553);
#407=LINE('',#2973,#554);
#408=LINE('',#2979,#555);
#409=LINE('',#2985,#556);
#410=LINE('',#2991,#557);
#411=LINE('',#2997,#558);
#412=LINE('',#3003,#559);
#413=LINE('',#3009,#560);
#414=LINE('',#3015,#561);
#415=LINE('',#3021,#562);
#416=LINE('',#3027,#563);
#417=LINE('',#3033,#564);
#418=LINE('',#3039,#565);
#419=LINE('',#3045,#566);
#420=LINE('',#3051,#567);
#421=LINE('',#3057,#568);
#422=LINE('',#3063,#569);
#423=LINE('',#3069,#570);
#424=LINE('',#3075,#571);
#425=LINE('',#3081,#572);
#426=LINE('',#3088,#573);
#427=LINE('',#3091,#574);
#428=LINE('',#3094,#575);
#429=LINE('',#3096,#576);
#430=LINE('',#3097,#577);
#431=LINE('',#3102,#578);
#432=LINE('',#3108,#579);
#433=LINE('',#3112,#580);
#434=LINE('',#3116,#581);
#435=LINE('',#3120,#582);
#436=LINE('',#3124,#583);
#437=LINE('',#3128,#584);
#438=LINE('',#3134,#585);
#439=LINE('',#3138,#586);
#440=LINE('',#3142,#587);
#441=LINE('',#3146,#588);
#442=LINE('',#3150,#589);
#443=LINE('',#3156,#590);
#444=LINE('',#3160,#591);
#445=LINE('',#3164,#592);
#446=LINE('',#3168,#593);
#447=LINE('',#3172,#594);
#448=LINE('',#3176,#595);
#449=LINE('',#3180,#596);
#450=LINE('',#3184,#597);
#451=LINE('',#3188,#598);
#452=LINE('',#3192,#599);
#453=LINE('',#3196,#600);
#454=LINE('',#3200,#601);
#455=LINE('',#3204,#602);
#456=LINE('',#3210,#603);
#457=LINE('',#3211,#604);
#458=LINE('',#3214,#605);
#459=LINE('',#3215,#606);
#460=LINE('',#3219,#607);
#461=LINE('',#3223,#608);
#462=LINE('',#3225,#609);
#463=LINE('',#3230,#610);
#464=LINE('',#3234,#611);
#465=LINE('',#3238,#612);
#466=LINE('',#3242,#613);
#467=LINE('',#3246,#614);
#468=LINE('',#3250,#615);
#469=LINE('',#3254,#616);
#470=LINE('',#3258,#617);
#471=LINE('',#3262,#618);
#472=LINE('',#3266,#619);
#473=LINE('',#3270,#620);
#474=LINE('',#3274,#621);
#475=LINE('',#3278,#622);
#476=LINE('',#3282,#623);
#477=LINE('',#3286,#624);
#478=LINE('',#3290,#625);
#479=LINE('',#3294,#626);
#480=LINE('',#3298,#627);
#481=LINE('',#3302,#628);
#482=LINE('',#3314,#629);
#483=LINE('',#3318,#630);
#484=LINE('',#3322,#631);
#485=LINE('',#3326,#632);
#486=LINE('',#3329,#633);
#487=LINE('',#3330,#634);
#488=LINE('',#3332,#635);
#489=LINE('',#3334,#636);
#490=LINE('',#3335,#637);
#491=LINE('',#3338,#638);
#492=LINE('',#3340,#639);
#493=LINE('',#3342,#640);
#494=LINE('',#3345,#641);
#495=LINE('',#3346,#642);
#496=LINE('',#3348,#643);
#497=LINE('',#3350,#644);
#498=LINE('',#3352,#645);
#499=LINE('',#3354,#646);
#500=LINE('',#3356,#647);
#501=LINE('',#3358,#648);
#502=LINE('',#3360,#649);
#503=LINE('',#3362,#650);
#504=LINE('',#3363,#651);
#505=LINE('',#3365,#652);
#506=LINE('',#3367,#653);
#507=LINE('',#3369,#654);
#508=LINE('',#3371,#655);
#509=LINE('',#3372,#656);
#510=LINE('',#3374,#657);
#511=LINE('',#3377,#658);
#512=LINE('',#3379,#659);
#513=LINE('',#3381,#660);
#514=LINE('',#3383,#661);
#515=LINE('',#3385,#662);
#516=LINE('',#3386,#663);
#517=LINE('',#3388,#664);
#518=LINE('',#3391,#665);
#519=LINE('',#3392,#666);
#520=LINE('',#3394,#667);
#521=LINE('',#3396,#668);
#522=LINE('',#3398,#669);
#523=LINE('',#3399,#670);
#524=LINE('',#3402,#671);
#525=LINE('',#3403,#672);
#526=LINE('',#3405,#673);
#527=LINE('',#3408,#674);
#528=LINE('',#3410,#675);
#529=LINE('',#3412,#676);
#530=LINE('',#3414,#677);
#531=LINE('',#3416,#678);
#532=LINE('',#3438,#679);
#533=LINE('',#3440,#680);
#534=LINE('',#3442,#681);
#535=LINE('',#3444,#682);
#536=LINE('',#3446,#683);
#537=LINE('',#3448,#684);
#538=LINE('',#3450,#685);
#539=LINE('',#3452,#686);
#540=VECTOR('',#2275,1.);
#541=VECTOR('',#2282,1.);
#542=VECTOR('',#2289,1.);
#543=VECTOR('',#2296,1.);
#544=VECTOR('',#2303,1.);
#545=VECTOR('',#2310,1.);
#546=VECTOR('',#2317,1.);
#547=VECTOR('',#2324,1.);
#548=VECTOR('',#2331,1.);
#549=VECTOR('',#2338,1.);
#550=VECTOR('',#2345,1.);
#551=VECTOR('',#2352,1.);
#552=VECTOR('',#2359,1.);
#553=VECTOR('',#2366,1.);
#554=VECTOR('',#2373,1.);
#555=VECTOR('',#2380,1.);
#556=VECTOR('',#2387,1.);
#557=VECTOR('',#2394,1.);
#558=VECTOR('',#2401,1.);
#559=VECTOR('',#2408,1.);
#560=VECTOR('',#2415,1.);
#561=VECTOR('',#2422,1.);
#562=VECTOR('',#2429,1.);
#563=VECTOR('',#2436,1.);
#564=VECTOR('',#2443,1.);
#565=VECTOR('',#2450,1.);
#566=VECTOR('',#2457,1.);
#567=VECTOR('',#2464,1.);
#568=VECTOR('',#2471,1.);
#569=VECTOR('',#2478,1.);
#570=VECTOR('',#2485,1.);
#571=VECTOR('',#2492,1.);
#572=VECTOR('',#2499,1.);
#573=VECTOR('',#2506,10.);
#574=VECTOR('',#2509,10.);
#575=VECTOR('',#2512,10.);
#576=VECTOR('',#2513,10.);
#577=VECTOR('',#2514,10.);
#578=VECTOR('',#2519,10.);
#579=VECTOR('',#2524,10.);
#580=VECTOR('',#2527,10.);
#581=VECTOR('',#2530,10.);
#582=VECTOR('',#2533,10.);
#583=VECTOR('',#2536,10.);
#584=VECTOR('',#2539,10.);
#585=VECTOR('',#2544,10.);
#586=VECTOR('',#2547,10.);
#587=VECTOR('',#2550,10.);
#588=VECTOR('',#2553,10.);
#589=VECTOR('',#2556,10.);
#590=VECTOR('',#2561,10.);
#591=VECTOR('',#2564,10.);
#592=VECTOR('',#2567,10.);
#593=VECTOR('',#2570,10.);
#594=VECTOR('',#2573,10.);
#595=VECTOR('',#2576,10.);
#596=VECTOR('',#2579,10.);
#597=VECTOR('',#2582,10.);
#598=VECTOR('',#2585,10.);
#599=VECTOR('',#2588,10.);
#600=VECTOR('',#2591,10.);
#601=VECTOR('',#2594,10.);
#602=VECTOR('',#2597,10.);
#603=VECTOR('',#2604,10.);
#604=VECTOR('',#2605,10.);
#605=VECTOR('',#2608,10.);
#606=VECTOR('',#2609,10.);
#607=VECTOR('',#2614,10.);
#608=VECTOR('',#2619,10.);
#609=VECTOR('',#2622,10.);
#610=VECTOR('',#2627,10.);
#611=VECTOR('',#2630,10.);
#612=VECTOR('',#2633,10.);
#613=VECTOR('',#2636,10.);
#614=VECTOR('',#2639,10.);
#615=VECTOR('',#2642,10.);
#616=VECTOR('',#2645,10.);
#617=VECTOR('',#2648,10.);
#618=VECTOR('',#2651,10.);
#619=VECTOR('',#2654,10.);
#620=VECTOR('',#2657,10.);
#621=VECTOR('',#2660,10.);
#622=VECTOR('',#2663,10.);
#623=VECTOR('',#2666,10.);
#624=VECTOR('',#2669,10.);
#625=VECTOR('',#2672,10.);
#626=VECTOR('',#2675,10.);
#627=VECTOR('',#2678,10.);
#628=VECTOR('',#2681,10.);
#629=VECTOR('',#2692,10.);
#630=VECTOR('',#2695,10.);
#631=VECTOR('',#2698,10.);
#632=VECTOR('',#2701,10.);
#633=VECTOR('',#2706,10.);
#634=VECTOR('',#2707,10.);
#635=VECTOR('',#2710,10.);
#636=VECTOR('',#2713,10.);
#637=VECTOR('',#2714,10.);
#638=VECTOR('',#2719,10.);
#639=VECTOR('',#2722,10.);
#640=VECTOR('',#2725,10.);
#641=VECTOR('',#2730,10.);
#642=VECTOR('',#2731,10.);
#643=VECTOR('',#2734,10.);
#644=VECTOR('',#2737,10.);
#645=VECTOR('',#2740,10.);
#646=VECTOR('',#2743,10.);
#647=VECTOR('',#2746,10.);
#648=VECTOR('',#2749,10.);
#649=VECTOR('',#2752,10.);
#650=VECTOR('',#2755,10.);
#651=VECTOR('',#2756,10.);
#652=VECTOR('',#2759,10.);
#653=VECTOR('',#2762,10.);
#654=VECTOR('',#2765,10.);
#655=VECTOR('',#2768,10.);
#656=VECTOR('',#2769,10.);
#657=VECTOR('',#2772,10.);
#658=VECTOR('',#2777,10.);
#659=VECTOR('',#2780,10.);
#660=VECTOR('',#2783,10.);
#661=VECTOR('',#2786,10.);
#662=VECTOR('',#2789,10.);
#663=VECTOR('',#2790,10.);
#664=VECTOR('',#2793,10.);
#665=VECTOR('',#2798,10.);
#666=VECTOR('',#2799,10.);
#667=VECTOR('',#2802,10.);
#668=VECTOR('',#2805,10.);
#669=VECTOR('',#2808,10.);
#670=VECTOR('',#2809,10.);
#671=VECTOR('',#2814,10.);
#672=VECTOR('',#2815,10.);
#673=VECTOR('',#2818,10.);
#674=VECTOR('',#2823,10.);
#675=VECTOR('',#2826,10.);
#676=VECTOR('',#2829,10.);
#677=VECTOR('',#2832,10.);
#678=VECTOR('',#2835,10.);
#679=VECTOR('',#2862,1.2);
#680=VECTOR('',#2865,1.2);
#681=VECTOR('',#2868,1.2);
#682=VECTOR('',#2871,1.2);
#683=VECTOR('',#2874,2.);
#684=VECTOR('',#2877,2.);
#685=VECTOR('',#2880,2.);
#686=VECTOR('',#2883,2.);
#687=CIRCLE('',#2037,1.);
#688=CIRCLE('',#2038,1.);
#689=CIRCLE('',#2040,1.);
#690=CIRCLE('',#2041,1.);
#691=CIRCLE('',#2043,1.);
#692=CIRCLE('',#2044,1.);
#693=CIRCLE('',#2046,1.);
#694=CIRCLE('',#2047,1.);
#695=CIRCLE('',#2049,1.);
#696=CIRCLE('',#2050,1.);
#697=CIRCLE('',#2052,1.);
#698=CIRCLE('',#2053,1.);
#699=CIRCLE('',#2055,1.);
#700=CIRCLE('',#2056,1.);
#701=CIRCLE('',#2058,1.);
#702=CIRCLE('',#2059,1.);
#703=CIRCLE('',#2061,1.);
#704=CIRCLE('',#2062,1.);
#705=CIRCLE('',#2064,1.);
#706=CIRCLE('',#2065,1.);
#707=CIRCLE('',#2067,1.);
#708=CIRCLE('',#2068,1.);
#709=CIRCLE('',#2070,1.);
#710=CIRCLE('',#2071,1.);
#711=CIRCLE('',#2073,1.);
#712=CIRCLE('',#2074,1.);
#713=CIRCLE('',#2076,1.);
#714=CIRCLE('',#2077,1.);
#715=CIRCLE('',#2079,1.);
#716=CIRCLE('',#2080,1.);
#717=CIRCLE('',#2082,1.);
#718=CIRCLE('',#2083,1.);
#719=CIRCLE('',#2085,1.);
#720=CIRCLE('',#2086,1.);
#721=CIRCLE('',#2088,1.);
#722=CIRCLE('',#2089,1.);
#723=CIRCLE('',#2091,1.);
#724=CIRCLE('',#2092,1.);
#725=CIRCLE('',#2094,1.);
#726=CIRCLE('',#2095,1.);
#727=CIRCLE('',#2097,1.);
#728=CIRCLE('',#2098,1.);
#729=CIRCLE('',#2100,1.);
#730=CIRCLE('',#2101,1.);
#731=CIRCLE('',#2103,1.);
#732=CIRCLE('',#2104,1.);
#733=CIRCLE('',#2106,1.);
#734=CIRCLE('',#2107,1.);
#735=CIRCLE('',#2109,1.);
#736=CIRCLE('',#2110,1.);
#737=CIRCLE('',#2112,1.);
#738=CIRCLE('',#2113,1.);
#739=CIRCLE('',#2115,1.);
#740=CIRCLE('',#2116,1.);
#741=CIRCLE('',#2118,1.);
#742=CIRCLE('',#2119,1.);
#743=CIRCLE('',#2121,1.);
#744=CIRCLE('',#2122,1.);
#745=CIRCLE('',#2124,1.);
#746=CIRCLE('',#2125,1.);
#747=CIRCLE('',#2127,1.);
#748=CIRCLE('',#2128,1.);
#749=CIRCLE('',#2130,1.);
#750=CIRCLE('',#2131,1.);
#751=CIRCLE('',#2133,1.);
#752=CIRCLE('',#2134,1.);
#753=CIRCLE('',#2136,1.);
#754=CIRCLE('',#2137,1.);
#755=CIRCLE('',#2140,1.);
#756=CIRCLE('',#2141,1.);
#757=CIRCLE('',#2142,1.);
#758=CIRCLE('',#2143,2.);
#759=CIRCLE('',#2144,1.);
#760=CIRCLE('',#2145,1.);
#761=CIRCLE('',#2146,1.);
#762=CIRCLE('',#2147,1.);
#763=CIRCLE('',#2148,2.);
#764=CIRCLE('',#2149,2.);
#765=CIRCLE('',#2150,1.);
#766=CIRCLE('',#2151,1.);
#767=CIRCLE('',#2152,1.);
#768=CIRCLE('',#2153,1.);
#769=CIRCLE('',#2154,2.);
#770=CIRCLE('',#2155,2.);
#771=CIRCLE('',#2156,1.);
#772=CIRCLE('',#2157,1.);
#773=CIRCLE('',#2158,1.);
#774=CIRCLE('',#2159,1.);
#775=CIRCLE('',#2160,2.);
#776=CIRCLE('',#2161,1.);
#777=CIRCLE('',#2162,1.);
#778=CIRCLE('',#2163,1.);
#779=CIRCLE('',#2164,1.);
#780=CIRCLE('',#2165,1.);
#781=CIRCLE('',#2166,1.);
#782=CIRCLE('',#2167,1.5);
#783=CIRCLE('',#2168,1.5);
#784=CIRCLE('',#2170,1.);
#785=CIRCLE('',#2173,1.);
#786=CIRCLE('',#2175,1.);
#787=CIRCLE('',#2178,1.);
#788=CIRCLE('',#2179,1.);
#789=CIRCLE('',#2180,1.);
#790=CIRCLE('',#2181,1.);
#791=CIRCLE('',#2182,2.);
#792=CIRCLE('',#2183,1.);
#793=CIRCLE('',#2184,1.);
#794=CIRCLE('',#2185,1.);
#795=CIRCLE('',#2186,1.);
#796=CIRCLE('',#2187,2.);
#797=CIRCLE('',#2188,1.);
#798=CIRCLE('',#2189,1.);
#799=CIRCLE('',#2190,1.);
#800=CIRCLE('',#2191,1.);
#801=CIRCLE('',#2192,2.);
#802=CIRCLE('',#2193,1.);
#803=CIRCLE('',#2194,1.);
#804=CIRCLE('',#2195,1.);
#805=CIRCLE('',#2196,1.);
#806=CIRCLE('',#2197,2.);
#807=CIRCLE('',#2198,1.2);
#808=CIRCLE('',#2199,1.2);
#809=CIRCLE('',#2200,1.2);
#810=CIRCLE('',#2201,1.2);
#811=CIRCLE('',#2202,1.5);
#812=CIRCLE('',#2203,1.5);
#813=CIRCLE('',#2204,1.);
#814=CIRCLE('',#2205,1.);
#815=CIRCLE('',#2250,2.);
#816=CIRCLE('',#2251,1.2);
#817=CIRCLE('',#2253,2.);
#818=CIRCLE('',#2254,1.2);
#819=CIRCLE('',#2256,2.);
#820=CIRCLE('',#2257,1.2);
#821=CIRCLE('',#2259,2.);
#822=CIRCLE('',#2260,1.2);
#823=VERTEX_POINT('',#2886);
#824=VERTEX_POINT('',#2888);
#825=VERTEX_POINT('',#2892);
#826=VERTEX_POINT('',#2894);
#827=VERTEX_POINT('',#2898);
#828=VERTEX_POINT('',#2900);
#829=VERTEX_POINT('',#2904);
#830=VERTEX_POINT('',#2906);
#831=VERTEX_POINT('',#2910);
#832=VERTEX_POINT('',#2912);
#833=VERTEX_POINT('',#2916);
#834=VERTEX_POINT('',#2918);
#835=VERTEX_POINT('',#2922);
#836=VERTEX_POINT('',#2924);
#837=VERTEX_POINT('',#2928);
#838=VERTEX_POINT('',#2930);
#839=VERTEX_POINT('',#2934);
#840=VERTEX_POINT('',#2936);
#841=VERTEX_POINT('',#2940);
#842=VERTEX_POINT('',#2942);
#843=VERTEX_POINT('',#2946);
#844=VERTEX_POINT('',#2948);
#845=VERTEX_POINT('',#2952);
#846=VERTEX_POINT('',#2954);
#847=VERTEX_POINT('',#2958);
#848=VERTEX_POINT('',#2960);
#849=VERTEX_POINT('',#2964);
#850=VERTEX_POINT('',#2966);
#851=VERTEX_POINT('',#2970);
#852=VERTEX_POINT('',#2972);
#853=VERTEX_POINT('',#2976);
#854=VERTEX_POINT('',#2978);
#855=VERTEX_POINT('',#2982);
#856=VERTEX_POINT('',#2984);
#857=VERTEX_POINT('',#2988);
#858=VERTEX_POINT('',#2990);
#859=VERTEX_POINT('',#2994);
#860=VERTEX_POINT('',#2996);
#861=VERTEX_POINT('',#3000);
#862=VERTEX_POINT('',#3002);
#863=VERTEX_POINT('',#3006);
#864=VERTEX_POINT('',#3008);
#865=VERTEX_POINT('',#3012);
#866=VERTEX_POINT('',#3014);
#867=VERTEX_POINT('',#3018);
#868=VERTEX_POINT('',#3020);
#869=VERTEX_POINT('',#3024);
#870=VERTEX_POINT('',#3026);
#871=VERTEX_POINT('',#3030);
#872=VERTEX_POINT('',#3032);
#873=VERTEX_POINT('',#3036);
#874=VERTEX_POINT('',#3038);
#875=VERTEX_POINT('',#3042);
#876=VERTEX_POINT('',#3044);
#877=VERTEX_POINT('',#3048);
#878=VERTEX_POINT('',#3050);
#879=VERTEX_POINT('',#3054);
#880=VERTEX_POINT('',#3056);
#881=VERTEX_POINT('',#3060);
#882=VERTEX_POINT('',#3062);
#883=VERTEX_POINT('',#3066);
#884=VERTEX_POINT('',#3068);
#885=VERTEX_POINT('',#3072);
#886=VERTEX_POINT('',#3074);
#887=VERTEX_POINT('',#3078);
#888=VERTEX_POINT('',#3080);
#889=VERTEX_POINT('',#3084);
#890=VERTEX_POINT('',#3085);
#891=VERTEX_POINT('',#3087);
#892=VERTEX_POINT('',#3089);
#893=VERTEX_POINT('',#3093);
#894=VERTEX_POINT('',#3095);
#895=VERTEX_POINT('',#3099);
#896=VERTEX_POINT('',#3101);
#897=VERTEX_POINT('',#3103);
#898=VERTEX_POINT('',#3105);
#899=VERTEX_POINT('',#3107);
#900=VERTEX_POINT('',#3109);
#901=VERTEX_POINT('',#3111);
#902=VERTEX_POINT('',#3113);
#903=VERTEX_POINT('',#3115);
#904=VERTEX_POINT('',#3117);
#905=VERTEX_POINT('',#3119);
#906=VERTEX_POINT('',#3121);
#907=VERTEX_POINT('',#3123);
#908=VERTEX_POINT('',#3125);
#909=VERTEX_POINT('',#3127);
#910=VERTEX_POINT('',#3129);
#911=VERTEX_POINT('',#3131);
#912=VERTEX_POINT('',#3133);
#913=VERTEX_POINT('',#3135);
#914=VERTEX_POINT('',#3137);
#915=VERTEX_POINT('',#3139);
#916=VERTEX_POINT('',#3141);
#917=VERTEX_POINT('',#3143);
#918=VERTEX_POINT('',#3145);
#919=VERTEX_POINT('',#3147);
#920=VERTEX_POINT('',#3149);
#921=VERTEX_POINT('',#3151);
#922=VERTEX_POINT('',#3153);
#923=VERTEX_POINT('',#3155);
#924=VERTEX_POINT('',#3157);
#925=VERTEX_POINT('',#3159);
#926=VERTEX_POINT('',#3161);
#927=VERTEX_POINT('',#3163);
#928=VERTEX_POINT('',#3165);
#929=VERTEX_POINT('',#3167);
#930=VERTEX_POINT('',#3169);
#931=VERTEX_POINT('',#3171);
#932=VERTEX_POINT('',#3173);
#933=VERTEX_POINT('',#3175);
#934=VERTEX_POINT('',#3177);
#935=VERTEX_POINT('',#3179);
#936=VERTEX_POINT('',#3181);
#937=VERTEX_POINT('',#3183);
#938=VERTEX_POINT('',#3185);
#939=VERTEX_POINT('',#3187);
#940=VERTEX_POINT('',#3190);
#941=VERTEX_POINT('',#3191);
#942=VERTEX_POINT('',#3193);
#943=VERTEX_POINT('',#3195);
#944=VERTEX_POINT('',#3197);
#945=VERTEX_POINT('',#3199);
#946=VERTEX_POINT('',#3201);
#947=VERTEX_POINT('',#3203);
#948=VERTEX_POINT('',#3207);
#949=VERTEX_POINT('',#3208);
#950=VERTEX_POINT('',#3213);
#951=VERTEX_POINT('',#3217);
#952=VERTEX_POINT('',#3221);
#953=VERTEX_POINT('',#3227);
#954=VERTEX_POINT('',#3229);
#955=VERTEX_POINT('',#3231);
#956=VERTEX_POINT('',#3233);
#957=VERTEX_POINT('',#3235);
#958=VERTEX_POINT('',#3237);
#959=VERTEX_POINT('',#3239);
#960=VERTEX_POINT('',#3241);
#961=VERTEX_POINT('',#3243);
#962=VERTEX_POINT('',#3245);
#963=VERTEX_POINT('',#3247);
#964=VERTEX_POINT('',#3249);
#965=VERTEX_POINT('',#3251);
#966=VERTEX_POINT('',#3253);
#967=VERTEX_POINT('',#3255);
#968=VERTEX_POINT('',#3257);
#969=VERTEX_POINT('',#3259);
#970=VERTEX_POINT('',#3261);
#971=VERTEX_POINT('',#3263);
#972=VERTEX_POINT('',#3265);
#973=VERTEX_POINT('',#3267);
#974=VERTEX_POINT('',#3269);
#975=VERTEX_POINT('',#3271);
#976=VERTEX_POINT('',#3273);
#977=VERTEX_POINT('',#3275);
#978=VERTEX_POINT('',#3277);
#979=VERTEX_POINT('',#3279);
#980=VERTEX_POINT('',#3281);
#981=VERTEX_POINT('',#3283);
#982=VERTEX_POINT('',#3285);
#983=VERTEX_POINT('',#3287);
#984=VERTEX_POINT('',#3289);
#985=VERTEX_POINT('',#3291);
#986=VERTEX_POINT('',#3293);
#987=VERTEX_POINT('',#3295);
#988=VERTEX_POINT('',#3297);
#989=VERTEX_POINT('',#3299);
#990=VERTEX_POINT('',#3301);
#991=VERTEX_POINT('',#3304);
#992=VERTEX_POINT('',#3306);
#993=VERTEX_POINT('',#3308);
#994=VERTEX_POINT('',#3310);
#995=VERTEX_POINT('',#3312);
#996=VERTEX_POINT('',#3313);
#997=VERTEX_POINT('',#3315);
#998=VERTEX_POINT('',#3317);
#999=VERTEX_POINT('',#3319);
#1000=VERTEX_POINT('',#3321);
#1001=VERTEX_POINT('',#3323);
#1002=VERTEX_POINT('',#3325);
#1003=VERTEX_POINT('',#3418);
#1004=VERTEX_POINT('',#3420);
#1005=VERTEX_POINT('',#3423);
#1006=VERTEX_POINT('',#3425);
#1007=VERTEX_POINT('',#3428);
#1008=VERTEX_POINT('',#3430);
#1009=VERTEX_POINT('',#3433);
#1010=VERTEX_POINT('',#3435);
#1011=EDGE_CURVE('',#823,#823,#687,.T.);
#1012=EDGE_CURVE('',#823,#824,#393,.T.);
#1013=EDGE_CURVE('',#824,#824,#688,.T.);
#1014=EDGE_CURVE('',#825,#825,#689,.T.);
#1015=EDGE_CURVE('',#825,#826,#394,.T.);
#1016=EDGE_CURVE('',#826,#826,#690,.T.);
#1017=EDGE_CURVE('',#827,#827,#691,.T.);
#1018=EDGE_CURVE('',#827,#828,#395,.T.);
#1019=EDGE_CURVE('',#828,#828,#692,.T.);
#1020=EDGE_CURVE('',#829,#829,#693,.T.);
#1021=EDGE_CURVE('',#829,#830,#396,.T.);
#1022=EDGE_CURVE('',#830,#830,#694,.T.);
#1023=EDGE_CURVE('',#831,#831,#695,.T.);
#1024=EDGE_CURVE('',#831,#832,#397,.T.);
#1025=EDGE_CURVE('',#832,#832,#696,.T.);
#1026=EDGE_CURVE('',#833,#833,#697,.T.);
#1027=EDGE_CURVE('',#833,#834,#398,.T.);
#1028=EDGE_CURVE('',#834,#834,#698,.T.);
#1029=EDGE_CURVE('',#835,#835,#699,.T.);
#1030=EDGE_CURVE('',#835,#836,#399,.T.);
#1031=EDGE_CURVE('',#836,#836,#700,.T.);
#1032=EDGE_CURVE('',#837,#837,#701,.T.);
#1033=EDGE_CURVE('',#837,#838,#400,.T.);
#1034=EDGE_CURVE('',#838,#838,#702,.T.);
#1035=EDGE_CURVE('',#839,#839,#703,.T.);
#1036=EDGE_CURVE('',#839,#840,#401,.T.);
#1037=EDGE_CURVE('',#840,#840,#704,.T.);
#1038=EDGE_CURVE('',#841,#841,#705,.T.);
#1039=EDGE_CURVE('',#841,#842,#402,.T.);
#1040=EDGE_CURVE('',#842,#842,#706,.T.);
#1041=EDGE_CURVE('',#843,#843,#707,.T.);
#1042=EDGE_CURVE('',#843,#844,#403,.T.);
#1043=EDGE_CURVE('',#844,#844,#708,.T.);
#1044=EDGE_CURVE('',#845,#845,#709,.T.);
#1045=EDGE_CURVE('',#845,#846,#404,.T.);
#1046=EDGE_CURVE('',#846,#846,#710,.T.);
#1047=EDGE_CURVE('',#847,#847,#711,.T.);
#1048=EDGE_CURVE('',#847,#848,#405,.T.);
#1049=EDGE_CURVE('',#848,#848,#712,.T.);
#1050=EDGE_CURVE('',#849,#849,#713,.T.);
#1051=EDGE_CURVE('',#849,#850,#406,.T.);
#1052=EDGE_CURVE('',#850,#850,#714,.T.);
#1053=EDGE_CURVE('',#851,#851,#715,.T.);
#1054=EDGE_CURVE('',#851,#852,#407,.T.);
#1055=EDGE_CURVE('',#852,#852,#716,.T.);
#1056=EDGE_CURVE('',#853,#853,#717,.T.);
#1057=EDGE_CURVE('',#853,#854,#408,.T.);
#1058=EDGE_CURVE('',#854,#854,#718,.T.);
#1059=EDGE_CURVE('',#855,#855,#719,.T.);
#1060=EDGE_CURVE('',#855,#856,#409,.T.);
#1061=EDGE_CURVE('',#856,#856,#720,.T.);
#1062=EDGE_CURVE('',#857,#857,#721,.T.);
#1063=EDGE_CURVE('',#857,#858,#410,.T.);
#1064=EDGE_CURVE('',#858,#858,#722,.T.);
#1065=EDGE_CURVE('',#859,#859,#723,.T.);
#1066=EDGE_CURVE('',#859,#860,#411,.T.);
#1067=EDGE_CURVE('',#860,#860,#724,.T.);
#1068=EDGE_CURVE('',#861,#861,#725,.T.);
#1069=EDGE_CURVE('',#861,#862,#412,.T.);
#1070=EDGE_CURVE('',#862,#862,#726,.T.);
#1071=EDGE_CURVE('',#863,#863,#727,.T.);
#1072=EDGE_CURVE('',#863,#864,#413,.T.);
#1073=EDGE_CURVE('',#864,#864,#728,.T.);
#1074=EDGE_CURVE('',#865,#865,#729,.T.);
#1075=EDGE_CURVE('',#865,#866,#414,.T.);
#1076=EDGE_CURVE('',#866,#866,#730,.T.);
#1077=EDGE_CURVE('',#867,#867,#731,.T.);
#1078=EDGE_CURVE('',#867,#868,#415,.T.);
#1079=EDGE_CURVE('',#868,#868,#732,.T.);
#1080=EDGE_CURVE('',#869,#869,#733,.T.);
#1081=EDGE_CURVE('',#869,#870,#416,.T.);
#1082=EDGE_CURVE('',#870,#870,#734,.T.);
#1083=EDGE_CURVE('',#871,#871,#735,.T.);
#1084=EDGE_CURVE('',#871,#872,#417,.T.);
#1085=EDGE_CURVE('',#872,#872,#736,.T.);
#1086=EDGE_CURVE('',#873,#873,#737,.T.);
#1087=EDGE_CURVE('',#873,#874,#418,.T.);
#1088=EDGE_CURVE('',#874,#874,#738,.T.);
#1089=EDGE_CURVE('',#875,#875,#739,.T.);
#1090=EDGE_CURVE('',#875,#876,#419,.T.);
#1091=EDGE_CURVE('',#876,#876,#740,.T.);
#1092=EDGE_CURVE('',#877,#877,#741,.T.);
#1093=EDGE_CURVE('',#877,#878,#420,.T.);
#1094=EDGE_CURVE('',#878,#878,#742,.T.);
#1095=EDGE_CURVE('',#879,#879,#743,.T.);
#1096=EDGE_CURVE('',#879,#880,#421,.T.);
#1097=EDGE_CURVE('',#880,#880,#744,.T.);
#1098=EDGE_CURVE('',#881,#881,#745,.T.);
#1099=EDGE_CURVE('',#881,#882,#422,.T.);
#1100=EDGE_CURVE('',#882,#882,#746,.T.);
#1101=EDGE_CURVE('',#883,#883,#747,.T.);
#1102=EDGE_CURVE('',#883,#884,#423,.T.);
#1103=EDGE_CURVE('',#884,#884,#748,.T.);
#1104=EDGE_CURVE('',#885,#885,#749,.T.);
#1105=EDGE_CURVE('',#885,#886,#424,.T.);
#1106=EDGE_CURVE('',#886,#886,#750,.T.);
#1107=EDGE_CURVE('',#887,#887,#751,.T.);
#1108=EDGE_CURVE('',#887,#888,#425,.T.);
#1109=EDGE_CURVE('',#888,#888,#752,.T.);
#1110=EDGE_CURVE('',#889,#890,#753,.T.);
#1111=EDGE_CURVE('',#890,#891,#426,.T.);
#1112=EDGE_CURVE('',#891,#892,#754,.T.);
#1113=EDGE_CURVE('',#889,#892,#427,.T.);
#1114=EDGE_CURVE('',#893,#890,#428,.T.);
#1115=EDGE_CURVE('',#894,#893,#429,.T.);
#1116=EDGE_CURVE('',#891,#894,#430,.T.);
#1117=EDGE_CURVE('',#895,#889,#755,.T.);
#1118=EDGE_CURVE('',#895,#896,#431,.T.);
#1119=EDGE_CURVE('',#897,#896,#756,.T.);
#1120=EDGE_CURVE('',#898,#897,#757,.T.);
#1121=EDGE_CURVE('',#898,#899,#432,.T.);
#1122=EDGE_CURVE('',#899,#900,#758,.T.);
#1123=EDGE_CURVE('',#900,#901,#433,.T.);
#1124=EDGE_CURVE('',#902,#901,#759,.T.);
#1125=EDGE_CURVE('',#902,#903,#434,.T.);
#1126=EDGE_CURVE('',#904,#903,#760,.T.);
#1127=EDGE_CURVE('',#904,#905,#435,.T.);
#1128=EDGE_CURVE('',#906,#905,#761,.T.);
#1129=EDGE_CURVE('',#906,#907,#436,.T.);
#1130=EDGE_CURVE('',#908,#907,#762,.T.);
#1131=EDGE_CURVE('',#908,#909,#437,.T.);
#1132=EDGE_CURVE('',#909,#910,#763,.T.);
#1133=EDGE_CURVE('',#910,#911,#764,.T.);
#1134=EDGE_CURVE('',#911,#912,#438,.T.);
#1135=EDGE_CURVE('',#913,#912,#765,.T.);
#1136=EDGE_CURVE('',#913,#914,#439,.T.);
#1137=EDGE_CURVE('',#915,#914,#766,.T.);
#1138=EDGE_CURVE('',#915,#916,#440,.T.);
#1139=EDGE_CURVE('',#917,#916,#767,.T.);
#1140=EDGE_CURVE('',#917,#918,#441,.T.);
#1141=EDGE_CURVE('',#919,#918,#768,.T.);
#1142=EDGE_CURVE('',#919,#920,#442,.T.);
#1143=EDGE_CURVE('',#920,#921,#769,.T.);
#1144=EDGE_CURVE('',#921,#922,#770,.T.);
#1145=EDGE_CURVE('',#922,#923,#443,.T.);
#1146=EDGE_CURVE('',#924,#923,#771,.T.);
#1147=EDGE_CURVE('',#924,#925,#444,.T.);
#1148=EDGE_CURVE('',#926,#925,#772,.T.);
#1149=EDGE_CURVE('',#926,#927,#445,.T.);
#1150=EDGE_CURVE('',#928,#927,#773,.T.);
#1151=EDGE_CURVE('',#928,#929,#446,.T.);
#1152=EDGE_CURVE('',#930,#929,#774,.T.);
#1153=EDGE_CURVE('',#930,#931,#447,.T.);
#1154=EDGE_CURVE('',#931,#932,#775,.T.);
#1155=EDGE_CURVE('',#932,#933,#448,.T.);
#1156=EDGE_CURVE('',#934,#933,#776,.T.);
#1157=EDGE_CURVE('',#934,#935,#449,.T.);
#1158=EDGE_CURVE('',#936,#935,#777,.T.);
#1159=EDGE_CURVE('',#936,#937,#450,.T.);
#1160=EDGE_CURVE('',#938,#937,#778,.T.);
#1161=EDGE_CURVE('',#938,#939,#451,.T.);
#1162=EDGE_CURVE('',#893,#939,#779,.T.);
#1163=EDGE_CURVE('',#940,#941,#452,.T.);
#1164=EDGE_CURVE('',#942,#941,#780,.T.);
#1165=EDGE_CURVE('',#942,#943,#453,.T.);
#1166=EDGE_CURVE('',#944,#943,#781,.T.);
#1167=EDGE_CURVE('',#944,#945,#454,.T.);
#1168=EDGE_CURVE('',#946,#945,#782,.T.);
#1169=EDGE_CURVE('',#946,#947,#455,.T.);
#1170=EDGE_CURVE('',#940,#947,#783,.T.);
#1171=EDGE_CURVE('',#948,#949,#784,.T.);
#1172=EDGE_CURVE('',#949,#898,#456,.T.);
#1173=EDGE_CURVE('',#948,#897,#457,.T.);
#1174=EDGE_CURVE('',#950,#949,#458,.T.);
#1175=EDGE_CURVE('',#899,#950,#459,.T.);
#1176=EDGE_CURVE('',#951,#948,#785,.T.);
#1177=EDGE_CURVE('',#896,#951,#460,.T.);
#1178=EDGE_CURVE('',#892,#952,#786,.T.);
#1179=EDGE_CURVE('',#952,#895,#461,.T.);
#1180=EDGE_CURVE('',#951,#952,#462,.T.);
#1181=EDGE_CURVE('',#953,#894,#787,.T.);
#1182=EDGE_CURVE('',#953,#954,#463,.T.);
#1183=EDGE_CURVE('',#955,#954,#788,.T.);
#1184=EDGE_CURVE('',#955,#956,#464,.T.);
#1185=EDGE_CURVE('',#957,#956,#789,.T.);
#1186=EDGE_CURVE('',#957,#958,#465,.T.);
#1187=EDGE_CURVE('',#959,#958,#790,.T.);
#1188=EDGE_CURVE('',#959,#960,#466,.T.);
#1189=EDGE_CURVE('',#960,#961,#791,.T.);
#1190=EDGE_CURVE('',#961,#962,#467,.T.);
#1191=EDGE_CURVE('',#963,#962,#792,.T.);
#1192=EDGE_CURVE('',#963,#964,#468,.T.);
#1193=EDGE_CURVE('',#965,#964,#793,.T.);
#1194=EDGE_CURVE('',#965,#966,#469,.T.);
#1195=EDGE_CURVE('',#967,#966,#794,.T.);
#1196=EDGE_CURVE('',#967,#968,#470,.T.);
#1197=EDGE_CURVE('',#969,#968,#795,.T.);
#1198=EDGE_CURVE('',#969,#970,#471,.T.);
#1199=EDGE_CURVE('',#970,#971,#796,.T.);
#1200=EDGE_CURVE('',#971,#972,#472,.T.);
#1201=EDGE_CURVE('',#973,#972,#797,.T.);
#1202=EDGE_CURVE('',#973,#974,#473,.T.);
#1203=EDGE_CURVE('',#975,#974,#798,.T.);
#1204=EDGE_CURVE('',#975,#976,#474,.T.);
#1205=EDGE_CURVE('',#977,#976,#799,.T.);
#1206=EDGE_CURVE('',#977,#978,#475,.T.);
#1207=EDGE_CURVE('',#979,#978,#800,.T.);
#1208=EDGE_CURVE('',#979,#980,#476,.T.);
#1209=EDGE_CURVE('',#980,#981,#801,.T.);
#1210=EDGE_CURVE('',#981,#982,#477,.T.);
#1211=EDGE_CURVE('',#983,#982,#802,.T.);
#1212=EDGE_CURVE('',#983,#984,#478,.T.);
#1213=EDGE_CURVE('',#985,#984,#803,.T.);
#1214=EDGE_CURVE('',#985,#986,#479,.T.);
#1215=EDGE_CURVE('',#987,#986,#804,.T.);
#1216=EDGE_CURVE('',#987,#988,#480,.T.);
#1217=EDGE_CURVE('',#989,#988,#805,.T.);
#1218=EDGE_CURVE('',#989,#990,#481,.T.);
#1219=EDGE_CURVE('',#990,#950,#806,.T.);
#1220=EDGE_CURVE('',#991,#991,#807,.T.);
#1221=EDGE_CURVE('',#992,#992,#808,.T.);
#1222=EDGE_CURVE('',#993,#993,#809,.T.);
#1223=EDGE_CURVE('',#994,#994,#810,.T.);
#1224=EDGE_CURVE('',#995,#996,#482,.T.);
#1225=EDGE_CURVE('',#997,#996,#811,.T.);
#1226=EDGE_CURVE('',#997,#998,#483,.T.);
#1227=EDGE_CURVE('',#999,#998,#812,.T.);
#1228=EDGE_CURVE('',#999,#1000,#484,.T.);
#1229=EDGE_CURVE('',#1001,#1000,#813,.T.);
#1230=EDGE_CURVE('',#1001,#1002,#485,.T.);
#1231=EDGE_CURVE('',#995,#1002,#814,.T.);
#1232=EDGE_CURVE('',#945,#999,#486,.T.);
#1233=EDGE_CURVE('',#998,#946,#487,.T.);
#1234=EDGE_CURVE('',#1000,#944,#488,.T.);
#1235=EDGE_CURVE('',#947,#997,#489,.T.);
#1236=EDGE_CURVE('',#996,#940,#490,.T.);
#1237=EDGE_CURVE('',#943,#1001,#491,.T.);
#1238=EDGE_CURVE('',#1002,#942,#492,.T.);
#1239=EDGE_CURVE('',#941,#995,#493,.T.);
#1240=EDGE_CURVE('',#972,#919,#494,.T.);
#1241=EDGE_CURVE('',#918,#973,#495,.T.);
#1242=EDGE_CURVE('',#974,#917,#496,.T.);
#1243=EDGE_CURVE('',#916,#975,#497,.T.);
#1244=EDGE_CURVE('',#976,#915,#498,.T.);
#1245=EDGE_CURVE('',#914,#977,#499,.T.);
#1246=EDGE_CURVE('',#978,#913,#500,.T.);
#1247=EDGE_CURVE('',#912,#979,#501,.T.);
#1248=EDGE_CURVE('',#911,#980,#502,.T.);
#1249=EDGE_CURVE('',#982,#908,#503,.T.);
#1250=EDGE_CURVE('',#907,#983,#504,.T.);
#1251=EDGE_CURVE('',#984,#906,#505,.T.);
#1252=EDGE_CURVE('',#905,#985,#506,.T.);
#1253=EDGE_CURVE('',#986,#904,#507,.T.);
#1254=EDGE_CURVE('',#901,#989,#508,.T.);
#1255=EDGE_CURVE('',#988,#902,#509,.T.);
#1256=EDGE_CURVE('',#903,#987,#510,.T.);
#1257=EDGE_CURVE('',#939,#953,#511,.T.);
#1258=EDGE_CURVE('',#954,#938,#512,.T.);
#1259=EDGE_CURVE('',#937,#955,#513,.T.);
#1260=EDGE_CURVE('',#956,#936,#514,.T.);
#1261=EDGE_CURVE('',#933,#959,#515,.T.);
#1262=EDGE_CURVE('',#958,#934,#516,.T.);
#1263=EDGE_CURVE('',#935,#957,#517,.T.);
#1264=EDGE_CURVE('',#923,#969,#518,.T.);
#1265=EDGE_CURVE('',#968,#924,#519,.T.);
#1266=EDGE_CURVE('',#925,#967,#520,.T.);
#1267=EDGE_CURVE('',#966,#926,#521,.T.);
#1268=EDGE_CURVE('',#927,#965,#522,.T.);
#1269=EDGE_CURVE('',#964,#928,#523,.T.);
#1270=EDGE_CURVE('',#962,#930,#524,.T.);
#1271=EDGE_CURVE('',#929,#963,#525,.T.);
#1272=EDGE_CURVE('',#931,#961,#526,.T.);
#1273=EDGE_CURVE('',#922,#970,#527,.T.);
#1274=EDGE_CURVE('',#932,#960,#528,.T.);
#1275=EDGE_CURVE('',#920,#971,#529,.T.);
#1276=EDGE_CURVE('',#900,#990,#530,.T.);
#1277=EDGE_CURVE('',#909,#981,#531,.T.);
#1278=EDGE_CURVE('',#1003,#1003,#815,.T.);
#1279=EDGE_CURVE('',#1004,#1004,#816,.T.);
#1280=EDGE_CURVE('',#1005,#1005,#817,.T.);
#1281=EDGE_CURVE('',#1006,#1006,#818,.T.);
#1282=EDGE_CURVE('',#1007,#1007,#819,.T.);
#1283=EDGE_CURVE('',#1008,#1008,#820,.T.);
#1284=EDGE_CURVE('',#1009,#1009,#821,.T.);
#1285=EDGE_CURVE('',#1010,#1010,#822,.T.);
#1286=EDGE_CURVE('',#994,#1004,#532,.T.);
#1287=EDGE_CURVE('',#993,#1010,#533,.T.);
#1288=EDGE_CURVE('',#992,#1006,#534,.T.);
#1289=EDGE_CURVE('',#991,#1008,#535,.T.);
#1290=EDGE_CURVE('',#921,#1007,#536,.T.);
#1291=EDGE_CURVE('',#932,#1009,#537,.T.);
#1292=EDGE_CURVE('',#899,#1005,#538,.T.);
#1293=EDGE_CURVE('',#910,#1003,#539,.T.);
#1294=ORIENTED_EDGE('',*,*,#1011,.F.);
#1295=ORIENTED_EDGE('',*,*,#1012,.T.);
#1296=ORIENTED_EDGE('',*,*,#1013,.F.);
#1297=ORIENTED_EDGE('',*,*,#1012,.F.);
#1298=ORIENTED_EDGE('',*,*,#1014,.F.);
#1299=ORIENTED_EDGE('',*,*,#1015,.T.);
#1300=ORIENTED_EDGE('',*,*,#1016,.F.);
#1301=ORIENTED_EDGE('',*,*,#1015,.F.);
#1302=ORIENTED_EDGE('',*,*,#1017,.F.);
#1303=ORIENTED_EDGE('',*,*,#1018,.T.);
#1304=ORIENTED_EDGE('',*,*,#1019,.F.);
#1305=ORIENTED_EDGE('',*,*,#1018,.F.);
#1306=ORIENTED_EDGE('',*,*,#1020,.F.);
#1307=ORIENTED_EDGE('',*,*,#1021,.T.);
#1308=ORIENTED_EDGE('',*,*,#1022,.F.);
#1309=ORIENTED_EDGE('',*,*,#1021,.F.);
#1310=ORIENTED_EDGE('',*,*,#1023,.F.);
#1311=ORIENTED_EDGE('',*,*,#1024,.T.);
#1312=ORIENTED_EDGE('',*,*,#1025,.F.);
#1313=ORIENTED_EDGE('',*,*,#1024,.F.);
#1314=ORIENTED_EDGE('',*,*,#1026,.F.);
#1315=ORIENTED_EDGE('',*,*,#1027,.T.);
#1316=ORIENTED_EDGE('',*,*,#1028,.F.);
#1317=ORIENTED_EDGE('',*,*,#1027,.F.);
#1318=ORIENTED_EDGE('',*,*,#1029,.F.);
#1319=ORIENTED_EDGE('',*,*,#1030,.T.);
#1320=ORIENTED_EDGE('',*,*,#1031,.F.);
#1321=ORIENTED_EDGE('',*,*,#1030,.F.);
#1322=ORIENTED_EDGE('',*,*,#1032,.F.);
#1323=ORIENTED_EDGE('',*,*,#1033,.T.);
#1324=ORIENTED_EDGE('',*,*,#1034,.F.);
#1325=ORIENTED_EDGE('',*,*,#1033,.F.);
#1326=ORIENTED_EDGE('',*,*,#1035,.F.);
#1327=ORIENTED_EDGE('',*,*,#1036,.T.);
#1328=ORIENTED_EDGE('',*,*,#1037,.F.);
#1329=ORIENTED_EDGE('',*,*,#1036,.F.);
#1330=ORIENTED_EDGE('',*,*,#1038,.F.);
#1331=ORIENTED_EDGE('',*,*,#1039,.T.);
#1332=ORIENTED_EDGE('',*,*,#1040,.F.);
#1333=ORIENTED_EDGE('',*,*,#1039,.F.);
#1334=ORIENTED_EDGE('',*,*,#1041,.F.);
#1335=ORIENTED_EDGE('',*,*,#1042,.T.);
#1336=ORIENTED_EDGE('',*,*,#1043,.F.);
#1337=ORIENTED_EDGE('',*,*,#1042,.F.);
#1338=ORIENTED_EDGE('',*,*,#1044,.F.);
#1339=ORIENTED_EDGE('',*,*,#1045,.T.);
#1340=ORIENTED_EDGE('',*,*,#1046,.F.);
#1341=ORIENTED_EDGE('',*,*,#1045,.F.);
#1342=ORIENTED_EDGE('',*,*,#1047,.F.);
#1343=ORIENTED_EDGE('',*,*,#1048,.T.);
#1344=ORIENTED_EDGE('',*,*,#1049,.F.);
#1345=ORIENTED_EDGE('',*,*,#1048,.F.);
#1346=ORIENTED_EDGE('',*,*,#1050,.F.);
#1347=ORIENTED_EDGE('',*,*,#1051,.T.);
#1348=ORIENTED_EDGE('',*,*,#1052,.F.);
#1349=ORIENTED_EDGE('',*,*,#1051,.F.);
#1350=ORIENTED_EDGE('',*,*,#1053,.F.);
#1351=ORIENTED_EDGE('',*,*,#1054,.T.);
#1352=ORIENTED_EDGE('',*,*,#1055,.F.);
#1353=ORIENTED_EDGE('',*,*,#1054,.F.);
#1354=ORIENTED_EDGE('',*,*,#1056,.F.);
#1355=ORIENTED_EDGE('',*,*,#1057,.T.);
#1356=ORIENTED_EDGE('',*,*,#1058,.F.);
#1357=ORIENTED_EDGE('',*,*,#1057,.F.);
#1358=ORIENTED_EDGE('',*,*,#1059,.F.);
#1359=ORIENTED_EDGE('',*,*,#1060,.T.);
#1360=ORIENTED_EDGE('',*,*,#1061,.F.);
#1361=ORIENTED_EDGE('',*,*,#1060,.F.);
#1362=ORIENTED_EDGE('',*,*,#1062,.F.);
#1363=ORIENTED_EDGE('',*,*,#1063,.T.);
#1364=ORIENTED_EDGE('',*,*,#1064,.F.);
#1365=ORIENTED_EDGE('',*,*,#1063,.F.);
#1366=ORIENTED_EDGE('',*,*,#1065,.F.);
#1367=ORIENTED_EDGE('',*,*,#1066,.T.);
#1368=ORIENTED_EDGE('',*,*,#1067,.F.);
#1369=ORIENTED_EDGE('',*,*,#1066,.F.);
#1370=ORIENTED_EDGE('',*,*,#1068,.F.);
#1371=ORIENTED_EDGE('',*,*,#1069,.T.);
#1372=ORIENTED_EDGE('',*,*,#1070,.F.);
#1373=ORIENTED_EDGE('',*,*,#1069,.F.);
#1374=ORIENTED_EDGE('',*,*,#1071,.F.);
#1375=ORIENTED_EDGE('',*,*,#1072,.T.);
#1376=ORIENTED_EDGE('',*,*,#1073,.F.);
#1377=ORIENTED_EDGE('',*,*,#1072,.F.);
#1378=ORIENTED_EDGE('',*,*,#1074,.F.);
#1379=ORIENTED_EDGE('',*,*,#1075,.T.);
#1380=ORIENTED_EDGE('',*,*,#1076,.F.);
#1381=ORIENTED_EDGE('',*,*,#1075,.F.);
#1382=ORIENTED_EDGE('',*,*,#1077,.F.);
#1383=ORIENTED_EDGE('',*,*,#1078,.T.);
#1384=ORIENTED_EDGE('',*,*,#1079,.F.);
#1385=ORIENTED_EDGE('',*,*,#1078,.F.);
#1386=ORIENTED_EDGE('',*,*,#1080,.F.);
#1387=ORIENTED_EDGE('',*,*,#1081,.T.);
#1388=ORIENTED_EDGE('',*,*,#1082,.F.);
#1389=ORIENTED_EDGE('',*,*,#1081,.F.);
#1390=ORIENTED_EDGE('',*,*,#1083,.F.);
#1391=ORIENTED_EDGE('',*,*,#1084,.T.);
#1392=ORIENTED_EDGE('',*,*,#1085,.F.);
#1393=ORIENTED_EDGE('',*,*,#1084,.F.);
#1394=ORIENTED_EDGE('',*,*,#1086,.F.);
#1395=ORIENTED_EDGE('',*,*,#1087,.T.);
#1396=ORIENTED_EDGE('',*,*,#1088,.F.);
#1397=ORIENTED_EDGE('',*,*,#1087,.F.);
#1398=ORIENTED_EDGE('',*,*,#1089,.F.);
#1399=ORIENTED_EDGE('',*,*,#1090,.T.);
#1400=ORIENTED_EDGE('',*,*,#1091,.F.);
#1401=ORIENTED_EDGE('',*,*,#1090,.F.);
#1402=ORIENTED_EDGE('',*,*,#1092,.F.);
#1403=ORIENTED_EDGE('',*,*,#1093,.T.);
#1404=ORIENTED_EDGE('',*,*,#1094,.F.);
#1405=ORIENTED_EDGE('',*,*,#1093,.F.);
#1406=ORIENTED_EDGE('',*,*,#1095,.F.);
#1407=ORIENTED_EDGE('',*,*,#1096,.T.);
#1408=ORIENTED_EDGE('',*,*,#1097,.F.);
#1409=ORIENTED_EDGE('',*,*,#1096,.F.);
#1410=ORIENTED_EDGE('',*,*,#1098,.F.);
#1411=ORIENTED_EDGE('',*,*,#1099,.T.);
#1412=ORIENTED_EDGE('',*,*,#1100,.F.);
#1413=ORIENTED_EDGE('',*,*,#1099,.F.);
#1414=ORIENTED_EDGE('',*,*,#1101,.F.);
#1415=ORIENTED_EDGE('',*,*,#1102,.T.);
#1416=ORIENTED_EDGE('',*,*,#1103,.F.);
#1417=ORIENTED_EDGE('',*,*,#1102,.F.);
#1418=ORIENTED_EDGE('',*,*,#1104,.F.);
#1419=ORIENTED_EDGE('',*,*,#1105,.T.);
#1420=ORIENTED_EDGE('',*,*,#1106,.F.);
#1421=ORIENTED_EDGE('',*,*,#1105,.F.);
#1422=ORIENTED_EDGE('',*,*,#1107,.F.);
#1423=ORIENTED_EDGE('',*,*,#1108,.T.);
#1424=ORIENTED_EDGE('',*,*,#1109,.F.);
#1425=ORIENTED_EDGE('',*,*,#1108,.F.);
#1426=ORIENTED_EDGE('',*,*,#1110,.T.);
#1427=ORIENTED_EDGE('',*,*,#1111,.T.);
#1428=ORIENTED_EDGE('',*,*,#1112,.T.);
#1429=ORIENTED_EDGE('',*,*,#1113,.F.);
#1430=ORIENTED_EDGE('',*,*,#1111,.F.);
#1431=ORIENTED_EDGE('',*,*,#1114,.F.);
#1432=ORIENTED_EDGE('',*,*,#1115,.F.);
#1433=ORIENTED_EDGE('',*,*,#1116,.F.);
#1434=ORIENTED_EDGE('',*,*,#1110,.F.);
#1435=ORIENTED_EDGE('',*,*,#1117,.F.);
#1436=ORIENTED_EDGE('',*,*,#1118,.T.);
#1437=ORIENTED_EDGE('',*,*,#1119,.F.);
#1438=ORIENTED_EDGE('',*,*,#1120,.F.);
#1439=ORIENTED_EDGE('',*,*,#1121,.T.);
#1440=ORIENTED_EDGE('',*,*,#1122,.T.);
#1441=ORIENTED_EDGE('',*,*,#1123,.T.);
#1442=ORIENTED_EDGE('',*,*,#1124,.F.);
#1443=ORIENTED_EDGE('',*,*,#1125,.T.);
#1444=ORIENTED_EDGE('',*,*,#1126,.F.);
#1445=ORIENTED_EDGE('',*,*,#1127,.T.);
#1446=ORIENTED_EDGE('',*,*,#1128,.F.);
#1447=ORIENTED_EDGE('',*,*,#1129,.T.);
#1448=ORIENTED_EDGE('',*,*,#1130,.F.);
#1449=ORIENTED_EDGE('',*,*,#1131,.T.);
#1450=ORIENTED_EDGE('',*,*,#1132,.T.);
#1451=ORIENTED_EDGE('',*,*,#1133,.T.);
#1452=ORIENTED_EDGE('',*,*,#1134,.T.);
#1453=ORIENTED_EDGE('',*,*,#1135,.F.);
#1454=ORIENTED_EDGE('',*,*,#1136,.T.);
#1455=ORIENTED_EDGE('',*,*,#1137,.F.);
#1456=ORIENTED_EDGE('',*,*,#1138,.T.);
#1457=ORIENTED_EDGE('',*,*,#1139,.F.);
#1458=ORIENTED_EDGE('',*,*,#1140,.T.);
#1459=ORIENTED_EDGE('',*,*,#1141,.F.);
#1460=ORIENTED_EDGE('',*,*,#1142,.T.);
#1461=ORIENTED_EDGE('',*,*,#1143,.T.);
#1462=ORIENTED_EDGE('',*,*,#1144,.T.);
#1463=ORIENTED_EDGE('',*,*,#1145,.T.);
#1464=ORIENTED_EDGE('',*,*,#1146,.F.);
#1465=ORIENTED_EDGE('',*,*,#1147,.T.);
#1466=ORIENTED_EDGE('',*,*,#1148,.F.);
#1467=ORIENTED_EDGE('',*,*,#1149,.T.);
#1468=ORIENTED_EDGE('',*,*,#1150,.F.);
#1469=ORIENTED_EDGE('',*,*,#1151,.T.);
#1470=ORIENTED_EDGE('',*,*,#1152,.F.);
#1471=ORIENTED_EDGE('',*,*,#1153,.T.);
#1472=ORIENTED_EDGE('',*,*,#1154,.T.);
#1473=ORIENTED_EDGE('',*,*,#1155,.T.);
#1474=ORIENTED_EDGE('',*,*,#1156,.F.);
#1475=ORIENTED_EDGE('',*,*,#1157,.T.);
#1476=ORIENTED_EDGE('',*,*,#1158,.F.);
#1477=ORIENTED_EDGE('',*,*,#1159,.T.);
#1478=ORIENTED_EDGE('',*,*,#1160,.F.);
#1479=ORIENTED_EDGE('',*,*,#1161,.T.);
#1480=ORIENTED_EDGE('',*,*,#1162,.F.);
#1481=ORIENTED_EDGE('',*,*,#1114,.T.);
#1482=ORIENTED_EDGE('',*,*,#1011,.T.);
#1483=ORIENTED_EDGE('',*,*,#1014,.T.);
#1484=ORIENTED_EDGE('',*,*,#1017,.T.);
#1485=ORIENTED_EDGE('',*,*,#1020,.T.);
#1486=ORIENTED_EDGE('',*,*,#1023,.T.);
#1487=ORIENTED_EDGE('',*,*,#1026,.T.);
#1488=ORIENTED_EDGE('',*,*,#1029,.T.);
#1489=ORIENTED_EDGE('',*,*,#1032,.T.);
#1490=ORIENTED_EDGE('',*,*,#1035,.T.);
#1491=ORIENTED_EDGE('',*,*,#1038,.T.);
#1492=ORIENTED_EDGE('',*,*,#1041,.T.);
#1493=ORIENTED_EDGE('',*,*,#1044,.T.);
#1494=ORIENTED_EDGE('',*,*,#1047,.T.);
#1495=ORIENTED_EDGE('',*,*,#1050,.T.);
#1496=ORIENTED_EDGE('',*,*,#1053,.T.);
#1497=ORIENTED_EDGE('',*,*,#1056,.T.);
#1498=ORIENTED_EDGE('',*,*,#1059,.T.);
#1499=ORIENTED_EDGE('',*,*,#1062,.T.);
#1500=ORIENTED_EDGE('',*,*,#1065,.T.);
#1501=ORIENTED_EDGE('',*,*,#1068,.T.);
#1502=ORIENTED_EDGE('',*,*,#1071,.T.);
#1503=ORIENTED_EDGE('',*,*,#1074,.T.);
#1504=ORIENTED_EDGE('',*,*,#1077,.T.);
#1505=ORIENTED_EDGE('',*,*,#1080,.T.);
#1506=ORIENTED_EDGE('',*,*,#1083,.T.);
#1507=ORIENTED_EDGE('',*,*,#1086,.T.);
#1508=ORIENTED_EDGE('',*,*,#1089,.T.);
#1509=ORIENTED_EDGE('',*,*,#1092,.T.);
#1510=ORIENTED_EDGE('',*,*,#1095,.T.);
#1511=ORIENTED_EDGE('',*,*,#1098,.T.);
#1512=ORIENTED_EDGE('',*,*,#1101,.T.);
#1513=ORIENTED_EDGE('',*,*,#1104,.T.);
#1514=ORIENTED_EDGE('',*,*,#1107,.T.);
#1515=ORIENTED_EDGE('',*,*,#1163,.T.);
#1516=ORIENTED_EDGE('',*,*,#1164,.F.);
#1517=ORIENTED_EDGE('',*,*,#1165,.T.);
#1518=ORIENTED_EDGE('',*,*,#1166,.F.);
#1519=ORIENTED_EDGE('',*,*,#1167,.T.);
#1520=ORIENTED_EDGE('',*,*,#1168,.F.);
#1521=ORIENTED_EDGE('',*,*,#1169,.T.);
#1522=ORIENTED_EDGE('',*,*,#1170,.F.);
#1523=ORIENTED_EDGE('',*,*,#1171,.T.);
#1524=ORIENTED_EDGE('',*,*,#1172,.T.);
#1525=ORIENTED_EDGE('',*,*,#1120,.T.);
#1526=ORIENTED_EDGE('',*,*,#1173,.F.);
#1527=ORIENTED_EDGE('',*,*,#1172,.F.);
#1528=ORIENTED_EDGE('',*,*,#1174,.F.);
#1529=ORIENTED_EDGE('',*,*,#1175,.F.);
#1530=ORIENTED_EDGE('',*,*,#1121,.F.);
#1531=ORIENTED_EDGE('',*,*,#1176,.T.);
#1532=ORIENTED_EDGE('',*,*,#1173,.T.);
#1533=ORIENTED_EDGE('',*,*,#1119,.T.);
#1534=ORIENTED_EDGE('',*,*,#1177,.T.);
#1535=ORIENTED_EDGE('',*,*,#1178,.T.);
#1536=ORIENTED_EDGE('',*,*,#1179,.T.);
#1537=ORIENTED_EDGE('',*,*,#1117,.T.);
#1538=ORIENTED_EDGE('',*,*,#1113,.T.);
#1539=ORIENTED_EDGE('',*,*,#1177,.F.);
#1540=ORIENTED_EDGE('',*,*,#1118,.F.);
#1541=ORIENTED_EDGE('',*,*,#1179,.F.);
#1542=ORIENTED_EDGE('',*,*,#1180,.F.);
#1543=ORIENTED_EDGE('',*,*,#1112,.F.);
#1544=ORIENTED_EDGE('',*,*,#1116,.T.);
#1545=ORIENTED_EDGE('',*,*,#1181,.F.);
#1546=ORIENTED_EDGE('',*,*,#1182,.T.);
#1547=ORIENTED_EDGE('',*,*,#1183,.F.);
#1548=ORIENTED_EDGE('',*,*,#1184,.T.);
#1549=ORIENTED_EDGE('',*,*,#1185,.F.);
#1550=ORIENTED_EDGE('',*,*,#1186,.T.);
#1551=ORIENTED_EDGE('',*,*,#1187,.F.);
#1552=ORIENTED_EDGE('',*,*,#1188,.T.);
#1553=ORIENTED_EDGE('',*,*,#1189,.T.);
#1554=ORIENTED_EDGE('',*,*,#1190,.T.);
#1555=ORIENTED_EDGE('',*,*,#1191,.F.);
#1556=ORIENTED_EDGE('',*,*,#1192,.T.);
#1557=ORIENTED_EDGE('',*,*,#1193,.F.);
#1558=ORIENTED_EDGE('',*,*,#1194,.T.);
#1559=ORIENTED_EDGE('',*,*,#1195,.F.);
#1560=ORIENTED_EDGE('',*,*,#1196,.T.);
#1561=ORIENTED_EDGE('',*,*,#1197,.F.);
#1562=ORIENTED_EDGE('',*,*,#1198,.T.);
#1563=ORIENTED_EDGE('',*,*,#1199,.T.);
#1564=ORIENTED_EDGE('',*,*,#1200,.T.);
#1565=ORIENTED_EDGE('',*,*,#1201,.F.);
#1566=ORIENTED_EDGE('',*,*,#1202,.T.);
#1567=ORIENTED_EDGE('',*,*,#1203,.F.);
#1568=ORIENTED_EDGE('',*,*,#1204,.T.);
#1569=ORIENTED_EDGE('',*,*,#1205,.F.);
#1570=ORIENTED_EDGE('',*,*,#1206,.T.);
#1571=ORIENTED_EDGE('',*,*,#1207,.F.);
#1572=ORIENTED_EDGE('',*,*,#1208,.T.);
#1573=ORIENTED_EDGE('',*,*,#1209,.T.);
#1574=ORIENTED_EDGE('',*,*,#1210,.T.);
#1575=ORIENTED_EDGE('',*,*,#1211,.F.);
#1576=ORIENTED_EDGE('',*,*,#1212,.T.);
#1577=ORIENTED_EDGE('',*,*,#1213,.F.);
#1578=ORIENTED_EDGE('',*,*,#1214,.T.);
#1579=ORIENTED_EDGE('',*,*,#1215,.F.);
#1580=ORIENTED_EDGE('',*,*,#1216,.T.);
#1581=ORIENTED_EDGE('',*,*,#1217,.F.);
#1582=ORIENTED_EDGE('',*,*,#1218,.T.);
#1583=ORIENTED_EDGE('',*,*,#1219,.T.);
#1584=ORIENTED_EDGE('',*,*,#1174,.T.);
#1585=ORIENTED_EDGE('',*,*,#1171,.F.);
#1586=ORIENTED_EDGE('',*,*,#1176,.F.);
#1587=ORIENTED_EDGE('',*,*,#1180,.T.);
#1588=ORIENTED_EDGE('',*,*,#1178,.F.);
#1589=ORIENTED_EDGE('',*,*,#1013,.T.);
#1590=ORIENTED_EDGE('',*,*,#1016,.T.);
#1591=ORIENTED_EDGE('',*,*,#1019,.T.);
#1592=ORIENTED_EDGE('',*,*,#1022,.T.);
#1593=ORIENTED_EDGE('',*,*,#1025,.T.);
#1594=ORIENTED_EDGE('',*,*,#1028,.T.);
#1595=ORIENTED_EDGE('',*,*,#1031,.T.);
#1596=ORIENTED_EDGE('',*,*,#1034,.T.);
#1597=ORIENTED_EDGE('',*,*,#1037,.T.);
#1598=ORIENTED_EDGE('',*,*,#1040,.T.);
#1599=ORIENTED_EDGE('',*,*,#1043,.T.);
#1600=ORIENTED_EDGE('',*,*,#1046,.T.);
#1601=ORIENTED_EDGE('',*,*,#1049,.T.);
#1602=ORIENTED_EDGE('',*,*,#1052,.T.);
#1603=ORIENTED_EDGE('',*,*,#1055,.T.);
#1604=ORIENTED_EDGE('',*,*,#1058,.T.);
#1605=ORIENTED_EDGE('',*,*,#1061,.T.);
#1606=ORIENTED_EDGE('',*,*,#1064,.T.);
#1607=ORIENTED_EDGE('',*,*,#1067,.T.);
#1608=ORIENTED_EDGE('',*,*,#1070,.T.);
#1609=ORIENTED_EDGE('',*,*,#1073,.T.);
#1610=ORIENTED_EDGE('',*,*,#1076,.T.);
#1611=ORIENTED_EDGE('',*,*,#1079,.T.);
#1612=ORIENTED_EDGE('',*,*,#1082,.T.);
#1613=ORIENTED_EDGE('',*,*,#1085,.T.);
#1614=ORIENTED_EDGE('',*,*,#1088,.T.);
#1615=ORIENTED_EDGE('',*,*,#1091,.T.);
#1616=ORIENTED_EDGE('',*,*,#1094,.T.);
#1617=ORIENTED_EDGE('',*,*,#1097,.T.);
#1618=ORIENTED_EDGE('',*,*,#1100,.T.);
#1619=ORIENTED_EDGE('',*,*,#1103,.T.);
#1620=ORIENTED_EDGE('',*,*,#1106,.T.);
#1621=ORIENTED_EDGE('',*,*,#1109,.T.);
#1622=ORIENTED_EDGE('',*,*,#1220,.T.);
#1623=ORIENTED_EDGE('',*,*,#1221,.T.);
#1624=ORIENTED_EDGE('',*,*,#1222,.T.);
#1625=ORIENTED_EDGE('',*,*,#1223,.T.);
#1626=ORIENTED_EDGE('',*,*,#1224,.T.);
#1627=ORIENTED_EDGE('',*,*,#1225,.F.);
#1628=ORIENTED_EDGE('',*,*,#1226,.T.);
#1629=ORIENTED_EDGE('',*,*,#1227,.F.);
#1630=ORIENTED_EDGE('',*,*,#1228,.T.);
#1631=ORIENTED_EDGE('',*,*,#1229,.F.);
#1632=ORIENTED_EDGE('',*,*,#1230,.T.);
#1633=ORIENTED_EDGE('',*,*,#1231,.F.);
#1634=ORIENTED_EDGE('',*,*,#1168,.T.);
#1635=ORIENTED_EDGE('',*,*,#1232,.T.);
#1636=ORIENTED_EDGE('',*,*,#1227,.T.);
#1637=ORIENTED_EDGE('',*,*,#1233,.T.);
#1638=ORIENTED_EDGE('',*,*,#1232,.F.);
#1639=ORIENTED_EDGE('',*,*,#1167,.F.);
#1640=ORIENTED_EDGE('',*,*,#1234,.F.);
#1641=ORIENTED_EDGE('',*,*,#1228,.F.);
#1642=ORIENTED_EDGE('',*,*,#1170,.T.);
#1643=ORIENTED_EDGE('',*,*,#1235,.T.);
#1644=ORIENTED_EDGE('',*,*,#1225,.T.);
#1645=ORIENTED_EDGE('',*,*,#1236,.T.);
#1646=ORIENTED_EDGE('',*,*,#1233,.F.);
#1647=ORIENTED_EDGE('',*,*,#1226,.F.);
#1648=ORIENTED_EDGE('',*,*,#1235,.F.);
#1649=ORIENTED_EDGE('',*,*,#1169,.F.);
#1650=ORIENTED_EDGE('',*,*,#1166,.T.);
#1651=ORIENTED_EDGE('',*,*,#1237,.T.);
#1652=ORIENTED_EDGE('',*,*,#1229,.T.);
#1653=ORIENTED_EDGE('',*,*,#1234,.T.);
#1654=ORIENTED_EDGE('',*,*,#1237,.F.);
#1655=ORIENTED_EDGE('',*,*,#1165,.F.);
#1656=ORIENTED_EDGE('',*,*,#1238,.F.);
#1657=ORIENTED_EDGE('',*,*,#1230,.F.);
#1658=ORIENTED_EDGE('',*,*,#1164,.T.);
#1659=ORIENTED_EDGE('',*,*,#1239,.T.);
#1660=ORIENTED_EDGE('',*,*,#1231,.T.);
#1661=ORIENTED_EDGE('',*,*,#1238,.T.);
#1662=ORIENTED_EDGE('',*,*,#1236,.F.);
#1663=ORIENTED_EDGE('',*,*,#1224,.F.);
#1664=ORIENTED_EDGE('',*,*,#1239,.F.);
#1665=ORIENTED_EDGE('',*,*,#1163,.F.);
#1666=ORIENTED_EDGE('',*,*,#1201,.T.);
#1667=ORIENTED_EDGE('',*,*,#1240,.T.);
#1668=ORIENTED_EDGE('',*,*,#1141,.T.);
#1669=ORIENTED_EDGE('',*,*,#1241,.T.);
#1670=ORIENTED_EDGE('',*,*,#1241,.F.);
#1671=ORIENTED_EDGE('',*,*,#1140,.F.);
#1672=ORIENTED_EDGE('',*,*,#1242,.F.);
#1673=ORIENTED_EDGE('',*,*,#1202,.F.);
#1674=ORIENTED_EDGE('',*,*,#1139,.T.);
#1675=ORIENTED_EDGE('',*,*,#1243,.T.);
#1676=ORIENTED_EDGE('',*,*,#1203,.T.);
#1677=ORIENTED_EDGE('',*,*,#1242,.T.);
#1678=ORIENTED_EDGE('',*,*,#1243,.F.);
#1679=ORIENTED_EDGE('',*,*,#1138,.F.);
#1680=ORIENTED_EDGE('',*,*,#1244,.F.);
#1681=ORIENTED_EDGE('',*,*,#1204,.F.);
#1682=ORIENTED_EDGE('',*,*,#1137,.T.);
#1683=ORIENTED_EDGE('',*,*,#1245,.T.);
#1684=ORIENTED_EDGE('',*,*,#1205,.T.);
#1685=ORIENTED_EDGE('',*,*,#1244,.T.);
#1686=ORIENTED_EDGE('',*,*,#1245,.F.);
#1687=ORIENTED_EDGE('',*,*,#1136,.F.);
#1688=ORIENTED_EDGE('',*,*,#1246,.F.);
#1689=ORIENTED_EDGE('',*,*,#1206,.F.);
#1690=ORIENTED_EDGE('',*,*,#1135,.T.);
#1691=ORIENTED_EDGE('',*,*,#1247,.T.);
#1692=ORIENTED_EDGE('',*,*,#1207,.T.);
#1693=ORIENTED_EDGE('',*,*,#1246,.T.);
#1694=ORIENTED_EDGE('',*,*,#1247,.F.);
#1695=ORIENTED_EDGE('',*,*,#1134,.F.);
#1696=ORIENTED_EDGE('',*,*,#1248,.T.);
#1697=ORIENTED_EDGE('',*,*,#1208,.F.);
#1698=ORIENTED_EDGE('',*,*,#1211,.T.);
#1699=ORIENTED_EDGE('',*,*,#1249,.T.);
#1700=ORIENTED_EDGE('',*,*,#1130,.T.);
#1701=ORIENTED_EDGE('',*,*,#1250,.T.);
#1702=ORIENTED_EDGE('',*,*,#1250,.F.);
#1703=ORIENTED_EDGE('',*,*,#1129,.F.);
#1704=ORIENTED_EDGE('',*,*,#1251,.F.);
#1705=ORIENTED_EDGE('',*,*,#1212,.F.);
#1706=ORIENTED_EDGE('',*,*,#1128,.T.);
#1707=ORIENTED_EDGE('',*,*,#1252,.T.);
#1708=ORIENTED_EDGE('',*,*,#1213,.T.);
#1709=ORIENTED_EDGE('',*,*,#1251,.T.);
#1710=ORIENTED_EDGE('',*,*,#1252,.F.);
#1711=ORIENTED_EDGE('',*,*,#1127,.F.);
#1712=ORIENTED_EDGE('',*,*,#1253,.F.);
#1713=ORIENTED_EDGE('',*,*,#1214,.F.);
#1714=ORIENTED_EDGE('',*,*,#1124,.T.);
#1715=ORIENTED_EDGE('',*,*,#1254,.T.);
#1716=ORIENTED_EDGE('',*,*,#1217,.T.);
#1717=ORIENTED_EDGE('',*,*,#1255,.T.);
#1718=ORIENTED_EDGE('',*,*,#1255,.F.);
#1719=ORIENTED_EDGE('',*,*,#1216,.F.);
#1720=ORIENTED_EDGE('',*,*,#1256,.F.);
#1721=ORIENTED_EDGE('',*,*,#1125,.F.);
#1722=ORIENTED_EDGE('',*,*,#1126,.T.);
#1723=ORIENTED_EDGE('',*,*,#1256,.T.);
#1724=ORIENTED_EDGE('',*,*,#1215,.T.);
#1725=ORIENTED_EDGE('',*,*,#1253,.T.);
#1726=ORIENTED_EDGE('',*,*,#1181,.T.);
#1727=ORIENTED_EDGE('',*,*,#1115,.T.);
#1728=ORIENTED_EDGE('',*,*,#1162,.T.);
#1729=ORIENTED_EDGE('',*,*,#1257,.T.);
#1730=ORIENTED_EDGE('',*,*,#1257,.F.);
#1731=ORIENTED_EDGE('',*,*,#1161,.F.);
#1732=ORIENTED_EDGE('',*,*,#1258,.F.);
#1733=ORIENTED_EDGE('',*,*,#1182,.F.);
#1734=ORIENTED_EDGE('',*,*,#1160,.T.);
#1735=ORIENTED_EDGE('',*,*,#1259,.T.);
#1736=ORIENTED_EDGE('',*,*,#1183,.T.);
#1737=ORIENTED_EDGE('',*,*,#1258,.T.);
#1738=ORIENTED_EDGE('',*,*,#1259,.F.);
#1739=ORIENTED_EDGE('',*,*,#1159,.F.);
#1740=ORIENTED_EDGE('',*,*,#1260,.F.);
#1741=ORIENTED_EDGE('',*,*,#1184,.F.);
#1742=ORIENTED_EDGE('',*,*,#1156,.T.);
#1743=ORIENTED_EDGE('',*,*,#1261,.T.);
#1744=ORIENTED_EDGE('',*,*,#1187,.T.);
#1745=ORIENTED_EDGE('',*,*,#1262,.T.);
#1746=ORIENTED_EDGE('',*,*,#1262,.F.);
#1747=ORIENTED_EDGE('',*,*,#1186,.F.);
#1748=ORIENTED_EDGE('',*,*,#1263,.F.);
#1749=ORIENTED_EDGE('',*,*,#1157,.F.);
#1750=ORIENTED_EDGE('',*,*,#1158,.T.);
#1751=ORIENTED_EDGE('',*,*,#1263,.T.);
#1752=ORIENTED_EDGE('',*,*,#1185,.T.);
#1753=ORIENTED_EDGE('',*,*,#1260,.T.);
#1754=ORIENTED_EDGE('',*,*,#1146,.T.);
#1755=ORIENTED_EDGE('',*,*,#1264,.T.);
#1756=ORIENTED_EDGE('',*,*,#1197,.T.);
#1757=ORIENTED_EDGE('',*,*,#1265,.T.);
#1758=ORIENTED_EDGE('',*,*,#1265,.F.);
#1759=ORIENTED_EDGE('',*,*,#1196,.F.);
#1760=ORIENTED_EDGE('',*,*,#1266,.F.);
#1761=ORIENTED_EDGE('',*,*,#1147,.F.);
#1762=ORIENTED_EDGE('',*,*,#1148,.T.);
#1763=ORIENTED_EDGE('',*,*,#1266,.T.);
#1764=ORIENTED_EDGE('',*,*,#1195,.T.);
#1765=ORIENTED_EDGE('',*,*,#1267,.T.);
#1766=ORIENTED_EDGE('',*,*,#1150,.T.);
#1767=ORIENTED_EDGE('',*,*,#1268,.T.);
#1768=ORIENTED_EDGE('',*,*,#1193,.T.);
#1769=ORIENTED_EDGE('',*,*,#1269,.T.);
#1770=ORIENTED_EDGE('',*,*,#1267,.F.);
#1771=ORIENTED_EDGE('',*,*,#1194,.F.);
#1772=ORIENTED_EDGE('',*,*,#1268,.F.);
#1773=ORIENTED_EDGE('',*,*,#1149,.F.);
#1774=ORIENTED_EDGE('',*,*,#1191,.T.);
#1775=ORIENTED_EDGE('',*,*,#1270,.T.);
#1776=ORIENTED_EDGE('',*,*,#1152,.T.);
#1777=ORIENTED_EDGE('',*,*,#1271,.T.);
#1778=ORIENTED_EDGE('',*,*,#1270,.F.);
#1779=ORIENTED_EDGE('',*,*,#1190,.F.);
#1780=ORIENTED_EDGE('',*,*,#1272,.F.);
#1781=ORIENTED_EDGE('',*,*,#1153,.F.);
#1782=ORIENTED_EDGE('',*,*,#1269,.F.);
#1783=ORIENTED_EDGE('',*,*,#1192,.F.);
#1784=ORIENTED_EDGE('',*,*,#1271,.F.);
#1785=ORIENTED_EDGE('',*,*,#1151,.F.);
#1786=ORIENTED_EDGE('',*,*,#1264,.F.);
#1787=ORIENTED_EDGE('',*,*,#1145,.F.);
#1788=ORIENTED_EDGE('',*,*,#1273,.T.);
#1789=ORIENTED_EDGE('',*,*,#1198,.F.);
#1790=ORIENTED_EDGE('',*,*,#1261,.F.);
#1791=ORIENTED_EDGE('',*,*,#1155,.F.);
#1792=ORIENTED_EDGE('',*,*,#1274,.T.);
#1793=ORIENTED_EDGE('',*,*,#1188,.F.);
#1794=ORIENTED_EDGE('',*,*,#1240,.F.);
#1795=ORIENTED_EDGE('',*,*,#1200,.F.);
#1796=ORIENTED_EDGE('',*,*,#1275,.F.);
#1797=ORIENTED_EDGE('',*,*,#1142,.F.);
#1798=ORIENTED_EDGE('',*,*,#1254,.F.);
#1799=ORIENTED_EDGE('',*,*,#1123,.F.);
#1800=ORIENTED_EDGE('',*,*,#1276,.T.);
#1801=ORIENTED_EDGE('',*,*,#1218,.F.);
#1802=ORIENTED_EDGE('',*,*,#1249,.F.);
#1803=ORIENTED_EDGE('',*,*,#1210,.F.);
#1804=ORIENTED_EDGE('',*,*,#1277,.F.);
#1805=ORIENTED_EDGE('',*,*,#1131,.F.);
#1806=ORIENTED_EDGE('',*,*,#1278,.T.);
#1807=ORIENTED_EDGE('',*,*,#1279,.T.);
#1808=ORIENTED_EDGE('',*,*,#1280,.T.);
#1809=ORIENTED_EDGE('',*,*,#1281,.T.);
#1810=ORIENTED_EDGE('',*,*,#1282,.T.);
#1811=ORIENTED_EDGE('',*,*,#1283,.T.);
#1812=ORIENTED_EDGE('',*,*,#1284,.T.);
#1813=ORIENTED_EDGE('',*,*,#1285,.T.);
#1814=ORIENTED_EDGE('',*,*,#1223,.F.);
#1815=ORIENTED_EDGE('',*,*,#1286,.T.);
#1816=ORIENTED_EDGE('',*,*,#1279,.F.);
#1817=ORIENTED_EDGE('',*,*,#1286,.F.);
#1818=ORIENTED_EDGE('',*,*,#1222,.F.);
#1819=ORIENTED_EDGE('',*,*,#1287,.T.);
#1820=ORIENTED_EDGE('',*,*,#1285,.F.);
#1821=ORIENTED_EDGE('',*,*,#1287,.F.);
#1822=ORIENTED_EDGE('',*,*,#1221,.F.);
#1823=ORIENTED_EDGE('',*,*,#1288,.T.);
#1824=ORIENTED_EDGE('',*,*,#1281,.F.);
#1825=ORIENTED_EDGE('',*,*,#1288,.F.);
#1826=ORIENTED_EDGE('',*,*,#1220,.F.);
#1827=ORIENTED_EDGE('',*,*,#1289,.T.);
#1828=ORIENTED_EDGE('',*,*,#1283,.F.);
#1829=ORIENTED_EDGE('',*,*,#1289,.F.);
#1830=ORIENTED_EDGE('',*,*,#1275,.T.);
#1831=ORIENTED_EDGE('',*,*,#1199,.F.);
#1832=ORIENTED_EDGE('',*,*,#1273,.F.);
#1833=ORIENTED_EDGE('',*,*,#1144,.F.);
#1834=ORIENTED_EDGE('',*,*,#1290,.T.);
#1835=ORIENTED_EDGE('',*,*,#1282,.F.);
#1836=ORIENTED_EDGE('',*,*,#1290,.F.);
#1837=ORIENTED_EDGE('',*,*,#1143,.F.);
#1838=ORIENTED_EDGE('',*,*,#1272,.T.);
#1839=ORIENTED_EDGE('',*,*,#1189,.F.);
#1840=ORIENTED_EDGE('',*,*,#1274,.F.);
#1841=ORIENTED_EDGE('',*,*,#1291,.T.);
#1842=ORIENTED_EDGE('',*,*,#1284,.F.);
#1843=ORIENTED_EDGE('',*,*,#1291,.F.);
#1844=ORIENTED_EDGE('',*,*,#1154,.F.);
#1845=ORIENTED_EDGE('',*,*,#1175,.T.);
#1846=ORIENTED_EDGE('',*,*,#1219,.F.);
#1847=ORIENTED_EDGE('',*,*,#1276,.F.);
#1848=ORIENTED_EDGE('',*,*,#1122,.F.);
#1849=ORIENTED_EDGE('',*,*,#1292,.T.);
#1850=ORIENTED_EDGE('',*,*,#1280,.F.);
#1851=ORIENTED_EDGE('',*,*,#1292,.F.);
#1852=ORIENTED_EDGE('',*,*,#1277,.T.);
#1853=ORIENTED_EDGE('',*,*,#1209,.F.);
#1854=ORIENTED_EDGE('',*,*,#1248,.F.);
#1855=ORIENTED_EDGE('',*,*,#1133,.F.);
#1856=ORIENTED_EDGE('',*,*,#1293,.T.);
#1857=ORIENTED_EDGE('',*,*,#1278,.F.);
#1858=ORIENTED_EDGE('',*,*,#1293,.F.);
#1859=ORIENTED_EDGE('',*,*,#1132,.F.);
#1860=CYLINDRICAL_SURFACE('',#2036,1.);
#1861=CYLINDRICAL_SURFACE('',#2039,1.);
#1862=CYLINDRICAL_SURFACE('',#2042,1.);
#1863=CYLINDRICAL_SURFACE('',#2045,1.);
#1864=CYLINDRICAL_SURFACE('',#2048,1.);
#1865=CYLINDRICAL_SURFACE('',#2051,1.);
#1866=CYLINDRICAL_SURFACE('',#2054,1.);
#1867=CYLINDRICAL_SURFACE('',#2057,1.);
#1868=CYLINDRICAL_SURFACE('',#2060,1.);
#1869=CYLINDRICAL_SURFACE('',#2063,1.);
#1870=CYLINDRICAL_SURFACE('',#2066,1.);
#1871=CYLINDRICAL_SURFACE('',#2069,1.);
#1872=CYLINDRICAL_SURFACE('',#2072,1.);
#1873=CYLINDRICAL_SURFACE('',#2075,1.);
#1874=CYLINDRICAL_SURFACE('',#2078,1.);
#1875=CYLINDRICAL_SURFACE('',#2081,1.);
#1876=CYLINDRICAL_SURFACE('',#2084,1.);
#1877=CYLINDRICAL_SURFACE('',#2087,1.);
#1878=CYLINDRICAL_SURFACE('',#2090,1.);
#1879=CYLINDRICAL_SURFACE('',#2093,1.);
#1880=CYLINDRICAL_SURFACE('',#2096,1.);
#1881=CYLINDRICAL_SURFACE('',#2099,1.);
#1882=CYLINDRICAL_SURFACE('',#2102,1.);
#1883=CYLINDRICAL_SURFACE('',#2105,1.);
#1884=CYLINDRICAL_SURFACE('',#2108,1.);
#1885=CYLINDRICAL_SURFACE('',#2111,1.);
#1886=CYLINDRICAL_SURFACE('',#2114,1.);
#1887=CYLINDRICAL_SURFACE('',#2117,1.);
#1888=CYLINDRICAL_SURFACE('',#2120,1.);
#1889=CYLINDRICAL_SURFACE('',#2123,1.);
#1890=CYLINDRICAL_SURFACE('',#2126,1.);
#1891=CYLINDRICAL_SURFACE('',#2129,1.);
#1892=CYLINDRICAL_SURFACE('',#2132,1.);
#1893=CYLINDRICAL_SURFACE('',#2135,1.);
#1894=CYLINDRICAL_SURFACE('',#2169,1.);
#1895=CYLINDRICAL_SURFACE('',#2172,1.);
#1896=CYLINDRICAL_SURFACE('',#2174,1.);
#1897=CYLINDRICAL_SURFACE('',#2206,1.5);
#1898=CYLINDRICAL_SURFACE('',#2208,1.5);
#1899=CYLINDRICAL_SURFACE('',#2210,1.);
#1900=CYLINDRICAL_SURFACE('',#2212,1.);
#1901=CYLINDRICAL_SURFACE('',#2214,1.);
#1902=CYLINDRICAL_SURFACE('',#2216,1.);
#1903=CYLINDRICAL_SURFACE('',#2218,1.);
#1904=CYLINDRICAL_SURFACE('',#2220,1.);
#1905=CYLINDRICAL_SURFACE('',#2222,1.);
#1906=CYLINDRICAL_SURFACE('',#2224,1.);
#1907=CYLINDRICAL_SURFACE('',#2226,1.);
#1908=CYLINDRICAL_SURFACE('',#2228,1.);
#1909=CYLINDRICAL_SURFACE('',#2229,1.);
#1910=CYLINDRICAL_SURFACE('',#2231,1.);
#1911=CYLINDRICAL_SURFACE('',#2233,1.);
#1912=CYLINDRICAL_SURFACE('',#2235,1.);
#1913=CYLINDRICAL_SURFACE('',#2236,1.);
#1914=CYLINDRICAL_SURFACE('',#2238,1.);
#1915=CYLINDRICAL_SURFACE('',#2239,1.);
#1916=CYLINDRICAL_SURFACE('',#2241,1.);
#1917=CYLINDRICAL_SURFACE('',#2261,1.2);
#1918=CYLINDRICAL_SURFACE('',#2262,1.2);
#1919=CYLINDRICAL_SURFACE('',#2263,1.2);
#1920=CYLINDRICAL_SURFACE('',#2264,1.2);
#1921=CYLINDRICAL_SURFACE('',#2265,2.);
#1922=CYLINDRICAL_SURFACE('',#2266,2.);
#1923=CYLINDRICAL_SURFACE('',#2267,2.);
#1924=CYLINDRICAL_SURFACE('',#2268,2.);
#1925=ADVANCED_FACE('',(#123),#1860,.F.);
#1926=ADVANCED_FACE('',(#124),#1861,.F.);
#1927=ADVANCED_FACE('',(#125),#1862,.F.);
#1928=ADVANCED_FACE('',(#126),#1863,.F.);
#1929=ADVANCED_FACE('',(#127),#1864,.F.);
#1930=ADVANCED_FACE('',(#128),#1865,.F.);
#1931=ADVANCED_FACE('',(#129),#1866,.F.);
#1932=ADVANCED_FACE('',(#130),#1867,.F.);
#1933=ADVANCED_FACE('',(#131),#1868,.F.);
#1934=ADVANCED_FACE('',(#132),#1869,.F.);
#1935=ADVANCED_FACE('',(#133),#1870,.F.);
#1936=ADVANCED_FACE('',(#134),#1871,.F.);
#1937=ADVANCED_FACE('',(#135),#1872,.F.);
#1938=ADVANCED_FACE('',(#136),#1873,.F.);
#1939=ADVANCED_FACE('',(#137),#1874,.F.);
#1940=ADVANCED_FACE('',(#138),#1875,.F.);
#1941=ADVANCED_FACE('',(#139),#1876,.F.);
#1942=ADVANCED_FACE('',(#140),#1877,.F.);
#1943=ADVANCED_FACE('',(#141),#1878,.F.);
#1944=ADVANCED_FACE('',(#142),#1879,.F.);
#1945=ADVANCED_FACE('',(#143),#1880,.F.);
#1946=ADVANCED_FACE('',(#144),#1881,.F.);
#1947=ADVANCED_FACE('',(#145),#1882,.F.);
#1948=ADVANCED_FACE('',(#146),#1883,.F.);
#1949=ADVANCED_FACE('',(#147),#1884,.F.);
#1950=ADVANCED_FACE('',(#148),#1885,.F.);
#1951=ADVANCED_FACE('',(#149),#1886,.F.);
#1952=ADVANCED_FACE('',(#150),#1887,.F.);
#1953=ADVANCED_FACE('',(#151),#1888,.F.);
#1954=ADVANCED_FACE('',(#152),#1889,.F.);
#1955=ADVANCED_FACE('',(#153),#1890,.F.);
#1956=ADVANCED_FACE('',(#154),#1891,.F.);
#1957=ADVANCED_FACE('',(#155),#1892,.F.);
#1958=ADVANCED_FACE('',(#156),#1893,.T.);
#1959=ADVANCED_FACE('',(#157),#91,.T.);
#1960=ADVANCED_FACE('',(#158,#15,#16,#17,#18,#19,#20,#21,#22,#23,#24,#25,
#26,#27,#28,#29,#30,#31,#32,#33,#34,#35,#36,#37,#38,#39,#40,#41,#42,#43,
#44,#45,#46,#47,#48),#92,.F.);
#1961=ADVANCED_FACE('',(#159),#1894,.T.);
#1962=ADVANCED_FACE('',(#160),#93,.T.);
#1963=ADVANCED_FACE('',(#161),#1895,.F.);
#1964=ADVANCED_FACE('',(#162),#1896,.F.);
#1965=ADVANCED_FACE('',(#163),#94,.F.);
#1966=ADVANCED_FACE('',(#164,#49,#50,#51,#52,#53,#54,#55,#56,#57,#58,#59,
#60,#61,#62,#63,#64,#65,#66,#67,#68,#69,#70,#71,#72,#73,#74,#75,#76,#77,
#78,#79,#80,#81,#82,#83,#84,#85,#86),#95,.T.);
#1967=ADVANCED_FACE('',(#165),#1897,.F.);
#1968=ADVANCED_FACE('',(#166),#96,.F.);
#1969=ADVANCED_FACE('',(#167),#1898,.F.);
#1970=ADVANCED_FACE('',(#168),#97,.F.);
#1971=ADVANCED_FACE('',(#169),#1899,.F.);
#1972=ADVANCED_FACE('',(#170),#98,.F.);
#1973=ADVANCED_FACE('',(#171),#1900,.F.);
#1974=ADVANCED_FACE('',(#172),#99,.F.);
#1975=ADVANCED_FACE('',(#173),#1901,.T.);
#1976=ADVANCED_FACE('',(#174),#100,.F.);
#1977=ADVANCED_FACE('',(#175),#1902,.F.);
#1978=ADVANCED_FACE('',(#176),#101,.F.);
#1979=ADVANCED_FACE('',(#177),#1903,.F.);
#1980=ADVANCED_FACE('',(#178),#102,.F.);
#1981=ADVANCED_FACE('',(#179),#1904,.T.);
#1982=ADVANCED_FACE('',(#180),#103,.T.);
#1983=ADVANCED_FACE('',(#181),#1905,.T.);
#1984=ADVANCED_FACE('',(#182),#104,.F.);
#1985=ADVANCED_FACE('',(#183),#1906,.F.);
#1986=ADVANCED_FACE('',(#184),#105,.F.);
#1987=ADVANCED_FACE('',(#185),#1907,.T.);
#1988=ADVANCED_FACE('',(#186),#106,.F.);
#1989=ADVANCED_FACE('',(#187),#1908,.F.);
#1990=ADVANCED_FACE('',(#188),#1909,.T.);
#1991=ADVANCED_FACE('',(#189),#107,.F.);
#1992=ADVANCED_FACE('',(#190),#1910,.F.);
#1993=ADVANCED_FACE('',(#191),#108,.F.);
#1994=ADVANCED_FACE('',(#192),#1911,.T.);
#1995=ADVANCED_FACE('',(#193),#109,.F.);
#1996=ADVANCED_FACE('',(#194),#1912,.F.);
#1997=ADVANCED_FACE('',(#195),#1913,.T.);
#1998=ADVANCED_FACE('',(#196),#110,.F.);
#1999=ADVANCED_FACE('',(#197),#1914,.F.);
#2000=ADVANCED_FACE('',(#198),#1915,.F.);
#2001=ADVANCED_FACE('',(#199),#111,.F.);
#2002=ADVANCED_FACE('',(#200),#1916,.T.);
#2003=ADVANCED_FACE('',(#201),#112,.T.);
#2004=ADVANCED_FACE('',(#202),#113,.F.);
#2005=ADVANCED_FACE('',(#203),#114,.T.);
#2006=ADVANCED_FACE('',(#204),#115,.T.);
#2007=ADVANCED_FACE('',(#205),#116,.T.);
#2008=ADVANCED_FACE('',(#206),#117,.T.);
#2009=ADVANCED_FACE('',(#207),#118,.T.);
#2010=ADVANCED_FACE('',(#208,#87),#119,.F.);
#2011=ADVANCED_FACE('',(#209,#88),#120,.F.);
#2012=ADVANCED_FACE('',(#210,#89),#121,.F.);
#2013=ADVANCED_FACE('',(#211,#90),#122,.F.);
#2014=ADVANCED_FACE('',(#212),#1917,.F.);
#2015=ADVANCED_FACE('',(#213),#1918,.F.);
#2016=ADVANCED_FACE('',(#214),#1919,.F.);
#2017=ADVANCED_FACE('',(#215),#1920,.F.);
#2018=ADVANCED_FACE('',(#216),#1921,.T.);
#2019=ADVANCED_FACE('',(#217),#1922,.T.);
#2020=ADVANCED_FACE('',(#218),#1923,.T.);
#2021=ADVANCED_FACE('',(#219),#1924,.T.);
#2022=CLOSED_SHELL('',(#1925,#1926,#1927,#1928,#1929,#1930,#1931,#1932,
#1933,#1934,#1935,#1936,#1937,#1938,#1939,#1940,#1941,#1942,#1943,#1944,
#1945,#1946,#1947,#1948,#1949,#1950,#1951,#1952,#1953,#1954,#1955,#1956,
#1957,#1958,#1959,#1960,#1961,#1962,#1963,#1964,#1965,#1966,#1967,#1968,
#1969,#1970,#1971,#1972,#1973,#1974,#1975,#1976,#1977,#1978,#1979,#1980,
#1981,#1982,#1983,#1984,#1985,#1986,#1987,#1988,#1989,#1990,#1991,#1992,
#1993,#1994,#1995,#1996,#1997,#1998,#1999,#2000,#2001,#2002,#2003,#2004,
#2005,#2006,#2007,#2008,#2009,#2010,#2011,#2012,#2013,#2014,#2015,#2016,
#2017,#2018,#2019,#2020,#2021));
#2023=DERIVED_UNIT_ELEMENT(#2025,1.);
#2024=DERIVED_UNIT_ELEMENT(#3458,-3.);
#2025=(
MASS_UNIT()
NAMED_UNIT(*)
SI_UNIT(.KILO.,.GRAM.)
);
#2026=DERIVED_UNIT((#2023,#2024));
#2027=MEASURE_REPRESENTATION_ITEM('density measure',
POSITIVE_RATIO_MEASURE(7850.),#2026);
#2028=PROPERTY_DEFINITION_REPRESENTATION(#2033,#2030);
#2029=PROPERTY_DEFINITION_REPRESENTATION(#2034,#2031);
#2030=REPRESENTATION('material name',(#2032),#3455);
#2031=REPRESENTATION('density',(#2027),#3455);
#2032=DESCRIPTIVE_REPRESENTATION_ITEM('Steel','Steel');
#2033=PROPERTY_DEFINITION('material property','material name',#3465);
#2034=PROPERTY_DEFINITION('material property','density of part',#3465);
#2035=AXIS2_PLACEMENT_3D('',#2884,#2269,#2270);
#2036=AXIS2_PLACEMENT_3D('',#2885,#2271,#2272);
#2037=AXIS2_PLACEMENT_3D('',#2887,#2273,#2274);
#2038=AXIS2_PLACEMENT_3D('',#2890,#2276,#2277);
#2039=AXIS2_PLACEMENT_3D('',#2891,#2278,#2279);
#2040=AXIS2_PLACEMENT_3D('',#2893,#2280,#2281);
#2041=AXIS2_PLACEMENT_3D('',#2896,#2283,#2284);
#2042=AXIS2_PLACEMENT_3D('',#2897,#2285,#2286);
#2043=AXIS2_PLACEMENT_3D('',#2899,#2287,#2288);
#2044=AXIS2_PLACEMENT_3D('',#2902,#2290,#2291);
#2045=AXIS2_PLACEMENT_3D('',#2903,#2292,#2293);
#2046=AXIS2_PLACEMENT_3D('',#2905,#2294,#2295);
#2047=AXIS2_PLACEMENT_3D('',#2908,#2297,#2298);
#2048=AXIS2_PLACEMENT_3D('',#2909,#2299,#2300);
#2049=AXIS2_PLACEMENT_3D('',#2911,#2301,#2302);
#2050=AXIS2_PLACEMENT_3D('',#2914,#2304,#2305);
#2051=AXIS2_PLACEMENT_3D('',#2915,#2306,#2307);
#2052=AXIS2_PLACEMENT_3D('',#2917,#2308,#2309);
#2053=AXIS2_PLACEMENT_3D('',#2920,#2311,#2312);
#2054=AXIS2_PLACEMENT_3D('',#2921,#2313,#2314);
#2055=AXIS2_PLACEMENT_3D('',#2923,#2315,#2316);
#2056=AXIS2_PLACEMENT_3D('',#2926,#2318,#2319);
#2057=AXIS2_PLACEMENT_3D('',#2927,#2320,#2321);
#2058=AXIS2_PLACEMENT_3D('',#2929,#2322,#2323);
#2059=AXIS2_PLACEMENT_3D('',#2932,#2325,#2326);
#2060=AXIS2_PLACEMENT_3D('',#2933,#2327,#2328);
#2061=AXIS2_PLACEMENT_3D('',#2935,#2329,#2330);
#2062=AXIS2_PLACEMENT_3D('',#2938,#2332,#2333);
#2063=AXIS2_PLACEMENT_3D('',#2939,#2334,#2335);
#2064=AXIS2_PLACEMENT_3D('',#2941,#2336,#2337);
#2065=AXIS2_PLACEMENT_3D('',#2944,#2339,#2340);
#2066=AXIS2_PLACEMENT_3D('',#2945,#2341,#2342);
#2067=AXIS2_PLACEMENT_3D('',#2947,#2343,#2344);
#2068=AXIS2_PLACEMENT_3D('',#2950,#2346,#2347);
#2069=AXIS2_PLACEMENT_3D('',#2951,#2348,#2349);
#2070=AXIS2_PLACEMENT_3D('',#2953,#2350,#2351);
#2071=AXIS2_PLACEMENT_3D('',#2956,#2353,#2354);
#2072=AXIS2_PLACEMENT_3D('',#2957,#2355,#2356);
#2073=AXIS2_PLACEMENT_3D('',#2959,#2357,#2358);
#2074=AXIS2_PLACEMENT_3D('',#2962,#2360,#2361);
#2075=AXIS2_PLACEMENT_3D('',#2963,#2362,#2363);
#2076=AXIS2_PLACEMENT_3D('',#2965,#2364,#2365);
#2077=AXIS2_PLACEMENT_3D('',#2968,#2367,#2368);
#2078=AXIS2_PLACEMENT_3D('',#2969,#2369,#2370);
#2079=AXIS2_PLACEMENT_3D('',#2971,#2371,#2372);
#2080=AXIS2_PLACEMENT_3D('',#2974,#2374,#2375);
#2081=AXIS2_PLACEMENT_3D('',#2975,#2376,#2377);
#2082=AXIS2_PLACEMENT_3D('',#2977,#2378,#2379);
#2083=AXIS2_PLACEMENT_3D('',#2980,#2381,#2382);
#2084=AXIS2_PLACEMENT_3D('',#2981,#2383,#2384);
#2085=AXIS2_PLACEMENT_3D('',#2983,#2385,#2386);
#2086=AXIS2_PLACEMENT_3D('',#2986,#2388,#2389);
#2087=AXIS2_PLACEMENT_3D('',#2987,#2390,#2391);
#2088=AXIS2_PLACEMENT_3D('',#2989,#2392,#2393);
#2089=AXIS2_PLACEMENT_3D('',#2992,#2395,#2396);
#2090=AXIS2_PLACEMENT_3D('',#2993,#2397,#2398);
#2091=AXIS2_PLACEMENT_3D('',#2995,#2399,#2400);
#2092=AXIS2_PLACEMENT_3D('',#2998,#2402,#2403);
#2093=AXIS2_PLACEMENT_3D('',#2999,#2404,#2405);
#2094=AXIS2_PLACEMENT_3D('',#3001,#2406,#2407);
#2095=AXIS2_PLACEMENT_3D('',#3004,#2409,#2410);
#2096=AXIS2_PLACEMENT_3D('',#3005,#2411,#2412);
#2097=AXIS2_PLACEMENT_3D('',#3007,#2413,#2414);
#2098=AXIS2_PLACEMENT_3D('',#3010,#2416,#2417);
#2099=AXIS2_PLACEMENT_3D('',#3011,#2418,#2419);
#2100=AXIS2_PLACEMENT_3D('',#3013,#2420,#2421);
#2101=AXIS2_PLACEMENT_3D('',#3016,#2423,#2424);
#2102=AXIS2_PLACEMENT_3D('',#3017,#2425,#2426);
#2103=AXIS2_PLACEMENT_3D('',#3019,#2427,#2428);
#2104=AXIS2_PLACEMENT_3D('',#3022,#2430,#2431);
#2105=AXIS2_PLACEMENT_3D('',#3023,#2432,#2433);
#2106=AXIS2_PLACEMENT_3D('',#3025,#2434,#2435);
#2107=AXIS2_PLACEMENT_3D('',#3028,#2437,#2438);
#2108=AXIS2_PLACEMENT_3D('',#3029,#2439,#2440);
#2109=AXIS2_PLACEMENT_3D('',#3031,#2441,#2442);
#2110=AXIS2_PLACEMENT_3D('',#3034,#2444,#2445);
#2111=AXIS2_PLACEMENT_3D('',#3035,#2446,#2447);
#2112=AXIS2_PLACEMENT_3D('',#3037,#2448,#2449);
#2113=AXIS2_PLACEMENT_3D('',#3040,#2451,#2452);
#2114=AXIS2_PLACEMENT_3D('',#3041,#2453,#2454);
#2115=AXIS2_PLACEMENT_3D('',#3043,#2455,#2456);
#2116=AXIS2_PLACEMENT_3D('',#3046,#2458,#2459);
#2117=AXIS2_PLACEMENT_3D('',#3047,#2460,#2461);
#2118=AXIS2_PLACEMENT_3D('',#3049,#2462,#2463);
#2119=AXIS2_PLACEMENT_3D('',#3052,#2465,#2466);
#2120=AXIS2_PLACEMENT_3D('',#3053,#2467,#2468);
#2121=AXIS2_PLACEMENT_3D('',#3055,#2469,#2470);
#2122=AXIS2_PLACEMENT_3D('',#3058,#2472,#2473);
#2123=AXIS2_PLACEMENT_3D('',#3059,#2474,#2475);
#2124=AXIS2_PLACEMENT_3D('',#3061,#2476,#2477);
#2125=AXIS2_PLACEMENT_3D('',#3064,#2479,#2480);
#2126=AXIS2_PLACEMENT_3D('',#3065,#2481,#2482);
#2127=AXIS2_PLACEMENT_3D('',#3067,#2483,#2484);
#2128=AXIS2_PLACEMENT_3D('',#3070,#2486,#2487);
#2129=AXIS2_PLACEMENT_3D('',#3071,#2488,#2489);
#2130=AXIS2_PLACEMENT_3D('',#3073,#2490,#2491);
#2131=AXIS2_PLACEMENT_3D('',#3076,#2493,#2494);
#2132=AXIS2_PLACEMENT_3D('',#3077,#2495,#2496);
#2133=AXIS2_PLACEMENT_3D('',#3079,#2497,#2498);
#2134=AXIS2_PLACEMENT_3D('',#3082,#2500,#2501);
#2135=AXIS2_PLACEMENT_3D('',#3083,#2502,#2503);
#2136=AXIS2_PLACEMENT_3D('',#3086,#2504,#2505);
#2137=AXIS2_PLACEMENT_3D('',#3090,#2507,#2508);
#2138=AXIS2_PLACEMENT_3D('',#3092,#2510,#2511);
#2139=AXIS2_PLACEMENT_3D('',#3098,#2515,#2516);
#2140=AXIS2_PLACEMENT_3D('',#3100,#2517,#2518);
#2141=AXIS2_PLACEMENT_3D('',#3104,#2520,#2521);
#2142=AXIS2_PLACEMENT_3D('',#3106,#2522,#2523);
#2143=AXIS2_PLACEMENT_3D('',#3110,#2525,#2526);
#2144=AXIS2_PLACEMENT_3D('',#3114,#2528,#2529);
#2145=AXIS2_PLACEMENT_3D('',#3118,#2531,#2532);
#2146=AXIS2_PLACEMENT_3D('',#3122,#2534,#2535);
#2147=AXIS2_PLACEMENT_3D('',#3126,#2537,#2538);
#2148=AXIS2_PLACEMENT_3D('',#3130,#2540,#2541);
#2149=AXIS2_PLACEMENT_3D('',#3132,#2542,#2543);
#2150=AXIS2_PLACEMENT_3D('',#3136,#2545,#2546);
#2151=AXIS2_PLACEMENT_3D('',#3140,#2548,#2549);
#2152=AXIS2_PLACEMENT_3D('',#3144,#2551,#2552);
#2153=AXIS2_PLACEMENT_3D('',#3148,#2554,#2555);
#2154=AXIS2_PLACEMENT_3D('',#3152,#2557,#2558);
#2155=AXIS2_PLACEMENT_3D('',#3154,#2559,#2560);
#2156=AXIS2_PLACEMENT_3D('',#3158,#2562,#2563);
#2157=AXIS2_PLACEMENT_3D('',#3162,#2565,#2566);
#2158=AXIS2_PLACEMENT_3D('',#3166,#2568,#2569);
#2159=AXIS2_PLACEMENT_3D('',#3170,#2571,#2572);
#2160=AXIS2_PLACEMENT_3D('',#3174,#2574,#2575);
#2161=AXIS2_PLACEMENT_3D('',#3178,#2577,#2578);
#2162=AXIS2_PLACEMENT_3D('',#3182,#2580,#2581);
#2163=AXIS2_PLACEMENT_3D('',#3186,#2583,#2584);
#2164=AXIS2_PLACEMENT_3D('',#3189,#2586,#2587);
#2165=AXIS2_PLACEMENT_3D('',#3194,#2589,#2590);
#2166=AXIS2_PLACEMENT_3D('',#3198,#2592,#2593);
#2167=AXIS2_PLACEMENT_3D('',#3202,#2595,#2596);
#2168=AXIS2_PLACEMENT_3D('',#3205,#2598,#2599);
#2169=AXIS2_PLACEMENT_3D('',#3206,#2600,#2601);
#2170=AXIS2_PLACEMENT_3D('',#3209,#2602,#2603);
#2171=AXIS2_PLACEMENT_3D('',#3212,#2606,#2607);
#2172=AXIS2_PLACEMENT_3D('',#3216,#2610,#2611);
#2173=AXIS2_PLACEMENT_3D('',#3218,#2612,#2613);
#2174=AXIS2_PLACEMENT_3D('',#3220,#2615,#2616);
#2175=AXIS2_PLACEMENT_3D('',#3222,#2617,#2618);
#2176=AXIS2_PLACEMENT_3D('',#3224,#2620,#2621);
#2177=AXIS2_PLACEMENT_3D('',#3226,#2623,#2624);
#2178=AXIS2_PLACEMENT_3D('',#3228,#2625,#2626);
#2179=AXIS2_PLACEMENT_3D('',#3232,#2628,#2629);
#2180=AXIS2_PLACEMENT_3D('',#3236,#2631,#2632);
#2181=AXIS2_PLACEMENT_3D('',#3240,#2634,#2635);
#2182=AXIS2_PLACEMENT_3D('',#3244,#2637,#2638);
#2183=AXIS2_PLACEMENT_3D('',#3248,#2640,#2641);
#2184=AXIS2_PLACEMENT_3D('',#3252,#2643,#2644);
#2185=AXIS2_PLACEMENT_3D('',#3256,#2646,#2647);
#2186=AXIS2_PLACEMENT_3D('',#3260,#2649,#2650);
#2187=AXIS2_PLACEMENT_3D('',#3264,#2652,#2653);
#2188=AXIS2_PLACEMENT_3D('',#3268,#2655,#2656);
#2189=AXIS2_PLACEMENT_3D('',#3272,#2658,#2659);
#2190=AXIS2_PLACEMENT_3D('',#3276,#2661,#2662);
#2191=AXIS2_PLACEMENT_3D('',#3280,#2664,#2665);
#2192=AXIS2_PLACEMENT_3D('',#3284,#2667,#2668);
#2193=AXIS2_PLACEMENT_3D('',#3288,#2670,#2671);
#2194=AXIS2_PLACEMENT_3D('',#3292,#2673,#2674);
#2195=AXIS2_PLACEMENT_3D('',#3296,#2676,#2677);
#2196=AXIS2_PLACEMENT_3D('',#3300,#2679,#2680);
#2197=AXIS2_PLACEMENT_3D('',#3303,#2682,#2683);
#2198=AXIS2_PLACEMENT_3D('',#3305,#2684,#2685);
#2199=AXIS2_PLACEMENT_3D('',#3307,#2686,#2687);
#2200=AXIS2_PLACEMENT_3D('',#3309,#2688,#2689);
#2201=AXIS2_PLACEMENT_3D('',#3311,#2690,#2691);
#2202=AXIS2_PLACEMENT_3D('',#3316,#2693,#2694);
#2203=AXIS2_PLACEMENT_3D('',#3320,#2696,#2697);
#2204=AXIS2_PLACEMENT_3D('',#3324,#2699,#2700);
#2205=AXIS2_PLACEMENT_3D('',#3327,#2702,#2703);
#2206=AXIS2_PLACEMENT_3D('',#3328,#2704,#2705);
#2207=AXIS2_PLACEMENT_3D('',#3331,#2708,#2709);
#2208=AXIS2_PLACEMENT_3D('',#3333,#2711,#2712);
#2209=AXIS2_PLACEMENT_3D('',#3336,#2715,#2716);
#2210=AXIS2_PLACEMENT_3D('',#3337,#2717,#2718);
#2211=AXIS2_PLACEMENT_3D('',#3339,#2720,#2721);
#2212=AXIS2_PLACEMENT_3D('',#3341,#2723,#2724);
#2213=AXIS2_PLACEMENT_3D('',#3343,#2726,#2727);
#2214=AXIS2_PLACEMENT_3D('',#3344,#2728,#2729);
#2215=AXIS2_PLACEMENT_3D('',#3347,#2732,#2733);
#2216=AXIS2_PLACEMENT_3D('',#3349,#2735,#2736);
#2217=AXIS2_PLACEMENT_3D('',#3351,#2738,#2739);
#2218=AXIS2_PLACEMENT_3D('',#3353,#2741,#2742);
#2219=AXIS2_PLACEMENT_3D('',#3355,#2744,#2745);
#2220=AXIS2_PLACEMENT_3D('',#3357,#2747,#2748);
#2221=AXIS2_PLACEMENT_3D('',#3359,#2750,#2751);
#2222=AXIS2_PLACEMENT_3D('',#3361,#2753,#2754);
#2223=AXIS2_PLACEMENT_3D('',#3364,#2757,#2758);
#2224=AXIS2_PLACEMENT_3D('',#3366,#2760,#2761);
#2225=AXIS2_PLACEMENT_3D('',#3368,#2763,#2764);
#2226=AXIS2_PLACEMENT_3D('',#3370,#2766,#2767);
#2227=AXIS2_PLACEMENT_3D('',#3373,#2770,#2771);
#2228=AXIS2_PLACEMENT_3D('',#3375,#2773,#2774);
#2229=AXIS2_PLACEMENT_3D('',#3376,#2775,#2776);
#2230=AXIS2_PLACEMENT_3D('',#3378,#2778,#2779);
#2231=AXIS2_PLACEMENT_3D('',#3380,#2781,#2782);
#2232=AXIS2_PLACEMENT_3D('',#3382,#2784,#2785);
#2233=AXIS2_PLACEMENT_3D('',#3384,#2787,#2788);
#2234=AXIS2_PLACEMENT_3D('',#3387,#2791,#2792);
#2235=AXIS2_PLACEMENT_3D('',#3389,#2794,#2795);
#2236=AXIS2_PLACEMENT_3D('',#3390,#2796,#2797);
#2237=AXIS2_PLACEMENT_3D('',#3393,#2800,#2801);
#2238=AXIS2_PLACEMENT_3D('',#3395,#2803,#2804);
#2239=AXIS2_PLACEMENT_3D('',#3397,#2806,#2807);
#2240=AXIS2_PLACEMENT_3D('',#3400,#2810,#2811);
#2241=AXIS2_PLACEMENT_3D('',#3401,#2812,#2813);
#2242=AXIS2_PLACEMENT_3D('',#3404,#2816,#2817);
#2243=AXIS2_PLACEMENT_3D('',#3406,#2819,#2820);
#2244=AXIS2_PLACEMENT_3D('',#3407,#2821,#2822);
#2245=AXIS2_PLACEMENT_3D('',#3409,#2824,#2825);
#2246=AXIS2_PLACEMENT_3D('',#3411,#2827,#2828);
#2247=AXIS2_PLACEMENT_3D('',#3413,#2830,#2831);
#2248=AXIS2_PLACEMENT_3D('',#3415,#2833,#2834);
#2249=AXIS2_PLACEMENT_3D('',#3417,#2836,#2837);
#2250=AXIS2_PLACEMENT_3D('',#3419,#2838,#2839);
#2251=AXIS2_PLACEMENT_3D('',#3421,#2840,#2841);
#2252=AXIS2_PLACEMENT_3D('',#3422,#2842,#2843);
#2253=AXIS2_PLACEMENT_3D('',#3424,#2844,#2845);
#2254=AXIS2_PLACEMENT_3D('',#3426,#2846,#2847);
#2255=AXIS2_PLACEMENT_3D('',#3427,#2848,#2849);
#2256=AXIS2_PLACEMENT_3D('',#3429,#2850,#2851);
#2257=AXIS2_PLACEMENT_3D('',#3431,#2852,#2853);
#2258=AXIS2_PLACEMENT_3D('',#3432,#2854,#2855);
#2259=AXIS2_PLACEMENT_3D('',#3434,#2856,#2857);
#2260=AXIS2_PLACEMENT_3D('',#3436,#2858,#2859);
#2261=AXIS2_PLACEMENT_3D('',#3437,#2860,#2861);
#2262=AXIS2_PLACEMENT_3D('',#3439,#2863,#2864);
#2263=AXIS2_PLACEMENT_3D('',#3441,#2866,#2867);
#2264=AXIS2_PLACEMENT_3D('',#3443,#2869,#2870);
#2265=AXIS2_PLACEMENT_3D('',#3445,#2872,#2873);
#2266=AXIS2_PLACEMENT_3D('',#3447,#2875,#2876);
#2267=AXIS2_PLACEMENT_3D('',#3449,#2878,#2879);
#2268=AXIS2_PLACEMENT_3D('',#3451,#2881,#2882);
#2269=DIRECTION('axis',(0.,0.,1.));
#2270=DIRECTION('refdir',(1.,0.,0.));
#2271=DIRECTION('center_axis',(0.,0.,1.));
#2272=DIRECTION('ref_axis',(1.,0.,0.));
#2273=DIRECTION('center_axis',(0.,0.,1.));
#2274=DIRECTION('ref_axis',(1.,0.,0.));
#2275=DIRECTION('',(0.,0.,1.));
#2276=DIRECTION('center_axis',(0.,0.,-1.));
#2277=DIRECTION('ref_axis',(1.,0.,0.));
#2278=DIRECTION('center_axis',(0.,0.,1.));
#2279=DIRECTION('ref_axis',(1.,0.,0.));
#2280=DIRECTION('center_axis',(0.,0.,1.));
#2281=DIRECTION('ref_axis',(1.,0.,0.));
#2282=DIRECTION('',(0.,0.,1.));
#2283=DIRECTION('center_axis',(0.,0.,-1.));
#2284=DIRECTION('ref_axis',(1.,0.,0.));
#2285=DIRECTION('center_axis',(0.,0.,1.));
#2286=DIRECTION('ref_axis',(1.,0.,0.));
#2287=DIRECTION('center_axis',(0.,0.,1.));
#2288=DIRECTION('ref_axis',(1.,0.,0.));
#2289=DIRECTION('',(0.,0.,1.));
#2290=DIRECTION('center_axis',(0.,0.,-1.));
#2291=DIRECTION('ref_axis',(1.,0.,0.));
#2292=DIRECTION('center_axis',(0.,0.,1.));
#2293=DIRECTION('ref_axis',(1.,0.,0.));
#2294=DIRECTION('center_axis',(0.,0.,1.));
#2295=DIRECTION('ref_axis',(1.,0.,0.));
#2296=DIRECTION('',(0.,0.,1.));
#2297=DIRECTION('center_axis',(0.,0.,-1.));
#2298=DIRECTION('ref_axis',(1.,0.,0.));
#2299=DIRECTION('center_axis',(0.,0.,1.));
#2300=DIRECTION('ref_axis',(1.,0.,0.));
#2301=DIRECTION('center_axis',(0.,0.,1.));
#2302=DIRECTION('ref_axis',(1.,0.,0.));
#2303=DIRECTION('',(0.,0.,1.));
#2304=DIRECTION('center_axis',(0.,0.,-1.));
#2305=DIRECTION('ref_axis',(1.,0.,0.));
#2306=DIRECTION('center_axis',(0.,0.,1.));
#2307=DIRECTION('ref_axis',(1.,0.,0.));
#2308=DIRECTION('center_axis',(0.,0.,1.));
#2309=DIRECTION('ref_axis',(1.,0.,0.));
#2310=DIRECTION('',(0.,0.,1.));
#2311=DIRECTION('center_axis',(0.,0.,-1.));
#2312=DIRECTION('ref_axis',(1.,0.,0.));
#2313=DIRECTION('center_axis',(0.,0.,1.));
#2314=DIRECTION('ref_axis',(1.,0.,0.));
#2315=DIRECTION('center_axis',(0.,0.,1.));
#2316=DIRECTION('ref_axis',(1.,0.,0.));
#2317=DIRECTION('',(0.,0.,1.));
#2318=DIRECTION('center_axis',(0.,0.,-1.));
#2319=DIRECTION('ref_axis',(1.,0.,0.));
#2320=DIRECTION('center_axis',(0.,0.,1.));
#2321=DIRECTION('ref_axis',(1.,0.,0.));
#2322=DIRECTION('center_axis',(0.,0.,1.));
#2323=DIRECTION('ref_axis',(1.,0.,0.));
#2324=DIRECTION('',(0.,0.,1.));
#2325=DIRECTION('center_axis',(0.,0.,-1.));
#2326=DIRECTION('ref_axis',(1.,0.,0.));
#2327=DIRECTION('center_axis',(0.,0.,1.));
#2328=DIRECTION('ref_axis',(1.,0.,0.));
#2329=DIRECTION('center_axis',(0.,0.,1.));
#2330=DIRECTION('ref_axis',(1.,0.,0.));
#2331=DIRECTION('',(0.,0.,1.));
#2332=DIRECTION('center_axis',(0.,0.,-1.));
#2333=DIRECTION('ref_axis',(1.,0.,0.));
#2334=DIRECTION('center_axis',(0.,0.,1.));
#2335=DIRECTION('ref_axis',(1.,0.,0.));
#2336=DIRECTION('center_axis',(0.,0.,1.));
#2337=DIRECTION('ref_axis',(1.,0.,0.));
#2338=DIRECTION('',(0.,0.,1.));
#2339=DIRECTION('center_axis',(0.,0.,-1.));
#2340=DIRECTION('ref_axis',(1.,0.,0.));
#2341=DIRECTION('center_axis',(0.,0.,1.));
#2342=DIRECTION('ref_axis',(1.,0.,0.));
#2343=DIRECTION('center_axis',(0.,0.,1.));
#2344=DIRECTION('ref_axis',(1.,0.,0.));
#2345=DIRECTION('',(0.,0.,1.));
#2346=DIRECTION('center_axis',(0.,0.,-1.));
#2347=DIRECTION('ref_axis',(1.,0.,0.));
#2348=DIRECTION('center_axis',(0.,0.,1.));
#2349=DIRECTION('ref_axis',(1.,0.,0.));
#2350=DIRECTION('center_axis',(0.,0.,1.));
#2351=DIRECTION('ref_axis',(1.,0.,0.));
#2352=DIRECTION('',(0.,0.,1.));
#2353=DIRECTION('center_axis',(0.,0.,-1.));
#2354=DIRECTION('ref_axis',(1.,0.,0.));
#2355=DIRECTION('center_axis',(0.,0.,1.));
#2356=DIRECTION('ref_axis',(1.,0.,0.));
#2357=DIRECTION('center_axis',(0.,0.,1.));
#2358=DIRECTION('ref_axis',(1.,0.,0.));
#2359=DIRECTION('',(0.,0.,1.));
#2360=DIRECTION('center_axis',(0.,0.,-1.));
#2361=DIRECTION('ref_axis',(1.,0.,0.));
#2362=DIRECTION('center_axis',(0.,0.,1.));
#2363=DIRECTION('ref_axis',(1.,0.,0.));
#2364=DIRECTION('center_axis',(0.,0.,1.));
#2365=DIRECTION('ref_axis',(1.,0.,0.));
#2366=DIRECTION('',(0.,0.,1.));
#2367=DIRECTION('center_axis',(0.,0.,-1.));
#2368=DIRECTION('ref_axis',(1.,0.,0.));
#2369=DIRECTION('center_axis',(0.,0.,1.));
#2370=DIRECTION('ref_axis',(1.,0.,0.));
#2371=DIRECTION('center_axis',(0.,0.,1.));
#2372=DIRECTION('ref_axis',(1.,0.,0.));
#2373=DIRECTION('',(0.,0.,1.));
#2374=DIRECTION('center_axis',(0.,0.,-1.));
#2375=DIRECTION('ref_axis',(1.,0.,0.));
#2376=DIRECTION('center_axis',(0.,0.,1.));
#2377=DIRECTION('ref_axis',(1.,0.,0.));
#2378=DIRECTION('center_axis',(0.,0.,1.));
#2379=DIRECTION('ref_axis',(1.,0.,0.));
#2380=DIRECTION('',(0.,0.,1.));
#2381=DIRECTION('center_axis',(0.,0.,-1.));
#2382=DIRECTION('ref_axis',(1.,0.,0.));
#2383=DIRECTION('center_axis',(0.,0.,1.));
#2384=DIRECTION('ref_axis',(1.,0.,0.));
#2385=DIRECTION('center_axis',(0.,0.,1.));
#2386=DIRECTION('ref_axis',(1.,0.,0.));
#2387=DIRECTION('',(0.,0.,1.));
#2388=DIRECTION('center_axis',(0.,0.,-1.));
#2389=DIRECTION('ref_axis',(1.,0.,0.));
#2390=DIRECTION('center_axis',(0.,0.,1.));
#2391=DIRECTION('ref_axis',(1.,0.,0.));
#2392=DIRECTION('center_axis',(0.,0.,1.));
#2393=DIRECTION('ref_axis',(1.,0.,0.));
#2394=DIRECTION('',(0.,0.,1.));
#2395=DIRECTION('center_axis',(0.,0.,-1.));
#2396=DIRECTION('ref_axis',(1.,0.,0.));
#2397=DIRECTION('center_axis',(0.,0.,1.));
#2398=DIRECTION('ref_axis',(1.,0.,0.));
#2399=DIRECTION('center_axis',(0.,0.,1.));
#2400=DIRECTION('ref_axis',(1.,0.,0.));
#2401=DIRECTION('',(0.,0.,1.));
#2402=DIRECTION('center_axis',(0.,0.,-1.));
#2403=DIRECTION('ref_axis',(1.,0.,0.));
#2404=DIRECTION('center_axis',(0.,0.,1.));
#2405=DIRECTION('ref_axis',(1.,0.,0.));
#2406=DIRECTION('center_axis',(0.,0.,1.));
#2407=DIRECTION('ref_axis',(1.,0.,0.));
#2408=DIRECTION('',(0.,0.,1.));
#2409=DIRECTION('center_axis',(0.,0.,-1.));
#2410=DIRECTION('ref_axis',(1.,0.,0.));
#2411=DIRECTION('center_axis',(0.,0.,1.));
#2412=DIRECTION('ref_axis',(1.,0.,0.));
#2413=DIRECTION('center_axis',(0.,0.,1.));
#2414=DIRECTION('ref_axis',(1.,0.,0.));
#2415=DIRECTION('',(0.,0.,1.));
#2416=DIRECTION('center_axis',(0.,0.,-1.));
#2417=DIRECTION('ref_axis',(1.,0.,0.));
#2418=DIRECTION('center_axis',(0.,0.,1.));
#2419=DIRECTION('ref_axis',(1.,0.,0.));
#2420=DIRECTION('center_axis',(0.,0.,1.));
#2421=DIRECTION('ref_axis',(1.,0.,0.));
#2422=DIRECTION('',(0.,0.,1.));
#2423=DIRECTION('center_axis',(0.,0.,-1.));
#2424=DIRECTION('ref_axis',(1.,0.,0.));
#2425=DIRECTION('center_axis',(0.,0.,1.));
#2426=DIRECTION('ref_axis',(1.,0.,0.));
#2427=DIRECTION('center_axis',(0.,0.,1.));
#2428=DIRECTION('ref_axis',(1.,0.,0.));
#2429=DIRECTION('',(0.,0.,1.));
#2430=DIRECTION('center_axis',(0.,0.,-1.));
#2431=DIRECTION('ref_axis',(1.,0.,0.));
#2432=DIRECTION('center_axis',(0.,0.,1.));
#2433=DIRECTION('ref_axis',(1.,0.,0.));
#2434=DIRECTION('center_axis',(0.,0.,1.));
#2435=DIRECTION('ref_axis',(1.,0.,0.));
#2436=DIRECTION('',(0.,0.,1.));
#2437=DIRECTION('center_axis',(0.,0.,-1.));
#2438=DIRECTION('ref_axis',(1.,0.,0.));
#2439=DIRECTION('center_axis',(0.,0.,1.));
#2440=DIRECTION('ref_axis',(1.,0.,0.));
#2441=DIRECTION('center_axis',(0.,0.,1.));
#2442=DIRECTION('ref_axis',(1.,0.,0.));
#2443=DIRECTION('',(0.,0.,1.));
#2444=DIRECTION('center_axis',(0.,0.,-1.));
#2445=DIRECTION('ref_axis',(1.,0.,0.));
#2446=DIRECTION('center_axis',(0.,0.,1.));
#2447=DIRECTION('ref_axis',(1.,0.,0.));
#2448=DIRECTION('center_axis',(0.,0.,1.));
#2449=DIRECTION('ref_axis',(1.,0.,0.));
#2450=DIRECTION('',(0.,0.,1.));
#2451=DIRECTION('center_axis',(0.,0.,-1.));
#2452=DIRECTION('ref_axis',(1.,0.,0.));
#2453=DIRECTION('center_axis',(0.,0.,1.));
#2454=DIRECTION('ref_axis',(1.,0.,0.));
#2455=DIRECTION('center_axis',(0.,0.,1.));
#2456=DIRECTION('ref_axis',(1.,0.,0.));
#2457=DIRECTION('',(0.,0.,1.));
#2458=DIRECTION('center_axis',(0.,0.,-1.));
#2459=DIRECTION('ref_axis',(1.,0.,0.));
#2460=DIRECTION('center_axis',(0.,0.,1.));
#2461=DIRECTION('ref_axis',(1.,0.,0.));
#2462=DIRECTION('center_axis',(0.,0.,1.));
#2463=DIRECTION('ref_axis',(1.,0.,0.));
#2464=DIRECTION('',(0.,0.,1.));
#2465=DIRECTION('center_axis',(0.,0.,-1.));
#2466=DIRECTION('ref_axis',(1.,0.,0.));
#2467=DIRECTION('center_axis',(0.,0.,1.));
#2468=DIRECTION('ref_axis',(1.,0.,0.));
#2469=DIRECTION('center_axis',(0.,0.,1.));
#2470=DIRECTION('ref_axis',(1.,0.,0.));
#2471=DIRECTION('',(0.,0.,1.));
#2472=DIRECTION('center_axis',(0.,0.,-1.));
#2473=DIRECTION('ref_axis',(1.,0.,0.));
#2474=DIRECTION('center_axis',(0.,0.,1.));
#2475=DIRECTION('ref_axis',(1.,0.,0.));
#2476=DIRECTION('center_axis',(0.,0.,1.));
#2477=DIRECTION('ref_axis',(1.,0.,0.));
#2478=DIRECTION('',(0.,0.,1.));
#2479=DIRECTION('center_axis',(0.,0.,-1.));
#2480=DIRECTION('ref_axis',(1.,0.,0.));
#2481=DIRECTION('center_axis',(0.,0.,1.));
#2482=DIRECTION('ref_axis',(1.,0.,0.));
#2483=DIRECTION('center_axis',(0.,0.,1.));
#2484=DIRECTION('ref_axis',(1.,0.,0.));
#2485=DIRECTION('',(0.,0.,1.));
#2486=DIRECTION('center_axis',(0.,0.,-1.));
#2487=DIRECTION('ref_axis',(1.,0.,0.));
#2488=DIRECTION('center_axis',(0.,0.,1.));
#2489=DIRECTION('ref_axis',(1.,0.,0.));
#2490=DIRECTION('center_axis',(0.,0.,1.));
#2491=DIRECTION('ref_axis',(1.,0.,0.));
#2492=DIRECTION('',(0.,0.,1.));
#2493=DIRECTION('center_axis',(0.,0.,-1.));
#2494=DIRECTION('ref_axis',(1.,0.,0.));
#2495=DIRECTION('center_axis',(0.,0.,1.));
#2496=DIRECTION('ref_axis',(1.,0.,0.));
#2497=DIRECTION('center_axis',(0.,0.,1.));
#2498=DIRECTION('ref_axis',(1.,0.,0.));
#2499=DIRECTION('',(0.,0.,1.));
#2500=DIRECTION('center_axis',(0.,0.,-1.));
#2501=DIRECTION('ref_axis',(1.,0.,0.));
#2502=DIRECTION('center_axis',(0.,0.,-1.));
#2503=DIRECTION('ref_axis',(-0.707106781186548,0.707106781186547,0.));
#2504=DIRECTION('center_axis',(0.,0.,1.));
#2505=DIRECTION('ref_axis',(-0.707106781186548,0.707106781186547,0.));
#2506=DIRECTION('',(0.,0.,1.));
#2507=DIRECTION('center_axis',(0.,0.,-1.));
#2508=DIRECTION('ref_axis',(-0.707106781186548,0.707106781186547,0.));
#2509=DIRECTION('',(0.,0.,1.));
#2510=DIRECTION('center_axis',(-1.,0.,0.));
#2511=DIRECTION('ref_axis',(0.,-1.,0.));
#2512=DIRECTION('',(0.,1.,0.));
#2513=DIRECTION('',(0.,0.,-1.));
#2514=DIRECTION('',(0.,-1.,0.));
#2515=DIRECTION('center_axis',(0.,0.,1.));
#2516=DIRECTION('ref_axis',(1.,0.,0.));
#2517=DIRECTION('center_axis',(0.,0.,-1.));
#2518=DIRECTION('ref_axis',(0.707106781186548,-0.707106781186548,0.));
#2519=DIRECTION('',(0.,1.,0.));
#2520=DIRECTION('center_axis',(0.,0.,-1.));
#2521=DIRECTION('ref_axis',(0.707106781186548,0.707106781186547,0.));
#2522=DIRECTION('center_axis',(0.,0.,1.));
#2523=DIRECTION('ref_axis',(-0.707106781186548,-0.707106781186548,0.));
#2524=DIRECTION('',(0.,1.,0.));
#2525=DIRECTION('center_axis',(0.,0.,1.));
#2526=DIRECTION('ref_axis',(1.,0.,0.));
#2527=DIRECTION('',(1.,0.,0.));
#2528=DIRECTION('center_axis',(0.,0.,1.));
#2529=DIRECTION('ref_axis',(0.707106781186549,0.707106781186546,0.));
#2530=DIRECTION('',(-1.73064177368039E-15,-1.,0.));
#2531=DIRECTION('center_axis',(0.,0.,-1.));
#2532=DIRECTION('ref_axis',(-0.707106781186548,-0.707106781186547,0.));
#2533=DIRECTION('',(1.,1.26882631385732E-15,0.));
#2534=DIRECTION('center_axis',(0.,0.,-1.));
#2535=DIRECTION('ref_axis',(0.707106781186548,-0.707106781186547,0.));
#2536=DIRECTION('',(-1.30614473485313E-15,1.,0.));
#2537=DIRECTION('center_axis',(0.,0.,1.));
#2538=DIRECTION('ref_axis',(-0.707106781186548,0.707106781186547,0.));
#2539=DIRECTION('',(1.,0.,0.));
#2540=DIRECTION('center_axis',(0.,0.,1.));
#2541=DIRECTION('ref_axis',(1.,0.,0.));
#2542=DIRECTION('center_axis',(0.,0.,1.));
#2543=DIRECTION('ref_axis',(1.,0.,0.));
#2544=DIRECTION('',(0.,-1.,0.));
#2545=DIRECTION('center_axis',(0.,0.,1.));
#2546=DIRECTION('ref_axis',(0.707106781186546,-0.707106781186549,0.));
#2547=DIRECTION('',(-1.,1.30614473485313E-15,0.));
#2548=DIRECTION('center_axis',(0.,0.,-1.));
#2549=DIRECTION('ref_axis',(-0.707106781186548,0.707106781186548,0.));
#2550=DIRECTION('',(-1.90323947078598E-15,-1.,0.));
#2551=DIRECTION('center_axis',(0.,0.,-1.));
#2552=DIRECTION('ref_axis',(-0.707106781186549,-0.707106781186546,0.));
#2553=DIRECTION('',(1.,5.55111512312577E-16,0.));
#2554=DIRECTION('center_axis',(0.,0.,1.));
#2555=DIRECTION('ref_axis',(0.707106781186548,0.707106781186547,0.));
#2556=DIRECTION('',(0.,-1.,0.));
#2557=DIRECTION('center_axis',(0.,0.,1.));
#2558=DIRECTION('ref_axis',(1.,0.,0.));
#2559=DIRECTION('center_axis',(0.,0.,1.));
#2560=DIRECTION('ref_axis',(1.,0.,0.));
#2561=DIRECTION('',(-1.,0.,0.));
#2562=DIRECTION('center_axis',(0.,0.,1.));
#2563=DIRECTION('ref_axis',(-0.707106781186547,-0.707106781186548,0.));
#2564=DIRECTION('',(4.57150657198593E-16,1.,0.));
#2565=DIRECTION('center_axis',(0.,0.,-1.));
#2566=DIRECTION('ref_axis',(0.707106781186548,0.707106781186547,0.));
#2567=DIRECTION('',(-1.,-1.58603289232165E-15,0.));
#2568=DIRECTION('center_axis',(0.,0.,-1.));
#2569=DIRECTION('ref_axis',(-0.707106781186549,0.707106781186546,0.));
#2570=DIRECTION('',(1.30614473485313E-15,-1.,0.));
#2571=DIRECTION('center_axis',(0.,0.,1.));
#2572=DIRECTION('ref_axis',(0.707106781186549,-0.707106781186546,0.));
#2573=DIRECTION('',(-1.,0.,0.));
#2574=DIRECTION('center_axis',(0.,0.,1.));
#2575=DIRECTION('ref_axis',(1.,0.,0.));
#2576=DIRECTION('',(0.,1.,0.));
#2577=DIRECTION('center_axis',(0.,0.,1.));
#2578=DIRECTION('ref_axis',(-0.707106781186545,0.70710678118655,0.));
#2579=DIRECTION('',(1.,-1.30614473485313E-15,0.));
#2580=DIRECTION('center_axis',(0.,0.,-1.));
#2581=DIRECTION('ref_axis',(0.707106781186548,-0.707106781186548,0.));
#2582=DIRECTION('',(1.58603289232165E-15,1.,0.));
#2583=DIRECTION('center_axis',(0.,0.,-1.));
#2584=DIRECTION('ref_axis',(0.707106781186549,0.707106781186547,0.));
#2585=DIRECTION('',(-1.,-7.83686840911873E-16,0.));
#2586=DIRECTION('center_axis',(0.,0.,1.));
#2587=DIRECTION('ref_axis',(-0.707106781186548,-0.707106781186547,0.));
#2588=DIRECTION('',(-0.707106781186547,0.707106781186548,0.));
#2589=DIRECTION('center_axis',(0.,0.,-1.));
#2590=DIRECTION('ref_axis',(3.14018491736755E-15,1.,0.));
#2591=DIRECTION('',(-0.707106781186549,-0.707106781186546,0.));
#2592=DIRECTION('center_axis',(0.,0.,-1.));
#2593=DIRECTION('ref_axis',(-1.,1.57009245868378E-15,0.));
#2594=DIRECTION('',(0.707106781186548,-0.707106781186547,0.));
#2595=DIRECTION('center_axis',(0.,0.,-1.));
#2596=DIRECTION('ref_axis',(0.,-1.,0.));
#2597=DIRECTION('',(0.707106781186548,0.707106781186547,0.));
#2598=DIRECTION('center_axis',(0.,0.,-1.));
#2599=DIRECTION('ref_axis',(1.,-2.09345661157837E-15,0.));
#2600=DIRECTION('center_axis',(0.,0.,1.));
#2601=DIRECTION('ref_axis',(-0.707106781186548,-0.707106781186548,0.));
#2602=DIRECTION('center_axis',(0.,0.,-1.));
#2603=DIRECTION('ref_axis',(-0.707106781186548,-0.707106781186548,0.));
#2604=DIRECTION('',(0.,0.,-1.));
#2605=DIRECTION('',(0.,0.,-1.));
#2606=DIRECTION('center_axis',(-1.,0.,0.));
#2607=DIRECTION('ref_axis',(0.,-1.,0.));
#2608=DIRECTION('',(0.,-1.,0.));
#2609=DIRECTION('',(0.,0.,1.));
#2610=DIRECTION('center_axis',(0.,0.,-1.));
#2611=DIRECTION('ref_axis',(0.707106781186548,0.707106781186547,0.));
#2612=DIRECTION('center_axis',(0.,0.,1.));
#2613=DIRECTION('ref_axis',(0.707106781186548,0.707106781186547,0.));
#2614=DIRECTION('',(0.,0.,1.));
#2615=DIRECTION('center_axis',(0.,0.,-1.));
#2616=DIRECTION('ref_axis',(0.707106781186548,-0.707106781186548,0.));
#2617=DIRECTION('center_axis',(0.,0.,1.));
#2618=DIRECTION('ref_axis',(0.707106781186548,-0.707106781186548,0.));
#2619=DIRECTION('',(0.,0.,-1.));
#2620=DIRECTION('center_axis',(1.,0.,0.));
#2621=DIRECTION('ref_axis',(0.,-1.,0.));
#2622=DIRECTION('',(0.,-1.,0.));
#2623=DIRECTION('center_axis',(0.,0.,1.));
#2624=DIRECTION('ref_axis',(1.,0.,0.));
#2625=DIRECTION('center_axis',(0.,0.,-1.));
#2626=DIRECTION('ref_axis',(-0.707106781186548,-0.707106781186547,0.));
#2627=DIRECTION('',(1.,7.83686840911873E-16,0.));
#2628=DIRECTION('center_axis',(0.,0.,1.));
#2629=DIRECTION('ref_axis',(0.707106781186549,0.707106781186547,0.));
#2630=DIRECTION('',(-1.58603289232165E-15,-1.,0.));
#2631=DIRECTION('center_axis',(0.,0.,1.));
#2632=DIRECTION('ref_axis',(0.707106781186548,-0.707106781186548,0.));
#2633=DIRECTION('',(-1.,1.30614473485313E-15,0.));
#2634=DIRECTION('center_axis',(0.,0.,-1.));
#2635=DIRECTION('ref_axis',(-0.707106781186545,0.70710678118655,0.));
#2636=DIRECTION('',(0.,-1.,0.));
#2637=DIRECTION('center_axis',(0.,0.,1.));
#2638=DIRECTION('ref_axis',(1.,0.,0.));
#2639=DIRECTION('',(1.,0.,0.));
#2640=DIRECTION('center_axis',(0.,0.,-1.));
#2641=DIRECTION('ref_axis',(0.707106781186549,-0.707106781186546,0.));
#2642=DIRECTION('',(-1.30614473485313E-15,1.,0.));
#2643=DIRECTION('center_axis',(0.,0.,1.));
#2644=DIRECTION('ref_axis',(-0.707106781186549,0.707106781186546,0.));
#2645=DIRECTION('',(1.,1.58603289232165E-15,0.));
#2646=DIRECTION('center_axis',(0.,0.,1.));
#2647=DIRECTION('ref_axis',(0.707106781186548,0.707106781186547,0.));
#2648=DIRECTION('',(-4.57150657198593E-16,-1.,0.));
#2649=DIRECTION('center_axis',(0.,0.,-1.));
#2650=DIRECTION('ref_axis',(-0.707106781186547,-0.707106781186548,0.));
#2651=DIRECTION('',(1.,0.,0.));
#2652=DIRECTION('center_axis',(0.,0.,1.));
#2653=DIRECTION('ref_axis',(1.,0.,0.));
#2654=DIRECTION('',(0.,1.,0.));
#2655=DIRECTION('center_axis',(0.,0.,-1.));
#2656=DIRECTION('ref_axis',(0.707106781186548,0.707106781186547,0.));
#2657=DIRECTION('',(-1.,-5.55111512312577E-16,0.));
#2658=DIRECTION('center_axis',(0.,0.,1.));
#2659=DIRECTION('ref_axis',(-0.707106781186549,-0.707106781186546,0.));
#2660=DIRECTION('',(1.90323947078598E-15,1.,0.));
#2661=DIRECTION('center_axis',(0.,0.,1.));
#2662=DIRECTION('ref_axis',(-0.707106781186548,0.707106781186548,0.));
#2663=DIRECTION('',(1.,-1.30614473485313E-15,0.));
#2664=DIRECTION('center_axis',(0.,0.,-1.));
#2665=DIRECTION('ref_axis',(0.707106781186546,-0.707106781186549,0.));
#2666=DIRECTION('',(0.,1.,0.));
#2667=DIRECTION('center_axis',(0.,0.,1.));
#2668=DIRECTION('ref_axis',(1.,0.,0.));
#2669=DIRECTION('',(-1.,0.,0.));
#2670=DIRECTION('center_axis',(0.,0.,-1.));
#2671=DIRECTION('ref_axis',(-0.707106781186548,0.707106781186547,0.));
#2672=DIRECTION('',(1.30614473485313E-15,-1.,0.));
#2673=DIRECTION('center_axis',(0.,0.,1.));
#2674=DIRECTION('ref_axis',(0.707106781186548,-0.707106781186547,0.));
#2675=DIRECTION('',(-1.,-1.26882631385732E-15,0.));
#2676=DIRECTION('center_axis',(0.,0.,1.));
#2677=DIRECTION('ref_axis',(-0.707106781186548,-0.707106781186547,0.));
#2678=DIRECTION('',(1.73064177368039E-15,1.,0.));
#2679=DIRECTION('center_axis',(0.,0.,-1.));
#2680=DIRECTION('ref_axis',(0.707106781186549,0.707106781186546,0.));
#2681=DIRECTION('',(-1.,0.,0.));
#2682=DIRECTION('center_axis',(0.,0.,1.));
#2683=DIRECTION('ref_axis',(1.,0.,0.));
#2684=DIRECTION('center_axis',(0.,0.,-1.));
#2685=DIRECTION('ref_axis',(1.,0.,0.));
#2686=DIRECTION('center_axis',(0.,0.,-1.));
#2687=DIRECTION('ref_axis',(1.,0.,0.));
#2688=DIRECTION('center_axis',(0.,0.,-1.));
#2689=DIRECTION('ref_axis',(1.,0.,0.));
#2690=DIRECTION('center_axis',(0.,0.,-1.));
#2691=DIRECTION('ref_axis',(1.,0.,0.));
#2692=DIRECTION('',(0.707106781186547,-0.707106781186548,0.));
#2693=DIRECTION('center_axis',(0.,0.,1.));
#2694=DIRECTION('ref_axis',(1.,-2.09345661157837E-15,0.));
#2695=DIRECTION('',(-0.707106781186548,-0.707106781186547,0.));
#2696=DIRECTION('center_axis',(0.,0.,1.));
#2697=DIRECTION('ref_axis',(0.,-1.,0.));
#2698=DIRECTION('',(-0.707106781186548,0.707106781186547,0.));
#2699=DIRECTION('center_axis',(0.,0.,1.));
#2700=DIRECTION('ref_axis',(-1.,1.57009245868378E-15,0.));
#2701=DIRECTION('',(0.707106781186549,0.707106781186546,0.));
#2702=DIRECTION('center_axis',(0.,0.,1.));
#2703=DIRECTION('ref_axis',(3.14018491736755E-15,1.,0.));
#2704=DIRECTION('center_axis',(0.,0.,1.));
#2705=DIRECTION('ref_axis',(0.,-1.,0.));
#2706=DIRECTION('',(0.,0.,1.));
#2707=DIRECTION('',(0.,0.,-1.));
#2708=DIRECTION('center_axis',(-0.707106781186547,-0.707106781186548,0.));
#2709=DIRECTION('ref_axis',(0.707106781186548,-0.707106781186547,0.));
#2710=DIRECTION('',(0.,0.,-1.));
#2711=DIRECTION('center_axis',(0.,0.,1.));
#2712=DIRECTION('ref_axis',(1.,-2.09345661157837E-15,0.));
#2713=DIRECTION('',(0.,0.,1.));
#2714=DIRECTION('',(0.,0.,-1.));
#2715=DIRECTION('center_axis',(0.707106781186547,-0.707106781186548,0.));
#2716=DIRECTION('ref_axis',(0.707106781186548,0.707106781186547,0.));
#2717=DIRECTION('center_axis',(0.,0.,1.));
#2718=DIRECTION('ref_axis',(-1.,1.57009245868378E-15,0.));
#2719=DIRECTION('',(0.,0.,1.));
#2720=DIRECTION('center_axis',(-0.707106781186546,0.707106781186549,0.));
#2721=DIRECTION('ref_axis',(-0.707106781186549,-0.707106781186546,0.));
#2722=DIRECTION('',(0.,0.,-1.));
#2723=DIRECTION('center_axis',(0.,0.,1.));
#2724=DIRECTION('ref_axis',(3.14018491736755E-15,1.,0.));
#2725=DIRECTION('',(0.,0.,1.));
#2726=DIRECTION('center_axis',(0.707106781186548,0.707106781186547,0.));
#2727=DIRECTION('ref_axis',(-0.707106781186547,0.707106781186548,0.));
#2728=DIRECTION('center_axis',(0.,0.,1.));
#2729=DIRECTION('ref_axis',(0.707106781186548,0.707106781186547,0.));
#2730=DIRECTION('',(0.,0.,-1.));
#2731=DIRECTION('',(0.,0.,1.));
#2732=DIRECTION('center_axis',(5.55111512312577E-16,-1.,0.));
#2733=DIRECTION('ref_axis',(1.,5.55111512312577E-16,0.));
#2734=DIRECTION('',(0.,0.,-1.));
#2735=DIRECTION('center_axis',(0.,0.,1.));
#2736=DIRECTION('ref_axis',(-0.707106781186549,-0.707106781186546,0.));
#2737=DIRECTION('',(0.,0.,1.));
#2738=DIRECTION('center_axis',(-1.,1.90323947078598E-15,0.));
#2739=DIRECTION('ref_axis',(-1.90323947078598E-15,-1.,0.));
#2740=DIRECTION('',(0.,0.,-1.));
#2741=DIRECTION('center_axis',(0.,0.,1.));
#2742=DIRECTION('ref_axis',(-0.707106781186548,0.707106781186548,0.));
#2743=DIRECTION('',(0.,0.,1.));
#2744=DIRECTION('center_axis',(1.30614473485313E-15,1.,0.));
#2745=DIRECTION('ref_axis',(-1.,1.30614473485313E-15,0.));
#2746=DIRECTION('',(0.,0.,-1.));
#2747=DIRECTION('center_axis',(0.,0.,-1.));
#2748=DIRECTION('ref_axis',(0.707106781186546,-0.707106781186549,0.));
#2749=DIRECTION('',(0.,0.,1.));
#2750=DIRECTION('center_axis',(1.,0.,0.));
#2751=DIRECTION('ref_axis',(0.,1.,0.));
#2752=DIRECTION('',(0.,0.,1.));
#2753=DIRECTION('center_axis',(0.,0.,1.));
#2754=DIRECTION('ref_axis',(-0.707106781186548,0.707106781186547,0.));
#2755=DIRECTION('',(0.,0.,-1.));
#2756=DIRECTION('',(0.,0.,1.));
#2757=DIRECTION('center_axis',(1.,1.30614473485313E-15,0.));
#2758=DIRECTION('ref_axis',(-1.30614473485313E-15,1.,0.));
#2759=DIRECTION('',(0.,0.,-1.));
#2760=DIRECTION('center_axis',(0.,0.,1.));
#2761=DIRECTION('ref_axis',(0.707106781186548,-0.707106781186547,0.));
#2762=DIRECTION('',(0.,0.,1.));
#2763=DIRECTION('center_axis',(1.26882631385732E-15,-1.,0.));
#2764=DIRECTION('ref_axis',(1.,1.26882631385732E-15,0.));
#2765=DIRECTION('',(0.,0.,-1.));
#2766=DIRECTION('center_axis',(0.,0.,-1.));
#2767=DIRECTION('ref_axis',(0.707106781186549,0.707106781186546,0.));
#2768=DIRECTION('',(0.,0.,1.));
#2769=DIRECTION('',(0.,0.,-1.));
#2770=DIRECTION('center_axis',(-1.,1.73064177368039E-15,0.));
#2771=DIRECTION('ref_axis',(-1.73064177368039E-15,-1.,0.));
#2772=DIRECTION('',(0.,0.,1.));
#2773=DIRECTION('center_axis',(0.,0.,1.));
#2774=DIRECTION('ref_axis',(-0.707106781186548,-0.707106781186547,0.));
#2775=DIRECTION('center_axis',(0.,0.,1.));
#2776=DIRECTION('ref_axis',(-0.707106781186548,-0.707106781186547,0.));
#2777=DIRECTION('',(0.,0.,1.));
#2778=DIRECTION('center_axis',(-7.83686840911873E-16,1.,0.));
#2779=DIRECTION('ref_axis',(-1.,-7.83686840911873E-16,0.));
#2780=DIRECTION('',(0.,0.,-1.));
#2781=DIRECTION('center_axis',(0.,0.,1.));
#2782=DIRECTION('ref_axis',(0.707106781186549,0.707106781186547,0.));
#2783=DIRECTION('',(0.,0.,1.));
#2784=DIRECTION('center_axis',(1.,-1.58603289232165E-15,0.));
#2785=DIRECTION('ref_axis',(1.58603289232165E-15,1.,0.));
#2786=DIRECTION('',(0.,0.,-1.));
#2787=DIRECTION('center_axis',(0.,0.,-1.));
#2788=DIRECTION('ref_axis',(-0.707106781186545,0.70710678118655,0.));
#2789=DIRECTION('',(0.,0.,1.));
#2790=DIRECTION('',(0.,0.,-1.));
#2791=DIRECTION('center_axis',(-1.30614473485313E-15,-1.,0.));
#2792=DIRECTION('ref_axis',(1.,-1.30614473485313E-15,0.));
#2793=DIRECTION('',(0.,0.,1.));
#2794=DIRECTION('center_axis',(0.,0.,1.));
#2795=DIRECTION('ref_axis',(0.707106781186548,-0.707106781186548,0.));
#2796=DIRECTION('center_axis',(0.,0.,-1.));
#2797=DIRECTION('ref_axis',(-0.707106781186547,-0.707106781186548,0.));
#2798=DIRECTION('',(0.,0.,1.));
#2799=DIRECTION('',(0.,0.,-1.));
#2800=DIRECTION('center_axis',(1.,-4.57150657198593E-16,0.));
#2801=DIRECTION('ref_axis',(4.57150657198593E-16,1.,0.));
#2802=DIRECTION('',(0.,0.,1.));
#2803=DIRECTION('center_axis',(0.,0.,1.));
#2804=DIRECTION('ref_axis',(0.707106781186548,0.707106781186547,0.));
#2805=DIRECTION('',(0.,0.,-1.));
#2806=DIRECTION('center_axis',(0.,0.,1.));
#2807=DIRECTION('ref_axis',(-0.707106781186549,0.707106781186546,0.));
#2808=DIRECTION('',(0.,0.,1.));
#2809=DIRECTION('',(0.,0.,-1.));
#2810=DIRECTION('center_axis',(-1.58603289232165E-15,1.,0.));
#2811=DIRECTION('ref_axis',(-1.,-1.58603289232165E-15,0.));
#2812=DIRECTION('center_axis',(0.,0.,1.));
#2813=DIRECTION('ref_axis',(0.707106781186549,-0.707106781186546,0.));
#2814=DIRECTION('',(0.,0.,-1.));
#2815=DIRECTION('',(0.,0.,1.));
#2816=DIRECTION('center_axis',(0.,-1.,0.));
#2817=DIRECTION('ref_axis',(1.,0.,0.));
#2818=DIRECTION('',(0.,0.,1.));
#2819=DIRECTION('center_axis',(-1.,-1.30614473485313E-15,0.));
#2820=DIRECTION('ref_axis',(1.30614473485313E-15,-1.,0.));
#2821=DIRECTION('center_axis',(0.,-1.,0.));
#2822=DIRECTION('ref_axis',(1.,0.,0.));
#2823=DIRECTION('',(0.,0.,1.));
#2824=DIRECTION('center_axis',(-1.,0.,0.));
#2825=DIRECTION('ref_axis',(0.,-1.,0.));
#2826=DIRECTION('',(0.,0.,1.));
#2827=DIRECTION('center_axis',(1.,0.,0.));
#2828=DIRECTION('ref_axis',(0.,1.,0.));
#2829=DIRECTION('',(0.,0.,1.));
#2830=DIRECTION('center_axis',(0.,1.,0.));
#2831=DIRECTION('ref_axis',(-1.,0.,0.));
#2832=DIRECTION('',(0.,0.,1.));
#2833=DIRECTION('center_axis',(0.,1.,0.));
#2834=DIRECTION('ref_axis',(-1.,0.,0.));
#2835=DIRECTION('',(0.,0.,1.));
#2836=DIRECTION('center_axis',(0.,0.,1.));
#2837=DIRECTION('ref_axis',(1.,0.,0.));
#2838=DIRECTION('center_axis',(0.,0.,-1.));
#2839=DIRECTION('ref_axis',(1.,0.,0.));
#2840=DIRECTION('center_axis',(0.,0.,1.));
#2841=DIRECTION('ref_axis',(1.,0.,0.));
#2842=DIRECTION('center_axis',(0.,0.,1.));
#2843=DIRECTION('ref_axis',(1.,0.,0.));
#2844=DIRECTION('center_axis',(0.,0.,-1.));
#2845=DIRECTION('ref_axis',(1.,0.,0.));
#2846=DIRECTION('center_axis',(0.,0.,1.));
#2847=DIRECTION('ref_axis',(1.,0.,0.));
#2848=DIRECTION('center_axis',(0.,0.,1.));
#2849=DIRECTION('ref_axis',(1.,0.,0.));
#2850=DIRECTION('center_axis',(0.,0.,-1.));
#2851=DIRECTION('ref_axis',(1.,0.,0.));
#2852=DIRECTION('center_axis',(0.,0.,1.));
#2853=DIRECTION('ref_axis',(1.,0.,0.));
#2854=DIRECTION('center_axis',(0.,0.,1.));
#2855=DIRECTION('ref_axis',(1.,0.,0.));
#2856=DIRECTION('center_axis',(0.,0.,-1.));
#2857=DIRECTION('ref_axis',(1.,0.,0.));
#2858=DIRECTION('center_axis',(0.,0.,1.));
#2859=DIRECTION('ref_axis',(1.,0.,0.));
#2860=DIRECTION('center_axis',(0.,0.,1.));
#2861=DIRECTION('ref_axis',(1.,0.,0.));
#2862=DIRECTION('',(0.,0.,-1.));
#2863=DIRECTION('center_axis',(0.,0.,1.));
#2864=DIRECTION('ref_axis',(1.,0.,0.));
#2865=DIRECTION('',(0.,0.,-1.));
#2866=DIRECTION('center_axis',(0.,0.,1.));
#2867=DIRECTION('ref_axis',(1.,0.,0.));
#2868=DIRECTION('',(0.,0.,-1.));
#2869=DIRECTION('center_axis',(0.,0.,1.));
#2870=DIRECTION('ref_axis',(1.,0.,0.));
#2871=DIRECTION('',(0.,0.,-1.));
#2872=DIRECTION('center_axis',(0.,0.,1.));
#2873=DIRECTION('ref_axis',(1.,0.,0.));
#2874=DIRECTION('',(0.,0.,-1.));
#2875=DIRECTION('center_axis',(0.,0.,1.));
#2876=DIRECTION('ref_axis',(1.,0.,0.));
#2877=DIRECTION('',(0.,0.,-1.));
#2878=DIRECTION('center_axis',(0.,0.,1.));
#2879=DIRECTION('ref_axis',(1.,0.,0.));
#2880=DIRECTION('',(0.,0.,-1.));
#2881=DIRECTION('center_axis',(0.,0.,1.));
#2882=DIRECTION('ref_axis',(1.,0.,0.));
#2883=DIRECTION('',(0.,0.,-1.));
#2884=CARTESIAN_POINT('',(0.,0.,0.));
#2885=CARTESIAN_POINT('Origin',(12.75,-6.375,0.));
#2886=CARTESIAN_POINT('',(11.75,-6.375,0.));
#2887=CARTESIAN_POINT('Origin',(12.75,-6.375,0.));
#2888=CARTESIAN_POINT('',(11.75,-6.375,1.5));
#2889=CARTESIAN_POINT('',(11.75,-6.375,0.));
#2890=CARTESIAN_POINT('Origin',(12.75,-6.375,1.5));
#2891=CARTESIAN_POINT('Origin',(9.5625,-6.375,0.));
#2892=CARTESIAN_POINT('',(8.5625,-6.375,0.));
#2893=CARTESIAN_POINT('Origin',(9.5625,-6.375,0.));
#2894=CARTESIAN_POINT('',(8.5625,-6.375,1.5));
#2895=CARTESIAN_POINT('',(8.5625,-6.375,0.));
#2896=CARTESIAN_POINT('Origin',(9.5625,-6.375,1.5));
#2897=CARTESIAN_POINT('Origin',(3.1875,-6.375,0.));
#2898=CARTESIAN_POINT('',(2.1875,-6.375,0.));
#2899=CARTESIAN_POINT('Origin',(3.1875,-6.375,0.));
#2900=CARTESIAN_POINT('',(2.1875,-6.375,1.5));
#2901=CARTESIAN_POINT('',(2.1875,-6.375,0.));
#2902=CARTESIAN_POINT('Origin',(3.1875,-6.375,1.5));
#2903=CARTESIAN_POINT('Origin',(-6.375,3.1875,0.));
#2904=CARTESIAN_POINT('',(-7.375,3.1875,0.));
#2905=CARTESIAN_POINT('Origin',(-6.375,3.1875,0.));
#2906=CARTESIAN_POINT('',(-7.375,3.1875,1.5));
#2907=CARTESIAN_POINT('',(-7.375,3.1875,0.));
#2908=CARTESIAN_POINT('Origin',(-6.375,3.1875,1.5));
#2909=CARTESIAN_POINT('Origin',(0.,-3.1875,0.));
#2910=CARTESIAN_POINT('',(-1.,-3.1875,0.));
#2911=CARTESIAN_POINT('Origin',(0.,-3.1875,0.));
#2912=CARTESIAN_POINT('',(-1.,-3.1875,1.5));
#2913=CARTESIAN_POINT('',(-1.,-3.1875,0.));
#2914=CARTESIAN_POINT('Origin',(0.,-3.1875,1.5));
#2915=CARTESIAN_POINT('Origin',(6.375,0.,0.));
#2916=CARTESIAN_POINT('',(5.375,1.22464679914735E-16,0.));
#2917=CARTESIAN_POINT('Origin',(6.375,0.,0.));
#2918=CARTESIAN_POINT('',(5.375,1.22464679914735E-16,1.5));
#2919=CARTESIAN_POINT('',(5.375,-1.22464679914735E-16,0.));
#2920=CARTESIAN_POINT('Origin',(6.375,0.,1.5));
#2921=CARTESIAN_POINT('Origin',(0.,0.,0.));
#2922=CARTESIAN_POINT('',(-1.,1.22464679914735E-16,0.));
#2923=CARTESIAN_POINT('Origin',(0.,0.,0.));
#2924=CARTESIAN_POINT('',(-1.,1.22464679914735E-16,1.5));
#2925=CARTESIAN_POINT('',(-1.,-1.22464679914735E-16,0.));
#2926=CARTESIAN_POINT('Origin',(0.,0.,1.5));
#2927=CARTESIAN_POINT('Origin',(0.,6.375,0.));
#2928=CARTESIAN_POINT('',(-1.,6.375,0.));
#2929=CARTESIAN_POINT('Origin',(0.,6.375,0.));
#2930=CARTESIAN_POINT('',(-1.,6.375,1.5));
#2931=CARTESIAN_POINT('',(-1.,6.375,0.));
#2932=CARTESIAN_POINT('Origin',(0.,6.375,1.5));
#2933=CARTESIAN_POINT('Origin',(3.1875,6.375,0.));
#2934=CARTESIAN_POINT('',(2.1875,6.375,0.));
#2935=CARTESIAN_POINT('Origin',(3.1875,6.375,0.));
#2936=CARTESIAN_POINT('',(2.1875,6.375,1.5));
#2937=CARTESIAN_POINT('',(2.1875,6.375,0.));
#2938=CARTESIAN_POINT('Origin',(3.1875,6.375,1.5));
#2939=CARTESIAN_POINT('Origin',(-3.1875,0.,0.));
#2940=CARTESIAN_POINT('',(-4.1875,1.22464679914735E-16,0.));
#2941=CARTESIAN_POINT('Origin',(-3.1875,0.,0.));
#2942=CARTESIAN_POINT('',(-4.1875,1.22464679914735E-16,1.5));
#2943=CARTESIAN_POINT('',(-4.1875,-1.22464679914735E-16,0.));
#2944=CARTESIAN_POINT('Origin',(-3.1875,0.,1.5));
#2945=CARTESIAN_POINT('Origin',(6.375,3.1875,0.));
#2946=CARTESIAN_POINT('',(5.375,3.1875,0.));
#2947=CARTESIAN_POINT('Origin',(6.375,3.1875,0.));
#2948=CARTESIAN_POINT('',(5.375,3.1875,1.5));
#2949=CARTESIAN_POINT('',(5.375,3.1875,0.));
#2950=CARTESIAN_POINT('Origin',(6.375,3.1875,1.5));
#2951=CARTESIAN_POINT('Origin',(3.1875,-3.1875,0.));
#2952=CARTESIAN_POINT('',(2.1875,-3.1875,0.));
#2953=CARTESIAN_POINT('Origin',(3.1875,-3.1875,0.));
#2954=CARTESIAN_POINT('',(2.1875,-3.1875,1.5));
#2955=CARTESIAN_POINT('',(2.1875,-3.1875,0.));
#2956=CARTESIAN_POINT('Origin',(3.1875,-3.1875,1.5));
#2957=CARTESIAN_POINT('Origin',(-6.375,0.,0.));
#2958=CARTESIAN_POINT('',(-7.375,1.22464679914735E-16,0.));
#2959=CARTESIAN_POINT('Origin',(-6.375,0.,0.));
#2960=CARTESIAN_POINT('',(-7.375,1.22464679914735E-16,1.5));
#2961=CARTESIAN_POINT('',(-7.375,-1.22464679914735E-16,0.));
#2962=CARTESIAN_POINT('Origin',(-6.375,0.,1.5));
#2963=CARTESIAN_POINT('Origin',(0.,-6.375,0.));
#2964=CARTESIAN_POINT('',(-1.,-6.375,0.));
#2965=CARTESIAN_POINT('Origin',(0.,-6.375,0.));
#2966=CARTESIAN_POINT('',(-1.,-6.375,1.5));
#2967=CARTESIAN_POINT('',(-1.,-6.375,0.));
#2968=CARTESIAN_POINT('Origin',(0.,-6.375,1.5));
#2969=CARTESIAN_POINT('Origin',(9.5625,-9.5625,0.));
#2970=CARTESIAN_POINT('',(8.5625,-9.5625,0.));
#2971=CARTESIAN_POINT('Origin',(9.5625,-9.5625,0.));
#2972=CARTESIAN_POINT('',(8.5625,-9.5625,1.5));
#2973=CARTESIAN_POINT('',(8.5625,-9.5625,0.));
#2974=CARTESIAN_POINT('Origin',(9.5625,-9.5625,1.5));
#2975=CARTESIAN_POINT('Origin',(12.75,-3.1875,0.));
#2976=CARTESIAN_POINT('',(11.75,-3.1875,0.));
#2977=CARTESIAN_POINT('Origin',(12.75,-3.1875,0.));
#2978=CARTESIAN_POINT('',(11.75,-3.1875,1.5));
#2979=CARTESIAN_POINT('',(11.75,-3.1875,0.));
#2980=CARTESIAN_POINT('Origin',(12.75,-3.1875,1.5));
#2981=CARTESIAN_POINT('Origin',(6.375,-12.75,0.));
#2982=CARTESIAN_POINT('',(5.375,-12.75,0.));
#2983=CARTESIAN_POINT('Origin',(6.375,-12.75,0.));
#2984=CARTESIAN_POINT('',(5.375,-12.75,1.5));
#2985=CARTESIAN_POINT('',(5.375,-12.75,0.));
#2986=CARTESIAN_POINT('Origin',(6.375,-12.75,1.5));
#2987=CARTESIAN_POINT('Origin',(9.5625,-3.1875,0.));
#2988=CARTESIAN_POINT('',(8.5625,-3.1875,0.));
#2989=CARTESIAN_POINT('Origin',(9.5625,-3.1875,0.));
#2990=CARTESIAN_POINT('',(8.5625,-3.1875,1.5));
#2991=CARTESIAN_POINT('',(8.5625,-3.1875,0.));
#2992=CARTESIAN_POINT('Origin',(9.5625,-3.1875,1.5));
#2993=CARTESIAN_POINT('Origin',(6.375,-6.375,0.));
#2994=CARTESIAN_POINT('',(5.375,-6.375,0.));
#2995=CARTESIAN_POINT('Origin',(6.375,-6.375,0.));
#2996=CARTESIAN_POINT('',(5.375,-6.375,1.5));
#2997=CARTESIAN_POINT('',(5.375,-6.375,0.));
#2998=CARTESIAN_POINT('Origin',(6.375,-6.375,1.5));
#2999=CARTESIAN_POINT('Origin',(-6.375,-6.375,0.));
#3000=CARTESIAN_POINT('',(-7.375,-6.375,0.));
#3001=CARTESIAN_POINT('Origin',(-6.375,-6.375,0.));
#3002=CARTESIAN_POINT('',(-7.375,-6.375,1.5));
#3003=CARTESIAN_POINT('',(-7.375,-6.375,0.));
#3004=CARTESIAN_POINT('Origin',(-6.375,-6.375,1.5));
#3005=CARTESIAN_POINT('Origin',(-3.1875,-3.1875,0.));
#3006=CARTESIAN_POINT('',(-4.1875,-3.1875,0.));
#3007=CARTESIAN_POINT('Origin',(-3.1875,-3.1875,0.));
#3008=CARTESIAN_POINT('',(-4.1875,-3.1875,1.5));
#3009=CARTESIAN_POINT('',(-4.1875,-3.1875,0.));
#3010=CARTESIAN_POINT('Origin',(-3.1875,-3.1875,1.5));
#3011=CARTESIAN_POINT('Origin',(3.1875,0.,0.));
#3012=CARTESIAN_POINT('',(2.1875,1.22464679914735E-16,0.));
#3013=CARTESIAN_POINT('Origin',(3.1875,0.,0.));
#3014=CARTESIAN_POINT('',(2.1875,1.22464679914735E-16,1.5));
#3015=CARTESIAN_POINT('',(2.1875,-1.22464679914735E-16,0.));
#3016=CARTESIAN_POINT('Origin',(3.1875,0.,1.5));
#3017=CARTESIAN_POINT('Origin',(0.,3.1875,0.));
#3018=CARTESIAN_POINT('',(-1.,3.1875,0.));
#3019=CARTESIAN_POINT('Origin',(0.,3.1875,0.));
#3020=CARTESIAN_POINT('',(-1.,3.1875,1.5));
#3021=CARTESIAN_POINT('',(-1.,3.1875,0.));
#3022=CARTESIAN_POINT('Origin',(0.,3.1875,1.5));
#3023=CARTESIAN_POINT('Origin',(-3.1875,6.375,0.));
#3024=CARTESIAN_POINT('',(-4.1875,6.375,0.));
#3025=CARTESIAN_POINT('Origin',(-3.1875,6.375,0.));
#3026=CARTESIAN_POINT('',(-4.1875,6.375,1.5));
#3027=CARTESIAN_POINT('',(-4.1875,6.375,0.));
#3028=CARTESIAN_POINT('Origin',(-3.1875,6.375,1.5));
#3029=CARTESIAN_POINT('Origin',(6.375,6.375,0.));
#3030=CARTESIAN_POINT('',(5.375,6.375,0.));
#3031=CARTESIAN_POINT('Origin',(6.375,6.375,0.));
#3032=CARTESIAN_POINT('',(5.375,6.375,1.5));
#3033=CARTESIAN_POINT('',(5.375,6.375,0.));
#3034=CARTESIAN_POINT('Origin',(6.375,6.375,1.5));
#3035=CARTESIAN_POINT('Origin',(-3.1875,3.1875,0.));
#3036=CARTESIAN_POINT('',(-4.1875,3.1875,0.));
#3037=CARTESIAN_POINT('Origin',(-3.1875,3.1875,0.));
#3038=CARTESIAN_POINT('',(-4.1875,3.1875,1.5));
#3039=CARTESIAN_POINT('',(-4.1875,3.1875,0.));
#3040=CARTESIAN_POINT('Origin',(-3.1875,3.1875,1.5));
#3041=CARTESIAN_POINT('Origin',(3.1875,3.1875,0.));
#3042=CARTESIAN_POINT('',(2.1875,3.1875,0.));
#3043=CARTESIAN_POINT('Origin',(3.1875,3.1875,0.));
#3044=CARTESIAN_POINT('',(2.1875,3.1875,1.5));
#3045=CARTESIAN_POINT('',(2.1875,3.1875,0.));
#3046=CARTESIAN_POINT('Origin',(3.1875,3.1875,1.5));
#3047=CARTESIAN_POINT('Origin',(6.375,-3.1875,0.));
#3048=CARTESIAN_POINT('',(5.375,-3.1875,0.));
#3049=CARTESIAN_POINT('Origin',(6.375,-3.1875,0.));
#3050=CARTESIAN_POINT('',(5.375,-3.1875,1.5));
#3051=CARTESIAN_POINT('',(5.375,-3.1875,0.));
#3052=CARTESIAN_POINT('Origin',(6.375,-3.1875,1.5));
#3053=CARTESIAN_POINT('Origin',(-6.375,-3.1875,0.));
#3054=CARTESIAN_POINT('',(-7.375,-3.1875,0.));
#3055=CARTESIAN_POINT('Origin',(-6.375,-3.1875,0.));
#3056=CARTESIAN_POINT('',(-7.375,-3.1875,1.5));
#3057=CARTESIAN_POINT('',(-7.375,-3.1875,0.));
#3058=CARTESIAN_POINT('Origin',(-6.375,-3.1875,1.5));
#3059=CARTESIAN_POINT('Origin',(-3.1875,-6.375,0.));
#3060=CARTESIAN_POINT('',(-4.1875,-6.375,0.));
#3061=CARTESIAN_POINT('Origin',(-3.1875,-6.375,0.));
#3062=CARTESIAN_POINT('',(-4.1875,-6.375,1.5));
#3063=CARTESIAN_POINT('',(-4.1875,-6.375,0.));
#3064=CARTESIAN_POINT('Origin',(-3.1875,-6.375,1.5));
#3065=CARTESIAN_POINT('Origin',(6.375,-9.5625,0.));
#3066=CARTESIAN_POINT('',(5.375,-9.5625,0.));
#3067=CARTESIAN_POINT('Origin',(6.375,-9.5625,0.));
#3068=CARTESIAN_POINT('',(5.375,-9.5625,1.5));
#3069=CARTESIAN_POINT('',(5.375,-9.5625,0.));
#3070=CARTESIAN_POINT('Origin',(6.375,-9.5625,1.5));
#3071=CARTESIAN_POINT('Origin',(3.1875,-9.5625,0.));
#3072=CARTESIAN_POINT('',(2.1875,-9.5625,0.));
#3073=CARTESIAN_POINT('Origin',(3.1875,-9.5625,0.));
#3074=CARTESIAN_POINT('',(2.1875,-9.5625,1.5));
#3075=CARTESIAN_POINT('',(2.1875,-9.5625,0.));
#3076=CARTESIAN_POINT('Origin',(3.1875,-9.5625,1.5));
#3077=CARTESIAN_POINT('Origin',(3.1875,-12.75,0.));
#3078=CARTESIAN_POINT('',(2.1875,-12.75,0.));
#3079=CARTESIAN_POINT('Origin',(3.1875,-12.75,0.));
#3080=CARTESIAN_POINT('',(2.1875,-12.75,1.5));
#3081=CARTESIAN_POINT('',(2.1875,-12.75,0.));
#3082=CARTESIAN_POINT('Origin',(3.1875,-12.75,1.5));
#3083=CARTESIAN_POINT('Origin',(-13.75,1.75,0.75));
#3084=CARTESIAN_POINT('',(-13.75,2.75,0.));
#3085=CARTESIAN_POINT('',(-14.75,1.75,0.));
#3086=CARTESIAN_POINT('Origin',(-13.75,1.75,0.));
#3087=CARTESIAN_POINT('',(-14.75,1.75,1.5));
#3088=CARTESIAN_POINT('',(-14.75,1.75,0.75));
#3089=CARTESIAN_POINT('',(-13.75,2.75,1.5));
#3090=CARTESIAN_POINT('Origin',(-13.75,1.75,1.5));
#3091=CARTESIAN_POINT('',(-13.75,2.75,1.5));
#3092=CARTESIAN_POINT('Origin',(-14.75,12.75,0.));
#3093=CARTESIAN_POINT('',(-14.75,-0.250000000000001,0.));
#3094=CARTESIAN_POINT('',(-14.75,-12.75,0.));
#3095=CARTESIAN_POINT('',(-14.75,-0.250000000000001,1.5));
#3096=CARTESIAN_POINT('',(-14.75,-0.25,0.));
#3097=CARTESIAN_POINT('',(-14.75,-12.75,1.5));
#3098=CARTESIAN_POINT('Origin',(12.75,12.75,0.));
#3099=CARTESIAN_POINT('',(-12.75,3.75,0.));
#3100=CARTESIAN_POINT('Origin',(-13.75,3.75,0.));
#3101=CARTESIAN_POINT('',(-12.75,6.75,0.));
#3102=CARTESIAN_POINT('',(-12.75,10.25,0.));
#3103=CARTESIAN_POINT('',(-13.75,7.75,0.));
#3104=CARTESIAN_POINT('Origin',(-13.75,6.75,0.));
#3105=CARTESIAN_POINT('',(-14.75,8.75,0.));
#3106=CARTESIAN_POINT('Origin',(-13.75,8.75,0.));
#3107=CARTESIAN_POINT('',(-14.75,12.75,0.));
#3108=CARTESIAN_POINT('',(-14.75,-12.75,0.));
#3109=CARTESIAN_POINT('',(-12.75,14.75,0.));
#3110=CARTESIAN_POINT('Origin',(-12.75,12.75,0.));
#3111=CARTESIAN_POINT('',(0.249999999999997,14.75,0.));
#3112=CARTESIAN_POINT('',(-12.75,14.75,0.));
#3113=CARTESIAN_POINT('',(1.25,13.75,0.));
#3114=CARTESIAN_POINT('Origin',(0.249999999999998,13.75,0.));
#3115=CARTESIAN_POINT('',(1.24999999999999,11.5,0.));
#3116=CARTESIAN_POINT('',(1.25,13.75,0.));
#3117=CARTESIAN_POINT('',(2.25,10.5,0.));
#3118=CARTESIAN_POINT('Origin',(2.25,11.5,0.));
#3119=CARTESIAN_POINT('',(7.25000000000001,10.5,0.));
#3120=CARTESIAN_POINT('',(7.,10.5,0.));
#3121=CARTESIAN_POINT('',(8.25,11.5,0.));
#3122=CARTESIAN_POINT('Origin',(7.25,11.5,0.));
#3123=CARTESIAN_POINT('',(8.25,13.75,0.));
#3124=CARTESIAN_POINT('',(8.25,11.625,0.));
#3125=CARTESIAN_POINT('',(9.25,14.75,0.));
#3126=CARTESIAN_POINT('Origin',(9.25,13.75,0.));
#3127=CARTESIAN_POINT('',(12.75,14.75,0.));
#3128=CARTESIAN_POINT('',(-12.75,14.75,0.));
#3129=CARTESIAN_POINT('',(10.75,12.75,0.));
#3130=CARTESIAN_POINT('Origin',(12.75,12.75,0.));
#3131=CARTESIAN_POINT('',(14.75,12.75,0.));
#3132=CARTESIAN_POINT('Origin',(12.75,12.75,0.));
#3133=CARTESIAN_POINT('',(14.75,9.25,0.));
#3134=CARTESIAN_POINT('',(14.75,12.75,0.));
#3135=CARTESIAN_POINT('',(13.75,8.25,0.));
#3136=CARTESIAN_POINT('Origin',(13.75,9.25,0.));
#3137=CARTESIAN_POINT('',(11.5,8.25000000000001,0.));
#3138=CARTESIAN_POINT('',(13.75,8.25,0.));
#3139=CARTESIAN_POINT('',(10.5,7.25000000000001,0.));
#3140=CARTESIAN_POINT('Origin',(11.5,7.25000000000001,0.));
#3141=CARTESIAN_POINT('',(10.5,2.25,0.));
#3142=CARTESIAN_POINT('',(10.5,10.5,0.));
#3143=CARTESIAN_POINT('',(11.5,1.25,0.));
#3144=CARTESIAN_POINT('Origin',(11.5,2.25,0.));
#3145=CARTESIAN_POINT('',(13.75,1.25,0.));
#3146=CARTESIAN_POINT('',(11.625,1.25,0.));
#3147=CARTESIAN_POINT('',(14.75,0.250000000000001,0.));
#3148=CARTESIAN_POINT('Origin',(13.75,0.250000000000002,0.));
#3149=CARTESIAN_POINT('',(14.75,-12.75,0.));
#3150=CARTESIAN_POINT('',(14.75,12.75,0.));
#3151=CARTESIAN_POINT('',(10.75,-12.75,0.));
#3152=CARTESIAN_POINT('Origin',(12.75,-12.75,0.));
#3153=CARTESIAN_POINT('',(12.75,-14.75,0.));
#3154=CARTESIAN_POINT('Origin',(12.75,-12.75,0.));
#3155=CARTESIAN_POINT('',(-0.250000000000001,-14.75,0.));
#3156=CARTESIAN_POINT('',(12.75,-14.75,0.));
#3157=CARTESIAN_POINT('',(-1.25,-13.75,0.));
#3158=CARTESIAN_POINT('Origin',(-0.250000000000001,-13.75,0.));
#3159=CARTESIAN_POINT('',(-1.25,-11.5,0.));
#3160=CARTESIAN_POINT('',(-1.25,-0.999999999999997,0.));
#3161=CARTESIAN_POINT('',(-2.25,-10.5,0.));
#3162=CARTESIAN_POINT('Origin',(-2.25,-11.5,0.));
#3163=CARTESIAN_POINT('',(-7.25000000000001,-10.5,0.));
#3164=CARTESIAN_POINT('',(5.75000000000002,-10.5,0.));
#3165=CARTESIAN_POINT('',(-8.25,-11.5,0.));
#3166=CARTESIAN_POINT('Origin',(-7.25,-11.5,0.));
#3167=CARTESIAN_POINT('',(-8.25,-13.75,0.));
#3168=CARTESIAN_POINT('',(-8.25000000000002,1.12499999999999,0.));
#3169=CARTESIAN_POINT('',(-9.25,-14.75,0.));
#3170=CARTESIAN_POINT('Origin',(-9.25,-13.75,0.));
#3171=CARTESIAN_POINT('',(-12.75,-14.75,0.));
#3172=CARTESIAN_POINT('',(12.75,-14.75,0.));
#3173=CARTESIAN_POINT('',(-14.75,-12.75,0.));
#3174=CARTESIAN_POINT('Origin',(-12.75,-12.75,0.));
#3175=CARTESIAN_POINT('',(-14.75,-9.25,0.));
#3176=CARTESIAN_POINT('',(-14.75,-12.75,0.));
#3177=CARTESIAN_POINT('',(-13.75,-8.25,0.));
#3178=CARTESIAN_POINT('Origin',(-13.75,-9.25,0.));
#3179=CARTESIAN_POINT('',(-11.5,-8.25,0.));
#3180=CARTESIAN_POINT('',(-1.00000000000001,-8.25000000000002,0.));
#3181=CARTESIAN_POINT('',(-10.5,-7.25000000000001,0.));
#3182=CARTESIAN_POINT('Origin',(-11.5,-7.25,0.));
#3183=CARTESIAN_POINT('',(-10.5,-2.25,0.));
#3184=CARTESIAN_POINT('',(-10.5,2.25000000000002,0.));
#3185=CARTESIAN_POINT('',(-11.5,-1.25,0.));
#3186=CARTESIAN_POINT('Origin',(-11.5,-2.25,0.));
#3187=CARTESIAN_POINT('',(-13.75,-1.25,0.));
#3188=CARTESIAN_POINT('',(1.12500000000001,-1.24999999999999,0.));
#3189=CARTESIAN_POINT('Origin',(-13.75,-0.25,0.));
#3190=CARTESIAN_POINT('',(-6.03248557872779,11.6893398282202,0.));
#3191=CARTESIAN_POINT('',(-6.38603896932107,12.0428932188135,0.));
#3192=CARTESIAN_POINT('',(-1.0716991411009,6.72855339059328,0.));
#3193=CARTESIAN_POINT('',(-7.80025253169416,12.0428932188135,0.));
#3194=CARTESIAN_POINT('Origin',(-7.09314575050761,11.3357864376269,0.));
#3195=CARTESIAN_POINT('',(-12.0428932188135,7.80025253169417,0.));
#3196=CARTESIAN_POINT('',(-2.13235931288068,17.7107864376269,0.));
#3197=CARTESIAN_POINT('',(-12.0428932188135,6.38603896932108,0.));
#3198=CARTESIAN_POINT('Origin',(-11.3357864376269,7.09314575050762,0.));
#3199=CARTESIAN_POINT('',(-11.6893398282202,6.0324855787278,0.));
#3200=CARTESIAN_POINT('',(-7.78921356237309,2.13235931288071,0.));
#3201=CARTESIAN_POINT('',(-9.56801948466054,6.0324855787278,0.));
#3202=CARTESIAN_POINT('Origin',(-10.6286796564404,7.09314575050762,0.));
#3203=CARTESIAN_POINT('',(-6.0324855787278,9.56801948466054,0.));
#3204=CARTESIAN_POINT('',(-2.83946609406726,12.7610389693211,0.));
#3205=CARTESIAN_POINT('Origin',(-7.09314575050762,10.6286796564404,0.));
#3206=CARTESIAN_POINT('Origin',(-13.75,8.75,0.75));
#3207=CARTESIAN_POINT('',(-13.75,7.75,1.5));
#3208=CARTESIAN_POINT('',(-14.75,8.75,1.5));
#3209=CARTESIAN_POINT('Origin',(-13.75,8.75,1.5));
#3210=CARTESIAN_POINT('',(-14.75,8.75,0.75));
#3211=CARTESIAN_POINT('',(-13.75,7.75,1.5));
#3212=CARTESIAN_POINT('Origin',(-14.75,12.75,0.));
#3213=CARTESIAN_POINT('',(-14.75,12.75,1.5));
#3214=CARTESIAN_POINT('',(-14.75,-12.75,1.5));
#3215=CARTESIAN_POINT('',(-14.75,12.75,0.));
#3216=CARTESIAN_POINT('Origin',(-13.75,6.75,1.5));
#3217=CARTESIAN_POINT('',(-12.75,6.75,1.5));
#3218=CARTESIAN_POINT('Origin',(-13.75,6.75,1.5));
#3219=CARTESIAN_POINT('',(-12.75,6.75,1.5));
#3220=CARTESIAN_POINT('Origin',(-13.75,3.75,1.5));
#3221=CARTESIAN_POINT('',(-12.75,3.75,1.5));
#3222=CARTESIAN_POINT('Origin',(-13.75,3.75,1.5));
#3223=CARTESIAN_POINT('',(-12.75,3.75,1.5));
#3224=CARTESIAN_POINT('Origin',(-12.75,7.75,1.5));
#3225=CARTESIAN_POINT('',(-12.75,10.25,1.5));
#3226=CARTESIAN_POINT('Origin',(12.75,12.75,1.5));
#3227=CARTESIAN_POINT('',(-13.75,-1.25,1.5));
#3228=CARTESIAN_POINT('Origin',(-13.75,-0.25,1.5));
#3229=CARTESIAN_POINT('',(-11.5,-1.25,1.5));
#3230=CARTESIAN_POINT('',(1.12500000000001,-1.24999999999999,1.5));
#3231=CARTESIAN_POINT('',(-10.5,-2.25,1.5));
#3232=CARTESIAN_POINT('Origin',(-11.5,-2.25,1.5));
#3233=CARTESIAN_POINT('',(-10.5,-7.25000000000001,1.5));
#3234=CARTESIAN_POINT('',(-10.5,2.25000000000002,1.5));
#3235=CARTESIAN_POINT('',(-11.5,-8.25,1.5));
#3236=CARTESIAN_POINT('Origin',(-11.5,-7.25,1.5));
#3237=CARTESIAN_POINT('',(-13.75,-8.25,1.5));
#3238=CARTESIAN_POINT('',(-1.00000000000001,-8.25000000000002,1.5));
#3239=CARTESIAN_POINT('',(-14.75,-9.25,1.5));
#3240=CARTESIAN_POINT('Origin',(-13.75,-9.25,1.5));
#3241=CARTESIAN_POINT('',(-14.75,-12.75,1.5));
#3242=CARTESIAN_POINT('',(-14.75,-12.75,1.5));
#3243=CARTESIAN_POINT('',(-12.75,-14.75,1.5));
#3244=CARTESIAN_POINT('Origin',(-12.75,-12.75,1.5));
#3245=CARTESIAN_POINT('',(-9.25,-14.75,1.5));
#3246=CARTESIAN_POINT('',(12.75,-14.75,1.5));
#3247=CARTESIAN_POINT('',(-8.25,-13.75,1.5));
#3248=CARTESIAN_POINT('Origin',(-9.25,-13.75,1.5));
#3249=CARTESIAN_POINT('',(-8.25,-11.5,1.5));
#3250=CARTESIAN_POINT('',(-8.25000000000002,1.12499999999999,1.5));
#3251=CARTESIAN_POINT('',(-7.25000000000001,-10.5,1.5));
#3252=CARTESIAN_POINT('Origin',(-7.25,-11.5,1.5));
#3253=CARTESIAN_POINT('',(-2.25,-10.5,1.5));
#3254=CARTESIAN_POINT('',(5.75000000000002,-10.5,1.5));
#3255=CARTESIAN_POINT('',(-1.25,-11.5,1.5));
#3256=CARTESIAN_POINT('Origin',(-2.25,-11.5,1.5));
#3257=CARTESIAN_POINT('',(-1.25,-13.75,1.5));
#3258=CARTESIAN_POINT('',(-1.25,-0.999999999999997,1.5));
#3259=CARTESIAN_POINT('',(-0.250000000000001,-14.75,1.5));
#3260=CARTESIAN_POINT('Origin',(-0.250000000000001,-13.75,1.5));
#3261=CARTESIAN_POINT('',(12.75,-14.75,1.5));
#3262=CARTESIAN_POINT('',(12.75,-14.75,1.5));
#3263=CARTESIAN_POINT('',(14.75,-12.75,1.5));
#3264=CARTESIAN_POINT('Origin',(12.75,-12.75,1.5));
#3265=CARTESIAN_POINT('',(14.75,0.250000000000001,1.5));
#3266=CARTESIAN_POINT('',(14.75,12.75,1.5));
#3267=CARTESIAN_POINT('',(13.75,1.25,1.5));
#3268=CARTESIAN_POINT('Origin',(13.75,0.250000000000002,1.5));
#3269=CARTESIAN_POINT('',(11.5,1.25,1.5));
#3270=CARTESIAN_POINT('',(11.625,1.25,1.5));
#3271=CARTESIAN_POINT('',(10.5,2.25,1.5));
#3272=CARTESIAN_POINT('Origin',(11.5,2.25,1.5));
#3273=CARTESIAN_POINT('',(10.5,7.25000000000001,1.5));
#3274=CARTESIAN_POINT('',(10.5,10.5,1.5));
#3275=CARTESIAN_POINT('',(11.5,8.25000000000001,1.5));
#3276=CARTESIAN_POINT('Origin',(11.5,7.25000000000001,1.5));
#3277=CARTESIAN_POINT('',(13.75,8.25,1.5));
#3278=CARTESIAN_POINT('',(13.75,8.25,1.5));
#3279=CARTESIAN_POINT('',(14.75,9.25,1.5));
#3280=CARTESIAN_POINT('Origin',(13.75,9.25,1.5));
#3281=CARTESIAN_POINT('',(14.75,12.75,1.5));
#3282=CARTESIAN_POINT('',(14.75,12.75,1.5));
#3283=CARTESIAN_POINT('',(12.75,14.75,1.5));
#3284=CARTESIAN_POINT('Origin',(12.75,12.75,1.5));
#3285=CARTESIAN_POINT('',(9.25,14.75,1.5));
#3286=CARTESIAN_POINT('',(-12.75,14.75,1.5));
#3287=CARTESIAN_POINT('',(8.25,13.75,1.5));
#3288=CARTESIAN_POINT('Origin',(9.25,13.75,1.5));
#3289=CARTESIAN_POINT('',(8.25,11.5,1.5));
#3290=CARTESIAN_POINT('',(8.25,11.625,1.5));
#3291=CARTESIAN_POINT('',(7.25000000000001,10.5,1.5));
#3292=CARTESIAN_POINT('Origin',(7.25,11.5,1.5));
#3293=CARTESIAN_POINT('',(2.25,10.5,1.5));
#3294=CARTESIAN_POINT('',(7.,10.5,1.5));
#3295=CARTESIAN_POINT('',(1.24999999999999,11.5,1.5));
#3296=CARTESIAN_POINT('Origin',(2.25,11.5,1.5));
#3297=CARTESIAN_POINT('',(1.25,13.75,1.5));
#3298=CARTESIAN_POINT('',(1.25,13.75,1.5));
#3299=CARTESIAN_POINT('',(0.249999999999997,14.75,1.5));
#3300=CARTESIAN_POINT('Origin',(0.249999999999998,13.75,1.5));
#3301=CARTESIAN_POINT('',(-12.75,14.75,1.5));
#3302=CARTESIAN_POINT('',(-12.75,14.75,1.5));
#3303=CARTESIAN_POINT('Origin',(-12.75,12.75,1.5));
#3304=CARTESIAN_POINT('',(11.55,-12.75,1.5));
#3305=CARTESIAN_POINT('Origin',(12.75,-12.75,1.5));
#3306=CARTESIAN_POINT('',(-13.95,12.75,1.5));
#3307=CARTESIAN_POINT('Origin',(-12.75,12.75,1.5));
#3308=CARTESIAN_POINT('',(-13.95,-12.75,1.5));
#3309=CARTESIAN_POINT('Origin',(-12.75,-12.75,1.5));
#3310=CARTESIAN_POINT('',(11.55,12.75,1.5));
#3311=CARTESIAN_POINT('Origin',(12.75,12.75,1.5));
#3312=CARTESIAN_POINT('',(-6.38603896932107,12.0428932188135,1.5));
#3313=CARTESIAN_POINT('',(-6.03248557872779,11.6893398282202,1.5));
#3314=CARTESIAN_POINT('',(-1.0716991411009,6.72855339059328,1.5));
#3315=CARTESIAN_POINT('',(-6.0324855787278,9.56801948466054,1.5));
#3316=CARTESIAN_POINT('Origin',(-7.09314575050762,10.6286796564404,1.5));
#3317=CARTESIAN_POINT('',(-9.56801948466054,6.0324855787278,1.5));
#3318=CARTESIAN_POINT('',(-2.83946609406726,12.7610389693211,1.5));
#3319=CARTESIAN_POINT('',(-11.6893398282202,6.0324855787278,1.5));
#3320=CARTESIAN_POINT('Origin',(-10.6286796564404,7.09314575050762,1.5));
#3321=CARTESIAN_POINT('',(-12.0428932188135,6.38603896932108,1.5));
#3322=CARTESIAN_POINT('',(-7.78921356237309,2.13235931288071,1.5));
#3323=CARTESIAN_POINT('',(-12.0428932188135,7.80025253169417,1.5));
#3324=CARTESIAN_POINT('Origin',(-11.3357864376269,7.09314575050762,1.5));
#3325=CARTESIAN_POINT('',(-7.80025253169416,12.0428932188135,1.5));
#3326=CARTESIAN_POINT('',(-2.13235931288068,17.7107864376269,1.5));
#3327=CARTESIAN_POINT('Origin',(-7.09314575050761,11.3357864376269,1.5));
#3328=CARTESIAN_POINT('Origin',(-10.6286796564404,7.09314575050762,0.));
#3329=CARTESIAN_POINT('',(-11.6893398282202,6.0324855787278,0.));
#3330=CARTESIAN_POINT('',(-9.56801948466054,6.0324855787278,0.));
#3331=CARTESIAN_POINT('Origin',(-12.75,7.09314575050761,0.));
#3332=CARTESIAN_POINT('',(-12.0428932188135,6.38603896932108,0.));
#3333=CARTESIAN_POINT('Origin',(-7.09314575050762,10.6286796564404,0.));
#3334=CARTESIAN_POINT('',(-6.0324855787278,9.56801948466054,0.));
#3335=CARTESIAN_POINT('',(-6.0324855787278,11.6893398282202,0.));
#3336=CARTESIAN_POINT('Origin',(-10.6286796564404,4.97182540694798,0.));
#3337=CARTESIAN_POINT('Origin',(-11.3357864376269,7.09314575050762,0.));
#3338=CARTESIAN_POINT('',(-12.0428932188135,7.80025253169417,0.));
#3339=CARTESIAN_POINT('Origin',(-7.09314575050761,12.75,0.));
#3340=CARTESIAN_POINT('',(-7.80025253169416,12.0428932188135,0.));
#3341=CARTESIAN_POINT('Origin',(-7.09314575050761,11.3357864376269,0.));
#3342=CARTESIAN_POINT('',(-6.38603896932107,12.0428932188135,0.));
#3343=CARTESIAN_POINT('Origin',(-4.97182540694797,10.6286796564404,0.));
#3344=CARTESIAN_POINT('Origin',(13.75,0.250000000000002,0.));
#3345=CARTESIAN_POINT('',(14.75,0.250000000000002,0.));
#3346=CARTESIAN_POINT('',(13.75,1.25,0.));
#3347=CARTESIAN_POINT('Origin',(10.5,1.25,0.));
#3348=CARTESIAN_POINT('',(11.5,1.25,0.));
#3349=CARTESIAN_POINT('Origin',(11.5,2.25,0.));
#3350=CARTESIAN_POINT('',(10.5,2.25,0.));
#3351=CARTESIAN_POINT('Origin',(10.5,8.25000000000001,0.));
#3352=CARTESIAN_POINT('',(10.5,7.25000000000001,0.));
#3353=CARTESIAN_POINT('Origin',(11.5,7.25000000000001,0.));
#3354=CARTESIAN_POINT('',(11.5,8.25000000000001,0.));
#3355=CARTESIAN_POINT('Origin',(14.75,8.25,0.));
#3356=CARTESIAN_POINT('',(13.75,8.25,0.));
#3357=CARTESIAN_POINT('Origin',(13.75,9.25,0.));
#3358=CARTESIAN_POINT('',(14.75,9.25,0.));
#3359=CARTESIAN_POINT('Origin',(14.75,-12.75,0.));
#3360=CARTESIAN_POINT('',(14.75,12.75,0.));
#3361=CARTESIAN_POINT('Origin',(9.25,13.75,0.));
#3362=CARTESIAN_POINT('',(9.25,14.75,0.));
#3363=CARTESIAN_POINT('',(8.25,13.75,0.));
#3364=CARTESIAN_POINT('Origin',(8.25000000000001,10.5,0.));
#3365=CARTESIAN_POINT('',(8.25000000000001,11.5,0.));
#3366=CARTESIAN_POINT('Origin',(7.25,11.5,0.));
#3367=CARTESIAN_POINT('',(7.25000000000001,10.5,0.));
#3368=CARTESIAN_POINT('Origin',(1.24999999999999,10.5,0.));
#3369=CARTESIAN_POINT('',(2.25,10.5,0.));
#3370=CARTESIAN_POINT('Origin',(0.249999999999998,13.75,0.));
#3371=CARTESIAN_POINT('',(0.249999999999998,14.75,0.));
#3372=CARTESIAN_POINT('',(1.25,13.75,0.));
#3373=CARTESIAN_POINT('Origin',(1.25,14.75,0.));
#3374=CARTESIAN_POINT('',(1.24999999999999,11.5,0.));
#3375=CARTESIAN_POINT('Origin',(2.25,11.5,0.));
#3376=CARTESIAN_POINT('Origin',(-13.75,-0.25,0.));
#3377=CARTESIAN_POINT('',(-13.75,-1.25,0.));
#3378=CARTESIAN_POINT('Origin',(-10.5,-1.25,0.));
#3379=CARTESIAN_POINT('',(-11.5,-1.25,0.));
#3380=CARTESIAN_POINT('Origin',(-11.5,-2.25,0.));
#3381=CARTESIAN_POINT('',(-10.5,-2.25,0.));
#3382=CARTESIAN_POINT('Origin',(-10.5,-8.25,0.));
#3383=CARTESIAN_POINT('',(-10.5,-7.25,0.));
#3384=CARTESIAN_POINT('Origin',(-13.75,-9.25,0.));
#3385=CARTESIAN_POINT('',(-14.75,-9.25,0.));
#3386=CARTESIAN_POINT('',(-13.75,-8.25,0.));
#3387=CARTESIAN_POINT('Origin',(-14.75,-8.25,0.));
#3388=CARTESIAN_POINT('',(-11.5,-8.25,0.));
#3389=CARTESIAN_POINT('Origin',(-11.5,-7.25,0.));
#3390=CARTESIAN_POINT('Origin',(-0.250000000000001,-13.75,0.));
#3391=CARTESIAN_POINT('',(-0.250000000000001,-14.75,0.));
#3392=CARTESIAN_POINT('',(-1.25,-13.75,0.));
#3393=CARTESIAN_POINT('Origin',(-1.25,-14.75,0.));
#3394=CARTESIAN_POINT('',(-1.25,-11.5,0.));
#3395=CARTESIAN_POINT('Origin',(-2.25,-11.5,0.));
#3396=CARTESIAN_POINT('',(-2.25,-10.5,0.));
#3397=CARTESIAN_POINT('Origin',(-7.25,-11.5,0.));
#3398=CARTESIAN_POINT('',(-7.25000000000001,-10.5,0.));
#3399=CARTESIAN_POINT('',(-8.25,-11.5,0.));
#3400=CARTESIAN_POINT('Origin',(-1.25,-10.5,0.));
#3401=CARTESIAN_POINT('Origin',(-9.25,-13.75,0.));
#3402=CARTESIAN_POINT('',(-9.25,-14.75,0.));
#3403=CARTESIAN_POINT('',(-8.25,-13.75,0.));
#3404=CARTESIAN_POINT('Origin',(-12.75,-14.75,0.));
#3405=CARTESIAN_POINT('',(-12.75,-14.75,0.));
#3406=CARTESIAN_POINT('Origin',(-8.25000000000001,-10.5,0.));
#3407=CARTESIAN_POINT('Origin',(-12.75,-14.75,0.));
#3408=CARTESIAN_POINT('',(12.75,-14.75,0.));
#3409=CARTESIAN_POINT('Origin',(-14.75,12.75,0.));
#3410=CARTESIAN_POINT('',(-14.75,-12.75,0.));
#3411=CARTESIAN_POINT('Origin',(14.75,-12.75,0.));
#3412=CARTESIAN_POINT('',(14.75,-12.75,0.));
#3413=CARTESIAN_POINT('Origin',(12.75,14.75,0.));
#3414=CARTESIAN_POINT('',(-12.75,14.75,0.));
#3415=CARTESIAN_POINT('Origin',(12.75,14.75,0.));
#3416=CARTESIAN_POINT('',(12.75,14.75,0.));
#3417=CARTESIAN_POINT('Origin',(12.75,12.75,-2.));
#3418=CARTESIAN_POINT('',(10.75,12.75,-2.));
#3419=CARTESIAN_POINT('Origin',(12.75,12.75,-2.));
#3420=CARTESIAN_POINT('',(11.55,12.75,-2.));
#3421=CARTESIAN_POINT('Origin',(12.75,12.75,-2.));
#3422=CARTESIAN_POINT('Origin',(-12.75,12.75,-2.));
#3423=CARTESIAN_POINT('',(-14.75,12.75,-2.));
#3424=CARTESIAN_POINT('Origin',(-12.75,12.75,-2.));
#3425=CARTESIAN_POINT('',(-13.95,12.75,-2.));
#3426=CARTESIAN_POINT('Origin',(-12.75,12.75,-2.));
#3427=CARTESIAN_POINT('Origin',(12.75,-12.75,-2.));
#3428=CARTESIAN_POINT('',(10.75,-12.75,-2.));
#3429=CARTESIAN_POINT('Origin',(12.75,-12.75,-2.));
#3430=CARTESIAN_POINT('',(11.55,-12.75,-2.));
#3431=CARTESIAN_POINT('Origin',(12.75,-12.75,-2.));
#3432=CARTESIAN_POINT('Origin',(-12.75,-12.75,-2.));
#3433=CARTESIAN_POINT('',(-14.75,-12.75,-2.));
#3434=CARTESIAN_POINT('Origin',(-12.75,-12.75,-2.));
#3435=CARTESIAN_POINT('',(-13.95,-12.75,-2.));
#3436=CARTESIAN_POINT('Origin',(-12.75,-12.75,-2.));
#3437=CARTESIAN_POINT('Origin',(12.75,12.75,0.));
#3438=CARTESIAN_POINT('',(11.55,12.75,0.));
#3439=CARTESIAN_POINT('Origin',(-12.75,-12.75,0.));
#3440=CARTESIAN_POINT('',(-13.95,-12.75,0.));
#3441=CARTESIAN_POINT('Origin',(-12.75,12.75,0.));
#3442=CARTESIAN_POINT('',(-13.95,12.75,0.));
#3443=CARTESIAN_POINT('Origin',(12.75,-12.75,0.));
#3444=CARTESIAN_POINT('',(11.55,-12.75,0.));
#3445=CARTESIAN_POINT('Origin',(12.75,-12.75,0.));
#3446=CARTESIAN_POINT('',(10.75,-12.75,0.));
#3447=CARTESIAN_POINT('Origin',(-12.75,-12.75,0.));
#3448=CARTESIAN_POINT('',(-14.75,-12.75,0.));
#3449=CARTESIAN_POINT('Origin',(-12.75,12.75,0.));
#3450=CARTESIAN_POINT('',(-14.75,12.75,0.));
#3451=CARTESIAN_POINT('Origin',(12.75,12.75,0.));
#3452=CARTESIAN_POINT('',(10.75,12.75,0.));
#3453=UNCERTAINTY_MEASURE_WITH_UNIT(LENGTH_MEASURE(0.01),#3457,
'DISTANCE_ACCURACY_VALUE',
'Maximum model space distance between geometric entities at asserted c
onnectivities');
#3454=UNCERTAINTY_MEASURE_WITH_UNIT(LENGTH_MEASURE(0.01),#3457,
'DISTANCE_ACCURACY_VALUE',
'Maximum model space distance between geometric entities at asserted c
onnectivities');
#3455=(
GEOMETRIC_REPRESENTATION_CONTEXT(3)
GLOBAL_UNCERTAINTY_ASSIGNED_CONTEXT((#3453))
GLOBAL_UNIT_ASSIGNED_CONTEXT((#3457,#3459,#3460))
REPRESENTATION_CONTEXT('','3D')
);
#3456=(
GEOMETRIC_REPRESENTATION_CONTEXT(3)
GLOBAL_UNCERTAINTY_ASSIGNED_CONTEXT((#3454))
GLOBAL_UNIT_ASSIGNED_CONTEXT((#3457,#3459,#3460))
REPRESENTATION_CONTEXT('','3D')
);
#3457=(
LENGTH_UNIT()
NAMED_UNIT(*)
SI_UNIT(.MILLI.,.METRE.)
);
#3458=(
LENGTH_UNIT()
NAMED_UNIT(*)
SI_UNIT($,.METRE.)
);
#3459=(
NAMED_UNIT(*)
PLANE_ANGLE_UNIT()
SI_UNIT($,.RADIAN.)
);
#3460=(
NAMED_UNIT(*)
SI_UNIT($,.STERADIAN.)
SOLID_ANGLE_UNIT()
);
#3461=SHAPE_DEFINITION_REPRESENTATION(#3462,#3463);
#3462=PRODUCT_DEFINITION_SHAPE('',$,#3465);
#3463=SHAPE_REPRESENTATION('',(#2035),#3455);
#3464=PRODUCT_DEFINITION_CONTEXT('part definition',#3469,'design');
#3465=PRODUCT_DEFINITION('esp_holder','esp_holder v2',#3466,#3464);
#3466=PRODUCT_DEFINITION_FORMATION('',$,#3471);
#3467=PRODUCT_RELATED_PRODUCT_CATEGORY('esp_holder v2','esp_holder v2',
(#3471));
#3468=APPLICATION_PROTOCOL_DEFINITION('international standard',
'automotive_design',2009,#3469);
#3469=APPLICATION_CONTEXT(
'Core Data for Automotive Mechanical Design Process');
#3470=PRODUCT_CONTEXT('part definition',#3469,'mechanical');
#3471=PRODUCT('esp_holder','esp_holder v2',$,(#3470));
#3472=PRESENTATION_STYLE_ASSIGNMENT((#3473));
#3473=SURFACE_STYLE_USAGE(.BOTH.,#3474);
#3474=SURFACE_SIDE_STYLE('',(#3475));
#3475=SURFACE_STYLE_FILL_AREA(#3476);
#3476=FILL_AREA_STYLE('Steel - Satin',(#3477));
#3477=FILL_AREA_STYLE_COLOUR('Steel - Satin',#3478);
#3478=COLOUR_RGB('Steel - Satin',0.627450980392157,0.627450980392157,0.627450980392157);
ENDSEC;
END-ISO-10303-21;
