ISO-10303-21;
HEADER;
/* Generated by software containing ST-Developer
 * from STEP Tools, Inc. (www.steptools.com) 
 */

FILE_DESCRIPTION(
/* description */ (''),
/* implementation_level */ '2;1');

FILE_NAME(
/* name */ 'frame.step',
/* time_stamp */ '2026-04-29T17:19:50+08:00',
/* author */ (''),
/* organization */ (''),
/* preprocessor_version */ 'ST-DEVELOPER v20.1',
/* originating_system */ 'Autodesk Translation Framework v15.8.0.0',
/* authorisation */ '');

FILE_SCHEMA (('AUTOMOTIVE_DESIGN { 1 0 10303 214 3 1 1 }'));
ENDSEC;

DATA;
#10=MECHANICAL_DESIGN_GEOMETRIC_PRESENTATION_REPRESENTATION('',(#13),#5409);
#11=SHAPE_REPRESENTATION_RELATIONSHIP('SRR','None',#5416,#12);
#12=ADVANCED_BREP_SHAPE_REPRESENTATION('',(#14),#5408);
#13=STYLED_ITEM('',(#5425),#14);
#14=MANIFOLD_SOLID_BREP('Body1',#3069);
#15=FACE_BOUND('',#585,.T.);
#16=FACE_BOUND('',#586,.T.);
#17=FACE_BOUND('',#587,.T.);
#18=FACE_BOUND('',#588,.T.);
#19=FACE_BOUND('',#589,.T.);
#20=FACE_BOUND('',#590,.T.);
#21=FACE_BOUND('',#591,.T.);
#22=FACE_BOUND('',#592,.T.);
#23=FACE_BOUND('',#593,.T.);
#24=FACE_BOUND('',#594,.T.);
#25=FACE_BOUND('',#595,.T.);
#26=FACE_BOUND('',#596,.T.);
#27=FACE_BOUND('',#597,.T.);
#28=FACE_BOUND('',#598,.T.);
#29=FACE_BOUND('',#599,.T.);
#30=FACE_BOUND('',#600,.T.);
#31=FACE_BOUND('',#601,.T.);
#32=FACE_BOUND('',#602,.T.);
#33=FACE_BOUND('',#603,.T.);
#34=FACE_BOUND('',#604,.T.);
#35=FACE_BOUND('',#637,.T.);
#36=FACE_BOUND('',#638,.T.);
#37=FACE_BOUND('',#639,.T.);
#38=FACE_BOUND('',#640,.T.);
#39=FACE_BOUND('',#641,.T.);
#40=FACE_BOUND('',#642,.T.);
#41=FACE_BOUND('',#643,.T.);
#42=FACE_BOUND('',#644,.T.);
#43=FACE_BOUND('',#645,.T.);
#44=FACE_BOUND('',#646,.T.);
#45=FACE_BOUND('',#647,.T.);
#46=FACE_BOUND('',#648,.T.);
#47=FACE_BOUND('',#649,.T.);
#48=FACE_BOUND('',#650,.T.);
#49=FACE_BOUND('',#651,.T.);
#50=FACE_BOUND('',#652,.T.);
#51=FACE_BOUND('',#653,.T.);
#52=FACE_BOUND('',#654,.T.);
#53=FACE_BOUND('',#655,.T.);
#54=FACE_BOUND('',#656,.T.);
#55=FACE_BOUND('',#657,.T.);
#56=FACE_BOUND('',#658,.T.);
#57=FACE_BOUND('',#659,.T.);
#58=B_SPLINE_CURVE_WITH_KNOTS('',3,(#4875,#4876,#4877,#4878,#4879,#4880,
#4881,#4882,#4883,#4884,#4885,#4886,#4887,#4888),.UNSPECIFIED.,.F.,.F.,
(4,2,2,2,2,2,4),(0.0814256063655918,0.082611121458165,0.10973598816941,
0.136860854880655,0.1639857215919,0.191110588303145,0.192296103395717),
 .UNSPECIFIED.);
#59=B_SPLINE_CURVE_WITH_KNOTS('',3,(#4897,#4898,#4899,#4900,#4901,#4902,
#4903,#4904,#4905,#4906,#4907,#4908,#4909,#4910),.UNSPECIFIED.,.F.,.F.,
(4,2,2,2,2,2,4),(0.0814256063655919,0.0826111214581649,0.10973598816941,
0.136860854880654,0.163985721591899,0.191110588303144,0.192296103395717),
 .UNSPECIFIED.);
#60=B_SPLINE_CURVE_WITH_KNOTS('',3,(#4914,#4915,#4916,#4917,#4918,#4919,
#4920,#4921,#4922,#4923,#4924,#4925,#4926,#4927),.UNSPECIFIED.,.F.,.F.,
(4,2,2,2,2,2,4),(0.081425606365592,0.0826111214581651,0.10973598816941,
0.136860854880655,0.1639857215919,0.191110588303145,0.192296103395718),
 .UNSPECIFIED.);
#61=B_SPLINE_CURVE_WITH_KNOTS('',3,(#4956,#4957,#4958,#4959,#4960,#4961,
#4962,#4963,#4964,#4965,#4966,#4967,#4968,#4969),.UNSPECIFIED.,.F.,.F.,
(4,2,2,2,2,2,4),(0.0814256063655916,0.082611121458165,0.10973598816941,
0.136860854880655,0.1639857215919,0.191110588303145,0.192296103395718),
 .UNSPECIFIED.);
#62=B_SPLINE_CURVE_WITH_KNOTS('',3,(#4978,#4979,#4980,#4981,#4982,#4983,
#4984,#4985,#4986,#4987,#4988,#4989,#4990,#4991),.UNSPECIFIED.,.F.,.F.,
(4,2,2,2,2,2,4),(0.081425606365592,0.0826111214581647,0.10973598816941,
0.136860854880655,0.1639857215919,0.191110588303144,0.192296103395717),
 .UNSPECIFIED.);
#63=B_SPLINE_CURVE_WITH_KNOTS('',3,(#4995,#4996,#4997,#4998,#4999,#5000,
#5001,#5002,#5003,#5004,#5005,#5006,#5007,#5008),.UNSPECIFIED.,.F.,.F.,
(4,2,2,2,2,2,4),(0.081425606365592,0.0826111214581651,0.10973598816941,
0.136860854880655,0.1639857215919,0.191110588303145,0.192296103395718),
 .UNSPECIFIED.);
#64=B_SPLINE_CURVE_WITH_KNOTS('',3,(#5037,#5038,#5039,#5040,#5041,#5042,
#5043,#5044,#5045,#5046,#5047,#5048,#5049,#5050),.UNSPECIFIED.,.F.,.F.,
(4,2,2,2,2,2,4),(0.0814256063655921,0.0826111214581653,0.10973598816941,
0.136860854880654,0.163985721591899,0.191110588303144,0.192296103395717),
 .UNSPECIFIED.);
#65=B_SPLINE_CURVE_WITH_KNOTS('',3,(#5059,#5060,#5061,#5062,#5063,#5064,
#5065,#5066,#5067,#5068,#5069,#5070,#5071,#5072),.UNSPECIFIED.,.F.,.F.,
(4,2,2,2,2,2,4),(0.0814256063655918,0.0826111214581648,0.10973598816941,
0.136860854880655,0.1639857215919,0.191110588303145,0.192296103395718),
 .UNSPECIFIED.);
#66=B_SPLINE_CURVE_WITH_KNOTS('',3,(#5076,#5077,#5078,#5079,#5080,#5081,
#5082,#5083,#5084,#5085,#5086,#5087,#5088,#5089),.UNSPECIFIED.,.F.,.F.,
(4,2,2,2,2,2,4),(0.0814256063655921,0.0826111214581651,0.10973598816941,
0.136860854880655,0.1639857215919,0.191110588303145,0.192296103395718),
 .UNSPECIFIED.);
#67=B_SPLINE_CURVE_WITH_KNOTS('',3,(#5118,#5119,#5120,#5121,#5122,#5123,
#5124,#5125,#5126,#5127,#5128,#5129,#5130,#5131),.UNSPECIFIED.,.F.,.F.,
(4,2,2,2,2,2,4),(0.0814256063655921,0.082611121458165,0.10973598816941,
0.136860854880655,0.1639857215919,0.191110588303145,0.192296103395717),
 .UNSPECIFIED.);
#68=B_SPLINE_CURVE_WITH_KNOTS('',3,(#5140,#5141,#5142,#5143,#5144,#5145,
#5146,#5147,#5148,#5149,#5150,#5151,#5152,#5153),.UNSPECIFIED.,.F.,.F.,
(4,2,2,2,2,2,4),(0.0814256063655922,0.0826111214581648,0.10973598816941,
0.136860854880655,0.1639857215919,0.191110588303145,0.192296103395718),
 .UNSPECIFIED.);
#69=B_SPLINE_CURVE_WITH_KNOTS('',3,(#5157,#5158,#5159,#5160,#5161,#5162,
#5163,#5164,#5165,#5166,#5167,#5168,#5169,#5170),.UNSPECIFIED.,.F.,.F.,
(4,2,2,2,2,2,4),(0.081425606365592,0.0826111214581651,0.10973598816941,
0.136860854880655,0.1639857215919,0.191110588303145,0.192296103395718),
 .UNSPECIFIED.);
#70=CONICAL_SURFACE('',#3228,2.2,0.785398163397449);
#71=CONICAL_SURFACE('',#3247,2.2,0.785398163397449);
#72=CONICAL_SURFACE('',#3266,2.2,0.785398163397449);
#73=CONICAL_SURFACE('',#3285,2.2,0.785398163397449);
#74=CONICAL_SURFACE('',#3349,1.2,0.785398163397449);
#75=CONICAL_SURFACE('',#3352,1.2,0.785398163397447);
#76=CONICAL_SURFACE('',#3355,1.2,0.785398163397446);
#77=CONICAL_SURFACE('',#3380,1.2,0.785398163397449);
#78=CONICAL_SURFACE('',#3383,1.2,0.785398163397447);
#79=CONICAL_SURFACE('',#3386,1.2,0.785398163397448);
#80=CONICAL_SURFACE('',#3393,1.2,0.785398163397449);
#81=CONICAL_SURFACE('',#3396,1.2,0.785398163397447);
#82=CONICAL_SURFACE('',#3399,1.2,0.785398163397446);
#83=CONICAL_SURFACE('',#3406,1.2,0.785398163397449);
#84=CONICAL_SURFACE('',#3414,1.2,0.785398163397447);
#85=CONICAL_SURFACE('',#3415,1.2,0.785398163397446);
#86=CYLINDRICAL_SURFACE('',#3104,2.);
#87=CYLINDRICAL_SURFACE('',#3109,2.);
#88=CYLINDRICAL_SURFACE('',#3117,2.);
#89=CYLINDRICAL_SURFACE('',#3126,3.);
#90=CYLINDRICAL_SURFACE('',#3132,3.);
#91=CYLINDRICAL_SURFACE('',#3138,3.);
#92=CYLINDRICAL_SURFACE('',#3144,3.);
#93=CYLINDRICAL_SURFACE('',#3149,1.1);
#94=CYLINDRICAL_SURFACE('',#3152,2.);
#95=CYLINDRICAL_SURFACE('',#3156,2.);
#96=CYLINDRICAL_SURFACE('',#3160,2.);
#97=CYLINDRICAL_SURFACE('',#3164,2.);
#98=CYLINDRICAL_SURFACE('',#3168,2.);
#99=CYLINDRICAL_SURFACE('',#3172,2.);
#100=CYLINDRICAL_SURFACE('',#3176,2.);
#101=CYLINDRICAL_SURFACE('',#3180,2.);
#102=CYLINDRICAL_SURFACE('',#3184,2.);
#103=CYLINDRICAL_SURFACE('',#3188,2.);
#104=CYLINDRICAL_SURFACE('',#3192,2.);
#105=CYLINDRICAL_SURFACE('',#3196,2.);
#106=CYLINDRICAL_SURFACE('',#3200,1.1);
#107=CYLINDRICAL_SURFACE('',#3203,1.1);
#108=CYLINDRICAL_SURFACE('',#3206,1.1);
#109=CYLINDRICAL_SURFACE('',#3209,2.);
#110=CYLINDRICAL_SURFACE('',#3213,2.);
#111=CYLINDRICAL_SURFACE('',#3217,2.);
#112=CYLINDRICAL_SURFACE('',#3221,2.);
#113=CYLINDRICAL_SURFACE('',#3225,1.1);
#114=CYLINDRICAL_SURFACE('',#3234,0.9);
#115=CYLINDRICAL_SURFACE('',#3238,0.9);
#116=CYLINDRICAL_SURFACE('',#3242,1.8);
#117=CYLINDRICAL_SURFACE('',#3253,0.9);
#118=CYLINDRICAL_SURFACE('',#3257,0.9);
#119=CYLINDRICAL_SURFACE('',#3261,1.8);
#120=CYLINDRICAL_SURFACE('',#3272,0.9);
#121=CYLINDRICAL_SURFACE('',#3276,0.9);
#122=CYLINDRICAL_SURFACE('',#3280,1.8);
#123=CYLINDRICAL_SURFACE('',#3291,0.9);
#124=CYLINDRICAL_SURFACE('',#3295,0.9);
#125=CYLINDRICAL_SURFACE('',#3299,1.8);
#126=CYLINDRICAL_SURFACE('',#3304,2.);
#127=CYLINDRICAL_SURFACE('',#3307,2.);
#128=CYLINDRICAL_SURFACE('',#3310,2.);
#129=CYLINDRICAL_SURFACE('',#3313,2.);
#130=CYLINDRICAL_SURFACE('',#3347,5.);
#131=CYLINDRICAL_SURFACE('',#3359,0.9);
#132=CYLINDRICAL_SURFACE('',#3362,2.);
#133=CYLINDRICAL_SURFACE('',#3364,1.05);
#134=CYLINDRICAL_SURFACE('',#3366,2.);
#135=CYLINDRICAL_SURFACE('',#3368,1.05);
#136=CYLINDRICAL_SURFACE('',#3370,2.);
#137=CYLINDRICAL_SURFACE('',#3372,1.05);
#138=CYLINDRICAL_SURFACE('',#3374,2.);
#139=CYLINDRICAL_SURFACE('',#3376,1.05);
#140=CYLINDRICAL_SURFACE('',#3378,5.);
#141=CYLINDRICAL_SURFACE('',#3390,0.9);
#142=CYLINDRICAL_SURFACE('',#3391,5.);
#143=CYLINDRICAL_SURFACE('',#3403,0.9);
#144=CYLINDRICAL_SURFACE('',#3404,5.);
#145=CYLINDRICAL_SURFACE('',#3417,0.9);
#146=CIRCLE('',#3102,2.);
#147=CIRCLE('',#3103,2.);
#148=CIRCLE('',#3105,2.);
#149=CIRCLE('',#3106,2.);
#150=CIRCLE('',#3107,2.);
#151=CIRCLE('',#3108,2.);
#152=CIRCLE('',#3110,2.);
#153=CIRCLE('',#3111,2.);
#154=CIRCLE('',#3112,2.);
#155=CIRCLE('',#3113,2.);
#156=CIRCLE('',#3114,2.);
#157=CIRCLE('',#3115,2.);
#158=CIRCLE('',#3118,2.);
#159=CIRCLE('',#3119,2.);
#160=CIRCLE('',#3120,2.);
#161=CIRCLE('',#3121,2.);
#162=CIRCLE('',#3122,2.);
#163=CIRCLE('',#3123,2.);
#164=CIRCLE('',#3127,3.);
#165=CIRCLE('',#3128,3.);
#166=CIRCLE('',#3133,3.);
#167=CIRCLE('',#3134,3.);
#168=CIRCLE('',#3139,3.);
#169=CIRCLE('',#3140,3.);
#170=CIRCLE('',#3145,3.);
#171=CIRCLE('',#3146,3.);
#172=CIRCLE('',#3150,1.1);
#173=CIRCLE('',#3151,1.1);
#174=CIRCLE('',#3153,2.);
#175=CIRCLE('',#3154,2.);
#176=CIRCLE('',#3157,2.);
#177=CIRCLE('',#3158,2.);
#178=CIRCLE('',#3161,2.);
#179=CIRCLE('',#3162,2.);
#180=CIRCLE('',#3165,2.);
#181=CIRCLE('',#3166,2.);
#182=CIRCLE('',#3169,2.);
#183=CIRCLE('',#3170,2.);
#184=CIRCLE('',#3173,2.);
#185=CIRCLE('',#3174,2.);
#186=CIRCLE('',#3177,2.);
#187=CIRCLE('',#3178,2.);
#188=CIRCLE('',#3181,2.);
#189=CIRCLE('',#3182,2.);
#190=CIRCLE('',#3185,2.);
#191=CIRCLE('',#3186,2.);
#192=CIRCLE('',#3189,2.);
#193=CIRCLE('',#3190,2.);
#194=CIRCLE('',#3193,2.);
#195=CIRCLE('',#3194,2.);
#196=CIRCLE('',#3197,2.);
#197=CIRCLE('',#3198,2.);
#198=CIRCLE('',#3201,1.1);
#199=CIRCLE('',#3202,1.1);
#200=CIRCLE('',#3204,1.1);
#201=CIRCLE('',#3205,1.1);
#202=CIRCLE('',#3207,1.1);
#203=CIRCLE('',#3208,1.1);
#204=CIRCLE('',#3210,2.);
#205=CIRCLE('',#3211,2.);
#206=CIRCLE('',#3214,2.);
#207=CIRCLE('',#3215,2.);
#208=CIRCLE('',#3218,2.);
#209=CIRCLE('',#3219,2.);
#210=CIRCLE('',#3222,2.);
#211=CIRCLE('',#3223,2.);
#212=CIRCLE('',#3226,1.1);
#213=CIRCLE('',#3227,1.1);
#214=CIRCLE('',#3229,2.6);
#215=CIRCLE('',#3230,1.8);
#216=CIRCLE('',#3231,2.6);
#217=CIRCLE('',#3232,2.6);
#218=CIRCLE('',#3233,2.6);
#219=CIRCLE('',#3235,0.9);
#220=CIRCLE('',#3236,0.9);
#221=CIRCLE('',#3237,0.9);
#222=CIRCLE('',#3239,0.9);
#223=CIRCLE('',#3240,0.9);
#224=CIRCLE('',#3241,0.9);
#225=CIRCLE('',#3243,1.8);
#226=CIRCLE('',#3244,1.8);
#227=CIRCLE('',#3245,1.8);
#228=CIRCLE('',#3246,1.8);
#229=CIRCLE('',#3248,2.6);
#230=CIRCLE('',#3249,1.8);
#231=CIRCLE('',#3250,2.6);
#232=CIRCLE('',#3251,2.6);
#233=CIRCLE('',#3252,2.6);
#234=CIRCLE('',#3254,0.9);
#235=CIRCLE('',#3255,0.9);
#236=CIRCLE('',#3256,0.9);
#237=CIRCLE('',#3258,0.9);
#238=CIRCLE('',#3259,0.9);
#239=CIRCLE('',#3260,0.9);
#240=CIRCLE('',#3262,1.8);
#241=CIRCLE('',#3263,1.8);
#242=CIRCLE('',#3264,1.8);
#243=CIRCLE('',#3265,1.8);
#244=CIRCLE('',#3267,2.6);
#245=CIRCLE('',#3268,1.8);
#246=CIRCLE('',#3269,2.6);
#247=CIRCLE('',#3270,2.6);
#248=CIRCLE('',#3271,2.6);
#249=CIRCLE('',#3273,0.9);
#250=CIRCLE('',#3274,0.9);
#251=CIRCLE('',#3275,0.9);
#252=CIRCLE('',#3277,0.9);
#253=CIRCLE('',#3278,0.9);
#254=CIRCLE('',#3279,0.9);
#255=CIRCLE('',#3281,1.8);
#256=CIRCLE('',#3282,1.8);
#257=CIRCLE('',#3283,1.8);
#258=CIRCLE('',#3284,1.8);
#259=CIRCLE('',#3286,2.6);
#260=CIRCLE('',#3287,1.8);
#261=CIRCLE('',#3288,2.6);
#262=CIRCLE('',#3289,2.6);
#263=CIRCLE('',#3290,2.6);
#264=CIRCLE('',#3292,0.9);
#265=CIRCLE('',#3293,0.9);
#266=CIRCLE('',#3294,0.9);
#267=CIRCLE('',#3296,0.9);
#268=CIRCLE('',#3297,0.9);
#269=CIRCLE('',#3298,0.9);
#270=CIRCLE('',#3300,1.8);
#271=CIRCLE('',#3301,1.8);
#272=CIRCLE('',#3302,1.8);
#273=CIRCLE('',#3303,1.8);
#274=CIRCLE('',#3305,2.);
#275=CIRCLE('',#3306,2.);
#276=CIRCLE('',#3308,2.);
#277=CIRCLE('',#3309,2.);
#278=CIRCLE('',#3311,2.);
#279=CIRCLE('',#3312,2.);
#280=CIRCLE('',#3314,2.);
#281=CIRCLE('',#3315,2.);
#282=CIRCLE('',#3323,5.);
#283=CIRCLE('',#3324,5.);
#284=CIRCLE('',#3325,5.);
#285=CIRCLE('',#3326,5.);
#286=CIRCLE('',#3327,0.9);
#287=CIRCLE('',#3328,0.9);
#288=CIRCLE('',#3329,0.9);
#289=CIRCLE('',#3330,0.9);
#290=CIRCLE('',#3331,0.9);
#291=CIRCLE('',#3332,0.9);
#292=CIRCLE('',#3333,0.9);
#293=CIRCLE('',#3334,0.9);
#294=CIRCLE('',#3335,2.);
#295=CIRCLE('',#3336,2.);
#296=CIRCLE('',#3337,2.);
#297=CIRCLE('',#3338,1.05);
#298=CIRCLE('',#3339,1.05);
#299=CIRCLE('',#3340,1.05);
#300=CIRCLE('',#3341,2.);
#301=CIRCLE('',#3342,1.05);
#302=CIRCLE('',#3348,5.);
#303=CIRCLE('',#3350,1.5);
#304=CIRCLE('',#3351,1.5);
#305=CIRCLE('',#3353,1.5);
#306=CIRCLE('',#3354,1.5);
#307=CIRCLE('',#3356,1.5);
#308=CIRCLE('',#3357,0.9);
#309=CIRCLE('',#3358,1.5);
#310=CIRCLE('',#3363,2.);
#311=CIRCLE('',#3365,1.05);
#312=CIRCLE('',#3367,2.);
#313=CIRCLE('',#3369,1.05);
#314=CIRCLE('',#3371,2.);
#315=CIRCLE('',#3373,1.05);
#316=CIRCLE('',#3375,2.);
#317=CIRCLE('',#3377,1.05);
#318=CIRCLE('',#3379,5.);
#319=CIRCLE('',#3381,1.5);
#320=CIRCLE('',#3382,1.5);
#321=CIRCLE('',#3384,1.5);
#322=CIRCLE('',#3385,1.5);
#323=CIRCLE('',#3387,1.5);
#324=CIRCLE('',#3388,0.9);
#325=CIRCLE('',#3389,1.5);
#326=CIRCLE('',#3392,5.);
#327=CIRCLE('',#3394,1.5);
#328=CIRCLE('',#3395,1.5);
#329=CIRCLE('',#3397,1.5);
#330=CIRCLE('',#3398,1.5);
#331=CIRCLE('',#3400,1.5);
#332=CIRCLE('',#3401,0.9);
#333=CIRCLE('',#3402,1.5);
#334=CIRCLE('',#3405,5.);
#335=CIRCLE('',#3407,1.5);
#336=CIRCLE('',#3408,1.5);
#337=CIRCLE('',#3410,1.5);
#338=CIRCLE('',#3411,1.5);
#339=CIRCLE('',#3412,1.5);
#340=CIRCLE('',#3413,1.5);
#341=CIRCLE('',#3416,0.9);
#342=FACE_OUTER_BOUND('',#481,.T.);
#343=FACE_OUTER_BOUND('',#482,.T.);
#344=FACE_OUTER_BOUND('',#483,.T.);
#345=FACE_OUTER_BOUND('',#484,.T.);
#346=FACE_OUTER_BOUND('',#485,.T.);
#347=FACE_OUTER_BOUND('',#486,.T.);
#348=FACE_OUTER_BOUND('',#487,.T.);
#349=FACE_OUTER_BOUND('',#488,.T.);
#350=FACE_OUTER_BOUND('',#489,.T.);
#351=FACE_OUTER_BOUND('',#490,.T.);
#352=FACE_OUTER_BOUND('',#491,.T.);
#353=FACE_OUTER_BOUND('',#492,.T.);
#354=FACE_OUTER_BOUND('',#493,.T.);
#355=FACE_OUTER_BOUND('',#494,.T.);
#356=FACE_OUTER_BOUND('',#495,.T.);
#357=FACE_OUTER_BOUND('',#496,.T.);
#358=FACE_OUTER_BOUND('',#497,.T.);
#359=FACE_OUTER_BOUND('',#498,.T.);
#360=FACE_OUTER_BOUND('',#499,.T.);
#361=FACE_OUTER_BOUND('',#500,.T.);
#362=FACE_OUTER_BOUND('',#501,.T.);
#363=FACE_OUTER_BOUND('',#502,.T.);
#364=FACE_OUTER_BOUND('',#503,.T.);
#365=FACE_OUTER_BOUND('',#504,.T.);
#366=FACE_OUTER_BOUND('',#505,.T.);
#367=FACE_OUTER_BOUND('',#506,.T.);
#368=FACE_OUTER_BOUND('',#507,.T.);
#369=FACE_OUTER_BOUND('',#508,.T.);
#370=FACE_OUTER_BOUND('',#509,.T.);
#371=FACE_OUTER_BOUND('',#510,.T.);
#372=FACE_OUTER_BOUND('',#511,.T.);
#373=FACE_OUTER_BOUND('',#512,.T.);
#374=FACE_OUTER_BOUND('',#513,.T.);
#375=FACE_OUTER_BOUND('',#514,.T.);
#376=FACE_OUTER_BOUND('',#515,.T.);
#377=FACE_OUTER_BOUND('',#516,.T.);
#378=FACE_OUTER_BOUND('',#517,.T.);
#379=FACE_OUTER_BOUND('',#518,.T.);
#380=FACE_OUTER_BOUND('',#519,.T.);
#381=FACE_OUTER_BOUND('',#520,.T.);
#382=FACE_OUTER_BOUND('',#521,.T.);
#383=FACE_OUTER_BOUND('',#522,.T.);
#384=FACE_OUTER_BOUND('',#523,.T.);
#385=FACE_OUTER_BOUND('',#524,.T.);
#386=FACE_OUTER_BOUND('',#525,.T.);
#387=FACE_OUTER_BOUND('',#526,.T.);
#388=FACE_OUTER_BOUND('',#527,.T.);
#389=FACE_OUTER_BOUND('',#528,.T.);
#390=FACE_OUTER_BOUND('',#529,.T.);
#391=FACE_OUTER_BOUND('',#530,.T.);
#392=FACE_OUTER_BOUND('',#531,.T.);
#393=FACE_OUTER_BOUND('',#532,.T.);
#394=FACE_OUTER_BOUND('',#533,.T.);
#395=FACE_OUTER_BOUND('',#534,.T.);
#396=FACE_OUTER_BOUND('',#535,.T.);
#397=FACE_OUTER_BOUND('',#536,.T.);
#398=FACE_OUTER_BOUND('',#537,.T.);
#399=FACE_OUTER_BOUND('',#538,.T.);
#400=FACE_OUTER_BOUND('',#539,.T.);
#401=FACE_OUTER_BOUND('',#540,.T.);
#402=FACE_OUTER_BOUND('',#541,.T.);
#403=FACE_OUTER_BOUND('',#542,.T.);
#404=FACE_OUTER_BOUND('',#543,.T.);
#405=FACE_OUTER_BOUND('',#544,.T.);
#406=FACE_OUTER_BOUND('',#545,.T.);
#407=FACE_OUTER_BOUND('',#546,.T.);
#408=FACE_OUTER_BOUND('',#547,.T.);
#409=FACE_OUTER_BOUND('',#548,.T.);
#410=FACE_OUTER_BOUND('',#549,.T.);
#411=FACE_OUTER_BOUND('',#550,.T.);
#412=FACE_OUTER_BOUND('',#551,.T.);
#413=FACE_OUTER_BOUND('',#552,.T.);
#414=FACE_OUTER_BOUND('',#553,.T.);
#415=FACE_OUTER_BOUND('',#554,.T.);
#416=FACE_OUTER_BOUND('',#555,.T.);
#417=FACE_OUTER_BOUND('',#556,.T.);
#418=FACE_OUTER_BOUND('',#557,.T.);
#419=FACE_OUTER_BOUND('',#558,.T.);
#420=FACE_OUTER_BOUND('',#559,.T.);
#421=FACE_OUTER_BOUND('',#560,.T.);
#422=FACE_OUTER_BOUND('',#561,.T.);
#423=FACE_OUTER_BOUND('',#562,.T.);
#424=FACE_OUTER_BOUND('',#563,.T.);
#425=FACE_OUTER_BOUND('',#564,.T.);
#426=FACE_OUTER_BOUND('',#565,.T.);
#427=FACE_OUTER_BOUND('',#566,.T.);
#428=FACE_OUTER_BOUND('',#567,.T.);
#429=FACE_OUTER_BOUND('',#568,.T.);
#430=FACE_OUTER_BOUND('',#569,.T.);
#431=FACE_OUTER_BOUND('',#570,.T.);
#432=FACE_OUTER_BOUND('',#571,.T.);
#433=FACE_OUTER_BOUND('',#572,.T.);
#434=FACE_OUTER_BOUND('',#573,.T.);
#435=FACE_OUTER_BOUND('',#574,.T.);
#436=FACE_OUTER_BOUND('',#575,.T.);
#437=FACE_OUTER_BOUND('',#576,.T.);
#438=FACE_OUTER_BOUND('',#577,.T.);
#439=FACE_OUTER_BOUND('',#578,.T.);
#440=FACE_OUTER_BOUND('',#579,.T.);
#441=FACE_OUTER_BOUND('',#580,.T.);
#442=FACE_OUTER_BOUND('',#581,.T.);
#443=FACE_OUTER_BOUND('',#582,.T.);
#444=FACE_OUTER_BOUND('',#583,.T.);
#445=FACE_OUTER_BOUND('',#584,.T.);
#446=FACE_OUTER_BOUND('',#605,.T.);
#447=FACE_OUTER_BOUND('',#606,.T.);
#448=FACE_OUTER_BOUND('',#607,.T.);
#449=FACE_OUTER_BOUND('',#608,.T.);
#450=FACE_OUTER_BOUND('',#609,.T.);
#451=FACE_OUTER_BOUND('',#610,.T.);
#452=FACE_OUTER_BOUND('',#611,.T.);
#453=FACE_OUTER_BOUND('',#612,.T.);
#454=FACE_OUTER_BOUND('',#613,.T.);
#455=FACE_OUTER_BOUND('',#614,.T.);
#456=FACE_OUTER_BOUND('',#615,.T.);
#457=FACE_OUTER_BOUND('',#616,.T.);
#458=FACE_OUTER_BOUND('',#617,.T.);
#459=FACE_OUTER_BOUND('',#618,.T.);
#460=FACE_OUTER_BOUND('',#619,.T.);
#461=FACE_OUTER_BOUND('',#620,.T.);
#462=FACE_OUTER_BOUND('',#621,.T.);
#463=FACE_OUTER_BOUND('',#622,.T.);
#464=FACE_OUTER_BOUND('',#623,.T.);
#465=FACE_OUTER_BOUND('',#624,.T.);
#466=FACE_OUTER_BOUND('',#625,.T.);
#467=FACE_OUTER_BOUND('',#626,.T.);
#468=FACE_OUTER_BOUND('',#627,.T.);
#469=FACE_OUTER_BOUND('',#628,.T.);
#470=FACE_OUTER_BOUND('',#629,.T.);
#471=FACE_OUTER_BOUND('',#630,.T.);
#472=FACE_OUTER_BOUND('',#631,.T.);
#473=FACE_OUTER_BOUND('',#632,.T.);
#474=FACE_OUTER_BOUND('',#633,.T.);
#475=FACE_OUTER_BOUND('',#634,.T.);
#476=FACE_OUTER_BOUND('',#635,.T.);
#477=FACE_OUTER_BOUND('',#636,.T.);
#478=FACE_OUTER_BOUND('',#660,.T.);
#479=FACE_OUTER_BOUND('',#661,.T.);
#480=FACE_OUTER_BOUND('',#662,.T.);
#481=EDGE_LOOP('',(#1939,#1940,#1941,#1942));
#482=EDGE_LOOP('',(#1943,#1944,#1945,#1946));
#483=EDGE_LOOP('',(#1947,#1948,#1949,#1950));
#484=EDGE_LOOP('',(#1951,#1952,#1953,#1954));
#485=EDGE_LOOP('',(#1955,#1956,#1957,#1958));
#486=EDGE_LOOP('',(#1959,#1960,#1961,#1962));
#487=EDGE_LOOP('',(#1963,#1964,#1965,#1966));
#488=EDGE_LOOP('',(#1967,#1968,#1969,#1970));
#489=EDGE_LOOP('',(#1971,#1972,#1973,#1974));
#490=EDGE_LOOP('',(#1975,#1976,#1977,#1978));
#491=EDGE_LOOP('',(#1979,#1980,#1981,#1982));
#492=EDGE_LOOP('',(#1983,#1984,#1985,#1986));
#493=EDGE_LOOP('',(#1987,#1988,#1989,#1990));
#494=EDGE_LOOP('',(#1991,#1992,#1993,#1994));
#495=EDGE_LOOP('',(#1995,#1996,#1997,#1998));
#496=EDGE_LOOP('',(#1999,#2000,#2001,#2002));
#497=EDGE_LOOP('',(#2003,#2004,#2005,#2006));
#498=EDGE_LOOP('',(#2007,#2008,#2009,#2010));
#499=EDGE_LOOP('',(#2011,#2012,#2013,#2014,#2015,#2016,#2017,#2018));
#500=EDGE_LOOP('',(#2019,#2020,#2021,#2022,#2023,#2024,#2025,#2026,#2027,
#2028,#2029,#2030));
#501=EDGE_LOOP('',(#2031,#2032,#2033,#2034,#2035,#2036,#2037,#2038,#2039,
#2040,#2041,#2042));
#502=EDGE_LOOP('',(#2043,#2044,#2045,#2046,#2047,#2048,#2049,#2050,#2051));
#503=EDGE_LOOP('',(#2052,#2053,#2054,#2055,#2056,#2057,#2058,#2059,#2060,
#2061,#2062,#2063));
#504=EDGE_LOOP('',(#2064,#2065,#2066,#2067,#2068,#2069,#2070,#2071,#2072));
#505=EDGE_LOOP('',(#2073,#2074,#2075,#2076));
#506=EDGE_LOOP('',(#2077,#2078,#2079,#2080));
#507=EDGE_LOOP('',(#2081,#2082,#2083,#2084));
#508=EDGE_LOOP('',(#2085,#2086,#2087,#2088));
#509=EDGE_LOOP('',(#2089,#2090,#2091,#2092));
#510=EDGE_LOOP('',(#2093,#2094,#2095,#2096));
#511=EDGE_LOOP('',(#2097,#2098,#2099,#2100));
#512=EDGE_LOOP('',(#2101,#2102,#2103,#2104));
#513=EDGE_LOOP('',(#2105,#2106,#2107,#2108));
#514=EDGE_LOOP('',(#2109,#2110,#2111,#2112));
#515=EDGE_LOOP('',(#2113,#2114,#2115,#2116));
#516=EDGE_LOOP('',(#2117,#2118,#2119,#2120));
#517=EDGE_LOOP('',(#2121,#2122,#2123,#2124));
#518=EDGE_LOOP('',(#2125,#2126,#2127,#2128));
#519=EDGE_LOOP('',(#2129,#2130,#2131,#2132));
#520=EDGE_LOOP('',(#2133,#2134,#2135,#2136));
#521=EDGE_LOOP('',(#2137,#2138,#2139,#2140));
#522=EDGE_LOOP('',(#2141,#2142,#2143,#2144));
#523=EDGE_LOOP('',(#2145,#2146,#2147,#2148));
#524=EDGE_LOOP('',(#2149,#2150,#2151,#2152));
#525=EDGE_LOOP('',(#2153,#2154,#2155,#2156));
#526=EDGE_LOOP('',(#2157,#2158,#2159,#2160));
#527=EDGE_LOOP('',(#2161,#2162,#2163,#2164));
#528=EDGE_LOOP('',(#2165,#2166,#2167,#2168));
#529=EDGE_LOOP('',(#2169,#2170,#2171,#2172));
#530=EDGE_LOOP('',(#2173,#2174,#2175,#2176));
#531=EDGE_LOOP('',(#2177,#2178,#2179,#2180));
#532=EDGE_LOOP('',(#2181,#2182,#2183,#2184));
#533=EDGE_LOOP('',(#2185,#2186,#2187,#2188));
#534=EDGE_LOOP('',(#2189,#2190,#2191,#2192));
#535=EDGE_LOOP('',(#2193,#2194,#2195,#2196));
#536=EDGE_LOOP('',(#2197,#2198,#2199,#2200));
#537=EDGE_LOOP('',(#2201,#2202,#2203,#2204));
#538=EDGE_LOOP('',(#2205,#2206,#2207,#2208));
#539=EDGE_LOOP('',(#2209,#2210,#2211,#2212));
#540=EDGE_LOOP('',(#2213,#2214,#2215,#2216));
#541=EDGE_LOOP('',(#2217,#2218,#2219,#2220));
#542=EDGE_LOOP('',(#2221,#2222,#2223,#2224));
#543=EDGE_LOOP('',(#2225,#2226,#2227,#2228));
#544=EDGE_LOOP('',(#2229,#2230,#2231,#2232));
#545=EDGE_LOOP('',(#2233,#2234,#2235,#2236));
#546=EDGE_LOOP('',(#2237,#2238,#2239,#2240));
#547=EDGE_LOOP('',(#2241,#2242,#2243,#2244));
#548=EDGE_LOOP('',(#2245,#2246,#2247,#2248));
#549=EDGE_LOOP('',(#2249,#2250,#2251,#2252));
#550=EDGE_LOOP('',(#2253,#2254,#2255,#2256));
#551=EDGE_LOOP('',(#2257,#2258,#2259,#2260));
#552=EDGE_LOOP('',(#2261,#2262,#2263,#2264));
#553=EDGE_LOOP('',(#2265,#2266,#2267,#2268));
#554=EDGE_LOOP('',(#2269,#2270,#2271,#2272));
#555=EDGE_LOOP('',(#2273,#2274,#2275,#2276));
#556=EDGE_LOOP('',(#2277,#2278,#2279,#2280));
#557=EDGE_LOOP('',(#2281,#2282,#2283,#2284));
#558=EDGE_LOOP('',(#2285,#2286,#2287,#2288,#2289,#2290,#2291,#2292,#2293,
#2294));
#559=EDGE_LOOP('',(#2295,#2296,#2297,#2298,#2299,#2300));
#560=EDGE_LOOP('',(#2301,#2302,#2303,#2304,#2305,#2306));
#561=EDGE_LOOP('',(#2307,#2308,#2309,#2310,#2311,#2312,#2313));
#562=EDGE_LOOP('',(#2314,#2315,#2316,#2317,#2318,#2319,#2320,#2321,#2322,
#2323));
#563=EDGE_LOOP('',(#2324,#2325,#2326,#2327,#2328,#2329));
#564=EDGE_LOOP('',(#2330,#2331,#2332,#2333,#2334,#2335));
#565=EDGE_LOOP('',(#2336,#2337,#2338,#2339,#2340,#2341,#2342));
#566=EDGE_LOOP('',(#2343,#2344,#2345,#2346,#2347,#2348,#2349,#2350,#2351,
#2352));
#567=EDGE_LOOP('',(#2353,#2354,#2355,#2356,#2357,#2358));
#568=EDGE_LOOP('',(#2359,#2360,#2361,#2362,#2363,#2364));
#569=EDGE_LOOP('',(#2365,#2366,#2367,#2368,#2369,#2370,#2371));
#570=EDGE_LOOP('',(#2372,#2373,#2374,#2375,#2376,#2377,#2378,#2379,#2380,
#2381));
#571=EDGE_LOOP('',(#2382,#2383,#2384,#2385,#2386,#2387));
#572=EDGE_LOOP('',(#2388,#2389,#2390,#2391,#2392,#2393));
#573=EDGE_LOOP('',(#2394,#2395,#2396,#2397,#2398,#2399,#2400));
#574=EDGE_LOOP('',(#2401,#2402,#2403,#2404));
#575=EDGE_LOOP('',(#2405,#2406,#2407,#2408));
#576=EDGE_LOOP('',(#2409,#2410,#2411,#2412));
#577=EDGE_LOOP('',(#2413,#2414,#2415,#2416));
#578=EDGE_LOOP('',(#2417,#2418,#2419,#2420));
#579=EDGE_LOOP('',(#2421,#2422,#2423,#2424));
#580=EDGE_LOOP('',(#2425,#2426,#2427,#2428));
#581=EDGE_LOOP('',(#2429,#2430,#2431,#2432));
#582=EDGE_LOOP('',(#2433,#2434,#2435,#2436));
#583=EDGE_LOOP('',(#2437,#2438,#2439,#2440));
#584=EDGE_LOOP('',(#2441,#2442,#2443,#2444,#2445,#2446,#2447,#2448,#2449,
#2450,#2451,#2452,#2453,#2454,#2455,#2456,#2457,#2458,#2459,#2460,#2461,
#2462,#2463,#2464,#2465,#2466,#2467,#2468,#2469,#2470,#2471,#2472,#2473,
#2474,#2475,#2476,#2477,#2478,#2479,#2480));
#585=EDGE_LOOP('',(#2481));
#586=EDGE_LOOP('',(#2482));
#587=EDGE_LOOP('',(#2483));
#588=EDGE_LOOP('',(#2484));
#589=EDGE_LOOP('',(#2485));
#590=EDGE_LOOP('',(#2486));
#591=EDGE_LOOP('',(#2487));
#592=EDGE_LOOP('',(#2488));
#593=EDGE_LOOP('',(#2489,#2490,#2491,#2492,#2493,#2494,#2495,#2496,#2497,
#2498));
#594=EDGE_LOOP('',(#2499,#2500,#2501,#2502,#2503,#2504,#2505,#2506,#2507,
#2508));
#595=EDGE_LOOP('',(#2509,#2510,#2511,#2512,#2513,#2514,#2515,#2516,#2517,
#2518));
#596=EDGE_LOOP('',(#2519,#2520,#2521,#2522,#2523,#2524,#2525,#2526,#2527,
#2528));
#597=EDGE_LOOP('',(#2529,#2530,#2531,#2532,#2533,#2534,#2535,#2536));
#598=EDGE_LOOP('',(#2537,#2538,#2539,#2540,#2541,#2542,#2543,#2544));
#599=EDGE_LOOP('',(#2545,#2546,#2547,#2548,#2549,#2550,#2551,#2552));
#600=EDGE_LOOP('',(#2553));
#601=EDGE_LOOP('',(#2554));
#602=EDGE_LOOP('',(#2555));
#603=EDGE_LOOP('',(#2556,#2557,#2558,#2559,#2560,#2561,#2562,#2563));
#604=EDGE_LOOP('',(#2564));
#605=EDGE_LOOP('',(#2565,#2566,#2567,#2568));
#606=EDGE_LOOP('',(#2569,#2570,#2571,#2572));
#607=EDGE_LOOP('',(#2573,#2574,#2575,#2576));
#608=EDGE_LOOP('',(#2577,#2578,#2579,#2580));
#609=EDGE_LOOP('',(#2581,#2582,#2583,#2584));
#610=EDGE_LOOP('',(#2585,#2586,#2587,#2588,#2589));
#611=EDGE_LOOP('',(#2590,#2591,#2592,#2593,#2594));
#612=EDGE_LOOP('',(#2595,#2596,#2597,#2598,#2599));
#613=EDGE_LOOP('',(#2600,#2601,#2602,#2603,#2604,#2605));
#614=EDGE_LOOP('',(#2606,#2607,#2608,#2609));
#615=EDGE_LOOP('',(#2610,#2611,#2612,#2613));
#616=EDGE_LOOP('',(#2614,#2615,#2616,#2617));
#617=EDGE_LOOP('',(#2618,#2619,#2620,#2621));
#618=EDGE_LOOP('',(#2622,#2623,#2624,#2625));
#619=EDGE_LOOP('',(#2626,#2627,#2628,#2629));
#620=EDGE_LOOP('',(#2630,#2631,#2632,#2633));
#621=EDGE_LOOP('',(#2634,#2635,#2636,#2637));
#622=EDGE_LOOP('',(#2638,#2639,#2640,#2641));
#623=EDGE_LOOP('',(#2642,#2643,#2644,#2645));
#624=EDGE_LOOP('',(#2646,#2647,#2648,#2649));
#625=EDGE_LOOP('',(#2650,#2651,#2652,#2653,#2654));
#626=EDGE_LOOP('',(#2655,#2656,#2657,#2658,#2659));
#627=EDGE_LOOP('',(#2660,#2661,#2662,#2663,#2664));
#628=EDGE_LOOP('',(#2665,#2666,#2667,#2668,#2669,#2670));
#629=EDGE_LOOP('',(#2671,#2672,#2673,#2674));
#630=EDGE_LOOP('',(#2675,#2676,#2677,#2678,#2679));
#631=EDGE_LOOP('',(#2680,#2681,#2682,#2683,#2684));
#632=EDGE_LOOP('',(#2685,#2686,#2687,#2688,#2689));
#633=EDGE_LOOP('',(#2690,#2691,#2692,#2693,#2694,#2695));
#634=EDGE_LOOP('',(#2696,#2697,#2698,#2699));
#635=EDGE_LOOP('',(#2700,#2701,#2702,#2703,#2704));
#636=EDGE_LOOP('',(#2705,#2706,#2707,#2708,#2709,#2710,#2711,#2712,#2713,
#2714,#2715,#2716,#2717,#2718,#2719,#2720,#2721,#2722,#2723,#2724,#2725,
#2726,#2727,#2728,#2729,#2730,#2731,#2732,#2733,#2734,#2735,#2736,#2737,
#2738,#2739,#2740,#2741,#2742,#2743,#2744));
#637=EDGE_LOOP('',(#2745,#2746,#2747,#2748));
#638=EDGE_LOOP('',(#2749,#2750,#2751,#2752));
#639=EDGE_LOOP('',(#2753,#2754,#2755,#2756));
#640=EDGE_LOOP('',(#2757,#2758,#2759,#2760));
#641=EDGE_LOOP('',(#2761,#2762,#2763,#2764));
#642=EDGE_LOOP('',(#2765,#2766,#2767,#2768,#2769));
#643=EDGE_LOOP('',(#2770));
#644=EDGE_LOOP('',(#2771));
#645=EDGE_LOOP('',(#2772));
#646=EDGE_LOOP('',(#2773));
#647=EDGE_LOOP('',(#2774));
#648=EDGE_LOOP('',(#2775,#2776,#2777,#2778,#2779,#2780,#2781,#2782));
#649=EDGE_LOOP('',(#2783,#2784,#2785,#2786,#2787,#2788,#2789,#2790));
#650=EDGE_LOOP('',(#2791,#2792,#2793,#2794,#2795,#2796,#2797,#2798));
#651=EDGE_LOOP('',(#2799,#2800,#2801,#2802,#2803,#2804,#2805,#2806));
#652=EDGE_LOOP('',(#2807,#2808,#2809,#2810,#2811,#2812,#2813,#2814,#2815,
#2816));
#653=EDGE_LOOP('',(#2817));
#654=EDGE_LOOP('',(#2818));
#655=EDGE_LOOP('',(#2819));
#656=EDGE_LOOP('',(#2820));
#657=EDGE_LOOP('',(#2821,#2822,#2823,#2824,#2825,#2826,#2827,#2828,#2829,
#2830));
#658=EDGE_LOOP('',(#2831,#2832,#2833,#2834,#2835,#2836,#2837,#2838,#2839,
#2840));
#659=EDGE_LOOP('',(#2841,#2842,#2843,#2844,#2845,#2846,#2847,#2848,#2849,
#2850));
#660=EDGE_LOOP('',(#2851,#2852,#2853,#2854,#2855));
#661=EDGE_LOOP('',(#2856,#2857,#2858,#2859,#2860));
#662=EDGE_LOOP('',(#2861,#2862,#2863,#2864,#2865,#2866));
#663=LINE('',#4350,#919);
#664=LINE('',#4352,#920);
#665=LINE('',#4354,#921);
#666=LINE('',#4355,#922);
#667=LINE('',#4359,#923);
#668=LINE('',#4361,#924);
#669=LINE('',#4363,#925);
#670=LINE('',#4364,#926);
#671=LINE('',#4366,#927);
#672=LINE('',#4367,#928);
#673=LINE('',#4371,#929);
#674=LINE('',#4373,#930);
#675=LINE('',#4375,#931);
#676=LINE('',#4376,#932);
#677=LINE('',#4379,#933);
#678=LINE('',#4381,#934);
#679=LINE('',#4382,#935);
#680=LINE('',#4385,#936);
#681=LINE('',#4387,#937);
#682=LINE('',#4388,#938);
#683=LINE('',#4392,#939);
#684=LINE('',#4394,#940);
#685=LINE('',#4396,#941);
#686=LINE('',#4397,#942);
#687=LINE('',#4401,#943);
#688=LINE('',#4403,#944);
#689=LINE('',#4405,#945);
#690=LINE('',#4406,#946);
#691=LINE('',#4408,#947);
#692=LINE('',#4409,#948);
#693=LINE('',#4413,#949);
#694=LINE('',#4415,#950);
#695=LINE('',#4417,#951);
#696=LINE('',#4418,#952);
#697=LINE('',#4421,#953);
#698=LINE('',#4423,#954);
#699=LINE('',#4424,#955);
#700=LINE('',#4427,#956);
#701=LINE('',#4429,#957);
#702=LINE('',#4430,#958);
#703=LINE('',#4434,#959);
#704=LINE('',#4436,#960);
#705=LINE('',#4438,#961);
#706=LINE('',#4439,#962);
#707=LINE('',#4442,#963);
#708=LINE('',#4444,#964);
#709=LINE('',#4445,#965);
#710=LINE('',#4448,#966);
#711=LINE('',#4450,#967);
#712=LINE('',#4451,#968);
#713=LINE('',#4455,#969);
#714=LINE('',#4457,#970);
#715=LINE('',#4459,#971);
#716=LINE('',#4460,#972);
#717=LINE('',#4464,#973);
#718=LINE('',#4466,#974);
#719=LINE('',#4468,#975);
#720=LINE('',#4469,#976);
#721=LINE('',#4471,#977);
#722=LINE('',#4472,#978);
#723=LINE('',#4480,#979);
#724=LINE('',#4488,#980);
#725=LINE('',#4499,#981);
#726=LINE('',#4509,#982);
#727=LINE('',#4511,#983);
#728=LINE('',#4513,#984);
#729=LINE('',#4514,#985);
#730=LINE('',#4520,#986);
#731=LINE('',#4523,#987);
#732=LINE('',#4525,#988);
#733=LINE('',#4526,#989);
#734=LINE('',#4529,#990);
#735=LINE('',#4531,#991);
#736=LINE('',#4532,#992);
#737=LINE('',#4536,#993);
#738=LINE('',#4538,#994);
#739=LINE('',#4540,#995);
#740=LINE('',#4541,#996);
#741=LINE('',#4547,#997);
#742=LINE('',#4550,#998);
#743=LINE('',#4552,#999);
#744=LINE('',#4553,#1000);
#745=LINE('',#4556,#1001);
#746=LINE('',#4558,#1002);
#747=LINE('',#4559,#1003);
#748=LINE('',#4563,#1004);
#749=LINE('',#4565,#1005);
#750=LINE('',#4567,#1006);
#751=LINE('',#4568,#1007);
#752=LINE('',#4574,#1008);
#753=LINE('',#4577,#1009);
#754=LINE('',#4579,#1010);
#755=LINE('',#4580,#1011);
#756=LINE('',#4583,#1012);
#757=LINE('',#4585,#1013);
#758=LINE('',#4586,#1014);
#759=LINE('',#4590,#1015);
#760=LINE('',#4592,#1016);
#761=LINE('',#4594,#1017);
#762=LINE('',#4595,#1018);
#763=LINE('',#4601,#1019);
#764=LINE('',#4604,#1020);
#765=LINE('',#4606,#1021);
#766=LINE('',#4607,#1022);
#767=LINE('',#4610,#1023);
#768=LINE('',#4612,#1024);
#769=LINE('',#4613,#1025);
#770=LINE('',#4618,#1026);
#771=LINE('',#4625,#1027);
#772=LINE('',#4628,#1028);
#773=LINE('',#4631,#1029);
#774=LINE('',#4633,#1030);
#775=LINE('',#4634,#1031);
#776=LINE('',#4640,#1032);
#777=LINE('',#4643,#1033);
#778=LINE('',#4646,#1034);
#779=LINE('',#4648,#1035);
#780=LINE('',#4649,#1036);
#781=LINE('',#4655,#1037);
#782=LINE('',#4658,#1038);
#783=LINE('',#4661,#1039);
#784=LINE('',#4663,#1040);
#785=LINE('',#4664,#1041);
#786=LINE('',#4670,#1042);
#787=LINE('',#4673,#1043);
#788=LINE('',#4676,#1044);
#789=LINE('',#4678,#1045);
#790=LINE('',#4679,#1046);
#791=LINE('',#4685,#1047);
#792=LINE('',#4688,#1048);
#793=LINE('',#4691,#1049);
#794=LINE('',#4693,#1050);
#795=LINE('',#4694,#1051);
#796=LINE('',#4700,#1052);
#797=LINE('',#4703,#1053);
#798=LINE('',#4706,#1054);
#799=LINE('',#4708,#1055);
#800=LINE('',#4709,#1056);
#801=LINE('',#4714,#1057);
#802=LINE('',#4718,#1058);
#803=LINE('',#4720,#1059);
#804=LINE('',#4721,#1060);
#805=LINE('',#4726,#1061);
#806=LINE('',#4730,#1062);
#807=LINE('',#4732,#1063);
#808=LINE('',#4733,#1064);
#809=LINE('',#4739,#1065);
#810=LINE('',#4742,#1066);
#811=LINE('',#4745,#1067);
#812=LINE('',#4747,#1068);
#813=LINE('',#4748,#1069);
#814=LINE('',#4754,#1070);
#815=LINE('',#4757,#1071);
#816=LINE('',#4760,#1072);
#817=LINE('',#4762,#1073);
#818=LINE('',#4763,#1074);
#819=LINE('',#4769,#1075);
#820=LINE('',#4772,#1076);
#821=LINE('',#4775,#1077);
#822=LINE('',#4777,#1078);
#823=LINE('',#4778,#1079);
#824=LINE('',#4783,#1080);
#825=LINE('',#4787,#1081);
#826=LINE('',#4789,#1082);
#827=LINE('',#4790,#1083);
#828=LINE('',#4795,#1084);
#829=LINE('',#4801,#1085);
#830=LINE('',#4807,#1086);
#831=LINE('',#4814,#1087);
#832=LINE('',#4817,#1088);
#833=LINE('',#4820,#1089);
#834=LINE('',#4822,#1090);
#835=LINE('',#4823,#1091);
#836=LINE('',#4829,#1092);
#837=LINE('',#4832,#1093);
#838=LINE('',#4835,#1094);
#839=LINE('',#4837,#1095);
#840=LINE('',#4838,#1096);
#841=LINE('',#4844,#1097);
#842=LINE('',#4847,#1098);
#843=LINE('',#4850,#1099);
#844=LINE('',#4852,#1100);
#845=LINE('',#4853,#1101);
#846=LINE('',#4858,#1102);
#847=LINE('',#4862,#1103);
#848=LINE('',#4864,#1104);
#849=LINE('',#4865,#1105);
#850=LINE('',#4870,#1106);
#851=LINE('',#4892,#1107);
#852=LINE('',#4933,#1108);
#853=LINE('',#4940,#1109);
#854=LINE('',#4945,#1110);
#855=LINE('',#4973,#1111);
#856=LINE('',#5014,#1112);
#857=LINE('',#5021,#1113);
#858=LINE('',#5026,#1114);
#859=LINE('',#5054,#1115);
#860=LINE('',#5095,#1116);
#861=LINE('',#5102,#1117);
#862=LINE('',#5107,#1118);
#863=LINE('',#5135,#1119);
#864=LINE('',#5176,#1120);
#865=LINE('',#5183,#1121);
#866=LINE('',#5188,#1122);
#867=LINE('',#5210,#1123);
#868=LINE('',#5212,#1124);
#869=LINE('',#5213,#1125);
#870=LINE('',#5216,#1126);
#871=LINE('',#5218,#1127);
#872=LINE('',#5219,#1128);
#873=LINE('',#5222,#1129);
#874=LINE('',#5224,#1130);
#875=LINE('',#5225,#1131);
#876=LINE('',#5228,#1132);
#877=LINE('',#5230,#1133);
#878=LINE('',#5231,#1134);
#879=LINE('',#5234,#1135);
#880=LINE('',#5236,#1136);
#881=LINE('',#5237,#1137);
#882=LINE('',#5240,#1138);
#883=LINE('',#5242,#1139);
#884=LINE('',#5243,#1140);
#885=LINE('',#5246,#1141);
#886=LINE('',#5248,#1142);
#887=LINE('',#5250,#1143);
#888=LINE('',#5252,#1144);
#889=LINE('',#5269,#1145);
#890=LINE('',#5277,#1146);
#891=LINE('',#5283,#1147);
#892=LINE('',#5284,#1148);
#893=LINE('',#5287,#1149);
#894=LINE('',#5288,#1150);
#895=LINE('',#5290,#1151);
#896=LINE('',#5292,#1152);
#897=LINE('',#5298,#1153);
#898=LINE('',#5303,#1154);
#899=LINE('',#5309,#1155);
#900=LINE('',#5313,#1156);
#901=LINE('',#5315,#1157);
#902=LINE('',#5317,#1158);
#903=LINE('',#5322,#1159);
#904=LINE('',#5328,#1160);
#905=LINE('',#5334,#1161);
#906=LINE('',#5340,#1162);
#907=LINE('',#5347,#1163);
#908=LINE('',#5352,#1164);
#909=LINE('',#5358,#1165);
#910=LINE('',#5362,#1166);
#911=LINE('',#5368,#1167);
#912=LINE('',#5373,#1168);
#913=LINE('',#5379,#1169);
#914=LINE('',#5383,#1170);
#915=LINE('',#5389,#1171);
#916=LINE('',#5399,#1172);
#917=LINE('',#5402,#1173);
#918=LINE('',#5405,#1174);
#919=VECTOR('',#3422,10.);
#920=VECTOR('',#3423,10.);
#921=VECTOR('',#3424,10.);
#922=VECTOR('',#3425,10.);
#923=VECTOR('',#3428,10.);
#924=VECTOR('',#3429,10.);
#925=VECTOR('',#3430,10.);
#926=VECTOR('',#3431,10.);
#927=VECTOR('',#3434,10.);
#928=VECTOR('',#3435,10.);
#929=VECTOR('',#3438,10.);
#930=VECTOR('',#3439,10.);
#931=VECTOR('',#3440,10.);
#932=VECTOR('',#3441,10.);
#933=VECTOR('',#3444,10.);
#934=VECTOR('',#3445,10.);
#935=VECTOR('',#3446,10.);
#936=VECTOR('',#3449,10.);
#937=VECTOR('',#3450,10.);
#938=VECTOR('',#3451,10.);
#939=VECTOR('',#3454,10.);
#940=VECTOR('',#3455,10.);
#941=VECTOR('',#3456,10.);
#942=VECTOR('',#3457,10.);
#943=VECTOR('',#3460,10.);
#944=VECTOR('',#3461,10.);
#945=VECTOR('',#3462,10.);
#946=VECTOR('',#3463,10.);
#947=VECTOR('',#3466,10.);
#948=VECTOR('',#3467,10.);
#949=VECTOR('',#3470,10.);
#950=VECTOR('',#3471,10.);
#951=VECTOR('',#3472,10.);
#952=VECTOR('',#3473,10.);
#953=VECTOR('',#3476,10.);
#954=VECTOR('',#3477,10.);
#955=VECTOR('',#3478,10.);
#956=VECTOR('',#3481,10.);
#957=VECTOR('',#3482,10.);
#958=VECTOR('',#3483,10.);
#959=VECTOR('',#3486,10.);
#960=VECTOR('',#3487,10.);
#961=VECTOR('',#3488,10.);
#962=VECTOR('',#3489,10.);
#963=VECTOR('',#3492,10.);
#964=VECTOR('',#3493,10.);
#965=VECTOR('',#3494,10.);
#966=VECTOR('',#3497,10.);
#967=VECTOR('',#3498,10.);
#968=VECTOR('',#3499,10.);
#969=VECTOR('',#3502,10.);
#970=VECTOR('',#3503,10.);
#971=VECTOR('',#3504,10.);
#972=VECTOR('',#3505,10.);
#973=VECTOR('',#3508,10.);
#974=VECTOR('',#3509,10.);
#975=VECTOR('',#3510,10.);
#976=VECTOR('',#3511,10.);
#977=VECTOR('',#3514,10.);
#978=VECTOR('',#3515,10.);
#979=VECTOR('',#3526,2.);
#980=VECTOR('',#3537,2.);
#981=VECTOR('',#3554,2.);
#982=VECTOR('',#3569,10.);
#983=VECTOR('',#3570,10.);
#984=VECTOR('',#3571,10.);
#985=VECTOR('',#3572,10.);
#986=VECTOR('',#3579,10.);
#987=VECTOR('',#3582,10.);
#988=VECTOR('',#3583,10.);
#989=VECTOR('',#3584,10.);
#990=VECTOR('',#3587,10.);
#991=VECTOR('',#3588,10.);
#992=VECTOR('',#3589,10.);
#993=VECTOR('',#3592,10.);
#994=VECTOR('',#3593,10.);
#995=VECTOR('',#3594,10.);
#996=VECTOR('',#3595,10.);
#997=VECTOR('',#3602,10.);
#998=VECTOR('',#3605,10.);
#999=VECTOR('',#3606,10.);
#1000=VECTOR('',#3607,10.);
#1001=VECTOR('',#3610,10.);
#1002=VECTOR('',#3611,10.);
#1003=VECTOR('',#3612,10.);
#1004=VECTOR('',#3615,10.);
#1005=VECTOR('',#3616,10.);
#1006=VECTOR('',#3617,10.);
#1007=VECTOR('',#3618,10.);
#1008=VECTOR('',#3625,10.);
#1009=VECTOR('',#3628,10.);
#1010=VECTOR('',#3629,10.);
#1011=VECTOR('',#3630,10.);
#1012=VECTOR('',#3633,10.);
#1013=VECTOR('',#3634,10.);
#1014=VECTOR('',#3635,10.);
#1015=VECTOR('',#3638,10.);
#1016=VECTOR('',#3639,10.);
#1017=VECTOR('',#3640,10.);
#1018=VECTOR('',#3641,10.);
#1019=VECTOR('',#3648,10.);
#1020=VECTOR('',#3651,10.);
#1021=VECTOR('',#3652,10.);
#1022=VECTOR('',#3653,10.);
#1023=VECTOR('',#3656,10.);
#1024=VECTOR('',#3657,10.);
#1025=VECTOR('',#3658,10.);
#1026=VECTOR('',#3663,1.1);
#1027=VECTOR('',#3670,10.);
#1028=VECTOR('',#3673,10.);
#1029=VECTOR('',#3676,10.);
#1030=VECTOR('',#3677,10.);
#1031=VECTOR('',#3678,10.);
#1032=VECTOR('',#3683,10.);
#1033=VECTOR('',#3686,10.);
#1034=VECTOR('',#3689,10.);
#1035=VECTOR('',#3690,10.);
#1036=VECTOR('',#3691,10.);
#1037=VECTOR('',#3696,10.);
#1038=VECTOR('',#3699,10.);
#1039=VECTOR('',#3702,10.);
#1040=VECTOR('',#3703,10.);
#1041=VECTOR('',#3704,10.);
#1042=VECTOR('',#3709,10.);
#1043=VECTOR('',#3712,10.);
#1044=VECTOR('',#3715,10.);
#1045=VECTOR('',#3716,10.);
#1046=VECTOR('',#3717,10.);
#1047=VECTOR('',#3722,10.);
#1048=VECTOR('',#3725,10.);
#1049=VECTOR('',#3728,10.);
#1050=VECTOR('',#3729,10.);
#1051=VECTOR('',#3730,10.);
#1052=VECTOR('',#3735,10.);
#1053=VECTOR('',#3738,10.);
#1054=VECTOR('',#3741,10.);
#1055=VECTOR('',#3742,10.);
#1056=VECTOR('',#3743,10.);
#1057=VECTOR('',#3748,10.);
#1058=VECTOR('',#3753,10.);
#1059=VECTOR('',#3754,10.);
#1060=VECTOR('',#3755,10.);
#1061=VECTOR('',#3760,10.);
#1062=VECTOR('',#3765,10.);
#1063=VECTOR('',#3766,10.);
#1064=VECTOR('',#3767,10.);
#1065=VECTOR('',#3772,10.);
#1066=VECTOR('',#3775,10.);
#1067=VECTOR('',#3778,10.);
#1068=VECTOR('',#3779,10.);
#1069=VECTOR('',#3780,10.);
#1070=VECTOR('',#3785,10.);
#1071=VECTOR('',#3788,10.);
#1072=VECTOR('',#3791,10.);
#1073=VECTOR('',#3792,10.);
#1074=VECTOR('',#3793,10.);
#1075=VECTOR('',#3798,10.);
#1076=VECTOR('',#3801,10.);
#1077=VECTOR('',#3804,10.);
#1078=VECTOR('',#3805,10.);
#1079=VECTOR('',#3806,10.);
#1080=VECTOR('',#3811,10.);
#1081=VECTOR('',#3816,10.);
#1082=VECTOR('',#3817,10.);
#1083=VECTOR('',#3818,10.);
#1084=VECTOR('',#3823,1.1);
#1085=VECTOR('',#3830,1.1);
#1086=VECTOR('',#3837,1.1);
#1087=VECTOR('',#3844,10.);
#1088=VECTOR('',#3847,10.);
#1089=VECTOR('',#3850,10.);
#1090=VECTOR('',#3851,10.);
#1091=VECTOR('',#3852,10.);
#1092=VECTOR('',#3857,10.);
#1093=VECTOR('',#3860,10.);
#1094=VECTOR('',#3863,10.);
#1095=VECTOR('',#3864,10.);
#1096=VECTOR('',#3865,10.);
#1097=VECTOR('',#3870,10.);
#1098=VECTOR('',#3873,10.);
#1099=VECTOR('',#3876,10.);
#1100=VECTOR('',#3877,10.);
#1101=VECTOR('',#3878,10.);
#1102=VECTOR('',#3883,10.);
#1103=VECTOR('',#3888,10.);
#1104=VECTOR('',#3889,10.);
#1105=VECTOR('',#3890,10.);
#1106=VECTOR('',#3895,1.1);
#1107=VECTOR('',#3902,2.2);
#1108=VECTOR('',#3915,0.9);
#1109=VECTOR('',#3924,0.9);
#1110=VECTOR('',#3931,1.8);
#1111=VECTOR('',#3944,2.2);
#1112=VECTOR('',#3957,0.9);
#1113=VECTOR('',#3966,0.9);
#1114=VECTOR('',#3973,1.8);
#1115=VECTOR('',#3986,2.2);
#1116=VECTOR('',#3999,0.9);
#1117=VECTOR('',#4008,0.9);
#1118=VECTOR('',#4015,1.8);
#1119=VECTOR('',#4028,2.2);
#1120=VECTOR('',#4041,0.9);
#1121=VECTOR('',#4050,0.9);
#1122=VECTOR('',#4057,1.8);
#1123=VECTOR('',#4092,10.);
#1124=VECTOR('',#4093,10.);
#1125=VECTOR('',#4094,10.);
#1126=VECTOR('',#4097,10.);
#1127=VECTOR('',#4098,10.);
#1128=VECTOR('',#4099,10.);
#1129=VECTOR('',#4102,10.);
#1130=VECTOR('',#4103,10.);
#1131=VECTOR('',#4104,10.);
#1132=VECTOR('',#4107,10.);
#1133=VECTOR('',#4108,10.);
#1134=VECTOR('',#4109,10.);
#1135=VECTOR('',#4112,10.);
#1136=VECTOR('',#4113,10.);
#1137=VECTOR('',#4114,10.);
#1138=VECTOR('',#4117,10.);
#1139=VECTOR('',#4118,10.);
#1140=VECTOR('',#4119,10.);
#1141=VECTOR('',#4124,10.);
#1142=VECTOR('',#4127,10.);
#1143=VECTOR('',#4130,10.);
#1144=VECTOR('',#4133,10.);
#1145=VECTOR('',#4156,10.);
#1146=VECTOR('',#4163,10.);
#1147=VECTOR('',#4170,10.);
#1148=VECTOR('',#4171,10.);
#1149=VECTOR('',#4174,10.);
#1150=VECTOR('',#4175,10.);
#1151=VECTOR('',#4178,10.);
#1152=VECTOR('',#4181,10.);
#1153=VECTOR('',#4190,1.2);
#1154=VECTOR('',#4197,1.2);
#1155=VECTOR('',#4204,1.2);
#1156=VECTOR('',#4211,0.9);
#1157=VECTOR('',#4214,10.);
#1158=VECTOR('',#4217,10.);
#1159=VECTOR('',#4224,1.05);
#1160=VECTOR('',#4233,1.05);
#1161=VECTOR('',#4242,1.05);
#1162=VECTOR('',#4251,1.05);
#1163=VECTOR('',#4262,1.2);
#1164=VECTOR('',#4269,1.2);
#1165=VECTOR('',#4276,1.2);
#1166=VECTOR('',#4283,0.9);
#1167=VECTOR('',#4292,1.2);
#1168=VECTOR('',#4299,1.2);
#1169=VECTOR('',#4306,1.2);
#1170=VECTOR('',#4313,0.9);
#1171=VECTOR('',#4322,1.2);
#1172=VECTOR('',#4337,1.2);
#1173=VECTOR('',#4340,1.2);
#1174=VECTOR('',#4345,0.9);
#1175=VERTEX_POINT('',#4348);
#1176=VERTEX_POINT('',#4349);
#1177=VERTEX_POINT('',#4351);
#1178=VERTEX_POINT('',#4353);
#1179=VERTEX_POINT('',#4357);
#1180=VERTEX_POINT('',#4358);
#1181=VERTEX_POINT('',#4360);
#1182=VERTEX_POINT('',#4362);
#1183=VERTEX_POINT('',#4369);
#1184=VERTEX_POINT('',#4370);
#1185=VERTEX_POINT('',#4372);
#1186=VERTEX_POINT('',#4374);
#1187=VERTEX_POINT('',#4378);
#1188=VERTEX_POINT('',#4380);
#1189=VERTEX_POINT('',#4384);
#1190=VERTEX_POINT('',#4386);
#1191=VERTEX_POINT('',#4390);
#1192=VERTEX_POINT('',#4391);
#1193=VERTEX_POINT('',#4393);
#1194=VERTEX_POINT('',#4395);
#1195=VERTEX_POINT('',#4399);
#1196=VERTEX_POINT('',#4400);
#1197=VERTEX_POINT('',#4402);
#1198=VERTEX_POINT('',#4404);
#1199=VERTEX_POINT('',#4411);
#1200=VERTEX_POINT('',#4412);
#1201=VERTEX_POINT('',#4414);
#1202=VERTEX_POINT('',#4416);
#1203=VERTEX_POINT('',#4420);
#1204=VERTEX_POINT('',#4422);
#1205=VERTEX_POINT('',#4426);
#1206=VERTEX_POINT('',#4428);
#1207=VERTEX_POINT('',#4432);
#1208=VERTEX_POINT('',#4433);
#1209=VERTEX_POINT('',#4435);
#1210=VERTEX_POINT('',#4437);
#1211=VERTEX_POINT('',#4441);
#1212=VERTEX_POINT('',#4443);
#1213=VERTEX_POINT('',#4447);
#1214=VERTEX_POINT('',#4449);
#1215=VERTEX_POINT('',#4453);
#1216=VERTEX_POINT('',#4454);
#1217=VERTEX_POINT('',#4456);
#1218=VERTEX_POINT('',#4458);
#1219=VERTEX_POINT('',#4462);
#1220=VERTEX_POINT('',#4463);
#1221=VERTEX_POINT('',#4465);
#1222=VERTEX_POINT('',#4467);
#1223=VERTEX_POINT('',#4477);
#1224=VERTEX_POINT('',#4479);
#1225=VERTEX_POINT('',#4485);
#1226=VERTEX_POINT('',#4487);
#1227=VERTEX_POINT('',#4496);
#1228=VERTEX_POINT('',#4498);
#1229=VERTEX_POINT('',#4507);
#1230=VERTEX_POINT('',#4508);
#1231=VERTEX_POINT('',#4510);
#1232=VERTEX_POINT('',#4512);
#1233=VERTEX_POINT('',#4516);
#1234=VERTEX_POINT('',#4518);
#1235=VERTEX_POINT('',#4522);
#1236=VERTEX_POINT('',#4524);
#1237=VERTEX_POINT('',#4528);
#1238=VERTEX_POINT('',#4530);
#1239=VERTEX_POINT('',#4534);
#1240=VERTEX_POINT('',#4535);
#1241=VERTEX_POINT('',#4537);
#1242=VERTEX_POINT('',#4539);
#1243=VERTEX_POINT('',#4543);
#1244=VERTEX_POINT('',#4545);
#1245=VERTEX_POINT('',#4549);
#1246=VERTEX_POINT('',#4551);
#1247=VERTEX_POINT('',#4555);
#1248=VERTEX_POINT('',#4557);
#1249=VERTEX_POINT('',#4561);
#1250=VERTEX_POINT('',#4562);
#1251=VERTEX_POINT('',#4564);
#1252=VERTEX_POINT('',#4566);
#1253=VERTEX_POINT('',#4570);
#1254=VERTEX_POINT('',#4572);
#1255=VERTEX_POINT('',#4576);
#1256=VERTEX_POINT('',#4578);
#1257=VERTEX_POINT('',#4582);
#1258=VERTEX_POINT('',#4584);
#1259=VERTEX_POINT('',#4588);
#1260=VERTEX_POINT('',#4589);
#1261=VERTEX_POINT('',#4591);
#1262=VERTEX_POINT('',#4593);
#1263=VERTEX_POINT('',#4597);
#1264=VERTEX_POINT('',#4599);
#1265=VERTEX_POINT('',#4603);
#1266=VERTEX_POINT('',#4605);
#1267=VERTEX_POINT('',#4609);
#1268=VERTEX_POINT('',#4611);
#1269=VERTEX_POINT('',#4615);
#1270=VERTEX_POINT('',#4617);
#1271=VERTEX_POINT('',#4621);
#1272=VERTEX_POINT('',#4622);
#1273=VERTEX_POINT('',#4624);
#1274=VERTEX_POINT('',#4626);
#1275=VERTEX_POINT('',#4630);
#1276=VERTEX_POINT('',#4632);
#1277=VERTEX_POINT('',#4636);
#1278=VERTEX_POINT('',#4637);
#1279=VERTEX_POINT('',#4639);
#1280=VERTEX_POINT('',#4641);
#1281=VERTEX_POINT('',#4645);
#1282=VERTEX_POINT('',#4647);
#1283=VERTEX_POINT('',#4651);
#1284=VERTEX_POINT('',#4652);
#1285=VERTEX_POINT('',#4654);
#1286=VERTEX_POINT('',#4656);
#1287=VERTEX_POINT('',#4660);
#1288=VERTEX_POINT('',#4662);
#1289=VERTEX_POINT('',#4666);
#1290=VERTEX_POINT('',#4667);
#1291=VERTEX_POINT('',#4669);
#1292=VERTEX_POINT('',#4671);
#1293=VERTEX_POINT('',#4675);
#1294=VERTEX_POINT('',#4677);
#1295=VERTEX_POINT('',#4681);
#1296=VERTEX_POINT('',#4682);
#1297=VERTEX_POINT('',#4684);
#1298=VERTEX_POINT('',#4686);
#1299=VERTEX_POINT('',#4690);
#1300=VERTEX_POINT('',#4692);
#1301=VERTEX_POINT('',#4696);
#1302=VERTEX_POINT('',#4697);
#1303=VERTEX_POINT('',#4699);
#1304=VERTEX_POINT('',#4701);
#1305=VERTEX_POINT('',#4705);
#1306=VERTEX_POINT('',#4707);
#1307=VERTEX_POINT('',#4711);
#1308=VERTEX_POINT('',#4713);
#1309=VERTEX_POINT('',#4717);
#1310=VERTEX_POINT('',#4719);
#1311=VERTEX_POINT('',#4723);
#1312=VERTEX_POINT('',#4725);
#1313=VERTEX_POINT('',#4729);
#1314=VERTEX_POINT('',#4731);
#1315=VERTEX_POINT('',#4735);
#1316=VERTEX_POINT('',#4736);
#1317=VERTEX_POINT('',#4738);
#1318=VERTEX_POINT('',#4740);
#1319=VERTEX_POINT('',#4744);
#1320=VERTEX_POINT('',#4746);
#1321=VERTEX_POINT('',#4750);
#1322=VERTEX_POINT('',#4751);
#1323=VERTEX_POINT('',#4753);
#1324=VERTEX_POINT('',#4755);
#1325=VERTEX_POINT('',#4759);
#1326=VERTEX_POINT('',#4761);
#1327=VERTEX_POINT('',#4765);
#1328=VERTEX_POINT('',#4766);
#1329=VERTEX_POINT('',#4768);
#1330=VERTEX_POINT('',#4770);
#1331=VERTEX_POINT('',#4774);
#1332=VERTEX_POINT('',#4776);
#1333=VERTEX_POINT('',#4780);
#1334=VERTEX_POINT('',#4782);
#1335=VERTEX_POINT('',#4786);
#1336=VERTEX_POINT('',#4788);
#1337=VERTEX_POINT('',#4792);
#1338=VERTEX_POINT('',#4794);
#1339=VERTEX_POINT('',#4798);
#1340=VERTEX_POINT('',#4800);
#1341=VERTEX_POINT('',#4804);
#1342=VERTEX_POINT('',#4806);
#1343=VERTEX_POINT('',#4810);
#1344=VERTEX_POINT('',#4811);
#1345=VERTEX_POINT('',#4813);
#1346=VERTEX_POINT('',#4815);
#1347=VERTEX_POINT('',#4819);
#1348=VERTEX_POINT('',#4821);
#1349=VERTEX_POINT('',#4825);
#1350=VERTEX_POINT('',#4826);
#1351=VERTEX_POINT('',#4828);
#1352=VERTEX_POINT('',#4830);
#1353=VERTEX_POINT('',#4834);
#1354=VERTEX_POINT('',#4836);
#1355=VERTEX_POINT('',#4840);
#1356=VERTEX_POINT('',#4841);
#1357=VERTEX_POINT('',#4843);
#1358=VERTEX_POINT('',#4845);
#1359=VERTEX_POINT('',#4849);
#1360=VERTEX_POINT('',#4851);
#1361=VERTEX_POINT('',#4855);
#1362=VERTEX_POINT('',#4857);
#1363=VERTEX_POINT('',#4861);
#1364=VERTEX_POINT('',#4863);
#1365=VERTEX_POINT('',#4867);
#1366=VERTEX_POINT('',#4869);
#1367=VERTEX_POINT('',#4873);
#1368=VERTEX_POINT('',#4874);
#1369=VERTEX_POINT('',#4889);
#1370=VERTEX_POINT('',#4891);
#1371=VERTEX_POINT('',#4894);
#1372=VERTEX_POINT('',#4896);
#1373=VERTEX_POINT('',#4911);
#1374=VERTEX_POINT('',#4913);
#1375=VERTEX_POINT('',#4930);
#1376=VERTEX_POINT('',#4932);
#1377=VERTEX_POINT('',#4937);
#1378=VERTEX_POINT('',#4939);
#1379=VERTEX_POINT('',#4944);
#1380=VERTEX_POINT('',#4946);
#1381=VERTEX_POINT('',#4948);
#1382=VERTEX_POINT('',#4950);
#1383=VERTEX_POINT('',#4954);
#1384=VERTEX_POINT('',#4955);
#1385=VERTEX_POINT('',#4970);
#1386=VERTEX_POINT('',#4972);
#1387=VERTEX_POINT('',#4975);
#1388=VERTEX_POINT('',#4977);
#1389=VERTEX_POINT('',#4992);
#1390=VERTEX_POINT('',#4994);
#1391=VERTEX_POINT('',#5011);
#1392=VERTEX_POINT('',#5013);
#1393=VERTEX_POINT('',#5018);
#1394=VERTEX_POINT('',#5020);
#1395=VERTEX_POINT('',#5025);
#1396=VERTEX_POINT('',#5027);
#1397=VERTEX_POINT('',#5029);
#1398=VERTEX_POINT('',#5031);
#1399=VERTEX_POINT('',#5035);
#1400=VERTEX_POINT('',#5036);
#1401=VERTEX_POINT('',#5051);
#1402=VERTEX_POINT('',#5053);
#1403=VERTEX_POINT('',#5056);
#1404=VERTEX_POINT('',#5058);
#1405=VERTEX_POINT('',#5073);
#1406=VERTEX_POINT('',#5075);
#1407=VERTEX_POINT('',#5092);
#1408=VERTEX_POINT('',#5094);
#1409=VERTEX_POINT('',#5099);
#1410=VERTEX_POINT('',#5101);
#1411=VERTEX_POINT('',#5106);
#1412=VERTEX_POINT('',#5108);
#1413=VERTEX_POINT('',#5110);
#1414=VERTEX_POINT('',#5112);
#1415=VERTEX_POINT('',#5116);
#1416=VERTEX_POINT('',#5117);
#1417=VERTEX_POINT('',#5132);
#1418=VERTEX_POINT('',#5134);
#1419=VERTEX_POINT('',#5137);
#1420=VERTEX_POINT('',#5139);
#1421=VERTEX_POINT('',#5154);
#1422=VERTEX_POINT('',#5156);
#1423=VERTEX_POINT('',#5173);
#1424=VERTEX_POINT('',#5175);
#1425=VERTEX_POINT('',#5180);
#1426=VERTEX_POINT('',#5182);
#1427=VERTEX_POINT('',#5187);
#1428=VERTEX_POINT('',#5189);
#1429=VERTEX_POINT('',#5191);
#1430=VERTEX_POINT('',#5193);
#1431=VERTEX_POINT('',#5209);
#1432=VERTEX_POINT('',#5211);
#1433=VERTEX_POINT('',#5215);
#1434=VERTEX_POINT('',#5217);
#1435=VERTEX_POINT('',#5221);
#1436=VERTEX_POINT('',#5223);
#1437=VERTEX_POINT('',#5227);
#1438=VERTEX_POINT('',#5229);
#1439=VERTEX_POINT('',#5233);
#1440=VERTEX_POINT('',#5235);
#1441=VERTEX_POINT('',#5239);
#1442=VERTEX_POINT('',#5241);
#1443=VERTEX_POINT('',#5253);
#1444=VERTEX_POINT('',#5256);
#1445=VERTEX_POINT('',#5259);
#1446=VERTEX_POINT('',#5262);
#1447=VERTEX_POINT('',#5267);
#1448=VERTEX_POINT('',#5270);
#1449=VERTEX_POINT('',#5272);
#1450=VERTEX_POINT('',#5274);
#1451=VERTEX_POINT('',#5276);
#1452=VERTEX_POINT('',#5279);
#1453=VERTEX_POINT('',#5282);
#1454=VERTEX_POINT('',#5286);
#1455=VERTEX_POINT('',#5296);
#1456=VERTEX_POINT('',#5301);
#1457=VERTEX_POINT('',#5306);
#1458=VERTEX_POINT('',#5308);
#1459=VERTEX_POINT('',#5321);
#1460=VERTEX_POINT('',#5327);
#1461=VERTEX_POINT('',#5333);
#1462=VERTEX_POINT('',#5339);
#1463=VERTEX_POINT('',#5345);
#1464=VERTEX_POINT('',#5350);
#1465=VERTEX_POINT('',#5355);
#1466=VERTEX_POINT('',#5357);
#1467=VERTEX_POINT('',#5366);
#1468=VERTEX_POINT('',#5371);
#1469=VERTEX_POINT('',#5376);
#1470=VERTEX_POINT('',#5378);
#1471=VERTEX_POINT('',#5387);
#1472=VERTEX_POINT('',#5392);
#1473=VERTEX_POINT('',#5395);
#1474=VERTEX_POINT('',#5401);
#1475=EDGE_CURVE('',#1175,#1176,#663,.T.);
#1476=EDGE_CURVE('',#1175,#1177,#664,.T.);
#1477=EDGE_CURVE('',#1178,#1177,#665,.T.);
#1478=EDGE_CURVE('',#1176,#1178,#666,.T.);
#1479=EDGE_CURVE('',#1179,#1180,#667,.T.);
#1480=EDGE_CURVE('',#1179,#1181,#668,.T.);
#1481=EDGE_CURVE('',#1182,#1181,#669,.T.);
#1482=EDGE_CURVE('',#1180,#1182,#670,.T.);
#1483=EDGE_CURVE('',#1176,#1179,#671,.T.);
#1484=EDGE_CURVE('',#1181,#1178,#672,.T.);
#1485=EDGE_CURVE('',#1183,#1184,#673,.T.);
#1486=EDGE_CURVE('',#1183,#1185,#674,.T.);
#1487=EDGE_CURVE('',#1186,#1185,#675,.T.);
#1488=EDGE_CURVE('',#1184,#1186,#676,.T.);
#1489=EDGE_CURVE('',#1187,#1183,#677,.T.);
#1490=EDGE_CURVE('',#1187,#1188,#678,.T.);
#1491=EDGE_CURVE('',#1185,#1188,#679,.T.);
#1492=EDGE_CURVE('',#1189,#1187,#680,.T.);
#1493=EDGE_CURVE('',#1189,#1190,#681,.T.);
#1494=EDGE_CURVE('',#1188,#1190,#682,.T.);
#1495=EDGE_CURVE('',#1191,#1192,#683,.T.);
#1496=EDGE_CURVE('',#1191,#1193,#684,.T.);
#1497=EDGE_CURVE('',#1194,#1193,#685,.T.);
#1498=EDGE_CURVE('',#1192,#1194,#686,.T.);
#1499=EDGE_CURVE('',#1195,#1196,#687,.T.);
#1500=EDGE_CURVE('',#1195,#1197,#688,.T.);
#1501=EDGE_CURVE('',#1198,#1197,#689,.T.);
#1502=EDGE_CURVE('',#1196,#1198,#690,.T.);
#1503=EDGE_CURVE('',#1192,#1195,#691,.T.);
#1504=EDGE_CURVE('',#1197,#1194,#692,.T.);
#1505=EDGE_CURVE('',#1199,#1200,#693,.T.);
#1506=EDGE_CURVE('',#1199,#1201,#694,.T.);
#1507=EDGE_CURVE('',#1202,#1201,#695,.T.);
#1508=EDGE_CURVE('',#1200,#1202,#696,.T.);
#1509=EDGE_CURVE('',#1203,#1199,#697,.T.);
#1510=EDGE_CURVE('',#1203,#1204,#698,.T.);
#1511=EDGE_CURVE('',#1201,#1204,#699,.T.);
#1512=EDGE_CURVE('',#1205,#1203,#700,.T.);
#1513=EDGE_CURVE('',#1205,#1206,#701,.T.);
#1514=EDGE_CURVE('',#1204,#1206,#702,.T.);
#1515=EDGE_CURVE('',#1207,#1208,#703,.T.);
#1516=EDGE_CURVE('',#1207,#1209,#704,.T.);
#1517=EDGE_CURVE('',#1210,#1209,#705,.T.);
#1518=EDGE_CURVE('',#1208,#1210,#706,.T.);
#1519=EDGE_CURVE('',#1211,#1207,#707,.T.);
#1520=EDGE_CURVE('',#1211,#1212,#708,.T.);
#1521=EDGE_CURVE('',#1209,#1212,#709,.T.);
#1522=EDGE_CURVE('',#1213,#1211,#710,.T.);
#1523=EDGE_CURVE('',#1213,#1214,#711,.T.);
#1524=EDGE_CURVE('',#1212,#1214,#712,.T.);
#1525=EDGE_CURVE('',#1215,#1216,#713,.T.);
#1526=EDGE_CURVE('',#1215,#1217,#714,.T.);
#1527=EDGE_CURVE('',#1218,#1217,#715,.T.);
#1528=EDGE_CURVE('',#1216,#1218,#716,.T.);
#1529=EDGE_CURVE('',#1219,#1220,#717,.T.);
#1530=EDGE_CURVE('',#1219,#1221,#718,.T.);
#1531=EDGE_CURVE('',#1222,#1221,#719,.T.);
#1532=EDGE_CURVE('',#1220,#1222,#720,.T.);
#1533=EDGE_CURVE('',#1216,#1219,#721,.T.);
#1534=EDGE_CURVE('',#1221,#1218,#722,.T.);
#1535=EDGE_CURVE('',#1215,#1208,#146,.T.);
#1536=EDGE_CURVE('',#1213,#1220,#147,.T.);
#1537=EDGE_CURVE('',#1223,#1223,#148,.T.);
#1538=EDGE_CURVE('',#1223,#1224,#723,.T.);
#1539=EDGE_CURVE('',#1217,#1224,#149,.T.);
#1540=EDGE_CURVE('',#1214,#1210,#150,.T.);
#1541=EDGE_CURVE('',#1224,#1222,#151,.T.);
#1542=EDGE_CURVE('',#1225,#1225,#152,.T.);
#1543=EDGE_CURVE('',#1225,#1226,#724,.T.);
#1544=EDGE_CURVE('',#1226,#1184,#153,.T.);
#1545=EDGE_CURVE('',#1190,#1186,#154,.T.);
#1546=EDGE_CURVE('',#1189,#1180,#155,.T.);
#1547=EDGE_CURVE('',#1177,#1182,#156,.T.);
#1548=EDGE_CURVE('',#1175,#1226,#157,.T.);
#1549=EDGE_CURVE('',#1227,#1227,#158,.T.);
#1550=EDGE_CURVE('',#1227,#1228,#725,.T.);
#1551=EDGE_CURVE('',#1228,#1196,#159,.T.);
#1552=EDGE_CURVE('',#1193,#1198,#160,.T.);
#1553=EDGE_CURVE('',#1191,#1200,#161,.T.);
#1554=EDGE_CURVE('',#1206,#1202,#162,.T.);
#1555=EDGE_CURVE('',#1205,#1228,#163,.T.);
#1556=EDGE_CURVE('',#1229,#1230,#726,.T.);
#1557=EDGE_CURVE('',#1231,#1229,#727,.T.);
#1558=EDGE_CURVE('',#1232,#1231,#728,.T.);
#1559=EDGE_CURVE('',#1230,#1232,#729,.T.);
#1560=EDGE_CURVE('',#1233,#1230,#164,.T.);
#1561=EDGE_CURVE('',#1234,#1232,#165,.T.);
#1562=EDGE_CURVE('',#1233,#1234,#730,.T.);
#1563=EDGE_CURVE('',#1235,#1233,#731,.T.);
#1564=EDGE_CURVE('',#1236,#1234,#732,.T.);
#1565=EDGE_CURVE('',#1235,#1236,#733,.T.);
#1566=EDGE_CURVE('',#1229,#1237,#734,.T.);
#1567=EDGE_CURVE('',#1238,#1237,#735,.T.);
#1568=EDGE_CURVE('',#1231,#1238,#736,.T.);
#1569=EDGE_CURVE('',#1239,#1240,#737,.T.);
#1570=EDGE_CURVE('',#1241,#1239,#738,.T.);
#1571=EDGE_CURVE('',#1242,#1241,#739,.T.);
#1572=EDGE_CURVE('',#1240,#1242,#740,.T.);
#1573=EDGE_CURVE('',#1243,#1240,#166,.T.);
#1574=EDGE_CURVE('',#1244,#1242,#167,.T.);
#1575=EDGE_CURVE('',#1243,#1244,#741,.T.);
#1576=EDGE_CURVE('',#1245,#1243,#742,.T.);
#1577=EDGE_CURVE('',#1246,#1244,#743,.T.);
#1578=EDGE_CURVE('',#1245,#1246,#744,.T.);
#1579=EDGE_CURVE('',#1247,#1246,#745,.T.);
#1580=EDGE_CURVE('',#1248,#1247,#746,.T.);
#1581=EDGE_CURVE('',#1248,#1245,#747,.T.);
#1582=EDGE_CURVE('',#1249,#1250,#748,.T.);
#1583=EDGE_CURVE('',#1251,#1249,#749,.T.);
#1584=EDGE_CURVE('',#1252,#1251,#750,.T.);
#1585=EDGE_CURVE('',#1250,#1252,#751,.T.);
#1586=EDGE_CURVE('',#1253,#1250,#168,.T.);
#1587=EDGE_CURVE('',#1254,#1252,#169,.T.);
#1588=EDGE_CURVE('',#1253,#1254,#752,.T.);
#1589=EDGE_CURVE('',#1255,#1253,#753,.T.);
#1590=EDGE_CURVE('',#1256,#1254,#754,.T.);
#1591=EDGE_CURVE('',#1255,#1256,#755,.T.);
#1592=EDGE_CURVE('',#1249,#1257,#756,.T.);
#1593=EDGE_CURVE('',#1258,#1257,#757,.T.);
#1594=EDGE_CURVE('',#1251,#1258,#758,.T.);
#1595=EDGE_CURVE('',#1259,#1260,#759,.T.);
#1596=EDGE_CURVE('',#1261,#1259,#760,.T.);
#1597=EDGE_CURVE('',#1262,#1261,#761,.T.);
#1598=EDGE_CURVE('',#1260,#1262,#762,.T.);
#1599=EDGE_CURVE('',#1263,#1260,#170,.T.);
#1600=EDGE_CURVE('',#1264,#1262,#171,.T.);
#1601=EDGE_CURVE('',#1263,#1264,#763,.T.);
#1602=EDGE_CURVE('',#1265,#1263,#764,.T.);
#1603=EDGE_CURVE('',#1266,#1264,#765,.T.);
#1604=EDGE_CURVE('',#1265,#1266,#766,.T.);
#1605=EDGE_CURVE('',#1259,#1267,#767,.T.);
#1606=EDGE_CURVE('',#1268,#1267,#768,.T.);
#1607=EDGE_CURVE('',#1261,#1268,#769,.T.);
#1608=EDGE_CURVE('',#1269,#1269,#172,.T.);
#1609=EDGE_CURVE('',#1269,#1270,#770,.T.);
#1610=EDGE_CURVE('',#1270,#1270,#173,.T.);
#1611=EDGE_CURVE('',#1271,#1272,#174,.T.);
#1612=EDGE_CURVE('',#1272,#1273,#771,.T.);
#1613=EDGE_CURVE('',#1273,#1274,#175,.T.);
#1614=EDGE_CURVE('',#1274,#1271,#772,.T.);
#1615=EDGE_CURVE('',#1272,#1275,#773,.T.);
#1616=EDGE_CURVE('',#1276,#1275,#774,.T.);
#1617=EDGE_CURVE('',#1273,#1276,#775,.T.);
#1618=EDGE_CURVE('',#1277,#1278,#176,.T.);
#1619=EDGE_CURVE('',#1278,#1279,#776,.T.);
#1620=EDGE_CURVE('',#1279,#1280,#177,.T.);
#1621=EDGE_CURVE('',#1280,#1277,#777,.T.);
#1622=EDGE_CURVE('',#1281,#1278,#778,.T.);
#1623=EDGE_CURVE('',#1282,#1281,#779,.T.);
#1624=EDGE_CURVE('',#1282,#1279,#780,.T.);
#1625=EDGE_CURVE('',#1283,#1284,#178,.T.);
#1626=EDGE_CURVE('',#1284,#1285,#781,.T.);
#1627=EDGE_CURVE('',#1285,#1286,#179,.T.);
#1628=EDGE_CURVE('',#1286,#1283,#782,.T.);
#1629=EDGE_CURVE('',#1287,#1284,#783,.T.);
#1630=EDGE_CURVE('',#1288,#1287,#784,.T.);
#1631=EDGE_CURVE('',#1288,#1285,#785,.T.);
#1632=EDGE_CURVE('',#1289,#1290,#180,.T.);
#1633=EDGE_CURVE('',#1290,#1291,#786,.T.);
#1634=EDGE_CURVE('',#1291,#1292,#181,.T.);
#1635=EDGE_CURVE('',#1292,#1289,#787,.T.);
#1636=EDGE_CURVE('',#1290,#1293,#788,.T.);
#1637=EDGE_CURVE('',#1294,#1293,#789,.T.);
#1638=EDGE_CURVE('',#1291,#1294,#790,.T.);
#1639=EDGE_CURVE('',#1295,#1296,#182,.T.);
#1640=EDGE_CURVE('',#1296,#1297,#791,.T.);
#1641=EDGE_CURVE('',#1297,#1298,#183,.T.);
#1642=EDGE_CURVE('',#1298,#1295,#792,.T.);
#1643=EDGE_CURVE('',#1296,#1299,#793,.T.);
#1644=EDGE_CURVE('',#1300,#1299,#794,.T.);
#1645=EDGE_CURVE('',#1297,#1300,#795,.T.);
#1646=EDGE_CURVE('',#1301,#1302,#184,.T.);
#1647=EDGE_CURVE('',#1302,#1303,#796,.T.);
#1648=EDGE_CURVE('',#1303,#1304,#185,.T.);
#1649=EDGE_CURVE('',#1304,#1301,#797,.T.);
#1650=EDGE_CURVE('',#1305,#1302,#798,.T.);
#1651=EDGE_CURVE('',#1306,#1305,#799,.T.);
#1652=EDGE_CURVE('',#1306,#1303,#800,.T.);
#1653=EDGE_CURVE('',#1247,#1307,#186,.T.);
#1654=EDGE_CURVE('',#1307,#1308,#801,.T.);
#1655=EDGE_CURVE('',#1308,#1248,#187,.T.);
#1656=EDGE_CURVE('',#1309,#1307,#802,.T.);
#1657=EDGE_CURVE('',#1310,#1309,#803,.T.);
#1658=EDGE_CURVE('',#1310,#1308,#804,.T.);
#1659=EDGE_CURVE('',#1267,#1311,#188,.T.);
#1660=EDGE_CURVE('',#1311,#1312,#805,.T.);
#1661=EDGE_CURVE('',#1312,#1268,#189,.T.);
#1662=EDGE_CURVE('',#1311,#1313,#806,.T.);
#1663=EDGE_CURVE('',#1314,#1313,#807,.T.);
#1664=EDGE_CURVE('',#1312,#1314,#808,.T.);
#1665=EDGE_CURVE('',#1315,#1316,#190,.T.);
#1666=EDGE_CURVE('',#1316,#1317,#809,.T.);
#1667=EDGE_CURVE('',#1317,#1318,#191,.T.);
#1668=EDGE_CURVE('',#1318,#1315,#810,.T.);
#1669=EDGE_CURVE('',#1316,#1319,#811,.T.);
#1670=EDGE_CURVE('',#1320,#1319,#812,.T.);
#1671=EDGE_CURVE('',#1317,#1320,#813,.T.);
#1672=EDGE_CURVE('',#1321,#1322,#192,.T.);
#1673=EDGE_CURVE('',#1322,#1323,#814,.T.);
#1674=EDGE_CURVE('',#1323,#1324,#193,.T.);
#1675=EDGE_CURVE('',#1324,#1321,#815,.T.);
#1676=EDGE_CURVE('',#1325,#1322,#816,.T.);
#1677=EDGE_CURVE('',#1326,#1325,#817,.T.);
#1678=EDGE_CURVE('',#1326,#1323,#818,.T.);
#1679=EDGE_CURVE('',#1327,#1328,#194,.T.);
#1680=EDGE_CURVE('',#1328,#1329,#819,.T.);
#1681=EDGE_CURVE('',#1329,#1330,#195,.T.);
#1682=EDGE_CURVE('',#1330,#1327,#820,.T.);
#1683=EDGE_CURVE('',#1331,#1328,#821,.T.);
#1684=EDGE_CURVE('',#1332,#1331,#822,.T.);
#1685=EDGE_CURVE('',#1332,#1329,#823,.T.);
#1686=EDGE_CURVE('',#1237,#1333,#196,.T.);
#1687=EDGE_CURVE('',#1333,#1334,#824,.T.);
#1688=EDGE_CURVE('',#1334,#1238,#197,.T.);
#1689=EDGE_CURVE('',#1333,#1335,#825,.T.);
#1690=EDGE_CURVE('',#1336,#1335,#826,.T.);
#1691=EDGE_CURVE('',#1334,#1336,#827,.T.);
#1692=EDGE_CURVE('',#1337,#1337,#198,.T.);
#1693=EDGE_CURVE('',#1337,#1338,#828,.T.);
#1694=EDGE_CURVE('',#1338,#1338,#199,.T.);
#1695=EDGE_CURVE('',#1339,#1339,#200,.T.);
#1696=EDGE_CURVE('',#1339,#1340,#829,.T.);
#1697=EDGE_CURVE('',#1340,#1340,#201,.T.);
#1698=EDGE_CURVE('',#1341,#1341,#202,.T.);
#1699=EDGE_CURVE('',#1341,#1342,#830,.T.);
#1700=EDGE_CURVE('',#1342,#1342,#203,.T.);
#1701=EDGE_CURVE('',#1343,#1344,#204,.T.);
#1702=EDGE_CURVE('',#1344,#1345,#831,.T.);
#1703=EDGE_CURVE('',#1345,#1346,#205,.T.);
#1704=EDGE_CURVE('',#1346,#1343,#832,.T.);
#1705=EDGE_CURVE('',#1344,#1347,#833,.T.);
#1706=EDGE_CURVE('',#1348,#1347,#834,.T.);
#1707=EDGE_CURVE('',#1345,#1348,#835,.T.);
#1708=EDGE_CURVE('',#1349,#1350,#206,.T.);
#1709=EDGE_CURVE('',#1350,#1351,#836,.T.);
#1710=EDGE_CURVE('',#1351,#1352,#207,.T.);
#1711=EDGE_CURVE('',#1352,#1349,#837,.T.);
#1712=EDGE_CURVE('',#1353,#1350,#838,.T.);
#1713=EDGE_CURVE('',#1354,#1353,#839,.T.);
#1714=EDGE_CURVE('',#1354,#1351,#840,.T.);
#1715=EDGE_CURVE('',#1355,#1356,#208,.T.);
#1716=EDGE_CURVE('',#1356,#1357,#841,.T.);
#1717=EDGE_CURVE('',#1357,#1358,#209,.T.);
#1718=EDGE_CURVE('',#1358,#1355,#842,.T.);
#1719=EDGE_CURVE('',#1359,#1356,#843,.T.);
#1720=EDGE_CURVE('',#1360,#1359,#844,.T.);
#1721=EDGE_CURVE('',#1360,#1357,#845,.T.);
#1722=EDGE_CURVE('',#1257,#1361,#210,.T.);
#1723=EDGE_CURVE('',#1361,#1362,#846,.T.);
#1724=EDGE_CURVE('',#1362,#1258,#211,.T.);
#1725=EDGE_CURVE('',#1361,#1363,#847,.T.);
#1726=EDGE_CURVE('',#1364,#1363,#848,.T.);
#1727=EDGE_CURVE('',#1362,#1364,#849,.T.);
#1728=EDGE_CURVE('',#1365,#1365,#212,.T.);
#1729=EDGE_CURVE('',#1365,#1366,#850,.T.);
#1730=EDGE_CURVE('',#1366,#1366,#213,.T.);
#1731=EDGE_CURVE('',#1367,#1368,#58,.T.);
#1732=EDGE_CURVE('',#1367,#1369,#214,.T.);
#1733=EDGE_CURVE('',#1369,#1370,#851,.T.);
#1734=EDGE_CURVE('',#1370,#1370,#215,.T.);
#1735=EDGE_CURVE('',#1369,#1371,#216,.T.);
#1736=EDGE_CURVE('',#1372,#1371,#59,.T.);
#1737=EDGE_CURVE('',#1372,#1373,#217,.T.);
#1738=EDGE_CURVE('',#1374,#1373,#60,.T.);
#1739=EDGE_CURVE('',#1374,#1368,#218,.T.);
#1740=EDGE_CURVE('',#1375,#1373,#219,.T.);
#1741=EDGE_CURVE('',#1375,#1376,#852,.T.);
#1742=EDGE_CURVE('',#1376,#1376,#220,.T.);
#1743=EDGE_CURVE('',#1374,#1375,#221,.T.);
#1744=EDGE_CURVE('',#1377,#1371,#222,.T.);
#1745=EDGE_CURVE('',#1377,#1378,#853,.T.);
#1746=EDGE_CURVE('',#1378,#1378,#223,.T.);
#1747=EDGE_CURVE('',#1372,#1377,#224,.T.);
#1748=EDGE_CURVE('',#1370,#1379,#854,.T.);
#1749=EDGE_CURVE('',#1379,#1380,#225,.T.);
#1750=EDGE_CURVE('',#1380,#1381,#226,.T.);
#1751=EDGE_CURVE('',#1381,#1382,#227,.T.);
#1752=EDGE_CURVE('',#1382,#1379,#228,.T.);
#1753=EDGE_CURVE('',#1383,#1384,#61,.T.);
#1754=EDGE_CURVE('',#1383,#1385,#229,.T.);
#1755=EDGE_CURVE('',#1385,#1386,#855,.T.);
#1756=EDGE_CURVE('',#1386,#1386,#230,.T.);
#1757=EDGE_CURVE('',#1385,#1387,#231,.T.);
#1758=EDGE_CURVE('',#1388,#1387,#62,.T.);
#1759=EDGE_CURVE('',#1388,#1389,#232,.T.);
#1760=EDGE_CURVE('',#1390,#1389,#63,.T.);
#1761=EDGE_CURVE('',#1390,#1384,#233,.T.);
#1762=EDGE_CURVE('',#1391,#1389,#234,.T.);
#1763=EDGE_CURVE('',#1391,#1392,#856,.T.);
#1764=EDGE_CURVE('',#1392,#1392,#235,.T.);
#1765=EDGE_CURVE('',#1390,#1391,#236,.T.);
#1766=EDGE_CURVE('',#1393,#1387,#237,.T.);
#1767=EDGE_CURVE('',#1393,#1394,#857,.T.);
#1768=EDGE_CURVE('',#1394,#1394,#238,.T.);
#1769=EDGE_CURVE('',#1388,#1393,#239,.T.);
#1770=EDGE_CURVE('',#1386,#1395,#858,.T.);
#1771=EDGE_CURVE('',#1395,#1396,#240,.T.);
#1772=EDGE_CURVE('',#1396,#1397,#241,.T.);
#1773=EDGE_CURVE('',#1397,#1398,#242,.T.);
#1774=EDGE_CURVE('',#1398,#1395,#243,.T.);
#1775=EDGE_CURVE('',#1399,#1400,#64,.T.);
#1776=EDGE_CURVE('',#1399,#1401,#244,.T.);
#1777=EDGE_CURVE('',#1401,#1402,#859,.T.);
#1778=EDGE_CURVE('',#1402,#1402,#245,.T.);
#1779=EDGE_CURVE('',#1401,#1403,#246,.T.);
#1780=EDGE_CURVE('',#1404,#1403,#65,.T.);
#1781=EDGE_CURVE('',#1404,#1405,#247,.T.);
#1782=EDGE_CURVE('',#1406,#1405,#66,.T.);
#1783=EDGE_CURVE('',#1406,#1400,#248,.T.);
#1784=EDGE_CURVE('',#1407,#1405,#249,.T.);
#1785=EDGE_CURVE('',#1407,#1408,#860,.T.);
#1786=EDGE_CURVE('',#1408,#1408,#250,.T.);
#1787=EDGE_CURVE('',#1406,#1407,#251,.T.);
#1788=EDGE_CURVE('',#1409,#1403,#252,.T.);
#1789=EDGE_CURVE('',#1409,#1410,#861,.T.);
#1790=EDGE_CURVE('',#1410,#1410,#253,.T.);
#1791=EDGE_CURVE('',#1404,#1409,#254,.T.);
#1792=EDGE_CURVE('',#1402,#1411,#862,.T.);
#1793=EDGE_CURVE('',#1411,#1412,#255,.T.);
#1794=EDGE_CURVE('',#1412,#1413,#256,.T.);
#1795=EDGE_CURVE('',#1413,#1414,#257,.T.);
#1796=EDGE_CURVE('',#1414,#1411,#258,.T.);
#1797=EDGE_CURVE('',#1415,#1416,#67,.T.);
#1798=EDGE_CURVE('',#1415,#1417,#259,.T.);
#1799=EDGE_CURVE('',#1417,#1418,#863,.T.);
#1800=EDGE_CURVE('',#1418,#1418,#260,.T.);
#1801=EDGE_CURVE('',#1417,#1419,#261,.T.);
#1802=EDGE_CURVE('',#1420,#1419,#68,.T.);
#1803=EDGE_CURVE('',#1420,#1421,#262,.T.);
#1804=EDGE_CURVE('',#1422,#1421,#69,.T.);
#1805=EDGE_CURVE('',#1422,#1416,#263,.T.);
#1806=EDGE_CURVE('',#1423,#1421,#264,.T.);
#1807=EDGE_CURVE('',#1423,#1424,#864,.T.);
#1808=EDGE_CURVE('',#1424,#1424,#265,.T.);
#1809=EDGE_CURVE('',#1422,#1423,#266,.T.);
#1810=EDGE_CURVE('',#1425,#1419,#267,.T.);
#1811=EDGE_CURVE('',#1425,#1426,#865,.T.);
#1812=EDGE_CURVE('',#1426,#1426,#268,.T.);
#1813=EDGE_CURVE('',#1420,#1425,#269,.T.);
#1814=EDGE_CURVE('',#1418,#1427,#866,.T.);
#1815=EDGE_CURVE('',#1427,#1428,#270,.T.);
#1816=EDGE_CURVE('',#1428,#1429,#271,.T.);
#1817=EDGE_CURVE('',#1429,#1430,#272,.T.);
#1818=EDGE_CURVE('',#1430,#1427,#273,.T.);
#1819=EDGE_CURVE('',#1319,#1306,#274,.T.);
#1820=EDGE_CURVE('',#1305,#1320,#275,.T.);
#1821=EDGE_CURVE('',#1281,#1300,#276,.T.);
#1822=EDGE_CURVE('',#1299,#1282,#277,.T.);
#1823=EDGE_CURVE('',#1275,#1354,#278,.T.);
#1824=EDGE_CURVE('',#1353,#1276,#279,.T.);
#1825=EDGE_CURVE('',#1347,#1326,#280,.T.);
#1826=EDGE_CURVE('',#1325,#1348,#281,.T.);
#1827=EDGE_CURVE('',#1304,#1431,#867,.T.);
#1828=EDGE_CURVE('',#1432,#1431,#868,.T.);
#1829=EDGE_CURVE('',#1301,#1432,#869,.T.);
#1830=EDGE_CURVE('',#1433,#1298,#870,.T.);
#1831=EDGE_CURVE('',#1434,#1433,#871,.T.);
#1832=EDGE_CURVE('',#1434,#1295,#872,.T.);
#1833=EDGE_CURVE('',#1435,#1318,#873,.T.);
#1834=EDGE_CURVE('',#1436,#1435,#874,.T.);
#1835=EDGE_CURVE('',#1436,#1315,#875,.T.);
#1836=EDGE_CURVE('',#1324,#1437,#876,.T.);
#1837=EDGE_CURVE('',#1438,#1437,#877,.T.);
#1838=EDGE_CURVE('',#1321,#1438,#878,.T.);
#1839=EDGE_CURVE('',#1439,#1346,#879,.T.);
#1840=EDGE_CURVE('',#1440,#1439,#880,.T.);
#1841=EDGE_CURVE('',#1440,#1343,#881,.T.);
#1842=EDGE_CURVE('',#1352,#1441,#882,.T.);
#1843=EDGE_CURVE('',#1442,#1441,#883,.T.);
#1844=EDGE_CURVE('',#1349,#1442,#884,.T.);
#1845=EDGE_CURVE('',#1314,#1309,#282,.T.);
#1846=EDGE_CURVE('',#1241,#1292,#885,.T.);
#1847=EDGE_CURVE('',#1294,#1287,#283,.T.);
#1848=EDGE_CURVE('',#1283,#1256,#886,.T.);
#1849=EDGE_CURVE('',#1364,#1359,#284,.T.);
#1850=EDGE_CURVE('',#1355,#1236,#887,.T.);
#1851=EDGE_CURVE('',#1336,#1331,#285,.T.);
#1852=EDGE_CURVE('',#1327,#1266,#888,.T.);
#1853=EDGE_CURVE('',#1367,#1443,#286,.T.);
#1854=EDGE_CURVE('',#1443,#1368,#287,.T.);
#1855=EDGE_CURVE('',#1383,#1444,#288,.T.);
#1856=EDGE_CURVE('',#1444,#1384,#289,.T.);
#1857=EDGE_CURVE('',#1399,#1445,#290,.T.);
#1858=EDGE_CURVE('',#1445,#1400,#291,.T.);
#1859=EDGE_CURVE('',#1415,#1446,#292,.T.);
#1860=EDGE_CURVE('',#1446,#1416,#293,.T.);
#1861=EDGE_CURVE('',#1432,#1435,#294,.T.);
#1862=EDGE_CURVE('',#1438,#1439,#295,.T.);
#1863=EDGE_CURVE('',#1442,#1447,#296,.T.);
#1864=EDGE_CURVE('',#1447,#1274,#889,.T.);
#1865=EDGE_CURVE('',#1448,#1448,#297,.T.);
#1866=EDGE_CURVE('',#1449,#1449,#298,.T.);
#1867=EDGE_CURVE('',#1450,#1450,#299,.T.);
#1868=EDGE_CURVE('',#1277,#1451,#890,.T.);
#1869=EDGE_CURVE('',#1451,#1433,#300,.T.);
#1870=EDGE_CURVE('',#1452,#1452,#301,.T.);
#1871=EDGE_CURVE('',#1453,#1447,#891,.T.);
#1872=EDGE_CURVE('',#1453,#1271,#892,.T.);
#1873=EDGE_CURVE('',#1280,#1454,#893,.T.);
#1874=EDGE_CURVE('',#1451,#1454,#894,.T.);
#1875=EDGE_CURVE('',#1330,#1265,#895,.T.);
#1876=EDGE_CURVE('',#1358,#1235,#896,.T.);
#1877=EDGE_CURVE('',#1293,#1288,#302,.T.);
#1878=EDGE_CURVE('',#1429,#1455,#303,.T.);
#1879=EDGE_CURVE('',#1455,#1424,#897,.T.);
#1880=EDGE_CURVE('',#1455,#1429,#304,.T.);
#1881=EDGE_CURVE('',#1430,#1456,#305,.T.);
#1882=EDGE_CURVE('',#1456,#1426,#898,.T.);
#1883=EDGE_CURVE('',#1456,#1430,#306,.T.);
#1884=EDGE_CURVE('',#1428,#1457,#307,.T.);
#1885=EDGE_CURVE('',#1457,#1458,#899,.T.);
#1886=EDGE_CURVE('',#1458,#1458,#308,.T.);
#1887=EDGE_CURVE('',#1457,#1428,#309,.T.);
#1888=EDGE_CURVE('',#1446,#1458,#900,.T.);
#1889=EDGE_CURVE('',#1239,#1289,#901,.T.);
#1890=EDGE_CURVE('',#1286,#1255,#902,.T.);
#1891=EDGE_CURVE('',#1431,#1436,#310,.T.);
#1892=EDGE_CURVE('',#1449,#1459,#903,.T.);
#1893=EDGE_CURVE('',#1459,#1459,#311,.T.);
#1894=EDGE_CURVE('',#1437,#1440,#312,.T.);
#1895=EDGE_CURVE('',#1450,#1460,#904,.T.);
#1896=EDGE_CURVE('',#1460,#1460,#313,.T.);
#1897=EDGE_CURVE('',#1441,#1453,#314,.T.);
#1898=EDGE_CURVE('',#1448,#1461,#905,.T.);
#1899=EDGE_CURVE('',#1461,#1461,#315,.T.);
#1900=EDGE_CURVE('',#1454,#1434,#316,.T.);
#1901=EDGE_CURVE('',#1452,#1462,#906,.T.);
#1902=EDGE_CURVE('',#1462,#1462,#317,.T.);
#1903=EDGE_CURVE('',#1363,#1360,#318,.T.);
#1904=EDGE_CURVE('',#1381,#1463,#319,.T.);
#1905=EDGE_CURVE('',#1463,#1376,#907,.T.);
#1906=EDGE_CURVE('',#1463,#1381,#320,.T.);
#1907=EDGE_CURVE('',#1382,#1464,#321,.T.);
#1908=EDGE_CURVE('',#1464,#1378,#908,.T.);
#1909=EDGE_CURVE('',#1464,#1382,#322,.T.);
#1910=EDGE_CURVE('',#1380,#1465,#323,.T.);
#1911=EDGE_CURVE('',#1465,#1466,#909,.T.);
#1912=EDGE_CURVE('',#1466,#1466,#324,.T.);
#1913=EDGE_CURVE('',#1465,#1380,#325,.T.);
#1914=EDGE_CURVE('',#1443,#1466,#910,.T.);
#1915=EDGE_CURVE('',#1335,#1332,#326,.T.);
#1916=EDGE_CURVE('',#1397,#1467,#327,.T.);
#1917=EDGE_CURVE('',#1467,#1392,#911,.T.);
#1918=EDGE_CURVE('',#1467,#1397,#328,.T.);
#1919=EDGE_CURVE('',#1398,#1468,#329,.T.);
#1920=EDGE_CURVE('',#1468,#1394,#912,.T.);
#1921=EDGE_CURVE('',#1468,#1398,#330,.T.);
#1922=EDGE_CURVE('',#1396,#1469,#331,.T.);
#1923=EDGE_CURVE('',#1469,#1470,#913,.T.);
#1924=EDGE_CURVE('',#1470,#1470,#332,.T.);
#1925=EDGE_CURVE('',#1469,#1396,#333,.T.);
#1926=EDGE_CURVE('',#1444,#1470,#914,.T.);
#1927=EDGE_CURVE('',#1313,#1310,#334,.T.);
#1928=EDGE_CURVE('',#1413,#1471,#335,.T.);
#1929=EDGE_CURVE('',#1471,#1408,#915,.T.);
#1930=EDGE_CURVE('',#1471,#1413,#336,.T.);
#1931=EDGE_CURVE('',#1472,#1412,#337,.T.);
#1932=EDGE_CURVE('',#1412,#1472,#338,.T.);
#1933=EDGE_CURVE('',#1473,#1414,#339,.T.);
#1934=EDGE_CURVE('',#1414,#1473,#340,.T.);
#1935=EDGE_CURVE('',#1473,#1410,#916,.T.);
#1936=EDGE_CURVE('',#1472,#1474,#917,.T.);
#1937=EDGE_CURVE('',#1474,#1474,#341,.T.);
#1938=EDGE_CURVE('',#1445,#1474,#918,.T.);
#1939=ORIENTED_EDGE('',*,*,#1475,.F.);
#1940=ORIENTED_EDGE('',*,*,#1476,.T.);
#1941=ORIENTED_EDGE('',*,*,#1477,.F.);
#1942=ORIENTED_EDGE('',*,*,#1478,.F.);
#1943=ORIENTED_EDGE('',*,*,#1479,.F.);
#1944=ORIENTED_EDGE('',*,*,#1480,.T.);
#1945=ORIENTED_EDGE('',*,*,#1481,.F.);
#1946=ORIENTED_EDGE('',*,*,#1482,.F.);
#1947=ORIENTED_EDGE('',*,*,#1483,.F.);
#1948=ORIENTED_EDGE('',*,*,#1478,.T.);
#1949=ORIENTED_EDGE('',*,*,#1484,.F.);
#1950=ORIENTED_EDGE('',*,*,#1480,.F.);
#1951=ORIENTED_EDGE('',*,*,#1485,.F.);
#1952=ORIENTED_EDGE('',*,*,#1486,.T.);
#1953=ORIENTED_EDGE('',*,*,#1487,.F.);
#1954=ORIENTED_EDGE('',*,*,#1488,.F.);
#1955=ORIENTED_EDGE('',*,*,#1489,.F.);
#1956=ORIENTED_EDGE('',*,*,#1490,.T.);
#1957=ORIENTED_EDGE('',*,*,#1491,.F.);
#1958=ORIENTED_EDGE('',*,*,#1486,.F.);
#1959=ORIENTED_EDGE('',*,*,#1492,.F.);
#1960=ORIENTED_EDGE('',*,*,#1493,.T.);
#1961=ORIENTED_EDGE('',*,*,#1494,.F.);
#1962=ORIENTED_EDGE('',*,*,#1490,.F.);
#1963=ORIENTED_EDGE('',*,*,#1495,.F.);
#1964=ORIENTED_EDGE('',*,*,#1496,.T.);
#1965=ORIENTED_EDGE('',*,*,#1497,.F.);
#1966=ORIENTED_EDGE('',*,*,#1498,.F.);
#1967=ORIENTED_EDGE('',*,*,#1499,.F.);
#1968=ORIENTED_EDGE('',*,*,#1500,.T.);
#1969=ORIENTED_EDGE('',*,*,#1501,.F.);
#1970=ORIENTED_EDGE('',*,*,#1502,.F.);
#1971=ORIENTED_EDGE('',*,*,#1503,.F.);
#1972=ORIENTED_EDGE('',*,*,#1498,.T.);
#1973=ORIENTED_EDGE('',*,*,#1504,.F.);
#1974=ORIENTED_EDGE('',*,*,#1500,.F.);
#1975=ORIENTED_EDGE('',*,*,#1505,.F.);
#1976=ORIENTED_EDGE('',*,*,#1506,.T.);
#1977=ORIENTED_EDGE('',*,*,#1507,.F.);
#1978=ORIENTED_EDGE('',*,*,#1508,.F.);
#1979=ORIENTED_EDGE('',*,*,#1509,.F.);
#1980=ORIENTED_EDGE('',*,*,#1510,.T.);
#1981=ORIENTED_EDGE('',*,*,#1511,.F.);
#1982=ORIENTED_EDGE('',*,*,#1506,.F.);
#1983=ORIENTED_EDGE('',*,*,#1512,.F.);
#1984=ORIENTED_EDGE('',*,*,#1513,.T.);
#1985=ORIENTED_EDGE('',*,*,#1514,.F.);
#1986=ORIENTED_EDGE('',*,*,#1510,.F.);
#1987=ORIENTED_EDGE('',*,*,#1515,.F.);
#1988=ORIENTED_EDGE('',*,*,#1516,.T.);
#1989=ORIENTED_EDGE('',*,*,#1517,.F.);
#1990=ORIENTED_EDGE('',*,*,#1518,.F.);
#1991=ORIENTED_EDGE('',*,*,#1519,.F.);
#1992=ORIENTED_EDGE('',*,*,#1520,.T.);
#1993=ORIENTED_EDGE('',*,*,#1521,.F.);
#1994=ORIENTED_EDGE('',*,*,#1516,.F.);
#1995=ORIENTED_EDGE('',*,*,#1522,.F.);
#1996=ORIENTED_EDGE('',*,*,#1523,.T.);
#1997=ORIENTED_EDGE('',*,*,#1524,.F.);
#1998=ORIENTED_EDGE('',*,*,#1520,.F.);
#1999=ORIENTED_EDGE('',*,*,#1525,.F.);
#2000=ORIENTED_EDGE('',*,*,#1526,.T.);
#2001=ORIENTED_EDGE('',*,*,#1527,.F.);
#2002=ORIENTED_EDGE('',*,*,#1528,.F.);
#2003=ORIENTED_EDGE('',*,*,#1529,.F.);
#2004=ORIENTED_EDGE('',*,*,#1530,.T.);
#2005=ORIENTED_EDGE('',*,*,#1531,.F.);
#2006=ORIENTED_EDGE('',*,*,#1532,.F.);
#2007=ORIENTED_EDGE('',*,*,#1533,.F.);
#2008=ORIENTED_EDGE('',*,*,#1528,.T.);
#2009=ORIENTED_EDGE('',*,*,#1534,.F.);
#2010=ORIENTED_EDGE('',*,*,#1530,.F.);
#2011=ORIENTED_EDGE('',*,*,#1522,.T.);
#2012=ORIENTED_EDGE('',*,*,#1519,.T.);
#2013=ORIENTED_EDGE('',*,*,#1515,.T.);
#2014=ORIENTED_EDGE('',*,*,#1535,.F.);
#2015=ORIENTED_EDGE('',*,*,#1525,.T.);
#2016=ORIENTED_EDGE('',*,*,#1533,.T.);
#2017=ORIENTED_EDGE('',*,*,#1529,.T.);
#2018=ORIENTED_EDGE('',*,*,#1536,.F.);
#2019=ORIENTED_EDGE('',*,*,#1537,.F.);
#2020=ORIENTED_EDGE('',*,*,#1538,.T.);
#2021=ORIENTED_EDGE('',*,*,#1539,.F.);
#2022=ORIENTED_EDGE('',*,*,#1526,.F.);
#2023=ORIENTED_EDGE('',*,*,#1535,.T.);
#2024=ORIENTED_EDGE('',*,*,#1518,.T.);
#2025=ORIENTED_EDGE('',*,*,#1540,.F.);
#2026=ORIENTED_EDGE('',*,*,#1523,.F.);
#2027=ORIENTED_EDGE('',*,*,#1536,.T.);
#2028=ORIENTED_EDGE('',*,*,#1532,.T.);
#2029=ORIENTED_EDGE('',*,*,#1541,.F.);
#2030=ORIENTED_EDGE('',*,*,#1538,.F.);
#2031=ORIENTED_EDGE('',*,*,#1542,.F.);
#2032=ORIENTED_EDGE('',*,*,#1543,.T.);
#2033=ORIENTED_EDGE('',*,*,#1544,.T.);
#2034=ORIENTED_EDGE('',*,*,#1488,.T.);
#2035=ORIENTED_EDGE('',*,*,#1545,.F.);
#2036=ORIENTED_EDGE('',*,*,#1493,.F.);
#2037=ORIENTED_EDGE('',*,*,#1546,.T.);
#2038=ORIENTED_EDGE('',*,*,#1482,.T.);
#2039=ORIENTED_EDGE('',*,*,#1547,.F.);
#2040=ORIENTED_EDGE('',*,*,#1476,.F.);
#2041=ORIENTED_EDGE('',*,*,#1548,.T.);
#2042=ORIENTED_EDGE('',*,*,#1543,.F.);
#2043=ORIENTED_EDGE('',*,*,#1479,.T.);
#2044=ORIENTED_EDGE('',*,*,#1546,.F.);
#2045=ORIENTED_EDGE('',*,*,#1492,.T.);
#2046=ORIENTED_EDGE('',*,*,#1489,.T.);
#2047=ORIENTED_EDGE('',*,*,#1485,.T.);
#2048=ORIENTED_EDGE('',*,*,#1544,.F.);
#2049=ORIENTED_EDGE('',*,*,#1548,.F.);
#2050=ORIENTED_EDGE('',*,*,#1475,.T.);
#2051=ORIENTED_EDGE('',*,*,#1483,.T.);
#2052=ORIENTED_EDGE('',*,*,#1549,.F.);
#2053=ORIENTED_EDGE('',*,*,#1550,.T.);
#2054=ORIENTED_EDGE('',*,*,#1551,.T.);
#2055=ORIENTED_EDGE('',*,*,#1502,.T.);
#2056=ORIENTED_EDGE('',*,*,#1552,.F.);
#2057=ORIENTED_EDGE('',*,*,#1496,.F.);
#2058=ORIENTED_EDGE('',*,*,#1553,.T.);
#2059=ORIENTED_EDGE('',*,*,#1508,.T.);
#2060=ORIENTED_EDGE('',*,*,#1554,.F.);
#2061=ORIENTED_EDGE('',*,*,#1513,.F.);
#2062=ORIENTED_EDGE('',*,*,#1555,.T.);
#2063=ORIENTED_EDGE('',*,*,#1550,.F.);
#2064=ORIENTED_EDGE('',*,*,#1499,.T.);
#2065=ORIENTED_EDGE('',*,*,#1551,.F.);
#2066=ORIENTED_EDGE('',*,*,#1555,.F.);
#2067=ORIENTED_EDGE('',*,*,#1512,.T.);
#2068=ORIENTED_EDGE('',*,*,#1509,.T.);
#2069=ORIENTED_EDGE('',*,*,#1505,.T.);
#2070=ORIENTED_EDGE('',*,*,#1553,.F.);
#2071=ORIENTED_EDGE('',*,*,#1495,.T.);
#2072=ORIENTED_EDGE('',*,*,#1503,.T.);
#2073=ORIENTED_EDGE('',*,*,#1556,.F.);
#2074=ORIENTED_EDGE('',*,*,#1557,.F.);
#2075=ORIENTED_EDGE('',*,*,#1558,.F.);
#2076=ORIENTED_EDGE('',*,*,#1559,.F.);
#2077=ORIENTED_EDGE('',*,*,#1560,.T.);
#2078=ORIENTED_EDGE('',*,*,#1559,.T.);
#2079=ORIENTED_EDGE('',*,*,#1561,.F.);
#2080=ORIENTED_EDGE('',*,*,#1562,.F.);
#2081=ORIENTED_EDGE('',*,*,#1563,.T.);
#2082=ORIENTED_EDGE('',*,*,#1562,.T.);
#2083=ORIENTED_EDGE('',*,*,#1564,.F.);
#2084=ORIENTED_EDGE('',*,*,#1565,.F.);
#2085=ORIENTED_EDGE('',*,*,#1557,.T.);
#2086=ORIENTED_EDGE('',*,*,#1566,.T.);
#2087=ORIENTED_EDGE('',*,*,#1567,.F.);
#2088=ORIENTED_EDGE('',*,*,#1568,.F.);
#2089=ORIENTED_EDGE('',*,*,#1569,.F.);
#2090=ORIENTED_EDGE('',*,*,#1570,.F.);
#2091=ORIENTED_EDGE('',*,*,#1571,.F.);
#2092=ORIENTED_EDGE('',*,*,#1572,.F.);
#2093=ORIENTED_EDGE('',*,*,#1573,.T.);
#2094=ORIENTED_EDGE('',*,*,#1572,.T.);
#2095=ORIENTED_EDGE('',*,*,#1574,.F.);
#2096=ORIENTED_EDGE('',*,*,#1575,.F.);
#2097=ORIENTED_EDGE('',*,*,#1576,.T.);
#2098=ORIENTED_EDGE('',*,*,#1575,.T.);
#2099=ORIENTED_EDGE('',*,*,#1577,.F.);
#2100=ORIENTED_EDGE('',*,*,#1578,.F.);
#2101=ORIENTED_EDGE('',*,*,#1578,.T.);
#2102=ORIENTED_EDGE('',*,*,#1579,.F.);
#2103=ORIENTED_EDGE('',*,*,#1580,.F.);
#2104=ORIENTED_EDGE('',*,*,#1581,.T.);
#2105=ORIENTED_EDGE('',*,*,#1582,.F.);
#2106=ORIENTED_EDGE('',*,*,#1583,.F.);
#2107=ORIENTED_EDGE('',*,*,#1584,.F.);
#2108=ORIENTED_EDGE('',*,*,#1585,.F.);
#2109=ORIENTED_EDGE('',*,*,#1586,.T.);
#2110=ORIENTED_EDGE('',*,*,#1585,.T.);
#2111=ORIENTED_EDGE('',*,*,#1587,.F.);
#2112=ORIENTED_EDGE('',*,*,#1588,.F.);
#2113=ORIENTED_EDGE('',*,*,#1589,.T.);
#2114=ORIENTED_EDGE('',*,*,#1588,.T.);
#2115=ORIENTED_EDGE('',*,*,#1590,.F.);
#2116=ORIENTED_EDGE('',*,*,#1591,.F.);
#2117=ORIENTED_EDGE('',*,*,#1583,.T.);
#2118=ORIENTED_EDGE('',*,*,#1592,.T.);
#2119=ORIENTED_EDGE('',*,*,#1593,.F.);
#2120=ORIENTED_EDGE('',*,*,#1594,.F.);
#2121=ORIENTED_EDGE('',*,*,#1595,.F.);
#2122=ORIENTED_EDGE('',*,*,#1596,.F.);
#2123=ORIENTED_EDGE('',*,*,#1597,.F.);
#2124=ORIENTED_EDGE('',*,*,#1598,.F.);
#2125=ORIENTED_EDGE('',*,*,#1599,.T.);
#2126=ORIENTED_EDGE('',*,*,#1598,.T.);
#2127=ORIENTED_EDGE('',*,*,#1600,.F.);
#2128=ORIENTED_EDGE('',*,*,#1601,.F.);
#2129=ORIENTED_EDGE('',*,*,#1602,.T.);
#2130=ORIENTED_EDGE('',*,*,#1601,.T.);
#2131=ORIENTED_EDGE('',*,*,#1603,.F.);
#2132=ORIENTED_EDGE('',*,*,#1604,.F.);
#2133=ORIENTED_EDGE('',*,*,#1596,.T.);
#2134=ORIENTED_EDGE('',*,*,#1605,.T.);
#2135=ORIENTED_EDGE('',*,*,#1606,.F.);
#2136=ORIENTED_EDGE('',*,*,#1607,.F.);
#2137=ORIENTED_EDGE('',*,*,#1608,.F.);
#2138=ORIENTED_EDGE('',*,*,#1609,.T.);
#2139=ORIENTED_EDGE('',*,*,#1610,.F.);
#2140=ORIENTED_EDGE('',*,*,#1609,.F.);
#2141=ORIENTED_EDGE('',*,*,#1611,.T.);
#2142=ORIENTED_EDGE('',*,*,#1612,.T.);
#2143=ORIENTED_EDGE('',*,*,#1613,.T.);
#2144=ORIENTED_EDGE('',*,*,#1614,.T.);
#2145=ORIENTED_EDGE('',*,*,#1612,.F.);
#2146=ORIENTED_EDGE('',*,*,#1615,.T.);
#2147=ORIENTED_EDGE('',*,*,#1616,.F.);
#2148=ORIENTED_EDGE('',*,*,#1617,.F.);
#2149=ORIENTED_EDGE('',*,*,#1618,.T.);
#2150=ORIENTED_EDGE('',*,*,#1619,.T.);
#2151=ORIENTED_EDGE('',*,*,#1620,.T.);
#2152=ORIENTED_EDGE('',*,*,#1621,.T.);
#2153=ORIENTED_EDGE('',*,*,#1619,.F.);
#2154=ORIENTED_EDGE('',*,*,#1622,.F.);
#2155=ORIENTED_EDGE('',*,*,#1623,.F.);
#2156=ORIENTED_EDGE('',*,*,#1624,.T.);
#2157=ORIENTED_EDGE('',*,*,#1625,.T.);
#2158=ORIENTED_EDGE('',*,*,#1626,.T.);
#2159=ORIENTED_EDGE('',*,*,#1627,.T.);
#2160=ORIENTED_EDGE('',*,*,#1628,.T.);
#2161=ORIENTED_EDGE('',*,*,#1626,.F.);
#2162=ORIENTED_EDGE('',*,*,#1629,.F.);
#2163=ORIENTED_EDGE('',*,*,#1630,.F.);
#2164=ORIENTED_EDGE('',*,*,#1631,.T.);
#2165=ORIENTED_EDGE('',*,*,#1632,.T.);
#2166=ORIENTED_EDGE('',*,*,#1633,.T.);
#2167=ORIENTED_EDGE('',*,*,#1634,.T.);
#2168=ORIENTED_EDGE('',*,*,#1635,.T.);
#2169=ORIENTED_EDGE('',*,*,#1633,.F.);
#2170=ORIENTED_EDGE('',*,*,#1636,.T.);
#2171=ORIENTED_EDGE('',*,*,#1637,.F.);
#2172=ORIENTED_EDGE('',*,*,#1638,.F.);
#2173=ORIENTED_EDGE('',*,*,#1639,.T.);
#2174=ORIENTED_EDGE('',*,*,#1640,.T.);
#2175=ORIENTED_EDGE('',*,*,#1641,.T.);
#2176=ORIENTED_EDGE('',*,*,#1642,.T.);
#2177=ORIENTED_EDGE('',*,*,#1640,.F.);
#2178=ORIENTED_EDGE('',*,*,#1643,.T.);
#2179=ORIENTED_EDGE('',*,*,#1644,.F.);
#2180=ORIENTED_EDGE('',*,*,#1645,.F.);
#2181=ORIENTED_EDGE('',*,*,#1646,.T.);
#2182=ORIENTED_EDGE('',*,*,#1647,.T.);
#2183=ORIENTED_EDGE('',*,*,#1648,.T.);
#2184=ORIENTED_EDGE('',*,*,#1649,.T.);
#2185=ORIENTED_EDGE('',*,*,#1647,.F.);
#2186=ORIENTED_EDGE('',*,*,#1650,.F.);
#2187=ORIENTED_EDGE('',*,*,#1651,.F.);
#2188=ORIENTED_EDGE('',*,*,#1652,.T.);
#2189=ORIENTED_EDGE('',*,*,#1653,.T.);
#2190=ORIENTED_EDGE('',*,*,#1654,.T.);
#2191=ORIENTED_EDGE('',*,*,#1655,.T.);
#2192=ORIENTED_EDGE('',*,*,#1580,.T.);
#2193=ORIENTED_EDGE('',*,*,#1654,.F.);
#2194=ORIENTED_EDGE('',*,*,#1656,.F.);
#2195=ORIENTED_EDGE('',*,*,#1657,.F.);
#2196=ORIENTED_EDGE('',*,*,#1658,.T.);
#2197=ORIENTED_EDGE('',*,*,#1659,.T.);
#2198=ORIENTED_EDGE('',*,*,#1660,.T.);
#2199=ORIENTED_EDGE('',*,*,#1661,.T.);
#2200=ORIENTED_EDGE('',*,*,#1606,.T.);
#2201=ORIENTED_EDGE('',*,*,#1660,.F.);
#2202=ORIENTED_EDGE('',*,*,#1662,.T.);
#2203=ORIENTED_EDGE('',*,*,#1663,.F.);
#2204=ORIENTED_EDGE('',*,*,#1664,.F.);
#2205=ORIENTED_EDGE('',*,*,#1665,.T.);
#2206=ORIENTED_EDGE('',*,*,#1666,.T.);
#2207=ORIENTED_EDGE('',*,*,#1667,.T.);
#2208=ORIENTED_EDGE('',*,*,#1668,.T.);
#2209=ORIENTED_EDGE('',*,*,#1666,.F.);
#2210=ORIENTED_EDGE('',*,*,#1669,.T.);
#2211=ORIENTED_EDGE('',*,*,#1670,.F.);
#2212=ORIENTED_EDGE('',*,*,#1671,.F.);
#2213=ORIENTED_EDGE('',*,*,#1672,.T.);
#2214=ORIENTED_EDGE('',*,*,#1673,.T.);
#2215=ORIENTED_EDGE('',*,*,#1674,.T.);
#2216=ORIENTED_EDGE('',*,*,#1675,.T.);
#2217=ORIENTED_EDGE('',*,*,#1673,.F.);
#2218=ORIENTED_EDGE('',*,*,#1676,.F.);
#2219=ORIENTED_EDGE('',*,*,#1677,.F.);
#2220=ORIENTED_EDGE('',*,*,#1678,.T.);
#2221=ORIENTED_EDGE('',*,*,#1679,.T.);
#2222=ORIENTED_EDGE('',*,*,#1680,.T.);
#2223=ORIENTED_EDGE('',*,*,#1681,.T.);
#2224=ORIENTED_EDGE('',*,*,#1682,.T.);
#2225=ORIENTED_EDGE('',*,*,#1680,.F.);
#2226=ORIENTED_EDGE('',*,*,#1683,.F.);
#2227=ORIENTED_EDGE('',*,*,#1684,.F.);
#2228=ORIENTED_EDGE('',*,*,#1685,.T.);
#2229=ORIENTED_EDGE('',*,*,#1686,.T.);
#2230=ORIENTED_EDGE('',*,*,#1687,.T.);
#2231=ORIENTED_EDGE('',*,*,#1688,.T.);
#2232=ORIENTED_EDGE('',*,*,#1567,.T.);
#2233=ORIENTED_EDGE('',*,*,#1687,.F.);
#2234=ORIENTED_EDGE('',*,*,#1689,.T.);
#2235=ORIENTED_EDGE('',*,*,#1690,.F.);
#2236=ORIENTED_EDGE('',*,*,#1691,.F.);
#2237=ORIENTED_EDGE('',*,*,#1692,.F.);
#2238=ORIENTED_EDGE('',*,*,#1693,.T.);
#2239=ORIENTED_EDGE('',*,*,#1694,.F.);
#2240=ORIENTED_EDGE('',*,*,#1693,.F.);
#2241=ORIENTED_EDGE('',*,*,#1695,.F.);
#2242=ORIENTED_EDGE('',*,*,#1696,.T.);
#2243=ORIENTED_EDGE('',*,*,#1697,.F.);
#2244=ORIENTED_EDGE('',*,*,#1696,.F.);
#2245=ORIENTED_EDGE('',*,*,#1698,.F.);
#2246=ORIENTED_EDGE('',*,*,#1699,.T.);
#2247=ORIENTED_EDGE('',*,*,#1700,.F.);
#2248=ORIENTED_EDGE('',*,*,#1699,.F.);
#2249=ORIENTED_EDGE('',*,*,#1701,.T.);
#2250=ORIENTED_EDGE('',*,*,#1702,.T.);
#2251=ORIENTED_EDGE('',*,*,#1703,.T.);
#2252=ORIENTED_EDGE('',*,*,#1704,.T.);
#2253=ORIENTED_EDGE('',*,*,#1702,.F.);
#2254=ORIENTED_EDGE('',*,*,#1705,.T.);
#2255=ORIENTED_EDGE('',*,*,#1706,.F.);
#2256=ORIENTED_EDGE('',*,*,#1707,.F.);
#2257=ORIENTED_EDGE('',*,*,#1708,.T.);
#2258=ORIENTED_EDGE('',*,*,#1709,.T.);
#2259=ORIENTED_EDGE('',*,*,#1710,.T.);
#2260=ORIENTED_EDGE('',*,*,#1711,.T.);
#2261=ORIENTED_EDGE('',*,*,#1709,.F.);
#2262=ORIENTED_EDGE('',*,*,#1712,.F.);
#2263=ORIENTED_EDGE('',*,*,#1713,.F.);
#2264=ORIENTED_EDGE('',*,*,#1714,.T.);
#2265=ORIENTED_EDGE('',*,*,#1715,.T.);
#2266=ORIENTED_EDGE('',*,*,#1716,.T.);
#2267=ORIENTED_EDGE('',*,*,#1717,.T.);
#2268=ORIENTED_EDGE('',*,*,#1718,.T.);
#2269=ORIENTED_EDGE('',*,*,#1716,.F.);
#2270=ORIENTED_EDGE('',*,*,#1719,.F.);
#2271=ORIENTED_EDGE('',*,*,#1720,.F.);
#2272=ORIENTED_EDGE('',*,*,#1721,.T.);
#2273=ORIENTED_EDGE('',*,*,#1722,.T.);
#2274=ORIENTED_EDGE('',*,*,#1723,.T.);
#2275=ORIENTED_EDGE('',*,*,#1724,.T.);
#2276=ORIENTED_EDGE('',*,*,#1593,.T.);
#2277=ORIENTED_EDGE('',*,*,#1723,.F.);
#2278=ORIENTED_EDGE('',*,*,#1725,.T.);
#2279=ORIENTED_EDGE('',*,*,#1726,.F.);
#2280=ORIENTED_EDGE('',*,*,#1727,.F.);
#2281=ORIENTED_EDGE('',*,*,#1728,.F.);
#2282=ORIENTED_EDGE('',*,*,#1729,.T.);
#2283=ORIENTED_EDGE('',*,*,#1730,.F.);
#2284=ORIENTED_EDGE('',*,*,#1729,.F.);
#2285=ORIENTED_EDGE('',*,*,#1731,.F.);
#2286=ORIENTED_EDGE('',*,*,#1732,.T.);
#2287=ORIENTED_EDGE('',*,*,#1733,.T.);
#2288=ORIENTED_EDGE('',*,*,#1734,.T.);
#2289=ORIENTED_EDGE('',*,*,#1733,.F.);
#2290=ORIENTED_EDGE('',*,*,#1735,.T.);
#2291=ORIENTED_EDGE('',*,*,#1736,.F.);
#2292=ORIENTED_EDGE('',*,*,#1737,.T.);
#2293=ORIENTED_EDGE('',*,*,#1738,.F.);
#2294=ORIENTED_EDGE('',*,*,#1739,.T.);
#2295=ORIENTED_EDGE('',*,*,#1738,.T.);
#2296=ORIENTED_EDGE('',*,*,#1740,.F.);
#2297=ORIENTED_EDGE('',*,*,#1741,.T.);
#2298=ORIENTED_EDGE('',*,*,#1742,.F.);
#2299=ORIENTED_EDGE('',*,*,#1741,.F.);
#2300=ORIENTED_EDGE('',*,*,#1743,.F.);
#2301=ORIENTED_EDGE('',*,*,#1736,.T.);
#2302=ORIENTED_EDGE('',*,*,#1744,.F.);
#2303=ORIENTED_EDGE('',*,*,#1745,.T.);
#2304=ORIENTED_EDGE('',*,*,#1746,.F.);
#2305=ORIENTED_EDGE('',*,*,#1745,.F.);
#2306=ORIENTED_EDGE('',*,*,#1747,.F.);
#2307=ORIENTED_EDGE('',*,*,#1734,.F.);
#2308=ORIENTED_EDGE('',*,*,#1748,.T.);
#2309=ORIENTED_EDGE('',*,*,#1749,.T.);
#2310=ORIENTED_EDGE('',*,*,#1750,.T.);
#2311=ORIENTED_EDGE('',*,*,#1751,.T.);
#2312=ORIENTED_EDGE('',*,*,#1752,.T.);
#2313=ORIENTED_EDGE('',*,*,#1748,.F.);
#2314=ORIENTED_EDGE('',*,*,#1753,.F.);
#2315=ORIENTED_EDGE('',*,*,#1754,.T.);
#2316=ORIENTED_EDGE('',*,*,#1755,.T.);
#2317=ORIENTED_EDGE('',*,*,#1756,.T.);
#2318=ORIENTED_EDGE('',*,*,#1755,.F.);
#2319=ORIENTED_EDGE('',*,*,#1757,.T.);
#2320=ORIENTED_EDGE('',*,*,#1758,.F.);
#2321=ORIENTED_EDGE('',*,*,#1759,.T.);
#2322=ORIENTED_EDGE('',*,*,#1760,.F.);
#2323=ORIENTED_EDGE('',*,*,#1761,.T.);
#2324=ORIENTED_EDGE('',*,*,#1760,.T.);
#2325=ORIENTED_EDGE('',*,*,#1762,.F.);
#2326=ORIENTED_EDGE('',*,*,#1763,.T.);
#2327=ORIENTED_EDGE('',*,*,#1764,.F.);
#2328=ORIENTED_EDGE('',*,*,#1763,.F.);
#2329=ORIENTED_EDGE('',*,*,#1765,.F.);
#2330=ORIENTED_EDGE('',*,*,#1758,.T.);
#2331=ORIENTED_EDGE('',*,*,#1766,.F.);
#2332=ORIENTED_EDGE('',*,*,#1767,.T.);
#2333=ORIENTED_EDGE('',*,*,#1768,.F.);
#2334=ORIENTED_EDGE('',*,*,#1767,.F.);
#2335=ORIENTED_EDGE('',*,*,#1769,.F.);
#2336=ORIENTED_EDGE('',*,*,#1756,.F.);
#2337=ORIENTED_EDGE('',*,*,#1770,.T.);
#2338=ORIENTED_EDGE('',*,*,#1771,.T.);
#2339=ORIENTED_EDGE('',*,*,#1772,.T.);
#2340=ORIENTED_EDGE('',*,*,#1773,.T.);
#2341=ORIENTED_EDGE('',*,*,#1774,.T.);
#2342=ORIENTED_EDGE('',*,*,#1770,.F.);
#2343=ORIENTED_EDGE('',*,*,#1775,.F.);
#2344=ORIENTED_EDGE('',*,*,#1776,.T.);
#2345=ORIENTED_EDGE('',*,*,#1777,.T.);
#2346=ORIENTED_EDGE('',*,*,#1778,.T.);
#2347=ORIENTED_EDGE('',*,*,#1777,.F.);
#2348=ORIENTED_EDGE('',*,*,#1779,.T.);
#2349=ORIENTED_EDGE('',*,*,#1780,.F.);
#2350=ORIENTED_EDGE('',*,*,#1781,.T.);
#2351=ORIENTED_EDGE('',*,*,#1782,.F.);
#2352=ORIENTED_EDGE('',*,*,#1783,.T.);
#2353=ORIENTED_EDGE('',*,*,#1782,.T.);
#2354=ORIENTED_EDGE('',*,*,#1784,.F.);
#2355=ORIENTED_EDGE('',*,*,#1785,.T.);
#2356=ORIENTED_EDGE('',*,*,#1786,.F.);
#2357=ORIENTED_EDGE('',*,*,#1785,.F.);
#2358=ORIENTED_EDGE('',*,*,#1787,.F.);
#2359=ORIENTED_EDGE('',*,*,#1780,.T.);
#2360=ORIENTED_EDGE('',*,*,#1788,.F.);
#2361=ORIENTED_EDGE('',*,*,#1789,.T.);
#2362=ORIENTED_EDGE('',*,*,#1790,.F.);
#2363=ORIENTED_EDGE('',*,*,#1789,.F.);
#2364=ORIENTED_EDGE('',*,*,#1791,.F.);
#2365=ORIENTED_EDGE('',*,*,#1778,.F.);
#2366=ORIENTED_EDGE('',*,*,#1792,.T.);
#2367=ORIENTED_EDGE('',*,*,#1793,.T.);
#2368=ORIENTED_EDGE('',*,*,#1794,.T.);
#2369=ORIENTED_EDGE('',*,*,#1795,.T.);
#2370=ORIENTED_EDGE('',*,*,#1796,.T.);
#2371=ORIENTED_EDGE('',*,*,#1792,.F.);
#2372=ORIENTED_EDGE('',*,*,#1797,.F.);
#2373=ORIENTED_EDGE('',*,*,#1798,.T.);
#2374=ORIENTED_EDGE('',*,*,#1799,.T.);
#2375=ORIENTED_EDGE('',*,*,#1800,.T.);
#2376=ORIENTED_EDGE('',*,*,#1799,.F.);
#2377=ORIENTED_EDGE('',*,*,#1801,.T.);
#2378=ORIENTED_EDGE('',*,*,#1802,.F.);
#2379=ORIENTED_EDGE('',*,*,#1803,.T.);
#2380=ORIENTED_EDGE('',*,*,#1804,.F.);
#2381=ORIENTED_EDGE('',*,*,#1805,.T.);
#2382=ORIENTED_EDGE('',*,*,#1804,.T.);
#2383=ORIENTED_EDGE('',*,*,#1806,.F.);
#2384=ORIENTED_EDGE('',*,*,#1807,.T.);
#2385=ORIENTED_EDGE('',*,*,#1808,.F.);
#2386=ORIENTED_EDGE('',*,*,#1807,.F.);
#2387=ORIENTED_EDGE('',*,*,#1809,.F.);
#2388=ORIENTED_EDGE('',*,*,#1802,.T.);
#2389=ORIENTED_EDGE('',*,*,#1810,.F.);
#2390=ORIENTED_EDGE('',*,*,#1811,.T.);
#2391=ORIENTED_EDGE('',*,*,#1812,.F.);
#2392=ORIENTED_EDGE('',*,*,#1811,.F.);
#2393=ORIENTED_EDGE('',*,*,#1813,.F.);
#2394=ORIENTED_EDGE('',*,*,#1800,.F.);
#2395=ORIENTED_EDGE('',*,*,#1814,.T.);
#2396=ORIENTED_EDGE('',*,*,#1815,.T.);
#2397=ORIENTED_EDGE('',*,*,#1816,.T.);
#2398=ORIENTED_EDGE('',*,*,#1817,.T.);
#2399=ORIENTED_EDGE('',*,*,#1818,.T.);
#2400=ORIENTED_EDGE('',*,*,#1814,.F.);
#2401=ORIENTED_EDGE('',*,*,#1819,.T.);
#2402=ORIENTED_EDGE('',*,*,#1651,.T.);
#2403=ORIENTED_EDGE('',*,*,#1820,.T.);
#2404=ORIENTED_EDGE('',*,*,#1670,.T.);
#2405=ORIENTED_EDGE('',*,*,#1821,.T.);
#2406=ORIENTED_EDGE('',*,*,#1644,.T.);
#2407=ORIENTED_EDGE('',*,*,#1822,.T.);
#2408=ORIENTED_EDGE('',*,*,#1623,.T.);
#2409=ORIENTED_EDGE('',*,*,#1823,.T.);
#2410=ORIENTED_EDGE('',*,*,#1713,.T.);
#2411=ORIENTED_EDGE('',*,*,#1824,.T.);
#2412=ORIENTED_EDGE('',*,*,#1616,.T.);
#2413=ORIENTED_EDGE('',*,*,#1825,.T.);
#2414=ORIENTED_EDGE('',*,*,#1677,.T.);
#2415=ORIENTED_EDGE('',*,*,#1826,.T.);
#2416=ORIENTED_EDGE('',*,*,#1706,.T.);
#2417=ORIENTED_EDGE('',*,*,#1649,.F.);
#2418=ORIENTED_EDGE('',*,*,#1827,.T.);
#2419=ORIENTED_EDGE('',*,*,#1828,.F.);
#2420=ORIENTED_EDGE('',*,*,#1829,.F.);
#2421=ORIENTED_EDGE('',*,*,#1642,.F.);
#2422=ORIENTED_EDGE('',*,*,#1830,.F.);
#2423=ORIENTED_EDGE('',*,*,#1831,.F.);
#2424=ORIENTED_EDGE('',*,*,#1832,.T.);
#2425=ORIENTED_EDGE('',*,*,#1668,.F.);
#2426=ORIENTED_EDGE('',*,*,#1833,.F.);
#2427=ORIENTED_EDGE('',*,*,#1834,.F.);
#2428=ORIENTED_EDGE('',*,*,#1835,.T.);
#2429=ORIENTED_EDGE('',*,*,#1675,.F.);
#2430=ORIENTED_EDGE('',*,*,#1836,.T.);
#2431=ORIENTED_EDGE('',*,*,#1837,.F.);
#2432=ORIENTED_EDGE('',*,*,#1838,.F.);
#2433=ORIENTED_EDGE('',*,*,#1704,.F.);
#2434=ORIENTED_EDGE('',*,*,#1839,.F.);
#2435=ORIENTED_EDGE('',*,*,#1840,.F.);
#2436=ORIENTED_EDGE('',*,*,#1841,.T.);
#2437=ORIENTED_EDGE('',*,*,#1711,.F.);
#2438=ORIENTED_EDGE('',*,*,#1842,.T.);
#2439=ORIENTED_EDGE('',*,*,#1843,.F.);
#2440=ORIENTED_EDGE('',*,*,#1844,.F.);
#2441=ORIENTED_EDGE('',*,*,#1845,.T.);
#2442=ORIENTED_EDGE('',*,*,#1656,.T.);
#2443=ORIENTED_EDGE('',*,*,#1653,.F.);
#2444=ORIENTED_EDGE('',*,*,#1579,.T.);
#2445=ORIENTED_EDGE('',*,*,#1577,.T.);
#2446=ORIENTED_EDGE('',*,*,#1574,.T.);
#2447=ORIENTED_EDGE('',*,*,#1571,.T.);
#2448=ORIENTED_EDGE('',*,*,#1846,.T.);
#2449=ORIENTED_EDGE('',*,*,#1634,.F.);
#2450=ORIENTED_EDGE('',*,*,#1638,.T.);
#2451=ORIENTED_EDGE('',*,*,#1847,.T.);
#2452=ORIENTED_EDGE('',*,*,#1629,.T.);
#2453=ORIENTED_EDGE('',*,*,#1625,.F.);
#2454=ORIENTED_EDGE('',*,*,#1848,.T.);
#2455=ORIENTED_EDGE('',*,*,#1590,.T.);
#2456=ORIENTED_EDGE('',*,*,#1587,.T.);
#2457=ORIENTED_EDGE('',*,*,#1584,.T.);
#2458=ORIENTED_EDGE('',*,*,#1594,.T.);
#2459=ORIENTED_EDGE('',*,*,#1724,.F.);
#2460=ORIENTED_EDGE('',*,*,#1727,.T.);
#2461=ORIENTED_EDGE('',*,*,#1849,.T.);
#2462=ORIENTED_EDGE('',*,*,#1719,.T.);
#2463=ORIENTED_EDGE('',*,*,#1715,.F.);
#2464=ORIENTED_EDGE('',*,*,#1850,.T.);
#2465=ORIENTED_EDGE('',*,*,#1564,.T.);
#2466=ORIENTED_EDGE('',*,*,#1561,.T.);
#2467=ORIENTED_EDGE('',*,*,#1558,.T.);
#2468=ORIENTED_EDGE('',*,*,#1568,.T.);
#2469=ORIENTED_EDGE('',*,*,#1688,.F.);
#2470=ORIENTED_EDGE('',*,*,#1691,.T.);
#2471=ORIENTED_EDGE('',*,*,#1851,.T.);
#2472=ORIENTED_EDGE('',*,*,#1683,.T.);
#2473=ORIENTED_EDGE('',*,*,#1679,.F.);
#2474=ORIENTED_EDGE('',*,*,#1852,.T.);
#2475=ORIENTED_EDGE('',*,*,#1603,.T.);
#2476=ORIENTED_EDGE('',*,*,#1600,.T.);
#2477=ORIENTED_EDGE('',*,*,#1597,.T.);
#2478=ORIENTED_EDGE('',*,*,#1607,.T.);
#2479=ORIENTED_EDGE('',*,*,#1661,.F.);
#2480=ORIENTED_EDGE('',*,*,#1664,.T.);
#2481=ORIENTED_EDGE('',*,*,#1537,.T.);
#2482=ORIENTED_EDGE('',*,*,#1542,.T.);
#2483=ORIENTED_EDGE('',*,*,#1549,.T.);
#2484=ORIENTED_EDGE('',*,*,#1610,.T.);
#2485=ORIENTED_EDGE('',*,*,#1694,.T.);
#2486=ORIENTED_EDGE('',*,*,#1697,.T.);
#2487=ORIENTED_EDGE('',*,*,#1700,.T.);
#2488=ORIENTED_EDGE('',*,*,#1730,.T.);
#2489=ORIENTED_EDGE('',*,*,#1739,.F.);
#2490=ORIENTED_EDGE('',*,*,#1743,.T.);
#2491=ORIENTED_EDGE('',*,*,#1740,.T.);
#2492=ORIENTED_EDGE('',*,*,#1737,.F.);
#2493=ORIENTED_EDGE('',*,*,#1747,.T.);
#2494=ORIENTED_EDGE('',*,*,#1744,.T.);
#2495=ORIENTED_EDGE('',*,*,#1735,.F.);
#2496=ORIENTED_EDGE('',*,*,#1732,.F.);
#2497=ORIENTED_EDGE('',*,*,#1853,.T.);
#2498=ORIENTED_EDGE('',*,*,#1854,.T.);
#2499=ORIENTED_EDGE('',*,*,#1761,.F.);
#2500=ORIENTED_EDGE('',*,*,#1765,.T.);
#2501=ORIENTED_EDGE('',*,*,#1762,.T.);
#2502=ORIENTED_EDGE('',*,*,#1759,.F.);
#2503=ORIENTED_EDGE('',*,*,#1769,.T.);
#2504=ORIENTED_EDGE('',*,*,#1766,.T.);
#2505=ORIENTED_EDGE('',*,*,#1757,.F.);
#2506=ORIENTED_EDGE('',*,*,#1754,.F.);
#2507=ORIENTED_EDGE('',*,*,#1855,.T.);
#2508=ORIENTED_EDGE('',*,*,#1856,.T.);
#2509=ORIENTED_EDGE('',*,*,#1783,.F.);
#2510=ORIENTED_EDGE('',*,*,#1787,.T.);
#2511=ORIENTED_EDGE('',*,*,#1784,.T.);
#2512=ORIENTED_EDGE('',*,*,#1781,.F.);
#2513=ORIENTED_EDGE('',*,*,#1791,.T.);
#2514=ORIENTED_EDGE('',*,*,#1788,.T.);
#2515=ORIENTED_EDGE('',*,*,#1779,.F.);
#2516=ORIENTED_EDGE('',*,*,#1776,.F.);
#2517=ORIENTED_EDGE('',*,*,#1857,.T.);
#2518=ORIENTED_EDGE('',*,*,#1858,.T.);
#2519=ORIENTED_EDGE('',*,*,#1805,.F.);
#2520=ORIENTED_EDGE('',*,*,#1809,.T.);
#2521=ORIENTED_EDGE('',*,*,#1806,.T.);
#2522=ORIENTED_EDGE('',*,*,#1803,.F.);
#2523=ORIENTED_EDGE('',*,*,#1813,.T.);
#2524=ORIENTED_EDGE('',*,*,#1810,.T.);
#2525=ORIENTED_EDGE('',*,*,#1801,.F.);
#2526=ORIENTED_EDGE('',*,*,#1798,.F.);
#2527=ORIENTED_EDGE('',*,*,#1859,.T.);
#2528=ORIENTED_EDGE('',*,*,#1860,.T.);
#2529=ORIENTED_EDGE('',*,*,#1829,.T.);
#2530=ORIENTED_EDGE('',*,*,#1861,.T.);
#2531=ORIENTED_EDGE('',*,*,#1833,.T.);
#2532=ORIENTED_EDGE('',*,*,#1667,.F.);
#2533=ORIENTED_EDGE('',*,*,#1671,.T.);
#2534=ORIENTED_EDGE('',*,*,#1820,.F.);
#2535=ORIENTED_EDGE('',*,*,#1650,.T.);
#2536=ORIENTED_EDGE('',*,*,#1646,.F.);
#2537=ORIENTED_EDGE('',*,*,#1838,.T.);
#2538=ORIENTED_EDGE('',*,*,#1862,.T.);
#2539=ORIENTED_EDGE('',*,*,#1839,.T.);
#2540=ORIENTED_EDGE('',*,*,#1703,.F.);
#2541=ORIENTED_EDGE('',*,*,#1707,.T.);
#2542=ORIENTED_EDGE('',*,*,#1826,.F.);
#2543=ORIENTED_EDGE('',*,*,#1676,.T.);
#2544=ORIENTED_EDGE('',*,*,#1672,.F.);
#2545=ORIENTED_EDGE('',*,*,#1844,.T.);
#2546=ORIENTED_EDGE('',*,*,#1863,.T.);
#2547=ORIENTED_EDGE('',*,*,#1864,.T.);
#2548=ORIENTED_EDGE('',*,*,#1613,.F.);
#2549=ORIENTED_EDGE('',*,*,#1617,.T.);
#2550=ORIENTED_EDGE('',*,*,#1824,.F.);
#2551=ORIENTED_EDGE('',*,*,#1712,.T.);
#2552=ORIENTED_EDGE('',*,*,#1708,.F.);
#2553=ORIENTED_EDGE('',*,*,#1865,.T.);
#2554=ORIENTED_EDGE('',*,*,#1866,.T.);
#2555=ORIENTED_EDGE('',*,*,#1867,.T.);
#2556=ORIENTED_EDGE('',*,*,#1645,.T.);
#2557=ORIENTED_EDGE('',*,*,#1821,.F.);
#2558=ORIENTED_EDGE('',*,*,#1622,.T.);
#2559=ORIENTED_EDGE('',*,*,#1618,.F.);
#2560=ORIENTED_EDGE('',*,*,#1868,.T.);
#2561=ORIENTED_EDGE('',*,*,#1869,.T.);
#2562=ORIENTED_EDGE('',*,*,#1830,.T.);
#2563=ORIENTED_EDGE('',*,*,#1641,.F.);
#2564=ORIENTED_EDGE('',*,*,#1870,.T.);
#2565=ORIENTED_EDGE('',*,*,#1614,.F.);
#2566=ORIENTED_EDGE('',*,*,#1864,.F.);
#2567=ORIENTED_EDGE('',*,*,#1871,.F.);
#2568=ORIENTED_EDGE('',*,*,#1872,.T.);
#2569=ORIENTED_EDGE('',*,*,#1621,.F.);
#2570=ORIENTED_EDGE('',*,*,#1873,.T.);
#2571=ORIENTED_EDGE('',*,*,#1874,.F.);
#2572=ORIENTED_EDGE('',*,*,#1868,.F.);
#2573=ORIENTED_EDGE('',*,*,#1604,.T.);
#2574=ORIENTED_EDGE('',*,*,#1852,.F.);
#2575=ORIENTED_EDGE('',*,*,#1682,.F.);
#2576=ORIENTED_EDGE('',*,*,#1875,.T.);
#2577=ORIENTED_EDGE('',*,*,#1565,.T.);
#2578=ORIENTED_EDGE('',*,*,#1850,.F.);
#2579=ORIENTED_EDGE('',*,*,#1718,.F.);
#2580=ORIENTED_EDGE('',*,*,#1876,.T.);
#2581=ORIENTED_EDGE('',*,*,#1637,.T.);
#2582=ORIENTED_EDGE('',*,*,#1877,.T.);
#2583=ORIENTED_EDGE('',*,*,#1630,.T.);
#2584=ORIENTED_EDGE('',*,*,#1847,.F.);
#2585=ORIENTED_EDGE('',*,*,#1878,.T.);
#2586=ORIENTED_EDGE('',*,*,#1879,.T.);
#2587=ORIENTED_EDGE('',*,*,#1808,.T.);
#2588=ORIENTED_EDGE('',*,*,#1879,.F.);
#2589=ORIENTED_EDGE('',*,*,#1880,.T.);
#2590=ORIENTED_EDGE('',*,*,#1881,.T.);
#2591=ORIENTED_EDGE('',*,*,#1882,.T.);
#2592=ORIENTED_EDGE('',*,*,#1812,.T.);
#2593=ORIENTED_EDGE('',*,*,#1882,.F.);
#2594=ORIENTED_EDGE('',*,*,#1883,.T.);
#2595=ORIENTED_EDGE('',*,*,#1884,.T.);
#2596=ORIENTED_EDGE('',*,*,#1885,.T.);
#2597=ORIENTED_EDGE('',*,*,#1886,.T.);
#2598=ORIENTED_EDGE('',*,*,#1885,.F.);
#2599=ORIENTED_EDGE('',*,*,#1887,.T.);
#2600=ORIENTED_EDGE('',*,*,#1797,.T.);
#2601=ORIENTED_EDGE('',*,*,#1860,.F.);
#2602=ORIENTED_EDGE('',*,*,#1888,.T.);
#2603=ORIENTED_EDGE('',*,*,#1886,.F.);
#2604=ORIENTED_EDGE('',*,*,#1888,.F.);
#2605=ORIENTED_EDGE('',*,*,#1859,.F.);
#2606=ORIENTED_EDGE('',*,*,#1570,.T.);
#2607=ORIENTED_EDGE('',*,*,#1889,.T.);
#2608=ORIENTED_EDGE('',*,*,#1635,.F.);
#2609=ORIENTED_EDGE('',*,*,#1846,.F.);
#2610=ORIENTED_EDGE('',*,*,#1591,.T.);
#2611=ORIENTED_EDGE('',*,*,#1848,.F.);
#2612=ORIENTED_EDGE('',*,*,#1628,.F.);
#2613=ORIENTED_EDGE('',*,*,#1890,.T.);
#2614=ORIENTED_EDGE('',*,*,#1834,.T.);
#2615=ORIENTED_EDGE('',*,*,#1861,.F.);
#2616=ORIENTED_EDGE('',*,*,#1828,.T.);
#2617=ORIENTED_EDGE('',*,*,#1891,.T.);
#2618=ORIENTED_EDGE('',*,*,#1866,.F.);
#2619=ORIENTED_EDGE('',*,*,#1892,.T.);
#2620=ORIENTED_EDGE('',*,*,#1893,.T.);
#2621=ORIENTED_EDGE('',*,*,#1892,.F.);
#2622=ORIENTED_EDGE('',*,*,#1837,.T.);
#2623=ORIENTED_EDGE('',*,*,#1894,.T.);
#2624=ORIENTED_EDGE('',*,*,#1840,.T.);
#2625=ORIENTED_EDGE('',*,*,#1862,.F.);
#2626=ORIENTED_EDGE('',*,*,#1867,.F.);
#2627=ORIENTED_EDGE('',*,*,#1895,.T.);
#2628=ORIENTED_EDGE('',*,*,#1896,.T.);
#2629=ORIENTED_EDGE('',*,*,#1895,.F.);
#2630=ORIENTED_EDGE('',*,*,#1843,.T.);
#2631=ORIENTED_EDGE('',*,*,#1897,.T.);
#2632=ORIENTED_EDGE('',*,*,#1871,.T.);
#2633=ORIENTED_EDGE('',*,*,#1863,.F.);
#2634=ORIENTED_EDGE('',*,*,#1865,.F.);
#2635=ORIENTED_EDGE('',*,*,#1898,.T.);
#2636=ORIENTED_EDGE('',*,*,#1899,.T.);
#2637=ORIENTED_EDGE('',*,*,#1898,.F.);
#2638=ORIENTED_EDGE('',*,*,#1831,.T.);
#2639=ORIENTED_EDGE('',*,*,#1869,.F.);
#2640=ORIENTED_EDGE('',*,*,#1874,.T.);
#2641=ORIENTED_EDGE('',*,*,#1900,.T.);
#2642=ORIENTED_EDGE('',*,*,#1870,.F.);
#2643=ORIENTED_EDGE('',*,*,#1901,.T.);
#2644=ORIENTED_EDGE('',*,*,#1902,.T.);
#2645=ORIENTED_EDGE('',*,*,#1901,.F.);
#2646=ORIENTED_EDGE('',*,*,#1726,.T.);
#2647=ORIENTED_EDGE('',*,*,#1903,.T.);
#2648=ORIENTED_EDGE('',*,*,#1720,.T.);
#2649=ORIENTED_EDGE('',*,*,#1849,.F.);
#2650=ORIENTED_EDGE('',*,*,#1904,.T.);
#2651=ORIENTED_EDGE('',*,*,#1905,.T.);
#2652=ORIENTED_EDGE('',*,*,#1742,.T.);
#2653=ORIENTED_EDGE('',*,*,#1905,.F.);
#2654=ORIENTED_EDGE('',*,*,#1906,.T.);
#2655=ORIENTED_EDGE('',*,*,#1907,.T.);
#2656=ORIENTED_EDGE('',*,*,#1908,.T.);
#2657=ORIENTED_EDGE('',*,*,#1746,.T.);
#2658=ORIENTED_EDGE('',*,*,#1908,.F.);
#2659=ORIENTED_EDGE('',*,*,#1909,.T.);
#2660=ORIENTED_EDGE('',*,*,#1910,.T.);
#2661=ORIENTED_EDGE('',*,*,#1911,.T.);
#2662=ORIENTED_EDGE('',*,*,#1912,.T.);
#2663=ORIENTED_EDGE('',*,*,#1911,.F.);
#2664=ORIENTED_EDGE('',*,*,#1913,.T.);
#2665=ORIENTED_EDGE('',*,*,#1731,.T.);
#2666=ORIENTED_EDGE('',*,*,#1854,.F.);
#2667=ORIENTED_EDGE('',*,*,#1914,.T.);
#2668=ORIENTED_EDGE('',*,*,#1912,.F.);
#2669=ORIENTED_EDGE('',*,*,#1914,.F.);
#2670=ORIENTED_EDGE('',*,*,#1853,.F.);
#2671=ORIENTED_EDGE('',*,*,#1690,.T.);
#2672=ORIENTED_EDGE('',*,*,#1915,.T.);
#2673=ORIENTED_EDGE('',*,*,#1684,.T.);
#2674=ORIENTED_EDGE('',*,*,#1851,.F.);
#2675=ORIENTED_EDGE('',*,*,#1916,.T.);
#2676=ORIENTED_EDGE('',*,*,#1917,.T.);
#2677=ORIENTED_EDGE('',*,*,#1764,.T.);
#2678=ORIENTED_EDGE('',*,*,#1917,.F.);
#2679=ORIENTED_EDGE('',*,*,#1918,.T.);
#2680=ORIENTED_EDGE('',*,*,#1919,.T.);
#2681=ORIENTED_EDGE('',*,*,#1920,.T.);
#2682=ORIENTED_EDGE('',*,*,#1768,.T.);
#2683=ORIENTED_EDGE('',*,*,#1920,.F.);
#2684=ORIENTED_EDGE('',*,*,#1921,.T.);
#2685=ORIENTED_EDGE('',*,*,#1922,.T.);
#2686=ORIENTED_EDGE('',*,*,#1923,.T.);
#2687=ORIENTED_EDGE('',*,*,#1924,.T.);
#2688=ORIENTED_EDGE('',*,*,#1923,.F.);
#2689=ORIENTED_EDGE('',*,*,#1925,.T.);
#2690=ORIENTED_EDGE('',*,*,#1753,.T.);
#2691=ORIENTED_EDGE('',*,*,#1856,.F.);
#2692=ORIENTED_EDGE('',*,*,#1926,.T.);
#2693=ORIENTED_EDGE('',*,*,#1924,.F.);
#2694=ORIENTED_EDGE('',*,*,#1926,.F.);
#2695=ORIENTED_EDGE('',*,*,#1855,.F.);
#2696=ORIENTED_EDGE('',*,*,#1663,.T.);
#2697=ORIENTED_EDGE('',*,*,#1927,.T.);
#2698=ORIENTED_EDGE('',*,*,#1657,.T.);
#2699=ORIENTED_EDGE('',*,*,#1845,.F.);
#2700=ORIENTED_EDGE('',*,*,#1928,.T.);
#2701=ORIENTED_EDGE('',*,*,#1929,.T.);
#2702=ORIENTED_EDGE('',*,*,#1786,.T.);
#2703=ORIENTED_EDGE('',*,*,#1929,.F.);
#2704=ORIENTED_EDGE('',*,*,#1930,.T.);
#2705=ORIENTED_EDGE('',*,*,#1927,.F.);
#2706=ORIENTED_EDGE('',*,*,#1662,.F.);
#2707=ORIENTED_EDGE('',*,*,#1659,.F.);
#2708=ORIENTED_EDGE('',*,*,#1605,.F.);
#2709=ORIENTED_EDGE('',*,*,#1595,.T.);
#2710=ORIENTED_EDGE('',*,*,#1599,.F.);
#2711=ORIENTED_EDGE('',*,*,#1602,.F.);
#2712=ORIENTED_EDGE('',*,*,#1875,.F.);
#2713=ORIENTED_EDGE('',*,*,#1681,.F.);
#2714=ORIENTED_EDGE('',*,*,#1685,.F.);
#2715=ORIENTED_EDGE('',*,*,#1915,.F.);
#2716=ORIENTED_EDGE('',*,*,#1689,.F.);
#2717=ORIENTED_EDGE('',*,*,#1686,.F.);
#2718=ORIENTED_EDGE('',*,*,#1566,.F.);
#2719=ORIENTED_EDGE('',*,*,#1556,.T.);
#2720=ORIENTED_EDGE('',*,*,#1560,.F.);
#2721=ORIENTED_EDGE('',*,*,#1563,.F.);
#2722=ORIENTED_EDGE('',*,*,#1876,.F.);
#2723=ORIENTED_EDGE('',*,*,#1717,.F.);
#2724=ORIENTED_EDGE('',*,*,#1721,.F.);
#2725=ORIENTED_EDGE('',*,*,#1903,.F.);
#2726=ORIENTED_EDGE('',*,*,#1725,.F.);
#2727=ORIENTED_EDGE('',*,*,#1722,.F.);
#2728=ORIENTED_EDGE('',*,*,#1592,.F.);
#2729=ORIENTED_EDGE('',*,*,#1582,.T.);
#2730=ORIENTED_EDGE('',*,*,#1586,.F.);
#2731=ORIENTED_EDGE('',*,*,#1589,.F.);
#2732=ORIENTED_EDGE('',*,*,#1890,.F.);
#2733=ORIENTED_EDGE('',*,*,#1627,.F.);
#2734=ORIENTED_EDGE('',*,*,#1631,.F.);
#2735=ORIENTED_EDGE('',*,*,#1877,.F.);
#2736=ORIENTED_EDGE('',*,*,#1636,.F.);
#2737=ORIENTED_EDGE('',*,*,#1632,.F.);
#2738=ORIENTED_EDGE('',*,*,#1889,.F.);
#2739=ORIENTED_EDGE('',*,*,#1569,.T.);
#2740=ORIENTED_EDGE('',*,*,#1573,.F.);
#2741=ORIENTED_EDGE('',*,*,#1576,.F.);
#2742=ORIENTED_EDGE('',*,*,#1581,.F.);
#2743=ORIENTED_EDGE('',*,*,#1655,.F.);
#2744=ORIENTED_EDGE('',*,*,#1658,.F.);
#2745=ORIENTED_EDGE('',*,*,#1477,.T.);
#2746=ORIENTED_EDGE('',*,*,#1547,.T.);
#2747=ORIENTED_EDGE('',*,*,#1481,.T.);
#2748=ORIENTED_EDGE('',*,*,#1484,.T.);
#2749=ORIENTED_EDGE('',*,*,#1487,.T.);
#2750=ORIENTED_EDGE('',*,*,#1491,.T.);
#2751=ORIENTED_EDGE('',*,*,#1494,.T.);
#2752=ORIENTED_EDGE('',*,*,#1545,.T.);
#2753=ORIENTED_EDGE('',*,*,#1497,.T.);
#2754=ORIENTED_EDGE('',*,*,#1552,.T.);
#2755=ORIENTED_EDGE('',*,*,#1501,.T.);
#2756=ORIENTED_EDGE('',*,*,#1504,.T.);
#2757=ORIENTED_EDGE('',*,*,#1507,.T.);
#2758=ORIENTED_EDGE('',*,*,#1511,.T.);
#2759=ORIENTED_EDGE('',*,*,#1514,.T.);
#2760=ORIENTED_EDGE('',*,*,#1554,.T.);
#2761=ORIENTED_EDGE('',*,*,#1517,.T.);
#2762=ORIENTED_EDGE('',*,*,#1521,.T.);
#2763=ORIENTED_EDGE('',*,*,#1524,.T.);
#2764=ORIENTED_EDGE('',*,*,#1540,.T.);
#2765=ORIENTED_EDGE('',*,*,#1527,.T.);
#2766=ORIENTED_EDGE('',*,*,#1539,.T.);
#2767=ORIENTED_EDGE('',*,*,#1541,.T.);
#2768=ORIENTED_EDGE('',*,*,#1531,.T.);
#2769=ORIENTED_EDGE('',*,*,#1534,.T.);
#2770=ORIENTED_EDGE('',*,*,#1608,.T.);
#2771=ORIENTED_EDGE('',*,*,#1692,.T.);
#2772=ORIENTED_EDGE('',*,*,#1695,.T.);
#2773=ORIENTED_EDGE('',*,*,#1698,.T.);
#2774=ORIENTED_EDGE('',*,*,#1728,.T.);
#2775=ORIENTED_EDGE('',*,*,#1832,.F.);
#2776=ORIENTED_EDGE('',*,*,#1900,.F.);
#2777=ORIENTED_EDGE('',*,*,#1873,.F.);
#2778=ORIENTED_EDGE('',*,*,#1620,.F.);
#2779=ORIENTED_EDGE('',*,*,#1624,.F.);
#2780=ORIENTED_EDGE('',*,*,#1822,.F.);
#2781=ORIENTED_EDGE('',*,*,#1643,.F.);
#2782=ORIENTED_EDGE('',*,*,#1639,.F.);
#2783=ORIENTED_EDGE('',*,*,#1835,.F.);
#2784=ORIENTED_EDGE('',*,*,#1891,.F.);
#2785=ORIENTED_EDGE('',*,*,#1827,.F.);
#2786=ORIENTED_EDGE('',*,*,#1648,.F.);
#2787=ORIENTED_EDGE('',*,*,#1652,.F.);
#2788=ORIENTED_EDGE('',*,*,#1819,.F.);
#2789=ORIENTED_EDGE('',*,*,#1669,.F.);
#2790=ORIENTED_EDGE('',*,*,#1665,.F.);
#2791=ORIENTED_EDGE('',*,*,#1841,.F.);
#2792=ORIENTED_EDGE('',*,*,#1894,.F.);
#2793=ORIENTED_EDGE('',*,*,#1836,.F.);
#2794=ORIENTED_EDGE('',*,*,#1674,.F.);
#2795=ORIENTED_EDGE('',*,*,#1678,.F.);
#2796=ORIENTED_EDGE('',*,*,#1825,.F.);
#2797=ORIENTED_EDGE('',*,*,#1705,.F.);
#2798=ORIENTED_EDGE('',*,*,#1701,.F.);
#2799=ORIENTED_EDGE('',*,*,#1872,.F.);
#2800=ORIENTED_EDGE('',*,*,#1897,.F.);
#2801=ORIENTED_EDGE('',*,*,#1842,.F.);
#2802=ORIENTED_EDGE('',*,*,#1710,.F.);
#2803=ORIENTED_EDGE('',*,*,#1714,.F.);
#2804=ORIENTED_EDGE('',*,*,#1823,.F.);
#2805=ORIENTED_EDGE('',*,*,#1615,.F.);
#2806=ORIENTED_EDGE('',*,*,#1611,.F.);
#2807=ORIENTED_EDGE('',*,*,#1772,.F.);
#2808=ORIENTED_EDGE('',*,*,#1925,.F.);
#2809=ORIENTED_EDGE('',*,*,#1922,.F.);
#2810=ORIENTED_EDGE('',*,*,#1771,.F.);
#2811=ORIENTED_EDGE('',*,*,#1774,.F.);
#2812=ORIENTED_EDGE('',*,*,#1921,.F.);
#2813=ORIENTED_EDGE('',*,*,#1919,.F.);
#2814=ORIENTED_EDGE('',*,*,#1773,.F.);
#2815=ORIENTED_EDGE('',*,*,#1918,.F.);
#2816=ORIENTED_EDGE('',*,*,#1916,.F.);
#2817=ORIENTED_EDGE('',*,*,#1902,.F.);
#2818=ORIENTED_EDGE('',*,*,#1896,.F.);
#2819=ORIENTED_EDGE('',*,*,#1893,.F.);
#2820=ORIENTED_EDGE('',*,*,#1899,.F.);
#2821=ORIENTED_EDGE('',*,*,#1816,.F.);
#2822=ORIENTED_EDGE('',*,*,#1887,.F.);
#2823=ORIENTED_EDGE('',*,*,#1884,.F.);
#2824=ORIENTED_EDGE('',*,*,#1815,.F.);
#2825=ORIENTED_EDGE('',*,*,#1818,.F.);
#2826=ORIENTED_EDGE('',*,*,#1883,.F.);
#2827=ORIENTED_EDGE('',*,*,#1881,.F.);
#2828=ORIENTED_EDGE('',*,*,#1817,.F.);
#2829=ORIENTED_EDGE('',*,*,#1880,.F.);
#2830=ORIENTED_EDGE('',*,*,#1878,.F.);
#2831=ORIENTED_EDGE('',*,*,#1750,.F.);
#2832=ORIENTED_EDGE('',*,*,#1913,.F.);
#2833=ORIENTED_EDGE('',*,*,#1910,.F.);
#2834=ORIENTED_EDGE('',*,*,#1749,.F.);
#2835=ORIENTED_EDGE('',*,*,#1752,.F.);
#2836=ORIENTED_EDGE('',*,*,#1909,.F.);
#2837=ORIENTED_EDGE('',*,*,#1907,.F.);
#2838=ORIENTED_EDGE('',*,*,#1751,.F.);
#2839=ORIENTED_EDGE('',*,*,#1906,.F.);
#2840=ORIENTED_EDGE('',*,*,#1904,.F.);
#2841=ORIENTED_EDGE('',*,*,#1794,.F.);
#2842=ORIENTED_EDGE('',*,*,#1931,.F.);
#2843=ORIENTED_EDGE('',*,*,#1932,.F.);
#2844=ORIENTED_EDGE('',*,*,#1793,.F.);
#2845=ORIENTED_EDGE('',*,*,#1796,.F.);
#2846=ORIENTED_EDGE('',*,*,#1933,.F.);
#2847=ORIENTED_EDGE('',*,*,#1934,.F.);
#2848=ORIENTED_EDGE('',*,*,#1795,.F.);
#2849=ORIENTED_EDGE('',*,*,#1930,.F.);
#2850=ORIENTED_EDGE('',*,*,#1928,.F.);
#2851=ORIENTED_EDGE('',*,*,#1934,.T.);
#2852=ORIENTED_EDGE('',*,*,#1935,.T.);
#2853=ORIENTED_EDGE('',*,*,#1790,.T.);
#2854=ORIENTED_EDGE('',*,*,#1935,.F.);
#2855=ORIENTED_EDGE('',*,*,#1933,.T.);
#2856=ORIENTED_EDGE('',*,*,#1932,.T.);
#2857=ORIENTED_EDGE('',*,*,#1936,.T.);
#2858=ORIENTED_EDGE('',*,*,#1937,.T.);
#2859=ORIENTED_EDGE('',*,*,#1936,.F.);
#2860=ORIENTED_EDGE('',*,*,#1931,.T.);
#2861=ORIENTED_EDGE('',*,*,#1775,.T.);
#2862=ORIENTED_EDGE('',*,*,#1858,.F.);
#2863=ORIENTED_EDGE('',*,*,#1938,.T.);
#2864=ORIENTED_EDGE('',*,*,#1937,.F.);
#2865=ORIENTED_EDGE('',*,*,#1938,.F.);
#2866=ORIENTED_EDGE('',*,*,#1857,.F.);
#2867=PLANE('',#3083);
#2868=PLANE('',#3084);
#2869=PLANE('',#3085);
#2870=PLANE('',#3086);
#2871=PLANE('',#3087);
#2872=PLANE('',#3088);
#2873=PLANE('',#3089);
#2874=PLANE('',#3090);
#2875=PLANE('',#3091);
#2876=PLANE('',#3092);
#2877=PLANE('',#3093);
#2878=PLANE('',#3094);
#2879=PLANE('',#3095);
#2880=PLANE('',#3096);
#2881=PLANE('',#3097);
#2882=PLANE('',#3098);
#2883=PLANE('',#3099);
#2884=PLANE('',#3100);
#2885=PLANE('',#3101);
#2886=PLANE('',#3116);
#2887=PLANE('',#3124);
#2888=PLANE('',#3125);
#2889=PLANE('',#3129);
#2890=PLANE('',#3130);
#2891=PLANE('',#3131);
#2892=PLANE('',#3135);
#2893=PLANE('',#3136);
#2894=PLANE('',#3137);
#2895=PLANE('',#3141);
#2896=PLANE('',#3142);
#2897=PLANE('',#3143);
#2898=PLANE('',#3147);
#2899=PLANE('',#3148);
#2900=PLANE('',#3155);
#2901=PLANE('',#3159);
#2902=PLANE('',#3163);
#2903=PLANE('',#3167);
#2904=PLANE('',#3171);
#2905=PLANE('',#3175);
#2906=PLANE('',#3179);
#2907=PLANE('',#3183);
#2908=PLANE('',#3187);
#2909=PLANE('',#3191);
#2910=PLANE('',#3195);
#2911=PLANE('',#3199);
#2912=PLANE('',#3212);
#2913=PLANE('',#3216);
#2914=PLANE('',#3220);
#2915=PLANE('',#3224);
#2916=PLANE('',#3316);
#2917=PLANE('',#3317);
#2918=PLANE('',#3318);
#2919=PLANE('',#3319);
#2920=PLANE('',#3320);
#2921=PLANE('',#3321);
#2922=PLANE('',#3322);
#2923=PLANE('',#3343);
#2924=PLANE('',#3344);
#2925=PLANE('',#3345);
#2926=PLANE('',#3346);
#2927=PLANE('',#3360);
#2928=PLANE('',#3361);
#2929=PLANE('',#3409);
#2930=ADVANCED_FACE('',(#342),#2867,.F.);
#2931=ADVANCED_FACE('',(#343),#2868,.F.);
#2932=ADVANCED_FACE('',(#344),#2869,.F.);
#2933=ADVANCED_FACE('',(#345),#2870,.F.);
#2934=ADVANCED_FACE('',(#346),#2871,.F.);
#2935=ADVANCED_FACE('',(#347),#2872,.F.);
#2936=ADVANCED_FACE('',(#348),#2873,.F.);
#2937=ADVANCED_FACE('',(#349),#2874,.F.);
#2938=ADVANCED_FACE('',(#350),#2875,.F.);
#2939=ADVANCED_FACE('',(#351),#2876,.F.);
#2940=ADVANCED_FACE('',(#352),#2877,.F.);
#2941=ADVANCED_FACE('',(#353),#2878,.F.);
#2942=ADVANCED_FACE('',(#354),#2879,.F.);
#2943=ADVANCED_FACE('',(#355),#2880,.F.);
#2944=ADVANCED_FACE('',(#356),#2881,.F.);
#2945=ADVANCED_FACE('',(#357),#2882,.F.);
#2946=ADVANCED_FACE('',(#358),#2883,.F.);
#2947=ADVANCED_FACE('',(#359),#2884,.F.);
#2948=ADVANCED_FACE('',(#360),#2885,.T.);
#2949=ADVANCED_FACE('',(#361),#86,.F.);
#2950=ADVANCED_FACE('',(#362),#87,.F.);
#2951=ADVANCED_FACE('',(#363),#2886,.T.);
#2952=ADVANCED_FACE('',(#364),#88,.F.);
#2953=ADVANCED_FACE('',(#365),#2887,.T.);
#2954=ADVANCED_FACE('',(#366),#2888,.T.);
#2955=ADVANCED_FACE('',(#367),#89,.T.);
#2956=ADVANCED_FACE('',(#368),#2889,.T.);
#2957=ADVANCED_FACE('',(#369),#2890,.T.);
#2958=ADVANCED_FACE('',(#370),#2891,.T.);
#2959=ADVANCED_FACE('',(#371),#90,.T.);
#2960=ADVANCED_FACE('',(#372),#2892,.T.);
#2961=ADVANCED_FACE('',(#373),#2893,.T.);
#2962=ADVANCED_FACE('',(#374),#2894,.T.);
#2963=ADVANCED_FACE('',(#375),#91,.T.);
#2964=ADVANCED_FACE('',(#376),#2895,.T.);
#2965=ADVANCED_FACE('',(#377),#2896,.T.);
#2966=ADVANCED_FACE('',(#378),#2897,.T.);
#2967=ADVANCED_FACE('',(#379),#92,.T.);
#2968=ADVANCED_FACE('',(#380),#2898,.T.);
#2969=ADVANCED_FACE('',(#381),#2899,.T.);
#2970=ADVANCED_FACE('',(#382),#93,.F.);
#2971=ADVANCED_FACE('',(#383),#94,.F.);
#2972=ADVANCED_FACE('',(#384),#2900,.T.);
#2973=ADVANCED_FACE('',(#385),#95,.F.);
#2974=ADVANCED_FACE('',(#386),#2901,.T.);
#2975=ADVANCED_FACE('',(#387),#96,.F.);
#2976=ADVANCED_FACE('',(#388),#2902,.T.);
#2977=ADVANCED_FACE('',(#389),#97,.F.);
#2978=ADVANCED_FACE('',(#390),#2903,.T.);
#2979=ADVANCED_FACE('',(#391),#98,.F.);
#2980=ADVANCED_FACE('',(#392),#2904,.T.);
#2981=ADVANCED_FACE('',(#393),#99,.F.);
#2982=ADVANCED_FACE('',(#394),#2905,.T.);
#2983=ADVANCED_FACE('',(#395),#100,.F.);
#2984=ADVANCED_FACE('',(#396),#2906,.T.);
#2985=ADVANCED_FACE('',(#397),#101,.F.);
#2986=ADVANCED_FACE('',(#398),#2907,.T.);
#2987=ADVANCED_FACE('',(#399),#102,.F.);
#2988=ADVANCED_FACE('',(#400),#2908,.T.);
#2989=ADVANCED_FACE('',(#401),#103,.F.);
#2990=ADVANCED_FACE('',(#402),#2909,.T.);
#2991=ADVANCED_FACE('',(#403),#104,.F.);
#2992=ADVANCED_FACE('',(#404),#2910,.T.);
#2993=ADVANCED_FACE('',(#405),#105,.F.);
#2994=ADVANCED_FACE('',(#406),#2911,.T.);
#2995=ADVANCED_FACE('',(#407),#106,.F.);
#2996=ADVANCED_FACE('',(#408),#107,.F.);
#2997=ADVANCED_FACE('',(#409),#108,.F.);
#2998=ADVANCED_FACE('',(#410),#109,.F.);
#2999=ADVANCED_FACE('',(#411),#2912,.T.);
#3000=ADVANCED_FACE('',(#412),#110,.F.);
#3001=ADVANCED_FACE('',(#413),#2913,.T.);
#3002=ADVANCED_FACE('',(#414),#111,.F.);
#3003=ADVANCED_FACE('',(#415),#2914,.T.);
#3004=ADVANCED_FACE('',(#416),#112,.F.);
#3005=ADVANCED_FACE('',(#417),#2915,.T.);
#3006=ADVANCED_FACE('',(#418),#113,.F.);
#3007=ADVANCED_FACE('',(#419),#70,.F.);
#3008=ADVANCED_FACE('',(#420),#114,.F.);
#3009=ADVANCED_FACE('',(#421),#115,.F.);
#3010=ADVANCED_FACE('',(#422),#116,.F.);
#3011=ADVANCED_FACE('',(#423),#71,.F.);
#3012=ADVANCED_FACE('',(#424),#117,.F.);
#3013=ADVANCED_FACE('',(#425),#118,.F.);
#3014=ADVANCED_FACE('',(#426),#119,.F.);
#3015=ADVANCED_FACE('',(#427),#72,.F.);
#3016=ADVANCED_FACE('',(#428),#120,.F.);
#3017=ADVANCED_FACE('',(#429),#121,.F.);
#3018=ADVANCED_FACE('',(#430),#122,.F.);
#3019=ADVANCED_FACE('',(#431),#73,.F.);
#3020=ADVANCED_FACE('',(#432),#123,.F.);
#3021=ADVANCED_FACE('',(#433),#124,.F.);
#3022=ADVANCED_FACE('',(#434),#125,.F.);
#3023=ADVANCED_FACE('',(#435),#126,.F.);
#3024=ADVANCED_FACE('',(#436),#127,.F.);
#3025=ADVANCED_FACE('',(#437),#128,.F.);
#3026=ADVANCED_FACE('',(#438),#129,.F.);
#3027=ADVANCED_FACE('',(#439),#2916,.T.);
#3028=ADVANCED_FACE('',(#440),#2917,.T.);
#3029=ADVANCED_FACE('',(#441),#2918,.T.);
#3030=ADVANCED_FACE('',(#442),#2919,.T.);
#3031=ADVANCED_FACE('',(#443),#2920,.T.);
#3032=ADVANCED_FACE('',(#444),#2921,.T.);
#3033=ADVANCED_FACE('',(#445,#15,#16,#17,#18,#19,#20,#21,#22,#23,#24,#25,
#26,#27,#28,#29,#30,#31,#32,#33,#34),#2922,.T.);
#3034=ADVANCED_FACE('',(#446),#2923,.T.);
#3035=ADVANCED_FACE('',(#447),#2924,.T.);
#3036=ADVANCED_FACE('',(#448),#2925,.T.);
#3037=ADVANCED_FACE('',(#449),#2926,.T.);
#3038=ADVANCED_FACE('',(#450),#130,.T.);
#3039=ADVANCED_FACE('',(#451),#74,.F.);
#3040=ADVANCED_FACE('',(#452),#75,.F.);
#3041=ADVANCED_FACE('',(#453),#76,.F.);
#3042=ADVANCED_FACE('',(#454),#131,.F.);
#3043=ADVANCED_FACE('',(#455),#2927,.T.);
#3044=ADVANCED_FACE('',(#456),#2928,.T.);
#3045=ADVANCED_FACE('',(#457),#132,.T.);
#3046=ADVANCED_FACE('',(#458),#133,.F.);
#3047=ADVANCED_FACE('',(#459),#134,.T.);
#3048=ADVANCED_FACE('',(#460),#135,.F.);
#3049=ADVANCED_FACE('',(#461),#136,.T.);
#3050=ADVANCED_FACE('',(#462),#137,.F.);
#3051=ADVANCED_FACE('',(#463),#138,.T.);
#3052=ADVANCED_FACE('',(#464),#139,.F.);
#3053=ADVANCED_FACE('',(#465),#140,.T.);
#3054=ADVANCED_FACE('',(#466),#77,.F.);
#3055=ADVANCED_FACE('',(#467),#78,.F.);
#3056=ADVANCED_FACE('',(#468),#79,.F.);
#3057=ADVANCED_FACE('',(#469),#141,.F.);
#3058=ADVANCED_FACE('',(#470),#142,.T.);
#3059=ADVANCED_FACE('',(#471),#80,.F.);
#3060=ADVANCED_FACE('',(#472),#81,.F.);
#3061=ADVANCED_FACE('',(#473),#82,.F.);
#3062=ADVANCED_FACE('',(#474),#143,.F.);
#3063=ADVANCED_FACE('',(#475),#144,.T.);
#3064=ADVANCED_FACE('',(#476),#83,.F.);
#3065=ADVANCED_FACE('',(#477,#35,#36,#37,#38,#39,#40,#41,#42,#43,#44,#45,
#46,#47,#48,#49,#50,#51,#52,#53,#54,#55,#56,#57),#2929,.F.);
#3066=ADVANCED_FACE('',(#478),#84,.F.);
#3067=ADVANCED_FACE('',(#479),#85,.F.);
#3068=ADVANCED_FACE('',(#480),#145,.F.);
#3069=CLOSED_SHELL('',(#2930,#2931,#2932,#2933,#2934,#2935,#2936,#2937,
#2938,#2939,#2940,#2941,#2942,#2943,#2944,#2945,#2946,#2947,#2948,#2949,
#2950,#2951,#2952,#2953,#2954,#2955,#2956,#2957,#2958,#2959,#2960,#2961,
#2962,#2963,#2964,#2965,#2966,#2967,#2968,#2969,#2970,#2971,#2972,#2973,
#2974,#2975,#2976,#2977,#2978,#2979,#2980,#2981,#2982,#2983,#2984,#2985,
#2986,#2987,#2988,#2989,#2990,#2991,#2992,#2993,#2994,#2995,#2996,#2997,
#2998,#2999,#3000,#3001,#3002,#3003,#3004,#3005,#3006,#3007,#3008,#3009,
#3010,#3011,#3012,#3013,#3014,#3015,#3016,#3017,#3018,#3019,#3020,#3021,
#3022,#3023,#3024,#3025,#3026,#3027,#3028,#3029,#3030,#3031,#3032,#3033,
#3034,#3035,#3036,#3037,#3038,#3039,#3040,#3041,#3042,#3043,#3044,#3045,
#3046,#3047,#3048,#3049,#3050,#3051,#3052,#3053,#3054,#3055,#3056,#3057,
#3058,#3059,#3060,#3061,#3062,#3063,#3064,#3065,#3066,#3067,#3068));
#3070=DERIVED_UNIT_ELEMENT(#3072,1.);
#3071=DERIVED_UNIT_ELEMENT(#5411,-3.);
#3072=(
MASS_UNIT()
NAMED_UNIT(*)
SI_UNIT(.KILO.,.GRAM.)
);
#3073=DERIVED_UNIT((#3070,#3071));
#3074=MEASURE_REPRESENTATION_ITEM('density measure',
POSITIVE_RATIO_MEASURE(1000.),#3073);
#3075=PROPERTY_DEFINITION_REPRESENTATION(#3080,#3077);
#3076=PROPERTY_DEFINITION_REPRESENTATION(#3081,#3078);
#3077=REPRESENTATION('material name',(#3079),#5408);
#3078=REPRESENTATION('density',(#3074),#5408);
#3079=DESCRIPTIVE_REPRESENTATION_ITEM('Generic','Generic');
#3080=PROPERTY_DEFINITION('material property','material name',#5418);
#3081=PROPERTY_DEFINITION('material property','density of part',#5418);
#3082=AXIS2_PLACEMENT_3D('',#4346,#3418,#3419);
#3083=AXIS2_PLACEMENT_3D('',#4347,#3420,#3421);
#3084=AXIS2_PLACEMENT_3D('',#4356,#3426,#3427);
#3085=AXIS2_PLACEMENT_3D('',#4365,#3432,#3433);
#3086=AXIS2_PLACEMENT_3D('',#4368,#3436,#3437);
#3087=AXIS2_PLACEMENT_3D('',#4377,#3442,#3443);
#3088=AXIS2_PLACEMENT_3D('',#4383,#3447,#3448);
#3089=AXIS2_PLACEMENT_3D('',#4389,#3452,#3453);
#3090=AXIS2_PLACEMENT_3D('',#4398,#3458,#3459);
#3091=AXIS2_PLACEMENT_3D('',#4407,#3464,#3465);
#3092=AXIS2_PLACEMENT_3D('',#4410,#3468,#3469);
#3093=AXIS2_PLACEMENT_3D('',#4419,#3474,#3475);
#3094=AXIS2_PLACEMENT_3D('',#4425,#3479,#3480);
#3095=AXIS2_PLACEMENT_3D('',#4431,#3484,#3485);
#3096=AXIS2_PLACEMENT_3D('',#4440,#3490,#3491);
#3097=AXIS2_PLACEMENT_3D('',#4446,#3495,#3496);
#3098=AXIS2_PLACEMENT_3D('',#4452,#3500,#3501);
#3099=AXIS2_PLACEMENT_3D('',#4461,#3506,#3507);
#3100=AXIS2_PLACEMENT_3D('',#4470,#3512,#3513);
#3101=AXIS2_PLACEMENT_3D('',#4473,#3516,#3517);
#3102=AXIS2_PLACEMENT_3D('',#4474,#3518,#3519);
#3103=AXIS2_PLACEMENT_3D('',#4475,#3520,#3521);
#3104=AXIS2_PLACEMENT_3D('',#4476,#3522,#3523);
#3105=AXIS2_PLACEMENT_3D('',#4478,#3524,#3525);
#3106=AXIS2_PLACEMENT_3D('',#4481,#3527,#3528);
#3107=AXIS2_PLACEMENT_3D('',#4482,#3529,#3530);
#3108=AXIS2_PLACEMENT_3D('',#4483,#3531,#3532);
#3109=AXIS2_PLACEMENT_3D('',#4484,#3533,#3534);
#3110=AXIS2_PLACEMENT_3D('',#4486,#3535,#3536);
#3111=AXIS2_PLACEMENT_3D('',#4489,#3538,#3539);
#3112=AXIS2_PLACEMENT_3D('',#4490,#3540,#3541);
#3113=AXIS2_PLACEMENT_3D('',#4491,#3542,#3543);
#3114=AXIS2_PLACEMENT_3D('',#4492,#3544,#3545);
#3115=AXIS2_PLACEMENT_3D('',#4493,#3546,#3547);
#3116=AXIS2_PLACEMENT_3D('',#4494,#3548,#3549);
#3117=AXIS2_PLACEMENT_3D('',#4495,#3550,#3551);
#3118=AXIS2_PLACEMENT_3D('',#4497,#3552,#3553);
#3119=AXIS2_PLACEMENT_3D('',#4500,#3555,#3556);
#3120=AXIS2_PLACEMENT_3D('',#4501,#3557,#3558);
#3121=AXIS2_PLACEMENT_3D('',#4502,#3559,#3560);
#3122=AXIS2_PLACEMENT_3D('',#4503,#3561,#3562);
#3123=AXIS2_PLACEMENT_3D('',#4504,#3563,#3564);
#3124=AXIS2_PLACEMENT_3D('',#4505,#3565,#3566);
#3125=AXIS2_PLACEMENT_3D('',#4506,#3567,#3568);
#3126=AXIS2_PLACEMENT_3D('',#4515,#3573,#3574);
#3127=AXIS2_PLACEMENT_3D('',#4517,#3575,#3576);
#3128=AXIS2_PLACEMENT_3D('',#4519,#3577,#3578);
#3129=AXIS2_PLACEMENT_3D('',#4521,#3580,#3581);
#3130=AXIS2_PLACEMENT_3D('',#4527,#3585,#3586);
#3131=AXIS2_PLACEMENT_3D('',#4533,#3590,#3591);
#3132=AXIS2_PLACEMENT_3D('',#4542,#3596,#3597);
#3133=AXIS2_PLACEMENT_3D('',#4544,#3598,#3599);
#3134=AXIS2_PLACEMENT_3D('',#4546,#3600,#3601);
#3135=AXIS2_PLACEMENT_3D('',#4548,#3603,#3604);
#3136=AXIS2_PLACEMENT_3D('',#4554,#3608,#3609);
#3137=AXIS2_PLACEMENT_3D('',#4560,#3613,#3614);
#3138=AXIS2_PLACEMENT_3D('',#4569,#3619,#3620);
#3139=AXIS2_PLACEMENT_3D('',#4571,#3621,#3622);
#3140=AXIS2_PLACEMENT_3D('',#4573,#3623,#3624);
#3141=AXIS2_PLACEMENT_3D('',#4575,#3626,#3627);
#3142=AXIS2_PLACEMENT_3D('',#4581,#3631,#3632);
#3143=AXIS2_PLACEMENT_3D('',#4587,#3636,#3637);
#3144=AXIS2_PLACEMENT_3D('',#4596,#3642,#3643);
#3145=AXIS2_PLACEMENT_3D('',#4598,#3644,#3645);
#3146=AXIS2_PLACEMENT_3D('',#4600,#3646,#3647);
#3147=AXIS2_PLACEMENT_3D('',#4602,#3649,#3650);
#3148=AXIS2_PLACEMENT_3D('',#4608,#3654,#3655);
#3149=AXIS2_PLACEMENT_3D('',#4614,#3659,#3660);
#3150=AXIS2_PLACEMENT_3D('',#4616,#3661,#3662);
#3151=AXIS2_PLACEMENT_3D('',#4619,#3664,#3665);
#3152=AXIS2_PLACEMENT_3D('',#4620,#3666,#3667);
#3153=AXIS2_PLACEMENT_3D('',#4623,#3668,#3669);
#3154=AXIS2_PLACEMENT_3D('',#4627,#3671,#3672);
#3155=AXIS2_PLACEMENT_3D('',#4629,#3674,#3675);
#3156=AXIS2_PLACEMENT_3D('',#4635,#3679,#3680);
#3157=AXIS2_PLACEMENT_3D('',#4638,#3681,#3682);
#3158=AXIS2_PLACEMENT_3D('',#4642,#3684,#3685);
#3159=AXIS2_PLACEMENT_3D('',#4644,#3687,#3688);
#3160=AXIS2_PLACEMENT_3D('',#4650,#3692,#3693);
#3161=AXIS2_PLACEMENT_3D('',#4653,#3694,#3695);
#3162=AXIS2_PLACEMENT_3D('',#4657,#3697,#3698);
#3163=AXIS2_PLACEMENT_3D('',#4659,#3700,#3701);
#3164=AXIS2_PLACEMENT_3D('',#4665,#3705,#3706);
#3165=AXIS2_PLACEMENT_3D('',#4668,#3707,#3708);
#3166=AXIS2_PLACEMENT_3D('',#4672,#3710,#3711);
#3167=AXIS2_PLACEMENT_3D('',#4674,#3713,#3714);
#3168=AXIS2_PLACEMENT_3D('',#4680,#3718,#3719);
#3169=AXIS2_PLACEMENT_3D('',#4683,#3720,#3721);
#3170=AXIS2_PLACEMENT_3D('',#4687,#3723,#3724);
#3171=AXIS2_PLACEMENT_3D('',#4689,#3726,#3727);
#3172=AXIS2_PLACEMENT_3D('',#4695,#3731,#3732);
#3173=AXIS2_PLACEMENT_3D('',#4698,#3733,#3734);
#3174=AXIS2_PLACEMENT_3D('',#4702,#3736,#3737);
#3175=AXIS2_PLACEMENT_3D('',#4704,#3739,#3740);
#3176=AXIS2_PLACEMENT_3D('',#4710,#3744,#3745);
#3177=AXIS2_PLACEMENT_3D('',#4712,#3746,#3747);
#3178=AXIS2_PLACEMENT_3D('',#4715,#3749,#3750);
#3179=AXIS2_PLACEMENT_3D('',#4716,#3751,#3752);
#3180=AXIS2_PLACEMENT_3D('',#4722,#3756,#3757);
#3181=AXIS2_PLACEMENT_3D('',#4724,#3758,#3759);
#3182=AXIS2_PLACEMENT_3D('',#4727,#3761,#3762);
#3183=AXIS2_PLACEMENT_3D('',#4728,#3763,#3764);
#3184=AXIS2_PLACEMENT_3D('',#4734,#3768,#3769);
#3185=AXIS2_PLACEMENT_3D('',#4737,#3770,#3771);
#3186=AXIS2_PLACEMENT_3D('',#4741,#3773,#3774);
#3187=AXIS2_PLACEMENT_3D('',#4743,#3776,#3777);
#3188=AXIS2_PLACEMENT_3D('',#4749,#3781,#3782);
#3189=AXIS2_PLACEMENT_3D('',#4752,#3783,#3784);
#3190=AXIS2_PLACEMENT_3D('',#4756,#3786,#3787);
#3191=AXIS2_PLACEMENT_3D('',#4758,#3789,#3790);
#3192=AXIS2_PLACEMENT_3D('',#4764,#3794,#3795);
#3193=AXIS2_PLACEMENT_3D('',#4767,#3796,#3797);
#3194=AXIS2_PLACEMENT_3D('',#4771,#3799,#3800);
#3195=AXIS2_PLACEMENT_3D('',#4773,#3802,#3803);
#3196=AXIS2_PLACEMENT_3D('',#4779,#3807,#3808);
#3197=AXIS2_PLACEMENT_3D('',#4781,#3809,#3810);
#3198=AXIS2_PLACEMENT_3D('',#4784,#3812,#3813);
#3199=AXIS2_PLACEMENT_3D('',#4785,#3814,#3815);
#3200=AXIS2_PLACEMENT_3D('',#4791,#3819,#3820);
#3201=AXIS2_PLACEMENT_3D('',#4793,#3821,#3822);
#3202=AXIS2_PLACEMENT_3D('',#4796,#3824,#3825);
#3203=AXIS2_PLACEMENT_3D('',#4797,#3826,#3827);
#3204=AXIS2_PLACEMENT_3D('',#4799,#3828,#3829);
#3205=AXIS2_PLACEMENT_3D('',#4802,#3831,#3832);
#3206=AXIS2_PLACEMENT_3D('',#4803,#3833,#3834);
#3207=AXIS2_PLACEMENT_3D('',#4805,#3835,#3836);
#3208=AXIS2_PLACEMENT_3D('',#4808,#3838,#3839);
#3209=AXIS2_PLACEMENT_3D('',#4809,#3840,#3841);
#3210=AXIS2_PLACEMENT_3D('',#4812,#3842,#3843);
#3211=AXIS2_PLACEMENT_3D('',#4816,#3845,#3846);
#3212=AXIS2_PLACEMENT_3D('',#4818,#3848,#3849);
#3213=AXIS2_PLACEMENT_3D('',#4824,#3853,#3854);
#3214=AXIS2_PLACEMENT_3D('',#4827,#3855,#3856);
#3215=AXIS2_PLACEMENT_3D('',#4831,#3858,#3859);
#3216=AXIS2_PLACEMENT_3D('',#4833,#3861,#3862);
#3217=AXIS2_PLACEMENT_3D('',#4839,#3866,#3867);
#3218=AXIS2_PLACEMENT_3D('',#4842,#3868,#3869);
#3219=AXIS2_PLACEMENT_3D('',#4846,#3871,#3872);
#3220=AXIS2_PLACEMENT_3D('',#4848,#3874,#3875);
#3221=AXIS2_PLACEMENT_3D('',#4854,#3879,#3880);
#3222=AXIS2_PLACEMENT_3D('',#4856,#3881,#3882);
#3223=AXIS2_PLACEMENT_3D('',#4859,#3884,#3885);
#3224=AXIS2_PLACEMENT_3D('',#4860,#3886,#3887);
#3225=AXIS2_PLACEMENT_3D('',#4866,#3891,#3892);
#3226=AXIS2_PLACEMENT_3D('',#4868,#3893,#3894);
#3227=AXIS2_PLACEMENT_3D('',#4871,#3896,#3897);
#3228=AXIS2_PLACEMENT_3D('',#4872,#3898,#3899);
#3229=AXIS2_PLACEMENT_3D('',#4890,#3900,#3901);
#3230=AXIS2_PLACEMENT_3D('',#4893,#3903,#3904);
#3231=AXIS2_PLACEMENT_3D('',#4895,#3905,#3906);
#3232=AXIS2_PLACEMENT_3D('',#4912,#3907,#3908);
#3233=AXIS2_PLACEMENT_3D('',#4928,#3909,#3910);
#3234=AXIS2_PLACEMENT_3D('',#4929,#3911,#3912);
#3235=AXIS2_PLACEMENT_3D('',#4931,#3913,#3914);
#3236=AXIS2_PLACEMENT_3D('',#4934,#3916,#3917);
#3237=AXIS2_PLACEMENT_3D('',#4935,#3918,#3919);
#3238=AXIS2_PLACEMENT_3D('',#4936,#3920,#3921);
#3239=AXIS2_PLACEMENT_3D('',#4938,#3922,#3923);
#3240=AXIS2_PLACEMENT_3D('',#4941,#3925,#3926);
#3241=AXIS2_PLACEMENT_3D('',#4942,#3927,#3928);
#3242=AXIS2_PLACEMENT_3D('',#4943,#3929,#3930);
#3243=AXIS2_PLACEMENT_3D('',#4947,#3932,#3933);
#3244=AXIS2_PLACEMENT_3D('',#4949,#3934,#3935);
#3245=AXIS2_PLACEMENT_3D('',#4951,#3936,#3937);
#3246=AXIS2_PLACEMENT_3D('',#4952,#3938,#3939);
#3247=AXIS2_PLACEMENT_3D('',#4953,#3940,#3941);
#3248=AXIS2_PLACEMENT_3D('',#4971,#3942,#3943);
#3249=AXIS2_PLACEMENT_3D('',#4974,#3945,#3946);
#3250=AXIS2_PLACEMENT_3D('',#4976,#3947,#3948);
#3251=AXIS2_PLACEMENT_3D('',#4993,#3949,#3950);
#3252=AXIS2_PLACEMENT_3D('',#5009,#3951,#3952);
#3253=AXIS2_PLACEMENT_3D('',#5010,#3953,#3954);
#3254=AXIS2_PLACEMENT_3D('',#5012,#3955,#3956);
#3255=AXIS2_PLACEMENT_3D('',#5015,#3958,#3959);
#3256=AXIS2_PLACEMENT_3D('',#5016,#3960,#3961);
#3257=AXIS2_PLACEMENT_3D('',#5017,#3962,#3963);
#3258=AXIS2_PLACEMENT_3D('',#5019,#3964,#3965);
#3259=AXIS2_PLACEMENT_3D('',#5022,#3967,#3968);
#3260=AXIS2_PLACEMENT_3D('',#5023,#3969,#3970);
#3261=AXIS2_PLACEMENT_3D('',#5024,#3971,#3972);
#3262=AXIS2_PLACEMENT_3D('',#5028,#3974,#3975);
#3263=AXIS2_PLACEMENT_3D('',#5030,#3976,#3977);
#3264=AXIS2_PLACEMENT_3D('',#5032,#3978,#3979);
#3265=AXIS2_PLACEMENT_3D('',#5033,#3980,#3981);
#3266=AXIS2_PLACEMENT_3D('',#5034,#3982,#3983);
#3267=AXIS2_PLACEMENT_3D('',#5052,#3984,#3985);
#3268=AXIS2_PLACEMENT_3D('',#5055,#3987,#3988);
#3269=AXIS2_PLACEMENT_3D('',#5057,#3989,#3990);
#3270=AXIS2_PLACEMENT_3D('',#5074,#3991,#3992);
#3271=AXIS2_PLACEMENT_3D('',#5090,#3993,#3994);
#3272=AXIS2_PLACEMENT_3D('',#5091,#3995,#3996);
#3273=AXIS2_PLACEMENT_3D('',#5093,#3997,#3998);
#3274=AXIS2_PLACEMENT_3D('',#5096,#4000,#4001);
#3275=AXIS2_PLACEMENT_3D('',#5097,#4002,#4003);
#3276=AXIS2_PLACEMENT_3D('',#5098,#4004,#4005);
#3277=AXIS2_PLACEMENT_3D('',#5100,#4006,#4007);
#3278=AXIS2_PLACEMENT_3D('',#5103,#4009,#4010);
#3279=AXIS2_PLACEMENT_3D('',#5104,#4011,#4012);
#3280=AXIS2_PLACEMENT_3D('',#5105,#4013,#4014);
#3281=AXIS2_PLACEMENT_3D('',#5109,#4016,#4017);
#3282=AXIS2_PLACEMENT_3D('',#5111,#4018,#4019);
#3283=AXIS2_PLACEMENT_3D('',#5113,#4020,#4021);
#3284=AXIS2_PLACEMENT_3D('',#5114,#4022,#4023);
#3285=AXIS2_PLACEMENT_3D('',#5115,#4024,#4025);
#3286=AXIS2_PLACEMENT_3D('',#5133,#4026,#4027);
#3287=AXIS2_PLACEMENT_3D('',#5136,#4029,#4030);
#3288=AXIS2_PLACEMENT_3D('',#5138,#4031,#4032);
#3289=AXIS2_PLACEMENT_3D('',#5155,#4033,#4034);
#3290=AXIS2_PLACEMENT_3D('',#5171,#4035,#4036);
#3291=AXIS2_PLACEMENT_3D('',#5172,#4037,#4038);
#3292=AXIS2_PLACEMENT_3D('',#5174,#4039,#4040);
#3293=AXIS2_PLACEMENT_3D('',#5177,#4042,#4043);
#3294=AXIS2_PLACEMENT_3D('',#5178,#4044,#4045);
#3295=AXIS2_PLACEMENT_3D('',#5179,#4046,#4047);
#3296=AXIS2_PLACEMENT_3D('',#5181,#4048,#4049);
#3297=AXIS2_PLACEMENT_3D('',#5184,#4051,#4052);
#3298=AXIS2_PLACEMENT_3D('',#5185,#4053,#4054);
#3299=AXIS2_PLACEMENT_3D('',#5186,#4055,#4056);
#3300=AXIS2_PLACEMENT_3D('',#5190,#4058,#4059);
#3301=AXIS2_PLACEMENT_3D('',#5192,#4060,#4061);
#3302=AXIS2_PLACEMENT_3D('',#5194,#4062,#4063);
#3303=AXIS2_PLACEMENT_3D('',#5195,#4064,#4065);
#3304=AXIS2_PLACEMENT_3D('',#5196,#4066,#4067);
#3305=AXIS2_PLACEMENT_3D('',#5197,#4068,#4069);
#3306=AXIS2_PLACEMENT_3D('',#5198,#4070,#4071);
#3307=AXIS2_PLACEMENT_3D('',#5199,#4072,#4073);
#3308=AXIS2_PLACEMENT_3D('',#5200,#4074,#4075);
#3309=AXIS2_PLACEMENT_3D('',#5201,#4076,#4077);
#3310=AXIS2_PLACEMENT_3D('',#5202,#4078,#4079);
#3311=AXIS2_PLACEMENT_3D('',#5203,#4080,#4081);
#3312=AXIS2_PLACEMENT_3D('',#5204,#4082,#4083);
#3313=AXIS2_PLACEMENT_3D('',#5205,#4084,#4085);
#3314=AXIS2_PLACEMENT_3D('',#5206,#4086,#4087);
#3315=AXIS2_PLACEMENT_3D('',#5207,#4088,#4089);
#3316=AXIS2_PLACEMENT_3D('',#5208,#4090,#4091);
#3317=AXIS2_PLACEMENT_3D('',#5214,#4095,#4096);
#3318=AXIS2_PLACEMENT_3D('',#5220,#4100,#4101);
#3319=AXIS2_PLACEMENT_3D('',#5226,#4105,#4106);
#3320=AXIS2_PLACEMENT_3D('',#5232,#4110,#4111);
#3321=AXIS2_PLACEMENT_3D('',#5238,#4115,#4116);
#3322=AXIS2_PLACEMENT_3D('',#5244,#4120,#4121);
#3323=AXIS2_PLACEMENT_3D('',#5245,#4122,#4123);
#3324=AXIS2_PLACEMENT_3D('',#5247,#4125,#4126);
#3325=AXIS2_PLACEMENT_3D('',#5249,#4128,#4129);
#3326=AXIS2_PLACEMENT_3D('',#5251,#4131,#4132);
#3327=AXIS2_PLACEMENT_3D('',#5254,#4134,#4135);
#3328=AXIS2_PLACEMENT_3D('',#5255,#4136,#4137);
#3329=AXIS2_PLACEMENT_3D('',#5257,#4138,#4139);
#3330=AXIS2_PLACEMENT_3D('',#5258,#4140,#4141);
#3331=AXIS2_PLACEMENT_3D('',#5260,#4142,#4143);
#3332=AXIS2_PLACEMENT_3D('',#5261,#4144,#4145);
#3333=AXIS2_PLACEMENT_3D('',#5263,#4146,#4147);
#3334=AXIS2_PLACEMENT_3D('',#5264,#4148,#4149);
#3335=AXIS2_PLACEMENT_3D('',#5265,#4150,#4151);
#3336=AXIS2_PLACEMENT_3D('',#5266,#4152,#4153);
#3337=AXIS2_PLACEMENT_3D('',#5268,#4154,#4155);
#3338=AXIS2_PLACEMENT_3D('',#5271,#4157,#4158);
#3339=AXIS2_PLACEMENT_3D('',#5273,#4159,#4160);
#3340=AXIS2_PLACEMENT_3D('',#5275,#4161,#4162);
#3341=AXIS2_PLACEMENT_3D('',#5278,#4164,#4165);
#3342=AXIS2_PLACEMENT_3D('',#5280,#4166,#4167);
#3343=AXIS2_PLACEMENT_3D('',#5281,#4168,#4169);
#3344=AXIS2_PLACEMENT_3D('',#5285,#4172,#4173);
#3345=AXIS2_PLACEMENT_3D('',#5289,#4176,#4177);
#3346=AXIS2_PLACEMENT_3D('',#5291,#4179,#4180);
#3347=AXIS2_PLACEMENT_3D('',#5293,#4182,#4183);
#3348=AXIS2_PLACEMENT_3D('',#5294,#4184,#4185);
#3349=AXIS2_PLACEMENT_3D('',#5295,#4186,#4187);
#3350=AXIS2_PLACEMENT_3D('',#5297,#4188,#4189);
#3351=AXIS2_PLACEMENT_3D('',#5299,#4191,#4192);
#3352=AXIS2_PLACEMENT_3D('',#5300,#4193,#4194);
#3353=AXIS2_PLACEMENT_3D('',#5302,#4195,#4196);
#3354=AXIS2_PLACEMENT_3D('',#5304,#4198,#4199);
#3355=AXIS2_PLACEMENT_3D('',#5305,#4200,#4201);
#3356=AXIS2_PLACEMENT_3D('',#5307,#4202,#4203);
#3357=AXIS2_PLACEMENT_3D('',#5310,#4205,#4206);
#3358=AXIS2_PLACEMENT_3D('',#5311,#4207,#4208);
#3359=AXIS2_PLACEMENT_3D('',#5312,#4209,#4210);
#3360=AXIS2_PLACEMENT_3D('',#5314,#4212,#4213);
#3361=AXIS2_PLACEMENT_3D('',#5316,#4215,#4216);
#3362=AXIS2_PLACEMENT_3D('',#5318,#4218,#4219);
#3363=AXIS2_PLACEMENT_3D('',#5319,#4220,#4221);
#3364=AXIS2_PLACEMENT_3D('',#5320,#4222,#4223);
#3365=AXIS2_PLACEMENT_3D('',#5323,#4225,#4226);
#3366=AXIS2_PLACEMENT_3D('',#5324,#4227,#4228);
#3367=AXIS2_PLACEMENT_3D('',#5325,#4229,#4230);
#3368=AXIS2_PLACEMENT_3D('',#5326,#4231,#4232);
#3369=AXIS2_PLACEMENT_3D('',#5329,#4234,#4235);
#3370=AXIS2_PLACEMENT_3D('',#5330,#4236,#4237);
#3371=AXIS2_PLACEMENT_3D('',#5331,#4238,#4239);
#3372=AXIS2_PLACEMENT_3D('',#5332,#4240,#4241);
#3373=AXIS2_PLACEMENT_3D('',#5335,#4243,#4244);
#3374=AXIS2_PLACEMENT_3D('',#5336,#4245,#4246);
#3375=AXIS2_PLACEMENT_3D('',#5337,#4247,#4248);
#3376=AXIS2_PLACEMENT_3D('',#5338,#4249,#4250);
#3377=AXIS2_PLACEMENT_3D('',#5341,#4252,#4253);
#3378=AXIS2_PLACEMENT_3D('',#5342,#4254,#4255);
#3379=AXIS2_PLACEMENT_3D('',#5343,#4256,#4257);
#3380=AXIS2_PLACEMENT_3D('',#5344,#4258,#4259);
#3381=AXIS2_PLACEMENT_3D('',#5346,#4260,#4261);
#3382=AXIS2_PLACEMENT_3D('',#5348,#4263,#4264);
#3383=AXIS2_PLACEMENT_3D('',#5349,#4265,#4266);
#3384=AXIS2_PLACEMENT_3D('',#5351,#4267,#4268);
#3385=AXIS2_PLACEMENT_3D('',#5353,#4270,#4271);
#3386=AXIS2_PLACEMENT_3D('',#5354,#4272,#4273);
#3387=AXIS2_PLACEMENT_3D('',#5356,#4274,#4275);
#3388=AXIS2_PLACEMENT_3D('',#5359,#4277,#4278);
#3389=AXIS2_PLACEMENT_3D('',#5360,#4279,#4280);
#3390=AXIS2_PLACEMENT_3D('',#5361,#4281,#4282);
#3391=AXIS2_PLACEMENT_3D('',#5363,#4284,#4285);
#3392=AXIS2_PLACEMENT_3D('',#5364,#4286,#4287);
#3393=AXIS2_PLACEMENT_3D('',#5365,#4288,#4289);
#3394=AXIS2_PLACEMENT_3D('',#5367,#4290,#4291);
#3395=AXIS2_PLACEMENT_3D('',#5369,#4293,#4294);
#3396=AXIS2_PLACEMENT_3D('',#5370,#4295,#4296);
#3397=AXIS2_PLACEMENT_3D('',#5372,#4297,#4298);
#3398=AXIS2_PLACEMENT_3D('',#5374,#4300,#4301);
#3399=AXIS2_PLACEMENT_3D('',#5375,#4302,#4303);
#3400=AXIS2_PLACEMENT_3D('',#5377,#4304,#4305);
#3401=AXIS2_PLACEMENT_3D('',#5380,#4307,#4308);
#3402=AXIS2_PLACEMENT_3D('',#5381,#4309,#4310);
#3403=AXIS2_PLACEMENT_3D('',#5382,#4311,#4312);
#3404=AXIS2_PLACEMENT_3D('',#5384,#4314,#4315);
#3405=AXIS2_PLACEMENT_3D('',#5385,#4316,#4317);
#3406=AXIS2_PLACEMENT_3D('',#5386,#4318,#4319);
#3407=AXIS2_PLACEMENT_3D('',#5388,#4320,#4321);
#3408=AXIS2_PLACEMENT_3D('',#5390,#4323,#4324);
#3409=AXIS2_PLACEMENT_3D('',#5391,#4325,#4326);
#3410=AXIS2_PLACEMENT_3D('',#5393,#4327,#4328);
#3411=AXIS2_PLACEMENT_3D('',#5394,#4329,#4330);
#3412=AXIS2_PLACEMENT_3D('',#5396,#4331,#4332);
#3413=AXIS2_PLACEMENT_3D('',#5397,#4333,#4334);
#3414=AXIS2_PLACEMENT_3D('',#5398,#4335,#4336);
#3415=AXIS2_PLACEMENT_3D('',#5400,#4338,#4339);
#3416=AXIS2_PLACEMENT_3D('',#5403,#4341,#4342);
#3417=AXIS2_PLACEMENT_3D('',#5404,#4343,#4344);
#3418=DIRECTION('axis',(0.,0.,1.));
#3419=DIRECTION('refdir',(1.,0.,0.));
#3420=DIRECTION('center_axis',(-1.,-1.54956628401697E-13,0.));
#3421=DIRECTION('ref_axis',(-1.54956628401697E-13,1.,0.));
#3422=DIRECTION('',(-1.54956628401697E-13,1.,0.));
#3423=DIRECTION('',(0.,0.,-1.));
#3424=DIRECTION('',(1.54956628401697E-13,-1.,0.));
#3425=DIRECTION('',(0.,0.,-1.));
#3426=DIRECTION('center_axis',(1.,1.40875228759753E-13,0.));
#3427=DIRECTION('ref_axis',(1.40875228759753E-13,-1.,0.));
#3428=DIRECTION('',(1.40875228759753E-13,-1.,0.));
#3429=DIRECTION('',(0.,0.,-1.));
#3430=DIRECTION('',(-1.40875228759753E-13,1.,0.));
#3431=DIRECTION('',(0.,0.,-1.));
#3432=DIRECTION('center_axis',(-6.02868109731776E-15,1.,0.));
#3433=DIRECTION('ref_axis',(1.,6.02868109731776E-15,0.));
#3434=DIRECTION('',(1.,6.02868109731776E-15,0.));
#3435=DIRECTION('',(-1.,-6.02868109731776E-15,0.));
#3436=DIRECTION('center_axis',(-1.,-1.61997328222722E-13,0.));
#3437=DIRECTION('ref_axis',(-1.61997328222722E-13,1.,0.));
#3438=DIRECTION('',(-1.61997328222722E-13,1.,0.));
#3439=DIRECTION('',(0.,0.,-1.));
#3440=DIRECTION('',(1.61997328222722E-13,-1.,0.));
#3441=DIRECTION('',(0.,0.,-1.));
#3442=DIRECTION('center_axis',(6.16343852269953E-16,-1.,0.));
#3443=DIRECTION('ref_axis',(-1.,-6.16343852269953E-16,0.));
#3444=DIRECTION('',(-1.,-6.16343852269953E-16,0.));
#3445=DIRECTION('',(0.,0.,-1.));
#3446=DIRECTION('',(1.,6.16343852269953E-16,0.));
#3447=DIRECTION('center_axis',(1.,1.40875228759753E-13,0.));
#3448=DIRECTION('ref_axis',(1.40875228759753E-13,-1.,0.));
#3449=DIRECTION('',(1.40875228759753E-13,-1.,0.));
#3450=DIRECTION('',(0.,0.,-1.));
#3451=DIRECTION('',(-1.40875228759753E-13,1.,0.));
#3452=DIRECTION('center_axis',(1.,1.55079093081611E-13,0.));
#3453=DIRECTION('ref_axis',(1.55079093081611E-13,-1.,0.));
#3454=DIRECTION('',(1.55079093081611E-13,-1.,0.));
#3455=DIRECTION('',(0.,0.,-1.));
#3456=DIRECTION('',(-1.55079093081611E-13,1.,0.));
#3457=DIRECTION('',(0.,0.,-1.));
#3458=DIRECTION('center_axis',(-1.,-1.40997693439668E-13,0.));
#3459=DIRECTION('ref_axis',(-1.40997693439668E-13,1.,0.));
#3460=DIRECTION('',(-1.40997693439668E-13,1.,0.));
#3461=DIRECTION('',(0.,0.,-1.));
#3462=DIRECTION('',(1.40997693439668E-13,-1.,0.));
#3463=DIRECTION('',(0.,0.,-1.));
#3464=DIRECTION('center_axis',(6.1511457772325E-15,-1.,0.));
#3465=DIRECTION('ref_axis',(-1.,-6.1511457772325E-15,0.));
#3466=DIRECTION('',(-1.,-6.1511457772325E-15,0.));
#3467=DIRECTION('',(1.,6.1511457772325E-15,0.));
#3468=DIRECTION('center_axis',(1.,1.62119792902637E-13,0.));
#3469=DIRECTION('ref_axis',(1.62119792902637E-13,-1.,0.));
#3470=DIRECTION('',(1.62119792902637E-13,-1.,0.));
#3471=DIRECTION('',(0.,0.,-1.));
#3472=DIRECTION('',(-1.62119792902637E-13,1.,0.));
#3473=DIRECTION('',(0.,0.,-1.));
#3474=DIRECTION('center_axis',(-7.38808532184688E-16,1.,0.));
#3475=DIRECTION('ref_axis',(1.,7.38808532184688E-16,0.));
#3476=DIRECTION('',(1.,7.38808532184688E-16,0.));
#3477=DIRECTION('',(0.,0.,-1.));
#3478=DIRECTION('',(-1.,-7.38808532184688E-16,0.));
#3479=DIRECTION('center_axis',(-1.,-1.40997693439668E-13,0.));
#3480=DIRECTION('ref_axis',(-1.40997693439668E-13,1.,0.));
#3481=DIRECTION('',(-1.40997693439668E-13,1.,0.));
#3482=DIRECTION('',(0.,0.,-1.));
#3483=DIRECTION('',(1.40997693439668E-13,-1.,0.));
#3484=DIRECTION('center_axis',(-1.6205856056268E-13,1.,0.));
#3485=DIRECTION('ref_axis',(1.,1.6205856056268E-13,0.));
#3486=DIRECTION('',(1.,1.6205856056268E-13,0.));
#3487=DIRECTION('',(0.,0.,-1.));
#3488=DIRECTION('',(-1.,-1.6205856056268E-13,0.));
#3489=DIRECTION('',(0.,0.,-1.));
#3490=DIRECTION('center_axis',(-1.,-6.77576192227321E-16,0.));
#3491=DIRECTION('ref_axis',(-6.77576192227321E-16,1.,0.));
#3492=DIRECTION('',(-6.77576192227321E-16,1.,0.));
#3493=DIRECTION('',(0.,0.,-1.));
#3494=DIRECTION('',(6.77576192227321E-16,-1.,0.));
#3495=DIRECTION('center_axis',(1.4093646109971E-13,-1.,0.));
#3496=DIRECTION('ref_axis',(-1.,-1.4093646109971E-13,0.));
#3497=DIRECTION('',(-1.,-1.4093646109971E-13,0.));
#3498=DIRECTION('',(0.,0.,-1.));
#3499=DIRECTION('',(1.,1.4093646109971E-13,0.));
#3500=DIRECTION('center_axis',(-1.55017860741654E-13,1.,0.));
#3501=DIRECTION('ref_axis',(1.,1.55017860741654E-13,0.));
#3502=DIRECTION('',(1.,1.55017860741654E-13,0.));
#3503=DIRECTION('',(0.,0.,-1.));
#3504=DIRECTION('',(-1.,-1.55017860741654E-13,0.));
#3505=DIRECTION('',(0.,0.,-1.));
#3506=DIRECTION('center_axis',(1.4093646109971E-13,-1.,0.));
#3507=DIRECTION('ref_axis',(-1.,-1.4093646109971E-13,0.));
#3508=DIRECTION('',(-1.,-1.4093646109971E-13,0.));
#3509=DIRECTION('',(0.,0.,-1.));
#3510=DIRECTION('',(1.,1.4093646109971E-13,0.));
#3511=DIRECTION('',(0.,0.,-1.));
#3512=DIRECTION('center_axis',(1.,6.08991343727513E-15,0.));
#3513=DIRECTION('ref_axis',(6.08991343727513E-15,-1.,0.));
#3514=DIRECTION('',(6.08991343727513E-15,-1.,0.));
#3515=DIRECTION('',(-6.08991343727513E-15,1.,0.));
#3516=DIRECTION('center_axis',(0.,0.,1.));
#3517=DIRECTION('ref_axis',(1.,1.22464679914735E-16,0.));
#3518=DIRECTION('center_axis',(0.,0.,-1.));
#3519=DIRECTION('ref_axis',(1.,1.22464679914735E-16,0.));
#3520=DIRECTION('center_axis',(0.,0.,-1.));
#3521=DIRECTION('ref_axis',(1.,1.22464679914735E-16,0.));
#3522=DIRECTION('center_axis',(0.,0.,-1.));
#3523=DIRECTION('ref_axis',(1.,1.22464679914735E-16,0.));
#3524=DIRECTION('center_axis',(0.,0.,-1.));
#3525=DIRECTION('ref_axis',(1.,1.22464679914735E-16,0.));
#3526=DIRECTION('',(0.,0.,-1.));
#3527=DIRECTION('center_axis',(0.,0.,1.));
#3528=DIRECTION('ref_axis',(1.,1.22464679914735E-16,0.));
#3529=DIRECTION('center_axis',(0.,0.,1.));
#3530=DIRECTION('ref_axis',(1.,1.22464679914735E-16,0.));
#3531=DIRECTION('center_axis',(0.,0.,1.));
#3532=DIRECTION('ref_axis',(1.,1.22464679914735E-16,0.));
#3533=DIRECTION('center_axis',(0.,0.,-1.));
#3534=DIRECTION('ref_axis',(1.,1.22464679914735E-16,0.));
#3535=DIRECTION('center_axis',(0.,0.,-1.));
#3536=DIRECTION('ref_axis',(1.,1.22464679914735E-16,0.));
#3537=DIRECTION('',(0.,0.,-1.));
#3538=DIRECTION('center_axis',(0.,0.,-1.));
#3539=DIRECTION('ref_axis',(1.,1.22464679914735E-16,0.));
#3540=DIRECTION('center_axis',(0.,0.,1.));
#3541=DIRECTION('ref_axis',(-6.12323399573677E-17,1.,0.));
#3542=DIRECTION('center_axis',(0.,0.,-1.));
#3543=DIRECTION('ref_axis',(1.,1.22464679914735E-16,0.));
#3544=DIRECTION('center_axis',(0.,0.,1.));
#3545=DIRECTION('ref_axis',(-6.12323399573677E-17,1.,0.));
#3546=DIRECTION('center_axis',(0.,0.,-1.));
#3547=DIRECTION('ref_axis',(1.,1.22464679914735E-16,0.));
#3548=DIRECTION('center_axis',(0.,0.,1.));
#3549=DIRECTION('ref_axis',(1.,1.22464679914735E-16,0.));
#3550=DIRECTION('center_axis',(0.,0.,-1.));
#3551=DIRECTION('ref_axis',(1.,1.22464679914735E-16,0.));
#3552=DIRECTION('center_axis',(0.,0.,-1.));
#3553=DIRECTION('ref_axis',(1.,1.22464679914735E-16,0.));
#3554=DIRECTION('',(0.,0.,-1.));
#3555=DIRECTION('center_axis',(0.,0.,-1.));
#3556=DIRECTION('ref_axis',(1.,1.22464679914735E-16,0.));
#3557=DIRECTION('center_axis',(0.,0.,1.));
#3558=DIRECTION('ref_axis',(1.83697019872103E-16,-1.,0.));
#3559=DIRECTION('center_axis',(0.,0.,-1.));
#3560=DIRECTION('ref_axis',(1.,1.22464679914735E-16,0.));
#3561=DIRECTION('center_axis',(0.,0.,1.));
#3562=DIRECTION('ref_axis',(1.83697019872103E-16,-1.,0.));
#3563=DIRECTION('center_axis',(0.,0.,-1.));
#3564=DIRECTION('ref_axis',(1.,1.22464679914735E-16,0.));
#3565=DIRECTION('center_axis',(0.,0.,1.));
#3566=DIRECTION('ref_axis',(1.,1.22464679914735E-16,0.));
#3567=DIRECTION('center_axis',(-1.,-2.69497522590692E-16,0.));
#3568=DIRECTION('ref_axis',(2.69497522590692E-16,-1.,0.));
#3569=DIRECTION('',(-2.69497522590692E-16,1.,0.));
#3570=DIRECTION('',(0.,0.,-1.));
#3571=DIRECTION('',(2.69497522590692E-16,-1.,0.));
#3572=DIRECTION('',(0.,0.,1.));
#3573=DIRECTION('center_axis',(0.,0.,1.));
#3574=DIRECTION('ref_axis',(1.,1.22464679914735E-16,0.));
#3575=DIRECTION('center_axis',(0.,0.,1.));
#3576=DIRECTION('ref_axis',(1.,1.22464679914735E-16,0.));
#3577=DIRECTION('center_axis',(0.,0.,1.));
#3578=DIRECTION('ref_axis',(1.,1.22464679914735E-16,0.));
#3579=DIRECTION('',(0.,0.,1.));
#3580=DIRECTION('center_axis',(1.,3.02171487630847E-16,0.));
#3581=DIRECTION('ref_axis',(-3.02171487630847E-16,1.,0.));
#3582=DIRECTION('',(-3.02171487630847E-16,1.,0.));
#3583=DIRECTION('',(-3.02171487630847E-16,1.,0.));
#3584=DIRECTION('',(0.,0.,1.));
#3585=DIRECTION('center_axis',(-0.707106781181138,0.707106781191957,0.));
#3586=DIRECTION('ref_axis',(-0.707106781191957,-0.707106781181138,0.));
#3587=DIRECTION('',(-0.707106781191957,-0.707106781181138,0.));
#3588=DIRECTION('',(0.,0.,-1.));
#3589=DIRECTION('',(-0.707106781191957,-0.707106781181138,0.));
#3590=DIRECTION('center_axis',(1.,1.55138644953837E-16,0.));
#3591=DIRECTION('ref_axis',(-1.55138644953837E-16,1.,0.));
#3592=DIRECTION('',(1.55138644953837E-16,-1.,0.));
#3593=DIRECTION('',(0.,0.,-1.));
#3594=DIRECTION('',(-1.55138644953837E-16,1.,0.));
#3595=DIRECTION('',(0.,0.,1.));
#3596=DIRECTION('center_axis',(0.,0.,1.));
#3597=DIRECTION('ref_axis',(-1.,-1.22464679914735E-16,0.));
#3598=DIRECTION('center_axis',(0.,0.,1.));
#3599=DIRECTION('ref_axis',(-1.,-1.22464679914735E-16,0.));
#3600=DIRECTION('center_axis',(0.,0.,1.));
#3601=DIRECTION('ref_axis',(-1.,-1.22464679914735E-16,0.));
#3602=DIRECTION('',(0.,0.,1.));
#3603=DIRECTION('center_axis',(-1.,-1.87812609993321E-16,0.));
#3604=DIRECTION('ref_axis',(1.87812609993321E-16,-1.,0.));
#3605=DIRECTION('',(1.87812609993321E-16,-1.,0.));
#3606=DIRECTION('',(1.87812609993321E-16,-1.,0.));
#3607=DIRECTION('',(0.,0.,1.));
#3608=DIRECTION('center_axis',(-0.707106781191957,-0.707106781181138,0.));
#3609=DIRECTION('ref_axis',(0.707106781181138,-0.707106781191957,0.));
#3610=DIRECTION('',(0.707106781181138,-0.707106781191957,0.));
#3611=DIRECTION('',(0.,0.,1.));
#3612=DIRECTION('',(0.707106781181138,-0.707106781191957,0.));
#3613=DIRECTION('center_axis',(-3.83856400227547E-16,1.,0.));
#3614=DIRECTION('ref_axis',(-1.,-3.83856400227547E-16,0.));
#3615=DIRECTION('',(1.,3.83856400227547E-16,0.));
#3616=DIRECTION('',(0.,0.,-1.));
#3617=DIRECTION('',(-1.,-3.83856400227547E-16,0.));
#3618=DIRECTION('',(0.,0.,1.));
#3619=DIRECTION('center_axis',(0.,0.,1.));
#3620=DIRECTION('ref_axis',(1.22464679914735E-16,-1.,0.));
#3621=DIRECTION('center_axis',(0.,0.,1.));
#3622=DIRECTION('ref_axis',(1.22464679914735E-16,-1.,0.));
#3623=DIRECTION('center_axis',(0.,0.,1.));
#3624=DIRECTION('ref_axis',(1.22464679914735E-16,-1.,0.));
#3625=DIRECTION('',(0.,0.,1.));
#3626=DIRECTION('center_axis',(4.16530365268372E-16,-1.,0.));
#3627=DIRECTION('ref_axis',(1.,4.16530365268372E-16,0.));
#3628=DIRECTION('',(1.,4.16530365268372E-16,0.));
#3629=DIRECTION('',(1.,4.16530365268372E-16,0.));
#3630=DIRECTION('',(0.,0.,1.));
#3631=DIRECTION('center_axis',(0.707106781191957,0.707106781181138,0.));
#3632=DIRECTION('ref_axis',(-0.707106781181138,0.707106781191957,0.));
#3633=DIRECTION('',(-0.707106781181138,0.707106781191957,0.));
#3634=DIRECTION('',(0.,0.,-1.));
#3635=DIRECTION('',(-0.707106781181138,0.707106781191957,0.));
#3636=DIRECTION('center_axis',(-7.35791103198731E-17,-1.,0.));
#3637=DIRECTION('ref_axis',(1.,-7.35791103198731E-17,0.));
#3638=DIRECTION('',(-1.,7.35791103198731E-17,0.));
#3639=DIRECTION('',(0.,0.,-1.));
#3640=DIRECTION('',(1.,-7.35791103198731E-17,0.));
#3641=DIRECTION('',(0.,0.,1.));
#3642=DIRECTION('center_axis',(0.,0.,1.));
#3643=DIRECTION('ref_axis',(-1.22464679914735E-16,1.,0.));
#3644=DIRECTION('center_axis',(0.,0.,1.));
#3645=DIRECTION('ref_axis',(-1.22464679914735E-16,1.,0.));
#3646=DIRECTION('center_axis',(0.,0.,1.));
#3647=DIRECTION('ref_axis',(-1.22464679914735E-16,1.,0.));
#3648=DIRECTION('',(0.,0.,1.));
#3649=DIRECTION('center_axis',(4.09051452817295E-17,1.,0.));
#3650=DIRECTION('ref_axis',(-1.,4.09051452817295E-17,0.));
#3651=DIRECTION('',(-1.,4.09051452817295E-17,0.));
#3652=DIRECTION('',(-1.,4.09051452817295E-17,0.));
#3653=DIRECTION('',(0.,0.,1.));
#3654=DIRECTION('center_axis',(-0.707106781191957,-0.707106781181138,0.));
#3655=DIRECTION('ref_axis',(0.707106781181138,-0.707106781191957,0.));
#3656=DIRECTION('',(0.707106781181138,-0.707106781191957,0.));
#3657=DIRECTION('',(0.,0.,-1.));
#3658=DIRECTION('',(0.707106781181138,-0.707106781191957,0.));
#3659=DIRECTION('center_axis',(0.,0.,1.));
#3660=DIRECTION('ref_axis',(1.,1.22464679914735E-16,0.));
#3661=DIRECTION('center_axis',(0.,0.,1.));
#3662=DIRECTION('ref_axis',(1.,1.22464679914735E-16,0.));
#3663=DIRECTION('',(0.,0.,1.));
#3664=DIRECTION('center_axis',(0.,0.,-1.));
#3665=DIRECTION('ref_axis',(1.,1.22464679914735E-16,0.));
#3666=DIRECTION('center_axis',(0.,0.,1.));
#3667=DIRECTION('ref_axis',(-5.88615416290952E-12,-1.,0.));
#3668=DIRECTION('center_axis',(0.,0.,-1.));
#3669=DIRECTION('ref_axis',(-5.88615416290952E-12,-1.,0.));
#3670=DIRECTION('',(0.,0.,1.));
#3671=DIRECTION('center_axis',(0.,0.,1.));
#3672=DIRECTION('ref_axis',(-5.88615416290952E-12,-1.,0.));
#3673=DIRECTION('',(0.,0.,-1.));
#3674=DIRECTION('center_axis',(0.707106781188783,0.707106781184312,0.));
#3675=DIRECTION('ref_axis',(-0.707106781184312,0.707106781188783,0.));
#3676=DIRECTION('',(-0.707106781184312,0.707106781188783,0.));
#3677=DIRECTION('',(0.,0.,-1.));
#3678=DIRECTION('',(-0.707106781184312,0.707106781188783,0.));
#3679=DIRECTION('center_axis',(0.,0.,-1.));
#3680=DIRECTION('ref_axis',(1.,-5.8861541629416E-12,0.));
#3681=DIRECTION('center_axis',(0.,0.,1.));
#3682=DIRECTION('ref_axis',(1.,-5.8861541629416E-12,0.));
#3683=DIRECTION('',(0.,0.,-1.));
#3684=DIRECTION('center_axis',(0.,0.,-1.));
#3685=DIRECTION('ref_axis',(1.,-5.8861541629416E-12,0.));
#3686=DIRECTION('',(0.,0.,1.));
#3687=DIRECTION('center_axis',(-0.707106781188783,-0.707106781184312,0.));
#3688=DIRECTION('ref_axis',(0.707106781184312,-0.707106781188783,0.));
#3689=DIRECTION('',(0.707106781184312,-0.707106781188783,0.));
#3690=DIRECTION('',(0.,0.,1.));
#3691=DIRECTION('',(0.707106781184312,-0.707106781188783,0.));
#3692=DIRECTION('center_axis',(0.,0.,-1.));
#3693=DIRECTION('ref_axis',(-1.,3.82462276468838E-12,0.));
#3694=DIRECTION('center_axis',(0.,0.,1.));
#3695=DIRECTION('ref_axis',(-1.,3.82462276468838E-12,0.));
#3696=DIRECTION('',(0.,0.,-1.));
#3697=DIRECTION('center_axis',(0.,0.,-1.));
#3698=DIRECTION('ref_axis',(-1.,3.82462276468838E-12,0.));
#3699=DIRECTION('',(0.,0.,1.));
#3700=DIRECTION('center_axis',(0.707106781186547,0.707106781186548,0.));
#3701=DIRECTION('ref_axis',(-0.707106781186548,0.707106781186547,0.));
#3702=DIRECTION('',(-0.707106781186548,0.707106781186547,0.));
#3703=DIRECTION('',(0.,0.,1.));
#3704=DIRECTION('',(-0.707106781186548,0.707106781186547,0.));
#3705=DIRECTION('center_axis',(0.,0.,1.));
#3706=DIRECTION('ref_axis',(3.82462276465913E-12,1.,0.));
#3707=DIRECTION('center_axis',(0.,0.,-1.));
#3708=DIRECTION('ref_axis',(3.82462276465913E-12,1.,0.));
#3709=DIRECTION('',(0.,0.,1.));
#3710=DIRECTION('center_axis',(0.,0.,1.));
#3711=DIRECTION('ref_axis',(3.82462276465913E-12,1.,0.));
#3712=DIRECTION('',(0.,0.,-1.));
#3713=DIRECTION('center_axis',(-0.707106781186547,-0.707106781186548,0.));
#3714=DIRECTION('ref_axis',(0.707106781186548,-0.707106781186547,0.));
#3715=DIRECTION('',(0.707106781186548,-0.707106781186547,0.));
#3716=DIRECTION('',(0.,0.,-1.));
#3717=DIRECTION('',(0.707106781186548,-0.707106781186547,0.));
#3718=DIRECTION('center_axis',(0.,0.,1.));
#3719=DIRECTION('ref_axis',(-1.,5.88615416290952E-12,0.));
#3720=DIRECTION('center_axis',(0.,0.,-1.));
#3721=DIRECTION('ref_axis',(-1.,5.88615416290952E-12,0.));
#3722=DIRECTION('',(0.,0.,1.));
#3723=DIRECTION('center_axis',(0.,0.,1.));
#3724=DIRECTION('ref_axis',(-1.,5.88615416290952E-12,0.));
#3725=DIRECTION('',(0.,0.,-1.));
#3726=DIRECTION('center_axis',(0.707106781184312,-0.707106781188783,0.));
#3727=DIRECTION('ref_axis',(0.707106781188783,0.707106781184312,0.));
#3728=DIRECTION('',(0.707106781188783,0.707106781184312,0.));
#3729=DIRECTION('',(0.,0.,-1.));
#3730=DIRECTION('',(0.707106781188783,0.707106781184312,0.));
#3731=DIRECTION('center_axis',(0.,0.,-1.));
#3732=DIRECTION('ref_axis',(-5.88615416294159E-12,-1.,0.));
#3733=DIRECTION('center_axis',(0.,0.,1.));
#3734=DIRECTION('ref_axis',(-5.88615416294159E-12,-1.,0.));
#3735=DIRECTION('',(0.,0.,-1.));
#3736=DIRECTION('center_axis',(0.,0.,-1.));
#3737=DIRECTION('ref_axis',(-5.88615416294159E-12,-1.,0.));
#3738=DIRECTION('',(0.,0.,1.));
#3739=DIRECTION('center_axis',(-0.707106781184312,0.707106781188783,0.));
#3740=DIRECTION('ref_axis',(-0.707106781188783,-0.707106781184312,0.));
#3741=DIRECTION('',(-0.707106781188783,-0.707106781184312,0.));
#3742=DIRECTION('',(0.,0.,1.));
#3743=DIRECTION('',(-0.707106781188783,-0.707106781184312,0.));
#3744=DIRECTION('center_axis',(0.,0.,-1.));
#3745=DIRECTION('ref_axis',(3.82540781091774E-12,1.,0.));
#3746=DIRECTION('center_axis',(0.,0.,1.));
#3747=DIRECTION('ref_axis',(3.82540781091774E-12,1.,0.));
#3748=DIRECTION('',(0.,0.,-1.));
#3749=DIRECTION('center_axis',(0.,0.,-1.));
#3750=DIRECTION('ref_axis',(3.82540781091774E-12,1.,0.));
#3751=DIRECTION('center_axis',(0.707106781186548,-0.707106781186548,0.));
#3752=DIRECTION('ref_axis',(0.707106781186548,0.707106781186548,0.));
#3753=DIRECTION('',(0.707106781186548,0.707106781186548,0.));
#3754=DIRECTION('',(0.,0.,1.));
#3755=DIRECTION('',(0.707106781186548,0.707106781186548,0.));
#3756=DIRECTION('center_axis',(0.,0.,1.));
#3757=DIRECTION('ref_axis',(1.,-3.82540781088847E-12,0.));
#3758=DIRECTION('center_axis',(0.,0.,-1.));
#3759=DIRECTION('ref_axis',(1.,-3.82540781088847E-12,0.));
#3760=DIRECTION('',(0.,0.,1.));
#3761=DIRECTION('center_axis',(0.,0.,1.));
#3762=DIRECTION('ref_axis',(1.,-3.82540781088847E-12,0.));
#3763=DIRECTION('center_axis',(-0.707106781186548,0.707106781186548,0.));
#3764=DIRECTION('ref_axis',(-0.707106781186548,-0.707106781186548,0.));
#3765=DIRECTION('',(-0.707106781186548,-0.707106781186548,0.));
#3766=DIRECTION('',(0.,0.,-1.));
#3767=DIRECTION('',(-0.707106781186548,-0.707106781186548,0.));
#3768=DIRECTION('center_axis',(0.,0.,1.));
#3769=DIRECTION('ref_axis',(3.73277235583862E-12,1.,0.));
#3770=DIRECTION('center_axis',(0.,0.,-1.));
#3771=DIRECTION('ref_axis',(3.73277235583862E-12,1.,0.));
#3772=DIRECTION('',(0.,0.,1.));
#3773=DIRECTION('center_axis',(0.,0.,1.));
#3774=DIRECTION('ref_axis',(3.73277235583862E-12,1.,0.));
#3775=DIRECTION('',(0.,0.,-1.));
#3776=DIRECTION('center_axis',(-0.707106781188783,-0.707106781184312,0.));
#3777=DIRECTION('ref_axis',(0.707106781184312,-0.707106781188783,0.));
#3778=DIRECTION('',(0.707106781184312,-0.707106781188783,0.));
#3779=DIRECTION('',(0.,0.,-1.));
#3780=DIRECTION('',(0.707106781184312,-0.707106781188783,0.));
#3781=DIRECTION('center_axis',(0.,0.,-1.));
#3782=DIRECTION('ref_axis',(-1.,3.73355740207224E-12,0.));
#3783=DIRECTION('center_axis',(0.,0.,1.));
#3784=DIRECTION('ref_axis',(-1.,3.73355740207224E-12,0.));
#3785=DIRECTION('',(0.,0.,-1.));
#3786=DIRECTION('center_axis',(0.,0.,-1.));
#3787=DIRECTION('ref_axis',(-1.,3.73355740207224E-12,0.));
#3788=DIRECTION('',(0.,0.,1.));
#3789=DIRECTION('center_axis',(0.707106781188783,0.707106781184312,0.));
#3790=DIRECTION('ref_axis',(-0.707106781184312,0.707106781188783,0.));
#3791=DIRECTION('',(-0.707106781184312,0.707106781188783,0.));
#3792=DIRECTION('',(0.,0.,1.));
#3793=DIRECTION('',(-0.707106781184312,0.707106781188783,0.));
#3794=DIRECTION('center_axis',(0.,0.,-1.));
#3795=DIRECTION('ref_axis',(1.,-3.82462276468838E-12,0.));
#3796=DIRECTION('center_axis',(0.,0.,1.));
#3797=DIRECTION('ref_axis',(1.,-3.82462276468838E-12,0.));
#3798=DIRECTION('',(0.,0.,-1.));
#3799=DIRECTION('center_axis',(0.,0.,-1.));
#3800=DIRECTION('ref_axis',(1.,-3.82462276468838E-12,0.));
#3801=DIRECTION('',(0.,0.,1.));
#3802=DIRECTION('center_axis',(-0.707106781186547,-0.707106781186548,0.));
#3803=DIRECTION('ref_axis',(0.707106781186548,-0.707106781186547,0.));
#3804=DIRECTION('',(0.707106781186548,-0.707106781186547,0.));
#3805=DIRECTION('',(0.,0.,1.));
#3806=DIRECTION('',(0.707106781186548,-0.707106781186547,0.));
#3807=DIRECTION('center_axis',(0.,0.,1.));
#3808=DIRECTION('ref_axis',(-3.82540781088847E-12,-1.,0.));
#3809=DIRECTION('center_axis',(0.,0.,-1.));
#3810=DIRECTION('ref_axis',(-3.82540781088847E-12,-1.,0.));
#3811=DIRECTION('',(0.,0.,1.));
#3812=DIRECTION('center_axis',(0.,0.,1.));
#3813=DIRECTION('ref_axis',(-3.82540781088847E-12,-1.,0.));
#3814=DIRECTION('center_axis',(0.707106781186547,0.707106781186548,0.));
#3815=DIRECTION('ref_axis',(-0.707106781186548,0.707106781186547,0.));
#3816=DIRECTION('',(-0.707106781186548,0.707106781186547,0.));
#3817=DIRECTION('',(0.,0.,-1.));
#3818=DIRECTION('',(-0.707106781186548,0.707106781186547,0.));
#3819=DIRECTION('center_axis',(0.,0.,1.));
#3820=DIRECTION('ref_axis',(-6.12323399573676E-17,-1.,0.));
#3821=DIRECTION('center_axis',(0.,0.,1.));
#3822=DIRECTION('ref_axis',(-6.12323399573676E-17,-1.,0.));
#3823=DIRECTION('',(0.,0.,1.));
#3824=DIRECTION('center_axis',(0.,0.,-1.));
#3825=DIRECTION('ref_axis',(-6.12323399573676E-17,-1.,0.));
#3826=DIRECTION('center_axis',(0.,0.,1.));
#3827=DIRECTION('ref_axis',(-1.,0.,0.));
#3828=DIRECTION('center_axis',(0.,0.,1.));
#3829=DIRECTION('ref_axis',(-1.,0.,0.));
#3830=DIRECTION('',(0.,0.,1.));
#3831=DIRECTION('center_axis',(0.,0.,-1.));
#3832=DIRECTION('ref_axis',(-1.,0.,0.));
#3833=DIRECTION('center_axis',(0.,0.,1.));
#3834=DIRECTION('ref_axis',(-6.12323399573677E-17,1.,0.));
#3835=DIRECTION('center_axis',(0.,0.,1.));
#3836=DIRECTION('ref_axis',(-6.12323399573677E-17,1.,0.));
#3837=DIRECTION('',(0.,0.,1.));
#3838=DIRECTION('center_axis',(0.,0.,-1.));
#3839=DIRECTION('ref_axis',(-6.12323399573677E-17,1.,0.));
#3840=DIRECTION('center_axis',(0.,0.,1.));
#3841=DIRECTION('ref_axis',(1.,-3.73355740206797E-12,0.));
#3842=DIRECTION('center_axis',(0.,0.,-1.));
#3843=DIRECTION('ref_axis',(1.,-3.73355740206797E-12,0.));
#3844=DIRECTION('',(0.,0.,1.));
#3845=DIRECTION('center_axis',(0.,0.,1.));
#3846=DIRECTION('ref_axis',(1.,-3.73355740206797E-12,0.));
#3847=DIRECTION('',(0.,0.,-1.));
#3848=DIRECTION('center_axis',(-0.707106781184312,0.707106781188783,0.));
#3849=DIRECTION('ref_axis',(-0.707106781188783,-0.707106781184312,0.));
#3850=DIRECTION('',(-0.707106781188783,-0.707106781184312,0.));
#3851=DIRECTION('',(0.,0.,-1.));
#3852=DIRECTION('',(-0.707106781188783,-0.707106781184312,0.));
#3853=DIRECTION('center_axis',(0.,0.,-1.));
#3854=DIRECTION('ref_axis',(3.73355740207224E-12,1.,0.));
#3855=DIRECTION('center_axis',(0.,0.,1.));
#3856=DIRECTION('ref_axis',(3.73355740207224E-12,1.,0.));
#3857=DIRECTION('',(0.,0.,-1.));
#3858=DIRECTION('center_axis',(0.,0.,-1.));
#3859=DIRECTION('ref_axis',(3.73355740207224E-12,1.,0.));
#3860=DIRECTION('',(0.,0.,1.));
#3861=DIRECTION('center_axis',(0.707106781184312,-0.707106781188783,0.));
#3862=DIRECTION('ref_axis',(0.707106781188783,0.707106781184312,0.));
#3863=DIRECTION('',(0.707106781188783,0.707106781184312,0.));
#3864=DIRECTION('',(0.,0.,1.));
#3865=DIRECTION('',(0.707106781188783,0.707106781184312,0.));
#3866=DIRECTION('center_axis',(0.,0.,-1.));
#3867=DIRECTION('ref_axis',(-3.82462276468838E-12,-1.,0.));
#3868=DIRECTION('center_axis',(0.,0.,1.));
#3869=DIRECTION('ref_axis',(-3.82462276468838E-12,-1.,0.));
#3870=DIRECTION('',(0.,0.,-1.));
#3871=DIRECTION('center_axis',(0.,0.,-1.));
#3872=DIRECTION('ref_axis',(-3.82462276468838E-12,-1.,0.));
#3873=DIRECTION('',(0.,0.,1.));
#3874=DIRECTION('center_axis',(-0.707106781186548,0.707106781186547,0.));
#3875=DIRECTION('ref_axis',(-0.707106781186547,-0.707106781186548,0.));
#3876=DIRECTION('',(-0.707106781186547,-0.707106781186548,0.));
#3877=DIRECTION('',(0.,0.,1.));
#3878=DIRECTION('',(-0.707106781186547,-0.707106781186548,0.));
#3879=DIRECTION('center_axis',(0.,0.,1.));
#3880=DIRECTION('ref_axis',(-1.,3.82462276465913E-12,0.));
#3881=DIRECTION('center_axis',(0.,0.,-1.));
#3882=DIRECTION('ref_axis',(-1.,3.82462276465913E-12,0.));
#3883=DIRECTION('',(0.,0.,1.));
#3884=DIRECTION('center_axis',(0.,0.,1.));
#3885=DIRECTION('ref_axis',(-1.,3.82462276465913E-12,0.));
#3886=DIRECTION('center_axis',(0.707106781186548,-0.707106781186547,0.));
#3887=DIRECTION('ref_axis',(0.707106781186547,0.707106781186548,0.));
#3888=DIRECTION('',(0.707106781186547,0.707106781186548,0.));
#3889=DIRECTION('',(0.,0.,-1.));
#3890=DIRECTION('',(0.707106781186547,0.707106781186548,0.));
#3891=DIRECTION('center_axis',(0.,0.,1.));
#3892=DIRECTION('ref_axis',(1.,1.22464679914735E-16,0.));
#3893=DIRECTION('center_axis',(0.,0.,1.));
#3894=DIRECTION('ref_axis',(1.,1.22464679914735E-16,0.));
#3895=DIRECTION('',(0.,0.,1.));
#3896=DIRECTION('center_axis',(0.,0.,-1.));
#3897=DIRECTION('ref_axis',(1.,1.22464679914735E-16,0.));
#3898=DIRECTION('center_axis',(0.,0.,1.));
#3899=DIRECTION('ref_axis',(-6.12323399573676E-17,1.,0.));
#3900=DIRECTION('center_axis',(0.,0.,1.));
#3901=DIRECTION('ref_axis',(-6.12323399573677E-17,1.,0.));
#3902=DIRECTION('',(-1.29893408435324E-16,0.707106781186548,-0.707106781186547));
#3903=DIRECTION('center_axis',(0.,0.,-1.));
#3904=DIRECTION('ref_axis',(-6.12323399573677E-17,1.,0.));
#3905=DIRECTION('center_axis',(0.,0.,1.));
#3906=DIRECTION('ref_axis',(-6.12323399573677E-17,1.,0.));
#3907=DIRECTION('center_axis',(0.,0.,1.));
#3908=DIRECTION('ref_axis',(-6.12323399573677E-17,1.,0.));
#3909=DIRECTION('center_axis',(0.,0.,1.));
#3910=DIRECTION('ref_axis',(-6.12323399573677E-17,1.,0.));
#3911=DIRECTION('center_axis',(0.,0.,-1.));
#3912=DIRECTION('ref_axis',(6.12323399573677E-17,-1.,0.));
#3913=DIRECTION('center_axis',(0.,0.,-1.));
#3914=DIRECTION('ref_axis',(6.12323399573677E-17,-1.,0.));
#3915=DIRECTION('',(0.,0.,-1.));
#3916=DIRECTION('center_axis',(0.,0.,1.));
#3917=DIRECTION('ref_axis',(6.12323399573677E-17,-1.,0.));
#3918=DIRECTION('center_axis',(0.,0.,-1.));
#3919=DIRECTION('ref_axis',(6.12323399573677E-17,-1.,0.));
#3920=DIRECTION('center_axis',(0.,0.,-1.));
#3921=DIRECTION('ref_axis',(-0.866025403784438,0.5,0.));
#3922=DIRECTION('center_axis',(0.,0.,-1.));
#3923=DIRECTION('ref_axis',(-0.866025403784438,0.5,0.));
#3924=DIRECTION('',(0.,0.,-1.));
#3925=DIRECTION('center_axis',(0.,0.,1.));
#3926=DIRECTION('ref_axis',(-0.866025403784438,0.5,0.));
#3927=DIRECTION('center_axis',(0.,0.,-1.));
#3928=DIRECTION('ref_axis',(-0.866025403784438,0.5,0.));
#3929=DIRECTION('center_axis',(0.,0.,1.));
#3930=DIRECTION('ref_axis',(-6.12323399573677E-17,1.,0.));
#3931=DIRECTION('',(0.,0.,-1.));
#3932=DIRECTION('center_axis',(0.,0.,-1.));
#3933=DIRECTION('ref_axis',(-6.12323399573677E-17,1.,0.));
#3934=DIRECTION('center_axis',(0.,0.,-1.));
#3935=DIRECTION('ref_axis',(-6.12323399573677E-17,1.,0.));
#3936=DIRECTION('center_axis',(0.,0.,-1.));
#3937=DIRECTION('ref_axis',(-6.12323399573677E-17,1.,0.));
#3938=DIRECTION('center_axis',(0.,0.,-1.));
#3939=DIRECTION('ref_axis',(-6.12323399573677E-17,1.,0.));
#3940=DIRECTION('center_axis',(0.,0.,1.));
#3941=DIRECTION('ref_axis',(-1.,0.,0.));
#3942=DIRECTION('center_axis',(0.,0.,1.));
#3943=DIRECTION('ref_axis',(-1.,0.,0.));
#3944=DIRECTION('',(-0.707106781186548,-8.65956056235494E-17,-0.707106781186547));
#3945=DIRECTION('center_axis',(0.,0.,-1.));
#3946=DIRECTION('ref_axis',(-1.,0.,0.));
#3947=DIRECTION('center_axis',(0.,0.,1.));
#3948=DIRECTION('ref_axis',(-1.,0.,0.));
#3949=DIRECTION('center_axis',(0.,0.,1.));
#3950=DIRECTION('ref_axis',(-1.,0.,0.));
#3951=DIRECTION('center_axis',(0.,0.,1.));
#3952=DIRECTION('ref_axis',(-1.,0.,0.));
#3953=DIRECTION('center_axis',(0.,0.,-1.));
#3954=DIRECTION('ref_axis',(1.,0.,0.));
#3955=DIRECTION('center_axis',(0.,0.,-1.));
#3956=DIRECTION('ref_axis',(1.,0.,0.));
#3957=DIRECTION('',(0.,0.,-1.));
#3958=DIRECTION('center_axis',(0.,0.,1.));
#3959=DIRECTION('ref_axis',(1.,0.,0.));
#3960=DIRECTION('center_axis',(0.,0.,-1.));
#3961=DIRECTION('ref_axis',(1.,0.,0.));
#3962=DIRECTION('center_axis',(0.,0.,-1.));
#3963=DIRECTION('ref_axis',(-0.5,-0.866025403784438,0.));
#3964=DIRECTION('center_axis',(0.,0.,-1.));
#3965=DIRECTION('ref_axis',(-0.5,-0.866025403784438,0.));
#3966=DIRECTION('',(0.,0.,-1.));
#3967=DIRECTION('center_axis',(0.,0.,1.));
#3968=DIRECTION('ref_axis',(-0.5,-0.866025403784438,0.));
#3969=DIRECTION('center_axis',(0.,0.,-1.));
#3970=DIRECTION('ref_axis',(-0.5,-0.866025403784438,0.));
#3971=DIRECTION('center_axis',(0.,0.,1.));
#3972=DIRECTION('ref_axis',(-1.,0.,0.));
#3973=DIRECTION('',(0.,0.,-1.));
#3974=DIRECTION('center_axis',(0.,0.,-1.));
#3975=DIRECTION('ref_axis',(-1.,0.,0.));
#3976=DIRECTION('center_axis',(0.,0.,-1.));
#3977=DIRECTION('ref_axis',(-1.,0.,0.));
#3978=DIRECTION('center_axis',(0.,0.,-1.));
#3979=DIRECTION('ref_axis',(-1.,0.,0.));
#3980=DIRECTION('center_axis',(0.,0.,-1.));
#3981=DIRECTION('ref_axis',(-1.,0.,0.));
#3982=DIRECTION('center_axis',(0.,0.,1.));
#3983=DIRECTION('ref_axis',(-6.12323399573676E-17,-1.,0.));
#3984=DIRECTION('center_axis',(0.,0.,1.));
#3985=DIRECTION('ref_axis',(-6.12323399573676E-17,-1.,0.));
#3986=DIRECTION('',(4.32978028117747E-17,-0.707106781186548,-0.707106781186547));
#3987=DIRECTION('center_axis',(0.,0.,-1.));
#3988=DIRECTION('ref_axis',(-6.12323399573676E-17,-1.,0.));
#3989=DIRECTION('center_axis',(0.,0.,1.));
#3990=DIRECTION('ref_axis',(-6.12323399573676E-17,-1.,0.));
#3991=DIRECTION('center_axis',(0.,0.,1.));
#3992=DIRECTION('ref_axis',(-6.12323399573676E-17,-1.,0.));
#3993=DIRECTION('center_axis',(0.,0.,1.));
#3994=DIRECTION('ref_axis',(-6.12323399573676E-17,-1.,0.));
#3995=DIRECTION('center_axis',(0.,0.,-1.));
#3996=DIRECTION('ref_axis',(6.12323399573676E-17,1.,0.));
#3997=DIRECTION('center_axis',(0.,0.,-1.));
#3998=DIRECTION('ref_axis',(6.12323399573676E-17,1.,0.));
#3999=DIRECTION('',(0.,0.,-1.));
#4000=DIRECTION('center_axis',(0.,0.,1.));
#4001=DIRECTION('ref_axis',(6.12323399573676E-17,1.,0.));
#4002=DIRECTION('center_axis',(0.,0.,-1.));
#4003=DIRECTION('ref_axis',(6.12323399573676E-17,1.,0.));
#4004=DIRECTION('center_axis',(0.,0.,-1.));
#4005=DIRECTION('ref_axis',(0.866025403784438,-0.5,0.));
#4006=DIRECTION('center_axis',(0.,0.,-1.));
#4007=DIRECTION('ref_axis',(0.866025403784438,-0.5,0.));
#4008=DIRECTION('',(0.,0.,-1.));
#4009=DIRECTION('center_axis',(0.,0.,1.));
#4010=DIRECTION('ref_axis',(0.866025403784438,-0.5,0.));
#4011=DIRECTION('center_axis',(0.,0.,-1.));
#4012=DIRECTION('ref_axis',(0.866025403784438,-0.5,0.));
#4013=DIRECTION('center_axis',(0.,0.,1.));
#4014=DIRECTION('ref_axis',(-6.12323399573676E-17,-1.,0.));
#4015=DIRECTION('',(0.,0.,-1.));
#4016=DIRECTION('center_axis',(0.,0.,-1.));
#4017=DIRECTION('ref_axis',(-6.12323399573676E-17,-1.,0.));
#4018=DIRECTION('center_axis',(0.,0.,-1.));
#4019=DIRECTION('ref_axis',(-6.12323399573676E-17,-1.,0.));
#4020=DIRECTION('center_axis',(0.,0.,-1.));
#4021=DIRECTION('ref_axis',(-6.12323399573676E-17,-1.,0.));
#4022=DIRECTION('center_axis',(0.,0.,-1.));
#4023=DIRECTION('ref_axis',(-6.12323399573676E-17,-1.,0.));
#4024=DIRECTION('center_axis',(0.,0.,1.));
#4025=DIRECTION('ref_axis',(1.,1.22464679914735E-16,0.));
#4026=DIRECTION('center_axis',(0.,0.,1.));
#4027=DIRECTION('ref_axis',(1.,1.22464679914735E-16,0.));
#4028=DIRECTION('',(0.707106781186548,1.73191211247099E-16,-0.707106781186547));
#4029=DIRECTION('center_axis',(0.,0.,-1.));
#4030=DIRECTION('ref_axis',(1.,1.22464679914735E-16,0.));
#4031=DIRECTION('center_axis',(0.,0.,1.));
#4032=DIRECTION('ref_axis',(1.,1.22464679914735E-16,0.));
#4033=DIRECTION('center_axis',(0.,0.,1.));
#4034=DIRECTION('ref_axis',(1.,1.22464679914735E-16,0.));
#4035=DIRECTION('center_axis',(0.,0.,1.));
#4036=DIRECTION('ref_axis',(1.,1.22464679914735E-16,0.));
#4037=DIRECTION('center_axis',(0.,0.,-1.));
#4038=DIRECTION('ref_axis',(-1.,-1.22464679914735E-16,0.));
#4039=DIRECTION('center_axis',(0.,0.,-1.));
#4040=DIRECTION('ref_axis',(-1.,-1.22464679914735E-16,0.));
#4041=DIRECTION('',(0.,0.,-1.));
#4042=DIRECTION('center_axis',(0.,0.,1.));
#4043=DIRECTION('ref_axis',(-1.,-1.22464679914735E-16,0.));
#4044=DIRECTION('center_axis',(0.,0.,-1.));
#4045=DIRECTION('ref_axis',(-1.,-1.22464679914735E-16,0.));
#4046=DIRECTION('center_axis',(0.,0.,-1.));
#4047=DIRECTION('ref_axis',(0.5,0.866025403784438,0.));
#4048=DIRECTION('center_axis',(0.,0.,-1.));
#4049=DIRECTION('ref_axis',(0.5,0.866025403784438,0.));
#4050=DIRECTION('',(0.,0.,-1.));
#4051=DIRECTION('center_axis',(0.,0.,1.));
#4052=DIRECTION('ref_axis',(0.5,0.866025403784438,0.));
#4053=DIRECTION('center_axis',(0.,0.,-1.));
#4054=DIRECTION('ref_axis',(0.5,0.866025403784438,0.));
#4055=DIRECTION('center_axis',(0.,0.,1.));
#4056=DIRECTION('ref_axis',(1.,1.22464679914735E-16,0.));
#4057=DIRECTION('',(0.,0.,-1.));
#4058=DIRECTION('center_axis',(0.,0.,-1.));
#4059=DIRECTION('ref_axis',(1.,1.22464679914735E-16,0.));
#4060=DIRECTION('center_axis',(0.,0.,-1.));
#4061=DIRECTION('ref_axis',(1.,1.22464679914735E-16,0.));
#4062=DIRECTION('center_axis',(0.,0.,-1.));
#4063=DIRECTION('ref_axis',(1.,1.22464679914735E-16,0.));
#4064=DIRECTION('center_axis',(0.,0.,-1.));
#4065=DIRECTION('ref_axis',(1.,1.22464679914735E-16,0.));
#4066=DIRECTION('center_axis',(0.,0.,1.));
#4067=DIRECTION('ref_axis',(1.,-3.1614549624372E-12,0.));
#4068=DIRECTION('center_axis',(0.,0.,-1.));
#4069=DIRECTION('ref_axis',(1.,-3.1614549624372E-12,0.));
#4070=DIRECTION('center_axis',(0.,0.,1.));
#4071=DIRECTION('ref_axis',(1.,-3.1614549624372E-12,0.));
#4072=DIRECTION('center_axis',(0.,0.,-1.));
#4073=DIRECTION('ref_axis',(3.16155309321587E-12,1.,0.));
#4074=DIRECTION('center_axis',(0.,0.,1.));
#4075=DIRECTION('ref_axis',(3.16155309321587E-12,1.,0.));
#4076=DIRECTION('center_axis',(0.,0.,-1.));
#4077=DIRECTION('ref_axis',(3.16155309321587E-12,1.,0.));
#4078=DIRECTION('center_axis',(0.,0.,1.));
#4079=DIRECTION('ref_axis',(-1.,3.16125870087987E-12,0.));
#4080=DIRECTION('center_axis',(0.,0.,-1.));
#4081=DIRECTION('ref_axis',(-1.,3.16125870087987E-12,0.));
#4082=DIRECTION('center_axis',(0.,0.,1.));
#4083=DIRECTION('ref_axis',(-1.,3.16125870087987E-12,0.));
#4084=DIRECTION('center_axis',(0.,0.,1.));
#4085=DIRECTION('ref_axis',(-3.16106243932253E-12,-1.,0.));
#4086=DIRECTION('center_axis',(0.,0.,-1.));
#4087=DIRECTION('ref_axis',(-3.16106243932253E-12,-1.,0.));
#4088=DIRECTION('center_axis',(0.,0.,1.));
#4089=DIRECTION('ref_axis',(-3.16106243932253E-12,-1.,0.));
#4090=DIRECTION('center_axis',(0.707106781192636,0.707106781180459,0.));
#4091=DIRECTION('ref_axis',(-0.707106781180459,0.707106781192636,0.));
#4092=DIRECTION('',(-0.707106781180459,0.707106781192636,0.));
#4093=DIRECTION('',(0.,0.,-1.));
#4094=DIRECTION('',(-0.707106781180459,0.707106781192636,0.));
#4095=DIRECTION('center_axis',(0.707106781192636,0.707106781180459,0.));
#4096=DIRECTION('ref_axis',(-0.707106781180459,0.707106781192636,0.));
#4097=DIRECTION('',(-0.707106781180459,0.707106781192636,0.));
#4098=DIRECTION('',(0.,0.,1.));
#4099=DIRECTION('',(-0.707106781180459,0.707106781192636,0.));
#4100=DIRECTION('center_axis',(0.707106781183503,-0.707106781189592,0.));
#4101=DIRECTION('ref_axis',(0.707106781189592,0.707106781183503,0.));
#4102=DIRECTION('',(0.707106781189592,0.707106781183503,0.));
#4103=DIRECTION('',(0.,0.,1.));
#4104=DIRECTION('',(0.707106781189592,0.707106781183503,0.));
#4105=DIRECTION('center_axis',(0.707106781183503,-0.707106781189592,0.));
#4106=DIRECTION('ref_axis',(0.707106781189592,0.707106781183503,0.));
#4107=DIRECTION('',(0.707106781189592,0.707106781183503,0.));
#4108=DIRECTION('',(0.,0.,-1.));
#4109=DIRECTION('',(0.707106781189592,0.707106781183503,0.));
#4110=DIRECTION('center_axis',(-0.707106781189592,-0.707106781183503,0.));
#4111=DIRECTION('ref_axis',(0.707106781183503,-0.707106781189592,0.));
#4112=DIRECTION('',(0.707106781183503,-0.707106781189592,0.));
#4113=DIRECTION('',(0.,0.,1.));
#4114=DIRECTION('',(0.707106781183503,-0.707106781189592,0.));
#4115=DIRECTION('center_axis',(-0.707106781189592,-0.707106781183503,0.));
#4116=DIRECTION('ref_axis',(0.707106781183503,-0.707106781189592,0.));
#4117=DIRECTION('',(0.707106781183503,-0.707106781189592,0.));
#4118=DIRECTION('',(0.,0.,-1.));
#4119=DIRECTION('',(0.707106781183503,-0.707106781189592,0.));
#4120=DIRECTION('center_axis',(0.,0.,1.));
#4121=DIRECTION('ref_axis',(6.12323399573676E-17,1.,0.));
#4122=DIRECTION('center_axis',(0.,0.,1.));
#4123=DIRECTION('ref_axis',(6.12323399573676E-17,1.,0.));
#4124=DIRECTION('',(0.707106781191957,0.707106781181138,0.));
#4125=DIRECTION('center_axis',(0.,0.,1.));
#4126=DIRECTION('ref_axis',(-1.,-1.22464679914735E-16,0.));
#4127=DIRECTION('',(0.707106781191957,0.707106781181138,0.));
#4128=DIRECTION('center_axis',(0.,0.,1.));
#4129=DIRECTION('ref_axis',(6.12323399573677E-17,-1.,0.));
#4130=DIRECTION('',(-0.707106781181138,0.707106781191957,0.));
#4131=DIRECTION('center_axis',(0.,0.,1.));
#4132=DIRECTION('ref_axis',(1.,0.,0.));
#4133=DIRECTION('',(-0.707106781191957,-0.707106781181138,0.));
#4134=DIRECTION('center_axis',(0.,0.,-1.));
#4135=DIRECTION('ref_axis',(0.866025403784439,0.5,0.));
#4136=DIRECTION('center_axis',(0.,0.,-1.));
#4137=DIRECTION('ref_axis',(0.866025403784439,0.5,0.));
#4138=DIRECTION('center_axis',(0.,0.,-1.));
#4139=DIRECTION('ref_axis',(-0.5,0.866025403784439,0.));
#4140=DIRECTION('center_axis',(0.,0.,-1.));
#4141=DIRECTION('ref_axis',(-0.5,0.866025403784439,0.));
#4142=DIRECTION('center_axis',(0.,0.,-1.));
#4143=DIRECTION('ref_axis',(-0.866025403784439,-0.5,0.));
#4144=DIRECTION('center_axis',(0.,0.,-1.));
#4145=DIRECTION('ref_axis',(-0.866025403784439,-0.5,0.));
#4146=DIRECTION('center_axis',(0.,0.,-1.));
#4147=DIRECTION('ref_axis',(0.5,-0.866025403784439,0.));
#4148=DIRECTION('center_axis',(0.,0.,-1.));
#4149=DIRECTION('ref_axis',(0.5,-0.866025403784439,0.));
#4150=DIRECTION('center_axis',(0.,0.,1.));
#4151=DIRECTION('ref_axis',(6.12323399573676E-17,1.,0.));
#4152=DIRECTION('center_axis',(0.,0.,1.));
#4153=DIRECTION('ref_axis',(1.,0.,0.));
#4154=DIRECTION('center_axis',(0.,0.,1.));
#4155=DIRECTION('ref_axis',(6.12323399573677E-17,-1.,0.));
#4156=DIRECTION('',(-0.707106781192636,-0.707106781180459,0.));
#4157=DIRECTION('center_axis',(0.,0.,-1.));
#4158=DIRECTION('ref_axis',(-6.12323399573677E-17,1.,0.));
#4159=DIRECTION('center_axis',(0.,0.,-1.));
#4160=DIRECTION('ref_axis',(-6.12323399573676E-17,-1.,0.));
#4161=DIRECTION('center_axis',(0.,0.,-1.));
#4162=DIRECTION('ref_axis',(-1.,0.,0.));
#4163=DIRECTION('',(-0.707106781192636,-0.707106781180459,0.));
#4164=DIRECTION('center_axis',(0.,0.,1.));
#4165=DIRECTION('ref_axis',(-1.,-1.22464679914735E-16,0.));
#4166=DIRECTION('center_axis',(0.,0.,-1.));
#4167=DIRECTION('ref_axis',(1.,1.22464679914735E-16,0.));
#4168=DIRECTION('center_axis',(-0.707106781180459,0.707106781192636,0.));
#4169=DIRECTION('ref_axis',(-0.707106781192636,-0.707106781180459,0.));
#4170=DIRECTION('',(0.,0.,1.));
#4171=DIRECTION('',(-0.707106781192636,-0.707106781180459,0.));
#4172=DIRECTION('center_axis',(-0.707106781180459,0.707106781192636,0.));
#4173=DIRECTION('ref_axis',(-0.707106781192636,-0.707106781180459,0.));
#4174=DIRECTION('',(-0.707106781192636,-0.707106781180459,0.));
#4175=DIRECTION('',(0.,0.,-1.));
#4176=DIRECTION('center_axis',(-0.707106781181138,0.707106781191957,0.));
#4177=DIRECTION('ref_axis',(-0.707106781191957,-0.707106781181138,0.));
#4178=DIRECTION('',(-0.707106781191957,-0.707106781181138,0.));
#4179=DIRECTION('center_axis',(0.707106781191957,0.707106781181138,0.));
#4180=DIRECTION('ref_axis',(-0.707106781181138,0.707106781191957,0.));
#4181=DIRECTION('',(-0.707106781181138,0.707106781191957,0.));
#4182=DIRECTION('center_axis',(0.,0.,1.));
#4183=DIRECTION('ref_axis',(0.707106781186548,-0.707106781186547,0.));
#4184=DIRECTION('center_axis',(0.,0.,1.));
#4185=DIRECTION('ref_axis',(-1.,-1.22464679914735E-16,0.));
#4186=DIRECTION('center_axis',(0.,0.,-1.));
#4187=DIRECTION('ref_axis',(-1.,-1.22464679914735E-16,0.));
#4188=DIRECTION('center_axis',(0.,0.,-1.));
#4189=DIRECTION('ref_axis',(-1.,-1.22464679914735E-16,0.));
#4190=DIRECTION('',(-0.707106781186548,0.,0.707106781186547));
#4191=DIRECTION('center_axis',(0.,0.,-1.));
#4192=DIRECTION('ref_axis',(-1.,-1.22464679914735E-16,0.));
#4193=DIRECTION('center_axis',(0.,0.,-1.));
#4194=DIRECTION('ref_axis',(0.5,0.866025403784439,0.));
#4195=DIRECTION('center_axis',(0.,0.,-1.));
#4196=DIRECTION('ref_axis',(0.5,0.866025403784439,0.));
#4197=DIRECTION('',(0.353553390593274,0.612372435695794,0.707106781186548));
#4198=DIRECTION('center_axis',(0.,0.,-1.));
#4199=DIRECTION('ref_axis',(0.5,0.866025403784439,0.));
#4200=DIRECTION('center_axis',(0.,0.,-1.));
#4201=DIRECTION('ref_axis',(0.5,-0.866025403784439,0.));
#4202=DIRECTION('center_axis',(0.,0.,-1.));
#4203=DIRECTION('ref_axis',(0.5,-0.866025403784439,0.));
#4204=DIRECTION('',(0.353553390593273,-0.612372435695793,0.707106781186549));
#4205=DIRECTION('center_axis',(0.,0.,1.));
#4206=DIRECTION('ref_axis',(0.5,-0.866025403784439,0.));
#4207=DIRECTION('center_axis',(0.,0.,-1.));
#4208=DIRECTION('ref_axis',(0.5,-0.866025403784439,0.));
#4209=DIRECTION('center_axis',(0.,0.,-1.));
#4210=DIRECTION('ref_axis',(0.5,-0.866025403784439,0.));
#4211=DIRECTION('',(0.,0.,-1.));
#4212=DIRECTION('center_axis',(0.707106781181138,-0.707106781191957,0.));
#4213=DIRECTION('ref_axis',(0.707106781191957,0.707106781181138,0.));
#4214=DIRECTION('',(0.707106781191957,0.707106781181138,0.));
#4215=DIRECTION('center_axis',(0.707106781181138,-0.707106781191957,0.));
#4216=DIRECTION('ref_axis',(0.707106781191957,0.707106781181138,0.));
#4217=DIRECTION('',(0.707106781191957,0.707106781181138,0.));
#4218=DIRECTION('center_axis',(0.,0.,1.));
#4219=DIRECTION('ref_axis',(6.12323399573676E-17,1.,0.));
#4220=DIRECTION('center_axis',(0.,0.,1.));
#4221=DIRECTION('ref_axis',(6.12323399573676E-17,1.,0.));
#4222=DIRECTION('center_axis',(0.,0.,1.));
#4223=DIRECTION('ref_axis',(-6.12323399573676E-17,-1.,0.));
#4224=DIRECTION('',(0.,0.,-1.));
#4225=DIRECTION('center_axis',(0.,0.,-1.));
#4226=DIRECTION('ref_axis',(-6.12323399573676E-17,-1.,0.));
#4227=DIRECTION('center_axis',(0.,0.,1.));
#4228=DIRECTION('ref_axis',(1.,0.,0.));
#4229=DIRECTION('center_axis',(0.,0.,1.));
#4230=DIRECTION('ref_axis',(1.,0.,0.));
#4231=DIRECTION('center_axis',(0.,0.,1.));
#4232=DIRECTION('ref_axis',(-1.,0.,0.));
#4233=DIRECTION('',(0.,0.,-1.));
#4234=DIRECTION('center_axis',(0.,0.,-1.));
#4235=DIRECTION('ref_axis',(-1.,0.,0.));
#4236=DIRECTION('center_axis',(0.,0.,1.));
#4237=DIRECTION('ref_axis',(6.12323399573677E-17,-1.,0.));
#4238=DIRECTION('center_axis',(0.,0.,1.));
#4239=DIRECTION('ref_axis',(6.12323399573677E-17,-1.,0.));
#4240=DIRECTION('center_axis',(0.,0.,1.));
#4241=DIRECTION('ref_axis',(-6.12323399573677E-17,1.,0.));
#4242=DIRECTION('',(0.,0.,-1.));
#4243=DIRECTION('center_axis',(0.,0.,-1.));
#4244=DIRECTION('ref_axis',(-6.12323399573677E-17,1.,0.));
#4245=DIRECTION('center_axis',(0.,0.,1.));
#4246=DIRECTION('ref_axis',(-1.,-1.22464679914735E-16,0.));
#4247=DIRECTION('center_axis',(0.,0.,1.));
#4248=DIRECTION('ref_axis',(-1.,-1.22464679914735E-16,0.));
#4249=DIRECTION('center_axis',(0.,0.,1.));
#4250=DIRECTION('ref_axis',(1.,1.22464679914735E-16,0.));
#4251=DIRECTION('',(0.,0.,-1.));
#4252=DIRECTION('center_axis',(0.,0.,-1.));
#4253=DIRECTION('ref_axis',(1.,1.22464679914735E-16,0.));
#4254=DIRECTION('center_axis',(0.,0.,1.));
#4255=DIRECTION('ref_axis',(0.707106781186547,0.707106781186548,0.));
#4256=DIRECTION('center_axis',(0.,0.,1.));
#4257=DIRECTION('ref_axis',(6.12323399573677E-17,-1.,0.));
#4258=DIRECTION('center_axis',(0.,0.,-1.));
#4259=DIRECTION('ref_axis',(6.12323399573677E-17,-1.,0.));
#4260=DIRECTION('center_axis',(0.,0.,-1.));
#4261=DIRECTION('ref_axis',(6.12323399573676E-17,-1.,0.));
#4262=DIRECTION('',(-4.32978028117747E-17,-0.707106781186548,0.707106781186547));
#4263=DIRECTION('center_axis',(0.,0.,-1.));
#4264=DIRECTION('ref_axis',(6.12323399573676E-17,-1.,0.));
#4265=DIRECTION('center_axis',(0.,0.,-1.));
#4266=DIRECTION('ref_axis',(-0.866025403784439,0.5,0.));
#4267=DIRECTION('center_axis',(0.,0.,-1.));
#4268=DIRECTION('ref_axis',(-0.866025403784438,0.5,0.));
#4269=DIRECTION('',(-0.612372435695793,0.353553390593274,0.707106781186548));
#4270=DIRECTION('center_axis',(0.,0.,-1.));
#4271=DIRECTION('ref_axis',(-0.866025403784438,0.5,0.));
#4272=DIRECTION('center_axis',(0.,0.,-1.));
#4273=DIRECTION('ref_axis',(0.866025403784439,0.5,0.));
#4274=DIRECTION('center_axis',(0.,0.,-1.));
#4275=DIRECTION('ref_axis',(0.866025403784439,0.5,0.));
#4276=DIRECTION('',(0.612372435695794,0.353553390593273,0.707106781186548));
#4277=DIRECTION('center_axis',(0.,0.,1.));
#4278=DIRECTION('ref_axis',(0.866025403784439,0.5,0.));
#4279=DIRECTION('center_axis',(0.,0.,-1.));
#4280=DIRECTION('ref_axis',(0.866025403784439,0.5,0.));
#4281=DIRECTION('center_axis',(0.,0.,-1.));
#4282=DIRECTION('ref_axis',(0.866025403784439,0.5,0.));
#4283=DIRECTION('',(0.,0.,-1.));
#4284=DIRECTION('center_axis',(0.,0.,1.));
#4285=DIRECTION('ref_axis',(-0.707106781186548,0.707106781186547,0.));
#4286=DIRECTION('center_axis',(0.,0.,1.));
#4287=DIRECTION('ref_axis',(1.,0.,0.));
#4288=DIRECTION('center_axis',(0.,0.,-1.));
#4289=DIRECTION('ref_axis',(1.,2.56790659251631E-32,0.));
#4290=DIRECTION('center_axis',(0.,0.,-1.));
#4291=DIRECTION('ref_axis',(1.,0.,0.));
#4292=DIRECTION('',(0.707106781186548,-8.65956056235494E-17,0.707106781186547));
#4293=DIRECTION('center_axis',(0.,0.,-1.));
#4294=DIRECTION('ref_axis',(1.,0.,0.));
#4295=DIRECTION('center_axis',(0.,0.,-1.));
#4296=DIRECTION('ref_axis',(-0.5,-0.866025403784439,0.));
#4297=DIRECTION('center_axis',(0.,0.,-1.));
#4298=DIRECTION('ref_axis',(-0.5,-0.866025403784438,0.));
#4299=DIRECTION('',(-0.353553390593274,-0.612372435695793,0.707106781186548));
#4300=DIRECTION('center_axis',(0.,0.,-1.));
#4301=DIRECTION('ref_axis',(-0.5,-0.866025403784438,0.));
#4302=DIRECTION('center_axis',(0.,0.,-1.));
#4303=DIRECTION('ref_axis',(-0.5,0.866025403784439,0.));
#4304=DIRECTION('center_axis',(0.,0.,-1.));
#4305=DIRECTION('ref_axis',(-0.5,0.866025403784439,0.));
#4306=DIRECTION('',(-0.353553390593273,0.612372435695793,0.707106781186549));
#4307=DIRECTION('center_axis',(0.,0.,1.));
#4308=DIRECTION('ref_axis',(-0.5,0.866025403784439,0.));
#4309=DIRECTION('center_axis',(0.,0.,-1.));
#4310=DIRECTION('ref_axis',(-0.5,0.866025403784439,0.));
#4311=DIRECTION('center_axis',(0.,0.,-1.));
#4312=DIRECTION('ref_axis',(-0.5,0.866025403784439,0.));
#4313=DIRECTION('',(0.,0.,-1.));
#4314=DIRECTION('center_axis',(0.,0.,1.));
#4315=DIRECTION('ref_axis',(-0.707106781186547,-0.707106781186548,0.));
#4316=DIRECTION('center_axis',(0.,0.,1.));
#4317=DIRECTION('ref_axis',(6.12323399573676E-17,1.,0.));
#4318=DIRECTION('center_axis',(0.,0.,-1.));
#4319=DIRECTION('ref_axis',(6.12323399573676E-17,1.,0.));
#4320=DIRECTION('center_axis',(0.,0.,-1.));
#4321=DIRECTION('ref_axis',(6.12323399573676E-17,1.,0.));
#4322=DIRECTION('',(1.29893408435324E-16,0.707106781186548,0.707106781186547));
#4323=DIRECTION('center_axis',(0.,0.,-1.));
#4324=DIRECTION('ref_axis',(6.12323399573676E-17,1.,0.));
#4325=DIRECTION('center_axis',(0.,0.,1.));
#4326=DIRECTION('ref_axis',(6.12323399573676E-17,1.,0.));
#4327=DIRECTION('center_axis',(0.,0.,-1.));
#4328=DIRECTION('ref_axis',(-0.866025403784439,-0.5,0.));
#4329=DIRECTION('center_axis',(0.,0.,-1.));
#4330=DIRECTION('ref_axis',(-0.866025403784439,-0.5,0.));
#4331=DIRECTION('center_axis',(0.,0.,-1.));
#4332=DIRECTION('ref_axis',(0.866025403784438,-0.5,0.));
#4333=DIRECTION('center_axis',(0.,0.,-1.));
#4334=DIRECTION('ref_axis',(0.866025403784438,-0.5,0.));
#4335=DIRECTION('center_axis',(0.,0.,-1.));
#4336=DIRECTION('ref_axis',(0.866025403784439,-0.5,0.));
#4337=DIRECTION('',(0.612372435695793,-0.353553390593274,0.707106781186548));
#4338=DIRECTION('center_axis',(0.,0.,-1.));
#4339=DIRECTION('ref_axis',(-0.866025403784439,-0.5,0.));
#4340=DIRECTION('',(-0.612372435695793,-0.353553390593273,0.707106781186549));
#4341=DIRECTION('center_axis',(0.,0.,1.));
#4342=DIRECTION('ref_axis',(-0.866025403784439,-0.5,0.));
#4343=DIRECTION('center_axis',(0.,0.,-1.));
#4344=DIRECTION('ref_axis',(-0.866025403784439,-0.5,0.));
#4345=DIRECTION('',(0.,0.,-1.));
#4346=CARTESIAN_POINT('',(0.,0.,0.));
#4347=CARTESIAN_POINT('Origin',(49.5000000000006,-1.93649167310387,2.));
#4348=CARTESIAN_POINT('',(49.5000000000006,-1.93649167310387,2.));
#4349=CARTESIAN_POINT('',(49.5000000000004,-0.674999999999887,2.));
#4350=CARTESIAN_POINT('',(49.5000000000005,-0.968245836551975,2.));
#4351=CARTESIAN_POINT('',(49.5000000000006,-1.93649167310387,2.77555756156289E-16));
#4352=CARTESIAN_POINT('',(49.5000000000006,-1.93649167310387,2.));
#4353=CARTESIAN_POINT('',(49.5000000000004,-0.674999999999887,2.77555756156289E-16));
#4354=CARTESIAN_POINT('',(49.5000000000022,-11.9682458365464,0.));
#4355=CARTESIAN_POINT('',(49.5000000000004,-0.674999999999887,2.));
#4356=CARTESIAN_POINT('Origin',(50.5000000000004,-0.674999999999881,2.));
#4357=CARTESIAN_POINT('',(50.5000000000004,-0.674999999999881,2.));
#4358=CARTESIAN_POINT('',(50.5000000000006,-1.93649167310357,2.));
#4359=CARTESIAN_POINT('',(50.5000000000003,-0.337499999999907,2.));
#4360=CARTESIAN_POINT('',(50.5000000000004,-0.674999999999881,2.77555756156289E-16));
#4361=CARTESIAN_POINT('',(50.5000000000004,-0.674999999999881,2.));
#4362=CARTESIAN_POINT('',(50.5000000000006,-1.93649167310357,2.77555756156289E-16));
#4363=CARTESIAN_POINT('',(50.5000000000019,-11.3374999999948,0.));
#4364=CARTESIAN_POINT('',(50.5000000000006,-1.93649167310357,2.));
#4365=CARTESIAN_POINT('Origin',(49.5000000000004,-0.674999999999887,2.));
#4366=CARTESIAN_POINT('',(49.7500000000002,-0.674999999999886,2.));
#4367=CARTESIAN_POINT('',(13.7500000000001,-0.675000000000102,0.));
#4368=CARTESIAN_POINT('Origin',(49.5000000000002,0.675000000000011,2.));
#4369=CARTESIAN_POINT('',(49.5000000000002,0.675000000000011,2.));
#4370=CARTESIAN_POINT('',(49.5,1.9364916731037,2.));
#4371=CARTESIAN_POINT('',(49.5000000000003,0.337499999999964,2.));
#4372=CARTESIAN_POINT('',(49.5000000000002,0.675000000000011,2.77555756156289E-16));
#4373=CARTESIAN_POINT('',(49.5000000000002,0.675000000000011,2.));
#4374=CARTESIAN_POINT('',(49.5,1.9364916731037,2.77555756156289E-16));
#4375=CARTESIAN_POINT('',(49.500000000002,-10.6624999999942,0.));
#4376=CARTESIAN_POINT('',(49.5,1.9364916731037,2.));
#4377=CARTESIAN_POINT('Origin',(50.5000000000002,0.675000000000012,2.));
#4378=CARTESIAN_POINT('',(50.5000000000002,0.675000000000012,2.));
#4379=CARTESIAN_POINT('',(50.2500000000001,0.675000000000012,2.));
#4380=CARTESIAN_POINT('',(50.5000000000002,0.675000000000012,2.77555756156289E-16));
#4381=CARTESIAN_POINT('',(50.5000000000002,0.675000000000012,2.));
#4382=CARTESIAN_POINT('',(14.2500000000001,0.674999999999987,0.));
#4383=CARTESIAN_POINT('Origin',(50.5,1.9364916731037,2.));
#4384=CARTESIAN_POINT('',(50.5,1.9364916731037,2.));
#4385=CARTESIAN_POINT('',(50.5000000000001,0.968245836551885,2.));
#4386=CARTESIAN_POINT('',(50.5,1.9364916731037,2.77555756156289E-16));
#4387=CARTESIAN_POINT('',(50.5,1.9364916731037,2.));
#4388=CARTESIAN_POINT('',(50.5000000000017,-10.031754163443,0.));
#4389=CARTESIAN_POINT('Origin',(-49.5000000000006,1.93649167310386,2.));
#4390=CARTESIAN_POINT('',(-49.5000000000006,1.93649167310386,2.));
#4391=CARTESIAN_POINT('',(-49.5000000000004,0.674999999999881,2.));
#4392=CARTESIAN_POINT('',(-49.5000000000005,0.968245836551968,2.));
#4393=CARTESIAN_POINT('',(-49.5000000000006,1.93649167310386,2.77555756156289E-16));
#4394=CARTESIAN_POINT('',(-49.5000000000006,1.93649167310386,2.));
#4395=CARTESIAN_POINT('',(-49.5000000000004,0.674999999999881,2.77555756156289E-16));
#4396=CARTESIAN_POINT('',(-49.4999999999988,-10.0317541634502,0.));
#4397=CARTESIAN_POINT('',(-49.5000000000004,0.674999999999881,2.));
#4398=CARTESIAN_POINT('Origin',(-50.5000000000004,0.674999999999875,2.));
#4399=CARTESIAN_POINT('',(-50.5000000000004,0.674999999999875,2.));
#4400=CARTESIAN_POINT('',(-50.5000000000006,1.93649167310357,2.));
#4401=CARTESIAN_POINT('',(-50.5000000000003,0.337499999999899,2.));
#4402=CARTESIAN_POINT('',(-50.5000000000004,0.674999999999875,2.77555756156289E-16));
#4403=CARTESIAN_POINT('',(-50.5000000000004,0.674999999999875,2.));
#4404=CARTESIAN_POINT('',(-50.5000000000006,1.93649167310357,2.77555756156289E-16));
#4405=CARTESIAN_POINT('',(-50.4999999999988,-10.6625000000021,0.));
#4406=CARTESIAN_POINT('',(-50.5000000000006,1.93649167310357,2.));
#4407=CARTESIAN_POINT('Origin',(-49.5000000000004,0.674999999999881,2.));
#4408=CARTESIAN_POINT('',(-49.7500000000002,0.674999999999879,2.));
#4409=CARTESIAN_POINT('',(-35.7500000000003,0.674999999999966,0.));
#4410=CARTESIAN_POINT('Origin',(-49.5000000000002,-0.675000000000017,2.));
#4411=CARTESIAN_POINT('',(-49.5000000000002,-0.675000000000017,2.));
#4412=CARTESIAN_POINT('',(-49.5,-1.93649167310371,2.));
#4413=CARTESIAN_POINT('',(-49.5000000000003,-0.337499999999971,2.));
#4414=CARTESIAN_POINT('',(-49.5000000000002,-0.675000000000017,2.77555756156289E-16));
#4415=CARTESIAN_POINT('',(-49.5000000000002,-0.675000000000017,2.));
#4416=CARTESIAN_POINT('',(-49.5,-1.93649167310371,2.77555756156289E-16));
#4417=CARTESIAN_POINT('',(-49.4999999999985,-11.3375000000022,0.));
#4418=CARTESIAN_POINT('',(-49.5,-1.93649167310371,2.));
#4419=CARTESIAN_POINT('Origin',(-50.5000000000002,-0.675000000000018,2.));
#4420=CARTESIAN_POINT('',(-50.5000000000002,-0.675000000000018,2.));
#4421=CARTESIAN_POINT('',(-50.2500000000001,-0.675000000000018,2.));
#4422=CARTESIAN_POINT('',(-50.5000000000002,-0.675000000000018,2.77555756156289E-16));
#4423=CARTESIAN_POINT('',(-50.5000000000002,-0.675000000000018,2.));
#4424=CARTESIAN_POINT('',(-36.2500000000001,-0.675000000000008,0.));
#4425=CARTESIAN_POINT('Origin',(-50.5,-1.93649167310371,2.));
#4426=CARTESIAN_POINT('',(-50.5,-1.93649167310371,2.));
#4427=CARTESIAN_POINT('',(-50.5000000000001,-0.968245836551892,2.));
#4428=CARTESIAN_POINT('',(-50.5,-1.93649167310371,2.77555756156289E-16));
#4429=CARTESIAN_POINT('',(-50.5,-1.93649167310371,2.));
#4430=CARTESIAN_POINT('',(-50.4999999999986,-11.9682458365539,0.));
#4431=CARTESIAN_POINT('Origin',(0.675000000000014,-49.5000000000002,2.));
#4432=CARTESIAN_POINT('',(0.675000000000014,-49.5000000000002,2.));
#4433=CARTESIAN_POINT('',(1.9364916731037,-49.5,2.));
#4434=CARTESIAN_POINT('',(0.337499999999966,-49.5000000000003,2.));
#4435=CARTESIAN_POINT('',(0.675000000000014,-49.5000000000002,2.77555756156289E-16));
#4436=CARTESIAN_POINT('',(0.675000000000014,-49.5000000000002,2.));
#4437=CARTESIAN_POINT('',(1.9364916731037,-49.5,2.77555756156289E-16));
#4438=CARTESIAN_POINT('',(-10.6624999999978,-49.500000000002,0.));
#4439=CARTESIAN_POINT('',(1.9364916731037,-49.5,2.));
#4440=CARTESIAN_POINT('Origin',(0.675000000000015,-50.5000000000002,2.));
#4441=CARTESIAN_POINT('',(0.675000000000015,-50.5000000000002,2.));
#4442=CARTESIAN_POINT('',(0.675000000000015,-50.2500000000001,2.));
#4443=CARTESIAN_POINT('',(0.675000000000015,-50.5000000000002,2.77555756156289E-16));
#4444=CARTESIAN_POINT('',(0.675000000000015,-50.5000000000002,2.));
#4445=CARTESIAN_POINT('',(0.675000000000003,-36.2500000000001,0.));
#4446=CARTESIAN_POINT('Origin',(1.9364916731037,-50.5,2.));
#4447=CARTESIAN_POINT('',(1.9364916731037,-50.5,2.));
#4448=CARTESIAN_POINT('',(0.968245836551887,-50.5000000000001,2.));
#4449=CARTESIAN_POINT('',(1.9364916731037,-50.5,2.77555756156289E-16));
#4450=CARTESIAN_POINT('',(1.9364916731037,-50.5,2.));
#4451=CARTESIAN_POINT('',(-10.0317541634461,-50.5000000000017,0.));
#4452=CARTESIAN_POINT('Origin',(-1.93649167310387,-49.5000000000006,2.));
#4453=CARTESIAN_POINT('',(-1.93649167310387,-49.5000000000006,2.));
#4454=CARTESIAN_POINT('',(-0.674999999999884,-49.5000000000004,2.));
#4455=CARTESIAN_POINT('',(-0.968245836551973,-49.5000000000005,2.));
#4456=CARTESIAN_POINT('',(-1.93649167310387,-49.5000000000006,2.77555756156289E-16));
#4457=CARTESIAN_POINT('',(-1.93649167310387,-49.5000000000006,2.));
#4458=CARTESIAN_POINT('',(-0.674999999999884,-49.5000000000004,2.77555756156289E-16));
#4459=CARTESIAN_POINT('',(-11.9682458365498,-49.5000000000022,0.));
#4460=CARTESIAN_POINT('',(-0.674999999999884,-49.5000000000004,2.));
#4461=CARTESIAN_POINT('Origin',(-0.674999999999878,-50.5000000000004,2.));
#4462=CARTESIAN_POINT('',(-0.674999999999878,-50.5000000000004,2.));
#4463=CARTESIAN_POINT('',(-1.93649167310357,-50.5000000000006,2.));
#4464=CARTESIAN_POINT('',(-0.337499999999904,-50.5000000000003,2.));
#4465=CARTESIAN_POINT('',(-0.674999999999878,-50.5000000000004,2.77555756156289E-16));
#4466=CARTESIAN_POINT('',(-0.674999999999878,-50.5000000000004,2.));
#4467=CARTESIAN_POINT('',(-1.93649167310357,-50.5000000000006,2.77555756156289E-16));
#4468=CARTESIAN_POINT('',(-11.3374999999979,-50.5000000000019,0.));
#4469=CARTESIAN_POINT('',(-1.93649167310357,-50.5000000000006,2.));
#4470=CARTESIAN_POINT('Origin',(-0.674999999999884,-49.5000000000004,2.));
#4471=CARTESIAN_POINT('',(-0.674999999999883,-49.7500000000002,2.));
#4472=CARTESIAN_POINT('',(-0.674999999999966,-35.7500000000001,0.));
#4473=CARTESIAN_POINT('Origin',(-5.38104152014173E-16,-50.,2.));
#4474=CARTESIAN_POINT('Origin',(-5.38104152014173E-16,-50.,2.));
#4475=CARTESIAN_POINT('Origin',(-5.38104152014173E-16,-50.,2.));
#4476=CARTESIAN_POINT('Origin',(-5.38104152014173E-16,-50.,3.));
#4477=CARTESIAN_POINT('',(-2.,-50.,3.));
#4478=CARTESIAN_POINT('Origin',(-5.38104152014173E-16,-50.,3.));
#4479=CARTESIAN_POINT('',(-2.,-50.,0.));
#4480=CARTESIAN_POINT('',(-2.,-50.,3.));
#4481=CARTESIAN_POINT('Origin',(-5.38104152014173E-16,-50.,0.));
#4482=CARTESIAN_POINT('Origin',(-5.38104152014173E-16,-50.,0.));
#4483=CARTESIAN_POINT('Origin',(-5.38104152014173E-16,-50.,0.));
#4484=CARTESIAN_POINT('Origin',(50.,-2.3750743507352E-15,3.));
#4485=CARTESIAN_POINT('',(48.,-2.86493307039415E-15,3.));
#4486=CARTESIAN_POINT('Origin',(50.,-2.3750743507352E-15,3.));
#4487=CARTESIAN_POINT('',(48.,-2.3750743507352E-15,2.));
#4488=CARTESIAN_POINT('',(48.,-2.3750743507352E-15,3.));
#4489=CARTESIAN_POINT('Origin',(50.,-2.3750743507352E-15,2.));
#4490=CARTESIAN_POINT('Origin',(50.,-3.59972114988256E-15,0.));
#4491=CARTESIAN_POINT('Origin',(50.,-2.3750743507352E-15,2.));
#4492=CARTESIAN_POINT('Origin',(50.,-3.59972114988256E-15,0.));
#4493=CARTESIAN_POINT('Origin',(50.,-2.3750743507352E-15,2.));
#4494=CARTESIAN_POINT('Origin',(50.,-2.4809944451082E-15,2.));
#4495=CARTESIAN_POINT('Origin',(-50.,-5.73975814520748E-15,3.));
#4496=CARTESIAN_POINT('',(-52.,-6.22961686486643E-15,3.));
#4497=CARTESIAN_POINT('Origin',(-50.,-5.73975814520748E-15,3.));
#4498=CARTESIAN_POINT('',(-52.,-5.73975814520748E-15,2.));
#4499=CARTESIAN_POINT('',(-52.,-5.73975814520748E-15,3.));
#4500=CARTESIAN_POINT('Origin',(-50.,-5.73975814520748E-15,2.));
#4501=CARTESIAN_POINT('Origin',(-50.,-2.52351284585421E-15,0.));
#4502=CARTESIAN_POINT('Origin',(-50.,-5.73975814520748E-15,2.));
#4503=CARTESIAN_POINT('Origin',(-50.,-2.52351284585421E-15,0.));
#4504=CARTESIAN_POINT('Origin',(-50.,-5.73975814520748E-15,2.));
#4505=CARTESIAN_POINT('Origin',(-50.,-5.84567823958048E-15,2.));
#4506=CARTESIAN_POINT('Origin',(-3.00000000000001,50.,0.));
#4507=CARTESIAN_POINT('',(-3.,16.0211724136775,0.));
#4508=CARTESIAN_POINT('',(-3.00000000000001,50.,0.));
#4509=CARTESIAN_POINT('',(-3.,16.0211724136775,0.));
#4510=CARTESIAN_POINT('',(-3.,16.0211724136775,3.));
#4511=CARTESIAN_POINT('',(-3.,16.0211724136775,0.));
#4512=CARTESIAN_POINT('',(-3.00000000000001,50.,3.));
#4513=CARTESIAN_POINT('',(-3.,16.0211724136775,3.));
#4514=CARTESIAN_POINT('',(-3.00000000000001,50.,0.));
#4515=CARTESIAN_POINT('Origin',(-5.58512984372259E-15,50.,0.));
#4516=CARTESIAN_POINT('',(2.99999999999999,50.,0.));
#4517=CARTESIAN_POINT('Origin',(-5.58512984372259E-15,50.,0.));
#4518=CARTESIAN_POINT('',(2.99999999999999,50.,3.));
#4519=CARTESIAN_POINT('Origin',(-5.58512984372259E-15,50.,3.));
#4520=CARTESIAN_POINT('',(2.99999999999999,50.,0.));
#4521=CARTESIAN_POINT('Origin',(3.,16.0211724138767,0.));
#4522=CARTESIAN_POINT('',(3.,16.0211724138767,0.));
#4523=CARTESIAN_POINT('',(3.,16.0211724138767,0.));
#4524=CARTESIAN_POINT('',(3.,16.0211724138767,3.));
#4525=CARTESIAN_POINT('',(3.,16.0211724138767,3.));
#4526=CARTESIAN_POINT('',(3.,16.0211724138767,0.));
#4527=CARTESIAN_POINT('Origin',(-1.84134114602567,17.1798312676341,0.));
#4528=CARTESIAN_POINT('',(-6.68215908213154,12.3390133316023,0.));
#4529=CARTESIAN_POINT('',(1.45516822861877E-10,19.0211724137771,0.));
#4530=CARTESIAN_POINT('',(-6.68215908213154,12.3390133316023,3.));
#4531=CARTESIAN_POINT('',(-6.68215908213154,12.3390133316023,0.));
#4532=CARTESIAN_POINT('',(1.45516822861877E-10,19.0211724137771,3.));
#4533=CARTESIAN_POINT('Origin',(3.,-50.,0.));
#4534=CARTESIAN_POINT('',(2.99999999999999,-16.0211724136775,0.));
#4535=CARTESIAN_POINT('',(3.,-50.,0.));
#4536=CARTESIAN_POINT('',(2.99999999999999,-16.0211724136775,0.));
#4537=CARTESIAN_POINT('',(2.99999999999999,-16.0211724136775,3.));
#4538=CARTESIAN_POINT('',(2.99999999999999,-16.0211724136775,0.));
#4539=CARTESIAN_POINT('',(3.,-50.,3.));
#4540=CARTESIAN_POINT('',(2.99999999999999,-16.0211724136775,3.));
#4541=CARTESIAN_POINT('',(3.,-50.,0.));
#4542=CARTESIAN_POINT('Origin',(-5.38104152014173E-16,-50.,0.));
#4543=CARTESIAN_POINT('',(-3.,-50.,0.));
#4544=CARTESIAN_POINT('Origin',(-5.38104152014173E-16,-50.,0.));
#4545=CARTESIAN_POINT('',(-3.,-50.,3.));
#4546=CARTESIAN_POINT('Origin',(-5.38104152014173E-16,-50.,3.));
#4547=CARTESIAN_POINT('',(-3.,-50.,0.));
#4548=CARTESIAN_POINT('Origin',(-3.00000000000001,-16.0211724138767,0.));
#4549=CARTESIAN_POINT('',(-3.00000000000001,-16.0211724138767,0.));
#4550=CARTESIAN_POINT('',(-3.00000000000001,-16.0211724138767,0.));
#4551=CARTESIAN_POINT('',(-3.00000000000001,-16.0211724138767,3.));
#4552=CARTESIAN_POINT('',(-3.00000000000001,-16.0211724138767,3.));
#4553=CARTESIAN_POINT('',(-3.00000000000001,-16.0211724138767,0.));
#4554=CARTESIAN_POINT('Origin',(-17.1798312676341,-1.84134114602566,0.));
#4555=CARTESIAN_POINT('',(-6.68215908215318,-12.3390133316672,3.));
#4556=CARTESIAN_POINT('',(-19.0211724137771,1.45516822861877E-10,3.));
#4557=CARTESIAN_POINT('',(-6.68215908215318,-12.3390133316672,0.));
#4558=CARTESIAN_POINT('',(-6.68215908215318,-12.3390133316672,0.));
#4559=CARTESIAN_POINT('',(-19.0211724137771,1.45516822861877E-10,0.));
#4560=CARTESIAN_POINT('Origin',(50.,3.00000000000001,0.));
#4561=CARTESIAN_POINT('',(16.0211724136775,3.,0.));
#4562=CARTESIAN_POINT('',(50.,3.00000000000001,0.));
#4563=CARTESIAN_POINT('',(16.0211724136775,3.,0.));
#4564=CARTESIAN_POINT('',(16.0211724136775,3.,3.));
#4565=CARTESIAN_POINT('',(16.0211724136775,3.,0.));
#4566=CARTESIAN_POINT('',(50.,3.00000000000001,3.));
#4567=CARTESIAN_POINT('',(16.0211724136775,3.,3.));
#4568=CARTESIAN_POINT('',(50.,3.00000000000001,0.));
#4569=CARTESIAN_POINT('Origin',(50.,1.05641260942374E-14,0.));
#4570=CARTESIAN_POINT('',(50.,-2.99999999999999,0.));
#4571=CARTESIAN_POINT('Origin',(50.,1.05641260942374E-14,0.));
#4572=CARTESIAN_POINT('',(50.,-2.99999999999999,3.));
#4573=CARTESIAN_POINT('Origin',(50.,1.05641260942374E-14,3.));
#4574=CARTESIAN_POINT('',(50.,-2.99999999999999,0.));
#4575=CARTESIAN_POINT('Origin',(16.0211724138767,-3.,0.));
#4576=CARTESIAN_POINT('',(16.0211724138767,-3.,0.));
#4577=CARTESIAN_POINT('',(16.0211724138767,-3.,0.));
#4578=CARTESIAN_POINT('',(16.0211724138767,-3.,3.));
#4579=CARTESIAN_POINT('',(16.0211724138767,-3.,3.));
#4580=CARTESIAN_POINT('',(16.0211724138767,-3.,0.));
#4581=CARTESIAN_POINT('Origin',(17.1798312676341,1.84134114602567,0.));
#4582=CARTESIAN_POINT('',(12.3390133316023,6.68215908213154,0.));
#4583=CARTESIAN_POINT('',(19.0211724137771,-1.45516822861877E-10,0.));
#4584=CARTESIAN_POINT('',(12.3390133316023,6.68215908213154,3.));
#4585=CARTESIAN_POINT('',(12.3390133316023,6.68215908213154,0.));
#4586=CARTESIAN_POINT('',(19.0211724137771,-1.45516822861877E-10,3.));
#4587=CARTESIAN_POINT('Origin',(-50.,-2.99999999999999,0.));
#4588=CARTESIAN_POINT('',(-16.0211724136775,-2.99999999999999,0.));
#4589=CARTESIAN_POINT('',(-50.,-2.99999999999999,0.));
#4590=CARTESIAN_POINT('',(-16.0211724136775,-2.99999999999999,0.));
#4591=CARTESIAN_POINT('',(-16.0211724136775,-2.99999999999999,3.));
#4592=CARTESIAN_POINT('',(-16.0211724136775,-2.99999999999999,0.));
#4593=CARTESIAN_POINT('',(-50.,-2.99999999999999,3.));
#4594=CARTESIAN_POINT('',(-16.0211724136775,-2.99999999999999,3.));
#4595=CARTESIAN_POINT('',(-50.,-2.99999999999999,0.));
#4596=CARTESIAN_POINT('Origin',(-50.,1.16403343982657E-14,0.));
#4597=CARTESIAN_POINT('',(-50.,3.00000000000001,0.));
#4598=CARTESIAN_POINT('Origin',(-50.,1.16403343982657E-14,0.));
#4599=CARTESIAN_POINT('',(-50.,3.00000000000001,3.));
#4600=CARTESIAN_POINT('Origin',(-50.,1.16403343982657E-14,3.));
#4601=CARTESIAN_POINT('',(-50.,3.00000000000001,0.));
#4602=CARTESIAN_POINT('Origin',(-16.0211724138767,3.00000000000001,0.));
#4603=CARTESIAN_POINT('',(-16.0211724138767,3.00000000000001,0.));
#4604=CARTESIAN_POINT('',(-16.0211724138767,3.00000000000001,0.));
#4605=CARTESIAN_POINT('',(-16.0211724138767,3.00000000000001,3.));
#4606=CARTESIAN_POINT('',(-16.0211724138767,3.00000000000001,3.));
#4607=CARTESIAN_POINT('',(-16.0211724138767,3.00000000000001,0.));
#4608=CARTESIAN_POINT('Origin',(-17.1798312676341,-1.84134114602566,0.));
#4609=CARTESIAN_POINT('',(-12.3390133316023,-6.68215908213154,0.));
#4610=CARTESIAN_POINT('',(-19.0211724137771,1.45516822861877E-10,0.));
#4611=CARTESIAN_POINT('',(-12.3390133316023,-6.68215908213154,3.));
#4612=CARTESIAN_POINT('',(-12.3390133316023,-6.68215908213154,0.));
#4613=CARTESIAN_POINT('',(-19.0211724137771,1.45516822861877E-10,3.));
#4614=CARTESIAN_POINT('Origin',(0.,0.,0.));
#4615=CARTESIAN_POINT('',(-1.1,-2.69422295812418E-16,0.));
#4616=CARTESIAN_POINT('Origin',(0.,0.,0.));
#4617=CARTESIAN_POINT('',(-1.1,0.,3.));
#4618=CARTESIAN_POINT('',(-1.1,-2.69422295812418E-16,0.));
#4619=CARTESIAN_POINT('Origin',(0.,0.,3.));
#4620=CARTESIAN_POINT('Origin',(9.86413959762109,-4.20728534817319,0.));
#4621=CARTESIAN_POINT('',(11.278353159982,-5.62149891055847,0.));
#4622=CARTESIAN_POINT('',(8.44992603524352,-5.62149891054182,0.));
#4623=CARTESIAN_POINT('Origin',(9.86413959762109,-4.20728534817319,0.));
#4624=CARTESIAN_POINT('',(8.44992603524352,-5.62149891054182,3.));
#4625=CARTESIAN_POINT('',(8.44992603524352,-5.62149891054182,0.));
#4626=CARTESIAN_POINT('',(11.278353159982,-5.62149891055847,3.));
#4627=CARTESIAN_POINT('Origin',(9.86413959762109,-4.20728534817319,3.));
#4628=CARTESIAN_POINT('',(11.278353159982,-5.62149891055846,0.));
#4629=CARTESIAN_POINT('Origin',(9.86413959759673,-7.03571247290397,0.));
#4630=CARTESIAN_POINT('',(4.24264068711481,-1.41421356238651,0.));
#4631=CARTESIAN_POINT('',(9.86413959759673,-7.03571247290397,0.));
#4632=CARTESIAN_POINT('',(4.24264068711481,-1.41421356238651,3.));
#4633=CARTESIAN_POINT('',(4.24264068711482,-1.41421356238651,0.));
#4634=CARTESIAN_POINT('',(9.86413959759673,-7.03571247290397,3.));
#4635=CARTESIAN_POINT('Origin',(4.20728534808,-9.86413959761687,0.));
#4636=CARTESIAN_POINT('',(5.62149891044092,-11.2783531600021,3.));
#4637=CARTESIAN_POINT('',(5.62149891045756,-8.44992603524824,3.));
#4638=CARTESIAN_POINT('Origin',(4.20728534808,-9.86413959761687,3.));
#4639=CARTESIAN_POINT('',(5.62149891045756,-8.44992603524824,0.));
#4640=CARTESIAN_POINT('',(5.62149891045756,-8.44992603524824,0.));
#4641=CARTESIAN_POINT('',(5.62149891044092,-11.2783531600021,0.));
#4642=CARTESIAN_POINT('Origin',(4.20728534808,-9.86413959761687,0.));
#4643=CARTESIAN_POINT('',(5.62149891044092,-11.2783531600021,0.));
#4644=CARTESIAN_POINT('Origin',(-1.41421356237757,-1.41421356236863,0.));
#4645=CARTESIAN_POINT('',(1.41421356235968,-4.24264068712376,3.));
#4646=CARTESIAN_POINT('',(-1.41421356237757,-1.41421356236863,3.));
#4647=CARTESIAN_POINT('',(1.41421356235968,-4.24264068712376,0.));
#4648=CARTESIAN_POINT('',(1.41421356235968,-4.24264068712376,0.));
#4649=CARTESIAN_POINT('',(-1.41421356237757,-1.41421356236863,0.));
#4650=CARTESIAN_POINT('Origin',(13.7532268940295,-8.09637264453709,0.));
#4651=CARTESIAN_POINT('',(12.3390133316672,-6.68215908215318,3.));
#4652=CARTESIAN_POINT('',(12.3390133316564,-9.51058620691019,3.));
#4653=CARTESIAN_POINT('Origin',(13.7532268940295,-8.09637264453709,3.));
#4654=CARTESIAN_POINT('',(12.3390133316564,-9.51058620691019,0.));
#4655=CARTESIAN_POINT('',(12.3390133316564,-9.51058620691019,0.));
#4656=CARTESIAN_POINT('',(12.3390133316672,-6.68215908215318,0.));
#4657=CARTESIAN_POINT('Origin',(13.7532268940295,-8.09637264453709,0.));
#4658=CARTESIAN_POINT('',(12.3390133316672,-6.68215908215318,0.));
#4659=CARTESIAN_POINT('Origin',(20.1738432131692,-17.345416088423,0.));
#4660=CARTESIAN_POINT('',(20.1738432131692,-17.345416088423,3.));
#4661=CARTESIAN_POINT('',(23.4142135623731,-20.5857864376269,3.));
#4662=CARTESIAN_POINT('',(20.1738432131692,-17.345416088423,0.));
#4663=CARTESIAN_POINT('',(20.1738432131692,-17.345416088423,0.));
#4664=CARTESIAN_POINT('',(23.4142135623731,-20.5857864376269,0.));
#4665=CARTESIAN_POINT('Origin',(8.09637264449382,-13.7532268939862,0.));
#4666=CARTESIAN_POINT('',(6.68215908213154,-12.3390133316023,0.));
#4667=CARTESIAN_POINT('',(9.51058620686691,-12.3390133316131,0.));
#4668=CARTESIAN_POINT('Origin',(8.09637264449382,-13.7532268939862,0.));
#4669=CARTESIAN_POINT('',(9.51058620686691,-12.3390133316131,3.));
#4670=CARTESIAN_POINT('',(9.51058620686691,-12.3390133316131,0.));
#4671=CARTESIAN_POINT('',(6.68215908213154,-12.3390133316023,3.));
#4672=CARTESIAN_POINT('Origin',(8.09637264449382,-13.7532268939862,3.));
#4673=CARTESIAN_POINT('',(6.68215908213154,-12.3390133316023,0.));
#4674=CARTESIAN_POINT('Origin',(8.09637264450464,-10.9247997692508,0.));
#4675=CARTESIAN_POINT('',(17.345416088423,-20.1738432131692,0.));
#4676=CARTESIAN_POINT('',(-1.41421356237309,-1.41421356237309,0.));
#4677=CARTESIAN_POINT('',(17.345416088423,-20.1738432131692,3.));
#4678=CARTESIAN_POINT('',(17.345416088423,-20.1738432131692,0.));
#4679=CARTESIAN_POINT('',(-1.41421356237309,-1.41421356237309,3.));
#4680=CARTESIAN_POINT('Origin',(-4.20728534817319,-9.86413959762109,0.));
#4681=CARTESIAN_POINT('',(-5.62149891055846,-11.278353159982,0.));
#4682=CARTESIAN_POINT('',(-5.62149891054182,-8.44992603524352,0.));
#4683=CARTESIAN_POINT('Origin',(-4.20728534817319,-9.86413959762109,0.));
#4684=CARTESIAN_POINT('',(-5.62149891054182,-8.44992603524352,3.));
#4685=CARTESIAN_POINT('',(-5.62149891054182,-8.44992603524352,0.));
#4686=CARTESIAN_POINT('',(-5.62149891055846,-11.278353159982,3.));
#4687=CARTESIAN_POINT('Origin',(-4.20728534817319,-9.86413959762109,3.));
#4688=CARTESIAN_POINT('',(-5.62149891055847,-11.278353159982,0.));
#4689=CARTESIAN_POINT('Origin',(1.41421356236863,-1.41421356237757,0.));
#4690=CARTESIAN_POINT('',(-1.41421356238651,-4.24264068711482,0.));
#4691=CARTESIAN_POINT('',(1.41421356236863,-1.41421356237757,0.));
#4692=CARTESIAN_POINT('',(-1.41421356238651,-4.24264068711481,3.));
#4693=CARTESIAN_POINT('',(-1.41421356238651,-4.24264068711482,0.));
#4694=CARTESIAN_POINT('',(-7.03571247290397,-9.86413959759673,3.));
#4695=CARTESIAN_POINT('Origin',(-9.86413959761687,-4.20728534808,0.));
#4696=CARTESIAN_POINT('',(-11.2783531600021,-5.62149891044092,3.));
#4697=CARTESIAN_POINT('',(-8.44992603524824,-5.62149891045756,3.));
#4698=CARTESIAN_POINT('Origin',(-9.86413959761687,-4.20728534808,3.));
#4699=CARTESIAN_POINT('',(-8.44992603524824,-5.62149891045756,0.));
#4700=CARTESIAN_POINT('',(-8.44992603524824,-5.62149891045756,0.));
#4701=CARTESIAN_POINT('',(-11.2783531600021,-5.62149891044092,0.));
#4702=CARTESIAN_POINT('Origin',(-9.86413959761687,-4.20728534808,0.));
#4703=CARTESIAN_POINT('',(-11.2783531600021,-5.62149891044092,0.));
#4704=CARTESIAN_POINT('Origin',(-1.41421356236862,1.41421356237757,0.));
#4705=CARTESIAN_POINT('',(-4.24264068712376,-1.41421356235968,3.));
#4706=CARTESIAN_POINT('',(-1.41421356236862,1.41421356237757,3.));
#4707=CARTESIAN_POINT('',(-4.24264068712376,-1.41421356235968,0.));
#4708=CARTESIAN_POINT('',(-4.24264068712376,-1.41421356235968,0.));
#4709=CARTESIAN_POINT('',(-1.41421356236862,1.41421356237757,0.));
#4710=CARTESIAN_POINT('Origin',(-8.09637264453709,-13.7532268940295,0.));
#4711=CARTESIAN_POINT('',(-9.51058620691019,-12.3390133316564,3.));
#4712=CARTESIAN_POINT('Origin',(-8.09637264453709,-13.7532268940295,3.));
#4713=CARTESIAN_POINT('',(-9.51058620691019,-12.3390133316564,0.));
#4714=CARTESIAN_POINT('',(-9.51058620691019,-12.3390133316564,0.));
#4715=CARTESIAN_POINT('Origin',(-8.09637264453709,-13.7532268940295,0.));
#4716=CARTESIAN_POINT('Origin',(-17.345416088423,-20.1738432131692,0.));
#4717=CARTESIAN_POINT('',(-17.345416088423,-20.1738432131692,3.));
#4718=CARTESIAN_POINT('',(-20.5857864376269,-23.4142135623731,3.));
#4719=CARTESIAN_POINT('',(-17.345416088423,-20.1738432131692,0.));
#4720=CARTESIAN_POINT('',(-17.345416088423,-20.1738432131692,0.));
#4721=CARTESIAN_POINT('',(-20.5857864376269,-23.4142135623731,0.));
#4722=CARTESIAN_POINT('Origin',(-13.7532268939862,-8.09637264449382,0.));
#4723=CARTESIAN_POINT('',(-12.3390133316131,-9.51058620686691,0.));
#4724=CARTESIAN_POINT('Origin',(-13.7532268939862,-8.09637264449382,0.));
#4725=CARTESIAN_POINT('',(-12.3390133316131,-9.51058620686691,3.));
#4726=CARTESIAN_POINT('',(-12.3390133316131,-9.51058620686691,0.));
#4727=CARTESIAN_POINT('Origin',(-13.7532268939862,-8.09637264449382,3.));
#4728=CARTESIAN_POINT('Origin',(-10.9247997692508,-8.09637264450464,0.));
#4729=CARTESIAN_POINT('',(-20.1738432131692,-17.345416088423,0.));
#4730=CARTESIAN_POINT('',(-1.41421356237309,1.41421356237309,0.));
#4731=CARTESIAN_POINT('',(-20.1738432131692,-17.345416088423,3.));
#4732=CARTESIAN_POINT('',(-20.1738432131692,-17.345416088423,0.));
#4733=CARTESIAN_POINT('',(-1.41421356237309,1.41421356237309,3.));
#4734=CARTESIAN_POINT('Origin',(-9.86413959749977,4.20728534805188,0.));
#4735=CARTESIAN_POINT('',(-11.2783531598668,5.62149891043106,0.));
#4736=CARTESIAN_POINT('',(-8.4499260351222,5.6214989104205,0.));
#4737=CARTESIAN_POINT('Origin',(-9.86413959749977,4.20728534805188,0.));
#4738=CARTESIAN_POINT('',(-8.4499260351222,5.6214989104205,3.));
#4739=CARTESIAN_POINT('',(-8.4499260351222,5.6214989104205,0.));
#4740=CARTESIAN_POINT('',(-11.2783531598668,5.62149891043106,3.));
#4741=CARTESIAN_POINT('Origin',(-9.86413959749977,4.20728534805188,3.));
#4742=CARTESIAN_POINT('',(-11.2783531598668,5.62149891043106,0.));
#4743=CARTESIAN_POINT('Origin',(-9.86413959759673,7.03571247290397,0.));
#4744=CARTESIAN_POINT('',(-4.24264068711481,1.41421356238651,0.));
#4745=CARTESIAN_POINT('',(-9.86413959759673,7.03571247290397,0.));
#4746=CARTESIAN_POINT('',(-4.24264068711481,1.41421356238651,3.));
#4747=CARTESIAN_POINT('',(-4.24264068711481,1.41421356238651,0.));
#4748=CARTESIAN_POINT('',(-9.86413959759673,7.03571247290397,3.));
#4749=CARTESIAN_POINT('Origin',(-4.20728534798303,9.8641395975199,0.));
#4750=CARTESIAN_POINT('',(-5.62149891035004,11.2783531598991,3.));
#4751=CARTESIAN_POINT('',(-5.6214989103606,8.44992603515128,3.));
#4752=CARTESIAN_POINT('Origin',(-4.20728534798303,9.8641395975199,3.));
#4753=CARTESIAN_POINT('',(-5.6214989103606,8.44992603515128,0.));
#4754=CARTESIAN_POINT('',(-5.6214989103606,8.44992603515128,0.));
#4755=CARTESIAN_POINT('',(-5.62149891035004,11.2783531598991,0.));
#4756=CARTESIAN_POINT('Origin',(-4.20728534798303,9.8641395975199,0.));
#4757=CARTESIAN_POINT('',(-5.62149891035004,11.2783531598991,0.));
#4758=CARTESIAN_POINT('Origin',(1.41421356237757,1.41421356236863,0.));
#4759=CARTESIAN_POINT('',(-1.41421356235968,4.24264068712376,3.));
#4760=CARTESIAN_POINT('',(1.41421356237757,1.41421356236863,3.));
#4761=CARTESIAN_POINT('',(-1.41421356235968,4.24264068712376,0.));
#4762=CARTESIAN_POINT('',(-1.41421356235968,4.24264068712376,0.));
#4763=CARTESIAN_POINT('',(1.41421356237757,1.41421356236863,0.));
#4764=CARTESIAN_POINT('Origin',(-13.7532268940295,8.09637264453709,0.));
#4765=CARTESIAN_POINT('',(-12.3390133316672,6.68215908215318,3.));
#4766=CARTESIAN_POINT('',(-12.3390133316564,9.51058620691019,3.));
#4767=CARTESIAN_POINT('Origin',(-13.7532268940295,8.09637264453709,3.));
#4768=CARTESIAN_POINT('',(-12.3390133316564,9.51058620691019,0.));
#4769=CARTESIAN_POINT('',(-12.3390133316564,9.51058620691019,0.));
#4770=CARTESIAN_POINT('',(-12.3390133316672,6.68215908215318,0.));
#4771=CARTESIAN_POINT('Origin',(-13.7532268940295,8.09637264453709,0.));
#4772=CARTESIAN_POINT('',(-12.3390133316672,6.68215908215318,0.));
#4773=CARTESIAN_POINT('Origin',(-20.1738432131692,17.345416088423,0.));
#4774=CARTESIAN_POINT('',(-20.1738432131692,17.345416088423,3.));
#4775=CARTESIAN_POINT('',(-23.4142135623731,20.5857864376269,3.));
#4776=CARTESIAN_POINT('',(-20.1738432131692,17.345416088423,0.));
#4777=CARTESIAN_POINT('',(-20.1738432131692,17.345416088423,0.));
#4778=CARTESIAN_POINT('',(-23.4142135623731,20.5857864376269,0.));
#4779=CARTESIAN_POINT('Origin',(-8.09637264449382,13.7532268939862,0.));
#4780=CARTESIAN_POINT('',(-9.51058620686691,12.3390133316131,0.));
#4781=CARTESIAN_POINT('Origin',(-8.09637264449382,13.7532268939862,0.));
#4782=CARTESIAN_POINT('',(-9.51058620686691,12.3390133316131,3.));
#4783=CARTESIAN_POINT('',(-9.51058620686691,12.3390133316131,0.));
#4784=CARTESIAN_POINT('Origin',(-8.09637264449382,13.7532268939862,3.));
#4785=CARTESIAN_POINT('Origin',(-8.09637264450464,10.9247997692508,0.));
#4786=CARTESIAN_POINT('',(-17.345416088423,20.1738432131692,0.));
#4787=CARTESIAN_POINT('',(1.41421356237309,1.41421356237309,0.));
#4788=CARTESIAN_POINT('',(-17.345416088423,20.1738432131692,3.));
#4789=CARTESIAN_POINT('',(-17.345416088423,20.1738432131692,0.));
#4790=CARTESIAN_POINT('',(1.41421356237309,1.41421356237309,3.));
#4791=CARTESIAN_POINT('Origin',(9.9,-9.9,0.));
#4792=CARTESIAN_POINT('',(9.9,-8.8,0.));
#4793=CARTESIAN_POINT('Origin',(9.9,-9.9,0.));
#4794=CARTESIAN_POINT('',(9.9,-8.8,3.));
#4795=CARTESIAN_POINT('',(9.9,-8.8,0.));
#4796=CARTESIAN_POINT('Origin',(9.9,-9.9,3.));
#4797=CARTESIAN_POINT('Origin',(-9.9,-9.9,0.));
#4798=CARTESIAN_POINT('',(-8.8,-9.9,0.));
#4799=CARTESIAN_POINT('Origin',(-9.9,-9.9,0.));
#4800=CARTESIAN_POINT('',(-8.8,-9.9,3.));
#4801=CARTESIAN_POINT('',(-8.8,-9.9,0.));
#4802=CARTESIAN_POINT('Origin',(-9.9,-9.9,3.));
#4803=CARTESIAN_POINT('Origin',(-9.9,9.9,0.));
#4804=CARTESIAN_POINT('',(-9.9,8.8,0.));
#4805=CARTESIAN_POINT('Origin',(-9.9,9.9,0.));
#4806=CARTESIAN_POINT('',(-9.9,8.8,3.));
#4807=CARTESIAN_POINT('',(-9.9,8.8,0.));
#4808=CARTESIAN_POINT('Origin',(-9.9,9.9,3.));
#4809=CARTESIAN_POINT('Origin',(4.20728534812463,9.86413959757253,0.));
#4810=CARTESIAN_POINT('',(5.62149891050382,11.2783531599395,0.));
#4811=CARTESIAN_POINT('',(5.62149891049326,8.44992603519496,0.));
#4812=CARTESIAN_POINT('Origin',(4.20728534812463,9.86413959757253,0.));
#4813=CARTESIAN_POINT('',(5.62149891049326,8.44992603519496,3.));
#4814=CARTESIAN_POINT('',(5.62149891049326,8.44992603519496,0.));
#4815=CARTESIAN_POINT('',(5.62149891050382,11.2783531599395,3.));
#4816=CARTESIAN_POINT('Origin',(4.20728534812463,9.86413959757253,3.));
#4817=CARTESIAN_POINT('',(5.62149891050382,11.2783531599395,0.));
#4818=CARTESIAN_POINT('Origin',(7.03571247290397,9.86413959759673,0.));
#4819=CARTESIAN_POINT('',(1.41421356238651,4.24264068711481,0.));
#4820=CARTESIAN_POINT('',(7.03571247290397,9.86413959759673,0.));
#4821=CARTESIAN_POINT('',(1.41421356238651,4.24264068711481,3.));
#4822=CARTESIAN_POINT('',(1.41421356238651,4.24264068711482,0.));
#4823=CARTESIAN_POINT('',(7.03571247290397,9.86413959759673,3.));
#4824=CARTESIAN_POINT('Origin',(9.86413959759266,4.20728534805579,0.));
#4825=CARTESIAN_POINT('',(11.2783531599718,5.6214989104228,3.));
#4826=CARTESIAN_POINT('',(8.44992603522404,5.62149891043336,3.));
#4827=CARTESIAN_POINT('Origin',(9.86413959759266,4.20728534805579,3.));
#4828=CARTESIAN_POINT('',(8.44992603522404,5.62149891043336,0.));
#4829=CARTESIAN_POINT('',(8.44992603522404,5.62149891043336,0.));
#4830=CARTESIAN_POINT('',(11.2783531599718,5.6214989104228,0.));
#4831=CARTESIAN_POINT('Origin',(9.86413959759266,4.20728534805579,0.));
#4832=CARTESIAN_POINT('',(11.2783531599718,5.6214989104228,0.));
#4833=CARTESIAN_POINT('Origin',(1.41421356236863,-1.41421356237757,0.));
#4834=CARTESIAN_POINT('',(4.24264068712376,1.41421356235968,3.));
#4835=CARTESIAN_POINT('',(-7.03571247290397,-9.86413959759673,3.));
#4836=CARTESIAN_POINT('',(4.24264068712376,1.41421356235968,0.));
#4837=CARTESIAN_POINT('',(4.24264068712376,1.41421356235968,0.));
#4838=CARTESIAN_POINT('',(1.41421356236863,-1.41421356237757,0.));
#4839=CARTESIAN_POINT('Origin',(8.09637264453709,13.7532268940295,0.));
#4840=CARTESIAN_POINT('',(6.68215908215318,12.3390133316672,3.));
#4841=CARTESIAN_POINT('',(9.51058620691019,12.3390133316564,3.));
#4842=CARTESIAN_POINT('Origin',(8.09637264453709,13.7532268940295,3.));
#4843=CARTESIAN_POINT('',(9.51058620691019,12.3390133316564,0.));
#4844=CARTESIAN_POINT('',(9.51058620691019,12.3390133316564,0.));
#4845=CARTESIAN_POINT('',(6.68215908215318,12.3390133316672,0.));
#4846=CARTESIAN_POINT('Origin',(8.09637264453709,13.7532268940295,0.));
#4847=CARTESIAN_POINT('',(6.68215908215318,12.3390133316672,0.));
#4848=CARTESIAN_POINT('Origin',(17.345416088423,20.1738432131692,0.));
#4849=CARTESIAN_POINT('',(17.345416088423,20.1738432131692,3.));
#4850=CARTESIAN_POINT('',(20.5857864376269,23.4142135623731,3.));
#4851=CARTESIAN_POINT('',(17.345416088423,20.1738432131692,0.));
#4852=CARTESIAN_POINT('',(17.345416088423,20.1738432131692,0.));
#4853=CARTESIAN_POINT('',(20.5857864376269,23.4142135623731,0.));
#4854=CARTESIAN_POINT('Origin',(13.7532268939862,8.09637264449382,0.));
#4855=CARTESIAN_POINT('',(12.3390133316131,9.51058620686691,0.));
#4856=CARTESIAN_POINT('Origin',(13.7532268939862,8.09637264449382,0.));
#4857=CARTESIAN_POINT('',(12.3390133316131,9.51058620686691,3.));
#4858=CARTESIAN_POINT('',(12.3390133316131,9.51058620686691,0.));
#4859=CARTESIAN_POINT('Origin',(13.7532268939862,8.09637264449382,3.));
#4860=CARTESIAN_POINT('Origin',(10.9247997692508,8.09637264450464,0.));
#4861=CARTESIAN_POINT('',(20.1738432131692,17.345416088423,0.));
#4862=CARTESIAN_POINT('',(1.41421356237309,-1.41421356237309,0.));
#4863=CARTESIAN_POINT('',(20.1738432131692,17.345416088423,3.));
#4864=CARTESIAN_POINT('',(20.1738432131692,17.345416088423,0.));
#4865=CARTESIAN_POINT('',(1.41421356237309,-1.41421356237309,3.));
#4866=CARTESIAN_POINT('Origin',(9.9,9.9,0.));
#4867=CARTESIAN_POINT('',(8.8,9.9,0.));
#4868=CARTESIAN_POINT('Origin',(9.9,9.9,0.));
#4869=CARTESIAN_POINT('',(8.8,9.9,3.));
#4870=CARTESIAN_POINT('',(8.8,9.9,0.));
#4871=CARTESIAN_POINT('Origin',(9.9,9.9,3.));
#4872=CARTESIAN_POINT('Origin',(22.,22.,2.6));
#4873=CARTESIAN_POINT('',(19.4060755267559,22.177639598922,3.));
#4874=CARTESIAN_POINT('',(19.6647757112114,23.1431218312376,3.));
#4875=CARTESIAN_POINT('Ctrl Pts',(19.4060755267559,22.177639598922,3.));
#4876=CARTESIAN_POINT('Ctrl Pts',(19.4085126169826,22.1797782689943,2.99771472481203));
#4877=CARTESIAN_POINT('Ctrl Pts',(19.4109390225091,22.1819308754747,2.99544411389098));
#4878=CARTESIAN_POINT('Ctrl Pts',(19.4686224566561,22.2336655807971,2.94157900768456));
#4879=CARTESIAN_POINT('Ctrl Pts',(19.5252521965181,22.2975280659784,2.89124349721412));
#4880=CARTESIAN_POINT('Ctrl Pts',(19.6202013962964,22.4474097660283,2.82012629064264));
#4881=CARTESIAN_POINT('Ctrl Pts',(19.6583765765704,22.5338303439426,2.8));
#4882=CARTESIAN_POINT('Ctrl Pts',(19.705179457242,22.7085010725495,2.8));
#4883=CARTESIAN_POINT('Ctrl Pts',(19.7153290702878,22.8024310785701,2.82012629064264));
#4884=CARTESIAN_POINT('Ctrl Pts',(19.7080415012357,22.9797070382648,2.89124349721412));
#4885=CARTESIAN_POINT('Ctrl Pts',(19.6909299504962,23.0633284427116,2.94157900768456));
#4886=CARTESIAN_POINT('Ctrl Pts',(19.6668419838086,23.1369737288517,2.99544411389098));
#4887=CARTESIAN_POINT('Ctrl Pts',(19.6658169582229,23.1400511435112,2.99771472481204));
#4888=CARTESIAN_POINT('Ctrl Pts',(19.6647757112114,23.1431218312376,3.));
#4889=CARTESIAN_POINT('',(22.,19.4,3.));
#4890=CARTESIAN_POINT('Origin',(22.,22.,3.));
#4891=CARTESIAN_POINT('',(22.,20.2,2.2));
#4892=CARTESIAN_POINT('',(22.,19.8,2.6));
#4893=CARTESIAN_POINT('Origin',(22.,22.,2.2));
#4894=CARTESIAN_POINT('',(22.177639598922,19.4060755267559,3.));
#4895=CARTESIAN_POINT('Origin',(22.,22.,3.));
#4896=CARTESIAN_POINT('',(23.1431218312376,19.6647757112114,3.));
#4897=CARTESIAN_POINT('Ctrl Pts',(23.1431218312376,19.6647757112114,3.));
#4898=CARTESIAN_POINT('Ctrl Pts',(23.1400511435112,19.6658169582229,2.99771472481204));
#4899=CARTESIAN_POINT('Ctrl Pts',(23.1369737288517,19.6668419838086,2.99544411389098));
#4900=CARTESIAN_POINT('Ctrl Pts',(23.0633284427116,19.6909299504962,2.94157900768456));
#4901=CARTESIAN_POINT('Ctrl Pts',(22.9797070382648,19.7080415012357,2.89124349721412));
#4902=CARTESIAN_POINT('Ctrl Pts',(22.8024310785701,19.7153290702878,2.82012629064264));
#4903=CARTESIAN_POINT('Ctrl Pts',(22.7085010725495,19.705179457242,2.8));
#4904=CARTESIAN_POINT('Ctrl Pts',(22.5338303439426,19.6583765765704,2.8));
#4905=CARTESIAN_POINT('Ctrl Pts',(22.4474097660283,19.6202013962964,2.82012629064264));
#4906=CARTESIAN_POINT('Ctrl Pts',(22.2975280659784,19.5252521965181,2.89124349721412));
#4907=CARTESIAN_POINT('Ctrl Pts',(22.233665580797,19.4686224566561,2.94157900768456));
#4908=CARTESIAN_POINT('Ctrl Pts',(22.1819308754747,19.4109390225091,2.99544411389098));
#4909=CARTESIAN_POINT('Ctrl Pts',(22.1797782689943,19.4085126169826,2.99771472481204));
#4910=CARTESIAN_POINT('Ctrl Pts',(22.177639598922,19.4060755267559,3.));
#4911=CARTESIAN_POINT('',(24.1575846898666,23.4508026420066,3.));
#4912=CARTESIAN_POINT('Origin',(22.,22.,3.));
#4913=CARTESIAN_POINT('',(23.4508026420066,24.1575846898666,3.));
#4914=CARTESIAN_POINT('Ctrl Pts',(23.4508026420066,24.1575846898666,3.));
#4915=CARTESIAN_POINT('Ctrl Pts',(23.4514362395062,24.1544047727828,2.99771472481204));
#4916=CARTESIAN_POINT('Ctrl Pts',(23.4520872486393,24.1512271407168,2.99544411389098));
#4917=CARTESIAN_POINT('Ctrl Pts',(23.4680491006322,24.0754044687067,2.94157900768456));
#4918=CARTESIAN_POINT('Ctrl Pts',(23.4950407652171,23.9944304327859,2.89124349721412));
#4919=CARTESIAN_POINT('Ctrl Pts',(23.5773675251335,23.837261163684,2.82012629064264));
#4920=CARTESIAN_POINT('Ctrl Pts',(23.63312235088,23.7609901988154,2.79999999999999));
#4921=CARTESIAN_POINT('Ctrl Pts',(23.7609901988154,23.63312235088,2.79999999999999));
#4922=CARTESIAN_POINT('Ctrl Pts',(23.837261163684,23.5773675251336,2.82012629064264));
#4923=CARTESIAN_POINT('Ctrl Pts',(23.9944304327859,23.4950407652171,2.89124349721412));
#4924=CARTESIAN_POINT('Ctrl Pts',(24.0754044687067,23.4680491006322,2.94157900768456));
#4925=CARTESIAN_POINT('Ctrl Pts',(24.1512271407168,23.4520872486393,2.99544411389098));
#4926=CARTESIAN_POINT('Ctrl Pts',(24.1544047727828,23.4514362395062,2.99771472481204));
#4927=CARTESIAN_POINT('Ctrl Pts',(24.1575846898666,23.4508026420066,3.));
#4928=CARTESIAN_POINT('Origin',(22.,22.,3.));
#4929=CARTESIAN_POINT('Origin',(24.3334523779156,24.3334523779156,3.));
#4930=CARTESIAN_POINT('',(24.3334523779156,25.2334523779156,3.));
#4931=CARTESIAN_POINT('Origin',(24.3334523779156,24.3334523779156,3.));
#4932=CARTESIAN_POINT('',(24.3334523779156,25.2334523779156,0.6));
#4933=CARTESIAN_POINT('',(24.3334523779156,25.2334523779156,3.));
#4934=CARTESIAN_POINT('Origin',(24.3334523779156,24.3334523779156,0.6));
#4935=CARTESIAN_POINT('Origin',(24.3334523779156,24.3334523779156,3.));
#4936=CARTESIAN_POINT('Origin',(22.8541028488383,18.8124447732461,3.));
#4937=CARTESIAN_POINT('',(23.6335257122443,18.3624447732461,3.));
#4938=CARTESIAN_POINT('Origin',(22.8541028488383,18.8124447732461,3.));
#4939=CARTESIAN_POINT('',(23.6335257122443,18.3624447732461,0.6));
#4940=CARTESIAN_POINT('',(23.6335257122443,18.3624447732461,3.));
#4941=CARTESIAN_POINT('Origin',(22.8541028488383,18.8124447732461,0.6));
#4942=CARTESIAN_POINT('Origin',(22.8541028488383,18.8124447732461,3.));
#4943=CARTESIAN_POINT('Origin',(22.,22.,0.));
#4944=CARTESIAN_POINT('',(22.,20.2,0.));
#4945=CARTESIAN_POINT('',(22.,20.2,0.));
#4946=CARTESIAN_POINT('',(20.2613335126797,22.4658742811845,0.));
#4947=CARTESIAN_POINT('Origin',(22.,22.,0.));
#4948=CARTESIAN_POINT('',(23.2727922061358,23.2727922061358,0.));
#4949=CARTESIAN_POINT('Origin',(22.,22.,0.));
#4950=CARTESIAN_POINT('',(22.4658742811845,20.2613335126797,0.));
#4951=CARTESIAN_POINT('Origin',(22.,22.,0.));
#4952=CARTESIAN_POINT('Origin',(22.,22.,0.));
#4953=CARTESIAN_POINT('Origin',(-22.,22.,2.6));
#4954=CARTESIAN_POINT('',(-22.177639598922,19.4060755267559,3.));
#4955=CARTESIAN_POINT('',(-23.1431218312376,19.6647757112114,3.));
#4956=CARTESIAN_POINT('Ctrl Pts',(-22.177639598922,19.4060755267559,3.));
#4957=CARTESIAN_POINT('Ctrl Pts',(-22.1797782689943,19.4085126169826,2.99771472481203));
#4958=CARTESIAN_POINT('Ctrl Pts',(-22.1819308754747,19.4109390225091,2.99544411389097));
#4959=CARTESIAN_POINT('Ctrl Pts',(-22.2336655807971,19.4686224566561,2.94157900768455));
#4960=CARTESIAN_POINT('Ctrl Pts',(-22.2975280659784,19.5252521965181,2.89124349721411));
#4961=CARTESIAN_POINT('Ctrl Pts',(-22.4474097660283,19.6202013962964,2.82012629064264));
#4962=CARTESIAN_POINT('Ctrl Pts',(-22.5338303439426,19.6583765765704,2.8));
#4963=CARTESIAN_POINT('Ctrl Pts',(-22.7085010725495,19.705179457242,2.8));
#4964=CARTESIAN_POINT('Ctrl Pts',(-22.8024310785701,19.7153290702878,2.82012629064264));
#4965=CARTESIAN_POINT('Ctrl Pts',(-22.9797070382648,19.7080415012357,2.89124349721412));
#4966=CARTESIAN_POINT('Ctrl Pts',(-23.0633284427116,19.6909299504962,2.94157900768456));
#4967=CARTESIAN_POINT('Ctrl Pts',(-23.1369737288517,19.6668419838086,2.99544411389098));
#4968=CARTESIAN_POINT('Ctrl Pts',(-23.1400511435112,19.6658169582229,2.99771472481203));
#4969=CARTESIAN_POINT('Ctrl Pts',(-23.1431218312376,19.6647757112114,3.));
#4970=CARTESIAN_POINT('',(-19.4,22.,3.));
#4971=CARTESIAN_POINT('Origin',(-22.,22.,3.));
#4972=CARTESIAN_POINT('',(-20.2,22.,2.2));
#4973=CARTESIAN_POINT('',(-19.8,22.,2.6));
#4974=CARTESIAN_POINT('Origin',(-22.,22.,2.2));
#4975=CARTESIAN_POINT('',(-19.4060755267559,22.177639598922,3.));
#4976=CARTESIAN_POINT('Origin',(-22.,22.,3.));
#4977=CARTESIAN_POINT('',(-19.6647757112114,23.1431218312376,3.));
#4978=CARTESIAN_POINT('Ctrl Pts',(-19.6647757112114,23.1431218312376,3.));
#4979=CARTESIAN_POINT('Ctrl Pts',(-19.6658169582229,23.1400511435112,2.99771472481204));
#4980=CARTESIAN_POINT('Ctrl Pts',(-19.6668419838086,23.1369737288517,2.99544411389098));
#4981=CARTESIAN_POINT('Ctrl Pts',(-19.6909299504962,23.0633284427116,2.94157900768456));
#4982=CARTESIAN_POINT('Ctrl Pts',(-19.7080415012357,22.9797070382648,2.89124349721412));
#4983=CARTESIAN_POINT('Ctrl Pts',(-19.7153290702878,22.8024310785701,2.82012629064264));
#4984=CARTESIAN_POINT('Ctrl Pts',(-19.705179457242,22.7085010725495,2.8));
#4985=CARTESIAN_POINT('Ctrl Pts',(-19.6583765765704,22.5338303439426,2.8));
#4986=CARTESIAN_POINT('Ctrl Pts',(-19.6202013962964,22.4474097660283,2.82012629064264));
#4987=CARTESIAN_POINT('Ctrl Pts',(-19.5252521965181,22.2975280659784,2.89124349721412));
#4988=CARTESIAN_POINT('Ctrl Pts',(-19.4686224566561,22.2336655807971,2.94157900768456));
#4989=CARTESIAN_POINT('Ctrl Pts',(-19.4109390225091,22.1819308754747,2.99544411389098));
#4990=CARTESIAN_POINT('Ctrl Pts',(-19.4085126169826,22.1797782689943,2.99771472481204));
#4991=CARTESIAN_POINT('Ctrl Pts',(-19.4060755267559,22.177639598922,3.));
#4992=CARTESIAN_POINT('',(-23.4508026420066,24.1575846898666,3.));
#4993=CARTESIAN_POINT('Origin',(-22.,22.,3.));
#4994=CARTESIAN_POINT('',(-24.1575846898666,23.4508026420066,3.));
#4995=CARTESIAN_POINT('Ctrl Pts',(-24.1575846898666,23.4508026420066,3.));
#4996=CARTESIAN_POINT('Ctrl Pts',(-24.1544047727828,23.4514362395062,2.99771472481204));
#4997=CARTESIAN_POINT('Ctrl Pts',(-24.1512271407168,23.4520872486393,2.99544411389098));
#4998=CARTESIAN_POINT('Ctrl Pts',(-24.0754044687067,23.4680491006322,2.94157900768456));
#4999=CARTESIAN_POINT('Ctrl Pts',(-23.9944304327859,23.4950407652171,2.89124349721412));
#5000=CARTESIAN_POINT('Ctrl Pts',(-23.837261163684,23.5773675251335,2.82012629064264));
#5001=CARTESIAN_POINT('Ctrl Pts',(-23.7609901988154,23.63312235088,2.79999999999999));
#5002=CARTESIAN_POINT('Ctrl Pts',(-23.63312235088,23.7609901988154,2.79999999999999));
#5003=CARTESIAN_POINT('Ctrl Pts',(-23.5773675251336,23.837261163684,2.82012629064264));
#5004=CARTESIAN_POINT('Ctrl Pts',(-23.4950407652171,23.9944304327859,2.89124349721412));
#5005=CARTESIAN_POINT('Ctrl Pts',(-23.4680491006322,24.0754044687067,2.94157900768456));
#5006=CARTESIAN_POINT('Ctrl Pts',(-23.4520872486393,24.1512271407168,2.99544411389098));
#5007=CARTESIAN_POINT('Ctrl Pts',(-23.4514362395062,24.1544047727828,2.99771472481204));
#5008=CARTESIAN_POINT('Ctrl Pts',(-23.4508026420066,24.1575846898666,3.));
#5009=CARTESIAN_POINT('Origin',(-22.,22.,3.));
#5010=CARTESIAN_POINT('Origin',(-24.3334523779156,24.3334523779156,3.));
#5011=CARTESIAN_POINT('',(-25.2334523779156,24.3334523779156,3.));
#5012=CARTESIAN_POINT('Origin',(-24.3334523779156,24.3334523779156,3.));
#5013=CARTESIAN_POINT('',(-25.2334523779156,24.3334523779156,0.6));
#5014=CARTESIAN_POINT('',(-25.2334523779156,24.3334523779156,3.));
#5015=CARTESIAN_POINT('Origin',(-24.3334523779156,24.3334523779156,0.6));
#5016=CARTESIAN_POINT('Origin',(-24.3334523779156,24.3334523779156,3.));
#5017=CARTESIAN_POINT('Origin',(-18.8124447732461,22.8541028488383,3.));
#5018=CARTESIAN_POINT('',(-18.3624447732461,23.6335257122443,3.));
#5019=CARTESIAN_POINT('Origin',(-18.8124447732461,22.8541028488383,3.));
#5020=CARTESIAN_POINT('',(-18.3624447732461,23.6335257122443,0.6));
#5021=CARTESIAN_POINT('',(-18.3624447732461,23.6335257122443,3.));
#5022=CARTESIAN_POINT('Origin',(-18.8124447732461,22.8541028488383,0.6));
#5023=CARTESIAN_POINT('Origin',(-18.8124447732461,22.8541028488383,3.));
#5024=CARTESIAN_POINT('Origin',(-22.,22.,0.));
#5025=CARTESIAN_POINT('',(-20.2,22.,0.));
#5026=CARTESIAN_POINT('',(-20.2,22.,0.));
#5027=CARTESIAN_POINT('',(-22.4658742811845,20.2613335126797,0.));
#5028=CARTESIAN_POINT('Origin',(-22.,22.,0.));
#5029=CARTESIAN_POINT('',(-23.2727922061358,23.2727922061358,0.));
#5030=CARTESIAN_POINT('Origin',(-22.,22.,0.));
#5031=CARTESIAN_POINT('',(-20.2613335126797,22.4658742811845,0.));
#5032=CARTESIAN_POINT('Origin',(-22.,22.,0.));
#5033=CARTESIAN_POINT('Origin',(-22.,22.,0.));
#5034=CARTESIAN_POINT('Origin',(-22.,-22.,2.6));
#5035=CARTESIAN_POINT('',(-19.4060755267559,-22.177639598922,3.));
#5036=CARTESIAN_POINT('',(-19.6647757112114,-23.1431218312376,3.));
#5037=CARTESIAN_POINT('Ctrl Pts',(-19.4060755267559,-22.177639598922,3.));
#5038=CARTESIAN_POINT('Ctrl Pts',(-19.4085126169826,-22.1797782689943,2.99771472481203));
#5039=CARTESIAN_POINT('Ctrl Pts',(-19.4109390225091,-22.1819308754747,2.99544411389098));
#5040=CARTESIAN_POINT('Ctrl Pts',(-19.4686224566561,-22.2336655807971,2.94157900768456));
#5041=CARTESIAN_POINT('Ctrl Pts',(-19.5252521965181,-22.2975280659784,2.89124349721412));
#5042=CARTESIAN_POINT('Ctrl Pts',(-19.6202013962964,-22.4474097660283,2.82012629064264));
#5043=CARTESIAN_POINT('Ctrl Pts',(-19.6583765765704,-22.5338303439426,2.8));
#5044=CARTESIAN_POINT('Ctrl Pts',(-19.705179457242,-22.7085010725495,2.8));
#5045=CARTESIAN_POINT('Ctrl Pts',(-19.7153290702878,-22.8024310785701,2.82012629064264));
#5046=CARTESIAN_POINT('Ctrl Pts',(-19.7080415012357,-22.9797070382648,2.89124349721412));
#5047=CARTESIAN_POINT('Ctrl Pts',(-19.6909299504962,-23.0633284427116,2.94157900768456));
#5048=CARTESIAN_POINT('Ctrl Pts',(-19.6668419838086,-23.1369737288517,2.99544411389098));
#5049=CARTESIAN_POINT('Ctrl Pts',(-19.6658169582229,-23.1400511435112,2.99771472481203));
#5050=CARTESIAN_POINT('Ctrl Pts',(-19.6647757112114,-23.1431218312376,3.));
#5051=CARTESIAN_POINT('',(-22.,-19.4,3.));
#5052=CARTESIAN_POINT('Origin',(-22.,-22.,3.));
#5053=CARTESIAN_POINT('',(-22.,-20.2,2.2));
#5054=CARTESIAN_POINT('',(-22.,-19.8,2.6));
#5055=CARTESIAN_POINT('Origin',(-22.,-22.,2.2));
#5056=CARTESIAN_POINT('',(-22.177639598922,-19.4060755267559,3.));
#5057=CARTESIAN_POINT('Origin',(-22.,-22.,3.));
#5058=CARTESIAN_POINT('',(-23.1431218312376,-19.6647757112114,3.));
#5059=CARTESIAN_POINT('Ctrl Pts',(-23.1431218312376,-19.6647757112114,3.));
#5060=CARTESIAN_POINT('Ctrl Pts',(-23.1400511435112,-19.6658169582229,2.99771472481204));
#5061=CARTESIAN_POINT('Ctrl Pts',(-23.1369737288517,-19.6668419838086,2.99544411389098));
#5062=CARTESIAN_POINT('Ctrl Pts',(-23.0633284427116,-19.6909299504962,2.94157900768456));
#5063=CARTESIAN_POINT('Ctrl Pts',(-22.9797070382648,-19.7080415012357,2.89124349721412));
#5064=CARTESIAN_POINT('Ctrl Pts',(-22.8024310785701,-19.7153290702878,2.82012629064264));
#5065=CARTESIAN_POINT('Ctrl Pts',(-22.7085010725495,-19.705179457242,2.8));
#5066=CARTESIAN_POINT('Ctrl Pts',(-22.5338303439426,-19.6583765765704,2.8));
#5067=CARTESIAN_POINT('Ctrl Pts',(-22.4474097660283,-19.6202013962964,2.82012629064264));
#5068=CARTESIAN_POINT('Ctrl Pts',(-22.2975280659784,-19.5252521965181,2.89124349721412));
#5069=CARTESIAN_POINT('Ctrl Pts',(-22.2336655807971,-19.4686224566561,2.94157900768456));
#5070=CARTESIAN_POINT('Ctrl Pts',(-22.1819308754747,-19.4109390225091,2.99544411389098));
#5071=CARTESIAN_POINT('Ctrl Pts',(-22.1797782689943,-19.4085126169826,2.99771472481204));
#5072=CARTESIAN_POINT('Ctrl Pts',(-22.177639598922,-19.4060755267559,3.));
#5073=CARTESIAN_POINT('',(-24.1575846898666,-23.4508026420066,3.));
#5074=CARTESIAN_POINT('Origin',(-22.,-22.,3.));
#5075=CARTESIAN_POINT('',(-23.4508026420066,-24.1575846898666,3.));
#5076=CARTESIAN_POINT('Ctrl Pts',(-23.4508026420066,-24.1575846898666,3.));
#5077=CARTESIAN_POINT('Ctrl Pts',(-23.4514362395062,-24.1544047727828,2.99771472481204));
#5078=CARTESIAN_POINT('Ctrl Pts',(-23.4520872486393,-24.1512271407168,2.99544411389098));
#5079=CARTESIAN_POINT('Ctrl Pts',(-23.4680491006322,-24.0754044687067,2.94157900768456));
#5080=CARTESIAN_POINT('Ctrl Pts',(-23.4950407652171,-23.9944304327859,2.89124349721412));
#5081=CARTESIAN_POINT('Ctrl Pts',(-23.5773675251336,-23.837261163684,2.82012629064264));
#5082=CARTESIAN_POINT('Ctrl Pts',(-23.63312235088,-23.7609901988154,2.79999999999999));
#5083=CARTESIAN_POINT('Ctrl Pts',(-23.7609901988154,-23.63312235088,2.79999999999999));
#5084=CARTESIAN_POINT('Ctrl Pts',(-23.837261163684,-23.5773675251336,2.82012629064264));
#5085=CARTESIAN_POINT('Ctrl Pts',(-23.9944304327859,-23.4950407652171,2.89124349721412));
#5086=CARTESIAN_POINT('Ctrl Pts',(-24.0754044687067,-23.4680491006322,2.94157900768456));
#5087=CARTESIAN_POINT('Ctrl Pts',(-24.1512271407168,-23.4520872486393,2.99544411389098));
#5088=CARTESIAN_POINT('Ctrl Pts',(-24.1544047727828,-23.4514362395062,2.99771472481204));
#5089=CARTESIAN_POINT('Ctrl Pts',(-24.1575846898666,-23.4508026420066,3.));
#5090=CARTESIAN_POINT('Origin',(-22.,-22.,3.));
#5091=CARTESIAN_POINT('Origin',(-24.3334523779156,-24.3334523779156,3.));
#5092=CARTESIAN_POINT('',(-24.3334523779156,-25.2334523779156,3.));
#5093=CARTESIAN_POINT('Origin',(-24.3334523779156,-24.3334523779156,3.));
#5094=CARTESIAN_POINT('',(-24.3334523779156,-25.2334523779156,0.6));
#5095=CARTESIAN_POINT('',(-24.3334523779156,-25.2334523779156,3.));
#5096=CARTESIAN_POINT('Origin',(-24.3334523779156,-24.3334523779156,0.6));
#5097=CARTESIAN_POINT('Origin',(-24.3334523779156,-24.3334523779156,3.));
#5098=CARTESIAN_POINT('Origin',(-22.8541028488383,-18.8124447732461,3.));
#5099=CARTESIAN_POINT('',(-23.6335257122443,-18.3624447732461,3.));
#5100=CARTESIAN_POINT('Origin',(-22.8541028488383,-18.8124447732461,3.));
#5101=CARTESIAN_POINT('',(-23.6335257122443,-18.3624447732461,0.6));
#5102=CARTESIAN_POINT('',(-23.6335257122443,-18.3624447732461,3.));
#5103=CARTESIAN_POINT('Origin',(-22.8541028488383,-18.8124447732461,0.6));
#5104=CARTESIAN_POINT('Origin',(-22.8541028488383,-18.8124447732461,3.));
#5105=CARTESIAN_POINT('Origin',(-22.,-22.,0.));
#5106=CARTESIAN_POINT('',(-22.,-20.2,0.));
#5107=CARTESIAN_POINT('',(-22.,-20.2,0.));
#5108=CARTESIAN_POINT('',(-20.2613335126797,-22.4658742811845,0.));
#5109=CARTESIAN_POINT('Origin',(-22.,-22.,0.));
#5110=CARTESIAN_POINT('',(-23.2727922061358,-23.2727922061358,0.));
#5111=CARTESIAN_POINT('Origin',(-22.,-22.,0.));
#5112=CARTESIAN_POINT('',(-22.4658742811845,-20.2613335126797,0.));
#5113=CARTESIAN_POINT('Origin',(-22.,-22.,0.));
#5114=CARTESIAN_POINT('Origin',(-22.,-22.,0.));
#5115=CARTESIAN_POINT('Origin',(22.,-22.,2.6));
#5116=CARTESIAN_POINT('',(22.177639598922,-19.4060755267559,3.));
#5117=CARTESIAN_POINT('',(23.1431218312376,-19.6647757112114,3.));
#5118=CARTESIAN_POINT('Ctrl Pts',(22.177639598922,-19.4060755267559,3.));
#5119=CARTESIAN_POINT('Ctrl Pts',(22.1797782689943,-19.4085126169826,2.99771472481204));
#5120=CARTESIAN_POINT('Ctrl Pts',(22.1819308754747,-19.4109390225091,2.99544411389098));
#5121=CARTESIAN_POINT('Ctrl Pts',(22.2336655807971,-19.4686224566561,2.94157900768456));
#5122=CARTESIAN_POINT('Ctrl Pts',(22.2975280659784,-19.5252521965181,2.89124349721412));
#5123=CARTESIAN_POINT('Ctrl Pts',(22.4474097660283,-19.6202013962963,2.82012629064264));
#5124=CARTESIAN_POINT('Ctrl Pts',(22.5338303439426,-19.6583765765704,2.8));
#5125=CARTESIAN_POINT('Ctrl Pts',(22.7085010725495,-19.705179457242,2.8));
#5126=CARTESIAN_POINT('Ctrl Pts',(22.8024310785701,-19.7153290702878,2.82012629064264));
#5127=CARTESIAN_POINT('Ctrl Pts',(22.9797070382648,-19.7080415012357,2.89124349721412));
#5128=CARTESIAN_POINT('Ctrl Pts',(23.0633284427116,-19.6909299504962,2.94157900768456));
#5129=CARTESIAN_POINT('Ctrl Pts',(23.1369737288517,-19.6668419838086,2.99544411389098));
#5130=CARTESIAN_POINT('Ctrl Pts',(23.1400511435112,-19.6658169582229,2.99771472481204));
#5131=CARTESIAN_POINT('Ctrl Pts',(23.1431218312376,-19.6647757112114,3.));
#5132=CARTESIAN_POINT('',(19.4,-22.,3.));
#5133=CARTESIAN_POINT('Origin',(22.,-22.,3.));
#5134=CARTESIAN_POINT('',(20.2,-22.,2.2));
#5135=CARTESIAN_POINT('',(19.8,-22.,2.6));
#5136=CARTESIAN_POINT('Origin',(22.,-22.,2.2));
#5137=CARTESIAN_POINT('',(19.4060755267559,-22.177639598922,3.));
#5138=CARTESIAN_POINT('Origin',(22.,-22.,3.));
#5139=CARTESIAN_POINT('',(19.6647757112114,-23.1431218312376,3.));
#5140=CARTESIAN_POINT('Ctrl Pts',(19.6647757112114,-23.1431218312376,3.));
#5141=CARTESIAN_POINT('Ctrl Pts',(19.6658169582229,-23.1400511435112,2.99771472481204));
#5142=CARTESIAN_POINT('Ctrl Pts',(19.6668419838086,-23.1369737288517,2.99544411389098));
#5143=CARTESIAN_POINT('Ctrl Pts',(19.6909299504963,-23.0633284427116,2.94157900768456));
#5144=CARTESIAN_POINT('Ctrl Pts',(19.7080415012357,-22.9797070382648,2.89124349721412));
#5145=CARTESIAN_POINT('Ctrl Pts',(19.7153290702878,-22.8024310785701,2.82012629064264));
#5146=CARTESIAN_POINT('Ctrl Pts',(19.705179457242,-22.7085010725495,2.8));
#5147=CARTESIAN_POINT('Ctrl Pts',(19.6583765765705,-22.5338303439426,2.8));
#5148=CARTESIAN_POINT('Ctrl Pts',(19.6202013962964,-22.4474097660283,2.82012629064264));
#5149=CARTESIAN_POINT('Ctrl Pts',(19.5252521965181,-22.2975280659784,2.89124349721412));
#5150=CARTESIAN_POINT('Ctrl Pts',(19.4686224566561,-22.233665580797,2.94157900768456));
#5151=CARTESIAN_POINT('Ctrl Pts',(19.4109390225091,-22.1819308754747,2.99544411389098));
#5152=CARTESIAN_POINT('Ctrl Pts',(19.4085126169826,-22.1797782689943,2.99771472481204));
#5153=CARTESIAN_POINT('Ctrl Pts',(19.4060755267559,-22.177639598922,3.));
#5154=CARTESIAN_POINT('',(23.4508026420066,-24.1575846898666,3.));
#5155=CARTESIAN_POINT('Origin',(22.,-22.,3.));
#5156=CARTESIAN_POINT('',(24.1575846898666,-23.4508026420066,3.));
#5157=CARTESIAN_POINT('Ctrl Pts',(24.1575846898666,-23.4508026420066,3.));
#5158=CARTESIAN_POINT('Ctrl Pts',(24.1544047727828,-23.4514362395062,2.99771472481204));
#5159=CARTESIAN_POINT('Ctrl Pts',(24.1512271407168,-23.4520872486393,2.99544411389098));
#5160=CARTESIAN_POINT('Ctrl Pts',(24.0754044687067,-23.4680491006322,2.94157900768456));
#5161=CARTESIAN_POINT('Ctrl Pts',(23.9944304327859,-23.4950407652171,2.89124349721412));
#5162=CARTESIAN_POINT('Ctrl Pts',(23.837261163684,-23.5773675251335,2.82012629064264));
#5163=CARTESIAN_POINT('Ctrl Pts',(23.7609901988154,-23.63312235088,2.79999999999999));
#5164=CARTESIAN_POINT('Ctrl Pts',(23.63312235088,-23.7609901988154,2.79999999999999));
#5165=CARTESIAN_POINT('Ctrl Pts',(23.5773675251336,-23.837261163684,2.82012629064264));
#5166=CARTESIAN_POINT('Ctrl Pts',(23.4950407652171,-23.9944304327859,2.89124349721412));
#5167=CARTESIAN_POINT('Ctrl Pts',(23.4680491006322,-24.0754044687067,2.94157900768456));
#5168=CARTESIAN_POINT('Ctrl Pts',(23.4520872486393,-24.1512271407168,2.99544411389098));
#5169=CARTESIAN_POINT('Ctrl Pts',(23.4514362395062,-24.1544047727828,2.99771472481204));
#5170=CARTESIAN_POINT('Ctrl Pts',(23.4508026420066,-24.1575846898666,3.));
#5171=CARTESIAN_POINT('Origin',(22.,-22.,3.));
#5172=CARTESIAN_POINT('Origin',(24.3334523779156,-24.3334523779156,3.));
#5173=CARTESIAN_POINT('',(25.2334523779156,-24.3334523779156,3.));
#5174=CARTESIAN_POINT('Origin',(24.3334523779156,-24.3334523779156,3.));
#5175=CARTESIAN_POINT('',(25.2334523779156,-24.3334523779156,0.6));
#5176=CARTESIAN_POINT('',(25.2334523779156,-24.3334523779156,3.));
#5177=CARTESIAN_POINT('Origin',(24.3334523779156,-24.3334523779156,0.6));
#5178=CARTESIAN_POINT('Origin',(24.3334523779156,-24.3334523779156,3.));
#5179=CARTESIAN_POINT('Origin',(18.8124447732461,-22.8541028488383,3.));
#5180=CARTESIAN_POINT('',(18.3624447732461,-23.6335257122443,3.));
#5181=CARTESIAN_POINT('Origin',(18.8124447732461,-22.8541028488383,3.));
#5182=CARTESIAN_POINT('',(18.3624447732461,-23.6335257122443,0.6));
#5183=CARTESIAN_POINT('',(18.3624447732461,-23.6335257122443,3.));
#5184=CARTESIAN_POINT('Origin',(18.8124447732461,-22.8541028488383,0.6));
#5185=CARTESIAN_POINT('Origin',(18.8124447732461,-22.8541028488383,3.));
#5186=CARTESIAN_POINT('Origin',(22.,-22.,0.));
#5187=CARTESIAN_POINT('',(20.2,-22.,0.));
#5188=CARTESIAN_POINT('',(20.2,-22.,0.));
#5189=CARTESIAN_POINT('',(22.4658742811845,-20.2613335126797,0.));
#5190=CARTESIAN_POINT('Origin',(22.,-22.,0.));
#5191=CARTESIAN_POINT('',(23.2727922061358,-23.2727922061358,0.));
#5192=CARTESIAN_POINT('Origin',(22.,-22.,0.));
#5193=CARTESIAN_POINT('',(20.2613335126797,-22.4658742811845,0.));
#5194=CARTESIAN_POINT('Origin',(22.,-22.,0.));
#5195=CARTESIAN_POINT('Origin',(22.,-22.,0.));
#5196=CARTESIAN_POINT('Origin',(-5.65685424949238,1.78861103848909E-11,
0.));
#5197=CARTESIAN_POINT('Origin',(-5.65685424949238,1.78861103848909E-11,
0.));
#5198=CARTESIAN_POINT('Origin',(-5.65685424949238,1.78861103848909E-11,
3.));
#5199=CARTESIAN_POINT('Origin',(-1.78841674945978E-11,-5.65685424949238,
0.));
#5200=CARTESIAN_POINT('Origin',(-1.78841674945978E-11,-5.65685424949238,
3.));
#5201=CARTESIAN_POINT('Origin',(-1.78841674945978E-11,-5.65685424949238,
0.));
#5202=CARTESIAN_POINT('Origin',(5.65685424949238,-1.78838899388417E-11,
0.));
#5203=CARTESIAN_POINT('Origin',(5.65685424949238,-1.78838899388417E-11,
0.));
#5204=CARTESIAN_POINT('Origin',(5.65685424949238,-1.78838899388417E-11,
3.));
#5205=CARTESIAN_POINT('Origin',(1.78838899388417E-11,5.65685424949238,0.));
#5206=CARTESIAN_POINT('Origin',(1.78838899388417E-11,5.65685424949238,0.));
#5207=CARTESIAN_POINT('Origin',(1.78838899388417E-11,5.65685424949238,3.));
#5208=CARTESIAN_POINT('Origin',(-0.780680974509121,-16.1191710961147,0.));
#5209=CARTESIAN_POINT('',(-16.1191710960361,-0.78068097432362,0.));
#5210=CARTESIAN_POINT('',(-1.45517082648694E-10,-16.8998520704918,0.));
#5211=CARTESIAN_POINT('',(-16.1191710960361,-0.78068097432362,3.));
#5212=CARTESIAN_POINT('',(-16.1191710960361,-0.780680974323621,0.));
#5213=CARTESIAN_POINT('',(-1.45517082648694E-10,-16.8998520704918,3.));
#5214=CARTESIAN_POINT('Origin',(-0.780680974509121,-16.1191710961147,0.));
#5215=CARTESIAN_POINT('',(-0.780680974509122,-16.1191710961147,3.));
#5216=CARTESIAN_POINT('',(-1.45517082648694E-10,-16.8998520704918,3.));
#5217=CARTESIAN_POINT('',(-0.780680974509122,-16.1191710961147,0.));
#5218=CARTESIAN_POINT('',(-0.780680974509122,-16.1191710961147,0.));
#5219=CARTESIAN_POINT('',(-1.45517082648694E-10,-16.8998520704918,0.));
#5220=CARTESIAN_POINT('Origin',(-16.1191710960301,0.780680974309459,0.));
#5221=CARTESIAN_POINT('',(-16.1191710960301,0.780680974309459,3.));
#5222=CARTESIAN_POINT('',(-16.8998520703462,-2.06963497440133E-15,3.));
#5223=CARTESIAN_POINT('',(-16.1191710960301,0.780680974309459,0.));
#5224=CARTESIAN_POINT('',(-16.1191710960301,0.780680974309459,0.));
#5225=CARTESIAN_POINT('',(-16.8998520703462,-2.06963497440133E-15,0.));
#5226=CARTESIAN_POINT('Origin',(-16.1191710960301,0.780680974309459,0.));
#5227=CARTESIAN_POINT('',(-0.780680974216708,16.1191710959907,0.));
#5228=CARTESIAN_POINT('',(-16.8998520703462,-2.06963497440133E-15,0.));
#5229=CARTESIAN_POINT('',(-0.78068097421671,16.1191710959907,3.));
#5230=CARTESIAN_POINT('',(-0.780680974216708,16.1191710959907,0.));
#5231=CARTESIAN_POINT('',(-16.8998520703462,-2.06963497440133E-15,3.));
#5232=CARTESIAN_POINT('Origin',(0.780680974411651,16.1191710960734,0.));
#5233=CARTESIAN_POINT('',(0.780680974411652,16.1191710960734,3.));
#5234=CARTESIAN_POINT('',(1.45517082648694E-10,16.8998520703462,3.));
#5235=CARTESIAN_POINT('',(0.780680974411651,16.1191710960734,0.));
#5236=CARTESIAN_POINT('',(0.78068097441165,16.1191710960734,0.));
#5237=CARTESIAN_POINT('',(1.45517082648694E-10,16.8998520703462,0.));
#5238=CARTESIAN_POINT('Origin',(0.780680974411651,16.1191710960734,0.));
#5239=CARTESIAN_POINT('',(16.1191710960341,0.780680974318901,0.));
#5240=CARTESIAN_POINT('',(1.45517082648694E-10,16.8998520703462,0.));
#5241=CARTESIAN_POINT('',(16.1191710960341,0.780680974318901,3.));
#5242=CARTESIAN_POINT('',(16.1191710960341,0.780680974318901,0.));
#5243=CARTESIAN_POINT('',(1.45517082648694E-10,16.8998520703462,3.));
#5244=CARTESIAN_POINT('Origin',(-22.,-22.,3.));
#5245=CARTESIAN_POINT('Origin',(-22.,-22.,3.));
#5246=CARTESIAN_POINT('',(-1.45516822861877E-10,-19.0211724137771,3.));
#5247=CARTESIAN_POINT('Origin',(22.,-22.,3.));
#5248=CARTESIAN_POINT('',(-1.45516822861877E-10,-19.0211724137771,3.));
#5249=CARTESIAN_POINT('Origin',(22.,22.,3.));
#5250=CARTESIAN_POINT('',(19.0211724137771,-1.45516822861877E-10,3.));
#5251=CARTESIAN_POINT('Origin',(-22.,22.,3.));
#5252=CARTESIAN_POINT('',(1.45516822861877E-10,19.0211724137771,3.));
#5253=CARTESIAN_POINT('',(18.0330219098401,22.4041028488383,3.));
#5254=CARTESIAN_POINT('Origin',(18.8124447732461,22.8541028488383,3.));
#5255=CARTESIAN_POINT('Origin',(18.8124447732461,22.8541028488383,3.));
#5256=CARTESIAN_POINT('',(-22.4041028488383,18.0330219098401,3.));
#5257=CARTESIAN_POINT('Origin',(-22.8541028488383,18.8124447732461,3.));
#5258=CARTESIAN_POINT('Origin',(-22.8541028488383,18.8124447732461,3.));
#5259=CARTESIAN_POINT('',(-18.0330219098401,-22.4041028488383,3.));
#5260=CARTESIAN_POINT('Origin',(-18.8124447732461,-22.8541028488383,3.));
#5261=CARTESIAN_POINT('Origin',(-18.8124447732461,-22.8541028488383,3.));
#5262=CARTESIAN_POINT('',(22.4041028488383,-18.0330219098401,3.));
#5263=CARTESIAN_POINT('Origin',(22.8541028488383,-18.8124447732461,3.));
#5264=CARTESIAN_POINT('Origin',(22.8541028488383,-18.8124447732461,3.));
#5265=CARTESIAN_POINT('Origin',(-17.9605122421383,7.76110233917002E-15,
3.));
#5266=CARTESIAN_POINT('Origin',(6.66133814775094E-15,17.9605122421383,3.));
#5267=CARTESIAN_POINT('',(16.1191710961147,-0.780680974509123,3.));
#5268=CARTESIAN_POINT('Origin',(17.9605122421383,-5.56157395633186E-15,
3.));
#5269=CARTESIAN_POINT('',(16.8998520704918,-1.45517082648694E-10,3.));
#5270=CARTESIAN_POINT('',(17.9605122421383,-1.05000000000001,3.));
#5271=CARTESIAN_POINT('Origin',(17.9605122421383,-5.56157395633186E-15,
3.));
#5272=CARTESIAN_POINT('',(-17.9605122421383,1.05000000000001,3.));
#5273=CARTESIAN_POINT('Origin',(-17.9605122421383,7.76110233917002E-15,
3.));
#5274=CARTESIAN_POINT('',(1.05000000000001,17.9605122421383,3.));
#5275=CARTESIAN_POINT('Origin',(6.66133814775094E-15,17.9605122421383,3.));
#5276=CARTESIAN_POINT('',(0.78068097432362,-16.1191710960361,3.));
#5277=CARTESIAN_POINT('',(16.8998520704918,-1.45517082648694E-10,3.));
#5278=CARTESIAN_POINT('Origin',(-4.46180976491279E-15,-17.9605122421383,
3.));
#5279=CARTESIAN_POINT('',(-1.05,-17.9605122421383,3.));
#5280=CARTESIAN_POINT('Origin',(-4.46180976491279E-15,-17.9605122421383,
3.));
#5281=CARTESIAN_POINT('Origin',(16.1191710961147,-0.780680974509122,0.));
#5282=CARTESIAN_POINT('',(16.1191710961147,-0.780680974509123,0.));
#5283=CARTESIAN_POINT('',(16.1191710961147,-0.780680974509122,0.));
#5284=CARTESIAN_POINT('',(16.8998520704918,-1.45517082648694E-10,0.));
#5285=CARTESIAN_POINT('Origin',(16.1191710961147,-0.780680974509122,0.));
#5286=CARTESIAN_POINT('',(0.780680974323618,-16.1191710960361,0.));
#5287=CARTESIAN_POINT('',(16.8998520704918,-1.45517082648694E-10,0.));
#5288=CARTESIAN_POINT('',(0.780680974323618,-16.1191710960361,0.));
#5289=CARTESIAN_POINT('Origin',(-1.84134114602567,17.1798312676341,0.));
#5290=CARTESIAN_POINT('',(1.45516822861877E-10,19.0211724137771,0.));
#5291=CARTESIAN_POINT('Origin',(17.1798312676341,1.84134114602567,0.));
#5292=CARTESIAN_POINT('',(19.0211724137771,-1.45516822861877E-10,0.));
#5293=CARTESIAN_POINT('Origin',(22.,-22.,0.));
#5294=CARTESIAN_POINT('Origin',(22.,-22.,0.));
#5295=CARTESIAN_POINT('Origin',(24.3334523779156,-24.3334523779156,0.3));
#5296=CARTESIAN_POINT('',(25.8334523779156,-24.3334523779156,-2.22044604925031E-15));
#5297=CARTESIAN_POINT('Origin',(24.3334523779156,-24.3334523779156,0.));
#5298=CARTESIAN_POINT('',(25.5334523779156,-24.3334523779156,0.3));
#5299=CARTESIAN_POINT('Origin',(24.3334523779156,-24.3334523779156,0.));
#5300=CARTESIAN_POINT('Origin',(18.8124447732461,-22.8541028488383,0.3));
#5301=CARTESIAN_POINT('',(18.0624447732461,-24.153140954515,-6.24500451351651E-16));
#5302=CARTESIAN_POINT('Origin',(18.8124447732461,-22.8541028488383,0.));
#5303=CARTESIAN_POINT('',(18.2124447732461,-23.8933333333796,0.3));
#5304=CARTESIAN_POINT('Origin',(18.8124447732461,-22.8541028488383,0.));
#5305=CARTESIAN_POINT('Origin',(22.8541028488383,-18.8124447732461,0.3));
#5306=CARTESIAN_POINT('',(22.1041028488383,-17.5134066675694,-1.35308431126191E-15));
#5307=CARTESIAN_POINT('Origin',(22.8541028488383,-18.8124447732461,0.));
#5308=CARTESIAN_POINT('',(22.4041028488383,-18.0330219098401,0.6));
#5309=CARTESIAN_POINT('',(22.2541028488383,-17.7732142887048,0.3));
#5310=CARTESIAN_POINT('Origin',(22.8541028488383,-18.8124447732461,0.6));
#5311=CARTESIAN_POINT('Origin',(22.8541028488383,-18.8124447732461,0.));
#5312=CARTESIAN_POINT('Origin',(22.8541028488383,-18.8124447732461,3.));
#5313=CARTESIAN_POINT('',(22.4041028488383,-18.0330219098401,3.));
#5314=CARTESIAN_POINT('Origin',(1.84134114602567,-17.1798312676341,0.));
#5315=CARTESIAN_POINT('',(-1.45516822861877E-10,-19.0211724137771,0.));
#5316=CARTESIAN_POINT('Origin',(1.84134114602567,-17.1798312676341,0.));
#5317=CARTESIAN_POINT('',(-1.45516822861877E-10,-19.0211724137771,0.));
#5318=CARTESIAN_POINT('Origin',(-17.9605122421383,7.76110233917002E-15,
0.));
#5319=CARTESIAN_POINT('Origin',(-17.9605122421383,7.76110233917002E-15,
0.));
#5320=CARTESIAN_POINT('Origin',(-17.9605122421383,7.76110233917002E-15,
0.));
#5321=CARTESIAN_POINT('',(-17.9605122421383,1.05000000000001,0.));
#5322=CARTESIAN_POINT('',(-17.9605122421383,1.05000000000001,0.));
#5323=CARTESIAN_POINT('Origin',(-17.9605122421383,7.76110233917002E-15,
0.));
#5324=CARTESIAN_POINT('Origin',(6.66133814775094E-15,17.9605122421383,0.));
#5325=CARTESIAN_POINT('Origin',(6.66133814775094E-15,17.9605122421383,0.));
#5326=CARTESIAN_POINT('Origin',(6.66133814775094E-15,17.9605122421383,0.));
#5327=CARTESIAN_POINT('',(1.05000000000001,17.9605122421383,0.));
#5328=CARTESIAN_POINT('',(1.05000000000001,17.9605122421383,0.));
#5329=CARTESIAN_POINT('Origin',(6.66133814775094E-15,17.9605122421383,0.));
#5330=CARTESIAN_POINT('Origin',(17.9605122421383,-5.56157395633186E-15,
0.));
#5331=CARTESIAN_POINT('Origin',(17.9605122421383,-5.56157395633186E-15,
0.));
#5332=CARTESIAN_POINT('Origin',(17.9605122421383,-5.56157395633186E-15,
0.));
#5333=CARTESIAN_POINT('',(17.9605122421383,-1.05000000000001,0.));
#5334=CARTESIAN_POINT('',(17.9605122421383,-1.05000000000001,0.));
#5335=CARTESIAN_POINT('Origin',(17.9605122421383,-5.56157395633186E-15,
0.));
#5336=CARTESIAN_POINT('Origin',(-4.46180976491279E-15,-17.9605122421383,
0.));
#5337=CARTESIAN_POINT('Origin',(-4.46180976491279E-15,-17.9605122421383,
0.));
#5338=CARTESIAN_POINT('Origin',(-4.46180976491279E-15,-17.9605122421383,
0.));
#5339=CARTESIAN_POINT('',(-1.05,-17.9605122421383,0.));
#5340=CARTESIAN_POINT('',(-1.05,-17.9605122421383,0.));
#5341=CARTESIAN_POINT('Origin',(-4.46180976491279E-15,-17.9605122421383,
0.));
#5342=CARTESIAN_POINT('Origin',(22.,22.,0.));
#5343=CARTESIAN_POINT('Origin',(22.,22.,0.));
#5344=CARTESIAN_POINT('Origin',(24.3334523779156,24.3334523779156,0.3));
#5345=CARTESIAN_POINT('',(24.3334523779156,25.8334523779156,-2.15105711021124E-15));
#5346=CARTESIAN_POINT('Origin',(24.3334523779156,24.3334523779156,0.));
#5347=CARTESIAN_POINT('',(24.3334523779156,25.5334523779156,0.3));
#5348=CARTESIAN_POINT('Origin',(24.3334523779156,24.3334523779156,0.));
#5349=CARTESIAN_POINT('Origin',(22.8541028488383,18.8124447732461,0.3));
#5350=CARTESIAN_POINT('',(24.153140954515,18.0624447732461,-1.21430643318376E-15));
#5351=CARTESIAN_POINT('Origin',(22.8541028488383,18.8124447732461,0.));
#5352=CARTESIAN_POINT('',(23.8933333333796,18.2124447732461,0.3));
#5353=CARTESIAN_POINT('Origin',(22.8541028488383,18.8124447732461,0.));
#5354=CARTESIAN_POINT('Origin',(18.8124447732461,22.8541028488383,0.3));
#5355=CARTESIAN_POINT('',(17.5134066675694,22.1041028488383,-8.32667268468867E-16));
#5356=CARTESIAN_POINT('Origin',(18.8124447732461,22.8541028488383,0.));
#5357=CARTESIAN_POINT('',(18.0330219098401,22.4041028488383,0.6));
#5358=CARTESIAN_POINT('',(17.7732142887048,22.2541028488383,0.3));
#5359=CARTESIAN_POINT('Origin',(18.8124447732461,22.8541028488383,0.6));
#5360=CARTESIAN_POINT('Origin',(18.8124447732461,22.8541028488383,0.));
#5361=CARTESIAN_POINT('Origin',(18.8124447732461,22.8541028488383,3.));
#5362=CARTESIAN_POINT('',(18.0330219098401,22.4041028488383,3.));
#5363=CARTESIAN_POINT('Origin',(-22.,22.,0.));
#5364=CARTESIAN_POINT('Origin',(-22.,22.,0.));
#5365=CARTESIAN_POINT('Origin',(-24.3334523779156,24.3334523779156,0.3));
#5366=CARTESIAN_POINT('',(-25.8334523779156,24.3334523779156,-2.15105711021124E-15));
#5367=CARTESIAN_POINT('Origin',(-24.3334523779156,24.3334523779156,0.));
#5368=CARTESIAN_POINT('',(-25.5334523779156,24.3334523779156,0.3));
#5369=CARTESIAN_POINT('Origin',(-24.3334523779156,24.3334523779156,0.));
#5370=CARTESIAN_POINT('Origin',(-18.8124447732461,22.8541028488383,0.3));
#5371=CARTESIAN_POINT('',(-18.0624447732461,24.153140954515,-6.59194920871187E-16));
#5372=CARTESIAN_POINT('Origin',(-18.8124447732461,22.8541028488383,0.));
#5373=CARTESIAN_POINT('',(-18.2124447732461,23.8933333333796,0.3));
#5374=CARTESIAN_POINT('Origin',(-18.8124447732461,22.8541028488383,0.));
#5375=CARTESIAN_POINT('Origin',(-22.8541028488383,18.8124447732461,0.3));
#5376=CARTESIAN_POINT('',(-22.1041028488383,17.5134066675694,-4.5102810375397E-16));
#5377=CARTESIAN_POINT('Origin',(-22.8541028488383,18.8124447732461,0.));
#5378=CARTESIAN_POINT('',(-22.4041028488383,18.0330219098401,0.6));
#5379=CARTESIAN_POINT('',(-22.2541028488383,17.7732142887048,0.3));
#5380=CARTESIAN_POINT('Origin',(-22.8541028488383,18.8124447732461,0.6));
#5381=CARTESIAN_POINT('Origin',(-22.8541028488383,18.8124447732461,0.));
#5382=CARTESIAN_POINT('Origin',(-22.8541028488383,18.8124447732461,3.));
#5383=CARTESIAN_POINT('',(-22.4041028488383,18.0330219098401,3.));
#5384=CARTESIAN_POINT('Origin',(-22.,-22.,0.));
#5385=CARTESIAN_POINT('Origin',(-22.,-22.,0.));
#5386=CARTESIAN_POINT('Origin',(-24.3334523779156,-24.3334523779156,0.3));
#5387=CARTESIAN_POINT('',(-24.3334523779156,-25.8334523779156,-2.15105711021124E-15));
#5388=CARTESIAN_POINT('Origin',(-24.3334523779156,-24.3334523779156,0.));
#5389=CARTESIAN_POINT('',(-24.3334523779156,-25.5334523779156,0.3));
#5390=CARTESIAN_POINT('Origin',(-24.3334523779156,-24.3334523779156,0.));
#5391=CARTESIAN_POINT('Origin',(-22.,-22.,0.));
#5392=CARTESIAN_POINT('',(-17.5134066675694,-22.1041028488383,-1.35308431126191E-15));
#5393=CARTESIAN_POINT('Origin',(-18.8124447732461,-22.8541028488383,0.));
#5394=CARTESIAN_POINT('Origin',(-18.8124447732461,-22.8541028488383,0.));
#5395=CARTESIAN_POINT('',(-24.153140954515,-18.0624447732461,-1.35308431126191E-15));
#5396=CARTESIAN_POINT('Origin',(-22.8541028488383,-18.8124447732461,0.));
#5397=CARTESIAN_POINT('Origin',(-22.8541028488383,-18.8124447732461,0.));
#5398=CARTESIAN_POINT('Origin',(-22.8541028488383,-18.8124447732461,0.3));
#5399=CARTESIAN_POINT('',(-23.8933333333796,-18.2124447732461,0.3));
#5400=CARTESIAN_POINT('Origin',(-18.8124447732461,-22.8541028488383,0.3));
#5401=CARTESIAN_POINT('',(-18.0330219098401,-22.4041028488383,0.6));
#5402=CARTESIAN_POINT('',(-17.7732142887048,-22.2541028488383,0.3));
#5403=CARTESIAN_POINT('Origin',(-18.8124447732461,-22.8541028488383,0.6));
#5404=CARTESIAN_POINT('Origin',(-18.8124447732461,-22.8541028488383,3.));
#5405=CARTESIAN_POINT('',(-18.0330219098401,-22.4041028488383,3.));
#5406=UNCERTAINTY_MEASURE_WITH_UNIT(LENGTH_MEASURE(0.01),#5410,
'DISTANCE_ACCURACY_VALUE',
'Maximum model space distance between geometric entities at asserted c
onnectivities');
#5407=UNCERTAINTY_MEASURE_WITH_UNIT(LENGTH_MEASURE(0.01),#5410,
'DISTANCE_ACCURACY_VALUE',
'Maximum model space distance between geometric entities at asserted c
onnectivities');
#5408=(
GEOMETRIC_REPRESENTATION_CONTEXT(3)
GLOBAL_UNCERTAINTY_ASSIGNED_CONTEXT((#5406))
GLOBAL_UNIT_ASSIGNED_CONTEXT((#5410,#5412,#5413))
REPRESENTATION_CONTEXT('','3D')
);
#5409=(
GEOMETRIC_REPRESENTATION_CONTEXT(3)
GLOBAL_UNCERTAINTY_ASSIGNED_CONTEXT((#5407))
GLOBAL_UNIT_ASSIGNED_CONTEXT((#5410,#5412,#5413))
REPRESENTATION_CONTEXT('','3D')
);
#5410=(
LENGTH_UNIT()
NAMED_UNIT(*)
SI_UNIT(.MILLI.,.METRE.)
);
#5411=(
LENGTH_UNIT()
NAMED_UNIT(*)
SI_UNIT($,.METRE.)
);
#5412=(
NAMED_UNIT(*)
PLANE_ANGLE_UNIT()
SI_UNIT($,.RADIAN.)
);
#5413=(
NAMED_UNIT(*)
SI_UNIT($,.STERADIAN.)
SOLID_ANGLE_UNIT()
);
#5414=SHAPE_DEFINITION_REPRESENTATION(#5415,#5416);
#5415=PRODUCT_DEFINITION_SHAPE('',$,#5418);
#5416=SHAPE_REPRESENTATION('',(#3082),#5408);
#5417=PRODUCT_DEFINITION_CONTEXT('part definition',#5422,'design');
#5418=PRODUCT_DEFINITION('Drone_frame_BLDC_ver01','frame v7',#5419,#5417);
#5419=PRODUCT_DEFINITION_FORMATION('',$,#5424);
#5420=PRODUCT_RELATED_PRODUCT_CATEGORY('frame v7','frame v7',(#5424));
#5421=APPLICATION_PROTOCOL_DEFINITION('international standard',
'automotive_design',2009,#5422);
#5422=APPLICATION_CONTEXT(
'Core Data for Automotive Mechanical Design Process');
#5423=PRODUCT_CONTEXT('part definition',#5422,'mechanical');
#5424=PRODUCT('Drone_frame_BLDC_ver01','frame v7',$,(#5423));
#5425=PRESENTATION_STYLE_ASSIGNMENT((#5426));
#5426=SURFACE_STYLE_USAGE(.BOTH.,#5427);
#5427=SURFACE_SIDE_STYLE('',(#5428));
#5428=SURFACE_STYLE_FILL_AREA(#5429);
#5429=FILL_AREA_STYLE('Default',(#5430));
#5430=FILL_AREA_STYLE_COLOUR('Default',#5431);
#5431=COLOUR_RGB('Default',0.749019607843137,0.749019607843137,0.749019607843137);
ENDSEC;
END-ISO-10303-21;
