iso_time,elapsed_s,imu_ready,imu_pitch_deg,imu_roll_deg,imu_pitch_rate_deg_s,imu_roll_rate_deg_s,mocap_valid,mocap_x_error_m,mocap_y_error_m,mocap_z_error_m,mocap_vx_m_s,mocap_vy_m_s,mocap_vz_m_s,mocap_yaw_error_deg,mocap_yaw_rate_deg_s,backend_loop_hz,tracking_loop_hz,frames_processed,valid_pose_frames,pose_success_rate,full_marker_detection_rate,cam1_full_detection_rate,cam2_full_detection_rate,cam1_leds,cam2_leds,spatial_data_valid,mapping_error_px,model_fit_error_m,scale_factor,position_x_m,position_y_m,position_z_m,velocity_x_m_s,velocity_y_m_s,velocity_z_m_s,yaw_deg,pitch_deg,roll_deg,control_active,control_armed,target_x_m,target_y_m,target_z_m,target_yaw_deg,limit_hover_throttle,limit_min_throttle,limit_max_throttle,limit_max_tilt_deg,limit_max_yaw_rate_deg,pid_xyPos_kp,pid_xyPos_ki,pid_xyPos_kd,pid_zPos_kp,pid_zPos_ki,pid_zPos_kd,pid_yawPos_kp,pid_yawPos_ki,pid_yawPos_kd,pid_xyVel_kp,pid_xyVel_ki,pid_xyVel_kd,pid_zVel_kp,pid_zVel_ki,pid_zVel_kd,pid_roll_kp,pid_roll_ki,pid_roll_kd,pid_pitch_kp,pid_pitch_ki,pid_pitch_kd,pid_yawRate_kp,pid_yawRate_ki,pid_yawRate_kd,serial_connected,serial_send_enabled,serial_send_ok,serial_payload_seq,serial_payload_size_bytes,bridge_serial_frames_rx,bridge_espnow_tx_attempts,bridge_espnow_tx_ok,bridge_espnow_tx_fail,bridge_oversize_drops,bridge_tx_rate_hz,bridge_last_tx_seq,bridge_last_tx_latency_us,controller_rx_packets,controller_rx_missing_packets,controller_rx_duplicate_packets,controller_rx_out_of_order_packets,controller_last_rx_seq,controller_loop_hz,controller_control_hz,controller_command_age_ms,controller_apply_latency_us,controller_motor_imbalance,motor_1_output,motor_2_output,motor_3_output,motor_4_output
2026-04-27T17:38:21.762,0.011,1,0.00,-1.00,0.00,0.00,1,-0.0186,0.0746,0.2380,0.0000,0.0000,0.0000,-17.79,1.52,46.50,59.59,1,1,1.00000,1.00000,1.00000,1.00000,3,3,1,24.67234,0.00290,1.09977,0.0186,-0.0746,0.0620,0.0000,0.0000,0.0000,17.79,-8.40,175.39,1,1,0.0000,0.0000,0.3000,0.00,0.8300,0.4200,1.0000,6.50,180.00,1.050000,0.000000,0.000000,1.500000,0.000000,0.000000,1.200000,0.000000,0.000000,1.050000,0.000000,0.000000,1.350000,0.060000,0.000000,0.008000,0.000000,0.000600,0.008000,0.000000,0.000600,0.006000,0.000000,0.000000,1,1,1,1,230,379308,379308,209785,169523,0,60.00,13654,3203,0,0,0,0,0,0.00,0.00,0,0,0.0000,0.0000,0.0000,0.0000,0.0000
2026-04-27T17:38:21.781,0.030,1,0.00,-1.00,0.00,0.00,1,-0.0185,0.0745,0.2378,0.0000,0.0000,0.0000,-17.78,-0.55,77.75,52.62,2,2,1.00000,1.00000,1.00000,1.00000,3,3,1,24.72329,0.00294,1.09915,0.0185,-0.0745,0.0622,0.0000,0.0000,0.0000,17.78,-8.40,175.26,1,1,0.0000,0.0000,0.3000,0.00,0.8300,0.4200,1.0000,6.50,180.00,1.050000,0.000000,0.000000,1.500000,0.000000,0.000000,1.200000,0.000000,0.000000,1.050000,0.000000,0.000000,1.350000,0.060000,0.000000,0.008000,0.000000,0.000600,0.008000,0.000000,0.000600,0.006000,0.000000,0.000000,1,1,1,2,230,379308,379308,209785,169523,0,60.00,13654,3203,0,0,0,0,0,0.00,0.00,0,0,0.0000,0.0000,0.0000,0.0000,0.0000
2026-04-27T17:38:21.795,0.044,1,0.00,-1.00,0.00,0.00,1,-0.0186,0.0744,0.2378,0.0000,0.0000,0.0000,-17.77,-0.67,65.24,60.29,3,3,1.00000,1.00000,1.00000,1.00000,3,3,1,24.69535,0.00286,1.09977,0.0186,-0.0744,0.0622,0.0000,0.0000,0.0000,17.77,-8.23,175.16,1,1,0.0000,0.0000,0.3000,0.00,0.8300,0.4200,1.0000,6.50,180.00,1.050000,0.000000,0.000000,1.500000,0.000000,0.000000,1.200000,0.000000,0.000000,1.050000,0.000000,0.000000,1.350000,0.060000,0.000000,0.008000,0.000000,0.000600,0.008000,0.000000,0.000600,0.006000,0.000000,0.000000,1,1,1,3,231,379308,379308,209785,169523,0,60.00,13654,3203,0,0,0,0,0,0.00,0.00,0,0,0.0000,0.0000,0.0000,0.0000,0.0000
2026-04-27T17:38:21.814,0.063,1,0.00,-1.00,0.00,0.00,1,-0.0185,0.0744,0.2381,0.0000,0.0000,0.0000,-17.75,-1.13,55.63,60.79,4,4,1.00000,1.00000,1.00000,1.00000,3,3,1,24.67090,0.00290,1.10096,0.0185,-0.0744,0.0619,0.0000,0.0000,0.0000,17.75,-8.33,175.19,1,1,0.0000,0.0000,0.3000,0.00,0.8300,0.4200,1.0000,6.50,180.00,1.050000,0.000000,0.000000,1.500000,0.000000,0.000000,1.200000,0.000000,0.000000,1.050000,0.000000,0.000000,1.350000,0.060000,0.000000,0.008000,0.000000,0.000600,0.008000,0.000000,0.000600,0.006000,0.000000,0.000000,1,1,1,4,231,379308,379308,209785,169523,0,60.00,13654,3203,0,0,0,0,0,0.00,0.00,0,0,0.0000,0.0000,0.0000,0.0000,0.0000
2026-04-27T17:38:21.832,0.081,1,0.00,-1.00,0.00,0.00,1,-0.0186,0.0744,0.2379,0.0000,0.0000,0.0000,-17.76,0.53,61.81,54.95,5,5,1.00000,1.00000,1.00000,1.00000,3,3,1,24.67719,0.00287,1.09991,0.0186,-0.0744,0.0621,0.0000,0.0000,0.0000,17.76,-8.25,175.17,1,1,0.0000,0.0000,0.3000,0.00,0.8300,0.4200,1.0000,6.50,180.00,1.050000,0.000000,0.000000,1.500000,0.000000,0.000000,1.200000,0.000000,0.000000,1.050000,0.000000,0.000000,1.350000,0.060000,0.000000,0.008000,0.000000,0.000600,0.008000,0.000000,0.000600,0.006000,0.000000,0.000000,1,1,1,5,231,379308,379308,209785,169523,0,60.00,13654,3203,0,0,0,0,0,0.00,0.00,0,0,0.0000,0.0000,0.0000,0.0000,0.0000
2026-04-27T17:38:21.840,0.089,1,0.00,-1.00,0.00,0.00,1,-0.0186,0.0745,0.2379,0.0000,0.0000,0.0000,-17.78,2.38,57.09,71.19,6,6,1.00000,1.00000,1.00000,1.00000,3,3,1,24.68487,0.00284,1.10018,0.0186,-0.0745,0.0621,0.0000,0.0000,0.0000,17.78,-8.20,175.16,1,1,0.0000,0.0000,0.3000,0.00,0.8300,0.4200,1.0000,6.50,180.00,1.050000,0.000000,0.000000,1.500000,0.000000,0.000000,1.200000,0.000000,0.000000,1.050000,0.000000,0.000000,1.350000,0.060000,0.000000,0.008000,0.000000,0.000600,0.008000,0.000000,0.000600,0.006000,0.000000,0.000000,1,1,1,6,230,379308,379308,209785,169523,0,60.00,13654,3203,0,0,0,0,0,0.00,0.00,0,0,0.0000,0.0000,0.0000,0.0000,0.0000
2026-04-27T17:38:21.865,0.114,1,0.00,-1.00,0.00,0.00,1,-0.0186,0.0745,0.2378,0.0000,0.0000,0.0000,-17.79,0.42,135.52,56.03,7,7,1.00000,1.00000,1.00000,1.00000,3,3,1,24.67356,0.00288,1.10046,0.0186,-0.0745,0.0622,0.0000,0.0000,0.0000,17.79,-8.14,175.12,1,1,0.0000,0.0000,0.3000,0.00,0.8300,0.4200,1.0000,6.50,180.00,1.050000,0.000000,0.000000,1.500000,0.000000,0.000000,1.200000,0.000000,0.000000,1.050000,0.000000,0.000000,1.350000,0.060000,0.000000,0.008000,0.000000,0.000600,0.008000,0.000000,0.000600,0.006000,0.000000,0.000000,1,1,1,7,231,379308,379308,209785,169523,0,60.00,13654,3203,0,0,0,0,0,0.00,0.00,0,0,0.0000,0.0000,0.0000,0.0000,0.0000
2026-04-27T17:38:21.882,0.131,1,0.00,-1.00,0.00,0.00,1,-0.0186,0.0744,0.2379,0.0000,0.0000,0.0000,-17.80,0.57,38.27,57.06,8,8,1.00000,1.00000,1.00000,1.00000,3,3,1,24.70112,0.00287,1.09935,0.0186,-0.0744,0.0621,0.0000,0.0000,0.0000,17.80,-8.17,175.13,1,1,0.0000,0.0000,0.3000,0.00,0.8300,0.4200,1.0000,6.50,180.00,1.050000,0.000000,0.000000,1.500000,0.000000,0.000000,1.200000,0.000000,0.000000,1.050000,0.000000,0.000000,1.350000,0.060000,0.000000,0.008000,0.000000,0.000600,0.008000,0.000000,0.000600,0.006000,0.000000,0.000000,1,1,1,8,230,379308,379308,209785,169523,0,60.00,13654,3203,0,0,0,0,0,0.00,0.00,0,0,0.0000,0.0000,0.0000,0.0000,0.0000
2026-04-27T17:38:21.895,0.144,1,0.00,-1.00,0.00,0.00,1,-0.0186,0.0744,0.2379,0.0000,0.0000,0.0000,-17.75,-3.73,59.48,64.93,9,9,1.00000,1.00000,1.00000,1.00000,3,3,1,24.70609,0.00284,1.09837,0.0186,-0.0744,0.0621,0.0000,0.0000,0.0000,17.75,-8.17,175.21,1,1,0.0000,0.0000,0.3000,0.00,0.8300,0.4200,1.0000,6.50,180.00,1.050000,0.000000,0.000000,1.500000,0.000000,0.000000,1.200000,0.000000,0.000000,1.050000,0.000000,0.000000,1.350000,0.060000,0.000000,0.008000,0.000000,0.000600,0.008000,0.000000,0.000600,0.006000,0.000000,0.000000,1,1,1,9,231,379308,379308,209785,169523,0,60.00,13654,3203,0,0,0,0,0,0.00,0.00,0,0,0.0000,0.0000,0.0000,0.0000,0.0000
2026-04-27T17:38:21.913,0.162,1,0.00,-1.00,0.00,0.00,1,-0.0185,0.0746,0.2379,0.0000,0.0000,0.0000,-17.76,0.56,82.79,58.42,10,10,1.00000,1.00000,1.00000,1.00000,3,3,1,24.70462,0.00296,1.09982,0.0185,-0.0746,0.0621,0.0000,0.0000,0.0000,17.76,-8.38,175.25,1,1,0.0000,0.0000,0.3000,0.00,0.8300,0.4200,1.0000,6.50,180.00,1.050000,0.000000,0.000000,1.500000,0.000000,0.000000,1.200000,0.000000,0.000000,1.050000,0.000000,0.000000,1.350000,0.060000,0.000000,0.008000,0.000000,0.000600,0.008000,0.000000,0.000600,0.006000,0.000000,0.000000,1,1,1,10,231,379308,379308,209785,169523,0,60.00,13654,3203,0,0,0,0,0,0.00,0.00,0,0,0.0000,0.0000,0.0000,0.0000,0.0000
2026-04-27T17:38:21.931,0.180,1,0.00,-1.00,0.00,0.00,1,-0.0185,0.0746,0.2382,0.0000,0.0000,0.0000,-17.79,1.76,47.76,59.48,11,11,1.00000,1.00000,1.00000,1.00000,3,3,1,24.64960,0.00280,1.09777,0.0185,-0.0746,0.0618,0.0000,0.0000,0.0000,17.79,-8.45,175.32,1,1,0.0000,0.0000,0.3000,0.00,0.8300,0.4200,1.0000,6.50,180.00,1.050000,0.000000,0.000000,1.500000,0.000000,0.000000,1.200000,0.000000,0.000000,1.050000,0.000000,0.000000,1.350000,0.060000,0.000000,0.008000,0.000000,0.000600,0.008000,0.000000,0.000600,0.006000,0.000000,0.000000,1,1,1,11,231,379308,379308,209785,169523,0,60.00,13654,3203,0,0,0,0,0,0.00,0.00,0,0,0.0000,0.0000,0.0000,0.0000,0.0000
2026-04-27T17:38:21.947,0.196,1,0.00,-1.00,0.00,0.00,1,-0.0185,0.0746,0.2380,0.0000,0.0000,0.0000,-17.81,1.24,65.52,59.69,12,12,1.00000,1.00000,1.00000,1.00000,3,3,1,24.67553,0.00301,1.10022,0.0185,-0.0746,0.0620,0.0000,0.0000,0.0000,17.81,-8.51,175.29,1,1,0.0000,0.0000,0.3000,0.00,0.8300,0.4200,1.0000,6.50,180.00,1.050000,0.000000,0.000000,1.500000,0.000000,0.000000,1.200000,0.000000,0.000000,1.050000,0.000000,0.000000,1.350000,0.060000,0.000000,0.008000,0.000000,0.000600,0.008000,0.000000,0.000600,0.006000,0.000000,0.000000,1,1,1,12,231,379308,379308,209785,169523,0,60.00,13654,3203,0,0,0,0,0,0.00,0.00,0,0,0.0000,0.0000,0.0000,0.0000,0.0000
2026-04-27T17:38:21.963,0.212,1,0.00,-1.00,0.00,0.00,1,-0.0187,0.0744,0.2379,0.0000,0.0000,0.0000,-17.83,1.16,58.07,61.60,13,13,1.00000,1.00000,1.00000,1.00000,3,3,1,24.67266,0.00278,1.10007,0.0187,-0.0744,0.0621,0.0000,0.0000,0.0000,17.83,-8.15,175.23,1,1,0.0000,0.0000,0.3000,0.00,0.8300,0.4200,1.0000,6.50,180.00,1.050000,0.000000,0.000000,1.500000,0.000000,0.000000,1.200000,0.000000,0.000000,1.050000,0.000000,0.000000,1.350000,0.060000,0.000000,0.008000,0.000000,0.000600,0.008000,0.000000,0.000600,0.006000,0.000000,0.000000,1,1,1,13,231,379308,379308,209785,169523,0,60.00,13654,3203,0,0,0,0,0,0.00,0.00,0,0,0.0000,0.0000,0.0000,0.0000,0.0000
2026-04-27T17:38:21.978,0.228,1,0.00,-1.00,0.00,0.00,1,-0.0186,0.0743,0.2380,0.0000,0.0000,0.0000,-17.86,1.99,62.80,85.53,14,14,1.00000,1.00000,1.00000,1.00000,3,3,1,24.63958,0.00289,1.10090,0.0186,-0.0743,0.0620,0.0000,0.0000,0.0000,17.86,-8.07,175.15,1,1,0.0000,0.0000,0.3000,0.00,0.8300,0.4200,1.0000,6.50,180.00,1.050000,0.000000,0.000000,1.500000,0.000000,0.000000,1.200000,0.000000,0.000000,1.050000,0.000000,0.000000,1.350000,0.060000,0.000000,0.008000,0.000000,0.000600,0.008000,0.000000,0.000600,0.006000,0.000000,0.000000,1,1,1,14,231,379308,379308,209785,169523,0,60.00,13654,3203,0,0,0,0,0,0.00,0.00,0,0,0.0000,0.0000,0.0000,0.0000,0.0000
2026-04-27T17:38:21.995,0.244,1,0.00,-1.00,0.00,0.00,1,-0.0187,0.0743,0.2379,0.0000,0.0000,0.0000,-17.85,-0.60,71.99,60.99,15,15,1.00000,1.00000,1.00000,1.00000,3,3,1,24.69583,0.00281,1.09980,0.0187,-0.0743,0.0621,0.0000,0.0000,0.0000,17.85,-7.92,175.17,1,1,0.0000,0.0000,0.3000,0.00,0.8300,0.4200,1.0000,6.50,180.00,1.050000,0.000000,0.000000,1.500000,0.000000,0.000000,1.200000,0.000000,0.000000,1.050000,0.000000,0.000000,1.350000,0.060000,0.000000,0.008000,0.000000,0.000600,0.008000,0.000000,0.000600,0.006000,0.000000,0.000000,1,1,1,15,231,379308,379308,209785,169523,0,60.00,13654,3203,0,0,0,0,0,0.00,0.00,0,0,0.0000,0.0000,0.0000,0.0000,0.0000
2026-04-27T17:38:22.011,0.261,1,0.00,-1.00,0.00,0.00,1,-0.0186,0.0745,0.2380,0.0000,0.0000,0.0000,-17.87,1.20,60.04,44.58,16,16,1.00000,1.00000,1.00000,1.00000,3,3,1,24.68312,0.00285,1.09958,0.0186,-0.0745,0.0620,0.0000,0.0000,0.0000,17.87,-8.21,175.26,1,1,0.0000,0.0000,0.3000,0.00,0.8300,0.4200,1.0000,6.50,180.00,1.050000,0.000000,0.000000,1.500000,0.000000,0.000000,1.200000,0.000000,0.000000,1.050000,0.000000,0.000000,1.350000,0.060000,0.000000,0.008000,0.000000,0.000600,0.008000,0.000000,0.000600,0.006000,0.000000,0.000000,1,1,1,16,231,379308,379308,209785,169523,0,60.00,13654,3203,0,0,0,0,0,0.00,0.00,0,0,0.0000,0.0000,0.0000,0.0000,0.0000
2026-04-27T17:38:22.032,0.281,1,0.00,-1.00,0.00,0.00,1,-0.0186,0.0745,0.2380,0.0000,0.0000,0.0000,-17.86,-0.56,60.05,59.98,17,17,1.00000,1.00000,1.00000,1.00000,3,3,1,24.68367,0.00287,1.09925,0.0186,-0.0745,0.0620,0.0000,0.0000,0.0000,17.86,-8.24,175.25,1,1,0.0000,0.0000,0.3000,0.00,0.8300,0.4200,1.0000,6.50,180.00,1.050000,0.000000,0.000000,1.500000,0.000000,0.000000,1.200000,0.000000,0.000000,1.050000,0.000000,0.000000,1.350000,0.060000,0.000000,0.008000,0.000000,0.000600,0.008000,0.000000,0.000600,0.006000,0.000000,0.000000,1,1,1,17,231,379308,379308,209785,169523,0,60.00,13654,3203,0,0,0,0,0,0.00,0.00,0,0,0.0000,0.0000,0.0000,0.0000,0.0000
2026-04-27T17:38:22.045,0.294,1,0.00,-1.00,0.00,0.00,1,-0.0186,0.0746,0.2378,0.0000,0.0000,0.0000,-17.80,-3.86,48.96,76.46,18,18,1.00000,1.00000,1.00000,1.00000,3,3,1,24.69500,0.00296,1.10080,0.0186,-0.0746,0.0622,0.0000,0.0000,0.0000,17.80,-8.29,175.20,1,1,0.0000,0.0000,0.3000,0.00,0.8300,0.4200,1.0000,6.50,180.00,1.050000,0.000000,0.000000,1.500000,0.000000,0.000000,1.200000,0.000000,0.000000,1.050000,0.000000,0.000000,1.350000,0.060000,0.000000,0.008000,0.000000,0.000600,0.008000,0.000000,0.000600,0.006000,0.000000,0.000000,1,1,1,18,229,379308,379308,209785,169523,0,60.00,13654,3203,0,0,0,0,0,0.00,0.00,0,0,0.0000,0.0000,0.0000,0.0000,0.0000
2026-04-27T17:38:22.063,0.312,1,0.00,-1.00,0.00,0.00,1,-0.0187,0.0744,0.2378,0.0000,0.0000,0.0000,-17.82,1.09,77.47,59.56,19,19,1.00000,1.00000,1.00000,1.00000,3,3,1,24.69404,0.00279,1.10002,0.0187,-0.0744,0.0622,0.0000,0.0000,0.0000,17.82,-7.99,175.20,1,1,0.0000,0.0000,0.3000,0.00,0.8300,0.4200,1.0000,6.50,180.00,1.050000,0.000000,0.000000,1.500000,0.000000,0.000000,1.200000,0.000000,0.000000,1.050000,0.000000,0.000000,1.350000,0.060000,0.000000,0.008000,0.000000,0.000600,0.008000,0.000000,0.000600,0.006000,0.000000,0.000000,1,1,1,19,230,379308,379308,209785,169523,0,60.00,13654,3203,0,0,0,0,0,0.00,0.00,0,0,0.0000,0.0000,0.0000,0.0000,0.0000
2026-04-27T17:38:22.081,0.330,1,0.00,-1.00,0.00,0.00,1,-0.0186,0.0744,0.2378,0.0000,0.0000,0.0000,-17.82,0.00,49.93,68.74,20,20,1.00000,1.00000,1.00000,1.00000,3,3,1,24.71380,0.00281,1.10055,0.0186,-0.0744,0.0622,0.0000,0.0000,0.0000,17.82,-8.10,175.21,1,1,0.0000,0.0000,0.3000,0.00,0.8300,0.4200,1.0000,6.50,180.00,1.050000,0.000000,0.000000,1.500000,0.000000,0.000000,1.200000,0.000000,0.000000,1.050000,0.000000,0.000000,1.350000,0.060000,0.000000,0.008000,0.000000,0.000600,0.008000,0.000000,0.000600,0.006000,0.000000,0.000000,1,1,1,20,230,379308,379308,209785,169523,0,60.00,13654,3203,0,0,0,0,0,0.00,0.00,0,0,0.0000,0.0000,0.0000,0.0000,0.0000
2026-04-27T17:38:22.093,0.343,1,0.00,-1.00,0.00,0.00,1,-0.0186,0.0745,0.2379,0.0000,0.0000,0.0000,-17.82,0.00,63.23,45.78,21,21,1.00000,1.00000,1.00000,1.00000,3,3,1,24.65858,0.00284,1.09937,0.0186,-0.0745,0.0621,0.0000,0.0000,0.0000,17.82,-8.15,175.16,1,1,0.0000,0.0000,0.3000,0.00,0.8300,0.4200,1.0000,6.50,180.00,1.050000,0.000000,0.000000,1.500000,0.000000,0.000000,1.200000,0.000000,0.000000,1.050000,0.000000,0.000000,1.350000,0.060000,0.000000,0.008000,0.000000,0.000600,0.008000,0.000000,0.000600,0.006000,0.000000,0.000000,1,1,1,21,231,379308,379308,209785,169523,0,60.00,13654,3203,0,0,0,0,0,0.00,0.00,0,0,0.0000,0.0000,0.0000,0.0000,0.0000
2026-04-27T17:38:22.110,0.359,1,0.00,-1.00,0.00,0.00,1,-0.0185,0.0743,0.2379,0.0000,0.0000,0.0000,-17.83,0.61,78.54,104.91,22,22,1.00000,1.00000,1.00000,1.00000,3,3,1,24.64107,0.00285,1.10180,0.0185,-0.0743,0.0621,0.0000,0.0000,0.0000,17.83,-8.14,175.04,1,1,0.0000,0.0000,0.3000,0.00,0.8300,0.4200,1.0000,6.50,180.00,1.050000,0.000000,0.000000,1.500000,0.000000,0.000000,1.200000,0.000000,0.000000,1.050000,0.000000,0.000000,1.350000,0.060000,0.000000,0.008000,0.000000,0.000600,0.008000,0.000000,0.000600,0.006000,0.000000,0.000000,1,1,1,22,231,379308,379308,209785,169523,0,60.00,13654,3203,0,0,0,0,0,0.00,0.00,0,0,0.0000,0.0000,0.0000,0.0000,0.0000
2026-04-27T17:38:22.129,0.378,1,0.00,-1.00,0.00,0.00,1,-0.0185,0.0744,0.2379,0.0000,0.0000,0.0000,-17.82,-0.53,61.30,59.51,23,23,1.00000,1.00000,1.00000,1.00000,3,3,1,24.69342,0.00280,1.10084,0.0185,-0.0744,0.0621,0.0000,0.0000,0.0000,17.82,-8.21,175.10,1,1,0.0000,0.0000,0.3000,0.00,0.8300,0.4200,1.0000,6.50,180.00,1.050000,0.000000,0.000000,1.500000,0.000000,0.000000,1.200000,0.000000,0.000000,1.050000,0.000000,0.000000,1.350000,0.060000,0.000000,0.008000,0.000000,0.000600,0.008000,0.000000,0.000600,0.006000,0.000000,0.000000,1,1,1,23,230,379308,379308,209785,169523,0,60.00,13654,3203,0,0,0,0,0,0.00,0.00,0,0,0.0000,0.0000,0.0000,0.0000,0.0000
2026-04-27T17:38:22.145,0.394,1,0.00,-1.00,0.00,0.00,1,-0.0185,0.0747,0.2380,0.0000,0.0000,0.0000,-17.87,3.08,53.15,68.19,24,24,1.00000,1.00000,1.00000,1.00000,3,3,1,24.67013,0.00291,1.09811,0.0185,-0.0747,0.0620,0.0000,0.0000,0.0000,17.87,-8.41,175.23,1,1,0.0000,0.0000,0.3000,0.00,0.8300,0.4200,1.0000,6.50,180.00,1.050000,0.000000,0.000000,1.500000,0.000000,0.000000,1.200000,0.000000,0.000000,1.050000,0.000000,0.000000,1.350000,0.060000,0.000000,0.008000,0.000000,0.000600,0.008000,0.000000,0.000600,0.006000,0.000000,0.000000,1,1,1,24,231,379308,379308,209785,169523,0,60.00,13654,3203,0,0,0,0,0,0.00,0.00,0,0,0.0000,0.0000,0.0000,0.0000,0.0000
2026-04-27T17:38:22.163,0.413,1,0.00,-1.00,0.00,0.00,1,-0.0185,0.0746,0.2382,0.0000,0.0000,0.0000,-17.84,-1.80,51.97,50.15,25,25,1.00000,1.00000,1.00000,1.00000,3,3,1,24.68589,0.00280,1.09852,0.0185,-0.0746,0.0618,0.0000,0.0000,0.0000,17.84,-8.50,175.33,1,1,0.0000,0.0000,0.3000,0.00,0.8300,0.4200,1.0000,6.50,180.00,1.050000,0.000000,0.000000,1.500000,0.000000,0.000000,1.200000,0.000000,0.000000,1.050000,0.000000,0.000000,1.350000,0.060000,0.000000,0.008000,0.000000,0.000600,0.008000,0.000000,0.000600,0.006000,0.000000,0.000000,1,1,1,25,230,379308,379308,209785,169523,0,60.00,13654,3203,0,0,0,0,0,0.00,0.00,0,0,0.0000,0.0000,0.0000,0.0000,0.0000
2026-04-27T17:38:22.179,0.428,1,0.00,-1.00,0.00,0.00,1,-0.0186,0.0746,0.2381,0.0000,0.0000,0.0000,-17.83,-0.57,63.65,65.33,26,26,1.00000,1.00000,1.00000,1.00000,3,3,1,24.66105,0.00289,1.09961,0.0186,-0.0746,0.0619,0.0000,0.0000,0.0000,17.83,-8.40,175.30,1,1,0.0000,0.0000,0.3000,0.00,0.8300,0.4200,1.0000,6.50,180.00,1.050000,0.000000,0.000000,1.500000,0.000000,0.000000,1.200000,0.000000,0.000000,1.050000,0.000000,0.000000,1.350000,0.060000,0.000000,0.008000,0.000000,0.000600,0.008000,0.000000,0.000600,0.006000,0.000000,0.000000,1,1,1,26,229,379308,379308,209785,169523,0,60.00,13654,3203,0,0,0,0,0,0.00,0.00,0,0,0.0000,0.0000,0.0000,0.0000,0.0000
2026-04-27T17:38:22.195,0.444,1,0.00,-1.00,0.00,0.00,1,-0.0187,0.0746,0.2378,0.0000,0.0000,0.0000,-17.84,0.63,63.95,45.37,27,27,1.00000,1.00000,1.00000,1.00000,3,3,1,24.69283,0.00281,1.09983,0.0187,-0.0746,0.0622,0.0000,0.0000,0.0000,17.84,-8.20,175.29,1,1,0.0000,0.0000,0.3000,0.00,0.8300,0.4200,1.0000,6.50,180.00,1.050000,0.000000,0.000000,1.500000,0.000000,0.000000,1.200000,0.000000,0.000000,1.050000,0.000000,0.000000,1.350000,0.060000,0.000000,0.008000,0.000000,0.000600,0.008000,0.000000,0.000600,0.006000,0.000000,0.000000,1,1,1,27,230,379308,379308,209785,169523,0,60.00,13654,3203,0,0,0,0,0,0.00,0.00,0,0,0.0000,0.0000,0.0000,0.0000,0.0000
2026-04-27T17:38:22.212,0.461,1,0.00,-1.00,0.00,0.00,1,-0.0185,0.0745,0.2378,0.0000,0.0000,0.0000,-17.82,-1.17,63.27,89.44,28,28,1.00000,1.00000,1.00000,1.00000,3,3,1,24.71414,0.00292,1.09884,0.0185,-0.0745,0.0622,0.0000,0.0000,0.0000,17.82,-8.30,175.20,1,1,0.0000,0.0000,0.3000,0.00,0.8300,0.4200,1.0000,6.50,180.00,1.050000,0.000000,0.000000,1.500000,0.000000,0.000000,1.200000,0.000000,0.000000,1.050000,0.000000,0.000000,1.350000,0.060000,0.000000,0.008000,0.000000,0.000600,0.008000,0.000000,0.000600,0.006000,0.000000,0.000000,1,1,1,28,229,379308,379308,209785,169523,0,60.00,13654,3203,0,0,0,0,0,0.00,0.00,0,0,0.0000,0.0000,0.0000,0.0000,0.0000
2026-04-27T17:38:22.231,0.480,1,0.00,-1.00,0.00,0.00,1,-0.0187,0.0744,0.2379,0.0000,0.0000,0.0000,-17.85,1.70,58.42,42.23,29,29,1.00000,1.00000,1.00000,1.00000,3,3,1,24.64637,0.00278,1.09927,0.0187,-0.0744,0.0621,0.0000,0.0000,0.0000,17.85,-8.07,175.17,1,1,0.0000,0.0000,0.3000,0.00,0.8300,0.4200,1.0000,6.50,180.00,1.050000,0.000000,0.000000,1.500000,0.000000,0.000000,1.200000,0.000000,0.000000,1.050000,0.000000,0.000000,1.350000,0.060000,0.000000,0.008000,0.000000,0.000600,0.008000,0.000000,0.000600,0.006000,0.000000,0.000000,1,1,1,29,231,379308,379308,209785,169523,0,60.00,13654,3203,0,0,0,0,0,0.00,0.00,0,0,0.0000,0.0000,0.0000,0.0000,0.0000
2026-04-27T17:38:22.245,0.494,1,0.00,-1.00,0.00,0.00,1,-0.0187,0.0745,0.2378,0.0000,0.0000,0.0000,-17.81,-2.66,53.63,75.63,30,30,1.00000,1.00000,1.00000,1.00000,3,3,1,24.68847,0.00287,1.10008,0.0187,-0.0745,0.0622,0.0000,0.0000,0.0000,17.81,-8.09,175.19,1,1,0.0000,0.0000,0.3000,0.00,0.8300,0.4200,1.0000,6.50,180.00,1.050000,0.000000,0.000000,1.500000,0.000000,0.000000,1.200000,0.000000,0.000000,1.050000,0.000000,0.000000,1.350000,0.060000,0.000000,0.008000,0.000000,0.000600,0.008000,0.000000,0.000600,0.006000,0.000000,0.000000,1,1,1,30,231,379308,379308,209785,169523,0,60.00,13654,3203,0,0,0,0,0,0.00,0.00,0,0,0.0000,0.0000,0.0000,0.0000,0.0000
2026-04-27T17:38:22.263,0.513,1,0.00,-1.00,0.00,0.00,1,-0.0184,0.0746,0.2381,0.0000,0.0000,-0.0108,-17.81,0.00,71.15,48.99,31,31,1.00000,1.00000,1.00000,1.00000,3,3,1,24.67935,0.00292,1.09713,0.0184,-0.0746,0.0619,0.0000,0.0000,-0.0108,17.81,-8.46,175.34,1,1,0.0000,0.0000,0.3000,0.00,0.8300,0.4200,1.0000,6.50,180.00,1.050000,0.000000,0.000000,1.500000,0.000000,0.000000,1.200000,0.000000,0.000000,1.050000,0.000000,0.000000,1.350000,0.060000,0.000000,0.008000,0.000000,0.000600,0.008000,0.000000,0.000600,0.006000,0.000000,0.000000,1,1,1,31,236,379308,379308,209785,169523,0,60.00,13654,3203,0,0,0,0,0,0.00,0.00,0,0,0.0000,0.0000,0.0000,0.0000,0.0000
2026-04-27T17:38:22.280,0.529,1,0.00,-1.00,0.00,0.00,1,-0.0186,0.0745,0.2380,0.0000,0.0000,0.0000,-17.77,-2.34,50.83,59.04,32,32,1.00000,1.00000,1.00000,1.00000,3,3,1,24.71376,0.00281,1.09863,0.0186,-0.0745,0.0620,0.0000,0.0000,0.0000,17.77,-8.31,175.31,1,1,0.0000,0.0000,0.3000,0.00,0.8300,0.4200,1.0000,6.50,180.00,1.050000,0.000000,0.000000,1.500000,0.000000,0.000000,1.200000,0.000000,0.000000,1.050000,0.000000,0.000000,1.350000,0.060000,0.000000,0.008000,0.000000,0.000600,0.008000,0.000000,0.000600,0.006000,0.000000,0.000000,1,1,1,32,231,379308,379308,209785,169523,0,60.00,13654,3203,31,0,0,0,13800,498.01,498.01,0,1849,0.0000,0.5000,0.5000,0.0000,0.5000
2026-04-27T17:38:22.296,0.546,1,0.00,-1.00,0.00,0.00,1,-0.0186,0.0745,0.2379,0.0000,0.0000,0.0000,-17.79,1.19,58.87,62.07,33,33,1.00000,1.00000,1.00000,1.00000,3,3,1,24.68698,0.00283,1.10004,0.0186,-0.0745,0.0621,0.0000,0.0000,0.0000,17.79,-8.21,175.25,1,1,0.0000,0.0000,0.3000,0.00,0.8300,0.4200,1.0000,6.50,180.00,1.050000,0.000000,0.000000,1.500000,0.000000,0.000000,1.200000,0.000000,0.000000,1.050000,0.000000,0.000000,1.350000,0.060000,0.000000,0.008000,0.000000,0.000600,0.008000,0.000000,0.000600,0.006000,0.000000,0.000000,1,1,1,33,231,379308,379308,209785,169523,0,60.00,13654,3203,31,0,0,0,13800,498.01,498.01,0,1849,0.0000,0.5000,0.5000,0.0000,0.5000
2026-04-27T17:38:22.313,0.563,1,0.00,-1.00,0.00,0.00,1,-0.0186,0.0745,0.2378,0.0000,0.0000,0.0000,-17.80,0.62,62.69,59.67,34,34,1.00000,1.00000,1.00000,1.00000,3,3,1,24.71380,0.00281,1.10055,0.0186,-0.0745,0.0622,0.0000,0.0000,0.0000,17.80,-8.21,175.23,1,1,0.0000,0.0000,0.3000,0.00,0.8300,0.4200,1.0000,6.50,180.00,1.050000,0.000000,0.000000,1.500000,0.000000,0.000000,1.200000,0.000000,0.000000,1.050000,0.000000,0.000000,1.350000,0.060000,0.000000,0.008000,0.000000,0.000600,0.008000,0.000000,0.000600,0.006000,0.000000,0.000000,1,1,1,34,230,379308,379308,209785,169523,0,60.00,13654,3203,31,0,0,0,13800,498.01,498.01,0,1849,0.0000,0.5000,0.5000,0.0000,0.5000
2026-04-27T17:38:22.328,0.578,1,0.00,-1.00,0.00,0.00,1,-0.0186,0.0744,0.2377,0.0000,0.0000,0.0000,-17.78,-1.24,58.49,92.03,35,35,1.00000,1.00000,1.00000,1.00000,3,3,1,24.70661,0.00287,1.09994,0.0186,-0.0744,0.0623,0.0000,0.0000,0.0000,17.78,-8.10,175.18,1,1,0.0000,0.0000,0.3000,0.00,0.8300,0.4200,1.0000,6.50,180.00,1.050000,0.000000,0.000000,1.500000,0.000000,0.000000,1.200000,0.000000,0.000000,1.050000,0.000000,0.000000,1.350000,0.060000,0.000000,0.008000,0.000000,0.000600,0.008000,0.000000,0.000600,0.006000,0.000000,0.000000,1,1,1,35,230,379308,379308,209785,169523,0,60.00,13654,3203,31,0,0,0,13800,498.01,498.01,0,1849,0.0000,0.5000,0.5000,0.0000,0.5000
2026-04-27T17:38:22.348,0.597,1,0.00,-1.00,0.00,0.00,1,-0.0186,0.0745,0.2379,0.0000,0.0000,0.0000,-17.80,1.07,71.48,44.60,36,36,1.00000,1.00000,1.00000,1.00000,3,3,1,24.67234,0.00290,1.09977,0.0186,-0.0745,0.0621,0.0000,0.0000,0.0000,17.80,-8.17,175.26,1,1,0.0000,0.0000,0.3000,0.00,0.8300,0.4200,1.0000,6.50,180.00,1.050000,0.000000,0.000000,1.500000,0.000000,0.000000,1.200000,0.000000,0.000000,1.050000,0.000000,0.000000,1.350000,0.060000,0.000000,0.008000,0.000000,0.000600,0.008000,0.000000,0.000600,0.006000,0.000000,0.000000,1,1,1,36,230,379308,379308,209785,169523,0,60.00,13654,3203,31,0,0,0,13800,498.01,498.01,0,1849,0.0000,0.5000,0.5000,0.0000,0.5000
2026-04-27T17:38:22.363,0.612,1,0.00,-1.00,0.00,0.00,1,-0.0186,0.0745,0.2379,0.0000,0.0000,0.0000,-17.82,1.26,51.63,60.01,37,37,1.00000,1.00000,1.00000,1.00000,3,3,1,24.66626,0.00281,1.09964,0.0186,-0.0745,0.0621,0.0000,0.0000,0.0000,17.82,-8.18,175.18,1,1,0.0000,0.0000,0.3000,0.00,0.8300,0.4200,1.0000,6.50,180.00,1.050000,0.000000,0.000000,1.500000,0.000000,0.000000,1.200000,0.000000,0.000000,1.050000,0.000000,0.000000,1.350000,0.060000,0.000000,0.008000,0.000000,0.000600,0.008000,0.000000,0.000600,0.006000,0.000000,0.000000,1,1,1,37,231,379308,379308,209785,169523,0,60.00,13654,3203,31,0,0,0,13800,498.01,498.01,0,1849,0.0000,0.5000,0.5000,0.0000,0.5000
2026-04-27T17:38:22.377,0.627,1,0.00,-1.00,0.00,0.00,1,-0.0186,0.0744,0.2378,0.0000,0.0000,0.0000,-17.79,-2.07,61.33,58.54,38,38,1.00000,1.00000,1.00000,1.00000,3,3,1,24.71606,0.00286,1.09999,0.0186,-0.0744,0.0622,0.0000,0.0000,0.0000,17.79,-8.13,175.15,1,1,0.0000,0.0000,0.3000,0.00,0.8300,0.4200,1.0000,6.50,180.00,1.050000,0.000000,0.000000,1.500000,0.000000,0.000000,1.200000,0.000000,0.000000,1.050000,0.000000,0.000000,1.350000,0.060000,0.000000,0.008000,0.000000,0.000600,0.008000,0.000000,0.000600,0.006000,0.000000,0.000000,1,1,1,38,231,379308,379308,209785,169523,0,60.00,13654,3203,31,0,0,0,13800,498.01,498.01,0,1849,0.0000,0.5000,0.5000,0.0000,0.5000
2026-04-27T17:38:22.396,0.645,1,0.00,-1.00,0.00,0.00,1,-0.0186,0.0744,0.2377,0.0000,0.0000,0.0000,-17.78,-0.54,55.61,61.60,39,39,1.00000,1.00000,1.00000,1.00000,3,3,1,24.70479,0.00287,1.10102,0.0186,-0.0744,0.0623,0.0000,0.0000,0.0000,17.78,-8.15,175.16,1,1,0.0000,0.0000,0.3000,0.00,0.8300,0.4200,1.0000,6.50,180.00,1.050000,0.000000,0.000000,1.500000,0.000000,0.000000,1.200000,0.000000,0.000000,1.050000,0.000000,0.000000,1.350000,0.060000,0.000000,0.008000,0.000000,0.000600,0.008000,0.000000,0.000600,0.006000,0.000000,0.000000,1,1,1,39,231,379308,379308,209785,169523,0,60.00,13654,3203,31,0,0,0,13800,498.01,498.01,0,1849,0.0000,0.5000,0.5000,0.0000,0.5000
2026-04-27T17:38:22.411,0.660,1,0.00,-1.00,0.00,0.00,1,-0.0186,0.0746,0.2378,0.0000,0.0000,0.0000,-17.85,4.81,66.73,60.08,40,40,1.00000,1.00000,1.00000,1.00000,3,3,1,24.63843,0.00281,1.09949,0.0186,-0.0746,0.0622,0.0000,0.0000,0.0000,17.85,-8.11,175.15,1,1,0.0000,0.0000,0.3000,0.00,0.8300,0.4200,1.0000,6.50,180.00,1.050000,0.000000,0.000000,1.500000,0.000000,0.000000,1.200000,0.000000,0.000000,1.050000,0.000000,0.000000,1.350000,0.060000,0.000000,0.008000,0.000000,0.000600,0.008000,0.000000,0.000600,0.006000,0.000000,0.000000,1,1,1,40,231,379308,379308,209785,169523,0,60.00,13654,3203,31,0,0,0,13800,498.01,498.01,0,1849,0.0000,0.5000,0.5000,0.0000,0.5000
2026-04-27T17:38:22.429,0.678,1,0.00,-1.00,0.00,0.00,1,-0.0186,0.0745,0.2379,0.0000,0.0000,0.0000,-17.82,-1.65,73.78,58.24,41,41,1.00000,1.00000,1.00000,1.00000,3,3,1,24.67137,0.00286,1.09985,0.0186,-0.0745,0.0621,0.0000,0.0000,0.0000,17.82,-8.20,175.17,1,1,0.0000,0.0000,0.3000,0.00,0.8300,0.4200,1.0000,6.50,180.00,1.050000,0.000000,0.000000,1.500000,0.000000,0.000000,1.200000,0.000000,0.000000,1.050000,0.000000,0.000000,1.350000,0.060000,0.000000,0.008000,0.000000,0.000600,0.008000,0.000000,0.000600,0.006000,0.000000,0.000000,1,1,1,41,230,379308,379308,209785,169523,0,60.00,13654,3203,31,0,0,0,13800,498.01,498.01,0,1849,0.0000,0.5000,0.5000,0.0000,0.5000
2026-04-27T17:38:22.448,0.697,1,0.00,-1.00,0.00,0.00,1,-0.0186,0.0745,0.2380,0.0000,0.0000,0.0000,-17.84,1.12,54.85,61.45,42,42,1.00000,1.00000,1.00000,1.00000,3,3,1,24.68641,0.00283,1.10008,0.0186,-0.0745,0.0620,0.0000,0.0000,0.0000,17.84,-8.31,175.22,1,1,0.0000,0.0000,0.3000,0.00,0.8300,0.4200,1.0000,6.50,180.00,1.050000,0.000000,0.000000,1.500000,0.000000,0.000000,1.200000,0.000000,0.000000,1.050000,0.000000,0.000000,1.350000,0.060000,0.000000,0.008000,0.000000,0.000600,0.008000,0.000000,0.000600,0.006000,0.000000,0.000000,1,1,1,42,231,379308,379308,209785,169523,0,60.00,13654,3203,31,0,0,0,13800,498.01,498.01,0,1849,0.0000,0.5000,0.5000,0.0000,0.5000
2026-04-27T17:38:22.464,0.713,1,0.00,-1.00,0.00,0.00,1,-0.0185,0.0745,0.2381,0.0000,0.0000,0.0000,-17.83,-0.63,53.29,60.45,43,43,1.00000,1.00000,1.00000,1.00000,3,3,1,24.65707,0.00297,1.10201,0.0185,-0.0745,0.0619,0.0000,0.0000,0.0000,17.83,-8.40,175.20,1,1,0.0000,0.0000,0.3000,0.00,0.8300,0.4200,1.0000,6.50,180.00,1.050000,0.000000,0.000000,1.500000,0.000000,0.000000,1.200000,0.000000,0.000000,1.050000,0.000000,0.000000,1.350000,0.060000,0.000000,0.008000,0.000000,0.000600,0.008000,0.000000,0.000600,0.006000,0.000000,0.000000,1,1,1,43,229,379308,379308,209785,169523,0,60.00,13654,3203,31,0,0,0,13800,498.01,498.01,0,1849,0.0000,0.5000,0.5000,0.0000,0.5000
2026-04-27T17:38:22.478,0.727,1,0.00,-1.00,0.00,0.00,1,-0.0185,0.0746,0.2380,0.0000,0.0000,0.0000,-17.80,-1.95,58.20,84.04,44,44,1.00000,1.00000,1.00000,1.00000,3,3,1,24.70205,0.00294,1.09977,0.0185,-0.0746,0.0620,0.0000,0.0000,0.0000,17.80,-8.55,175.22,1,1,0.0000,0.0000,0.3000,0.00,0.8300,0.4200,1.0000,6.50,180.00,1.050000,0.000000,0.000000,1.500000,0.000000,0.000000,1.200000,0.000000,0.000000,1.050000,0.000000,0.000000,1.350000,0.060000,0.000000,0.008000,0.000000,0.000600,0.008000,0.000000,0.000600,0.006000,0.000000,0.000000,1,1,1,44,230,379308,379308,209785,169523,0,60.00,13654,3203,31,0,0,0,13800,498.01,498.01,0,1849,0.0000,0.5000,0.5000,0.0000,0.5000
2026-04-27T17:38:22.496,0.745,1,0.00,-1.00,0.00,0.00,1,-0.0187,0.0743,0.2378,0.0000,0.0000,0.0000,-17.82,1.11,75.89,47.43,45,45,1.00000,1.00000,1.00000,1.00000,3,3,1,24.72983,0.00275,1.10008,0.0187,-0.0743,0.0622,0.0000,0.0000,0.0000,17.82,-8.13,175.16,1,1,0.0000,0.0000,0.3000,0.00,0.8300,0.4200,1.0000,6.50,180.00,1.050000,0.000000,0.000000,1.500000,0.000000,0.000000,1.200000,0.000000,0.000000,1.050000,0.000000,0.000000,1.350000,0.060000,0.000000,0.008000,0.000000,0.000600,0.008000,0.000000,0.000600,0.006000,0.000000,0.000000,1,1,1,45,231,379308,379308,209785,169523,0,60.00,13654,3203,31,0,0,0,13800,498.01,498.01,0,1849,0.0000,0.5000,0.5000,0.0000,0.5000
2026-04-27T17:38:22.513,0.763,1,0.00,-1.00,0.00,0.00,1,-0.0186,0.0744,0.2378,0.0000,0.0000,0.0000,-17.80,-1.23,51.75,57.57,46,46,1.00000,1.00000,1.00000,1.00000,3,3,1,24.67719,0.00287,1.09991,0.0186,-0.0744,0.0622,0.0000,0.0000,0.0000,17.80,-8.14,175.16,1,1,0.0000,0.0000,0.3000,0.00,0.8300,0.4200,1.0000,6.50,180.00,1.050000,0.000000,0.000000,1.500000,0.000000,0.000000,1.200000,0.000000,0.000000,1.050000,0.000000,0.000000,1.350000,0.060000,0.000000,0.008000,0.000000,0.000600,0.008000,0.000000,0.000600,0.006000,0.000000,0.000000,1,1,1,46,230,379308,379308,209785,169523,0,60.00,13654,3203,31,0,0,0,13800,498.01,498.01,0,1849,0.0000,0.5000,0.5000,0.0000,0.5000
2026-04-27T17:38:22.530,0.779,1,0.00,-1.00,0.00,0.00,1,-0.0185,0.0747,0.2379,0.0000,0.0000,0.0000,-17.77,-1.81,58.51,61.20,47,47,1.00000,1.00000,1.00000,1.00000,3,3,1,24.67272,0.00296,1.10043,0.0185,-0.0747,0.0621,0.0000,0.0000,0.0000,17.77,-8.36,175.26,1,1,0.0000,0.0000,0.3000,0.00,0.8300,0.4200,1.0000,6.50,180.00,1.050000,0.000000,0.000000,1.500000,0.000000,0.000000,1.200000,0.000000,0.000000,1.050000,0.000000,0.000000,1.350000,0.060000,0.000000,0.008000,0.000000,0.000600,0.008000,0.000000,0.000600,0.006000,0.000000,0.000000,1,1,1,47,231,379308,379308,209785,169523,0,60.00,13654,3203,31,0,0,0,13800,498.01,498.01,0,1849,0.0000,0.5000,0.5000,0.0000,0.5000
2026-04-27T17:38:22.543,0.792,1,0.00,-1.00,0.00,0.00,1,-0.0186,0.0746,0.2380,0.0000,0.0000,0.0000,-17.81,2.86,60.37,65.13,48,48,1.00000,1.00000,1.00000,1.00000,3,3,1,24.66317,0.00288,1.09947,0.0186,-0.0746,0.0620,0.0000,0.0000,0.0000,17.81,-8.31,175.29,1,1,0.0000,0.0000,0.3000,0.00,0.8300,0.4200,1.0000,6.50,180.00,1.050000,0.000000,0.000000,1.500000,0.000000,0.000000,1.200000,0.000000,0.000000,1.050000,0.000000,0.000000,1.350000,0.060000,0.000000,0.008000,0.000000,0.000600,0.008000,0.000000,0.000600,0.006000,0.000000,0.000000,1,1,1,48,231,379308,379308,209785,169523,0,60.00,13654,3203,31,0,0,0,13800,498.01,498.01,0,1849,0.0000,0.5000,0.5000,0.0000,0.5000
2026-04-27T17:38:22.561,0.811,1,0.00,-1.00,0.00,0.00,1,-0.0187,0.0744,0.2378,0.0000,0.0000,0.0000,-17.80,-0.55,83.34,84.33,49,49,1.00000,1.00000,1.00000,1.00000,3,3,1,24.68617,0.00284,1.09913,0.0187,-0.0744,0.0622,0.0000,0.0000,0.0000,17.80,-7.99,175.17,1,1,0.0000,0.0000,0.3000,0.00,0.8300,0.4200,1.0000,6.50,180.00,1.050000,0.000000,0.000000,1.500000,0.000000,0.000000,1.200000,0.000000,0.000000,1.050000,0.000000,0.000000,1.350000,0.060000,0.000000,0.008000,0.000000,0.000600,0.008000,0.000000,0.000600,0.006000,0.000000,0.000000,1,1,1,49,230,379308,379308,209785,169523,0,60.00,13654,3203,31,0,0,0,13800,498.01,498.01,0,1849,0.0000,0.5000,0.5000,0.0000,0.5000
2026-04-27T17:38:22.581,0.831,1,0.00,-1.00,0.00,0.00,1,-0.0187,0.0745,0.2379,0.0000,0.0000,0.0000,-17.81,0.50,54.58,43.94,50,50,1.00000,1.00000,1.00000,1.00000,3,3,1,24.66299,0.00294,1.09965,0.0187,-0.0745,0.0621,0.0000,0.0000,0.0000,17.81,-8.08,175.16,1,1,0.0000,0.0000,0.3000,0.00,0.8300,0.4200,1.0000,6.50,180.00,1.050000,0.000000,0.000000,1.500000,0.000000,0.000000,1.200000,0.000000,0.000000,1.050000,0.000000,0.000000,1.350000,0.060000,0.000000,0.008000,0.000000,0.000600,0.008000,0.000000,0.000600,0.006000,0.000000,0.000000,1,1,1,50,231,379308,379308,209785,169523,0,60.00,13654,3203,31,0,0,0,13800,498.01,498.01,0,1849,0.0000,0.5000,0.5000,0.0000,0.5000
2026-04-27T17:38:22.596,0.845,1,0.00,-1.00,0.00,0.00,1,-0.0184,0.0745,0.2380,0.0000,0.0000,0.0000,-17.79,-1.40,46.62,61.16,51,51,1.00000,1.00000,1.00000,1.00000,3,3,1,24.72088,0.00286,1.09821,0.0184,-0.0745,0.0620,0.0000,0.0000,0.0000,17.79,-8.39,175.27,1,1,0.0000,0.0000,0.3000,0.00,0.8300,0.4200,1.0000,6.50,180.00,1.050000,0.000000,0.000000,1.500000,0.000000,0.000000,1.200000,0.000000,0.000000,1.050000,0.000000,0.000000,1.350000,0.060000,0.000000,0.008000,0.000000,0.000600,0.008000,0.000000,0.000600,0.006000,0.000000,0.000000,1,1,1,51,231,379308,379308,209785,169523,0,60.00,13654,3203,31,0,0,0,13800,498.01,498.01,0,1849,0.0000,0.5000,0.5000,0.0000,0.5000
2026-04-27T17:38:22.613,0.862,1,0.00,-1.00,0.00,0.00,1,-0.0184,0.0746,0.2379,0.0000,0.0000,0.0000,-17.79,0.00,67.36,58.63,52,52,1.00000,1.00000,1.00000,1.00000,3,3,1,24.70515,0.00294,1.09929,0.0184,-0.0746,0.0621,0.0000,0.0000,0.0000,17.79,-8.45,175.25,1,1,0.0000,0.0000,0.3000,0.00,0.8300,0.4200,1.0000,6.50,180.00,1.050000,0.000000,0.000000,1.500000,0.000000,0.000000,1.200000,0.000000,0.000000,1.050000,0.000000,0.000000,1.350000,0.060000,0.000000,0.008000,0.000000,0.000600,0.008000,0.000000,0.000600,0.006000,0.000000,0.000000,1,1,1,52,231,379308,379308,209785,169523,0,60.00,13654,3203,31,0,0,0,13800,498.01,498.01,0,1849,0.0000,0.5000,0.5000,0.0000,0.5000
2026-04-27T17:38:22.628,0.877,1,0.00,-1.00,0.00,0.00,1,-0.0185,0.0745,0.2379,0.0000,0.0000,0.0000,-17.81,1.32,61.53,102.10,53,53,1.00000,1.00000,1.00000,1.00000,3,3,1,24.65858,0.00284,1.09937,0.0185,-0.0745,0.0621,0.0000,0.0000,0.0000,17.81,-8.32,175.18,1,1,0.0000,0.0000,0.3000,0.00,0.8300,0.4200,1.0000,6.50,180.00,1.050000,0.000000,0.000000,1.500000,0.000000,0.000000,1.200000,0.000000,0.000000,1.050000,0.000000,0.000000,1.350000,0.060000,0.000000,0.008000,0.000000,0.000600,0.008000,0.000000,0.000600,0.006000,0.000000,0.000000,1,1,1,53,231,379308,379308,209785,169523,0,60.00,13654,3203,31,0,0,0,13800,498.01,498.01,0,1849,0.0000,0.5000,0.5000,0.0000,0.5000
2026-04-27T17:38:22.645,0.894,1,0.10,-1.00,0.94,0.00,1,-0.0185,0.0746,0.2379,0.0000,0.0000,0.0000,-17.83,1.20,58.47,41.98,54,54,1.00000,1.00000,1.00000,1.00000,3,3,1,24.71793,0.00291,1.09928,0.0185,-0.0746,0.0621,0.0000,0.0000,0.0000,17.83,-8.46,175.23,1,1,0.0000,0.0000,0.3000,0.00,0.8300,0.4200,1.0000,6.50,180.00,1.050000,0.000000,0.000000,1.500000,0.000000,0.000000,1.200000,0.000000,0.000000,1.050000,0.000000,0.000000,1.350000,0.060000,0.000000,0.008000,0.000000,0.000600,0.008000,0.000000,0.000600,0.006000,0.000000,0.000000,1,1,1,54,231,379308,379308,209785,169523,0,60.00,13654,3203,31,0,0,0,13800,498.01,498.01,0,1849,0.0000,0.5000,0.5000,0.0000,0.5000
2026-04-27T17:38:22.661,0.911,1,0.10,-1.00,0.94,0.00,1,-0.0186,0.0745,0.2378,0.0000,0.0000,0.0000,-17.82,-0.60,73.26,75.09,55,55,1.00000,1.00000,1.00000,1.00000,3,3,1,24.71380,0.00281,1.10055,0.0186,-0.0745,0.0622,0.0000,0.0000,0.0000,17.82,-8.34,175.22,1,1,0.0000,0.0000,0.3000,0.00,0.8300,0.4200,1.0000,6.50,180.00,1.050000,0.000000,0.000000,1.500000,0.000000,0.000000,1.200000,0.000000,0.000000,1.050000,0.000000,0.000000,1.350000,0.060000,0.000000,0.008000,0.000000,0.000600,0.008000,0.000000,0.000600,0.006000,0.000000,0.000000,1,1,1,55,231,379308,379308,209785,169523,0,60.00,13654,3203,31,0,0,0,13800,498.01,498.01,0,1849,0.0000,0.5000,0.5000,0.0000,0.5000
2026-04-27T17:38:22.678,0.928,1,0.10,-1.00,0.94,0.00,1,-0.0186,0.0745,0.2379,0.0000,0.0000,0.0000,-17.80,-1.16,60.04,60.14,56,56,1.00000,1.00000,1.00000,1.00000,3,3,1,24.66807,0.00286,1.10037,0.0186,-0.0745,0.0621,0.0000,0.0000,0.0000,17.80,-8.25,175.19,1,1,0.0000,0.0000,0.3000,0.00,0.8300,0.4200,1.0000,6.50,180.00,1.050000,0.000000,0.000000,1.500000,0.000000,0.000000,1.200000,0.000000,0.000000,1.050000,0.000000,0.000000,1.350000,0.060000,0.000000,0.008000,0.000000,0.000600,0.008000,0.000000,0.000600,0.006000,0.000000,0.000000,1,1,1,56,230,379308,379308,209785,169523,0,60.00,13654,3203,31,0,0,0,13800,498.01,498.01,0,1849,0.0000,0.5000,0.5000,0.0000,0.5000
2026-04-27T17:38:22.695,0.944,1,0.10,-1.00,0.94,0.00,1,-0.0186,0.0744,0.2378,0.0000,0.0000,0.0000,-17.78,-1.24,58.23,49.94,57,57,1.00000,1.00000,1.00000,1.00000,3,3,1,24.70302,0.00283,1.10004,0.0186,-0.0744,0.0622,0.0000,0.0000,0.0000,17.78,-8.15,175.13,1,1,0.0000,0.0000,0.3000,0.00,0.8300,0.4200,1.0000,6.50,180.00,1.050000,0.000000,0.000000,1.500000,0.000000,0.000000,1.200000,0.000000,0.000000,1.050000,0.000000,0.000000,1.350000,0.060000,0.000000,0.008000,0.000000,0.000600,0.008000,0.000000,0.000600,0.006000,0.000000,0.000000,1,1,1,57,231,379308,379308,209785,169523,0,60.00,13654,3203,31,0,0,0,13800,498.01,498.01,0,1849,0.0000,0.5000,0.5000,0.0000,0.5000
2026-04-27T17:38:22.711,0.961,1,0.10,-1.00,0.94,0.00,1,-0.0186,0.0745,0.2379,0.0000,0.0000,0.0000,-17.79,0.60,61.90,63.78,58,58,1.00000,1.00000,1.00000,1.00000,3,3,1,24.68665,0.00286,1.09996,0.0186,-0.0745,0.0621,0.0000,0.0000,0.0000,17.79,-8.20,175.14,1,1,0.0000,0.0000,0.3000,0.00,0.8300,0.4200,1.0000,6.50,180.00,1.050000,0.000000,0.000000,1.500000,0.000000,0.000000,1.200000,0.000000,0.000000,1.050000,0.000000,0.000000,1.350000,0.060000,0.000000,0.008000,0.000000,0.000600,0.008000,0.000000,0.000600,0.006000,0.000000,0.000000,1,1,1,58,230,379308,379308,209785,169523,0,60.00,13654,3203,31,0,0,0,13800,498.01,498.01,0,1849,0.0000,0.5000,0.5000,0.0000,0.5000
2026-04-27T17:38:22.728,0.977,1,0.10,-1.00,0.94,0.00,1,-0.0186,0.0744,0.2378,0.0000,0.0000,0.0000,-17.79,0.00,59.96,56.73,59,59,1.00000,1.00000,1.00000,1.00000,3,3,1,24.71549,0.00280,1.09991,0.0186,-0.0744,0.0622,0.0000,0.0000,0.0000,17.79,-8.18,175.11,1,1,0.0000,0.0000,0.3000,0.00,0.8300,0.4200,1.0000,6.50,180.00,1.050000,0.000000,0.000000,1.500000,0.000000,0.000000,1.200000,0.000000,0.000000,1.050000,0.000000,0.000000,1.350000,0.060000,0.000000,0.008000,0.000000,0.000600,0.008000,0.000000,0.000600,0.006000,0.000000,0.000000,1,1,1,59,231,379308,379308,209785,169523,0,60.00,13654,3203,31,0,0,0,13800,498.01,498.01,0,1849,0.0000,0.5000,0.5000,0.0000,0.5000
2026-04-27T17:38:22.745,0.994,1,0.10,-1.00,0.00,0.00,1,-0.0186,0.0744,0.2379,0.0000,0.0000,0.0000,-17.79,0.00,50.95,85.61,60,60,1.00000,1.00000,1.00000,1.00000,3,3,1,24.68487,0.00284,1.10018,0.0186,-0.0744,0.0621,0.0000,0.0000,0.0000,17.79,-8.17,175.13,1,1,0.0000,0.0000,0.3000,0.00,0.8300,0.4200,1.0000,6.50,180.00,1.050000,0.000000,0.000000,1.500000,0.000000,0.000000,1.200000,0.000000,0.000000,1.050000,0.000000,0.000000,1.350000,0.060000,0.000000,0.008000,0.000000,0.000600,0.008000,0.000000,0.000600,0.006000,0.000000,0.000000,1,1,1,60,231,379308,379308,209785,169523,0,60.00,13654,3203,31,0,0,0,13800,498.01,498.01,0,1849,0.0000,0.5000,0.5000,0.0000,0.5000
2026-04-27T17:38:22.757,1.007,1,0.10,-1.00,0.00,0.00,1,-0.0186,0.0745,0.2378,0.0000,0.0000,0.0000,-17.78,-0.77,73.02,47.00,61,61,1.00000,1.00000,1.00000,1.00000,3,3,1,24.68847,0.00287,1.10008,0.0186,-0.0745,0.0622,0.0000,0.0000,0.0000,17.78,-8.13,175.17,1,1,0.0000,0.0000,0.3000,0.00,0.8300,0.4200,1.0000,6.50,180.00,1.050000,0.000000,0.000000,1.500000,0.000000,0.000000,1.200000,0.000000,0.000000,1.050000,0.000000,0.000000,1.350000,0.060000,0.000000,0.008000,0.000000,0.000600,0.008000,0.000000,0.000600,0.006000,0.000000,0.000000,1,1,1,61,231,379308,379308,209785,169523,0,60.00,13654,3203,31,0,0,0,13800,498.01,498.01,0,1849,0.0000,0.5000,0.5000,0.0000,0.5000
2026-04-27T17:38:22.783,1.033,1,0.10,-1.00,0.00,0.00,1,-0.0186,0.0746,0.2379,0.0000,0.0000,0.0000,-17.80,0.78,77.47,58.30,62,62,1.00000,1.00000,1.00000,1.00000,3,3,1,24.67234,0.00290,1.09977,0.0186,-0.0746,0.0621,0.0000,0.0000,0.0000,17.80,-8.19,175.25,1,1,0.0000,0.0000,0.3000,0.00,0.8300,0.4200,1.0000,6.50,180.00,1.050000,0.000000,0.000000,1.500000,0.000000,0.000000,1.200000,0.000000,0.000000,1.050000,0.000000,0.000000,1.350000,0.060000,0.000000,0.008000,0.000000,0.000600,0.008000,0.000000,0.000600,0.006000,0.000000,0.000000,1,1,1,62,230,379308,379308,209785,169523,0,60.00,13654,3203,61,0,0,0,13830,497.02,497.02,0,1027,0.0000,0.5000,0.5000,0.0000,0.5000
2026-04-27T17:38:22.788,1.038,1,0.10,-1.00,0.00,0.00,1,-0.0186,0.0745,0.2379,0.0000,0.0000,0.0000,-17.80,0.00,35.55,72.61,63,63,1.00000,1.00000,1.00000,1.00000,3,3,1,24.68487,0.00284,1.10018,0.0186,-0.0745,0.0621,0.0000,0.0000,0.0000,17.80,-8.17,175.20,1,1,0.0000,0.0000,0.3000,0.00,0.8300,0.4200,1.0000,6.50,180.00,1.050000,0.000000,0.000000,1.500000,0.000000,0.000000,1.200000,0.000000,0.000000,1.050000,0.000000,0.000000,1.350000,0.060000,0.000000,0.008000,0.000000,0.000600,0.008000,0.000000,0.000600,0.006000,0.000000,0.000000,1,1,1,63,229,379308,379308,209785,169523,0,60.00,13654,3203,61,0,0,0,13830,497.02,497.02,0,1027,0.0000,0.5000,0.5000,0.0000,0.5000
2026-04-27T17:38:22.812,1.061,1,0.10,-1.00,0.00,0.00,1,-0.0186,0.0745,0.2380,0.0000,0.0000,0.0000,-17.76,-1.71,357.66,82.60,64,64,1.00000,1.00000,1.00000,1.00000,3,3,1,24.67667,0.00284,1.09835,0.0186,-0.0745,0.0620,0.0000,0.0000,0.0000,17.76,-8.25,175.26,1,1,0.0000,0.0000,0.3000,0.00,0.8300,0.4200,1.0000,6.50,180.00,1.050000,0.000000,0.000000,1.500000,0.000000,0.000000,1.200000,0.000000,0.000000,1.050000,0.000000,0.000000,1.350000,0.060000,0.000000,0.008000,0.000000,0.000600,0.008000,0.000000,0.000600,0.006000,0.000000,0.000000,1,1,1,64,231,379308,379308,209785,169523,0,60.00,13654,3203,61,0,0,0,13830,497.02,497.02,0,1027,0.0000,0.5000,0.5000,0.0000,0.5000
2026-04-27T17:38:22.822,1.071,1,0.10,-1.00,0.00,0.00,1,-0.0186,0.0745,0.2380,0.0000,0.0000,0.0000,-17.80,4.03,42.73,47.11,65,65,1.00000,1.00000,1.00000,1.00000,3,3,1,24.66626,0.00281,1.09964,0.0186,-0.0745,0.0620,0.0000,0.0000,0.0000,17.80,-8.23,175.18,1,1,0.0000,0.0000,0.3000,0.00,0.8300,0.4200,1.0000,6.50,180.00,1.050000,0.000000,0.000000,1.500000,0.000000,0.000000,1.200000,0.000000,0.000000,1.050000,0.000000,0.000000,1.350000,0.060000,0.000000,0.008000,0.000000,0.000600,0.008000,0.000000,0.000600,0.006000,0.000000,0.000000,1,1,1,65,230,379308,379308,209785,169523,0,60.00,13654,3203,61,0,0,0,13830,497.02,497.02,0,1027,0.0000,0.5000,0.5000,0.0000,0.5000
2026-04-27T17:38:22.846,1.096,1,0.10,-1.00,0.00,0.00,1,-0.0186,0.0746,0.2381,0.0000,0.0000,0.0000,-17.78,-0.81,52.84,52.41,66,66,1.00000,1.00000,1.00000,1.00000,3,3,1,24.66472,0.00290,1.09790,0.0186,-0.0746,0.0619,0.0000,0.0000,0.0000,17.78,-8.33,175.34,1,1,0.0000,0.0000,0.3000,0.00,0.8300,0.4200,1.0000,6.50,180.00,1.050000,0.000000,0.000000,1.500000,0.000000,0.000000,1.200000,0.000000,0.000000,1.050000,0.000000,0.000000,1.350000,0.060000,0.000000,0.008000,0.000000,0.000600,0.008000,0.000000,0.000600,0.006000,0.000000,0.000000,1,1,1,66,231,379308,379308,209785,169523,0,60.00,13654,3203,61,0,0,0,13830,497.02,497.02,0,1027,0.0000,0.5000,0.5000,0.0000,0.5000
2026-04-27T17:38:22.863,1.113,1,0.10,-1.00,0.00,0.00,1,-0.0186,0.0745,0.2378,0.0000,0.0000,0.0000,-17.77,-0.60,58.44,72.26,67,67,1.00000,1.00000,1.00000,1.00000,3,3,1,24.71606,0.00286,1.09999,0.0186,-0.0745,0.0622,0.0000,0.0000,0.0000,17.77,-8.20,175.23,1,1,0.0000,0.0000,0.3000,0.00,0.8300,0.4200,1.0000,6.50,180.00,1.050000,0.000000,0.000000,1.500000,0.000000,0.000000,1.200000,0.000000,0.000000,1.050000,0.000000,0.000000,1.350000,0.060000,0.000000,0.008000,0.000000,0.000600,0.008000,0.000000,0.000600,0.006000,0.000000,0.000000,1,1,1,67,230,379308,379308,209785,169523,0,60.00,13654,3203,61,0,0,0,13830,497.02,497.02,0,1027,0.0000,0.5000,0.5000,0.0000,0.5000
2026-04-27T17:38:22.881,1.131,1,0.10,-1.00,0.00,0.00,1,-0.0185,0.0746,0.2379,0.0000,0.0000,0.0000,-17.82,3.13,64.96,53.89,68,68,1.00000,1.00000,1.00000,1.00000,3,3,1,24.67166,0.00292,1.09913,0.0185,-0.0746,0.0621,0.0000,0.0000,0.0000,17.82,-8.36,175.13,1,1,0.0000,0.0000,0.3000,0.00,0.8300,0.4200,1.0000,6.50,180.00,1.050000,0.000000,0.000000,1.500000,0.000000,0.000000,1.200000,0.000000,0.000000,1.050000,0.000000,0.000000,1.350000,0.060000,0.000000,0.008000,0.000000,0.000600,0.008000,0.000000,0.000600,0.006000,0.000000,0.000000,1,1,1,68,231,379308,379308,209785,169523,0,60.00,13654,3203,61,0,0,0,13830,497.02,497.02,0,1027,0.0000,0.5000,0.5000,0.0000,0.5000
2026-04-27T17:38:22.888,1.137,1,0.10,-1.00,0.00,0.00,1,-0.0185,0.0745,0.2379,0.0000,0.0000,0.0000,-17.82,0.00,55.57,67.33,69,69,1.00000,1.00000,1.00000,1.00000,3,3,1,24.70253,0.00281,1.10038,0.0185,-0.0745,0.0621,0.0000,0.0000,0.0000,17.82,-8.32,175.14,1,1,0.0000,0.0000,0.3000,0.00,0.8300,0.4200,1.0000,6.50,180.00,1.050000,0.000000,0.000000,1.500000,0.000000,0.000000,1.200000,0.000000,0.000000,1.050000,0.000000,0.000000,1.350000,0.060000,0.000000,0.008000,0.000000,0.000600,0.008000,0.000000,0.000600,0.006000,0.000000,0.000000,1,1,1,69,231,379488,379488,209965,169523,0,60.00,13834,7342,61,0,0,0,13830,497.02,497.02,0,1027,0.0000,0.5000,0.5000,0.0000,0.5000
2026-04-27T17:38:22.906,1.155,1,0.10,-1.00,0.00,0.00,1,-0.0186,0.0745,0.2378,0.0000,0.0000,0.0000,-17.80,-1.15,146.33,57.25,70,70,1.00000,1.00000,1.00000,1.00000,3,3,1,24.69792,0.00286,1.10013,0.0186,-0.0745,0.0622,0.0000,0.0000,0.0000,17.80,-8.25,175.18,1,1,0.0000,0.0000,0.3000,0.00,0.8300,0.4200,1.0000,6.50,180.00,1.050000,0.000000,0.000000,1.500000,0.000000,0.000000,1.200000,0.000000,0.000000,1.050000,0.000000,0.000000,1.350000,0.060000,0.000000,0.008000,0.000000,0.000600,0.008000,0.000000,0.000600,0.006000,0.000000,0.000000,1,1,1,70,230,379488,379488,209965,169523,0,60.00,13834,7342,61,0,0,0,13830,497.02,497.02,0,1027,0.0000,0.5000,0.5000,0.0000,0.5000
2026-04-27T17:38:22.929,1.178,1,0.10,-1.00,0.00,0.00,1,-0.0187,0.0744,0.2377,0.0000,0.0000,0.0000,-17.76,-1.72,37.87,76.56,71,71,1.00000,1.00000,1.00000,1.00000,3,3,1,24.69448,0.00288,1.10005,0.0187,-0.0744,0.0623,0.0000,0.0000,0.0000,17.76,-8.10,175.18,1,1,0.0000,0.0000,0.3000,0.00,0.8300,0.4200,1.0000,6.50,180.00,1.050000,0.000000,0.000000,1.500000,0.000000,0.000000,1.200000,0.000000,0.000000,1.050000,0.000000,0.000000,1.350000,0.060000,0.000000,0.008000,0.000000,0.000600,0.008000,0.000000,0.000600,0.006000,0.000000,0.000000,1,1,1,71,230,379488,379488,209965,169523,0,60.00,13834,7342,61,0,0,0,13830,497.02,497.02,0,1027,0.0000,0.5000,0.5000,0.0000,0.5000
2026-04-27T17:38:22.944,1.194,1,0.10,-1.00,0.00,0.00,1,-0.0185,0.0745,0.2378,0.0000,0.0000,0.0000,-17.76,0.00,69.63,44.38,72,72,1.00000,1.00000,1.00000,1.00000,3,3,1,24.71272,0.00288,1.10056,0.0185,-0.0745,0.0622,0.0000,0.0000,0.0000,17.76,-8.35,175.17,1,1,0.0000,0.0000,0.3000,0.00,0.8300,0.4200,1.0000,6.50,180.00,1.050000,0.000000,0.000000,1.500000,0.000000,0.000000,1.200000,0.000000,0.000000,1.050000,0.000000,0.000000,1.350000,0.060000,0.000000,0.008000,0.000000,0.000600,0.008000,0.000000,0.000600,0.006000,0.000000,0.000000,1,1,1,72,231,379488,379488,209965,169523,0,60.00,13834,7342,61,0,0,0,13830,497.02,497.02,0,1027,0.0000,0.5000,0.5000,0.0000,0.5000
2026-04-27T17:38:22.961,1.210,1,0.10,-1.00,0.00,0.00,1,-0.0186,0.0745,0.2379,0.0000,0.0000,0.0000,-17.78,1.20,63.90,61.25,73,73,1.00000,1.00000,1.00000,1.00000,3,3,1,24.68487,0.00284,1.10018,0.0186,-0.0745,0.0621,0.0000,0.0000,0.0000,17.78,-8.25,175.16,1,1,0.0000,0.0000,0.3000,0.00,0.8300,0.4200,1.0000,6.50,180.00,1.050000,0.000000,0.000000,1.500000,0.000000,0.000000,1.200000,0.000000,0.000000,1.050000,0.000000,0.000000,1.350000,0.060000,0.000000,0.008000,0.000000,0.000600,0.008000,0.000000,0.000600,0.006000,0.000000,0.000000,1,1,1,73,231,379488,379488,209965,169523,0,60.00,13834,7342,61,0,0,0,13830,497.02,497.02,0,1027,0.0000,0.5000,0.5000,0.0000,0.5000
2026-04-27T17:38:22.980,1.229,1,0.10,-1.00,0.00,0.00,1,-0.0187,0.0744,0.2379,0.0000,0.0000,0.0000,-17.83,2.68,60.14,58.63,74,74,1.00000,1.00000,1.00000,1.00000,3,3,1,24.65649,0.00278,1.09905,0.0187,-0.0744,0.0621,0.0000,0.0000,0.0000,17.83,-8.03,175.13,1,1,0.0000,0.0000,0.3000,0.00,0.8300,0.4200,1.0000,6.50,180.00,1.050000,0.000000,0.000000,1.500000,0.000000,0.000000,1.200000,0.000000,0.000000,1.050000,0.000000,0.000000,1.350000,0.060000,0.000000,0.008000,0.000000,0.000600,0.008000,0.000000,0.000600,0.006000,0.000000,0.000000,1,1,1,74,231,379488,379488,209965,169523,0,60.00,13834,7342,61,0,0,0,13830,497.02,497.02,0,1027,0.0000,0.5000,0.5000,0.0000,0.5000
2026-04-27T17:38:22.997,1.246,1,0.10,-1.00,0.00,0.00,1,-0.0186,0.0745,0.2379,0.0000,0.0000,0.0000,-17.84,0.64,48.44,60.18,75,75,1.00000,1.00000,1.00000,1.00000,3,3,1,24.69791,0.00280,1.10025,0.0186,-0.0745,0.0621,0.0000,0.0000,0.0000,17.84,-8.15,175.18,1,1,0.0000,0.0000,0.3000,0.00,0.8300,0.4200,1.0000,6.50,180.00,1.050000,0.000000,0.000000,1.500000,0.000000,0.000000,1.200000,0.000000,0.000000,1.050000,0.000000,0.000000,1.350000,0.060000,0.000000,0.008000,0.000000,0.000600,0.008000,0.000000,0.000600,0.006000,0.000000,0.000000,1,1,1,75,231,379488,379488,209965,169523,0,60.00,13834,7342,61,0,0,0,13830,497.02,497.02,0,1027,0.0000,0.5000,0.5000,0.0000,0.5000
2026-04-27T17:38:23.011,1.260,1,0.10,-1.00,0.00,0.00,1,-0.0188,0.0743,0.2377,0.0000,0.0000,0.0000,-17.84,0.00,62.05,100.50,76,76,1.00000,1.00000,1.00000,1.00000,3,3,1,24.70855,0.00280,1.10043,0.0188,-0.0743,0.0623,0.0000,0.0000,0.0000,17.84,-7.83,175.11,1,1,0.0000,0.0000,0.3000,0.00,0.8300,0.4200,1.0000,6.50,180.00,1.050000,0.000000,0.000000,1.500000,0.000000,0.000000,1.200000,0.000000,0.000000,1.050000,0.000000,0.000000,1.350000,0.060000,0.000000,0.008000,0.000000,0.000600,0.008000,0.000000,0.000600,0.006000,0.000000,0.000000,1,1,1,76,231,379488,379488,209965,169523,0,60.00,13834,7342,61,0,0,0,13830,497.02,497.02,0,1027,0.0000,0.5000,0.5000,0.0000,0.5000
2026-04-27T17:38:23.030,1.280,1,0.10,-1.00,0.00,0.00,1,-0.0187,0.0744,0.2378,0.0000,0.0000,0.0000,-17.81,-1.80,75.52,53.14,77,77,1.00000,1.00000,1.00000,1.00000,3,3,1,24.69792,0.00286,1.10013,0.0187,-0.0744,0.0622,0.0000,0.0000,0.0000,17.81,-8.00,175.16,1,1,0.0000,0.0000,0.3000,0.00,0.8300,0.4200,1.0000,6.50,180.00,1.050000,0.000000,0.000000,1.500000,0.000000,0.000000,1.200000,0.000000,0.000000,1.050000,0.000000,0.000000,1.350000,0.060000,0.000000,0.008000,0.000000,0.000600,0.008000,0.000000,0.000600,0.006000,0.000000,0.000000,1,1,1,77,228,379488,379488,209965,169523,0,60.00,13834,7342,61,0,0,0,13830,497.02,497.02,0,1027,0.0000,0.5000,0.5000,0.0000,0.5000
2026-04-27T17:38:23.046,1.295,1,0.10,-1.00,0.00,0.00,1,-0.0185,0.0745,0.2379,0.0000,0.0000,0.0000,-17.82,0.56,52.17,49.07,78,78,1.00000,1.00000,1.00000,1.00000,3,3,1,24.71014,0.00288,1.09960,0.0185,-0.0745,0.0621,0.0000,0.0000,0.0000,17.82,-8.29,175.16,1,1,0.0000,0.0000,0.3000,0.00,0.8300,0.4200,1.0000,6.50,180.00,1.050000,0.000000,0.000000,1.500000,0.000000,0.000000,1.200000,0.000000,0.000000,1.050000,0.000000,0.000000,1.350000,0.060000,0.000000,0.008000,0.000000,0.000600,0.008000,0.000000,0.000600,0.006000,0.000000,0.000000,1,1,1,78,231,379488,379488,209965,169523,0,60.00,13834,7342,61,0,0,0,13830,497.02,497.02,0,1027,0.0000,0.5000,0.5000,0.0000,0.5000
2026-04-27T17:38:23.062,1.311,1,0.10,-1.00,0.00,0.00,1,-0.0186,0.0745,0.2378,0.0000,0.0000,0.0000,-17.80,-1.25,54.64,57.22,79,79,1.00000,1.00000,1.00000,1.00000,3,3,1,24.70293,0.00289,1.09947,0.0186,-0.0745,0.0622,0.0000,0.0000,0.0000,17.80,-8.18,175.18,1,1,0.0000,0.0000,0.3000,0.00,0.8300,0.4200,1.0000,6.50,180.00,1.050000,0.000000,0.000000,1.500000,0.000000,0.000000,1.200000,0.000000,0.000000,1.050000,0.000000,0.000000,1.350000,0.060000,0.000000,0.008000,0.000000,0.000600,0.008000,0.000000,0.000600,0.006000,0.000000,0.000000,1,1,1,79,230,379488,379488,209965,169523,0,60.00,13834,7342,61,0,0,0,13830,497.02,497.02,0,1027,0.0000,0.5000,0.5000,0.0000,0.5000
2026-04-27T17:38:23.078,1.328,1,0.10,-1.00,0.00,0.00,1,-0.0185,0.0744,0.2379,0.0000,0.0000,0.0000,-17.79,-0.60,76.17,63.57,80,80,1.00000,1.00000,1.00000,1.00000,3,3,1,24.65000,0.00297,1.10304,0.0185,-0.0744,0.0621,0.0000,0.0000,0.0000,17.79,-8.20,175.10,1,1,0.0000,0.0000,0.3000,0.00,0.8300,0.4200,1.0000,6.50,180.00,1.050000,0.000000,0.000000,1.500000,0.000000,0.000000,1.200000,0.000000,0.000000,1.050000,0.000000,0.000000,1.350000,0.060000,0.000000,0.008000,0.000000,0.000600,0.008000,0.000000,0.000600,0.006000,0.000000,0.000000,1,1,1,80,229,379488,379488,209965,169523,0,60.00,13834,7342,61,0,0,0,13830,497.02,497.02,0,1027,0.0000,0.5000,0.5000,0.0000,0.5000
2026-04-27T17:38:23.083,1.333,1,0.10,-1.00,0.00,0.00,1,-0.0184,0.0746,0.2379,-0.0138,-0.0167,0.0000,-17.81,3.98,60.37,101.91,81,81,1.00000,1.00000,1.00000,1.00000,3,3,1,24.72843,0.00291,1.09946,0.0184,-0.0746,0.0621,-0.0138,-0.0167,0.0000,17.81,-8.44,175.16,1,1,0.0000,0.0000,0.3000,0.00,0.8300,0.4200,1.0000,6.50,180.00,1.050000,0.000000,0.000000,1.500000,0.000000,0.000000,1.200000,0.000000,0.000000,1.050000,0.000000,0.000000,1.350000,0.060000,0.000000,0.008000,0.000000,0.000600,0.008000,0.000000,0.000600,0.006000,0.000000,0.000000,1,1,1,81,241,379488,379488,209965,169523,0,60.00,13834,7342,61,0,0,0,13830,497.02,497.02,0,1027,0.0000,0.5000,0.5000,0.0000,0.5000
2026-04-27T17:38:23.111,1.360,1,0.10,-1.00,0.00,0.00,1,-0.0184,0.0746,0.2378,0.0000,0.0000,0.0000,-17.79,-0.72,199.07,54.66,82,82,1.00000,1.00000,1.00000,1.00000,3,3,1,24.72722,0.00289,1.10096,0.0184,-0.0746,0.0622,0.0000,0.0000,0.0000,17.79,-8.43,175.08,1,1,0.0000,0.0000,0.3000,0.00,0.8300,0.4200,1.0000,6.50,180.00,1.050000,0.000000,0.000000,1.500000,0.000000,0.000000,1.200000,0.000000,0.000000,1.050000,0.000000,0.000000,1.350000,0.060000,0.000000,0.008000,0.000000,0.000600,0.008000,0.000000,0.000600,0.006000,0.000000,0.000000,1,1,1,82,231,379488,379488,209965,169523,0,60.00,13834,7342,61,0,0,0,13830,497.02,497.02,0,1027,0.0000,0.5000,0.5000,0.0000,0.5000
2026-04-27T17:38:23.126,1.375,1,0.10,-1.00,0.00,0.00,1,-0.0185,0.0743,0.2373,0.0000,0.0000,0.0176,-17.71,-5.33,31.09,63.56,83,83,1.00000,1.00000,1.00000,1.00000,3,3,1,24.71616,0.00291,1.09271,0.0185,-0.0743,0.0627,0.0000,0.0000,0.0176,17.71,-8.26,174.90,1,1,0.0000,0.0000,0.3000,0.00,0.8300,0.4200,1.0000,6.50,180.00,1.050000,0.000000,0.000000,1.500000,0.000000,0.000000,1.200000,0.000000,0.000000,1.050000,0.000000,0.000000,1.350000,0.060000,0.000000,0.008000,0.000000,0.000600,0.008000,0.000000,0.000600,0.006000,0.000000,0.000000,1,1,1,83,234,379488,379488,209965,169523,0,60.00,13834,7342,61,0,0,0,13830,497.02,497.02,0,1027,0.0000,0.5000,0.5000,0.0000,0.5000
2026-04-27T17:38:23.147,1.396,1,0.00,-1.29,-0.97,-2.98,1,-0.0184,0.0735,0.2360,0.0000,0.0246,0.0477,-17.00,-38.45,93.90,62.63,84,84,1.00000,1.00000,1.00000,1.00000,3,3,1,24.62906,0.00282,1.09441,0.0184,-0.0735,0.0640,0.0000,0.0246,0.0477,17.00,-8.21,174.64,1,1,0.0000,0.0000,0.3000,0.00,0.8300,0.4200,1.0000,6.50,180.00,1.050000,0.000000,0.000000,1.500000,0.000000,0.000000,1.200000,0.000000,0.000000,1.050000,0.000000,0.000000,1.350000,0.060000,0.000000,0.008000,0.000000,0.000600,0.008000,0.000000,0.000600,0.006000,0.000000,0.000000,1,1,1,84,236,379488,379488,209965,169523,0,60.00,13834,7342,61,0,0,0,13830,497.02,497.02,0,1027,0.0000,0.5000,0.5000,0.0000,0.5000
2026-04-27T17:38:23.164,1.413,1,0.00,-1.29,-0.97,-2.98,1,-0.0188,0.0737,0.2328,0.0146,0.0000,0.1370,-16.25,-43.00,48.86,59.89,85,85,1.00000,1.00000,1.00000,1.00000,3,3,1,24.25089,0.00296,1.09170,0.0188,-0.0737,0.0672,0.0146,0.0000,0.1370,16.25,-8.21,174.89,1,1,0.0000,0.0000,0.3000,0.00,0.8300,0.4200,1.0000,6.50,180.00,1.050000,0.000000,0.000000,1.500000,0.000000,0.000000,1.200000,0.000000,0.000000,1.050000,0.000000,0.000000,1.350000,0.060000,0.000000,0.008000,0.000000,0.000600,0.008000,0.000000,0.000600,0.006000,0.000000,0.000000,1,1,1,85,239,379488,379488,209965,169523,0,60.00,13834,7342,61,0,0,0,13830,497.02,497.02,0,1027,0.0000,0.5000,0.5000,0.0000,0.5000
2026-04-27T17:38:23.180,1.429,1,0.00,-1.29,-0.97,-2.98,1,-0.0192,0.0740,0.2267,0.0166,0.0000,0.2455,-15.74,-32.30,57.34,54.35,86,86,1.00000,1.00000,1.00000,1.00000,3,3,1,24.17664,0.00270,1.08718,0.0192,-0.0740,0.0733,0.0166,0.0000,0.2455,15.74,-8.01,175.22,1,1,0.0000,0.0000,0.3000,0.00,0.8300,0.4200,1.0000,6.50,180.00,1.050000,0.000000,0.000000,1.500000,0.000000,0.000000,1.200000,0.000000,0.000000,1.050000,0.000000,0.000000,1.350000,0.060000,0.000000,0.008000,0.000000,0.000600,0.008000,0.000000,0.000600,0.006000,0.000000,0.000000,1,1,1,86,236,379488,379488,209965,169523,0,60.00,13834,7342,61,0,0,0,13830,497.02,497.02,0,1027,0.0000,0.5000,0.5000,0.0000,0.5000
2026-04-27T17:38:23.193,1.442,1,0.00,-1.29,-0.97,-2.98,1,-0.0195,0.0743,0.2181,0.0164,-0.0126,0.4206,-15.39,-23.77,63.33,61.99,87,87,1.00000,1.00000,1.00000,1.00000,3,3,1,23.95748,0.00284,1.08758,0.0195,-0.0743,0.0819,0.0164,-0.0126,0.4206,15.39,-7.86,175.36,1,1,0.0000,0.0000,0.3000,0.00,0.8300,0.4200,1.0000,6.50,180.00,1.050000,0.000000,0.000000,1.500000,0.000000,0.000000,1.200000,0.000000,0.000000,1.050000,0.000000,0.000000,1.350000,0.060000,0.000000,0.008000,0.000000,0.000600,0.008000,0.000000,0.000600,0.006000,0.000000,0.000000,1,1,1,87,244,379488,379488,209965,169523,0,60.00,13834,7342,61,0,0,0,13830,497.02,497.02,0,1027,0.0000,0.5000,0.5000,0.0000,0.5000
2026-04-27T17:38:23.211,1.460,1,0.00,-1.29,-0.97,-2.98,1,-0.0203,0.0745,0.2070,0.0310,-0.0116,0.5036,-14.99,-21.60,78.60,52.79,88,88,1.00000,1.00000,1.00000,1.00000,3,3,1,23.70473,0.00283,1.08325,0.0203,-0.0745,0.0930,0.0310,-0.0116,0.5036,14.99,-7.46,175.67,1,1,0.0000,0.0000,0.3000,0.00,0.8300,0.4200,1.0000,6.50,180.00,1.050000,0.000000,0.000000,1.500000,0.000000,0.000000,1.200000,0.000000,0.000000,1.050000,0.000000,0.000000,1.350000,0.060000,0.000000,0.008000,0.000000,0.000600,0.008000,0.000000,0.000600,0.006000,0.000000,0.000000,1,1,1,88,243,379488,379488,209965,169523,0,60.00,13834,7342,61,0,0,0,13830,497.02,497.02,0,1027,0.0000,0.5000,0.5000,0.0000,0.5000
2026-04-27T17:38:23.228,1.477,1,0.00,-1.29,-0.97,-2.98,1,-0.0206,0.0744,0.1946,0.0231,0.0000,0.6197,-14.68,-18.38,54.01,65.96,89,89,1.00000,1.00000,1.00000,1.00000,3,3,1,23.37461,0.00284,1.08536,0.0206,-0.0744,0.1054,0.0231,0.0000,0.6197,14.68,-7.43,175.58,1,1,0.0000,0.0000,0.3000,0.00,0.8300,0.4200,1.0000,6.50,180.00,1.050000,0.000000,0.000000,1.500000,0.000000,0.000000,1.200000,0.000000,0.000000,1.050000,0.000000,0.000000,1.350000,0.060000,0.000000,0.008000,0.000000,0.000600,0.008000,0.000000,0.000600,0.006000,0.000000,0.000000,1,1,1,89,238,379488,379488,209965,169523,0,60.00,13834,7342,61,0,0,0,13830,497.02,497.02,0,1027,0.0000,0.5000,0.5000,0.0000,0.5000
2026-04-27T17:38:23.245,1.494,1,0.90,-1.50,8.73,-1.95,1,-0.0213,0.0745,0.1803,0.0323,0.0000,0.7296,-14.34,-19.95,59.29,44.67,90,90,1.00000,1.00000,1.00000,1.00000,3,3,1,23.09757,0.00313,1.08787,0.0213,-0.0745,0.1197,0.0323,0.0000,0.7296,14.34,-6.90,175.51,1,1,0.0000,0.0000,0.3000,0.00,0.8300,0.4200,1.0000,6.50,180.00,1.050000,0.000000,0.000000,1.500000,0.000000,0.000000,1.200000,0.000000,0.000000,1.050000,0.000000,0.000000,1.350000,0.060000,0.000000,0.008000,0.000000,0.000600,0.008000,0.000000,0.000600,0.006000,0.000000,0.000000,1,1,1,90,236,379488,379488,209965,169523,0,60.00,13834,7342,61,0,0,0,13830,497.02,497.02,0,1027,0.0000,0.5000,0.5000,0.0000,0.5000
2026-04-27T17:38:23.263,1.512,1,0.90,-1.50,8.73,-1.95,1,-0.0220,0.0747,0.1654,0.0398,0.0000,0.8442,-14.03,-17.54,58.67,62.79,91,91,1.00000,1.00000,1.00000,1.00000,3,3,1,22.81749,0.00290,1.08387,0.0220,-0.0747,0.1346,0.0398,0.0000,0.8442,14.03,-6.45,175.69,1,1,0.0000,0.0000,0.3000,0.00,0.8300,0.4200,1.0000,6.50,180.00,1.050000,0.000000,0.000000,1.500000,0.000000,0.000000,1.200000,0.000000,0.000000,1.050000,0.000000,0.000000,1.350000,0.060000,0.000000,0.008000,0.000000,0.000600,0.008000,0.000000,0.000600,0.006000,0.000000,0.000000,1,1,1,91,238,379488,379488,209965,169523,0,60.00,13834,7342,61,0,0,0,13830,497.02,497.02,0,1027,0.0000,0.5000,0.5000,0.0000,0.5000
2026-04-27T17:38:23.280,1.529,1,0.90,-1.50,8.73,-1.95,1,-0.0221,0.0751,0.1494,0.0186,-0.0185,0.9068,-13.86,-9.86,53.56,57.50,92,92,1.00000,1.00000,1.00000,1.00000,3,3,1,22.49990,0.00313,1.08643,0.0221,-0.0751,0.1506,0.0186,-0.0185,0.9068,13.86,-6.45,175.82,1,1,0.0000,0.0000,0.3000,0.00,0.8300,0.4200,1.0000,6.50,180.00,1.050000,0.000000,0.000000,1.500000,0.000000,0.000000,1.200000,0.000000,0.000000,1.050000,0.000000,0.000000,1.350000,0.060000,0.000000,0.008000,0.000000,0.000600,0.008000,0.000000,0.000600,0.006000,0.000000,0.000000,1,1,1,92,244,379488,379488,209965,169523,0,60.00,13834,7342,61,0,0,0,13830,497.02,497.02,0,1027,0.0000,0.5000,0.5000,0.0000,0.5000
2026-04-27T17:38:23.298,1.548,1,0.90,-1.50,8.73,-1.95,1,-0.0222,0.0752,0.1338,0.0120,0.0000,0.8844,-13.55,-21.39,51.89,81.90,93,93,1.00000,1.00000,1.00000,1.00000,3,3,1,22.20450,0.00319,1.08707,0.0222,-0.0752,0.1662,0.0120,0.0000,0.8844,13.55,-6.87,175.88,1,1,0.0000,0.0000,0.3000,0.00,0.8300,0.4200,1.0000,6.50,180.00,1.050000,0.000000,0.000000,1.500000,0.000000,0.000000,1.200000,0.000000,0.000000,1.050000,0.000000,0.000000,1.350000,0.060000,0.000000,0.008000,0.000000,0.000600,0.008000,0.000000,0.000600,0.006000,0.000000,0.000000,1,1,1,93,239,379488,379488,209965,169523,0,60.00,13834,7342,61,0,0,0,13830,497.02,497.02,0,1027,0.0000,0.5000,0.5000,0.0000,0.5000
2026-04-27T17:38:23.313,1.562,1,0.90,-1.50,8.73,-1.95,1,-0.0223,0.0753,0.1192,0.0136,0.0000,0.8841,-13.30,-14.13,65.02,49.08,94,94,1.00000,1.00000,1.00000,1.00000,3,3,1,21.86390,0.00339,1.08754,0.0223,-0.0753,0.1808,0.0136,0.0000,0.8841,13.30,-7.20,175.98,1,1,0.0000,0.0000,0.3000,0.00,0.8300,0.4200,1.0000,6.50,180.00,1.050000,0.000000,0.000000,1.500000,0.000000,0.000000,1.200000,0.000000,0.000000,1.050000,0.000000,0.000000,1.350000,0.060000,0.000000,0.008000,0.000000,0.000600,0.008000,0.000000,0.000600,0.006000,0.000000,0.000000,1,1,1,94,237,379488,379488,209965,169523,0,60.00,13834,7342,61,0,0,0,13830,497.02,497.02,0,1027,0.0000,0.5000,0.5000,0.0000,0.5000
2026-04-27T17:38:23.328,1.577,1,0.90,-1.50,8.73,-1.95,1,-0.0228,0.0756,0.1055,0.0225,-0.0124,0.8580,-13.06,-15.34,63.42,62.92,95,95,1.00000,1.00000,1.00000,1.00000,3,3,1,21.68376,0.00330,1.08685,0.0228,-0.0756,0.1945,0.0225,-0.0124,0.8580,13.06,-7.32,176.23,1,1,0.0000,0.0000,0.3000,0.00,0.8300,0.4200,1.0000,6.50,180.00,1.050000,0.000000,0.000000,1.500000,0.000000,0.000000,1.200000,0.000000,0.000000,1.050000,0.000000,0.000000,1.350000,0.060000,0.000000,0.008000,0.000000,0.000600,0.008000,0.000000,0.000600,0.006000,0.000000,0.000000,1,1,1,95,244,379488,379488,209965,169523,0,60.00,13834,7342,61,0,0,0,13830,497.02,497.02,0,1027,0.0000,0.5000,0.5000,0.0000,0.5000
2026-04-27T17:38:23.346,1.596,1,0.90,-1.50,8.73,-1.95,1,-0.0231,0.0758,0.0925,0.0180,-0.0145,0.8234,-12.79,-14.47,73.33,57.07,96,96,1.00000,1.00000,1.00000,1.00000,3,3,1,21.47746,0.00339,1.08782,0.0231,-0.0758,0.2075,0.0180,-0.0145,0.8234,12.79,-7.37,176.30,1,1,0.0000,0.0000,0.3000,0.00,0.8300,0.4200,1.0000,6.50,180.00,1.050000,0.000000,0.000000,1.500000,0.000000,0.000000,1.200000,0.000000,0.000000,1.050000,0.000000,0.000000,1.350000,0.060000,0.000000,0.008000,0.000000,0.000600,0.008000,0.000000,0.000600,0.006000,0.000000,0.000000,1,1,1,96,243,379488,379488,209965,169523,0,60.00,13834,7342,61,0,0,0,13830,497.02,497.02,0,1027,0.0000,0.5000,0.5000,0.0000,0.5000
2026-04-27T17:38:23.361,1.610,1,0.90,-1.50,8.73,-1.95,1,-0.0232,0.0762,0.0813,0.0112,-0.0194,0.7476,-12.67,-8.19,50.33,57.79,97,97,1.00000,1.00000,1.00000,1.00000,3,3,1,21.30884,0.00344,1.08362,0.0232,-0.0762,0.2187,0.0112,-0.0194,0.7476,12.67,-7.58,176.39,1,1,0.0000,0.0000,0.3000,0.00,0.8300,0.4200,1.0000,6.50,180.00,1.050000,0.000000,0.000000,1.500000,0.000000,0.000000,1.200000,0.000000,0.000000,1.050000,0.000000,0.000000,1.350000,0.060000,0.000000,0.008000,0.000000,0.000600,0.008000,0.000000,0.000600,0.006000,0.000000,0.000000,1,1,1,97,244,379488,379488,209965,169523,0,60.00,13834,7342,61,0,0,0,13830,497.02,497.02,0,1027,0.0000,0.5000,0.5000,0.0000,0.5000
2026-04-27T17:38:23.380,1.629,1,0.90,-1.50,8.73,-1.95,1,-0.0239,0.0769,0.0708,0.0320,-0.0327,0.6992,-12.49,-9.64,74.40,61.44,98,98,1.00000,1.00000,1.00000,1.00000,3,3,1,21.14778,0.00322,1.08423,0.0239,-0.0769,0.2292,0.0320,-0.0327,0.6992,12.49,-7.08,176.62,1,1,0.0000,0.0000,0.3000,0.00,0.8300,0.4200,1.0000,6.50,180.00,1.050000,0.000000,0.000000,1.500000,0.000000,0.000000,1.200000,0.000000,0.000000,1.050000,0.000000,0.000000,1.350000,0.060000,0.000000,0.008000,0.000000,0.000600,0.008000,0.000000,0.000600,0.006000,0.000000,0.000000,1,1,1,98,244,379488,379488,209965,169523,0,60.00,13834,7342,61,0,0,0,13830,497.02,497.02,0,1027,0.0000,0.5000,0.5000,0.0000,0.5000
2026-04-27T17:38:23.396,1.646,1,0.90,-1.50,8.73,-1.95,1,-0.0242,0.0773,0.0625,0.0227,-0.0243,0.6181,-12.35,-8.44,53.58,60.90,99,99,1.00000,1.00000,1.00000,1.00000,3,3,1,21.10377,0.00315,1.08104,0.0242,-0.0773,0.2375,0.0227,-0.0243,0.6181,12.35,-6.85,176.64,1,1,0.0000,0.0000,0.3000,0.00,0.8300,0.4200,1.0000,6.50,180.00,1.050000,0.000000,0.000000,1.500000,0.000000,0.000000,1.200000,0.000000,0.000000,1.050000,0.000000,0.000000,1.350000,0.060000,0.000000,0.008000,0.000000,0.000600,0.008000,0.000000,0.000600,0.006000,0.000000,0.000000,1,1,1,99,244,379488,379488,209965,169523,0,60.00,13834,7342,61,0,0,0,13830,497.02,497.02,0,1027,0.0000,0.5000,0.5000,0.0000,0.5000
2026-04-27T17:38:23.412,1.661,1,0.90,-1.50,8.73,-1.95,1,-0.0242,0.0775,0.0554,0.0000,-0.0182,0.4945,-12.11,-15.13,60.26,57.87,100,100,1.00000,1.00000,1.00000,1.00000,3,3,1,20.95659,0.00361,1.08344,0.0242,-0.0775,0.2446,0.0000,-0.0182,0.4945,12.11,-6.95,176.64,1,1,0.0000,0.0000,0.3000,0.00,0.8300,0.4200,1.0000,6.50,180.00,1.050000,0.000000,0.000000,1.500000,0.000000,0.000000,1.200000,0.000000,0.000000,1.050000,0.000000,0.000000,1.350000,0.060000,0.000000,0.008000,0.000000,0.000600,0.008000,0.000000,0.000600,0.006000,0.000000,0.000000,1,1,1,100,240,379488,379488,209965,169523,0,60.00,13834,7342,61,0,0,0,13830,497.02,497.02,0,1027,0.0000,0.5000,0.5000,0.0000,0.5000
2026-04-27T17:38:23.431,1.680,1,0.90,-1.50,8.73,-1.95,1,-0.0238,0.0781,0.0509,-0.0111,-0.0312,0.4086,-11.93,-10.22,49.98,59.84,101,101,1.00000,1.00000,1.00000,1.00000,3,3,1,21.05268,0.00365,1.08600,0.0238,-0.0781,0.2491,-0.0111,-0.0312,0.4086,11.93,-7.38,176.62,1,1,0.0000,0.0000,0.3000,0.00,0.8300,0.4200,1.0000,6.50,180.00,1.050000,0.000000,0.000000,1.500000,0.000000,0.000000,1.200000,0.000000,0.000000,1.050000,0.000000,0.000000,1.350000,0.060000,0.000000,0.008000,0.000000,0.000600,0.008000,0.000000,0.000600,0.006000,0.000000,0.000000,1,1,1,101,245,379488,379488,209965,169523,0,60.00,13834,7342,61,0,0,0,13830,497.02,497.02,0,1027,0.0000,0.5000,0.5000,0.0000,0.5000
2026-04-27T17:38:23.446,1.696,1,0.60,-1.60,0.97,-2.01,1,-0.0239,0.0788,0.0466,0.0000,-0.0348,0.3431,-11.84,-5.75,69.13,62.30,102,102,1.00000,1.00000,1.00000,1.00000,3,3,1,20.94004,0.00348,1.08751,0.0239,-0.0788,0.2534,0.0000,-0.0348,0.3431,11.84,-7.18,176.60,1,1,0.0000,0.0000,0.3000,0.00,0.8300,0.4200,1.0000,6.50,180.00,1.050000,0.000000,0.000000,1.500000,0.000000,0.000000,1.200000,0.000000,0.000000,1.050000,0.000000,0.000000,1.350000,0.060000,0.000000,0.008000,0.000000,0.000600,0.008000,0.000000,0.000600,0.006000,0.000000,0.000000,1,1,1,102,239,379488,379488,209965,169523,0,60.00,13834,7342,61,0,0,0,13830,497.02,497.02,0,1027,0.0000,0.5000,0.5000,0.0000,0.5000
2026-04-27T17:38:23.461,1.710,1,0.60,-1.60,0.97,-2.01,1,-0.0240,0.0792,0.0442,0.0000,-0.0292,0.2475,-11.77,-4.50,58.60,80.90,103,103,1.00000,1.00000,1.00000,1.00000,3,3,1,21.03730,0.00343,1.08460,0.0240,-0.0792,0.2558,0.0000,-0.0292,0.2475,11.77,-6.93,176.46,1,1,0.0000,0.0000,0.3000,0.00,0.8300,0.4200,1.0000,6.50,180.00,1.050000,0.000000,0.000000,1.500000,0.000000,0.000000,1.200000,0.000000,0.000000,1.050000,0.000000,0.000000,1.350000,0.060000,0.000000,0.008000,0.000000,0.000600,0.008000,0.000000,0.000600,0.006000,0.000000,0.000000,1,1,1,103,240,379488,379488,209965,169523,0,60.00,13834,7342,61,0,0,0,13830,497.02,497.02,0,1027,0.0000,0.5000,0.5000,0.0000,0.5000
2026-04-27T17:38:23.479,1.728,1,0.60,-1.60,0.97,-2.01,1,-0.0243,0.0798,0.0430,0.0110,-0.0344,0.1629,-11.59,-10.17,76.03,47.66,104,104,1.00000,1.00000,1.00000,1.00000,3,3,1,21.05036,0.00333,1.08061,0.0243,-0.0798,0.2570,0.0110,-0.0344,0.1629,11.59,-6.81,176.56,1,1,0.0000,0.0000,0.3000,0.00,0.8300,0.4200,1.0000,6.50,180.00,1.050000,0.000000,0.000000,1.500000,0.000000,0.000000,1.200000,0.000000,0.000000,1.050000,0.000000,0.000000,1.350000,0.060000,0.000000,0.008000,0.000000,0.000600,0.008000,0.000000,0.000600,0.006000,0.000000,0.000000,1,1,1,104,243,379488,379488,209965,169523,0,60.00,13834,7342,61,0,0,0,13830,497.02,497.02,0,1027,0.0000,0.5000,0.5000,0.0000,0.5000
2026-04-27T17:38:23.496,1.746,1,0.60,-1.60,0.97,-2.01,1,-0.0242,0.0806,0.0424,0.0000,-0.0415,0.1093,-11.43,-9.62,56.52,57.97,105,105,1.00000,1.00000,1.00000,1.00000,3,3,1,21.07071,0.00370,1.08324,0.0242,-0.0806,0.2576,0.0000,-0.0415,0.1093,11.43,-6.95,176.59,1,1,0.0000,0.0000,0.3000,0.00,0.8300,0.4200,1.0000,6.50,180.00,1.050000,0.000000,0.000000,1.500000,0.000000,0.000000,1.200000,0.000000,0.000000,1.050000,0.000000,0.000000,1.350000,0.060000,0.000000,0.008000,0.000000,0.000600,0.008000,0.000000,0.000600,0.006000,0.000000,0.000000,1,1,1,105,240,379488,379488,209965,169523,0,60.00,13834,7342,61,0,0,0,13830,497.02,497.02,0,1027,0.0000,0.5000,0.5000,0.0000,0.5000
2026-04-27T17:38:23.513,1.762,1,0.60,-1.60,0.97,-2.01,1,-0.0241,0.0812,0.0418,0.0000,-0.0373,0.0812,-11.40,-1.83,53.63,60.81,106,106,1.00000,1.00000,1.00000,1.00000,3,3,1,21.10439,0.00346,1.08968,0.0241,-0.0812,0.2582,0.0000,-0.0373,0.0812,11.40,-6.82,176.39,1,1,0.0000,0.0000,0.3000,0.00,0.8300,0.4200,1.0000,6.50,180.00,1.050000,0.000000,0.000000,1.500000,0.000000,0.000000,1.200000,0.000000,0.000000,1.050000,0.000000,0.000000,1.350000,0.060000,0.000000,0.008000,0.000000,0.000600,0.008000,0.000000,0.000600,0.006000,0.000000,0.000000,1,1,1,106,239,379488,379488,209965,169523,0,60.00,13834,7342,61,0,0,0,13830,497.02,497.02,0,1027,0.0000,0.5000,0.5000,0.0000,0.5000
2026-04-27T17:38:23.530,1.779,1,0.60,-1.60,0.97,-2.01,1,-0.0243,0.0821,0.0413,0.0000,-0.0468,0.0598,-11.22,-10.61,60.40,59.13,107,107,1.00000,1.00000,1.00000,1.00000,3,3,1,21.12341,0.00328,1.08588,0.0243,-0.0821,0.2587,0.0000,-0.0468,0.0598,11.22,-6.57,176.41,1,1,0.0000,0.0000,0.3000,0.00,0.8300,0.4200,1.0000,6.50,180.00,1.050000,0.000000,0.000000,1.500000,0.000000,0.000000,1.200000,0.000000,0.000000,1.050000,0.000000,0.000000,1.350000,0.060000,0.000000,0.008000,0.000000,0.000600,0.008000,0.000000,0.000600,0.006000,0.000000,0.000000,1,1,1,107,239,379488,379488,209965,169523,0,60.00,13834,7342,61,0,0,0,13830,497.02,497.02,0,1027,0.0000,0.5000,0.5000,0.0000,0.5000
2026-04-27T17:38:23.547,1.796,1,0.70,-2.00,1.00,-3.89,1,-0.0242,0.0828,0.0411,0.0000,-0.0432,0.0394,-11.05,-9.76,58.65,61.90,108,108,1.00000,1.00000,1.00000,1.00000,3,3,1,21.12009,0.00337,1.08293,0.0242,-0.0828,0.2589,0.0000,-0.0432,0.0394,11.05,-6.75,176.41,1,1,0.0000,0.0000,0.3000,0.00,0.8300,0.4200,1.0000,6.50,180.00,1.050000,0.000000,0.000000,1.500000,0.000000,0.000000,1.200000,0.000000,0.000000,1.050000,0.000000,0.000000,1.350000,0.060000,0.000000,0.008000,0.000000,0.000600,0.008000,0.000000,0.000600,0.006000,0.000000,0.000000,1,1,1,108,240,379488,379488,209965,169523,0,60.00,13834,7342,61,0,0,0,13830,497.02,497.02,0,1027,0.0000,0.5000,0.5000,0.0000,0.5000
2026-04-27T17:38:23.561,1.811,1,0.70,-2.00,1.00,-3.89,1,-0.0244,0.0835,0.0400,0.0000,-0.0495,0.0703,-10.89,-10.38,58.03,59.79,109,109,1.00000,1.00000,1.00000,1.00000,3,3,1,21.02165,0.00356,1.08102,0.0244,-0.0835,0.2600,0.0000,-0.0495,0.0703,10.89,-6.79,176.55,1,1,0.0000,0.0000,0.3000,0.00,0.8300,0.4200,1.0000,6.50,180.00,1.050000,0.000000,0.000000,1.500000,0.000000,0.000000,1.200000,0.000000,0.000000,1.050000,0.000000,0.000000,1.350000,0.060000,0.000000,0.008000,0.000000,0.000600,0.008000,0.000000,0.000600,0.006000,0.000000,0.000000,1,1,1,109,237,379488,379488,209965,169523,0,60.00,13834,7342,61,0,0,0,13830,497.02,497.02,0,1027,0.0000,0.5000,0.5000,0.0000,0.5000
2026-04-27T17:38:23.580,1.829,1,0.70,-2.00,1.00,-3.89,1,-0.0245,0.0844,0.0377,0.0000,-0.0451,0.0947,-10.81,-4.68,74.84,62.02,110,110,1.00000,1.00000,1.00000,1.00000,3,3,1,20.98984,0.00372,1.08446,0.0245,-0.0844,0.2623,0.0000,-0.0451,0.0947,10.81,-6.91,176.36,1,1,0.0000,0.0000,0.3000,0.00,0.8300,0.4200,1.0000,6.50,180.00,1.050000,0.000000,0.000000,1.500000,0.000000,0.000000,1.200000,0.000000,0.000000,1.050000,0.000000,0.000000,1.350000,0.060000,0.000000,0.008000,0.000000,0.000600,0.008000,0.000000,0.000600,0.006000,0.000000,0.000000,1,1,1,110,240,379488,379488,209965,169523,0,60.00,13834,7342,61,0,0,0,13830,497.02,497.02,0,1027,0.0000,0.5000,0.5000,0.0000,0.5000
2026-04-27T17:38:23.595,1.845,1,0.70,-2.00,1.00,-3.89,1,-0.0249,0.0852,0.0344,0.0173,-0.0478,0.1432,-10.83,1.20,52.38,56.82,111,111,1.00000,1.00000,1.00000,1.00000,3,3,1,20.88622,0.00341,1.08171,0.0249,-0.0852,0.2656,0.0173,-0.0478,0.1432,10.83,-6.69,176.38,1,1,0.0000,0.0000,0.3000,0.00,0.8300,0.4200,1.0000,6.50,180.00,1.050000,0.000000,0.000000,1.500000,0.000000,0.000000,1.200000,0.000000,0.000000,1.050000,0.000000,0.000000,1.350000,0.060000,0.000000,0.008000,0.000000,0.000600,0.008000,0.000000,0.000600,0.006000,0.000000,0.000000,1,1,1,111,244,379488,379488,209965,169523,0,60.00,13834,7342,61,0,0,0,13830,497.02,497.02,0,1027,0.0000,0.5000,0.5000,0.0000,0.5000
2026-04-27T17:38:23.613,1.862,1,0.70,-2.00,1.00,-3.89,1,-0.0252,0.0859,0.0300,0.0148,-0.0456,0.2123,-10.70,-7.77,52.70,62.36,112,112,1.00000,1.00000,1.00000,1.00000,3,3,1,20.66946,0.00352,1.08312,0.0252,-0.0859,0.2700,0.0148,-0.0456,0.2123,10.70,-6.52,176.30,1,1,0.0000,0.0000,0.3000,0.00,0.8300,0.4200,1.0000,6.50,180.00,1.050000,0.000000,0.000000,1.500000,0.000000,0.000000,1.200000,0.000000,0.000000,1.050000,0.000000,0.000000,1.350000,0.060000,0.000000,0.008000,0.000000,0.000600,0.008000,0.000000,0.000600,0.006000,0.000000,0.000000,1,1,1,112,241,379488,379488,209965,169523,0,60.00,13834,7342,61,0,0,0,13830,497.02,497.02,0,1027,0.0000,0.5000,0.5000,0.0000,0.5000
2026-04-27T17:38:23.626,1.875,1,0.70,-2.00,1.00,-3.89,1,-0.0255,0.0867,0.0247,0.0180,-0.0525,0.2839,-10.57,-9.37,69.06,58.04,113,113,1.00000,1.00000,1.00000,1.00000,3,3,1,20.46281,0.00359,1.08469,0.0255,-0.0867,0.2753,0.0180,-0.0525,0.2839,10.57,-6.45,176.24,1,1,0.0000,0.0000,0.3000,0.00,0.8300,0.4200,1.0000,6.50,180.00,1.050000,0.000000,0.000000,1.500000,0.000000,0.000000,1.200000,0.000000,0.000000,1.050000,0.000000,0.000000,1.350000,0.060000,0.000000,0.008000,0.000000,0.000600,0.008000,0.000000,0.000600,0.006000,0.000000,0.000000,1,1,1,113,244,379488,379488,209965,169523,0,60.00,13834,7342,61,0,0,0,13830,497.02,497.02,0,1027,0.0000,0.5000,0.5000,0.0000,0.5000
2026-04-27T17:38:23.647,1.896,1,0.70,-2.00,1.00,-3.89,1,-0.0257,0.0877,0.0184,0.0154,-0.0506,0.3022,-10.40,-8.68,84.24,59.75,114,114,1.00000,1.00000,1.00000,1.00000,3,3,1,20.31752,0.00353,1.07858,0.0257,-0.0877,0.2816,0.0154,-0.0506,0.3022,10.40,-6.62,176.27,1,1,0.0000,0.0000,0.3000,0.00,0.8300,0.4200,1.0000,6.50,180.00,1.050000,0.000000,0.000000,1.500000,0.000000,0.000000,1.200000,0.000000,0.000000,1.050000,0.000000,0.000000,1.350000,0.060000,0.000000,0.008000,0.000000,0.000600,0.008000,0.000000,0.000600,0.006000,0.000000,0.000000,1,1,1,114,243,379488,379488,209965,169523,0,60.00,13834,7342,61,0,0,0,13830,497.02,497.02,0,1027,0.0000,0.5000,0.5000,0.0000,0.5000
2026-04-27T17:38:23.661,1.910,1,0.70,-2.00,1.00,-3.89,1,-0.0259,0.0883,0.0121,0.0131,-0.0425,0.3456,-10.29,-7.15,45.87,105.60,115,115,1.00000,1.00000,1.00000,1.00000,3,3,1,20.13637,0.00352,1.08180,0.0259,-0.0883,0.2879,0.0131,-0.0425,0.3456,10.29,-6.77,176.15,1,1,0.0000,0.0000,0.3000,0.00,0.8300,0.4200,1.0000,6.50,180.00,1.050000,0.000000,0.000000,1.500000,0.000000,0.000000,1.200000,0.000000,0.000000,1.050000,0.000000,0.000000,1.350000,0.060000,0.000000,0.008000,0.000000,0.000600,0.008000,0.000000,0.000600,0.006000,0.000000,0.000000,1,1,1,115,244,379488,379488,209965,169523,0,60.00,13834,7342,61,0,0,0,13830,497.02,497.02,0,1027,0.0000,0.5000,0.5000,0.0000,0.5000
2026-04-27T17:38:23.677,1.927,1,0.70,-2.00,1.00,-3.89,1,-0.0264,0.0891,0.0045,0.0234,-0.0469,0.4040,-10.17,-7.20,75.97,50.82,116,116,1.00000,1.00000,1.00000,1.00000,3,3,1,19.85285,0.00358,1.08498,0.0264,-0.0891,0.2955,0.0234,-0.0469,0.4040,10.17,-6.55,176.18,1,1,0.0000,0.0000,0.3000,0.00,0.8300,0.4200,1.0000,6.50,180.00,1.050000,0.000000,0.000000,1.500000,0.000000,0.000000,1.200000,0.000000,0.000000,1.050000,0.000000,0.000000,1.350000,0.060000,0.000000,0.008000,0.000000,0.000600,0.008000,0.000000,0.000600,0.006000,0.000000,0.000000,1,1,1,116,244,379488,379488,209965,169523,0,60.00,13834,7342,61,0,0,0,13830,497.02,497.02,0,1027,0.0000,0.5000,0.5000,0.0000,0.5000
2026-04-27T17:38:23.697,1.947,1,0.70,-2.00,1.00,-3.89,1,-0.0270,0.0900,-0.0033,0.0285,-0.0513,0.4313,-10.11,-3.20,50.85,47.29,117,117,1.00000,1.00000,1.00000,1.00000,3,3,1,19.79247,0.00353,1.07929,0.0270,-0.0900,0.3033,0.0285,-0.0513,0.4313,10.11,-6.33,176.14,1,1,0.0000,0.0000,0.3000,0.00,0.8300,0.4200,1.0000,6.50,180.00,1.050000,0.000000,0.000000,1.500000,0.000000,0.000000,1.200000,0.000000,0.000000,1.050000,0.000000,0.000000,1.350000,0.060000,0.000000,0.008000,0.000000,0.000600,0.008000,0.000000,0.000600,0.006000,0.000000,0.000000,1,1,1,117,243,379488,379488,209965,169523,0,60.00,13834,7342,61,0,0,0,13830,497.02,497.02,0,1027,0.0000,0.5000,0.5000,0.0000,0.5000
2026-04-27T17:38:23.713,1.962,1,0.70,-2.00,1.00,-3.89,1,-0.0271,0.0910,-0.0107,0.0135,-0.0576,0.4332,-10.00,-7.05,59.79,60.94,118,118,1.00000,1.00000,1.00000,1.00000,3,3,1,19.65704,0.00353,1.08038,0.0271,-0.0910,0.3107,0.0135,-0.0576,0.4332,10.00,-6.53,176.18,1,1,0.0000,0.0000,0.3000,0.00,0.8300,0.4200,1.0000,6.50,180.00,1.050000,0.000000,0.000000,1.500000,0.000000,0.000000,1.200000,0.000000,0.000000,1.050000,0.000000,0.000000,1.350000,0.060000,0.000000,0.008000,0.000000,0.000600,0.008000,0.000000,0.000600,0.006000,0.000000,0.000000,1,1,1,118,241,379488,379488,209965,169523,0,60.00,13834,7342,61,0,0,0,13830,497.02,497.02,0,1027,0.0000,0.5000,0.5000,0.0000,0.5000
2026-04-27T17:38:23.730,1.979,1,0.70,-2.00,1.00,-3.89,1,-0.0269,0.0917,-0.0179,0.0000,-0.0454,0.4263,-9.88,-7.51,60.21,62.08,119,119,1.00000,1.00000,1.00000,1.00000,3,3,1,19.36567,0.00374,1.08389,0.0269,-0.0917,0.3179,0.0000,-0.0454,0.4263,9.88,-6.78,176.19,1,1,0.0000,0.0000,0.3000,0.00,0.8300,0.4200,1.0000,6.50,180.00,1.050000,0.000000,0.000000,1.500000,0.000000,0.000000,1.200000,0.000000,0.000000,1.050000,0.000000,0.000000,1.350000,0.060000,0.000000,0.008000,0.000000,0.000600,0.008000,0.000000,0.000600,0.006000,0.000000,0.000000,1,1,1,119,239,379488,379488,209965,169523,0,60.00,13834,7342,61,0,0,0,13830,497.02,497.02,0,1027,0.0000,0.5000,0.5000,0.0000,0.5000
2026-04-27T17:38:23.747,1.996,1,0.70,-2.00,1.00,-3.89,1,-0.0273,0.0925,-0.0250,0.0158,-0.0482,0.4277,-9.79,-5.04,62.50,58.38,120,120,1.00000,1.00000,1.00000,1.00000,3,3,1,19.29907,0.00375,1.08467,0.0273,-0.0925,0.3250,0.0158,-0.0482,0.4277,9.79,-6.66,176.13,1,1,0.0000,0.0000,0.3000,0.00,0.8300,0.4200,1.0000,6.50,180.00,1.050000,0.000000,0.000000,1.500000,0.000000,0.000000,1.200000,0.000000,0.000000,1.050000,0.000000,0.000000,1.350000,0.060000,0.000000,0.008000,0.000000,0.000600,0.008000,0.000000,0.000600,0.006000,0.000000,0.000000,1,1,1,120,243,379488,379488,209965,169523,0,60.00,13834,7342,61,0,0,0,13830,497.02,497.02,0,1027,0.0000,0.5000,0.5000,0.0000,0.5000
2026-04-27T17:38:23.763,2.012,1,0.90,-2.60,-2.92,-2.92,1,-0.0277,0.0933,-0.0316,0.0221,-0.0523,0.4174,-9.70,-5.47,59.51,59.99,121,121,1.00000,1.00000,1.00000,1.00000,3,3,1,19.14818,0.00373,1.08317,0.0277,-0.0933,0.3316,0.0221,-0.0523,0.4174,9.70,-6.47,176.01,1,1,0.0000,0.0000,0.3000,0.00,0.8300,0.4200,1.0000,6.50,180.00,1.050000,0.000000,0.000000,1.500000,0.000000,0.000000,1.200000,0.000000,0.000000,1.050000,0.000000,0.000000,1.350000,0.060000,0.000000,0.008000,0.000000,0.000600,0.008000,0.000000,0.000600,0.006000,0.000000,0.000000,1,1,1,121,239,379488,379488,209965,169523,0,60.00,13834,7342,61,0,0,0,13830,497.02,497.02,0,1027,0.0000,0.5000,0.5000,0.0000,0.5000
2026-04-27T17:38:23.778,2.027,1,0.90,-2.60,-2.92,-2.92,1,-0.0278,0.0940,-0.0366,0.0109,-0.0524,0.3965,-9.64,-3.76,57.18,60.24,122,122,1.00000,1.00000,1.00000,1.00000,3,3,1,19.06658,0.00395,1.08094,0.0278,-0.0940,0.3366,0.0109,-0.0524,0.3965,9.64,-6.61,175.99,1,1,0.0000,0.0000,0.3000,0.00,0.8300,0.4200,1.0000,6.50,180.00,1.050000,0.000000,0.000000,1.500000,0.000000,0.000000,1.200000,0.000000,0.000000,1.050000,0.000000,0.000000,1.350000,0.060000,0.000000,0.008000,0.000000,0.000600,0.008000,0.000000,0.000600,0.006000,0.000000,0.000000,1,1,1,122,243,379488,379488,209965,169523,0,60.00,13834,7342,121,0,0,0,13890,501.50,501.50,2,921,0.0000,0.4880,0.4980,0.5690,0.5320
2026-04-27T17:38:23.794,2.043,1,0.90,-2.60,-2.92,-2.92,1,-0.0281,0.0950,-0.0419,0.0131,-0.0506,0.3231,-9.64,0.00,71.73,80.41,123,123,1.00000,1.00000,1.00000,1.00000,3,3,1,18.89807,0.00362,1.07759,0.0281,-0.0950,0.3419,0.0131,-0.0506,0.3231,9.64,-6.62,176.10,1,1,0.0000,0.0000,0.3000,0.00,0.8300,0.4200,1.0000,6.50,180.00,1.050000,0.000000,0.000000,1.500000,0.000000,0.000000,1.200000,0.000000,0.000000,1.050000,0.000000,0.000000,1.350000,0.060000,0.000000,0.008000,0.000000,0.000600,0.008000,0.000000,0.000600,0.006000,0.000000,0.000000,1,1,1,123,242,379488,379488,209965,169523,0,60.00,13834,7342,121,0,0,0,13890,501.50,501.50,2,921,0.0000,0.4880,0.4980,0.5690,0.5320
2026-04-27T17:38:23.808,2.057,1,0.90,-2.60,-2.92,-2.92,1,-0.0284,0.0958,-0.0456,0.0193,-0.0566,0.3170,-9.52,-8.90,62.31,47.51,124,124,1.00000,1.00000,1.00000,1.00000,3,3,1,18.83087,0.00386,1.07878,0.0284,-0.0958,0.3456,0.0193,-0.0566,0.3170,9.52,-6.45,176.12,1,1,0.0000,0.0000,0.3000,0.00,0.8300,0.4200,1.0000,6.50,180.00,1.050000,0.000000,0.000000,1.500000,0.000000,0.000000,1.200000,0.000000,0.000000,1.050000,0.000000,0.000000,1.350000,0.060000,0.000000,0.008000,0.000000,0.000600,0.008000,0.000000,0.000600,0.006000,0.000000,0.000000,1,1,1,124,243,379488,379488,209965,169523,0,60.00,13834,7342,121,0,0,0,13890,501.50,501.50,2,921,0.0000,0.4880,0.4980,0.5690,0.5320
2026-04-27T17:38:23.827,2.077,1,0.90,-2.60,-2.92,-2.92,1,-0.0285,0.0967,-0.0491,0.0000,-0.0485,0.2370,-9.36,-8.07,48.64,62.03,125,125,1.00000,1.00000,1.00000,1.00000,3,3,1,18.82757,0.00368,1.07820,0.0285,-0.0967,0.3491,0.0000,-0.0485,0.2370,9.36,-6.46,176.19,1,1,0.0000,0.0000,0.3000,0.00,0.8300,0.4200,1.0000,6.50,180.00,1.050000,0.000000,0.000000,1.500000,0.000000,0.000000,1.200000,0.000000,0.000000,1.050000,0.000000,0.000000,1.350000,0.060000,0.000000,0.008000,0.000000,0.000600,0.008000,0.000000,0.000600,0.006000,0.000000,0.000000,1,1,1,125,239,379488,379488,209965,169523,0,60.00,13834,7342,121,0,0,0,13890,501.50,501.50,2,921,0.0000,0.4880,0.4980,0.5690,0.5320
2026-04-27T17:38:23.837,2.087,1,0.90,-2.60,-2.92,-2.92,1,-0.0283,0.0972,-0.0506,0.0000,-0.0556,0.2208,-9.16,-20.23,78.42,73.57,126,126,1.00000,1.00000,1.00000,1.00000,3,3,1,18.94242,0.00366,1.07987,0.0283,-0.0972,0.3506,0.0000,-0.0556,0.2208,9.16,-6.65,176.15,1,1,0.0000,0.0000,0.3000,0.00,0.8300,0.4200,1.0000,6.50,180.00,1.050000,0.000000,0.000000,1.500000,0.000000,0.000000,1.200000,0.000000,0.000000,1.050000,0.000000,0.000000,1.350000,0.060000,0.000000,0.008000,0.000000,0.000600,0.008000,0.000000,0.000600,0.006000,0.000000,0.000000,1,1,1,126,239,379488,379488,209965,169523,0,60.00,13834,7342,121,0,0,0,13890,501.50,501.50,2,921,0.0000,0.4880,0.4980,0.5690,0.5320
2026-04-27T17:38:23.861,2.110,1,0.90,-2.60,-2.92,-2.92,1,-0.0285,0.0983,-0.0528,0.0000,-0.0490,0.1488,-9.08,-3.41,101.15,62.01,127,127,1.00000,1.00000,1.00000,1.00000,3,3,1,18.90103,0.00386,1.07619,0.0285,-0.0983,0.3528,0.0000,-0.0490,0.1488,9.08,-6.62,176.16,1,1,0.0000,0.0000,0.3000,0.00,0.8300,0.4200,1.0000,6.50,180.00,1.050000,0.000000,0.000000,1.500000,0.000000,0.000000,1.200000,0.000000,0.000000,1.050000,0.000000,0.000000,1.350000,0.060000,0.000000,0.008000,0.000000,0.000600,0.008000,0.000000,0.000600,0.006000,0.000000,0.000000,1,1,1,127,239,379548,379548,210025,169523,0,60.00,13894,3347,121,0,0,0,13890,501.50,501.50,2,921,0.0000,0.4880,0.4980,0.5690,0.5320
2026-04-27T17:38:23.880,2.129,1,0.90,-2.60,-2.92,-2.92,1,-0.0285,0.0988,-0.0533,0.0000,-0.0436,0.1030,-8.95,-7.53,42.63,63.48,128,128,1.00000,1.00000,1.00000,1.00000,3,3,1,18.95145,0.00395,1.08009,0.0285,-0.0988,0.3533,0.0000,-0.0436,0.1030,8.95,-6.66,176.14,1,1,0.0000,0.0000,0.3000,0.00,0.8300,0.4200,1.0000,6.50,180.00,1.050000,0.000000,0.000000,1.500000,0.000000,0.000000,1.200000,0.000000,0.000000,1.050000,0.000000,0.000000,1.350000,0.060000,0.000000,0.008000,0.000000,0.000600,0.008000,0.000000,0.000600,0.006000,0.000000,0.000000,1,1,1,128,239,379548,379548,210025,169523,0,60.00,13894,3347,121,0,0,0,13890,501.50,501.50,2,921,0.0000,0.4880,0.4980,0.5690,0.5320
2026-04-27T17:38:23.887,2.137,1,0.90,-2.60,-2.92,-2.92,1,-0.0285,0.0994,-0.0535,0.0000,-0.0467,0.0691,-8.83,-12.79,53.28,54.88,129,129,1.00000,1.00000,1.00000,1.00000,3,3,1,18.96979,0.00380,1.08127,0.0285,-0.0994,0.3535,0.0000,-0.0467,0.0691,8.83,-6.62,176.08,1,1,0.0000,0.0000,0.3000,0.00,0.8300,0.4200,1.0000,6.50,180.00,1.050000,0.000000,0.000000,1.500000,0.000000,0.000000,1.200000,0.000000,0.000000,1.050000,0.000000,0.000000,1.350000,0.060000,0.000000,0.008000,0.000000,0.000600,0.008000,0.000000,0.000600,0.006000,0.000000,0.000000,1,1,1,129,239,379548,379548,210025,169523,0,60.00,13894,3347,121,0,0,0,13890,501.50,501.50,2,921,0.0000,0.4880,0.4980,0.5690,0.5320
2026-04-27T17:38:23.911,2.160,1,0.60,-2.90,-2.95,-2.95,1,-0.0286,0.1002,-0.0537,0.0000,-0.0392,0.0362,-8.74,-3.86,127.00,73.46,130,130,1.00000,1.00000,1.00000,1.00000,3,3,1,19.04334,0.00363,1.07623,0.0286,-0.1002,0.3537,0.0000,-0.0392,0.0362,8.74,-6.45,176.14,1,1,0.0000,0.0000,0.3000,0.00,0.8300,0.4200,1.0000,6.50,180.00,1.050000,0.000000,0.000000,1.500000,0.000000,0.000000,1.200000,0.000000,0.000000,1.050000,0.000000,0.000000,1.350000,0.060000,0.000000,0.008000,0.000000,0.000600,0.008000,0.000000,0.000600,0.006000,0.000000,0.000000,1,1,1,130,237,379548,379548,210025,169523,0,60.00,13894,3347,121,0,0,0,13890,501.50,501.50,2,921,0.0000,0.4880,0.4980,0.5690,0.5320
2026-04-27T17:38:23.929,2.178,1,0.60,-2.90,-2.95,-2.95,1,-0.0287,0.1009,-0.0537,0.0000,-0.0435,0.0231,-8.63,-6.06,42.85,56.71,131,131,1.00000,1.00000,1.00000,1.00000,3,3,1,19.08620,0.00378,1.07927,0.0287,-0.1009,0.3537,0.0000,-0.0435,0.0231,8.63,-6.43,176.13,1,1,0.0000,0.0000,0.3000,0.00,0.8300,0.4200,1.0000,6.50,180.00,1.050000,0.000000,0.000000,1.500000,0.000000,0.000000,1.200000,0.000000,0.000000,1.050000,0.000000,0.000000,1.350000,0.060000,0.000000,0.008000,0.000000,0.000600,0.008000,0.000000,0.000600,0.006000,0.000000,0.000000,1,1,1,131,239,379548,379548,210025,169523,0,60.00,13894,3347,121,0,0,0,13890,501.50,501.50,2,921,0.0000,0.4880,0.4980,0.5690,0.5320
2026-04-27T17:38:23.944,2.193,1,0.60,-2.90,-2.95,-2.95,1,-0.0286,0.1014,-0.0536,0.0000,-0.0380,0.0128,-8.51,-7.91,49.32,70.55,132,132,1.00000,1.00000,1.00000,1.00000,3,3,1,19.00358,0.00393,1.08310,0.0286,-0.1014,0.3536,0.0000,-0.0380,0.0128,8.51,-6.50,175.97,1,1,0.0000,0.0000,0.3000,0.00,0.8300,0.4200,1.0000,6.50,180.00,1.050000,0.000000,0.000000,1.500000,0.000000,0.000000,1.200000,0.000000,0.000000,1.050000,0.000000,0.000000,1.350000,0.060000,0.000000,0.008000,0.000000,0.000600,0.008000,0.000000,0.000600,0.006000,0.000000,0.000000,1,1,1,132,238,379548,379548,210025,169523,0,60.00,13894,3347,121,0,0,0,13890,501.50,501.50,2,921,0.0000,0.4880,0.4980,0.5690,0.5320
2026-04-27T17:38:23.961,2.210,1,0.60,-2.90,-2.95,-2.95,1,-0.0285,0.1022,-0.0539,0.0000,-0.0428,0.0173,-8.41,-6.01,76.69,53.72,133,133,1.00000,1.00000,1.00000,1.00000,3,3,1,19.01788,0.00395,1.08105,0.0285,-0.1022,0.3539,0.0000,-0.0428,0.0173,8.41,-6.55,175.93,1,1,0.0000,0.0000,0.3000,0.00,0.8300,0.4200,1.0000,6.50,180.00,1.050000,0.000000,0.000000,1.500000,0.000000,0.000000,1.200000,0.000000,0.000000,1.050000,0.000000,0.000000,1.350000,0.060000,0.000000,0.008000,0.000000,0.000600,0.008000,0.000000,0.000600,0.006000,0.000000,0.000000,1,1,1,133,239,379548,379548,210025,169523,0,60.00,13894,3347,121,0,0,0,13890,501.50,501.50,2,921,0.0000,0.4880,0.4980,0.5690,0.5320
2026-04-27T17:38:23.977,2.227,1,0.60,-2.90,-2.95,-2.95,1,-0.0287,0.1028,-0.0547,0.0000,-0.0372,0.0319,-8.32,-5.40,60.07,44.26,134,134,1.00000,1.00000,1.00000,1.00000,3,3,1,19.02613,0.00387,1.08051,0.0287,-0.1028,0.3547,0.0000,-0.0372,0.0319,8.32,-6.45,175.89,1,1,0.0000,0.0000,0.3000,0.00,0.8300,0.4200,1.0000,6.50,180.00,1.050000,0.000000,0.000000,1.500000,0.000000,0.000000,1.200000,0.000000,0.000000,1.050000,0.000000,0.000000,1.350000,0.060000,0.000000,0.008000,0.000000,0.000600,0.008000,0.000000,0.000600,0.006000,0.000000,0.000000,1,1,1,134,239,379548,379548,210025,169523,0,60.00,13894,3347,121,0,0,0,13890,501.50,501.50,2,921,0.0000,0.4880,0.4980,0.5690,0.5320
2026-04-27T17:38:23.995,2.244,1,0.60,-2.90,-2.95,-2.95,1,-0.0290,0.1034,-0.0558,0.0114,-0.0379,0.0477,-8.30,-1.16,59.99,65.56,135,135,1.00000,1.00000,1.00000,1.00000,3,3,1,19.01034,0.00363,1.07610,0.0290,-0.1034,0.3558,0.0114,-0.0379,0.0477,8.30,-6.27,175.85,1,1,0.0000,0.0000,0.3000,0.00,0.8300,0.4200,1.0000,6.50,180.00,1.050000,0.000000,0.000000,1.500000,0.000000,0.000000,1.200000,0.000000,0.000000,1.050000,0.000000,0.000000,1.350000,0.060000,0.000000,0.008000,0.000000,0.000600,0.008000,0.000000,0.000600,0.006000,0.000000,0.000000,1,1,1,135,242,379548,379548,210025,169523,0,60.00,13894,3347,121,0,0,0,13890,501.50,501.50,2,921,0.0000,0.4880,0.4980,0.5690,0.5320
2026-04-27T17:38:24.010,2.259,1,0.70,-3.10,1.02,-1.99,1,-0.0289,0.1038,-0.0574,0.0000,-0.0302,0.0778,-8.26,-2.64,50.06,56.41,136,136,1.00000,1.00000,1.00000,1.00000,3,3,1,18.87710,0.00389,1.07862,0.0289,-0.1038,0.3574,0.0000,-0.0302,0.0778,8.26,-6.25,175.78,1,1,0.0000,0.0000,0.3000,0.00,0.8300,0.4200,1.0000,6.50,180.00,1.050000,0.000000,0.000000,1.500000,0.000000,0.000000,1.200000,0.000000,0.000000,1.050000,0.000000,0.000000,1.350000,0.060000,0.000000,0.008000,0.000000,0.000600,0.008000,0.000000,0.000600,0.006000,0.000000,0.000000,1,1,1,136,238,379548,379548,210025,169523,0,60.00,13894,3347,121,0,0,0,13890,501.50,501.50,2,921,0.0000,0.4880,0.4980,0.5690,0.5320
2026-04-27T17:38:24.030,2.279,1,0.70,-3.10,1.02,-1.99,1,-0.0291,0.1042,-0.0599,0.0000,-0.0274,0.1090,-8.10,-9.22,80.26,58.69,137,137,1.00000,1.00000,1.00000,1.00000,3,3,1,18.69312,0.00403,1.07858,0.0291,-0.1042,0.3599,0.0000,-0.0274,0.1090,8.10,-6.35,175.78,1,1,0.0000,0.0000,0.3000,0.00,0.8300,0.4200,1.0000,6.50,180.00,1.050000,0.000000,0.000000,1.500000,0.000000,0.000000,1.200000,0.000000,0.000000,1.050000,0.000000,0.000000,1.350000,0.060000,0.000000,0.008000,0.000000,0.000600,0.008000,0.000000,0.000600,0.006000,0.000000,0.000000,1,1,1,137,237,379548,379548,210025,169523,0,60.00,13894,3347,121,0,0,0,13890,501.50,501.50,2,921,0.0000,0.4880,0.4980,0.5690,0.5320
2026-04-27T17:38:24.046,2.295,1,0.70,-3.10,1.02,-1.99,1,-0.0290,0.1046,-0.0626,0.0000,-0.0278,0.1333,-8.04,-3.21,50.35,59.54,138,138,1.00000,1.00000,1.00000,1.00000,3,3,1,18.58507,0.00385,1.07773,0.0290,-0.1046,0.3626,0.0000,-0.0278,0.1333,8.04,-6.39,175.84,1,1,0.0000,0.0000,0.3000,0.00,0.8300,0.4200,1.0000,6.50,180.00,1.050000,0.000000,0.000000,1.500000,0.000000,0.000000,1.200000,0.000000,0.000000,1.050000,0.000000,0.000000,1.350000,0.060000,0.000000,0.008000,0.000000,0.000600,0.008000,0.000000,0.000600,0.006000,0.000000,0.000000,1,1,1,138,239,379548,379548,210025,169523,0,60.00,13894,3347,121,0,0,0,13890,501.50,501.50,2,921,0.0000,0.4880,0.4980,0.5690,0.5320
2026-04-27T17:38:24.063,2.313,1,0.70,-3.10,1.02,-1.99,1,-0.0287,0.1048,-0.0659,0.0000,-0.0178,0.1604,-7.86,-10.91,61.80,63.39,139,139,1.00000,1.00000,1.00000,1.00000,3,3,1,18.48884,0.00395,1.08126,0.0287,-0.1048,0.3659,0.0000,-0.0178,0.1604,7.86,-6.68,175.74,1,1,0.0000,0.0000,0.3000,0.00,0.8300,0.4200,1.0000,6.50,180.00,1.050000,0.000000,0.000000,1.500000,0.000000,0.000000,1.200000,0.000000,0.000000,1.050000,0.000000,0.000000,1.350000,0.060000,0.000000,0.008000,0.000000,0.000600,0.008000,0.000000,0.000600,0.006000,0.000000,0.000000,1,1,1,139,238,379548,379548,210025,169523,0,60.00,13894,3347,121,0,0,0,13890,501.50,501.50,2,921,0.0000,0.4880,0.4980,0.5690,0.5320
2026-04-27T17:38:24.078,2.327,1,0.70,-3.10,1.02,-1.99,1,-0.0290,0.1052,-0.0700,0.0103,-0.0216,0.2064,-7.79,-4.55,53.90,82.23,140,140,1.00000,1.00000,1.00000,1.00000,3,3,1,18.34628,0.00385,1.07839,0.0290,-0.1052,0.3700,0.0103,-0.0216,0.2064,7.79,-6.40,175.72,1,1,0.0000,0.0000,0.3000,0.00,0.8300,0.4200,1.0000,6.50,180.00,1.050000,0.000000,0.000000,1.500000,0.000000,0.000000,1.200000,0.000000,0.000000,1.050000,0.000000,0.000000,1.350000,0.060000,0.000000,0.008000,0.000000,0.000600,0.008000,0.000000,0.000600,0.006000,0.000000,0.000000,1,1,1,140,240,379548,379548,210025,169523,0,60.00,13894,3347,121,0,0,0,13890,501.50,501.50,2,921,0.0000,0.4880,0.4980,0.5690,0.5320
2026-04-27T17:38:24.094,2.343,1,0.70,-3.10,1.02,-1.99,1,-0.0293,0.1057,-0.0742,0.0000,-0.0267,0.2251,-7.76,-1.84,75.09,60.00,141,141,1.00000,1.00000,1.00000,1.00000,3,3,1,18.15586,0.00386,1.07650,0.0293,-0.1057,0.3742,0.0000,-0.0267,0.2251,7.76,-6.39,175.84,1,1,0.0000,0.0000,0.3000,0.00,0.8300,0.4200,1.0000,6.50,180.00,1.050000,0.000000,0.000000,1.500000,0.000000,0.000000,1.200000,0.000000,0.000000,1.050000,0.000000,0.000000,1.350000,0.060000,0.000000,0.008000,0.000000,0.000600,0.008000,0.000000,0.000600,0.006000,0.000000,0.000000,1,1,1,141,239,379548,379548,210025,169523,0,60.00,13894,3347,121,0,0,0,13890,501.50,501.50,2,921,0.0000,0.4880,0.4980,0.5690,0.5320
2026-04-27T17:38:24.111,2.360,1,0.70,-3.10,1.02,-1.99,1,-0.0295,0.1058,-0.0785,0.0124,-0.0163,0.2378,-7.74,-1.20,61.44,45.71,142,142,1.00000,1.00000,1.00000,1.00000,3,3,1,18.10431,0.00385,1.07675,0.0295,-0.1058,0.3785,0.0124,-0.0163,0.2378,7.74,-6.16,175.80,1,1,0.0000,0.0000,0.3000,0.00,0.8300,0.4200,1.0000,6.50,180.00,1.050000,0.000000,0.000000,1.500000,0.000000,0.000000,1.200000,0.000000,0.000000,1.050000,0.000000,0.000000,1.350000,0.060000,0.000000,0.008000,0.000000,0.000600,0.008000,0.000000,0.000600,0.006000,0.000000,0.000000,1,1,1,142,242,379548,379548,210025,169523,0,60.00,13894,3347,121,0,0,0,13890,501.50,501.50,2,921,0.0000,0.4880,0.4980,0.5690,0.5320
2026-04-27T17:38:24.127,2.377,1,0.70,-3.10,1.02,-1.99,1,-0.0296,0.1059,-0.0828,0.0000,-0.0116,0.2477,-7.63,-6.60,60.00,63.10,143,143,1.00000,1.00000,1.00000,1.00000,3,3,1,17.89653,0.00402,1.07828,0.0296,-0.1059,0.3828,0.0000,-0.0116,0.2477,7.63,-6.18,175.74,1,1,0.0000,0.0000,0.3000,0.00,0.8300,0.4200,1.0000,6.50,180.00,1.050000,0.000000,0.000000,1.500000,0.000000,0.000000,1.200000,0.000000,0.000000,1.050000,0.000000,0.000000,1.350000,0.060000,0.000000,0.008000,0.000000,0.000600,0.008000,0.000000,0.000600,0.006000,0.000000,0.000000,1,1,1,143,238,379548,379548,210025,169523,0,60.00,13894,3347,121,0,0,0,13890,501.50,501.50,2,921,0.0000,0.4880,0.4980,0.5690,0.5320
2026-04-27T17:38:24.147,2.397,1,0.70,-3.10,1.02,-1.99,1,-0.0294,0.1060,-0.0867,0.0000,0.0000,0.2382,-7.55,-4.89,50.78,58.53,144,144,1.00000,1.00000,1.00000,1.00000,3,3,1,17.72065,0.00408,1.07655,0.0294,-0.1060,0.3867,0.0000,0.0000,0.2382,7.55,-6.48,175.69,1,1,0.0000,0.0000,0.3000,0.00,0.8300,0.4200,1.0000,6.50,180.00,1.050000,0.000000,0.000000,1.500000,0.000000,0.000000,1.200000,0.000000,0.000000,1.050000,0.000000,0.000000,1.350000,0.060000,0.000000,0.008000,0.000000,0.000600,0.008000,0.000000,0.000600,0.006000,0.000000,0.000000,1,1,1,144,234,379548,379548,210025,169523,0,60.00,13894,3347,121,0,0,0,13890,501.50,501.50,2,921,0.0000,0.4880,0.4980,0.5690,0.5320
2026-04-27T17:38:24.163,2.412,1,0.50,-3.29,0.00,0.00,1,-0.0296,0.1061,-0.0904,0.0000,0.0000,0.2367,-7.58,1.62,58.95,61.57,145,145,1.00000,1.00000,1.00000,1.00000,3,3,1,17.73884,0.00389,1.07293,0.0296,-0.1061,0.3904,0.0000,0.0000,0.2367,7.58,-6.23,175.75,1,1,0.0000,0.0000,0.3000,0.00,0.8300,0.4200,1.0000,6.50,180.00,1.050000,0.000000,0.000000,1.500000,0.000000,0.000000,1.200000,0.000000,0.000000,1.050000,0.000000,0.000000,1.350000,0.060000,0.000000,0.008000,0.000000,0.000600,0.008000,0.000000,0.000600,0.006000,0.000000,0.000000,1,1,1,145,232,379548,379548,210025,169523,0,60.00,13894,3347,121,0,0,0,13890,501.50,501.50,2,921,0.0000,0.4880,0.4980,0.5690,0.5320
2026-04-27T17:38:24.181,2.430,1,0.50,-3.29,0.00,0.00,1,-0.0294,0.1063,-0.0940,0.0000,0.0000,0.2101,-7.49,-5.27,63.39,60.06,146,146,1.00000,1.00000,1.00000,1.00000,3,3,1,17.46285,0.00411,1.07316,0.0294,-0.1063,0.3940,0.0000,0.0000,0.2101,7.49,-6.54,175.79,1,1,0.0000,0.0000,0.3000,0.00,0.8300,0.4200,1.0000,6.50,180.00,1.050000,0.000000,0.000000,1.500000,0.000000,0.000000,1.200000,0.000000,0.000000,1.050000,0.000000,0.000000,1.350000,0.060000,0.000000,0.008000,0.000000,0.000600,0.008000,0.000000,0.000600,0.006000,0.000000,0.000000,1,1,1,146,233,379548,379548,210025,169523,0,60.00,13894,3347,121,0,0,0,13890,501.50,501.50,2,921,0.0000,0.4880,0.4980,0.5690,0.5320
2026-04-27T17:38:24.194,2.443,1,0.50,-3.29,0.00,0.00,1,-0.0293,0.1061,-0.0969,0.0000,0.0000,0.2022,-7.45,-2.74,53.52,77.47,147,147,1.00000,1.00000,1.00000,1.00000,3,3,1,17.42190,0.00389,1.07606,0.0293,-0.1061,0.3969,0.0000,0.0000,0.2022,7.45,-6.46,175.79,1,1,0.0000,0.0000,0.3000,0.00,0.8300,0.4200,1.0000,6.50,180.00,1.050000,0.000000,0.000000,1.500000,0.000000,0.000000,1.200000,0.000000,0.000000,1.050000,0.000000,0.000000,1.350000,0.060000,0.000000,0.008000,0.000000,0.000600,0.008000,0.000000,0.000600,0.006000,0.000000,0.000000,1,1,1,147,234,379548,379548,210025,169523,0,60.00,13894,3347,121,0,0,0,13890,501.50,501.50,2,921,0.0000,0.4880,0.4980,0.5690,0.5320
2026-04-27T17:38:24.211,2.460,1,0.50,-3.29,0.00,0.00,1,-0.0294,0.1060,-0.0996,0.0000,0.0000,0.1829,-7.33,-7.20,82.16,60.82,148,148,1.00000,1.00000,1.00000,1.00000,3,3,1,17.35187,0.00396,1.07910,0.0294,-0.1060,0.3996,0.0000,0.0000,0.1829,7.33,-6.37,175.67,1,1,0.0000,0.0000,0.3000,0.00,0.8300,0.4200,1.0000,6.50,180.00,1.050000,0.000000,0.000000,1.500000,0.000000,0.000000,1.200000,0.000000,0.000000,1.050000,0.000000,0.000000,1.350000,0.060000,0.000000,0.008000,0.000000,0.000600,0.008000,0.000000,0.000600,0.006000,0.000000,0.000000,1,1,1,148,232,379548,379548,210025,169523,0,60.00,13894,3347,121,0,0,0,13890,501.50,501.50,2,921,0.0000,0.4880,0.4980,0.5690,0.5320
2026-04-27T17:38:24.230,2.479,1,0.50,-3.29,0.00,0.00,1,-0.0292,0.1061,-0.1015,0.0000,0.0000,0.1438,-7.20,-7.23,60.02,47.43,149,149,1.00000,1.00000,1.00000,1.00000,3,3,1,17.31344,0.00410,1.07701,0.0292,-0.1061,0.4015,0.0000,0.0000,0.1438,7.20,-6.44,175.71,1,1,0.0000,0.0000,0.3000,0.00,0.8300,0.4200,1.0000,6.50,180.00,1.050000,0.000000,0.000000,1.500000,0.000000,0.000000,1.200000,0.000000,0.000000,1.050000,0.000000,0.000000,1.350000,0.060000,0.000000,0.008000,0.000000,0.000600,0.008000,0.000000,0.000600,0.006000,0.000000,0.000000,1,1,1,149,233,379548,379548,210025,169523,0,60.00,13894,3347,121,0,0,0,13890,501.50,501.50,2,921,0.0000,0.4880,0.4980,0.5690,0.5320
2026-04-27T17:38:24.243,2.493,1,0.50,-3.29,0.00,0.00,1,-0.0291,0.1062,-0.1027,0.0000,0.0000,0.1125,-7.06,-9.59,52.66,61.79,150,150,1.00000,1.00000,1.00000,1.00000,3,3,1,17.30755,0.00399,1.07130,0.0291,-0.1062,0.4027,0.0000,0.0000,0.1125,7.06,-6.39,175.85,1,1,0.0000,0.0000,0.3000,0.00,0.8300,0.4200,1.0000,6.50,180.00,1.050000,0.000000,0.000000,1.500000,0.000000,0.000000,1.200000,0.000000,0.000000,1.050000,0.000000,0.000000,1.350000,0.060000,0.000000,0.008000,0.000000,0.000600,0.008000,0.000000,0.000600,0.006000,0.000000,0.000000,1,1,1,150,234,379548,379548,210025,169523,0,60.00,13894,3347,121,0,0,0,13890,501.50,501.50,2,921,0.0000,0.4880,0.4980,0.5690,0.5320
2026-04-27T17:38:24.264,2.513,1,0.50,-3.29,0.00,0.00,1,-0.0291,0.1061,-0.1039,0.0000,0.0000,0.0890,-6.99,-3.59,73.56,59.77,151,151,1.00000,1.00000,1.00000,1.00000,3,3,1,17.32358,0.00403,1.07362,0.0291,-0.1061,0.4039,0.0000,0.0000,0.0890,6.99,-6.28,175.90,1,1,0.0000,0.0000,0.3000,0.00,0.8300,0.4200,1.0000,6.50,180.00,1.050000,0.000000,0.000000,1.500000,0.000000,0.000000,1.200000,0.000000,0.000000,1.050000,0.000000,0.000000,1.350000,0.060000,0.000000,0.008000,0.000000,0.000600,0.008000,0.000000,0.000600,0.006000,0.000000,0.000000,1,1,1,151,233,379548,379548,210025,169523,0,60.00,13894,3347,121,0,0,0,13890,501.50,501.50,2,921,0.0000,0.4880,0.4980,0.5690,0.5320
2026-04-27T17:38:24.279,2.529,1,0.50,-3.29,0.00,0.00,1,-0.0289,0.1060,-0.1044,0.0000,0.0000,0.0642,-6.96,-1.93,46.53,57.90,152,152,1.00000,1.00000,1.00000,1.00000,3,3,1,17.28638,0.00391,1.07607,0.0289,-0.1060,0.4044,0.0000,0.0000,0.0642,6.96,-6.30,175.89,1,1,0.0000,0.0000,0.3000,0.00,0.8300,0.4200,1.0000,6.50,180.00,1.050000,0.000000,0.000000,1.500000,0.000000,0.000000,1.200000,0.000000,0.000000,1.050000,0.000000,0.000000,1.350000,0.060000,0.000000,0.008000,0.000000,0.000600,0.008000,0.000000,0.000600,0.006000,0.000000,0.000000,1,1,1,152,233,379548,379548,210025,169523,0,60.00,13894,3347,151,0,0,0,13920,494.56,494.56,0,967,0.0000,0.4910,0.4980,0.6880,0.5230
2026-04-27T17:38:24.294,2.543,1,0.50,-3.29,0.00,0.00,1,-0.0288,0.1056,-0.1047,0.0000,0.0134,0.0387,-6.94,-1.28,64.17,59.24,153,153,1.00000,1.00000,1.00000,1.00000,3,3,1,17.25885,0.00390,1.07754,0.0288,-0.1056,0.4047,0.0000,0.0134,0.0387,6.94,-6.26,175.78,1,1,0.0000,0.0000,0.3000,0.00,0.8300,0.4200,1.0000,6.50,180.00,1.050000,0.000000,0.000000,1.500000,0.000000,0.000000,1.200000,0.000000,0.000000,1.050000,0.000000,0.000000,1.350000,0.060000,0.000000,0.008000,0.000000,0.000600,0.008000,0.000000,0.000600,0.006000,0.000000,0.000000,1,1,1,153,238,379548,379548,210025,169523,0,60.00,13894,3347,151,0,0,0,13920,494.56,494.56,0,967,0.0000,0.4910,0.4980,0.6880,0.5230
2026-04-27T17:38:24.313,2.562,1,0.40,-3.40,-1.01,-1.01,1,-0.0285,0.1053,-0.1046,-0.0128,0.0162,0.0192,-6.84,-5.66,73.31,63.03,154,154,1.00000,1.00000,1.00000,1.00000,3,3,1,17.27468,0.00408,1.07826,0.0285,-0.1053,0.4046,-0.0128,0.0162,0.0192,6.84,-6.36,175.66,1,1,0.0000,0.0000,0.3000,0.00,0.8300,0.4200,1.0000,6.50,180.00,1.050000,0.000000,0.000000,1.500000,0.000000,0.000000,1.200000,0.000000,0.000000,1.050000,0.000000,0.000000,1.350000,0.060000,0.000000,0.008000,0.000000,0.000600,0.008000,0.000000,0.000600,0.006000,0.000000,0.000000,1,1,1,154,243,379548,379548,210025,169523,0,60.00,13894,3347,151,0,0,0,13920,494.56,494.56,0,967,0.0000,0.4910,0.4980,0.6880,0.5230
2026-04-27T17:38:24.328,2.577,1,0.40,-3.40,-1.01,-1.01,1,-0.0284,0.1052,-0.1047,0.0000,0.0109,0.0149,-6.75,-5.53,50.81,58.88,155,155,1.00000,1.00000,1.00000,1.00000,3,3,1,17.28240,0.00404,1.07880,0.0284,-0.1052,0.4047,0.0000,0.0109,0.0149,6.75,-6.26,175.62,1,1,0.0000,0.0000,0.3000,0.00,0.8300,0.4200,1.0000,6.50,180.00,1.050000,0.000000,0.000000,1.500000,0.000000,0.000000,1.200000,0.000000,0.000000,1.050000,0.000000,0.000000,1.350000,0.060000,0.000000,0.008000,0.000000,0.000600,0.008000,0.000000,0.000600,0.006000,0.000000,0.000000,1,1,1,155,238,379548,379548,210025,169523,0,60.00,13894,3347,151,0,0,0,13920,494.56,494.56,0,967,0.0000,0.4910,0.4980,0.6880,0.5230
2026-04-27T17:38:24.346,2.596,1,0.40,-3.40,-1.01,-1.01,1,-0.0285,0.1050,-0.1048,0.0000,0.0105,0.0103,-6.75,0.00,57.91,61.23,156,156,1.00000,1.00000,1.00000,1.00000,3,3,1,17.31837,0.00404,1.07845,0.0285,-0.1050,0.4048,0.0000,0.0105,0.0103,6.75,-6.05,175.56,1,1,0.0000,0.0000,0.3000,0.00,0.8300,0.4200,1.0000,6.50,180.00,1.050000,0.000000,0.000000,1.500000,0.000000,0.000000,1.200000,0.000000,0.000000,1.050000,0.000000,0.000000,1.350000,0.060000,0.000000,0.008000,0.000000,0.000600,0.008000,0.000000,0.000600,0.006000,0.000000,0.000000,1,1,1,156,237,379548,379548,210025,169523,0,60.00,13894,3347,151,0,0,0,13920,494.56,494.56,0,967,0.0000,0.4910,0.4980,0.6880,0.5230
2026-04-27T17:38:24.361,2.610,1,0.40,-3.50,0.00,-0.95,1,-0.0281,0.1046,-0.1045,-0.0165,0.0197,0.0000,-6.65,-6.50,60.99,60.04,157,157,1.00000,1.00000,1.00000,1.00000,3,3,1,17.24466,0.00423,1.07713,0.0281,-0.1046,0.4045,-0.0165,0.0197,0.0000,6.65,-6.34,175.64,1,1,0.0000,0.0000,0.3000,0.00,0.8300,0.4200,1.0000,6.50,180.00,1.050000,0.000000,0.000000,1.500000,0.000000,0.000000,1.200000,0.000000,0.000000,1.050000,0.000000,0.000000,1.350000,0.060000,0.000000,0.008000,0.000000,0.000600,0.008000,0.000000,0.000600,0.006000,0.000000,0.000000,1,1,1,157,238,379548,379548,210025,169523,0,60.00,13894,3347,151,0,0,0,13920,494.56,494.56,0,967,0.0000,0.4910,0.4980,0.6880,0.5230
2026-04-27T17:38:24.379,2.628,1,0.40,-3.50,0.00,-0.95,1,-0.0279,0.1044,-0.1047,-0.0120,0.0158,0.0000,-6.55,-5.71,75.04,59.70,158,158,1.00000,1.00000,1.00000,1.00000,3,3,1,17.23384,0.00412,1.07441,0.0279,-0.1044,0.4047,-0.0120,0.0158,0.0000,6.55,-6.45,175.70,1,1,0.0000,0.0000,0.3000,0.00,0.8300,0.4200,1.0000,6.50,180.00,1.050000,0.000000,0.000000,1.500000,0.000000,0.000000,1.200000,0.000000,0.000000,1.050000,0.000000,0.000000,1.350000,0.060000,0.000000,0.008000,0.000000,0.000600,0.008000,0.000000,0.000600,0.006000,0.000000,0.000000,1,1,1,158,238,379548,379548,210025,169523,0,60.00,13894,3347,151,0,0,0,13920,494.56,494.56,0,967,0.0000,0.4910,0.4980,0.6880,0.5230
2026-04-27T17:38:24.396,2.645,1,0.40,-3.50,0.00,-0.95,1,-0.0278,0.1040,-0.1053,0.0000,0.0195,0.0200,-6.49,-3.56,51.21,60.40,159,159,1.00000,1.00000,1.00000,1.00000,3,3,1,17.15581,0.00409,1.07502,0.0278,-0.1040,0.4053,0.0000,0.0195,0.0200,6.49,-6.30,175.66,1,1,0.0000,0.0000,0.3000,0.00,0.8300,0.4200,1.0000,6.50,180.00,1.050000,0.000000,0.000000,1.500000,0.000000,0.000000,1.200000,0.000000,0.000000,1.050000,0.000000,0.000000,1.350000,0.060000,0.000000,0.008000,0.000000,0.000600,0.008000,0.000000,0.000600,0.006000,0.000000,0.000000,1,1,1,159,236,379548,379548,210025,169523,0,60.00,13894,3347,151,0,0,0,13920,494.56,494.56,0,967,0.0000,0.4910,0.4980,0.6880,0.5230
2026-04-27T17:38:24.411,2.660,1,0.40,-3.50,0.00,-0.95,1,-0.0277,0.1035,-0.1062,0.0000,0.0250,0.0376,-6.41,-5.14,58.19,86.16,160,160,1.00000,1.00000,1.00000,1.00000,3,3,1,17.10258,0.00417,1.07751,0.0277,-0.1035,0.4062,0.0000,0.0250,0.0376,6.41,-6.17,175.66,1,1,0.0000,0.0000,0.3000,0.00,0.8300,0.4200,1.0000,6.50,180.00,1.050000,0.000000,0.000000,1.500000,0.000000,0.000000,1.200000,0.000000,0.000000,1.050000,0.000000,0.000000,1.350000,0.060000,0.000000,0.008000,0.000000,0.000600,0.008000,0.000000,0.000600,0.006000,0.000000,0.000000,1,1,1,160,238,379548,379548,210025,169523,0,60.00,13894,3347,151,0,0,0,13920,494.56,494.56,0,967,0.0000,0.4910,0.4980,0.6880,0.5230
2026-04-27T17:38:24.427,2.677,1,0.40,-3.50,0.00,-0.95,1,-0.0274,0.1028,-0.1070,-0.0152,0.0339,0.0396,-6.37,-2.40,75.51,51.40,161,161,1.00000,1.00000,1.00000,1.00000,3,3,1,16.97713,0.00420,1.07756,0.0274,-0.1028,0.4070,-0.0152,0.0339,0.0396,6.37,-6.30,175.62,1,1,0.0000,0.0000,0.3000,0.00,0.8300,0.4200,1.0000,6.50,180.00,1.050000,0.000000,0.000000,1.500000,0.000000,0.000000,1.200000,0.000000,0.000000,1.050000,0.000000,0.000000,1.350000,0.060000,0.000000,0.008000,0.000000,0.000600,0.008000,0.000000,0.000600,0.006000,0.000000,0.000000,1,1,1,161,241,379548,379548,210025,169523,0,60.00,13894,3347,151,0,0,0,13920,494.56,494.56,0,967,0.0000,0.4910,0.4980,0.6880,0.5230
2026-04-27T17:38:24.444,2.693,1,0.40,-3.50,0.00,-0.95,1,-0.0273,0.1022,-0.1085,0.0000,0.0361,0.0674,-6.31,-3.61,60.00,51.94,162,162,1.00000,1.00000,1.00000,1.00000,3,3,1,16.80579,0.00405,1.07417,0.0273,-0.1022,0.4085,0.0000,0.0361,0.0674,6.31,-6.13,175.59,1,1,0.0000,0.0000,0.3000,0.00,0.8300,0.4200,1.0000,6.50,180.00,1.050000,0.000000,0.000000,1.500000,0.000000,0.000000,1.200000,0.000000,0.000000,1.050000,0.000000,0.000000,1.350000,0.060000,0.000000,0.008000,0.000000,0.000600,0.008000,0.000000,0.000600,0.006000,0.000000,0.000000,1,1,1,162,238,379548,379548,210025,169523,0,60.00,13894,3347,151,0,0,0,13920,494.56,494.56,0,967,0.0000,0.4910,0.4980,0.6880,0.5230
2026-04-27T17:38:24.460,2.709,1,0.40,-3.50,0.00,-0.95,1,-0.0272,0.1016,-0.1101,0.0000,0.0356,0.0796,-6.43,7.56,60.14,60.69,163,163,1.00000,1.00000,1.00000,1.00000,3,3,1,16.69805,0.00375,1.07179,0.0272,-0.1016,0.4101,0.0000,0.0356,0.0796,6.43,-6.10,175.57,1,1,0.0000,0.0000,0.3000,0.00,0.8300,0.4200,1.0000,6.50,180.00,1.050000,0.000000,0.000000,1.500000,0.000000,0.000000,1.200000,0.000000,0.000000,1.050000,0.000000,0.000000,1.350000,0.060000,0.000000,0.008000,0.000000,0.000600,0.008000,0.000000,0.000600,0.006000,0.000000,0.000000,1,1,1,163,235,379548,379548,210025,169523,0,60.00,13894,3347,151,0,0,0,13920,494.56,494.56,0,967,0.0000,0.4910,0.4980,0.6880,0.5230
2026-04-27T17:38:24.480,2.729,1,0.40,-3.50,0.00,-0.95,1,-0.0268,0.1008,-0.1120,-0.0190,0.0434,0.0919,-6.36,-3.66,62.98,60.36,164,164,1.00000,1.00000,1.00000,1.00000,3,3,1,16.56146,0.00408,1.07365,0.0268,-0.1008,0.4120,-0.0190,0.0434,0.0919,6.36,-6.29,175.53,1,1,0.0000,0.0000,0.3000,0.00,0.8300,0.4200,1.0000,6.50,180.00,1.050000,0.000000,0.000000,1.500000,0.000000,0.000000,1.200000,0.000000,0.000000,1.050000,0.000000,0.000000,1.350000,0.060000,0.000000,0.008000,0.000000,0.000600,0.008000,0.000000,0.000600,0.006000,0.000000,0.000000,1,1,1,164,243,379548,379548,210025,169523,0,60.00,13894,3347,151,0,0,0,13920,494.56,494.56,0,967,0.0000,0.4910,0.4980,0.6880,0.5230
2026-04-27T17:38:24.496,2.745,1,0.40,-3.50,0.00,-0.95,1,-0.0265,0.1000,-0.1143,-0.0153,0.0434,0.1166,-6.31,-3.11,48.30,59.80,165,165,1.00000,1.00000,1.00000,1.00000,3,3,1,16.48120,0.00408,1.07702,0.0265,-0.1000,0.4143,-0.0153,0.0434,0.1166,6.31,-6.16,175.55,1,1,0.0000,0.0000,0.3000,0.00,0.8300,0.4200,1.0000,6.50,180.00,1.050000,0.000000,0.000000,1.500000,0.000000,0.000000,1.200000,0.000000,0.000000,1.050000,0.000000,0.000000,1.350000,0.060000,0.000000,0.008000,0.000000,0.000600,0.008000,0.000000,0.000600,0.006000,0.000000,0.000000,1,1,1,165,241,379548,379548,210025,169523,0,60.00,13894,3347,151,0,0,0,13920,494.56,494.56,0,967,0.0000,0.4910,0.4980,0.6880,0.5230
2026-04-27T17:38:24.513,2.762,1,0.40,-3.50,0.00,0.00,1,-0.0264,0.0993,-0.1168,0.0000,0.0439,0.1294,-6.27,-2.40,60.05,59.92,166,166,1.00000,1.00000,1.00000,1.00000,3,3,1,16.43095,0.00396,1.07577,0.0264,-0.0993,0.4168,0.0000,0.0439,0.1294,6.27,-6.09,175.41,1,1,0.0000,0.0000,0.3000,0.00,0.8300,0.4200,1.0000,6.50,180.00,1.050000,0.000000,0.000000,1.500000,0.000000,0.000000,1.200000,0.000000,0.000000,1.050000,0.000000,0.000000,1.350000,0.060000,0.000000,0.008000,0.000000,0.000600,0.008000,0.000000,0.000600,0.006000,0.000000,0.000000,1,1,1,166,238,379548,379548,210025,169523,0,60.00,13894,3347,151,0,0,0,13920,494.56,494.56,0,967,0.0000,0.4910,0.4980,0.6880,0.5230
2026-04-27T17:38:24.531,2.780,1,0.40,-3.50,0.00,0.00,1,-0.0261,0.0981,-0.1190,-0.0165,0.0572,0.1223,-6.18,-5.29,60.54,74.09,167,167,1.00000,1.00000,1.00000,1.00000,3,3,1,16.15128,0.00418,1.07829,0.0261,-0.0981,0.4190,-0.0165,0.0572,0.1223,6.18,-6.06,175.40,1,1,0.0000,0.0000,0.3000,0.00,0.8300,0.4200,1.0000,6.50,180.00,1.050000,0.000000,0.000000,1.500000,0.000000,0.000000,1.200000,0.000000,0.000000,1.050000,0.000000,0.000000,1.350000,0.060000,0.000000,0.008000,0.000000,0.000600,0.008000,0.000000,0.000600,0.006000,0.000000,0.000000,1,1,1,167,242,379548,379548,210025,169523,0,60.00,13894,3347,151,0,0,0,13920,494.56,494.56,0,967,0.0000,0.4910,0.4980,0.6880,0.5230
2026-04-27T17:38:24.544,2.793,1,0.40,-3.50,0.00,0.00,1,-0.0259,0.0970,-0.1212,-0.0103,0.0645,0.1329,-6.00,-11.82,58.81,65.43,168,168,1.00000,1.00000,1.00000,1.00000,3,3,1,16.08005,0.00425,1.07744,0.0259,-0.0970,0.4212,-0.0103,0.0645,0.1329,6.00,-5.82,175.37,1,1,0.0000,0.0000,0.3000,0.00,0.8300,0.4200,1.0000,6.50,180.00,1.050000,0.000000,0.000000,1.500000,0.000000,0.000000,1.200000,0.000000,0.000000,1.050000,0.000000,0.000000,1.350000,0.060000,0.000000,0.008000,0.000000,0.000600,0.008000,0.000000,0.000600,0.006000,0.000000,0.000000,1,1,1,168,239,379548,379548,210025,169523,0,60.00,13894,3347,151,0,0,0,13920,494.56,494.56,0,967,0.0000,0.4910,0.4980,0.6880,0.5230
2026-04-27T17:38:24.564,2.814,1,0.40,-3.60,0.00,-1.01,1,-0.0255,0.0961,-0.1234,-0.0181,0.0540,0.1236,-5.93,-3.41,75.60,45.91,169,169,1.00000,1.00000,1.00000,1.00000,3,3,1,15.89366,0.00412,1.07826,0.0255,-0.0961,0.4234,-0.0181,0.0540,0.1236,5.93,-5.91,175.42,1,1,0.0000,0.0000,0.3000,0.00,0.8300,0.4200,1.0000,6.50,180.00,1.050000,0.000000,0.000000,1.500000,0.000000,0.000000,1.200000,0.000000,0.000000,1.050000,0.000000,0.000000,1.350000,0.060000,0.000000,0.008000,0.000000,0.000600,0.008000,0.000000,0.000600,0.006000,0.000000,0.000000,1,1,1,169,243,379548,379548,210025,169523,0,60.00,13894,3347,151,0,0,0,13920,494.56,494.56,0,967,0.0000,0.4910,0.4980,0.6880,0.5230
2026-04-27T17:38:24.578,2.827,1,0.40,-3.60,0.00,-1.01,1,-0.0250,0.0952,-0.1249,-0.0380,0.0850,0.1456,-5.89,-2.91,45.21,68.81,170,170,1.00000,1.00000,1.00000,1.00000,3,3,1,15.86886,0.00423,1.07902,0.0250,-0.0952,0.4249,-0.0380,0.0850,0.1456,5.89,-6.04,175.45,1,1,0.0000,0.0000,0.3000,0.00,0.8300,0.4200,1.0000,6.50,180.00,1.050000,0.000000,0.000000,1.500000,0.000000,0.000000,1.200000,0.000000,0.000000,1.050000,0.000000,0.000000,1.350000,0.060000,0.000000,0.008000,0.000000,0.000600,0.008000,0.000000,0.000600,0.006000,0.000000,0.000000,1,1,1,170,243,379548,379548,210025,169523,0,60.00,13894,3347,151,0,0,0,13920,494.56,494.56,0,967,0.0000,0.4910,0.4980,0.6880,0.5230
2026-04-27T17:38:24.595,2.845,1,0.40,-3.60,0.00,-1.01,1,-0.0247,0.0941,-0.1272,-0.0237,0.0636,0.1225,-5.85,-2.33,82.11,54.48,171,171,1.00000,1.00000,1.00000,1.00000,3,3,1,15.71496,0.00420,1.07675,0.0247,-0.0941,0.4272,-0.0237,0.0636,0.1225,5.85,-6.00,175.45,1,1,0.0000,0.0000,0.3000,0.00,0.8300,0.4200,1.0000,6.50,180.00,1.050000,0.000000,0.000000,1.500000,0.000000,0.000000,1.200000,0.000000,0.000000,1.050000,0.000000,0.000000,1.350000,0.060000,0.000000,0.008000,0.000000,0.000600,0.008000,0.000000,0.000600,0.006000,0.000000,0.000000,1,1,1,171,240,379548,379548,210025,169523,0,60.00,13894,3347,151,0,0,0,13920,494.56,494.56,0,967,0.0000,0.4910,0.4980,0.6880,0.5230
2026-04-27T17:38:24.610,2.860,1,0.40,-3.60,0.00,-1.01,1,-0.0242,0.0929,-0.1283,-0.0294,0.0731,0.0906,-5.84,-0.66,55.08,58.55,172,172,1.00000,1.00000,1.00000,1.00000,3,3,1,15.66683,0.00439,1.07450,0.0242,-0.0929,0.4283,-0.0294,0.0731,0.0906,5.84,-6.27,175.45,1,1,0.0000,0.0000,0.3000,0.00,0.8300,0.4200,1.0000,6.50,180.00,1.050000,0.000000,0.000000,1.500000,0.000000,0.000000,1.200000,0.000000,0.000000,1.050000,0.000000,0.000000,1.350000,0.060000,0.000000,0.008000,0.000000,0.000600,0.008000,0.000000,0.000600,0.006000,0.000000,0.000000,1,1,1,172,243,379548,379548,210025,169523,0,60.00,13894,3347,151,0,0,0,13920,494.56,494.56,0,967,0.0000,0.4910,0.4980,0.6880,0.5230
2026-04-27T17:38:24.629,2.878,1,0.40,-3.60,0.00,-1.01,1,-0.0239,0.0917,-0.1292,-0.0228,0.0724,0.0754,-5.71,-7.35,70.56,61.36,173,173,1.00000,1.00000,1.00000,1.00000,3,3,1,15.51651,0.00418,1.07070,0.0239,-0.0917,0.4292,-0.0228,0.0724,0.0754,5.71,-6.30,175.59,1,1,0.0000,0.0000,0.3000,0.00,0.8300,0.4200,1.0000,6.50,180.00,1.050000,0.000000,0.000000,1.500000,0.000000,0.000000,1.200000,0.000000,0.000000,1.050000,0.000000,0.000000,1.350000,0.060000,0.000000,0.008000,0.000000,0.000600,0.008000,0.000000,0.000600,0.006000,0.000000,0.000000,1,1,1,173,242,379548,379548,210025,169523,0,60.00,13894,3347,151,0,0,0,13920,494.56,494.56,0,967,0.0000,0.4910,0.4980,0.6880,0.5230
2026-04-27T17:38:24.644,2.893,1,0.40,-3.60,0.00,-1.01,1,-0.0235,0.0902,-0.1302,-0.0228,0.0818,0.0690,-5.69,-1.25,50.79,59.96,174,174,1.00000,1.00000,1.00000,1.00000,3,3,1,15.47885,0.00422,1.07669,0.0235,-0.0902,0.4302,-0.0228,0.0818,0.0690,5.69,-6.06,175.48,1,1,0.0000,0.0000,0.3000,0.00,0.8300,0.4200,1.0000,6.50,180.00,1.050000,0.000000,0.000000,1.500000,0.000000,0.000000,1.200000,0.000000,0.000000,1.050000,0.000000,0.000000,1.350000,0.060000,0.000000,0.008000,0.000000,0.000600,0.008000,0.000000,0.000600,0.006000,0.000000,0.000000,1,1,1,174,241,379548,379548,210025,169523,0,60.00,13894,3347,151,0,0,0,13920,494.56,494.56,0,967,0.0000,0.4910,0.4980,0.6880,0.5230
2026-04-27T17:38:24.660,2.910,1,0.40,-3.50,0.00,1.00,1,-0.0229,0.0888,-0.1306,-0.0333,0.0811,0.0462,-5.61,-4.88,71.65,58.83,175,175,1.00000,1.00000,1.00000,1.00000,3,3,1,15.38210,0.00436,1.07804,0.0229,-0.0888,0.4306,-0.0333,0.0811,0.0462,5.61,-6.14,175.49,1,1,0.0000,0.0000,0.3000,0.00,0.8300,0.4200,1.0000,6.50,180.00,1.050000,0.000000,0.000000,1.500000,0.000000,0.000000,1.200000,0.000000,0.000000,1.050000,0.000000,0.000000,1.350000,0.060000,0.000000,0.008000,0.000000,0.000600,0.008000,0.000000,0.000600,0.006000,0.000000,0.000000,1,1,1,175,243,379548,379548,210025,169523,0,60.00,13894,3347,151,0,0,0,13920,494.56,494.56,0,967,0.0000,0.4910,0.4980,0.6880,0.5230
2026-04-27T17:38:24.677,2.926,1,0.40,-3.50,0.00,1.00,1,-0.0223,0.0876,-0.1306,-0.0310,0.0782,0.0205,-5.57,-2.40,61.05,60.03,176,176,1.00000,1.00000,1.00000,1.00000,3,3,1,15.36324,0.00417,1.07307,0.0223,-0.0876,0.4306,-0.0310,0.0782,0.0205,5.57,-6.25,175.57,1,1,0.0000,0.0000,0.3000,0.00,0.8300,0.4200,1.0000,6.50,180.00,1.050000,0.000000,0.000000,1.500000,0.000000,0.000000,1.200000,0.000000,0.000000,1.050000,0.000000,0.000000,1.350000,0.060000,0.000000,0.008000,0.000000,0.000600,0.008000,0.000000,0.000600,0.006000,0.000000,0.000000,1,1,1,176,243,379548,379548,210025,169523,0,60.00,13894,3347,151,0,0,0,13920,494.56,494.56,0,967,0.0000,0.4910,0.4980,0.6880,0.5230
2026-04-27T17:38:24.696,2.946,1,0.40,-3.50,0.00,1.00,1,-0.0216,0.0863,-0.1307,-0.0401,0.0796,0.0169,-5.54,-1.64,50.06,62.20,177,177,1.00000,1.00000,1.00000,1.00000,3,3,1,15.33436,0.00433,1.08235,0.0216,-0.0863,0.4307,-0.0401,0.0796,0.0169,5.54,-6.35,175.49,1,1,0.0000,0.0000,0.3000,0.00,0.8300,0.4200,1.0000,6.50,180.00,1.050000,0.000000,0.000000,1.500000,0.000000,0.000000,1.200000,0.000000,0.000000,1.050000,0.000000,0.000000,1.350000,0.060000,0.000000,0.008000,0.000000,0.000600,0.008000,0.000000,0.000600,0.006000,0.000000,0.000000,1,1,1,177,241,379548,379548,210025,169523,0,60.00,13894,3347,151,0,0,0,13920,494.56,494.56,0,967,0.0000,0.4910,0.4980,0.6880,0.5230
2026-04-27T17:38:24.710,2.960,1,0.40,-3.50,0.00,1.00,1,-0.0213,0.0849,-0.1308,-0.0266,0.0833,0.0000,-5.39,-9.97,63.35,63.06,178,178,1.00000,1.00000,1.00000,1.00000,3,3,1,15.24419,0.00422,1.07523,0.0213,-0.0849,0.4308,-0.0266,0.0833,0.0000,5.39,-6.05,175.58,1,1,0.0000,0.0000,0.3000,0.00,0.8300,0.4200,1.0000,6.50,180.00,1.050000,0.000000,0.000000,1.500000,0.000000,0.000000,1.200000,0.000000,0.000000,1.050000,0.000000,0.000000,1.350000,0.060000,0.000000,0.008000,0.000000,0.000600,0.008000,0.000000,0.000600,0.006000,0.000000,0.000000,1,1,1,178,239,379548,379548,210025,169523,0,60.00,13894,3347,151,0,0,0,13920,494.56,494.56,0,967,0.0000,0.4910,0.4980,0.6880,0.5230
2026-04-27T17:38:24.730,2.979,1,0.40,-3.50,0.00,1.00,1,-0.0209,0.0836,-0.1305,-0.0259,0.0805,0.0000,-5.32,-4.21,70.38,69.50,179,179,1.00000,1.00000,1.00000,1.00000,3,3,1,15.25580,0.00408,1.07039,0.0209,-0.0836,0.4305,-0.0259,0.0805,0.0000,5.32,-5.86,175.73,1,1,0.0000,0.0000,0.3000,0.00,0.8300,0.4200,1.0000,6.50,180.00,1.050000,0.000000,0.000000,1.500000,0.000000,0.000000,1.200000,0.000000,0.000000,1.050000,0.000000,0.000000,1.350000,0.060000,0.000000,0.008000,0.000000,0.000600,0.008000,0.000000,0.000600,0.006000,0.000000,0.000000,1,1,1,179,238,379548,379548,210025,169523,0,60.00,13894,3347,151,0,0,0,13920,494.56,494.56,0,967,0.0000,0.4910,0.4980,0.6880,0.5230
2026-04-27T17:38:24.744,2.993,1,0.40,-3.50,0.00,1.00,1,-0.0202,0.0819,-0.1304,-0.0375,0.0917,0.0000,-5.25,-4.20,52.23,51.24,180,180,1.00000,1.00000,1.00000,1.00000,3,3,1,15.19174,0.00414,1.07796,0.0202,-0.0819,0.4304,-0.0375,0.0917,0.0000,5.25,-5.74,175.74,1,1,0.0000,0.0000,0.3000,0.00,0.8300,0.4200,1.0000,6.50,180.00,1.050000,0.000000,0.000000,1.500000,0.000000,0.000000,1.200000,0.000000,0.000000,1.050000,0.000000,0.000000,1.350000,0.060000,0.000000,0.008000,0.000000,0.000600,0.008000,0.000000,0.000600,0.006000,0.000000,0.000000,1,1,1,180,237,379548,379548,210025,169523,0,60.00,13894,3347,151,0,0,0,13920,494.56,494.56,0,967,0.0000,0.4910,0.4980,0.6880,0.5230
2026-04-27T17:38:24.760,3.010,1,0.40,-3.50,0.00,1.00,1,-0.0196,0.0803,-0.1302,-0.0342,0.0960,-0.0107,-5.24,-0.60,70.63,55.58,181,181,1.00000,1.00000,1.00000,1.00000,3,3,1,15.14249,0.00406,1.07740,0.0196,-0.0803,0.4302,-0.0342,0.0960,-0.0107,5.24,-5.73,175.58,1,1,0.0000,0.0000,0.3000,0.00,0.8300,0.4200,1.0000,6.50,180.00,1.050000,0.000000,0.000000,1.500000,0.000000,0.000000,1.200000,0.000000,0.000000,1.050000,0.000000,0.000000,1.350000,0.060000,0.000000,0.008000,0.000000,0.000600,0.008000,0.000000,0.000600,0.006000,0.000000,0.000000,1,1,1,181,241,379548,379548,210025,169523,0,60.00,13894,3347,151,0,0,0,13920,494.56,494.56,0,967,0.0000,0.4910,0.4980,0.6880,0.5230
2026-04-27T17:38:24.780,3.029,1,0.40,-3.50,0.00,1.00,1,-0.0191,0.0787,-0.1301,-0.0336,0.0928,0.0000,-5.17,-4.20,48.59,65.12,182,182,1.00000,1.00000,1.00000,1.00000,3,3,1,14.95738,0.00396,1.07592,0.0191,-0.0787,0.4301,-0.0336,0.0928,0.0000,5.17,-5.77,175.54,1,1,0.0000,0.0000,0.3000,0.00,0.8300,0.4200,1.0000,6.50,180.00,1.050000,0.000000,0.000000,1.500000,0.000000,0.000000,1.200000,0.000000,0.000000,1.050000,0.000000,0.000000,1.350000,0.060000,0.000000,0.008000,0.000000,0.000600,0.008000,0.000000,0.000600,0.006000,0.000000,0.000000,1,1,1,182,238,379548,379548,210025,169523,0,60.00,13894,3347,181,0,0,0,13950,501.00,501.00,2,1743,0.0000,0.5000,0.5000,0.7190,0.5170
2026-04-27T17:38:24.794,3.043,1,0.40,-3.50,0.00,1.00,1,-0.0185,0.0769,-0.1301,-0.0319,0.1037,0.0000,-5.06,-6.61,65.47,60.86,183,183,1.00000,1.00000,1.00000,1.00000,3,3,1,14.91451,0.00402,1.07387,0.0185,-0.0769,0.4301,-0.0319,0.1037,0.0000,5.06,-5.82,175.66,1,1,0.0000,0.0000,0.3000,0.00,0.8300,0.4200,1.0000,6.50,180.00,1.050000,0.000000,0.000000,1.500000,0.000000,0.000000,1.200000,0.000000,0.000000,1.050000,0.000000,0.000000,1.350000,0.060000,0.000000,0.008000,0.000000,0.000600,0.008000,0.000000,0.000600,0.006000,0.000000,0.000000,1,1,1,183,238,379548,379548,210025,169523,0,60.00,13894,3347,181,0,0,0,13950,501.00,501.00,2,1743,0.0000,0.5000,0.5000,0.7190,0.5170
2026-04-27T17:38:24.810,3.060,1,0.50,-3.50,1.01,0.00,1,-0.0176,0.0750,-0.1302,-0.0467,0.1091,0.0000,-4.93,-7.81,70.80,57.73,184,184,1.00000,1.00000,1.00000,1.00000,3,3,1,14.79392,0.00442,1.07534,0.0176,-0.0750,0.4302,-0.0467,0.1091,0.0000,4.93,-6.06,175.64,1,1,0.0000,0.0000,0.3000,0.00,0.8300,0.4200,1.0000,6.50,180.00,1.050000,0.000000,0.000000,1.500000,0.000000,0.000000,1.200000,0.000000,0.000000,1.050000,0.000000,0.000000,1.350000,0.060000,0.000000,0.008000,0.000000,0.000600,0.008000,0.000000,0.000600,0.006000,0.000000,0.000000,1,1,1,184,238,379548,379548,210025,169523,0,60.00,13894,3347,181,0,0,0,13950,501.00,501.00,2,1743,0.0000,0.5000,0.5000,0.7190,0.5170
2026-04-27T17:38:24.827,3.076,1,0.50,-3.50,1.01,0.00,1,-0.0170,0.0733,-0.1307,-0.0402,0.1056,0.0140,-4.90,-1.80,60.08,61.48,185,185,1.00000,1.00000,1.00000,1.00000,3,3,1,14.73979,0.00426,1.07511,0.0170,-0.0733,0.4307,-0.0402,0.1056,0.0140,4.90,-6.14,175.68,1,1,0.0000,0.0000,0.3000,0.00,0.8300,0.4200,1.0000,6.50,180.00,1.050000,0.000000,0.000000,1.500000,0.000000,0.000000,1.200000,0.000000,0.000000,1.050000,0.000000,0.000000,1.350000,0.060000,0.000000,0.008000,0.000000,0.000600,0.008000,0.000000,0.000600,0.006000,0.000000,0.000000,1,1,1,185,241,379548,379548,210025,169523,0,60.00,13894,3347,181,0,0,0,13950,501.00,501.00,2,1743,0.0000,0.5000,0.5000,0.7190,0.5170
2026-04-27T17:38:24.849,3.098,1,0.50,-3.50,1.01,0.00,1,-0.0166,0.0713,-0.1313,-0.0292,0.1094,0.0235,-4.96,2.91,60.04,55.74,186,186,1.00000,1.00000,1.00000,1.00000,3,3,1,14.62518,0.00402,1.07458,0.0166,-0.0713,0.4313,-0.0292,0.1094,0.0235,4.96,-5.85,175.64,1,1,0.0000,0.0000,0.3000,0.00,0.8300,0.4200,1.0000,6.50,180.00,1.050000,0.000000,0.000000,1.500000,0.000000,0.000000,1.200000,0.000000,0.000000,1.050000,0.000000,0.000000,1.350000,0.060000,0.000000,0.008000,0.000000,0.000600,0.008000,0.000000,0.000600,0.006000,0.000000,0.000000,1,1,1,186,243,379548,379548,210025,169523,0,60.00,13894,3347,181,0,0,0,13950,501.00,501.00,2,1743,0.0000,0.5000,0.5000,0.7190,0.5170
2026-04-27T17:38:24.864,3.113,1,0.60,-3.50,0.95,0.00,1,-0.0160,0.0696,-0.1322,-0.0469,0.1363,0.0484,-4.80,-11.17,44.43,64.56,187,187,1.00000,1.00000,1.00000,1.00000,3,3,1,14.54658,0.00423,1.07726,0.0160,-0.0696,0.4322,-0.0469,0.1363,0.0484,4.80,-5.86,175.66,1,1,0.0000,0.0000,0.3000,0.00,0.8300,0.4200,1.0000,6.50,180.00,1.050000,0.000000,0.000000,1.500000,0.000000,0.000000,1.200000,0.000000,0.000000,1.050000,0.000000,0.000000,1.350000,0.060000,0.000000,0.008000,0.000000,0.000600,0.008000,0.000000,0.000600,0.006000,0.000000,0.000000,1,1,1,187,241,379608,379608,210085,169523,0,60.00,13954,3848,181,0,0,0,13950,501.00,501.00,2,1743,0.0000,0.5000,0.5000,0.7190,0.5170
2026-04-27T17:38:24.879,3.128,1,0.60,-3.50,0.95,0.00,1,-0.0151,0.0672,-0.1331,-0.0434,0.1218,0.0423,-4.70,-5.92,70.58,59.20,188,188,1.00000,1.00000,1.00000,1.00000,3,3,1,14.39004,0.00427,1.07559,0.0151,-0.0672,0.4331,-0.0434,0.1218,0.0423,4.70,-5.98,175.65,1,1,0.0000,0.0000,0.3000,0.00,0.8300,0.4200,1.0000,6.50,180.00,1.050000,0.000000,0.000000,1.500000,0.000000,0.000000,1.200000,0.000000,0.000000,1.050000,0.000000,0.000000,1.350000,0.060000,0.000000,0.008000,0.000000,0.000600,0.008000,0.000000,0.000600,0.006000,0.000000,0.000000,1,1,1,188,242,379608,379608,210085,169523,0,60.00,13954,3848,181,0,0,0,13950,501.00,501.00,2,1743,0.0000,0.5000,0.5000,0.7190,0.5170
2026-04-27T17:38:24.894,3.143,1,0.60,-3.50,0.95,0.00,1,-0.0145,0.0654,-0.1343,-0.0413,0.1150,0.0619,-4.66,-2.68,62.02,82.74,189,189,1.00000,1.00000,1.00000,1.00000,3,3,1,14.27666,0.00445,1.07758,0.0145,-0.0654,0.4343,-0.0413,0.1150,0.0619,4.66,-5.93,175.67,1,1,0.0000,0.0000,0.3000,0.00,0.8300,0.4200,1.0000,6.50,180.00,1.050000,0.000000,0.000000,1.500000,0.000000,0.000000,1.200000,0.000000,0.000000,1.050000,0.000000,0.000000,1.350000,0.060000,0.000000,0.008000,0.000000,0.000600,0.008000,0.000000,0.000600,0.006000,0.000000,0.000000,1,1,1,189,243,379608,379608,210085,169523,0,60.00,13954,3848,181,0,0,0,13950,501.00,501.00,2,1743,0.0000,0.5000,0.5000,0.7190,0.5170
2026-04-27T17:38:24.910,3.160,1,0.60,-3.50,0.95,0.00,1,-0.0139,0.0634,-0.1353,-0.0398,0.1244,0.0554,-4.65,-0.60,57.25,49.67,190,190,1.00000,1.00000,1.00000,1.00000,3,3,1,14.13972,0.00433,1.07768,0.0139,-0.0634,0.4353,-0.0398,0.1244,0.0554,4.65,-5.85,175.75,1,1,0.0000,0.0000,0.3000,0.00,0.8300,0.4200,1.0000,6.50,180.00,1.050000,0.000000,0.000000,1.500000,0.000000,0.000000,1.200000,0.000000,0.000000,1.050000,0.000000,0.000000,1.350000,0.060000,0.000000,0.008000,0.000000,0.000600,0.008000,0.000000,0.000600,0.006000,0.000000,0.000000,1,1,1,190,242,379608,379608,210085,169523,0,60.00,13954,3848,181,0,0,0,13950,501.00,501.00,2,1743,0.0000,0.5000,0.5000,0.7190,0.5170
2026-04-27T17:38:24.928,3.178,1,0.60,-3.50,0.95,0.00,1,-0.0132,0.0611,-0.1364,-0.0437,0.1379,0.0653,-4.55,-5.62,76.49,55.02,191,191,1.00000,1.00000,1.00000,1.00000,3,3,1,13.98518,0.00439,1.07955,0.0132,-0.0611,0.4364,-0.0437,0.1379,0.0653,4.55,-5.79,175.77,1,1,0.0000,0.0000,0.3000,0.00,0.8300,0.4200,1.0000,6.50,180.00,1.050000,0.000000,0.000000,1.500000,0.000000,0.000000,1.200000,0.000000,0.000000,1.050000,0.000000,0.000000,1.350000,0.060000,0.000000,0.008000,0.000000,0.000600,0.008000,0.000000,0.000600,0.006000,0.000000,0.000000,1,1,1,191,243,379608,379608,210085,169523,0,60.00,13954,3848,181,0,0,0,13950,501.00,501.00,2,1743,0.0000,0.5000,0.5000,0.7190,0.5170
2026-04-27T17:38:24.945,3.195,1,0.60,-3.50,0.95,0.00,1,-0.0125,0.0588,-0.1376,-0.0382,0.1296,0.0640,-4.47,-4.63,48.74,61.79,192,192,1.00000,1.00000,1.00000,1.00000,3,3,1,13.86188,0.00409,1.07410,0.0125,-0.0588,0.4376,-0.0382,0.1296,0.0640,4.47,-5.76,175.95,1,1,0.0000,0.0000,0.3000,0.00,0.8300,0.4200,1.0000,6.50,180.00,1.050000,0.000000,0.000000,1.500000,0.000000,0.000000,1.200000,0.000000,0.000000,1.050000,0.000000,0.000000,1.350000,0.060000,0.000000,0.008000,0.000000,0.000600,0.008000,0.000000,0.000600,0.006000,0.000000,0.000000,1,1,1,192,242,379608,379608,210085,169523,0,60.00,13954,3848,181,0,0,0,13950,501.00,501.00,2,1743,0.0000,0.5000,0.5000,0.7190,0.5170
2026-04-27T17:38:24.963,3.212,1,0.50,-3.40,-0.95,0.95,1,-0.0118,0.0566,-0.1387,-0.0435,0.1337,0.0651,-4.40,-4.43,68.79,60.10,193,193,1.00000,1.00000,1.00000,1.00000,3,3,1,13.69739,0.00430,1.07744,0.0118,-0.0566,0.4387,-0.0435,0.1337,0.0651,4.40,-5.80,175.91,1,1,0.0000,0.0000,0.3000,0.00,0.8300,0.4200,1.0000,6.50,180.00,1.050000,0.000000,0.000000,1.500000,0.000000,0.000000,1.200000,0.000000,0.000000,1.050000,0.000000,0.000000,1.350000,0.060000,0.000000,0.008000,0.000000,0.000600,0.008000,0.000000,0.000600,0.006000,0.000000,0.000000,1,1,1,193,241,379608,379608,210085,169523,0,60.00,13954,3848,181,0,0,0,13950,501.00,501.00,2,1743,0.0000,0.5000,0.5000,0.7190,0.5170
2026-04-27T17:38:24.979,3.228,1,0.50,-3.40,-0.95,0.95,1,-0.0116,0.0542,-0.1396,-0.0263,0.1451,0.0579,-4.26,-7.89,53.93,60.17,194,194,1.00000,1.00000,1.00000,1.00000,3,3,1,13.46019,0.00422,1.07176,0.0116,-0.0542,0.4396,-0.0263,0.1451,0.0579,4.26,-5.43,175.96,1,1,0.0000,0.0000,0.3000,0.00,0.8300,0.4200,1.0000,6.50,180.00,1.050000,0.000000,0.000000,1.500000,0.000000,0.000000,1.200000,0.000000,0.000000,1.050000,0.000000,0.000000,1.350000,0.060000,0.000000,0.008000,0.000000,0.000600,0.008000,0.000000,0.000600,0.006000,0.000000,0.000000,1,1,1,194,242,379608,379608,210085,169523,0,60.00,13954,3848,181,0,0,0,13950,501.00,501.00,2,1743,0.0000,0.5000,0.5000,0.7190,0.5170
2026-04-27T17:38:24.994,3.243,1,0.50,-3.40,-0.95,0.95,1,-0.0106,0.0518,-0.1403,-0.0476,0.1397,0.0481,-4.21,-3.40,62.53,75.56,195,195,1.00000,1.00000,1.00000,1.00000,3,3,1,13.46198,0.00440,1.07668,0.0106,-0.0518,0.4403,-0.0476,0.1397,0.0481,4.21,-5.70,175.95,1,1,0.0000,0.0000,0.3000,0.00,0.8300,0.4200,1.0000,6.50,180.00,1.050000,0.000000,0.000000,1.500000,0.000000,0.000000,1.200000,0.000000,0.000000,1.050000,0.000000,0.000000,1.350000,0.060000,0.000000,0.008000,0.000000,0.000600,0.008000,0.000000,0.000600,0.006000,0.000000,0.000000,1,1,1,195,240,379608,379608,210085,169523,0,60.00,13954,3848,181,0,0,0,13950,501.00,501.00,2,1743,0.0000,0.5000,0.5000,0.7190,0.5170
2026-04-27T17:38:25.014,3.263,1,0.50,-3.40,-0.95,0.95,1,-0.0098,0.0496,-0.1413,-0.0410,0.1332,0.0530,-4.18,-1.74,72.99,50.09,196,196,1.00000,1.00000,1.00000,1.00000,3,3,1,13.34999,0.00417,1.07550,0.0098,-0.0496,0.4413,-0.0410,0.1332,0.0530,4.18,-5.62,176.02,1,1,0.0000,0.0000,0.3000,0.00,0.8300,0.4200,1.0000,6.50,180.00,1.050000,0.000000,0.000000,1.500000,0.000000,0.000000,1.200000,0.000000,0.000000,1.050000,0.000000,0.000000,1.350000,0.060000,0.000000,0.008000,0.000000,0.000600,0.008000,0.000000,0.000600,0.006000,0.000000,0.000000,1,1,1,196,241,379608,379608,210085,169523,0,60.00,13954,3848,181,0,0,0,13950,501.00,501.00,2,1743,0.0000,0.5000,0.5000,0.7190,0.5170
2026-04-27T17:38:25.030,3.279,1,0.50,-3.40,-0.95,0.95,1,-0.0094,0.0474,-0.1419,-0.0337,0.1364,0.0439,-4.19,0.58,50.00,59.34,197,197,1.00000,1.00000,1.00000,1.00000,3,3,1,13.25673,0.00420,1.07069,0.0094,-0.0474,0.4419,-0.0337,0.1364,0.0439,4.19,-5.46,176.13,1,1,0.0000,0.0000,0.3000,0.00,0.8300,0.4200,1.0000,6.50,180.00,1.050000,0.000000,0.000000,1.500000,0.000000,0.000000,1.200000,0.000000,0.000000,1.050000,0.000000,0.000000,1.350000,0.060000,0.000000,0.008000,0.000000,0.000600,0.008000,0.000000,0.000600,0.006000,0.000000,0.000000,1,1,1,197,243,379608,379608,210085,169523,0,60.00,13954,3848,181,0,0,0,13950,501.00,501.00,2,1743,0.0000,0.5000,0.5000,0.7190,0.5170
2026-04-27T17:38:25.044,3.293,1,0.50,-3.40,-0.95,0.95,1,-0.0086,0.0449,-0.1422,-0.0450,0.1480,0.0292,-4.17,-1.30,58.36,72.34,198,198,1.00000,1.00000,1.00000,1.00000,3,3,1,13.09663,0.00421,1.07529,0.0086,-0.0449,0.4422,-0.0450,0.1480,0.0292,4.17,-5.51,176.16,1,1,0.0000,0.0000,0.3000,0.00,0.8300,0.4200,1.0000,6.50,180.00,1.050000,0.000000,0.000000,1.500000,0.000000,0.000000,1.200000,0.000000,0.000000,1.050000,0.000000,0.000000,1.350000,0.060000,0.000000,0.008000,0.000000,0.000600,0.008000,0.000000,0.000600,0.006000,0.000000,0.000000,1,1,1,198,243,379608,379608,210085,169523,0,60.00,13954,3848,181,0,0,0,13950,501.00,501.00,2,1743,0.0000,0.5000,0.5000,0.7190,0.5170
2026-04-27T17:38:25.060,3.309,1,0.60,-3.20,0.95,1.97,1,-0.0076,0.0426,-0.1426,-0.0518,0.1433,0.0296,-4.04,-7.90,77.80,50.27,199,199,1.00000,1.00000,1.00000,1.00000,3,3,1,12.99595,0.00444,1.07915,0.0076,-0.0426,0.4426,-0.0518,0.1433,0.0296,4.04,-5.64,176.19,1,1,0.0000,0.0000,0.3000,0.00,0.8300,0.4200,1.0000,6.50,180.00,1.050000,0.000000,0.000000,1.500000,0.000000,0.000000,1.200000,0.000000,0.000000,1.050000,0.000000,0.000000,1.350000,0.060000,0.000000,0.008000,0.000000,0.000600,0.008000,0.000000,0.000600,0.006000,0.000000,0.000000,1,1,1,199,242,379608,379608,210085,169523,0,60.00,13954,3848,181,0,0,0,13950,501.00,501.00,2,1743,0.0000,0.5000,0.5000,0.7190,0.5170
2026-04-27T17:38:25.079,3.328,1,0.60,-3.20,0.95,1.97,1,-0.0069,0.0401,-0.1428,-0.0456,0.1475,0.0190,-3.99,-2.64,60.76,60.34,200,200,1.00000,1.00000,1.00000,1.00000,3,3,1,12.88881,0.00417,1.08008,0.0069,-0.0401,0.4428,-0.0456,0.1475,0.0190,3.99,-5.54,176.19,1,1,0.0000,0.0000,0.3000,0.00,0.8300,0.4200,1.0000,6.50,180.00,1.050000,0.000000,0.000000,1.500000,0.000000,0.000000,1.200000,0.000000,0.000000,1.050000,0.000000,0.000000,1.350000,0.060000,0.000000,0.008000,0.000000,0.000600,0.008000,0.000000,0.000600,0.006000,0.000000,0.000000,1,1,1,200,242,379608,379608,210085,169523,0,60.00,13954,3848,181,0,0,0,13950,501.00,501.00,2,1743,0.0000,0.5000,0.5000,0.7190,0.5170
2026-04-27T17:38:25.094,3.343,1,0.60,-3.20,0.95,1.97,1,-0.0064,0.0375,-0.1429,-0.0342,0.1511,0.0126,-3.92,-4.80,50.12,80.13,201,201,1.00000,1.00000,1.00000,1.00000,3,3,1,12.89835,0.00426,1.07572,0.0064,-0.0375,0.4429,-0.0342,0.1511,0.0126,3.92,-5.33,176.22,1,1,0.0000,0.0000,0.3000,0.00,0.8300,0.4200,1.0000,6.50,180.00,1.050000,0.000000,0.000000,1.500000,0.000000,0.000000,1.200000,0.000000,0.000000,1.050000,0.000000,0.000000,1.350000,0.060000,0.000000,0.008000,0.000000,0.000600,0.008000,0.000000,0.000600,0.006000,0.000000,0.000000,1,1,1,201,243,379608,379608,210085,169523,0,60.00,13954,3848,181,0,0,0,13950,501.00,501.00,2,1743,0.0000,0.5000,0.5000,0.7190,0.5170
2026-04-27T17:38:25.114,3.363,1,0.60,-3.20,0.95,1.97,1,-0.0056,0.0352,-0.1431,-0.0476,0.1451,0.0117,-3.96,2.13,73.69,48.52,202,202,1.00000,1.00000,1.00000,1.00000,3,3,1,12.76054,0.00426,1.07729,0.0056,-0.0352,0.4431,-0.0476,0.1451,0.0117,3.96,-5.46,176.20,1,1,0.0000,0.0000,0.3000,0.00,0.8300,0.4200,1.0000,6.50,180.00,1.050000,0.000000,0.000000,1.500000,0.000000,0.000000,1.200000,0.000000,0.000000,1.050000,0.000000,0.000000,1.350000,0.060000,0.000000,0.008000,0.000000,0.000600,0.008000,0.000000,0.000600,0.006000,0.000000,0.000000,1,1,1,202,242,379608,379608,210085,169523,0,60.00,13954,3848,181,0,0,0,13950,501.00,501.00,2,1743,0.0000,0.5000,0.5000,0.7190,0.5170
2026-04-27T17:38:25.130,3.379,1,0.60,-3.20,0.95,1.97,1,-0.0048,0.0327,-0.1430,-0.0472,0.1530,0.0000,-3.91,-3.09,49.92,60.19,203,203,1.00000,1.00000,1.00000,1.00000,3,3,1,12.65524,0.00433,1.07898,0.0048,-0.0327,0.4430,-0.0472,0.1530,0.0000,3.91,-5.45,176.23,1,1,0.0000,0.0000,0.3000,0.00,0.8300,0.4200,1.0000,6.50,180.00,1.050000,0.000000,0.000000,1.500000,0.000000,0.000000,1.200000,0.000000,0.000000,1.050000,0.000000,0.000000,1.350000,0.060000,0.000000,0.008000,0.000000,0.000600,0.008000,0.000000,0.000600,0.006000,0.000000,0.000000,1,1,1,203,239,379608,379608,210085,169523,0,60.00,13954,3848,181,0,0,0,13950,501.00,501.00,2,1743,0.0000,0.5000,0.5000,0.7190,0.5170
2026-04-27T17:38:25.144,3.393,1,0.60,-3.20,0.95,1.97,1,-0.0041,0.0301,-0.1428,-0.0407,0.1515,0.0000,-3.80,-7.31,60.01,81.17,204,204,1.00000,1.00000,1.00000,1.00000,3,3,1,12.71649,0.00419,1.07341,0.0041,-0.0301,0.4428,-0.0407,0.1515,0.0000,3.80,-5.45,176.40,1,1,0.0000,0.0000,0.3000,0.00,0.8300,0.4200,1.0000,6.50,180.00,1.050000,0.000000,0.000000,1.500000,0.000000,0.000000,1.200000,0.000000,0.000000,1.050000,0.000000,0.000000,1.350000,0.060000,0.000000,0.008000,0.000000,0.000600,0.008000,0.000000,0.000600,0.006000,0.000000,0.000000,1,1,1,204,236,379608,379608,210085,169523,0,60.00,13954,3848,181,0,0,0,13950,501.00,501.00,2,1743,0.0000,0.5000,0.5000,0.7190,0.5170
2026-04-27T17:38:25.159,3.408,1,0.60,-3.10,0.00,0.96,1,-0.0034,0.0275,-0.1427,-0.0486,0.1633,0.0000,-3.75,-3.23,75.33,46.31,205,205,1.00000,1.00000,1.00000,1.00000,3,3,1,12.52851,0.00436,1.07789,0.0034,-0.0275,0.4427,-0.0486,0.1633,0.0000,3.75,-5.51,176.43,1,1,0.0000,0.0000,0.3000,0.00,0.8300,0.4200,1.0000,6.50,180.00,1.050000,0.000000,0.000000,1.500000,0.000000,0.000000,1.200000,0.000000,0.000000,1.050000,0.000000,0.000000,1.350000,0.060000,0.000000,0.008000,0.000000,0.000600,0.008000,0.000000,0.000600,0.006000,0.000000,0.000000,1,1,1,205,239,379608,379608,210085,169523,0,60.00,13954,3848,181,0,0,0,13950,501.00,501.00,2,1743,0.0000,0.5000,0.5000,0.7190,0.5170
2026-04-27T17:38:25.180,3.429,1,0.60,-3.10,0.00,0.96,1,-0.0027,0.0249,-0.1428,-0.0403,0.1470,0.0000,-3.73,-1.04,64.61,60.70,206,206,1.00000,1.00000,1.00000,1.00000,3,3,1,12.45758,0.00420,1.07964,0.0027,-0.0249,0.4428,-0.0403,0.1470,0.0000,3.73,-5.31,176.51,1,1,0.0000,0.0000,0.3000,0.00,0.8300,0.4200,1.0000,6.50,180.00,1.050000,0.000000,0.000000,1.500000,0.000000,0.000000,1.200000,0.000000,0.000000,1.050000,0.000000,0.000000,1.350000,0.060000,0.000000,0.008000,0.000000,0.000600,0.008000,0.000000,0.000600,0.006000,0.000000,0.000000,1,1,1,206,238,379608,379608,210085,169523,0,60.00,13954,3848,181,0,0,0,13950,501.00,501.00,2,1743,0.0000,0.5000,0.5000,0.7190,0.5170
2026-04-27T17:38:25.194,3.443,1,0.60,-3.10,0.00,0.96,1,-0.0019,0.0224,-0.1431,-0.0479,0.1554,0.0000,-3.71,-1.32,48.56,71.80,207,207,1.00000,1.00000,1.00000,1.00000,3,3,1,12.34628,0.00428,1.08298,0.0019,-0.0224,0.4431,-0.0479,0.1554,0.0000,3.71,-5.22,176.42,1,1,0.0000,0.0000,0.3000,0.00,0.8300,0.4200,1.0000,6.50,180.00,1.050000,0.000000,0.000000,1.500000,0.000000,0.000000,1.200000,0.000000,0.000000,1.050000,0.000000,0.000000,1.350000,0.060000,0.000000,0.008000,0.000000,0.000600,0.008000,0.000000,0.000600,0.006000,0.000000,0.000000,1,1,1,207,239,379608,379608,210085,169523,0,60.00,13954,3848,181,0,0,0,13950,501.00,501.00,2,1743,0.0000,0.5000,0.5000,0.7190,0.5170
2026-04-27T17:38:25.210,3.460,1,0.60,-3.10,0.00,0.96,1,-0.0012,0.0195,-0.1428,-0.0426,0.1668,0.0000,-3.69,-1.20,55.74,51.43,208,208,1.00000,1.00000,1.00000,1.00000,3,3,1,12.30746,0.00427,1.08126,0.0012,-0.0195,0.4428,-0.0426,0.1668,0.0000,3.69,-5.17,176.35,1,1,0.0000,0.0000,0.3000,0.00,0.8300,0.4200,1.0000,6.50,180.00,1.050000,0.000000,0.000000,1.500000,0.000000,0.000000,1.200000,0.000000,0.000000,1.050000,0.000000,0.000000,1.350000,0.060000,0.000000,0.008000,0.000000,0.000600,0.008000,0.000000,0.000600,0.006000,0.000000,0.000000,1,1,1,208,235,379608,379608,210085,169523,0,60.00,13954,3848,181,0,0,0,13950,501.00,501.00,2,1743,0.0000,0.5000,0.5000,0.7190,0.5170
2026-04-27T17:38:25.229,3.479,1,0.60,-3.10,0.00,0.96,1,-0.0005,0.0171,-0.1431,-0.0457,0.1576,0.0000,-3.65,-2.22,79.18,61.09,209,209,1.00000,1.00000,1.00000,1.00000,3,3,1,12.18806,0.00410,1.07980,0.0005,-0.0171,0.4431,-0.0457,0.1576,0.0000,3.65,-5.18,176.49,1,1,0.0000,0.0000,0.3000,0.00,0.8300,0.4200,1.0000,6.50,180.00,1.050000,0.000000,0.000000,1.500000,0.000000,0.000000,1.200000,0.000000,0.000000,1.050000,0.000000,0.000000,1.350000,0.060000,0.000000,0.008000,0.000000,0.000600,0.008000,0.000000,0.000600,0.006000,0.000000,0.000000,1,1,1,209,235,379608,379608,210085,169523,0,60.00,13954,3848,181,0,0,0,13950,501.00,501.00,2,1743,0.0000,0.5000,0.5000,0.7190,0.5170
2026-04-27T17:38:25.244,3.493,1,0.60,-3.10,0.00,0.96,1,0.0003,0.0143,-0.1431,-0.0461,0.1601,0.0000,-3.65,0.00,52.47,57.91,210,210,1.00000,1.00000,1.00000,1.00000,3,3,1,12.07738,0.00428,1.07349,-0.0003,-0.0143,0.4431,-0.0461,0.1601,0.0000,3.65,-5.22,176.37,1,1,0.0000,0.0000,0.3000,0.00,0.8300,0.4200,1.0000,6.50,180.00,1.050000,0.000000,0.000000,1.500000,0.000000,0.000000,1.200000,0.000000,0.000000,1.050000,0.000000,0.000000,1.350000,0.060000,0.000000,0.008000,0.000000,0.000600,0.008000,0.000000,0.000600,0.006000,0.000000,0.000000,1,1,1,210,234,379608,379608,210085,169523,0,60.00,13954,3848,181,0,0,0,13950,501.00,501.00,2,1743,0.0000,0.5000,0.5000,0.7190,0.5170
2026-04-27T17:38:25.262,3.511,1,0.60,-3.10,0.00,0.96,1,0.0009,0.0116,-0.1434,-0.0415,0.1692,0.0119,-3.57,-4.47,56.77,62.77,211,211,1.00000,1.00000,1.00000,1.00000,3,3,1,11.97735,0.00421,1.07838,-0.0009,-0.0116,0.4434,-0.0415,0.1692,0.0119,3.57,-5.19,176.48,1,1,0.0000,0.0000,0.3000,0.00,0.8300,0.4200,1.0000,6.50,180.00,1.050000,0.000000,0.000000,1.500000,0.000000,0.000000,1.200000,0.000000,0.000000,1.050000,0.000000,0.000000,1.350000,0.060000,0.000000,0.008000,0.000000,0.000600,0.008000,0.000000,0.000600,0.006000,0.000000,0.000000,1,1,1,211,239,379608,379608,210085,169523,0,60.00,13954,3848,181,0,0,0,13950,501.00,501.00,2,1743,0.0000,0.5000,0.5000,0.7190,0.5170
2026-04-27T17:38:25.279,3.529,1,0.60,-3.10,0.00,0.96,1,0.0018,0.0090,-0.1437,-0.0467,0.1590,0.0149,-3.58,0.61,62.81,59.75,212,212,1.00000,1.00000,1.00000,1.00000,3,3,1,11.92468,0.00405,1.07920,-0.0018,-0.0090,0.4437,-0.0467,0.1590,0.0149,3.58,-5.17,176.36,1,1,0.0000,0.0000,0.3000,0.00,0.8300,0.4200,1.0000,6.50,180.00,1.050000,0.000000,0.000000,1.500000,0.000000,0.000000,1.200000,0.000000,0.000000,1.050000,0.000000,0.000000,1.350000,0.060000,0.000000,0.008000,0.000000,0.000600,0.008000,0.000000,0.000600,0.006000,0.000000,0.000000,1,1,1,212,244,379608,379608,210085,169523,0,60.00,13954,3848,181,0,0,0,13950,501.00,501.00,2,1743,0.0000,0.5000,0.5000,0.7190,0.5170
2026-04-27T17:38:25.294,3.543,1,0.60,-3.10,0.00,0.96,1,0.0025,0.0065,-0.1441,-0.0435,0.1520,0.0182,-3.47,-7.18,59.74,61.02,213,213,1.00000,1.00000,1.00000,1.00000,3,3,1,11.77261,0.00410,1.07312,-0.0025,-0.0065,0.4441,-0.0435,0.1520,0.0182,3.47,-5.31,176.57,1,1,0.0000,0.0000,0.3000,0.00,0.8300,0.4200,1.0000,6.50,180.00,1.050000,0.000000,0.000000,1.500000,0.000000,0.000000,1.200000,0.000000,0.000000,1.050000,0.000000,0.000000,1.350000,0.060000,0.000000,0.008000,0.000000,0.000600,0.008000,0.000000,0.000600,0.006000,0.000000,0.000000,1,1,1,213,244,379608,379608,210085,169523,0,60.00,13954,3848,181,0,0,0,13950,501.00,501.00,2,1743,0.0000,0.5000,0.5000,0.7190,0.5170
2026-04-27T17:38:25.312,3.561,1,0.60,-3.10,0.00,0.96,1,0.0032,0.0037,-0.1446,-0.0440,0.1625,0.0199,-3.36,-6.10,71.55,58.98,214,214,1.00000,1.00000,1.00000,1.00000,3,3,1,11.65742,0.00436,1.07577,-0.0032,-0.0037,0.4446,-0.0440,0.1625,0.0199,3.36,-5.32,176.63,1,1,0.0000,0.0000,0.3000,0.00,0.8300,0.4200,1.0000,6.50,180.00,1.050000,0.000000,0.000000,1.500000,0.000000,0.000000,1.200000,0.000000,0.000000,1.050000,0.000000,0.000000,1.350000,0.060000,0.000000,0.008000,0.000000,0.000600,0.008000,0.000000,0.000600,0.006000,0.000000,0.000000,1,1,1,214,243,379608,379608,210085,169523,0,60.00,13954,3848,181,0,0,0,13950,501.00,501.00,2,1743,0.0000,0.5000,0.5000,0.7190,0.5170
2026-04-27T17:38:25.327,3.576,1,0.60,-3.10,0.00,0.96,1,0.0039,0.0010,-0.1452,-0.0438,0.1638,0.0317,-3.33,-1.96,52.19,60.61,215,215,1.00000,1.00000,1.00000,1.00000,3,3,1,11.60949,0.00407,1.07591,-0.0039,-0.0010,0.4452,-0.0438,0.1638,0.0317,3.33,-5.18,176.59,1,1,0.0000,0.0000,0.3000,0.00,0.8300,0.4200,1.0000,6.50,180.00,1.050000,0.000000,0.000000,1.500000,0.000000,0.000000,1.200000,0.000000,0.000000,1.050000,0.000000,0.000000,1.350000,0.060000,0.000000,0.008000,0.000000,0.000600,0.008000,0.000000,0.000600,0.006000,0.000000,0.000000,1,1,1,215,239,379608,379608,210085,169523,0,60.00,13954,3848,181,0,0,0,13950,501.00,501.00,2,1743,0.0000,0.5000,0.5000,0.7190,0.5170
2026-04-27T17:38:25.346,3.595,1,0.60,-3.10,0.00,0.96,1,0.0047,-0.0015,-0.1457,-0.0447,0.1554,0.0263,-3.32,-0.55,70.58,59.64,216,216,1.00000,1.00000,1.00000,1.00000,3,3,1,11.43055,0.00430,1.07412,-0.0047,0.0015,0.4457,-0.0447,0.1554,0.0263,3.32,-5.22,176.79,1,1,0.0000,0.0000,0.3000,0.00,0.8300,0.4200,1.0000,6.50,180.00,1.050000,0.000000,0.000000,1.500000,0.000000,0.000000,1.200000,0.000000,0.000000,1.050000,0.000000,0.000000,1.350000,0.060000,0.000000,0.008000,0.000000,0.000600,0.008000,0.000000,0.000600,0.006000,0.000000,0.000000,1,1,1,216,243,379608,379608,210085,169523,0,60.00,13954,3848,181,0,0,0,13950,501.00,501.00,2,1743,0.0000,0.5000,0.5000,0.7190,0.5170
2026-04-27T17:38:25.360,3.610,1,0.60,-3.10,0.00,0.96,1,0.0054,-0.0042,-0.1463,-0.0439,0.1632,0.0309,-3.19,-8.47,52.47,63.69,217,217,1.00000,1.00000,1.00000,1.00000,3,3,1,11.38447,0.00416,1.07562,-0.0054,0.0042,0.4463,-0.0439,0.1632,0.0309,3.19,-5.26,176.90,1,1,0.0000,0.0000,0.3000,0.00,0.8300,0.4200,1.0000,6.50,180.00,1.050000,0.000000,0.000000,1.500000,0.000000,0.000000,1.200000,0.000000,0.000000,1.050000,0.000000,0.000000,1.350000,0.060000,0.000000,0.008000,0.000000,0.000600,0.008000,0.000000,0.000600,0.006000,0.000000,0.000000,1,1,1,217,242,379608,379608,210085,169523,0,60.00,13954,3848,181,0,0,0,13950,501.00,501.00,2,1743,0.0000,0.5000,0.5000,0.7190,0.5170
2026-04-27T17:38:25.378,3.627,1,0.70,-2.80,0.00,1.01,1,0.0062,-0.0069,-0.1471,-0.0507,0.1721,0.0443,-3.18,-0.56,55.07,55.42,218,218,1.00000,1.00000,1.00000,1.00000,3,3,1,11.28083,0.00436,1.08354,-0.0062,0.0069,0.4471,-0.0507,0.1721,0.0443,3.18,-5.19,176.73,1,1,0.0000,0.0000,0.3000,0.00,0.8300,0.4200,1.0000,6.50,180.00,1.050000,0.000000,0.000000,1.500000,0.000000,0.000000,1.200000,0.000000,0.000000,1.050000,0.000000,0.000000,1.350000,0.060000,0.000000,0.008000,0.000000,0.000600,0.008000,0.000000,0.000600,0.006000,0.000000,0.000000,1,1,1,218,243,379608,379608,210085,169523,0,60.00,13954,3848,181,0,0,0,13950,501.00,501.00,2,1743,0.0000,0.5000,0.5000,0.7190,0.5170
2026-04-27T17:38:25.394,3.643,1,0.70,-2.80,0.00,1.01,1,0.0069,-0.0097,-0.1476,-0.0401,0.1594,0.0296,-3.23,3.22,71.96,90.40,219,219,1.00000,1.00000,1.00000,1.00000,3,3,1,11.13779,0.00431,1.07643,-0.0069,0.0097,0.4476,-0.0401,0.1594,0.0296,3.23,-5.07,176.88,1,1,0.0000,0.0000,0.3000,0.00,0.8300,0.4200,1.0000,6.50,180.00,1.050000,0.000000,0.000000,1.500000,0.000000,0.000000,1.200000,0.000000,0.000000,1.050000,0.000000,0.000000,1.350000,0.060000,0.000000,0.008000,0.000000,0.000600,0.008000,0.000000,0.000600,0.006000,0.000000,0.000000,1,1,1,219,240,379608,379608,210085,169523,0,60.00,13954,3848,181,0,0,0,13950,501.00,501.00,2,1743,0.0000,0.5000,0.5000,0.7190,0.5170
2026-04-27T17:38:25.411,3.660,1,0.70,-2.80,0.00,1.01,1,0.0077,-0.0125,-0.1481,-0.0492,0.1653,0.0311,-3.12,-6.48,64.41,65.92,220,220,1.00000,1.00000,1.00000,1.00000,3,3,1,11.08069,0.00442,1.07880,-0.0077,0.0125,0.4481,-0.0492,0.1653,0.0311,3.12,-5.18,176.95,1,1,0.0000,0.0000,0.3000,0.00,0.8300,0.4200,1.0000,6.50,180.00,1.050000,0.000000,0.000000,1.500000,0.000000,0.000000,1.200000,0.000000,0.000000,1.050000,0.000000,0.000000,1.350000,0.060000,0.000000,0.008000,0.000000,0.000600,0.008000,0.000000,0.000600,0.006000,0.000000,0.000000,1,1,1,220,243,379608,379608,210085,169523,0,60.00,13954,3848,181,0,0,0,13950,501.00,501.00,2,1743,0.0000,0.5000,0.5000,0.7190,0.5170
2026-04-27T17:38:25.429,3.679,1,0.70,-2.80,0.00,1.01,1,0.0086,-0.0152,-0.1485,-0.0499,0.1670,0.0272,-3.15,1.84,58.88,42.25,221,221,1.00000,1.00000,1.00000,1.00000,3,3,1,10.96244,0.00423,1.08108,-0.0086,0.0152,0.4485,-0.0499,0.1670,0.0272,3.15,-5.21,176.96,1,1,0.0000,0.0000,0.3000,0.00,0.8300,0.4200,1.0000,6.50,180.00,1.050000,0.000000,0.000000,1.500000,0.000000,0.000000,1.200000,0.000000,0.000000,1.050000,0.000000,0.000000,1.350000,0.060000,0.000000,0.008000,0.000000,0.000600,0.008000,0.000000,0.000600,0.006000,0.000000,0.000000,1,1,1,221,242,379608,379608,210085,169523,0,60.00,13954,3848,181,0,0,0,13950,501.00,501.00,2,1743,0.0000,0.5000,0.5000,0.7190,0.5170
2026-04-27T17:38:25.443,3.693,1,0.70,-2.80,0.00,1.01,1,0.0092,-0.0179,-0.1488,-0.0401,0.1658,0.0209,-3.11,-2.40,53.12,71.86,222,222,1.00000,1.00000,1.00000,1.00000,3,3,1,10.85976,0.00426,1.07814,-0.0092,0.0179,0.4488,-0.0401,0.1658,0.0209,3.11,-5.16,177.14,1,1,0.0000,0.0000,0.3000,0.00,0.8300,0.4200,1.0000,6.50,180.00,1.050000,0.000000,0.000000,1.500000,0.000000,0.000000,1.200000,0.000000,0.000000,1.050000,0.000000,0.000000,1.350000,0.060000,0.000000,0.008000,0.000000,0.000600,0.008000,0.000000,0.000600,0.006000,0.000000,0.000000,1,1,1,222,242,379608,379608,210085,169523,0,60.00,13954,3848,181,0,0,0,13950,501.00,501.00,2,1743,0.0000,0.5000,0.5000,0.7190,0.5170
2026-04-27T17:38:25.460,3.709,1,0.70,-2.80,0.00,1.01,1,0.0099,-0.0204,-0.1492,-0.0456,0.1552,0.0259,-3.02,-5.41,70.60,51.63,223,223,1.00000,1.00000,1.00000,1.00000,3,3,1,10.79812,0.00417,1.07851,-0.0099,0.0204,0.4492,-0.0456,0.1552,0.0259,3.02,-5.24,177.23,1,1,0.0000,0.0000,0.3000,0.00,0.8300,0.4200,1.0000,6.50,180.00,1.050000,0.000000,0.000000,1.500000,0.000000,0.000000,1.200000,0.000000,0.000000,1.050000,0.000000,0.000000,1.350000,0.060000,0.000000,0.008000,0.000000,0.000600,0.008000,0.000000,0.000600,0.006000,0.000000,0.000000,1,1,1,223,241,379608,379608,210085,169523,0,60.00,13954,3848,181,0,0,0,13950,501.00,501.00,2,1743,0.0000,0.5000,0.5000,0.7190,0.5170
2026-04-27T17:38:25.477,3.726,1,0.70,-2.80,0.00,1.01,1,0.0103,-0.0231,-0.1497,-0.0305,0.1633,0.0256,-3.03,0.60,49.09,94.29,224,224,1.00000,1.00000,1.00000,1.00000,3,3,1,10.72009,0.00395,1.08226,-0.0103,0.0231,0.4497,-0.0305,0.1633,0.0256,3.03,-4.66,177.16,1,1,0.0000,0.0000,0.3000,0.00,0.8300,0.4200,1.0000,6.50,180.00,1.050000,0.000000,0.000000,1.500000,0.000000,0.000000,1.200000,0.000000,0.000000,1.050000,0.000000,0.000000,1.350000,0.060000,0.000000,0.008000,0.000000,0.000600,0.008000,0.000000,0.000600,0.006000,0.000000,0.000000,1,1,1,224,240,379608,379608,210085,169523,0,60.00,13954,3848,181,0,0,0,13950,501.00,501.00,2,1743,0.0000,0.5000,0.5000,0.7190,0.5170
2026-04-27T17:38:25.493,3.743,1,0.70,-2.80,0.00,1.01,1,0.0114,-0.0257,-0.1495,-0.0544,0.1598,0.0000,-2.98,-3.00,77.16,57.26,225,225,1.00000,1.00000,1.00000,1.00000,3,3,1,10.70803,0.00429,1.08150,-0.0114,0.0257,0.4495,-0.0544,0.1598,0.0000,2.98,-5.00,177.17,1,1,0.0000,0.0000,0.3000,0.00,0.8300,0.4200,1.0000,6.50,180.00,1.050000,0.000000,0.000000,1.500000,0.000000,0.000000,1.200000,0.000000,0.000000,1.050000,0.000000,0.000000,1.350000,0.060000,0.000000,0.008000,0.000000,0.000600,0.008000,0.000000,0.000600,0.006000,0.000000,0.000000,1,1,1,225,234,379608,379608,210085,169523,0,60.00,13954,3848,181,0,0,0,13950,501.00,501.00,2,1743,0.0000,0.5000,0.5000,0.7190,0.5170
2026-04-27T17:38:25.510,3.759,1,0.70,-2.80,0.00,1.01,1,0.0121,-0.0283,-0.1495,-0.0432,0.1575,0.0000,-2.94,-2.40,60.09,63.87,226,226,1.00000,1.00000,1.00000,1.00000,3,3,1,10.61549,0.00421,1.07914,-0.0121,0.0283,0.4495,-0.0432,0.1575,0.0000,2.94,-5.00,177.24,1,1,0.0000,0.0000,0.3000,0.00,0.8300,0.4200,1.0000,6.50,180.00,1.050000,0.000000,0.000000,1.500000,0.000000,0.000000,1.200000,0.000000,0.000000,1.050000,0.000000,0.000000,1.350000,0.060000,0.000000,0.008000,0.000000,0.000600,0.008000,0.000000,0.000600,0.006000,0.000000,0.000000,1,1,1,226,235,379608,379608,210085,169523,0,60.00,13954,3848,181,0,0,0,13950,501.00,501.00,2,1743,0.0000,0.5000,0.5000,0.7190,0.5170
2026-04-27T17:38:25.529,3.779,1,0.70,-2.80,0.00,1.01,1,0.0129,-0.0308,-0.1495,-0.0478,0.1559,0.0000,-2.85,-4.98,50.85,44.06,227,227,1.00000,1.00000,1.00000,1.00000,3,3,1,10.61927,0.00428,1.07957,-0.0129,0.0308,0.4495,-0.0478,0.1559,0.0000,2.85,-4.98,177.37,1,1,0.0000,0.0000,0.3000,0.00,0.8300,0.4200,1.0000,6.50,180.00,1.050000,0.000000,0.000000,1.500000,0.000000,0.000000,1.200000,0.000000,0.000000,1.050000,0.000000,0.000000,1.350000,0.060000,0.000000,0.008000,0.000000,0.000600,0.008000,0.000000,0.000600,0.006000,0.000000,0.000000,1,1,1,227,238,379608,379608,210085,169523,0,60.00,13954,3848,181,0,0,0,13950,501.00,501.00,2,1743,0.0000,0.5000,0.5000,0.7190,0.5170
2026-04-27T17:38:25.543,3.793,1,0.70,-2.80,0.00,1.01,1,0.0135,-0.0333,-0.1494,-0.0417,0.1516,0.0000,-2.95,6.57,62.22,61.59,228,228,1.00000,1.00000,1.00000,1.00000,3,3,1,10.49809,0.00419,1.07751,-0.0135,0.0333,0.4494,-0.0417,0.1516,0.0000,2.95,-5.10,177.42,1,1,0.0000,0.0000,0.3000,0.00,0.8300,0.4200,1.0000,6.50,180.00,1.050000,0.000000,0.000000,1.500000,0.000000,0.000000,1.200000,0.000000,0.000000,1.050000,0.000000,0.000000,1.350000,0.060000,0.000000,0.008000,0.000000,0.000600,0.008000,0.000000,0.000600,0.006000,0.000000,0.000000,1,1,1,228,238,379608,379608,210085,169523,0,60.00,13954,3848,181,0,0,0,13950,501.00,501.00,2,1743,0.0000,0.5000,0.5000,0.7190,0.5170
2026-04-27T17:38:25.562,3.811,1,0.70,-2.80,0.00,1.01,1,0.0142,-0.0359,-0.1493,-0.0416,0.1607,0.0000,-2.80,-8.23,70.28,58.08,229,229,1.00000,1.00000,1.00000,1.00000,3,3,1,10.38536,0.00429,1.07794,-0.0142,0.0359,0.4493,-0.0416,0.1607,0.0000,2.80,-5.15,177.52,1,1,0.0000,0.0000,0.3000,0.00,0.8300,0.4200,1.0000,6.50,180.00,1.050000,0.000000,0.000000,1.500000,0.000000,0.000000,1.200000,0.000000,0.000000,1.050000,0.000000,0.000000,1.350000,0.060000,0.000000,0.008000,0.000000,0.000600,0.008000,0.000000,0.000600,0.006000,0.000000,0.000000,1,1,1,229,238,379608,379608,210085,169523,0,60.00,13954,3848,181,0,0,0,13950,501.00,501.00,2,1743,0.0000,0.5000,0.5000,0.7190,0.5170
2026-04-27T17:38:25.580,3.829,1,0.70,-2.80,0.00,1.01,1,0.0148,-0.0385,-0.1492,-0.0400,0.1561,0.0000,-2.76,-2.80,51.98,61.78,230,230,1.00000,1.00000,1.00000,1.00000,3,3,1,10.42690,0.00416,1.08012,-0.0148,0.0385,0.4492,-0.0400,0.1561,0.0000,2.76,-4.97,177.55,1,1,0.0000,0.0000,0.3000,0.00,0.8300,0.4200,1.0000,6.50,180.00,1.050000,0.000000,0.000000,1.500000,0.000000,0.000000,1.200000,0.000000,0.000000,1.050000,0.000000,0.000000,1.350000,0.060000,0.000000,0.008000,0.000000,0.000600,0.008000,0.000000,0.000600,0.006000,0.000000,0.000000,1,1,1,230,238,379608,379608,210085,169523,0,60.00,13954,3848,181,0,0,0,13950,501.00,501.00,2,1743,0.0000,0.5000,0.5000,0.7190,0.5170
2026-04-27T17:38:25.595,3.845,1,0.70,-2.80,0.00,1.01,1,0.0154,-0.0408,-0.1490,-0.0381,0.1456,0.0000,-2.68,-4.34,57.36,57.97,231,231,1.00000,1.00000,1.00000,1.00000,3,3,1,10.32602,0.00420,1.07776,-0.0154,0.0408,0.4490,-0.0381,0.1456,0.0000,2.68,-4.91,177.66,1,1,0.0000,0.0000,0.3000,0.00,0.8300,0.4200,1.0000,6.50,180.00,1.050000,0.000000,0.000000,1.500000,0.000000,0.000000,1.200000,0.000000,0.000000,1.050000,0.000000,0.000000,1.350000,0.060000,0.000000,0.008000,0.000000,0.000600,0.008000,0.000000,0.000600,0.006000,0.000000,0.000000,1,1,1,231,239,379608,379608,210085,169523,0,60.00,13954,3848,181,0,0,0,13950,501.00,501.00,2,1743,0.0000,0.5000,0.5000,0.7190,0.5170
2026-04-27T17:38:25.612,3.861,1,0.70,-2.80,0.00,1.01,1,0.0160,-0.0435,-0.1490,-0.0369,0.1557,0.0000,-2.69,0.60,61.32,60.50,232,232,1.00000,1.00000,1.00000,1.00000,3,3,1,10.30160,0.00401,1.08127,-0.0160,0.0435,0.4490,-0.0369,0.1557,0.0000,2.69,-4.80,177.62,1,1,0.0000,0.0000,0.3000,0.00,0.8300,0.4200,1.0000,6.50,180.00,1.050000,0.000000,0.000000,1.500000,0.000000,0.000000,1.200000,0.000000,0.000000,1.050000,0.000000,0.000000,1.350000,0.060000,0.000000,0.008000,0.000000,0.000600,0.008000,0.000000,0.000600,0.006000,0.000000,0.000000,1,1,1,232,238,379608,379608,210085,169523,0,60.00,13954,3848,181,0,0,0,13950,501.00,501.00,2,1743,0.0000,0.5000,0.5000,0.7190,0.5170
2026-04-27T17:38:25.627,3.876,1,0.90,-2.19,1.02,3.01,1,0.0168,-0.0457,-0.1490,-0.0431,0.1422,0.0000,-2.58,-7.03,60.22,90.92,233,233,1.00000,1.00000,1.00000,1.00000,3,3,1,10.25548,0.00436,1.08014,-0.0168,0.0457,0.4490,-0.0431,0.1422,0.0000,2.58,-4.82,177.76,1,1,0.0000,0.0000,0.3000,0.00,0.8300,0.4200,1.0000,6.50,180.00,1.050000,0.000000,0.000000,1.500000,0.000000,0.000000,1.200000,0.000000,0.000000,1.050000,0.000000,0.000000,1.350000,0.060000,0.000000,0.008000,0.000000,0.000600,0.008000,0.000000,0.000600,0.006000,0.000000,0.000000,1,1,1,233,239,379608,379608,210085,169523,0,60.00,13954,3848,181,0,0,0,13950,501.00,501.00,2,1743,0.0000,0.5000,0.5000,0.7190,0.5170
2026-04-27T17:38:25.645,3.894,1,0.90,-2.19,1.02,3.01,1,0.0174,-0.0479,-0.1488,-0.0383,0.1423,0.0000,-2.65,3.82,72.80,46.06,234,234,1.00000,1.00000,1.00000,1.00000,3,3,1,10.15501,0.00413,1.07128,-0.0174,0.0479,0.4488,-0.0383,0.1423,0.0000,2.65,-4.92,177.74,1,1,0.0000,0.0000,0.3000,0.00,0.8300,0.4200,1.0000,6.50,180.00,1.050000,0.000000,0.000000,1.500000,0.000000,0.000000,1.200000,0.000000,0.000000,1.050000,0.000000,0.000000,1.350000,0.060000,0.000000,0.008000,0.000000,0.000600,0.008000,0.000000,0.000600,0.006000,0.000000,0.000000,1,1,1,234,239,379608,379608,210085,169523,0,60.00,13954,3848,181,0,0,0,13950,501.00,501.00,2,1743,0.0000,0.5000,0.5000,0.7190,0.5170
2026-04-27T17:38:25.663,3.912,1,0.90,-2.19,1.02,3.01,1,0.0179,-0.0499,-0.1489,-0.0350,0.1261,0.0000,-2.65,0.00,49.55,58.26,235,235,1.00000,1.00000,1.00000,1.00000,3,3,1,10.11308,0.00401,1.07204,-0.0179,0.0499,0.4489,-0.0350,0.1261,0.0000,2.65,-4.93,178.08,1,1,0.0000,0.0000,0.3000,0.00,0.8300,0.4200,1.0000,6.50,180.00,1.050000,0.000000,0.000000,1.500000,0.000000,0.000000,1.200000,0.000000,0.000000,1.050000,0.000000,0.000000,1.350000,0.060000,0.000000,0.008000,0.000000,0.000600,0.008000,0.000000,0.000600,0.006000,0.000000,0.000000,1,1,1,235,238,379608,379608,210085,169523,0,60.00,13954,3848,181,0,0,0,13950,501.00,501.00,2,1743,0.0000,0.5000,0.5000,0.7190,0.5170
2026-04-27T17:38:25.677,3.926,1,1.09,-2.00,1.89,1.89,1,0.0184,-0.0524,-0.1488,-0.0318,0.1453,0.0000,-2.57,-5.26,62.21,94.12,236,236,1.00000,1.00000,1.00000,1.00000,3,3,1,10.07151,0.00382,1.07617,-0.0184,0.0524,0.4488,-0.0318,0.1453,0.0000,2.57,-4.70,178.01,1,1,0.0000,0.0000,0.3000,0.00,0.8300,0.4200,1.0000,6.50,180.00,1.050000,0.000000,0.000000,1.500000,0.000000,0.000000,1.200000,0.000000,0.000000,1.050000,0.000000,0.000000,1.350000,0.060000,0.000000,0.008000,0.000000,0.000600,0.008000,0.000000,0.000600,0.006000,0.000000,0.000000,1,1,1,236,235,379608,379608,210085,169523,0,60.00,13954,3848,181,0,0,0,13950,501.00,501.00,2,1743,0.0000,0.5000,0.5000,0.7190,0.5170
2026-04-27T17:38:25.694,3.943,1,1.09,-2.00,1.89,1.89,1,0.0191,-0.0547,-0.1490,-0.0370,0.1360,0.0000,-2.41,-9.25,72.89,53.47,237,237,1.00000,1.00000,1.00000,1.00000,3,3,1,10.06748,0.00427,1.07675,-0.0191,0.0547,0.4490,-0.0370,0.1360,0.0000,2.41,-4.64,177.96,1,1,0.0000,0.0000,0.3000,0.00,0.8300,0.4200,1.0000,6.50,180.00,1.050000,0.000000,0.000000,1.500000,0.000000,0.000000,1.200000,0.000000,0.000000,1.050000,0.000000,0.000000,1.350000,0.060000,0.000000,0.008000,0.000000,0.000600,0.008000,0.000000,0.000600,0.006000,0.000000,0.000000,1,1,1,237,239,379608,379608,210085,169523,0,60.00,13954,3848,181,0,0,0,13950,501.00,501.00,2,1743,0.0000,0.5000,0.5000,0.7190,0.5170
2026-04-27T17:38:25.711,3.960,1,1.09,-2.00,1.89,1.89,1,0.0198,-0.0566,-0.1492,-0.0463,0.1320,0.0000,-2.44,1.77,50.04,47.53,238,238,1.00000,1.00000,1.00000,1.00000,3,3,1,9.92426,0.00434,1.08113,-0.0198,0.0566,0.4492,-0.0463,0.1320,0.0000,2.44,-4.95,178.13,1,1,0.0000,0.0000,0.3000,0.00,0.8300,0.4200,1.0000,6.50,180.00,1.050000,0.000000,0.000000,1.500000,0.000000,0.000000,1.200000,0.000000,0.000000,1.050000,0.000000,0.000000,1.350000,0.060000,0.000000,0.008000,0.000000,0.000600,0.008000,0.000000,0.000600,0.006000,0.000000,0.000000,1,1,1,238,238,379608,379608,210085,169523,0,60.00,13954,3848,181,0,0,0,13950,501.00,501.00,2,1743,0.0000,0.5000,0.5000,0.7190,0.5170
2026-04-27T17:38:25.728,3.978,1,1.09,-2.00,1.89,1.89,1,0.0204,-0.0591,-0.1491,-0.0357,0.1397,0.0000,-2.44,0.00,70.01,60.62,239,239,1.00000,1.00000,1.00000,1.00000,3,3,1,9.86921,0.00432,1.08283,-0.0204,0.0591,0.4491,-0.0357,0.1397,0.0000,2.44,-4.81,178.03,1,1,0.0000,0.0000,0.3000,0.00,0.8300,0.4200,1.0000,6.50,180.00,1.050000,0.000000,0.000000,1.500000,0.000000,0.000000,1.200000,0.000000,0.000000,1.050000,0.000000,0.000000,1.350000,0.060000,0.000000,0.008000,0.000000,0.000600,0.008000,0.000000,0.000600,0.006000,0.000000,0.000000,1,1,1,239,237,379608,379608,210085,169523,0,60.00,13954,3848,181,0,0,0,13950,501.00,501.00,2,1743,0.0000,0.5000,0.5000,0.7190,0.5170
2026-04-27T17:38:25.746,3.995,1,1.09,-2.00,1.89,1.89,1,0.0204,-0.0608,-0.1493,-0.0173,0.1158,0.0000,-2.43,-0.60,52.16,62.75,240,240,1.00000,1.00000,1.00000,1.00000,3,3,1,9.85346,0.00399,1.07652,-0.0204,0.0608,0.4493,-0.0173,0.1158,0.0000,2.43,-4.46,178.09,1,1,0.0000,0.0000,0.3000,0.00,0.8300,0.4200,1.0000,6.50,180.00,1.050000,0.000000,0.000000,1.500000,0.000000,0.000000,1.200000,0.000000,0.000000,1.050000,0.000000,0.000000,1.350000,0.060000,0.000000,0.008000,0.000000,0.000600,0.008000,0.000000,0.000600,0.006000,0.000000,0.000000,1,1,1,240,238,379608,379608,210085,169523,0,60.00,13954,3848,181,0,0,0,13950,501.00,501.00,2,1743,0.0000,0.5000,0.5000,0.7190,0.5170
2026-04-27T17:38:25.762,4.012,1,1.09,-2.00,1.89,1.89,1,0.0212,-0.0627,-0.1494,-0.0386,0.1207,0.0000,-2.47,2.37,60.19,58.20,241,241,1.00000,1.00000,1.00000,1.00000,3,3,1,9.73982,0.00400,1.07539,-0.0212,0.0627,0.4494,-0.0386,0.1207,0.0000,2.47,-4.60,178.31,1,1,0.0000,0.0000,0.3000,0.00,0.8300,0.4200,1.0000,6.50,180.00,1.050000,0.000000,0.000000,1.500000,0.000000,0.000000,1.200000,0.000000,0.000000,1.050000,0.000000,0.000000,1.350000,0.060000,0.000000,0.008000,0.000000,0.000600,0.008000,0.000000,0.000600,0.006000,0.000000,0.000000,1,1,1,241,238,379608,379608,210085,169523,0,60.00,13954,3848,181,0,0,0,13950,501.00,501.00,2,1743,0.0000,0.5000,0.5000,0.7190,0.5170
2026-04-27T17:38:25.777,4.026,1,1.20,-1.70,1.02,3.01,1,0.0220,-0.0648,-0.1494,-0.0420,0.1200,0.0000,-2.37,-6.47,59.29,83.31,242,242,1.00000,1.00000,1.00000,1.00000,3,3,1,9.79023,0.00442,1.07573,-0.0220,0.0648,0.4494,-0.0420,0.1200,0.0000,2.37,-4.85,178.27,1,1,0.0000,0.0000,0.3000,0.00,0.8300,0.4200,1.0000,6.50,180.00,1.050000,0.000000,0.000000,1.500000,0.000000,0.000000,1.200000,0.000000,0.000000,1.050000,0.000000,0.000000,1.350000,0.060000,0.000000,0.008000,0.000000,0.000600,0.008000,0.000000,0.000600,0.006000,0.000000,0.000000,1,1,1,242,238,379608,379608,210085,169523,0,60.00,13954,3848,181,0,0,0,13950,501.00,501.00,2,1743,0.0000,0.5000,0.5000,0.7190,0.5170
2026-04-27T17:38:25.793,4.043,1,1.20,-1.70,1.02,3.01,1,0.0224,-0.0667,-0.1494,-0.0309,0.1210,0.0000,-2.26,-6.76,74.43,59.06,243,243,1.00000,1.00000,1.00000,1.00000,3,3,1,9.73887,0.00426,1.08024,-0.0224,0.0667,0.4494,-0.0309,0.1210,0.0000,2.26,-4.84,178.23,1,1,0.0000,0.0000,0.3000,0.00,0.8300,0.4200,1.0000,6.50,180.00,1.050000,0.000000,0.000000,1.500000,0.000000,0.000000,1.200000,0.000000,0.000000,1.050000,0.000000,0.000000,1.350000,0.060000,0.000000,0.008000,0.000000,0.000600,0.008000,0.000000,0.000600,0.006000,0.000000,0.000000,1,1,1,243,239,379608,379608,210085,169523,0,60.00,13954,3848,181,0,0,0,13950,501.00,501.00,2,1743,0.0000,0.5000,0.5000,0.7190,0.5170
2026-04-27T17:38:25.810,4.059,1,1.20,-1.70,1.02,3.01,1,0.0229,-0.0686,-0.1495,-0.0301,0.1152,0.0000,-2.17,-5.40,61.47,47.02,244,244,1.00000,1.00000,1.00000,1.00000,3,3,1,9.60042,0.00409,1.07799,-0.0229,0.0686,0.4495,-0.0301,0.1152,0.0000,2.17,-4.87,178.38,1,1,0.0000,0.0000,0.3000,0.00,0.8300,0.4200,1.0000,6.50,180.00,1.050000,0.000000,0.000000,1.500000,0.000000,0.000000,1.200000,0.000000,0.000000,1.050000,0.000000,0.000000,1.350000,0.060000,0.000000,0.008000,0.000000,0.000600,0.008000,0.000000,0.000600,0.006000,0.000000,0.000000,1,1,1,244,237,379608,379608,210085,169523,0,60.00,13954,3848,181,0,0,0,13950,501.00,501.00,2,1743,0.0000,0.5000,0.5000,0.7190,0.5170
2026-04-27T17:38:25.829,4.078,1,1.20,-1.70,1.02,3.01,1,0.0234,-0.0703,-0.1497,-0.0380,0.1284,0.0117,-2.16,-0.53,59.97,61.21,245,245,1.00000,1.00000,1.00000,1.00000,3,3,1,9.64061,0.00410,1.08333,-0.0234,0.0703,0.4497,-0.0380,0.1284,0.0117,2.16,-4.77,178.28,1,1,0.0000,0.0000,0.3000,0.00,0.8300,0.4200,1.0000,6.50,180.00,1.050000,0.000000,0.000000,1.500000,0.000000,0.000000,1.200000,0.000000,0.000000,1.050000,0.000000,0.000000,1.350000,0.060000,0.000000,0.008000,0.000000,0.000600,0.008000,0.000000,0.000600,0.006000,0.000000,0.000000,1,1,1,245,241,379608,379608,210085,169523,0,60.00,13954,3848,181,0,0,0,13950,501.00,501.00,2,1743,0.0000,0.5000,0.5000,0.7190,0.5170
2026-04-27T17:38:25.843,4.093,1,1.20,-1.70,1.02,3.01,1,0.0240,-0.0722,-0.1496,-0.0320,0.1044,0.0000,-2.10,-4.21,52.55,68.13,246,246,1.00000,1.00000,1.00000,1.00000,3,3,1,9.66323,0.00457,1.07749,-0.0240,0.0722,0.4496,-0.0320,0.1044,0.0000,2.10,-5.04,178.28,1,1,0.0000,0.0000,0.3000,0.00,0.8300,0.4200,1.0000,6.50,180.00,1.050000,0.000000,0.000000,1.500000,0.000000,0.000000,1.200000,0.000000,0.000000,1.050000,0.000000,0.000000,1.350000,0.060000,0.000000,0.008000,0.000000,0.000600,0.008000,0.000000,0.000600,0.006000,0.000000,0.000000,1,1,1,246,237,379608,379608,210085,169523,0,60.00,13954,3848,181,0,0,0,13950,501.00,501.00,2,1743,0.0000,0.5000,0.5000,0.7190,0.5170
2026-04-27T17:38:25.860,4.110,1,1.20,-1.70,1.02,3.01,1,0.0240,-0.0737,-0.1499,-0.0127,0.1001,0.0108,-2.17,4.08,70.14,53.73,247,247,1.00000,1.00000,1.00000,1.00000,3,3,1,9.54337,0.00394,1.07563,-0.0240,0.0737,0.4499,-0.0127,0.1001,0.0108,2.17,-4.64,178.51,1,1,0.0000,0.0000,0.3000,0.00,0.8300,0.4200,1.0000,6.50,180.00,1.050000,0.000000,0.000000,1.500000,0.000000,0.000000,1.200000,0.000000,0.000000,1.050000,0.000000,0.000000,1.350000,0.060000,0.000000,0.008000,0.000000,0.000600,0.008000,0.000000,0.000600,0.006000,0.000000,0.000000,1,1,1,247,240,379669,379669,210145,169523,0,61.00,14015,3324,181,0,0,0,13950,501.00,501.00,2,1743,0.0000,0.5000,0.5000,0.7190,0.5170
2026-04-27T17:38:25.878,4.127,1,1.20,-1.70,1.02,3.01,1,0.0245,-0.0752,-0.1500,-0.0319,0.1133,0.0000,-2.16,-0.58,58.24,58.78,248,248,1.00000,1.00000,1.00000,1.00000,3,3,1,9.49116,0.00404,1.08311,-0.0245,0.0752,0.4500,-0.0319,0.1133,0.0000,2.16,-4.71,178.45,1,1,0.0000,0.0000,0.3000,0.00,0.8300,0.4200,1.0000,6.50,180.00,1.050000,0.000000,0.000000,1.500000,0.000000,0.000000,1.200000,0.000000,0.000000,1.050000,0.000000,0.000000,1.350000,0.060000,0.000000,0.008000,0.000000,0.000600,0.008000,0.000000,0.000600,0.006000,0.000000,0.000000,1,1,1,248,238,379669,379669,210145,169523,0,61.00,14015,3324,181,0,0,0,13950,501.00,501.00,2,1743,0.0000,0.5000,0.5000,0.7190,0.5170
2026-04-27T17:38:25.892,4.141,1,1.20,-1.70,1.02,3.01,1,0.0248,-0.0766,-0.1501,-0.0231,0.0900,0.0000,-2.20,2.86,52.25,83.76,249,249,1.00000,1.00000,1.00000,1.00000,3,3,1,9.54844,0.00403,1.07859,-0.0248,0.0766,0.4501,-0.0231,0.0900,0.0000,2.20,-4.74,178.55,1,1,0.0000,0.0000,0.3000,0.00,0.8300,0.4200,1.0000,6.50,180.00,1.050000,0.000000,0.000000,1.500000,0.000000,0.000000,1.200000,0.000000,0.000000,1.050000,0.000000,0.000000,1.350000,0.060000,0.000000,0.008000,0.000000,0.000600,0.008000,0.000000,0.000600,0.006000,0.000000,0.000000,1,1,1,249,236,379669,379669,210145,169523,0,61.00,14015,3324,181,0,0,0,13950,501.00,501.00,2,1743,0.0000,0.5000,0.5000,0.7190,0.5170
2026-04-27T17:38:25.908,4.158,1,1.20,-1.70,1.02,3.01,1,0.0253,-0.0780,-0.1501,-0.0258,0.0909,0.0000,-2.24,2.38,83.53,61.20,250,250,1.00000,1.00000,1.00000,1.00000,3,3,1,9.45499,0.00429,1.08018,-0.0253,0.0780,0.4501,-0.0258,0.0909,0.0000,2.24,-4.76,178.55,1,1,0.0000,0.0000,0.3000,0.00,0.8300,0.4200,1.0000,6.50,180.00,1.050000,0.000000,0.000000,1.500000,0.000000,0.000000,1.200000,0.000000,0.000000,1.050000,0.000000,0.000000,1.350000,0.060000,0.000000,0.008000,0.000000,0.000600,0.008000,0.000000,0.000600,0.006000,0.000000,0.000000,1,1,1,250,238,379669,379669,210145,169523,0,61.00,14015,3324,181,0,0,0,13950,501.00,501.00,2,1743,0.0000,0.5000,0.5000,0.7190,0.5170
2026-04-27T17:38:25.927,4.177,1,1.29,-1.60,0.95,0.95,1,0.0254,-0.0793,-0.1501,-0.0155,0.0836,0.0000,-2.14,-5.27,59.62,63.09,251,251,1.00000,1.00000,1.00000,1.00000,3,3,1,9.45741,0.00422,1.07307,-0.0254,0.0793,0.4501,-0.0155,0.0836,0.0000,2.14,-4.68,178.76,1,1,0.0000,0.0000,0.3000,0.00,0.8300,0.4200,1.0000,6.50,180.00,1.050000,0.000000,0.000000,1.500000,0.000000,0.000000,1.200000,0.000000,0.000000,1.050000,0.000000,0.000000,1.350000,0.060000,0.000000,0.008000,0.000000,0.000600,0.008000,0.000000,0.000600,0.006000,0.000000,0.000000,1,1,1,251,238,379669,379669,210145,169523,0,61.00,14015,3324,181,0,0,0,13950,501.00,501.00,2,1743,0.0000,0.5000,0.5000,0.7190,0.5170
2026-04-27T17:38:25.943,4.193,1,1.29,-1.60,0.95,0.95,1,0.0259,-0.0805,-0.1502,-0.0227,0.0742,0.0000,-2.12,-1.24,52.74,68.29,252,252,1.00000,1.00000,1.00000,1.00000,3,3,1,9.48330,0.00435,1.07950,-0.0259,0.0805,0.4502,-0.0227,0.0742,0.0000,2.12,-4.69,178.71,1,1,0.0000,0.0000,0.3000,0.00,0.8300,0.4200,1.0000,6.50,180.00,1.050000,0.000000,0.000000,1.500000,0.000000,0.000000,1.200000,0.000000,0.000000,1.050000,0.000000,0.000000,1.350000,0.060000,0.000000,0.008000,0.000000,0.000600,0.008000,0.000000,0.000600,0.006000,0.000000,0.000000,1,1,1,252,238,379669,379669,210145,169523,0,61.00,14015,3324,181,0,0,0,13950,501.00,501.00,2,1743,0.0000,0.5000,0.5000,0.7190,0.5170
2026-04-27T17:38:25.961,4.210,1,1.29,-1.60,0.95,0.95,1,0.0262,-0.0816,-0.1501,-0.0206,0.0706,0.0000,-2.04,-4.66,61.99,40.73,253,253,1.00000,1.00000,1.00000,1.00000,3,3,1,9.37508,0.00413,1.07209,-0.0262,0.0816,0.4501,-0.0206,0.0706,0.0000,2.04,-4.80,178.85,1,1,0.0000,0.0000,0.3000,0.00,0.8300,0.4200,1.0000,6.50,180.00,1.050000,0.000000,0.000000,1.500000,0.000000,0.000000,1.200000,0.000000,0.000000,1.050000,0.000000,0.000000,1.350000,0.060000,0.000000,0.008000,0.000000,0.000600,0.008000,0.000000,0.000600,0.006000,0.000000,0.000000,1,1,1,253,237,379669,379669,210145,169523,0,61.00,14015,3324,181,0,0,0,13950,501.00,501.00,2,1743,0.0000,0.5000,0.5000,0.7190,0.5170
2026-04-27T17:38:25.977,4.226,1,1.40,-1.29,1.01,2.98,1,0.0265,-0.0828,-0.1502,-0.0197,0.0748,0.0000,-1.99,-3.13,58.21,60.43,254,254,1.00000,1.00000,1.00000,1.00000,3,3,1,9.42539,0.00428,1.08314,-0.0265,0.0828,0.4502,-0.0197,0.0748,0.0000,1.99,-4.89,178.82,1,1,0.0000,0.0000,0.3000,0.00,0.8300,0.4200,1.0000,6.50,180.00,1.050000,0.000000,0.000000,1.500000,0.000000,0.000000,1.200000,0.000000,0.000000,1.050000,0.000000,0.000000,1.350000,0.060000,0.000000,0.008000,0.000000,0.000600,0.008000,0.000000,0.000600,0.006000,0.000000,0.000000,1,1,1,254,237,379669,379669,210145,169523,0,61.00,14015,3324,181,0,0,0,13950,501.00,501.00,2,1743,0.0000,0.5000,0.5000,0.7190,0.5170
2026-04-27T17:38:25.993,4.243,1,1.40,-1.29,1.01,2.98,1,0.0267,-0.0842,-0.1500,-0.0149,0.0789,0.0000,-2.00,0.60,62.52,61.38,255,255,1.00000,1.00000,1.00000,1.00000,3,3,1,9.29556,0.00400,1.07792,-0.0267,0.0842,0.4500,-0.0149,0.0789,0.0000,2.00,-4.85,178.93,1,1,0.0000,0.0000,0.3000,0.00,0.8300,0.4200,1.0000,6.50,180.00,1.050000,0.000000,0.000000,1.500000,0.000000,0.000000,1.200000,0.000000,0.000000,1.050000,0.000000,0.000000,1.350000,0.060000,0.000000,0.008000,0.000000,0.000600,0.008000,0.000000,0.000600,0.006000,0.000000,0.000000,1,1,1,255,235,379669,379669,210145,169523,0,61.00,14015,3324,181,0,0,0,13950,501.00,501.00,2,1743,0.0000,0.5000,0.5000,0.7190,0.5170
2026-04-27T17:38:26.011,4.261,1,1.40,-1.29,1.01,2.98,1,0.0268,-0.0848,-0.1503,0.0000,0.0533,0.0105,-2.02,1.10,60.01,59.74,256,256,1.00000,1.00000,1.00000,1.00000,3,3,1,9.31714,0.00402,1.08010,-0.0268,0.0848,0.4503,0.0000,0.0533,0.0105,2.02,-4.58,178.92,1,1,0.0000,0.0000,0.3000,0.00,0.8300,0.4200,1.0000,6.50,180.00,1.050000,0.000000,0.000000,1.500000,0.000000,0.000000,1.200000,0.000000,0.000000,1.050000,0.000000,0.000000,1.350000,0.060000,0.000000,0.008000,0.000000,0.000600,0.008000,0.000000,0.000600,0.006000,0.000000,0.000000,1,1,1,256,237,379669,379669,210145,169523,0,61.00,14015,3324,181,0,0,0,13950,501.00,501.00,2,1743,0.0000,0.5000,0.5000,0.7190,0.5170
2026-04-27T17:38:26.028,4.278,1,1.40,-1.29,1.01,2.98,1,0.0269,-0.0856,-0.1505,0.0000,0.0517,0.0000,-2.05,1.76,55.16,58.74,257,257,1.00000,1.00000,1.00000,1.00000,3,3,1,9.33370,0.00414,1.08066,-0.0269,0.0856,0.4505,0.0000,0.0517,0.0000,2.05,-4.36,178.96,1,1,0.0000,0.0000,0.3000,0.00,0.8300,0.4200,1.0000,6.50,180.00,1.050000,0.000000,0.000000,1.500000,0.000000,0.000000,1.200000,0.000000,0.000000,1.050000,0.000000,0.000000,1.350000,0.060000,0.000000,0.008000,0.000000,0.000600,0.008000,0.000000,0.000600,0.006000,0.000000,0.000000,1,1,1,257,234,379669,379669,210145,169523,0,61.00,14015,3324,181,0,0,0,13950,501.00,501.00,2,1743,0.0000,0.5000,0.5000,0.7190,0.5170
2026-04-27T17:38:26.043,4.293,1,1.40,-1.29,1.01,2.98,1,0.0273,-0.0867,-0.1500,-0.0183,0.0611,-0.0154,-1.99,-4.04,54.41,62.90,258,258,1.00000,1.00000,1.00000,1.00000,3,3,1,9.32534,0.00432,1.07720,-0.0273,0.0867,0.4500,-0.0183,0.0611,-0.0154,1.99,-4.50,179.05,1,1,0.0000,0.0000,0.3000,0.00,0.8300,0.4200,1.0000,6.50,180.00,1.050000,0.000000,0.000000,1.500000,0.000000,0.000000,1.200000,0.000000,0.000000,1.050000,0.000000,0.000000,1.350000,0.060000,0.000000,0.008000,0.000000,0.000600,0.008000,0.000000,0.000600,0.006000,0.000000,0.000000,1,1,1,258,242,379669,379669,210145,169523,0,61.00,14015,3324,181,0,0,0,13950,501.00,501.00,2,1743,0.0000,0.5000,0.5000,0.7190,0.5170
2026-04-27T17:38:26.062,4.311,1,1.40,-1.29,1.01,2.98,1,0.0273,-0.0871,-0.1500,0.0000,0.0379,0.0000,-1.99,0.00,74.22,58.14,259,259,1.00000,1.00000,1.00000,1.00000,3,3,1,9.39727,0.00418,1.07404,-0.0273,0.0871,0.4500,0.0000,0.0379,0.0000,1.99,-4.38,179.13,1,1,0.0000,0.0000,0.3000,0.00,0.8300,0.4200,1.0000,6.50,180.00,1.050000,0.000000,0.000000,1.500000,0.000000,0.000000,1.200000,0.000000,0.000000,1.050000,0.000000,0.000000,1.350000,0.060000,0.000000,0.008000,0.000000,0.000600,0.008000,0.000000,0.000600,0.006000,0.000000,0.000000,1,1,1,259,233,379669,379669,210145,169523,0,61.00,14015,3324,181,0,0,0,13950,501.00,501.00,2,1743,0.0000,0.5000,0.5000,0.7190,0.5170
2026-04-27T17:38:26.079,4.329,1,1.40,-1.29,1.01,2.98,1,0.0273,-0.0878,-0.1501,0.0000,0.0438,0.0000,-1.89,-5.50,49.86,59.33,260,260,1.00000,1.00000,1.00000,1.00000,3,3,1,9.36886,0.00414,1.07689,-0.0273,0.0878,0.4501,0.0000,0.0438,0.0000,1.89,-4.26,179.05,1,1,0.0000,0.0000,0.3000,0.00,0.8300,0.4200,1.0000,6.50,180.00,1.050000,0.000000,0.000000,1.500000,0.000000,0.000000,1.200000,0.000000,0.000000,1.050000,0.000000,0.000000,1.350000,0.060000,0.000000,0.008000,0.000000,0.000600,0.008000,0.000000,0.000600,0.006000,0.000000,0.000000,1,1,1,260,233,379669,379669,210145,169523,0,61.00,14015,3324,181,0,0,0,13950,501.00,501.00,2,1743,0.0000,0.5000,0.5000,0.7190,0.5170
2026-04-27T17:38:26.096,4.345,1,1.50,-1.00,0.95,2.89,1,0.0276,-0.0885,-0.1497,-0.0117,0.0419,-0.0137,-1.82,-4.22,60.70,62.09,261,261,1.00000,1.00000,1.00000,1.00000,3,3,1,9.37425,0.00414,1.07746,-0.0276,0.0885,0.4497,-0.0117,0.0419,-0.0137,1.82,-4.34,179.10,1,1,0.0000,0.0000,0.3000,0.00,0.8300,0.4200,1.0000,6.50,180.00,1.050000,0.000000,0.000000,1.500000,0.000000,0.000000,1.200000,0.000000,0.000000,1.050000,0.000000,0.000000,1.350000,0.060000,0.000000,0.008000,0.000000,0.000600,0.008000,0.000000,0.000600,0.006000,0.000000,0.000000,1,1,1,261,242,379669,379669,210145,169523,0,61.00,14015,3324,181,0,0,0,13950,501.00,501.00,2,1743,0.0000,0.5000,0.5000,0.7190,0.5170
2026-04-27T17:38:26.110,4.359,1,1.50,-1.00,0.95,2.89,1,0.0277,-0.0893,-0.1495,0.0000,0.0447,-0.0129,-1.79,-1.93,59.00,77.92,262,262,1.00000,1.00000,1.00000,1.00000,3,3,1,9.28133,0.00420,1.07909,-0.0277,0.0893,0.4495,0.0000,0.0447,-0.0129,1.79,-4.41,179.11,1,1,0.0000,0.0000,0.3000,0.00,0.8300,0.4200,1.0000,6.50,180.00,1.050000,0.000000,0.000000,1.500000,0.000000,0.000000,1.200000,0.000000,0.000000,1.050000,0.000000,0.000000,1.350000,0.060000,0.000000,0.008000,0.000000,0.000600,0.008000,0.000000,0.000600,0.006000,0.000000,0.000000,1,1,1,262,238,379669,379669,210145,169523,0,61.00,14015,3324,181,0,0,0,13950,501.00,501.00,2,1743,0.0000,0.5000,0.5000,0.7190,0.5170
2026-04-27T17:38:26.129,4.378,1,1.50,-1.00,0.95,2.89,1,0.0278,-0.0900,-0.1495,0.0000,0.0413,0.0000,-1.76,-1.80,76.07,61.15,263,263,1.00000,1.00000,1.00000,1.00000,3,3,1,9.35647,0.00418,1.08083,-0.0278,0.0900,0.4495,0.0000,0.0413,0.0000,1.76,-4.29,179.04,1,1,0.0000,0.0000,0.3000,0.00,0.8300,0.4200,1.0000,6.50,180.00,1.050000,0.000000,0.000000,1.500000,0.000000,0.000000,1.200000,0.000000,0.000000,1.050000,0.000000,0.000000,1.350000,0.060000,0.000000,0.008000,0.000000,0.000600,0.008000,0.000000,0.000600,0.006000,0.000000,0.000000,1,1,1,263,232,379669,379669,210145,169523,0,61.00,14015,3324,181,0,0,0,13950,501.00,501.00,2,1743,0.0000,0.5000,0.5000,0.7190,0.5170
2026-04-27T17:38:26.143,4.393,1,1.50,-1.00,0.95,2.89,1,0.0278,-0.0902,-0.1493,0.0000,0.0233,-0.0123,-1.78,1.20,53.59,52.49,264,264,1.00000,1.00000,1.00000,1.00000,3,3,1,9.29966,0.00412,1.07819,-0.0278,0.0902,0.4493,0.0000,0.0233,-0.0123,1.78,-4.25,179.14,1,1,0.0000,0.0000,0.3000,0.00,0.8300,0.4200,1.0000,6.50,180.00,1.050000,0.000000,0.000000,1.500000,0.000000,0.000000,1.200000,0.000000,0.000000,1.050000,0.000000,0.000000,1.350000,0.060000,0.000000,0.008000,0.000000,0.000600,0.008000,0.000000,0.000600,0.006000,0.000000,0.000000,1,1,1,264,238,379669,379669,210145,169523,0,61.00,14015,3324,181,0,0,0,13950,501.00,501.00,2,1743,0.0000,0.5000,0.5000,0.7190,0.5170
2026-04-27T17:38:26.161,4.410,1,1.50,-1.00,0.95,2.89,1,0.0278,-0.0903,-0.1492,0.0000,0.0153,0.0000,-1.79,0.56,68.28,53.63,265,265,1.00000,1.00000,1.00000,1.00000,3,3,1,9.31353,0.00407,1.07715,-0.0278,0.0903,0.4492,0.0000,0.0153,0.0000,1.79,-4.30,179.17,1,1,0.0000,0.0000,0.3000,0.00,0.8300,0.4200,1.0000,6.50,180.00,1.050000,0.000000,0.000000,1.500000,0.000000,0.000000,1.200000,0.000000,0.000000,1.050000,0.000000,0.000000,1.350000,0.060000,0.000000,0.008000,0.000000,0.000600,0.008000,0.000000,0.000600,0.006000,0.000000,0.000000,1,1,1,265,232,379669,379669,210145,169523,0,61.00,14015,3324,181,0,0,0,13950,501.00,501.00,2,1743,0.0000,0.5000,0.5000,0.7190,0.5170
2026-04-27T17:38:26.176,4.426,1,1.50,-0.90,0.00,0.97,1,0.0278,-0.0904,-0.1492,0.0000,0.0116,0.0000,-1.81,1.30,50.10,59.00,266,266,1.00000,1.00000,1.00000,1.00000,3,3,1,9.35148,0.00418,1.07788,-0.0278,0.0904,0.4492,0.0000,0.0116,0.0000,1.81,-4.40,179.15,1,1,0.0000,0.0000,0.3000,0.00,0.8300,0.4200,1.0000,6.50,180.00,1.050000,0.000000,0.000000,1.500000,0.000000,0.000000,1.200000,0.000000,0.000000,1.050000,0.000000,0.000000,1.350000,0.060000,0.000000,0.008000,0.000000,0.000600,0.008000,0.000000,0.000600,0.006000,0.000000,0.000000,1,1,1,266,232,379669,379669,210145,169523,0,61.00,14015,3324,181,0,0,0,13950,501.00,501.00,2,1743,0.0000,0.5000,0.5000,0.7190,0.5170
2026-04-27T17:38:26.194,4.444,1,1.50,-0.90,0.00,0.97,1,0.0278,-0.0904,-0.1492,0.0000,0.0000,0.0000,-1.83,1.12,75.97,59.87,267,267,1.00000,1.00000,1.00000,1.00000,3,3,1,9.35451,0.00409,1.07976,-0.0278,0.0904,0.4492,0.0000,0.0000,0.0000,1.83,-4.35,179.09,1,1,0.0000,0.0000,0.3000,0.00,0.8300,0.4200,1.0000,6.50,180.00,1.050000,0.000000,0.000000,1.500000,0.000000,0.000000,1.200000,0.000000,0.000000,1.050000,0.000000,0.000000,1.350000,0.060000,0.000000,0.008000,0.000000,0.000600,0.008000,0.000000,0.000600,0.006000,0.000000,0.000000,1,1,1,267,229,379669,379669,210145,169523,0,61.00,14015,3324,181,0,0,0,13950,501.00,501.00,2,1743,0.0000,0.5000,0.5000,0.7190,0.5170
2026-04-27T17:38:26.212,4.462,1,1.50,-0.90,0.00,0.97,1,0.0275,-0.0904,-0.1492,0.0000,0.0000,0.0000,-1.90,4.35,56.01,61.78,268,268,1.00000,1.00000,1.00000,1.00000,3,3,1,9.33457,0.00394,1.07690,-0.0275,0.0904,0.4492,0.0000,0.0000,0.0000,1.90,-4.26,179.19,1,1,0.0000,0.0000,0.3000,0.00,0.8300,0.4200,1.0000,6.50,180.00,1.050000,0.000000,0.000000,1.500000,0.000000,0.000000,1.200000,0.000000,0.000000,1.050000,0.000000,0.000000,1.350000,0.060000,0.000000,0.008000,0.000000,0.000600,0.008000,0.000000,0.000600,0.006000,0.000000,0.000000,1,1,1,268,228,379669,379669,210145,169523,0,61.00,14015,3324,181,0,0,0,13950,501.00,501.00,2,1743,0.0000,0.5000,0.5000,0.7190,0.5170
2026-04-27T17:38:26.227,4.476,1,1.50,-0.90,0.00,0.97,1,0.0275,-0.0903,-0.1492,0.0000,0.0000,0.0000,-1.90,0.00,55.25,89.18,269,269,1.00000,1.00000,1.00000,1.00000,3,3,1,9.34028,0.00396,1.07892,-0.0275,0.0903,0.4492,0.0000,0.0000,0.0000,1.90,-4.14,179.20,1,1,0.0000,0.0000,0.3000,0.00,0.8300,0.4200,1.0000,6.50,180.00,1.050000,0.000000,0.000000,1.500000,0.000000,0.000000,1.200000,0.000000,0.000000,1.050000,0.000000,0.000000,1.350000,0.060000,0.000000,0.008000,0.000000,0.000600,0.008000,0.000000,0.000600,0.006000,0.000000,0.000000,1,1,1,269,227,379669,379669,210145,169523,0,61.00,14015,3324,181,0,0,0,13950,501.00,501.00,2,1743,0.0000,0.5000,0.5000,0.7190,0.5170
2026-04-27T17:38:26.245,4.495,1,1.50,-0.90,0.00,0.97,1,0.0274,-0.0902,-0.1492,0.0000,0.0000,0.0000,-1.91,0.57,69.08,44.24,270,270,1.00000,1.00000,1.00000,1.00000,3,3,1,9.32374,0.00400,1.07812,-0.0274,0.0902,0.4492,0.0000,0.0000,0.0000,1.91,-4.06,179.25,1,1,0.0000,0.0000,0.3000,0.00,0.8300,0.4200,1.0000,6.50,180.00,1.050000,0.000000,0.000000,1.500000,0.000000,0.000000,1.200000,0.000000,0.000000,1.050000,0.000000,0.000000,1.350000,0.060000,0.000000,0.008000,0.000000,0.000600,0.008000,0.000000,0.000600,0.006000,0.000000,0.000000,1,1,1,270,229,379669,379669,210145,169523,0,61.00,14015,3324,181,0,0,0,13950,501.00,501.00,2,1743,0.0000,0.5000,0.5000,0.7190,0.5170
2026-04-27T17:38:26.258,4.508,1,1.50,-0.90,0.00,0.97,1,0.0275,-0.0901,-0.1491,0.0000,0.0000,0.0000,-1.90,-0.71,51.44,85.52,271,271,1.00000,1.00000,1.00000,1.00000,3,3,1,9.37848,0.00401,1.08004,-0.0275,0.0901,0.4491,0.0000,0.0000,0.0000,1.90,-4.09,179.31,1,1,0.0000,0.0000,0.3000,0.00,0.8300,0.4200,1.0000,6.50,180.00,1.050000,0.000000,0.000000,1.500000,0.000000,0.000000,1.200000,0.000000,0.000000,1.050000,0.000000,0.000000,1.350000,0.060000,0.000000,0.008000,0.000000,0.000600,0.008000,0.000000,0.000600,0.006000,0.000000,0.000000,1,1,1,271,228,379669,379669,210145,169523,0,61.00,14015,3324,181,0,0,0,13950,501.00,501.00,2,1743,0.0000,0.5000,0.5000,0.7190,0.5170
2026-04-27T17:38:26.278,4.528,1,1.50,-0.90,0.00,0.97,1,0.0275,-0.0898,-0.1490,0.0000,-0.0114,0.0000,-1.85,-2.51,82.74,46.22,272,272,1.00000,1.00000,1.00000,1.00000,3,3,1,9.35534,0.00402,1.07932,-0.0275,0.0898,0.4490,0.0000,-0.0114,0.0000,1.85,-4.22,179.33,1,1,0.0000,0.0000,0.3000,0.00,0.8300,0.4200,1.0000,6.50,180.00,1.050000,0.000000,0.000000,1.500000,0.000000,0.000000,1.200000,0.000000,0.000000,1.050000,0.000000,0.000000,1.350000,0.060000,0.000000,0.008000,0.000000,0.000600,0.008000,0.000000,0.000600,0.006000,0.000000,0.000000,1,1,1,272,234,379669,379669,210145,169523,0,61.00,14015,3324,271,0,0,0,14040,499.75,499.75,6,1373,0.0000,0.5070,0.5010,0.6880,0.5060
2026-04-27T17:38:26.293,4.542,1,1.50,-0.90,0.00,0.97,1,0.0276,-0.0894,-0.1486,0.0000,-0.0188,-0.0167,-1.70,-10.33,47.37,62.51,273,273,1.00000,1.00000,1.00000,1.00000,3,3,1,9.44048,0.00417,1.07768,-0.0276,0.0894,0.4486,0.0000,-0.0188,-0.0167,1.70,-4.58,179.44,1,1,0.0000,0.0000,0.3000,0.00,0.8300,0.4200,1.0000,6.50,180.00,1.050000,0.000000,0.000000,1.500000,0.000000,0.000000,1.200000,0.000000,0.000000,1.050000,0.000000,0.000000,1.350000,0.060000,0.000000,0.008000,0.000000,0.000600,0.008000,0.000000,0.000600,0.006000,0.000000,0.000000,1,1,1,273,239,379669,379669,210145,169523,0,61.00,14015,3324,271,0,0,0,14040,499.75,499.75,6,1373,0.0000,0.5070,0.5010,0.6880,0.5060
2026-04-27T17:38:26.312,4.561,1,1.50,-0.90,0.00,0.97,1,0.0273,-0.0888,-0.1486,0.0113,-0.0303,0.0000,-1.60,-5.61,75.08,57.52,274,274,1.00000,1.00000,1.00000,1.00000,3,3,1,9.47219,0.00411,1.07494,-0.0273,0.0888,0.4486,0.0113,-0.0303,0.0000,1.60,-4.66,179.53,1,1,0.0000,0.0000,0.3000,0.00,0.8300,0.4200,1.0000,6.50,180.00,1.050000,0.000000,0.000000,1.500000,0.000000,0.000000,1.200000,0.000000,0.000000,1.050000,0.000000,0.000000,1.350000,0.060000,0.000000,0.008000,0.000000,0.000600,0.008000,0.000000,0.000600,0.006000,0.000000,0.000000,1,1,1,274,237,379669,379669,210145,169523,0,61.00,14015,3324,271,0,0,0,14040,499.75,499.75,6,1373,0.0000,0.5070,0.5010,0.6880,0.5060
2026-04-27T17:38:26.329,4.578,1,1.50,-0.90,0.00,0.97,1,0.0269,-0.0880,-0.1486,0.0167,-0.0402,0.0000,-1.61,0.59,50.04,63.50,275,275,1.00000,1.00000,1.00000,1.00000,3,3,1,9.46941,0.00401,1.07840,-0.0269,0.0880,0.4486,0.0167,-0.0402,0.0000,1.61,-4.48,179.60,1,1,0.0000,0.0000,0.3000,0.00,0.8300,0.4200,1.0000,6.50,180.00,1.050000,0.000000,0.000000,1.500000,0.000000,0.000000,1.200000,0.000000,0.000000,1.050000,0.000000,0.000000,1.350000,0.060000,0.000000,0.008000,0.000000,0.000600,0.008000,0.000000,0.000600,0.006000,0.000000,0.000000,1,1,1,275,237,379669,379669,210145,169523,0,61.00,14015,3324,271,0,0,0,14040,499.75,499.75,6,1373,0.0000,0.5070,0.5010,0.6880,0.5060
2026-04-27T17:38:26.346,4.595,1,1.50,-0.90,0.00,0.97,1,0.0267,-0.0876,-0.1484,0.0104,-0.0278,-0.0109,-1.57,-2.20,58.52,57.07,276,276,1.00000,1.00000,1.00000,1.00000,3,3,1,9.55956,0.00411,1.07842,-0.0267,0.0876,0.4484,0.0104,-0.0278,-0.0109,1.57,-4.44,179.56,1,1,0.0000,0.0000,0.3000,0.00,0.8300,0.4200,1.0000,6.50,180.00,1.050000,0.000000,0.000000,1.500000,0.000000,0.000000,1.200000,0.000000,0.000000,1.050000,0.000000,0.000000,1.350000,0.060000,0.000000,0.008000,0.000000,0.000600,0.008000,0.000000,0.000600,0.006000,0.000000,0.000000,1,1,1,276,243,379669,379669,210145,169523,0,61.00,14015,3324,271,0,0,0,14040,499.75,499.75,6,1373,0.0000,0.5070,0.5010,0.6880,0.5060
2026-04-27T17:38:26.361,4.611,1,1.50,-0.90,0.00,0.97,1,0.0264,-0.0867,-0.1484,0.0170,-0.0497,0.0000,-1.59,1.27,58.62,63.59,277,277,1.00000,1.00000,1.00000,1.00000,3,3,1,9.67009,0.00408,1.07409,-0.0264,0.0867,0.4484,0.0170,-0.0497,0.0000,1.59,-4.33,179.52,1,1,0.0000,0.0000,0.3000,0.00,0.8300,0.4200,1.0000,6.50,180.00,1.050000,0.000000,0.000000,1.500000,0.000000,0.000000,1.200000,0.000000,0.000000,1.050000,0.000000,0.000000,1.350000,0.060000,0.000000,0.008000,0.000000,0.000600,0.008000,0.000000,0.000600,0.006000,0.000000,0.000000,1,1,1,277,238,379669,379669,210145,169523,0,61.00,14015,3324,271,0,0,0,14040,499.75,499.75,6,1373,0.0000,0.5070,0.5010,0.6880,0.5060
2026-04-27T17:38:26.378,4.628,1,1.50,-0.90,0.00,0.97,1,0.0262,-0.0858,-0.1483,0.0137,-0.0481,0.0000,-1.57,-1.25,64.03,56.84,278,278,1.00000,1.00000,1.00000,1.00000,3,3,1,9.67884,0.00408,1.08030,-0.0262,0.0858,0.4483,0.0137,-0.0481,0.0000,1.57,-4.35,179.40,1,1,0.0000,0.0000,0.3000,0.00,0.8300,0.4200,1.0000,6.50,180.00,1.050000,0.000000,0.000000,1.500000,0.000000,0.000000,1.200000,0.000000,0.000000,1.050000,0.000000,0.000000,1.350000,0.060000,0.000000,0.008000,0.000000,0.000600,0.008000,0.000000,0.000600,0.006000,0.000000,0.000000,1,1,1,278,238,379669,379669,210145,169523,0,61.00,14015,3324,271,0,0,0,14040,499.75,499.75,6,1373,0.0000,0.5070,0.5010,0.6880,0.5060
2026-04-27T17:38:26.390,4.639,1,1.50,-0.90,0.00,0.97,1,0.0259,-0.0851,-0.1482,0.0218,-0.0512,0.0000,-1.60,2.46,58.88,60.43,279,279,1.00000,1.00000,1.00000,1.00000,3,3,1,9.61530,0.00405,1.07712,-0.0259,0.0851,0.4482,0.0218,-0.0512,0.0000,1.60,-4.25,179.42,1,1,0.0000,0.0000,0.3000,0.00,0.8300,0.4200,1.0000,6.50,180.00,1.050000,0.000000,0.000000,1.500000,0.000000,0.000000,1.200000,0.000000,0.000000,1.050000,0.000000,0.000000,1.350000,0.060000,0.000000,0.008000,0.000000,0.000600,0.008000,0.000000,0.000600,0.006000,0.000000,0.000000,1,1,1,279,238,379669,379669,210145,169523,0,61.00,14015,3324,271,0,0,0,14040,499.75,499.75,6,1373,0.0000,0.5070,0.5010,0.6880,0.5060
2026-04-27T17:38:26.410,4.659,1,1.50,-0.90,0.00,0.97,1,0.0256,-0.0838,-0.1481,0.0169,-0.0607,0.0000,-1.58,-0.99,58.79,60.85,280,280,1.00000,1.00000,1.00000,1.00000,3,3,1,9.66434,0.00425,1.07693,-0.0256,0.0838,0.4481,0.0169,-0.0607,0.0000,1.58,-4.41,179.44,1,1,0.0000,0.0000,0.3000,0.00,0.8300,0.4200,1.0000,6.50,180.00,1.050000,0.000000,0.000000,1.500000,0.000000,0.000000,1.200000,0.000000,0.000000,1.050000,0.000000,0.000000,1.350000,0.060000,0.000000,0.008000,0.000000,0.000600,0.008000,0.000000,0.000600,0.006000,0.000000,0.000000,1,1,1,280,239,379669,379669,210145,169523,0,61.00,14015,3324,271,0,0,0,14040,499.75,499.75,6,1373,0.0000,0.5070,0.5010,0.6880,0.5060
2026-04-27T17:38:26.429,4.678,1,1.50,-0.90,0.00,0.97,1,0.0252,-0.0829,-0.1478,0.0206,-0.0567,-0.0149,-1.55,-1.78,75.04,60.53,281,281,1.00000,1.00000,1.00000,1.00000,3,3,1,9.70013,0.00398,1.07650,-0.0252,0.0829,0.4478,0.0206,-0.0567,-0.0149,1.55,-4.52,179.46,1,1,0.0000,0.0000,0.3000,0.00,0.8300,0.4200,1.0000,6.50,180.00,1.050000,0.000000,0.000000,1.500000,0.000000,0.000000,1.200000,0.000000,0.000000,1.050000,0.000000,0.000000,1.350000,0.060000,0.000000,0.008000,0.000000,0.000600,0.008000,0.000000,0.000600,0.006000,0.000000,0.000000,1,1,1,281,244,379669,379669,210145,169523,0,61.00,14015,3324,271,0,0,0,14040,499.75,499.75,6,1373,0.0000,0.5070,0.5010,0.6880,0.5060
2026-04-27T17:38:26.445,4.695,1,1.70,-0.70,1.97,0.00,1,0.0249,-0.0817,-0.1481,0.0205,-0.0704,0.0000,-1.66,6.10,51.78,58.20,282,282,1.00000,1.00000,1.00000,1.00000,3,3,1,9.77492,0.00413,1.08498,-0.0249,0.0817,0.4481,0.0205,-0.0704,0.0000,1.66,-4.41,179.29,1,1,0.0000,0.0000,0.3000,0.00,0.8300,0.4200,1.0000,6.50,180.00,1.050000,0.000000,0.000000,1.500000,0.000000,0.000000,1.200000,0.000000,0.000000,1.050000,0.000000,0.000000,1.350000,0.060000,0.000000,0.008000,0.000000,0.000600,0.008000,0.000000,0.000600,0.006000,0.000000,0.000000,1,1,1,282,238,379669,379669,210145,169523,0,61.00,14015,3324,271,0,0,0,14040,499.75,499.75,6,1373,0.0000,0.5070,0.5010,0.6880,0.5060
2026-04-27T17:38:26.462,4.711,1,1.70,-0.70,1.97,0.00,1,0.0245,-0.0806,-0.1480,0.0243,-0.0658,0.0000,-1.63,-1.84,61.71,60.07,283,283,1.00000,1.00000,1.00000,1.00000,3,3,1,9.73992,0.00401,1.08081,-0.0245,0.0806,0.4480,0.0243,-0.0658,0.0000,1.63,-4.29,179.26,1,1,0.0000,0.0000,0.3000,0.00,0.8300,0.4200,1.0000,6.50,180.00,1.050000,0.000000,0.000000,1.500000,0.000000,0.000000,1.200000,0.000000,0.000000,1.050000,0.000000,0.000000,1.350000,0.060000,0.000000,0.008000,0.000000,0.000600,0.008000,0.000000,0.000600,0.006000,0.000000,0.000000,1,1,1,283,239,379669,379669,210145,169523,0,61.00,14015,3324,271,0,0,0,14040,499.75,499.75,6,1373,0.0000,0.5070,0.5010,0.6880,0.5060
2026-04-27T17:38:26.478,4.728,1,1.70,-0.70,1.97,0.00,1,0.0242,-0.0793,-0.1477,0.0179,-0.0744,-0.0123,-1.52,-6.68,56.59,60.11,284,284,1.00000,1.00000,1.00000,1.00000,3,3,1,9.86651,0.00408,1.07779,-0.0242,0.0793,0.4477,0.0179,-0.0744,-0.0123,1.52,-4.57,179.33,1,1,0.0000,0.0000,0.3000,0.00,0.8300,0.4200,1.0000,6.50,180.00,1.050000,0.000000,0.000000,1.500000,0.000000,0.000000,1.200000,0.000000,0.000000,1.050000,0.000000,0.000000,1.350000,0.060000,0.000000,0.008000,0.000000,0.000600,0.008000,0.000000,0.000600,0.006000,0.000000,0.000000,1,1,1,284,244,379669,379669,210145,169523,0,61.00,14015,3324,271,0,0,0,14040,499.75,499.75,6,1373,0.0000,0.5070,0.5010,0.6880,0.5060
2026-04-27T17:38:26.493,4.742,1,1.70,-0.70,1.97,0.00,1,0.0238,-0.0777,-0.1475,0.0246,-0.0879,0.0000,-1.44,-5.11,62.39,61.71,285,285,1.00000,1.00000,1.00000,1.00000,3,3,1,9.76475,0.00408,1.07758,-0.0238,0.0777,0.4475,0.0246,-0.0879,0.0000,1.44,-4.63,179.51,1,1,0.0000,0.0000,0.3000,0.00,0.8300,0.4200,1.0000,6.50,180.00,1.050000,0.000000,0.000000,1.500000,0.000000,0.000000,1.200000,0.000000,0.000000,1.050000,0.000000,0.000000,1.350000,0.060000,0.000000,0.008000,0.000000,0.000600,0.008000,0.000000,0.000600,0.006000,0.000000,0.000000,1,1,1,285,239,379669,379669,210145,169523,0,61.00,14015,3324,271,0,0,0,14040,499.75,499.75,6,1373,0.0000,0.5070,0.5010,0.6880,0.5060
2026-04-27T17:38:26.510,4.759,1,1.70,-0.70,1.97,0.00,1,0.0232,-0.0760,-0.1475,0.0285,-0.0948,0.0000,-1.50,3.60,71.04,59.71,286,286,1.00000,1.00000,1.00000,1.00000,3,3,1,9.89908,0.00415,1.07669,-0.0232,0.0760,0.4475,0.0285,-0.0948,0.0000,1.50,-4.72,179.45,1,1,0.0000,0.0000,0.3000,0.00,0.8300,0.4200,1.0000,6.50,180.00,1.050000,0.000000,0.000000,1.500000,0.000000,0.000000,1.200000,0.000000,0.000000,1.050000,0.000000,0.000000,1.350000,0.060000,0.000000,0.008000,0.000000,0.000600,0.008000,0.000000,0.000600,0.006000,0.000000,0.000000,1,1,1,286,238,379669,379669,210145,169523,0,61.00,14015,3324,271,0,0,0,14040,499.75,499.75,6,1373,0.0000,0.5070,0.5010,0.6880,0.5060
2026-04-27T17:38:26.528,4.777,1,1.70,-0.70,1.97,0.00,1,0.0227,-0.0749,-0.1471,0.0298,-0.0787,-0.0179,-1.38,-6.96,60.05,61.40,287,287,1.00000,1.00000,1.00000,1.00000,3,3,1,9.90714,0.00425,1.07435,-0.0227,0.0749,0.4471,0.0298,-0.0787,-0.0179,1.38,-4.71,179.39,1,1,0.0000,0.0000,0.3000,0.00,0.8300,0.4200,1.0000,6.50,180.00,1.050000,0.000000,0.000000,1.500000,0.000000,0.000000,1.200000,0.000000,0.000000,1.050000,0.000000,0.000000,1.350000,0.060000,0.000000,0.008000,0.000000,0.000600,0.008000,0.000000,0.000600,0.006000,0.000000,0.000000,1,1,1,287,243,379669,379669,210145,169523,0,61.00,14015,3324,271,0,0,0,14040,499.75,499.75,6,1373,0.0000,0.5070,0.5010,0.6880,0.5060
2026-04-27T17:38:26.543,4.793,1,1.70,-0.70,1.97,0.00,1,0.0221,-0.0729,-0.1470,0.0330,-0.1030,0.0000,-1.47,5.48,51.94,58.94,288,288,1.00000,1.00000,1.00000,1.00000,3,3,1,9.92468,0.00409,1.07181,-0.0221,0.0729,0.4470,0.0330,-0.1030,0.0000,1.47,-4.60,179.53,1,1,0.0000,0.0000,0.3000,0.00,0.8300,0.4200,1.0000,6.50,180.00,1.050000,0.000000,0.000000,1.500000,0.000000,0.000000,1.200000,0.000000,0.000000,1.050000,0.000000,0.000000,1.350000,0.060000,0.000000,0.008000,0.000000,0.000600,0.008000,0.000000,0.000600,0.006000,0.000000,0.000000,1,1,1,288,238,379669,379669,210145,169523,0,61.00,14015,3324,271,0,0,0,14040,499.75,499.75,6,1373,0.0000,0.5070,0.5010,0.6880,0.5060
2026-04-27T17:38:26.562,4.811,1,1.70,-0.70,1.97,0.00,1,0.0217,-0.0710,-0.1470,0.0286,-0.1067,0.0000,-1.54,4.04,69.31,58.22,289,289,1.00000,1.00000,1.00000,1.00000,3,3,1,9.99615,0.00410,1.07350,-0.0217,0.0710,0.4470,0.0286,-0.1067,0.0000,1.54,-4.72,179.57,1,1,0.0000,0.0000,0.3000,0.00,0.8300,0.4200,1.0000,6.50,180.00,1.050000,0.000000,0.000000,1.500000,0.000000,0.000000,1.200000,0.000000,0.000000,1.050000,0.000000,0.000000,1.350000,0.060000,0.000000,0.008000,0.000000,0.000600,0.008000,0.000000,0.000600,0.006000,0.000000,0.000000,1,1,1,289,239,379669,379669,210145,169523,0,61.00,14015,3324,271,0,0,0,14040,499.75,499.75,6,1373,0.0000,0.5070,0.5010,0.6880,0.5060
2026-04-27T17:38:26.578,4.828,1,1.70,-0.70,1.97,0.00,1,0.0213,-0.0693,-0.1471,0.0273,-0.1037,0.0000,-1.52,-1.20,51.76,63.65,290,290,1.00000,1.00000,1.00000,1.00000,3,3,1,10.07727,0.00415,1.07830,-0.0213,0.0693,0.4471,0.0273,-0.1037,0.0000,1.52,-4.69,179.47,1,1,0.0000,0.0000,0.3000,0.00,0.8300,0.4200,1.0000,6.50,180.00,1.050000,0.000000,0.000000,1.500000,0.000000,0.000000,1.200000,0.000000,0.000000,1.050000,0.000000,0.000000,1.350000,0.060000,0.000000,0.008000,0.000000,0.000600,0.008000,0.000000,0.000600,0.006000,0.000000,0.000000,1,1,1,290,239,379669,379669,210145,169523,0,61.00,14015,3324,271,0,0,0,14040,499.75,499.75,6,1373,0.0000,0.5070,0.5010,0.6880,0.5060
2026-04-27T17:38:26.596,4.845,1,1.70,-0.70,1.97,0.00,1,0.0205,-0.0672,-0.1472,0.0401,-0.1162,0.0000,-1.65,7.16,61.51,57.71,291,291,1.00000,1.00000,1.00000,1.00000,3,3,1,10.18198,0.00397,1.07728,-0.0205,0.0672,0.4472,0.0401,-0.1162,0.0000,1.65,-4.38,179.47,1,1,0.0000,0.0000,0.3000,0.00,0.8300,0.4200,1.0000,6.50,180.00,1.050000,0.000000,0.000000,1.500000,0.000000,0.000000,1.200000,0.000000,0.000000,1.050000,0.000000,0.000000,1.350000,0.060000,0.000000,0.008000,0.000000,0.000600,0.008000,0.000000,0.000600,0.006000,0.000000,0.000000,1,1,1,291,238,379669,379669,210145,169523,0,61.00,14015,3324,271,0,0,0,14040,499.75,499.75,6,1373,0.0000,0.5070,0.5010,0.6880,0.5060
2026-04-27T17:38:26.612,4.861,1,1.70,-0.70,1.97,0.00,1,0.0200,-0.0655,-0.1469,0.0324,-0.1095,-0.0108,-1.56,-5.94,60.36,62.42,292,292,1.00000,1.00000,1.00000,1.00000,3,3,1,10.15991,0.00400,1.07078,-0.0200,0.0655,0.4469,0.0324,-0.1095,-0.0108,1.56,-4.57,179.51,1,1,0.0000,0.0000,0.3000,0.00,0.8300,0.4200,1.0000,6.50,180.00,1.050000,0.000000,0.000000,1.500000,0.000000,0.000000,1.200000,0.000000,0.000000,1.050000,0.000000,0.000000,1.350000,0.060000,0.000000,0.008000,0.000000,0.000600,0.008000,0.000000,0.000600,0.006000,0.000000,0.000000,1,1,1,292,242,379669,379669,210145,169523,0,61.00,14015,3324,271,0,0,0,14040,499.75,499.75,6,1373,0.0000,0.5070,0.5010,0.6880,0.5060
2026-04-27T17:38:26.627,4.876,1,1.70,-0.70,1.97,0.00,1,0.0193,-0.0633,-0.1470,0.0370,-0.1235,0.0000,-1.49,-4.35,58.29,57.18,293,293,1.00000,1.00000,1.00000,1.00000,3,3,1,10.24400,0.00397,1.07423,-0.0193,0.0633,0.4470,0.0370,-0.1235,0.0000,1.49,-4.58,179.43,1,1,0.0000,0.0000,0.3000,0.00,0.8300,0.4200,1.0000,6.50,180.00,1.050000,0.000000,0.000000,1.500000,0.000000,0.000000,1.200000,0.000000,0.000000,1.050000,0.000000,0.000000,1.350000,0.060000,0.000000,0.008000,0.000000,0.000600,0.008000,0.000000,0.000600,0.006000,0.000000,0.000000,1,1,1,293,239,379669,379669,210145,169523,0,61.00,14015,3324,271,0,0,0,14040,499.75,499.75,6,1373,0.0000,0.5070,0.5010,0.6880,0.5060
2026-04-27T17:38:26.645,4.894,1,1.70,-0.70,1.97,0.00,1,0.0188,-0.0613,-0.1470,0.0360,-0.1238,0.0000,-1.48,-0.56,70.93,59.67,294,294,1.00000,1.00000,1.00000,1.00000,3,3,1,10.29306,0.00395,1.07668,-0.0188,0.0613,0.4470,0.0360,-0.1238,0.0000,1.48,-4.53,179.25,1,1,0.0000,0.0000,0.3000,0.00,0.8300,0.4200,1.0000,6.50,180.00,1.050000,0.000000,0.000000,1.500000,0.000000,0.000000,1.200000,0.000000,0.000000,1.050000,0.000000,0.000000,1.350000,0.060000,0.000000,0.008000,0.000000,0.000600,0.008000,0.000000,0.000600,0.006000,0.000000,0.000000,1,1,1,294,239,379669,379669,210145,169523,0,61.00,14015,3324,271,0,0,0,14040,499.75,499.75,6,1373,0.0000,0.5070,0.5010,0.6880,0.5060
2026-04-27T17:38:26.660,4.909,1,1.70,-0.70,1.97,0.00,1,0.0181,-0.0590,-0.1470,0.0376,-0.1304,0.0000,-1.48,0.00,51.81,62.49,295,295,1.00000,1.00000,1.00000,1.00000,3,3,1,10.37443,0.00405,1.07803,-0.0181,0.0590,0.4470,0.0376,-0.1304,0.0000,1.48,-4.58,179.32,1,1,0.0000,0.0000,0.3000,0.00,0.8300,0.4200,1.0000,6.50,180.00,1.050000,0.000000,0.000000,1.500000,0.000000,0.000000,1.200000,0.000000,0.000000,1.050000,0.000000,0.000000,1.350000,0.060000,0.000000,0.008000,0.000000,0.000600,0.008000,0.000000,0.000600,0.006000,0.000000,0.000000,1,1,1,295,238,379669,379669,210145,169523,0,61.00,14015,3324,271,0,0,0,14040,499.75,499.75,6,1373,0.0000,0.5070,0.5010,0.6880,0.5060
2026-04-27T17:38:26.675,4.925,1,1.70,-0.70,1.97,0.00,1,0.0175,-0.0568,-0.1470,0.0371,-0.1355,0.0000,-1.52,2.54,73.46,60.00,296,296,1.00000,1.00000,1.00000,1.00000,3,3,1,10.37481,0.00413,1.07630,-0.0175,0.0568,0.4470,0.0371,-0.1355,0.0000,1.52,-4.85,179.30,1,1,0.0000,0.0000,0.3000,0.00,0.8300,0.4200,1.0000,6.50,180.00,1.050000,0.000000,0.000000,1.500000,0.000000,0.000000,1.200000,0.000000,0.000000,1.050000,0.000000,0.000000,1.350000,0.060000,0.000000,0.008000,0.000000,0.000600,0.008000,0.000000,0.000600,0.006000,0.000000,0.000000,1,1,1,296,238,379669,379669,210145,169523,0,61.00,14015,3324,271,0,0,0,14040,499.75,499.75,6,1373,0.0000,0.5070,0.5010,0.6880,0.5060
2026-04-27T17:38:26.696,4.945,1,1.70,-0.70,1.97,0.00,1,0.0169,-0.0547,-0.1469,0.0362,-0.1285,0.0000,-1.50,-1.06,63.49,57.67,297,297,1.00000,1.00000,1.00000,1.00000,3,3,1,10.52081,0.00434,1.08220,-0.0169,0.0547,0.4469,0.0362,-0.1285,0.0000,1.50,-4.90,179.03,1,1,0.0000,0.0000,0.3000,0.00,0.8300,0.4200,1.0000,6.50,180.00,1.050000,0.000000,0.000000,1.500000,0.000000,0.000000,1.200000,0.000000,0.000000,1.050000,0.000000,0.000000,1.350000,0.060000,0.000000,0.008000,0.000000,0.000600,0.008000,0.000000,0.000600,0.006000,0.000000,0.000000,1,1,1,297,237,379669,379669,210145,169523,0,61.00,14015,3324,271,0,0,0,14040,499.75,499.75,6,1373,0.0000,0.5070,0.5010,0.6880,0.5060
2026-04-27T17:38:26.712,4.961,1,1.70,-0.70,1.97,0.00,1,0.0162,-0.0522,-0.1471,0.0431,-0.1427,0.0000,-1.42,-4.86,49.55,60.04,298,298,1.00000,1.00000,1.00000,1.00000,3,3,1,10.59405,0.00410,1.07997,-0.0162,0.0522,0.4471,0.0431,-0.1427,0.0000,1.42,-4.84,179.13,1,1,0.0000,0.0000,0.3000,0.00,0.8300,0.4200,1.0000,6.50,180.00,1.050000,0.000000,0.000000,1.500000,0.000000,0.000000,1.200000,0.000000,0.000000,1.050000,0.000000,0.000000,1.350000,0.060000,0.000000,0.008000,0.000000,0.000600,0.008000,0.000000,0.000600,0.006000,0.000000,0.000000,1,1,1,298,239,379669,379669,210145,169523,0,61.00,14015,3324,271,0,0,0,14040,499.75,499.75,6,1373,0.0000,0.5070,0.5010,0.6880,0.5060
2026-04-27T17:38:26.726,4.976,1,1.70,-0.70,1.97,0.00,1,0.0153,-0.0496,-0.1472,0.0490,-0.1509,0.0000,-1.46,2.57,58.15,60.43,299,299,1.00000,1.00000,1.00000,1.00000,3,3,1,10.57053,0.00412,1.07582,-0.0153,0.0496,0.4472,0.0490,-0.1509,0.0000,1.46,-4.70,179.20,1,1,0.0000,0.0000,0.3000,0.00,0.8300,0.4200,1.0000,6.50,180.00,1.050000,0.000000,0.000000,1.500000,0.000000,0.000000,1.200000,0.000000,0.000000,1.050000,0.000000,0.000000,1.350000,0.060000,0.000000,0.008000,0.000000,0.000600,0.008000,0.000000,0.000600,0.006000,0.000000,0.000000,1,1,1,299,236,379669,379669,210145,169523,0,61.00,14015,3324,271,0,0,0,14040,499.75,499.75,6,1373,0.0000,0.5070,0.5010,0.6880,0.5060
2026-04-27T17:38:26.743,4.992,1,1.70,-0.70,1.97,0.00,1,0.0143,-0.0471,-0.1473,0.0521,-0.1498,0.0000,-1.52,3.60,60.66,68.24,300,300,1.00000,1.00000,1.00000,1.00000,3,3,1,10.72656,0.00403,1.07432,-0.0143,0.0471,0.4473,0.0521,-0.1498,0.0000,1.52,-4.53,179.10,1,1,0.0000,0.0000,0.3000,0.00,0.8300,0.4200,1.0000,6.50,180.00,1.050000,0.000000,0.000000,1.500000,0.000000,0.000000,1.200000,0.000000,0.000000,1.050000,0.000000,0.000000,1.350000,0.060000,0.000000,0.008000,0.000000,0.000600,0.008000,0.000000,0.000600,0.006000,0.000000,0.000000,1,1,1,300,237,379669,379669,210145,169523,0,61.00,14015,3324,271,0,0,0,14040,499.75,499.75,6,1373,0.0000,0.5070,0.5010,0.6880,0.5060
2026-04-27T17:38:26.760,5.010,1,1.70,-0.70,1.97,0.00,1,0.0138,-0.0445,-0.1473,0.0389,-0.1531,0.0000,-1.43,-5.23,73.14,55.20,301,301,1.00000,1.00000,1.00000,1.00000,3,3,1,10.74252,0.00421,1.07876,-0.0138,0.0445,0.4473,0.0389,-0.1531,0.0000,1.43,-4.76,179.03,1,1,0.0000,0.0000,0.3000,0.00,0.8300,0.4200,1.0000,6.50,180.00,1.050000,0.000000,0.000000,1.500000,0.000000,0.000000,1.200000,0.000000,0.000000,1.050000,0.000000,0.000000,1.350000,0.060000,0.000000,0.008000,0.000000,0.000600,0.008000,0.000000,0.000600,0.006000,0.000000,0.000000,1,1,1,301,239,379669,379669,210145,169523,0,61.00,14015,3324,271,0,0,0,14040,499.75,499.75,6,1373,0.0000,0.5070,0.5010,0.6880,0.5060
2026-04-27T17:38:26.776,5.025,1,1.70,-0.70,1.97,0.00,1,0.0133,-0.0422,-0.1473,0.0375,-0.1526,0.0000,-1.35,-5.16,50.09,59.18,302,302,1.00000,1.00000,1.00000,1.00000,3,3,1,10.74925,0.00423,1.07540,-0.0133,0.0422,0.4473,0.0375,-0.1526,0.0000,1.35,-5.15,178.95,1,1,0.0000,0.0000,0.3000,0.00,0.8300,0.4200,1.0000,6.50,180.00,1.050000,0.000000,0.000000,1.500000,0.000000,0.000000,1.200000,0.000000,0.000000,1.050000,0.000000,0.000000,1.350000,0.060000,0.000000,0.008000,0.000000,0.000600,0.008000,0.000000,0.000600,0.006000,0.000000,0.000000,1,1,1,302,239,379669,379669,210145,169523,0,61.00,14015,3324,301,0,0,0,14070,500.00,500.00,6,1050,0.0000,0.4910,0.4980,0.6870,0.5040
2026-04-27T17:38:26.795,5.044,1,1.70,-0.70,1.97,0.00,1,0.0126,-0.0395,-0.1474,0.0402,-0.1539,0.0000,-1.39,2.09,78.43,58.40,303,303,1.00000,1.00000,1.00000,1.00000,3,3,1,10.86599,0.00428,1.07919,-0.0126,0.0395,0.4474,0.0402,-0.1539,0.0000,1.39,-5.35,178.88,1,1,0.0000,0.0000,0.3000,0.00,0.8300,0.4200,1.0000,6.50,180.00,1.050000,0.000000,0.000000,1.500000,0.000000,0.000000,1.200000,0.000000,0.000000,1.050000,0.000000,0.000000,1.350000,0.060000,0.000000,0.008000,0.000000,0.000600,0.008000,0.000000,0.000600,0.006000,0.000000,0.000000,1,1,1,303,237,379669,379669,210145,169523,0,61.00,14015,3324,301,0,0,0,14070,500.00,500.00,6,1050,0.0000,0.4910,0.4980,0.6870,0.5040
2026-04-27T17:38:26.812,5.061,1,1.70,-0.70,1.97,0.00,1,0.0115,-0.0369,-0.1474,0.0565,-0.1559,0.0000,-1.40,0.62,52.19,60.02,304,304,1.00000,1.00000,1.00000,1.00000,3,3,1,10.93628,0.00413,1.07534,-0.0115,0.0369,0.4474,0.0565,-0.1559,0.0000,1.40,-5.14,178.95,1,1,0.0000,0.0000,0.3000,0.00,0.8300,0.4200,1.0000,6.50,180.00,1.050000,0.000000,0.000000,1.500000,0.000000,0.000000,1.200000,0.000000,0.000000,1.050000,0.000000,0.000000,1.350000,0.060000,0.000000,0.008000,0.000000,0.000600,0.008000,0.000000,0.000600,0.006000,0.000000,0.000000,1,1,1,304,238,379669,379669,210145,169523,0,61.00,14015,3324,301,0,0,0,14070,500.00,500.00,6,1050,0.0000,0.4910,0.4980,0.6870,0.5040
2026-04-27T17:38:26.829,5.078,1,1.70,-0.70,1.97,0.00,1,0.0107,-0.0340,-0.1479,0.0494,-0.1703,0.0188,-1.42,1.22,58.30,60.08,305,305,1.00000,1.00000,1.00000,1.00000,3,3,1,11.03114,0.00421,1.07825,-0.0107,0.0340,0.4479,0.0494,-0.1703,0.0188,1.42,-4.99,178.90,1,1,0.0000,0.0000,0.3000,0.00,0.8300,0.4200,1.0000,6.50,180.00,1.050000,0.000000,0.000000,1.500000,0.000000,0.000000,1.200000,0.000000,0.000000,1.050000,0.000000,0.000000,1.350000,0.060000,0.000000,0.008000,0.000000,0.000600,0.008000,0.000000,0.000600,0.006000,0.000000,0.000000,1,1,1,305,241,379669,379669,210145,169523,0,61.00,14015,3324,301,0,0,0,14070,500.00,500.00,6,1050,0.0000,0.4910,0.4980,0.6870,0.5040
2026-04-27T17:38:26.844,5.093,1,1.70,-0.80,-1.01,-1.97,1,0.0100,-0.0313,-0.1477,0.0433,-0.1598,0.0000,-1.41,-0.62,56.38,63.62,306,306,1.00000,1.00000,1.00000,1.00000,3,3,1,11.12644,0.00434,1.07843,-0.0100,0.0313,0.4477,0.0433,-0.1598,0.0000,1.41,-5.20,178.80,1,1,0.0000,0.0000,0.3000,0.00,0.8300,0.4200,1.0000,6.50,180.00,1.050000,0.000000,0.000000,1.500000,0.000000,0.000000,1.200000,0.000000,0.000000,1.050000,0.000000,0.000000,1.350000,0.060000,0.000000,0.008000,0.000000,0.000600,0.008000,0.000000,0.000600,0.006000,0.000000,0.000000,1,1,1,306,235,379669,379669,210145,169523,0,61.00,14015,3324,301,0,0,0,14070,500.00,500.00,6,1050,0.0000,0.4910,0.4980,0.6870,0.5040
2026-04-27T17:38:26.860,5.109,1,1.70,-0.80,-1.01,-1.97,1,0.0089,-0.0283,-0.1481,0.0638,-0.1799,0.0145,-1.42,0.62,72.29,70.19,307,307,1.00000,1.00000,1.00000,1.00000,3,3,1,11.20403,0.00391,1.07271,-0.0089,0.0283,0.4481,0.0638,-0.1799,0.0145,1.42,-4.87,178.78,1,1,0.0000,0.0000,0.3000,0.00,0.8300,0.4200,1.0000,6.50,180.00,1.050000,0.000000,0.000000,1.500000,0.000000,0.000000,1.200000,0.000000,0.000000,1.050000,0.000000,0.000000,1.350000,0.060000,0.000000,0.008000,0.000000,0.000600,0.008000,0.000000,0.000600,0.006000,0.000000,0.000000,1,1,1,307,242,379729,379729,210205,169523,0,60.00,14075,3223,301,0,0,0,14070,500.00,500.00,6,1050,0.0000,0.4910,0.4980,0.6870,0.5040
2026-04-27T17:38:26.877,5.126,1,1.70,-0.80,-1.01,-1.97,1,0.0080,-0.0254,-0.1481,0.0608,-0.2101,0.0000,-1.37,-2.90,62.49,52.60,308,308,1.00000,1.00000,1.00000,1.00000,3,3,1,11.25063,0.00423,1.06932,-0.0080,0.0254,0.4481,0.0608,-0.2101,0.0000,1.37,-4.97,178.81,1,1,0.0000,0.0000,0.3000,0.00,0.8300,0.4200,1.0000,6.50,180.00,1.050000,0.000000,0.000000,1.500000,0.000000,0.000000,1.200000,0.000000,0.000000,1.050000,0.000000,0.000000,1.350000,0.060000,0.000000,0.008000,0.000000,0.000600,0.008000,0.000000,0.000600,0.006000,0.000000,0.000000,1,1,1,308,238,379729,379729,210205,169523,0,60.00,14075,3223,301,0,0,0,14070,500.00,500.00,6,1050,0.0000,0.4910,0.4980,0.6870,0.5040
2026-04-27T17:38:26.893,5.142,1,1.70,-1.00,0.00,-1.95,1,0.0071,-0.0222,-0.1481,0.0515,-0.1728,0.0000,-1.38,0.62,51.99,62.62,309,309,1.00000,1.00000,1.00000,1.00000,3,3,1,11.39916,0.00409,1.07151,-0.0071,0.0222,0.4481,0.0515,-0.1728,0.0000,1.38,-5.03,178.77,1,1,0.0000,0.0000,0.3000,0.00,0.8300,0.4200,1.0000,6.50,180.00,1.050000,0.000000,0.000000,1.500000,0.000000,0.000000,1.200000,0.000000,0.000000,1.050000,0.000000,0.000000,1.350000,0.060000,0.000000,0.008000,0.000000,0.000600,0.008000,0.000000,0.000600,0.006000,0.000000,0.000000,1,1,1,309,239,379729,379729,210205,169523,0,60.00,14075,3223,301,0,0,0,14070,500.00,500.00,6,1050,0.0000,0.4910,0.4980,0.6870,0.5040
2026-04-27T17:38:26.909,5.158,1,1.70,-1.00,0.00,-1.95,1,0.0063,-0.0195,-0.1484,0.0533,-0.1804,0.0156,-1.42,2.47,70.94,55.54,310,310,1.00000,1.00000,1.00000,1.00000,3,3,1,11.43943,0.00406,1.07734,-0.0063,0.0195,0.4484,0.0533,-0.1804,0.0156,1.42,-4.85,178.73,1,1,0.0000,0.0000,0.3000,0.00,0.8300,0.4200,1.0000,6.50,180.00,1.050000,0.000000,0.000000,1.500000,0.000000,0.000000,1.200000,0.000000,0.000000,1.050000,0.000000,0.000000,1.350000,0.060000,0.000000,0.008000,0.000000,0.000600,0.008000,0.000000,0.000600,0.006000,0.000000,0.000000,1,1,1,310,242,379729,379729,210205,169523,0,60.00,14075,3223,301,0,0,0,14070,500.00,500.00,6,1050,0.0000,0.4910,0.4980,0.6870,0.5040
2026-04-27T17:38:26.925,5.174,1,1.70,-1.00,0.00,-1.95,1,0.0056,-0.0167,-0.1482,0.0493,-0.1799,0.0000,-1.45,1.88,61.80,61.85,311,311,1.00000,1.00000,1.00000,1.00000,3,3,1,11.50098,0.00404,1.07370,-0.0056,0.0167,0.4482,0.0493,-0.1799,0.0000,1.45,-5.04,178.74,1,1,0.0000,0.0000,0.3000,0.00,0.8300,0.4200,1.0000,6.50,180.00,1.050000,0.000000,0.000000,1.500000,0.000000,0.000000,1.200000,0.000000,0.000000,1.050000,0.000000,0.000000,1.350000,0.060000,0.000000,0.008000,0.000000,0.000600,0.008000,0.000000,0.000600,0.006000,0.000000,0.000000,1,1,1,311,238,379729,379729,210205,169523,0,60.00,14075,3223,301,0,0,0,14070,500.00,500.00,6,1050,0.0000,0.4910,0.4980,0.6870,0.5040
2026-04-27T17:38:26.944,5.193,1,1.70,-1.00,0.00,-1.95,1,0.0045,-0.0137,-0.1481,0.0534,-0.1677,0.0000,-1.37,-4.22,62.51,60.27,312,312,1.00000,1.00000,1.00000,1.00000,3,3,1,11.59780,0.00418,1.07198,-0.0045,0.0137,0.4481,0.0534,-0.1677,0.0000,1.37,-4.97,178.68,1,1,0.0000,0.0000,0.3000,0.00,0.8300,0.4200,1.0000,6.50,180.00,1.050000,0.000000,0.000000,1.500000,0.000000,0.000000,1.200000,0.000000,0.000000,1.050000,0.000000,0.000000,1.350000,0.060000,0.000000,0.008000,0.000000,0.000600,0.008000,0.000000,0.000600,0.006000,0.000000,0.000000,1,1,1,312,239,379729,379729,210205,169523,0,60.00,14075,3223,301,0,0,0,14070,500.00,500.00,6,1050,0.0000,0.4910,0.4980,0.6870,0.5040
2026-04-27T17:38:26.962,5.212,1,1.70,-1.00,0.00,-1.95,1,0.0035,-0.0105,-0.1482,0.0617,-0.1907,0.0000,-1.28,-5.25,46.10,60.13,313,313,1.00000,1.00000,1.00000,1.00000,3,3,1,11.72728,0.00405,1.07378,-0.0035,0.0105,0.4482,0.0617,-0.1907,0.0000,1.28,-4.88,178.65,1,1,0.0000,0.0000,0.3000,0.00,0.8300,0.4200,1.0000,6.50,180.00,1.050000,0.000000,0.000000,1.500000,0.000000,0.000000,1.200000,0.000000,0.000000,1.050000,0.000000,0.000000,1.350000,0.060000,0.000000,0.008000,0.000000,0.000600,0.008000,0.000000,0.000600,0.006000,0.000000,0.000000,1,1,1,313,239,379729,379729,210205,169523,0,60.00,14075,3223,301,0,0,0,14070,500.00,500.00,6,1050,0.0000,0.4910,0.4980,0.6870,0.5040
2026-04-27T17:38:26.978,5.228,1,1.70,-1.00,0.00,-1.95,1,0.0026,-0.0073,-0.1483,0.0566,-0.1931,0.0000,-1.34,3.72,61.27,56.64,314,314,1.00000,1.00000,1.00000,1.00000,3,3,1,11.72659,0.00416,1.06847,-0.0026,0.0073,0.4483,0.0566,-0.1931,0.0000,1.34,-4.90,178.65,1,1,0.0000,0.0000,0.3000,0.00,0.8300,0.4200,1.0000,6.50,180.00,1.050000,0.000000,0.000000,1.500000,0.000000,0.000000,1.200000,0.000000,0.000000,1.050000,0.000000,0.000000,1.350000,0.060000,0.000000,0.008000,0.000000,0.000600,0.008000,0.000000,0.000600,0.006000,0.000000,0.000000,1,1,1,314,238,379729,379729,210205,169523,0,60.00,14075,3223,301,0,0,0,14070,500.00,500.00,6,1050,0.0000,0.4910,0.4980,0.6870,0.5040
2026-04-27T17:38:26.993,5.242,1,1.70,-1.00,0.00,-1.95,1,0.0016,-0.0045,-0.1482,0.0593,-0.1791,0.0000,-1.37,1.93,61.41,59.99,315,315,1.00000,1.00000,1.00000,1.00000,3,3,1,11.86327,0.00420,1.07386,-0.0016,0.0045,0.4482,0.0593,-0.1791,0.0000,1.37,-4.75,178.52,1,1,0.0000,0.0000,0.3000,0.00,0.8300,0.4200,1.0000,6.50,180.00,1.050000,0.000000,0.000000,1.500000,0.000000,0.000000,1.200000,0.000000,0.000000,1.050000,0.000000,0.000000,1.350000,0.060000,0.000000,0.008000,0.000000,0.000600,0.008000,0.000000,0.000600,0.006000,0.000000,0.000000,1,1,1,315,239,379729,379729,210205,169523,0,60.00,14075,3223,301,0,0,0,14070,500.00,500.00,6,1050,0.0000,0.4910,0.4980,0.6870,0.5040
2026-04-27T17:38:27.008,5.257,1,1.70,-1.00,0.00,-1.95,1,0.0009,-0.0017,-0.1481,0.0513,-0.1897,0.0000,-1.31,-3.96,74.31,78.12,316,316,1.00000,1.00000,1.00000,1.00000,3,3,1,11.95670,0.00429,1.07731,-0.0009,0.0017,0.4481,0.0513,-0.1897,0.0000,1.31,-4.93,178.33,1,1,0.0000,0.0000,0.3000,0.00,0.8300,0.4200,1.0000,6.50,180.00,1.050000,0.000000,0.000000,1.500000,0.000000,0.000000,1.200000,0.000000,0.000000,1.050000,0.000000,0.000000,1.350000,0.060000,0.000000,0.008000,0.000000,0.000600,0.008000,0.000000,0.000600,0.006000,0.000000,0.000000,1,1,1,316,233,379729,379729,210205,169523,0,60.00,14075,3223,301,0,0,0,14070,500.00,500.00,6,1050,0.0000,0.4910,0.4980,0.6870,0.5040
2026-04-27T17:38:27.026,5.276,1,1.70,-1.00,0.00,-1.95,1,0.0002,0.0016,-0.1474,0.0466,-0.1834,-0.0231,-1.27,-2.20,66.04,52.53,317,317,1.00000,1.00000,1.00000,1.00000,3,3,1,12.11985,0.00429,1.07304,-0.0002,-0.0016,0.4474,0.0466,-0.1834,-0.0231,1.27,-5.46,178.41,1,1,0.0000,0.0000,0.3000,0.00,0.8300,0.4200,1.0000,6.50,180.00,1.050000,0.000000,0.000000,1.500000,0.000000,0.000000,1.200000,0.000000,0.000000,1.050000,0.000000,0.000000,1.350000,0.060000,0.000000,0.008000,0.000000,0.000600,0.008000,0.000000,0.000600,0.006000,0.000000,0.000000,1,1,1,317,240,379729,379729,210205,169523,0,60.00,14075,3223,301,0,0,0,14070,500.00,500.00,6,1050,0.0000,0.4910,0.4980,0.6870,0.5040
2026-04-27T17:38:27.043,5.293,1,1.60,-1.29,-0.97,-2.98,1,-0.0011,0.0047,-0.1476,0.0714,-0.2017,0.0000,-1.31,2.32,54.94,55.79,318,318,1.00000,1.00000,1.00000,1.00000,3,3,1,12.14435,0.00395,1.07316,0.0011,-0.0047,0.4476,0.0714,-0.2017,0.0000,1.31,-5.01,178.32,1,1,0.0000,0.0000,0.3000,0.00,0.8300,0.4200,1.0000,6.50,180.00,1.050000,0.000000,0.000000,1.500000,0.000000,0.000000,1.200000,0.000000,0.000000,1.050000,0.000000,0.000000,1.350000,0.060000,0.000000,0.008000,0.000000,0.000600,0.008000,0.000000,0.000600,0.006000,0.000000,0.000000,1,1,1,318,232,379729,379729,210205,169523,0,60.00,14075,3223,301,0,0,0,14070,500.00,500.00,6,1050,0.0000,0.4910,0.4980,0.6870,0.5040
2026-04-27T17:38:27.060,5.309,1,1.60,-1.29,-0.97,-2.98,1,-0.0020,0.0077,-0.1473,0.0529,-0.1744,-0.0111,-1.31,0.00,58.01,61.04,319,319,1.00000,1.00000,1.00000,1.00000,3,3,1,12.30103,0.00422,1.07860,0.0020,-0.0077,0.4473,0.0529,-0.1744,-0.0111,1.31,-5.14,178.13,1,1,0.0000,0.0000,0.3000,0.00,0.8300,0.4200,1.0000,6.50,180.00,1.050000,0.000000,0.000000,1.500000,0.000000,0.000000,1.200000,0.000000,0.000000,1.050000,0.000000,0.000000,1.350000,0.060000,0.000000,0.008000,0.000000,0.000600,0.008000,0.000000,0.000600,0.006000,0.000000,0.000000,1,1,1,319,244,379729,379729,210205,169523,0,60.00,14075,3223,301,0,0,0,14070,500.00,500.00,6,1050,0.0000,0.4910,0.4980,0.6870,0.5040
2026-04-27T17:38:27.078,5.327,1,1.60,-1.29,-0.97,-2.98,1,-0.0028,0.0111,-0.1471,0.0573,-0.2025,-0.0114,-1.34,1.65,50.13,61.75,320,320,1.00000,1.00000,1.00000,1.00000,3,3,1,12.39369,0.00421,1.06681,0.0028,-0.0111,0.4471,0.0573,-0.2025,-0.0114,1.34,-5.27,178.20,1,1,0.0000,0.0000,0.3000,0.00,0.8300,0.4200,1.0000,6.50,180.00,1.050000,0.000000,0.000000,1.500000,0.000000,0.000000,1.200000,0.000000,0.000000,1.050000,0.000000,0.000000,1.350000,0.060000,0.000000,0.008000,0.000000,0.000600,0.008000,0.000000,0.000600,0.006000,0.000000,0.000000,1,1,1,320,243,379729,379729,210205,169523,0,60.00,14075,3223,301,0,0,0,14070,500.00,500.00,6,1050,0.0000,0.4910,0.4980,0.6870,0.5040
2026-04-27T17:38:27.097,5.346,1,1.40,-1.70,-1.97,-3.93,1,-0.0038,0.0143,-0.1467,0.0547,-0.1832,-0.0167,-1.30,-2.27,62.00,56.39,321,321,1.00000,1.00000,1.00000,1.00000,3,3,1,12.40395,0.00402,1.06953,0.0038,-0.0143,0.4467,0.0547,-0.1832,-0.0167,1.30,-5.33,178.19,1,1,0.0000,0.0000,0.3000,0.00,0.8300,0.4200,1.0000,6.50,180.00,1.050000,0.000000,0.000000,1.500000,0.000000,0.000000,1.200000,0.000000,0.000000,1.050000,0.000000,0.000000,1.350000,0.060000,0.000000,0.008000,0.000000,0.000600,0.008000,0.000000,0.000600,0.006000,0.000000,0.000000,1,1,1,321,243,379729,379729,210205,169523,0,60.00,14075,3223,301,0,0,0,14070,500.00,500.00,6,1050,0.0000,0.4910,0.4980,0.6870,0.5040
2026-04-27T17:38:27.108,5.357,1,1.40,-1.70,-1.97,-3.93,1,-0.0047,0.0169,-0.1464,0.0612,-0.1945,-0.0185,-1.27,-2.44,54.65,107.75,322,322,1.00000,1.00000,1.00000,1.00000,3,3,1,12.60505,0.00431,1.07151,0.0047,-0.0169,0.4464,0.0612,-0.1945,-0.0185,1.27,-5.35,178.06,1,1,0.0000,0.0000,0.3000,0.00,0.8300,0.4200,1.0000,6.50,180.00,1.050000,0.000000,0.000000,1.500000,0.000000,0.000000,1.200000,0.000000,0.000000,1.050000,0.000000,0.000000,1.350000,0.060000,0.000000,0.008000,0.000000,0.000600,0.008000,0.000000,0.000600,0.006000,0.000000,0.000000,1,1,1,322,244,379729,379729,210205,169523,0,60.00,14075,3223,301,0,0,0,14070,500.00,500.00,6,1050,0.0000,0.4910,0.4980,0.6870,0.5040
2026-04-27T17:38:27.126,5.376,1,1.40,-1.70,-1.97,-3.93,1,-0.0057,0.0202,-0.1463,0.0567,-0.1885,0.0000,-1.31,2.17,98.12,43.47,323,323,1.00000,1.00000,1.00000,1.00000,3,3,1,12.74447,0.00427,1.07791,0.0057,-0.0202,0.4463,0.0567,-0.1885,0.0000,1.31,-5.21,177.96,1,1,0.0000,0.0000,0.3000,0.00,0.8300,0.4200,1.0000,6.50,180.00,1.050000,0.000000,0.000000,1.500000,0.000000,0.000000,1.200000,0.000000,0.000000,1.050000,0.000000,0.000000,1.350000,0.060000,0.000000,0.008000,0.000000,0.000600,0.008000,0.000000,0.000600,0.006000,0.000000,0.000000,1,1,1,323,238,379729,379729,210205,169523,0,60.00,14075,3223,301,0,0,0,14070,500.00,500.00,6,1050,0.0000,0.4910,0.4980,0.6870,0.5040
2026-04-27T17:38:27.143,5.392,1,1.40,-1.70,-1.97,-3.93,1,-0.0067,0.0234,-0.1460,0.0639,-0.1934,-0.0165,-1.41,6.11,54.22,61.50,324,324,1.00000,1.00000,1.00000,1.00000,3,3,1,12.79734,0.00396,1.07239,0.0067,-0.0234,0.4460,0.0639,-0.1934,-0.0165,1.41,-5.15,177.89,1,1,0.0000,0.0000,0.3000,0.00,0.8300,0.4200,1.0000,6.50,180.00,1.050000,0.000000,0.000000,1.500000,0.000000,0.000000,1.200000,0.000000,0.000000,1.050000,0.000000,0.000000,1.350000,0.060000,0.000000,0.008000,0.000000,0.000600,0.008000,0.000000,0.000600,0.006000,0.000000,0.000000,1,1,1,324,244,379729,379729,210205,169523,0,60.00,14075,3223,301,0,0,0,14070,500.00,500.00,6,1050,0.0000,0.4910,0.4980,0.6870,0.5040
2026-04-27T17:38:27.160,5.409,1,1.40,-1.70,-1.97,-3.93,1,-0.0076,0.0262,-0.1457,0.0551,-0.1771,-0.0198,-1.32,-5.28,61.08,58.43,325,325,1.00000,1.00000,1.00000,1.00000,3,3,1,12.93195,0.00415,1.06972,0.0076,-0.0262,0.4457,0.0551,-0.1771,-0.0198,1.32,-5.22,177.94,1,1,0.0000,0.0000,0.3000,0.00,0.8300,0.4200,1.0000,6.50,180.00,1.050000,0.000000,0.000000,1.500000,0.000000,0.000000,1.200000,0.000000,0.000000,1.050000,0.000000,0.000000,1.350000,0.060000,0.000000,0.008000,0.000000,0.000600,0.008000,0.000000,0.000600,0.006000,0.000000,0.000000,1,1,1,325,243,379729,379729,210205,169523,0,60.00,14075,3223,301,0,0,0,14070,500.00,500.00,6,1050,0.0000,0.4910,0.4980,0.6870,0.5040
2026-04-27T17:38:27.178,5.427,1,1.40,-1.70,-1.97,-3.93,1,-0.0082,0.0295,-0.1455,0.0451,-0.1980,-0.0116,-1.39,3.83,58.65,60.16,326,326,1.00000,1.00000,1.00000,1.00000,3,3,1,13.07960,0.00424,1.07419,0.0082,-0.0295,0.4455,0.0451,-0.1980,-0.0116,1.39,-5.51,177.73,1,1,0.0000,0.0000,0.3000,0.00,0.8300,0.4200,1.0000,6.50,180.00,1.050000,0.000000,0.000000,1.500000,0.000000,0.000000,1.200000,0.000000,0.000000,1.050000,0.000000,0.000000,1.350000,0.060000,0.000000,0.008000,0.000000,0.000600,0.008000,0.000000,0.000600,0.006000,0.000000,0.000000,1,1,1,326,244,379729,379729,210205,169523,0,60.00,14075,3223,301,0,0,0,14070,500.00,500.00,6,1050,0.0000,0.4910,0.4980,0.6870,0.5040
2026-04-27T17:38:27.195,5.444,1,1.40,-1.70,-1.97,-3.93,1,-0.0093,0.0329,-0.1450,0.0588,-0.1942,-0.0235,-1.35,-2.54,54.78,58.32,327,327,1.00000,1.00000,1.00000,1.00000,3,3,1,13.15695,0.00405,1.06743,0.0093,-0.0329,0.4450,0.0588,-0.1942,-0.0235,1.35,-5.56,177.86,1,1,0.0000,0.0000,0.3000,0.00,0.8300,0.4200,1.0000,6.50,180.00,1.050000,0.000000,0.000000,1.500000,0.000000,0.000000,1.200000,0.000000,0.000000,1.050000,0.000000,0.000000,1.350000,0.060000,0.000000,0.008000,0.000000,0.000600,0.008000,0.000000,0.000600,0.006000,0.000000,0.000000,1,1,1,327,244,379729,379729,210205,169523,0,60.00,14075,3223,301,0,0,0,14070,500.00,500.00,6,1050,0.0000,0.4910,0.4980,0.6870,0.5040
2026-04-27T17:38:27.212,5.461,1,1.40,-1.70,-1.97,-3.93,1,-0.0102,0.0355,-0.1449,0.0555,-0.1783,-0.0150,-1.24,-6.60,55.62,61.81,328,328,1.00000,1.00000,1.00000,1.00000,3,3,1,13.23756,0.00397,1.06798,0.0102,-0.0355,0.4449,0.0555,-0.1783,-0.0150,1.24,-5.55,177.80,1,1,0.0000,0.0000,0.3000,0.00,0.8300,0.4200,1.0000,6.50,180.00,1.050000,0.000000,0.000000,1.500000,0.000000,0.000000,1.200000,0.000000,0.000000,1.050000,0.000000,0.000000,1.350000,0.060000,0.000000,0.008000,0.000000,0.000600,0.008000,0.000000,0.000600,0.006000,0.000000,0.000000,1,1,1,328,242,379729,379729,210205,169523,0,60.00,14075,3223,301,0,0,0,14070,500.00,500.00,6,1050,0.0000,0.4910,0.4980,0.6870,0.5040
2026-04-27T17:38:27.226,5.475,1,1.40,-1.70,-1.97,-3.93,1,-0.0113,0.0388,-0.1449,0.0629,-0.1936,0.0000,-1.31,4.49,60.93,84.54,329,329,1.00000,1.00000,1.00000,1.00000,3,3,1,13.37040,0.00421,1.07101,0.0113,-0.0388,0.4449,0.0629,-0.1936,0.0000,1.31,-5.44,177.67,1,1,0.0000,0.0000,0.3000,0.00,0.8300,0.4200,1.0000,6.50,180.00,1.050000,0.000000,0.000000,1.500000,0.000000,0.000000,1.200000,0.000000,0.000000,1.050000,0.000000,0.000000,1.350000,0.060000,0.000000,0.008000,0.000000,0.000600,0.008000,0.000000,0.000600,0.006000,0.000000,0.000000,1,1,1,329,239,379729,379729,210205,169523,0,60.00,14075,3223,301,0,0,0,14070,500.00,500.00,6,1050,0.0000,0.4910,0.4980,0.6870,0.5040
2026-04-27T17:38:27.245,5.494,1,1.40,-1.70,-1.97,-3.93,1,-0.0124,0.0418,-0.1445,0.0638,-0.1829,-0.0190,-1.27,-2.27,73.58,45.82,330,330,1.00000,1.00000,1.00000,1.00000,3,3,1,13.47831,0.00435,1.06854,0.0124,-0.0418,0.4445,0.0638,-0.1829,-0.0190,1.27,-5.34,177.72,1,1,0.0000,0.0000,0.3000,0.00,0.8300,0.4200,1.0000,6.50,180.00,1.050000,0.000000,0.000000,1.500000,0.000000,0.000000,1.200000,0.000000,0.000000,1.050000,0.000000,0.000000,1.350000,0.060000,0.000000,0.008000,0.000000,0.000600,0.008000,0.000000,0.000600,0.006000,0.000000,0.000000,1,1,1,330,244,379729,379729,210205,169523,0,60.00,14075,3223,301,0,0,0,14070,500.00,500.00,6,1050,0.0000,0.4910,0.4980,0.6870,0.5040
2026-04-27T17:38:27.263,5.513,1,1.40,-1.70,-1.97,-3.93,1,-0.0131,0.0447,-0.1444,0.0538,-0.1885,0.0000,-1.21,-4.13,50.88,58.02,331,331,1.00000,1.00000,1.00000,1.00000,3,3,1,13.64762,0.00401,1.07038,0.0131,-0.0447,0.4444,0.0538,-0.1885,0.0000,1.21,-5.39,177.56,1,1,0.0000,0.0000,0.3000,0.00,0.8300,0.4200,1.0000,6.50,180.00,1.050000,0.000000,0.000000,1.500000,0.000000,0.000000,1.200000,0.000000,0.000000,1.050000,0.000000,0.000000,1.350000,0.060000,0.000000,0.008000,0.000000,0.000600,0.008000,0.000000,0.000600,0.006000,0.000000,0.000000,1,1,1,331,239,379729,379729,210205,169523,0,60.00,14075,3223,301,0,0,0,14070,500.00,500.00,6,1050,0.0000,0.4910,0.4980,0.6870,0.5040
2026-04-27T17:38:27.274,5.524,1,1.40,-1.70,-1.97,-3.93,1,-0.0140,0.0480,-0.1444,0.0556,-0.1995,0.0000,-1.27,3.76,56.78,88.73,332,332,1.00000,1.00000,1.00000,1.00000,3,3,1,13.73057,0.00421,1.06808,0.0140,-0.0480,0.4444,0.0556,-0.1995,0.0000,1.27,-5.42,177.61,1,1,0.0000,0.0000,0.3000,0.00,0.8300,0.4200,1.0000,6.50,180.00,1.050000,0.000000,0.000000,1.500000,0.000000,0.000000,1.200000,0.000000,0.000000,1.050000,0.000000,0.000000,1.350000,0.060000,0.000000,0.008000,0.000000,0.000600,0.008000,0.000000,0.000600,0.006000,0.000000,0.000000,1,1,1,332,237,379729,379729,210205,169523,0,60.00,14075,3223,331,0,0,0,14100,500.50,500.50,4,1642,0.0000,0.4810,0.4950,0.6870,0.5040
2026-04-27T17:38:27.295,5.544,1,1.40,-1.70,-1.97,-3.93,1,-0.0149,0.0510,-0.1444,0.0529,-0.1776,0.0000,-1.32,2.55,91.94,47.14,333,333,1.00000,1.00000,1.00000,1.00000,3,3,1,13.75079,0.00437,1.07219,0.0149,-0.0510,0.4444,0.0529,-0.1776,0.0000,1.32,-5.40,177.52,1,1,0.0000,0.0000,0.3000,0.00,0.8300,0.4200,1.0000,6.50,180.00,1.050000,0.000000,0.000000,1.500000,0.000000,0.000000,1.200000,0.000000,0.000000,1.050000,0.000000,0.000000,1.350000,0.060000,0.000000,0.008000,0.000000,0.000600,0.008000,0.000000,0.000600,0.006000,0.000000,0.000000,1,1,1,333,238,379729,379729,210205,169523,0,60.00,14075,3223,331,0,0,0,14100,500.50,500.50,4,1642,0.0000,0.4810,0.4950,0.6870,0.5040
2026-04-27T17:38:27.310,5.559,1,1.40,-1.70,-1.97,-3.93,1,-0.0158,0.0535,-0.1443,0.0893,-0.2642,0.0000,-1.30,-1.24,47.82,83.37,334,334,1.00000,1.00000,1.00000,1.00000,3,3,1,13.95784,0.00404,1.06797,0.0158,-0.0535,0.4443,0.0893,-0.2642,0.0000,1.30,-5.27,177.44,1,1,0.0000,0.0000,0.3000,0.00,0.8300,0.4200,1.0000,6.50,180.00,1.050000,0.000000,0.000000,1.500000,0.000000,0.000000,1.200000,0.000000,0.000000,1.050000,0.000000,0.000000,1.350000,0.060000,0.000000,0.008000,0.000000,0.000600,0.008000,0.000000,0.000600,0.006000,0.000000,0.000000,1,1,1,334,238,379729,379729,210205,169523,0,60.00,14075,3223,331,0,0,0,14100,500.50,500.50,4,1642,0.0000,0.4810,0.4950,0.6870,0.5040
2026-04-27T17:38:27.328,5.578,1,1.40,-1.70,-1.97,-3.93,1,-0.0172,0.0575,-0.1442,0.0678,-0.1987,0.0000,-1.30,0.00,67.30,46.90,335,335,1.00000,1.00000,1.00000,1.00000,3,3,1,14.11961,0.00416,1.06913,0.0172,-0.0575,0.4442,0.0678,-0.1987,0.0000,1.30,-5.30,177.33,1,1,0.0000,0.0000,0.3000,0.00,0.8300,0.4200,1.0000,6.50,180.00,1.050000,0.000000,0.000000,1.500000,0.000000,0.000000,1.200000,0.000000,0.000000,1.050000,0.000000,0.000000,1.350000,0.060000,0.000000,0.008000,0.000000,0.000600,0.008000,0.000000,0.000600,0.006000,0.000000,0.000000,1,1,1,335,237,379729,379729,210205,169523,0,60.00,14075,3223,331,0,0,0,14100,500.50,500.50,4,1642,0.0000,0.4810,0.4950,0.6870,0.5040
2026-04-27T17:38:27.342,5.592,1,1.20,-2.19,-0.96,-2.95,1,-0.0176,0.0600,-0.1441,0.0482,-0.1898,0.0000,-1.25,-3.30,52.30,58.00,336,336,1.00000,1.00000,1.00000,1.00000,3,3,1,14.19084,0.00415,1.07033,0.0176,-0.0600,0.4441,0.0482,-0.1898,0.0000,1.25,-5.60,177.41,1,1,0.0000,0.0000,0.3000,0.00,0.8300,0.4200,1.0000,6.50,180.00,1.050000,0.000000,0.000000,1.500000,0.000000,0.000000,1.200000,0.000000,0.000000,1.050000,0.000000,0.000000,1.350000,0.060000,0.000000,0.008000,0.000000,0.000600,0.008000,0.000000,0.000600,0.006000,0.000000,0.000000,1,1,1,336,236,379729,379729,210205,169523,0,60.00,14075,3223,331,0,0,0,14100,500.50,500.50,4,1642,0.0000,0.4810,0.4950,0.6870,0.5040
2026-04-27T17:38:27.362,5.611,1,1.20,-2.19,-0.96,-2.95,1,-0.0185,0.0626,-0.1438,0.0538,-0.1736,-0.0118,-1.29,2.20,57.17,62.16,337,337,1.00000,1.00000,1.00000,1.00000,3,3,1,14.14895,0.00406,1.06823,0.0185,-0.0626,0.4438,0.0538,-0.1736,-0.0118,1.29,-5.66,177.33,1,1,0.0000,0.0000,0.3000,0.00,0.8300,0.4200,1.0000,6.50,180.00,1.050000,0.000000,0.000000,1.500000,0.000000,0.000000,1.200000,0.000000,0.000000,1.050000,0.000000,0.000000,1.350000,0.060000,0.000000,0.008000,0.000000,0.000600,0.008000,0.000000,0.000600,0.006000,0.000000,0.000000,1,1,1,337,244,379729,379729,210205,169523,0,60.00,14075,3223,331,0,0,0,14100,500.50,500.50,4,1642,0.0000,0.4810,0.4950,0.6870,0.5040
2026-04-27T17:38:27.376,5.625,1,1.20,-2.19,-0.96,-2.95,1,-0.0195,0.0654,-0.1437,0.0588,-0.1794,0.0000,-1.25,-2.58,62.89,59.29,338,338,1.00000,1.00000,1.00000,1.00000,3,3,1,14.34503,0.00412,1.06684,0.0195,-0.0654,0.4437,0.0588,-0.1794,0.0000,1.25,-5.57,177.23,1,1,0.0000,0.0000,0.3000,0.00,0.8300,0.4200,1.0000,6.50,180.00,1.050000,0.000000,0.000000,1.500000,0.000000,0.000000,1.200000,0.000000,0.000000,1.050000,0.000000,0.000000,1.350000,0.060000,0.000000,0.008000,0.000000,0.000600,0.008000,0.000000,0.000600,0.006000,0.000000,0.000000,1,1,1,338,239,379729,379729,210205,169523,0,60.00,14075,3223,331,0,0,0,14100,500.50,500.50,4,1642,0.0000,0.4810,0.4950,0.6870,0.5040
2026-04-27T17:38:27.393,5.642,1,1.09,-2.50,-1.00,-2.95,1,-0.0202,0.0684,-0.1435,0.0472,-0.1781,-0.0127,-1.26,0.60,58.73,61.17,339,339,1.00000,1.00000,1.00000,1.00000,3,3,1,14.53339,0.00414,1.06814,0.0202,-0.0684,0.4435,0.0472,-0.1781,-0.0127,1.26,-5.65,177.06,1,1,0.0000,0.0000,0.3000,0.00,0.8300,0.4200,1.0000,6.50,180.00,1.050000,0.000000,0.000000,1.500000,0.000000,0.000000,1.200000,0.000000,0.000000,1.050000,0.000000,0.000000,1.350000,0.060000,0.000000,0.008000,0.000000,0.000600,0.008000,0.000000,0.000600,0.006000,0.000000,0.000000,1,1,1,339,243,379729,379729,210205,169523,0,60.00,14075,3223,331,0,0,0,14100,500.50,500.50,4,1642,0.0000,0.4810,0.4950,0.6870,0.5040
2026-04-27T17:38:27.411,5.661,1,1.09,-2.50,-1.00,-2.95,1,-0.0209,0.0711,-0.1431,0.0478,-0.1704,-0.0160,-1.21,-2.84,60.66,59.62,340,340,1.00000,1.00000,1.00000,1.00000,3,3,1,14.63114,0.00424,1.06739,0.0209,-0.0711,0.4431,0.0478,-0.1704,-0.0160,1.21,-5.66,176.99,1,1,0.0000,0.0000,0.3000,0.00,0.8300,0.4200,1.0000,6.50,180.00,1.050000,0.000000,0.000000,1.500000,0.000000,0.000000,1.200000,0.000000,0.000000,1.050000,0.000000,0.000000,1.350000,0.060000,0.000000,0.008000,0.000000,0.000600,0.008000,0.000000,0.000600,0.006000,0.000000,0.000000,1,1,1,340,243,379729,379729,210205,169523,0,60.00,14075,3223,331,0,0,0,14100,500.50,500.50,4,1642,0.0000,0.4810,0.4950,0.6870,0.5040
2026-04-27T17:38:27.426,5.675,1,1.09,-2.50,-1.00,-2.95,1,-0.0216,0.0737,-0.1428,0.0457,-0.1643,-0.0174,-1.13,-5.11,61.15,58.03,341,341,1.00000,1.00000,1.00000,1.00000,3,3,1,14.75344,0.00418,1.07385,0.0216,-0.0737,0.4428,0.0457,-0.1643,-0.0174,1.13,-5.75,176.97,1,1,0.0000,0.0000,0.3000,0.00,0.8300,0.4200,1.0000,6.50,180.00,1.050000,0.000000,0.000000,1.500000,0.000000,0.000000,1.200000,0.000000,0.000000,1.050000,0.000000,0.000000,1.350000,0.060000,0.000000,0.008000,0.000000,0.000600,0.008000,0.000000,0.000600,0.006000,0.000000,0.000000,1,1,1,341,244,379729,379729,210205,169523,0,60.00,14075,3223,331,0,0,0,14100,500.50,500.50,4,1642,0.0000,0.4810,0.4950,0.6870,0.5040
2026-04-27T17:38:27.443,5.692,1,1.09,-2.50,-1.00,-2.95,1,-0.0225,0.0763,-0.1424,0.0487,-0.1622,-0.0220,-1.17,2.40,73.32,63.51,342,342,1.00000,1.00000,1.00000,1.00000,3,3,1,14.89054,0.00402,1.06812,0.0225,-0.0763,0.4424,0.0487,-0.1622,-0.0220,1.17,-5.74,176.82,1,1,0.0000,0.0000,0.3000,0.00,0.8300,0.4200,1.0000,6.50,180.00,1.050000,0.000000,0.000000,1.500000,0.000000,0.000000,1.200000,0.000000,0.000000,1.050000,0.000000,0.000000,1.350000,0.060000,0.000000,0.008000,0.000000,0.000600,0.008000,0.000000,0.000600,0.006000,0.000000,0.000000,1,1,1,342,244,379729,379729,210205,169523,0,60.00,14075,3223,331,0,0,0,14100,500.50,500.50,4,1642,0.0000,0.4810,0.4950,0.6870,0.5040
2026-04-27T17:38:27.459,5.709,1,1.09,-2.50,-1.00,-2.95,1,-0.0230,0.0790,-0.1421,0.0401,-0.1615,-0.0184,-1.14,-1.80,60.05,57.80,343,343,1.00000,1.00000,1.00000,1.00000,3,3,1,14.91889,0.00418,1.07021,0.0230,-0.0790,0.4421,0.0401,-0.1615,-0.0184,1.14,-6.02,176.86,1,1,0.0000,0.0000,0.3000,0.00,0.8300,0.4200,1.0000,6.50,180.00,1.050000,0.000000,0.000000,1.500000,0.000000,0.000000,1.200000,0.000000,0.000000,1.050000,0.000000,0.000000,1.350000,0.060000,0.000000,0.008000,0.000000,0.000600,0.008000,0.000000,0.000600,0.006000,0.000000,0.000000,1,1,1,343,243,379729,379729,210205,169523,0,60.00,14075,3223,331,0,0,0,14100,500.50,500.50,4,1642,0.0000,0.4810,0.4950,0.6870,0.5040
2026-04-27T17:38:27.478,5.727,1,1.09,-2.50,-1.00,-2.95,1,-0.0238,0.0816,-0.1418,0.0460,-0.1679,-0.0199,-1.12,-1.09,59.93,59.25,344,344,1.00000,1.00000,1.00000,1.00000,3,3,1,15.15987,0.00416,1.07313,0.0238,-0.0816,0.4418,0.0460,-0.1679,-0.0199,1.12,-6.03,176.69,1,1,0.0000,0.0000,0.3000,0.00,0.8300,0.4200,1.0000,6.50,180.00,1.050000,0.000000,0.000000,1.500000,0.000000,0.000000,1.200000,0.000000,0.000000,1.050000,0.000000,0.000000,1.350000,0.060000,0.000000,0.008000,0.000000,0.000600,0.008000,0.000000,0.000600,0.006000,0.000000,0.000000,1,1,1,344,243,379729,379729,210205,169523,0,60.00,14075,3223,331,0,0,0,14100,500.50,500.50,4,1642,0.0000,0.4810,0.4950,0.6870,0.5040
2026-04-27T17:38:27.494,5.743,1,1.00,-2.90,-0.97,-4.01,1,-0.0247,0.0842,-0.1414,0.0496,-0.1568,-0.0223,-1.15,1.86,54.40,59.44,345,345,1.00000,1.00000,1.00000,1.00000,3,3,1,15.22099,0.00413,1.06631,0.0247,-0.0842,0.4414,0.0496,-0.1568,-0.0223,1.15,-6.03,176.73,1,1,0.0000,0.0000,0.3000,0.00,0.8300,0.4200,1.0000,6.50,180.00,1.050000,0.000000,0.000000,1.500000,0.000000,0.000000,1.200000,0.000000,0.000000,1.050000,0.000000,0.000000,1.350000,0.060000,0.000000,0.008000,0.000000,0.000600,0.008000,0.000000,0.000600,0.006000,0.000000,0.000000,1,1,1,345,243,379729,379729,210205,169523,0,60.00,14075,3223,331,0,0,0,14100,500.50,500.50,4,1642,0.0000,0.4810,0.4950,0.6870,0.5040
2026-04-27T17:38:27.511,5.761,1,1.00,-2.90,-0.97,-4.01,1,-0.0253,0.0870,-0.1410,0.0416,-0.1670,-0.0226,-1.25,6.07,61.84,62.33,346,346,1.00000,1.00000,1.00000,1.00000,3,3,1,15.33998,0.00441,1.06832,0.0253,-0.0870,0.4410,0.0416,-0.1670,-0.0226,1.25,-6.17,176.68,1,1,0.0000,0.0000,0.3000,0.00,0.8300,0.4200,1.0000,6.50,180.00,1.050000,0.000000,0.000000,1.500000,0.000000,0.000000,1.200000,0.000000,0.000000,1.050000,0.000000,0.000000,1.350000,0.060000,0.000000,0.008000,0.000000,0.000600,0.008000,0.000000,0.000600,0.006000,0.000000,0.000000,1,1,1,346,244,379729,379729,210205,169523,0,60.00,14075,3223,331,0,0,0,14100,500.50,500.50,4,1642,0.0000,0.4810,0.4950,0.6870,0.5040
2026-04-27T17:38:27.528,5.777,1,1.00,-2.90,-0.97,-4.01,1,-0.0260,0.0893,-0.1408,0.0434,-0.1443,-0.0175,-1.22,-1.80,54.01,58.39,347,347,1.00000,1.00000,1.00000,1.00000,3,3,1,15.38499,0.00409,1.06802,0.0260,-0.0893,0.4408,0.0434,-0.1443,-0.0175,1.22,-6.14,176.54,1,1,0.0000,0.0000,0.3000,0.00,0.8300,0.4200,1.0000,6.50,180.00,1.050000,0.000000,0.000000,1.500000,0.000000,0.000000,1.200000,0.000000,0.000000,1.050000,0.000000,0.000000,1.350000,0.060000,0.000000,0.008000,0.000000,0.000600,0.008000,0.000000,0.000600,0.006000,0.000000,0.000000,1,1,1,347,244,379729,379729,210205,169523,0,60.00,14075,3223,331,0,0,0,14100,500.50,500.50,4,1642,0.0000,0.4810,0.4950,0.6870,0.5040
2026-04-27T17:38:27.545,5.794,1,1.00,-2.90,-0.97,-4.01,1,-0.0267,0.0916,-0.1405,0.0408,-0.1454,-0.0183,-1.20,-1.20,60.28,61.48,348,348,1.00000,1.00000,1.00000,1.00000,3,3,1,15.53529,0.00419,1.06887,0.0267,-0.0916,0.4405,0.0408,-0.1454,-0.0183,1.20,-6.13,176.52,1,1,0.0000,0.0000,0.3000,0.00,0.8300,0.4200,1.0000,6.50,180.00,1.050000,0.000000,0.000000,1.500000,0.000000,0.000000,1.200000,0.000000,0.000000,1.050000,0.000000,0.000000,1.350000,0.060000,0.000000,0.008000,0.000000,0.000600,0.008000,0.000000,0.000600,0.006000,0.000000,0.000000,1,1,1,348,243,379729,379729,210205,169523,0,60.00,14075,3223,331,0,0,0,14100,500.50,500.50,4,1642,0.0000,0.4810,0.4950,0.6870,0.5040
2026-04-27T17:38:27.556,5.805,1,1.00,-2.90,-0.97,-4.01,1,-0.0273,0.0940,-0.1403,0.0439,-0.1667,-0.0183,-1.17,-2.43,60.16,58.25,349,349,1.00000,1.00000,1.00000,1.00000,3,3,1,15.64206,0.00418,1.06274,0.0273,-0.0940,0.4403,0.0439,-0.1667,-0.0183,1.17,-6.08,176.56,1,1,0.0000,0.0000,0.3000,0.00,0.8300,0.4200,1.0000,6.50,180.00,1.050000,0.000000,0.000000,1.500000,0.000000,0.000000,1.200000,0.000000,0.000000,1.050000,0.000000,0.000000,1.350000,0.060000,0.000000,0.008000,0.000000,0.000600,0.008000,0.000000,0.000600,0.006000,0.000000,0.000000,1,1,1,349,243,379729,379729,210205,169523,0,60.00,14075,3223,331,0,0,0,14100,500.50,500.50,4,1642,0.0000,0.4810,0.4950,0.6870,0.5040
2026-04-27T17:38:27.578,5.827,1,1.00,-2.90,-0.97,-4.01,1,-0.0277,0.0962,-0.1399,0.0297,-0.1322,-0.0177,-1.13,-1.91,96.74,62.90,350,350,1.00000,1.00000,1.00000,1.00000,3,3,1,15.72296,0.00433,1.06861,0.0277,-0.0962,0.4399,0.0297,-0.1322,-0.0177,1.13,-6.30,176.41,1,1,0.0000,0.0000,0.3000,0.00,0.8300,0.4200,1.0000,6.50,180.00,1.050000,0.000000,0.000000,1.500000,0.000000,0.000000,1.200000,0.000000,0.000000,1.050000,0.000000,0.000000,1.350000,0.060000,0.000000,0.008000,0.000000,0.000600,0.008000,0.000000,0.000600,0.006000,0.000000,0.000000,1,1,1,350,241,379729,379729,210205,169523,0,60.00,14075,3223,331,0,0,0,14100,500.50,500.50,4,1642,0.0000,0.4810,0.4950,0.6870,0.5040
2026-04-27T17:38:27.596,5.845,1,0.90,-3.29,-0.95,-3.84,1,-0.0282,0.0981,-0.1397,0.0342,-0.1269,-0.0156,-1.15,1.11,43.60,57.31,351,351,1.00000,1.00000,1.00000,1.00000,3,3,1,15.74953,0.00427,1.06819,0.0282,-0.0981,0.4397,0.0342,-0.1269,-0.0156,1.15,-6.54,176.27,1,1,0.0000,0.0000,0.3000,0.00,0.8300,0.4200,1.0000,6.50,180.00,1.050000,0.000000,0.000000,1.500000,0.000000,0.000000,1.200000,0.000000,0.000000,1.050000,0.000000,0.000000,1.350000,0.060000,0.000000,0.008000,0.000000,0.000600,0.008000,0.000000,0.000600,0.006000,0.000000,0.000000,1,1,1,351,243,379729,379729,210205,169523,0,60.00,14075,3223,331,0,0,0,14100,500.50,500.50,4,1642,0.0000,0.4810,0.4950,0.6870,0.5040
2026-04-27T17:38:27.612,5.861,1,0.90,-3.29,-0.95,-3.84,1,-0.0290,0.1001,-0.1397,0.0402,-0.1267,0.0000,-1.14,-0.64,55.55,62.28,352,352,1.00000,1.00000,1.00000,1.00000,3,3,1,15.89700,0.00425,1.06839,0.0290,-0.1001,0.4397,0.0402,-0.1267,0.0000,1.14,-6.34,176.19,1,1,0.0000,0.0000,0.3000,0.00,0.8300,0.4200,1.0000,6.50,180.00,1.050000,0.000000,0.000000,1.500000,0.000000,0.000000,1.200000,0.000000,0.000000,1.050000,0.000000,0.000000,1.350000,0.060000,0.000000,0.008000,0.000000,0.000600,0.008000,0.000000,0.000600,0.006000,0.000000,0.000000,1,1,1,352,235,379729,379729,210205,169523,0,60.00,14075,3223,331,0,0,0,14100,500.50,500.50,4,1642,0.0000,0.4810,0.4950,0.6870,0.5040
2026-04-27T17:38:27.628,5.877,1,0.90,-3.29,-0.95,-3.84,1,-0.0294,0.1023,-0.1398,0.0317,-0.1297,0.0000,-1.25,6.72,64.22,58.00,353,353,1.00000,1.00000,1.00000,1.00000,3,3,1,15.91399,0.00433,1.06947,0.0294,-0.1023,0.4398,0.0317,-0.1297,0.0000,1.25,-6.30,176.12,1,1,0.0000,0.0000,0.3000,0.00,0.8300,0.4200,1.0000,6.50,180.00,1.050000,0.000000,0.000000,1.500000,0.000000,0.000000,1.200000,0.000000,0.000000,1.050000,0.000000,0.000000,1.350000,0.060000,0.000000,0.008000,0.000000,0.000600,0.008000,0.000000,0.000600,0.006000,0.000000,0.000000,1,1,1,353,236,379729,379729,210205,169523,0,60.00,14075,3223,331,0,0,0,14100,500.50,500.50,4,1642,0.0000,0.4810,0.4950,0.6870,0.5040
2026-04-27T17:38:27.641,5.890,1,0.90,-3.29,-0.95,-3.84,1,-0.0299,0.1041,-0.1396,0.0309,-0.1264,-0.0105,-1.30,3.67,61.12,74.95,354,354,1.00000,1.00000,1.00000,1.00000,3,3,1,16.03202,0.00415,1.07046,0.0299,-0.1041,0.4396,0.0309,-0.1264,-0.0105,1.30,-6.28,176.08,1,1,0.0000,0.0000,0.3000,0.00,0.8300,0.4200,1.0000,6.50,180.00,1.050000,0.000000,0.000000,1.500000,0.000000,0.000000,1.200000,0.000000,0.000000,1.050000,0.000000,0.000000,1.350000,0.060000,0.000000,0.008000,0.000000,0.000600,0.008000,0.000000,0.000600,0.006000,0.000000,0.000000,1,1,1,354,241,379729,379729,210205,169523,0,60.00,14075,3223,331,0,0,0,14100,500.50,500.50,4,1642,0.0000,0.4810,0.4950,0.6870,0.5040
2026-04-27T17:38:27.661,5.911,1,0.90,-3.29,-0.95,-3.84,1,-0.0304,0.1061,-0.1395,0.0305,-0.1178,0.0000,-1.32,1.01,85.93,51.16,355,355,1.00000,1.00000,1.00000,1.00000,3,3,1,16.09839,0.00410,1.06646,0.0304,-0.1061,0.4395,0.0305,-0.1178,0.0000,1.32,-6.37,176.04,1,1,0.0000,0.0000,0.3000,0.00,0.8300,0.4200,1.0000,6.50,180.00,1.050000,0.000000,0.000000,1.500000,0.000000,0.000000,1.200000,0.000000,0.000000,1.050000,0.000000,0.000000,1.350000,0.060000,0.000000,0.008000,0.000000,0.000600,0.008000,0.000000,0.000600,0.006000,0.000000,0.000000,1,1,1,355,236,379729,379729,210205,169523,0,60.00,14075,3223,331,0,0,0,14100,500.50,500.50,4,1642,0.0000,0.4810,0.4950,0.6870,0.5040
2026-04-27T17:38:27.678,5.927,1,0.90,-3.29,-0.95,-3.84,1,-0.0309,0.1079,-0.1396,0.0300,-0.1091,0.0000,-1.30,-1.20,45.55,60.55,356,356,1.00000,1.00000,1.00000,1.00000,3,3,1,16.07621,0.00393,1.06546,0.0309,-0.1079,0.4396,0.0300,-0.1091,0.0000,1.30,-6.15,175.99,1,1,0.0000,0.0000,0.3000,0.00,0.8300,0.4200,1.0000,6.50,180.00,1.050000,0.000000,0.000000,1.500000,0.000000,0.000000,1.200000,0.000000,0.000000,1.050000,0.000000,0.000000,1.350000,0.060000,0.000000,0.008000,0.000000,0.000600,0.008000,0.000000,0.000600,0.006000,0.000000,0.000000,1,1,1,356,236,379729,379729,210205,169523,0,60.00,14075,3223,331,0,0,0,14100,500.50,500.50,4,1642,0.0000,0.4810,0.4950,0.6870,0.5040
2026-04-27T17:38:27.690,5.939,1,0.90,-3.29,-0.95,-3.84,1,-0.0311,0.1093,-0.1395,0.0201,-0.1107,0.0000,-1.31,0.79,58.94,76.35,357,357,1.00000,1.00000,1.00000,1.00000,3,3,1,16.19761,0.00417,1.06745,0.0311,-0.1093,0.4395,0.0201,-0.1107,0.0000,1.31,-6.32,175.88,1,1,0.0000,0.0000,0.3000,0.00,0.8300,0.4200,1.0000,6.50,180.00,1.050000,0.000000,0.000000,1.500000,0.000000,0.000000,1.200000,0.000000,0.000000,1.050000,0.000000,0.000000,1.350000,0.060000,0.000000,0.008000,0.000000,0.000600,0.008000,0.000000,0.000600,0.006000,0.000000,0.000000,1,1,1,357,237,379729,379729,210205,169523,0,60.00,14075,3223,331,0,0,0,14100,500.50,500.50,4,1642,0.0000,0.4810,0.4950,0.6870,0.5040
2026-04-27T17:38:27.708,5.957,1,0.90,-3.29,-0.95,-3.84,1,-0.0316,0.1111,-0.1393,0.0268,-0.1021,-0.0106,-1.35,2.22,97.48,54.38,358,358,1.00000,1.00000,1.00000,1.00000,3,3,1,16.38447,0.00415,1.06403,0.0316,-0.1111,0.4393,0.0268,-0.1021,-0.0106,1.35,-6.33,175.95,1,1,0.0000,0.0000,0.3000,0.00,0.8300,0.4200,1.0000,6.50,180.00,1.050000,0.000000,0.000000,1.500000,0.000000,0.000000,1.200000,0.000000,0.000000,1.050000,0.000000,0.000000,1.350000,0.060000,0.000000,0.008000,0.000000,0.000600,0.008000,0.000000,0.000600,0.006000,0.000000,0.000000,1,1,1,358,244,379729,379729,210205,169523,0,60.00,14075,3223,331,0,0,0,14100,500.50,500.50,4,1642,0.0000,0.4810,0.4950,0.6870,0.5040
2026-04-27T17:38:27.729,5.978,1,0.90,-3.29,-0.95,-3.84,1,-0.0317,0.1123,-0.1390,0.0142,-0.0893,-0.0131,-1.33,-0.96,55.51,53.05,359,359,1.00000,1.00000,1.00000,1.00000,3,3,1,16.34098,0.00426,1.06986,0.0317,-0.1123,0.4390,0.0142,-0.0893,-0.0131,1.33,-6.56,175.84,1,1,0.0000,0.0000,0.3000,0.00,0.8300,0.4200,1.0000,6.50,180.00,1.050000,0.000000,0.000000,1.500000,0.000000,0.000000,1.200000,0.000000,0.000000,1.050000,0.000000,0.000000,1.350000,0.060000,0.000000,0.008000,0.000000,0.000600,0.008000,0.000000,0.000600,0.006000,0.000000,0.000000,1,1,1,359,244,379729,379729,210205,169523,0,60.00,14075,3223,331,0,0,0,14100,500.50,500.50,4,1642,0.0000,0.4810,0.4950,0.6870,0.5040
2026-04-27T17:38:27.742,5.991,1,0.90,-3.29,-0.95,-3.84,1,-0.0319,0.1139,-0.1388,0.0120,-0.0896,-0.0120,-1.40,5.18,48.04,63.92,360,360,1.00000,1.00000,1.00000,1.00000,3,3,1,16.36022,0.00415,1.06767,0.0319,-0.1139,0.4388,0.0120,-0.0896,-0.0120,1.40,-6.69,175.85,1,1,0.0000,0.0000,0.3000,0.00,0.8300,0.4200,1.0000,6.50,180.00,1.050000,0.000000,0.000000,1.500000,0.000000,0.000000,1.200000,0.000000,0.000000,1.050000,0.000000,0.000000,1.350000,0.060000,0.000000,0.008000,0.000000,0.000600,0.008000,0.000000,0.000600,0.006000,0.000000,0.000000,1,1,1,360,242,379729,379729,210205,169523,0,60.00,14075,3223,331,0,0,0,14100,500.50,500.50,4,1642,0.0000,0.4810,0.4950,0.6870,0.5040
2026-04-27T17:38:27.758,6.007,1,0.90,-3.29,-0.95,-3.84,1,-0.0321,0.1151,-0.1387,0.0138,-0.0832,0.0000,-1.39,-0.64,73.94,62.89,361,361,1.00000,1.00000,1.00000,1.00000,3,3,1,16.55035,0.00440,1.06508,0.0321,-0.1151,0.4387,0.0138,-0.0832,0.0000,1.39,-6.67,175.81,1,1,0.0000,0.0000,0.3000,0.00,0.8300,0.4200,1.0000,6.50,180.00,1.050000,0.000000,0.000000,1.500000,0.000000,0.000000,1.200000,0.000000,0.000000,1.050000,0.000000,0.000000,1.350000,0.060000,0.000000,0.008000,0.000000,0.000600,0.008000,0.000000,0.000600,0.006000,0.000000,0.000000,1,1,1,361,239,379729,379729,210205,169523,0,60.00,14075,3223,331,0,0,0,14100,500.50,500.50,4,1642,0.0000,0.4810,0.4950,0.6870,0.5040
2026-04-27T17:38:27.772,6.022,1,0.90,-3.29,-0.95,-3.84,1,-0.0323,0.1160,-0.1383,0.0125,-0.0726,-0.0182,-1.34,-3.45,63.91,54.80,362,362,1.00000,1.00000,1.00000,1.00000,3,3,1,16.48373,0.00426,1.06932,0.0323,-0.1160,0.4383,0.0125,-0.0726,-0.0182,1.34,-6.70,175.64,1,1,0.0000,0.0000,0.3000,0.00,0.8300,0.4200,1.0000,6.50,180.00,1.050000,0.000000,0.000000,1.500000,0.000000,0.000000,1.200000,0.000000,0.000000,1.050000,0.000000,0.000000,1.350000,0.060000,0.000000,0.008000,0.000000,0.000600,0.008000,0.000000,0.000600,0.006000,0.000000,0.000000,1,1,1,362,243,379729,379729,210205,169523,0,60.00,14075,3223,331,0,0,0,14100,500.50,500.50,4,1642,0.0000,0.4810,0.4950,0.6870,0.5040
2026-04-27T17:38:27.795,6.044,1,0.90,-3.29,-0.95,-3.84,1,-0.0325,0.1171,-0.1383,0.0113,-0.0629,0.0000,-1.34,0.00,68.99,86.69,363,363,1.00000,1.00000,1.00000,1.00000,3,3,1,16.59975,0.00404,1.06987,0.0325,-0.1171,0.4383,0.0113,-0.0629,0.0000,1.34,-6.67,175.62,1,1,0.0000,0.0000,0.3000,0.00,0.8300,0.4200,1.0000,6.50,180.00,1.050000,0.000000,0.000000,1.500000,0.000000,0.000000,1.200000,0.000000,0.000000,1.050000,0.000000,0.000000,1.350000,0.060000,0.000000,0.008000,0.000000,0.000600,0.008000,0.000000,0.000600,0.006000,0.000000,0.000000,1,1,1,363,239,379729,379729,210205,169523,0,60.00,14075,3223,331,0,0,0,14100,500.50,500.50,4,1642,0.0000,0.4810,0.4950,0.6870,0.5040
2026-04-27T17:38:27.811,6.061,1,0.60,-3.90,-3.04,-2.01,1,-0.0324,0.1184,-0.1379,0.0000,-0.0712,-0.0180,-1.41,4.18,44.73,46.50,364,364,1.00000,1.00000,1.00000,1.00000,3,3,1,16.65091,0.00406,1.06383,0.0324,-0.1184,0.4379,0.0000,-0.0712,-0.0180,1.41,-6.79,175.64,1,1,0.0000,0.0000,0.3000,0.00,0.8300,0.4200,1.0000,6.50,180.00,1.050000,0.000000,0.000000,1.500000,0.000000,0.000000,1.200000,0.000000,0.000000,1.050000,0.000000,0.000000,1.350000,0.060000,0.000000,0.008000,0.000000,0.000600,0.008000,0.000000,0.000600,0.006000,0.000000,0.000000,1,1,1,364,240,379729,379729,210205,169523,0,60.00,14075,3223,331,0,0,0,14100,500.50,500.50,4,1642,0.0000,0.4810,0.4950,0.6870,0.5040
2026-04-27T17:38:27.828,6.078,1,0.60,-3.90,-3.04,-2.01,1,-0.0324,0.1191,-0.1375,0.0000,-0.0558,-0.0205,-1.42,0.52,59.89,77.61,365,365,1.00000,1.00000,1.00000,1.00000,3,3,1,16.71167,0.00433,1.06578,0.0324,-0.1191,0.4375,0.0000,-0.0558,-0.0205,1.42,-6.79,175.65,1,1,0.0000,0.0000,0.3000,0.00,0.8300,0.4200,1.0000,6.50,180.00,1.050000,0.000000,0.000000,1.500000,0.000000,0.000000,1.200000,0.000000,0.000000,1.050000,0.000000,0.000000,1.350000,0.060000,0.000000,0.008000,0.000000,0.000600,0.008000,0.000000,0.000600,0.006000,0.000000,0.000000,1,1,1,365,240,379729,379729,210205,169523,0,60.00,14075,3223,331,0,0,0,14100,500.50,500.50,4,1642,0.0000,0.4810,0.4950,0.6870,0.5040
2026-04-27T17:38:27.835,6.085,1,0.60,-3.90,-3.04,-2.01,1,-0.0325,0.1197,-0.1374,0.0000,-0.0595,-0.0159,-1.33,-12.89,55.10,57.97,366,366,1.00000,1.00000,1.00000,1.00000,3,3,1,16.72354,0.00417,1.06587,0.0325,-0.1197,0.4374,0.0000,-0.0595,-0.0159,1.33,-6.88,175.52,1,1,0.0000,0.0000,0.3000,0.00,0.8300,0.4200,1.0000,6.50,180.00,1.050000,0.000000,0.000000,1.500000,0.000000,0.000000,1.200000,0.000000,0.000000,1.050000,0.000000,0.000000,1.350000,0.060000,0.000000,0.008000,0.000000,0.000600,0.008000,0.000000,0.000600,0.006000,0.000000,0.000000,1,1,1,366,239,379729,379729,210205,169523,0,60.00,14075,3223,331,0,0,0,14100,500.50,500.50,4,1642,0.0000,0.4810,0.4950,0.6870,0.5040
2026-04-27T17:38:27.862,6.111,1,0.60,-3.90,-3.04,-2.01,1,-0.0325,0.1206,-0.1370,0.0000,-0.0541,-0.0200,-1.29,-2.14,167.33,53.49,367,367,1.00000,1.00000,1.00000,1.00000,3,3,1,16.79011,0.00429,1.06472,0.0325,-0.1206,0.4370,0.0000,-0.0541,-0.0200,1.29,-6.98,175.48,1,1,0.0000,0.0000,0.3000,0.00,0.8300,0.4200,1.0000,6.50,180.00,1.050000,0.000000,0.000000,1.500000,0.000000,0.000000,1.200000,0.000000,0.000000,1.050000,0.000000,0.000000,1.350000,0.060000,0.000000,0.008000,0.000000,0.000600,0.008000,0.000000,0.000600,0.006000,0.000000,0.000000,1,1,1,367,239,379789,379789,210265,169523,0,60.00,14135,3205,331,0,0,0,14100,500.50,500.50,4,1642,0.0000,0.4810,0.4950,0.6870,0.5040
2026-04-27T17:38:27.868,6.118,1,0.60,-3.90,-3.04,-2.01,1,-0.0324,0.1213,-0.1369,0.0000,-0.0523,-0.0107,-1.31,1.41,37.93,70.41,368,368,1.00000,1.00000,1.00000,1.00000,3,3,1,16.74399,0.00414,1.06345,0.0324,-0.1213,0.4369,0.0000,-0.0523,-0.0107,1.31,-6.76,175.48,1,1,0.0000,0.0000,0.3000,0.00,0.8300,0.4200,1.0000,6.50,180.00,1.050000,0.000000,0.000000,1.500000,0.000000,0.000000,1.200000,0.000000,0.000000,1.050000,0.000000,0.000000,1.350000,0.060000,0.000000,0.008000,0.000000,0.000600,0.008000,0.000000,0.000600,0.006000,0.000000,0.000000,1,1,1,368,240,379789,379789,210265,169523,0,60.00,14135,3205,331,0,0,0,14100,500.50,500.50,4,1642,0.0000,0.4810,0.4950,0.6870,0.5040
2026-04-27T17:38:27.892,6.141,1,0.60,-3.90,-3.04,-2.01,1,-0.0322,0.1218,-0.1366,0.0000,-0.0305,-0.0117,-1.31,0.00,153.05,50.97,369,369,1.00000,1.00000,1.00000,1.00000,3,3,1,16.73106,0.00417,1.06565,0.0322,-0.1218,0.4366,0.0000,-0.0305,-0.0117,1.31,-6.74,175.40,1,1,0.0000,0.0000,0.3000,0.00,0.8300,0.4200,1.0000,6.50,180.00,1.050000,0.000000,0.000000,1.500000,0.000000,0.000000,1.200000,0.000000,0.000000,1.050000,0.000000,0.000000,1.350000,0.060000,0.000000,0.008000,0.000000,0.000600,0.008000,0.000000,0.000600,0.006000,0.000000,0.000000,1,1,1,369,238,379789,379789,210265,169523,0,60.00,14135,3205,331,0,0,0,14100,500.50,500.50,4,1642,0.0000,0.4810,0.4950,0.6870,0.5040
2026-04-27T17:38:27.910,6.159,1,0.60,-3.90,-3.04,-2.01,1,-0.0321,0.1219,-0.1365,-0.0141,-0.0355,-0.0173,-1.25,-3.33,42.22,93.14,370,370,1.00000,1.00000,1.00000,1.00000,3,3,1,16.74028,0.00416,1.06617,0.0321,-0.1219,0.4365,-0.0141,-0.0355,-0.0173,1.25,-6.75,175.28,1,1,0.0000,0.0000,0.3000,0.00,0.8300,0.4200,1.0000,6.50,180.00,1.050000,0.000000,0.000000,1.500000,0.000000,0.000000,1.200000,0.000000,0.000000,1.050000,0.000000,0.000000,1.350000,0.060000,0.000000,0.008000,0.000000,0.000600,0.008000,0.000000,0.000600,0.006000,0.000000,0.000000,1,1,1,370,245,379789,379789,210265,169523,0,60.00,14135,3205,331,0,0,0,14100,500.50,500.50,4,1642,0.0000,0.4810,0.4950,0.6870,0.5040
2026-04-27T17:38:27.928,6.178,1,0.60,-3.90,-3.04,-2.01,1,-0.0316,0.1224,-0.1360,-0.0158,-0.0262,-0.0177,-1.25,0.00,55.46,54.19,371,371,1.00000,1.00000,1.00000,1.00000,3,3,1,16.78087,0.00416,1.06273,0.0316,-0.1224,0.4360,-0.0158,-0.0262,-0.0177,1.25,-6.93,175.40,1,1,0.0000,0.0000,0.3000,0.00,0.8300,0.4200,1.0000,6.50,180.00,1.050000,0.000000,0.000000,1.500000,0.000000,0.000000,1.200000,0.000000,0.000000,1.050000,0.000000,0.000000,1.350000,0.060000,0.000000,0.008000,0.000000,0.000600,0.008000,0.000000,0.000600,0.006000,0.000000,0.000000,1,1,1,371,244,379789,379789,210265,169523,0,60.00,14135,3205,331,0,0,0,14100,500.50,500.50,4,1642,0.0000,0.4810,0.4950,0.6870,0.5040
2026-04-27T17:38:27.945,6.194,1,0.60,-3.90,-3.04,-2.01,1,-0.0311,0.1225,-0.1358,-0.0245,-0.0157,-0.0149,-1.27,1.27,54.57,74.56,372,372,1.00000,1.00000,1.00000,1.00000,3,3,1,16.78209,0.00416,1.06284,0.0311,-0.1225,0.4358,-0.0245,-0.0157,-0.0149,1.27,-7.14,175.44,1,1,0.0000,0.0000,0.3000,0.00,0.8300,0.4200,1.0000,6.50,180.00,1.050000,0.000000,0.000000,1.500000,0.000000,0.000000,1.200000,0.000000,0.000000,1.050000,0.000000,0.000000,1.350000,0.060000,0.000000,0.008000,0.000000,0.000600,0.008000,0.000000,0.000600,0.006000,0.000000,0.000000,1,1,1,372,245,379789,379789,210265,169523,0,60.00,14135,3205,331,0,0,0,14100,500.50,500.50,4,1642,0.0000,0.4810,0.4950,0.6870,0.5040
2026-04-27T17:38:27.962,6.211,1,0.60,-3.90,-3.04,-2.01,1,-0.0310,0.1223,-0.1357,-0.0203,0.0000,-0.0212,-1.33,2.79,59.73,68.65,373,373,1.00000,1.00000,1.00000,1.00000,3,3,1,16.76599,0.00417,1.06549,0.0310,-0.1223,0.4357,-0.0203,0.0000,-0.0212,1.33,-6.97,175.40,1,1,0.0000,0.0000,0.3000,0.00,0.8300,0.4200,1.0000,6.50,180.00,1.050000,0.000000,0.000000,1.500000,0.000000,0.000000,1.200000,0.000000,0.000000,1.050000,0.000000,0.000000,1.350000,0.060000,0.000000,0.008000,0.000000,0.000600,0.008000,0.000000,0.000600,0.006000,0.000000,0.000000,1,1,1,373,238,379789,379789,210265,169523,0,60.00,14135,3205,331,0,0,0,14100,500.50,500.50,4,1642,0.0000,0.4810,0.4950,0.6870,0.5040
2026-04-27T17:38:27.967,6.217,1,0.60,-3.90,-3.04,-2.01,1,-0.0305,0.1220,-0.1358,-0.0222,0.0000,0.0000,-1.32,-1.56,57.24,44.73,374,374,1.00000,1.00000,1.00000,1.00000,3,3,1,16.77221,0.00423,1.06945,0.0305,-0.1220,0.4358,-0.0222,0.0000,0.0000,1.32,-6.85,175.30,1,1,0.0000,0.0000,0.3000,0.00,0.8300,0.4200,1.0000,6.50,180.00,1.050000,0.000000,0.000000,1.500000,0.000000,0.000000,1.200000,0.000000,0.000000,1.050000,0.000000,0.000000,1.350000,0.060000,0.000000,0.008000,0.000000,0.000600,0.008000,0.000000,0.000600,0.006000,0.000000,0.000000,1,1,1,374,233,379789,379789,210265,169523,0,60.00,14135,3205,331,0,0,0,14100,500.50,500.50,4,1642,0.0000,0.4810,0.4950,0.6870,0.5040
2026-04-27T17:38:27.993,6.243,1,0.60,-3.90,-3.04,-2.01,1,-0.0298,0.1216,-0.1354,-0.0251,0.0151,-0.0131,-1.22,-3.88,204.58,46.79,375,375,1.00000,1.00000,1.00000,1.00000,3,3,1,16.65858,0.00438,1.06616,0.0298,-0.1216,0.4354,-0.0251,0.0151,-0.0131,1.22,-7.05,175.25,1,1,0.0000,0.0000,0.3000,0.00,0.8300,0.4200,1.0000,6.50,180.00,1.050000,0.000000,0.000000,1.500000,0.000000,0.000000,1.200000,0.000000,0.000000,1.050000,0.000000,0.000000,1.350000,0.060000,0.000000,0.008000,0.000000,0.000600,0.008000,0.000000,0.000600,0.006000,0.000000,0.000000,1,1,1,375,243,379789,379789,210265,169523,0,60.00,14135,3205,331,0,0,0,14100,500.50,500.50,4,1642,0.0000,0.4810,0.4950,0.6870,0.5040
2026-04-27T17:38:28.006,6.255,1,0.60,-3.90,-3.04,-2.01,1,-0.0295,0.1212,-0.1354,-0.0247,0.0222,0.0000,-1.22,0.00,38.80,58.91,376,376,1.00000,1.00000,1.00000,1.00000,3,3,1,16.68696,0.00425,1.06766,0.0295,-0.1212,0.4354,-0.0247,0.0222,0.0000,1.22,-6.93,175.16,1,1,0.0000,0.0000,0.3000,0.00,0.8300,0.4200,1.0000,6.50,180.00,1.050000,0.000000,0.000000,1.500000,0.000000,0.000000,1.200000,0.000000,0.000000,1.050000,0.000000,0.000000,1.350000,0.060000,0.000000,0.008000,0.000000,0.000600,0.008000,0.000000,0.000600,0.006000,0.000000,0.000000,1,1,1,376,239,379789,379789,210265,169523,0,60.00,14135,3205,331,0,0,0,14100,500.50,500.50,4,1642,0.0000,0.4810,0.4950,0.6870,0.5040
2026-04-27T17:38:28.026,6.275,1,0.60,-3.90,-3.04,-2.01,1,-0.0290,0.1208,-0.1356,-0.0244,0.0209,0.0000,-1.28,3.00,79.56,61.71,377,377,1.00000,1.00000,1.00000,1.00000,3,3,1,16.69941,0.00419,1.06592,0.0290,-0.1208,0.4356,-0.0244,0.0209,0.0000,1.28,-6.75,175.10,1,1,0.0000,0.0000,0.3000,0.00,0.8300,0.4200,1.0000,6.50,180.00,1.050000,0.000000,0.000000,1.500000,0.000000,0.000000,1.200000,0.000000,0.000000,1.050000,0.000000,0.000000,1.350000,0.060000,0.000000,0.008000,0.000000,0.000600,0.008000,0.000000,0.000600,0.006000,0.000000,0.000000,1,1,1,377,238,379789,379789,210265,169523,0,60.00,14135,3205,331,0,0,0,14100,500.50,500.50,4,1642,0.0000,0.4810,0.4950,0.6870,0.5040
2026-04-27T17:38:28.045,6.294,1,0.60,-3.90,-3.04,-2.01,1,-0.0285,0.1202,-0.1356,-0.0301,0.0313,0.0000,-1.26,-1.16,50.07,61.10,378,378,1.00000,1.00000,1.00000,1.00000,3,3,1,16.56289,0.00418,1.06531,0.0285,-0.1202,0.4356,-0.0301,0.0313,0.0000,1.26,-6.55,175.17,1,1,0.0000,0.0000,0.3000,0.00,0.8300,0.4200,1.0000,6.50,180.00,1.050000,0.000000,0.000000,1.500000,0.000000,0.000000,1.200000,0.000000,0.000000,1.050000,0.000000,0.000000,1.350000,0.060000,0.000000,0.008000,0.000000,0.000600,0.008000,0.000000,0.000600,0.006000,0.000000,0.000000,1,1,1,378,237,379789,379789,210265,169523,0,60.00,14135,3205,331,0,0,0,14100,500.50,500.50,4,1642,0.0000,0.4810,0.4950,0.6870,0.5040
2026-04-27T17:38:28.049,6.298,1,0.40,-4.20,-1.97,-1.01,1,-0.0279,0.1195,-0.1358,-0.0711,0.0791,0.0178,-1.30,7.11,52.94,97.09,379,379,1.00000,1.00000,1.00000,1.00000,3,3,1,16.53159,0.00402,1.06623,0.0279,-0.1195,0.4358,-0.0711,0.0791,0.0178,1.30,-6.60,175.08,1,1,0.0000,0.0000,0.3000,0.00,0.8300,0.4200,1.0000,6.50,180.00,1.050000,0.000000,0.000000,1.500000,0.000000,0.000000,1.200000,0.000000,0.000000,1.050000,0.000000,0.000000,1.350000,0.060000,0.000000,0.008000,0.000000,0.000600,0.008000,0.000000,0.000600,0.006000,0.000000,0.000000,1,1,1,379,241,379789,379789,210265,169523,0,60.00,14135,3205,331,0,0,0,14100,500.50,500.50,4,1642,0.0000,0.4810,0.4950,0.6870,0.5040
2026-04-27T17:38:28.077,6.326,1,0.40,-4.20,-1.97,-1.01,1,-0.0269,0.1183,-0.1359,-0.0598,0.0689,0.0118,-1.26,-1.41,50.00,53.86,380,380,1.00000,1.00000,1.00000,1.00000,3,3,1,16.49615,0.00424,1.06987,0.0269,-0.1183,0.4359,-0.0598,0.0689,0.0118,1.26,-6.71,175.04,1,1,0.0000,0.0000,0.3000,0.00,0.8300,0.4200,1.0000,6.50,180.00,1.050000,0.000000,0.000000,1.500000,0.000000,0.000000,1.200000,0.000000,0.000000,1.050000,0.000000,0.000000,1.350000,0.060000,0.000000,0.008000,0.000000,0.000600,0.008000,0.000000,0.000600,0.006000,0.000000,0.000000,1,1,1,380,242,379789,379789,210265,169523,0,60.00,14135,3205,331,0,0,0,14100,500.50,500.50,4,1642,0.0000,0.4810,0.4950,0.6870,0.5040
2026-04-27T17:38:28.091,6.340,1,0.40,-4.20,-1.97,-1.01,1,-0.0262,0.1171,-0.1358,-0.0414,0.0593,0.0000,-1.20,-4.27,81.10,75.34,381,381,1.00000,1.00000,1.00000,1.00000,3,3,1,16.40870,0.00405,1.06653,0.0262,-0.1171,0.4358,-0.0414,0.0593,0.0000,1.20,-6.71,175.03,1,1,0.0000,0.0000,0.3000,0.00,0.8300,0.4200,1.0000,6.50,180.00,1.050000,0.000000,0.000000,1.500000,0.000000,0.000000,1.200000,0.000000,0.000000,1.050000,0.000000,0.000000,1.350000,0.060000,0.000000,0.008000,0.000000,0.000600,0.008000,0.000000,0.000600,0.006000,0.000000,0.000000,1,1,1,381,238,379789,379789,210265,169523,0,60.00,14135,3205,331,0,0,0,14100,500.50,500.50,4,1642,0.0000,0.4810,0.4950,0.6870,0.5040
2026-04-27T17:38:28.111,6.360,1,0.50,-4.30,1.01,-0.95,1,-0.0257,0.1163,-0.1360,-0.0421,0.0582,0.0000,-1.15,-2.88,71.13,41.78,382,382,1.00000,1.00000,1.00000,1.00000,3,3,1,16.33020,0.00414,1.06694,0.0257,-0.1163,0.4360,-0.0421,0.0582,0.0000,1.15,-6.60,175.18,1,1,0.0000,0.0000,0.3000,0.00,0.8300,0.4200,1.0000,6.50,180.00,1.050000,0.000000,0.000000,1.500000,0.000000,0.000000,1.200000,0.000000,0.000000,1.050000,0.000000,0.000000,1.350000,0.060000,0.000000,0.008000,0.000000,0.000600,0.008000,0.000000,0.000600,0.006000,0.000000,0.000000,1,1,1,382,238,379789,379789,210265,169523,0,60.00,14135,3205,331,0,0,0,14100,500.50,500.50,4,1642,0.0000,0.4810,0.4950,0.6870,0.5040
2026-04-27T17:38:28.128,6.378,1,0.50,-4.30,1.01,-0.95,1,-0.0250,0.1151,-0.1359,-0.0431,0.0688,0.0000,-1.01,-7.33,50.08,58.68,383,383,1.00000,1.00000,1.00000,1.00000,3,3,1,16.20257,0.00427,1.06769,0.0250,-0.1151,0.4359,-0.0431,0.0688,0.0000,1.01,-6.61,175.21,1,1,0.0000,0.0000,0.3000,0.00,0.8300,0.4200,1.0000,6.50,180.00,1.050000,0.000000,0.000000,1.500000,0.000000,0.000000,1.200000,0.000000,0.000000,1.050000,0.000000,0.000000,1.350000,0.060000,0.000000,0.008000,0.000000,0.000600,0.008000,0.000000,0.000600,0.006000,0.000000,0.000000,1,1,1,383,239,379789,379789,210265,169523,0,60.00,14135,3205,331,0,0,0,14100,500.50,500.50,4,1642,0.0000,0.4810,0.4950,0.6870,0.5040
2026-04-27T17:38:28.145,6.395,1,0.50,-4.30,1.01,-0.95,1,-0.0241,0.1136,-0.1358,-0.0496,0.0810,0.0000,-0.96,-3.07,57.20,58.54,384,384,1.00000,1.00000,1.00000,1.00000,3,3,1,16.24219,0.00424,1.06734,0.0241,-0.1136,0.4358,-0.0496,0.0810,0.0000,0.96,-6.67,175.15,1,1,0.0000,0.0000,0.3000,0.00,0.8300,0.4200,1.0000,6.50,180.00,1.050000,0.000000,0.000000,1.500000,0.000000,0.000000,1.200000,0.000000,0.000000,1.050000,0.000000,0.000000,1.350000,0.060000,0.000000,0.008000,0.000000,0.000600,0.008000,0.000000,0.000600,0.006000,0.000000,0.000000,1,1,1,384,238,379789,379789,210265,169523,0,60.00,14135,3205,331,0,0,0,14100,500.50,500.50,4,1642,0.0000,0.4810,0.4950,0.6870,0.5040
2026-04-27T17:38:28.160,6.409,1,0.50,-4.30,1.01,-0.95,1,-0.0235,0.1123,-0.1356,-0.1283,0.2449,-0.0259,-0.95,-0.63,59.87,150.75,385,385,1.00000,1.00000,1.00000,1.00000,3,3,1,16.11495,0.00418,1.06521,0.0235,-0.1123,0.4356,-0.1283,0.2449,-0.0259,0.95,-6.62,175.18,1,1,0.0000,0.0000,0.3000,0.00,0.8300,0.4200,1.0000,6.50,180.00,1.050000,0.000000,0.000000,1.500000,0.000000,0.000000,1.200000,0.000000,0.000000,1.050000,0.000000,0.000000,1.350000,0.060000,0.000000,0.008000,0.000000,0.000600,0.008000,0.000000,0.000600,0.006000,0.000000,0.000000,1,1,1,385,244,379789,379789,210265,169523,0,60.00,14135,3205,331,0,0,0,14100,500.50,500.50,4,1642,0.0000,0.4810,0.4950,0.6870,0.5040
2026-04-27T17:38:28.175,6.425,1,0.50,-4.30,1.01,-0.95,1,-0.0219,0.1092,-0.1356,-0.0802,0.1570,0.0000,-0.98,1.91,69.11,45.31,386,386,1.00000,1.00000,1.00000,1.00000,3,3,1,16.12172,0.00414,1.07013,0.0219,-0.1092,0.4356,-0.0802,0.1570,0.0000,0.98,-6.28,175.01,1,1,0.0000,0.0000,0.3000,0.00,0.8300,0.4200,1.0000,6.50,180.00,1.050000,0.000000,0.000000,1.500000,0.000000,0.000000,1.200000,0.000000,0.000000,1.050000,0.000000,0.000000,1.350000,0.060000,0.000000,0.008000,0.000000,0.000600,0.008000,0.000000,0.000600,0.006000,0.000000,0.000000,1,1,1,386,235,379789,379789,210265,169523,0,60.00,14135,3205,331,0,0,0,14100,500.50,500.50,4,1642,0.0000,0.4810,0.4950,0.6870,0.5040
2026-04-27T17:38:28.186,6.435,1,0.50,-4.30,1.01,-0.95,1,-0.0214,0.1083,-0.1354,-0.0911,0.1622,-0.0239,-0.98,0.00,63.70,53.49,387,387,1.00000,1.00000,1.00000,1.00000,3,3,1,15.97454,0.00424,1.06808,0.0214,-0.1083,0.4354,-0.0911,0.1622,-0.0239,0.98,-6.40,175.03,1,1,0.0000,0.0000,0.3000,0.00,0.8300,0.4200,1.0000,6.50,180.00,1.050000,0.000000,0.000000,1.500000,0.000000,0.000000,1.200000,0.000000,0.000000,1.050000,0.000000,0.000000,1.350000,0.060000,0.000000,0.008000,0.000000,0.000600,0.008000,0.000000,0.000600,0.006000,0.000000,0.000000,1,1,1,387,243,379789,379789,210265,169523,0,60.00,14135,3205,331,0,0,0,14100,500.50,500.50,4,1642,0.0000,0.4810,0.4950,0.6870,0.5040
2026-04-27T17:38:28.206,6.455,1,0.50,-4.30,1.01,-0.95,1,-0.0203,0.1065,-0.1353,-0.0711,0.1290,-0.0127,-1.02,2.02,94.35,50.39,388,388,1.00000,1.00000,1.00000,1.00000,3,3,1,15.89759,0.00429,1.07156,0.0203,-0.1065,0.4353,-0.0711,0.1290,-0.0127,1.02,-6.45,174.97,1,1,0.0000,0.0000,0.3000,0.00,0.8300,0.4200,1.0000,6.50,180.00,1.050000,0.000000,0.000000,1.500000,0.000000,0.000000,1.200000,0.000000,0.000000,1.050000,0.000000,0.000000,1.350000,0.060000,0.000000,0.008000,0.000000,0.000600,0.008000,0.000000,0.000600,0.006000,0.000000,0.000000,1,1,1,388,243,379789,379789,210265,169523,0,60.00,14135,3205,331,0,0,0,14100,500.50,500.50,4,1642,0.0000,0.4810,0.4950,0.6870,0.5040
2026-04-27T17:38:28.224,6.473,1,0.50,-4.30,1.01,-0.95,1,-0.0196,0.1048,-0.1354,-0.0572,0.1168,0.0000,-1.06,2.20,50.39,63.44,389,389,1.00000,1.00000,1.00000,1.00000,3,3,1,15.87177,0.00414,1.07173,0.0196,-0.1048,0.4354,-0.0572,0.1168,0.0000,1.06,-6.33,174.87,1,1,0.0000,0.0000,0.3000,0.00,0.8300,0.4200,1.0000,6.50,180.00,1.050000,0.000000,0.000000,1.500000,0.000000,0.000000,1.200000,0.000000,0.000000,1.050000,0.000000,0.000000,1.350000,0.060000,0.000000,0.008000,0.000000,0.000600,0.008000,0.000000,0.000600,0.006000,0.000000,0.000000,1,1,1,389,238,379789,379789,210265,169523,0,60.00,14135,3205,331,0,0,0,14100,500.50,500.50,4,1642,0.0000,0.4810,0.4950,0.6870,0.5040
2026-04-27T17:38:28.244,6.493,1,0.50,-4.30,1.01,-0.95,1,-0.0189,0.1030,-0.1355,-0.0520,0.1126,0.0000,-1.04,-1.00,43.09,57.73,390,390,1.00000,1.00000,1.00000,1.00000,3,3,1,15.71790,0.00434,1.07108,0.0189,-0.1030,0.4355,-0.0520,0.1126,0.0000,1.04,-6.29,174.96,1,1,0.0000,0.0000,0.3000,0.00,0.8300,0.4200,1.0000,6.50,180.00,1.050000,0.000000,0.000000,1.500000,0.000000,0.000000,1.200000,0.000000,0.000000,1.050000,0.000000,0.000000,1.350000,0.060000,0.000000,0.008000,0.000000,0.000600,0.008000,0.000000,0.000600,0.006000,0.000000,0.000000,1,1,1,390,239,379789,379789,210265,169523,0,60.00,14135,3205,331,0,0,0,14100,500.50,500.50,4,1642,0.0000,0.4810,0.4950,0.6870,0.5040
2026-04-27T17:38:28.262,6.511,1,0.60,-4.20,0.95,0.95,1,-0.0177,0.1007,-0.1353,-0.0640,0.1295,0.0000,-0.96,-5.29,62.93,58.63,391,391,1.00000,1.00000,1.00000,1.00000,3,3,1,15.53631,0.00430,1.07263,0.0177,-0.1007,0.4353,-0.0640,0.1295,0.0000,0.96,-6.46,174.88,1,1,0.0000,0.0000,0.3000,0.00,0.8300,0.4200,1.0000,6.50,180.00,1.050000,0.000000,0.000000,1.500000,0.000000,0.000000,1.200000,0.000000,0.000000,1.050000,0.000000,0.000000,1.350000,0.060000,0.000000,0.008000,0.000000,0.000600,0.008000,0.000000,0.000600,0.006000,0.000000,0.000000,1,1,1,391,238,379789,379789,210265,169523,0,60.00,14135,3205,331,0,0,0,14100,500.50,500.50,4,1642,0.0000,0.4810,0.4950,0.6870,0.5040
2026-04-27T17:38:28.279,6.528,1,0.60,-4.20,0.95,0.95,1,-0.0168,0.0985,-0.1353,-0.0544,0.1266,0.0000,-0.95,-0.53,59.67,60.02,392,392,1.00000,1.00000,1.00000,1.00000,3,3,1,15.48261,0.00421,1.07054,0.0168,-0.0985,0.4353,-0.0544,0.1266,0.0000,0.95,-6.50,174.96,1,1,0.0000,0.0000,0.3000,0.00,0.8300,0.4200,1.0000,6.50,180.00,1.050000,0.000000,0.000000,1.500000,0.000000,0.000000,1.200000,0.000000,0.000000,1.050000,0.000000,0.000000,1.350000,0.060000,0.000000,0.008000,0.000000,0.000600,0.008000,0.000000,0.000600,0.006000,0.000000,0.000000,1,1,1,392,238,379789,379789,210265,169523,0,60.00,14135,3205,391,0,0,0,14160,500.00,500.00,8,576,0.0000,0.5010,0.5030,0.6930,0.5030
2026-04-27T17:38:28.294,6.544,1,0.60,-4.20,0.95,0.95,1,-0.0161,0.0964,-0.1353,-0.0524,0.1300,0.0000,-1.00,3.20,55.14,63.37,393,393,1.00000,1.00000,1.00000,1.00000,3,3,1,15.42796,0.00412,1.06566,0.0161,-0.0964,0.4353,-0.0524,0.1300,0.0000,1.00,-6.35,175.22,1,1,0.0000,0.0000,0.3000,0.00,0.8300,0.4200,1.0000,6.50,180.00,1.050000,0.000000,0.000000,1.500000,0.000000,0.000000,1.200000,0.000000,0.000000,1.050000,0.000000,0.000000,1.350000,0.060000,0.000000,0.008000,0.000000,0.000600,0.008000,0.000000,0.000600,0.006000,0.000000,0.000000,1,1,1,393,235,379789,379789,210265,169523,0,60.00,14135,3205,391,0,0,0,14160,500.00,500.00,8,576,0.0000,0.5010,0.5030,0.6930,0.5030
2026-04-27T17:38:28.304,6.553,1,0.60,-4.20,0.95,0.95,1,-0.0152,0.0942,-0.1355,-0.0679,0.1749,0.0100,-1.09,8.88,64.09,66.04,394,394,1.00000,1.00000,1.00000,1.00000,3,3,1,15.22486,0.00413,1.06286,0.0152,-0.0942,0.4355,-0.0679,0.1749,0.0100,1.09,-6.37,175.26,1,1,0.0000,0.0000,0.3000,0.00,0.8300,0.4200,1.0000,6.50,180.00,1.050000,0.000000,0.000000,1.500000,0.000000,0.000000,1.200000,0.000000,0.000000,1.050000,0.000000,0.000000,1.350000,0.060000,0.000000,0.008000,0.000000,0.000600,0.008000,0.000000,0.000600,0.006000,0.000000,0.000000,1,1,1,394,242,379789,379789,210265,169523,0,60.00,14135,3205,391,0,0,0,14160,500.00,500.00,8,576,0.0000,0.5010,0.5030,0.6930,0.5030
2026-04-27T17:38:28.328,6.577,1,0.60,-4.20,0.95,0.95,1,-0.0139,0.0912,-0.1357,-0.0624,0.1471,0.0000,-1.05,-1.74,123.07,54.15,395,395,1.00000,1.00000,1.00000,1.00000,3,3,1,15.14306,0.00423,1.06641,0.0139,-0.0912,0.4357,-0.0624,0.1471,0.0000,1.05,-6.40,175.28,1,1,0.0000,0.0000,0.3000,0.00,0.8300,0.4200,1.0000,6.50,180.00,1.050000,0.000000,0.000000,1.500000,0.000000,0.000000,1.200000,0.000000,0.000000,1.050000,0.000000,0.000000,1.350000,0.060000,0.000000,0.008000,0.000000,0.000600,0.008000,0.000000,0.000600,0.006000,0.000000,0.000000,1,1,1,395,238,379789,379789,210265,169523,0,60.00,14135,3205,391,0,0,0,14160,500.00,500.00,8,576,0.0000,0.5010,0.5030,0.6930,0.5030
2026-04-27T17:38:28.344,6.593,1,0.60,-4.20,0.95,0.95,1,-0.0127,0.0886,-0.1358,-0.0687,0.1597,0.0000,-0.99,-3.46,40.91,57.83,396,396,1.00000,1.00000,1.00000,1.00000,3,3,1,14.96236,0.00437,1.06750,0.0127,-0.0886,0.4358,-0.0687,0.1597,0.0000,0.99,-6.52,175.40,1,1,0.0000,0.0000,0.3000,0.00,0.8300,0.4200,1.0000,6.50,180.00,1.050000,0.000000,0.000000,1.500000,0.000000,0.000000,1.200000,0.000000,0.000000,1.050000,0.000000,0.000000,1.350000,0.060000,0.000000,0.008000,0.000000,0.000600,0.008000,0.000000,0.000600,0.006000,0.000000,0.000000,1,1,1,396,237,379789,379789,210265,169523,0,60.00,14135,3205,391,0,0,0,14160,500.00,500.00,8,576,0.0000,0.5010,0.5030,0.6930,0.5030
2026-04-27T17:38:28.361,6.610,1,0.60,-4.20,0.95,0.95,1,-0.0121,0.0858,-0.1364,-0.0485,0.1648,0.0221,-0.99,0.00,63.08,64.29,397,397,1.00000,1.00000,1.00000,1.00000,3,3,1,14.91920,0.00432,1.06966,0.0121,-0.0858,0.4364,-0.0485,0.1648,0.0221,0.99,-6.06,175.38,1,1,0.0000,0.0000,0.3000,0.00,0.8300,0.4200,1.0000,6.50,180.00,1.050000,0.000000,0.000000,1.500000,0.000000,0.000000,1.200000,0.000000,0.000000,1.050000,0.000000,0.000000,1.350000,0.060000,0.000000,0.008000,0.000000,0.000600,0.008000,0.000000,0.000600,0.006000,0.000000,0.000000,1,1,1,397,243,379789,379789,210265,169523,0,60.00,14135,3205,391,0,0,0,14160,500.00,500.00,8,576,0.0000,0.5010,0.5030,0.6930,0.5030
2026-04-27T17:38:28.376,6.625,1,0.60,-4.20,0.95,0.95,1,-0.0110,0.0829,-0.1363,-0.0666,0.1809,0.0000,-0.89,-6.22,55.14,58.31,398,398,1.00000,1.00000,1.00000,1.00000,3,3,1,14.76628,0.00438,1.06637,0.0110,-0.0829,0.4363,-0.0666,0.1809,0.0000,0.89,-6.22,175.32,1,1,0.0000,0.0000,0.3000,0.00,0.8300,0.4200,1.0000,6.50,180.00,1.050000,0.000000,0.000000,1.500000,0.000000,0.000000,1.200000,0.000000,0.000000,1.050000,0.000000,0.000000,1.350000,0.060000,0.000000,0.008000,0.000000,0.000600,0.008000,0.000000,0.000600,0.006000,0.000000,0.000000,1,1,1,398,239,379789,379789,210265,169523,0,60.00,14135,3205,391,0,0,0,14160,500.00,500.00,8,576,0.0000,0.5010,0.5030,0.6930,0.5030
2026-04-27T17:38:28.393,6.643,1,0.60,-4.20,0.95,0.95,1,-0.0101,0.0797,-0.1369,-0.0566,0.1761,0.0234,-0.96,4.07,71.07,59.56,399,399,1.00000,1.00000,1.00000,1.00000,3,3,1,14.64803,0.00420,1.07149,0.0101,-0.0797,0.4369,-0.0566,0.1761,0.0234,0.96,-5.74,175.19,1,1,0.0000,0.0000,0.3000,0.00,0.8300,0.4200,1.0000,6.50,180.00,1.050000,0.000000,0.000000,1.500000,0.000000,0.000000,1.200000,0.000000,0.000000,1.050000,0.000000,0.000000,1.350000,0.060000,0.000000,0.008000,0.000000,0.000600,0.008000,0.000000,0.000600,0.006000,0.000000,0.000000,1,1,1,399,241,379789,379789,210265,169523,0,60.00,14135,3205,391,0,0,0,14160,500.00,500.00,8,576,0.0000,0.5010,0.5030,0.6930,0.5030
2026-04-27T17:38:28.411,6.660,1,0.60,-4.20,0.95,0.95,1,-0.0088,0.0768,-0.1369,-0.0720,0.1783,0.0000,-0.90,-3.43,58.14,60.00,400,400,1.00000,1.00000,1.00000,1.00000,3,3,1,14.39005,0.00411,1.06784,0.0088,-0.0768,0.4369,-0.0720,0.1783,0.0000,0.90,-5.97,175.36,1,1,0.0000,0.0000,0.3000,0.00,0.8300,0.4200,1.0000,6.50,180.00,1.050000,0.000000,0.000000,1.500000,0.000000,0.000000,1.200000,0.000000,0.000000,1.050000,0.000000,0.000000,1.350000,0.060000,0.000000,0.008000,0.000000,0.000600,0.008000,0.000000,0.000600,0.006000,0.000000,0.000000,1,1,1,400,238,379789,379789,210265,169523,0,60.00,14135,3205,391,0,0,0,14160,500.00,500.00,8,576,0.0000,0.5010,0.5030,0.6930,0.5030
2026-04-27T17:38:28.428,6.677,1,0.60,-4.20,0.95,0.95,1,-0.0077,0.0736,-0.1370,-0.0643,0.1865,0.0000,-0.84,-3.76,54.08,61.97,401,401,1.00000,1.00000,1.00000,1.00000,3,3,1,14.42129,0.00450,1.07208,0.0077,-0.0736,0.4370,-0.0643,0.1865,0.0000,0.84,-6.06,175.32,1,1,0.0000,0.0000,0.3000,0.00,0.8300,0.4200,1.0000,6.50,180.00,1.050000,0.000000,0.000000,1.500000,0.000000,0.000000,1.200000,0.000000,0.000000,1.050000,0.000000,0.000000,1.350000,0.060000,0.000000,0.008000,0.000000,0.000600,0.008000,0.000000,0.000600,0.006000,0.000000,0.000000,1,1,1,401,239,379789,379789,210265,169523,0,60.00,14135,3205,391,0,0,0,14160,500.00,500.00,8,576,0.0000,0.5010,0.5030,0.6930,0.5030
2026-04-27T17:38:28.442,6.691,1,0.60,-4.20,0.95,0.95,1,-0.0068,0.0702,-0.1372,-0.0623,0.1997,0.0103,-0.86,1.32,58.11,58.70,402,402,1.00000,1.00000,1.00000,1.00000,3,3,1,14.17019,0.00413,1.06950,0.0068,-0.0702,0.4372,-0.0623,0.1997,0.0103,0.86,-5.89,175.33,1,1,0.0000,0.0000,0.3000,0.00,0.8300,0.4200,1.0000,6.50,180.00,1.050000,0.000000,0.000000,1.500000,0.000000,0.000000,1.200000,0.000000,0.000000,1.050000,0.000000,0.000000,1.350000,0.060000,0.000000,0.008000,0.000000,0.000600,0.008000,0.000000,0.000600,0.006000,0.000000,0.000000,1,1,1,402,239,379789,379789,210265,169523,0,60.00,14135,3205,391,0,0,0,14160,500.00,500.00,8,576,0.0000,0.5010,0.5030,0.6930,0.5030
2026-04-27T17:38:28.460,6.710,1,0.70,-4.00,1.00,0.00,1,-0.0056,0.0671,-0.1375,-0.0672,0.1923,0.0173,-0.85,-0.54,77.92,63.76,403,403,1.00000,1.00000,1.00000,1.00000,3,3,1,14.12110,0.00421,1.07072,0.0056,-0.0671,0.4375,-0.0672,0.1923,0.0173,0.85,-5.88,175.30,1,1,0.0000,0.0000,0.3000,0.00,0.8300,0.4200,1.0000,6.50,180.00,1.050000,0.000000,0.000000,1.500000,0.000000,0.000000,1.200000,0.000000,0.000000,1.050000,0.000000,0.000000,1.350000,0.060000,0.000000,0.008000,0.000000,0.000600,0.008000,0.000000,0.000600,0.006000,0.000000,0.000000,1,1,1,403,242,379789,379789,210265,169523,0,60.00,14135,3205,391,0,0,0,14160,500.00,500.00,8,576,0.0000,0.5010,0.5030,0.6930,0.5030
2026-04-27T17:38:28.477,6.726,1,0.70,-4.00,1.00,0.00,1,-0.0049,0.0635,-0.1375,-0.0536,0.2086,0.0000,-0.77,-4.84,48.63,58.70,404,404,1.00000,1.00000,1.00000,1.00000,3,3,1,13.92093,0.00413,1.06851,0.0049,-0.0635,0.4375,-0.0536,0.2086,0.0000,0.77,-5.63,175.42,1,1,0.0000,0.0000,0.3000,0.00,0.8300,0.4200,1.0000,6.50,180.00,1.050000,0.000000,0.000000,1.500000,0.000000,0.000000,1.200000,0.000000,0.000000,1.050000,0.000000,0.000000,1.350000,0.060000,0.000000,0.008000,0.000000,0.000600,0.008000,0.000000,0.000600,0.006000,0.000000,0.000000,1,1,1,404,239,379789,379789,210265,169523,0,60.00,14135,3205,391,0,0,0,14160,500.00,500.00,8,576,0.0000,0.5010,0.5030,0.6930,0.5030
2026-04-27T17:38:28.494,6.743,1,0.70,-4.00,1.00,0.00,1,-0.0037,0.0603,-0.1378,-0.0693,0.2067,0.0142,-0.82,2.92,60.53,58.45,405,405,1.00000,1.00000,1.00000,1.00000,3,3,1,13.80895,0.00423,1.07016,0.0037,-0.0603,0.4378,-0.0693,0.2067,0.0142,0.82,-5.70,175.41,1,1,0.0000,0.0000,0.3000,0.00,0.8300,0.4200,1.0000,6.50,180.00,1.050000,0.000000,0.000000,1.500000,0.000000,0.000000,1.200000,0.000000,0.000000,1.050000,0.000000,0.000000,1.350000,0.060000,0.000000,0.008000,0.000000,0.000600,0.008000,0.000000,0.000600,0.006000,0.000000,0.000000,1,1,1,405,241,379789,379789,210265,169523,0,60.00,14135,3205,391,0,0,0,14160,500.00,500.00,8,576,0.0000,0.5010,0.5030,0.6930,0.5030
2026-04-27T17:38:28.510,6.759,1,0.80,-3.70,0.95,2.98,1,-0.0025,0.0564,-0.1378,-0.0650,0.2146,0.0000,-0.83,0.62,58.43,64.42,406,406,1.00000,1.00000,1.00000,1.00000,3,3,1,13.65817,0.00432,1.07309,0.0025,-0.0564,0.4378,-0.0650,0.2146,0.0000,0.83,-5.59,175.45,1,1,0.0000,0.0000,0.3000,0.00,0.8300,0.4200,1.0000,6.50,180.00,1.050000,0.000000,0.000000,1.500000,0.000000,0.000000,1.200000,0.000000,0.000000,1.050000,0.000000,0.000000,1.350000,0.060000,0.000000,0.008000,0.000000,0.000600,0.008000,0.000000,0.000600,0.006000,0.000000,0.000000,1,1,1,406,239,379789,379789,210265,169523,0,60.00,14135,3205,391,0,0,0,14160,500.00,500.00,8,576,0.0000,0.5010,0.5030,0.6930,0.5030
2026-04-27T17:38:28.527,6.777,1,0.80,-3.70,0.95,2.98,1,-0.0016,0.0529,-0.1381,-0.0584,0.2097,0.0138,-0.84,0.58,63.41,57.66,407,407,1.00000,1.00000,1.00000,1.00000,3,3,1,13.54598,0.00418,1.06974,0.0016,-0.0529,0.4381,-0.0584,0.2097,0.0138,0.84,-5.41,175.46,1,1,0.0000,0.0000,0.3000,0.00,0.8300,0.4200,1.0000,6.50,180.00,1.050000,0.000000,0.000000,1.500000,0.000000,0.000000,1.200000,0.000000,0.000000,1.050000,0.000000,0.000000,1.350000,0.060000,0.000000,0.008000,0.000000,0.000600,0.008000,0.000000,0.000600,0.006000,0.000000,0.000000,1,1,1,407,242,379789,379789,210265,169523,0,60.00,14135,3205,391,0,0,0,14160,500.00,500.00,8,576,0.0000,0.5010,0.5030,0.6930,0.5030
2026-04-27T17:38:28.544,6.794,1,0.80,-3.70,0.95,2.98,1,-0.0007,0.0493,-0.1381,-0.0561,0.2128,0.0000,-0.95,6.88,64.11,58.88,408,408,1.00000,1.00000,1.00000,1.00000,3,3,1,13.39656,0.00416,1.07116,0.0007,-0.0493,0.4381,-0.0561,0.2128,0.0000,0.95,-5.23,175.49,1,1,0.0000,0.0000,0.3000,0.00,0.8300,0.4200,1.0000,6.50,180.00,1.050000,0.000000,0.000000,1.500000,0.000000,0.000000,1.200000,0.000000,0.000000,1.050000,0.000000,0.000000,1.350000,0.060000,0.000000,0.008000,0.000000,0.000600,0.008000,0.000000,0.000600,0.006000,0.000000,0.000000,1,1,1,408,235,379789,379789,210265,169523,0,60.00,14135,3205,391,0,0,0,14160,500.00,500.00,8,576,0.0000,0.5010,0.5030,0.6930,0.5030
2026-04-27T17:38:28.559,6.808,1,0.80,-3.70,0.95,2.98,1,0.0003,0.0455,-0.1378,-0.0620,0.2231,0.0000,-0.83,-7.77,58.63,59.94,409,409,1.00000,1.00000,1.00000,1.00000,3,3,1,13.31463,0.00412,1.06869,-0.0003,-0.0455,0.4378,-0.0620,0.2231,0.0000,0.83,-5.29,175.69,1,1,0.0000,0.0000,0.3000,0.00,0.8300,0.4200,1.0000,6.50,180.00,1.050000,0.000000,0.000000,1.500000,0.000000,0.000000,1.200000,0.000000,0.000000,1.050000,0.000000,0.000000,1.350000,0.060000,0.000000,0.008000,0.000000,0.000600,0.008000,0.000000,0.000600,0.006000,0.000000,0.000000,1,1,1,409,235,379789,379789,210265,169523,0,60.00,14135,3205,391,0,0,0,14160,500.00,500.00,8,576,0.0000,0.5010,0.5030,0.6930,0.5030
2026-04-27T17:38:28.577,6.827,1,0.80,-3.70,0.95,2.98,1,0.0015,0.0417,-0.1378,-0.0681,0.2288,0.0000,-0.87,2.17,69.55,60.02,410,410,1.00000,1.00000,1.00000,1.00000,3,3,1,13.02944,0.00419,1.07345,-0.0015,-0.0417,0.4378,-0.0681,0.2288,0.0000,0.87,-5.40,175.75,1,1,0.0000,0.0000,0.3000,0.00,0.8300,0.4200,1.0000,6.50,180.00,1.050000,0.000000,0.000000,1.500000,0.000000,0.000000,1.200000,0.000000,0.000000,1.050000,0.000000,0.000000,1.350000,0.060000,0.000000,0.008000,0.000000,0.000600,0.008000,0.000000,0.000600,0.006000,0.000000,0.000000,1,1,1,410,239,379789,379789,210265,169523,0,60.00,14135,3205,391,0,0,0,14160,500.00,500.00,8,576,0.0000,0.5010,0.5030,0.6930,0.5030
2026-04-27T17:38:28.594,6.843,1,0.80,-3.70,0.95,2.98,1,0.0023,0.0376,-0.1375,-0.0525,0.2358,0.0000,-0.85,-1.26,51.40,57.88,411,411,1.00000,1.00000,1.00000,1.00000,3,3,1,12.97556,0.00426,1.06940,-0.0023,-0.0376,0.4375,-0.0525,0.2358,0.0000,0.85,-5.22,175.73,1,1,0.0000,0.0000,0.3000,0.00,0.8300,0.4200,1.0000,6.50,180.00,1.050000,0.000000,0.000000,1.500000,0.000000,0.000000,1.200000,0.000000,0.000000,1.050000,0.000000,0.000000,1.350000,0.060000,0.000000,0.008000,0.000000,0.000600,0.008000,0.000000,0.000600,0.006000,0.000000,0.000000,1,1,1,411,240,379789,379789,210265,169523,0,60.00,14135,3205,391,0,0,0,14160,500.00,500.00,8,576,0.0000,0.5010,0.5030,0.6930,0.5030
2026-04-27T17:38:28.611,6.860,1,0.80,-3.70,0.95,2.98,1,0.0036,0.0338,-0.1375,-0.0693,0.2270,0.0000,-0.83,-1.12,59.21,60.61,412,412,1.00000,1.00000,1.00000,1.00000,3,3,1,12.89267,0.00442,1.07492,-0.0036,-0.0338,0.4375,-0.0693,0.2270,0.0000,0.83,-5.45,175.79,1,1,0.0000,0.0000,0.3000,0.00,0.8300,0.4200,1.0000,6.50,180.00,1.050000,0.000000,0.000000,1.500000,0.000000,0.000000,1.200000,0.000000,0.000000,1.050000,0.000000,0.000000,1.350000,0.060000,0.000000,0.008000,0.000000,0.000600,0.008000,0.000000,0.000600,0.006000,0.000000,0.000000,1,1,1,412,240,379789,379789,210265,169523,0,60.00,14135,3205,391,0,0,0,14160,500.00,500.00,8,576,0.0000,0.5010,0.5030,0.6930,0.5030
2026-04-27T17:38:28.628,6.877,1,0.80,-3.70,0.95,2.98,1,0.0043,0.0296,-0.1372,-0.0503,0.2459,-0.0131,-0.72,-6.95,59.54,61.43,413,413,1.00000,1.00000,1.00000,1.00000,3,3,1,12.73688,0.00404,1.07195,-0.0043,-0.0296,0.4372,-0.0503,0.2459,-0.0131,0.72,-5.21,175.76,1,1,0.0000,0.0000,0.3000,0.00,0.8300,0.4200,1.0000,6.50,180.00,1.050000,0.000000,0.000000,1.500000,0.000000,0.000000,1.200000,0.000000,0.000000,1.050000,0.000000,0.000000,1.350000,0.060000,0.000000,0.008000,0.000000,0.000600,0.008000,0.000000,0.000600,0.006000,0.000000,0.000000,1,1,1,413,243,379789,379789,210265,169523,0,60.00,14135,3205,391,0,0,0,14160,500.00,500.00,8,576,0.0000,0.5010,0.5030,0.6930,0.5030
2026-04-27T17:38:28.642,6.892,1,0.80,-3.70,0.95,2.98,1,0.0053,0.0256,-0.1369,-0.0598,0.2451,-0.0131,-0.76,2.57,59.43,57.94,414,414,1.00000,1.00000,1.00000,1.00000,3,3,1,12.57769,0.00411,1.07074,-0.0053,-0.0256,0.4369,-0.0598,0.2451,-0.0131,0.76,-5.30,175.82,1,1,0.0000,0.0000,0.3000,0.00,0.8300,0.4200,1.0000,6.50,180.00,1.050000,0.000000,0.000000,1.500000,0.000000,0.000000,1.200000,0.000000,0.000000,1.050000,0.000000,0.000000,1.350000,0.060000,0.000000,0.008000,0.000000,0.000600,0.008000,0.000000,0.000600,0.006000,0.000000,0.000000,1,1,1,414,243,379789,379789,210265,169523,0,60.00,14135,3205,391,0,0,0,14160,500.00,500.00,8,576,0.0000,0.5010,0.5030,0.6930,0.5030
2026-04-27T17:38:28.661,6.910,1,0.70,-3.60,-0.95,0.95,1,0.0063,0.0217,-0.1369,-0.0575,0.2356,0.0000,-0.84,4.26,73.95,60.36,415,415,1.00000,1.00000,1.00000,1.00000,3,3,1,12.50491,0.00425,1.07692,-0.0063,-0.0217,0.4369,-0.0575,0.2356,0.0000,0.84,-5.13,175.80,1,1,0.0000,0.0000,0.3000,0.00,0.8300,0.4200,1.0000,6.50,180.00,1.050000,0.000000,0.000000,1.500000,0.000000,0.000000,1.200000,0.000000,0.000000,1.050000,0.000000,0.000000,1.350000,0.060000,0.000000,0.008000,0.000000,0.000600,0.008000,0.000000,0.000600,0.006000,0.000000,0.000000,1,1,1,415,239,379789,379789,210265,169523,0,60.00,14135,3205,391,0,0,0,14160,500.00,500.00,8,576,0.0000,0.5010,0.5030,0.6930,0.5030
2026-04-27T17:38:28.671,6.920,1,0.70,-3.60,-0.95,0.95,1,0.0073,0.0176,-0.1364,-0.0757,0.3075,-0.0271,-0.71,-13.39,50.52,65.68,416,416,1.00000,1.00000,1.00000,1.00000,3,3,1,12.40149,0.00419,1.07278,-0.0073,-0.0176,0.4364,-0.0757,0.3075,-0.0271,0.71,-5.41,175.87,1,1,0.0000,0.0000,0.3000,0.00,0.8300,0.4200,1.0000,6.50,180.00,1.050000,0.000000,0.000000,1.500000,0.000000,0.000000,1.200000,0.000000,0.000000,1.050000,0.000000,0.000000,1.350000,0.060000,0.000000,0.008000,0.000000,0.000600,0.008000,0.000000,0.000600,0.006000,0.000000,0.000000,1,1,1,416,245,379789,379789,210265,169523,0,60.00,14135,3205,391,0,0,0,14160,500.00,500.00,8,576,0.0000,0.5010,0.5030,0.6930,0.5030
2026-04-27T17:38:28.691,6.940,1,0.70,-3.60,-0.95,0.95,1,0.0083,0.0127,-0.1359,-0.0607,0.2682,-0.0262,-0.74,1.51,114.86,56.54,417,417,1.00000,1.00000,1.00000,1.00000,3,3,1,12.22038,0.00418,1.07108,-0.0083,-0.0127,0.4359,-0.0607,0.2682,-0.0262,0.74,-5.47,176.02,1,1,0.0000,0.0000,0.3000,0.00,0.8300,0.4200,1.0000,6.50,180.00,1.050000,0.000000,0.000000,1.500000,0.000000,0.000000,1.200000,0.000000,0.000000,1.050000,0.000000,0.000000,1.350000,0.060000,0.000000,0.008000,0.000000,0.000600,0.008000,0.000000,0.000600,0.006000,0.000000,0.000000,1,1,1,417,245,379789,379789,210265,169523,0,60.00,14135,3205,391,0,0,0,14160,500.00,500.00,8,576,0.0000,0.5010,0.5030,0.6930,0.5030
2026-04-27T17:38:28.710,6.960,1,0.80,-3.29,0.96,3.01,1,0.0092,0.0086,-0.1357,-0.0543,0.2433,-0.0143,-0.62,-6.03,50.45,58.64,418,418,1.00000,1.00000,1.00000,1.00000,3,3,1,12.10700,0.00412,1.07361,-0.0092,-0.0086,0.4357,-0.0543,0.2433,-0.0143,0.62,-5.36,176.03,1,1,0.0000,0.0000,0.3000,0.00,0.8300,0.4200,1.0000,6.50,180.00,1.050000,0.000000,0.000000,1.500000,0.000000,0.000000,1.200000,0.000000,0.000000,1.050000,0.000000,0.000000,1.350000,0.060000,0.000000,0.008000,0.000000,0.000600,0.008000,0.000000,0.000600,0.006000,0.000000,0.000000,1,1,1,418,245,379789,379789,210265,169523,0,60.00,14135,3205,391,0,0,0,14160,500.00,500.00,8,576,0.0000,0.5010,0.5030,0.6930,0.5030
2026-04-27T17:38:28.728,6.977,1,0.80,-3.29,0.96,3.01,1,0.0102,0.0045,-0.1354,-0.0611,0.2613,-0.0209,-0.57,-3.11,50.24,62.12,419,419,1.00000,1.00000,1.00000,1.00000,3,3,1,11.97347,0.00411,1.07510,-0.0102,-0.0045,0.4354,-0.0611,0.2613,-0.0209,0.57,-5.50,176.02,1,1,0.0000,0.0000,0.3000,0.00,0.8300,0.4200,1.0000,6.50,180.00,1.050000,0.000000,0.000000,1.500000,0.000000,0.000000,1.200000,0.000000,0.000000,1.050000,0.000000,0.000000,1.350000,0.060000,0.000000,0.008000,0.000000,0.000600,0.008000,0.000000,0.000600,0.006000,0.000000,0.000000,1,1,1,419,243,379789,379789,210265,169523,0,60.00,14135,3205,391,0,0,0,14160,500.00,500.00,8,576,0.0000,0.5010,0.5030,0.6930,0.5030
2026-04-27T17:38:28.744,6.994,1,0.80,-3.29,0.96,3.01,1,0.0110,-0.0001,-0.1349,-0.0518,0.2671,-0.0262,-0.65,4.77,55.26,59.69,420,420,1.00000,1.00000,1.00000,1.00000,3,3,1,11.83273,0.00409,1.07300,-0.0110,0.0001,0.4349,-0.0518,0.2671,-0.0262,0.65,-5.40,176.09,1,1,0.0000,0.0000,0.3000,0.00,0.8300,0.4200,1.0000,6.50,180.00,1.050000,0.000000,0.000000,1.500000,0.000000,0.000000,1.200000,0.000000,0.000000,1.050000,0.000000,0.000000,1.350000,0.060000,0.000000,0.008000,0.000000,0.000600,0.008000,0.000000,0.000600,0.006000,0.000000,0.000000,1,1,1,420,239,379789,379789,210265,169523,0,60.00,14135,3205,391,0,0,0,14160,500.00,500.00,8,576,0.0000,0.5010,0.5030,0.6930,0.5030
2026-04-27T17:38:28.757,7.007,1,0.80,-3.29,0.96,3.01,1,0.0119,-0.0041,-0.1349,-0.0586,0.2678,0.0000,-0.60,-3.61,60.48,91.55,421,421,1.00000,1.00000,1.00000,1.00000,3,3,1,11.80387,0.00422,1.07270,-0.0119,0.0041,0.4349,-0.0586,0.2678,0.0000,0.60,-5.47,176.17,1,1,0.0000,0.0000,0.3000,0.00,0.8300,0.4200,1.0000,6.50,180.00,1.050000,0.000000,0.000000,1.500000,0.000000,0.000000,1.200000,0.000000,0.000000,1.050000,0.000000,0.000000,1.350000,0.060000,0.000000,0.008000,0.000000,0.000600,0.008000,0.000000,0.000600,0.006000,0.000000,0.000000,1,1,1,421,238,379789,379789,210265,169523,0,60.00,14135,3205,391,0,0,0,14160,500.00,500.00,8,576,0.0000,0.5010,0.5030,0.6930,0.5030
2026-04-27T17:38:28.771,7.021,1,0.80,-3.29,0.96,3.01,1,0.0127,-0.0084,-0.1350,-0.0588,0.2937,0.0000,-0.56,-2.84,82.56,45.40,422,422,1.00000,1.00000,1.00000,1.00000,3,3,1,11.58326,0.00434,1.07604,-0.0127,0.0084,0.4350,-0.0588,0.2937,0.0000,0.56,-5.34,176.21,1,1,0.0000,0.0000,0.3000,0.00,0.8300,0.4200,1.0000,6.50,180.00,1.050000,0.000000,0.000000,1.500000,0.000000,0.000000,1.200000,0.000000,0.000000,1.050000,0.000000,0.000000,1.350000,0.060000,0.000000,0.008000,0.000000,0.000600,0.008000,0.000000,0.000600,0.006000,0.000000,0.000000,1,1,1,422,239,379789,379789,210265,169523,0,60.00,14135,3205,421,0,0,0,14190,500.00,500.00,8,1092,0.0000,0.5200,0.5050,0.6930,0.5020
2026-04-27T17:38:28.790,7.039,1,0.80,-3.29,0.96,3.01,1,0.0136,-0.0132,-0.1350,-0.0507,0.2663,0.0000,-0.55,-0.53,43.86,114.53,423,423,1.00000,1.00000,1.00000,1.00000,3,3,1,11.49066,0.00409,1.07580,-0.0136,0.0132,0.4350,-0.0507,0.2663,0.0000,0.55,-5.10,176.25,1,1,0.0000,0.0000,0.3000,0.00,0.8300,0.4200,1.0000,6.50,180.00,1.050000,0.000000,0.000000,1.500000,0.000000,0.000000,1.200000,0.000000,0.000000,1.050000,0.000000,0.000000,1.350000,0.060000,0.000000,0.008000,0.000000,0.000600,0.008000,0.000000,0.000600,0.006000,0.000000,0.000000,1,1,1,423,238,379789,379789,210265,169523,0,60.00,14135,3205,421,0,0,0,14190,500.00,500.00,8,1092,0.0000,0.5200,0.5050,0.6930,0.5020
2026-04-27T17:38:28.810,7.059,1,0.80,-3.29,0.96,3.01,1,0.0144,-0.0176,-0.1352,-0.0478,0.2550,0.0000,-0.55,0.00,98.78,39.03,424,424,1.00000,1.00000,1.00000,1.00000,3,3,1,11.43371,0.00408,1.07693,-0.0144,0.0176,0.4352,-0.0478,0.2550,0.0000,0.55,-5.00,176.28,1,1,0.0000,0.0000,0.3000,0.00,0.8300,0.4200,1.0000,6.50,180.00,1.050000,0.000000,0.000000,1.500000,0.000000,0.000000,1.200000,0.000000,0.000000,1.050000,0.000000,0.000000,1.350000,0.060000,0.000000,0.008000,0.000000,0.000600,0.008000,0.000000,0.000600,0.006000,0.000000,0.000000,1,1,1,424,236,379789,379789,210265,169523,0,60.00,14135,3205,421,0,0,0,14190,500.00,500.00,8,1092,0.0000,0.5200,0.5050,0.6930,0.5020
2026-04-27T17:38:28.828,7.077,1,0.80,-3.29,0.96,3.01,1,0.0155,-0.0218,-0.1351,-0.0615,0.2670,0.0000,-0.53,-1.20,46.20,85.00,425,425,1.00000,1.00000,1.00000,1.00000,3,3,1,11.19628,0.00428,1.07656,-0.0155,0.0218,0.4351,-0.0615,0.2670,0.0000,0.53,-5.35,176.47,1,1,0.0000,0.0000,0.3000,0.00,0.8300,0.4200,1.0000,6.50,180.00,1.050000,0.000000,0.000000,1.500000,0.000000,0.000000,1.200000,0.000000,0.000000,1.050000,0.000000,0.000000,1.350000,0.060000,0.000000,0.008000,0.000000,0.000600,0.008000,0.000000,0.000600,0.006000,0.000000,0.000000,1,1,1,425,239,379789,379789,210265,169523,0,60.00,14135,3205,421,0,0,0,14190,500.00,500.00,8,1092,0.0000,0.5200,0.5050,0.6930,0.5020
2026-04-27T17:38:28.844,7.093,1,0.80,-3.29,0.96,3.01,1,0.0162,-0.0261,-0.1353,-0.0542,0.2964,0.0000,-0.52,-0.59,62.68,47.88,426,426,1.00000,1.00000,1.00000,1.00000,3,3,1,10.99157,0.00418,1.07151,-0.0162,0.0261,0.4353,-0.0542,0.2964,0.0000,0.52,-5.24,176.58,1,1,0.0000,0.0000,0.3000,0.00,0.8300,0.4200,1.0000,6.50,180.00,1.050000,0.000000,0.000000,1.500000,0.000000,0.000000,1.200000,0.000000,0.000000,1.050000,0.000000,0.000000,1.350000,0.060000,0.000000,0.008000,0.000000,0.000600,0.008000,0.000000,0.000600,0.006000,0.000000,0.000000,1,1,1,426,239,379789,379789,210265,169523,0,60.00,14135,3205,421,0,0,0,14190,500.00,500.00,8,1092,0.0000,0.5200,0.5050,0.6930,0.5020
2026-04-27T17:38:28.860,7.109,1,0.80,-3.29,0.96,3.01,1,0.0171,-0.0306,-0.1351,-0.0653,0.3327,0.0000,-0.51,-0.62,62.46,82.60,427,427,1.00000,1.00000,1.00000,1.00000,3,3,1,10.98387,0.00416,1.07107,-0.0171,0.0306,0.4351,-0.0653,0.3327,0.0000,0.51,-5.22,176.71,1,1,0.0000,0.0000,0.3000,0.00,0.8300,0.4200,1.0000,6.50,180.00,1.050000,0.000000,0.000000,1.500000,0.000000,0.000000,1.200000,0.000000,0.000000,1.050000,0.000000,0.000000,1.350000,0.060000,0.000000,0.008000,0.000000,0.000600,0.008000,0.000000,0.000600,0.006000,0.000000,0.000000,1,1,1,427,239,379849,379849,210325,169523,0,60.00,14195,3263,421,0,0,0,14190,500.00,500.00,8,1092,0.0000,0.5200,0.5050,0.6930,0.5020
2026-04-27T17:38:28.869,7.118,1,0.90,-2.80,1.01,4.89,1,0.0182,-0.0354,-0.1355,-0.0606,0.2886,0.0000,-0.40,-12.54,62.26,55.00,428,428,1.00000,1.00000,1.00000,1.00000,3,3,1,10.90091,0.00434,1.07445,-0.0182,0.0354,0.4355,-0.0606,0.2886,0.0000,0.40,-5.31,176.90,1,1,0.0000,0.0000,0.3000,0.00,0.8300,0.4200,1.0000,6.50,180.00,1.050000,0.000000,0.000000,1.500000,0.000000,0.000000,1.200000,0.000000,0.000000,1.050000,0.000000,0.000000,1.350000,0.060000,0.000000,0.008000,0.000000,0.000600,0.008000,0.000000,0.000600,0.006000,0.000000,0.000000,1,1,1,428,237,379849,379849,210325,169523,0,60.00,14195,3263,421,0,0,0,14190,500.00,500.00,8,1092,0.0000,0.5200,0.5050,0.6930,0.5020
2026-04-27T17:38:28.891,7.141,1,0.90,-2.80,1.01,4.89,1,0.0189,-0.0403,-0.1357,-0.0437,0.2515,0.0000,-0.41,0.44,52.25,49.53,429,429,1.00000,1.00000,1.00000,1.00000,3,3,1,10.65825,0.00408,1.07086,-0.0189,0.0403,0.4357,-0.0437,0.2515,0.0000,0.41,-5.11,176.89,1,1,0.0000,0.0000,0.3000,0.00,0.8300,0.4200,1.0000,6.50,180.00,1.050000,0.000000,0.000000,1.500000,0.000000,0.000000,1.200000,0.000000,0.000000,1.050000,0.000000,0.000000,1.350000,0.060000,0.000000,0.008000,0.000000,0.000600,0.008000,0.000000,0.000600,0.006000,0.000000,0.000000,1,1,1,429,238,379849,379849,210325,169523,0,60.00,14195,3263,421,0,0,0,14190,500.00,500.00,8,1092,0.0000,0.5200,0.5050,0.6930,0.5020
2026-04-27T17:38:28.910,7.159,1,0.90,-2.39,0.00,3.93,1,0.0197,-0.0445,-0.1358,-0.0459,0.2472,0.0000,-0.41,0.00,80.01,58.48,430,430,1.00000,1.00000,1.00000,1.00000,3,3,1,10.68445,0.00425,1.07425,-0.0197,0.0445,0.4358,-0.0459,0.2472,0.0000,0.41,-5.00,176.98,1,1,0.0000,0.0000,0.3000,0.00,0.8300,0.4200,1.0000,6.50,180.00,1.050000,0.000000,0.000000,1.500000,0.000000,0.000000,1.200000,0.000000,0.000000,1.050000,0.000000,0.000000,1.350000,0.060000,0.000000,0.008000,0.000000,0.000600,0.008000,0.000000,0.000600,0.006000,0.000000,0.000000,1,1,1,430,235,379849,379849,210325,169523,0,60.00,14195,3263,421,0,0,0,14190,500.00,500.00,8,1092,0.0000,0.5200,0.5050,0.6930,0.5020
2026-04-27T17:38:28.925,7.174,1,0.90,-2.39,0.00,3.93,1,0.0201,-0.0487,-0.1359,-0.0380,0.2707,0.0000,-0.46,3.31,53.91,61.50,431,431,1.00000,1.00000,1.00000,1.00000,3,3,1,10.55891,0.00397,1.06928,-0.0201,0.0487,0.4359,-0.0380,0.2707,0.0000,0.46,-4.84,177.09,1,1,0.0000,0.0000,0.3000,0.00,0.8300,0.4200,1.0000,6.50,180.00,1.050000,0.000000,0.000000,1.500000,0.000000,0.000000,1.200000,0.000000,0.000000,1.050000,0.000000,0.000000,1.350000,0.060000,0.000000,0.008000,0.000000,0.000600,0.008000,0.000000,0.000600,0.006000,0.000000,0.000000,1,1,1,431,238,379849,379849,210325,169523,0,60.00,14195,3263,421,0,0,0,14190,500.00,500.00,8,1092,0.0000,0.5200,0.5050,0.6930,0.5020
2026-04-27T17:38:28.945,7.194,1,0.90,-2.39,0.00,3.93,1,0.0210,-0.0535,-0.1362,-0.0446,0.2632,0.0138,-0.47,0.50,53.40,60.15,432,432,1.00000,1.00000,1.00000,1.00000,3,3,1,10.43296,0.00410,1.07694,-0.0210,0.0535,0.4362,-0.0446,0.2632,0.0138,0.47,-4.67,177.04,1,1,0.0000,0.0000,0.3000,0.00,0.8300,0.4200,1.0000,6.50,180.00,1.050000,0.000000,0.000000,1.500000,0.000000,0.000000,1.200000,0.000000,0.000000,1.050000,0.000000,0.000000,1.350000,0.060000,0.000000,0.008000,0.000000,0.000600,0.008000,0.000000,0.000600,0.006000,0.000000,0.000000,1,1,1,432,243,379849,379849,210325,169523,0,60.00,14195,3263,421,0,0,0,14190,500.00,500.00,8,1092,0.0000,0.5200,0.5050,0.6930,0.5020
2026-04-27T17:38:28.962,7.211,1,0.90,-2.39,0.00,3.93,1,0.0221,-0.0578,-0.1364,-0.0591,0.2700,0.0108,-0.36,-7.04,61.40,60.03,433,433,1.00000,1.00000,1.00000,1.00000,3,3,1,10.30499,0.00423,1.07765,-0.0221,0.0578,0.4364,-0.0591,0.2700,0.0108,0.36,-4.91,177.14,1,1,0.0000,0.0000,0.3000,0.00,0.8300,0.4200,1.0000,6.50,180.00,1.050000,0.000000,0.000000,1.500000,0.000000,0.000000,1.200000,0.000000,0.000000,1.050000,0.000000,0.000000,1.350000,0.060000,0.000000,0.008000,0.000000,0.000600,0.008000,0.000000,0.000600,0.006000,0.000000,0.000000,1,1,1,433,242,379849,379849,210325,169523,0,60.00,14195,3263,421,0,0,0,14190,500.00,500.00,8,1092,0.0000,0.5200,0.5050,0.6930,0.5020
2026-04-27T17:38:28.978,7.227,1,0.90,-2.39,0.00,3.93,1,0.0228,-0.0623,-0.1365,-0.0465,0.2753,0.0000,-0.31,-3.13,60.10,61.90,434,434,1.00000,1.00000,1.00000,1.00000,3,3,1,10.25063,0.00412,1.07399,-0.0228,0.0623,0.4365,-0.0465,0.2753,0.0000,0.31,-4.91,177.27,1,1,0.0000,0.0000,0.3000,0.00,0.8300,0.4200,1.0000,6.50,180.00,1.050000,0.000000,0.000000,1.500000,0.000000,0.000000,1.200000,0.000000,0.000000,1.050000,0.000000,0.000000,1.350000,0.060000,0.000000,0.008000,0.000000,0.000600,0.008000,0.000000,0.000600,0.006000,0.000000,0.000000,1,1,1,434,239,379849,379849,210325,169523,0,60.00,14195,3263,421,0,0,0,14190,500.00,500.00,8,1092,0.0000,0.5200,0.5050,0.6930,0.5020
2026-04-27T17:38:28.996,7.245,1,0.90,-2.39,0.00,3.93,1,0.0236,-0.0672,-0.1364,-0.0456,0.2699,0.0000,-0.38,3.58,59.00,60.95,435,435,1.00000,1.00000,1.00000,1.00000,3,3,1,10.07438,0.00407,1.07414,-0.0236,0.0672,0.4364,-0.0456,0.2699,0.0000,0.38,-4.81,177.36,1,1,0.0000,0.0000,0.3000,0.00,0.8300,0.4200,1.0000,6.50,180.00,1.050000,0.000000,0.000000,1.500000,0.000000,0.000000,1.200000,0.000000,0.000000,1.050000,0.000000,0.000000,1.350000,0.060000,0.000000,0.008000,0.000000,0.000600,0.008000,0.000000,0.000600,0.006000,0.000000,0.000000,1,1,1,435,238,379849,379849,210325,169523,0,60.00,14195,3263,421,0,0,0,14190,500.00,500.00,8,1092,0.0000,0.5200,0.5050,0.6930,0.5020
2026-04-27T17:38:29.014,7.263,1,0.80,-1.80,-1.01,5.84,1,0.0239,-0.0713,-0.1367,-0.0307,0.2607,0.0138,-0.36,-1.40,56.92,56.40,436,436,1.00000,1.00000,1.00000,1.00000,3,3,1,9.97276,0.00408,1.07302,-0.0239,0.0713,0.4367,-0.0307,0.2607,0.0138,0.36,-4.52,177.47,1,1,0.0000,0.0000,0.3000,0.00,0.8300,0.4200,1.0000,6.50,180.00,1.050000,0.000000,0.000000,1.500000,0.000000,0.000000,1.200000,0.000000,0.000000,1.050000,0.000000,0.000000,1.350000,0.060000,0.000000,0.008000,0.000000,0.000600,0.008000,0.000000,0.000600,0.006000,0.000000,0.000000,1,1,1,436,243,379849,379849,210325,169523,0,60.00,14195,3263,421,0,0,0,14190,500.00,500.00,8,1092,0.0000,0.5200,0.5050,0.6930,0.5020
2026-04-27T17:38:29.029,7.279,1,0.80,-1.80,-1.01,5.84,1,0.0249,-0.0759,-0.1365,-0.0535,0.2859,0.0000,-0.34,-1.05,56.91,60.62,437,437,1.00000,1.00000,1.00000,1.00000,3,3,1,9.89786,0.00414,1.07386,-0.0249,0.0759,0.4365,-0.0535,0.2859,0.0000,0.34,-4.75,177.47,1,1,0.0000,0.0000,0.3000,0.00,0.8300,0.4200,1.0000,6.50,180.00,1.050000,0.000000,0.000000,1.500000,0.000000,0.000000,1.200000,0.000000,0.000000,1.050000,0.000000,0.000000,1.350000,0.060000,0.000000,0.008000,0.000000,0.000600,0.008000,0.000000,0.000600,0.006000,0.000000,0.000000,1,1,1,437,239,379849,379849,210325,169523,0,60.00,14195,3263,421,0,0,0,14190,500.00,500.00,8,1092,0.0000,0.5200,0.5050,0.6930,0.5020
2026-04-27T17:38:29.047,7.297,1,0.80,-1.80,-1.01,5.84,1,0.0255,-0.0798,-0.1367,-0.0379,0.2352,0.0000,-0.23,-6.73,63.70,63.47,438,438,1.00000,1.00000,1.00000,1.00000,3,3,1,9.78386,0.00419,1.07170,-0.0255,0.0798,0.4367,-0.0379,0.2352,0.0000,0.23,-4.76,177.77,1,1,0.0000,0.0000,0.3000,0.00,0.8300,0.4200,1.0000,6.50,180.00,1.050000,0.000000,0.000000,1.500000,0.000000,0.000000,1.200000,0.000000,0.000000,1.050000,0.000000,0.000000,1.350000,0.060000,0.000000,0.008000,0.000000,0.000600,0.008000,0.000000,0.000600,0.006000,0.000000,0.000000,1,1,1,438,238,379849,379849,210325,169523,0,60.00,14195,3263,421,0,0,0,14190,500.00,500.00,8,1092,0.0000,0.5200,0.5050,0.6930,0.5020
2026-04-27T17:38:29.064,7.314,1,0.80,-1.80,-1.01,5.84,1,0.0260,-0.0843,-0.1369,-0.0340,0.2738,0.0105,-0.34,6.24,54.36,58.02,439,439,1.00000,1.00000,1.00000,1.00000,3,3,1,9.68540,0.00393,1.07634,-0.0260,0.0843,0.4369,-0.0340,0.2738,0.0105,0.34,-4.44,177.84,1,1,0.0000,0.0000,0.3000,0.00,0.8300,0.4200,1.0000,6.50,180.00,1.050000,0.000000,0.000000,1.500000,0.000000,0.000000,1.200000,0.000000,0.000000,1.050000,0.000000,0.000000,1.350000,0.060000,0.000000,0.008000,0.000000,0.000600,0.008000,0.000000,0.000600,0.006000,0.000000,0.000000,1,1,1,439,243,379849,379849,210325,169523,0,60.00,14195,3263,421,0,0,0,14190,500.00,500.00,8,1092,0.0000,0.5200,0.5050,0.6930,0.5020
2026-04-27T17:38:29.079,7.328,1,0.80,-1.80,-1.01,5.84,1,0.0270,-0.0888,-0.1366,-0.0525,0.2679,0.0000,-0.23,-7.01,60.05,59.09,440,440,1.00000,1.00000,1.00000,1.00000,3,3,1,9.58050,0.00417,1.07600,-0.0270,0.0888,0.4366,-0.0525,0.2679,0.0000,0.23,-4.81,177.82,1,1,0.0000,0.0000,0.3000,0.00,0.8300,0.4200,1.0000,6.50,180.00,1.050000,0.000000,0.000000,1.500000,0.000000,0.000000,1.200000,0.000000,0.000000,1.050000,0.000000,0.000000,1.350000,0.060000,0.000000,0.008000,0.000000,0.000600,0.008000,0.000000,0.000600,0.006000,0.000000,0.000000,1,1,1,440,239,379849,379849,210325,169523,0,60.00,14195,3263,421,0,0,0,14190,500.00,500.00,8,1092,0.0000,0.5200,0.5050,0.6930,0.5020
2026-04-27T17:38:29.097,7.346,1,0.80,-1.80,-1.01,5.84,1,0.0276,-0.0931,-0.1365,-0.0373,0.2582,0.0000,-0.11,-7.73,68.52,63.13,441,441,1.00000,1.00000,1.00000,1.00000,3,3,1,9.61204,0.00399,1.07164,-0.0276,0.0931,0.4365,-0.0373,0.2582,0.0000,0.11,-4.63,177.92,1,1,0.0000,0.0000,0.3000,0.00,0.8300,0.4200,1.0000,6.50,180.00,1.050000,0.000000,0.000000,1.500000,0.000000,0.000000,1.200000,0.000000,0.000000,1.050000,0.000000,0.000000,1.350000,0.060000,0.000000,0.008000,0.000000,0.000600,0.008000,0.000000,0.000600,0.006000,0.000000,0.000000,1,1,1,441,239,379849,379849,210325,169523,0,60.00,14195,3263,421,0,0,0,14190,500.00,500.00,8,1092,0.0000,0.5200,0.5050,0.6930,0.5020
2026-04-27T17:38:29.113,7.363,1,0.80,-1.80,-1.01,5.84,1,0.0282,-0.0972,-0.1366,-0.0394,0.2622,0.0000,-0.12,0.57,53.29,61.95,442,442,1.00000,1.00000,1.00000,1.00000,3,3,1,9.50579,0.00429,1.07764,-0.0282,0.0972,0.4366,-0.0394,0.2622,0.0000,0.12,-4.67,178.05,1,1,0.0000,0.0000,0.3000,0.00,0.8300,0.4200,1.0000,6.50,180.00,1.050000,0.000000,0.000000,1.500000,0.000000,0.000000,1.200000,0.000000,0.000000,1.050000,0.000000,0.000000,1.350000,0.060000,0.000000,0.008000,0.000000,0.000600,0.008000,0.000000,0.000600,0.006000,0.000000,0.000000,1,1,1,442,239,379849,379849,210325,169523,0,60.00,14195,3263,421,0,0,0,14190,500.00,500.00,8,1092,0.0000,0.5200,0.5050,0.6930,0.5020
2026-04-27T17:38:29.130,7.379,1,0.80,-1.20,0.00,5.78,1,0.0290,-0.1009,-0.1366,-0.0458,0.2451,0.0000,-0.15,1.80,64.74,56.21,443,443,1.00000,1.00000,1.00000,1.00000,3,3,1,9.38510,0.00393,1.07527,-0.0290,0.1009,0.4366,-0.0458,0.2451,0.0000,0.15,-4.77,178.17,1,1,0.0000,0.0000,0.3000,0.00,0.8300,0.4200,1.0000,6.50,180.00,1.050000,0.000000,0.000000,1.500000,0.000000,0.000000,1.200000,0.000000,0.000000,1.050000,0.000000,0.000000,1.350000,0.060000,0.000000,0.008000,0.000000,0.000600,0.008000,0.000000,0.000600,0.006000,0.000000,0.000000,1,1,1,443,239,379849,379849,210325,169523,0,60.00,14195,3263,421,0,0,0,14190,500.00,500.00,8,1092,0.0000,0.5200,0.5050,0.6930,0.5020
2026-04-27T17:38:29.144,7.393,1,0.80,-1.20,0.00,5.78,1,0.0295,-0.1052,-0.1362,-0.0377,0.2660,-0.0144,-0.06,-6.33,57.15,61.68,444,444,1.00000,1.00000,1.00000,1.00000,3,3,1,9.34774,0.00410,1.07497,-0.0295,0.1052,0.4362,-0.0377,0.2660,-0.0144,0.06,-4.78,178.24,1,1,0.0000,0.0000,0.3000,0.00,0.8300,0.4200,1.0000,6.50,180.00,1.050000,0.000000,0.000000,1.500000,0.000000,0.000000,1.200000,0.000000,0.000000,1.050000,0.000000,0.000000,1.350000,0.060000,0.000000,0.008000,0.000000,0.000600,0.008000,0.000000,0.000600,0.006000,0.000000,0.000000,1,1,1,444,244,379849,379849,210325,169523,0,60.00,14195,3263,421,0,0,0,14190,500.00,500.00,8,1092,0.0000,0.5200,0.5050,0.6930,0.5020
2026-04-27T17:38:29.151,7.401,1,0.80,-1.20,0.00,5.78,1,0.0301,-0.1089,-0.1361,-0.0542,0.3400,0.0000,0.02,-9.59,69.80,74.88,445,445,1.00000,1.00000,1.00000,1.00000,3,3,1,9.25961,0.00433,1.07891,-0.0301,0.1089,0.4361,-0.0542,0.3400,0.0000,-0.02,-4.91,178.30,1,1,0.0000,0.0000,0.3000,0.00,0.8300,0.4200,1.0000,6.50,180.00,1.050000,0.000000,0.000000,1.500000,0.000000,0.000000,1.200000,0.000000,0.000000,1.050000,0.000000,0.000000,1.350000,0.060000,0.000000,0.008000,0.000000,0.000600,0.008000,0.000000,0.000600,0.006000,0.000000,0.000000,1,1,1,445,237,379849,379849,210325,169523,0,60.00,14195,3263,421,0,0,0,14190,500.00,500.00,8,1092,0.0000,0.5200,0.5050,0.6930,0.5020
2026-04-27T17:38:29.178,7.427,1,0.80,-1.20,0.00,5.78,1,0.0305,-0.1139,-0.1360,-0.0320,0.2579,0.0000,-0.10,5.15,157.78,62.64,446,446,1.00000,1.00000,1.00000,1.00000,3,3,1,9.20160,0.00387,1.07667,-0.0305,0.1139,0.4360,-0.0320,0.2579,0.0000,0.10,-4.60,178.49,1,1,0.0000,0.0000,0.3000,0.00,0.8300,0.4200,1.0000,6.50,180.00,1.050000,0.000000,0.000000,1.500000,0.000000,0.000000,1.200000,0.000000,0.000000,1.050000,0.000000,0.000000,1.350000,0.060000,0.000000,0.008000,0.000000,0.000600,0.008000,0.000000,0.000600,0.006000,0.000000,0.000000,1,1,1,446,236,379849,379849,210325,169523,0,60.00,14195,3263,421,0,0,0,14190,500.00,500.00,8,1092,0.0000,0.5200,0.5050,0.6930,0.5020
2026-04-27T17:38:29.188,7.437,1,0.80,-1.20,0.00,5.78,1,0.0311,-0.1172,-0.1356,-0.0442,0.2778,-0.0196,-0.09,-0.75,38.00,48.44,447,447,1.00000,1.00000,1.00000,1.00000,3,3,1,9.11703,0.00416,1.07389,-0.0311,0.1172,0.4356,-0.0442,0.2778,-0.0196,0.09,-4.71,178.52,1,1,0.0000,0.0000,0.3000,0.00,0.8300,0.4200,1.0000,6.50,180.00,1.050000,0.000000,0.000000,1.500000,0.000000,0.000000,1.200000,0.000000,0.000000,1.050000,0.000000,0.000000,1.350000,0.060000,0.000000,0.008000,0.000000,0.000600,0.008000,0.000000,0.000600,0.006000,0.000000,0.000000,1,1,1,447,243,379849,379849,210325,169523,0,60.00,14195,3263,421,0,0,0,14190,500.00,500.00,8,1092,0.0000,0.5200,0.5050,0.6930,0.5020
2026-04-27T17:38:29.208,7.458,1,0.80,-1.20,0.00,5.78,1,0.0315,-0.1212,-0.1356,-0.0295,0.2330,0.0000,-0.03,-2.95,97.14,90.63,448,448,1.00000,1.00000,1.00000,1.00000,3,3,1,9.14116,0.00387,1.07307,-0.0315,0.1212,0.4356,-0.0295,0.2330,0.0000,0.03,-4.53,178.60,1,1,0.0000,0.0000,0.3000,0.00,0.8300,0.4200,1.0000,6.50,180.00,1.050000,0.000000,0.000000,1.500000,0.000000,0.000000,1.200000,0.000000,0.000000,1.050000,0.000000,0.000000,1.350000,0.060000,0.000000,0.008000,0.000000,0.000600,0.008000,0.000000,0.000600,0.006000,0.000000,0.000000,1,1,1,448,238,379849,379849,210325,169523,0,60.00,14195,3263,421,0,0,0,14190,500.00,500.00,8,1092,0.0000,0.5200,0.5050,0.6930,0.5020
2026-04-27T17:38:29.227,7.477,1,0.80,-1.20,0.00,5.78,1,0.0320,-0.1246,-0.1354,-0.0336,0.2252,-0.0103,-0.06,1.78,49.17,45.10,449,449,1.00000,1.00000,1.00000,1.00000,3,3,1,9.06702,0.00411,1.07971,-0.0320,0.1246,0.4354,-0.0336,0.2252,-0.0103,0.06,-4.40,178.70,1,1,0.0000,0.0000,0.3000,0.00,0.8300,0.4200,1.0000,6.50,180.00,1.050000,0.000000,0.000000,1.500000,0.000000,0.000000,1.200000,0.000000,0.000000,1.050000,0.000000,0.000000,1.350000,0.060000,0.000000,0.008000,0.000000,0.000600,0.008000,0.000000,0.000600,0.006000,0.000000,0.000000,1,1,1,449,241,379849,379849,210325,169523,0,60.00,14195,3263,421,0,0,0,14190,500.00,500.00,8,1092,0.0000,0.5200,0.5050,0.6930,0.5020
2026-04-27T17:38:29.241,7.491,1,0.80,-1.20,0.00,5.78,1,0.0326,-0.1280,-0.1351,-0.0353,0.2220,-0.0146,0.01,-4.38,52.97,87.25,450,450,1.00000,1.00000,1.00000,1.00000,3,3,1,8.97869,0.00429,1.07812,-0.0326,0.1280,0.4351,-0.0353,0.2220,-0.0146,-0.01,-4.60,178.87,1,1,0.0000,0.0000,0.3000,0.00,0.8300,0.4200,1.0000,6.50,180.00,1.050000,0.000000,0.000000,1.500000,0.000000,0.000000,1.200000,0.000000,0.000000,1.050000,0.000000,0.000000,1.350000,0.060000,0.000000,0.008000,0.000000,0.000600,0.008000,0.000000,0.000600,0.006000,0.000000,0.000000,1,1,1,450,240,379849,379849,210325,169523,0,60.00,14195,3263,421,0,0,0,14190,500.00,500.00,8,1092,0.0000,0.5200,0.5050,0.6930,0.5020
2026-04-27T17:38:29.261,7.510,1,0.80,-1.20,0.00,5.78,1,0.0328,-0.1316,-0.1349,-0.0202,0.2166,-0.0149,-0.10,5.98,71.53,43.92,451,451,1.00000,1.00000,1.00000,1.00000,3,3,1,9.03546,0.00398,1.07768,-0.0328,0.1316,0.4349,-0.0202,0.2166,-0.0149,0.10,-4.26,178.90,1,1,0.0000,0.0000,0.3000,0.00,0.8300,0.4200,1.0000,6.50,180.00,1.050000,0.000000,0.000000,1.500000,0.000000,0.000000,1.200000,0.000000,0.000000,1.050000,0.000000,0.000000,1.350000,0.060000,0.000000,0.008000,0.000000,0.000600,0.008000,0.000000,0.000600,0.006000,0.000000,0.000000,1,1,1,451,241,379849,379849,210325,169523,0,60.00,14195,3263,421,0,0,0,14190,500.00,500.00,8,1092,0.0000,0.5200,0.5050,0.6930,0.5020
2026-04-27T17:38:29.273,7.522,1,0.80,-0.70,0.00,4.94,1,0.0334,-0.1349,-0.1348,-0.0373,0.2267,0.0000,0.04,-10.69,49.04,62.74,452,452,1.00000,1.00000,1.00000,1.00000,3,3,1,8.87218,0.00415,1.07592,-0.0334,0.1349,0.4348,-0.0373,0.2267,0.0000,-0.04,-4.48,179.00,1,1,0.0000,0.0000,0.3000,0.00,0.8300,0.4200,1.0000,6.50,180.00,1.050000,0.000000,0.000000,1.500000,0.000000,0.000000,1.200000,0.000000,0.000000,1.050000,0.000000,0.000000,1.350000,0.060000,0.000000,0.008000,0.000000,0.000600,0.008000,0.000000,0.000600,0.006000,0.000000,0.000000,1,1,1,452,237,379849,379849,210325,169523,0,60.00,14195,3263,451,0,0,0,14220,500.25,500.25,9,518,0.0000,0.5260,0.5040,0.7010,0.5000
2026-04-27T17:38:29.294,7.543,1,0.80,-0.70,0.00,4.94,1,0.0338,-0.1385,-0.1344,-0.0249,0.2039,-0.0168,0.00,1.91,90.18,59.13,453,453,1.00000,1.00000,1.00000,1.00000,3,3,1,8.86333,0.00400,1.07256,-0.0338,0.1385,0.4344,-0.0249,0.2039,-0.0168,0.00,-4.47,179.12,1,1,0.0000,0.0000,0.3000,0.00,0.8300,0.4200,1.0000,6.50,180.00,1.050000,0.000000,0.000000,1.500000,0.000000,0.000000,1.200000,0.000000,0.000000,1.050000,0.000000,0.000000,1.350000,0.060000,0.000000,0.008000,0.000000,0.000600,0.008000,0.000000,0.000600,0.006000,0.000000,0.000000,1,1,1,453,241,379849,379849,210325,169523,0,60.00,14195,3263,451,0,0,0,14220,500.25,500.25,9,518,0.0000,0.5260,0.5040,0.7010,0.5000
2026-04-27T17:38:29.310,7.560,1,0.80,-0.70,0.00,4.94,1,0.0342,-0.1414,-0.1344,-0.0260,0.1904,0.0000,0.04,-2.39,45.58,61.59,454,454,1.00000,1.00000,1.00000,1.00000,3,3,1,8.72780,0.00409,1.07102,-0.0342,0.1414,0.4344,-0.0260,0.1904,0.0000,-0.04,-4.45,179.33,1,1,0.0000,0.0000,0.3000,0.00,0.8300,0.4200,1.0000,6.50,180.00,1.050000,0.000000,0.000000,1.500000,0.000000,0.000000,1.200000,0.000000,0.000000,1.050000,0.000000,0.000000,1.350000,0.060000,0.000000,0.008000,0.000000,0.000600,0.008000,0.000000,0.000600,0.006000,0.000000,0.000000,1,1,1,454,239,379849,379849,210325,169523,0,60.00,14195,3263,451,0,0,0,14220,500.25,500.25,9,518,0.0000,0.5260,0.5040,0.7010,0.5000
2026-04-27T17:38:29.330,7.579,1,0.80,-0.70,0.00,4.94,1,0.0345,-0.1442,-0.1345,-0.0183,0.1667,0.0000,0.07,-1.66,63.54,57.08,455,455,1.00000,1.00000,1.00000,1.00000,3,3,1,8.80836,0.00382,1.07436,-0.0345,0.1442,0.4345,-0.0183,0.1667,0.0000,-0.07,-4.35,179.44,1,1,0.0000,0.0000,0.3000,0.00,0.8300,0.4200,1.0000,6.50,180.00,1.050000,0.000000,0.000000,1.500000,0.000000,0.000000,1.200000,0.000000,0.000000,1.050000,0.000000,0.000000,1.350000,0.060000,0.000000,0.008000,0.000000,0.000600,0.008000,0.000000,0.000600,0.006000,0.000000,0.000000,1,1,1,455,240,379849,379849,210325,169523,0,60.00,14195,3263,451,0,0,0,14220,500.25,500.25,9,518,0.0000,0.5260,0.5040,0.7010,0.5000
2026-04-27T17:38:29.347,7.596,1,0.80,-0.70,0.00,4.94,1,0.0347,-0.1473,-0.1345,-0.0169,0.1873,0.0000,0.09,-1.15,49.69,61.41,456,456,1.00000,1.00000,1.00000,1.00000,3,3,1,8.65050,0.00393,1.07253,-0.0347,0.1473,0.4345,-0.0169,0.1873,0.0000,-0.09,-4.34,179.53,1,1,0.0000,0.0000,0.3000,0.00,0.8300,0.4200,1.0000,6.50,180.00,1.050000,0.000000,0.000000,1.500000,0.000000,0.000000,1.200000,0.000000,0.000000,1.050000,0.000000,0.000000,1.350000,0.060000,0.000000,0.008000,0.000000,0.000600,0.008000,0.000000,0.000600,0.006000,0.000000,0.000000,1,1,1,456,240,379849,379849,210325,169523,0,60.00,14195,3263,451,0,0,0,14220,500.25,500.25,9,518,0.0000,0.5260,0.5040,0.7010,0.5000
2026-04-27T17:38:29.362,7.612,1,0.80,-0.70,0.00,4.94,1,0.0350,-0.1500,-0.1344,-0.0187,0.1717,0.0000,0.16,-4.28,57.32,63.50,457,457,1.00000,1.00000,1.00000,1.00000,3,3,1,8.77588,0.00392,1.07211,-0.0350,0.1500,0.4344,-0.0187,0.1717,0.0000,-0.16,-4.52,179.58,1,1,0.0000,0.0000,0.3000,0.00,0.8300,0.4200,1.0000,6.50,180.00,1.050000,0.000000,0.000000,1.500000,0.000000,0.000000,1.200000,0.000000,0.000000,1.050000,0.000000,0.000000,1.350000,0.060000,0.000000,0.008000,0.000000,0.000600,0.008000,0.000000,0.000600,0.006000,0.000000,0.000000,1,1,1,457,239,379849,379849,210325,169523,0,60.00,14195,3263,451,0,0,0,14220,500.25,500.25,9,518,0.0000,0.5260,0.5040,0.7010,0.5000
2026-04-27T17:38:29.379,7.628,1,0.80,-0.70,0.00,4.94,1,0.0352,-0.1527,-0.1346,-0.0122,0.1654,0.0000,0.26,-6.03,69.76,55.06,458,458,1.00000,1.00000,1.00000,1.00000,3,3,1,8.58290,0.00406,1.07409,-0.0352,0.1527,0.4346,-0.0122,0.1654,0.0000,-0.26,-4.42,179.72,1,1,0.0000,0.0000,0.3000,0.00,0.8300,0.4200,1.0000,6.50,180.00,1.050000,0.000000,0.000000,1.500000,0.000000,0.000000,1.200000,0.000000,0.000000,1.050000,0.000000,0.000000,1.350000,0.060000,0.000000,0.008000,0.000000,0.000600,0.008000,0.000000,0.000600,0.006000,0.000000,0.000000,1,1,1,458,240,379849,379849,210325,169523,0,60.00,14195,3263,451,0,0,0,14220,500.25,500.25,9,518,0.0000,0.5260,0.5040,0.7010,0.5000
2026-04-27T17:38:29.395,7.644,1,0.80,-0.70,0.00,4.94,1,0.0356,-0.1549,-0.1350,-0.0231,0.1565,0.0148,0.22,2.46,56.60,60.77,459,459,1.00000,1.00000,1.00000,1.00000,3,3,1,8.59924,0.00404,1.07869,-0.0356,0.1549,0.4350,-0.0231,0.1565,0.0148,-0.22,-4.42,179.80,1,1,0.0000,0.0000,0.3000,0.00,0.8300,0.4200,1.0000,6.50,180.00,1.050000,0.000000,0.000000,1.500000,0.000000,0.000000,1.200000,0.000000,0.000000,1.050000,0.000000,0.000000,1.350000,0.060000,0.000000,0.008000,0.000000,0.000600,0.008000,0.000000,0.000600,0.006000,0.000000,0.000000,1,1,1,459,243,379849,379849,210325,169523,0,60.00,14195,3263,451,0,0,0,14220,500.25,500.25,9,518,0.0000,0.5260,0.5040,0.7010,0.5000
2026-04-27T17:38:29.413,7.662,1,0.80,-0.70,0.00,4.94,1,0.0355,-0.1572,-0.1350,0.0000,0.1390,0.0000,0.08,8.57,61.03,63.48,460,460,1.00000,1.00000,1.00000,1.00000,3,3,1,8.65963,0.00402,1.06617,-0.0355,0.1572,0.4350,0.0000,0.1390,0.0000,-0.08,-4.22,179.93,1,1,0.0000,0.0000,0.3000,0.00,0.8300,0.4200,1.0000,6.50,180.00,1.050000,0.000000,0.000000,1.500000,0.000000,0.000000,1.200000,0.000000,0.000000,1.050000,0.000000,0.000000,1.350000,0.060000,0.000000,0.008000,0.000000,0.000600,0.008000,0.000000,0.000600,0.006000,0.000000,0.000000,1,1,1,460,235,379849,379849,210325,169523,0,60.00,14195,3263,451,0,0,0,14220,500.25,500.25,9,518,0.0000,0.5260,0.5040,0.7010,0.5000
2026-04-27T17:38:29.431,7.680,1,0.90,0.50,0.00,5.84,1,0.0360,-0.1597,-0.1350,-0.0200,0.1435,0.0000,0.26,-10.19,57.71,56.80,461,461,1.00000,1.00000,1.00000,1.00000,3,3,1,8.57045,0.00410,1.07693,-0.0360,0.1597,0.4350,-0.0200,0.1435,0.0000,-0.26,-4.45,-179.97,1,1,0.0000,0.0000,0.3000,0.00,0.8300,0.4200,1.0000,6.50,180.00,1.050000,0.000000,0.000000,1.500000,0.000000,0.000000,1.200000,0.000000,0.000000,1.050000,0.000000,0.000000,1.350000,0.060000,0.000000,0.008000,0.000000,0.000600,0.008000,0.000000,0.000600,0.006000,0.000000,0.000000,1,1,1,461,239,379849,379849,210325,169523,0,60.00,14195,3263,451,0,0,0,14220,500.25,500.25,9,518,0.0000,0.5260,0.5040,0.7010,0.5000
2026-04-27T17:38:29.448,7.697,1,0.90,0.50,0.00,5.84,1,0.0361,-0.1620,-0.1350,0.0000,0.1459,0.0000,0.23,1.79,55.62,60.49,462,462,1.00000,1.00000,1.00000,1.00000,3,3,1,8.57045,0.00408,1.07854,-0.0361,0.1620,0.4350,0.0000,0.1459,0.0000,-0.23,-4.38,-179.98,1,1,0.0000,0.0000,0.3000,0.00,0.8300,0.4200,1.0000,6.50,180.00,1.050000,0.000000,0.000000,1.500000,0.000000,0.000000,1.200000,0.000000,0.000000,1.050000,0.000000,0.000000,1.350000,0.060000,0.000000,0.008000,0.000000,0.000600,0.008000,0.000000,0.000600,0.006000,0.000000,0.000000,1,1,1,462,236,379849,379849,210325,169523,0,60.00,14195,3263,451,0,0,0,14220,500.25,500.25,9,518,0.0000,0.5260,0.5040,0.7010,0.5000
2026-04-27T17:38:29.463,7.712,1,0.90,0.50,0.00,5.84,1,0.0356,-0.1638,-0.1354,0.0115,0.1212,0.0137,0.12,6.42,61.23,59.88,463,463,1.00000,1.00000,1.00000,1.00000,3,3,1,8.58478,0.00382,1.06989,-0.0356,0.1638,0.4354,0.0115,0.1212,0.0137,-0.12,-3.98,-179.89,1,1,0.0000,0.0000,0.3000,0.00,0.8300,0.4200,1.0000,6.50,180.00,1.050000,0.000000,0.000000,1.500000,0.000000,0.000000,1.200000,0.000000,0.000000,1.050000,0.000000,0.000000,1.350000,0.060000,0.000000,0.008000,0.000000,0.000600,0.008000,0.000000,0.000600,0.006000,0.000000,0.000000,1,1,1,463,244,379849,379849,210325,169523,0,60.00,14195,3263,451,0,0,0,14220,500.25,500.25,9,518,0.0000,0.5260,0.5040,0.7010,0.5000
2026-04-27T17:38:29.477,7.727,1,0.90,0.50,0.00,5.84,1,0.0362,-0.1656,-0.1353,-0.0207,0.1220,0.0000,0.26,-9.79,66.47,63.52,464,464,1.00000,1.00000,1.00000,1.00000,3,3,1,8.48391,0.00425,1.07237,-0.0362,0.1656,0.4353,-0.0207,0.1220,0.0000,-0.26,-4.37,-179.64,1,1,0.0000,0.0000,0.3000,0.00,0.8300,0.4200,1.0000,6.50,180.00,1.050000,0.000000,0.000000,1.500000,0.000000,0.000000,1.200000,0.000000,0.000000,1.050000,0.000000,0.000000,1.350000,0.060000,0.000000,0.008000,0.000000,0.000600,0.008000,0.000000,0.000600,0.006000,0.000000,0.000000,1,1,1,464,241,379849,379849,210325,169523,0,60.00,14195,3263,451,0,0,0,14220,500.25,500.25,9,518,0.0000,0.5260,0.5040,0.7010,0.5000
2026-04-27T17:38:29.490,7.740,1,0.90,0.50,0.00,5.84,1,0.0361,-0.1674,-0.1352,0.0000,0.1276,0.0000,0.21,3.91,69.90,65.10,465,465,1.00000,1.00000,1.00000,1.00000,3,3,1,8.50081,0.00391,1.07509,-0.0361,0.1674,0.4352,0.0000,0.1276,0.0000,-0.21,-4.37,-179.66,1,1,0.0000,0.0000,0.3000,0.00,0.8300,0.4200,1.0000,6.50,180.00,1.050000,0.000000,0.000000,1.500000,0.000000,0.000000,1.200000,0.000000,0.000000,1.050000,0.000000,0.000000,1.350000,0.060000,0.000000,0.008000,0.000000,0.000600,0.008000,0.000000,0.000600,0.006000,0.000000,0.000000,1,1,1,465,236,379849,379849,210325,169523,0,60.00,14195,3263,451,0,0,0,14220,500.25,500.25,9,518,0.0000,0.5260,0.5040,0.7010,0.5000
2026-04-27T17:38:29.507,7.756,1,0.90,0.50,0.00,5.84,1,0.0362,-0.1691,-0.1352,0.0000,0.1088,0.0000,0.30,-5.32,78.10,64.38,466,466,1.00000,1.00000,1.00000,1.00000,3,3,1,8.46322,0.00423,1.07460,-0.0362,0.1691,0.4352,0.0000,0.1088,0.0000,-0.30,-4.54,-179.43,1,1,0.0000,0.0000,0.3000,0.00,0.8300,0.4200,1.0000,6.50,180.00,1.050000,0.000000,0.000000,1.500000,0.000000,0.000000,1.200000,0.000000,0.000000,1.050000,0.000000,0.000000,1.350000,0.060000,0.000000,0.008000,0.000000,0.000600,0.008000,0.000000,0.000600,0.006000,0.000000,0.000000,1,1,1,466,235,379849,379849,210325,169523,0,60.00,14195,3263,451,0,0,0,14220,500.25,500.25,9,518,0.0000,0.5260,0.5040,0.7010,0.5000
2026-04-27T17:38:29.527,7.777,1,0.90,0.80,0.00,2.95,1,0.0359,-0.1706,-0.1356,0.0000,0.0961,0.0148,0.27,1.70,59.15,53.05,467,467,1.00000,1.00000,1.00000,1.00000,3,3,1,8.42623,0.00375,1.07945,-0.0359,0.1706,0.4356,0.0000,0.0961,0.0148,-0.27,-4.14,-179.53,1,1,0.0000,0.0000,0.3000,0.00,0.8300,0.4200,1.0000,6.50,180.00,1.050000,0.000000,0.000000,1.500000,0.000000,0.000000,1.200000,0.000000,0.000000,1.050000,0.000000,0.000000,1.350000,0.060000,0.000000,0.008000,0.000000,0.000600,0.008000,0.000000,0.000600,0.006000,0.000000,0.000000,1,1,1,467,240,379849,379849,210325,169523,0,60.00,14195,3263,451,0,0,0,14220,500.25,500.25,9,518,0.0000,0.5260,0.5040,0.7010,0.5000
2026-04-27T17:38:29.544,7.793,1,0.90,0.80,0.00,2.95,1,0.0357,-0.1717,-0.1353,0.0000,0.0806,0.0000,0.19,4.41,49.71,59.08,468,468,1.00000,1.00000,1.00000,1.00000,3,3,1,8.50987,0.00386,1.07047,-0.0357,0.1717,0.4353,0.0000,0.0806,0.0000,-0.19,-4.25,-179.55,1,1,0.0000,0.0000,0.3000,0.00,0.8300,0.4200,1.0000,6.50,180.00,1.050000,0.000000,0.000000,1.500000,0.000000,0.000000,1.200000,0.000000,0.000000,1.050000,0.000000,0.000000,1.350000,0.060000,0.000000,0.008000,0.000000,0.000600,0.008000,0.000000,0.000600,0.006000,0.000000,0.000000,1,1,1,468,236,379849,379849,210325,169523,0,60.00,14195,3263,451,0,0,0,14220,500.25,500.25,9,518,0.0000,0.5260,0.5040,0.7010,0.5000
2026-04-27T17:38:29.560,7.809,1,0.90,0.80,0.00,2.95,1,0.0359,-0.1727,-0.1353,0.0000,0.0685,0.0000,0.23,-2.31,56.63,59.90,469,469,1.00000,1.00000,1.00000,1.00000,3,3,1,8.46060,0.00406,1.07235,-0.0359,0.1727,0.4353,0.0000,0.0685,0.0000,-0.23,-4.46,-179.32,1,1,0.0000,0.0000,0.3000,0.00,0.8300,0.4200,1.0000,6.50,180.00,1.050000,0.000000,0.000000,1.500000,0.000000,0.000000,1.200000,0.000000,0.000000,1.050000,0.000000,0.000000,1.350000,0.060000,0.000000,0.008000,0.000000,0.000600,0.008000,0.000000,0.000600,0.006000,0.000000,0.000000,1,1,1,469,236,379849,379849,210325,169523,0,60.00,14195,3263,451,0,0,0,14220,500.25,500.25,9,518,0.0000,0.5260,0.5040,0.7010,0.5000
2026-04-27T17:38:29.578,7.827,1,0.90,0.80,0.00,2.95,1,0.0357,-0.1734,-0.1353,0.0000,0.0567,0.0000,0.29,-3.65,60.78,58.40,470,470,1.00000,1.00000,1.00000,1.00000,3,3,1,8.48007,0.00422,1.07220,-0.0357,0.1734,0.4353,0.0000,0.0567,0.0000,-0.29,-4.49,-179.04,1,1,0.0000,0.0000,0.3000,0.00,0.8300,0.4200,1.0000,6.50,180.00,1.050000,0.000000,0.000000,1.500000,0.000000,0.000000,1.200000,0.000000,0.000000,1.050000,0.000000,0.000000,1.350000,0.060000,0.000000,0.008000,0.000000,0.000600,0.008000,0.000000,0.000600,0.006000,0.000000,0.000000,1,1,1,470,236,379849,379849,210325,169523,0,60.00,14195,3263,451,0,0,0,14220,500.25,500.25,9,518,0.0000,0.5260,0.5040,0.7010,0.5000
2026-04-27T17:38:29.593,7.843,1,0.90,0.80,0.00,2.95,1,0.0356,-0.1745,-0.1353,0.0000,0.0644,0.0000,0.30,-0.60,57.76,61.49,471,471,1.00000,1.00000,1.00000,1.00000,3,3,1,8.48649,0.00409,1.07929,-0.0356,0.1745,0.4353,0.0000,0.0644,0.0000,-0.30,-4.44,-179.13,1,1,0.0000,0.0000,0.3000,0.00,0.8300,0.4200,1.0000,6.50,180.00,1.050000,0.000000,0.000000,1.500000,0.000000,0.000000,1.200000,0.000000,0.000000,1.050000,0.000000,0.000000,1.350000,0.060000,0.000000,0.008000,0.000000,0.000600,0.008000,0.000000,0.000600,0.006000,0.000000,0.000000,1,1,1,471,235,379849,379849,210325,169523,0,60.00,14195,3263,451,0,0,0,14220,500.25,500.25,9,518,0.0000,0.5260,0.5040,0.7010,0.5000
2026-04-27T17:38:29.605,7.854,1,0.90,0.80,0.00,2.95,1,0.0354,-0.1753,-0.1350,0.0116,0.0603,0.0000,0.30,0.00,62.61,58.52,472,472,1.00000,1.00000,1.00000,1.00000,3,3,1,8.51661,0.00411,1.07760,-0.0354,0.1753,0.4350,0.0116,0.0603,0.0000,-0.30,-4.56,-179.22,1,1,0.0000,0.0000,0.3000,0.00,0.8300,0.4200,1.0000,6.50,180.00,1.050000,0.000000,0.000000,1.500000,0.000000,0.000000,1.200000,0.000000,0.000000,1.050000,0.000000,0.000000,1.350000,0.060000,0.000000,0.008000,0.000000,0.000600,0.008000,0.000000,0.000600,0.006000,0.000000,0.000000,1,1,1,472,238,379849,379849,210325,169523,0,60.00,14195,3263,451,0,0,0,14220,500.25,500.25,9,518,0.0000,0.5260,0.5040,0.7010,0.5000
2026-04-27T17:38:29.627,7.876,1,0.90,0.80,0.00,2.95,1,0.0347,-0.1758,-0.1351,0.0246,0.0361,0.0000,0.18,5.67,96.69,59.00,473,473,1.00000,1.00000,1.00000,1.00000,3,3,1,8.51432,0.00375,1.07760,-0.0347,0.1758,0.4351,0.0246,0.0361,0.0000,-0.18,-4.12,-179.16,1,1,0.0000,0.0000,0.3000,0.00,0.8300,0.4200,1.0000,6.50,180.00,1.050000,0.000000,0.000000,1.500000,0.000000,0.000000,1.200000,0.000000,0.000000,1.050000,0.000000,0.000000,1.350000,0.060000,0.000000,0.008000,0.000000,0.000600,0.008000,0.000000,0.000600,0.006000,0.000000,0.000000,1,1,1,473,240,379849,379849,210325,169523,0,60.00,14195,3263,451,0,0,0,14220,500.25,500.25,9,518,0.0000,0.5260,0.5040,0.7010,0.5000
2026-04-27T17:38:29.644,7.893,1,0.90,0.80,0.00,2.95,1,0.0344,-0.1759,-0.1349,0.0168,0.0243,0.0000,0.12,3.64,43.12,62.35,474,474,1.00000,1.00000,1.00000,1.00000,3,3,1,8.57823,0.00401,1.07656,-0.0344,0.1759,0.4349,0.0168,0.0243,0.0000,-0.12,-4.06,-179.13,1,1,0.0000,0.0000,0.3000,0.00,0.8300,0.4200,1.0000,6.50,180.00,1.050000,0.000000,0.000000,1.500000,0.000000,0.000000,1.200000,0.000000,0.000000,1.050000,0.000000,0.000000,1.350000,0.060000,0.000000,0.008000,0.000000,0.000600,0.008000,0.000000,0.000600,0.006000,0.000000,0.000000,1,1,1,474,240,379849,379849,210325,169523,0,60.00,14195,3263,451,0,0,0,14220,500.25,500.25,9,518,0.0000,0.5260,0.5040,0.7010,0.5000
2026-04-27T17:38:29.661,7.910,1,0.90,0.80,0.00,2.95,1,0.0342,-0.1761,-0.1343,0.0150,0.0187,-0.0222,0.17,-2.95,60.52,60.40,475,475,1.00000,1.00000,1.00000,1.00000,3,3,1,8.60130,0.00402,1.07451,-0.0342,0.1761,0.4343,0.0150,0.0187,-0.0222,-0.17,-4.33,-178.98,1,1,0.0000,0.0000,0.3000,0.00,0.8300,0.4200,1.0000,6.50,180.00,1.050000,0.000000,0.000000,1.500000,0.000000,0.000000,1.200000,0.000000,0.000000,1.050000,0.000000,0.000000,1.350000,0.060000,0.000000,0.008000,0.000000,0.000600,0.008000,0.000000,0.000600,0.006000,0.000000,0.000000,1,1,1,475,245,379849,379849,210325,169523,0,60.00,14195,3263,451,0,0,0,14220,500.25,500.25,9,518,0.0000,0.5260,0.5040,0.7010,0.5000
2026-04-27T17:38:29.678,7.927,1,0.90,0.80,0.00,2.95,1,0.0338,-0.1760,-0.1340,0.0232,0.0000,-0.0183,0.25,-4.60,59.12,58.36,476,476,1.00000,1.00000,1.00000,1.00000,3,3,1,8.59070,0.00407,1.07158,-0.0338,0.1760,0.4340,0.0232,0.0000,-0.0183,-0.25,-4.36,-178.79,1,1,0.0000,0.0000,0.3000,0.00,0.8300,0.4200,1.0000,6.50,180.00,1.050000,0.000000,0.000000,1.500000,0.000000,0.000000,1.200000,0.000000,0.000000,1.050000,0.000000,0.000000,1.350000,0.060000,0.000000,0.008000,0.000000,0.000600,0.008000,0.000000,0.000600,0.006000,0.000000,0.000000,1,1,1,476,241,379849,379849,210325,169523,0,60.00,14195,3263,451,0,0,0,14220,500.25,500.25,9,518,0.0000,0.5260,0.5040,0.7010,0.5000
2026-04-27T17:38:29.694,7.944,1,0.90,0.80,0.00,2.95,1,0.0335,-0.1759,-0.1339,0.0172,0.0000,-0.0102,0.32,-4.29,60.81,60.16,477,477,1.00000,1.00000,1.00000,1.00000,3,3,1,8.62579,0.00407,1.07244,-0.0335,0.1759,0.4339,0.0172,0.0000,-0.0102,-0.32,-4.38,-178.66,1,1,0.0000,0.0000,0.3000,0.00,0.8300,0.4200,1.0000,6.50,180.00,1.050000,0.000000,0.000000,1.500000,0.000000,0.000000,1.200000,0.000000,0.000000,1.050000,0.000000,0.000000,1.350000,0.060000,0.000000,0.008000,0.000000,0.000600,0.008000,0.000000,0.000600,0.006000,0.000000,0.000000,1,1,1,477,240,379849,379849,210325,169523,0,60.00,14195,3263,451,0,0,0,14220,500.25,500.25,9,518,0.0000,0.5260,0.5040,0.7010,0.5000
2026-04-27T17:38:29.702,7.951,1,0.90,0.80,0.00,2.95,1,0.0328,-0.1753,-0.1339,0.0509,-0.0325,0.0000,0.24,9.10,57.95,72.38,478,478,1.00000,1.00000,1.00000,1.00000,3,3,1,8.65673,0.00375,1.06926,-0.0328,0.1753,0.4339,0.0509,-0.0325,0.0000,-0.24,-4.14,-178.70,1,1,0.0000,0.0000,0.3000,0.00,0.8300,0.4200,1.0000,6.50,180.00,1.050000,0.000000,0.000000,1.500000,0.000000,0.000000,1.200000,0.000000,0.000000,1.050000,0.000000,0.000000,1.350000,0.060000,0.000000,0.008000,0.000000,0.000600,0.008000,0.000000,0.000600,0.006000,0.000000,0.000000,1,1,1,478,240,379849,379849,210325,169523,0,60.00,14195,3263,451,0,0,0,14220,500.25,500.25,9,518,0.0000,0.5260,0.5040,0.7010,0.5000
2026-04-27T17:38:29.725,7.974,1,0.90,1.20,0.00,3.86,1,0.0324,-0.1749,-0.1333,0.0295,-0.0227,-0.0192,0.21,1.33,147.34,50.22,479,479,1.00000,1.00000,1.00000,1.00000,3,3,1,8.69080,0.00393,1.07297,-0.0324,0.1749,0.4333,0.0295,-0.0227,-0.0192,-0.21,-4.33,-178.85,1,1,0.0000,0.0000,0.3000,0.00,0.8300,0.4200,1.0000,6.50,180.00,1.050000,0.000000,0.000000,1.500000,0.000000,0.000000,1.200000,0.000000,0.000000,1.050000,0.000000,0.000000,1.350000,0.060000,0.000000,0.008000,0.000000,0.000600,0.008000,0.000000,0.000600,0.006000,0.000000,0.000000,1,1,1,479,246,379849,379849,210325,169523,0,60.00,14195,3263,451,0,0,0,14220,500.25,500.25,9,518,0.0000,0.5260,0.5040,0.7010,0.5000
2026-04-27T17:38:29.743,7.992,1,0.90,1.20,0.00,3.86,1,0.0322,-0.1742,-0.1332,0.0248,-0.0387,0.0000,0.09,6.64,37.65,61.22,480,480,1.00000,1.00000,1.00000,1.00000,3,3,1,8.69563,0.00382,1.07563,-0.0322,0.1742,0.4332,0.0248,-0.0387,0.0000,-0.09,-4.45,-178.80,1,1,0.0000,0.0000,0.3000,0.00,0.8300,0.4200,1.0000,6.50,180.00,1.050000,0.000000,0.000000,1.500000,0.000000,0.000000,1.200000,0.000000,0.000000,1.050000,0.000000,0.000000,1.350000,0.060000,0.000000,0.008000,0.000000,0.000600,0.008000,0.000000,0.000600,0.006000,0.000000,0.000000,1,1,1,480,240,379849,379849,210325,169523,0,60.00,14195,3263,451,0,0,0,14220,500.25,500.25,9,518,0.0000,0.5260,0.5040,0.7010,0.5000
2026-04-27T17:38:29.760,8.010,1,0.90,1.20,0.00,3.86,1,0.0316,-0.1734,-0.1329,0.0361,-0.0428,-0.0169,-0.01,5.66,71.15,61.94,481,481,1.00000,1.00000,1.00000,1.00000,3,3,1,8.75403,0.00385,1.07517,-0.0316,0.1734,0.4329,0.0361,-0.0428,-0.0169,0.01,-4.39,-178.92,1,1,0.0000,0.0000,0.3000,0.00,0.8300,0.4200,1.0000,6.50,180.00,1.050000,0.000000,0.000000,1.500000,0.000000,0.000000,1.200000,0.000000,0.000000,1.050000,0.000000,0.000000,1.350000,0.060000,0.000000,0.008000,0.000000,0.000600,0.008000,0.000000,0.000600,0.006000,0.000000,0.000000,1,1,1,481,242,379849,379849,210325,169523,0,60.00,14195,3263,451,0,0,0,14220,500.25,500.25,9,518,0.0000,0.5260,0.5040,0.7010,0.5000
2026-04-27T17:38:29.777,8.026,1,0.90,1.20,0.00,3.86,1,0.0310,-0.1728,-0.1324,0.0334,-0.0397,-0.0213,0.10,-6.58,56.57,58.40,482,482,1.00000,1.00000,1.00000,1.00000,3,3,1,8.77119,0.00394,1.07455,-0.0310,0.1728,0.4324,0.0334,-0.0397,-0.0213,-0.10,-4.43,-178.80,1,1,0.0000,0.0000,0.3000,0.00,0.8300,0.4200,1.0000,6.50,180.00,1.050000,0.000000,0.000000,1.500000,0.000000,0.000000,1.200000,0.000000,0.000000,1.050000,0.000000,0.000000,1.350000,0.060000,0.000000,0.008000,0.000000,0.000600,0.008000,0.000000,0.000600,0.006000,0.000000,0.000000,1,1,1,482,243,379849,379849,210325,169523,0,60.00,14195,3263,451,0,0,0,14220,500.25,500.25,9,518,0.0000,0.5260,0.5040,0.7010,0.5000
2026-04-27T17:38:29.794,8.044,1,0.90,1.20,0.00,3.86,1,0.0303,-0.1715,-0.1323,0.0392,-0.0635,-0.0119,0.15,-3.08,56.43,59.91,483,483,1.00000,1.00000,1.00000,1.00000,3,3,1,8.89823,0.00395,1.07225,-0.0303,0.1715,0.4323,0.0392,-0.0635,-0.0119,-0.15,-4.37,-178.84,1,1,0.0000,0.0000,0.3000,0.00,0.8300,0.4200,1.0000,6.50,180.00,1.050000,0.000000,0.000000,1.500000,0.000000,0.000000,1.200000,0.000000,0.000000,1.050000,0.000000,0.000000,1.350000,0.060000,0.000000,0.008000,0.000000,0.000600,0.008000,0.000000,0.000600,0.006000,0.000000,0.000000,1,1,1,483,245,379849,379849,210325,169523,0,60.00,14195,3263,451,0,0,0,14220,500.25,500.25,9,518,0.0000,0.5260,0.5040,0.7010,0.5000
2026-04-27T17:38:29.813,8.063,1,0.90,1.20,0.00,3.86,1,0.0298,-0.1702,-0.1324,0.0327,-0.0697,0.0000,0.09,3.40,58.10,77.22,484,484,1.00000,1.00000,1.00000,1.00000,3,3,1,8.88778,0.00398,1.07785,-0.0298,0.1702,0.4324,0.0327,-0.0697,0.0000,-0.09,-4.42,-178.93,1,1,0.0000,0.0000,0.3000,0.00,0.8300,0.4200,1.0000,6.50,180.00,1.050000,0.000000,0.000000,1.500000,0.000000,0.000000,1.200000,0.000000,0.000000,1.050000,0.000000,0.000000,1.350000,0.060000,0.000000,0.008000,0.000000,0.000600,0.008000,0.000000,0.000600,0.006000,0.000000,0.000000,1,1,1,484,238,379849,379849,210325,169523,0,60.00,14195,3263,451,0,0,0,14220,500.25,500.25,9,518,0.0000,0.5260,0.5040,0.7010,0.5000
2026-04-27T17:38:29.831,8.080,1,0.90,1.20,0.00,3.86,1,0.0289,-0.1687,-0.1321,0.0447,-0.0794,-0.0137,0.01,4.34,52.50,51.08,485,485,1.00000,1.00000,1.00000,1.00000,3,3,1,8.86333,0.00372,1.06744,-0.0289,0.1687,0.4321,0.0447,-0.0794,-0.0137,-0.01,-4.39,-178.85,1,1,0.0000,0.0000,0.3000,0.00,0.8300,0.4200,1.0000,6.50,180.00,1.050000,0.000000,0.000000,1.500000,0.000000,0.000000,1.200000,0.000000,0.000000,1.050000,0.000000,0.000000,1.350000,0.060000,0.000000,0.008000,0.000000,0.000600,0.008000,0.000000,0.000600,0.006000,0.000000,0.000000,1,1,1,485,242,379849,379849,210325,169523,0,60.00,14195,3263,451,0,0,0,14220,500.25,500.25,9,518,0.0000,0.5260,0.5040,0.7010,0.5000
2026-04-27T17:38:29.844,8.094,1,0.90,1.20,0.00,3.86,1,0.0282,-0.1670,-0.1322,0.0481,-0.1026,0.0000,0.01,0.00,60.64,56.33,486,486,1.00000,1.00000,1.00000,1.00000,3,3,1,9.05625,0.00385,1.07419,-0.0282,0.1670,0.4322,0.0481,-0.1026,0.0000,-0.01,-4.24,-178.83,1,1,0.0000,0.0000,0.3000,0.00,0.8300,0.4200,1.0000,6.50,180.00,1.050000,0.000000,0.000000,1.500000,0.000000,0.000000,1.200000,0.000000,0.000000,1.050000,0.000000,0.000000,1.350000,0.060000,0.000000,0.008000,0.000000,0.000600,0.008000,0.000000,0.000600,0.006000,0.000000,0.000000,1,1,1,486,237,379849,379849,210325,169523,0,60.00,14195,3263,451,0,0,0,14220,500.25,500.25,9,518,0.0000,0.5260,0.5040,0.7010,0.5000
2026-04-27T17:38:29.862,8.111,1,0.90,1.20,0.00,3.86,1,0.0272,-0.1653,-0.1325,0.0482,-0.0907,0.0000,-0.03,1.96,69.06,60.46,487,487,1.00000,1.00000,1.00000,1.00000,3,3,1,9.05591,0.00377,1.07643,-0.0272,0.1653,0.4325,0.0482,-0.0907,0.0000,0.03,-3.86,-178.82,1,1,0.0000,0.0000,0.3000,0.00,0.8300,0.4200,1.0000,6.50,180.00,1.050000,0.000000,0.000000,1.500000,0.000000,0.000000,1.200000,0.000000,0.000000,1.050000,0.000000,0.000000,1.350000,0.060000,0.000000,0.008000,0.000000,0.000600,0.008000,0.000000,0.000600,0.006000,0.000000,0.000000,1,1,1,487,240,379849,379849,210325,169523,0,60.00,14195,3263,451,0,0,0,14220,500.25,500.25,9,518,0.0000,0.5260,0.5040,0.7010,0.5000
2026-04-27T17:38:29.881,8.130,1,0.80,1.50,0.00,0.95,1,0.0266,-0.1635,-0.1323,0.0412,-0.1094,0.0000,-0.03,0.00,51.84,62.49,488,488,1.00000,1.00000,1.00000,1.00000,3,3,1,8.96559,0.00383,1.07154,-0.0266,0.1635,0.4323,0.0412,-0.1094,0.0000,0.03,-3.98,-178.70,1,1,0.0000,0.0000,0.3000,0.00,0.8300,0.4200,1.0000,6.50,180.00,1.050000,0.000000,0.000000,1.500000,0.000000,0.000000,1.200000,0.000000,0.000000,1.050000,0.000000,0.000000,1.350000,0.060000,0.000000,0.008000,0.000000,0.000600,0.008000,0.000000,0.000600,0.006000,0.000000,0.000000,1,1,1,488,239,379849,379849,210325,169523,0,60.00,14195,3263,451,0,0,0,14220,500.25,500.25,9,518,0.0000,0.5260,0.5040,0.7010,0.5000
2026-04-27T17:38:29.893,8.143,1,0.80,1.50,0.00,0.95,1,0.0256,-0.1615,-0.1325,0.0772,-0.1585,0.0127,-0.04,0.74,60.74,61.47,489,489,1.00000,1.00000,1.00000,1.00000,3,3,1,9.01530,0.00370,1.06999,-0.0256,0.1615,0.4325,0.0772,-0.1585,0.0127,0.04,-3.83,-178.69,1,1,0.0000,0.0000,0.3000,0.00,0.8300,0.4200,1.0000,6.50,180.00,1.050000,0.000000,0.000000,1.500000,0.000000,0.000000,1.200000,0.000000,0.000000,1.050000,0.000000,0.000000,1.350000,0.060000,0.000000,0.008000,0.000000,0.000600,0.008000,0.000000,0.000600,0.006000,0.000000,0.000000,1,1,1,489,244,379849,379849,210325,169523,0,60.00,14195,3263,451,0,0,0,14220,500.25,500.25,9,518,0.0000,0.5260,0.5040,0.7010,0.5000
2026-04-27T17:38:29.912,8.162,1,0.80,1.50,0.00,0.95,1,0.0247,-0.1587,-0.1326,0.0525,-0.1331,0.0000,-0.05,0.52,70.90,64.60,490,490,1.00000,1.00000,1.00000,1.00000,3,3,1,9.07878,0.00385,1.07003,-0.0247,0.1587,0.4326,0.0525,-0.1331,0.0000,0.05,-3.93,-178.66,1,1,0.0000,0.0000,0.3000,0.00,0.8300,0.4200,1.0000,6.50,180.00,1.050000,0.000000,0.000000,1.500000,0.000000,0.000000,1.200000,0.000000,0.000000,1.050000,0.000000,0.000000,1.350000,0.060000,0.000000,0.008000,0.000000,0.000600,0.008000,0.000000,0.000600,0.006000,0.000000,0.000000,1,1,1,490,240,379849,379849,210325,169523,0,60.00,14195,3263,451,0,0,0,14220,500.25,500.25,9,518,0.0000,0.5260,0.5040,0.7010,0.5000
2026-04-27T17:38:29.929,8.178,1,0.80,1.50,0.00,0.95,1,0.0243,-0.1567,-0.1325,0.0471,-0.1555,0.0000,0.09,-8.52,51.39,52.68,491,491,1.00000,1.00000,1.00000,1.00000,3,3,1,9.16190,0.00387,1.06894,-0.0243,0.1567,0.4325,0.0471,-0.1555,0.0000,-0.09,-4.45,-178.71,1,1,0.0000,0.0000,0.3000,0.00,0.8300,0.4200,1.0000,6.50,180.00,1.050000,0.000000,0.000000,1.500000,0.000000,0.000000,1.200000,0.000000,0.000000,1.050000,0.000000,0.000000,1.350000,0.060000,0.000000,0.008000,0.000000,0.000600,0.008000,0.000000,0.000600,0.006000,0.000000,0.000000,1,1,1,491,241,379849,379849,210325,169523,0,60.00,14195,3263,451,0,0,0,14220,500.25,500.25,9,518,0.0000,0.5260,0.5040,0.7010,0.5000
2026-04-27T17:38:29.946,8.196,1,0.80,1.50,0.00,0.95,1,0.0234,-0.1540,-0.1327,0.0500,-0.1493,0.0000,0.18,-5.13,62.54,61.66,492,492,1.00000,1.00000,1.00000,1.00000,3,3,1,9.19794,0.00398,1.06839,-0.0234,0.1540,0.4327,0.0500,-0.1493,0.0000,-0.18,-4.58,-178.68,1,1,0.0000,0.0000,0.3000,0.00,0.8300,0.4200,1.0000,6.50,180.00,1.050000,0.000000,0.000000,1.500000,0.000000,0.000000,1.200000,0.000000,0.000000,1.050000,0.000000,0.000000,1.350000,0.060000,0.000000,0.008000,0.000000,0.000600,0.008000,0.000000,0.000600,0.006000,0.000000,0.000000,1,1,1,492,240,379849,379849,210325,169523,0,60.00,14195,3263,451,0,0,0,14220,500.25,500.25,9,518,0.0000,0.5260,0.5040,0.7010,0.5000
2026-04-27T17:38:29.964,8.213,1,0.80,1.50,0.00,0.95,1,0.0224,-0.1512,-0.1333,0.0548,-0.1556,0.0220,0.16,1.20,63.00,60.96,493,493,1.00000,1.00000,1.00000,1.00000,3,3,1,9.27233,0.00398,1.06969,-0.0224,0.1512,0.4333,0.0548,-0.1556,0.0220,-0.16,-4.40,-178.73,1,1,0.0000,0.0000,0.3000,0.00,0.8300,0.4200,1.0000,6.50,180.00,1.050000,0.000000,0.000000,1.500000,0.000000,0.000000,1.200000,0.000000,0.000000,1.050000,0.000000,0.000000,1.350000,0.060000,0.000000,0.008000,0.000000,0.000600,0.008000,0.000000,0.000600,0.006000,0.000000,0.000000,1,1,1,493,244,379849,379849,210325,169523,0,60.00,14195,3263,451,0,0,0,14220,500.25,500.25,9,518,0.0000,0.5260,0.5040,0.7010,0.5000
2026-04-27T17:38:29.977,8.227,1,0.80,1.70,0.00,1.97,1,0.0215,-0.1488,-0.1333,0.0574,-0.1608,0.0000,0.19,-2.30,57.70,56.91,494,494,1.00000,1.00000,1.00000,1.00000,3,3,1,9.26252,0.00393,1.07475,-0.0215,0.1488,0.4333,0.0574,-0.1608,0.0000,-0.19,-4.40,-178.79,1,1,0.0000,0.0000,0.3000,0.00,0.8300,0.4200,1.0000,6.50,180.00,1.050000,0.000000,0.000000,1.500000,0.000000,0.000000,1.200000,0.000000,0.000000,1.050000,0.000000,0.000000,1.350000,0.060000,0.000000,0.008000,0.000000,0.000600,0.008000,0.000000,0.000600,0.006000,0.000000,0.000000,1,1,1,494,240,379849,379849,210325,169523,0,60.00,14195,3263,451,0,0,0,14220,500.25,500.25,9,518,0.0000,0.5260,0.5040,0.7010,0.5000
2026-04-27T17:38:29.990,8.239,1,0.80,1.70,0.00,1.97,1,0.0204,-0.1456,-0.1336,0.0678,-0.1985,0.0153,0.09,7.38,69.48,85.78,495,495,1.00000,1.00000,1.00000,1.00000,3,3,1,9.42587,0.00389,1.07308,-0.0204,0.1456,0.4336,0.0678,-0.1985,0.0153,-0.09,-4.33,-178.81,1,1,0.0000,0.0000,0.3000,0.00,0.8300,0.4200,1.0000,6.50,180.00,1.050000,0.000000,0.000000,1.500000,0.000000,0.000000,1.200000,0.000000,0.000000,1.050000,0.000000,0.000000,1.350000,0.060000,0.000000,0.008000,0.000000,0.000600,0.008000,0.000000,0.000600,0.006000,0.000000,0.000000,1,1,1,495,244,379849,379849,210325,169523,0,60.00,14195,3263,451,0,0,0,14220,500.25,500.25,9,518,0.0000,0.5260,0.5040,0.7010,0.5000
2026-04-27T17:38:30.006,8.256,1,0.80,1.70,0.00,1.97,1,0.0194,-0.1424,-0.1339,0.0610,-0.1919,0.0140,0.21,-7.15,86.80,49.70,496,496,1.00000,1.00000,1.00000,1.00000,3,3,1,9.43793,0.00412,1.07632,-0.0194,0.1424,0.4339,0.0610,-0.1919,0.0140,-0.21,-4.35,-178.94,1,1,0.0000,0.0000,0.3000,0.00,0.8300,0.4200,1.0000,6.50,180.00,1.050000,0.000000,0.000000,1.500000,0.000000,0.000000,1.200000,0.000000,0.000000,1.050000,0.000000,0.000000,1.350000,0.060000,0.000000,0.008000,0.000000,0.000600,0.008000,0.000000,0.000600,0.006000,0.000000,0.000000,1,1,1,496,245,379849,379849,210325,169523,0,60.00,14195,3263,451,0,0,0,14220,500.25,500.25,9,518,0.0000,0.5260,0.5040,0.7010,0.5000
2026-04-27T17:38:30.024,8.273,1,0.80,1.70,0.00,1.97,1,0.0184,-0.1392,-0.1342,0.0607,-0.1877,0.0164,0.30,-5.17,59.57,55.94,497,497,1.00000,1.00000,1.00000,1.00000,3,3,1,9.38499,0.00397,1.07536,-0.0184,0.1392,0.4342,0.0607,-0.1877,0.0164,-0.30,-4.39,-179.02,1,1,0.0000,0.0000,0.3000,0.00,0.8300,0.4200,1.0000,6.50,180.00,1.050000,0.000000,0.000000,1.500000,0.000000,0.000000,1.200000,0.000000,0.000000,1.050000,0.000000,0.000000,1.350000,0.060000,0.000000,0.008000,0.000000,0.000600,0.008000,0.000000,0.000600,0.006000,0.000000,0.000000,1,1,1,497,244,379849,379849,210325,169523,0,60.00,14195,3263,451,0,0,0,14220,500.25,500.25,9,518,0.0000,0.5260,0.5040,0.7010,0.5000
2026-04-27T17:38:30.043,8.293,1,0.80,1.70,0.00,1.97,1,0.0176,-0.1357,-0.1342,0.0529,-0.2016,0.0000,0.23,3.61,57.39,60.75,498,498,1.00000,1.00000,1.00000,1.00000,3,3,1,9.53215,0.00426,1.07686,-0.0176,0.1357,0.4342,0.0529,-0.2016,0.0000,-0.23,-4.65,-178.95,1,1,0.0000,0.0000,0.3000,0.00,0.8300,0.4200,1.0000,6.50,180.00,1.050000,0.000000,0.000000,1.500000,0.000000,0.000000,1.200000,0.000000,0.000000,1.050000,0.000000,0.000000,1.350000,0.060000,0.000000,0.008000,0.000000,0.000600,0.008000,0.000000,0.000600,0.006000,0.000000,0.000000,1,1,1,498,241,379849,379849,210325,169523,0,60.00,14195,3263,451,0,0,0,14220,500.25,500.25,9,518,0.0000,0.5260,0.5040,0.7010,0.5000
2026-04-27T17:38:30.061,8.310,1,0.80,1.70,0.00,1.97,1,0.0162,-0.1318,-0.1344,0.0705,-0.2149,0.0145,0.15,4.83,51.51,61.36,499,499,1.00000,1.00000,1.00000,1.00000,3,3,1,9.60729,0.00393,1.07111,-0.0162,0.1318,0.4344,0.0705,-0.2149,0.0145,-0.15,-4.45,-178.88,1,1,0.0000,0.0000,0.3000,0.00,0.8300,0.4200,1.0000,6.50,180.00,1.050000,0.000000,0.000000,1.500000,0.000000,0.000000,1.200000,0.000000,0.000000,1.050000,0.000000,0.000000,1.350000,0.060000,0.000000,0.008000,0.000000,0.000600,0.008000,0.000000,0.000600,0.006000,0.000000,0.000000,1,1,1,499,244,379849,379849,210325,169523,0,60.00,14195,3263,451,0,0,0,14220,500.25,500.25,9,518,0.0000,0.5260,0.5040,0.7010,0.5000
2026-04-27T17:38:30.073,8.323,1,0.80,1.70,0.00,1.97,1,0.0152,-0.1284,-0.1344,0.0671,-0.2237,0.0000,0.21,-4.43,56.96,62.94,500,500,1.00000,1.00000,1.00000,1.00000,3,3,1,9.69513,0.00405,1.07428,-0.0152,0.1284,0.4344,0.0671,-0.2237,0.0000,-0.21,-4.49,-178.90,1,1,0.0000,0.0000,0.3000,0.00,0.8300,0.4200,1.0000,6.50,180.00,1.050000,0.000000,0.000000,1.500000,0.000000,0.000000,1.200000,0.000000,0.000000,1.050000,0.000000,0.000000,1.350000,0.060000,0.000000,0.008000,0.000000,0.000600,0.008000,0.000000,0.000600,0.006000,0.000000,0.000000,1,1,1,500,240,379849,379849,210325,169523,0,60.00,14195,3263,451,0,0,0,14220,500.25,500.25,9,518,0.0000,0.5260,0.5040,0.7010,0.5000
2026-04-27T17:38:30.091,8.340,1,0.80,1.60,0.00,-0.95,1,0.0141,-0.1242,-0.1346,0.0681,-0.2370,0.0000,0.28,-4.09,79.66,69.76,501,501,1.00000,1.00000,1.00000,1.00000,3,3,1,9.83871,0.00404,1.07248,-0.0141,0.1242,0.4346,0.0681,-0.2370,0.0000,-0.28,-4.56,-178.90,1,1,0.0000,0.0000,0.3000,0.00,0.8300,0.4200,1.0000,6.50,180.00,1.050000,0.000000,0.000000,1.500000,0.000000,0.000000,1.200000,0.000000,0.000000,1.050000,0.000000,0.000000,1.350000,0.060000,0.000000,0.008000,0.000000,0.000600,0.008000,0.000000,0.000600,0.006000,0.000000,0.000000,1,1,1,501,240,379849,379849,210325,169523,0,60.00,14195,3263,451,0,0,0,14220,500.25,500.25,9,518,0.0000,0.5260,0.5040,0.7010,0.5000
2026-04-27T17:38:30.107,8.356,1,0.80,1.60,0.00,-0.95,1,0.0129,-0.1202,-0.1348,0.0721,-0.2460,0.0111,0.16,7.49,58.41,52.21,502,502,1.00000,1.00000,1.00000,1.00000,3,3,1,9.98094,0.00391,1.07651,-0.0129,0.1202,0.4348,0.0721,-0.2460,0.0111,-0.16,-4.48,-178.92,1,1,0.0000,0.0000,0.3000,0.00,0.8300,0.4200,1.0000,6.50,180.00,1.050000,0.000000,0.000000,1.500000,0.000000,0.000000,1.200000,0.000000,0.000000,1.050000,0.000000,0.000000,1.350000,0.060000,0.000000,0.008000,0.000000,0.000600,0.008000,0.000000,0.000600,0.006000,0.000000,0.000000,1,1,1,502,244,379849,379849,210325,169523,0,60.00,14195,3263,451,0,0,0,14220,500.25,500.25,9,518,0.0000,0.5260,0.5040,0.7010,0.5000
2026-04-27T17:38:30.126,8.375,1,0.80,1.60,0.00,-0.95,1,0.0117,-0.1159,-0.1348,0.0677,-0.2371,0.0000,0.17,-0.52,62.39,57.45,503,503,1.00000,1.00000,1.00000,1.00000,3,3,1,9.97198,0.00402,1.07107,-0.0117,0.1159,0.4348,0.0677,-0.2371,0.0000,-0.17,-4.53,-178.85,1,1,0.0000,0.0000,0.3000,0.00,0.8300,0.4200,1.0000,6.50,180.00,1.050000,0.000000,0.000000,1.500000,0.000000,0.000000,1.200000,0.000000,0.000000,1.050000,0.000000,0.000000,1.350000,0.060000,0.000000,0.008000,0.000000,0.000600,0.008000,0.000000,0.000600,0.006000,0.000000,0.000000,1,1,1,503,241,379849,379849,210325,169523,0,60.00,14195,3263,451,0,0,0,14220,500.25,500.25,9,518,0.0000,0.5260,0.5040,0.7010,0.5000
2026-04-27T17:38:30.144,8.394,1,0.80,1.60,0.00,-0.95,1,0.0107,-0.1118,-0.1345,0.0635,-0.2435,0.0000,0.20,-1.67,52.08,59.73,504,504,1.00000,1.00000,1.00000,1.00000,3,3,1,10.05763,0.00398,1.07267,-0.0107,0.1118,0.4345,0.0635,-0.2435,0.0000,-0.20,-4.71,-178.96,1,1,0.0000,0.0000,0.3000,0.00,0.8300,0.4200,1.0000,6.50,180.00,1.050000,0.000000,0.000000,1.500000,0.000000,0.000000,1.200000,0.000000,0.000000,1.050000,0.000000,0.000000,1.350000,0.060000,0.000000,0.008000,0.000000,0.000600,0.008000,0.000000,0.000600,0.006000,0.000000,0.000000,1,1,1,504,240,379849,379849,210325,169523,0,60.00,14195,3263,451,0,0,0,14220,500.25,500.25,9,518,0.0000,0.5260,0.5040,0.7010,0.5000
2026-04-27T17:38:30.160,8.409,1,0.80,1.60,0.00,-0.95,1,0.0094,-0.1070,-0.1347,0.0749,-0.2787,0.0000,0.18,1.22,54.00,60.79,505,505,1.00000,1.00000,1.00000,1.00000,3,3,1,10.21037,0.00394,1.07221,-0.0094,0.1070,0.4347,0.0749,-0.2787,0.0000,-0.18,-4.59,-178.88,1,1,0.0000,0.0000,0.3000,0.00,0.8300,0.4200,1.0000,6.50,180.00,1.050000,0.000000,0.000000,1.500000,0.000000,0.000000,1.200000,0.000000,0.000000,1.050000,0.000000,0.000000,1.350000,0.060000,0.000000,0.008000,0.000000,0.000600,0.008000,0.000000,0.000600,0.006000,0.000000,0.000000,1,1,1,505,241,379849,379849,210325,169523,0,60.00,14195,3263,451,0,0,0,14220,500.25,500.25,9,518,0.0000,0.5260,0.5040,0.7010,0.5000
2026-04-27T17:38:30.177,8.426,1,0.80,1.60,0.00,-0.95,1,0.0084,-0.1027,-0.1344,0.0657,-0.2621,0.0000,0.19,-0.63,59.44,60.12,506,506,1.00000,1.00000,1.00000,1.00000,3,3,1,10.28715,0.00410,1.07258,-0.0084,0.1027,0.4344,0.0657,-0.2621,0.0000,-0.19,-4.63,-178.93,1,1,0.0000,0.0000,0.3000,0.00,0.8300,0.4200,1.0000,6.50,180.00,1.050000,0.000000,0.000000,1.500000,0.000000,0.000000,1.200000,0.000000,0.000000,1.050000,0.000000,0.000000,1.350000,0.060000,0.000000,0.008000,0.000000,0.000600,0.008000,0.000000,0.000600,0.006000,0.000000,0.000000,1,1,1,506,241,379849,379849,210325,169523,0,60.00,14195,3263,451,0,0,0,14220,500.25,500.25,9,518,0.0000,0.5260,0.5040,0.7010,0.5000
2026-04-27T17:38:30.190,8.439,1,0.80,1.40,0.00,-1.97,1,0.0072,-0.0984,-0.1340,0.0769,-0.2847,-0.0195,0.12,5.07,59.18,67.51,507,507,1.00000,1.00000,1.00000,1.00000,3,3,1,10.49621,0.00404,1.07056,-0.0072,0.0984,0.4340,0.0769,-0.2847,-0.0195,-0.12,-4.73,-179.02,1,1,0.0000,0.0000,0.3000,0.00,0.8300,0.4200,1.0000,6.50,180.00,1.050000,0.000000,0.000000,1.500000,0.000000,0.000000,1.200000,0.000000,0.000000,1.050000,0.000000,0.000000,1.350000,0.060000,0.000000,0.008000,0.000000,0.000600,0.008000,0.000000,0.000600,0.006000,0.000000,0.000000,1,1,1,507,246,379849,379849,210325,169523,0,60.00,14195,3263,451,0,0,0,14220,500.25,500.25,9,518,0.0000,0.5260,0.5040,0.7010,0.5000
2026-04-27T17:38:30.205,8.454,1,0.80,1.40,0.00,-1.97,1,0.0058,-0.0935,-0.1339,0.0844,-0.3144,0.0000,0.21,-6.13,84.67,53.51,508,508,1.00000,1.00000,1.00000,1.00000,3,3,1,10.46037,0.00410,1.06749,-0.0058,0.0935,0.4339,0.0844,-0.3144,0.0000,-0.21,-4.78,-179.07,1,1,0.0000,0.0000,0.3000,0.00,0.8300,0.4200,1.0000,6.50,180.00,1.050000,0.000000,0.000000,1.500000,0.000000,0.000000,1.200000,0.000000,0.000000,1.050000,0.000000,0.000000,1.350000,0.060000,0.000000,0.008000,0.000000,0.000600,0.008000,0.000000,0.000600,0.006000,0.000000,0.000000,1,1,1,508,241,379849,379849,210325,169523,0,60.00,14195,3263,451,0,0,0,14220,500.25,500.25,9,518,0.0000,0.5260,0.5040,0.7010,0.5000
2026-04-27T17:38:30.226,8.475,1,0.80,1.40,0.00,-1.97,1,0.0045,-0.0880,-0.1339,0.0730,-0.2885,0.0000,0.18,1.40,68.15,59.96,509,509,1.00000,1.00000,1.00000,1.00000,3,3,1,10.67655,0.00387,1.07144,-0.0045,0.0880,0.4339,0.0730,-0.2885,0.0000,-0.18,-4.70,-179.14,1,1,0.0000,0.0000,0.3000,0.00,0.8300,0.4200,1.0000,6.50,180.00,1.050000,0.000000,0.000000,1.500000,0.000000,0.000000,1.200000,0.000000,0.000000,1.050000,0.000000,0.000000,1.350000,0.060000,0.000000,0.008000,0.000000,0.000600,0.008000,0.000000,0.000600,0.006000,0.000000,0.000000,1,1,1,509,240,379849,379849,210325,169523,0,60.00,14195,3263,451,0,0,0,14220,500.25,500.25,9,518,0.0000,0.5260,0.5040,0.7010,0.5000
2026-04-27T17:38:30.244,8.493,1,0.80,1.40,0.00,-1.97,1,0.0033,-0.0833,-0.1337,0.0719,-0.2838,-0.0106,0.12,3.55,46.66,60.30,510,510,1.00000,1.00000,1.00000,1.00000,3,3,1,10.84472,0.00411,1.07134,-0.0033,0.0833,0.4337,0.0719,-0.2838,-0.0106,-0.12,-4.71,-179.26,1,1,0.0000,0.0000,0.3000,0.00,0.8300,0.4200,1.0000,6.50,180.00,1.050000,0.000000,0.000000,1.500000,0.000000,0.000000,1.200000,0.000000,0.000000,1.050000,0.000000,0.000000,1.350000,0.060000,0.000000,0.008000,0.000000,0.000600,0.008000,0.000000,0.000600,0.006000,0.000000,0.000000,1,1,1,510,246,379849,379849,210325,169523,0,60.00,14195,3263,451,0,0,0,14220,500.25,500.25,9,518,0.0000,0.5260,0.5040,0.7010,0.5000
2026-04-27T17:38:30.260,8.510,1,0.80,1.40,0.00,-1.97,1,0.0023,-0.0786,-0.1333,0.0686,-0.2909,-0.0178,0.13,-0.60,55.94,60.19,511,511,1.00000,1.00000,1.00000,1.00000,3,3,1,10.97429,0.00407,1.07691,-0.0023,0.0786,0.4333,0.0686,-0.2909,-0.0178,-0.13,-4.82,-179.42,1,1,0.0000,0.0000,0.3000,0.00,0.8300,0.4200,1.0000,6.50,180.00,1.050000,0.000000,0.000000,1.500000,0.000000,0.000000,1.200000,0.000000,0.000000,1.050000,0.000000,0.000000,1.350000,0.060000,0.000000,0.008000,0.000000,0.000600,0.008000,0.000000,0.000600,0.006000,0.000000,0.000000,1,1,1,511,246,379849,379849,210325,169523,0,60.00,14195,3263,451,0,0,0,14220,500.25,500.25,9,518,0.0000,0.5260,0.5040,0.7010,0.5000
2026-04-27T17:38:30.277,8.526,1,0.80,1.40,0.00,-1.97,1,0.0011,-0.0734,-0.1330,0.0731,-0.3095,-0.0145,0.08,3.03,56.67,57.99,512,512,1.00000,1.00000,1.00000,1.00000,3,3,1,11.07020,0.00408,1.07283,-0.0011,0.0734,0.4330,0.0731,-0.3095,-0.0145,-0.08,-4.83,-179.54,1,1,0.0000,0.0000,0.3000,0.00,0.8300,0.4200,1.0000,6.50,180.00,1.050000,0.000000,0.000000,1.500000,0.000000,0.000000,1.200000,0.000000,0.000000,1.050000,0.000000,0.000000,1.350000,0.060000,0.000000,0.008000,0.000000,0.000600,0.008000,0.000000,0.000600,0.006000,0.000000,0.000000,1,1,1,512,241,379849,379849,210325,169523,0,60.00,14195,3263,451,0,0,0,14220,500.25,500.25,9,518,0.0000,0.5260,0.5040,0.7010,0.5000
2026-04-27T17:38:30.289,8.539,1,0.80,1.40,0.00,-1.97,1,0.0001,-0.0681,-0.1325,0.0697,-0.3453,-0.0263,-0.02,7.52,59.04,79.60,513,513,1.00000,1.00000,1.00000,1.00000,3,3,1,11.20227,0.00419,1.06905,-0.0001,0.0681,0.4325,0.0697,-0.3453,-0.0263,0.02,-5.15,-179.55,1,1,0.0000,0.0000,0.3000,0.00,0.8300,0.4200,1.0000,6.50,180.00,1.050000,0.000000,0.000000,1.500000,0.000000,0.000000,1.200000,0.000000,0.000000,1.050000,0.000000,0.000000,1.350000,0.060000,0.000000,0.008000,0.000000,0.000600,0.008000,0.000000,0.000600,0.006000,0.000000,0.000000,1,1,1,513,239,379849,379849,210325,169523,0,60.00,14195,3263,451,0,0,0,14220,500.25,500.25,9,518,0.0000,0.5260,0.5040,0.7010,0.5000
2026-04-27T17:38:30.310,8.560,1,0.80,1.40,0.00,-1.97,1,-0.0014,-0.0626,-0.1323,0.0766,-0.3059,-0.0174,0.03,-2.47,92.60,49.49,514,514,1.00000,1.00000,1.00000,1.00000,3,3,1,11.37315,0.00398,1.06683,0.0014,0.0626,0.4323,0.0766,-0.3059,-0.0174,-0.03,-5.10,-179.66,1,1,0.0000,0.0000,0.3000,0.00,0.8300,0.4200,1.0000,6.50,180.00,1.050000,0.000000,0.000000,1.500000,0.000000,0.000000,1.200000,0.000000,0.000000,1.050000,0.000000,0.000000,1.350000,0.060000,0.000000,0.008000,0.000000,0.000600,0.008000,0.000000,0.000600,0.006000,0.000000,0.000000,1,1,1,514,240,379849,379849,210325,169523,0,60.00,14195,3263,451,0,0,0,14220,500.25,500.25,9,518,0.0000,0.5260,0.5040,0.7010,0.5000
2026-04-27T17:38:30.322,8.571,1,0.80,1.40,0.00,-1.97,1,-0.0024,-0.0575,-0.1324,0.0761,-0.3657,0.0000,-0.02,4.09,47.11,57.98,515,515,1.00000,1.00000,1.00000,1.00000,3,3,1,11.54170,0.00400,1.06960,0.0024,0.0575,0.4324,0.0761,-0.3657,0.0000,0.02,-5.01,-179.79,1,1,0.0000,0.0000,0.3000,0.00,0.8300,0.4200,1.0000,6.50,180.00,1.050000,0.000000,0.000000,1.500000,0.000000,0.000000,1.200000,0.000000,0.000000,1.050000,0.000000,0.000000,1.350000,0.060000,0.000000,0.008000,0.000000,0.000600,0.008000,0.000000,0.000600,0.006000,0.000000,0.000000,1,1,1,515,236,379849,379849,210325,169523,0,60.00,14195,3263,451,0,0,0,14220,500.25,500.25,9,518,0.0000,0.5260,0.5040,0.7010,0.5000
2026-04-27T17:38:30.343,8.593,1,0.80,1.40,0.00,-1.97,1,-0.0037,-0.0515,-0.1323,0.0692,-0.3271,0.0000,-0.16,6.79,89.10,61.50,516,516,1.00000,1.00000,1.00000,1.00000,3,3,1,11.62300,0.00378,1.06959,0.0037,0.0515,0.4323,0.0692,-0.3271,0.0000,0.16,-4.91,-179.94,1,1,0.0000,0.0000,0.3000,0.00,0.8300,0.4200,1.0000,6.50,180.00,1.050000,0.000000,0.000000,1.500000,0.000000,0.000000,1.200000,0.000000,0.000000,1.050000,0.000000,0.000000,1.350000,0.060000,0.000000,0.008000,0.000000,0.000600,0.008000,0.000000,0.000600,0.006000,0.000000,0.000000,1,1,1,516,239,379849,379849,210325,169523,0,60.00,14195,3263,451,0,0,0,14220,500.25,500.25,9,518,0.0000,0.5260,0.5040,0.7010,0.5000
2026-04-27T17:38:30.361,8.610,1,0.80,1.40,0.00,-1.97,1,-0.0047,-0.0460,-0.1322,0.0645,-0.3286,0.0000,-0.09,-3.88,44.18,60.20,517,517,1.00000,1.00000,1.00000,1.00000,3,3,1,11.75883,0.00408,1.07075,0.0047,0.0460,0.4322,0.0645,-0.3286,0.0000,0.09,-4.99,179.96,1,1,0.0000,0.0000,0.3000,0.00,0.8300,0.4200,1.0000,6.50,180.00,1.050000,0.000000,0.000000,1.500000,0.000000,0.000000,1.200000,0.000000,0.000000,1.050000,0.000000,0.000000,1.350000,0.060000,0.000000,0.008000,0.000000,0.000600,0.008000,0.000000,0.000600,0.006000,0.000000,0.000000,1,1,1,517,238,379849,379849,210325,169523,0,60.00,14195,3263,451,0,0,0,14220,500.25,500.25,9,518,0.0000,0.5260,0.5040,0.7010,0.5000
2026-04-27T17:38:30.377,8.626,1,0.80,1.40,0.00,-1.97,1,-0.0058,-0.0406,-0.1320,0.0679,-0.3420,0.0000,-0.09,0.00,59.93,58.79,518,518,1.00000,1.00000,1.00000,1.00000,3,3,1,11.99543,0.00409,1.06837,0.0058,0.0406,0.4320,0.0679,-0.3420,0.0000,0.09,-5.18,179.85,1,1,0.0000,0.0000,0.3000,0.00,0.8300,0.4200,1.0000,6.50,180.00,1.050000,0.000000,0.000000,1.500000,0.000000,0.000000,1.200000,0.000000,0.000000,1.050000,0.000000,0.000000,1.350000,0.060000,0.000000,0.008000,0.000000,0.000600,0.008000,0.000000,0.000600,0.006000,0.000000,0.000000,1,1,1,518,238,379849,379849,210325,169523,0,60.00,14195,3263,451,0,0,0,14220,500.25,500.25,9,518,0.0000,0.5260,0.5040,0.7010,0.5000
2026-04-27T17:38:30.395,8.644,1,0.80,0.70,-1.02,-4.94,1,-0.0069,-0.0351,-0.1320,0.0650,-0.3199,0.0000,0.05,-8.55,58.97,60.31,519,519,1.00000,1.00000,1.00000,1.00000,3,3,1,12.19945,0.00405,1.07299,0.0069,0.0351,0.4320,0.0650,-0.3199,0.0000,-0.05,-5.19,179.72,1,1,0.0000,0.0000,0.3000,0.00,0.8300,0.4200,1.0000,6.50,180.00,1.050000,0.000000,0.000000,1.500000,0.000000,0.000000,1.200000,0.000000,0.000000,1.050000,0.000000,0.000000,1.350000,0.060000,0.000000,0.008000,0.000000,0.000600,0.008000,0.000000,0.000600,0.006000,0.000000,0.000000,1,1,1,519,238,379849,379849,210325,169523,0,60.00,14195,3263,451,0,0,0,14220,500.25,500.25,9,518,0.0000,0.5260,0.5040,0.7010,0.5000
2026-04-27T17:38:30.413,8.663,1,0.80,0.70,-1.02,-4.94,1,-0.0080,-0.0296,-0.1321,0.0760,-0.3728,0.0000,0.01,2.08,58.93,61.28,520,520,1.00000,1.00000,1.00000,1.00000,3,3,1,12.33795,0.00394,1.06646,0.0080,0.0296,0.4321,0.0760,-0.3728,0.0000,-0.01,-5.20,179.79,1,1,0.0000,0.0000,0.3000,0.00,0.8300,0.4200,1.0000,6.50,180.00,1.050000,0.000000,0.000000,1.500000,0.000000,0.000000,1.200000,0.000000,0.000000,1.050000,0.000000,0.000000,1.350000,0.060000,0.000000,0.008000,0.000000,0.000600,0.008000,0.000000,0.000600,0.006000,0.000000,0.000000,1,1,1,520,233,379849,379849,210325,169523,0,60.00,14195,3263,451,0,0,0,14220,500.25,500.25,9,518,0.0000,0.5260,0.5040,0.7010,0.5000
2026-04-27T17:38:30.426,8.675,1,0.80,0.70,-1.02,-4.94,1,-0.0091,-0.0237,-0.1322,0.0619,-0.3307,0.0000,-0.03,2.93,54.07,61.00,521,521,1.00000,1.00000,1.00000,1.00000,3,3,1,12.41776,0.00400,1.07142,0.0091,0.0237,0.4322,0.0619,-0.3307,0.0000,0.03,-5.33,179.53,1,1,0.0000,0.0000,0.3000,0.00,0.8300,0.4200,1.0000,6.50,180.00,1.050000,0.000000,0.000000,1.500000,0.000000,0.000000,1.200000,0.000000,0.000000,1.050000,0.000000,0.000000,1.350000,0.060000,0.000000,0.008000,0.000000,0.000600,0.008000,0.000000,0.000600,0.006000,0.000000,0.000000,1,1,1,521,238,379849,379849,210325,169523,0,60.00,14195,3263,451,0,0,0,14220,500.25,500.25,9,518,0.0000,0.5260,0.5040,0.7010,0.5000
2026-04-27T17:38:30.446,8.695,1,0.80,0.70,-1.02,-4.94,1,-0.0100,-0.0181,-0.1323,0.0603,-0.3358,0.0000,-0.13,5.41,59.50,57.35,522,522,1.00000,1.00000,1.00000,1.00000,3,3,1,12.53871,0.00396,1.06694,0.0100,0.0181,0.4323,0.0603,-0.3358,0.0000,0.13,-5.35,179.44,1,1,0.0000,0.0000,0.3000,0.00,0.8300,0.4200,1.0000,6.50,180.00,1.050000,0.000000,0.000000,1.500000,0.000000,0.000000,1.200000,0.000000,0.000000,1.050000,0.000000,0.000000,1.350000,0.060000,0.000000,0.008000,0.000000,0.000600,0.008000,0.000000,0.000600,0.006000,0.000000,0.000000,1,1,1,522,236,379849,379849,210325,169523,0,60.00,14195,3263,451,0,0,0,14220,500.25,500.25,9,518,0.0000,0.5260,0.5040,0.7010,0.5000
2026-04-27T17:38:30.462,8.711,1,0.80,0.70,-1.02,-4.94,1,-0.0111,-0.0125,-0.1325,0.0627,-0.3430,0.0000,-0.15,1.21,61.73,60.35,523,523,1.00000,1.00000,1.00000,1.00000,3,3,1,12.68213,0.00389,1.07209,0.0111,0.0125,0.4325,0.0627,-0.3430,0.0000,0.15,-5.30,179.29,1,1,0.0000,0.0000,0.3000,0.00,0.8300,0.4200,1.0000,6.50,180.00,1.050000,0.000000,0.000000,1.500000,0.000000,0.000000,1.200000,0.000000,0.000000,1.050000,0.000000,0.000000,1.350000,0.060000,0.000000,0.008000,0.000000,0.000600,0.008000,0.000000,0.000600,0.006000,0.000000,0.000000,1,1,1,523,237,379849,379849,210325,169523,0,60.00,14195,3263,451,0,0,0,14220,500.25,500.25,9,518,0.0000,0.5260,0.5040,0.7010,0.5000
2026-04-27T17:38:30.479,8.728,1,0.80,0.70,-1.02,-4.94,1,-0.0118,-0.0069,-0.1326,0.0571,-0.3796,0.0000,-0.21,3.49,60.34,64.47,524,524,1.00000,1.00000,1.00000,1.00000,3,3,1,12.82050,0.00392,1.06906,0.0118,0.0069,0.4326,0.0571,-0.3796,0.0000,0.21,-5.34,179.18,1,1,0.0000,0.0000,0.3000,0.00,0.8300,0.4200,1.0000,6.50,180.00,1.050000,0.000000,0.000000,1.500000,0.000000,0.000000,1.200000,0.000000,0.000000,1.050000,0.000000,0.000000,1.350000,0.060000,0.000000,0.008000,0.000000,0.000600,0.008000,0.000000,0.000600,0.006000,0.000000,0.000000,1,1,1,524,237,379849,379849,210325,169523,0,60.00,14195,3263,451,0,0,0,14220,500.25,500.25,9,518,0.0000,0.5260,0.5040,0.7010,0.5000
2026-04-27T17:38:30.496,8.745,1,0.90,0.30,0.99,-3.86,1,-0.0128,-0.0007,-0.1327,0.0560,-0.3436,0.0000,-0.27,3.55,58.29,56.79,525,525,1.00000,1.00000,1.00000,1.00000,3,3,1,12.97891,0.00390,1.07038,0.0128,0.0007,0.4327,0.0560,-0.3436,0.0000,0.27,-5.38,179.18,1,1,0.0000,0.0000,0.3000,0.00,0.8300,0.4200,1.0000,6.50,180.00,1.050000,0.000000,0.000000,1.500000,0.000000,0.000000,1.200000,0.000000,0.000000,1.050000,0.000000,0.000000,1.350000,0.060000,0.000000,0.008000,0.000000,0.000600,0.008000,0.000000,0.000600,0.006000,0.000000,0.000000,1,1,1,525,234,379849,379849,210325,169523,0,60.00,14195,3263,451,0,0,0,14220,500.25,500.25,9,518,0.0000,0.5260,0.5040,0.7010,0.5000
2026-04-27T17:38:30.509,8.758,1,0.90,0.30,0.99,-3.86,1,-0.0137,0.0049,-0.1329,0.0581,-0.3587,0.0110,-0.20,-5.08,62.87,61.31,526,526,1.00000,1.00000,1.00000,1.00000,3,3,1,13.18654,0.00418,1.07021,0.0137,-0.0049,0.4329,0.0581,-0.3587,0.0110,0.20,-5.35,179.25,1,1,0.0000,0.0000,0.3000,0.00,0.8300,0.4200,1.0000,6.50,180.00,1.050000,0.000000,0.000000,1.500000,0.000000,0.000000,1.200000,0.000000,0.000000,1.050000,0.000000,0.000000,1.350000,0.060000,0.000000,0.008000,0.000000,0.000600,0.008000,0.000000,0.000600,0.006000,0.000000,0.000000,1,1,1,526,242,379849,379849,210325,169523,0,60.00,14195,3263,451,0,0,0,14220,500.25,500.25,9,518,0.0000,0.5260,0.5040,0.7010,0.5000
2026-04-27T17:38:30.528,8.777,1,0.90,0.30,0.99,-3.86,1,-0.0145,0.0108,-0.1328,0.0494,-0.3444,0.0000,-0.23,1.64,60.63,57.89,527,527,1.00000,1.00000,1.00000,1.00000,3,3,1,13.28950,0.00414,1.06964,0.0145,-0.0108,0.4328,0.0494,-0.3444,0.0000,0.23,-5.65,179.16,1,1,0.0000,0.0000,0.3000,0.00,0.8300,0.4200,1.0000,6.50,180.00,1.050000,0.000000,0.000000,1.500000,0.000000,0.000000,1.200000,0.000000,0.000000,1.050000,0.000000,0.000000,1.350000,0.060000,0.000000,0.008000,0.000000,0.000600,0.008000,0.000000,0.000600,0.006000,0.000000,0.000000,1,1,1,527,239,379849,379849,210325,169523,0,60.00,14195,3263,451,0,0,0,14220,500.25,500.25,9,518,0.0000,0.5260,0.5040,0.7010,0.5000
2026-04-27T17:38:30.544,8.794,1,0.90,0.30,0.99,-3.86,1,-0.0152,0.0163,-0.1327,0.0459,-0.3390,0.0000,-0.17,-3.47,60.37,61.83,528,528,1.00000,1.00000,1.00000,1.00000,3,3,1,13.43279,0.00415,1.07082,0.0152,-0.0163,0.4327,0.0459,-0.3390,0.0000,0.17,-5.90,179.17,1,1,0.0000,0.0000,0.3000,0.00,0.8300,0.4200,1.0000,6.50,180.00,1.050000,0.000000,0.000000,1.500000,0.000000,0.000000,1.200000,0.000000,0.000000,1.050000,0.000000,0.000000,1.350000,0.060000,0.000000,0.008000,0.000000,0.000600,0.008000,0.000000,0.000600,0.006000,0.000000,0.000000,1,1,1,528,238,379849,379849,210325,169523,0,60.00,14195,3263,451,0,0,0,14220,500.25,500.25,9,518,0.0000,0.5260,0.5040,0.7010,0.5000
2026-04-27T17:38:30.560,8.810,1,0.90,0.30,0.99,-3.86,1,-0.0159,0.0219,-0.1327,0.0483,-0.3785,0.0000,-0.26,5.91,65.96,59.75,529,529,1.00000,1.00000,1.00000,1.00000,3,3,1,13.61566,0.00416,1.06995,0.0159,-0.0219,0.4327,0.0483,-0.3785,0.0000,0.26,-6.23,179.06,1,1,0.0000,0.0000,0.3000,0.00,0.8300,0.4200,1.0000,6.50,180.00,1.050000,0.000000,0.000000,1.500000,0.000000,0.000000,1.200000,0.000000,0.000000,1.050000,0.000000,0.000000,1.350000,0.060000,0.000000,0.008000,0.000000,0.000600,0.008000,0.000000,0.000600,0.006000,0.000000,0.000000,1,1,1,529,239,379849,379849,210325,169523,0,60.00,14195,3263,451,0,0,0,14220,500.25,500.25,9,518,0.0000,0.5260,0.5040,0.7010,0.5000
2026-04-27T17:38:30.577,8.826,1,0.90,0.30,0.99,-3.86,1,-0.0166,0.0279,-0.1328,0.0445,-0.3505,0.0000,-0.27,0.60,61.64,61.55,530,530,1.00000,1.00000,1.00000,1.00000,3,3,1,13.81046,0.00411,1.07743,0.0166,-0.0279,0.4328,0.0445,-0.3505,0.0000,0.27,-6.16,178.79,1,1,0.0000,0.0000,0.3000,0.00,0.8300,0.4200,1.0000,6.50,180.00,1.050000,0.000000,0.000000,1.500000,0.000000,0.000000,1.200000,0.000000,0.000000,1.050000,0.000000,0.000000,1.350000,0.060000,0.000000,0.008000,0.000000,0.000600,0.008000,0.000000,0.000600,0.006000,0.000000,0.000000,1,1,1,530,238,379849,379849,210325,169523,0,60.00,14195,3263,451,0,0,0,14220,500.25,500.25,9,518,0.0000,0.5260,0.5040,0.7010,0.5000
2026-04-27T17:38:30.594,8.843,1,0.60,-0.19,-3.04,-4.93,1,-0.0175,0.0335,-0.1328,0.0506,-0.3518,0.0000,-0.35,4.83,61.52,58.80,531,531,1.00000,1.00000,1.00000,1.00000,3,3,1,13.99115,0.00403,1.07268,0.0175,-0.0335,0.4328,0.0506,-0.3518,0.0000,0.35,-6.03,178.61,1,1,0.0000,0.0000,0.3000,0.00,0.8300,0.4200,1.0000,6.50,180.00,1.050000,0.000000,0.000000,1.500000,0.000000,0.000000,1.200000,0.000000,0.000000,1.050000,0.000000,0.000000,1.350000,0.060000,0.000000,0.008000,0.000000,0.000600,0.008000,0.000000,0.000600,0.006000,0.000000,0.000000,1,1,1,531,239,379849,379849,210325,169523,0,60.00,14195,3263,451,0,0,0,14220,500.25,500.25,9,518,0.0000,0.5260,0.5040,0.7010,0.5000
2026-04-27T17:38:30.610,8.860,1,0.60,-0.19,-3.04,-4.93,1,-0.0182,0.0389,-0.1324,0.0457,-0.3503,-0.0161,-0.42,4.18,55.27,59.69,532,532,1.00000,1.00000,1.00000,1.00000,3,3,1,14.24386,0.00407,1.07101,0.0182,-0.0389,0.4324,0.0457,-0.3503,-0.0161,0.42,-6.05,178.54,1,1,0.0000,0.0000,0.3000,0.00,0.8300,0.4200,1.0000,6.50,180.00,1.050000,0.000000,0.000000,1.500000,0.000000,0.000000,1.200000,0.000000,0.000000,1.050000,0.000000,0.000000,1.350000,0.060000,0.000000,0.008000,0.000000,0.000600,0.008000,0.000000,0.000600,0.006000,0.000000,0.000000,1,1,1,532,243,379849,379849,210325,169523,0,60.00,14195,3263,451,0,0,0,14220,500.25,500.25,9,518,0.0000,0.5260,0.5040,0.7010,0.5000
2026-04-27T17:38:30.628,8.878,1,0.60,-0.19,-3.04,-4.93,1,-0.0189,0.0449,-0.1322,0.0427,-0.3394,-0.0101,-0.47,2.99,63.87,73.66,533,533,1.00000,1.00000,1.00000,1.00000,3,3,1,14.40685,0.00388,1.06731,0.0189,-0.0449,0.4322,0.0427,-0.3394,-0.0101,0.47,-5.88,178.43,1,1,0.0000,0.0000,0.3000,0.00,0.8300,0.4200,1.0000,6.50,180.00,1.050000,0.000000,0.000000,1.500000,0.000000,0.000000,1.200000,0.000000,0.000000,1.050000,0.000000,0.000000,1.350000,0.060000,0.000000,0.008000,0.000000,0.000600,0.008000,0.000000,0.000600,0.006000,0.000000,0.000000,1,1,1,533,243,379849,379849,210325,169523,0,60.00,14195,3263,451,0,0,0,14220,500.25,500.25,9,518,0.0000,0.5260,0.5040,0.7010,0.5000
2026-04-27T17:38:30.643,8.893,1,0.60,-0.19,-3.04,-4.93,1,-0.0193,0.0505,-0.1320,0.0336,-0.3486,-0.0129,-0.37,-6.24,54.06,50.74,534,534,1.00000,1.00000,1.00000,1.00000,3,3,1,14.63035,0.00435,1.06893,0.0193,-0.0505,0.4320,0.0336,-0.3486,-0.0129,0.37,-5.98,178.38,1,1,0.0000,0.0000,0.3000,0.00,0.8300,0.4200,1.0000,6.50,180.00,1.050000,0.000000,0.000000,1.500000,0.000000,0.000000,1.200000,0.000000,0.000000,1.050000,0.000000,0.000000,1.350000,0.060000,0.000000,0.008000,0.000000,0.000600,0.008000,0.000000,0.000600,0.006000,0.000000,0.000000,1,1,1,534,244,379849,379849,210325,169523,0,60.00,14195,3263,451,0,0,0,14220,500.25,500.25,9,518,0.0000,0.5260,0.5040,0.7010,0.5000
2026-04-27T17:38:30.659,8.909,1,0.60,-0.19,-3.04,-4.93,1,-0.0199,0.0561,-0.1318,0.0365,-0.3442,0.0000,-0.40,1.77,65.45,59.65,535,535,1.00000,1.00000,1.00000,1.00000,3,3,1,14.81775,0.00414,1.07099,0.0199,-0.0561,0.4318,0.0365,-0.3442,0.0000,0.40,-6.06,178.23,1,1,0.0000,0.0000,0.3000,0.00,0.8300,0.4200,1.0000,6.50,180.00,1.050000,0.000000,0.000000,1.500000,0.000000,0.000000,1.200000,0.000000,0.000000,1.050000,0.000000,0.000000,1.350000,0.060000,0.000000,0.008000,0.000000,0.000600,0.008000,0.000000,0.000600,0.006000,0.000000,0.000000,1,1,1,535,237,379849,379849,210325,169523,0,60.00,14195,3263,451,0,0,0,14220,500.25,500.25,9,518,0.0000,0.5260,0.5040,0.7010,0.5000
2026-04-27T17:38:30.677,8.926,1,0.60,-0.19,-3.04,-4.93,1,-0.0202,0.0618,-0.1317,0.0259,-0.3495,0.0000,-0.33,-4.21,58.95,58.68,536,536,1.00000,1.00000,1.00000,1.00000,3,3,1,15.04124,0.00422,1.07371,0.0202,-0.0618,0.4317,0.0259,-0.3495,0.0000,0.33,-6.28,178.12,1,1,0.0000,0.0000,0.3000,0.00,0.8300,0.4200,1.0000,6.50,180.00,1.050000,0.000000,0.000000,1.500000,0.000000,0.000000,1.200000,0.000000,0.000000,1.050000,0.000000,0.000000,1.350000,0.060000,0.000000,0.008000,0.000000,0.000600,0.008000,0.000000,0.000600,0.006000,0.000000,0.000000,1,1,1,536,238,379849,379849,210325,169523,0,60.00,14195,3263,451,0,0,0,14220,500.25,500.25,9,518,0.0000,0.5260,0.5040,0.7010,0.5000
2026-04-27T17:38:30.693,8.942,1,0.70,-0.80,1.00,-5.84,1,-0.0207,0.0676,-0.1318,0.0306,-0.3567,0.0000,-0.39,3.51,60.12,61.88,537,537,1.00000,1.00000,1.00000,1.00000,3,3,1,15.23816,0.00418,1.06902,0.0207,-0.0676,0.4318,0.0306,-0.3567,0.0000,0.39,-6.34,177.98,1,1,0.0000,0.0000,0.3000,0.00,0.8300,0.4200,1.0000,6.50,180.00,1.050000,0.000000,0.000000,1.500000,0.000000,0.000000,1.200000,0.000000,0.000000,1.050000,0.000000,0.000000,1.350000,0.060000,0.000000,0.008000,0.000000,0.000600,0.008000,0.000000,0.000600,0.006000,0.000000,0.000000,1,1,1,537,239,379849,379849,210325,169523,0,60.00,14195,3263,451,0,0,0,14220,500.25,500.25,9,518,0.0000,0.5260,0.5040,0.7010,0.5000
2026-04-27T17:38:30.711,8.960,1,0.70,-0.80,1.00,-5.84,1,-0.0210,0.0734,-0.1316,0.0238,-0.3412,0.0000,-0.44,2.94,66.20,59.62,538,538,1.00000,1.00000,1.00000,1.00000,3,3,1,15.45968,0.00419,1.06817,0.0210,-0.0734,0.4316,0.0238,-0.3412,0.0000,0.44,-6.52,177.89,1,1,0.0000,0.0000,0.3000,0.00,0.8300,0.4200,1.0000,6.50,180.00,1.050000,0.000000,0.000000,1.500000,0.000000,0.000000,1.200000,0.000000,0.000000,1.050000,0.000000,0.000000,1.350000,0.060000,0.000000,0.008000,0.000000,0.000600,0.008000,0.000000,0.000600,0.006000,0.000000,0.000000,1,1,1,538,239,379849,379849,210325,169523,0,60.00,14195,3263,451,0,0,0,14220,500.25,500.25,9,518,0.0000,0.5260,0.5040,0.7010,0.5000
2026-04-27T17:38:30.727,8.977,1,0.70,-0.80,1.00,-5.84,1,-0.0215,0.0786,-0.1313,0.0259,-0.3295,-0.0123,-0.45,0.61,55.04,59.90,539,539,1.00000,1.00000,1.00000,1.00000,3,3,1,15.58496,0.00415,1.06883,0.0215,-0.0786,0.4313,0.0259,-0.3295,-0.0123,0.45,-6.56,177.74,1,1,0.0000,0.0000,0.3000,0.00,0.8300,0.4200,1.0000,6.50,180.00,1.050000,0.000000,0.000000,1.500000,0.000000,0.000000,1.200000,0.000000,0.000000,1.050000,0.000000,0.000000,1.350000,0.060000,0.000000,0.008000,0.000000,0.000600,0.008000,0.000000,0.000600,0.006000,0.000000,0.000000,1,1,1,539,243,379849,379849,210325,169523,0,60.00,14195,3263,451,0,0,0,14220,500.25,500.25,9,518,0.0000,0.5260,0.5040,0.7010,0.5000
2026-04-27T17:38:30.738,8.987,1,0.70,-0.80,1.00,-5.84,1,-0.0215,0.0839,-0.1313,0.0140,-0.3811,0.0000,-0.45,0.00,58.30,58.91,540,540,1.00000,1.00000,1.00000,1.00000,3,3,1,15.83645,0.00422,1.06714,0.0215,-0.0839,0.4313,0.0140,-0.3811,0.0000,0.45,-6.72,177.62,1,1,0.0000,0.0000,0.3000,0.00,0.8300,0.4200,1.0000,6.50,180.00,1.050000,0.000000,0.000000,1.500000,0.000000,0.000000,1.200000,0.000000,0.000000,1.050000,0.000000,0.000000,1.350000,0.060000,0.000000,0.008000,0.000000,0.000600,0.008000,0.000000,0.000600,0.006000,0.000000,0.000000,1,1,1,540,239,379849,379849,210325,169523,0,60.00,14195,3263,451,0,0,0,14220,500.25,500.25,9,518,0.0000,0.5260,0.5040,0.7010,0.5000
2026-04-27T17:38:30.758,9.007,1,0.70,-0.80,1.00,-5.84,1,-0.0220,0.0900,-0.1312,0.0222,-0.3318,0.0000,-0.42,-1.50,101.35,59.36,541,541,1.00000,1.00000,1.00000,1.00000,3,3,1,16.08859,0.00414,1.06487,0.0220,-0.0900,0.4312,0.0222,-0.3318,0.0000,0.42,-6.60,177.52,1,1,0.0000,0.0000,0.3000,0.00,0.8300,0.4200,1.0000,6.50,180.00,1.050000,0.000000,0.000000,1.500000,0.000000,0.000000,1.200000,0.000000,0.000000,1.050000,0.000000,0.000000,1.350000,0.060000,0.000000,0.008000,0.000000,0.000600,0.008000,0.000000,0.000600,0.006000,0.000000,0.000000,1,1,1,541,237,379849,379849,210325,169523,0,60.00,14195,3263,451,0,0,0,14220,500.25,500.25,9,518,0.0000,0.5260,0.5040,0.7010,0.5000
2026-04-27T17:38:30.777,9.026,1,0.70,-0.80,1.00,-5.84,1,-0.0222,0.0950,-0.1314,0.0140,-0.3233,0.0000,-0.48,3.35,50.11,62.00,542,542,1.00000,1.00000,1.00000,1.00000,3,3,1,16.18671,0.00414,1.07151,0.0222,-0.0950,0.4314,0.0140,-0.3233,0.0000,0.48,-6.52,177.31,1,1,0.0000,0.0000,0.3000,0.00,0.8300,0.4200,1.0000,6.50,180.00,1.050000,0.000000,0.000000,1.500000,0.000000,0.000000,1.200000,0.000000,0.000000,1.050000,0.000000,0.000000,1.350000,0.060000,0.000000,0.008000,0.000000,0.000600,0.008000,0.000000,0.000600,0.006000,0.000000,0.000000,1,1,1,542,239,379849,379849,210325,169523,0,60.00,14195,3263,451,0,0,0,14220,500.25,500.25,9,518,0.0000,0.5260,0.5040,0.7010,0.5000
2026-04-27T17:38:30.794,9.043,1,0.70,-0.80,1.00,-5.84,1,-0.0224,0.1000,-0.1312,0.0147,-0.3128,0.0000,-0.56,4.79,52.92,60.22,543,543,1.00000,1.00000,1.00000,1.00000,3,3,1,16.37448,0.00420,1.06701,0.0224,-0.1000,0.4312,0.0147,-0.3128,0.0000,0.56,-6.31,177.20,1,1,0.0000,0.0000,0.3000,0.00,0.8300,0.4200,1.0000,6.50,180.00,1.050000,0.000000,0.000000,1.500000,0.000000,0.000000,1.200000,0.000000,0.000000,1.050000,0.000000,0.000000,1.350000,0.060000,0.000000,0.008000,0.000000,0.000600,0.008000,0.000000,0.000600,0.006000,0.000000,0.000000,1,1,1,543,236,379849,379849,210325,169523,0,60.00,14195,3263,451,0,0,0,14220,500.25,500.25,9,518,0.0000,0.5260,0.5040,0.7010,0.5000
2026-04-27T17:38:30.810,9.060,1,0.70,-0.80,1.00,-5.84,1,-0.0226,0.1050,-0.1313,0.0121,-0.3115,0.0000,-0.59,1.80,55.99,60.02,544,544,1.00000,1.00000,1.00000,1.00000,3,3,1,16.55438,0.00391,1.06931,0.0226,-0.1050,0.4313,0.0121,-0.3115,0.0000,0.59,-6.13,177.10,1,1,0.0000,0.0000,0.3000,0.00,0.8300,0.4200,1.0000,6.50,180.00,1.050000,0.000000,0.000000,1.500000,0.000000,0.000000,1.200000,0.000000,0.000000,1.050000,0.000000,0.000000,1.350000,0.060000,0.000000,0.008000,0.000000,0.000600,0.008000,0.000000,0.000600,0.006000,0.000000,0.000000,1,1,1,544,238,379849,379849,210325,169523,0,60.00,14195,3263,451,0,0,0,14220,500.25,500.25,9,518,0.0000,0.5260,0.5040,0.7010,0.5000
2026-04-27T17:38:30.817,9.067,1,0.70,-0.80,1.00,-5.84,1,-0.0228,0.1098,-0.1313,0.0144,-0.4427,0.0000,-0.69,12.43,60.43,76.60,545,545,1.00000,1.00000,1.00000,1.00000,3,3,1,16.77656,0.00391,1.06697,0.0228,-0.1098,0.4313,0.0144,-0.4427,0.0000,0.69,-6.07,176.93,1,1,0.0000,0.0000,0.3000,0.00,0.8300,0.4200,1.0000,6.50,180.00,1.050000,0.000000,0.000000,1.500000,0.000000,0.000000,1.200000,0.000000,0.000000,1.050000,0.000000,0.000000,1.350000,0.060000,0.000000,0.008000,0.000000,0.000600,0.008000,0.000000,0.000600,0.006000,0.000000,0.000000,1,1,1,545,238,379849,379849,210325,169523,0,60.00,14195,3263,451,0,0,0,14220,500.25,500.25,9,518,0.0000,0.5260,0.5040,0.7010,0.5000
2026-04-27T17:38:30.841,9.091,1,0.70,-0.80,1.00,-5.84,1,-0.0227,0.1164,-0.1313,0.0000,-0.3353,0.0000,-0.64,-2.08,165.55,55.79,546,546,1.00000,1.00000,1.00000,1.00000,3,3,1,16.96661,0.00406,1.06674,0.0227,-0.1164,0.4313,0.0000,-0.3353,0.0000,0.64,-6.26,176.84,1,1,0.0000,0.0000,0.3000,0.00,0.8300,0.4200,1.0000,6.50,180.00,1.050000,0.000000,0.000000,1.500000,0.000000,0.000000,1.200000,0.000000,0.000000,1.050000,0.000000,0.000000,1.350000,0.060000,0.000000,0.008000,0.000000,0.000600,0.008000,0.000000,0.000600,0.006000,0.000000,0.000000,1,1,1,546,235,379849,379849,210325,169523,0,60.00,14195,3263,451,0,0,0,14220,500.25,500.25,9,518,0.0000,0.5260,0.5040,0.7010,0.5000
2026-04-27T17:38:30.855,9.104,1,0.70,-0.80,1.00,-5.84,1,-0.0226,0.1205,-0.1313,0.0000,-0.3539,0.0000,-0.70,4.55,41.57,51.75,547,547,1.00000,1.00000,1.00000,1.00000,3,3,1,17.17539,0.00424,1.06857,0.0226,-0.1205,0.4313,0.0000,-0.3539,0.0000,0.70,-6.39,176.71,1,1,0.0000,0.0000,0.3000,0.00,0.8300,0.4200,1.0000,6.50,180.00,1.050000,0.000000,0.000000,1.500000,0.000000,0.000000,1.200000,0.000000,0.000000,1.050000,0.000000,0.000000,1.350000,0.060000,0.000000,0.008000,0.000000,0.000600,0.008000,0.000000,0.000600,0.006000,0.000000,0.000000,1,1,1,547,233,379969,379969,210445,169523,0,60.00,14315,3228,451,0,0,0,14220,500.25,500.25,9,518,0.0000,0.5260,0.5040,0.7010,0.5000
2026-04-27T17:38:30.877,9.126,1,0.70,-0.80,1.00,-5.84,1,-0.0226,0.1256,-0.1315,0.0000,-0.3162,0.0000,-0.74,1.89,75.81,66.90,548,548,1.00000,1.00000,1.00000,1.00000,3,3,1,17.39693,0.00410,1.06529,0.0226,-0.1256,0.4315,0.0000,-0.3162,0.0000,0.74,-6.37,176.67,1,1,0.0000,0.0000,0.3000,0.00,0.8300,0.4200,1.0000,6.50,180.00,1.050000,0.000000,0.000000,1.500000,0.000000,0.000000,1.200000,0.000000,0.000000,1.050000,0.000000,0.000000,1.350000,0.060000,0.000000,0.008000,0.000000,0.000600,0.008000,0.000000,0.000600,0.006000,0.000000,0.000000,1,1,1,548,235,379969,379969,210445,169523,0,60.00,14315,3228,451,0,0,0,14220,500.25,500.25,9,518,0.0000,0.5260,0.5040,0.7010,0.5000
2026-04-27T17:38:30.886,9.135,1,0.60,-2.10,-1.97,-6.85,1,-0.0223,0.1299,-0.1316,-0.0133,-0.3436,0.0000,-0.87,13.31,44.96,62.43,549,549,1.00000,1.00000,1.00000,1.00000,3,3,1,17.51748,0.00415,1.07107,0.0223,-0.1299,0.4316,-0.0133,-0.3436,0.0000,0.87,-6.54,176.46,1,1,0.0000,0.0000,0.3000,0.00,0.8300,0.4200,1.0000,6.50,180.00,1.050000,0.000000,0.000000,1.500000,0.000000,0.000000,1.200000,0.000000,0.000000,1.050000,0.000000,0.000000,1.350000,0.060000,0.000000,0.008000,0.000000,0.000600,0.008000,0.000000,0.000600,0.006000,0.000000,0.000000,1,1,1,549,239,379969,379969,210445,169523,0,60.00,14315,3228,451,0,0,0,14220,500.25,500.25,9,518,0.0000,0.5260,0.5040,0.7010,0.5000
2026-04-27T17:38:30.910,9.159,1,0.60,-2.10,-1.97,-6.85,1,-0.0221,0.1351,-0.1317,-0.0113,-0.2839,0.0000,-0.81,-2.47,114.65,51.93,550,550,1.00000,1.00000,1.00000,1.00000,3,3,1,17.73507,0.00424,1.06708,0.0221,-0.1351,0.4317,-0.0113,-0.2839,0.0000,0.81,-6.61,176.26,1,1,0.0000,0.0000,0.3000,0.00,0.8300,0.4200,1.0000,6.50,180.00,1.050000,0.000000,0.000000,1.500000,0.000000,0.000000,1.200000,0.000000,0.000000,1.050000,0.000000,0.000000,1.350000,0.060000,0.000000,0.008000,0.000000,0.000600,0.008000,0.000000,0.000600,0.006000,0.000000,0.000000,1,1,1,550,240,379969,379969,210445,169523,0,60.00,14315,3228,451,0,0,0,14220,500.25,500.25,9,518,0.0000,0.5260,0.5040,0.7010,0.5000
2026-04-27T17:38:30.917,9.167,1,0.60,-2.10,-1.97,-6.85,1,-0.0220,0.1386,-0.1317,0.0000,-0.3367,0.0000,-0.83,2.76,41.10,81.16,551,551,1.00000,1.00000,1.00000,1.00000,3,3,1,17.85833,0.00421,1.07090,0.0220,-0.1386,0.4317,0.0000,-0.3367,0.0000,0.83,-6.43,176.04,1,1,0.0000,0.0000,0.3000,0.00,0.8300,0.4200,1.0000,6.50,180.00,1.050000,0.000000,0.000000,1.500000,0.000000,0.000000,1.200000,0.000000,0.000000,1.050000,0.000000,0.000000,1.350000,0.060000,0.000000,0.008000,0.000000,0.000600,0.008000,0.000000,0.000600,0.006000,0.000000,0.000000,1,1,1,551,235,379969,379969,210445,169523,0,60.00,14315,3228,451,0,0,0,14220,500.25,500.25,9,518,0.0000,0.5260,0.5040,0.7010,0.5000
2026-04-27T17:38:30.943,9.192,1,0.60,-2.10,-1.97,-6.85,1,-0.0221,0.1437,-0.1321,0.0000,-0.3227,0.0143,-0.96,5.08,137.99,61.40,552,552,1.00000,1.00000,1.00000,1.00000,3,3,1,18.16320,0.00401,1.06780,0.0221,-0.1437,0.4321,0.0000,-0.3227,0.0143,0.96,-6.14,175.96,1,1,0.0000,0.0000,0.3000,0.00,0.8300,0.4200,1.0000,6.50,180.00,1.050000,0.000000,0.000000,1.500000,0.000000,0.000000,1.200000,0.000000,0.000000,1.050000,0.000000,0.000000,1.350000,0.060000,0.000000,0.008000,0.000000,0.000600,0.008000,0.000000,0.000600,0.006000,0.000000,0.000000,1,1,1,552,239,379969,379969,210445,169523,0,60.00,14315,3228,451,0,0,0,14220,500.25,500.25,9,518,0.0000,0.5260,0.5040,0.7010,0.5000
2026-04-27T17:38:30.957,9.206,1,0.60,-2.10,-1.97,-6.85,1,-0.0217,0.1483,-0.1319,-0.0122,-0.2500,0.0000,-0.96,0.00,39.06,52.29,553,553,1.00000,1.00000,1.00000,1.00000,3,3,1,18.27000,0.00414,1.07066,0.0217,-0.1483,0.4319,-0.0122,-0.2500,0.0000,0.96,-6.26,175.78,1,1,0.0000,0.0000,0.3000,0.00,0.8300,0.4200,1.0000,6.50,180.00,1.050000,0.000000,0.000000,1.500000,0.000000,0.000000,1.200000,0.000000,0.000000,1.050000,0.000000,0.000000,1.350000,0.060000,0.000000,0.008000,0.000000,0.000600,0.008000,0.000000,0.000600,0.006000,0.000000,0.000000,1,1,1,553,239,379969,379969,210445,169523,0,60.00,14315,3228,451,0,0,0,14220,500.25,500.25,9,518,0.0000,0.5260,0.5040,0.7010,0.5000
2026-04-27T17:38:30.972,9.221,1,0.60,-2.10,-1.97,-6.85,1,-0.0210,0.1522,-0.1320,-0.0276,-0.2752,0.0000,-0.99,1.95,72.58,53.73,554,554,1.00000,1.00000,1.00000,1.00000,3,3,1,18.39691,0.00419,1.06748,0.0210,-0.1522,0.4320,-0.0276,-0.2752,0.0000,0.99,-6.69,175.80,1,1,0.0000,0.0000,0.3000,0.00,0.8300,0.4200,1.0000,6.50,180.00,1.050000,0.000000,0.000000,1.500000,0.000000,0.000000,1.200000,0.000000,0.000000,1.050000,0.000000,0.000000,1.350000,0.060000,0.000000,0.008000,0.000000,0.000600,0.008000,0.000000,0.000600,0.006000,0.000000,0.000000,1,1,1,554,239,379969,379969,210445,169523,0,60.00,14315,3228,451,0,0,0,14220,500.25,500.25,9,518,0.0000,0.5260,0.5040,0.7010,0.5000
2026-04-27T17:38:30.994,9.243,1,0.60,-2.10,-1.97,-6.85,1,-0.0208,0.1561,-0.1320,-0.0166,-0.2268,0.0000,-1.02,1.50,65.05,59.96,555,555,1.00000,1.00000,1.00000,1.00000,3,3,1,18.51070,0.00401,1.06768,0.0208,-0.1561,0.4320,-0.0166,-0.2268,0.0000,1.02,-6.58,175.55,1,1,0.0000,0.0000,0.3000,0.00,0.8300,0.4200,1.0000,6.50,180.00,1.050000,0.000000,0.000000,1.500000,0.000000,0.000000,1.200000,0.000000,0.000000,1.050000,0.000000,0.000000,1.350000,0.060000,0.000000,0.008000,0.000000,0.000600,0.008000,0.000000,0.000600,0.006000,0.000000,0.000000,1,1,1,555,240,379969,379969,210445,169523,0,60.00,14315,3228,451,0,0,0,14220,500.25,500.25,9,518,0.0000,0.5260,0.5040,0.7010,0.5000
2026-04-27T17:38:31.010,9.260,1,0.60,-2.10,-1.97,-6.85,1,-0.0201,0.1598,-0.1321,-0.0325,-0.2428,0.0000,-1.01,-0.59,45.09,60.80,556,556,1.00000,1.00000,1.00000,1.00000,3,3,1,18.73021,0.00420,1.07123,0.0201,-0.1598,0.4321,-0.0325,-0.2428,0.0000,1.01,-6.84,175.45,1,1,0.0000,0.0000,0.3000,0.00,0.8300,0.4200,1.0000,6.50,180.00,1.050000,0.000000,0.000000,1.500000,0.000000,0.000000,1.200000,0.000000,0.000000,1.050000,0.000000,0.000000,1.350000,0.060000,0.000000,0.008000,0.000000,0.000600,0.008000,0.000000,0.000600,0.006000,0.000000,0.000000,1,1,1,556,238,379969,379969,210445,169523,0,60.00,14315,3228,451,0,0,0,14220,500.25,500.25,9,518,0.0000,0.5260,0.5040,0.7010,0.5000
2026-04-27T17:38:31.027,9.277,1,0.60,-2.10,-1.97,-6.85,1,-0.0195,0.1636,-0.1320,-0.0333,-0.2318,0.0000,-0.99,-1.15,59.63,58.37,557,557,1.00000,1.00000,1.00000,1.00000,3,3,1,18.90545,0.00428,1.06962,0.0195,-0.1636,0.4320,-0.0333,-0.2318,0.0000,0.99,-7.05,175.41,1,1,0.0000,0.0000,0.3000,0.00,0.8300,0.4200,1.0000,6.50,180.00,1.050000,0.000000,0.000000,1.500000,0.000000,0.000000,1.200000,0.000000,0.000000,1.050000,0.000000,0.000000,1.350000,0.060000,0.000000,0.008000,0.000000,0.000600,0.008000,0.000000,0.000600,0.006000,0.000000,0.000000,1,1,1,557,240,379969,379969,210445,169523,0,60.00,14315,3228,451,0,0,0,14220,500.25,500.25,9,518,0.0000,0.5260,0.5040,0.7010,0.5000
2026-04-27T17:38:31.044,9.293,1,0.60,-2.10,-1.97,-6.85,1,-0.0190,0.1671,-0.1321,-0.0314,-0.2209,0.0000,-0.94,-3.08,57.02,59.69,558,558,1.00000,1.00000,1.00000,1.00000,3,3,1,19.00935,0.00420,1.06566,0.0190,-0.1671,0.4321,-0.0314,-0.2209,0.0000,0.94,-7.05,175.33,1,1,0.0000,0.0000,0.3000,0.00,0.8300,0.4200,1.0000,6.50,180.00,1.050000,0.000000,0.000000,1.500000,0.000000,0.000000,1.200000,0.000000,0.000000,1.050000,0.000000,0.000000,1.350000,0.060000,0.000000,0.008000,0.000000,0.000600,0.008000,0.000000,0.000600,0.006000,0.000000,0.000000,1,1,1,558,240,379969,379969,210445,169523,0,60.00,14315,3228,451,0,0,0,14220,500.25,500.25,9,518,0.0000,0.5260,0.5040,0.7010,0.5000
2026-04-27T17:38:31.050,9.299,1,0.60,-2.10,-1.97,-6.85,1,-0.0185,0.1700,-0.1322,-0.0537,-0.3043,0.0000,-0.98,5.54,62.13,86.86,559,559,1.00000,1.00000,1.00000,1.00000,3,3,1,19.14553,0.00431,1.07059,0.0185,-0.1700,0.4322,-0.0537,-0.3043,0.0000,0.98,-7.02,175.00,1,1,0.0000,0.0000,0.3000,0.00,0.8300,0.4200,1.0000,6.50,180.00,1.050000,0.000000,0.000000,1.500000,0.000000,0.000000,1.200000,0.000000,0.000000,1.050000,0.000000,0.000000,1.350000,0.060000,0.000000,0.008000,0.000000,0.000600,0.008000,0.000000,0.000600,0.006000,0.000000,0.000000,1,1,1,559,236,379969,379969,210445,169523,0,60.00,14315,3228,451,0,0,0,14220,500.25,500.25,9,518,0.0000,0.5260,0.5040,0.7010,0.5000
2026-04-27T17:38:31.073,9.322,1,0.60,-2.10,-1.97,-6.85,1,-0.0178,0.1742,-0.1321,-0.0368,-0.2233,0.0000,-0.99,0.43,191.66,48.07,560,560,1.00000,1.00000,1.00000,1.00000,3,3,1,19.30828,0.00401,1.06623,0.0178,-0.1742,0.4321,-0.0368,-0.2233,0.0000,0.99,-7.02,174.90,1,1,0.0000,0.0000,0.3000,0.00,0.8300,0.4200,1.0000,6.50,180.00,1.050000,0.000000,0.000000,1.500000,0.000000,0.000000,1.200000,0.000000,0.000000,1.050000,0.000000,0.000000,1.350000,0.060000,0.000000,0.008000,0.000000,0.000600,0.008000,0.000000,0.000600,0.006000,0.000000,0.000000,1,1,1,560,239,379969,379969,210445,169523,0,60.00,14315,3228,451,0,0,0,14220,500.25,500.25,9,518,0.0000,0.5260,0.5040,0.7010,0.5000
2026-04-27T17:38:31.088,9.337,1,0.60,-2.10,-1.97,-6.85,1,-0.0171,0.1769,-0.1323,-0.0501,-0.2201,0.0000,-1.06,4.70,42.78,57.27,561,561,1.00000,1.00000,1.00000,1.00000,3,3,1,19.40883,0.00428,1.07051,0.0171,-0.1769,0.4323,-0.0501,-0.2201,0.0000,1.06,-7.04,174.71,1,1,0.0000,0.0000,0.3000,0.00,0.8300,0.4200,1.0000,6.50,180.00,1.050000,0.000000,0.000000,1.500000,0.000000,0.000000,1.200000,0.000000,0.000000,1.050000,0.000000,0.000000,1.350000,0.060000,0.000000,0.008000,0.000000,0.000600,0.008000,0.000000,0.000600,0.006000,0.000000,0.000000,1,1,1,561,238,379969,379969,210445,169523,0,60.00,14315,3228,451,0,0,0,14220,500.25,500.25,9,518,0.0000,0.5260,0.5040,0.7010,0.5000
2026-04-27T17:38:31.107,9.356,1,0.60,-2.10,-1.97,-6.85,1,-0.0164,0.1799,-0.1324,-0.0401,-0.1901,0.0000,-1.07,0.54,67.17,60.72,562,562,1.00000,1.00000,1.00000,1.00000,3,3,1,19.55462,0.00411,1.06800,0.0164,-0.1799,0.4324,-0.0401,-0.1901,0.0000,1.07,-6.94,174.72,1,1,0.0000,0.0000,0.3000,0.00,0.8300,0.4200,1.0000,6.50,180.00,1.050000,0.000000,0.000000,1.500000,0.000000,0.000000,1.200000,0.000000,0.000000,1.050000,0.000000,0.000000,1.350000,0.060000,0.000000,0.008000,0.000000,0.000600,0.008000,0.000000,0.000600,0.006000,0.000000,0.000000,1,1,1,562,237,379969,379969,210445,169523,0,60.00,14315,3228,451,0,0,0,14220,500.25,500.25,9,518,0.0000,0.5260,0.5040,0.7010,0.5000
2026-04-27T17:38:31.127,9.376,1,0.60,-2.10,-1.97,-6.85,1,-0.0156,0.1825,-0.1325,-0.0452,-0.1694,0.0000,-1.03,-2.23,53.92,64.01,563,563,1.00000,1.00000,1.00000,1.00000,3,3,1,19.68149,0.00420,1.07094,0.0156,-0.1825,0.4325,-0.0452,-0.1694,0.0000,1.03,-7.05,174.55,1,1,0.0000,0.0000,0.3000,0.00,0.8300,0.4200,1.0000,6.50,180.00,1.050000,0.000000,0.000000,1.500000,0.000000,0.000000,1.200000,0.000000,0.000000,1.050000,0.000000,0.000000,1.350000,0.060000,0.000000,0.008000,0.000000,0.000600,0.008000,0.000000,0.000600,0.006000,0.000000,0.000000,1,1,1,563,240,379969,379969,210445,169523,0,60.00,14315,3228,451,0,0,0,14220,500.25,500.25,9,518,0.0000,0.5260,0.5040,0.7010,0.5000
2026-04-27T17:38:31.143,9.392,1,0.60,-3.70,0.00,-6.99,1,-0.0149,0.1848,-0.1325,-0.0428,-0.1518,0.0000,-1.07,2.17,48.90,55.55,564,564,1.00000,1.00000,1.00000,1.00000,3,3,1,19.78557,0.00429,1.06783,0.0149,-0.1848,0.4325,-0.0428,-0.1518,0.0000,1.07,-6.88,174.50,1,1,0.0000,0.0000,0.3000,0.00,0.8300,0.4200,1.0000,6.50,180.00,1.050000,0.000000,0.000000,1.500000,0.000000,0.000000,1.200000,0.000000,0.000000,1.050000,0.000000,0.000000,1.350000,0.060000,0.000000,0.008000,0.000000,0.000600,0.008000,0.000000,0.000600,0.006000,0.000000,0.000000,1,1,1,564,239,379969,379969,210445,169523,0,60.00,14315,3228,451,0,0,0,14220,500.25,500.25,9,518,0.0000,0.5260,0.5040,0.7010,0.5000
2026-04-27T17:38:31.160,9.409,1,0.60,-3.70,0.00,-6.99,1,-0.0142,0.1870,-0.1326,-0.0452,-0.1473,0.0000,-1.16,5.42,62.62,61.63,565,565,1.00000,1.00000,1.00000,1.00000,3,3,1,19.84340,0.00410,1.06884,0.0142,-0.1870,0.4326,-0.0452,-0.1473,0.0000,1.16,-6.80,174.26,1,1,0.0000,0.0000,0.3000,0.00,0.8300,0.4200,1.0000,6.50,180.00,1.050000,0.000000,0.000000,1.500000,0.000000,0.000000,1.200000,0.000000,0.000000,1.050000,0.000000,0.000000,1.350000,0.060000,0.000000,0.008000,0.000000,0.000600,0.008000,0.000000,0.000600,0.006000,0.000000,0.000000,1,1,1,565,239,379969,379969,210445,169523,0,60.00,14315,3228,451,0,0,0,14220,500.25,500.25,9,518,0.0000,0.5260,0.5040,0.7010,0.5000
2026-04-27T17:38:31.180,9.429,1,0.60,-3.70,0.00,-6.99,1,-0.0134,0.1894,-0.1329,-0.0438,-0.1319,0.0104,-1.14,-1.06,60.21,59.14,566,566,1.00000,1.00000,1.00000,1.00000,3,3,1,19.87724,0.00400,1.06726,0.0134,-0.1894,0.4329,-0.0438,-0.1319,0.0104,1.14,-6.64,174.28,1,1,0.0000,0.0000,0.3000,0.00,0.8300,0.4200,1.0000,6.50,180.00,1.050000,0.000000,0.000000,1.500000,0.000000,0.000000,1.200000,0.000000,0.000000,1.050000,0.000000,0.000000,1.350000,0.060000,0.000000,0.008000,0.000000,0.000600,0.008000,0.000000,0.000600,0.006000,0.000000,0.000000,1,1,1,566,243,379969,379969,210445,169523,0,60.00,14315,3228,451,0,0,0,14220,500.25,500.25,9,518,0.0000,0.5260,0.5040,0.7010,0.5000
2026-04-27T17:38:31.197,9.446,1,0.60,-3.70,0.00,-6.99,1,-0.0124,0.1913,-0.1329,-0.0558,-0.1260,0.0000,-1.24,5.74,48.50,59.36,567,567,1.00000,1.00000,1.00000,1.00000,3,3,1,19.98519,0.00430,1.06794,0.0124,-0.1913,0.4329,-0.0558,-0.1260,0.0000,1.24,-6.76,174.12,1,1,0.0000,0.0000,0.3000,0.00,0.8300,0.4200,1.0000,6.50,180.00,1.050000,0.000000,0.000000,1.500000,0.000000,0.000000,1.200000,0.000000,0.000000,1.050000,0.000000,0.000000,1.350000,0.060000,0.000000,0.008000,0.000000,0.000600,0.008000,0.000000,0.000600,0.006000,0.000000,0.000000,1,1,1,567,240,379969,379969,210445,169523,0,60.00,14315,3228,451,0,0,0,14220,500.25,500.25,9,518,0.0000,0.5260,0.5040,0.7010,0.5000
2026-04-27T17:38:31.213,9.462,1,0.60,-3.70,0.00,-6.99,1,-0.0112,0.1928,-0.1326,-0.0656,-0.1087,-0.0108,-1.24,0.00,57.42,58.84,568,568,1.00000,1.00000,1.00000,1.00000,3,3,1,20.00826,0.00423,1.06795,0.0112,-0.1928,0.4326,-0.0656,-0.1087,-0.0108,1.24,-7.01,173.93,1,1,0.0000,0.0000,0.3000,0.00,0.8300,0.4200,1.0000,6.50,180.00,1.050000,0.000000,0.000000,1.500000,0.000000,0.000000,1.200000,0.000000,0.000000,1.050000,0.000000,0.000000,1.350000,0.060000,0.000000,0.008000,0.000000,0.000600,0.008000,0.000000,0.000600,0.006000,0.000000,0.000000,1,1,1,568,242,379969,379969,210445,169523,0,60.00,14315,3228,451,0,0,0,14220,500.25,500.25,9,518,0.0000,0.5260,0.5040,0.7010,0.5000
2026-04-27T17:38:31.229,9.478,1,0.60,-3.70,0.00,-6.99,1,-0.0101,0.1943,-0.1325,-0.0632,-0.0978,0.0000,-1.13,-6.29,67.11,61.83,569,569,1.00000,1.00000,1.00000,1.00000,3,3,1,20.08039,0.00424,1.06720,0.0101,-0.1943,0.4325,-0.0632,-0.0978,0.0000,1.13,-6.97,173.90,1,1,0.0000,0.0000,0.3000,0.00,0.8300,0.4200,1.0000,6.50,180.00,1.050000,0.000000,0.000000,1.500000,0.000000,0.000000,1.200000,0.000000,0.000000,1.050000,0.000000,0.000000,1.350000,0.060000,0.000000,0.008000,0.000000,0.000600,0.008000,0.000000,0.000600,0.006000,0.000000,0.000000,1,1,1,569,238,379969,379969,210445,169523,0,60.00,14315,3228,451,0,0,0,14220,500.25,500.25,9,518,0.0000,0.5260,0.5040,0.7010,0.5000
2026-04-27T17:38:31.245,9.494,1,0.60,-3.70,0.00,-6.99,1,-0.0091,0.1956,-0.1325,-0.0615,-0.0900,0.0000,-1.19,3.84,60.95,61.49,570,570,1.00000,1.00000,1.00000,1.00000,3,3,1,20.09096,0.00412,1.07029,0.0091,-0.1956,0.4325,-0.0615,-0.0900,0.0000,1.19,-6.83,173.78,1,1,0.0000,0.0000,0.3000,0.00,0.8300,0.4200,1.0000,6.50,180.00,1.050000,0.000000,0.000000,1.500000,0.000000,0.000000,1.200000,0.000000,0.000000,1.050000,0.000000,0.000000,1.350000,0.060000,0.000000,0.008000,0.000000,0.000600,0.008000,0.000000,0.000600,0.006000,0.000000,0.000000,1,1,1,570,239,379969,379969,210445,169523,0,60.00,14315,3228,451,0,0,0,14220,500.25,500.25,9,518,0.0000,0.5260,0.5040,0.7010,0.5000
2026-04-27T17:38:31.261,9.511,1,0.60,-3.70,0.00,-6.99,1,-0.0081,0.1968,-0.1327,-0.0629,-0.0782,0.0000,-1.18,-0.63,63.97,62.11,571,571,1.00000,1.00000,1.00000,1.00000,3,3,1,20.12308,0.00425,1.07255,0.0081,-0.1968,0.4327,-0.0629,-0.0782,0.0000,1.18,-6.72,173.59,1,1,0.0000,0.0000,0.3000,0.00,0.8300,0.4200,1.0000,6.50,180.00,1.050000,0.000000,0.000000,1.500000,0.000000,0.000000,1.200000,0.000000,0.000000,1.050000,0.000000,0.000000,1.350000,0.060000,0.000000,0.008000,0.000000,0.000600,0.008000,0.000000,0.000600,0.006000,0.000000,0.000000,1,1,1,571,240,379969,379969,210445,169523,0,60.00,14315,3228,451,0,0,0,14220,500.25,500.25,9,518,0.0000,0.5260,0.5040,0.7010,0.5000
2026-04-27T17:38:31.279,9.529,1,0.60,-3.70,0.00,-6.99,1,-0.0069,0.1977,-0.1326,-0.0661,-0.0637,0.0000,-1.24,3.17,55.47,56.65,572,572,1.00000,1.00000,1.00000,1.00000,3,3,1,20.16313,0.00426,1.06937,0.0069,-0.1977,0.4326,-0.0661,-0.0637,0.0000,1.24,-6.84,173.57,1,1,0.0000,0.0000,0.3000,0.00,0.8300,0.4200,1.0000,6.50,180.00,1.050000,0.000000,0.000000,1.500000,0.000000,0.000000,1.200000,0.000000,0.000000,1.050000,0.000000,0.000000,1.350000,0.060000,0.000000,0.008000,0.000000,0.000600,0.008000,0.000000,0.000600,0.006000,0.000000,0.000000,1,1,1,572,240,379969,379969,210445,169523,0,60.00,14315,3228,451,0,0,0,14220,500.25,500.25,9,518,0.0000,0.5260,0.5040,0.7010,0.5000
2026-04-27T17:38:31.294,9.543,1,0.70,-4.60,0.00,-3.88,1,-0.0057,0.1982,-0.1323,-0.0716,-0.0452,0.0000,-1.16,-5.42,56.41,60.05,573,573,1.00000,1.00000,1.00000,1.00000,3,3,1,20.14087,0.00419,1.06794,0.0057,-0.1982,0.4323,-0.0716,-0.0452,0.0000,1.16,-6.75,173.51,1,1,0.0000,0.0000,0.3000,0.00,0.8300,0.4200,1.0000,6.50,180.00,1.050000,0.000000,0.000000,1.500000,0.000000,0.000000,1.200000,0.000000,0.000000,1.050000,0.000000,0.000000,1.350000,0.060000,0.000000,0.008000,0.000000,0.000600,0.008000,0.000000,0.000600,0.006000,0.000000,0.000000,1,1,1,573,240,379969,379969,210445,169523,0,60.00,14315,3228,451,0,0,0,14220,500.25,500.25,9,518,0.0000,0.5260,0.5040,0.7010,0.5000
2026-04-27T17:38:31.310,9.559,1,0.70,-4.60,0.00,-3.88,1,-0.0046,0.1987,-0.1322,-0.0723,-0.0419,0.0000,-1.15,-0.67,72.86,60.50,574,574,1.00000,1.00000,1.00000,1.00000,3,3,1,20.11969,0.00418,1.06645,0.0046,-0.1987,0.4322,-0.0723,-0.0419,0.0000,1.15,-6.68,173.53,1,1,0.0000,0.0000,0.3000,0.00,0.8300,0.4200,1.0000,6.50,180.00,1.050000,0.000000,0.000000,1.500000,0.000000,0.000000,1.200000,0.000000,0.000000,1.050000,0.000000,0.000000,1.350000,0.060000,0.000000,0.008000,0.000000,0.000600,0.008000,0.000000,0.000600,0.006000,0.000000,0.000000,1,1,1,574,240,379969,379969,210445,169523,0,60.00,14315,3228,451,0,0,0,14220,500.25,500.25,9,518,0.0000,0.5260,0.5040,0.7010,0.5000
2026-04-27T17:38:31.327,9.577,1,0.70,-4.60,0.00,-3.88,1,-0.0033,0.1992,-0.1323,-0.0774,-0.0345,0.0000,-1.19,2.31,59.15,59.97,575,575,1.00000,1.00000,1.00000,1.00000,3,3,1,20.14007,0.00413,1.06540,0.0033,-0.1992,0.4323,-0.0774,-0.0345,0.0000,1.19,-6.66,173.42,1,1,0.0000,0.0000,0.3000,0.00,0.8300,0.4200,1.0000,6.50,180.00,1.050000,0.000000,0.000000,1.500000,0.000000,0.000000,1.200000,0.000000,0.000000,1.050000,0.000000,0.000000,1.350000,0.060000,0.000000,0.008000,0.000000,0.000600,0.008000,0.000000,0.000600,0.006000,0.000000,0.000000,1,1,1,575,240,379969,379969,210445,169523,0,60.00,14315,3228,451,0,0,0,14220,500.25,500.25,9,518,0.0000,0.5260,0.5040,0.7010,0.5000
2026-04-27T17:38:31.344,9.593,1,0.70,-4.60,0.00,-3.88,1,-0.0018,0.1992,-0.1323,-0.0834,-0.0143,0.0000,-1.20,0.61,59.45,60.52,576,576,1.00000,1.00000,1.00000,1.00000,3,3,1,20.08427,0.00438,1.06974,0.0018,-0.1992,0.4323,-0.0834,-0.0143,0.0000,1.20,-6.72,173.40,1,1,0.0000,0.0000,0.3000,0.00,0.8300,0.4200,1.0000,6.50,180.00,1.050000,0.000000,0.000000,1.500000,0.000000,0.000000,1.200000,0.000000,0.000000,1.050000,0.000000,0.000000,1.350000,0.060000,0.000000,0.008000,0.000000,0.000600,0.008000,0.000000,0.000600,0.006000,0.000000,0.000000,1,1,1,576,238,379969,379969,210445,169523,0,60.00,14315,3228,451,0,0,0,14220,500.25,500.25,9,518,0.0000,0.5260,0.5040,0.7010,0.5000
2026-04-27T17:38:31.360,9.609,1,0.70,-4.60,0.00,-3.88,1,-0.0007,0.1989,-0.1323,-0.0735,0.0000,0.0000,-1.21,0.63,62.65,59.69,577,577,1.00000,1.00000,1.00000,1.00000,3,3,1,20.12007,0.00421,1.06888,0.0007,-0.1989,0.4323,-0.0735,0.0000,0.0000,1.21,-6.39,173.36,1,1,0.0000,0.0000,0.3000,0.00,0.8300,0.4200,1.0000,6.50,180.00,1.050000,0.000000,0.000000,1.500000,0.000000,0.000000,1.200000,0.000000,0.000000,1.050000,0.000000,0.000000,1.350000,0.060000,0.000000,0.008000,0.000000,0.000600,0.008000,0.000000,0.000600,0.006000,0.000000,0.000000,1,1,1,577,231,379969,379969,210445,169523,0,60.00,14315,3228,451,0,0,0,14220,500.25,500.25,9,518,0.0000,0.5260,0.5040,0.7010,0.5000
2026-04-27T17:38:31.373,9.622,1,0.70,-4.60,0.00,-3.88,1,0.0008,0.1983,-0.1320,-0.0900,0.0201,-0.0122,-1.16,-3.51,58.85,67.48,578,578,1.00000,1.00000,1.00000,1.00000,3,3,1,20.01417,0.00427,1.07174,-0.0008,-0.1983,0.4320,-0.0900,0.0201,-0.0122,1.16,-6.46,173.25,1,1,0.0000,0.0000,0.3000,0.00,0.8300,0.4200,1.0000,6.50,180.00,1.050000,0.000000,0.000000,1.500000,0.000000,0.000000,1.200000,0.000000,0.000000,1.050000,0.000000,0.000000,1.350000,0.060000,0.000000,0.008000,0.000000,0.000600,0.008000,0.000000,0.000600,0.006000,0.000000,0.000000,1,1,1,578,238,379969,379969,210445,169523,0,60.00,14315,3228,451,0,0,0,14220,500.25,500.25,9,518,0.0000,0.5260,0.5040,0.7010,0.5000
2026-04-27T17:38:31.393,9.642,1,0.70,-4.60,0.00,-3.88,1,0.0024,0.1979,-0.1320,-0.0872,0.0212,0.0000,-1.16,0.00,81.75,56.57,579,579,1.00000,1.00000,1.00000,1.00000,3,3,1,20.02563,0.00420,1.07116,-0.0024,-0.1979,0.4320,-0.0872,0.0212,0.0000,1.16,-6.46,173.26,1,1,0.0000,0.0000,0.3000,0.00,0.8300,0.4200,1.0000,6.50,180.00,1.050000,0.000000,0.000000,1.500000,0.000000,0.000000,1.200000,0.000000,0.000000,1.050000,0.000000,0.000000,1.350000,0.060000,0.000000,0.008000,0.000000,0.000600,0.008000,0.000000,0.000600,0.006000,0.000000,0.000000,1,1,1,579,240,379969,379969,210445,169523,0,60.00,14315,3228,451,0,0,0,14220,500.25,500.25,9,518,0.0000,0.5260,0.5040,0.7010,0.5000
2026-04-27T17:38:31.402,9.651,1,0.70,-4.60,0.00,-3.88,1,0.0039,0.1967,-0.1317,-0.1177,0.0738,-0.0170,-1.15,-1.02,47.42,67.16,580,580,1.00000,1.00000,1.00000,1.00000,3,3,1,19.81833,0.00428,1.07256,-0.0039,-0.1967,0.4317,-0.1177,0.0738,-0.0170,1.15,-6.54,173.15,1,1,0.0000,0.0000,0.3000,0.00,0.8300,0.4200,1.0000,6.50,180.00,1.050000,0.000000,0.000000,1.500000,0.000000,0.000000,1.200000,0.000000,0.000000,1.050000,0.000000,0.000000,1.350000,0.060000,0.000000,0.008000,0.000000,0.000600,0.008000,0.000000,0.000600,0.006000,0.000000,0.000000,1,1,1,580,245,379969,379969,210445,169523,0,60.00,14315,3228,451,0,0,0,14220,500.25,500.25,9,518,0.0000,0.5260,0.5040,0.7010,0.5000
2026-04-27T17:38:31.424,9.673,1,0.70,-4.60,0.00,-3.88,1,0.0056,0.1956,-0.1316,-0.0919,0.0603,0.0000,-1.16,0.46,128.94,53.77,581,581,1.00000,1.00000,1.00000,1.00000,3,3,1,19.81258,0.00413,1.07112,-0.0056,-0.1956,0.4316,-0.0919,0.0603,0.0000,1.16,-6.42,173.12,1,1,0.0000,0.0000,0.3000,0.00,0.8300,0.4200,1.0000,6.50,180.00,1.050000,0.000000,0.000000,1.500000,0.000000,0.000000,1.200000,0.000000,0.000000,1.050000,0.000000,0.000000,1.350000,0.060000,0.000000,0.008000,0.000000,0.000600,0.008000,0.000000,0.000600,0.006000,0.000000,0.000000,1,1,1,581,239,379969,379969,210445,169523,0,60.00,14315,3228,451,0,0,0,14220,500.25,500.25,9,518,0.0000,0.5260,0.5040,0.7010,0.5000
2026-04-27T17:38:31.443,9.693,1,1.00,-4.90,2.89,-2.95,1,0.0069,0.1943,-0.1316,-0.0904,0.0737,0.0000,-1.14,-1.03,38.62,57.34,582,582,1.00000,1.00000,1.00000,1.00000,3,3,1,19.67360,0.00416,1.07198,-0.0069,-0.1943,0.4316,-0.0904,0.0737,0.0000,1.14,-6.28,173.14,1,1,0.0000,0.0000,0.3000,0.00,0.8300,0.4200,1.0000,6.50,180.00,1.050000,0.000000,0.000000,1.500000,0.000000,0.000000,1.200000,0.000000,0.000000,1.050000,0.000000,0.000000,1.350000,0.060000,0.000000,0.008000,0.000000,0.000600,0.008000,0.000000,0.000600,0.006000,0.000000,0.000000,1,1,1,582,239,379969,379969,210445,169523,0,60.00,14315,3228,451,0,0,0,14220,500.25,500.25,9,518,0.0000,0.5260,0.5040,0.7010,0.5000
2026-04-27T17:38:31.460,9.709,1,1.00,-4.90,2.89,-2.95,1,0.0086,0.1929,-0.1316,-0.0962,0.0778,0.0000,-1.17,1.90,63.53,62.99,583,583,1.00000,1.00000,1.00000,1.00000,3,3,1,19.56860,0.00426,1.07189,-0.0086,-0.1929,0.4316,-0.0962,0.0778,0.0000,1.17,-6.35,173.12,1,1,0.0000,0.0000,0.3000,0.00,0.8300,0.4200,1.0000,6.50,180.00,1.050000,0.000000,0.000000,1.500000,0.000000,0.000000,1.200000,0.000000,0.000000,1.050000,0.000000,0.000000,1.350000,0.060000,0.000000,0.008000,0.000000,0.000600,0.008000,0.000000,0.000600,0.006000,0.000000,0.000000,1,1,1,583,240,379969,379969,210445,169523,0,60.00,14315,3228,451,0,0,0,14220,500.25,500.25,9,518,0.0000,0.5260,0.5040,0.7010,0.5000
2026-04-27T17:38:31.468,9.717,1,1.00,-4.90,2.89,-2.95,1,0.0101,0.1911,-0.1314,-0.1345,0.1422,-0.0156,-1.17,0.00,57.15,72.33,584,584,1.00000,1.00000,1.00000,1.00000,3,3,1,19.46741,0.00437,1.07217,-0.0101,-0.1911,0.4314,-0.1345,0.1422,-0.0156,1.17,-6.33,173.12,1,1,0.0000,0.0000,0.3000,0.00,0.8300,0.4200,1.0000,6.50,180.00,1.050000,0.000000,0.000000,1.500000,0.000000,0.000000,1.200000,0.000000,0.000000,1.050000,0.000000,0.000000,1.350000,0.060000,0.000000,0.008000,0.000000,0.000600,0.008000,0.000000,0.000600,0.006000,0.000000,0.000000,1,1,1,584,244,379969,379969,210445,169523,0,60.00,14315,3228,451,0,0,0,14220,500.25,500.25,9,518,0.0000,0.5260,0.5040,0.7010,0.5000
2026-04-27T17:38:31.493,9.743,1,1.00,-4.90,2.89,-2.95,1,0.0120,0.1889,-0.1314,-0.1094,0.1242,0.0000,-1.15,-1.03,151.35,51.63,585,585,1.00000,1.00000,1.00000,1.00000,3,3,1,19.27118,0.00430,1.06895,-0.0120,-0.1889,0.4314,-0.1094,0.1242,0.0000,1.15,-6.35,173.04,1,1,0.0000,0.0000,0.3000,0.00,0.8300,0.4200,1.0000,6.50,180.00,1.050000,0.000000,0.000000,1.500000,0.000000,0.000000,1.200000,0.000000,0.000000,1.050000,0.000000,0.000000,1.350000,0.060000,0.000000,0.008000,0.000000,0.000600,0.008000,0.000000,0.000600,0.006000,0.000000,0.000000,1,1,1,585,240,379969,379969,210445,169523,0,60.00,14315,3228,451,0,0,0,14220,500.25,500.25,9,518,0.0000,0.5260,0.5040,0.7010,0.5000
2026-04-27T17:38:31.507,9.756,1,1.20,-4.90,1.99,0.00,1,0.0136,0.1865,-0.1314,-0.0972,0.1257,0.0000,-1.20,2.54,39.01,57.03,586,586,1.00000,1.00000,1.00000,1.00000,3,3,1,19.10851,0.00414,1.07355,-0.0136,-0.1865,0.4314,-0.0972,0.1257,0.0000,1.20,-6.16,173.04,1,1,0.0000,0.0000,0.3000,0.00,0.8300,0.4200,1.0000,6.50,180.00,1.050000,0.000000,0.000000,1.500000,0.000000,0.000000,1.200000,0.000000,0.000000,1.050000,0.000000,0.000000,1.350000,0.060000,0.000000,0.008000,0.000000,0.000600,0.008000,0.000000,0.000600,0.006000,0.000000,0.000000,1,1,1,586,239,379969,379969,210445,169523,0,60.00,14315,3228,451,0,0,0,14220,500.25,500.25,9,518,0.0000,0.5260,0.5040,0.7010,0.5000
2026-04-27T17:38:31.526,9.776,1,1.20,-4.90,1.99,0.00,1,0.0153,0.1843,-0.1315,-0.0995,0.1295,0.0000,-1.27,3.54,74.55,59.91,587,587,1.00000,1.00000,1.00000,1.00000,3,3,1,19.00272,0.00413,1.07147,-0.0153,-0.1843,0.4315,-0.0995,0.1295,0.0000,1.27,-6.22,173.10,1,1,0.0000,0.0000,0.3000,0.00,0.8300,0.4200,1.0000,6.50,180.00,1.050000,0.000000,0.000000,1.500000,0.000000,0.000000,1.200000,0.000000,0.000000,1.050000,0.000000,0.000000,1.350000,0.060000,0.000000,0.008000,0.000000,0.000600,0.008000,0.000000,0.000600,0.006000,0.000000,0.000000,1,1,1,587,236,379969,379969,210445,169523,0,60.00,14315,3228,451,0,0,0,14220,500.25,500.25,9,518,0.0000,0.5260,0.5040,0.7010,0.5000
2026-04-27T17:38:31.544,9.793,1,1.20,-4.90,1.99,0.00,1,0.0174,0.1815,-0.1313,-0.1175,0.1552,0.0000,-1.21,-3.73,50.58,60.49,588,588,1.00000,1.00000,1.00000,1.00000,3,3,1,18.91976,0.00433,1.07850,-0.0174,-0.1815,0.4313,-0.1175,0.1552,0.0000,1.21,-6.39,173.02,1,1,0.0000,0.0000,0.3000,0.00,0.8300,0.4200,1.0000,6.50,180.00,1.050000,0.000000,0.000000,1.500000,0.000000,0.000000,1.200000,0.000000,0.000000,1.050000,0.000000,0.000000,1.350000,0.060000,0.000000,0.008000,0.000000,0.000600,0.008000,0.000000,0.000600,0.006000,0.000000,0.000000,1,1,1,588,240,379969,379969,210445,169523,0,60.00,14315,3228,451,0,0,0,14220,500.25,500.25,9,518,0.0000,0.5260,0.5040,0.7010,0.5000
2026-04-27T17:38:31.560,9.809,1,1.20,-4.90,1.99,0.00,1,0.0189,0.1786,-0.1315,-0.0980,0.1640,0.0000,-1.17,-2.40,55.04,60.91,589,589,1.00000,1.00000,1.00000,1.00000,3,3,1,18.67490,0.00419,1.07275,-0.0189,-0.1786,0.4315,-0.0980,0.1640,0.0000,1.17,-6.00,173.07,1,1,0.0000,0.0000,0.3000,0.00,0.8300,0.4200,1.0000,6.50,180.00,1.050000,0.000000,0.000000,1.500000,0.000000,0.000000,1.200000,0.000000,0.000000,1.050000,0.000000,0.000000,1.350000,0.060000,0.000000,0.008000,0.000000,0.000600,0.008000,0.000000,0.000600,0.006000,0.000000,0.000000,1,1,1,589,237,379969,379969,210445,169523,0,60.00,14315,3228,451,0,0,0,14220,500.25,500.25,9,518,0.0000,0.5260,0.5040,0.7010,0.5000
2026-04-27T17:38:31.577,9.826,1,1.20,-4.90,1.99,0.00,1,0.0209,0.1755,-0.1314,-0.1143,0.1779,0.0000,-1.09,-4.85,60.33,60.68,590,590,1.00000,1.00000,1.00000,1.00000,3,3,1,18.50370,0.00435,1.07438,-0.0209,-0.1755,0.4314,-0.1143,0.1779,0.0000,1.09,-6.12,173.12,1,1,0.0000,0.0000,0.3000,0.00,0.8300,0.4200,1.0000,6.50,180.00,1.050000,0.000000,0.000000,1.500000,0.000000,0.000000,1.200000,0.000000,0.000000,1.050000,0.000000,0.000000,1.350000,0.060000,0.000000,0.008000,0.000000,0.000600,0.008000,0.000000,0.000600,0.006000,0.000000,0.000000,1,1,1,590,240,379969,379969,210445,169523,0,60.00,14315,3228,451,0,0,0,14220,500.25,500.25,9,518,0.0000,0.5260,0.5040,0.7010,0.5000
2026-04-27T17:38:31.594,9.843,1,1.20,-4.90,1.99,0.00,1,0.0227,0.1725,-0.1316,-0.1237,0.2013,0.0000,-1.08,-0.62,64.61,57.53,591,591,1.00000,1.00000,1.00000,1.00000,3,3,1,18.25024,0.00428,1.07254,-0.0227,-0.1725,0.4316,-0.1237,0.2013,0.0000,1.08,-6.08,173.20,1,1,0.0000,0.0000,0.3000,0.00,0.8300,0.4200,1.0000,6.50,180.00,1.050000,0.000000,0.000000,1.500000,0.000000,0.000000,1.200000,0.000000,0.000000,1.050000,0.000000,0.000000,1.350000,0.060000,0.000000,0.008000,0.000000,0.000600,0.008000,0.000000,0.000600,0.006000,0.000000,0.000000,1,1,1,591,239,379969,379969,210445,169523,0,60.00,14315,3228,451,0,0,0,14220,500.25,500.25,9,518,0.0000,0.5260,0.5040,0.7010,0.5000
2026-04-27T17:38:31.610,9.859,1,1.29,-4.90,0.95,0.00,1,0.0250,0.1687,-0.1315,-0.1200,0.1979,0.0000,-1.10,1.17,58.26,61.02,592,592,1.00000,1.00000,1.00000,1.00000,3,3,1,18.09885,0.00437,1.07509,-0.0250,-0.1687,0.4315,-0.1200,0.1979,0.0000,1.10,-6.22,173.13,1,1,0.0000,0.0000,0.3000,0.00,0.8300,0.4200,1.0000,6.50,180.00,1.050000,0.000000,0.000000,1.500000,0.000000,0.000000,1.200000,0.000000,0.000000,1.050000,0.000000,0.000000,1.350000,0.060000,0.000000,0.008000,0.000000,0.000600,0.008000,0.000000,0.000600,0.006000,0.000000,0.000000,1,1,1,592,238,379969,379969,210445,169523,0,60.00,14315,3228,451,0,0,0,14220,500.25,500.25,9,518,0.0000,0.5260,0.5040,0.7010,0.5000
2026-04-27T17:38:31.627,9.876,1,1.29,-4.90,0.95,0.00,1,0.0269,0.1648,-0.1317,-0.1152,0.2195,0.0000,-1.03,-4.13,58.68,61.50,593,593,1.00000,1.00000,1.00000,1.00000,3,3,1,17.83148,0.00438,1.07838,-0.0269,-0.1648,0.4317,-0.1152,0.2195,0.0000,1.03,-6.03,173.11,1,1,0.0000,0.0000,0.3000,0.00,0.8300,0.4200,1.0000,6.50,180.00,1.050000,0.000000,0.000000,1.500000,0.000000,0.000000,1.200000,0.000000,0.000000,1.050000,0.000000,0.000000,1.350000,0.060000,0.000000,0.008000,0.000000,0.000600,0.008000,0.000000,0.000600,0.006000,0.000000,0.000000,1,1,1,593,239,379969,379969,210445,169523,0,60.00,14315,3228,451,0,0,0,14220,500.25,500.25,9,518,0.0000,0.5260,0.5040,0.7010,0.5000
2026-04-27T17:38:31.645,9.894,1,1.29,-4.90,0.95,0.00,1,0.0287,0.1609,-0.1319,-0.1071,0.2183,0.0000,-1.06,1.59,58.36,60.38,594,594,1.00000,1.00000,1.00000,1.00000,3,3,1,17.58155,0.00425,1.07701,-0.0287,-0.1609,0.4319,-0.1071,0.2183,0.0000,1.06,-5.78,173.11,1,1,0.0000,0.0000,0.3000,0.00,0.8300,0.4200,1.0000,6.50,180.00,1.050000,0.000000,0.000000,1.500000,0.000000,0.000000,1.200000,0.000000,0.000000,1.050000,0.000000,0.000000,1.350000,0.060000,0.000000,0.008000,0.000000,0.000600,0.008000,0.000000,0.000600,0.006000,0.000000,0.000000,1,1,1,594,240,379969,379969,210445,169523,0,60.00,14315,3228,451,0,0,0,14220,500.25,500.25,9,518,0.0000,0.5260,0.5040,0.7010,0.5000
2026-04-27T17:38:31.660,9.909,1,1.29,-4.90,0.95,0.00,1,0.0306,0.1569,-0.1318,-0.1253,0.2513,0.0000,-1.04,-1.42,56.54,58.05,595,595,1.00000,1.00000,1.00000,1.00000,3,3,1,17.36976,0.00414,1.07684,-0.0306,-0.1569,0.4318,-0.1253,0.2513,0.0000,1.04,-5.63,173.15,1,1,0.0000,0.0000,0.3000,0.00,0.8300,0.4200,1.0000,6.50,180.00,1.050000,0.000000,0.000000,1.500000,0.000000,0.000000,1.200000,0.000000,0.000000,1.050000,0.000000,0.000000,1.350000,0.060000,0.000000,0.008000,0.000000,0.000600,0.008000,0.000000,0.000600,0.006000,0.000000,0.000000,1,1,1,595,240,379969,379969,210445,169523,0,60.00,14315,3228,451,0,0,0,14220,500.25,500.25,9,518,0.0000,0.5260,0.5040,0.7010,0.5000
2026-04-27T17:38:31.671,9.920,1,1.29,-4.90,0.95,0.00,1,0.0327,0.1528,-0.1318,-0.1423,0.2843,0.0000,-0.96,-6.51,66.48,60.41,596,596,1.00000,1.00000,1.00000,1.00000,3,3,1,17.16648,0.00448,1.07450,-0.0327,-0.1528,0.4318,-0.1423,0.2843,0.0000,0.96,-5.63,173.29,1,1,0.0000,0.0000,0.3000,0.00,0.8300,0.4200,1.0000,6.50,180.00,1.050000,0.000000,0.000000,1.500000,0.000000,0.000000,1.200000,0.000000,0.000000,1.050000,0.000000,0.000000,1.350000,0.060000,0.000000,0.008000,0.000000,0.000600,0.008000,0.000000,0.000600,0.006000,0.000000,0.000000,1,1,1,596,240,379969,379969,210445,169523,0,60.00,14315,3228,451,0,0,0,14220,500.25,500.25,9,518,0.0000,0.5260,0.5040,0.7010,0.5000
2026-04-27T17:38:31.693,9.942,1,1.29,-4.90,0.95,0.00,1,0.0352,0.1479,-0.1319,-0.1282,0.2568,0.0000,-0.92,-1.89,97.23,59.07,597,597,1.00000,1.00000,1.00000,1.00000,3,3,1,16.85921,0.00440,1.07795,-0.0352,-0.1479,0.4319,-0.1282,0.2568,0.0000,0.92,-5.74,173.31,1,1,0.0000,0.0000,0.3000,0.00,0.8300,0.4200,1.0000,6.50,180.00,1.050000,0.000000,0.000000,1.500000,0.000000,0.000000,1.200000,0.000000,0.000000,1.050000,0.000000,0.000000,1.350000,0.060000,0.000000,0.008000,0.000000,0.000600,0.008000,0.000000,0.000600,0.006000,0.000000,0.000000,1,1,1,597,240,379969,379969,210445,169523,0,60.00,14315,3228,451,0,0,0,14220,500.25,500.25,9,518,0.0000,0.5260,0.5040,0.7010,0.5000
2026-04-27T17:38:31.709,9.958,1,1.29,-4.90,0.95,0.00,1,0.0370,0.1433,-0.1321,-0.1257,0.2965,0.0000,-0.94,1.19,43.23,68.39,598,598,1.00000,1.00000,1.00000,1.00000,3,3,1,16.60703,0.00417,1.07720,-0.0370,-0.1433,0.4321,-0.1257,0.2965,0.0000,0.94,-5.46,173.43,1,1,0.0000,0.0000,0.3000,0.00,0.8300,0.4200,1.0000,6.50,180.00,1.050000,0.000000,0.000000,1.500000,0.000000,0.000000,1.200000,0.000000,0.000000,1.050000,0.000000,0.000000,1.350000,0.060000,0.000000,0.008000,0.000000,0.000600,0.008000,0.000000,0.000600,0.006000,0.000000,0.000000,1,1,1,598,240,379969,379969,210445,169523,0,60.00,14315,3228,451,0,0,0,14220,500.25,500.25,9,518,0.0000,0.5260,0.5040,0.7010,0.5000
2026-04-27T17:38:31.722,9.972,1,1.29,-4.90,0.95,0.00,1,0.0391,0.1384,-0.1324,-0.1325,0.2982,0.0119,-0.83,-8.12,67.45,58.38,599,599,1.00000,1.00000,1.00000,1.00000,3,3,1,16.40961,0.00441,1.07903,-0.0391,-0.1384,0.4324,-0.1325,0.2982,0.0119,0.83,-5.46,173.44,1,1,0.0000,0.0000,0.3000,0.00,0.8300,0.4200,1.0000,6.50,180.00,1.050000,0.000000,0.000000,1.500000,0.000000,0.000000,1.200000,0.000000,0.000000,1.050000,0.000000,0.000000,1.350000,0.060000,0.000000,0.008000,0.000000,0.000600,0.008000,0.000000,0.000600,0.006000,0.000000,0.000000,1,1,1,599,244,379969,379969,210445,169523,0,60.00,14315,3228,451,0,0,0,14220,500.25,500.25,9,518,0.0000,0.5260,0.5040,0.7010,0.5000
2026-04-27T17:38:31.741,9.990,1,1.29,-4.90,0.95,0.00,1,0.0415,0.1332,-0.1322,-0.1297,0.2887,0.0000,-0.91,4.36,53.91,69.72,600,600,1.00000,1.00000,1.00000,1.00000,3,3,1,16.10488,0.00424,1.07537,-0.0415,-0.1332,0.4322,-0.1297,0.2887,0.0000,0.91,-5.56,173.57,1,1,0.0000,0.0000,0.3000,0.00,0.8300,0.4200,1.0000,6.50,180.00,1.050000,0.000000,0.000000,1.500000,0.000000,0.000000,1.200000,0.000000,0.000000,1.050000,0.000000,0.000000,1.350000,0.060000,0.000000,0.008000,0.000000,0.000600,0.008000,0.000000,0.000600,0.006000,0.000000,0.000000,1,1,1,600,239,379969,379969,210445,169523,0,60.00,14315,3228,451,0,0,0,14220,500.25,500.25,9,518,0.0000,0.5260,0.5040,0.7010,0.5000
2026-04-27T17:38:31.749,9.998,1,1.29,-4.90,0.95,0.00,1,0.0430,0.1284,-0.1326,-0.1664,0.4814,0.0356,-0.89,-2.50,74.84,67.31,601,601,1.00000,1.00000,1.00000,1.00000,3,3,1,15.84657,0.00416,1.07871,-0.0430,-0.1284,0.4326,-0.1664,0.4814,0.0356,0.89,-5.12,173.45,1,1,0.0000,0.0000,0.3000,0.00,0.8300,0.4200,1.0000,6.50,180.00,1.050000,0.000000,0.000000,1.500000,0.000000,0.000000,1.200000,0.000000,0.000000,1.050000,0.000000,0.000000,1.350000,0.060000,0.000000,0.008000,0.000000,0.000600,0.008000,0.000000,0.000600,0.006000,0.000000,0.000000,1,1,1,601,244,379969,379969,210445,169523,0,60.00,14315,3228,451,0,0,0,14220,500.25,500.25,9,518,0.0000,0.5260,0.5040,0.7010,0.5000
2026-04-27T17:38:31.774,10.024,1,1.29,-4.90,0.95,0.00,1,0.0459,0.1211,-0.1327,-0.1318,0.3560,0.0134,-0.86,-1.17,50.19,48.03,602,602,1.00000,1.00000,1.00000,1.00000,3,3,1,15.59515,0.00426,1.07730,-0.0459,-0.1211,0.4327,-0.1318,0.3560,0.0134,0.86,-5.16,173.52,1,1,0.0000,0.0000,0.3000,0.00,0.8300,0.4200,1.0000,6.50,180.00,1.050000,0.000000,0.000000,1.500000,0.000000,0.000000,1.200000,0.000000,0.000000,1.050000,0.000000,0.000000,1.350000,0.060000,0.000000,0.008000,0.000000,0.000600,0.008000,0.000000,0.000600,0.006000,0.000000,0.000000,1,1,1,602,244,379969,379969,210445,169523,0,60.00,14315,3228,451,0,0,0,14220,500.25,500.25,9,518,0.0000,0.5260,0.5040,0.7010,0.5000
2026-04-27T17:38:31.793,10.042,1,1.29,-4.90,0.95,0.00,1,0.0478,0.1164,-0.1327,-0.1338,0.3539,0.0137,-0.77,-4.87,72.79,62.22,603,603,1.00000,1.00000,1.00000,1.00000,3,3,1,15.32250,0.00428,1.07998,-0.0478,-0.1164,0.4327,-0.1338,0.3539,0.0137,0.77,-5.20,173.60,1,1,0.0000,0.0000,0.3000,0.00,0.8300,0.4200,1.0000,6.50,180.00,1.050000,0.000000,0.000000,1.500000,0.000000,0.000000,1.200000,0.000000,0.000000,1.050000,0.000000,0.000000,1.350000,0.060000,0.000000,0.008000,0.000000,0.000600,0.008000,0.000000,0.000600,0.006000,0.000000,0.000000,1,1,1,603,242,379969,379969,210445,169523,0,60.00,14315,3228,601,0,0,0,14370,500.00,500.00,12,1204,0.0000,0.5260,0.5150,0.6750,0.5020
2026-04-27T17:38:31.810,10.059,1,1.29,-4.90,0.95,0.00,1,0.0499,0.1112,-0.1327,-0.1390,0.3558,0.0000,-0.78,0.74,54.08,53.26,604,604,1.00000,1.00000,1.00000,1.00000,3,3,1,14.99977,0.00420,1.07675,-0.0499,-0.1112,0.4327,-0.1390,0.3558,0.0000,0.78,-5.13,173.75,1,1,0.0000,0.0000,0.3000,0.00,0.8300,0.4200,1.0000,6.50,180.00,1.050000,0.000000,0.000000,1.500000,0.000000,0.000000,1.200000,0.000000,0.000000,1.050000,0.000000,0.000000,1.350000,0.060000,0.000000,0.008000,0.000000,0.000600,0.008000,0.000000,0.000600,0.006000,0.000000,0.000000,1,1,1,604,239,379969,379969,210445,169523,0,60.00,14315,3228,601,0,0,0,14370,500.00,500.00,12,1204,0.0000,0.5260,0.5150,0.6750,0.5020
2026-04-27T17:38:31.826,10.075,1,1.29,-4.90,0.95,0.00,1,0.0520,0.1053,-0.1327,-0.1276,0.3569,0.0000,-0.74,-2.10,58.69,66.51,605,605,1.00000,1.00000,1.00000,1.00000,3,3,1,14.81911,0.00423,1.07813,-0.0520,-0.1053,0.4327,-0.1276,0.3569,0.0000,0.74,-5.08,173.79,1,1,0.0000,0.0000,0.3000,0.00,0.8300,0.4200,1.0000,6.50,180.00,1.050000,0.000000,0.000000,1.500000,0.000000,0.000000,1.200000,0.000000,0.000000,1.050000,0.000000,0.000000,1.350000,0.060000,0.000000,0.008000,0.000000,0.000600,0.008000,0.000000,0.000600,0.006000,0.000000,0.000000,1,1,1,605,240,379969,379969,210445,169523,0,60.00,14315,3228,601,0,0,0,14370,500.00,500.00,12,1204,0.0000,0.5260,0.5150,0.6750,0.5020
2026-04-27T17:38:31.844,10.093,1,1.29,-4.90,0.95,0.00,1,0.0542,0.0996,-0.1327,-0.1453,0.3837,0.0000,-0.64,-7.98,55.72,104.86,606,606,1.00000,1.00000,1.00000,1.00000,3,3,1,14.51794,0.00428,1.07994,-0.0542,-0.0996,0.4327,-0.1453,0.3837,0.0000,0.64,-4.99,173.87,1,1,0.0000,0.0000,0.3000,0.00,0.8300,0.4200,1.0000,6.50,180.00,1.050000,0.000000,0.000000,1.500000,0.000000,0.000000,1.200000,0.000000,0.000000,1.050000,0.000000,0.000000,1.350000,0.060000,0.000000,0.008000,0.000000,0.000600,0.008000,0.000000,0.000600,0.006000,0.000000,0.000000,1,1,1,606,238,379969,379969,210445,169523,0,60.00,14315,3228,601,0,0,0,14370,500.00,500.00,12,1204,0.0000,0.5260,0.5150,0.6750,0.5020
2026-04-27T17:38:31.849,10.099,1,1.70,-4.60,1.97,1.97,1,0.0563,0.0937,-0.1326,-0.1699,0.4637,0.0000,-0.63,-0.89,63.85,49.38,607,607,1.00000,1.00000,1.00000,1.00000,3,3,1,14.34365,0.00425,1.07935,-0.0563,-0.0937,0.4326,-0.1699,0.4637,0.0000,0.63,-4.89,174.04,1,1,0.0000,0.0000,0.3000,0.00,0.8300,0.4200,1.0000,6.50,180.00,1.050000,0.000000,0.000000,1.500000,0.000000,0.000000,1.200000,0.000000,0.000000,1.050000,0.000000,0.000000,1.350000,0.060000,0.000000,0.008000,0.000000,0.000600,0.008000,0.000000,0.000600,0.006000,0.000000,0.000000,1,1,1,607,239,379969,379969,210445,169523,0,60.00,14315,3228,601,0,0,0,14370,500.00,500.00,12,1204,0.0000,0.5260,0.5150,0.6750,0.5020
2026-04-27T17:38:31.875,10.124,1,1.70,-4.60,1.97,1.97,1,0.0590,0.0864,-0.1321,-0.1367,0.3717,-0.0143,-0.53,-3.92,175.46,46.96,608,608,1.00000,1.00000,1.00000,1.00000,3,3,1,14.12824,0.00425,1.07729,-0.0590,-0.0864,0.4321,-0.1367,0.3717,-0.0143,0.53,-5.04,174.21,1,1,0.0000,0.0000,0.3000,0.00,0.8300,0.4200,1.0000,6.50,180.00,1.050000,0.000000,0.000000,1.500000,0.000000,0.000000,1.200000,0.000000,0.000000,1.050000,0.000000,0.000000,1.350000,0.060000,0.000000,0.008000,0.000000,0.000600,0.008000,0.000000,0.000600,0.006000,0.000000,0.000000,1,1,1,608,245,379969,379969,210445,169523,0,60.00,14315,3228,601,0,0,0,14370,500.00,500.00,12,1204,0.0000,0.5260,0.5150,0.6750,0.5020
2026-04-27T17:38:31.893,10.142,1,1.70,-4.60,1.97,1.97,1,0.0607,0.0806,-0.1319,-0.1242,0.3793,0.0000,-0.50,-1.69,39.19,61.99,609,609,1.00000,1.00000,1.00000,1.00000,3,3,1,13.82793,0.00419,1.07818,-0.0607,-0.0806,0.4319,-0.1242,0.3793,0.0000,0.50,-4.80,174.31,1,1,0.0000,0.0000,0.3000,0.00,0.8300,0.4200,1.0000,6.50,180.00,1.050000,0.000000,0.000000,1.500000,0.000000,0.000000,1.200000,0.000000,0.000000,1.050000,0.000000,0.000000,1.350000,0.060000,0.000000,0.008000,0.000000,0.000600,0.008000,0.000000,0.000600,0.006000,0.000000,0.000000,1,1,1,609,238,379969,379969,210445,169523,0,60.00,14315,3228,601,0,0,0,14370,500.00,500.00,12,1204,0.0000,0.5260,0.5150,0.6750,0.5020
2026-04-27T17:38:31.910,10.159,1,1.70,-4.60,1.97,1.97,1,0.0630,0.0742,-0.1314,-0.1263,0.3671,-0.0187,-0.43,-4.62,56.37,56.54,610,610,1.00000,1.00000,1.00000,1.00000,3,3,1,13.56527,0.00435,1.07666,-0.0630,-0.0742,0.4314,-0.1263,0.3671,-0.0187,0.43,-4.90,174.49,1,1,0.0000,0.0000,0.3000,0.00,0.8300,0.4200,1.0000,6.50,180.00,1.050000,0.000000,0.000000,1.500000,0.000000,0.000000,1.200000,0.000000,0.000000,1.050000,0.000000,0.000000,1.350000,0.060000,0.000000,0.008000,0.000000,0.000600,0.008000,0.000000,0.000600,0.006000,0.000000,0.000000,1,1,1,610,244,379969,379969,210445,169523,0,60.00,14315,3228,601,0,0,0,14370,500.00,500.00,12,1204,0.0000,0.5260,0.5150,0.6750,0.5020
2026-04-27T17:38:31.927,10.177,1,1.70,-4.60,1.97,1.97,1,0.0650,0.0676,-0.1313,-0.1206,0.3819,0.0000,-0.33,-5.48,58.10,62.12,611,611,1.00000,1.00000,1.00000,1.00000,3,3,1,13.39494,0.00428,1.07990,-0.0650,-0.0676,0.4313,-0.1206,0.3819,0.0000,0.33,-4.58,174.50,1,1,0.0000,0.0000,0.3000,0.00,0.8300,0.4200,1.0000,6.50,180.00,1.050000,0.000000,0.000000,1.500000,0.000000,0.000000,1.200000,0.000000,0.000000,1.050000,0.000000,0.000000,1.350000,0.060000,0.000000,0.008000,0.000000,0.000600,0.008000,0.000000,0.000600,0.006000,0.000000,0.000000,1,1,1,611,239,379969,379969,210445,169523,0,60.00,14315,3228,601,0,0,0,14370,500.00,500.00,12,1204,0.0000,0.5260,0.5150,0.6750,0.5020
2026-04-27T17:38:31.944,10.193,1,1.70,-4.60,1.97,1.97,1,0.0672,0.0610,-0.1307,-0.1339,0.4025,-0.0284,-0.24,-5.40,53.51,60.19,612,612,1.00000,1.00000,1.00000,1.00000,3,3,1,13.14517,0.00451,1.07993,-0.0672,-0.0610,0.4307,-0.1339,0.4025,-0.0284,0.24,-4.76,174.64,1,1,0.0000,0.0000,0.3000,0.00,0.8300,0.4200,1.0000,6.50,180.00,1.050000,0.000000,0.000000,1.500000,0.000000,0.000000,1.200000,0.000000,0.000000,1.050000,0.000000,0.000000,1.350000,0.060000,0.000000,0.008000,0.000000,0.000600,0.008000,0.000000,0.000600,0.006000,0.000000,0.000000,1,1,1,612,245,379969,379969,210445,169523,0,60.00,14315,3228,601,0,0,0,14370,500.00,500.00,12,1204,0.0000,0.5260,0.5150,0.6750,0.5020
2026-04-27T17:38:31.960,10.209,1,1.90,-4.20,1.97,3.88,1,0.0691,0.0540,-0.1306,-0.1225,0.4143,-0.0136,-0.17,-4.13,61.75,58.19,613,613,1.00000,1.00000,1.00000,1.00000,3,3,1,12.83225,0.00437,1.07857,-0.0691,-0.0540,0.4306,-0.1225,0.4143,-0.0136,0.17,-4.53,174.63,1,1,0.0000,0.0000,0.3000,0.00,0.8300,0.4200,1.0000,6.50,180.00,1.050000,0.000000,0.000000,1.500000,0.000000,0.000000,1.200000,0.000000,0.000000,1.050000,0.000000,0.000000,1.350000,0.060000,0.000000,0.008000,0.000000,0.000600,0.008000,0.000000,0.000600,0.006000,0.000000,0.000000,1,1,1,613,245,379969,379969,210445,169523,0,60.00,14315,3228,601,0,0,0,14370,500.00,500.00,12,1204,0.0000,0.5260,0.5150,0.6750,0.5020
2026-04-27T17:38:31.969,10.218,1,1.90,-4.20,1.97,3.88,1,0.0711,0.0476,-0.1304,-0.1570,0.5093,-0.0152,-0.13,-4.44,62.82,70.10,614,614,1.00000,1.00000,1.00000,1.00000,3,3,1,12.67773,0.00450,1.07903,-0.0711,-0.0476,0.4304,-0.1570,0.5093,-0.0152,0.13,-4.52,174.74,1,1,0.0000,0.0000,0.3000,0.00,0.8300,0.4200,1.0000,6.50,180.00,1.050000,0.000000,0.000000,1.500000,0.000000,0.000000,1.200000,0.000000,0.000000,1.050000,0.000000,0.000000,1.350000,0.060000,0.000000,0.008000,0.000000,0.000600,0.008000,0.000000,0.000600,0.006000,0.000000,0.000000,1,1,1,614,244,379969,379969,210445,169523,0,60.00,14315,3228,601,0,0,0,14370,500.00,500.00,12,1204,0.0000,0.5260,0.5150,0.6750,0.5020
2026-04-27T17:38:31.992,10.241,1,1.90,-4.20,1.97,3.88,1,0.0732,0.0397,-0.1303,-0.1264,0.4477,-0.0107,-0.15,0.86,124.87,52.51,615,615,1.00000,1.00000,1.00000,1.00000,3,3,1,12.43334,0.00415,1.07799,-0.0732,-0.0397,0.4303,-0.1264,0.4477,-0.0107,0.15,-4.16,174.82,1,1,0.0000,0.0000,0.3000,0.00,0.8300,0.4200,1.0000,6.50,180.00,1.050000,0.000000,0.000000,1.500000,0.000000,0.000000,1.200000,0.000000,0.000000,1.050000,0.000000,0.000000,1.350000,0.060000,0.000000,0.008000,0.000000,0.000600,0.008000,0.000000,0.000600,0.006000,0.000000,0.000000,1,1,1,615,243,379969,379969,210445,169523,0,60.00,14315,3228,601,0,0,0,14370,500.00,500.00,12,1204,0.0000,0.5260,0.5150,0.6750,0.5020
2026-04-27T17:38:32.005,10.255,1,2.10,-3.90,1.97,2.98,1,0.0753,0.0326,-0.1300,-0.1264,0.4328,-0.0152,-0.01,-10.61,42.76,64.86,616,616,1.00000,1.00000,1.00000,1.00000,3,3,1,12.18031,0.00429,1.08080,-0.0753,-0.0326,0.4300,-0.1264,0.4328,-0.0152,0.01,-4.28,174.85,1,1,0.0000,0.0000,0.3000,0.00,0.8300,0.4200,1.0000,6.50,180.00,1.050000,0.000000,0.000000,1.500000,0.000000,0.000000,1.200000,0.000000,0.000000,1.050000,0.000000,0.000000,1.350000,0.060000,0.000000,0.008000,0.000000,0.000600,0.008000,0.000000,0.000600,0.006000,0.000000,0.000000,1,1,1,616,241,379969,379969,210445,169523,0,60.00,14315,3228,601,0,0,0,14370,500.00,500.00,12,1204,0.0000,0.5260,0.5150,0.6750,0.5020
2026-04-27T17:38:32.027,10.276,1,2.10,-3.90,1.97,2.98,1,0.0771,0.0256,-0.1299,-0.1086,0.4012,0.0000,0.03,-2.07,75.79,58.27,617,617,1.00000,1.00000,1.00000,1.00000,3,3,1,11.97986,0.00433,1.08050,-0.0771,-0.0256,0.4299,-0.1086,0.4012,0.0000,-0.03,-4.13,175.00,1,1,0.0000,0.0000,0.3000,0.00,0.8300,0.4200,1.0000,6.50,180.00,1.050000,0.000000,0.000000,1.500000,0.000000,0.000000,1.200000,0.000000,0.000000,1.050000,0.000000,0.000000,1.350000,0.060000,0.000000,0.008000,0.000000,0.000600,0.008000,0.000000,0.000600,0.006000,0.000000,0.000000,1,1,1,617,237,379969,379969,210445,169523,0,60.00,14315,3228,601,0,0,0,14370,500.00,500.00,12,1204,0.0000,0.5260,0.5150,0.6750,0.5020
2026-04-27T17:38:32.044,10.293,1,2.10,-3.90,1.97,2.98,1,0.0788,0.0188,-0.1298,-0.1097,0.4180,-0.0106,0.04,-0.57,46.24,60.62,618,618,1.00000,1.00000,1.00000,1.00000,3,3,1,11.72358,0.00443,1.07867,-0.0788,-0.0188,0.4298,-0.1097,0.4180,-0.0106,-0.04,-4.07,175.29,1,1,0.0000,0.0000,0.3000,0.00,0.8300,0.4200,1.0000,6.50,180.00,1.050000,0.000000,0.000000,1.500000,0.000000,0.000000,1.200000,0.000000,0.000000,1.050000,0.000000,0.000000,1.350000,0.060000,0.000000,0.008000,0.000000,0.000600,0.008000,0.000000,0.000600,0.006000,0.000000,0.000000,1,1,1,618,244,379969,379969,210445,169523,0,60.00,14315,3228,601,0,0,0,14370,500.00,500.00,12,1204,0.0000,0.5260,0.5150,0.6750,0.5020
2026-04-27T17:38:32.060,10.310,1,2.10,-3.90,1.97,2.98,1,0.0804,0.0114,-0.1301,-0.0962,0.4070,0.0000,0.00,2.20,58.43,59.27,619,619,1.00000,1.00000,1.00000,1.00000,3,3,1,11.38148,0.00420,1.08023,-0.0804,-0.0114,0.4301,-0.0962,0.4070,0.0000,0.00,-3.73,175.35,1,1,0.0000,0.0000,0.3000,0.00,0.8300,0.4200,1.0000,6.50,180.00,1.050000,0.000000,0.000000,1.500000,0.000000,0.000000,1.200000,0.000000,0.000000,1.050000,0.000000,0.000000,1.350000,0.060000,0.000000,0.008000,0.000000,0.000600,0.008000,0.000000,0.000600,0.006000,0.000000,0.000000,1,1,1,619,235,379969,379969,210445,169523,0,60.00,14315,3228,601,0,0,0,14370,500.00,500.00,12,1204,0.0000,0.5260,0.5150,0.6750,0.5020
2026-04-27T17:38:32.078,10.327,1,2.10,-3.90,1.97,2.98,1,0.0821,0.0042,-0.1301,-0.1086,0.4507,0.0000,-0.03,1.74,49.58,58.85,620,620,1.00000,1.00000,1.00000,1.00000,3,3,1,11.29539,0.00419,1.08058,-0.0821,-0.0042,0.4301,-0.1086,0.4507,0.0000,0.03,-3.63,175.44,1,1,0.0000,0.0000,0.3000,0.00,0.8300,0.4200,1.0000,6.50,180.00,1.050000,0.000000,0.000000,1.500000,0.000000,0.000000,1.200000,0.000000,0.000000,1.050000,0.000000,0.000000,1.350000,0.060000,0.000000,0.008000,0.000000,0.000600,0.008000,0.000000,0.000600,0.006000,0.000000,0.000000,1,1,1,620,239,379969,379969,210445,169523,0,60.00,14315,3228,601,0,0,0,14370,500.00,500.00,12,1204,0.0000,0.5260,0.5150,0.6750,0.5020
2026-04-27T17:38:32.097,10.346,1,2.10,-3.90,1.97,2.98,1,0.0836,-0.0035,-0.1301,-0.0942,0.4364,0.0000,-0.08,2.83,68.05,57.42,621,621,1.00000,1.00000,1.00000,1.00000,3,3,1,10.97976,0.00405,1.07808,-0.0836,0.0035,0.4301,-0.0942,0.4364,0.0000,0.08,-3.52,175.53,1,1,0.0000,0.0000,0.3000,0.00,0.8300,0.4200,1.0000,6.50,180.00,1.050000,0.000000,0.000000,1.500000,0.000000,0.000000,1.200000,0.000000,0.000000,1.050000,0.000000,0.000000,1.350000,0.060000,0.000000,0.008000,0.000000,0.000600,0.008000,0.000000,0.000600,0.006000,0.000000,0.000000,1,1,1,621,238,379969,379969,210445,169523,0,60.00,14315,3228,601,0,0,0,14370,500.00,500.00,12,1204,0.0000,0.5260,0.5150,0.6750,0.5020
2026-04-27T17:38:32.109,10.359,1,2.10,-3.90,1.97,2.98,1,0.0852,-0.0108,-0.1304,-0.0966,0.4469,0.0127,0.01,-6.36,56.02,68.03,622,622,1.00000,1.00000,1.00000,1.00000,3,3,1,10.72710,0.00401,1.08107,-0.0852,0.0108,0.4304,-0.0966,0.4469,0.0127,-0.01,-3.37,175.71,1,1,0.0000,0.0000,0.3000,0.00,0.8300,0.4200,1.0000,6.50,180.00,1.050000,0.000000,0.000000,1.500000,0.000000,0.000000,1.200000,0.000000,0.000000,1.050000,0.000000,0.000000,1.350000,0.060000,0.000000,0.008000,0.000000,0.000600,0.008000,0.000000,0.000600,0.006000,0.000000,0.000000,1,1,1,622,239,379969,379969,210445,169523,0,60.00,14315,3228,601,0,0,0,14370,500.00,500.00,12,1204,0.0000,0.5260,0.5150,0.6750,0.5020
2026-04-27T17:38:32.123,10.373,1,2.10,-3.90,1.97,2.98,1,0.0868,-0.0182,-0.1305,-0.1100,0.4981,0.0000,-0.02,2.15,78.42,56.80,623,623,1.00000,1.00000,1.00000,1.00000,3,3,1,10.51236,0.00429,1.08033,-0.0868,0.0182,0.4305,-0.1100,0.4981,0.0000,0.02,-3.57,175.77,1,1,0.0000,0.0000,0.3000,0.00,0.8300,0.4200,1.0000,6.50,180.00,1.050000,0.000000,0.000000,1.500000,0.000000,0.000000,1.200000,0.000000,0.000000,1.050000,0.000000,0.000000,1.350000,0.060000,0.000000,0.008000,0.000000,0.000600,0.008000,0.000000,0.000600,0.006000,0.000000,0.000000,1,1,1,623,237,379969,379969,210445,169523,0,60.00,14315,3228,601,0,0,0,14370,500.00,500.00,12,1204,0.0000,0.5260,0.5150,0.6750,0.5020
2026-04-27T17:38:32.145,10.394,1,2.10,-3.90,1.97,2.98,1,0.0881,-0.0263,-0.1308,-0.0830,0.4547,0.0125,0.00,-0.97,53.42,57.83,624,624,1.00000,1.00000,1.00000,1.00000,3,3,1,10.41116,0.00401,1.07991,-0.0881,0.0263,0.4308,-0.0830,0.4547,0.0125,0.00,-3.14,175.87,1,1,0.0000,0.0000,0.3000,0.00,0.8300,0.4200,1.0000,6.50,180.00,1.050000,0.000000,0.000000,1.500000,0.000000,0.000000,1.200000,0.000000,0.000000,1.050000,0.000000,0.000000,1.350000,0.060000,0.000000,0.008000,0.000000,0.000600,0.008000,0.000000,0.000600,0.006000,0.000000,0.000000,1,1,1,624,240,379969,379969,210445,169523,0,60.00,14315,3228,601,0,0,0,14370,500.00,500.00,12,1204,0.0000,0.5260,0.5150,0.6750,0.5020
2026-04-27T17:38:32.162,10.411,1,2.50,-3.20,4.01,6.99,1,0.0895,-0.0338,-0.1307,-0.0875,0.4482,0.0000,0.06,-3.51,55.88,61.11,625,625,1.00000,1.00000,1.00000,1.00000,3,3,1,10.16451,0.00418,1.07837,-0.0895,0.0338,0.4307,-0.0875,0.4482,0.0000,-0.06,-3.35,176.03,1,1,0.0000,0.0000,0.3000,0.00,0.8300,0.4200,1.0000,6.50,180.00,1.050000,0.000000,0.000000,1.500000,0.000000,0.000000,1.200000,0.000000,0.000000,1.050000,0.000000,0.000000,1.350000,0.060000,0.000000,0.008000,0.000000,0.000600,0.008000,0.000000,0.000600,0.006000,0.000000,0.000000,1,1,1,625,240,379969,379969,210445,169523,0,60.00,14315,3228,601,0,0,0,14370,500.00,500.00,12,1204,0.0000,0.5260,0.5150,0.6750,0.5020
2026-04-27T17:38:32.179,10.429,1,2.50,-3.20,4.01,6.99,1,0.0906,-0.0415,-0.1312,-0.0706,0.4475,0.0178,0.15,-5.25,62.47,60.78,626,626,1.00000,1.00000,1.00000,1.00000,3,3,1,9.94148,0.00393,1.08319,-0.0906,0.0415,0.4312,-0.0706,0.4475,0.0178,-0.15,-3.02,176.22,1,1,0.0000,0.0000,0.3000,0.00,0.8300,0.4200,1.0000,6.50,180.00,1.050000,0.000000,0.000000,1.500000,0.000000,0.000000,1.200000,0.000000,0.000000,1.050000,0.000000,0.000000,1.350000,0.060000,0.000000,0.008000,0.000000,0.000600,0.008000,0.000000,0.000600,0.006000,0.000000,0.000000,1,1,1,626,244,379969,379969,210445,169523,0,60.00,14315,3228,601,0,0,0,14370,500.00,500.00,12,1204,0.0000,0.5260,0.5150,0.6750,0.5020
2026-04-27T17:38:32.193,10.442,1,2.50,-3.20,4.01,6.99,1,0.0916,-0.0487,-0.1316,-0.0728,0.4629,0.0186,0.25,-6.95,54.26,59.58,627,627,1.00000,1.00000,1.00000,1.00000,3,3,1,9.86045,0.00397,1.08001,-0.0916,0.0487,0.4316,-0.0728,0.4629,0.0186,-0.25,-2.94,176.34,1,1,0.0000,0.0000,0.3000,0.00,0.8300,0.4200,1.0000,6.50,180.00,1.050000,0.000000,0.000000,1.500000,0.000000,0.000000,1.200000,0.000000,0.000000,1.050000,0.000000,0.000000,1.350000,0.060000,0.000000,0.008000,0.000000,0.000600,0.008000,0.000000,0.000600,0.006000,0.000000,0.000000,1,1,1,627,244,379969,379969,210445,169523,0,60.00,14315,3228,601,0,0,0,14370,500.00,500.00,12,1204,0.0000,0.5260,0.5150,0.6750,0.5020
2026-04-27T17:38:32.210,10.459,1,2.80,-2.50,2.92,6.85,1,0.0926,-0.0562,-0.1316,-0.0678,0.4810,0.0102,0.22,1.78,82.65,59.34,628,628,1.00000,1.00000,1.00000,1.00000,3,3,1,9.56526,0.00392,1.07733,-0.0926,0.0562,0.4316,-0.0678,0.4810,0.0102,-0.22,-2.93,176.58,1,1,0.0000,0.0000,0.3000,0.00,0.8300,0.4200,1.0000,6.50,180.00,1.050000,0.000000,0.000000,1.500000,0.000000,0.000000,1.200000,0.000000,0.000000,1.050000,0.000000,0.000000,1.350000,0.060000,0.000000,0.008000,0.000000,0.000600,0.008000,0.000000,0.000600,0.006000,0.000000,0.000000,1,1,1,628,243,379969,379969,210445,169523,0,60.00,14315,3228,601,0,0,0,14370,500.00,500.00,12,1204,0.0000,0.5260,0.5150,0.6750,0.5020
2026-04-27T17:38:32.226,10.476,1,2.80,-2.50,2.92,6.85,1,0.0937,-0.0638,-0.1318,-0.0685,0.4691,0.0125,0.26,-2.52,54.32,59.38,629,629,1.00000,1.00000,1.00000,1.00000,3,3,1,9.44335,0.00430,1.07800,-0.0937,0.0638,0.4318,-0.0685,0.4691,0.0125,-0.26,-3.00,176.81,1,1,0.0000,0.0000,0.3000,0.00,0.8300,0.4200,1.0000,6.50,180.00,1.050000,0.000000,0.000000,1.500000,0.000000,0.000000,1.200000,0.000000,0.000000,1.050000,0.000000,0.000000,1.350000,0.060000,0.000000,0.008000,0.000000,0.000600,0.008000,0.000000,0.000600,0.006000,0.000000,0.000000,1,1,1,629,241,379969,379969,210445,169523,0,60.00,14315,3228,601,0,0,0,14370,500.00,500.00,12,1204,0.0000,0.5260,0.5150,0.6750,0.5020
2026-04-27T17:38:32.243,10.492,1,2.80,-2.50,2.92,6.85,1,0.0945,-0.0716,-0.1321,-0.0570,0.4740,0.0126,0.25,0.57,65.23,59.66,630,630,1.00000,1.00000,1.00000,1.00000,3,3,1,9.26765,0.00382,1.07922,-0.0945,0.0716,0.4321,-0.0570,0.4740,0.0126,-0.25,-2.71,176.89,1,1,0.0000,0.0000,0.3000,0.00,0.8300,0.4200,1.0000,6.50,180.00,1.050000,0.000000,0.000000,1.500000,0.000000,0.000000,1.200000,0.000000,0.000000,1.050000,0.000000,0.000000,1.350000,0.060000,0.000000,0.008000,0.000000,0.000600,0.008000,0.000000,0.000600,0.006000,0.000000,0.000000,1,1,1,630,244,379969,379969,210445,169523,0,60.00,14315,3228,601,0,0,0,14370,500.00,500.00,12,1204,0.0000,0.5260,0.5150,0.6750,0.5020
2026-04-27T17:38:32.263,10.512,1,2.80,-2.50,2.92,6.85,1,0.0955,-0.0795,-0.1321,-0.0535,0.4420,0.0000,0.36,-5.76,57.14,60.01,631,631,1.00000,1.00000,1.00000,1.00000,3,3,1,9.11060,0.00416,1.08027,-0.0955,0.0795,0.4321,-0.0535,0.4420,0.0000,-0.36,-2.85,177.05,1,1,0.0000,0.0000,0.3000,0.00,0.8300,0.4200,1.0000,6.50,180.00,1.050000,0.000000,0.000000,1.500000,0.000000,0.000000,1.200000,0.000000,0.000000,1.050000,0.000000,0.000000,1.350000,0.060000,0.000000,0.008000,0.000000,0.000600,0.008000,0.000000,0.000600,0.006000,0.000000,0.000000,1,1,1,631,239,379969,379969,210445,169523,0,60.00,14315,3228,601,0,0,0,14370,500.00,500.00,12,1204,0.0000,0.5260,0.5150,0.6750,0.5020
2026-04-27T17:38:32.276,10.525,1,2.80,-2.50,2.92,6.85,1,0.0960,-0.0867,-0.1323,-0.0471,0.4993,0.0143,0.30,4.36,52.49,61.53,632,632,1.00000,1.00000,1.00000,1.00000,3,3,1,9.04299,0.00412,1.08233,-0.0960,0.0867,0.4323,-0.0471,0.4993,0.0143,-0.30,-2.70,177.13,1,1,0.0000,0.0000,0.3000,0.00,0.8300,0.4200,1.0000,6.50,180.00,1.050000,0.000000,0.000000,1.500000,0.000000,0.000000,1.200000,0.000000,0.000000,1.050000,0.000000,0.000000,1.350000,0.060000,0.000000,0.008000,0.000000,0.000600,0.008000,0.000000,0.000600,0.006000,0.000000,0.000000,1,1,1,632,242,379969,379969,210445,169523,0,60.00,14315,3228,601,0,0,0,14370,500.00,500.00,12,1204,0.0000,0.5260,0.5150,0.6750,0.5020
2026-04-27T17:38:32.292,10.541,1,2.80,-2.50,2.92,6.85,1,0.0965,-0.0942,-0.1326,-0.0371,0.4838,0.0158,0.37,-4.30,72.63,60.05,633,633,1.00000,1.00000,1.00000,1.00000,3,3,1,8.85719,0.00408,1.08309,-0.0965,0.0942,0.4326,-0.0371,0.4838,0.0158,-0.37,-2.50,177.31,1,1,0.0000,0.0000,0.3000,0.00,0.8300,0.4200,1.0000,6.50,180.00,1.050000,0.000000,0.000000,1.500000,0.000000,0.000000,1.200000,0.000000,0.000000,1.050000,0.000000,0.000000,1.350000,0.060000,0.000000,0.008000,0.000000,0.000600,0.008000,0.000000,0.000600,0.006000,0.000000,0.000000,1,1,1,633,243,379969,379969,210445,169523,0,60.00,14315,3228,631,0,0,0,14400,500.00,500.00,9,1832,0.0000,0.5390,0.5110,0.6950,0.4980
2026-04-27T17:38:32.310,10.559,1,3.00,-1.60,1.95,8.73,1,0.0969,-0.1019,-0.1326,-0.0286,0.4489,0.0000,0.30,4.21,65.41,61.90,634,634,1.00000,1.00000,1.00000,1.00000,3,3,1,8.72496,0.00396,1.07971,-0.0969,0.1019,0.4326,-0.0286,0.4489,0.0000,-0.30,-2.46,177.52,1,1,0.0000,0.0000,0.3000,0.00,0.8300,0.4200,1.0000,6.50,180.00,1.050000,0.000000,0.000000,1.500000,0.000000,0.000000,1.200000,0.000000,0.000000,1.050000,0.000000,0.000000,1.350000,0.060000,0.000000,0.008000,0.000000,0.000600,0.008000,0.000000,0.000600,0.006000,0.000000,0.000000,1,1,1,634,239,379969,379969,210445,169523,0,60.00,14315,3228,631,0,0,0,14400,500.00,500.00,9,1832,0.0000,0.5390,0.5110,0.6950,0.4980
2026-04-27T17:38:32.326,10.576,1,3.00,-1.60,1.95,8.73,1,0.0973,-0.1089,-0.1324,-0.0293,0.4517,0.0000,0.31,-0.59,53.65,57.98,635,635,1.00000,1.00000,1.00000,1.00000,3,3,1,8.59860,0.00386,1.07838,-0.0973,0.1089,0.4324,-0.0293,0.4517,0.0000,-0.31,-2.53,177.72,1,1,0.0000,0.0000,0.3000,0.00,0.8300,0.4200,1.0000,6.50,180.00,1.050000,0.000000,0.000000,1.500000,0.000000,0.000000,1.200000,0.000000,0.000000,1.050000,0.000000,0.000000,1.350000,0.060000,0.000000,0.008000,0.000000,0.000600,0.008000,0.000000,0.000600,0.006000,0.000000,0.000000,1,1,1,635,240,379969,379969,210445,169523,0,60.00,14315,3228,631,0,0,0,14400,500.00,500.00,9,1832,0.0000,0.5390,0.5110,0.6950,0.4980
2026-04-27T17:38:32.343,10.593,1,3.00,-1.60,1.95,8.73,1,0.0977,-0.1165,-0.1322,-0.0246,0.4431,0.0000,0.42,-6.56,59.13,60.49,636,636,1.00000,1.00000,1.00000,1.00000,3,3,1,8.53375,0.00409,1.08023,-0.0977,0.1165,0.4322,-0.0246,0.4431,0.0000,-0.42,-2.56,177.78,1,1,0.0000,0.0000,0.3000,0.00,0.8300,0.4200,1.0000,6.50,180.00,1.050000,0.000000,0.000000,1.500000,0.000000,0.000000,1.200000,0.000000,0.000000,1.050000,0.000000,0.000000,1.350000,0.060000,0.000000,0.008000,0.000000,0.000600,0.008000,0.000000,0.000600,0.006000,0.000000,0.000000,1,1,1,636,240,379969,379969,210445,169523,0,60.00,14315,3228,631,0,0,0,14400,500.00,500.00,9,1832,0.0000,0.5390,0.5110,0.6950,0.4980
2026-04-27T17:38:32.360,10.609,1,3.00,-1.60,1.95,8.73,1,0.0978,-0.1235,-0.1322,-0.0128,0.4408,0.0000,0.53,-6.69,59.75,61.60,637,637,1.00000,1.00000,1.00000,1.00000,3,3,1,8.40317,0.00390,1.08121,-0.0978,0.1235,0.4322,-0.0128,0.4408,0.0000,-0.53,-2.53,177.97,1,1,0.0000,0.0000,0.3000,0.00,0.8300,0.4200,1.0000,6.50,180.00,1.050000,0.000000,0.000000,1.500000,0.000000,0.000000,1.200000,0.000000,0.000000,1.050000,0.000000,0.000000,1.350000,0.060000,0.000000,0.008000,0.000000,0.000600,0.008000,0.000000,0.000600,0.006000,0.000000,0.000000,1,1,1,637,240,379969,379969,210445,169523,0,60.00,14315,3228,631,0,0,0,14400,500.00,500.00,9,1832,0.0000,0.5390,0.5110,0.6950,0.4980
2026-04-27T17:38:32.374,10.623,1,3.00,-1.60,1.95,8.73,1,0.0975,-0.1307,-0.1322,0.0000,0.4409,0.0000,0.56,-1.95,60.84,60.88,638,638,1.00000,1.00000,1.00000,1.00000,3,3,1,8.31157,0.00369,1.08009,-0.0975,0.1307,0.4322,0.0000,0.4409,0.0000,-0.56,-2.17,178.15,1,1,0.0000,0.0000,0.3000,0.00,0.8300,0.4200,1.0000,6.50,180.00,1.050000,0.000000,0.000000,1.500000,0.000000,0.000000,1.200000,0.000000,0.000000,1.050000,0.000000,0.000000,1.350000,0.060000,0.000000,0.008000,0.000000,0.000600,0.008000,0.000000,0.000600,0.006000,0.000000,0.000000,1,1,1,638,235,379969,379969,210445,169523,0,60.00,14315,3228,631,0,0,0,14400,500.00,500.00,9,1832,0.0000,0.5390,0.5110,0.6950,0.4980
2026-04-27T17:38:32.395,10.644,1,3.00,-1.60,1.95,8.73,1,0.0974,-0.1378,-0.1319,0.0000,0.4109,-0.0115,0.53,1.54,74.63,59.03,639,639,1.00000,1.00000,1.00000,1.00000,3,3,1,8.14758,0.00390,1.07424,-0.0974,0.1378,0.4319,0.0000,0.4109,-0.0115,-0.53,-2.25,178.52,1,1,0.0000,0.0000,0.3000,0.00,0.8300,0.4200,1.0000,6.50,180.00,1.050000,0.000000,0.000000,1.500000,0.000000,0.000000,1.200000,0.000000,0.000000,1.050000,0.000000,0.000000,1.350000,0.060000,0.000000,0.008000,0.000000,0.000600,0.008000,0.000000,0.000600,0.006000,0.000000,0.000000,1,1,1,639,240,379969,379969,210445,169523,0,60.00,14315,3228,631,0,0,0,14400,500.00,500.00,9,1832,0.0000,0.5390,0.5110,0.6950,0.4980
2026-04-27T17:38:32.412,10.661,1,3.00,-1.60,1.95,8.73,1,0.0976,-0.1445,-0.1313,0.0000,0.4237,-0.0258,0.57,-2.27,48.27,59.36,640,640,1.00000,1.00000,1.00000,1.00000,3,3,1,8.06831,0.00400,1.07138,-0.0976,0.1445,0.4313,0.0000,0.4237,-0.0258,-0.57,-2.61,178.69,1,1,0.0000,0.0000,0.3000,0.00,0.8300,0.4200,1.0000,6.50,180.00,1.050000,0.000000,0.000000,1.500000,0.000000,0.000000,1.200000,0.000000,0.000000,1.050000,0.000000,0.000000,1.350000,0.060000,0.000000,0.008000,0.000000,0.000600,0.008000,0.000000,0.000600,0.006000,0.000000,0.000000,1,1,1,640,240,379969,379969,210445,169523,0,60.00,14315,3228,631,0,0,0,14400,500.00,500.00,9,1832,0.0000,0.5390,0.5110,0.6950,0.4980
2026-04-27T17:38:32.428,10.678,1,3.00,-1.60,1.95,8.73,1,0.0971,-0.1509,-0.1314,0.0158,0.3903,0.0000,0.61,-2.53,54.01,59.16,641,641,1.00000,1.00000,1.00000,1.00000,3,3,1,8.04677,0.00406,1.07604,-0.0971,0.1509,0.4314,0.0158,0.3903,0.0000,-0.61,-2.60,178.97,1,1,0.0000,0.0000,0.3000,0.00,0.8300,0.4200,1.0000,6.50,180.00,1.050000,0.000000,0.000000,1.500000,0.000000,0.000000,1.200000,0.000000,0.000000,1.050000,0.000000,0.000000,1.350000,0.060000,0.000000,0.008000,0.000000,0.000600,0.008000,0.000000,0.000600,0.006000,0.000000,0.000000,1,1,1,641,237,379969,379969,210445,169523,0,60.00,14315,3228,631,0,0,0,14400,500.00,500.00,9,1832,0.0000,0.5390,0.5110,0.6950,0.4980
2026-04-27T17:38:32.445,10.694,1,3.00,-1.60,1.95,8.73,1,0.0966,-0.1575,-0.1316,0.0225,0.4088,0.0000,0.64,-1.85,63.76,62.19,642,642,1.00000,1.00000,1.00000,1.00000,3,3,1,7.95656,0.00418,1.08020,-0.0966,0.1575,0.4316,0.0225,0.4088,0.0000,-0.64,-2.34,179.09,1,1,0.0000,0.0000,0.3000,0.00,0.8300,0.4200,1.0000,6.50,180.00,1.050000,0.000000,0.000000,1.500000,0.000000,0.000000,1.200000,0.000000,0.000000,1.050000,0.000000,0.000000,1.350000,0.060000,0.000000,0.008000,0.000000,0.000600,0.008000,0.000000,0.000600,0.006000,0.000000,0.000000,1,1,1,642,239,379969,379969,210445,169523,0,60.00,14315,3228,631,0,0,0,14400,500.00,500.00,9,1832,0.0000,0.5390,0.5110,0.6950,0.4980
2026-04-27T17:38:32.463,10.712,1,3.00,-1.60,1.95,8.73,1,0.0957,-0.1640,-0.1315,0.0377,0.3861,0.0000,0.52,6.40,57.44,56.71,643,643,1.00000,1.00000,1.00000,1.00000,3,3,1,7.83819,0.00369,1.07554,-0.0957,0.1640,0.4315,0.0377,0.3861,0.0000,-0.52,-2.01,179.21,1,1,0.0000,0.0000,0.3000,0.00,0.8300,0.4200,1.0000,6.50,180.00,1.050000,0.000000,0.000000,1.500000,0.000000,0.000000,1.200000,0.000000,0.000000,1.050000,0.000000,0.000000,1.350000,0.060000,0.000000,0.008000,0.000000,0.000600,0.008000,0.000000,0.000600,0.006000,0.000000,0.000000,1,1,1,643,236,379969,379969,210445,169523,0,60.00,14315,3228,631,0,0,0,14400,500.00,500.00,9,1832,0.0000,0.5390,0.5110,0.6950,0.4980
2026-04-27T17:38:32.480,10.729,1,3.00,-1.60,1.95,8.73,1,0.0951,-0.1703,-0.1315,0.0332,0.3878,0.0000,0.45,4.39,60.51,59.91,644,644,1.00000,1.00000,1.00000,1.00000,3,3,1,7.79670,0.00397,1.08012,-0.0951,0.1703,0.4315,0.0332,0.3878,0.0000,-0.45,-2.18,179.36,1,1,0.0000,0.0000,0.3000,0.00,0.8300,0.4200,1.0000,6.50,180.00,1.050000,0.000000,0.000000,1.500000,0.000000,0.000000,1.200000,0.000000,0.000000,1.050000,0.000000,0.000000,1.350000,0.060000,0.000000,0.008000,0.000000,0.000600,0.008000,0.000000,0.000600,0.006000,0.000000,0.000000,1,1,1,644,238,379969,379969,210445,169523,0,60.00,14315,3228,631,0,0,0,14400,500.00,500.00,9,1832,0.0000,0.5390,0.5110,0.6950,0.4980
2026-04-27T17:38:32.493,10.742,1,3.00,-1.60,1.95,8.73,1,0.0943,-0.1765,-0.1313,0.0436,0.3868,0.0000,0.51,-4.03,59.41,59.61,645,645,1.00000,1.00000,1.00000,1.00000,3,3,1,7.77218,0.00395,1.07602,-0.0943,0.1765,0.4313,0.0436,0.3868,0.0000,-0.51,-2.03,179.64,1,1,0.0000,0.0000,0.3000,0.00,0.8300,0.4200,1.0000,6.50,180.00,1.050000,0.000000,0.000000,1.500000,0.000000,0.000000,1.200000,0.000000,0.000000,1.050000,0.000000,0.000000,1.350000,0.060000,0.000000,0.008000,0.000000,0.000600,0.008000,0.000000,0.000600,0.006000,0.000000,0.000000,1,1,1,645,239,379969,379969,210445,169523,0,60.00,14315,3228,631,0,0,0,14400,500.00,500.00,9,1832,0.0000,0.5390,0.5110,0.6950,0.4980
2026-04-27T17:38:32.513,10.762,1,3.00,-1.60,1.95,8.73,1,0.0934,-0.1828,-0.1311,0.0502,0.3816,0.0000,0.52,-0.52,63.56,60.23,646,646,1.00000,1.00000,1.00000,1.00000,3,3,1,7.70788,0.00381,1.07749,-0.0934,0.1828,0.4311,0.0502,0.3816,0.0000,-0.52,-2.15,179.74,1,1,0.0000,0.0000,0.3000,0.00,0.8300,0.4200,1.0000,6.50,180.00,1.050000,0.000000,0.000000,1.500000,0.000000,0.000000,1.200000,0.000000,0.000000,1.050000,0.000000,0.000000,1.350000,0.060000,0.000000,0.008000,0.000000,0.000600,0.008000,0.000000,0.000600,0.006000,0.000000,0.000000,1,1,1,646,238,379969,379969,210445,169523,0,60.00,14315,3228,631,0,0,0,14400,500.00,500.00,9,1832,0.0000,0.5390,0.5110,0.6950,0.4980
2026-04-27T17:38:32.525,10.774,1,3.00,-1.60,1.95,8.73,1,0.0927,-0.1887,-0.1309,0.0458,0.3866,-0.0107,0.60,-6.30,53.50,66.74,647,647,1.00000,1.00000,1.00000,1.00000,3,3,1,7.47817,0.00385,1.08340,-0.0927,0.1887,0.4309,0.0458,0.3866,-0.0107,-0.60,-2.44,179.62,1,1,0.0000,0.0000,0.3000,0.00,0.8300,0.4200,1.0000,6.50,180.00,1.050000,0.000000,0.000000,1.500000,0.000000,0.000000,1.200000,0.000000,0.000000,1.050000,0.000000,0.000000,1.350000,0.060000,0.000000,0.008000,0.000000,0.000600,0.008000,0.000000,0.000600,0.006000,0.000000,0.000000,1,1,1,647,243,379969,379969,210445,169523,0,60.00,14315,3228,631,0,0,0,14400,500.00,500.00,9,1832,0.0000,0.5390,0.5110,0.6950,0.4980
2026-04-27T17:38:32.542,10.791,1,3.00,-1.60,1.95,8.73,1,0.0917,-0.1947,-0.1304,0.0641,0.4019,-0.0259,0.71,-6.49,62.97,55.86,648,648,1.00000,1.00000,1.00000,1.00000,3,3,1,7.34851,0.00391,1.07701,-0.0917,0.1947,0.4304,0.0641,0.4019,-0.0259,-0.71,-2.79,179.47,1,1,0.0000,0.0000,0.3000,0.00,0.8300,0.4200,1.0000,6.50,180.00,1.050000,0.000000,0.000000,1.500000,0.000000,0.000000,1.200000,0.000000,0.000000,1.050000,0.000000,0.000000,1.350000,0.060000,0.000000,0.008000,0.000000,0.000600,0.008000,0.000000,0.000600,0.006000,0.000000,0.000000,1,1,1,648,243,379969,379969,210445,169523,0,60.00,14315,3228,631,0,0,0,14400,500.00,500.00,9,1832,0.0000,0.5390,0.5110,0.6950,0.4980
2026-04-27T17:38:32.559,10.808,1,3.00,-1.60,1.95,8.73,1,0.0903,-0.2005,-0.1302,0.0702,0.3552,-0.0149,0.75,-2.31,85.55,61.16,649,649,1.00000,1.00000,1.00000,1.00000,3,3,1,7.20321,0.00395,1.07259,-0.0903,0.2005,0.4302,0.0702,0.3552,-0.0149,-0.75,-2.93,179.39,1,1,0.0000,0.0000,0.3000,0.00,0.8300,0.4200,1.0000,6.50,180.00,1.050000,0.000000,0.000000,1.500000,0.000000,0.000000,1.200000,0.000000,0.000000,1.050000,0.000000,0.000000,1.350000,0.060000,0.000000,0.008000,0.000000,0.000600,0.008000,0.000000,0.000600,0.006000,0.000000,0.000000,1,1,1,649,241,379969,379969,210445,169523,0,60.00,14315,3228,631,0,0,0,14400,500.00,500.00,9,1832,0.0000,0.5390,0.5110,0.6950,0.4980
2026-04-27T17:38:32.571,10.821,1,3.00,-1.60,1.95,8.73,0,0.0000,0.0000,0.3000,0.0000,0.0000,0.0000,0.00,0.00,57.64,58.97,650,649,0.99846,0.99846,1.00000,0.99846,3,2,0,0.00000,0.00000,1.00000,0.0000,0.0000,0.0000,0.0000,0.0000,0.0000,0.00,0.00,0.00,1,1,0.0000,0.0000,0.3000,0.00,0.8300,0.4200,1.0000,6.50,180.00,1.050000,0.000000,0.000000,1.500000,0.000000,0.000000,1.200000,0.000000,0.000000,1.050000,0.000000,0.000000,1.350000,0.060000,0.000000,0.008000,0.000000,0.000600,0.008000,0.000000,0.000600,0.006000,0.000000,0.000000,1,1,1,650,205,379969,379969,210445,169523,0,60.00,14315,3228,631,0,0,0,14400,500.00,500.00,9,1832,0.0000,0.5390,0.5110,0.6950,0.4980
2026-04-27T17:38:32.587,10.837,1,3.00,-1.60,1.95,8.73,0,0.0000,0.0000,0.3000,0.0000,0.0000,0.0000,0.00,0.00,80.30,59.81,651,649,0.99693,0.99693,1.00000,0.99693,3,2,0,0.00000,0.00000,1.00000,0.0000,0.0000,0.0000,0.0000,0.0000,0.0000,0.00,0.00,0.00,1,1,0.0000,0.0000,0.3000,0.00,0.8300,0.4200,1.0000,6.50,180.00,1.050000,0.000000,0.000000,1.500000,0.000000,0.000000,1.200000,0.000000,0.000000,1.050000,0.000000,0.000000,1.350000,0.060000,0.000000,0.008000,0.000000,0.000600,0.008000,0.000000,0.000600,0.006000,0.000000,0.000000,1,1,1,651,205,379969,379969,210445,169523,0,60.00,14315,3228,631,0,0,0,14400,500.00,500.00,9,1832,0.0000,0.5390,0.5110,0.6950,0.4980
2026-04-27T17:38:32.599,10.848,1,3.00,-1.60,1.95,8.73,0,0.0000,0.0000,0.3000,0.0000,0.0000,0.0000,0.00,0.00,59.81,84.50,652,649,0.99540,0.99540,1.00000,0.99540,3,2,0,0.00000,0.00000,1.00000,0.0000,0.0000,0.0000,0.0000,0.0000,0.0000,0.00,0.00,0.00,1,1,0.0000,0.0000,0.3000,0.00,0.8300,0.4200,1.0000,6.50,180.00,1.050000,0.000000,0.000000,1.500000,0.000000,0.000000,1.200000,0.000000,0.000000,1.050000,0.000000,0.000000,1.350000,0.060000,0.000000,0.008000,0.000000,0.000600,0.008000,0.000000,0.000600,0.006000,0.000000,0.000000,1,1,1,652,205,379969,379969,210445,169523,0,60.00,14315,3228,631,0,0,0,14400,500.00,500.00,9,1832,0.0000,0.5390,0.5110,0.6950,0.4980
2026-04-27T17:38:32.621,10.870,1,3.10,1.70,0.00,10.89,0,0.0000,0.0000,0.3000,0.0000,0.0000,0.0000,0.00,0.00,92.32,46.46,653,649,0.99387,0.99387,1.00000,0.99387,3,2,0,0.00000,0.00000,1.00000,0.0000,0.0000,0.0000,0.0000,0.0000,0.0000,0.00,0.00,0.00,1,1,0.0000,0.0000,0.3000,0.00,0.8300,0.4200,1.0000,6.50,180.00,1.050000,0.000000,0.000000,1.500000,0.000000,0.000000,1.200000,0.000000,0.000000,1.050000,0.000000,0.000000,1.350000,0.060000,0.000000,0.008000,0.000000,0.000600,0.008000,0.000000,0.000600,0.006000,0.000000,0.000000,1,1,1,653,205,379969,379969,210445,169523,0,60.00,14315,3228,631,0,0,0,14400,500.00,500.00,9,1832,0.0000,0.5390,0.5110,0.6950,0.4980
2026-04-27T17:38:32.637,10.886,1,3.10,1.70,0.00,10.89,0,0.0000,0.0000,0.3000,0.0000,0.0000,0.0000,0.00,0.00,43.61,61.92,654,649,0.99235,0.99235,1.00000,0.99235,3,2,0,0.00000,0.00000,1.00000,0.0000,0.0000,0.0000,0.0000,0.0000,0.0000,0.00,0.00,0.00,1,1,0.0000,0.0000,0.3000,0.00,0.8300,0.4200,1.0000,6.50,180.00,1.050000,0.000000,0.000000,1.500000,0.000000,0.000000,1.200000,0.000000,0.000000,1.050000,0.000000,0.000000,1.350000,0.060000,0.000000,0.008000,0.000000,0.000600,0.008000,0.000000,0.000600,0.006000,0.000000,0.000000,1,1,1,654,205,379969,379969,210445,169523,0,60.00,14315,3228,631,0,0,0,14400,500.00,500.00,9,1832,0.0000,0.5390,0.5110,0.6950,0.4980
2026-04-27T17:38:32.655,10.904,1,3.10,1.70,0.00,10.89,0,0.0000,0.0000,0.3000,0.0000,0.0000,0.0000,0.00,0.00,67.82,57.73,655,649,0.99084,0.99084,1.00000,0.99084,3,2,0,0.00000,0.00000,1.00000,0.0000,0.0000,0.0000,0.0000,0.0000,0.0000,0.00,0.00,0.00,1,1,0.0000,0.0000,0.3000,0.00,0.8300,0.4200,1.0000,6.50,180.00,1.050000,0.000000,0.000000,1.500000,0.000000,0.000000,1.200000,0.000000,0.000000,1.050000,0.000000,0.000000,1.350000,0.060000,0.000000,0.008000,0.000000,0.000600,0.008000,0.000000,0.000600,0.006000,0.000000,0.000000,1,1,1,655,205,379969,379969,210445,169523,0,60.00,14315,3228,631,0,0,0,14400,500.00,500.00,9,1832,0.0000,0.5390,0.5110,0.6950,0.4980
2026-04-27T17:38:32.671,10.920,1,3.10,1.70,0.00,10.89,0,0.0000,0.0000,0.3000,0.0000,0.0000,0.0000,0.00,0.00,53.05,62.11,656,649,0.98933,0.98933,1.00000,0.98933,3,2,0,0.00000,0.00000,1.00000,0.0000,0.0000,0.0000,0.0000,0.0000,0.0000,0.00,0.00,0.00,1,1,0.0000,0.0000,0.3000,0.00,0.8300,0.4200,1.0000,6.50,180.00,1.050000,0.000000,0.000000,1.500000,0.000000,0.000000,1.200000,0.000000,0.000000,1.050000,0.000000,0.000000,1.350000,0.060000,0.000000,0.008000,0.000000,0.000600,0.008000,0.000000,0.000600,0.006000,0.000000,0.000000,1,1,1,656,205,379969,379969,210445,169523,0,60.00,14315,3228,631,0,0,0,14400,500.00,500.00,9,1832,0.0000,0.5390,0.5110,0.6950,0.4980
2026-04-27T17:38:32.693,10.942,1,3.10,1.70,0.00,10.89,1,0.0787,-0.2379,-0.1084,0.0000,0.0000,0.0000,1.07,0.00,60.34,57.79,657,650,0.98935,0.98935,1.00000,0.98935,3,3,1,9.06929,0.00362,1.07857,-0.0787,0.2379,0.4084,0.0000,0.0000,0.0000,-1.07,-3.81,-179.84,1,1,0.0000,0.0000,0.3000,0.00,0.8300,0.4200,1.0000,6.50,180.00,1.050000,0.000000,0.000000,1.500000,0.000000,0.000000,1.200000,0.000000,0.000000,1.050000,0.000000,0.000000,1.350000,0.060000,0.000000,0.008000,0.000000,0.000600,0.008000,0.000000,0.000600,0.006000,0.000000,0.000000,1,1,1,657,232,379969,379969,210445,169523,0,60.00,14315,3228,631,0,0,0,14400,500.00,500.00,9,1832,0.0000,0.5390,0.5110,0.6950,0.4980
2026-04-27T17:38:32.706,10.955,1,3.10,1.70,0.00,10.89,1,0.0771,-0.2405,-0.1000,0.0623,0.1037,-0.3373,1.06,0.71,45.95,70.54,658,651,0.98936,0.98936,1.00000,0.98936,3,3,1,10.02324,0.00352,1.07688,-0.0771,0.2405,0.4000,0.0623,0.1037,-0.3373,-1.06,-3.66,-178.64,1,1,0.0000,0.0000,0.3000,0.00,0.8300,0.4200,1.0000,6.50,180.00,1.050000,0.000000,0.000000,1.500000,0.000000,0.000000,1.200000,0.000000,0.000000,1.050000,0.000000,0.000000,1.350000,0.060000,0.000000,0.008000,0.000000,0.000600,0.008000,0.000000,0.000600,0.006000,0.000000,0.000000,1,1,1,658,242,379969,379969,210445,169523,0,60.00,14315,3228,631,0,0,0,14400,500.00,500.00,9,1832,0.0000,0.5390,0.5110,0.6950,0.4980
2026-04-27T17:38:32.721,10.970,1,1.29,2.60,-17.69,8.82,1,0.0760,-0.2442,-0.0855,0.0607,0.1707,-0.6649,1.25,-12.86,60.10,52.35,659,652,0.98938,0.98938,1.00000,0.98938,3,3,1,10.85260,0.00363,1.07552,-0.0760,0.2442,0.3855,0.0607,0.1707,-0.6649,-1.25,-4.22,-177.63,1,1,0.0000,0.0000,0.3000,0.00,0.8300,0.4200,1.0000,6.50,180.00,1.050000,0.000000,0.000000,1.500000,0.000000,0.000000,1.200000,0.000000,0.000000,1.050000,0.000000,0.000000,1.350000,0.060000,0.000000,0.008000,0.000000,0.000600,0.008000,0.000000,0.000600,0.006000,0.000000,0.000000,1,1,1,659,245,379969,379969,210445,169523,0,60.00,14315,3228,631,0,0,0,14400,500.00,500.00,9,1832,0.0000,0.5390,0.5110,0.6950,0.4980
2026-04-27T17:38:32.743,10.992,1,1.29,2.60,-17.69,8.82,1,0.0748,-0.2485,-0.0666,0.0595,0.1886,-0.7967,1.38,-5.92,98.23,86.67,660,653,0.98939,0.98939,1.00000,0.98939,3,3,1,11.68564,0.00333,1.07571,-0.0748,0.2485,0.3666,0.0595,0.1886,-0.7967,-1.38,-4.73,-176.63,1,1,0.0000,0.0000,0.3000,0.00,0.8300,0.4200,1.0000,6.50,180.00,1.050000,0.000000,0.000000,1.500000,0.000000,0.000000,1.200000,0.000000,0.000000,1.050000,0.000000,0.000000,1.350000,0.060000,0.000000,0.008000,0.000000,0.000600,0.008000,0.000000,0.000600,0.006000,0.000000,0.000000,1,1,1,660,245,379969,379969,210445,169523,0,60.00,14315,3228,631,0,0,0,14400,500.00,500.00,9,1832,0.0000,0.5390,0.5110,0.6950,0.4980
2026-04-27T17:38:32.760,11.009,1,1.29,2.60,-17.69,8.82,1,0.0739,-0.2524,-0.0453,0.0536,0.2044,-1.0104,1.71,-22.06,42.29,46.73,661,654,0.98941,0.98941,1.00000,0.98941,3,3,1,12.59884,0.00330,1.07695,-0.0739,0.2524,0.3453,0.0536,0.2044,-1.0104,-1.71,-5.87,-175.82,1,1,0.0000,0.0000,0.3000,0.00,0.8300,0.4200,1.0000,6.50,180.00,1.050000,0.000000,0.000000,1.500000,0.000000,0.000000,1.200000,0.000000,0.000000,1.050000,0.000000,0.000000,1.350000,0.060000,0.000000,0.008000,0.000000,0.000600,0.008000,0.000000,0.000600,0.006000,0.000000,0.000000,1,1,1,661,244,379969,379969,210445,169523,0,60.00,14315,3228,631,0,0,0,14400,500.00,500.00,9,1832,0.0000,0.5390,0.5110,0.6950,0.4980
2026-04-27T17:38:32.777,11.026,1,1.29,2.60,-17.69,8.82,1,0.0728,-0.2560,-0.0216,0.0646,0.2149,-1.2503,1.71,0.00,58.76,58.62,662,655,0.98943,0.98943,1.00000,0.98943,3,3,1,13.51327,0.00320,1.08026,-0.0728,0.2560,0.3216,0.0646,0.2149,-1.2503,-1.71,-6.48,-175.06,1,1,0.0000,0.0000,0.3000,0.00,0.8300,0.4200,1.0000,6.50,180.00,1.050000,0.000000,0.000000,1.500000,0.000000,0.000000,1.200000,0.000000,0.000000,1.050000,0.000000,0.000000,1.350000,0.060000,0.000000,0.008000,0.000000,0.000600,0.008000,0.000000,0.000600,0.006000,0.000000,0.000000,1,1,1,662,244,379969,379969,210445,169523,0,60.00,14315,3228,631,0,0,0,14400,500.00,500.00,9,1832,0.0000,0.5390,0.5110,0.6950,0.4980
2026-04-27T17:38:32.793,11.042,1,1.29,2.60,-17.69,8.82,1,0.0719,-0.2602,0.0057,0.0587,0.2305,-1.4044,1.83,-6.85,64.45,61.92,663,656,0.98944,0.98944,1.00000,0.98944,3,3,1,14.44462,0.00310,1.08118,-0.0719,0.2602,0.2943,0.0587,0.2305,-1.4044,-1.83,-7.29,-174.50,1,1,0.0000,0.0000,0.3000,0.00,0.8300,0.4200,1.0000,6.50,180.00,1.050000,0.000000,0.000000,1.500000,0.000000,0.000000,1.200000,0.000000,0.000000,1.050000,0.000000,0.000000,1.350000,0.060000,0.000000,0.008000,0.000000,0.000600,0.008000,0.000000,0.000600,0.006000,0.000000,0.000000,1,1,1,663,243,379969,379969,210445,169523,0,60.00,14315,3228,631,0,0,0,14400,500.00,500.00,9,1832,0.0000,0.5390,0.5110,0.6950,0.4980
2026-04-27T17:38:32.811,11.060,1,1.29,2.60,-17.69,8.82,1,0.0712,-0.2642,0.0362,0.0472,0.2258,-1.5795,1.99,-9.49,58.53,60.23,664,657,0.98946,0.98946,1.00000,0.98946,3,3,1,15.42390,0.00310,1.08487,-0.0712,0.2642,0.2638,0.0472,0.2258,-1.5795,-1.99,-8.39,-173.73,1,1,0.0000,0.0000,0.3000,0.00,0.8300,0.4200,1.0000,6.50,180.00,1.050000,0.000000,0.000000,1.500000,0.000000,0.000000,1.200000,0.000000,0.000000,1.050000,0.000000,0.000000,1.350000,0.060000,0.000000,0.008000,0.000000,0.000600,0.008000,0.000000,0.000600,0.006000,0.000000,0.000000,1,1,1,664,245,379969,379969,210445,169523,0,60.00,14315,3228,631,0,0,0,14400,500.00,500.00,9,1832,0.0000,0.5390,0.5110,0.6950,0.4980
2026-04-27T17:38:32.829,11.078,1,1.29,2.60,-17.69,8.82,1,0.0701,-0.2681,0.0693,0.0589,0.2206,-1.6998,1.84,8.01,59.75,54.43,665,658,0.98947,0.98947,1.00000,0.98947,3,3,1,16.27253,0.00263,1.08674,-0.0701,0.2681,0.2307,0.0589,0.2206,-1.6998,-1.84,-8.76,-173.19,1,1,0.0000,0.0000,0.3000,0.00,0.8300,0.4200,1.0000,6.50,180.00,1.050000,0.000000,0.000000,1.500000,0.000000,0.000000,1.200000,0.000000,0.000000,1.050000,0.000000,0.000000,1.350000,0.060000,0.000000,0.008000,0.000000,0.000600,0.008000,0.000000,0.000600,0.006000,0.000000,0.000000,1,1,1,665,242,379969,379969,210445,169523,0,60.00,14315,3228,631,0,0,0,14400,500.00,500.00,9,1832,0.0000,0.5390,0.5110,0.6950,0.4980
2026-04-27T17:38:32.841,11.091,1,1.29,2.60,-17.69,8.82,1,0.0691,-0.2714,0.1044,0.0601,0.2244,-2.0685,1.94,-7.80,51.47,63.11,666,659,0.98949,0.98949,1.00000,0.98949,3,3,1,17.15427,0.00280,1.08087,-0.0691,0.2714,0.1956,0.0601,0.2244,-2.0685,-1.94,-9.57,-172.39,1,1,0.0000,0.0000,0.3000,0.00,0.8300,0.4200,1.0000,6.50,180.00,1.050000,0.000000,0.000000,1.500000,0.000000,0.000000,1.200000,0.000000,0.000000,1.050000,0.000000,0.000000,1.350000,0.060000,0.000000,0.008000,0.000000,0.000600,0.008000,0.000000,0.000600,0.006000,0.000000,0.000000,1,1,1,666,244,379969,379969,210445,169523,0,60.00,14315,3228,631,0,0,0,14400,500.00,500.00,9,1832,0.0000,0.5390,0.5110,0.6950,0.4980
2026-04-27T17:38:32.861,11.111,1,1.29,2.60,-17.69,8.82,1,0.0682,-0.2755,0.1441,0.0563,0.2446,-2.2321,2.00,-3.27,89.02,63.70,667,660,0.98951,0.98951,1.00000,0.98951,3,3,1,18.03344,0.00242,1.08543,-0.0682,0.2755,0.1559,0.0563,0.2446,-2.2321,-2.00,-10.02,-171.99,1,1,0.0000,0.0000,0.3000,0.00,0.8300,0.4200,1.0000,6.50,180.00,1.050000,0.000000,0.000000,1.500000,0.000000,0.000000,1.200000,0.000000,0.000000,1.050000,0.000000,0.000000,1.350000,0.060000,0.000000,0.008000,0.000000,0.000600,0.008000,0.000000,0.000600,0.006000,0.000000,0.000000,1,1,1,667,243,379969,379969,210445,169523,0,60.00,14315,3228,631,0,0,0,14400,500.00,500.00,9,1832,0.0000,0.5390,0.5110,0.6950,0.4980
2026-04-27T17:38:32.876,11.126,1,-2.60,6.50,-38.14,38.25,1,0.0670,-0.2793,0.1862,0.0675,0.2339,-2.3775,2.00,0.00,47.92,71.89,668,661,0.98952,0.98952,1.00000,0.98952,3,3,1,18.95985,0.00234,1.08364,-0.0670,0.2793,0.1138,0.0675,0.2339,-2.3775,-2.00,-10.10,-171.87,1,1,0.0000,0.0000,0.3000,0.00,0.8300,0.4200,1.0000,6.50,180.00,1.050000,0.000000,0.000000,1.500000,0.000000,0.000000,1.200000,0.000000,0.000000,1.050000,0.000000,0.000000,1.350000,0.060000,0.000000,0.008000,0.000000,0.000600,0.008000,0.000000,0.000600,0.006000,0.000000,0.000000,1,1,1,668,242,379969,379969,210445,169523,0,60.00,14315,3228,631,0,0,0,14400,500.00,500.00,9,1832,0.0000,0.5390,0.5110,0.6950,0.4980
2026-04-27T17:38:32.896,11.146,1,-2.60,6.50,-38.14,38.25,1,0.0660,-0.2836,0.2334,0.0580,0.2265,-2.3701,2.06,-3.03,62.02,47.91,669,662,0.98954,0.98954,1.00000,0.98954,3,3,1,19.70900,0.00249,1.08702,-0.0660,0.2836,0.0666,0.0580,0.2265,-2.3701,-2.06,-10.51,-171.31,1,1,0.0000,0.0000,0.3000,0.00,0.8300,0.4200,1.0000,6.50,180.00,1.050000,0.000000,0.000000,1.500000,0.000000,0.000000,1.200000,0.000000,0.000000,1.050000,0.000000,0.000000,1.350000,0.060000,0.000000,0.008000,0.000000,0.000600,0.008000,0.000000,0.000600,0.006000,0.000000,0.000000,1,1,1,669,245,379969,379969,210445,169523,0,60.00,14315,3228,631,0,0,0,14400,500.00,500.00,9,1832,0.0000,0.5390,0.5110,0.6950,0.4980
2026-04-27T17:38:32.910,11.159,1,-2.60,6.50,-38.14,38.25,1,0.0585,-0.2871,0.2572,0.3732,0.2568,-2.0805,2.14,-5.86,51.16,63.43,670,663,0.98955,0.98955,1.00000,0.98955,3,3,1,15.89273,0.00222,1.06820,-0.0585,0.2871,0.0428,0.3732,0.2568,-2.0805,-2.14,-8.21,-171.73,1,1,0.0000,0.0000,0.3000,0.00,0.8300,0.4200,1.0000,6.50,180.00,1.050000,0.000000,0.000000,1.500000,0.000000,0.000000,1.200000,0.000000,0.000000,1.050000,0.000000,0.000000,1.350000,0.060000,0.000000,0.008000,0.000000,0.000600,0.008000,0.000000,0.000600,0.006000,0.000000,0.000000,1,1,1,670,244,379969,379969,210445,169523,0,60.00,14315,3228,631,0,0,0,14400,500.00,500.00,9,1832,0.0000,0.5390,0.5110,0.6950,0.4980
2026-04-27T17:38:32.928,11.177,1,-2.60,6.50,-38.14,38.25,1,0.0530,-0.2815,0.2568,0.2924,-0.0814,-0.8585,4.50,-133.39,64.20,64.19,671,664,0.98957,0.98957,1.00000,0.98957,3,3,1,15.46622,0.00062,1.06452,-0.0530,0.2815,0.0432,0.2924,-0.0814,-0.8585,-4.50,-7.38,-156.69,1,1,0.0000,0.0000,0.3000,0.00,0.8300,0.4200,1.0000,6.50,180.00,1.050000,0.000000,0.000000,1.500000,0.000000,0.000000,1.200000,0.000000,0.000000,1.050000,0.000000,0.000000,1.350000,0.060000,0.000000,0.008000,0.000000,0.000600,0.008000,0.000000,0.000600,0.006000,0.000000,0.000000,1,1,1,671,245,379969,379969,210445,169523,0,60.00,14315,3228,631,0,0,0,14400,500.00,500.00,9,1832,0.0000,0.5390,0.5110,0.6950,0.4980
2026-04-27T17:38:32.943,11.193,1,-2.60,6.50,-38.14,38.25,1,0.0485,-0.2750,0.2489,0.2961,-0.2063,-0.3304,5.53,-64.86,63.41,60.53,672,665,0.98958,0.98958,1.00000,0.98958,3,3,1,15.24012,0.00209,1.08795,-0.0485,0.2750,0.0511,0.2961,-0.2063,-0.3304,-5.53,-6.15,-136.12,1,1,0.0000,0.0000,0.3000,0.00,0.8300,0.4200,1.0000,6.50,180.00,1.050000,0.000000,0.000000,1.500000,0.000000,0.000000,1.200000,0.000000,0.000000,1.050000,0.000000,0.000000,1.350000,0.060000,0.000000,0.008000,0.000000,0.000600,0.008000,0.000000,0.000600,0.006000,0.000000,0.000000,1,1,1,672,245,379969,379969,210445,169523,0,60.00,14315,3228,631,0,0,0,14400,500.00,500.00,9,1832,0.0000,0.5390,0.5110,0.6950,0.4980
2026-04-27T17:38:32.962,11.211,1,-2.60,6.50,-38.14,38.25,1,0.0429,-0.2729,0.2421,0.3283,-0.1189,-0.0534,5.23,17.23,61.95,57.73,673,666,0.98960,0.98960,1.00000,0.98960,3,3,1,15.22032,0.00319,1.09244,-0.0429,0.2729,0.0579,0.3283,-0.1189,-0.0534,-5.23,-4.50,-116.59,1,1,0.0000,0.0000,0.3000,0.00,0.8300,0.4200,1.0000,6.50,180.00,1.050000,0.000000,0.000000,1.500000,0.000000,0.000000,1.200000,0.000000,0.000000,1.050000,0.000000,0.000000,1.350000,0.060000,0.000000,0.008000,0.000000,0.000600,0.008000,0.000000,0.000600,0.006000,0.000000,0.000000,1,1,1,673,245,379969,379969,210445,169523,0,60.00,14315,3228,631,0,0,0,14400,500.00,500.00,9,1832,0.0000,0.5390,0.5110,0.6950,0.4980
2026-04-27T17:38:32.978,11.228,1,-4.50,8.00,-18.65,14.72,1,0.0362,-0.2741,0.2375,0.3506,-0.0131,0.0415,3.61,98.91,56.95,61.45,674,667,0.98961,0.98961,1.00000,0.98961,3,3,1,15.48559,0.00353,1.09168,-0.0362,0.2741,0.0625,0.3506,-0.0131,0.0415,-3.61,-2.92,-100.44,1,1,0.0000,0.0000,0.3000,0.00,0.8300,0.4200,1.0000,6.50,180.00,1.050000,0.000000,0.000000,1.500000,0.000000,0.000000,1.200000,0.000000,0.000000,1.050000,0.000000,0.000000,1.350000,0.060000,0.000000,0.008000,0.000000,0.000600,0.008000,0.000000,0.000600,0.006000,0.000000,0.000000,1,1,1,674,245,379969,379969,210445,169523,0,60.00,14315,3228,631,0,0,0,14400,500.00,500.00,9,1832,0.0000,0.5390,0.5110,0.6950,0.4980
2026-04-27T17:38:32.994,11.244,1,-4.50,8.00,-18.65,14.72,1,0.0308,-0.2757,0.2335,0.3331,0.0302,0.1176,2.60,62.49,61.07,58.06,675,668,0.98963,0.98963,1.00000,0.98963,3,3,1,15.76070,0.00380,1.09027,-0.0308,0.2757,0.0665,0.3331,0.0302,0.1176,-2.60,-2.02,-89.56,1,1,0.0000,0.0000,0.3000,0.00,0.8300,0.4200,1.0000,6.50,180.00,1.050000,0.000000,0.000000,1.500000,0.000000,0.000000,1.200000,0.000000,0.000000,1.050000,0.000000,0.000000,1.350000,0.060000,0.000000,0.008000,0.000000,0.000600,0.008000,0.000000,0.000600,0.006000,0.000000,0.000000,1,1,1,675,241,379969,379969,210445,169523,0,60.00,14315,3228,631,0,0,0,14400,500.00,500.00,9,1832,0.0000,0.5390,0.5110,0.6950,0.4980
2026-04-27T17:38:33.003,11.253,1,-4.50,8.00,-18.65,14.72,1,0.0259,-0.2760,0.2307,0.4027,0.0000,0.1576,2.13,46.74,60.89,60.36,676,669,0.98964,0.98964,1.00000,0.98964,3,3,1,15.98340,0.00391,1.08701,-0.0259,0.2760,0.0693,0.4027,0.0000,0.1576,-2.13,-1.51,-83.74,1,1,0.0000,0.0000,0.3000,0.00,0.8300,0.4200,1.0000,6.50,180.00,1.050000,0.000000,0.000000,1.500000,0.000000,0.000000,1.200000,0.000000,0.000000,1.050000,0.000000,0.000000,1.350000,0.060000,0.000000,0.008000,0.000000,0.000600,0.008000,0.000000,0.000600,0.006000,0.000000,0.000000,1,1,1,676,239,379969,379969,210445,169523,0,60.00,14315,3228,631,0,0,0,14400,500.00,500.00,9,1832,0.0000,0.5390,0.5110,0.6950,0.4980
2026-04-27T17:38:33.028,11.277,1,-4.70,98.20,-1.97,884.32,1,0.0195,-0.2749,0.2290,0.3275,-0.0282,0.1034,1.50,25.82,67.03,60.43,677,670,0.98966,0.98966,1.00000,0.98966,3,3,1,16.20281,0.00334,1.07634,-0.0195,0.2749,0.0710,0.3275,-0.0282,0.1034,-1.50,-0.93,-81.95,1,1,0.0000,0.0000,0.3000,0.00,0.8300,0.4200,1.0000,6.50,180.00,1.050000,0.000000,0.000000,1.500000,0.000000,0.000000,1.200000,0.000000,0.000000,1.050000,0.000000,0.000000,1.350000,0.060000,0.000000,0.008000,0.000000,0.000600,0.008000,0.000000,0.000600,0.006000,0.000000,0.000000,1,1,1,677,243,379969,379969,210445,169523,0,60.00,14315,3228,631,0,0,0,14400,500.00,500.00,9,1832,0.0000,0.5390,0.5110,0.6950,0.4980
2026-04-27T17:38:33.042,11.291,1,-4.70,98.20,-1.97,884.32,1,0.0150,-0.2728,0.2311,0.3372,-0.0893,-0.0269,0.99,36.84,52.62,57.31,678,671,0.98968,0.98968,1.00000,0.98968,3,3,1,16.74064,0.00331,1.08674,-0.0150,0.2728,0.0689,0.3372,-0.0893,-0.0269,-0.99,-0.44,-81.84,1,1,0.0000,0.0000,0.3000,0.00,0.8300,0.4200,1.0000,6.50,180.00,1.050000,0.000000,0.000000,1.500000,0.000000,0.000000,1.200000,0.000000,0.000000,1.050000,0.000000,0.000000,1.350000,0.060000,0.000000,0.008000,0.000000,0.000600,0.008000,0.000000,0.000600,0.006000,0.000000,0.000000,1,1,1,678,245,379969,379969,210445,169523,0,60.00,14315,3228,631,0,0,0,14400,500.00,500.00,9,1832,0.0000,0.5390,0.5110,0.6950,0.4980
2026-04-27T17:38:33.060,11.309,1,-4.70,98.20,-1.97,884.32,1,0.0093,-0.2700,0.2352,0.3456,-0.1241,-0.1322,0.03,57.12,71.53,62.79,679,672,0.98969,0.98969,1.00000,0.98969,3,3,1,17.06436,0.00321,1.07544,-0.0093,0.2700,0.0648,0.3456,-0.1241,-0.1322,-0.03,0.23,-83.67,1,1,0.0000,0.0000,0.3000,0.00,0.8300,0.4200,1.0000,6.50,180.00,1.050000,0.000000,0.000000,1.500000,0.000000,0.000000,1.200000,0.000000,0.000000,1.050000,0.000000,0.000000,1.350000,0.060000,0.000000,0.008000,0.000000,0.000600,0.008000,0.000000,0.000600,0.006000,0.000000,0.000000,1,1,1,679,243,379969,379969,210445,169523,0,60.00,14315,3228,631,0,0,0,14400,500.00,500.00,9,1832,0.0000,0.5390,0.5110,0.6950,0.4980
2026-04-27T17:38:33.076,11.325,1,-4.70,98.20,-1.97,884.32,1,0.0032,-0.2656,0.2433,0.3617,-0.2023,-0.3217,-1.69,104.97,58.94,58.32,680,673,0.98971,0.98971,1.00000,0.98971,3,3,1,17.05441,0.00423,1.10477,-0.0032,0.2656,0.0567,0.3617,-0.2023,-0.3217,1.69,0.26,-86.01,1,1,0.0000,0.0000,0.3000,0.00,0.8300,0.4200,1.0000,6.50,180.00,1.050000,0.000000,0.000000,1.500000,0.000000,0.000000,1.200000,0.000000,0.000000,1.050000,0.000000,0.000000,1.350000,0.060000,0.000000,0.008000,0.000000,0.000600,0.008000,0.000000,0.000600,0.006000,0.000000,0.000000,1,1,1,680,243,379969,379969,210445,169523,0,60.00,14315,3228,631,0,0,0,14400,500.00,500.00,9,1832,0.0000,0.5390,0.5110,0.6950,0.4980
2026-04-27T17:38:33.090,11.339,1,-4.70,98.20,-1.97,884.32,1,-0.0038,-0.2611,0.2454,0.4103,-0.2371,-0.1646,-3.91,150.88,61.63,75.69,681,674,0.98972,0.98972,1.00000,0.98972,3,3,1,16.44935,0.00443,1.12992,0.0038,0.2611,0.0546,0.4103,-0.2371,-0.1646,3.91,1.55,-86.41,1,1,0.0000,0.0000,0.3000,0.00,0.8300,0.4200,1.0000,6.50,180.00,1.050000,0.000000,0.000000,1.500000,0.000000,0.000000,1.200000,0.000000,0.000000,1.050000,0.000000,0.000000,1.350000,0.060000,0.000000,0.008000,0.000000,0.000600,0.008000,0.000000,0.000600,0.006000,0.000000,0.000000,1,1,1,681,241,379969,379969,210445,169523,0,60.00,14315,3228,631,0,0,0,14400,500.00,500.00,9,1832,0.0000,0.5390,0.5110,0.6950,0.4980
2026-04-27T17:38:33.104,11.353,1,-4.70,98.20,-1.97,884.32,1,-0.0103,-0.2560,0.2440,0.4344,-0.3023,-0.0204,-5.76,132.19,78.69,50.33,682,675,0.98974,0.98974,1.00000,0.98974,3,3,1,16.77640,0.00484,1.12555,0.0103,0.2560,0.0560,0.4344,-0.3023,-0.0204,5.76,3.22,-86.44,1,1,0.0000,0.0000,0.3000,0.00,0.8300,0.4200,1.0000,6.50,180.00,1.050000,0.000000,0.000000,1.500000,0.000000,0.000000,1.200000,0.000000,0.000000,1.050000,0.000000,0.000000,1.350000,0.060000,0.000000,0.008000,0.000000,0.000600,0.008000,0.000000,0.000600,0.006000,0.000000,0.000000,1,1,1,682,240,379969,379969,210445,169523,0,60.00,14315,3228,631,0,0,0,14400,500.00,500.00,9,1832,0.0000,0.5390,0.5110,0.6950,0.4980
2026-04-27T17:38:33.125,11.374,1,3.10,88.80,77.21,-93.09,1,-0.0171,-0.2499,0.2439,0.3746,-0.2932,-0.0248,-7.03,60.35,71.45,60.57,683,676,0.98975,0.98975,1.00000,0.98975,3,3,1,17.14820,0.00478,1.12348,0.0171,0.2499,0.0561,0.3746,-0.2932,-0.0248,7.03,4.73,-86.47,1,1,0.0000,0.0000,0.3000,0.00,0.8300,0.4200,1.0000,6.50,180.00,1.050000,0.000000,0.000000,1.500000,0.000000,0.000000,1.200000,0.000000,0.000000,1.050000,0.000000,0.000000,1.350000,0.060000,0.000000,0.008000,0.000000,0.000600,0.008000,0.000000,0.000600,0.006000,0.000000,0.000000,1,1,1,683,241,379969,379969,210445,169523,0,60.00,14315,3228,631,0,0,0,14400,500.00,500.00,9,1832,0.0000,0.5390,0.5110,0.6950,0.4980
2026-04-27T17:38:33.142,11.392,1,3.10,88.80,77.21,-93.09,1,-0.0232,-0.2432,0.2465,0.3869,-0.3660,-0.1080,-8.37,75.53,43.39,60.31,684,677,0.98977,0.98977,1.00000,0.98977,3,3,1,17.59791,0.00439,1.13218,0.0232,0.2432,0.0535,0.3869,-0.3660,-0.1080,8.37,6.68,-84.73,1,1,0.0000,0.0000,0.3000,0.00,0.8300,0.4200,1.0000,6.50,180.00,1.050000,0.000000,0.000000,1.500000,0.000000,0.000000,1.200000,0.000000,0.000000,1.050000,0.000000,0.000000,1.350000,0.060000,0.000000,0.008000,0.000000,0.000600,0.008000,0.000000,0.000600,0.006000,0.000000,0.000000,1,1,1,684,242,379969,379969,210445,169523,0,60.00,14315,3228,631,0,0,0,14400,500.00,500.00,9,1832,0.0000,0.5390,0.5110,0.6950,0.4980
2026-04-27T17:38:33.163,11.412,1,3.10,88.80,77.21,-93.09,1,-0.0295,-0.2351,0.2506,0.3488,-0.3820,-0.1573,-9.86,75.52,58.54,60.09,685,678,0.98978,0.98978,1.00000,0.98978,3,3,1,17.77538,0.00436,1.14950,0.0295,0.2351,0.0494,0.3488,-0.3820,-0.1573,9.86,9.84,-80.82,1,1,0.0000,0.0000,0.3000,0.00,0.8300,0.4200,1.0000,6.50,180.00,1.050000,0.000000,0.000000,1.500000,0.000000,0.000000,1.200000,0.000000,0.000000,1.050000,0.000000,0.000000,1.350000,0.060000,0.000000,0.008000,0.000000,0.000600,0.008000,0.000000,0.000600,0.006000,0.000000,0.000000,1,1,1,685,242,379969,379969,210445,169523,0,60.00,14315,3228,631,0,0,0,14400,500.00,500.00,9,1832,0.0000,0.5390,0.5110,0.6950,0.4980
2026-04-27T17:38:33.176,11.425,1,3.10,88.80,77.21,-93.09,1,-0.0395,-0.2352,0.2776,0.5911,-0.1483,-1.2214,-12.04,171.11,50.09,58.28,686,679,0.98980,0.98980,1.00000,0.98980,3,3,1,19.72888,0.00688,1.31479,0.0395,0.2352,0.0224,0.5911,-0.1483,-1.2214,12.04,-2.95,-59.07,1,1,0.0000,0.0000,0.3000,0.00,0.8300,0.4200,1.0000,6.50,180.00,1.050000,0.000000,0.000000,1.500000,0.000000,0.000000,1.200000,0.000000,0.000000,1.050000,0.000000,0.000000,1.350000,0.060000,0.000000,0.008000,0.000000,0.000600,0.008000,0.000000,0.000600,0.006000,0.000000,0.000000,1,1,1,686,243,379969,379969,210445,169523,0,60.00,14315,3228,631,0,0,0,14400,500.00,500.00,9,1832,0.0000,0.5390,0.5110,0.6950,0.4980
2026-04-27T17:38:33.188,11.438,1,3.10,88.80,77.21,-93.09,1,-0.0417,-0.2280,0.2949,0.2940,-0.3931,-1.0277,-7.90,-307.13,75.65,68.74,687,680,0.98981,0.98981,1.00000,0.98981,3,3,1,19.43372,0.01700,1.49138,0.0417,0.2280,0.0051,0.2940,-0.3931,-1.0277,7.90,-9.02,-49.12,1,1,0.0000,0.0000,0.3000,0.00,0.8300,0.4200,1.0000,6.50,180.00,1.050000,0.000000,0.000000,1.500000,0.000000,0.000000,1.200000,0.000000,0.000000,1.050000,0.000000,0.000000,1.350000,0.060000,0.000000,0.008000,0.000000,0.000600,0.008000,0.000000,0.000600,0.006000,0.000000,0.000000,1,1,1,687,242,379969,379969,210445,169523,0,60.00,14315,3228,631,0,0,0,14400,500.00,500.00,9,1832,0.0000,0.5390,0.5110,0.6950,0.4980
2026-04-27T17:38:33.203,11.452,1,3.10,88.80,77.21,-93.09,0,0.0000,0.0000,0.3000,0.0000,0.0000,0.0000,0.00,0.00,87.56,56.30,688,680,0.98837,0.98837,0.99855,0.98983,2,3,0,0.00000,0.00000,1.00000,0.0000,0.0000,0.0000,0.0000,0.0000,0.0000,0.00,0.00,0.00,1,1,0.0000,0.0000,0.3000,0.00,0.8300,0.4200,1.0000,6.50,180.00,1.050000,0.000000,0.000000,1.500000,0.000000,0.000000,1.200000,0.000000,0.000000,1.050000,0.000000,0.000000,1.350000,0.060000,0.000000,0.008000,0.000000,0.000600,0.008000,0.000000,0.000600,0.006000,0.000000,0.000000,1,1,1,688,205,379969,379969,210445,169523,0,60.00,14315,3228,631,0,0,0,14400,500.00,500.00,9,1832,0.0000,0.5390,0.5110,0.6950,0.4980
2026-04-27T17:38:33.221,11.470,1,24.90,127.30,211.60,373.81,1,-0.0999,-0.2851,0.2942,0.0000,0.0000,0.0000,-88.82,0.00,69.12,56.40,689,681,0.98839,0.98839,0.99855,0.98984,3,3,1,19.94424,0.00782,1.71210,0.0999,0.2851,0.0058,0.0000,0.0000,0.0000,88.82,-18.71,-89.53,1,1,0.0000,0.0000,0.3000,0.00,0.8300,0.4200,1.0000,6.50,180.00,1.050000,0.000000,0.000000,1.500000,0.000000,0.000000,1.200000,0.000000,0.000000,1.050000,0.000000,0.000000,1.350000,0.060000,0.000000,0.008000,0.000000,0.000600,0.008000,0.000000,0.000600,0.006000,0.000000,0.000000,1,1,1,689,229,379969,379969,210445,169523,0,60.00,14315,3228,631,0,0,0,14400,500.00,500.00,9,1832,0.0000,0.5390,0.5110,0.6950,0.4980
2026-04-27T17:38:33.238,11.488,1,24.90,127.30,211.60,373.81,0,0.0000,0.0000,0.3000,0.0000,0.0000,0.0000,0.00,0.00,56.40,59.96,690,681,0.98696,0.98696,0.99710,0.98986,2,3,0,0.00000,0.00000,1.00000,0.0000,0.0000,0.0000,0.0000,0.0000,0.0000,0.00,0.00,0.00,1,1,0.0000,0.0000,0.3000,0.00,0.8300,0.4200,1.0000,6.50,180.00,1.050000,0.000000,0.000000,1.500000,0.000000,0.000000,1.200000,0.000000,0.000000,1.050000,0.000000,0.000000,1.350000,0.060000,0.000000,0.008000,0.000000,0.000600,0.008000,0.000000,0.000600,0.006000,0.000000,0.000000,1,1,1,690,205,379969,379969,210445,169523,0,60.00,14315,3228,631,0,0,0,14400,500.00,500.00,9,1832,0.0000,0.5390,0.5110,0.6950,0.4980
2026-04-27T17:38:33.254,11.504,1,24.90,127.30,211.60,373.81,0,0.0000,0.0000,0.3000,0.0000,0.0000,0.0000,0.00,0.00,56.56,61.77,691,681,0.98553,0.98553,0.99566,0.98987,2,3,0,0.00000,0.00000,1.00000,0.0000,0.0000,0.0000,0.0000,0.0000,0.0000,0.00,0.00,0.00,1,1,0.0000,0.0000,0.3000,0.00,0.8300,0.4200,1.0000,6.50,180.00,1.050000,0.000000,0.000000,1.500000,0.000000,0.000000,1.200000,0.000000,0.000000,1.050000,0.000000,0.000000,1.350000,0.060000,0.000000,0.008000,0.000000,0.000600,0.008000,0.000000,0.000600,0.006000,0.000000,0.000000,1,1,1,691,205,379969,379969,210445,169523,0,60.00,14315,3228,631,0,0,0,14400,500.00,500.00,9,1832,0.0000,0.5390,0.5110,0.6950,0.4980
2026-04-27T17:38:33.272,11.522,1,24.90,127.30,211.60,373.81,0,0.0000,0.0000,0.3000,0.0000,0.0000,0.0000,0.00,0.00,58.17,56.00,692,681,0.98410,0.98410,0.99422,0.98988,2,3,0,0.00000,0.00000,1.00000,0.0000,0.0000,0.0000,0.0000,0.0000,0.0000,0.00,0.00,0.00,1,1,0.0000,0.0000,0.3000,0.00,0.8300,0.4200,1.0000,6.50,180.00,1.050000,0.000000,0.000000,1.500000,0.000000,0.000000,1.200000,0.000000,0.000000,1.050000,0.000000,0.000000,1.350000,0.060000,0.000000,0.008000,0.000000,0.000600,0.008000,0.000000,0.000600,0.006000,0.000000,0.000000,1,1,1,692,205,379969,379969,210445,169523,0,60.00,14315,3228,631,0,0,0,14400,500.00,500.00,9,1832,0.0000,0.5390,0.5110,0.6950,0.4980
2026-04-27T17:38:33.288,11.538,1,24.90,127.30,211.60,373.81,0,0.0000,0.0000,0.3000,0.0000,0.0000,0.0000,0.00,0.00,55.85,63.76,693,681,0.98268,0.98268,0.99278,0.98846,2,2,0,0.00000,0.00000,1.00000,0.0000,0.0000,0.0000,0.0000,0.0000,0.0000,0.00,0.00,0.00,1,1,0.0000,0.0000,0.3000,0.00,0.8300,0.4200,1.0000,6.50,180.00,1.050000,0.000000,0.000000,1.500000,0.000000,0.000000,1.200000,0.000000,0.000000,1.050000,0.000000,0.000000,1.350000,0.060000,0.000000,0.008000,0.000000,0.000600,0.008000,0.000000,0.000600,0.006000,0.000000,0.000000,1,1,1,693,205,379969,379969,210445,169523,0,60.00,14315,3228,691,0,0,0,14460,500.00,0.00,19,1380,0.0000,0.5000,0.5000,0.0000,0.5000
2026-04-27T17:38:33.304,11.554,1,24.90,127.30,211.60,373.81,0,0.0000,0.0000,0.3000,0.0000,0.0000,0.0000,0.00,0.00,60.10,60.42,694,681,0.98127,0.98127,0.99135,0.98703,2,2,0,0.00000,0.00000,1.00000,0.0000,0.0000,0.0000,0.0000,0.0000,0.0000,0.00,0.00,0.00,1,1,0.0000,0.0000,0.3000,0.00,0.8300,0.4200,1.0000,6.50,180.00,1.050000,0.000000,0.000000,1.500000,0.000000,0.000000,1.200000,0.000000,0.000000,1.050000,0.000000,0.000000,1.350000,0.060000,0.000000,0.008000,0.000000,0.000600,0.008000,0.000000,0.000600,0.006000,0.000000,0.000000,1,1,1,694,205,379969,379969,210445,169523,0,60.00,14315,3228,691,0,0,0,14460,500.00,0.00,19,1380,0.0000,0.5000,0.5000,0.0000,0.5000
2026-04-27T17:38:33.322,11.571,1,-13.10,170.10,-372.48,419.61,0,0.0000,0.0000,0.3000,0.0000,0.0000,0.0000,0.00,0.00,68.73,58.70,695,681,0.97986,0.97986,0.98993,0.98705,2,3,0,0.00000,0.00000,1.00000,0.0000,0.0000,0.0000,0.0000,0.0000,0.0000,0.00,0.00,0.00,1,1,0.0000,0.0000,0.3000,0.00,0.8300,0.4200,1.0000,6.50,180.00,1.050000,0.000000,0.000000,1.500000,0.000000,0.000000,1.200000,0.000000,0.000000,1.050000,0.000000,0.000000,1.350000,0.060000,0.000000,0.008000,0.000000,0.000600,0.008000,0.000000,0.000600,0.006000,0.000000,0.000000,1,1,1,695,205,379969,379969,210445,169523,0,60.00,14315,3228,691,0,0,0,14460,500.00,0.00,19,1380,0.0000,0.5000,0.5000,0.0000,0.5000
2026-04-27T17:38:33.338,11.587,1,-13.10,170.10,-372.48,419.61,0,0.0000,0.0000,0.3000,0.0000,0.0000,0.0000,0.00,0.00,54.70,61.10,696,681,0.97845,0.97845,0.98851,0.98707,2,3,0,0.00000,0.00000,1.00000,0.0000,0.0000,0.0000,0.0000,0.0000,0.0000,0.00,0.00,0.00,1,1,0.0000,0.0000,0.3000,0.00,0.8300,0.4200,1.0000,6.50,180.00,1.050000,0.000000,0.000000,1.500000,0.000000,0.000000,1.200000,0.000000,0.000000,1.050000,0.000000,0.000000,1.350000,0.060000,0.000000,0.008000,0.000000,0.000600,0.008000,0.000000,0.000600,0.006000,0.000000,0.000000,1,1,1,696,205,379969,379969,210445,169523,0,60.00,14315,3228,691,0,0,0,14460,500.00,0.00,19,1380,0.0000,0.5000,0.5000,0.0000,0.5000
2026-04-27T17:38:33.354,11.603,1,-13.10,170.10,-372.48,419.61,0,0.0000,0.0000,0.3000,0.0000,0.0000,0.0000,0.00,0.00,62.02,59.39,697,681,0.97704,0.97704,0.98709,0.98709,2,3,0,0.00000,0.00000,1.00000,0.0000,0.0000,0.0000,0.0000,0.0000,0.0000,0.00,0.00,0.00,1,1,0.0000,0.0000,0.3000,0.00,0.8300,0.4200,1.0000,6.50,180.00,1.050000,0.000000,0.000000,1.500000,0.000000,0.000000,1.200000,0.000000,0.000000,1.050000,0.000000,0.000000,1.350000,0.060000,0.000000,0.008000,0.000000,0.000600,0.008000,0.000000,0.000600,0.006000,0.000000,0.000000,1,1,1,697,205,379969,379969,210445,169523,0,60.00,14315,3228,691,0,0,0,14460,500.00,0.00,19,1380,0.0000,0.5000,0.5000,0.0000,0.5000
2026-04-27T17:38:33.371,11.620,1,-13.10,170.10,-372.48,419.61,0,0.0000,0.0000,0.3000,0.0000,0.0000,0.0000,0.00,0.00,59.39,61.23,698,681,0.97564,0.97564,0.98567,0.98711,2,3,0,0.00000,0.00000,1.00000,0.0000,0.0000,0.0000,0.0000,0.0000,0.0000,0.00,0.00,0.00,1,1,0.0000,0.0000,0.3000,0.00,0.8300,0.4200,1.0000,6.50,180.00,1.050000,0.000000,0.000000,1.500000,0.000000,0.000000,1.200000,0.000000,0.000000,1.050000,0.000000,0.000000,1.350000,0.060000,0.000000,0.008000,0.000000,0.000600,0.008000,0.000000,0.000600,0.006000,0.000000,0.000000,1,1,1,698,205,379969,379969,210445,169523,0,60.00,14315,3228,691,0,0,0,14460,500.00,0.00,19,1380,0.0000,0.5000,0.5000,0.0000,0.5000
2026-04-27T17:38:33.388,11.637,1,-13.10,170.10,-372.48,419.61,0,0.0000,0.0000,0.3000,0.0000,0.0000,0.0000,0.00,0.00,60.02,59.62,699,681,0.97425,0.97425,0.98426,0.98712,2,3,0,0.00000,0.00000,1.00000,0.0000,0.0000,0.0000,0.0000,0.0000,0.0000,0.00,0.00,0.00,1,1,0.0000,0.0000,0.3000,0.00,0.8300,0.4200,1.0000,6.50,180.00,1.050000,0.000000,0.000000,1.500000,0.000000,0.000000,1.200000,0.000000,0.000000,1.050000,0.000000,0.000000,1.350000,0.060000,0.000000,0.008000,0.000000,0.000600,0.008000,0.000000,0.000600,0.006000,0.000000,0.000000,1,1,1,699,205,379969,379969,210445,169523,0,60.00,14315,3228,691,0,0,0,14460,500.00,0.00,19,1380,0.0000,0.5000,0.5000,0.0000,0.5000
2026-04-27T17:38:33.400,11.649,1,-13.10,170.10,-372.48,419.61,0,0.0000,0.0000,0.3000,0.0000,0.0000,0.0000,0.00,0.00,64.30,78.28,700,681,0.97286,0.97286,0.98286,0.98714,2,3,0,0.00000,0.00000,1.00000,0.0000,0.0000,0.0000,0.0000,0.0000,0.0000,0.00,0.00,0.00,1,1,0.0000,0.0000,0.3000,0.00,0.8300,0.4200,1.0000,6.50,180.00,1.050000,0.000000,0.000000,1.500000,0.000000,0.000000,1.200000,0.000000,0.000000,1.050000,0.000000,0.000000,1.350000,0.060000,0.000000,0.008000,0.000000,0.000600,0.008000,0.000000,0.000600,0.006000,0.000000,0.000000,1,1,1,700,205,379969,379969,210445,169523,0,60.00,14315,3228,691,0,0,0,14460,500.00,0.00,19,1380,0.0000,0.5000,0.5000,0.0000,0.5000
2026-04-27T17:38:33.422,11.671,1,-13.10,170.10,-372.48,419.61,0,0.0000,0.0000,0.3000,0.0000,0.0000,0.0000,0.00,0.00,85.76,47.68,701,681,0.97147,0.97147,0.98146,0.98716,2,3,0,0.00000,0.00000,1.00000,0.0000,0.0000,0.0000,0.0000,0.0000,0.0000,0.00,0.00,0.00,1,1,0.0000,0.0000,0.3000,0.00,0.8300,0.4200,1.0000,6.50,180.00,1.050000,0.000000,0.000000,1.500000,0.000000,0.000000,1.200000,0.000000,0.000000,1.050000,0.000000,0.000000,1.350000,0.060000,0.000000,0.008000,0.000000,0.000600,0.008000,0.000000,0.000600,0.006000,0.000000,0.000000,1,1,1,701,205,379969,379969,210445,169523,0,60.00,14315,3228,691,0,0,0,14460,500.00,0.00,19,1380,0.0000,0.5000,0.5000,0.0000,0.5000
2026-04-27T17:38:33.438,11.687,1,-13.10,170.10,-372.48,419.61,0,0.0000,0.0000,0.3000,0.0000,0.0000,0.0000,0.00,0.00,43.06,62.27,702,681,0.97009,0.97009,0.98006,0.98718,2,3,0,0.00000,0.00000,1.00000,0.0000,0.0000,0.0000,0.0000,0.0000,0.0000,0.00,0.00,0.00,1,1,0.0000,0.0000,0.3000,0.00,0.8300,0.4200,1.0000,6.50,180.00,1.050000,0.000000,0.000000,1.500000,0.000000,0.000000,1.200000,0.000000,0.000000,1.050000,0.000000,0.000000,1.350000,0.060000,0.000000,0.008000,0.000000,0.000600,0.008000,0.000000,0.000600,0.006000,0.000000,0.000000,1,1,1,702,205,379969,379969,210445,169523,0,60.00,14315,3228,691,0,0,0,14460,500.00,0.00,19,1380,0.0000,0.5000,0.5000,0.0000,0.5000
2026-04-27T17:38:33.449,11.699,1,-13.10,170.10,-372.48,419.61,0,0.0000,0.0000,0.3000,0.0000,0.0000,0.0000,0.00,0.00,65.60,78.12,703,681,0.96871,0.96871,0.97866,0.98578,2,2,0,0.00000,0.00000,1.00000,0.0000,0.0000,0.0000,0.0000,0.0000,0.0000,0.00,0.00,0.00,1,1,0.0000,0.0000,0.3000,0.00,0.8300,0.4200,1.0000,6.50,180.00,1.050000,0.000000,0.000000,1.500000,0.000000,0.000000,1.200000,0.000000,0.000000,1.050000,0.000000,0.000000,1.350000,0.060000,0.000000,0.008000,0.000000,0.000600,0.008000,0.000000,0.000600,0.006000,0.000000,0.000000,1,1,1,703,205,379969,379969,210445,169523,0,60.00,14315,3228,691,0,0,0,14460,500.00,0.00,19,1380,0.0000,0.5000,0.5000,0.0000,0.5000
2026-04-27T17:38:33.472,11.721,1,-13.10,170.10,-372.48,419.61,1,-0.1177,-0.0882,0.3085,0.0000,0.0000,0.0000,-46.31,0.00,87.98,52.49,704,682,0.96875,0.96875,0.97869,0.98580,3,3,1,21.65970,0.00415,1.07063,0.1177,0.0882,-0.0085,0.0000,0.0000,0.0000,46.31,-13.57,-45.88,1,1,0.0000,0.0000,0.3000,0.00,0.8300,0.4200,1.0000,6.50,180.00,1.050000,0.000000,0.000000,1.500000,0.000000,0.000000,1.200000,0.000000,0.000000,1.050000,0.000000,0.000000,1.350000,0.060000,0.000000,0.008000,0.000000,0.000600,0.008000,0.000000,0.000600,0.006000,0.000000,0.000000,1,1,1,704,232,379969,379969,210445,169523,0,60.00,14315,3228,691,0,0,0,14460,500.00,0.00,19,1380,0.0000,0.5000,0.5000,0.0000,0.5000
2026-04-27T17:38:33.493,11.742,1,-13.10,170.10,-372.48,419.61,1,-0.1183,-0.0887,0.3086,0.0201,0.0157,0.0000,-22.32,-1165.44,44.64,53.41,705,683,0.96879,0.96879,0.97872,0.98582,3,3,1,21.38939,0.00394,1.07167,0.1183,0.0887,-0.0086,0.0201,0.0157,0.0000,22.32,-10.06,-24.28,1,1,0.0000,0.0000,0.3000,0.00,0.8300,0.4200,1.0000,6.50,180.00,1.050000,0.000000,0.000000,1.500000,0.000000,0.000000,1.200000,0.000000,0.000000,1.050000,0.000000,0.000000,1.350000,0.060000,0.000000,0.008000,0.000000,0.000600,0.008000,0.000000,0.000600,0.006000,0.000000,0.000000,1,1,1,705,239,379969,379969,210445,169523,0,60.00,14315,3228,691,0,0,0,14460,500.00,0.00,19,1380,0.0000,0.5000,0.5000,0.0000,0.5000
2026-04-27T17:38:33.509,11.758,1,-13.10,170.10,-372.48,419.61,1,-0.1203,-0.0908,0.3080,0.1238,0.1280,0.0382,-7.84,-893.11,46.27,76.21,706,684,0.96884,0.96884,0.97875,0.98584,3,3,1,21.31840,0.00377,1.06157,0.1203,0.0908,-0.0080,0.1238,0.1280,0.0382,7.84,-8.47,-12.69,1,1,0.0000,0.0000,0.3000,0.00,0.8300,0.4200,1.0000,6.50,180.00,1.050000,0.000000,0.000000,1.500000,0.000000,0.000000,1.200000,0.000000,0.000000,1.050000,0.000000,0.000000,1.350000,0.060000,0.000000,0.008000,0.000000,0.000600,0.008000,0.000000,0.000600,0.006000,0.000000,0.000000,1,1,1,706,241,379969,379969,210445,169523,0,60.00,14315,3228,691,0,0,0,14460,500.00,0.00,19,1380,0.0000,0.5000,0.5000,0.0000,0.5000
2026-04-27T17:38:33.526,11.775,1,-13.10,170.10,-372.48,419.61,1,-0.1235,-0.0925,0.3079,0.1233,0.0866,0.0148,1.84,-575.92,65.84,51.85,707,685,0.96888,0.96888,0.97878,0.98586,3,3,1,21.25451,0.00397,1.05712,0.1235,0.0925,-0.0079,0.1233,0.0866,0.0148,-1.84,-8.58,-6.72,1,1,0.0000,0.0000,0.3000,0.00,0.8300,0.4200,1.0000,6.50,180.00,1.050000,0.000000,0.000000,1.500000,0.000000,0.000000,1.200000,0.000000,0.000000,1.050000,0.000000,0.000000,1.350000,0.060000,0.000000,0.008000,0.000000,0.000600,0.008000,0.000000,0.000600,0.006000,0.000000,0.000000,1,1,1,707,242,379969,379969,210445,169523,0,60.00,14315,3228,691,0,0,0,14460,500.00,0.00,19,1380,0.0000,0.5000,0.5000,0.0000,0.5000
2026-04-27T17:38:33.545,11.795,1,-13.10,170.10,-372.48,419.61,1,-0.1252,-0.0933,0.3074,0.1033,0.0686,0.0283,8.97,-376.95,58.03,58.52,708,686,0.96893,0.96893,0.97881,0.98588,3,3,1,21.22174,0.00334,1.04334,0.1252,0.0933,-0.0074,0.1033,0.0686,0.0283,-8.97,-8.49,-3.34,1,1,0.0000,0.0000,0.3000,0.00,0.8300,0.4200,1.0000,6.50,180.00,1.050000,0.000000,0.000000,1.500000,0.000000,0.000000,1.200000,0.000000,0.000000,1.050000,0.000000,0.000000,1.350000,0.060000,0.000000,0.008000,0.000000,0.000600,0.008000,0.000000,0.000600,0.006000,0.000000,0.000000,1,1,1,708,242,379969,379969,210445,169523,0,60.00,14315,3228,691,0,0,0,14460,500.00,0.00,19,1380,0.0000,0.5000,0.5000,0.0000,0.5000
2026-04-27T17:38:33.560,11.810,1,-13.10,170.10,-372.48,419.61,1,-0.1257,-0.0941,0.3072,0.0651,0.0635,0.0163,14.34,-336.98,46.50,57.43,709,687,0.96897,0.96897,0.97884,0.98590,3,3,1,21.31938,0.00296,1.04541,0.1257,0.0941,-0.0072,0.0651,0.0635,0.0163,-14.34,-7.77,-1.81,1,1,0.0000,0.0000,0.3000,0.00,0.8300,0.4200,1.0000,6.50,180.00,1.050000,0.000000,0.000000,1.500000,0.000000,0.000000,1.200000,0.000000,0.000000,1.050000,0.000000,0.000000,1.350000,0.060000,0.000000,0.008000,0.000000,0.000600,0.008000,0.000000,0.000600,0.006000,0.000000,0.000000,1,1,1,709,243,379969,379969,210445,169523,0,60.00,14315,3228,691,0,0,0,14460,500.00,0.00,19,1380,0.0000,0.5000,0.5000,0.0000,0.5000
2026-04-27T17:38:33.574,11.824,1,-3.50,175.30,-48.93,59.82,1,-0.1262,-0.0946,0.3082,0.0524,0.0495,-0.0275,18.14,-272.95,71.80,65.63,710,688,0.96901,0.96901,0.97887,0.98592,3,3,1,21.39926,0.00305,1.05673,0.1262,0.0946,-0.0082,0.0524,0.0495,-0.0275,-18.14,-7.66,-1.69,1,1,0.0000,0.0000,0.3000,0.00,0.8300,0.4200,1.0000,6.50,180.00,1.050000,0.000000,0.000000,1.500000,0.000000,0.000000,1.200000,0.000000,0.000000,1.050000,0.000000,0.000000,1.350000,0.060000,0.000000,0.008000,0.000000,0.000600,0.008000,0.000000,0.000600,0.006000,0.000000,0.000000,1,1,1,710,243,379969,379969,210445,169523,0,60.00,14315,3228,691,0,0,0,14460,500.00,0.00,19,1380,0.0000,0.5000,0.5000,0.0000,0.5000
2026-04-27T17:38:33.596,11.845,1,-3.50,175.30,-48.93,59.82,1,-0.1268,-0.0948,0.3085,0.0465,0.0276,-0.0168,20.95,-137.27,53.16,58.18,711,689,0.96906,0.96906,0.97890,0.98594,3,3,1,21.41665,0.00362,1.05463,0.1268,0.0948,-0.0085,0.0465,0.0276,-0.0168,-20.95,-8.11,-1.53,1,1,0.0000,0.0000,0.3000,0.00,0.8300,0.4200,1.0000,6.50,180.00,1.050000,0.000000,0.000000,1.500000,0.000000,0.000000,1.200000,0.000000,0.000000,1.050000,0.000000,0.000000,1.350000,0.060000,0.000000,0.008000,0.000000,0.000600,0.008000,0.000000,0.000600,0.006000,0.000000,0.000000,1,1,1,711,244,379969,379969,210445,169523,0,60.00,14315,3228,691,0,0,0,14460,500.00,0.00,19,1380,0.0000,0.5000,0.5000,0.0000,0.5000
2026-04-27T17:38:33.611,11.860,1,-3.50,175.30,-48.93,59.82,1,-0.1270,-0.0944,0.3089,0.0276,0.0000,-0.0209,22.62,-104.43,63.80,58.38,712,690,0.96910,0.96910,0.97893,0.98596,3,3,1,21.44923,0.00391,1.06539,0.1270,0.0944,-0.0089,0.0276,0.0000,-0.0209,-22.62,-8.64,-1.97,1,1,0.0000,0.0000,0.3000,0.00,0.8300,0.4200,1.0000,6.50,180.00,1.050000,0.000000,0.000000,1.500000,0.000000,0.000000,1.200000,0.000000,0.000000,1.050000,0.000000,0.000000,1.350000,0.060000,0.000000,0.008000,0.000000,0.000600,0.008000,0.000000,0.000600,0.006000,0.000000,0.000000,1,1,1,712,240,379969,379969,210445,169523,0,60.00,14315,3228,691,0,0,0,14460,500.00,0.00,19,1380,0.0000,0.5000,0.5000,0.0000,0.5000
2026-04-27T17:38:33.629,11.878,1,-5.40,174.20,-18.65,-10.79,1,-0.1269,-0.0944,0.3093,0.0101,0.0000,-0.0194,23.56,-57.47,61.60,67.35,713,691,0.96914,0.96914,0.97896,0.98597,3,3,1,21.44041,0.00382,1.06464,0.1269,0.0944,-0.0093,0.0101,0.0000,-0.0194,-23.56,-8.87,-2.10,1,1,0.0000,0.0000,0.3000,0.00,0.8300,0.4200,1.0000,6.50,180.00,1.050000,0.000000,0.000000,1.500000,0.000000,0.000000,1.200000,0.000000,0.000000,1.050000,0.000000,0.000000,1.350000,0.060000,0.000000,0.008000,0.000000,0.000600,0.008000,0.000000,0.000600,0.006000,0.000000,0.000000,1,1,1,713,238,379969,379969,210445,169523,0,60.00,14315,3228,691,0,0,0,14460,500.00,0.00,19,1380,0.0000,0.5000,0.5000,0.0000,0.5000
2026-04-27T17:38:33.646,11.895,1,-5.40,174.20,-18.65,-10.79,1,-0.1267,-0.0941,0.3089,0.0000,-0.0103,0.0000,23.87,-18.67,55.32,58.47,714,692,0.96919,0.96919,0.97899,0.98599,3,3,1,21.45373,0.00390,1.06155,0.1267,0.0941,-0.0089,0.0000,-0.0103,0.0000,-23.87,-8.82,-2.22,1,1,0.0000,0.0000,0.3000,0.00,0.8300,0.4200,1.0000,6.50,180.00,1.050000,0.000000,0.000000,1.500000,0.000000,0.000000,1.200000,0.000000,0.000000,1.050000,0.000000,0.000000,1.350000,0.060000,0.000000,0.008000,0.000000,0.000600,0.008000,0.000000,0.000600,0.006000,0.000000,0.000000,1,1,1,714,235,379969,379969,210445,169523,0,60.00,14315,3228,691,0,0,0,14460,500.00,0.00,19,1380,0.0000,0.5000,0.5000,0.0000,0.5000
2026-04-27T17:38:33.661,11.911,1,-5.40,174.20,-18.65,-10.79,1,-0.1266,-0.0942,0.3088,0.0000,0.0000,0.0000,24.11,-13.68,64.31,54.56,715,693,0.96923,0.96923,0.97902,0.98601,3,3,1,21.43172,0.00386,1.06264,0.1266,0.0942,-0.0088,0.0000,0.0000,0.0000,-24.11,-8.71,-2.25,1,1,0.0000,0.0000,0.3000,0.00,0.8300,0.4200,1.0000,6.50,180.00,1.050000,0.000000,0.000000,1.500000,0.000000,0.000000,1.200000,0.000000,0.000000,1.050000,0.000000,0.000000,1.350000,0.060000,0.000000,0.008000,0.000000,0.000600,0.008000,0.000000,0.000600,0.006000,0.000000,0.000000,1,1,1,715,231,379969,379969,210445,169523,0,60.00,14315,3228,691,0,0,0,14460,500.00,0.00,19,1380,0.0000,0.5000,0.5000,0.0000,0.5000
2026-04-27T17:38:33.679,11.929,1,-5.40,174.20,-18.65,-10.79,1,-0.1268,-0.0940,0.3091,0.0000,0.0000,0.0000,24.24,-7.59,58.68,62.45,716,694,0.96927,0.96927,0.97905,0.98603,3,3,1,21.41026,0.00402,1.06664,0.1268,0.0940,-0.0091,0.0000,0.0000,0.0000,-24.24,-8.99,-2.32,1,1,0.0000,0.0000,0.3000,0.00,0.8300,0.4200,1.0000,6.50,180.00,1.050000,0.000000,0.000000,1.500000,0.000000,0.000000,1.200000,0.000000,0.000000,1.050000,0.000000,0.000000,1.350000,0.060000,0.000000,0.008000,0.000000,0.000600,0.008000,0.000000,0.000600,0.006000,0.000000,0.000000,1,1,1,716,231,379969,379969,210445,169523,0,60.00,14315,3228,691,0,0,0,14460,500.00,0.00,19,1380,0.0000,0.5000,0.5000,0.0000,0.5000
2026-04-27T17:38:33.692,11.942,1,-5.40,174.20,-18.65,-10.79,1,-0.1268,-0.0940,0.3089,0.0000,0.0000,0.0000,24.29,-3.85,60.10,58.78,717,695,0.96932,0.96932,0.97908,0.98605,3,3,1,21.45859,0.00393,1.06503,0.1268,0.0940,-0.0089,0.0000,0.0000,0.0000,-24.29,-9.04,-2.23,1,1,0.0000,0.0000,0.3000,0.00,0.8300,0.4200,1.0000,6.50,180.00,1.050000,0.000000,0.000000,1.500000,0.000000,0.000000,1.200000,0.000000,0.000000,1.050000,0.000000,0.000000,1.350000,0.060000,0.000000,0.008000,0.000000,0.000600,0.008000,0.000000,0.000600,0.006000,0.000000,0.000000,1,1,1,717,231,379969,379969,210445,169523,0,60.00,14315,3228,691,0,0,0,14460,500.00,0.00,19,1380,0.0000,0.5000,0.5000,0.0000,0.5000
2026-04-27T17:38:33.707,11.956,1,-5.40,174.20,-18.65,-10.79,1,-0.1269,-0.0940,0.3090,0.0000,0.0000,0.0000,24.30,-0.64,71.58,64.89,718,696,0.96936,0.96936,0.97911,0.98607,3,3,1,21.44318,0.00404,1.06617,0.1269,0.0940,-0.0090,0.0000,0.0000,0.0000,-24.30,-9.17,-2.31,1,1,0.0000,0.0000,0.3000,0.00,0.8300,0.4200,1.0000,6.50,180.00,1.050000,0.000000,0.000000,1.500000,0.000000,0.000000,1.200000,0.000000,0.000000,1.050000,0.000000,0.000000,1.350000,0.060000,0.000000,0.008000,0.000000,0.000600,0.008000,0.000000,0.000600,0.006000,0.000000,0.000000,1,1,1,718,230,379969,379969,210445,169523,0,60.00,14315,3228,691,0,0,0,14460,500.00,0.00,19,1380,0.0000,0.5000,0.5000,0.0000,0.5000
2026-04-27T17:38:33.724,11.973,1,-5.40,174.20,-18.65,-10.79,1,-0.1267,-0.0941,0.3091,0.0000,0.0000,0.0000,24.35,-2.90,73.40,61.09,719,697,0.96940,0.96940,0.97914,0.98609,3,3,1,21.46393,0.00399,1.06946,0.1267,0.0941,-0.0091,0.0000,0.0000,0.0000,-24.35,-9.02,-2.39,1,1,0.0000,0.0000,0.3000,0.00,0.8300,0.4200,1.0000,6.50,180.00,1.050000,0.000000,0.000000,1.500000,0.000000,0.000000,1.200000,0.000000,0.000000,1.050000,0.000000,0.000000,1.350000,0.060000,0.000000,0.008000,0.000000,0.000600,0.008000,0.000000,0.000600,0.006000,0.000000,0.000000,1,1,1,719,231,379969,379969,210445,169523,0,60.00,14315,3228,691,0,0,0,14460,500.00,0.00,19,1380,0.0000,0.5000,0.5000,0.0000,0.5000
2026-04-27T17:38:33.741,11.990,1,-5.40,174.20,-18.65,-10.79,1,-0.1265,-0.0942,0.3091,0.0000,0.0000,0.0000,24.25,5.88,58.07,54.27,720,698,0.96944,0.96944,0.97917,0.98611,3,3,1,21.42470,0.00371,1.06676,0.1265,0.0942,-0.0091,0.0000,0.0000,0.0000,-24.25,-8.81,-2.45,1,1,0.0000,0.0000,0.3000,0.00,0.8300,0.4200,1.0000,6.50,180.00,1.050000,0.000000,0.000000,1.500000,0.000000,0.000000,1.200000,0.000000,0.000000,1.050000,0.000000,0.000000,1.350000,0.060000,0.000000,0.008000,0.000000,0.000600,0.008000,0.000000,0.000600,0.006000,0.000000,0.000000,1,1,1,720,231,379969,379969,210445,169523,0,60.00,14315,3228,691,0,0,0,14460,500.00,0.00,19,1380,0.0000,0.5000,0.5000,0.0000,0.5000
2026-04-27T17:38:33.759,12.008,1,-5.40,174.20,-18.65,-10.79,1,-0.1267,-0.0942,0.3093,0.0000,0.0000,0.0000,24.30,-2.83,58.76,61.64,721,699,0.96949,0.96949,0.97920,0.98613,3,3,1,21.42928,0.00383,1.06693,0.1267,0.0942,-0.0093,0.0000,0.0000,0.0000,-24.30,-9.00,-2.46,1,1,0.0000,0.0000,0.3000,0.00,0.8300,0.4200,1.0000,6.50,180.00,1.050000,0.000000,0.000000,1.500000,0.000000,0.000000,1.200000,0.000000,0.000000,1.050000,0.000000,0.000000,1.350000,0.060000,0.000000,0.008000,0.000000,0.000600,0.008000,0.000000,0.000600,0.006000,0.000000,0.000000,1,1,1,721,227,379969,379969,210445,169523,0,60.00,14315,3228,691,0,0,0,14460,500.00,0.00,19,1380,0.0000,0.5000,0.5000,0.0000,0.5000
2026-04-27T17:38:33.777,12.027,1,-5.40,174.20,-18.65,-10.79,1,-0.1266,-0.0943,0.3091,0.0000,0.0000,0.0000,24.26,2.17,50.74,58.54,722,700,0.96953,0.96953,0.97922,0.98615,3,3,1,21.41344,0.00366,1.06145,0.1266,0.0943,-0.0091,0.0000,0.0000,0.0000,-24.26,-8.86,-2.44,1,1,0.0000,0.0000,0.3000,0.00,0.8300,0.4200,1.0000,6.50,180.00,1.050000,0.000000,0.000000,1.500000,0.000000,0.000000,1.200000,0.000000,0.000000,1.050000,0.000000,0.000000,1.350000,0.060000,0.000000,0.008000,0.000000,0.000600,0.008000,0.000000,0.000600,0.006000,0.000000,0.000000,1,1,1,722,231,379969,379969,210445,169523,0,60.00,14315,3228,691,0,0,0,14460,500.00,0.00,19,1380,0.0000,0.5000,0.5000,0.0000,0.5000
