iso_time,elapsed_s,imu_ready,imu_pitch_deg,imu_roll_deg,imu_pitch_rate_deg_s,imu_roll_rate_deg_s,mocap_valid,mocap_x_error_m,mocap_y_error_m,mocap_z_error_m,mocap_vx_m_s,mocap_vy_m_s,mocap_vz_m_s,mocap_yaw_error_deg,mocap_yaw_rate_deg_s,battery_ready,battery_voltage_v,battery_cell_voltage_v,battery_current_a,battery_capacity_mah,battery_remaining_percent,battery_hover_comp_enabled,battery_hover_filtered_voltage_v,battery_hover_adjusted_throttle,battery_hover_correction,backend_loop_hz,tracking_loop_hz,frames_processed,valid_pose_frames,pose_success_rate,full_marker_detection_rate,cam1_full_detection_rate,cam2_full_detection_rate,cam3_full_detection_rate,cam1_leds,cam2_leds,cam3_leds,spatial_data_valid,mapping_error_px,model_fit_error_m,scale_factor,position_x_m,position_y_m,position_z_m,velocity_x_m_s,velocity_y_m_s,velocity_z_m_s,yaw_deg,pitch_deg,roll_deg,control_active,control_armed,target_x_m,target_y_m,target_z_m,target_yaw_deg,limit_hover_throttle,limit_min_throttle,limit_max_throttle,limit_max_tilt_deg,limit_max_yaw_rate_deg,pid_xyPos_kp,pid_xyPos_ki,pid_xyPos_kd,pid_zPos_kp,pid_zPos_ki,pid_zPos_kd,pid_yawPos_kp,pid_yawPos_ki,pid_yawPos_kd,pid_xyVel_kp,pid_xyVel_ki,pid_xyVel_kd,pid_zVel_kp,pid_zVel_ki,pid_zVel_kd,pid_roll_kp,pid_roll_ki,pid_roll_kd,pid_pitch_kp,pid_pitch_ki,pid_pitch_kd,pid_yawRate_kp,pid_yawRate_ki,pid_yawRate_kd,serial_connected,serial_send_enabled,serial_send_ok,serial_payload_seq,serial_payload_size_bytes,bridge_serial_frames_rx,bridge_espnow_tx_attempts,bridge_espnow_tx_ok,bridge_espnow_tx_fail,bridge_oversize_drops,bridge_tx_rate_hz,bridge_last_tx_seq,bridge_last_tx_latency_us,controller_rx_packets,controller_rx_missing_packets,controller_rx_duplicate_packets,controller_rx_out_of_order_packets,controller_last_rx_seq,controller_loop_hz,controller_control_hz,controller_command_age_ms,controller_apply_latency_us,controller_motor_imbalance,motor_1_output,motor_2_output,motor_3_output,motor_4_output
2026-04-28T17:30:04.866,0.017,1,0.40,1.40,0.00,0.00,1,0.0148,-0.0363,0.2627,0.0000,0.0000,0.0000,-83.84,-3.51,1,4.200,4.200,0.888,0,-1,0,0.000,0.7600,0.0000,62.06,57.93,1,1,1.00000,1.00000,1.00000,1.00000,0.00000,3,3,0,1,23.03182,0.02365,1.87944,-0.0148,0.0363,0.0873,0.0000,0.0000,0.0000,-6.16,2.93,125.21,1,1,0.0000,0.0000,0.3500,-90.00,0.7600,0.4200,1.0000,8.00,180.00,10.000000,0.250000,0.000000,1.200000,0.000000,0.000000,1.200000,0.000000,0.000000,0.900000,0.000000,0.000000,0.850000,0.040000,0.000000,0.008000,0.000000,0.000600,0.008000,0.000000,0.000600,0.006000,0.000000,0.000000,1,1,1,1,231,0,0,0,0,0,0.00,0,0,0,0,0,0,0,0.00,0.00,0,0,0.0000,0.0000,0.0000,0.0000,0.0000
2026-04-28T17:30:04.885,0.036,1,0.40,1.40,0.00,0.00,1,0.0147,-0.0362,0.2627,0.0000,0.0000,0.0000,-83.78,-3.22,1,4.200,4.200,0.888,0,-1,0,0.000,0.7600,0.0000,48.94,59.72,2,2,1.00000,1.00000,1.00000,1.00000,0.00000,3,3,0,1,23.03588,0.02350,1.87578,-0.0147,0.0362,0.0873,0.0000,0.0000,0.0000,-6.22,2.91,125.21,1,1,0.0000,0.0000,0.3500,-90.00,0.7600,0.4200,1.0000,8.00,180.00,10.000000,0.250000,0.000000,1.200000,0.000000,0.000000,1.200000,0.000000,0.000000,0.900000,0.000000,0.000000,0.850000,0.040000,0.000000,0.008000,0.000000,0.000600,0.008000,0.000000,0.000600,0.006000,0.000000,0.000000,1,1,1,2,231,0,0,0,0,0,0.00,0,0,0,0,0,0,0,0.00,0.00,0,0,0.0000,0.0000,0.0000,0.0000,0.0000
2026-04-28T17:30:04.902,0.053,1,0.40,1.40,0.00,0.00,1,0.0146,-0.0362,0.2624,0.0000,0.0000,0.0000,-83.71,-4.17,1,4.200,4.200,0.888,0,-1,0,0.000,0.7600,0.0000,65.36,59.53,3,3,1.00000,1.00000,1.00000,1.00000,0.00000,3,3,0,1,22.96484,0.02343,1.87730,-0.0146,0.0362,0.0876,0.0000,0.0000,0.0000,-6.29,3.01,125.23,1,1,0.0000,0.0000,0.3500,-90.00,0.7600,0.4200,1.0000,8.00,180.00,10.000000,0.250000,0.000000,1.200000,0.000000,0.000000,1.200000,0.000000,0.000000,0.900000,0.000000,0.000000,0.850000,0.040000,0.000000,0.008000,0.000000,0.000600,0.008000,0.000000,0.000600,0.006000,0.000000,0.000000,1,1,1,3,228,0,0,0,0,0,0.00,0,0,0,0,0,0,0,0.00,0.00,0,0,0.0000,0.0000,0.0000,0.0000,0.0000
2026-04-28T17:30:04.918,0.069,1,0.40,1.40,0.00,0.00,1,0.0148,-0.0360,0.2624,0.0000,0.0000,0.0000,-83.80,5.53,1,4.200,4.200,0.888,0,-1,0,0.000,0.7600,0.0000,56.27,60.74,4,4,1.00000,1.00000,1.00000,1.00000,0.00000,3,3,0,1,23.01155,0.02354,1.87396,-0.0148,0.0360,0.0876,0.0000,0.0000,0.0000,-6.20,2.97,125.21,1,1,0.0000,0.0000,0.3500,-90.00,0.7600,0.4200,1.0000,8.00,180.00,10.000000,0.250000,0.000000,1.200000,0.000000,0.000000,1.200000,0.000000,0.000000,0.900000,0.000000,0.000000,0.850000,0.040000,0.000000,0.008000,0.000000,0.000600,0.008000,0.000000,0.000600,0.006000,0.000000,0.000000,1,1,1,4,230,0,0,0,0,0,0.00,0,0,0,0,0,0,0,0.00,0.00,0,0,0.0000,0.0000,0.0000,0.0000,0.0000
2026-04-28T17:30:04.933,0.084,1,0.40,1.40,0.00,0.00,1,0.0148,-0.0360,0.2624,0.0000,0.0000,0.0000,-83.76,-2.66,1,4.200,4.200,0.888,0,-1,0,0.000,0.7600,0.0000,57.87,58.27,5,5,1.00000,1.00000,1.00000,1.00000,0.00000,3,3,0,1,23.00636,0.02346,1.87661,-0.0148,0.0360,0.0876,0.0000,0.0000,0.0000,-6.24,2.97,125.24,1,1,0.0000,0.0000,0.3500,-90.00,0.7600,0.4200,1.0000,8.00,180.00,10.000000,0.250000,0.000000,1.200000,0.000000,0.000000,1.200000,0.000000,0.000000,0.900000,0.000000,0.000000,0.850000,0.040000,0.000000,0.008000,0.000000,0.000600,0.008000,0.000000,0.000600,0.006000,0.000000,0.000000,1,1,1,5,231,0,0,0,0,0,0.00,0,0,0,0,0,0,0,0.00,0.00,0,0,0.0000,0.0000,0.0000,0.0000,0.0000
2026-04-28T17:30:04.953,0.103,1,0.40,1.40,0.00,0.00,1,0.0147,-0.0361,0.2626,0.0000,0.0000,0.0000,-83.71,-3.10,1,4.200,4.200,0.888,0,-1,0,0.000,0.7600,0.0000,76.85,60.16,6,6,1.00000,1.00000,1.00000,1.00000,0.00000,3,3,0,1,23.01830,0.02331,1.87260,-0.0147,0.0361,0.0874,0.0000,0.0000,0.0000,-6.29,2.97,125.24,1,1,0.0000,0.0000,0.3500,-90.00,0.7600,0.4200,1.0000,8.00,180.00,10.000000,0.250000,0.000000,1.200000,0.000000,0.000000,1.200000,0.000000,0.000000,0.900000,0.000000,0.000000,0.850000,0.040000,0.000000,0.008000,0.000000,0.000600,0.008000,0.000000,0.000600,0.006000,0.000000,0.000000,1,1,1,6,231,0,0,0,0,0,0.00,0,0,0,0,0,0,0,0.00,0.00,0,0,0.0000,0.0000,0.0000,0.0000,0.0000
2026-04-28T17:30:04.963,0.114,1,0.40,1.40,0.00,0.00,1,0.0148,-0.0360,0.2625,0.0000,0.0000,0.0000,-83.76,3.63,1,4.200,4.200,0.888,0,-1,0,0.000,0.7600,0.0000,50.96,63.93,7,7,1.00000,1.00000,1.00000,1.00000,0.00000,3,3,0,1,23.00123,0.02354,1.87342,-0.0148,0.0360,0.0875,0.0000,0.0000,0.0000,-6.24,2.96,125.21,1,1,0.0000,0.0000,0.3500,-90.00,0.7600,0.4200,1.0000,8.00,180.00,10.000000,0.250000,0.000000,1.200000,0.000000,0.000000,1.200000,0.000000,0.000000,0.900000,0.000000,0.000000,0.850000,0.040000,0.000000,0.008000,0.000000,0.000600,0.008000,0.000000,0.000600,0.006000,0.000000,0.000000,1,1,1,7,231,0,0,0,0,0,0.00,0,0,0,0,0,0,0,0.00,0.00,0,0,0.0000,0.0000,0.0000,0.0000,0.0000
2026-04-28T17:30:04.985,0.135,1,0.40,1.40,0.00,0.00,1,0.0149,-0.0361,0.2626,0.0000,0.0000,0.0000,-83.77,0.49,1,4.200,4.200,0.888,0,-1,0,0.000,0.7600,0.0000,97.52,60.23,8,8,1.00000,1.00000,1.00000,1.00000,0.00000,3,3,0,1,23.03157,0.02354,1.87471,-0.0149,0.0361,0.0874,0.0000,0.0000,0.0000,-6.23,2.98,125.22,1,1,0.0000,0.0000,0.3500,-90.00,0.7600,0.4200,1.0000,8.00,180.00,10.000000,0.250000,0.000000,1.200000,0.000000,0.000000,1.200000,0.000000,0.000000,0.900000,0.000000,0.000000,0.850000,0.040000,0.000000,0.008000,0.000000,0.000600,0.008000,0.000000,0.000600,0.006000,0.000000,0.000000,1,1,1,8,231,0,0,0,0,0,0.00,0,0,0,0,0,0,0,0.00,0.00,0,0,0.0000,0.0000,0.0000,0.0000,0.0000
2026-04-28T17:30:05.001,0.152,1,0.40,1.40,0.00,0.00,1,0.0149,-0.0362,0.2625,0.0000,0.0000,0.0000,-83.83,3.34,1,4.200,4.200,0.888,0,-1,0,0.000,0.7600,0.0000,44.00,57.38,9,9,1.00000,1.00000,1.00000,1.00000,0.00000,3,3,0,1,22.96892,0.02348,1.87763,-0.0149,0.0362,0.0875,0.0000,0.0000,0.0000,-6.17,2.94,125.22,1,1,0.0000,0.0000,0.3500,-90.00,0.7600,0.4200,1.0000,8.00,180.00,10.000000,0.250000,0.000000,1.200000,0.000000,0.000000,1.200000,0.000000,0.000000,0.900000,0.000000,0.000000,0.850000,0.040000,0.000000,0.008000,0.000000,0.000600,0.008000,0.000000,0.000600,0.006000,0.000000,0.000000,1,1,1,9,231,0,0,0,0,0,0.00,0,0,0,0,0,0,0,0.00,0.00,0,0,0.0000,0.0000,0.0000,0.0000,0.0000
2026-04-28T17:30:05.018,0.168,1,0.40,1.40,0.00,0.00,1,0.0148,-0.0361,0.2627,0.0000,0.0000,0.0000,-83.78,-3.07,1,4.200,4.200,0.888,0,-1,0,0.000,0.7600,0.0000,56.72,61.99,10,10,1.00000,1.00000,1.00000,1.00000,0.00000,3,3,0,1,23.03025,0.02331,1.87356,-0.0148,0.0361,0.0873,0.0000,0.0000,0.0000,-6.22,2.93,125.21,1,1,0.0000,0.0000,0.3500,-90.00,0.7600,0.4200,1.0000,8.00,180.00,10.000000,0.250000,0.000000,1.200000,0.000000,0.000000,1.200000,0.000000,0.000000,0.900000,0.000000,0.000000,0.850000,0.040000,0.000000,0.008000,0.000000,0.000600,0.008000,0.000000,0.000600,0.006000,0.000000,0.000000,1,1,1,10,231,0,0,0,0,0,0.00,0,0,0,0,0,0,0,0.00,0.00,0,0,0.0000,0.0000,0.0000,0.0000,0.0000
2026-04-28T17:30:05.034,0.185,1,0.40,1.40,0.00,0.00,1,0.0149,-0.0361,0.2628,0.0000,0.0000,0.0000,-83.87,5.35,1,4.200,4.200,0.888,0,-1,0,0.000,0.7600,0.0000,59.58,57.68,11,11,1.00000,1.00000,1.00000,1.00000,0.00000,3,3,0,1,23.02463,0.02358,1.87591,-0.0149,0.0361,0.0872,0.0000,0.0000,0.0000,-6.13,2.86,125.18,1,1,0.0000,0.0000,0.3500,-90.00,0.7600,0.4200,1.0000,8.00,180.00,10.000000,0.250000,0.000000,1.200000,0.000000,0.000000,1.200000,0.000000,0.000000,0.900000,0.000000,0.000000,0.850000,0.040000,0.000000,0.008000,0.000000,0.000600,0.008000,0.000000,0.000600,0.006000,0.000000,0.000000,1,1,1,11,231,0,0,0,0,0,0.00,0,0,0,0,0,0,0,0.00,0.00,0,0,0.0000,0.0000,0.0000,0.0000,0.0000
2026-04-28T17:30:05.051,0.202,1,0.40,1.40,0.00,0.00,1,0.0149,-0.0361,0.2626,0.0000,0.0000,0.0000,-83.90,1.76,1,4.200,4.200,0.888,0,-1,0,0.000,0.7600,0.0000,69.55,59.65,12,12,1.00000,1.00000,1.00000,1.00000,0.00000,3,3,0,1,22.95522,0.02354,1.87691,-0.0149,0.0361,0.0874,0.0000,0.0000,0.0000,-6.10,2.82,125.22,1,1,0.0000,0.0000,0.3500,-90.00,0.7600,0.4200,1.0000,8.00,180.00,10.000000,0.250000,0.000000,1.200000,0.000000,0.000000,1.200000,0.000000,0.000000,0.900000,0.000000,0.000000,0.850000,0.040000,0.000000,0.008000,0.000000,0.000600,0.008000,0.000000,0.000600,0.006000,0.000000,0.000000,1,1,1,12,230,0,0,0,0,0,0.00,0,0,0,0,0,0,0,0.00,0.00,0,0,0.0000,0.0000,0.0000,0.0000,0.0000
2026-04-28T17:30:05.069,0.220,1,0.40,1.40,0.00,0.00,1,0.0148,-0.0361,0.2624,0.0000,0.0000,0.0000,-83.78,-7.38,1,4.200,4.200,0.888,0,-1,0,0.000,0.7600,0.0000,58.71,63.64,13,13,1.00000,1.00000,1.00000,1.00000,0.00000,3,3,0,1,23.03088,0.02347,1.87680,-0.0148,0.0361,0.0876,0.0000,0.0000,0.0000,-6.22,2.92,125.22,1,1,0.0000,0.0000,0.3500,-90.00,0.7600,0.4200,1.0000,8.00,180.00,10.000000,0.250000,0.000000,1.200000,0.000000,0.000000,1.200000,0.000000,0.000000,0.900000,0.000000,0.000000,0.850000,0.040000,0.000000,0.008000,0.000000,0.000600,0.008000,0.000000,0.000600,0.006000,0.000000,0.000000,1,1,1,13,231,0,0,0,0,0,0.00,0,0,0,0,0,0,0,0.00,0.00,0,0,0.0000,0.0000,0.0000,0.0000,0.0000
2026-04-28T17:30:05.085,0.236,1,0.40,1.40,0.00,0.00,1,0.0150,-0.0360,0.2625,0.0000,0.0000,0.0000,-83.87,5.26,1,4.200,4.200,0.888,0,-1,0,0.000,0.7600,0.0000,54.08,56.53,14,14,1.00000,1.00000,1.00000,1.00000,0.00000,3,3,0,1,23.02089,0.02339,1.87358,-0.0150,0.0360,0.0875,0.0000,0.0000,0.0000,-6.13,2.93,125.26,1,1,0.0000,0.0000,0.3500,-90.00,0.7600,0.4200,1.0000,8.00,180.00,10.000000,0.250000,0.000000,1.200000,0.000000,0.000000,1.200000,0.000000,0.000000,0.900000,0.000000,0.000000,0.850000,0.040000,0.000000,0.008000,0.000000,0.000600,0.008000,0.000000,0.000600,0.006000,0.000000,0.000000,1,1,1,14,231,0,0,0,0,0,0.00,0,0,0,0,0,0,0,0.00,0.00,0,0,0.0000,0.0000,0.0000,0.0000,0.0000
2026-04-28T17:30:05.102,0.253,1,0.40,1.40,0.00,0.00,1,0.0149,-0.0359,0.2625,0.0000,0.0000,0.0000,-83.79,-4.63,1,4.200,4.200,0.888,0,-1,0,0.000,0.7600,0.0000,67.12,62.50,15,15,1.00000,1.00000,1.00000,1.00000,0.00000,3,3,0,1,23.03060,0.02338,1.87246,-0.0149,0.0359,0.0875,0.0000,0.0000,0.0000,-6.21,2.93,125.23,1,1,0.0000,0.0000,0.3500,-90.00,0.7600,0.4200,1.0000,8.00,180.00,10.000000,0.250000,0.000000,1.200000,0.000000,0.000000,1.200000,0.000000,0.000000,0.900000,0.000000,0.000000,0.850000,0.040000,0.000000,0.008000,0.000000,0.000600,0.008000,0.000000,0.000600,0.006000,0.000000,0.000000,1,1,1,15,231,0,0,0,0,0,0.00,0,0,0,0,0,0,0,0.00,0.00,0,0,0.0000,0.0000,0.0000,0.0000,0.0000
2026-04-28T17:30:05.119,0.269,1,0.40,1.40,0.00,0.00,1,0.0148,-0.0361,0.2626,0.0000,0.0000,0.0000,-83.85,3.91,1,4.200,4.200,0.800,35,88,0,0.000,0.7600,0.0000,53.64,59.50,16,16,1.00000,1.00000,1.00000,1.00000,0.00000,3,3,0,1,22.99952,0.02345,1.87763,-0.0148,0.0361,0.0874,0.0000,0.0000,0.0000,-6.15,2.87,125.22,1,1,0.0000,0.0000,0.3500,-90.00,0.7600,0.4200,1.0000,8.00,180.00,10.000000,0.250000,0.000000,1.200000,0.000000,0.000000,1.200000,0.000000,0.000000,0.900000,0.000000,0.000000,0.850000,0.040000,0.000000,0.008000,0.000000,0.000600,0.008000,0.000000,0.000600,0.006000,0.000000,0.000000,1,1,1,16,231,0,0,0,0,0,0.00,0,0,0,0,0,0,0,0.00,0.00,0,0,0.0000,0.0000,0.0000,0.0000,0.0000
2026-04-28T17:30:05.135,0.285,1,0.40,1.40,0.00,0.00,1,0.0149,-0.0360,0.2627,0.0000,0.0000,0.0000,-83.89,2.42,1,4.200,4.200,0.800,35,88,0,0.000,0.7600,0.0000,60.94,60.36,17,17,1.00000,1.00000,1.00000,1.00000,0.00000,3,3,0,1,23.04960,0.02342,1.87503,-0.0149,0.0360,0.0873,0.0000,0.0000,0.0000,-6.11,2.86,125.17,1,1,0.0000,0.0000,0.3500,-90.00,0.7600,0.4200,1.0000,8.00,180.00,10.000000,0.250000,0.000000,1.200000,0.000000,0.000000,1.200000,0.000000,0.000000,0.900000,0.000000,0.000000,0.850000,0.040000,0.000000,0.008000,0.000000,0.000600,0.008000,0.000000,0.000600,0.006000,0.000000,0.000000,1,1,1,17,231,0,0,0,0,0,0.00,0,0,0,0,0,0,0,0.00,0.00,0,0,0.0000,0.0000,0.0000,0.0000,0.0000
2026-04-28T17:30:05.153,0.304,1,0.40,1.40,0.00,0.00,1,0.0148,-0.0361,0.2627,0.0000,0.0000,0.0000,-83.83,-3.38,1,4.200,4.200,0.800,35,88,0,0.000,0.7600,0.0000,63.21,60.06,18,18,1.00000,1.00000,1.00000,1.00000,0.00000,3,3,0,1,23.03613,0.02336,1.87438,-0.0148,0.0361,0.0873,0.0000,0.0000,0.0000,-6.17,2.92,125.18,1,1,0.0000,0.0000,0.3500,-90.00,0.7600,0.4200,1.0000,8.00,180.00,10.000000,0.250000,0.000000,1.200000,0.000000,0.000000,1.200000,0.000000,0.000000,0.900000,0.000000,0.000000,0.850000,0.040000,0.000000,0.008000,0.000000,0.000600,0.008000,0.000000,0.000600,0.006000,0.000000,0.000000,1,1,1,18,231,0,0,0,0,0,0.00,0,0,0,0,0,0,0,0.00,0.00,0,0,0.0000,0.0000,0.0000,0.0000,0.0000
2026-04-28T17:30:05.161,0.312,1,0.40,1.40,0.00,0.00,1,0.0149,-0.0360,0.2627,0.0000,0.0000,0.0000,-83.85,2.09,1,4.200,4.200,0.800,35,88,0,0.000,0.7600,0.0000,54.97,61.83,19,19,1.00000,1.00000,1.00000,1.00000,0.00000,3,3,0,1,23.02835,0.02335,1.86967,-0.0149,0.0360,0.0873,0.0000,0.0000,0.0000,-6.15,2.89,125.19,1,1,0.0000,0.0000,0.3500,-90.00,0.7600,0.4200,1.0000,8.00,180.00,10.000000,0.250000,0.000000,1.200000,0.000000,0.000000,1.200000,0.000000,0.000000,0.900000,0.000000,0.000000,0.850000,0.040000,0.000000,0.008000,0.000000,0.000600,0.008000,0.000000,0.000600,0.006000,0.000000,0.000000,1,1,1,19,231,0,0,0,0,0,0.00,0,0,0,0,0,0,0,0.00,0.00,0,0,0.0000,0.0000,0.0000,0.0000,0.0000
2026-04-28T17:30:05.186,0.336,1,0.40,1.40,0.00,0.00,1,0.0148,-0.0360,0.2626,0.0000,0.0000,0.0000,-83.86,0.43,1,4.200,4.200,0.800,35,88,0,0.000,0.7600,0.0000,135.20,57.20,20,20,1.00000,1.00000,1.00000,1.00000,0.00000,3,3,0,1,23.02206,0.02351,1.87507,-0.0148,0.0360,0.0874,0.0000,0.0000,0.0000,-6.14,2.94,125.19,1,1,0.0000,0.0000,0.3500,-90.00,0.7600,0.4200,1.0000,8.00,180.00,10.000000,0.250000,0.000000,1.200000,0.000000,0.000000,1.200000,0.000000,0.000000,0.900000,0.000000,0.000000,0.850000,0.040000,0.000000,0.008000,0.000000,0.000600,0.008000,0.000000,0.000600,0.006000,0.000000,0.000000,1,1,1,20,231,0,0,0,0,0,0.00,0,0,0,0,0,0,0,0.00,0.00,0,0,0.0000,0.0000,0.0000,0.0000,0.0000
2026-04-28T17:30:05.202,0.352,1,0.40,1.40,0.00,0.00,1,0.0150,-0.0363,0.2626,0.0000,0.0000,0.0000,-83.96,5.93,1,4.200,4.200,0.800,35,88,0,0.000,0.7600,0.0000,41.06,59.24,21,21,1.00000,1.00000,1.00000,1.00000,0.00000,3,3,0,1,22.96594,0.02352,1.88270,-0.0150,0.0363,0.0874,0.0000,0.0000,0.0000,-6.04,2.91,125.21,1,1,0.0000,0.0000,0.3500,-90.00,0.7600,0.4200,1.0000,8.00,180.00,10.000000,0.250000,0.000000,1.200000,0.000000,0.000000,1.200000,0.000000,0.000000,0.900000,0.000000,0.000000,0.850000,0.040000,0.000000,0.008000,0.000000,0.000600,0.008000,0.000000,0.000600,0.006000,0.000000,0.000000,1,1,1,21,231,0,0,0,0,0,0.00,0,0,0,0,0,0,0,0.00,0.00,0,0,0.0000,0.0000,0.0000,0.0000,0.0000
2026-04-28T17:30:05.220,0.370,1,0.40,1.40,0.00,0.00,1,0.0149,-0.0361,0.2626,0.0000,0.0000,0.0000,-83.98,1.20,1,4.200,4.200,0.800,35,88,0,0.000,0.7600,0.0000,58.26,59.60,22,22,1.00000,1.00000,1.00000,1.00000,0.00000,3,3,0,1,23.02260,0.02340,1.87767,-0.0149,0.0361,0.0874,0.0000,0.0000,0.0000,-6.02,2.90,125.18,1,1,0.0000,0.0000,0.3500,-90.00,0.7600,0.4200,1.0000,8.00,180.00,10.000000,0.250000,0.000000,1.200000,0.000000,0.000000,1.200000,0.000000,0.000000,0.900000,0.000000,0.000000,0.850000,0.040000,0.000000,0.008000,0.000000,0.000600,0.008000,0.000000,0.000600,0.006000,0.000000,0.000000,1,1,1,22,230,0,0,0,0,0,0.00,0,0,0,0,0,0,0,0.00,0.00,0,0,0.0000,0.0000,0.0000,0.0000,0.0000
2026-04-28T17:30:05.234,0.385,1,0.40,1.40,0.00,0.00,1,0.0150,-0.0362,0.2628,0.0000,0.0000,0.0000,-83.93,-3.14,1,4.200,4.200,0.800,35,88,0,0.000,0.7600,0.0000,56.59,60.59,23,23,1.00000,1.00000,1.00000,1.00000,0.00000,3,3,0,1,23.02842,0.02335,1.87561,-0.0150,0.0362,0.0872,0.0000,0.0000,0.0000,-6.07,2.78,125.21,1,1,0.0000,0.0000,0.3500,-90.00,0.7600,0.4200,1.0000,8.00,180.00,10.000000,0.250000,0.000000,1.200000,0.000000,0.000000,1.200000,0.000000,0.000000,0.900000,0.000000,0.000000,0.850000,0.040000,0.000000,0.008000,0.000000,0.000600,0.008000,0.000000,0.000600,0.006000,0.000000,0.000000,1,1,1,23,231,0,0,0,0,0,0.00,0,0,0,0,0,0,0,0.00,0.00,0,0,0.0000,0.0000,0.0000,0.0000,0.0000
2026-04-28T17:30:05.251,0.402,1,0.40,1.40,0.00,0.00,1,0.0147,-0.0363,0.2628,0.0000,0.0000,0.0000,-83.86,-4.22,1,4.200,4.200,0.800,35,88,0,0.000,0.7600,0.0000,73.27,59.95,24,24,1.00000,1.00000,1.00000,1.00000,0.00000,3,3,0,1,22.99908,0.02360,1.87994,-0.0147,0.0363,0.0872,0.0000,0.0000,0.0000,-6.14,2.91,125.20,1,1,0.0000,0.0000,0.3500,-90.00,0.7600,0.4200,1.0000,8.00,180.00,10.000000,0.250000,0.000000,1.200000,0.000000,0.000000,1.200000,0.000000,0.000000,0.900000,0.000000,0.000000,0.850000,0.040000,0.000000,0.008000,0.000000,0.000600,0.008000,0.000000,0.000600,0.006000,0.000000,0.000000,1,1,1,24,230,0,0,0,0,0,0.00,0,0,0,0,0,0,0,0.00,0.00,0,0,0.0000,0.0000,0.0000,0.0000,0.0000
2026-04-28T17:30:05.267,0.417,1,0.40,1.50,0.00,0.94,1,0.0149,-0.0360,0.2626,0.0000,0.0000,0.0000,-83.90,2.53,1,4.200,4.200,0.800,35,88,0,0.000,0.7600,0.0000,52.33,65.67,25,25,1.00000,1.00000,1.00000,1.00000,0.00000,3,3,0,1,22.97739,0.02338,1.87275,-0.0149,0.0360,0.0874,0.0000,0.0000,0.0000,-6.10,2.84,125.20,1,1,0.0000,0.0000,0.3500,-90.00,0.7600,0.4200,1.0000,8.00,180.00,10.000000,0.250000,0.000000,1.200000,0.000000,0.000000,1.200000,0.000000,0.000000,0.900000,0.000000,0.000000,0.850000,0.040000,0.000000,0.008000,0.000000,0.000600,0.008000,0.000000,0.000600,0.006000,0.000000,0.000000,1,1,1,25,229,0,0,0,0,0,0.00,0,0,0,0,0,0,0,0.00,0.00,0,0,0.0000,0.0000,0.0000,0.0000,0.0000
2026-04-28T17:30:05.284,0.435,1,0.40,1.50,0.00,0.94,1,0.0147,-0.0361,0.2628,0.0000,0.0000,0.0000,-83.77,-9.17,1,4.200,4.200,0.800,35,88,0,0.000,0.7600,0.0000,68.48,61.31,26,26,1.00000,1.00000,1.00000,1.00000,0.00000,3,3,0,1,23.03633,0.02329,1.87093,-0.0147,0.0361,0.0872,0.0000,0.0000,0.0000,-6.23,2.86,125.23,1,1,0.0000,0.0000,0.3500,-90.00,0.7600,0.4200,1.0000,8.00,180.00,10.000000,0.250000,0.000000,1.200000,0.000000,0.000000,1.200000,0.000000,0.000000,0.900000,0.000000,0.000000,0.850000,0.040000,0.000000,0.008000,0.000000,0.000600,0.008000,0.000000,0.000600,0.006000,0.000000,0.000000,1,1,1,26,231,0,0,0,0,0,0.00,0,0,0,0,0,0,0,0.00,0.00,0,0,0.0000,0.0000,0.0000,0.0000,0.0000
2026-04-28T17:30:05.301,0.451,1,0.40,1.50,0.00,0.94,1,0.0147,-0.0362,0.2626,0.0000,0.0000,0.0000,-83.70,-3.71,1,4.200,4.200,0.800,35,88,0,0.000,0.7600,0.0000,60.57,55.82,27,27,1.00000,1.00000,1.00000,1.00000,0.00000,3,3,0,1,23.03239,0.02336,1.87404,-0.0147,0.0362,0.0874,0.0000,0.0000,0.0000,-6.30,2.92,125.22,1,1,0.0000,0.0000,0.3500,-90.00,0.7600,0.4200,1.0000,8.00,180.00,10.000000,0.250000,0.000000,1.200000,0.000000,0.000000,1.200000,0.000000,0.000000,0.900000,0.000000,0.000000,0.850000,0.040000,0.000000,0.008000,0.000000,0.000600,0.008000,0.000000,0.000600,0.006000,0.000000,0.000000,1,1,1,27,230,0,0,0,0,0,0.00,0,0,0,0,0,0,0,0.00,0.00,0,0,0.0000,0.0000,0.0000,0.0000,0.0000
2026-04-28T17:30:05.317,0.468,1,0.40,1.50,0.00,0.94,1,0.0148,-0.0359,0.2626,0.0000,0.0000,0.0000,-83.75,2.84,1,4.200,4.200,0.800,35,88,0,0.000,0.7600,0.0000,57.67,62.05,28,28,1.00000,1.00000,1.00000,1.00000,0.00000,3,3,0,1,23.01987,0.02340,1.87275,-0.0148,0.0359,0.0874,0.0000,0.0000,0.0000,-6.25,2.92,125.24,1,1,0.0000,0.0000,0.3500,-90.00,0.7600,0.4200,1.0000,8.00,180.00,10.000000,0.250000,0.000000,1.200000,0.000000,0.000000,1.200000,0.000000,0.000000,0.900000,0.000000,0.000000,0.850000,0.040000,0.000000,0.008000,0.000000,0.000600,0.008000,0.000000,0.000600,0.006000,0.000000,0.000000,1,1,1,28,231,0,0,0,0,0,0.00,0,0,0,0,0,0,0,0.00,0.00,0,0,0.0000,0.0000,0.0000,0.0000,0.0000
2026-04-28T17:30:05.335,0.486,1,0.40,1.50,0.00,0.94,1,0.0149,-0.0360,0.2626,0.0000,0.0000,0.0000,-83.84,5.39,1,4.200,4.200,0.800,35,88,0,0.000,0.7600,0.0000,60.56,56.45,29,29,1.00000,1.00000,1.00000,1.00000,0.00000,3,3,0,1,22.99444,0.02356,1.87472,-0.0149,0.0360,0.0874,0.0000,0.0000,0.0000,-6.16,2.90,125.19,1,1,0.0000,0.0000,0.3500,-90.00,0.7600,0.4200,1.0000,8.00,180.00,10.000000,0.250000,0.000000,1.200000,0.000000,0.000000,1.200000,0.000000,0.000000,0.900000,0.000000,0.000000,0.850000,0.040000,0.000000,0.008000,0.000000,0.000600,0.008000,0.000000,0.000600,0.006000,0.000000,0.000000,1,1,1,29,230,0,0,0,0,0,0.00,0,0,0,0,0,0,0,0.00,0.00,0,0,0.0000,0.0000,0.0000,0.0000,0.0000
2026-04-28T17:30:05.352,0.503,1,0.40,1.50,0.00,0.94,1,0.0148,-0.0360,0.2624,0.0000,0.0000,0.0000,-83.80,-2.23,1,4.200,4.200,0.800,35,88,0,0.000,0.7600,0.0000,55.43,64.76,30,30,1.00000,1.00000,1.00000,1.00000,0.00000,3,3,0,1,23.02033,0.02351,1.87577,-0.0148,0.0360,0.0876,0.0000,0.0000,0.0000,-6.20,2.95,125.20,1,1,0.0000,0.0000,0.3500,-90.00,0.7600,0.4200,1.0000,8.00,180.00,10.000000,0.250000,0.000000,1.200000,0.000000,0.000000,1.200000,0.000000,0.000000,0.900000,0.000000,0.000000,0.850000,0.040000,0.000000,0.008000,0.000000,0.000600,0.008000,0.000000,0.000600,0.006000,0.000000,0.000000,1,1,1,30,229,0,0,0,0,0,0.00,0,0,0,0,0,0,0,0.00,0.00,0,0,0.0000,0.0000,0.0000,0.0000,0.0000
2026-04-28T17:30:05.367,0.518,1,0.40,1.50,0.00,0.94,1,0.0151,-0.0359,0.2626,0.0000,0.0000,0.0000,-83.91,7.29,1,4.200,4.200,0.900,35,88,0,0.000,0.7600,0.0000,60.12,57.32,31,31,1.00000,1.00000,1.00000,1.00000,0.00000,3,3,0,1,23.02259,0.02349,1.87377,-0.0151,0.0359,0.0874,0.0000,0.0000,0.0000,-6.09,2.85,125.21,1,1,0.0000,0.0000,0.3500,-90.00,0.7600,0.4200,1.0000,8.00,180.00,10.000000,0.250000,0.000000,1.200000,0.000000,0.000000,1.200000,0.000000,0.000000,0.900000,0.000000,0.000000,0.850000,0.040000,0.000000,0.008000,0.000000,0.000600,0.008000,0.000000,0.000600,0.006000,0.000000,0.000000,1,1,1,31,231,0,0,0,0,0,0.00,0,0,0,0,0,0,0,0.00,0.00,0,0,0.0000,0.0000,0.0000,0.0000,0.0000
2026-04-28T17:30:05.385,0.535,1,0.40,1.50,0.00,0.94,1,0.0148,-0.0361,0.2626,0.0000,0.0000,0.0000,-83.80,-6.67,1,4.200,4.200,0.900,35,88,0,0.000,0.7600,0.0000,71.01,63.39,32,32,1.00000,1.00000,1.00000,1.00000,0.00000,3,3,0,1,23.01615,0.02352,1.87705,-0.0148,0.0361,0.0874,0.0000,0.0000,0.0000,-6.20,2.88,125.21,1,1,0.0000,0.0000,0.3500,-90.00,0.7600,0.4200,1.0000,8.00,180.00,10.000000,0.250000,0.000000,1.200000,0.000000,0.000000,1.200000,0.000000,0.000000,0.900000,0.000000,0.000000,0.850000,0.040000,0.000000,0.008000,0.000000,0.000600,0.008000,0.000000,0.000600,0.006000,0.000000,0.000000,1,1,1,32,230,0,0,0,0,0,0.00,0,0,31,0,0,0,12571,496.77,496.77,0,1631,0.0000,0.5000,0.5000,0.0000,0.5000
2026-04-28T17:30:05.399,0.550,1,0.40,1.50,0.00,0.94,1,0.0147,-0.0361,0.2625,0.0000,0.0000,0.0000,-83.77,-1.88,1,4.200,4.200,0.900,35,88,0,0.000,0.7600,0.0000,54.02,60.00,33,33,1.00000,1.00000,1.00000,1.00000,0.00000,3,3,0,1,23.04097,0.02359,1.87421,-0.0147,0.0361,0.0875,0.0000,0.0000,0.0000,-6.23,2.98,125.20,1,1,0.0000,0.0000,0.3500,-90.00,0.7600,0.4200,1.0000,8.00,180.00,10.000000,0.250000,0.000000,1.200000,0.000000,0.000000,1.200000,0.000000,0.000000,0.900000,0.000000,0.000000,0.850000,0.040000,0.000000,0.008000,0.000000,0.000600,0.008000,0.000000,0.000600,0.006000,0.000000,0.000000,1,1,1,33,230,0,0,0,0,0,0.00,0,0,31,0,0,0,12571,496.77,496.77,0,1631,0.0000,0.5000,0.5000,0.0000,0.5000
2026-04-28T17:30:05.418,0.569,1,0.40,1.50,0.00,0.94,1,0.0148,-0.0361,0.2629,0.0000,0.0000,-0.0108,-83.89,6.42,1,4.200,4.200,0.900,35,88,0,0.000,0.7600,0.0000,59.72,58.87,34,34,1.00000,1.00000,1.00000,1.00000,0.00000,3,3,0,1,23.03693,0.02345,1.87289,-0.0148,0.0361,0.0871,0.0000,0.0000,-0.0108,-6.11,2.98,125.19,1,1,0.0000,0.0000,0.3500,-90.00,0.7600,0.4200,1.0000,8.00,180.00,10.000000,0.250000,0.000000,1.200000,0.000000,0.000000,1.200000,0.000000,0.000000,0.900000,0.000000,0.000000,0.850000,0.040000,0.000000,0.008000,0.000000,0.000600,0.008000,0.000000,0.000600,0.006000,0.000000,0.000000,1,1,1,34,236,0,0,0,0,0,0.00,0,0,31,0,0,0,12571,496.77,496.77,0,1631,0.0000,0.5000,0.5000,0.0000,0.5000
2026-04-28T17:30:05.436,0.587,1,0.40,1.50,0.00,0.94,1,0.0146,-0.0362,0.2627,0.0000,0.0000,0.0000,-83.74,-8.62,1,4.200,4.200,0.900,35,88,0,0.000,0.7600,0.0000,63.01,56.55,35,35,1.00000,1.00000,1.00000,1.00000,0.00000,3,3,0,1,23.03798,0.02342,1.87355,-0.0146,0.0362,0.0873,0.0000,0.0000,0.0000,-6.26,2.98,125.20,1,1,0.0000,0.0000,0.3500,-90.00,0.7600,0.4200,1.0000,8.00,180.00,10.000000,0.250000,0.000000,1.200000,0.000000,0.000000,1.200000,0.000000,0.000000,0.900000,0.000000,0.000000,0.850000,0.040000,0.000000,0.008000,0.000000,0.000600,0.008000,0.000000,0.000600,0.006000,0.000000,0.000000,1,1,1,35,230,0,0,0,0,0,0.00,0,0,31,0,0,0,12571,496.77,496.77,0,1631,0.0000,0.5000,0.5000,0.0000,0.5000
2026-04-28T17:30:05.453,0.604,1,0.40,1.50,0.00,0.94,1,0.0148,-0.0362,0.2628,0.0000,0.0000,0.0000,-83.82,4.80,1,4.200,4.200,0.900,35,88,0,0.000,0.7600,0.0000,55.68,61.58,36,36,1.00000,1.00000,1.00000,1.00000,0.00000,3,3,0,1,23.03110,0.02365,1.87695,-0.0148,0.0362,0.0872,0.0000,0.0000,0.0000,-6.18,2.95,125.19,1,1,0.0000,0.0000,0.3500,-90.00,0.7600,0.4200,1.0000,8.00,180.00,10.000000,0.250000,0.000000,1.200000,0.000000,0.000000,1.200000,0.000000,0.000000,0.900000,0.000000,0.000000,0.850000,0.040000,0.000000,0.008000,0.000000,0.000600,0.008000,0.000000,0.000600,0.006000,0.000000,0.000000,1,1,1,36,231,0,0,0,0,0,0.00,0,0,31,0,0,0,12571,496.77,496.77,0,1631,0.0000,0.5000,0.5000,0.0000,0.5000
2026-04-28T17:30:05.470,0.621,1,0.50,1.50,1.00,0.00,1,0.0151,-0.0362,0.2628,0.0000,0.0000,0.0000,-83.93,6.62,1,4.200,4.200,0.900,35,88,0,0.000,0.7600,0.0000,54.98,60.21,37,37,1.00000,1.00000,1.00000,1.00000,0.00000,3,3,0,1,23.00575,0.02353,1.87923,-0.0151,0.0362,0.0872,0.0000,0.0000,0.0000,-6.07,2.87,125.19,1,1,0.0000,0.0000,0.3500,-90.00,0.7600,0.4200,1.0000,8.00,180.00,10.000000,0.250000,0.000000,1.200000,0.000000,0.000000,1.200000,0.000000,0.000000,0.900000,0.000000,0.000000,0.850000,0.040000,0.000000,0.008000,0.000000,0.000600,0.008000,0.000000,0.000600,0.006000,0.000000,0.000000,1,1,1,37,231,0,0,0,0,0,0.00,0,0,31,0,0,0,12571,496.77,496.77,0,1631,0.0000,0.5000,0.5000,0.0000,0.5000
2026-04-28T17:30:05.485,0.636,1,0.50,1.50,1.00,0.00,1,0.0147,-0.0360,0.2627,0.0000,0.0000,0.0000,-83.80,-8.61,1,4.200,4.200,0.900,35,88,0,0.000,0.7600,0.0000,56.93,62.04,38,38,1.00000,1.00000,1.00000,1.00000,0.00000,3,3,0,1,22.97646,0.02337,1.87206,-0.0147,0.0360,0.0873,0.0000,0.0000,0.0000,-6.20,2.96,125.21,1,1,0.0000,0.0000,0.3500,-90.00,0.7600,0.4200,1.0000,8.00,180.00,10.000000,0.250000,0.000000,1.200000,0.000000,0.000000,1.200000,0.000000,0.000000,0.900000,0.000000,0.000000,0.850000,0.040000,0.000000,0.008000,0.000000,0.000600,0.008000,0.000000,0.000600,0.006000,0.000000,0.000000,1,1,1,38,230,0,0,0,0,0,0.00,0,0,31,0,0,0,12571,496.77,496.77,0,1631,0.0000,0.5000,0.5000,0.0000,0.5000
2026-04-28T17:30:05.501,0.651,1,0.50,1.50,1.00,0.00,1,0.0149,-0.0359,0.2626,0.0000,0.0000,0.0000,-83.80,0.00,1,4.200,4.200,0.900,35,88,0,0.000,0.7600,0.0000,70.81,60.17,39,39,1.00000,1.00000,1.00000,1.00000,0.00000,3,3,0,1,23.03020,0.02339,1.87387,-0.0149,0.0359,0.0874,0.0000,0.0000,0.0000,-6.20,2.92,125.24,1,1,0.0000,0.0000,0.3500,-90.00,0.7600,0.4200,1.0000,8.00,180.00,10.000000,0.250000,0.000000,1.200000,0.000000,0.000000,1.200000,0.000000,0.000000,0.900000,0.000000,0.000000,0.850000,0.040000,0.000000,0.008000,0.000000,0.000600,0.008000,0.000000,0.000600,0.006000,0.000000,0.000000,1,1,1,39,230,0,0,0,0,0,0.00,0,0,31,0,0,0,12571,496.77,496.77,0,1631,0.0000,0.5000,0.5000,0.0000,0.5000
2026-04-28T17:30:05.518,0.669,1,0.50,1.50,1.00,0.00,1,0.0150,-0.0359,0.2626,0.0000,0.0000,0.0000,-83.83,1.71,1,4.200,4.200,0.900,35,88,0,0.000,0.7600,0.0000,63.25,58.54,40,40,1.00000,1.00000,1.00000,1.00000,0.00000,3,3,0,1,23.02213,0.02330,1.87580,-0.0150,0.0359,0.0874,0.0000,0.0000,0.0000,-6.17,2.84,125.26,1,1,0.0000,0.0000,0.3500,-90.00,0.7600,0.4200,1.0000,8.00,180.00,10.000000,0.250000,0.000000,1.200000,0.000000,0.000000,1.200000,0.000000,0.000000,0.900000,0.000000,0.000000,0.850000,0.040000,0.000000,0.008000,0.000000,0.000600,0.008000,0.000000,0.000600,0.006000,0.000000,0.000000,1,1,1,40,231,0,0,0,0,0,0.00,0,0,31,0,0,0,12571,496.77,496.77,0,1631,0.0000,0.5000,0.5000,0.0000,0.5000
2026-04-28T17:30:05.533,0.684,1,0.50,1.50,1.00,0.00,1,0.0148,-0.0362,0.2625,0.0000,0.0000,0.0000,-83.73,-6.35,1,4.200,4.200,0.900,35,88,0,0.000,0.7600,0.0000,57.65,61.55,41,41,1.00000,1.00000,1.00000,1.00000,0.00000,3,3,0,1,22.95420,0.02356,1.88172,-0.0148,0.0362,0.0875,0.0000,0.0000,0.0000,-6.27,2.90,125.25,1,1,0.0000,0.0000,0.3500,-90.00,0.7600,0.4200,1.0000,8.00,180.00,10.000000,0.250000,0.000000,1.200000,0.000000,0.000000,1.200000,0.000000,0.000000,0.900000,0.000000,0.000000,0.850000,0.040000,0.000000,0.008000,0.000000,0.000600,0.008000,0.000000,0.000600,0.006000,0.000000,0.000000,1,1,1,41,230,0,0,0,0,0,0.00,0,0,31,0,0,0,12571,496.77,496.77,0,1631,0.0000,0.5000,0.5000,0.0000,0.5000
2026-04-28T17:30:05.551,0.702,1,0.50,1.50,1.00,0.00,1,0.0147,-0.0362,0.2627,0.0000,0.0000,0.0000,-83.71,-1.11,1,4.200,4.200,0.900,35,88,0,0.000,0.7600,0.0000,66.01,59.41,42,42,1.00000,1.00000,1.00000,1.00000,0.00000,3,3,0,1,23.03191,0.02345,1.87510,-0.0147,0.0362,0.0873,0.0000,0.0000,0.0000,-6.29,2.90,125.22,1,1,0.0000,0.0000,0.3500,-90.00,0.7600,0.4200,1.0000,8.00,180.00,10.000000,0.250000,0.000000,1.200000,0.000000,0.000000,1.200000,0.000000,0.000000,0.900000,0.000000,0.000000,0.850000,0.040000,0.000000,0.008000,0.000000,0.000600,0.008000,0.000000,0.000600,0.006000,0.000000,0.000000,1,1,1,42,230,0,0,0,0,0,0.00,0,0,31,0,0,0,12571,496.77,496.77,0,1631,0.0000,0.5000,0.5000,0.0000,0.5000
2026-04-28T17:30:05.565,0.715,1,0.50,1.50,1.00,0.00,1,0.0147,-0.0365,0.2629,0.0000,0.0000,0.0000,-83.70,-0.73,1,4.200,4.200,0.900,35,88,0,0.000,0.7600,0.0000,60.32,60.72,43,43,1.00000,1.00000,1.00000,1.00000,0.00000,3,3,0,1,23.00368,0.02368,1.87714,-0.0147,0.0365,0.0871,0.0000,0.0000,0.0000,-6.30,2.90,125.24,1,1,0.0000,0.0000,0.3500,-90.00,0.7600,0.4200,1.0000,8.00,180.00,10.000000,0.250000,0.000000,1.200000,0.000000,0.000000,1.200000,0.000000,0.000000,0.900000,0.000000,0.000000,0.850000,0.040000,0.000000,0.008000,0.000000,0.000600,0.008000,0.000000,0.000600,0.006000,0.000000,0.000000,1,1,1,43,229,0,0,0,0,0,0.00,0,0,31,0,0,0,12571,496.77,496.77,0,1631,0.0000,0.5000,0.5000,0.0000,0.5000
2026-04-28T17:30:05.584,0.735,1,0.50,1.50,1.00,0.00,1,0.0148,-0.0363,0.2627,0.0000,0.0000,0.0000,-83.80,5.18,1,4.200,4.200,0.900,35,88,0,0.000,0.7600,0.0000,72.97,59.91,44,44,1.00000,1.00000,1.00000,1.00000,0.00000,3,3,0,1,23.03280,0.02344,1.87836,-0.0148,0.0363,0.0873,0.0000,0.0000,0.0000,-6.20,2.93,125.22,1,1,0.0000,0.0000,0.3500,-90.00,0.7600,0.4200,1.0000,8.00,180.00,10.000000,0.250000,0.000000,1.200000,0.000000,0.000000,1.200000,0.000000,0.000000,0.900000,0.000000,0.000000,0.850000,0.040000,0.000000,0.008000,0.000000,0.000600,0.008000,0.000000,0.000600,0.006000,0.000000,0.000000,1,1,1,44,230,0,0,0,0,0,0.00,0,0,31,0,0,0,12571,496.77,496.77,0,1631,0.0000,0.5000,0.5000,0.0000,0.5000
2026-04-28T17:30:05.601,0.752,1,0.50,1.50,1.00,0.00,1,0.0148,-0.0359,0.2626,0.0000,-0.0109,0.0000,-83.80,0.00,1,4.200,4.200,0.900,35,88,0,0.000,0.7600,0.0000,48.54,59.92,45,45,1.00000,1.00000,1.00000,1.00000,0.00000,3,3,0,1,23.04276,0.02340,1.87194,-0.0148,0.0359,0.0874,0.0000,-0.0109,0.0000,-6.20,2.93,125.24,1,1,0.0000,0.0000,0.3500,-90.00,0.7600,0.4200,1.0000,8.00,180.00,10.000000,0.250000,0.000000,1.200000,0.000000,0.000000,1.200000,0.000000,0.000000,0.900000,0.000000,0.000000,0.850000,0.040000,0.000000,0.008000,0.000000,0.000600,0.008000,0.000000,0.000600,0.006000,0.000000,0.000000,1,1,1,45,235,0,0,0,0,0,0.00,0,0,31,0,0,0,12571,496.77,496.77,0,1631,0.0000,0.5000,0.5000,0.0000,0.5000
2026-04-28T17:30:05.619,0.770,1,0.50,1.50,0.00,0.00,1,0.0147,-0.0361,0.2625,0.0000,0.0000,0.0000,-83.67,-7.51,1,4.200,4.200,0.900,35,88,0,0.000,0.7600,0.0000,61.32,56.14,46,46,1.00000,1.00000,1.00000,1.00000,0.00000,3,3,0,1,23.03043,0.02335,1.87301,-0.0147,0.0361,0.0875,0.0000,0.0000,0.0000,-6.33,2.95,125.23,1,1,0.0000,0.0000,0.3500,-90.00,0.7600,0.4200,1.0000,8.00,180.00,10.000000,0.250000,0.000000,1.200000,0.000000,0.000000,1.200000,0.000000,0.000000,0.900000,0.000000,0.000000,0.850000,0.040000,0.000000,0.008000,0.000000,0.000600,0.008000,0.000000,0.000600,0.006000,0.000000,0.000000,1,1,1,46,231,0,0,0,0,0,0.00,0,0,31,0,0,0,12571,496.77,496.77,0,1631,0.0000,0.5000,0.5000,0.0000,0.5000
2026-04-28T17:30:05.635,0.786,1,0.50,1.50,0.00,0.00,1,0.0147,-0.0361,0.2625,0.0000,0.0000,0.0000,-83.70,1.66,1,4.200,4.200,0.900,35,88,0,0.000,0.7600,0.0000,56.50,60.52,47,47,1.00000,1.00000,1.00000,1.00000,0.00000,3,3,0,1,23.04386,0.02352,1.87707,-0.0147,0.0361,0.0875,0.0000,0.0000,0.0000,-6.30,2.93,125.24,1,1,0.0000,0.0000,0.3500,-90.00,0.7600,0.4200,1.0000,8.00,180.00,10.000000,0.250000,0.000000,1.200000,0.000000,0.000000,1.200000,0.000000,0.000000,0.900000,0.000000,0.000000,0.850000,0.040000,0.000000,0.008000,0.000000,0.000600,0.008000,0.000000,0.000600,0.006000,0.000000,0.000000,1,1,1,47,230,0,0,0,0,0,0.00,0,0,31,0,0,0,12571,496.77,496.77,0,1631,0.0000,0.5000,0.5000,0.0000,0.5000
2026-04-28T17:30:05.652,0.803,1,0.50,1.50,0.00,0.00,1,0.0149,-0.0359,0.2625,0.0000,0.0000,0.0000,-83.73,1.80,1,4.200,4.200,0.900,35,88,0,0.000,0.7600,0.0000,59.99,59.36,48,48,1.00000,1.00000,1.00000,1.00000,0.00000,3,3,0,1,23.00303,0.02329,1.87053,-0.0149,0.0359,0.0875,0.0000,0.0000,0.0000,-6.27,2.86,125.19,1,1,0.0000,0.0000,0.3500,-90.00,0.7600,0.4200,1.0000,8.00,180.00,10.000000,0.250000,0.000000,1.200000,0.000000,0.000000,1.200000,0.000000,0.000000,0.900000,0.000000,0.000000,0.850000,0.040000,0.000000,0.008000,0.000000,0.000600,0.008000,0.000000,0.000600,0.006000,0.000000,0.000000,1,1,1,48,231,0,0,0,0,0,0.00,0,0,31,0,0,0,12571,496.77,496.77,0,1631,0.0000,0.5000,0.5000,0.0000,0.5000
2026-04-28T17:30:05.671,0.822,1,0.50,1.50,0.00,0.00,1,0.0147,-0.0360,0.2627,0.0000,0.0000,0.0000,-83.76,1.63,1,4.200,4.200,0.900,35,88,0,0.000,0.7600,0.0000,56.74,65.46,49,49,1.00000,1.00000,1.00000,1.00000,0.00000,3,3,0,1,23.01440,0.02332,1.87143,-0.0147,0.0360,0.0873,0.0000,0.0000,0.0000,-6.24,2.93,125.20,1,1,0.0000,0.0000,0.3500,-90.00,0.7600,0.4200,1.0000,8.00,180.00,10.000000,0.250000,0.000000,1.200000,0.000000,0.000000,1.200000,0.000000,0.000000,0.900000,0.000000,0.000000,0.850000,0.040000,0.000000,0.008000,0.000000,0.000600,0.008000,0.000000,0.000600,0.006000,0.000000,0.000000,1,1,1,49,230,0,0,0,0,0,0.00,0,0,31,0,0,0,12571,496.77,496.77,0,1631,0.0000,0.5000,0.5000,0.0000,0.5000
2026-04-28T17:30:05.689,0.840,1,0.50,1.50,0.00,0.00,1,0.0148,-0.0361,0.2626,0.0000,0.0000,0.0000,-83.79,1.64,1,4.200,4.200,0.900,35,88,0,0.000,0.7600,0.0000,51.51,51.57,50,50,1.00000,1.00000,1.00000,1.00000,0.00000,3,3,0,1,23.00721,0.02340,1.87829,-0.0148,0.0361,0.0874,0.0000,0.0000,0.0000,-6.21,2.94,125.21,1,1,0.0000,0.0000,0.3500,-90.00,0.7600,0.4200,1.0000,8.00,180.00,10.000000,0.250000,0.000000,1.200000,0.000000,0.000000,1.200000,0.000000,0.000000,0.900000,0.000000,0.000000,0.850000,0.040000,0.000000,0.008000,0.000000,0.000600,0.008000,0.000000,0.000600,0.006000,0.000000,0.000000,1,1,1,50,231,0,0,0,0,0,0.00,0,0,31,0,0,0,12571,496.77,496.77,0,1631,0.0000,0.5000,0.5000,0.0000,0.5000
2026-04-28T17:30:05.701,0.852,1,0.50,1.50,0.00,0.00,1,0.0149,-0.0360,0.2626,0.0000,0.0000,0.0000,-83.81,1.65,1,4.200,4.200,0.900,35,88,0,0.000,0.7600,0.0000,54.98,84.98,51,51,1.00000,1.00000,1.00000,1.00000,0.00000,3,3,0,1,23.01945,0.02329,1.87504,-0.0149,0.0360,0.0874,0.0000,0.0000,0.0000,-6.19,2.88,125.22,1,1,0.0000,0.0000,0.3500,-90.00,0.7600,0.4200,1.0000,8.00,180.00,10.000000,0.250000,0.000000,1.200000,0.000000,0.000000,1.200000,0.000000,0.000000,0.900000,0.000000,0.000000,0.850000,0.040000,0.000000,0.008000,0.000000,0.000600,0.008000,0.000000,0.000600,0.006000,0.000000,0.000000,1,1,1,51,231,0,0,0,0,0,0.00,0,0,31,0,0,0,12571,496.77,496.77,0,1631,0.0000,0.5000,0.5000,0.0000,0.5000
2026-04-28T17:30:05.719,0.869,1,0.50,1.50,0.00,0.00,1,0.0148,-0.0362,0.2627,0.0000,0.0000,0.0000,-83.85,2.29,1,4.200,4.200,0.900,35,88,0,0.000,0.7600,0.0000,82.28,52.24,52,52,1.00000,1.00000,1.00000,1.00000,0.00000,3,3,0,1,23.02424,0.02367,1.87782,-0.0148,0.0362,0.0873,0.0000,0.0000,0.0000,-6.15,2.92,125.24,1,1,0.0000,0.0000,0.3500,-90.00,0.7600,0.4200,1.0000,8.00,180.00,10.000000,0.250000,0.000000,1.200000,0.000000,0.000000,1.200000,0.000000,0.000000,0.900000,0.000000,0.000000,0.850000,0.040000,0.000000,0.008000,0.000000,0.000600,0.008000,0.000000,0.000600,0.006000,0.000000,0.000000,1,1,1,52,231,0,0,0,0,0,0.00,0,0,31,0,0,0,12571,496.77,496.77,0,1631,0.0000,0.5000,0.5000,0.0000,0.5000
2026-04-28T17:30:05.736,0.887,1,0.50,1.50,0.00,0.00,1,0.0151,-0.0361,0.2627,0.0000,0.0000,0.0000,-83.97,7.50,1,4.200,4.200,0.900,35,88,0,0.000,0.7600,0.0000,60.53,61.39,53,53,1.00000,1.00000,1.00000,1.00000,0.00000,3,3,0,1,23.02039,0.02351,1.87349,-0.0151,0.0361,0.0873,0.0000,0.0000,0.0000,-6.03,2.85,125.24,1,1,0.0000,0.0000,0.3500,-90.00,0.7600,0.4200,1.0000,8.00,180.00,10.000000,0.250000,0.000000,1.200000,0.000000,0.000000,1.200000,0.000000,0.000000,0.900000,0.000000,0.000000,0.850000,0.040000,0.000000,0.008000,0.000000,0.000600,0.008000,0.000000,0.000600,0.006000,0.000000,0.000000,1,1,1,53,231,0,0,0,0,0,0.00,0,0,31,0,0,0,12571,496.77,496.77,0,1631,0.0000,0.5000,0.5000,0.0000,0.5000
2026-04-28T17:30:05.748,0.898,1,0.50,1.50,0.00,0.00,1,0.0149,-0.0361,0.2628,0.0000,0.0000,0.0000,-83.94,-2.18,1,4.200,4.200,0.900,35,88,0,0.000,0.7600,0.0000,61.54,60.64,54,54,1.00000,1.00000,1.00000,1.00000,0.00000,3,3,0,1,23.04079,0.02355,1.87391,-0.0149,0.0361,0.0872,0.0000,0.0000,0.0000,-6.06,2.90,125.20,1,1,0.0000,0.0000,0.3500,-90.00,0.7600,0.4200,1.0000,8.00,180.00,10.000000,0.250000,0.000000,1.200000,0.000000,0.000000,1.200000,0.000000,0.000000,0.900000,0.000000,0.000000,0.850000,0.040000,0.000000,0.008000,0.000000,0.000600,0.008000,0.000000,0.000600,0.006000,0.000000,0.000000,1,1,1,54,229,0,0,0,0,0,0.00,0,0,31,0,0,0,12571,496.77,496.77,0,1631,0.0000,0.5000,0.5000,0.0000,0.5000
2026-04-28T17:30:05.769,0.920,1,0.50,1.50,0.00,0.00,1,0.0148,-0.0360,0.2627,0.0000,0.0000,0.0000,-83.86,-3.94,1,4.200,4.200,0.900,35,88,0,0.000,0.7600,0.0000,86.82,58.01,55,55,1.00000,1.00000,1.00000,1.00000,0.00000,3,3,0,1,22.98483,0.02326,1.87134,-0.0148,0.0360,0.0873,0.0000,0.0000,0.0000,-6.14,2.90,125.19,1,1,0.0000,0.0000,0.3500,-90.00,0.7600,0.4200,1.0000,8.00,180.00,10.000000,0.250000,0.000000,1.200000,0.000000,0.000000,1.200000,0.000000,0.000000,0.900000,0.000000,0.000000,0.850000,0.040000,0.000000,0.008000,0.000000,0.000600,0.008000,0.000000,0.000600,0.006000,0.000000,0.000000,1,1,1,55,230,0,0,0,0,0,0.00,0,0,31,0,0,0,12571,496.77,496.77,0,1631,0.0000,0.5000,0.5000,0.0000,0.5000
2026-04-28T17:30:05.786,0.937,1,0.50,1.50,0.00,0.00,1,0.0147,-0.0362,0.2626,0.0000,0.0000,0.0000,-83.75,-6.50,1,4.200,4.200,0.900,35,88,0,0.000,0.7600,0.0000,42.92,59.54,56,56,1.00000,1.00000,1.00000,1.00000,0.00000,3,3,0,1,22.97963,0.02352,1.87854,-0.0147,0.0362,0.0874,0.0000,0.0000,0.0000,-6.25,3.00,125.19,1,1,0.0000,0.0000,0.3500,-90.00,0.7600,0.4200,1.0000,8.00,180.00,10.000000,0.250000,0.000000,1.200000,0.000000,0.000000,1.200000,0.000000,0.000000,0.900000,0.000000,0.000000,0.850000,0.040000,0.000000,0.008000,0.000000,0.000600,0.008000,0.000000,0.000600,0.006000,0.000000,0.000000,1,1,1,56,228,0,0,0,0,0,0.00,0,0,31,0,0,0,12571,496.77,496.77,0,1631,0.0000,0.5000,0.5000,0.0000,0.5000
2026-04-28T17:30:05.803,0.954,1,0.50,1.50,0.00,0.00,1,0.0147,-0.0363,0.2625,0.0000,0.0000,0.0000,-83.65,-5.81,1,4.200,4.200,0.900,35,88,0,0.000,0.7600,0.0000,63.82,60.82,57,57,1.00000,1.00000,1.00000,1.00000,0.00000,3,3,0,1,23.03572,0.02356,1.87953,-0.0147,0.0363,0.0875,0.0000,0.0000,0.0000,-6.35,2.98,125.20,1,1,0.0000,0.0000,0.3500,-90.00,0.7600,0.4200,1.0000,8.00,180.00,10.000000,0.250000,0.000000,1.200000,0.000000,0.000000,1.200000,0.000000,0.000000,0.900000,0.000000,0.000000,0.850000,0.040000,0.000000,0.008000,0.000000,0.000600,0.008000,0.000000,0.000600,0.006000,0.000000,0.000000,1,1,1,57,230,0,0,0,0,0,0.00,0,0,31,0,0,0,12571,496.77,496.77,0,1631,0.0000,0.5000,0.5000,0.0000,0.5000
2026-04-28T17:30:05.818,0.968,1,0.50,1.50,0.00,0.00,1,0.0148,-0.0361,0.2624,0.0000,0.0000,0.0000,-83.70,3.17,1,4.200,4.200,0.900,35,88,0,0.000,0.7600,0.0000,55.83,60.45,58,58,1.00000,1.00000,1.00000,1.00000,0.00000,3,3,0,1,23.02191,0.02351,1.87744,-0.0148,0.0361,0.0876,0.0000,0.0000,0.0000,-6.30,2.98,125.21,1,1,0.0000,0.0000,0.3500,-90.00,0.7600,0.4200,1.0000,8.00,180.00,10.000000,0.250000,0.000000,1.200000,0.000000,0.000000,1.200000,0.000000,0.000000,0.900000,0.000000,0.000000,0.850000,0.040000,0.000000,0.008000,0.000000,0.000600,0.008000,0.000000,0.000600,0.006000,0.000000,0.000000,1,1,1,58,230,0,0,0,0,0,0.00,0,0,31,0,0,0,12571,496.77,496.77,0,1631,0.0000,0.5000,0.5000,0.0000,0.5000
2026-04-28T17:30:05.835,0.985,1,0.50,1.50,0.00,0.00,1,0.0147,-0.0362,0.2626,0.0000,0.0000,0.0000,-83.71,0.59,1,4.200,4.200,0.900,35,88,0,0.000,0.7600,0.0000,69.45,58.22,59,59,1.00000,1.00000,1.00000,1.00000,0.00000,3,3,0,1,23.01518,0.02332,1.87371,-0.0147,0.0362,0.0874,0.0000,0.0000,0.0000,-6.29,2.99,125.22,1,1,0.0000,0.0000,0.3500,-90.00,0.7600,0.4200,1.0000,8.00,180.00,10.000000,0.250000,0.000000,1.200000,0.000000,0.000000,1.200000,0.000000,0.000000,0.900000,0.000000,0.000000,0.850000,0.040000,0.000000,0.008000,0.000000,0.000600,0.008000,0.000000,0.000600,0.006000,0.000000,0.000000,1,1,1,59,231,0,0,0,0,0,0.00,0,0,31,0,0,0,12571,496.77,496.77,0,1631,0.0000,0.5000,0.5000,0.0000,0.5000
2026-04-28T17:30:05.851,1.002,1,0.50,1.50,0.00,0.00,1,0.0149,-0.0361,0.2626,0.0000,0.0000,0.0000,-83.80,5.75,1,4.200,4.200,0.900,35,88,0,0.000,0.7600,0.0000,58.19,58.30,60,60,1.00000,1.00000,1.00000,1.00000,0.00000,3,3,0,1,22.98202,0.02362,1.87654,-0.0149,0.0361,0.0874,0.0000,0.0000,0.0000,-6.20,2.90,125.23,1,1,0.0000,0.0000,0.3500,-90.00,0.7600,0.4200,1.0000,8.00,180.00,10.000000,0.250000,0.000000,1.200000,0.000000,0.000000,1.200000,0.000000,0.000000,0.900000,0.000000,0.000000,0.850000,0.040000,0.000000,0.008000,0.000000,0.000600,0.008000,0.000000,0.000600,0.006000,0.000000,0.000000,1,1,1,60,229,0,0,0,0,0,0.00,0,0,31,0,0,0,12571,496.77,496.77,0,1631,0.0000,0.5000,0.5000,0.0000,0.5000
2026-04-28T17:30:05.871,1.022,1,0.50,1.50,0.00,0.00,1,0.0149,-0.0359,0.2625,0.0000,0.0000,0.0000,-83.78,-1.00,1,4.200,4.200,0.900,35,88,0,0.000,0.7600,0.0000,60.01,60.87,61,61,1.00000,1.00000,1.00000,1.00000,0.00000,3,3,0,1,23.04376,0.02343,1.87365,-0.0149,0.0359,0.0875,0.0000,0.0000,0.0000,-6.22,2.90,125.23,1,1,0.0000,0.0000,0.3500,-90.00,0.7600,0.4200,1.0000,8.00,180.00,10.000000,0.250000,0.000000,1.200000,0.000000,0.000000,1.200000,0.000000,0.000000,0.900000,0.000000,0.000000,0.850000,0.040000,0.000000,0.008000,0.000000,0.000600,0.008000,0.000000,0.000600,0.006000,0.000000,0.000000,1,1,1,61,230,60,60,60,0,0,60.00,12600,4264,31,0,0,0,12571,496.77,496.77,0,1631,0.0000,0.5000,0.5000,0.0000,0.5000
2026-04-28T17:30:05.886,1.037,1,0.50,1.50,0.00,0.00,1,0.0147,-0.0361,0.2627,0.0000,0.0000,0.0000,-83.77,-0.64,1,4.200,4.200,0.900,35,88,0,0.000,0.7600,0.0000,50.63,64.72,62,62,1.00000,1.00000,1.00000,1.00000,0.00000,3,3,0,1,22.99367,0.02333,1.87402,-0.0147,0.0361,0.0873,0.0000,0.0000,0.0000,-6.23,2.89,125.23,1,1,0.0000,0.0000,0.3500,-90.00,0.7600,0.4200,1.0000,8.00,180.00,10.000000,0.250000,0.000000,1.200000,0.000000,0.000000,1.200000,0.000000,0.000000,0.900000,0.000000,0.000000,0.850000,0.040000,0.000000,0.008000,0.000000,0.000600,0.008000,0.000000,0.000600,0.006000,0.000000,0.000000,1,1,1,62,231,60,60,60,0,0,60.00,12600,4264,31,0,0,0,12571,496.77,496.77,0,1631,0.0000,0.5000,0.5000,0.0000,0.5000
2026-04-28T17:30:05.901,1.051,1,0.50,1.50,0.00,0.00,1,0.0150,-0.0360,0.2627,-0.0153,0.0000,0.0000,-83.81,2.70,1,4.200,4.200,0.900,35,88,0,0.000,0.7600,0.0000,65.27,61.87,63,63,1.00000,1.00000,1.00000,1.00000,0.00000,3,3,0,1,22.99459,0.02354,1.87525,-0.0150,0.0360,0.0873,-0.0153,0.0000,0.0000,-6.19,2.82,125.24,1,1,0.0000,0.0000,0.3500,-90.00,0.7600,0.4200,1.0000,8.00,180.00,10.000000,0.250000,0.000000,1.200000,0.000000,0.000000,1.200000,0.000000,0.000000,0.900000,0.000000,0.000000,0.850000,0.040000,0.000000,0.008000,0.000000,0.000600,0.008000,0.000000,0.000600,0.006000,0.000000,0.000000,1,1,1,63,236,60,60,60,0,0,60.00,12600,4264,31,0,0,0,12571,496.77,496.77,0,1631,0.0000,0.5000,0.5000,0.0000,0.5000
2026-04-28T17:30:05.915,1.066,1,0.50,1.50,0.00,0.00,1,0.0150,-0.0362,0.2627,0.0000,0.0000,0.0000,-83.91,6.92,1,4.200,4.200,0.900,35,88,0,0.000,0.7600,0.0000,76.71,56.90,64,64,1.00000,1.00000,1.00000,1.00000,0.00000,3,3,0,1,23.01464,0.02369,1.87856,-0.0150,0.0362,0.0873,0.0000,0.0000,0.0000,-6.09,2.90,125.21,1,1,0.0000,0.0000,0.3500,-90.00,0.7600,0.4200,1.0000,8.00,180.00,10.000000,0.250000,0.000000,1.200000,0.000000,0.000000,1.200000,0.000000,0.000000,0.900000,0.000000,0.000000,0.850000,0.040000,0.000000,0.008000,0.000000,0.000600,0.008000,0.000000,0.000600,0.006000,0.000000,0.000000,1,1,1,64,230,60,60,60,0,0,60.00,12600,4264,31,0,0,0,12571,496.77,496.77,0,1631,0.0000,0.5000,0.5000,0.0000,0.5000
2026-04-28T17:30:05.936,1.087,1,0.50,1.50,0.00,0.00,1,0.0149,-0.0362,0.2626,0.0000,0.0000,0.0000,-83.85,-3.19,1,4.200,4.200,0.900,35,88,0,0.000,0.7600,0.0000,69.23,59.16,65,65,1.00000,1.00000,1.00000,1.00000,0.00000,3,3,0,1,23.04040,0.02348,1.87811,-0.0149,0.0362,0.0874,0.0000,0.0000,0.0000,-6.15,2.94,125.20,1,1,0.0000,0.0000,0.3500,-90.00,0.7600,0.4200,1.0000,8.00,180.00,10.000000,0.250000,0.000000,1.200000,0.000000,0.000000,1.200000,0.000000,0.000000,0.900000,0.000000,0.000000,0.850000,0.040000,0.000000,0.008000,0.000000,0.000600,0.008000,0.000000,0.000600,0.006000,0.000000,0.000000,1,1,1,65,230,60,60,60,0,0,60.00,12600,4264,31,0,0,0,12571,496.77,496.77,0,1631,0.0000,0.5000,0.5000,0.0000,0.5000
2026-04-28T17:30:05.951,1.102,1,0.50,1.50,0.00,0.00,1,0.0151,-0.0361,0.2626,0.0000,0.0000,0.0000,-83.90,3.08,1,4.200,4.200,0.900,35,88,0,0.000,0.7600,0.0000,48.04,60.67,66,66,1.00000,1.00000,1.00000,1.00000,0.00000,3,3,0,1,22.95749,0.02340,1.87627,-0.0151,0.0361,0.0874,0.0000,0.0000,0.0000,-6.10,2.84,125.19,1,1,0.0000,0.0000,0.3500,-90.00,0.7600,0.4200,1.0000,8.00,180.00,10.000000,0.250000,0.000000,1.200000,0.000000,0.000000,1.200000,0.000000,0.000000,0.900000,0.000000,0.000000,0.850000,0.040000,0.000000,0.008000,0.000000,0.000600,0.008000,0.000000,0.000600,0.006000,0.000000,0.000000,1,1,1,66,230,60,60,60,0,0,60.00,12600,4264,31,0,0,0,12571,496.77,496.77,0,1631,0.0000,0.5000,0.5000,0.0000,0.5000
2026-04-28T17:30:05.968,1.119,1,0.50,1.50,0.00,0.00,1,0.0148,-0.0360,0.2625,0.0000,0.0000,0.0000,-83.87,-1.69,1,4.200,4.200,0.900,35,88,0,0.000,0.7600,0.0000,60.05,57.11,67,67,1.00000,1.00000,1.00000,1.00000,0.00000,3,3,0,1,23.03146,0.02342,1.87348,-0.0148,0.0360,0.0875,0.0000,0.0000,0.0000,-6.13,2.90,125.20,1,1,0.0000,0.0000,0.3500,-90.00,0.7600,0.4200,1.0000,8.00,180.00,10.000000,0.250000,0.000000,1.200000,0.000000,0.000000,1.200000,0.000000,0.000000,0.900000,0.000000,0.000000,0.850000,0.040000,0.000000,0.008000,0.000000,0.000600,0.008000,0.000000,0.000600,0.006000,0.000000,0.000000,1,1,1,67,229,60,60,60,0,0,60.00,12600,4264,31,0,0,0,12571,496.77,496.77,0,1631,0.0000,0.5000,0.5000,0.0000,0.5000
2026-04-28T17:30:05.984,1.135,1,0.50,1.50,0.00,0.00,1,0.0148,-0.0362,0.2626,0.0000,0.0000,0.0000,-83.82,-3.14,1,4.200,4.200,0.900,35,88,0,0.000,0.7600,0.0000,56.55,64.42,68,68,1.00000,1.00000,1.00000,1.00000,0.00000,3,3,0,1,23.03182,0.02357,1.88094,-0.0148,0.0362,0.0874,0.0000,0.0000,0.0000,-6.18,2.90,125.18,1,1,0.0000,0.0000,0.3500,-90.00,0.7600,0.4200,1.0000,8.00,180.00,10.000000,0.250000,0.000000,1.200000,0.000000,0.000000,1.200000,0.000000,0.000000,0.900000,0.000000,0.000000,0.850000,0.040000,0.000000,0.008000,0.000000,0.000600,0.008000,0.000000,0.000600,0.006000,0.000000,0.000000,1,1,1,68,230,60,60,60,0,0,60.00,12600,4264,31,0,0,0,12571,496.77,496.77,0,1631,0.0000,0.5000,0.5000,0.0000,0.5000
2026-04-28T17:30:06.000,1.151,1,0.50,1.50,0.00,0.00,1,0.0148,-0.0360,0.2627,0.0000,0.0000,0.0000,-83.79,-1.87,1,4.200,4.200,0.900,35,88,0,0.000,0.7600,0.0000,62.18,54.83,69,69,1.00000,1.00000,1.00000,1.00000,0.00000,3,3,0,1,23.00319,0.02344,1.87334,-0.0148,0.0360,0.0873,0.0000,0.0000,0.0000,-6.21,2.92,125.18,1,1,0.0000,0.0000,0.3500,-90.00,0.7600,0.4200,1.0000,8.00,180.00,10.000000,0.250000,0.000000,1.200000,0.000000,0.000000,1.200000,0.000000,0.000000,0.900000,0.000000,0.000000,0.850000,0.040000,0.000000,0.008000,0.000000,0.000600,0.008000,0.000000,0.000600,0.006000,0.000000,0.000000,1,1,1,69,231,60,60,60,0,0,60.00,12600,4264,31,0,0,0,12571,496.77,496.77,0,1631,0.0000,0.5000,0.5000,0.0000,0.5000
2026-04-28T17:30:06.018,1.169,1,0.50,1.50,0.00,0.00,1,0.0148,-0.0361,0.2629,0.0000,0.0000,0.0000,-83.79,0.00,1,4.200,4.200,0.900,35,88,0,0.000,0.7600,0.0000,61.69,64.80,70,70,1.00000,1.00000,1.00000,1.00000,0.00000,3,3,0,1,23.01819,0.02327,1.87288,-0.0148,0.0361,0.0871,0.0000,0.0000,0.0000,-6.21,2.90,125.20,1,1,0.0000,0.0000,0.3500,-90.00,0.7600,0.4200,1.0000,8.00,180.00,10.000000,0.250000,0.000000,1.200000,0.000000,0.000000,1.200000,0.000000,0.000000,0.900000,0.000000,0.000000,0.850000,0.040000,0.000000,0.008000,0.000000,0.000600,0.008000,0.000000,0.000600,0.006000,0.000000,0.000000,1,1,1,70,229,60,60,60,0,0,60.00,12600,4264,31,0,0,0,12571,496.77,496.77,0,1631,0.0000,0.5000,0.5000,0.0000,0.5000
2026-04-28T17:30:06.034,1.185,1,0.50,1.50,0.00,0.00,1,0.0148,-0.0361,0.2627,0.0000,0.0000,0.0000,-83.84,3.07,1,4.200,4.200,0.900,35,88,0,0.000,0.7600,0.0000,60.40,59.67,71,71,1.00000,1.00000,1.00000,1.00000,0.00000,3,3,0,1,22.97964,0.02347,1.87475,-0.0148,0.0361,0.0873,0.0000,0.0000,0.0000,-6.16,2.92,125.26,1,1,0.0000,0.0000,0.3500,-90.00,0.7600,0.4200,1.0000,8.00,180.00,10.000000,0.250000,0.000000,1.200000,0.000000,0.000000,1.200000,0.000000,0.000000,0.900000,0.000000,0.000000,0.850000,0.040000,0.000000,0.008000,0.000000,0.000600,0.008000,0.000000,0.000600,0.006000,0.000000,0.000000,1,1,1,71,231,60,60,60,0,0,60.00,12600,4264,31,0,0,0,12571,496.77,496.77,0,1631,0.0000,0.5000,0.5000,0.0000,0.5000
2026-04-28T17:30:06.049,1.200,1,0.50,1.50,0.00,0.00,1,0.0147,-0.0361,0.2626,0.0000,0.0000,0.0000,-83.79,-3.21,1,4.200,4.200,0.900,35,88,0,0.000,0.7600,0.0000,58.00,61.04,72,72,1.00000,1.00000,1.00000,1.00000,0.00000,3,3,0,1,23.00095,0.02321,1.87283,-0.0147,0.0361,0.0874,0.0000,0.0000,0.0000,-6.21,2.94,125.26,1,1,0.0000,0.0000,0.3500,-90.00,0.7600,0.4200,1.0000,8.00,180.00,10.000000,0.250000,0.000000,1.200000,0.000000,0.000000,1.200000,0.000000,0.000000,0.900000,0.000000,0.000000,0.850000,0.040000,0.000000,0.008000,0.000000,0.000600,0.008000,0.000000,0.000600,0.006000,0.000000,0.000000,1,1,1,72,231,60,60,60,0,0,60.00,12600,4264,31,0,0,0,12571,496.77,496.77,0,1631,0.0000,0.5000,0.5000,0.0000,0.5000
2026-04-28T17:30:06.069,1.220,1,0.50,1.50,0.00,0.00,1,0.0148,-0.0360,0.2626,0.0000,0.0000,0.0000,-83.81,1.10,1,4.200,4.200,0.900,35,88,0,0.000,0.7600,0.0000,79.50,56.19,73,73,1.00000,1.00000,1.00000,1.00000,0.00000,3,3,0,1,23.02254,0.02334,1.87196,-0.0148,0.0360,0.0874,0.0000,0.0000,0.0000,-6.19,2.92,125.25,1,1,0.0000,0.0000,0.3500,-90.00,0.7600,0.4200,1.0000,8.00,180.00,10.000000,0.250000,0.000000,1.200000,0.000000,0.000000,1.200000,0.000000,0.000000,0.900000,0.000000,0.000000,0.850000,0.040000,0.000000,0.008000,0.000000,0.000600,0.008000,0.000000,0.000600,0.006000,0.000000,0.000000,1,1,1,73,231,60,60,60,0,0,60.00,12600,4264,31,0,0,0,12571,496.77,496.77,0,1631,0.0000,0.5000,0.5000,0.0000,0.5000
2026-04-28T17:30:06.086,1.237,1,0.50,1.50,0.00,0.00,1,0.0150,-0.0360,0.2629,0.0000,0.0000,0.0000,-83.95,7.86,1,4.200,4.200,0.900,35,88,0,0.000,0.7600,0.0000,49.74,64.10,74,74,1.00000,1.00000,1.00000,1.00000,0.00000,3,3,0,1,22.97390,0.02353,1.87022,-0.0150,0.0360,0.0871,0.0000,0.0000,0.0000,-6.05,2.87,125.20,1,1,0.0000,0.0000,0.3500,-90.00,0.7600,0.4200,1.0000,8.00,180.00,10.000000,0.250000,0.000000,1.200000,0.000000,0.000000,1.200000,0.000000,0.000000,0.900000,0.000000,0.000000,0.850000,0.040000,0.000000,0.008000,0.000000,0.000600,0.008000,0.000000,0.000600,0.006000,0.000000,0.000000,1,1,1,74,230,60,60,60,0,0,60.00,12600,4264,31,0,0,0,12571,496.77,496.77,0,1631,0.0000,0.5000,0.5000,0.0000,0.5000
2026-04-28T17:30:06.102,1.253,1,0.50,1.50,0.00,0.00,1,0.0148,-0.0359,0.2626,0.0000,0.0000,0.0000,-83.73,-13.58,1,4.200,4.200,0.900,35,88,0,0.000,0.7600,0.0000,58.57,56.19,75,75,1.00000,1.00000,1.00000,1.00000,0.00000,3,3,0,1,23.02627,0.02335,1.86933,-0.0148,0.0359,0.0874,0.0000,0.0000,0.0000,-6.27,2.92,125.19,1,1,0.0000,0.0000,0.3500,-90.00,0.7600,0.4200,1.0000,8.00,180.00,10.000000,0.250000,0.000000,1.200000,0.000000,0.000000,1.200000,0.000000,0.000000,0.900000,0.000000,0.000000,0.850000,0.040000,0.000000,0.008000,0.000000,0.000600,0.008000,0.000000,0.000600,0.006000,0.000000,0.000000,1,1,1,75,231,60,60,60,0,0,60.00,12600,4264,31,0,0,0,12571,496.77,496.77,0,1631,0.0000,0.5000,0.5000,0.0000,0.5000
2026-04-28T17:30:06.116,1.267,1,0.50,1.50,0.00,0.00,1,0.0148,-0.0360,0.2626,0.0000,0.0000,0.0000,-83.75,1.31,1,4.200,4.200,0.900,35,88,0,0.000,0.7600,0.0000,55.75,64.47,76,76,1.00000,1.00000,1.00000,1.00000,0.00000,3,3,0,1,23.04340,0.02336,1.87475,-0.0148,0.0360,0.0874,0.0000,0.0000,0.0000,-6.25,2.91,125.21,1,1,0.0000,0.0000,0.3500,-90.00,0.7600,0.4200,1.0000,8.00,180.00,10.000000,0.250000,0.000000,1.200000,0.000000,0.000000,1.200000,0.000000,0.000000,0.900000,0.000000,0.000000,0.850000,0.040000,0.000000,0.008000,0.000000,0.000600,0.008000,0.000000,0.000600,0.006000,0.000000,0.000000,1,1,1,76,231,60,60,60,0,0,60.00,12600,4264,31,0,0,0,12571,496.77,496.77,0,1631,0.0000,0.5000,0.5000,0.0000,0.5000
2026-04-28T17:30:06.134,1.285,1,0.50,1.50,0.00,0.00,1,0.0148,-0.0361,0.2626,0.0000,0.0000,0.0000,-83.68,-4.09,1,4.200,4.200,0.900,35,88,0,0.000,0.7600,0.0000,81.74,59.10,77,77,1.00000,1.00000,1.00000,1.00000,0.00000,3,3,0,1,22.98369,0.02325,1.87380,-0.0148,0.0361,0.0874,0.0000,0.0000,0.0000,-6.32,2.90,125.22,1,1,0.0000,0.0000,0.3500,-90.00,0.7600,0.4200,1.0000,8.00,180.00,10.000000,0.250000,0.000000,1.200000,0.000000,0.000000,1.200000,0.000000,0.000000,0.900000,0.000000,0.000000,0.850000,0.040000,0.000000,0.008000,0.000000,0.000600,0.008000,0.000000,0.000600,0.006000,0.000000,0.000000,1,1,1,77,230,60,60,60,0,0,60.00,12600,4264,31,0,0,0,12571,496.77,496.77,0,1631,0.0000,0.5000,0.5000,0.0000,0.5000
2026-04-28T17:30:06.152,1.303,1,0.50,1.50,0.00,0.00,1,0.0148,-0.0359,0.2626,0.0000,0.0000,0.0000,-83.67,-0.57,1,4.200,4.200,0.900,35,88,0,0.000,0.7600,0.0000,52.26,59.96,78,78,1.00000,1.00000,1.00000,1.00000,0.00000,3,3,0,1,23.07202,0.02326,1.86819,-0.0148,0.0359,0.0874,0.0000,0.0000,0.0000,-6.33,2.88,125.23,1,1,0.0000,0.0000,0.3500,-90.00,0.7600,0.4200,1.0000,8.00,180.00,10.000000,0.250000,0.000000,1.200000,0.000000,0.000000,1.200000,0.000000,0.000000,0.900000,0.000000,0.000000,0.850000,0.040000,0.000000,0.008000,0.000000,0.000600,0.008000,0.000000,0.000600,0.006000,0.000000,0.000000,1,1,1,78,231,60,60,60,0,0,60.00,12600,4264,31,0,0,0,12571,496.77,496.77,0,1631,0.0000,0.5000,0.5000,0.0000,0.5000
2026-04-28T17:30:06.168,1.318,1,0.50,1.50,0.00,0.00,1,0.0149,-0.0359,0.2627,0.0000,0.0000,0.0000,-83.68,0.65,1,4.200,4.200,0.900,35,88,0,0.000,0.7600,0.0000,60.41,60.24,79,79,1.00000,1.00000,1.00000,1.00000,0.00000,3,3,0,1,23.04107,0.02330,1.86935,-0.0149,0.0359,0.0873,0.0000,0.0000,0.0000,-6.32,2.86,125.20,1,1,0.0000,0.0000,0.3500,-90.00,0.7600,0.4200,1.0000,8.00,180.00,10.000000,0.250000,0.000000,1.200000,0.000000,0.000000,1.200000,0.000000,0.000000,0.900000,0.000000,0.000000,0.850000,0.040000,0.000000,0.008000,0.000000,0.000600,0.008000,0.000000,0.000600,0.006000,0.000000,0.000000,1,1,1,79,230,60,60,60,0,0,60.00,12600,4264,31,0,0,0,12571,496.77,496.77,0,1631,0.0000,0.5000,0.5000,0.0000,0.5000
2026-04-28T17:30:06.183,1.334,1,0.50,1.50,0.00,0.00,1,0.0148,-0.0360,0.2625,0.0000,0.0000,0.0000,-83.63,-2.96,1,4.200,4.200,0.900,35,88,0,0.000,0.7600,0.0000,60.62,60.64,80,80,1.00000,1.00000,1.00000,1.00000,0.00000,3,3,0,1,22.99273,0.02335,1.87443,-0.0148,0.0360,0.0875,0.0000,0.0000,0.0000,-6.37,2.91,125.22,1,1,0.0000,0.0000,0.3500,-90.00,0.7600,0.4200,1.0000,8.00,180.00,10.000000,0.250000,0.000000,1.200000,0.000000,0.000000,1.200000,0.000000,0.000000,0.900000,0.000000,0.000000,0.850000,0.040000,0.000000,0.008000,0.000000,0.000600,0.008000,0.000000,0.000600,0.006000,0.000000,0.000000,1,1,1,80,231,60,60,60,0,0,60.00,12600,4264,31,0,0,0,12571,496.77,496.77,0,1631,0.0000,0.5000,0.5000,0.0000,0.5000
2026-04-28T17:30:06.202,1.353,1,0.50,1.50,0.00,0.00,1,0.0146,-0.0361,0.2625,0.0000,0.0000,0.0000,-83.72,5.18,1,4.200,4.200,0.900,35,88,0,0.000,0.7600,0.0000,67.27,59.06,81,81,1.00000,1.00000,1.00000,1.00000,0.00000,3,3,0,1,23.01301,0.02359,1.87295,-0.0146,0.0361,0.0875,0.0000,0.0000,0.0000,-6.28,3.11,125.22,1,1,0.0000,0.0000,0.3500,-90.00,0.7600,0.4200,1.0000,8.00,180.00,10.000000,0.250000,0.000000,1.200000,0.000000,0.000000,1.200000,0.000000,0.000000,0.900000,0.000000,0.000000,0.850000,0.040000,0.000000,0.008000,0.000000,0.000600,0.008000,0.000000,0.000600,0.006000,0.000000,0.000000,1,1,1,81,231,60,60,60,0,0,60.00,12600,4264,31,0,0,0,12571,496.77,496.77,0,1631,0.0000,0.5000,0.5000,0.0000,0.5000
2026-04-28T17:30:06.219,1.369,1,0.50,1.50,0.00,0.00,1,0.0148,-0.0363,0.2624,0.0000,0.0000,0.0000,-83.80,4.75,1,4.200,4.200,0.900,35,88,0,0.000,0.7600,0.0000,54.45,57.02,82,82,1.00000,1.00000,1.00000,1.00000,0.00000,3,3,0,1,23.01717,0.02390,1.87499,-0.0148,0.0363,0.0876,0.0000,0.0000,0.0000,-6.20,3.29,125.27,1,1,0.0000,0.0000,0.3500,-90.00,0.7600,0.4200,1.0000,8.00,180.00,10.000000,0.250000,0.000000,1.200000,0.000000,0.000000,1.200000,0.000000,0.000000,0.900000,0.000000,0.000000,0.850000,0.040000,0.000000,0.008000,0.000000,0.000600,0.008000,0.000000,0.000600,0.006000,0.000000,0.000000,1,1,1,82,230,60,60,60,0,0,60.00,12600,4264,31,0,0,0,12571,496.77,496.77,0,1631,0.0000,0.5000,0.5000,0.0000,0.5000
2026-04-28T17:30:06.233,1.384,1,0.50,1.50,0.00,0.00,1,0.0150,-0.0368,0.2623,0.0000,0.0187,0.0000,-83.92,7.76,1,4.200,4.200,0.900,35,88,0,0.000,0.7600,0.0000,56.06,64.41,83,83,1.00000,1.00000,1.00000,1.00000,0.00000,3,3,0,1,22.93950,0.02424,1.88387,-0.0150,0.0368,0.0877,0.0000,0.0187,0.0000,-6.08,3.47,125.30,1,1,0.0000,0.0000,0.3500,-90.00,0.7600,0.4200,1.0000,8.00,180.00,10.000000,0.250000,0.000000,1.200000,0.000000,0.000000,1.200000,0.000000,0.000000,0.900000,0.000000,0.000000,0.850000,0.040000,0.000000,0.008000,0.000000,0.000600,0.008000,0.000000,0.000600,0.006000,0.000000,0.000000,1,1,1,83,234,60,60,60,0,0,60.00,12600,4264,31,0,0,0,12571,496.77,496.77,0,1631,0.0000,0.5000,0.5000,0.0000,0.5000
2026-04-28T17:30:06.253,1.403,1,0.50,1.50,0.00,0.00,1,0.0151,-0.0372,0.2624,0.0000,0.0203,0.0000,-83.94,1.09,1,4.200,4.200,0.900,35,88,0,0.000,0.7600,0.0000,74.27,59.56,84,84,1.00000,1.00000,1.00000,1.00000,0.00000,3,3,0,1,22.91307,0.02448,1.88473,-0.0151,0.0372,0.0876,0.0000,0.0203,0.0000,-6.06,3.62,125.37,1,1,0.0000,0.0000,0.3500,-90.00,0.7600,0.4200,1.0000,8.00,180.00,10.000000,0.250000,0.000000,1.200000,0.000000,0.000000,1.200000,0.000000,0.000000,0.900000,0.000000,0.000000,0.850000,0.040000,0.000000,0.008000,0.000000,0.000600,0.008000,0.000000,0.000600,0.006000,0.000000,0.000000,1,1,1,84,234,60,60,60,0,0,60.00,12600,4264,31,0,0,0,12571,496.77,496.77,0,1631,0.0000,0.5000,0.5000,0.0000,0.5000
2026-04-28T17:30:06.271,1.422,1,0.60,1.60,0.95,1.01,1,0.0153,-0.0373,0.2623,0.0000,0.0120,0.0000,-84.04,5.06,1,4.200,4.200,0.900,35,88,0,0.000,0.7600,0.0000,48.44,55.80,85,85,1.00000,1.00000,1.00000,1.00000,0.00000,3,3,0,1,22.95352,0.02481,1.88741,-0.0153,0.0373,0.0877,0.0000,0.0120,0.0000,-5.96,3.75,125.41,1,1,0.0000,0.0000,0.3500,-90.00,0.7600,0.4200,1.0000,8.00,180.00,10.000000,0.250000,0.000000,1.200000,0.000000,0.000000,1.200000,0.000000,0.000000,0.900000,0.000000,0.000000,0.850000,0.040000,0.000000,0.008000,0.000000,0.000600,0.008000,0.000000,0.000600,0.006000,0.000000,0.000000,1,1,1,85,235,60,60,60,0,0,60.00,12600,4264,31,0,0,0,12571,496.77,496.77,0,1631,0.0000,0.5000,0.5000,0.0000,0.5000
2026-04-28T17:30:06.283,1.434,1,0.60,1.60,0.95,1.01,1,0.0154,-0.0372,0.2621,0.0000,0.0000,0.0108,-84.16,10.30,1,4.200,4.200,0.900,35,88,0,0.000,0.7600,0.0000,54.08,65.56,86,86,1.00000,1.00000,1.00000,1.00000,0.00000,3,3,0,1,22.97165,0.02483,1.88472,-0.0154,0.0372,0.0879,0.0000,0.0000,0.0108,-5.84,3.97,125.46,1,1,0.0000,0.0000,0.3500,-90.00,0.7600,0.4200,1.0000,8.00,180.00,10.000000,0.250000,0.000000,1.200000,0.000000,0.000000,1.200000,0.000000,0.000000,0.900000,0.000000,0.000000,0.850000,0.040000,0.000000,0.008000,0.000000,0.000600,0.008000,0.000000,0.000600,0.006000,0.000000,0.000000,1,1,1,86,235,60,60,60,0,0,60.00,12600,4264,31,0,0,0,12571,496.77,496.77,0,1631,0.0000,0.5000,0.5000,0.0000,0.5000
2026-04-28T17:30:06.301,1.452,1,0.60,1.60,0.95,1.01,1,0.0156,-0.0372,0.2619,0.0000,0.0000,0.0000,-84.28,6.88,1,4.200,4.200,0.900,35,88,0,0.000,0.7600,0.0000,83.74,57.93,87,87,1.00000,1.00000,1.00000,1.00000,0.00000,3,3,0,1,22.94276,0.02479,1.88651,-0.0156,0.0372,0.0881,0.0000,0.0000,0.0000,-5.72,4.10,125.53,1,1,0.0000,0.0000,0.3500,-90.00,0.7600,0.4200,1.0000,8.00,180.00,10.000000,0.250000,0.000000,1.200000,0.000000,0.000000,1.200000,0.000000,0.000000,0.900000,0.000000,0.000000,0.850000,0.040000,0.000000,0.008000,0.000000,0.000600,0.008000,0.000000,0.000600,0.006000,0.000000,0.000000,1,1,1,87,230,60,60,60,0,0,60.00,12600,4264,31,0,0,0,12571,496.77,496.77,0,1631,0.0000,0.5000,0.5000,0.0000,0.5000
2026-04-28T17:30:06.317,1.468,1,0.60,1.60,0.95,1.01,1,0.0156,-0.0371,0.2618,0.0000,0.0000,0.0000,-84.33,3.21,1,4.200,4.200,0.900,35,88,0,0.000,0.7600,0.0000,53.55,62.51,88,88,1.00000,1.00000,1.00000,1.00000,0.00000,3,3,0,1,23.02003,0.02477,1.88439,-0.0156,0.0371,0.0882,0.0000,0.0000,0.0000,-5.67,4.29,125.51,1,1,0.0000,0.0000,0.3500,-90.00,0.7600,0.4200,1.0000,8.00,180.00,10.000000,0.250000,0.000000,1.200000,0.000000,0.000000,1.200000,0.000000,0.000000,0.900000,0.000000,0.000000,0.850000,0.040000,0.000000,0.008000,0.000000,0.000600,0.008000,0.000000,0.000600,0.006000,0.000000,0.000000,1,1,1,88,231,60,60,60,0,0,60.00,12600,4264,31,0,0,0,12571,496.77,496.77,0,1631,0.0000,0.5000,0.5000,0.0000,0.5000
2026-04-28T17:30:06.334,1.485,1,0.60,1.60,0.95,1.01,1,0.0156,-0.0369,0.2617,0.0000,0.0000,0.0000,-84.33,0.00,1,4.200,4.200,0.900,35,88,0,0.000,0.7600,0.0000,69.71,60.05,89,89,1.00000,1.00000,1.00000,1.00000,0.00000,3,3,0,1,23.06269,0.02482,1.88090,-0.0156,0.0369,0.0883,0.0000,0.0000,0.0000,-5.67,4.52,125.51,1,1,0.0000,0.0000,0.3500,-90.00,0.7600,0.4200,1.0000,8.00,180.00,10.000000,0.250000,0.000000,1.200000,0.000000,0.000000,1.200000,0.000000,0.000000,0.900000,0.000000,0.000000,0.850000,0.040000,0.000000,0.008000,0.000000,0.000600,0.008000,0.000000,0.000600,0.006000,0.000000,0.000000,1,1,1,89,231,60,60,60,0,0,60.00,12600,4264,31,0,0,0,12571,496.77,496.77,0,1631,0.0000,0.5000,0.5000,0.0000,0.5000
2026-04-28T17:30:06.351,1.502,1,0.60,1.60,0.95,1.01,1,0.0154,-0.0379,0.2614,0.0000,0.0311,0.0128,-84.14,-10.74,1,4.200,4.200,0.900,35,88,0,0.000,0.7600,0.0000,53.72,59.05,90,90,1.00000,1.00000,1.00000,1.00000,0.00000,3,3,0,1,23.03260,0.02585,1.90459,-0.0154,0.0379,0.0886,0.0000,0.0311,0.0128,-5.86,5.04,125.58,1,1,0.0000,0.0000,0.3500,-90.00,0.7600,0.4200,1.0000,8.00,180.00,10.000000,0.250000,0.000000,1.200000,0.000000,0.000000,1.200000,0.000000,0.000000,0.900000,0.000000,0.000000,0.850000,0.040000,0.000000,0.008000,0.000000,0.000600,0.008000,0.000000,0.000600,0.006000,0.000000,0.000000,1,1,1,90,239,60,60,60,0,0,60.00,12600,4264,31,0,0,0,12571,496.77,496.77,0,1631,0.0000,0.5000,0.5000,0.0000,0.5000
2026-04-28T17:30:06.367,1.518,1,0.60,1.60,0.95,1.01,1,0.0152,-0.0377,0.2606,0.0000,0.0000,0.0321,-84.15,0.63,1,4.200,4.200,0.900,35,88,0,0.000,0.7600,0.0000,61.10,60.80,91,91,1.00000,1.00000,1.00000,1.00000,0.00000,3,3,0,1,22.98789,0.02614,1.88993,-0.0152,0.0377,0.0894,0.0000,0.0000,0.0321,-5.85,5.92,125.72,1,1,0.0000,0.0000,0.3500,-90.00,0.7600,0.4200,1.0000,8.00,180.00,10.000000,0.250000,0.000000,1.200000,0.000000,0.000000,1.200000,0.000000,0.000000,0.900000,0.000000,0.000000,0.850000,0.040000,0.000000,0.008000,0.000000,0.000600,0.008000,0.000000,0.000600,0.006000,0.000000,0.000000,1,1,1,91,235,60,60,60,0,0,60.00,12600,4264,31,0,0,0,12571,496.77,496.77,0,1631,0.0000,0.5000,0.5000,0.0000,0.5000
2026-04-28T17:30:06.385,1.536,1,0.90,1.50,2.98,-1.01,1,0.0141,-0.0386,0.2598,0.0367,0.0342,0.0351,-83.81,-19.90,1,4.200,4.200,2.700,36,85,0,0.000,0.7600,0.0000,66.53,60.49,92,92,1.00000,1.00000,1.00000,1.00000,0.00000,3,3,0,1,22.92859,0.02753,1.89505,-0.0141,0.0386,0.0902,0.0367,0.0342,0.0351,-6.19,7.44,125.96,1,1,0.0000,0.0000,0.3500,-90.00,0.7600,0.4200,1.0000,8.00,180.00,10.000000,0.250000,0.000000,1.200000,0.000000,0.000000,1.200000,0.000000,0.000000,0.900000,0.000000,0.000000,0.850000,0.040000,0.000000,0.008000,0.000000,0.000600,0.008000,0.000000,0.000600,0.006000,0.000000,0.000000,1,1,1,92,242,60,60,60,0,0,60.00,12600,4264,31,0,0,0,12571,496.77,496.77,0,1631,0.0000,0.5000,0.5000,0.0000,0.5000
2026-04-28T17:30:06.401,1.552,1,0.90,1.50,2.98,-1.01,1,0.0129,-0.0388,0.2585,0.0501,0.0170,0.0553,-83.58,-13.97,1,4.200,4.200,2.700,36,85,0,0.000,0.7600,0.0000,53.09,59.81,93,93,1.00000,1.00000,1.00000,1.00000,0.00000,3,3,0,1,23.01091,0.02977,1.89148,-0.0129,0.0388,0.0915,0.0501,0.0170,0.0553,-6.42,9.49,126.34,1,1,0.0000,0.0000,0.3500,-90.00,0.7600,0.4200,1.0000,8.00,180.00,10.000000,0.250000,0.000000,1.200000,0.000000,0.000000,1.200000,0.000000,0.000000,0.900000,0.000000,0.000000,0.850000,0.040000,0.000000,0.008000,0.000000,0.000600,0.008000,0.000000,0.000600,0.006000,0.000000,0.000000,1,1,1,93,242,60,60,60,0,0,60.00,12600,4264,31,0,0,0,12571,496.77,496.77,0,1631,0.0000,0.5000,0.5000,0.0000,0.5000
2026-04-28T17:30:06.417,1.568,1,0.90,1.50,2.98,-1.01,1,0.0111,-0.0387,0.2557,0.0761,0.0000,0.1129,-83.25,-19.69,1,4.200,4.200,2.700,36,85,0,0.000,0.7600,0.0000,63.45,59.65,94,94,1.00000,1.00000,1.00000,1.00000,0.00000,3,3,0,1,23.15582,0.03282,1.88668,-0.0111,0.0387,0.0943,0.0761,0.0000,0.1129,-6.75,12.25,126.86,1,1,0.0000,0.0000,0.3500,-90.00,0.7600,0.4200,1.0000,8.00,180.00,10.000000,0.250000,0.000000,1.200000,0.000000,0.000000,1.200000,0.000000,0.000000,0.900000,0.000000,0.000000,0.850000,0.040000,0.000000,0.008000,0.000000,0.000600,0.008000,0.000000,0.000600,0.006000,0.000000,0.000000,1,1,1,94,240,60,60,60,0,0,60.00,12600,4264,31,0,0,0,12571,496.77,496.77,0,1631,0.0000,0.5000,0.5000,0.0000,0.5000
2026-04-28T17:30:06.437,1.588,1,0.90,1.50,2.98,-1.01,1,0.0085,-0.0382,0.2524,0.1028,0.0000,0.1330,-82.63,-30.12,1,4.200,4.200,2.700,36,85,0,0.000,0.7600,0.0000,64.67,56.15,95,95,1.00000,1.00000,1.00000,1.00000,0.00000,3,3,0,1,23.35630,0.03580,1.87659,-0.0085,0.0382,0.0976,0.1028,0.0000,0.1330,-7.37,15.70,127.59,1,1,0.0000,0.0000,0.3500,-90.00,0.7600,0.4200,1.0000,8.00,180.00,10.000000,0.250000,0.000000,1.200000,0.000000,0.000000,1.200000,0.000000,0.000000,0.900000,0.000000,0.000000,0.850000,0.040000,0.000000,0.008000,0.000000,0.000600,0.008000,0.000000,0.000600,0.006000,0.000000,0.000000,1,1,1,95,239,60,60,60,0,0,60.00,12600,4264,31,0,0,0,12571,496.77,496.77,0,1631,0.0000,0.5000,0.5000,0.0000,0.5000
2026-04-28T17:30:06.451,1.602,1,0.90,1.50,2.98,-1.01,1,0.0052,-0.0371,0.2500,0.1738,-0.0465,0.1538,-82.19,-31.09,1,4.200,4.200,2.700,36,85,0,0.000,0.7600,0.0000,45.49,64.79,96,96,1.00000,1.00000,1.00000,1.00000,0.00000,3,3,0,1,23.54959,0.04010,1.84305,-0.0052,0.0371,0.1000,0.1738,-0.0465,0.1538,-7.81,19.79,128.61,1,1,0.0000,0.0000,0.3500,-90.00,0.7600,0.4200,1.0000,8.00,180.00,10.000000,0.250000,0.000000,1.200000,0.000000,0.000000,1.200000,0.000000,0.000000,0.900000,0.000000,0.000000,0.850000,0.040000,0.000000,0.008000,0.000000,0.000600,0.008000,0.000000,0.000600,0.006000,0.000000,0.000000,1,1,1,96,243,60,60,60,0,0,60.00,12600,4264,31,0,0,0,12571,496.77,496.77,0,1631,0.0000,0.5000,0.5000,0.0000,0.5000
2026-04-28T17:30:06.471,1.622,1,7.30,-8.30,62.74,-96.00,1,0.0016,-0.0353,0.2480,0.1714,-0.0644,0.1230,-81.71,-26.39,1,4.200,4.200,2.700,36,85,0,0.000,0.7600,0.0000,81.60,55.49,97,97,1.00000,1.00000,1.00000,1.00000,0.00000,3,3,0,1,23.89839,0.04341,1.81268,-0.0016,0.0353,0.1020,0.1714,-0.0644,0.1230,-8.29,23.88,129.67,1,1,0.0000,0.0000,0.3500,-90.00,0.7600,0.4200,1.0000,8.00,180.00,10.000000,0.250000,0.000000,1.200000,0.000000,0.000000,1.200000,0.000000,0.000000,0.900000,0.000000,0.000000,0.850000,0.040000,0.000000,0.008000,0.000000,0.000600,0.008000,0.000000,0.000600,0.006000,0.000000,0.000000,1,1,1,97,245,60,60,60,0,0,60.00,12600,4264,31,0,0,0,12571,496.77,496.77,0,1631,0.0000,0.5000,0.5000,0.0000,0.5000
2026-04-28T17:30:06.484,1.635,1,7.30,-8.30,62.74,-96.00,1,-0.0010,-0.0336,0.2468,0.1732,-0.0846,0.1103,-81.59,-8.81,1,4.200,4.200,2.700,36,85,0,0.000,0.7600,0.0000,48.33,62.69,98,98,1.00000,1.00000,1.00000,1.00000,0.00000,3,3,0,1,24.15542,0.04617,1.79534,0.0010,0.0336,0.1032,0.1732,-0.0846,0.1103,-8.41,27.37,130.70,1,1,0.0000,0.0000,0.3500,-90.00,0.7600,0.4200,1.0000,8.00,180.00,10.000000,0.250000,0.000000,1.200000,0.000000,0.000000,1.200000,0.000000,0.000000,0.900000,0.000000,0.000000,0.850000,0.040000,0.000000,0.008000,0.000000,0.000600,0.008000,0.000000,0.000600,0.006000,0.000000,0.000000,1,1,1,98,238,60,60,60,0,0,60.00,12600,4264,31,0,0,0,12571,496.77,496.77,0,1631,0.0000,0.5000,0.5000,0.0000,0.5000
2026-04-28T17:30:06.501,1.651,1,7.30,-8.30,62.74,-96.00,1,-0.0432,-0.0153,0.2550,1.1419,-0.6125,-0.2012,-156.77,4520.25,1,4.200,4.200,2.700,36,85,0,0.000,0.7600,0.0000,74.72,61.28,99,99,1.00000,1.00000,1.00000,1.00000,0.00000,3,3,0,1,24.28453,0.03188,1.91748,0.0432,0.0153,0.0950,1.1419,-0.6125,-0.2012,66.77,15.94,-176.98,1,1,0.0000,0.0000,0.3500,-90.00,0.7600,0.4200,1.0000,8.00,180.00,10.000000,0.250000,0.000000,1.200000,0.000000,0.000000,1.200000,0.000000,0.000000,0.900000,0.000000,0.000000,0.850000,0.040000,0.000000,0.008000,0.000000,0.000600,0.008000,0.000000,0.000600,0.006000,0.000000,0.000000,1,1,1,99,246,60,60,60,0,0,60.00,12600,4264,31,0,0,0,12571,496.77,496.77,0,1631,0.0000,0.5000,0.5000,0.0000,0.5000
2026-04-28T17:30:06.517,1.667,1,7.30,-8.30,62.74,-96.00,1,-0.0571,-0.0093,0.2583,0.7295,-0.3891,-0.1445,165.65,2190.68,1,4.200,4.200,2.700,36,85,0,0.000,0.7600,0.0000,66.48,60.74,100,100,1.00000,1.00000,1.00000,1.00000,0.00000,3,3,0,1,24.37591,0.03028,1.91511,0.0571,0.0093,0.0917,0.7295,-0.3891,-0.1445,104.35,9.32,-150.63,1,1,0.0000,0.0000,0.3500,-90.00,0.7600,0.4200,1.0000,8.00,180.00,10.000000,0.250000,0.000000,1.200000,0.000000,0.000000,1.200000,0.000000,0.000000,0.900000,0.000000,0.000000,0.850000,0.040000,0.000000,0.008000,0.000000,0.000600,0.008000,0.000000,0.000600,0.006000,0.000000,0.000000,1,1,1,100,245,60,60,60,0,0,60.00,12600,4264,31,0,0,0,12571,496.77,496.77,0,1631,0.0000,0.5000,0.5000,0.0000,0.5000
2026-04-28T17:30:06.532,1.683,1,7.30,-8.30,62.74,-96.00,1,-0.0608,-0.0069,0.2593,0.4687,-0.2741,-0.0931,146.71,1220.80,1,4.200,4.200,2.700,36,85,0,0.000,0.7600,0.0000,58.89,62.83,101,101,1.00000,1.00000,1.00000,1.00000,0.00000,3,3,0,1,24.34092,0.02942,1.91546,0.0608,0.0069,0.0907,0.4687,-0.2741,-0.0931,123.29,5.31,-137.35,1,1,0.0000,0.0000,0.3500,-90.00,0.7600,0.4200,1.0000,8.00,180.00,10.000000,0.250000,0.000000,1.200000,0.000000,0.000000,1.200000,0.000000,0.000000,0.900000,0.000000,0.000000,0.850000,0.040000,0.000000,0.008000,0.000000,0.000600,0.008000,0.000000,0.000600,0.006000,0.000000,0.000000,1,1,1,101,246,60,60,60,0,0,60.00,12600,4264,31,0,0,0,12571,496.77,496.77,0,1631,0.0000,0.5000,0.5000,0.0000,0.5000
2026-04-28T17:30:06.550,1.701,1,7.30,-8.30,62.74,-96.00,1,-0.0617,-0.0068,0.2603,0.3120,-0.1655,-0.0892,136.80,572.30,1,4.200,4.200,2.700,36,85,0,0.000,0.7600,0.0000,68.91,56.52,102,102,1.00000,1.00000,1.00000,1.00000,0.00000,3,3,0,1,24.32959,0.02798,1.91209,0.0617,0.0068,0.0897,0.3120,-0.1655,-0.0892,133.20,2.72,-130.75,1,1,0.0000,0.0000,0.3500,-90.00,0.7600,0.4200,1.0000,8.00,180.00,10.000000,0.250000,0.000000,1.200000,0.000000,0.000000,1.200000,0.000000,0.000000,0.900000,0.000000,0.000000,0.850000,0.040000,0.000000,0.008000,0.000000,0.000600,0.008000,0.000000,0.000600,0.006000,0.000000,0.000000,1,1,1,102,244,60,60,60,0,0,60.00,12600,4264,31,0,0,0,12571,496.77,496.77,0,1631,0.0000,0.5000,0.5000,0.0000,0.5000
2026-04-28T17:30:06.564,1.715,1,7.30,-8.30,62.74,-96.00,1,-0.0621,-0.0073,0.2605,0.2067,-0.0901,-0.0504,131.22,373.33,1,4.200,4.200,2.700,36,85,0,0.000,0.7600,0.0000,53.12,59.47,103,103,1.00000,1.00000,1.00000,1.00000,0.00000,3,3,0,1,24.23008,0.02810,1.90692,0.0621,0.0073,0.0895,0.2067,-0.0901,-0.0504,138.78,1.39,-127.47,1,1,0.0000,0.0000,0.3500,-90.00,0.7600,0.4200,1.0000,8.00,180.00,10.000000,0.250000,0.000000,1.200000,0.000000,0.000000,1.200000,0.000000,0.000000,0.900000,0.000000,0.000000,0.850000,0.040000,0.000000,0.008000,0.000000,0.000600,0.008000,0.000000,0.000600,0.006000,0.000000,0.000000,1,1,1,103,244,60,60,60,0,0,60.00,12600,4264,31,0,0,0,12571,496.77,496.77,0,1631,0.0000,0.5000,0.5000,0.0000,0.5000
2026-04-28T17:30:06.583,1.734,1,7.30,-8.30,62.74,-96.00,1,-0.0620,-0.0084,0.2596,0.1278,-0.0296,0.0000,127.70,195.53,1,4.200,4.200,2.700,36,85,0,0.000,0.7600,0.0000,74.42,61.82,104,104,1.00000,1.00000,1.00000,1.00000,0.00000,3,3,0,1,23.93645,0.02810,1.88999,0.0620,0.0084,0.0904,0.1278,-0.0296,0.0000,142.30,1.21,-126.13,1,1,0.0000,0.0000,0.3500,-90.00,0.7600,0.4200,1.0000,8.00,180.00,10.000000,0.250000,0.000000,1.200000,0.000000,0.000000,1.200000,0.000000,0.000000,0.900000,0.000000,0.000000,0.850000,0.040000,0.000000,0.008000,0.000000,0.000600,0.008000,0.000000,0.000600,0.006000,0.000000,0.000000,1,1,1,104,238,60,60,60,0,0,60.00,12600,4264,31,0,0,0,12571,496.77,496.77,0,1631,0.0000,0.5000,0.5000,0.0000,0.5000
2026-04-28T17:30:06.601,1.751,1,7.30,-8.30,62.74,-96.00,1,-0.0627,-0.0088,0.2591,0.1067,-0.0204,0.0000,125.75,113.00,1,4.200,4.200,2.700,36,85,0,0.000,0.7600,0.0000,49.98,59.05,105,105,1.00000,1.00000,1.00000,1.00000,0.00000,3,3,0,1,23.78231,0.02840,1.89697,0.0627,0.0088,0.0909,0.1067,-0.0204,0.0000,144.25,1.73,-125.57,1,1,0.0000,0.0000,0.3500,-90.00,0.7600,0.4200,1.0000,8.00,180.00,10.000000,0.250000,0.000000,1.200000,0.000000,0.000000,1.200000,0.000000,0.000000,0.900000,0.000000,0.000000,0.850000,0.040000,0.000000,0.008000,0.000000,0.000600,0.008000,0.000000,0.000600,0.006000,0.000000,0.000000,1,1,1,105,240,60,60,60,0,0,60.00,12600,4264,31,0,0,0,12571,496.77,496.77,0,1631,0.0000,0.5000,0.5000,0.0000,0.5000
2026-04-28T17:30:06.618,1.769,1,7.30,-8.30,62.74,-96.00,1,-0.0641,-0.0078,0.2588,0.1026,-0.0457,0.0000,125.15,32.35,1,4.200,4.200,2.700,36,85,0,0.000,0.7600,0.0000,61.11,57.75,106,106,1.00000,1.00000,1.00000,1.00000,0.00000,3,3,0,1,23.82342,0.02957,1.90505,0.0641,0.0078,0.0912,0.1026,-0.0457,0.0000,144.85,2.21,-125.29,1,1,0.0000,0.0000,0.3500,-90.00,0.7600,0.4200,1.0000,8.00,180.00,10.000000,0.250000,0.000000,1.200000,0.000000,0.000000,1.200000,0.000000,0.000000,0.900000,0.000000,0.000000,0.850000,0.040000,0.000000,0.008000,0.000000,0.000600,0.008000,0.000000,0.000600,0.006000,0.000000,0.000000,1,1,1,106,241,60,60,60,0,0,60.00,12600,4264,31,0,0,0,12571,496.77,496.77,0,1631,0.0000,0.5000,0.5000,0.0000,0.5000
2026-04-28T17:30:06.633,1.784,1,1.00,-10.40,-61.79,-20.62,1,-0.0642,-0.0081,0.2578,0.0594,0.0000,0.0330,124.26,64.06,1,4.100,4.100,4.400,36,79,0,0.000,0.7600,0.0000,54.24,63.47,107,107,1.00000,1.00000,1.00000,1.00000,0.00000,3,3,0,1,23.67694,0.03055,1.89818,0.0642,0.0081,0.0922,0.0594,0.0000,0.0330,145.74,3.55,-125.60,1,1,0.0000,0.0000,0.3500,-90.00,0.7600,0.4200,1.0000,8.00,180.00,10.000000,0.250000,0.000000,1.200000,0.000000,0.000000,1.200000,0.000000,0.000000,0.900000,0.000000,0.000000,0.850000,0.040000,0.000000,0.008000,0.000000,0.000600,0.008000,0.000000,0.000600,0.006000,0.000000,0.000000,1,1,1,107,239,60,60,60,0,0,60.00,12600,4264,31,0,0,0,12571,496.77,496.77,0,1631,0.0000,0.5000,0.5000,0.0000,0.5000
2026-04-28T17:30:06.650,1.801,1,1.00,-10.40,-61.79,-20.62,1,-0.0638,-0.0083,0.2568,0.0235,0.0000,0.0414,123.67,33.13,1,4.100,4.100,4.400,36,79,0,0.000,0.7600,0.0000,66.27,61.05,108,108,1.00000,1.00000,1.00000,1.00000,0.00000,3,3,0,1,23.50289,0.03275,1.90300,0.0638,0.0083,0.0932,0.0235,0.0000,0.0414,146.33,5.57,-125.88,1,1,0.0000,0.0000,0.3500,-90.00,0.7600,0.4200,1.0000,8.00,180.00,10.000000,0.250000,0.000000,1.200000,0.000000,0.000000,1.200000,0.000000,0.000000,0.900000,0.000000,0.000000,0.850000,0.040000,0.000000,0.008000,0.000000,0.000600,0.008000,0.000000,0.000600,0.006000,0.000000,0.000000,1,1,1,108,240,60,60,60,0,0,60.00,12600,4264,31,0,0,0,12571,496.77,496.77,0,1631,0.0000,0.5000,0.5000,0.0000,0.5000
2026-04-28T17:30:06.667,1.818,1,1.00,-10.40,-61.79,-20.62,1,-0.0633,-0.0077,0.2569,0.0000,-0.0216,0.0142,123.47,11.43,1,4.100,4.100,4.400,36,79,0,0.000,0.7600,0.0000,58.95,55.95,109,109,1.00000,1.00000,1.00000,1.00000,0.00000,3,3,0,1,23.65420,0.03417,1.90231,0.0633,0.0077,0.0931,0.0000,-0.0216,0.0142,146.53,7.14,-125.97,1,1,0.0000,0.0000,0.3500,-90.00,0.7600,0.4200,1.0000,8.00,180.00,10.000000,0.250000,0.000000,1.200000,0.000000,0.000000,1.200000,0.000000,0.000000,0.900000,0.000000,0.000000,0.850000,0.040000,0.000000,0.008000,0.000000,0.000600,0.008000,0.000000,0.000600,0.006000,0.000000,0.000000,1,1,1,109,241,60,60,60,0,0,60.00,12600,4264,31,0,0,0,12571,496.77,496.77,0,1631,0.0000,0.5000,0.5000,0.0000,0.5000
2026-04-28T17:30:06.683,1.834,1,-2.19,0.50,-31.29,106.84,1,-0.0633,-0.0071,0.2574,0.0000,-0.0274,0.0000,123.46,0.63,1,4.100,4.100,4.400,36,79,0,0.000,0.7600,0.0000,58.30,63.43,110,110,1.00000,1.00000,1.00000,1.00000,0.00000,3,3,0,1,23.71077,0.03410,1.90694,0.0633,0.0071,0.0926,0.0000,-0.0274,0.0000,146.54,7.85,-125.93,1,1,0.0000,0.0000,0.3500,-90.00,0.7600,0.4200,1.0000,8.00,180.00,10.000000,0.250000,0.000000,1.200000,0.000000,0.000000,1.200000,0.000000,0.000000,0.900000,0.000000,0.000000,0.850000,0.040000,0.000000,0.008000,0.000000,0.000600,0.008000,0.000000,0.000600,0.006000,0.000000,0.000000,1,1,1,110,237,60,60,60,0,0,60.00,12600,4264,31,0,0,0,12571,496.77,496.77,0,1631,0.0000,0.5000,0.5000,0.0000,0.5000
2026-04-28T17:30:06.701,1.852,1,-2.19,0.50,-31.29,106.84,1,-0.0635,-0.0065,0.2575,0.0000,-0.0300,0.0000,123.62,-9.68,1,4.100,4.100,4.400,36,79,0,0.000,0.7600,0.0000,62.07,56.67,111,111,1.00000,1.00000,1.00000,1.00000,0.00000,3,3,0,1,23.74269,0.03417,1.91207,0.0635,0.0065,0.0925,0.0000,-0.0300,0.0000,146.38,8.08,-125.89,1,1,0.0000,0.0000,0.3500,-90.00,0.7600,0.4200,1.0000,8.00,180.00,10.000000,0.250000,0.000000,1.200000,0.000000,0.000000,1.200000,0.000000,0.000000,0.900000,0.000000,0.000000,0.850000,0.040000,0.000000,0.008000,0.000000,0.000600,0.008000,0.000000,0.000600,0.006000,0.000000,0.000000,1,1,1,111,236,60,60,60,0,0,60.00,12600,4264,31,0,0,0,12571,496.77,496.77,0,1631,0.0000,0.5000,0.5000,0.0000,0.5000
2026-04-28T17:30:06.713,1.864,1,-2.19,0.50,-31.29,106.84,1,-0.0636,-0.0067,0.2577,0.0000,0.0000,0.0000,123.74,-8.88,1,4.100,4.100,4.400,36,79,0,0.000,0.7600,0.0000,57.24,63.21,112,112,1.00000,1.00000,1.00000,1.00000,0.00000,3,3,0,1,23.67988,0.03404,1.90345,0.0636,0.0067,0.0923,0.0000,0.0000,0.0000,146.26,8.18,-125.84,1,1,0.0000,0.0000,0.3500,-90.00,0.7600,0.4200,1.0000,8.00,180.00,10.000000,0.250000,0.000000,1.200000,0.000000,0.000000,1.200000,0.000000,0.000000,0.900000,0.000000,0.000000,0.850000,0.040000,0.000000,0.008000,0.000000,0.000600,0.008000,0.000000,0.000600,0.006000,0.000000,0.000000,1,1,1,112,232,60,60,60,0,0,60.00,12600,4264,31,0,0,0,12571,496.77,496.77,0,1631,0.0000,0.5000,0.5000,0.0000,0.5000
2026-04-28T17:30:06.734,1.885,1,-2.19,0.50,-31.29,106.84,1,-0.0631,-0.0075,0.2571,0.0000,0.0159,0.0158,123.44,15.01,1,4.100,4.100,4.400,36,79,0,0.000,0.7600,0.0000,56.84,59.67,113,113,1.00000,1.00000,1.00000,1.00000,0.00000,3,3,0,1,23.60686,0.03377,1.89718,0.0631,0.0075,0.0929,0.0000,0.0159,0.0158,146.56,8.50,-126.01,1,1,0.0000,0.0000,0.3500,-90.00,0.7600,0.4200,1.0000,8.00,180.00,10.000000,0.250000,0.000000,1.200000,0.000000,0.000000,1.200000,0.000000,0.000000,0.900000,0.000000,0.000000,0.850000,0.040000,0.000000,0.008000,0.000000,0.000600,0.008000,0.000000,0.000600,0.006000,0.000000,0.000000,1,1,1,113,239,60,60,60,0,0,60.00,12600,4264,31,0,0,0,12571,496.77,496.77,0,1631,0.0000,0.5000,0.5000,0.0000,0.5000
2026-04-28T17:30:06.750,1.901,1,-2.19,0.50,-31.29,106.84,1,-0.0630,-0.0077,0.2570,0.0000,0.0000,0.0000,123.31,7.89,1,4.100,4.100,4.400,36,79,0,0.000,0.7600,0.0000,63.34,59.61,114,114,1.00000,1.00000,1.00000,1.00000,0.00000,3,3,0,1,23.65182,0.03404,1.90157,0.0630,0.0077,0.0930,0.0000,0.0000,0.0000,146.69,8.64,-126.09,1,1,0.0000,0.0000,0.3500,-90.00,0.7600,0.4200,1.0000,8.00,180.00,10.000000,0.250000,0.000000,1.200000,0.000000,0.000000,1.200000,0.000000,0.000000,0.900000,0.000000,0.000000,0.850000,0.040000,0.000000,0.008000,0.000000,0.000600,0.008000,0.000000,0.000600,0.006000,0.000000,0.000000,1,1,1,114,232,60,60,60,0,0,60.00,12600,4264,31,0,0,0,12571,496.77,496.77,0,1631,0.0000,0.5000,0.5000,0.0000,0.5000
2026-04-28T17:30:06.768,1.918,1,-2.19,0.50,-31.29,106.84,1,-0.0630,-0.0075,0.2570,0.0000,0.0000,0.0000,123.27,2.25,1,4.100,4.100,4.400,36,79,0,0.000,0.7600,0.0000,69.08,57.27,115,115,1.00000,1.00000,1.00000,1.00000,0.00000,3,3,0,1,23.68685,0.03395,1.89991,0.0630,0.0075,0.0930,0.0000,0.0000,0.0000,146.73,8.68,-126.09,1,1,0.0000,0.0000,0.3500,-90.00,0.7600,0.4200,1.0000,8.00,180.00,10.000000,0.250000,0.000000,1.200000,0.000000,0.000000,1.200000,0.000000,0.000000,0.900000,0.000000,0.000000,0.850000,0.040000,0.000000,0.008000,0.000000,0.000600,0.008000,0.000000,0.000600,0.006000,0.000000,0.000000,1,1,1,115,232,60,60,60,0,0,60.00,12600,4264,31,0,0,0,12571,496.77,496.77,0,1631,0.0000,0.5000,0.5000,0.0000,0.5000
2026-04-28T17:30:06.785,1.935,1,0.70,1.20,28.37,6.85,1,-0.0630,-0.0079,0.2570,0.0000,0.0144,0.0000,123.16,6.87,1,4.100,4.100,4.400,36,79,0,0.000,0.7600,0.0000,50.67,62.00,116,116,1.00000,1.00000,1.00000,1.00000,0.00000,3,3,0,1,23.62157,0.03400,1.90356,0.0630,0.0079,0.0930,0.0000,0.0144,0.0000,146.84,8.75,-126.11,1,1,0.0000,0.0000,0.3500,-90.00,0.7600,0.4200,1.0000,8.00,180.00,10.000000,0.250000,0.000000,1.200000,0.000000,0.000000,1.200000,0.000000,0.000000,0.900000,0.000000,0.000000,0.850000,0.040000,0.000000,0.008000,0.000000,0.000600,0.008000,0.000000,0.000600,0.006000,0.000000,0.000000,1,1,1,116,236,60,60,60,0,0,60.00,12600,4264,31,0,0,0,12571,496.77,496.77,0,1631,0.0000,0.5000,0.5000,0.0000,0.5000
2026-04-28T17:30:06.795,1.946,1,0.70,1.20,28.37,6.85,1,-0.0630,-0.0080,0.2570,0.0000,0.0000,0.0000,123.10,5.17,1,4.100,4.100,4.400,36,79,0,0.000,0.7600,0.0000,57.45,62.23,117,117,1.00000,1.00000,1.00000,1.00000,0.00000,3,3,0,1,23.62157,0.03400,1.90356,0.0630,0.0080,0.0930,0.0000,0.0000,0.0000,146.90,8.78,-126.12,1,1,0.0000,0.0000,0.3500,-90.00,0.7600,0.4200,1.0000,8.00,180.00,10.000000,0.250000,0.000000,1.200000,0.000000,0.000000,1.200000,0.000000,0.000000,0.900000,0.000000,0.000000,0.850000,0.040000,0.000000,0.008000,0.000000,0.000600,0.008000,0.000000,0.000600,0.006000,0.000000,0.000000,1,1,1,117,231,60,60,60,0,0,60.00,12600,4264,31,0,0,0,12571,496.77,496.77,0,1631,0.0000,0.5000,0.5000,0.0000,0.5000
2026-04-28T17:30:06.818,1.969,1,0.70,1.20,28.37,6.85,1,-0.0630,-0.0079,0.2572,0.0000,0.0000,0.0000,123.09,0.46,1,4.100,4.100,4.400,36,79,0,0.000,0.7600,0.0000,120.83,60.11,118,118,1.00000,1.00000,1.00000,1.00000,0.00000,3,3,0,1,23.58547,0.03392,1.89964,0.0630,0.0079,0.0928,0.0000,0.0000,0.0000,146.91,8.76,-126.11,1,1,0.0000,0.0000,0.3500,-90.00,0.7600,0.4200,1.0000,8.00,180.00,10.000000,0.250000,0.000000,1.200000,0.000000,0.000000,1.200000,0.000000,0.000000,0.900000,0.000000,0.000000,0.850000,0.040000,0.000000,0.008000,0.000000,0.000600,0.008000,0.000000,0.000600,0.006000,0.000000,0.000000,1,1,1,118,232,60,60,60,0,0,60.00,12600,4264,31,0,0,0,12571,496.77,496.77,0,1631,0.0000,0.5000,0.5000,0.0000,0.5000
2026-04-28T17:30:06.835,1.986,1,0.70,1.20,28.37,6.85,1,-0.0631,-0.0079,0.2571,0.0000,0.0000,0.0000,123.05,2.35,1,4.100,4.100,4.400,36,79,0,0.000,0.7600,0.0000,43.24,60.15,119,119,1.00000,1.00000,1.00000,1.00000,0.00000,3,3,0,1,23.62758,0.03395,1.90268,0.0631,0.0079,0.0929,0.0000,0.0000,0.0000,146.95,8.76,-126.14,1,1,0.0000,0.0000,0.3500,-90.00,0.7600,0.4200,1.0000,8.00,180.00,10.000000,0.250000,0.000000,1.200000,0.000000,0.000000,1.200000,0.000000,0.000000,0.900000,0.000000,0.000000,0.850000,0.040000,0.000000,0.008000,0.000000,0.000600,0.008000,0.000000,0.000600,0.006000,0.000000,0.000000,1,1,1,119,232,60,60,60,0,0,60.00,12600,4264,31,0,0,0,12571,496.77,496.77,0,1631,0.0000,0.5000,0.5000,0.0000,0.5000
2026-04-28T17:30:06.855,2.006,1,0.70,1.20,28.37,6.85,1,-0.0630,-0.0079,0.2569,0.0000,0.0000,0.0000,123.06,-0.50,1,4.100,4.100,4.400,36,79,0,0.000,0.7600,0.0000,55.85,49.89,120,120,1.00000,1.00000,1.00000,1.00000,0.00000,3,3,0,1,23.64420,0.03407,1.90431,0.0630,0.0079,0.0931,0.0000,0.0000,0.0000,146.94,8.79,-126.16,1,1,0.0000,0.0000,0.3500,-90.00,0.7600,0.4200,1.0000,8.00,180.00,10.000000,0.250000,0.000000,1.200000,0.000000,0.000000,1.200000,0.000000,0.000000,0.900000,0.000000,0.000000,0.850000,0.040000,0.000000,0.008000,0.000000,0.000600,0.008000,0.000000,0.000600,0.006000,0.000000,0.000000,1,1,1,120,232,60,60,60,0,0,60.00,12600,4264,31,0,0,0,12571,496.77,496.77,0,1631,0.0000,0.5000,0.5000,0.0000,0.5000
2026-04-28T17:30:06.867,2.018,1,0.70,1.20,28.37,6.85,1,-0.0630,-0.0077,0.2570,0.0000,0.0000,0.0000,123.11,-4.46,1,4.100,4.100,4.400,36,79,0,0.000,0.7600,0.0000,47.94,72.78,121,121,1.00000,1.00000,1.00000,1.00000,0.00000,3,3,0,1,23.66988,0.03390,1.89860,0.0630,0.0077,0.0930,0.0000,0.0000,0.0000,146.89,8.80,-126.17,1,1,0.0000,0.0000,0.3500,-90.00,0.7600,0.4200,1.0000,8.00,180.00,10.000000,0.250000,0.000000,1.200000,0.000000,0.000000,1.200000,0.000000,0.000000,0.900000,0.000000,0.000000,0.850000,0.040000,0.000000,0.008000,0.000000,0.000600,0.008000,0.000000,0.000600,0.006000,0.000000,0.000000,1,1,1,121,231,60,60,60,0,0,60.00,12600,4264,31,0,0,0,12571,496.77,496.77,0,1631,0.0000,0.5000,0.5000,0.0000,0.5000
2026-04-28T17:30:06.886,2.037,1,0.70,1.20,28.37,6.85,1,-0.0631,-0.0077,0.2571,0.0000,0.0000,0.0000,123.13,-0.99,1,4.100,4.100,4.400,36,79,0,0.000,0.7600,0.0000,97.29,56.64,122,122,1.00000,1.00000,1.00000,1.00000,0.00000,3,3,0,1,23.60942,0.03402,1.90206,0.0631,0.0077,0.0929,0.0000,0.0000,0.0000,146.87,8.75,-126.15,1,1,0.0000,0.0000,0.3500,-90.00,0.7600,0.4200,1.0000,8.00,180.00,10.000000,0.250000,0.000000,1.200000,0.000000,0.000000,1.200000,0.000000,0.000000,0.900000,0.000000,0.000000,0.850000,0.040000,0.000000,0.008000,0.000000,0.000600,0.008000,0.000000,0.000600,0.006000,0.000000,0.000000,1,1,1,122,232,121,121,120,0,0,61.00,12661,3130,31,0,0,0,12571,496.77,496.77,0,1631,0.0000,0.5000,0.5000,0.0000,0.5000
2026-04-28T17:30:06.901,2.051,1,0.70,1.20,28.37,6.85,1,-0.0631,-0.0077,0.2570,0.0000,0.0000,0.0000,123.14,-0.72,1,4.100,4.100,4.400,36,79,0,0.000,0.7600,0.0000,49.95,66.86,123,123,1.00000,1.00000,1.00000,1.00000,0.00000,3,3,0,1,23.67724,0.03406,1.90363,0.0631,0.0077,0.0930,0.0000,0.0000,0.0000,146.86,8.78,-126.13,1,1,0.0000,0.0000,0.3500,-90.00,0.7600,0.4200,1.0000,8.00,180.00,10.000000,0.250000,0.000000,1.200000,0.000000,0.000000,1.200000,0.000000,0.000000,0.900000,0.000000,0.000000,0.850000,0.040000,0.000000,0.008000,0.000000,0.000600,0.008000,0.000000,0.000600,0.006000,0.000000,0.000000,1,1,1,123,232,121,121,120,0,0,61.00,12661,3130,31,0,0,0,12571,496.77,496.77,0,1631,0.0000,0.5000,0.5000,0.0000,0.5000
2026-04-28T17:30:06.916,2.067,1,0.70,1.20,28.37,6.85,1,-0.0630,-0.0078,0.2570,0.0000,0.0000,0.0000,123.15,-0.60,1,4.100,4.100,4.400,36,79,0,0.000,0.7600,0.0000,65.78,57.40,124,124,1.00000,1.00000,1.00000,1.00000,0.00000,3,3,0,1,23.64118,0.03403,1.90118,0.0630,0.0078,0.0930,0.0000,0.0000,0.0000,146.85,8.83,-126.12,1,1,0.0000,0.0000,0.3500,-90.00,0.7600,0.4200,1.0000,8.00,180.00,10.000000,0.250000,0.000000,1.200000,0.000000,0.000000,1.200000,0.000000,0.000000,0.900000,0.000000,0.000000,0.850000,0.040000,0.000000,0.008000,0.000000,0.000600,0.008000,0.000000,0.000600,0.006000,0.000000,0.000000,1,1,1,124,232,121,121,120,0,0,61.00,12661,3130,31,0,0,0,12571,496.77,496.77,0,1631,0.0000,0.5000,0.5000,0.0000,0.5000
2026-04-28T17:30:06.934,2.085,1,0.50,1.29,-1.93,0.94,1,-0.0630,-0.0079,0.2572,0.0000,0.0000,0.0000,123.11,2.31,1,4.100,4.100,4.400,36,79,0,0.000,0.7600,0.0000,64.96,60.02,125,125,1.00000,1.00000,1.00000,1.00000,0.00000,3,3,0,1,23.62250,0.03387,1.89999,0.0630,0.0079,0.0928,0.0000,0.0000,0.0000,146.89,8.81,-126.15,1,1,0.0000,0.0000,0.3500,-90.00,0.7600,0.4200,1.0000,8.00,180.00,10.000000,0.250000,0.000000,1.200000,0.000000,0.000000,1.200000,0.000000,0.000000,0.900000,0.000000,0.000000,0.850000,0.040000,0.000000,0.008000,0.000000,0.000600,0.008000,0.000000,0.000600,0.006000,0.000000,0.000000,1,1,1,125,232,121,121,120,0,0,61.00,12661,3130,31,0,0,0,12571,496.77,496.77,0,1631,0.0000,0.5000,0.5000,0.0000,0.5000
2026-04-28T17:30:06.950,2.101,1,0.50,1.29,-1.93,0.94,1,-0.0630,-0.0080,0.2572,0.0000,0.0000,0.0000,123.08,1.87,1,4.100,4.100,4.400,36,79,0,0.000,0.7600,0.0000,57.02,60.98,126,126,1.00000,1.00000,1.00000,1.00000,0.00000,3,3,0,1,23.59711,0.03393,1.90139,0.0630,0.0080,0.0928,0.0000,0.0000,0.0000,146.92,8.79,-126.14,1,1,0.0000,0.0000,0.3500,-90.00,0.7600,0.4200,1.0000,8.00,180.00,10.000000,0.250000,0.000000,1.200000,0.000000,0.000000,1.200000,0.000000,0.000000,0.900000,0.000000,0.000000,0.850000,0.040000,0.000000,0.008000,0.000000,0.000600,0.008000,0.000000,0.000600,0.006000,0.000000,0.000000,1,1,1,126,232,121,121,120,0,0,61.00,12661,3130,31,0,0,0,12571,496.77,496.77,0,1631,0.0000,0.5000,0.5000,0.0000,0.5000
2026-04-28T17:30:06.966,2.116,1,0.50,1.29,-1.93,0.94,1,-0.0631,-0.0078,0.2572,0.0000,0.0000,0.0000,123.16,-4.91,1,4.100,4.100,4.400,36,79,0,0.000,0.7600,0.0000,58.99,60.68,127,127,1.00000,1.00000,1.00000,1.00000,0.00000,3,3,0,1,23.66598,0.03398,1.89972,0.0631,0.0078,0.0928,0.0000,0.0000,0.0000,146.84,8.79,-126.13,1,1,0.0000,0.0000,0.3500,-90.00,0.7600,0.4200,1.0000,8.00,180.00,10.000000,0.250000,0.000000,1.200000,0.000000,0.000000,1.200000,0.000000,0.000000,0.900000,0.000000,0.000000,0.850000,0.040000,0.000000,0.008000,0.000000,0.000600,0.008000,0.000000,0.000600,0.006000,0.000000,0.000000,1,1,1,127,232,121,121,120,0,0,61.00,12661,3130,31,0,0,0,12571,496.77,496.77,0,1631,0.0000,0.5000,0.5000,0.0000,0.5000
2026-04-28T17:30:06.983,2.134,1,0.50,1.29,0.00,0.00,1,-0.0631,-0.0077,0.2570,0.0000,0.0000,0.0000,123.22,-3.42,1,4.100,4.100,4.400,36,79,0,0.000,0.7600,0.0000,76.05,60.40,128,128,1.00000,1.00000,1.00000,1.00000,0.00000,3,3,0,1,23.63826,0.03387,1.90202,0.0631,0.0077,0.0930,0.0000,0.0000,0.0000,146.78,8.73,-126.10,1,1,0.0000,0.0000,0.3500,-90.00,0.7600,0.4200,1.0000,8.00,180.00,10.000000,0.250000,0.000000,1.200000,0.000000,0.000000,1.200000,0.000000,0.000000,0.900000,0.000000,0.000000,0.850000,0.040000,0.000000,0.008000,0.000000,0.000600,0.008000,0.000000,0.000600,0.006000,0.000000,0.000000,1,1,1,128,231,121,121,120,0,0,61.00,12661,3130,31,0,0,0,12571,496.77,496.77,0,1631,0.0000,0.5000,0.5000,0.0000,0.5000
2026-04-28T17:30:07.002,2.152,1,0.50,1.29,0.00,0.00,1,-0.0631,-0.0076,0.2570,0.0000,0.0000,0.0000,123.21,0.58,1,4.100,4.100,4.400,36,79,0,0.000,0.7600,0.0000,53.86,56.22,129,129,1.00000,1.00000,1.00000,1.00000,0.00000,3,3,0,1,23.64270,0.03398,1.90045,0.0631,0.0076,0.0930,0.0000,0.0000,0.0000,146.79,8.76,-126.12,1,1,0.0000,0.0000,0.3500,-90.00,0.7600,0.4200,1.0000,8.00,180.00,10.000000,0.250000,0.000000,1.200000,0.000000,0.000000,1.200000,0.000000,0.000000,0.900000,0.000000,0.000000,0.850000,0.040000,0.000000,0.008000,0.000000,0.000600,0.008000,0.000000,0.000600,0.006000,0.000000,0.000000,1,1,1,129,232,121,121,120,0,0,61.00,12661,3130,31,0,0,0,12571,496.77,496.77,0,1631,0.0000,0.5000,0.5000,0.0000,0.5000
2026-04-28T17:30:07.016,2.166,1,0.50,1.29,0.00,0.00,1,-0.0630,-0.0078,0.2572,0.0000,0.0000,0.0000,123.17,2.66,1,4.100,4.100,4.400,36,79,0,0.000,0.7600,0.0000,54.49,63.82,130,130,1.00000,1.00000,1.00000,1.00000,0.00000,3,3,0,1,23.58145,0.03395,1.90006,0.0630,0.0078,0.0928,0.0000,0.0000,0.0000,146.83,8.74,-126.11,1,1,0.0000,0.0000,0.3500,-90.00,0.7600,0.4200,1.0000,8.00,180.00,10.000000,0.250000,0.000000,1.200000,0.000000,0.000000,1.200000,0.000000,0.000000,0.900000,0.000000,0.000000,0.850000,0.040000,0.000000,0.008000,0.000000,0.000600,0.008000,0.000000,0.000600,0.006000,0.000000,0.000000,1,1,1,130,232,121,121,120,0,0,61.00,12661,3130,31,0,0,0,12571,496.77,496.77,0,1631,0.0000,0.5000,0.5000,0.0000,0.5000
2026-04-28T17:30:07.034,2.185,1,0.50,1.29,0.00,0.00,1,-0.0630,-0.0079,0.2572,0.0000,0.0000,0.0000,123.13,2.28,1,4.100,4.100,4.400,36,79,0,0.000,0.7600,0.0000,76.98,58.37,131,131,1.00000,1.00000,1.00000,1.00000,0.00000,3,3,0,1,23.64825,0.03395,1.90197,0.0630,0.0079,0.0928,0.0000,0.0000,0.0000,146.87,8.75,-126.16,1,1,0.0000,0.0000,0.3500,-90.00,0.7600,0.4200,1.0000,8.00,180.00,10.000000,0.250000,0.000000,1.200000,0.000000,0.000000,1.200000,0.000000,0.000000,0.900000,0.000000,0.000000,0.850000,0.040000,0.000000,0.008000,0.000000,0.000600,0.008000,0.000000,0.000600,0.006000,0.000000,0.000000,1,1,1,131,232,121,121,120,0,0,61.00,12661,3130,31,0,0,0,12571,496.77,496.77,0,1631,0.0000,0.5000,0.5000,0.0000,0.5000
2026-04-28T17:30:07.052,2.203,1,0.50,1.29,0.00,0.00,1,-0.0631,-0.0079,0.2570,0.0000,0.0000,0.0000,123.09,2.30,1,4.100,4.100,4.400,36,79,0,0.000,0.7600,0.0000,51.03,61.91,132,132,1.00000,1.00000,1.00000,1.00000,0.00000,3,3,0,1,23.64954,0.03408,1.90556,0.0631,0.0079,0.0930,0.0000,0.0000,0.0000,146.91,8.76,-126.16,1,1,0.0000,0.0000,0.3500,-90.00,0.7600,0.4200,1.0000,8.00,180.00,10.000000,0.250000,0.000000,1.200000,0.000000,0.000000,1.200000,0.000000,0.000000,0.900000,0.000000,0.000000,0.850000,0.040000,0.000000,0.008000,0.000000,0.000600,0.008000,0.000000,0.000600,0.006000,0.000000,0.000000,1,1,1,132,232,121,121,120,0,0,61.00,12661,3130,31,0,0,0,12571,496.77,496.77,0,1631,0.0000,0.5000,0.5000,0.0000,0.5000
2026-04-28T17:30:07.064,2.215,1,0.50,1.29,0.00,0.00,1,-0.0629,-0.0079,0.2570,0.0000,0.0000,0.0000,123.08,0.75,1,4.100,4.100,4.400,36,79,0,0.000,0.7600,0.0000,55.20,58.59,133,133,1.00000,1.00000,1.00000,1.00000,0.00000,3,3,0,1,23.60089,0.03398,1.89669,0.0629,0.0079,0.0930,0.0000,0.0000,0.0000,146.92,8.81,-126.16,1,1,0.0000,0.0000,0.3500,-90.00,0.7600,0.4200,1.0000,8.00,180.00,10.000000,0.250000,0.000000,1.200000,0.000000,0.000000,1.200000,0.000000,0.000000,0.900000,0.000000,0.000000,0.850000,0.040000,0.000000,0.008000,0.000000,0.000600,0.008000,0.000000,0.000600,0.006000,0.000000,0.000000,1,1,1,133,232,121,121,120,0,0,61.00,12661,3130,31,0,0,0,12571,496.77,496.77,0,1631,0.0000,0.5000,0.5000,0.0000,0.5000
2026-04-28T17:30:07.083,2.234,1,0.50,1.29,0.00,0.00,1,-0.0630,-0.0077,0.2571,0.0000,0.0000,0.0000,123.14,-3.12,1,4.100,4.100,4.400,36,79,0,0.000,0.7600,0.0000,64.00,60.85,134,134,1.00000,1.00000,1.00000,1.00000,0.00000,3,3,0,1,23.64834,0.03398,1.90160,0.0630,0.0077,0.0929,0.0000,0.0000,0.0000,146.86,8.77,-126.14,1,1,0.0000,0.0000,0.3500,-90.00,0.7600,0.4200,1.0000,8.00,180.00,10.000000,0.250000,0.000000,1.200000,0.000000,0.000000,1.200000,0.000000,0.000000,0.900000,0.000000,0.000000,0.850000,0.040000,0.000000,0.008000,0.000000,0.000600,0.008000,0.000000,0.000600,0.006000,0.000000,0.000000,1,1,1,134,232,121,121,120,0,0,61.00,12661,3130,31,0,0,0,12571,496.77,496.77,0,1631,0.0000,0.5000,0.5000,0.0000,0.5000
2026-04-28T17:30:07.101,2.252,1,0.50,1.29,0.00,0.00,1,-0.0630,-0.0078,0.2571,0.0000,0.0000,0.0000,123.09,3.01,1,4.100,4.100,4.400,36,79,0,0.000,0.7600,0.0000,63.98,58.37,135,135,1.00000,1.00000,1.00000,1.00000,0.00000,3,3,0,1,23.64445,0.03401,1.90020,0.0630,0.0078,0.0929,0.0000,0.0000,0.0000,146.91,8.81,-126.18,1,1,0.0000,0.0000,0.3500,-90.00,0.7600,0.4200,1.0000,8.00,180.00,10.000000,0.250000,0.000000,1.200000,0.000000,0.000000,1.200000,0.000000,0.000000,0.900000,0.000000,0.000000,0.850000,0.040000,0.000000,0.008000,0.000000,0.000600,0.008000,0.000000,0.000600,0.006000,0.000000,0.000000,1,1,1,135,232,121,121,120,0,0,61.00,12661,3130,31,0,0,0,12571,496.77,496.77,0,1631,0.0000,0.5000,0.5000,0.0000,0.5000
2026-04-28T17:30:07.117,2.267,1,0.50,1.29,0.00,0.00,1,-0.0629,-0.0078,0.2572,0.0000,0.0000,0.0000,123.11,-1.27,1,4.100,4.100,4.400,36,79,0,0.000,0.7600,0.0000,57.90,64.07,136,136,1.00000,1.00000,1.00000,1.00000,0.00000,3,3,0,1,23.60713,0.03387,1.89649,0.0629,0.0078,0.0928,0.0000,0.0000,0.0000,146.89,8.81,-126.17,1,1,0.0000,0.0000,0.3500,-90.00,0.7600,0.4200,1.0000,8.00,180.00,10.000000,0.250000,0.000000,1.200000,0.000000,0.000000,1.200000,0.000000,0.000000,0.900000,0.000000,0.000000,0.850000,0.040000,0.000000,0.008000,0.000000,0.000600,0.008000,0.000000,0.000600,0.006000,0.000000,0.000000,1,1,1,136,232,121,121,120,0,0,61.00,12661,3130,31,0,0,0,12571,496.77,496.77,0,1631,0.0000,0.5000,0.5000,0.0000,0.5000
2026-04-28T17:30:07.134,2.285,1,0.40,1.29,-1.03,0.00,1,-0.0630,-0.0078,0.2571,0.0000,0.0000,0.0000,123.07,2.27,1,4.100,4.100,4.400,36,79,0,0.000,0.7600,0.0000,60.25,57.03,137,137,1.00000,1.00000,1.00000,1.00000,0.00000,3,3,0,1,23.62516,0.03394,1.90270,0.0630,0.0078,0.0929,0.0000,0.0000,0.0000,146.93,8.77,-126.17,1,1,0.0000,0.0000,0.3500,-90.00,0.7600,0.4200,1.0000,8.00,180.00,10.000000,0.250000,0.000000,1.200000,0.000000,0.000000,1.200000,0.000000,0.000000,0.900000,0.000000,0.000000,0.850000,0.040000,0.000000,0.008000,0.000000,0.000600,0.008000,0.000000,0.000600,0.006000,0.000000,0.000000,1,1,1,137,232,121,121,120,0,0,61.00,12661,3130,31,0,0,0,12571,496.77,496.77,0,1631,0.0000,0.5000,0.5000,0.0000,0.5000
2026-04-28T17:30:07.151,2.301,1,0.40,1.29,-1.03,0.00,1,-0.0630,-0.0079,0.2571,0.0000,0.0000,0.0000,123.03,2.44,1,4.100,4.100,4.400,36,79,0,0.000,0.7600,0.0000,64.70,60.12,138,138,1.00000,1.00000,1.00000,1.00000,0.00000,3,3,0,1,23.59620,0.03392,1.90000,0.0630,0.0079,0.0929,0.0000,0.0000,0.0000,146.97,8.82,-126.16,1,1,0.0000,0.0000,0.3500,-90.00,0.7600,0.4200,1.0000,8.00,180.00,10.000000,0.250000,0.000000,1.200000,0.000000,0.000000,1.200000,0.000000,0.000000,0.900000,0.000000,0.000000,0.850000,0.040000,0.000000,0.008000,0.000000,0.000600,0.008000,0.000000,0.000600,0.006000,0.000000,0.000000,1,1,1,138,232,121,121,120,0,0,61.00,12661,3130,31,0,0,0,12571,496.77,496.77,0,1631,0.0000,0.5000,0.5000,0.0000,0.5000
2026-04-28T17:30:07.167,2.317,1,0.40,1.29,-1.03,0.00,1,-0.0630,-0.0079,0.2572,0.0000,0.0000,0.0000,123.09,-3.53,1,4.100,4.100,4.400,36,79,0,0.000,0.7600,0.0000,55.88,62.46,139,139,1.00000,1.00000,1.00000,1.00000,0.00000,3,3,0,1,23.58145,0.03395,1.90006,0.0630,0.0079,0.0928,0.0000,0.0000,0.0000,146.91,8.77,-126.13,1,1,0.0000,0.0000,0.3500,-90.00,0.7600,0.4200,1.0000,8.00,180.00,10.000000,0.250000,0.000000,1.200000,0.000000,0.000000,1.200000,0.000000,0.000000,0.900000,0.000000,0.000000,0.850000,0.040000,0.000000,0.008000,0.000000,0.000600,0.008000,0.000000,0.000600,0.006000,0.000000,0.000000,1,1,1,139,232,121,121,120,0,0,61.00,12661,3130,31,0,0,0,12571,496.77,496.77,0,1631,0.0000,0.5000,0.5000,0.0000,0.5000
2026-04-28T17:30:07.183,2.333,1,0.19,1.20,-1.97,-0.95,1,-0.0630,-0.0079,0.2571,0.0000,0.0000,0.0000,123.08,0.63,1,4.100,4.100,4.400,36,79,0,0.000,0.7600,0.0000,62.13,59.00,140,140,1.00000,1.00000,1.00000,1.00000,0.00000,3,3,0,1,23.66929,0.03399,1.90203,0.0630,0.0079,0.0929,0.0000,0.0000,0.0000,146.92,8.80,-126.16,1,1,0.0000,0.0000,0.3500,-90.00,0.7600,0.4200,1.0000,8.00,180.00,10.000000,0.250000,0.000000,1.200000,0.000000,0.000000,1.200000,0.000000,0.000000,0.900000,0.000000,0.000000,0.850000,0.040000,0.000000,0.008000,0.000000,0.000600,0.008000,0.000000,0.000600,0.006000,0.000000,0.000000,1,1,1,140,231,121,121,120,0,0,61.00,12661,3130,31,0,0,0,12571,496.77,496.77,0,1631,0.0000,0.5000,0.5000,0.0000,0.5000
2026-04-28T17:30:07.201,2.352,1,0.19,1.20,-1.97,-0.95,1,-0.0631,-0.0078,0.2572,0.0000,0.0000,0.0000,123.16,-4.55,1,4.100,4.100,4.400,36,79,0,0.000,0.7600,0.0000,68.19,58.62,141,141,1.00000,1.00000,1.00000,1.00000,0.00000,3,3,0,1,23.59147,0.03387,1.90026,0.0631,0.0078,0.0928,0.0000,0.0000,0.0000,146.84,8.71,-126.12,1,1,0.0000,0.0000,0.3500,-90.00,0.7600,0.4200,1.0000,8.00,180.00,10.000000,0.250000,0.000000,1.200000,0.000000,0.000000,1.200000,0.000000,0.000000,0.900000,0.000000,0.000000,0.850000,0.040000,0.000000,0.008000,0.000000,0.000600,0.008000,0.000000,0.000600,0.006000,0.000000,0.000000,1,1,1,141,232,121,121,120,0,0,61.00,12661,3130,31,0,0,0,12571,496.77,496.77,0,1631,0.0000,0.5000,0.5000,0.0000,0.5000
2026-04-28T17:30:07.219,2.369,1,0.19,1.20,-1.97,-0.95,1,-0.0632,-0.0079,0.2572,0.0000,0.0000,0.0000,123.17,-0.57,1,4.100,4.100,4.400,36,79,0,0.000,0.7600,0.0000,50.86,60.34,142,142,1.00000,1.00000,1.00000,1.00000,0.00000,3,3,0,1,23.58495,0.03401,1.90145,0.0632,0.0079,0.0928,0.0000,0.0000,0.0000,146.83,8.72,-126.13,1,1,0.0000,0.0000,0.3500,-90.00,0.7600,0.4200,1.0000,8.00,180.00,10.000000,0.250000,0.000000,1.200000,0.000000,0.000000,1.200000,0.000000,0.000000,0.900000,0.000000,0.000000,0.850000,0.040000,0.000000,0.008000,0.000000,0.000600,0.008000,0.000000,0.000600,0.006000,0.000000,0.000000,1,1,1,142,232,121,121,120,0,0,61.00,12661,3130,31,0,0,0,12571,496.77,496.77,0,1631,0.0000,0.5000,0.5000,0.0000,0.5000
2026-04-28T17:30:07.234,2.385,1,0.19,1.20,-1.97,-0.95,1,-0.0631,-0.0080,0.2571,0.0000,0.0000,0.0000,123.11,3.69,1,4.100,4.100,4.400,36,79,0,0.000,0.7600,0.0000,54.43,59.93,143,143,1.00000,1.00000,1.00000,1.00000,0.00000,3,3,0,1,23.62157,0.03400,1.90356,0.0631,0.0080,0.0929,0.0000,0.0000,0.0000,146.89,8.76,-126.13,1,1,0.0000,0.0000,0.3500,-90.00,0.7600,0.4200,1.0000,8.00,180.00,10.000000,0.250000,0.000000,1.200000,0.000000,0.000000,1.200000,0.000000,0.000000,0.900000,0.000000,0.000000,0.850000,0.040000,0.000000,0.008000,0.000000,0.000600,0.008000,0.000000,0.000600,0.006000,0.000000,0.000000,1,1,1,143,232,121,121,120,0,0,61.00,12661,3130,31,0,0,0,12571,496.77,496.77,0,1631,0.0000,0.5000,0.5000,0.0000,0.5000
2026-04-28T17:30:07.251,2.402,1,0.19,1.20,-1.97,-0.95,1,-0.0630,-0.0079,0.2569,0.0000,0.0000,0.0000,123.06,3.11,1,4.100,4.100,4.400,36,79,0,0.000,0.7600,0.0000,75.50,61.00,144,144,1.00000,1.00000,1.00000,1.00000,0.00000,3,3,0,1,23.64864,0.03407,1.90417,0.0630,0.0079,0.0931,0.0000,0.0000,0.0000,146.94,8.82,-126.15,1,1,0.0000,0.0000,0.3500,-90.00,0.7600,0.4200,1.0000,8.00,180.00,10.000000,0.250000,0.000000,1.200000,0.000000,0.000000,1.200000,0.000000,0.000000,0.900000,0.000000,0.000000,0.850000,0.040000,0.000000,0.008000,0.000000,0.000600,0.008000,0.000000,0.000600,0.006000,0.000000,0.000000,1,1,1,144,232,121,121,120,0,0,61.00,12661,3130,31,0,0,0,12571,496.77,496.77,0,1631,0.0000,0.5000,0.5000,0.0000,0.5000
2026-04-28T17:30:07.267,2.418,1,0.19,1.20,-1.97,-0.95,1,-0.0630,-0.0078,0.2569,0.0000,0.0000,0.0000,123.11,-3.02,1,4.100,4.100,4.400,36,79,0,0.000,0.7600,0.0000,55.21,57.66,145,145,1.00000,1.00000,1.00000,1.00000,0.00000,3,3,0,1,23.62859,0.03409,1.90299,0.0630,0.0078,0.0931,0.0000,0.0000,0.0000,146.89,8.80,-126.14,1,1,0.0000,0.0000,0.3500,-90.00,0.7600,0.4200,1.0000,8.00,180.00,10.000000,0.250000,0.000000,1.200000,0.000000,0.000000,1.200000,0.000000,0.000000,0.900000,0.000000,0.000000,0.850000,0.040000,0.000000,0.008000,0.000000,0.000600,0.008000,0.000000,0.000600,0.006000,0.000000,0.000000,1,1,1,145,231,121,121,120,0,0,61.00,12661,3130,31,0,0,0,12571,496.77,496.77,0,1631,0.0000,0.5000,0.5000,0.0000,0.5000
2026-04-28T17:30:07.286,2.437,1,0.19,1.20,-1.97,-0.95,1,-0.0630,-0.0080,0.2570,0.0000,0.0000,0.0000,123.03,4.38,1,4.100,4.100,4.400,36,79,0,0.000,0.7600,0.0000,57.49,62.56,146,146,1.00000,1.00000,1.00000,1.00000,0.00000,3,3,0,1,23.60580,0.03391,1.90019,0.0630,0.0080,0.0930,0.0000,0.0000,0.0000,146.97,8.85,-126.16,1,1,0.0000,0.0000,0.3500,-90.00,0.7600,0.4200,1.0000,8.00,180.00,10.000000,0.250000,0.000000,1.200000,0.000000,0.000000,1.200000,0.000000,0.000000,0.900000,0.000000,0.000000,0.850000,0.040000,0.000000,0.008000,0.000000,0.000600,0.008000,0.000000,0.000600,0.006000,0.000000,0.000000,1,1,1,146,232,121,121,120,0,0,61.00,12661,3130,31,0,0,0,12571,496.77,496.77,0,1631,0.0000,0.5000,0.5000,0.0000,0.5000
2026-04-28T17:30:07.296,2.447,1,0.19,1.20,-1.97,-0.95,1,-0.0630,-0.0080,0.2571,0.0000,0.0000,0.0000,123.04,-0.85,1,4.100,4.100,4.400,36,79,0,0.000,0.7600,0.0000,57.18,59.82,147,147,1.00000,1.00000,1.00000,1.00000,0.00000,3,3,0,1,23.59711,0.03393,1.90139,0.0630,0.0080,0.0929,0.0000,0.0000,0.0000,146.96,8.82,-126.15,1,1,0.0000,0.0000,0.3500,-90.00,0.7600,0.4200,1.0000,8.00,180.00,10.000000,0.250000,0.000000,1.200000,0.000000,0.000000,1.200000,0.000000,0.000000,0.900000,0.000000,0.000000,0.850000,0.040000,0.000000,0.008000,0.000000,0.000600,0.008000,0.000000,0.000600,0.006000,0.000000,0.000000,1,1,1,147,232,121,121,120,0,0,61.00,12661,3130,31,0,0,0,12571,496.77,496.77,0,1631,0.0000,0.5000,0.5000,0.0000,0.5000
2026-04-28T17:30:07.317,2.468,1,0.19,1.20,-1.97,-0.95,1,-0.0630,-0.0080,0.2572,0.0000,0.0000,0.0000,123.04,0.00,1,4.100,4.100,4.400,36,79,0,0.000,0.7600,0.0000,103.01,60.55,148,148,1.00000,1.00000,1.00000,1.00000,0.00000,3,3,0,1,23.59711,0.03393,1.90139,0.0630,0.0080,0.0928,0.0000,0.0000,0.0000,146.96,8.80,-126.15,1,1,0.0000,0.0000,0.3500,-90.00,0.7600,0.4200,1.0000,8.00,180.00,10.000000,0.250000,0.000000,1.200000,0.000000,0.000000,1.200000,0.000000,0.000000,0.900000,0.000000,0.000000,0.850000,0.040000,0.000000,0.008000,0.000000,0.000600,0.008000,0.000000,0.000600,0.006000,0.000000,0.000000,1,1,1,148,231,121,121,120,0,0,61.00,12661,3130,31,0,0,0,12571,496.77,496.77,0,1631,0.0000,0.5000,0.5000,0.0000,0.5000
2026-04-28T17:30:07.332,2.483,1,0.19,1.20,0.00,0.00,1,-0.0631,-0.0078,0.2571,0.0000,0.0000,0.0000,123.11,-4.38,1,4.100,4.100,4.400,36,79,0,0.000,0.7600,0.0000,45.44,59.41,149,149,1.00000,1.00000,1.00000,1.00000,0.00000,3,3,0,1,23.64486,0.03398,1.90177,0.0631,0.0078,0.0929,0.0000,0.0000,0.0000,146.89,8.80,-126.11,1,1,0.0000,0.0000,0.3500,-90.00,0.7600,0.4200,1.0000,8.00,180.00,10.000000,0.250000,0.000000,1.200000,0.000000,0.000000,1.200000,0.000000,0.000000,0.900000,0.000000,0.000000,0.850000,0.040000,0.000000,0.008000,0.000000,0.000600,0.008000,0.000000,0.000600,0.006000,0.000000,0.000000,1,1,1,149,231,121,121,120,0,0,61.00,12661,3130,31,0,0,0,12571,496.77,496.77,0,1631,0.0000,0.5000,0.5000,0.0000,0.5000
2026-04-28T17:30:07.351,2.501,1,0.19,1.20,0.00,0.00,1,-0.0630,-0.0078,0.2572,0.0000,0.0000,0.0000,123.10,0.59,1,4.100,4.100,4.400,36,79,0,0.000,0.7600,0.0000,65.46,58.10,150,150,1.00000,1.00000,1.00000,1.00000,0.00000,3,3,0,1,23.58547,0.03392,1.89964,0.0630,0.0078,0.0928,0.0000,0.0000,0.0000,146.90,8.77,-126.10,1,1,0.0000,0.0000,0.3500,-90.00,0.7600,0.4200,1.0000,8.00,180.00,10.000000,0.250000,0.000000,1.200000,0.000000,0.000000,1.200000,0.000000,0.000000,0.900000,0.000000,0.000000,0.850000,0.040000,0.000000,0.008000,0.000000,0.000600,0.008000,0.000000,0.000600,0.006000,0.000000,0.000000,1,1,1,150,230,121,121,120,0,0,61.00,12661,3130,31,0,0,0,12571,496.77,496.77,0,1631,0.0000,0.5000,0.5000,0.0000,0.5000
2026-04-28T17:30:07.367,2.518,1,0.19,1.20,0.00,0.00,1,-0.0630,-0.0078,0.2572,0.0000,0.0000,0.0000,123.13,-1.85,1,4.100,4.100,4.400,36,79,0,0.000,0.7600,0.0000,53.18,62.83,151,151,1.00000,1.00000,1.00000,1.00000,0.00000,3,3,0,1,23.65022,0.03386,1.89806,0.0630,0.0078,0.0928,0.0000,0.0000,0.0000,146.87,8.79,-126.12,1,1,0.0000,0.0000,0.3500,-90.00,0.7600,0.4200,1.0000,8.00,180.00,10.000000,0.250000,0.000000,1.200000,0.000000,0.000000,1.200000,0.000000,0.000000,0.900000,0.000000,0.000000,0.850000,0.040000,0.000000,0.008000,0.000000,0.000600,0.008000,0.000000,0.000600,0.006000,0.000000,0.000000,1,1,1,151,232,121,121,120,0,0,61.00,12661,3130,31,0,0,0,12571,496.77,496.77,0,1631,0.0000,0.5000,0.5000,0.0000,0.5000
2026-04-28T17:30:07.382,2.533,1,0.19,1.20,0.00,0.00,1,-0.0630,-0.0078,0.2571,0.0000,0.0000,0.0000,123.11,1.25,1,4.200,4.200,0.900,36,85,0,0.000,0.7600,0.0000,70.38,60.64,152,152,1.00000,1.00000,1.00000,1.00000,0.00000,3,3,0,1,23.67276,0.03402,1.90414,0.0630,0.0078,0.0929,0.0000,0.0000,0.0000,146.89,8.78,-126.15,1,1,0.0000,0.0000,0.3500,-90.00,0.7600,0.4200,1.0000,8.00,180.00,10.000000,0.250000,0.000000,1.200000,0.000000,0.000000,1.200000,0.000000,0.000000,0.900000,0.000000,0.000000,0.850000,0.040000,0.000000,0.008000,0.000000,0.000600,0.008000,0.000000,0.000600,0.006000,0.000000,0.000000,1,1,1,152,232,121,121,120,0,0,61.00,12661,3130,151,0,0,0,12691,331.79,331.79,6,350,0.0000,0.4660,0.5390,0.3650,0.0890
2026-04-28T17:30:07.400,2.551,1,0.19,1.20,0.00,0.00,1,-0.0630,-0.0077,0.2571,0.0000,0.0000,0.0000,123.15,-2.31,1,4.200,4.200,0.900,36,85,0,0.000,0.7600,0.0000,53.70,58.04,153,153,1.00000,1.00000,1.00000,1.00000,0.00000,3,3,0,1,23.65578,0.03402,1.90254,0.0630,0.0077,0.0929,0.0000,0.0000,0.0000,146.85,8.74,-126.15,1,1,0.0000,0.0000,0.3500,-90.00,0.7600,0.4200,1.0000,8.00,180.00,10.000000,0.250000,0.000000,1.200000,0.000000,0.000000,1.200000,0.000000,0.000000,0.900000,0.000000,0.000000,0.850000,0.040000,0.000000,0.008000,0.000000,0.000600,0.008000,0.000000,0.000600,0.006000,0.000000,0.000000,1,1,1,153,232,121,121,120,0,0,61.00,12661,3130,151,0,0,0,12691,331.79,331.79,6,350,0.0000,0.4660,0.5390,0.3650,0.0890
2026-04-28T17:30:07.416,2.567,1,0.19,1.20,0.00,0.00,1,-0.0630,-0.0079,0.2572,0.0000,0.0000,0.0000,123.10,2.96,1,4.200,4.200,0.900,36,85,0,0.000,0.7600,0.0000,62.48,59.91,154,154,1.00000,1.00000,1.00000,1.00000,0.00000,3,3,0,1,23.59711,0.03393,1.90139,0.0630,0.0079,0.0928,0.0000,0.0000,0.0000,146.90,8.76,-126.14,1,1,0.0000,0.0000,0.3500,-90.00,0.7600,0.4200,1.0000,8.00,180.00,10.000000,0.250000,0.000000,1.200000,0.000000,0.000000,1.200000,0.000000,0.000000,0.900000,0.000000,0.000000,0.850000,0.040000,0.000000,0.008000,0.000000,0.000600,0.008000,0.000000,0.000600,0.006000,0.000000,0.000000,1,1,1,154,231,121,121,120,0,0,61.00,12661,3130,151,0,0,0,12691,331.79,331.79,6,350,0.0000,0.4660,0.5390,0.3650,0.0890
2026-04-28T17:30:07.435,2.585,1,0.19,1.20,0.00,0.00,1,-0.0631,-0.0080,0.2571,0.0000,0.0000,0.0000,123.10,0.00,1,4.200,4.200,0.900,36,85,0,0.000,0.7600,0.0000,68.54,59.67,155,155,1.00000,1.00000,1.00000,1.00000,0.00000,3,3,0,1,23.61748,0.03401,1.90384,0.0631,0.0080,0.0929,0.0000,0.0000,0.0000,146.90,8.77,-126.13,1,1,0.0000,0.0000,0.3500,-90.00,0.7600,0.4200,1.0000,8.00,180.00,10.000000,0.250000,0.000000,1.200000,0.000000,0.000000,1.200000,0.000000,0.000000,0.900000,0.000000,0.000000,0.850000,0.040000,0.000000,0.008000,0.000000,0.000600,0.008000,0.000000,0.000600,0.006000,0.000000,0.000000,1,1,1,155,231,121,121,120,0,0,61.00,12661,3130,151,0,0,0,12691,331.79,331.79,6,350,0.0000,0.4660,0.5390,0.3650,0.0890
2026-04-28T17:30:07.451,2.602,1,0.19,1.20,0.00,0.00,1,-0.0631,-0.0080,0.2571,0.0000,0.0000,0.0000,123.08,1.24,1,4.200,4.200,0.900,36,85,0,0.000,0.7600,0.0000,51.19,65.77,156,156,1.00000,1.00000,1.00000,1.00000,0.00000,3,3,0,1,23.59530,0.03388,1.90083,0.0631,0.0080,0.0929,0.0000,0.0000,0.0000,146.92,8.76,-126.13,1,1,0.0000,0.0000,0.3500,-90.00,0.7600,0.4200,1.0000,8.00,180.00,10.000000,0.250000,0.000000,1.200000,0.000000,0.000000,1.200000,0.000000,0.000000,0.900000,0.000000,0.000000,0.850000,0.040000,0.000000,0.008000,0.000000,0.000600,0.008000,0.000000,0.000600,0.006000,0.000000,0.000000,1,1,1,156,232,121,121,120,0,0,61.00,12661,3130,151,0,0,0,12691,331.79,331.79,6,350,0.0000,0.4660,0.5390,0.3650,0.0890
2026-04-28T17:30:07.467,2.618,1,0.19,1.20,0.00,0.00,1,-0.0631,-0.0080,0.2571,0.0000,0.0000,0.0000,123.06,1.22,1,4.200,4.200,0.900,36,85,0,0.000,0.7600,0.0000,65.41,55.93,157,157,1.00000,1.00000,1.00000,1.00000,0.00000,3,3,0,1,23.62157,0.03400,1.90356,0.0631,0.0080,0.0929,0.0000,0.0000,0.0000,146.94,8.78,-126.13,1,1,0.0000,0.0000,0.3500,-90.00,0.7600,0.4200,1.0000,8.00,180.00,10.000000,0.250000,0.000000,1.200000,0.000000,0.000000,1.200000,0.000000,0.000000,0.900000,0.000000,0.000000,0.850000,0.040000,0.000000,0.008000,0.000000,0.000600,0.008000,0.000000,0.000600,0.006000,0.000000,0.000000,1,1,1,157,232,121,121,120,0,0,61.00,12661,3130,151,0,0,0,12691,331.79,331.79,6,350,0.0000,0.4660,0.5390,0.3650,0.0890
2026-04-28T17:30:07.484,2.635,1,0.19,1.20,0.00,0.00,1,-0.0630,-0.0080,0.2570,0.0000,0.0000,0.0000,122.97,5.32,1,4.200,4.200,0.900,36,85,0,0.000,0.7600,0.0000,60.23,60.87,158,158,1.00000,1.00000,1.00000,1.00000,0.00000,3,3,0,1,23.63418,0.03397,1.90272,0.0630,0.0080,0.0930,0.0000,0.0000,0.0000,147.03,8.84,-126.13,1,1,0.0000,0.0000,0.3500,-90.00,0.7600,0.4200,1.0000,8.00,180.00,10.000000,0.250000,0.000000,1.200000,0.000000,0.000000,1.200000,0.000000,0.000000,0.900000,0.000000,0.000000,0.850000,0.040000,0.000000,0.008000,0.000000,0.000600,0.008000,0.000000,0.000600,0.006000,0.000000,0.000000,1,1,1,158,232,121,121,120,0,0,61.00,12661,3130,151,0,0,0,12691,331.79,331.79,6,350,0.0000,0.4660,0.5390,0.3650,0.0890
2026-04-28T17:30:07.500,2.650,1,0.19,1.20,0.00,0.00,1,-0.0629,-0.0078,0.2572,0.0000,0.0000,0.0000,123.05,-4.78,1,4.200,4.200,0.900,36,85,0,0.000,0.7600,0.0000,54.00,63.48,159,159,1.00000,1.00000,1.00000,1.00000,0.00000,3,3,0,1,23.60596,0.03389,1.89727,0.0629,0.0078,0.0928,0.0000,0.0000,0.0000,146.95,8.83,-126.14,1,1,0.0000,0.0000,0.3500,-90.00,0.7600,0.4200,1.0000,8.00,180.00,10.000000,0.250000,0.000000,1.200000,0.000000,0.000000,1.200000,0.000000,0.000000,0.900000,0.000000,0.000000,0.850000,0.040000,0.000000,0.008000,0.000000,0.000600,0.008000,0.000000,0.000600,0.006000,0.000000,0.000000,1,1,1,159,232,121,121,120,0,0,61.00,12661,3130,151,0,0,0,12691,331.79,331.79,6,350,0.0000,0.4660,0.5390,0.3650,0.0890
2026-04-28T17:30:07.516,2.666,1,0.19,1.20,0.00,0.00,1,-0.0630,-0.0078,0.2570,0.0000,0.0000,0.0000,123.07,-1.26,1,4.200,4.200,0.900,36,85,0,0.000,0.7600,0.0000,72.92,55.93,160,160,1.00000,1.00000,1.00000,1.00000,0.00000,3,3,0,1,23.64174,0.03416,1.90423,0.0630,0.0078,0.0930,0.0000,0.0000,0.0000,146.93,8.84,-126.16,1,1,0.0000,0.0000,0.3500,-90.00,0.7600,0.4200,1.0000,8.00,180.00,10.000000,0.250000,0.000000,1.200000,0.000000,0.000000,1.200000,0.000000,0.000000,0.900000,0.000000,0.000000,0.850000,0.040000,0.000000,0.008000,0.000000,0.000600,0.008000,0.000000,0.000600,0.006000,0.000000,0.000000,1,1,1,160,232,121,121,120,0,0,61.00,12661,3130,151,0,0,0,12691,331.79,331.79,6,350,0.0000,0.4660,0.5390,0.3650,0.0890
2026-04-28T17:30:07.535,2.686,1,0.19,1.20,0.00,0.00,1,-0.0630,-0.0079,0.2571,0.0000,0.0000,0.0000,123.03,2.19,1,4.200,4.200,0.900,36,85,0,0.000,0.7600,0.0000,55.90,60.05,161,161,1.00000,1.00000,1.00000,1.00000,0.00000,3,3,0,1,23.59577,0.03389,1.89971,0.0630,0.0079,0.0929,0.0000,0.0000,0.0000,146.97,8.85,-126.16,1,1,0.0000,0.0000,0.3500,-90.00,0.7600,0.4200,1.0000,8.00,180.00,10.000000,0.250000,0.000000,1.200000,0.000000,0.000000,1.200000,0.000000,0.000000,0.900000,0.000000,0.000000,0.850000,0.040000,0.000000,0.008000,0.000000,0.000600,0.008000,0.000000,0.000600,0.006000,0.000000,0.000000,1,1,1,161,232,121,121,120,0,0,61.00,12661,3130,151,0,0,0,12691,331.79,331.79,6,350,0.0000,0.4660,0.5390,0.3650,0.0890
2026-04-28T17:30:07.550,2.701,1,0.19,1.20,0.00,0.00,1,-0.0631,-0.0077,0.2572,0.0000,0.0000,0.0000,123.15,-7.43,1,4.200,4.200,0.900,36,85,0,0.000,0.7600,0.0000,54.76,59.13,162,162,1.00000,1.00000,1.00000,1.00000,0.00000,3,3,0,1,23.64262,0.03389,1.90084,0.0631,0.0077,0.0928,0.0000,0.0000,0.0000,146.85,8.72,-126.15,1,1,0.0000,0.0000,0.3500,-90.00,0.7600,0.4200,1.0000,8.00,180.00,10.000000,0.250000,0.000000,1.200000,0.000000,0.000000,1.200000,0.000000,0.000000,0.900000,0.000000,0.000000,0.850000,0.040000,0.000000,0.008000,0.000000,0.000600,0.008000,0.000000,0.000600,0.006000,0.000000,0.000000,1,1,1,162,232,121,121,120,0,0,61.00,12661,3130,151,0,0,0,12691,331.79,331.79,6,350,0.0000,0.4660,0.5390,0.3650,0.0890
2026-04-28T17:30:07.571,2.721,1,0.19,1.20,0.00,0.00,1,-0.0630,-0.0077,0.2572,0.0000,0.0000,0.0000,123.14,0.51,1,4.200,4.200,0.900,36,85,0,0.000,0.7600,0.0000,61.92,61.40,163,163,1.00000,1.00000,1.00000,1.00000,0.00000,3,3,0,1,23.62443,0.03388,1.89917,0.0630,0.0077,0.0928,0.0000,0.0000,0.0000,146.86,8.76,-126.12,1,1,0.0000,0.0000,0.3500,-90.00,0.7600,0.4200,1.0000,8.00,180.00,10.000000,0.250000,0.000000,1.200000,0.000000,0.000000,1.200000,0.000000,0.000000,0.900000,0.000000,0.000000,0.850000,0.040000,0.000000,0.008000,0.000000,0.000600,0.008000,0.000000,0.000600,0.006000,0.000000,0.000000,1,1,1,163,232,121,121,120,0,0,61.00,12661,3130,151,0,0,0,12691,331.79,331.79,6,350,0.0000,0.4660,0.5390,0.3650,0.0890
2026-04-28T17:30:07.579,2.730,1,0.19,1.20,0.00,0.00,1,-0.0630,-0.0077,0.2571,0.0000,0.0000,0.0000,123.15,-1.02,1,4.200,4.200,0.900,36,85,0,0.000,0.7600,0.0000,50.66,60.30,164,164,1.00000,1.00000,1.00000,1.00000,0.00000,3,3,0,1,23.67425,0.03391,1.89995,0.0630,0.0077,0.0929,0.0000,0.0000,0.0000,146.85,8.79,-126.12,1,1,0.0000,0.0000,0.3500,-90.00,0.7600,0.4200,1.0000,8.00,180.00,10.000000,0.250000,0.000000,1.200000,0.000000,0.000000,1.200000,0.000000,0.000000,0.900000,0.000000,0.000000,0.850000,0.040000,0.000000,0.008000,0.000000,0.000600,0.008000,0.000000,0.000600,0.006000,0.000000,0.000000,1,1,1,164,232,121,121,120,0,0,61.00,12661,3130,151,0,0,0,12691,331.79,331.79,6,350,0.0000,0.4660,0.5390,0.3650,0.0890
2026-04-28T17:30:07.600,2.750,1,0.19,1.20,0.00,0.00,1,-0.0630,-0.0078,0.2571,0.0000,0.0000,0.0000,123.12,1.49,1,4.200,4.200,0.900,36,85,0,0.000,0.7600,0.0000,73.27,60.23,165,165,1.00000,1.00000,1.00000,1.00000,0.00000,3,3,0,1,23.61533,0.03382,1.89817,0.0630,0.0078,0.0929,0.0000,0.0000,0.0000,146.88,8.79,-126.15,1,1,0.0000,0.0000,0.3500,-90.00,0.7600,0.4200,1.0000,8.00,180.00,10.000000,0.250000,0.000000,1.200000,0.000000,0.000000,1.200000,0.000000,0.000000,0.900000,0.000000,0.000000,0.850000,0.040000,0.000000,0.008000,0.000000,0.000600,0.008000,0.000000,0.000600,0.006000,0.000000,0.000000,1,1,1,165,232,121,121,120,0,0,61.00,12661,3130,151,0,0,0,12691,331.79,331.79,6,350,0.0000,0.4660,0.5390,0.3650,0.0890
2026-04-28T17:30:07.616,2.767,1,0.19,1.20,0.00,0.00,1,-0.0631,-0.0076,0.2572,0.0000,0.0000,0.0000,123.21,-5.75,1,4.200,4.200,0.900,36,85,0,0.000,0.7600,0.0000,62.11,59.61,166,166,1.00000,1.00000,1.00000,1.00000,0.00000,3,3,0,1,23.61879,0.03383,1.89805,0.0631,0.0076,0.0928,0.0000,0.0000,0.0000,146.79,8.71,-126.10,1,1,0.0000,0.0000,0.3500,-90.00,0.7600,0.4200,1.0000,8.00,180.00,10.000000,0.250000,0.000000,1.200000,0.000000,0.000000,1.200000,0.000000,0.000000,0.900000,0.000000,0.000000,0.850000,0.040000,0.000000,0.008000,0.000000,0.000600,0.008000,0.000000,0.000600,0.006000,0.000000,0.000000,1,1,1,166,231,121,121,120,0,0,61.00,12661,3130,151,0,0,0,12691,331.79,331.79,6,350,0.0000,0.4660,0.5390,0.3650,0.0890
2026-04-28T17:30:07.634,2.785,1,0.19,1.20,0.00,0.00,1,-0.0630,-0.0078,0.2572,0.0000,0.0000,0.0000,123.14,3.91,1,4.200,4.200,0.800,37,86,0,0.000,0.7600,0.0000,61.78,61.35,167,167,1.00000,1.00000,1.00000,1.00000,0.00000,3,3,0,1,23.61714,0.03387,1.89874,0.0630,0.0078,0.0928,0.0000,0.0000,0.0000,146.86,8.77,-126.14,1,1,0.0000,0.0000,0.3500,-90.00,0.7600,0.4200,1.0000,8.00,180.00,10.000000,0.250000,0.000000,1.200000,0.000000,0.000000,1.200000,0.000000,0.000000,0.900000,0.000000,0.000000,0.850000,0.040000,0.000000,0.008000,0.000000,0.000600,0.008000,0.000000,0.000600,0.006000,0.000000,0.000000,1,1,1,167,232,121,121,120,0,0,61.00,12661,3130,151,0,0,0,12691,331.79,331.79,6,350,0.0000,0.4660,0.5390,0.3650,0.0890
2026-04-28T17:30:07.649,2.800,1,0.19,1.20,0.00,0.00,1,-0.0630,-0.0079,0.2570,0.0000,0.0000,0.0000,123.07,4.43,1,4.200,4.200,0.800,37,86,0,0.000,0.7600,0.0000,56.88,60.35,168,168,1.00000,1.00000,1.00000,1.00000,0.00000,3,3,0,1,23.62415,0.03399,1.90200,0.0630,0.0079,0.0930,0.0000,0.0000,0.0000,146.93,8.81,-126.17,1,1,0.0000,0.0000,0.3500,-90.00,0.7600,0.4200,1.0000,8.00,180.00,10.000000,0.250000,0.000000,1.200000,0.000000,0.000000,1.200000,0.000000,0.000000,0.900000,0.000000,0.000000,0.850000,0.040000,0.000000,0.008000,0.000000,0.000600,0.008000,0.000000,0.000600,0.006000,0.000000,0.000000,1,1,1,168,232,121,121,120,0,0,61.00,12661,3130,151,0,0,0,12691,331.79,331.79,6,350,0.0000,0.4660,0.5390,0.3650,0.0890
2026-04-28T17:30:07.666,2.817,1,0.19,1.20,0.00,0.00,1,-0.0629,-0.0076,0.2571,0.0000,0.0000,0.0000,123.19,-7.13,1,4.200,4.200,0.800,37,86,0,0.000,0.7600,0.0000,66.23,60.10,169,169,1.00000,1.00000,1.00000,1.00000,0.00000,3,3,0,1,23.65100,0.03398,1.89770,0.0629,0.0076,0.0929,0.0000,0.0000,0.0000,146.81,8.81,-126.13,1,1,0.0000,0.0000,0.3500,-90.00,0.7600,0.4200,1.0000,8.00,180.00,10.000000,0.250000,0.000000,1.200000,0.000000,0.000000,1.200000,0.000000,0.000000,0.900000,0.000000,0.000000,0.850000,0.040000,0.000000,0.008000,0.000000,0.000600,0.008000,0.000000,0.000600,0.006000,0.000000,0.000000,1,1,1,169,232,121,121,120,0,0,61.00,12661,3130,151,0,0,0,12691,331.79,331.79,6,350,0.0000,0.4660,0.5390,0.3650,0.0890
2026-04-28T17:30:07.684,2.835,1,0.19,1.20,0.00,0.00,1,-0.0630,-0.0079,0.2572,0.0000,0.0000,0.0000,123.13,3.46,1,4.200,4.200,0.800,37,86,0,0.000,0.7600,0.0000,59.98,57.96,170,170,1.00000,1.00000,1.00000,1.00000,0.00000,3,3,0,1,23.59464,0.03402,1.90130,0.0630,0.0079,0.0928,0.0000,0.0000,0.0000,146.87,8.81,-126.14,1,1,0.0000,0.0000,0.3500,-90.00,0.7600,0.4200,1.0000,8.00,180.00,10.000000,0.250000,0.000000,1.200000,0.000000,0.000000,1.200000,0.000000,0.000000,0.900000,0.000000,0.000000,0.850000,0.040000,0.000000,0.008000,0.000000,0.000600,0.008000,0.000000,0.000600,0.006000,0.000000,0.000000,1,1,1,170,232,121,121,120,0,0,61.00,12661,3130,151,0,0,0,12691,331.79,331.79,6,350,0.0000,0.4660,0.5390,0.3650,0.0890
2026-04-28T17:30:07.700,2.850,1,0.19,1.20,0.00,0.00,1,-0.0631,-0.0079,0.2569,0.0000,0.0000,0.0000,123.10,1.92,1,4.200,4.200,0.800,37,86,0,0.000,0.7600,0.0000,52.13,60.36,171,171,1.00000,1.00000,1.00000,1.00000,0.00000,3,3,0,1,23.64420,0.03407,1.90431,0.0631,0.0079,0.0931,0.0000,0.0000,0.0000,146.90,8.82,-126.16,1,1,0.0000,0.0000,0.3500,-90.00,0.7600,0.4200,1.0000,8.00,180.00,10.000000,0.250000,0.000000,1.200000,0.000000,0.000000,1.200000,0.000000,0.000000,0.900000,0.000000,0.000000,0.850000,0.040000,0.000000,0.008000,0.000000,0.000600,0.008000,0.000000,0.000600,0.006000,0.000000,0.000000,1,1,1,171,231,121,121,120,0,0,61.00,12661,3130,151,0,0,0,12691,331.79,331.79,6,350,0.0000,0.4660,0.5390,0.3650,0.0890
2026-04-28T17:30:07.717,2.868,1,0.19,1.20,0.00,0.00,1,-0.0630,-0.0080,0.2571,0.0000,0.0000,0.0000,123.04,3.45,1,4.200,4.200,0.800,37,86,0,0.000,0.7600,0.0000,68.57,60.57,172,172,1.00000,1.00000,1.00000,1.00000,0.00000,3,3,0,1,23.60156,0.03393,1.90125,0.0630,0.0080,0.0929,0.0000,0.0000,0.0000,146.96,8.82,-126.15,1,1,0.0000,0.0000,0.3500,-90.00,0.7600,0.4200,1.0000,8.00,180.00,10.000000,0.250000,0.000000,1.200000,0.000000,0.000000,1.200000,0.000000,0.000000,0.900000,0.000000,0.000000,0.850000,0.040000,0.000000,0.008000,0.000000,0.000600,0.008000,0.000000,0.000600,0.006000,0.000000,0.000000,1,1,1,172,232,121,121,120,0,0,61.00,12661,3130,151,0,0,0,12691,331.79,331.79,6,350,0.0000,0.4660,0.5390,0.3650,0.0890
2026-04-28T17:30:07.732,2.882,1,0.19,1.20,0.00,0.00,1,-0.0630,-0.0080,0.2572,0.0000,0.0000,0.0000,123.06,-1.29,1,4.200,4.200,0.800,37,86,0,0.000,0.7600,0.0000,54.41,58.98,173,173,1.00000,1.00000,1.00000,1.00000,0.00000,3,3,0,1,23.62250,0.03387,1.89999,0.0630,0.0080,0.0928,0.0000,0.0000,0.0000,146.94,8.80,-126.16,1,1,0.0000,0.0000,0.3500,-90.00,0.7600,0.4200,1.0000,8.00,180.00,10.000000,0.250000,0.000000,1.200000,0.000000,0.000000,1.200000,0.000000,0.000000,0.900000,0.000000,0.000000,0.850000,0.040000,0.000000,0.008000,0.000000,0.000600,0.008000,0.000000,0.000600,0.006000,0.000000,0.000000,1,1,1,173,231,121,121,120,0,0,61.00,12661,3130,151,0,0,0,12691,331.79,331.79,6,350,0.0000,0.4660,0.5390,0.3650,0.0890
2026-04-28T17:30:07.752,2.903,1,0.19,1.20,0.00,0.00,1,-0.0630,-0.0080,0.2571,0.0000,0.0000,0.0000,123.07,-0.50,1,4.200,4.200,0.800,37,86,0,0.000,0.7600,0.0000,65.16,58.83,174,174,1.00000,1.00000,1.00000,1.00000,0.00000,3,3,0,1,23.64698,0.03395,1.90216,0.0630,0.0080,0.0929,0.0000,0.0000,0.0000,146.93,8.80,-126.16,1,1,0.0000,0.0000,0.3500,-90.00,0.7600,0.4200,1.0000,8.00,180.00,10.000000,0.250000,0.000000,1.200000,0.000000,0.000000,1.200000,0.000000,0.000000,0.900000,0.000000,0.000000,0.850000,0.040000,0.000000,0.008000,0.000000,0.000600,0.008000,0.000000,0.000600,0.006000,0.000000,0.000000,1,1,1,174,231,121,121,120,0,0,61.00,12661,3130,151,0,0,0,12691,331.79,331.79,6,350,0.0000,0.4660,0.5390,0.3650,0.0890
2026-04-28T17:30:07.767,2.918,1,0.19,1.20,0.00,0.00,1,-0.0630,-0.0078,0.2571,0.0000,0.0000,0.0000,123.11,-2.62,1,4.200,4.200,0.800,37,86,0,0.000,0.7600,0.0000,53.50,61.18,175,175,1.00000,1.00000,1.00000,1.00000,0.00000,3,3,0,1,23.60408,0.03402,1.90081,0.0630,0.0078,0.0929,0.0000,0.0000,0.0000,146.89,8.77,-126.15,1,1,0.0000,0.0000,0.3500,-90.00,0.7600,0.4200,1.0000,8.00,180.00,10.000000,0.250000,0.000000,1.200000,0.000000,0.000000,1.200000,0.000000,0.000000,0.900000,0.000000,0.000000,0.850000,0.040000,0.000000,0.008000,0.000000,0.000600,0.008000,0.000000,0.000600,0.006000,0.000000,0.000000,1,1,1,175,232,121,121,120,0,0,61.00,12661,3130,151,0,0,0,12691,331.79,331.79,6,350,0.0000,0.4660,0.5390,0.3650,0.0890
2026-04-28T17:30:07.784,2.935,1,0.19,1.20,0.00,0.00,1,-0.0630,-0.0078,0.2569,0.0000,0.0000,0.0000,123.06,3.57,1,4.200,4.200,0.800,37,86,0,0.000,0.7600,0.0000,67.61,60.64,176,176,1.00000,1.00000,1.00000,1.00000,0.00000,3,3,0,1,23.64864,0.03407,1.90417,0.0630,0.0078,0.0931,0.0000,0.0000,0.0000,146.94,8.82,-126.17,1,1,0.0000,0.0000,0.3500,-90.00,0.7600,0.4200,1.0000,8.00,180.00,10.000000,0.250000,0.000000,1.200000,0.000000,0.000000,1.200000,0.000000,0.000000,0.900000,0.000000,0.000000,0.850000,0.040000,0.000000,0.008000,0.000000,0.000600,0.008000,0.000000,0.000600,0.006000,0.000000,0.000000,1,1,1,176,232,121,121,120,0,0,61.00,12661,3130,151,0,0,0,12691,331.79,331.79,6,350,0.0000,0.4660,0.5390,0.3650,0.0890
2026-04-28T17:30:07.801,2.952,1,0.19,1.20,0.00,0.00,1,-0.0631,-0.0079,0.2571,0.0000,0.0000,0.0000,123.11,-2.64,1,4.200,4.200,0.800,37,86,0,0.000,0.7600,0.0000,61.59,59.26,177,177,1.00000,1.00000,1.00000,1.00000,0.00000,3,3,0,1,23.61697,0.03404,1.90410,0.0631,0.0079,0.0929,0.0000,0.0000,0.0000,146.89,8.76,-126.17,1,1,0.0000,0.0000,0.3500,-90.00,0.7600,0.4200,1.0000,8.00,180.00,10.000000,0.250000,0.000000,1.200000,0.000000,0.000000,1.200000,0.000000,0.000000,0.900000,0.000000,0.000000,0.850000,0.040000,0.000000,0.008000,0.000000,0.000600,0.008000,0.000000,0.000600,0.006000,0.000000,0.000000,1,1,1,177,232,121,121,120,0,0,61.00,12661,3130,151,0,0,0,12691,331.79,331.79,6,350,0.0000,0.4660,0.5390,0.3650,0.0890
2026-04-28T17:30:07.818,2.969,1,0.19,1.20,0.00,0.00,1,-0.0630,-0.0080,0.2572,0.0000,0.0000,0.0000,123.05,3.52,1,4.200,4.200,0.800,37,86,0,0.000,0.7600,0.0000,56.58,59.06,178,178,1.00000,1.00000,1.00000,1.00000,0.00000,3,3,0,1,23.60349,0.03398,1.90182,0.0630,0.0080,0.0928,0.0000,0.0000,0.0000,146.95,8.81,-126.16,1,1,0.0000,0.0000,0.3500,-90.00,0.7600,0.4200,1.0000,8.00,180.00,10.000000,0.250000,0.000000,1.200000,0.000000,0.000000,1.200000,0.000000,0.000000,0.900000,0.000000,0.000000,0.850000,0.040000,0.000000,0.008000,0.000000,0.000600,0.008000,0.000000,0.000600,0.006000,0.000000,0.000000,1,1,1,178,232,121,121,120,0,0,61.00,12661,3130,151,0,0,0,12691,331.79,331.79,6,350,0.0000,0.4660,0.5390,0.3650,0.0890
2026-04-28T17:30:07.832,2.983,1,0.19,1.20,0.00,0.00,1,-0.0630,-0.0079,0.2571,0.0000,0.0000,0.0000,123.07,-1.33,1,4.200,4.200,0.800,37,86,0,0.000,0.7600,0.0000,58.60,65.73,179,179,1.00000,1.00000,1.00000,1.00000,0.00000,3,3,0,1,23.60995,0.03400,1.90181,0.0630,0.0079,0.0929,0.0000,0.0000,0.0000,146.93,8.79,-126.12,1,1,0.0000,0.0000,0.3500,-90.00,0.7600,0.4200,1.0000,8.00,180.00,10.000000,0.250000,0.000000,1.200000,0.000000,0.000000,1.200000,0.000000,0.000000,0.900000,0.000000,0.000000,0.850000,0.040000,0.000000,0.008000,0.000000,0.000600,0.008000,0.000000,0.000600,0.006000,0.000000,0.000000,1,1,1,179,232,121,121,120,0,0,61.00,12661,3130,151,0,0,0,12691,331.79,331.79,6,350,0.0000,0.4660,0.5390,0.3650,0.0890
2026-04-28T17:30:07.850,3.000,1,0.19,1.20,0.00,0.00,1,-0.0630,-0.0079,0.2570,0.0000,0.0000,0.0000,123.06,0.57,1,4.200,4.200,0.800,37,86,0,0.000,0.7600,0.0000,61.05,56.95,180,180,1.00000,1.00000,1.00000,1.00000,0.00000,3,3,0,1,23.61622,0.03399,1.90231,0.0630,0.0079,0.0930,0.0000,0.0000,0.0000,146.94,8.83,-126.13,1,1,0.0000,0.0000,0.3500,-90.00,0.7600,0.4200,1.0000,8.00,180.00,10.000000,0.250000,0.000000,1.200000,0.000000,0.000000,1.200000,0.000000,0.000000,0.900000,0.000000,0.000000,0.850000,0.040000,0.000000,0.008000,0.000000,0.000600,0.008000,0.000000,0.000600,0.006000,0.000000,0.000000,1,1,1,180,232,121,121,120,0,0,61.00,12661,3130,151,0,0,0,12691,331.79,331.79,6,350,0.0000,0.4660,0.5390,0.3650,0.0890
2026-04-28T17:30:07.868,3.018,1,0.19,1.20,0.00,0.00,1,-0.0631,-0.0076,0.2570,0.0000,0.0000,0.0000,123.13,-4.08,1,4.200,4.200,0.800,37,86,0,0.000,0.7600,0.0000,64.14,58.15,181,181,1.00000,1.00000,1.00000,1.00000,0.00000,3,3,0,1,23.64089,0.03393,1.89988,0.0631,0.0076,0.0930,0.0000,0.0000,0.0000,146.87,8.79,-126.14,1,1,0.0000,0.0000,0.3500,-90.00,0.7600,0.4200,1.0000,8.00,180.00,10.000000,0.250000,0.000000,1.200000,0.000000,0.000000,1.200000,0.000000,0.000000,0.900000,0.000000,0.000000,0.850000,0.040000,0.000000,0.008000,0.000000,0.000600,0.008000,0.000000,0.000600,0.006000,0.000000,0.000000,1,1,1,181,232,121,121,120,0,0,61.00,12661,3130,151,0,0,0,12691,331.79,331.79,6,350,0.0000,0.4660,0.5390,0.3650,0.0890
2026-04-28T17:30:07.883,3.034,1,0.19,1.20,0.00,0.00,1,-0.0630,-0.0078,0.2571,0.0000,0.0000,0.0000,123.11,1.22,1,4.200,4.200,0.800,37,86,0,0.000,0.7600,0.0000,56.24,64.67,182,182,1.00000,1.00000,1.00000,1.00000,0.00000,3,3,0,1,23.64825,0.03395,1.90197,0.0630,0.0078,0.0929,0.0000,0.0000,0.0000,146.89,8.77,-126.17,1,1,0.0000,0.0000,0.3500,-90.00,0.7600,0.4200,1.0000,8.00,180.00,10.000000,0.250000,0.000000,1.200000,0.000000,0.000000,1.200000,0.000000,0.000000,0.900000,0.000000,0.000000,0.850000,0.040000,0.000000,0.008000,0.000000,0.000600,0.008000,0.000000,0.000600,0.006000,0.000000,0.000000,1,1,1,182,232,181,181,180,0,0,60.00,12721,3125,181,0,0,0,12721,502.01,502.01,5,413,0.0000,0.4650,0.5390,0.5050,0.0890
2026-04-28T17:30:07.900,3.050,1,0.19,1.20,0.00,0.00,1,-0.0630,-0.0078,0.2569,0.0000,0.0000,0.0000,123.08,1.94,1,4.200,4.200,0.809,0,-1,0,0.000,0.7600,0.0000,69.26,60.38,183,183,1.00000,1.00000,1.00000,1.00000,0.00000,3,3,0,1,23.64420,0.03407,1.90431,0.0630,0.0078,0.0931,0.0000,0.0000,0.0000,146.92,8.80,-126.17,1,1,0.0000,0.0000,0.3500,-90.00,0.7600,0.4200,1.0000,8.00,180.00,10.000000,0.250000,0.000000,1.200000,0.000000,0.000000,1.200000,0.000000,0.000000,0.900000,0.000000,0.000000,0.850000,0.040000,0.000000,0.008000,0.000000,0.000600,0.008000,0.000000,0.000600,0.006000,0.000000,0.000000,1,1,1,183,231,181,181,180,0,0,60.00,12721,3125,181,0,0,0,12721,502.01,502.01,5,413,0.0000,0.4650,0.5390,0.5050,0.0890
2026-04-28T17:30:07.918,3.069,1,0.19,1.20,0.00,0.00,1,-0.0631,-0.0079,0.2571,0.0000,0.0000,0.0000,123.08,0.00,1,4.200,4.200,0.809,0,-1,0,0.000,0.7600,0.0000,57.13,56.71,184,184,1.00000,1.00000,1.00000,1.00000,0.00000,3,3,0,1,23.62259,0.03410,1.90330,0.0631,0.0079,0.0929,0.0000,0.0000,0.0000,146.92,8.79,-126.17,1,1,0.0000,0.0000,0.3500,-90.00,0.7600,0.4200,1.0000,8.00,180.00,10.000000,0.250000,0.000000,1.200000,0.000000,0.000000,1.200000,0.000000,0.000000,0.900000,0.000000,0.000000,0.850000,0.040000,0.000000,0.008000,0.000000,0.000600,0.008000,0.000000,0.000600,0.006000,0.000000,0.000000,1,1,1,184,232,181,181,180,0,0,60.00,12721,3125,181,0,0,0,12721,502.01,502.01,5,413,0.0000,0.4650,0.5390,0.5050,0.0890
2026-04-28T17:30:07.937,3.087,1,0.00,1.20,0.00,0.00,1,-0.0630,-0.0080,0.2571,0.0000,0.0000,0.0000,123.04,2.13,1,4.200,4.200,0.809,0,-1,0,0.000,0.7600,0.0000,53.51,60.81,185,185,1.00000,1.00000,1.00000,1.00000,0.00000,3,3,0,1,23.59620,0.03392,1.90000,0.0630,0.0080,0.0929,0.0000,0.0000,0.0000,146.96,8.83,-126.17,1,1,0.0000,0.0000,0.3500,-90.00,0.7600,0.4200,1.0000,8.00,180.00,10.000000,0.250000,0.000000,1.200000,0.000000,0.000000,1.200000,0.000000,0.000000,0.900000,0.000000,0.000000,0.850000,0.040000,0.000000,0.008000,0.000000,0.000600,0.008000,0.000000,0.000600,0.006000,0.000000,0.000000,1,1,1,185,232,181,181,180,0,0,60.00,12721,3125,181,0,0,0,12721,502.01,502.01,5,413,0.0000,0.4650,0.5390,0.5050,0.0890
2026-04-28T17:30:07.950,3.101,1,0.00,1.20,0.00,0.00,1,-0.0630,-0.0079,0.2569,0.0000,0.0000,0.0000,123.05,-0.76,1,4.200,4.200,0.809,0,-1,0,0.000,0.7600,0.0000,54.48,58.81,186,186,1.00000,1.00000,1.00000,1.00000,0.00000,3,3,0,1,23.64420,0.03407,1.90431,0.0630,0.0079,0.0931,0.0000,0.0000,0.0000,146.95,8.83,-126.17,1,1,0.0000,0.0000,0.3500,-90.00,0.7600,0.4200,1.0000,8.00,180.00,10.000000,0.250000,0.000000,1.200000,0.000000,0.000000,1.200000,0.000000,0.000000,0.900000,0.000000,0.000000,0.850000,0.040000,0.000000,0.008000,0.000000,0.000600,0.008000,0.000000,0.000600,0.006000,0.000000,0.000000,1,1,1,186,232,181,181,180,0,0,60.00,12721,3125,181,0,0,0,12721,502.01,502.01,5,413,0.0000,0.4650,0.5390,0.5050,0.0890
2026-04-28T17:30:07.968,3.118,1,0.00,1.20,0.00,0.00,1,-0.0630,-0.0078,0.2572,0.0000,0.0000,0.0000,123.08,-1.71,1,4.200,4.200,0.809,0,-1,0,0.000,0.7600,0.0000,76.90,58.87,187,187,1.00000,1.00000,1.00000,1.00000,0.00000,3,3,0,1,23.61131,0.03390,1.89852,0.0630,0.0078,0.0928,0.0000,0.0000,0.0000,146.92,8.80,-126.15,1,1,0.0000,0.0000,0.3500,-90.00,0.7600,0.4200,1.0000,8.00,180.00,10.000000,0.250000,0.000000,1.200000,0.000000,0.000000,1.200000,0.000000,0.000000,0.900000,0.000000,0.000000,0.850000,0.040000,0.000000,0.008000,0.000000,0.000600,0.008000,0.000000,0.000600,0.006000,0.000000,0.000000,1,1,1,187,231,181,181,180,0,0,60.00,12721,3125,181,0,0,0,12721,502.01,502.01,5,413,0.0000,0.4650,0.5390,0.5050,0.0890
2026-04-28T17:30:07.982,3.133,1,0.00,1.20,0.00,0.00,1,-0.0630,-0.0078,0.2572,0.0000,0.0000,0.0000,123.13,-3.21,1,4.200,4.200,0.809,0,-1,0,0.000,0.7600,0.0000,55.47,61.09,188,188,1.00000,1.00000,1.00000,1.00000,0.00000,3,3,0,1,23.62042,0.03391,1.89960,0.0630,0.0078,0.0928,0.0000,0.0000,0.0000,146.87,8.78,-126.12,1,1,0.0000,0.0000,0.3500,-90.00,0.7600,0.4200,1.0000,8.00,180.00,10.000000,0.250000,0.000000,1.200000,0.000000,0.000000,1.200000,0.000000,0.000000,0.900000,0.000000,0.000000,0.850000,0.040000,0.000000,0.008000,0.000000,0.000600,0.008000,0.000000,0.000600,0.006000,0.000000,0.000000,1,1,1,188,232,181,181,180,0,0,60.00,12721,3125,181,0,0,0,12721,502.01,502.01,5,413,0.0000,0.4650,0.5390,0.5050,0.0890
2026-04-28T17:30:07.999,3.150,1,0.00,1.20,0.00,0.00,1,-0.0630,-0.0077,0.2572,0.0000,0.0000,0.0000,123.15,-1.18,1,4.200,4.200,0.809,0,-1,0,0.000,0.7600,0.0000,60.74,60.66,189,189,1.00000,1.00000,1.00000,1.00000,0.00000,3,3,0,1,23.63263,0.03397,1.90064,0.0630,0.0077,0.0928,0.0000,0.0000,0.0000,146.85,8.74,-126.14,1,1,0.0000,0.0000,0.3500,-90.00,0.7600,0.4200,1.0000,8.00,180.00,10.000000,0.250000,0.000000,1.200000,0.000000,0.000000,1.200000,0.000000,0.000000,0.900000,0.000000,0.000000,0.850000,0.040000,0.000000,0.008000,0.000000,0.000600,0.008000,0.000000,0.000600,0.006000,0.000000,0.000000,1,1,1,189,232,181,181,180,0,0,60.00,12721,3125,181,0,0,0,12721,502.01,502.01,5,413,0.0000,0.4650,0.5390,0.5050,0.0890
2026-04-28T17:30:08.017,3.168,1,0.00,1.20,0.00,0.00,1,-0.0630,-0.0078,0.2572,0.0000,0.0000,0.0000,123.15,0.00,1,4.200,4.200,0.809,0,-1,0,0.000,0.7600,0.0000,61.68,62.54,190,190,1.00000,1.00000,1.00000,1.00000,0.00000,3,3,0,1,23.58145,0.03395,1.90006,0.0630,0.0078,0.0928,0.0000,0.0000,0.0000,146.85,8.73,-126.12,1,1,0.0000,0.0000,0.3500,-90.00,0.7600,0.4200,1.0000,8.00,180.00,10.000000,0.250000,0.000000,1.200000,0.000000,0.000000,1.200000,0.000000,0.000000,0.900000,0.000000,0.000000,0.850000,0.040000,0.000000,0.008000,0.000000,0.000600,0.008000,0.000000,0.000600,0.006000,0.000000,0.000000,1,1,1,190,232,181,181,180,0,0,60.00,12721,3125,181,0,0,0,12721,502.01,502.01,5,413,0.0000,0.4650,0.5390,0.5050,0.0890
2026-04-28T17:30:08.034,3.185,1,0.30,1.20,1.01,0.00,1,-0.0631,-0.0076,0.2570,0.0000,0.0000,0.0000,123.21,-3.43,1,4.200,4.200,0.809,0,-1,0,0.000,0.7600,0.0000,60.71,57.77,191,191,1.00000,1.00000,1.00000,1.00000,0.00000,3,3,0,1,23.67902,0.03395,1.90196,0.0631,0.0076,0.0930,0.0000,0.0000,0.0000,146.79,8.72,-126.11,1,1,0.0000,0.0000,0.3500,-90.00,0.7600,0.4200,1.0000,8.00,180.00,10.000000,0.250000,0.000000,1.200000,0.000000,0.000000,1.200000,0.000000,0.000000,0.900000,0.000000,0.000000,0.850000,0.040000,0.000000,0.008000,0.000000,0.000600,0.008000,0.000000,0.000600,0.006000,0.000000,0.000000,1,1,1,191,232,181,181,180,0,0,60.00,12721,3125,181,0,0,0,12721,502.01,502.01,5,413,0.0000,0.4650,0.5390,0.5050,0.0890
2026-04-28T17:30:08.050,3.200,1,0.30,1.20,1.01,0.00,1,-0.0631,-0.0079,0.2570,0.0000,0.0000,0.0000,123.13,4.82,1,4.200,4.200,0.809,0,-1,0,0.000,0.7600,0.0000,57.78,64.29,192,192,1.00000,1.00000,1.00000,1.00000,0.00000,3,3,0,1,23.62157,0.03400,1.90356,0.0631,0.0079,0.0930,0.0000,0.0000,0.0000,146.87,8.77,-126.12,1,1,0.0000,0.0000,0.3500,-90.00,0.7600,0.4200,1.0000,8.00,180.00,10.000000,0.250000,0.000000,1.200000,0.000000,0.000000,1.200000,0.000000,0.000000,0.900000,0.000000,0.000000,0.850000,0.040000,0.000000,0.008000,0.000000,0.000600,0.008000,0.000000,0.000600,0.006000,0.000000,0.000000,1,1,1,192,232,181,181,180,0,0,60.00,12721,3125,181,0,0,0,12721,502.01,502.01,5,413,0.0000,0.4650,0.5390,0.5050,0.0890
2026-04-28T17:30:08.066,3.217,1,0.30,1.20,1.01,0.00,1,-0.0631,-0.0078,0.2571,0.0000,0.0000,0.0000,123.14,-0.61,1,4.200,4.200,0.809,0,-1,0,0.000,0.7600,0.0000,64.46,55.02,193,193,1.00000,1.00000,1.00000,1.00000,0.00000,3,3,0,1,23.60942,0.03402,1.90206,0.0631,0.0078,0.0929,0.0000,0.0000,0.0000,146.86,8.73,-126.12,1,1,0.0000,0.0000,0.3500,-90.00,0.7600,0.4200,1.0000,8.00,180.00,10.000000,0.250000,0.000000,1.200000,0.000000,0.000000,1.200000,0.000000,0.000000,0.900000,0.000000,0.000000,0.850000,0.040000,0.000000,0.008000,0.000000,0.000600,0.008000,0.000000,0.000600,0.006000,0.000000,0.000000,1,1,1,193,232,181,181,180,0,0,60.00,12721,3125,181,0,0,0,12721,502.01,502.01,5,413,0.0000,0.4650,0.5390,0.5050,0.0890
2026-04-28T17:30:08.084,3.234,1,0.30,1.20,0.00,0.00,1,-0.0630,-0.0077,0.2571,0.0000,0.0000,0.0000,123.20,-3.69,1,4.200,4.200,0.809,0,-1,0,0.000,0.7600,0.0000,54.47,61.34,194,194,1.00000,1.00000,1.00000,1.00000,0.00000,3,3,0,1,23.62542,0.03397,1.89844,0.0630,0.0077,0.0929,0.0000,0.0000,0.0000,146.80,8.76,-126.08,1,1,0.0000,0.0000,0.3500,-90.00,0.7600,0.4200,1.0000,8.00,180.00,10.000000,0.250000,0.000000,1.200000,0.000000,0.000000,1.200000,0.000000,0.000000,0.900000,0.000000,0.000000,0.850000,0.040000,0.000000,0.008000,0.000000,0.000600,0.008000,0.000000,0.000600,0.006000,0.000000,0.000000,1,1,1,194,231,181,181,180,0,0,60.00,12721,3125,181,0,0,0,12721,502.01,502.01,5,413,0.0000,0.4650,0.5390,0.5050,0.0890
2026-04-28T17:30:08.100,3.251,1,0.30,1.20,0.00,0.00,1,-0.0630,-0.0077,0.2570,0.0000,0.0000,0.0000,123.17,1.68,1,4.200,4.200,0.809,0,-1,0,0.000,0.7600,0.0000,64.55,60.26,195,195,1.00000,1.00000,1.00000,1.00000,0.00000,3,3,0,1,23.64887,0.03396,1.90134,0.0630,0.0077,0.0930,0.0000,0.0000,0.0000,146.83,8.79,-126.08,1,1,0.0000,0.0000,0.3500,-90.00,0.7600,0.4200,1.0000,8.00,180.00,10.000000,0.250000,0.000000,1.200000,0.000000,0.000000,1.200000,0.000000,0.000000,0.900000,0.000000,0.000000,0.850000,0.040000,0.000000,0.008000,0.000000,0.000600,0.008000,0.000000,0.000600,0.006000,0.000000,0.000000,1,1,1,195,232,181,181,180,0,0,60.00,12721,3125,181,0,0,0,12721,502.01,502.01,5,413,0.0000,0.4650,0.5390,0.5050,0.0890
2026-04-28T17:30:08.118,3.268,1,0.30,1.20,0.00,0.00,1,-0.0630,-0.0079,0.2570,0.0000,0.0000,0.0000,123.08,7.37,1,4.200,4.200,0.809,0,-1,0,0.000,0.7600,0.0000,56.82,62.12,196,196,1.00000,1.00000,1.00000,1.00000,0.00000,3,3,0,1,23.62067,0.03399,1.90217,0.0630,0.0079,0.0930,0.0000,0.0000,0.0000,146.92,8.85,-126.11,1,1,0.0000,0.0000,0.3500,-90.00,0.7600,0.4200,1.0000,8.00,180.00,10.000000,0.250000,0.000000,1.200000,0.000000,0.000000,1.200000,0.000000,0.000000,0.900000,0.000000,0.000000,0.850000,0.040000,0.000000,0.008000,0.000000,0.000600,0.008000,0.000000,0.000600,0.006000,0.000000,0.000000,1,1,1,196,232,181,181,180,0,0,60.00,12721,3125,181,0,0,0,12721,502.01,502.01,5,413,0.0000,0.4650,0.5390,0.5050,0.0890
2026-04-28T17:30:08.136,3.286,1,0.30,1.20,0.00,0.00,1,-0.0630,-0.0078,0.2570,0.0000,0.0000,0.0000,123.11,-1.41,1,4.200,4.200,0.809,0,-1,0,0.000,0.7600,0.0000,64.74,57.59,197,197,1.00000,1.00000,1.00000,1.00000,0.00000,3,3,0,1,23.66116,0.03402,1.90239,0.0630,0.0078,0.0930,0.0000,0.0000,0.0000,146.89,8.80,-126.13,1,1,0.0000,0.0000,0.3500,-90.00,0.7600,0.4200,1.0000,8.00,180.00,10.000000,0.250000,0.000000,1.200000,0.000000,0.000000,1.200000,0.000000,0.000000,0.900000,0.000000,0.000000,0.850000,0.040000,0.000000,0.008000,0.000000,0.000600,0.008000,0.000000,0.000600,0.006000,0.000000,0.000000,1,1,1,197,231,181,181,180,0,0,60.00,12721,3125,181,0,0,0,12721,502.01,502.01,5,413,0.0000,0.4650,0.5390,0.5050,0.0890
2026-04-28T17:30:08.150,3.301,1,0.30,1.20,0.00,0.00,1,-0.0630,-0.0077,0.2570,0.0000,0.0000,0.0000,123.12,-0.59,1,4.200,4.200,0.800,37,87,0,0.000,0.7600,0.0000,55.37,58.66,198,198,1.00000,1.00000,1.00000,1.00000,0.00000,3,3,0,1,23.64702,0.03391,1.90080,0.0630,0.0077,0.0930,0.0000,0.0000,0.0000,146.88,8.79,-126.10,1,1,0.0000,0.0000,0.3500,-90.00,0.7600,0.4200,1.0000,8.00,180.00,10.000000,0.250000,0.000000,1.200000,0.000000,0.000000,1.200000,0.000000,0.000000,0.900000,0.000000,0.000000,0.850000,0.040000,0.000000,0.008000,0.000000,0.000600,0.008000,0.000000,0.000600,0.006000,0.000000,0.000000,1,1,1,198,231,181,181,180,0,0,60.00,12721,3125,181,0,0,0,12721,502.01,502.01,5,413,0.0000,0.4650,0.5390,0.5050,0.0890
2026-04-28T17:30:08.168,3.318,1,0.30,1.20,0.00,0.00,1,-0.0631,-0.0079,0.2571,0.0000,0.0000,0.0000,123.06,3.51,1,4.200,4.200,0.800,37,87,0,0.000,0.7600,0.0000,61.48,63.35,199,199,1.00000,1.00000,1.00000,1.00000,0.00000,3,3,0,1,23.62950,0.03400,1.90325,0.0631,0.0079,0.0929,0.0000,0.0000,0.0000,146.94,8.79,-126.14,1,1,0.0000,0.0000,0.3500,-90.00,0.7600,0.4200,1.0000,8.00,180.00,10.000000,0.250000,0.000000,1.200000,0.000000,0.000000,1.200000,0.000000,0.000000,0.900000,0.000000,0.000000,0.850000,0.040000,0.000000,0.008000,0.000000,0.000600,0.008000,0.000000,0.000600,0.006000,0.000000,0.000000,1,1,1,199,232,181,181,180,0,0,60.00,12721,3125,181,0,0,0,12721,502.01,502.01,5,413,0.0000,0.4650,0.5390,0.5050,0.0890
2026-04-28T17:30:08.184,3.335,1,0.30,1.20,0.00,0.00,1,-0.0631,-0.0079,0.2571,0.0000,0.0000,0.0000,123.03,1.92,1,4.200,4.200,0.800,37,87,0,0.000,0.7600,0.0000,55.08,61.02,200,200,1.00000,1.00000,1.00000,1.00000,0.00000,3,3,0,1,23.62907,0.03398,1.90296,0.0631,0.0079,0.0929,0.0000,0.0000,0.0000,146.97,8.78,-126.16,1,1,0.0000,0.0000,0.3500,-90.00,0.7600,0.4200,1.0000,8.00,180.00,10.000000,0.250000,0.000000,1.200000,0.000000,0.000000,1.200000,0.000000,0.000000,0.900000,0.000000,0.000000,0.850000,0.040000,0.000000,0.008000,0.000000,0.000600,0.008000,0.000000,0.000600,0.006000,0.000000,0.000000,1,1,1,200,232,181,181,180,0,0,60.00,12721,3125,181,0,0,0,12721,502.01,502.01,5,413,0.0000,0.4650,0.5390,0.5050,0.0890
2026-04-28T17:30:08.198,3.349,1,0.30,1.20,0.00,0.00,1,-0.0629,-0.0078,0.2572,0.0000,0.0000,0.0000,123.07,-2.63,1,4.200,4.200,0.800,37,87,0,0.000,0.7600,0.0000,69.24,60.72,201,201,1.00000,1.00000,1.00000,1.00000,0.00000,3,3,0,1,23.60596,0.03389,1.89727,0.0629,0.0078,0.0928,0.0000,0.0000,0.0000,146.93,8.80,-126.15,1,1,0.0000,0.0000,0.3500,-90.00,0.7600,0.4200,1.0000,8.00,180.00,10.000000,0.250000,0.000000,1.200000,0.000000,0.000000,1.200000,0.000000,0.000000,0.900000,0.000000,0.000000,0.850000,0.040000,0.000000,0.008000,0.000000,0.000600,0.008000,0.000000,0.000600,0.006000,0.000000,0.000000,1,1,1,201,231,181,181,180,0,0,60.00,12721,3125,181,0,0,0,12721,502.01,502.01,5,413,0.0000,0.4650,0.5390,0.5050,0.0890
2026-04-28T17:30:08.217,3.368,1,0.30,1.20,0.00,0.00,1,-0.0630,-0.0079,0.2570,0.0000,0.0000,0.0000,123.06,0.54,1,4.200,4.200,0.800,37,87,0,0.000,0.7600,0.0000,59.30,59.13,202,202,1.00000,1.00000,1.00000,1.00000,0.00000,3,3,0,1,23.61622,0.03399,1.90231,0.0630,0.0079,0.0930,0.0000,0.0000,0.0000,146.94,8.83,-126.15,1,1,0.0000,0.0000,0.3500,-90.00,0.7600,0.4200,1.0000,8.00,180.00,10.000000,0.250000,0.000000,1.200000,0.000000,0.000000,1.200000,0.000000,0.000000,0.900000,0.000000,0.000000,0.850000,0.040000,0.000000,0.008000,0.000000,0.000600,0.008000,0.000000,0.000600,0.006000,0.000000,0.000000,1,1,1,202,232,181,181,180,0,0,60.00,12721,3125,181,0,0,0,12721,502.01,502.01,5,413,0.0000,0.4650,0.5390,0.5050,0.0890
2026-04-28T17:30:08.235,3.386,1,0.30,1.20,0.00,0.00,1,-0.0629,-0.0078,0.2571,0.0000,0.0000,0.0000,123.10,-2.33,1,4.200,4.200,0.800,37,87,0,0.000,0.7600,0.0000,60.87,56.40,203,203,1.00000,1.00000,1.00000,1.00000,0.00000,3,3,0,1,23.59275,0.03396,1.89565,0.0629,0.0078,0.0929,0.0000,0.0000,0.0000,146.90,8.78,-126.12,1,1,0.0000,0.0000,0.3500,-90.00,0.7600,0.4200,1.0000,8.00,180.00,10.000000,0.250000,0.000000,1.200000,0.000000,0.000000,1.200000,0.000000,0.000000,0.900000,0.000000,0.000000,0.850000,0.040000,0.000000,0.008000,0.000000,0.000600,0.008000,0.000000,0.000600,0.006000,0.000000,0.000000,1,1,1,203,231,181,181,180,0,0,60.00,12721,3125,181,0,0,0,12721,502.01,502.01,5,413,0.0000,0.4650,0.5390,0.5050,0.0890
2026-04-28T17:30:08.250,3.401,1,0.30,1.20,0.00,0.00,1,-0.0630,-0.0078,0.2570,0.0000,0.0000,0.0000,123.12,-1.24,1,4.200,4.200,0.800,37,87,0,0.000,0.7600,0.0000,53.94,64.07,204,204,1.00000,1.00000,1.00000,1.00000,0.00000,3,3,0,1,23.60059,0.03402,1.90099,0.0630,0.0078,0.0930,0.0000,0.0000,0.0000,146.88,8.79,-126.10,1,1,0.0000,0.0000,0.3500,-90.00,0.7600,0.4200,1.0000,8.00,180.00,10.000000,0.250000,0.000000,1.200000,0.000000,0.000000,1.200000,0.000000,0.000000,0.900000,0.000000,0.000000,0.850000,0.040000,0.000000,0.008000,0.000000,0.000600,0.008000,0.000000,0.000600,0.006000,0.000000,0.000000,1,1,1,204,231,181,181,180,0,0,60.00,12721,3125,181,0,0,0,12721,502.01,502.01,5,413,0.0000,0.4650,0.5390,0.5050,0.0890
2026-04-28T17:30:08.267,3.418,1,0.30,1.20,0.00,0.00,1,-0.0630,-0.0078,0.2570,0.0000,0.0000,0.0000,123.08,2.46,1,4.200,4.200,0.800,37,87,0,0.000,0.7600,0.0000,64.20,58.22,205,205,1.00000,1.00000,1.00000,1.00000,0.00000,3,3,0,1,23.64542,0.03389,1.90001,0.0630,0.0078,0.0930,0.0000,0.0000,0.0000,146.92,8.80,-126.16,1,1,0.0000,0.0000,0.3500,-90.00,0.7600,0.4200,1.0000,8.00,180.00,10.000000,0.250000,0.000000,1.200000,0.000000,0.000000,1.200000,0.000000,0.000000,0.900000,0.000000,0.000000,0.850000,0.040000,0.000000,0.008000,0.000000,0.000600,0.008000,0.000000,0.000600,0.006000,0.000000,0.000000,1,1,1,205,231,181,181,180,0,0,60.00,12721,3125,181,0,0,0,12721,502.01,502.01,5,413,0.0000,0.4650,0.5390,0.5050,0.0890
2026-04-28T17:30:08.284,3.435,1,0.30,1.20,0.00,0.00,1,-0.0630,-0.0079,0.2571,0.0000,0.0000,0.0000,123.07,0.61,1,4.200,4.200,0.800,37,87,0,0.000,0.7600,0.0000,60.50,62.12,206,206,1.00000,1.00000,1.00000,1.00000,0.00000,3,3,0,1,23.60693,0.03397,1.90278,0.0630,0.0079,0.0929,0.0000,0.0000,0.0000,146.93,8.80,-126.15,1,1,0.0000,0.0000,0.3500,-90.00,0.7600,0.4200,1.0000,8.00,180.00,10.000000,0.250000,0.000000,1.200000,0.000000,0.000000,1.200000,0.000000,0.000000,0.900000,0.000000,0.000000,0.850000,0.040000,0.000000,0.008000,0.000000,0.000600,0.008000,0.000000,0.000600,0.006000,0.000000,0.000000,1,1,1,206,231,181,181,180,0,0,60.00,12721,3125,181,0,0,0,12721,502.01,502.01,5,413,0.0000,0.4650,0.5390,0.5050,0.0890
2026-04-28T17:30:08.300,3.451,1,0.30,1.20,0.00,0.00,1,-0.0631,-0.0080,0.2572,0.0000,0.0000,0.0000,123.07,0.00,1,4.200,4.200,0.800,37,87,0,0.000,0.7600,0.0000,60.58,58.48,207,207,1.00000,1.00000,1.00000,1.00000,0.00000,3,3,0,1,23.59464,0.03402,1.90130,0.0631,0.0080,0.0928,0.0000,0.0000,0.0000,146.93,8.80,-126.15,1,1,0.0000,0.0000,0.3500,-90.00,0.7600,0.4200,1.0000,8.00,180.00,10.000000,0.250000,0.000000,1.200000,0.000000,0.000000,1.200000,0.000000,0.000000,0.900000,0.000000,0.000000,0.850000,0.040000,0.000000,0.008000,0.000000,0.000600,0.008000,0.000000,0.000600,0.006000,0.000000,0.000000,1,1,1,207,231,181,181,180,0,0,60.00,12721,3125,181,0,0,0,12721,502.01,502.01,5,413,0.0000,0.4650,0.5390,0.5050,0.0890
2026-04-28T17:30:08.315,3.466,1,0.30,1.20,0.00,0.00,1,-0.0631,-0.0077,0.2569,0.0000,0.0000,0.0000,123.14,-4.13,1,4.200,4.200,0.800,37,87,0,0.000,0.7600,0.0000,62.57,61.66,208,208,1.00000,1.00000,1.00000,1.00000,0.00000,3,3,0,1,23.66536,0.03400,1.90206,0.0631,0.0077,0.0931,0.0000,0.0000,0.0000,146.86,8.79,-126.14,1,1,0.0000,0.0000,0.3500,-90.00,0.7600,0.4200,1.0000,8.00,180.00,10.000000,0.250000,0.000000,1.200000,0.000000,0.000000,1.200000,0.000000,0.000000,0.900000,0.000000,0.000000,0.850000,0.040000,0.000000,0.008000,0.000000,0.000600,0.008000,0.000000,0.000600,0.006000,0.000000,0.000000,1,1,1,208,232,181,181,180,0,0,60.00,12721,3125,181,0,0,0,12721,502.01,502.01,5,413,0.0000,0.4650,0.5390,0.5050,0.0890
2026-04-28T17:30:08.333,3.484,1,0.30,1.20,0.00,0.00,1,-0.0630,-0.0078,0.2571,0.0000,0.0000,0.0000,123.11,1.78,1,4.200,4.200,0.800,37,87,0,0.000,0.7600,0.0000,69.08,56.62,209,209,1.00000,1.00000,1.00000,1.00000,0.00000,3,3,0,1,23.58056,0.03394,1.89868,0.0630,0.0078,0.0929,0.0000,0.0000,0.0000,146.89,8.80,-126.12,1,1,0.0000,0.0000,0.3500,-90.00,0.7600,0.4200,1.0000,8.00,180.00,10.000000,0.250000,0.000000,1.200000,0.000000,0.000000,1.200000,0.000000,0.000000,0.900000,0.000000,0.000000,0.850000,0.040000,0.000000,0.008000,0.000000,0.000600,0.008000,0.000000,0.000600,0.006000,0.000000,0.000000,1,1,1,209,231,181,181,180,0,0,60.00,12721,3125,181,0,0,0,12721,502.01,502.01,5,413,0.0000,0.4650,0.5390,0.5050,0.0890
2026-04-28T17:30:08.350,3.501,1,0.30,1.20,0.00,0.00,1,-0.0630,-0.0080,0.2571,0.0000,0.0000,0.0000,123.08,1.82,1,4.200,4.200,0.800,37,87,0,0.000,0.7600,0.0000,52.64,64.05,210,210,1.00000,1.00000,1.00000,1.00000,0.00000,3,3,0,1,23.62157,0.03400,1.90356,0.0630,0.0080,0.0929,0.0000,0.0000,0.0000,146.92,8.81,-126.13,1,1,0.0000,0.0000,0.3500,-90.00,0.7600,0.4200,1.0000,8.00,180.00,10.000000,0.250000,0.000000,1.200000,0.000000,0.000000,1.200000,0.000000,0.000000,0.900000,0.000000,0.000000,0.850000,0.040000,0.000000,0.008000,0.000000,0.000600,0.008000,0.000000,0.000600,0.006000,0.000000,0.000000,1,1,1,210,232,181,181,180,0,0,60.00,12721,3125,181,0,0,0,12721,502.01,502.01,5,413,0.0000,0.4650,0.5390,0.5050,0.0890
2026-04-28T17:30:08.367,3.518,1,0.30,1.20,0.00,0.00,1,-0.0630,-0.0077,0.2570,0.0000,0.0000,0.0000,123.08,0.00,1,4.200,4.200,0.800,37,87,0,0.000,0.7600,0.0000,60.04,60.10,211,211,1.00000,1.00000,1.00000,1.00000,0.00000,3,3,0,1,23.65115,0.03395,1.89988,0.0630,0.0077,0.0930,0.0000,0.0000,0.0000,146.92,8.83,-126.14,1,1,0.0000,0.0000,0.3500,-90.00,0.7600,0.4200,1.0000,8.00,180.00,10.000000,0.250000,0.000000,1.200000,0.000000,0.000000,1.200000,0.000000,0.000000,0.900000,0.000000,0.000000,0.850000,0.040000,0.000000,0.008000,0.000000,0.000600,0.008000,0.000000,0.000600,0.006000,0.000000,0.000000,1,1,1,211,232,181,181,180,0,0,60.00,12721,3125,181,0,0,0,12721,502.01,502.01,5,413,0.0000,0.4650,0.5390,0.5050,0.0890
2026-04-28T17:30:08.384,3.535,1,0.30,1.20,0.00,0.00,1,-0.0631,-0.0077,0.2571,0.0000,0.0000,0.0000,123.12,-2.13,1,4.200,4.200,0.800,37,87,0,0.000,0.7600,0.0000,62.66,56.29,212,212,1.00000,1.00000,1.00000,1.00000,0.00000,3,3,0,1,23.60942,0.03402,1.90206,0.0631,0.0077,0.0929,0.0000,0.0000,0.0000,146.88,8.76,-126.13,1,1,0.0000,0.0000,0.3500,-90.00,0.7600,0.4200,1.0000,8.00,180.00,10.000000,0.250000,0.000000,1.200000,0.000000,0.000000,1.200000,0.000000,0.000000,0.900000,0.000000,0.000000,0.850000,0.040000,0.000000,0.008000,0.000000,0.000600,0.008000,0.000000,0.000600,0.006000,0.000000,0.000000,1,1,1,212,232,181,181,180,0,0,60.00,12721,3125,211,0,0,0,12751,501.50,501.50,5,1744,0.0000,0.4650,0.5400,0.6450,0.0890
2026-04-28T17:30:08.399,3.550,1,0.30,1.29,0.00,0.95,1,-0.0630,-0.0080,0.2570,0.0000,0.0000,0.0000,123.07,3.20,1,4.200,4.200,0.800,37,87,0,0.000,0.7600,0.0000,55.11,62.44,213,213,1.00000,1.00000,1.00000,1.00000,0.00000,3,3,0,1,23.67870,0.03400,1.90342,0.0630,0.0080,0.0930,0.0000,0.0000,0.0000,146.93,8.82,-126.14,1,1,0.0000,0.0000,0.3500,-90.00,0.7600,0.4200,1.0000,8.00,180.00,10.000000,0.250000,0.000000,1.200000,0.000000,0.000000,1.200000,0.000000,0.000000,0.900000,0.000000,0.000000,0.850000,0.040000,0.000000,0.008000,0.000000,0.000600,0.008000,0.000000,0.000600,0.006000,0.000000,0.000000,1,1,1,213,232,181,181,180,0,0,60.00,12721,3125,211,0,0,0,12751,501.50,501.50,5,1744,0.0000,0.4650,0.5400,0.6450,0.0890
2026-04-28T17:30:08.416,3.566,1,0.30,1.29,0.00,0.95,1,-0.0631,-0.0079,0.2570,0.0000,0.0000,0.0000,123.07,0.00,1,4.200,4.200,0.800,37,87,0,0.000,0.7600,0.0000,65.39,59.11,214,214,1.00000,1.00000,1.00000,1.00000,0.00000,3,3,0,1,23.61724,0.03409,1.90205,0.0631,0.0079,0.0930,0.0000,0.0000,0.0000,146.93,8.82,-126.16,1,1,0.0000,0.0000,0.3500,-90.00,0.7600,0.4200,1.0000,8.00,180.00,10.000000,0.250000,0.000000,1.200000,0.000000,0.000000,1.200000,0.000000,0.000000,0.900000,0.000000,0.000000,0.850000,0.040000,0.000000,0.008000,0.000000,0.000600,0.008000,0.000000,0.000600,0.006000,0.000000,0.000000,1,1,1,214,232,181,181,180,0,0,60.00,12721,3125,211,0,0,0,12751,501.50,501.50,5,1744,0.0000,0.4650,0.5400,0.6450,0.0890
2026-04-28T17:30:08.433,3.584,1,0.30,1.29,0.00,0.95,1,-0.0630,-0.0079,0.2571,0.0000,0.0000,0.0000,123.08,-0.61,1,4.200,4.200,0.800,37,87,0,0.000,0.7600,0.0000,66.32,62.70,215,215,1.00000,1.00000,1.00000,1.00000,0.00000,3,3,0,1,23.64825,0.03395,1.90197,0.0630,0.0079,0.0929,0.0000,0.0000,0.0000,146.92,8.79,-126.18,1,1,0.0000,0.0000,0.3500,-90.00,0.7600,0.4200,1.0000,8.00,180.00,10.000000,0.250000,0.000000,1.200000,0.000000,0.000000,1.200000,0.000000,0.000000,0.900000,0.000000,0.000000,0.850000,0.040000,0.000000,0.008000,0.000000,0.000600,0.008000,0.000000,0.000600,0.006000,0.000000,0.000000,1,1,1,215,232,181,181,180,0,0,60.00,12721,3125,211,0,0,0,12751,501.50,501.50,5,1744,0.0000,0.4650,0.5400,0.6450,0.0890
2026-04-28T17:30:08.452,3.602,1,0.30,1.29,0.00,0.95,1,-0.0630,-0.0079,0.2570,0.0000,0.0000,0.0000,123.07,0.56,1,4.200,4.200,0.800,37,87,0,0.000,0.7600,0.0000,52.18,59.92,216,216,1.00000,1.00000,1.00000,1.00000,0.00000,3,3,0,1,23.61971,0.03399,1.90214,0.0630,0.0079,0.0930,0.0000,0.0000,0.0000,146.93,8.79,-126.19,1,1,0.0000,0.0000,0.3500,-90.00,0.7600,0.4200,1.0000,8.00,180.00,10.000000,0.250000,0.000000,1.200000,0.000000,0.000000,1.200000,0.000000,0.000000,0.900000,0.000000,0.000000,0.850000,0.040000,0.000000,0.008000,0.000000,0.000600,0.008000,0.000000,0.000600,0.006000,0.000000,0.000000,1,1,1,216,232,181,181,180,0,0,60.00,12721,3125,211,0,0,0,12751,501.50,501.50,5,1744,0.0000,0.4650,0.5400,0.6450,0.0890
2026-04-28T17:30:08.467,3.618,1,0.30,1.29,0.00,0.95,1,-0.0630,-0.0079,0.2571,0.0000,0.0000,0.0000,123.05,1.23,1,4.200,4.200,0.800,37,87,0,0.000,0.7600,0.0000,58.79,60.10,217,217,1.00000,1.00000,1.00000,1.00000,0.00000,3,3,0,1,23.65783,0.03394,1.90216,0.0630,0.0079,0.0929,0.0000,0.0000,0.0000,146.95,8.79,-126.21,1,1,0.0000,0.0000,0.3500,-90.00,0.7600,0.4200,1.0000,8.00,180.00,10.000000,0.250000,0.000000,1.200000,0.000000,0.000000,1.200000,0.000000,0.000000,0.900000,0.000000,0.000000,0.850000,0.040000,0.000000,0.008000,0.000000,0.000600,0.008000,0.000000,0.000600,0.006000,0.000000,0.000000,1,1,1,217,232,181,181,180,0,0,60.00,12721,3125,211,0,0,0,12751,501.50,501.50,5,1744,0.0000,0.4650,0.5400,0.6450,0.0890
2026-04-28T17:30:08.484,3.635,1,0.30,1.29,0.00,0.95,1,-0.0630,-0.0079,0.2570,0.0000,0.0000,0.0000,123.03,1.18,1,4.200,4.200,0.800,37,87,0,0.000,0.7600,0.0000,55.97,59.68,218,218,1.00000,1.00000,1.00000,1.00000,0.00000,3,3,0,1,23.65399,0.03408,1.90542,0.0630,0.0079,0.0930,0.0000,0.0000,0.0000,146.97,8.80,-126.19,1,1,0.0000,0.0000,0.3500,-90.00,0.7600,0.4200,1.0000,8.00,180.00,10.000000,0.250000,0.000000,1.200000,0.000000,0.000000,1.200000,0.000000,0.000000,0.900000,0.000000,0.000000,0.850000,0.040000,0.000000,0.008000,0.000000,0.000600,0.008000,0.000000,0.000600,0.006000,0.000000,0.000000,1,1,1,218,231,181,181,180,0,0,60.00,12721,3125,211,0,0,0,12751,501.50,501.50,5,1744,0.0000,0.4650,0.5400,0.6450,0.0890
2026-04-28T17:30:08.500,3.651,1,0.30,1.29,0.00,0.00,1,-0.0631,-0.0077,0.2570,0.0000,0.0000,0.0000,123.11,-4.88,1,4.200,4.200,0.800,37,87,0,0.000,0.7600,0.0000,64.85,60.15,219,219,1.00000,1.00000,1.00000,1.00000,0.00000,3,3,0,1,23.67280,0.03406,1.90377,0.0631,0.0077,0.0930,0.0000,0.0000,0.0000,146.89,8.79,-126.15,1,1,0.0000,0.0000,0.3500,-90.00,0.7600,0.4200,1.0000,8.00,180.00,10.000000,0.250000,0.000000,1.200000,0.000000,0.000000,1.200000,0.000000,0.000000,0.900000,0.000000,0.000000,0.850000,0.040000,0.000000,0.008000,0.000000,0.000600,0.008000,0.000000,0.000600,0.006000,0.000000,0.000000,1,1,1,219,232,181,181,180,0,0,60.00,12721,3125,211,0,0,0,12751,501.50,501.50,5,1744,0.0000,0.4650,0.5400,0.6450,0.0890
2026-04-28T17:30:08.514,3.665,1,0.30,1.29,0.00,0.00,1,-0.0631,-0.0078,0.2570,0.0000,0.0000,0.0000,123.09,1.35,1,4.200,4.200,0.800,37,87,0,0.000,0.7600,0.0000,59.52,55.27,220,220,1.00000,1.00000,1.00000,1.00000,0.00000,3,3,0,1,23.64954,0.03408,1.90556,0.0631,0.0078,0.0930,0.0000,0.0000,0.0000,146.91,8.78,-126.15,1,1,0.0000,0.0000,0.3500,-90.00,0.7600,0.4200,1.0000,8.00,180.00,10.000000,0.250000,0.000000,1.200000,0.000000,0.000000,1.200000,0.000000,0.000000,0.900000,0.000000,0.000000,0.850000,0.040000,0.000000,0.008000,0.000000,0.000600,0.008000,0.000000,0.000600,0.006000,0.000000,0.000000,1,1,1,220,232,181,181,180,0,0,60.00,12721,3125,211,0,0,0,12751,501.50,501.50,5,1744,0.0000,0.4650,0.5400,0.6450,0.0890
2026-04-28T17:30:08.531,3.682,1,0.30,1.29,0.00,0.00,1,-0.0631,-0.0079,0.2570,0.0000,0.0000,0.0000,123.06,1.79,1,4.200,4.200,0.800,37,87,0,0.000,0.7600,0.0000,80.80,63.01,221,221,1.00000,1.00000,1.00000,1.00000,0.00000,3,3,0,1,23.65109,0.03415,1.90505,0.0631,0.0079,0.0930,0.0000,0.0000,0.0000,146.94,8.81,-126.16,1,1,0.0000,0.0000,0.3500,-90.00,0.7600,0.4200,1.0000,8.00,180.00,10.000000,0.250000,0.000000,1.200000,0.000000,0.000000,1.200000,0.000000,0.000000,0.900000,0.000000,0.000000,0.850000,0.040000,0.000000,0.008000,0.000000,0.000600,0.008000,0.000000,0.000600,0.006000,0.000000,0.000000,1,1,1,221,232,181,181,180,0,0,60.00,12721,3125,211,0,0,0,12751,501.50,501.50,5,1744,0.0000,0.4650,0.5400,0.6450,0.0890
2026-04-28T17:30:08.550,3.701,1,0.30,1.29,0.00,0.00,1,-0.0631,-0.0078,0.2570,0.0000,0.0000,0.0000,123.08,-1.06,1,4.200,4.200,0.800,37,87,0,0.000,0.7600,0.0000,59.83,61.18,222,222,1.00000,1.00000,1.00000,1.00000,0.00000,3,3,0,1,23.63794,0.03408,1.90381,0.0631,0.0078,0.0930,0.0000,0.0000,0.0000,146.92,8.78,-126.14,1,1,0.0000,0.0000,0.3500,-90.00,0.7600,0.4200,1.0000,8.00,180.00,10.000000,0.250000,0.000000,1.200000,0.000000,0.000000,1.200000,0.000000,0.000000,0.900000,0.000000,0.000000,0.850000,0.040000,0.000000,0.008000,0.000000,0.000600,0.008000,0.000000,0.000600,0.006000,0.000000,0.000000,1,1,1,222,232,181,181,180,0,0,60.00,12721,3125,211,0,0,0,12751,501.50,501.50,5,1744,0.0000,0.4650,0.5400,0.6450,0.0890
2026-04-28T17:30:08.566,3.717,1,0.30,1.29,0.00,0.00,1,-0.0629,-0.0077,0.2570,0.0000,0.0000,0.0000,123.12,-2.76,1,4.200,4.200,0.800,37,87,0,0.000,0.7600,0.0000,45.65,62.61,223,223,1.00000,1.00000,1.00000,1.00000,0.00000,3,3,0,1,23.66905,0.03392,1.89908,0.0629,0.0077,0.0930,0.0000,0.0000,0.0000,146.88,8.83,-126.14,1,1,0.0000,0.0000,0.3500,-90.00,0.7600,0.4200,1.0000,8.00,180.00,10.000000,0.250000,0.000000,1.200000,0.000000,0.000000,1.200000,0.000000,0.000000,0.900000,0.000000,0.000000,0.850000,0.040000,0.000000,0.008000,0.000000,0.000600,0.008000,0.000000,0.000600,0.006000,0.000000,0.000000,1,1,1,223,232,181,181,180,0,0,60.00,12721,3125,211,0,0,0,12751,501.50,501.50,5,1744,0.0000,0.4650,0.5400,0.6450,0.0890
2026-04-28T17:30:08.583,3.734,1,0.30,1.29,0.00,0.00,1,-0.0630,-0.0076,0.2570,0.0000,0.0000,0.0000,123.15,-1.69,1,4.200,4.200,0.800,37,87,0,0.000,0.7600,0.0000,74.16,58.78,224,224,1.00000,1.00000,1.00000,1.00000,0.00000,3,3,0,1,23.64270,0.03398,1.90045,0.0630,0.0076,0.0930,0.0000,0.0000,0.0000,146.85,8.81,-126.14,1,1,0.0000,0.0000,0.3500,-90.00,0.7600,0.4200,1.0000,8.00,180.00,10.000000,0.250000,0.000000,1.200000,0.000000,0.000000,1.200000,0.000000,0.000000,0.900000,0.000000,0.000000,0.850000,0.040000,0.000000,0.008000,0.000000,0.000600,0.008000,0.000000,0.000600,0.006000,0.000000,0.000000,1,1,1,224,232,181,181,180,0,0,60.00,12721,3125,211,0,0,0,12751,501.50,501.50,5,1744,0.0000,0.4650,0.5400,0.6450,0.0890
2026-04-28T17:30:08.600,3.751,1,0.30,1.29,0.00,0.00,1,-0.0631,-0.0078,0.2571,0.0000,0.0000,0.0000,123.10,2.99,1,4.200,4.200,0.800,37,87,0,0.000,0.7600,0.0000,55.50,59.12,225,225,1.00000,1.00000,1.00000,1.00000,0.00000,3,3,0,1,23.62506,0.03400,1.90339,0.0631,0.0078,0.0929,0.0000,0.0000,0.0000,146.90,8.78,-126.16,1,1,0.0000,0.0000,0.3500,-90.00,0.7600,0.4200,1.0000,8.00,180.00,10.000000,0.250000,0.000000,1.200000,0.000000,0.000000,1.200000,0.000000,0.000000,0.900000,0.000000,0.000000,0.850000,0.040000,0.000000,0.008000,0.000000,0.000600,0.008000,0.000000,0.000600,0.006000,0.000000,0.000000,1,1,1,225,231,181,181,180,0,0,60.00,12721,3125,211,0,0,0,12751,501.50,501.50,5,1744,0.0000,0.4650,0.5400,0.6450,0.0890
2026-04-28T17:30:08.617,3.768,1,0.30,1.29,0.00,0.00,1,-0.0630,-0.0079,0.2571,0.0000,0.0000,0.0000,123.08,1.17,1,4.200,4.200,0.800,37,87,0,0.000,0.7600,0.0000,63.95,58.11,226,226,1.00000,1.00000,1.00000,1.00000,0.00000,3,3,0,1,23.59175,0.03392,1.90014,0.0630,0.0079,0.0929,0.0000,0.0000,0.0000,146.92,8.81,-126.16,1,1,0.0000,0.0000,0.3500,-90.00,0.7600,0.4200,1.0000,8.00,180.00,10.000000,0.250000,0.000000,1.200000,0.000000,0.000000,1.200000,0.000000,0.000000,0.900000,0.000000,0.000000,0.850000,0.040000,0.000000,0.008000,0.000000,0.000600,0.008000,0.000000,0.000600,0.006000,0.000000,0.000000,1,1,1,226,232,181,181,180,0,0,60.00,12721,3125,211,0,0,0,12751,501.50,501.50,5,1744,0.0000,0.4650,0.5400,0.6450,0.0890
2026-04-28T17:30:08.632,3.783,1,0.30,1.29,0.00,0.00,1,-0.0630,-0.0080,0.2571,0.0000,0.0000,0.0000,123.05,1.85,1,4.200,4.200,0.800,37,87,0,0.000,0.7600,0.0000,55.81,62.09,227,227,1.00000,1.00000,1.00000,1.00000,0.00000,3,3,0,1,23.62354,0.03410,1.90334,0.0630,0.0080,0.0929,0.0000,0.0000,0.0000,146.95,8.84,-126.14,1,1,0.0000,0.0000,0.3500,-90.00,0.7600,0.4200,1.0000,8.00,180.00,10.000000,0.250000,0.000000,1.200000,0.000000,0.000000,1.200000,0.000000,0.000000,0.900000,0.000000,0.000000,0.850000,0.040000,0.000000,0.008000,0.000000,0.000600,0.008000,0.000000,0.000600,0.006000,0.000000,0.000000,1,1,1,227,232,181,181,180,0,0,60.00,12721,3125,211,0,0,0,12751,501.50,501.50,5,1744,0.0000,0.4650,0.5400,0.6450,0.0890
2026-04-28T17:30:08.649,3.799,1,0.30,1.29,0.00,0.00,1,-0.0630,-0.0079,0.2569,0.0000,0.0000,0.0000,123.06,-0.60,1,4.200,4.200,0.800,37,87,0,0.000,0.7600,0.0000,64.82,58.98,228,228,1.00000,1.00000,1.00000,1.00000,0.00000,3,3,0,1,23.64420,0.03407,1.90431,0.0630,0.0079,0.0931,0.0000,0.0000,0.0000,146.94,8.84,-126.16,1,1,0.0000,0.0000,0.3500,-90.00,0.7600,0.4200,1.0000,8.00,180.00,10.000000,0.250000,0.000000,1.200000,0.000000,0.000000,1.200000,0.000000,0.000000,0.900000,0.000000,0.000000,0.850000,0.040000,0.000000,0.008000,0.000000,0.000600,0.008000,0.000000,0.000600,0.006000,0.000000,0.000000,1,1,1,228,232,181,181,180,0,0,60.00,12721,3125,211,0,0,0,12751,501.50,501.50,5,1744,0.0000,0.4650,0.5400,0.6450,0.0890
2026-04-28T17:30:08.667,3.817,1,0.30,1.29,0.00,0.00,1,-0.0631,-0.0079,0.2570,0.0000,0.0000,0.0000,123.06,0.00,1,4.200,4.200,0.800,37,87,0,0.000,0.7600,0.0000,59.08,58.41,229,229,1.00000,1.00000,1.00000,1.00000,0.00000,3,3,0,1,23.62506,0.03400,1.90339,0.0631,0.0079,0.0930,0.0000,0.0000,0.0000,146.94,8.79,-126.17,1,1,0.0000,0.0000,0.3500,-90.00,0.7600,0.4200,1.0000,8.00,180.00,10.000000,0.250000,0.000000,1.200000,0.000000,0.000000,1.200000,0.000000,0.000000,0.900000,0.000000,0.000000,0.850000,0.040000,0.000000,0.008000,0.000000,0.000600,0.008000,0.000000,0.000600,0.006000,0.000000,0.000000,1,1,1,229,232,181,181,180,0,0,60.00,12721,3125,211,0,0,0,12751,501.50,501.50,5,1744,0.0000,0.4650,0.5400,0.6450,0.0890
2026-04-28T17:30:08.682,3.833,1,0.30,1.29,0.00,0.00,1,-0.0630,-0.0079,0.2570,0.0000,0.0000,0.0000,123.03,1.82,1,4.200,4.200,0.800,37,87,0,0.000,0.7600,0.0000,57.42,67.49,230,230,1.00000,1.00000,1.00000,1.00000,0.00000,3,3,0,1,23.62372,0.03397,1.90171,0.0630,0.0079,0.0930,0.0000,0.0000,0.0000,146.97,8.81,-126.18,1,1,0.0000,0.0000,0.3500,-90.00,0.7600,0.4200,1.0000,8.00,180.00,10.000000,0.250000,0.000000,1.200000,0.000000,0.000000,1.200000,0.000000,0.000000,0.900000,0.000000,0.000000,0.850000,0.040000,0.000000,0.008000,0.000000,0.000600,0.008000,0.000000,0.000600,0.006000,0.000000,0.000000,1,1,1,230,232,181,181,180,0,0,60.00,12721,3125,211,0,0,0,12751,501.50,501.50,5,1744,0.0000,0.4650,0.5400,0.6450,0.0890
2026-04-28T17:30:08.700,3.851,1,0.30,1.29,0.00,0.00,1,-0.0630,-0.0080,0.2571,0.0000,0.0000,0.0000,123.01,1.11,1,4.200,4.200,0.800,37,87,0,0.000,0.7600,0.0000,63.94,54.66,231,231,1.00000,1.00000,1.00000,1.00000,0.00000,3,3,0,1,23.60113,0.03390,1.90096,0.0630,0.0080,0.0929,0.0000,0.0000,0.0000,146.99,8.81,-126.16,1,1,0.0000,0.0000,0.3500,-90.00,0.7600,0.4200,1.0000,8.00,180.00,10.000000,0.250000,0.000000,1.200000,0.000000,0.000000,1.200000,0.000000,0.000000,0.900000,0.000000,0.000000,0.850000,0.040000,0.000000,0.008000,0.000000,0.000600,0.008000,0.000000,0.000600,0.006000,0.000000,0.000000,1,1,1,231,232,181,181,180,0,0,60.00,12721,3125,211,0,0,0,12751,501.50,501.50,5,1744,0.0000,0.4650,0.5400,0.6450,0.0890
2026-04-28T17:30:08.716,3.867,1,0.30,1.29,0.00,0.00,1,-0.0630,-0.0080,0.2572,0.0000,0.0000,0.0000,123.03,-1.37,1,4.200,4.200,0.800,37,87,0,0.000,0.7600,0.0000,56.80,63.92,232,232,1.00000,1.00000,1.00000,1.00000,0.00000,3,3,0,1,23.59711,0.03393,1.90139,0.0630,0.0080,0.0928,0.0000,0.0000,0.0000,146.97,8.79,-126.15,1,1,0.0000,0.0000,0.3500,-90.00,0.7600,0.4200,1.0000,8.00,180.00,10.000000,0.250000,0.000000,1.200000,0.000000,0.000000,1.200000,0.000000,0.000000,0.900000,0.000000,0.000000,0.850000,0.040000,0.000000,0.008000,0.000000,0.000600,0.008000,0.000000,0.000600,0.006000,0.000000,0.000000,1,1,1,232,232,181,181,180,0,0,60.00,12721,3125,211,0,0,0,12751,501.50,501.50,5,1744,0.0000,0.4650,0.5400,0.6450,0.0890
2026-04-28T17:30:08.734,3.885,1,0.30,1.29,0.00,0.00,1,-0.0631,-0.0077,0.2570,0.0000,0.0000,0.0000,123.08,-2.69,1,4.200,4.200,0.800,37,87,0,0.000,0.7600,0.0000,64.17,55.78,233,233,1.00000,1.00000,1.00000,1.00000,0.00000,3,3,0,1,23.67681,0.03403,1.90334,0.0631,0.0077,0.0930,0.0000,0.0000,0.0000,146.92,8.79,-126.13,1,1,0.0000,0.0000,0.3500,-90.00,0.7600,0.4200,1.0000,8.00,180.00,10.000000,0.250000,0.000000,1.200000,0.000000,0.000000,1.200000,0.000000,0.000000,0.900000,0.000000,0.000000,0.850000,0.040000,0.000000,0.008000,0.000000,0.000600,0.008000,0.000000,0.000600,0.006000,0.000000,0.000000,1,1,1,233,232,181,181,180,0,0,60.00,12721,3125,211,0,0,0,12751,501.50,501.50,5,1744,0.0000,0.4650,0.5400,0.6450,0.0890
2026-04-28T17:30:08.752,3.902,1,0.30,1.29,0.00,0.00,1,-0.0631,-0.0077,0.2570,0.0000,0.0000,0.0000,123.14,-3.43,1,4.200,4.200,0.800,37,87,0,0.000,0.7600,0.0000,53.63,60.92,234,234,1.00000,1.00000,1.00000,1.00000,0.00000,3,3,0,1,23.65535,0.03400,1.90226,0.0631,0.0077,0.0930,0.0000,0.0000,0.0000,146.86,8.74,-126.14,1,1,0.0000,0.0000,0.3500,-90.00,0.7600,0.4200,1.0000,8.00,180.00,10.000000,0.250000,0.000000,1.200000,0.000000,0.000000,1.200000,0.000000,0.000000,0.900000,0.000000,0.000000,0.850000,0.040000,0.000000,0.008000,0.000000,0.000600,0.008000,0.000000,0.000600,0.006000,0.000000,0.000000,1,1,1,234,232,181,181,180,0,0,60.00,12721,3125,211,0,0,0,12751,501.50,501.50,5,1744,0.0000,0.4650,0.5400,0.6450,0.0890
2026-04-28T17:30:08.767,3.917,1,0.30,1.29,0.00,0.00,1,-0.0630,-0.0078,0.2571,0.0000,0.0000,0.0000,123.11,2.14,1,4.200,4.200,0.800,37,87,0,0.000,0.7600,0.0000,57.36,62.81,235,235,1.00000,1.00000,1.00000,1.00000,0.00000,3,3,0,1,23.58056,0.03394,1.89868,0.0630,0.0078,0.0929,0.0000,0.0000,0.0000,146.89,8.78,-126.12,1,1,0.0000,0.0000,0.3500,-90.00,0.7600,0.4200,1.0000,8.00,180.00,10.000000,0.250000,0.000000,1.200000,0.000000,0.000000,1.200000,0.000000,0.000000,0.900000,0.000000,0.000000,0.850000,0.040000,0.000000,0.008000,0.000000,0.000600,0.008000,0.000000,0.000600,0.006000,0.000000,0.000000,1,1,1,235,232,181,181,180,0,0,60.00,12721,3125,211,0,0,0,12751,501.50,501.50,5,1744,0.0000,0.4650,0.5400,0.6450,0.0890
2026-04-28T17:30:08.783,3.934,1,0.30,1.29,0.00,0.00,1,-0.0630,-0.0077,0.2571,0.0000,0.0000,0.0000,123.20,-5.04,1,4.200,4.200,0.800,37,87,0,0.000,0.7600,0.0000,71.34,56.02,236,236,1.00000,1.00000,1.00000,1.00000,0.00000,3,3,0,1,23.63079,0.03402,1.89995,0.0630,0.0077,0.0929,0.0000,0.0000,0.0000,146.80,8.76,-126.08,1,1,0.0000,0.0000,0.3500,-90.00,0.7600,0.4200,1.0000,8.00,180.00,10.000000,0.250000,0.000000,1.200000,0.000000,0.000000,1.200000,0.000000,0.000000,0.900000,0.000000,0.000000,0.850000,0.040000,0.000000,0.008000,0.000000,0.000600,0.008000,0.000000,0.000600,0.006000,0.000000,0.000000,1,1,1,236,231,181,181,180,0,0,60.00,12721,3125,211,0,0,0,12751,501.50,501.50,5,1744,0.0000,0.4650,0.5400,0.6450,0.0890
2026-04-28T17:30:08.803,3.954,1,0.30,1.29,0.00,0.00,1,-0.0631,-0.0077,0.2571,0.0000,0.0000,0.0000,123.19,0.49,1,4.200,4.200,0.800,37,87,0,0.000,0.7600,0.0000,53.98,64.63,237,237,1.00000,1.00000,1.00000,1.00000,0.00000,3,3,0,1,23.64834,0.03398,1.90160,0.0631,0.0077,0.0929,0.0000,0.0000,0.0000,146.81,8.75,-126.10,1,1,0.0000,0.0000,0.3500,-90.00,0.7600,0.4200,1.0000,8.00,180.00,10.000000,0.250000,0.000000,1.200000,0.000000,0.000000,1.200000,0.000000,0.000000,0.900000,0.000000,0.000000,0.850000,0.040000,0.000000,0.008000,0.000000,0.000600,0.008000,0.000000,0.000600,0.006000,0.000000,0.000000,1,1,1,237,231,181,181,180,0,0,60.00,12721,3125,211,0,0,0,12751,501.50,501.50,5,1744,0.0000,0.4650,0.5400,0.6450,0.0890
2026-04-28T17:30:08.816,3.967,1,0.30,1.29,0.00,0.00,1,-0.0631,-0.0078,0.2572,0.0000,0.0000,0.0000,123.17,1.73,1,4.200,4.200,0.800,37,87,0,0.000,0.7600,0.0000,51.88,60.19,238,238,1.00000,1.00000,1.00000,1.00000,0.00000,3,3,0,1,23.58145,0.03395,1.90006,0.0631,0.0078,0.0928,0.0000,0.0000,0.0000,146.83,8.74,-126.10,1,1,0.0000,0.0000,0.3500,-90.00,0.7600,0.4200,1.0000,8.00,180.00,10.000000,0.250000,0.000000,1.200000,0.000000,0.000000,1.200000,0.000000,0.000000,0.900000,0.000000,0.000000,0.850000,0.040000,0.000000,0.008000,0.000000,0.000600,0.008000,0.000000,0.000600,0.006000,0.000000,0.000000,1,1,1,238,231,181,181,180,0,0,60.00,12721,3125,211,0,0,0,12751,501.50,501.50,5,1744,0.0000,0.4650,0.5400,0.6450,0.0890
2026-04-28T17:30:08.835,3.985,1,0.30,1.29,0.00,0.00,1,-0.0630,-0.0079,0.2572,0.0000,0.0000,0.0000,123.15,1.10,1,4.200,4.200,0.800,37,87,0,0.000,0.7600,0.0000,83.12,57.23,239,239,1.00000,1.00000,1.00000,1.00000,0.00000,3,3,0,1,23.58145,0.03395,1.90006,0.0630,0.0079,0.0928,0.0000,0.0000,0.0000,146.85,8.73,-126.09,1,1,0.0000,0.0000,0.3500,-90.00,0.7600,0.4200,1.0000,8.00,180.00,10.000000,0.250000,0.000000,1.200000,0.000000,0.000000,1.200000,0.000000,0.000000,0.900000,0.000000,0.000000,0.850000,0.040000,0.000000,0.008000,0.000000,0.000600,0.008000,0.000000,0.000600,0.006000,0.000000,0.000000,1,1,1,239,232,181,181,180,0,0,60.00,12721,3125,211,0,0,0,12751,501.50,501.50,5,1744,0.0000,0.4650,0.5400,0.6450,0.0890
2026-04-28T17:30:08.851,4.002,1,0.30,1.29,0.00,0.00,1,-0.0630,-0.0077,0.2571,0.0000,0.0000,0.0000,123.14,0.58,1,4.200,4.200,0.800,37,87,0,0.000,0.7600,0.0000,54.73,59.90,240,240,1.00000,1.00000,1.00000,1.00000,0.00000,3,3,0,1,23.64714,0.03398,1.90031,0.0630,0.0077,0.0929,0.0000,0.0000,0.0000,146.86,8.78,-126.12,1,1,0.0000,0.0000,0.3500,-90.00,0.7600,0.4200,1.0000,8.00,180.00,10.000000,0.250000,0.000000,1.200000,0.000000,0.000000,1.200000,0.000000,0.000000,0.900000,0.000000,0.000000,0.850000,0.040000,0.000000,0.008000,0.000000,0.000600,0.008000,0.000000,0.000600,0.006000,0.000000,0.000000,1,1,1,240,232,181,181,180,0,0,60.00,12721,3125,211,0,0,0,12751,501.50,501.50,5,1744,0.0000,0.4650,0.5400,0.6450,0.0890
2026-04-28T17:30:08.868,4.019,1,0.30,1.29,0.00,0.00,1,-0.0630,-0.0079,0.2570,0.0000,0.0000,0.0000,123.07,4.05,1,4.200,4.200,0.800,37,87,0,0.000,0.7600,0.0000,61.52,58.78,241,241,1.00000,1.00000,1.00000,1.00000,0.00000,3,3,0,1,23.63573,0.03405,1.90484,0.0630,0.0079,0.0930,0.0000,0.0000,0.0000,146.93,8.82,-126.13,1,1,0.0000,0.0000,0.3500,-90.00,0.7600,0.4200,1.0000,8.00,180.00,10.000000,0.250000,0.000000,1.200000,0.000000,0.000000,1.200000,0.000000,0.000000,0.900000,0.000000,0.000000,0.850000,0.040000,0.000000,0.008000,0.000000,0.000600,0.008000,0.000000,0.000600,0.006000,0.000000,0.000000,1,1,1,241,232,181,181,180,0,0,60.00,12721,3125,211,0,0,0,12751,501.50,501.50,5,1744,0.0000,0.4650,0.5400,0.6450,0.0890
2026-04-28T17:30:08.883,4.034,1,0.30,1.29,0.00,0.00,1,-0.0630,-0.0080,0.2570,0.0000,0.0000,0.0000,123.03,2.88,1,4.200,4.200,0.800,37,87,0,0.000,0.7600,0.0000,54.68,61.13,242,242,1.00000,1.00000,1.00000,1.00000,0.00000,3,3,0,1,23.62558,0.03398,1.90313,0.0630,0.0080,0.0930,0.0000,0.0000,0.0000,146.97,8.83,-126.13,1,1,0.0000,0.0000,0.3500,-90.00,0.7600,0.4200,1.0000,8.00,180.00,10.000000,0.250000,0.000000,1.200000,0.000000,0.000000,1.200000,0.000000,0.000000,0.900000,0.000000,0.000000,0.850000,0.040000,0.000000,0.008000,0.000000,0.000600,0.008000,0.000000,0.000600,0.006000,0.000000,0.000000,1,1,1,242,232,241,241,240,0,0,60.00,12781,3254,211,0,0,0,12751,501.50,501.50,5,1744,0.0000,0.4650,0.5400,0.6450,0.0890
2026-04-28T17:30:08.900,4.051,1,0.30,1.29,0.00,0.00,1,-0.0630,-0.0078,0.2572,0.0000,0.0000,0.0000,123.10,-3.88,1,4.200,4.200,0.800,37,87,0,0.000,0.7600,0.0000,65.12,60.32,243,243,1.00000,1.00000,1.00000,1.00000,0.00000,3,3,0,1,23.60151,0.03389,1.89741,0.0630,0.0078,0.0928,0.0000,0.0000,0.0000,146.90,8.80,-126.13,1,1,0.0000,0.0000,0.3500,-90.00,0.7600,0.4200,1.0000,8.00,180.00,10.000000,0.250000,0.000000,1.200000,0.000000,0.000000,1.200000,0.000000,0.000000,0.900000,0.000000,0.000000,0.850000,0.040000,0.000000,0.008000,0.000000,0.000600,0.008000,0.000000,0.000600,0.006000,0.000000,0.000000,1,1,1,243,230,241,241,240,0,0,60.00,12781,3254,211,0,0,0,12751,501.50,501.50,5,1744,0.0000,0.4650,0.5400,0.6450,0.0890
2026-04-28T17:30:08.915,4.066,1,0.30,1.29,0.00,0.00,1,-0.0631,-0.0077,0.2571,0.0000,0.0000,0.0000,123.13,-1.84,1,4.200,4.200,0.800,37,87,0,0.000,0.7600,0.0000,58.60,62.24,244,244,1.00000,1.00000,1.00000,1.00000,0.00000,3,3,0,1,23.60761,0.03397,1.90150,0.0631,0.0077,0.0929,0.0000,0.0000,0.0000,146.87,8.73,-126.13,1,1,0.0000,0.0000,0.3500,-90.00,0.7600,0.4200,1.0000,8.00,180.00,10.000000,0.250000,0.000000,1.200000,0.000000,0.000000,1.200000,0.000000,0.000000,0.900000,0.000000,0.000000,0.850000,0.040000,0.000000,0.008000,0.000000,0.000600,0.008000,0.000000,0.000600,0.006000,0.000000,0.000000,1,1,1,244,232,241,241,240,0,0,60.00,12781,3254,211,0,0,0,12751,501.50,501.50,5,1744,0.0000,0.4650,0.5400,0.6450,0.0890
2026-04-28T17:30:08.934,4.084,1,0.30,1.29,0.00,0.00,1,-0.0630,-0.0079,0.2571,0.0000,0.0000,0.0000,123.09,2.64,1,4.200,4.200,0.800,37,87,0,0.000,0.7600,0.0000,72.50,61.95,245,245,1.00000,1.00000,1.00000,1.00000,0.00000,3,3,0,1,23.59175,0.03392,1.90014,0.0630,0.0079,0.0929,0.0000,0.0000,0.0000,146.91,8.78,-126.14,1,1,0.0000,0.0000,0.3500,-90.00,0.7600,0.4200,1.0000,8.00,180.00,10.000000,0.250000,0.000000,1.200000,0.000000,0.000000,1.200000,0.000000,0.000000,0.900000,0.000000,0.000000,0.850000,0.040000,0.000000,0.008000,0.000000,0.000600,0.008000,0.000000,0.000600,0.006000,0.000000,0.000000,1,1,1,245,232,241,241,240,0,0,60.00,12781,3254,211,0,0,0,12751,501.50,501.50,5,1744,0.0000,0.4650,0.5400,0.6450,0.0890
2026-04-28T17:30:08.950,4.101,1,0.30,1.29,0.00,0.00,1,-0.0631,-0.0079,0.2570,0.0000,0.0000,0.0000,123.06,1.67,1,4.200,4.200,0.800,37,87,0,0.000,0.7600,0.0000,51.35,57.99,246,246,1.00000,1.00000,1.00000,1.00000,0.00000,3,3,0,1,23.65109,0.03415,1.90505,0.0631,0.0079,0.0930,0.0000,0.0000,0.0000,146.94,8.81,-126.15,1,1,0.0000,0.0000,0.3500,-90.00,0.7600,0.4200,1.0000,8.00,180.00,10.000000,0.250000,0.000000,1.200000,0.000000,0.000000,1.200000,0.000000,0.000000,0.900000,0.000000,0.000000,0.850000,0.040000,0.000000,0.008000,0.000000,0.000600,0.008000,0.000000,0.000600,0.006000,0.000000,0.000000,1,1,1,246,232,241,241,240,0,0,60.00,12781,3254,211,0,0,0,12751,501.50,501.50,5,1744,0.0000,0.4650,0.5400,0.6450,0.0890
2026-04-28T17:30:08.963,4.114,1,0.30,1.29,0.00,0.00,1,-0.0630,-0.0080,0.2572,0.0000,0.0000,0.0000,123.07,-0.68,1,4.200,4.200,0.800,37,87,0,0.000,0.7600,0.0000,66.43,60.12,247,247,1.00000,1.00000,1.00000,1.00000,0.00000,3,3,0,1,23.62250,0.03387,1.89999,0.0630,0.0080,0.0928,0.0000,0.0000,0.0000,146.93,8.79,-126.16,1,1,0.0000,0.0000,0.3500,-90.00,0.7600,0.4200,1.0000,8.00,180.00,10.000000,0.250000,0.000000,1.200000,0.000000,0.000000,1.200000,0.000000,0.000000,0.900000,0.000000,0.000000,0.850000,0.040000,0.000000,0.008000,0.000000,0.000600,0.008000,0.000000,0.000600,0.006000,0.000000,0.000000,1,1,1,247,232,241,241,240,0,0,60.00,12781,3254,211,0,0,0,12751,501.50,501.50,5,1744,0.0000,0.4650,0.5400,0.6450,0.0890
2026-04-28T17:30:08.983,4.134,1,0.30,1.29,0.00,0.00,1,-0.0630,-0.0080,0.2572,0.0000,0.0000,0.0000,123.03,2.02,1,4.200,4.200,0.800,37,87,0,0.000,0.7600,0.0000,75.27,61.16,248,248,1.00000,1.00000,1.00000,1.00000,0.00000,3,3,0,1,23.60156,0.03393,1.90125,0.0630,0.0080,0.0928,0.0000,0.0000,0.0000,146.97,8.81,-126.15,1,1,0.0000,0.0000,0.3500,-90.00,0.7600,0.4200,1.0000,8.00,180.00,10.000000,0.250000,0.000000,1.200000,0.000000,0.000000,1.200000,0.000000,0.000000,0.900000,0.000000,0.000000,0.850000,0.040000,0.000000,0.008000,0.000000,0.000600,0.008000,0.000000,0.000600,0.006000,0.000000,0.000000,1,1,1,248,232,241,241,240,0,0,60.00,12781,3254,211,0,0,0,12751,501.50,501.50,5,1744,0.0000,0.4650,0.5400,0.6450,0.0890
2026-04-28T17:30:09.000,4.151,1,0.30,1.29,0.00,0.00,1,-0.0630,-0.0080,0.2570,0.0000,0.0000,0.0000,123.04,-0.61,1,4.200,4.200,0.800,37,87,0,0.000,0.7600,0.0000,47.15,60.06,249,249,1.00000,1.00000,1.00000,1.00000,0.00000,3,3,0,1,23.61622,0.03399,1.90231,0.0630,0.0080,0.0930,0.0000,0.0000,0.0000,146.96,8.83,-126.15,1,1,0.0000,0.0000,0.3500,-90.00,0.7600,0.4200,1.0000,8.00,180.00,10.000000,0.250000,0.000000,1.200000,0.000000,0.000000,1.200000,0.000000,0.000000,0.900000,0.000000,0.000000,0.850000,0.040000,0.000000,0.008000,0.000000,0.000600,0.008000,0.000000,0.000600,0.006000,0.000000,0.000000,1,1,1,249,232,241,241,240,0,0,60.00,12781,3254,211,0,0,0,12751,501.50,501.50,5,1744,0.0000,0.4650,0.5400,0.6450,0.0890
2026-04-28T17:30:09.017,4.168,1,0.30,1.29,0.00,0.00,1,-0.0630,-0.0078,0.2572,0.0000,0.0000,0.0000,123.10,-3.55,1,4.200,4.200,0.800,37,87,0,0.000,0.7600,0.0000,58.62,59.33,250,250,1.00000,1.00000,1.00000,1.00000,0.00000,3,3,0,1,23.62652,0.03397,1.90062,0.0630,0.0078,0.0928,0.0000,0.0000,0.0000,146.90,8.77,-126.14,1,1,0.0000,0.0000,0.3500,-90.00,0.7600,0.4200,1.0000,8.00,180.00,10.000000,0.250000,0.000000,1.200000,0.000000,0.000000,1.200000,0.000000,0.000000,0.900000,0.000000,0.000000,0.850000,0.040000,0.000000,0.008000,0.000000,0.000600,0.008000,0.000000,0.000600,0.006000,0.000000,0.000000,1,1,1,250,231,241,241,240,0,0,60.00,12781,3254,211,0,0,0,12751,501.50,501.50,5,1744,0.0000,0.4650,0.5400,0.6450,0.0890
2026-04-28T17:30:09.033,4.183,1,0.30,1.29,0.00,0.00,1,-0.0630,-0.0078,0.2571,0.0000,0.0000,0.0000,123.10,0.00,1,4.200,4.200,0.800,37,87,0,0.000,0.7600,0.0000,55.47,62.33,251,251,1.00000,1.00000,1.00000,1.00000,0.00000,3,3,0,1,23.63837,0.03410,1.90410,0.0630,0.0078,0.0929,0.0000,0.0000,0.0000,146.90,8.76,-126.13,1,1,0.0000,0.0000,0.3500,-90.00,0.7600,0.4200,1.0000,8.00,180.00,10.000000,0.250000,0.000000,1.200000,0.000000,0.000000,1.200000,0.000000,0.000000,0.900000,0.000000,0.000000,0.850000,0.040000,0.000000,0.008000,0.000000,0.000600,0.008000,0.000000,0.000600,0.006000,0.000000,0.000000,1,1,1,251,231,241,241,240,0,0,60.00,12781,3254,211,0,0,0,12751,501.50,501.50,5,1744,0.0000,0.4650,0.5400,0.6450,0.0890
2026-04-28T17:30:09.049,4.200,1,0.30,1.29,0.00,0.00,1,-0.0630,-0.0078,0.2571,0.0000,0.0000,0.0000,123.15,-3.18,1,4.200,4.200,0.800,37,87,0,0.000,0.7600,0.0000,65.07,58.15,252,252,1.00000,1.00000,1.00000,1.00000,0.00000,3,3,0,1,23.57200,0.03395,1.89910,0.0630,0.0078,0.0929,0.0000,0.0000,0.0000,146.85,8.76,-126.12,1,1,0.0000,0.0000,0.3500,-90.00,0.7600,0.4200,1.0000,8.00,180.00,10.000000,0.250000,0.000000,1.200000,0.000000,0.000000,1.200000,0.000000,0.000000,0.900000,0.000000,0.000000,0.850000,0.040000,0.000000,0.008000,0.000000,0.000600,0.008000,0.000000,0.000600,0.006000,0.000000,0.000000,1,1,1,252,232,241,241,240,0,0,60.00,12781,3254,211,0,0,0,12751,501.50,501.50,5,1744,0.0000,0.4650,0.5400,0.6450,0.0890
2026-04-28T17:30:09.067,4.218,1,0.30,1.29,0.00,0.00,1,-0.0631,-0.0077,0.2572,0.0000,0.0000,0.0000,123.21,-3.48,1,4.200,4.200,0.800,37,87,0,0.000,0.7600,0.0000,66.60,60.29,253,253,1.00000,1.00000,1.00000,1.00000,0.00000,3,3,0,1,23.60473,0.03393,1.89828,0.0631,0.0077,0.0928,0.0000,0.0000,0.0000,146.79,8.74,-126.08,1,1,0.0000,0.0000,0.3500,-90.00,0.7600,0.4200,1.0000,8.00,180.00,10.000000,0.250000,0.000000,1.200000,0.000000,0.000000,1.200000,0.000000,0.000000,0.900000,0.000000,0.000000,0.850000,0.040000,0.000000,0.008000,0.000000,0.000600,0.008000,0.000000,0.000600,0.006000,0.000000,0.000000,1,1,1,253,232,241,241,240,0,0,60.00,12781,3254,211,0,0,0,12751,501.50,501.50,5,1744,0.0000,0.4650,0.5400,0.6450,0.0890
2026-04-28T17:30:09.083,4.234,1,0.30,1.29,0.00,0.00,1,-0.0631,-0.0079,0.2571,0.0000,0.0000,0.0000,123.11,5.66,1,4.200,4.200,0.800,37,87,0,0.000,0.7600,0.0000,55.67,59.71,254,254,1.00000,1.00000,1.00000,1.00000,0.00000,3,3,0,1,23.62950,0.03400,1.90325,0.0631,0.0079,0.0929,0.0000,0.0000,0.0000,146.89,8.76,-126.13,1,1,0.0000,0.0000,0.3500,-90.00,0.7600,0.4200,1.0000,8.00,180.00,10.000000,0.250000,0.000000,1.200000,0.000000,0.000000,1.200000,0.000000,0.000000,0.900000,0.000000,0.000000,0.850000,0.040000,0.000000,0.008000,0.000000,0.000600,0.008000,0.000000,0.000600,0.006000,0.000000,0.000000,1,1,1,254,232,241,241,240,0,0,60.00,12781,3254,211,0,0,0,12751,501.50,501.50,5,1744,0.0000,0.4650,0.5400,0.6450,0.0890
2026-04-28T17:30:09.098,4.249,1,0.30,1.29,0.00,0.00,1,-0.0631,-0.0079,0.2570,0.0000,0.0000,0.0000,123.08,1.96,1,4.200,4.200,0.800,37,87,0,0.000,0.7600,0.0000,57.76,60.37,255,255,1.00000,1.00000,1.00000,1.00000,0.00000,3,3,0,1,23.64954,0.03408,1.90556,0.0631,0.0079,0.0930,0.0000,0.0000,0.0000,146.92,8.77,-126.14,1,1,0.0000,0.0000,0.3500,-90.00,0.7600,0.4200,1.0000,8.00,180.00,10.000000,0.250000,0.000000,1.200000,0.000000,0.000000,1.200000,0.000000,0.000000,0.900000,0.000000,0.000000,0.850000,0.040000,0.000000,0.008000,0.000000,0.000600,0.008000,0.000000,0.000600,0.006000,0.000000,0.000000,1,1,1,255,232,241,241,240,0,0,60.00,12781,3254,211,0,0,0,12751,501.50,501.50,5,1744,0.0000,0.4650,0.5400,0.6450,0.0890
2026-04-28T17:30:09.117,4.268,1,0.30,1.29,0.00,0.00,1,-0.0630,-0.0080,0.2572,0.0000,0.0000,0.0000,123.08,0.00,1,4.200,4.200,0.800,37,87,0,0.000,0.7600,0.0000,64.08,56.65,256,256,1.00000,1.00000,1.00000,1.00000,0.00000,3,3,0,1,23.62250,0.03387,1.89999,0.0630,0.0080,0.0928,0.0000,0.0000,0.0000,146.92,8.77,-126.16,1,1,0.0000,0.0000,0.3500,-90.00,0.7600,0.4200,1.0000,8.00,180.00,10.000000,0.250000,0.000000,1.200000,0.000000,0.000000,1.200000,0.000000,0.000000,0.900000,0.000000,0.000000,0.850000,0.040000,0.000000,0.008000,0.000000,0.000600,0.008000,0.000000,0.000600,0.006000,0.000000,0.000000,1,1,1,256,232,241,241,240,0,0,60.00,12781,3254,211,0,0,0,12751,501.50,501.50,5,1744,0.0000,0.4650,0.5400,0.6450,0.0890
2026-04-28T17:30:09.134,4.285,1,0.30,1.29,0.00,0.00,1,-0.0630,-0.0079,0.2569,0.0000,0.0000,0.0000,123.08,0.00,1,4.200,4.200,0.800,37,87,0,0.000,0.7600,0.0000,57.54,60.10,257,257,1.00000,1.00000,1.00000,1.00000,0.00000,3,3,0,1,23.65393,0.03412,1.90573,0.0630,0.0079,0.0931,0.0000,0.0000,0.0000,146.92,8.81,-126.17,1,1,0.0000,0.0000,0.3500,-90.00,0.7600,0.4200,1.0000,8.00,180.00,10.000000,0.250000,0.000000,1.200000,0.000000,0.000000,1.200000,0.000000,0.000000,0.900000,0.000000,0.000000,0.850000,0.040000,0.000000,0.008000,0.000000,0.000600,0.008000,0.000000,0.000600,0.006000,0.000000,0.000000,1,1,1,257,232,241,241,240,0,0,60.00,12781,3254,211,0,0,0,12751,501.50,501.50,5,1744,0.0000,0.4650,0.5400,0.6450,0.0890
2026-04-28T17:30:09.148,4.299,1,0.30,1.29,0.00,0.00,1,-0.0631,-0.0078,0.2570,0.0000,0.0000,0.0000,123.12,-2.58,1,4.200,4.200,0.800,37,87,0,0.000,0.7600,0.0000,59.35,63.69,258,258,1.00000,1.00000,1.00000,1.00000,0.00000,3,3,0,1,23.60412,0.03397,1.90167,0.0631,0.0078,0.0930,0.0000,0.0000,0.0000,146.88,8.76,-126.12,1,1,0.0000,0.0000,0.3500,-90.00,0.7600,0.4200,1.0000,8.00,180.00,10.000000,0.250000,0.000000,1.200000,0.000000,0.000000,1.200000,0.000000,0.000000,0.900000,0.000000,0.000000,0.850000,0.040000,0.000000,0.008000,0.000000,0.000600,0.008000,0.000000,0.000600,0.006000,0.000000,0.000000,1,1,1,258,232,241,241,240,0,0,60.00,12781,3254,211,0,0,0,12751,501.50,501.50,5,1744,0.0000,0.4650,0.5400,0.6450,0.0890
2026-04-28T17:30:09.166,4.317,1,0.30,1.29,0.00,0.00,1,-0.0631,-0.0078,0.2571,0.0000,0.0000,0.0000,123.16,-2.41,1,4.200,4.200,0.800,37,87,0,0.000,0.7600,0.0000,61.42,60.03,259,259,1.00000,1.00000,1.00000,1.00000,0.00000,3,3,0,1,23.61231,0.03400,1.89836,0.0631,0.0078,0.0929,0.0000,0.0000,0.0000,146.84,8.81,-126.12,1,1,0.0000,0.0000,0.3500,-90.00,0.7600,0.4200,1.0000,8.00,180.00,10.000000,0.250000,0.000000,1.200000,0.000000,0.000000,1.200000,0.000000,0.000000,0.900000,0.000000,0.000000,0.850000,0.040000,0.000000,0.008000,0.000000,0.000600,0.008000,0.000000,0.000600,0.006000,0.000000,0.000000,1,1,1,259,232,241,241,240,0,0,60.00,12781,3254,211,0,0,0,12751,501.50,501.50,5,1744,0.0000,0.4650,0.5400,0.6450,0.0890
2026-04-28T17:30:09.183,4.334,1,0.30,1.29,0.00,0.00,1,-0.0630,-0.0079,0.2570,0.0000,0.0000,0.0000,123.08,4.63,1,4.200,4.200,0.800,37,87,0,0.000,0.7600,0.0000,61.98,58.68,260,260,1.00000,1.00000,1.00000,1.00000,0.00000,3,3,0,1,23.61838,0.03392,1.90134,0.0630,0.0079,0.0930,0.0000,0.0000,0.0000,146.92,8.83,-126.13,1,1,0.0000,0.0000,0.3500,-90.00,0.7600,0.4200,1.0000,8.00,180.00,10.000000,0.250000,0.000000,1.200000,0.000000,0.000000,1.200000,0.000000,0.000000,0.900000,0.000000,0.000000,0.850000,0.040000,0.000000,0.008000,0.000000,0.000600,0.008000,0.000000,0.000600,0.006000,0.000000,0.000000,1,1,1,260,232,241,241,240,0,0,60.00,12781,3254,211,0,0,0,12751,501.50,501.50,5,1744,0.0000,0.4650,0.5400,0.6450,0.0890
2026-04-28T17:30:09.200,4.351,1,0.30,1.29,0.00,0.00,1,-0.0630,-0.0079,0.2570,0.0000,0.0000,0.0000,123.07,0.59,1,4.200,4.200,0.800,37,87,0,0.000,0.7600,0.0000,56.02,61.33,261,261,1.00000,1.00000,1.00000,1.00000,0.00000,3,3,0,1,23.61971,0.03399,1.90214,0.0630,0.0079,0.0930,0.0000,0.0000,0.0000,146.93,8.81,-126.16,1,1,0.0000,0.0000,0.3500,-90.00,0.7600,0.4200,1.0000,8.00,180.00,10.000000,0.250000,0.000000,1.200000,0.000000,0.000000,1.200000,0.000000,0.000000,0.900000,0.000000,0.000000,0.850000,0.040000,0.000000,0.008000,0.000000,0.000600,0.008000,0.000000,0.000600,0.006000,0.000000,0.000000,1,1,1,261,232,241,241,240,0,0,60.00,12781,3254,211,0,0,0,12751,501.50,501.50,5,1744,0.0000,0.4650,0.5400,0.6450,0.0890
2026-04-28T17:30:09.215,4.366,1,0.30,1.29,0.00,0.00,1,-0.0630,-0.0079,0.2570,0.0000,0.0000,0.0000,123.06,0.64,1,4.200,4.200,0.800,37,87,0,0.000,0.7600,0.0000,65.97,58.59,262,262,1.00000,1.00000,1.00000,1.00000,0.00000,3,3,0,1,23.61622,0.03399,1.90231,0.0630,0.0079,0.0930,0.0000,0.0000,0.0000,146.94,8.84,-126.15,1,1,0.0000,0.0000,0.3500,-90.00,0.7600,0.4200,1.0000,8.00,180.00,10.000000,0.250000,0.000000,1.200000,0.000000,0.000000,1.200000,0.000000,0.000000,0.900000,0.000000,0.000000,0.850000,0.040000,0.000000,0.008000,0.000000,0.000600,0.008000,0.000000,0.000600,0.006000,0.000000,0.000000,1,1,1,262,232,241,241,240,0,0,60.00,12781,3254,211,0,0,0,12751,501.50,501.50,5,1744,0.0000,0.4650,0.5400,0.6450,0.0890
2026-04-28T17:30:09.233,4.384,1,0.30,1.29,0.00,0.00,1,-0.0630,-0.0080,0.2569,0.0000,0.0000,0.0000,123.07,-0.59,1,4.200,4.200,0.800,37,87,0,0.000,0.7600,0.0000,60.72,61.84,263,263,1.00000,1.00000,1.00000,1.00000,0.00000,3,3,0,1,23.66892,0.03399,1.90231,0.0630,0.0080,0.0931,0.0000,0.0000,0.0000,146.93,8.86,-126.15,1,1,0.0000,0.0000,0.3500,-90.00,0.7600,0.4200,1.0000,8.00,180.00,10.000000,0.250000,0.000000,1.200000,0.000000,0.000000,1.200000,0.000000,0.000000,0.900000,0.000000,0.000000,0.850000,0.040000,0.000000,0.008000,0.000000,0.000600,0.008000,0.000000,0.000600,0.006000,0.000000,0.000000,1,1,1,263,232,241,241,240,0,0,60.00,12781,3254,211,0,0,0,12751,501.50,501.50,5,1744,0.0000,0.4650,0.5400,0.6450,0.0890
2026-04-28T17:30:09.249,4.400,1,0.30,1.29,0.00,0.00,1,-0.0630,-0.0079,0.2570,0.0000,0.0000,0.0000,123.04,1.84,1,4.200,4.200,0.800,37,87,0,0.000,0.7600,0.0000,57.27,57.47,264,264,1.00000,1.00000,1.00000,1.00000,0.00000,3,3,0,1,23.63934,0.03405,1.90465,0.0630,0.0079,0.0930,0.0000,0.0000,0.0000,146.96,8.83,-126.16,1,1,0.0000,0.0000,0.3500,-90.00,0.7600,0.4200,1.0000,8.00,180.00,10.000000,0.250000,0.000000,1.200000,0.000000,0.000000,1.200000,0.000000,0.000000,0.900000,0.000000,0.000000,0.850000,0.040000,0.000000,0.008000,0.000000,0.000600,0.008000,0.000000,0.000600,0.006000,0.000000,0.000000,1,1,1,264,232,241,241,240,0,0,60.00,12781,3254,211,0,0,0,12751,501.50,501.50,5,1744,0.0000,0.4650,0.5400,0.6450,0.0890
2026-04-28T17:30:09.266,4.416,1,0.30,1.29,0.00,0.00,1,-0.0630,-0.0080,0.2571,0.0000,0.0000,0.0000,123.04,0.00,1,4.200,4.200,0.800,37,87,0,0.000,0.7600,0.0000,59.06,61.72,265,265,1.00000,1.00000,1.00000,1.00000,0.00000,3,3,0,1,23.59711,0.03393,1.90139,0.0630,0.0080,0.0929,0.0000,0.0000,0.0000,146.96,8.81,-126.15,1,1,0.0000,0.0000,0.3500,-90.00,0.7600,0.4200,1.0000,8.00,180.00,10.000000,0.250000,0.000000,1.200000,0.000000,0.000000,1.200000,0.000000,0.000000,0.900000,0.000000,0.000000,0.850000,0.040000,0.000000,0.008000,0.000000,0.000600,0.008000,0.000000,0.000600,0.006000,0.000000,0.000000,1,1,1,265,232,241,241,240,0,0,60.00,12781,3254,211,0,0,0,12751,501.50,501.50,5,1744,0.0000,0.4650,0.5400,0.6450,0.0890
2026-04-28T17:30:09.284,4.435,1,0.30,1.29,0.00,0.00,1,-0.0631,-0.0079,0.2571,0.0000,0.0000,0.0000,123.05,-0.56,1,4.200,4.200,0.800,37,87,0,0.000,0.7600,0.0000,70.16,57.38,266,266,1.00000,1.00000,1.00000,1.00000,0.00000,3,3,0,1,23.61971,0.03399,1.90214,0.0631,0.0079,0.0929,0.0000,0.0000,0.0000,146.95,8.81,-126.17,1,1,0.0000,0.0000,0.3500,-90.00,0.7600,0.4200,1.0000,8.00,180.00,10.000000,0.250000,0.000000,1.200000,0.000000,0.000000,1.200000,0.000000,0.000000,0.900000,0.000000,0.000000,0.850000,0.040000,0.000000,0.008000,0.000000,0.000600,0.008000,0.000000,0.000600,0.006000,0.000000,0.000000,1,1,1,266,232,241,241,240,0,0,60.00,12781,3254,211,0,0,0,12751,501.50,501.50,5,1744,0.0000,0.4650,0.5400,0.6450,0.0890
2026-04-28T17:30:09.301,4.451,1,0.30,1.29,0.00,0.00,1,-0.0631,-0.0077,0.2571,0.0000,0.0000,0.0000,123.12,-4.30,1,4.200,4.200,0.800,37,87,0,0.000,0.7600,0.0000,50.12,61.44,267,267,1.00000,1.00000,1.00000,1.00000,0.00000,3,3,0,1,23.64834,0.03398,1.90160,0.0631,0.0077,0.0929,0.0000,0.0000,0.0000,146.88,8.77,-126.15,1,1,0.0000,0.0000,0.3500,-90.00,0.7600,0.4200,1.0000,8.00,180.00,10.000000,0.250000,0.000000,1.200000,0.000000,0.000000,1.200000,0.000000,0.000000,0.900000,0.000000,0.000000,0.850000,0.040000,0.000000,0.008000,0.000000,0.000600,0.008000,0.000000,0.000600,0.006000,0.000000,0.000000,1,1,1,267,232,241,241,240,0,0,60.00,12781,3254,211,0,0,0,12751,501.50,501.50,5,1744,0.0000,0.4650,0.5400,0.6450,0.0890
2026-04-28T17:30:09.316,4.467,1,0.30,1.29,0.00,0.00,1,-0.0631,-0.0079,0.2571,0.0000,0.0000,0.0000,123.09,1.98,1,4.200,4.200,0.800,37,87,0,0.000,0.7600,0.0000,61.62,61.93,268,268,1.00000,1.00000,1.00000,1.00000,0.00000,3,3,0,1,23.62157,0.03400,1.90356,0.0631,0.0079,0.0929,0.0000,0.0000,0.0000,146.91,8.79,-126.14,1,1,0.0000,0.0000,0.3500,-90.00,0.7600,0.4200,1.0000,8.00,180.00,10.000000,0.250000,0.000000,1.200000,0.000000,0.000000,1.200000,0.000000,0.000000,0.900000,0.000000,0.000000,0.850000,0.040000,0.000000,0.008000,0.000000,0.000600,0.008000,0.000000,0.000600,0.006000,0.000000,0.000000,1,1,1,268,232,241,241,240,0,0,60.00,12781,3254,211,0,0,0,12751,501.50,501.50,5,1744,0.0000,0.4650,0.5400,0.6450,0.0890
2026-04-28T17:30:09.331,4.482,1,0.30,1.29,0.00,0.00,1,-0.0631,-0.0078,0.2571,0.0000,0.0000,0.0000,123.12,-1.86,1,4.200,4.200,0.800,37,87,0,0.000,0.7600,0.0000,65.53,57.94,269,269,1.00000,1.00000,1.00000,1.00000,0.00000,3,3,0,1,23.61926,0.03407,1.90346,0.0631,0.0078,0.0929,0.0000,0.0000,0.0000,146.88,8.75,-126.13,1,1,0.0000,0.0000,0.3500,-90.00,0.7600,0.4200,1.0000,8.00,180.00,10.000000,0.250000,0.000000,1.200000,0.000000,0.000000,1.200000,0.000000,0.000000,0.900000,0.000000,0.000000,0.850000,0.040000,0.000000,0.008000,0.000000,0.000600,0.008000,0.000000,0.000600,0.006000,0.000000,0.000000,1,1,1,269,232,241,241,240,0,0,60.00,12781,3254,211,0,0,0,12751,501.50,501.50,5,1744,0.0000,0.4650,0.5400,0.6450,0.0890
2026-04-28T17:30:09.350,4.500,1,0.30,1.29,0.00,0.00,1,-0.0630,-0.0079,0.2571,0.0000,0.0000,0.0000,123.09,1.60,1,4.200,4.200,0.800,37,87,0,0.000,0.7600,0.0000,61.18,58.09,270,270,1.00000,1.00000,1.00000,1.00000,0.00000,3,3,0,1,23.59175,0.03392,1.90014,0.0630,0.0079,0.0929,0.0000,0.0000,0.0000,146.91,8.79,-126.14,1,1,0.0000,0.0000,0.3500,-90.00,0.7600,0.4200,1.0000,8.00,180.00,10.000000,0.250000,0.000000,1.200000,0.000000,0.000000,1.200000,0.000000,0.000000,0.900000,0.000000,0.000000,0.850000,0.040000,0.000000,0.008000,0.000000,0.000600,0.008000,0.000000,0.000600,0.006000,0.000000,0.000000,1,1,1,270,232,241,241,240,0,0,60.00,12781,3254,211,0,0,0,12751,501.50,501.50,5,1744,0.0000,0.4650,0.5400,0.6450,0.0890
2026-04-28T17:30:09.366,4.517,1,0.30,1.29,0.00,0.00,1,-0.0630,-0.0078,0.2571,0.0000,0.0000,0.0000,123.09,0.00,1,4.200,4.200,0.800,37,87,0,0.000,0.7600,0.0000,57.66,64.32,271,271,1.00000,1.00000,1.00000,1.00000,0.00000,3,3,0,1,23.64644,0.03390,1.90140,0.0630,0.0078,0.0929,0.0000,0.0000,0.0000,146.91,8.75,-126.17,1,1,0.0000,0.0000,0.3500,-90.00,0.7600,0.4200,1.0000,8.00,180.00,10.000000,0.250000,0.000000,1.200000,0.000000,0.000000,1.200000,0.000000,0.000000,0.900000,0.000000,0.000000,0.850000,0.040000,0.000000,0.008000,0.000000,0.000600,0.008000,0.000000,0.000600,0.006000,0.000000,0.000000,1,1,1,271,232,241,241,240,0,0,60.00,12781,3254,211,0,0,0,12751,501.50,501.50,5,1744,0.0000,0.4650,0.5400,0.6450,0.0890
2026-04-28T17:30:09.383,4.534,1,0.30,1.29,0.00,0.00,1,-0.0630,-0.0078,0.2572,0.0000,0.0000,0.0000,123.12,-1.76,1,4.200,4.200,0.800,37,87,0,0.000,0.7600,0.0000,61.66,58.22,272,272,1.00000,1.00000,1.00000,1.00000,0.00000,3,3,0,1,23.57610,0.03394,1.89881,0.0630,0.0078,0.0928,0.0000,0.0000,0.0000,146.88,8.76,-126.14,1,1,0.0000,0.0000,0.3500,-90.00,0.7600,0.4200,1.0000,8.00,180.00,10.000000,0.250000,0.000000,1.200000,0.000000,0.000000,1.200000,0.000000,0.000000,0.900000,0.000000,0.000000,0.850000,0.040000,0.000000,0.008000,0.000000,0.000600,0.008000,0.000000,0.000600,0.006000,0.000000,0.000000,1,1,1,272,232,241,241,240,0,0,60.00,12781,3254,211,0,0,0,12751,501.50,501.50,5,1744,0.0000,0.4650,0.5400,0.6450,0.0890
2026-04-28T17:30:09.402,4.552,1,0.30,1.29,0.00,0.00,1,-0.0631,-0.0077,0.2572,0.0000,0.0000,0.0000,123.17,-2.68,1,4.200,4.200,0.800,37,87,0,0.000,0.7600,0.0000,58.01,60.68,273,273,1.00000,1.00000,1.00000,1.00000,0.00000,3,3,0,1,23.64588,0.03408,1.90151,0.0631,0.0077,0.0928,0.0000,0.0000,0.0000,146.83,8.77,-126.14,1,1,0.0000,0.0000,0.3500,-90.00,0.7600,0.4200,1.0000,8.00,180.00,10.000000,0.250000,0.000000,1.200000,0.000000,0.000000,1.200000,0.000000,0.000000,0.900000,0.000000,0.000000,0.850000,0.040000,0.000000,0.008000,0.000000,0.000600,0.008000,0.000000,0.000600,0.006000,0.000000,0.000000,1,1,1,273,232,241,241,240,0,0,60.00,12781,3254,211,0,0,0,12751,501.50,501.50,5,1744,0.0000,0.4650,0.5400,0.6450,0.0890
2026-04-28T17:30:09.419,4.570,1,0.30,1.29,0.00,0.00,1,-0.0630,-0.0078,0.2571,0.0000,0.0000,0.0000,123.12,2.89,1,4.200,4.200,0.800,37,87,0,0.000,0.7600,0.0000,57.40,61.37,274,274,1.00000,1.00000,1.00000,1.00000,0.00000,3,3,0,1,23.63419,0.03406,1.89993,0.0630,0.0078,0.0929,0.0000,0.0000,0.0000,146.88,8.76,-126.15,1,1,0.0000,0.0000,0.3500,-90.00,0.7600,0.4200,1.0000,8.00,180.00,10.000000,0.250000,0.000000,1.200000,0.000000,0.000000,1.200000,0.000000,0.000000,0.900000,0.000000,0.000000,0.850000,0.040000,0.000000,0.008000,0.000000,0.000600,0.008000,0.000000,0.000600,0.006000,0.000000,0.000000,1,1,1,274,232,241,241,240,0,0,60.00,12781,3254,211,0,0,0,12751,501.50,501.50,5,1744,0.0000,0.4650,0.5400,0.6450,0.0890
2026-04-28T17:30:09.437,4.588,1,0.30,1.29,0.00,0.00,1,-0.0630,-0.0078,0.2571,0.0000,0.0000,0.0000,123.16,-2.19,1,4.200,4.200,0.800,37,87,0,0.000,0.7600,0.0000,54.60,56.81,275,275,1.00000,1.00000,1.00000,1.00000,0.00000,3,3,0,1,23.61231,0.03400,1.89836,0.0630,0.0078,0.0929,0.0000,0.0000,0.0000,146.84,8.81,-126.13,1,1,0.0000,0.0000,0.3500,-90.00,0.7600,0.4200,1.0000,8.00,180.00,10.000000,0.250000,0.000000,1.200000,0.000000,0.000000,1.200000,0.000000,0.000000,0.900000,0.000000,0.000000,0.850000,0.040000,0.000000,0.008000,0.000000,0.000600,0.008000,0.000000,0.000600,0.006000,0.000000,0.000000,1,1,1,275,232,241,241,240,0,0,60.00,12781,3254,211,0,0,0,12751,501.50,501.50,5,1744,0.0000,0.4650,0.5400,0.6450,0.0890
2026-04-28T17:30:09.452,4.602,1,0.30,1.29,0.00,0.00,1,-0.0631,-0.0079,0.2572,0.0000,0.0000,0.0000,123.10,3.98,1,4.200,4.200,0.800,37,87,0,0.000,0.7600,0.0000,51.80,63.41,276,276,1.00000,1.00000,1.00000,1.00000,0.00000,3,3,0,1,23.61868,0.03392,1.90099,0.0631,0.0079,0.0928,0.0000,0.0000,0.0000,146.90,8.77,-126.15,1,1,0.0000,0.0000,0.3500,-90.00,0.7600,0.4200,1.0000,8.00,180.00,10.000000,0.250000,0.000000,1.200000,0.000000,0.000000,1.200000,0.000000,0.000000,0.900000,0.000000,0.000000,0.850000,0.040000,0.000000,0.008000,0.000000,0.000600,0.008000,0.000000,0.000600,0.006000,0.000000,0.000000,1,1,1,276,231,241,241,240,0,0,60.00,12781,3254,211,0,0,0,12751,501.50,501.50,5,1744,0.0000,0.4650,0.5400,0.6450,0.0890
2026-04-28T17:30:09.466,4.617,1,0.30,1.29,0.00,0.00,1,-0.0631,-0.0078,0.2571,0.0000,0.0000,0.0000,123.14,-2.81,1,4.200,4.200,0.800,37,87,0,0.000,0.7600,0.0000,73.72,60.34,277,277,1.00000,1.00000,1.00000,1.00000,0.00000,3,3,0,1,23.64486,0.03398,1.90177,0.0631,0.0078,0.0929,0.0000,0.0000,0.0000,146.86,8.78,-126.11,1,1,0.0000,0.0000,0.3500,-90.00,0.7600,0.4200,1.0000,8.00,180.00,10.000000,0.250000,0.000000,1.200000,0.000000,0.000000,1.200000,0.000000,0.000000,0.900000,0.000000,0.000000,0.850000,0.040000,0.000000,0.008000,0.000000,0.000600,0.008000,0.000000,0.000600,0.006000,0.000000,0.000000,1,1,1,277,232,241,241,240,0,0,60.00,12781,3254,211,0,0,0,12751,501.50,501.50,5,1744,0.0000,0.4650,0.5400,0.6450,0.0890
2026-04-28T17:30:09.484,4.634,1,0.30,1.29,0.00,0.00,1,-0.0631,-0.0079,0.2571,0.0000,0.0000,0.0000,123.10,2.21,1,4.200,4.200,0.800,37,87,0,0.000,0.7600,0.0000,63.59,60.05,278,278,1.00000,1.00000,1.00000,1.00000,0.00000,3,3,0,1,23.62506,0.03400,1.90339,0.0631,0.0079,0.0929,0.0000,0.0000,0.0000,146.90,8.77,-126.14,1,1,0.0000,0.0000,0.3500,-90.00,0.7600,0.4200,1.0000,8.00,180.00,10.000000,0.250000,0.000000,1.200000,0.000000,0.000000,1.200000,0.000000,0.000000,0.900000,0.000000,0.000000,0.850000,0.040000,0.000000,0.008000,0.000000,0.000600,0.008000,0.000000,0.000600,0.006000,0.000000,0.000000,1,1,1,278,231,241,241,240,0,0,60.00,12781,3254,211,0,0,0,12751,501.50,501.50,5,1744,0.0000,0.4650,0.5400,0.6450,0.0890
2026-04-28T17:30:09.502,4.653,1,0.30,1.29,0.00,0.00,1,-0.0630,-0.0078,0.2572,0.0000,0.0000,0.0000,123.10,0.00,1,4.200,4.200,0.800,37,87,0,0.000,0.7600,0.0000,58.25,57.49,279,279,1.00000,1.00000,1.00000,1.00000,0.00000,3,3,0,1,23.58362,0.03388,1.89909,0.0630,0.0078,0.0928,0.0000,0.0000,0.0000,146.90,8.74,-126.12,1,1,0.0000,0.0000,0.3500,-90.00,0.7600,0.4200,1.0000,8.00,180.00,10.000000,0.250000,0.000000,1.200000,0.000000,0.000000,1.200000,0.000000,0.000000,0.900000,0.000000,0.000000,0.850000,0.040000,0.000000,0.008000,0.000000,0.000600,0.008000,0.000000,0.000600,0.006000,0.000000,0.000000,1,1,1,279,231,241,241,240,0,0,60.00,12781,3254,211,0,0,0,12751,501.50,501.50,5,1744,0.0000,0.4650,0.5400,0.6450,0.0890
2026-04-28T17:30:09.517,4.668,1,0.30,1.29,0.00,0.00,1,-0.0630,-0.0078,0.2571,0.0000,0.0000,0.0000,123.08,1.28,1,4.200,4.200,0.800,37,87,0,0.000,0.7600,0.0000,56.78,64.16,280,280,1.00000,1.00000,1.00000,1.00000,0.00000,3,3,0,1,23.62324,0.03388,1.89788,0.0630,0.0078,0.0929,0.0000,0.0000,0.0000,146.92,8.81,-126.12,1,1,0.0000,0.0000,0.3500,-90.00,0.7600,0.4200,1.0000,8.00,180.00,10.000000,0.250000,0.000000,1.200000,0.000000,0.000000,1.200000,0.000000,0.000000,0.900000,0.000000,0.000000,0.850000,0.040000,0.000000,0.008000,0.000000,0.000600,0.008000,0.000000,0.000600,0.006000,0.000000,0.000000,1,1,1,280,232,241,241,240,0,0,60.00,12781,3254,211,0,0,0,12751,501.50,501.50,5,1744,0.0000,0.4650,0.5400,0.6450,0.0890
2026-04-28T17:30:09.534,4.685,1,0.30,1.29,0.00,0.00,1,-0.0630,-0.0080,0.2571,0.0000,0.0000,0.0000,123.08,0.00,1,4.200,4.200,0.800,37,87,0,0.000,0.7600,0.0000,73.17,55.08,281,281,1.00000,1.00000,1.00000,1.00000,0.00000,3,3,0,1,23.61911,0.03410,1.90347,0.0630,0.0080,0.0929,0.0000,0.0000,0.0000,146.92,8.82,-126.12,1,1,0.0000,0.0000,0.3500,-90.00,0.7600,0.4200,1.0000,8.00,180.00,10.000000,0.250000,0.000000,1.200000,0.000000,0.000000,1.200000,0.000000,0.000000,0.900000,0.000000,0.000000,0.850000,0.040000,0.000000,0.008000,0.000000,0.000600,0.008000,0.000000,0.000600,0.006000,0.000000,0.000000,1,1,1,281,232,241,241,240,0,0,60.00,12781,3254,211,0,0,0,12751,501.50,501.50,5,1744,0.0000,0.4650,0.5400,0.6450,0.0890
2026-04-28T17:30:09.551,4.701,1,0.30,1.29,0.00,0.00,1,-0.0631,-0.0077,0.2571,0.0000,0.0000,0.0000,123.16,-4.81,1,4.200,4.200,0.800,37,87,0,0.000,0.7600,0.0000,54.98,62.24,282,282,1.00000,1.00000,1.00000,1.00000,0.00000,3,3,0,1,23.61408,0.03394,1.90101,0.0631,0.0077,0.0929,0.0000,0.0000,0.0000,146.84,8.74,-126.13,1,1,0.0000,0.0000,0.3500,-90.00,0.7600,0.4200,1.0000,8.00,180.00,10.000000,0.250000,0.000000,1.200000,0.000000,0.000000,1.200000,0.000000,0.000000,0.900000,0.000000,0.000000,0.850000,0.040000,0.000000,0.008000,0.000000,0.000600,0.008000,0.000000,0.000600,0.006000,0.000000,0.000000,1,1,1,282,232,241,241,240,0,0,60.00,12781,3254,211,0,0,0,12751,501.50,501.50,5,1744,0.0000,0.4650,0.5400,0.6450,0.0890
2026-04-28T17:30:09.566,4.717,1,0.30,1.29,0.00,0.00,1,-0.0631,-0.0078,0.2571,0.0000,0.0000,0.0000,123.16,0.00,1,4.200,4.200,0.800,37,87,0,0.000,0.7600,0.0000,59.97,60.58,283,283,1.00000,1.00000,1.00000,1.00000,0.00000,3,3,0,1,23.60412,0.03397,1.90167,0.0631,0.0078,0.0929,0.0000,0.0000,0.0000,146.84,8.73,-126.10,1,1,0.0000,0.0000,0.3500,-90.00,0.7600,0.4200,1.0000,8.00,180.00,10.000000,0.250000,0.000000,1.200000,0.000000,0.000000,1.200000,0.000000,0.000000,0.900000,0.000000,0.000000,0.850000,0.040000,0.000000,0.008000,0.000000,0.000600,0.008000,0.000000,0.000600,0.006000,0.000000,0.000000,1,1,1,283,231,241,241,240,0,0,60.00,12781,3254,211,0,0,0,12751,501.50,501.50,5,1744,0.0000,0.4650,0.5400,0.6450,0.0890
2026-04-28T17:30:09.583,4.734,1,0.30,1.29,0.00,0.00,1,-0.0630,-0.0078,0.2570,0.0000,0.0000,0.0000,123.12,2.03,1,4.200,4.200,0.800,37,87,0,0.000,0.7600,0.0000,63.18,61.71,284,284,1.00000,1.00000,1.00000,1.00000,0.00000,3,3,0,1,23.66742,0.03402,1.90289,0.0630,0.0078,0.0930,0.0000,0.0000,0.0000,146.88,8.78,-126.15,1,1,0.0000,0.0000,0.3500,-90.00,0.7600,0.4200,1.0000,8.00,180.00,10.000000,0.250000,0.000000,1.200000,0.000000,0.000000,1.200000,0.000000,0.000000,0.900000,0.000000,0.000000,0.850000,0.040000,0.000000,0.008000,0.000000,0.000600,0.008000,0.000000,0.000600,0.006000,0.000000,0.000000,1,1,1,284,232,241,241,240,0,0,60.00,12781,3254,211,0,0,0,12751,501.50,501.50,5,1744,0.0000,0.4650,0.5400,0.6450,0.0890
2026-04-28T17:30:09.599,4.750,1,0.30,1.29,0.00,0.00,1,-0.0631,-0.0078,0.2569,0.0000,0.0000,0.0000,123.15,-1.88,1,4.200,4.200,0.800,37,87,0,0.000,0.7600,0.0000,61.41,59.24,285,285,1.00000,1.00000,1.00000,1.00000,0.00000,3,3,0,1,23.63452,0.03406,1.90447,0.0631,0.0078,0.0931,0.0000,0.0000,0.0000,146.85,8.76,-126.16,1,1,0.0000,0.0000,0.3500,-90.00,0.7600,0.4200,1.0000,8.00,180.00,10.000000,0.250000,0.000000,1.200000,0.000000,0.000000,1.200000,0.000000,0.000000,0.900000,0.000000,0.000000,0.850000,0.040000,0.000000,0.008000,0.000000,0.000600,0.008000,0.000000,0.000600,0.006000,0.000000,0.000000,1,1,1,285,232,241,241,240,0,0,60.00,12781,3254,211,0,0,0,12751,501.50,501.50,5,1744,0.0000,0.4650,0.5400,0.6450,0.0890
2026-04-28T17:30:09.617,4.768,1,0.30,1.29,0.00,0.00,1,-0.0631,-0.0079,0.2569,0.0000,0.0000,0.0000,123.11,2.18,1,4.200,4.200,0.800,37,87,0,0.000,0.7600,0.0000,62.36,59.91,286,286,1.00000,1.00000,1.00000,1.00000,0.00000,3,3,0,1,23.64954,0.03408,1.90556,0.0631,0.0079,0.0931,0.0000,0.0000,0.0000,146.89,8.77,-126.16,1,1,0.0000,0.0000,0.3500,-90.00,0.7600,0.4200,1.0000,8.00,180.00,10.000000,0.250000,0.000000,1.200000,0.000000,0.000000,1.200000,0.000000,0.000000,0.900000,0.000000,0.000000,0.850000,0.040000,0.000000,0.008000,0.000000,0.000600,0.008000,0.000000,0.000600,0.006000,0.000000,0.000000,1,1,1,286,232,241,241,240,0,0,60.00,12781,3254,211,0,0,0,12751,501.50,501.50,5,1744,0.0000,0.4650,0.5400,0.6450,0.0890
2026-04-28T17:30:09.632,4.783,1,0.30,1.29,0.00,0.00,1,-0.0630,-0.0079,0.2571,0.0000,0.0000,0.0000,123.08,1.99,1,4.200,4.200,0.800,37,87,0,0.000,0.7600,0.0000,51.87,61.05,287,287,1.00000,1.00000,1.00000,1.00000,0.00000,3,3,0,1,23.59175,0.03392,1.90014,0.0630,0.0079,0.0929,0.0000,0.0000,0.0000,146.92,8.80,-126.16,1,1,0.0000,0.0000,0.3500,-90.00,0.7600,0.4200,1.0000,8.00,180.00,10.000000,0.250000,0.000000,1.200000,0.000000,0.000000,1.200000,0.000000,0.000000,0.900000,0.000000,0.000000,0.850000,0.040000,0.000000,0.008000,0.000000,0.000600,0.008000,0.000000,0.000600,0.006000,0.000000,0.000000,1,1,1,287,231,241,241,240,0,0,60.00,12781,3254,211,0,0,0,12751,501.50,501.50,5,1744,0.0000,0.4650,0.5400,0.6450,0.0890
2026-04-28T17:30:09.648,4.798,1,0.30,1.29,0.00,0.00,1,-0.0630,-0.0080,0.2571,0.0000,0.0000,0.0000,123.06,1.22,1,4.200,4.200,0.800,37,87,0,0.000,0.7600,0.0000,71.20,58.93,288,288,1.00000,1.00000,1.00000,1.00000,0.00000,3,3,0,1,23.59175,0.03392,1.90014,0.0630,0.0080,0.0929,0.0000,0.0000,0.0000,146.94,8.82,-126.16,1,1,0.0000,0.0000,0.3500,-90.00,0.7600,0.4200,1.0000,8.00,180.00,10.000000,0.250000,0.000000,1.200000,0.000000,0.000000,1.200000,0.000000,0.000000,0.900000,0.000000,0.000000,0.850000,0.040000,0.000000,0.008000,0.000000,0.000600,0.008000,0.000000,0.000600,0.006000,0.000000,0.000000,1,1,1,288,232,241,241,240,0,0,60.00,12781,3254,211,0,0,0,12751,501.50,501.50,5,1744,0.0000,0.4650,0.5400,0.6450,0.0890
2026-04-28T17:30:09.667,4.817,1,0.30,1.29,0.00,0.00,1,-0.0630,-0.0080,0.2571,0.0000,0.0000,0.0000,123.04,1.12,1,4.200,4.200,0.800,37,87,0,0.000,0.7600,0.0000,69.34,57.33,289,289,1.00000,1.00000,1.00000,1.00000,0.00000,3,3,0,1,23.62006,0.03406,1.90123,0.0630,0.0080,0.0929,0.0000,0.0000,0.0000,146.96,8.87,-126.15,1,1,0.0000,0.0000,0.3500,-90.00,0.7600,0.4200,1.0000,8.00,180.00,10.000000,0.250000,0.000000,1.200000,0.000000,0.000000,1.200000,0.000000,0.000000,0.900000,0.000000,0.000000,0.850000,0.040000,0.000000,0.008000,0.000000,0.000600,0.008000,0.000000,0.000600,0.006000,0.000000,0.000000,1,1,1,289,232,241,241,240,0,0,60.00,12781,3254,211,0,0,0,12751,501.50,501.50,5,1744,0.0000,0.4650,0.5400,0.6450,0.0890
2026-04-28T17:30:09.682,4.833,1,0.30,1.29,0.00,0.00,1,-0.0630,-0.0078,0.2571,0.0000,0.0000,0.0000,123.07,-1.92,1,4.200,4.200,0.800,37,87,0,0.000,0.7600,0.0000,50.36,64.24,290,290,1.00000,1.00000,1.00000,1.00000,0.00000,3,3,0,1,23.60809,0.03399,1.90039,0.0630,0.0078,0.0929,0.0000,0.0000,0.0000,146.93,8.82,-126.15,1,1,0.0000,0.0000,0.3500,-90.00,0.7600,0.4200,1.0000,8.00,180.00,10.000000,0.250000,0.000000,1.200000,0.000000,0.000000,1.200000,0.000000,0.000000,0.900000,0.000000,0.000000,0.850000,0.040000,0.000000,0.008000,0.000000,0.000600,0.008000,0.000000,0.000600,0.006000,0.000000,0.000000,1,1,1,290,232,241,241,240,0,0,60.00,12781,3254,211,0,0,0,12751,501.50,501.50,5,1744,0.0000,0.4650,0.5400,0.6450,0.0890
2026-04-28T17:30:09.699,4.850,1,0.30,1.29,0.00,0.00,1,-0.0630,-0.0078,0.2571,0.0000,0.0000,0.0000,123.11,-2.21,1,4.200,4.200,0.800,37,87,0,0.000,0.7600,0.0000,63.85,57.37,291,291,1.00000,1.00000,1.00000,1.00000,0.00000,3,3,0,1,23.60593,0.03402,1.90224,0.0630,0.0078,0.0929,0.0000,0.0000,0.0000,146.89,8.79,-126.11,1,1,0.0000,0.0000,0.3500,-90.00,0.7600,0.4200,1.0000,8.00,180.00,10.000000,0.250000,0.000000,1.200000,0.000000,0.000000,1.200000,0.000000,0.000000,0.900000,0.000000,0.000000,0.850000,0.040000,0.000000,0.008000,0.000000,0.000600,0.008000,0.000000,0.000600,0.006000,0.000000,0.000000,1,1,1,291,232,241,241,240,0,0,60.00,12781,3254,211,0,0,0,12751,501.50,501.50,5,1744,0.0000,0.4650,0.5400,0.6450,0.0890
2026-04-28T17:30:09.716,4.867,1,0.30,1.29,0.00,0.00,1,-0.0631,-0.0079,0.2571,0.0000,0.0000,0.0000,123.08,1.91,1,4.200,4.200,0.800,37,87,0,0.000,0.7600,0.0000,55.15,61.88,292,292,1.00000,1.00000,1.00000,1.00000,0.00000,3,3,0,1,23.62506,0.03400,1.90339,0.0631,0.0079,0.0929,0.0000,0.0000,0.0000,146.92,8.77,-126.14,1,1,0.0000,0.0000,0.3500,-90.00,0.7600,0.4200,1.0000,8.00,180.00,10.000000,0.250000,0.000000,1.200000,0.000000,0.000000,1.200000,0.000000,0.000000,0.900000,0.000000,0.000000,0.850000,0.040000,0.000000,0.008000,0.000000,0.000600,0.008000,0.000000,0.000600,0.006000,0.000000,0.000000,1,1,1,292,232,241,241,240,0,0,60.00,12781,3254,211,0,0,0,12751,501.50,501.50,5,1744,0.0000,0.4650,0.5400,0.6450,0.0890
2026-04-28T17:30:09.731,4.882,1,0.30,1.29,0.00,0.00,1,-0.0630,-0.0080,0.2570,0.0000,0.0000,0.0000,123.04,2.50,1,4.200,4.200,0.800,37,87,0,0.000,0.7600,0.0000,59.77,58.29,293,293,1.00000,1.00000,1.00000,1.00000,0.00000,3,3,0,1,23.62558,0.03398,1.90313,0.0630,0.0080,0.0930,0.0000,0.0000,0.0000,146.96,8.80,-126.14,1,1,0.0000,0.0000,0.3500,-90.00,0.7600,0.4200,1.0000,8.00,180.00,10.000000,0.250000,0.000000,1.200000,0.000000,0.000000,1.200000,0.000000,0.000000,0.900000,0.000000,0.000000,0.850000,0.040000,0.000000,0.008000,0.000000,0.000600,0.008000,0.000000,0.000600,0.006000,0.000000,0.000000,1,1,1,293,231,241,241,240,0,0,60.00,12781,3254,211,0,0,0,12751,501.50,501.50,5,1744,0.0000,0.4650,0.5400,0.6450,0.0890
2026-04-28T17:30:09.750,4.901,1,0.30,1.29,0.00,0.00,1,-0.0631,-0.0078,0.2569,0.0000,0.0000,0.0000,123.06,-1.11,1,4.200,4.200,0.800,37,87,0,0.000,0.7600,0.0000,76.96,60.01,294,294,1.00000,1.00000,1.00000,1.00000,0.00000,3,3,0,1,23.64239,0.03402,1.90375,0.0631,0.0078,0.0931,0.0000,0.0000,0.0000,146.94,8.80,-126.15,1,1,0.0000,0.0000,0.3500,-90.00,0.7600,0.4200,1.0000,8.00,180.00,10.000000,0.250000,0.000000,1.200000,0.000000,0.000000,1.200000,0.000000,0.000000,0.900000,0.000000,0.000000,0.850000,0.040000,0.000000,0.008000,0.000000,0.000600,0.008000,0.000000,0.000600,0.006000,0.000000,0.000000,1,1,1,294,231,241,241,240,0,0,60.00,12781,3254,211,0,0,0,12751,501.50,501.50,5,1744,0.0000,0.4650,0.5400,0.6450,0.0890
2026-04-28T17:30:09.769,4.920,1,0.30,1.29,0.00,0.00,1,-0.0630,-0.0079,0.2571,0.0000,0.0000,0.0000,123.04,1.04,1,4.200,4.200,0.800,37,87,0,0.000,0.7600,0.0000,48.84,58.82,295,295,1.00000,1.00000,1.00000,1.00000,0.00000,3,3,0,1,23.59330,0.03399,1.89963,0.0630,0.0079,0.0929,0.0000,0.0000,0.0000,146.96,8.84,-126.16,1,1,0.0000,0.0000,0.3500,-90.00,0.7600,0.4200,1.0000,8.00,180.00,10.000000,0.250000,0.000000,1.200000,0.000000,0.000000,1.200000,0.000000,0.000000,0.900000,0.000000,0.000000,0.850000,0.040000,0.000000,0.008000,0.000000,0.000600,0.008000,0.000000,0.000600,0.006000,0.000000,0.000000,1,1,1,295,232,241,241,240,0,0,60.00,12781,3254,211,0,0,0,12751,501.50,501.50,5,1744,0.0000,0.4650,0.5400,0.6450,0.0890
2026-04-28T17:30:09.782,4.933,1,0.30,1.29,0.00,0.00,1,-0.0631,-0.0077,0.2571,0.0000,0.0000,0.0000,123.15,-7.93,1,4.200,4.200,0.800,37,87,0,0.000,0.7600,0.0000,50.40,63.41,296,296,1.00000,1.00000,1.00000,1.00000,0.00000,3,3,0,1,23.62477,0.03382,1.89864,0.0631,0.0077,0.0929,0.0000,0.0000,0.0000,146.85,8.78,-126.13,1,1,0.0000,0.0000,0.3500,-90.00,0.7600,0.4200,1.0000,8.00,180.00,10.000000,0.250000,0.000000,1.200000,0.000000,0.000000,1.200000,0.000000,0.000000,0.900000,0.000000,0.000000,0.850000,0.040000,0.000000,0.008000,0.000000,0.000600,0.008000,0.000000,0.000600,0.006000,0.000000,0.000000,1,1,1,296,232,241,241,240,0,0,60.00,12781,3254,211,0,0,0,12751,501.50,501.50,5,1744,0.0000,0.4650,0.5400,0.6450,0.0890
2026-04-28T17:30:09.805,4.956,1,0.30,1.29,0.00,0.00,1,-0.0631,-0.0078,0.2572,0.0000,0.0000,0.0000,123.15,0.00,1,4.200,4.200,0.800,37,87,0,0.000,0.7600,0.0000,93.48,56.26,297,297,1.00000,1.00000,1.00000,1.00000,0.00000,3,3,0,1,23.58145,0.03395,1.90006,0.0631,0.0078,0.0928,0.0000,0.0000,0.0000,146.85,8.75,-126.11,1,1,0.0000,0.0000,0.3500,-90.00,0.7600,0.4200,1.0000,8.00,180.00,10.000000,0.250000,0.000000,1.200000,0.000000,0.000000,1.200000,0.000000,0.000000,0.900000,0.000000,0.000000,0.850000,0.040000,0.000000,0.008000,0.000000,0.000600,0.008000,0.000000,0.000600,0.006000,0.000000,0.000000,1,1,1,297,232,241,241,240,0,0,60.00,12781,3254,211,0,0,0,12751,501.50,501.50,5,1744,0.0000,0.4650,0.5400,0.6450,0.0890
2026-04-28T17:30:09.818,4.969,1,0.30,1.29,0.00,0.00,1,-0.0631,-0.0078,0.2571,0.0000,0.0000,0.0000,123.15,0.00,1,4.200,4.200,0.800,37,87,0,0.000,0.7600,0.0000,43.96,61.15,298,298,1.00000,1.00000,1.00000,1.00000,0.00000,3,3,0,1,23.63392,0.03410,1.90424,0.0631,0.0078,0.0929,0.0000,0.0000,0.0000,146.85,8.74,-126.11,1,1,0.0000,0.0000,0.3500,-90.00,0.7600,0.4200,1.0000,8.00,180.00,10.000000,0.250000,0.000000,1.200000,0.000000,0.000000,1.200000,0.000000,0.000000,0.900000,0.000000,0.000000,0.850000,0.040000,0.000000,0.008000,0.000000,0.000600,0.008000,0.000000,0.000600,0.006000,0.000000,0.000000,1,1,1,298,232,241,241,240,0,0,60.00,12781,3254,211,0,0,0,12751,501.50,501.50,5,1744,0.0000,0.4650,0.5400,0.6450,0.0890
2026-04-28T17:30:09.832,4.983,1,0.30,1.29,0.00,0.00,1,-0.0631,-0.0078,0.2571,0.0000,0.0000,0.0000,123.15,0.00,1,4.200,4.200,0.800,37,87,0,0.000,0.7600,0.0000,64.98,62.80,299,299,1.00000,1.00000,1.00000,1.00000,0.00000,3,3,0,1,23.60412,0.03397,1.90167,0.0631,0.0078,0.0929,0.0000,0.0000,0.0000,146.85,8.73,-126.09,1,1,0.0000,0.0000,0.3500,-90.00,0.7600,0.4200,1.0000,8.00,180.00,10.000000,0.250000,0.000000,1.200000,0.000000,0.000000,1.200000,0.000000,0.000000,0.900000,0.000000,0.000000,0.850000,0.040000,0.000000,0.008000,0.000000,0.000600,0.008000,0.000000,0.000600,0.006000,0.000000,0.000000,1,1,1,299,232,241,241,240,0,0,60.00,12781,3254,211,0,0,0,12751,501.50,501.50,5,1744,0.0000,0.4650,0.5400,0.6450,0.0890
2026-04-28T17:30:09.853,5.004,1,0.30,1.29,0.00,0.00,1,-0.0630,-0.0079,0.2571,0.0000,0.0000,0.0000,123.10,2.54,1,4.200,4.200,0.800,37,87,0,0.000,0.7600,0.0000,70.58,55.45,300,300,1.00000,1.00000,1.00000,1.00000,0.00000,3,3,0,1,23.59175,0.03392,1.90014,0.0630,0.0079,0.0929,0.0000,0.0000,0.0000,146.90,8.78,-126.12,1,1,0.0000,0.0000,0.3500,-90.00,0.7600,0.4200,1.0000,8.00,180.00,10.000000,0.250000,0.000000,1.200000,0.000000,0.000000,1.200000,0.000000,0.000000,0.900000,0.000000,0.000000,0.850000,0.040000,0.000000,0.008000,0.000000,0.000600,0.008000,0.000000,0.000600,0.006000,0.000000,0.000000,1,1,1,300,231,241,241,240,0,0,60.00,12781,3254,211,0,0,0,12751,501.50,501.50,5,1744,0.0000,0.4650,0.5400,0.6450,0.0890
2026-04-28T17:30:09.864,5.015,1,0.30,1.29,0.00,0.00,1,-0.0631,-0.0078,0.2572,0.0000,0.0000,0.0000,123.13,-2.42,1,4.200,4.200,0.800,37,87,0,0.000,0.7600,0.0000,50.79,63.23,301,301,1.00000,1.00000,1.00000,1.00000,0.00000,3,3,0,1,23.57964,0.03390,1.89950,0.0631,0.0078,0.0928,0.0000,0.0000,0.0000,146.87,8.73,-126.11,1,1,0.0000,0.0000,0.3500,-90.00,0.7600,0.4200,1.0000,8.00,180.00,10.000000,0.250000,0.000000,1.200000,0.000000,0.000000,1.200000,0.000000,0.000000,0.900000,0.000000,0.000000,0.850000,0.040000,0.000000,0.008000,0.000000,0.000600,0.008000,0.000000,0.000600,0.006000,0.000000,0.000000,1,1,1,301,232,241,241,240,0,0,60.00,12781,3254,211,0,0,0,12751,501.50,501.50,5,1744,0.0000,0.4650,0.5400,0.6450,0.0890
2026-04-28T17:30:09.883,5.033,1,0.30,1.29,0.00,0.00,1,-0.0630,-0.0077,0.2569,0.0000,0.0000,0.0000,123.13,0.00,1,4.200,4.200,0.800,37,87,0,0.000,0.7600,0.0000,96.03,61.88,302,302,1.00000,1.00000,1.00000,1.00000,0.00000,3,3,0,1,23.67117,0.03403,1.90219,0.0630,0.0077,0.0931,0.0000,0.0000,0.0000,146.87,8.79,-126.12,1,1,0.0000,0.0000,0.3500,-90.00,0.7600,0.4200,1.0000,8.00,180.00,10.000000,0.250000,0.000000,1.200000,0.000000,0.000000,1.200000,0.000000,0.000000,0.900000,0.000000,0.000000,0.850000,0.040000,0.000000,0.008000,0.000000,0.000600,0.008000,0.000000,0.000600,0.006000,0.000000,0.000000,1,1,1,302,232,241,241,240,0,0,60.00,12781,3254,211,0,0,0,12751,501.50,501.50,5,1744,0.0000,0.4650,0.5400,0.6450,0.0890
2026-04-28T17:30:09.900,5.051,1,0.30,1.29,0.00,0.00,1,-0.0631,-0.0078,0.2569,0.0000,0.0000,0.0000,123.10,1.69,1,4.200,4.200,0.800,37,87,0,0.000,0.7600,0.0000,54.64,59.38,303,303,1.00000,1.00000,1.00000,1.00000,0.00000,3,3,0,1,23.64774,0.03403,1.90500,0.0631,0.0078,0.0931,0.0000,0.0000,0.0000,146.90,8.76,-126.14,1,1,0.0000,0.0000,0.3500,-90.00,0.7600,0.4200,1.0000,8.00,180.00,10.000000,0.250000,0.000000,1.200000,0.000000,0.000000,1.200000,0.000000,0.000000,0.900000,0.000000,0.000000,0.850000,0.040000,0.000000,0.008000,0.000000,0.000600,0.008000,0.000000,0.000600,0.006000,0.000000,0.000000,1,1,1,303,231,241,241,240,0,0,60.00,12781,3254,301,0,0,0,12841,501.50,501.50,5,1833,0.0000,0.4640,0.5410,0.8320,0.0890
2026-04-28T17:30:09.916,5.067,1,0.30,1.29,0.00,0.00,1,-0.0631,-0.0077,0.2569,0.0000,0.0000,0.0000,123.15,-3.01,1,4.200,4.200,0.800,37,87,0,0.000,0.7600,0.0000,53.35,61.18,304,304,1.00000,1.00000,1.00000,1.00000,0.00000,3,3,0,1,23.66717,0.03405,1.90262,0.0631,0.0077,0.0931,0.0000,0.0000,0.0000,146.85,8.79,-126.13,1,1,0.0000,0.0000,0.3500,-90.00,0.7600,0.4200,1.0000,8.00,180.00,10.000000,0.250000,0.000000,1.200000,0.000000,0.000000,1.200000,0.000000,0.000000,0.900000,0.000000,0.000000,0.850000,0.040000,0.000000,0.008000,0.000000,0.000600,0.008000,0.000000,0.000600,0.006000,0.000000,0.000000,1,1,1,304,232,241,241,240,0,0,60.00,12781,3254,301,0,0,0,12841,501.50,501.50,5,1833,0.0000,0.4640,0.5410,0.8320,0.0890
2026-04-28T17:30:09.932,5.083,1,0.30,1.29,0.00,0.00,1,-0.0631,-0.0078,0.2570,0.0000,0.0000,0.0000,123.10,3.35,1,4.200,4.200,0.800,37,87,0,0.000,0.7600,0.0000,59.67,59.86,305,305,1.00000,1.00000,1.00000,1.00000,0.00000,3,3,0,1,23.62635,0.03385,1.90293,0.0631,0.0078,0.0930,0.0000,0.0000,0.0000,146.90,8.74,-126.15,1,1,0.0000,0.0000,0.3500,-90.00,0.7600,0.4200,1.0000,8.00,180.00,10.000000,0.250000,0.000000,1.200000,0.000000,0.000000,1.200000,0.000000,0.000000,0.900000,0.000000,0.000000,0.850000,0.040000,0.000000,0.008000,0.000000,0.000600,0.008000,0.000000,0.000600,0.006000,0.000000,0.000000,1,1,1,305,231,241,241,240,0,0,60.00,12781,3254,301,0,0,0,12841,501.50,501.50,5,1833,0.0000,0.4640,0.5410,0.8320,0.0890
2026-04-28T17:30:09.950,5.101,1,0.30,1.29,0.00,0.00,1,-0.0631,-0.0080,0.2571,0.0000,0.0000,0.0000,123.07,1.65,1,4.200,4.200,0.800,37,87,0,0.000,0.7600,0.0000,67.51,59.84,306,306,1.00000,1.00000,1.00000,1.00000,0.00000,3,3,0,1,23.59711,0.03393,1.90139,0.0631,0.0080,0.0929,0.0000,0.0000,0.0000,146.93,8.76,-126.14,1,1,0.0000,0.0000,0.3500,-90.00,0.7600,0.4200,1.0000,8.00,180.00,10.000000,0.250000,0.000000,1.200000,0.000000,0.000000,1.200000,0.000000,0.000000,0.900000,0.000000,0.000000,0.850000,0.040000,0.000000,0.008000,0.000000,0.000600,0.008000,0.000000,0.000600,0.006000,0.000000,0.000000,1,1,1,306,232,241,241,240,0,0,60.00,12781,3254,301,0,0,0,12841,501.50,501.50,5,1833,0.0000,0.4640,0.5410,0.8320,0.0890
2026-04-28T17:30:09.960,5.111,1,0.30,1.29,0.00,0.00,1,-0.0629,-0.0076,0.2572,0.0000,-0.0132,0.0000,123.20,-11.58,1,4.200,4.200,0.800,37,87,0,0.000,0.7600,0.0000,55.02,65.15,307,307,1.00000,1.00000,1.00000,1.00000,0.00000,3,3,0,1,23.63890,0.03395,1.89317,0.0629,0.0076,0.0928,0.0000,-0.0132,0.0000,146.80,8.74,-126.11,1,1,0.0000,0.0000,0.3500,-90.00,0.7600,0.4200,1.0000,8.00,180.00,10.000000,0.250000,0.000000,1.200000,0.000000,0.000000,1.200000,0.000000,0.000000,0.900000,0.000000,0.000000,0.850000,0.040000,0.000000,0.008000,0.000000,0.000600,0.008000,0.000000,0.000600,0.006000,0.000000,0.000000,1,1,1,307,236,241,241,240,0,0,60.00,12781,3254,301,0,0,0,12841,501.50,501.50,5,1833,0.0000,0.4640,0.5410,0.8320,0.0890
2026-04-28T17:30:09.982,5.133,1,0.30,1.29,0.00,0.00,1,-0.0629,-0.0079,0.2573,0.0000,0.0000,0.0000,123.13,3.28,1,4.200,4.200,0.800,37,87,0,0.000,0.7600,0.0000,108.42,55.93,308,308,1.00000,1.00000,1.00000,1.00000,0.00000,3,3,0,1,23.62446,0.03392,1.90054,0.0629,0.0079,0.0927,0.0000,0.0000,0.0000,146.87,8.78,-126.14,1,1,0.0000,0.0000,0.3500,-90.00,0.7600,0.4200,1.0000,8.00,180.00,10.000000,0.250000,0.000000,1.200000,0.000000,0.000000,1.200000,0.000000,0.000000,0.900000,0.000000,0.000000,0.850000,0.040000,0.000000,0.008000,0.000000,0.000600,0.008000,0.000000,0.000600,0.006000,0.000000,0.000000,1,1,1,308,232,241,241,240,0,0,60.00,12781,3254,301,0,0,0,12841,501.50,501.50,5,1833,0.0000,0.4640,0.5410,0.8320,0.0890
2026-04-28T17:30:10.000,5.151,1,0.30,1.29,0.00,0.00,1,-0.0631,-0.0078,0.2572,0.0000,0.0000,0.0000,123.14,-0.58,1,4.200,4.200,0.800,37,87,0,0.000,0.7600,0.0000,46.79,60.01,309,309,1.00000,1.00000,1.00000,1.00000,0.00000,3,3,0,1,23.60427,0.03395,1.90254,0.0631,0.0078,0.0928,0.0000,0.0000,0.0000,146.86,8.71,-126.13,1,1,0.0000,0.0000,0.3500,-90.00,0.7600,0.4200,1.0000,8.00,180.00,10.000000,0.250000,0.000000,1.200000,0.000000,0.000000,1.200000,0.000000,0.000000,0.900000,0.000000,0.000000,0.850000,0.040000,0.000000,0.008000,0.000000,0.000600,0.008000,0.000000,0.000600,0.006000,0.000000,0.000000,1,1,1,309,232,241,241,240,0,0,60.00,12781,3254,301,0,0,0,12841,501.50,501.50,5,1833,0.0000,0.4640,0.5410,0.8320,0.0890
2026-04-28T17:30:10.017,5.168,1,0.30,1.29,0.00,0.00,1,-0.0630,-0.0078,0.2572,0.0000,0.0000,0.0000,123.12,1.16,1,4.200,4.200,0.800,37,87,0,0.000,0.7600,0.0000,51.98,59.55,310,310,1.00000,1.00000,1.00000,1.00000,0.00000,3,3,0,1,23.58056,0.03394,1.89868,0.0630,0.0078,0.0928,0.0000,0.0000,0.0000,146.88,8.76,-126.12,1,1,0.0000,0.0000,0.3500,-90.00,0.7600,0.4200,1.0000,8.00,180.00,10.000000,0.250000,0.000000,1.200000,0.000000,0.000000,1.200000,0.000000,0.000000,0.900000,0.000000,0.000000,0.850000,0.040000,0.000000,0.008000,0.000000,0.000600,0.008000,0.000000,0.000600,0.006000,0.000000,0.000000,1,1,1,310,232,241,241,240,0,0,60.00,12781,3254,301,0,0,0,12841,501.50,501.50,5,1833,0.0000,0.4640,0.5410,0.8320,0.0890
2026-04-28T17:30:10.031,5.182,1,0.30,1.29,0.00,0.00,1,-0.0630,-0.0079,0.2571,0.0000,0.0000,0.0000,123.08,2.69,1,4.200,4.200,0.800,37,87,0,0.000,0.7600,0.0000,54.76,59.98,311,311,1.00000,1.00000,1.00000,1.00000,0.00000,3,3,0,1,23.59175,0.03392,1.90014,0.0630,0.0079,0.0929,0.0000,0.0000,0.0000,146.92,8.80,-126.14,1,1,0.0000,0.0000,0.3500,-90.00,0.7600,0.4200,1.0000,8.00,180.00,10.000000,0.250000,0.000000,1.200000,0.000000,0.000000,1.200000,0.000000,0.000000,0.900000,0.000000,0.000000,0.850000,0.040000,0.000000,0.008000,0.000000,0.000600,0.008000,0.000000,0.000600,0.006000,0.000000,0.000000,1,1,1,311,231,241,241,240,0,0,60.00,12781,3254,301,0,0,0,12841,501.50,501.50,5,1833,0.0000,0.4640,0.5410,0.8320,0.0890
2026-04-28T17:30:10.049,5.200,1,0.30,1.29,0.00,0.00,1,-0.0631,-0.0079,0.2571,0.0000,0.0000,0.0000,123.07,0.59,1,4.200,4.200,0.800,37,87,0,0.000,0.7600,0.0000,63.44,60.19,312,312,1.00000,1.00000,1.00000,1.00000,0.00000,3,3,0,1,23.59530,0.03388,1.90083,0.0631,0.0079,0.0929,0.0000,0.0000,0.0000,146.93,8.77,-126.14,1,1,0.0000,0.0000,0.3500,-90.00,0.7600,0.4200,1.0000,8.00,180.00,10.000000,0.250000,0.000000,1.200000,0.000000,0.000000,1.200000,0.000000,0.000000,0.900000,0.000000,0.000000,0.850000,0.040000,0.000000,0.008000,0.000000,0.000600,0.008000,0.000000,0.000600,0.006000,0.000000,0.000000,1,1,1,312,232,241,241,240,0,0,60.00,12781,3254,301,0,0,0,12841,501.50,501.50,5,1833,0.0000,0.4640,0.5410,0.8320,0.0890
2026-04-28T17:30:10.067,5.218,1,0.30,1.29,0.00,0.00,1,-0.0631,-0.0078,0.2571,0.0000,0.0000,0.0000,123.13,-3.37,1,4.200,4.200,0.800,37,87,0,0.000,0.7600,0.0000,66.23,59.36,313,313,1.00000,1.00000,1.00000,1.00000,0.00000,3,3,0,1,23.61861,0.03386,1.89903,0.0631,0.0078,0.0929,0.0000,0.0000,0.0000,146.87,8.75,-126.11,1,1,0.0000,0.0000,0.3500,-90.00,0.7600,0.4200,1.0000,8.00,180.00,10.000000,0.250000,0.000000,1.200000,0.000000,0.000000,1.200000,0.000000,0.000000,0.900000,0.000000,0.000000,0.850000,0.040000,0.000000,0.008000,0.000000,0.000600,0.008000,0.000000,0.000600,0.006000,0.000000,0.000000,1,1,1,313,232,241,241,240,0,0,60.00,12781,3254,301,0,0,0,12841,501.50,501.50,5,1833,0.0000,0.4640,0.5410,0.8320,0.0890
2026-04-28T17:30:10.082,5.233,1,0.30,1.29,0.00,0.00,1,-0.0630,-0.0077,0.2570,0.0000,0.0000,0.0000,123.16,-1.83,1,4.200,4.200,0.800,37,87,0,0.000,0.7600,0.0000,56.08,61.28,314,314,1.00000,1.00000,1.00000,1.00000,0.00000,3,3,0,1,23.65342,0.03405,1.90107,0.0630,0.0077,0.0930,0.0000,0.0000,0.0000,146.84,8.76,-126.14,1,1,0.0000,0.0000,0.3500,-90.00,0.7600,0.4200,1.0000,8.00,180.00,10.000000,0.250000,0.000000,1.200000,0.000000,0.000000,1.200000,0.000000,0.000000,0.900000,0.000000,0.000000,0.850000,0.040000,0.000000,0.008000,0.000000,0.000600,0.008000,0.000000,0.000600,0.006000,0.000000,0.000000,1,1,1,314,232,241,241,240,0,0,60.00,12781,3254,301,0,0,0,12841,501.50,501.50,5,1833,0.0000,0.4640,0.5410,0.8320,0.0890
2026-04-28T17:30:10.099,5.250,1,0.30,1.29,0.00,0.00,1,-0.0630,-0.0076,0.2571,0.0000,0.0000,0.0000,123.19,-1.87,1,4.200,4.200,0.800,37,87,0,0.000,0.7600,0.0000,69.33,58.86,315,315,1.00000,1.00000,1.00000,1.00000,0.00000,3,3,0,1,23.67151,0.03393,1.90017,0.0630,0.0076,0.0929,0.0000,0.0000,0.0000,146.81,8.75,-126.15,1,1,0.0000,0.0000,0.3500,-90.00,0.7600,0.4200,1.0000,8.00,180.00,10.000000,0.250000,0.000000,1.200000,0.000000,0.000000,1.200000,0.000000,0.000000,0.900000,0.000000,0.000000,0.850000,0.040000,0.000000,0.008000,0.000000,0.000600,0.008000,0.000000,0.000600,0.006000,0.000000,0.000000,1,1,1,315,232,241,241,240,0,0,60.00,12781,3254,301,0,0,0,12841,501.50,501.50,5,1833,0.0000,0.4640,0.5410,0.8320,0.0890
2026-04-28T17:30:10.118,5.268,1,0.30,1.29,0.00,0.00,1,-0.0632,-0.0078,0.2571,0.0000,0.0000,0.0000,123.15,2.21,1,4.200,4.200,0.800,37,87,0,0.000,0.7600,0.0000,59.04,60.49,316,316,1.00000,1.00000,1.00000,1.00000,0.00000,3,3,0,1,23.59930,0.03395,1.90427,0.0632,0.0078,0.0929,0.0000,0.0000,0.0000,146.85,8.75,-126.15,1,1,0.0000,0.0000,0.3500,-90.00,0.7600,0.4200,1.0000,8.00,180.00,10.000000,0.250000,0.000000,1.200000,0.000000,0.000000,1.200000,0.000000,0.000000,0.900000,0.000000,0.000000,0.850000,0.040000,0.000000,0.008000,0.000000,0.000600,0.008000,0.000000,0.000600,0.006000,0.000000,0.000000,1,1,1,316,232,241,241,240,0,0,60.00,12781,3254,301,0,0,0,12841,501.50,501.50,5,1833,0.0000,0.4640,0.5410,0.8320,0.0890
2026-04-28T17:30:10.134,5.285,1,0.30,1.29,0.00,0.00,1,-0.0631,-0.0079,0.2569,0.0000,0.0000,0.0000,123.10,3.08,1,4.200,4.200,0.800,37,87,0,0.000,0.7600,0.0000,52.09,57.13,317,317,1.00000,1.00000,1.00000,1.00000,0.00000,3,3,0,1,23.67148,0.03412,1.90571,0.0631,0.0079,0.0931,0.0000,0.0000,0.0000,146.90,8.80,-126.15,1,1,0.0000,0.0000,0.3500,-90.00,0.7600,0.4200,1.0000,8.00,180.00,10.000000,0.250000,0.000000,1.200000,0.000000,0.000000,1.200000,0.000000,0.000000,0.900000,0.000000,0.000000,0.850000,0.040000,0.000000,0.008000,0.000000,0.000600,0.008000,0.000000,0.000600,0.006000,0.000000,0.000000,1,1,1,317,230,241,241,240,0,0,60.00,12781,3254,301,0,0,0,12841,501.50,501.50,5,1833,0.0000,0.4640,0.5410,0.8320,0.0890
2026-04-28T17:30:10.148,5.299,1,0.30,1.29,0.00,0.00,1,-0.0631,-0.0078,0.2570,0.0000,0.0000,0.0000,123.16,-3.87,1,4.200,4.200,0.800,37,87,0,0.000,0.7600,0.0000,61.66,63.50,318,318,1.00000,1.00000,1.00000,1.00000,0.00000,3,3,0,1,23.64239,0.03408,1.90169,0.0631,0.0078,0.0930,0.0000,0.0000,0.0000,146.84,8.82,-126.12,1,1,0.0000,0.0000,0.3500,-90.00,0.7600,0.4200,1.0000,8.00,180.00,10.000000,0.250000,0.000000,1.200000,0.000000,0.000000,1.200000,0.000000,0.000000,0.900000,0.000000,0.000000,0.850000,0.040000,0.000000,0.008000,0.000000,0.000600,0.008000,0.000000,0.000600,0.006000,0.000000,0.000000,1,1,1,318,232,241,241,240,0,0,60.00,12781,3254,301,0,0,0,12841,501.50,501.50,5,1833,0.0000,0.4640,0.5410,0.8320,0.0890
2026-04-28T17:30:10.166,5.317,1,0.30,1.29,0.00,0.00,1,-0.0631,-0.0078,0.2572,0.0000,0.0000,0.0000,123.15,0.61,1,4.200,4.200,0.800,37,87,0,0.000,0.7600,0.0000,61.80,59.55,319,319,1.00000,1.00000,1.00000,1.00000,0.00000,3,3,0,1,23.58145,0.03395,1.90006,0.0631,0.0078,0.0928,0.0000,0.0000,0.0000,146.85,8.77,-126.10,1,1,0.0000,0.0000,0.3500,-90.00,0.7600,0.4200,1.0000,8.00,180.00,10.000000,0.250000,0.000000,1.200000,0.000000,0.000000,1.200000,0.000000,0.000000,0.900000,0.000000,0.000000,0.850000,0.040000,0.000000,0.008000,0.000000,0.000600,0.008000,0.000000,0.000600,0.006000,0.000000,0.000000,1,1,1,319,231,241,241,240,0,0,60.00,12781,3254,301,0,0,0,12841,501.50,501.50,5,1833,0.0000,0.4640,0.5410,0.8320,0.0890
2026-04-28T17:30:10.183,5.334,1,0.30,1.29,0.00,0.00,1,-0.0631,-0.0076,0.2572,0.0000,0.0000,0.0000,123.19,-2.33,1,4.200,4.200,0.800,37,87,0,0.000,0.7600,0.0000,62.29,60.04,320,320,1.00000,1.00000,1.00000,1.00000,0.00000,3,3,0,1,23.66970,0.03388,1.89961,0.0631,0.0076,0.0928,0.0000,0.0000,0.0000,146.81,8.73,-126.13,1,1,0.0000,0.0000,0.3500,-90.00,0.7600,0.4200,1.0000,8.00,180.00,10.000000,0.250000,0.000000,1.200000,0.000000,0.000000,1.200000,0.000000,0.000000,0.900000,0.000000,0.000000,0.850000,0.040000,0.000000,0.008000,0.000000,0.000600,0.008000,0.000000,0.000600,0.006000,0.000000,0.000000,1,1,1,320,232,241,241,240,0,0,60.00,12781,3254,301,0,0,0,12841,501.50,501.50,5,1833,0.0000,0.4640,0.5410,0.8320,0.0890
2026-04-28T17:30:10.197,5.348,1,0.30,1.29,0.00,0.00,1,-0.0630,-0.0077,0.2572,0.0000,0.0000,0.0000,123.13,4.03,1,4.200,4.200,0.800,37,87,0,0.000,0.7600,0.0000,55.99,64.33,321,321,1.00000,1.00000,1.00000,1.00000,0.00000,3,3,0,1,23.63912,0.03390,1.89952,0.0630,0.0077,0.0928,0.0000,0.0000,0.0000,146.87,8.72,-126.14,1,1,0.0000,0.0000,0.3500,-90.00,0.7600,0.4200,1.0000,8.00,180.00,10.000000,0.250000,0.000000,1.200000,0.000000,0.000000,1.200000,0.000000,0.000000,0.900000,0.000000,0.000000,0.850000,0.040000,0.000000,0.008000,0.000000,0.000600,0.008000,0.000000,0.000600,0.006000,0.000000,0.000000,1,1,1,321,232,241,241,240,0,0,60.00,12781,3254,301,0,0,0,12841,501.50,501.50,5,1833,0.0000,0.4640,0.5410,0.8320,0.0890
2026-04-28T17:30:10.218,5.369,1,0.30,1.29,0.00,0.00,1,-0.0631,-0.0079,0.2570,0.0000,0.0000,0.0000,123.15,-0.95,1,4.200,4.200,0.800,37,87,0,0.000,0.7600,0.0000,62.84,56.42,322,322,1.00000,1.00000,1.00000,1.00000,0.00000,3,3,0,1,23.60813,0.03403,1.90302,0.0631,0.0079,0.0930,0.0000,0.0000,0.0000,146.85,8.77,-126.14,1,1,0.0000,0.0000,0.3500,-90.00,0.7600,0.4200,1.0000,8.00,180.00,10.000000,0.250000,0.000000,1.200000,0.000000,0.000000,1.200000,0.000000,0.000000,0.900000,0.000000,0.000000,0.850000,0.040000,0.000000,0.008000,0.000000,0.000600,0.008000,0.000000,0.000600,0.006000,0.000000,0.000000,1,1,1,322,232,241,241,240,0,0,60.00,12781,3254,301,0,0,0,12841,501.50,501.50,5,1833,0.0000,0.4640,0.5410,0.8320,0.0890
2026-04-28T17:30:10.235,5.386,1,0.30,1.29,0.00,0.00,1,-0.0630,-0.0079,0.2569,0.0000,0.0000,0.0000,123.11,2.46,1,4.200,4.200,0.800,37,87,0,0.000,0.7600,0.0000,58.70,59.45,323,323,1.00000,1.00000,1.00000,1.00000,0.00000,3,3,0,1,23.61441,0.03394,1.90175,0.0630,0.0079,0.0931,0.0000,0.0000,0.0000,146.89,8.80,-126.14,1,1,0.0000,0.0000,0.3500,-90.00,0.7600,0.4200,1.0000,8.00,180.00,10.000000,0.250000,0.000000,1.200000,0.000000,0.000000,1.200000,0.000000,0.000000,0.900000,0.000000,0.000000,0.850000,0.040000,0.000000,0.008000,0.000000,0.000600,0.008000,0.000000,0.000600,0.006000,0.000000,0.000000,1,1,1,323,231,241,241,240,0,0,60.00,12781,3254,301,0,0,0,12841,501.50,501.50,5,1833,0.0000,0.4640,0.5410,0.8320,0.0890
2026-04-28T17:30:10.251,5.401,1,0.30,1.29,0.00,0.00,1,-0.0631,-0.0079,0.2570,0.0000,0.0000,0.0000,123.08,1.82,1,4.200,4.200,0.800,37,87,0,0.000,0.7600,0.0000,54.82,60.39,324,324,1.00000,1.00000,1.00000,1.00000,0.00000,3,3,0,1,23.65141,0.03405,1.90470,0.0631,0.0079,0.0930,0.0000,0.0000,0.0000,146.92,8.79,-126.14,1,1,0.0000,0.0000,0.3500,-90.00,0.7600,0.4200,1.0000,8.00,180.00,10.000000,0.250000,0.000000,1.200000,0.000000,0.000000,1.200000,0.000000,0.000000,0.900000,0.000000,0.000000,0.850000,0.040000,0.000000,0.008000,0.000000,0.000600,0.008000,0.000000,0.000600,0.006000,0.000000,0.000000,1,1,1,324,232,241,241,240,0,0,60.00,12781,3254,301,0,0,0,12841,501.50,501.50,5,1833,0.0000,0.4640,0.5410,0.8320,0.0890
2026-04-28T17:30:10.268,5.419,1,0.30,1.29,0.00,0.00,1,-0.0631,-0.0077,0.2570,0.0000,0.0000,0.0000,123.14,-3.48,1,4.200,4.200,0.800,37,87,0,0.000,0.7600,0.0000,68.96,59.40,325,325,1.00000,1.00000,1.00000,1.00000,0.00000,3,3,0,1,23.67280,0.03406,1.90377,0.0631,0.0077,0.0930,0.0000,0.0000,0.0000,146.86,8.78,-126.13,1,1,0.0000,0.0000,0.3500,-90.00,0.7600,0.4200,1.0000,8.00,180.00,10.000000,0.250000,0.000000,1.200000,0.000000,0.000000,1.200000,0.000000,0.000000,0.900000,0.000000,0.000000,0.850000,0.040000,0.000000,0.008000,0.000000,0.000600,0.008000,0.000000,0.000600,0.006000,0.000000,0.000000,1,1,1,325,232,241,241,240,0,0,60.00,12781,3254,301,0,0,0,12841,501.50,501.50,5,1833,0.0000,0.4640,0.5410,0.8320,0.0890
2026-04-28T17:30:10.286,5.437,1,0.30,1.29,0.00,0.00,1,-0.0631,-0.0077,0.2570,0.0000,0.0000,0.0000,123.17,-1.75,1,4.200,4.200,0.800,37,87,0,0.000,0.7600,0.0000,51.97,57.24,326,326,1.00000,1.00000,1.00000,1.00000,0.00000,3,3,0,1,23.67280,0.03406,1.90377,0.0631,0.0077,0.0930,0.0000,0.0000,0.0000,146.83,8.77,-126.12,1,1,0.0000,0.0000,0.3500,-90.00,0.7600,0.4200,1.0000,8.00,180.00,10.000000,0.250000,0.000000,1.200000,0.000000,0.000000,1.200000,0.000000,0.000000,0.900000,0.000000,0.000000,0.850000,0.040000,0.000000,0.008000,0.000000,0.000600,0.008000,0.000000,0.000600,0.006000,0.000000,0.000000,1,1,1,326,232,241,241,240,0,0,60.00,12781,3254,301,0,0,0,12841,501.50,501.50,5,1833,0.0000,0.4640,0.5410,0.8320,0.0890
2026-04-28T17:30:10.300,5.451,1,0.30,1.29,0.00,0.00,1,-0.0631,-0.0077,0.2571,0.0000,0.0000,0.0000,123.17,0.00,1,4.200,4.200,0.800,37,87,0,0.000,0.7600,0.0000,58.32,64.15,327,327,1.00000,1.00000,1.00000,1.00000,0.00000,3,3,0,1,23.62042,0.03391,1.89960,0.0631,0.0077,0.0929,0.0000,0.0000,0.0000,146.83,8.77,-126.11,1,1,0.0000,0.0000,0.3500,-90.00,0.7600,0.4200,1.0000,8.00,180.00,10.000000,0.250000,0.000000,1.200000,0.000000,0.000000,1.200000,0.000000,0.000000,0.900000,0.000000,0.000000,0.850000,0.040000,0.000000,0.008000,0.000000,0.000600,0.008000,0.000000,0.000600,0.006000,0.000000,0.000000,1,1,1,327,232,241,241,240,0,0,60.00,12781,3254,301,0,0,0,12841,501.50,501.50,5,1833,0.0000,0.4640,0.5410,0.8320,0.0890
2026-04-28T17:30:10.318,5.469,1,0.30,1.29,0.00,0.00,1,-0.0630,-0.0079,0.2569,0.0000,0.0000,0.0000,123.11,3.56,1,4.200,4.200,0.800,37,87,0,0.000,0.7600,0.0000,75.65,56.53,328,328,1.00000,1.00000,1.00000,1.00000,0.00000,3,3,0,1,23.64347,0.03404,1.90371,0.0630,0.0079,0.0931,0.0000,0.0000,0.0000,146.89,8.83,-126.11,1,1,0.0000,0.0000,0.3500,-90.00,0.7600,0.4200,1.0000,8.00,180.00,10.000000,0.250000,0.000000,1.200000,0.000000,0.000000,1.200000,0.000000,0.000000,0.900000,0.000000,0.000000,0.850000,0.040000,0.000000,0.008000,0.000000,0.000600,0.008000,0.000000,0.000600,0.006000,0.000000,0.000000,1,1,1,328,232,241,241,240,0,0,60.00,12781,3254,301,0,0,0,12841,501.50,501.50,5,1833,0.0000,0.4640,0.5410,0.8320,0.0890
2026-04-28T17:30:10.335,5.486,1,0.30,1.29,0.00,0.00,1,-0.0630,-0.0079,0.2569,0.0000,0.0000,0.0000,123.07,2.36,1,4.200,4.200,0.800,37,87,0,0.000,0.7600,0.0000,53.88,63.40,329,329,1.00000,1.00000,1.00000,1.00000,0.00000,3,3,0,1,23.64574,0.03414,1.90380,0.0630,0.0079,0.0931,0.0000,0.0000,0.0000,146.93,8.86,-126.15,1,1,0.0000,0.0000,0.3500,-90.00,0.7600,0.4200,1.0000,8.00,180.00,10.000000,0.250000,0.000000,1.200000,0.000000,0.000000,1.200000,0.000000,0.000000,0.900000,0.000000,0.000000,0.850000,0.040000,0.000000,0.008000,0.000000,0.000600,0.008000,0.000000,0.000600,0.006000,0.000000,0.000000,1,1,1,329,232,241,241,240,0,0,60.00,12781,3254,301,0,0,0,12841,501.50,501.50,5,1833,0.0000,0.4640,0.5410,0.8320,0.0890
2026-04-28T17:30:10.354,5.504,1,0.30,1.29,0.00,0.00,1,-0.0630,-0.0080,0.2570,0.0000,0.0000,0.0000,123.06,0.54,1,4.200,4.200,0.800,37,87,0,0.000,0.7600,0.0000,57.91,59.85,330,330,1.00000,1.00000,1.00000,1.00000,0.00000,3,3,0,1,23.62157,0.03400,1.90356,0.0630,0.0080,0.0930,0.0000,0.0000,0.0000,146.94,8.83,-126.14,1,1,0.0000,0.0000,0.3500,-90.00,0.7600,0.4200,1.0000,8.00,180.00,10.000000,0.250000,0.000000,1.200000,0.000000,0.000000,1.200000,0.000000,0.000000,0.900000,0.000000,0.000000,0.850000,0.040000,0.000000,0.008000,0.000000,0.000600,0.008000,0.000000,0.000600,0.006000,0.000000,0.000000,1,1,1,330,232,241,241,240,0,0,60.00,12781,3254,301,0,0,0,12841,501.50,501.50,5,1833,0.0000,0.4640,0.5410,0.8320,0.0890
2026-04-28T17:30:10.368,5.519,1,0.30,1.29,0.00,0.00,1,-0.0631,-0.0078,0.2571,0.0000,0.0000,0.0000,123.14,-5.58,1,4.200,4.200,0.800,37,87,0,0.000,0.7600,0.0000,53.63,60.59,331,331,1.00000,1.00000,1.00000,1.00000,0.00000,3,3,0,1,23.64588,0.03408,1.90151,0.0631,0.0078,0.0929,0.0000,0.0000,0.0000,146.86,8.80,-126.13,1,1,0.0000,0.0000,0.3500,-90.00,0.7600,0.4200,1.0000,8.00,180.00,10.000000,0.250000,0.000000,1.200000,0.000000,0.000000,1.200000,0.000000,0.000000,0.900000,0.000000,0.000000,0.850000,0.040000,0.000000,0.008000,0.000000,0.000600,0.008000,0.000000,0.000600,0.006000,0.000000,0.000000,1,1,1,331,231,241,241,240,0,0,60.00,12781,3254,301,0,0,0,12841,501.50,501.50,5,1833,0.0000,0.4640,0.5410,0.8320,0.0890
2026-04-28T17:30:10.382,5.532,1,0.30,1.29,0.00,0.00,1,-0.0631,-0.0076,0.2572,0.0000,0.0000,0.0000,123.18,-2.73,1,4.200,4.200,0.800,37,87,0,0.000,0.7600,0.0000,69.77,67.56,332,332,1.00000,1.00000,1.00000,1.00000,0.00000,3,3,0,1,23.67151,0.03393,1.90017,0.0631,0.0076,0.0928,0.0000,0.0000,0.0000,146.82,8.77,-126.15,1,1,0.0000,0.0000,0.3500,-90.00,0.7600,0.4200,1.0000,8.00,180.00,10.000000,0.250000,0.000000,1.200000,0.000000,0.000000,1.200000,0.000000,0.000000,0.900000,0.000000,0.000000,0.850000,0.040000,0.000000,0.008000,0.000000,0.000600,0.008000,0.000000,0.000600,0.006000,0.000000,0.000000,1,1,1,332,232,241,241,240,0,0,60.00,12781,3254,301,0,0,0,12841,501.50,501.50,5,1833,0.0000,0.4640,0.5410,0.8320,0.0890
2026-04-28T17:30:10.399,5.550,1,0.30,1.29,0.00,0.00,1,-0.0630,-0.0077,0.2571,0.0000,0.0000,0.0000,123.18,0.00,1,4.200,4.200,0.800,37,87,0,0.000,0.7600,0.0000,73.22,53.04,333,333,1.00000,1.00000,1.00000,1.00000,0.00000,3,3,0,1,23.61477,0.03390,1.89845,0.0630,0.0077,0.0929,0.0000,0.0000,0.0000,146.82,8.79,-126.13,1,1,0.0000,0.0000,0.3500,-90.00,0.7600,0.4200,1.0000,8.00,180.00,10.000000,0.250000,0.000000,1.200000,0.000000,0.000000,1.200000,0.000000,0.000000,0.900000,0.000000,0.000000,0.850000,0.040000,0.000000,0.008000,0.000000,0.000600,0.008000,0.000000,0.000600,0.006000,0.000000,0.000000,1,1,1,333,232,241,241,240,0,0,60.00,12781,3254,331,0,0,0,12871,501.50,501.50,5,2122,0.0000,0.4630,0.5420,0.8320,0.0890
2026-04-28T17:30:10.416,5.567,1,0.30,1.29,0.00,0.00,1,-0.0630,-0.0075,0.2570,0.0000,0.0000,0.0000,123.25,-4.24,1,4.200,4.200,0.800,37,87,0,0.000,0.7600,0.0000,60.52,60.12,334,334,1.00000,1.00000,1.00000,1.00000,0.00000,3,3,0,1,23.67474,0.03402,1.89988,0.0630,0.0075,0.0930,0.0000,0.0000,0.0000,146.75,8.78,-126.12,1,1,0.0000,0.0000,0.3500,-90.00,0.7600,0.4200,1.0000,8.00,180.00,10.000000,0.250000,0.000000,1.200000,0.000000,0.000000,1.200000,0.000000,0.000000,0.900000,0.000000,0.000000,0.850000,0.040000,0.000000,0.008000,0.000000,0.000600,0.008000,0.000000,0.000600,0.006000,0.000000,0.000000,1,1,1,334,232,241,241,240,0,0,60.00,12781,3254,331,0,0,0,12871,501.50,501.50,5,2122,0.0000,0.4630,0.5420,0.8320,0.0890
2026-04-28T17:30:10.432,5.583,1,0.30,1.29,0.00,0.00,1,-0.0631,-0.0078,0.2569,0.0000,0.0000,0.0000,123.13,7.42,1,4.200,4.200,0.800,37,87,0,0.000,0.7600,0.0000,56.37,60.79,335,335,1.00000,1.00000,1.00000,1.00000,0.00000,3,3,0,1,23.65912,0.03407,1.90576,0.0631,0.0078,0.0931,0.0000,0.0000,0.0000,146.87,8.80,-126.15,1,1,0.0000,0.0000,0.3500,-90.00,0.7600,0.4200,1.0000,8.00,180.00,10.000000,0.250000,0.000000,1.200000,0.000000,0.000000,1.200000,0.000000,0.000000,0.900000,0.000000,0.000000,0.850000,0.040000,0.000000,0.008000,0.000000,0.000600,0.008000,0.000000,0.000600,0.006000,0.000000,0.000000,1,1,1,335,231,241,241,240,0,0,60.00,12781,3254,331,0,0,0,12871,501.50,501.50,5,2122,0.0000,0.4630,0.5420,0.8320,0.0890
2026-04-28T17:30:10.452,5.603,1,0.30,1.29,0.00,0.00,1,-0.0631,-0.0077,0.2571,0.0000,0.0000,0.0000,123.17,-2.11,1,4.200,4.200,0.800,37,87,0,0.000,0.7600,0.0000,62.98,58.64,336,336,1.00000,1.00000,1.00000,1.00000,0.00000,3,3,0,1,23.67151,0.03393,1.90017,0.0631,0.0077,0.0929,0.0000,0.0000,0.0000,146.83,8.77,-126.16,1,1,0.0000,0.0000,0.3500,-90.00,0.7600,0.4200,1.0000,8.00,180.00,10.000000,0.250000,0.000000,1.200000,0.000000,0.000000,1.200000,0.000000,0.000000,0.900000,0.000000,0.000000,0.850000,0.040000,0.000000,0.008000,0.000000,0.000600,0.008000,0.000000,0.000600,0.006000,0.000000,0.000000,1,1,1,336,232,241,241,240,0,0,60.00,12781,3254,331,0,0,0,12871,501.50,501.50,5,2122,0.0000,0.4630,0.5420,0.8320,0.0890
2026-04-28T17:30:10.465,5.615,1,0.30,1.29,0.00,0.00,1,-0.0631,-0.0078,0.2572,0.0000,0.0000,0.0000,123.16,0.67,1,4.200,4.200,0.800,37,87,0,0.000,0.7600,0.0000,48.63,61.71,337,337,1.00000,1.00000,1.00000,1.00000,0.00000,3,3,0,1,23.58145,0.03395,1.90006,0.0631,0.0078,0.0928,0.0000,0.0000,0.0000,146.84,8.75,-126.12,1,1,0.0000,0.0000,0.3500,-90.00,0.7600,0.4200,1.0000,8.00,180.00,10.000000,0.250000,0.000000,1.200000,0.000000,0.000000,1.200000,0.000000,0.000000,0.900000,0.000000,0.000000,0.850000,0.040000,0.000000,0.008000,0.000000,0.000600,0.008000,0.000000,0.000600,0.006000,0.000000,0.000000,1,1,1,337,232,241,241,240,0,0,60.00,12781,3254,331,0,0,0,12871,501.50,501.50,5,2122,0.0000,0.4630,0.5420,0.8320,0.0890
2026-04-28T17:30:10.479,5.630,1,0.30,1.29,0.00,0.00,1,-0.0630,-0.0078,0.2571,0.0000,0.0000,0.0000,123.15,0.70,1,4.200,4.200,0.800,37,87,0,0.000,0.7600,0.0000,81.06,59.68,338,338,1.00000,1.00000,1.00000,1.00000,0.00000,3,3,0,1,23.60059,0.03402,1.90099,0.0630,0.0078,0.0929,0.0000,0.0000,0.0000,146.85,8.78,-126.11,1,1,0.0000,0.0000,0.3500,-90.00,0.7600,0.4200,1.0000,8.00,180.00,10.000000,0.250000,0.000000,1.200000,0.000000,0.000000,1.200000,0.000000,0.000000,0.900000,0.000000,0.000000,0.850000,0.040000,0.000000,0.008000,0.000000,0.000600,0.008000,0.000000,0.000600,0.006000,0.000000,0.000000,1,1,1,338,232,241,241,240,0,0,60.00,12781,3254,331,0,0,0,12871,501.50,501.50,5,2122,0.0000,0.4630,0.5420,0.8320,0.0890
2026-04-28T17:30:10.500,5.651,1,0.30,1.29,0.00,0.00,1,-0.0630,-0.0079,0.2571,0.0000,0.0000,0.0000,123.10,2.52,1,4.200,4.200,0.800,37,87,0,0.000,0.7600,0.0000,74.87,57.66,339,339,1.00000,1.00000,1.00000,1.00000,0.00000,3,3,0,1,23.59175,0.03392,1.90014,0.0630,0.0079,0.0929,0.0000,0.0000,0.0000,146.90,8.80,-126.13,1,1,0.0000,0.0000,0.3500,-90.00,0.7600,0.4200,1.0000,8.00,180.00,10.000000,0.250000,0.000000,1.200000,0.000000,0.000000,1.200000,0.000000,0.000000,0.900000,0.000000,0.000000,0.850000,0.040000,0.000000,0.008000,0.000000,0.000600,0.008000,0.000000,0.000600,0.006000,0.000000,0.000000,1,1,1,339,230,241,241,240,0,0,60.00,12781,3254,331,0,0,0,12871,501.50,501.50,5,2122,0.0000,0.4630,0.5420,0.8320,0.0890
2026-04-28T17:30:10.516,5.666,1,0.30,1.29,0.00,0.00,1,-0.0630,-0.0079,0.2572,0.0000,0.0000,0.0000,123.12,-1.20,1,4.200,4.200,0.800,37,87,0,0.000,0.7600,0.0000,48.04,61.64,340,340,1.00000,1.00000,1.00000,1.00000,0.00000,3,3,0,1,23.58145,0.03395,1.90006,0.0630,0.0079,0.0928,0.0000,0.0000,0.0000,146.88,8.76,-126.11,1,1,0.0000,0.0000,0.3500,-90.00,0.7600,0.4200,1.0000,8.00,180.00,10.000000,0.250000,0.000000,1.200000,0.000000,0.000000,1.200000,0.000000,0.000000,0.900000,0.000000,0.000000,0.850000,0.040000,0.000000,0.008000,0.000000,0.000600,0.008000,0.000000,0.000600,0.006000,0.000000,0.000000,1,1,1,340,232,241,241,240,0,0,60.00,12781,3254,331,0,0,0,12871,501.50,501.50,5,2122,0.0000,0.4630,0.5420,0.8320,0.0890
2026-04-28T17:30:10.533,5.683,1,0.30,1.29,0.00,0.00,1,-0.0631,-0.0079,0.2572,0.0000,0.0000,0.0000,123.10,1.27,1,4.200,4.200,0.800,37,87,0,0.000,0.7600,0.0000,56.50,60.41,341,341,1.00000,1.00000,1.00000,1.00000,0.00000,3,3,0,1,23.62259,0.03410,1.90330,0.0631,0.0079,0.0928,0.0000,0.0000,0.0000,146.90,8.77,-126.14,1,1,0.0000,0.0000,0.3500,-90.00,0.7600,0.4200,1.0000,8.00,180.00,10.000000,0.250000,0.000000,1.200000,0.000000,0.000000,1.200000,0.000000,0.000000,0.900000,0.000000,0.000000,0.850000,0.040000,0.000000,0.008000,0.000000,0.000600,0.008000,0.000000,0.000600,0.006000,0.000000,0.000000,1,1,1,341,231,241,241,240,0,0,60.00,12781,3254,331,0,0,0,12871,501.50,501.50,5,2122,0.0000,0.4630,0.5420,0.8320,0.0890
2026-04-28T17:30:10.550,5.700,1,0.30,1.29,0.00,0.00,1,-0.0630,-0.0080,0.2572,0.0000,0.0000,0.0000,123.04,4.97,1,4.200,4.200,0.800,37,87,0,0.000,0.7600,0.0000,66.76,59.52,342,342,1.00000,1.00000,1.00000,1.00000,0.00000,3,3,0,1,23.60156,0.03393,1.90125,0.0630,0.0080,0.0928,0.0000,0.0000,0.0000,146.96,8.80,-126.14,1,1,0.0000,0.0000,0.3500,-90.00,0.7600,0.4200,1.0000,8.00,180.00,10.000000,0.250000,0.000000,1.200000,0.000000,0.000000,1.200000,0.000000,0.000000,0.900000,0.000000,0.000000,0.850000,0.040000,0.000000,0.008000,0.000000,0.000600,0.008000,0.000000,0.000600,0.006000,0.000000,0.000000,1,1,1,342,231,241,241,240,0,0,60.00,12781,3254,331,0,0,0,12871,501.50,501.50,5,2122,0.0000,0.4630,0.5420,0.8320,0.0890
2026-04-28T17:30:10.564,5.715,1,0.30,1.29,0.00,0.00,1,-0.0630,-0.0080,0.2571,0.0000,0.0000,0.0000,123.05,-0.47,1,4.200,4.200,0.800,37,87,0,0.000,0.7600,0.0000,58.94,59.69,343,343,1.00000,1.00000,1.00000,1.00000,0.00000,3,3,0,1,23.62157,0.03400,1.90356,0.0630,0.0080,0.0929,0.0000,0.0000,0.0000,146.95,8.80,-126.13,1,1,0.0000,0.0000,0.3500,-90.00,0.7600,0.4200,1.0000,8.00,180.00,10.000000,0.250000,0.000000,1.200000,0.000000,0.000000,1.200000,0.000000,0.000000,0.900000,0.000000,0.000000,0.850000,0.040000,0.000000,0.008000,0.000000,0.000600,0.008000,0.000000,0.000600,0.006000,0.000000,0.000000,1,1,1,343,231,241,241,240,0,0,60.00,12781,3254,331,0,0,0,12871,501.50,501.50,5,2122,0.0000,0.4630,0.5420,0.8320,0.0890
2026-04-28T17:30:10.582,5.733,1,0.30,1.29,0.00,0.00,1,-0.0631,-0.0078,0.2570,0.0000,0.0000,0.0000,123.10,-2.78,1,4.200,4.200,0.800,37,87,0,0.000,0.7600,0.0000,66.95,61.67,344,344,1.00000,1.00000,1.00000,1.00000,0.00000,3,3,0,1,23.66122,0.03415,1.90563,0.0631,0.0078,0.0930,0.0000,0.0000,0.0000,146.90,8.78,-126.11,1,1,0.0000,0.0000,0.3500,-90.00,0.7600,0.4200,1.0000,8.00,180.00,10.000000,0.250000,0.000000,1.200000,0.000000,0.000000,1.200000,0.000000,0.000000,0.900000,0.000000,0.000000,0.850000,0.040000,0.000000,0.008000,0.000000,0.000600,0.008000,0.000000,0.000600,0.006000,0.000000,0.000000,1,1,1,344,231,241,241,240,0,0,60.00,12781,3254,331,0,0,0,12871,501.50,501.50,5,2122,0.0000,0.4630,0.5420,0.8320,0.0890
2026-04-28T17:30:10.600,5.751,1,0.30,1.29,0.00,0.00,1,-0.0631,-0.0080,0.2571,0.0000,0.0000,0.0000,123.07,1.81,1,4.200,4.200,0.800,37,87,0,0.000,0.7600,0.0000,49.94,58.27,345,345,1.00000,1.00000,1.00000,1.00000,0.00000,3,3,0,1,23.59711,0.03393,1.90139,0.0631,0.0080,0.0929,0.0000,0.0000,0.0000,146.93,8.78,-126.12,1,1,0.0000,0.0000,0.3500,-90.00,0.7600,0.4200,1.0000,8.00,180.00,10.000000,0.250000,0.000000,1.200000,0.000000,0.000000,1.200000,0.000000,0.000000,0.900000,0.000000,0.000000,0.850000,0.040000,0.000000,0.008000,0.000000,0.000600,0.008000,0.000000,0.000600,0.006000,0.000000,0.000000,1,1,1,345,232,241,241,240,0,0,60.00,12781,3254,331,0,0,0,12871,501.50,501.50,5,2122,0.0000,0.4630,0.5420,0.8320,0.0890
2026-04-28T17:30:10.615,5.766,1,0.30,1.29,0.00,0.00,1,-0.0631,-0.0078,0.2570,0.0000,0.0000,0.0000,123.11,-2.63,1,4.200,4.200,0.800,37,87,0,0.000,0.7600,0.0000,60.56,65.31,346,346,1.00000,1.00000,1.00000,1.00000,0.00000,3,3,0,1,23.62971,0.03392,1.90234,0.0631,0.0078,0.0930,0.0000,0.0000,0.0000,146.89,8.74,-126.15,1,1,0.0000,0.0000,0.3500,-90.00,0.7600,0.4200,1.0000,8.00,180.00,10.000000,0.250000,0.000000,1.200000,0.000000,0.000000,1.200000,0.000000,0.000000,0.900000,0.000000,0.000000,0.850000,0.040000,0.000000,0.008000,0.000000,0.000600,0.008000,0.000000,0.000600,0.006000,0.000000,0.000000,1,1,1,346,232,241,241,240,0,0,60.00,12781,3254,331,0,0,0,12871,501.50,501.50,5,2122,0.0000,0.4630,0.5420,0.8320,0.0890
2026-04-28T17:30:10.635,5.785,1,0.30,1.29,0.00,0.00,1,-0.0631,-0.0079,0.2571,0.0000,0.0000,0.0000,123.08,1.56,1,4.200,4.200,0.800,37,87,0,0.000,0.7600,0.0000,65.82,60.88,347,347,1.00000,1.00000,1.00000,1.00000,0.00000,3,3,0,1,23.59530,0.03388,1.90083,0.0631,0.0079,0.0929,0.0000,0.0000,0.0000,146.92,8.74,-126.14,1,1,0.0000,0.0000,0.3500,-90.00,0.7600,0.4200,1.0000,8.00,180.00,10.000000,0.250000,0.000000,1.200000,0.000000,0.000000,1.200000,0.000000,0.000000,0.900000,0.000000,0.000000,0.850000,0.040000,0.000000,0.008000,0.000000,0.000600,0.008000,0.000000,0.000600,0.006000,0.000000,0.000000,1,1,1,347,232,241,241,240,0,0,60.00,12781,3254,331,0,0,0,12871,501.50,501.50,5,2122,0.0000,0.4630,0.5420,0.8320,0.0890
2026-04-28T17:30:10.649,5.800,1,0.30,1.29,0.00,0.00,1,-0.0629,-0.0079,0.2571,0.0000,0.0000,0.0000,123.05,1.87,1,4.200,4.200,0.800,37,87,0,0.000,0.7600,0.0000,54.46,55.56,348,348,1.00000,1.00000,1.00000,1.00000,0.00000,3,3,0,1,23.62159,0.03387,1.89860,0.0629,0.0079,0.0929,0.0000,0.0000,0.0000,146.95,8.80,-126.17,1,1,0.0000,0.0000,0.3500,-90.00,0.7600,0.4200,1.0000,8.00,180.00,10.000000,0.250000,0.000000,1.200000,0.000000,0.000000,1.200000,0.000000,0.000000,0.900000,0.000000,0.000000,0.850000,0.040000,0.000000,0.008000,0.000000,0.000600,0.008000,0.000000,0.000600,0.006000,0.000000,0.000000,1,1,1,348,231,241,241,240,0,0,60.00,12781,3254,331,0,0,0,12871,501.50,501.50,5,2122,0.0000,0.4630,0.5420,0.8320,0.0890
2026-04-28T17:30:10.665,5.816,1,0.30,1.29,0.00,0.00,1,-0.0629,-0.0078,0.2571,0.0000,0.0000,0.0000,123.12,-4.75,1,4.200,4.200,0.800,37,87,0,0.000,0.7600,0.0000,63.09,64.26,349,349,1.00000,1.00000,1.00000,1.00000,0.00000,3,3,0,1,23.64367,0.03392,1.89900,0.0629,0.0078,0.0929,0.0000,0.0000,0.0000,146.88,8.83,-126.14,1,1,0.0000,0.0000,0.3500,-90.00,0.7600,0.4200,1.0000,8.00,180.00,10.000000,0.250000,0.000000,1.200000,0.000000,0.000000,1.200000,0.000000,0.000000,0.900000,0.000000,0.000000,0.850000,0.040000,0.000000,0.008000,0.000000,0.000600,0.008000,0.000000,0.000600,0.006000,0.000000,0.000000,1,1,1,349,232,241,241,240,0,0,60.00,12781,3254,331,0,0,0,12871,501.50,501.50,5,2122,0.0000,0.4630,0.5420,0.8320,0.0890
2026-04-28T17:30:10.681,5.832,1,0.30,1.29,0.00,0.00,1,-0.0630,-0.0077,0.2572,0.0000,0.0000,0.0000,123.13,-0.60,1,4.200,4.200,0.800,37,87,0,0.000,0.7600,0.0000,63.22,56.36,350,350,1.00000,1.00000,1.00000,1.00000,0.00000,3,3,0,1,23.56955,0.03391,1.89850,0.0630,0.0077,0.0928,0.0000,0.0000,0.0000,146.87,8.80,-126.11,1,1,0.0000,0.0000,0.3500,-90.00,0.7600,0.4200,1.0000,8.00,180.00,10.000000,0.250000,0.000000,1.200000,0.000000,0.000000,1.200000,0.000000,0.000000,0.900000,0.000000,0.000000,0.850000,0.040000,0.000000,0.008000,0.000000,0.000600,0.008000,0.000000,0.000600,0.006000,0.000000,0.000000,1,1,1,350,231,241,241,240,0,0,60.00,12781,3254,331,0,0,0,12871,501.50,501.50,5,2122,0.0000,0.4630,0.5420,0.8320,0.0890
2026-04-28T17:30:10.698,5.849,1,0.30,1.29,0.00,0.00,1,-0.0630,-0.0077,0.2570,0.0000,0.0000,0.0000,123.12,0.59,1,4.200,4.200,0.800,37,87,0,0.000,0.7600,0.0000,57.68,60.11,351,351,1.00000,1.00000,1.00000,1.00000,0.00000,3,3,0,1,23.63303,0.03409,1.90285,0.0630,0.0077,0.0930,0.0000,0.0000,0.0000,146.88,8.81,-126.12,1,1,0.0000,0.0000,0.3500,-90.00,0.7600,0.4200,1.0000,8.00,180.00,10.000000,0.250000,0.000000,1.200000,0.000000,0.000000,1.200000,0.000000,0.000000,0.900000,0.000000,0.000000,0.850000,0.040000,0.000000,0.008000,0.000000,0.000600,0.008000,0.000000,0.000600,0.006000,0.000000,0.000000,1,1,1,351,232,241,241,240,0,0,60.00,12781,3254,331,0,0,0,12871,501.50,501.50,5,2122,0.0000,0.4630,0.5420,0.8320,0.0890
2026-04-28T17:30:10.715,5.866,1,0.30,1.29,0.00,0.00,1,-0.0630,-0.0078,0.2571,0.0000,0.0000,0.0000,123.13,-0.58,1,4.200,4.200,0.800,37,87,0,0.000,0.7600,0.0000,64.10,60.05,352,352,1.00000,1.00000,1.00000,1.00000,0.00000,3,3,0,1,23.60593,0.03402,1.90224,0.0630,0.0078,0.0929,0.0000,0.0000,0.0000,146.87,8.78,-126.10,1,1,0.0000,0.0000,0.3500,-90.00,0.7600,0.4200,1.0000,8.00,180.00,10.000000,0.250000,0.000000,1.200000,0.000000,0.000000,1.200000,0.000000,0.000000,0.900000,0.000000,0.000000,0.850000,0.040000,0.000000,0.008000,0.000000,0.000600,0.008000,0.000000,0.000600,0.006000,0.000000,0.000000,1,1,1,352,231,241,241,240,0,0,60.00,12781,3254,331,0,0,0,12871,501.50,501.50,5,2122,0.0000,0.4630,0.5420,0.8320,0.0890
2026-04-28T17:30:10.732,5.883,1,0.30,1.29,0.00,0.00,1,-0.0630,-0.0079,0.2571,0.0000,0.0000,0.0000,123.11,1.17,1,4.200,4.200,0.800,37,87,0,0.000,0.7600,0.0000,57.27,60.63,353,353,1.00000,1.00000,1.00000,1.00000,0.00000,3,3,0,1,23.64698,0.03395,1.90216,0.0630,0.0079,0.0929,0.0000,0.0000,0.0000,146.89,8.79,-126.13,1,1,0.0000,0.0000,0.3500,-90.00,0.7600,0.4200,1.0000,8.00,180.00,10.000000,0.250000,0.000000,1.200000,0.000000,0.000000,1.200000,0.000000,0.000000,0.900000,0.000000,0.000000,0.850000,0.040000,0.000000,0.008000,0.000000,0.000600,0.008000,0.000000,0.000600,0.006000,0.000000,0.000000,1,1,1,353,232,241,241,240,0,0,60.00,12781,3254,331,0,0,0,12871,501.50,501.50,5,2122,0.0000,0.4630,0.5420,0.8320,0.0890
2026-04-28T17:30:10.748,5.899,1,0.30,1.29,0.00,0.00,1,-0.0630,-0.0078,0.2570,0.0000,0.0000,0.0000,123.12,-0.63,1,4.200,4.200,0.800,37,87,0,0.000,0.7600,0.0000,56.85,61.46,354,354,1.00000,1.00000,1.00000,1.00000,0.00000,3,3,0,1,23.64887,0.03396,1.90134,0.0630,0.0078,0.0930,0.0000,0.0000,0.0000,146.88,8.81,-126.11,1,1,0.0000,0.0000,0.3500,-90.00,0.7600,0.4200,1.0000,8.00,180.00,10.000000,0.250000,0.000000,1.200000,0.000000,0.000000,1.200000,0.000000,0.000000,0.900000,0.000000,0.000000,0.850000,0.040000,0.000000,0.008000,0.000000,0.000600,0.008000,0.000000,0.000600,0.006000,0.000000,0.000000,1,1,1,354,232,241,241,240,0,0,60.00,12781,3254,331,0,0,0,12871,501.50,501.50,5,2122,0.0000,0.4630,0.5420,0.8320,0.0890
2026-04-28T17:30:10.767,5.918,1,0.30,1.29,0.00,0.00,1,-0.0630,-0.0077,0.2570,0.0000,0.0000,0.0000,123.14,-1.10,1,4.200,4.200,0.800,37,87,0,0.000,0.7600,0.0000,63.58,58.57,355,355,1.00000,1.00000,1.00000,1.00000,0.00000,3,3,0,1,23.62859,0.03409,1.90299,0.0630,0.0077,0.0930,0.0000,0.0000,0.0000,146.86,8.79,-126.12,1,1,0.0000,0.0000,0.3500,-90.00,0.7600,0.4200,1.0000,8.00,180.00,10.000000,0.250000,0.000000,1.200000,0.000000,0.000000,1.200000,0.000000,0.000000,0.900000,0.000000,0.000000,0.850000,0.040000,0.000000,0.008000,0.000000,0.000600,0.008000,0.000000,0.000600,0.006000,0.000000,0.000000,1,1,1,355,232,241,241,240,0,0,60.00,12781,3254,331,0,0,0,12871,501.50,501.50,5,2122,0.0000,0.4630,0.5420,0.8320,0.0890
2026-04-28T17:30:10.784,5.934,1,0.30,1.29,0.00,0.00,1,-0.0630,-0.0077,0.2570,0.0000,0.0000,0.0000,123.16,-1.21,1,4.200,4.200,0.800,37,87,0,0.000,0.7600,0.0000,53.19,58.20,356,356,1.00000,1.00000,1.00000,1.00000,0.00000,3,3,0,1,23.61296,0.03385,1.89788,0.0630,0.0077,0.0930,0.0000,0.0000,0.0000,146.84,8.79,-126.11,1,1,0.0000,0.0000,0.3500,-90.00,0.7600,0.4200,1.0000,8.00,180.00,10.000000,0.250000,0.000000,1.200000,0.000000,0.000000,1.200000,0.000000,0.000000,0.900000,0.000000,0.000000,0.850000,0.040000,0.000000,0.008000,0.000000,0.000600,0.008000,0.000000,0.000600,0.006000,0.000000,0.000000,1,1,1,356,232,241,241,240,0,0,60.00,12781,3254,331,0,0,0,12871,501.50,501.50,5,2122,0.0000,0.4630,0.5420,0.8320,0.0890
2026-04-28T17:30:10.801,5.952,1,0.30,1.29,0.00,0.00,1,-0.0631,-0.0077,0.2571,0.0000,0.0000,0.0000,123.16,0.00,1,4.200,4.200,0.800,37,87,0,0.000,0.7600,0.0000,62.62,64.25,357,357,1.00000,1.00000,1.00000,1.00000,0.00000,3,3,0,1,23.60942,0.03402,1.90206,0.0631,0.0077,0.0929,0.0000,0.0000,0.0000,146.84,8.74,-126.12,1,1,0.0000,0.0000,0.3500,-90.00,0.7600,0.4200,1.0000,8.00,180.00,10.000000,0.250000,0.000000,1.200000,0.000000,0.000000,1.200000,0.000000,0.000000,0.900000,0.000000,0.000000,0.850000,0.040000,0.000000,0.008000,0.000000,0.000600,0.008000,0.000000,0.000600,0.006000,0.000000,0.000000,1,1,1,357,232,241,241,240,0,0,60.00,12781,3254,331,0,0,0,12871,501.50,501.50,5,2122,0.0000,0.4630,0.5420,0.8320,0.0890
2026-04-28T17:30:10.817,5.968,1,0.30,1.29,0.00,0.00,1,-0.0631,-0.0077,0.2571,0.0000,0.0000,0.0000,123.16,0.00,1,4.200,4.200,0.800,37,87,0,0.000,0.7600,0.0000,62.05,57.53,358,358,1.00000,1.00000,1.00000,1.00000,0.00000,3,3,0,1,23.63392,0.03410,1.90424,0.0631,0.0077,0.0929,0.0000,0.0000,0.0000,146.84,8.73,-126.11,1,1,0.0000,0.0000,0.3500,-90.00,0.7600,0.4200,1.0000,8.00,180.00,10.000000,0.250000,0.000000,1.200000,0.000000,0.000000,1.200000,0.000000,0.000000,0.900000,0.000000,0.000000,0.850000,0.040000,0.000000,0.008000,0.000000,0.000600,0.008000,0.000000,0.000600,0.006000,0.000000,0.000000,1,1,1,358,232,241,241,240,0,0,60.00,12781,3254,331,0,0,0,12871,501.50,501.50,5,2122,0.0000,0.4630,0.5420,0.8320,0.0890
2026-04-28T17:30:10.834,5.985,1,0.30,1.29,0.00,0.00,1,-0.0631,-0.0078,0.2569,0.0000,0.0000,0.0000,123.11,3.15,1,4.200,4.200,0.800,37,87,0,0.000,0.7600,0.0000,57.32,59.55,359,359,1.00000,1.00000,1.00000,1.00000,0.00000,3,3,0,1,23.64420,0.03407,1.90431,0.0631,0.0078,0.0931,0.0000,0.0000,0.0000,146.89,8.78,-126.15,1,1,0.0000,0.0000,0.3500,-90.00,0.7600,0.4200,1.0000,8.00,180.00,10.000000,0.250000,0.000000,1.200000,0.000000,0.000000,1.200000,0.000000,0.000000,0.900000,0.000000,0.000000,0.850000,0.040000,0.000000,0.008000,0.000000,0.000600,0.008000,0.000000,0.000600,0.006000,0.000000,0.000000,1,1,1,359,232,241,241,240,0,0,60.00,12781,3254,331,0,0,0,12871,501.50,501.50,5,2122,0.0000,0.4630,0.5420,0.8320,0.0890
2026-04-28T17:30:10.849,6.000,1,0.30,1.29,0.00,0.00,1,-0.0631,-0.0079,0.2569,0.0000,0.0000,0.0000,123.09,1.28,1,4.200,4.200,0.800,37,87,0,0.000,0.7600,0.0000,59.23,60.11,360,360,1.00000,1.00000,1.00000,1.00000,0.00000,3,3,0,1,23.64420,0.03407,1.90431,0.0631,0.0079,0.0931,0.0000,0.0000,0.0000,146.91,8.81,-126.16,1,1,0.0000,0.0000,0.3500,-90.00,0.7600,0.4200,1.0000,8.00,180.00,10.000000,0.250000,0.000000,1.200000,0.000000,0.000000,1.200000,0.000000,0.000000,0.900000,0.000000,0.000000,0.850000,0.040000,0.000000,0.008000,0.000000,0.000600,0.008000,0.000000,0.000600,0.006000,0.000000,0.000000,1,1,1,360,232,241,241,240,0,0,60.00,12781,3254,331,0,0,0,12871,501.50,501.50,5,2122,0.0000,0.4630,0.5420,0.8320,0.0890
2026-04-28T17:30:10.868,6.019,1,0.30,1.29,0.00,0.00,1,-0.0630,-0.0079,0.2569,0.0000,0.0000,0.0000,123.07,1.11,1,4.200,4.200,0.800,37,87,0,0.000,0.7600,0.0000,63.90,60.56,361,361,1.00000,1.00000,1.00000,1.00000,0.00000,3,3,0,1,23.61622,0.03399,1.90231,0.0630,0.0079,0.0931,0.0000,0.0000,0.0000,146.93,8.84,-126.15,1,1,0.0000,0.0000,0.3500,-90.00,0.7600,0.4200,1.0000,8.00,180.00,10.000000,0.250000,0.000000,1.200000,0.000000,0.000000,1.200000,0.000000,0.000000,0.900000,0.000000,0.000000,0.850000,0.040000,0.000000,0.008000,0.000000,0.000600,0.008000,0.000000,0.000600,0.006000,0.000000,0.000000,1,1,1,361,232,241,241,240,0,0,60.00,12781,3254,331,0,0,0,12871,501.50,501.50,5,2122,0.0000,0.4630,0.5420,0.8320,0.0890
2026-04-28T17:30:10.883,6.034,1,0.30,1.29,0.00,0.00,1,-0.0631,-0.0079,0.2570,0.0000,0.0000,0.0000,123.07,0.00,1,4.200,4.200,0.800,37,87,0,0.000,0.7600,0.0000,52.18,61.00,362,362,1.00000,1.00000,1.00000,1.00000,0.00000,3,3,0,1,23.64954,0.03408,1.90556,0.0631,0.0079,0.0930,0.0000,0.0000,0.0000,146.93,8.81,-126.16,1,1,0.0000,0.0000,0.3500,-90.00,0.7600,0.4200,1.0000,8.00,180.00,10.000000,0.250000,0.000000,1.200000,0.000000,0.000000,1.200000,0.000000,0.000000,0.900000,0.000000,0.000000,0.850000,0.040000,0.000000,0.008000,0.000000,0.000600,0.008000,0.000000,0.000600,0.006000,0.000000,0.000000,1,1,1,362,232,241,241,240,0,0,60.00,12781,3254,361,0,0,0,12901,500.00,500.00,7,969,0.0000,0.4630,0.5420,0.8320,0.0890
2026-04-28T17:30:10.902,6.053,1,0.30,1.29,0.00,0.00,1,-0.0631,-0.0079,0.2569,0.0000,0.0000,0.0000,123.06,0.54,1,4.200,4.200,0.800,37,87,0,0.000,0.7600,0.0000,77.85,48.85,363,363,1.00000,1.00000,1.00000,1.00000,0.00000,3,3,0,1,23.64420,0.03407,1.90431,0.0631,0.0079,0.0931,0.0000,0.0000,0.0000,146.94,8.82,-126.17,1,1,0.0000,0.0000,0.3500,-90.00,0.7600,0.4200,1.0000,8.00,180.00,10.000000,0.250000,0.000000,1.200000,0.000000,0.000000,1.200000,0.000000,0.000000,0.900000,0.000000,0.000000,0.850000,0.040000,0.000000,0.008000,0.000000,0.000600,0.008000,0.000000,0.000600,0.006000,0.000000,0.000000,1,1,1,363,232,241,241,240,0,0,60.00,12781,3254,361,0,0,0,12901,500.00,500.00,7,969,0.0000,0.4630,0.5420,0.8320,0.0890
2026-04-28T17:30:10.918,6.069,1,0.30,1.29,0.00,0.00,1,-0.0630,-0.0080,0.2571,0.0000,0.0000,0.0000,123.08,-1.31,1,4.200,4.200,0.800,37,87,0,0.000,0.7600,0.0000,47.03,75.60,364,364,1.00000,1.00000,1.00000,1.00000,0.00000,3,3,0,1,23.58771,0.03393,1.89800,0.0630,0.0080,0.0929,0.0000,0.0000,0.0000,146.92,8.86,-126.16,1,1,0.0000,0.0000,0.3500,-90.00,0.7600,0.4200,1.0000,8.00,180.00,10.000000,0.250000,0.000000,1.200000,0.000000,0.000000,1.200000,0.000000,0.000000,0.900000,0.000000,0.000000,0.850000,0.040000,0.000000,0.008000,0.000000,0.000600,0.008000,0.000000,0.000600,0.006000,0.000000,0.000000,1,1,1,364,232,241,241,240,0,0,60.00,12781,3254,361,0,0,0,12901,500.00,500.00,7,969,0.0000,0.4630,0.5420,0.8320,0.0890
2026-04-28T17:30:10.935,6.086,1,0.30,1.29,0.00,0.00,1,-0.0630,-0.0079,0.2571,0.0000,0.0000,0.0000,123.08,0.00,1,4.200,4.200,0.800,37,87,0,0.000,0.7600,0.0000,67.05,60.12,365,365,1.00000,1.00000,1.00000,1.00000,0.00000,3,3,0,1,23.63721,0.03405,1.90321,0.0630,0.0079,0.0929,0.0000,0.0000,0.0000,146.92,8.83,-126.11,1,1,0.0000,0.0000,0.3500,-90.00,0.7600,0.4200,1.0000,8.00,180.00,10.000000,0.250000,0.000000,1.200000,0.000000,0.000000,1.200000,0.000000,0.000000,0.900000,0.000000,0.000000,0.850000,0.040000,0.000000,0.008000,0.000000,0.000600,0.008000,0.000000,0.000600,0.006000,0.000000,0.000000,1,1,1,365,232,241,241,240,0,0,60.00,12781,3254,361,0,0,0,12901,500.00,500.00,7,969,0.0000,0.4630,0.5420,0.8320,0.0890
2026-04-28T17:30:10.952,6.103,1,0.30,1.29,0.00,0.00,1,-0.0630,-0.0080,0.2571,0.0000,0.0000,0.0000,123.04,2.50,1,4.200,4.200,0.800,37,87,0,0.000,0.7600,0.0000,54.23,60.29,366,366,1.00000,1.00000,1.00000,1.00000,0.00000,3,3,0,1,23.60156,0.03393,1.90125,0.0630,0.0080,0.0929,0.0000,0.0000,0.0000,146.96,8.83,-126.12,1,1,0.0000,0.0000,0.3500,-90.00,0.7600,0.4200,1.0000,8.00,180.00,10.000000,0.250000,0.000000,1.200000,0.000000,0.000000,1.200000,0.000000,0.000000,0.900000,0.000000,0.000000,0.850000,0.040000,0.000000,0.008000,0.000000,0.000600,0.008000,0.000000,0.000600,0.006000,0.000000,0.000000,1,1,1,366,232,241,241,240,0,0,60.00,12781,3254,361,0,0,0,12901,500.00,500.00,7,969,0.0000,0.4630,0.5420,0.8320,0.0890
2026-04-28T17:30:10.967,6.117,1,0.30,1.29,0.00,0.00,1,-0.0630,-0.0079,0.2571,0.0000,0.0000,0.0000,123.09,-3.39,1,4.200,4.200,0.800,37,87,0,0.000,0.7600,0.0000,68.72,60.11,367,367,1.00000,1.00000,1.00000,1.00000,0.00000,3,3,0,1,23.60593,0.03402,1.90224,0.0630,0.0079,0.0929,0.0000,0.0000,0.0000,146.91,8.79,-126.10,1,1,0.0000,0.0000,0.3500,-90.00,0.7600,0.4200,1.0000,8.00,180.00,10.000000,0.250000,0.000000,1.200000,0.000000,0.000000,1.200000,0.000000,0.000000,0.900000,0.000000,0.000000,0.850000,0.040000,0.000000,0.008000,0.000000,0.000600,0.008000,0.000000,0.000600,0.006000,0.000000,0.000000,1,1,1,367,231,241,241,240,0,0,60.00,12781,3254,361,0,0,0,12901,500.00,500.00,7,969,0.0000,0.4630,0.5420,0.8320,0.0890
2026-04-28T17:30:10.983,6.133,1,0.30,1.29,0.00,0.00,1,-0.0631,-0.0080,0.2571,0.0000,0.0000,0.0000,123.07,1.50,1,4.200,4.200,0.800,37,87,0,0.000,0.7600,0.0000,59.76,59.65,368,368,1.00000,1.00000,1.00000,1.00000,0.00000,3,3,0,1,23.62157,0.03400,1.90356,0.0631,0.0080,0.0929,0.0000,0.0000,0.0000,146.93,8.80,-126.11,1,1,0.0000,0.0000,0.3500,-90.00,0.7600,0.4200,1.0000,8.00,180.00,10.000000,0.250000,0.000000,1.200000,0.000000,0.000000,1.200000,0.000000,0.000000,0.900000,0.000000,0.000000,0.850000,0.040000,0.000000,0.008000,0.000000,0.000600,0.008000,0.000000,0.000600,0.006000,0.000000,0.000000,1,1,1,368,231,241,241,240,0,0,60.00,12781,3254,361,0,0,0,12901,500.00,500.00,7,969,0.0000,0.4630,0.5420,0.8320,0.0890
2026-04-28T17:30:10.999,6.150,1,0.30,1.29,0.00,0.00,1,-0.0630,-0.0078,0.2570,0.0000,0.0000,0.0000,123.11,-2.08,1,4.200,4.200,0.800,37,87,0,0.000,0.7600,0.0000,72.19,60.27,369,369,1.00000,1.00000,1.00000,1.00000,0.00000,3,3,0,1,23.60059,0.03402,1.90099,0.0630,0.0078,0.0930,0.0000,0.0000,0.0000,146.89,8.80,-126.10,1,1,0.0000,0.0000,0.3500,-90.00,0.7600,0.4200,1.0000,8.00,180.00,10.000000,0.250000,0.000000,1.200000,0.000000,0.000000,1.200000,0.000000,0.000000,0.900000,0.000000,0.000000,0.850000,0.040000,0.000000,0.008000,0.000000,0.000600,0.008000,0.000000,0.000600,0.006000,0.000000,0.000000,1,1,1,369,230,241,241,240,0,0,60.00,12781,3254,361,0,0,0,12901,500.00,500.00,7,969,0.0000,0.4630,0.5420,0.8320,0.0890
2026-04-28T17:30:11.017,6.168,1,0.30,1.29,0.00,0.00,1,-0.0631,-0.0080,0.2572,0.0000,0.0000,0.0000,123.09,1.13,1,4.200,4.200,0.800,37,87,0,0.000,0.7600,0.0000,56.58,59.91,370,370,1.00000,1.00000,1.00000,1.00000,0.00000,3,3,0,1,23.59464,0.03402,1.90130,0.0631,0.0080,0.0928,0.0000,0.0000,0.0000,146.91,8.81,-126.12,1,1,0.0000,0.0000,0.3500,-90.00,0.7600,0.4200,1.0000,8.00,180.00,10.000000,0.250000,0.000000,1.200000,0.000000,0.000000,1.200000,0.000000,0.000000,0.900000,0.000000,0.000000,0.850000,0.040000,0.000000,0.008000,0.000000,0.000600,0.008000,0.000000,0.000600,0.006000,0.000000,0.000000,1,1,1,370,232,241,241,240,0,0,60.00,12781,3254,361,0,0,0,12901,500.00,500.00,7,969,0.0000,0.4630,0.5420,0.8320,0.0890
2026-04-28T17:30:11.032,6.183,1,0.30,1.29,0.00,0.00,1,-0.0630,-0.0080,0.2571,0.0000,0.0000,0.0000,123.08,0.75,1,4.200,4.200,0.800,37,87,0,0.000,0.7600,0.0000,59.78,63.49,371,371,1.00000,1.00000,1.00000,1.00000,0.00000,3,3,0,1,23.61375,0.03409,1.90223,0.0630,0.0080,0.0929,0.0000,0.0000,0.0000,146.92,8.85,-126.13,1,1,0.0000,0.0000,0.3500,-90.00,0.7600,0.4200,1.0000,8.00,180.00,10.000000,0.250000,0.000000,1.200000,0.000000,0.000000,1.200000,0.000000,0.000000,0.900000,0.000000,0.000000,0.850000,0.040000,0.000000,0.008000,0.000000,0.000600,0.008000,0.000000,0.000600,0.006000,0.000000,0.000000,1,1,1,371,232,241,241,240,0,0,60.00,12781,3254,361,0,0,0,12901,500.00,500.00,7,969,0.0000,0.4630,0.5420,0.8320,0.0890
2026-04-28T17:30:11.049,6.200,1,0.30,1.29,0.00,0.00,1,-0.0630,-0.0079,0.2569,0.0000,0.0000,0.0000,123.05,1.60,1,4.200,4.200,0.800,37,87,0,0.000,0.7600,0.0000,60.43,56.99,372,372,1.00000,1.00000,1.00000,1.00000,0.00000,3,3,0,1,23.63356,0.03402,1.90311,0.0630,0.0079,0.0931,0.0000,0.0000,0.0000,146.95,8.84,-126.16,1,1,0.0000,0.0000,0.3500,-90.00,0.7600,0.4200,1.0000,8.00,180.00,10.000000,0.250000,0.000000,1.200000,0.000000,0.000000,1.200000,0.000000,0.000000,0.900000,0.000000,0.000000,0.850000,0.040000,0.000000,0.008000,0.000000,0.000600,0.008000,0.000000,0.000600,0.006000,0.000000,0.000000,1,1,1,372,232,241,241,240,0,0,60.00,12781,3254,361,0,0,0,12901,500.00,500.00,7,969,0.0000,0.4630,0.5420,0.8320,0.0890
2026-04-28T17:30:11.066,6.217,1,0.30,1.29,0.00,0.00,1,-0.0630,-0.0078,0.2570,0.0000,0.0000,0.0000,123.07,-1.18,1,4.200,4.200,0.800,37,87,0,0.000,0.7600,0.0000,64.11,58.68,373,373,1.00000,1.00000,1.00000,1.00000,0.00000,3,3,0,1,23.65810,0.03400,1.90337,0.0630,0.0078,0.0930,0.0000,0.0000,0.0000,146.93,8.80,-126.18,1,1,0.0000,0.0000,0.3500,-90.00,0.7600,0.4200,1.0000,8.00,180.00,10.000000,0.250000,0.000000,1.200000,0.000000,0.000000,1.200000,0.000000,0.000000,0.900000,0.000000,0.000000,0.850000,0.040000,0.000000,0.008000,0.000000,0.000600,0.008000,0.000000,0.000600,0.006000,0.000000,0.000000,1,1,1,373,231,241,241,240,0,0,60.00,12781,3254,361,0,0,0,12901,500.00,500.00,7,969,0.0000,0.4630,0.5420,0.8320,0.0890
2026-04-28T17:30:11.079,6.230,1,0.30,1.29,0.00,0.00,1,-0.0631,-0.0079,0.2570,0.0000,0.0000,0.0000,123.07,0.00,1,4.200,4.200,0.800,37,87,0,0.000,0.7600,0.0000,54.45,62.43,374,374,1.00000,1.00000,1.00000,1.00000,0.00000,3,3,0,1,23.64954,0.03408,1.90556,0.0631,0.0079,0.0930,0.0000,0.0000,0.0000,146.93,8.79,-126.17,1,1,0.0000,0.0000,0.3500,-90.00,0.7600,0.4200,1.0000,8.00,180.00,10.000000,0.250000,0.000000,1.200000,0.000000,0.000000,1.200000,0.000000,0.000000,0.900000,0.000000,0.000000,0.850000,0.040000,0.000000,0.008000,0.000000,0.000600,0.008000,0.000000,0.000600,0.006000,0.000000,0.000000,1,1,1,374,232,241,241,240,0,0,60.00,12781,3254,361,0,0,0,12901,500.00,500.00,7,969,0.0000,0.4630,0.5420,0.8320,0.0890
2026-04-28T17:30:11.099,6.250,1,0.30,1.29,0.00,0.00,1,-0.0631,-0.0078,0.2571,0.0000,0.0000,0.0000,123.13,-3.13,1,4.200,4.200,0.800,37,87,0,0.000,0.7600,0.0000,86.11,58.27,375,375,1.00000,1.00000,1.00000,1.00000,0.00000,3,3,0,1,23.61231,0.03400,1.89836,0.0631,0.0078,0.0929,0.0000,0.0000,0.0000,146.87,8.82,-126.14,1,1,0.0000,0.0000,0.3500,-90.00,0.7600,0.4200,1.0000,8.00,180.00,10.000000,0.250000,0.000000,1.200000,0.000000,0.000000,1.200000,0.000000,0.000000,0.900000,0.000000,0.000000,0.850000,0.040000,0.000000,0.008000,0.000000,0.000600,0.008000,0.000000,0.000600,0.006000,0.000000,0.000000,1,1,1,375,232,241,241,240,0,0,60.00,12781,3254,361,0,0,0,12901,500.00,500.00,7,969,0.0000,0.4630,0.5420,0.8320,0.0890
2026-04-28T17:30:11.116,6.267,1,0.30,1.29,0.00,0.00,1,-0.0630,-0.0079,0.2570,0.0000,0.0000,0.0000,123.07,3.62,1,4.200,4.200,0.800,37,87,0,0.000,0.7600,0.0000,47.18,60.60,376,376,1.00000,1.00000,1.00000,1.00000,0.00000,3,3,0,1,23.61881,0.03394,1.90162,0.0630,0.0079,0.0930,0.0000,0.0000,0.0000,146.93,8.84,-126.14,1,1,0.0000,0.0000,0.3500,-90.00,0.7600,0.4200,1.0000,8.00,180.00,10.000000,0.250000,0.000000,1.200000,0.000000,0.000000,1.200000,0.000000,0.000000,0.900000,0.000000,0.000000,0.850000,0.040000,0.000000,0.008000,0.000000,0.000600,0.008000,0.000000,0.000600,0.006000,0.000000,0.000000,1,1,1,376,232,241,241,240,0,0,60.00,12781,3254,361,0,0,0,12901,500.00,500.00,7,969,0.0000,0.4630,0.5420,0.8320,0.0890
2026-04-28T17:30:11.130,6.281,1,0.30,1.29,0.00,0.00,1,-0.0630,-0.0080,0.2571,0.0000,0.0000,0.0000,123.06,0.66,1,4.200,4.200,0.800,37,87,0,0.000,0.7600,0.0000,60.44,65.87,377,377,1.00000,1.00000,1.00000,1.00000,0.00000,3,3,0,1,23.59711,0.03393,1.90139,0.0630,0.0080,0.0929,0.0000,0.0000,0.0000,146.94,8.81,-126.14,1,1,0.0000,0.0000,0.3500,-90.00,0.7600,0.4200,1.0000,8.00,180.00,10.000000,0.250000,0.000000,1.200000,0.000000,0.000000,1.200000,0.000000,0.000000,0.900000,0.000000,0.000000,0.850000,0.040000,0.000000,0.008000,0.000000,0.000600,0.008000,0.000000,0.000600,0.006000,0.000000,0.000000,1,1,1,377,232,241,241,240,0,0,60.00,12781,3254,361,0,0,0,12901,500.00,500.00,7,969,0.0000,0.4630,0.5420,0.8320,0.0890
2026-04-28T17:30:11.150,6.301,1,0.30,1.29,0.00,0.00,1,-0.0630,-0.0080,0.2572,0.0000,0.0000,0.0000,123.05,0.53,1,4.200,4.200,0.800,37,87,0,0.000,0.7600,0.0000,76.27,55.33,378,378,1.00000,1.00000,1.00000,1.00000,0.00000,3,3,0,1,23.59711,0.03393,1.90139,0.0630,0.0080,0.0928,0.0000,0.0000,0.0000,146.95,8.80,-126.14,1,1,0.0000,0.0000,0.3500,-90.00,0.7600,0.4200,1.0000,8.00,180.00,10.000000,0.250000,0.000000,1.200000,0.000000,0.000000,1.200000,0.000000,0.000000,0.900000,0.000000,0.000000,0.850000,0.040000,0.000000,0.008000,0.000000,0.000600,0.008000,0.000000,0.000600,0.006000,0.000000,0.000000,1,1,1,378,231,241,241,240,0,0,60.00,12781,3254,361,0,0,0,12901,500.00,500.00,7,969,0.0000,0.4630,0.5420,0.8320,0.0890
2026-04-28T17:30:11.168,6.319,1,0.30,1.29,0.00,0.00,1,-0.0630,-0.0079,0.2571,0.0000,0.0000,0.0000,123.07,-1.11,1,4.200,4.200,0.800,37,87,0,0.000,0.7600,0.0000,49.35,60.08,379,379,1.00000,1.00000,1.00000,1.00000,0.00000,3,3,0,1,23.67276,0.03402,1.90414,0.0630,0.0079,0.0929,0.0000,0.0000,0.0000,146.93,8.79,-126.17,1,1,0.0000,0.0000,0.3500,-90.00,0.7600,0.4200,1.0000,8.00,180.00,10.000000,0.250000,0.000000,1.200000,0.000000,0.000000,1.200000,0.000000,0.000000,0.900000,0.000000,0.000000,0.850000,0.040000,0.000000,0.008000,0.000000,0.000600,0.008000,0.000000,0.000600,0.006000,0.000000,0.000000,1,1,1,379,232,241,241,240,0,0,60.00,12781,3254,361,0,0,0,12901,500.00,500.00,7,969,0.0000,0.4630,0.5420,0.8320,0.0890
2026-04-28T17:30:11.187,6.337,1,0.30,1.29,0.00,0.00,1,-0.0630,-0.0079,0.2571,0.0000,0.0000,0.0000,123.03,2.22,1,4.200,4.200,0.800,37,87,0,0.000,0.7600,0.0000,53.76,55.85,380,380,1.00000,1.00000,1.00000,1.00000,0.00000,3,3,0,1,23.59577,0.03389,1.89971,0.0630,0.0079,0.0929,0.0000,0.0000,0.0000,146.97,8.82,-126.16,1,1,0.0000,0.0000,0.3500,-90.00,0.7600,0.4200,1.0000,8.00,180.00,10.000000,0.250000,0.000000,1.200000,0.000000,0.000000,1.200000,0.000000,0.000000,0.900000,0.000000,0.000000,0.850000,0.040000,0.000000,0.008000,0.000000,0.000600,0.008000,0.000000,0.000600,0.006000,0.000000,0.000000,1,1,1,380,232,241,241,240,0,0,60.00,12781,3254,361,0,0,0,12901,500.00,500.00,7,969,0.0000,0.4630,0.5420,0.8320,0.0890
2026-04-28T17:30:11.204,6.354,1,0.30,1.29,0.00,0.00,1,-0.0631,-0.0080,0.2569,0.0000,0.0000,0.0000,123.02,0.56,1,4.200,4.200,0.800,37,87,0,0.000,0.7600,0.0000,48.77,64.41,381,381,1.00000,1.00000,1.00000,1.00000,0.00000,3,3,0,1,23.65912,0.03407,1.90576,0.0631,0.0080,0.0931,0.0000,0.0000,0.0000,146.98,8.82,-126.17,1,1,0.0000,0.0000,0.3500,-90.00,0.7600,0.4200,1.0000,8.00,180.00,10.000000,0.250000,0.000000,1.200000,0.000000,0.000000,1.200000,0.000000,0.000000,0.900000,0.000000,0.000000,0.850000,0.040000,0.000000,0.008000,0.000000,0.000600,0.008000,0.000000,0.000600,0.006000,0.000000,0.000000,1,1,1,381,232,241,241,240,0,0,60.00,12781,3254,361,0,0,0,12901,500.00,500.00,7,969,0.0000,0.4630,0.5420,0.8320,0.0890
2026-04-28T17:30:11.220,6.371,1,0.30,1.29,0.00,0.00,1,-0.0630,-0.0079,0.2570,0.0000,0.0000,0.0000,123.04,-1.24,1,4.200,4.200,0.800,37,87,0,0.000,0.7600,0.0000,65.00,58.86,382,382,1.00000,1.00000,1.00000,1.00000,0.00000,3,3,0,1,23.67430,0.03409,1.90363,0.0630,0.0079,0.0930,0.0000,0.0000,0.0000,146.96,8.82,-126.18,1,1,0.0000,0.0000,0.3500,-90.00,0.7600,0.4200,1.0000,8.00,180.00,10.000000,0.250000,0.000000,1.200000,0.000000,0.000000,1.200000,0.000000,0.000000,0.900000,0.000000,0.000000,0.850000,0.040000,0.000000,0.008000,0.000000,0.000600,0.008000,0.000000,0.000600,0.006000,0.000000,0.000000,1,1,1,382,232,241,241,240,0,0,60.00,12781,3254,361,0,0,0,12901,500.00,500.00,7,969,0.0000,0.4630,0.5420,0.8320,0.0890
2026-04-28T17:30:11.235,6.385,1,0.30,1.29,0.00,0.00,1,-0.0630,-0.0080,0.2571,0.0000,0.0000,0.0000,123.02,1.30,1,4.200,4.200,0.800,37,87,0,0.000,0.7600,0.0000,61.90,65.00,383,383,1.00000,1.00000,1.00000,1.00000,0.00000,3,3,0,1,23.59620,0.03392,1.90000,0.0630,0.0080,0.0929,0.0000,0.0000,0.0000,146.98,8.85,-126.17,1,1,0.0000,0.0000,0.3500,-90.00,0.7600,0.4200,1.0000,8.00,180.00,10.000000,0.250000,0.000000,1.200000,0.000000,0.000000,1.200000,0.000000,0.000000,0.900000,0.000000,0.000000,0.850000,0.040000,0.000000,0.008000,0.000000,0.000600,0.008000,0.000000,0.000600,0.006000,0.000000,0.000000,1,1,1,383,232,241,241,240,0,0,60.00,12781,3254,361,0,0,0,12901,500.00,500.00,7,969,0.0000,0.4630,0.5420,0.8320,0.0890
2026-04-28T17:30:11.253,6.404,1,0.30,1.29,0.00,0.00,1,-0.0630,-0.0080,0.2572,0.0000,0.0000,0.0000,123.03,-0.57,1,4.200,4.200,0.800,37,87,0,0.000,0.7600,0.0000,72.35,56.65,384,384,1.00000,1.00000,1.00000,1.00000,0.00000,3,3,0,1,23.59711,0.03393,1.90139,0.0630,0.0080,0.0928,0.0000,0.0000,0.0000,146.97,8.81,-126.16,1,1,0.0000,0.0000,0.3500,-90.00,0.7600,0.4200,1.0000,8.00,180.00,10.000000,0.250000,0.000000,1.200000,0.000000,0.000000,1.200000,0.000000,0.000000,0.900000,0.000000,0.000000,0.850000,0.040000,0.000000,0.008000,0.000000,0.000600,0.008000,0.000000,0.000600,0.006000,0.000000,0.000000,1,1,1,384,232,241,241,240,0,0,60.00,12781,3254,361,0,0,0,12901,500.00,500.00,7,969,0.0000,0.4630,0.5420,0.8320,0.0890
2026-04-28T17:30:11.263,6.414,1,0.30,1.29,0.00,0.00,1,-0.0631,-0.0076,0.2571,0.0000,-0.0134,0.0000,123.13,-8.56,1,4.200,4.200,0.800,37,87,0,0.000,0.7600,0.0000,52.38,63.30,385,385,1.00000,1.00000,1.00000,1.00000,0.00000,3,3,0,1,23.63669,0.03398,1.89985,0.0631,0.0076,0.0929,0.0000,-0.0134,0.0000,146.87,8.76,-126.12,1,1,0.0000,0.0000,0.3500,-90.00,0.7600,0.4200,1.0000,8.00,180.00,10.000000,0.250000,0.000000,1.200000,0.000000,0.000000,1.200000,0.000000,0.000000,0.900000,0.000000,0.000000,0.850000,0.040000,0.000000,0.008000,0.000000,0.000600,0.008000,0.000000,0.000600,0.006000,0.000000,0.000000,1,1,1,385,237,241,241,240,0,0,60.00,12781,3254,361,0,0,0,12901,500.00,500.00,7,969,0.0000,0.4630,0.5420,0.8320,0.0890
2026-04-28T17:30:11.283,6.434,1,0.30,1.29,0.00,0.00,1,-0.0631,-0.0078,0.2570,0.0000,0.0000,0.0000,123.07,3.25,1,4.200,4.200,0.800,37,87,0,0.000,0.7600,0.0000,103.36,57.00,386,386,1.00000,1.00000,1.00000,1.00000,0.00000,3,3,0,1,23.64448,0.03405,1.90498,0.0631,0.0078,0.0930,0.0000,0.0000,0.0000,146.93,8.78,-126.16,1,1,0.0000,0.0000,0.3500,-90.00,0.7600,0.4200,1.0000,8.00,180.00,10.000000,0.250000,0.000000,1.200000,0.000000,0.000000,1.200000,0.000000,0.000000,0.900000,0.000000,0.000000,0.850000,0.040000,0.000000,0.008000,0.000000,0.000600,0.008000,0.000000,0.000600,0.006000,0.000000,0.000000,1,1,1,386,232,241,241,240,0,0,60.00,12781,3254,361,0,0,0,12901,500.00,500.00,7,969,0.0000,0.4630,0.5420,0.8320,0.0890
2026-04-28T17:30:11.300,6.450,1,0.30,1.29,0.00,0.00,1,-0.0631,-0.0080,0.2571,0.0000,0.0000,0.0000,123.06,0.60,1,4.200,4.200,0.800,37,87,0,0.000,0.7600,0.0000,48.79,60.39,387,387,1.00000,1.00000,1.00000,1.00000,0.00000,3,3,0,1,23.59711,0.03393,1.90139,0.0631,0.0080,0.0929,0.0000,0.0000,0.0000,146.94,8.78,-126.15,1,1,0.0000,0.0000,0.3500,-90.00,0.7600,0.4200,1.0000,8.00,180.00,10.000000,0.250000,0.000000,1.200000,0.000000,0.000000,1.200000,0.000000,0.000000,0.900000,0.000000,0.000000,0.850000,0.040000,0.000000,0.008000,0.000000,0.000600,0.008000,0.000000,0.000600,0.006000,0.000000,0.000000,1,1,1,387,232,241,241,240,0,0,60.00,12781,3254,361,0,0,0,12901,500.00,500.00,7,969,0.0000,0.4630,0.5420,0.8320,0.0890
2026-04-28T17:30:11.316,6.467,1,0.30,1.29,0.00,0.00,1,-0.0631,-0.0080,0.2572,0.0000,0.0000,0.0000,123.05,0.67,1,4.200,4.200,0.800,37,87,0,0.000,0.7600,0.0000,59.63,63.47,388,388,1.00000,1.00000,1.00000,1.00000,0.00000,3,3,0,1,23.59711,0.03393,1.90139,0.0631,0.0080,0.0928,0.0000,0.0000,0.0000,146.95,8.78,-126.14,1,1,0.0000,0.0000,0.3500,-90.00,0.7600,0.4200,1.0000,8.00,180.00,10.000000,0.250000,0.000000,1.200000,0.000000,0.000000,1.200000,0.000000,0.000000,0.900000,0.000000,0.000000,0.850000,0.040000,0.000000,0.008000,0.000000,0.000600,0.008000,0.000000,0.000600,0.006000,0.000000,0.000000,1,1,1,388,232,241,241,240,0,0,60.00,12781,3254,361,0,0,0,12901,500.00,500.00,7,969,0.0000,0.4630,0.5420,0.8320,0.0890
2026-04-28T17:30:11.334,6.485,1,0.30,1.29,0.00,0.00,1,-0.0630,-0.0080,0.2571,0.0000,0.0000,0.0000,123.05,0.00,1,4.200,4.200,0.800,37,87,0,0.000,0.7600,0.0000,58.24,56.45,389,389,1.00000,1.00000,1.00000,1.00000,0.00000,3,3,0,1,23.59175,0.03392,1.90014,0.0630,0.0080,0.0929,0.0000,0.0000,0.0000,146.95,8.81,-126.15,1,1,0.0000,0.0000,0.3500,-90.00,0.7600,0.4200,1.0000,8.00,180.00,10.000000,0.250000,0.000000,1.200000,0.000000,0.000000,1.200000,0.000000,0.000000,0.900000,0.000000,0.000000,0.850000,0.040000,0.000000,0.008000,0.000000,0.000600,0.008000,0.000000,0.000600,0.006000,0.000000,0.000000,1,1,1,389,232,241,241,240,0,0,60.00,12781,3254,361,0,0,0,12901,500.00,500.00,7,969,0.0000,0.4630,0.5420,0.8320,0.0890
2026-04-28T17:30:11.348,6.499,1,0.30,1.29,0.00,0.00,1,-0.0630,-0.0079,0.2570,0.0000,0.0000,0.0000,123.05,0.00,1,4.200,4.200,0.800,37,87,0,0.000,0.7600,0.0000,57.34,64.42,390,390,1.00000,1.00000,1.00000,1.00000,0.00000,3,3,0,1,23.61971,0.03399,1.90214,0.0630,0.0079,0.0930,0.0000,0.0000,0.0000,146.95,8.81,-126.17,1,1,0.0000,0.0000,0.3500,-90.00,0.7600,0.4200,1.0000,8.00,180.00,10.000000,0.250000,0.000000,1.200000,0.000000,0.000000,1.200000,0.000000,0.000000,0.900000,0.000000,0.000000,0.850000,0.040000,0.000000,0.008000,0.000000,0.000600,0.008000,0.000000,0.000600,0.006000,0.000000,0.000000,1,1,1,390,232,241,241,240,0,0,60.00,12781,3254,361,0,0,0,12901,500.00,500.00,7,969,0.0000,0.4630,0.5420,0.8320,0.0890
2026-04-28T17:30:11.365,6.515,1,0.30,1.29,0.00,0.00,1,-0.0630,-0.0080,0.2570,0.0000,0.0000,0.0000,123.06,-0.57,1,4.200,4.200,0.800,37,87,0,0.000,0.7600,0.0000,72.63,61.81,391,391,1.00000,1.00000,1.00000,1.00000,0.00000,3,3,0,1,23.63129,0.03405,1.90497,0.0630,0.0080,0.0930,0.0000,0.0000,0.0000,146.94,8.82,-126.15,1,1,0.0000,0.0000,0.3500,-90.00,0.7600,0.4200,1.0000,8.00,180.00,10.000000,0.250000,0.000000,1.200000,0.000000,0.000000,1.200000,0.000000,0.000000,0.900000,0.000000,0.000000,0.850000,0.040000,0.000000,0.008000,0.000000,0.000600,0.008000,0.000000,0.000600,0.006000,0.000000,0.000000,1,1,1,391,232,241,241,240,0,0,60.00,12781,3254,361,0,0,0,12901,500.00,500.00,7,969,0.0000,0.4630,0.5420,0.8320,0.0890
2026-04-28T17:30:11.381,6.532,1,0.30,1.29,0.00,0.00,1,-0.0630,-0.0079,0.2570,0.0000,0.0000,0.0000,123.06,0.00,1,4.200,4.200,0.800,37,87,0,0.000,0.7600,0.0000,64.58,58.27,392,392,1.00000,1.00000,1.00000,1.00000,0.00000,3,3,0,1,23.58994,0.03387,1.89957,0.0630,0.0079,0.0930,0.0000,0.0000,0.0000,146.94,8.81,-126.15,1,1,0.0000,0.0000,0.3500,-90.00,0.7600,0.4200,1.0000,8.00,180.00,10.000000,0.250000,0.000000,1.200000,0.000000,0.000000,1.200000,0.000000,0.000000,0.900000,0.000000,0.000000,0.850000,0.040000,0.000000,0.008000,0.000000,0.000600,0.008000,0.000000,0.000600,0.006000,0.000000,0.000000,1,1,1,392,232,241,241,240,0,0,60.00,12781,3254,361,0,0,0,12901,500.00,500.00,7,969,0.0000,0.4630,0.5420,0.8320,0.0890
2026-04-28T17:30:11.398,6.548,1,0.30,1.29,0.00,0.00,1,-0.0630,-0.0080,0.2571,0.0000,0.0000,0.0000,123.06,0.00,1,4.200,4.200,0.800,37,87,0,0.000,0.7600,0.0000,56.60,59.12,393,393,1.00000,1.00000,1.00000,1.00000,0.00000,3,3,0,1,23.60693,0.03397,1.90278,0.0630,0.0080,0.0929,0.0000,0.0000,0.0000,146.94,8.80,-126.14,1,1,0.0000,0.0000,0.3500,-90.00,0.7600,0.4200,1.0000,8.00,180.00,10.000000,0.250000,0.000000,1.200000,0.000000,0.000000,1.200000,0.000000,0.000000,0.900000,0.000000,0.000000,0.850000,0.040000,0.000000,0.008000,0.000000,0.000600,0.008000,0.000000,0.000600,0.006000,0.000000,0.000000,1,1,1,393,231,241,241,240,0,0,60.00,12781,3254,391,0,0,0,12931,500.00,500.00,11,337,0.0000,0.4620,0.5430,0.8320,0.0890
2026-04-28T17:30:11.415,6.566,1,0.30,1.29,0.00,0.00,1,-0.0630,-0.0078,0.2570,0.0000,0.0000,0.0000,123.11,-3.00,1,4.200,4.200,0.800,37,87,0,0.000,0.7600,0.0000,58.28,59.06,394,394,1.00000,1.00000,1.00000,1.00000,0.00000,3,3,0,1,23.62859,0.03409,1.90299,0.0630,0.0078,0.0930,0.0000,0.0000,0.0000,146.89,8.79,-126.14,1,1,0.0000,0.0000,0.3500,-90.00,0.7600,0.4200,1.0000,8.00,180.00,10.000000,0.250000,0.000000,1.200000,0.000000,0.000000,1.200000,0.000000,0.000000,0.900000,0.000000,0.000000,0.850000,0.040000,0.000000,0.008000,0.000000,0.000600,0.008000,0.000000,0.000600,0.006000,0.000000,0.000000,1,1,1,394,232,241,241,240,0,0,60.00,12781,3254,391,0,0,0,12931,500.00,500.00,11,337,0.0000,0.4620,0.5430,0.8320,0.0890
2026-04-28T17:30:11.432,6.583,1,0.30,1.29,0.00,0.00,1,-0.0631,-0.0079,0.2571,0.0000,0.0000,0.0000,123.08,1.79,1,4.200,4.200,0.800,37,87,0,0.000,0.7600,0.0000,55.95,61.32,395,395,1.00000,1.00000,1.00000,1.00000,0.00000,3,3,0,1,23.62506,0.03400,1.90339,0.0631,0.0079,0.0929,0.0000,0.0000,0.0000,146.92,8.77,-126.15,1,1,0.0000,0.0000,0.3500,-90.00,0.7600,0.4200,1.0000,8.00,180.00,10.000000,0.250000,0.000000,1.200000,0.000000,0.000000,1.200000,0.000000,0.000000,0.900000,0.000000,0.000000,0.850000,0.040000,0.000000,0.008000,0.000000,0.000600,0.008000,0.000000,0.000600,0.006000,0.000000,0.000000,1,1,1,395,232,241,241,240,0,0,60.00,12781,3254,391,0,0,0,12931,500.00,500.00,11,337,0.0000,0.4620,0.5430,0.8320,0.0890
2026-04-28T17:30:11.449,6.599,1,0.30,1.29,0.00,0.00,1,-0.0631,-0.0079,0.2570,0.0000,0.0000,0.0000,123.07,0.60,1,4.200,4.200,0.800,37,87,0,0.000,0.7600,0.0000,67.78,59.72,396,396,1.00000,1.00000,1.00000,1.00000,0.00000,3,3,0,1,23.64607,0.03404,1.90345,0.0631,0.0079,0.0930,0.0000,0.0000,0.0000,146.93,8.80,-126.16,1,1,0.0000,0.0000,0.3500,-90.00,0.7600,0.4200,1.0000,8.00,180.00,10.000000,0.250000,0.000000,1.200000,0.000000,0.000000,1.200000,0.000000,0.000000,0.900000,0.000000,0.000000,0.850000,0.040000,0.000000,0.008000,0.000000,0.000600,0.008000,0.000000,0.000600,0.006000,0.000000,0.000000,1,1,1,396,231,241,241,240,0,0,60.00,12781,3254,391,0,0,0,12931,500.00,500.00,11,337,0.0000,0.4620,0.5430,0.8320,0.0890
2026-04-28T17:30:11.467,6.617,1,0.30,1.29,0.00,0.00,1,-0.0630,-0.0079,0.2570,0.0000,0.0000,0.0000,123.06,0.56,1,4.200,4.200,0.800,37,87,0,0.000,0.7600,0.0000,56.43,57.42,397,397,1.00000,1.00000,1.00000,1.00000,0.00000,3,3,0,1,23.58994,0.03387,1.89957,0.0630,0.0079,0.0930,0.0000,0.0000,0.0000,146.94,8.80,-126.16,1,1,0.0000,0.0000,0.3500,-90.00,0.7600,0.4200,1.0000,8.00,180.00,10.000000,0.250000,0.000000,1.200000,0.000000,0.000000,1.200000,0.000000,0.000000,0.900000,0.000000,0.000000,0.850000,0.040000,0.000000,0.008000,0.000000,0.000600,0.008000,0.000000,0.000600,0.006000,0.000000,0.000000,1,1,1,397,231,241,241,240,0,0,60.00,12781,3254,391,0,0,0,12931,500.00,500.00,11,337,0.0000,0.4620,0.5430,0.8320,0.0890
2026-04-28T17:30:11.484,6.635,1,0.30,1.29,0.00,0.00,1,-0.0631,-0.0078,0.2571,0.0000,0.0000,0.0000,123.05,0.57,1,4.200,4.200,0.800,37,87,0,0.000,0.7600,0.0000,52.96,59.71,398,398,1.00000,1.00000,1.00000,1.00000,0.00000,3,3,0,1,23.59456,0.03377,1.89953,0.0631,0.0078,0.0929,0.0000,0.0000,0.0000,146.95,8.74,-126.14,1,1,0.0000,0.0000,0.3500,-90.00,0.7600,0.4200,1.0000,8.00,180.00,10.000000,0.250000,0.000000,1.200000,0.000000,0.000000,1.200000,0.000000,0.000000,0.900000,0.000000,0.000000,0.850000,0.040000,0.000000,0.008000,0.000000,0.000600,0.008000,0.000000,0.000600,0.006000,0.000000,0.000000,1,1,1,398,232,241,241,240,0,0,60.00,12781,3254,391,0,0,0,12931,500.00,500.00,11,337,0.0000,0.4620,0.5430,0.8320,0.0890
2026-04-28T17:30:11.501,6.652,1,0.30,1.29,0.00,0.00,1,-0.0631,-0.0078,0.2570,0.0000,0.0000,0.0000,123.10,-3.05,1,4.200,4.200,0.800,37,87,0,0.000,0.7600,0.0000,60.75,60.24,399,399,1.00000,1.00000,1.00000,1.00000,0.00000,3,3,0,1,23.61565,0.03407,1.90365,0.0631,0.0078,0.0930,0.0000,0.0000,0.0000,146.90,8.76,-126.11,1,1,0.0000,0.0000,0.3500,-90.00,0.7600,0.4200,1.0000,8.00,180.00,10.000000,0.250000,0.000000,1.200000,0.000000,0.000000,1.200000,0.000000,0.000000,0.900000,0.000000,0.000000,0.850000,0.040000,0.000000,0.008000,0.000000,0.000600,0.008000,0.000000,0.000600,0.006000,0.000000,0.000000,1,1,1,399,231,241,241,240,0,0,60.00,12781,3254,391,0,0,0,12931,500.00,500.00,11,337,0.0000,0.4620,0.5430,0.8320,0.0890
2026-04-28T17:30:11.519,6.670,1,0.30,1.29,0.00,0.00,1,-0.0632,-0.0076,0.2569,0.0000,0.0000,0.0000,123.21,-6.22,1,4.200,4.200,0.800,37,87,0,0.000,0.7600,0.0000,59.66,59.48,400,400,1.00000,1.00000,1.00000,1.00000,0.00000,3,3,0,1,23.66131,0.03398,1.90510,0.0632,0.0076,0.0931,0.0000,0.0000,0.0000,146.79,8.73,-126.06,1,1,0.0000,0.0000,0.3500,-90.00,0.7600,0.4200,1.0000,8.00,180.00,10.000000,0.250000,0.000000,1.200000,0.000000,0.000000,1.200000,0.000000,0.000000,0.900000,0.000000,0.000000,0.850000,0.040000,0.000000,0.008000,0.000000,0.000600,0.008000,0.000000,0.000600,0.006000,0.000000,0.000000,1,1,1,400,232,241,241,240,0,0,60.00,12781,3254,391,0,0,0,12931,500.00,500.00,11,337,0.0000,0.4620,0.5430,0.8320,0.0890
2026-04-28T17:30:11.536,6.687,1,0.30,1.29,0.00,0.00,1,-0.0631,-0.0078,0.2570,0.0000,0.0000,0.0000,123.15,3.35,1,4.200,4.200,0.800,37,87,0,0.000,0.7600,0.0000,57.35,60.22,401,401,1.00000,1.00000,1.00000,1.00000,0.00000,3,3,0,1,23.67276,0.03402,1.90414,0.0631,0.0078,0.0930,0.0000,0.0000,0.0000,146.85,8.75,-126.13,1,1,0.0000,0.0000,0.3500,-90.00,0.7600,0.4200,1.0000,8.00,180.00,10.000000,0.250000,0.000000,1.200000,0.000000,0.000000,1.200000,0.000000,0.000000,0.900000,0.000000,0.000000,0.850000,0.040000,0.000000,0.008000,0.000000,0.000600,0.008000,0.000000,0.000600,0.006000,0.000000,0.000000,1,1,1,401,232,241,241,240,0,0,60.00,12781,3254,391,0,0,0,12931,500.00,500.00,11,337,0.0000,0.4620,0.5430,0.8320,0.0890
2026-04-28T17:30:11.545,6.696,1,0.30,1.29,0.00,0.00,1,-0.0631,-0.0076,0.2571,0.0000,0.0000,0.0000,123.17,-1.95,1,4.200,4.200,0.800,37,87,0,0.000,0.7600,0.0000,56.21,59.83,402,402,1.00000,1.00000,1.00000,1.00000,0.00000,3,3,0,1,23.64653,0.03393,1.90103,0.0631,0.0076,0.0929,0.0000,0.0000,0.0000,146.83,8.73,-126.13,1,1,0.0000,0.0000,0.3500,-90.00,0.7600,0.4200,1.0000,8.00,180.00,10.000000,0.250000,0.000000,1.200000,0.000000,0.000000,1.200000,0.000000,0.000000,0.900000,0.000000,0.000000,0.850000,0.040000,0.000000,0.008000,0.000000,0.000600,0.008000,0.000000,0.000600,0.006000,0.000000,0.000000,1,1,1,402,232,241,241,240,0,0,60.00,12781,3254,391,0,0,0,12931,500.00,500.00,11,337,0.0000,0.4620,0.5430,0.8320,0.0890
2026-04-28T17:30:11.566,6.717,1,0.30,1.29,0.00,0.00,1,-0.0631,-0.0078,0.2569,0.0000,0.0000,0.0000,123.12,2.51,1,4.200,4.200,0.800,37,87,0,0.000,0.7600,0.0000,121.03,59.53,403,403,1.00000,1.00000,1.00000,1.00000,0.00000,3,3,0,1,23.64420,0.03407,1.90431,0.0631,0.0078,0.0931,0.0000,0.0000,0.0000,146.88,8.78,-126.15,1,1,0.0000,0.0000,0.3500,-90.00,0.7600,0.4200,1.0000,8.00,180.00,10.000000,0.250000,0.000000,1.200000,0.000000,0.000000,1.200000,0.000000,0.000000,0.900000,0.000000,0.000000,0.850000,0.040000,0.000000,0.008000,0.000000,0.000600,0.008000,0.000000,0.000600,0.006000,0.000000,0.000000,1,1,1,403,232,241,241,240,0,0,60.00,12781,3254,391,0,0,0,12931,500.00,500.00,11,337,0.0000,0.4620,0.5430,0.8320,0.0890
2026-04-28T17:30:11.586,6.737,1,0.30,1.29,0.00,0.00,1,-0.0631,-0.0079,0.2571,0.0000,0.0000,0.0000,123.14,-1.07,1,4.200,4.200,0.800,37,87,0,0.000,0.7600,0.0000,45.53,60.80,404,404,1.00000,1.00000,1.00000,1.00000,0.00000,3,3,0,1,23.58365,0.03395,1.90085,0.0631,0.0079,0.0929,0.0000,0.0000,0.0000,146.86,8.78,-126.15,1,1,0.0000,0.0000,0.3500,-90.00,0.7600,0.4200,1.0000,8.00,180.00,10.000000,0.250000,0.000000,1.200000,0.000000,0.000000,1.200000,0.000000,0.000000,0.900000,0.000000,0.000000,0.850000,0.040000,0.000000,0.008000,0.000000,0.000600,0.008000,0.000000,0.000600,0.006000,0.000000,0.000000,1,1,1,404,232,241,241,240,0,0,60.00,12781,3254,391,0,0,0,12931,500.00,500.00,11,337,0.0000,0.4620,0.5430,0.8320,0.0890
2026-04-28T17:30:11.598,6.749,1,0.30,1.29,0.00,0.00,1,-0.0631,-0.0080,0.2572,0.0000,0.0000,0.0000,123.09,3.48,1,4.200,4.200,0.800,37,87,0,0.000,0.7600,0.0000,50.19,62.99,405,405,1.00000,1.00000,1.00000,1.00000,0.00000,3,3,0,1,23.59711,0.03393,1.90139,0.0631,0.0080,0.0928,0.0000,0.0000,0.0000,146.91,8.78,-126.15,1,1,0.0000,0.0000,0.3500,-90.00,0.7600,0.4200,1.0000,8.00,180.00,10.000000,0.250000,0.000000,1.200000,0.000000,0.000000,1.200000,0.000000,0.000000,0.900000,0.000000,0.000000,0.850000,0.040000,0.000000,0.008000,0.000000,0.000600,0.008000,0.000000,0.000600,0.006000,0.000000,0.000000,1,1,1,405,232,241,241,240,0,0,60.00,12781,3254,391,0,0,0,12931,500.00,500.00,11,337,0.0000,0.4620,0.5430,0.8320,0.0890
2026-04-28T17:30:11.618,6.769,1,0.30,1.29,0.00,0.00,1,-0.0631,-0.0080,0.2572,0.0000,0.0000,0.0000,123.09,0.00,1,4.200,4.200,0.800,37,87,0,0.000,0.7600,0.0000,90.52,57.27,406,406,1.00000,1.00000,1.00000,1.00000,0.00000,3,3,0,1,23.59283,0.03397,1.90074,0.0631,0.0080,0.0928,0.0000,0.0000,0.0000,146.91,8.77,-126.14,1,1,0.0000,0.0000,0.3500,-90.00,0.7600,0.4200,1.0000,8.00,180.00,10.000000,0.250000,0.000000,1.200000,0.000000,0.000000,1.200000,0.000000,0.000000,0.900000,0.000000,0.000000,0.850000,0.040000,0.000000,0.008000,0.000000,0.000600,0.008000,0.000000,0.000600,0.006000,0.000000,0.000000,1,1,1,406,232,241,241,240,0,0,60.00,12781,3254,391,0,0,0,12931,500.00,500.00,11,337,0.0000,0.4620,0.5430,0.8320,0.0890
2026-04-28T17:30:11.632,6.783,1,0.30,1.29,0.00,0.00,1,-0.0630,-0.0077,0.2572,0.0000,-0.0103,0.0000,123.18,-6.45,1,4.200,4.200,0.800,37,87,0,0.000,0.7600,0.0000,47.95,63.30,407,407,1.00000,1.00000,1.00000,1.00000,0.00000,3,3,0,1,23.59909,0.03392,1.89713,0.0630,0.0077,0.0928,0.0000,-0.0103,0.0000,146.82,8.77,-126.10,1,1,0.0000,0.0000,0.3500,-90.00,0.7600,0.4200,1.0000,8.00,180.00,10.000000,0.250000,0.000000,1.200000,0.000000,0.000000,1.200000,0.000000,0.000000,0.900000,0.000000,0.000000,0.850000,0.040000,0.000000,0.008000,0.000000,0.000600,0.008000,0.000000,0.000600,0.006000,0.000000,0.000000,1,1,1,407,235,241,241,240,0,0,60.00,12781,3254,391,0,0,0,12931,500.00,500.00,11,337,0.0000,0.4620,0.5430,0.8320,0.0890
2026-04-28T17:30:11.648,6.799,1,0.30,1.29,0.00,0.00,1,-0.0630,-0.0079,0.2571,0.0000,0.0000,0.0000,123.09,5.24,1,4.200,4.200,0.800,37,87,0,0.000,0.7600,0.0000,77.46,60.15,408,408,1.00000,1.00000,1.00000,1.00000,0.00000,3,3,0,1,23.62602,0.03400,1.90342,0.0630,0.0079,0.0929,0.0000,0.0000,0.0000,146.91,8.81,-126.12,1,1,0.0000,0.0000,0.3500,-90.00,0.7600,0.4200,1.0000,8.00,180.00,10.000000,0.250000,0.000000,1.200000,0.000000,0.000000,1.200000,0.000000,0.000000,0.900000,0.000000,0.000000,0.850000,0.040000,0.000000,0.008000,0.000000,0.000600,0.008000,0.000000,0.000600,0.006000,0.000000,0.000000,1,1,1,408,232,241,241,240,0,0,60.00,12781,3254,391,0,0,0,12931,500.00,500.00,11,337,0.0000,0.4620,0.5430,0.8320,0.0890
2026-04-28T17:30:11.665,6.816,1,0.30,1.29,0.00,0.00,1,-0.0630,-0.0080,0.2572,0.0000,0.0000,0.0000,123.08,0.63,1,4.200,4.200,0.800,37,87,0,0.000,0.7600,0.0000,53.56,59.28,409,409,1.00000,1.00000,1.00000,1.00000,0.00000,3,3,0,1,23.62256,0.03388,1.90034,0.0630,0.0080,0.0928,0.0000,0.0000,0.0000,146.92,8.82,-126.12,1,1,0.0000,0.0000,0.3500,-90.00,0.7600,0.4200,1.0000,8.00,180.00,10.000000,0.250000,0.000000,1.200000,0.000000,0.000000,1.200000,0.000000,0.000000,0.900000,0.000000,0.000000,0.850000,0.040000,0.000000,0.008000,0.000000,0.000600,0.008000,0.000000,0.000600,0.006000,0.000000,0.000000,1,1,1,409,232,241,241,240,0,0,60.00,12781,3254,391,0,0,0,12931,500.00,500.00,11,337,0.0000,0.4620,0.5430,0.8320,0.0890
2026-04-28T17:30:11.681,6.832,1,0.30,1.29,0.00,0.00,1,-0.0630,-0.0079,0.2572,0.0000,0.0000,0.0000,123.11,-1.75,1,4.200,4.200,0.800,37,87,0,0.000,0.7600,0.0000,63.69,60.69,410,410,1.00000,1.00000,1.00000,1.00000,0.00000,3,3,0,1,23.61139,0.03407,1.90262,0.0630,0.0079,0.0928,0.0000,0.0000,0.0000,146.89,8.78,-126.13,1,1,0.0000,0.0000,0.3500,-90.00,0.7600,0.4200,1.0000,8.00,180.00,10.000000,0.250000,0.000000,1.200000,0.000000,0.000000,1.200000,0.000000,0.000000,0.900000,0.000000,0.000000,0.850000,0.040000,0.000000,0.008000,0.000000,0.000600,0.008000,0.000000,0.000600,0.006000,0.000000,0.000000,1,1,1,410,232,241,241,240,0,0,60.00,12781,3254,391,0,0,0,12931,500.00,500.00,11,337,0.0000,0.4620,0.5430,0.8320,0.0890
2026-04-28T17:30:11.700,6.851,1,0.30,1.29,0.00,0.00,1,-0.0631,-0.0077,0.2571,0.0000,0.0000,0.0000,123.16,-2.83,1,4.200,4.200,0.800,37,87,0,0.000,0.7600,0.0000,62.99,57.74,411,411,1.00000,1.00000,1.00000,1.00000,0.00000,3,3,0,1,23.64024,0.03407,1.90036,0.0631,0.0077,0.0929,0.0000,0.0000,0.0000,146.84,8.80,-126.14,1,1,0.0000,0.0000,0.3500,-90.00,0.7600,0.4200,1.0000,8.00,180.00,10.000000,0.250000,0.000000,1.200000,0.000000,0.000000,1.200000,0.000000,0.000000,0.900000,0.000000,0.000000,0.850000,0.040000,0.000000,0.008000,0.000000,0.000600,0.008000,0.000000,0.000600,0.006000,0.000000,0.000000,1,1,1,411,231,241,241,240,0,0,60.00,12781,3254,391,0,0,0,12931,500.00,500.00,11,337,0.0000,0.4620,0.5430,0.8320,0.0890
2026-04-28T17:30:11.714,6.865,1,0.30,1.29,0.00,0.00,1,-0.0632,-0.0075,0.2572,0.0000,0.0000,0.0000,123.28,-7.79,1,4.200,4.200,0.800,37,87,0,0.000,0.7600,0.0000,53.68,60.91,412,412,1.00000,1.00000,1.00000,1.00000,0.00000,3,3,0,1,23.62620,0.03405,1.90049,0.0632,0.0075,0.0928,0.0000,0.0000,0.0000,146.72,8.72,-126.11,1,1,0.0000,0.0000,0.3500,-90.00,0.7600,0.4200,1.0000,8.00,180.00,10.000000,0.250000,0.000000,1.200000,0.000000,0.000000,1.200000,0.000000,0.000000,0.900000,0.000000,0.000000,0.850000,0.040000,0.000000,0.008000,0.000000,0.000600,0.008000,0.000000,0.000600,0.006000,0.000000,0.000000,1,1,1,412,232,241,241,240,0,0,60.00,12781,3254,391,0,0,0,12931,500.00,500.00,11,337,0.0000,0.4620,0.5430,0.8320,0.0890
2026-04-28T17:30:11.731,6.882,1,0.30,1.29,0.00,0.00,1,-0.0630,-0.0077,0.2571,0.0000,0.0000,0.0000,123.18,5.87,1,4.200,4.200,0.800,37,87,0,0.000,0.7600,0.0000,68.11,61.31,413,413,1.00000,1.00000,1.00000,1.00000,0.00000,3,3,0,1,23.64291,0.03394,1.90072,0.0630,0.0077,0.0929,0.0000,0.0000,0.0000,146.82,8.76,-126.16,1,1,0.0000,0.0000,0.3500,-90.00,0.7600,0.4200,1.0000,8.00,180.00,10.000000,0.250000,0.000000,1.200000,0.000000,0.000000,1.200000,0.000000,0.000000,0.900000,0.000000,0.000000,0.850000,0.040000,0.000000,0.008000,0.000000,0.000600,0.008000,0.000000,0.000600,0.006000,0.000000,0.000000,1,1,1,413,232,241,241,240,0,0,60.00,12781,3254,391,0,0,0,12931,500.00,500.00,11,337,0.0000,0.4620,0.5430,0.8320,0.0890
2026-04-28T17:30:11.749,6.899,1,0.30,1.29,0.00,0.00,1,-0.0631,-0.0078,0.2569,0.0000,0.0000,0.0000,123.13,3.07,1,4.200,4.200,0.800,37,87,0,0.000,0.7600,0.0000,63.84,57.01,414,414,1.00000,1.00000,1.00000,1.00000,0.00000,3,3,0,1,23.64239,0.03402,1.90375,0.0631,0.0078,0.0931,0.0000,0.0000,0.0000,146.87,8.78,-126.17,1,1,0.0000,0.0000,0.3500,-90.00,0.7600,0.4200,1.0000,8.00,180.00,10.000000,0.250000,0.000000,1.200000,0.000000,0.000000,1.200000,0.000000,0.000000,0.900000,0.000000,0.000000,0.850000,0.040000,0.000000,0.008000,0.000000,0.000600,0.008000,0.000000,0.000600,0.006000,0.000000,0.000000,1,1,1,414,232,241,241,240,0,0,60.00,12781,3254,391,0,0,0,12931,500.00,500.00,11,337,0.0000,0.4620,0.5430,0.8320,0.0890
2026-04-28T17:30:11.764,6.915,1,0.30,1.29,0.00,0.00,1,-0.0630,-0.0080,0.2570,0.0000,0.0000,0.0000,123.08,2.95,1,4.200,4.200,0.800,37,87,0,0.000,0.7600,0.0000,54.72,62.58,415,415,1.00000,1.00000,1.00000,1.00000,0.00000,3,3,0,1,23.61818,0.03404,1.90287,0.0630,0.0080,0.0930,0.0000,0.0000,0.0000,146.92,8.84,-126.16,1,1,0.0000,0.0000,0.3500,-90.00,0.7600,0.4200,1.0000,8.00,180.00,10.000000,0.250000,0.000000,1.200000,0.000000,0.000000,1.200000,0.000000,0.000000,0.900000,0.000000,0.000000,0.850000,0.040000,0.000000,0.008000,0.000000,0.000600,0.008000,0.000000,0.000600,0.006000,0.000000,0.000000,1,1,1,415,232,241,241,240,0,0,60.00,12781,3254,391,0,0,0,12931,500.00,500.00,11,337,0.0000,0.4620,0.5430,0.8320,0.0890
2026-04-28T17:30:11.784,6.935,1,0.30,1.29,0.00,0.00,1,-0.0630,-0.0080,0.2571,0.0000,0.0000,0.0000,123.04,2.15,1,4.200,4.200,0.800,37,87,0,0.000,0.7600,0.0000,67.01,57.97,416,416,1.00000,1.00000,1.00000,1.00000,0.00000,3,3,0,1,23.60156,0.03393,1.90125,0.0630,0.0080,0.0929,0.0000,0.0000,0.0000,146.96,8.83,-126.15,1,1,0.0000,0.0000,0.3500,-90.00,0.7600,0.4200,1.0000,8.00,180.00,10.000000,0.250000,0.000000,1.200000,0.000000,0.000000,1.200000,0.000000,0.000000,0.900000,0.000000,0.000000,0.850000,0.040000,0.000000,0.008000,0.000000,0.000600,0.008000,0.000000,0.000600,0.006000,0.000000,0.000000,1,1,1,416,232,241,241,240,0,0,60.00,12781,3254,391,0,0,0,12931,500.00,500.00,11,337,0.0000,0.4620,0.5430,0.8320,0.0890
2026-04-28T17:30:11.800,6.951,1,0.30,1.29,0.00,0.00,1,-0.0630,-0.0079,0.2572,0.0000,0.0000,0.0000,123.09,-3.18,1,4.200,4.200,0.800,37,87,0,0.000,0.7600,0.0000,48.43,59.18,417,417,1.00000,1.00000,1.00000,1.00000,0.00000,3,3,0,1,23.58306,0.03396,1.89956,0.0630,0.0079,0.0928,0.0000,0.0000,0.0000,146.91,8.78,-126.12,1,1,0.0000,0.0000,0.3500,-90.00,0.7600,0.4200,1.0000,8.00,180.00,10.000000,0.250000,0.000000,1.200000,0.000000,0.000000,1.200000,0.000000,0.000000,0.900000,0.000000,0.000000,0.850000,0.040000,0.000000,0.008000,0.000000,0.000600,0.008000,0.000000,0.000600,0.006000,0.000000,0.000000,1,1,1,417,232,241,241,240,0,0,60.00,12781,3254,391,0,0,0,12931,500.00,500.00,11,337,0.0000,0.4620,0.5430,0.8320,0.0890
2026-04-28T17:30:11.814,6.965,1,0.30,1.29,0.00,0.00,1,-0.0630,-0.0080,0.2572,0.0000,0.0000,0.0000,123.08,0.67,1,4.200,4.200,0.800,37,87,0,0.000,0.7600,0.0000,63.56,64.18,418,418,1.00000,1.00000,1.00000,1.00000,0.00000,3,3,0,1,23.59125,0.03406,1.90061,0.0630,0.0080,0.0928,0.0000,0.0000,0.0000,146.92,8.84,-126.14,1,1,0.0000,0.0000,0.3500,-90.00,0.7600,0.4200,1.0000,8.00,180.00,10.000000,0.250000,0.000000,1.200000,0.000000,0.000000,1.200000,0.000000,0.000000,0.900000,0.000000,0.000000,0.850000,0.040000,0.000000,0.008000,0.000000,0.000600,0.008000,0.000000,0.000600,0.006000,0.000000,0.000000,1,1,1,418,232,241,241,240,0,0,60.00,12781,3254,391,0,0,0,12931,500.00,500.00,11,337,0.0000,0.4620,0.5430,0.8320,0.0890
2026-04-28T17:30:11.833,6.983,1,0.30,1.29,0.00,0.00,1,-0.0629,-0.0078,0.2571,0.0000,0.0000,0.0000,123.10,-1.12,1,4.200,4.200,0.800,37,87,0,0.000,0.7600,0.0000,77.14,56.96,419,419,1.00000,1.00000,1.00000,1.00000,0.00000,3,3,0,1,23.63004,0.03394,1.89916,0.0629,0.0078,0.0929,0.0000,0.0000,0.0000,146.90,8.83,-126.14,1,1,0.0000,0.0000,0.3500,-90.00,0.7600,0.4200,1.0000,8.00,180.00,10.000000,0.250000,0.000000,1.200000,0.000000,0.000000,1.200000,0.000000,0.000000,0.900000,0.000000,0.000000,0.850000,0.040000,0.000000,0.008000,0.000000,0.000600,0.008000,0.000000,0.000600,0.006000,0.000000,0.000000,1,1,1,419,231,241,241,240,0,0,60.00,12781,3254,391,0,0,0,12931,500.00,500.00,11,337,0.0000,0.4620,0.5430,0.8320,0.0890
2026-04-28T17:30:11.850,7.000,1,0.30,1.29,0.00,0.00,1,-0.0631,-0.0079,0.2571,0.0000,0.0000,0.0000,123.08,1.11,1,4.200,4.200,0.800,37,87,0,0.000,0.7600,0.0000,50.26,59.51,420,420,1.00000,1.00000,1.00000,1.00000,0.00000,3,3,0,1,23.62506,0.03400,1.90339,0.0631,0.0079,0.0929,0.0000,0.0000,0.0000,146.92,8.79,-126.16,1,1,0.0000,0.0000,0.3500,-90.00,0.7600,0.4200,1.0000,8.00,180.00,10.000000,0.250000,0.000000,1.200000,0.000000,0.000000,1.200000,0.000000,0.000000,0.900000,0.000000,0.000000,0.850000,0.040000,0.000000,0.008000,0.000000,0.000600,0.008000,0.000000,0.000600,0.006000,0.000000,0.000000,1,1,1,420,232,241,241,240,0,0,60.00,12781,3254,391,0,0,0,12931,500.00,500.00,11,337,0.0000,0.4620,0.5430,0.8320,0.0890
2026-04-28T17:30:11.865,7.016,1,0.30,1.29,0.00,0.00,1,-0.0631,-0.0079,0.2572,0.0000,0.0000,0.0000,123.12,-2.87,1,4.200,4.200,0.800,37,87,0,0.000,0.7600,0.0000,55.16,62.27,421,421,1.00000,1.00000,1.00000,1.00000,0.00000,3,3,0,1,23.57898,0.03404,1.89998,0.0631,0.0079,0.0928,0.0000,0.0000,0.0000,146.88,8.77,-126.12,1,1,0.0000,0.0000,0.3500,-90.00,0.7600,0.4200,1.0000,8.00,180.00,10.000000,0.250000,0.000000,1.200000,0.000000,0.000000,1.200000,0.000000,0.000000,0.900000,0.000000,0.000000,0.850000,0.040000,0.000000,0.008000,0.000000,0.000600,0.008000,0.000000,0.000600,0.006000,0.000000,0.000000,1,1,1,421,232,241,241,240,0,0,60.00,12781,3254,391,0,0,0,12931,500.00,500.00,11,337,0.0000,0.4620,0.5430,0.8320,0.0890
2026-04-28T17:30:11.883,7.034,1,0.30,1.29,0.00,0.00,1,-0.0630,-0.0077,0.2572,0.0000,0.0000,0.0000,123.15,-1.64,1,4.200,4.200,0.800,37,87,0,0.000,0.7600,0.0000,73.43,58.27,422,422,1.00000,1.00000,1.00000,1.00000,0.00000,3,3,0,1,23.59970,0.03384,1.89685,0.0630,0.0077,0.0928,0.0000,0.0000,0.0000,146.85,8.75,-126.13,1,1,0.0000,0.0000,0.3500,-90.00,0.7600,0.4200,1.0000,8.00,180.00,10.000000,0.250000,0.000000,1.200000,0.000000,0.000000,1.200000,0.000000,0.000000,0.900000,0.000000,0.000000,0.850000,0.040000,0.000000,0.008000,0.000000,0.000600,0.008000,0.000000,0.000600,0.006000,0.000000,0.000000,1,1,1,422,232,421,421,420,0,0,60.00,12961,3148,391,0,0,0,12931,500.00,500.00,11,337,0.0000,0.4620,0.5430,0.8320,0.0890
2026-04-28T17:30:11.904,7.054,1,0.30,1.29,0.00,0.00,1,-0.0630,-0.0079,0.2571,0.0000,0.0000,0.0000,123.10,2.40,1,4.200,4.200,0.800,37,87,0,0.000,0.7600,0.0000,54.19,51.96,423,423,1.00000,1.00000,1.00000,1.00000,0.00000,3,3,0,1,23.59175,0.03392,1.90014,0.0630,0.0079,0.0929,0.0000,0.0000,0.0000,146.90,8.79,-126.14,1,1,0.0000,0.0000,0.3500,-90.00,0.7600,0.4200,1.0000,8.00,180.00,10.000000,0.250000,0.000000,1.200000,0.000000,0.000000,1.200000,0.000000,0.000000,0.900000,0.000000,0.000000,0.850000,0.040000,0.000000,0.008000,0.000000,0.000600,0.008000,0.000000,0.000600,0.006000,0.000000,0.000000,1,1,1,423,231,421,421,420,0,0,60.00,12961,3148,421,0,0,0,12961,500.00,500.00,9,2973,0.0000,0.4620,0.5430,0.8320,0.0890
2026-04-28T17:30:11.917,7.068,1,0.30,1.29,0.00,0.00,1,-0.0629,-0.0075,0.2572,0.0000,-0.0186,0.0000,123.22,-8.33,1,4.200,4.200,0.800,37,87,0,0.000,0.7600,0.0000,47.99,76.26,424,424,1.00000,1.00000,1.00000,1.00000,0.00000,3,3,0,1,23.63890,0.03395,1.89317,0.0629,0.0075,0.0928,0.0000,-0.0186,0.0000,146.78,8.76,-126.11,1,1,0.0000,0.0000,0.3500,-90.00,0.7600,0.4200,1.0000,8.00,180.00,10.000000,0.250000,0.000000,1.200000,0.000000,0.000000,1.200000,0.000000,0.000000,0.900000,0.000000,0.000000,0.850000,0.040000,0.000000,0.008000,0.000000,0.000600,0.008000,0.000000,0.000600,0.006000,0.000000,0.000000,1,1,1,424,237,421,421,420,0,0,60.00,12961,3148,421,0,0,0,12961,500.00,500.00,9,2973,0.0000,0.4620,0.5430,0.8320,0.0890
2026-04-28T17:30:11.932,7.083,1,0.30,1.29,0.00,0.00,1,-0.0629,-0.0077,0.2572,0.0000,0.0000,0.0000,123.13,6.53,1,4.200,4.200,0.800,37,87,0,0.000,0.7600,0.0000,80.60,56.70,425,425,1.00000,1.00000,1.00000,1.00000,0.00000,3,3,0,1,23.59976,0.03397,1.90089,0.0629,0.0077,0.0928,0.0000,0.0000,0.0000,146.87,8.78,-126.10,1,1,0.0000,0.0000,0.3500,-90.00,0.7600,0.4200,1.0000,8.00,180.00,10.000000,0.250000,0.000000,1.200000,0.000000,0.000000,1.200000,0.000000,0.000000,0.900000,0.000000,0.000000,0.850000,0.040000,0.000000,0.008000,0.000000,0.000600,0.008000,0.000000,0.000600,0.006000,0.000000,0.000000,1,1,1,425,231,421,421,420,0,0,60.00,12961,3148,421,0,0,0,12961,500.00,500.00,9,2973,0.0000,0.4620,0.5430,0.8320,0.0890
2026-04-28T17:30:11.953,7.104,1,0.30,1.29,0.00,0.00,1,-0.0631,-0.0078,0.2570,0.0000,0.0000,0.0000,123.14,-0.48,1,4.200,4.200,0.800,37,87,0,0.000,0.7600,0.0000,61.09,58.07,426,426,1.00000,1.00000,1.00000,1.00000,0.00000,3,3,0,1,23.66122,0.03415,1.90563,0.0631,0.0078,0.0930,0.0000,0.0000,0.0000,146.86,8.76,-126.09,1,1,0.0000,0.0000,0.3500,-90.00,0.7600,0.4200,1.0000,8.00,180.00,10.000000,0.250000,0.000000,1.200000,0.000000,0.000000,1.200000,0.000000,0.000000,0.900000,0.000000,0.000000,0.850000,0.040000,0.000000,0.008000,0.000000,0.000600,0.008000,0.000000,0.000600,0.006000,0.000000,0.000000,1,1,1,426,232,421,421,420,0,0,60.00,12961,3148,421,0,0,0,12961,500.00,500.00,9,2973,0.0000,0.4620,0.5430,0.8320,0.0890
2026-04-28T17:30:11.962,7.112,1,0.30,1.29,0.00,0.00,1,-0.0631,-0.0079,0.2570,0.0000,0.0000,0.0000,123.10,4.12,1,4.200,4.200,0.800,37,87,0,0.000,0.7600,0.0000,49.05,65.24,427,427,1.00000,1.00000,1.00000,1.00000,0.00000,3,3,0,1,23.62157,0.03400,1.90356,0.0631,0.0079,0.0930,0.0000,0.0000,0.0000,146.90,8.79,-126.11,1,1,0.0000,0.0000,0.3500,-90.00,0.7600,0.4200,1.0000,8.00,180.00,10.000000,0.250000,0.000000,1.200000,0.000000,0.000000,1.200000,0.000000,0.000000,0.900000,0.000000,0.000000,0.850000,0.040000,0.000000,0.008000,0.000000,0.000600,0.008000,0.000000,0.000600,0.006000,0.000000,0.000000,1,1,1,427,231,421,421,420,0,0,60.00,12961,3148,421,0,0,0,12961,500.00,500.00,9,2973,0.0000,0.4620,0.5430,0.8320,0.0890
2026-04-28T17:30:11.985,7.136,1,0.30,1.29,0.00,0.00,1,-0.0631,-0.0079,0.2571,0.0000,0.0000,0.0000,123.08,0.88,1,4.200,4.200,0.800,37,87,0,0.000,0.7600,0.0000,129.98,55.85,428,428,1.00000,1.00000,1.00000,1.00000,0.00000,3,3,0,1,23.62506,0.03400,1.90339,0.0631,0.0079,0.0929,0.0000,0.0000,0.0000,146.92,8.77,-126.14,1,1,0.0000,0.0000,0.3500,-90.00,0.7600,0.4200,1.0000,8.00,180.00,10.000000,0.250000,0.000000,1.200000,0.000000,0.000000,1.200000,0.000000,0.000000,0.900000,0.000000,0.000000,0.850000,0.040000,0.000000,0.008000,0.000000,0.000600,0.008000,0.000000,0.000600,0.006000,0.000000,0.000000,1,1,1,428,232,421,421,420,0,0,60.00,12961,3148,421,0,0,0,12961,500.00,500.00,9,2973,0.0000,0.4620,0.5430,0.8320,0.0890
2026-04-28T17:30:12.002,7.152,1,0.30,1.29,0.00,0.00,1,-0.0630,-0.0078,0.2572,0.0000,0.0000,0.0000,123.12,-2.48,1,4.200,4.200,0.800,37,87,0,0.000,0.7600,0.0000,39.11,61.48,429,429,1.00000,1.00000,1.00000,1.00000,0.00000,3,3,0,1,23.60151,0.03389,1.89741,0.0630,0.0078,0.0928,0.0000,0.0000,0.0000,146.88,8.77,-126.14,1,1,0.0000,0.0000,0.3500,-90.00,0.7600,0.4200,1.0000,8.00,180.00,10.000000,0.250000,0.000000,1.200000,0.000000,0.000000,1.200000,0.000000,0.000000,0.900000,0.000000,0.000000,0.850000,0.040000,0.000000,0.008000,0.000000,0.000600,0.008000,0.000000,0.000600,0.006000,0.000000,0.000000,1,1,1,429,232,421,421,420,0,0,60.00,12961,3148,421,0,0,0,12961,500.00,500.00,9,2973,0.0000,0.4620,0.5430,0.8320,0.0890
2026-04-28T17:30:12.013,7.164,1,0.30,1.29,0.00,0.00,1,-0.0631,-0.0076,0.2570,0.0000,0.0000,0.0000,123.20,-6.35,1,4.200,4.200,0.800,37,87,0,0.000,0.7600,0.0000,65.07,63.69,430,430,1.00000,1.00000,1.00000,1.00000,0.00000,3,3,0,1,23.68278,0.03398,1.90397,0.0631,0.0076,0.0930,0.0000,0.0000,0.0000,146.80,8.72,-126.12,1,1,0.0000,0.0000,0.3500,-90.00,0.7600,0.4200,1.0000,8.00,180.00,10.000000,0.250000,0.000000,1.200000,0.000000,0.000000,1.200000,0.000000,0.000000,0.900000,0.000000,0.000000,0.850000,0.040000,0.000000,0.008000,0.000000,0.000600,0.008000,0.000000,0.000600,0.006000,0.000000,0.000000,1,1,1,430,231,421,421,420,0,0,60.00,12961,3148,421,0,0,0,12961,500.00,500.00,9,2973,0.0000,0.4620,0.5430,0.8320,0.0890
2026-04-28T17:30:12.033,7.183,1,0.30,1.29,0.00,0.00,1,-0.0631,-0.0079,0.2571,0.0000,0.0000,0.0000,123.12,4.27,1,4.200,4.200,0.800,37,87,0,0.000,0.7600,0.0000,95.99,56.75,431,431,1.00000,1.00000,1.00000,1.00000,0.00000,3,3,0,1,23.59711,0.03393,1.90139,0.0631,0.0079,0.0929,0.0000,0.0000,0.0000,146.88,8.75,-126.13,1,1,0.0000,0.0000,0.3500,-90.00,0.7600,0.4200,1.0000,8.00,180.00,10.000000,0.250000,0.000000,1.200000,0.000000,0.000000,1.200000,0.000000,0.000000,0.900000,0.000000,0.000000,0.850000,0.040000,0.000000,0.008000,0.000000,0.000600,0.008000,0.000000,0.000600,0.006000,0.000000,0.000000,1,1,1,431,232,421,421,420,0,0,60.00,12961,3148,421,0,0,0,12961,500.00,500.00,9,2973,0.0000,0.4620,0.5430,0.8320,0.0890
2026-04-28T17:30:12.050,7.201,1,0.30,1.29,0.00,0.00,1,-0.0631,-0.0080,0.2570,0.0000,0.0000,0.0000,123.11,0.57,1,4.200,4.200,0.800,37,87,0,0.000,0.7600,0.0000,48.26,61.68,432,432,1.00000,1.00000,1.00000,1.00000,0.00000,3,3,0,1,23.62882,0.03414,1.90489,0.0631,0.0080,0.0930,0.0000,0.0000,0.0000,146.89,8.80,-126.13,1,1,0.0000,0.0000,0.3500,-90.00,0.7600,0.4200,1.0000,8.00,180.00,10.000000,0.250000,0.000000,1.200000,0.000000,0.000000,1.200000,0.000000,0.000000,0.900000,0.000000,0.000000,0.850000,0.040000,0.000000,0.008000,0.000000,0.000600,0.008000,0.000000,0.000600,0.006000,0.000000,0.000000,1,1,1,432,231,421,421,420,0,0,60.00,12961,3148,421,0,0,0,12961,500.00,500.00,9,2973,0.0000,0.4620,0.5430,0.8320,0.0890
2026-04-28T17:30:12.064,7.215,1,0.30,1.29,0.00,0.00,1,-0.0631,-0.0079,0.2571,0.0000,0.0000,0.0000,123.09,1.35,1,4.200,4.200,0.800,37,87,0,0.000,0.7600,0.0000,54.28,61.41,433,433,1.00000,1.00000,1.00000,1.00000,0.00000,3,3,0,1,23.62259,0.03410,1.90330,0.0631,0.0079,0.0929,0.0000,0.0000,0.0000,146.91,8.79,-126.15,1,1,0.0000,0.0000,0.3500,-90.00,0.7600,0.4200,1.0000,8.00,180.00,10.000000,0.250000,0.000000,1.200000,0.000000,0.000000,1.200000,0.000000,0.000000,0.900000,0.000000,0.000000,0.850000,0.040000,0.000000,0.008000,0.000000,0.000600,0.008000,0.000000,0.000600,0.006000,0.000000,0.000000,1,1,1,433,232,421,421,420,0,0,60.00,12961,3148,421,0,0,0,12961,500.00,500.00,9,2973,0.0000,0.4620,0.5430,0.8320,0.0890
2026-04-28T17:30:12.082,7.233,1,0.30,1.29,0.00,0.00,1,-0.0630,-0.0078,0.2572,0.0000,0.0000,0.0000,123.12,-1.66,1,4.200,4.200,0.800,37,87,0,0.000,0.7600,0.0000,71.96,57.15,434,434,1.00000,1.00000,1.00000,1.00000,0.00000,3,3,0,1,23.57610,0.03394,1.89881,0.0630,0.0078,0.0928,0.0000,0.0000,0.0000,146.88,8.78,-126.13,1,1,0.0000,0.0000,0.3500,-90.00,0.7600,0.4200,1.0000,8.00,180.00,10.000000,0.250000,0.000000,1.200000,0.000000,0.000000,1.200000,0.000000,0.000000,0.900000,0.000000,0.000000,0.850000,0.040000,0.000000,0.008000,0.000000,0.000600,0.008000,0.000000,0.000600,0.006000,0.000000,0.000000,1,1,1,434,232,421,421,420,0,0,60.00,12961,3148,421,0,0,0,12961,500.00,500.00,9,2973,0.0000,0.4620,0.5430,0.8320,0.0890
2026-04-28T17:30:12.099,7.249,1,0.30,1.29,0.00,0.00,1,-0.0629,-0.0078,0.2572,0.0000,0.0000,0.0000,123.13,-0.60,1,4.200,4.200,0.800,37,87,0,0.000,0.7600,0.0000,58.46,60.36,435,435,1.00000,1.00000,1.00000,1.00000,0.00000,3,3,0,1,23.60306,0.03396,1.89690,0.0629,0.0078,0.0928,0.0000,0.0000,0.0000,146.87,8.80,-126.14,1,1,0.0000,0.0000,0.3500,-90.00,0.7600,0.4200,1.0000,8.00,180.00,10.000000,0.250000,0.000000,1.200000,0.000000,0.000000,1.200000,0.000000,0.000000,0.900000,0.000000,0.000000,0.850000,0.040000,0.000000,0.008000,0.000000,0.000600,0.008000,0.000000,0.000600,0.006000,0.000000,0.000000,1,1,1,435,231,421,421,420,0,0,60.00,12961,3148,421,0,0,0,12961,500.00,500.00,9,2973,0.0000,0.4620,0.5430,0.8320,0.0890
2026-04-28T17:30:12.116,7.267,1,0.30,1.29,0.00,0.00,1,-0.0630,-0.0079,0.2570,0.0000,0.0000,0.0000,123.06,4.08,1,4.200,4.200,0.800,37,87,0,0.000,0.7600,0.0000,56.98,63.32,436,436,1.00000,1.00000,1.00000,1.00000,0.00000,3,3,0,1,23.62023,0.03397,1.90188,0.0630,0.0079,0.0930,0.0000,0.0000,0.0000,146.94,8.84,-126.14,1,1,0.0000,0.0000,0.3500,-90.00,0.7600,0.4200,1.0000,8.00,180.00,10.000000,0.250000,0.000000,1.200000,0.000000,0.000000,1.200000,0.000000,0.000000,0.900000,0.000000,0.000000,0.850000,0.040000,0.000000,0.008000,0.000000,0.000600,0.008000,0.000000,0.000600,0.006000,0.000000,0.000000,1,1,1,436,232,421,421,420,0,0,60.00,12961,3148,421,0,0,0,12961,500.00,500.00,9,2973,0.0000,0.4620,0.5430,0.8320,0.0890
2026-04-28T17:30:12.132,7.283,1,0.30,1.29,0.00,0.00,1,-0.0631,-0.0077,0.2570,0.0000,0.0000,0.0000,123.13,-4.53,1,4.200,4.200,0.800,37,87,0,0.000,0.7600,0.0000,59.55,60.40,437,437,1.00000,1.00000,1.00000,1.00000,0.00000,3,3,0,1,23.67280,0.03406,1.90377,0.0631,0.0077,0.0930,0.0000,0.0000,0.0000,146.87,8.81,-126.13,1,1,0.0000,0.0000,0.3500,-90.00,0.7600,0.4200,1.0000,8.00,180.00,10.000000,0.250000,0.000000,1.200000,0.000000,0.000000,1.200000,0.000000,0.000000,0.900000,0.000000,0.000000,0.850000,0.040000,0.000000,0.008000,0.000000,0.000600,0.008000,0.000000,0.000600,0.006000,0.000000,0.000000,1,1,1,437,232,421,421,420,0,0,60.00,12961,3148,421,0,0,0,12961,500.00,500.00,9,2973,0.0000,0.4620,0.5430,0.8320,0.0890
2026-04-28T17:30:12.149,7.299,1,0.30,1.29,0.00,0.00,1,-0.0631,-0.0079,0.2570,0.0000,0.0000,0.0000,123.06,4.02,1,4.200,4.200,0.800,37,87,0,0.000,0.7600,0.0000,61.34,59.94,438,438,1.00000,1.00000,1.00000,1.00000,0.00000,3,3,0,1,23.62950,0.03400,1.90325,0.0631,0.0079,0.0930,0.0000,0.0000,0.0000,146.94,8.80,-126.15,1,1,0.0000,0.0000,0.3500,-90.00,0.7600,0.4200,1.0000,8.00,180.00,10.000000,0.250000,0.000000,1.200000,0.000000,0.000000,1.200000,0.000000,0.000000,0.900000,0.000000,0.000000,0.850000,0.040000,0.000000,0.008000,0.000000,0.000600,0.008000,0.000000,0.000600,0.006000,0.000000,0.000000,1,1,1,438,231,421,421,420,0,0,60.00,12961,3148,421,0,0,0,12961,500.00,500.00,9,2973,0.0000,0.4620,0.5430,0.8320,0.0890
2026-04-28T17:30:12.164,7.315,1,0.30,1.29,0.00,0.00,1,-0.0630,-0.0078,0.2571,0.0000,0.0000,0.0000,123.11,-3.21,1,4.200,4.200,0.800,37,87,0,0.000,0.7600,0.0000,59.21,58.29,439,439,1.00000,1.00000,1.00000,1.00000,0.00000,3,3,0,1,23.57429,0.03389,1.89825,0.0630,0.0078,0.0929,0.0000,0.0000,0.0000,146.89,8.77,-126.13,1,1,0.0000,0.0000,0.3500,-90.00,0.7600,0.4200,1.0000,8.00,180.00,10.000000,0.250000,0.000000,1.200000,0.000000,0.000000,1.200000,0.000000,0.000000,0.900000,0.000000,0.000000,0.850000,0.040000,0.000000,0.008000,0.000000,0.000600,0.008000,0.000000,0.000600,0.006000,0.000000,0.000000,1,1,1,439,232,421,421,420,0,0,60.00,12961,3148,421,0,0,0,12961,500.00,500.00,9,2973,0.0000,0.4620,0.5430,0.8320,0.0890
2026-04-28T17:30:12.182,7.333,1,0.30,1.29,0.00,0.00,1,-0.0631,-0.0079,0.2571,0.0000,0.0000,0.0000,123.08,1.76,1,4.200,4.200,0.800,37,87,0,0.000,0.7600,0.0000,64.12,58.10,440,440,1.00000,1.00000,1.00000,1.00000,0.00000,3,3,0,1,23.59530,0.03388,1.90083,0.0631,0.0079,0.0929,0.0000,0.0000,0.0000,146.92,8.76,-126.13,1,1,0.0000,0.0000,0.3500,-90.00,0.7600,0.4200,1.0000,8.00,180.00,10.000000,0.250000,0.000000,1.200000,0.000000,0.000000,1.200000,0.000000,0.000000,0.900000,0.000000,0.000000,0.850000,0.040000,0.000000,0.008000,0.000000,0.000600,0.008000,0.000000,0.000600,0.006000,0.000000,0.000000,1,1,1,440,232,421,421,420,0,0,60.00,12961,3148,421,0,0,0,12961,500.00,500.00,9,2973,0.0000,0.4620,0.5430,0.8320,0.0890
2026-04-28T17:30:12.200,7.350,1,0.30,1.29,0.00,0.00,1,-0.0630,-0.0079,0.2572,0.0000,0.0000,0.0000,123.08,0.00,1,4.200,4.200,0.800,37,87,0,0.000,0.7600,0.0000,57.50,61.50,441,441,1.00000,1.00000,1.00000,1.00000,0.00000,3,3,0,1,23.58547,0.03392,1.89964,0.0630,0.0079,0.0928,0.0000,0.0000,0.0000,146.92,8.75,-126.11,1,1,0.0000,0.0000,0.3500,-90.00,0.7600,0.4200,1.0000,8.00,180.00,10.000000,0.250000,0.000000,1.200000,0.000000,0.000000,1.200000,0.000000,0.000000,0.900000,0.000000,0.000000,0.850000,0.040000,0.000000,0.008000,0.000000,0.000600,0.008000,0.000000,0.000600,0.006000,0.000000,0.000000,1,1,1,441,232,421,421,420,0,0,60.00,12961,3148,421,0,0,0,12961,500.00,500.00,9,2973,0.0000,0.4620,0.5430,0.8320,0.0890
2026-04-28T17:30:12.217,7.368,1,0.30,1.29,0.00,0.00,1,-0.0631,-0.0079,0.2571,0.0000,0.0000,0.0000,123.07,0.61,1,4.200,4.200,0.800,37,87,0,0.000,0.7600,0.0000,58.90,67.21,442,442,1.00000,1.00000,1.00000,1.00000,0.00000,3,3,0,1,23.62506,0.03400,1.90339,0.0631,0.0079,0.0929,0.0000,0.0000,0.0000,146.93,8.75,-126.14,1,1,0.0000,0.0000,0.3500,-90.00,0.7600,0.4200,1.0000,8.00,180.00,10.000000,0.250000,0.000000,1.200000,0.000000,0.000000,1.200000,0.000000,0.000000,0.900000,0.000000,0.000000,0.850000,0.040000,0.000000,0.008000,0.000000,0.000600,0.008000,0.000000,0.000600,0.006000,0.000000,0.000000,1,1,1,442,232,421,421,420,0,0,60.00,12961,3148,421,0,0,0,12961,500.00,500.00,9,2973,0.0000,0.4620,0.5430,0.8320,0.0890
2026-04-28T17:30:12.232,7.383,1,0.30,1.29,0.00,0.00,1,-0.0631,-0.0079,0.2571,0.0000,0.0000,0.0000,123.06,0.61,1,4.200,4.200,0.800,37,87,0,0.000,0.7600,0.0000,60.67,55.85,443,443,1.00000,1.00000,1.00000,1.00000,0.00000,3,3,0,1,23.62506,0.03400,1.90339,0.0631,0.0079,0.0929,0.0000,0.0000,0.0000,146.94,8.75,-126.16,1,1,0.0000,0.0000,0.3500,-90.00,0.7600,0.4200,1.0000,8.00,180.00,10.000000,0.250000,0.000000,1.200000,0.000000,0.000000,1.200000,0.000000,0.000000,0.900000,0.000000,0.000000,0.850000,0.040000,0.000000,0.008000,0.000000,0.000600,0.008000,0.000000,0.000600,0.006000,0.000000,0.000000,1,1,1,443,232,421,421,420,0,0,60.00,12961,3148,421,0,0,0,12961,500.00,500.00,9,2973,0.0000,0.4620,0.5430,0.8320,0.0890
2026-04-28T17:30:12.250,7.400,1,0.30,1.29,0.00,0.00,1,-0.0631,-0.0079,0.2570,0.0000,0.0000,0.0000,123.08,-1.17,1,4.200,4.200,0.800,37,87,0,0.000,0.7600,0.0000,63.02,57.02,444,444,1.00000,1.00000,1.00000,1.00000,0.00000,3,3,0,1,23.67276,0.03402,1.90414,0.0631,0.0079,0.0930,0.0000,0.0000,0.0000,146.92,8.76,-126.17,1,1,0.0000,0.0000,0.3500,-90.00,0.7600,0.4200,1.0000,8.00,180.00,10.000000,0.250000,0.000000,1.200000,0.000000,0.000000,1.200000,0.000000,0.000000,0.900000,0.000000,0.000000,0.850000,0.040000,0.000000,0.008000,0.000000,0.000600,0.008000,0.000000,0.000600,0.006000,0.000000,0.000000,1,1,1,444,232,421,421,420,0,0,60.00,12961,3148,421,0,0,0,12961,500.00,500.00,9,2973,0.0000,0.4620,0.5430,0.8320,0.0890
2026-04-28T17:30:12.264,7.415,1,0.30,1.29,0.00,0.00,1,-0.0630,-0.0079,0.2569,0.0000,0.0000,0.0000,123.07,0.63,1,4.200,4.200,0.800,37,87,0,0.000,0.7600,0.0000,56.68,68.73,445,445,1.00000,1.00000,1.00000,1.00000,0.00000,3,3,0,1,23.64420,0.03407,1.90431,0.0630,0.0079,0.0931,0.0000,0.0000,0.0000,146.93,8.80,-126.18,1,1,0.0000,0.0000,0.3500,-90.00,0.7600,0.4200,1.0000,8.00,180.00,10.000000,0.250000,0.000000,1.200000,0.000000,0.000000,1.200000,0.000000,0.000000,0.900000,0.000000,0.000000,0.850000,0.040000,0.000000,0.008000,0.000000,0.000600,0.008000,0.000000,0.000600,0.006000,0.000000,0.000000,1,1,1,445,231,421,421,420,0,0,60.00,12961,3148,421,0,0,0,12961,500.00,500.00,9,2973,0.0000,0.4620,0.5430,0.8320,0.0890
2026-04-28T17:30:12.282,7.433,1,0.30,1.29,0.00,0.00,1,-0.0630,-0.0079,0.2570,0.0000,0.0000,0.0000,123.06,0.59,1,4.200,4.200,0.800,37,87,0,0.000,0.7600,0.0000,63.12,52.92,446,446,1.00000,1.00000,1.00000,1.00000,0.00000,3,3,0,1,23.58994,0.03387,1.89957,0.0630,0.0079,0.0930,0.0000,0.0000,0.0000,146.94,8.80,-126.16,1,1,0.0000,0.0000,0.3500,-90.00,0.7600,0.4200,1.0000,8.00,180.00,10.000000,0.250000,0.000000,1.200000,0.000000,0.000000,1.200000,0.000000,0.000000,0.900000,0.000000,0.000000,0.850000,0.040000,0.000000,0.008000,0.000000,0.000600,0.008000,0.000000,0.000600,0.006000,0.000000,0.000000,1,1,1,446,231,421,421,420,0,0,60.00,12961,3148,421,0,0,0,12961,500.00,500.00,9,2973,0.0000,0.4620,0.5430,0.8320,0.0890
2026-04-28T17:30:12.299,7.450,1,0.30,1.29,0.00,0.00,1,-0.0630,-0.0078,0.2573,0.0000,0.0000,0.0000,123.12,-3.60,1,4.200,4.200,0.800,37,87,0,0.000,0.7600,0.0000,58.39,60.42,447,447,1.00000,1.00000,1.00000,1.00000,0.00000,3,3,0,1,23.60686,0.03390,1.89866,0.0630,0.0078,0.0927,0.0000,0.0000,0.0000,146.88,8.76,-126.14,1,1,0.0000,0.0000,0.3500,-90.00,0.7600,0.4200,1.0000,8.00,180.00,10.000000,0.250000,0.000000,1.200000,0.000000,0.000000,1.200000,0.000000,0.000000,0.900000,0.000000,0.000000,0.850000,0.040000,0.000000,0.008000,0.000000,0.000600,0.008000,0.000000,0.000600,0.006000,0.000000,0.000000,1,1,1,447,232,421,421,420,0,0,60.00,12961,3148,421,0,0,0,12961,500.00,500.00,9,2973,0.0000,0.4620,0.5430,0.8320,0.0890
2026-04-28T17:30:12.314,7.465,1,0.30,1.29,0.00,0.00,1,-0.0630,-0.0079,0.2571,0.0000,0.0000,0.0000,123.05,4.35,1,4.200,4.200,0.800,37,87,0,0.000,0.7600,0.0000,57.12,61.64,448,448,1.00000,1.00000,1.00000,1.00000,0.00000,3,3,0,1,23.59620,0.03392,1.90000,0.0630,0.0079,0.0929,0.0000,0.0000,0.0000,146.95,8.82,-126.15,1,1,0.0000,0.0000,0.3500,-90.00,0.7600,0.4200,1.0000,8.00,180.00,10.000000,0.250000,0.000000,1.200000,0.000000,0.000000,1.200000,0.000000,0.000000,0.900000,0.000000,0.000000,0.850000,0.040000,0.000000,0.008000,0.000000,0.000600,0.008000,0.000000,0.000600,0.006000,0.000000,0.000000,1,1,1,448,232,421,421,420,0,0,60.00,12961,3148,421,0,0,0,12961,500.00,500.00,9,2973,0.0000,0.4620,0.5430,0.8320,0.0890
2026-04-28T17:30:12.332,7.483,1,0.30,1.29,0.00,0.00,1,-0.0630,-0.0078,0.2570,0.0000,0.0000,0.0000,123.11,-3.50,1,4.200,4.200,0.800,37,87,0,0.000,0.7600,0.0000,66.28,62.00,449,449,1.00000,1.00000,1.00000,1.00000,0.00000,3,3,0,1,23.62859,0.03409,1.90299,0.0630,0.0078,0.0930,0.0000,0.0000,0.0000,146.89,8.80,-126.14,1,1,0.0000,0.0000,0.3500,-90.00,0.7600,0.4200,1.0000,8.00,180.00,10.000000,0.250000,0.000000,1.200000,0.000000,0.000000,1.200000,0.000000,0.000000,0.900000,0.000000,0.000000,0.850000,0.040000,0.000000,0.008000,0.000000,0.000600,0.008000,0.000000,0.000600,0.006000,0.000000,0.000000,1,1,1,449,231,421,421,420,0,0,60.00,12961,3148,421,0,0,0,12961,500.00,500.00,9,2973,0.0000,0.4620,0.5430,0.8320,0.0890
2026-04-28T17:30:12.351,7.501,1,0.30,1.29,0.00,0.00,1,-0.0631,-0.0080,0.2569,0.0000,0.0000,0.0000,123.08,1.63,1,4.200,4.200,0.800,37,87,0,0.000,0.7600,0.0000,58.34,57.81,450,450,1.00000,1.00000,1.00000,1.00000,0.00000,3,3,0,1,23.64882,0.03405,1.90495,0.0631,0.0080,0.0931,0.0000,0.0000,0.0000,146.92,8.82,-126.12,1,1,0.0000,0.0000,0.3500,-90.00,0.7600,0.4200,1.0000,8.00,180.00,10.000000,0.250000,0.000000,1.200000,0.000000,0.000000,1.200000,0.000000,0.000000,0.900000,0.000000,0.000000,0.850000,0.040000,0.000000,0.008000,0.000000,0.000600,0.008000,0.000000,0.000600,0.006000,0.000000,0.000000,1,1,1,450,232,421,421,420,0,0,60.00,12961,3148,421,0,0,0,12961,500.00,500.00,9,2973,0.0000,0.4620,0.5430,0.8320,0.0890
2026-04-28T17:30:12.364,7.515,1,0.30,1.29,0.00,0.00,1,-0.0631,-0.0079,0.2569,0.0000,0.0000,0.0000,123.07,0.71,1,4.200,4.200,0.800,37,87,0,0.000,0.7600,0.0000,53.79,61.87,451,451,1.00000,1.00000,1.00000,1.00000,0.00000,3,3,0,1,23.64954,0.03408,1.90556,0.0631,0.0079,0.0931,0.0000,0.0000,0.0000,146.93,8.80,-126.14,1,1,0.0000,0.0000,0.3500,-90.00,0.7600,0.4200,1.0000,8.00,180.00,10.000000,0.250000,0.000000,1.200000,0.000000,0.000000,1.200000,0.000000,0.000000,0.900000,0.000000,0.000000,0.850000,0.040000,0.000000,0.008000,0.000000,0.000600,0.008000,0.000000,0.000600,0.006000,0.000000,0.000000,1,1,1,451,231,421,421,420,0,0,60.00,12961,3148,421,0,0,0,12961,500.00,500.00,9,2973,0.0000,0.4620,0.5430,0.8320,0.0890
2026-04-28T17:30:12.384,7.535,1,0.30,1.29,0.00,0.00,1,-0.0630,-0.0080,0.2570,0.0000,0.0000,0.0000,123.03,2.45,1,4.200,4.200,0.800,37,87,0,0.000,0.7600,0.0000,75.15,58.11,452,452,1.00000,1.00000,1.00000,1.00000,0.00000,3,3,0,1,23.62558,0.03398,1.90313,0.0630,0.0080,0.0930,0.0000,0.0000,0.0000,146.97,8.82,-126.13,1,1,0.0000,0.0000,0.3500,-90.00,0.7600,0.4200,1.0000,8.00,180.00,10.000000,0.250000,0.000000,1.200000,0.000000,0.000000,1.200000,0.000000,0.000000,0.900000,0.000000,0.000000,0.850000,0.040000,0.000000,0.008000,0.000000,0.000600,0.008000,0.000000,0.000600,0.006000,0.000000,0.000000,1,1,1,452,232,421,421,420,0,0,60.00,12961,3148,421,0,0,0,12961,500.00,500.00,9,2973,0.0000,0.4620,0.5430,0.8320,0.0890
2026-04-28T17:30:12.399,7.550,1,0.30,1.29,0.00,0.00,1,-0.0631,-0.0078,0.2570,0.0000,0.0000,0.0000,123.05,-1.33,1,4.200,4.200,0.800,37,87,0,0.000,0.7600,0.0000,53.59,60.37,453,453,1.00000,1.00000,1.00000,1.00000,0.00000,3,3,0,1,23.61790,0.03394,1.90158,0.0631,0.0078,0.0930,0.0000,0.0000,0.0000,146.95,8.79,-126.16,1,1,0.0000,0.0000,0.3500,-90.00,0.7600,0.4200,1.0000,8.00,180.00,10.000000,0.250000,0.000000,1.200000,0.000000,0.000000,1.200000,0.000000,0.000000,0.900000,0.000000,0.000000,0.850000,0.040000,0.000000,0.008000,0.000000,0.000600,0.008000,0.000000,0.000600,0.006000,0.000000,0.000000,1,1,1,453,232,421,421,420,0,0,60.00,12961,3148,451,0,0,0,12991,330.80,330.80,12,1319,0.0000,0.4620,0.5440,0.8320,0.0890
2026-04-28T17:30:12.415,7.566,1,0.30,1.29,0.00,0.00,1,-0.0631,-0.0079,0.2571,0.0000,0.0000,0.0000,123.05,0.00,1,4.200,4.200,0.800,37,87,0,0.000,0.7600,0.0000,61.16,61.95,454,454,1.00000,1.00000,1.00000,1.00000,0.00000,3,3,0,1,23.59711,0.03393,1.90139,0.0631,0.0079,0.0929,0.0000,0.0000,0.0000,146.95,8.79,-126.15,1,1,0.0000,0.0000,0.3500,-90.00,0.7600,0.4200,1.0000,8.00,180.00,10.000000,0.250000,0.000000,1.200000,0.000000,0.000000,1.200000,0.000000,0.000000,0.900000,0.000000,0.000000,0.850000,0.040000,0.000000,0.008000,0.000000,0.000600,0.008000,0.000000,0.000600,0.006000,0.000000,0.000000,1,1,1,454,232,421,421,420,0,0,60.00,12961,3148,451,0,0,0,12991,330.80,330.80,12,1319,0.0000,0.4620,0.5440,0.8320,0.0890
2026-04-28T17:30:12.432,7.583,1,0.30,1.29,0.00,0.00,1,-0.0631,-0.0080,0.2572,0.0000,0.0000,0.0000,123.05,0.00,1,4.200,4.200,0.800,37,87,0,0.000,0.7600,0.0000,62.57,61.21,455,455,1.00000,1.00000,1.00000,1.00000,0.00000,3,3,0,1,23.59711,0.03393,1.90139,0.0631,0.0080,0.0928,0.0000,0.0000,0.0000,146.95,8.78,-126.14,1,1,0.0000,0.0000,0.3500,-90.00,0.7600,0.4200,1.0000,8.00,180.00,10.000000,0.250000,0.000000,1.200000,0.000000,0.000000,1.200000,0.000000,0.000000,0.900000,0.000000,0.000000,0.850000,0.040000,0.000000,0.008000,0.000000,0.000600,0.008000,0.000000,0.000600,0.006000,0.000000,0.000000,1,1,1,455,232,421,421,420,0,0,60.00,12961,3148,451,0,0,0,12991,330.80,330.80,12,1319,0.0000,0.4620,0.5440,0.8320,0.0890
2026-04-28T17:30:12.448,7.599,1,0.30,1.29,0.00,0.00,1,-0.0631,-0.0079,0.2570,0.0000,0.0000,0.0000,123.07,-1.17,1,4.200,4.200,0.800,38,87,0,0.000,0.7600,0.0000,59.48,59.08,456,456,1.00000,1.00000,1.00000,1.00000,0.00000,3,3,0,1,23.64528,0.03412,1.90491,0.0631,0.0079,0.0930,0.0000,0.0000,0.0000,146.93,8.78,-126.15,1,1,0.0000,0.0000,0.3500,-90.00,0.7600,0.4200,1.0000,8.00,180.00,10.000000,0.250000,0.000000,1.200000,0.000000,0.000000,1.200000,0.000000,0.000000,0.900000,0.000000,0.000000,0.850000,0.040000,0.000000,0.008000,0.000000,0.000600,0.008000,0.000000,0.000600,0.006000,0.000000,0.000000,1,1,1,456,232,421,421,420,0,0,60.00,12961,3148,451,0,0,0,12991,330.80,330.80,12,1319,0.0000,0.4620,0.5440,0.8320,0.0890
2026-04-28T17:30:12.465,7.616,1,0.30,1.29,0.00,0.00,1,-0.0631,-0.0080,0.2571,0.0000,0.0000,0.0000,123.06,0.64,1,4.200,4.200,0.800,38,87,0,0.000,0.7600,0.0000,65.89,59.92,457,457,1.00000,1.00000,1.00000,1.00000,0.00000,3,3,0,1,23.59711,0.03393,1.90139,0.0631,0.0080,0.0929,0.0000,0.0000,0.0000,146.94,8.78,-126.15,1,1,0.0000,0.0000,0.3500,-90.00,0.7600,0.4200,1.0000,8.00,180.00,10.000000,0.250000,0.000000,1.200000,0.000000,0.000000,1.200000,0.000000,0.000000,0.900000,0.000000,0.000000,0.850000,0.040000,0.000000,0.008000,0.000000,0.000600,0.008000,0.000000,0.000600,0.006000,0.000000,0.000000,1,1,1,457,232,421,421,420,0,0,60.00,12961,3148,451,0,0,0,12991,330.80,330.80,12,1319,0.0000,0.4620,0.5440,0.8320,0.0890
2026-04-28T17:30:12.483,7.634,1,0.30,1.29,0.00,0.00,1,-0.0630,-0.0078,0.2571,0.0000,0.0000,0.0000,123.08,-1.11,1,4.200,4.200,0.800,38,87,0,0.000,0.7600,0.0000,55.40,58.61,458,458,1.00000,1.00000,1.00000,1.00000,0.00000,3,3,0,1,23.62799,0.03381,1.89956,0.0630,0.0078,0.0929,0.0000,0.0000,0.0000,146.92,8.78,-126.12,1,1,0.0000,0.0000,0.3500,-90.00,0.7600,0.4200,1.0000,8.00,180.00,10.000000,0.250000,0.000000,1.200000,0.000000,0.000000,1.200000,0.000000,0.000000,0.900000,0.000000,0.000000,0.850000,0.040000,0.000000,0.008000,0.000000,0.000600,0.008000,0.000000,0.000600,0.006000,0.000000,0.000000,1,1,1,458,232,421,421,420,0,0,60.00,12961,3148,451,0,0,0,12991,330.80,330.80,12,1319,0.0000,0.4620,0.5440,0.8320,0.0890
2026-04-28T17:30:12.498,7.649,1,0.30,1.29,0.00,0.00,1,-0.0630,-0.0079,0.2570,0.0000,0.0000,0.0000,123.07,0.66,1,4.200,4.200,0.800,38,87,0,0.000,0.7600,0.0000,53.74,59.61,459,459,1.00000,1.00000,1.00000,1.00000,0.00000,3,3,0,1,23.63129,0.03405,1.90497,0.0630,0.0079,0.0930,0.0000,0.0000,0.0000,146.93,8.80,-126.12,1,1,0.0000,0.0000,0.3500,-90.00,0.7600,0.4200,1.0000,8.00,180.00,10.000000,0.250000,0.000000,1.200000,0.000000,0.000000,1.200000,0.000000,0.000000,0.900000,0.000000,0.000000,0.850000,0.040000,0.000000,0.008000,0.000000,0.000600,0.008000,0.000000,0.000600,0.006000,0.000000,0.000000,1,1,1,459,231,421,421,420,0,0,60.00,12961,3148,451,0,0,0,12991,330.80,330.80,12,1319,0.0000,0.4620,0.5440,0.8320,0.0890
2026-04-28T17:30:12.518,7.669,1,0.30,1.29,0.00,0.00,1,-0.0631,-0.0079,0.2571,0.0000,0.0000,0.0000,123.06,0.49,1,4.200,4.200,0.800,38,87,0,0.000,0.7600,0.0000,65.85,60.56,460,460,1.00000,1.00000,1.00000,1.00000,0.00000,3,3,0,1,23.62506,0.03400,1.90339,0.0631,0.0079,0.0929,0.0000,0.0000,0.0000,146.94,8.78,-126.15,1,1,0.0000,0.0000,0.3500,-90.00,0.7600,0.4200,1.0000,8.00,180.00,10.000000,0.250000,0.000000,1.200000,0.000000,0.000000,1.200000,0.000000,0.000000,0.900000,0.000000,0.000000,0.850000,0.040000,0.000000,0.008000,0.000000,0.000600,0.008000,0.000000,0.000600,0.006000,0.000000,0.000000,1,1,1,460,232,421,421,420,0,0,60.00,12961,3148,451,0,0,0,12991,330.80,330.80,12,1319,0.0000,0.4620,0.5440,0.8320,0.0890
2026-04-28T17:30:12.534,7.685,1,0.30,1.29,0.00,0.00,1,-0.0631,-0.0080,0.2569,0.0000,0.0000,0.0000,123.04,1.27,1,4.200,4.200,0.800,38,87,0,0.000,0.7600,0.0000,51.82,59.67,461,461,1.00000,1.00000,1.00000,1.00000,0.00000,3,3,0,1,23.65912,0.03407,1.90576,0.0631,0.0080,0.0931,0.0000,0.0000,0.0000,146.96,8.79,-126.17,1,1,0.0000,0.0000,0.3500,-90.00,0.7600,0.4200,1.0000,8.00,180.00,10.000000,0.250000,0.000000,1.200000,0.000000,0.000000,1.200000,0.000000,0.000000,0.900000,0.000000,0.000000,0.850000,0.040000,0.000000,0.008000,0.000000,0.000600,0.008000,0.000000,0.000600,0.006000,0.000000,0.000000,1,1,1,461,232,421,421,420,0,0,60.00,12961,3148,451,0,0,0,12991,330.80,330.80,12,1319,0.0000,0.4620,0.5440,0.8320,0.0890
2026-04-28T17:30:12.549,7.700,1,0.30,1.29,0.00,0.00,1,-0.0630,-0.0080,0.2569,0.0000,0.0000,0.0000,123.05,-0.62,1,4.200,4.200,0.800,38,87,0,0.000,0.7600,0.0000,56.83,58.67,462,462,1.00000,1.00000,1.00000,1.00000,0.00000,3,3,0,1,23.61622,0.03399,1.90231,0.0630,0.0080,0.0931,0.0000,0.0000,0.0000,146.95,8.83,-126.15,1,1,0.0000,0.0000,0.3500,-90.00,0.7600,0.4200,1.0000,8.00,180.00,10.000000,0.250000,0.000000,1.200000,0.000000,0.000000,1.200000,0.000000,0.000000,0.900000,0.000000,0.000000,0.850000,0.040000,0.000000,0.008000,0.000000,0.000600,0.008000,0.000000,0.000600,0.006000,0.000000,0.000000,1,1,1,462,232,421,421,420,0,0,60.00,12961,3148,451,0,0,0,12991,330.80,330.80,12,1319,0.0000,0.4620,0.5440,0.8320,0.0890
2026-04-28T17:30:12.565,7.716,1,0.30,1.29,0.00,0.00,1,-0.0630,-0.0080,0.2570,0.0000,0.0000,0.0000,123.02,1.91,1,4.200,4.200,0.800,38,87,0,0.000,0.7600,0.0000,69.67,62.51,463,463,1.00000,1.00000,1.00000,1.00000,0.00000,3,3,0,1,23.62602,0.03400,1.90342,0.0630,0.0080,0.0930,0.0000,0.0000,0.0000,146.98,8.84,-126.14,1,1,0.0000,0.0000,0.3500,-90.00,0.7600,0.4200,1.0000,8.00,180.00,10.000000,0.250000,0.000000,1.200000,0.000000,0.000000,1.200000,0.000000,0.000000,0.900000,0.000000,0.000000,0.850000,0.040000,0.000000,0.008000,0.000000,0.000600,0.008000,0.000000,0.000600,0.006000,0.000000,0.000000,1,1,1,463,232,421,421,420,0,0,60.00,12961,3148,451,0,0,0,12991,330.80,330.80,12,1319,0.0000,0.4620,0.5440,0.8320,0.0890
2026-04-28T17:30:12.585,7.735,1,0.30,1.29,0.00,0.00,1,-0.0630,-0.0080,0.2570,0.0000,0.0000,0.0000,123.01,0.55,1,4.200,4.200,0.800,38,87,0,0.000,0.7600,0.0000,73.07,56.76,464,464,1.00000,1.00000,1.00000,1.00000,0.00000,3,3,0,1,23.65399,0.03408,1.90542,0.0630,0.0080,0.0930,0.0000,0.0000,0.0000,146.99,8.83,-126.15,1,1,0.0000,0.0000,0.3500,-90.00,0.7600,0.4200,1.0000,8.00,180.00,10.000000,0.250000,0.000000,1.200000,0.000000,0.000000,1.200000,0.000000,0.000000,0.900000,0.000000,0.000000,0.850000,0.040000,0.000000,0.008000,0.000000,0.000600,0.008000,0.000000,0.000600,0.006000,0.000000,0.000000,1,1,1,464,232,421,421,420,0,0,60.00,12961,3148,451,0,0,0,12991,330.80,330.80,12,1319,0.0000,0.4620,0.5440,0.8320,0.0890
2026-04-28T17:30:12.601,7.752,1,0.30,1.29,0.00,0.00,1,-0.0630,-0.0079,0.2571,0.0000,0.0000,0.0000,123.04,-1.75,1,4.200,4.200,0.800,38,87,0,0.000,0.7600,0.0000,50.72,60.10,465,465,1.00000,1.00000,1.00000,1.00000,0.00000,3,3,0,1,23.61714,0.03387,1.89874,0.0630,0.0079,0.0929,0.0000,0.0000,0.0000,146.96,8.83,-126.17,1,1,0.0000,0.0000,0.3500,-90.00,0.7600,0.4200,1.0000,8.00,180.00,10.000000,0.250000,0.000000,1.200000,0.000000,0.000000,1.200000,0.000000,0.000000,0.900000,0.000000,0.000000,0.850000,0.040000,0.000000,0.008000,0.000000,0.000600,0.008000,0.000000,0.000600,0.006000,0.000000,0.000000,1,1,1,465,232,421,421,420,0,0,60.00,12961,3148,451,0,0,0,12991,330.80,330.80,12,1319,0.0000,0.4620,0.5440,0.8320,0.0890
2026-04-28T17:30:12.614,7.765,1,0.30,1.29,0.00,0.00,1,-0.0631,-0.0077,0.2571,0.0000,0.0000,0.0000,123.15,-7.79,1,4.200,4.200,0.800,38,87,0,0.000,0.7600,0.0000,56.56,63.53,466,466,1.00000,1.00000,1.00000,1.00000,0.00000,3,3,0,1,23.59598,0.03405,1.90153,0.0631,0.0077,0.0929,0.0000,0.0000,0.0000,146.85,8.76,-126.15,1,1,0.0000,0.0000,0.3500,-90.00,0.7600,0.4200,1.0000,8.00,180.00,10.000000,0.250000,0.000000,1.200000,0.000000,0.000000,1.200000,0.000000,0.000000,0.900000,0.000000,0.000000,0.850000,0.040000,0.000000,0.008000,0.000000,0.000600,0.008000,0.000000,0.000600,0.006000,0.000000,0.000000,1,1,1,466,232,421,421,420,0,0,60.00,12961,3148,451,0,0,0,12991,330.80,330.80,12,1319,0.0000,0.4620,0.5440,0.8320,0.0890
2026-04-28T17:30:12.632,7.783,1,0.30,1.29,0.00,0.00,1,-0.0631,-0.0077,0.2571,0.0000,0.0000,0.0000,123.16,-0.60,1,4.200,4.200,0.800,38,87,0,0.000,0.7600,0.0000,63.68,60.42,467,467,1.00000,1.00000,1.00000,1.00000,0.00000,3,3,0,1,23.63392,0.03410,1.90424,0.0631,0.0077,0.0929,0.0000,0.0000,0.0000,146.84,8.74,-126.13,1,1,0.0000,0.0000,0.3500,-90.00,0.7600,0.4200,1.0000,8.00,180.00,10.000000,0.250000,0.000000,1.200000,0.000000,0.000000,1.200000,0.000000,0.000000,0.900000,0.000000,0.000000,0.850000,0.040000,0.000000,0.008000,0.000000,0.000600,0.008000,0.000000,0.000600,0.006000,0.000000,0.000000,1,1,1,467,232,421,421,420,0,0,60.00,12961,3148,451,0,0,0,12991,330.80,330.80,12,1319,0.0000,0.4620,0.5440,0.8320,0.0890
2026-04-28T17:30:12.652,7.803,1,0.30,1.29,0.00,0.00,1,-0.0630,-0.0079,0.2570,0.0000,0.0000,0.0000,123.10,3.04,1,4.200,4.200,0.800,38,87,0,0.000,0.7600,0.0000,66.55,59.11,468,468,1.00000,1.00000,1.00000,1.00000,0.00000,3,3,0,1,23.61622,0.03399,1.90231,0.0630,0.0079,0.0930,0.0000,0.0000,0.0000,146.90,8.80,-126.14,1,1,0.0000,0.0000,0.3500,-90.00,0.7600,0.4200,1.0000,8.00,180.00,10.000000,0.250000,0.000000,1.200000,0.000000,0.000000,1.200000,0.000000,0.000000,0.900000,0.000000,0.000000,0.850000,0.040000,0.000000,0.008000,0.000000,0.000600,0.008000,0.000000,0.000600,0.006000,0.000000,0.000000,1,1,1,468,230,421,421,420,0,0,60.00,12961,3148,451,0,0,0,12991,330.80,330.80,12,1319,0.0000,0.4620,0.5440,0.8320,0.0890
2026-04-28T17:30:12.663,7.814,1,0.30,1.29,0.00,0.00,1,-0.0631,-0.0080,0.2572,0.0000,0.0000,0.0000,123.07,2.37,1,4.200,4.200,0.800,38,87,0,0.000,0.7600,0.0000,50.59,59.69,469,469,1.00000,1.00000,1.00000,1.00000,0.00000,3,3,0,1,23.58893,0.03379,1.89843,0.0631,0.0080,0.0928,0.0000,0.0000,0.0000,146.93,8.76,-126.13,1,1,0.0000,0.0000,0.3500,-90.00,0.7600,0.4200,1.0000,8.00,180.00,10.000000,0.250000,0.000000,1.200000,0.000000,0.000000,1.200000,0.000000,0.000000,0.900000,0.000000,0.000000,0.850000,0.040000,0.000000,0.008000,0.000000,0.000600,0.008000,0.000000,0.000600,0.006000,0.000000,0.000000,1,1,1,469,232,421,421,420,0,0,60.00,12961,3148,451,0,0,0,12991,330.80,330.80,12,1319,0.0000,0.4620,0.5440,0.8320,0.0890
2026-04-28T17:30:12.681,7.832,1,0.30,1.29,0.00,0.00,1,-0.0630,-0.0080,0.2572,0.0000,0.0000,0.0000,123.07,0.00,1,4.200,4.200,0.800,38,87,0,0.000,0.7600,0.0000,94.02,61.15,470,470,1.00000,1.00000,1.00000,1.00000,0.00000,3,3,0,1,23.64698,0.03395,1.90216,0.0630,0.0080,0.0928,0.0000,0.0000,0.0000,146.93,8.78,-126.14,1,1,0.0000,0.0000,0.3500,-90.00,0.7600,0.4200,1.0000,8.00,180.00,10.000000,0.250000,0.000000,1.200000,0.000000,0.000000,1.200000,0.000000,0.000000,0.900000,0.000000,0.000000,0.850000,0.040000,0.000000,0.008000,0.000000,0.000600,0.008000,0.000000,0.000600,0.006000,0.000000,0.000000,1,1,1,470,232,421,421,420,0,0,60.00,12961,3148,451,0,0,0,12991,330.80,330.80,12,1319,0.0000,0.4620,0.5440,0.8320,0.0890
2026-04-28T17:30:12.698,7.849,1,0.30,1.29,0.00,0.00,1,-0.0631,-0.0080,0.2571,0.0000,0.0000,0.0000,123.07,0.00,1,4.200,4.200,0.800,38,87,0,0.000,0.7600,0.0000,52.36,59.17,471,471,1.00000,1.00000,1.00000,1.00000,0.00000,3,3,0,1,23.61911,0.03410,1.90347,0.0631,0.0080,0.0929,0.0000,0.0000,0.0000,146.93,8.81,-126.14,1,1,0.0000,0.0000,0.3500,-90.00,0.7600,0.4200,1.0000,8.00,180.00,10.000000,0.250000,0.000000,1.200000,0.000000,0.000000,1.200000,0.000000,0.000000,0.900000,0.000000,0.000000,0.850000,0.040000,0.000000,0.008000,0.000000,0.000600,0.008000,0.000000,0.000600,0.006000,0.000000,0.000000,1,1,1,471,232,421,421,420,0,0,60.00,12961,3148,451,0,0,0,12991,330.80,330.80,12,1319,0.0000,0.4620,0.5440,0.8320,0.0890
2026-04-28T17:30:12.716,7.866,1,0.30,1.29,0.00,0.00,1,-0.0631,-0.0078,0.2570,0.0000,0.0000,0.0000,123.12,-2.94,1,4.200,4.200,0.800,38,87,0,0.000,0.7600,0.0000,59.22,59.57,472,472,1.00000,1.00000,1.00000,1.00000,0.00000,3,3,0,1,23.62859,0.03409,1.90299,0.0631,0.0078,0.0930,0.0000,0.0000,0.0000,146.88,8.79,-126.13,1,1,0.0000,0.0000,0.3500,-90.00,0.7600,0.4200,1.0000,8.00,180.00,10.000000,0.250000,0.000000,1.200000,0.000000,0.000000,1.200000,0.000000,0.000000,0.900000,0.000000,0.000000,0.850000,0.040000,0.000000,0.008000,0.000000,0.000600,0.008000,0.000000,0.000600,0.006000,0.000000,0.000000,1,1,1,472,232,421,421,420,0,0,60.00,12961,3148,451,0,0,0,12991,330.80,330.80,12,1319,0.0000,0.4620,0.5440,0.8320,0.0890
2026-04-28T17:30:12.731,7.882,1,0.30,1.29,0.00,0.00,1,-0.0631,-0.0077,0.2570,0.0000,0.0000,0.0000,123.13,-0.64,1,4.200,4.200,0.800,38,87,0,0.000,0.7600,0.0000,58.11,60.47,473,473,1.00000,1.00000,1.00000,1.00000,0.00000,3,3,0,1,23.65235,0.03396,1.90117,0.0631,0.0077,0.0930,0.0000,0.0000,0.0000,146.87,8.78,-126.13,1,1,0.0000,0.0000,0.3500,-90.00,0.7600,0.4200,1.0000,8.00,180.00,10.000000,0.250000,0.000000,1.200000,0.000000,0.000000,1.200000,0.000000,0.000000,0.900000,0.000000,0.000000,0.850000,0.040000,0.000000,0.008000,0.000000,0.000600,0.008000,0.000000,0.000600,0.006000,0.000000,0.000000,1,1,1,473,232,421,421,420,0,0,60.00,12961,3148,451,0,0,0,12991,330.80,330.80,12,1319,0.0000,0.4620,0.5440,0.8320,0.0890
2026-04-28T17:30:12.748,7.899,1,0.30,1.29,0.00,0.00,1,-0.0631,-0.0077,0.2570,0.0000,0.0000,0.0000,123.14,-0.56,1,4.200,4.200,0.800,38,87,0,0.000,0.7600,0.0000,64.79,64.91,474,474,1.00000,1.00000,1.00000,1.00000,0.00000,3,3,0,1,23.62859,0.03409,1.90299,0.0631,0.0077,0.0930,0.0000,0.0000,0.0000,146.86,8.78,-126.13,1,1,0.0000,0.0000,0.3500,-90.00,0.7600,0.4200,1.0000,8.00,180.00,10.000000,0.250000,0.000000,1.200000,0.000000,0.000000,1.200000,0.000000,0.000000,0.900000,0.000000,0.000000,0.850000,0.040000,0.000000,0.008000,0.000000,0.000600,0.008000,0.000000,0.000600,0.006000,0.000000,0.000000,1,1,1,474,232,421,421,420,0,0,60.00,12961,3148,451,0,0,0,12991,330.80,330.80,12,1319,0.0000,0.4620,0.5440,0.8320,0.0890
2026-04-28T17:30:12.765,7.916,1,0.30,1.29,0.00,0.00,1,-0.0631,-0.0078,0.2570,0.0000,0.0000,0.0000,123.11,1.90,1,4.200,4.200,0.800,38,87,0,0.000,0.7600,0.0000,58.31,55.25,475,475,1.00000,1.00000,1.00000,1.00000,0.00000,3,3,0,1,23.64764,0.03382,1.90388,0.0631,0.0078,0.0930,0.0000,0.0000,0.0000,146.89,8.71,-126.16,1,1,0.0000,0.0000,0.3500,-90.00,0.7600,0.4200,1.0000,8.00,180.00,10.000000,0.250000,0.000000,1.200000,0.000000,0.000000,1.200000,0.000000,0.000000,0.900000,0.000000,0.000000,0.850000,0.040000,0.000000,0.008000,0.000000,0.000600,0.008000,0.000000,0.000600,0.006000,0.000000,0.000000,1,1,1,475,232,421,421,420,0,0,60.00,12961,3148,451,0,0,0,12991,330.80,330.80,12,1319,0.0000,0.4620,0.5440,0.8320,0.0890
2026-04-28T17:30:12.781,7.932,1,0.30,1.29,0.00,0.00,1,-0.0630,-0.0078,0.2571,0.0000,0.0000,0.0000,123.13,-1.16,1,4.200,4.200,0.800,38,87,0,0.000,0.7600,0.0000,59.59,59.83,476,476,1.00000,1.00000,1.00000,1.00000,0.00000,3,3,0,1,23.57610,0.03394,1.89881,0.0630,0.0078,0.0929,0.0000,0.0000,0.0000,146.87,8.75,-126.13,1,1,0.0000,0.0000,0.3500,-90.00,0.7600,0.4200,1.0000,8.00,180.00,10.000000,0.250000,0.000000,1.200000,0.000000,0.000000,1.200000,0.000000,0.000000,0.900000,0.000000,0.000000,0.850000,0.040000,0.000000,0.008000,0.000000,0.000600,0.008000,0.000000,0.000600,0.006000,0.000000,0.000000,1,1,1,476,232,421,421,420,0,0,60.00,12961,3148,451,0,0,0,12991,330.80,330.80,12,1319,0.0000,0.4620,0.5440,0.8320,0.0890
2026-04-28T17:30:12.799,7.950,1,0.30,1.29,0.00,0.00,1,-0.0631,-0.0078,0.2572,0.0000,0.0000,0.0000,123.19,-3.25,1,4.200,4.200,0.800,38,87,0,0.000,0.7600,0.0000,67.22,56.90,477,477,1.00000,1.00000,1.00000,1.00000,0.00000,3,3,0,1,23.58847,0.03398,1.90016,0.0631,0.0078,0.0928,0.0000,0.0000,0.0000,146.81,8.70,-126.11,1,1,0.0000,0.0000,0.3500,-90.00,0.7600,0.4200,1.0000,8.00,180.00,10.000000,0.250000,0.000000,1.200000,0.000000,0.000000,1.200000,0.000000,0.000000,0.900000,0.000000,0.000000,0.850000,0.040000,0.000000,0.008000,0.000000,0.000600,0.008000,0.000000,0.000600,0.006000,0.000000,0.000000,1,1,1,477,231,421,421,420,0,0,60.00,12961,3148,451,0,0,0,12991,330.80,330.80,12,1319,0.0000,0.4620,0.5440,0.8320,0.0890
2026-04-28T17:30:12.815,7.966,1,0.30,1.29,0.00,0.00,1,-0.0630,-0.0078,0.2573,0.0000,0.0000,0.0000,123.18,0.70,1,4.200,4.200,0.800,38,87,0,0.000,0.7600,0.0000,48.91,63.72,478,478,1.00000,1.00000,1.00000,1.00000,0.00000,3,3,0,1,23.60686,0.03390,1.89866,0.0630,0.0078,0.0927,0.0000,0.0000,0.0000,146.82,8.71,-126.12,1,1,0.0000,0.0000,0.3500,-90.00,0.7600,0.4200,1.0000,8.00,180.00,10.000000,0.250000,0.000000,1.200000,0.000000,0.000000,1.200000,0.000000,0.000000,0.900000,0.000000,0.000000,0.850000,0.040000,0.000000,0.008000,0.000000,0.000600,0.008000,0.000000,0.000600,0.006000,0.000000,0.000000,1,1,1,478,232,421,421,420,0,0,60.00,12961,3148,451,0,0,0,12991,330.80,330.80,12,1319,0.0000,0.4620,0.5440,0.8320,0.0890
2026-04-28T17:30:12.832,7.983,1,0.30,1.29,0.00,0.00,1,-0.0631,-0.0077,0.2572,0.0000,0.0000,0.0000,123.17,0.57,1,4.200,4.200,0.800,38,87,0,0.000,0.7600,0.0000,67.90,60.25,479,479,1.00000,1.00000,1.00000,1.00000,0.00000,3,3,0,1,23.60761,0.03397,1.90150,0.0631,0.0077,0.0928,0.0000,0.0000,0.0000,146.83,8.68,-126.12,1,1,0.0000,0.0000,0.3500,-90.00,0.7600,0.4200,1.0000,8.00,180.00,10.000000,0.250000,0.000000,1.200000,0.000000,0.000000,1.200000,0.000000,0.000000,0.900000,0.000000,0.000000,0.850000,0.040000,0.000000,0.008000,0.000000,0.000600,0.008000,0.000000,0.000600,0.006000,0.000000,0.000000,1,1,1,479,232,421,421,420,0,0,60.00,12961,3148,451,0,0,0,12991,330.80,330.80,12,1319,0.0000,0.4620,0.5440,0.8320,0.0890
2026-04-28T17:30:12.848,7.998,1,0.30,1.29,0.00,0.00,1,-0.0630,-0.0078,0.2569,0.0000,0.0000,0.0000,123.09,4.94,1,4.200,4.200,0.800,38,87,0,0.000,0.7600,0.0000,57.54,59.87,480,480,1.00000,1.00000,1.00000,1.00000,0.00000,3,3,0,1,23.64821,0.03404,1.90389,0.0630,0.0078,0.0931,0.0000,0.0000,0.0000,146.91,8.77,-126.15,1,1,0.0000,0.0000,0.3500,-90.00,0.7600,0.4200,1.0000,8.00,180.00,10.000000,0.250000,0.000000,1.200000,0.000000,0.000000,1.200000,0.000000,0.000000,0.900000,0.000000,0.000000,0.850000,0.040000,0.000000,0.008000,0.000000,0.000600,0.008000,0.000000,0.000600,0.006000,0.000000,0.000000,1,1,1,480,232,421,421,420,0,0,60.00,12961,3148,451,0,0,0,12991,330.80,330.80,12,1319,0.0000,0.4620,0.5440,0.8320,0.0890
2026-04-28T17:30:12.865,8.016,1,0.30,1.29,0.00,0.00,1,-0.0631,-0.0077,0.2571,0.0000,0.0000,0.0000,123.12,-1.76,1,4.200,4.200,0.800,38,87,0,0.000,0.7600,0.0000,70.35,61.18,481,481,1.00000,1.00000,1.00000,1.00000,0.00000,3,3,0,1,23.64988,0.03405,1.90108,0.0631,0.0077,0.0929,0.0000,0.0000,0.0000,146.88,8.78,-126.14,1,1,0.0000,0.0000,0.3500,-90.00,0.7600,0.4200,1.0000,8.00,180.00,10.000000,0.250000,0.000000,1.200000,0.000000,0.000000,1.200000,0.000000,0.000000,0.900000,0.000000,0.000000,0.850000,0.040000,0.000000,0.008000,0.000000,0.000600,0.008000,0.000000,0.000600,0.006000,0.000000,0.000000,1,1,1,481,232,421,421,420,0,0,60.00,12961,3148,451,0,0,0,12991,330.80,330.80,12,1319,0.0000,0.4620,0.5440,0.8320,0.0890
2026-04-28T17:30:12.882,8.033,1,0.30,1.29,0.00,0.00,1,-0.0630,-0.0078,0.2569,0.0000,0.0000,0.0000,123.07,3.01,1,4.200,4.200,0.800,38,87,0,0.000,0.7600,0.0000,53.34,58.92,482,482,1.00000,1.00000,1.00000,1.00000,0.00000,3,3,0,1,23.64821,0.03404,1.90389,0.0630,0.0078,0.0931,0.0000,0.0000,0.0000,146.93,8.82,-126.16,1,1,0.0000,0.0000,0.3500,-90.00,0.7600,0.4200,1.0000,8.00,180.00,10.000000,0.250000,0.000000,1.200000,0.000000,0.000000,1.200000,0.000000,0.000000,0.900000,0.000000,0.000000,0.850000,0.040000,0.000000,0.008000,0.000000,0.000600,0.008000,0.000000,0.000600,0.006000,0.000000,0.000000,1,1,1,482,232,421,421,420,0,0,60.00,12961,3148,451,0,0,0,12991,330.80,330.80,12,1319,0.0000,0.4620,0.5440,0.8320,0.0890
2026-04-28T17:30:12.898,8.048,1,0.30,1.29,0.00,0.00,1,-0.0630,-0.0079,0.2569,0.0000,0.0000,0.0000,123.06,0.60,1,4.200,4.200,0.800,38,87,0,0.000,0.7600,0.0000,59.21,60.16,483,483,1.00000,1.00000,1.00000,1.00000,0.00000,3,3,0,1,23.61441,0.03394,1.90175,0.0630,0.0079,0.0931,0.0000,0.0000,0.0000,146.94,8.82,-126.15,1,1,0.0000,0.0000,0.3500,-90.00,0.7600,0.4200,1.0000,8.00,180.00,10.000000,0.250000,0.000000,1.200000,0.000000,0.000000,1.200000,0.000000,0.000000,0.900000,0.000000,0.000000,0.850000,0.040000,0.000000,0.008000,0.000000,0.000600,0.008000,0.000000,0.000600,0.006000,0.000000,0.000000,1,1,1,483,232,421,421,420,0,0,60.00,12961,3148,481,0,0,0,13021,500.00,500.00,10,2887,0.0000,0.4610,0.5440,0.8320,0.0890
2026-04-28T17:30:12.915,8.066,1,0.30,1.29,0.00,0.00,1,-0.0630,-0.0078,0.2571,0.0000,0.0000,0.0000,123.08,-1.22,1,4.200,4.200,0.800,38,87,0,0.000,0.7600,0.0000,69.84,60.68,484,484,1.00000,1.00000,1.00000,1.00000,0.00000,3,3,0,1,23.61387,0.03402,1.90193,0.0630,0.0078,0.0929,0.0000,0.0000,0.0000,146.92,8.78,-126.14,1,1,0.0000,0.0000,0.3500,-90.00,0.7600,0.4200,1.0000,8.00,180.00,10.000000,0.250000,0.000000,1.200000,0.000000,0.000000,1.200000,0.000000,0.000000,0.900000,0.000000,0.000000,0.850000,0.040000,0.000000,0.008000,0.000000,0.000600,0.008000,0.000000,0.000600,0.006000,0.000000,0.000000,1,1,1,484,232,421,421,420,0,0,60.00,12961,3148,481,0,0,0,13021,500.00,500.00,10,2887,0.0000,0.4610,0.5440,0.8320,0.0890
2026-04-28T17:30:12.931,8.082,1,0.30,1.29,0.00,0.00,1,-0.0630,-0.0078,0.2572,0.0000,0.0000,0.0000,123.12,-2.36,1,4.200,4.200,0.800,38,87,0,0.000,0.7600,0.0000,54.25,59.12,485,485,1.00000,1.00000,1.00000,1.00000,0.00000,3,3,0,1,23.59128,0.03400,1.90146,0.0630,0.0078,0.0928,0.0000,0.0000,0.0000,146.88,8.76,-126.11,1,1,0.0000,0.0000,0.3500,-90.00,0.7600,0.4200,1.0000,8.00,180.00,10.000000,0.250000,0.000000,1.200000,0.000000,0.000000,1.200000,0.000000,0.000000,0.900000,0.000000,0.000000,0.850000,0.040000,0.000000,0.008000,0.000000,0.000600,0.008000,0.000000,0.000600,0.006000,0.000000,0.000000,1,1,1,485,232,421,421,420,0,0,60.00,12961,3148,481,0,0,0,13021,500.00,500.00,10,2887,0.0000,0.4610,0.5440,0.8320,0.0890
2026-04-28T17:30:12.949,8.100,1,0.30,1.29,0.00,0.00,1,-0.0631,-0.0079,0.2571,0.0000,0.0000,0.0000,123.09,1.77,1,4.200,4.200,0.800,38,87,0,0.000,0.7600,0.0000,59.17,59.51,486,486,1.00000,1.00000,1.00000,1.00000,0.00000,3,3,0,1,23.62506,0.03400,1.90339,0.0631,0.0079,0.0929,0.0000,0.0000,0.0000,146.91,8.75,-126.14,1,1,0.0000,0.0000,0.3500,-90.00,0.7600,0.4200,1.0000,8.00,180.00,10.000000,0.250000,0.000000,1.200000,0.000000,0.000000,1.200000,0.000000,0.000000,0.900000,0.000000,0.000000,0.850000,0.040000,0.000000,0.008000,0.000000,0.000600,0.008000,0.000000,0.000600,0.006000,0.000000,0.000000,1,1,1,486,232,421,421,420,0,0,60.00,12961,3148,481,0,0,0,13021,500.00,500.00,10,2887,0.0000,0.4610,0.5440,0.8320,0.0890
2026-04-28T17:30:12.965,8.116,1,0.30,1.29,0.00,0.00,1,-0.0630,-0.0079,0.2572,0.0000,0.0000,0.0000,123.08,0.59,1,4.200,4.200,0.800,38,87,0,0.000,0.7600,0.0000,58.51,60.66,487,487,1.00000,1.00000,1.00000,1.00000,0.00000,3,3,0,1,23.62250,0.03387,1.89999,0.0630,0.0079,0.0928,0.0000,0.0000,0.0000,146.92,8.77,-126.16,1,1,0.0000,0.0000,0.3500,-90.00,0.7600,0.4200,1.0000,8.00,180.00,10.000000,0.250000,0.000000,1.200000,0.000000,0.000000,1.200000,0.000000,0.000000,0.900000,0.000000,0.000000,0.850000,0.040000,0.000000,0.008000,0.000000,0.000600,0.008000,0.000000,0.000600,0.006000,0.000000,0.000000,1,1,1,487,232,421,421,420,0,0,60.00,12961,3148,481,0,0,0,13021,500.00,500.00,10,2887,0.0000,0.4610,0.5440,0.8320,0.0890
2026-04-28T17:30:12.981,8.132,1,0.30,1.29,0.00,0.00,1,-0.0631,-0.0079,0.2571,0.0000,0.0000,0.0000,123.07,0.62,1,4.200,4.200,0.800,38,87,0,0.000,0.7600,0.0000,67.44,60.61,488,488,1.00000,1.00000,1.00000,1.00000,0.00000,3,3,0,1,23.62506,0.03400,1.90339,0.0631,0.0079,0.0929,0.0000,0.0000,0.0000,146.93,8.76,-126.17,1,1,0.0000,0.0000,0.3500,-90.00,0.7600,0.4200,1.0000,8.00,180.00,10.000000,0.250000,0.000000,1.200000,0.000000,0.000000,1.200000,0.000000,0.000000,0.900000,0.000000,0.000000,0.850000,0.040000,0.000000,0.008000,0.000000,0.000600,0.008000,0.000000,0.000600,0.006000,0.000000,0.000000,1,1,1,488,232,421,421,420,0,0,60.00,12961,3148,481,0,0,0,13021,500.00,500.00,10,2887,0.0000,0.4610,0.5440,0.8320,0.0890
2026-04-28T17:30:12.999,8.150,1,0.30,1.29,0.00,0.00,1,-0.0630,-0.0077,0.2569,0.0000,0.0000,0.0000,123.15,-4.41,1,4.200,4.200,0.800,38,87,0,0.000,0.7600,0.0000,58.67,63.25,489,489,1.00000,1.00000,1.00000,1.00000,0.00000,3,3,0,1,23.70010,0.03405,1.90262,0.0630,0.0077,0.0931,0.0000,0.0000,0.0000,146.85,8.80,-126.16,1,1,0.0000,0.0000,0.3500,-90.00,0.7600,0.4200,1.0000,8.00,180.00,10.000000,0.250000,0.000000,1.200000,0.000000,0.000000,1.200000,0.000000,0.000000,0.900000,0.000000,0.000000,0.850000,0.040000,0.000000,0.008000,0.000000,0.000600,0.008000,0.000000,0.000600,0.006000,0.000000,0.000000,1,1,1,489,231,421,421,420,0,0,60.00,12961,3148,481,0,0,0,13021,500.00,500.00,10,2887,0.0000,0.4610,0.5440,0.8320,0.0890
2026-04-28T17:30:13.014,8.165,1,0.30,1.29,0.00,0.00,1,-0.0629,-0.0078,0.2570,0.0000,0.0000,0.0000,123.11,2.64,1,4.200,4.200,0.800,38,87,0,0.000,0.7600,0.0000,58.28,57.78,490,490,1.00000,1.00000,1.00000,1.00000,0.00000,3,3,0,1,23.60089,0.03398,1.89669,0.0629,0.0078,0.0930,0.0000,0.0000,0.0000,146.89,8.82,-126.16,1,1,0.0000,0.0000,0.3500,-90.00,0.7600,0.4200,1.0000,8.00,180.00,10.000000,0.250000,0.000000,1.200000,0.000000,0.000000,1.200000,0.000000,0.000000,0.900000,0.000000,0.000000,0.850000,0.040000,0.000000,0.008000,0.000000,0.000600,0.008000,0.000000,0.000600,0.006000,0.000000,0.000000,1,1,1,490,232,421,421,420,0,0,60.00,12961,3148,481,0,0,0,13021,500.00,500.00,10,2887,0.0000,0.4610,0.5440,0.8320,0.0890
2026-04-28T17:30:13.031,8.182,1,0.30,1.29,0.00,0.00,1,-0.0630,-0.0079,0.2570,0.0000,0.0000,0.0000,123.06,3.15,1,4.200,4.200,0.800,38,87,0,0.000,0.7600,0.0000,65.99,59.05,491,491,1.00000,1.00000,1.00000,1.00000,0.00000,3,3,0,1,23.63891,0.03403,1.90436,0.0630,0.0079,0.0930,0.0000,0.0000,0.0000,146.94,8.81,-126.17,1,1,0.0000,0.0000,0.3500,-90.00,0.7600,0.4200,1.0000,8.00,180.00,10.000000,0.250000,0.000000,1.200000,0.000000,0.000000,1.200000,0.000000,0.000000,0.900000,0.000000,0.000000,0.850000,0.040000,0.000000,0.008000,0.000000,0.000600,0.008000,0.000000,0.000600,0.006000,0.000000,0.000000,1,1,1,491,232,421,421,420,0,0,60.00,12961,3148,481,0,0,0,13021,500.00,500.00,10,2887,0.0000,0.4610,0.5440,0.8320,0.0890
2026-04-28T17:30:13.041,8.192,1,0.30,1.29,0.00,0.00,1,-0.0630,-0.0078,0.2572,0.0000,0.0000,0.0000,123.12,-5.37,1,4.200,4.200,0.800,38,87,0,0.000,0.7600,0.0000,55.85,63.48,492,492,1.00000,1.00000,1.00000,1.00000,0.00000,3,3,0,1,23.60151,0.03389,1.89741,0.0630,0.0078,0.0928,0.0000,0.0000,0.0000,146.88,8.79,-126.15,1,1,0.0000,0.0000,0.3500,-90.00,0.7600,0.4200,1.0000,8.00,180.00,10.000000,0.250000,0.000000,1.200000,0.000000,0.000000,1.200000,0.000000,0.000000,0.900000,0.000000,0.000000,0.850000,0.040000,0.000000,0.008000,0.000000,0.000600,0.008000,0.000000,0.000600,0.006000,0.000000,0.000000,1,1,1,492,232,421,421,420,0,0,60.00,12961,3148,481,0,0,0,13021,500.00,500.00,10,2887,0.0000,0.4610,0.5440,0.8320,0.0890
2026-04-28T17:30:13.058,8.209,1,0.30,1.29,0.00,0.00,1,-0.0630,-0.0080,0.2572,0.0000,0.0000,0.0000,123.06,3.61,1,4.200,4.200,0.800,38,87,0,0.000,0.7600,0.0000,56.84,60.19,493,493,1.00000,1.00000,1.00000,1.00000,0.00000,3,3,0,1,23.59865,0.03400,1.90087,0.0630,0.0080,0.0928,0.0000,0.0000,0.0000,146.94,8.81,-126.15,1,1,0.0000,0.0000,0.3500,-90.00,0.7600,0.4200,1.0000,8.00,180.00,10.000000,0.250000,0.000000,1.200000,0.000000,0.000000,1.200000,0.000000,0.000000,0.900000,0.000000,0.000000,0.850000,0.040000,0.000000,0.008000,0.000000,0.000600,0.008000,0.000000,0.000600,0.006000,0.000000,0.000000,1,1,1,493,232,421,421,420,0,0,60.00,12961,3148,481,0,0,0,13021,500.00,500.00,10,2887,0.0000,0.4610,0.5440,0.8320,0.0890
2026-04-28T17:30:13.082,8.232,1,0.30,1.29,0.00,0.00,1,-0.0630,-0.0080,0.2570,0.0000,0.0000,0.0000,123.03,1.44,1,4.200,4.200,0.800,38,87,0,0.000,0.7600,0.0000,122.50,57.58,494,494,1.00000,1.00000,1.00000,1.00000,0.00000,3,3,0,1,23.65283,0.03403,1.90453,0.0630,0.0080,0.0930,0.0000,0.0000,0.0000,146.97,8.83,-126.13,1,1,0.0000,0.0000,0.3500,-90.00,0.7600,0.4200,1.0000,8.00,180.00,10.000000,0.250000,0.000000,1.200000,0.000000,0.000000,1.200000,0.000000,0.000000,0.900000,0.000000,0.000000,0.850000,0.040000,0.000000,0.008000,0.000000,0.000600,0.008000,0.000000,0.000600,0.006000,0.000000,0.000000,1,1,1,494,232,421,421,420,0,0,60.00,12961,3148,481,0,0,0,13021,500.00,500.00,10,2887,0.0000,0.4610,0.5440,0.8320,0.0890
2026-04-28T17:30:13.099,8.249,1,0.30,1.29,0.00,0.00,1,-0.0630,-0.0079,0.2569,0.0000,0.0000,0.0000,123.02,0.53,1,4.200,4.200,0.800,38,87,0,0.000,0.7600,0.0000,42.08,58.84,495,495,1.00000,1.00000,1.00000,1.00000,0.00000,3,3,0,1,23.61838,0.03392,1.90134,0.0630,0.0079,0.0931,0.0000,0.0000,0.0000,146.98,8.84,-126.13,1,1,0.0000,0.0000,0.3500,-90.00,0.7600,0.4200,1.0000,8.00,180.00,10.000000,0.250000,0.000000,1.200000,0.000000,0.000000,1.200000,0.000000,0.000000,0.900000,0.000000,0.000000,0.850000,0.040000,0.000000,0.008000,0.000000,0.000600,0.008000,0.000000,0.000600,0.006000,0.000000,0.000000,1,1,1,495,232,421,421,420,0,0,60.00,12961,3148,481,0,0,0,13021,500.00,500.00,10,2887,0.0000,0.4610,0.5440,0.8320,0.0890
2026-04-28T17:30:13.115,8.266,1,0.30,1.29,0.00,0.00,1,-0.0630,-0.0080,0.2570,0.0000,0.0000,0.0000,123.03,-0.63,1,4.200,4.200,0.800,38,87,0,0.000,0.7600,0.0000,56.81,60.06,496,496,1.00000,1.00000,1.00000,1.00000,0.00000,3,3,0,1,23.62157,0.03400,1.90356,0.0630,0.0080,0.0930,0.0000,0.0000,0.0000,146.97,8.83,-126.13,1,1,0.0000,0.0000,0.3500,-90.00,0.7600,0.4200,1.0000,8.00,180.00,10.000000,0.250000,0.000000,1.200000,0.000000,0.000000,1.200000,0.000000,0.000000,0.900000,0.000000,0.000000,0.850000,0.040000,0.000000,0.008000,0.000000,0.000600,0.008000,0.000000,0.000600,0.006000,0.000000,0.000000,1,1,1,496,232,421,421,420,0,0,60.00,12961,3148,481,0,0,0,13021,500.00,500.00,10,2887,0.0000,0.4610,0.5440,0.8320,0.0890
2026-04-28T17:30:13.131,8.282,1,0.30,1.29,0.00,0.00,1,-0.0630,-0.0080,0.2571,0.0000,0.0000,0.0000,123.01,1.23,1,4.200,4.200,0.800,38,87,0,0.000,0.7600,0.0000,60.13,59.97,497,497,1.00000,1.00000,1.00000,1.00000,0.00000,3,3,0,1,23.60113,0.03390,1.90096,0.0630,0.0080,0.0929,0.0000,0.0000,0.0000,146.99,8.82,-126.14,1,1,0.0000,0.0000,0.3500,-90.00,0.7600,0.4200,1.0000,8.00,180.00,10.000000,0.250000,0.000000,1.200000,0.000000,0.000000,1.200000,0.000000,0.000000,0.900000,0.000000,0.000000,0.850000,0.040000,0.000000,0.008000,0.000000,0.000600,0.008000,0.000000,0.000600,0.006000,0.000000,0.000000,1,1,1,497,232,421,421,420,0,0,60.00,12961,3148,481,0,0,0,13021,500.00,500.00,10,2887,0.0000,0.4610,0.5440,0.8320,0.0890
2026-04-28T17:30:13.148,8.299,1,0.30,1.29,0.00,0.00,1,-0.0631,-0.0079,0.2569,0.0000,0.0000,0.0000,123.03,-1.14,1,4.200,4.200,0.800,38,87,0,0.000,0.7600,0.0000,62.57,59.86,498,498,1.00000,1.00000,1.00000,1.00000,0.00000,3,3,0,1,23.67148,0.03412,1.90571,0.0631,0.0079,0.0931,0.0000,0.0000,0.0000,146.97,8.84,-126.14,1,1,0.0000,0.0000,0.3500,-90.00,0.7600,0.4200,1.0000,8.00,180.00,10.000000,0.250000,0.000000,1.200000,0.000000,0.000000,1.200000,0.000000,0.000000,0.900000,0.000000,0.000000,0.850000,0.040000,0.000000,0.008000,0.000000,0.000600,0.008000,0.000000,0.000600,0.006000,0.000000,0.000000,1,1,1,498,232,421,421,420,0,0,60.00,12961,3148,481,0,0,0,13021,500.00,500.00,10,2887,0.0000,0.4610,0.5440,0.8320,0.0890
2026-04-28T17:30:13.164,8.315,1,0.30,1.29,0.00,0.00,1,-0.0631,-0.0078,0.2571,0.0000,0.0000,0.0000,123.09,-3.64,1,4.200,4.200,0.800,38,87,0,0.000,0.7600,0.0000,53.99,60.19,499,499,1.00000,1.00000,1.00000,1.00000,0.00000,3,3,0,1,23.60942,0.03402,1.90206,0.0631,0.0078,0.0929,0.0000,0.0000,0.0000,146.91,8.77,-126.13,1,1,0.0000,0.0000,0.3500,-90.00,0.7600,0.4200,1.0000,8.00,180.00,10.000000,0.250000,0.000000,1.200000,0.000000,0.000000,1.200000,0.000000,0.000000,0.900000,0.000000,0.000000,0.850000,0.040000,0.000000,0.008000,0.000000,0.000600,0.008000,0.000000,0.000600,0.006000,0.000000,0.000000,1,1,1,499,232,421,421,420,0,0,60.00,12961,3148,481,0,0,0,13021,500.00,500.00,10,2887,0.0000,0.4610,0.5440,0.8320,0.0890
2026-04-28T17:30:13.181,8.332,1,0.30,1.29,0.00,0.00,1,-0.0631,-0.0081,0.2572,0.0000,0.0000,0.0000,123.01,4.86,1,4.200,4.200,0.800,38,87,0,0.000,0.7600,0.0000,74.12,60.17,500,500,1.00000,1.00000,1.00000,1.00000,0.00000,3,3,0,1,23.57846,0.03390,1.90327,0.0631,0.0081,0.0928,0.0000,0.0000,0.0000,146.99,8.74,-126.15,1,1,0.0000,0.0000,0.3500,-90.00,0.7600,0.4200,1.0000,8.00,180.00,10.000000,0.250000,0.000000,1.200000,0.000000,0.000000,1.200000,0.000000,0.000000,0.900000,0.000000,0.000000,0.850000,0.040000,0.000000,0.008000,0.000000,0.000600,0.008000,0.000000,0.000600,0.006000,0.000000,0.000000,1,1,1,500,232,421,421,420,0,0,60.00,12961,3148,481,0,0,0,13021,500.00,500.00,10,2887,0.0000,0.4610,0.5440,0.8320,0.0890
2026-04-28T17:30:13.199,8.350,1,0.30,1.29,0.00,0.00,1,-0.0631,-0.0079,0.2571,0.0000,0.0000,0.0000,123.04,-1.73,1,4.200,4.200,0.800,38,87,0,0.000,0.7600,0.0000,54.08,59.84,501,501,1.00000,1.00000,1.00000,1.00000,0.00000,3,3,0,1,23.61971,0.03399,1.90214,0.0631,0.0079,0.0929,0.0000,0.0000,0.0000,146.96,8.77,-126.17,1,1,0.0000,0.0000,0.3500,-90.00,0.7600,0.4200,1.0000,8.00,180.00,10.000000,0.250000,0.000000,1.200000,0.000000,0.000000,1.200000,0.000000,0.000000,0.900000,0.000000,0.000000,0.850000,0.040000,0.000000,0.008000,0.000000,0.000600,0.008000,0.000000,0.000600,0.006000,0.000000,0.000000,1,1,1,501,232,421,421,420,0,0,60.00,12961,3148,481,0,0,0,13021,500.00,500.00,10,2887,0.0000,0.4610,0.5440,0.8320,0.0890
2026-04-28T17:30:13.214,8.365,1,0.30,1.29,0.00,0.00,1,-0.0631,-0.0079,0.2571,0.0000,0.0000,0.0000,123.05,-0.62,1,4.200,4.200,0.800,38,87,0,0.000,0.7600,0.0000,57.50,60.99,502,502,1.00000,1.00000,1.00000,1.00000,0.00000,3,3,0,1,23.62506,0.03400,1.90339,0.0631,0.0079,0.0929,0.0000,0.0000,0.0000,146.95,8.76,-126.17,1,1,0.0000,0.0000,0.3500,-90.00,0.7600,0.4200,1.0000,8.00,180.00,10.000000,0.250000,0.000000,1.200000,0.000000,0.000000,1.200000,0.000000,0.000000,0.900000,0.000000,0.000000,0.850000,0.040000,0.000000,0.008000,0.000000,0.000600,0.008000,0.000000,0.000600,0.006000,0.000000,0.000000,1,1,1,502,232,421,421,420,0,0,60.00,12961,3148,481,0,0,0,13021,500.00,500.00,10,2887,0.0000,0.4610,0.5440,0.8320,0.0890
2026-04-28T17:30:13.234,8.385,1,0.30,1.29,0.00,0.00,1,-0.0631,-0.0080,0.2571,0.0000,0.0000,0.0000,123.05,0.00,1,4.200,4.200,0.800,38,87,0,0.000,0.7600,0.0000,61.68,59.24,503,503,1.00000,1.00000,1.00000,1.00000,0.00000,3,3,0,1,23.62157,0.03400,1.90356,0.0631,0.0080,0.0929,0.0000,0.0000,0.0000,146.95,8.79,-126.15,1,1,0.0000,0.0000,0.3500,-90.00,0.7600,0.4200,1.0000,8.00,180.00,10.000000,0.250000,0.000000,1.200000,0.000000,0.000000,1.200000,0.000000,0.000000,0.900000,0.000000,0.000000,0.850000,0.040000,0.000000,0.008000,0.000000,0.000600,0.008000,0.000000,0.000600,0.006000,0.000000,0.000000,1,1,1,503,232,421,421,420,0,0,60.00,12961,3148,481,0,0,0,13021,500.00,500.00,10,2887,0.0000,0.4610,0.5440,0.8320,0.0890
2026-04-28T17:30:13.250,8.401,1,0.30,1.29,0.00,0.00,1,-0.0630,-0.0077,0.2570,0.0000,0.0000,0.0000,123.12,-4.28,1,4.200,4.200,0.800,38,87,0,0.000,0.7600,0.0000,50.36,61.05,504,504,1.00000,1.00000,1.00000,1.00000,0.00000,3,3,0,1,23.69234,0.03409,1.90098,0.0630,0.0077,0.0930,0.0000,0.0000,0.0000,146.88,8.83,-126.16,1,1,0.0000,0.0000,0.3500,-90.00,0.7600,0.4200,1.0000,8.00,180.00,10.000000,0.250000,0.000000,1.200000,0.000000,0.000000,1.200000,0.000000,0.000000,0.900000,0.000000,0.000000,0.850000,0.040000,0.000000,0.008000,0.000000,0.000600,0.008000,0.000000,0.000600,0.006000,0.000000,0.000000,1,1,1,504,232,421,421,420,0,0,60.00,12961,3148,481,0,0,0,13021,500.00,500.00,10,2887,0.0000,0.4610,0.5440,0.8320,0.0890
2026-04-28T17:30:13.268,8.419,1,0.30,1.29,0.00,0.00,1,-0.0630,-0.0078,0.2569,0.0000,0.0000,0.0000,123.06,3.33,1,4.200,4.200,0.800,38,87,0,0.000,0.7600,0.0000,69.19,59.19,505,505,1.00000,1.00000,1.00000,1.00000,0.00000,3,3,0,1,23.64821,0.03404,1.90389,0.0630,0.0078,0.0931,0.0000,0.0000,0.0000,146.94,8.84,-126.17,1,1,0.0000,0.0000,0.3500,-90.00,0.7600,0.4200,1.0000,8.00,180.00,10.000000,0.250000,0.000000,1.200000,0.000000,0.000000,1.200000,0.000000,0.000000,0.900000,0.000000,0.000000,0.850000,0.040000,0.000000,0.008000,0.000000,0.000600,0.008000,0.000000,0.000600,0.006000,0.000000,0.000000,1,1,1,505,232,421,421,420,0,0,60.00,12961,3148,481,0,0,0,13021,500.00,500.00,10,2887,0.0000,0.4610,0.5440,0.8320,0.0890
2026-04-28T17:30:13.282,8.433,1,0.30,1.29,0.00,0.00,1,-0.0630,-0.0079,0.2570,0.0000,0.0000,0.0000,123.04,1.46,1,4.200,4.200,0.800,38,87,0,0.000,0.7600,0.0000,52.84,60.70,506,506,1.00000,1.00000,1.00000,1.00000,0.00000,3,3,0,1,23.65099,0.03392,1.90174,0.0630,0.0079,0.0930,0.0000,0.0000,0.0000,146.96,8.84,-126.17,1,1,0.0000,0.0000,0.3500,-90.00,0.7600,0.4200,1.0000,8.00,180.00,10.000000,0.250000,0.000000,1.200000,0.000000,0.000000,1.200000,0.000000,0.000000,0.900000,0.000000,0.000000,0.850000,0.040000,0.000000,0.008000,0.000000,0.000600,0.008000,0.000000,0.000600,0.006000,0.000000,0.000000,1,1,1,506,232,421,421,420,0,0,60.00,12961,3148,481,0,0,0,13021,500.00,500.00,10,2887,0.0000,0.4610,0.5440,0.8320,0.0890
2026-04-28T17:30:13.300,8.451,1,0.30,1.29,0.00,0.00,1,-0.0630,-0.0079,0.2571,0.0000,0.0000,0.0000,123.02,1.10,1,4.200,4.200,0.800,38,87,0,0.000,0.7600,0.0000,72.96,59.40,507,507,1.00000,1.00000,1.00000,1.00000,0.00000,3,3,0,1,23.62907,0.03398,1.90296,0.0630,0.0079,0.0929,0.0000,0.0000,0.0000,146.98,8.81,-126.17,1,1,0.0000,0.0000,0.3500,-90.00,0.7600,0.4200,1.0000,8.00,180.00,10.000000,0.250000,0.000000,1.200000,0.000000,0.000000,1.200000,0.000000,0.000000,0.900000,0.000000,0.000000,0.850000,0.040000,0.000000,0.008000,0.000000,0.000600,0.008000,0.000000,0.000600,0.006000,0.000000,0.000000,1,1,1,507,232,421,421,420,0,0,60.00,12961,3148,481,0,0,0,13021,500.00,500.00,10,2887,0.0000,0.4610,0.5440,0.8320,0.0890
2026-04-28T17:30:13.317,8.468,1,0.30,1.29,0.00,0.00,1,-0.0630,-0.0079,0.2569,0.0000,0.0000,0.0000,122.99,1.68,1,4.200,4.200,0.800,38,87,0,0.000,0.7600,0.0000,52.03,60.29,508,508,1.00000,1.00000,1.00000,1.00000,0.00000,3,3,0,1,23.65266,0.03404,1.90374,0.0630,0.0079,0.0931,0.0000,0.0000,0.0000,147.01,8.85,-126.18,1,1,0.0000,0.0000,0.3500,-90.00,0.7600,0.4200,1.0000,8.00,180.00,10.000000,0.250000,0.000000,1.200000,0.000000,0.000000,1.200000,0.000000,0.000000,0.900000,0.000000,0.000000,0.850000,0.040000,0.000000,0.008000,0.000000,0.000600,0.008000,0.000000,0.000600,0.006000,0.000000,0.000000,1,1,1,508,229,421,421,420,0,0,60.00,12961,3148,481,0,0,0,13021,500.00,500.00,10,2887,0.0000,0.4610,0.5440,0.8320,0.0890
2026-04-28T17:30:13.333,8.484,1,0.30,1.29,0.00,0.00,1,-0.0630,-0.0078,0.2572,0.0000,0.0000,0.0000,123.08,-5.59,1,4.200,4.200,0.800,38,87,0,0.000,0.7600,0.0000,67.28,59.65,509,509,1.00000,1.00000,1.00000,1.00000,0.00000,3,3,0,1,23.63263,0.03397,1.90064,0.0630,0.0078,0.0928,0.0000,0.0000,0.0000,146.92,8.77,-126.17,1,1,0.0000,0.0000,0.3500,-90.00,0.7600,0.4200,1.0000,8.00,180.00,10.000000,0.250000,0.000000,1.200000,0.000000,0.000000,1.200000,0.000000,0.000000,0.900000,0.000000,0.000000,0.850000,0.040000,0.000000,0.008000,0.000000,0.000600,0.008000,0.000000,0.000600,0.006000,0.000000,0.000000,1,1,1,509,232,421,421,420,0,0,60.00,12961,3148,481,0,0,0,13021,500.00,500.00,10,2887,0.0000,0.4610,0.5440,0.8320,0.0890
2026-04-28T17:30:13.351,8.502,1,0.30,1.29,0.00,0.00,1,-0.0631,-0.0077,0.2571,0.0000,0.0000,0.0000,123.12,-2.33,1,4.200,4.200,0.800,38,87,0,0.000,0.7600,0.0000,55.18,60.67,510,510,1.00000,1.00000,1.00000,1.00000,0.00000,3,3,0,1,23.63392,0.03410,1.90424,0.0631,0.0077,0.0929,0.0000,0.0000,0.0000,146.88,8.75,-126.14,1,1,0.0000,0.0000,0.3500,-90.00,0.7600,0.4200,1.0000,8.00,180.00,10.000000,0.250000,0.000000,1.200000,0.000000,0.000000,1.200000,0.000000,0.000000,0.900000,0.000000,0.000000,0.850000,0.040000,0.000000,0.008000,0.000000,0.000600,0.008000,0.000000,0.000600,0.006000,0.000000,0.000000,1,1,1,510,232,421,421,420,0,0,60.00,12961,3148,481,0,0,0,13021,500.00,500.00,10,2887,0.0000,0.4610,0.5440,0.8320,0.0890
2026-04-28T17:30:13.367,8.518,1,0.30,1.29,0.00,0.00,1,-0.0630,-0.0079,0.2570,0.0000,0.0000,0.0000,123.09,1.86,1,4.200,4.200,0.800,38,87,0,0.000,0.7600,0.0000,58.32,59.21,511,511,1.00000,1.00000,1.00000,1.00000,0.00000,3,3,0,1,23.61622,0.03399,1.90231,0.0630,0.0079,0.0930,0.0000,0.0000,0.0000,146.91,8.81,-126.14,1,1,0.0000,0.0000,0.3500,-90.00,0.7600,0.4200,1.0000,8.00,180.00,10.000000,0.250000,0.000000,1.200000,0.000000,0.000000,1.200000,0.000000,0.000000,0.900000,0.000000,0.000000,0.850000,0.040000,0.000000,0.008000,0.000000,0.000600,0.008000,0.000000,0.000600,0.006000,0.000000,0.000000,1,1,1,511,232,421,421,420,0,0,60.00,12961,3148,481,0,0,0,13021,500.00,500.00,10,2887,0.0000,0.4610,0.5440,0.8320,0.0890
2026-04-28T17:30:13.381,8.532,1,0.30,1.29,0.00,0.00,1,-0.0630,-0.0079,0.2570,0.0000,0.0000,0.0000,123.06,2.18,1,4.200,4.200,0.800,38,87,0,0.000,0.7600,0.0000,62.14,64.52,512,512,1.00000,1.00000,1.00000,1.00000,0.00000,3,3,0,1,23.67677,0.03400,1.90372,0.0630,0.0079,0.0930,0.0000,0.0000,0.0000,146.94,8.80,-126.17,1,1,0.0000,0.0000,0.3500,-90.00,0.7600,0.4200,1.0000,8.00,180.00,10.000000,0.250000,0.000000,1.200000,0.000000,0.000000,1.200000,0.000000,0.000000,0.900000,0.000000,0.000000,0.850000,0.040000,0.000000,0.008000,0.000000,0.000600,0.008000,0.000000,0.000600,0.006000,0.000000,0.000000,1,1,1,512,231,421,421,420,0,0,60.00,12961,3148,481,0,0,0,13021,500.00,500.00,10,2887,0.0000,0.4610,0.5440,0.8320,0.0890
2026-04-28T17:30:13.399,8.550,1,0.30,1.29,0.00,0.00,1,-0.0630,-0.0079,0.2571,0.0000,0.0000,0.0000,123.03,1.72,1,4.200,4.200,0.800,38,87,0,0.000,0.7600,0.0000,72.70,56.19,513,513,1.00000,1.00000,1.00000,1.00000,0.00000,3,3,0,1,23.62907,0.03398,1.90296,0.0630,0.0079,0.0929,0.0000,0.0000,0.0000,146.97,8.79,-126.17,1,1,0.0000,0.0000,0.3500,-90.00,0.7600,0.4200,1.0000,8.00,180.00,10.000000,0.250000,0.000000,1.200000,0.000000,0.000000,1.200000,0.000000,0.000000,0.900000,0.000000,0.000000,0.850000,0.040000,0.000000,0.008000,0.000000,0.000600,0.008000,0.000000,0.000600,0.006000,0.000000,0.000000,1,1,1,513,232,421,421,420,0,0,60.00,12961,3148,511,0,0,0,13051,497.51,497.51,8,604,0.0000,0.4610,0.5450,0.8320,0.0890
2026-04-28T17:30:13.413,8.564,1,0.30,1.29,0.00,0.00,1,-0.0630,-0.0079,0.2570,0.0000,0.0000,0.0000,123.03,0.00,1,4.200,4.200,0.800,38,87,0,0.000,0.7600,0.0000,55.15,60.82,514,514,1.00000,1.00000,1.00000,1.00000,0.00000,3,3,0,1,23.67373,0.03399,1.90189,0.0630,0.0079,0.0930,0.0000,0.0000,0.0000,146.97,8.83,-126.19,1,1,0.0000,0.0000,0.3500,-90.00,0.7600,0.4200,1.0000,8.00,180.00,10.000000,0.250000,0.000000,1.200000,0.000000,0.000000,1.200000,0.000000,0.000000,0.900000,0.000000,0.000000,0.850000,0.040000,0.000000,0.008000,0.000000,0.000600,0.008000,0.000000,0.000600,0.006000,0.000000,0.000000,1,1,1,514,232,421,421,420,0,0,60.00,12961,3148,511,0,0,0,13051,497.51,497.51,8,604,0.0000,0.4610,0.5450,0.8320,0.0890
2026-04-28T17:30:13.430,8.581,1,0.30,1.29,0.00,0.00,1,-0.0631,-0.0079,0.2570,0.0000,0.0000,0.0000,123.04,-0.61,1,4.200,4.200,0.800,38,87,0,0.000,0.7600,0.0000,68.91,61.92,515,515,1.00000,1.00000,1.00000,1.00000,0.00000,3,3,0,1,23.64954,0.03408,1.90556,0.0631,0.0079,0.0930,0.0000,0.0000,0.0000,146.96,8.80,-126.17,1,1,0.0000,0.0000,0.3500,-90.00,0.7600,0.4200,1.0000,8.00,180.00,10.000000,0.250000,0.000000,1.200000,0.000000,0.000000,1.200000,0.000000,0.000000,0.900000,0.000000,0.000000,0.850000,0.040000,0.000000,0.008000,0.000000,0.000600,0.008000,0.000000,0.000600,0.006000,0.000000,0.000000,1,1,1,515,231,421,421,420,0,0,60.00,12961,3148,511,0,0,0,13051,497.51,497.51,8,604,0.0000,0.4610,0.5450,0.8320,0.0890
2026-04-28T17:30:13.447,8.598,1,0.30,1.29,0.00,0.00,1,-0.0631,-0.0079,0.2569,0.0000,0.0000,0.0000,123.02,1.21,1,4.200,4.200,0.800,38,87,0,0.000,0.7600,0.0000,66.70,58.06,516,516,1.00000,1.00000,1.00000,1.00000,0.00000,3,3,0,1,23.65355,0.03405,1.90514,0.0631,0.0079,0.0931,0.0000,0.0000,0.0000,146.98,8.80,-126.17,1,1,0.0000,0.0000,0.3500,-90.00,0.7600,0.4200,1.0000,8.00,180.00,10.000000,0.250000,0.000000,1.200000,0.000000,0.000000,1.200000,0.000000,0.000000,0.900000,0.000000,0.000000,0.850000,0.040000,0.000000,0.008000,0.000000,0.000600,0.008000,0.000000,0.000600,0.006000,0.000000,0.000000,1,1,1,516,231,421,421,420,0,0,60.00,12961,3148,511,0,0,0,13051,497.51,497.51,8,604,0.0000,0.4610,0.5450,0.8320,0.0890
2026-04-28T17:30:13.463,8.614,1,0.30,1.29,0.00,0.00,1,-0.0630,-0.0079,0.2570,0.0000,0.0000,0.0000,123.01,0.58,1,4.200,4.200,0.800,38,87,0,0.000,0.7600,0.0000,54.14,59.41,517,517,1.00000,1.00000,1.00000,1.00000,0.00000,3,3,0,1,23.59577,0.03389,1.89971,0.0630,0.0079,0.0930,0.0000,0.0000,0.0000,146.99,8.83,-126.16,1,1,0.0000,0.0000,0.3500,-90.00,0.7600,0.4200,1.0000,8.00,180.00,10.000000,0.250000,0.000000,1.200000,0.000000,0.000000,1.200000,0.000000,0.000000,0.900000,0.000000,0.000000,0.850000,0.040000,0.000000,0.008000,0.000000,0.000600,0.008000,0.000000,0.000600,0.006000,0.000000,0.000000,1,1,1,517,232,421,421,420,0,0,60.00,12961,3148,511,0,0,0,13051,497.51,497.51,8,604,0.0000,0.4610,0.5450,0.8320,0.0890
2026-04-28T17:30:13.482,8.633,1,0.30,1.29,0.00,0.00,1,-0.0632,-0.0079,0.2571,0.0000,0.0000,0.0000,123.10,-5.15,1,4.200,4.200,0.800,38,87,0,0.000,0.7600,0.0000,61.29,60.44,518,518,1.00000,1.00000,1.00000,1.00000,0.00000,3,3,0,1,23.61292,0.03408,1.90346,0.0632,0.0079,0.0929,0.0000,0.0000,0.0000,146.90,8.76,-126.16,1,1,0.0000,0.0000,0.3500,-90.00,0.7600,0.4200,1.0000,8.00,180.00,10.000000,0.250000,0.000000,1.200000,0.000000,0.000000,1.200000,0.000000,0.000000,0.900000,0.000000,0.000000,0.850000,0.040000,0.000000,0.008000,0.000000,0.000600,0.008000,0.000000,0.000600,0.006000,0.000000,0.000000,1,1,1,518,231,421,421,420,0,0,60.00,12961,3148,511,0,0,0,13051,497.51,497.51,8,604,0.0000,0.4610,0.5450,0.8320,0.0890
2026-04-28T17:30:13.498,8.649,1,0.30,1.29,0.00,0.00,1,-0.0630,-0.0079,0.2571,0.0000,0.0000,0.0000,123.07,1.87,1,4.200,4.200,0.800,38,87,0,0.000,0.7600,0.0000,54.61,59.51,519,519,1.00000,1.00000,1.00000,1.00000,0.00000,3,3,0,1,23.59175,0.03392,1.90014,0.0630,0.0079,0.0929,0.0000,0.0000,0.0000,146.93,8.80,-126.16,1,1,0.0000,0.0000,0.3500,-90.00,0.7600,0.4200,1.0000,8.00,180.00,10.000000,0.250000,0.000000,1.200000,0.000000,0.000000,1.200000,0.000000,0.000000,0.900000,0.000000,0.000000,0.850000,0.040000,0.000000,0.008000,0.000000,0.000600,0.008000,0.000000,0.000600,0.006000,0.000000,0.000000,1,1,1,519,231,421,421,420,0,0,60.00,12961,3148,511,0,0,0,13051,497.51,497.51,8,604,0.0000,0.4610,0.5450,0.8320,0.0890
2026-04-28T17:30:13.515,8.666,1,0.30,1.29,0.00,0.00,1,-0.0630,-0.0078,0.2571,0.0000,0.0000,0.0000,123.10,-1.77,1,4.200,4.200,0.800,38,87,0,0.000,0.7600,0.0000,62.53,60.27,520,520,1.00000,1.00000,1.00000,1.00000,0.00000,3,3,0,1,23.63352,0.03390,1.89987,0.0630,0.0078,0.0929,0.0000,0.0000,0.0000,146.90,8.77,-126.14,1,1,0.0000,0.0000,0.3500,-90.00,0.7600,0.4200,1.0000,8.00,180.00,10.000000,0.250000,0.000000,1.200000,0.000000,0.000000,1.200000,0.000000,0.000000,0.900000,0.000000,0.000000,0.850000,0.040000,0.000000,0.008000,0.000000,0.000600,0.008000,0.000000,0.000600,0.006000,0.000000,0.000000,1,1,1,520,231,421,421,420,0,0,60.00,12961,3148,511,0,0,0,13051,497.51,497.51,8,604,0.0000,0.4610,0.5450,0.8320,0.0890
2026-04-28T17:30:13.531,8.682,1,0.30,1.29,0.00,0.00,1,-0.0630,-0.0079,0.2572,0.0000,0.0000,0.0000,123.07,1.81,1,4.200,4.200,0.800,38,87,0,0.000,0.7600,0.0000,58.89,59.58,521,521,1.00000,1.00000,1.00000,1.00000,0.00000,3,3,0,1,23.59711,0.03393,1.90139,0.0630,0.0079,0.0928,0.0000,0.0000,0.0000,146.93,8.77,-126.14,1,1,0.0000,0.0000,0.3500,-90.00,0.7600,0.4200,1.0000,8.00,180.00,10.000000,0.250000,0.000000,1.200000,0.000000,0.000000,1.200000,0.000000,0.000000,0.900000,0.000000,0.000000,0.850000,0.040000,0.000000,0.008000,0.000000,0.000600,0.008000,0.000000,0.000600,0.006000,0.000000,0.000000,1,1,1,521,232,421,421,420,0,0,60.00,12961,3148,511,0,0,0,13051,497.51,497.51,8,604,0.0000,0.4610,0.5450,0.8320,0.0890
2026-04-28T17:30:13.548,8.699,1,0.30,1.29,0.00,0.00,1,-0.0631,-0.0079,0.2570,0.0000,0.0000,0.0000,123.08,-0.56,1,4.200,4.200,0.800,38,87,0,0.000,0.7600,0.0000,60.71,60.11,522,522,1.00000,1.00000,1.00000,1.00000,0.00000,3,3,0,1,23.64708,0.03417,1.90548,0.0631,0.0079,0.0930,0.0000,0.0000,0.0000,146.92,8.79,-126.15,1,1,0.0000,0.0000,0.3500,-90.00,0.7600,0.4200,1.0000,8.00,180.00,10.000000,0.250000,0.000000,1.200000,0.000000,0.000000,1.200000,0.000000,0.000000,0.900000,0.000000,0.000000,0.850000,0.040000,0.000000,0.008000,0.000000,0.000600,0.008000,0.000000,0.000600,0.006000,0.000000,0.000000,1,1,1,522,232,421,421,420,0,0,60.00,12961,3148,511,0,0,0,13051,497.51,497.51,8,604,0.0000,0.4610,0.5450,0.8320,0.0890
2026-04-28T17:30:13.567,8.718,1,0.30,1.29,0.00,0.00,1,-0.0630,-0.0078,0.2570,0.0000,0.0000,0.0000,123.05,1.66,1,4.200,4.200,0.800,38,87,0,0.000,0.7600,0.0000,55.86,56.67,523,523,1.00000,1.00000,1.00000,1.00000,0.00000,3,3,0,1,23.66031,0.03389,1.90208,0.0630,0.0078,0.0930,0.0000,0.0000,0.0000,146.95,8.81,-126.19,1,1,0.0000,0.0000,0.3500,-90.00,0.7600,0.4200,1.0000,8.00,180.00,10.000000,0.250000,0.000000,1.200000,0.000000,0.000000,1.200000,0.000000,0.000000,0.900000,0.000000,0.000000,0.850000,0.040000,0.000000,0.008000,0.000000,0.000600,0.008000,0.000000,0.000600,0.006000,0.000000,0.000000,1,1,1,523,232,421,421,420,0,0,60.00,12961,3148,511,0,0,0,13051,497.51,497.51,8,604,0.0000,0.4610,0.5450,0.8320,0.0890
2026-04-28T17:30:13.582,8.733,1,0.30,1.29,0.00,0.00,1,-0.0630,-0.0080,0.2571,0.0000,0.0000,0.0000,123.03,1.38,1,4.200,4.200,0.800,38,87,0,0.000,0.7600,0.0000,55.17,64.50,524,524,1.00000,1.00000,1.00000,1.00000,0.00000,3,3,0,1,23.59865,0.03400,1.90087,0.0630,0.0080,0.0929,0.0000,0.0000,0.0000,146.97,8.82,-126.17,1,1,0.0000,0.0000,0.3500,-90.00,0.7600,0.4200,1.0000,8.00,180.00,10.000000,0.250000,0.000000,1.200000,0.000000,0.000000,1.200000,0.000000,0.000000,0.900000,0.000000,0.000000,0.850000,0.040000,0.000000,0.008000,0.000000,0.000600,0.008000,0.000000,0.000600,0.006000,0.000000,0.000000,1,1,1,524,232,421,421,420,0,0,60.00,12961,3148,511,0,0,0,13051,497.51,497.51,8,604,0.0000,0.4610,0.5450,0.8320,0.0890
2026-04-28T17:30:13.601,8.752,1,0.30,1.29,0.00,0.00,1,-0.0631,-0.0080,0.2572,0.0000,0.0000,0.0000,123.04,-0.52,1,4.200,4.200,0.800,38,87,0,0.000,0.7600,0.0000,64.60,59.41,525,525,1.00000,1.00000,1.00000,1.00000,0.00000,3,3,0,1,23.59711,0.03393,1.90139,0.0631,0.0080,0.0928,0.0000,0.0000,0.0000,146.96,8.80,-126.15,1,1,0.0000,0.0000,0.3500,-90.00,0.7600,0.4200,1.0000,8.00,180.00,10.000000,0.250000,0.000000,1.200000,0.000000,0.000000,1.200000,0.000000,0.000000,0.900000,0.000000,0.000000,0.850000,0.040000,0.000000,0.008000,0.000000,0.000600,0.008000,0.000000,0.000600,0.006000,0.000000,0.000000,1,1,1,525,231,421,421,420,0,0,60.00,12961,3148,511,0,0,0,13051,497.51,497.51,8,604,0.0000,0.4610,0.5450,0.8320,0.0890
2026-04-28T17:30:13.617,8.768,1,0.30,1.29,0.00,0.00,1,-0.0630,-0.0079,0.2571,0.0000,0.0000,0.0000,123.09,-2.97,1,4.200,4.200,0.800,38,87,0,0.000,0.7600,0.0000,54.76,60.26,526,526,1.00000,1.00000,1.00000,1.00000,0.00000,3,3,0,1,23.60059,0.03402,1.90099,0.0630,0.0079,0.0929,0.0000,0.0000,0.0000,146.91,8.80,-126.12,1,1,0.0000,0.0000,0.3500,-90.00,0.7600,0.4200,1.0000,8.00,180.00,10.000000,0.250000,0.000000,1.200000,0.000000,0.000000,1.200000,0.000000,0.000000,0.900000,0.000000,0.000000,0.850000,0.040000,0.000000,0.008000,0.000000,0.000600,0.008000,0.000000,0.000600,0.006000,0.000000,0.000000,1,1,1,526,231,421,421,420,0,0,60.00,12961,3148,511,0,0,0,13051,497.51,497.51,8,604,0.0000,0.4610,0.5450,0.8320,0.0890
2026-04-28T17:30:13.634,8.785,1,0.30,1.29,0.00,0.00,1,-0.0630,-0.0080,0.2571,0.0000,0.0000,0.0000,123.07,1.23,1,4.200,4.200,0.800,38,87,0,0.000,0.7600,0.0000,61.41,60.07,527,527,1.00000,1.00000,1.00000,1.00000,0.00000,3,3,0,1,23.59711,0.03393,1.90139,0.0630,0.0080,0.0929,0.0000,0.0000,0.0000,146.93,8.79,-126.13,1,1,0.0000,0.0000,0.3500,-90.00,0.7600,0.4200,1.0000,8.00,180.00,10.000000,0.250000,0.000000,1.200000,0.000000,0.000000,1.200000,0.000000,0.000000,0.900000,0.000000,0.000000,0.850000,0.040000,0.000000,0.008000,0.000000,0.000600,0.008000,0.000000,0.000600,0.006000,0.000000,0.000000,1,1,1,527,232,421,421,420,0,0,60.00,12961,3148,511,0,0,0,13051,497.51,497.51,8,604,0.0000,0.4610,0.5450,0.8320,0.0890
2026-04-28T17:30:13.649,8.800,1,0.30,1.29,0.00,0.00,1,-0.0631,-0.0079,0.2570,0.0000,0.0000,0.0000,123.07,0.00,1,4.200,4.200,0.800,38,87,0,0.000,0.7600,0.0000,59.32,62.93,528,528,1.00000,1.00000,1.00000,1.00000,0.00000,3,3,0,1,23.64954,0.03408,1.90556,0.0631,0.0079,0.0930,0.0000,0.0000,0.0000,146.93,8.79,-126.15,1,1,0.0000,0.0000,0.3500,-90.00,0.7600,0.4200,1.0000,8.00,180.00,10.000000,0.250000,0.000000,1.200000,0.000000,0.000000,1.200000,0.000000,0.000000,0.900000,0.000000,0.000000,0.850000,0.040000,0.000000,0.008000,0.000000,0.000600,0.008000,0.000000,0.000600,0.006000,0.000000,0.000000,1,1,1,528,232,421,421,420,0,0,60.00,12961,3148,511,0,0,0,13051,497.51,497.51,8,604,0.0000,0.4610,0.5450,0.8320,0.0890
2026-04-28T17:30:13.664,8.815,1,0.30,1.29,0.00,0.00,1,-0.0631,-0.0080,0.2572,0.0000,0.0000,0.0000,123.07,0.00,1,4.200,4.200,0.800,38,87,0,0.000,0.7600,0.0000,68.09,57.14,529,529,1.00000,1.00000,1.00000,1.00000,0.00000,3,3,0,1,23.59464,0.03402,1.90130,0.0631,0.0080,0.0928,0.0000,0.0000,0.0000,146.93,8.80,-126.14,1,1,0.0000,0.0000,0.3500,-90.00,0.7600,0.4200,1.0000,8.00,180.00,10.000000,0.250000,0.000000,1.200000,0.000000,0.000000,1.200000,0.000000,0.000000,0.900000,0.000000,0.000000,0.850000,0.040000,0.000000,0.008000,0.000000,0.000600,0.008000,0.000000,0.000600,0.006000,0.000000,0.000000,1,1,1,529,231,421,421,420,0,0,60.00,12961,3148,511,0,0,0,13051,497.51,497.51,8,604,0.0000,0.4610,0.5450,0.8320,0.0890
2026-04-28T17:30:13.683,8.834,1,0.30,1.29,0.00,0.00,1,-0.0631,-0.0080,0.2572,0.0000,0.0000,0.0000,123.06,0.57,1,4.200,4.200,0.800,38,87,0,0.000,0.7600,0.0000,69.63,60.45,530,530,1.00000,1.00000,1.00000,1.00000,0.00000,3,3,0,1,23.59530,0.03388,1.90083,0.0631,0.0080,0.0928,0.0000,0.0000,0.0000,146.94,8.77,-126.14,1,1,0.0000,0.0000,0.3500,-90.00,0.7600,0.4200,1.0000,8.00,180.00,10.000000,0.250000,0.000000,1.200000,0.000000,0.000000,1.200000,0.000000,0.000000,0.900000,0.000000,0.000000,0.850000,0.040000,0.000000,0.008000,0.000000,0.000600,0.008000,0.000000,0.000600,0.006000,0.000000,0.000000,1,1,1,530,232,421,421,420,0,0,60.00,12961,3148,511,0,0,0,13051,497.51,497.51,8,604,0.0000,0.4610,0.5450,0.8320,0.0890
2026-04-28T17:30:13.699,8.850,1,0.30,1.29,0.00,0.00,1,-0.0631,-0.0079,0.2570,0.0000,0.0000,0.0000,123.12,-3.57,1,4.200,4.200,0.800,38,87,0,0.000,0.7600,0.0000,50.80,61.75,531,531,1.00000,1.00000,1.00000,1.00000,0.00000,3,3,0,1,23.60652,0.03398,1.90246,0.0631,0.0079,0.0930,0.0000,0.0000,0.0000,146.88,8.77,-126.14,1,1,0.0000,0.0000,0.3500,-90.00,0.7600,0.4200,1.0000,8.00,180.00,10.000000,0.250000,0.000000,1.200000,0.000000,0.000000,1.200000,0.000000,0.000000,0.900000,0.000000,0.000000,0.850000,0.040000,0.000000,0.008000,0.000000,0.000600,0.008000,0.000000,0.000600,0.006000,0.000000,0.000000,1,1,1,531,232,421,421,420,0,0,60.00,12961,3148,511,0,0,0,13051,497.51,497.51,8,604,0.0000,0.4610,0.5450,0.8320,0.0890
2026-04-28T17:30:13.715,8.866,1,0.30,1.29,0.00,0.00,1,-0.0631,-0.0080,0.2570,0.0000,0.0000,0.0000,123.08,2.67,1,4.200,4.200,0.800,38,87,0,0.000,0.7600,0.0000,61.15,57.89,532,532,1.00000,1.00000,1.00000,1.00000,0.00000,3,3,0,1,23.62157,0.03400,1.90356,0.0631,0.0080,0.0930,0.0000,0.0000,0.0000,146.92,8.79,-126.13,1,1,0.0000,0.0000,0.3500,-90.00,0.7600,0.4200,1.0000,8.00,180.00,10.000000,0.250000,0.000000,1.200000,0.000000,0.000000,1.200000,0.000000,0.000000,0.900000,0.000000,0.000000,0.850000,0.040000,0.000000,0.008000,0.000000,0.000600,0.008000,0.000000,0.000600,0.006000,0.000000,0.000000,1,1,1,532,232,421,421,420,0,0,60.00,12961,3148,511,0,0,0,13051,497.51,497.51,8,604,0.0000,0.4610,0.5450,0.8320,0.0890
2026-04-28T17:30:13.731,8.881,1,0.30,1.29,0.00,0.00,1,-0.0631,-0.0078,0.2570,0.0000,0.0000,0.0000,123.12,-2.50,1,4.200,4.200,0.800,38,87,0,0.000,0.7600,0.0000,60.75,64.65,533,533,1.00000,1.00000,1.00000,1.00000,0.00000,3,3,0,1,23.63392,0.03410,1.90424,0.0631,0.0078,0.0930,0.0000,0.0000,0.0000,146.88,8.76,-126.12,1,1,0.0000,0.0000,0.3500,-90.00,0.7600,0.4200,1.0000,8.00,180.00,10.000000,0.250000,0.000000,1.200000,0.000000,0.000000,1.200000,0.000000,0.000000,0.900000,0.000000,0.000000,0.850000,0.040000,0.000000,0.008000,0.000000,0.000600,0.008000,0.000000,0.000600,0.006000,0.000000,0.000000,1,1,1,533,232,421,421,420,0,0,60.00,12961,3148,511,0,0,0,13051,497.51,497.51,8,604,0.0000,0.4610,0.5450,0.8320,0.0890
2026-04-28T17:30:13.747,8.898,1,0.30,1.29,0.00,0.00,1,-0.0630,-0.0079,0.2571,0.0000,0.0000,0.0000,123.05,4.04,1,4.200,4.200,0.800,38,87,0,0.000,0.7600,0.0000,66.77,56.59,534,534,1.00000,1.00000,1.00000,1.00000,0.00000,3,3,0,1,23.60113,0.03390,1.90096,0.0630,0.0079,0.0929,0.0000,0.0000,0.0000,146.95,8.78,-126.13,1,1,0.0000,0.0000,0.3500,-90.00,0.7600,0.4200,1.0000,8.00,180.00,10.000000,0.250000,0.000000,1.200000,0.000000,0.000000,1.200000,0.000000,0.000000,0.900000,0.000000,0.000000,0.850000,0.040000,0.000000,0.008000,0.000000,0.000600,0.008000,0.000000,0.000600,0.006000,0.000000,0.000000,1,1,1,534,232,421,421,420,0,0,60.00,12961,3148,511,0,0,0,13051,497.51,497.51,8,604,0.0000,0.4610,0.5450,0.8320,0.0890
2026-04-28T17:30:13.764,8.915,1,0.30,1.29,0.00,0.00,1,-0.0631,-0.0077,0.2570,0.0000,0.0000,0.0000,123.17,-6.89,1,4.200,4.200,0.800,38,87,0,0.000,0.7600,0.0000,58.30,59.19,535,535,1.00000,1.00000,1.00000,1.00000,0.00000,3,3,0,1,23.68278,0.03398,1.90397,0.0631,0.0077,0.0930,0.0000,0.0000,0.0000,146.83,8.73,-126.12,1,1,0.0000,0.0000,0.3500,-90.00,0.7600,0.4200,1.0000,8.00,180.00,10.000000,0.250000,0.000000,1.200000,0.000000,0.000000,1.200000,0.000000,0.000000,0.900000,0.000000,0.000000,0.850000,0.040000,0.000000,0.008000,0.000000,0.000600,0.008000,0.000000,0.000600,0.006000,0.000000,0.000000,1,1,1,535,232,421,421,420,0,0,60.00,12961,3148,511,0,0,0,13051,497.51,497.51,8,604,0.0000,0.4610,0.5450,0.8320,0.0890
2026-04-28T17:30:13.781,8.932,1,0.30,1.29,0.00,0.00,1,-0.0631,-0.0079,0.2569,0.0000,0.0000,0.0000,123.09,5.16,1,4.200,4.200,0.800,38,87,0,0.000,0.7600,0.0000,56.64,63.99,536,536,1.00000,1.00000,1.00000,1.00000,0.00000,3,3,0,1,23.65399,0.03408,1.90542,0.0631,0.0079,0.0931,0.0000,0.0000,0.0000,146.91,8.77,-126.14,1,1,0.0000,0.0000,0.3500,-90.00,0.7600,0.4200,1.0000,8.00,180.00,10.000000,0.250000,0.000000,1.200000,0.000000,0.000000,1.200000,0.000000,0.000000,0.900000,0.000000,0.000000,0.850000,0.040000,0.000000,0.008000,0.000000,0.000600,0.008000,0.000000,0.000600,0.006000,0.000000,0.000000,1,1,1,536,232,421,421,420,0,0,60.00,12961,3148,511,0,0,0,13051,497.51,497.51,8,604,0.0000,0.4610,0.5450,0.8320,0.0890
2026-04-28T17:30:13.799,8.949,1,0.30,1.29,0.00,0.00,1,-0.0630,-0.0080,0.2571,0.0000,0.0000,0.0000,123.04,2.85,1,4.200,4.200,0.800,38,87,0,0.000,0.7600,0.0000,68.47,57.02,537,537,1.00000,1.00000,1.00000,1.00000,0.00000,3,3,0,1,23.60156,0.03393,1.90125,0.0630,0.0080,0.0929,0.0000,0.0000,0.0000,146.96,8.80,-126.14,1,1,0.0000,0.0000,0.3500,-90.00,0.7600,0.4200,1.0000,8.00,180.00,10.000000,0.250000,0.000000,1.200000,0.000000,0.000000,1.200000,0.000000,0.000000,0.900000,0.000000,0.000000,0.850000,0.040000,0.000000,0.008000,0.000000,0.000600,0.008000,0.000000,0.000600,0.006000,0.000000,0.000000,1,1,1,537,231,421,421,420,0,0,60.00,12961,3148,511,0,0,0,13051,497.51,497.51,8,604,0.0000,0.4610,0.5450,0.8320,0.0890
2026-04-28T17:30:13.814,8.965,1,0.30,1.29,0.00,0.00,1,-0.0630,-0.0080,0.2571,0.0000,0.0000,0.0000,123.04,0.00,1,4.200,4.200,0.800,38,87,0,0.000,0.7600,0.0000,54.48,62.03,538,538,1.00000,1.00000,1.00000,1.00000,0.00000,3,3,0,1,23.62157,0.03400,1.90356,0.0630,0.0080,0.0929,0.0000,0.0000,0.0000,146.96,8.80,-126.13,1,1,0.0000,0.0000,0.3500,-90.00,0.7600,0.4200,1.0000,8.00,180.00,10.000000,0.250000,0.000000,1.200000,0.000000,0.000000,1.200000,0.000000,0.000000,0.900000,0.000000,0.000000,0.850000,0.040000,0.000000,0.008000,0.000000,0.000600,0.008000,0.000000,0.000600,0.006000,0.000000,0.000000,1,1,1,538,231,421,421,420,0,0,60.00,12961,3148,511,0,0,0,13051,497.51,497.51,8,604,0.0000,0.4610,0.5450,0.8320,0.0890
2026-04-28T17:30:13.829,8.980,1,0.30,1.29,0.00,0.00,1,-0.0630,-0.0080,0.2571,0.0000,0.0000,0.0000,123.04,0.00,1,4.200,4.200,0.800,38,87,0,0.000,0.7600,0.0000,59.13,57.79,539,539,1.00000,1.00000,1.00000,1.00000,0.00000,3,3,0,1,23.59711,0.03393,1.90139,0.0630,0.0080,0.0929,0.0000,0.0000,0.0000,146.96,8.79,-126.14,1,1,0.0000,0.0000,0.3500,-90.00,0.7600,0.4200,1.0000,8.00,180.00,10.000000,0.250000,0.000000,1.200000,0.000000,0.000000,1.200000,0.000000,0.000000,0.900000,0.000000,0.000000,0.850000,0.040000,0.000000,0.008000,0.000000,0.000600,0.008000,0.000000,0.000600,0.006000,0.000000,0.000000,1,1,1,539,232,421,421,420,0,0,60.00,12961,3148,511,0,0,0,13051,497.51,497.51,8,604,0.0000,0.4610,0.5450,0.8320,0.0890
2026-04-28T17:30:13.848,8.998,1,0.30,1.29,0.00,0.00,1,-0.0631,-0.0080,0.2571,0.0000,0.0000,0.0000,123.05,-0.54,1,4.200,4.200,0.800,38,87,0,0.000,0.7600,0.0000,79.92,60.09,540,540,1.00000,1.00000,1.00000,1.00000,0.00000,3,3,0,1,23.62157,0.03400,1.90356,0.0631,0.0080,0.0929,0.0000,0.0000,0.0000,146.95,8.80,-126.13,1,1,0.0000,0.0000,0.3500,-90.00,0.7600,0.4200,1.0000,8.00,180.00,10.000000,0.250000,0.000000,1.200000,0.000000,0.000000,1.200000,0.000000,0.000000,0.900000,0.000000,0.000000,0.850000,0.040000,0.000000,0.008000,0.000000,0.000600,0.008000,0.000000,0.000600,0.006000,0.000000,0.000000,1,1,1,540,231,421,421,420,0,0,60.00,12961,3148,511,0,0,0,13051,497.51,497.51,8,604,0.0000,0.4610,0.5450,0.8320,0.0890
2026-04-28T17:30:13.866,9.016,1,0.30,1.29,0.00,0.00,1,-0.0631,-0.0080,0.2571,0.0000,0.0000,0.0000,123.05,0.00,1,4.200,4.200,0.800,38,87,0,0.000,0.7600,0.0000,51.12,60.24,541,541,1.00000,1.00000,1.00000,1.00000,0.00000,3,3,0,1,23.59711,0.03393,1.90139,0.0631,0.0080,0.0929,0.0000,0.0000,0.0000,146.95,8.79,-126.14,1,1,0.0000,0.0000,0.3500,-90.00,0.7600,0.4200,1.0000,8.00,180.00,10.000000,0.250000,0.000000,1.200000,0.000000,0.000000,1.200000,0.000000,0.000000,0.900000,0.000000,0.000000,0.850000,0.040000,0.000000,0.008000,0.000000,0.000600,0.008000,0.000000,0.000600,0.006000,0.000000,0.000000,1,1,1,541,232,421,421,420,0,0,60.00,12961,3148,511,0,0,0,13051,497.51,497.51,8,604,0.0000,0.4610,0.5450,0.8320,0.0890
2026-04-28T17:30:13.882,9.033,1,0.30,1.29,0.00,0.00,1,-0.0630,-0.0079,0.2572,0.0000,0.0000,0.0000,123.09,-2.65,1,4.200,4.200,0.800,38,87,0,0.000,0.7600,0.0000,53.42,60.08,542,542,1.00000,1.00000,1.00000,1.00000,0.00000,3,3,0,1,23.58145,0.03395,1.90006,0.0630,0.0079,0.0928,0.0000,0.0000,0.0000,146.91,8.76,-126.11,1,1,0.0000,0.0000,0.3500,-90.00,0.7600,0.4200,1.0000,8.00,180.00,10.000000,0.250000,0.000000,1.200000,0.000000,0.000000,1.200000,0.000000,0.000000,0.900000,0.000000,0.000000,0.850000,0.040000,0.000000,0.008000,0.000000,0.000600,0.008000,0.000000,0.000600,0.006000,0.000000,0.000000,1,1,1,542,232,421,421,420,0,0,60.00,12961,3148,511,0,0,0,13051,497.51,497.51,8,604,0.0000,0.4610,0.5450,0.8320,0.0890
2026-04-28T17:30:13.898,9.048,1,0.30,1.29,0.00,0.00,1,-0.0630,-0.0080,0.2571,0.0000,0.0000,0.0000,123.04,3.17,1,4.200,4.200,0.800,38,87,0,0.000,0.7600,0.0000,64.20,64.04,543,543,1.00000,1.00000,1.00000,1.00000,0.00000,3,3,0,1,23.62558,0.03398,1.90313,0.0630,0.0080,0.0929,0.0000,0.0000,0.0000,146.96,8.80,-126.12,1,1,0.0000,0.0000,0.3500,-90.00,0.7600,0.4200,1.0000,8.00,180.00,10.000000,0.250000,0.000000,1.200000,0.000000,0.000000,1.200000,0.000000,0.000000,0.900000,0.000000,0.000000,0.850000,0.040000,0.000000,0.008000,0.000000,0.000600,0.008000,0.000000,0.000600,0.006000,0.000000,0.000000,1,1,1,543,231,541,541,540,0,0,60.00,13081,3200,511,0,0,0,13051,497.51,497.51,8,604,0.0000,0.4610,0.5450,0.8320,0.0890
2026-04-28T17:30:13.911,9.062,1,0.30,1.29,0.00,0.00,1,-0.0630,-0.0080,0.2571,0.0000,0.0000,0.0000,123.02,1.39,1,4.200,4.200,0.800,38,87,0,0.000,0.7600,0.0000,63.42,56.15,544,544,1.00000,1.00000,1.00000,1.00000,0.00000,3,3,0,1,23.59577,0.03389,1.89971,0.0630,0.0080,0.0929,0.0000,0.0000,0.0000,146.98,8.83,-126.14,1,1,0.0000,0.0000,0.3500,-90.00,0.7600,0.4200,1.0000,8.00,180.00,10.000000,0.250000,0.000000,1.200000,0.000000,0.000000,1.200000,0.000000,0.000000,0.900000,0.000000,0.000000,0.850000,0.040000,0.000000,0.008000,0.000000,0.000600,0.008000,0.000000,0.000600,0.006000,0.000000,0.000000,1,1,1,544,232,541,541,540,0,0,60.00,13081,3200,511,0,0,0,13051,497.51,497.51,8,604,0.0000,0.4610,0.5450,0.8320,0.0890
2026-04-28T17:30:13.932,9.082,1,0.30,1.29,0.00,0.00,1,-0.0630,-0.0080,0.2571,0.0000,0.0000,0.0000,123.03,-0.51,1,4.200,4.200,0.800,38,87,0,0.000,0.7600,0.0000,81.00,60.17,545,545,1.00000,1.00000,1.00000,1.00000,0.00000,3,3,0,1,23.59711,0.03393,1.90139,0.0630,0.0080,0.0929,0.0000,0.0000,0.0000,146.97,8.80,-126.14,1,1,0.0000,0.0000,0.3500,-90.00,0.7600,0.4200,1.0000,8.00,180.00,10.000000,0.250000,0.000000,1.200000,0.000000,0.000000,1.200000,0.000000,0.000000,0.900000,0.000000,0.000000,0.850000,0.040000,0.000000,0.008000,0.000000,0.000600,0.008000,0.000000,0.000600,0.006000,0.000000,0.000000,1,1,1,545,231,541,541,540,0,0,60.00,13081,3200,511,0,0,0,13051,497.51,497.51,8,604,0.0000,0.4610,0.5450,0.8320,0.0890
2026-04-28T17:30:13.948,9.098,1,0.30,1.29,0.00,0.00,1,-0.0631,-0.0079,0.2570,0.0000,0.0000,0.0000,123.05,-1.23,1,4.200,4.200,0.800,38,87,0,0.000,0.7600,0.0000,46.28,60.03,546,546,1.00000,1.00000,1.00000,1.00000,0.00000,3,3,0,1,23.64954,0.03408,1.90556,0.0631,0.0079,0.0930,0.0000,0.0000,0.0000,146.95,8.79,-126.15,1,1,0.0000,0.0000,0.3500,-90.00,0.7600,0.4200,1.0000,8.00,180.00,10.000000,0.250000,0.000000,1.200000,0.000000,0.000000,1.200000,0.000000,0.000000,0.900000,0.000000,0.000000,0.850000,0.040000,0.000000,0.008000,0.000000,0.000600,0.008000,0.000000,0.000600,0.006000,0.000000,0.000000,1,1,1,546,232,541,541,540,0,0,60.00,13081,3200,511,0,0,0,13051,497.51,497.51,8,604,0.0000,0.4610,0.5450,0.8320,0.0890
2026-04-28T17:30:13.965,9.116,1,0.30,1.29,0.00,0.00,1,-0.0631,-0.0079,0.2570,0.0000,0.0000,0.0000,123.05,0.00,1,4.200,4.200,0.800,38,87,0,0.000,0.7600,0.0000,61.61,59.92,547,547,1.00000,1.00000,1.00000,1.00000,0.00000,3,3,0,1,23.61971,0.03399,1.90214,0.0631,0.0079,0.0930,0.0000,0.0000,0.0000,146.95,8.80,-126.17,1,1,0.0000,0.0000,0.3500,-90.00,0.7600,0.4200,1.0000,8.00,180.00,10.000000,0.250000,0.000000,1.200000,0.000000,0.000000,1.200000,0.000000,0.000000,0.900000,0.000000,0.000000,0.850000,0.040000,0.000000,0.008000,0.000000,0.000600,0.008000,0.000000,0.000600,0.006000,0.000000,0.000000,1,1,1,547,231,541,541,540,0,0,60.00,13081,3200,511,0,0,0,13051,497.51,497.51,8,604,0.0000,0.4610,0.5450,0.8320,0.0890
2026-04-28T17:30:13.979,9.130,1,0.30,1.29,0.00,0.00,1,-0.0631,-0.0078,0.2571,0.0000,0.0000,0.0000,123.12,-4.67,1,4.200,4.200,0.800,38,87,0,0.000,0.7600,0.0000,57.49,63.69,548,548,1.00000,1.00000,1.00000,1.00000,0.00000,3,3,0,1,23.59536,0.03402,1.90235,0.0631,0.0078,0.0929,0.0000,0.0000,0.0000,146.88,8.76,-126.11,1,1,0.0000,0.0000,0.3500,-90.00,0.7600,0.4200,1.0000,8.00,180.00,10.000000,0.250000,0.000000,1.200000,0.000000,0.000000,1.200000,0.000000,0.000000,0.900000,0.000000,0.000000,0.850000,0.040000,0.000000,0.008000,0.000000,0.000600,0.008000,0.000000,0.000600,0.006000,0.000000,0.000000,1,1,1,548,232,541,541,540,0,0,60.00,13081,3200,511,0,0,0,13051,497.51,497.51,8,604,0.0000,0.4610,0.5450,0.8320,0.0890
2026-04-28T17:30:13.997,9.148,1,0.30,1.29,0.00,0.00,1,-0.0631,-0.0079,0.2570,0.0000,0.0000,0.0000,123.09,1.75,1,4.200,4.200,0.800,38,87,0,0.000,0.7600,0.0000,76.93,56.78,549,549,1.00000,1.00000,1.00000,1.00000,0.00000,3,3,0,1,23.64954,0.03408,1.90556,0.0631,0.0079,0.0930,0.0000,0.0000,0.0000,146.91,8.77,-126.13,1,1,0.0000,0.0000,0.3500,-90.00,0.7600,0.4200,1.0000,8.00,180.00,10.000000,0.250000,0.000000,1.200000,0.000000,0.000000,1.200000,0.000000,0.000000,0.900000,0.000000,0.000000,0.850000,0.040000,0.000000,0.008000,0.000000,0.000600,0.008000,0.000000,0.000600,0.006000,0.000000,0.000000,1,1,1,549,232,541,541,540,0,0,60.00,13081,3200,511,0,0,0,13051,497.51,497.51,8,604,0.0000,0.4610,0.5450,0.8320,0.0890
2026-04-28T17:30:14.015,9.166,1,0.30,1.29,0.00,0.00,1,-0.0631,-0.0078,0.2569,0.0000,0.0000,0.0000,123.13,-2.26,1,4.200,4.200,0.800,38,87,0,0.000,0.7600,0.0000,55.21,59.95,550,550,1.00000,1.00000,1.00000,1.00000,0.00000,3,3,0,1,23.63612,0.03411,1.90502,0.0631,0.0078,0.0931,0.0000,0.0000,0.0000,146.87,8.78,-126.15,1,1,0.0000,0.0000,0.3500,-90.00,0.7600,0.4200,1.0000,8.00,180.00,10.000000,0.250000,0.000000,1.200000,0.000000,0.000000,1.200000,0.000000,0.000000,0.900000,0.000000,0.000000,0.850000,0.040000,0.000000,0.008000,0.000000,0.000600,0.008000,0.000000,0.000600,0.006000,0.000000,0.000000,1,1,1,550,232,541,541,540,0,0,60.00,13081,3200,511,0,0,0,13051,497.51,497.51,8,604,0.0000,0.4610,0.5450,0.8320,0.0890
2026-04-28T17:30:14.031,9.182,1,0.30,1.29,0.00,0.00,1,-0.0631,-0.0079,0.2571,0.0000,0.0000,0.0000,123.07,3.48,1,4.200,4.200,0.800,38,87,0,0.000,0.7600,0.0000,51.78,60.09,551,551,1.00000,1.00000,1.00000,1.00000,0.00000,3,3,0,1,23.59963,0.03387,1.90068,0.0631,0.0079,0.0929,0.0000,0.0000,0.0000,146.93,8.78,-126.15,1,1,0.0000,0.0000,0.3500,-90.00,0.7600,0.4200,1.0000,8.00,180.00,10.000000,0.250000,0.000000,1.200000,0.000000,0.000000,1.200000,0.000000,0.000000,0.900000,0.000000,0.000000,0.850000,0.040000,0.000000,0.008000,0.000000,0.000600,0.008000,0.000000,0.000600,0.006000,0.000000,0.000000,1,1,1,551,232,541,541,540,0,0,60.00,13081,3200,511,0,0,0,13051,497.51,497.51,8,604,0.0000,0.4610,0.5450,0.8320,0.0890
2026-04-28T17:30:14.049,9.199,1,0.30,1.29,0.00,0.00,1,-0.0630,-0.0080,0.2570,0.0000,0.0000,0.0000,123.06,0.60,1,4.200,4.200,0.800,38,87,0,0.000,0.7600,0.0000,64.06,64.00,552,552,1.00000,1.00000,1.00000,1.00000,0.00000,3,3,0,1,23.61622,0.03399,1.90231,0.0630,0.0080,0.0930,0.0000,0.0000,0.0000,146.94,8.82,-126.14,1,1,0.0000,0.0000,0.3500,-90.00,0.7600,0.4200,1.0000,8.00,180.00,10.000000,0.250000,0.000000,1.200000,0.000000,0.000000,1.200000,0.000000,0.000000,0.900000,0.000000,0.000000,0.850000,0.040000,0.000000,0.008000,0.000000,0.000600,0.008000,0.000000,0.000600,0.006000,0.000000,0.000000,1,1,1,552,232,541,541,540,0,0,60.00,13081,3200,511,0,0,0,13051,497.51,497.51,8,604,0.0000,0.4610,0.5450,0.8320,0.0890
2026-04-28T17:30:14.061,9.212,1,0.30,1.29,0.00,0.00,1,-0.0631,-0.0078,0.2571,0.0000,0.0000,0.0000,123.11,-3.75,1,4.200,4.200,0.800,38,87,0,0.000,0.7600,0.0000,57.03,59.42,553,553,1.00000,1.00000,1.00000,1.00000,0.00000,3,3,0,1,23.61989,0.03407,1.90347,0.0631,0.0078,0.0929,0.0000,0.0000,0.0000,146.89,8.76,-126.13,1,1,0.0000,0.0000,0.3500,-90.00,0.7600,0.4200,1.0000,8.00,180.00,10.000000,0.250000,0.000000,1.200000,0.000000,0.000000,1.200000,0.000000,0.000000,0.900000,0.000000,0.000000,0.850000,0.040000,0.000000,0.008000,0.000000,0.000600,0.008000,0.000000,0.000600,0.006000,0.000000,0.000000,1,1,1,553,232,541,541,540,0,0,60.00,13081,3200,511,0,0,0,13051,497.51,497.51,8,604,0.0000,0.4610,0.5450,0.8320,0.0890
2026-04-28T17:30:14.083,9.234,1,0.30,1.29,0.00,0.00,1,-0.0630,-0.0078,0.2569,0.0000,0.0000,0.0000,123.06,2.39,1,4.200,4.200,0.800,38,87,0,0.000,0.7600,0.0000,88.21,56.80,554,554,1.00000,1.00000,1.00000,1.00000,0.00000,3,3,0,1,23.64821,0.03404,1.90389,0.0630,0.0078,0.0931,0.0000,0.0000,0.0000,146.94,8.81,-126.16,1,1,0.0000,0.0000,0.3500,-90.00,0.7600,0.4200,1.0000,8.00,180.00,10.000000,0.250000,0.000000,1.200000,0.000000,0.000000,1.200000,0.000000,0.000000,0.900000,0.000000,0.000000,0.850000,0.040000,0.000000,0.008000,0.000000,0.000600,0.008000,0.000000,0.000600,0.006000,0.000000,0.000000,1,1,1,554,232,541,541,540,0,0,60.00,13081,3200,511,0,0,0,13051,497.51,497.51,8,604,0.0000,0.4610,0.5450,0.8320,0.0890
2026-04-28T17:30:14.101,9.251,1,0.30,1.29,0.00,0.00,1,-0.0631,-0.0078,0.2571,0.0000,0.0000,0.0000,123.12,-3.42,1,4.200,4.200,0.800,38,87,0,0.000,0.7600,0.0000,43.64,60.26,555,555,1.00000,1.00000,1.00000,1.00000,0.00000,3,3,0,1,23.65824,0.03387,1.90216,0.0631,0.0078,0.0929,0.0000,0.0000,0.0000,146.88,8.73,-126.18,1,1,0.0000,0.0000,0.3500,-90.00,0.7600,0.4200,1.0000,8.00,180.00,10.000000,0.250000,0.000000,1.200000,0.000000,0.000000,1.200000,0.000000,0.000000,0.900000,0.000000,0.000000,0.850000,0.040000,0.000000,0.008000,0.000000,0.000600,0.008000,0.000000,0.000600,0.006000,0.000000,0.000000,1,1,1,555,232,541,541,540,0,0,60.00,13081,3200,511,0,0,0,13051,497.51,497.51,8,604,0.0000,0.4610,0.5450,0.8320,0.0890
2026-04-28T17:30:14.112,9.263,1,0.30,1.29,0.00,0.00,1,-0.0631,-0.0081,0.2571,0.0000,0.0112,0.0000,123.02,8.05,1,4.200,4.200,0.800,38,87,0,0.000,0.7600,0.0000,57.01,62.27,556,556,1.00000,1.00000,1.00000,1.00000,0.00000,3,3,0,1,23.60475,0.03402,1.90600,0.0631,0.0081,0.0929,0.0000,0.0112,0.0000,146.98,8.76,-126.16,1,1,0.0000,0.0000,0.3500,-90.00,0.7600,0.4200,1.0000,8.00,180.00,10.000000,0.250000,0.000000,1.200000,0.000000,0.000000,1.200000,0.000000,0.000000,0.900000,0.000000,0.000000,0.850000,0.040000,0.000000,0.008000,0.000000,0.000600,0.008000,0.000000,0.000600,0.006000,0.000000,0.000000,1,1,1,556,236,541,541,540,0,0,60.00,13081,3200,511,0,0,0,13051,497.51,497.51,8,604,0.0000,0.4610,0.5450,0.8320,0.0890
2026-04-28T17:30:14.133,9.284,1,0.30,1.29,0.00,0.00,1,-0.0631,-0.0081,0.2571,0.0000,0.0000,0.0000,123.04,-0.99,1,4.200,4.200,0.800,38,87,0,0.000,0.7600,0.0000,96.04,57.41,557,557,1.00000,1.00000,1.00000,1.00000,0.00000,3,3,0,1,23.62157,0.03400,1.90356,0.0631,0.0081,0.0929,0.0000,0.0000,0.0000,146.96,8.78,-126.14,1,1,0.0000,0.0000,0.3500,-90.00,0.7600,0.4200,1.0000,8.00,180.00,10.000000,0.250000,0.000000,1.200000,0.000000,0.000000,1.200000,0.000000,0.000000,0.900000,0.000000,0.000000,0.850000,0.040000,0.000000,0.008000,0.000000,0.000600,0.008000,0.000000,0.000600,0.006000,0.000000,0.000000,1,1,1,557,232,541,541,540,0,0,60.00,13081,3200,511,0,0,0,13051,497.51,497.51,8,604,0.0000,0.4610,0.5450,0.8320,0.0890
2026-04-28T17:30:14.151,9.301,1,0.30,1.29,0.00,0.00,1,-0.0630,-0.0080,0.2571,0.0000,0.0000,0.0000,123.01,1.72,1,4.200,4.200,0.800,38,87,0,0.000,0.7600,0.0000,44.89,60.21,558,558,1.00000,1.00000,1.00000,1.00000,0.00000,3,3,0,1,23.60113,0.03390,1.90096,0.0630,0.0080,0.0929,0.0000,0.0000,0.0000,146.99,8.79,-126.14,1,1,0.0000,0.0000,0.3500,-90.00,0.7600,0.4200,1.0000,8.00,180.00,10.000000,0.250000,0.000000,1.200000,0.000000,0.000000,1.200000,0.000000,0.000000,0.900000,0.000000,0.000000,0.850000,0.040000,0.000000,0.008000,0.000000,0.000600,0.008000,0.000000,0.000600,0.006000,0.000000,0.000000,1,1,1,558,232,541,541,540,0,0,60.00,13081,3200,511,0,0,0,13051,497.51,497.51,8,604,0.0000,0.4610,0.5450,0.8320,0.0890
2026-04-28T17:30:14.159,9.310,1,0.30,1.29,0.00,0.00,1,-0.0630,-0.0080,0.2571,0.0000,0.0000,0.0000,123.03,-2.17,1,4.200,4.200,0.800,38,87,0,0.000,0.7600,0.0000,57.42,63.61,559,559,1.00000,1.00000,1.00000,1.00000,0.00000,3,3,0,1,23.62157,0.03400,1.90356,0.0630,0.0080,0.0929,0.0000,0.0000,0.0000,146.97,8.80,-126.13,1,1,0.0000,0.0000,0.3500,-90.00,0.7600,0.4200,1.0000,8.00,180.00,10.000000,0.250000,0.000000,1.200000,0.000000,0.000000,1.200000,0.000000,0.000000,0.900000,0.000000,0.000000,0.850000,0.040000,0.000000,0.008000,0.000000,0.000600,0.008000,0.000000,0.000600,0.006000,0.000000,0.000000,1,1,1,559,231,541,541,540,0,0,60.00,13081,3200,511,0,0,0,13051,497.51,497.51,8,604,0.0000,0.4610,0.5450,0.8320,0.0890
2026-04-28T17:30:14.183,9.333,1,0.30,1.29,0.00,0.00,1,-0.0630,-0.0080,0.2571,0.0000,0.0000,0.0000,123.01,0.90,1,4.200,4.200,0.800,38,87,0,0.000,0.7600,0.0000,138.92,60.40,560,560,1.00000,1.00000,1.00000,1.00000,0.00000,3,3,0,1,23.59577,0.03389,1.89971,0.0630,0.0080,0.0929,0.0000,0.0000,0.0000,146.99,8.83,-126.15,1,1,0.0000,0.0000,0.3500,-90.00,0.7600,0.4200,1.0000,8.00,180.00,10.000000,0.250000,0.000000,1.200000,0.000000,0.000000,1.200000,0.000000,0.000000,0.900000,0.000000,0.000000,0.850000,0.040000,0.000000,0.008000,0.000000,0.000600,0.008000,0.000000,0.000600,0.006000,0.000000,0.000000,1,1,1,560,232,541,541,540,0,0,60.00,13081,3200,511,0,0,0,13051,497.51,497.51,8,604,0.0000,0.4610,0.5450,0.8320,0.0890
2026-04-28T17:30:14.199,9.349,1,0.30,1.29,0.00,0.00,1,-0.0630,-0.0079,0.2569,0.0000,0.0000,0.0000,123.04,-1.83,1,4.200,4.200,0.800,38,87,0,0.000,0.7600,0.0000,42.04,56.55,561,561,1.00000,1.00000,1.00000,1.00000,0.00000,3,3,0,1,23.64420,0.03407,1.90431,0.0630,0.0079,0.0931,0.0000,0.0000,0.0000,146.96,8.83,-126.16,1,1,0.0000,0.0000,0.3500,-90.00,0.7600,0.4200,1.0000,8.00,180.00,10.000000,0.250000,0.000000,1.200000,0.000000,0.000000,1.200000,0.000000,0.000000,0.900000,0.000000,0.000000,0.850000,0.040000,0.000000,0.008000,0.000000,0.000600,0.008000,0.000000,0.000600,0.006000,0.000000,0.000000,1,1,1,561,232,541,541,540,0,0,60.00,13081,3200,511,0,0,0,13051,497.51,497.51,8,604,0.0000,0.4610,0.5450,0.8320,0.0890
2026-04-28T17:30:14.215,9.366,1,0.30,1.29,0.00,0.00,1,-0.0630,-0.0079,0.2569,0.0000,0.0000,0.0000,123.06,-1.23,1,4.200,4.200,0.800,38,87,0,0.000,0.7600,0.0000,58.04,63.79,562,562,1.00000,1.00000,1.00000,1.00000,0.00000,3,3,0,1,23.63230,0.03407,1.90225,0.0630,0.0079,0.0931,0.0000,0.0000,0.0000,146.94,8.85,-126.12,1,1,0.0000,0.0000,0.3500,-90.00,0.7600,0.4200,1.0000,8.00,180.00,10.000000,0.250000,0.000000,1.200000,0.000000,0.000000,1.200000,0.000000,0.000000,0.900000,0.000000,0.000000,0.850000,0.040000,0.000000,0.008000,0.000000,0.000600,0.008000,0.000000,0.000600,0.006000,0.000000,0.000000,1,1,1,562,232,541,541,540,0,0,60.00,13081,3200,511,0,0,0,13051,497.51,497.51,8,604,0.0000,0.4610,0.5450,0.8320,0.0890
2026-04-28T17:30:14.231,9.382,1,0.30,1.29,0.00,0.00,1,-0.0631,-0.0079,0.2571,0.0000,0.0000,0.0000,123.07,-0.62,1,4.200,4.200,0.800,38,87,0,0.000,0.7600,0.0000,62.62,57.63,563,563,1.00000,1.00000,1.00000,1.00000,0.00000,3,3,0,1,23.62259,0.03410,1.90330,0.0631,0.0079,0.0929,0.0000,0.0000,0.0000,146.93,8.81,-126.15,1,1,0.0000,0.0000,0.3500,-90.00,0.7600,0.4200,1.0000,8.00,180.00,10.000000,0.250000,0.000000,1.200000,0.000000,0.000000,1.200000,0.000000,0.000000,0.900000,0.000000,0.000000,0.850000,0.040000,0.000000,0.008000,0.000000,0.000600,0.008000,0.000000,0.000600,0.006000,0.000000,0.000000,1,1,1,563,232,541,541,540,0,0,60.00,13081,3200,511,0,0,0,13051,497.51,497.51,8,604,0.0000,0.4610,0.5450,0.8320,0.0890
2026-04-28T17:30:14.246,9.397,1,0.30,1.29,0.00,0.00,1,-0.0631,-0.0079,0.2570,0.0000,0.0000,0.0000,123.08,-0.61,1,4.200,4.200,0.800,38,87,0,0.000,0.7600,0.0000,62.11,62.54,564,564,1.00000,1.00000,1.00000,1.00000,0.00000,3,3,0,1,23.62022,0.03408,1.90570,0.0631,0.0079,0.0930,0.0000,0.0000,0.0000,146.92,8.82,-126.15,1,1,0.0000,0.0000,0.3500,-90.00,0.7600,0.4200,1.0000,8.00,180.00,10.000000,0.250000,0.000000,1.200000,0.000000,0.000000,1.200000,0.000000,0.000000,0.900000,0.000000,0.000000,0.850000,0.040000,0.000000,0.008000,0.000000,0.000600,0.008000,0.000000,0.000600,0.006000,0.000000,0.000000,1,1,1,564,232,541,541,540,0,0,60.00,13081,3200,511,0,0,0,13051,497.51,497.51,8,604,0.0000,0.4610,0.5450,0.8320,0.0890
2026-04-28T17:30:14.264,9.415,1,0.30,1.29,0.00,0.00,1,-0.0631,-0.0079,0.2571,0.0000,0.0000,0.0000,123.07,0.61,1,4.200,4.200,0.800,38,87,0,0.000,0.7600,0.0000,58.72,60.37,565,565,1.00000,1.00000,1.00000,1.00000,0.00000,3,3,0,1,23.62506,0.03400,1.90339,0.0631,0.0079,0.0929,0.0000,0.0000,0.0000,146.93,8.79,-126.16,1,1,0.0000,0.0000,0.3500,-90.00,0.7600,0.4200,1.0000,8.00,180.00,10.000000,0.250000,0.000000,1.200000,0.000000,0.000000,1.200000,0.000000,0.000000,0.900000,0.000000,0.000000,0.850000,0.040000,0.000000,0.008000,0.000000,0.000600,0.008000,0.000000,0.000600,0.006000,0.000000,0.000000,1,1,1,565,232,541,541,540,0,0,60.00,13081,3200,511,0,0,0,13051,497.51,497.51,8,604,0.0000,0.4610,0.5450,0.8320,0.0890
2026-04-28T17:30:14.279,9.430,1,0.30,1.29,0.00,0.00,1,-0.0631,-0.0079,0.2570,0.0000,0.0000,0.0000,123.07,0.00,1,4.200,4.200,0.800,38,87,0,0.000,0.7600,0.0000,62.61,58.46,566,566,1.00000,1.00000,1.00000,1.00000,0.00000,3,3,0,1,23.64774,0.03403,1.90500,0.0631,0.0079,0.0930,0.0000,0.0000,0.0000,146.93,8.76,-126.16,1,1,0.0000,0.0000,0.3500,-90.00,0.7600,0.4200,1.0000,8.00,180.00,10.000000,0.250000,0.000000,1.200000,0.000000,0.000000,1.200000,0.000000,0.000000,0.900000,0.000000,0.000000,0.850000,0.040000,0.000000,0.008000,0.000000,0.000600,0.008000,0.000000,0.000600,0.006000,0.000000,0.000000,1,1,1,566,232,541,541,540,0,0,60.00,13081,3200,511,0,0,0,13051,497.51,497.51,8,604,0.0000,0.4610,0.5450,0.8320,0.0890
2026-04-28T17:30:14.293,9.444,1,0.30,1.29,0.00,0.00,1,-0.0631,-0.0077,0.2570,0.0000,0.0000,0.0000,123.13,-4.20,1,4.200,4.200,0.800,38,87,0,0.000,0.7600,0.0000,71.06,57.86,567,567,1.00000,1.00000,1.00000,1.00000,0.00000,3,3,0,1,23.64270,0.03398,1.90045,0.0631,0.0077,0.0930,0.0000,0.0000,0.0000,146.87,8.78,-126.15,1,1,0.0000,0.0000,0.3500,-90.00,0.7600,0.4200,1.0000,8.00,180.00,10.000000,0.250000,0.000000,1.200000,0.000000,0.000000,1.200000,0.000000,0.000000,0.900000,0.000000,0.000000,0.850000,0.040000,0.000000,0.008000,0.000000,0.000600,0.008000,0.000000,0.000600,0.006000,0.000000,0.000000,1,1,1,567,232,541,541,540,0,0,60.00,13081,3200,511,0,0,0,13051,497.51,497.51,8,604,0.0000,0.4610,0.5450,0.8320,0.0890
2026-04-28T17:30:14.314,9.465,1,0.30,1.29,0.00,0.00,1,-0.0630,-0.0079,0.2569,0.0000,0.0000,0.0000,123.09,2.00,1,4.200,4.200,0.800,38,87,0,0.000,0.7600,0.0000,70.07,64.04,568,568,1.00000,1.00000,1.00000,1.00000,0.00000,3,3,0,1,23.67345,0.03417,1.90627,0.0630,0.0079,0.0931,0.0000,0.0000,0.0000,146.91,8.84,-126.15,1,1,0.0000,0.0000,0.3500,-90.00,0.7600,0.4200,1.0000,8.00,180.00,10.000000,0.250000,0.000000,1.200000,0.000000,0.000000,1.200000,0.000000,0.000000,0.900000,0.000000,0.000000,0.850000,0.040000,0.000000,0.008000,0.000000,0.000600,0.008000,0.000000,0.000600,0.006000,0.000000,0.000000,1,1,1,568,232,541,541,540,0,0,60.00,13081,3200,511,0,0,0,13051,497.51,497.51,8,604,0.0000,0.4610,0.5450,0.8320,0.0890
2026-04-28T17:30:14.331,9.482,1,0.30,1.29,0.00,0.00,1,-0.0630,-0.0079,0.2572,0.0000,0.0000,0.0000,123.11,-1.18,1,4.200,4.200,0.800,38,87,0,0.000,0.7600,0.0000,47.59,56.45,569,569,1.00000,1.00000,1.00000,1.00000,0.00000,3,3,0,1,23.58145,0.03395,1.90006,0.0630,0.0079,0.0928,0.0000,0.0000,0.0000,146.89,8.78,-126.12,1,1,0.0000,0.0000,0.3500,-90.00,0.7600,0.4200,1.0000,8.00,180.00,10.000000,0.250000,0.000000,1.200000,0.000000,0.000000,1.200000,0.000000,0.000000,0.900000,0.000000,0.000000,0.850000,0.040000,0.000000,0.008000,0.000000,0.000600,0.008000,0.000000,0.000600,0.006000,0.000000,0.000000,1,1,1,569,232,541,541,540,0,0,60.00,13081,3200,511,0,0,0,13051,497.51,497.51,8,604,0.0000,0.4610,0.5450,0.8320,0.0890
2026-04-28T17:30:14.348,9.499,1,0.30,1.29,0.00,0.00,1,-0.0630,-0.0080,0.2571,0.0000,0.0000,0.0000,123.01,6.00,1,4.200,4.200,0.800,38,87,0,0.000,0.7600,0.0000,55.68,61.98,570,570,1.00000,1.00000,1.00000,1.00000,0.00000,3,3,0,1,23.63859,0.03397,1.90544,0.0630,0.0080,0.0929,0.0000,0.0000,0.0000,146.99,8.76,-126.16,1,1,0.0000,0.0000,0.3500,-90.00,0.7600,0.4200,1.0000,8.00,180.00,10.000000,0.250000,0.000000,1.200000,0.000000,0.000000,1.200000,0.000000,0.000000,0.900000,0.000000,0.000000,0.850000,0.040000,0.000000,0.008000,0.000000,0.000600,0.008000,0.000000,0.000600,0.006000,0.000000,0.000000,1,1,1,570,232,541,541,540,0,0,60.00,13081,3200,511,0,0,0,13051,497.51,497.51,8,604,0.0000,0.4610,0.5450,0.8320,0.0890
2026-04-28T17:30:14.366,9.517,1,0.30,1.29,0.00,0.00,1,-0.0631,-0.0080,0.2571,0.0000,0.0000,0.0000,123.03,-1.17,1,4.200,4.200,0.800,38,87,0,0.000,0.7600,0.0000,64.15,57.75,571,571,1.00000,1.00000,1.00000,1.00000,0.00000,3,3,0,1,23.62157,0.03400,1.90356,0.0631,0.0080,0.0929,0.0000,0.0000,0.0000,146.97,8.79,-126.14,1,1,0.0000,0.0000,0.3500,-90.00,0.7600,0.4200,1.0000,8.00,180.00,10.000000,0.250000,0.000000,1.200000,0.000000,0.000000,1.200000,0.000000,0.000000,0.900000,0.000000,0.000000,0.850000,0.040000,0.000000,0.008000,0.000000,0.000600,0.008000,0.000000,0.000600,0.006000,0.000000,0.000000,1,1,1,571,232,541,541,540,0,0,60.00,13081,3200,511,0,0,0,13051,497.51,497.51,8,604,0.0000,0.4610,0.5450,0.8320,0.0890
2026-04-28T17:30:14.382,9.533,1,0.30,1.29,0.00,0.00,1,-0.0630,-0.0080,0.2570,0.0000,0.0000,0.0000,123.03,0.00,1,4.200,4.200,0.800,38,87,0,0.000,0.7600,0.0000,52.25,64.40,572,572,1.00000,1.00000,1.00000,1.00000,0.00000,3,3,0,1,23.70450,0.03407,1.90540,0.0630,0.0080,0.0930,0.0000,0.0000,0.0000,146.97,8.81,-126.16,1,1,0.0000,0.0000,0.3500,-90.00,0.7600,0.4200,1.0000,8.00,180.00,10.000000,0.250000,0.000000,1.200000,0.000000,0.000000,1.200000,0.000000,0.000000,0.900000,0.000000,0.000000,0.850000,0.040000,0.000000,0.008000,0.000000,0.000600,0.008000,0.000000,0.000600,0.006000,0.000000,0.000000,1,1,1,572,232,541,541,540,0,0,60.00,13081,3200,511,0,0,0,13051,497.51,497.51,8,604,0.0000,0.4610,0.5450,0.8320,0.0890
2026-04-28T17:30:14.400,9.551,1,0.30,1.29,0.00,0.00,1,-0.0630,-0.0080,0.2569,0.0000,0.0000,0.0000,123.04,-0.55,1,4.200,4.200,0.800,38,87,0,0.000,0.7600,0.0000,62.37,60.02,573,573,1.00000,1.00000,1.00000,1.00000,0.00000,3,3,0,1,23.61622,0.03399,1.90231,0.0630,0.0080,0.0931,0.0000,0.0000,0.0000,146.96,8.84,-126.15,1,1,0.0000,0.0000,0.3500,-90.00,0.7600,0.4200,1.0000,8.00,180.00,10.000000,0.250000,0.000000,1.200000,0.000000,0.000000,1.200000,0.000000,0.000000,0.900000,0.000000,0.000000,0.850000,0.040000,0.000000,0.008000,0.000000,0.000600,0.008000,0.000000,0.000600,0.006000,0.000000,0.000000,1,1,1,573,232,541,541,540,0,0,60.00,13081,3200,511,0,0,0,13051,497.51,497.51,8,604,0.0000,0.4610,0.5450,0.8320,0.0890
2026-04-28T17:30:14.418,9.569,1,0.30,1.29,0.00,0.00,1,-0.0630,-0.0079,0.2571,0.0000,0.0000,0.0000,123.09,-2.75,1,4.200,4.200,0.800,38,87,0,0.000,0.7600,0.0000,54.49,56.24,574,574,1.00000,1.00000,1.00000,1.00000,0.00000,3,3,0,1,23.60593,0.03402,1.90224,0.0630,0.0079,0.0929,0.0000,0.0000,0.0000,146.91,8.80,-126.11,1,1,0.0000,0.0000,0.3500,-90.00,0.7600,0.4200,1.0000,8.00,180.00,10.000000,0.250000,0.000000,1.200000,0.000000,0.000000,1.200000,0.000000,0.000000,0.900000,0.000000,0.000000,0.850000,0.040000,0.000000,0.008000,0.000000,0.000600,0.008000,0.000000,0.000600,0.006000,0.000000,0.000000,1,1,1,574,231,541,541,540,0,0,60.00,13081,3200,511,0,0,0,13051,497.51,497.51,8,604,0.0000,0.4610,0.5450,0.8320,0.0890
2026-04-28T17:30:14.431,9.582,1,0.30,1.29,0.00,0.00,1,-0.0630,-0.0080,0.2571,0.0000,0.0000,0.0000,123.06,2.34,1,4.200,4.200,0.800,38,87,0,0.000,0.7600,0.0000,56.06,64.27,575,575,1.00000,1.00000,1.00000,1.00000,0.00000,3,3,0,1,23.65142,0.03395,1.90202,0.0630,0.0080,0.0929,0.0000,0.0000,0.0000,146.94,8.82,-126.14,1,1,0.0000,0.0000,0.3500,-90.00,0.7600,0.4200,1.0000,8.00,180.00,10.000000,0.250000,0.000000,1.200000,0.000000,0.000000,1.200000,0.000000,0.000000,0.900000,0.000000,0.000000,0.850000,0.040000,0.000000,0.008000,0.000000,0.000600,0.008000,0.000000,0.000600,0.006000,0.000000,0.000000,1,1,1,575,232,541,541,540,0,0,60.00,13081,3200,511,0,0,0,13051,497.51,497.51,8,604,0.0000,0.4610,0.5450,0.8320,0.0890
2026-04-28T17:30:14.450,9.601,1,0.30,1.29,0.00,0.00,1,-0.0630,-0.0079,0.2571,0.0000,0.0000,0.0000,123.11,-2.64,1,4.200,4.200,0.800,38,87,0,0.000,0.7600,0.0000,78.01,59.96,576,576,1.00000,1.00000,1.00000,1.00000,0.00000,3,3,0,1,23.59128,0.03400,1.90146,0.0630,0.0079,0.0929,0.0000,0.0000,0.0000,146.89,8.78,-126.11,1,1,0.0000,0.0000,0.3500,-90.00,0.7600,0.4200,1.0000,8.00,180.00,10.000000,0.250000,0.000000,1.200000,0.000000,0.000000,1.200000,0.000000,0.000000,0.900000,0.000000,0.000000,0.850000,0.040000,0.000000,0.008000,0.000000,0.000600,0.008000,0.000000,0.000600,0.006000,0.000000,0.000000,1,1,1,576,232,541,541,540,0,0,60.00,13081,3200,511,0,0,0,13051,497.51,497.51,8,604,0.0000,0.4610,0.5450,0.8320,0.0890
2026-04-28T17:30:14.458,9.609,1,0.30,1.29,0.00,0.00,1,-0.0630,-0.0080,0.2570,0.0000,0.0000,0.0000,123.10,1.08,1,4.200,4.200,0.800,38,87,0,0.000,0.7600,0.0000,51.77,58.11,577,577,1.00000,1.00000,1.00000,1.00000,0.00000,3,3,0,1,23.66646,0.03408,1.90223,0.0630,0.0080,0.0930,0.0000,0.0000,0.0000,146.90,8.85,-126.13,1,1,0.0000,0.0000,0.3500,-90.00,0.7600,0.4200,1.0000,8.00,180.00,10.000000,0.250000,0.000000,1.200000,0.000000,0.000000,1.200000,0.000000,0.000000,0.900000,0.000000,0.000000,0.850000,0.040000,0.000000,0.008000,0.000000,0.000600,0.008000,0.000000,0.000600,0.006000,0.000000,0.000000,1,1,1,577,231,541,541,540,0,0,60.00,13081,3200,511,0,0,0,13051,497.51,497.51,8,604,0.0000,0.4610,0.5450,0.8320,0.0890
2026-04-28T17:30:14.483,9.634,1,0.30,1.29,0.00,0.00,1,-0.0630,-0.0079,0.2571,0.0000,0.0000,0.0000,123.13,-1.24,1,4.200,4.200,0.800,38,87,0,0.000,0.7600,0.0000,145.92,60.91,578,578,1.00000,1.00000,1.00000,1.00000,0.00000,3,3,0,1,23.60593,0.03402,1.90224,0.0630,0.0079,0.0929,0.0000,0.0000,0.0000,146.87,8.80,-126.11,1,1,0.0000,0.0000,0.3500,-90.00,0.7600,0.4200,1.0000,8.00,180.00,10.000000,0.250000,0.000000,1.200000,0.000000,0.000000,1.200000,0.000000,0.000000,0.900000,0.000000,0.000000,0.850000,0.040000,0.000000,0.008000,0.000000,0.000600,0.008000,0.000000,0.000600,0.006000,0.000000,0.000000,1,1,1,578,231,541,541,540,0,0,60.00,13081,3200,511,0,0,0,13051,497.51,497.51,8,604,0.0000,0.4610,0.5450,0.8320,0.0890
2026-04-28T17:30:14.500,9.651,1,0.30,1.29,0.00,0.00,1,-0.0631,-0.0078,0.2570,0.0000,0.0000,0.0000,123.07,3.62,1,4.200,4.200,0.800,38,87,0,0.000,0.7600,0.0000,38.09,61.30,579,579,1.00000,1.00000,1.00000,1.00000,0.00000,3,3,0,1,23.63706,0.03398,1.90382,0.0631,0.0078,0.0930,0.0000,0.0000,0.0000,146.93,8.78,-126.14,1,1,0.0000,0.0000,0.3500,-90.00,0.7600,0.4200,1.0000,8.00,180.00,10.000000,0.250000,0.000000,1.200000,0.000000,0.000000,1.200000,0.000000,0.000000,0.900000,0.000000,0.000000,0.850000,0.040000,0.000000,0.008000,0.000000,0.000600,0.008000,0.000000,0.000600,0.006000,0.000000,0.000000,1,1,1,579,232,541,541,540,0,0,60.00,13081,3200,511,0,0,0,13051,497.51,497.51,8,604,0.0000,0.4610,0.5450,0.8320,0.0890
2026-04-28T17:30:14.517,9.667,1,0.30,1.29,0.00,0.00,1,-0.0631,-0.0078,0.2571,0.0000,0.0000,0.0000,123.11,-2.45,1,4.200,4.200,0.800,38,87,0,0.000,0.7600,0.0000,60.14,59.85,580,580,1.00000,1.00000,1.00000,1.00000,0.00000,3,3,0,1,23.60942,0.03402,1.90206,0.0631,0.0078,0.0929,0.0000,0.0000,0.0000,146.89,8.74,-126.13,1,1,0.0000,0.0000,0.3500,-90.00,0.7600,0.4200,1.0000,8.00,180.00,10.000000,0.250000,0.000000,1.200000,0.000000,0.000000,1.200000,0.000000,0.000000,0.900000,0.000000,0.000000,0.850000,0.040000,0.000000,0.008000,0.000000,0.000600,0.008000,0.000000,0.000600,0.006000,0.000000,0.000000,1,1,1,580,232,541,541,540,0,0,60.00,13081,3200,511,0,0,0,13051,497.51,497.51,8,604,0.0000,0.4610,0.5450,0.8320,0.0890
2026-04-28T17:30:14.534,9.685,1,0.30,1.29,0.00,0.00,1,-0.0630,-0.0079,0.2571,0.0000,0.0000,0.0000,123.00,6.22,1,4.200,4.200,0.800,38,87,0,0.000,0.7600,0.0000,60.21,56.66,581,581,1.00000,1.00000,1.00000,1.00000,0.00000,3,3,0,1,23.63767,0.03397,1.90255,0.0630,0.0079,0.0929,0.0000,0.0000,0.0000,147.00,8.79,-126.16,1,1,0.0000,0.0000,0.3500,-90.00,0.7600,0.4200,1.0000,8.00,180.00,10.000000,0.250000,0.000000,1.200000,0.000000,0.000000,1.200000,0.000000,0.000000,0.900000,0.000000,0.000000,0.850000,0.040000,0.000000,0.008000,0.000000,0.000600,0.008000,0.000000,0.000600,0.006000,0.000000,0.000000,1,1,1,581,229,541,541,540,0,0,60.00,13081,3200,511,0,0,0,13051,497.51,497.51,8,604,0.0000,0.4610,0.5450,0.8320,0.0890
2026-04-28T17:30:14.550,9.701,1,0.30,1.29,0.00,0.00,1,-0.0630,-0.0077,0.2571,0.0000,0.0000,0.0000,123.08,-4.94,1,4.200,4.200,0.800,38,87,0,0.000,0.7600,0.0000,57.71,64.03,582,582,1.00000,1.00000,1.00000,1.00000,0.00000,3,3,0,1,23.60408,0.03402,1.90081,0.0630,0.0077,0.0929,0.0000,0.0000,0.0000,146.92,8.77,-126.15,1,1,0.0000,0.0000,0.3500,-90.00,0.7600,0.4200,1.0000,8.00,180.00,10.000000,0.250000,0.000000,1.200000,0.000000,0.000000,1.200000,0.000000,0.000000,0.900000,0.000000,0.000000,0.850000,0.040000,0.000000,0.008000,0.000000,0.000600,0.008000,0.000000,0.000600,0.006000,0.000000,0.000000,1,1,1,582,232,541,541,540,0,0,60.00,13081,3200,511,0,0,0,13051,497.51,497.51,8,604,0.0000,0.4610,0.5450,0.8320,0.0890
2026-04-28T17:30:14.565,9.715,1,0.30,1.29,0.00,0.00,1,-0.0630,-0.0078,0.2570,0.0000,0.0000,0.0000,123.07,0.70,1,4.200,4.200,0.800,38,87,0,0.000,0.7600,0.0000,61.76,60.20,583,583,1.00000,1.00000,1.00000,1.00000,0.00000,3,3,0,1,23.61971,0.03399,1.90214,0.0630,0.0078,0.0930,0.0000,0.0000,0.0000,146.93,8.79,-126.17,1,1,0.0000,0.0000,0.3500,-90.00,0.7600,0.4200,1.0000,8.00,180.00,10.000000,0.250000,0.000000,1.200000,0.000000,0.000000,1.200000,0.000000,0.000000,0.900000,0.000000,0.000000,0.850000,0.040000,0.000000,0.008000,0.000000,0.000600,0.008000,0.000000,0.000600,0.006000,0.000000,0.000000,1,1,1,583,232,541,541,540,0,0,60.00,13081,3200,511,0,0,0,13051,497.51,497.51,8,604,0.0000,0.4610,0.5450,0.8320,0.0890
2026-04-28T17:30:14.582,9.733,1,0.30,1.29,0.00,0.00,1,-0.0631,-0.0078,0.2571,0.0000,0.0000,0.0000,123.11,-2.30,1,4.200,4.200,0.800,38,87,0,0.000,0.7600,0.0000,68.98,55.98,584,584,1.00000,1.00000,1.00000,1.00000,0.00000,3,3,0,1,23.60942,0.03402,1.90206,0.0631,0.0078,0.0929,0.0000,0.0000,0.0000,146.89,8.74,-126.15,1,1,0.0000,0.0000,0.3500,-90.00,0.7600,0.4200,1.0000,8.00,180.00,10.000000,0.250000,0.000000,1.200000,0.000000,0.000000,1.200000,0.000000,0.000000,0.900000,0.000000,0.000000,0.850000,0.040000,0.000000,0.008000,0.000000,0.000600,0.008000,0.000000,0.000600,0.006000,0.000000,0.000000,1,1,1,584,232,541,541,540,0,0,60.00,13081,3200,511,0,0,0,13051,497.51,497.51,8,604,0.0000,0.4610,0.5450,0.8320,0.0890
2026-04-28T17:30:14.598,9.749,1,0.30,1.29,0.00,0.00,1,-0.0630,-0.0080,0.2571,0.0000,0.0000,0.0000,123.05,3.62,1,4.200,4.200,0.800,38,87,0,0.000,0.7600,0.0000,62.03,60.15,585,585,1.00000,1.00000,1.00000,1.00000,0.00000,3,3,0,1,23.62602,0.03400,1.90342,0.0630,0.0080,0.0929,0.0000,0.0000,0.0000,146.95,8.79,-126.14,1,1,0.0000,0.0000,0.3500,-90.00,0.7600,0.4200,1.0000,8.00,180.00,10.000000,0.250000,0.000000,1.200000,0.000000,0.000000,1.200000,0.000000,0.000000,0.900000,0.000000,0.000000,0.850000,0.040000,0.000000,0.008000,0.000000,0.000600,0.008000,0.000000,0.000600,0.006000,0.000000,0.000000,1,1,1,585,232,541,541,540,0,0,60.00,13081,3200,511,0,0,0,13051,497.51,497.51,8,604,0.0000,0.4610,0.5450,0.8320,0.0890
2026-04-28T17:30:14.614,9.764,1,0.30,1.29,0.00,0.00,1,-0.0631,-0.0079,0.2570,0.0000,0.0000,0.0000,123.04,0.65,1,4.200,4.200,0.800,38,87,0,0.000,0.7600,0.0000,56.84,63.71,586,586,1.00000,1.00000,1.00000,1.00000,0.00000,3,3,0,1,23.62817,0.03390,1.90349,0.0631,0.0079,0.0930,0.0000,0.0000,0.0000,146.96,8.76,-126.15,1,1,0.0000,0.0000,0.3500,-90.00,0.7600,0.4200,1.0000,8.00,180.00,10.000000,0.250000,0.000000,1.200000,0.000000,0.000000,1.200000,0.000000,0.000000,0.900000,0.000000,0.000000,0.850000,0.040000,0.000000,0.008000,0.000000,0.000600,0.008000,0.000000,0.000600,0.006000,0.000000,0.000000,1,1,1,586,232,541,541,540,0,0,60.00,13081,3200,511,0,0,0,13051,497.51,497.51,8,604,0.0000,0.4610,0.5450,0.8320,0.0890
2026-04-28T17:30:14.631,9.782,1,0.30,1.29,0.00,0.00,1,-0.0630,-0.0080,0.2569,0.0000,0.0000,0.0000,123.05,-0.57,1,4.200,4.200,0.800,38,87,0,0.000,0.7600,0.0000,70.27,56.45,587,587,1.00000,1.00000,1.00000,1.00000,0.00000,3,3,0,1,23.64347,0.03404,1.90371,0.0630,0.0080,0.0931,0.0000,0.0000,0.0000,146.95,8.82,-126.14,1,1,0.0000,0.0000,0.3500,-90.00,0.7600,0.4200,1.0000,8.00,180.00,10.000000,0.250000,0.000000,1.200000,0.000000,0.000000,1.200000,0.000000,0.000000,0.900000,0.000000,0.000000,0.850000,0.040000,0.000000,0.008000,0.000000,0.000600,0.008000,0.000000,0.000600,0.006000,0.000000,0.000000,1,1,1,587,232,541,541,540,0,0,60.00,13081,3200,511,0,0,0,13051,497.51,497.51,8,604,0.0000,0.4610,0.5450,0.8320,0.0890
2026-04-28T17:30:14.649,9.800,1,0.30,1.29,0.00,0.00,1,-0.0631,-0.0078,0.2570,0.0000,0.0000,0.0000,123.12,-3.92,1,4.200,4.200,0.800,38,87,0,0.000,0.7600,0.0000,53.63,60.40,588,588,1.00000,1.00000,1.00000,1.00000,0.00000,3,3,0,1,23.64486,0.03398,1.90177,0.0631,0.0078,0.0930,0.0000,0.0000,0.0000,146.88,8.81,-126.11,1,1,0.0000,0.0000,0.3500,-90.00,0.7600,0.4200,1.0000,8.00,180.00,10.000000,0.250000,0.000000,1.200000,0.000000,0.000000,1.200000,0.000000,0.000000,0.900000,0.000000,0.000000,0.850000,0.040000,0.000000,0.008000,0.000000,0.000600,0.008000,0.000000,0.000600,0.006000,0.000000,0.000000,1,1,1,588,232,541,541,540,0,0,60.00,13081,3200,511,0,0,0,13051,497.51,497.51,8,604,0.0000,0.4610,0.5450,0.8320,0.0890
2026-04-28T17:30:14.664,9.814,1,0.30,1.29,0.00,0.00,1,-0.0630,-0.0078,0.2569,0.0000,0.0000,0.0000,123.11,0.68,1,4.200,4.200,0.800,38,87,0,0.000,0.7600,0.0000,56.04,65.45,589,589,1.00000,1.00000,1.00000,1.00000,0.00000,3,3,0,1,23.66562,0.03397,1.90233,0.0630,0.0078,0.0931,0.0000,0.0000,0.0000,146.89,8.80,-126.16,1,1,0.0000,0.0000,0.3500,-90.00,0.7600,0.4200,1.0000,8.00,180.00,10.000000,0.250000,0.000000,1.200000,0.000000,0.000000,1.200000,0.000000,0.000000,0.900000,0.000000,0.000000,0.850000,0.040000,0.000000,0.008000,0.000000,0.000600,0.008000,0.000000,0.000600,0.006000,0.000000,0.000000,1,1,1,589,231,541,541,540,0,0,60.00,13081,3200,511,0,0,0,13051,497.51,497.51,8,604,0.0000,0.4610,0.5450,0.8320,0.0890
2026-04-28T17:30:14.681,9.832,1,0.30,1.29,0.00,0.00,1,-0.0630,-0.0078,0.2569,0.0000,0.0000,0.0000,123.06,3.03,1,4.200,4.200,0.800,38,87,0,0.000,0.7600,0.0000,68.41,58.64,590,590,1.00000,1.00000,1.00000,1.00000,0.00000,3,3,0,1,23.64864,0.03407,1.90417,0.0630,0.0078,0.0931,0.0000,0.0000,0.0000,146.94,8.84,-126.17,1,1,0.0000,0.0000,0.3500,-90.00,0.7600,0.4200,1.0000,8.00,180.00,10.000000,0.250000,0.000000,1.200000,0.000000,0.000000,1.200000,0.000000,0.000000,0.900000,0.000000,0.000000,0.850000,0.040000,0.000000,0.008000,0.000000,0.000600,0.008000,0.000000,0.000600,0.006000,0.000000,0.000000,1,1,1,590,232,541,541,540,0,0,60.00,13081,3200,511,0,0,0,13051,497.51,497.51,8,604,0.0000,0.4610,0.5450,0.8320,0.0890
2026-04-28T17:30:14.699,9.850,1,0.30,1.29,0.00,0.00,1,-0.0629,-0.0079,0.2571,0.0000,0.0000,0.0000,123.06,0.00,1,4.200,4.200,0.800,38,87,0,0.000,0.7600,0.0000,56.52,56.28,591,591,1.00000,1.00000,1.00000,1.00000,0.00000,3,3,0,1,23.61911,0.03392,1.89930,0.0629,0.0079,0.0929,0.0000,0.0000,0.0000,146.94,8.85,-126.18,1,1,0.0000,0.0000,0.3500,-90.00,0.7600,0.4200,1.0000,8.00,180.00,10.000000,0.250000,0.000000,1.200000,0.000000,0.000000,1.200000,0.000000,0.000000,0.900000,0.000000,0.000000,0.850000,0.040000,0.000000,0.008000,0.000000,0.000600,0.008000,0.000000,0.000600,0.006000,0.000000,0.000000,1,1,1,591,232,541,541,540,0,0,60.00,13081,3200,511,0,0,0,13051,497.51,497.51,8,604,0.0000,0.4610,0.5450,0.8320,0.0890
2026-04-28T17:30:14.714,9.865,1,0.30,1.29,0.00,0.00,1,-0.0631,-0.0079,0.2571,0.0000,0.0000,0.0000,123.06,0.00,1,4.200,4.200,0.800,38,87,0,0.000,0.7600,0.0000,56.87,64.23,592,592,1.00000,1.00000,1.00000,1.00000,0.00000,3,3,0,1,23.62506,0.03400,1.90339,0.0631,0.0079,0.0929,0.0000,0.0000,0.0000,146.94,8.80,-126.18,1,1,0.0000,0.0000,0.3500,-90.00,0.7600,0.4200,1.0000,8.00,180.00,10.000000,0.250000,0.000000,1.200000,0.000000,0.000000,1.200000,0.000000,0.000000,0.900000,0.000000,0.000000,0.850000,0.040000,0.000000,0.008000,0.000000,0.000600,0.008000,0.000000,0.000600,0.006000,0.000000,0.000000,1,1,1,592,231,541,541,540,0,0,60.00,13081,3200,511,0,0,0,13051,497.51,497.51,8,604,0.0000,0.4610,0.5450,0.8320,0.0890
2026-04-28T17:30:14.731,9.882,1,0.30,1.29,0.00,0.00,1,-0.0631,-0.0079,0.2571,0.0000,0.0000,0.0000,123.10,-2.34,1,4.200,4.200,0.800,38,87,0,0.000,0.7600,0.0000,67.17,58.55,593,593,1.00000,1.00000,1.00000,1.00000,0.00000,3,3,0,1,23.60593,0.03402,1.90224,0.0631,0.0079,0.0929,0.0000,0.0000,0.0000,146.90,8.78,-126.13,1,1,0.0000,0.0000,0.3500,-90.00,0.7600,0.4200,1.0000,8.00,180.00,10.000000,0.250000,0.000000,1.200000,0.000000,0.000000,1.200000,0.000000,0.000000,0.900000,0.000000,0.000000,0.850000,0.040000,0.000000,0.008000,0.000000,0.000600,0.008000,0.000000,0.000600,0.006000,0.000000,0.000000,1,1,1,593,231,541,541,540,0,0,60.00,13081,3200,511,0,0,0,13051,497.51,497.51,8,604,0.0000,0.4610,0.5450,0.8320,0.0890
2026-04-28T17:30:14.747,9.898,1,0.30,1.29,0.00,0.00,1,-0.0631,-0.0079,0.2571,0.0000,0.0000,0.0000,123.13,-1.86,1,4.200,4.200,0.800,38,87,0,0.000,0.7600,0.0000,55.15,61.21,594,594,1.00000,1.00000,1.00000,1.00000,0.00000,3,3,0,1,23.60593,0.03402,1.90224,0.0631,0.0079,0.0929,0.0000,0.0000,0.0000,146.87,8.77,-126.10,1,1,0.0000,0.0000,0.3500,-90.00,0.7600,0.4200,1.0000,8.00,180.00,10.000000,0.250000,0.000000,1.200000,0.000000,0.000000,1.200000,0.000000,0.000000,0.900000,0.000000,0.000000,0.850000,0.040000,0.000000,0.008000,0.000000,0.000600,0.008000,0.000000,0.000600,0.006000,0.000000,0.000000,1,1,1,594,231,541,541,540,0,0,60.00,13081,3200,511,0,0,0,13051,497.51,497.51,8,604,0.0000,0.4610,0.5450,0.8320,0.0890
2026-04-28T17:30:14.764,9.915,1,0.30,1.29,0.00,0.00,1,-0.0631,-0.0080,0.2572,0.0000,0.0000,0.0000,123.10,1.79,1,4.200,4.200,0.800,38,87,0,0.000,0.7600,0.0000,66.11,59.75,595,595,1.00000,1.00000,1.00000,1.00000,0.00000,3,3,0,1,23.59464,0.03402,1.90130,0.0631,0.0080,0.0928,0.0000,0.0000,0.0000,146.90,8.79,-126.12,1,1,0.0000,0.0000,0.3500,-90.00,0.7600,0.4200,1.0000,8.00,180.00,10.000000,0.250000,0.000000,1.200000,0.000000,0.000000,1.200000,0.000000,0.000000,0.900000,0.000000,0.000000,0.850000,0.040000,0.000000,0.008000,0.000000,0.000600,0.008000,0.000000,0.000600,0.006000,0.000000,0.000000,1,1,1,595,231,541,541,540,0,0,60.00,13081,3200,511,0,0,0,13051,497.51,497.51,8,604,0.0000,0.4610,0.5450,0.8320,0.0890
2026-04-28T17:30:14.781,9.932,1,0.30,1.29,0.00,0.00,1,-0.0630,-0.0080,0.2570,0.0000,0.0000,0.0000,123.08,1.16,1,4.200,4.200,0.800,38,87,0,0.000,0.7600,0.0000,63.29,56.87,596,596,1.00000,1.00000,1.00000,1.00000,0.00000,3,3,0,1,23.61622,0.03399,1.90231,0.0630,0.0080,0.0930,0.0000,0.0000,0.0000,146.92,8.83,-126.13,1,1,0.0000,0.0000,0.3500,-90.00,0.7600,0.4200,1.0000,8.00,180.00,10.000000,0.250000,0.000000,1.200000,0.000000,0.000000,1.200000,0.000000,0.000000,0.900000,0.000000,0.000000,0.850000,0.040000,0.000000,0.008000,0.000000,0.000600,0.008000,0.000000,0.000600,0.006000,0.000000,0.000000,1,1,1,596,232,541,541,540,0,0,60.00,13081,3200,511,0,0,0,13051,497.51,497.51,8,604,0.0000,0.4610,0.5450,0.8320,0.0890
2026-04-28T17:30:14.797,9.948,1,0.30,1.29,0.00,0.00,1,-0.0631,-0.0078,0.2570,0.0000,0.0000,0.0000,123.14,-3.74,1,4.200,4.200,0.800,38,87,0,0.000,0.7600,0.0000,55.02,63.50,597,597,1.00000,1.00000,1.00000,1.00000,0.00000,3,3,0,1,23.64305,0.03393,1.90121,0.0631,0.0078,0.0930,0.0000,0.0000,0.0000,146.86,8.79,-126.10,1,1,0.0000,0.0000,0.3500,-90.00,0.7600,0.4200,1.0000,8.00,180.00,10.000000,0.250000,0.000000,1.200000,0.000000,0.000000,1.200000,0.000000,0.000000,0.900000,0.000000,0.000000,0.850000,0.040000,0.000000,0.008000,0.000000,0.000600,0.008000,0.000000,0.000600,0.006000,0.000000,0.000000,1,1,1,597,231,541,541,540,0,0,60.00,13081,3200,511,0,0,0,13051,497.51,497.51,8,604,0.0000,0.4610,0.5450,0.8320,0.0890
2026-04-28T17:30:14.815,9.966,1,0.30,1.29,0.00,0.00,1,-0.0631,-0.0077,0.2569,0.0000,0.0000,0.0000,123.15,-0.57,1,4.200,4.200,0.800,38,87,0,0.000,0.7600,0.0000,64.39,57.06,598,598,1.00000,1.00000,1.00000,1.00000,0.00000,3,3,0,1,23.62678,0.03404,1.90243,0.0631,0.0077,0.0931,0.0000,0.0000,0.0000,146.85,8.77,-126.11,1,1,0.0000,0.0000,0.3500,-90.00,0.7600,0.4200,1.0000,8.00,180.00,10.000000,0.250000,0.000000,1.200000,0.000000,0.000000,1.200000,0.000000,0.000000,0.900000,0.000000,0.000000,0.850000,0.040000,0.000000,0.008000,0.000000,0.000600,0.008000,0.000000,0.000600,0.006000,0.000000,0.000000,1,1,1,598,232,541,541,540,0,0,60.00,13081,3200,511,0,0,0,13051,497.51,497.51,8,604,0.0000,0.4610,0.5450,0.8320,0.0890
2026-04-28T17:30:14.832,9.983,1,0.30,1.29,0.00,0.00,1,-0.0630,-0.0078,0.2571,0.0000,0.0000,0.0000,123.12,1.72,1,4.200,4.200,0.800,38,87,0,0.000,0.7600,0.0000,54.80,60.09,599,599,1.00000,1.00000,1.00000,1.00000,0.00000,3,3,0,1,23.58056,0.03394,1.89868,0.0630,0.0078,0.0929,0.0000,0.0000,0.0000,146.88,8.79,-126.11,1,1,0.0000,0.0000,0.3500,-90.00,0.7600,0.4200,1.0000,8.00,180.00,10.000000,0.250000,0.000000,1.200000,0.000000,0.000000,1.200000,0.000000,0.000000,0.900000,0.000000,0.000000,0.850000,0.040000,0.000000,0.008000,0.000000,0.000600,0.008000,0.000000,0.000600,0.006000,0.000000,0.000000,1,1,1,599,232,541,541,540,0,0,60.00,13081,3200,511,0,0,0,13051,497.51,497.51,8,604,0.0000,0.4610,0.5450,0.8320,0.0890
2026-04-28T17:30:14.843,9.994,1,0.30,1.29,0.00,0.00,1,-0.0630,-0.0079,0.2570,0.0000,0.0000,0.0000,123.09,2.51,1,4.200,4.200,0.800,38,87,0,0.000,0.7600,0.0000,57.79,63.44,600,600,1.00000,1.00000,1.00000,1.00000,0.00000,3,3,0,1,23.61622,0.03399,1.90231,0.0630,0.0079,0.0930,0.0000,0.0000,0.0000,146.91,8.83,-126.13,1,1,0.0000,0.0000,0.3500,-90.00,0.7600,0.4200,1.0000,8.00,180.00,10.000000,0.250000,0.000000,1.200000,0.000000,0.000000,1.200000,0.000000,0.000000,0.900000,0.000000,0.000000,0.850000,0.040000,0.000000,0.008000,0.000000,0.000600,0.008000,0.000000,0.000600,0.006000,0.000000,0.000000,1,1,1,600,232,541,541,540,0,0,60.00,13081,3200,511,0,0,0,13051,497.51,497.51,8,604,0.0000,0.4610,0.5450,0.8320,0.0890
2026-04-28T17:30:14.864,10.014,1,0.30,1.29,0.00,0.00,1,-0.0630,-0.0079,0.2571,0.0000,0.0000,0.0000,123.10,-0.51,1,4.200,4.200,0.800,38,87,0,0.000,0.7600,0.0000,100.41,60.37,601,601,1.00000,1.00000,1.00000,1.00000,0.00000,3,3,0,1,23.60747,0.03409,1.90172,0.0630,0.0079,0.0929,0.0000,0.0000,0.0000,146.90,8.82,-126.11,1,1,0.0000,0.0000,0.3500,-90.00,0.7600,0.4200,1.0000,8.00,180.00,10.000000,0.250000,0.000000,1.200000,0.000000,0.000000,1.200000,0.000000,0.000000,0.900000,0.000000,0.000000,0.850000,0.040000,0.000000,0.008000,0.000000,0.000600,0.008000,0.000000,0.000600,0.006000,0.000000,0.000000,1,1,1,601,231,541,541,540,0,0,60.00,13081,3200,511,0,0,0,13051,497.51,497.51,8,604,0.0000,0.4610,0.5450,0.8320,0.0890
2026-04-28T17:30:14.882,10.033,1,0.30,1.29,0.00,0.00,1,-0.0631,-0.0079,0.2571,0.0000,0.0000,0.0000,123.08,1.03,1,4.200,4.200,0.800,38,87,0,0.000,0.7600,0.0000,46.39,53.79,602,602,1.00000,1.00000,1.00000,1.00000,0.00000,3,3,0,1,23.62506,0.03400,1.90339,0.0631,0.0079,0.0929,0.0000,0.0000,0.0000,146.92,8.78,-126.14,1,1,0.0000,0.0000,0.3500,-90.00,0.7600,0.4200,1.0000,8.00,180.00,10.000000,0.250000,0.000000,1.200000,0.000000,0.000000,1.200000,0.000000,0.000000,0.900000,0.000000,0.000000,0.850000,0.040000,0.000000,0.008000,0.000000,0.000600,0.008000,0.000000,0.000600,0.006000,0.000000,0.000000,1,1,1,602,232,541,541,540,0,0,60.00,13081,3200,511,0,0,0,13051,497.51,497.51,8,604,0.0000,0.4610,0.5450,0.8320,0.0890
2026-04-28T17:30:14.893,10.044,1,0.30,1.29,0.00,0.00,1,-0.0630,-0.0079,0.2570,0.0000,0.0000,0.0000,123.07,0.92,1,4.200,4.200,0.800,38,87,0,0.000,0.7600,0.0000,54.00,67.38,603,603,1.00000,1.00000,1.00000,1.00000,0.00000,3,3,0,1,23.60039,0.03391,1.90099,0.0630,0.0079,0.0930,0.0000,0.0000,0.0000,146.93,8.79,-126.15,1,1,0.0000,0.0000,0.3500,-90.00,0.7600,0.4200,1.0000,8.00,180.00,10.000000,0.250000,0.000000,1.200000,0.000000,0.000000,1.200000,0.000000,0.000000,0.900000,0.000000,0.000000,0.850000,0.040000,0.000000,0.008000,0.000000,0.000600,0.008000,0.000000,0.000600,0.006000,0.000000,0.000000,1,1,1,603,232,541,541,540,0,0,60.00,13081,3200,601,0,0,0,13141,500.00,500.00,15,1891,0.0000,0.4600,0.5460,0.8320,0.0890
2026-04-28T17:30:14.914,10.064,1,0.30,1.29,0.00,0.00,1,-0.0631,-0.0080,0.2572,0.0000,0.0000,0.0000,123.06,0.51,1,4.200,4.200,0.800,38,87,0,0.000,0.7600,0.0000,102.18,60.34,604,604,1.00000,1.00000,1.00000,1.00000,0.00000,3,3,0,1,23.58112,0.03389,1.90338,0.0631,0.0080,0.0928,0.0000,0.0000,0.0000,146.94,8.78,-126.13,1,1,0.0000,0.0000,0.3500,-90.00,0.7600,0.4200,1.0000,8.00,180.00,10.000000,0.250000,0.000000,1.200000,0.000000,0.000000,1.200000,0.000000,0.000000,0.900000,0.000000,0.000000,0.850000,0.040000,0.000000,0.008000,0.000000,0.000600,0.008000,0.000000,0.000600,0.006000,0.000000,0.000000,1,1,1,604,232,541,541,540,0,0,60.00,13081,3200,601,0,0,0,13141,500.00,500.00,15,1891,0.0000,0.4600,0.5460,0.8320,0.0890
2026-04-28T17:30:14.930,10.081,1,0.30,1.29,0.00,0.00,1,-0.0631,-0.0079,0.2571,0.0000,0.0000,0.0000,123.06,0.00,1,4.200,4.200,0.800,38,87,0,0.000,0.7600,0.0000,45.03,59.95,605,605,1.00000,1.00000,1.00000,1.00000,0.00000,3,3,0,1,23.61971,0.03399,1.90214,0.0631,0.0079,0.0929,0.0000,0.0000,0.0000,146.94,8.79,-126.16,1,1,0.0000,0.0000,0.3500,-90.00,0.7600,0.4200,1.0000,8.00,180.00,10.000000,0.250000,0.000000,1.200000,0.000000,0.000000,1.200000,0.000000,0.000000,0.900000,0.000000,0.000000,0.850000,0.040000,0.000000,0.008000,0.000000,0.000600,0.008000,0.000000,0.000600,0.006000,0.000000,0.000000,1,1,1,605,232,541,541,540,0,0,60.00,13081,3200,601,0,0,0,13141,500.00,500.00,15,1891,0.0000,0.4600,0.5460,0.8320,0.0890
2026-04-28T17:30:14.948,10.099,1,0.30,1.29,0.00,0.00,1,-0.0630,-0.0080,0.2569,0.0000,0.0000,0.0000,123.00,3.47,1,4.200,4.200,0.800,38,87,0,0.000,0.7600,0.0000,62.73,58.22,606,606,1.00000,1.00000,1.00000,1.00000,0.00000,3,3,0,1,23.62982,0.03397,1.90208,0.0630,0.0080,0.0931,0.0000,0.0000,0.0000,147.00,8.85,-126.16,1,1,0.0000,0.0000,0.3500,-90.00,0.7600,0.4200,1.0000,8.00,180.00,10.000000,0.250000,0.000000,1.200000,0.000000,0.000000,1.200000,0.000000,0.000000,0.900000,0.000000,0.000000,0.850000,0.040000,0.000000,0.008000,0.000000,0.000600,0.008000,0.000000,0.000600,0.006000,0.000000,0.000000,1,1,1,606,229,541,541,540,0,0,60.00,13081,3200,601,0,0,0,13141,500.00,500.00,15,1891,0.0000,0.4600,0.5460,0.8320,0.0890
2026-04-28T17:30:14.960,10.111,1,0.30,1.29,0.00,0.00,1,-0.0631,-0.0078,0.2571,0.0000,0.0000,0.0000,123.08,-6.21,1,4.200,4.200,0.800,38,87,0,0.000,0.7600,0.0000,54.67,62.05,607,607,1.00000,1.00000,1.00000,1.00000,0.00000,3,3,0,1,23.60942,0.03402,1.90206,0.0631,0.0078,0.0929,0.0000,0.0000,0.0000,146.92,8.77,-126.14,1,1,0.0000,0.0000,0.3500,-90.00,0.7600,0.4200,1.0000,8.00,180.00,10.000000,0.250000,0.000000,1.200000,0.000000,0.000000,1.200000,0.000000,0.000000,0.900000,0.000000,0.000000,0.850000,0.040000,0.000000,0.008000,0.000000,0.000600,0.008000,0.000000,0.000600,0.006000,0.000000,0.000000,1,1,1,607,232,541,541,540,0,0,60.00,13081,3200,601,0,0,0,13141,500.00,500.00,15,1891,0.0000,0.4600,0.5460,0.8320,0.0890
2026-04-28T17:30:14.981,10.132,1,0.30,1.29,0.00,0.00,1,-0.0631,-0.0079,0.2572,0.0000,0.0000,0.0000,123.06,1.03,1,4.200,4.200,0.800,38,87,0,0.000,0.7600,0.0000,91.91,59.95,608,608,1.00000,1.00000,1.00000,1.00000,0.00000,3,3,0,1,23.59711,0.03393,1.90139,0.0631,0.0079,0.0928,0.0000,0.0000,0.0000,146.94,8.78,-126.14,1,1,0.0000,0.0000,0.3500,-90.00,0.7600,0.4200,1.0000,8.00,180.00,10.000000,0.250000,0.000000,1.200000,0.000000,0.000000,1.200000,0.000000,0.000000,0.900000,0.000000,0.000000,0.850000,0.040000,0.000000,0.008000,0.000000,0.000600,0.008000,0.000000,0.000600,0.006000,0.000000,0.000000,1,1,1,608,232,541,541,540,0,0,60.00,13081,3200,601,0,0,0,13141,500.00,500.00,15,1891,0.0000,0.4600,0.5460,0.8320,0.0890
2026-04-28T17:30:14.997,10.148,1,0.30,1.29,0.00,0.00,1,-0.0630,-0.0079,0.2572,0.0000,0.0000,0.0000,123.07,-0.57,1,4.200,4.200,0.800,38,87,0,0.000,0.7600,0.0000,46.49,56.45,609,609,1.00000,1.00000,1.00000,1.00000,0.00000,3,3,0,1,23.58547,0.03392,1.89964,0.0630,0.0079,0.0928,0.0000,0.0000,0.0000,146.93,8.76,-126.12,1,1,0.0000,0.0000,0.3500,-90.00,0.7600,0.4200,1.0000,8.00,180.00,10.000000,0.250000,0.000000,1.200000,0.000000,0.000000,1.200000,0.000000,0.000000,0.900000,0.000000,0.000000,0.850000,0.040000,0.000000,0.008000,0.000000,0.000600,0.008000,0.000000,0.000600,0.006000,0.000000,0.000000,1,1,1,609,232,541,541,540,0,0,60.00,13081,3200,601,0,0,0,13141,500.00,500.00,15,1891,0.0000,0.4600,0.5460,0.8320,0.0890
2026-04-28T17:30:15.015,10.165,1,0.30,1.29,0.00,0.00,1,-0.0631,-0.0078,0.2571,0.0000,0.0000,0.0000,123.12,-3.10,1,4.200,4.200,0.800,38,87,0,0.000,0.7600,0.0000,59.99,64.07,610,610,1.00000,1.00000,1.00000,1.00000,0.00000,3,3,0,1,23.65549,0.03407,1.90170,0.0631,0.0078,0.0929,0.0000,0.0000,0.0000,146.88,8.78,-126.14,1,1,0.0000,0.0000,0.3500,-90.00,0.7600,0.4200,1.0000,8.00,180.00,10.000000,0.250000,0.000000,1.200000,0.000000,0.000000,1.200000,0.000000,0.000000,0.900000,0.000000,0.000000,0.850000,0.040000,0.000000,0.008000,0.000000,0.000600,0.008000,0.000000,0.000600,0.006000,0.000000,0.000000,1,1,1,610,232,541,541,540,0,0,60.00,13081,3200,601,0,0,0,13141,500.00,500.00,15,1891,0.0000,0.4600,0.5460,0.8320,0.0890
2026-04-28T17:30:15.030,10.181,1,0.30,1.29,0.00,0.00,1,-0.0631,-0.0079,0.2572,0.0000,0.0000,0.0000,123.08,2.47,1,4.200,4.200,0.800,38,87,0,0.000,0.7600,0.0000,58.49,59.60,611,611,1.00000,1.00000,1.00000,1.00000,0.00000,3,3,0,1,23.59711,0.03393,1.90139,0.0631,0.0079,0.0928,0.0000,0.0000,0.0000,146.92,8.78,-126.14,1,1,0.0000,0.0000,0.3500,-90.00,0.7600,0.4200,1.0000,8.00,180.00,10.000000,0.250000,0.000000,1.200000,0.000000,0.000000,1.200000,0.000000,0.000000,0.900000,0.000000,0.000000,0.850000,0.040000,0.000000,0.008000,0.000000,0.000600,0.008000,0.000000,0.000600,0.006000,0.000000,0.000000,1,1,1,611,232,541,541,540,0,0,60.00,13081,3200,601,0,0,0,13141,500.00,500.00,15,1891,0.0000,0.4600,0.5460,0.8320,0.0890
2026-04-28T17:30:15.047,10.198,1,0.30,1.29,0.00,0.00,1,-0.0631,-0.0079,0.2569,0.0000,0.0000,0.0000,123.07,0.60,1,4.200,4.200,0.800,38,87,0,0.000,0.7600,0.0000,70.39,60.32,612,612,1.00000,1.00000,1.00000,1.00000,0.00000,3,3,0,1,23.67148,0.03412,1.90571,0.0631,0.0079,0.0931,0.0000,0.0000,0.0000,146.93,8.82,-126.14,1,1,0.0000,0.0000,0.3500,-90.00,0.7600,0.4200,1.0000,8.00,180.00,10.000000,0.250000,0.000000,1.200000,0.000000,0.000000,1.200000,0.000000,0.000000,0.900000,0.000000,0.000000,0.850000,0.040000,0.000000,0.008000,0.000000,0.000600,0.008000,0.000000,0.000600,0.006000,0.000000,0.000000,1,1,1,612,232,541,541,540,0,0,60.00,13081,3200,601,0,0,0,13141,500.00,500.00,15,1891,0.0000,0.4600,0.5460,0.8320,0.0890
2026-04-28T17:30:15.065,10.216,1,0.30,1.29,0.00,0.00,1,-0.0631,-0.0079,0.2570,0.0000,0.0000,0.0000,123.03,2.27,1,4.200,4.200,0.800,38,87,0,0.000,0.7600,0.0000,53.82,58.57,613,613,1.00000,1.00000,1.00000,1.00000,0.00000,3,3,0,1,23.62907,0.03398,1.90296,0.0631,0.0079,0.0930,0.0000,0.0000,0.0000,146.97,8.80,-126.16,1,1,0.0000,0.0000,0.3500,-90.00,0.7600,0.4200,1.0000,8.00,180.00,10.000000,0.250000,0.000000,1.200000,0.000000,0.000000,1.200000,0.000000,0.000000,0.900000,0.000000,0.000000,0.850000,0.040000,0.000000,0.008000,0.000000,0.000600,0.008000,0.000000,0.000600,0.006000,0.000000,0.000000,1,1,1,613,231,541,541,540,0,0,60.00,13081,3200,601,0,0,0,13141,500.00,500.00,15,1891,0.0000,0.4600,0.5460,0.8320,0.0890
2026-04-28T17:30:15.079,10.230,1,0.30,1.29,0.00,0.00,1,-0.0629,-0.0079,0.2572,0.0000,0.0000,0.0000,123.09,-4.07,1,4.200,4.200,0.800,38,87,0,0.000,0.7600,0.0000,56.74,60.30,614,614,1.00000,1.00000,1.00000,1.00000,0.00000,3,3,0,1,23.66328,0.03385,1.89839,0.0629,0.0079,0.0928,0.0000,0.0000,0.0000,146.91,8.80,-126.13,1,1,0.0000,0.0000,0.3500,-90.00,0.7600,0.4200,1.0000,8.00,180.00,10.000000,0.250000,0.000000,1.200000,0.000000,0.000000,1.200000,0.000000,0.000000,0.900000,0.000000,0.000000,0.850000,0.040000,0.000000,0.008000,0.000000,0.000600,0.008000,0.000000,0.000600,0.006000,0.000000,0.000000,1,1,1,614,231,541,541,540,0,0,60.00,13081,3200,601,0,0,0,13141,500.00,500.00,15,1891,0.0000,0.4600,0.5460,0.8320,0.0890
2026-04-28T17:30:15.096,10.246,1,0.30,1.29,0.00,0.00,1,-0.0630,-0.0078,0.2571,0.0000,0.0000,0.0000,123.13,-2.36,1,4.200,4.200,0.800,38,87,0,0.000,0.7600,0.0000,78.43,61.29,615,615,1.00000,1.00000,1.00000,1.00000,0.00000,3,3,0,1,23.61477,0.03390,1.89845,0.0630,0.0078,0.0929,0.0000,0.0000,0.0000,146.87,8.81,-126.12,1,1,0.0000,0.0000,0.3500,-90.00,0.7600,0.4200,1.0000,8.00,180.00,10.000000,0.250000,0.000000,1.200000,0.000000,0.000000,1.200000,0.000000,0.000000,0.900000,0.000000,0.000000,0.850000,0.040000,0.000000,0.008000,0.000000,0.000600,0.008000,0.000000,0.000600,0.006000,0.000000,0.000000,1,1,1,615,232,541,541,540,0,0,60.00,13081,3200,601,0,0,0,13141,500.00,500.00,15,1891,0.0000,0.4600,0.5460,0.8320,0.0890
2026-04-28T17:30:15.114,10.265,1,0.30,1.29,0.00,0.00,1,-0.0630,-0.0079,0.2572,0.0000,0.0000,0.0000,123.09,2.20,1,4.200,4.200,0.800,38,87,0,0.000,0.7600,0.0000,59.05,59.93,616,616,1.00000,1.00000,1.00000,1.00000,0.00000,3,3,0,1,23.59711,0.03393,1.90139,0.0630,0.0079,0.0928,0.0000,0.0000,0.0000,146.91,8.79,-126.13,1,1,0.0000,0.0000,0.3500,-90.00,0.7600,0.4200,1.0000,8.00,180.00,10.000000,0.250000,0.000000,1.200000,0.000000,0.000000,1.200000,0.000000,0.000000,0.900000,0.000000,0.000000,0.850000,0.040000,0.000000,0.008000,0.000000,0.000600,0.008000,0.000000,0.000600,0.006000,0.000000,0.000000,1,1,1,616,232,541,541,540,0,0,60.00,13081,3200,601,0,0,0,13141,500.00,500.00,15,1891,0.0000,0.4600,0.5460,0.8320,0.0890
2026-04-28T17:30:15.131,10.282,1,0.30,1.29,0.00,0.00,1,-0.0631,-0.0079,0.2570,0.0000,0.0000,0.0000,123.08,0.59,1,4.200,4.200,0.800,38,87,0,0.000,0.7600,0.0000,51.94,56.47,617,617,1.00000,1.00000,1.00000,1.00000,0.00000,3,3,0,1,23.64954,0.03408,1.90556,0.0631,0.0079,0.0930,0.0000,0.0000,0.0000,146.92,8.79,-126.14,1,1,0.0000,0.0000,0.3500,-90.00,0.7600,0.4200,1.0000,8.00,180.00,10.000000,0.250000,0.000000,1.200000,0.000000,0.000000,1.200000,0.000000,0.000000,0.900000,0.000000,0.000000,0.850000,0.040000,0.000000,0.008000,0.000000,0.000600,0.008000,0.000000,0.000600,0.006000,0.000000,0.000000,1,1,1,617,232,541,541,540,0,0,60.00,13081,3200,601,0,0,0,13141,500.00,500.00,15,1891,0.0000,0.4600,0.5460,0.8320,0.0890
2026-04-28T17:30:15.148,10.298,1,0.30,1.29,0.00,0.00,1,-0.0630,-0.0078,0.2570,0.0000,0.0000,0.0000,123.11,-1.91,1,4.200,4.200,0.800,38,87,0,0.000,0.7600,0.0000,59.31,63.83,618,618,1.00000,1.00000,1.00000,1.00000,0.00000,3,3,0,1,23.60059,0.03402,1.90099,0.0630,0.0078,0.0930,0.0000,0.0000,0.0000,146.89,8.80,-126.12,1,1,0.0000,0.0000,0.3500,-90.00,0.7600,0.4200,1.0000,8.00,180.00,10.000000,0.250000,0.000000,1.200000,0.000000,0.000000,1.200000,0.000000,0.000000,0.900000,0.000000,0.000000,0.850000,0.040000,0.000000,0.008000,0.000000,0.000600,0.008000,0.000000,0.000600,0.006000,0.000000,0.000000,1,1,1,618,231,541,541,540,0,0,60.00,13081,3200,601,0,0,0,13141,500.00,500.00,15,1891,0.0000,0.4600,0.5460,0.8320,0.0890
2026-04-28T17:30:15.164,10.315,1,0.30,1.29,0.00,0.00,1,-0.0630,-0.0079,0.2572,0.0000,0.0000,0.0000,123.07,2.58,1,4.200,4.200,0.800,38,87,0,0.000,0.7600,0.0000,59.95,59.76,619,619,1.00000,1.00000,1.00000,1.00000,0.00000,3,3,0,1,23.62694,0.03387,1.89985,0.0630,0.0079,0.0928,0.0000,0.0000,0.0000,146.93,8.81,-126.15,1,1,0.0000,0.0000,0.3500,-90.00,0.7600,0.4200,1.0000,8.00,180.00,10.000000,0.250000,0.000000,1.200000,0.000000,0.000000,1.200000,0.000000,0.000000,0.900000,0.000000,0.000000,0.850000,0.040000,0.000000,0.008000,0.000000,0.000600,0.008000,0.000000,0.000600,0.006000,0.000000,0.000000,1,1,1,619,232,541,541,540,0,0,60.00,13081,3200,601,0,0,0,13141,500.00,500.00,15,1891,0.0000,0.4600,0.5460,0.8320,0.0890
2026-04-28T17:30:15.181,10.332,1,0.30,1.29,0.00,0.00,1,-0.0631,-0.0081,0.2570,0.0000,0.0000,0.0000,122.98,5.06,1,4.200,4.200,0.800,38,87,0,0.000,0.7600,0.0000,57.59,60.26,620,620,1.00000,1.00000,1.00000,1.00000,0.00000,3,3,0,1,23.64232,0.03409,1.90820,0.0631,0.0081,0.0930,0.0000,0.0000,0.0000,147.02,8.80,-126.18,1,1,0.0000,0.0000,0.3500,-90.00,0.7600,0.4200,1.0000,8.00,180.00,10.000000,0.250000,0.000000,1.200000,0.000000,0.000000,1.200000,0.000000,0.000000,0.900000,0.000000,0.000000,0.850000,0.040000,0.000000,0.008000,0.000000,0.000600,0.008000,0.000000,0.000600,0.006000,0.000000,0.000000,1,1,1,620,231,541,541,540,0,0,60.00,13081,3200,601,0,0,0,13141,500.00,500.00,15,1891,0.0000,0.4600,0.5460,0.8320,0.0890
2026-04-28T17:30:15.198,10.348,1,0.30,1.29,0.00,0.00,1,-0.0631,-0.0080,0.2569,0.0000,0.0000,0.0000,123.02,-2.36,1,4.200,4.200,0.800,38,87,0,0.000,0.7600,0.0000,62.77,56.38,621,621,1.00000,1.00000,1.00000,1.00000,0.00000,3,3,0,1,23.62948,0.03400,1.90441,0.0631,0.0080,0.0931,0.0000,0.0000,0.0000,146.98,8.79,-126.15,1,1,0.0000,0.0000,0.3500,-90.00,0.7600,0.4200,1.0000,8.00,180.00,10.000000,0.250000,0.000000,1.200000,0.000000,0.000000,1.200000,0.000000,0.000000,0.900000,0.000000,0.000000,0.850000,0.040000,0.000000,0.008000,0.000000,0.000600,0.008000,0.000000,0.000600,0.006000,0.000000,0.000000,1,1,1,621,232,541,541,540,0,0,60.00,13081,3200,601,0,0,0,13141,500.00,500.00,15,1891,0.0000,0.4600,0.5460,0.8320,0.0890
2026-04-28T17:30:15.215,10.365,1,0.30,1.29,0.00,0.00,1,-0.0630,-0.0080,0.2569,0.0000,0.0000,0.0000,123.04,-1.18,1,4.200,4.200,0.800,38,87,0,0.000,0.7600,0.0000,59.11,61.42,622,622,1.00000,1.00000,1.00000,1.00000,0.00000,3,3,0,1,23.61622,0.03399,1.90231,0.0630,0.0080,0.0931,0.0000,0.0000,0.0000,146.96,8.83,-126.15,1,1,0.0000,0.0000,0.3500,-90.00,0.7600,0.4200,1.0000,8.00,180.00,10.000000,0.250000,0.000000,1.200000,0.000000,0.000000,1.200000,0.000000,0.000000,0.900000,0.000000,0.000000,0.850000,0.040000,0.000000,0.008000,0.000000,0.000600,0.008000,0.000000,0.000600,0.006000,0.000000,0.000000,1,1,1,622,232,541,541,540,0,0,60.00,13081,3200,601,0,0,0,13141,500.00,500.00,15,1891,0.0000,0.4600,0.5460,0.8320,0.0890
2026-04-28T17:30:15.230,10.381,1,0.30,1.29,0.00,0.00,1,-0.0630,-0.0080,0.2570,0.0000,0.0000,0.0000,123.05,-0.62,1,4.200,4.200,0.800,38,87,0,0.000,0.7600,0.0000,58.83,62.80,623,623,1.00000,1.00000,1.00000,1.00000,0.00000,3,3,0,1,23.62157,0.03400,1.90356,0.0630,0.0080,0.0930,0.0000,0.0000,0.0000,146.95,8.82,-126.14,1,1,0.0000,0.0000,0.3500,-90.00,0.7600,0.4200,1.0000,8.00,180.00,10.000000,0.250000,0.000000,1.200000,0.000000,0.000000,1.200000,0.000000,0.000000,0.900000,0.000000,0.000000,0.850000,0.040000,0.000000,0.008000,0.000000,0.000600,0.008000,0.000000,0.000600,0.006000,0.000000,0.000000,1,1,1,623,232,541,541,540,0,0,60.00,13081,3200,601,0,0,0,13141,500.00,500.00,15,1891,0.0000,0.4600,0.5460,0.8320,0.0890
2026-04-28T17:30:15.248,10.399,1,0.30,1.29,0.00,0.00,1,-0.0631,-0.0080,0.2570,0.0000,0.0000,0.0000,123.05,0.00,1,4.200,4.200,0.800,38,87,0,0.000,0.7600,0.0000,70.97,59.47,624,624,1.00000,1.00000,1.00000,1.00000,0.00000,3,3,0,1,23.61976,0.03395,1.90300,0.0631,0.0080,0.0930,0.0000,0.0000,0.0000,146.95,8.80,-126.13,1,1,0.0000,0.0000,0.3500,-90.00,0.7600,0.4200,1.0000,8.00,180.00,10.000000,0.250000,0.000000,1.200000,0.000000,0.000000,1.200000,0.000000,0.000000,0.900000,0.000000,0.000000,0.850000,0.040000,0.000000,0.008000,0.000000,0.000600,0.008000,0.000000,0.000600,0.006000,0.000000,0.000000,1,1,1,624,231,541,541,540,0,0,60.00,13081,3200,601,0,0,0,13141,500.00,500.00,15,1891,0.0000,0.4600,0.5460,0.8320,0.0890
2026-04-28T17:30:15.265,10.416,1,0.30,1.29,0.00,0.00,1,-0.0630,-0.0078,0.2571,0.0000,0.0000,0.0000,123.11,-3.53,1,4.200,4.200,0.800,38,87,0,0.000,0.7600,0.0000,52.63,60.23,625,625,1.00000,1.00000,1.00000,1.00000,0.00000,3,3,0,1,23.63136,0.03397,1.90084,0.0630,0.0078,0.0929,0.0000,0.0000,0.0000,146.89,8.77,-126.12,1,1,0.0000,0.0000,0.3500,-90.00,0.7600,0.4200,1.0000,8.00,180.00,10.000000,0.250000,0.000000,1.200000,0.000000,0.000000,1.200000,0.000000,0.000000,0.900000,0.000000,0.000000,0.850000,0.040000,0.000000,0.008000,0.000000,0.000600,0.008000,0.000000,0.000600,0.006000,0.000000,0.000000,1,1,1,625,232,541,541,540,0,0,60.00,13081,3200,601,0,0,0,13141,500.00,500.00,15,1891,0.0000,0.4600,0.5460,0.8320,0.0890
2026-04-28T17:30:15.279,10.430,1,0.30,1.29,0.00,0.00,1,-0.0630,-0.0079,0.2573,0.0000,0.0000,0.0000,123.11,0.00,1,4.200,4.200,0.800,38,87,0,0.000,0.7600,0.0000,58.76,58.60,626,626,1.00000,1.00000,1.00000,1.00000,0.00000,3,3,0,1,23.62003,0.03397,1.89990,0.0630,0.0079,0.0927,0.0000,0.0000,0.0000,146.89,8.79,-126.15,1,1,0.0000,0.0000,0.3500,-90.00,0.7600,0.4200,1.0000,8.00,180.00,10.000000,0.250000,0.000000,1.200000,0.000000,0.000000,1.200000,0.000000,0.000000,0.900000,0.000000,0.000000,0.850000,0.040000,0.000000,0.008000,0.000000,0.000600,0.008000,0.000000,0.000600,0.006000,0.000000,0.000000,1,1,1,626,232,541,541,540,0,0,60.00,13081,3200,601,0,0,0,13141,500.00,500.00,15,1891,0.0000,0.4600,0.5460,0.8320,0.0890
2026-04-28T17:30:15.297,10.447,1,0.30,1.29,0.00,0.00,1,-0.0631,-0.0078,0.2571,0.0000,0.0000,0.0000,123.16,-2.80,1,4.200,4.200,0.800,38,87,0,0.000,0.7600,0.0000,76.45,62.07,627,627,1.00000,1.00000,1.00000,1.00000,0.00000,3,3,0,1,23.64239,0.03408,1.90169,0.0631,0.0078,0.0929,0.0000,0.0000,0.0000,146.84,8.81,-126.12,1,1,0.0000,0.0000,0.3500,-90.00,0.7600,0.4200,1.0000,8.00,180.00,10.000000,0.250000,0.000000,1.200000,0.000000,0.000000,1.200000,0.000000,0.000000,0.900000,0.000000,0.000000,0.850000,0.040000,0.000000,0.008000,0.000000,0.000600,0.008000,0.000000,0.000600,0.006000,0.000000,0.000000,1,1,1,627,232,541,541,540,0,0,60.00,13081,3200,601,0,0,0,13141,500.00,500.00,15,1891,0.0000,0.4600,0.5460,0.8320,0.0890
2026-04-28T17:30:15.315,10.466,1,0.30,1.29,0.00,0.00,1,-0.0632,-0.0079,0.2571,0.0000,0.0000,0.0000,123.13,1.76,1,4.200,4.200,0.800,38,87,0,0.000,0.7600,0.0000,56.06,56.06,628,628,1.00000,1.00000,1.00000,1.00000,0.00000,3,3,0,1,23.59934,0.03391,1.90513,0.0632,0.0079,0.0929,0.0000,0.0000,0.0000,146.87,8.76,-126.10,1,1,0.0000,0.0000,0.3500,-90.00,0.7600,0.4200,1.0000,8.00,180.00,10.000000,0.250000,0.000000,1.200000,0.000000,0.000000,1.200000,0.000000,0.000000,0.900000,0.000000,0.000000,0.850000,0.040000,0.000000,0.008000,0.000000,0.000600,0.008000,0.000000,0.000600,0.006000,0.000000,0.000000,1,1,1,628,231,541,541,540,0,0,60.00,13081,3200,601,0,0,0,13141,500.00,500.00,15,1891,0.0000,0.4600,0.5460,0.8320,0.0890
2026-04-28T17:30:15.331,10.482,1,0.30,1.29,0.00,0.00,1,-0.0632,-0.0077,0.2571,0.0000,0.0000,0.0000,123.20,-4.33,1,4.200,4.200,0.800,38,87,0,0.000,0.7600,0.0000,52.58,63.69,629,629,1.00000,1.00000,1.00000,1.00000,0.00000,3,3,0,1,23.59438,0.03400,1.90097,0.0632,0.0077,0.0929,0.0000,0.0000,0.0000,146.80,8.71,-126.12,1,1,0.0000,0.0000,0.3500,-90.00,0.7600,0.4200,1.0000,8.00,180.00,10.000000,0.250000,0.000000,1.200000,0.000000,0.000000,1.200000,0.000000,0.000000,0.900000,0.000000,0.000000,0.850000,0.040000,0.000000,0.008000,0.000000,0.000600,0.008000,0.000000,0.000600,0.006000,0.000000,0.000000,1,1,1,629,231,541,541,540,0,0,60.00,13081,3200,601,0,0,0,13141,500.00,500.00,15,1891,0.0000,0.4600,0.5460,0.8320,0.0890
2026-04-28T17:30:15.346,10.497,1,0.30,1.29,0.00,0.00,1,-0.0631,-0.0076,0.2571,0.0000,0.0000,0.0000,123.21,-0.61,1,4.200,4.200,0.800,38,87,0,0.000,0.7600,0.0000,61.82,60.61,630,630,1.00000,1.00000,1.00000,1.00000,0.00000,3,3,0,1,23.63320,0.03398,1.90002,0.0631,0.0076,0.0929,0.0000,0.0000,0.0000,146.79,8.74,-126.08,1,1,0.0000,0.0000,0.3500,-90.00,0.7600,0.4200,1.0000,8.00,180.00,10.000000,0.250000,0.000000,1.200000,0.000000,0.000000,1.200000,0.000000,0.000000,0.900000,0.000000,0.000000,0.850000,0.040000,0.000000,0.008000,0.000000,0.000600,0.008000,0.000000,0.000600,0.006000,0.000000,0.000000,1,1,1,630,232,541,541,540,0,0,60.00,13081,3200,601,0,0,0,13141,500.00,500.00,15,1891,0.0000,0.4600,0.5460,0.8320,0.0890
2026-04-28T17:30:15.363,10.514,1,0.30,1.29,0.00,0.00,1,-0.0630,-0.0078,0.2570,0.0000,0.0000,0.0000,123.15,3.59,1,4.200,4.200,0.800,38,87,0,0.000,0.7600,0.0000,64.66,59.76,631,631,1.00000,1.00000,1.00000,1.00000,0.00000,3,3,0,1,23.65801,0.03385,1.90311,0.0630,0.0078,0.0930,0.0000,0.0000,0.0000,146.85,8.74,-126.11,1,1,0.0000,0.0000,0.3500,-90.00,0.7600,0.4200,1.0000,8.00,180.00,10.000000,0.250000,0.000000,1.200000,0.000000,0.000000,1.200000,0.000000,0.000000,0.900000,0.000000,0.000000,0.850000,0.040000,0.000000,0.008000,0.000000,0.000600,0.008000,0.000000,0.000600,0.006000,0.000000,0.000000,1,1,1,631,232,541,541,540,0,0,60.00,13081,3200,601,0,0,0,13141,500.00,500.00,15,1891,0.0000,0.4600,0.5460,0.8320,0.0890
2026-04-28T17:30:15.382,10.532,1,0.30,1.29,0.00,0.00,1,-0.0630,-0.0080,0.2570,0.0000,0.0000,0.0000,123.10,2.95,1,4.200,4.200,0.800,38,87,0,0.000,0.7600,0.0000,54.41,59.68,632,632,1.00000,1.00000,1.00000,1.00000,0.00000,3,3,0,1,23.62157,0.03400,1.90356,0.0630,0.0080,0.0930,0.0000,0.0000,0.0000,146.90,8.78,-126.12,1,1,0.0000,0.0000,0.3500,-90.00,0.7600,0.4200,1.0000,8.00,180.00,10.000000,0.250000,0.000000,1.200000,0.000000,0.000000,1.200000,0.000000,0.000000,0.900000,0.000000,0.000000,0.850000,0.040000,0.000000,0.008000,0.000000,0.000600,0.008000,0.000000,0.000600,0.006000,0.000000,0.000000,1,1,1,632,231,541,541,540,0,0,60.00,13081,3200,601,0,0,0,13141,500.00,500.00,15,1891,0.0000,0.4600,0.5460,0.8320,0.0890
2026-04-28T17:30:15.397,10.547,1,0.30,1.29,0.00,0.00,1,-0.0630,-0.0078,0.2572,0.0000,0.0000,0.0000,123.14,-2.56,1,4.200,4.200,0.800,38,87,0,0.000,0.7600,0.0000,59.51,59.85,633,633,1.00000,1.00000,1.00000,1.00000,0.00000,3,3,0,1,23.56553,0.03394,1.89893,0.0630,0.0078,0.0928,0.0000,0.0000,0.0000,146.86,8.76,-126.10,1,1,0.0000,0.0000,0.3500,-90.00,0.7600,0.4200,1.0000,8.00,180.00,10.000000,0.250000,0.000000,1.200000,0.000000,0.000000,1.200000,0.000000,0.000000,0.900000,0.000000,0.000000,0.850000,0.040000,0.000000,0.008000,0.000000,0.000600,0.008000,0.000000,0.000600,0.006000,0.000000,0.000000,1,1,1,633,231,541,541,540,0,0,60.00,13081,3200,631,0,0,0,13171,499.00,499.00,17,608,0.0000,0.4590,0.5470,0.8320,0.0890
2026-04-28T17:30:15.415,10.565,1,0.30,1.29,0.00,0.00,1,-0.0630,-0.0079,0.2571,0.0000,0.0000,0.0000,123.10,2.23,1,4.200,4.200,0.800,38,87,0,0.000,0.7600,0.0000,64.15,60.56,634,634,1.00000,1.00000,1.00000,1.00000,0.00000,3,3,0,1,23.65009,0.03385,1.90226,0.0630,0.0079,0.0929,0.0000,0.0000,0.0000,146.90,8.77,-126.13,1,1,0.0000,0.0000,0.3500,-90.00,0.7600,0.4200,1.0000,8.00,180.00,10.000000,0.250000,0.000000,1.200000,0.000000,0.000000,1.200000,0.000000,0.000000,0.900000,0.000000,0.000000,0.850000,0.040000,0.000000,0.008000,0.000000,0.000600,0.008000,0.000000,0.000600,0.006000,0.000000,0.000000,1,1,1,634,231,541,541,540,0,0,60.00,13081,3200,631,0,0,0,13171,499.00,499.00,17,608,0.0000,0.4590,0.5470,0.8320,0.0890
2026-04-28T17:30:15.430,10.581,1,0.30,1.29,0.00,0.00,1,-0.0630,-0.0080,0.2572,0.0000,0.0000,0.0000,123.07,1.89,1,4.200,4.200,0.800,38,87,0,0.000,0.7600,0.0000,57.43,58.36,635,635,1.00000,1.00000,1.00000,1.00000,0.00000,3,3,0,1,23.59711,0.03393,1.90139,0.0630,0.0080,0.0928,0.0000,0.0000,0.0000,146.93,8.77,-126.13,1,1,0.0000,0.0000,0.3500,-90.00,0.7600,0.4200,1.0000,8.00,180.00,10.000000,0.250000,0.000000,1.200000,0.000000,0.000000,1.200000,0.000000,0.000000,0.900000,0.000000,0.000000,0.850000,0.040000,0.000000,0.008000,0.000000,0.000600,0.008000,0.000000,0.000600,0.006000,0.000000,0.000000,1,1,1,635,232,541,541,540,0,0,60.00,13081,3200,631,0,0,0,13171,499.00,499.00,17,608,0.0000,0.4590,0.5470,0.8320,0.0890
2026-04-28T17:30:15.447,10.598,1,0.30,1.29,0.00,0.00,1,-0.0630,-0.0080,0.2571,0.0000,0.0000,0.0000,123.11,-2.33,1,4.200,4.200,0.800,38,87,0,0.000,0.7600,0.0000,67.35,61.63,636,636,1.00000,1.00000,1.00000,1.00000,0.00000,3,3,0,1,23.64849,0.03398,1.90307,0.0630,0.0080,0.0929,0.0000,0.0000,0.0000,146.89,8.78,-126.16,1,1,0.0000,0.0000,0.3500,-90.00,0.7600,0.4200,1.0000,8.00,180.00,10.000000,0.250000,0.000000,1.200000,0.000000,0.000000,1.200000,0.000000,0.000000,0.900000,0.000000,0.000000,0.850000,0.040000,0.000000,0.008000,0.000000,0.000600,0.008000,0.000000,0.000600,0.006000,0.000000,0.000000,1,1,1,636,232,541,541,540,0,0,60.00,13081,3200,631,0,0,0,13171,499.00,499.00,17,608,0.0000,0.4590,0.5470,0.8320,0.0890
2026-04-28T17:30:15.465,10.615,1,0.30,1.29,0.00,0.00,1,-0.0631,-0.0079,0.2571,0.0000,0.0000,0.0000,123.13,-1.17,1,4.200,4.200,0.800,38,87,0,0.000,0.7600,0.0000,60.66,60.04,637,637,1.00000,1.00000,1.00000,1.00000,0.00000,3,3,0,1,23.63506,0.03392,1.90359,0.0631,0.0079,0.0929,0.0000,0.0000,0.0000,146.87,8.72,-126.16,1,1,0.0000,0.0000,0.3500,-90.00,0.7600,0.4200,1.0000,8.00,180.00,10.000000,0.250000,0.000000,1.200000,0.000000,0.000000,1.200000,0.000000,0.000000,0.900000,0.000000,0.000000,0.850000,0.040000,0.000000,0.008000,0.000000,0.000600,0.008000,0.000000,0.000600,0.006000,0.000000,0.000000,1,1,1,637,232,541,541,540,0,0,60.00,13081,3200,631,0,0,0,13171,499.00,499.00,17,608,0.0000,0.4590,0.5470,0.8320,0.0890
2026-04-28T17:30:15.480,10.631,1,0.30,1.29,0.00,0.00,1,-0.0630,-0.0080,0.2571,0.0000,0.0000,0.0000,123.09,2.56,1,4.200,4.200,0.800,38,87,0,0.000,0.7600,0.0000,53.31,58.37,638,638,1.00000,1.00000,1.00000,1.00000,0.00000,3,3,0,1,23.64853,0.03402,1.90165,0.0630,0.0080,0.0929,0.0000,0.0000,0.0000,146.91,8.79,-126.16,1,1,0.0000,0.0000,0.3500,-90.00,0.7600,0.4200,1.0000,8.00,180.00,10.000000,0.250000,0.000000,1.200000,0.000000,0.000000,1.200000,0.000000,0.000000,0.900000,0.000000,0.000000,0.850000,0.040000,0.000000,0.008000,0.000000,0.000600,0.008000,0.000000,0.000600,0.006000,0.000000,0.000000,1,1,1,638,232,541,541,540,0,0,60.00,13081,3200,631,0,0,0,13171,499.00,499.00,17,608,0.0000,0.4590,0.5470,0.8320,0.0890
2026-04-28T17:30:15.497,10.648,1,0.30,1.29,0.00,0.00,1,-0.0631,-0.0079,0.2571,0.0000,0.0000,0.0000,123.08,0.59,1,4.200,4.200,0.800,38,87,0,0.000,0.7600,0.0000,64.09,64.56,639,639,1.00000,1.00000,1.00000,1.00000,0.00000,3,3,0,1,23.62259,0.03410,1.90330,0.0631,0.0079,0.0929,0.0000,0.0000,0.0000,146.92,8.78,-126.17,1,1,0.0000,0.0000,0.3500,-90.00,0.7600,0.4200,1.0000,8.00,180.00,10.000000,0.250000,0.000000,1.200000,0.000000,0.000000,1.200000,0.000000,0.000000,0.900000,0.000000,0.000000,0.850000,0.040000,0.000000,0.008000,0.000000,0.000600,0.008000,0.000000,0.000600,0.006000,0.000000,0.000000,1,1,1,639,232,541,541,540,0,0,60.00,13081,3200,631,0,0,0,13171,499.00,499.00,17,608,0.0000,0.4590,0.5470,0.8320,0.0890
2026-04-28T17:30:15.513,10.664,1,0.30,1.29,0.00,0.00,1,-0.0631,-0.0079,0.2571,0.0000,0.0000,0.0000,123.07,0.62,1,4.200,4.200,0.800,38,87,0,0.000,0.7600,0.0000,55.89,57.23,640,640,1.00000,1.00000,1.00000,1.00000,0.00000,3,3,0,1,23.62506,0.03400,1.90339,0.0631,0.0079,0.0929,0.0000,0.0000,0.0000,146.93,8.77,-126.17,1,1,0.0000,0.0000,0.3500,-90.00,0.7600,0.4200,1.0000,8.00,180.00,10.000000,0.250000,0.000000,1.200000,0.000000,0.000000,1.200000,0.000000,0.000000,0.900000,0.000000,0.000000,0.850000,0.040000,0.000000,0.008000,0.000000,0.000600,0.008000,0.000000,0.000600,0.006000,0.000000,0.000000,1,1,1,640,232,541,541,540,0,0,60.00,13081,3200,631,0,0,0,13171,499.00,499.00,17,608,0.0000,0.4590,0.5470,0.8320,0.0890
2026-04-28T17:30:15.533,10.684,1,0.30,1.29,0.00,0.00,1,-0.0630,-0.0078,0.2569,0.0000,0.0000,0.0000,123.09,-1.02,1,4.200,4.200,0.800,38,87,0,0.000,0.7600,0.0000,66.46,60.39,641,641,1.00000,1.00000,1.00000,1.00000,0.00000,3,3,0,1,23.61290,0.03402,1.90171,0.0630,0.0078,0.0931,0.0000,0.0000,0.0000,146.91,8.79,-126.13,1,1,0.0000,0.0000,0.3500,-90.00,0.7600,0.4200,1.0000,8.00,180.00,10.000000,0.250000,0.000000,1.200000,0.000000,0.000000,1.200000,0.000000,0.000000,0.900000,0.000000,0.000000,0.850000,0.040000,0.000000,0.008000,0.000000,0.000600,0.008000,0.000000,0.000600,0.006000,0.000000,0.000000,1,1,1,641,232,541,541,540,0,0,60.00,13081,3200,631,0,0,0,13171,499.00,499.00,17,608,0.0000,0.4590,0.5470,0.8320,0.0890
2026-04-28T17:30:15.544,10.695,1,0.30,1.29,0.00,0.00,1,-0.0630,-0.0078,0.2572,0.0000,0.0000,0.0000,123.12,-2.40,1,4.200,4.200,0.800,38,87,0,0.000,0.7600,0.0000,51.17,59.55,642,642,1.00000,1.00000,1.00000,1.00000,0.00000,3,3,0,1,23.58145,0.03395,1.90006,0.0630,0.0078,0.0928,0.0000,0.0000,0.0000,146.88,8.76,-126.11,1,1,0.0000,0.0000,0.3500,-90.00,0.7600,0.4200,1.0000,8.00,180.00,10.000000,0.250000,0.000000,1.200000,0.000000,0.000000,1.200000,0.000000,0.000000,0.900000,0.000000,0.000000,0.850000,0.040000,0.000000,0.008000,0.000000,0.000600,0.008000,0.000000,0.000600,0.006000,0.000000,0.000000,1,1,1,642,232,541,541,540,0,0,60.00,13081,3200,631,0,0,0,13171,499.00,499.00,17,608,0.0000,0.4590,0.5470,0.8320,0.0890
2026-04-28T17:30:15.564,10.714,1,0.30,1.29,0.00,0.00,1,-0.0631,-0.0077,0.2571,0.0000,0.0000,0.0000,123.14,-1.09,1,4.200,4.200,0.800,38,87,0,0.000,0.7600,0.0000,69.21,60.44,643,643,1.00000,1.00000,1.00000,1.00000,0.00000,3,3,0,1,23.60226,0.03397,1.90025,0.0631,0.0077,0.0929,0.0000,0.0000,0.0000,146.86,8.73,-126.12,1,1,0.0000,0.0000,0.3500,-90.00,0.7600,0.4200,1.0000,8.00,180.00,10.000000,0.250000,0.000000,1.200000,0.000000,0.000000,1.200000,0.000000,0.000000,0.900000,0.000000,0.000000,0.850000,0.040000,0.000000,0.008000,0.000000,0.000600,0.008000,0.000000,0.000600,0.006000,0.000000,0.000000,1,1,1,643,232,541,541,540,0,0,60.00,13081,3200,631,0,0,0,13171,499.00,499.00,17,608,0.0000,0.4590,0.5470,0.8320,0.0890
2026-04-28T17:30:15.581,10.732,1,0.30,1.29,0.00,0.00,1,-0.0631,-0.0076,0.2570,0.0000,0.0000,0.0000,123.16,-1.16,1,4.200,4.200,0.800,38,87,0,0.000,0.7600,0.0000,64.60,59.62,644,644,1.00000,1.00000,1.00000,1.00000,0.00000,3,3,0,1,23.64270,0.03398,1.90045,0.0631,0.0076,0.0930,0.0000,0.0000,0.0000,146.84,8.76,-126.13,1,1,0.0000,0.0000,0.3500,-90.00,0.7600,0.4200,1.0000,8.00,180.00,10.000000,0.250000,0.000000,1.200000,0.000000,0.000000,1.200000,0.000000,0.000000,0.900000,0.000000,0.000000,0.850000,0.040000,0.000000,0.008000,0.000000,0.000600,0.008000,0.000000,0.000600,0.006000,0.000000,0.000000,1,1,1,644,232,541,541,540,0,0,60.00,13081,3200,631,0,0,0,13171,499.00,499.00,17,608,0.0000,0.4590,0.5470,0.8320,0.0890
2026-04-28T17:30:15.598,10.749,1,0.30,1.29,0.00,0.00,1,-0.0630,-0.0078,0.2572,0.0000,0.0000,0.0000,123.14,1.19,1,4.200,4.200,0.800,38,87,0,0.000,0.7600,0.0000,54.64,60.33,645,645,1.00000,1.00000,1.00000,1.00000,0.00000,3,3,0,1,23.61131,0.03390,1.89852,0.0630,0.0078,0.0928,0.0000,0.0000,0.0000,146.86,8.76,-126.13,1,1,0.0000,0.0000,0.3500,-90.00,0.7600,0.4200,1.0000,8.00,180.00,10.000000,0.250000,0.000000,1.200000,0.000000,0.000000,1.200000,0.000000,0.000000,0.900000,0.000000,0.000000,0.850000,0.040000,0.000000,0.008000,0.000000,0.000600,0.008000,0.000000,0.000600,0.006000,0.000000,0.000000,1,1,1,645,232,541,541,540,0,0,60.00,13081,3200,631,0,0,0,13171,499.00,499.00,17,608,0.0000,0.4590,0.5470,0.8320,0.0890
2026-04-28T17:30:15.614,10.764,1,0.30,1.29,0.00,0.00,1,-0.0631,-0.0081,0.2570,0.0000,0.0105,0.0000,123.01,8.01,1,4.200,4.200,0.800,38,87,0,0.000,0.7600,0.0000,59.40,60.13,646,646,1.00000,1.00000,1.00000,1.00000,0.00000,3,3,0,1,23.66405,0.03412,1.90898,0.0631,0.0081,0.0930,0.0000,0.0105,0.0000,146.99,8.78,-126.15,1,1,0.0000,0.0000,0.3500,-90.00,0.7600,0.4200,1.0000,8.00,180.00,10.000000,0.250000,0.000000,1.200000,0.000000,0.000000,1.200000,0.000000,0.000000,0.900000,0.000000,0.000000,0.850000,0.040000,0.000000,0.008000,0.000000,0.000600,0.008000,0.000000,0.000600,0.006000,0.000000,0.000000,1,1,1,646,236,541,541,540,0,0,60.00,13081,3200,631,0,0,0,13171,499.00,499.00,17,608,0.0000,0.4590,0.5470,0.8320,0.0890
2026-04-28T17:30:15.631,10.782,1,0.30,1.29,0.00,0.00,1,-0.0631,-0.0080,0.2571,0.0000,0.0000,0.0000,123.03,-1.11,1,4.200,4.200,0.800,38,87,0,0.000,0.7600,0.0000,67.09,59.86,647,647,1.00000,1.00000,1.00000,1.00000,0.00000,3,3,0,1,23.59711,0.03393,1.90139,0.0631,0.0080,0.0929,0.0000,0.0000,0.0000,146.97,8.78,-126.14,1,1,0.0000,0.0000,0.3500,-90.00,0.7600,0.4200,1.0000,8.00,180.00,10.000000,0.250000,0.000000,1.200000,0.000000,0.000000,1.200000,0.000000,0.000000,0.900000,0.000000,0.000000,0.850000,0.040000,0.000000,0.008000,0.000000,0.000600,0.008000,0.000000,0.000600,0.006000,0.000000,0.000000,1,1,1,647,232,541,541,540,0,0,60.00,13081,3200,631,0,0,0,13171,499.00,499.00,17,608,0.0000,0.4590,0.5470,0.8320,0.0890
2026-04-28T17:30:15.647,10.798,1,0.30,1.29,0.00,0.00,1,-0.0630,-0.0079,0.2572,0.0000,0.0000,0.0000,123.06,-1.97,1,4.200,4.200,0.800,38,87,0,0.000,0.7600,0.0000,54.36,59.99,648,648,1.00000,1.00000,1.00000,1.00000,0.00000,3,3,0,1,23.58591,0.03395,1.89992,0.0630,0.0079,0.0928,0.0000,0.0000,0.0000,146.94,8.77,-126.12,1,1,0.0000,0.0000,0.3500,-90.00,0.7600,0.4200,1.0000,8.00,180.00,10.000000,0.250000,0.000000,1.200000,0.000000,0.000000,1.200000,0.000000,0.000000,0.900000,0.000000,0.000000,0.850000,0.040000,0.000000,0.008000,0.000000,0.000600,0.008000,0.000000,0.000600,0.006000,0.000000,0.000000,1,1,1,648,232,541,541,540,0,0,60.00,13081,3200,631,0,0,0,13171,499.00,499.00,17,608,0.0000,0.4590,0.5470,0.8320,0.0890
2026-04-28T17:30:15.664,10.814,1,0.30,1.29,0.00,0.00,1,-0.0630,-0.0080,0.2572,0.0000,0.0000,0.0000,123.05,0.62,1,4.200,4.200,0.800,38,87,0,0.000,0.7600,0.0000,58.03,60.34,649,649,1.00000,1.00000,1.00000,1.00000,0.00000,3,3,0,1,23.59711,0.03393,1.90139,0.0630,0.0080,0.0928,0.0000,0.0000,0.0000,146.95,8.78,-126.13,1,1,0.0000,0.0000,0.3500,-90.00,0.7600,0.4200,1.0000,8.00,180.00,10.000000,0.250000,0.000000,1.200000,0.000000,0.000000,1.200000,0.000000,0.000000,0.900000,0.000000,0.000000,0.850000,0.040000,0.000000,0.008000,0.000000,0.000600,0.008000,0.000000,0.000600,0.006000,0.000000,0.000000,1,1,1,649,232,541,541,540,0,0,60.00,13081,3200,631,0,0,0,13171,499.00,499.00,17,608,0.0000,0.4590,0.5470,0.8320,0.0890
2026-04-28T17:30:15.680,10.830,1,0.30,1.29,0.00,0.00,1,-0.0630,-0.0080,0.2571,0.0000,0.0000,0.0000,123.04,0.59,1,4.200,4.200,0.800,38,87,0,0.000,0.7600,0.0000,66.06,58.21,650,650,1.00000,1.00000,1.00000,1.00000,0.00000,3,3,0,1,23.65099,0.03392,1.90174,0.0630,0.0080,0.0929,0.0000,0.0000,0.0000,146.96,8.80,-126.15,1,1,0.0000,0.0000,0.3500,-90.00,0.7600,0.4200,1.0000,8.00,180.00,10.000000,0.250000,0.000000,1.200000,0.000000,0.000000,1.200000,0.000000,0.000000,0.900000,0.000000,0.000000,0.850000,0.040000,0.000000,0.008000,0.000000,0.000600,0.008000,0.000000,0.000600,0.006000,0.000000,0.000000,1,1,1,650,231,541,541,540,0,0,60.00,13081,3200,631,0,0,0,13171,499.00,499.00,17,608,0.0000,0.4590,0.5470,0.8320,0.0890
2026-04-28T17:30:15.697,10.848,1,0.30,1.29,0.00,0.00,1,-0.0630,-0.0080,0.2572,0.0000,0.0000,0.0000,123.04,0.00,1,4.200,4.200,0.800,38,87,0,0.000,0.7600,0.0000,60.82,61.41,651,651,1.00000,1.00000,1.00000,1.00000,0.00000,3,3,0,1,23.59711,0.03393,1.90139,0.0630,0.0080,0.0928,0.0000,0.0000,0.0000,146.96,8.79,-126.14,1,1,0.0000,0.0000,0.3500,-90.00,0.7600,0.4200,1.0000,8.00,180.00,10.000000,0.250000,0.000000,1.200000,0.000000,0.000000,1.200000,0.000000,0.000000,0.900000,0.000000,0.000000,0.850000,0.040000,0.000000,0.008000,0.000000,0.000600,0.008000,0.000000,0.000600,0.006000,0.000000,0.000000,1,1,1,651,232,541,541,540,0,0,60.00,13081,3200,631,0,0,0,13171,499.00,499.00,17,608,0.0000,0.4590,0.5470,0.8320,0.0890
2026-04-28T17:30:15.714,10.865,1,0.30,1.29,0.00,0.00,1,-0.0631,-0.0079,0.2570,0.0000,0.0000,0.0000,123.06,-1.18,1,4.200,4.200,0.800,38,87,0,0.000,0.7600,0.0000,58.16,59.68,652,652,1.00000,1.00000,1.00000,1.00000,0.00000,3,3,0,1,23.62948,0.03400,1.90441,0.0631,0.0079,0.0930,0.0000,0.0000,0.0000,146.94,8.79,-126.13,1,1,0.0000,0.0000,0.3500,-90.00,0.7600,0.4200,1.0000,8.00,180.00,10.000000,0.250000,0.000000,1.200000,0.000000,0.000000,1.200000,0.000000,0.000000,0.900000,0.000000,0.000000,0.850000,0.040000,0.000000,0.008000,0.000000,0.000600,0.008000,0.000000,0.000600,0.006000,0.000000,0.000000,1,1,1,652,232,541,541,540,0,0,60.00,13081,3200,631,0,0,0,13171,499.00,499.00,17,608,0.0000,0.4590,0.5470,0.8320,0.0890
2026-04-28T17:30:15.731,10.882,1,0.30,1.29,0.00,0.00,1,-0.0631,-0.0079,0.2570,0.0000,0.0000,0.0000,123.07,-0.58,0,0.000,0.000,0.000,0,-1,0,0.000,0.7600,0.0000,58.84,58.67,653,653,1.00000,1.00000,1.00000,1.00000,0.00000,3,3,0,1,23.61195,0.03404,1.90166,0.0631,0.0079,0.0930,0.0000,0.0000,0.0000,146.93,8.82,-126.14,1,1,0.0000,0.0000,0.3500,-90.00,0.7600,0.4200,1.0000,8.00,180.00,10.000000,0.250000,0.000000,1.200000,0.000000,0.000000,1.200000,0.000000,0.000000,0.900000,0.000000,0.000000,0.850000,0.040000,0.000000,0.008000,0.000000,0.000600,0.008000,0.000000,0.000600,0.006000,0.000000,0.000000,1,1,1,653,232,541,541,540,0,0,60.00,13081,3200,631,0,0,0,13171,499.00,499.00,17,608,0.0000,0.4590,0.5470,0.8320,0.0890
2026-04-28T17:30:15.746,10.897,1,0.30,1.29,0.00,0.00,1,-0.0630,-0.0078,0.2571,0.0000,0.0000,0.0000,123.13,-3.97,0,0.000,0.000,0.000,0,-1,0,0.000,0.7600,0.0000,58.07,63.99,654,654,1.00000,1.00000,1.00000,1.00000,0.00000,3,3,0,1,23.65716,0.03405,1.90282,0.0630,0.0078,0.0929,0.0000,0.0000,0.0000,146.87,8.77,-126.14,1,1,0.0000,0.0000,0.3500,-90.00,0.7600,0.4200,1.0000,8.00,180.00,10.000000,0.250000,0.000000,1.200000,0.000000,0.000000,1.200000,0.000000,0.000000,0.900000,0.000000,0.000000,0.850000,0.040000,0.000000,0.008000,0.000000,0.000600,0.008000,0.000000,0.000600,0.006000,0.000000,0.000000,1,1,1,654,232,541,541,540,0,0,60.00,13081,3200,631,0,0,0,13171,499.00,499.00,17,608,0.0000,0.4590,0.5470,0.8320,0.0890
2026-04-28T17:30:15.763,10.914,1,0.30,1.29,0.00,0.00,1,-0.0631,-0.0079,0.2570,0.0000,0.0000,0.0000,123.09,2.26,0,0.000,0.000,0.000,0,-1,0,0.000,0.7600,0.0000,66.25,58.07,655,655,1.00000,1.00000,1.00000,1.00000,0.00000,3,3,0,1,23.61976,0.03395,1.90300,0.0631,0.0079,0.0930,0.0000,0.0000,0.0000,146.91,8.77,-126.13,1,1,0.0000,0.0000,0.3500,-90.00,0.7600,0.4200,1.0000,8.00,180.00,10.000000,0.250000,0.000000,1.200000,0.000000,0.000000,1.200000,0.000000,0.000000,0.900000,0.000000,0.000000,0.850000,0.040000,0.000000,0.008000,0.000000,0.000600,0.008000,0.000000,0.000600,0.006000,0.000000,0.000000,1,1,1,655,232,541,541,540,0,0,60.00,13081,3200,631,0,0,0,13171,499.00,499.00,17,608,0.0000,0.4590,0.5470,0.8320,0.0890
2026-04-28T17:30:15.781,10.932,1,0.30,1.29,0.00,0.00,1,-0.0630,-0.0078,0.2571,0.0000,0.0000,0.0000,123.14,-3.01,0,0.000,0.000,0.000,0,-1,0,0.000,0.7600,0.0000,58.47,60.22,656,656,1.00000,1.00000,1.00000,1.00000,0.00000,3,3,0,1,23.65716,0.03405,1.90282,0.0630,0.0078,0.0929,0.0000,0.0000,0.0000,146.86,8.75,-126.14,1,1,0.0000,0.0000,0.3500,-90.00,0.7600,0.4200,1.0000,8.00,180.00,10.000000,0.250000,0.000000,1.200000,0.000000,0.000000,1.200000,0.000000,0.000000,0.900000,0.000000,0.000000,0.850000,0.040000,0.000000,0.008000,0.000000,0.000600,0.008000,0.000000,0.000600,0.006000,0.000000,0.000000,1,1,1,656,232,541,541,540,0,0,60.00,13081,3200,631,0,0,0,13171,499.00,499.00,17,608,0.0000,0.4590,0.5470,0.8320,0.0890
2026-04-28T17:30:15.794,10.944,1,0.30,1.29,0.00,0.00,1,-0.0631,-0.0078,0.2570,0.0000,0.0000,0.0000,123.11,2.14,0,0.000,0.000,0.000,0,-1,0,0.000,0.7600,0.0000,57.38,60.23,657,657,1.00000,1.00000,1.00000,1.00000,0.00000,3,3,0,1,23.64774,0.03403,1.90500,0.0631,0.0078,0.0930,0.0000,0.0000,0.0000,146.89,8.74,-126.15,1,1,0.0000,0.0000,0.3500,-90.00,0.7600,0.4200,1.0000,8.00,180.00,10.000000,0.250000,0.000000,1.200000,0.000000,0.000000,1.200000,0.000000,0.000000,0.900000,0.000000,0.000000,0.850000,0.040000,0.000000,0.008000,0.000000,0.000600,0.008000,0.000000,0.000600,0.006000,0.000000,0.000000,1,1,1,657,232,541,541,540,0,0,60.00,13081,3200,631,0,0,0,13171,499.00,499.00,17,608,0.0000,0.4590,0.5470,0.8320,0.0890
2026-04-28T17:30:15.813,10.964,1,0.30,1.29,0.00,0.00,1,-0.0631,-0.0078,0.2569,0.0000,0.0000,0.0000,123.09,1.08,0,0.000,0.000,0.000,0,-1,0,0.000,0.7600,0.0000,85.22,59.45,658,658,1.00000,1.00000,1.00000,1.00000,0.00000,3,3,0,1,23.64239,0.03402,1.90375,0.0631,0.0078,0.0931,0.0000,0.0000,0.0000,146.91,8.77,-126.16,1,1,0.0000,0.0000,0.3500,-90.00,0.7600,0.4200,1.0000,8.00,180.00,10.000000,0.250000,0.000000,1.200000,0.000000,0.000000,1.200000,0.000000,0.000000,0.900000,0.000000,0.000000,0.850000,0.040000,0.000000,0.008000,0.000000,0.000600,0.008000,0.000000,0.000600,0.006000,0.000000,0.000000,1,1,1,658,232,541,541,540,0,0,60.00,13081,3200,631,0,0,0,13171,499.00,499.00,17,608,0.0000,0.4590,0.5470,0.8320,0.0890
2026-04-28T17:30:15.831,10.981,1,0.30,1.29,0.00,0.00,1,-0.0630,-0.0079,0.2569,0.0000,0.0000,0.0000,123.07,1.14,0,0.000,0.000,0.000,0,-1,0,0.000,0.7600,0.0000,48.81,60.30,659,659,1.00000,1.00000,1.00000,1.00000,0.00000,3,3,0,1,23.64347,0.03404,1.90371,0.0630,0.0079,0.0931,0.0000,0.0000,0.0000,146.93,8.83,-126.14,1,1,0.0000,0.0000,0.3500,-90.00,0.7600,0.4200,1.0000,8.00,180.00,10.000000,0.250000,0.000000,1.200000,0.000000,0.000000,1.200000,0.000000,0.000000,0.900000,0.000000,0.000000,0.850000,0.040000,0.000000,0.008000,0.000000,0.000600,0.008000,0.000000,0.000600,0.006000,0.000000,0.000000,1,1,1,659,232,541,541,540,0,0,60.00,13081,3200,631,0,0,0,13171,499.00,499.00,17,608,0.0000,0.4590,0.5470,0.8320,0.0890
2026-04-28T17:30:15.849,11.000,1,0.30,1.29,0.00,0.00,1,-0.0631,-0.0080,0.2568,0.0000,0.0000,0.0000,123.03,2.34,0,0.000,0.000,0.000,0,-1,0,0.000,0.7600,0.0000,56.98,59.24,660,660,1.00000,1.00000,1.00000,1.00000,0.00000,3,3,0,1,23.68083,0.03410,1.90653,0.0631,0.0080,0.0932,0.0000,0.0000,0.0000,146.97,8.83,-126.14,1,1,0.0000,0.0000,0.3500,-90.00,0.7600,0.4200,1.0000,8.00,180.00,10.000000,0.250000,0.000000,1.200000,0.000000,0.000000,1.200000,0.000000,0.000000,0.900000,0.000000,0.000000,0.850000,0.040000,0.000000,0.008000,0.000000,0.000600,0.008000,0.000000,0.000600,0.006000,0.000000,0.000000,1,1,1,660,232,541,541,540,0,0,60.00,13081,3200,631,0,0,0,13171,499.00,499.00,17,608,0.0000,0.4590,0.5470,0.8320,0.0890
2026-04-28T17:30:15.864,11.015,1,0.30,1.29,0.00,0.00,1,-0.0631,-0.0079,0.2569,0.0000,0.0000,0.0000,123.05,-1.24,0,0.000,0.000,0.000,0,-1,0,0.000,0.7600,0.0000,50.66,60.62,661,661,1.00000,1.00000,1.00000,1.00000,0.00000,3,3,0,1,23.64954,0.03408,1.90556,0.0631,0.0079,0.0931,0.0000,0.0000,0.0000,146.95,8.80,-126.15,1,1,0.0000,0.0000,0.3500,-90.00,0.7600,0.4200,1.0000,8.00,180.00,10.000000,0.250000,0.000000,1.200000,0.000000,0.000000,1.200000,0.000000,0.000000,0.900000,0.000000,0.000000,0.850000,0.040000,0.000000,0.008000,0.000000,0.000600,0.008000,0.000000,0.000600,0.006000,0.000000,0.000000,1,1,1,661,231,541,541,540,0,0,60.00,13081,3200,631,0,0,0,13171,499.00,499.00,17,608,0.0000,0.4590,0.5470,0.8320,0.0890
2026-04-28T17:30:15.881,11.032,1,0.30,1.29,0.00,0.00,1,-0.0630,-0.0079,0.2571,0.0000,0.0000,0.0000,123.05,0.00,0,0.000,0.000,0.000,0,-1,0,0.000,0.7600,0.0000,74.23,59.89,662,662,1.00000,1.00000,1.00000,1.00000,0.00000,3,3,0,1,23.59175,0.03392,1.90014,0.0630,0.0079,0.0929,0.0000,0.0000,0.0000,146.95,8.82,-126.15,1,1,0.0000,0.0000,0.3500,-90.00,0.7600,0.4200,1.0000,8.00,180.00,10.000000,0.250000,0.000000,1.200000,0.000000,0.000000,1.200000,0.000000,0.000000,0.900000,0.000000,0.000000,0.850000,0.040000,0.000000,0.008000,0.000000,0.000600,0.008000,0.000000,0.000600,0.006000,0.000000,0.000000,1,1,1,662,232,661,661,660,0,0,60.00,13201,3136,631,0,0,0,13171,499.00,499.00,17,608,0.0000,0.4590,0.5470,0.8320,0.0890
2026-04-28T17:30:15.898,11.048,1,0.30,1.29,0.00,0.00,1,-0.0630,-0.0080,0.2571,0.0000,0.0000,0.0000,122.99,3.56,0,0.000,0.000,0.000,0,-1,0,0.000,0.7600,0.0000,59.05,60.17,663,663,1.00000,1.00000,1.00000,1.00000,0.00000,3,3,0,1,23.60558,0.03390,1.90082,0.0630,0.0080,0.0929,0.0000,0.0000,0.0000,147.01,8.83,-126.15,1,1,0.0000,0.0000,0.3500,-90.00,0.7600,0.4200,1.0000,8.00,180.00,10.000000,0.250000,0.000000,1.200000,0.000000,0.000000,1.200000,0.000000,0.000000,0.900000,0.000000,0.000000,0.850000,0.040000,0.000000,0.008000,0.000000,0.000600,0.008000,0.000000,0.000600,0.006000,0.000000,0.000000,1,1,1,663,229,661,661,660,0,0,60.00,13201,3136,662,0,0,0,13202,496.77,496.77,0,1475,0.0000,0.4590,0.5470,0.8320,0.0890
2026-04-28T17:30:15.910,11.061,1,0.30,1.29,0.00,0.00,1,-0.0631,-0.0079,0.2570,0.0000,0.0000,0.0000,123.03,-2.96,0,0.000,0.000,0.000,0,-1,0,0.000,0.7600,0.0000,55.65,59.66,664,664,1.00000,1.00000,1.00000,1.00000,0.00000,3,3,0,1,23.64954,0.03408,1.90556,0.0631,0.0079,0.0930,0.0000,0.0000,0.0000,146.97,8.81,-126.15,1,1,0.0000,0.0000,0.3500,-90.00,0.7600,0.4200,1.0000,8.00,180.00,10.000000,0.250000,0.000000,1.200000,0.000000,0.000000,1.200000,0.000000,0.000000,0.900000,0.000000,0.000000,0.850000,0.040000,0.000000,0.008000,0.000000,0.000600,0.008000,0.000000,0.000600,0.006000,0.000000,0.000000,1,1,1,664,232,661,661,660,0,0,60.00,13201,3136,662,0,0,0,13202,496.77,496.77,0,1475,0.0000,0.4590,0.5470,0.8320,0.0890
2026-04-28T17:30:15.930,11.081,1,0.30,1.29,0.00,0.00,1,-0.0631,-0.0077,0.2571,0.0000,0.0000,0.0000,123.15,-6.43,0,0.000,0.000,0.000,0,-1,0,0.000,0.7600,0.0000,96.57,60.32,665,665,1.00000,1.00000,1.00000,1.00000,0.00000,3,3,0,1,23.62919,0.03401,1.90045,0.0631,0.0077,0.0929,0.0000,0.0000,0.0000,146.85,8.77,-126.09,1,1,0.0000,0.0000,0.3500,-90.00,0.7600,0.4200,1.0000,8.00,180.00,10.000000,0.250000,0.000000,1.200000,0.000000,0.000000,1.200000,0.000000,0.000000,0.900000,0.000000,0.000000,0.850000,0.040000,0.000000,0.008000,0.000000,0.000600,0.008000,0.000000,0.000600,0.006000,0.000000,0.000000,1,1,1,665,232,661,661,660,0,0,60.00,13201,3136,662,0,0,0,13202,496.77,496.77,0,1475,0.0000,0.4590,0.5470,0.8320,0.0890
2026-04-28T17:30:15.947,11.098,1,0.30,1.29,0.00,0.00,1,-0.0630,-0.0079,0.2571,0.0000,0.0000,0.0000,123.07,4.56,0,0.000,0.000,0.000,0,-1,0,0.000,0.7600,0.0000,46.15,59.97,666,666,1.00000,1.00000,1.00000,1.00000,0.00000,3,3,0,1,23.60113,0.03390,1.90096,0.0630,0.0079,0.0929,0.0000,0.0000,0.0000,146.93,8.79,-126.12,1,1,0.0000,0.0000,0.3500,-90.00,0.7600,0.4200,1.0000,8.00,180.00,10.000000,0.250000,0.000000,1.200000,0.000000,0.000000,1.200000,0.000000,0.000000,0.900000,0.000000,0.000000,0.850000,0.040000,0.000000,0.008000,0.000000,0.000600,0.008000,0.000000,0.000600,0.006000,0.000000,0.000000,1,1,1,666,232,661,661,660,0,0,60.00,13201,3136,662,0,0,0,13202,496.77,496.77,0,1475,0.0000,0.4590,0.5470,0.8320,0.0890
2026-04-28T17:30:15.965,11.116,1,0.30,1.29,0.00,0.00,1,-0.0630,-0.0079,0.2572,0.0000,0.0000,0.0000,123.06,0.57,0,0.000,0.000,0.000,0,-1,0,0.000,0.7600,0.0000,59.32,59.90,667,667,1.00000,1.00000,1.00000,1.00000,0.00000,3,3,0,1,23.65022,0.03404,1.90174,0.0630,0.0079,0.0928,0.0000,0.0000,0.0000,146.94,8.80,-126.17,1,1,0.0000,0.0000,0.3500,-90.00,0.7600,0.4200,1.0000,8.00,180.00,10.000000,0.250000,0.000000,1.200000,0.000000,0.000000,1.200000,0.000000,0.000000,0.900000,0.000000,0.000000,0.850000,0.040000,0.000000,0.008000,0.000000,0.000600,0.008000,0.000000,0.000600,0.006000,0.000000,0.000000,1,1,1,667,231,661,661,660,0,0,60.00,13201,3136,662,0,0,0,13202,496.77,496.77,0,1475,0.0000,0.4590,0.5470,0.8320,0.0890
2026-04-28T17:30:15.982,11.133,1,0.30,1.29,0.00,0.00,1,-0.0631,-0.0079,0.2570,0.0000,0.0000,0.0000,123.06,0.00,0,0.000,0.000,0.000,0,-1,0,0.000,0.7600,0.0000,53.10,58.90,668,668,1.00000,1.00000,1.00000,1.00000,0.00000,3,3,0,1,23.64954,0.03408,1.90556,0.0631,0.0079,0.0930,0.0000,0.0000,0.0000,146.94,8.79,-126.16,1,1,0.0000,0.0000,0.3500,-90.00,0.7600,0.4200,1.0000,8.00,180.00,10.000000,0.250000,0.000000,1.200000,0.000000,0.000000,1.200000,0.000000,0.000000,0.900000,0.000000,0.000000,0.850000,0.040000,0.000000,0.008000,0.000000,0.000600,0.008000,0.000000,0.000600,0.006000,0.000000,0.000000,1,1,1,668,232,661,661,660,0,0,60.00,13201,3136,662,0,0,0,13202,496.77,496.77,0,1475,0.0000,0.4590,0.5470,0.8320,0.0890
2026-04-28T17:30:15.999,11.149,1,0.30,1.29,0.00,0.00,1,-0.0631,-0.0080,0.2571,0.0000,0.0000,0.0000,123.06,0.00,0,0.000,0.000,0.000,0,-1,0,0.000,0.7600,0.0000,63.63,60.82,669,669,1.00000,1.00000,1.00000,1.00000,0.00000,3,3,0,1,23.60693,0.03397,1.90278,0.0631,0.0080,0.0929,0.0000,0.0000,0.0000,146.94,8.79,-126.15,1,1,0.0000,0.0000,0.3500,-90.00,0.7600,0.4200,1.0000,8.00,180.00,10.000000,0.250000,0.000000,1.200000,0.000000,0.000000,1.200000,0.000000,0.000000,0.900000,0.000000,0.000000,0.850000,0.040000,0.000000,0.008000,0.000000,0.000600,0.008000,0.000000,0.000600,0.006000,0.000000,0.000000,1,1,1,669,232,661,661,660,0,0,60.00,13201,3136,662,0,0,0,13202,496.77,496.77,0,1475,0.0000,0.4590,0.5470,0.8320,0.0890
2026-04-28T17:30:16.015,11.165,1,0.30,1.29,0.00,0.00,1,-0.0631,-0.0078,0.2572,0.0000,0.0000,0.0000,123.16,-6.06,0,0.000,0.000,0.000,0,-1,0,0.000,0.7600,0.0000,63.03,60.34,670,670,1.00000,1.00000,1.00000,1.00000,0.00000,3,3,0,1,23.60133,0.03406,1.90278,0.0631,0.0078,0.0928,0.0000,0.0000,0.0000,146.84,8.72,-126.13,1,1,0.0000,0.0000,0.3500,-90.00,0.7600,0.4200,1.0000,8.00,180.00,10.000000,0.250000,0.000000,1.200000,0.000000,0.000000,1.200000,0.000000,0.000000,0.900000,0.000000,0.000000,0.850000,0.040000,0.000000,0.008000,0.000000,0.000600,0.008000,0.000000,0.000600,0.006000,0.000000,0.000000,1,1,1,670,232,661,661,660,0,0,60.00,13201,3136,662,0,0,0,13202,496.77,496.77,0,1475,0.0000,0.4590,0.5470,0.8320,0.0890
2026-04-28T17:30:16.030,11.180,1,0.30,1.29,0.00,0.00,1,-0.0630,-0.0078,0.2571,0.0000,0.0000,0.0000,123.09,4.66,0,0.000,0.000,0.000,0,-1,0,0.000,0.7600,0.0000,57.01,61.74,671,671,1.00000,1.00000,1.00000,1.00000,0.00000,3,3,0,1,23.64735,0.03394,1.90058,0.0630,0.0078,0.0929,0.0000,0.0000,0.0000,146.91,8.78,-126.18,1,1,0.0000,0.0000,0.3500,-90.00,0.7600,0.4200,1.0000,8.00,180.00,10.000000,0.250000,0.000000,1.200000,0.000000,0.000000,1.200000,0.000000,0.000000,0.900000,0.000000,0.000000,0.850000,0.040000,0.000000,0.008000,0.000000,0.000600,0.008000,0.000000,0.000600,0.006000,0.000000,0.000000,1,1,1,671,232,661,661,660,0,0,60.00,13201,3136,662,0,0,0,13202,496.77,496.77,0,1475,0.0000,0.4590,0.5470,0.8320,0.0890
2026-04-28T17:30:16.047,11.198,1,0.30,1.29,0.00,0.00,1,-0.0630,-0.0080,0.2571,0.0000,0.0000,0.0000,123.04,2.89,0,0.000,0.000,0.000,0,-1,0,0.000,0.7600,0.0000,71.51,58.32,672,672,1.00000,1.00000,1.00000,1.00000,0.00000,3,3,0,1,23.62788,0.03397,1.90256,0.0630,0.0080,0.0929,0.0000,0.0000,0.0000,146.96,8.81,-126.15,1,1,0.0000,0.0000,0.3500,-90.00,0.7600,0.4200,1.0000,8.00,180.00,10.000000,0.250000,0.000000,1.200000,0.000000,0.000000,1.200000,0.000000,0.000000,0.900000,0.000000,0.000000,0.850000,0.040000,0.000000,0.008000,0.000000,0.000600,0.008000,0.000000,0.000600,0.006000,0.000000,0.000000,1,1,1,672,232,661,661,660,0,0,60.00,13201,3136,662,0,0,0,13202,496.77,496.77,0,1475,0.0000,0.4590,0.5470,0.8320,0.0890
2026-04-28T17:30:16.065,11.216,1,0.30,1.29,0.00,0.00,1,-0.0631,-0.0078,0.2572,0.0000,0.0000,0.0000,123.13,-5.00,0,0.000,0.000,0.000,0,-1,0,0.000,0.7600,0.0000,57.42,60.07,673,673,1.00000,1.00000,1.00000,1.00000,0.00000,3,3,0,1,23.60630,0.03381,1.89927,0.0631,0.0078,0.0928,0.0000,0.0000,0.0000,146.87,8.70,-126.10,1,1,0.0000,0.0000,0.3500,-90.00,0.7600,0.4200,1.0000,8.00,180.00,10.000000,0.250000,0.000000,1.200000,0.000000,0.000000,1.200000,0.000000,0.000000,0.900000,0.000000,0.000000,0.850000,0.040000,0.000000,0.008000,0.000000,0.000600,0.008000,0.000000,0.000600,0.006000,0.000000,0.000000,1,1,1,673,230,661,661,660,0,0,60.00,13201,3136,662,0,0,0,13202,496.77,496.77,0,1475,0.0000,0.4590,0.5470,0.8320,0.0890
2026-04-28T17:30:16.079,11.230,1,0.30,1.29,0.00,0.00,1,-0.0631,-0.0078,0.2569,0.0000,0.0000,0.0000,123.10,2.02,0,0.000,0.000,0.000,0,-1,0,0.000,0.7600,0.0000,59.12,59.53,674,674,1.00000,1.00000,1.00000,1.00000,0.00000,3,3,0,1,23.64420,0.03407,1.90431,0.0631,0.0078,0.0931,0.0000,0.0000,0.0000,146.90,8.77,-126.14,1,1,0.0000,0.0000,0.3500,-90.00,0.7600,0.4200,1.0000,8.00,180.00,10.000000,0.250000,0.000000,1.200000,0.000000,0.000000,1.200000,0.000000,0.000000,0.900000,0.000000,0.000000,0.850000,0.040000,0.000000,0.008000,0.000000,0.000600,0.008000,0.000000,0.000600,0.006000,0.000000,0.000000,1,1,1,674,231,661,661,660,0,0,60.00,13201,3136,662,0,0,0,13202,496.77,496.77,0,1475,0.0000,0.4590,0.5470,0.8320,0.0890
2026-04-28T17:30:16.096,11.247,1,0.30,1.29,0.00,0.00,1,-0.0631,-0.0079,0.2570,0.0000,0.0000,0.0000,123.10,0.00,0,0.000,0.000,0.000,0,-1,0,0.000,0.7600,0.0000,72.31,60.51,675,675,1.00000,1.00000,1.00000,1.00000,0.00000,3,3,0,1,23.61583,0.03397,1.90330,0.0631,0.0079,0.0930,0.0000,0.0000,0.0000,146.90,8.76,-126.13,1,1,0.0000,0.0000,0.3500,-90.00,0.7600,0.4200,1.0000,8.00,180.00,10.000000,0.250000,0.000000,1.200000,0.000000,0.000000,1.200000,0.000000,0.000000,0.900000,0.000000,0.000000,0.850000,0.040000,0.000000,0.008000,0.000000,0.000600,0.008000,0.000000,0.000600,0.006000,0.000000,0.000000,1,1,1,675,231,661,661,660,0,0,60.00,13201,3136,662,0,0,0,13202,496.77,496.77,0,1475,0.0000,0.4590,0.5470,0.8320,0.0890
2026-04-28T17:30:16.114,11.265,1,0.30,1.29,0.00,0.00,1,-0.0631,-0.0077,0.2571,0.0000,0.0000,0.0000,123.13,-1.80,0,0.000,0.000,0.000,0,-1,0,0.000,0.7600,0.0000,53.93,59.94,676,676,1.00000,1.00000,1.00000,1.00000,0.00000,3,3,0,1,23.60761,0.03397,1.90150,0.0631,0.0077,0.0929,0.0000,0.0000,0.0000,146.87,8.71,-126.12,1,1,0.0000,0.0000,0.3500,-90.00,0.7600,0.4200,1.0000,8.00,180.00,10.000000,0.250000,0.000000,1.200000,0.000000,0.000000,1.200000,0.000000,0.000000,0.900000,0.000000,0.000000,0.850000,0.040000,0.000000,0.008000,0.000000,0.000600,0.008000,0.000000,0.000600,0.006000,0.000000,0.000000,1,1,1,676,232,661,661,660,0,0,60.00,13201,3136,662,0,0,0,13202,496.77,496.77,0,1475,0.0000,0.4590,0.5470,0.8320,0.0890
2026-04-28T17:30:16.131,11.282,1,0.30,1.29,0.00,0.00,1,-0.0631,-0.0078,0.2571,0.0000,0.0000,0.0000,123.14,-0.59,0,0.000,0.000,0.000,0,-1,0,0.000,0.7600,0.0000,56.59,60.63,677,677,1.00000,1.00000,1.00000,1.00000,0.00000,3,3,0,1,23.60412,0.03397,1.90167,0.0631,0.0078,0.0929,0.0000,0.0000,0.0000,146.86,8.71,-126.10,1,1,0.0000,0.0000,0.3500,-90.00,0.7600,0.4200,1.0000,8.00,180.00,10.000000,0.250000,0.000000,1.200000,0.000000,0.000000,1.200000,0.000000,0.000000,0.900000,0.000000,0.000000,0.850000,0.040000,0.000000,0.008000,0.000000,0.000600,0.008000,0.000000,0.000600,0.006000,0.000000,0.000000,1,1,1,677,231,661,661,660,0,0,60.00,13201,3136,662,0,0,0,13202,496.77,496.77,0,1475,0.0000,0.4590,0.5470,0.8320,0.0890
2026-04-28T17:30:16.146,11.297,1,0.30,1.29,0.00,0.00,1,-0.0630,-0.0078,0.2571,0.0000,0.0000,0.0000,123.14,0.00,0,0.000,0.000,0.000,0,-1,0,0.000,0.7600,0.0000,59.59,59.45,678,678,1.00000,1.00000,1.00000,1.00000,0.00000,3,3,0,1,23.57610,0.03394,1.89881,0.0630,0.0078,0.0929,0.0000,0.0000,0.0000,146.86,8.74,-126.10,1,1,0.0000,0.0000,0.3500,-90.00,0.7600,0.4200,1.0000,8.00,180.00,10.000000,0.250000,0.000000,1.200000,0.000000,0.000000,1.200000,0.000000,0.000000,0.900000,0.000000,0.000000,0.850000,0.040000,0.000000,0.008000,0.000000,0.000600,0.008000,0.000000,0.000600,0.006000,0.000000,0.000000,1,1,1,678,231,661,661,660,0,0,60.00,13201,3136,662,0,0,0,13202,496.77,496.77,0,1475,0.0000,0.4590,0.5470,0.8320,0.0890
2026-04-28T17:30:16.164,11.315,1,0.30,1.29,0.00,0.00,1,-0.0630,-0.0080,0.2571,0.0000,0.0000,0.0000,123.10,2.26,0,0.000,0.000,0.000,0,-1,0,0.000,0.7600,0.0000,64.17,59.76,679,679,1.00000,1.00000,1.00000,1.00000,0.00000,3,3,0,1,23.62157,0.03400,1.90356,0.0630,0.0080,0.0929,0.0000,0.0000,0.0000,146.90,8.78,-126.11,1,1,0.0000,0.0000,0.3500,-90.00,0.7600,0.4200,1.0000,8.00,180.00,10.000000,0.250000,0.000000,1.200000,0.000000,0.000000,1.200000,0.000000,0.000000,0.900000,0.000000,0.000000,0.850000,0.040000,0.000000,0.008000,0.000000,0.000600,0.008000,0.000000,0.000600,0.006000,0.000000,0.000000,1,1,1,679,231,661,661,660,0,0,60.00,13201,3136,662,0,0,0,13202,496.77,496.77,0,1475,0.0000,0.4590,0.5470,0.8320,0.0890
2026-04-28T17:30:16.181,11.332,1,0.30,1.29,0.00,0.00,1,-0.0630,-0.0079,0.2569,0.0000,0.0000,0.0000,123.08,1.16,0,0.000,0.000,0.000,0,-1,0,0.000,0.7600,0.0000,56.55,58.50,680,680,1.00000,1.00000,1.00000,1.00000,0.00000,3,3,0,1,23.64420,0.03407,1.90431,0.0630,0.0079,0.0931,0.0000,0.0000,0.0000,146.92,8.80,-126.15,1,1,0.0000,0.0000,0.3500,-90.00,0.7600,0.4200,1.0000,8.00,180.00,10.000000,0.250000,0.000000,1.200000,0.000000,0.000000,1.200000,0.000000,0.000000,0.900000,0.000000,0.000000,0.850000,0.040000,0.000000,0.008000,0.000000,0.000600,0.008000,0.000000,0.000600,0.006000,0.000000,0.000000,1,1,1,680,231,661,661,660,0,0,60.00,13201,3136,662,0,0,0,13202,496.77,496.77,0,1475,0.0000,0.4590,0.5470,0.8320,0.0890
2026-04-28T17:30:16.197,11.348,1,0.30,1.29,0.00,0.00,1,-0.0630,-0.0079,0.2571,0.0000,0.0000,0.0000,123.06,1.28,0,0.000,0.000,0.000,0,-1,0,0.000,0.7600,0.0000,58.18,61.91,681,681,1.00000,1.00000,1.00000,1.00000,0.00000,3,3,0,1,23.61700,0.03385,1.89814,0.0630,0.0079,0.0929,0.0000,0.0000,0.0000,146.94,8.80,-126.16,1,1,0.0000,0.0000,0.3500,-90.00,0.7600,0.4200,1.0000,8.00,180.00,10.000000,0.250000,0.000000,1.200000,0.000000,0.000000,1.200000,0.000000,0.000000,0.900000,0.000000,0.000000,0.850000,0.040000,0.000000,0.008000,0.000000,0.000600,0.008000,0.000000,0.000600,0.006000,0.000000,0.000000,1,1,1,681,231,661,661,660,0,0,60.00,13201,3136,662,0,0,0,13202,496.77,496.77,0,1475,0.0000,0.4590,0.5470,0.8320,0.0890
2026-04-28T17:30:16.214,11.365,1,0.30,1.29,0.00,0.00,1,-0.0630,-0.0080,0.2570,0.0000,0.0000,0.0000,123.06,0.00,0,0.000,0.000,0.000,0,-1,0,0.000,0.7600,0.0000,67.89,59.79,682,682,1.00000,1.00000,1.00000,1.00000,0.00000,3,3,0,1,23.63129,0.03405,1.90497,0.0630,0.0080,0.0930,0.0000,0.0000,0.0000,146.94,8.81,-126.14,1,1,0.0000,0.0000,0.3500,-90.00,0.7600,0.4200,1.0000,8.00,180.00,10.000000,0.250000,0.000000,1.200000,0.000000,0.000000,1.200000,0.000000,0.000000,0.900000,0.000000,0.000000,0.850000,0.040000,0.000000,0.008000,0.000000,0.000600,0.008000,0.000000,0.000600,0.006000,0.000000,0.000000,1,1,1,682,232,661,661,660,0,0,60.00,13201,3136,662,0,0,0,13202,496.77,496.77,0,1475,0.0000,0.4590,0.5470,0.8320,0.0890
2026-04-28T17:30:16.231,11.381,1,0.30,1.29,0.00,0.00,1,-0.0631,-0.0077,0.2571,0.0000,0.0000,0.0000,123.15,-5.36,0,0.000,0.000,0.000,0,-1,0,0.000,0.7600,0.0000,55.76,63.48,683,683,1.00000,1.00000,1.00000,1.00000,0.00000,3,3,0,1,23.61942,0.03395,1.90226,0.0631,0.0077,0.0929,0.0000,0.0000,0.0000,146.85,8.70,-126.13,1,1,0.0000,0.0000,0.3500,-90.00,0.7600,0.4200,1.0000,8.00,180.00,10.000000,0.250000,0.000000,1.200000,0.000000,0.000000,1.200000,0.000000,0.000000,0.900000,0.000000,0.000000,0.850000,0.040000,0.000000,0.008000,0.000000,0.000600,0.008000,0.000000,0.000600,0.006000,0.000000,0.000000,1,1,1,683,231,661,661,660,0,0,60.00,13201,3136,662,0,0,0,13202,496.77,496.77,0,1475,0.0000,0.4590,0.5470,0.8320,0.0890
2026-04-28T17:30:16.246,11.396,1,0.30,1.29,0.00,0.00,1,-0.0631,-0.0078,0.2571,0.0000,0.0000,0.0000,123.15,0.00,0,0.000,0.000,0.000,0,-1,0,0.000,0.7600,0.0000,59.58,56.95,684,684,1.00000,1.00000,1.00000,1.00000,0.00000,3,3,0,1,23.60593,0.03402,1.90224,0.0631,0.0078,0.0929,0.0000,0.0000,0.0000,146.85,8.73,-126.10,1,1,0.0000,0.0000,0.3500,-90.00,0.7600,0.4200,1.0000,8.00,180.00,10.000000,0.250000,0.000000,1.200000,0.000000,0.000000,1.200000,0.000000,0.000000,0.900000,0.000000,0.000000,0.850000,0.040000,0.000000,0.008000,0.000000,0.000600,0.008000,0.000000,0.000600,0.006000,0.000000,0.000000,1,1,1,684,231,661,661,660,0,0,60.00,13201,3136,662,0,0,0,13202,496.77,496.77,0,1475,0.0000,0.4590,0.5470,0.8320,0.0890
2026-04-28T17:30:16.264,11.415,1,0.30,1.29,0.00,0.00,1,-0.0631,-0.0077,0.2571,0.0000,0.0000,0.0000,123.18,-1.74,0,0.000,0.000,0.000,0,-1,0,0.000,0.7600,0.0000,72.50,60.07,685,685,1.00000,1.00000,1.00000,1.00000,0.00000,3,3,0,1,23.63490,0.03383,1.89965,0.0631,0.0077,0.0929,0.0000,0.0000,0.0000,146.82,8.72,-126.10,1,1,0.0000,0.0000,0.3500,-90.00,0.7600,0.4200,1.0000,8.00,180.00,10.000000,0.250000,0.000000,1.200000,0.000000,0.000000,1.200000,0.000000,0.000000,0.900000,0.000000,0.000000,0.850000,0.040000,0.000000,0.008000,0.000000,0.000600,0.008000,0.000000,0.000600,0.006000,0.000000,0.000000,1,1,1,685,231,661,661,660,0,0,60.00,13201,3136,662,0,0,0,13202,496.77,496.77,0,1475,0.0000,0.4590,0.5470,0.8320,0.0890
2026-04-28T17:30:16.281,11.432,1,0.30,1.29,0.00,0.00,1,-0.0630,-0.0079,0.2571,0.0000,0.0000,0.0000,123.13,2.94,0,0.000,0.000,0.000,0,-1,0,0.000,0.7600,0.0000,51.40,60.03,686,686,1.00000,1.00000,1.00000,1.00000,0.00000,3,3,0,1,23.64698,0.03395,1.90216,0.0630,0.0079,0.0929,0.0000,0.0000,0.0000,146.87,8.76,-126.13,1,1,0.0000,0.0000,0.3500,-90.00,0.7600,0.4200,1.0000,8.00,180.00,10.000000,0.250000,0.000000,1.200000,0.000000,0.000000,1.200000,0.000000,0.000000,0.900000,0.000000,0.000000,0.850000,0.040000,0.000000,0.008000,0.000000,0.000600,0.008000,0.000000,0.000600,0.006000,0.000000,0.000000,1,1,1,686,232,661,661,660,0,0,60.00,13201,3136,662,0,0,0,13202,496.77,496.77,0,1475,0.0000,0.4590,0.5470,0.8320,0.0890
2026-04-28T17:30:16.298,11.449,1,0.30,1.29,0.00,0.00,1,-0.0630,-0.0079,0.2572,0.0000,0.0000,0.0000,123.11,1.16,0,0.000,0.000,0.000,0,-1,0,0.000,0.7600,0.0000,59.46,59.70,687,687,1.00000,1.00000,1.00000,1.00000,0.00000,3,3,0,1,23.58591,0.03395,1.89992,0.0630,0.0079,0.0928,0.0000,0.0000,0.0000,146.89,8.76,-126.11,1,1,0.0000,0.0000,0.3500,-90.00,0.7600,0.4200,1.0000,8.00,180.00,10.000000,0.250000,0.000000,1.200000,0.000000,0.000000,1.200000,0.000000,0.000000,0.900000,0.000000,0.000000,0.850000,0.040000,0.000000,0.008000,0.000000,0.000600,0.008000,0.000000,0.000600,0.006000,0.000000,0.000000,1,1,1,687,232,661,661,660,0,0,60.00,13201,3136,662,0,0,0,13202,496.77,496.77,0,1475,0.0000,0.4590,0.5470,0.8320,0.0890
2026-04-28T17:30:16.313,11.463,1,0.30,1.29,0.00,0.00,1,-0.0630,-0.0080,0.2571,0.0000,0.0000,0.0000,123.09,1.28,0,0.000,0.000,0.000,0,-1,0,0.000,0.7600,0.0000,58.09,59.76,688,688,1.00000,1.00000,1.00000,1.00000,0.00000,3,3,0,1,23.64698,0.03395,1.90216,0.0630,0.0080,0.0929,0.0000,0.0000,0.0000,146.91,8.79,-126.14,1,1,0.0000,0.0000,0.3500,-90.00,0.7600,0.4200,1.0000,8.00,180.00,10.000000,0.250000,0.000000,1.200000,0.000000,0.000000,1.200000,0.000000,0.000000,0.900000,0.000000,0.000000,0.850000,0.040000,0.000000,0.008000,0.000000,0.000600,0.008000,0.000000,0.000600,0.006000,0.000000,0.000000,1,1,1,688,232,661,661,660,0,0,60.00,13201,3136,662,0,0,0,13202,496.77,496.77,0,1475,0.0000,0.4590,0.5470,0.8320,0.0890
2026-04-28T17:30:16.329,11.480,1,0.30,1.29,0.00,0.00,1,-0.0630,-0.0080,0.2571,0.0000,0.0000,0.0000,123.04,3.05,0,0.000,0.000,0.000,0,-1,0,0.000,0.7600,0.0000,68.28,60.70,689,689,1.00000,1.00000,1.00000,1.00000,0.00000,3,3,0,1,23.59577,0.03389,1.89971,0.0630,0.0080,0.0929,0.0000,0.0000,0.0000,146.96,8.82,-126.15,1,1,0.0000,0.0000,0.3500,-90.00,0.7600,0.4200,1.0000,8.00,180.00,10.000000,0.250000,0.000000,1.200000,0.000000,0.000000,1.200000,0.000000,0.000000,0.900000,0.000000,0.000000,0.850000,0.040000,0.000000,0.008000,0.000000,0.000600,0.008000,0.000000,0.000600,0.006000,0.000000,0.000000,1,1,1,689,232,661,661,660,0,0,60.00,13201,3136,662,0,0,0,13202,496.77,496.77,0,1475,0.0000,0.4590,0.5470,0.8320,0.0890
2026-04-28T17:30:16.347,11.498,1,0.30,1.29,0.00,0.00,1,-0.0630,-0.0080,0.2571,0.0000,0.0000,0.0000,123.04,0.00,0,0.000,0.000,0.000,0,-1,0,0.000,0.7600,0.0000,58.54,59.82,690,690,1.00000,1.00000,1.00000,1.00000,0.00000,3,3,0,1,23.59711,0.03393,1.90139,0.0630,0.0080,0.0929,0.0000,0.0000,0.0000,146.96,8.80,-126.14,1,1,0.0000,0.0000,0.3500,-90.00,0.7600,0.4200,1.0000,8.00,180.00,10.000000,0.250000,0.000000,1.200000,0.000000,0.000000,1.200000,0.000000,0.000000,0.900000,0.000000,0.000000,0.850000,0.040000,0.000000,0.008000,0.000000,0.000600,0.008000,0.000000,0.000600,0.006000,0.000000,0.000000,1,1,1,690,231,661,661,660,0,0,60.00,13201,3136,662,0,0,0,13202,496.77,496.77,0,1475,0.0000,0.4590,0.5470,0.8320,0.0890
2026-04-28T17:30:16.364,11.515,1,0.30,1.29,0.00,0.00,1,-0.0630,-0.0080,0.2570,0.0000,0.0000,0.0000,123.02,1.24,0,0.000,0.000,0.000,0,-1,0,0.000,0.7600,0.0000,56.40,59.71,691,691,1.00000,1.00000,1.00000,1.00000,0.00000,3,3,0,1,23.65283,0.03403,1.90453,0.0630,0.0080,0.0930,0.0000,0.0000,0.0000,146.98,8.83,-126.12,1,1,0.0000,0.0000,0.3500,-90.00,0.7600,0.4200,1.0000,8.00,180.00,10.000000,0.250000,0.000000,1.200000,0.000000,0.000000,1.200000,0.000000,0.000000,0.900000,0.000000,0.000000,0.850000,0.040000,0.000000,0.008000,0.000000,0.000600,0.008000,0.000000,0.000600,0.006000,0.000000,0.000000,1,1,1,691,232,661,661,660,0,0,60.00,13201,3136,662,0,0,0,13202,496.77,496.77,0,1475,0.0000,0.4590,0.5470,0.8320,0.0890
2026-04-28T17:30:16.380,11.531,1,0.30,1.29,0.00,0.00,1,-0.0631,-0.0079,0.2570,0.0000,0.0000,0.0000,123.09,-4.08,0,0.000,0.000,0.000,0,-1,0,0.000,0.7600,0.0000,56.39,59.18,692,692,1.00000,1.00000,1.00000,1.00000,0.00000,3,3,0,1,23.64147,0.03411,1.90627,0.0631,0.0079,0.0930,0.0000,0.0000,0.0000,146.91,8.78,-126.14,1,1,0.0000,0.0000,0.3500,-90.00,0.7600,0.4200,1.0000,8.00,180.00,10.000000,0.250000,0.000000,1.200000,0.000000,0.000000,1.200000,0.000000,0.000000,0.900000,0.000000,0.000000,0.850000,0.040000,0.000000,0.008000,0.000000,0.000600,0.008000,0.000000,0.000600,0.006000,0.000000,0.000000,1,1,1,692,232,661,661,660,0,0,60.00,13201,3136,662,0,0,0,13202,496.77,496.77,0,1475,0.0000,0.4590,0.5470,0.8320,0.0890
2026-04-28T17:30:16.397,11.548,1,0.30,1.29,0.00,0.00,1,-0.0631,-0.0079,0.2572,0.0000,0.0000,0.0000,123.13,-2.51,0,0.000,0.000,0.000,0,-1,0,0.000,0.7600,0.0000,70.64,61.16,693,693,1.00000,1.00000,1.00000,1.00000,0.00000,3,3,0,1,23.60671,0.03409,1.90045,0.0631,0.0079,0.0928,0.0000,0.0000,0.0000,146.87,8.78,-126.10,1,1,0.0000,0.0000,0.3500,-90.00,0.7600,0.4200,1.0000,8.00,180.00,10.000000,0.250000,0.000000,1.200000,0.000000,0.000000,1.200000,0.000000,0.000000,0.900000,0.000000,0.000000,0.850000,0.040000,0.000000,0.008000,0.000000,0.000600,0.008000,0.000000,0.000600,0.006000,0.000000,0.000000,1,1,1,693,231,661,661,660,0,0,60.00,13201,3136,692,0,0,0,13232,497.51,497.51,0,1862,0.0000,0.4580,0.5480,0.8320,0.0890
2026-04-28T17:30:16.413,11.564,1,0.30,1.29,0.00,0.00,1,-0.0631,-0.0078,0.2570,0.0000,0.0000,0.0000,123.14,-0.64,0,0.000,0.000,0.000,0,-1,0,0.000,0.7600,0.0000,58.98,59.61,694,694,1.00000,1.00000,1.00000,1.00000,0.00000,3,3,0,1,23.65953,0.03400,1.90576,0.0631,0.0078,0.0930,0.0000,0.0000,0.0000,146.86,8.73,-126.12,1,1,0.0000,0.0000,0.3500,-90.00,0.7600,0.4200,1.0000,8.00,180.00,10.000000,0.250000,0.000000,1.200000,0.000000,0.000000,1.200000,0.000000,0.000000,0.900000,0.000000,0.000000,0.850000,0.040000,0.000000,0.008000,0.000000,0.000600,0.008000,0.000000,0.000600,0.006000,0.000000,0.000000,1,1,1,694,232,661,661,660,0,0,60.00,13201,3136,692,0,0,0,13232,497.51,497.51,0,1862,0.0000,0.4580,0.5480,0.8320,0.0890
2026-04-28T17:30:16.431,11.582,1,0.30,1.29,0.00,0.00,1,-0.0631,-0.0079,0.2569,0.0000,0.0000,0.0000,123.10,2.23,0,0.000,0.000,0.000,0,-1,0,0.000,0.7600,0.0000,58.13,60.31,695,695,1.00000,1.00000,1.00000,1.00000,0.00000,3,3,0,1,23.61441,0.03394,1.90175,0.0631,0.0079,0.0931,0.0000,0.0000,0.0000,146.90,8.78,-126.13,1,1,0.0000,0.0000,0.3500,-90.00,0.7600,0.4200,1.0000,8.00,180.00,10.000000,0.250000,0.000000,1.200000,0.000000,0.000000,1.200000,0.000000,0.000000,0.900000,0.000000,0.000000,0.850000,0.040000,0.000000,0.008000,0.000000,0.000600,0.008000,0.000000,0.000600,0.006000,0.000000,0.000000,1,1,1,695,231,661,661,660,0,0,60.00,13201,3136,692,0,0,0,13232,497.51,497.51,0,1862,0.0000,0.4580,0.5480,0.8320,0.0890
2026-04-28T17:30:16.446,11.597,1,0.30,1.29,0.00,0.00,1,-0.0630,-0.0079,0.2570,0.0000,0.0000,0.0000,123.09,0.65,0,0.000,0.000,0.000,0,-1,0,0.000,0.7600,0.0000,57.74,59.95,696,696,1.00000,1.00000,1.00000,1.00000,0.00000,3,3,0,1,23.67276,0.03402,1.90414,0.0630,0.0079,0.0930,0.0000,0.0000,0.0000,146.91,8.78,-126.16,1,1,0.0000,0.0000,0.3500,-90.00,0.7600,0.4200,1.0000,8.00,180.00,10.000000,0.250000,0.000000,1.200000,0.000000,0.000000,1.200000,0.000000,0.000000,0.900000,0.000000,0.000000,0.850000,0.040000,0.000000,0.008000,0.000000,0.000600,0.008000,0.000000,0.000600,0.006000,0.000000,0.000000,1,1,1,696,232,661,661,660,0,0,60.00,13201,3136,692,0,0,0,13232,497.51,497.51,0,1862,0.0000,0.4580,0.5480,0.8320,0.0890
2026-04-28T17:30:16.464,11.615,1,0.30,1.29,0.00,0.00,1,-0.0630,-0.0078,0.2571,0.0000,0.0000,0.0000,123.09,0.00,0,0.000,0.000,0.000,0,-1,0,0.000,0.7600,0.0000,64.95,59.15,697,697,1.00000,1.00000,1.00000,1.00000,0.00000,3,3,0,1,23.64291,0.03394,1.90072,0.0630,0.0078,0.0929,0.0000,0.0000,0.0000,146.91,8.79,-126.19,1,1,0.0000,0.0000,0.3500,-90.00,0.7600,0.4200,1.0000,8.00,180.00,10.000000,0.250000,0.000000,1.200000,0.000000,0.000000,1.200000,0.000000,0.000000,0.900000,0.000000,0.000000,0.850000,0.040000,0.000000,0.008000,0.000000,0.000600,0.008000,0.000000,0.000600,0.006000,0.000000,0.000000,1,1,1,697,232,661,661,660,0,0,60.00,13201,3136,692,0,0,0,13232,497.51,497.51,0,1862,0.0000,0.4580,0.5480,0.8320,0.0890
2026-04-28T17:30:16.479,11.630,1,0.30,1.29,0.00,0.00,1,-0.0630,-0.0078,0.2570,0.0000,0.0000,0.0000,123.12,-1.88,0,0.000,0.000,0.000,0,-1,0,0.000,0.7600,0.0000,55.60,64.73,698,698,1.00000,1.00000,1.00000,1.00000,0.00000,3,3,0,1,23.59877,0.03397,1.90042,0.0630,0.0078,0.0930,0.0000,0.0000,0.0000,146.88,8.78,-126.14,1,1,0.0000,0.0000,0.3500,-90.00,0.7600,0.4200,1.0000,8.00,180.00,10.000000,0.250000,0.000000,1.200000,0.000000,0.000000,1.200000,0.000000,0.000000,0.900000,0.000000,0.000000,0.850000,0.040000,0.000000,0.008000,0.000000,0.000600,0.008000,0.000000,0.000600,0.006000,0.000000,0.000000,1,1,1,698,232,661,661,660,0,0,60.00,13201,3136,692,0,0,0,13232,497.51,497.51,0,1862,0.0000,0.4580,0.5480,0.8320,0.0890
2026-04-28T17:30:16.497,11.647,1,0.30,1.29,0.00,0.00,1,-0.0630,-0.0079,0.2571,0.0000,0.0000,0.0000,123.07,3.07,0,0.000,0.000,0.000,0,-1,0,0.000,0.7600,0.0000,66.86,59.07,699,699,1.00000,1.00000,1.00000,1.00000,0.00000,3,3,0,1,23.65142,0.03395,1.90202,0.0630,0.0079,0.0929,0.0000,0.0000,0.0000,146.93,8.81,-126.15,1,1,0.0000,0.0000,0.3500,-90.00,0.7600,0.4200,1.0000,8.00,180.00,10.000000,0.250000,0.000000,1.200000,0.000000,0.000000,1.200000,0.000000,0.000000,0.900000,0.000000,0.000000,0.850000,0.040000,0.000000,0.008000,0.000000,0.000600,0.008000,0.000000,0.000600,0.006000,0.000000,0.000000,1,1,1,699,232,661,661,660,0,0,60.00,13201,3136,692,0,0,0,13232,497.51,497.51,0,1862,0.0000,0.4580,0.5480,0.8320,0.0890
2026-04-28T17:30:16.514,11.665,1,0.30,1.29,0.00,0.00,1,-0.0630,-0.0079,0.2570,0.0000,0.0000,0.0000,123.07,0.00,0,0.000,0.000,0.000,0,-1,0,0.000,0.7600,0.0000,57.73,57.56,700,700,1.00000,1.00000,1.00000,1.00000,0.00000,3,3,0,1,23.61441,0.03394,1.90175,0.0630,0.0079,0.0930,0.0000,0.0000,0.0000,146.93,8.82,-126.15,1,1,0.0000,0.0000,0.3500,-90.00,0.7600,0.4200,1.0000,8.00,180.00,10.000000,0.250000,0.000000,1.200000,0.000000,0.000000,1.200000,0.000000,0.000000,0.900000,0.000000,0.000000,0.850000,0.040000,0.000000,0.008000,0.000000,0.000600,0.008000,0.000000,0.000600,0.006000,0.000000,0.000000,1,1,1,700,232,661,661,660,0,0,60.00,13201,3136,692,0,0,0,13232,497.51,497.51,0,1862,0.0000,0.4580,0.5480,0.8320,0.0890
2026-04-28T17:30:16.530,11.681,1,0.30,1.29,0.00,0.00,1,-0.0631,-0.0080,0.2572,0.0000,0.0000,0.0000,123.08,-0.63,0,0.000,0.000,0.000,0,-1,0,0.000,0.7600,0.0000,57.21,60.64,701,701,1.00000,1.00000,1.00000,1.00000,0.00000,3,3,0,1,23.57667,0.03389,1.90352,0.0631,0.0080,0.0928,0.0000,0.0000,0.0000,146.92,8.77,-126.13,1,1,0.0000,0.0000,0.3500,-90.00,0.7600,0.4200,1.0000,8.00,180.00,10.000000,0.250000,0.000000,1.200000,0.000000,0.000000,1.200000,0.000000,0.000000,0.900000,0.000000,0.000000,0.850000,0.040000,0.000000,0.008000,0.000000,0.000600,0.008000,0.000000,0.000600,0.006000,0.000000,0.000000,1,1,1,701,232,661,661,660,0,0,60.00,13201,3136,692,0,0,0,13232,497.51,497.51,0,1862,0.0000,0.4580,0.5480,0.8320,0.0890
2026-04-28T17:30:16.547,11.698,1,0.30,1.29,0.00,0.00,1,-0.0631,-0.0080,0.2571,0.0000,0.0000,0.0000,123.06,1.14,0,0.000,0.000,0.000,0,-1,0,0.000,0.7600,0.0000,67.02,59.18,702,702,1.00000,1.00000,1.00000,1.00000,0.00000,3,3,0,1,23.65152,0.03417,1.90534,0.0631,0.0080,0.0929,0.0000,0.0000,0.0000,146.94,8.81,-126.15,1,1,0.0000,0.0000,0.3500,-90.00,0.7600,0.4200,1.0000,8.00,180.00,10.000000,0.250000,0.000000,1.200000,0.000000,0.000000,1.200000,0.000000,0.000000,0.900000,0.000000,0.000000,0.850000,0.040000,0.000000,0.008000,0.000000,0.000600,0.008000,0.000000,0.000600,0.006000,0.000000,0.000000,1,1,1,702,232,661,661,660,0,0,60.00,13201,3136,692,0,0,0,13232,497.51,497.51,0,1862,0.0000,0.4580,0.5480,0.8320,0.0890
2026-04-28T17:30:16.560,11.711,1,0.30,1.29,0.00,0.00,1,-0.0631,-0.0080,0.2572,0.0000,0.0000,0.0000,123.04,1.48,0,0.000,0.000,0.000,0,-1,0,0.000,0.7600,0.0000,54.13,59.82,703,703,1.00000,1.00000,1.00000,1.00000,0.00000,3,3,0,1,23.59909,0.03402,1.90116,0.0631,0.0080,0.0928,0.0000,0.0000,0.0000,146.96,8.83,-126.15,1,1,0.0000,0.0000,0.3500,-90.00,0.7600,0.4200,1.0000,8.00,180.00,10.000000,0.250000,0.000000,1.200000,0.000000,0.000000,1.200000,0.000000,0.000000,0.900000,0.000000,0.000000,0.850000,0.040000,0.000000,0.008000,0.000000,0.000600,0.008000,0.000000,0.000600,0.006000,0.000000,0.000000,1,1,1,703,232,661,661,660,0,0,60.00,13201,3136,692,0,0,0,13232,497.51,497.51,0,1862,0.0000,0.4580,0.5480,0.8320,0.0890
2026-04-28T17:30:16.580,11.731,1,0.30,1.29,0.00,0.00,1,-0.0630,-0.0077,0.2571,0.0000,0.0000,0.0000,123.13,-4.66,0,0.000,0.000,0.000,0,-1,0,0.000,0.7600,0.0000,86.89,60.56,704,704,1.00000,1.00000,1.00000,1.00000,0.00000,3,3,0,1,23.62800,0.03400,1.89916,0.0630,0.0077,0.0929,0.0000,0.0000,0.0000,146.87,8.83,-126.10,1,1,0.0000,0.0000,0.3500,-90.00,0.7600,0.4200,1.0000,8.00,180.00,10.000000,0.250000,0.000000,1.200000,0.000000,0.000000,1.200000,0.000000,0.000000,0.900000,0.000000,0.000000,0.850000,0.040000,0.000000,0.008000,0.000000,0.000600,0.008000,0.000000,0.000600,0.006000,0.000000,0.000000,1,1,1,704,231,661,661,660,0,0,60.00,13201,3136,692,0,0,0,13232,497.51,497.51,0,1862,0.0000,0.4580,0.5480,0.8320,0.0890
2026-04-28T17:30:16.598,11.748,1,0.30,1.29,0.00,0.00,1,-0.0631,-0.0079,0.2570,0.0000,0.0000,0.0000,123.10,1.73,0,0.000,0.000,0.000,0,-1,0,0.000,0.7600,0.0000,46.87,59.55,705,705,1.00000,1.00000,1.00000,1.00000,0.00000,3,3,0,1,23.61976,0.03395,1.90300,0.0631,0.0079,0.0930,0.0000,0.0000,0.0000,146.90,8.80,-126.11,1,1,0.0000,0.0000,0.3500,-90.00,0.7600,0.4200,1.0000,8.00,180.00,10.000000,0.250000,0.000000,1.200000,0.000000,0.000000,1.200000,0.000000,0.000000,0.900000,0.000000,0.000000,0.850000,0.040000,0.000000,0.008000,0.000000,0.000600,0.008000,0.000000,0.000600,0.006000,0.000000,0.000000,1,1,1,705,230,661,661,660,0,0,60.00,13201,3136,692,0,0,0,13232,497.51,497.51,0,1862,0.0000,0.4580,0.5480,0.8320,0.0890
2026-04-28T17:30:16.614,11.764,1,0.30,1.29,0.00,0.00,1,-0.0630,-0.0079,0.2571,0.0000,0.0000,0.0000,123.09,0.62,0,0.000,0.000,0.000,0,-1,0,0.000,0.7600,0.0000,61.29,60.38,706,706,1.00000,1.00000,1.00000,1.00000,0.00000,3,3,0,1,23.64517,0.03390,1.90160,0.0630,0.0079,0.0929,0.0000,0.0000,0.0000,146.91,8.78,-126.13,1,1,0.0000,0.0000,0.3500,-90.00,0.7600,0.4200,1.0000,8.00,180.00,10.000000,0.250000,0.000000,1.200000,0.000000,0.000000,1.200000,0.000000,0.000000,0.900000,0.000000,0.000000,0.850000,0.040000,0.000000,0.008000,0.000000,0.000600,0.008000,0.000000,0.000600,0.006000,0.000000,0.000000,1,1,1,706,232,661,661,660,0,0,60.00,13201,3136,692,0,0,0,13232,497.51,497.51,0,1862,0.0000,0.4580,0.5480,0.8320,0.0890
2026-04-28T17:30:16.630,11.781,1,0.30,1.29,0.00,0.00,1,-0.0630,-0.0077,0.2571,0.0000,0.0000,0.0000,123.11,-1.13,0,0.000,0.000,0.000,0,-1,0,0.000,0.7600,0.0000,58.23,63.95,707,707,1.00000,1.00000,1.00000,1.00000,0.00000,3,3,0,1,23.61693,0.03383,1.89747,0.0630,0.0077,0.0929,0.0000,0.0000,0.0000,146.89,8.79,-126.12,1,1,0.0000,0.0000,0.3500,-90.00,0.7600,0.4200,1.0000,8.00,180.00,10.000000,0.250000,0.000000,1.200000,0.000000,0.000000,1.200000,0.000000,0.000000,0.900000,0.000000,0.000000,0.850000,0.040000,0.000000,0.008000,0.000000,0.000600,0.008000,0.000000,0.000600,0.006000,0.000000,0.000000,1,1,1,707,232,661,661,660,0,0,60.00,13201,3136,692,0,0,0,13232,497.51,497.51,0,1862,0.0000,0.4580,0.5480,0.8320,0.0890
2026-04-28T17:30:16.648,11.799,1,0.30,1.29,0.00,0.00,1,-0.0631,-0.0077,0.2570,0.0000,0.0000,0.0000,123.13,-1.25,0,0.000,0.000,0.000,0,-1,0,0.000,0.7600,0.0000,63.46,56.52,708,708,1.00000,1.00000,1.00000,1.00000,0.00000,3,3,0,1,23.67681,0.03403,1.90334,0.0631,0.0077,0.0930,0.0000,0.0000,0.0000,146.87,8.79,-126.12,1,1,0.0000,0.0000,0.3500,-90.00,0.7600,0.4200,1.0000,8.00,180.00,10.000000,0.250000,0.000000,1.200000,0.000000,0.000000,1.200000,0.000000,0.000000,0.900000,0.000000,0.000000,0.850000,0.040000,0.000000,0.008000,0.000000,0.000600,0.008000,0.000000,0.000600,0.006000,0.000000,0.000000,1,1,1,708,232,661,661,660,0,0,60.00,13201,3136,692,0,0,0,13232,497.51,497.51,0,1862,0.0000,0.4580,0.5480,0.8320,0.0890
2026-04-28T17:30:16.664,11.815,1,0.30,1.29,0.00,0.00,1,-0.0631,-0.0079,0.2569,0.0000,0.0000,0.0000,123.07,3.45,0,0.000,0.000,0.000,0,-1,0,0.000,0.7600,0.0000,57.44,59.76,709,709,1.00000,1.00000,1.00000,1.00000,0.00000,3,3,0,1,23.65399,0.03408,1.90542,0.0631,0.0079,0.0931,0.0000,0.0000,0.0000,146.93,8.81,-126.14,1,1,0.0000,0.0000,0.3500,-90.00,0.7600,0.4200,1.0000,8.00,180.00,10.000000,0.250000,0.000000,1.200000,0.000000,0.000000,1.200000,0.000000,0.000000,0.900000,0.000000,0.000000,0.850000,0.040000,0.000000,0.008000,0.000000,0.000600,0.008000,0.000000,0.000600,0.006000,0.000000,0.000000,1,1,1,709,232,661,661,660,0,0,60.00,13201,3136,692,0,0,0,13232,497.51,497.51,0,1862,0.0000,0.4580,0.5480,0.8320,0.0890
2026-04-28T17:30:16.680,11.831,1,0.30,1.29,0.00,0.00,1,-0.0630,-0.0077,0.2570,0.0000,0.0000,0.0000,123.13,-3.87,0,0.000,0.000,0.000,0,-1,0,0.000,0.7600,0.0000,59.01,61.67,710,710,1.00000,1.00000,1.00000,1.00000,0.00000,3,3,0,1,23.65182,0.03404,1.90157,0.0630,0.0077,0.0930,0.0000,0.0000,0.0000,146.87,8.79,-126.15,1,1,0.0000,0.0000,0.3500,-90.00,0.7600,0.4200,1.0000,8.00,180.00,10.000000,0.250000,0.000000,1.200000,0.000000,0.000000,1.200000,0.000000,0.000000,0.900000,0.000000,0.000000,0.850000,0.040000,0.000000,0.008000,0.000000,0.000600,0.008000,0.000000,0.000600,0.006000,0.000000,0.000000,1,1,1,710,232,661,661,660,0,0,60.00,13201,3136,692,0,0,0,13232,497.51,497.51,0,1862,0.0000,0.4580,0.5480,0.8320,0.0890
2026-04-28T17:30:16.697,11.848,1,0.30,1.29,0.00,0.00,1,-0.0631,-0.0079,0.2572,0.0000,0.0000,0.0000,123.08,2.79,0,0.000,0.000,0.000,0,-1,0,0.000,0.7600,0.0000,60.58,58.52,711,711,1.00000,1.00000,1.00000,1.00000,0.00000,3,3,0,1,23.58893,0.03379,1.89843,0.0631,0.0079,0.0928,0.0000,0.0000,0.0000,146.92,8.76,-126.14,1,1,0.0000,0.0000,0.3500,-90.00,0.7600,0.4200,1.0000,8.00,180.00,10.000000,0.250000,0.000000,1.200000,0.000000,0.000000,1.200000,0.000000,0.000000,0.900000,0.000000,0.000000,0.850000,0.040000,0.000000,0.008000,0.000000,0.000600,0.008000,0.000000,0.000600,0.006000,0.000000,0.000000,1,1,1,711,232,661,661,660,0,0,60.00,13201,3136,692,0,0,0,13232,497.51,497.51,0,1862,0.0000,0.4580,0.5480,0.8320,0.0890
2026-04-28T17:30:16.714,11.865,1,0.30,1.29,0.00,0.00,1,-0.0630,-0.0080,0.2571,0.0000,0.0000,0.0000,123.03,3.21,0,0.000,0.000,0.000,0,-1,0,0.000,0.7600,0.0000,62.78,102.31,712,712,1.00000,1.00000,1.00000,1.00000,0.00000,3,3,0,1,23.59620,0.03392,1.90000,0.0630,0.0080,0.0929,0.0000,0.0000,0.0000,146.97,8.81,-126.15,1,1,0.0000,0.0000,0.3500,-90.00,0.7600,0.4200,1.0000,8.00,180.00,10.000000,0.250000,0.000000,1.200000,0.000000,0.000000,1.200000,0.000000,0.000000,0.900000,0.000000,0.000000,0.850000,0.040000,0.000000,0.008000,0.000000,0.000600,0.008000,0.000000,0.000600,0.006000,0.000000,0.000000,1,1,1,712,232,661,661,660,0,0,60.00,13201,3136,692,0,0,0,13232,497.51,497.51,0,1862,0.0000,0.4580,0.5480,0.8320,0.0890
2026-04-28T17:30:16.730,11.881,1,0.30,1.29,0.00,0.00,1,-0.0631,-0.0079,0.2570,0.0000,0.0000,0.0000,123.05,-1.21,0,0.000,0.000,0.000,0,-1,0,0.000,0.7600,0.0000,57.14,43.24,713,713,1.00000,1.00000,1.00000,1.00000,0.00000,3,3,0,1,23.64954,0.03408,1.90556,0.0631,0.0079,0.0930,0.0000,0.0000,0.0000,146.95,8.80,-126.15,1,1,0.0000,0.0000,0.3500,-90.00,0.7600,0.4200,1.0000,8.00,180.00,10.000000,0.250000,0.000000,1.200000,0.000000,0.000000,1.200000,0.000000,0.000000,0.900000,0.000000,0.000000,0.850000,0.040000,0.000000,0.008000,0.000000,0.000600,0.008000,0.000000,0.000600,0.006000,0.000000,0.000000,1,1,1,713,231,661,661,660,0,0,60.00,13201,3136,692,0,0,0,13232,497.51,497.51,0,1862,0.0000,0.4580,0.5480,0.8320,0.0890
2026-04-28T17:30:16.746,11.897,1,0.30,1.29,0.00,0.00,1,-0.0631,-0.0078,0.2570,0.0000,0.0000,0.0000,123.10,-3.12,0,0.000,0.000,0.000,0,-1,0,0.000,0.7600,0.0000,60.11,58.41,714,714,1.00000,1.00000,1.00000,1.00000,0.00000,3,3,0,1,23.60408,0.03402,1.90081,0.0631,0.0078,0.0930,0.0000,0.0000,0.0000,146.90,8.77,-126.15,1,1,0.0000,0.0000,0.3500,-90.00,0.7600,0.4200,1.0000,8.00,180.00,10.000000,0.250000,0.000000,1.200000,0.000000,0.000000,1.200000,0.000000,0.000000,0.900000,0.000000,0.000000,0.850000,0.040000,0.000000,0.008000,0.000000,0.000600,0.008000,0.000000,0.000600,0.006000,0.000000,0.000000,1,1,1,714,231,661,661,660,0,0,60.00,13201,3136,692,0,0,0,13232,497.51,497.51,0,1862,0.0000,0.4580,0.5480,0.8320,0.0890
2026-04-28T17:30:16.764,11.915,1,0.30,1.29,0.00,0.00,1,-0.0630,-0.0079,0.2572,0.0000,0.0000,0.0000,123.05,2.78,0,0.000,0.000,0.000,0,-1,0,0.000,0.7600,0.0000,58.80,59.64,715,715,1.00000,1.00000,1.00000,1.00000,0.00000,3,3,0,1,23.59385,0.03374,1.89909,0.0630,0.0079,0.0928,0.0000,0.0000,0.0000,146.95,8.75,-126.13,1,1,0.0000,0.0000,0.3500,-90.00,0.7600,0.4200,1.0000,8.00,180.00,10.000000,0.250000,0.000000,1.200000,0.000000,0.000000,1.200000,0.000000,0.000000,0.900000,0.000000,0.000000,0.850000,0.040000,0.000000,0.008000,0.000000,0.000600,0.008000,0.000000,0.000600,0.006000,0.000000,0.000000,1,1,1,715,232,661,661,660,0,0,60.00,13201,3136,692,0,0,0,13232,497.51,497.51,0,1862,0.0000,0.4580,0.5480,0.8320,0.0890
2026-04-28T17:30:16.781,11.931,1,0.30,1.29,0.00,0.00,1,-0.0631,-0.0078,0.2569,0.0000,0.0000,0.0000,123.06,-0.61,0,0.000,0.000,0.000,0,-1,0,0.000,0.7600,0.0000,55.39,63.51,716,716,1.00000,1.00000,1.00000,1.00000,0.00000,3,3,0,1,23.64239,0.03402,1.90375,0.0631,0.0078,0.0931,0.0000,0.0000,0.0000,146.94,8.77,-126.15,1,1,0.0000,0.0000,0.3500,-90.00,0.7600,0.4200,1.0000,8.00,180.00,10.000000,0.250000,0.000000,1.200000,0.000000,0.000000,1.200000,0.000000,0.000000,0.900000,0.000000,0.000000,0.850000,0.040000,0.000000,0.008000,0.000000,0.000600,0.008000,0.000000,0.000600,0.006000,0.000000,0.000000,1,1,1,716,232,661,661,660,0,0,60.00,13201,3136,692,0,0,0,13232,497.51,497.51,0,1862,0.0000,0.4580,0.5480,0.8320,0.0890
2026-04-28T17:30:16.798,11.949,1,0.30,1.29,0.00,0.00,1,-0.0631,-0.0080,0.2571,0.0000,0.0000,0.0000,123.05,0.59,0,0.000,0.000,0.000,0,-1,0,0.000,0.7600,0.0000,65.26,57.29,717,717,1.00000,1.00000,1.00000,1.00000,0.00000,3,3,0,1,23.59711,0.03393,1.90139,0.0631,0.0080,0.0929,0.0000,0.0000,0.0000,146.95,8.78,-126.15,1,1,0.0000,0.0000,0.3500,-90.00,0.7600,0.4200,1.0000,8.00,180.00,10.000000,0.250000,0.000000,1.200000,0.000000,0.000000,1.200000,0.000000,0.000000,0.900000,0.000000,0.000000,0.850000,0.040000,0.000000,0.008000,0.000000,0.000600,0.008000,0.000000,0.000600,0.006000,0.000000,0.000000,1,1,1,717,232,661,661,660,0,0,60.00,13201,3136,692,0,0,0,13232,497.51,497.51,0,1862,0.0000,0.4580,0.5480,0.8320,0.0890
2026-04-28T17:30:16.814,11.965,1,0.30,1.29,0.00,0.00,1,-0.0631,-0.0078,0.2571,0.0000,0.0000,0.0000,123.07,-1.25,0,0.000,0.000,0.000,0,-1,0,0.000,0.7600,0.0000,58.89,63.07,718,718,1.00000,1.00000,1.00000,1.00000,0.00000,3,3,0,1,23.64644,0.03390,1.90140,0.0631,0.0078,0.0929,0.0000,0.0000,0.0000,146.93,8.74,-126.17,1,1,0.0000,0.0000,0.3500,-90.00,0.7600,0.4200,1.0000,8.00,180.00,10.000000,0.250000,0.000000,1.200000,0.000000,0.000000,1.200000,0.000000,0.000000,0.900000,0.000000,0.000000,0.850000,0.040000,0.000000,0.008000,0.000000,0.000600,0.008000,0.000000,0.000600,0.006000,0.000000,0.000000,1,1,1,718,232,661,661,660,0,0,60.00,13201,3136,692,0,0,0,13232,497.51,497.51,0,1862,0.0000,0.4580,0.5480,0.8320,0.0890
2026-04-28T17:30:16.831,11.982,1,0.30,1.29,0.00,0.00,1,-0.0631,-0.0079,0.2570,0.0000,0.0000,0.0000,123.07,0.00,0,0.000,0.000,0.000,0,-1,0,0.000,0.7600,0.0000,66.46,57.10,719,719,1.00000,1.00000,1.00000,1.00000,0.00000,3,3,0,1,23.64954,0.03408,1.90556,0.0631,0.0079,0.0930,0.0000,0.0000,0.0000,146.93,8.76,-126.17,1,1,0.0000,0.0000,0.3500,-90.00,0.7600,0.4200,1.0000,8.00,180.00,10.000000,0.250000,0.000000,1.200000,0.000000,0.000000,1.200000,0.000000,0.000000,0.900000,0.000000,0.000000,0.850000,0.040000,0.000000,0.008000,0.000000,0.000600,0.008000,0.000000,0.000600,0.006000,0.000000,0.000000,1,1,1,719,232,661,661,660,0,0,60.00,13201,3136,692,0,0,0,13232,497.51,497.51,0,1862,0.0000,0.4580,0.5480,0.8320,0.0890
2026-04-28T17:30:16.847,11.997,1,0.30,1.29,0.00,0.00,1,-0.0631,-0.0076,0.2570,0.0000,0.0000,0.0000,123.13,-3.63,0,0.000,0.000,0.000,0,-1,0,0.000,0.7600,0.0000,54.94,61.30,720,720,1.00000,1.00000,1.00000,1.00000,0.00000,3,3,0,1,23.64089,0.03393,1.89988,0.0631,0.0076,0.0930,0.0000,0.0000,0.0000,146.87,8.76,-126.15,1,1,0.0000,0.0000,0.3500,-90.00,0.7600,0.4200,1.0000,8.00,180.00,10.000000,0.250000,0.000000,1.200000,0.000000,0.000000,1.200000,0.000000,0.000000,0.900000,0.000000,0.000000,0.850000,0.040000,0.000000,0.008000,0.000000,0.000600,0.008000,0.000000,0.000600,0.006000,0.000000,0.000000,1,1,1,720,232,661,661,660,0,0,60.00,13201,3136,692,0,0,0,13232,497.51,497.51,0,1862,0.0000,0.4580,0.5480,0.8320,0.0890
2026-04-28T17:30:16.863,12.014,1,0.30,1.29,0.00,0.00,1,-0.0631,-0.0078,0.2571,0.0000,0.0000,0.0000,123.09,2.63,0,0.000,0.000,0.000,0,-1,0,0.000,0.7600,0.0000,60.51,62.48,721,721,1.00000,1.00000,1.00000,1.00000,0.00000,3,3,0,1,23.62506,0.03400,1.90339,0.0631,0.0078,0.0929,0.0000,0.0000,0.0000,146.91,8.75,-126.16,1,1,0.0000,0.0000,0.3500,-90.00,0.7600,0.4200,1.0000,8.00,180.00,10.000000,0.250000,0.000000,1.200000,0.000000,0.000000,1.200000,0.000000,0.000000,0.900000,0.000000,0.000000,0.850000,0.040000,0.000000,0.008000,0.000000,0.000600,0.008000,0.000000,0.000600,0.006000,0.000000,0.000000,1,1,1,721,232,661,661,660,0,0,60.00,13201,3136,692,0,0,0,13232,497.51,497.51,0,1862,0.0000,0.4580,0.5480,0.8320,0.0890
2026-04-28T17:30:16.881,12.032,1,0.30,1.29,0.00,0.00,1,-0.0630,-0.0078,0.2571,0.0000,0.0000,0.0000,123.06,1.63,0,0.000,0.000,0.000,0,-1,0,0.000,0.7600,0.0000,65.66,56.36,722,722,1.00000,1.00000,1.00000,1.00000,0.00000,3,3,0,1,23.64692,0.03392,1.90029,0.0630,0.0078,0.0929,0.0000,0.0000,0.0000,146.94,8.79,-126.19,1,1,0.0000,0.0000,0.3500,-90.00,0.7600,0.4200,1.0000,8.00,180.00,10.000000,0.250000,0.000000,1.200000,0.000000,0.000000,1.200000,0.000000,0.000000,0.900000,0.000000,0.000000,0.850000,0.040000,0.000000,0.008000,0.000000,0.000600,0.008000,0.000000,0.000600,0.006000,0.000000,0.000000,1,1,1,722,232,661,661,660,0,0,60.00,13201,3136,692,0,0,0,13232,497.51,497.51,0,1862,0.0000,0.4580,0.5480,0.8320,0.0890
2026-04-28T17:30:16.898,12.049,1,0.30,1.29,0.00,0.00,1,-0.0630,-0.0079,0.2570,0.0000,0.0000,0.0000,123.06,0.00,0,0.000,0.000,0.000,0,-1,0,0.000,0.7600,0.0000,57.39,60.66,723,723,1.00000,1.00000,1.00000,1.00000,0.00000,3,3,0,1,23.61622,0.03399,1.90231,0.0630,0.0079,0.0930,0.0000,0.0000,0.0000,146.94,8.83,-126.17,1,1,0.0000,0.0000,0.3500,-90.00,0.7600,0.4200,1.0000,8.00,180.00,10.000000,0.250000,0.000000,1.200000,0.000000,0.000000,1.200000,0.000000,0.000000,0.900000,0.000000,0.000000,0.850000,0.040000,0.000000,0.008000,0.000000,0.000600,0.008000,0.000000,0.000600,0.006000,0.000000,0.000000,1,1,1,723,232,661,661,660,0,0,60.00,13201,3136,722,0,0,0,13262,494.56,494.56,0,1867,0.0000,0.4580,0.5480,0.8320,0.0890
2026-04-28T17:30:16.913,12.064,1,0.30,1.29,0.00,0.00,1,-0.0631,-0.0079,0.2570,0.0000,0.0000,0.0000,123.06,0.00,0,0.000,0.000,0.000,0,-1,0,0.000,0.7600,0.0000,53.70,62.81,724,724,1.00000,1.00000,1.00000,1.00000,0.00000,3,3,0,1,23.62325,0.03395,1.90283,0.0631,0.0079,0.0930,0.0000,0.0000,0.0000,146.94,8.77,-126.17,1,1,0.0000,0.0000,0.3500,-90.00,0.7600,0.4200,1.0000,8.00,180.00,10.000000,0.250000,0.000000,1.200000,0.000000,0.000000,1.200000,0.000000,0.000000,0.900000,0.000000,0.000000,0.850000,0.040000,0.000000,0.008000,0.000000,0.000600,0.008000,0.000000,0.000600,0.006000,0.000000,0.000000,1,1,1,724,232,661,661,660,0,0,60.00,13201,3136,722,0,0,0,13262,494.56,494.56,0,1867,0.0000,0.4580,0.5480,0.8320,0.0890
2026-04-28T17:30:16.930,12.081,1,0.30,1.29,0.00,0.00,1,-0.0630,-0.0080,0.2570,0.0000,0.0000,0.0000,123.04,1.12,0,0.000,0.000,0.000,0,-1,0,0.000,0.7600,0.0000,68.46,59.67,725,725,1.00000,1.00000,1.00000,1.00000,0.00000,3,3,0,1,23.61819,0.03409,1.90209,0.0630,0.0080,0.0930,0.0000,0.0000,0.0000,146.96,8.85,-126.16,1,1,0.0000,0.0000,0.3500,-90.00,0.7600,0.4200,1.0000,8.00,180.00,10.000000,0.250000,0.000000,1.200000,0.000000,0.000000,1.200000,0.000000,0.000000,0.900000,0.000000,0.000000,0.850000,0.040000,0.000000,0.008000,0.000000,0.000600,0.008000,0.000000,0.000600,0.006000,0.000000,0.000000,1,1,1,725,232,661,661,660,0,0,60.00,13201,3136,722,0,0,0,13262,494.56,494.56,0,1867,0.0000,0.4580,0.5480,0.8320,0.0890
2026-04-28T17:30:16.948,12.098,1,0.30,1.29,0.00,0.00,1,-0.0631,-0.0078,0.2571,0.0000,0.0000,0.0000,123.11,-4.30,0,0.000,0.000,0.000,0,-1,0,0.000,0.7600,0.0000,63.27,57.50,726,726,1.00000,1.00000,1.00000,1.00000,0.00000,3,3,0,1,23.62042,0.03391,1.89960,0.0631,0.0078,0.0929,0.0000,0.0000,0.0000,146.89,8.81,-126.13,1,1,0.0000,0.0000,0.3500,-90.00,0.7600,0.4200,1.0000,8.00,180.00,10.000000,0.250000,0.000000,1.200000,0.000000,0.000000,1.200000,0.000000,0.000000,0.900000,0.000000,0.000000,0.850000,0.040000,0.000000,0.008000,0.000000,0.000600,0.008000,0.000000,0.000600,0.006000,0.000000,0.000000,1,1,1,726,232,661,661,660,0,0,60.00,13201,3136,722,0,0,0,13262,494.56,494.56,0,1867,0.0000,0.4580,0.5480,0.8320,0.0890
2026-04-28T17:30:16.964,12.115,1,0.30,1.29,0.00,0.00,1,-0.0630,-0.0079,0.2570,0.0000,0.0000,0.0000,123.08,1.84,0,0.000,0.000,0.000,0,-1,0,0.000,0.7600,0.0000,57.87,66.37,727,727,1.00000,1.00000,1.00000,1.00000,0.00000,3,3,0,1,23.61622,0.03399,1.90231,0.0630,0.0079,0.0930,0.0000,0.0000,0.0000,146.92,8.84,-126.13,1,1,0.0000,0.0000,0.3500,-90.00,0.7600,0.4200,1.0000,8.00,180.00,10.000000,0.250000,0.000000,1.200000,0.000000,0.000000,1.200000,0.000000,0.000000,0.900000,0.000000,0.000000,0.850000,0.040000,0.000000,0.008000,0.000000,0.000600,0.008000,0.000000,0.000600,0.006000,0.000000,0.000000,1,1,1,727,232,661,661,660,0,0,60.00,13201,3136,722,0,0,0,13262,494.56,494.56,0,1867,0.0000,0.4580,0.5480,0.8320,0.0890
2026-04-28T17:30:16.980,12.131,1,0.30,1.29,0.00,0.00,1,-0.0630,-0.0079,0.2571,0.0000,0.0000,0.0000,123.08,0.00,0,0.000,0.000,0.000,0,-1,0,0.000,0.7600,0.0000,60.21,54.84,728,728,1.00000,1.00000,1.00000,1.00000,0.00000,3,3,0,1,23.64825,0.03395,1.90197,0.0630,0.0079,0.0929,0.0000,0.0000,0.0000,146.92,8.79,-126.17,1,1,0.0000,0.0000,0.3500,-90.00,0.7600,0.4200,1.0000,8.00,180.00,10.000000,0.250000,0.000000,1.200000,0.000000,0.000000,1.200000,0.000000,0.000000,0.900000,0.000000,0.000000,0.850000,0.040000,0.000000,0.008000,0.000000,0.000600,0.008000,0.000000,0.000600,0.006000,0.000000,0.000000,1,1,1,728,232,661,661,660,0,0,60.00,13201,3136,722,0,0,0,13262,494.56,494.56,0,1867,0.0000,0.4580,0.5480,0.8320,0.0890
2026-04-28T17:30:16.997,12.148,1,0.30,1.29,0.00,0.00,1,-0.0630,-0.0079,0.2571,0.0000,0.0000,0.0000,123.01,4.26,0,0.000,0.000,0.000,0,-1,0,0.000,0.7600,0.0000,61.40,63.90,729,729,1.00000,1.00000,1.00000,1.00000,0.00000,3,3,0,1,23.63352,0.03398,1.90282,0.0630,0.0079,0.0929,0.0000,0.0000,0.0000,146.99,8.80,-126.17,1,1,0.0000,0.0000,0.3500,-90.00,0.7600,0.4200,1.0000,8.00,180.00,10.000000,0.250000,0.000000,1.200000,0.000000,0.000000,1.200000,0.000000,0.000000,0.900000,0.000000,0.000000,0.850000,0.040000,0.000000,0.008000,0.000000,0.000600,0.008000,0.000000,0.000600,0.006000,0.000000,0.000000,1,1,1,729,231,661,661,660,0,0,60.00,13201,3136,722,0,0,0,13262,494.56,494.56,0,1867,0.0000,0.4580,0.5480,0.8320,0.0890
2026-04-28T17:30:17.014,12.165,1,0.30,1.29,0.00,0.00,1,-0.0631,-0.0077,0.2570,0.0000,0.0000,0.0000,123.10,-5.47,0,0.000,0.000,0.000,0,-1,0,0.000,0.7600,0.0000,58.97,97.93,730,730,1.00000,1.00000,1.00000,1.00000,0.00000,3,3,0,1,23.67467,0.03403,1.90291,0.0631,0.0077,0.0930,0.0000,0.0000,0.0000,146.90,8.78,-126.14,1,1,0.0000,0.0000,0.3500,-90.00,0.7600,0.4200,1.0000,8.00,180.00,10.000000,0.250000,0.000000,1.200000,0.000000,0.000000,1.200000,0.000000,0.000000,0.900000,0.000000,0.000000,0.850000,0.040000,0.000000,0.008000,0.000000,0.000600,0.008000,0.000000,0.000600,0.006000,0.000000,0.000000,1,1,1,730,231,661,661,660,0,0,60.00,13201,3136,722,0,0,0,13262,494.56,494.56,0,1867,0.0000,0.4580,0.5480,0.8320,0.0890
2026-04-28T17:30:17.030,12.181,1,0.30,1.29,0.00,0.00,1,-0.0631,-0.0078,0.2572,0.0000,0.0000,0.0000,123.12,-1.13,0,0.000,0.000,0.000,0,-1,0,0.000,0.7600,0.0000,57.33,41.29,731,731,1.00000,1.00000,1.00000,1.00000,0.00000,3,3,0,1,23.58145,0.03395,1.90006,0.0631,0.0078,0.0928,0.0000,0.0000,0.0000,146.88,8.75,-126.12,1,1,0.0000,0.0000,0.3500,-90.00,0.7600,0.4200,1.0000,8.00,180.00,10.000000,0.250000,0.000000,1.200000,0.000000,0.000000,1.200000,0.000000,0.000000,0.900000,0.000000,0.000000,0.850000,0.040000,0.000000,0.008000,0.000000,0.000600,0.008000,0.000000,0.000600,0.006000,0.000000,0.000000,1,1,1,731,232,661,661,660,0,0,60.00,13201,3136,722,0,0,0,13262,494.56,494.56,0,1867,0.0000,0.4580,0.5480,0.8320,0.0890
2026-04-28T17:30:17.047,12.198,1,0.30,1.29,0.00,0.00,1,-0.0631,-0.0077,0.2572,0.0000,0.0000,0.0000,123.15,-1.91,0,0.000,0.000,0.000,0,-1,0,0.000,0.7600,0.0000,63.88,60.20,732,732,1.00000,1.00000,1.00000,1.00000,0.00000,3,3,0,1,23.61861,0.03386,1.89903,0.0631,0.0077,0.0928,0.0000,0.0000,0.0000,146.85,8.74,-126.10,1,1,0.0000,0.0000,0.3500,-90.00,0.7600,0.4200,1.0000,8.00,180.00,10.000000,0.250000,0.000000,1.200000,0.000000,0.000000,1.200000,0.000000,0.000000,0.900000,0.000000,0.000000,0.850000,0.040000,0.000000,0.008000,0.000000,0.000600,0.008000,0.000000,0.000600,0.006000,0.000000,0.000000,1,1,1,732,231,661,661,660,0,0,60.00,13201,3136,722,0,0,0,13262,494.56,494.56,0,1867,0.0000,0.4580,0.5480,0.8320,0.0890
2026-04-28T17:30:17.059,12.210,1,0.30,1.29,0.00,0.00,1,-0.0630,-0.0078,0.2570,0.0000,0.0000,0.0000,123.08,5.54,0,0.000,0.000,0.000,0,-1,0,0.000,0.7600,0.0000,58.73,87.37,733,733,1.00000,1.00000,1.00000,1.00000,0.00000,3,3,0,1,23.62415,0.03399,1.90200,0.0630,0.0078,0.0930,0.0000,0.0000,0.0000,146.92,8.79,-126.15,1,1,0.0000,0.0000,0.3500,-90.00,0.7600,0.4200,1.0000,8.00,180.00,10.000000,0.250000,0.000000,1.200000,0.000000,0.000000,1.200000,0.000000,0.000000,0.900000,0.000000,0.000000,0.850000,0.040000,0.000000,0.008000,0.000000,0.000600,0.008000,0.000000,0.000600,0.006000,0.000000,0.000000,1,1,1,733,232,661,661,660,0,0,60.00,13201,3136,722,0,0,0,13262,494.56,494.56,0,1867,0.0000,0.4580,0.5480,0.8320,0.0890
2026-04-28T17:30:17.081,12.231,1,0.30,1.29,0.00,0.00,1,-0.0630,-0.0079,0.2571,0.0000,0.0000,0.0000,123.05,1.40,0,0.000,0.000,0.000,0,-1,0,0.000,0.7600,0.0000,88.68,45.64,734,734,1.00000,1.00000,1.00000,1.00000,0.00000,3,3,0,1,23.65226,0.03392,1.90154,0.0630,0.0079,0.0929,0.0000,0.0000,0.0000,146.95,8.78,-126.18,1,1,0.0000,0.0000,0.3500,-90.00,0.7600,0.4200,1.0000,8.00,180.00,10.000000,0.250000,0.000000,1.200000,0.000000,0.000000,1.200000,0.000000,0.000000,0.900000,0.000000,0.000000,0.850000,0.040000,0.000000,0.008000,0.000000,0.000600,0.008000,0.000000,0.000600,0.006000,0.000000,0.000000,1,1,1,734,232,661,661,660,0,0,60.00,13201,3136,722,0,0,0,13262,494.56,494.56,0,1867,0.0000,0.4580,0.5480,0.8320,0.0890
2026-04-28T17:30:17.097,12.248,1,0.30,1.29,0.00,0.00,1,-0.0629,-0.0080,0.2570,0.0000,0.0000,0.0000,123.04,0.58,0,0.000,0.000,0.000,0,-1,0,0.000,0.7600,0.0000,46.00,59.91,735,735,1.00000,1.00000,1.00000,1.00000,0.00000,3,3,0,1,23.65121,0.03394,1.90111,0.0629,0.0080,0.0930,0.0000,0.0000,0.0000,146.96,8.84,-126.19,1,1,0.0000,0.0000,0.3500,-90.00,0.7600,0.4200,1.0000,8.00,180.00,10.000000,0.250000,0.000000,1.200000,0.000000,0.000000,1.200000,0.000000,0.000000,0.900000,0.000000,0.000000,0.850000,0.040000,0.000000,0.008000,0.000000,0.000600,0.008000,0.000000,0.000600,0.006000,0.000000,0.000000,1,1,1,735,232,661,661,660,0,0,60.00,13201,3136,722,0,0,0,13262,494.56,494.56,0,1867,0.0000,0.4580,0.5480,0.8320,0.0890
2026-04-28T17:30:17.114,12.265,1,0.30,1.29,0.00,0.00,1,-0.0631,-0.0078,0.2572,0.0000,0.0000,0.0000,123.12,-5.02,0,0.000,0.000,0.000,0,-1,0,0.000,0.7600,0.0000,59.76,60.22,736,736,1.00000,1.00000,1.00000,1.00000,0.00000,3,3,0,1,23.61795,0.03400,1.89951,0.0631,0.0078,0.0928,0.0000,0.0000,0.0000,146.88,8.82,-126.14,1,1,0.0000,0.0000,0.3500,-90.00,0.7600,0.4200,1.0000,8.00,180.00,10.000000,0.250000,0.000000,1.200000,0.000000,0.000000,1.200000,0.000000,0.000000,0.900000,0.000000,0.000000,0.850000,0.040000,0.000000,0.008000,0.000000,0.000600,0.008000,0.000000,0.000600,0.006000,0.000000,0.000000,1,1,1,736,232,661,661,660,0,0,60.00,13201,3136,722,0,0,0,13262,494.56,494.56,0,1867,0.0000,0.4580,0.5480,0.8320,0.0890
2026-04-28T17:30:17.130,12.281,1,0.30,1.29,0.00,0.00,1,-0.0631,-0.0079,0.2570,0.0000,0.0000,0.0000,123.06,3.84,0,0.000,0.000,0.000,0,-1,0,0.000,0.7600,0.0000,58.99,82.47,737,737,1.00000,1.00000,1.00000,1.00000,0.00000,3,3,0,1,23.65355,0.03405,1.90514,0.0631,0.0079,0.0930,0.0000,0.0000,0.0000,146.94,8.81,-126.15,1,1,0.0000,0.0000,0.3500,-90.00,0.7600,0.4200,1.0000,8.00,180.00,10.000000,0.250000,0.000000,1.200000,0.000000,0.000000,1.200000,0.000000,0.000000,0.900000,0.000000,0.000000,0.850000,0.040000,0.000000,0.008000,0.000000,0.000600,0.008000,0.000000,0.000600,0.006000,0.000000,0.000000,1,1,1,737,232,661,661,660,0,0,60.00,13201,3136,722,0,0,0,13262,494.56,494.56,0,1867,0.0000,0.4580,0.5480,0.8320,0.0890
2026-04-28T17:30:17.147,12.298,1,0.30,1.29,0.00,0.00,1,-0.0631,-0.0079,0.2572,0.0000,0.0000,0.0000,123.10,-2.20,0,0.000,0.000,0.000,0,-1,0,0.000,0.7600,0.0000,56.70,47.03,738,738,1.00000,1.00000,1.00000,1.00000,0.00000,3,3,0,1,23.58145,0.03395,1.90006,0.0631,0.0079,0.0928,0.0000,0.0000,0.0000,146.90,8.77,-126.12,1,1,0.0000,0.0000,0.3500,-90.00,0.7600,0.4200,1.0000,8.00,180.00,10.000000,0.250000,0.000000,1.200000,0.000000,0.000000,1.200000,0.000000,0.000000,0.900000,0.000000,0.000000,0.850000,0.040000,0.000000,0.008000,0.000000,0.000600,0.008000,0.000000,0.000600,0.006000,0.000000,0.000000,1,1,1,738,231,661,661,660,0,0,60.00,13201,3136,722,0,0,0,13262,494.56,494.56,0,1867,0.0000,0.4580,0.5480,0.8320,0.0890
2026-04-28T17:30:17.164,12.315,1,0.30,1.29,0.00,0.00,1,-0.0631,-0.0080,0.2572,0.0000,0.0000,0.0000,123.07,1.92,0,0.000,0.000,0.000,0,-1,0,0.000,0.7600,0.0000,61.36,60.19,739,739,1.00000,1.00000,1.00000,1.00000,0.00000,3,3,0,1,23.59711,0.03393,1.90139,0.0631,0.0080,0.0928,0.0000,0.0000,0.0000,146.93,8.77,-126.13,1,1,0.0000,0.0000,0.3500,-90.00,0.7600,0.4200,1.0000,8.00,180.00,10.000000,0.250000,0.000000,1.200000,0.000000,0.000000,1.200000,0.000000,0.000000,0.900000,0.000000,0.000000,0.850000,0.040000,0.000000,0.008000,0.000000,0.000600,0.008000,0.000000,0.000600,0.006000,0.000000,0.000000,1,1,1,739,232,661,661,660,0,0,60.00,13201,3136,722,0,0,0,13262,494.56,494.56,0,1867,0.0000,0.4580,0.5480,0.8320,0.0890
2026-04-28T17:30:17.180,12.331,1,0.30,1.29,0.00,0.00,1,-0.0631,-0.0080,0.2571,0.0000,0.0000,0.0000,123.07,0.00,0,0.000,0.000,0.000,0,-1,0,0.000,0.7600,0.0000,59.51,60.11,740,740,1.00000,1.00000,1.00000,1.00000,0.00000,3,3,0,1,23.61976,0.03395,1.90300,0.0631,0.0080,0.0929,0.0000,0.0000,0.0000,146.93,8.77,-126.13,1,1,0.0000,0.0000,0.3500,-90.00,0.7600,0.4200,1.0000,8.00,180.00,10.000000,0.250000,0.000000,1.200000,0.000000,0.000000,1.200000,0.000000,0.000000,0.900000,0.000000,0.000000,0.850000,0.040000,0.000000,0.008000,0.000000,0.000600,0.008000,0.000000,0.000600,0.006000,0.000000,0.000000,1,1,1,740,232,661,661,660,0,0,60.00,13201,3136,722,0,0,0,13262,494.56,494.56,0,1867,0.0000,0.4580,0.5480,0.8320,0.0890
2026-04-28T17:30:17.198,12.349,1,0.30,1.29,0.00,0.00,1,-0.0631,-0.0080,0.2570,0.0000,0.0000,0.0000,123.06,0.53,0,0.000,0.000,0.000,0,-1,0,0.000,0.7600,0.0000,62.35,62.60,741,741,1.00000,1.00000,1.00000,1.00000,0.00000,3,3,0,1,23.62157,0.03400,1.90356,0.0631,0.0080,0.0930,0.0000,0.0000,0.0000,146.94,8.79,-126.13,1,1,0.0000,0.0000,0.3500,-90.00,0.7600,0.4200,1.0000,8.00,180.00,10.000000,0.250000,0.000000,1.200000,0.000000,0.000000,1.200000,0.000000,0.000000,0.900000,0.000000,0.000000,0.850000,0.040000,0.000000,0.008000,0.000000,0.000600,0.008000,0.000000,0.000600,0.006000,0.000000,0.000000,1,1,1,741,232,661,661,660,0,0,60.00,13201,3136,722,0,0,0,13262,494.56,494.56,0,1867,0.0000,0.4580,0.5480,0.8320,0.0890
2026-04-28T17:30:17.215,12.366,1,0.30,1.29,0.00,0.00,1,-0.0630,-0.0079,0.2570,0.0000,0.0000,0.0000,123.03,1.84,0,0.000,0.000,0.000,0,-1,0,0.000,0.7600,0.0000,51.65,57.47,742,742,1.00000,1.00000,1.00000,1.00000,0.00000,3,3,0,1,23.62415,0.03399,1.90200,0.0630,0.0079,0.0930,0.0000,0.0000,0.0000,146.97,8.82,-126.16,1,1,0.0000,0.0000,0.3500,-90.00,0.7600,0.4200,1.0000,8.00,180.00,10.000000,0.250000,0.000000,1.200000,0.000000,0.000000,1.200000,0.000000,0.000000,0.900000,0.000000,0.000000,0.850000,0.040000,0.000000,0.008000,0.000000,0.000600,0.008000,0.000000,0.000600,0.006000,0.000000,0.000000,1,1,1,742,232,661,661,660,0,0,60.00,13201,3136,722,0,0,0,13262,494.56,494.56,0,1867,0.0000,0.4580,0.5480,0.8320,0.0890
2026-04-28T17:30:17.231,12.382,1,0.30,1.29,0.00,0.00,1,-0.0630,-0.0079,0.2570,0.0000,0.0000,0.0000,123.06,-1.88,1,4.200,4.200,0.800,39,87,0,0.000,0.7600,0.0000,63.30,60.15,743,743,1.00000,1.00000,1.00000,1.00000,0.00000,3,3,0,1,23.67276,0.03402,1.90414,0.0630,0.0079,0.0930,0.0000,0.0000,0.0000,146.94,8.80,-126.18,1,1,0.0000,0.0000,0.3500,-90.00,0.7600,0.4200,1.0000,8.00,180.00,10.000000,0.250000,0.000000,1.200000,0.000000,0.000000,1.200000,0.000000,0.000000,0.900000,0.000000,0.000000,0.850000,0.040000,0.000000,0.008000,0.000000,0.000600,0.008000,0.000000,0.000600,0.006000,0.000000,0.000000,1,1,1,743,231,661,661,660,0,0,60.00,13201,3136,722,0,0,0,13262,494.56,494.56,0,1867,0.0000,0.4580,0.5480,0.8320,0.0890
2026-04-28T17:30:17.248,12.399,1,0.30,1.29,0.00,0.00,1,-0.0631,-0.0079,0.2570,0.0000,0.0000,0.0000,123.07,-0.59,1,4.200,4.200,0.800,39,87,0,0.000,0.7600,0.0000,62.74,59.46,744,744,1.00000,1.00000,1.00000,1.00000,0.00000,3,3,0,1,23.63243,0.03414,1.90470,0.0631,0.0079,0.0930,0.0000,0.0000,0.0000,146.93,8.80,-126.18,1,1,0.0000,0.0000,0.3500,-90.00,0.7600,0.4200,1.0000,8.00,180.00,10.000000,0.250000,0.000000,1.200000,0.000000,0.000000,1.200000,0.000000,0.000000,0.900000,0.000000,0.000000,0.850000,0.040000,0.000000,0.008000,0.000000,0.000600,0.008000,0.000000,0.000600,0.006000,0.000000,0.000000,1,1,1,744,231,661,661,660,0,0,60.00,13201,3136,722,0,0,0,13262,494.56,494.56,0,1867,0.0000,0.4580,0.5480,0.8320,0.0890
2026-04-28T17:30:17.266,12.416,1,0.30,1.29,0.00,0.00,1,-0.0632,-0.0077,0.2572,0.0000,0.0000,0.0000,123.16,-5.10,1,4.200,4.200,0.800,39,87,0,0.000,0.7600,0.0000,57.73,61.30,745,745,1.00000,1.00000,1.00000,1.00000,0.00000,3,3,0,1,23.62789,0.03394,1.90373,0.0632,0.0077,0.0928,0.0000,0.0000,0.0000,146.84,8.74,-126.13,1,1,0.0000,0.0000,0.3500,-90.00,0.7600,0.4200,1.0000,8.00,180.00,10.000000,0.250000,0.000000,1.200000,0.000000,0.000000,1.200000,0.000000,0.000000,0.900000,0.000000,0.000000,0.850000,0.040000,0.000000,0.008000,0.000000,0.000600,0.008000,0.000000,0.000600,0.006000,0.000000,0.000000,1,1,1,745,232,661,661,660,0,0,60.00,13201,3136,722,0,0,0,13262,494.56,494.56,0,1867,0.0000,0.4580,0.5480,0.8320,0.0890
2026-04-28T17:30:17.283,12.434,1,0.30,1.29,0.00,0.00,1,-0.0632,-0.0079,0.2571,0.0000,0.0000,0.0000,123.12,2.31,1,4.200,4.200,0.800,39,87,0,0.000,0.7600,0.0000,57.59,59.14,746,746,1.00000,1.00000,1.00000,1.00000,0.00000,3,3,0,1,23.64708,0.03417,1.90548,0.0632,0.0079,0.0929,0.0000,0.0000,0.0000,146.88,8.77,-126.15,1,1,0.0000,0.0000,0.3500,-90.00,0.7600,0.4200,1.0000,8.00,180.00,10.000000,0.250000,0.000000,1.200000,0.000000,0.000000,1.200000,0.000000,0.000000,0.900000,0.000000,0.000000,0.850000,0.040000,0.000000,0.008000,0.000000,0.000600,0.008000,0.000000,0.000600,0.006000,0.000000,0.000000,1,1,1,746,232,661,661,660,0,0,60.00,13201,3136,722,0,0,0,13262,494.56,494.56,0,1867,0.0000,0.4580,0.5480,0.8320,0.0890
2026-04-28T17:30:17.299,12.449,1,0.30,1.29,0.00,0.00,1,-0.0630,-0.0079,0.2570,0.0000,0.0000,0.0000,123.10,1.29,1,4.200,4.200,0.800,39,87,0,0.000,0.7600,0.0000,57.73,62.58,747,747,1.00000,1.00000,1.00000,1.00000,0.00000,3,3,0,1,23.63070,0.03406,1.90011,0.0630,0.0079,0.0930,0.0000,0.0000,0.0000,146.90,8.80,-126.14,1,1,0.0000,0.0000,0.3500,-90.00,0.7600,0.4200,1.0000,8.00,180.00,10.000000,0.250000,0.000000,1.200000,0.000000,0.000000,1.200000,0.000000,0.000000,0.900000,0.000000,0.000000,0.850000,0.040000,0.000000,0.008000,0.000000,0.000600,0.008000,0.000000,0.000600,0.006000,0.000000,0.000000,1,1,1,747,230,661,661,660,0,0,60.00,13201,3136,722,0,0,0,13262,494.56,494.56,0,1867,0.0000,0.4580,0.5480,0.8320,0.0890
2026-04-28T17:30:17.316,12.467,1,0.30,1.29,0.00,0.00,1,-0.0630,-0.0079,0.2569,0.0000,0.0000,0.0000,123.09,0.54,1,4.200,4.200,0.800,39,87,0,0.000,0.7600,0.0000,64.42,57.65,748,748,1.00000,1.00000,1.00000,1.00000,0.00000,3,3,0,1,23.66903,0.03421,1.90562,0.0630,0.0079,0.0931,0.0000,0.0000,0.0000,146.91,8.84,-126.14,1,1,0.0000,0.0000,0.3500,-90.00,0.7600,0.4200,1.0000,8.00,180.00,10.000000,0.250000,0.000000,1.200000,0.000000,0.000000,1.200000,0.000000,0.000000,0.900000,0.000000,0.000000,0.850000,0.040000,0.000000,0.008000,0.000000,0.000600,0.008000,0.000000,0.000600,0.006000,0.000000,0.000000,1,1,1,748,232,661,661,660,0,0,60.00,13201,3136,722,0,0,0,13262,494.56,494.56,0,1867,0.0000,0.4580,0.5480,0.8320,0.0890
2026-04-28T17:30:17.330,12.481,1,0.30,1.29,0.00,0.00,1,-0.0629,-0.0077,0.2571,0.0000,0.0000,0.0000,123.10,-0.79,1,4.200,4.200,0.800,39,87,0,0.000,0.7600,0.0000,57.10,63.34,749,749,1.00000,1.00000,1.00000,1.00000,0.00000,3,3,0,1,23.61172,0.03389,1.89628,0.0629,0.0077,0.0929,0.0000,0.0000,0.0000,146.90,8.85,-126.11,1,1,0.0000,0.0000,0.3500,-90.00,0.7600,0.4200,1.0000,8.00,180.00,10.000000,0.250000,0.000000,1.200000,0.000000,0.000000,1.200000,0.000000,0.000000,0.900000,0.000000,0.000000,0.850000,0.040000,0.000000,0.008000,0.000000,0.000600,0.008000,0.000000,0.000600,0.006000,0.000000,0.000000,1,1,1,749,231,661,661,660,0,0,60.00,13201,3136,722,0,0,0,13262,494.56,494.56,0,1867,0.0000,0.4580,0.5480,0.8320,0.0890
2026-04-28T17:30:17.347,12.498,1,0.30,1.29,0.00,0.00,1,-0.0630,-0.0079,0.2570,0.0000,0.0000,0.0000,123.08,1.07,1,4.200,4.200,0.800,39,87,0,0.000,0.7600,0.0000,75.41,56.93,750,750,1.00000,1.00000,1.00000,1.00000,0.00000,3,3,0,1,23.61622,0.03399,1.90231,0.0630,0.0079,0.0930,0.0000,0.0000,0.0000,146.92,8.86,-126.13,1,1,0.0000,0.0000,0.3500,-90.00,0.7600,0.4200,1.0000,8.00,180.00,10.000000,0.250000,0.000000,1.200000,0.000000,0.000000,1.200000,0.000000,0.000000,0.900000,0.000000,0.000000,0.850000,0.040000,0.000000,0.008000,0.000000,0.000600,0.008000,0.000000,0.000600,0.006000,0.000000,0.000000,1,1,1,750,232,661,661,660,0,0,60.00,13201,3136,722,0,0,0,13262,494.56,494.56,0,1867,0.0000,0.4580,0.5480,0.8320,0.0890
2026-04-28T17:30:17.364,12.515,1,0.30,1.29,0.00,0.00,1,-0.0630,-0.0080,0.2571,0.0000,0.0000,0.0000,123.05,1.94,1,4.200,4.200,0.800,39,87,0,0.000,0.7600,0.0000,58.67,94.70,751,751,1.00000,1.00000,1.00000,1.00000,0.00000,3,3,0,1,23.65142,0.03395,1.90202,0.0630,0.0080,0.0929,0.0000,0.0000,0.0000,146.95,8.85,-126.15,1,1,0.0000,0.0000,0.3500,-90.00,0.7600,0.4200,1.0000,8.00,180.00,10.000000,0.250000,0.000000,1.200000,0.000000,0.000000,1.200000,0.000000,0.000000,0.900000,0.000000,0.000000,0.850000,0.040000,0.000000,0.008000,0.000000,0.000600,0.008000,0.000000,0.000600,0.006000,0.000000,0.000000,1,1,1,751,232,661,661,660,0,0,60.00,13201,3136,722,0,0,0,13262,494.56,494.56,0,1867,0.0000,0.4580,0.5480,0.8320,0.0890
2026-04-28T17:30:17.381,12.532,1,0.30,1.29,0.00,0.00,1,-0.0630,-0.0078,0.2572,0.0000,0.0000,0.0000,123.11,-3.53,1,4.200,4.200,0.800,39,87,0,0.000,0.7600,0.0000,58.50,43.95,752,752,1.00000,1.00000,1.00000,1.00000,0.00000,3,3,0,1,23.63263,0.03397,1.90064,0.0630,0.0078,0.0928,0.0000,0.0000,0.0000,146.89,8.77,-126.15,1,1,0.0000,0.0000,0.3500,-90.00,0.7600,0.4200,1.0000,8.00,180.00,10.000000,0.250000,0.000000,1.200000,0.000000,0.000000,1.200000,0.000000,0.000000,0.900000,0.000000,0.000000,0.850000,0.040000,0.000000,0.008000,0.000000,0.000600,0.008000,0.000000,0.000600,0.006000,0.000000,0.000000,1,1,1,752,232,661,661,660,0,0,60.00,13201,3136,722,0,0,0,13262,494.56,494.56,0,1867,0.0000,0.4580,0.5480,0.8320,0.0890
2026-04-28T17:30:17.398,12.548,1,0.30,1.29,0.00,0.00,1,-0.0631,-0.0078,0.2571,0.0000,0.0000,0.0000,123.10,0.61,1,4.200,4.200,0.800,39,87,0,0.000,0.7600,0.0000,57.01,62.34,753,753,1.00000,1.00000,1.00000,1.00000,0.00000,3,3,0,1,23.61543,0.03404,1.90149,0.0631,0.0078,0.0929,0.0000,0.0000,0.0000,146.90,8.78,-126.17,1,1,0.0000,0.0000,0.3500,-90.00,0.7600,0.4200,1.0000,8.00,180.00,10.000000,0.250000,0.000000,1.200000,0.000000,0.000000,1.200000,0.000000,0.000000,0.900000,0.000000,0.000000,0.850000,0.040000,0.000000,0.008000,0.000000,0.000600,0.008000,0.000000,0.000600,0.006000,0.000000,0.000000,1,1,1,753,231,661,661,660,0,0,60.00,13201,3136,722,0,0,0,13262,494.56,494.56,0,1867,0.0000,0.4580,0.5480,0.8320,0.0890
2026-04-28T17:30:17.415,12.566,1,0.30,1.29,0.00,0.00,1,-0.0631,-0.0078,0.2571,0.0000,0.0000,0.0000,123.11,-0.52,1,4.200,4.200,0.800,39,87,0,0.000,0.7600,0.0000,63.83,56.34,754,754,1.00000,1.00000,1.00000,1.00000,0.00000,3,3,0,1,23.60605,0.03411,1.90059,0.0631,0.0078,0.0929,0.0000,0.0000,0.0000,146.89,8.80,-126.16,1,1,0.0000,0.0000,0.3500,-90.00,0.7600,0.4200,1.0000,8.00,180.00,10.000000,0.250000,0.000000,1.200000,0.000000,0.000000,1.200000,0.000000,0.000000,0.900000,0.000000,0.000000,0.850000,0.040000,0.000000,0.008000,0.000000,0.000600,0.008000,0.000000,0.000600,0.006000,0.000000,0.000000,1,1,1,754,231,661,661,660,0,0,60.00,13201,3136,722,0,0,0,13262,494.56,494.56,0,1867,0.0000,0.4580,0.5480,0.8320,0.0890
2026-04-28T17:30:17.430,12.581,1,0.30,1.29,0.00,0.00,1,-0.0631,-0.0077,0.2569,0.0000,0.0000,0.0000,123.16,-3.70,1,4.200,4.200,0.800,39,87,0,0.000,0.7600,0.0000,50.60,64.64,755,755,1.00000,1.00000,1.00000,1.00000,0.00000,3,3,0,1,23.65016,0.03410,1.90413,0.0631,0.0077,0.0931,0.0000,0.0000,0.0000,146.84,8.77,-126.13,1,1,0.0000,0.0000,0.3500,-90.00,0.7600,0.4200,1.0000,8.00,180.00,10.000000,0.250000,0.000000,1.200000,0.000000,0.000000,1.200000,0.000000,0.000000,0.900000,0.000000,0.000000,0.850000,0.040000,0.000000,0.008000,0.000000,0.000600,0.008000,0.000000,0.000600,0.006000,0.000000,0.000000,1,1,1,755,232,661,661,660,0,0,60.00,13201,3136,722,0,0,0,13262,494.56,494.56,0,1867,0.0000,0.4580,0.5480,0.8320,0.0890
2026-04-28T17:30:17.447,12.598,1,0.30,1.29,0.00,0.00,1,-0.0631,-0.0076,0.2570,0.0000,0.0000,0.0000,123.19,-1.77,1,4.200,4.200,0.800,39,87,0,0.000,0.7600,0.0000,73.90,60.33,756,756,1.00000,1.00000,1.00000,1.00000,0.00000,3,3,0,1,23.64024,0.03407,1.90036,0.0631,0.0076,0.0930,0.0000,0.0000,0.0000,146.81,8.79,-126.14,1,1,0.0000,0.0000,0.3500,-90.00,0.7600,0.4200,1.0000,8.00,180.00,10.000000,0.250000,0.000000,1.200000,0.000000,0.000000,1.200000,0.000000,0.000000,0.900000,0.000000,0.000000,0.850000,0.040000,0.000000,0.008000,0.000000,0.000600,0.008000,0.000000,0.000600,0.006000,0.000000,0.000000,1,1,1,756,232,661,661,660,0,0,60.00,13201,3136,722,0,0,0,13262,494.56,494.56,0,1867,0.0000,0.4580,0.5480,0.8320,0.0890
2026-04-28T17:30:17.464,12.615,1,0.30,1.29,0.00,0.00,1,-0.0631,-0.0078,0.2570,0.0000,0.0000,0.0000,123.12,3.91,1,4.200,4.200,0.800,39,87,0,0.000,0.7600,0.0000,58.79,57.51,757,757,1.00000,1.00000,1.00000,1.00000,0.00000,3,3,0,1,23.61971,0.03399,1.90214,0.0631,0.0078,0.0930,0.0000,0.0000,0.0000,146.88,8.80,-126.16,1,1,0.0000,0.0000,0.3500,-90.00,0.7600,0.4200,1.0000,8.00,180.00,10.000000,0.250000,0.000000,1.200000,0.000000,0.000000,1.200000,0.000000,0.000000,0.900000,0.000000,0.000000,0.850000,0.040000,0.000000,0.008000,0.000000,0.000600,0.008000,0.000000,0.000600,0.006000,0.000000,0.000000,1,1,1,757,231,661,661,660,0,0,60.00,13201,3136,722,0,0,0,13262,494.56,494.56,0,1867,0.0000,0.4580,0.5480,0.8320,0.0890
2026-04-28T17:30:17.482,12.633,1,0.30,1.29,0.00,0.00,1,-0.0630,-0.0079,0.2570,0.0000,0.0000,0.0000,123.11,0.58,1,4.200,4.200,0.800,39,87,0,0.000,0.7600,0.0000,63.01,155.48,758,758,1.00000,1.00000,1.00000,1.00000,0.00000,3,3,0,1,23.67276,0.03402,1.90414,0.0630,0.0079,0.0930,0.0000,0.0000,0.0000,146.89,8.79,-126.18,1,1,0.0000,0.0000,0.3500,-90.00,0.7600,0.4200,1.0000,8.00,180.00,10.000000,0.250000,0.000000,1.200000,0.000000,0.000000,1.200000,0.000000,0.000000,0.900000,0.000000,0.000000,0.850000,0.040000,0.000000,0.008000,0.000000,0.000600,0.008000,0.000000,0.000600,0.006000,0.000000,0.000000,1,1,1,758,232,661,661,660,0,0,60.00,13201,3136,722,0,0,0,13262,494.56,494.56,0,1867,0.0000,0.4580,0.5480,0.8320,0.0890
2026-04-28T17:30:17.496,12.647,1,0.30,1.29,0.00,0.00,1,-0.0630,-0.0080,0.2570,0.0000,0.0000,0.0000,123.05,4.28,1,4.200,4.200,0.800,39,87,0,0.000,0.7600,0.0000,52.14,38.09,759,759,1.00000,1.00000,1.00000,1.00000,0.00000,3,3,0,1,23.62602,0.03400,1.90342,0.0630,0.0080,0.0930,0.0000,0.0000,0.0000,146.95,8.82,-126.15,1,1,0.0000,0.0000,0.3500,-90.00,0.7600,0.4200,1.0000,8.00,180.00,10.000000,0.250000,0.000000,1.200000,0.000000,0.000000,1.200000,0.000000,0.000000,0.900000,0.000000,0.000000,0.850000,0.040000,0.000000,0.008000,0.000000,0.000600,0.008000,0.000000,0.000600,0.006000,0.000000,0.000000,1,1,1,759,232,661,661,660,0,0,60.00,13201,3136,722,0,0,0,13262,494.56,494.56,0,1867,0.0000,0.4580,0.5480,0.8320,0.0890
2026-04-28T17:30:17.515,12.666,1,0.30,1.29,0.00,0.00,1,-0.0630,-0.0079,0.2570,0.0000,0.0000,0.0000,123.07,-1.07,1,4.200,4.200,0.800,39,87,0,0.000,0.7600,0.0000,71.41,58.68,760,760,1.00000,1.00000,1.00000,1.00000,0.00000,3,3,0,1,23.67276,0.03402,1.90414,0.0630,0.0079,0.0930,0.0000,0.0000,0.0000,146.93,8.80,-126.17,1,1,0.0000,0.0000,0.3500,-90.00,0.7600,0.4200,1.0000,8.00,180.00,10.000000,0.250000,0.000000,1.200000,0.000000,0.000000,1.200000,0.000000,0.000000,0.900000,0.000000,0.000000,0.850000,0.040000,0.000000,0.008000,0.000000,0.000600,0.008000,0.000000,0.000600,0.006000,0.000000,0.000000,1,1,1,760,231,661,661,660,0,0,60.00,13201,3136,722,0,0,0,13262,494.56,494.56,0,1867,0.0000,0.4580,0.5480,0.8320,0.0890
2026-04-28T17:30:17.531,12.681,1,0.30,1.29,0.00,0.00,1,-0.0631,-0.0079,0.2571,0.0000,0.0000,0.0000,123.07,0.00,1,4.200,4.200,0.800,39,87,0,0.000,0.7600,0.0000,55.68,58.28,761,761,1.00000,1.00000,1.00000,1.00000,0.00000,3,3,0,1,23.62325,0.03395,1.90283,0.0631,0.0079,0.0929,0.0000,0.0000,0.0000,146.93,8.76,-126.17,1,1,0.0000,0.0000,0.3500,-90.00,0.7600,0.4200,1.0000,8.00,180.00,10.000000,0.250000,0.000000,1.200000,0.000000,0.000000,1.200000,0.000000,0.000000,0.900000,0.000000,0.000000,0.850000,0.040000,0.000000,0.008000,0.000000,0.000600,0.008000,0.000000,0.000600,0.006000,0.000000,0.000000,1,1,1,761,232,661,661,660,0,0,60.00,13201,3136,722,0,0,0,13262,494.56,494.56,0,1867,0.0000,0.4580,0.5480,0.8320,0.0890
2026-04-28T17:30:17.547,12.698,1,0.30,1.29,0.00,0.00,1,-0.0630,-0.0079,0.2570,0.0000,0.0000,0.0000,123.04,1.88,1,4.200,4.200,0.800,39,87,0,0.000,0.7600,0.0000,64.56,61.55,762,762,1.00000,1.00000,1.00000,1.00000,0.00000,3,3,0,1,23.61881,0.03394,1.90162,0.0630,0.0079,0.0930,0.0000,0.0000,0.0000,146.96,8.81,-126.16,1,1,0.0000,0.0000,0.3500,-90.00,0.7600,0.4200,1.0000,8.00,180.00,10.000000,0.250000,0.000000,1.200000,0.000000,0.000000,1.200000,0.000000,0.000000,0.900000,0.000000,0.000000,0.850000,0.040000,0.000000,0.008000,0.000000,0.000600,0.008000,0.000000,0.000600,0.006000,0.000000,0.000000,1,1,1,762,232,661,661,660,0,0,60.00,13201,3136,722,0,0,0,13262,494.56,494.56,0,1867,0.0000,0.4580,0.5480,0.8320,0.0890
2026-04-28T17:30:17.563,12.714,1,0.30,1.29,0.00,0.00,1,-0.0630,-0.0080,0.2571,0.0000,0.0000,0.0000,123.06,-1.15,1,4.200,4.200,0.800,39,87,0,0.000,0.7600,0.0000,56.47,60.06,763,763,1.00000,1.00000,1.00000,1.00000,0.00000,3,3,0,1,23.64698,0.03395,1.90216,0.0630,0.0080,0.0929,0.0000,0.0000,0.0000,146.94,8.81,-126.16,1,1,0.0000,0.0000,0.3500,-90.00,0.7600,0.4200,1.0000,8.00,180.00,10.000000,0.250000,0.000000,1.200000,0.000000,0.000000,1.200000,0.000000,0.000000,0.900000,0.000000,0.000000,0.850000,0.040000,0.000000,0.008000,0.000000,0.000600,0.008000,0.000000,0.000600,0.006000,0.000000,0.000000,1,1,1,763,232,661,661,660,0,0,60.00,13201,3136,722,0,0,0,13262,494.56,494.56,0,1867,0.0000,0.4580,0.5480,0.8320,0.0890
2026-04-28T17:30:17.583,12.734,1,0.30,1.29,0.00,0.00,1,-0.0630,-0.0079,0.2572,0.0000,0.0000,0.0000,123.10,-2.14,1,4.200,4.200,0.800,39,87,0,0.000,0.7600,0.0000,62.25,59.43,764,764,1.00000,1.00000,1.00000,1.00000,0.00000,3,3,0,1,23.58145,0.03395,1.90006,0.0630,0.0079,0.0928,0.0000,0.0000,0.0000,146.90,8.77,-126.12,1,1,0.0000,0.0000,0.3500,-90.00,0.7600,0.4200,1.0000,8.00,180.00,10.000000,0.250000,0.000000,1.200000,0.000000,0.000000,1.200000,0.000000,0.000000,0.900000,0.000000,0.000000,0.850000,0.040000,0.000000,0.008000,0.000000,0.000600,0.008000,0.000000,0.000600,0.006000,0.000000,0.000000,1,1,1,764,231,661,661,660,0,0,60.00,13201,3136,722,0,0,0,13262,494.56,494.56,0,1867,0.0000,0.4580,0.5480,0.8320,0.0890
2026-04-28T17:30:17.598,12.749,1,0.30,1.29,0.00,0.00,1,-0.0630,-0.0079,0.2571,0.0000,0.0000,0.0000,123.12,-1.24,1,4.200,4.200,0.800,39,87,0,0.000,0.7600,0.0000,49.32,62.15,765,765,1.00000,1.00000,1.00000,1.00000,0.00000,3,3,0,1,23.60593,0.03402,1.90224,0.0630,0.0079,0.0929,0.0000,0.0000,0.0000,146.88,8.76,-126.10,1,1,0.0000,0.0000,0.3500,-90.00,0.7600,0.4200,1.0000,8.00,180.00,10.000000,0.250000,0.000000,1.200000,0.000000,0.000000,1.200000,0.000000,0.000000,0.900000,0.000000,0.000000,0.850000,0.040000,0.000000,0.008000,0.000000,0.000600,0.008000,0.000000,0.000600,0.006000,0.000000,0.000000,1,1,1,765,231,661,661,660,0,0,60.00,13201,3136,722,0,0,0,13262,494.56,494.56,0,1867,0.0000,0.4580,0.5480,0.8320,0.0890
2026-04-28T17:30:17.611,12.762,1,0.30,1.29,0.00,0.00,1,-0.0630,-0.0080,0.2571,0.0000,0.0000,0.0000,123.09,2.28,1,4.200,4.200,0.800,39,87,0,0.000,0.7600,0.0000,64.49,59.85,766,766,1.00000,1.00000,1.00000,1.00000,0.00000,3,3,0,1,23.60693,0.03397,1.90278,0.0630,0.0080,0.0929,0.0000,0.0000,0.0000,146.91,8.78,-126.12,1,1,0.0000,0.0000,0.3500,-90.00,0.7600,0.4200,1.0000,8.00,180.00,10.000000,0.250000,0.000000,1.200000,0.000000,0.000000,1.200000,0.000000,0.000000,0.900000,0.000000,0.000000,0.850000,0.040000,0.000000,0.008000,0.000000,0.000600,0.008000,0.000000,0.000600,0.006000,0.000000,0.000000,1,1,1,766,232,661,661,660,0,0,60.00,13201,3136,722,0,0,0,13262,494.56,494.56,0,1867,0.0000,0.4580,0.5480,0.8320,0.0890
2026-04-28T17:30:17.631,12.781,1,0.30,1.29,0.00,0.00,1,-0.0631,-0.0078,0.2571,0.0000,0.0000,0.0000,123.12,-1.55,1,4.200,4.200,0.800,39,87,0,0.000,0.7600,0.0000,89.74,62.00,767,767,1.00000,1.00000,1.00000,1.00000,0.00000,3,3,0,1,23.60942,0.03402,1.90206,0.0631,0.0078,0.0929,0.0000,0.0000,0.0000,146.88,8.74,-126.12,1,1,0.0000,0.0000,0.3500,-90.00,0.7600,0.4200,1.0000,8.00,180.00,10.000000,0.250000,0.000000,1.200000,0.000000,0.000000,1.200000,0.000000,0.000000,0.900000,0.000000,0.000000,0.850000,0.040000,0.000000,0.008000,0.000000,0.000600,0.008000,0.000000,0.000600,0.006000,0.000000,0.000000,1,1,1,767,232,661,661,660,0,0,60.00,13201,3136,722,0,0,0,13262,494.56,494.56,0,1867,0.0000,0.4580,0.5480,0.8320,0.0890
2026-04-28T17:30:17.648,12.799,1,0.30,1.29,0.00,0.00,1,-0.0631,-0.0079,0.2571,0.0000,0.0000,0.0000,123.09,1.73,1,4.200,4.200,0.800,39,87,0,0.000,0.7600,0.0000,51.58,59.03,768,768,1.00000,1.00000,1.00000,1.00000,0.00000,3,3,0,1,23.60693,0.03397,1.90278,0.0631,0.0079,0.0929,0.0000,0.0000,0.0000,146.91,8.77,-126.13,1,1,0.0000,0.0000,0.3500,-90.00,0.7600,0.4200,1.0000,8.00,180.00,10.000000,0.250000,0.000000,1.200000,0.000000,0.000000,1.200000,0.000000,0.000000,0.900000,0.000000,0.000000,0.850000,0.040000,0.000000,0.008000,0.000000,0.000600,0.008000,0.000000,0.000600,0.006000,0.000000,0.000000,1,1,1,768,232,661,661,660,0,0,60.00,13201,3136,722,0,0,0,13262,494.56,494.56,0,1867,0.0000,0.4580,0.5480,0.8320,0.0890
2026-04-28T17:30:17.658,12.809,1,0.30,1.29,0.00,0.00,1,-0.0630,-0.0079,0.2569,0.0000,0.0000,0.0104,123.08,0.96,1,4.200,4.200,0.800,39,87,0,0.000,0.7600,0.0000,57.68,79.46,769,769,1.00000,1.00000,1.00000,1.00000,0.00000,3,3,0,1,23.65393,0.03412,1.90573,0.0630,0.0079,0.0931,0.0000,0.0000,0.0104,146.92,8.81,-126.15,1,1,0.0000,0.0000,0.3500,-90.00,0.7600,0.4200,1.0000,8.00,180.00,10.000000,0.250000,0.000000,1.200000,0.000000,0.000000,1.200000,0.000000,0.000000,0.900000,0.000000,0.000000,0.850000,0.040000,0.000000,0.008000,0.000000,0.000600,0.008000,0.000000,0.000600,0.006000,0.000000,0.000000,1,1,1,769,235,661,661,660,0,0,60.00,13201,3136,722,0,0,0,13262,494.56,494.56,0,1867,0.0000,0.4580,0.5480,0.8320,0.0890
2026-04-28T17:30:17.680,12.831,1,0.30,1.29,0.00,0.00,1,-0.0630,-0.0078,0.2569,0.0000,0.0000,0.0000,123.12,-1.95,1,4.200,4.200,0.800,39,87,0,0.000,0.7600,0.0000,52.14,48.18,770,770,1.00000,1.00000,1.00000,1.00000,0.00000,3,3,0,1,23.62765,0.03402,1.90132,0.0630,0.0078,0.0931,0.0000,0.0000,0.0000,146.88,8.80,-126.11,1,1,0.0000,0.0000,0.3500,-90.00,0.7600,0.4200,1.0000,8.00,180.00,10.000000,0.250000,0.000000,1.200000,0.000000,0.000000,1.200000,0.000000,0.000000,0.900000,0.000000,0.000000,0.850000,0.040000,0.000000,0.008000,0.000000,0.000600,0.008000,0.000000,0.000600,0.006000,0.000000,0.000000,1,1,1,770,231,661,661,660,0,0,60.00,13201,3136,722,0,0,0,13262,494.56,494.56,0,1867,0.0000,0.4580,0.5480,0.8320,0.0890
2026-04-28T17:30:17.695,12.846,1,0.30,1.29,0.00,0.00,1,-0.0630,-0.0078,0.2570,0.0000,0.0000,0.0000,123.03,5.47,1,4.200,4.200,0.800,39,87,0,0.000,0.7600,0.0000,67.20,56.76,771,771,1.00000,1.00000,1.00000,1.00000,0.00000,3,3,0,1,23.62609,0.03399,1.90111,0.0630,0.0078,0.0930,0.0000,0.0000,0.0000,146.97,8.81,-126.12,1,1,0.0000,0.0000,0.3500,-90.00,0.7600,0.4200,1.0000,8.00,180.00,10.000000,0.250000,0.000000,1.200000,0.000000,0.000000,1.200000,0.000000,0.000000,0.900000,0.000000,0.000000,0.850000,0.040000,0.000000,0.008000,0.000000,0.000600,0.008000,0.000000,0.000600,0.006000,0.000000,0.000000,1,1,1,771,232,661,661,660,0,0,60.00,13201,3136,722,0,0,0,13262,494.56,494.56,0,1867,0.0000,0.4580,0.5480,0.8320,0.0890
2026-04-28T17:30:17.713,12.863,1,0.30,1.29,0.00,0.00,1,-0.0631,-0.0080,0.2571,0.0000,0.0000,0.0000,123.05,-1.23,1,4.200,4.200,0.800,39,87,0,0.000,0.7600,0.0000,75.05,63.44,772,772,1.00000,1.00000,1.00000,1.00000,0.00000,3,3,0,1,23.61911,0.03410,1.90347,0.0631,0.0080,0.0929,0.0000,0.0000,0.0000,146.95,8.82,-126.13,1,1,0.0000,0.0000,0.3500,-90.00,0.7600,0.4200,1.0000,8.00,180.00,10.000000,0.250000,0.000000,1.200000,0.000000,0.000000,1.200000,0.000000,0.000000,0.900000,0.000000,0.000000,0.850000,0.040000,0.000000,0.008000,0.000000,0.000600,0.008000,0.000000,0.000600,0.006000,0.000000,0.000000,1,1,1,772,232,661,661,660,0,0,60.00,13201,3136,722,0,0,0,13262,494.56,494.56,0,1867,0.0000,0.4580,0.5480,0.8320,0.0890
2026-04-28T17:30:17.730,12.881,1,0.30,1.29,0.00,0.00,1,-0.0630,-0.0080,0.2570,0.0000,0.0000,0.0000,123.02,1.74,1,4.200,4.200,0.800,39,87,0,0.000,0.7600,0.0000,54.73,58.46,773,773,1.00000,1.00000,1.00000,1.00000,0.00000,3,3,0,1,23.64967,0.03390,1.90338,0.0630,0.0080,0.0930,0.0000,0.0000,0.0000,146.98,8.81,-126.14,1,1,0.0000,0.0000,0.3500,-90.00,0.7600,0.4200,1.0000,8.00,180.00,10.000000,0.250000,0.000000,1.200000,0.000000,0.000000,1.200000,0.000000,0.000000,0.900000,0.000000,0.000000,0.850000,0.040000,0.000000,0.008000,0.000000,0.000600,0.008000,0.000000,0.000600,0.006000,0.000000,0.000000,1,1,1,773,232,661,661,660,0,0,60.00,13201,3136,722,0,0,0,13262,494.56,494.56,0,1867,0.0000,0.4580,0.5480,0.8320,0.0890
2026-04-28T17:30:17.747,12.898,1,0.30,1.29,0.00,0.00,1,-0.0631,-0.0078,0.2572,0.0000,0.0000,0.0000,123.08,-3.24,1,4.200,4.200,0.800,39,87,0,0.000,0.7600,0.0000,58.04,62.10,774,774,1.00000,1.00000,1.00000,1.00000,0.00000,3,3,0,1,23.57964,0.03390,1.89950,0.0631,0.0078,0.0928,0.0000,0.0000,0.0000,146.92,8.75,-126.11,1,1,0.0000,0.0000,0.3500,-90.00,0.7600,0.4200,1.0000,8.00,180.00,10.000000,0.250000,0.000000,1.200000,0.000000,0.000000,1.200000,0.000000,0.000000,0.900000,0.000000,0.000000,0.850000,0.040000,0.000000,0.008000,0.000000,0.000600,0.008000,0.000000,0.000600,0.006000,0.000000,0.000000,1,1,1,774,232,661,661,660,0,0,60.00,13201,3136,722,0,0,0,13262,494.56,494.56,0,1867,0.0000,0.4580,0.5480,0.8320,0.0890
2026-04-28T17:30:17.765,12.915,1,0.30,1.29,0.00,0.00,1,-0.0631,-0.0077,0.2570,0.0000,0.0000,0.0000,123.14,-3.68,1,4.200,4.200,0.800,39,87,0,0.000,0.7600,0.0000,51.94,61.58,775,775,1.00000,1.00000,1.00000,1.00000,0.00000,3,3,0,1,23.67280,0.03406,1.90377,0.0631,0.0077,0.0930,0.0000,0.0000,0.0000,146.86,8.76,-126.11,1,1,0.0000,0.0000,0.3500,-90.00,0.7600,0.4200,1.0000,8.00,180.00,10.000000,0.250000,0.000000,1.200000,0.000000,0.000000,1.200000,0.000000,0.000000,0.900000,0.000000,0.000000,0.850000,0.040000,0.000000,0.008000,0.000000,0.000600,0.008000,0.000000,0.000600,0.006000,0.000000,0.000000,1,1,1,775,232,661,661,660,0,0,60.00,13201,3136,722,0,0,0,13262,494.56,494.56,0,1867,0.0000,0.4580,0.5480,0.8320,0.0890
2026-04-28T17:30:17.781,12.932,1,0.30,1.29,0.00,0.00,1,-0.0630,-0.0077,0.2571,0.0000,0.0000,0.0000,123.13,0.61,1,4.200,4.200,0.800,39,87,0,0.000,0.7600,0.0000,64.14,59.92,776,776,1.00000,1.00000,1.00000,1.00000,0.00000,3,3,0,1,23.61922,0.03390,1.89831,0.0630,0.0077,0.0929,0.0000,0.0000,0.0000,146.87,8.81,-126.11,1,1,0.0000,0.0000,0.3500,-90.00,0.7600,0.4200,1.0000,8.00,180.00,10.000000,0.250000,0.000000,1.200000,0.000000,0.000000,1.200000,0.000000,0.000000,0.900000,0.000000,0.000000,0.850000,0.040000,0.000000,0.008000,0.000000,0.000600,0.008000,0.000000,0.000600,0.006000,0.000000,0.000000,1,1,1,776,232,661,661,660,0,0,60.00,13201,3136,722,0,0,0,13262,494.56,494.56,0,1867,0.0000,0.4580,0.5480,0.8320,0.0890
2026-04-28T17:30:17.796,12.947,1,0.30,1.29,0.00,0.00,1,-0.0631,-0.0079,0.2570,0.0000,0.0000,0.0000,123.10,1.90,1,4.200,4.200,0.800,39,87,0,0.000,0.7600,0.0000,59.56,58.59,777,777,1.00000,1.00000,1.00000,1.00000,0.00000,3,3,0,1,23.61976,0.03395,1.90300,0.0631,0.0079,0.0930,0.0000,0.0000,0.0000,146.90,8.79,-126.12,1,1,0.0000,0.0000,0.3500,-90.00,0.7600,0.4200,1.0000,8.00,180.00,10.000000,0.250000,0.000000,1.200000,0.000000,0.000000,1.200000,0.000000,0.000000,0.900000,0.000000,0.000000,0.850000,0.040000,0.000000,0.008000,0.000000,0.000600,0.008000,0.000000,0.000600,0.006000,0.000000,0.000000,1,1,1,777,231,661,661,660,0,0,60.00,13201,3136,722,0,0,0,13262,494.56,494.56,0,1867,0.0000,0.4580,0.5480,0.8320,0.0890
2026-04-28T17:30:17.810,12.961,1,0.30,1.29,0.00,0.00,1,-0.0631,-0.0080,0.2571,0.0000,0.0000,0.0000,123.07,2.11,1,4.200,4.200,0.800,39,87,0,0.000,0.7600,0.0000,65.65,67.14,778,778,1.00000,1.00000,1.00000,1.00000,0.00000,3,3,0,1,23.59711,0.03393,1.90139,0.0631,0.0080,0.0929,0.0000,0.0000,0.0000,146.93,8.79,-126.13,1,1,0.0000,0.0000,0.3500,-90.00,0.7600,0.4200,1.0000,8.00,180.00,10.000000,0.250000,0.000000,1.200000,0.000000,0.000000,1.200000,0.000000,0.000000,0.900000,0.000000,0.000000,0.850000,0.040000,0.000000,0.008000,0.000000,0.000600,0.008000,0.000000,0.000600,0.006000,0.000000,0.000000,1,1,1,778,232,661,661,660,0,0,60.00,13201,3136,722,0,0,0,13262,494.56,494.56,0,1867,0.0000,0.4580,0.5480,0.8320,0.0890
2026-04-28T17:30:17.832,12.983,1,0.30,1.29,0.00,0.00,1,-0.0631,-0.0079,0.2571,0.0000,0.0000,0.0000,123.03,1.90,1,4.200,4.200,0.800,39,87,0,0.000,0.7600,0.0000,80.85,52.87,779,779,1.00000,1.00000,1.00000,1.00000,0.00000,3,3,0,1,23.62907,0.03398,1.90296,0.0631,0.0079,0.0929,0.0000,0.0000,0.0000,146.97,8.78,-126.15,1,1,0.0000,0.0000,0.3500,-90.00,0.7600,0.4200,1.0000,8.00,180.00,10.000000,0.250000,0.000000,1.200000,0.000000,0.000000,1.200000,0.000000,0.000000,0.900000,0.000000,0.000000,0.850000,0.040000,0.000000,0.008000,0.000000,0.000600,0.008000,0.000000,0.000600,0.006000,0.000000,0.000000,1,1,1,779,232,661,661,660,0,0,60.00,13201,3136,722,0,0,0,13262,494.56,494.56,0,1867,0.0000,0.4580,0.5480,0.8320,0.0890
2026-04-28T17:30:17.846,12.997,1,0.30,1.29,0.00,0.00,1,-0.0631,-0.0077,0.2571,0.0000,0.0000,0.0000,123.10,-5.00,1,4.200,4.200,0.800,39,87,0,0.000,0.7600,0.0000,43.43,60.76,780,780,1.00000,1.00000,1.00000,1.00000,0.00000,3,3,0,1,23.60226,0.03397,1.90025,0.0631,0.0077,0.0929,0.0000,0.0000,0.0000,146.90,8.74,-126.14,1,1,0.0000,0.0000,0.3500,-90.00,0.7600,0.4200,1.0000,8.00,180.00,10.000000,0.250000,0.000000,1.200000,0.000000,0.000000,1.200000,0.000000,0.000000,0.900000,0.000000,0.000000,0.850000,0.040000,0.000000,0.008000,0.000000,0.000600,0.008000,0.000000,0.000600,0.006000,0.000000,0.000000,1,1,1,780,231,661,661,660,0,0,60.00,13201,3136,722,0,0,0,13262,494.56,494.56,0,1867,0.0000,0.4580,0.5480,0.8320,0.0890
2026-04-28T17:30:17.862,13.013,1,0.30,1.29,0.00,0.00,1,-0.0630,-0.0079,0.2571,0.0000,0.0000,0.0000,123.05,2.94,1,4.200,4.200,0.800,39,87,0,0.000,0.7600,0.0000,71.36,58.12,781,781,1.00000,1.00000,1.00000,1.00000,0.00000,3,3,0,1,23.59620,0.03392,1.90000,0.0630,0.0079,0.0929,0.0000,0.0000,0.0000,146.95,8.81,-126.15,1,1,0.0000,0.0000,0.3500,-90.00,0.7600,0.4200,1.0000,8.00,180.00,10.000000,0.250000,0.000000,1.200000,0.000000,0.000000,1.200000,0.000000,0.000000,0.900000,0.000000,0.000000,0.850000,0.040000,0.000000,0.008000,0.000000,0.000600,0.008000,0.000000,0.000600,0.006000,0.000000,0.000000,1,1,1,781,232,661,661,660,0,0,60.00,13201,3136,722,0,0,0,13262,494.56,494.56,0,1867,0.0000,0.4580,0.5480,0.8320,0.0890
2026-04-28T17:30:17.883,13.034,1,0.30,1.29,0.00,0.00,1,-0.0631,-0.0077,0.2569,0.0000,0.0000,0.0000,123.14,-4.52,1,4.200,4.200,0.800,39,87,0,0.000,0.7600,0.0000,66.71,59.30,782,782,1.00000,1.00000,1.00000,1.00000,0.00000,3,3,0,1,23.68681,0.03396,1.90354,0.0631,0.0077,0.0931,0.0000,0.0000,0.0000,146.86,8.75,-126.13,1,1,0.0000,0.0000,0.3500,-90.00,0.7600,0.4200,1.0000,8.00,180.00,10.000000,0.250000,0.000000,1.200000,0.000000,0.000000,1.200000,0.000000,0.000000,0.900000,0.000000,0.000000,0.850000,0.040000,0.000000,0.008000,0.000000,0.000600,0.008000,0.000000,0.000600,0.006000,0.000000,0.000000,1,1,1,782,232,781,781,781,0,0,60.00,13321,3146,722,0,0,0,13262,494.56,494.56,0,1867,0.0000,0.4580,0.5480,0.8320,0.0890
2026-04-28T17:30:17.896,13.047,1,0.30,1.29,0.00,0.00,1,-0.0631,-0.0078,0.2571,0.0000,0.0000,0.0000,123.14,0.00,1,4.200,4.200,0.800,39,87,0,0.000,0.7600,0.0000,45.58,63.09,783,783,1.00000,1.00000,1.00000,1.00000,0.00000,3,3,0,1,23.60593,0.03402,1.90224,0.0631,0.0078,0.0929,0.0000,0.0000,0.0000,146.86,8.75,-126.10,1,1,0.0000,0.0000,0.3500,-90.00,0.7600,0.4200,1.0000,8.00,180.00,10.000000,0.250000,0.000000,1.200000,0.000000,0.000000,1.200000,0.000000,0.000000,0.900000,0.000000,0.000000,0.850000,0.040000,0.000000,0.008000,0.000000,0.000600,0.008000,0.000000,0.000600,0.006000,0.000000,0.000000,1,1,1,783,231,781,781,781,0,0,60.00,13321,3146,722,0,0,0,13262,494.56,494.56,0,1867,0.0000,0.4580,0.5480,0.8320,0.0890
2026-04-28T17:30:17.915,13.066,1,0.30,1.29,0.00,0.00,1,-0.0629,-0.0078,0.2569,0.0000,0.0000,0.0000,123.09,2.65,1,4.200,4.200,0.800,39,87,0,0.000,0.7600,0.0000,74.95,65.75,784,784,1.00000,1.00000,1.00000,1.00000,0.00000,3,3,0,1,23.66268,0.03411,1.90168,0.0629,0.0078,0.0931,0.0000,0.0000,0.0000,146.91,8.79,-126.13,1,1,0.0000,0.0000,0.3500,-90.00,0.7600,0.4200,1.0000,8.00,180.00,10.000000,0.250000,0.000000,1.200000,0.000000,0.000000,1.200000,0.000000,0.000000,0.900000,0.000000,0.000000,0.850000,0.040000,0.000000,0.008000,0.000000,0.000600,0.008000,0.000000,0.000600,0.006000,0.000000,0.000000,1,1,1,784,232,781,781,781,0,0,60.00,13321,3146,722,0,0,0,13262,494.56,494.56,0,1867,0.0000,0.4580,0.5480,0.8320,0.0890
2026-04-28T17:30:17.932,13.083,1,0.30,1.29,0.00,0.00,1,-0.0630,-0.0080,0.2570,0.0000,0.0000,0.0000,123.07,1.20,1,4.200,4.200,0.800,39,87,0,0.000,0.7600,0.0000,50.10,54.92,785,785,1.00000,1.00000,1.00000,1.00000,0.00000,3,3,0,1,23.62157,0.03400,1.90356,0.0630,0.0080,0.0930,0.0000,0.0000,0.0000,146.93,8.80,-126.13,1,1,0.0000,0.0000,0.3500,-90.00,0.7600,0.4200,1.0000,8.00,180.00,10.000000,0.250000,0.000000,1.200000,0.000000,0.000000,1.200000,0.000000,0.000000,0.900000,0.000000,0.000000,0.850000,0.040000,0.000000,0.008000,0.000000,0.000600,0.008000,0.000000,0.000600,0.006000,0.000000,0.000000,1,1,1,785,231,781,781,781,0,0,60.00,13321,3146,722,0,0,0,13262,494.56,494.56,0,1867,0.0000,0.4580,0.5480,0.8320,0.0890
2026-04-28T17:30:17.946,13.097,1,0.30,1.29,0.00,0.00,1,-0.0630,-0.0080,0.2571,0.0000,0.0000,0.0000,123.07,0.00,1,4.200,4.200,0.800,39,87,0,0.000,0.7600,0.0000,62.44,57.53,786,786,1.00000,1.00000,1.00000,1.00000,0.00000,3,3,0,1,23.64698,0.03395,1.90216,0.0630,0.0080,0.0929,0.0000,0.0000,0.0000,146.93,8.80,-126.14,1,1,0.0000,0.0000,0.3500,-90.00,0.7600,0.4200,1.0000,8.00,180.00,10.000000,0.250000,0.000000,1.200000,0.000000,0.000000,1.200000,0.000000,0.000000,0.900000,0.000000,0.000000,0.850000,0.040000,0.000000,0.008000,0.000000,0.000600,0.008000,0.000000,0.000600,0.006000,0.000000,0.000000,1,1,1,786,231,781,781,781,0,0,60.00,13321,3146,722,0,0,0,13262,494.56,494.56,0,1867,0.0000,0.4580,0.5480,0.8320,0.0890
2026-04-28T17:30:17.966,13.116,1,0.30,1.29,0.00,0.00,1,-0.0630,-0.0078,0.2571,0.0000,0.0000,0.0000,123.13,-3.29,1,4.200,4.200,0.800,39,87,0,0.000,0.7600,0.0000,76.24,178.00,787,787,1.00000,1.00000,1.00000,1.00000,0.00000,3,3,0,1,23.63067,0.03398,1.90129,0.0630,0.0078,0.0929,0.0000,0.0000,0.0000,146.87,8.80,-126.12,1,1,0.0000,0.0000,0.3500,-90.00,0.7600,0.4200,1.0000,8.00,180.00,10.000000,0.250000,0.000000,1.200000,0.000000,0.000000,1.200000,0.000000,0.000000,0.900000,0.000000,0.000000,0.850000,0.040000,0.000000,0.008000,0.000000,0.000600,0.008000,0.000000,0.000600,0.006000,0.000000,0.000000,1,1,1,787,231,781,781,781,0,0,60.00,13321,3146,722,0,0,0,13262,494.56,494.56,0,1867,0.0000,0.4580,0.5480,0.8320,0.0890
2026-04-28T17:30:17.979,13.130,1,0.30,1.29,0.00,0.00,1,-0.0631,-0.0079,0.2570,0.0000,0.0000,0.0000,123.11,1.39,1,4.200,4.200,0.800,39,87,0,0.000,0.7600,0.0000,49.37,35.29,788,788,1.00000,1.00000,1.00000,1.00000,0.00000,3,3,0,1,23.64708,0.03417,1.90548,0.0631,0.0079,0.0930,0.0000,0.0000,0.0000,146.89,8.80,-126.14,1,1,0.0000,0.0000,0.3500,-90.00,0.7600,0.4200,1.0000,8.00,180.00,10.000000,0.250000,0.000000,1.200000,0.000000,0.000000,1.200000,0.000000,0.000000,0.900000,0.000000,0.000000,0.850000,0.040000,0.000000,0.008000,0.000000,0.000600,0.008000,0.000000,0.000600,0.006000,0.000000,0.000000,1,1,1,788,231,781,781,781,0,0,60.00,13321,3146,722,0,0,0,13262,494.56,494.56,0,1867,0.0000,0.4580,0.5480,0.8320,0.0890
2026-04-28T17:30:17.997,13.148,1,0.30,1.29,0.00,0.00,1,-0.0631,-0.0080,0.2570,0.0000,0.0000,0.0000,123.08,1.75,1,4.200,4.200,0.800,39,87,0,0.000,0.7600,0.0000,80.90,65.88,789,789,1.00000,1.00000,1.00000,1.00000,0.00000,3,3,0,1,23.62157,0.03400,1.90356,0.0631,0.0080,0.0930,0.0000,0.0000,0.0000,146.92,8.81,-126.13,1,1,0.0000,0.0000,0.3500,-90.00,0.7600,0.4200,1.0000,8.00,180.00,10.000000,0.250000,0.000000,1.200000,0.000000,0.000000,1.200000,0.000000,0.000000,0.900000,0.000000,0.000000,0.850000,0.040000,0.000000,0.008000,0.000000,0.000600,0.008000,0.000000,0.000600,0.006000,0.000000,0.000000,1,1,1,789,232,781,781,781,0,0,60.00,13321,3146,722,0,0,0,13262,494.56,494.56,0,1867,0.0000,0.4580,0.5480,0.8320,0.0890
2026-04-28T17:30:18.008,13.159,1,0.30,1.29,0.00,0.00,1,-0.0631,-0.0080,0.2571,0.0000,0.0000,0.0000,123.07,0.86,1,4.200,4.200,0.800,39,87,0,0.000,0.7600,0.0000,50.66,96.65,790,790,1.00000,1.00000,1.00000,1.00000,0.00000,3,3,0,1,23.59530,0.03388,1.90083,0.0631,0.0080,0.0929,0.0000,0.0000,0.0000,146.93,8.78,-126.13,1,1,0.0000,0.0000,0.3500,-90.00,0.7600,0.4200,1.0000,8.00,180.00,10.000000,0.250000,0.000000,1.200000,0.000000,0.000000,1.200000,0.000000,0.000000,0.900000,0.000000,0.000000,0.850000,0.040000,0.000000,0.008000,0.000000,0.000600,0.008000,0.000000,0.000600,0.006000,0.000000,0.000000,1,1,1,790,232,781,781,781,0,0,60.00,13321,3146,722,0,0,0,13262,494.56,494.56,0,1867,0.0000,0.4580,0.5480,0.8320,0.0890
2026-04-28T17:30:18.029,13.180,1,0.30,1.29,0.00,0.00,1,-0.0630,-0.0080,0.2572,0.0000,0.0000,0.0000,123.03,1.86,1,4.200,4.200,0.800,39,87,0,0.000,0.7600,0.0000,109.31,43.05,791,791,1.00000,1.00000,1.00000,1.00000,0.00000,3,3,0,1,23.60156,0.03393,1.90125,0.0630,0.0080,0.0928,0.0000,0.0000,0.0000,146.97,8.80,-126.14,1,1,0.0000,0.0000,0.3500,-90.00,0.7600,0.4200,1.0000,8.00,180.00,10.000000,0.250000,0.000000,1.200000,0.000000,0.000000,1.200000,0.000000,0.000000,0.900000,0.000000,0.000000,0.850000,0.040000,0.000000,0.008000,0.000000,0.000600,0.008000,0.000000,0.000600,0.006000,0.000000,0.000000,1,1,1,791,231,781,781,781,0,0,60.00,13321,3146,722,0,0,0,13262,494.56,494.56,0,1867,0.0000,0.4580,0.5480,0.8320,0.0890
2026-04-28T17:30:18.043,13.194,1,0.30,1.29,0.00,0.00,1,-0.0631,-0.0076,0.2570,0.0000,-0.0132,0.0000,123.16,-9.35,1,4.200,4.200,0.800,39,87,0,0.000,0.7600,0.0000,46.57,169.95,792,792,1.00000,1.00000,1.00000,1.00000,0.00000,3,3,0,1,23.65535,0.03403,1.90189,0.0631,0.0076,0.0930,0.0000,-0.0132,0.0000,146.84,8.74,-126.10,1,1,0.0000,0.0000,0.3500,-90.00,0.7600,0.4200,1.0000,8.00,180.00,10.000000,0.250000,0.000000,1.200000,0.000000,0.000000,1.200000,0.000000,0.000000,0.900000,0.000000,0.000000,0.850000,0.040000,0.000000,0.008000,0.000000,0.000600,0.008000,0.000000,0.000600,0.006000,0.000000,0.000000,1,1,1,792,236,781,781,781,0,0,60.00,13321,3146,722,0,0,0,13262,494.56,494.56,0,1867,0.0000,0.4580,0.5480,0.8320,0.0890
2026-04-28T17:30:18.063,13.214,1,0.30,1.29,0.00,0.00,1,-0.0630,-0.0079,0.2570,0.0000,0.0000,0.0000,123.08,4.09,1,4.200,4.200,0.800,39,87,0,0.000,0.7600,0.0000,71.95,36.66,793,793,1.00000,1.00000,1.00000,1.00000,0.00000,3,3,0,1,23.62558,0.03398,1.90313,0.0630,0.0079,0.0930,0.0000,0.0000,0.0000,146.92,8.79,-126.11,1,1,0.0000,0.0000,0.3500,-90.00,0.7600,0.4200,1.0000,8.00,180.00,10.000000,0.250000,0.000000,1.200000,0.000000,0.000000,1.200000,0.000000,0.000000,0.900000,0.000000,0.000000,0.850000,0.040000,0.000000,0.008000,0.000000,0.000600,0.008000,0.000000,0.000600,0.006000,0.000000,0.000000,1,1,1,793,232,781,781,781,0,0,60.00,13321,3146,722,0,0,0,13262,494.56,494.56,0,1867,0.0000,0.4580,0.5480,0.8320,0.0890
2026-04-28T17:30:18.079,13.230,1,0.30,1.29,0.00,0.00,1,-0.0630,-0.0079,0.2572,0.0000,0.0000,0.0000,123.10,-1.24,1,4.200,4.200,0.800,39,87,0,0.000,0.7600,0.0000,46.08,120.15,794,794,1.00000,1.00000,1.00000,1.00000,0.00000,3,3,0,1,23.61131,0.03390,1.89852,0.0630,0.0079,0.0928,0.0000,0.0000,0.0000,146.90,8.77,-126.12,1,1,0.0000,0.0000,0.3500,-90.00,0.7600,0.4200,1.0000,8.00,180.00,10.000000,0.250000,0.000000,1.200000,0.000000,0.000000,1.200000,0.000000,0.000000,0.900000,0.000000,0.000000,0.850000,0.040000,0.000000,0.008000,0.000000,0.000600,0.008000,0.000000,0.000600,0.006000,0.000000,0.000000,1,1,1,794,231,781,781,781,0,0,60.00,13321,3146,722,0,0,0,13262,494.56,494.56,0,1867,0.0000,0.4580,0.5480,0.8320,0.0890
2026-04-28T17:30:18.095,13.246,1,0.30,1.29,0.00,0.00,1,-0.0630,-0.0077,0.2572,0.0000,0.0000,0.0000,123.14,-2.45,1,4.200,4.200,0.800,39,87,0,0.000,0.7600,0.0000,71.81,39.80,795,795,1.00000,1.00000,1.00000,1.00000,0.00000,3,3,0,1,23.62729,0.03396,1.89939,0.0630,0.0077,0.0928,0.0000,0.0000,0.0000,146.86,8.76,-126.15,1,1,0.0000,0.0000,0.3500,-90.00,0.7600,0.4200,1.0000,8.00,180.00,10.000000,0.250000,0.000000,1.200000,0.000000,0.000000,1.200000,0.000000,0.000000,0.900000,0.000000,0.000000,0.850000,0.040000,0.000000,0.008000,0.000000,0.000600,0.008000,0.000000,0.000600,0.006000,0.000000,0.000000,1,1,1,795,232,781,781,781,0,0,60.00,13321,3146,722,0,0,0,13262,494.56,494.56,0,1867,0.0000,0.4580,0.5480,0.8320,0.0890
2026-04-28T17:30:18.111,13.262,1,0.30,1.29,0.00,0.00,1,-0.0630,-0.0079,0.2571,0.0000,0.0000,0.0000,123.09,3.19,1,4.200,4.200,0.800,39,87,0,0.000,0.7600,0.0000,61.22,81.71,796,796,1.00000,1.00000,1.00000,1.00000,0.00000,3,3,0,1,23.59175,0.03392,1.90014,0.0630,0.0079,0.0929,0.0000,0.0000,0.0000,146.91,8.80,-126.15,1,1,0.0000,0.0000,0.3500,-90.00,0.7600,0.4200,1.0000,8.00,180.00,10.000000,0.250000,0.000000,1.200000,0.000000,0.000000,1.200000,0.000000,0.000000,0.900000,0.000000,0.000000,0.850000,0.040000,0.000000,0.008000,0.000000,0.000600,0.008000,0.000000,0.000600,0.006000,0.000000,0.000000,1,1,1,796,231,781,781,781,0,0,60.00,13321,3146,722,0,0,0,13262,494.56,494.56,0,1867,0.0000,0.4580,0.5480,0.8320,0.0890
2026-04-28T17:30:18.131,13.282,1,0.30,1.29,0.00,0.00,1,-0.0630,-0.0080,0.2571,0.0000,0.0000,0.0000,123.07,1.06,1,4.200,4.200,0.800,39,87,0,0.000,0.7600,0.0000,63.90,47.74,797,797,1.00000,1.00000,1.00000,1.00000,0.00000,3,3,0,1,23.62157,0.03400,1.90356,0.0630,0.0080,0.0929,0.0000,0.0000,0.0000,146.93,8.80,-126.14,1,1,0.0000,0.0000,0.3500,-90.00,0.7600,0.4200,1.0000,8.00,180.00,10.000000,0.250000,0.000000,1.200000,0.000000,0.000000,1.200000,0.000000,0.000000,0.900000,0.000000,0.000000,0.850000,0.040000,0.000000,0.008000,0.000000,0.000600,0.008000,0.000000,0.000600,0.006000,0.000000,0.000000,1,1,1,797,231,781,781,781,0,0,60.00,13321,3146,722,0,0,0,13262,494.56,494.56,0,1867,0.0000,0.4580,0.5480,0.8320,0.0890
2026-04-28T17:30:18.149,13.299,1,0.30,1.29,0.00,0.00,1,-0.0630,-0.0079,0.2571,0.0000,0.0000,0.0000,123.11,-2.12,1,4.200,4.200,0.800,39,87,0,0.000,0.7600,0.0000,47.82,83.07,798,798,1.00000,1.00000,1.00000,1.00000,0.00000,3,3,0,1,23.60753,0.03403,1.90174,0.0630,0.0079,0.0929,0.0000,0.0000,0.0000,146.89,8.78,-126.11,1,1,0.0000,0.0000,0.3500,-90.00,0.7600,0.4200,1.0000,8.00,180.00,10.000000,0.250000,0.000000,1.200000,0.000000,0.000000,1.200000,0.000000,0.000000,0.900000,0.000000,0.000000,0.850000,0.040000,0.000000,0.008000,0.000000,0.000600,0.008000,0.000000,0.000600,0.006000,0.000000,0.000000,1,1,1,798,232,781,781,781,0,0,60.00,13321,3146,722,0,0,0,13262,494.56,494.56,0,1867,0.0000,0.4580,0.5480,0.8320,0.0890
2026-04-28T17:30:18.166,13.316,1,0.30,1.29,0.00,0.00,1,-0.0631,-0.0079,0.2571,0.0000,0.0000,0.0000,123.08,1.89,1,4.200,4.200,0.800,39,87,0,0.000,0.7600,0.0000,59.30,46.62,799,799,1.00000,1.00000,1.00000,1.00000,0.00000,3,3,0,1,23.62506,0.03400,1.90339,0.0631,0.0079,0.0929,0.0000,0.0000,0.0000,146.92,8.77,-126.14,1,1,0.0000,0.0000,0.3500,-90.00,0.7600,0.4200,1.0000,8.00,180.00,10.000000,0.250000,0.000000,1.200000,0.000000,0.000000,1.200000,0.000000,0.000000,0.900000,0.000000,0.000000,0.850000,0.040000,0.000000,0.008000,0.000000,0.000600,0.008000,0.000000,0.000600,0.006000,0.000000,0.000000,1,1,1,799,232,781,781,781,0,0,60.00,13321,3146,722,0,0,0,13262,494.56,494.56,0,1867,0.0000,0.4580,0.5480,0.8320,0.0890
2026-04-28T17:30:18.181,13.332,1,0.30,1.29,0.00,0.00,1,-0.0630,-0.0078,0.2571,0.0000,0.0000,0.0000,123.10,-1.31,1,4.200,4.200,0.800,39,87,0,0.000,0.7600,0.0000,59.31,114.28,800,800,1.00000,1.00000,1.00000,1.00000,0.00000,3,3,0,1,23.63537,0.03395,1.90041,0.0630,0.0078,0.0929,0.0000,0.0000,0.0000,146.90,8.77,-126.13,1,1,0.0000,0.0000,0.3500,-90.00,0.7600,0.4200,1.0000,8.00,180.00,10.000000,0.250000,0.000000,1.200000,0.000000,0.000000,1.200000,0.000000,0.000000,0.900000,0.000000,0.000000,0.850000,0.040000,0.000000,0.008000,0.000000,0.000600,0.008000,0.000000,0.000600,0.006000,0.000000,0.000000,1,1,1,800,231,781,781,781,0,0,60.00,13321,3146,722,0,0,0,13262,494.56,494.56,0,1867,0.0000,0.4580,0.5480,0.8320,0.0890
2026-04-28T17:30:18.195,13.345,1,0.30,1.29,0.00,0.00,1,-0.0631,-0.0077,0.2572,0.0000,0.0000,0.0000,123.18,-5.39,1,4.200,4.200,0.800,39,87,0,0.000,0.7600,0.0000,61.44,40.21,801,801,1.00000,1.00000,1.00000,1.00000,0.00000,3,3,0,1,23.64262,0.03389,1.90084,0.0631,0.0077,0.0928,0.0000,0.0000,0.0000,146.82,8.68,-126.14,1,1,0.0000,0.0000,0.3500,-90.00,0.7600,0.4200,1.0000,8.00,180.00,10.000000,0.250000,0.000000,1.200000,0.000000,0.000000,1.200000,0.000000,0.000000,0.900000,0.000000,0.000000,0.850000,0.040000,0.000000,0.008000,0.000000,0.000600,0.008000,0.000000,0.000600,0.006000,0.000000,0.000000,1,1,1,801,232,781,781,781,0,0,60.00,13321,3146,722,0,0,0,13262,494.56,494.56,0,1867,0.0000,0.4580,0.5480,0.8320,0.0890
2026-04-28T17:30:18.215,13.366,1,0.30,1.29,0.00,0.00,1,-0.0630,-0.0078,0.2571,0.0000,0.0000,0.0000,123.08,5.08,1,4.200,4.200,0.800,39,87,0,0.000,0.7600,0.0000,61.88,132.10,802,802,1.00000,1.00000,1.00000,1.00000,0.00000,3,3,0,1,23.63262,0.03390,1.90335,0.0630,0.0078,0.0929,0.0000,0.0000,0.0000,146.92,8.72,-126.15,1,1,0.0000,0.0000,0.3500,-90.00,0.7600,0.4200,1.0000,8.00,180.00,10.000000,0.250000,0.000000,1.200000,0.000000,0.000000,1.200000,0.000000,0.000000,0.900000,0.000000,0.000000,0.850000,0.040000,0.000000,0.008000,0.000000,0.000600,0.008000,0.000000,0.000600,0.006000,0.000000,0.000000,1,1,1,802,232,781,781,781,0,0,60.00,13321,3146,722,0,0,0,13262,494.56,494.56,0,1867,0.0000,0.4580,0.5480,0.8320,0.0890
2026-04-28T17:30:18.233,13.383,1,0.30,1.29,0.00,0.00,1,-0.0631,-0.0077,0.2569,0.0000,0.0000,0.0000,123.13,-2.87,0,0.000,0.000,0.000,0,-1,0,0.000,0.7600,0.0000,53.91,41.89,803,803,1.00000,1.00000,1.00000,1.00000,0.00000,3,3,0,1,23.62678,0.03404,1.90243,0.0631,0.0077,0.0931,0.0000,0.0000,0.0000,146.87,8.73,-126.14,1,1,0.0000,0.0000,0.3500,-90.00,0.7600,0.4200,1.0000,8.00,180.00,10.000000,0.250000,0.000000,1.200000,0.000000,0.000000,1.200000,0.000000,0.000000,0.900000,0.000000,0.000000,0.850000,0.040000,0.000000,0.008000,0.000000,0.000600,0.008000,0.000000,0.000600,0.006000,0.000000,0.000000,1,1,1,803,232,781,781,781,0,0,60.00,13321,3146,722,0,0,0,13262,494.56,494.56,0,1867,0.0000,0.4580,0.5480,0.8320,0.0890
2026-04-28T17:30:18.247,13.398,1,0.30,1.29,0.00,0.00,1,-0.0630,-0.0079,0.2570,0.0000,0.0000,0.0000,123.04,5.81,0,0.000,0.000,0.000,0,-1,0,0.000,0.7600,0.0000,55.04,55.76,804,804,1.00000,1.00000,1.00000,1.00000,0.00000,3,3,0,1,23.62807,0.03393,1.90244,0.0630,0.0079,0.0930,0.0000,0.0000,0.0000,146.96,8.78,-126.13,1,1,0.0000,0.0000,0.3500,-90.00,0.7600,0.4200,1.0000,8.00,180.00,10.000000,0.250000,0.000000,1.200000,0.000000,0.000000,1.200000,0.000000,0.000000,0.900000,0.000000,0.000000,0.850000,0.040000,0.000000,0.008000,0.000000,0.000600,0.008000,0.000000,0.000600,0.006000,0.000000,0.000000,1,1,1,804,232,781,781,781,0,0,60.00,13321,3146,722,0,0,0,13262,494.56,494.56,0,1867,0.0000,0.4580,0.5480,0.8320,0.0890
2026-04-28T17:30:18.266,13.417,1,0.30,1.29,0.00,0.00,1,-0.0631,-0.0079,0.2570,0.0000,0.0000,0.0000,123.09,-2.80,0,0.000,0.000,0.000,0,-1,0,0.000,0.7600,0.0000,70.57,97.59,805,805,1.00000,1.00000,1.00000,1.00000,0.00000,3,3,0,1,23.63157,0.03392,1.90376,0.0631,0.0079,0.0930,0.0000,0.0000,0.0000,146.91,8.75,-126.12,1,1,0.0000,0.0000,0.3500,-90.00,0.7600,0.4200,1.0000,8.00,180.00,10.000000,0.250000,0.000000,1.200000,0.000000,0.000000,1.200000,0.000000,0.000000,0.900000,0.000000,0.000000,0.850000,0.040000,0.000000,0.008000,0.000000,0.000600,0.008000,0.000000,0.000600,0.006000,0.000000,0.000000,1,1,1,805,232,781,781,781,0,0,60.00,13321,3146,722,0,0,0,13262,494.56,494.56,0,1867,0.0000,0.4580,0.5480,0.8320,0.0890
2026-04-28T17:30:18.279,13.430,1,0.30,1.29,0.00,0.00,1,-0.0631,-0.0079,0.2572,0.0000,0.0000,0.0000,123.12,-2.16,0,0.000,0.000,0.000,0,-1,0,0.000,0.7600,0.0000,54.78,43.28,806,806,1.00000,1.00000,1.00000,1.00000,0.00000,3,3,0,1,23.58145,0.03395,1.90006,0.0631,0.0079,0.0928,0.0000,0.0000,0.0000,146.88,8.74,-126.11,1,1,0.0000,0.0000,0.3500,-90.00,0.7600,0.4200,1.0000,8.00,180.00,10.000000,0.250000,0.000000,1.200000,0.000000,0.000000,1.200000,0.000000,0.000000,0.900000,0.000000,0.000000,0.850000,0.040000,0.000000,0.008000,0.000000,0.000600,0.008000,0.000000,0.000600,0.006000,0.000000,0.000000,1,1,1,806,232,781,781,781,0,0,60.00,13321,3146,722,0,0,0,13262,494.56,494.56,0,1867,0.0000,0.4580,0.5480,0.8320,0.0890
2026-04-28T17:30:18.298,13.449,1,0.30,1.29,0.00,0.00,1,-0.0630,-0.0078,0.2571,0.0000,0.0000,0.0000,123.12,0.00,0,0.000,0.000,0.000,0,-1,0,0.000,0.7600,0.0000,84.87,173.58,807,807,1.00000,1.00000,1.00000,1.00000,0.00000,3,3,0,1,23.61922,0.03390,1.89831,0.0630,0.0078,0.0929,0.0000,0.0000,0.0000,146.88,8.80,-126.11,1,1,0.0000,0.0000,0.3500,-90.00,0.7600,0.4200,1.0000,8.00,180.00,10.000000,0.250000,0.000000,1.200000,0.000000,0.000000,1.200000,0.000000,0.000000,0.900000,0.000000,0.000000,0.850000,0.040000,0.000000,0.008000,0.000000,0.000600,0.008000,0.000000,0.000600,0.006000,0.000000,0.000000,1,1,1,807,231,781,781,781,0,0,60.00,13321,3146,722,0,0,0,13262,494.56,494.56,0,1867,0.0000,0.4580,0.5480,0.8320,0.0890
2026-04-28T17:30:18.316,13.466,1,0.30,1.29,0.00,0.00,1,-0.0630,-0.0078,0.2570,0.0000,0.0000,0.0000,123.09,1.77,0,0.000,0.000,0.000,0,-1,0,0.000,0.7600,0.0000,49.55,37.08,808,808,1.00000,1.00000,1.00000,1.00000,0.00000,3,3,0,1,23.61790,0.03394,1.90158,0.0630,0.0078,0.0930,0.0000,0.0000,0.0000,146.91,8.78,-126.15,1,1,0.0000,0.0000,0.3500,-90.00,0.7600,0.4200,1.0000,8.00,180.00,10.000000,0.250000,0.000000,1.200000,0.000000,0.000000,1.200000,0.000000,0.000000,0.900000,0.000000,0.000000,0.850000,0.040000,0.000000,0.008000,0.000000,0.000600,0.008000,0.000000,0.000600,0.006000,0.000000,0.000000,1,1,1,808,232,781,781,781,0,0,60.00,13321,3146,722,0,0,0,13262,494.56,494.56,0,1867,0.0000,0.4580,0.5480,0.8320,0.0890
2026-04-28T17:30:18.332,13.483,1,0.30,1.29,0.00,0.00,1,-0.0631,-0.0079,0.2569,0.0000,0.0000,0.0000,123.05,2.36,0,0.000,0.000,0.000,0,-1,0,0.000,0.7600,0.0000,57.47,58.44,809,809,1.00000,1.00000,1.00000,1.00000,0.00000,3,3,0,1,23.65355,0.03405,1.90514,0.0631,0.0079,0.0931,0.0000,0.0000,0.0000,146.95,8.79,-126.16,1,1,0.0000,0.0000,0.3500,-90.00,0.7600,0.4200,1.0000,8.00,180.00,10.000000,0.250000,0.000000,1.200000,0.000000,0.000000,1.200000,0.000000,0.000000,0.900000,0.000000,0.000000,0.850000,0.040000,0.000000,0.008000,0.000000,0.000600,0.008000,0.000000,0.000600,0.006000,0.000000,0.000000,1,1,1,809,232,781,781,781,0,0,60.00,13321,3146,722,0,0,0,13262,494.56,494.56,0,1867,0.0000,0.4580,0.5480,0.8320,0.0890
2026-04-28T17:30:18.347,13.497,1,0.30,1.29,0.00,0.00,1,-0.0630,-0.0079,0.2570,0.0000,0.0000,0.0000,123.05,0.00,0,0.000,0.000,0.000,0,-1,0,0.000,0.7600,0.0000,60.46,62.88,810,810,1.00000,1.00000,1.00000,1.00000,0.00000,3,3,0,1,23.58994,0.03387,1.89957,0.0630,0.0079,0.0930,0.0000,0.0000,0.0000,146.95,8.79,-126.15,1,1,0.0000,0.0000,0.3500,-90.00,0.7600,0.4200,1.0000,8.00,180.00,10.000000,0.250000,0.000000,1.200000,0.000000,0.000000,1.200000,0.000000,0.000000,0.900000,0.000000,0.000000,0.850000,0.040000,0.000000,0.008000,0.000000,0.000600,0.008000,0.000000,0.000600,0.006000,0.000000,0.000000,1,1,1,810,232,781,781,781,0,0,60.00,13321,3146,722,0,0,0,13262,494.56,494.56,0,1867,0.0000,0.4580,0.5480,0.8320,0.0890
2026-04-28T17:30:18.363,13.514,1,0.30,1.29,0.00,0.00,1,-0.0630,-0.0080,0.2570,0.0000,0.0000,0.0000,123.05,0.00,0,0.000,0.000,0.000,0,-1,0,0.000,0.7600,0.0000,63.90,56.94,811,811,1.00000,1.00000,1.00000,1.00000,0.00000,3,3,0,1,23.62157,0.03400,1.90356,0.0630,0.0080,0.0930,0.0000,0.0000,0.0000,146.95,8.80,-126.14,1,1,0.0000,0.0000,0.3500,-90.00,0.7600,0.4200,1.0000,8.00,180.00,10.000000,0.250000,0.000000,1.200000,0.000000,0.000000,1.200000,0.000000,0.000000,0.900000,0.000000,0.000000,0.850000,0.040000,0.000000,0.008000,0.000000,0.000600,0.008000,0.000000,0.000600,0.006000,0.000000,0.000000,1,1,1,811,231,781,781,781,0,0,60.00,13321,3146,722,0,0,0,13262,494.56,494.56,0,1867,0.0000,0.4580,0.5480,0.8320,0.0890
2026-04-28T17:30:18.381,13.532,1,0.30,1.29,0.00,0.00,1,-0.0631,-0.0077,0.2569,0.0000,0.0000,0.0000,123.13,-4.41,0,0.000,0.000,0.000,0,-1,0,0.000,0.7600,0.0000,65.42,67.75,812,812,1.00000,1.00000,1.00000,1.00000,0.00000,3,3,0,1,23.67689,0.03410,1.90404,0.0631,0.0077,0.0931,0.0000,0.0000,0.0000,146.87,8.82,-126.14,1,1,0.0000,0.0000,0.3500,-90.00,0.7600,0.4200,1.0000,8.00,180.00,10.000000,0.250000,0.000000,1.200000,0.000000,0.000000,1.200000,0.000000,0.000000,0.900000,0.000000,0.000000,0.850000,0.040000,0.000000,0.008000,0.000000,0.000600,0.008000,0.000000,0.000600,0.006000,0.000000,0.000000,1,1,1,812,232,781,781,781,0,0,60.00,13321,3146,722,0,0,0,13262,494.56,494.56,0,1867,0.0000,0.4580,0.5480,0.8320,0.0890
2026-04-28T17:30:18.394,13.545,1,0.30,1.29,0.00,0.00,1,-0.0630,-0.0078,0.2570,0.0000,0.0000,0.0000,123.06,5.03,0,0.000,0.000,0.000,0,-1,0,0.000,0.7600,0.0000,54.92,55.12,813,813,1.00000,1.00000,1.00000,1.00000,0.00000,3,3,0,1,23.63188,0.03404,1.90262,0.0630,0.0078,0.0930,0.0000,0.0000,0.0000,146.94,8.81,-126.13,1,1,0.0000,0.0000,0.3500,-90.00,0.7600,0.4200,1.0000,8.00,180.00,10.000000,0.250000,0.000000,1.200000,0.000000,0.000000,1.200000,0.000000,0.000000,0.900000,0.000000,0.000000,0.850000,0.040000,0.000000,0.008000,0.000000,0.000600,0.008000,0.000000,0.000600,0.006000,0.000000,0.000000,1,1,1,813,232,781,781,781,0,0,60.00,13321,3146,812,0,0,0,13352,334.22,334.22,3,681,0.0000,0.4570,0.5480,0.8320,0.0890
2026-04-28T17:30:18.413,13.563,1,0.30,1.29,0.00,0.00,1,-0.0631,-0.0079,0.2571,0.0000,0.0000,0.0000,123.11,-2.68,0,0.000,0.000,0.000,0,-1,0,0.000,0.7600,0.0000,84.58,56.86,814,814,1.00000,1.00000,1.00000,1.00000,0.00000,3,3,0,1,23.61348,0.03404,1.90427,0.0631,0.0079,0.0929,0.0000,0.0000,0.0000,146.89,8.78,-126.13,1,1,0.0000,0.0000,0.3500,-90.00,0.7600,0.4200,1.0000,8.00,180.00,10.000000,0.250000,0.000000,1.200000,0.000000,0.000000,1.200000,0.000000,0.000000,0.900000,0.000000,0.000000,0.850000,0.040000,0.000000,0.008000,0.000000,0.000600,0.008000,0.000000,0.000600,0.006000,0.000000,0.000000,1,1,1,814,232,781,781,781,0,0,60.00,13321,3146,812,0,0,0,13352,334.22,334.22,3,681,0.0000,0.4570,0.5480,0.8320,0.0890
2026-04-28T17:30:18.431,13.582,1,0.30,1.29,0.00,0.00,1,-0.0631,-0.0077,0.2569,0.0000,0.0000,0.0000,123.17,-3.46,0,0.000,0.000,0.000,0,-1,0,0.000,0.7600,0.0000,49.82,59.36,815,815,1.00000,1.00000,1.00000,1.00000,0.00000,3,3,0,1,23.68118,0.03395,1.90239,0.0631,0.0077,0.0931,0.0000,0.0000,0.0000,146.83,8.76,-126.13,1,1,0.0000,0.0000,0.3500,-90.00,0.7600,0.4200,1.0000,8.00,180.00,10.000000,0.250000,0.000000,1.200000,0.000000,0.000000,1.200000,0.000000,0.000000,0.900000,0.000000,0.000000,0.850000,0.040000,0.000000,0.008000,0.000000,0.000600,0.008000,0.000000,0.000600,0.006000,0.000000,0.000000,1,1,1,815,232,781,781,781,0,0,60.00,13321,3146,812,0,0,0,13352,334.22,334.22,3,681,0.0000,0.4570,0.5480,0.8320,0.0890
2026-04-28T17:30:18.446,13.596,1,0.30,1.29,0.00,0.00,1,-0.0631,-0.0080,0.2570,0.0000,0.0103,0.0000,123.10,4.49,0,0.000,0.000,0.000,0,-1,0,0.000,0.7600,0.0000,55.62,64.13,816,816,1.00000,1.00000,1.00000,1.00000,0.00000,3,3,0,1,23.65078,0.03410,1.90551,0.0631,0.0080,0.0930,0.0000,0.0103,0.0000,146.90,8.82,-126.11,1,1,0.0000,0.0000,0.3500,-90.00,0.7600,0.4200,1.0000,8.00,180.00,10.000000,0.250000,0.000000,1.200000,0.000000,0.000000,1.200000,0.000000,0.000000,0.900000,0.000000,0.000000,0.850000,0.040000,0.000000,0.008000,0.000000,0.000600,0.008000,0.000000,0.000600,0.006000,0.000000,0.000000,1,1,1,816,234,781,781,781,0,0,60.00,13321,3146,812,0,0,0,13352,334.22,334.22,3,681,0.0000,0.4570,0.5480,0.8320,0.0890
2026-04-28T17:30:18.462,13.613,1,0.30,1.29,0.00,0.00,1,-0.0630,-0.0079,0.2571,0.0000,0.0000,0.0000,123.07,1.82,0,0.000,0.000,0.000,0,-1,0,0.000,0.7600,0.0000,68.76,60.28,817,817,1.00000,1.00000,1.00000,1.00000,0.00000,3,3,0,1,23.65041,0.03387,1.90100,0.0630,0.0079,0.0929,0.0000,0.0000,0.0000,146.93,8.78,-126.16,1,1,0.0000,0.0000,0.3500,-90.00,0.7600,0.4200,1.0000,8.00,180.00,10.000000,0.250000,0.000000,1.200000,0.000000,0.000000,1.200000,0.000000,0.000000,0.900000,0.000000,0.000000,0.850000,0.040000,0.000000,0.008000,0.000000,0.000600,0.008000,0.000000,0.000600,0.006000,0.000000,0.000000,1,1,1,817,232,781,781,781,0,0,60.00,13321,3146,812,0,0,0,13352,334.22,334.22,3,681,0.0000,0.4570,0.5480,0.8320,0.0890
2026-04-28T17:30:18.480,13.631,1,0.30,1.29,0.00,0.00,1,-0.0631,-0.0079,0.2570,0.0000,0.0000,0.0000,123.06,0.60,0,0.000,0.000,0.000,0,-1,0,0.000,0.7600,0.0000,60.55,57.03,818,818,1.00000,1.00000,1.00000,1.00000,0.00000,3,3,0,1,23.63457,0.03393,1.90114,0.0631,0.0079,0.0930,0.0000,0.0000,0.0000,146.94,8.77,-126.16,1,1,0.0000,0.0000,0.3500,-90.00,0.7600,0.4200,1.0000,8.00,180.00,10.000000,0.250000,0.000000,1.200000,0.000000,0.000000,1.200000,0.000000,0.000000,0.900000,0.000000,0.000000,0.850000,0.040000,0.000000,0.008000,0.000000,0.000600,0.008000,0.000000,0.000600,0.006000,0.000000,0.000000,1,1,1,818,232,781,781,781,0,0,60.00,13321,3146,812,0,0,0,13352,334.22,334.22,3,681,0.0000,0.4570,0.5480,0.8320,0.0890
2026-04-28T17:30:18.496,13.647,1,0.30,1.29,0.00,0.00,1,-0.0630,-0.0080,0.2571,0.0000,0.0000,0.0000,123.02,2.48,0,0.000,0.000,0.000,0,-1,0,0.000,0.7600,0.0000,53.38,60.72,819,819,1.00000,1.00000,1.00000,1.00000,0.00000,3,3,0,1,23.59764,0.03394,1.90027,0.0630,0.0080,0.0929,0.0000,0.0000,0.0000,146.98,8.83,-126.16,1,1,0.0000,0.0000,0.3500,-90.00,0.7600,0.4200,1.0000,8.00,180.00,10.000000,0.250000,0.000000,1.200000,0.000000,0.000000,1.200000,0.000000,0.000000,0.900000,0.000000,0.000000,0.850000,0.040000,0.000000,0.008000,0.000000,0.000600,0.008000,0.000000,0.000600,0.006000,0.000000,0.000000,1,1,1,819,232,781,781,781,0,0,60.00,13321,3146,812,0,0,0,13352,334.22,334.22,3,681,0.0000,0.4570,0.5480,0.8320,0.0890
2026-04-28T17:30:18.513,13.663,1,0.30,1.29,0.00,0.00,1,-0.0631,-0.0079,0.2571,0.0000,0.0000,0.0000,123.04,-1.20,0,0.000,0.000,0.000,0,-1,0,0.000,0.7600,0.0000,66.04,62.11,820,820,1.00000,1.00000,1.00000,1.00000,0.00000,3,3,0,1,23.62506,0.03400,1.90339,0.0631,0.0079,0.0929,0.0000,0.0000,0.0000,146.96,8.79,-126.17,1,1,0.0000,0.0000,0.3500,-90.00,0.7600,0.4200,1.0000,8.00,180.00,10.000000,0.250000,0.000000,1.200000,0.000000,0.000000,1.200000,0.000000,0.000000,0.900000,0.000000,0.000000,0.850000,0.040000,0.000000,0.008000,0.000000,0.000600,0.008000,0.000000,0.000600,0.006000,0.000000,0.000000,1,1,1,820,232,781,781,781,0,0,60.00,13321,3146,812,0,0,0,13352,334.22,334.22,3,681,0.0000,0.4570,0.5480,0.8320,0.0890
2026-04-28T17:30:18.530,13.680,1,0.30,1.29,0.00,0.00,1,-0.0630,-0.0079,0.2571,0.0000,0.0000,0.0000,123.02,1.17,0,0.000,0.000,0.000,0,-1,0,0.000,0.7600,0.0000,60.10,58.95,821,821,1.00000,1.00000,1.00000,1.00000,0.00000,3,3,0,1,23.59927,0.03385,1.90042,0.0630,0.0079,0.0929,0.0000,0.0000,0.0000,146.98,8.78,-126.15,1,1,0.0000,0.0000,0.3500,-90.00,0.7600,0.4200,1.0000,8.00,180.00,10.000000,0.250000,0.000000,1.200000,0.000000,0.000000,1.200000,0.000000,0.000000,0.900000,0.000000,0.000000,0.850000,0.040000,0.000000,0.008000,0.000000,0.000600,0.008000,0.000000,0.000600,0.006000,0.000000,0.000000,1,1,1,821,232,781,781,781,0,0,60.00,13321,3146,812,0,0,0,13352,334.22,334.22,3,681,0.0000,0.4570,0.5480,0.8320,0.0890
2026-04-28T17:30:18.548,13.699,1,0.30,1.29,0.00,0.00,1,-0.0631,-0.0079,0.2571,0.0000,0.0000,0.0000,123.04,-1.05,0,0.000,0.000,0.000,0,-1,0,0.000,0.7600,0.0000,61.04,56.00,822,822,1.00000,1.00000,1.00000,1.00000,0.00000,3,3,0,1,23.62506,0.03400,1.90339,0.0631,0.0079,0.0929,0.0000,0.0000,0.0000,146.96,8.77,-126.16,1,1,0.0000,0.0000,0.3500,-90.00,0.7600,0.4200,1.0000,8.00,180.00,10.000000,0.250000,0.000000,1.200000,0.000000,0.000000,1.200000,0.000000,0.000000,0.900000,0.000000,0.000000,0.850000,0.040000,0.000000,0.008000,0.000000,0.000600,0.008000,0.000000,0.000600,0.006000,0.000000,0.000000,1,1,1,822,232,781,781,781,0,0,60.00,13321,3146,812,0,0,0,13352,334.22,334.22,3,681,0.0000,0.4570,0.5480,0.8320,0.0890
2026-04-28T17:30:18.565,13.715,1,0.30,1.29,0.00,0.00,1,-0.0630,-0.0079,0.2571,0.0000,0.0000,0.0000,123.02,1.19,0,0.000,0.000,0.000,0,-1,0,0.000,0.7600,0.0000,56.40,62.97,823,823,1.00000,1.00000,1.00000,1.00000,0.00000,3,3,0,1,23.59963,0.03387,1.90068,0.0630,0.0079,0.0929,0.0000,0.0000,0.0000,146.98,8.77,-126.15,1,1,0.0000,0.0000,0.3500,-90.00,0.7600,0.4200,1.0000,8.00,180.00,10.000000,0.250000,0.000000,1.200000,0.000000,0.000000,1.200000,0.000000,0.000000,0.900000,0.000000,0.000000,0.850000,0.040000,0.000000,0.008000,0.000000,0.000600,0.008000,0.000000,0.000600,0.006000,0.000000,0.000000,1,1,1,823,232,781,781,781,0,0,60.00,13321,3146,812,0,0,0,13352,334.22,334.22,3,681,0.0000,0.4570,0.5480,0.8320,0.0890
2026-04-28T17:30:18.582,13.733,1,0.30,1.29,0.00,0.00,1,-0.0631,-0.0079,0.2570,0.0000,0.0000,0.0000,123.04,-1.22,0,0.000,0.000,0.000,0,-1,0,0.000,0.7600,0.0000,56.24,61.32,824,824,1.00000,1.00000,1.00000,1.00000,0.00000,3,3,0,1,23.64774,0.03403,1.90500,0.0631,0.0079,0.0930,0.0000,0.0000,0.0000,146.96,8.76,-126.15,1,1,0.0000,0.0000,0.3500,-90.00,0.7600,0.4200,1.0000,8.00,180.00,10.000000,0.250000,0.000000,1.200000,0.000000,0.000000,1.200000,0.000000,0.000000,0.900000,0.000000,0.000000,0.850000,0.040000,0.000000,0.008000,0.000000,0.000600,0.008000,0.000000,0.000600,0.006000,0.000000,0.000000,1,1,1,824,232,781,781,781,0,0,60.00,13321,3146,812,0,0,0,13352,334.22,334.22,3,681,0.0000,0.4570,0.5480,0.8320,0.0890
2026-04-28T17:30:18.598,13.749,1,0.30,1.29,0.00,0.00,1,-0.0630,-0.0078,0.2570,0.0000,0.0000,0.0000,123.09,-3.09,0,0.000,0.000,0.000,0,-1,0,0.000,0.7600,0.0000,57.45,62.69,825,825,1.00000,1.00000,1.00000,1.00000,0.00000,3,3,0,1,23.64887,0.03396,1.90134,0.0630,0.0078,0.0930,0.0000,0.0000,0.0000,146.91,8.79,-126.12,1,1,0.0000,0.0000,0.3500,-90.00,0.7600,0.4200,1.0000,8.00,180.00,10.000000,0.250000,0.000000,1.200000,0.000000,0.000000,1.200000,0.000000,0.000000,0.900000,0.000000,0.000000,0.850000,0.040000,0.000000,0.008000,0.000000,0.000600,0.008000,0.000000,0.000600,0.006000,0.000000,0.000000,1,1,1,825,232,781,781,781,0,0,60.00,13321,3146,812,0,0,0,13352,334.22,334.22,3,681,0.0000,0.4570,0.5480,0.8320,0.0890
2026-04-28T17:30:18.614,13.765,1,0.30,1.29,0.00,0.00,1,-0.0630,-0.0077,0.2572,0.0000,0.0000,0.0000,123.15,-3.81,0,0.000,0.000,0.000,0,-1,0,0.000,0.7600,0.0000,56.04,56.93,826,826,1.00000,1.00000,1.00000,1.00000,0.00000,3,3,0,1,23.64578,0.03386,1.89820,0.0630,0.0077,0.0928,0.0000,0.0000,0.0000,146.85,8.78,-126.12,1,1,0.0000,0.0000,0.3500,-90.00,0.7600,0.4200,1.0000,8.00,180.00,10.000000,0.250000,0.000000,1.200000,0.000000,0.000000,1.200000,0.000000,0.000000,0.900000,0.000000,0.000000,0.850000,0.040000,0.000000,0.008000,0.000000,0.000600,0.008000,0.000000,0.000600,0.006000,0.000000,0.000000,1,1,1,826,232,781,781,781,0,0,60.00,13321,3146,812,0,0,0,13352,334.22,334.22,3,681,0.0000,0.4570,0.5480,0.8320,0.0890
2026-04-28T17:30:18.630,13.781,1,0.30,1.29,0.00,0.00,1,-0.0631,-0.0077,0.2572,0.0000,0.0000,0.0000,123.15,0.00,0,0.000,0.000,0.000,0,-1,0,0.000,0.7600,0.0000,73.86,93.19,827,827,1.00000,1.00000,1.00000,1.00000,0.00000,3,3,0,1,23.60942,0.03402,1.90206,0.0631,0.0077,0.0928,0.0000,0.0000,0.0000,146.85,8.74,-126.12,1,1,0.0000,0.0000,0.3500,-90.00,0.7600,0.4200,1.0000,8.00,180.00,10.000000,0.250000,0.000000,1.200000,0.000000,0.000000,1.200000,0.000000,0.000000,0.900000,0.000000,0.000000,0.850000,0.040000,0.000000,0.008000,0.000000,0.000600,0.008000,0.000000,0.000600,0.006000,0.000000,0.000000,1,1,1,827,232,781,781,781,0,0,60.00,13321,3146,812,0,0,0,13352,334.22,334.22,3,681,0.0000,0.4570,0.5480,0.8320,0.0890
2026-04-28T17:30:18.646,13.797,1,0.30,1.29,0.00,0.00,1,-0.0630,-0.0077,0.2571,0.0000,0.0000,0.0000,123.12,1.81,0,0.000,0.000,0.000,0,-1,0,0.000,0.7600,0.0000,60.63,44.45,828,828,1.00000,1.00000,1.00000,1.00000,0.00000,3,3,0,1,23.60809,0.03399,1.90039,0.0630,0.0077,0.0929,0.0000,0.0000,0.0000,146.88,8.75,-126.13,1,1,0.0000,0.0000,0.3500,-90.00,0.7600,0.4200,1.0000,8.00,180.00,10.000000,0.250000,0.000000,1.200000,0.000000,0.000000,1.200000,0.000000,0.000000,0.900000,0.000000,0.000000,0.850000,0.040000,0.000000,0.008000,0.000000,0.000600,0.008000,0.000000,0.000600,0.006000,0.000000,0.000000,1,1,1,828,232,781,781,781,0,0,60.00,13321,3146,812,0,0,0,13352,334.22,334.22,3,681,0.0000,0.4570,0.5480,0.8320,0.0890
2026-04-28T17:30:18.666,13.816,1,0.30,1.29,0.00,0.00,1,-0.0630,-0.0078,0.2570,0.0000,0.0000,0.0000,123.11,0.49,0,0.000,0.000,0.000,0,-1,0,0.000,0.7600,0.0000,59.18,58.35,829,829,1.00000,1.00000,1.00000,1.00000,0.00000,3,3,0,1,23.66742,0.03402,1.90289,0.0630,0.0078,0.0930,0.0000,0.0000,0.0000,146.89,8.79,-126.17,1,1,0.0000,0.0000,0.3500,-90.00,0.7600,0.4200,1.0000,8.00,180.00,10.000000,0.250000,0.000000,1.200000,0.000000,0.000000,1.200000,0.000000,0.000000,0.900000,0.000000,0.000000,0.850000,0.040000,0.000000,0.008000,0.000000,0.000600,0.008000,0.000000,0.000600,0.006000,0.000000,0.000000,1,1,1,829,232,781,781,781,0,0,60.00,13321,3146,812,0,0,0,13352,334.22,334.22,3,681,0.0000,0.4570,0.5480,0.8320,0.0890
2026-04-28T17:30:18.681,13.832,1,0.30,1.29,0.00,0.00,1,-0.0630,-0.0080,0.2571,0.0000,0.0000,0.0000,123.08,1.90,0,0.000,0.000,0.000,0,-1,0,0.000,0.7600,0.0000,49.13,90.23,830,830,1.00000,1.00000,1.00000,1.00000,0.00000,3,3,0,1,23.59711,0.03393,1.90139,0.0630,0.0080,0.0929,0.0000,0.0000,0.0000,146.92,8.79,-126.16,1,1,0.0000,0.0000,0.3500,-90.00,0.7600,0.4200,1.0000,8.00,180.00,10.000000,0.250000,0.000000,1.200000,0.000000,0.000000,1.200000,0.000000,0.000000,0.900000,0.000000,0.000000,0.850000,0.040000,0.000000,0.008000,0.000000,0.000600,0.008000,0.000000,0.000600,0.006000,0.000000,0.000000,1,1,1,830,232,781,781,781,0,0,60.00,13321,3146,812,0,0,0,13352,334.22,334.22,3,681,0.0000,0.4570,0.5480,0.8320,0.0890
2026-04-28T17:30:18.696,13.847,1,0.30,1.29,0.00,0.00,1,-0.0631,-0.0078,0.2572,0.0000,0.0000,0.0000,123.14,-4.14,0,0.000,0.000,0.000,0,-1,0,0.000,0.7600,0.0000,64.37,64.37,831,831,1.00000,1.00000,1.00000,1.00000,0.00000,3,3,0,1,23.61795,0.03400,1.89951,0.0631,0.0078,0.0928,0.0000,0.0000,0.0000,146.86,8.79,-126.13,1,1,0.0000,0.0000,0.3500,-90.00,0.7600,0.4200,1.0000,8.00,180.00,10.000000,0.250000,0.000000,1.200000,0.000000,0.000000,1.200000,0.000000,0.000000,0.900000,0.000000,0.000000,0.850000,0.040000,0.000000,0.008000,0.000000,0.000600,0.008000,0.000000,0.000600,0.006000,0.000000,0.000000,1,1,1,831,232,781,781,781,0,0,60.00,13321,3146,812,0,0,0,13352,334.22,334.22,3,681,0.0000,0.4570,0.5480,0.8320,0.0890
2026-04-28T17:30:18.716,13.866,1,0.30,1.29,0.00,0.00,1,-0.0631,-0.0079,0.2571,0.0000,0.0000,0.0000,123.10,2.14,0,0.000,0.000,0.000,0,-1,0,0.000,0.7600,0.0000,67.99,43.60,832,832,1.00000,1.00000,1.00000,1.00000,0.00000,3,3,0,1,23.62506,0.03400,1.90339,0.0631,0.0079,0.0929,0.0000,0.0000,0.0000,146.90,8.77,-126.15,1,1,0.0000,0.0000,0.3500,-90.00,0.7600,0.4200,1.0000,8.00,180.00,10.000000,0.250000,0.000000,1.200000,0.000000,0.000000,1.200000,0.000000,0.000000,0.900000,0.000000,0.000000,0.850000,0.040000,0.000000,0.008000,0.000000,0.000600,0.008000,0.000000,0.000600,0.006000,0.000000,0.000000,1,1,1,832,231,781,781,781,0,0,60.00,13321,3146,812,0,0,0,13352,334.22,334.22,3,681,0.0000,0.4570,0.5480,0.8320,0.0890
2026-04-28T17:30:18.731,13.882,1,0.30,1.29,0.00,0.00,1,-0.0630,-0.0078,0.2573,0.0000,0.0000,0.0000,123.11,-0.60,0,0.000,0.000,0.000,0,-1,0,0.000,0.7600,0.0000,54.64,61.72,833,833,1.00000,1.00000,1.00000,1.00000,0.00000,3,3,0,1,23.61087,0.03387,1.89824,0.0630,0.0078,0.0927,0.0000,0.0000,0.0000,146.89,8.76,-126.14,1,1,0.0000,0.0000,0.3500,-90.00,0.7600,0.4200,1.0000,8.00,180.00,10.000000,0.250000,0.000000,1.200000,0.000000,0.000000,1.200000,0.000000,0.000000,0.900000,0.000000,0.000000,0.850000,0.040000,0.000000,0.008000,0.000000,0.000600,0.008000,0.000000,0.000600,0.006000,0.000000,0.000000,1,1,1,833,232,781,781,781,0,0,60.00,13321,3146,812,0,0,0,13352,334.22,334.22,3,681,0.0000,0.4570,0.5480,0.8320,0.0890
2026-04-28T17:30:18.748,13.899,1,0.30,1.29,0.00,0.00,1,-0.0630,-0.0080,0.2571,0.0000,0.0000,0.0000,123.04,4.32,0,0.000,0.000,0.000,0,-1,0,0.000,0.7600,0.0000,68.72,118.73,834,834,1.00000,1.00000,1.00000,1.00000,0.00000,3,3,0,1,23.62745,0.03395,1.90227,0.0630,0.0080,0.0929,0.0000,0.0000,0.0000,146.96,8.79,-126.13,1,1,0.0000,0.0000,0.3500,-90.00,0.7600,0.4200,1.0000,8.00,180.00,10.000000,0.250000,0.000000,1.200000,0.000000,0.000000,1.200000,0.000000,0.000000,0.900000,0.000000,0.000000,0.850000,0.040000,0.000000,0.008000,0.000000,0.000600,0.008000,0.000000,0.000600,0.006000,0.000000,0.000000,1,1,1,834,232,781,781,781,0,0,60.00,13321,3146,812,0,0,0,13352,334.22,334.22,3,681,0.0000,0.4570,0.5480,0.8320,0.0890
2026-04-28T17:30:18.766,13.916,1,0.30,1.29,0.00,0.00,1,-0.0631,-0.0078,0.2571,0.0000,0.0000,0.0000,123.10,-3.50,0,0.000,0.000,0.000,0,-1,0,0.000,0.7600,0.0000,54.90,39.72,835,835,1.00000,1.00000,1.00000,1.00000,0.00000,3,3,0,1,23.60761,0.03397,1.90150,0.0631,0.0078,0.0929,0.0000,0.0000,0.0000,146.90,8.72,-126.12,1,1,0.0000,0.0000,0.3500,-90.00,0.7600,0.4200,1.0000,8.00,180.00,10.000000,0.250000,0.000000,1.200000,0.000000,0.000000,1.200000,0.000000,0.000000,0.900000,0.000000,0.000000,0.850000,0.040000,0.000000,0.008000,0.000000,0.000600,0.008000,0.000000,0.000600,0.006000,0.000000,0.000000,1,1,1,835,231,781,781,781,0,0,60.00,13321,3146,812,0,0,0,13352,334.22,334.22,3,681,0.0000,0.4570,0.5480,0.8320,0.0890
2026-04-28T17:30:18.781,13.931,1,0.30,1.29,0.00,0.00,1,-0.0631,-0.0078,0.2572,0.0000,0.0000,0.0000,123.09,0.66,0,0.000,0.000,0.000,0,-1,0,0.000,0.7600,0.0000,55.06,58.61,836,836,1.00000,1.00000,1.00000,1.00000,0.00000,3,3,0,1,23.64825,0.03395,1.90197,0.0631,0.0078,0.0928,0.0000,0.0000,0.0000,146.91,8.74,-126.16,1,1,0.0000,0.0000,0.3500,-90.00,0.7600,0.4200,1.0000,8.00,180.00,10.000000,0.250000,0.000000,1.200000,0.000000,0.000000,1.200000,0.000000,0.000000,0.900000,0.000000,0.000000,0.850000,0.040000,0.000000,0.008000,0.000000,0.000600,0.008000,0.000000,0.000600,0.006000,0.000000,0.000000,1,1,1,836,232,781,781,781,0,0,60.00,13321,3146,812,0,0,0,13352,334.22,334.22,3,681,0.0000,0.4570,0.5480,0.8320,0.0890
2026-04-28T17:30:18.798,13.949,1,0.30,1.29,0.00,0.00,1,-0.0631,-0.0079,0.2570,0.0000,0.0000,0.0000,123.07,1.18,0,0.000,0.000,0.000,0,-1,0,0.000,0.7600,0.0000,66.28,69.50,837,837,1.00000,1.00000,1.00000,1.00000,0.00000,3,3,0,1,23.65265,0.03398,1.90566,0.0631,0.0079,0.0930,0.0000,0.0000,0.0000,146.93,8.74,-126.16,1,1,0.0000,0.0000,0.3500,-90.00,0.7600,0.4200,1.0000,8.00,180.00,10.000000,0.250000,0.000000,1.200000,0.000000,0.000000,1.200000,0.000000,0.000000,0.900000,0.000000,0.000000,0.850000,0.040000,0.000000,0.008000,0.000000,0.000600,0.008000,0.000000,0.000600,0.006000,0.000000,0.000000,1,1,1,837,232,781,781,781,0,0,60.00,13321,3146,812,0,0,0,13352,334.22,334.22,3,681,0.0000,0.4570,0.5480,0.8320,0.0890
2026-04-28T17:30:18.814,13.965,1,0.30,1.29,0.00,0.00,1,-0.0630,-0.0079,0.2569,0.0000,0.0000,0.0000,123.06,0.57,0,0.000,0.000,0.000,0,-1,0,0.000,0.7600,0.0000,64.25,65.33,838,838,1.00000,1.00000,1.00000,1.00000,0.00000,3,3,0,1,23.61441,0.03394,1.90175,0.0630,0.0079,0.0931,0.0000,0.0000,0.0000,146.94,8.78,-126.15,1,1,0.0000,0.0000,0.3500,-90.00,0.7600,0.4200,1.0000,8.00,180.00,10.000000,0.250000,0.000000,1.200000,0.000000,0.000000,1.200000,0.000000,0.000000,0.900000,0.000000,0.000000,0.850000,0.040000,0.000000,0.008000,0.000000,0.000600,0.008000,0.000000,0.000600,0.006000,0.000000,0.000000,1,1,1,838,232,781,781,781,0,0,60.00,13321,3146,812,0,0,0,13352,334.22,334.22,3,681,0.0000,0.4570,0.5480,0.8320,0.0890
2026-04-28T17:30:18.832,13.982,1,0.30,1.29,0.00,0.00,1,-0.0629,-0.0080,0.2570,0.0000,0.0000,0.0000,122.99,4.21,0,0.000,0.000,0.000,0,-1,0,0.000,0.7600,0.0000,55.95,63.09,839,839,1.00000,1.00000,1.00000,1.00000,0.00000,3,3,0,1,23.65424,0.03391,1.90007,0.0629,0.0080,0.0930,0.0000,0.0000,0.0000,147.01,8.87,-126.17,1,1,0.0000,0.0000,0.3500,-90.00,0.7600,0.4200,1.0000,8.00,180.00,10.000000,0.250000,0.000000,1.200000,0.000000,0.000000,1.200000,0.000000,0.000000,0.900000,0.000000,0.000000,0.850000,0.040000,0.000000,0.008000,0.000000,0.000600,0.008000,0.000000,0.000600,0.006000,0.000000,0.000000,1,1,1,839,229,781,781,781,0,0,60.00,13321,3146,812,0,0,0,13352,334.22,334.22,3,681,0.0000,0.4570,0.5480,0.8320,0.0890
2026-04-28T17:30:18.849,14.000,1,0.30,1.29,0.00,0.00,1,-0.0630,-0.0077,0.2570,0.0000,0.0000,0.0000,123.09,-5.85,0,0.000,0.000,0.000,0,-1,0,0.000,0.7600,0.0000,60.09,47.66,840,840,1.00000,1.00000,1.00000,1.00000,0.00000,3,3,0,1,23.67280,0.03406,1.90377,0.0630,0.0077,0.0930,0.0000,0.0000,0.0000,146.91,8.82,-126.14,1,1,0.0000,0.0000,0.3500,-90.00,0.7600,0.4200,1.0000,8.00,180.00,10.000000,0.250000,0.000000,1.200000,0.000000,0.000000,1.200000,0.000000,0.000000,0.900000,0.000000,0.000000,0.850000,0.040000,0.000000,0.008000,0.000000,0.000600,0.008000,0.000000,0.000600,0.006000,0.000000,0.000000,1,1,1,840,232,781,781,781,0,0,60.00,13321,3146,812,0,0,0,13352,334.22,334.22,3,681,0.0000,0.4570,0.5480,0.8320,0.0890
2026-04-28T17:30:18.866,14.017,1,0.30,1.29,0.00,0.00,1,-0.0631,-0.0078,0.2571,0.0000,0.0000,0.0000,123.07,1.20,0,0.000,0.000,0.000,0,-1,0,0.000,0.7600,0.0000,58.54,62.45,841,841,1.00000,1.00000,1.00000,1.00000,0.00000,3,3,0,1,23.62506,0.03400,1.90339,0.0631,0.0078,0.0929,0.0000,0.0000,0.0000,146.93,8.78,-126.16,1,1,0.0000,0.0000,0.3500,-90.00,0.7600,0.4200,1.0000,8.00,180.00,10.000000,0.250000,0.000000,1.200000,0.000000,0.000000,1.200000,0.000000,0.000000,0.900000,0.000000,0.000000,0.850000,0.040000,0.000000,0.008000,0.000000,0.000600,0.008000,0.000000,0.000600,0.006000,0.000000,0.000000,1,1,1,841,232,781,781,781,0,0,60.00,13321,3146,812,0,0,0,13352,334.22,334.22,3,681,0.0000,0.4570,0.5480,0.8320,0.0890
2026-04-28T17:30:18.882,14.033,1,0.30,1.29,0.00,0.00,1,-0.0631,-0.0076,0.2569,0.0000,0.0000,0.0000,123.14,-4.30,0,0.000,0.000,0.000,0,-1,0,0.000,0.7600,0.0000,60.06,95.26,842,842,1.00000,1.00000,1.00000,1.00000,0.00000,3,3,0,1,23.66536,0.03400,1.90206,0.0631,0.0076,0.0931,0.0000,0.0000,0.0000,146.86,8.78,-126.14,1,1,0.0000,0.0000,0.3500,-90.00,0.7600,0.4200,1.0000,8.00,180.00,10.000000,0.250000,0.000000,1.200000,0.000000,0.000000,1.200000,0.000000,0.000000,0.900000,0.000000,0.000000,0.850000,0.040000,0.000000,0.008000,0.000000,0.000600,0.008000,0.000000,0.000600,0.006000,0.000000,0.000000,1,1,1,842,232,781,781,781,0,0,60.00,13321,3146,812,0,0,0,13352,334.22,334.22,3,681,0.0000,0.4570,0.5480,0.8320,0.0890
2026-04-28T17:30:18.896,14.047,1,0.30,1.29,0.00,0.00,1,-0.0630,-0.0078,0.2570,0.0000,0.0000,0.0000,123.04,6.82,0,0.000,0.000,0.000,0,-1,0,0.000,0.7600,0.0000,60.67,42.54,843,843,1.00000,1.00000,1.00000,1.00000,0.00000,3,3,0,1,23.63352,0.03398,1.90282,0.0630,0.0078,0.0930,0.0000,0.0000,0.0000,146.96,8.80,-126.16,1,1,0.0000,0.0000,0.3500,-90.00,0.7600,0.4200,1.0000,8.00,180.00,10.000000,0.250000,0.000000,1.200000,0.000000,0.000000,1.200000,0.000000,0.000000,0.900000,0.000000,0.000000,0.850000,0.040000,0.000000,0.008000,0.000000,0.000600,0.008000,0.000000,0.000600,0.006000,0.000000,0.000000,1,1,1,843,231,841,841,840,0,0,60.00,13381,3405,812,0,0,0,13352,334.22,334.22,3,681,0.0000,0.4570,0.5480,0.8320,0.0890
2026-04-28T17:30:18.915,14.065,1,0.30,1.29,0.00,0.00,1,-0.0630,-0.0079,0.2572,0.0000,0.0000,0.0000,123.06,-1.10,0,0.000,0.000,0.000,0,-1,0,0.000,0.7600,0.0000,69.07,60.69,844,844,1.00000,1.00000,1.00000,1.00000,0.00000,3,3,0,1,23.58591,0.03395,1.89992,0.0630,0.0079,0.0928,0.0000,0.0000,0.0000,146.94,8.78,-126.13,1,1,0.0000,0.0000,0.3500,-90.00,0.7600,0.4200,1.0000,8.00,180.00,10.000000,0.250000,0.000000,1.200000,0.000000,0.000000,1.200000,0.000000,0.000000,0.900000,0.000000,0.000000,0.850000,0.040000,0.000000,0.008000,0.000000,0.000600,0.008000,0.000000,0.000600,0.006000,0.000000,0.000000,1,1,1,844,232,841,841,840,0,0,60.00,13381,3405,842,0,0,0,13382,336.25,336.25,3,327,0.0000,0.4570,0.5480,0.8320,0.0890
2026-04-28T17:30:18.932,14.082,1,0.30,1.29,0.00,0.00,1,-0.0631,-0.0077,0.2571,0.0000,0.0000,0.0000,123.16,-5.88,0,0.000,0.000,0.000,0,-1,0,0.000,0.7600,0.0000,54.41,59.30,845,845,1.00000,1.00000,1.00000,1.00000,0.00000,3,3,0,1,23.64392,0.03402,1.90444,0.0631,0.0077,0.0929,0.0000,0.0000,0.0000,146.84,8.70,-126.11,1,1,0.0000,0.0000,0.3500,-90.00,0.7600,0.4200,1.0000,8.00,180.00,10.000000,0.250000,0.000000,1.200000,0.000000,0.000000,1.200000,0.000000,0.000000,0.900000,0.000000,0.000000,0.850000,0.040000,0.000000,0.008000,0.000000,0.000600,0.008000,0.000000,0.000600,0.006000,0.000000,0.000000,1,1,1,845,231,841,841,840,0,0,60.00,13381,3405,842,0,0,0,13382,336.25,336.25,3,327,0.0000,0.4570,0.5480,0.8320,0.0890
2026-04-28T17:30:18.947,14.098,1,0.30,1.29,0.00,0.00,1,-0.0631,-0.0079,0.2570,0.0000,0.0000,0.0000,123.11,3.17,0,0.000,0.000,0.000,0,-1,0,0.000,0.7600,0.0000,59.21,61.47,846,846,1.00000,1.00000,1.00000,1.00000,0.00000,3,3,0,1,23.61441,0.03394,1.90175,0.0631,0.0079,0.0930,0.0000,0.0000,0.0000,146.89,8.76,-126.13,1,1,0.0000,0.0000,0.3500,-90.00,0.7600,0.4200,1.0000,8.00,180.00,10.000000,0.250000,0.000000,1.200000,0.000000,0.000000,1.200000,0.000000,0.000000,0.900000,0.000000,0.000000,0.850000,0.040000,0.000000,0.008000,0.000000,0.000600,0.008000,0.000000,0.000600,0.006000,0.000000,0.000000,1,1,1,846,232,841,841,840,0,0,60.00,13381,3405,842,0,0,0,13382,336.25,336.25,3,327,0.0000,0.4570,0.5480,0.8320,0.0890
2026-04-28T17:30:18.965,14.116,1,0.30,1.29,0.00,0.00,1,-0.0631,-0.0079,0.2571,0.0000,0.0000,0.0000,123.08,1.72,0,0.000,0.000,0.000,0,-1,0,0.000,0.7600,0.0000,61.54,60.67,847,847,1.00000,1.00000,1.00000,1.00000,0.00000,3,3,0,1,23.62506,0.03400,1.90339,0.0631,0.0079,0.0929,0.0000,0.0000,0.0000,146.92,8.76,-126.15,1,1,0.0000,0.0000,0.3500,-90.00,0.7600,0.4200,1.0000,8.00,180.00,10.000000,0.250000,0.000000,1.200000,0.000000,0.000000,1.200000,0.000000,0.000000,0.900000,0.000000,0.000000,0.850000,0.040000,0.000000,0.008000,0.000000,0.000600,0.008000,0.000000,0.000600,0.006000,0.000000,0.000000,1,1,1,847,232,841,841,840,0,0,60.00,13381,3405,842,0,0,0,13382,336.25,336.25,3,327,0.0000,0.4570,0.5480,0.8320,0.0890
2026-04-28T17:30:18.981,14.132,1,0.30,1.29,0.00,0.00,1,-0.0631,-0.0079,0.2571,0.0000,0.0000,0.0000,123.07,0.58,0,0.000,0.000,0.000,0,87,0,0.000,0.7600,0.0000,55.81,46.41,848,848,1.00000,1.00000,1.00000,1.00000,0.00000,3,3,0,1,23.62506,0.03400,1.90339,0.0631,0.0079,0.0929,0.0000,0.0000,0.0000,146.93,8.75,-126.16,1,1,0.0000,0.0000,0.3500,-90.00,0.7600,0.4200,1.0000,8.00,180.00,10.000000,0.250000,0.000000,1.200000,0.000000,0.000000,1.200000,0.000000,0.000000,0.900000,0.000000,0.000000,0.850000,0.040000,0.000000,0.008000,0.000000,0.000600,0.008000,0.000000,0.000600,0.006000,0.000000,0.000000,1,1,1,848,232,841,841,840,0,0,60.00,13381,3405,842,0,0,0,13382,336.25,336.25,3,327,0.0000,0.4570,0.5480,0.8320,0.0890
2026-04-28T17:30:18.999,14.150,1,0.30,1.29,0.00,0.00,1,-0.0630,-0.0080,0.2571,0.0000,0.0000,0.0000,123.07,0.00,0,0.000,0.000,0.000,0,87,0,0.000,0.7600,0.0000,70.12,284.98,849,849,1.00000,1.00000,1.00000,1.00000,0.00000,3,3,0,1,23.64698,0.03395,1.90216,0.0630,0.0080,0.0929,0.0000,0.0000,0.0000,146.93,8.78,-126.16,1,1,0.0000,0.0000,0.3500,-90.00,0.7600,0.4200,1.0000,8.00,180.00,10.000000,0.250000,0.000000,1.200000,0.000000,0.000000,1.200000,0.000000,0.000000,0.900000,0.000000,0.000000,0.850000,0.040000,0.000000,0.008000,0.000000,0.000600,0.008000,0.000000,0.000600,0.006000,0.000000,0.000000,1,1,1,849,232,841,841,840,0,0,60.00,13381,3405,842,0,0,0,13382,336.25,336.25,3,327,0.0000,0.4570,0.5480,0.8320,0.0890
2026-04-28T17:30:19.014,14.165,1,0.30,1.29,0.00,0.00,1,-0.0630,-0.0079,0.2570,0.0000,0.0000,0.0000,123.12,-3.00,0,0.000,0.000,0.000,0,87,0,0.000,0.7600,0.0000,52.22,48.49,850,850,1.00000,1.00000,1.00000,1.00000,0.00000,3,3,0,1,23.61565,0.03407,1.90365,0.0630,0.0079,0.0930,0.0000,0.0000,0.0000,146.88,8.78,-126.12,1,1,0.0000,0.0000,0.3500,-90.00,0.7600,0.4200,1.0000,8.00,180.00,10.000000,0.250000,0.000000,1.200000,0.000000,0.000000,1.200000,0.000000,0.000000,0.900000,0.000000,0.000000,0.850000,0.040000,0.000000,0.008000,0.000000,0.000600,0.008000,0.000000,0.000600,0.006000,0.000000,0.000000,1,1,1,850,232,841,841,840,0,0,60.00,13381,3405,842,0,0,0,13382,336.25,336.25,3,327,0.0000,0.4570,0.5480,0.8320,0.0890
2026-04-28T17:30:19.034,14.184,1,0.30,1.29,0.00,0.00,1,-0.0630,-0.0079,0.2570,0.0000,0.0000,0.0000,123.09,1.60,0,0.000,0.000,0.000,0,87,0,0.000,0.7600,0.0000,73.23,82.08,851,851,1.00000,1.00000,1.00000,1.00000,0.00000,3,3,0,1,23.61971,0.03399,1.90214,0.0630,0.0079,0.0930,0.0000,0.0000,0.0000,146.91,8.79,-126.15,1,1,0.0000,0.0000,0.3500,-90.00,0.7600,0.4200,1.0000,8.00,180.00,10.000000,0.250000,0.000000,1.200000,0.000000,0.000000,1.200000,0.000000,0.000000,0.900000,0.000000,0.000000,0.850000,0.040000,0.000000,0.008000,0.000000,0.000600,0.008000,0.000000,0.000600,0.006000,0.000000,0.000000,1,1,1,851,232,841,841,840,0,0,60.00,13381,3405,842,0,0,0,13382,336.25,336.25,3,327,0.0000,0.4570,0.5480,0.8320,0.0890
2026-04-28T17:30:19.048,14.198,1,0.30,1.29,0.00,0.00,1,-0.0631,-0.0079,0.2570,0.0000,0.0000,0.0000,123.09,0.00,0,0.000,0.000,0.000,0,87,0,0.000,0.7600,0.0000,46.08,41.35,852,852,1.00000,1.00000,1.00000,1.00000,0.00000,3,3,0,1,23.64528,0.03412,1.90491,0.0631,0.0079,0.0930,0.0000,0.0000,0.0000,146.91,8.78,-126.16,1,1,0.0000,0.0000,0.3500,-90.00,0.7600,0.4200,1.0000,8.00,180.00,10.000000,0.250000,0.000000,1.200000,0.000000,0.000000,1.200000,0.000000,0.000000,0.900000,0.000000,0.000000,0.850000,0.040000,0.000000,0.008000,0.000000,0.000600,0.008000,0.000000,0.000600,0.006000,0.000000,0.000000,1,1,1,852,232,841,841,840,0,0,60.00,13381,3405,842,0,0,0,13382,336.25,336.25,3,327,0.0000,0.4570,0.5480,0.8320,0.0890
2026-04-28T17:30:19.065,14.216,1,0.30,1.29,0.00,0.00,1,-0.0631,-0.0078,0.2572,0.0000,0.0000,0.0000,123.12,-1.85,0,0.000,0.000,0.000,0,87,0,0.000,0.7600,0.0000,83.51,69.27,853,853,1.00000,1.00000,1.00000,1.00000,0.00000,3,3,0,1,23.57964,0.03390,1.89950,0.0631,0.0078,0.0928,0.0000,0.0000,0.0000,146.88,8.73,-126.12,1,1,0.0000,0.0000,0.3500,-90.00,0.7600,0.4200,1.0000,8.00,180.00,10.000000,0.250000,0.000000,1.200000,0.000000,0.000000,1.200000,0.000000,0.000000,0.900000,0.000000,0.000000,0.850000,0.040000,0.000000,0.008000,0.000000,0.000600,0.008000,0.000000,0.000600,0.006000,0.000000,0.000000,1,1,1,853,232,841,841,840,0,0,60.00,13381,3405,842,0,0,0,13382,336.25,336.25,3,327,0.0000,0.4570,0.5480,0.8320,0.0890
2026-04-28T17:30:19.082,14.233,1,0.30,1.29,0.00,0.00,1,-0.0631,-0.0078,0.2572,0.0000,0.0000,0.0000,123.14,-1.23,0,0.000,0.000,0.000,0,87,0,0.000,0.7600,0.0000,51.96,49.13,854,854,1.00000,1.00000,1.00000,1.00000,0.00000,3,3,0,1,23.57964,0.03390,1.89950,0.0631,0.0078,0.0928,0.0000,0.0000,0.0000,146.86,8.71,-126.10,1,1,0.0000,0.0000,0.3500,-90.00,0.7600,0.4200,1.0000,8.00,180.00,10.000000,0.250000,0.000000,1.200000,0.000000,0.000000,1.200000,0.000000,0.000000,0.900000,0.000000,0.000000,0.850000,0.040000,0.000000,0.008000,0.000000,0.000600,0.008000,0.000000,0.000600,0.006000,0.000000,0.000000,1,1,1,854,231,841,841,840,0,0,60.00,13381,3405,842,0,0,0,13382,336.25,336.25,3,327,0.0000,0.4570,0.5480,0.8320,0.0890
2026-04-28T17:30:19.098,14.249,1,0.30,1.29,0.00,0.00,1,-0.0631,-0.0078,0.2570,0.0000,0.0000,0.0000,123.10,2.34,0,0.000,0.000,0.000,0,87,0,0.000,0.7600,0.0000,65.26,92.34,855,855,1.00000,1.00000,1.00000,1.00000,0.00000,3,3,0,1,23.64420,0.03407,1.90431,0.0631,0.0078,0.0930,0.0000,0.0000,0.0000,146.90,8.77,-126.14,1,1,0.0000,0.0000,0.3500,-90.00,0.7600,0.4200,1.0000,8.00,180.00,10.000000,0.250000,0.000000,1.200000,0.000000,0.000000,1.200000,0.000000,0.000000,0.900000,0.000000,0.000000,0.850000,0.040000,0.000000,0.008000,0.000000,0.000600,0.008000,0.000000,0.000600,0.006000,0.000000,0.000000,1,1,1,855,231,841,841,840,0,0,60.00,13381,3405,842,0,0,0,13382,336.25,336.25,3,327,0.0000,0.4570,0.5480,0.8320,0.0890
2026-04-28T17:30:19.114,14.265,1,0.30,1.29,0.00,0.00,1,-0.0630,-0.0079,0.2571,0.0000,0.0000,0.0000,123.09,0.60,0,0.000,0.000,0.000,0,87,0,0.000,0.7600,0.0000,58.77,45.22,856,856,1.00000,1.00000,1.00000,1.00000,0.00000,3,3,0,1,23.63233,0.03392,1.90139,0.0630,0.0079,0.0929,0.0000,0.0000,0.0000,146.91,8.78,-126.16,1,1,0.0000,0.0000,0.3500,-90.00,0.7600,0.4200,1.0000,8.00,180.00,10.000000,0.250000,0.000000,1.200000,0.000000,0.000000,1.200000,0.000000,0.000000,0.900000,0.000000,0.000000,0.850000,0.040000,0.000000,0.008000,0.000000,0.000600,0.008000,0.000000,0.000600,0.006000,0.000000,0.000000,1,1,1,856,232,841,841,840,0,0,60.00,13381,3405,842,0,0,0,13382,336.25,336.25,3,327,0.0000,0.4570,0.5480,0.8320,0.0890
2026-04-28T17:30:19.130,14.281,1,0.30,1.29,0.00,0.00,1,-0.0630,-0.0078,0.2570,0.0000,0.0000,0.0000,123.10,-0.66,0,0.000,0.000,0.000,0,87,0,0.000,0.7600,0.0000,68.09,67.18,857,857,1.00000,1.00000,1.00000,1.00000,0.00000,3,3,0,1,23.64810,0.03415,1.90551,0.0630,0.0078,0.0930,0.0000,0.0000,0.0000,146.90,8.78,-126.14,1,1,0.0000,0.0000,0.3500,-90.00,0.7600,0.4200,1.0000,8.00,180.00,10.000000,0.250000,0.000000,1.200000,0.000000,0.000000,1.200000,0.000000,0.000000,0.900000,0.000000,0.000000,0.850000,0.040000,0.000000,0.008000,0.000000,0.000600,0.008000,0.000000,0.000600,0.006000,0.000000,0.000000,1,1,1,857,231,841,841,840,0,0,60.00,13381,3405,842,0,0,0,13382,336.25,336.25,3,327,0.0000,0.4570,0.5480,0.8320,0.0890
2026-04-28T17:30:19.148,14.299,1,0.30,1.29,0.00,0.00,1,-0.0631,-0.0078,0.2571,0.0000,0.0000,0.0000,123.14,-2.20,0,0.000,0.000,0.000,0,87,0,0.000,0.7600,0.0000,62.11,54.47,858,858,1.00000,1.00000,1.00000,1.00000,0.00000,3,3,0,1,23.62042,0.03391,1.89960,0.0631,0.0078,0.0929,0.0000,0.0000,0.0000,146.86,8.78,-126.12,1,1,0.0000,0.0000,0.3500,-90.00,0.7600,0.4200,1.0000,8.00,180.00,10.000000,0.250000,0.000000,1.200000,0.000000,0.000000,1.200000,0.000000,0.000000,0.900000,0.000000,0.000000,0.850000,0.040000,0.000000,0.008000,0.000000,0.000600,0.008000,0.000000,0.000600,0.006000,0.000000,0.000000,1,1,1,858,232,841,841,840,0,0,60.00,13381,3405,842,0,0,0,13382,336.25,336.25,3,327,0.0000,0.4570,0.5480,0.8320,0.0890
2026-04-28T17:30:19.164,14.315,1,0.30,1.29,0.00,0.00,1,-0.0630,-0.0079,0.2571,0.0000,0.0000,0.0000,123.07,4.44,0,0.000,0.000,0.000,0,87,0,0.000,0.7600,0.0000,49.94,56.63,859,859,1.00000,1.00000,1.00000,1.00000,0.00000,3,3,0,1,23.59577,0.03389,1.89971,0.0630,0.0079,0.0929,0.0000,0.0000,0.0000,146.93,8.82,-126.14,1,1,0.0000,0.0000,0.3500,-90.00,0.7600,0.4200,1.0000,8.00,180.00,10.000000,0.250000,0.000000,1.200000,0.000000,0.000000,1.200000,0.000000,0.000000,0.900000,0.000000,0.000000,0.850000,0.040000,0.000000,0.008000,0.000000,0.000600,0.008000,0.000000,0.000600,0.006000,0.000000,0.000000,1,1,1,859,232,841,841,840,0,0,60.00,13381,3405,842,0,0,0,13382,336.25,336.25,3,327,0.0000,0.4570,0.5480,0.8320,0.0890
2026-04-28T17:30:19.181,14.332,1,0.30,1.29,0.00,0.00,1,-0.0632,-0.0079,0.2571,0.0000,0.0000,0.0000,123.13,-3.48,0,0.000,0.000,0.000,0,87,0,0.000,0.7600,0.0000,71.89,139.62,860,860,1.00000,1.00000,1.00000,1.00000,0.00000,3,3,0,1,23.63902,0.03421,1.90619,0.0632,0.0079,0.0929,0.0000,0.0000,0.0000,146.87,8.79,-126.15,1,1,0.0000,0.0000,0.3500,-90.00,0.7600,0.4200,1.0000,8.00,180.00,10.000000,0.250000,0.000000,1.200000,0.000000,0.000000,1.200000,0.000000,0.000000,0.900000,0.000000,0.000000,0.850000,0.040000,0.000000,0.008000,0.000000,0.000600,0.008000,0.000000,0.000600,0.006000,0.000000,0.000000,1,1,1,860,232,841,841,840,0,0,60.00,13381,3405,842,0,0,0,13382,336.25,336.25,3,327,0.0000,0.4570,0.5480,0.8320,0.0890
2026-04-28T17:30:19.197,14.348,1,0.30,1.29,0.00,0.00,1,-0.0630,-0.0078,0.2571,0.0000,0.0000,0.0000,123.08,3.09,0,0.000,0.000,0.000,0,87,0,0.000,0.7600,0.0000,54.87,37.06,861,861,1.00000,1.00000,1.00000,1.00000,0.00000,3,3,0,1,23.64692,0.03392,1.90029,0.0630,0.0078,0.0929,0.0000,0.0000,0.0000,146.92,8.80,-126.19,1,1,0.0000,0.0000,0.3500,-90.00,0.7600,0.4200,1.0000,8.00,180.00,10.000000,0.250000,0.000000,1.200000,0.000000,0.000000,1.200000,0.000000,0.000000,0.900000,0.000000,0.000000,0.850000,0.040000,0.000000,0.008000,0.000000,0.000600,0.008000,0.000000,0.000600,0.006000,0.000000,0.000000,1,1,1,861,231,841,841,840,0,0,60.00,13381,3405,842,0,0,0,13382,336.25,336.25,3,327,0.0000,0.4570,0.5480,0.8320,0.0890
2026-04-28T17:30:19.215,14.366,1,0.30,1.29,0.00,0.00,1,-0.0630,-0.0079,0.2570,0.0000,0.0000,0.0000,123.07,0.57,0,0.000,0.000,0.000,0,87,0,0.000,0.7600,0.0000,56.74,67.25,862,862,1.00000,1.00000,1.00000,1.00000,0.00000,3,3,0,1,23.61622,0.03399,1.90231,0.0630,0.0079,0.0930,0.0000,0.0000,0.0000,146.93,8.83,-126.16,1,1,0.0000,0.0000,0.3500,-90.00,0.7600,0.4200,1.0000,8.00,180.00,10.000000,0.250000,0.000000,1.200000,0.000000,0.000000,1.200000,0.000000,0.000000,0.900000,0.000000,0.000000,0.850000,0.040000,0.000000,0.008000,0.000000,0.000600,0.008000,0.000000,0.000600,0.006000,0.000000,0.000000,1,1,1,862,232,841,841,840,0,0,60.00,13381,3405,842,0,0,0,13382,336.25,336.25,3,327,0.0000,0.4570,0.5480,0.8320,0.0890
2026-04-28T17:30:19.234,14.385,1,0.30,1.29,0.00,0.00,1,-0.0631,-0.0079,0.2568,0.0000,0.0000,0.0000,123.07,0.00,0,0.000,0.000,0.000,0,87,0,0.000,0.7600,0.0000,61.66,56.38,863,863,1.00000,1.00000,1.00000,1.00000,0.00000,3,3,0,1,23.68637,0.03418,1.90841,0.0631,0.0079,0.0932,0.0000,0.0000,0.0000,146.93,8.83,-126.15,1,1,0.0000,0.0000,0.3500,-90.00,0.7600,0.4200,1.0000,8.00,180.00,10.000000,0.250000,0.000000,1.200000,0.000000,0.000000,1.200000,0.000000,0.000000,0.900000,0.000000,0.000000,0.850000,0.040000,0.000000,0.008000,0.000000,0.000600,0.008000,0.000000,0.000600,0.006000,0.000000,0.000000,1,1,1,863,232,841,841,840,0,0,60.00,13381,3405,842,0,0,0,13382,336.25,336.25,3,327,0.0000,0.4570,0.5480,0.8320,0.0890
2026-04-28T17:30:19.247,14.398,1,0.30,1.29,0.00,0.00,1,-0.0630,-0.0078,0.2570,0.0000,0.0000,0.0000,123.08,-0.66,0,0.000,0.000,0.000,0,87,0,0.000,0.7600,0.0000,52.76,60.78,864,864,1.00000,1.00000,1.00000,1.00000,0.00000,3,3,0,1,23.60853,0.03402,1.90068,0.0630,0.0078,0.0930,0.0000,0.0000,0.0000,146.92,8.81,-126.15,1,1,0.0000,0.0000,0.3500,-90.00,0.7600,0.4200,1.0000,8.00,180.00,10.000000,0.250000,0.000000,1.200000,0.000000,0.000000,1.200000,0.000000,0.000000,0.900000,0.000000,0.000000,0.850000,0.040000,0.000000,0.008000,0.000000,0.000600,0.008000,0.000000,0.000600,0.006000,0.000000,0.000000,1,1,1,864,232,841,841,840,0,0,60.00,13381,3405,842,0,0,0,13382,336.25,336.25,3,327,0.0000,0.4570,0.5480,0.8320,0.0890
2026-04-28T17:30:19.264,14.415,1,0.30,1.29,0.00,0.00,1,-0.0630,-0.0079,0.2570,0.0000,0.0000,0.0000,123.07,0.63,0,0.000,0.000,0.000,0,87,0,0.000,0.7600,0.0000,71.05,110.39,865,865,1.00000,1.00000,1.00000,1.00000,0.00000,3,3,0,1,23.61622,0.03399,1.90231,0.0630,0.0079,0.0930,0.0000,0.0000,0.0000,146.93,8.83,-126.14,1,1,0.0000,0.0000,0.3500,-90.00,0.7600,0.4200,1.0000,8.00,180.00,10.000000,0.250000,0.000000,1.200000,0.000000,0.000000,1.200000,0.000000,0.000000,0.900000,0.000000,0.000000,0.850000,0.040000,0.000000,0.008000,0.000000,0.000600,0.008000,0.000000,0.000600,0.006000,0.000000,0.000000,1,1,1,865,232,841,841,840,0,0,60.00,13381,3405,842,0,0,0,13382,336.25,336.25,3,327,0.0000,0.4570,0.5480,0.8320,0.0890
2026-04-28T17:30:19.280,14.430,1,0.30,1.29,0.00,0.00,1,-0.0630,-0.0079,0.2571,0.0000,0.0000,0.0000,123.11,-2.52,0,0.000,0.000,0.000,0,87,0,0.000,0.7600,0.0000,63.07,42.11,866,866,1.00000,1.00000,1.00000,1.00000,0.00000,3,3,0,1,23.60593,0.03402,1.90224,0.0630,0.0079,0.0929,0.0000,0.0000,0.0000,146.89,8.79,-126.11,1,1,0.0000,0.0000,0.3500,-90.00,0.7600,0.4200,1.0000,8.00,180.00,10.000000,0.250000,0.000000,1.200000,0.000000,0.000000,1.200000,0.000000,0.000000,0.900000,0.000000,0.000000,0.850000,0.040000,0.000000,0.008000,0.000000,0.000600,0.008000,0.000000,0.000600,0.006000,0.000000,0.000000,1,1,1,866,232,841,841,840,0,0,60.00,13381,3405,842,0,0,0,13382,336.25,336.25,3,327,0.0000,0.4570,0.5480,0.8320,0.0890
2026-04-28T17:30:19.298,14.449,1,0.30,1.29,0.00,0.00,1,-0.0631,-0.0078,0.2572,0.0000,0.0000,0.0000,123.14,-1.67,0,0.000,0.000,0.000,0,87,0,0.000,0.7600,0.0000,62.21,57.70,867,867,1.00000,1.00000,1.00000,1.00000,0.00000,3,3,0,1,23.60695,0.03412,1.90198,0.0631,0.0078,0.0928,0.0000,0.0000,0.0000,146.86,8.76,-126.12,1,1,0.0000,0.0000,0.3500,-90.00,0.7600,0.4200,1.0000,8.00,180.00,10.000000,0.250000,0.000000,1.200000,0.000000,0.000000,1.200000,0.000000,0.000000,0.900000,0.000000,0.000000,0.850000,0.040000,0.000000,0.008000,0.000000,0.000600,0.008000,0.000000,0.000600,0.006000,0.000000,0.000000,1,1,1,867,232,841,841,840,0,0,60.00,13381,3405,842,0,0,0,13382,336.25,336.25,3,327,0.0000,0.4570,0.5480,0.8320,0.0890
2026-04-28T17:30:19.316,14.466,1,0.30,1.29,0.00,0.00,1,-0.0631,-0.0079,0.2570,0.0000,0.0000,0.0000,123.07,3.87,0,0.000,0.000,0.000,0,87,0,0.000,0.7600,0.0000,54.76,79.13,868,868,1.00000,1.00000,1.00000,1.00000,0.00000,3,3,0,1,23.65399,0.03408,1.90542,0.0631,0.0079,0.0930,0.0000,0.0000,0.0000,146.93,8.79,-126.14,1,1,0.0000,0.0000,0.3500,-90.00,0.7600,0.4200,1.0000,8.00,180.00,10.000000,0.250000,0.000000,1.200000,0.000000,0.000000,1.200000,0.000000,0.000000,0.900000,0.000000,0.000000,0.850000,0.040000,0.000000,0.008000,0.000000,0.000600,0.008000,0.000000,0.000600,0.006000,0.000000,0.000000,1,1,1,868,232,841,841,840,0,0,60.00,13381,3405,842,0,0,0,13382,336.25,336.25,3,327,0.0000,0.4570,0.5480,0.8320,0.0890
2026-04-28T17:30:19.331,14.481,1,0.30,1.29,0.00,0.00,1,-0.0630,-0.0078,0.2569,0.0000,0.0000,0.0000,123.08,-0.65,0,0.000,0.000,0.000,0,87,0,0.000,0.7600,0.0000,56.94,49.81,869,869,1.00000,1.00000,1.00000,1.00000,0.00000,3,3,0,1,23.65867,0.03414,1.90211,0.0630,0.0078,0.0931,0.0000,0.0000,0.0000,146.92,8.79,-126.15,1,1,0.0000,0.0000,0.3500,-90.00,0.7600,0.4200,1.0000,8.00,180.00,10.000000,0.250000,0.000000,1.200000,0.000000,0.000000,1.200000,0.000000,0.000000,0.900000,0.000000,0.000000,0.850000,0.040000,0.000000,0.008000,0.000000,0.000600,0.008000,0.000000,0.000600,0.006000,0.000000,0.000000,1,1,1,869,232,841,841,840,0,0,60.00,13381,3405,842,0,0,0,13382,336.25,336.25,3,327,0.0000,0.4570,0.5480,0.8320,0.0890
2026-04-28T17:30:19.347,14.498,1,0.30,1.29,0.00,0.00,1,-0.0630,-0.0078,0.2571,0.0000,0.0000,0.0000,123.09,-0.63,0,0.000,0.000,0.000,0,87,0,0.000,0.7600,0.0000,72.07,64.44,870,870,1.00000,1.00000,1.00000,1.00000,0.00000,3,3,0,1,23.61387,0.03402,1.90193,0.0630,0.0078,0.0929,0.0000,0.0000,0.0000,146.91,8.76,-126.14,1,1,0.0000,0.0000,0.3500,-90.00,0.7600,0.4200,1.0000,8.00,180.00,10.000000,0.250000,0.000000,1.200000,0.000000,0.000000,1.200000,0.000000,0.000000,0.900000,0.000000,0.000000,0.850000,0.040000,0.000000,0.008000,0.000000,0.000600,0.008000,0.000000,0.000600,0.006000,0.000000,0.000000,1,1,1,870,232,841,841,840,0,0,60.00,13381,3405,842,0,0,0,13382,336.25,336.25,3,327,0.0000,0.4570,0.5480,0.8320,0.0890
2026-04-28T17:30:19.364,14.515,1,0.30,1.29,0.00,0.00,1,-0.0630,-0.0079,0.2571,0.0000,0.0000,0.0000,123.07,1.13,0,0.000,0.000,0.000,0,87,0,0.000,0.7600,0.0000,57.13,55.81,871,871,1.00000,1.00000,1.00000,1.00000,0.00000,3,3,0,1,23.59175,0.03392,1.90014,0.0630,0.0079,0.0929,0.0000,0.0000,0.0000,146.93,8.80,-126.15,1,1,0.0000,0.0000,0.3500,-90.00,0.7600,0.4200,1.0000,8.00,180.00,10.000000,0.250000,0.000000,1.200000,0.000000,0.000000,1.200000,0.000000,0.000000,0.900000,0.000000,0.000000,0.850000,0.040000,0.000000,0.008000,0.000000,0.000600,0.008000,0.000000,0.000600,0.006000,0.000000,0.000000,1,1,1,871,231,841,841,840,0,0,60.00,13381,3405,842,0,0,0,13382,336.25,336.25,3,327,0.0000,0.4570,0.5480,0.8320,0.0890
2026-04-28T17:30:19.382,14.533,1,0.30,1.29,0.00,0.00,1,-0.0631,-0.0079,0.2571,0.0000,0.0000,0.0000,123.06,0.58,0,0.000,0.000,0.000,0,87,0,0.000,0.7600,0.0000,55.35,62.05,872,872,1.00000,1.00000,1.00000,1.00000,0.00000,3,3,0,1,23.62506,0.03400,1.90339,0.0631,0.0079,0.0929,0.0000,0.0000,0.0000,146.94,8.77,-126.16,1,1,0.0000,0.0000,0.3500,-90.00,0.7600,0.4200,1.0000,8.00,180.00,10.000000,0.250000,0.000000,1.200000,0.000000,0.000000,1.200000,0.000000,0.000000,0.900000,0.000000,0.000000,0.850000,0.040000,0.000000,0.008000,0.000000,0.000600,0.008000,0.000000,0.000600,0.006000,0.000000,0.000000,1,1,1,872,232,841,841,840,0,0,60.00,13381,3405,842,0,0,0,13382,336.25,336.25,3,327,0.0000,0.4570,0.5480,0.8320,0.0890
2026-04-28T17:30:19.396,14.547,1,0.30,1.29,0.00,0.00,1,-0.0631,-0.0077,0.2571,0.0000,0.0000,0.0000,123.17,-7.24,0,0.000,0.000,0.000,0,87,0,0.000,0.7600,0.0000,56.08,57.07,873,873,1.00000,1.00000,1.00000,1.00000,0.00000,3,3,0,1,23.63079,0.03402,1.89995,0.0631,0.0077,0.0929,0.0000,0.0000,0.0000,146.83,8.76,-126.10,1,1,0.0000,0.0000,0.3500,-90.00,0.7600,0.4200,1.0000,8.00,180.00,10.000000,0.250000,0.000000,1.200000,0.000000,0.000000,1.200000,0.000000,0.000000,0.900000,0.000000,0.000000,0.850000,0.040000,0.000000,0.008000,0.000000,0.000600,0.008000,0.000000,0.000600,0.006000,0.000000,0.000000,1,1,1,873,231,841,841,840,0,0,60.00,13381,3405,842,0,0,0,13382,336.25,336.25,3,327,0.0000,0.4570,0.5480,0.8320,0.0890
2026-04-28T17:30:19.415,14.566,1,0.30,1.29,0.00,0.00,1,-0.0631,-0.0079,0.2571,0.0000,0.0000,0.0000,123.11,3.37,0,0.000,0.000,0.000,0,87,0,0.000,0.7600,0.0000,71.34,98.12,874,874,1.00000,1.00000,1.00000,1.00000,0.00000,3,3,0,1,23.62157,0.03400,1.90356,0.0631,0.0079,0.0929,0.0000,0.0000,0.0000,146.89,8.79,-126.11,1,1,0.0000,0.0000,0.3500,-90.00,0.7600,0.4200,1.0000,8.00,180.00,10.000000,0.250000,0.000000,1.200000,0.000000,0.000000,1.200000,0.000000,0.000000,0.900000,0.000000,0.000000,0.850000,0.040000,0.000000,0.008000,0.000000,0.000600,0.008000,0.000000,0.000600,0.006000,0.000000,0.000000,1,1,1,874,232,841,841,840,0,0,60.00,13381,3405,842,0,0,0,13382,336.25,336.25,3,327,0.0000,0.4570,0.5480,0.8320,0.0890
2026-04-28T17:30:19.431,14.582,1,0.30,1.29,0.00,0.00,1,-0.0631,-0.0078,0.2570,0.0000,0.0000,0.0000,123.09,1.33,0,0.000,0.000,0.000,0,87,0,0.000,0.7600,0.0000,54.54,42.25,875,875,1.00000,1.00000,1.00000,1.00000,0.00000,3,3,0,1,23.61790,0.03394,1.90158,0.0631,0.0078,0.0930,0.0000,0.0000,0.0000,146.91,8.77,-126.15,1,1,0.0000,0.0000,0.3500,-90.00,0.7600,0.4200,1.0000,8.00,180.00,10.000000,0.250000,0.000000,1.200000,0.000000,0.000000,1.200000,0.000000,0.000000,0.900000,0.000000,0.000000,0.850000,0.040000,0.000000,0.008000,0.000000,0.000600,0.008000,0.000000,0.000600,0.006000,0.000000,0.000000,1,1,1,875,232,841,841,840,0,0,60.00,13381,3405,842,0,0,0,13382,336.25,336.25,3,327,0.0000,0.4570,0.5480,0.8320,0.0890
2026-04-28T17:30:19.446,14.597,1,0.30,1.29,0.00,0.00,1,-0.0631,-0.0080,0.2571,0.0000,0.0000,0.0000,123.07,1.22,0,0.000,0.000,0.000,0,87,0,0.000,0.7600,0.0000,64.07,62.59,876,876,1.00000,1.00000,1.00000,1.00000,0.00000,3,3,0,1,23.59711,0.03393,1.90139,0.0631,0.0080,0.0929,0.0000,0.0000,0.0000,146.93,8.78,-126.14,1,1,0.0000,0.0000,0.3500,-90.00,0.7600,0.4200,1.0000,8.00,180.00,10.000000,0.250000,0.000000,1.200000,0.000000,0.000000,1.200000,0.000000,0.000000,0.900000,0.000000,0.000000,0.850000,0.040000,0.000000,0.008000,0.000000,0.000600,0.008000,0.000000,0.000600,0.006000,0.000000,0.000000,1,1,1,876,232,841,841,840,0,0,60.00,13381,3405,842,0,0,0,13382,336.25,336.25,3,327,0.0000,0.4570,0.5480,0.8320,0.0890
2026-04-28T17:30:19.462,14.612,1,0.30,1.29,0.00,0.00,1,-0.0630,-0.0079,0.2572,0.0000,0.0000,0.0000,123.05,1.23,0,0.000,0.000,0.000,0,87,0,0.000,0.7600,0.0000,64.57,61.53,877,877,1.00000,1.00000,1.00000,1.00000,0.00000,3,3,0,1,23.65269,0.03395,1.90183,0.0630,0.0079,0.0928,0.0000,0.0000,0.0000,146.95,8.78,-126.18,1,1,0.0000,0.0000,0.3500,-90.00,0.7600,0.4200,1.0000,8.00,180.00,10.000000,0.250000,0.000000,1.200000,0.000000,0.000000,1.200000,0.000000,0.000000,0.900000,0.000000,0.000000,0.850000,0.040000,0.000000,0.008000,0.000000,0.000600,0.008000,0.000000,0.000600,0.006000,0.000000,0.000000,1,1,1,877,232,841,841,840,0,0,60.00,13381,3405,842,0,0,0,13382,336.25,336.25,3,327,0.0000,0.4570,0.5480,0.8320,0.0890
2026-04-28T17:30:19.479,14.630,1,0.30,1.29,0.00,0.00,1,-0.0630,-0.0079,0.2569,0.0000,0.0000,0.0000,123.06,-0.58,0,0.000,0.000,0.000,0,87,0,0.000,0.7600,0.0000,70.67,65.13,878,878,1.00000,1.00000,1.00000,1.00000,0.00000,3,3,0,1,23.65393,0.03412,1.90573,0.0630,0.0079,0.0931,0.0000,0.0000,0.0000,146.94,8.82,-126.18,1,1,0.0000,0.0000,0.3500,-90.00,0.7600,0.4200,1.0000,8.00,180.00,10.000000,0.250000,0.000000,1.200000,0.000000,0.000000,1.200000,0.000000,0.000000,0.900000,0.000000,0.000000,0.850000,0.040000,0.000000,0.008000,0.000000,0.000600,0.008000,0.000000,0.000600,0.006000,0.000000,0.000000,1,1,1,878,232,841,841,840,0,0,60.00,13381,3405,842,0,0,0,13382,336.25,336.25,3,327,0.0000,0.4570,0.5480,0.8320,0.0890
2026-04-28T17:30:19.496,14.647,1,0.30,1.29,0.00,0.00,1,-0.0631,-0.0079,0.2571,0.0000,0.0000,0.0000,123.06,0.00,0,0.000,0.000,0.000,0,87,0,0.000,0.7600,0.0000,58.24,55.13,879,879,1.00000,1.00000,1.00000,1.00000,0.00000,3,3,0,1,23.59530,0.03388,1.90083,0.0631,0.0079,0.0929,0.0000,0.0000,0.0000,146.94,8.78,-126.16,1,1,0.0000,0.0000,0.3500,-90.00,0.7600,0.4200,1.0000,8.00,180.00,10.000000,0.250000,0.000000,1.200000,0.000000,0.000000,1.200000,0.000000,0.000000,0.900000,0.000000,0.000000,0.850000,0.040000,0.000000,0.008000,0.000000,0.000600,0.008000,0.000000,0.000600,0.006000,0.000000,0.000000,1,1,1,879,232,841,841,840,0,0,60.00,13381,3405,842,0,0,0,13382,336.25,336.25,3,327,0.0000,0.4570,0.5480,0.8320,0.0890
2026-04-28T17:30:19.515,14.666,1,0.30,1.29,0.00,0.00,1,-0.0630,-0.0080,0.2571,0.0000,0.0000,0.0000,123.02,2.04,0,0.000,0.000,0.000,0,87,0,0.000,0.7600,0.0000,54.45,69.82,880,880,1.00000,1.00000,1.00000,1.00000,0.00000,3,3,0,1,23.60113,0.03390,1.90096,0.0630,0.0080,0.0929,0.0000,0.0000,0.0000,146.98,8.79,-126.15,1,1,0.0000,0.0000,0.3500,-90.00,0.7600,0.4200,1.0000,8.00,180.00,10.000000,0.250000,0.000000,1.200000,0.000000,0.000000,1.200000,0.000000,0.000000,0.900000,0.000000,0.000000,0.850000,0.040000,0.000000,0.008000,0.000000,0.000600,0.008000,0.000000,0.000600,0.006000,0.000000,0.000000,1,1,1,880,232,841,841,840,0,0,60.00,13381,3405,842,0,0,0,13382,336.25,336.25,3,327,0.0000,0.4570,0.5480,0.8320,0.0890
2026-04-28T17:30:19.530,14.681,1,0.30,1.29,0.00,0.00,1,-0.0630,-0.0078,0.2569,0.0000,0.0000,0.0000,123.10,-5.67,0,0.000,0.000,0.000,0,87,0,0.000,0.7600,0.0000,52.91,51.48,881,881,1.00000,1.00000,1.00000,1.00000,0.00000,3,3,0,1,23.65203,0.03393,1.90213,0.0630,0.0078,0.0931,0.0000,0.0000,0.0000,146.90,8.81,-126.12,1,1,0.0000,0.0000,0.3500,-90.00,0.7600,0.4200,1.0000,8.00,180.00,10.000000,0.250000,0.000000,1.200000,0.000000,0.000000,1.200000,0.000000,0.000000,0.900000,0.000000,0.000000,0.850000,0.040000,0.000000,0.008000,0.000000,0.000600,0.008000,0.000000,0.000600,0.006000,0.000000,0.000000,1,1,1,881,231,841,841,840,0,0,60.00,13381,3405,842,0,0,0,13382,336.25,336.25,3,327,0.0000,0.4570,0.5480,0.8320,0.0890
2026-04-28T17:30:19.548,14.698,1,0.30,1.29,0.00,0.00,1,-0.0630,-0.0080,0.2569,0.0000,0.0000,0.0000,123.04,4.74,0,0.000,0.000,0.000,0,87,0,0.000,0.7600,0.0000,66.62,58.86,882,882,1.00000,1.00000,1.00000,1.00000,0.00000,3,3,0,1,23.65283,0.03403,1.90453,0.0630,0.0080,0.0931,0.0000,0.0000,0.0000,146.96,8.84,-126.11,1,1,0.0000,0.0000,0.3500,-90.00,0.7600,0.4200,1.0000,8.00,180.00,10.000000,0.250000,0.000000,1.200000,0.000000,0.000000,1.200000,0.000000,0.000000,0.900000,0.000000,0.000000,0.850000,0.040000,0.000000,0.008000,0.000000,0.000600,0.008000,0.000000,0.000600,0.006000,0.000000,0.000000,1,1,1,882,232,841,841,840,0,0,60.00,13381,3405,842,0,0,0,13382,336.25,336.25,3,327,0.0000,0.4570,0.5480,0.8320,0.0890
2026-04-28T17:30:19.562,14.713,1,0.30,1.29,0.00,0.00,1,-0.0630,-0.0079,0.2571,0.0000,0.0000,0.0000,123.03,0.51,0,0.000,0.000,0.000,0,87,0,0.000,0.7600,0.0000,56.69,63.22,883,883,1.00000,1.00000,1.00000,1.00000,0.00000,3,3,0,1,23.65226,0.03392,1.90154,0.0630,0.0079,0.0929,0.0000,0.0000,0.0000,146.97,8.80,-126.16,1,1,0.0000,0.0000,0.3500,-90.00,0.7600,0.4200,1.0000,8.00,180.00,10.000000,0.250000,0.000000,1.200000,0.000000,0.000000,1.200000,0.000000,0.000000,0.900000,0.000000,0.000000,0.850000,0.040000,0.000000,0.008000,0.000000,0.000600,0.008000,0.000000,0.000600,0.006000,0.000000,0.000000,1,1,1,883,231,841,841,840,0,0,60.00,13381,3405,842,0,0,0,13382,336.25,336.25,3,327,0.0000,0.4570,0.5480,0.8320,0.0890
2026-04-28T17:30:19.579,14.730,1,0.30,1.29,0.00,0.00,1,-0.0630,-0.0079,0.2571,0.0000,0.0000,0.0000,123.01,1.18,0,0.000,0.000,0.000,0,87,0,0.000,0.7600,0.0000,67.78,61.69,884,884,1.00000,1.00000,1.00000,1.00000,0.00000,3,3,0,1,23.59577,0.03389,1.89971,0.0630,0.0079,0.0929,0.0000,0.0000,0.0000,146.99,8.83,-126.16,1,1,0.0000,0.0000,0.3500,-90.00,0.7600,0.4200,1.0000,8.00,180.00,10.000000,0.250000,0.000000,1.200000,0.000000,0.000000,1.200000,0.000000,0.000000,0.900000,0.000000,0.000000,0.850000,0.040000,0.000000,0.008000,0.000000,0.000600,0.008000,0.000000,0.000600,0.006000,0.000000,0.000000,1,1,1,884,232,841,841,840,0,0,60.00,13381,3405,842,0,0,0,13382,336.25,336.25,3,327,0.0000,0.4570,0.5480,0.8320,0.0890
2026-04-28T17:30:19.596,14.746,1,0.30,1.29,0.00,0.00,1,-0.0630,-0.0079,0.2570,0.0000,0.0000,0.0000,123.03,-1.19,0,0.000,0.000,0.000,0,87,0,0.000,0.7600,0.0000,64.52,59.13,885,885,1.00000,1.00000,1.00000,1.00000,0.00000,3,3,0,1,23.61971,0.03399,1.90214,0.0630,0.0079,0.0930,0.0000,0.0000,0.0000,146.97,8.82,-126.17,1,1,0.0000,0.0000,0.3500,-90.00,0.7600,0.4200,1.0000,8.00,180.00,10.000000,0.250000,0.000000,1.200000,0.000000,0.000000,1.200000,0.000000,0.000000,0.900000,0.000000,0.000000,0.850000,0.040000,0.000000,0.008000,0.000000,0.000600,0.008000,0.000000,0.000600,0.006000,0.000000,0.000000,1,1,1,885,232,841,841,840,0,0,60.00,13381,3405,842,0,0,0,13382,336.25,336.25,3,327,0.0000,0.4570,0.5480,0.8320,0.0890
2026-04-28T17:30:19.612,14.763,1,0.30,1.29,0.00,0.00,1,-0.0631,-0.0077,0.2571,0.0000,0.0000,0.0000,123.16,-7.92,0,0.000,0.000,0.000,0,87,0,0.000,0.7600,0.0000,56.30,60.00,886,886,1.00000,1.00000,1.00000,1.00000,0.00000,3,3,0,1,23.62919,0.03401,1.90045,0.0631,0.0077,0.0929,0.0000,0.0000,0.0000,146.84,8.78,-126.10,1,1,0.0000,0.0000,0.3500,-90.00,0.7600,0.4200,1.0000,8.00,180.00,10.000000,0.250000,0.000000,1.200000,0.000000,0.000000,1.200000,0.000000,0.000000,0.900000,0.000000,0.000000,0.850000,0.040000,0.000000,0.008000,0.000000,0.000600,0.008000,0.000000,0.000600,0.006000,0.000000,0.000000,1,1,1,886,231,841,841,840,0,0,60.00,13381,3405,842,0,0,0,13382,336.25,336.25,3,327,0.0000,0.4570,0.5480,0.8320,0.0890
2026-04-28T17:30:19.629,14.780,1,0.30,1.29,0.00,0.00,1,-0.0630,-0.0078,0.2571,0.0000,0.0000,0.0000,123.12,2.29,0,0.000,0.000,0.000,0,87,0,0.000,0.7600,0.0000,59.77,60.06,887,887,1.00000,1.00000,1.00000,1.00000,0.00000,3,3,0,1,23.61533,0.03382,1.89817,0.0630,0.0078,0.0929,0.0000,0.0000,0.0000,146.88,8.79,-126.15,1,1,0.0000,0.0000,0.3500,-90.00,0.7600,0.4200,1.0000,8.00,180.00,10.000000,0.250000,0.000000,1.200000,0.000000,0.000000,1.200000,0.000000,0.000000,0.900000,0.000000,0.000000,0.850000,0.040000,0.000000,0.008000,0.000000,0.000600,0.008000,0.000000,0.000600,0.006000,0.000000,0.000000,1,1,1,887,232,841,841,840,0,0,60.00,13381,3405,842,0,0,0,13382,336.25,336.25,3,327,0.0000,0.4570,0.5480,0.8320,0.0890
2026-04-28T17:30:19.646,14.797,1,0.30,1.29,0.00,0.00,1,-0.0630,-0.0077,0.2571,0.0000,0.0000,0.0000,123.14,-1.22,0,0.000,0.000,0.000,0,87,0,0.000,0.7600,0.0000,60.00,59.09,888,888,1.00000,1.00000,1.00000,1.00000,0.00000,3,3,0,1,23.60408,0.03402,1.90081,0.0630,0.0077,0.0929,0.0000,0.0000,0.0000,146.86,8.77,-126.14,1,1,0.0000,0.0000,0.3500,-90.00,0.7600,0.4200,1.0000,8.00,180.00,10.000000,0.250000,0.000000,1.200000,0.000000,0.000000,1.200000,0.000000,0.000000,0.900000,0.000000,0.000000,0.850000,0.040000,0.000000,0.008000,0.000000,0.000600,0.008000,0.000000,0.000600,0.006000,0.000000,0.000000,1,1,1,888,232,841,841,840,0,0,60.00,13381,3405,842,0,0,0,13382,336.25,336.25,3,327,0.0000,0.4570,0.5480,0.8320,0.0890
2026-04-28T17:30:19.662,14.813,1,0.30,1.29,0.00,0.00,1,-0.0630,-0.0079,0.2571,0.0000,0.0000,0.0000,123.09,3.17,0,0.000,0.000,0.000,0,87,0,0.000,0.7600,0.0000,63.15,60.51,889,889,1.00000,1.00000,1.00000,1.00000,0.00000,3,3,0,1,23.59175,0.03392,1.90014,0.0630,0.0079,0.0929,0.0000,0.0000,0.0000,146.91,8.80,-126.15,1,1,0.0000,0.0000,0.3500,-90.00,0.7600,0.4200,1.0000,8.00,180.00,10.000000,0.250000,0.000000,1.200000,0.000000,0.000000,1.200000,0.000000,0.000000,0.900000,0.000000,0.000000,0.850000,0.040000,0.000000,0.008000,0.000000,0.000600,0.008000,0.000000,0.000600,0.006000,0.000000,0.000000,1,1,1,889,231,841,841,840,0,0,60.00,13381,3405,842,0,0,0,13382,336.25,336.25,3,327,0.0000,0.4570,0.5480,0.8320,0.0890
2026-04-28T17:30:19.680,14.831,1,0.30,1.29,0.00,0.00,1,-0.0629,-0.0076,0.2572,0.0000,0.0000,0.0000,123.21,-6.59,0,0.000,0.000,0.000,0,87,0,0.000,0.7600,0.0000,59.00,60.34,890,890,1.00000,1.00000,1.00000,1.00000,0.00000,3,3,0,1,23.61106,0.03409,1.89449,0.0629,0.0076,0.0928,0.0000,0.0000,0.0000,146.79,8.78,-126.10,1,1,0.0000,0.0000,0.3500,-90.00,0.7600,0.4200,1.0000,8.00,180.00,10.000000,0.250000,0.000000,1.200000,0.000000,0.000000,1.200000,0.000000,0.000000,0.900000,0.000000,0.000000,0.850000,0.040000,0.000000,0.008000,0.000000,0.000600,0.008000,0.000000,0.000600,0.006000,0.000000,0.000000,1,1,1,890,231,841,841,840,0,0,60.00,13381,3405,842,0,0,0,13382,336.25,336.25,3,327,0.0000,0.4570,0.5480,0.8320,0.0890
2026-04-28T17:30:19.698,14.849,1,0.30,1.29,0.00,0.00,1,-0.0630,-0.0078,0.2572,0.0000,0.0000,0.0000,123.18,1.58,0,0.000,0.000,0.000,0,87,0,0.000,0.7600,0.0000,55.36,58.73,891,891,1.00000,1.00000,1.00000,1.00000,0.00000,3,3,0,1,23.58145,0.03395,1.90006,0.0630,0.0078,0.0928,0.0000,0.0000,0.0000,146.82,8.75,-126.09,1,1,0.0000,0.0000,0.3500,-90.00,0.7600,0.4200,1.0000,8.00,180.00,10.000000,0.250000,0.000000,1.200000,0.000000,0.000000,1.200000,0.000000,0.000000,0.900000,0.000000,0.000000,0.850000,0.040000,0.000000,0.008000,0.000000,0.000600,0.008000,0.000000,0.000600,0.006000,0.000000,0.000000,1,1,1,891,232,841,841,840,0,0,60.00,13381,3405,842,0,0,0,13382,336.25,336.25,3,327,0.0000,0.4570,0.5480,0.8320,0.0890
2026-04-28T17:30:19.713,14.864,1,0.30,1.29,0.00,0.00,1,-0.0630,-0.0077,0.2571,0.0000,0.0000,0.0000,123.15,2.17,0,0.000,0.000,0.000,0,87,0,0.000,0.7600,0.0000,53.95,59.56,892,892,1.00000,1.00000,1.00000,1.00000,0.00000,3,3,0,1,23.61693,0.03383,1.89747,0.0630,0.0077,0.0929,0.0000,0.0000,0.0000,146.85,8.78,-126.10,1,1,0.0000,0.0000,0.3500,-90.00,0.7600,0.4200,1.0000,8.00,180.00,10.000000,0.250000,0.000000,1.200000,0.000000,0.000000,1.200000,0.000000,0.000000,0.900000,0.000000,0.000000,0.850000,0.040000,0.000000,0.008000,0.000000,0.000600,0.008000,0.000000,0.000600,0.006000,0.000000,0.000000,1,1,1,892,231,841,841,840,0,0,60.00,13381,3405,842,0,0,0,13382,336.25,336.25,3,327,0.0000,0.4570,0.5480,0.8320,0.0890
2026-04-28T17:30:19.729,14.880,1,0.30,1.29,0.00,0.00,1,-0.0630,-0.0078,0.2571,0.0000,0.0000,0.0000,123.15,0.00,0,0.000,0.000,0.000,0,87,0,0.000,0.7600,0.0000,69.72,61.49,893,893,1.00000,1.00000,1.00000,1.00000,0.00000,3,3,0,1,23.60593,0.03402,1.90224,0.0630,0.0078,0.0929,0.0000,0.0000,0.0000,146.85,8.77,-126.09,1,1,0.0000,0.0000,0.3500,-90.00,0.7600,0.4200,1.0000,8.00,180.00,10.000000,0.250000,0.000000,1.200000,0.000000,0.000000,1.200000,0.000000,0.000000,0.900000,0.000000,0.000000,0.850000,0.040000,0.000000,0.008000,0.000000,0.000600,0.008000,0.000000,0.000600,0.006000,0.000000,0.000000,1,1,1,893,232,841,841,840,0,0,60.00,13381,3405,842,0,0,0,13382,336.25,336.25,3,327,0.0000,0.4570,0.5480,0.8320,0.0890
2026-04-28T17:30:19.741,14.891,1,0.30,1.29,0.00,0.00,1,-0.0630,-0.0078,0.2571,0.0000,0.0000,0.0000,123.15,0.00,0,0.000,0.000,0.000,0,-1,0,0.000,0.7600,0.0000,61.99,65.32,894,894,1.00000,1.00000,1.00000,1.00000,0.00000,3,3,0,1,23.57610,0.03394,1.89881,0.0630,0.0078,0.0929,0.0000,0.0000,0.0000,146.85,8.77,-126.10,1,1,0.0000,0.0000,0.3500,-90.00,0.7600,0.4200,1.0000,8.00,180.00,10.000000,0.250000,0.000000,1.200000,0.000000,0.000000,1.200000,0.000000,0.000000,0.900000,0.000000,0.000000,0.850000,0.040000,0.000000,0.008000,0.000000,0.000600,0.008000,0.000000,0.000600,0.006000,0.000000,0.000000,1,1,1,894,231,841,841,840,0,0,60.00,13381,3405,842,0,0,0,13382,336.25,336.25,3,327,0.0000,0.4570,0.5480,0.8320,0.0890
2026-04-28T17:30:19.757,14.907,1,0.30,1.29,0.00,0.00,1,-0.0631,-0.0078,0.2570,0.0000,0.0000,0.0000,123.12,1.87,0,0.000,0.000,0.000,0,-1,0,0.000,0.7600,0.0000,94.91,53.49,895,895,1.00000,1.00000,1.00000,1.00000,0.00000,3,3,0,1,23.62258,0.03407,1.90532,0.0631,0.0078,0.0930,0.0000,0.0000,0.0000,146.88,8.77,-126.15,1,1,0.0000,0.0000,0.3500,-90.00,0.7600,0.4200,1.0000,8.00,180.00,10.000000,0.250000,0.000000,1.200000,0.000000,0.000000,1.200000,0.000000,0.000000,0.900000,0.000000,0.000000,0.850000,0.040000,0.000000,0.008000,0.000000,0.000600,0.008000,0.000000,0.000600,0.006000,0.000000,0.000000,1,1,1,895,232,841,841,840,0,0,60.00,13381,3405,842,0,0,0,13382,336.25,336.25,3,327,0.0000,0.4570,0.5480,0.8320,0.0890
2026-04-28T17:30:19.779,14.930,1,0.30,1.29,0.00,0.00,1,-0.0631,-0.0079,0.2571,0.0000,0.0000,0.0000,123.09,1.34,0,0.000,0.000,0.000,0,-1,0,0.000,0.7600,0.0000,42.12,62.08,896,896,1.00000,1.00000,1.00000,1.00000,0.00000,3,3,0,1,23.62506,0.03400,1.90339,0.0631,0.0079,0.0929,0.0000,0.0000,0.0000,146.91,8.76,-126.16,1,1,0.0000,0.0000,0.3500,-90.00,0.7600,0.4200,1.0000,8.00,180.00,10.000000,0.250000,0.000000,1.200000,0.000000,0.000000,1.200000,0.000000,0.000000,0.900000,0.000000,0.000000,0.850000,0.040000,0.000000,0.008000,0.000000,0.000600,0.008000,0.000000,0.000600,0.006000,0.000000,0.000000,1,1,1,896,232,841,841,840,0,0,60.00,13381,3405,842,0,0,0,13382,336.25,336.25,3,327,0.0000,0.4570,0.5480,0.8320,0.0890
2026-04-28T17:30:19.796,14.946,1,0.30,1.29,0.00,0.00,1,-0.0631,-0.0080,0.2570,0.0000,0.0000,0.0000,123.07,1.32,0,0.000,0.000,0.000,0,-1,0,0.000,0.7600,0.0000,68.58,62.58,897,897,1.00000,1.00000,1.00000,1.00000,0.00000,3,3,0,1,23.62157,0.03400,1.90356,0.0631,0.0080,0.0930,0.0000,0.0000,0.0000,146.93,8.79,-126.14,1,1,0.0000,0.0000,0.3500,-90.00,0.7600,0.4200,1.0000,8.00,180.00,10.000000,0.250000,0.000000,1.200000,0.000000,0.000000,1.200000,0.000000,0.000000,0.900000,0.000000,0.000000,0.850000,0.040000,0.000000,0.008000,0.000000,0.000600,0.008000,0.000000,0.000600,0.006000,0.000000,0.000000,1,1,1,897,232,841,841,840,0,0,60.00,13381,3405,842,0,0,0,13382,336.25,336.25,3,327,0.0000,0.4570,0.5480,0.8320,0.0890
2026-04-28T17:30:19.813,14.963,1,0.30,1.29,0.00,0.00,1,-0.0630,-0.0080,0.2572,0.0000,0.0000,0.0000,123.07,0.00,0,0.000,0.000,0.000,0,-1,0,0.000,0.7600,0.0000,54.46,57.36,898,898,1.00000,1.00000,1.00000,1.00000,0.00000,3,3,0,1,23.62250,0.03387,1.89999,0.0630,0.0080,0.0928,0.0000,0.0000,0.0000,146.93,8.78,-126.16,1,1,0.0000,0.0000,0.3500,-90.00,0.7600,0.4200,1.0000,8.00,180.00,10.000000,0.250000,0.000000,1.200000,0.000000,0.000000,1.200000,0.000000,0.000000,0.900000,0.000000,0.000000,0.850000,0.040000,0.000000,0.008000,0.000000,0.000600,0.008000,0.000000,0.000600,0.006000,0.000000,0.000000,1,1,1,898,232,841,841,840,0,0,60.00,13381,3405,842,0,0,0,13382,336.25,336.25,3,327,0.0000,0.4570,0.5480,0.8320,0.0890
2026-04-28T17:30:19.830,14.981,1,0.30,1.29,0.00,0.00,1,-0.0630,-0.0076,0.2569,0.0000,-0.0141,0.0102,123.15,-4.98,0,0.000,0.000,0.000,0,-1,0,0.000,0.7600,0.0000,57.47,59.82,899,899,1.00000,1.00000,1.00000,1.00000,0.00000,3,3,0,1,23.68096,0.03405,1.90172,0.0630,0.0076,0.0931,0.0000,-0.0141,0.0102,146.85,8.78,-126.11,1,1,0.0000,0.0000,0.3500,-90.00,0.7600,0.4200,1.0000,8.00,180.00,10.000000,0.250000,0.000000,1.200000,0.000000,0.000000,1.200000,0.000000,0.000000,0.900000,0.000000,0.000000,0.850000,0.040000,0.000000,0.008000,0.000000,0.000600,0.008000,0.000000,0.000600,0.006000,0.000000,0.000000,1,1,1,899,240,841,841,840,0,0,60.00,13381,3405,842,0,0,0,13382,336.25,336.25,3,327,0.0000,0.4570,0.5480,0.8320,0.0890
2026-04-28T17:30:19.846,14.997,1,0.30,1.29,0.00,0.00,1,-0.0630,-0.0078,0.2570,0.0000,0.0000,0.0000,123.07,4.89,0,0.000,0.000,0.000,0,-1,0,0.000,0.7600,0.0000,63.29,62.27,900,900,1.00000,1.00000,1.00000,1.00000,0.00000,3,3,0,1,23.59620,0.03392,1.90000,0.0630,0.0078,0.0930,0.0000,0.0000,0.0000,146.93,8.82,-126.13,1,1,0.0000,0.0000,0.3500,-90.00,0.7600,0.4200,1.0000,8.00,180.00,10.000000,0.250000,0.000000,1.200000,0.000000,0.000000,1.200000,0.000000,0.000000,0.900000,0.000000,0.000000,0.850000,0.040000,0.000000,0.008000,0.000000,0.000600,0.008000,0.000000,0.000600,0.006000,0.000000,0.000000,1,1,1,900,232,841,841,840,0,0,60.00,13381,3405,842,0,0,0,13382,336.25,336.25,3,327,0.0000,0.4570,0.5480,0.8320,0.0890
2026-04-28T17:30:19.858,15.009,1,0.30,1.29,0.00,0.00,1,-0.0630,-0.0079,0.2569,0.0000,0.0000,0.0000,123.06,0.78,0,0.000,0.000,0.000,0,-1,0,0.000,0.7600,0.0000,60.18,59.38,901,901,1.00000,1.00000,1.00000,1.00000,0.00000,3,3,0,1,23.64166,0.03399,1.90314,0.0630,0.0079,0.0931,0.0000,0.0000,0.0000,146.94,8.84,-126.12,1,1,0.0000,0.0000,0.3500,-90.00,0.7600,0.4200,1.0000,8.00,180.00,10.000000,0.250000,0.000000,1.200000,0.000000,0.000000,1.200000,0.000000,0.000000,0.900000,0.000000,0.000000,0.850000,0.040000,0.000000,0.008000,0.000000,0.000600,0.008000,0.000000,0.000600,0.006000,0.000000,0.000000,1,1,1,901,232,841,841,840,0,0,60.00,13381,3405,842,0,0,0,13382,336.25,336.25,3,327,0.0000,0.4570,0.5480,0.8320,0.0890
2026-04-28T17:30:19.879,15.030,1,0.30,1.29,0.00,0.00,1,-0.0631,-0.0079,0.2570,0.0000,0.0000,0.0000,123.06,0.00,0,0.000,0.000,0.000,0,-1,0,0.000,0.7600,0.0000,92.95,60.01,902,902,1.00000,1.00000,1.00000,1.00000,0.00000,3,3,0,1,23.62506,0.03400,1.90339,0.0631,0.0079,0.0930,0.0000,0.0000,0.0000,146.94,8.79,-126.15,1,1,0.0000,0.0000,0.3500,-90.00,0.7600,0.4200,1.0000,8.00,180.00,10.000000,0.250000,0.000000,1.200000,0.000000,0.000000,1.200000,0.000000,0.000000,0.900000,0.000000,0.000000,0.850000,0.040000,0.000000,0.008000,0.000000,0.000600,0.008000,0.000000,0.000600,0.006000,0.000000,0.000000,1,1,1,902,232,901,901,901,0,0,60.00,13441,3113,842,0,0,0,13382,336.25,336.25,3,327,0.0000,0.4570,0.5480,0.8320,0.0890
2026-04-28T17:30:19.889,15.040,1,0.30,1.29,0.00,0.00,1,-0.0631,-0.0078,0.2571,0.0000,0.0000,0.0000,123.12,-5.00,0,0.000,0.000,0.000,0,-1,0,0.000,0.7600,0.0000,47.47,58.83,903,903,1.00000,1.00000,1.00000,1.00000,0.00000,3,3,0,1,23.62042,0.03391,1.89960,0.0631,0.0078,0.0929,0.0000,0.0000,0.0000,146.88,8.78,-126.12,1,1,0.0000,0.0000,0.3500,-90.00,0.7600,0.4200,1.0000,8.00,180.00,10.000000,0.250000,0.000000,1.200000,0.000000,0.000000,1.200000,0.000000,0.000000,0.900000,0.000000,0.000000,0.850000,0.040000,0.000000,0.008000,0.000000,0.000600,0.008000,0.000000,0.000600,0.006000,0.000000,0.000000,1,1,1,903,232,901,901,901,0,0,60.00,13441,3113,902,0,0,0,13442,500.50,500.50,8,1907,0.0000,0.4570,0.5480,0.8320,0.0890
2026-04-28T17:30:19.905,15.056,1,0.30,1.29,0.00,0.00,1,-0.0630,-0.0077,0.2570,0.0000,0.0000,0.0000,123.11,0.64,0,0.000,0.000,0.000,0,-1,0,0.000,0.7600,0.0000,47.62,63.98,904,904,1.00000,1.00000,1.00000,1.00000,0.00000,3,3,0,1,23.63303,0.03409,1.90285,0.0630,0.0077,0.0930,0.0000,0.0000,0.0000,146.89,8.80,-126.13,1,1,0.0000,0.0000,0.3500,-90.00,0.7600,0.4200,1.0000,8.00,180.00,10.000000,0.250000,0.000000,1.200000,0.000000,0.000000,1.200000,0.000000,0.000000,0.900000,0.000000,0.000000,0.850000,0.040000,0.000000,0.008000,0.000000,0.000600,0.008000,0.000000,0.000600,0.006000,0.000000,0.000000,1,1,1,904,231,901,901,901,0,0,60.00,13441,3113,902,0,0,0,13442,500.50,500.50,8,1907,0.0000,0.4570,0.5480,0.8320,0.0890
2026-04-28T17:30:19.929,15.080,1,0.30,1.29,0.00,0.00,1,-0.0630,-0.0079,0.2571,0.0000,0.0000,0.0000,123.08,1.79,0,0.000,0.000,0.000,0,-1,0,0.000,0.7600,0.0000,195.24,59.58,905,905,1.00000,1.00000,1.00000,1.00000,0.00000,3,3,0,1,23.60693,0.03397,1.90278,0.0630,0.0079,0.0929,0.0000,0.0000,0.0000,146.92,8.80,-126.13,1,1,0.0000,0.0000,0.3500,-90.00,0.7600,0.4200,1.0000,8.00,180.00,10.000000,0.250000,0.000000,1.200000,0.000000,0.000000,1.200000,0.000000,0.000000,0.900000,0.000000,0.000000,0.850000,0.040000,0.000000,0.008000,0.000000,0.000600,0.008000,0.000000,0.000600,0.006000,0.000000,0.000000,1,1,1,905,231,901,901,901,0,0,60.00,13441,3113,902,0,0,0,13442,500.50,500.50,8,1907,0.0000,0.4570,0.5480,0.8320,0.0890
2026-04-28T17:30:19.947,15.098,1,0.30,1.29,0.00,0.00,1,-0.0630,-0.0078,0.2571,0.0000,0.0000,0.0000,123.13,-2.04,0,0.000,0.000,0.000,0,-1,0,0.000,0.7600,0.0000,41.96,57.95,906,906,1.00000,1.00000,1.00000,1.00000,0.00000,3,3,0,1,23.65716,0.03405,1.90282,0.0630,0.0078,0.0929,0.0000,0.0000,0.0000,146.87,8.76,-126.14,1,1,0.0000,0.0000,0.3500,-90.00,0.7600,0.4200,1.0000,8.00,180.00,10.000000,0.250000,0.000000,1.200000,0.000000,0.000000,1.200000,0.000000,0.000000,0.900000,0.000000,0.000000,0.850000,0.040000,0.000000,0.008000,0.000000,0.000600,0.008000,0.000000,0.000600,0.006000,0.000000,0.000000,1,1,1,906,232,901,901,901,0,0,60.00,13441,3113,902,0,0,0,13442,500.50,500.50,8,1907,0.0000,0.4570,0.5480,0.8320,0.0890
2026-04-28T17:30:19.959,15.109,1,0.30,1.29,0.00,0.00,1,-0.0631,-0.0079,0.2571,0.0000,0.0000,0.0000,123.09,3.21,0,0.000,0.000,0.000,0,-1,0,0.000,0.7600,0.0000,51.40,60.09,907,907,1.00000,1.00000,1.00000,1.00000,0.00000,3,3,0,1,23.59530,0.03388,1.90083,0.0631,0.0079,0.0929,0.0000,0.0000,0.0000,146.91,8.75,-126.14,1,1,0.0000,0.0000,0.3500,-90.00,0.7600,0.4200,1.0000,8.00,180.00,10.000000,0.250000,0.000000,1.200000,0.000000,0.000000,1.200000,0.000000,0.000000,0.900000,0.000000,0.000000,0.850000,0.040000,0.000000,0.008000,0.000000,0.000600,0.008000,0.000000,0.000600,0.006000,0.000000,0.000000,1,1,1,907,232,901,901,901,0,0,60.00,13441,3113,902,0,0,0,13442,500.50,500.50,8,1907,0.0000,0.4570,0.5480,0.8320,0.0890
2026-04-28T17:30:19.979,15.130,1,0.30,1.29,0.00,0.00,1,-0.0631,-0.0077,0.2572,0.0000,0.0000,0.0000,123.17,-4.18,0,0.000,0.000,0.000,0,-1,0,0.000,0.7600,0.0000,95.88,63.34,908,908,1.00000,1.00000,1.00000,1.00000,0.00000,3,3,0,1,23.66905,0.03402,1.90009,0.0631,0.0077,0.0928,0.0000,0.0000,0.0000,146.83,8.76,-126.15,1,1,0.0000,0.0000,0.3500,-90.00,0.7600,0.4200,1.0000,8.00,180.00,10.000000,0.250000,0.000000,1.200000,0.000000,0.000000,1.200000,0.000000,0.000000,0.900000,0.000000,0.000000,0.850000,0.040000,0.000000,0.008000,0.000000,0.000600,0.008000,0.000000,0.000600,0.006000,0.000000,0.000000,1,1,1,908,232,901,901,901,0,0,60.00,13441,3113,902,0,0,0,13442,500.50,500.50,8,1907,0.0000,0.4570,0.5480,0.8320,0.0890
2026-04-28T17:30:19.995,15.146,1,0.30,1.29,0.00,0.00,1,-0.0631,-0.0079,0.2571,0.0000,0.0000,0.0000,123.08,5.25,0,0.000,0.000,0.000,0,-1,0,0.000,0.7600,0.0000,46.63,56.03,909,909,1.00000,1.00000,1.00000,1.00000,0.00000,3,3,0,1,23.62950,0.03400,1.90325,0.0631,0.0079,0.0929,0.0000,0.0000,0.0000,146.92,8.77,-126.16,1,1,0.0000,0.0000,0.3500,-90.00,0.7600,0.4200,1.0000,8.00,180.00,10.000000,0.250000,0.000000,1.200000,0.000000,0.000000,1.200000,0.000000,0.000000,0.900000,0.000000,0.000000,0.850000,0.040000,0.000000,0.008000,0.000000,0.000600,0.008000,0.000000,0.000600,0.006000,0.000000,0.000000,1,1,1,909,232,901,901,901,0,0,60.00,13441,3113,902,0,0,0,13442,500.50,500.50,8,1907,0.0000,0.4570,0.5480,0.8320,0.0890
2026-04-28T17:30:20.011,15.162,1,0.30,1.29,0.00,0.00,1,-0.0631,-0.0078,0.2569,0.0000,0.0000,0.0000,123.17,-5.80,0,0.000,0.000,0.000,0,-1,0,0.000,0.7600,0.0000,63.20,60.97,910,910,1.00000,1.00000,1.00000,1.00000,0.00000,3,3,0,1,23.64781,0.03418,1.90510,0.0631,0.0078,0.0931,0.0000,0.0000,0.0000,146.83,8.76,-126.13,1,1,0.0000,0.0000,0.3500,-90.00,0.7600,0.4200,1.0000,8.00,180.00,10.000000,0.250000,0.000000,1.200000,0.000000,0.000000,1.200000,0.000000,0.000000,0.900000,0.000000,0.000000,0.850000,0.040000,0.000000,0.008000,0.000000,0.000600,0.008000,0.000000,0.000600,0.006000,0.000000,0.000000,1,1,1,910,232,901,901,901,0,0,60.00,13441,3113,902,0,0,0,13442,500.50,500.50,8,1907,0.0000,0.4570,0.5480,0.8320,0.0890
2026-04-28T17:30:20.030,15.181,1,0.30,1.29,0.00,0.00,1,-0.0631,-0.0079,0.2570,0.0000,0.0000,0.0000,123.09,4.31,0,0.000,0.000,0.000,0,-1,0,0.000,0.7600,0.0000,59.98,60.04,911,911,1.00000,1.00000,1.00000,1.00000,0.00000,3,3,0,1,23.62950,0.03400,1.90325,0.0631,0.0079,0.0930,0.0000,0.0000,0.0000,146.91,8.78,-126.15,1,1,0.0000,0.0000,0.3500,-90.00,0.7600,0.4200,1.0000,8.00,180.00,10.000000,0.250000,0.000000,1.200000,0.000000,0.000000,1.200000,0.000000,0.000000,0.900000,0.000000,0.000000,0.850000,0.040000,0.000000,0.008000,0.000000,0.000600,0.008000,0.000000,0.000600,0.006000,0.000000,0.000000,1,1,1,911,232,901,901,901,0,0,60.00,13441,3113,902,0,0,0,13442,500.50,500.50,8,1907,0.0000,0.4570,0.5480,0.8320,0.0890
2026-04-28T17:30:20.046,15.197,1,0.30,1.29,0.00,0.00,1,-0.0631,-0.0078,0.2571,0.0000,0.0000,0.0000,123.14,-3.15,0,0.000,0.000,0.000,0,-1,0,0.000,0.7600,0.0000,51.50,59.76,912,912,1.00000,1.00000,1.00000,1.00000,0.00000,3,3,0,1,23.63482,0.03398,1.90143,0.0631,0.0078,0.0929,0.0000,0.0000,0.0000,146.86,8.76,-126.18,1,1,0.0000,0.0000,0.3500,-90.00,0.7600,0.4200,1.0000,8.00,180.00,10.000000,0.250000,0.000000,1.200000,0.000000,0.000000,1.200000,0.000000,0.000000,0.900000,0.000000,0.000000,0.850000,0.040000,0.000000,0.008000,0.000000,0.000600,0.008000,0.000000,0.000600,0.006000,0.000000,0.000000,1,1,1,912,232,901,901,901,0,0,60.00,13441,3113,902,0,0,0,13442,500.50,500.50,8,1907,0.0000,0.4570,0.5480,0.8320,0.0890
2026-04-28T17:30:20.062,15.213,1,0.30,1.29,0.00,0.00,1,-0.0631,-0.0079,0.2571,0.0000,0.0000,0.0000,123.13,0.63,0,0.000,0.000,0.000,0,-1,0,0.000,0.7600,0.0000,67.21,60.09,913,913,1.00000,1.00000,1.00000,1.00000,0.00000,3,3,0,1,23.61314,0.03412,1.90232,0.0631,0.0079,0.0929,0.0000,0.0000,0.0000,146.87,8.79,-126.15,1,1,0.0000,0.0000,0.3500,-90.00,0.7600,0.4200,1.0000,8.00,180.00,10.000000,0.250000,0.000000,1.200000,0.000000,0.000000,1.200000,0.000000,0.000000,0.900000,0.000000,0.000000,0.850000,0.040000,0.000000,0.008000,0.000000,0.000600,0.008000,0.000000,0.000600,0.006000,0.000000,0.000000,1,1,1,913,232,901,901,901,0,0,60.00,13441,3113,902,0,0,0,13442,500.50,500.50,8,1907,0.0000,0.4570,0.5480,0.8320,0.0890
2026-04-28T17:30:20.079,15.229,1,0.30,1.29,0.00,0.00,1,-0.0631,-0.0079,0.2571,0.0000,0.0000,0.0000,123.09,2.45,0,0.000,0.000,0.000,0,-1,0,0.000,0.7600,0.0000,62.71,58.31,914,914,1.00000,1.00000,1.00000,1.00000,0.00000,3,3,0,1,23.62506,0.03400,1.90339,0.0631,0.0079,0.0929,0.0000,0.0000,0.0000,146.91,8.77,-126.16,1,1,0.0000,0.0000,0.3500,-90.00,0.7600,0.4200,1.0000,8.00,180.00,10.000000,0.250000,0.000000,1.200000,0.000000,0.000000,1.200000,0.000000,0.000000,0.900000,0.000000,0.000000,0.850000,0.040000,0.000000,0.008000,0.000000,0.000600,0.008000,0.000000,0.000600,0.006000,0.000000,0.000000,1,1,1,914,232,901,901,901,0,0,60.00,13441,3113,902,0,0,0,13442,500.50,500.50,8,1907,0.0000,0.4570,0.5480,0.8320,0.0890
2026-04-28T17:30:20.095,15.246,1,0.30,1.29,0.00,0.00,1,-0.0631,-0.0080,0.2572,0.0000,0.0000,0.0000,123.07,1.19,0,0.000,0.000,0.000,0,-1,0,0.000,0.7600,0.0000,59.42,61.71,915,915,1.00000,1.00000,1.00000,1.00000,0.00000,3,3,0,1,23.59711,0.03393,1.90139,0.0631,0.0080,0.0928,0.0000,0.0000,0.0000,146.93,8.78,-126.15,1,1,0.0000,0.0000,0.3500,-90.00,0.7600,0.4200,1.0000,8.00,180.00,10.000000,0.250000,0.000000,1.200000,0.000000,0.000000,1.200000,0.000000,0.000000,0.900000,0.000000,0.000000,0.850000,0.040000,0.000000,0.008000,0.000000,0.000600,0.008000,0.000000,0.000600,0.006000,0.000000,0.000000,1,1,1,915,232,901,901,901,0,0,60.00,13441,3113,902,0,0,0,13442,500.50,500.50,8,1907,0.0000,0.4570,0.5480,0.8320,0.0890
2026-04-28T17:30:20.112,15.263,1,0.30,1.29,0.00,0.00,1,-0.0631,-0.0078,0.2570,0.0000,0.0000,0.0000,123.11,-2.34,0,0.000,0.000,0.000,0,-1,0,0.000,0.7600,0.0000,60.51,58.71,916,916,1.00000,1.00000,1.00000,1.00000,0.00000,3,3,0,1,23.68573,0.03384,1.90444,0.0631,0.0078,0.0930,0.0000,0.0000,0.0000,146.89,8.71,-126.16,1,1,0.0000,0.0000,0.3500,-90.00,0.7600,0.4200,1.0000,8.00,180.00,10.000000,0.250000,0.000000,1.200000,0.000000,0.000000,1.200000,0.000000,0.000000,0.900000,0.000000,0.000000,0.850000,0.040000,0.000000,0.008000,0.000000,0.000600,0.008000,0.000000,0.000600,0.006000,0.000000,0.000000,1,1,1,916,232,901,901,901,0,0,60.00,13441,3113,902,0,0,0,13442,500.50,500.50,8,1907,0.0000,0.4570,0.5480,0.8320,0.0890
2026-04-28T17:30:20.129,15.280,1,0.30,1.29,0.00,0.00,1,-0.0630,-0.0078,0.2571,0.0000,0.0000,0.0000,123.10,0.57,0,0.000,0.000,0.000,0,-1,0,0.000,0.7600,0.0000,56.65,61.75,917,917,1.00000,1.00000,1.00000,1.00000,0.00000,3,3,0,1,23.58012,0.03392,1.89839,0.0630,0.0078,0.0929,0.0000,0.0000,0.0000,146.90,8.76,-126.14,1,1,0.0000,0.0000,0.3500,-90.00,0.7600,0.4200,1.0000,8.00,180.00,10.000000,0.250000,0.000000,1.200000,0.000000,0.000000,1.200000,0.000000,0.000000,0.900000,0.000000,0.000000,0.850000,0.040000,0.000000,0.008000,0.000000,0.000600,0.008000,0.000000,0.000600,0.006000,0.000000,0.000000,1,1,1,917,231,901,901,901,0,0,60.00,13441,3113,902,0,0,0,13442,500.50,500.50,8,1907,0.0000,0.4570,0.5480,0.8320,0.0890
2026-04-28T17:30:20.148,15.299,1,0.30,1.29,0.00,0.00,1,-0.0630,-0.0079,0.2571,0.0000,0.0000,0.0000,123.07,1.66,0,0.000,0.000,0.000,0,-1,0,0.000,0.7600,0.0000,59.80,59.00,918,918,1.00000,1.00000,1.00000,1.00000,0.00000,3,3,0,1,23.59175,0.03392,1.90014,0.0630,0.0079,0.0929,0.0000,0.0000,0.0000,146.93,8.79,-126.15,1,1,0.0000,0.0000,0.3500,-90.00,0.7600,0.4200,1.0000,8.00,180.00,10.000000,0.250000,0.000000,1.200000,0.000000,0.000000,1.200000,0.000000,0.000000,0.900000,0.000000,0.000000,0.850000,0.040000,0.000000,0.008000,0.000000,0.000600,0.008000,0.000000,0.000600,0.006000,0.000000,0.000000,1,1,1,918,232,901,901,901,0,0,60.00,13441,3113,902,0,0,0,13442,500.50,500.50,8,1907,0.0000,0.4570,0.5480,0.8320,0.0890
2026-04-28T17:30:20.163,15.313,1,0.30,1.29,0.00,0.00,1,-0.0631,-0.0078,0.2573,0.0000,0.0000,0.0000,123.10,-2.02,0,0.000,0.000,0.000,0,-1,0,0.000,0.7600,0.0000,56.90,61.23,919,919,1.00000,1.00000,1.00000,1.00000,0.00000,3,3,0,1,23.60304,0.03394,1.89967,0.0631,0.0078,0.0927,0.0000,0.0000,0.0000,146.90,8.73,-126.13,1,1,0.0000,0.0000,0.3500,-90.00,0.7600,0.4200,1.0000,8.00,180.00,10.000000,0.250000,0.000000,1.200000,0.000000,0.000000,1.200000,0.000000,0.000000,0.900000,0.000000,0.000000,0.850000,0.040000,0.000000,0.008000,0.000000,0.000600,0.008000,0.000000,0.000600,0.006000,0.000000,0.000000,1,1,1,919,231,901,901,901,0,0,60.00,13441,3113,902,0,0,0,13442,500.50,500.50,8,1907,0.0000,0.4570,0.5480,0.8320,0.0890
2026-04-28T17:30:20.180,15.331,1,0.30,1.29,0.00,0.00,1,-0.0631,-0.0078,0.2570,0.0000,0.0000,0.0000,123.08,1.16,0,0.000,0.000,0.000,0,-1,0,0.000,0.7600,0.0000,61.94,79.28,920,920,1.00000,1.00000,1.00000,1.00000,0.00000,3,3,0,1,23.64420,0.03407,1.90431,0.0631,0.0078,0.0930,0.0000,0.0000,0.0000,146.92,8.78,-126.15,1,1,0.0000,0.0000,0.3500,-90.00,0.7600,0.4200,1.0000,8.00,180.00,10.000000,0.250000,0.000000,1.200000,0.000000,0.000000,1.200000,0.000000,0.000000,0.900000,0.000000,0.000000,0.850000,0.040000,0.000000,0.008000,0.000000,0.000600,0.008000,0.000000,0.000600,0.006000,0.000000,0.000000,1,1,1,920,232,901,901,901,0,0,60.00,13441,3113,902,0,0,0,13442,500.50,500.50,8,1907,0.0000,0.4570,0.5480,0.8320,0.0890
2026-04-28T17:30:20.196,15.347,1,0.30,1.29,0.00,0.00,1,-0.0631,-0.0080,0.2572,0.0000,0.0000,0.0000,123.08,0.00,0,0.000,0.000,0.000,0,-1,0,0.000,0.7600,0.0000,59.68,45.91,921,921,1.00000,1.00000,1.00000,1.00000,0.00000,3,3,0,1,23.59464,0.03402,1.90130,0.0631,0.0080,0.0928,0.0000,0.0000,0.0000,146.92,8.80,-126.15,1,1,0.0000,0.0000,0.3500,-90.00,0.7600,0.4200,1.0000,8.00,180.00,10.000000,0.250000,0.000000,1.200000,0.000000,0.000000,1.200000,0.000000,0.000000,0.900000,0.000000,0.000000,0.850000,0.040000,0.000000,0.008000,0.000000,0.000600,0.008000,0.000000,0.000600,0.006000,0.000000,0.000000,1,1,1,921,231,901,901,901,0,0,60.00,13441,3113,902,0,0,0,13442,500.50,500.50,8,1907,0.0000,0.4570,0.5480,0.8320,0.0890
2026-04-28T17:30:20.212,15.363,1,0.30,1.29,0.00,0.00,1,-0.0631,-0.0076,0.2571,0.0000,0.0000,0.0000,123.17,-5.88,0,0.000,0.000,0.000,0,-1,0,0.000,0.7600,0.0000,63.38,64.00,922,922,1.00000,1.00000,1.00000,1.00000,0.00000,3,3,0,1,23.61818,0.03408,1.90183,0.0631,0.0076,0.0929,0.0000,0.0000,0.0000,146.83,8.71,-126.10,1,1,0.0000,0.0000,0.3500,-90.00,0.7600,0.4200,1.0000,8.00,180.00,10.000000,0.250000,0.000000,1.200000,0.000000,0.000000,1.200000,0.000000,0.000000,0.900000,0.000000,0.000000,0.850000,0.040000,0.000000,0.008000,0.000000,0.000600,0.008000,0.000000,0.000600,0.006000,0.000000,0.000000,1,1,1,922,231,901,901,901,0,0,60.00,13441,3113,902,0,0,0,13442,500.50,500.50,8,1907,0.0000,0.4570,0.5480,0.8320,0.0890
2026-04-28T17:30:20.230,15.381,1,0.30,1.29,0.00,0.00,1,-0.0630,-0.0079,0.2571,0.0000,0.0000,0.0000,123.13,2.27,0,0.000,0.000,0.000,0,-1,0,0.000,0.7600,0.0000,59.82,59.99,923,923,1.00000,1.00000,1.00000,1.00000,0.00000,3,3,0,1,23.64698,0.03395,1.90216,0.0630,0.0079,0.0929,0.0000,0.0000,0.0000,146.87,8.76,-126.13,1,1,0.0000,0.0000,0.3500,-90.00,0.7600,0.4200,1.0000,8.00,180.00,10.000000,0.250000,0.000000,1.200000,0.000000,0.000000,1.200000,0.000000,0.000000,0.900000,0.000000,0.000000,0.850000,0.040000,0.000000,0.008000,0.000000,0.000600,0.008000,0.000000,0.000600,0.006000,0.000000,0.000000,1,1,1,923,232,901,901,901,0,0,60.00,13441,3113,902,0,0,0,13442,500.50,500.50,8,1907,0.0000,0.4570,0.5480,0.8320,0.0890
2026-04-28T17:30:20.246,15.396,1,0.30,1.29,0.00,0.00,1,-0.0630,-0.0078,0.2570,0.0000,0.0000,0.0000,123.09,2.58,0,0.000,0.000,0.000,0,-1,0,0.000,0.7600,0.0000,57.97,60.16,924,924,1.00000,1.00000,1.00000,1.00000,0.00000,3,3,0,1,23.62719,0.03402,1.90053,0.0630,0.0078,0.0930,0.0000,0.0000,0.0000,146.91,8.79,-126.16,1,1,0.0000,0.0000,0.3500,-90.00,0.7600,0.4200,1.0000,8.00,180.00,10.000000,0.250000,0.000000,1.200000,0.000000,0.000000,1.200000,0.000000,0.000000,0.900000,0.000000,0.000000,0.850000,0.040000,0.000000,0.008000,0.000000,0.000600,0.008000,0.000000,0.000600,0.006000,0.000000,0.000000,1,1,1,924,232,901,901,901,0,0,60.00,13441,3113,902,0,0,0,13442,500.50,500.50,8,1907,0.0000,0.4570,0.5480,0.8320,0.0890
2026-04-28T17:30:20.264,15.414,1,0.30,1.29,0.00,0.00,1,-0.0630,-0.0078,0.2571,0.0000,0.0000,0.0000,123.15,-3.29,0,0.000,0.000,0.000,0,-1,0,0.000,0.7600,0.0000,63.74,57.89,925,925,1.00000,1.00000,1.00000,1.00000,0.00000,3,3,0,1,23.65439,0.03406,1.90159,0.0630,0.0078,0.0929,0.0000,0.0000,0.0000,146.85,8.78,-126.12,1,1,0.0000,0.0000,0.3500,-90.00,0.7600,0.4200,1.0000,8.00,180.00,10.000000,0.250000,0.000000,1.200000,0.000000,0.000000,1.200000,0.000000,0.000000,0.900000,0.000000,0.000000,0.850000,0.040000,0.000000,0.008000,0.000000,0.000600,0.008000,0.000000,0.000600,0.006000,0.000000,0.000000,1,1,1,925,232,901,901,901,0,0,60.00,13441,3113,902,0,0,0,13442,500.50,500.50,8,1907,0.0000,0.4570,0.5480,0.8320,0.0890
2026-04-28T17:30:20.279,15.430,1,0.30,1.29,0.00,0.00,1,-0.0631,-0.0082,0.2571,0.0000,0.0112,0.0000,123.03,8.01,0,0.000,0.000,0.000,0,-1,0,0.000,0.7600,0.0000,55.39,69.34,926,926,1.00000,1.00000,1.00000,1.00000,0.00000,3,3,0,1,23.60662,0.03399,1.90514,0.0631,0.0082,0.0929,0.0000,0.0112,0.0000,146.97,8.78,-126.13,1,1,0.0000,0.0000,0.3500,-90.00,0.7600,0.4200,1.0000,8.00,180.00,10.000000,0.250000,0.000000,1.200000,0.000000,0.000000,1.200000,0.000000,0.000000,0.900000,0.000000,0.000000,0.850000,0.040000,0.000000,0.008000,0.000000,0.000600,0.008000,0.000000,0.000600,0.006000,0.000000,0.000000,1,1,1,926,236,901,901,901,0,0,60.00,13441,3113,902,0,0,0,13442,500.50,500.50,8,1907,0.0000,0.4570,0.5480,0.8320,0.0890
2026-04-28T17:30:20.296,15.447,1,0.30,1.29,0.00,0.00,1,-0.0631,-0.0078,0.2570,0.0000,0.0000,0.0000,123.10,-4.03,0,0.000,0.000,0.000,0,-1,0,0.000,0.7600,0.0000,64.56,54.83,927,927,1.00000,1.00000,1.00000,1.00000,0.00000,3,3,0,1,23.62859,0.03409,1.90299,0.0631,0.0078,0.0930,0.0000,0.0000,0.0000,146.90,8.78,-126.13,1,1,0.0000,0.0000,0.3500,-90.00,0.7600,0.4200,1.0000,8.00,180.00,10.000000,0.250000,0.000000,1.200000,0.000000,0.000000,1.200000,0.000000,0.000000,0.900000,0.000000,0.000000,0.850000,0.040000,0.000000,0.008000,0.000000,0.000600,0.008000,0.000000,0.000600,0.006000,0.000000,0.000000,1,1,1,927,231,901,901,901,0,0,60.00,13441,3113,902,0,0,0,13442,500.50,500.50,8,1907,0.0000,0.4570,0.5480,0.8320,0.0890
2026-04-28T17:30:20.312,15.463,1,0.30,1.29,0.00,0.00,1,-0.0630,-0.0077,0.2570,0.0000,0.0000,0.0000,123.10,0.00,0,0.000,0.000,0.000,0,-1,0,0.000,0.7600,0.0000,57.57,57.94,928,928,1.00000,1.00000,1.00000,1.00000,0.00000,3,3,0,1,23.60853,0.03402,1.90068,0.0630,0.0077,0.0930,0.0000,0.0000,0.0000,146.90,8.78,-126.14,1,1,0.0000,0.0000,0.3500,-90.00,0.7600,0.4200,1.0000,8.00,180.00,10.000000,0.250000,0.000000,1.200000,0.000000,0.000000,1.200000,0.000000,0.000000,0.900000,0.000000,0.000000,0.850000,0.040000,0.000000,0.008000,0.000000,0.000600,0.008000,0.000000,0.000600,0.006000,0.000000,0.000000,1,1,1,928,231,901,901,901,0,0,60.00,13441,3113,902,0,0,0,13442,500.50,500.50,8,1907,0.0000,0.4570,0.5480,0.8320,0.0890
2026-04-28T17:30:20.329,15.480,1,0.30,1.29,0.00,0.00,1,-0.0629,-0.0078,0.2570,0.0000,0.0000,0.0000,123.12,-1.22,0,0.000,0.000,0.000,0,-1,0,0.000,0.7600,0.0000,60.87,62.14,929,929,1.00000,1.00000,1.00000,1.00000,0.00000,3,3,0,1,23.60883,0.03405,1.89933,0.0629,0.0078,0.0930,0.0000,0.0000,0.0000,146.88,8.80,-126.12,1,1,0.0000,0.0000,0.3500,-90.00,0.7600,0.4200,1.0000,8.00,180.00,10.000000,0.250000,0.000000,1.200000,0.000000,0.000000,1.200000,0.000000,0.000000,0.900000,0.000000,0.000000,0.850000,0.040000,0.000000,0.008000,0.000000,0.000600,0.008000,0.000000,0.000600,0.006000,0.000000,0.000000,1,1,1,929,231,901,901,901,0,0,60.00,13441,3113,902,0,0,0,13442,500.50,500.50,8,1907,0.0000,0.4570,0.5480,0.8320,0.0890
2026-04-28T17:30:20.346,15.496,1,0.30,1.29,0.00,0.00,1,-0.0630,-0.0077,0.2570,0.0000,0.0000,0.0000,123.12,0.00,0,0.000,0.000,0.000,0,-1,0,0.000,0.7600,0.0000,65.66,66.90,930,930,1.00000,1.00000,1.00000,1.00000,0.00000,3,3,0,1,23.63644,0.03405,1.90353,0.0630,0.0077,0.0930,0.0000,0.0000,0.0000,146.88,8.76,-126.11,1,1,0.0000,0.0000,0.3500,-90.00,0.7600,0.4200,1.0000,8.00,180.00,10.000000,0.250000,0.000000,1.200000,0.000000,0.000000,1.200000,0.000000,0.000000,0.900000,0.000000,0.000000,0.850000,0.040000,0.000000,0.008000,0.000000,0.000600,0.008000,0.000000,0.000600,0.006000,0.000000,0.000000,1,1,1,930,232,901,901,901,0,0,60.00,13441,3113,902,0,0,0,13442,500.50,500.50,8,1907,0.0000,0.4570,0.5480,0.8320,0.0890
2026-04-28T17:30:20.362,15.512,1,0.30,1.29,0.00,0.00,1,-0.0631,-0.0078,0.2570,0.0000,0.0000,0.0000,123.11,0.62,0,0.000,0.000,0.000,0,-1,0,0.000,0.7600,0.0000,57.41,58.60,931,931,1.00000,1.00000,1.00000,1.00000,0.00000,3,3,0,1,23.64528,0.03412,1.90491,0.0631,0.0078,0.0930,0.0000,0.0000,0.0000,146.89,8.77,-126.14,1,1,0.0000,0.0000,0.3500,-90.00,0.7600,0.4200,1.0000,8.00,180.00,10.000000,0.250000,0.000000,1.200000,0.000000,0.000000,1.200000,0.000000,0.000000,0.900000,0.000000,0.000000,0.850000,0.040000,0.000000,0.008000,0.000000,0.000600,0.008000,0.000000,0.000600,0.006000,0.000000,0.000000,1,1,1,931,232,901,901,901,0,0,60.00,13441,3113,902,0,0,0,13442,500.50,500.50,8,1907,0.0000,0.4570,0.5480,0.8320,0.0890
2026-04-28T17:30:20.379,15.529,1,0.30,1.29,0.00,0.00,1,-0.0631,-0.0078,0.2571,0.0000,0.0000,0.0000,123.10,0.55,0,0.000,0.000,0.000,0,-1,0,0.000,0.7600,0.0000,58.25,54.02,932,932,1.00000,1.00000,1.00000,1.00000,0.00000,3,3,0,1,23.61344,0.03400,1.90164,0.0631,0.0078,0.0929,0.0000,0.0000,0.0000,146.90,8.74,-126.13,1,1,0.0000,0.0000,0.3500,-90.00,0.7600,0.4200,1.0000,8.00,180.00,10.000000,0.250000,0.000000,1.200000,0.000000,0.000000,1.200000,0.000000,0.000000,0.900000,0.000000,0.000000,0.850000,0.040000,0.000000,0.008000,0.000000,0.000600,0.008000,0.000000,0.000600,0.006000,0.000000,0.000000,1,1,1,932,231,901,901,901,0,0,60.00,13441,3113,902,0,0,0,13442,500.50,500.50,8,1907,0.0000,0.4570,0.5480,0.8320,0.0890
2026-04-28T17:30:20.396,15.547,1,0.30,1.29,0.00,0.00,1,-0.0629,-0.0079,0.2570,0.0000,0.0000,0.0000,123.09,0.62,0,0.000,0.000,0.000,0,-1,0,0.000,0.7600,0.0000,58.28,61.76,933,933,1.00000,1.00000,1.00000,1.00000,0.00000,3,3,0,1,23.63070,0.03406,1.90011,0.0629,0.0079,0.0930,0.0000,0.0000,0.0000,146.91,8.78,-126.13,1,1,0.0000,0.0000,0.3500,-90.00,0.7600,0.4200,1.0000,8.00,180.00,10.000000,0.250000,0.000000,1.200000,0.000000,0.000000,1.200000,0.000000,0.000000,0.900000,0.000000,0.000000,0.850000,0.040000,0.000000,0.008000,0.000000,0.000600,0.008000,0.000000,0.000600,0.006000,0.000000,0.000000,1,1,1,933,232,901,901,901,0,0,60.00,13441,3113,902,0,0,0,13442,500.50,500.50,8,1907,0.0000,0.4570,0.5480,0.8320,0.0890
2026-04-28T17:30:20.412,15.562,1,0.30,1.29,0.00,0.00,1,-0.0631,-0.0077,0.2571,0.0000,0.0000,0.0000,123.13,-2.39,0,0.000,0.000,0.000,0,-1,0,0.000,0.7600,0.0000,60.96,60.13,934,934,1.00000,1.00000,1.00000,1.00000,0.00000,3,3,0,1,23.60761,0.03397,1.90150,0.0631,0.0077,0.0929,0.0000,0.0000,0.0000,146.87,8.72,-126.12,1,1,0.0000,0.0000,0.3500,-90.00,0.7600,0.4200,1.0000,8.00,180.00,10.000000,0.250000,0.000000,1.200000,0.000000,0.000000,1.200000,0.000000,0.000000,0.900000,0.000000,0.000000,0.850000,0.040000,0.000000,0.008000,0.000000,0.000600,0.008000,0.000000,0.000600,0.006000,0.000000,0.000000,1,1,1,934,232,901,901,901,0,0,60.00,13441,3113,902,0,0,0,13442,500.50,500.50,8,1907,0.0000,0.4570,0.5480,0.8320,0.0890
2026-04-28T17:30:20.429,15.580,1,0.30,1.29,0.00,0.00,1,-0.0631,-0.0078,0.2572,0.0000,0.0000,0.0000,123.15,-1.34,0,0.000,0.000,0.000,0,-1,0,0.000,0.7600,0.0000,63.13,58.25,935,935,1.00000,1.00000,1.00000,1.00000,0.00000,3,3,0,1,23.62042,0.03391,1.89960,0.0631,0.0078,0.0928,0.0000,0.0000,0.0000,146.85,8.74,-126.11,1,1,0.0000,0.0000,0.3500,-90.00,0.7600,0.4200,1.0000,8.00,180.00,10.000000,0.250000,0.000000,1.200000,0.000000,0.000000,1.200000,0.000000,0.000000,0.900000,0.000000,0.000000,0.850000,0.040000,0.000000,0.008000,0.000000,0.000600,0.008000,0.000000,0.000600,0.006000,0.000000,0.000000,1,1,1,935,232,901,901,901,0,0,60.00,13441,3113,902,0,0,0,13442,500.50,500.50,8,1907,0.0000,0.4570,0.5480,0.8320,0.0890
2026-04-28T17:30:20.447,15.598,1,0.30,1.29,0.00,0.00,1,-0.0630,-0.0079,0.2572,0.0000,0.0000,0.0000,123.11,2.05,0,0.000,0.000,0.000,0,-1,0,0.000,0.7600,0.0000,62.38,62.16,936,936,1.00000,1.00000,1.00000,1.00000,0.00000,3,3,0,1,23.62250,0.03387,1.89999,0.0630,0.0079,0.0928,0.0000,0.0000,0.0000,146.89,8.76,-126.14,1,1,0.0000,0.0000,0.3500,-90.00,0.7600,0.4200,1.0000,8.00,180.00,10.000000,0.250000,0.000000,1.200000,0.000000,0.000000,1.200000,0.000000,0.000000,0.900000,0.000000,0.000000,0.850000,0.040000,0.000000,0.008000,0.000000,0.000600,0.008000,0.000000,0.000600,0.006000,0.000000,0.000000,1,1,1,936,232,901,901,901,0,0,60.00,13441,3113,902,0,0,0,13442,500.50,500.50,8,1907,0.0000,0.4570,0.5480,0.8320,0.0890
2026-04-28T17:30:20.461,15.612,1,0.30,1.29,0.00,0.00,1,-0.0630,-0.0080,0.2571,0.0000,0.0000,0.0000,123.08,1.98,0,0.000,0.000,0.000,0,-1,0,0.000,0.7600,0.0000,50.47,57.68,937,937,1.00000,1.00000,1.00000,1.00000,0.00000,3,3,0,1,23.62157,0.03400,1.90356,0.0630,0.0080,0.0929,0.0000,0.0000,0.0000,146.92,8.79,-126.13,1,1,0.0000,0.0000,0.3500,-90.00,0.7600,0.4200,1.0000,8.00,180.00,10.000000,0.250000,0.000000,1.200000,0.000000,0.000000,1.200000,0.000000,0.000000,0.900000,0.000000,0.000000,0.850000,0.040000,0.000000,0.008000,0.000000,0.000600,0.008000,0.000000,0.000600,0.006000,0.000000,0.000000,1,1,1,937,232,901,901,901,0,0,60.00,13441,3113,902,0,0,0,13442,500.50,500.50,8,1907,0.0000,0.4570,0.5480,0.8320,0.0890
2026-04-28T17:30:20.479,15.629,1,0.30,1.29,0.00,0.00,1,-0.0630,-0.0080,0.2572,0.0000,0.0000,0.0000,123.08,0.00,0,0.000,0.000,0.000,0,-1,0,0.000,0.7600,0.0000,69.57,62.54,938,938,1.00000,1.00000,1.00000,1.00000,0.00000,3,3,0,1,23.62250,0.03387,1.89999,0.0630,0.0080,0.0928,0.0000,0.0000,0.0000,146.92,8.78,-126.15,1,1,0.0000,0.0000,0.3500,-90.00,0.7600,0.4200,1.0000,8.00,180.00,10.000000,0.250000,0.000000,1.200000,0.000000,0.000000,1.200000,0.000000,0.000000,0.900000,0.000000,0.000000,0.850000,0.040000,0.000000,0.008000,0.000000,0.000600,0.008000,0.000000,0.000600,0.006000,0.000000,0.000000,1,1,1,938,232,901,901,901,0,0,60.00,13441,3113,902,0,0,0,13442,500.50,500.50,8,1907,0.0000,0.4570,0.5480,0.8320,0.0890
2026-04-28T17:30:20.496,15.646,1,0.30,1.29,0.00,0.00,1,-0.0630,-0.0078,0.2571,0.0000,0.0000,0.0000,123.13,-2.87,0,0.000,0.000,0.000,0,-1,0,0.000,0.7600,0.0000,61.09,60.03,939,939,1.00000,1.00000,1.00000,1.00000,0.00000,3,3,0,1,23.61477,0.03390,1.89845,0.0630,0.0078,0.0929,0.0000,0.0000,0.0000,146.87,8.80,-126.13,1,1,0.0000,0.0000,0.3500,-90.00,0.7600,0.4200,1.0000,8.00,180.00,10.000000,0.250000,0.000000,1.200000,0.000000,0.000000,1.200000,0.000000,0.000000,0.900000,0.000000,0.000000,0.850000,0.040000,0.000000,0.008000,0.000000,0.000600,0.008000,0.000000,0.000600,0.006000,0.000000,0.000000,1,1,1,939,231,901,901,901,0,0,60.00,13441,3113,902,0,0,0,13442,500.50,500.50,8,1907,0.0000,0.4570,0.5480,0.8320,0.0890
2026-04-28T17:30:20.513,15.664,1,0.30,1.29,0.00,0.00,1,-0.0631,-0.0078,0.2572,0.0000,0.0000,0.0000,123.16,-1.72,0,0.000,0.000,0.000,0,-1,0,0.000,0.7600,0.0000,59.14,59.45,940,940,1.00000,1.00000,1.00000,1.00000,0.00000,3,3,0,1,23.63857,0.03393,1.90212,0.0631,0.0078,0.0928,0.0000,0.0000,0.0000,146.84,8.73,-126.16,1,1,0.0000,0.0000,0.3500,-90.00,0.7600,0.4200,1.0000,8.00,180.00,10.000000,0.250000,0.000000,1.200000,0.000000,0.000000,1.200000,0.000000,0.000000,0.900000,0.000000,0.000000,0.850000,0.040000,0.000000,0.008000,0.000000,0.000600,0.008000,0.000000,0.000600,0.006000,0.000000,0.000000,1,1,1,940,232,901,901,901,0,0,60.00,13441,3113,902,0,0,0,13442,500.50,500.50,8,1907,0.0000,0.4570,0.5480,0.8320,0.0890
2026-04-28T17:30:20.529,15.680,1,0.30,1.29,0.00,0.00,1,-0.0630,-0.0079,0.2570,0.0000,0.0000,0.0000,123.11,3.21,0,0.000,0.000,0.000,0,-1,0,0.000,0.7600,0.0000,57.31,60.53,941,941,1.00000,1.00000,1.00000,1.00000,0.00000,3,3,0,1,23.61441,0.03394,1.90175,0.0630,0.0079,0.0930,0.0000,0.0000,0.0000,146.89,8.78,-126.15,1,1,0.0000,0.0000,0.3500,-90.00,0.7600,0.4200,1.0000,8.00,180.00,10.000000,0.250000,0.000000,1.200000,0.000000,0.000000,1.200000,0.000000,0.000000,0.900000,0.000000,0.000000,0.850000,0.040000,0.000000,0.008000,0.000000,0.000600,0.008000,0.000000,0.000600,0.006000,0.000000,0.000000,1,1,1,941,232,901,901,901,0,0,60.00,13441,3113,902,0,0,0,13442,500.50,500.50,8,1907,0.0000,0.4570,0.5480,0.8320,0.0890
2026-04-28T17:30:20.546,15.697,1,0.30,1.29,0.00,0.00,1,-0.0630,-0.0080,0.2571,0.0000,0.0000,0.0000,123.05,3.57,0,0.000,0.000,0.000,0,-1,0,0.000,0.7600,0.0000,62.25,68.81,942,942,1.00000,1.00000,1.00000,1.00000,0.00000,3,3,0,1,23.60113,0.03390,1.90096,0.0630,0.0080,0.0929,0.0000,0.0000,0.0000,146.95,8.79,-126.15,1,1,0.0000,0.0000,0.3500,-90.00,0.7600,0.4200,1.0000,8.00,180.00,10.000000,0.250000,0.000000,1.200000,0.000000,0.000000,1.200000,0.000000,0.000000,0.900000,0.000000,0.000000,0.850000,0.040000,0.000000,0.008000,0.000000,0.000600,0.008000,0.000000,0.000600,0.006000,0.000000,0.000000,1,1,1,942,232,901,901,901,0,0,60.00,13441,3113,902,0,0,0,13442,500.50,500.50,8,1907,0.0000,0.4570,0.5480,0.8320,0.0890
2026-04-28T17:30:20.561,15.712,1,0.30,1.29,0.00,0.00,1,-0.0630,-0.0079,0.2569,0.0000,0.0000,0.0000,123.06,-0.59,0,0.000,0.000,0.000,0,-1,0,0.000,0.7600,0.0000,57.83,55.16,943,943,1.00000,1.00000,1.00000,1.00000,0.00000,3,3,0,1,23.64420,0.03407,1.90431,0.0630,0.0079,0.0931,0.0000,0.0000,0.0000,146.94,8.81,-126.16,1,1,0.0000,0.0000,0.3500,-90.00,0.7600,0.4200,1.0000,8.00,180.00,10.000000,0.250000,0.000000,1.200000,0.000000,0.000000,1.200000,0.000000,0.000000,0.900000,0.000000,0.000000,0.850000,0.040000,0.000000,0.008000,0.000000,0.000600,0.008000,0.000000,0.000600,0.006000,0.000000,0.000000,1,1,1,943,232,901,901,901,0,0,60.00,13441,3113,902,0,0,0,13442,500.50,500.50,8,1907,0.0000,0.4570,0.5480,0.8320,0.0890
2026-04-28T17:30:20.579,15.730,1,0.30,1.29,0.00,0.00,1,-0.0631,-0.0079,0.2570,0.0000,0.0000,0.0000,123.06,0.00,0,0.000,0.000,0.000,0,-1,0,0.000,0.7600,0.0000,61.00,56.76,944,944,1.00000,1.00000,1.00000,1.00000,0.00000,3,3,0,1,23.61976,0.03395,1.90300,0.0631,0.0079,0.0930,0.0000,0.0000,0.0000,146.94,8.79,-126.14,1,1,0.0000,0.0000,0.3500,-90.00,0.7600,0.4200,1.0000,8.00,180.00,10.000000,0.250000,0.000000,1.200000,0.000000,0.000000,1.200000,0.000000,0.000000,0.900000,0.000000,0.000000,0.850000,0.040000,0.000000,0.008000,0.000000,0.000600,0.008000,0.000000,0.000600,0.006000,0.000000,0.000000,1,1,1,944,232,901,901,901,0,0,60.00,13441,3113,902,0,0,0,13442,500.50,500.50,8,1907,0.0000,0.4570,0.5480,0.8320,0.0890
2026-04-28T17:30:20.595,15.746,1,0.30,1.29,0.00,0.00,1,-0.0631,-0.0079,0.2569,0.0000,0.0000,0.0000,123.06,0.00,0,0.000,0.000,0.000,0,-1,0,0.000,0.7600,0.0000,62.00,58.77,945,945,1.00000,1.00000,1.00000,1.00000,0.00000,3,3,0,1,23.64774,0.03403,1.90500,0.0631,0.0079,0.0931,0.0000,0.0000,0.0000,146.94,8.77,-126.15,1,1,0.0000,0.0000,0.3500,-90.00,0.7600,0.4200,1.0000,8.00,180.00,10.000000,0.250000,0.000000,1.200000,0.000000,0.000000,1.200000,0.000000,0.000000,0.900000,0.000000,0.000000,0.850000,0.040000,0.000000,0.008000,0.000000,0.000600,0.008000,0.000000,0.000600,0.006000,0.000000,0.000000,1,1,1,945,232,901,901,901,0,0,60.00,13441,3113,902,0,0,0,13442,500.50,500.50,8,1907,0.0000,0.4570,0.5480,0.8320,0.0890
2026-04-28T17:30:20.613,15.764,1,0.30,1.29,0.00,0.00,1,-0.0631,-0.0080,0.2570,0.0000,0.0000,0.0000,123.06,0.00,0,0.000,0.000,0.000,0,-1,0,0.000,0.7600,0.0000,57.08,62.88,946,946,1.00000,1.00000,1.00000,1.00000,0.00000,3,3,0,1,23.62157,0.03400,1.90356,0.0631,0.0080,0.0930,0.0000,0.0000,0.0000,146.94,8.79,-126.14,1,1,0.0000,0.0000,0.3500,-90.00,0.7600,0.4200,1.0000,8.00,180.00,10.000000,0.250000,0.000000,1.200000,0.000000,0.000000,1.200000,0.000000,0.000000,0.900000,0.000000,0.000000,0.850000,0.040000,0.000000,0.008000,0.000000,0.000600,0.008000,0.000000,0.000600,0.006000,0.000000,0.000000,1,1,1,946,232,901,901,901,0,0,60.00,13441,3113,902,0,0,0,13442,500.50,500.50,8,1907,0.0000,0.4570,0.5480,0.8320,0.0890
2026-04-28T17:30:20.629,15.780,1,0.30,1.29,0.00,0.00,1,-0.0631,-0.0078,0.2570,0.0000,0.0000,0.0000,123.09,-1.97,0,0.000,0.000,0.000,0,-1,0,0.000,0.7600,0.0000,63.31,59.76,947,947,1.00000,1.00000,1.00000,1.00000,0.00000,3,3,0,1,23.63651,0.03405,1.90355,0.0631,0.0078,0.0930,0.0000,0.0000,0.0000,146.91,8.76,-126.12,1,1,0.0000,0.0000,0.3500,-90.00,0.7600,0.4200,1.0000,8.00,180.00,10.000000,0.250000,0.000000,1.200000,0.000000,0.000000,1.200000,0.000000,0.000000,0.900000,0.000000,0.000000,0.850000,0.040000,0.000000,0.008000,0.000000,0.000600,0.008000,0.000000,0.000600,0.006000,0.000000,0.000000,1,1,1,947,232,901,901,901,0,0,60.00,13441,3113,902,0,0,0,13442,500.50,500.50,8,1907,0.0000,0.4570,0.5480,0.8320,0.0890
2026-04-28T17:30:20.645,15.796,1,0.30,1.29,0.00,0.00,1,-0.0631,-0.0079,0.2571,0.0000,0.0000,0.0000,123.04,3.02,0,0.000,0.000,0.000,0,-1,0,0.000,0.7600,0.0000,58.78,59.59,948,948,1.00000,1.00000,1.00000,1.00000,0.00000,3,3,0,1,23.62907,0.03398,1.90296,0.0631,0.0079,0.0929,0.0000,0.0000,0.0000,146.96,8.77,-126.15,1,1,0.0000,0.0000,0.3500,-90.00,0.7600,0.4200,1.0000,8.00,180.00,10.000000,0.250000,0.000000,1.200000,0.000000,0.000000,1.200000,0.000000,0.000000,0.900000,0.000000,0.000000,0.850000,0.040000,0.000000,0.008000,0.000000,0.000600,0.008000,0.000000,0.000600,0.006000,0.000000,0.000000,1,1,1,948,232,901,901,901,0,0,60.00,13441,3113,902,0,0,0,13442,500.50,500.50,8,1907,0.0000,0.4570,0.5480,0.8320,0.0890
2026-04-28T17:30:20.663,15.813,1,0.30,1.29,0.00,0.00,1,-0.0630,-0.0077,0.2571,0.0000,0.0000,0.0000,123.11,-3.94,0,0.000,0.000,0.000,0,-1,0,0.000,0.7600,0.0000,61.60,110.62,949,949,1.00000,1.00000,1.00000,1.00000,0.00000,3,3,0,1,23.65716,0.03405,1.90282,0.0630,0.0077,0.0929,0.0000,0.0000,0.0000,146.89,8.74,-126.15,1,1,0.0000,0.0000,0.3500,-90.00,0.7600,0.4200,1.0000,8.00,180.00,10.000000,0.250000,0.000000,1.200000,0.000000,0.000000,1.200000,0.000000,0.000000,0.900000,0.000000,0.000000,0.850000,0.040000,0.000000,0.008000,0.000000,0.000600,0.008000,0.000000,0.000600,0.006000,0.000000,0.000000,1,1,1,949,232,901,901,901,0,0,60.00,13441,3113,902,0,0,0,13442,500.50,500.50,8,1907,0.0000,0.4570,0.5480,0.8320,0.0890
2026-04-28T17:30:20.679,15.830,1,0.30,1.29,0.00,0.00,1,-0.0630,-0.0079,0.2572,0.0000,0.0000,0.0000,123.09,1.27,0,0.000,0.000,0.000,0,-1,0,0.000,0.7600,0.0000,56.41,41.36,950,950,1.00000,1.00000,1.00000,1.00000,0.00000,3,3,0,1,23.61714,0.03387,1.89874,0.0630,0.0079,0.0928,0.0000,0.0000,0.0000,146.91,8.79,-126.17,1,1,0.0000,0.0000,0.3500,-90.00,0.7600,0.4200,1.0000,8.00,180.00,10.000000,0.250000,0.000000,1.200000,0.000000,0.000000,1.200000,0.000000,0.000000,0.900000,0.000000,0.000000,0.850000,0.040000,0.000000,0.008000,0.000000,0.000600,0.008000,0.000000,0.000600,0.006000,0.000000,0.000000,1,1,1,950,232,901,901,901,0,0,60.00,13441,3113,902,0,0,0,13442,500.50,500.50,8,1907,0.0000,0.4570,0.5480,0.8320,0.0890
2026-04-28T17:30:20.696,15.846,1,0.30,1.29,0.00,0.00,1,-0.0631,-0.0077,0.2570,0.0000,0.0000,0.0000,123.18,-5.22,0,0.000,0.000,0.000,0,-1,0,0.000,0.7600,0.0000,63.26,64.90,951,951,1.00000,1.00000,1.00000,1.00000,0.00000,3,3,0,1,23.71555,0.03393,1.90274,0.0631,0.0077,0.0930,0.0000,0.0000,0.0000,146.82,8.74,-126.16,1,1,0.0000,0.0000,0.3500,-90.00,0.7600,0.4200,1.0000,8.00,180.00,10.000000,0.250000,0.000000,1.200000,0.000000,0.000000,1.200000,0.000000,0.000000,0.900000,0.000000,0.000000,0.850000,0.040000,0.000000,0.008000,0.000000,0.000600,0.008000,0.000000,0.000600,0.006000,0.000000,0.000000,1,1,1,951,232,901,901,901,0,0,60.00,13441,3113,902,0,0,0,13442,500.50,500.50,8,1907,0.0000,0.4570,0.5480,0.8320,0.0890
2026-04-28T17:30:20.713,15.864,1,0.30,1.29,0.00,0.00,1,-0.0631,-0.0078,0.2571,0.0000,0.0000,0.0000,123.16,1.24,0,0.000,0.000,0.000,0,-1,0,0.000,0.7600,0.0000,59.51,54.33,952,952,1.00000,1.00000,1.00000,1.00000,0.00000,3,3,0,1,23.60593,0.03402,1.90224,0.0631,0.0078,0.0929,0.0000,0.0000,0.0000,146.84,8.75,-126.12,1,1,0.0000,0.0000,0.3500,-90.00,0.7600,0.4200,1.0000,8.00,180.00,10.000000,0.250000,0.000000,1.200000,0.000000,0.000000,1.200000,0.000000,0.000000,0.900000,0.000000,0.000000,0.850000,0.040000,0.000000,0.008000,0.000000,0.000600,0.008000,0.000000,0.000600,0.006000,0.000000,0.000000,1,1,1,952,232,901,901,901,0,0,60.00,13441,3113,902,0,0,0,13442,500.50,500.50,8,1907,0.0000,0.4570,0.5480,0.8320,0.0890
2026-04-28T17:30:20.729,15.879,1,0.30,1.29,0.00,0.00,1,-0.0630,-0.0079,0.2571,0.0000,0.0000,0.0000,123.11,3.06,0,0.000,0.000,0.000,0,-1,0,0.000,0.7600,0.0000,55.64,59.38,953,953,1.00000,1.00000,1.00000,1.00000,0.00000,3,3,0,1,23.59175,0.03392,1.90014,0.0630,0.0079,0.0929,0.0000,0.0000,0.0000,146.89,8.79,-126.14,1,1,0.0000,0.0000,0.3500,-90.00,0.7600,0.4200,1.0000,8.00,180.00,10.000000,0.250000,0.000000,1.200000,0.000000,0.000000,1.200000,0.000000,0.000000,0.900000,0.000000,0.000000,0.850000,0.040000,0.000000,0.008000,0.000000,0.000600,0.008000,0.000000,0.000600,0.006000,0.000000,0.000000,1,1,1,953,232,901,901,901,0,0,60.00,13441,3113,902,0,0,0,13442,500.50,500.50,8,1907,0.0000,0.4570,0.5480,0.8320,0.0890
2026-04-28T17:30:20.746,15.896,1,0.30,1.29,0.00,0.00,1,-0.0630,-0.0079,0.2570,0.0000,0.0000,0.0000,123.08,1.74,0,0.000,0.000,0.000,0,-1,0,0.000,0.7600,0.0000,66.85,62.33,954,954,1.00000,1.00000,1.00000,1.00000,0.00000,3,3,0,1,23.61971,0.03399,1.90214,0.0630,0.0079,0.0930,0.0000,0.0000,0.0000,146.92,8.80,-126.16,1,1,0.0000,0.0000,0.3500,-90.00,0.7600,0.4200,1.0000,8.00,180.00,10.000000,0.250000,0.000000,1.200000,0.000000,0.000000,1.200000,0.000000,0.000000,0.900000,0.000000,0.000000,0.850000,0.040000,0.000000,0.008000,0.000000,0.000600,0.008000,0.000000,0.000600,0.006000,0.000000,0.000000,1,1,1,954,231,901,901,901,0,0,60.00,13441,3113,902,0,0,0,13442,500.50,500.50,8,1907,0.0000,0.4570,0.5480,0.8320,0.0890
2026-04-28T17:30:20.764,15.914,1,0.30,1.29,0.00,0.00,1,-0.0630,-0.0079,0.2571,0.0000,0.0000,0.0000,123.08,0.00,1,4.200,4.200,0.800,40,87,0,0.000,0.7600,0.0000,58.09,57.85,955,955,1.00000,1.00000,1.00000,1.00000,0.00000,3,3,0,1,23.64825,0.03395,1.90197,0.0630,0.0079,0.0929,0.0000,0.0000,0.0000,146.92,8.77,-126.18,1,1,0.0000,0.0000,0.3500,-90.00,0.7600,0.4200,1.0000,8.00,180.00,10.000000,0.250000,0.000000,1.200000,0.000000,0.000000,1.200000,0.000000,0.000000,0.900000,0.000000,0.000000,0.850000,0.040000,0.000000,0.008000,0.000000,0.000600,0.008000,0.000000,0.000600,0.006000,0.000000,0.000000,1,1,1,955,232,901,901,901,0,0,60.00,13441,3113,902,0,0,0,13442,500.50,500.50,8,1907,0.0000,0.4570,0.5480,0.8320,0.0890
2026-04-28T17:30:20.779,15.930,1,0.30,1.29,0.00,0.00,1,-0.0631,-0.0078,0.2573,0.0000,0.0000,0.0000,123.18,-6.67,1,4.200,4.200,0.800,40,87,0,0.000,0.7600,0.0000,59.62,62.53,956,956,1.00000,1.00000,1.00000,1.00000,0.00000,3,3,0,1,23.59876,0.03393,1.89937,0.0631,0.0078,0.0927,0.0000,0.0000,0.0000,146.82,8.72,-126.15,1,1,0.0000,0.0000,0.3500,-90.00,0.7600,0.4200,1.0000,8.00,180.00,10.000000,0.250000,0.000000,1.200000,0.000000,0.000000,1.200000,0.000000,0.000000,0.900000,0.000000,0.000000,0.850000,0.040000,0.000000,0.008000,0.000000,0.000600,0.008000,0.000000,0.000600,0.006000,0.000000,0.000000,1,1,1,956,232,901,901,901,0,0,60.00,13441,3113,902,0,0,0,13442,500.50,500.50,8,1907,0.0000,0.4570,0.5480,0.8320,0.0890
2026-04-28T17:30:20.794,15.945,1,0.30,1.29,0.00,0.00,1,-0.0630,-0.0079,0.2572,0.0000,0.0000,0.0000,123.13,2.97,1,4.200,4.200,0.800,40,87,0,0.000,0.7600,0.0000,60.28,59.91,957,957,1.00000,1.00000,1.00000,1.00000,0.00000,3,3,0,1,23.61714,0.03387,1.89874,0.0630,0.0079,0.0928,0.0000,0.0000,0.0000,146.87,8.78,-126.17,1,1,0.0000,0.0000,0.3500,-90.00,0.7600,0.4200,1.0000,8.00,180.00,10.000000,0.250000,0.000000,1.200000,0.000000,0.000000,1.200000,0.000000,0.000000,0.900000,0.000000,0.000000,0.850000,0.040000,0.000000,0.008000,0.000000,0.000600,0.008000,0.000000,0.000600,0.006000,0.000000,0.000000,1,1,1,957,232,901,901,901,0,0,60.00,13441,3113,902,0,0,0,13442,500.50,500.50,8,1907,0.0000,0.4570,0.5480,0.8320,0.0890
2026-04-28T17:30:20.813,15.964,1,0.30,1.29,0.00,0.00,1,-0.0630,-0.0079,0.2571,0.0000,0.0000,0.0000,123.09,2.27,1,4.200,4.200,0.800,40,87,0,0.000,0.7600,0.0000,64.84,71.86,958,958,1.00000,1.00000,1.00000,1.00000,0.00000,3,3,0,1,23.59175,0.03392,1.90014,0.0630,0.0079,0.0929,0.0000,0.0000,0.0000,146.91,8.80,-126.16,1,1,0.0000,0.0000,0.3500,-90.00,0.7600,0.4200,1.0000,8.00,180.00,10.000000,0.250000,0.000000,1.200000,0.000000,0.000000,1.200000,0.000000,0.000000,0.900000,0.000000,0.000000,0.850000,0.040000,0.000000,0.008000,0.000000,0.000600,0.008000,0.000000,0.000600,0.006000,0.000000,0.000000,1,1,1,958,231,901,901,901,0,0,60.00,13441,3113,902,0,0,0,13442,500.50,500.50,8,1907,0.0000,0.4570,0.5480,0.8320,0.0890
2026-04-28T17:30:20.829,15.980,1,0.30,1.29,0.00,0.00,1,-0.0631,-0.0079,0.2570,0.0000,0.0000,0.0000,123.07,1.25,1,4.200,4.200,0.800,40,87,0,0.000,0.7600,0.0000,54.77,51.65,959,959,1.00000,1.00000,1.00000,1.00000,0.00000,3,3,0,1,23.64954,0.03408,1.90556,0.0631,0.0079,0.0930,0.0000,0.0000,0.0000,146.93,8.79,-126.16,1,1,0.0000,0.0000,0.3500,-90.00,0.7600,0.4200,1.0000,8.00,180.00,10.000000,0.250000,0.000000,1.200000,0.000000,0.000000,1.200000,0.000000,0.000000,0.900000,0.000000,0.000000,0.850000,0.040000,0.000000,0.008000,0.000000,0.000600,0.008000,0.000000,0.000600,0.006000,0.000000,0.000000,1,1,1,959,232,901,901,901,0,0,60.00,13441,3113,902,0,0,0,13442,500.50,500.50,8,1907,0.0000,0.4570,0.5480,0.8320,0.0890
2026-04-28T17:30:20.846,15.997,1,0.30,1.29,0.00,0.00,1,-0.0630,-0.0079,0.2571,0.0000,0.0000,0.0000,123.08,-0.59,1,4.200,4.200,0.800,40,87,0,0.000,0.7600,0.0000,63.35,59.07,960,960,1.00000,1.00000,1.00000,1.00000,0.00000,3,3,0,1,23.63233,0.03392,1.90139,0.0630,0.0079,0.0929,0.0000,0.0000,0.0000,146.92,8.79,-126.17,1,1,0.0000,0.0000,0.3500,-90.00,0.7600,0.4200,1.0000,8.00,180.00,10.000000,0.250000,0.000000,1.200000,0.000000,0.000000,1.200000,0.000000,0.000000,0.900000,0.000000,0.000000,0.850000,0.040000,0.000000,0.008000,0.000000,0.000600,0.008000,0.000000,0.000600,0.006000,0.000000,0.000000,1,1,1,960,232,901,901,901,0,0,60.00,13441,3113,902,0,0,0,13442,500.50,500.50,8,1907,0.0000,0.4570,0.5480,0.8320,0.0890
2026-04-28T17:30:20.864,16.014,1,0.30,1.29,0.00,0.00,1,-0.0630,-0.0080,0.2572,0.0000,0.0000,0.0000,123.03,2.82,1,4.200,4.200,0.800,40,87,0,0.000,0.7600,0.0000,58.78,58.37,961,961,1.00000,1.00000,1.00000,1.00000,0.00000,3,3,0,1,23.60156,0.03393,1.90125,0.0630,0.0080,0.0928,0.0000,0.0000,0.0000,146.97,8.81,-126.16,1,1,0.0000,0.0000,0.3500,-90.00,0.7600,0.4200,1.0000,8.00,180.00,10.000000,0.250000,0.000000,1.200000,0.000000,0.000000,1.200000,0.000000,0.000000,0.900000,0.000000,0.000000,0.850000,0.040000,0.000000,0.008000,0.000000,0.000600,0.008000,0.000000,0.000600,0.006000,0.000000,0.000000,1,1,1,961,232,901,901,901,0,0,60.00,13441,3113,902,0,0,0,13442,500.50,500.50,8,1907,0.0000,0.4570,0.5480,0.8320,0.0890
2026-04-28T17:30:20.880,16.031,1,0.30,1.29,0.00,0.00,1,-0.0630,-0.0079,0.2571,0.0000,0.0000,0.0000,123.09,-3.66,1,4.200,4.200,0.800,40,87,0,0.000,0.7600,0.0000,56.33,62.86,962,962,1.00000,1.00000,1.00000,1.00000,0.00000,3,3,0,1,23.60593,0.03402,1.90224,0.0630,0.0079,0.0929,0.0000,0.0000,0.0000,146.91,8.78,-126.12,1,1,0.0000,0.0000,0.3500,-90.00,0.7600,0.4200,1.0000,8.00,180.00,10.000000,0.250000,0.000000,1.200000,0.000000,0.000000,1.200000,0.000000,0.000000,0.900000,0.000000,0.000000,0.850000,0.040000,0.000000,0.008000,0.000000,0.000600,0.008000,0.000000,0.000600,0.006000,0.000000,0.000000,1,1,1,962,232,901,901,901,0,0,60.00,13441,3113,902,0,0,0,13442,500.50,500.50,8,1907,0.0000,0.4570,0.5480,0.8320,0.0890
2026-04-28T17:30:20.895,16.046,1,0.30,1.29,0.00,0.00,1,-0.0631,-0.0078,0.2571,0.0000,0.0000,0.0000,123.12,-1.97,1,4.200,4.200,0.800,40,87,0,0.000,0.7600,0.0000,55.64,63.05,963,963,1.00000,1.00000,1.00000,1.00000,0.00000,3,3,0,1,23.60412,0.03397,1.90167,0.0631,0.0078,0.0929,0.0000,0.0000,0.0000,146.88,8.75,-126.09,1,1,0.0000,0.0000,0.3500,-90.00,0.7600,0.4200,1.0000,8.00,180.00,10.000000,0.250000,0.000000,1.200000,0.000000,0.000000,1.200000,0.000000,0.000000,0.900000,0.000000,0.000000,0.850000,0.040000,0.000000,0.008000,0.000000,0.000600,0.008000,0.000000,0.000600,0.006000,0.000000,0.000000,1,1,1,963,232,901,901,901,0,0,60.00,13441,3113,902,0,0,0,13442,500.50,500.50,8,1907,0.0000,0.4570,0.5480,0.8320,0.0890
2026-04-28T17:30:20.912,16.063,1,0.30,1.29,0.00,0.00,1,-0.0630,-0.0077,0.2570,0.0000,0.0000,0.0000,123.15,-1.77,1,4.200,4.200,0.800,40,87,0,0.000,0.7600,0.0000,68.08,58.79,964,964,1.00000,1.00000,1.00000,1.00000,0.00000,3,3,0,1,23.66712,0.03387,1.89851,0.0630,0.0077,0.0930,0.0000,0.0000,0.0000,146.85,8.80,-126.11,1,1,0.0000,0.0000,0.3500,-90.00,0.7600,0.4200,1.0000,8.00,180.00,10.000000,0.250000,0.000000,1.200000,0.000000,0.000000,1.200000,0.000000,0.000000,0.900000,0.000000,0.000000,0.850000,0.040000,0.000000,0.008000,0.000000,0.000600,0.008000,0.000000,0.000600,0.006000,0.000000,0.000000,1,1,1,964,231,961,961,960,0,0,60.00,13501,3144,962,0,0,0,13502,500.00,500.00,8,1166,0.0000,0.4570,0.5480,0.8320,0.0890
2026-04-28T17:30:20.929,16.080,1,0.30,1.29,0.00,0.00,1,-0.0631,-0.0079,0.2570,0.0000,0.0000,0.0000,123.12,1.85,1,4.200,4.200,0.800,40,87,0,0.000,0.7600,0.0000,62.86,56.48,965,965,1.00000,1.00000,1.00000,1.00000,0.00000,3,3,0,1,23.64116,0.03392,1.90395,0.0631,0.0079,0.0930,0.0000,0.0000,0.0000,146.88,8.77,-126.13,1,1,0.0000,0.0000,0.3500,-90.00,0.7600,0.4200,1.0000,8.00,180.00,10.000000,0.250000,0.000000,1.200000,0.000000,0.000000,1.200000,0.000000,0.000000,0.900000,0.000000,0.000000,0.850000,0.040000,0.000000,0.008000,0.000000,0.000600,0.008000,0.000000,0.000600,0.006000,0.000000,0.000000,1,1,1,965,232,961,961,960,0,0,60.00,13501,3144,962,0,0,0,13502,500.00,500.00,8,1166,0.0000,0.4570,0.5480,0.8320,0.0890
2026-04-28T17:30:20.946,16.097,1,0.30,1.29,0.00,0.00,1,-0.0630,-0.0076,0.2571,0.0000,0.0000,0.0000,123.21,-5.12,1,4.200,4.200,0.800,40,87,0,0.000,0.7600,0.0000,59.94,69.94,966,966,1.00000,1.00000,1.00000,1.00000,0.00000,3,3,0,1,23.61358,0.03385,1.89718,0.0630,0.0076,0.0929,0.0000,0.0000,0.0000,146.79,8.74,-126.09,1,1,0.0000,0.0000,0.3500,-90.00,0.7600,0.4200,1.0000,8.00,180.00,10.000000,0.250000,0.000000,1.200000,0.000000,0.000000,1.200000,0.000000,0.000000,0.900000,0.000000,0.000000,0.850000,0.040000,0.000000,0.008000,0.000000,0.000600,0.008000,0.000000,0.000600,0.006000,0.000000,0.000000,1,1,1,966,232,961,961,960,0,0,60.00,13501,3144,962,0,0,0,13502,500.00,500.00,8,1166,0.0000,0.4570,0.5480,0.8320,0.0890
2026-04-28T17:30:20.961,16.112,1,0.30,1.29,0.00,0.00,1,-0.0630,-0.0078,0.2571,0.0000,0.0000,0.0000,123.14,4.48,1,4.200,4.200,0.800,40,87,0,0.000,0.7600,0.0000,62.26,55.95,967,967,1.00000,1.00000,1.00000,1.00000,0.00000,3,3,0,1,23.58994,0.03387,1.89957,0.0630,0.0078,0.0929,0.0000,0.0000,0.0000,146.86,8.77,-126.12,1,1,0.0000,0.0000,0.3500,-90.00,0.7600,0.4200,1.0000,8.00,180.00,10.000000,0.250000,0.000000,1.200000,0.000000,0.000000,1.200000,0.000000,0.000000,0.900000,0.000000,0.000000,0.850000,0.040000,0.000000,0.008000,0.000000,0.000600,0.008000,0.000000,0.000600,0.006000,0.000000,0.000000,1,1,1,967,232,961,961,960,0,0,60.00,13501,3144,962,0,0,0,13502,500.00,500.00,8,1166,0.0000,0.4570,0.5480,0.8320,0.0890
2026-04-28T17:30:20.979,16.129,1,0.30,1.29,0.00,0.00,1,-0.0630,-0.0080,0.2570,0.0000,0.0000,0.0000,123.10,2.19,1,4.200,4.200,0.800,40,87,0,0.000,0.7600,0.0000,60.11,56.01,968,968,1.00000,1.00000,1.00000,1.00000,0.00000,3,3,0,1,23.67426,0.03400,1.90356,0.0630,0.0080,0.0930,0.0000,0.0000,0.0000,146.90,8.80,-126.13,1,1,0.0000,0.0000,0.3500,-90.00,0.7600,0.4200,1.0000,8.00,180.00,10.000000,0.250000,0.000000,1.200000,0.000000,0.000000,1.200000,0.000000,0.000000,0.900000,0.000000,0.000000,0.850000,0.040000,0.000000,0.008000,0.000000,0.000600,0.008000,0.000000,0.000600,0.006000,0.000000,0.000000,1,1,1,968,230,961,961,960,0,0,60.00,13501,3144,962,0,0,0,13502,500.00,500.00,8,1166,0.0000,0.4570,0.5480,0.8320,0.0890
2026-04-28T17:30:20.996,16.147,1,0.30,1.29,0.00,0.00,1,-0.0630,-0.0078,0.2570,0.0000,0.0000,0.0000,123.10,0.00,1,4.200,4.200,0.800,40,87,0,0.000,0.7600,0.0000,57.95,60.94,969,969,1.00000,1.00000,1.00000,1.00000,0.00000,3,3,0,1,23.62374,0.03402,1.90262,0.0630,0.0078,0.0930,0.0000,0.0000,0.0000,146.90,8.76,-126.13,1,1,0.0000,0.0000,0.3500,-90.00,0.7600,0.4200,1.0000,8.00,180.00,10.000000,0.250000,0.000000,1.200000,0.000000,0.000000,1.200000,0.000000,0.000000,0.900000,0.000000,0.000000,0.850000,0.040000,0.000000,0.008000,0.000000,0.000600,0.008000,0.000000,0.000600,0.006000,0.000000,0.000000,1,1,1,969,231,961,961,960,0,0,60.00,13501,3144,962,0,0,0,13502,500.00,500.00,8,1166,0.0000,0.4570,0.5480,0.8320,0.0890
2026-04-28T17:30:21.013,16.163,1,0.30,1.29,0.00,0.00,1,-0.0631,-0.0079,0.2570,0.0000,0.0000,0.0000,123.05,2.99,1,4.200,4.200,0.800,40,87,0,0.000,0.7600,0.0000,55.20,62.24,970,970,1.00000,1.00000,1.00000,1.00000,0.00000,3,3,0,1,23.65399,0.03408,1.90542,0.0631,0.0079,0.0930,0.0000,0.0000,0.0000,146.95,8.79,-126.14,1,1,0.0000,0.0000,0.3500,-90.00,0.7600,0.4200,1.0000,8.00,180.00,10.000000,0.250000,0.000000,1.200000,0.000000,0.000000,1.200000,0.000000,0.000000,0.900000,0.000000,0.000000,0.850000,0.040000,0.000000,0.008000,0.000000,0.000600,0.008000,0.000000,0.000600,0.006000,0.000000,0.000000,1,1,1,970,232,961,961,960,0,0,60.00,13501,3144,962,0,0,0,13502,500.00,500.00,8,1166,0.0000,0.4570,0.5480,0.8320,0.0890
2026-04-28T17:30:21.027,16.178,1,0.30,1.29,0.00,0.00,1,-0.0630,-0.0078,0.2571,0.0000,0.0000,0.0000,123.11,-3.83,1,4.200,4.200,0.800,40,87,0,0.000,0.7600,0.0000,63.32,59.08,971,971,1.00000,1.00000,1.00000,1.00000,0.00000,3,3,0,1,23.63136,0.03397,1.90084,0.0630,0.0078,0.0929,0.0000,0.0000,0.0000,146.89,8.77,-126.13,1,1,0.0000,0.0000,0.3500,-90.00,0.7600,0.4200,1.0000,8.00,180.00,10.000000,0.250000,0.000000,1.200000,0.000000,0.000000,1.200000,0.000000,0.000000,0.900000,0.000000,0.000000,0.850000,0.040000,0.000000,0.008000,0.000000,0.000600,0.008000,0.000000,0.000600,0.006000,0.000000,0.000000,1,1,1,971,232,961,961,960,0,0,60.00,13501,3144,962,0,0,0,13502,500.00,500.00,8,1166,0.0000,0.4570,0.5480,0.8320,0.0890
2026-04-28T17:30:21.046,16.197,1,0.30,1.29,0.00,0.00,1,-0.0631,-0.0077,0.2571,0.0000,0.0000,0.0000,123.15,-2.25,1,4.200,4.200,0.800,40,87,0,0.000,0.7600,0.0000,66.37,56.86,972,972,1.00000,1.00000,1.00000,1.00000,0.00000,3,3,0,1,23.64834,0.03398,1.90160,0.0631,0.0077,0.0929,0.0000,0.0000,0.0000,146.85,8.76,-126.13,1,1,0.0000,0.0000,0.3500,-90.00,0.7600,0.4200,1.0000,8.00,180.00,10.000000,0.250000,0.000000,1.200000,0.000000,0.000000,1.200000,0.000000,0.000000,0.900000,0.000000,0.000000,0.850000,0.040000,0.000000,0.008000,0.000000,0.000600,0.008000,0.000000,0.000600,0.006000,0.000000,0.000000,1,1,1,972,232,961,961,960,0,0,60.00,13501,3144,962,0,0,0,13502,500.00,500.00,8,1166,0.0000,0.4570,0.5480,0.8320,0.0890
2026-04-28T17:30:21.062,16.212,1,0.30,1.29,0.00,0.00,1,-0.0630,-0.0078,0.2570,0.0000,0.0000,0.0000,123.09,3.86,1,4.200,4.200,0.800,40,87,0,0.000,0.7600,0.0000,58.00,61.74,973,973,1.00000,1.00000,1.00000,1.00000,0.00000,3,3,0,1,23.67143,0.03399,1.90247,0.0630,0.0078,0.0930,0.0000,0.0000,0.0000,146.91,8.80,-126.17,1,1,0.0000,0.0000,0.3500,-90.00,0.7600,0.4200,1.0000,8.00,180.00,10.000000,0.250000,0.000000,1.200000,0.000000,0.000000,1.200000,0.000000,0.000000,0.900000,0.000000,0.000000,0.850000,0.040000,0.000000,0.008000,0.000000,0.000600,0.008000,0.000000,0.000600,0.006000,0.000000,0.000000,1,1,1,973,231,961,961,960,0,0,60.00,13501,3144,962,0,0,0,13502,500.00,500.00,8,1166,0.0000,0.4570,0.5480,0.8320,0.0890
2026-04-28T17:30:21.080,16.231,1,0.30,1.29,0.00,0.00,1,-0.0631,-0.0077,0.2571,0.0000,0.0000,0.0000,123.13,-2.05,1,4.200,4.200,0.800,40,87,0,0.000,0.7600,0.0000,60.40,61.89,974,974,1.00000,1.00000,1.00000,1.00000,0.00000,3,3,0,1,23.60761,0.03397,1.90150,0.0631,0.0077,0.0929,0.0000,0.0000,0.0000,146.87,8.73,-126.14,1,1,0.0000,0.0000,0.3500,-90.00,0.7600,0.4200,1.0000,8.00,180.00,10.000000,0.250000,0.000000,1.200000,0.000000,0.000000,1.200000,0.000000,0.000000,0.900000,0.000000,0.000000,0.850000,0.040000,0.000000,0.008000,0.000000,0.000600,0.008000,0.000000,0.000600,0.006000,0.000000,0.000000,1,1,1,974,232,961,961,960,0,0,60.00,13501,3144,962,0,0,0,13502,500.00,500.00,8,1166,0.0000,0.4570,0.5480,0.8320,0.0890
2026-04-28T17:30:21.096,16.246,1,0.30,1.29,0.00,0.00,1,-0.0630,-0.0079,0.2570,0.0000,0.0000,0.0000,123.06,4.80,1,4.200,4.200,0.800,40,87,0,0.000,0.7600,0.0000,55.81,59.73,975,975,1.00000,1.00000,1.00000,1.00000,0.00000,3,3,0,1,23.62558,0.03398,1.90313,0.0630,0.0079,0.0930,0.0000,0.0000,0.0000,146.94,8.78,-126.14,1,1,0.0000,0.0000,0.3500,-90.00,0.7600,0.4200,1.0000,8.00,180.00,10.000000,0.250000,0.000000,1.200000,0.000000,0.000000,1.200000,0.000000,0.000000,0.900000,0.000000,0.000000,0.850000,0.040000,0.000000,0.008000,0.000000,0.000600,0.008000,0.000000,0.000600,0.006000,0.000000,0.000000,1,1,1,975,232,961,961,960,0,0,60.00,13501,3144,962,0,0,0,13502,500.00,500.00,8,1166,0.0000,0.4570,0.5480,0.8320,0.0890
2026-04-28T17:30:21.113,16.263,1,0.30,1.29,0.00,0.00,1,-0.0630,-0.0079,0.2572,0.0000,0.0000,0.0000,123.10,-2.36,1,4.200,4.200,0.800,40,87,0,0.000,0.7600,0.0000,61.33,60.23,976,976,1.00000,1.00000,1.00000,1.00000,0.00000,3,3,0,1,23.58145,0.03395,1.90006,0.0630,0.0079,0.0928,0.0000,0.0000,0.0000,146.90,8.75,-126.11,1,1,0.0000,0.0000,0.3500,-90.00,0.7600,0.4200,1.0000,8.00,180.00,10.000000,0.250000,0.000000,1.200000,0.000000,0.000000,1.200000,0.000000,0.000000,0.900000,0.000000,0.000000,0.850000,0.040000,0.000000,0.008000,0.000000,0.000600,0.008000,0.000000,0.000600,0.006000,0.000000,0.000000,1,1,1,976,231,961,961,960,0,0,60.00,13501,3144,962,0,0,0,13502,500.00,500.00,8,1166,0.0000,0.4570,0.5480,0.8320,0.0890
2026-04-28T17:30:21.129,16.279,1,0.30,1.29,0.00,0.00,1,-0.0630,-0.0079,0.2572,0.0000,0.0000,0.0000,123.06,2.57,1,4.200,4.200,0.800,40,87,0,0.000,0.7600,0.0000,59.44,62.11,977,977,1.00000,1.00000,1.00000,1.00000,0.00000,3,3,0,1,23.65269,0.03395,1.90183,0.0630,0.0079,0.0928,0.0000,0.0000,0.0000,146.94,8.77,-126.16,1,1,0.0000,0.0000,0.3500,-90.00,0.7600,0.4200,1.0000,8.00,180.00,10.000000,0.250000,0.000000,1.200000,0.000000,0.000000,1.200000,0.000000,0.000000,0.900000,0.000000,0.000000,0.850000,0.040000,0.000000,0.008000,0.000000,0.000600,0.008000,0.000000,0.000600,0.006000,0.000000,0.000000,1,1,1,977,232,961,961,960,0,0,60.00,13501,3144,962,0,0,0,13502,500.00,500.00,8,1166,0.0000,0.4570,0.5480,0.8320,0.0890
2026-04-28T17:30:21.145,16.296,1,0.30,1.29,0.00,0.00,1,-0.0630,-0.0078,0.2572,0.0000,0.0000,0.0000,123.08,-1.16,1,4.200,4.200,0.800,40,87,0,0.000,0.7600,0.0000,62.13,58.20,978,978,1.00000,1.00000,1.00000,1.00000,0.00000,3,3,0,1,23.61387,0.03402,1.90193,0.0630,0.0078,0.0928,0.0000,0.0000,0.0000,146.92,8.75,-126.15,1,1,0.0000,0.0000,0.3500,-90.00,0.7600,0.4200,1.0000,8.00,180.00,10.000000,0.250000,0.000000,1.200000,0.000000,0.000000,1.200000,0.000000,0.000000,0.900000,0.000000,0.000000,0.850000,0.040000,0.000000,0.008000,0.000000,0.000600,0.008000,0.000000,0.000600,0.006000,0.000000,0.000000,1,1,1,978,232,961,961,960,0,0,60.00,13501,3144,962,0,0,0,13502,500.00,500.00,8,1166,0.0000,0.4570,0.5480,0.8320,0.0890
2026-04-28T17:30:21.164,16.314,1,0.30,1.29,0.00,0.00,1,-0.0630,-0.0078,0.2572,0.0000,0.0000,0.0000,123.11,-1.69,1,4.200,4.200,0.800,40,87,0,0.000,0.7600,0.0000,56.13,60.09,979,979,1.00000,1.00000,1.00000,1.00000,0.00000,3,3,0,1,23.58145,0.03395,1.90006,0.0630,0.0078,0.0928,0.0000,0.0000,0.0000,146.89,8.74,-126.12,1,1,0.0000,0.0000,0.3500,-90.00,0.7600,0.4200,1.0000,8.00,180.00,10.000000,0.250000,0.000000,1.200000,0.000000,0.000000,1.200000,0.000000,0.000000,0.900000,0.000000,0.000000,0.850000,0.040000,0.000000,0.008000,0.000000,0.000600,0.008000,0.000000,0.000600,0.006000,0.000000,0.000000,1,1,1,979,232,961,961,960,0,0,60.00,13501,3144,962,0,0,0,13502,500.00,500.00,8,1166,0.0000,0.4570,0.5480,0.8320,0.0890
2026-04-28T17:30:21.179,16.329,1,0.30,1.29,0.00,0.00,1,-0.0630,-0.0079,0.2571,0.0000,0.0000,0.0000,123.11,0.00,1,4.200,4.200,0.800,40,87,0,0.000,0.7600,0.0000,53.58,61.95,980,980,1.00000,1.00000,1.00000,1.00000,0.00000,3,3,0,1,23.63517,0.03417,1.90341,0.0630,0.0079,0.0929,0.0000,0.0000,0.0000,146.89,8.79,-126.09,1,1,0.0000,0.0000,0.3500,-90.00,0.7600,0.4200,1.0000,8.00,180.00,10.000000,0.250000,0.000000,1.200000,0.000000,0.000000,1.200000,0.000000,0.000000,0.900000,0.000000,0.000000,0.850000,0.040000,0.000000,0.008000,0.000000,0.000600,0.008000,0.000000,0.000600,0.006000,0.000000,0.000000,1,1,1,980,232,961,961,960,0,0,60.00,13501,3144,962,0,0,0,13502,500.00,500.00,8,1166,0.0000,0.4570,0.5480,0.8320,0.0890
2026-04-28T17:30:21.197,16.348,1,0.30,1.29,0.00,0.00,1,-0.0631,-0.0080,0.2572,0.0000,0.0000,0.0000,123.08,1.75,1,4.200,4.200,0.800,40,87,0,0.000,0.7600,0.0000,73.71,55.80,981,981,1.00000,1.00000,1.00000,1.00000,0.00000,3,3,0,1,23.59711,0.03393,1.90139,0.0631,0.0080,0.0928,0.0000,0.0000,0.0000,146.92,8.79,-126.11,1,1,0.0000,0.0000,0.3500,-90.00,0.7600,0.4200,1.0000,8.00,180.00,10.000000,0.250000,0.000000,1.200000,0.000000,0.000000,1.200000,0.000000,0.000000,0.900000,0.000000,0.000000,0.850000,0.040000,0.000000,0.008000,0.000000,0.000600,0.008000,0.000000,0.000600,0.006000,0.000000,0.000000,1,1,1,981,232,961,961,960,0,0,60.00,13501,3144,962,0,0,0,13502,500.00,500.00,8,1166,0.0000,0.4570,0.5480,0.8320,0.0890
2026-04-28T17:30:21.214,16.365,1,0.30,1.29,0.00,0.00,1,-0.0631,-0.0079,0.2571,0.0000,0.0000,0.0000,123.07,0.54,1,4.200,4.200,0.800,40,87,0,0.000,0.7600,0.0000,55.09,60.10,982,982,1.00000,1.00000,1.00000,1.00000,0.00000,3,3,0,1,23.62506,0.03400,1.90339,0.0631,0.0079,0.0929,0.0000,0.0000,0.0000,146.93,8.77,-126.14,1,1,0.0000,0.0000,0.3500,-90.00,0.7600,0.4200,1.0000,8.00,180.00,10.000000,0.250000,0.000000,1.200000,0.000000,0.000000,1.200000,0.000000,0.000000,0.900000,0.000000,0.000000,0.850000,0.040000,0.000000,0.008000,0.000000,0.000600,0.008000,0.000000,0.000600,0.006000,0.000000,0.000000,1,1,1,982,232,961,961,960,0,0,60.00,13501,3144,962,0,0,0,13502,500.00,500.00,8,1166,0.0000,0.4570,0.5480,0.8320,0.0890
2026-04-28T17:30:21.230,16.381,1,0.30,1.29,0.00,0.00,1,-0.0632,-0.0077,0.2570,0.0000,0.0000,0.0000,123.19,-8.41,1,4.200,4.200,0.800,40,87,0,0.000,0.7600,0.0000,53.92,60.07,983,983,1.00000,1.00000,1.00000,1.00000,0.00000,3,3,0,1,23.66473,0.03410,1.90448,0.0632,0.0077,0.0930,0.0000,0.0000,0.0000,146.81,8.74,-126.13,1,1,0.0000,0.0000,0.3500,-90.00,0.7600,0.4200,1.0000,8.00,180.00,10.000000,0.250000,0.000000,1.200000,0.000000,0.000000,1.200000,0.000000,0.000000,0.900000,0.000000,0.000000,0.850000,0.040000,0.000000,0.008000,0.000000,0.000600,0.008000,0.000000,0.000600,0.006000,0.000000,0.000000,1,1,1,983,232,961,961,960,0,0,60.00,13501,3144,962,0,0,0,13502,500.00,500.00,8,1166,0.0000,0.4570,0.5480,0.8320,0.0890
2026-04-28T17:30:21.246,16.396,1,0.30,1.29,0.00,0.00,1,-0.0631,-0.0077,0.2572,0.0000,0.0000,0.0000,123.18,0.63,1,4.200,4.200,0.800,40,87,0,0.000,0.7600,0.0000,68.46,60.71,984,984,1.00000,1.00000,1.00000,1.00000,0.00000,3,3,0,1,23.63263,0.03397,1.90064,0.0631,0.0077,0.0928,0.0000,0.0000,0.0000,146.82,8.72,-126.14,1,1,0.0000,0.0000,0.3500,-90.00,0.7600,0.4200,1.0000,8.00,180.00,10.000000,0.250000,0.000000,1.200000,0.000000,0.000000,1.200000,0.000000,0.000000,0.900000,0.000000,0.000000,0.850000,0.040000,0.000000,0.008000,0.000000,0.000600,0.008000,0.000000,0.000600,0.006000,0.000000,0.000000,1,1,1,984,232,961,961,960,0,0,60.00,13501,3144,962,0,0,0,13502,500.00,500.00,8,1166,0.0000,0.4570,0.5480,0.8320,0.0890
2026-04-28T17:30:21.263,16.414,1,0.30,1.29,0.00,0.00,1,-0.0630,-0.0080,0.2571,0.0000,0.0000,0.0000,123.10,4.65,1,4.200,4.200,0.800,40,87,0,0.000,0.7600,0.0000,61.64,59.41,985,985,1.00000,1.00000,1.00000,1.00000,0.00000,3,3,0,1,23.62354,0.03410,1.90334,0.0630,0.0080,0.0929,0.0000,0.0000,0.0000,146.90,8.80,-126.14,1,1,0.0000,0.0000,0.3500,-90.00,0.7600,0.4200,1.0000,8.00,180.00,10.000000,0.250000,0.000000,1.200000,0.000000,0.000000,1.200000,0.000000,0.000000,0.900000,0.000000,0.000000,0.850000,0.040000,0.000000,0.008000,0.000000,0.000600,0.008000,0.000000,0.000600,0.006000,0.000000,0.000000,1,1,1,985,230,961,961,960,0,0,60.00,13501,3144,962,0,0,0,13502,500.00,500.00,8,1166,0.0000,0.4570,0.5480,0.8320,0.0890
2026-04-28T17:30:21.280,16.431,1,0.30,1.29,0.00,0.00,1,-0.0630,-0.0080,0.2571,0.0000,0.0000,0.0000,123.07,1.90,1,4.200,4.200,0.800,40,87,0,0.000,0.7600,0.0000,60.13,71.15,986,986,1.00000,1.00000,1.00000,1.00000,0.00000,3,3,0,1,23.59175,0.03392,1.90014,0.0630,0.0080,0.0929,0.0000,0.0000,0.0000,146.93,8.82,-126.15,1,1,0.0000,0.0000,0.3500,-90.00,0.7600,0.4200,1.0000,8.00,180.00,10.000000,0.250000,0.000000,1.200000,0.000000,0.000000,1.200000,0.000000,0.000000,0.900000,0.000000,0.000000,0.850000,0.040000,0.000000,0.008000,0.000000,0.000600,0.008000,0.000000,0.000600,0.006000,0.000000,0.000000,1,1,1,986,232,961,961,960,0,0,60.00,13501,3144,962,0,0,0,13502,500.00,500.00,8,1166,0.0000,0.4570,0.5480,0.8320,0.0890
2026-04-28T17:30:21.295,16.446,1,0.30,1.29,0.00,0.00,1,-0.0631,-0.0079,0.2570,0.0000,0.0000,0.0000,123.12,-3.09,1,4.200,4.200,0.800,40,87,0,0.000,0.7600,0.0000,57.84,51.99,987,987,1.00000,1.00000,1.00000,1.00000,0.00000,3,3,0,1,23.63612,0.03411,1.90502,0.0631,0.0079,0.0930,0.0000,0.0000,0.0000,146.88,8.80,-126.16,1,1,0.0000,0.0000,0.3500,-90.00,0.7600,0.4200,1.0000,8.00,180.00,10.000000,0.250000,0.000000,1.200000,0.000000,0.000000,1.200000,0.000000,0.000000,0.900000,0.000000,0.000000,0.850000,0.040000,0.000000,0.008000,0.000000,0.000600,0.008000,0.000000,0.000600,0.006000,0.000000,0.000000,1,1,1,987,231,961,961,960,0,0,60.00,13501,3144,962,0,0,0,13502,500.00,500.00,8,1166,0.0000,0.4570,0.5480,0.8320,0.0890
2026-04-28T17:30:21.313,16.463,1,0.30,1.29,0.00,0.00,1,-0.0630,-0.0079,0.2570,0.0000,0.0000,0.0000,123.09,1.69,1,4.200,4.200,0.800,40,87,0,0.000,0.7600,0.0000,63.99,62.37,988,988,1.00000,1.00000,1.00000,1.00000,0.00000,3,3,0,1,23.59175,0.03392,1.90014,0.0630,0.0079,0.0930,0.0000,0.0000,0.0000,146.91,8.82,-126.16,1,1,0.0000,0.0000,0.3500,-90.00,0.7600,0.4200,1.0000,8.00,180.00,10.000000,0.250000,0.000000,1.200000,0.000000,0.000000,1.200000,0.000000,0.000000,0.900000,0.000000,0.000000,0.850000,0.040000,0.000000,0.008000,0.000000,0.000600,0.008000,0.000000,0.000600,0.006000,0.000000,0.000000,1,1,1,988,232,961,961,960,0,0,60.00,13501,3144,962,0,0,0,13502,500.00,500.00,8,1166,0.0000,0.4570,0.5480,0.8320,0.0890
2026-04-28T17:30:21.329,16.480,1,0.30,1.29,0.00,0.00,1,-0.0630,-0.0079,0.2572,0.0000,0.0000,0.0000,123.10,-0.63,1,4.200,4.200,0.800,40,87,0,0.000,0.7600,0.0000,59.15,60.11,989,989,1.00000,1.00000,1.00000,1.00000,0.00000,3,3,0,1,23.61287,0.03391,1.89809,0.0630,0.0079,0.0928,0.0000,0.0000,0.0000,146.90,8.82,-126.17,1,1,0.0000,0.0000,0.3500,-90.00,0.7600,0.4200,1.0000,8.00,180.00,10.000000,0.250000,0.000000,1.200000,0.000000,0.000000,1.200000,0.000000,0.000000,0.900000,0.000000,0.000000,0.850000,0.040000,0.000000,0.008000,0.000000,0.000600,0.008000,0.000000,0.000600,0.006000,0.000000,0.000000,1,1,1,989,231,961,961,960,0,0,60.00,13501,3144,962,0,0,0,13502,500.00,500.00,8,1166,0.0000,0.4570,0.5480,0.8320,0.0890
2026-04-28T17:30:21.346,16.497,1,0.30,1.29,0.00,0.00,1,-0.0631,-0.0079,0.2570,0.0000,0.0000,0.0000,123.06,2.30,1,4.200,4.200,0.800,40,87,0,0.000,0.7600,0.0000,61.61,57.48,990,990,1.00000,1.00000,1.00000,1.00000,0.00000,3,3,0,1,23.64448,0.03405,1.90498,0.0631,0.0079,0.0930,0.0000,0.0000,0.0000,146.94,8.81,-126.19,1,1,0.0000,0.0000,0.3500,-90.00,0.7600,0.4200,1.0000,8.00,180.00,10.000000,0.250000,0.000000,1.200000,0.000000,0.000000,1.200000,0.000000,0.000000,0.900000,0.000000,0.000000,0.850000,0.040000,0.000000,0.008000,0.000000,0.000600,0.008000,0.000000,0.000600,0.006000,0.000000,0.000000,1,1,1,990,232,961,961,960,0,0,60.00,13501,3144,962,0,0,0,13502,500.00,500.00,8,1166,0.0000,0.4570,0.5480,0.8320,0.0890
2026-04-28T17:30:21.362,16.513,1,0.30,1.29,0.00,0.00,1,-0.0630,-0.0078,0.2571,0.0000,0.0000,0.0000,123.08,-1.18,1,4.200,4.200,0.800,40,87,0,0.000,0.7600,0.0000,62.96,90.49,991,991,1.00000,1.00000,1.00000,1.00000,0.00000,3,3,0,1,23.63538,0.03399,1.89963,0.0630,0.0078,0.0929,0.0000,0.0000,0.0000,146.92,8.80,-126.15,1,1,0.0000,0.0000,0.3500,-90.00,0.7600,0.4200,1.0000,8.00,180.00,10.000000,0.250000,0.000000,1.200000,0.000000,0.000000,1.200000,0.000000,0.000000,0.900000,0.000000,0.000000,0.850000,0.040000,0.000000,0.008000,0.000000,0.000600,0.008000,0.000000,0.000600,0.006000,0.000000,0.000000,1,1,1,991,231,961,961,960,0,0,60.00,13501,3144,962,0,0,0,13502,500.00,500.00,8,1166,0.0000,0.4570,0.5480,0.8320,0.0890
2026-04-28T17:30:21.379,16.530,1,0.30,1.29,0.00,0.00,1,-0.0630,-0.0079,0.2571,0.0000,0.0000,0.0000,123.06,1.29,1,4.200,4.200,0.800,40,87,0,0.000,0.7600,0.0000,57.33,46.30,992,992,1.00000,1.00000,1.00000,1.00000,0.00000,3,3,0,1,23.59175,0.03392,1.90014,0.0630,0.0079,0.0929,0.0000,0.0000,0.0000,146.94,8.82,-126.15,1,1,0.0000,0.0000,0.3500,-90.00,0.7600,0.4200,1.0000,8.00,180.00,10.000000,0.250000,0.000000,1.200000,0.000000,0.000000,1.200000,0.000000,0.000000,0.900000,0.000000,0.000000,0.850000,0.040000,0.000000,0.008000,0.000000,0.000600,0.008000,0.000000,0.000600,0.006000,0.000000,0.000000,1,1,1,992,232,961,961,960,0,0,60.00,13501,3144,962,0,0,0,13502,500.00,500.00,8,1166,0.0000,0.4570,0.5480,0.8320,0.0890
2026-04-28T17:30:21.395,16.546,1,0.30,1.29,0.00,0.00,1,-0.0631,-0.0078,0.2572,0.0000,0.0000,0.0000,123.11,-3.03,1,4.200,4.200,0.800,40,87,0,0.000,0.7600,0.0000,58.82,59.80,993,993,1.00000,1.00000,1.00000,1.00000,0.00000,3,3,0,1,23.57964,0.03390,1.89950,0.0631,0.0078,0.0928,0.0000,0.0000,0.0000,146.89,8.75,-126.12,1,1,0.0000,0.0000,0.3500,-90.00,0.7600,0.4200,1.0000,8.00,180.00,10.000000,0.250000,0.000000,1.200000,0.000000,0.000000,1.200000,0.000000,0.000000,0.900000,0.000000,0.000000,0.850000,0.040000,0.000000,0.008000,0.000000,0.000600,0.008000,0.000000,0.000600,0.006000,0.000000,0.000000,1,1,1,993,232,961,961,960,0,0,60.00,13501,3144,962,0,0,0,13502,500.00,500.00,8,1166,0.0000,0.4570,0.5480,0.8320,0.0890
2026-04-28T17:30:21.412,16.563,1,0.30,1.29,0.00,0.00,1,-0.0631,-0.0078,0.2572,0.0000,0.0000,0.0000,123.12,-0.55,1,4.200,4.200,0.800,40,87,0,0.000,0.7600,0.0000,63.16,62.40,994,994,1.00000,1.00000,1.00000,1.00000,0.00000,3,3,0,1,23.58145,0.03395,1.90006,0.0631,0.0078,0.0928,0.0000,0.0000,0.0000,146.88,8.74,-126.11,1,1,0.0000,0.0000,0.3500,-90.00,0.7600,0.4200,1.0000,8.00,180.00,10.000000,0.250000,0.000000,1.200000,0.000000,0.000000,1.200000,0.000000,0.000000,0.900000,0.000000,0.000000,0.850000,0.040000,0.000000,0.008000,0.000000,0.000600,0.008000,0.000000,0.000600,0.006000,0.000000,0.000000,1,1,1,994,232,961,961,960,0,0,60.00,13501,3144,962,0,0,0,13502,500.00,500.00,8,1166,0.0000,0.4570,0.5480,0.8320,0.0890
2026-04-28T17:30:21.429,16.579,1,0.30,1.29,0.00,0.00,1,-0.0630,-0.0078,0.2572,0.0000,0.0000,0.0000,123.12,0.00,1,4.200,4.200,0.800,40,87,0,0.000,0.7600,0.0000,58.33,56.14,995,995,1.00000,1.00000,1.00000,1.00000,0.00000,3,3,0,1,23.58457,0.03385,1.90016,0.0630,0.0078,0.0928,0.0000,0.0000,0.0000,146.88,8.72,-126.10,1,1,0.0000,0.0000,0.3500,-90.00,0.7600,0.4200,1.0000,8.00,180.00,10.000000,0.250000,0.000000,1.200000,0.000000,0.000000,1.200000,0.000000,0.000000,0.900000,0.000000,0.000000,0.850000,0.040000,0.000000,0.008000,0.000000,0.000600,0.008000,0.000000,0.000600,0.006000,0.000000,0.000000,1,1,1,995,231,961,961,960,0,0,60.00,13501,3144,962,0,0,0,13502,500.00,500.00,8,1166,0.0000,0.4570,0.5480,0.8320,0.0890
2026-04-28T17:30:21.445,16.596,1,0.30,1.29,0.00,0.00,1,-0.0630,-0.0079,0.2571,0.0000,0.0000,0.0000,123.06,3.37,1,4.200,4.200,0.800,40,87,0,0.000,0.7600,0.0000,59.05,66.71,996,996,1.00000,1.00000,1.00000,1.00000,0.00000,3,3,0,1,23.59434,0.03387,1.89945,0.0630,0.0079,0.0929,0.0000,0.0000,0.0000,146.94,8.77,-126.13,1,1,0.0000,0.0000,0.3500,-90.00,0.7600,0.4200,1.0000,8.00,180.00,10.000000,0.250000,0.000000,1.200000,0.000000,0.000000,1.200000,0.000000,0.000000,0.900000,0.000000,0.000000,0.850000,0.040000,0.000000,0.008000,0.000000,0.000600,0.008000,0.000000,0.000600,0.006000,0.000000,0.000000,1,1,1,996,232,961,961,960,0,0,60.00,13501,3144,962,0,0,0,13502,500.00,500.00,8,1166,0.0000,0.4570,0.5480,0.8320,0.0890
2026-04-28T17:30:21.464,16.615,1,0.30,1.29,0.00,0.00,1,-0.0630,-0.0078,0.2571,0.0000,0.0000,0.0000,123.07,-0.55,1,4.200,4.200,0.800,40,87,0,0.000,0.7600,0.0000,59.13,54.91,997,997,1.00000,1.00000,1.00000,1.00000,0.00000,3,3,0,1,23.64291,0.03394,1.90072,0.0630,0.0078,0.0929,0.0000,0.0000,0.0000,146.93,8.79,-126.17,1,1,0.0000,0.0000,0.3500,-90.00,0.7600,0.4200,1.0000,8.00,180.00,10.000000,0.250000,0.000000,1.200000,0.000000,0.000000,1.200000,0.000000,0.000000,0.900000,0.000000,0.000000,0.850000,0.040000,0.000000,0.008000,0.000000,0.000600,0.008000,0.000000,0.000600,0.006000,0.000000,0.000000,1,1,1,997,232,961,961,960,0,0,60.00,13501,3144,962,0,0,0,13502,500.00,500.00,8,1166,0.0000,0.4570,0.5480,0.8320,0.0890
2026-04-28T17:30:21.477,16.628,1,0.30,1.29,0.00,0.00,1,-0.0630,-0.0080,0.2570,0.0000,0.0000,0.0000,123.03,2.79,1,4.200,4.200,0.800,40,87,0,0.000,0.7600,0.0000,59.06,60.26,998,998,1.00000,1.00000,1.00000,1.00000,0.00000,3,3,0,1,23.62602,0.03400,1.90342,0.0630,0.0080,0.0930,0.0000,0.0000,0.0000,146.97,8.82,-126.15,1,1,0.0000,0.0000,0.3500,-90.00,0.7600,0.4200,1.0000,8.00,180.00,10.000000,0.250000,0.000000,1.200000,0.000000,0.000000,1.200000,0.000000,0.000000,0.900000,0.000000,0.000000,0.850000,0.040000,0.000000,0.008000,0.000000,0.000600,0.008000,0.000000,0.000600,0.006000,0.000000,0.000000,1,1,1,998,232,961,961,960,0,0,60.00,13501,3144,962,0,0,0,13502,500.00,500.00,8,1166,0.0000,0.4570,0.5480,0.8320,0.0890
2026-04-28T17:30:21.496,16.647,1,0.30,1.29,0.00,0.00,1,-0.0630,-0.0080,0.2571,0.0000,0.0000,0.0000,123.06,-1.62,1,4.200,4.200,0.800,40,87,0,0.000,0.7600,0.0000,67.36,61.68,999,999,1.00000,1.00000,1.00000,1.00000,0.00000,3,3,0,1,23.64698,0.03395,1.90216,0.0630,0.0080,0.0929,0.0000,0.0000,0.0000,146.94,8.81,-126.16,1,1,0.0000,0.0000,0.3500,-90.00,0.7600,0.4200,1.0000,8.00,180.00,10.000000,0.250000,0.000000,1.200000,0.000000,0.000000,1.200000,0.000000,0.000000,0.900000,0.000000,0.000000,0.850000,0.040000,0.000000,0.008000,0.000000,0.000600,0.008000,0.000000,0.000600,0.006000,0.000000,0.000000,1,1,1,999,232,961,961,960,0,0,60.00,13501,3144,962,0,0,0,13502,500.00,500.00,8,1166,0.0000,0.4570,0.5480,0.8320,0.0890
2026-04-28T17:30:21.512,16.662,1,0.30,1.29,0.00,0.00,1,-0.0630,-0.0079,0.2570,0.0000,0.0000,0.0000,123.06,0.00,1,4.200,4.200,0.800,40,87,0,0.000,0.7600,0.0000,55.41,60.05,1000,1000,1.00000,1.00000,1.00000,1.00000,0.00000,3,3,0,1,23.65641,0.03402,1.90252,0.0630,0.0079,0.0930,0.0000,0.0000,0.0000,146.94,8.82,-126.16,1,1,0.0000,0.0000,0.3500,-90.00,0.7600,0.4200,1.0000,8.00,180.00,10.000000,0.250000,0.000000,1.200000,0.000000,0.000000,1.200000,0.000000,0.000000,0.900000,0.000000,0.000000,0.850000,0.040000,0.000000,0.008000,0.000000,0.000600,0.008000,0.000000,0.000600,0.006000,0.000000,0.000000,1,1,1,1000,232,961,961,960,0,0,60.00,13501,3144,962,0,0,0,13502,500.00,500.00,8,1166,0.0000,0.4570,0.5480,0.8320,0.0890
2026-04-28T17:30:21.529,16.679,1,0.30,1.29,0.00,0.00,1,-0.0630,-0.0077,0.2570,0.0000,0.0000,0.0000,123.11,-2.95,1,4.200,4.200,0.800,40,87,0,0.000,0.7600,0.0000,63.16,60.80,1001,1001,1.00000,1.00000,1.00000,1.00000,0.00000,3,3,0,1,23.69480,0.03400,1.90106,0.0630,0.0077,0.0930,0.0000,0.0000,0.0000,146.89,8.84,-126.16,1,1,0.0000,0.0000,0.3500,-90.00,0.7600,0.4200,1.0000,8.00,180.00,10.000000,0.250000,0.000000,1.200000,0.000000,0.000000,1.200000,0.000000,0.000000,0.900000,0.000000,0.000000,0.850000,0.040000,0.000000,0.008000,0.000000,0.000600,0.008000,0.000000,0.000600,0.006000,0.000000,0.000000,1,1,1,1001,232,961,961,960,0,0,60.00,13501,3144,962,0,0,0,13502,500.00,500.00,8,1166,0.0000,0.4570,0.5480,0.8320,0.0890
2026-04-28T17:30:21.544,16.695,1,0.30,1.29,0.00,0.00,1,-0.0630,-0.0079,0.2572,0.0000,0.0000,0.0000,123.09,1.19,1,4.200,4.200,0.800,40,87,0,0.000,0.7600,0.0000,59.04,59.62,1002,1002,1.00000,1.00000,1.00000,1.00000,0.00000,3,3,0,1,23.62250,0.03387,1.89999,0.0630,0.0079,0.0928,0.0000,0.0000,0.0000,146.91,8.81,-126.17,1,1,0.0000,0.0000,0.3500,-90.00,0.7600,0.4200,1.0000,8.00,180.00,10.000000,0.250000,0.000000,1.200000,0.000000,0.000000,1.200000,0.000000,0.000000,0.900000,0.000000,0.000000,0.850000,0.040000,0.000000,0.008000,0.000000,0.000600,0.008000,0.000000,0.000600,0.006000,0.000000,0.000000,1,1,1,1002,232,961,961,960,0,0,60.00,13501,3144,962,0,0,0,13502,500.00,500.00,8,1166,0.0000,0.4570,0.5480,0.8320,0.0890
2026-04-28T17:30:21.561,16.712,1,0.30,1.29,0.00,0.00,1,-0.0630,-0.0079,0.2571,0.0000,0.0000,0.0000,123.07,1.24,1,4.200,4.200,0.800,40,87,0,0.000,0.7600,0.0000,63.58,58.91,1003,1003,1.00000,1.00000,1.00000,1.00000,0.00000,3,3,0,1,23.59175,0.03392,1.90014,0.0630,0.0079,0.0929,0.0000,0.0000,0.0000,146.93,8.82,-126.16,1,1,0.0000,0.0000,0.3500,-90.00,0.7600,0.4200,1.0000,8.00,180.00,10.000000,0.250000,0.000000,1.200000,0.000000,0.000000,1.200000,0.000000,0.000000,0.900000,0.000000,0.000000,0.850000,0.040000,0.000000,0.008000,0.000000,0.000600,0.008000,0.000000,0.000600,0.006000,0.000000,0.000000,1,1,1,1003,232,961,961,960,0,0,60.00,13501,3144,962,0,0,0,13502,500.00,500.00,8,1166,0.0000,0.4570,0.5480,0.8320,0.0890
2026-04-28T17:30:21.579,16.729,1,0.30,1.29,0.00,0.00,1,-0.0630,-0.0080,0.2572,0.0000,0.0000,0.0000,123.06,0.58,1,4.200,4.200,0.800,40,87,0,0.000,0.7600,0.0000,59.53,97.00,1004,1004,1.00000,1.00000,1.00000,1.00000,0.00000,3,3,0,1,23.59711,0.03393,1.90139,0.0630,0.0080,0.0928,0.0000,0.0000,0.0000,146.94,8.80,-126.15,1,1,0.0000,0.0000,0.3500,-90.00,0.7600,0.4200,1.0000,8.00,180.00,10.000000,0.250000,0.000000,1.200000,0.000000,0.000000,1.200000,0.000000,0.000000,0.900000,0.000000,0.000000,0.850000,0.040000,0.000000,0.008000,0.000000,0.000600,0.008000,0.000000,0.000600,0.006000,0.000000,0.000000,1,1,1,1004,231,961,961,960,0,0,60.00,13501,3144,962,0,0,0,13502,500.00,500.00,8,1166,0.0000,0.4570,0.5480,0.8320,0.0890
2026-04-28T17:30:21.595,16.746,1,0.30,1.29,0.00,0.00,1,-0.0631,-0.0080,0.2571,0.0000,0.0000,0.0000,123.05,0.58,1,4.200,4.200,0.800,40,87,0,0.000,0.7600,0.0000,57.04,43.84,1005,1005,1.00000,1.00000,1.00000,1.00000,0.00000,3,3,0,1,23.62157,0.03400,1.90356,0.0631,0.0080,0.0929,0.0000,0.0000,0.0000,146.95,8.81,-126.14,1,1,0.0000,0.0000,0.3500,-90.00,0.7600,0.4200,1.0000,8.00,180.00,10.000000,0.250000,0.000000,1.200000,0.000000,0.000000,1.200000,0.000000,0.000000,0.900000,0.000000,0.000000,0.850000,0.040000,0.000000,0.008000,0.000000,0.000600,0.008000,0.000000,0.000600,0.006000,0.000000,0.000000,1,1,1,1005,232,961,961,960,0,0,60.00,13501,3144,962,0,0,0,13502,500.00,500.00,8,1166,0.0000,0.4570,0.5480,0.8320,0.0890
2026-04-28T17:30:21.611,16.762,1,0.30,1.29,0.00,0.00,1,-0.0631,-0.0080,0.2571,0.0000,0.0000,0.0000,123.04,0.63,1,4.200,4.200,0.800,40,87,0,0.000,0.7600,0.0000,60.06,58.01,1006,1006,1.00000,1.00000,1.00000,1.00000,0.00000,3,3,0,1,23.62703,0.03410,1.90316,0.0631,0.0080,0.0929,0.0000,0.0000,0.0000,146.96,8.81,-126.16,1,1,0.0000,0.0000,0.3500,-90.00,0.7600,0.4200,1.0000,8.00,180.00,10.000000,0.250000,0.000000,1.200000,0.000000,0.000000,1.200000,0.000000,0.000000,0.900000,0.000000,0.000000,0.850000,0.040000,0.000000,0.008000,0.000000,0.000600,0.008000,0.000000,0.000600,0.006000,0.000000,0.000000,1,1,1,1006,232,961,961,960,0,0,60.00,13501,3144,962,0,0,0,13502,500.00,500.00,8,1166,0.0000,0.4570,0.5480,0.8320,0.0890
2026-04-28T17:30:21.629,16.779,1,0.30,1.29,0.00,0.00,1,-0.0631,-0.0079,0.2571,0.0000,0.0000,0.0000,123.10,-3.54,1,4.200,4.200,0.800,40,87,0,0.000,0.7600,0.0000,62.04,60.76,1007,1007,1.00000,1.00000,1.00000,1.00000,0.00000,3,3,0,1,23.58365,0.03395,1.90085,0.0631,0.0079,0.0929,0.0000,0.0000,0.0000,146.90,8.80,-126.16,1,1,0.0000,0.0000,0.3500,-90.00,0.7600,0.4200,1.0000,8.00,180.00,10.000000,0.250000,0.000000,1.200000,0.000000,0.000000,1.200000,0.000000,0.000000,0.900000,0.000000,0.000000,0.850000,0.040000,0.000000,0.008000,0.000000,0.000600,0.008000,0.000000,0.000600,0.006000,0.000000,0.000000,1,1,1,1007,230,961,961,960,0,0,60.00,13501,3144,962,0,0,0,13502,500.00,500.00,8,1166,0.0000,0.4570,0.5480,0.8320,0.0890
2026-04-28T17:30:21.647,16.798,1,0.30,1.29,0.00,0.00,1,-0.0631,-0.0078,0.2571,0.0000,0.0000,0.0000,123.13,-1.64,1,4.200,4.200,0.800,40,87,0,0.000,0.7600,0.0000,57.09,64.50,1008,1008,1.00000,1.00000,1.00000,1.00000,0.00000,3,3,0,1,23.60408,0.03402,1.90081,0.0631,0.0078,0.0929,0.0000,0.0000,0.0000,146.87,8.77,-126.15,1,1,0.0000,0.0000,0.3500,-90.00,0.7600,0.4200,1.0000,8.00,180.00,10.000000,0.250000,0.000000,1.200000,0.000000,0.000000,1.200000,0.000000,0.000000,0.900000,0.000000,0.000000,0.850000,0.040000,0.000000,0.008000,0.000000,0.000600,0.008000,0.000000,0.000600,0.006000,0.000000,0.000000,1,1,1,1008,232,961,961,960,0,0,60.00,13501,3144,962,0,0,0,13502,500.00,500.00,8,1166,0.0000,0.4570,0.5480,0.8320,0.0890
2026-04-28T17:30:21.661,16.812,1,0.30,1.29,0.00,0.00,1,-0.0630,-0.0077,0.2571,0.0000,0.0000,0.0000,123.17,-2.54,1,4.200,4.200,0.800,40,87,0,0.000,0.7600,0.0000,54.62,55.32,1009,1009,1.00000,1.00000,1.00000,1.00000,0.00000,3,3,0,1,23.64997,0.03390,1.89845,0.0630,0.0077,0.0929,0.0000,0.0000,0.0000,146.83,8.80,-126.15,1,1,0.0000,0.0000,0.3500,-90.00,0.7600,0.4200,1.0000,8.00,180.00,10.000000,0.250000,0.000000,1.200000,0.000000,0.000000,1.200000,0.000000,0.000000,0.900000,0.000000,0.000000,0.850000,0.040000,0.000000,0.008000,0.000000,0.000600,0.008000,0.000000,0.000600,0.006000,0.000000,0.000000,1,1,1,1009,231,961,961,960,0,0,60.00,13501,3144,962,0,0,0,13502,500.00,500.00,8,1166,0.0000,0.4570,0.5480,0.8320,0.0890
2026-04-28T17:30:21.679,16.829,1,0.30,1.29,0.00,0.00,1,-0.0630,-0.0079,0.2572,0.0000,0.0000,0.0000,123.11,3.66,1,4.200,4.200,0.800,40,87,0,0.000,0.7600,0.0000,77.16,62.49,1010,1010,1.00000,1.00000,1.00000,1.00000,0.00000,3,3,0,1,23.59711,0.03393,1.90139,0.0630,0.0079,0.0928,0.0000,0.0000,0.0000,146.89,8.79,-126.14,1,1,0.0000,0.0000,0.3500,-90.00,0.7600,0.4200,1.0000,8.00,180.00,10.000000,0.250000,0.000000,1.200000,0.000000,0.000000,1.200000,0.000000,0.000000,0.900000,0.000000,0.000000,0.850000,0.040000,0.000000,0.008000,0.000000,0.000600,0.008000,0.000000,0.000600,0.006000,0.000000,0.000000,1,1,1,1010,232,961,961,960,0,0,60.00,13501,3144,962,0,0,0,13502,500.00,500.00,8,1166,0.0000,0.4570,0.5480,0.8320,0.0890
2026-04-28T17:30:21.694,16.844,1,0.30,1.29,0.00,0.00,1,-0.0629,-0.0079,0.2571,0.0000,0.0000,0.0000,123.04,4.42,1,4.200,4.200,0.800,40,87,0,0.000,0.7600,0.0000,53.54,66.71,1011,1011,1.00000,1.00000,1.00000,1.00000,0.00000,3,3,0,1,23.65180,0.03394,1.90044,0.0629,0.0079,0.0929,0.0000,0.0000,0.0000,146.96,8.83,-126.19,1,1,0.0000,0.0000,0.3500,-90.00,0.7600,0.4200,1.0000,8.00,180.00,10.000000,0.250000,0.000000,1.200000,0.000000,0.000000,1.200000,0.000000,0.000000,0.900000,0.000000,0.000000,0.850000,0.040000,0.000000,0.008000,0.000000,0.000600,0.008000,0.000000,0.000600,0.006000,0.000000,0.000000,1,1,1,1011,232,961,961,960,0,0,60.00,13501,3144,962,0,0,0,13502,500.00,500.00,8,1166,0.0000,0.4570,0.5480,0.8320,0.0890
2026-04-28T17:30:21.709,16.860,1,0.30,1.29,0.00,0.00,1,-0.0631,-0.0078,0.2571,0.0000,0.0000,0.0000,123.10,-3.87,1,4.200,4.200,0.800,40,87,0,0.000,0.7600,0.0000,59.00,54.49,1012,1012,1.00000,1.00000,1.00000,1.00000,0.00000,3,3,0,1,23.60942,0.03402,1.90206,0.0631,0.0078,0.0929,0.0000,0.0000,0.0000,146.90,8.76,-126.16,1,1,0.0000,0.0000,0.3500,-90.00,0.7600,0.4200,1.0000,8.00,180.00,10.000000,0.250000,0.000000,1.200000,0.000000,0.000000,1.200000,0.000000,0.000000,0.900000,0.000000,0.000000,0.850000,0.040000,0.000000,0.008000,0.000000,0.000600,0.008000,0.000000,0.000600,0.006000,0.000000,0.000000,1,1,1,1012,231,961,961,960,0,0,60.00,13501,3144,962,0,0,0,13502,500.00,500.00,8,1166,0.0000,0.4570,0.5480,0.8320,0.0890
2026-04-28T17:30:21.729,16.880,1,0.30,1.29,0.00,0.00,1,-0.0630,-0.0078,0.2572,0.0000,0.0000,0.0000,123.12,-1.01,1,4.200,4.200,0.800,40,87,0,0.000,0.7600,0.0000,64.70,57.59,1013,1013,1.00000,1.00000,1.00000,1.00000,0.00000,3,3,0,1,23.57610,0.03394,1.89881,0.0630,0.0078,0.0928,0.0000,0.0000,0.0000,146.88,8.77,-126.13,1,1,0.0000,0.0000,0.3500,-90.00,0.7600,0.4200,1.0000,8.00,180.00,10.000000,0.250000,0.000000,1.200000,0.000000,0.000000,1.200000,0.000000,0.000000,0.900000,0.000000,0.000000,0.850000,0.040000,0.000000,0.008000,0.000000,0.000600,0.008000,0.000000,0.000600,0.006000,0.000000,0.000000,1,1,1,1013,232,961,961,960,0,0,60.00,13501,3144,962,0,0,0,13502,500.00,500.00,8,1166,0.0000,0.4570,0.5480,0.8320,0.0890
2026-04-28T17:30:21.744,16.895,1,0.30,1.29,0.00,0.00,1,-0.0630,-0.0079,0.2569,0.0000,0.0000,0.0000,123.06,3.86,1,4.200,4.200,0.800,40,87,0,0.000,0.7600,0.0000,60.90,62.75,1014,1014,1.00000,1.00000,1.00000,1.00000,0.00000,3,3,0,1,23.64864,0.03407,1.90417,0.0630,0.0079,0.0931,0.0000,0.0000,0.0000,146.94,8.82,-126.16,1,1,0.0000,0.0000,0.3500,-90.00,0.7600,0.4200,1.0000,8.00,180.00,10.000000,0.250000,0.000000,1.200000,0.000000,0.000000,1.200000,0.000000,0.000000,0.900000,0.000000,0.000000,0.850000,0.040000,0.000000,0.008000,0.000000,0.000600,0.008000,0.000000,0.000600,0.006000,0.000000,0.000000,1,1,1,1014,232,961,961,960,0,0,60.00,13501,3144,962,0,0,0,13502,500.00,500.00,8,1166,0.0000,0.4570,0.5480,0.8320,0.0890
2026-04-28T17:30:21.762,16.913,1,0.30,1.29,0.00,0.00,1,-0.0630,-0.0079,0.2569,0.0000,0.0000,0.0000,123.04,1.22,1,4.200,4.200,0.800,40,87,0,0.000,0.7600,0.0000,56.52,59.98,1015,1015,1.00000,1.00000,1.00000,1.00000,0.00000,3,3,0,1,23.61874,0.03394,1.90160,0.0630,0.0079,0.0931,0.0000,0.0000,0.0000,146.96,8.84,-126.15,1,1,0.0000,0.0000,0.3500,-90.00,0.7600,0.4200,1.0000,8.00,180.00,10.000000,0.250000,0.000000,1.200000,0.000000,0.000000,1.200000,0.000000,0.000000,0.900000,0.000000,0.000000,0.850000,0.040000,0.000000,0.008000,0.000000,0.000600,0.008000,0.000000,0.000600,0.006000,0.000000,0.000000,1,1,1,1015,232,961,961,960,0,0,60.00,13501,3144,962,0,0,0,13502,500.00,500.00,8,1166,0.0000,0.4570,0.5480,0.8320,0.0890
2026-04-28T17:30:21.778,16.929,1,0.30,1.29,0.00,0.00,1,-0.0631,-0.0079,0.2570,0.0000,0.0000,0.0000,123.06,-1.23,1,4.200,4.200,0.800,40,87,0,0.000,0.7600,0.0000,59.34,60.01,1016,1016,1.00000,1.00000,1.00000,1.00000,0.00000,3,3,0,1,23.61724,0.03409,1.90205,0.0631,0.0079,0.0930,0.0000,0.0000,0.0000,146.94,8.84,-126.17,1,1,0.0000,0.0000,0.3500,-90.00,0.7600,0.4200,1.0000,8.00,180.00,10.000000,0.250000,0.000000,1.200000,0.000000,0.000000,1.200000,0.000000,0.000000,0.900000,0.000000,0.000000,0.850000,0.040000,0.000000,0.008000,0.000000,0.000600,0.008000,0.000000,0.000600,0.006000,0.000000,0.000000,1,1,1,1016,232,961,961,960,0,0,60.00,13501,3144,962,0,0,0,13502,500.00,500.00,8,1166,0.0000,0.4570,0.5480,0.8320,0.0890
2026-04-28T17:30:21.796,16.947,1,0.30,1.29,0.00,0.00,1,-0.0630,-0.0076,0.2569,0.0000,0.0000,0.0000,123.15,-5.32,1,4.200,4.200,0.800,40,87,0,0.000,0.7600,0.0000,61.78,58.83,1017,1017,1.00000,1.00000,1.00000,1.00000,0.00000,3,3,0,1,23.65554,0.03405,1.90087,0.0630,0.0076,0.0931,0.0000,0.0000,0.0000,146.85,8.81,-126.13,1,1,0.0000,0.0000,0.3500,-90.00,0.7600,0.4200,1.0000,8.00,180.00,10.000000,0.250000,0.000000,1.200000,0.000000,0.000000,1.200000,0.000000,0.000000,0.900000,0.000000,0.000000,0.850000,0.040000,0.000000,0.008000,0.000000,0.000600,0.008000,0.000000,0.000600,0.006000,0.000000,0.000000,1,1,1,1017,232,961,961,960,0,0,60.00,13501,3144,962,0,0,0,13502,500.00,500.00,8,1166,0.0000,0.4570,0.5480,0.8320,0.0890
2026-04-28T17:30:21.812,16.963,1,0.30,1.29,0.00,0.00,1,-0.0631,-0.0078,0.2570,0.0000,0.0000,0.0000,123.16,-0.57,1,4.200,4.200,0.800,40,87,0,0.000,0.7600,0.0000,57.53,61.22,1018,1018,1.00000,1.00000,1.00000,1.00000,0.00000,3,3,0,1,23.64147,0.03411,1.90627,0.0631,0.0078,0.0930,0.0000,0.0000,0.0000,146.84,8.77,-126.14,1,1,0.0000,0.0000,0.3500,-90.00,0.7600,0.4200,1.0000,8.00,180.00,10.000000,0.250000,0.000000,1.200000,0.000000,0.000000,1.200000,0.000000,0.000000,0.900000,0.000000,0.000000,0.850000,0.040000,0.000000,0.008000,0.000000,0.000600,0.008000,0.000000,0.000600,0.006000,0.000000,0.000000,1,1,1,1018,232,961,961,960,0,0,60.00,13501,3144,962,0,0,0,13502,500.00,500.00,8,1166,0.0000,0.4570,0.5480,0.8320,0.0890
2026-04-28T17:30:21.829,16.979,1,0.30,1.29,0.00,0.00,1,-0.0631,-0.0078,0.2569,0.0000,0.0000,0.0000,123.09,4.28,1,4.200,4.200,0.800,40,87,0,0.000,0.7600,0.0000,60.36,57.74,1019,1019,1.00000,1.00000,1.00000,1.00000,0.00000,3,3,0,1,23.65171,0.03400,1.90459,0.0631,0.0078,0.0931,0.0000,0.0000,0.0000,146.91,8.77,-126.15,1,1,0.0000,0.0000,0.3500,-90.00,0.7600,0.4200,1.0000,8.00,180.00,10.000000,0.250000,0.000000,1.200000,0.000000,0.000000,1.200000,0.000000,0.000000,0.900000,0.000000,0.000000,0.850000,0.040000,0.000000,0.008000,0.000000,0.000600,0.008000,0.000000,0.000600,0.006000,0.000000,0.000000,1,1,1,1019,232,961,961,960,0,0,60.00,13501,3144,962,0,0,0,13502,500.00,500.00,8,1166,0.0000,0.4570,0.5480,0.8320,0.0890
2026-04-28T17:30:21.846,16.997,1,0.30,1.29,0.00,0.00,1,-0.0630,-0.0079,0.2571,0.0000,0.0000,0.0000,123.08,0.59,1,4.200,4.200,0.800,40,87,0,0.000,0.7600,0.0000,61.59,60.66,1020,1020,1.00000,1.00000,1.00000,1.00000,0.00000,3,3,0,1,23.61714,0.03387,1.89874,0.0630,0.0079,0.0929,0.0000,0.0000,0.0000,146.92,8.80,-126.17,1,1,0.0000,0.0000,0.3500,-90.00,0.7600,0.4200,1.0000,8.00,180.00,10.000000,0.250000,0.000000,1.200000,0.000000,0.000000,1.200000,0.000000,0.000000,0.900000,0.000000,0.000000,0.850000,0.040000,0.000000,0.008000,0.000000,0.000600,0.008000,0.000000,0.000600,0.006000,0.000000,0.000000,1,1,1,1020,231,961,961,960,0,0,60.00,13501,3144,962,0,0,0,13502,500.00,500.00,8,1166,0.0000,0.4570,0.5480,0.8320,0.0890
2026-04-28T17:30:21.863,17.013,1,0.30,1.29,0.00,0.00,1,-0.0630,-0.0078,0.2572,0.0000,0.0000,0.0000,123.13,-2.97,1,4.200,4.200,0.800,40,87,0,0.000,0.7600,0.0000,58.14,60.61,1021,1021,1.00000,1.00000,1.00000,1.00000,0.00000,3,3,0,1,23.63263,0.03397,1.90064,0.0630,0.0078,0.0928,0.0000,0.0000,0.0000,146.87,8.75,-126.16,1,1,0.0000,0.0000,0.3500,-90.00,0.7600,0.4200,1.0000,8.00,180.00,10.000000,0.250000,0.000000,1.200000,0.000000,0.000000,1.200000,0.000000,0.000000,0.900000,0.000000,0.000000,0.850000,0.040000,0.000000,0.008000,0.000000,0.000600,0.008000,0.000000,0.000600,0.006000,0.000000,0.000000,1,1,1,1021,232,961,961,960,0,0,60.00,13501,3144,962,0,0,0,13502,500.00,500.00,8,1166,0.0000,0.4570,0.5480,0.8320,0.0890
2026-04-28T17:30:21.879,17.029,1,0.30,1.29,0.00,0.00,1,-0.0631,-0.0076,0.2573,0.0000,0.0000,0.0000,123.20,-4.40,1,4.200,4.200,0.800,40,87,0,0.000,0.7600,0.0000,59.41,68.29,1022,1022,1.00000,1.00000,1.00000,1.00000,0.00000,3,3,0,1,23.60473,0.03393,1.89828,0.0631,0.0076,0.0927,0.0000,0.0000,0.0000,146.80,8.73,-126.10,1,1,0.0000,0.0000,0.3500,-90.00,0.7600,0.4200,1.0000,8.00,180.00,10.000000,0.250000,0.000000,1.200000,0.000000,0.000000,1.200000,0.000000,0.000000,0.900000,0.000000,0.000000,0.850000,0.040000,0.000000,0.008000,0.000000,0.000600,0.008000,0.000000,0.000600,0.006000,0.000000,0.000000,1,1,1,1022,230,1021,1021,1021,0,0,60.00,13561,3112,962,0,0,0,13502,500.00,500.00,8,1166,0.0000,0.4570,0.5480,0.8320,0.0890
2026-04-28T17:30:21.895,17.046,1,0.30,1.29,0.00,0.00,1,-0.0631,-0.0078,0.2569,0.0000,0.0000,0.0000,123.14,3.70,1,4.200,4.200,0.800,40,87,0,0.000,0.7600,0.0000,62.59,53.90,1023,1023,1.00000,1.00000,1.00000,1.00000,0.00000,3,3,0,1,23.64239,0.03402,1.90375,0.0631,0.0078,0.0931,0.0000,0.0000,0.0000,146.86,8.76,-126.14,1,1,0.0000,0.0000,0.3500,-90.00,0.7600,0.4200,1.0000,8.00,180.00,10.000000,0.250000,0.000000,1.200000,0.000000,0.000000,1.200000,0.000000,0.000000,0.900000,0.000000,0.000000,0.850000,0.040000,0.000000,0.008000,0.000000,0.000600,0.008000,0.000000,0.000600,0.006000,0.000000,0.000000,1,1,1,1023,232,1021,1021,1021,0,0,60.00,13561,3112,962,0,0,0,13502,500.00,500.00,8,1166,0.0000,0.4570,0.5480,0.8320,0.0890
2026-04-28T17:30:21.914,17.064,1,0.30,1.29,0.00,0.00,1,-0.0631,-0.0078,0.2570,0.0000,0.0000,0.0000,123.15,-0.56,1,4.200,4.200,0.800,40,87,0,0.000,0.7600,0.0000,56.58,60.73,1024,1024,1.00000,1.00000,1.00000,1.00000,0.00000,3,3,0,1,23.63392,0.03410,1.90424,0.0631,0.0078,0.0930,0.0000,0.0000,0.0000,146.85,8.74,-126.12,1,1,0.0000,0.0000,0.3500,-90.00,0.7600,0.4200,1.0000,8.00,180.00,10.000000,0.250000,0.000000,1.200000,0.000000,0.000000,1.200000,0.000000,0.000000,0.900000,0.000000,0.000000,0.850000,0.040000,0.000000,0.008000,0.000000,0.000600,0.008000,0.000000,0.000600,0.006000,0.000000,0.000000,1,1,1,1024,232,1021,1021,1021,0,0,60.00,13561,3112,1022,0,0,0,13562,499.50,499.50,11,702,0.0000,0.4570,0.5480,0.8320,0.0890
2026-04-28T17:30:21.929,17.080,1,0.30,1.29,0.00,0.00,1,-0.0631,-0.0075,0.2570,0.0000,0.0000,0.0000,123.26,-6.67,1,4.200,4.200,0.800,40,87,0,0.000,0.7600,0.0000,57.91,58.89,1025,1025,1.00000,1.00000,1.00000,1.00000,0.00000,3,3,0,1,23.63736,0.03388,1.90009,0.0631,0.0075,0.0930,0.0000,0.0000,0.0000,146.74,8.67,-126.07,1,1,0.0000,0.0000,0.3500,-90.00,0.7600,0.4200,1.0000,8.00,180.00,10.000000,0.250000,0.000000,1.200000,0.000000,0.000000,1.200000,0.000000,0.000000,0.900000,0.000000,0.000000,0.850000,0.040000,0.000000,0.008000,0.000000,0.000600,0.008000,0.000000,0.000600,0.006000,0.000000,0.000000,1,1,1,1025,232,1021,1021,1021,0,0,60.00,13561,3112,1022,0,0,0,13562,499.50,499.50,11,702,0.0000,0.4570,0.5480,0.8320,0.0890
2026-04-28T17:30:21.944,17.095,1,0.30,1.29,0.00,0.00,1,-0.0630,-0.0079,0.2570,0.0000,0.0000,0.0000,123.12,8.68,1,4.200,4.200,0.800,40,87,0,0.000,0.7600,0.0000,61.88,58.84,1026,1026,1.00000,1.00000,1.00000,1.00000,0.00000,3,3,0,1,23.62870,0.03388,1.90323,0.0630,0.0079,0.0930,0.0000,0.0000,0.0000,146.88,8.74,-126.10,1,1,0.0000,0.0000,0.3500,-90.00,0.7600,0.4200,1.0000,8.00,180.00,10.000000,0.250000,0.000000,1.200000,0.000000,0.000000,1.200000,0.000000,0.000000,0.900000,0.000000,0.000000,0.850000,0.040000,0.000000,0.008000,0.000000,0.000600,0.008000,0.000000,0.000600,0.006000,0.000000,0.000000,1,1,1,1026,231,1021,1021,1021,0,0,60.00,13561,3112,1022,0,0,0,13562,499.50,499.50,11,702,0.0000,0.4570,0.5480,0.8320,0.0890
2026-04-28T17:30:21.961,17.111,1,0.30,1.29,0.00,0.00,1,-0.0629,-0.0079,0.2572,0.0000,0.0000,0.0000,123.11,0.61,1,4.200,4.200,0.800,40,87,0,0.000,0.7600,0.0000,65.01,60.78,1027,1027,1.00000,1.00000,1.00000,1.00000,0.00000,3,3,0,1,23.61274,0.03392,1.89879,0.0629,0.0079,0.0928,0.0000,0.0000,0.0000,146.89,8.76,-126.11,1,1,0.0000,0.0000,0.3500,-90.00,0.7600,0.4200,1.0000,8.00,180.00,10.000000,0.250000,0.000000,1.200000,0.000000,0.000000,1.200000,0.000000,0.000000,0.900000,0.000000,0.000000,0.850000,0.040000,0.000000,0.008000,0.000000,0.000600,0.008000,0.000000,0.000600,0.006000,0.000000,0.000000,1,1,1,1027,232,1021,1021,1021,0,0,60.00,13561,3112,1022,0,0,0,13562,499.50,499.50,11,702,0.0000,0.4570,0.5480,0.8320,0.0890
2026-04-28T17:30:21.979,17.130,1,0.30,1.29,0.00,0.00,1,-0.0631,-0.0079,0.2570,0.0000,0.0000,0.0000,123.09,1.18,1,4.200,4.200,0.800,40,87,0,0.000,0.7600,0.0000,60.53,61.73,1028,1028,1.00000,1.00000,1.00000,1.00000,0.00000,3,3,0,1,23.64954,0.03408,1.90556,0.0631,0.0079,0.0930,0.0000,0.0000,0.0000,146.91,8.77,-126.14,1,1,0.0000,0.0000,0.3500,-90.00,0.7600,0.4200,1.0000,8.00,180.00,10.000000,0.250000,0.000000,1.200000,0.000000,0.000000,1.200000,0.000000,0.000000,0.900000,0.000000,0.000000,0.850000,0.040000,0.000000,0.008000,0.000000,0.000600,0.008000,0.000000,0.000600,0.006000,0.000000,0.000000,1,1,1,1028,232,1021,1021,1021,0,0,60.00,13561,3112,1022,0,0,0,13562,499.50,499.50,11,702,0.0000,0.4570,0.5480,0.8320,0.0890
2026-04-28T17:30:21.994,17.144,1,0.30,1.29,0.00,0.00,1,-0.0630,-0.0079,0.2571,0.0000,0.0000,0.0000,123.06,1.89,1,4.200,4.200,0.800,40,87,0,0.000,0.7600,0.0000,57.45,60.00,1029,1029,1.00000,1.00000,1.00000,1.00000,0.00000,3,3,0,1,23.59643,0.03395,1.90193,0.0630,0.0079,0.0929,0.0000,0.0000,0.0000,146.94,8.78,-126.12,1,1,0.0000,0.0000,0.3500,-90.00,0.7600,0.4200,1.0000,8.00,180.00,10.000000,0.250000,0.000000,1.200000,0.000000,0.000000,1.200000,0.000000,0.000000,0.900000,0.000000,0.000000,0.850000,0.040000,0.000000,0.008000,0.000000,0.000600,0.008000,0.000000,0.000600,0.006000,0.000000,0.000000,1,1,1,1029,232,1021,1021,1021,0,0,60.00,13561,3112,1022,0,0,0,13562,499.50,499.50,11,702,0.0000,0.4570,0.5480,0.8320,0.0890
2026-04-28T17:30:22.011,17.162,1,0.30,1.29,0.00,0.00,1,-0.0631,-0.0078,0.2571,0.0000,0.0000,0.0000,123.12,-3.44,1,4.200,4.200,0.800,40,87,0,0.000,0.7600,0.0000,74.67,59.75,1030,1030,1.00000,1.00000,1.00000,1.00000,0.00000,3,3,0,1,23.64486,0.03398,1.90177,0.0631,0.0078,0.0929,0.0000,0.0000,0.0000,146.88,8.79,-126.10,1,1,0.0000,0.0000,0.3500,-90.00,0.7600,0.4200,1.0000,8.00,180.00,10.000000,0.250000,0.000000,1.200000,0.000000,0.000000,1.200000,0.000000,0.000000,0.900000,0.000000,0.000000,0.850000,0.040000,0.000000,0.008000,0.000000,0.000600,0.008000,0.000000,0.000600,0.006000,0.000000,0.000000,1,1,1,1030,231,1021,1021,1021,0,0,60.00,13561,3112,1022,0,0,0,13562,499.50,499.50,11,702,0.0000,0.4570,0.5480,0.8320,0.0890
2026-04-28T17:30:22.029,17.180,1,0.30,1.29,0.00,0.00,1,-0.0631,-0.0078,0.2570,0.0000,0.0000,0.0000,123.09,1.81,0,0.000,0.000,0.000,0,-1,0,0.000,0.7600,0.0000,49.47,89.38,1031,1031,1.00000,1.00000,1.00000,1.00000,0.00000,3,3,0,1,23.61971,0.03399,1.90214,0.0631,0.0078,0.0930,0.0000,0.0000,0.0000,146.91,8.80,-126.14,1,1,0.0000,0.0000,0.3500,-90.00,0.7600,0.4200,1.0000,8.00,180.00,10.000000,0.250000,0.000000,1.200000,0.000000,0.000000,1.200000,0.000000,0.000000,0.900000,0.000000,0.000000,0.850000,0.040000,0.000000,0.008000,0.000000,0.000600,0.008000,0.000000,0.000600,0.006000,0.000000,0.000000,1,1,1,1031,231,1021,1021,1021,0,0,60.00,13561,3112,1022,0,0,0,13562,499.50,499.50,11,702,0.0000,0.4570,0.5480,0.8320,0.0890
2026-04-28T17:30:22.045,17.196,1,0.30,1.29,0.00,0.00,1,-0.0632,-0.0079,0.2572,0.0000,0.0000,0.0000,123.10,-0.63,0,0.000,0.000,0.000,0,-1,0,0.000,0.7600,0.0000,61.30,49.11,1032,1032,1.00000,1.00000,1.00000,1.00000,0.00000,3,3,0,1,23.60464,0.03396,1.90552,0.0632,0.0079,0.0928,0.0000,0.0000,0.0000,146.90,8.75,-126.14,1,1,0.0000,0.0000,0.3500,-90.00,0.7600,0.4200,1.0000,8.00,180.00,10.000000,0.250000,0.000000,1.200000,0.000000,0.000000,1.200000,0.000000,0.000000,0.900000,0.000000,0.000000,0.850000,0.040000,0.000000,0.008000,0.000000,0.000600,0.008000,0.000000,0.000600,0.006000,0.000000,0.000000,1,1,1,1032,231,1021,1021,1021,0,0,60.00,13561,3112,1022,0,0,0,13562,499.50,499.50,11,702,0.0000,0.4570,0.5480,0.8320,0.0890
