iso_time,elapsed_s,imu_ready,imu_pitch_deg,imu_roll_deg,imu_pitch_rate_deg_s,imu_roll_rate_deg_s,mocap_valid,mocap_x_error_m,mocap_y_error_m,mocap_z_error_m,mocap_vx_m_s,mocap_vy_m_s,mocap_vz_m_s,mocap_yaw_error_deg,mocap_yaw_rate_deg_s,backend_loop_hz,tracking_loop_hz,frames_processed,valid_pose_frames,pose_success_rate,full_marker_detection_rate,cam1_full_detection_rate,cam2_full_detection_rate,cam1_leds,cam2_leds,spatial_data_valid,mapping_error_px,model_fit_error_m,scale_factor,position_x_m,position_y_m,position_z_m,velocity_x_m_s,velocity_y_m_s,velocity_z_m_s,yaw_deg,pitch_deg,roll_deg,control_active,control_armed,target_x_m,target_y_m,target_z_m,target_yaw_deg,limit_hover_throttle,limit_min_throttle,limit_max_throttle,limit_max_tilt_deg,limit_max_yaw_rate_deg,pid_xyPos_kp,pid_xyPos_ki,pid_xyPos_kd,pid_zPos_kp,pid_zPos_ki,pid_zPos_kd,pid_yawPos_kp,pid_yawPos_ki,pid_yawPos_kd,pid_xyVel_kp,pid_xyVel_ki,pid_xyVel_kd,pid_zVel_kp,pid_zVel_ki,pid_zVel_kd,pid_roll_kp,pid_roll_ki,pid_roll_kd,pid_pitch_kp,pid_pitch_ki,pid_pitch_kd,pid_yawRate_kp,pid_yawRate_ki,pid_yawRate_kd,serial_connected,serial_send_enabled,serial_send_ok,serial_payload_seq,serial_payload_size_bytes,bridge_serial_frames_rx,bridge_espnow_tx_attempts,bridge_espnow_tx_ok,bridge_espnow_tx_fail,bridge_oversize_drops,bridge_tx_rate_hz,bridge_last_tx_seq,bridge_last_tx_latency_us,controller_rx_packets,controller_rx_missing_packets,controller_rx_duplicate_packets,controller_rx_out_of_order_packets,controller_last_rx_seq,controller_loop_hz,controller_control_hz,controller_command_age_ms,controller_apply_latency_us,controller_motor_imbalance,motor_1_output,motor_2_output,motor_3_output,motor_4_output
2026-04-27T17:52:40.939,0.022,1,-0.19,-1.29,0.00,0.00,1,-0.0192,0.0811,0.2382,0.0000,0.0000,0.0000,-56.02,0.91,75.79,57.93,1,1,1.00000,1.00000,1.00000,1.00000,3,3,1,24.60892,0.00286,1.09448,0.0192,-0.0811,0.0618,0.0000,0.0000,0.0000,56.02,-4.05,171.58,1,1,0.0000,0.0000,0.3000,0.00,0.8200,0.3500,0.9200,6.00,180.00,0.850000,0.000000,0.000000,1.100000,0.000000,0.000000,1.200000,0.000000,0.000000,1.350000,0.000000,0.000000,0.850000,0.020000,0.000000,0.008000,0.000000,0.000600,0.008000,0.000000,0.000600,0.006000,0.000000,0.000000,1,1,1,1,231,429551,429551,254835,174716,0,60.00,7346,4122,0,0,0,0,0,0.00,0.00,0,0,0.0000,0.0000,0.0000,0.0000,0.0000
2026-04-27T17:52:40.956,0.039,1,-0.19,-1.29,0.00,0.00,1,-0.0193,0.0812,0.2382,0.0000,0.0000,0.0000,-56.08,3.61,45.58,62.70,2,2,1.00000,1.00000,1.00000,1.00000,3,3,1,24.59071,0.00272,1.09345,0.0193,-0.0812,0.0618,0.0000,0.0000,0.0000,56.08,-4.13,171.56,1,1,0.0000,0.0000,0.3000,0.00,0.8200,0.3500,0.9200,6.00,180.00,0.850000,0.000000,0.000000,1.100000,0.000000,0.000000,1.200000,0.000000,0.000000,1.350000,0.000000,0.000000,0.850000,0.020000,0.000000,0.008000,0.000000,0.000600,0.008000,0.000000,0.000600,0.006000,0.000000,0.000000,1,1,1,2,231,429551,429551,254835,174716,0,60.00,7346,4122,0,0,0,0,0,0.00,0.00,0,0,0.0000,0.0000,0.0000,0.0000,0.0000
2026-04-27T17:52:40.972,0.055,1,-0.19,-1.29,0.00,0.00,1,-0.0193,0.0812,0.2384,0.0000,0.0000,0.0000,-56.04,-2.49,56.64,61.08,3,3,1.00000,1.00000,1.00000,1.00000,3,3,1,24.52243,0.00267,1.09480,0.0193,-0.0812,0.0616,0.0000,0.0000,0.0000,56.04,-4.20,171.52,1,1,0.0000,0.0000,0.3000,0.00,0.8200,0.3500,0.9200,6.00,180.00,0.850000,0.000000,0.000000,1.100000,0.000000,0.000000,1.200000,0.000000,0.000000,1.350000,0.000000,0.000000,0.850000,0.020000,0.000000,0.008000,0.000000,0.000600,0.008000,0.000000,0.000600,0.006000,0.000000,0.000000,1,1,1,3,230,429551,429551,254835,174716,0,60.00,7346,4122,0,0,0,0,0,0.00,0.00,0,0,0.0000,0.0000,0.0000,0.0000,0.0000
2026-04-27T17:52:40.990,0.073,1,-0.19,-1.29,0.00,0.00,1,-0.0192,0.0811,0.2381,0.0000,0.0000,0.0000,-56.01,-1.78,60.90,59.61,4,4,1.00000,1.00000,1.00000,1.00000,3,3,1,24.59155,0.00274,1.09514,0.0192,-0.0811,0.0619,0.0000,0.0000,0.0000,56.01,-4.11,171.52,1,1,0.0000,0.0000,0.3000,0.00,0.8200,0.3500,0.9200,6.00,180.00,0.850000,0.000000,0.000000,1.100000,0.000000,0.000000,1.200000,0.000000,0.000000,1.350000,0.000000,0.000000,0.850000,0.020000,0.000000,0.008000,0.000000,0.000600,0.008000,0.000000,0.000600,0.006000,0.000000,0.000000,1,1,1,4,228,429551,429551,254835,174716,0,60.00,7346,4122,0,0,0,0,0,0.00,0.00,0,0,0.0000,0.0000,0.0000,0.0000,0.0000
2026-04-27T17:52:41.000,0.083,1,-0.19,-1.29,0.00,0.00,1,-0.0192,0.0812,0.2382,0.0000,0.0000,0.0000,-56.06,4.32,56.89,59.85,5,5,1.00000,1.00000,1.00000,1.00000,3,3,1,24.55027,0.00273,1.09465,0.0192,-0.0812,0.0618,0.0000,0.0000,0.0000,56.06,-4.10,171.55,1,1,0.0000,0.0000,0.3000,0.00,0.8200,0.3500,0.9200,6.00,180.00,0.850000,0.000000,0.000000,1.100000,0.000000,0.000000,1.200000,0.000000,0.000000,1.350000,0.000000,0.000000,0.850000,0.020000,0.000000,0.008000,0.000000,0.000600,0.008000,0.000000,0.000600,0.006000,0.000000,0.000000,1,1,1,5,230,429551,429551,254835,174716,0,60.00,7346,4122,0,0,0,0,0,0.00,0.00,0,0,0.0000,0.0000,0.0000,0.0000,0.0000
2026-04-27T17:52:41.024,0.107,1,-0.19,-1.29,0.00,0.00,1,-0.0191,0.0812,0.2383,0.0000,0.0000,0.0000,-56.05,-0.45,105.56,57.20,6,6,1.00000,1.00000,1.00000,1.00000,3,3,1,24.56784,0.00274,1.09223,0.0191,-0.0812,0.0617,0.0000,0.0000,0.0000,56.05,-4.29,171.51,1,1,0.0000,0.0000,0.3000,0.00,0.8200,0.3500,0.9200,6.00,180.00,0.850000,0.000000,0.000000,1.100000,0.000000,0.000000,1.200000,0.000000,0.000000,1.350000,0.000000,0.000000,0.850000,0.020000,0.000000,0.008000,0.000000,0.000600,0.008000,0.000000,0.000600,0.006000,0.000000,0.000000,1,1,1,6,231,429551,429551,254835,174716,0,60.00,7346,4122,0,0,0,0,0,0.00,0.00,0,0,0.0000,0.0000,0.0000,0.0000,0.0000
2026-04-27T17:52:41.040,0.123,1,-0.19,-1.29,0.00,0.00,1,-0.0191,0.0812,0.2380,0.0000,0.0000,0.0000,-55.99,-3.51,40.61,58.17,7,7,1.00000,1.00000,1.00000,1.00000,3,3,1,24.58947,0.00269,1.09555,0.0191,-0.0812,0.0620,0.0000,0.0000,0.0000,55.99,-4.06,171.49,1,1,0.0000,0.0000,0.3000,0.00,0.8200,0.3500,0.9200,6.00,180.00,0.850000,0.000000,0.000000,1.100000,0.000000,0.000000,1.200000,0.000000,0.000000,1.350000,0.000000,0.000000,0.850000,0.020000,0.000000,0.008000,0.000000,0.000600,0.008000,0.000000,0.000600,0.006000,0.000000,0.000000,1,1,1,7,231,429551,429551,254835,174716,0,60.00,7346,4122,0,0,0,0,0,0.00,0.00,0,0,0.0000,0.0000,0.0000,0.0000,0.0000
2026-04-27T17:52:41.056,0.139,1,-0.19,-1.29,0.00,0.00,1,-0.0192,0.0811,0.2378,0.0000,0.0000,0.0106,-55.90,-5.41,67.48,65.57,8,8,1.00000,1.00000,1.00000,1.00000,3,3,1,24.56620,0.00275,1.09730,0.0192,-0.0811,0.0622,0.0000,0.0000,0.0106,55.90,-3.89,171.49,1,1,0.0000,0.0000,0.3000,0.00,0.8200,0.3500,0.9200,6.00,180.00,0.850000,0.000000,0.000000,1.100000,0.000000,0.000000,1.200000,0.000000,0.000000,1.350000,0.000000,0.000000,0.850000,0.020000,0.000000,0.008000,0.000000,0.000600,0.008000,0.000000,0.000600,0.006000,0.000000,0.000000,1,1,1,8,234,429551,429551,254835,174716,0,60.00,7346,4122,0,0,0,0,0,0.00,0.00,0,0,0.0000,0.0000,0.0000,0.0000,0.0000
2026-04-27T17:52:41.073,0.156,1,-0.19,-1.29,0.00,0.00,1,-0.0192,0.0809,0.2381,0.0000,0.0000,0.0000,-55.89,-0.63,55.58,59.88,9,9,1.00000,1.00000,1.00000,1.00000,3,3,1,24.55727,0.00272,1.09622,0.0192,-0.0809,0.0619,0.0000,0.0000,0.0000,55.89,-3.86,171.40,1,1,0.0000,0.0000,0.3000,0.00,0.8200,0.3500,0.9200,6.00,180.00,0.850000,0.000000,0.000000,1.100000,0.000000,0.000000,1.200000,0.000000,0.000000,1.350000,0.000000,0.000000,0.850000,0.020000,0.000000,0.008000,0.000000,0.000600,0.008000,0.000000,0.000600,0.006000,0.000000,0.000000,1,1,1,9,230,429551,429551,254835,174716,0,60.00,7346,4122,0,0,0,0,0,0.00,0.00,0,0,0.0000,0.0000,0.0000,0.0000,0.0000
2026-04-27T17:52:41.089,0.172,1,-0.19,-1.29,0.00,0.00,1,-0.0191,0.0811,0.2382,0.0000,0.0000,0.0000,-55.89,0.00,59.17,60.58,10,10,1.00000,1.00000,1.00000,1.00000,3,3,1,24.56098,0.00272,1.09488,0.0191,-0.0811,0.0618,0.0000,0.0000,0.0000,55.89,-4.14,171.40,1,1,0.0000,0.0000,0.3000,0.00,0.8200,0.3500,0.9200,6.00,180.00,0.850000,0.000000,0.000000,1.100000,0.000000,0.000000,1.200000,0.000000,0.000000,1.350000,0.000000,0.000000,0.850000,0.020000,0.000000,0.008000,0.000000,0.000600,0.008000,0.000000,0.000600,0.006000,0.000000,0.000000,1,1,1,10,230,429551,429551,254835,174716,0,60.00,7346,4122,0,0,0,0,0,0.00,0.00,0,0,0.0000,0.0000,0.0000,0.0000,0.0000
2026-04-27T17:52:41.105,0.188,1,-0.19,-1.29,0.00,0.00,1,-0.0189,0.0812,0.2380,0.0000,0.0000,0.0000,-55.87,-1.32,63.21,60.04,11,11,1.00000,1.00000,1.00000,1.00000,3,3,1,24.57891,0.00286,1.09414,0.0189,-0.0812,0.0620,0.0000,0.0000,0.0000,55.87,-4.22,171.37,1,1,0.0000,0.0000,0.3000,0.00,0.8200,0.3500,0.9200,6.00,180.00,0.850000,0.000000,0.000000,1.100000,0.000000,0.000000,1.200000,0.000000,0.000000,1.350000,0.000000,0.000000,0.850000,0.020000,0.000000,0.008000,0.000000,0.000600,0.008000,0.000000,0.000600,0.006000,0.000000,0.000000,1,1,1,11,231,429551,429551,254835,174716,0,60.00,7346,4122,0,0,0,0,0,0.00,0.00,0,0,0.0000,0.0000,0.0000,0.0000,0.0000
2026-04-27T17:52:41.119,0.202,1,-0.19,-1.29,0.00,0.00,1,-0.0191,0.0811,0.2380,0.0000,0.0000,0.0000,-55.93,4.19,61.95,59.84,12,12,1.00000,1.00000,1.00000,1.00000,3,3,1,24.60256,0.00273,1.09393,0.0191,-0.0811,0.0620,0.0000,0.0000,0.0000,55.93,-4.11,171.45,1,1,0.0000,0.0000,0.3000,0.00,0.8200,0.3500,0.9200,6.00,180.00,0.850000,0.000000,0.000000,1.100000,0.000000,0.000000,1.200000,0.000000,0.000000,1.350000,0.000000,0.000000,0.850000,0.020000,0.000000,0.008000,0.000000,0.000600,0.008000,0.000000,0.000600,0.006000,0.000000,0.000000,1,1,1,12,231,429551,429551,254835,174716,0,60.00,7346,4122,0,0,0,0,0,0.00,0.00,0,0,0.0000,0.0000,0.0000,0.0000,0.0000
2026-04-27T17:52:41.140,0.223,1,-0.19,-1.29,0.00,0.00,1,-0.0193,0.0812,0.2380,0.0000,0.0000,0.0000,-56.03,4.99,81.23,60.01,13,13,1.00000,1.00000,1.00000,1.00000,3,3,1,24.57043,0.00277,1.09542,0.0193,-0.0812,0.0620,0.0000,0.0000,0.0000,56.03,-4.05,171.45,1,1,0.0000,0.0000,0.3000,0.00,0.8200,0.3500,0.9200,6.00,180.00,0.850000,0.000000,0.000000,1.100000,0.000000,0.000000,1.200000,0.000000,0.000000,1.350000,0.000000,0.000000,0.850000,0.020000,0.000000,0.008000,0.000000,0.000600,0.008000,0.000000,0.000600,0.006000,0.000000,0.000000,1,1,1,13,231,429551,429551,254835,174716,0,60.00,7346,4122,0,0,0,0,0,0.00,0.00,0,0,0.0000,0.0000,0.0000,0.0000,0.0000
2026-04-27T17:52:41.156,0.239,1,-0.19,-1.29,0.00,0.00,1,-0.0194,0.0811,0.2382,0.0000,0.0000,0.0000,-56.01,-1.24,47.50,60.46,14,14,1.00000,1.00000,1.00000,1.00000,3,3,1,24.53775,0.00277,1.09397,0.0194,-0.0811,0.0618,0.0000,0.0000,0.0000,56.01,-3.99,171.52,1,1,0.0000,0.0000,0.3000,0.00,0.8200,0.3500,0.9200,6.00,180.00,0.850000,0.000000,0.000000,1.100000,0.000000,0.000000,1.200000,0.000000,0.000000,1.350000,0.000000,0.000000,0.850000,0.020000,0.000000,0.008000,0.000000,0.000600,0.008000,0.000000,0.000600,0.006000,0.000000,0.000000,1,1,1,14,228,429551,429551,254835,174716,0,60.00,7346,4122,0,0,0,0,0,0.00,0.00,0,0,0.0000,0.0000,0.0000,0.0000,0.0000
2026-04-27T17:52:41.173,0.256,1,-0.19,-1.29,0.00,0.00,1,-0.0193,0.0814,0.2382,0.0000,-0.0114,0.0000,-56.08,3.91,58.46,59.45,15,15,1.00000,1.00000,1.00000,1.00000,3,3,1,24.60901,0.00271,1.09281,0.0193,-0.0814,0.0618,0.0000,-0.0114,0.0000,56.08,-4.32,171.60,1,1,0.0000,0.0000,0.3000,0.00,0.8200,0.3500,0.9200,6.00,180.00,0.850000,0.000000,0.000000,1.100000,0.000000,0.000000,1.200000,0.000000,0.000000,1.350000,0.000000,0.000000,0.850000,0.020000,0.000000,0.008000,0.000000,0.000600,0.008000,0.000000,0.000600,0.006000,0.000000,0.000000,1,1,1,15,235,429551,429551,254835,174716,0,60.00,7346,4122,0,0,0,0,0,0.00,0.00,0,0,0.0000,0.0000,0.0000,0.0000,0.0000
2026-04-27T17:52:41.189,0.272,1,-0.19,-1.29,0.00,0.00,1,-0.0193,0.0813,0.2381,0.0000,0.0000,0.0000,-56.00,-5.29,59.15,61.58,16,16,1.00000,1.00000,1.00000,1.00000,3,3,1,24.58485,0.00269,1.09340,0.0193,-0.0813,0.0619,0.0000,0.0000,0.0000,56.00,-4.22,171.57,1,1,0.0000,0.0000,0.3000,0.00,0.8200,0.3500,0.9200,6.00,180.00,0.850000,0.000000,0.000000,1.100000,0.000000,0.000000,1.200000,0.000000,0.000000,1.350000,0.000000,0.000000,0.850000,0.020000,0.000000,0.008000,0.000000,0.000600,0.008000,0.000000,0.000600,0.006000,0.000000,0.000000,1,1,1,16,228,429551,429551,254835,174716,0,60.00,7346,4122,0,0,0,0,0,0.00,0.00,0,0,0.0000,0.0000,0.0000,0.0000,0.0000
2026-04-27T17:52:41.206,0.289,1,-0.19,-1.29,0.00,0.00,1,-0.0190,0.0812,0.2381,0.0000,0.0000,0.0000,-55.99,-0.59,62.07,58.51,17,17,1.00000,1.00000,1.00000,1.00000,3,3,1,24.54572,0.00287,1.09585,0.0190,-0.0812,0.0619,0.0000,0.0000,0.0000,55.99,-4.26,171.34,1,1,0.0000,0.0000,0.3000,0.00,0.8200,0.3500,0.9200,6.00,180.00,0.850000,0.000000,0.000000,1.100000,0.000000,0.000000,1.200000,0.000000,0.000000,1.350000,0.000000,0.000000,0.850000,0.020000,0.000000,0.008000,0.000000,0.000600,0.008000,0.000000,0.000600,0.006000,0.000000,0.000000,1,1,1,17,231,429551,429551,254835,174716,0,60.00,7346,4122,0,0,0,0,0,0.00,0.00,0,0,0.0000,0.0000,0.0000,0.0000,0.0000
2026-04-27T17:52:41.222,0.305,1,-0.19,-1.29,0.00,0.00,1,-0.0192,0.0813,0.2382,0.0000,0.0000,0.0000,-56.08,5.58,60.91,60.18,18,18,1.00000,1.00000,1.00000,1.00000,3,3,1,24.59616,0.00275,1.09296,0.0192,-0.0813,0.0618,0.0000,0.0000,0.0000,56.08,-4.34,171.44,1,1,0.0000,0.0000,0.3000,0.00,0.8200,0.3500,0.9200,6.00,180.00,0.850000,0.000000,0.000000,1.100000,0.000000,0.000000,1.200000,0.000000,0.000000,1.350000,0.000000,0.000000,0.850000,0.020000,0.000000,0.008000,0.000000,0.000600,0.008000,0.000000,0.000600,0.006000,0.000000,0.000000,1,1,1,18,231,429551,429551,254835,174716,0,60.00,7346,4122,0,0,0,0,0,0.00,0.00,0,0,0.0000,0.0000,0.0000,0.0000,0.0000
2026-04-27T17:52:41.239,0.322,1,-0.19,-1.29,0.00,0.00,1,-0.0192,0.0813,0.2383,0.0000,0.0000,0.0000,-56.13,2.91,59.56,60.05,19,19,1.00000,1.00000,1.00000,1.00000,3,3,1,24.59508,0.00276,1.09291,0.0192,-0.0813,0.0617,0.0000,0.0000,0.0000,56.13,-4.38,171.49,1,1,0.0000,0.0000,0.3000,0.00,0.8200,0.3500,0.9200,6.00,180.00,0.850000,0.000000,0.000000,1.100000,0.000000,0.000000,1.200000,0.000000,0.000000,1.350000,0.000000,0.000000,0.850000,0.020000,0.000000,0.008000,0.000000,0.000600,0.008000,0.000000,0.000600,0.006000,0.000000,0.000000,1,1,1,19,231,429551,429551,254835,174716,0,60.00,7346,4122,0,0,0,0,0,0.00,0.00,0,0,0.0000,0.0000,0.0000,0.0000,0.0000
2026-04-27T17:52:41.255,0.338,1,-0.19,-1.29,0.00,0.00,1,-0.0192,0.0812,0.2383,0.0000,0.0000,0.0000,-56.02,-6.81,61.91,59.48,20,20,1.00000,1.00000,1.00000,1.00000,3,3,1,24.55631,0.00273,1.09203,0.0192,-0.0812,0.0617,0.0000,0.0000,0.0000,56.02,-4.43,171.53,1,1,0.0000,0.0000,0.3000,0.00,0.8200,0.3500,0.9200,6.00,180.00,0.850000,0.000000,0.000000,1.100000,0.000000,0.000000,1.200000,0.000000,0.000000,1.350000,0.000000,0.000000,0.850000,0.020000,0.000000,0.008000,0.000000,0.000600,0.008000,0.000000,0.000600,0.006000,0.000000,0.000000,1,1,1,20,231,429551,429551,254835,174716,0,60.00,7346,4122,0,0,0,0,0,0.00,0.00,0,0,0.0000,0.0000,0.0000,0.0000,0.0000
2026-04-27T17:52:41.271,0.354,1,-0.19,-1.29,0.00,0.00,1,-0.0191,0.0811,0.2383,0.0000,0.0000,0.0000,-56.00,-1.19,58.22,60.04,21,21,1.00000,1.00000,1.00000,1.00000,3,3,1,24.54711,0.00292,1.09299,0.0191,-0.0811,0.0617,0.0000,0.0000,0.0000,56.00,-4.29,171.41,1,1,0.0000,0.0000,0.3000,0.00,0.8200,0.3500,0.9200,6.00,180.00,0.850000,0.000000,0.000000,1.100000,0.000000,0.000000,1.200000,0.000000,0.000000,1.350000,0.000000,0.000000,0.850000,0.020000,0.000000,0.008000,0.000000,0.000600,0.008000,0.000000,0.000600,0.006000,0.000000,0.000000,1,1,1,21,228,429551,429551,254835,174716,0,60.00,7346,4122,0,0,0,0,0,0.00,0.00,0,0,0.0000,0.0000,0.0000,0.0000,0.0000
2026-04-27T17:52:41.289,0.372,1,-0.19,-1.29,0.00,0.00,1,-0.0190,0.0813,0.2383,0.0000,0.0000,0.0000,-56.01,0.60,67.63,60.30,22,22,1.00000,1.00000,1.00000,1.00000,3,3,1,24.57767,0.00269,1.09405,0.0190,-0.0813,0.0617,0.0000,0.0000,0.0000,56.01,-4.44,171.37,1,1,0.0000,0.0000,0.3000,0.00,0.8200,0.3500,0.9200,6.00,180.00,0.850000,0.000000,0.000000,1.100000,0.000000,0.000000,1.200000,0.000000,0.000000,1.350000,0.000000,0.000000,0.850000,0.020000,0.000000,0.008000,0.000000,0.000600,0.008000,0.000000,0.000600,0.006000,0.000000,0.000000,1,1,1,22,228,429551,429551,254835,174716,0,60.00,7346,4122,0,0,0,0,0,0.00,0.00,0,0,0.0000,0.0000,0.0000,0.0000,0.0000
2026-04-27T17:52:41.306,0.389,1,-0.19,-1.29,0.00,0.00,1,-0.0193,0.0810,0.2382,0.0000,0.0000,0.0000,-56.01,0.00,53.94,59.69,23,23,1.00000,1.00000,1.00000,1.00000,3,3,1,24.53497,0.00263,1.09601,0.0193,-0.0810,0.0618,0.0000,0.0000,0.0000,56.01,-4.01,171.48,1,1,0.0000,0.0000,0.3000,0.00,0.8200,0.3500,0.9200,6.00,180.00,0.850000,0.000000,0.000000,1.100000,0.000000,0.000000,1.200000,0.000000,0.000000,1.350000,0.000000,0.000000,0.850000,0.020000,0.000000,0.008000,0.000000,0.000600,0.008000,0.000000,0.000600,0.006000,0.000000,0.000000,1,1,1,23,225,429551,429551,254835,174716,0,60.00,7346,4122,0,0,0,0,0,0.00,0.00,0,0,0.0000,0.0000,0.0000,0.0000,0.0000
2026-04-27T17:52:41.322,0.405,1,-0.19,-1.29,0.00,0.00,1,-0.0192,0.0810,0.2382,0.0000,0.0000,0.0000,-55.97,-2.45,62.42,60.43,24,24,1.00000,1.00000,1.00000,1.00000,3,3,1,24.60506,0.00283,1.09481,0.0192,-0.0810,0.0618,0.0000,0.0000,0.0000,55.97,-3.95,171.45,1,1,0.0000,0.0000,0.3000,0.00,0.8200,0.3500,0.9200,6.00,180.00,0.850000,0.000000,0.000000,1.100000,0.000000,0.000000,1.200000,0.000000,0.000000,1.350000,0.000000,0.000000,0.850000,0.020000,0.000000,0.008000,0.000000,0.000600,0.008000,0.000000,0.000600,0.006000,0.000000,0.000000,1,1,1,24,231,429551,429551,254835,174716,0,60.00,7346,4122,0,0,0,0,0,0.00,0.00,0,0,0.0000,0.0000,0.0000,0.0000,0.0000
2026-04-27T17:52:41.338,0.421,1,-0.19,-1.29,0.00,0.00,1,-0.0193,0.0811,0.2382,0.0000,0.0000,0.0000,-56.03,3.52,57.78,59.72,25,25,1.00000,1.00000,1.00000,1.00000,3,3,1,24.57177,0.00270,1.09358,0.0193,-0.0811,0.0618,0.0000,0.0000,0.0000,56.03,-3.95,171.50,1,1,0.0000,0.0000,0.3000,0.00,0.8200,0.3500,0.9200,6.00,180.00,0.850000,0.000000,0.000000,1.100000,0.000000,0.000000,1.200000,0.000000,0.000000,1.350000,0.000000,0.000000,0.850000,0.020000,0.000000,0.008000,0.000000,0.000600,0.008000,0.000000,0.000600,0.006000,0.000000,0.000000,1,1,1,25,230,429551,429551,254835,174716,0,60.00,7346,4122,0,0,0,0,0,0.00,0.00,0,0,0.0000,0.0000,0.0000,0.0000,0.0000
2026-04-27T17:52:41.349,0.432,1,-0.19,-1.29,0.00,0.00,1,-0.0192,0.0813,0.2382,0.0000,0.0000,0.0000,-56.01,-1.85,62.32,64.17,26,26,1.00000,1.00000,1.00000,1.00000,3,3,1,24.56676,0.00265,1.09348,0.0192,-0.0813,0.0618,0.0000,0.0000,0.0000,56.01,-4.19,171.42,1,1,0.0000,0.0000,0.3000,0.00,0.8200,0.3500,0.9200,6.00,180.00,0.850000,0.000000,0.000000,1.100000,0.000000,0.000000,1.200000,0.000000,0.000000,1.350000,0.000000,0.000000,0.850000,0.020000,0.000000,0.008000,0.000000,0.000600,0.008000,0.000000,0.000600,0.006000,0.000000,0.000000,1,1,1,26,228,429551,429551,254835,174716,0,60.00,7346,4122,0,0,0,0,0,0.00,0.00,0,0,0.0000,0.0000,0.0000,0.0000,0.0000
2026-04-27T17:52:41.372,0.455,1,-0.19,-1.29,0.00,0.00,1,-0.0192,0.0810,0.2384,0.0000,0.0000,0.0000,-55.99,-0.91,102.20,56.39,27,27,1.00000,1.00000,1.00000,1.00000,3,3,1,24.51296,0.00267,1.09278,0.0192,-0.0810,0.0616,0.0000,0.0000,0.0000,55.99,-4.07,171.40,1,1,0.0000,0.0000,0.3000,0.00,0.8200,0.3500,0.9200,6.00,180.00,0.850000,0.000000,0.000000,1.100000,0.000000,0.000000,1.200000,0.000000,0.000000,1.350000,0.000000,0.000000,0.850000,0.020000,0.000000,0.008000,0.000000,0.000600,0.008000,0.000000,0.000600,0.006000,0.000000,0.000000,1,1,1,27,230,429551,429551,254835,174716,0,60.00,7346,4122,0,0,0,0,0,0.00,0.00,0,0,0.0000,0.0000,0.0000,0.0000,0.0000
2026-04-27T17:52:41.389,0.472,1,-0.19,-1.29,0.00,0.00,1,-0.0192,0.0809,0.2382,0.0000,0.0000,0.0000,-55.95,-2.38,41.60,60.22,28,28,1.00000,1.00000,1.00000,1.00000,3,3,1,24.56409,0.00270,1.09557,0.0192,-0.0809,0.0618,0.0000,0.0000,0.0000,55.95,-3.95,171.40,1,1,0.0000,0.0000,0.3000,0.00,0.8200,0.3500,0.9200,6.00,180.00,0.850000,0.000000,0.000000,1.100000,0.000000,0.000000,1.200000,0.000000,0.000000,1.350000,0.000000,0.000000,0.850000,0.020000,0.000000,0.008000,0.000000,0.000600,0.008000,0.000000,0.000600,0.006000,0.000000,0.000000,1,1,1,28,230,429551,429551,254835,174716,0,60.00,7346,4122,0,0,0,0,0,0.00,0.00,0,0,0.0000,0.0000,0.0000,0.0000,0.0000
2026-04-27T17:52:41.406,0.489,1,-0.19,-1.29,0.00,0.00,1,-0.0191,0.0813,0.2382,0.0000,-0.0115,0.0000,-56.03,4.63,59.62,59.97,29,29,1.00000,1.00000,1.00000,1.00000,3,3,1,24.55149,0.00270,1.09497,0.0191,-0.0813,0.0618,0.0000,-0.0115,0.0000,56.03,-4.24,171.46,1,1,0.0000,0.0000,0.3000,0.00,0.8200,0.3500,0.9200,6.00,180.00,0.850000,0.000000,0.000000,1.100000,0.000000,0.000000,1.200000,0.000000,0.000000,1.350000,0.000000,0.000000,0.850000,0.020000,0.000000,0.008000,0.000000,0.000600,0.008000,0.000000,0.000600,0.006000,0.000000,0.000000,1,1,1,29,236,429551,429551,254835,174716,0,60.00,7346,4122,0,0,0,0,0,0.00,0.00,0,0,0.0000,0.0000,0.0000,0.0000,0.0000
2026-04-27T17:52:41.418,0.500,1,-0.19,-1.29,0.00,0.00,1,-0.0191,0.0814,0.2382,0.0000,0.0000,0.0000,-55.99,-3.20,57.80,59.79,30,30,1.00000,1.00000,1.00000,1.00000,3,3,1,24.59316,0.00272,1.09338,0.0191,-0.0814,0.0618,0.0000,0.0000,0.0000,55.99,-4.34,171.47,1,1,0.0000,0.0000,0.3000,0.00,0.8200,0.3500,0.9200,6.00,180.00,0.850000,0.000000,0.000000,1.100000,0.000000,0.000000,1.200000,0.000000,0.000000,1.350000,0.000000,0.000000,0.850000,0.020000,0.000000,0.008000,0.000000,0.000600,0.008000,0.000000,0.000600,0.006000,0.000000,0.000000,1,1,1,30,231,429551,429551,254835,174716,0,60.00,7346,4122,0,0,0,0,0,0.00,0.00,0,0,0.0000,0.0000,0.0000,0.0000,0.0000
2026-04-27T17:52:41.439,0.522,1,-0.19,-1.29,0.00,0.00,1,-0.0193,0.0810,0.2381,0.0000,0.0000,0.0000,-55.94,-2.41,95.28,58.87,31,31,1.00000,1.00000,1.00000,1.00000,3,3,1,24.52217,0.00278,1.09726,0.0193,-0.0810,0.0619,0.0000,0.0000,0.0000,55.94,-3.93,171.42,1,1,0.0000,0.0000,0.3000,0.00,0.8200,0.3500,0.9200,6.00,180.00,0.850000,0.000000,0.000000,1.100000,0.000000,0.000000,1.200000,0.000000,0.000000,1.350000,0.000000,0.000000,0.850000,0.020000,0.000000,0.008000,0.000000,0.000600,0.008000,0.000000,0.000600,0.006000,0.000000,0.000000,1,1,1,31,231,429551,429551,254835,174716,0,60.00,7346,4122,0,0,0,0,0,0.00,0.00,0,0,0.0000,0.0000,0.0000,0.0000,0.0000
2026-04-27T17:52:41.455,0.538,1,-0.19,-1.29,0.00,0.00,1,-0.0193,0.0811,0.2382,0.0000,0.0000,0.0000,-56.01,4.10,46.04,61.35,32,32,1.00000,1.00000,1.00000,1.00000,3,3,1,24.57430,0.00271,1.09443,0.0193,-0.0811,0.0618,0.0000,0.0000,0.0000,56.01,-3.99,171.45,1,1,0.0000,0.0000,0.3000,0.00,0.8200,0.3500,0.9200,6.00,180.00,0.850000,0.000000,0.000000,1.100000,0.000000,0.000000,1.200000,0.000000,0.000000,1.350000,0.000000,0.000000,0.850000,0.020000,0.000000,0.008000,0.000000,0.000600,0.008000,0.000000,0.000600,0.006000,0.000000,0.000000,1,1,1,32,228,429551,429551,254835,174716,0,60.00,7346,4122,31,0,0,0,7381,501.00,501.00,4,1180,0.0000,0.5000,0.5000,0.0000,0.5000
2026-04-27T17:52:41.472,0.555,1,-0.19,-1.29,0.00,0.00,1,-0.0192,0.0813,0.2383,0.0000,0.0000,0.0000,-56.03,1.24,62.22,59.81,33,33,1.00000,1.00000,1.00000,1.00000,3,3,1,24.56361,0.00268,1.09203,0.0192,-0.0813,0.0617,0.0000,0.0000,0.0000,56.03,-4.22,171.41,1,1,0.0000,0.0000,0.3000,0.00,0.8200,0.3500,0.9200,6.00,180.00,0.850000,0.000000,0.000000,1.100000,0.000000,0.000000,1.200000,0.000000,0.000000,1.350000,0.000000,0.000000,0.850000,0.020000,0.000000,0.008000,0.000000,0.000600,0.008000,0.000000,0.000600,0.006000,0.000000,0.000000,1,1,1,33,231,429551,429551,254835,174716,0,60.00,7346,4122,31,0,0,0,7381,501.00,501.00,4,1180,0.0000,0.5000,0.5000,0.0000,0.5000
2026-04-27T17:52:41.489,0.572,1,-0.19,-1.29,0.00,0.00,1,-0.0193,0.0810,0.2381,0.0000,0.0000,0.0000,-55.97,-3.68,55.31,60.21,34,34,1.00000,1.00000,1.00000,1.00000,3,3,1,24.55760,0.00267,1.09576,0.0193,-0.0810,0.0619,0.0000,0.0000,0.0000,55.97,-3.93,171.44,1,1,0.0000,0.0000,0.3000,0.00,0.8200,0.3500,0.9200,6.00,180.00,0.850000,0.000000,0.000000,1.100000,0.000000,0.000000,1.200000,0.000000,0.000000,1.350000,0.000000,0.000000,0.850000,0.020000,0.000000,0.008000,0.000000,0.000600,0.008000,0.000000,0.000600,0.006000,0.000000,0.000000,1,1,1,34,231,429551,429551,254835,174716,0,60.00,7346,4122,31,0,0,0,7381,501.00,501.00,4,1180,0.0000,0.5000,0.5000,0.0000,0.5000
2026-04-27T17:52:41.505,0.588,1,-0.19,-1.29,0.00,0.00,1,-0.0192,0.0811,0.2381,0.0000,0.0000,0.0000,-56.01,2.40,60.76,59.98,35,35,1.00000,1.00000,1.00000,1.00000,3,3,1,24.59562,0.00270,1.09365,0.0192,-0.0811,0.0619,0.0000,0.0000,0.0000,56.01,-4.01,171.43,1,1,0.0000,0.0000,0.3000,0.00,0.8200,0.3500,0.9200,6.00,180.00,0.850000,0.000000,0.000000,1.100000,0.000000,0.000000,1.200000,0.000000,0.000000,1.350000,0.000000,0.000000,0.850000,0.020000,0.000000,0.008000,0.000000,0.000600,0.008000,0.000000,0.000600,0.006000,0.000000,0.000000,1,1,1,35,225,429551,429551,254835,174716,0,60.00,7346,4122,31,0,0,0,7381,501.00,501.00,4,1180,0.0000,0.5000,0.5000,0.0000,0.5000
2026-04-27T17:52:41.523,0.606,1,-0.19,-1.29,0.00,0.00,1,-0.0192,0.0812,0.2382,0.0000,0.0000,0.0000,-56.06,2.90,58.87,60.11,36,36,1.00000,1.00000,1.00000,1.00000,3,3,1,24.58370,0.00268,1.09151,0.0192,-0.0812,0.0618,0.0000,0.0000,0.0000,56.06,-4.15,171.53,1,1,0.0000,0.0000,0.3000,0.00,0.8200,0.3500,0.9200,6.00,180.00,0.850000,0.000000,0.000000,1.100000,0.000000,0.000000,1.200000,0.000000,0.000000,1.350000,0.000000,0.000000,0.850000,0.020000,0.000000,0.008000,0.000000,0.000600,0.008000,0.000000,0.000600,0.006000,0.000000,0.000000,1,1,1,36,231,429551,429551,254835,174716,0,60.00,7346,4122,31,0,0,0,7381,501.00,501.00,4,1180,0.0000,0.5000,0.5000,0.0000,0.5000
2026-04-27T17:52:41.542,0.625,1,-0.19,-1.29,0.00,0.00,1,-0.0193,0.0810,0.2381,0.0000,0.0000,0.0000,-55.99,-3.38,59.70,59.97,37,37,1.00000,1.00000,1.00000,1.00000,3,3,1,24.54291,0.00261,1.09633,0.0193,-0.0810,0.0619,0.0000,0.0000,0.0000,55.99,-3.81,171.50,1,1,0.0000,0.0000,0.3000,0.00,0.8200,0.3500,0.9200,6.00,180.00,0.850000,0.000000,0.000000,1.100000,0.000000,0.000000,1.200000,0.000000,0.000000,1.350000,0.000000,0.000000,0.850000,0.020000,0.000000,0.008000,0.000000,0.000600,0.008000,0.000000,0.000600,0.006000,0.000000,0.000000,1,1,1,37,230,429551,429551,254835,174716,0,60.00,7346,4122,31,0,0,0,7381,501.00,501.00,4,1180,0.0000,0.5000,0.5000,0.0000,0.5000
2026-04-27T17:52:41.552,0.635,1,-0.19,-1.29,0.00,0.00,1,-0.0192,0.0811,0.2381,0.0000,0.0000,0.0000,-56.00,1.05,50.74,60.22,38,38,1.00000,1.00000,1.00000,1.00000,3,3,1,24.57101,0.00274,1.09344,0.0192,-0.0811,0.0619,0.0000,0.0000,0.0000,56.00,-3.90,171.47,1,1,0.0000,0.0000,0.3000,0.00,0.8200,0.3500,0.9200,6.00,180.00,0.850000,0.000000,0.000000,1.100000,0.000000,0.000000,1.200000,0.000000,0.000000,1.350000,0.000000,0.000000,0.850000,0.020000,0.000000,0.008000,0.000000,0.000600,0.008000,0.000000,0.000600,0.006000,0.000000,0.000000,1,1,1,38,227,429551,429551,254835,174716,0,60.00,7346,4122,31,0,0,0,7381,501.00,501.00,4,1180,0.0000,0.5000,0.5000,0.0000,0.5000
2026-04-27T17:52:41.572,0.655,1,-0.10,-1.29,0.97,0.00,1,-0.0193,0.0811,0.2382,0.0000,0.0000,0.0000,-56.04,2.09,116.80,59.66,39,39,1.00000,1.00000,1.00000,1.00000,3,3,1,24.51871,0.00273,1.09435,0.0193,-0.0811,0.0618,0.0000,0.0000,0.0000,56.04,-3.95,171.45,1,1,0.0000,0.0000,0.3000,0.00,0.8200,0.3500,0.9200,6.00,180.00,0.850000,0.000000,0.000000,1.100000,0.000000,0.000000,1.200000,0.000000,0.000000,1.350000,0.000000,0.000000,0.850000,0.020000,0.000000,0.008000,0.000000,0.000600,0.008000,0.000000,0.000600,0.006000,0.000000,0.000000,1,1,1,39,231,429551,429551,254835,174716,0,60.00,7346,4122,31,0,0,0,7381,501.00,501.00,4,1180,0.0000,0.5000,0.5000,0.0000,0.5000
2026-04-27T17:52:41.589,0.671,1,-0.10,-1.29,0.97,0.00,1,-0.0190,0.0812,0.2385,-0.0115,0.0000,-0.0124,-56.01,-1.72,46.40,61.69,40,40,1.00000,1.00000,1.00000,1.00000,3,3,1,24.53806,0.00271,1.09283,0.0190,-0.0812,0.0615,-0.0115,0.0000,-0.0124,56.01,-4.41,171.38,1,1,0.0000,0.0000,0.3000,0.00,0.8200,0.3500,0.9200,6.00,180.00,0.850000,0.000000,0.000000,1.100000,0.000000,0.000000,1.200000,0.000000,0.000000,1.350000,0.000000,0.000000,0.850000,0.020000,0.000000,0.008000,0.000000,0.000600,0.008000,0.000000,0.000600,0.006000,0.000000,0.000000,1,1,1,40,238,429551,429551,254835,174716,0,60.00,7346,4122,31,0,0,0,7381,501.00,501.00,4,1180,0.0000,0.5000,0.5000,0.0000,0.5000
2026-04-27T17:52:41.601,0.684,1,-0.10,-1.29,0.97,0.00,1,-0.0190,0.0812,0.2382,0.0000,0.0000,0.0000,-55.91,-8.15,66.50,60.19,41,41,1.00000,1.00000,1.00000,1.00000,3,3,1,24.55521,0.00267,1.09508,0.0190,-0.0812,0.0618,0.0000,0.0000,0.0000,55.91,-4.27,171.34,1,1,0.0000,0.0000,0.3000,0.00,0.8200,0.3500,0.9200,6.00,180.00,0.850000,0.000000,0.000000,1.100000,0.000000,0.000000,1.200000,0.000000,0.000000,1.350000,0.000000,0.000000,0.850000,0.020000,0.000000,0.008000,0.000000,0.000600,0.008000,0.000000,0.000600,0.006000,0.000000,0.000000,1,1,1,41,231,429551,429551,254835,174716,0,60.00,7346,4122,31,0,0,0,7381,501.00,501.00,4,1180,0.0000,0.5000,0.5000,0.0000,0.5000
2026-04-27T17:52:41.621,0.704,1,-0.10,-1.29,0.00,0.00,1,-0.0192,0.0811,0.2382,0.0000,0.0000,0.0000,-55.97,2.95,81.47,60.33,42,42,1.00000,1.00000,1.00000,1.00000,3,3,1,24.53597,0.00262,1.09286,0.0192,-0.0811,0.0618,0.0000,0.0000,0.0000,55.97,-4.07,171.47,1,1,0.0000,0.0000,0.3000,0.00,0.8200,0.3500,0.9200,6.00,180.00,0.850000,0.000000,0.000000,1.100000,0.000000,0.000000,1.200000,0.000000,0.000000,1.350000,0.000000,0.000000,0.850000,0.020000,0.000000,0.008000,0.000000,0.000600,0.008000,0.000000,0.000600,0.006000,0.000000,0.000000,1,1,1,42,231,429551,429551,254835,174716,0,60.00,7346,4122,31,0,0,0,7381,501.00,501.00,4,1180,0.0000,0.5000,0.5000,0.0000,0.5000
2026-04-27T17:52:41.638,0.721,1,-0.10,-1.29,0.00,0.00,1,-0.0194,0.0810,0.2382,0.0000,0.0000,0.0000,-56.02,3.01,44.54,58.78,43,43,1.00000,1.00000,1.00000,1.00000,3,3,1,24.56895,0.00266,1.09413,0.0194,-0.0810,0.0618,0.0000,0.0000,0.0000,56.02,-3.93,171.52,1,1,0.0000,0.0000,0.3000,0.00,0.8200,0.3500,0.9200,6.00,180.00,0.850000,0.000000,0.000000,1.100000,0.000000,0.000000,1.200000,0.000000,0.000000,1.350000,0.000000,0.000000,0.850000,0.020000,0.000000,0.008000,0.000000,0.000600,0.008000,0.000000,0.000600,0.006000,0.000000,0.000000,1,1,1,43,231,429551,429551,254835,174716,0,60.00,7346,4122,31,0,0,0,7381,501.00,501.00,4,1180,0.0000,0.5000,0.5000,0.0000,0.5000
2026-04-27T17:52:41.650,0.733,1,-0.10,-1.29,0.00,0.00,1,-0.0193,0.0812,0.2381,0.0000,0.0000,0.0000,-56.01,-0.81,59.57,58.98,44,44,1.00000,1.00000,1.00000,1.00000,3,3,1,24.54553,0.00253,1.09478,0.0193,-0.0812,0.0619,0.0000,0.0000,0.0000,56.01,-3.94,171.47,1,1,0.0000,0.0000,0.3000,0.00,0.8200,0.3500,0.9200,6.00,180.00,0.850000,0.000000,0.000000,1.100000,0.000000,0.000000,1.200000,0.000000,0.000000,1.350000,0.000000,0.000000,0.850000,0.020000,0.000000,0.008000,0.000000,0.000600,0.008000,0.000000,0.000600,0.006000,0.000000,0.000000,1,1,1,44,228,429551,429551,254835,174716,0,60.00,7346,4122,31,0,0,0,7381,501.00,501.00,4,1180,0.0000,0.5000,0.5000,0.0000,0.5000
2026-04-27T17:52:41.667,0.750,1,-0.10,-1.29,0.00,0.00,1,-0.0194,0.0811,0.2381,0.0000,0.0000,0.0000,-56.04,1.81,60.85,60.34,45,45,1.00000,1.00000,1.00000,1.00000,3,3,1,24.54042,0.00266,1.09554,0.0194,-0.0811,0.0619,0.0000,0.0000,0.0000,56.04,-3.79,171.57,1,1,0.0000,0.0000,0.3000,0.00,0.8200,0.3500,0.9200,6.00,180.00,0.850000,0.000000,0.000000,1.100000,0.000000,0.000000,1.200000,0.000000,0.000000,1.350000,0.000000,0.000000,0.850000,0.020000,0.000000,0.008000,0.000000,0.000600,0.008000,0.000000,0.000600,0.006000,0.000000,0.000000,1,1,1,45,231,429551,429551,254835,174716,0,60.00,7346,4122,31,0,0,0,7381,501.00,501.00,4,1180,0.0000,0.5000,0.5000,0.0000,0.5000
2026-04-27T17:52:41.686,0.769,1,-0.10,-1.29,0.00,0.00,1,-0.0191,0.0811,0.2381,0.0000,0.0000,0.0000,-55.87,-8.78,59.16,61.66,46,46,1.00000,1.00000,1.00000,1.00000,3,3,1,24.58636,0.00271,1.09646,0.0191,-0.0811,0.0619,0.0000,0.0000,0.0000,55.87,-3.94,171.46,1,1,0.0000,0.0000,0.3000,0.00,0.8200,0.3500,0.9200,6.00,180.00,0.850000,0.000000,0.000000,1.100000,0.000000,0.000000,1.200000,0.000000,0.000000,1.350000,0.000000,0.000000,0.850000,0.020000,0.000000,0.008000,0.000000,0.000600,0.008000,0.000000,0.000600,0.006000,0.000000,0.000000,1,1,1,46,231,429551,429551,254835,174716,0,60.00,7346,4122,31,0,0,0,7381,501.00,501.00,4,1180,0.0000,0.5000,0.5000,0.0000,0.5000
2026-04-27T17:52:41.706,0.789,1,-0.10,-1.29,0.00,0.00,1,-0.0192,0.0810,0.2381,0.0000,0.0000,0.0000,-55.89,1.06,79.26,59.78,47,47,1.00000,1.00000,1.00000,1.00000,3,3,1,24.56614,0.00269,1.09563,0.0192,-0.0810,0.0619,0.0000,0.0000,0.0000,55.89,-3.83,171.47,1,1,0.0000,0.0000,0.3000,0.00,0.8200,0.3500,0.9200,6.00,180.00,0.850000,0.000000,0.000000,1.100000,0.000000,0.000000,1.200000,0.000000,0.000000,1.350000,0.000000,0.000000,0.850000,0.020000,0.000000,0.008000,0.000000,0.000600,0.008000,0.000000,0.000600,0.006000,0.000000,0.000000,1,1,1,47,231,429551,429551,254835,174716,0,60.00,7346,4122,31,0,0,0,7381,501.00,501.00,4,1180,0.0000,0.5000,0.5000,0.0000,0.5000
2026-04-27T17:52:41.722,0.805,1,-0.10,-1.29,0.00,0.00,1,-0.0192,0.0811,0.2383,0.0000,0.0000,0.0000,-55.99,6.22,47.75,61.34,48,48,1.00000,1.00000,1.00000,1.00000,3,3,1,24.55305,0.00277,1.09434,0.0192,-0.0811,0.0617,0.0000,0.0000,0.0000,55.99,-4.12,171.43,1,1,0.0000,0.0000,0.3000,0.00,0.8200,0.3500,0.9200,6.00,180.00,0.850000,0.000000,0.000000,1.100000,0.000000,0.000000,1.200000,0.000000,0.000000,1.350000,0.000000,0.000000,0.850000,0.020000,0.000000,0.008000,0.000000,0.000600,0.008000,0.000000,0.000600,0.006000,0.000000,0.000000,1,1,1,48,231,429551,429551,254835,174716,0,60.00,7346,4122,31,0,0,0,7381,501.00,501.00,4,1180,0.0000,0.5000,0.5000,0.0000,0.5000
2026-04-27T17:52:41.735,0.818,1,-0.10,-1.29,0.00,0.00,1,-0.0193,0.0812,0.2384,0.0000,0.0000,0.0000,-55.99,0.00,62.19,57.97,49,49,1.00000,1.00000,1.00000,1.00000,3,3,1,24.54479,0.00272,1.09482,0.0193,-0.0812,0.0616,0.0000,0.0000,0.0000,55.99,-4.26,171.50,1,1,0.0000,0.0000,0.3000,0.00,0.8200,0.3500,0.9200,6.00,180.00,0.850000,0.000000,0.000000,1.100000,0.000000,0.000000,1.200000,0.000000,0.000000,1.350000,0.000000,0.000000,0.850000,0.020000,0.000000,0.008000,0.000000,0.000600,0.008000,0.000000,0.000600,0.006000,0.000000,0.000000,1,1,1,49,230,429551,429551,254835,174716,0,60.00,7346,4122,31,0,0,0,7381,501.00,501.00,4,1180,0.0000,0.5000,0.5000,0.0000,0.5000
2026-04-27T17:52:41.754,0.837,1,-0.10,-1.29,0.00,0.00,1,-0.0192,0.0813,0.2382,0.0000,0.0000,0.0000,-56.00,0.54,82.45,58.72,50,50,1.00000,1.00000,1.00000,1.00000,3,3,1,24.56064,0.00269,1.09285,0.0192,-0.0813,0.0618,0.0000,0.0000,0.0000,56.00,-4.33,171.46,1,1,0.0000,0.0000,0.3000,0.00,0.8200,0.3500,0.9200,6.00,180.00,0.850000,0.000000,0.000000,1.100000,0.000000,0.000000,1.200000,0.000000,0.000000,1.350000,0.000000,0.000000,0.850000,0.020000,0.000000,0.008000,0.000000,0.000600,0.008000,0.000000,0.000600,0.006000,0.000000,0.000000,1,1,1,50,228,429551,429551,254835,174716,0,60.00,7346,4122,31,0,0,0,7381,501.00,501.00,4,1180,0.0000,0.5000,0.5000,0.0000,0.5000
2026-04-27T17:52:41.770,0.853,1,-0.10,-1.29,0.00,0.00,1,-0.0193,0.0809,0.2379,0.0000,0.0126,0.0101,-55.92,-4.95,53.94,60.53,51,51,1.00000,1.00000,1.00000,1.00000,3,3,1,24.56159,0.00265,1.09670,0.0193,-0.0809,0.0621,0.0000,0.0126,0.0101,55.92,-3.82,171.54,1,1,0.0000,0.0000,0.3000,0.00,0.8200,0.3500,0.9200,6.00,180.00,0.850000,0.000000,0.000000,1.100000,0.000000,0.000000,1.200000,0.000000,0.000000,1.350000,0.000000,0.000000,0.850000,0.020000,0.000000,0.008000,0.000000,0.000600,0.008000,0.000000,0.000600,0.006000,0.000000,0.000000,1,1,1,51,238,429551,429551,254835,174716,0,60.00,7346,4122,31,0,0,0,7381,501.00,501.00,4,1180,0.0000,0.5000,0.5000,0.0000,0.5000
2026-04-27T17:52:41.788,0.871,1,-0.10,-1.29,0.00,0.00,1,-0.0193,0.0808,0.2381,0.0000,0.0000,0.0000,-55.89,-1.68,61.89,60.32,52,52,1.00000,1.00000,1.00000,1.00000,3,3,1,24.54482,0.00268,1.09568,0.0193,-0.0808,0.0619,0.0000,0.0000,0.0000,55.89,-3.69,171.47,1,1,0.0000,0.0000,0.3000,0.00,0.8200,0.3500,0.9200,6.00,180.00,0.850000,0.000000,0.000000,1.100000,0.000000,0.000000,1.200000,0.000000,0.000000,1.350000,0.000000,0.000000,0.850000,0.020000,0.000000,0.008000,0.000000,0.000600,0.008000,0.000000,0.000600,0.006000,0.000000,0.000000,1,1,1,52,231,429551,429551,254835,174716,0,60.00,7346,4122,31,0,0,0,7381,501.00,501.00,4,1180,0.0000,0.5000,0.5000,0.0000,0.5000
2026-04-27T17:52:41.806,0.889,1,-0.10,-1.29,0.00,0.00,1,-0.0191,0.0811,0.2383,0.0000,0.0000,0.0000,-55.96,4.04,55.87,60.57,53,53,1.00000,1.00000,1.00000,1.00000,3,3,1,24.56342,0.00279,1.09406,0.0191,-0.0811,0.0617,0.0000,0.0000,0.0000,55.96,-4.09,171.37,1,1,0.0000,0.0000,0.3000,0.00,0.8200,0.3500,0.9200,6.00,180.00,0.850000,0.000000,0.000000,1.100000,0.000000,0.000000,1.200000,0.000000,0.000000,1.350000,0.000000,0.000000,0.850000,0.020000,0.000000,0.008000,0.000000,0.000600,0.008000,0.000000,0.000600,0.006000,0.000000,0.000000,1,1,1,53,231,429551,429551,254835,174716,0,60.00,7346,4122,31,0,0,0,7381,501.00,501.00,4,1180,0.0000,0.5000,0.5000,0.0000,0.5000
2026-04-27T17:52:41.823,0.906,1,-0.10,-1.29,0.00,0.00,1,-0.0191,0.0813,0.2384,0.0000,0.0000,0.0000,-55.98,1.25,55.28,57.88,54,54,1.00000,1.00000,1.00000,1.00000,3,3,1,24.55779,0.00269,1.09211,0.0191,-0.0813,0.0616,0.0000,0.0000,0.0000,55.98,-4.40,171.42,1,1,0.0000,0.0000,0.3000,0.00,0.8200,0.3500,0.9200,6.00,180.00,0.850000,0.000000,0.000000,1.100000,0.000000,0.000000,1.200000,0.000000,0.000000,1.350000,0.000000,0.000000,0.850000,0.020000,0.000000,0.008000,0.000000,0.000600,0.008000,0.000000,0.000600,0.006000,0.000000,0.000000,1,1,1,54,230,429551,429551,254835,174716,0,60.00,7346,4122,31,0,0,0,7381,501.00,501.00,4,1180,0.0000,0.5000,0.5000,0.0000,0.5000
2026-04-27T17:52:41.837,0.920,1,-0.10,-1.29,0.00,0.00,1,-0.0194,0.0809,0.2381,0.0000,0.0000,0.0000,-55.97,-0.63,58.96,63.52,55,55,1.00000,1.00000,1.00000,1.00000,3,3,1,24.56023,0.00255,1.09330,0.0194,-0.0809,0.0619,0.0000,0.0000,0.0000,55.97,-3.92,171.56,1,1,0.0000,0.0000,0.3000,0.00,0.8200,0.3500,0.9200,6.00,180.00,0.850000,0.000000,0.000000,1.100000,0.000000,0.000000,1.200000,0.000000,0.000000,1.350000,0.000000,0.000000,0.850000,0.020000,0.000000,0.008000,0.000000,0.000600,0.008000,0.000000,0.000600,0.006000,0.000000,0.000000,1,1,1,55,231,429551,429551,254835,174716,0,60.00,7346,4122,31,0,0,0,7381,501.00,501.00,4,1180,0.0000,0.5000,0.5000,0.0000,0.5000
2026-04-27T17:52:41.854,0.937,1,-0.10,-1.29,0.00,0.00,1,-0.0194,0.0809,0.2381,0.0000,0.0000,0.0000,-55.97,0.00,70.76,242.81,56,56,1.00000,1.00000,1.00000,1.00000,3,3,1,24.58108,0.00260,1.09508,0.0194,-0.0809,0.0619,0.0000,0.0000,0.0000,55.97,-3.74,171.50,1,1,0.0000,0.0000,0.3000,0.00,0.8200,0.3500,0.9200,6.00,180.00,0.850000,0.000000,0.000000,1.100000,0.000000,0.000000,1.200000,0.000000,0.000000,1.350000,0.000000,0.000000,0.850000,0.020000,0.000000,0.008000,0.000000,0.000600,0.008000,0.000000,0.000600,0.006000,0.000000,0.000000,1,1,1,56,230,429551,429551,254835,174716,0,60.00,7346,4122,31,0,0,0,7381,501.00,501.00,4,1180,0.0000,0.5000,0.5000,0.0000,0.5000
2026-04-27T17:52:41.873,0.956,1,-0.10,-1.29,0.00,0.00,1,-0.0195,0.0809,0.2380,0.0000,0.0000,0.0000,-55.99,1.21,57.60,33.60,57,57,1.00000,1.00000,1.00000,1.00000,3,3,1,24.59117,0.00267,1.09484,0.0195,-0.0809,0.0620,0.0000,0.0000,0.0000,55.99,-3.63,171.66,1,1,0.0000,0.0000,0.3000,0.00,0.8200,0.3500,0.9200,6.00,180.00,0.850000,0.000000,0.000000,1.100000,0.000000,0.000000,1.200000,0.000000,0.000000,1.350000,0.000000,0.000000,0.850000,0.020000,0.000000,0.008000,0.000000,0.000600,0.008000,0.000000,0.000600,0.006000,0.000000,0.000000,1,1,1,57,231,429611,429611,254895,174716,0,60.00,7406,3106,31,0,0,0,7381,501.00,501.00,4,1180,0.0000,0.5000,0.5000,0.0000,0.5000
2026-04-27T17:52:41.883,0.966,1,-0.10,-1.29,0.00,0.00,1,-0.0194,0.0810,0.2380,0.0000,0.0000,0.0000,-55.98,-0.79,54.03,59.73,58,58,1.00000,1.00000,1.00000,1.00000,3,3,1,24.60390,0.00264,1.09474,0.0194,-0.0810,0.0620,0.0000,0.0000,0.0000,55.98,-3.64,171.59,1,1,0.0000,0.0000,0.3000,0.00,0.8200,0.3500,0.9200,6.00,180.00,0.850000,0.000000,0.000000,1.100000,0.000000,0.000000,1.200000,0.000000,0.000000,1.350000,0.000000,0.000000,0.850000,0.020000,0.000000,0.008000,0.000000,0.000600,0.008000,0.000000,0.000600,0.006000,0.000000,0.000000,1,1,1,58,231,429611,429611,254895,174716,0,60.00,7406,3106,31,0,0,0,7381,501.00,501.00,4,1180,0.0000,0.5000,0.5000,0.0000,0.5000
2026-04-27T17:52:41.900,0.983,1,-0.10,-1.29,0.00,0.00,1,-0.0193,0.0810,0.2383,0.0000,0.0000,0.0000,-56.00,1.18,94.00,63.57,59,59,1.00000,1.00000,1.00000,1.00000,3,3,1,24.54399,0.00270,1.09527,0.0193,-0.0810,0.0617,0.0000,0.0000,0.0000,56.00,-3.86,171.50,1,1,0.0000,0.0000,0.3000,0.00,0.8200,0.3500,0.9200,6.00,180.00,0.850000,0.000000,0.000000,1.100000,0.000000,0.000000,1.200000,0.000000,0.000000,1.350000,0.000000,0.000000,0.850000,0.020000,0.000000,0.008000,0.000000,0.000600,0.008000,0.000000,0.000600,0.006000,0.000000,0.000000,1,1,1,59,227,429611,429611,254895,174716,0,60.00,7406,3106,31,0,0,0,7381,501.00,501.00,4,1180,0.0000,0.5000,0.5000,0.0000,0.5000
2026-04-27T17:52:41.922,1.005,1,-0.10,-1.29,0.00,0.00,1,-0.0193,0.0812,0.2381,0.0000,0.0000,0.0000,-56.02,1.11,59.19,64.37,60,60,1.00000,1.00000,1.00000,1.00000,3,3,1,24.56277,0.00269,1.09512,0.0193,-0.0812,0.0619,0.0000,0.0000,0.0000,56.02,-3.93,171.45,1,1,0.0000,0.0000,0.3000,0.00,0.8200,0.3500,0.9200,6.00,180.00,0.850000,0.000000,0.000000,1.100000,0.000000,0.000000,1.200000,0.000000,0.000000,1.350000,0.000000,0.000000,0.850000,0.020000,0.000000,0.008000,0.000000,0.000600,0.008000,0.000000,0.000600,0.006000,0.000000,0.000000,1,1,1,60,231,429611,429611,254895,174716,0,60.00,7406,3106,31,0,0,0,7381,501.00,501.00,4,1180,0.0000,0.5000,0.5000,0.0000,0.5000
2026-04-27T17:52:41.938,1.021,1,-0.10,-1.29,0.00,0.00,1,-0.0193,0.0811,0.2380,0.0000,0.0000,0.0000,-55.93,-4.64,45.48,58.23,61,61,1.00000,1.00000,1.00000,1.00000,3,3,1,24.56627,0.00262,1.09563,0.0193,-0.0811,0.0620,0.0000,0.0000,0.0000,55.93,-3.87,171.49,1,1,0.0000,0.0000,0.3000,0.00,0.8200,0.3500,0.9200,6.00,180.00,0.850000,0.000000,0.000000,1.100000,0.000000,0.000000,1.200000,0.000000,0.000000,1.350000,0.000000,0.000000,0.850000,0.020000,0.000000,0.008000,0.000000,0.000600,0.008000,0.000000,0.000600,0.006000,0.000000,0.000000,1,1,1,61,231,429611,429611,254895,174716,0,60.00,7406,3106,31,0,0,0,7381,501.00,501.00,4,1180,0.0000,0.5000,0.5000,0.0000,0.5000
2026-04-27T17:52:41.959,1.042,1,-0.10,-1.29,0.00,0.00,1,-0.0192,0.0815,0.2383,0.0000,-0.0106,0.0000,-56.02,4.76,64.99,53.37,62,62,1.00000,1.00000,1.00000,1.00000,3,3,1,24.61455,0.00273,1.09301,0.0192,-0.0815,0.0617,0.0000,-0.0106,0.0000,56.02,-4.35,171.53,1,1,0.0000,0.0000,0.3000,0.00,0.8200,0.3500,0.9200,6.00,180.00,0.850000,0.000000,0.000000,1.100000,0.000000,0.000000,1.200000,0.000000,0.000000,1.350000,0.000000,0.000000,0.850000,0.020000,0.000000,0.008000,0.000000,0.000600,0.008000,0.000000,0.000600,0.006000,0.000000,0.000000,1,1,1,62,236,429611,429611,254895,174716,0,60.00,7406,3106,61,0,0,0,7411,501.00,501.00,4,1819,0.0000,0.5000,0.5000,0.0000,0.5000
2026-04-27T17:52:41.968,1.051,1,-0.10,-1.29,0.00,0.00,1,-0.0191,0.0816,0.2384,0.0000,0.0000,0.0000,-56.09,6.02,43.62,64.89,63,63,1.00000,1.00000,1.00000,1.00000,3,3,1,24.56009,0.00279,1.09150,0.0191,-0.0816,0.0616,0.0000,0.0000,0.0000,56.09,-4.67,171.49,1,1,0.0000,0.0000,0.3000,0.00,0.8200,0.3500,0.9200,6.00,180.00,0.850000,0.000000,0.000000,1.100000,0.000000,0.000000,1.200000,0.000000,0.000000,1.350000,0.000000,0.000000,0.850000,0.020000,0.000000,0.008000,0.000000,0.000600,0.008000,0.000000,0.000600,0.006000,0.000000,0.000000,1,1,1,63,231,429611,429611,254895,174716,0,60.00,7406,3106,61,0,0,0,7411,501.00,501.00,4,1819,0.0000,0.5000,0.5000,0.0000,0.5000
2026-04-27T17:52:41.989,1.072,1,-0.10,-1.29,0.00,0.00,1,-0.0192,0.0812,0.2383,0.0000,0.0105,0.0000,-56.05,-2.30,131.11,57.65,64,64,1.00000,1.00000,1.00000,1.00000,3,3,1,24.55131,0.00276,1.09463,0.0192,-0.0812,0.0617,0.0000,0.0105,0.0000,56.05,-4.36,171.49,1,1,0.0000,0.0000,0.3000,0.00,0.8200,0.3500,0.9200,6.00,180.00,0.850000,0.000000,0.000000,1.100000,0.000000,0.000000,1.200000,0.000000,0.000000,1.350000,0.000000,0.000000,0.850000,0.020000,0.000000,0.008000,0.000000,0.000600,0.008000,0.000000,0.000600,0.006000,0.000000,0.000000,1,1,1,64,235,429611,429611,254895,174716,0,60.00,7406,3106,61,0,0,0,7411,501.00,501.00,4,1819,0.0000,0.5000,0.5000,0.0000,0.5000
2026-04-27T17:52:42.002,1.085,1,-0.10,-1.29,0.00,0.00,1,-0.0193,0.0810,0.2381,0.0000,0.0000,0.0000,-55.94,-6.74,48.10,91.13,65,65,1.00000,1.00000,1.00000,1.00000,3,3,1,24.56689,0.00273,1.09620,0.0193,-0.0810,0.0619,0.0000,0.0000,0.0000,55.94,-4.02,171.50,1,1,0.0000,0.0000,0.3000,0.00,0.8200,0.3500,0.9200,6.00,180.00,0.850000,0.000000,0.000000,1.100000,0.000000,0.000000,1.200000,0.000000,0.000000,1.350000,0.000000,0.000000,0.850000,0.020000,0.000000,0.008000,0.000000,0.000600,0.008000,0.000000,0.000600,0.006000,0.000000,0.000000,1,1,1,65,230,429611,429611,254895,174716,0,60.00,7406,3106,61,0,0,0,7411,501.00,501.00,4,1819,0.0000,0.5000,0.5000,0.0000,0.5000
2026-04-27T17:52:42.020,1.103,1,-0.10,-1.29,0.00,0.00,1,-0.0193,0.0810,0.2381,0.0000,0.0000,0.0000,-56.07,7.04,57.07,45.48,66,66,1.00000,1.00000,1.00000,1.00000,3,3,1,24.53201,0.00272,1.09439,0.0193,-0.0810,0.0619,0.0000,0.0000,0.0000,56.07,-3.86,171.53,1,1,0.0000,0.0000,0.3000,0.00,0.8200,0.3500,0.9200,6.00,180.00,0.850000,0.000000,0.000000,1.100000,0.000000,0.000000,1.200000,0.000000,0.000000,1.350000,0.000000,0.000000,0.850000,0.020000,0.000000,0.008000,0.000000,0.000600,0.008000,0.000000,0.000600,0.006000,0.000000,0.000000,1,1,1,66,231,429611,429611,254895,174716,0,60.00,7406,3106,61,0,0,0,7411,501.00,501.00,4,1819,0.0000,0.5000,0.5000,0.0000,0.5000
2026-04-27T17:52:42.038,1.121,1,-0.10,-1.29,0.00,0.00,1,-0.0192,0.0811,0.2382,0.0000,0.0000,0.0000,-55.97,-5.57,72.34,62.50,67,67,1.00000,1.00000,1.00000,1.00000,3,3,1,24.54820,0.00274,1.09437,0.0192,-0.0811,0.0618,0.0000,0.0000,0.0000,55.97,-4.08,171.46,1,1,0.0000,0.0000,0.3000,0.00,0.8200,0.3500,0.9200,6.00,180.00,0.850000,0.000000,0.000000,1.100000,0.000000,0.000000,1.200000,0.000000,0.000000,1.350000,0.000000,0.000000,0.850000,0.020000,0.000000,0.008000,0.000000,0.000600,0.008000,0.000000,0.000600,0.006000,0.000000,0.000000,1,1,1,67,231,429611,429611,254895,174716,0,60.00,7406,3106,61,0,0,0,7411,501.00,501.00,4,1819,0.0000,0.5000,0.5000,0.0000,0.5000
2026-04-27T17:52:42.057,1.140,1,-0.10,-1.29,0.00,0.00,1,-0.0192,0.0812,0.2381,0.0000,0.0000,0.0000,-56.01,2.31,55.72,56.79,68,68,1.00000,1.00000,1.00000,1.00000,3,3,1,24.61838,0.00275,1.09331,0.0192,-0.0812,0.0619,0.0000,0.0000,0.0000,56.01,-4.13,171.49,1,1,0.0000,0.0000,0.3000,0.00,0.8200,0.3500,0.9200,6.00,180.00,0.850000,0.000000,0.000000,1.100000,0.000000,0.000000,1.200000,0.000000,0.000000,1.350000,0.000000,0.000000,0.850000,0.020000,0.000000,0.008000,0.000000,0.000600,0.008000,0.000000,0.000600,0.006000,0.000000,0.000000,1,1,1,68,228,429611,429611,254895,174716,0,60.00,7406,3106,61,0,0,0,7411,501.00,501.00,4,1819,0.0000,0.5000,0.5000,0.0000,0.5000
2026-04-27T17:52:42.072,1.155,1,-0.10,-1.29,0.00,0.00,1,-0.0192,0.0811,0.2380,0.0000,0.0000,0.0000,-55.99,-1.19,51.32,61.59,69,69,1.00000,1.00000,1.00000,1.00000,3,3,1,24.59155,0.00274,1.09514,0.0192,-0.0811,0.0620,0.0000,0.0000,0.0000,55.99,-4.07,171.50,1,1,0.0000,0.0000,0.3000,0.00,0.8200,0.3500,0.9200,6.00,180.00,0.850000,0.000000,0.000000,1.100000,0.000000,0.000000,1.200000,0.000000,0.000000,1.350000,0.000000,0.000000,0.850000,0.020000,0.000000,0.008000,0.000000,0.000600,0.008000,0.000000,0.000600,0.006000,0.000000,0.000000,1,1,1,69,230,429611,429611,254895,174716,0,60.00,7406,3106,61,0,0,0,7411,501.00,501.00,4,1819,0.0000,0.5000,0.5000,0.0000,0.5000
2026-04-27T17:52:42.088,1.171,1,-0.10,-1.29,0.00,0.00,1,-0.0191,0.0811,0.2381,0.0000,0.0000,0.0000,-55.95,-2.63,63.19,57.57,70,70,1.00000,1.00000,1.00000,1.00000,3,3,1,24.57004,0.00279,1.09575,0.0191,-0.0811,0.0619,0.0000,0.0000,0.0000,55.95,-4.04,171.48,1,1,0.0000,0.0000,0.3000,0.00,0.8200,0.3500,0.9200,6.00,180.00,0.850000,0.000000,0.000000,1.100000,0.000000,0.000000,1.200000,0.000000,0.000000,1.350000,0.000000,0.000000,0.850000,0.020000,0.000000,0.008000,0.000000,0.000600,0.008000,0.000000,0.000600,0.006000,0.000000,0.000000,1,1,1,70,231,429611,429611,254895,174716,0,60.00,7406,3106,61,0,0,0,7411,501.00,501.00,4,1819,0.0000,0.5000,0.5000,0.0000,0.5000
2026-04-27T17:52:42.101,1.184,1,-0.10,-1.29,0.00,0.00,1,-0.0193,0.0810,0.2379,0.0000,0.0000,0.0000,-55.99,2.90,71.19,63.03,71,71,1.00000,1.00000,1.00000,1.00000,3,3,1,24.54175,0.00268,1.09770,0.0193,-0.0810,0.0621,0.0000,0.0000,0.0000,55.99,-3.78,171.53,1,1,0.0000,0.0000,0.3000,0.00,0.8200,0.3500,0.9200,6.00,180.00,0.850000,0.000000,0.000000,1.100000,0.000000,0.000000,1.200000,0.000000,0.000000,1.350000,0.000000,0.000000,0.850000,0.020000,0.000000,0.008000,0.000000,0.000600,0.008000,0.000000,0.000600,0.006000,0.000000,0.000000,1,1,1,71,231,429611,429611,254895,174716,0,60.00,7406,3106,61,0,0,0,7411,501.00,501.00,4,1819,0.0000,0.5000,0.5000,0.0000,0.5000
2026-04-27T17:52:42.121,1.204,1,-0.10,-1.29,0.00,0.00,1,-0.0194,0.0811,0.2381,0.0000,0.0000,0.0000,-56.05,3.01,72.39,61.31,72,72,1.00000,1.00000,1.00000,1.00000,3,3,1,24.55093,0.00268,1.09227,0.0194,-0.0811,0.0619,0.0000,0.0000,0.0000,56.05,-3.93,171.69,1,1,0.0000,0.0000,0.3000,0.00,0.8200,0.3500,0.9200,6.00,180.00,0.850000,0.000000,0.000000,1.100000,0.000000,0.000000,1.200000,0.000000,0.000000,1.350000,0.000000,0.000000,0.850000,0.020000,0.000000,0.008000,0.000000,0.000600,0.008000,0.000000,0.000600,0.006000,0.000000,0.000000,1,1,1,72,231,429611,429611,254895,174716,0,60.00,7406,3106,61,0,0,0,7411,501.00,501.00,4,1819,0.0000,0.5000,0.5000,0.0000,0.5000
2026-04-27T17:52:42.140,1.222,1,-0.10,-1.29,0.00,0.00,1,-0.0192,0.0812,0.2384,0.0000,0.0000,0.0000,-56.09,3.07,47.01,60.24,73,73,1.00000,1.00000,1.00000,1.00000,3,3,1,24.55851,0.00281,1.09386,0.0192,-0.0812,0.0616,0.0000,0.0000,0.0000,56.09,-4.27,171.54,1,1,0.0000,0.0000,0.3000,0.00,0.8200,0.3500,0.9200,6.00,180.00,0.850000,0.000000,0.000000,1.100000,0.000000,0.000000,1.200000,0.000000,0.000000,1.350000,0.000000,0.000000,0.850000,0.020000,0.000000,0.008000,0.000000,0.000600,0.008000,0.000000,0.000600,0.006000,0.000000,0.000000,1,1,1,73,231,429611,429611,254895,174716,0,60.00,7406,3106,61,0,0,0,7411,501.00,501.00,4,1819,0.0000,0.5000,0.5000,0.0000,0.5000
2026-04-27T17:52:42.155,1.238,1,-0.10,-1.29,0.00,0.00,1,-0.0192,0.0813,0.2382,0.0000,0.0000,0.0000,-56.11,0.99,59.57,59.95,74,74,1.00000,1.00000,1.00000,1.00000,3,3,1,24.61221,0.00276,1.09379,0.0192,-0.0813,0.0618,0.0000,0.0000,0.0000,56.11,-4.26,171.62,1,1,0.0000,0.0000,0.3000,0.00,0.8200,0.3500,0.9200,6.00,180.00,0.850000,0.000000,0.000000,1.100000,0.000000,0.000000,1.200000,0.000000,0.000000,1.350000,0.000000,0.000000,0.850000,0.020000,0.000000,0.008000,0.000000,0.000600,0.008000,0.000000,0.000600,0.006000,0.000000,0.000000,1,1,1,74,231,429611,429611,254895,174716,0,60.00,7406,3106,61,0,0,0,7411,501.00,501.00,4,1819,0.0000,0.5000,0.5000,0.0000,0.5000
2026-04-27T17:52:42.171,1.254,1,-0.10,-1.29,0.00,0.00,1,-0.0192,0.0813,0.2383,0.0000,0.0000,0.0000,-56.10,-0.62,60.83,56.06,75,75,1.00000,1.00000,1.00000,1.00000,3,3,1,24.57679,0.00281,1.09406,0.0192,-0.0813,0.0617,0.0000,0.0000,0.0000,56.10,-4.38,171.56,1,1,0.0000,0.0000,0.3000,0.00,0.8200,0.3500,0.9200,6.00,180.00,0.850000,0.000000,0.000000,1.100000,0.000000,0.000000,1.200000,0.000000,0.000000,1.350000,0.000000,0.000000,0.850000,0.020000,0.000000,0.008000,0.000000,0.000600,0.008000,0.000000,0.000600,0.006000,0.000000,0.000000,1,1,1,75,230,429611,429611,254895,174716,0,60.00,7406,3106,61,0,0,0,7411,501.00,501.00,4,1819,0.0000,0.5000,0.5000,0.0000,0.5000
2026-04-27T17:52:42.183,1.266,1,-0.10,-1.29,0.00,0.00,1,-0.0191,0.0813,0.2382,0.0000,0.0000,0.0000,-56.01,-7.62,58.11,62.53,76,76,1.00000,1.00000,1.00000,1.00000,3,3,1,24.56715,0.00276,1.09424,0.0191,-0.0813,0.0618,0.0000,0.0000,0.0000,56.01,-4.47,171.47,1,1,0.0000,0.0000,0.3000,0.00,0.8200,0.3500,0.9200,6.00,180.00,0.850000,0.000000,0.000000,1.100000,0.000000,0.000000,1.200000,0.000000,0.000000,1.350000,0.000000,0.000000,0.850000,0.020000,0.000000,0.008000,0.000000,0.000600,0.008000,0.000000,0.000600,0.006000,0.000000,0.000000,1,1,1,76,228,429611,429611,254895,174716,0,60.00,7406,3106,61,0,0,0,7411,501.00,501.00,4,1819,0.0000,0.5000,0.5000,0.0000,0.5000
2026-04-27T17:52:42.205,1.288,1,-0.10,-1.29,0.00,0.00,1,-0.0191,0.0812,0.2382,0.0000,0.0000,0.0000,-55.97,-1.85,104.03,61.54,77,77,1.00000,1.00000,1.00000,1.00000,3,3,1,24.54738,0.00273,1.09360,0.0191,-0.0812,0.0618,0.0000,0.0000,0.0000,55.97,-4.25,171.37,1,1,0.0000,0.0000,0.3000,0.00,0.8200,0.3500,0.9200,6.00,180.00,0.850000,0.000000,0.000000,1.100000,0.000000,0.000000,1.200000,0.000000,0.000000,1.350000,0.000000,0.000000,0.850000,0.020000,0.000000,0.008000,0.000000,0.000600,0.008000,0.000000,0.000600,0.006000,0.000000,0.000000,1,1,1,77,231,429611,429611,254895,174716,0,60.00,7406,3106,61,0,0,0,7411,501.00,501.00,4,1819,0.0000,0.5000,0.5000,0.0000,0.5000
2026-04-27T17:52:42.222,1.305,1,-0.10,-1.29,0.00,0.00,1,-0.0192,0.0809,0.2380,0.0000,0.0000,0.0000,-55.92,-3.01,44.15,56.73,78,78,1.00000,1.00000,1.00000,1.00000,3,3,1,24.55945,0.00270,1.09597,0.0192,-0.0809,0.0620,0.0000,0.0000,0.0000,55.92,-3.92,171.45,1,1,0.0000,0.0000,0.3000,0.00,0.8200,0.3500,0.9200,6.00,180.00,0.850000,0.000000,0.000000,1.100000,0.000000,0.000000,1.200000,0.000000,0.000000,1.350000,0.000000,0.000000,0.850000,0.020000,0.000000,0.008000,0.000000,0.000600,0.008000,0.000000,0.000600,0.006000,0.000000,0.000000,1,1,1,78,231,429611,429611,254895,174716,0,60.00,7406,3106,61,0,0,0,7411,501.00,501.00,4,1819,0.0000,0.5000,0.5000,0.0000,0.5000
2026-04-27T17:52:42.239,1.322,1,-0.19,-1.29,-0.96,0.00,1,-0.0192,0.0811,0.2381,0.0000,0.0000,0.0000,-55.91,-0.60,55.94,60.12,79,79,1.00000,1.00000,1.00000,1.00000,3,3,1,24.55132,0.00271,1.09468,0.0192,-0.0811,0.0619,0.0000,0.0000,0.0000,55.91,-4.06,171.46,1,1,0.0000,0.0000,0.3000,0.00,0.8200,0.3500,0.9200,6.00,180.00,0.850000,0.000000,0.000000,1.100000,0.000000,0.000000,1.200000,0.000000,0.000000,1.350000,0.000000,0.000000,0.850000,0.020000,0.000000,0.008000,0.000000,0.000600,0.008000,0.000000,0.000600,0.006000,0.000000,0.000000,1,1,1,79,231,429611,429611,254895,174716,0,60.00,7406,3106,61,0,0,0,7411,501.00,501.00,4,1819,0.0000,0.5000,0.5000,0.0000,0.5000
2026-04-27T17:52:42.256,1.339,1,-0.19,-1.29,-0.96,0.00,1,-0.0193,0.0809,0.2381,0.0000,0.0000,0.0000,-55.87,-2.25,61.29,60.06,80,80,1.00000,1.00000,1.00000,1.00000,3,3,1,24.53940,0.00269,1.09604,0.0193,-0.0809,0.0619,0.0000,0.0000,0.0000,55.87,-3.81,171.43,1,1,0.0000,0.0000,0.3000,0.00,0.8200,0.3500,0.9200,6.00,180.00,0.850000,0.000000,0.000000,1.100000,0.000000,0.000000,1.200000,0.000000,0.000000,1.350000,0.000000,0.000000,0.850000,0.020000,0.000000,0.008000,0.000000,0.000600,0.008000,0.000000,0.000600,0.006000,0.000000,0.000000,1,1,1,80,231,429611,429611,254895,174716,0,60.00,7406,3106,61,0,0,0,7411,501.00,501.00,4,1819,0.0000,0.5000,0.5000,0.0000,0.5000
2026-04-27T17:52:42.272,1.355,1,-0.19,-1.29,-0.96,0.00,1,-0.0193,0.0809,0.2382,0.0000,0.0000,0.0000,-55.92,3.23,56.13,59.67,81,81,1.00000,1.00000,1.00000,1.00000,3,3,1,24.54956,0.00272,1.09522,0.0193,-0.0809,0.0618,0.0000,0.0000,0.0000,55.92,-3.84,171.47,1,1,0.0000,0.0000,0.3000,0.00,0.8200,0.3500,0.9200,6.00,180.00,0.850000,0.000000,0.000000,1.100000,0.000000,0.000000,1.200000,0.000000,0.000000,1.350000,0.000000,0.000000,0.850000,0.020000,0.000000,0.008000,0.000000,0.000600,0.008000,0.000000,0.000600,0.006000,0.000000,0.000000,1,1,1,81,231,429611,429611,254895,174716,0,60.00,7406,3106,61,0,0,0,7411,501.00,501.00,4,1819,0.0000,0.5000,0.5000,0.0000,0.5000
2026-04-27T17:52:42.286,1.369,1,-0.19,-1.29,-0.96,0.00,1,-0.0195,0.0809,0.2382,0.0000,0.0000,0.0000,-55.93,0.67,64.60,61.03,82,82,1.00000,1.00000,1.00000,1.00000,3,3,1,24.52715,0.00270,1.09487,0.0195,-0.0809,0.0618,0.0000,0.0000,0.0000,55.93,-3.71,171.54,1,1,0.0000,0.0000,0.3000,0.00,0.8200,0.3500,0.9200,6.00,180.00,0.850000,0.000000,0.000000,1.100000,0.000000,0.000000,1.200000,0.000000,0.000000,1.350000,0.000000,0.000000,0.850000,0.020000,0.000000,0.008000,0.000000,0.000600,0.008000,0.000000,0.000600,0.006000,0.000000,0.000000,1,1,1,82,231,429611,429611,254895,174716,0,60.00,7406,3106,61,0,0,0,7411,501.00,501.00,4,1819,0.0000,0.5000,0.5000,0.0000,0.5000
2026-04-27T17:52:42.306,1.389,1,-0.19,-1.29,-0.96,0.00,1,-0.0193,0.0810,0.2383,0.0000,0.0000,0.0000,-55.99,3.01,77.17,62.80,83,83,1.00000,1.00000,1.00000,1.00000,3,3,1,24.54690,0.00278,1.09359,0.0193,-0.0810,0.0617,0.0000,0.0000,0.0000,55.99,-3.97,171.52,1,1,0.0000,0.0000,0.3000,0.00,0.8200,0.3500,0.9200,6.00,180.00,0.850000,0.000000,0.000000,1.100000,0.000000,0.000000,1.200000,0.000000,0.000000,1.350000,0.000000,0.000000,0.850000,0.020000,0.000000,0.008000,0.000000,0.000600,0.008000,0.000000,0.000600,0.006000,0.000000,0.000000,1,1,1,83,231,429611,429611,254895,174716,0,60.00,7406,3106,61,0,0,0,7411,501.00,501.00,4,1819,0.0000,0.5000,0.5000,0.0000,0.5000
2026-04-27T17:52:42.321,1.404,1,-0.19,-1.29,-0.96,0.00,1,-0.0193,0.0811,0.2381,0.0000,0.0000,0.0000,-55.91,-5.16,46.70,60.16,84,84,1.00000,1.00000,1.00000,1.00000,3,3,1,24.56958,0.00258,1.09438,0.0193,-0.0811,0.0619,0.0000,0.0000,0.0000,55.91,-3.88,171.42,1,1,0.0000,0.0000,0.3000,0.00,0.8200,0.3500,0.9200,6.00,180.00,0.850000,0.000000,0.000000,1.100000,0.000000,0.000000,1.200000,0.000000,0.000000,1.350000,0.000000,0.000000,0.850000,0.020000,0.000000,0.008000,0.000000,0.000600,0.008000,0.000000,0.000600,0.006000,0.000000,0.000000,1,1,1,84,231,429611,429611,254895,174716,0,60.00,7406,3106,61,0,0,0,7411,501.00,501.00,4,1819,0.0000,0.5000,0.5000,0.0000,0.5000
2026-04-27T17:52:42.339,1.421,1,-0.19,-1.29,0.00,0.00,1,-0.0192,0.0810,0.2380,0.0000,0.0000,0.0000,-55.82,-5.55,66.25,56.51,85,85,1.00000,1.00000,1.00000,1.00000,3,3,1,24.55611,0.00257,1.09459,0.0192,-0.0810,0.0620,0.0000,0.0000,0.0000,55.82,-3.80,171.36,1,1,0.0000,0.0000,0.3000,0.00,0.8200,0.3500,0.9200,6.00,180.00,0.850000,0.000000,0.000000,1.100000,0.000000,0.000000,1.200000,0.000000,0.000000,1.350000,0.000000,0.000000,0.850000,0.020000,0.000000,0.008000,0.000000,0.000600,0.008000,0.000000,0.000600,0.006000,0.000000,0.000000,1,1,1,85,230,429611,429611,254895,174716,0,60.00,7406,3106,61,0,0,0,7411,501.00,501.00,4,1819,0.0000,0.5000,0.5000,0.0000,0.5000
2026-04-27T17:52:42.355,1.438,1,-0.19,-1.29,0.00,0.00,1,-0.0193,0.0809,0.2376,0.0000,0.0000,0.0134,-55.53,-17.36,58.41,63.13,86,86,1.00000,1.00000,1.00000,1.00000,3,3,1,24.56273,0.00269,1.09659,0.0193,-0.0809,0.0624,0.0000,0.0000,0.0134,55.53,-3.40,171.42,1,1,0.0000,0.0000,0.3000,0.00,0.8200,0.3500,0.9200,6.00,180.00,0.850000,0.000000,0.000000,1.100000,0.000000,0.000000,1.200000,0.000000,0.000000,1.350000,0.000000,0.000000,0.850000,0.020000,0.000000,0.008000,0.000000,0.000600,0.008000,0.000000,0.000600,0.006000,0.000000,0.000000,1,1,1,86,234,429611,429611,254895,174716,0,60.00,7406,3106,61,0,0,0,7411,501.00,501.00,4,1819,0.0000,0.5000,0.5000,0.0000,0.5000
2026-04-27T17:52:42.372,1.455,1,-0.19,-1.29,0.00,0.00,1,-0.0195,0.0808,0.2377,0.0000,0.0000,0.0000,-55.14,-22.99,59.57,60.63,87,87,1.00000,1.00000,1.00000,1.00000,3,3,1,24.51053,0.00275,1.09629,0.0195,-0.0808,0.0623,0.0000,0.0000,0.0000,55.14,-3.17,171.44,1,1,0.0000,0.0000,0.3000,0.00,0.8200,0.3500,0.9200,6.00,180.00,0.850000,0.000000,0.000000,1.100000,0.000000,0.000000,1.200000,0.000000,0.000000,1.350000,0.000000,0.000000,0.850000,0.020000,0.000000,0.008000,0.000000,0.000600,0.008000,0.000000,0.000600,0.006000,0.000000,0.000000,1,1,1,87,231,429611,429611,254895,174716,0,60.00,7406,3106,61,0,0,0,7411,501.00,501.00,4,1819,0.0000,0.5000,0.5000,0.0000,0.5000
2026-04-27T17:52:42.389,1.471,1,-0.19,-1.29,0.00,0.00,1,-0.0193,0.0806,0.2373,0.0000,0.0000,0.0141,-54.41,-46.15,59.26,58.43,88,88,1.00000,1.00000,1.00000,1.00000,3,3,1,24.60454,0.00281,1.10172,0.0193,-0.0806,0.0627,0.0000,0.0000,0.0141,54.41,-2.74,171.16,1,1,0.0000,0.0000,0.3000,0.00,0.8200,0.3500,0.9200,6.00,180.00,0.850000,0.000000,0.000000,1.100000,0.000000,0.000000,1.200000,0.000000,0.000000,1.350000,0.000000,0.000000,0.850000,0.020000,0.000000,0.008000,0.000000,0.000600,0.008000,0.000000,0.000600,0.006000,0.000000,0.000000,1,1,1,88,235,429611,429611,254895,174716,0,60.00,7406,3106,61,0,0,0,7411,501.00,501.00,4,1819,0.0000,0.5000,0.5000,0.0000,0.5000
2026-04-27T17:52:42.405,1.488,1,-0.19,-1.29,0.00,0.00,1,-0.0191,0.0809,0.2376,0.0000,0.0000,0.0000,-53.69,-41.90,61.25,58.11,89,89,1.00000,1.00000,1.00000,1.00000,3,3,1,24.59792,0.00272,1.10120,0.0191,-0.0809,0.0624,0.0000,0.0000,0.0000,53.69,-2.85,171.13,1,1,0.0000,0.0000,0.3000,0.00,0.8200,0.3500,0.9200,6.00,180.00,0.850000,0.000000,0.000000,1.100000,0.000000,0.000000,1.200000,0.000000,0.000000,1.350000,0.000000,0.000000,0.850000,0.020000,0.000000,0.008000,0.000000,0.000600,0.008000,0.000000,0.000600,0.006000,0.000000,0.000000,1,1,1,89,231,429611,429611,254895,174716,0,60.00,7406,3106,61,0,0,0,7411,501.00,501.00,4,1819,0.0000,0.5000,0.5000,0.0000,0.5000
2026-04-27T17:52:42.422,1.505,1,-0.19,-1.29,0.00,0.00,1,-0.0192,0.0808,0.2372,0.0000,0.0000,0.0120,-52.71,-58.07,59.96,60.21,90,90,1.00000,1.00000,1.00000,1.00000,3,3,1,24.59933,0.00274,1.10297,0.0192,-0.0808,0.0628,0.0000,0.0000,0.0120,52.71,-2.62,171.17,1,1,0.0000,0.0000,0.3000,0.00,0.8200,0.3500,0.9200,6.00,180.00,0.850000,0.000000,0.000000,1.100000,0.000000,0.000000,1.200000,0.000000,0.000000,1.350000,0.000000,0.000000,0.850000,0.020000,0.000000,0.008000,0.000000,0.000600,0.008000,0.000000,0.000600,0.006000,0.000000,0.000000,1,1,1,90,235,429611,429611,254895,174716,0,60.00,7406,3106,61,0,0,0,7411,501.00,501.00,4,1819,0.0000,0.5000,0.5000,0.0000,0.5000
2026-04-27T17:52:42.439,1.522,1,-0.19,-1.29,0.00,0.00,1,-0.0188,0.0817,0.2374,-0.0147,-0.0365,0.0000,-51.80,-50.31,59.25,61.14,91,91,1.00000,1.00000,1.00000,1.00000,3,3,1,24.58315,0.00285,1.10085,0.0188,-0.0817,0.0626,-0.0147,-0.0365,0.0000,51.80,-3.31,171.27,1,1,0.0000,0.0000,0.3000,0.00,0.8200,0.3500,0.9200,6.00,180.00,0.850000,0.000000,0.000000,1.100000,0.000000,0.000000,1.200000,0.000000,0.000000,1.350000,0.000000,0.000000,0.850000,0.020000,0.000000,0.008000,0.000000,0.000600,0.008000,0.000000,0.000600,0.006000,0.000000,0.000000,1,1,1,91,240,429611,429611,254895,174716,0,60.00,7406,3106,61,0,0,0,7411,501.00,501.00,4,1819,0.0000,0.5000,0.5000,0.0000,0.5000
2026-04-27T17:52:42.453,1.536,1,-0.19,-1.29,0.00,0.00,1,-0.0189,0.0815,0.2373,0.0000,0.0000,0.0000,-50.82,-70.02,62.18,58.77,92,92,1.00000,1.00000,1.00000,1.00000,3,3,1,24.61493,0.00260,1.10619,0.0189,-0.0815,0.0627,0.0000,0.0000,0.0000,50.82,-3.11,171.35,1,1,0.0000,0.0000,0.3000,0.00,0.8200,0.3500,0.9200,6.00,180.00,0.850000,0.000000,0.000000,1.100000,0.000000,0.000000,1.200000,0.000000,0.000000,1.350000,0.000000,0.000000,0.850000,0.020000,0.000000,0.008000,0.000000,0.000600,0.008000,0.000000,0.000600,0.006000,0.000000,0.000000,1,1,1,92,231,429611,429611,254895,174716,0,60.00,7406,3106,61,0,0,0,7411,501.00,501.00,4,1819,0.0000,0.5000,0.5000,0.0000,0.5000
2026-04-27T17:52:42.472,1.555,1,-0.19,-1.29,0.00,0.00,1,-0.0190,0.0817,0.2371,0.0000,-0.0150,0.0000,-49.75,-58.07,71.45,59.84,93,93,1.00000,1.00000,1.00000,1.00000,3,3,1,24.63164,0.00262,1.10751,0.0190,-0.0817,0.0629,0.0000,-0.0150,0.0000,49.75,-3.02,171.50,1,1,0.0000,0.0000,0.3000,0.00,0.8200,0.3500,0.9200,6.00,180.00,0.850000,0.000000,0.000000,1.100000,0.000000,0.000000,1.200000,0.000000,0.000000,1.350000,0.000000,0.000000,0.850000,0.020000,0.000000,0.008000,0.000000,0.000600,0.008000,0.000000,0.000600,0.006000,0.000000,0.000000,1,1,1,93,235,429611,429611,254895,174716,0,60.00,7406,3106,61,0,0,0,7411,501.00,501.00,4,1819,0.0000,0.5000,0.5000,0.0000,0.5000
2026-04-27T17:52:42.489,1.572,1,-0.19,-1.29,0.00,0.00,1,-0.0186,0.0820,0.2372,-0.0139,-0.0161,0.0000,-48.63,-66.37,52.20,63.84,94,94,1.00000,1.00000,1.00000,1.00000,3,3,1,24.54167,0.00282,1.11159,0.0186,-0.0820,0.0628,-0.0139,-0.0161,0.0000,48.63,-3.37,171.41,1,1,0.0000,0.0000,0.3000,0.00,0.8200,0.3500,0.9200,6.00,180.00,0.850000,0.000000,0.000000,1.100000,0.000000,0.000000,1.200000,0.000000,0.000000,1.350000,0.000000,0.000000,0.850000,0.020000,0.000000,0.008000,0.000000,0.000600,0.008000,0.000000,0.000600,0.006000,0.000000,0.000000,1,1,1,94,241,429611,429611,254895,174716,0,60.00,7406,3106,61,0,0,0,7411,501.00,501.00,4,1819,0.0000,0.5000,0.5000,0.0000,0.5000
2026-04-27T17:52:42.506,1.588,1,-0.19,-1.29,0.00,0.00,1,-0.0187,0.0822,0.2376,0.0000,-0.0148,-0.0137,-47.56,-66.54,59.41,56.61,95,95,1.00000,1.00000,1.00000,1.00000,3,3,1,24.66732,0.00267,1.10410,0.0187,-0.0822,0.0624,0.0000,-0.0148,-0.0137,47.56,-3.71,171.64,1,1,0.0000,0.0000,0.3000,0.00,0.8200,0.3500,0.9200,6.00,180.00,0.850000,0.000000,0.000000,1.100000,0.000000,0.000000,1.200000,0.000000,0.000000,1.350000,0.000000,0.000000,0.850000,0.020000,0.000000,0.008000,0.000000,0.000600,0.008000,0.000000,0.000600,0.006000,0.000000,0.000000,1,1,1,95,241,429611,429611,254895,174716,0,60.00,7406,3106,61,0,0,0,7411,501.00,501.00,4,1819,0.0000,0.5000,0.5000,0.0000,0.5000
2026-04-27T17:52:42.522,1.605,1,-0.19,-1.29,0.00,0.00,1,-0.0186,0.0823,0.2375,0.0000,0.0000,0.0000,-46.44,-68.60,56.38,59.97,96,96,1.00000,1.00000,1.00000,1.00000,3,3,1,24.62966,0.00268,1.10860,0.0186,-0.0823,0.0625,0.0000,0.0000,0.0000,46.44,-3.86,171.68,1,1,0.0000,0.0000,0.3000,0.00,0.8200,0.3500,0.9200,6.00,180.00,0.850000,0.000000,0.000000,1.100000,0.000000,0.000000,1.200000,0.000000,0.000000,1.350000,0.000000,0.000000,0.850000,0.020000,0.000000,0.008000,0.000000,0.000600,0.008000,0.000000,0.000600,0.006000,0.000000,0.000000,1,1,1,96,231,429611,429611,254895,174716,0,60.00,7406,3106,61,0,0,0,7411,501.00,501.00,4,1819,0.0000,0.5000,0.5000,0.0000,0.5000
2026-04-27T17:52:42.539,1.621,1,-0.19,-1.29,0.00,0.00,1,-0.0184,0.0829,0.2376,0.0000,-0.0234,0.0000,-45.47,-58.05,62.87,60.22,97,97,1.00000,1.00000,1.00000,1.00000,3,3,1,24.68114,0.00272,1.10640,0.0184,-0.0829,0.0624,0.0000,-0.0234,0.0000,45.47,-4.14,171.82,1,1,0.0000,0.0000,0.3000,0.00,0.8200,0.3500,0.9200,6.00,180.00,0.850000,0.000000,0.000000,1.100000,0.000000,0.000000,1.200000,0.000000,0.000000,1.350000,0.000000,0.000000,0.850000,0.020000,0.000000,0.008000,0.000000,0.000600,0.008000,0.000000,0.000600,0.006000,0.000000,0.000000,1,1,1,97,236,429611,429611,254895,174716,0,60.00,7406,3106,61,0,0,0,7411,501.00,501.00,4,1819,0.0000,0.5000,0.5000,0.0000,0.5000
2026-04-27T17:52:42.551,1.634,1,-0.19,-1.29,0.00,0.00,1,-0.0182,0.0829,0.2372,-0.0101,0.0000,0.0124,-44.44,-77.57,59.56,61.76,98,98,1.00000,1.00000,1.00000,1.00000,3,3,1,24.73096,0.00279,1.11086,0.0182,-0.0829,0.0628,-0.0101,0.0000,0.0124,44.44,-3.92,171.74,1,1,0.0000,0.0000,0.3000,0.00,0.8200,0.3500,0.9200,6.00,180.00,0.850000,0.000000,0.000000,1.100000,0.000000,0.000000,1.200000,0.000000,0.000000,1.350000,0.000000,0.000000,0.850000,0.020000,0.000000,0.008000,0.000000,0.000600,0.008000,0.000000,0.000600,0.006000,0.000000,0.000000,1,1,1,98,239,429611,429611,254895,174716,0,60.00,7406,3106,61,0,0,0,7411,501.00,501.00,4,1819,0.0000,0.5000,0.5000,0.0000,0.5000
2026-04-27T17:52:42.569,1.652,1,-0.19,-1.29,0.00,0.00,1,-0.0183,0.0833,0.2373,0.0000,-0.0190,0.0000,-43.63,-44.10,88.71,60.08,99,99,1.00000,1.00000,1.00000,1.00000,3,3,1,24.71106,0.00272,1.10502,0.0183,-0.0833,0.0627,0.0000,-0.0190,0.0000,43.63,-4.18,171.85,1,1,0.0000,0.0000,0.3000,0.00,0.8200,0.3500,0.9200,6.00,180.00,0.850000,0.000000,0.000000,1.100000,0.000000,0.000000,1.200000,0.000000,0.000000,1.350000,0.000000,0.000000,0.850000,0.020000,0.000000,0.008000,0.000000,0.000600,0.008000,0.000000,0.000600,0.006000,0.000000,0.000000,1,1,1,99,236,429611,429611,254895,174716,0,60.00,7406,3106,61,0,0,0,7411,501.00,501.00,4,1819,0.0000,0.5000,0.5000,0.0000,0.5000
2026-04-27T17:52:42.588,1.670,1,-0.40,-1.09,-1.99,1.99,1,-0.0182,0.0836,0.2371,0.0000,-0.0178,0.0000,-42.67,-52.30,54.44,61.86,100,100,1.00000,1.00000,1.00000,1.00000,3,3,1,24.77679,0.00287,1.10359,0.0182,-0.0836,0.0629,0.0000,-0.0178,0.0000,42.67,-4.35,171.89,1,1,0.0000,0.0000,0.3000,0.00,0.8200,0.3500,0.9200,6.00,180.00,0.850000,0.000000,0.000000,1.100000,0.000000,0.000000,1.200000,0.000000,0.000000,1.350000,0.000000,0.000000,0.850000,0.020000,0.000000,0.008000,0.000000,0.000600,0.008000,0.000000,0.000600,0.006000,0.000000,0.000000,1,1,1,100,236,429611,429611,254895,174716,0,60.00,7406,3106,61,0,0,0,7411,501.00,501.00,4,1819,0.0000,0.5000,0.5000,0.0000,0.5000
2026-04-27T17:52:42.605,1.688,1,-0.40,-1.09,-1.99,1.99,1,-0.0185,0.0839,0.2373,0.0000,-0.0159,0.0000,-41.85,-47.03,54.48,56.96,101,101,1.00000,1.00000,1.00000,1.00000,3,3,1,24.75603,0.00271,1.10696,0.0185,-0.0839,0.0627,0.0000,-0.0159,0.0000,41.85,-4.19,172.23,1,1,0.0000,0.0000,0.3000,0.00,0.8200,0.3500,0.9200,6.00,180.00,0.850000,0.000000,0.000000,1.100000,0.000000,0.000000,1.200000,0.000000,0.000000,1.350000,0.000000,0.000000,0.850000,0.020000,0.000000,0.008000,0.000000,0.000600,0.008000,0.000000,0.000600,0.006000,0.000000,0.000000,1,1,1,101,236,429611,429611,254895,174716,0,60.00,7406,3106,61,0,0,0,7411,501.00,501.00,4,1819,0.0000,0.5000,0.5000,0.0000,0.5000
2026-04-27T17:52:42.622,1.705,1,-0.40,-1.09,-1.99,1.99,1,-0.0184,0.0843,0.2374,0.0000,-0.0203,0.0000,-40.95,-53.62,57.36,63.25,102,102,1.00000,1.00000,1.00000,1.00000,3,3,1,24.79222,0.00293,1.10106,0.0184,-0.0843,0.0626,0.0000,-0.0203,0.0000,40.95,-4.49,172.38,1,1,0.0000,0.0000,0.3000,0.00,0.8200,0.3500,0.9200,6.00,180.00,0.850000,0.000000,0.000000,1.100000,0.000000,0.000000,1.200000,0.000000,0.000000,1.350000,0.000000,0.000000,0.850000,0.020000,0.000000,0.008000,0.000000,0.000600,0.008000,0.000000,0.000600,0.006000,0.000000,0.000000,1,1,1,102,235,429611,429611,254895,174716,0,60.00,7406,3106,61,0,0,0,7411,501.00,501.00,4,1819,0.0000,0.5000,0.5000,0.0000,0.5000
2026-04-27T17:52:42.639,1.721,1,-0.40,-1.09,-1.99,1.99,1,-0.0180,0.0844,0.2377,-0.0119,-0.0138,-0.0101,-40.07,-56.10,55.47,60.12,103,103,1.00000,1.00000,1.00000,1.00000,3,3,1,24.78517,0.00273,1.10498,0.0180,-0.0844,0.0623,-0.0119,-0.0138,-0.0101,40.07,-4.70,172.37,1,1,0.0000,0.0000,0.3000,0.00,0.8200,0.3500,0.9200,6.00,180.00,0.850000,0.000000,0.000000,1.100000,0.000000,0.000000,1.200000,0.000000,0.000000,1.350000,0.000000,0.000000,0.850000,0.020000,0.000000,0.008000,0.000000,0.000600,0.008000,0.000000,0.000600,0.006000,0.000000,0.000000,1,1,1,103,244,429611,429611,254895,174716,0,60.00,7406,3106,61,0,0,0,7411,501.00,501.00,4,1819,0.0000,0.5000,0.5000,0.0000,0.5000
2026-04-27T17:52:42.655,1.738,1,-0.40,-1.09,-1.99,1.99,1,-0.0185,0.0847,0.2375,0.0130,-0.0169,0.0000,-39.33,-41.81,61.38,56.66,104,104,1.00000,1.00000,1.00000,1.00000,3,3,1,24.81938,0.00266,1.09908,0.0185,-0.0847,0.0625,0.0130,-0.0169,0.0000,39.33,-4.61,172.72,1,1,0.0000,0.0000,0.3000,0.00,0.8200,0.3500,0.9200,6.00,180.00,0.850000,0.000000,0.000000,1.100000,0.000000,0.000000,1.200000,0.000000,0.000000,1.350000,0.000000,0.000000,0.850000,0.020000,0.000000,0.008000,0.000000,0.000600,0.008000,0.000000,0.000600,0.006000,0.000000,0.000000,1,1,1,104,240,429611,429611,254895,174716,0,60.00,7406,3106,61,0,0,0,7411,501.00,501.00,4,1819,0.0000,0.5000,0.5000,0.0000,0.5000
2026-04-27T17:52:42.672,1.755,1,-0.40,-1.09,-1.99,1.99,1,-0.0182,0.0850,0.2372,0.0000,-0.0168,0.0000,-38.61,-45.94,59.34,63.92,105,105,1.00000,1.00000,1.00000,1.00000,3,3,1,24.83409,0.00267,1.10172,0.0182,-0.0850,0.0628,0.0000,-0.0168,0.0000,38.61,-4.75,172.61,1,1,0.0000,0.0000,0.3000,0.00,0.8200,0.3500,0.9200,6.00,180.00,0.850000,0.000000,0.000000,1.100000,0.000000,0.000000,1.200000,0.000000,0.000000,1.350000,0.000000,0.000000,0.850000,0.020000,0.000000,0.008000,0.000000,0.000600,0.008000,0.000000,0.000600,0.006000,0.000000,0.000000,1,1,1,105,236,429611,429611,254895,174716,0,60.00,7406,3106,61,0,0,0,7411,501.00,501.00,4,1819,0.0000,0.5000,0.5000,0.0000,0.5000
2026-04-27T17:52:42.689,1.772,1,-0.60,-1.00,-1.97,0.95,1,-0.0179,0.0857,0.2374,-0.0105,-0.0284,0.0000,-37.95,-36.09,59.97,56.32,106,106,1.00000,1.00000,1.00000,1.00000,3,3,1,24.80652,0.00274,1.10237,0.0179,-0.0857,0.0626,-0.0105,-0.0284,0.0000,37.95,-5.36,172.69,1,1,0.0000,0.0000,0.3000,0.00,0.8200,0.3500,0.9200,6.00,180.00,0.850000,0.000000,0.000000,1.100000,0.000000,0.000000,1.200000,0.000000,0.000000,1.350000,0.000000,0.000000,0.850000,0.020000,0.000000,0.008000,0.000000,0.000600,0.008000,0.000000,0.000600,0.006000,0.000000,0.000000,1,1,1,106,241,429611,429611,254895,174716,0,60.00,7406,3106,61,0,0,0,7411,501.00,501.00,4,1819,0.0000,0.5000,0.5000,0.0000,0.5000
2026-04-27T17:52:42.703,1.786,1,-0.60,-1.00,-1.97,0.95,1,-0.0179,0.0858,0.2375,0.0000,-0.0155,0.0000,-37.16,-57.73,57.85,64.13,107,107,1.00000,1.00000,1.00000,1.00000,3,3,1,24.80499,0.00275,1.10629,0.0179,-0.0858,0.0625,0.0000,-0.0155,0.0000,37.16,-5.45,172.66,1,1,0.0000,0.0000,0.3000,0.00,0.8200,0.3500,0.9200,6.00,180.00,0.850000,0.000000,0.000000,1.100000,0.000000,0.000000,1.200000,0.000000,0.000000,1.350000,0.000000,0.000000,0.850000,0.020000,0.000000,0.008000,0.000000,0.000600,0.008000,0.000000,0.000600,0.006000,0.000000,0.000000,1,1,1,107,236,429611,429611,254895,174716,0,60.00,7406,3106,61,0,0,0,7411,501.00,501.00,4,1819,0.0000,0.5000,0.5000,0.0000,0.5000
2026-04-27T17:52:42.720,1.803,1,-0.60,-1.00,-1.97,0.95,1,-0.0177,0.0862,0.2377,-0.0101,-0.0206,0.0000,-36.45,-41.63,78.86,59.84,108,108,1.00000,1.00000,1.00000,1.00000,3,3,1,24.82351,0.00268,1.10523,0.0177,-0.0862,0.0623,-0.0101,-0.0206,0.0000,36.45,-5.93,172.81,1,1,0.0000,0.0000,0.3000,0.00,0.8200,0.3500,0.9200,6.00,180.00,0.850000,0.000000,0.000000,1.100000,0.000000,0.000000,1.200000,0.000000,0.000000,1.350000,0.000000,0.000000,0.850000,0.020000,0.000000,0.008000,0.000000,0.000600,0.008000,0.000000,0.000600,0.006000,0.000000,0.000000,1,1,1,108,240,429611,429611,254895,174716,0,60.00,7406,3106,61,0,0,0,7411,501.00,501.00,4,1819,0.0000,0.5000,0.5000,0.0000,0.5000
2026-04-27T17:52:42.739,1.822,1,-0.60,-1.00,-1.97,0.95,1,-0.0177,0.0865,0.2376,0.0000,-0.0178,0.0000,-35.77,-37.11,58.63,60.00,109,109,1.00000,1.00000,1.00000,1.00000,3,3,1,24.88580,0.00294,1.10489,0.0177,-0.0865,0.0624,0.0000,-0.0178,0.0000,35.77,-5.98,172.95,1,1,0.0000,0.0000,0.3000,0.00,0.8200,0.3500,0.9200,6.00,180.00,0.850000,0.000000,0.000000,1.100000,0.000000,0.000000,1.200000,0.000000,0.000000,1.350000,0.000000,0.000000,0.850000,0.020000,0.000000,0.008000,0.000000,0.000600,0.008000,0.000000,0.000600,0.006000,0.000000,0.000000,1,1,1,109,236,429611,429611,254895,174716,0,60.00,7406,3106,61,0,0,0,7411,501.00,501.00,4,1819,0.0000,0.5000,0.5000,0.0000,0.5000
2026-04-27T17:52:42.755,1.838,1,-0.60,-1.00,-1.97,0.95,1,-0.0180,0.0864,0.2375,0.0000,0.0000,0.0000,-35.02,-47.40,50.22,60.02,110,110,1.00000,1.00000,1.00000,1.00000,3,3,1,24.80787,0.00282,1.10342,0.0180,-0.0864,0.0625,0.0000,0.0000,0.0000,35.02,-5.76,173.02,1,1,0.0000,0.0000,0.3000,0.00,0.8200,0.3500,0.9200,6.00,180.00,0.850000,0.000000,0.000000,1.100000,0.000000,0.000000,1.200000,0.000000,0.000000,1.350000,0.000000,0.000000,0.850000,0.020000,0.000000,0.008000,0.000000,0.000600,0.008000,0.000000,0.000600,0.006000,0.000000,0.000000,1,1,1,110,231,429611,429611,254895,174716,0,60.00,7406,3106,61,0,0,0,7411,501.00,501.00,4,1819,0.0000,0.5000,0.5000,0.0000,0.5000
2026-04-27T17:52:42.772,1.855,1,-0.60,-1.00,-1.97,0.95,1,-0.0179,0.0866,0.2379,0.0000,-0.0121,-0.0112,-34.17,-50.82,60.49,60.07,111,111,1.00000,1.00000,1.00000,1.00000,3,3,1,24.90803,0.00285,1.10071,0.0179,-0.0866,0.0621,0.0000,-0.0121,-0.0112,34.17,-5.92,173.30,1,1,0.0000,0.0000,0.3000,0.00,0.8200,0.3500,0.9200,6.00,180.00,0.850000,0.000000,0.000000,1.100000,0.000000,0.000000,1.200000,0.000000,0.000000,1.350000,0.000000,0.000000,0.850000,0.020000,0.000000,0.008000,0.000000,0.000600,0.008000,0.000000,0.000600,0.006000,0.000000,0.000000,1,1,1,111,240,429611,429611,254895,174716,0,60.00,7406,3106,61,0,0,0,7411,501.00,501.00,4,1819,0.0000,0.5000,0.5000,0.0000,0.5000
2026-04-27T17:52:42.789,1.871,1,-0.60,-1.00,-1.97,0.95,1,-0.0178,0.0871,0.2378,0.0000,-0.0216,0.0000,-33.52,-38.65,60.80,60.08,112,112,1.00000,1.00000,1.00000,1.00000,3,3,1,24.88501,0.00273,1.09949,0.0178,-0.0871,0.0622,0.0000,-0.0216,0.0000,33.52,-6.22,173.48,1,1,0.0000,0.0000,0.3000,0.00,0.8200,0.3500,0.9200,6.00,180.00,0.850000,0.000000,0.000000,1.100000,0.000000,0.000000,1.200000,0.000000,0.000000,1.350000,0.000000,0.000000,0.850000,0.020000,0.000000,0.008000,0.000000,0.000600,0.008000,0.000000,0.000600,0.006000,0.000000,0.000000,1,1,1,112,236,429611,429611,254895,174716,0,60.00,7406,3106,61,0,0,0,7411,501.00,501.00,4,1819,0.0000,0.5000,0.5000,0.0000,0.5000
2026-04-27T17:52:42.805,1.888,1,-0.60,-1.00,-1.97,0.95,1,-0.0177,0.0872,0.2377,0.0000,-0.0123,0.0000,-32.86,-37.56,59.50,56.62,113,113,1.00000,1.00000,1.00000,1.00000,3,3,1,24.87455,0.00278,1.10436,0.0177,-0.0872,0.0623,0.0000,-0.0123,0.0000,32.86,-6.18,173.26,1,1,0.0000,0.0000,0.3000,0.00,0.8200,0.3500,0.9200,6.00,180.00,0.850000,0.000000,0.000000,1.100000,0.000000,0.000000,1.200000,0.000000,0.000000,1.350000,0.000000,0.000000,0.850000,0.020000,0.000000,0.008000,0.000000,0.000600,0.008000,0.000000,0.000600,0.006000,0.000000,0.000000,1,1,1,113,236,429611,429611,254895,174716,0,60.00,7406,3106,61,0,0,0,7411,501.00,501.00,4,1819,0.0000,0.5000,0.5000,0.0000,0.5000
2026-04-27T17:52:42.819,1.902,1,-0.60,-1.00,-1.97,0.95,1,-0.0179,0.0875,0.2375,0.0000,-0.0180,0.0000,-32.20,-48.52,60.36,63.71,114,114,1.00000,1.00000,1.00000,1.00000,3,3,1,24.96417,0.00272,1.09783,0.0179,-0.0875,0.0625,0.0000,-0.0180,0.0000,32.20,-5.96,173.47,1,1,0.0000,0.0000,0.3000,0.00,0.8200,0.3500,0.9200,6.00,180.00,0.850000,0.000000,0.000000,1.100000,0.000000,0.000000,1.200000,0.000000,0.000000,1.350000,0.000000,0.000000,0.850000,0.020000,0.000000,0.008000,0.000000,0.000600,0.008000,0.000000,0.000600,0.006000,0.000000,0.000000,1,1,1,114,235,429611,429611,254895,174716,0,60.00,7406,3106,61,0,0,0,7411,501.00,501.00,4,1819,0.0000,0.5000,0.5000,0.0000,0.5000
2026-04-27T17:52:42.839,1.922,1,-0.60,-1.00,-1.97,0.95,1,-0.0176,0.0878,0.2374,0.0000,-0.0156,0.0000,-31.57,-33.18,79.36,59.98,115,115,1.00000,1.00000,1.00000,1.00000,3,3,1,24.98588,0.00263,1.10284,0.0176,-0.0878,0.0626,0.0000,-0.0156,0.0000,31.57,-6.00,173.61,1,1,0.0000,0.0000,0.3000,0.00,0.8200,0.3500,0.9200,6.00,180.00,0.850000,0.000000,0.000000,1.100000,0.000000,0.000000,1.200000,0.000000,0.000000,1.350000,0.000000,0.000000,0.850000,0.020000,0.000000,0.008000,0.000000,0.000600,0.008000,0.000000,0.000600,0.006000,0.000000,0.000000,1,1,1,115,233,429611,429611,254895,174716,0,60.00,7406,3106,61,0,0,0,7411,501.00,501.00,4,1819,0.0000,0.5000,0.5000,0.0000,0.5000
2026-04-27T17:52:42.856,1.939,1,-0.60,-1.00,-1.97,0.95,1,-0.0176,0.0878,0.2373,0.0000,0.0000,0.0000,-30.99,-33.50,49.02,60.05,116,116,1.00000,1.00000,1.00000,1.00000,3,3,1,24.93383,0.00258,1.10531,0.0176,-0.0878,0.0627,0.0000,0.0000,0.0000,30.99,-5.84,173.66,1,1,0.0000,0.0000,0.3000,0.00,0.8200,0.3500,0.9200,6.00,180.00,0.850000,0.000000,0.000000,1.100000,0.000000,0.000000,1.200000,0.000000,0.000000,1.350000,0.000000,0.000000,0.850000,0.020000,0.000000,0.008000,0.000000,0.000600,0.008000,0.000000,0.000600,0.006000,0.000000,0.000000,1,1,1,116,231,429611,429611,254895,174716,0,60.00,7406,3106,61,0,0,0,7411,501.00,501.00,4,1819,0.0000,0.5000,0.5000,0.0000,0.5000
2026-04-27T17:52:42.872,1.955,1,-0.60,-1.00,-1.97,0.95,1,-0.0172,0.0881,0.2371,-0.0133,-0.0144,0.0000,-30.32,-40.12,55.85,56.62,117,117,1.00000,1.00000,1.00000,1.00000,3,3,1,24.99252,0.00280,1.10877,0.0172,-0.0881,0.0629,-0.0133,-0.0144,0.0000,30.32,-6.02,173.50,1,1,0.0000,0.0000,0.3000,0.00,0.8200,0.3500,0.9200,6.00,180.00,0.850000,0.000000,0.000000,1.100000,0.000000,0.000000,1.200000,0.000000,0.000000,1.350000,0.000000,0.000000,0.850000,0.020000,0.000000,0.008000,0.000000,0.000600,0.008000,0.000000,0.000600,0.006000,0.000000,0.000000,1,1,1,117,240,429671,429671,254955,174716,0,60.00,7466,3148,61,0,0,0,7411,501.00,501.00,4,1819,0.0000,0.5000,0.5000,0.0000,0.5000
2026-04-27T17:52:42.889,1.972,1,-0.70,-0.90,-1.01,0.00,1,-0.0174,0.0881,0.2372,0.0000,0.0000,0.0000,-29.69,-39.19,63.73,63.90,118,118,1.00000,1.00000,1.00000,1.00000,3,3,1,24.92483,0.00283,1.10609,0.0174,-0.0881,0.0628,0.0000,0.0000,0.0000,29.69,-6.16,173.44,1,1,0.0000,0.0000,0.3000,0.00,0.8200,0.3500,0.9200,6.00,180.00,0.850000,0.000000,0.000000,1.100000,0.000000,0.000000,1.200000,0.000000,0.000000,1.350000,0.000000,0.000000,0.850000,0.020000,0.000000,0.008000,0.000000,0.000600,0.008000,0.000000,0.000600,0.006000,0.000000,0.000000,1,1,1,118,231,429671,429671,254955,174716,0,60.00,7466,3148,61,0,0,0,7411,501.00,501.00,4,1819,0.0000,0.5000,0.5000,0.0000,0.5000
2026-04-27T17:52:42.905,1.988,1,-0.70,-0.90,-1.01,0.00,1,-0.0173,0.0885,0.2377,0.0000,-0.0179,-0.0160,-29.10,-36.45,58.56,59.90,119,119,1.00000,1.00000,1.00000,1.00000,3,3,1,25.05538,0.00258,1.10110,0.0173,-0.0885,0.0623,0.0000,-0.0179,-0.0160,29.10,-6.50,173.78,1,1,0.0000,0.0000,0.3000,0.00,0.8200,0.3500,0.9200,6.00,180.00,0.850000,0.000000,0.000000,1.100000,0.000000,0.000000,1.200000,0.000000,0.000000,1.350000,0.000000,0.000000,0.850000,0.020000,0.000000,0.008000,0.000000,0.000600,0.008000,0.000000,0.000600,0.006000,0.000000,0.000000,1,1,1,119,239,429671,429671,254955,174716,0,60.00,7466,3148,61,0,0,0,7411,501.00,501.00,4,1819,0.0000,0.5000,0.5000,0.0000,0.5000
2026-04-27T17:52:42.922,2.005,1,-0.70,-0.90,-1.01,0.00,1,-0.0172,0.0887,0.2379,0.0000,-0.0136,0.0000,-28.61,-28.96,61.78,60.05,120,120,1.00000,1.00000,1.00000,1.00000,3,3,1,25.01365,0.00271,1.10216,0.0172,-0.0887,0.0621,0.0000,-0.0136,0.0000,28.61,-6.73,173.91,1,1,0.0000,0.0000,0.3000,0.00,0.8200,0.3500,0.9200,6.00,180.00,0.850000,0.000000,0.000000,1.100000,0.000000,0.000000,1.200000,0.000000,0.000000,1.350000,0.000000,0.000000,0.850000,0.020000,0.000000,0.008000,0.000000,0.000600,0.008000,0.000000,0.000600,0.006000,0.000000,0.000000,1,1,1,120,236,429671,429671,254955,174716,0,60.00,7466,3148,61,0,0,0,7411,501.00,501.00,4,1819,0.0000,0.5000,0.5000,0.0000,0.5000
2026-04-27T17:52:42.939,2.022,1,-0.70,-0.90,-1.01,0.00,1,-0.0169,0.0888,0.2378,-0.0110,0.0000,0.0000,-28.08,-31.17,59.05,59.99,121,121,1.00000,1.00000,1.00000,1.00000,3,3,1,25.03420,0.00297,1.10371,0.0169,-0.0888,0.0622,-0.0110,0.0000,0.0000,28.08,-7.17,173.85,1,1,0.0000,0.0000,0.3000,0.00,0.8200,0.3500,0.9200,6.00,180.00,0.850000,0.000000,0.000000,1.100000,0.000000,0.000000,1.200000,0.000000,0.000000,1.350000,0.000000,0.000000,0.850000,0.020000,0.000000,0.008000,0.000000,0.000600,0.008000,0.000000,0.000600,0.006000,0.000000,0.000000,1,1,1,121,236,429671,429671,254955,174716,0,60.00,7466,3148,61,0,0,0,7411,501.00,501.00,4,1819,0.0000,0.5000,0.5000,0.0000,0.5000
2026-04-27T17:52:42.955,2.038,1,-0.70,-0.90,-1.01,0.00,1,-0.0171,0.0888,0.2376,0.0000,0.0000,0.0000,-27.50,-33.79,61.30,59.99,122,122,1.00000,1.00000,1.00000,1.00000,3,3,1,25.02095,0.00288,1.10054,0.0171,-0.0888,0.0624,0.0000,0.0000,0.0000,27.50,-7.06,173.79,1,1,0.0000,0.0000,0.3000,0.00,0.8200,0.3500,0.9200,6.00,180.00,0.850000,0.000000,0.000000,1.100000,0.000000,0.000000,1.200000,0.000000,0.000000,1.350000,0.000000,0.000000,0.850000,0.020000,0.000000,0.008000,0.000000,0.000600,0.008000,0.000000,0.000600,0.006000,0.000000,0.000000,1,1,1,122,230,429671,429671,254955,174716,0,60.00,7466,3148,61,0,0,0,7411,501.00,501.00,4,1819,0.0000,0.5000,0.5000,0.0000,0.5000
2026-04-27T17:52:42.972,2.055,1,-0.70,-0.90,-1.01,0.00,1,-0.0175,0.0887,0.2373,0.0137,0.0000,0.0000,-27.00,-32.15,59.38,60.10,123,123,1.00000,1.00000,1.00000,1.00000,3,3,1,25.06803,0.00265,1.10114,0.0175,-0.0887,0.0627,0.0137,0.0000,0.0000,27.00,-6.23,173.90,1,1,0.0000,0.0000,0.3000,0.00,0.8200,0.3500,0.9200,6.00,180.00,0.850000,0.000000,0.000000,1.100000,0.000000,0.000000,1.200000,0.000000,0.000000,1.350000,0.000000,0.000000,0.850000,0.020000,0.000000,0.008000,0.000000,0.000600,0.008000,0.000000,0.000600,0.006000,0.000000,0.000000,1,1,1,123,231,429671,429671,254955,174716,0,60.00,7466,3148,61,0,0,0,7411,501.00,501.00,4,1819,0.0000,0.5000,0.5000,0.0000,0.5000
2026-04-27T17:52:42.988,2.071,1,-0.70,-0.90,-1.01,0.00,1,-0.0172,0.0891,0.2378,0.0000,-0.0162,-0.0122,-26.56,-26.42,60.41,59.98,124,124,1.00000,1.00000,1.00000,1.00000,3,3,1,25.05870,0.00284,1.09917,0.0172,-0.0891,0.0622,0.0000,-0.0162,-0.0122,26.56,-6.72,173.92,1,1,0.0000,0.0000,0.3000,0.00,0.8200,0.3500,0.9200,6.00,180.00,0.850000,0.000000,0.000000,1.100000,0.000000,0.000000,1.200000,0.000000,0.000000,1.350000,0.000000,0.000000,0.850000,0.020000,0.000000,0.008000,0.000000,0.000600,0.008000,0.000000,0.000600,0.006000,0.000000,0.000000,1,1,1,124,241,429671,429671,254955,174716,0,60.00,7466,3148,61,0,0,0,7411,501.00,501.00,4,1819,0.0000,0.5000,0.5000,0.0000,0.5000
2026-04-27T17:52:43.005,2.088,1,-0.70,-0.90,-1.01,0.00,1,-0.0175,0.0893,0.2374,0.0108,0.0000,0.0000,-26.13,-25.79,60.05,60.03,125,125,1.00000,1.00000,1.00000,1.00000,3,3,1,25.05731,0.00274,1.09690,0.0175,-0.0893,0.0626,0.0108,0.0000,0.0000,26.13,-6.34,174.06,1,1,0.0000,0.0000,0.3000,0.00,0.8200,0.3500,0.9200,6.00,180.00,0.850000,0.000000,0.000000,1.100000,0.000000,0.000000,1.200000,0.000000,0.000000,1.350000,0.000000,0.000000,0.850000,0.020000,0.000000,0.008000,0.000000,0.000600,0.008000,0.000000,0.000600,0.006000,0.000000,0.000000,1,1,1,125,235,429671,429671,254955,174716,0,60.00,7466,3148,61,0,0,0,7411,501.00,501.00,4,1819,0.0000,0.5000,0.5000,0.0000,0.5000
2026-04-27T17:52:43.022,2.105,1,-0.70,-0.90,-1.01,0.00,1,-0.0174,0.0896,0.2374,0.0000,-0.0142,0.0000,-25.77,-21.56,59.97,59.85,126,126,1.00000,1.00000,1.00000,1.00000,3,3,1,25.13902,0.00262,1.09835,0.0174,-0.0896,0.0626,0.0000,-0.0142,0.0000,25.77,-6.35,174.19,1,1,0.0000,0.0000,0.3000,0.00,0.8200,0.3500,0.9200,6.00,180.00,0.850000,0.000000,0.000000,1.100000,0.000000,0.000000,1.200000,0.000000,0.000000,1.350000,0.000000,0.000000,0.850000,0.020000,0.000000,0.008000,0.000000,0.000600,0.008000,0.000000,0.000600,0.006000,0.000000,0.000000,1,1,1,126,235,429671,429671,254955,174716,0,60.00,7466,3148,61,0,0,0,7411,501.00,501.00,4,1819,0.0000,0.5000,0.5000,0.0000,0.5000
2026-04-27T17:52:43.037,2.120,1,-0.70,-0.90,-1.01,0.00,1,-0.0171,0.0899,0.2373,0.0000,-0.0193,0.0000,-25.37,-24.77,59.89,60.09,127,127,1.00000,1.00000,1.00000,1.00000,3,3,1,25.12916,0.00271,1.10064,0.0171,-0.0899,0.0627,0.0000,-0.0193,0.0000,25.37,-6.52,174.18,1,1,0.0000,0.0000,0.3000,0.00,0.8200,0.3500,0.9200,6.00,180.00,0.850000,0.000000,0.000000,1.100000,0.000000,0.000000,1.200000,0.000000,0.000000,1.350000,0.000000,0.000000,0.850000,0.020000,0.000000,0.008000,0.000000,0.000600,0.008000,0.000000,0.000600,0.006000,0.000000,0.000000,1,1,1,127,235,429671,429671,254955,174716,0,60.00,7466,3148,61,0,0,0,7411,501.00,501.00,4,1819,0.0000,0.5000,0.5000,0.0000,0.5000
2026-04-27T17:52:43.055,2.138,1,-0.70,-0.90,-1.01,0.00,1,-0.0168,0.0902,0.2375,-0.0121,-0.0147,0.0000,-24.97,-23.11,70.69,59.79,128,128,1.00000,1.00000,1.00000,1.00000,3,3,1,25.03527,0.00277,1.10354,0.0168,-0.0902,0.0625,-0.0121,-0.0147,0.0000,24.97,-6.82,174.16,1,1,0.0000,0.0000,0.3000,0.00,0.8200,0.3500,0.9200,6.00,180.00,0.850000,0.000000,0.000000,1.100000,0.000000,0.000000,1.200000,0.000000,0.000000,1.350000,0.000000,0.000000,0.850000,0.020000,0.000000,0.008000,0.000000,0.000600,0.008000,0.000000,0.000600,0.006000,0.000000,0.000000,1,1,1,128,240,429671,429671,254955,174716,0,60.00,7466,3148,61,0,0,0,7411,501.00,501.00,4,1819,0.0000,0.5000,0.5000,0.0000,0.5000
2026-04-27T17:52:43.072,2.155,1,-0.70,-0.90,-1.01,0.00,1,-0.0166,0.0906,0.2376,0.0000,-0.0207,0.0000,-24.57,-23.89,53.95,59.57,129,129,1.00000,1.00000,1.00000,1.00000,3,3,1,25.10371,0.00296,1.10153,0.0166,-0.0906,0.0624,0.0000,-0.0207,0.0000,24.57,-7.38,174.36,1,1,0.0000,0.0000,0.3000,0.00,0.8200,0.3500,0.9200,6.00,180.00,0.850000,0.000000,0.000000,1.100000,0.000000,0.000000,1.200000,0.000000,0.000000,1.350000,0.000000,0.000000,0.850000,0.020000,0.000000,0.008000,0.000000,0.000600,0.008000,0.000000,0.000600,0.006000,0.000000,0.000000,1,1,1,129,236,429671,429671,254955,174716,0,60.00,7466,3148,61,0,0,0,7411,501.00,501.00,4,1819,0.0000,0.5000,0.5000,0.0000,0.5000
2026-04-27T17:52:43.088,2.171,1,-0.80,-0.80,-0.96,0.00,1,-0.0165,0.0909,0.2376,-0.0105,-0.0179,0.0000,-24.08,-31.37,57.09,60.47,130,130,1.00000,1.00000,1.00000,1.00000,3,3,1,25.14095,0.00304,1.10207,0.0165,-0.0909,0.0624,-0.0105,-0.0179,0.0000,24.08,-7.74,174.43,1,1,0.0000,0.0000,0.3000,0.00,0.8200,0.3500,0.9200,6.00,180.00,0.850000,0.000000,0.000000,1.100000,0.000000,0.000000,1.200000,0.000000,0.000000,1.350000,0.000000,0.000000,0.850000,0.020000,0.000000,0.008000,0.000000,0.000600,0.008000,0.000000,0.000600,0.006000,0.000000,0.000000,1,1,1,130,241,429671,429671,254955,174716,0,60.00,7466,3148,61,0,0,0,7411,501.00,501.00,4,1819,0.0000,0.5000,0.5000,0.0000,0.5000
2026-04-27T17:52:43.105,2.188,1,-0.80,-0.80,-0.96,0.00,1,-0.0162,0.0911,0.2380,-0.0115,-0.0166,-0.0148,-23.68,-22.89,62.68,60.25,131,131,1.00000,1.00000,1.00000,1.00000,3,3,1,25.13292,0.00302,1.10186,0.0162,-0.0911,0.0620,-0.0115,-0.0166,-0.0148,23.68,-8.19,174.53,1,1,0.0000,0.0000,0.3000,0.00,0.8200,0.3500,0.9200,6.00,180.00,0.850000,0.000000,0.000000,1.100000,0.000000,0.000000,1.200000,0.000000,0.000000,1.350000,0.000000,0.000000,0.850000,0.020000,0.000000,0.008000,0.000000,0.000600,0.008000,0.000000,0.000600,0.006000,0.000000,0.000000,1,1,1,131,246,429671,429671,254955,174716,0,60.00,7466,3148,61,0,0,0,7411,501.00,501.00,4,1819,0.0000,0.5000,0.5000,0.0000,0.5000
2026-04-27T17:52:43.121,2.204,1,-0.80,-0.80,-0.96,0.00,1,-0.0168,0.0911,0.2376,0.0127,0.0000,0.0000,-23.22,-26.36,58.32,59.96,132,132,1.00000,1.00000,1.00000,1.00000,3,3,1,25.14397,0.00283,1.09951,0.0168,-0.0911,0.0624,0.0127,0.0000,0.0000,23.22,-7.63,174.62,1,1,0.0000,0.0000,0.3000,0.00,0.8200,0.3500,0.9200,6.00,180.00,0.850000,0.000000,0.000000,1.100000,0.000000,0.000000,1.200000,0.000000,0.000000,1.350000,0.000000,0.000000,0.850000,0.020000,0.000000,0.008000,0.000000,0.000600,0.008000,0.000000,0.000600,0.006000,0.000000,0.000000,1,1,1,132,235,429671,429671,254955,174716,0,60.00,7466,3148,61,0,0,0,7411,501.00,501.00,4,1819,0.0000,0.5000,0.5000,0.0000,0.5000
2026-04-27T17:52:43.137,2.220,1,-0.80,-0.80,-0.96,0.00,1,-0.0169,0.0910,0.2374,0.0000,0.0000,0.0000,-22.80,-27.62,60.80,59.98,133,133,1.00000,1.00000,1.00000,1.00000,3,3,1,25.15428,0.00278,1.10093,0.0169,-0.0910,0.0626,0.0000,0.0000,0.0000,22.80,-7.31,174.58,1,1,0.0000,0.0000,0.3000,0.00,0.8200,0.3500,0.9200,6.00,180.00,0.850000,0.000000,0.000000,1.100000,0.000000,0.000000,1.200000,0.000000,0.000000,1.350000,0.000000,0.000000,0.850000,0.020000,0.000000,0.008000,0.000000,0.000600,0.008000,0.000000,0.000600,0.006000,0.000000,0.000000,1,1,1,133,230,429671,429671,254955,174716,0,60.00,7466,3148,61,0,0,0,7411,501.00,501.00,4,1819,0.0000,0.5000,0.5000,0.0000,0.5000
2026-04-27T17:52:43.155,2.238,1,-0.80,-0.80,-0.96,0.00,1,-0.0169,0.0911,0.2373,0.0000,0.0000,0.0000,-22.23,-32.53,70.41,59.92,134,134,1.00000,1.00000,1.00000,1.00000,3,3,1,25.10364,0.00250,1.09870,0.0169,-0.0911,0.0627,0.0000,0.0000,0.0000,22.23,-7.16,174.62,1,1,0.0000,0.0000,0.3000,0.00,0.8200,0.3500,0.9200,6.00,180.00,0.850000,0.000000,0.000000,1.100000,0.000000,0.000000,1.200000,0.000000,0.000000,1.350000,0.000000,0.000000,0.850000,0.020000,0.000000,0.008000,0.000000,0.000600,0.008000,0.000000,0.000600,0.006000,0.000000,0.000000,1,1,1,134,231,429671,429671,254955,174716,0,60.00,7466,3148,61,0,0,0,7411,501.00,501.00,4,1819,0.0000,0.5000,0.5000,0.0000,0.5000
2026-04-27T17:52:43.171,2.254,1,-0.80,-0.80,-0.96,0.00,1,-0.0172,0.0915,0.2373,0.0115,-0.0158,0.0000,-21.75,-29.71,51.22,60.00,135,135,1.00000,1.00000,1.00000,1.00000,3,3,1,25.14428,0.00245,1.09520,0.0172,-0.0915,0.0627,0.0115,-0.0158,0.0000,21.75,-6.81,174.81,1,1,0.0000,0.0000,0.3000,0.00,0.8200,0.3500,0.9200,6.00,180.00,0.850000,0.000000,0.000000,1.100000,0.000000,0.000000,1.200000,0.000000,0.000000,1.350000,0.000000,0.000000,0.850000,0.020000,0.000000,0.008000,0.000000,0.000600,0.008000,0.000000,0.000600,0.006000,0.000000,0.000000,1,1,1,135,240,429671,429671,254955,174716,0,60.00,7466,3148,61,0,0,0,7411,501.00,501.00,4,1819,0.0000,0.5000,0.5000,0.0000,0.5000
2026-04-27T17:52:43.188,2.271,1,-0.80,-0.80,-0.96,0.00,1,-0.0169,0.0917,0.2376,0.0000,-0.0113,0.0000,-21.04,-41.72,61.66,60.04,136,136,1.00000,1.00000,1.00000,1.00000,3,3,1,25.26079,0.00273,1.09818,0.0169,-0.0917,0.0624,0.0000,-0.0113,0.0000,21.04,-7.02,174.87,1,1,0.0000,0.0000,0.3000,0.00,0.8200,0.3500,0.9200,6.00,180.00,0.850000,0.000000,0.000000,1.100000,0.000000,0.000000,1.200000,0.000000,0.000000,1.350000,0.000000,0.000000,0.850000,0.020000,0.000000,0.008000,0.000000,0.000600,0.008000,0.000000,0.000600,0.006000,0.000000,0.000000,1,1,1,136,236,429671,429671,254955,174716,0,60.00,7466,3148,61,0,0,0,7411,501.00,501.00,4,1819,0.0000,0.5000,0.5000,0.0000,0.5000
2026-04-27T17:52:43.204,2.287,1,-0.80,-0.70,0.00,0.96,1,-0.0164,0.0918,0.2383,-0.0181,0.0000,-0.0226,-20.31,-42.46,58.97,60.05,137,137,1.00000,1.00000,1.00000,1.00000,3,3,1,25.20083,0.00298,1.09907,0.0164,-0.0918,0.0617,-0.0181,0.0000,-0.0226,20.31,-7.75,174.83,1,1,0.0000,0.0000,0.3000,0.00,0.8200,0.3500,0.9200,6.00,180.00,0.850000,0.000000,0.000000,1.100000,0.000000,0.000000,1.200000,0.000000,0.000000,1.350000,0.000000,0.000000,0.850000,0.020000,0.000000,0.008000,0.000000,0.000600,0.008000,0.000000,0.000600,0.006000,0.000000,0.000000,1,1,1,137,241,429671,429671,254955,174716,0,60.00,7466,3148,61,0,0,0,7411,501.00,501.00,4,1819,0.0000,0.5000,0.5000,0.0000,0.5000
2026-04-27T17:52:43.221,2.304,1,-0.80,-0.70,0.00,0.96,1,-0.0161,0.0919,0.2382,-0.0147,0.0000,0.0000,-19.77,-33.84,61.77,58.24,138,138,1.00000,1.00000,1.00000,1.00000,3,3,1,25.25691,0.00295,1.10178,0.0161,-0.0919,0.0618,-0.0147,0.0000,0.0000,19.77,-8.03,174.69,1,1,0.0000,0.0000,0.3000,0.00,0.8200,0.3500,0.9200,6.00,180.00,0.850000,0.000000,0.000000,1.100000,0.000000,0.000000,1.200000,0.000000,0.000000,1.350000,0.000000,0.000000,0.850000,0.020000,0.000000,0.008000,0.000000,0.000600,0.008000,0.000000,0.000600,0.006000,0.000000,0.000000,1,1,1,138,236,429671,429671,254955,174716,0,60.00,7466,3148,61,0,0,0,7411,501.00,501.00,4,1819,0.0000,0.5000,0.5000,0.0000,0.5000
2026-04-27T17:52:43.238,2.321,1,-0.80,-0.70,0.00,0.96,1,-0.0162,0.0920,0.2379,0.0000,0.0000,0.0000,-19.32,-26.72,58.91,61.92,139,139,1.00000,1.00000,1.00000,1.00000,3,3,1,25.24247,0.00288,1.10183,0.0162,-0.0920,0.0621,0.0000,0.0000,0.0000,19.32,-7.85,174.80,1,1,0.0000,0.0000,0.3000,0.00,0.8200,0.3500,0.9200,6.00,180.00,0.850000,0.000000,0.000000,1.100000,0.000000,0.000000,1.200000,0.000000,0.000000,1.350000,0.000000,0.000000,0.850000,0.020000,0.000000,0.008000,0.000000,0.000600,0.008000,0.000000,0.000600,0.006000,0.000000,0.000000,1,1,1,139,230,429671,429671,254955,174716,0,60.00,7466,3148,61,0,0,0,7411,501.00,501.00,4,1819,0.0000,0.5000,0.5000,0.0000,0.5000
2026-04-27T17:52:43.251,2.334,1,-0.80,-0.70,0.00,0.96,1,-0.0162,0.0923,0.2378,0.0000,-0.0152,0.0000,-18.94,-27.62,59.43,59.96,140,140,1.00000,1.00000,1.00000,1.00000,3,3,1,25.23521,0.00261,1.09981,0.0162,-0.0923,0.0622,0.0000,-0.0152,0.0000,18.94,-7.97,174.94,1,1,0.0000,0.0000,0.3000,0.00,0.8200,0.3500,0.9200,6.00,180.00,0.850000,0.000000,0.000000,1.100000,0.000000,0.000000,1.200000,0.000000,0.000000,1.350000,0.000000,0.000000,0.850000,0.020000,0.000000,0.008000,0.000000,0.000600,0.008000,0.000000,0.000600,0.006000,0.000000,0.000000,1,1,1,140,236,429671,429671,254955,174716,0,60.00,7466,3148,61,0,0,0,7411,501.00,501.00,4,1819,0.0000,0.5000,0.5000,0.0000,0.5000
2026-04-27T17:52:43.269,2.352,1,-0.80,-0.70,0.00,0.96,1,-0.0159,0.0927,0.2377,-0.0119,-0.0172,0.0000,-18.53,-22.77,85.08,61.07,141,141,1.00000,1.00000,1.00000,1.00000,3,3,1,25.20194,0.00299,1.10019,0.0159,-0.0927,0.0623,-0.0119,-0.0172,0.0000,18.53,-8.19,175.07,1,1,0.0000,0.0000,0.3000,0.00,0.8200,0.3500,0.9200,6.00,180.00,0.850000,0.000000,0.000000,1.100000,0.000000,0.000000,1.200000,0.000000,0.000000,1.350000,0.000000,0.000000,0.850000,0.020000,0.000000,0.008000,0.000000,0.000600,0.008000,0.000000,0.000600,0.006000,0.000000,0.000000,1,1,1,141,241,429671,429671,254955,174716,0,60.00,7466,3148,61,0,0,0,7411,501.00,501.00,4,1819,0.0000,0.5000,0.5000,0.0000,0.5000
2026-04-27T17:52:43.288,2.371,1,-0.80,-0.70,0.00,0.96,1,-0.0156,0.0929,0.2378,-0.0151,-0.0143,0.0000,-18.33,-10.92,55.54,58.69,142,142,1.00000,1.00000,1.00000,1.00000,3,3,1,25.21618,0.00302,1.09918,0.0156,-0.0929,0.0622,-0.0151,-0.0143,0.0000,18.33,-8.63,175.17,1,1,0.0000,0.0000,0.3000,0.00,0.8200,0.3500,0.9200,6.00,180.00,0.850000,0.000000,0.000000,1.100000,0.000000,0.000000,1.200000,0.000000,0.000000,1.350000,0.000000,0.000000,0.850000,0.020000,0.000000,0.008000,0.000000,0.000600,0.008000,0.000000,0.000600,0.006000,0.000000,0.000000,1,1,1,142,241,429671,429671,254955,174716,0,60.00,7466,3148,61,0,0,0,7411,501.00,501.00,4,1819,0.0000,0.5000,0.5000,0.0000,0.5000
2026-04-27T17:52:43.305,2.388,1,-0.80,-0.70,0.00,0.96,1,-0.0157,0.0929,0.2378,0.0000,0.0000,0.0000,-18.10,-15.51,51.77,58.73,143,143,1.00000,1.00000,1.00000,1.00000,3,3,1,25.17589,0.00280,1.09663,0.0157,-0.0929,0.0622,0.0000,0.0000,0.0000,18.10,-8.57,175.34,1,1,0.0000,0.0000,0.3000,0.00,0.8200,0.3500,0.9200,6.00,180.00,0.850000,0.000000,0.000000,1.100000,0.000000,0.000000,1.200000,0.000000,0.000000,1.350000,0.000000,0.000000,0.850000,0.020000,0.000000,0.008000,0.000000,0.000600,0.008000,0.000000,0.000600,0.006000,0.000000,0.000000,1,1,1,143,230,429671,429671,254955,174716,0,60.00,7466,3148,61,0,0,0,7411,501.00,501.00,4,1819,0.0000,0.5000,0.5000,0.0000,0.5000
2026-04-27T17:52:43.321,2.404,1,-0.80,-0.70,0.00,0.96,1,-0.0156,0.0928,0.2380,0.0000,0.0000,0.0000,-17.91,-10.49,59.97,61.57,144,144,1.00000,1.00000,1.00000,1.00000,3,3,1,25.17461,0.00275,1.09623,0.0156,-0.0928,0.0620,0.0000,0.0000,0.0000,17.91,-8.63,175.41,1,1,0.0000,0.0000,0.3000,0.00,0.8200,0.3500,0.9200,6.00,180.00,0.850000,0.000000,0.000000,1.100000,0.000000,0.000000,1.200000,0.000000,0.000000,1.350000,0.000000,0.000000,0.850000,0.020000,0.000000,0.008000,0.000000,0.000600,0.008000,0.000000,0.000600,0.006000,0.000000,0.000000,1,1,1,144,231,429671,429671,254955,174716,0,60.00,7466,3148,61,0,0,0,7411,501.00,501.00,4,1819,0.0000,0.5000,0.5000,0.0000,0.5000
2026-04-27T17:52:43.338,2.421,1,-0.80,-0.70,0.00,0.96,1,-0.0159,0.0930,0.2382,0.0000,0.0000,0.0000,-17.70,-12.05,57.87,60.23,145,145,1.00000,1.00000,1.00000,1.00000,3,3,1,25.21859,0.00257,1.08921,0.0159,-0.0930,0.0618,0.0000,0.0000,0.0000,17.70,-8.67,175.64,1,1,0.0000,0.0000,0.3000,0.00,0.8200,0.3500,0.9200,6.00,180.00,0.850000,0.000000,0.000000,1.100000,0.000000,0.000000,1.200000,0.000000,0.000000,1.350000,0.000000,0.000000,0.850000,0.020000,0.000000,0.008000,0.000000,0.000600,0.008000,0.000000,0.000600,0.006000,0.000000,0.000000,1,1,1,145,230,429671,429671,254955,174716,0,60.00,7466,3148,61,0,0,0,7411,501.00,501.00,4,1819,0.0000,0.5000,0.5000,0.0000,0.5000
2026-04-27T17:52:43.354,2.437,1,-0.90,-0.60,-1.01,1.01,1,-0.0159,0.0929,0.2381,0.0000,0.0000,0.0000,-17.29,-24.97,64.84,59.61,146,146,1.00000,1.00000,1.00000,1.00000,3,3,1,25.23228,0.00301,1.09330,0.0159,-0.0929,0.0619,0.0000,0.0000,0.0000,17.29,-8.53,175.64,1,1,0.0000,0.0000,0.3000,0.00,0.8200,0.3500,0.9200,6.00,180.00,0.850000,0.000000,0.000000,1.100000,0.000000,0.000000,1.200000,0.000000,0.000000,1.350000,0.000000,0.000000,0.850000,0.020000,0.000000,0.008000,0.000000,0.000600,0.008000,0.000000,0.000600,0.006000,0.000000,0.000000,1,1,1,146,231,429671,429671,254955,174716,0,60.00,7466,3148,61,0,0,0,7411,501.00,501.00,4,1819,0.0000,0.5000,0.5000,0.0000,0.5000
2026-04-27T17:52:43.371,2.454,1,-0.90,-0.60,-1.01,1.01,1,-0.0161,0.0928,0.2380,0.0000,0.0000,0.0000,-16.86,-25.14,57.40,60.14,147,147,1.00000,1.00000,1.00000,1.00000,3,3,1,25.29696,0.00279,1.09046,0.0161,-0.0928,0.0620,0.0000,0.0000,0.0000,16.86,-8.19,175.59,1,1,0.0000,0.0000,0.3000,0.00,0.8200,0.3500,0.9200,6.00,180.00,0.850000,0.000000,0.000000,1.100000,0.000000,0.000000,1.200000,0.000000,0.000000,1.350000,0.000000,0.000000,0.850000,0.020000,0.000000,0.008000,0.000000,0.000600,0.008000,0.000000,0.000600,0.006000,0.000000,0.000000,1,1,1,147,231,429671,429671,254955,174716,0,60.00,7466,3148,61,0,0,0,7411,501.00,501.00,4,1819,0.0000,0.5000,0.5000,0.0000,0.5000
2026-04-27T17:52:43.388,2.471,1,-0.90,-0.60,-1.01,1.01,1,-0.0159,0.0928,0.2380,0.0000,0.0000,0.0000,-16.41,-28.10,57.73,60.09,148,148,1.00000,1.00000,1.00000,1.00000,3,3,1,25.27032,0.00267,1.09017,0.0159,-0.0928,0.0620,0.0000,0.0000,0.0000,16.41,-8.14,175.61,1,1,0.0000,0.0000,0.3000,0.00,0.8200,0.3500,0.9200,6.00,180.00,0.850000,0.000000,0.000000,1.100000,0.000000,0.000000,1.200000,0.000000,0.000000,1.350000,0.000000,0.000000,0.850000,0.020000,0.000000,0.008000,0.000000,0.000600,0.008000,0.000000,0.000600,0.006000,0.000000,0.000000,1,1,1,148,231,429671,429671,254955,174716,0,60.00,7466,3148,61,0,0,0,7411,501.00,501.00,4,1819,0.0000,0.5000,0.5000,0.0000,0.5000
2026-04-27T17:52:43.405,2.488,1,-0.90,-0.60,0.00,0.00,1,-0.0161,0.0927,0.2376,0.0000,0.0000,0.0131,-15.92,-29.26,59.52,59.87,149,149,1.00000,1.00000,1.00000,1.00000,3,3,1,25.30730,0.00248,1.08825,0.0161,-0.0927,0.0624,0.0000,0.0000,0.0131,15.92,-7.71,175.67,1,1,0.0000,0.0000,0.3000,0.00,0.8200,0.3500,0.9200,6.00,180.00,0.850000,0.000000,0.000000,1.100000,0.000000,0.000000,1.200000,0.000000,0.000000,1.350000,0.000000,0.000000,0.850000,0.020000,0.000000,0.008000,0.000000,0.000600,0.008000,0.000000,0.000600,0.006000,0.000000,0.000000,1,1,1,149,235,429671,429671,254955,174716,0,60.00,7466,3148,61,0,0,0,7411,501.00,501.00,4,1819,0.0000,0.5000,0.5000,0.0000,0.5000
2026-04-27T17:52:43.422,2.505,1,-0.90,-0.60,0.00,0.00,1,-0.0159,0.0925,0.2376,0.0000,0.0000,0.0000,-15.39,-31.25,63.52,59.94,150,150,1.00000,1.00000,1.00000,1.00000,3,3,1,25.31759,0.00259,1.08868,0.0159,-0.0925,0.0624,0.0000,0.0000,0.0000,15.39,-7.53,175.59,1,1,0.0000,0.0000,0.3000,0.00,0.8200,0.3500,0.9200,6.00,180.00,0.850000,0.000000,0.000000,1.100000,0.000000,0.000000,1.200000,0.000000,0.000000,1.350000,0.000000,0.000000,0.850000,0.020000,0.000000,0.008000,0.000000,0.000600,0.008000,0.000000,0.000600,0.006000,0.000000,0.000000,1,1,1,150,231,429671,429671,254955,174716,0,60.00,7466,3148,61,0,0,0,7411,501.00,501.00,4,1819,0.0000,0.5000,0.5000,0.0000,0.5000
2026-04-27T17:52:43.438,2.521,1,-0.90,-0.60,0.00,0.00,1,-0.0156,0.0926,0.2376,-0.0111,0.0000,0.0000,-14.88,-31.27,58.95,60.13,151,151,1.00000,1.00000,1.00000,1.00000,3,3,1,25.33167,0.00261,1.09153,0.0156,-0.0926,0.0624,-0.0111,0.0000,0.0000,14.88,-7.62,175.62,1,1,0.0000,0.0000,0.3000,0.00,0.8200,0.3500,0.9200,6.00,180.00,0.850000,0.000000,0.000000,1.100000,0.000000,0.000000,1.200000,0.000000,0.000000,1.350000,0.000000,0.000000,0.850000,0.020000,0.000000,0.008000,0.000000,0.000600,0.008000,0.000000,0.000600,0.006000,0.000000,0.000000,1,1,1,151,236,429671,429671,254955,174716,0,60.00,7466,3148,61,0,0,0,7411,501.00,501.00,4,1819,0.0000,0.5000,0.5000,0.0000,0.5000
2026-04-27T17:52:43.454,2.537,1,-0.90,-0.60,0.00,0.00,1,-0.0153,0.0925,0.2382,-0.0145,0.0000,-0.0180,-14.32,-32.96,57.76,59.99,152,152,1.00000,1.00000,1.00000,1.00000,3,3,1,25.29451,0.00265,1.08961,0.0153,-0.0925,0.0618,-0.0145,0.0000,-0.0180,14.32,-8.17,175.83,1,1,0.0000,0.0000,0.3000,0.00,0.8200,0.3500,0.9200,6.00,180.00,0.850000,0.000000,0.000000,1.100000,0.000000,0.000000,1.200000,0.000000,0.000000,1.350000,0.000000,0.000000,0.850000,0.020000,0.000000,0.008000,0.000000,0.000600,0.008000,0.000000,0.000600,0.006000,0.000000,0.000000,1,1,1,152,241,429671,429671,254955,174716,0,60.00,7466,3148,61,0,0,0,7411,501.00,501.00,4,1819,0.0000,0.5000,0.5000,0.0000,0.5000
2026-04-27T17:52:43.472,2.555,1,-0.90,-0.60,0.00,0.00,1,-0.0149,0.0923,0.2382,-0.0170,0.0000,0.0000,-13.68,-38.85,61.34,59.89,153,153,1.00000,1.00000,1.00000,1.00000,3,3,1,25.28644,0.00279,1.09496,0.0149,-0.0923,0.0618,-0.0170,0.0000,0.0000,13.68,-8.45,175.64,1,1,0.0000,0.0000,0.3000,0.00,0.8200,0.3500,0.9200,6.00,180.00,0.850000,0.000000,0.000000,1.100000,0.000000,0.000000,1.200000,0.000000,0.000000,1.350000,0.000000,0.000000,0.850000,0.020000,0.000000,0.008000,0.000000,0.000600,0.008000,0.000000,0.000600,0.006000,0.000000,0.000000,1,1,1,153,236,429671,429671,254955,174716,0,60.00,7466,3148,61,0,0,0,7411,501.00,501.00,4,1819,0.0000,0.5000,0.5000,0.0000,0.5000
2026-04-27T17:52:43.489,2.572,1,-0.90,-0.60,0.00,0.00,1,-0.0147,0.0924,0.2382,-0.0161,0.0000,0.0000,-13.14,-31.89,61.73,59.91,154,154,1.00000,1.00000,1.00000,1.00000,3,3,1,25.32654,0.00293,1.09326,0.0147,-0.0924,0.0618,-0.0161,0.0000,0.0000,13.14,-8.59,175.59,1,1,0.0000,0.0000,0.3000,0.00,0.8200,0.3500,0.9200,6.00,180.00,0.850000,0.000000,0.000000,1.100000,0.000000,0.000000,1.200000,0.000000,0.000000,1.350000,0.000000,0.000000,0.850000,0.020000,0.000000,0.008000,0.000000,0.000600,0.008000,0.000000,0.000600,0.006000,0.000000,0.000000,1,1,1,154,236,429671,429671,254955,174716,0,60.00,7466,3148,61,0,0,0,7411,501.00,501.00,4,1819,0.0000,0.5000,0.5000,0.0000,0.5000
2026-04-27T17:52:43.505,2.588,1,-1.00,-0.50,-0.95,0.95,1,-0.0149,0.0925,0.2381,0.0000,0.0000,0.0000,-12.61,-32.64,59.21,59.93,155,155,1.00000,1.00000,1.00000,1.00000,3,3,1,25.33627,0.00277,1.08850,0.0149,-0.0925,0.0619,0.0000,0.0000,0.0000,12.61,-8.32,175.81,1,1,0.0000,0.0000,0.3000,0.00,0.8200,0.3500,0.9200,6.00,180.00,0.850000,0.000000,0.000000,1.100000,0.000000,0.000000,1.200000,0.000000,0.000000,1.350000,0.000000,0.000000,0.850000,0.020000,0.000000,0.008000,0.000000,0.000600,0.008000,0.000000,0.000600,0.006000,0.000000,0.000000,1,1,1,155,231,429671,429671,254955,174716,0,60.00,7466,3148,61,0,0,0,7411,501.00,501.00,4,1819,0.0000,0.5000,0.5000,0.0000,0.5000
2026-04-27T17:52:43.522,2.605,1,-1.00,-0.50,-0.95,0.95,1,-0.0146,0.0926,0.2379,-0.0104,0.0000,0.0000,-12.09,-30.79,58.48,60.05,156,156,1.00000,1.00000,1.00000,1.00000,3,3,1,25.29374,0.00299,1.08983,0.0146,-0.0926,0.0621,-0.0104,0.0000,0.0000,12.09,-8.33,175.91,1,1,0.0000,0.0000,0.3000,0.00,0.8200,0.3500,0.9200,6.00,180.00,0.850000,0.000000,0.000000,1.100000,0.000000,0.000000,1.200000,0.000000,0.000000,1.350000,0.000000,0.000000,0.850000,0.020000,0.000000,0.008000,0.000000,0.000600,0.008000,0.000000,0.000600,0.006000,0.000000,0.000000,1,1,1,156,235,429671,429671,254955,174716,0,60.00,7466,3148,61,0,0,0,7411,501.00,501.00,4,1819,0.0000,0.5000,0.5000,0.0000,0.5000
2026-04-27T17:52:43.538,2.621,1,-1.00,-0.50,-0.95,0.95,1,-0.0144,0.0926,0.2381,-0.0107,0.0000,0.0000,-11.63,-27.95,58.71,60.32,157,157,1.00000,1.00000,1.00000,1.00000,3,3,1,25.29062,0.00290,1.09037,0.0144,-0.0926,0.0619,-0.0107,0.0000,0.0000,11.63,-8.49,176.13,1,1,0.0000,0.0000,0.3000,0.00,0.8200,0.3500,0.9200,6.00,180.00,0.850000,0.000000,0.000000,1.100000,0.000000,0.000000,1.200000,0.000000,0.000000,1.350000,0.000000,0.000000,0.850000,0.020000,0.000000,0.008000,0.000000,0.000600,0.008000,0.000000,0.000600,0.006000,0.000000,0.000000,1,1,1,157,236,429671,429671,254955,174716,0,60.00,7466,3148,61,0,0,0,7411,501.00,501.00,4,1819,0.0000,0.5000,0.5000,0.0000,0.5000
2026-04-27T17:52:43.555,2.638,1,-1.00,-0.50,-0.95,0.95,1,-0.0146,0.0922,0.2379,0.0000,0.0131,0.0000,-11.16,-28.21,61.39,59.99,158,158,1.00000,1.00000,1.00000,1.00000,3,3,1,25.27287,0.00280,1.09083,0.0146,-0.0922,0.0621,0.0000,0.0131,0.0000,11.16,-8.14,175.90,1,1,0.0000,0.0000,0.3000,0.00,0.8200,0.3500,0.9200,6.00,180.00,0.850000,0.000000,0.000000,1.100000,0.000000,0.000000,1.200000,0.000000,0.000000,1.350000,0.000000,0.000000,0.850000,0.020000,0.000000,0.008000,0.000000,0.000600,0.008000,0.000000,0.000600,0.006000,0.000000,0.000000,1,1,1,158,234,429671,429671,254955,174716,0,60.00,7466,3148,61,0,0,0,7411,501.00,501.00,4,1819,0.0000,0.5000,0.5000,0.0000,0.5000
2026-04-27T17:52:43.572,2.655,1,-1.00,-0.50,-0.95,0.95,1,-0.0144,0.0918,0.2379,0.0000,0.0172,0.0000,-10.71,-27.01,59.43,60.05,159,159,1.00000,1.00000,1.00000,1.00000,3,3,1,25.35853,0.00294,1.09148,0.0144,-0.0918,0.0621,0.0000,0.0172,0.0000,10.71,-7.98,175.63,1,1,0.0000,0.0000,0.3000,0.00,0.8200,0.3500,0.9200,6.00,180.00,0.850000,0.000000,0.000000,1.100000,0.000000,0.000000,1.200000,0.000000,0.000000,1.350000,0.000000,0.000000,0.850000,0.020000,0.000000,0.008000,0.000000,0.000600,0.008000,0.000000,0.000600,0.006000,0.000000,0.000000,1,1,1,159,235,429671,429671,254955,174716,0,60.00,7466,3148,61,0,0,0,7411,501.00,501.00,4,1819,0.0000,0.5000,0.5000,0.0000,0.5000
2026-04-27T17:52:43.583,2.666,1,-1.00,-0.50,-0.95,0.95,1,-0.0146,0.0916,0.2374,0.0000,0.0135,0.0189,-10.45,-20.72,60.04,60.05,160,160,1.00000,1.00000,1.00000,1.00000,3,3,1,25.34283,0.00284,1.08979,0.0146,-0.0916,0.0626,0.0000,0.0135,0.0189,10.45,-7.58,175.36,1,1,0.0000,0.0000,0.3000,0.00,0.8200,0.3500,0.9200,6.00,180.00,0.850000,0.000000,0.000000,1.100000,0.000000,0.000000,1.200000,0.000000,0.000000,1.350000,0.000000,0.000000,0.850000,0.020000,0.000000,0.008000,0.000000,0.000600,0.008000,0.000000,0.000600,0.006000,0.000000,0.000000,1,1,1,160,239,429671,429671,254955,174716,0,60.00,7466,3148,61,0,0,0,7411,501.00,501.00,4,1819,0.0000,0.5000,0.5000,0.0000,0.5000
2026-04-27T17:52:43.604,2.687,1,-0.30,-1.40,6.79,-8.73,1,-0.0148,0.0914,0.2369,0.0000,0.0146,0.0237,-10.17,-13.20,94.82,62.43,161,161,1.00000,1.00000,1.00000,1.00000,3,3,1,25.34087,0.00280,1.09092,0.0148,-0.0914,0.0631,0.0000,0.0146,0.0237,10.17,-7.17,175.15,1,1,0.0000,0.0000,0.3000,0.00,0.8200,0.3500,0.9200,6.00,180.00,0.850000,0.000000,0.000000,1.100000,0.000000,0.000000,1.200000,0.000000,0.000000,1.350000,0.000000,0.000000,0.850000,0.020000,0.000000,0.008000,0.000000,0.000600,0.008000,0.000000,0.000600,0.006000,0.000000,0.000000,1,1,1,161,239,429671,429671,254955,174716,0,60.00,7466,3148,61,0,0,0,7411,501.00,501.00,4,1819,0.0000,0.5000,0.5000,0.0000,0.5000
2026-04-27T17:52:43.621,2.704,1,-0.30,-1.40,6.79,-8.73,1,-0.0150,0.0913,0.2368,0.0000,0.0000,0.0140,-9.95,-13.48,44.47,60.86,162,162,1.00000,1.00000,1.00000,1.00000,3,3,1,25.34780,0.00290,1.08958,0.0150,-0.0913,0.0632,0.0000,0.0000,0.0140,9.95,-7.11,175.08,1,1,0.0000,0.0000,0.3000,0.00,0.8200,0.3500,0.9200,6.00,180.00,0.850000,0.000000,0.000000,1.100000,0.000000,0.000000,1.200000,0.000000,0.000000,1.350000,0.000000,0.000000,0.850000,0.020000,0.000000,0.008000,0.000000,0.000600,0.008000,0.000000,0.000600,0.006000,0.000000,0.000000,1,1,1,162,234,429671,429671,254955,174716,0,60.00,7466,3148,61,0,0,0,7411,501.00,501.00,4,1819,0.0000,0.5000,0.5000,0.0000,0.5000
2026-04-27T17:52:43.634,2.717,1,-0.30,-1.40,6.79,-8.73,1,-0.0154,0.0913,0.2363,0.0183,0.0000,0.0265,-9.73,-16.40,66.52,65.00,163,163,1.00000,1.00000,1.00000,1.00000,3,3,1,25.37328,0.00284,1.08440,0.0154,-0.0913,0.0637,0.0183,0.0000,0.0265,9.73,-6.70,175.19,1,1,0.0000,0.0000,0.3000,0.00,0.8200,0.3500,0.9200,6.00,180.00,0.850000,0.000000,0.000000,1.100000,0.000000,0.000000,1.200000,0.000000,0.000000,1.350000,0.000000,0.000000,0.850000,0.020000,0.000000,0.008000,0.000000,0.000600,0.008000,0.000000,0.000600,0.006000,0.000000,0.000000,1,1,1,163,237,429671,429671,254955,174716,0,60.00,7466,3148,61,0,0,0,7411,501.00,501.00,4,1819,0.0000,0.5000,0.5000,0.0000,0.5000
2026-04-27T17:52:43.655,2.738,1,-0.30,-1.40,6.79,-8.73,1,-0.0153,0.0917,0.2354,0.0000,0.0000,0.0350,-9.51,-11.69,74.52,53.04,164,164,1.00000,1.00000,1.00000,1.00000,3,3,1,25.39043,0.00270,1.07800,0.0153,-0.0917,0.0646,0.0000,0.0000,0.0350,9.51,-7.06,175.34,1,1,0.0000,0.0000,0.3000,0.00,0.8200,0.3500,0.9200,6.00,180.00,0.850000,0.000000,0.000000,1.100000,0.000000,0.000000,1.200000,0.000000,0.000000,1.350000,0.000000,0.000000,0.850000,0.020000,0.000000,0.008000,0.000000,0.000600,0.008000,0.000000,0.000600,0.006000,0.000000,0.000000,1,1,1,164,234,429671,429671,254955,174716,0,60.00,7466,3148,61,0,0,0,7411,501.00,501.00,4,1819,0.0000,0.5000,0.5000,0.0000,0.5000
2026-04-27T17:52:43.671,2.754,1,-0.30,-1.40,6.79,-8.73,1,-0.0156,0.0916,0.2339,0.0125,0.0000,0.0671,-9.45,-3.39,48.03,63.72,165,165,1.00000,1.00000,1.00000,1.00000,3,3,1,25.35154,0.00284,1.08216,0.0156,-0.0916,0.0661,0.0125,0.0000,0.0671,9.45,-7.13,175.08,1,1,0.0000,0.0000,0.3000,0.00,0.8200,0.3500,0.9200,6.00,180.00,0.850000,0.000000,0.000000,1.100000,0.000000,0.000000,1.200000,0.000000,0.000000,1.350000,0.000000,0.000000,0.850000,0.020000,0.000000,0.008000,0.000000,0.000600,0.008000,0.000000,0.000600,0.006000,0.000000,0.000000,1,1,1,165,238,429671,429671,254955,174716,0,60.00,7466,3148,61,0,0,0,7411,501.00,501.00,4,1819,0.0000,0.5000,0.5000,0.0000,0.5000
2026-04-27T17:52:43.687,2.770,1,-0.30,-1.40,6.79,-8.73,1,-0.0156,0.0915,0.2325,0.0000,0.0000,0.0702,-9.30,-9.01,56.50,60.09,166,166,1.00000,1.00000,1.00000,1.00000,3,3,1,25.35641,0.00285,1.08198,0.0156,-0.0915,0.0675,0.0000,0.0000,0.0702,9.30,-7.23,175.12,1,1,0.0000,0.0000,0.3000,0.00,0.8200,0.3500,0.9200,6.00,180.00,0.850000,0.000000,0.000000,1.100000,0.000000,0.000000,1.200000,0.000000,0.000000,1.350000,0.000000,0.000000,0.850000,0.020000,0.000000,0.008000,0.000000,0.000600,0.008000,0.000000,0.000600,0.006000,0.000000,0.000000,1,1,1,166,232,429671,429671,254955,174716,0,60.00,7466,3148,61,0,0,0,7411,501.00,501.00,4,1819,0.0000,0.5000,0.5000,0.0000,0.5000
2026-04-27T17:52:43.704,2.787,1,0.40,-2.30,6.86,-8.91,1,-0.0161,0.0914,0.2302,0.0205,0.0000,0.1033,-9.24,-3.66,60.10,55.16,167,167,1.00000,1.00000,1.00000,1.00000,3,3,1,25.41610,0.00284,1.08579,0.0161,-0.0914,0.0698,0.0205,0.0000,0.1033,9.24,-6.97,174.98,1,1,0.0000,0.0000,0.3000,0.00,0.8200,0.3500,0.9200,6.00,180.00,0.850000,0.000000,0.000000,1.100000,0.000000,0.000000,1.200000,0.000000,0.000000,1.350000,0.000000,0.000000,0.850000,0.020000,0.000000,0.008000,0.000000,0.000600,0.008000,0.000000,0.000600,0.006000,0.000000,0.000000,1,1,1,167,237,429671,429671,254955,174716,0,60.00,7466,3148,61,0,0,0,7411,501.00,501.00,4,1819,0.0000,0.5000,0.5000,0.0000,0.5000
2026-04-27T17:52:43.714,2.797,1,0.40,-2.30,6.86,-8.91,1,-0.0167,0.0907,0.2280,0.0325,0.0318,0.1401,-9.20,-3.72,69.56,66.58,168,168,1.00000,1.00000,1.00000,1.00000,3,3,1,25.31244,0.00284,1.08931,0.0167,-0.0907,0.0720,0.0325,0.0318,0.1401,9.20,-6.79,174.55,1,1,0.0000,0.0000,0.3000,0.00,0.8200,0.3500,0.9200,6.00,180.00,0.850000,0.000000,0.000000,1.100000,0.000000,0.000000,1.200000,0.000000,0.000000,1.350000,0.000000,0.000000,0.850000,0.020000,0.000000,0.008000,0.000000,0.000600,0.008000,0.000000,0.000600,0.006000,0.000000,0.000000,1,1,1,168,240,429671,429671,254955,174716,0,60.00,7466,3148,61,0,0,0,7411,501.00,501.00,4,1819,0.0000,0.5000,0.5000,0.0000,0.5000
2026-04-27T17:52:43.725,2.808,1,0.40,-2.30,6.86,-8.91,1,-0.0172,0.0908,0.2258,0.0353,0.0000,0.1645,-9.12,-7.60,92.96,95.06,169,169,1.00000,1.00000,1.00000,1.00000,3,3,1,25.32662,0.00291,1.08484,0.0172,-0.0908,0.0742,0.0353,0.0000,0.1645,9.12,-6.94,174.71,1,1,0.0000,0.0000,0.3000,0.00,0.8200,0.3500,0.9200,6.00,180.00,0.850000,0.000000,0.000000,1.100000,0.000000,0.000000,1.200000,0.000000,0.000000,1.350000,0.000000,0.000000,0.850000,0.020000,0.000000,0.008000,0.000000,0.000600,0.008000,0.000000,0.000600,0.006000,0.000000,0.000000,1,1,1,169,238,429671,429671,254955,174716,0,60.00,7466,3148,61,0,0,0,7411,501.00,501.00,4,1819,0.0000,0.5000,0.5000,0.0000,0.5000
2026-04-27T17:52:43.751,2.834,1,0.40,-2.30,6.86,-8.91,1,-0.0182,0.0904,0.2220,0.0367,0.0130,0.1529,-9.08,-1.53,95.06,65.58,170,170,1.00000,1.00000,1.00000,1.00000,3,3,1,25.27027,0.00296,1.08652,0.0182,-0.0904,0.0780,0.0367,0.0130,0.1529,9.08,-6.37,174.80,1,1,0.0000,0.0000,0.3000,0.00,0.8200,0.3500,0.9200,6.00,180.00,0.850000,0.000000,0.000000,1.100000,0.000000,0.000000,1.200000,0.000000,0.000000,1.350000,0.000000,0.000000,0.850000,0.020000,0.000000,0.008000,0.000000,0.000600,0.008000,0.000000,0.000600,0.006000,0.000000,0.000000,1,1,1,170,240,429671,429671,254955,174716,0,60.00,7466,3148,61,0,0,0,7411,501.00,501.00,4,1819,0.0000,0.5000,0.5000,0.0000,0.5000
2026-04-27T17:52:43.771,2.853,1,0.40,-2.30,6.86,-8.91,1,-0.0181,0.0898,0.2198,0.0144,0.0228,0.1434,-8.85,-11.78,32.09,40.99,171,171,1.00000,1.00000,1.00000,1.00000,3,3,1,25.25711,0.00299,1.09144,0.0181,-0.0898,0.0802,0.0144,0.0228,0.1434,8.85,-6.97,174.55,1,1,0.0000,0.0000,0.3000,0.00,0.8200,0.3500,0.9200,6.00,180.00,0.850000,0.000000,0.000000,1.100000,0.000000,0.000000,1.200000,0.000000,0.000000,1.350000,0.000000,0.000000,0.850000,0.020000,0.000000,0.008000,0.000000,0.000600,0.008000,0.000000,0.000600,0.006000,0.000000,0.000000,1,1,1,171,240,429671,429671,254955,174716,0,60.00,7466,3148,61,0,0,0,7411,501.00,501.00,4,1819,0.0000,0.5000,0.5000,0.0000,0.5000
2026-04-27T17:52:43.788,2.871,1,0.40,-2.30,6.86,-8.91,1,-0.0188,0.0892,0.2164,0.0341,0.0283,0.1875,-8.70,-11.11,60.36,82.74,172,172,1.00000,1.00000,1.00000,1.00000,3,3,1,25.19232,0.00322,1.08800,0.0188,-0.0892,0.0836,0.0341,0.0283,0.1875,8.70,-7.15,174.44,1,1,0.0000,0.0000,0.3000,0.00,0.8200,0.3500,0.9200,6.00,180.00,0.850000,0.000000,0.000000,1.100000,0.000000,0.000000,1.200000,0.000000,0.000000,1.350000,0.000000,0.000000,0.850000,0.020000,0.000000,0.008000,0.000000,0.000600,0.008000,0.000000,0.000600,0.006000,0.000000,0.000000,1,1,1,172,241,429671,429671,254955,174716,0,60.00,7466,3148,61,0,0,0,7411,501.00,501.00,4,1819,0.0000,0.5000,0.5000,0.0000,0.5000
2026-04-27T17:52:43.801,2.884,1,0.40,-2.30,6.86,-8.91,1,-0.0197,0.0886,0.2125,0.0454,0.0332,0.2065,-8.67,-1.77,64.76,44.74,173,173,1.00000,1.00000,1.00000,1.00000,3,3,1,25.17733,0.00299,1.09262,0.0197,-0.0886,0.0875,0.0454,0.0332,0.2065,8.67,-6.80,174.34,1,1,0.0000,0.0000,0.3000,0.00,0.8200,0.3500,0.9200,6.00,180.00,0.850000,0.000000,0.000000,1.100000,0.000000,0.000000,1.200000,0.000000,0.000000,1.350000,0.000000,0.000000,0.850000,0.020000,0.000000,0.008000,0.000000,0.000600,0.008000,0.000000,0.000600,0.006000,0.000000,0.000000,1,1,1,173,240,429671,429671,254955,174716,0,60.00,7466,3148,61,0,0,0,7411,501.00,501.00,4,1819,0.0000,0.5000,0.5000,0.0000,0.5000
2026-04-27T17:52:43.823,2.906,1,0.40,-2.30,6.86,-8.91,1,-0.0203,0.0882,0.2085,0.0344,0.0256,0.2062,-8.67,0.00,76.99,60.04,174,174,1.00000,1.00000,1.00000,1.00000,3,3,1,25.19037,0.00298,1.08861,0.0203,-0.0882,0.0915,0.0344,0.0256,0.2062,8.67,-6.93,174.48,1,1,0.0000,0.0000,0.3000,0.00,0.8200,0.3500,0.9200,6.00,180.00,0.850000,0.000000,0.000000,1.100000,0.000000,0.000000,1.200000,0.000000,0.000000,1.350000,0.000000,0.000000,0.850000,0.020000,0.000000,0.008000,0.000000,0.000600,0.008000,0.000000,0.000600,0.006000,0.000000,0.000000,1,1,1,174,241,429671,429671,254955,174716,0,60.00,7466,3148,61,0,0,0,7411,501.00,501.00,4,1819,0.0000,0.5000,0.5000,0.0000,0.5000
2026-04-27T17:52:43.837,2.920,1,0.40,-2.30,6.86,-8.91,1,-0.0211,0.0875,0.2043,0.0440,0.0343,0.2332,-8.42,-16.27,44.81,60.10,175,175,1.00000,1.00000,1.00000,1.00000,3,3,1,24.99487,0.00317,1.08915,0.0211,-0.0875,0.0957,0.0440,0.0343,0.2332,8.42,-7.02,174.63,1,1,0.0000,0.0000,0.3000,0.00,0.8200,0.3500,0.9200,6.00,180.00,0.850000,0.000000,0.000000,1.100000,0.000000,0.000000,1.200000,0.000000,0.000000,1.350000,0.000000,0.000000,0.850000,0.020000,0.000000,0.008000,0.000000,0.000600,0.008000,0.000000,0.000600,0.006000,0.000000,0.000000,1,1,1,175,242,429671,429671,254955,174716,0,60.00,7466,3148,61,0,0,0,7411,501.00,501.00,4,1819,0.0000,0.5000,0.5000,0.0000,0.5000
2026-04-27T17:52:43.855,2.938,1,0.40,-2.30,6.86,-8.91,1,-0.0220,0.0867,0.1995,0.0482,0.0411,0.2585,-8.29,-7.76,64.74,59.69,176,176,1.00000,1.00000,1.00000,1.00000,3,3,1,25.00126,0.00308,1.08615,0.0220,-0.0867,0.1005,0.0482,0.0411,0.2585,8.29,-7.16,174.53,1,1,0.0000,0.0000,0.3000,0.00,0.8200,0.3500,0.9200,6.00,180.00,0.850000,0.000000,0.000000,1.100000,0.000000,0.000000,1.200000,0.000000,0.000000,1.350000,0.000000,0.000000,0.850000,0.020000,0.000000,0.008000,0.000000,0.000600,0.008000,0.000000,0.000600,0.006000,0.000000,0.000000,1,1,1,176,242,429671,429671,254955,174716,0,60.00,7466,3148,61,0,0,0,7411,501.00,501.00,4,1819,0.0000,0.5000,0.5000,0.0000,0.5000
2026-04-27T17:52:43.872,2.955,1,0.40,-2.30,6.86,-8.91,1,-0.0226,0.0860,0.1946,0.0418,0.0423,0.2868,-8.23,-3.65,57.52,60.46,177,177,1.00000,1.00000,1.00000,1.00000,3,3,1,24.87589,0.00311,1.08620,0.0226,-0.0860,0.1054,0.0418,0.0423,0.2868,8.23,-7.30,174.57,1,1,0.0000,0.0000,0.3000,0.00,0.8200,0.3500,0.9200,6.00,180.00,0.850000,0.000000,0.000000,1.100000,0.000000,0.000000,1.200000,0.000000,0.000000,1.350000,0.000000,0.000000,0.850000,0.020000,0.000000,0.008000,0.000000,0.000600,0.008000,0.000000,0.000600,0.006000,0.000000,0.000000,1,1,1,177,241,429731,429731,255015,174716,0,60.00,7526,3319,61,0,0,0,7411,501.00,501.00,4,1819,0.0000,0.5000,0.5000,0.0000,0.5000
2026-04-27T17:52:43.888,2.971,1,0.40,-2.30,6.86,-8.91,1,-0.0238,0.0850,0.1889,0.0567,0.0503,0.3027,-8.21,-1.20,64.85,59.99,178,178,1.00000,1.00000,1.00000,1.00000,3,3,1,24.89940,0.00314,1.08586,0.0238,-0.0850,0.1111,0.0567,0.0503,0.3027,8.21,-6.93,174.58,1,1,0.0000,0.0000,0.3000,0.00,0.8200,0.3500,0.9200,6.00,180.00,0.850000,0.000000,0.000000,1.100000,0.000000,0.000000,1.200000,0.000000,0.000000,1.350000,0.000000,0.000000,0.850000,0.020000,0.000000,0.008000,0.000000,0.000600,0.008000,0.000000,0.000600,0.006000,0.000000,0.000000,1,1,1,178,241,429731,429731,255015,174716,0,60.00,7526,3319,61,0,0,0,7411,501.00,501.00,4,1819,0.0000,0.5000,0.5000,0.0000,0.5000
2026-04-27T17:52:43.904,2.986,1,0.40,-2.50,-1.01,0.00,1,-0.0244,0.0838,0.1835,0.0472,0.0661,0.3290,-7.97,-14.72,56.65,60.05,179,179,1.00000,1.00000,1.00000,1.00000,3,3,1,24.76850,0.00336,1.08672,0.0244,-0.0838,0.1165,0.0472,0.0661,0.3290,7.97,-7.03,174.31,1,1,0.0000,0.0000,0.3000,0.00,0.8200,0.3500,0.9200,6.00,180.00,0.850000,0.000000,0.000000,1.100000,0.000000,0.000000,1.200000,0.000000,0.000000,1.350000,0.000000,0.000000,0.850000,0.020000,0.000000,0.008000,0.000000,0.000600,0.008000,0.000000,0.000600,0.006000,0.000000,0.000000,1,1,1,179,242,429731,429731,255015,174716,0,60.00,7526,3319,61,0,0,0,7411,501.00,501.00,4,1819,0.0000,0.5000,0.5000,0.0000,0.5000
2026-04-27T17:52:43.922,3.005,1,0.40,-2.50,-1.01,0.00,1,-0.0254,0.0828,0.1775,0.0513,0.0558,0.3277,-7.85,-6.96,69.95,59.81,180,180,1.00000,1.00000,1.00000,1.00000,3,3,1,24.63094,0.00329,1.07995,0.0254,-0.0828,0.1225,0.0513,0.0558,0.3277,7.85,-6.99,174.43,1,1,0.0000,0.0000,0.3000,0.00,0.8200,0.3500,0.9200,6.00,180.00,0.850000,0.000000,0.000000,1.100000,0.000000,0.000000,1.200000,0.000000,0.000000,1.350000,0.000000,0.000000,0.850000,0.020000,0.000000,0.008000,0.000000,0.000600,0.008000,0.000000,0.000600,0.006000,0.000000,0.000000,1,1,1,180,242,429731,429731,255015,174716,0,60.00,7526,3319,61,0,0,0,7411,501.00,501.00,4,1819,0.0000,0.5000,0.5000,0.0000,0.5000
2026-04-27T17:52:43.938,3.021,1,0.40,-2.50,-1.01,0.00,1,-0.0264,0.0816,0.1716,0.0581,0.0673,0.3476,-7.80,-3.05,54.79,59.92,181,181,1.00000,1.00000,1.00000,1.00000,3,3,1,24.44987,0.00326,1.08384,0.0264,-0.0816,0.1284,0.0581,0.0673,0.3476,7.80,-6.90,174.46,1,1,0.0000,0.0000,0.3000,0.00,0.8200,0.3500,0.9200,6.00,180.00,0.850000,0.000000,0.000000,1.100000,0.000000,0.000000,1.200000,0.000000,0.000000,1.350000,0.000000,0.000000,0.850000,0.020000,0.000000,0.008000,0.000000,0.000600,0.008000,0.000000,0.000600,0.006000,0.000000,0.000000,1,1,1,181,240,429731,429731,255015,174716,0,60.00,7526,3319,61,0,0,0,7411,501.00,501.00,4,1819,0.0000,0.5000,0.5000,0.0000,0.5000
2026-04-27T17:52:43.956,3.038,1,0.40,-2.50,-1.01,0.00,1,-0.0273,0.0804,0.1653,0.0556,0.0708,0.3684,-7.68,-6.93,61.09,60.11,182,182,1.00000,1.00000,1.00000,1.00000,3,3,1,24.43870,0.00308,1.08571,0.0273,-0.0804,0.1347,0.0556,0.0708,0.3684,7.68,-6.79,174.39,1,1,0.0000,0.0000,0.3000,0.00,0.8200,0.3500,0.9200,6.00,180.00,0.850000,0.000000,0.000000,1.100000,0.000000,0.000000,1.200000,0.000000,0.000000,1.350000,0.000000,0.000000,0.850000,0.020000,0.000000,0.008000,0.000000,0.000600,0.008000,0.000000,0.000600,0.006000,0.000000,0.000000,1,1,1,182,241,429731,429731,255015,174716,0,60.00,7526,3319,181,0,0,0,7531,506.33,506.33,7,1351,0.0000,0.4980,0.4920,0.7720,0.5260
2026-04-27T17:52:43.972,3.055,1,0.40,-2.50,-1.01,0.00,1,-0.0283,0.0789,0.1588,0.0573,0.0813,0.3709,-7.59,-5.70,54.54,59.96,183,183,1.00000,1.00000,1.00000,1.00000,3,3,1,24.34542,0.00322,1.08754,0.0283,-0.0789,0.1412,0.0573,0.0813,0.3709,7.59,-6.49,174.18,1,1,0.0000,0.0000,0.3000,0.00,0.8200,0.3500,0.9200,6.00,180.00,0.850000,0.000000,0.000000,1.100000,0.000000,0.000000,1.200000,0.000000,0.000000,1.350000,0.000000,0.000000,0.850000,0.020000,0.000000,0.008000,0.000000,0.000600,0.008000,0.000000,0.000600,0.006000,0.000000,0.000000,1,1,1,183,242,429731,429731,255015,174716,0,60.00,7526,3319,181,0,0,0,7531,506.33,506.33,7,1351,0.0000,0.4980,0.4920,0.7720,0.5260
2026-04-27T17:52:43.988,3.071,1,0.40,-2.50,-1.01,0.00,1,-0.0290,0.0775,0.1527,0.0476,0.0826,0.3743,-7.35,-13.67,62.16,60.01,184,184,1.00000,1.00000,1.00000,1.00000,3,3,1,24.08710,0.00332,1.08824,0.0290,-0.0775,0.1473,0.0476,0.0826,0.3743,7.35,-6.90,174.20,1,1,0.0000,0.0000,0.3000,0.00,0.8200,0.3500,0.9200,6.00,180.00,0.850000,0.000000,0.000000,1.100000,0.000000,0.000000,1.200000,0.000000,0.000000,1.350000,0.000000,0.000000,0.850000,0.020000,0.000000,0.008000,0.000000,0.000600,0.008000,0.000000,0.000600,0.006000,0.000000,0.000000,1,1,1,184,240,429731,429731,255015,174716,0,60.00,7526,3319,181,0,0,0,7531,506.33,506.33,7,1351,0.0000,0.4980,0.4920,0.7720,0.5260
2026-04-27T17:52:44.007,3.090,1,0.40,-2.50,-1.01,0.00,1,-0.0298,0.0764,0.1462,0.0490,0.0684,0.3706,-7.17,-9.95,60.05,60.21,185,185,1.00000,1.00000,1.00000,1.00000,3,3,1,24.00105,0.00347,1.07796,0.0298,-0.0764,0.1538,0.0490,0.0684,0.3706,7.17,-7.09,174.41,1,1,0.0000,0.0000,0.3000,0.00,0.8200,0.3500,0.9200,6.00,180.00,0.850000,0.000000,0.000000,1.100000,0.000000,0.000000,1.200000,0.000000,0.000000,1.350000,0.000000,0.000000,0.850000,0.020000,0.000000,0.008000,0.000000,0.000600,0.008000,0.000000,0.000600,0.006000,0.000000,0.000000,1,1,1,185,241,429731,429731,255015,174716,0,60.00,7526,3319,181,0,0,0,7531,506.33,506.33,7,1351,0.0000,0.4980,0.4920,0.7720,0.5260
2026-04-27T17:52:44.018,3.100,1,0.40,-2.60,0.00,-0.95,1,-0.0307,0.0748,0.1403,0.0596,0.0992,0.4066,-6.91,-22.47,53.53,58.57,186,186,1.00000,1.00000,1.00000,1.00000,3,3,1,23.85108,0.00343,1.08240,0.0307,-0.0748,0.1597,0.0596,0.0992,0.4066,6.91,-7.18,174.64,1,1,0.0000,0.0000,0.3000,0.00,0.8200,0.3500,0.9200,6.00,180.00,0.850000,0.000000,0.000000,1.100000,0.000000,0.000000,1.200000,0.000000,0.000000,1.350000,0.000000,0.000000,0.850000,0.020000,0.000000,0.008000,0.000000,0.000600,0.008000,0.000000,0.000600,0.006000,0.000000,0.000000,1,1,1,186,240,429731,429731,255015,174716,0,60.00,7526,3319,181,0,0,0,7531,506.33,506.33,7,1351,0.0000,0.4980,0.4920,0.7720,0.5260
2026-04-27T17:52:44.034,3.117,1,0.40,-2.60,0.00,-0.95,1,-0.0317,0.0733,0.1340,0.0605,0.0944,0.3986,-6.84,-4.35,104.54,61.08,187,187,1.00000,1.00000,1.00000,1.00000,3,3,1,23.70521,0.00334,1.08317,0.0317,-0.0733,0.1660,0.0605,0.0944,0.3986,6.84,-7.03,174.69,1,1,0.0000,0.0000,0.3000,0.00,0.8200,0.3500,0.9200,6.00,180.00,0.850000,0.000000,0.000000,1.100000,0.000000,0.000000,1.200000,0.000000,0.000000,1.350000,0.000000,0.000000,0.850000,0.020000,0.000000,0.008000,0.000000,0.000600,0.008000,0.000000,0.000600,0.006000,0.000000,0.000000,1,1,1,187,241,429731,429731,255015,174716,0,60.00,7526,3319,181,0,0,0,7531,506.33,506.33,7,1351,0.0000,0.4980,0.4920,0.7720,0.5260
2026-04-27T17:52:44.055,3.138,1,0.40,-2.60,0.00,-0.95,1,-0.0327,0.0714,0.1276,0.0543,0.0963,0.3635,-6.63,-10.53,62.16,60.17,188,188,1.00000,1.00000,1.00000,1.00000,3,3,1,23.47428,0.00350,1.08308,0.0327,-0.0714,0.1724,0.0543,0.0963,0.3635,6.63,-6.86,174.71,1,1,0.0000,0.0000,0.3000,0.00,0.8200,0.3500,0.9200,6.00,180.00,0.850000,0.000000,0.000000,1.100000,0.000000,0.000000,1.200000,0.000000,0.000000,1.350000,0.000000,0.000000,0.850000,0.020000,0.000000,0.008000,0.000000,0.000600,0.008000,0.000000,0.000600,0.006000,0.000000,0.000000,1,1,1,188,242,429731,429731,255015,174716,0,60.00,7526,3319,181,0,0,0,7531,506.33,506.33,7,1351,0.0000,0.4980,0.4920,0.7720,0.5260
2026-04-27T17:52:44.071,3.154,1,0.40,-2.60,0.00,-0.95,1,-0.0339,0.0699,0.1221,0.0668,0.0988,0.3687,-6.51,-7.00,46.66,59.91,189,189,1.00000,1.00000,1.00000,1.00000,3,3,1,23.31705,0.00337,1.08233,0.0339,-0.0699,0.1779,0.0668,0.0988,0.3687,6.51,-6.69,174.66,1,1,0.0000,0.0000,0.3000,0.00,0.8200,0.3500,0.9200,6.00,180.00,0.850000,0.000000,0.000000,1.100000,0.000000,0.000000,1.200000,0.000000,0.000000,1.350000,0.000000,0.000000,0.850000,0.020000,0.000000,0.008000,0.000000,0.000600,0.008000,0.000000,0.000600,0.006000,0.000000,0.000000,1,1,1,189,241,429731,429731,255015,174716,0,60.00,7526,3319,181,0,0,0,7531,506.33,506.33,7,1351,0.0000,0.4980,0.4920,0.7720,0.5260
2026-04-27T17:52:44.087,3.170,1,0.40,-2.60,0.00,-0.95,1,-0.0347,0.0684,0.1167,0.0575,0.0932,0.3466,-6.52,0.64,60.05,60.24,190,190,1.00000,1.00000,1.00000,1.00000,3,3,1,23.20844,0.00326,1.07711,0.0347,-0.0684,0.1833,0.0575,0.0932,0.3466,6.52,-6.81,174.79,1,1,0.0000,0.0000,0.3000,0.00,0.8200,0.3500,0.9200,6.00,180.00,0.850000,0.000000,0.000000,1.100000,0.000000,0.000000,1.200000,0.000000,0.000000,1.350000,0.000000,0.000000,0.850000,0.020000,0.000000,0.008000,0.000000,0.000600,0.008000,0.000000,0.000600,0.006000,0.000000,0.000000,1,1,1,190,242,429731,429731,255015,174716,0,60.00,7526,3319,181,0,0,0,7531,506.33,506.33,7,1351,0.0000,0.4980,0.4920,0.7720,0.5260
2026-04-27T17:52:44.105,3.188,1,0.10,-2.39,-2.95,1.99,1,-0.0356,0.0664,0.1118,0.0551,0.1048,0.3175,-6.48,-2.28,59.95,60.09,191,191,1.00000,1.00000,1.00000,1.00000,3,3,1,22.92946,0.00334,1.07663,0.0356,-0.0664,0.1882,0.0551,0.1048,0.3175,6.48,-6.84,174.88,1,1,0.0000,0.0000,0.3000,0.00,0.8200,0.3500,0.9200,6.00,180.00,0.850000,0.000000,0.000000,1.100000,0.000000,0.000000,1.200000,0.000000,0.000000,1.350000,0.000000,0.000000,0.850000,0.020000,0.000000,0.008000,0.000000,0.000600,0.008000,0.000000,0.000600,0.006000,0.000000,0.000000,1,1,1,191,242,429731,429731,255015,174716,0,60.00,7526,3319,181,0,0,0,7531,506.33,506.33,7,1351,0.0000,0.4980,0.4920,0.7720,0.5260
2026-04-27T17:52:44.121,3.204,1,0.10,-2.39,-2.95,1.99,1,-0.0363,0.0645,0.1071,0.0492,0.1106,0.3119,-6.33,-9.21,56.95,59.98,192,192,1.00000,1.00000,1.00000,1.00000,3,3,1,22.78214,0.00349,1.08199,0.0363,-0.0645,0.1929,0.0492,0.1106,0.3119,6.33,-6.86,174.95,1,1,0.0000,0.0000,0.3000,0.00,0.8200,0.3500,0.9200,6.00,180.00,0.850000,0.000000,0.000000,1.100000,0.000000,0.000000,1.200000,0.000000,0.000000,1.350000,0.000000,0.000000,0.850000,0.020000,0.000000,0.008000,0.000000,0.000600,0.008000,0.000000,0.000600,0.006000,0.000000,0.000000,1,1,1,192,242,429731,429731,255015,174716,0,60.00,7526,3319,181,0,0,0,7531,506.33,506.33,7,1351,0.0000,0.4980,0.4920,0.7720,0.5260
2026-04-27T17:52:44.133,3.216,1,0.10,-2.39,-2.95,1.99,1,-0.0373,0.0626,0.1029,0.0651,0.1248,0.3142,-6.34,0.79,61.35,59.83,193,193,1.00000,1.00000,1.00000,1.00000,3,3,1,22.64750,0.00331,1.08255,0.0373,-0.0626,0.1971,0.0651,0.1248,0.3142,6.34,-6.71,174.84,1,1,0.0000,0.0000,0.3000,0.00,0.8200,0.3500,0.9200,6.00,180.00,0.850000,0.000000,0.000000,1.100000,0.000000,0.000000,1.200000,0.000000,0.000000,1.350000,0.000000,0.000000,0.850000,0.020000,0.000000,0.008000,0.000000,0.000600,0.008000,0.000000,0.000600,0.006000,0.000000,0.000000,1,1,1,193,242,429731,429731,255015,174716,0,60.00,7526,3319,181,0,0,0,7531,506.33,506.33,7,1351,0.0000,0.4980,0.4920,0.7720,0.5260
2026-04-27T17:52:44.154,3.237,1,0.10,-2.39,-2.95,1.99,1,-0.0382,0.0605,0.0985,0.0535,0.1167,0.2700,-6.25,-4.39,93.89,59.96,194,194,1.00000,1.00000,1.00000,1.00000,3,3,1,22.48153,0.00319,1.07909,0.0382,-0.0605,0.2015,0.0535,0.1167,0.2700,6.25,-6.75,174.88,1,1,0.0000,0.0000,0.3000,0.00,0.8200,0.3500,0.9200,6.00,180.00,0.850000,0.000000,0.000000,1.100000,0.000000,0.000000,1.200000,0.000000,0.000000,1.350000,0.000000,0.000000,0.850000,0.020000,0.000000,0.008000,0.000000,0.000600,0.008000,0.000000,0.000600,0.006000,0.000000,0.000000,1,1,1,194,240,429731,429731,255015,174716,0,60.00,7526,3319,181,0,0,0,7531,506.33,506.33,7,1351,0.0000,0.4980,0.4920,0.7720,0.5260
2026-04-27T17:52:44.172,3.255,1,0.10,-2.39,-2.95,1.99,1,-0.0387,0.0585,0.0949,0.0419,0.1160,0.2468,-6.21,-2.31,44.45,59.95,195,195,1.00000,1.00000,1.00000,1.00000,3,3,1,22.25725,0.00354,1.08234,0.0387,-0.0585,0.2051,0.0419,0.1160,0.2468,6.21,-6.87,174.78,1,1,0.0000,0.0000,0.3000,0.00,0.8200,0.3500,0.9200,6.00,180.00,0.850000,0.000000,0.000000,1.100000,0.000000,0.000000,1.200000,0.000000,0.000000,1.350000,0.000000,0.000000,0.850000,0.020000,0.000000,0.008000,0.000000,0.000600,0.008000,0.000000,0.000600,0.006000,0.000000,0.000000,1,1,1,195,242,429731,429731,255015,174716,0,60.00,7526,3319,181,0,0,0,7531,506.33,506.33,7,1351,0.0000,0.4980,0.4920,0.7720,0.5260
2026-04-27T17:52:44.188,3.271,1,0.10,-2.39,-2.95,1.99,1,-0.0396,0.0569,0.0915,0.0521,0.1092,0.2351,-6.25,2.49,57.68,59.88,196,196,1.00000,1.00000,1.00000,1.00000,3,3,1,22.19936,0.00334,1.07345,0.0396,-0.0569,0.2085,0.0521,0.1092,0.2351,6.25,-6.89,174.99,1,1,0.0000,0.0000,0.3000,0.00,0.8200,0.3500,0.9200,6.00,180.00,0.850000,0.000000,0.000000,1.100000,0.000000,0.000000,1.200000,0.000000,0.000000,1.350000,0.000000,0.000000,0.850000,0.020000,0.000000,0.008000,0.000000,0.000600,0.008000,0.000000,0.000600,0.006000,0.000000,0.000000,1,1,1,196,241,429731,429731,255015,174716,0,60.00,7526,3319,181,0,0,0,7531,506.33,506.33,7,1351,0.0000,0.4980,0.4920,0.7720,0.5260
2026-04-27T17:52:44.204,3.287,1,0.10,-2.39,-2.95,1.99,1,-0.0401,0.0544,0.0885,0.0409,0.1337,0.2125,-6.14,-6.65,62.15,60.30,197,197,1.00000,1.00000,1.00000,1.00000,3,3,1,22.04565,0.00350,1.08349,0.0401,-0.0544,0.2115,0.0409,0.1337,0.2125,6.14,-7.09,174.93,1,1,0.0000,0.0000,0.3000,0.00,0.8200,0.3500,0.9200,6.00,180.00,0.850000,0.000000,0.000000,1.100000,0.000000,0.000000,1.200000,0.000000,0.000000,1.350000,0.000000,0.000000,0.850000,0.020000,0.000000,0.008000,0.000000,0.000600,0.008000,0.000000,0.000600,0.006000,0.000000,0.000000,1,1,1,197,241,429731,429731,255015,174716,0,60.00,7526,3319,181,0,0,0,7531,506.33,506.33,7,1351,0.0000,0.4980,0.4920,0.7720,0.5260
2026-04-27T17:52:44.221,3.304,1,0.10,-2.39,-2.95,1.99,1,-0.0408,0.0524,0.0856,0.0428,0.1239,0.1974,-6.12,-1.20,60.46,60.06,198,198,1.00000,1.00000,1.00000,1.00000,3,3,1,21.89919,0.00355,1.07385,0.0408,-0.0524,0.2144,0.0428,0.1239,0.1974,6.12,-7.11,174.97,1,1,0.0000,0.0000,0.3000,0.00,0.8200,0.3500,0.9200,6.00,180.00,0.850000,0.000000,0.000000,1.100000,0.000000,0.000000,1.200000,0.000000,0.000000,1.350000,0.000000,0.000000,0.850000,0.020000,0.000000,0.008000,0.000000,0.000600,0.008000,0.000000,0.000600,0.006000,0.000000,0.000000,1,1,1,198,242,429731,429731,255015,174716,0,60.00,7526,3319,181,0,0,0,7531,506.33,506.33,7,1351,0.0000,0.4980,0.4920,0.7720,0.5260
2026-04-27T17:52:44.238,3.321,1,0.10,-2.39,-2.95,1.99,1,-0.0415,0.0500,0.0829,0.0407,0.1332,0.1796,-6.04,-4.65,59.88,60.08,199,199,1.00000,1.00000,1.00000,1.00000,3,3,1,21.69870,0.00359,1.07239,0.0415,-0.0500,0.2171,0.0407,0.1332,0.1796,6.04,-7.17,175.07,1,1,0.0000,0.0000,0.3000,0.00,0.8200,0.3500,0.9200,6.00,180.00,0.850000,0.000000,0.000000,1.100000,0.000000,0.000000,1.200000,0.000000,0.000000,1.350000,0.000000,0.000000,0.850000,0.020000,0.000000,0.008000,0.000000,0.000600,0.008000,0.000000,0.000600,0.006000,0.000000,0.000000,1,1,1,199,240,429731,429731,255015,174716,0,60.00,7526,3319,181,0,0,0,7531,506.33,506.33,7,1351,0.0000,0.4980,0.4920,0.7720,0.5260
2026-04-27T17:52:44.254,3.337,1,-0.19,-2.39,-2.89,0.00,1,-0.0419,0.0478,0.0808,0.0360,0.1383,0.1640,-6.02,-1.19,58.09,59.87,200,200,1.00000,1.00000,1.00000,1.00000,3,3,1,21.56268,0.00357,1.07418,0.0419,-0.0478,0.2192,0.0360,0.1383,0.1640,6.02,-7.58,175.09,1,1,0.0000,0.0000,0.3000,0.00,0.8200,0.3500,0.9200,6.00,180.00,0.850000,0.000000,0.000000,1.100000,0.000000,0.000000,1.200000,0.000000,0.000000,1.350000,0.000000,0.000000,0.850000,0.020000,0.000000,0.008000,0.000000,0.000600,0.008000,0.000000,0.000600,0.006000,0.000000,0.000000,1,1,1,200,242,429731,429731,255015,174716,0,60.00,7526,3319,181,0,0,0,7531,506.33,506.33,7,1351,0.0000,0.4980,0.4920,0.7720,0.5260
2026-04-27T17:52:44.271,3.353,1,-0.19,-2.39,-2.89,0.00,1,-0.0428,0.0455,0.0779,0.0436,0.1356,0.1693,-5.93,-5.45,67.81,60.03,201,201,1.00000,1.00000,1.00000,1.00000,3,3,1,21.50247,0.00345,1.06978,0.0428,-0.0455,0.2221,0.0436,0.1356,0.1693,5.93,-7.27,175.25,1,1,0.0000,0.0000,0.3000,0.00,0.8200,0.3500,0.9200,6.00,180.00,0.850000,0.000000,0.000000,1.100000,0.000000,0.000000,1.200000,0.000000,0.000000,1.350000,0.000000,0.000000,0.850000,0.020000,0.000000,0.008000,0.000000,0.000600,0.008000,0.000000,0.000600,0.006000,0.000000,0.000000,1,1,1,201,242,429731,429731,255015,174716,0,60.00,7526,3319,181,0,0,0,7531,506.33,506.33,7,1351,0.0000,0.4980,0.4920,0.7720,0.5260
2026-04-27T17:52:44.288,3.371,1,-0.19,-2.39,-2.89,0.00,1,-0.0434,0.0430,0.0752,0.0399,0.1457,0.1647,-5.82,-6.81,57.11,60.04,202,202,1.00000,1.00000,1.00000,1.00000,3,3,1,21.35726,0.00349,1.07846,0.0434,-0.0430,0.2248,0.0399,0.1457,0.1647,5.82,-7.14,175.04,1,1,0.0000,0.0000,0.3000,0.00,0.8200,0.3500,0.9200,6.00,180.00,0.850000,0.000000,0.000000,1.100000,0.000000,0.000000,1.200000,0.000000,0.000000,1.350000,0.000000,0.000000,0.850000,0.020000,0.000000,0.008000,0.000000,0.000600,0.008000,0.000000,0.000600,0.006000,0.000000,0.000000,1,1,1,202,241,429731,429731,255015,174716,0,60.00,7526,3319,181,0,0,0,7531,506.33,506.33,7,1351,0.0000,0.4980,0.4920,0.7720,0.5260
2026-04-27T17:52:44.305,3.388,1,-0.40,-2.39,-1.97,0.00,1,-0.0439,0.0405,0.0728,0.0347,0.1436,0.1539,-5.87,2.93,58.28,59.95,203,203,1.00000,1.00000,1.00000,1.00000,3,3,1,21.19184,0.00332,1.07795,0.0439,-0.0405,0.2272,0.0347,0.1436,0.1539,5.87,-6.95,175.23,1,1,0.0000,0.0000,0.3000,0.00,0.8200,0.3500,0.9200,6.00,180.00,0.850000,0.000000,0.000000,1.100000,0.000000,0.000000,1.200000,0.000000,0.000000,1.350000,0.000000,0.000000,0.850000,0.020000,0.000000,0.008000,0.000000,0.000600,0.008000,0.000000,0.000600,0.006000,0.000000,0.000000,1,1,1,203,242,429731,429731,255015,174716,0,60.00,7526,3319,181,0,0,0,7531,506.33,506.33,7,1351,0.0000,0.4980,0.4920,0.7720,0.5260
2026-04-27T17:52:44.321,3.404,1,-0.40,-2.39,-1.97,0.00,1,-0.0441,0.0383,0.0706,0.0243,0.1392,0.1462,-5.73,-8.48,58.64,60.00,204,204,1.00000,1.00000,1.00000,1.00000,3,3,1,21.10117,0.00361,1.07504,0.0441,-0.0383,0.2294,0.0243,0.1392,0.1462,5.73,-7.34,175.27,1,1,0.0000,0.0000,0.3000,0.00,0.8200,0.3500,0.9200,6.00,180.00,0.850000,0.000000,0.000000,1.100000,0.000000,0.000000,1.200000,0.000000,0.000000,1.350000,0.000000,0.000000,0.850000,0.020000,0.000000,0.008000,0.000000,0.000600,0.008000,0.000000,0.000600,0.006000,0.000000,0.000000,1,1,1,204,242,429731,429731,255015,174716,0,60.00,7526,3319,181,0,0,0,7531,506.33,506.33,7,1351,0.0000,0.4980,0.4920,0.7720,0.5260
2026-04-27T17:52:44.333,3.416,1,-0.40,-2.39,-1.97,0.00,1,-0.0443,0.0356,0.0685,0.0208,0.1696,0.1491,-5.77,3.04,60.54,59.79,205,205,1.00000,1.00000,1.00000,1.00000,3,3,1,21.00000,0.00378,1.07861,0.0443,-0.0356,0.2315,0.0208,0.1696,0.1491,5.77,-7.48,175.24,1,1,0.0000,0.0000,0.3000,0.00,0.8200,0.3500,0.9200,6.00,180.00,0.850000,0.000000,0.000000,1.100000,0.000000,0.000000,1.200000,0.000000,0.000000,1.350000,0.000000,0.000000,0.850000,0.020000,0.000000,0.008000,0.000000,0.000600,0.008000,0.000000,0.000600,0.006000,0.000000,0.000000,1,1,1,205,241,429731,429731,255015,174716,0,60.00,7526,3319,181,0,0,0,7531,506.33,506.33,7,1351,0.0000,0.4980,0.4920,0.7720,0.5260
2026-04-27T17:52:44.354,3.437,1,-0.40,-2.39,-1.97,0.00,1,-0.0449,0.0329,0.0656,0.0285,0.1521,0.1502,-5.66,-5.52,89.82,60.58,206,206,1.00000,1.00000,1.00000,1.00000,3,3,1,20.83195,0.00357,1.07634,0.0449,-0.0329,0.2344,0.0285,0.1521,0.1502,5.66,-7.40,175.26,1,1,0.0000,0.0000,0.3000,0.00,0.8200,0.3500,0.9200,6.00,180.00,0.850000,0.000000,0.000000,1.100000,0.000000,0.000000,1.200000,0.000000,0.000000,1.350000,0.000000,0.000000,0.850000,0.020000,0.000000,0.008000,0.000000,0.000600,0.008000,0.000000,0.000600,0.006000,0.000000,0.000000,1,1,1,206,240,429731,429731,255015,174716,0,60.00,7526,3319,181,0,0,0,7531,506.33,506.33,7,1351,0.0000,0.4980,0.4920,0.7720,0.5260
2026-04-27T17:52:44.371,3.454,1,-0.40,-2.39,-1.97,0.00,1,-0.0452,0.0305,0.0633,0.0208,0.1522,0.1445,-5.60,-3.60,45.57,59.55,207,207,1.00000,1.00000,1.00000,1.00000,3,3,1,20.76814,0.00374,1.07771,0.0452,-0.0305,0.2367,0.0208,0.1522,0.1445,5.60,-7.54,175.29,1,1,0.0000,0.0000,0.3000,0.00,0.8200,0.3500,0.9200,6.00,180.00,0.850000,0.000000,0.000000,1.100000,0.000000,0.000000,1.200000,0.000000,0.000000,1.350000,0.000000,0.000000,0.850000,0.020000,0.000000,0.008000,0.000000,0.000600,0.008000,0.000000,0.000600,0.006000,0.000000,0.000000,1,1,1,207,240,429731,429731,255015,174716,0,60.00,7526,3319,181,0,0,0,7531,506.33,506.33,7,1351,0.0000,0.4980,0.4920,0.7720,0.5260
2026-04-27T17:52:44.388,3.471,1,-0.40,-2.39,-1.97,0.00,1,-0.0458,0.0277,0.0604,0.0308,0.1642,0.1628,-5.57,-1.70,61.67,58.91,208,208,1.00000,1.00000,1.00000,1.00000,3,3,1,20.54441,0.00358,1.08333,0.0458,-0.0277,0.2396,0.0308,0.1642,0.1628,5.57,-7.07,175.05,1,1,0.0000,0.0000,0.3000,0.00,0.8200,0.3500,0.9200,6.00,180.00,0.850000,0.000000,0.000000,1.100000,0.000000,0.000000,1.200000,0.000000,0.000000,1.350000,0.000000,0.000000,0.850000,0.020000,0.000000,0.008000,0.000000,0.000600,0.008000,0.000000,0.000600,0.006000,0.000000,0.000000,1,1,1,208,241,429731,429731,255015,174716,0,60.00,7526,3319,181,0,0,0,7531,506.33,506.33,7,1351,0.0000,0.4980,0.4920,0.7720,0.5260
2026-04-27T17:52:44.404,3.487,1,-0.40,-2.30,0.00,0.95,1,-0.0464,0.0250,0.0579,0.0302,0.1615,0.1535,-5.51,-3.65,58.55,61.69,209,209,1.00000,1.00000,1.00000,1.00000,3,3,1,20.45770,0.00358,1.07371,0.0464,-0.0250,0.2421,0.0302,0.1615,0.1535,5.51,-7.01,175.14,1,1,0.0000,0.0000,0.3000,0.00,0.8200,0.3500,0.9200,6.00,180.00,0.850000,0.000000,0.000000,1.100000,0.000000,0.000000,1.200000,0.000000,0.000000,1.350000,0.000000,0.000000,0.850000,0.020000,0.000000,0.008000,0.000000,0.000600,0.008000,0.000000,0.000600,0.006000,0.000000,0.000000,1,1,1,209,238,429731,429731,255015,174716,0,60.00,7526,3319,181,0,0,0,7531,506.33,506.33,7,1351,0.0000,0.4980,0.4920,0.7720,0.5260
2026-04-27T17:52:44.422,3.504,1,-0.40,-2.30,0.00,0.95,1,-0.0465,0.0222,0.0552,0.0170,0.1627,0.1561,-5.44,-4.24,60.84,59.74,210,210,1.00000,1.00000,1.00000,1.00000,3,3,1,20.33491,0.00361,1.08005,0.0465,-0.0222,0.2448,0.0170,0.1627,0.1561,5.44,-7.04,175.27,1,1,0.0000,0.0000,0.3000,0.00,0.8200,0.3500,0.9200,6.00,180.00,0.850000,0.000000,0.000000,1.100000,0.000000,0.000000,1.200000,0.000000,0.000000,1.350000,0.000000,0.000000,0.850000,0.020000,0.000000,0.008000,0.000000,0.000600,0.008000,0.000000,0.000600,0.006000,0.000000,0.000000,1,1,1,210,242,429731,429731,255015,174716,0,60.00,7526,3319,181,0,0,0,7531,506.33,506.33,7,1351,0.0000,0.4980,0.4920,0.7720,0.5260
2026-04-27T17:52:44.437,3.520,1,-0.40,-2.30,0.00,0.95,1,-0.0465,0.0195,0.0522,0.0000,0.1664,0.1702,-5.37,-4.24,57.06,59.79,211,211,1.00000,1.00000,1.00000,1.00000,3,3,1,20.17761,0.00358,1.08216,0.0465,-0.0195,0.2478,0.0000,0.1664,0.1702,5.37,-7.24,175.42,1,1,0.0000,0.0000,0.3000,0.00,0.8200,0.3500,0.9200,6.00,180.00,0.850000,0.000000,0.000000,1.100000,0.000000,0.000000,1.200000,0.000000,0.000000,1.350000,0.000000,0.000000,0.850000,0.020000,0.000000,0.008000,0.000000,0.000600,0.008000,0.000000,0.000600,0.006000,0.000000,0.000000,1,1,1,211,237,429731,429731,255015,174716,0,60.00,7526,3319,181,0,0,0,7531,506.33,506.33,7,1351,0.0000,0.4980,0.4920,0.7720,0.5260
2026-04-27T17:52:44.455,3.537,1,-0.40,-2.30,0.00,0.95,1,-0.0471,0.0167,0.0499,0.0256,0.1689,0.1533,-5.37,0.00,69.07,59.76,212,212,1.00000,1.00000,1.00000,1.00000,3,3,1,20.03203,0.00358,1.06989,0.0471,-0.0167,0.2501,0.0256,0.1689,0.1533,5.37,-7.14,175.51,1,1,0.0000,0.0000,0.3000,0.00,0.8200,0.3500,0.9200,6.00,180.00,0.850000,0.000000,0.000000,1.100000,0.000000,0.000000,1.200000,0.000000,0.000000,1.350000,0.000000,0.000000,0.850000,0.020000,0.000000,0.008000,0.000000,0.000600,0.008000,0.000000,0.000600,0.006000,0.000000,0.000000,1,1,1,212,241,429731,429731,255015,174716,0,60.00,7526,3319,181,0,0,0,7531,506.33,506.33,7,1351,0.0000,0.4980,0.4920,0.7720,0.5260
2026-04-27T17:52:44.471,3.554,1,-0.40,-2.30,0.00,0.95,1,-0.0473,0.0142,0.0468,0.0174,0.1645,0.1772,-5.28,-5.07,54.45,60.18,213,213,1.00000,1.00000,1.00000,1.00000,3,3,1,19.84178,0.00363,1.07016,0.0473,-0.0142,0.2532,0.0174,0.1645,0.1772,5.28,-7.17,175.59,1,1,0.0000,0.0000,0.3000,0.00,0.8200,0.3500,0.9200,6.00,180.00,0.850000,0.000000,0.000000,1.100000,0.000000,0.000000,1.200000,0.000000,0.000000,1.350000,0.000000,0.000000,0.850000,0.020000,0.000000,0.008000,0.000000,0.000600,0.008000,0.000000,0.000600,0.006000,0.000000,0.000000,1,1,1,213,242,429731,429731,255015,174716,0,60.00,7526,3319,181,0,0,0,7531,506.33,506.33,7,1351,0.0000,0.4980,0.4920,0.7720,0.5260
2026-04-27T17:52:44.488,3.571,1,-0.40,-2.30,0.00,0.95,1,-0.0474,0.0111,0.0437,0.0108,0.1722,0.1755,-5.19,-5.69,58.90,60.06,214,214,1.00000,1.00000,1.00000,1.00000,3,3,1,19.70772,0.00369,1.07828,0.0474,-0.0111,0.2563,0.0108,0.1722,0.1755,5.19,-7.15,175.45,1,1,0.0000,0.0000,0.3000,0.00,0.8200,0.3500,0.9200,6.00,180.00,0.850000,0.000000,0.000000,1.100000,0.000000,0.000000,1.200000,0.000000,0.000000,1.350000,0.000000,0.000000,0.850000,0.020000,0.000000,0.008000,0.000000,0.000600,0.008000,0.000000,0.000600,0.006000,0.000000,0.000000,1,1,1,214,242,429731,429731,255015,174716,0,60.00,7526,3319,181,0,0,0,7531,506.33,506.33,7,1351,0.0000,0.4980,0.4920,0.7720,0.5260
2026-04-27T17:52:44.505,3.588,1,-0.40,-2.30,0.00,0.95,1,-0.0473,0.0083,0.0407,0.0000,0.1681,0.1712,-5.17,-1.16,61.61,60.12,215,215,1.00000,1.00000,1.00000,1.00000,3,3,1,19.49374,0.00379,1.07626,0.0473,-0.0083,0.2593,0.0000,0.1681,0.1712,5.17,-7.31,175.62,1,1,0.0000,0.0000,0.3000,0.00,0.8200,0.3500,0.9200,6.00,180.00,0.850000,0.000000,0.000000,1.100000,0.000000,0.000000,1.200000,0.000000,0.000000,1.350000,0.000000,0.000000,0.850000,0.020000,0.000000,0.008000,0.000000,0.000600,0.008000,0.000000,0.000600,0.006000,0.000000,0.000000,1,1,1,215,238,429731,429731,255015,174716,0,60.00,7526,3319,181,0,0,0,7531,506.33,506.33,7,1351,0.0000,0.4980,0.4920,0.7720,0.5260
2026-04-27T17:52:44.522,3.605,1,-0.40,-2.30,0.00,0.95,1,-0.0476,0.0052,0.0377,0.0133,0.1823,0.1813,-5.04,-7.58,57.76,59.72,216,216,1.00000,1.00000,1.00000,1.00000,3,3,1,19.41733,0.00357,1.07963,0.0476,-0.0052,0.2623,0.0133,0.1823,0.1813,5.04,-7.08,175.72,1,1,0.0000,0.0000,0.3000,0.00,0.8200,0.3500,0.9200,6.00,180.00,0.850000,0.000000,0.000000,1.100000,0.000000,0.000000,1.200000,0.000000,0.000000,1.350000,0.000000,0.000000,0.850000,0.020000,0.000000,0.008000,0.000000,0.000600,0.008000,0.000000,0.000600,0.006000,0.000000,0.000000,1,1,1,216,242,429731,429731,255015,174716,0,60.00,7526,3319,181,0,0,0,7531,506.33,506.33,7,1351,0.0000,0.4980,0.4920,0.7720,0.5260
2026-04-27T17:52:44.538,3.621,1,-0.40,-2.30,0.00,0.95,1,-0.0477,0.0021,0.0351,0.0000,0.1842,0.1689,-5.05,0.62,60.92,60.07,217,217,1.00000,1.00000,1.00000,1.00000,3,3,1,19.28137,0.00357,1.07409,0.0477,-0.0021,0.2649,0.0000,0.1842,0.1689,5.05,-6.92,175.75,1,1,0.0000,0.0000,0.3000,0.00,0.8200,0.3500,0.9200,6.00,180.00,0.850000,0.000000,0.000000,1.100000,0.000000,0.000000,1.200000,0.000000,0.000000,1.350000,0.000000,0.000000,0.850000,0.020000,0.000000,0.008000,0.000000,0.000600,0.008000,0.000000,0.000600,0.006000,0.000000,0.000000,1,1,1,217,238,429731,429731,255015,174716,0,60.00,7526,3319,181,0,0,0,7531,506.33,506.33,7,1351,0.0000,0.4980,0.4920,0.7720,0.5260
2026-04-27T17:52:44.554,3.637,1,-0.40,-2.30,0.00,0.95,1,-0.0478,-0.0007,0.0322,0.0000,0.1707,0.1695,-4.95,-5.93,62.76,60.04,218,218,1.00000,1.00000,1.00000,1.00000,3,3,1,19.08828,0.00363,1.06887,0.0478,0.0007,0.2678,0.0000,0.1707,0.1695,4.95,-7.06,175.91,1,1,0.0000,0.0000,0.3000,0.00,0.8200,0.3500,0.9200,6.00,180.00,0.850000,0.000000,0.000000,1.100000,0.000000,0.000000,1.200000,0.000000,0.000000,1.350000,0.000000,0.000000,0.850000,0.020000,0.000000,0.008000,0.000000,0.000600,0.008000,0.000000,0.000600,0.006000,0.000000,0.000000,1,1,1,218,232,429731,429731,255015,174716,0,60.00,7526,3319,181,0,0,0,7531,506.33,506.33,7,1351,0.0000,0.4980,0.4920,0.7720,0.5260
2026-04-27T17:52:44.571,3.654,1,-0.50,-2.10,-1.03,2.01,1,-0.0477,-0.0036,0.0294,0.0000,0.1814,0.1734,-4.95,0.00,63.04,59.98,219,219,1.00000,1.00000,1.00000,1.00000,3,3,1,18.96981,0.00354,1.07201,0.0477,0.0036,0.2706,0.0000,0.1814,0.1734,4.95,-7.02,175.82,1,1,0.0000,0.0000,0.3000,0.00,0.8200,0.3500,0.9200,6.00,180.00,0.850000,0.000000,0.000000,1.100000,0.000000,0.000000,1.200000,0.000000,0.000000,1.350000,0.000000,0.000000,0.850000,0.020000,0.000000,0.008000,0.000000,0.000600,0.008000,0.000000,0.000600,0.006000,0.000000,0.000000,1,1,1,219,237,429731,429731,255015,174716,0,60.00,7526,3319,181,0,0,0,7531,506.33,506.33,7,1351,0.0000,0.4980,0.4920,0.7720,0.5260
2026-04-27T17:52:44.587,3.670,1,-0.50,-2.10,-1.03,2.01,1,-0.0476,-0.0065,0.0266,0.0000,0.1761,0.1689,-4.96,0.61,52.95,59.96,220,220,1.00000,1.00000,1.00000,1.00000,3,3,1,18.73833,0.00372,1.07144,0.0476,0.0065,0.2734,0.0000,0.1761,0.1689,4.96,-7.03,175.95,1,1,0.0000,0.0000,0.3000,0.00,0.8200,0.3500,0.9200,6.00,180.00,0.850000,0.000000,0.000000,1.100000,0.000000,0.000000,1.200000,0.000000,0.000000,1.350000,0.000000,0.000000,0.850000,0.020000,0.000000,0.008000,0.000000,0.000600,0.008000,0.000000,0.000600,0.006000,0.000000,0.000000,1,1,1,220,237,429731,429731,255015,174716,0,60.00,7526,3319,181,0,0,0,7531,506.33,506.33,7,1351,0.0000,0.4980,0.4920,0.7720,0.5260
2026-04-27T17:52:44.604,3.687,1,-0.50,-2.10,-1.03,2.01,1,-0.0477,-0.0097,0.0239,0.0000,0.1869,0.1657,-4.89,-4.39,64.83,60.11,221,221,1.00000,1.00000,1.00000,1.00000,3,3,1,18.61032,0.00348,1.07639,0.0477,0.0097,0.2761,0.0000,0.1869,0.1657,4.89,-6.70,176.03,1,1,0.0000,0.0000,0.3000,0.00,0.8200,0.3500,0.9200,6.00,180.00,0.850000,0.000000,0.000000,1.100000,0.000000,0.000000,1.200000,0.000000,0.000000,1.350000,0.000000,0.000000,0.850000,0.020000,0.000000,0.008000,0.000000,0.000600,0.008000,0.000000,0.000600,0.006000,0.000000,0.000000,1,1,1,221,235,429731,429731,255015,174716,0,60.00,7526,3319,181,0,0,0,7531,506.33,506.33,7,1351,0.0000,0.4980,0.4920,0.7720,0.5260
2026-04-27T17:52:44.622,3.705,1,-86.00,0.00,0.00,0.00,1,-0.0477,-0.0126,0.0212,0.0000,0.1756,0.1615,-4.91,1.14,59.70,59.72,222,222,1.00000,1.00000,1.00000,1.00000,3,3,1,18.42834,0.00360,1.07673,0.0477,0.0126,0.2788,0.0000,0.1756,0.1615,4.91,-6.60,176.00,1,1,0.0000,0.0000,0.3000,0.00,0.8200,0.3500,0.9200,6.00,180.00,0.850000,0.000000,0.000000,1.100000,0.000000,0.000000,1.200000,0.000000,0.000000,1.350000,0.000000,0.000000,0.850000,0.020000,0.000000,0.008000,0.000000,0.000600,0.008000,0.000000,0.000600,0.006000,0.000000,0.000000,1,1,1,222,233,429731,429731,255015,174716,0,60.00,7526,3319,181,0,0,0,7531,506.33,506.33,7,1351,0.0000,0.4980,0.4920,0.7720,0.5260
2026-04-27T17:52:44.633,3.715,1,-86.00,0.00,0.00,0.00,1,-0.0470,-0.0153,0.0193,-0.0286,0.2004,0.1580,-4.76,-12.74,57.11,59.44,223,223,1.00000,1.00000,1.00000,1.00000,3,3,1,18.26584,0.00395,1.07274,0.0470,0.0153,0.2807,-0.0286,0.2004,0.1580,4.76,-7.14,176.09,1,1,0.0000,0.0000,0.3000,0.00,0.8200,0.3500,0.9200,6.00,180.00,0.850000,0.000000,0.000000,1.100000,0.000000,0.000000,1.200000,0.000000,0.000000,1.350000,0.000000,0.000000,0.850000,0.020000,0.000000,0.008000,0.000000,0.000600,0.008000,0.000000,0.000600,0.006000,0.000000,0.000000,1,1,1,223,240,429731,429731,255015,174716,0,60.00,7526,3319,181,0,0,0,7531,506.33,506.33,7,1351,0.0000,0.4980,0.4920,0.7720,0.5260
2026-04-27T17:52:44.654,3.737,1,-86.00,0.00,0.00,0.00,1,-0.0470,-0.0185,0.0165,-0.0109,0.1776,0.1481,-4.63,-6.09,102.41,60.67,224,224,1.00000,1.00000,1.00000,1.00000,3,3,1,18.11280,0.00363,1.07031,0.0470,0.0185,0.2835,-0.0109,0.1776,0.1481,4.63,-7.01,176.29,1,1,0.0000,0.0000,0.3000,0.00,0.8200,0.3500,0.9200,6.00,180.00,0.850000,0.000000,0.000000,1.100000,0.000000,0.000000,1.200000,0.000000,0.000000,1.350000,0.000000,0.000000,0.850000,0.020000,0.000000,0.008000,0.000000,0.000600,0.008000,0.000000,0.000600,0.006000,0.000000,0.000000,1,1,1,224,239,429731,429731,255015,174716,0,60.00,7526,3319,181,0,0,0,7531,506.33,506.33,7,1351,0.0000,0.4980,0.4920,0.7720,0.5260
2026-04-27T17:52:44.671,3.754,1,-0.60,-1.80,-0.94,2.86,1,-0.0469,-0.0214,0.0142,-0.0118,0.1775,0.1428,-4.64,0.61,43.81,60.10,225,225,1.00000,1.00000,1.00000,1.00000,3,3,1,18.02412,0.00354,1.07118,0.0469,0.0214,0.2858,-0.0118,0.1775,0.1428,4.64,-6.80,176.33,1,1,0.0000,0.0000,0.3000,0.00,0.8200,0.3500,0.9200,6.00,180.00,0.850000,0.000000,0.000000,1.100000,0.000000,0.000000,1.200000,0.000000,0.000000,1.350000,0.000000,0.000000,0.850000,0.020000,0.000000,0.008000,0.000000,0.000600,0.008000,0.000000,0.000600,0.006000,0.000000,0.000000,1,1,1,225,241,429731,429731,255015,174716,0,60.00,7526,3319,181,0,0,0,7531,506.33,506.33,7,1351,0.0000,0.4980,0.4920,0.7720,0.5260
2026-04-27T17:52:44.688,3.771,1,-0.60,-1.80,-0.94,2.86,1,-0.0464,-0.0245,0.0121,-0.0210,0.1870,0.1373,-4.70,3.67,59.08,60.10,226,226,1.00000,1.00000,1.00000,1.00000,3,3,1,17.92348,0.00351,1.07499,0.0464,0.0245,0.2879,-0.0210,0.1870,0.1373,4.70,-6.76,176.32,1,1,0.0000,0.0000,0.3000,0.00,0.8200,0.3500,0.9200,6.00,180.00,0.850000,0.000000,0.000000,1.100000,0.000000,0.000000,1.200000,0.000000,0.000000,1.350000,0.000000,0.000000,0.850000,0.020000,0.000000,0.008000,0.000000,0.000600,0.008000,0.000000,0.000600,0.006000,0.000000,0.000000,1,1,1,226,241,429731,429731,255015,174716,0,60.00,7526,3319,181,0,0,0,7531,506.33,506.33,7,1351,0.0000,0.4980,0.4920,0.7720,0.5260
2026-04-27T17:52:44.704,3.787,1,-0.60,-1.80,-0.94,2.86,1,-0.0461,-0.0275,0.0100,-0.0175,0.1837,0.1333,-4.60,-6.01,59.09,60.00,227,227,1.00000,1.00000,1.00000,1.00000,3,3,1,17.65162,0.00340,1.06811,0.0461,0.0275,0.2900,-0.0175,0.1837,0.1333,4.60,-6.76,176.42,1,1,0.0000,0.0000,0.3000,0.00,0.8200,0.3500,0.9200,6.00,180.00,0.850000,0.000000,0.000000,1.100000,0.000000,0.000000,1.200000,0.000000,0.000000,1.350000,0.000000,0.000000,0.850000,0.020000,0.000000,0.008000,0.000000,0.000600,0.008000,0.000000,0.000600,0.006000,0.000000,0.000000,1,1,1,227,240,429731,429731,255015,174716,0,60.00,7526,3319,181,0,0,0,7531,506.33,506.33,7,1351,0.0000,0.4980,0.4920,0.7720,0.5260
2026-04-27T17:52:44.723,3.806,1,-0.60,-1.80,-0.94,2.86,1,-0.0457,-0.0308,0.0080,-0.0216,0.1825,0.1211,-4.50,-5.07,62.22,60.13,228,228,1.00000,1.00000,1.00000,1.00000,3,3,1,17.47376,0.00368,1.07619,0.0457,0.0308,0.2920,-0.0216,0.1825,0.1211,4.50,-6.73,176.37,1,1,0.0000,0.0000,0.3000,0.00,0.8200,0.3500,0.9200,6.00,180.00,0.850000,0.000000,0.000000,1.100000,0.000000,0.000000,1.200000,0.000000,0.000000,1.350000,0.000000,0.000000,0.850000,0.020000,0.000000,0.008000,0.000000,0.000600,0.008000,0.000000,0.000600,0.006000,0.000000,0.000000,1,1,1,228,241,429731,429731,255015,174716,0,60.00,7526,3319,181,0,0,0,7531,506.33,506.33,7,1351,0.0000,0.4980,0.4920,0.7720,0.5260
2026-04-27T17:52:44.735,3.818,1,-0.60,-1.80,-0.94,2.86,1,-0.0452,-0.0337,0.0064,-0.0275,0.1909,0.1187,-4.42,-6.46,53.40,59.91,229,229,1.00000,1.00000,1.00000,1.00000,3,3,1,17.41999,0.00363,1.07337,0.0452,0.0337,0.2936,-0.0275,0.1909,0.1187,4.42,-6.79,176.55,1,1,0.0000,0.0000,0.3000,0.00,0.8200,0.3500,0.9200,6.00,180.00,0.850000,0.000000,0.000000,1.100000,0.000000,0.000000,1.200000,0.000000,0.000000,1.350000,0.000000,0.000000,0.850000,0.020000,0.000000,0.008000,0.000000,0.000600,0.008000,0.000000,0.000600,0.006000,0.000000,0.000000,1,1,1,229,242,429731,429731,255015,174716,0,60.00,7526,3319,181,0,0,0,7531,506.33,506.33,7,1351,0.0000,0.4980,0.4920,0.7720,0.5260
2026-04-27T17:52:44.754,3.837,1,-0.60,-1.80,-0.94,2.86,1,-0.0446,-0.0367,0.0046,-0.0322,0.1825,0.1098,-4.32,-5.29,87.90,59.94,230,230,1.00000,1.00000,1.00000,1.00000,3,3,1,17.16167,0.00378,1.06779,0.0446,0.0367,0.2954,-0.0322,0.1825,0.1098,4.32,-7.06,176.76,1,1,0.0000,0.0000,0.3000,0.00,0.8200,0.3500,0.9200,6.00,180.00,0.850000,0.000000,0.000000,1.100000,0.000000,0.000000,1.200000,0.000000,0.000000,1.350000,0.000000,0.000000,0.850000,0.020000,0.000000,0.008000,0.000000,0.000600,0.008000,0.000000,0.000600,0.006000,0.000000,0.000000,1,1,1,230,241,429731,429731,255015,174716,0,60.00,7526,3319,181,0,0,0,7531,506.33,506.33,7,1351,0.0000,0.4980,0.4920,0.7720,0.5260
2026-04-27T17:52:44.771,3.854,1,-0.60,-1.80,-0.94,2.86,1,-0.0443,-0.0400,0.0028,-0.0234,0.1984,0.1132,-4.34,1.29,52.94,60.93,231,231,1.00000,1.00000,1.00000,1.00000,3,3,1,17.01713,0.00365,1.07491,0.0443,0.0400,0.2972,-0.0234,0.1984,0.1132,4.34,-6.79,176.77,1,1,0.0000,0.0000,0.3000,0.00,0.8200,0.3500,0.9200,6.00,180.00,0.850000,0.000000,0.000000,1.100000,0.000000,0.000000,1.200000,0.000000,0.000000,1.350000,0.000000,0.000000,0.850000,0.020000,0.000000,0.008000,0.000000,0.000600,0.008000,0.000000,0.000600,0.006000,0.000000,0.000000,1,1,1,231,241,429731,429731,255015,174716,0,60.00,7526,3319,181,0,0,0,7531,506.33,506.33,7,1351,0.0000,0.4980,0.4920,0.7720,0.5260
2026-04-27T17:52:44.787,3.870,1,-0.60,-1.80,-0.94,2.86,1,-0.0436,-0.0428,0.0007,-0.0363,0.1798,0.1194,-4.28,-3.40,56.79,59.04,232,232,1.00000,1.00000,1.00000,1.00000,3,3,1,16.92855,0.00373,1.07444,0.0436,0.0428,0.2993,-0.0363,0.1798,0.1194,4.28,-6.88,176.79,1,1,0.0000,0.0000,0.3000,0.00,0.8200,0.3500,0.9200,6.00,180.00,0.850000,0.000000,0.000000,1.100000,0.000000,0.000000,1.200000,0.000000,0.000000,1.350000,0.000000,0.000000,0.850000,0.020000,0.000000,0.008000,0.000000,0.000600,0.008000,0.000000,0.000600,0.006000,0.000000,0.000000,1,1,1,232,241,429731,429731,255015,174716,0,60.00,7526,3319,181,0,0,0,7531,506.33,506.33,7,1351,0.0000,0.4980,0.4920,0.7720,0.5260
2026-04-27T17:52:44.804,3.887,1,-0.60,-1.80,-0.94,2.86,1,-0.0427,-0.0460,-0.0007,-0.0412,0.1878,0.0983,-4.22,-3.75,60.65,60.18,233,233,1.00000,1.00000,1.00000,1.00000,3,3,1,16.71225,0.00399,1.07744,0.0427,0.0460,0.3007,-0.0412,0.1878,0.0983,4.22,-7.03,176.75,1,1,0.0000,0.0000,0.3000,0.00,0.8200,0.3500,0.9200,6.00,180.00,0.850000,0.000000,0.000000,1.100000,0.000000,0.000000,1.200000,0.000000,0.000000,1.350000,0.000000,0.000000,0.850000,0.020000,0.000000,0.008000,0.000000,0.000600,0.008000,0.000000,0.000600,0.006000,0.000000,0.000000,1,1,1,233,242,429731,429731,255015,174716,0,60.00,7526,3319,181,0,0,0,7531,506.33,506.33,7,1351,0.0000,0.4980,0.4920,0.7720,0.5260
2026-04-27T17:52:44.819,3.902,1,-0.60,-1.20,1.01,2.92,1,-0.0422,-0.0488,-0.0025,-0.0361,0.1771,0.1068,-4.19,-1.92,58.88,59.97,234,234,1.00000,1.00000,1.00000,1.00000,3,3,1,16.62315,0.00376,1.07536,0.0422,0.0488,0.3025,-0.0361,0.1771,0.1068,4.19,-6.92,176.90,1,1,0.0000,0.0000,0.3000,0.00,0.8200,0.3500,0.9200,6.00,180.00,0.850000,0.000000,0.000000,1.100000,0.000000,0.000000,1.200000,0.000000,0.000000,1.350000,0.000000,0.000000,0.850000,0.020000,0.000000,0.008000,0.000000,0.000600,0.008000,0.000000,0.000600,0.006000,0.000000,0.000000,1,1,1,234,241,429731,429731,255015,174716,0,60.00,7526,3319,181,0,0,0,7531,506.33,506.33,7,1351,0.0000,0.4980,0.4920,0.7720,0.5260
2026-04-27T17:52:44.838,3.921,1,-0.60,-1.20,1.01,2.92,1,-0.0413,-0.0517,-0.0039,-0.0455,0.1755,0.0915,-4.15,-2.13,73.61,59.72,235,235,1.00000,1.00000,1.00000,1.00000,3,3,1,16.47445,0.00416,1.07756,0.0413,0.0517,0.3039,-0.0455,0.1755,0.0915,4.15,-7.14,176.90,1,1,0.0000,0.0000,0.3000,0.00,0.8200,0.3500,0.9200,6.00,180.00,0.850000,0.000000,0.000000,1.100000,0.000000,0.000000,1.200000,0.000000,0.000000,1.350000,0.000000,0.000000,0.850000,0.020000,0.000000,0.008000,0.000000,0.000600,0.008000,0.000000,0.000600,0.006000,0.000000,0.000000,1,1,1,235,241,429731,429731,255015,174716,0,60.00,7526,3319,181,0,0,0,7531,506.33,506.33,7,1351,0.0000,0.4980,0.4920,0.7720,0.5260
2026-04-27T17:52:44.854,3.937,1,-0.60,-1.20,1.01,2.92,1,-0.0409,-0.0549,-0.0055,-0.0328,0.1912,0.1013,-4.20,3.07,52.24,60.22,236,236,1.00000,1.00000,1.00000,1.00000,3,3,1,16.38920,0.00366,1.07712,0.0409,0.0549,0.3055,-0.0328,0.1912,0.1013,4.20,-6.75,176.89,1,1,0.0000,0.0000,0.3000,0.00,0.8200,0.3500,0.9200,6.00,180.00,0.850000,0.000000,0.000000,1.100000,0.000000,0.000000,1.200000,0.000000,0.000000,1.350000,0.000000,0.000000,0.850000,0.020000,0.000000,0.008000,0.000000,0.000600,0.008000,0.000000,0.000600,0.006000,0.000000,0.000000,1,1,1,236,241,429731,429731,255015,174716,0,60.00,7526,3319,181,0,0,0,7531,506.33,506.33,7,1351,0.0000,0.4980,0.4920,0.7720,0.5260
2026-04-27T17:52:44.871,3.954,1,-0.60,-1.20,1.01,2.92,1,-0.0400,-0.0577,-0.0072,-0.0460,0.1799,0.0999,-4.03,-10.18,59.73,59.99,237,237,1.00000,1.00000,1.00000,1.00000,3,3,1,16.27789,0.00390,1.07667,0.0400,0.0577,0.3072,-0.0460,0.1799,0.0999,4.03,-6.74,177.04,1,1,0.0000,0.0000,0.3000,0.00,0.8200,0.3500,0.9200,6.00,180.00,0.850000,0.000000,0.000000,1.100000,0.000000,0.000000,1.200000,0.000000,0.000000,1.350000,0.000000,0.000000,0.850000,0.020000,0.000000,0.008000,0.000000,0.000600,0.008000,0.000000,0.000600,0.006000,0.000000,0.000000,1,1,1,237,238,429791,429791,255075,174716,0,60.00,7586,6175,181,0,0,0,7531,506.33,506.33,7,1351,0.0000,0.4980,0.4920,0.7720,0.5260
2026-04-27T17:52:44.888,3.971,1,-0.60,-1.20,1.01,2.92,1,-0.0391,-0.0607,-0.0083,-0.0482,0.1751,0.0778,-3.99,-2.39,59.22,59.65,238,238,1.00000,1.00000,1.00000,1.00000,3,3,1,16.09355,0.00388,1.07029,0.0391,0.0607,0.3083,-0.0482,0.1751,0.0778,3.99,-7.02,177.19,1,1,0.0000,0.0000,0.3000,0.00,0.8200,0.3500,0.9200,6.00,180.00,0.850000,0.000000,0.000000,1.100000,0.000000,0.000000,1.200000,0.000000,0.000000,1.350000,0.000000,0.000000,0.850000,0.020000,0.000000,0.008000,0.000000,0.000600,0.008000,0.000000,0.000600,0.006000,0.000000,0.000000,1,1,1,238,242,429791,429791,255075,174716,0,60.00,7586,6175,181,0,0,0,7531,506.33,506.33,7,1351,0.0000,0.4980,0.4920,0.7720,0.5260
2026-04-27T17:52:44.902,3.985,1,-0.60,-1.20,1.01,2.92,1,-0.0386,-0.0636,-0.0100,-0.0397,0.1826,0.0979,-3.99,0.00,56.40,60.41,239,239,1.00000,1.00000,1.00000,1.00000,3,3,1,16.05262,0.00350,1.07432,0.0386,0.0636,0.3100,-0.0397,0.1826,0.0979,3.99,-6.55,177.29,1,1,0.0000,0.0000,0.3000,0.00,0.8200,0.3500,0.9200,6.00,180.00,0.850000,0.000000,0.000000,1.100000,0.000000,0.000000,1.200000,0.000000,0.000000,1.350000,0.000000,0.000000,0.850000,0.020000,0.000000,0.008000,0.000000,0.000600,0.008000,0.000000,0.000600,0.006000,0.000000,0.000000,1,1,1,239,240,429791,429791,255075,174716,0,60.00,7586,6175,181,0,0,0,7531,506.33,506.33,7,1351,0.0000,0.4980,0.4920,0.7720,0.5260
2026-04-27T17:52:44.920,4.003,1,-0.60,-1.20,1.01,2.92,1,-0.0377,-0.0663,-0.0113,-0.0496,0.1739,0.0873,-4.00,0.56,78.71,59.93,240,240,1.00000,1.00000,1.00000,1.00000,3,3,1,15.94398,0.00372,1.06747,0.0377,0.0663,0.3113,-0.0496,0.1739,0.0873,4.00,-6.59,177.38,1,1,0.0000,0.0000,0.3000,0.00,0.8200,0.3500,0.9200,6.00,180.00,0.850000,0.000000,0.000000,1.100000,0.000000,0.000000,1.200000,0.000000,0.000000,1.350000,0.000000,0.000000,0.850000,0.020000,0.000000,0.008000,0.000000,0.000600,0.008000,0.000000,0.000600,0.006000,0.000000,0.000000,1,1,1,240,238,429791,429791,255075,174716,0,60.00,7586,6175,181,0,0,0,7531,506.33,506.33,7,1351,0.0000,0.4980,0.4920,0.7720,0.5260
2026-04-27T17:52:44.938,4.020,1,-0.60,-1.20,1.01,2.92,1,-0.0370,-0.0691,-0.0130,-0.0451,0.1705,0.0931,-4.02,1.15,55.51,60.05,241,241,1.00000,1.00000,1.00000,1.00000,3,3,1,15.81450,0.00368,1.06984,0.0370,0.0691,0.3130,-0.0451,0.1705,0.0931,4.02,-6.41,177.49,1,1,0.0000,0.0000,0.3000,0.00,0.8200,0.3500,0.9200,6.00,180.00,0.850000,0.000000,0.000000,1.100000,0.000000,0.000000,1.200000,0.000000,0.000000,1.350000,0.000000,0.000000,0.850000,0.020000,0.000000,0.008000,0.000000,0.000600,0.008000,0.000000,0.000600,0.006000,0.000000,0.000000,1,1,1,241,242,429791,429791,255075,174716,0,60.00,7586,6175,181,0,0,0,7531,506.33,506.33,7,1351,0.0000,0.4980,0.4920,0.7720,0.5260
2026-04-27T17:52:44.951,4.034,1,-0.60,-1.20,1.01,2.92,1,-0.0361,-0.0720,-0.0145,-0.0515,0.1830,0.0942,-3.96,-4.54,54.19,58.29,242,242,1.00000,1.00000,1.00000,1.00000,3,3,1,15.62540,0.00355,1.07698,0.0361,0.0720,0.3145,-0.0515,0.1830,0.0942,3.96,-6.21,177.44,1,1,0.0000,0.0000,0.3000,0.00,0.8200,0.3500,0.9200,6.00,180.00,0.850000,0.000000,0.000000,1.100000,0.000000,0.000000,1.200000,0.000000,0.000000,1.350000,0.000000,0.000000,0.850000,0.020000,0.000000,0.008000,0.000000,0.000600,0.008000,0.000000,0.000600,0.006000,0.000000,0.000000,1,1,1,242,242,429791,429791,255075,174716,0,60.00,7586,6175,181,0,0,0,7531,506.33,506.33,7,1351,0.0000,0.4980,0.4920,0.7720,0.5260
2026-04-27T17:52:44.971,4.054,1,-0.60,-0.90,0.00,2.95,1,-0.0352,-0.0747,-0.0159,-0.0507,0.1614,0.0853,-3.93,-1.51,81.85,61.25,243,243,1.00000,1.00000,1.00000,1.00000,3,3,1,15.57034,0.00336,1.06960,0.0352,0.0747,0.3159,-0.0507,0.1614,0.0853,3.93,-6.14,177.67,1,1,0.0000,0.0000,0.3000,0.00,0.8200,0.3500,0.9200,6.00,180.00,0.850000,0.000000,0.000000,1.100000,0.000000,0.000000,1.200000,0.000000,0.000000,1.350000,0.000000,0.000000,0.850000,0.020000,0.000000,0.008000,0.000000,0.000600,0.008000,0.000000,0.000600,0.006000,0.000000,0.000000,1,1,1,243,242,429791,429791,255075,174716,0,60.00,7586,6175,241,0,0,0,7591,500.50,500.50,10,358,0.0000,0.5200,0.4990,0.7790,0.5130
2026-04-27T17:52:44.987,4.070,1,-0.60,-0.90,0.00,2.95,1,-0.0342,-0.0773,-0.0172,-0.0566,0.1650,0.0813,-3.86,-4.27,50.24,71.67,244,244,1.00000,1.00000,1.00000,1.00000,3,3,1,15.40340,0.00359,1.07473,0.0342,0.0773,0.3172,-0.0566,0.1650,0.0813,3.86,-6.28,177.79,1,1,0.0000,0.0000,0.3000,0.00,0.8200,0.3500,0.9200,6.00,180.00,0.850000,0.000000,0.000000,1.100000,0.000000,0.000000,1.200000,0.000000,0.000000,1.350000,0.000000,0.000000,0.850000,0.020000,0.000000,0.008000,0.000000,0.000600,0.008000,0.000000,0.000600,0.006000,0.000000,0.000000,1,1,1,244,242,429791,429791,255075,174716,0,60.00,7586,6175,241,0,0,0,7591,500.50,500.50,10,358,0.0000,0.5200,0.4990,0.7790,0.5130
2026-04-27T17:52:45.004,4.087,1,-0.60,-0.90,0.00,2.95,1,-0.0330,-0.0799,-0.0182,-0.0662,0.1616,0.0720,-3.77,-5.68,57.33,82.59,245,245,1.00000,1.00000,1.00000,1.00000,3,3,1,15.33184,0.00363,1.06662,0.0330,0.0799,0.3182,-0.0662,0.1616,0.0720,3.77,-6.42,177.98,1,1,0.0000,0.0000,0.3000,0.00,0.8200,0.3500,0.9200,6.00,180.00,0.850000,0.000000,0.000000,1.100000,0.000000,0.000000,1.200000,0.000000,0.000000,1.350000,0.000000,0.000000,0.850000,0.020000,0.000000,0.008000,0.000000,0.000600,0.008000,0.000000,0.000600,0.006000,0.000000,0.000000,1,1,1,245,241,429791,429791,255075,174716,0,60.00,7586,6175,241,0,0,0,7591,500.50,500.50,10,358,0.0000,0.5200,0.4990,0.7790,0.5130
2026-04-27T17:52:45.021,4.104,1,-0.40,-0.50,1.99,3.97,1,-0.0317,-0.0826,-0.0195,-0.0688,0.1618,0.0760,-3.65,-7.13,59.54,42.07,246,246,1.00000,1.00000,1.00000,1.00000,3,3,1,15.19219,0.00370,1.07332,0.0317,0.0826,0.3195,-0.0688,0.1618,0.0760,3.65,-6.52,178.07,1,1,0.0000,0.0000,0.3000,0.00,0.8200,0.3500,0.9200,6.00,180.00,0.850000,0.000000,0.000000,1.100000,0.000000,0.000000,1.200000,0.000000,0.000000,1.350000,0.000000,0.000000,0.850000,0.020000,0.000000,0.008000,0.000000,0.000600,0.008000,0.000000,0.000600,0.006000,0.000000,0.000000,1,1,1,246,241,429791,429791,255075,174716,0,60.00,7586,6175,241,0,0,0,7591,500.50,500.50,10,358,0.0000,0.5200,0.4990,0.7790,0.5130
2026-04-27T17:52:45.034,4.117,1,-0.40,-0.50,1.99,3.97,1,-0.0304,-0.0852,-0.0204,-0.0803,0.1710,0.0652,-3.60,-3.60,59.33,62.30,247,247,1.00000,1.00000,1.00000,1.00000,3,3,1,15.01656,0.00396,1.07340,0.0304,0.0852,0.3204,-0.0803,0.1710,0.0652,3.60,-6.94,178.07,1,1,0.0000,0.0000,0.3000,0.00,0.8200,0.3500,0.9200,6.00,180.00,0.850000,0.000000,0.000000,1.100000,0.000000,0.000000,1.200000,0.000000,0.000000,1.350000,0.000000,0.000000,0.850000,0.020000,0.000000,0.008000,0.000000,0.000600,0.008000,0.000000,0.000600,0.006000,0.000000,0.000000,1,1,1,247,238,429791,429791,255075,174716,0,60.00,7586,6175,241,0,0,0,7591,500.50,500.50,10,358,0.0000,0.5200,0.4990,0.7790,0.5130
2026-04-27T17:52:45.053,4.136,1,-0.40,-0.50,1.99,3.97,1,-0.0295,-0.0876,-0.0222,-0.0613,0.1469,0.0833,-3.54,-3.08,84.23,57.71,248,248,1.00000,1.00000,1.00000,1.00000,3,3,1,14.94559,0.00387,1.07267,0.0295,0.0876,0.3222,-0.0613,0.1469,0.0833,3.54,-6.72,178.13,1,1,0.0000,0.0000,0.3000,0.00,0.8200,0.3500,0.9200,6.00,180.00,0.850000,0.000000,0.000000,1.100000,0.000000,0.000000,1.200000,0.000000,0.000000,1.350000,0.000000,0.000000,0.850000,0.020000,0.000000,0.008000,0.000000,0.000600,0.008000,0.000000,0.000600,0.006000,0.000000,0.000000,1,1,1,248,242,429791,429791,255075,174716,0,60.00,7586,6175,241,0,0,0,7591,500.50,500.50,10,358,0.0000,0.5200,0.4990,0.7790,0.5130
2026-04-27T17:52:45.071,4.154,1,-0.40,-0.50,1.99,3.97,1,-0.0284,-0.0898,-0.0234,-0.0685,0.1434,0.0743,-3.50,-2.34,46.25,60.02,249,249,1.00000,1.00000,1.00000,1.00000,3,3,1,14.85179,0.00380,1.07519,0.0284,0.0898,0.3234,-0.0685,0.1434,0.0743,3.50,-6.75,178.22,1,1,0.0000,0.0000,0.3000,0.00,0.8200,0.3500,0.9200,6.00,180.00,0.850000,0.000000,0.000000,1.100000,0.000000,0.000000,1.200000,0.000000,0.000000,1.350000,0.000000,0.000000,0.850000,0.020000,0.000000,0.008000,0.000000,0.000600,0.008000,0.000000,0.000600,0.006000,0.000000,0.000000,1,1,1,249,240,429791,429791,255075,174716,0,60.00,7586,6175,241,0,0,0,7591,500.50,500.50,10,358,0.0000,0.5200,0.4990,0.7790,0.5130
2026-04-27T17:52:45.087,4.170,1,-0.40,-0.50,1.99,3.97,1,-0.0272,-0.0922,-0.0244,-0.0698,0.1473,0.0688,-3.48,-1.25,58.97,60.14,250,250,1.00000,1.00000,1.00000,1.00000,3,3,1,14.72914,0.00409,1.07318,0.0272,0.0922,0.3244,-0.0698,0.1473,0.0688,3.48,-6.89,178.35,1,1,0.0000,0.0000,0.3000,0.00,0.8200,0.3500,0.9200,6.00,180.00,0.850000,0.000000,0.000000,1.100000,0.000000,0.000000,1.200000,0.000000,0.000000,1.350000,0.000000,0.000000,0.850000,0.020000,0.000000,0.008000,0.000000,0.000600,0.008000,0.000000,0.000600,0.006000,0.000000,0.000000,1,1,1,250,241,429791,429791,255075,174716,0,60.00,7586,6175,241,0,0,0,7591,500.50,500.50,10,358,0.0000,0.5200,0.4990,0.7790,0.5130
2026-04-27T17:52:45.104,4.187,1,-0.40,-0.50,1.99,3.97,1,-0.0260,-0.0945,-0.0258,-0.0718,0.1422,0.0777,-3.49,0.60,62.42,62.06,251,251,1.00000,1.00000,1.00000,1.00000,3,3,1,14.63307,0.00391,1.07573,0.0260,0.0945,0.3258,-0.0718,0.1422,0.0777,3.49,-6.79,178.26,1,1,0.0000,0.0000,0.3000,0.00,0.8200,0.3500,0.9200,6.00,180.00,0.850000,0.000000,0.000000,1.100000,0.000000,0.000000,1.200000,0.000000,0.000000,1.350000,0.000000,0.000000,0.850000,0.020000,0.000000,0.008000,0.000000,0.000600,0.008000,0.000000,0.000600,0.006000,0.000000,0.000000,1,1,1,251,242,429791,429791,255075,174716,0,60.00,7586,6175,241,0,0,0,7591,500.50,500.50,10,358,0.0000,0.5200,0.4990,0.7790,0.5130
2026-04-27T17:52:45.122,4.205,1,-0.40,-0.10,0.00,3.86,1,-0.0250,-0.0967,-0.0273,-0.0676,0.1386,0.0819,-3.46,-1.70,59.67,57.73,252,252,1.00000,1.00000,1.00000,1.00000,3,3,1,14.50237,0.00377,1.07945,0.0250,0.0967,0.3273,-0.0676,0.1386,0.0819,3.46,-6.56,178.19,1,1,0.0000,0.0000,0.3000,0.00,0.8200,0.3500,0.9200,6.00,180.00,0.850000,0.000000,0.000000,1.100000,0.000000,0.000000,1.200000,0.000000,0.000000,1.350000,0.000000,0.000000,0.850000,0.020000,0.000000,0.008000,0.000000,0.000600,0.008000,0.000000,0.000600,0.006000,0.000000,0.000000,1,1,1,252,242,429791,429791,255075,174716,0,60.00,7586,6175,241,0,0,0,7591,500.50,500.50,10,358,0.0000,0.5200,0.4990,0.7790,0.5130
2026-04-27T17:52:45.137,4.220,1,-0.40,-0.10,0.00,3.86,1,-0.0239,-0.0984,-0.0287,-0.0675,0.1198,0.0821,-3.45,-0.60,56.46,60.41,253,253,1.00000,1.00000,1.00000,1.00000,3,3,1,14.45742,0.00362,1.07196,0.0239,0.0984,0.3287,-0.0675,0.1198,0.0821,3.45,-6.41,178.44,1,1,0.0000,0.0000,0.3000,0.00,0.8200,0.3500,0.9200,6.00,180.00,0.850000,0.000000,0.000000,1.100000,0.000000,0.000000,1.200000,0.000000,0.000000,1.350000,0.000000,0.000000,0.850000,0.020000,0.000000,0.008000,0.000000,0.000600,0.008000,0.000000,0.000600,0.006000,0.000000,0.000000,1,1,1,253,241,429791,429791,255075,174716,0,60.00,7586,6175,241,0,0,0,7591,500.50,500.50,10,358,0.0000,0.5200,0.4990,0.7790,0.5130
2026-04-27T17:52:45.155,4.237,1,-0.40,-0.10,0.00,3.86,1,-0.0228,-0.1005,-0.0302,-0.0656,0.1240,0.0832,-3.47,1.23,64.43,59.82,254,254,1.00000,1.00000,1.00000,1.00000,3,3,1,14.36138,0.00364,1.07915,0.0228,0.1005,0.3302,-0.0656,0.1240,0.0832,3.47,-6.13,178.51,1,1,0.0000,0.0000,0.3000,0.00,0.8200,0.3500,0.9200,6.00,180.00,0.850000,0.000000,0.000000,1.100000,0.000000,0.000000,1.200000,0.000000,0.000000,1.350000,0.000000,0.000000,0.850000,0.020000,0.000000,0.008000,0.000000,0.000600,0.008000,0.000000,0.000600,0.006000,0.000000,0.000000,1,1,1,254,241,429791,429791,255075,174716,0,60.00,7586,6175,241,0,0,0,7591,500.50,500.50,10,358,0.0000,0.5200,0.4990,0.7790,0.5130
2026-04-27T17:52:45.172,4.255,1,-0.40,-0.10,0.00,3.86,1,-0.0218,-0.1025,-0.0315,-0.0646,0.1218,0.0790,-3.51,2.26,61.36,60.16,255,255,1.00000,1.00000,1.00000,1.00000,3,3,1,14.26887,0.00359,1.07477,0.0218,0.1025,0.3315,-0.0646,0.1218,0.0790,3.51,-5.93,178.45,1,1,0.0000,0.0000,0.3000,0.00,0.8200,0.3500,0.9200,6.00,180.00,0.850000,0.000000,0.000000,1.100000,0.000000,0.000000,1.200000,0.000000,0.000000,1.350000,0.000000,0.000000,0.850000,0.020000,0.000000,0.008000,0.000000,0.000600,0.008000,0.000000,0.000600,0.006000,0.000000,0.000000,1,1,1,255,242,429791,429791,255075,174716,0,60.00,7586,6175,241,0,0,0,7591,500.50,500.50,10,358,0.0000,0.5200,0.4990,0.7790,0.5130
2026-04-27T17:52:45.187,4.270,1,-0.40,-0.10,0.00,3.86,1,-0.0204,-0.1043,-0.0324,-0.0770,0.1178,0.0680,-3.42,-6.00,57.04,111.38,256,256,1.00000,1.00000,1.00000,1.00000,3,3,1,14.21717,0.00345,1.07366,0.0204,0.1043,0.3324,-0.0770,0.1178,0.0680,3.42,-6.12,178.56,1,1,0.0000,0.0000,0.3000,0.00,0.8200,0.3500,0.9200,6.00,180.00,0.850000,0.000000,0.000000,1.100000,0.000000,0.000000,1.200000,0.000000,0.000000,1.350000,0.000000,0.000000,0.850000,0.020000,0.000000,0.008000,0.000000,0.000600,0.008000,0.000000,0.000600,0.006000,0.000000,0.000000,1,1,1,256,241,429791,429791,255075,174716,0,60.00,7586,6175,241,0,0,0,7591,500.50,500.50,10,358,0.0000,0.5200,0.4990,0.7790,0.5130
2026-04-27T17:52:45.204,4.287,1,-0.40,-0.10,0.00,3.86,1,-0.0191,-0.1060,-0.0339,-0.0771,0.1092,0.0783,-3.42,0.00,61.50,41.35,257,257,1.00000,1.00000,1.00000,1.00000,3,3,1,14.05565,0.00357,1.07675,0.0191,0.1060,0.3339,-0.0771,0.1092,0.0783,3.42,-6.04,178.77,1,1,0.0000,0.0000,0.3000,0.00,0.8200,0.3500,0.9200,6.00,180.00,0.850000,0.000000,0.000000,1.100000,0.000000,0.000000,1.200000,0.000000,0.000000,1.350000,0.000000,0.000000,0.850000,0.020000,0.000000,0.008000,0.000000,0.000600,0.008000,0.000000,0.000600,0.006000,0.000000,0.000000,1,1,1,257,242,429791,429791,255075,174716,0,60.00,7586,6175,241,0,0,0,7591,500.50,500.50,10,358,0.0000,0.5200,0.4990,0.7790,0.5130
2026-04-27T17:52:45.219,4.302,1,-0.30,0.30,0.97,3.95,1,-0.0175,-0.1075,-0.0351,-0.0855,0.1004,0.0734,-3.34,-4.92,59.93,62.44,258,258,1.00000,1.00000,1.00000,1.00000,3,3,1,14.03800,0.00360,1.07579,0.0175,0.1075,0.3351,-0.0855,0.1004,0.0734,3.34,-6.14,178.76,1,1,0.0000,0.0000,0.3000,0.00,0.8200,0.3500,0.9200,6.00,180.00,0.850000,0.000000,0.000000,1.100000,0.000000,0.000000,1.200000,0.000000,0.000000,1.350000,0.000000,0.000000,0.850000,0.020000,0.000000,0.008000,0.000000,0.000600,0.008000,0.000000,0.000600,0.006000,0.000000,0.000000,1,1,1,258,240,429791,429791,255075,174716,0,60.00,7586,6175,241,0,0,0,7591,500.50,500.50,10,358,0.0000,0.5200,0.4990,0.7790,0.5130
2026-04-27T17:52:45.237,4.320,1,-0.30,0.30,0.97,3.95,1,-0.0161,-0.1092,-0.0363,-0.0866,0.1032,0.0737,-3.20,-8.22,70.12,219.95,259,259,1.00000,1.00000,1.00000,1.00000,3,3,1,13.81176,0.00378,1.07882,0.0161,0.1092,0.3363,-0.0866,0.1032,0.0737,3.20,-6.30,178.91,1,1,0.0000,0.0000,0.3000,0.00,0.8200,0.3500,0.9200,6.00,180.00,0.850000,0.000000,0.000000,1.100000,0.000000,0.000000,1.200000,0.000000,0.000000,1.350000,0.000000,0.000000,0.850000,0.020000,0.000000,0.008000,0.000000,0.000600,0.008000,0.000000,0.000600,0.006000,0.000000,0.000000,1,1,1,259,240,429791,429791,255075,174716,0,60.00,7586,6175,241,0,0,0,7591,500.50,500.50,10,358,0.0000,0.5200,0.4990,0.7790,0.5130
2026-04-27T17:52:45.254,4.337,1,-0.30,0.30,0.97,3.95,1,-0.0147,-0.1108,-0.0374,-0.0828,0.1012,0.0679,-3.13,-4.22,52.51,33.74,260,260,1.00000,1.00000,1.00000,1.00000,3,3,1,13.87777,0.00366,1.07923,0.0147,0.1108,0.3374,-0.0828,0.1012,0.0679,3.13,-6.21,178.87,1,1,0.0000,0.0000,0.3000,0.00,0.8200,0.3500,0.9200,6.00,180.00,0.850000,0.000000,0.000000,1.100000,0.000000,0.000000,1.200000,0.000000,0.000000,1.350000,0.000000,0.000000,0.850000,0.020000,0.000000,0.008000,0.000000,0.000600,0.008000,0.000000,0.000600,0.006000,0.000000,0.000000,1,1,1,260,242,429791,429791,255075,174716,0,60.00,7586,6175,241,0,0,0,7591,500.50,500.50,10,358,0.0000,0.5200,0.4990,0.7790,0.5130
2026-04-27T17:52:45.271,4.354,1,-0.30,0.30,0.97,3.95,1,-0.0134,-0.1122,-0.0388,-0.0813,0.0909,0.0789,-3.13,0.00,62.99,63.81,261,261,1.00000,1.00000,1.00000,1.00000,3,3,1,13.66353,0.00380,1.08294,0.0134,0.1122,0.3388,-0.0813,0.0909,0.0789,3.13,-6.03,178.90,1,1,0.0000,0.0000,0.3000,0.00,0.8200,0.3500,0.9200,6.00,180.00,0.850000,0.000000,0.000000,1.100000,0.000000,0.000000,1.200000,0.000000,0.000000,1.350000,0.000000,0.000000,0.850000,0.020000,0.000000,0.008000,0.000000,0.000600,0.008000,0.000000,0.000600,0.006000,0.000000,0.000000,1,1,1,261,241,429791,429791,255075,174716,0,60.00,7586,6175,241,0,0,0,7591,500.50,500.50,10,358,0.0000,0.5200,0.4990,0.7790,0.5130
2026-04-27T17:52:45.288,4.371,1,-0.30,0.30,0.97,3.95,1,-0.0120,-0.1134,-0.0399,-0.0819,0.0817,0.0666,-3.20,4.18,57.47,56.44,262,262,1.00000,1.00000,1.00000,1.00000,3,3,1,13.65596,0.00390,1.08564,0.0120,0.1134,0.3399,-0.0819,0.0817,0.0666,3.20,-5.99,178.87,1,1,0.0000,0.0000,0.3000,0.00,0.8200,0.3500,0.9200,6.00,180.00,0.850000,0.000000,0.000000,1.100000,0.000000,0.000000,1.200000,0.000000,0.000000,1.350000,0.000000,0.000000,0.850000,0.020000,0.000000,0.008000,0.000000,0.000600,0.008000,0.000000,0.000600,0.006000,0.000000,0.000000,1,1,1,262,240,429791,429791,255075,174716,0,60.00,7586,6175,241,0,0,0,7591,500.50,500.50,10,358,0.0000,0.5200,0.4990,0.7790,0.5130
2026-04-27T17:52:45.304,4.387,1,-0.30,0.30,0.97,3.95,1,-0.0108,-0.1145,-0.0408,-0.0793,0.0751,0.0639,-3.17,-1.92,59.73,62.03,263,263,1.00000,1.00000,1.00000,1.00000,3,3,1,13.47096,0.00358,1.07634,0.0108,0.1145,0.3408,-0.0793,0.0751,0.0639,3.17,-6.06,179.04,1,1,0.0000,0.0000,0.3000,0.00,0.8200,0.3500,0.9200,6.00,180.00,0.850000,0.000000,0.000000,1.100000,0.000000,0.000000,1.200000,0.000000,0.000000,1.350000,0.000000,0.000000,0.850000,0.020000,0.000000,0.008000,0.000000,0.000600,0.008000,0.000000,0.000600,0.006000,0.000000,0.000000,1,1,1,263,242,429791,429791,255075,174716,0,60.00,7586,6175,241,0,0,0,7591,500.50,500.50,10,358,0.0000,0.5200,0.4990,0.7790,0.5130
2026-04-27T17:52:45.320,4.403,1,-0.30,0.30,0.97,3.95,1,-0.0095,-0.1156,-0.0417,-0.0817,0.0725,0.0599,-3.07,-5.73,60.11,60.14,264,264,1.00000,1.00000,1.00000,1.00000,3,3,1,13.52162,0.00384,1.07460,0.0095,0.1156,0.3417,-0.0817,0.0725,0.0599,3.07,-5.97,179.11,1,1,0.0000,0.0000,0.3000,0.00,0.8200,0.3500,0.9200,6.00,180.00,0.850000,0.000000,0.000000,1.100000,0.000000,0.000000,1.200000,0.000000,0.000000,1.350000,0.000000,0.000000,0.850000,0.020000,0.000000,0.008000,0.000000,0.000600,0.008000,0.000000,0.000600,0.006000,0.000000,0.000000,1,1,1,264,241,429791,429791,255075,174716,0,60.00,7586,6175,241,0,0,0,7591,500.50,500.50,10,358,0.0000,0.5200,0.4990,0.7790,0.5130
2026-04-27T17:52:45.338,4.421,1,-0.30,0.30,0.97,3.95,1,-0.0079,-0.1166,-0.0427,-0.0887,0.0666,0.0607,-2.97,-6.13,60.81,157.05,265,265,1.00000,1.00000,1.00000,1.00000,3,3,1,13.31316,0.00389,1.07671,0.0079,0.1166,0.3427,-0.0887,0.0666,0.0607,2.97,-6.08,179.24,1,1,0.0000,0.0000,0.3000,0.00,0.8200,0.3500,0.9200,6.00,180.00,0.850000,0.000000,0.000000,1.100000,0.000000,0.000000,1.200000,0.000000,0.000000,1.350000,0.000000,0.000000,0.850000,0.020000,0.000000,0.008000,0.000000,0.000600,0.008000,0.000000,0.000600,0.006000,0.000000,0.000000,1,1,1,265,242,429791,429791,255075,174716,0,60.00,7586,6175,241,0,0,0,7591,500.50,500.50,10,358,0.0000,0.5200,0.4990,0.7790,0.5130
2026-04-27T17:52:45.354,4.437,1,-0.30,0.30,0.97,3.95,1,-0.0065,-0.1177,-0.0437,-0.0858,0.0682,0.0592,-2.97,0.00,56.36,37.19,266,266,1.00000,1.00000,1.00000,1.00000,3,3,1,13.29130,0.00406,1.07801,0.0065,0.1177,0.3437,-0.0858,0.0682,0.0592,2.97,-5.98,179.24,1,1,0.0000,0.0000,0.3000,0.00,0.8200,0.3500,0.9200,6.00,180.00,0.850000,0.000000,0.000000,1.100000,0.000000,0.000000,1.200000,0.000000,0.000000,1.350000,0.000000,0.000000,0.850000,0.020000,0.000000,0.008000,0.000000,0.000600,0.008000,0.000000,0.000600,0.006000,0.000000,0.000000,1,1,1,266,242,429791,429791,255075,174716,0,60.00,7586,6175,241,0,0,0,7591,500.50,500.50,10,358,0.0000,0.5200,0.4990,0.7790,0.5130
2026-04-27T17:52:45.366,4.448,1,-0.30,0.30,0.97,3.95,1,-0.0050,-0.1181,-0.0445,-0.0993,0.0435,0.0558,-3.00,2.63,62.63,60.76,267,267,1.00000,1.00000,1.00000,1.00000,3,3,1,13.30147,0.00390,1.07923,0.0050,0.1181,0.3445,-0.0993,0.0435,0.0558,3.00,-6.17,179.36,1,1,0.0000,0.0000,0.3000,0.00,0.8200,0.3500,0.9200,6.00,180.00,0.850000,0.000000,0.000000,1.100000,0.000000,0.000000,1.200000,0.000000,0.000000,1.350000,0.000000,0.000000,0.850000,0.020000,0.000000,0.008000,0.000000,0.000600,0.008000,0.000000,0.000600,0.006000,0.000000,0.000000,1,1,1,267,239,429791,429791,255075,174716,0,60.00,7586,6175,241,0,0,0,7591,500.50,500.50,10,358,0.0000,0.5200,0.4990,0.7790,0.5130
2026-04-27T17:52:45.387,4.470,1,-0.30,0.30,0.97,3.95,1,-0.0035,-0.1189,-0.0451,-0.0861,0.0467,0.0436,-2.97,-1.45,95.97,60.63,268,268,1.00000,1.00000,1.00000,1.00000,3,3,1,13.12415,0.00380,1.07246,0.0035,0.1189,0.3451,-0.0861,0.0467,0.0436,2.97,-6.31,179.44,1,1,0.0000,0.0000,0.3000,0.00,0.8200,0.3500,0.9200,6.00,180.00,0.850000,0.000000,0.000000,1.100000,0.000000,0.000000,1.200000,0.000000,0.000000,1.350000,0.000000,0.000000,0.850000,0.020000,0.000000,0.008000,0.000000,0.000600,0.008000,0.000000,0.000600,0.006000,0.000000,0.000000,1,1,1,268,242,429791,429791,255075,174716,0,60.00,7586,6175,241,0,0,0,7591,500.50,500.50,10,358,0.0000,0.5200,0.4990,0.7790,0.5130
2026-04-27T17:52:45.406,4.489,1,-0.30,0.30,0.97,3.95,1,-0.0020,-0.1200,-0.0461,-0.0875,0.0542,0.0524,-2.89,-4.27,43.94,58.29,269,269,1.00000,1.00000,1.00000,1.00000,3,3,1,13.08276,0.00389,1.07864,0.0020,0.1200,0.3461,-0.0875,0.0542,0.0524,2.89,-6.14,179.37,1,1,0.0000,0.0000,0.3000,0.00,0.8200,0.3500,0.9200,6.00,180.00,0.850000,0.000000,0.000000,1.100000,0.000000,0.000000,1.200000,0.000000,0.000000,1.350000,0.000000,0.000000,0.850000,0.020000,0.000000,0.008000,0.000000,0.000600,0.008000,0.000000,0.000600,0.006000,0.000000,0.000000,1,1,1,269,241,429791,429791,255075,174716,0,60.00,7586,6175,241,0,0,0,7591,500.50,500.50,10,358,0.0000,0.5200,0.4990,0.7790,0.5130
2026-04-27T17:52:45.421,4.504,1,-0.30,0.30,0.97,3.95,1,-0.0007,-0.1199,-0.0473,-0.0869,0.0182,0.0642,-2.84,-3.44,52.63,61.83,270,270,1.00000,1.00000,1.00000,1.00000,3,3,1,13.03664,0.00389,1.07979,0.0007,0.1199,0.3473,-0.0869,0.0182,0.0642,2.84,-6.16,179.47,1,1,0.0000,0.0000,0.3000,0.00,0.8200,0.3500,0.9200,6.00,180.00,0.850000,0.000000,0.000000,1.100000,0.000000,0.000000,1.200000,0.000000,0.000000,1.350000,0.000000,0.000000,0.850000,0.020000,0.000000,0.008000,0.000000,0.000600,0.008000,0.000000,0.000600,0.006000,0.000000,0.000000,1,1,1,270,237,429791,429791,255075,174716,0,60.00,7586,6175,241,0,0,0,7591,500.50,500.50,10,358,0.0000,0.5200,0.4990,0.7790,0.5130
2026-04-27T17:52:45.437,4.520,1,-0.30,0.30,0.97,3.95,1,0.0006,-0.1206,-0.0479,-0.0836,0.0365,0.0451,-2.98,8.31,70.06,60.31,271,271,1.00000,1.00000,1.00000,1.00000,3,3,1,12.93196,0.00351,1.07669,-0.0006,0.1206,0.3479,-0.0836,0.0365,0.0451,2.98,-5.93,179.48,1,1,0.0000,0.0000,0.3000,0.00,0.8200,0.3500,0.9200,6.00,180.00,0.850000,0.000000,0.000000,1.100000,0.000000,0.000000,1.200000,0.000000,0.000000,1.350000,0.000000,0.000000,0.850000,0.020000,0.000000,0.008000,0.000000,0.000600,0.008000,0.000000,0.000600,0.006000,0.000000,0.000000,1,1,1,271,238,429791,429791,255075,174716,0,60.00,7586,6175,241,0,0,0,7591,500.50,500.50,10,358,0.0000,0.5200,0.4990,0.7790,0.5130
2026-04-27T17:52:45.454,4.537,1,-0.30,0.30,0.97,3.95,1,0.0024,-0.1210,-0.0487,-0.0998,0.0275,0.0482,-2.80,-10.91,59.37,90.33,272,272,1.00000,1.00000,1.00000,1.00000,3,3,1,12.98040,0.00397,1.08263,-0.0024,0.1210,0.3487,-0.0998,0.0275,0.0482,2.80,-6.02,179.43,1,1,0.0000,0.0000,0.3000,0.00,0.8200,0.3500,0.9200,6.00,180.00,0.850000,0.000000,0.000000,1.100000,0.000000,0.000000,1.200000,0.000000,0.000000,1.350000,0.000000,0.000000,0.850000,0.020000,0.000000,0.008000,0.000000,0.000600,0.008000,0.000000,0.000600,0.006000,0.000000,0.000000,1,1,1,272,240,429791,429791,255075,174716,0,60.00,7586,6175,241,0,0,0,7591,500.50,500.50,10,358,0.0000,0.5200,0.4990,0.7790,0.5130
2026-04-27T17:52:45.471,4.553,1,-0.30,0.30,0.97,3.95,1,0.0038,-0.1209,-0.0494,-0.0884,0.0000,0.0463,-2.83,1.70,60.62,44.39,273,273,1.00000,1.00000,1.00000,1.00000,3,3,1,12.81894,0.00367,1.07772,-0.0038,0.1209,0.3494,-0.0884,0.0000,0.0463,2.83,-5.94,179.72,1,1,0.0000,0.0000,0.3000,0.00,0.8200,0.3500,0.9200,6.00,180.00,0.850000,0.000000,0.000000,1.100000,0.000000,0.000000,1.200000,0.000000,0.000000,1.350000,0.000000,0.000000,0.850000,0.020000,0.000000,0.008000,0.000000,0.000600,0.008000,0.000000,0.000600,0.006000,0.000000,0.000000,1,1,1,273,239,429791,429791,255075,174716,0,60.00,7586,6175,241,0,0,0,7591,500.50,500.50,10,358,0.0000,0.5200,0.4990,0.7790,0.5130
2026-04-27T17:52:45.487,4.570,1,-0.30,0.30,0.97,3.95,1,0.0051,-0.1210,-0.0501,-0.0849,0.0101,0.0433,-2.84,0.60,60.08,57.11,274,274,1.00000,1.00000,1.00000,1.00000,3,3,1,12.85487,0.00372,1.07873,-0.0051,0.1210,0.3501,-0.0849,0.0101,0.0433,2.84,-5.96,179.74,1,1,0.0000,0.0000,0.3000,0.00,0.8200,0.3500,0.9200,6.00,180.00,0.850000,0.000000,0.000000,1.100000,0.000000,0.000000,1.200000,0.000000,0.000000,1.350000,0.000000,0.000000,0.850000,0.020000,0.000000,0.008000,0.000000,0.000600,0.008000,0.000000,0.000600,0.006000,0.000000,0.000000,1,1,1,274,241,429791,429791,255075,174716,0,60.00,7586,6175,241,0,0,0,7591,500.50,500.50,10,358,0.0000,0.5200,0.4990,0.7790,0.5130
2026-04-27T17:52:45.502,4.585,1,-0.30,0.30,0.97,3.95,1,0.0065,-0.1211,-0.0511,-0.0860,0.0000,0.0525,-2.73,-7.42,59.65,62.90,275,275,1.00000,1.00000,1.00000,1.00000,3,3,1,12.76702,0.00356,1.08092,-0.0065,0.1211,0.3511,-0.0860,0.0000,0.0525,2.73,-5.81,179.70,1,1,0.0000,0.0000,0.3000,0.00,0.8200,0.3500,0.9200,6.00,180.00,0.850000,0.000000,0.000000,1.100000,0.000000,0.000000,1.200000,0.000000,0.000000,1.350000,0.000000,0.000000,0.850000,0.020000,0.000000,0.008000,0.000000,0.000600,0.008000,0.000000,0.000600,0.006000,0.000000,0.000000,1,1,1,275,238,429791,429791,255075,174716,0,60.00,7586,6175,241,0,0,0,7591,500.50,500.50,10,358,0.0000,0.5200,0.4990,0.7790,0.5130
2026-04-27T17:52:45.517,4.600,1,-0.30,0.30,0.97,3.95,1,0.0083,-0.1211,-0.0513,-0.1042,0.0000,0.0262,-2.67,-4.00,72.29,60.58,276,276,1.00000,1.00000,1.00000,1.00000,3,3,1,12.66214,0.00405,1.07498,-0.0083,0.1211,0.3513,-0.1042,0.0000,0.0262,2.67,-6.24,179.85,1,1,0.0000,0.0000,0.3000,0.00,0.8200,0.3500,0.9200,6.00,180.00,0.850000,0.000000,0.000000,1.100000,0.000000,0.000000,1.200000,0.000000,0.000000,1.350000,0.000000,0.000000,0.850000,0.020000,0.000000,0.008000,0.000000,0.000600,0.008000,0.000000,0.000600,0.006000,0.000000,0.000000,1,1,1,276,239,429791,429791,255075,174716,0,60.00,7586,6175,241,0,0,0,7591,500.50,500.50,10,358,0.0000,0.5200,0.4990,0.7790,0.5130
2026-04-27T17:52:45.534,4.617,1,-0.19,1.09,1.01,1.91,1,0.0096,-0.1207,-0.0521,-0.0872,-0.0141,0.0418,-2.69,1.21,66.64,77.16,277,277,1.00000,1.00000,1.00000,1.00000,3,3,1,12.68852,0.00367,1.07580,-0.0096,0.1207,0.3521,-0.0872,-0.0141,0.0418,2.69,-5.99,179.96,1,1,0.0000,0.0000,0.3000,0.00,0.8200,0.3500,0.9200,6.00,180.00,0.850000,0.000000,0.000000,1.100000,0.000000,0.000000,1.200000,0.000000,0.000000,1.350000,0.000000,0.000000,0.850000,0.020000,0.000000,0.008000,0.000000,0.000600,0.008000,0.000000,0.000600,0.006000,0.000000,0.000000,1,1,1,277,243,429791,429791,255075,174716,0,60.00,7586,6175,241,0,0,0,7591,500.50,500.50,10,358,0.0000,0.5200,0.4990,0.7790,0.5130
2026-04-27T17:52:45.550,4.633,1,-0.19,1.09,1.01,1.91,1,0.0112,-0.1208,-0.0526,-0.0952,0.0000,0.0325,-2.68,-0.60,60.64,47.92,278,278,1.00000,1.00000,1.00000,1.00000,3,3,1,12.68899,0.00397,1.08024,-0.0112,0.1208,0.3526,-0.0952,0.0000,0.0325,2.68,-6.09,179.88,1,1,0.0000,0.0000,0.3000,0.00,0.8200,0.3500,0.9200,6.00,180.00,0.850000,0.000000,0.000000,1.100000,0.000000,0.000000,1.200000,0.000000,0.000000,1.350000,0.000000,0.000000,0.850000,0.020000,0.000000,0.008000,0.000000,0.000600,0.008000,0.000000,0.000600,0.006000,0.000000,0.000000,1,1,1,278,239,429791,429791,255075,174716,0,60.00,7586,6175,241,0,0,0,7591,500.50,500.50,10,358,0.0000,0.5200,0.4990,0.7790,0.5130
2026-04-27T17:52:45.567,4.650,1,-0.19,1.09,1.01,1.91,1,0.0128,-0.1203,-0.0530,-0.0965,-0.0192,0.0314,-2.52,-9.87,59.80,59.44,279,279,1.00000,1.00000,1.00000,1.00000,3,3,1,12.52193,0.00409,1.07877,-0.0128,0.1203,0.3530,-0.0965,-0.0192,0.0314,2.52,-6.23,179.93,1,1,0.0000,0.0000,0.3000,0.00,0.8200,0.3500,0.9200,6.00,180.00,0.850000,0.000000,0.000000,1.100000,0.000000,0.000000,1.200000,0.000000,0.000000,1.350000,0.000000,0.000000,0.850000,0.020000,0.000000,0.008000,0.000000,0.000600,0.008000,0.000000,0.000600,0.006000,0.000000,0.000000,1,1,1,279,243,429791,429791,255075,174716,0,60.00,7586,6175,241,0,0,0,7591,500.50,500.50,10,358,0.0000,0.5200,0.4990,0.7790,0.5130
2026-04-27T17:52:45.584,4.667,1,-0.19,1.09,1.01,1.91,1,0.0140,-0.1194,-0.0542,-0.0844,-0.0341,0.0498,-2.62,5.85,61.70,63.20,280,280,1.00000,1.00000,1.00000,1.00000,3,3,1,12.62382,0.00353,1.07788,-0.0140,0.1194,0.3542,-0.0844,-0.0341,0.0498,2.62,-5.76,179.95,1,1,0.0000,0.0000,0.3000,0.00,0.8200,0.3500,0.9200,6.00,180.00,0.850000,0.000000,0.000000,1.100000,0.000000,0.000000,1.200000,0.000000,0.000000,1.350000,0.000000,0.000000,0.850000,0.020000,0.000000,0.008000,0.000000,0.000600,0.008000,0.000000,0.000600,0.006000,0.000000,0.000000,1,1,1,280,243,429791,429791,255075,174716,0,60.00,7586,6175,241,0,0,0,7591,500.50,500.50,10,358,0.0000,0.5200,0.4990,0.7790,0.5130
2026-04-27T17:52:45.603,4.686,1,-0.19,1.09,1.01,1.91,1,0.0158,-0.1191,-0.0546,-0.0926,-0.0225,0.0310,-2.50,-6.15,58.46,65.79,281,281,1.00000,1.00000,1.00000,1.00000,3,3,1,12.59127,0.00393,1.08228,-0.0158,0.1191,0.3546,-0.0926,-0.0225,0.0310,2.50,-5.77,179.92,1,1,0.0000,0.0000,0.3000,0.00,0.8200,0.3500,0.9200,6.00,180.00,0.850000,0.000000,0.000000,1.100000,0.000000,0.000000,1.200000,0.000000,0.000000,1.350000,0.000000,0.000000,0.850000,0.020000,0.000000,0.008000,0.000000,0.000600,0.008000,0.000000,0.000600,0.006000,0.000000,0.000000,1,1,1,281,243,429791,429791,255075,174716,0,60.00,7586,6175,241,0,0,0,7591,500.50,500.50,10,358,0.0000,0.5200,0.4990,0.7790,0.5130
2026-04-27T17:52:45.621,4.704,1,-0.19,1.09,1.01,1.91,1,0.0171,-0.1183,-0.0550,-0.0864,-0.0391,0.0299,-2.41,-5.31,51.25,54.89,282,282,1.00000,1.00000,1.00000,1.00000,3,3,1,12.48732,0.00377,1.07969,-0.0171,0.1183,0.3550,-0.0864,-0.0391,0.0299,2.41,-5.79,-179.98,1,1,0.0000,0.0000,0.3000,0.00,0.8200,0.3500,0.9200,6.00,180.00,0.850000,0.000000,0.000000,1.100000,0.000000,0.000000,1.200000,0.000000,0.000000,1.350000,0.000000,0.000000,0.850000,0.020000,0.000000,0.008000,0.000000,0.000600,0.008000,0.000000,0.000600,0.006000,0.000000,0.000000,1,1,1,282,244,429791,429791,255075,174716,0,60.00,7586,6175,241,0,0,0,7591,500.50,500.50,10,358,0.0000,0.5200,0.4990,0.7790,0.5130
2026-04-27T17:52:45.637,4.720,1,0.00,1.09,1.89,0.00,1,0.0184,-0.1175,-0.0555,-0.0827,-0.0453,0.0286,-2.47,3.50,53.85,60.75,283,283,1.00000,1.00000,1.00000,1.00000,3,3,1,12.51883,0.00377,1.07940,-0.0184,0.1175,0.3555,-0.0827,-0.0453,0.0286,2.47,-5.75,-179.95,1,1,0.0000,0.0000,0.3000,0.00,0.8200,0.3500,0.9200,6.00,180.00,0.850000,0.000000,0.000000,1.100000,0.000000,0.000000,1.200000,0.000000,0.000000,1.350000,0.000000,0.000000,0.850000,0.020000,0.000000,0.008000,0.000000,0.000600,0.008000,0.000000,0.000600,0.006000,0.000000,0.000000,1,1,1,283,245,429791,429791,255075,174716,0,60.00,7586,6175,241,0,0,0,7591,500.50,500.50,10,358,0.0000,0.5200,0.4990,0.7790,0.5130
2026-04-27T17:52:45.654,4.737,1,0.00,1.09,1.89,0.00,1,0.0199,-0.1170,-0.0559,-0.0865,-0.0345,0.0285,-2.47,0.00,58.65,72.21,284,284,1.00000,1.00000,1.00000,1.00000,3,3,1,12.57779,0.00385,1.08271,-0.0199,0.1170,0.3559,-0.0865,-0.0345,0.0285,2.47,-5.72,179.90,1,1,0.0000,0.0000,0.3000,0.00,0.8200,0.3500,0.9200,6.00,180.00,0.850000,0.000000,0.000000,1.100000,0.000000,0.000000,1.200000,0.000000,0.000000,1.350000,0.000000,0.000000,0.850000,0.020000,0.000000,0.008000,0.000000,0.000600,0.008000,0.000000,0.000600,0.006000,0.000000,0.000000,1,1,1,284,242,429791,429791,255075,174716,0,60.00,7586,6175,241,0,0,0,7591,500.50,500.50,10,358,0.0000,0.5200,0.4990,0.7790,0.5130
2026-04-27T17:52:45.671,4.754,1,0.00,1.09,1.89,0.00,1,0.0215,-0.1161,-0.0564,-0.0926,-0.0497,0.0265,-2.34,-7.77,62.20,50.66,285,285,1.00000,1.00000,1.00000,1.00000,3,3,1,12.46813,0.00392,1.07861,-0.0215,0.1161,0.3564,-0.0926,-0.0497,0.0265,2.34,-5.87,179.91,1,1,0.0000,0.0000,0.3000,0.00,0.8200,0.3500,0.9200,6.00,180.00,0.850000,0.000000,0.000000,1.100000,0.000000,0.000000,1.200000,0.000000,0.000000,1.350000,0.000000,0.000000,0.850000,0.020000,0.000000,0.008000,0.000000,0.000600,0.008000,0.000000,0.000600,0.006000,0.000000,0.000000,1,1,1,285,243,429791,429791,255075,174716,0,60.00,7586,6175,241,0,0,0,7591,500.50,500.50,10,358,0.0000,0.5200,0.4990,0.7790,0.5130
2026-04-27T17:52:45.685,4.768,1,0.00,1.09,1.89,0.00,1,0.0230,-0.1148,-0.0568,-0.0891,-0.0617,0.0258,-2.29,-3.17,59.81,60.29,286,286,1.00000,1.00000,1.00000,1.00000,3,3,1,12.47665,0.00381,1.07739,-0.0230,0.1148,0.3568,-0.0891,-0.0617,0.0258,2.29,-6.02,179.96,1,1,0.0000,0.0000,0.3000,0.00,0.8200,0.3500,0.9200,6.00,180.00,0.850000,0.000000,0.000000,1.100000,0.000000,0.000000,1.200000,0.000000,0.000000,1.350000,0.000000,0.000000,0.850000,0.020000,0.000000,0.008000,0.000000,0.000600,0.008000,0.000000,0.000600,0.006000,0.000000,0.000000,1,1,1,286,244,429791,429791,255075,174716,0,60.00,7586,6175,241,0,0,0,7591,500.50,500.50,10,358,0.0000,0.5200,0.4990,0.7790,0.5130
2026-04-27T17:52:45.704,4.787,1,0.00,1.09,1.89,0.00,1,0.0243,-0.1133,-0.0575,-0.0828,-0.0760,0.0343,-2.28,-0.56,72.73,240.68,287,287,1.00000,1.00000,1.00000,1.00000,3,3,1,12.52800,0.00381,1.07479,-0.0243,0.1133,0.3575,-0.0828,-0.0760,0.0343,2.28,-5.93,-179.89,1,1,0.0000,0.0000,0.3000,0.00,0.8200,0.3500,0.9200,6.00,180.00,0.850000,0.000000,0.000000,1.100000,0.000000,0.000000,1.200000,0.000000,0.000000,1.350000,0.000000,0.000000,0.850000,0.020000,0.000000,0.008000,0.000000,0.000600,0.008000,0.000000,0.000600,0.006000,0.000000,0.000000,1,1,1,287,245,429791,429791,255075,174716,0,60.00,7586,6175,241,0,0,0,7591,500.50,500.50,10,358,0.0000,0.5200,0.4990,0.7790,0.5130
2026-04-27T17:52:45.720,4.803,1,0.00,1.09,1.89,0.00,1,0.0256,-0.1121,-0.0581,-0.0859,-0.0713,0.0339,-2.29,0.59,52.94,33.97,288,288,1.00000,1.00000,1.00000,1.00000,3,3,1,12.42041,0.00385,1.07913,-0.0256,0.1121,0.3581,-0.0859,-0.0713,0.0339,2.29,-5.86,-179.89,1,1,0.0000,0.0000,0.3000,0.00,0.8200,0.3500,0.9200,6.00,180.00,0.850000,0.000000,0.000000,1.100000,0.000000,0.000000,1.200000,0.000000,0.000000,1.350000,0.000000,0.000000,0.850000,0.020000,0.000000,0.008000,0.000000,0.000600,0.008000,0.000000,0.000600,0.006000,0.000000,0.000000,1,1,1,288,245,429791,429791,255075,174716,0,60.00,7586,6175,241,0,0,0,7591,500.50,500.50,10,358,0.0000,0.5200,0.4990,0.7790,0.5130
2026-04-27T17:52:45.737,4.820,1,0.30,1.20,2.95,1.02,1,0.0269,-0.1111,-0.0589,-0.0812,-0.0679,0.0399,-2.38,5.67,58.38,103.20,289,289,1.00000,1.00000,1.00000,1.00000,3,3,1,12.41863,0.00361,1.07901,-0.0269,0.1111,0.3589,-0.0812,-0.0679,0.0399,2.38,-5.45,-180.00,1,1,0.0000,0.0000,0.3000,0.00,0.8200,0.3500,0.9200,6.00,180.00,0.850000,0.000000,0.000000,1.100000,0.000000,0.000000,1.200000,0.000000,0.000000,1.350000,0.000000,0.000000,0.850000,0.020000,0.000000,0.008000,0.000000,0.000600,0.008000,0.000000,0.000600,0.006000,0.000000,0.000000,1,1,1,289,241,429791,429791,255075,174716,0,60.00,7586,6175,241,0,0,0,7591,500.50,500.50,10,358,0.0000,0.5200,0.4990,0.7790,0.5130
2026-04-27T17:52:45.754,4.837,1,0.30,1.20,2.95,1.02,1,0.0285,-0.1097,-0.0595,-0.0915,-0.0796,0.0355,-2.33,-3.01,59.25,45.82,290,290,1.00000,1.00000,1.00000,1.00000,3,3,1,12.42655,0.00364,1.08244,-0.0285,0.1097,0.3595,-0.0915,-0.0796,0.0355,2.33,-5.54,-179.97,1,1,0.0000,0.0000,0.3000,0.00,0.8200,0.3500,0.9200,6.00,180.00,0.850000,0.000000,0.000000,1.100000,0.000000,0.000000,1.200000,0.000000,0.000000,1.350000,0.000000,0.000000,0.850000,0.020000,0.000000,0.008000,0.000000,0.000600,0.008000,0.000000,0.000600,0.006000,0.000000,0.000000,1,1,1,290,243,429791,429791,255075,174716,0,60.00,7586,6175,241,0,0,0,7591,500.50,500.50,10,358,0.0000,0.5200,0.4990,0.7790,0.5130
2026-04-27T17:52:45.771,4.854,1,0.30,1.20,2.95,1.02,1,0.0300,-0.1082,-0.0603,-0.0897,-0.0849,0.0427,-2.36,1.71,60.16,54.40,291,291,1.00000,1.00000,1.00000,1.00000,3,3,1,12.39994,0.00387,1.08438,-0.0300,0.1082,0.3603,-0.0897,-0.0849,0.0427,2.36,-5.58,179.97,1,1,0.0000,0.0000,0.3000,0.00,0.8200,0.3500,0.9200,6.00,180.00,0.850000,0.000000,0.000000,1.100000,0.000000,0.000000,1.200000,0.000000,0.000000,1.350000,0.000000,0.000000,0.850000,0.020000,0.000000,0.008000,0.000000,0.000600,0.008000,0.000000,0.000600,0.006000,0.000000,0.000000,1,1,1,291,241,429791,429791,255075,174716,0,60.00,7586,6175,241,0,0,0,7591,500.50,500.50,10,358,0.0000,0.5200,0.4990,0.7790,0.5130
2026-04-27T17:52:45.787,4.870,1,0.30,1.20,2.95,1.02,1,0.0314,-0.1067,-0.0612,-0.0855,-0.0881,0.0460,-2.27,-5.55,57.37,101.85,292,292,1.00000,1.00000,1.00000,1.00000,3,3,1,12.36856,0.00394,1.08686,-0.0314,0.1067,0.3612,-0.0855,-0.0881,0.0460,2.27,-5.50,179.91,1,1,0.0000,0.0000,0.3000,0.00,0.8200,0.3500,0.9200,6.00,180.00,0.850000,0.000000,0.000000,1.100000,0.000000,0.000000,1.200000,0.000000,0.000000,1.350000,0.000000,0.000000,0.850000,0.020000,0.000000,0.008000,0.000000,0.000600,0.008000,0.000000,0.000600,0.006000,0.000000,0.000000,1,1,1,292,243,429791,429791,255075,174716,0,60.00,7586,6175,241,0,0,0,7591,500.50,500.50,10,358,0.0000,0.5200,0.4990,0.7790,0.5130
2026-04-27T17:52:45.804,4.887,1,0.30,1.20,2.95,1.02,1,0.0323,-0.1050,-0.0618,-0.1282,-0.2012,0.0792,-2.34,19.50,63.76,63.53,293,293,1.00000,1.00000,1.00000,1.00000,3,3,1,12.34680,0.00386,1.08155,-0.0323,0.1050,0.3618,-0.1282,-0.2012,0.0792,2.34,-5.34,-179.99,1,1,0.0000,0.0000,0.3000,0.00,0.8200,0.3500,0.9200,6.00,180.00,0.850000,0.000000,0.000000,1.100000,0.000000,0.000000,1.200000,0.000000,0.000000,1.350000,0.000000,0.000000,0.850000,0.020000,0.000000,0.008000,0.000000,0.000600,0.008000,0.000000,0.000600,0.006000,0.000000,0.000000,1,1,1,293,245,429791,429791,255075,174716,0,60.00,7586,6175,241,0,0,0,7591,500.50,500.50,10,358,0.0000,0.5200,0.4990,0.7790,0.5130
2026-04-27T17:52:45.821,4.904,1,0.30,1.20,2.95,1.02,1,0.0341,-0.1024,-0.0629,-0.0962,-0.1444,0.0572,-2.21,-4.37,62.62,40.77,294,294,1.00000,1.00000,1.00000,1.00000,3,3,1,12.36948,0.00388,1.08352,-0.0341,0.1024,0.3629,-0.0962,-0.1444,0.0572,2.21,-5.32,-180.00,1,1,0.0000,0.0000,0.3000,0.00,0.8200,0.3500,0.9200,6.00,180.00,0.850000,0.000000,0.000000,1.100000,0.000000,0.000000,1.200000,0.000000,0.000000,1.350000,0.000000,0.000000,0.850000,0.020000,0.000000,0.008000,0.000000,0.000600,0.008000,0.000000,0.000600,0.006000,0.000000,0.000000,1,1,1,294,242,429791,429791,255075,174716,0,60.00,7586,6175,241,0,0,0,7591,500.50,500.50,10,358,0.0000,0.5200,0.4990,0.7790,0.5130
2026-04-27T17:52:45.837,4.920,1,0.40,1.09,0.96,-1.02,1,0.0352,-0.1007,-0.0634,-0.0862,-0.1372,0.0461,-2.19,-1.18,56.75,62.64,295,295,1.00000,1.00000,1.00000,1.00000,3,3,1,12.39186,0.00397,1.08184,-0.0352,0.1007,0.3634,-0.0862,-0.1372,0.0461,2.19,-5.49,179.98,1,1,0.0000,0.0000,0.3000,0.00,0.8200,0.3500,0.9200,6.00,180.00,0.850000,0.000000,0.000000,1.100000,0.000000,0.000000,1.200000,0.000000,0.000000,1.350000,0.000000,0.000000,0.850000,0.020000,0.000000,0.008000,0.000000,0.000600,0.008000,0.000000,0.000600,0.006000,0.000000,0.000000,1,1,1,295,244,429791,429791,255075,174716,0,60.00,7586,6175,241,0,0,0,7591,500.50,500.50,10,358,0.0000,0.5200,0.4990,0.7790,0.5130
2026-04-27T17:52:45.852,4.934,1,0.40,1.09,0.96,-1.02,1,0.0363,-0.0989,-0.0641,-0.0769,-0.1236,0.0452,-2.15,-2.75,64.89,61.22,296,296,1.00000,1.00000,1.00000,1.00000,3,3,1,12.39829,0.00392,1.08634,-0.0363,0.0989,0.3641,-0.0769,-0.1236,0.0452,2.15,-5.38,179.98,1,1,0.0000,0.0000,0.3000,0.00,0.8200,0.3500,0.9200,6.00,180.00,0.850000,0.000000,0.000000,1.100000,0.000000,0.000000,1.200000,0.000000,0.000000,1.350000,0.000000,0.000000,0.850000,0.020000,0.000000,0.008000,0.000000,0.000600,0.008000,0.000000,0.000600,0.006000,0.000000,0.000000,1,1,1,296,244,429791,429791,255075,174716,0,60.00,7586,6175,241,0,0,0,7591,500.50,500.50,10,358,0.0000,0.5200,0.4990,0.7790,0.5130
2026-04-27T17:52:45.871,4.954,1,0.40,1.09,0.96,-1.02,1,0.0372,-0.0967,-0.0648,-0.0666,-0.1314,0.0437,-2.28,7.43,68.77,57.12,297,297,1.00000,1.00000,1.00000,1.00000,3,3,1,12.40213,0.00359,1.08029,-0.0372,0.0967,0.3648,-0.0666,-0.1314,0.0437,2.28,-5.10,-179.92,1,1,0.0000,0.0000,0.3000,0.00,0.8200,0.3500,0.9200,6.00,180.00,0.850000,0.000000,0.000000,1.100000,0.000000,0.000000,1.200000,0.000000,0.000000,1.350000,0.000000,0.000000,0.850000,0.020000,0.000000,0.008000,0.000000,0.000600,0.008000,0.000000,0.000600,0.006000,0.000000,0.000000,1,1,1,297,244,429851,429851,255135,174716,0,60.00,7646,3233,241,0,0,0,7591,500.50,500.50,10,358,0.0000,0.5200,0.4990,0.7790,0.5130
2026-04-27T17:52:45.883,4.966,1,0.40,1.09,0.96,-1.02,1,0.0384,-0.0949,-0.0652,-0.0804,-0.1288,0.0351,-2.18,-7.05,51.43,122.90,298,298,1.00000,1.00000,1.00000,1.00000,3,3,1,12.40136,0.00375,1.08256,-0.0384,0.0949,0.3652,-0.0804,-0.1288,0.0351,2.18,-5.32,-179.88,1,1,0.0000,0.0000,0.3000,0.00,0.8200,0.3500,0.9200,6.00,180.00,0.850000,0.000000,0.000000,1.100000,0.000000,0.000000,1.200000,0.000000,0.000000,1.350000,0.000000,0.000000,0.850000,0.020000,0.000000,0.008000,0.000000,0.000600,0.008000,0.000000,0.000600,0.006000,0.000000,0.000000,1,1,1,298,244,429851,429851,255135,174716,0,60.00,7646,3233,241,0,0,0,7591,500.50,500.50,10,358,0.0000,0.5200,0.4990,0.7790,0.5130
2026-04-27T17:52:45.900,4.983,1,0.40,1.09,0.96,-1.02,1,0.0397,-0.0925,-0.0658,-0.0763,-0.1379,0.0357,-2.15,-1.75,81.66,39.47,299,299,1.00000,1.00000,1.00000,1.00000,3,3,1,12.45873,0.00380,1.08394,-0.0397,0.0925,0.3658,-0.0763,-0.1379,0.0357,2.15,-5.37,-179.96,1,1,0.0000,0.0000,0.3000,0.00,0.8200,0.3500,0.9200,6.00,180.00,0.850000,0.000000,0.000000,1.100000,0.000000,0.000000,1.200000,0.000000,0.000000,1.350000,0.000000,0.000000,0.850000,0.020000,0.000000,0.008000,0.000000,0.000600,0.008000,0.000000,0.000600,0.006000,0.000000,0.000000,1,1,1,299,244,429851,429851,255135,174716,0,60.00,7646,3233,241,0,0,0,7591,500.50,500.50,10,358,0.0000,0.5200,0.4990,0.7790,0.5130
2026-04-27T17:52:45.920,5.003,1,0.40,1.09,0.96,-1.02,1,0.0407,-0.0904,-0.0664,-0.0678,-0.1274,0.0337,-2.07,-4.15,58.22,60.50,300,300,1.00000,1.00000,1.00000,1.00000,3,3,1,12.41025,0.00388,1.08753,-0.0407,0.0904,0.3664,-0.0678,-0.1274,0.0337,2.07,-5.19,179.88,1,1,0.0000,0.0000,0.3000,0.00,0.8200,0.3500,0.9200,6.00,180.00,0.850000,0.000000,0.000000,1.100000,0.000000,0.000000,1.200000,0.000000,0.000000,1.350000,0.000000,0.000000,0.850000,0.020000,0.000000,0.008000,0.000000,0.000600,0.008000,0.000000,0.000600,0.006000,0.000000,0.000000,1,1,1,300,243,429851,429851,255135,174716,0,60.00,7646,3233,241,0,0,0,7591,500.50,500.50,10,358,0.0000,0.5200,0.4990,0.7790,0.5130
2026-04-27T17:52:45.935,5.018,1,0.60,1.09,1.95,0.00,1,0.0418,-0.0882,-0.0669,-0.0674,-0.1341,0.0337,-2.14,4.70,51.84,60.27,301,301,1.00000,1.00000,1.00000,1.00000,3,3,1,12.34133,0.00374,1.08533,-0.0418,0.0882,0.3669,-0.0674,-0.1341,0.0337,2.14,-5.14,180.00,1,1,0.0000,0.0000,0.3000,0.00,0.8200,0.3500,0.9200,6.00,180.00,0.850000,0.000000,0.000000,1.100000,0.000000,0.000000,1.200000,0.000000,0.000000,1.350000,0.000000,0.000000,0.850000,0.020000,0.000000,0.008000,0.000000,0.000600,0.008000,0.000000,0.000600,0.006000,0.000000,0.000000,1,1,1,301,241,429851,429851,255135,174716,0,60.00,7646,3233,241,0,0,0,7591,500.50,500.50,10,358,0.0000,0.5200,0.4990,0.7790,0.5130
2026-04-27T17:52:45.954,5.037,1,0.60,1.09,1.95,0.00,1,0.0427,-0.0853,-0.0674,-0.0595,-0.1516,0.0302,-2.14,0.00,67.10,292.25,302,302,1.00000,1.00000,1.00000,1.00000,3,3,1,12.44615,0.00372,1.08338,-0.0427,0.0853,0.3674,-0.0595,-0.1516,0.0302,2.14,-5.02,-179.96,1,1,0.0000,0.0000,0.3000,0.00,0.8200,0.3500,0.9200,6.00,180.00,0.850000,0.000000,0.000000,1.100000,0.000000,0.000000,1.200000,0.000000,0.000000,1.350000,0.000000,0.000000,0.850000,0.020000,0.000000,0.008000,0.000000,0.000600,0.008000,0.000000,0.000600,0.006000,0.000000,0.000000,1,1,1,302,244,429851,429851,255135,174716,0,60.00,7646,3233,241,0,0,0,7591,500.50,500.50,10,358,0.0000,0.5200,0.4990,0.7790,0.5130
2026-04-27T17:52:45.971,5.054,1,0.60,1.09,1.95,0.00,1,0.0437,-0.0827,-0.0680,-0.0620,-0.1531,0.0318,-2.13,-0.60,49.03,33.31,303,303,1.00000,1.00000,1.00000,1.00000,3,3,1,12.49889,0.00371,1.08463,-0.0437,0.0827,0.3680,-0.0620,-0.1531,0.0318,2.13,-5.04,-179.94,1,1,0.0000,0.0000,0.3000,0.00,0.8200,0.3500,0.9200,6.00,180.00,0.850000,0.000000,0.000000,1.100000,0.000000,0.000000,1.200000,0.000000,0.000000,1.350000,0.000000,0.000000,0.850000,0.020000,0.000000,0.008000,0.000000,0.000600,0.008000,0.000000,0.000600,0.006000,0.000000,0.000000,1,1,1,303,245,429851,429851,255135,174716,0,60.00,7646,3233,0,0,0,0,0,0.00,500.00,10,1038,0.0000,0.4950,0.5090,0.7780,0.5070
2026-04-27T17:52:45.987,5.070,1,0.60,1.09,1.95,0.00,1,0.0452,-0.0802,-0.0682,-0.0770,-0.1517,0.0201,-2.11,-1.20,58.77,82.12,304,304,1.00000,1.00000,1.00000,1.00000,3,3,1,12.44664,0.00404,1.08698,-0.0452,0.0802,0.3682,-0.0770,-0.1517,0.0201,2.11,-5.51,179.93,1,1,0.0000,0.0000,0.3000,0.00,0.8200,0.3500,0.9200,6.00,180.00,0.850000,0.000000,0.000000,1.100000,0.000000,0.000000,1.200000,0.000000,0.000000,1.350000,0.000000,0.000000,0.850000,0.020000,0.000000,0.008000,0.000000,0.000600,0.008000,0.000000,0.000600,0.006000,0.000000,0.000000,1,1,1,304,242,429851,429851,255135,174716,0,60.00,7646,3233,0,0,0,0,0,0.00,500.00,10,1038,0.0000,0.4950,0.5090,0.7780,0.5070
2026-04-27T17:52:46.004,5.087,1,0.60,1.09,1.95,0.00,1,0.0458,-0.0773,-0.0686,-0.0519,-0.1640,0.0244,-2.12,0.57,61.67,55.22,305,305,1.00000,1.00000,1.00000,1.00000,3,3,1,12.51308,0.00383,1.08302,-0.0458,0.0773,0.3686,-0.0519,-0.1640,0.0244,2.12,-5.29,179.93,1,1,0.0000,0.0000,0.3000,0.00,0.8200,0.3500,0.9200,6.00,180.00,0.850000,0.000000,0.000000,1.100000,0.000000,0.000000,1.200000,0.000000,0.000000,1.350000,0.000000,0.000000,0.850000,0.020000,0.000000,0.008000,0.000000,0.000600,0.008000,0.000000,0.000600,0.006000,0.000000,0.000000,1,1,1,305,244,429851,429851,255135,174716,0,60.00,7646,3233,0,0,0,0,0,0.00,500.00,10,1038,0.0000,0.4950,0.5090,0.7780,0.5070
2026-04-27T17:52:46.021,5.103,1,0.60,1.09,1.95,0.00,1,0.0467,-0.0748,-0.0688,-0.0569,-0.1577,0.0179,-2.13,0.64,59.94,50.71,306,306,1.00000,1.00000,1.00000,1.00000,3,3,1,12.45480,0.00375,1.08678,-0.0467,0.0748,0.3688,-0.0569,-0.1577,0.0179,2.13,-5.32,179.93,1,1,0.0000,0.0000,0.3000,0.00,0.8200,0.3500,0.9200,6.00,180.00,0.850000,0.000000,0.000000,1.100000,0.000000,0.000000,1.200000,0.000000,0.000000,1.350000,0.000000,0.000000,0.850000,0.020000,0.000000,0.008000,0.000000,0.000600,0.008000,0.000000,0.000600,0.006000,0.000000,0.000000,1,1,1,306,244,429851,429851,255135,174716,0,60.00,7646,3233,0,0,0,0,0,0.00,500.00,10,1038,0.0000,0.4950,0.5090,0.7780,0.5070
2026-04-27T17:52:46.037,5.120,1,0.60,1.09,1.95,0.00,1,0.0474,-0.0718,-0.0695,-0.0506,-0.1762,0.0322,-2.15,1.15,60.23,59.36,307,307,1.00000,1.00000,1.00000,1.00000,3,3,1,12.60989,0.00387,1.08568,-0.0474,0.0718,0.3695,-0.0506,-0.1762,0.0322,2.15,-5.12,179.90,1,1,0.0000,0.0000,0.3000,0.00,0.8200,0.3500,0.9200,6.00,180.00,0.850000,0.000000,0.000000,1.100000,0.000000,0.000000,1.200000,0.000000,0.000000,1.350000,0.000000,0.000000,0.850000,0.020000,0.000000,0.008000,0.000000,0.000600,0.008000,0.000000,0.000600,0.006000,0.000000,0.000000,1,1,1,307,243,429851,429851,255135,174716,0,60.00,7646,3233,0,0,0,0,0,0.00,500.00,10,1038,0.0000,0.4950,0.5090,0.7780,0.5070
2026-04-27T17:52:46.054,5.137,1,0.60,1.09,1.95,0.00,1,0.0485,-0.0687,-0.0696,-0.0581,-0.1743,0.0129,-2.24,5.51,64.81,182.95,308,308,1.00000,1.00000,1.00000,1.00000,3,3,1,12.54433,0.00383,1.08536,-0.0485,0.0687,0.3696,-0.0581,-0.1743,0.0129,2.24,-5.36,179.89,1,1,0.0000,0.0000,0.3000,0.00,0.8200,0.3500,0.9200,6.00,180.00,0.850000,0.000000,0.000000,1.100000,0.000000,0.000000,1.200000,0.000000,0.000000,1.350000,0.000000,0.000000,0.850000,0.020000,0.000000,0.008000,0.000000,0.000600,0.008000,0.000000,0.000600,0.006000,0.000000,0.000000,1,1,1,308,243,429851,429851,255135,174716,0,60.00,7646,3233,0,0,0,0,0,0.00,500.00,10,1038,0.0000,0.4950,0.5090,0.7780,0.5070
2026-04-27T17:52:46.071,5.153,1,0.60,1.09,1.95,0.00,1,0.0490,-0.0657,-0.0700,-0.0405,-0.1827,0.0230,-2.22,-1.23,57.72,36.54,309,309,1.00000,1.00000,1.00000,1.00000,3,3,1,12.62329,0.00365,1.08172,-0.0490,0.0657,0.3700,-0.0405,-0.1827,0.0230,2.22,-5.17,179.96,1,1,0.0000,0.0000,0.3000,0.00,0.8200,0.3500,0.9200,6.00,180.00,0.850000,0.000000,0.000000,1.100000,0.000000,0.000000,1.200000,0.000000,0.000000,1.350000,0.000000,0.000000,0.850000,0.020000,0.000000,0.008000,0.000000,0.000600,0.008000,0.000000,0.000600,0.006000,0.000000,0.000000,1,1,1,309,243,429851,429851,255135,174716,0,60.00,7646,3233,0,0,0,0,0,0.00,500.00,10,1038,0.0000,0.4950,0.5090,0.7780,0.5070
2026-04-27T17:52:46.087,5.170,1,0.60,1.09,1.95,0.00,1,0.0498,-0.0628,-0.0705,-0.0471,-0.1774,0.0246,-2.15,-4.20,57.83,69.10,310,310,1.00000,1.00000,1.00000,1.00000,3,3,1,12.75982,0.00403,1.08913,-0.0498,0.0628,0.3705,-0.0471,-0.1774,0.0246,2.15,-4.92,179.75,1,1,0.0000,0.0000,0.3000,0.00,0.8200,0.3500,0.9200,6.00,180.00,0.850000,0.000000,0.000000,1.100000,0.000000,0.000000,1.200000,0.000000,0.000000,1.350000,0.000000,0.000000,0.850000,0.020000,0.000000,0.008000,0.000000,0.000600,0.008000,0.000000,0.000600,0.006000,0.000000,0.000000,1,1,1,310,242,429851,429851,255135,174716,0,60.00,7646,3233,0,0,0,0,0,0.00,500.00,10,1038,0.0000,0.4950,0.5090,0.7780,0.5070
2026-04-27T17:52:46.105,5.188,1,0.60,1.09,1.95,0.00,1,0.0504,-0.0596,-0.0708,-0.0414,-0.1861,0.0188,-2.18,1.69,60.10,51.44,311,311,1.00000,1.00000,1.00000,1.00000,3,3,1,12.69372,0.00368,1.08436,-0.0504,0.0596,0.3708,-0.0414,-0.1861,0.0188,2.18,-4.96,179.68,1,1,0.0000,0.0000,0.3000,0.00,0.8200,0.3500,0.9200,6.00,180.00,0.850000,0.000000,0.000000,1.100000,0.000000,0.000000,1.200000,0.000000,0.000000,1.350000,0.000000,0.000000,0.850000,0.020000,0.000000,0.008000,0.000000,0.000600,0.008000,0.000000,0.000600,0.006000,0.000000,0.000000,1,1,1,311,242,429851,429851,255135,174716,0,60.00,7646,3233,0,0,0,0,0,0.00,500.00,10,1038,0.0000,0.4950,0.5090,0.7780,0.5070
2026-04-27T17:52:46.120,5.203,1,0.60,1.09,1.95,0.00,1,0.0512,-0.0564,-0.0706,-0.0463,-0.1964,0.0000,-2.13,-3.18,56.49,61.36,312,312,1.00000,1.00000,1.00000,1.00000,3,3,1,12.75369,0.00377,1.08230,-0.0512,0.0564,0.3706,-0.0463,-0.1964,0.0000,2.13,-5.11,179.90,1,1,0.0000,0.0000,0.3000,0.00,0.8200,0.3500,0.9200,6.00,180.00,0.850000,0.000000,0.000000,1.100000,0.000000,0.000000,1.200000,0.000000,0.000000,1.350000,0.000000,0.000000,0.850000,0.020000,0.000000,0.008000,0.000000,0.000600,0.008000,0.000000,0.000600,0.006000,0.000000,0.000000,1,1,1,312,239,429851,429851,255135,174716,0,60.00,7646,3233,0,0,0,0,0,0.00,500.00,10,1038,0.0000,0.4950,0.5090,0.7780,0.5070
2026-04-27T17:52:46.138,5.221,1,0.90,0.80,1.01,-2.92,1,0.0519,-0.0529,-0.0713,-0.0409,-0.1877,0.0215,-2.03,-5.49,67.83,61.16,313,313,1.00000,1.00000,1.00000,1.00000,3,3,1,12.81122,0.00402,1.08586,-0.0519,0.0529,0.3713,-0.0409,-0.1877,0.0215,2.03,-5.11,179.73,1,1,0.0000,0.0000,0.3000,0.00,0.8200,0.3500,0.9200,6.00,180.00,0.850000,0.000000,0.000000,1.100000,0.000000,0.000000,1.200000,0.000000,0.000000,1.350000,0.000000,0.000000,0.850000,0.020000,0.000000,0.008000,0.000000,0.000600,0.008000,0.000000,0.000600,0.006000,0.000000,0.000000,1,1,1,313,244,429851,429851,255135,174716,0,60.00,7646,3233,0,0,0,0,0,0.00,500.00,10,1038,0.0000,0.4950,0.5090,0.7780,0.5070
2026-04-27T17:52:46.154,5.237,1,0.90,0.80,1.01,-2.92,1,0.0525,-0.0498,-0.0714,-0.0388,-0.2044,0.0000,-2.02,-0.66,58.15,143.52,314,314,1.00000,1.00000,1.00000,1.00000,3,3,1,12.88082,0.00384,1.08412,-0.0525,0.0498,0.3714,-0.0388,-0.2044,0.0000,2.02,-5.21,179.65,1,1,0.0000,0.0000,0.3000,0.00,0.8200,0.3500,0.9200,6.00,180.00,0.850000,0.000000,0.000000,1.100000,0.000000,0.000000,1.200000,0.000000,0.000000,1.350000,0.000000,0.000000,0.850000,0.020000,0.000000,0.008000,0.000000,0.000600,0.008000,0.000000,0.000600,0.006000,0.000000,0.000000,1,1,1,314,239,429851,429851,255135,174716,0,60.00,7646,3233,0,0,0,0,0,0.00,500.00,10,1038,0.0000,0.4950,0.5090,0.7780,0.5070
2026-04-27T17:52:46.171,5.254,1,0.90,0.80,1.01,-2.92,1,0.0529,-0.0462,-0.0717,-0.0334,-0.2072,0.0149,-2.01,-0.60,62.19,37.58,315,315,1.00000,1.00000,1.00000,1.00000,3,3,1,13.00913,0.00360,1.08464,-0.0529,0.0462,0.3717,-0.0334,-0.2072,0.0149,2.01,-5.11,179.65,1,1,0.0000,0.0000,0.3000,0.00,0.8200,0.3500,0.9200,6.00,180.00,0.850000,0.000000,0.000000,1.100000,0.000000,0.000000,1.200000,0.000000,0.000000,1.350000,0.000000,0.000000,0.850000,0.020000,0.000000,0.008000,0.000000,0.000600,0.008000,0.000000,0.000600,0.006000,0.000000,0.000000,1,1,1,315,241,429851,429851,255135,174716,0,60.00,7646,3233,0,0,0,0,0,0.00,500.00,10,1038,0.0000,0.4950,0.5090,0.7780,0.5070
2026-04-27T17:52:46.187,5.270,1,0.90,0.80,1.01,-2.92,1,0.0532,-0.0427,-0.0723,-0.0240,-0.2105,0.0252,-2.15,8.47,59.73,70.15,316,316,1.00000,1.00000,1.00000,1.00000,3,3,1,12.99695,0.00351,1.08664,-0.0532,0.0427,0.3723,-0.0240,-0.2105,0.0252,2.15,-4.82,179.62,1,1,0.0000,0.0000,0.3000,0.00,0.8200,0.3500,0.9200,6.00,180.00,0.850000,0.000000,0.000000,1.100000,0.000000,0.000000,1.200000,0.000000,0.000000,1.350000,0.000000,0.000000,0.850000,0.020000,0.000000,0.008000,0.000000,0.000600,0.008000,0.000000,0.000600,0.006000,0.000000,0.000000,1,1,1,316,243,429851,429851,255135,174716,0,60.00,7646,3233,0,0,0,0,0,0.00,500.00,10,1038,0.0000,0.4950,0.5090,0.7780,0.5070
2026-04-27T17:52:46.204,5.287,1,0.90,0.80,1.01,-2.92,1,0.0536,-0.0393,-0.0724,-0.0263,-0.2079,0.0121,-2.21,3.57,57.06,50.94,317,317,1.00000,1.00000,1.00000,1.00000,3,3,1,13.06695,0.00369,1.08556,-0.0536,0.0393,0.3724,-0.0263,-0.2079,0.0121,2.21,-4.68,179.50,1,1,0.0000,0.0000,0.3000,0.00,0.8200,0.3500,0.9200,6.00,180.00,0.850000,0.000000,0.000000,1.100000,0.000000,0.000000,1.200000,0.000000,0.000000,1.350000,0.000000,0.000000,0.850000,0.020000,0.000000,0.008000,0.000000,0.000600,0.008000,0.000000,0.000600,0.006000,0.000000,0.000000,1,1,1,317,243,429851,429851,255135,174716,0,60.00,7646,3233,0,0,0,0,0,0.00,500.00,10,1038,0.0000,0.4950,0.5090,0.7780,0.5070
2026-04-27T17:52:46.221,5.304,1,0.90,0.80,1.01,-2.92,1,0.0542,-0.0358,-0.0726,-0.0322,-0.2114,0.0120,-2.21,0.00,59.33,62.61,318,318,1.00000,1.00000,1.00000,1.00000,3,3,1,13.14675,0.00384,1.08787,-0.0542,0.0358,0.3726,-0.0322,-0.2114,0.0120,2.21,-4.84,179.29,1,1,0.0000,0.0000,0.3000,0.00,0.8200,0.3500,0.9200,6.00,180.00,0.850000,0.000000,0.000000,1.100000,0.000000,0.000000,1.200000,0.000000,0.000000,1.350000,0.000000,0.000000,0.850000,0.020000,0.000000,0.008000,0.000000,0.000600,0.008000,0.000000,0.000600,0.006000,0.000000,0.000000,1,1,1,318,244,429851,429851,255135,174716,0,60.00,7646,3233,0,0,0,0,0,0.00,500.00,10,1038,0.0000,0.4950,0.5090,0.7780,0.5070
2026-04-27T17:52:46.237,5.320,1,1.00,0.50,0.95,-2.92,1,0.0546,-0.0319,-0.0727,-0.0266,-0.2256,0.0112,-2.23,1.20,60.34,77.99,319,319,1.00000,1.00000,1.00000,1.00000,3,3,1,13.25073,0.00369,1.08299,-0.0546,0.0319,0.3727,-0.0266,-0.2256,0.0112,2.23,-4.96,179.42,1,1,0.0000,0.0000,0.3000,0.00,0.8200,0.3500,0.9200,6.00,180.00,0.850000,0.000000,0.000000,1.100000,0.000000,0.000000,1.200000,0.000000,0.000000,1.350000,0.000000,0.000000,0.850000,0.020000,0.000000,0.008000,0.000000,0.000600,0.008000,0.000000,0.000600,0.006000,0.000000,0.000000,1,1,1,319,244,429851,429851,255135,174716,0,60.00,7646,3233,0,0,0,0,0,0.00,500.00,10,1038,0.0000,0.4950,0.5090,0.7780,0.5070
2026-04-27T17:52:46.254,5.337,1,1.00,0.50,0.95,-2.92,1,0.0548,-0.0282,-0.0733,-0.0183,-0.2314,0.0232,-2.21,-1.19,60.04,49.59,320,320,1.00000,1.00000,1.00000,1.00000,3,3,1,13.32829,0.00367,1.08335,-0.0548,0.0282,0.3733,-0.0183,-0.2314,0.0232,2.21,-4.76,179.39,1,1,0.0000,0.0000,0.3000,0.00,0.8200,0.3500,0.9200,6.00,180.00,0.850000,0.000000,0.000000,1.100000,0.000000,0.000000,1.200000,0.000000,0.000000,1.350000,0.000000,0.000000,0.850000,0.020000,0.000000,0.008000,0.000000,0.000600,0.008000,0.000000,0.000600,0.006000,0.000000,0.000000,1,1,1,320,244,429851,429851,255135,174716,0,60.00,7646,3233,0,0,0,0,0,0.00,500.00,10,1038,0.0000,0.4950,0.5090,0.7780,0.5070
2026-04-27T17:52:46.271,5.353,1,1.00,0.50,0.95,-2.92,1,0.0553,-0.0244,-0.0735,-0.0255,-0.2234,0.0147,-2.14,-4.24,63.40,57.67,321,321,1.00000,1.00000,1.00000,1.00000,3,3,1,13.38314,0.00371,1.08397,-0.0553,0.0244,0.3735,-0.0255,-0.2234,0.0147,2.14,-4.96,179.34,1,1,0.0000,0.0000,0.3000,0.00,0.8200,0.3500,0.9200,6.00,180.00,0.850000,0.000000,0.000000,1.100000,0.000000,0.000000,1.200000,0.000000,0.000000,1.350000,0.000000,0.000000,0.850000,0.020000,0.000000,0.008000,0.000000,0.000600,0.008000,0.000000,0.000600,0.006000,0.000000,0.000000,1,1,1,321,244,429851,429851,255135,174716,0,60.00,7646,3233,0,0,0,0,0,0.00,500.00,10,1038,0.0000,0.4950,0.5090,0.7780,0.5070
2026-04-27T17:52:46.287,5.370,1,1.00,0.50,0.95,-2.92,1,0.0557,-0.0208,-0.0735,-0.0235,-0.2231,0.0000,-2.02,-7.22,57.07,71.68,322,322,1.00000,1.00000,1.00000,1.00000,3,3,1,13.53754,0.00384,1.08445,-0.0557,0.0208,0.3735,-0.0235,-0.2231,0.0000,2.02,-5.25,179.36,1,1,0.0000,0.0000,0.3000,0.00,0.8200,0.3500,0.9200,6.00,180.00,0.850000,0.000000,0.000000,1.100000,0.000000,0.000000,1.200000,0.000000,0.000000,1.350000,0.000000,0.000000,0.850000,0.020000,0.000000,0.008000,0.000000,0.000600,0.008000,0.000000,0.000600,0.006000,0.000000,0.000000,1,1,1,322,240,429851,429851,255135,174716,0,60.00,7646,3233,0,0,0,0,0,0.00,500.00,10,1038,0.0000,0.4950,0.5090,0.7780,0.5070
2026-04-27T17:52:46.299,5.382,1,1.00,0.50,0.95,-2.92,1,0.0556,-0.0173,-0.0738,0.0000,-0.2437,0.0163,-2.06,3.16,60.16,51.31,323,323,1.00000,1.00000,1.00000,1.00000,3,3,1,13.68332,0.00385,1.08142,-0.0556,0.0173,0.3738,0.0000,-0.2437,0.0163,2.06,-4.99,179.38,1,1,0.0000,0.0000,0.3000,0.00,0.8200,0.3500,0.9200,6.00,180.00,0.850000,0.000000,0.000000,1.100000,0.000000,0.000000,1.200000,0.000000,0.000000,1.350000,0.000000,0.000000,0.850000,0.020000,0.000000,0.008000,0.000000,0.000600,0.008000,0.000000,0.000600,0.006000,0.000000,0.000000,1,1,1,323,239,429851,429851,255135,174716,0,60.00,7646,3233,0,0,0,0,0,0.00,500.00,10,1038,0.0000,0.4950,0.5090,0.7780,0.5070
2026-04-27T17:52:46.321,5.403,1,1.00,0.50,0.95,-2.92,1,0.0560,-0.0134,-0.0738,-0.0140,-0.2173,0.0000,-2.01,-2.41,93.97,61.42,324,324,1.00000,1.00000,1.00000,1.00000,3,3,1,13.66555,0.00394,1.08094,-0.0560,0.0134,0.3738,-0.0140,-0.2173,0.0000,2.01,-5.29,179.40,1,1,0.0000,0.0000,0.3000,0.00,0.8200,0.3500,0.9200,6.00,180.00,0.850000,0.000000,0.000000,1.100000,0.000000,0.000000,1.200000,0.000000,0.000000,1.350000,0.000000,0.000000,0.850000,0.020000,0.000000,0.008000,0.000000,0.000600,0.008000,0.000000,0.000600,0.006000,0.000000,0.000000,1,1,1,324,236,429851,429851,255135,174716,0,60.00,7646,3233,0,0,0,0,0,0.00,500.00,10,1038,0.0000,0.4950,0.5090,0.7780,0.5070
2026-04-27T17:52:46.336,5.419,1,1.00,0.50,0.95,-2.92,1,0.0559,-0.0098,-0.0743,0.0000,-0.2227,0.0190,-2.03,1.22,44.03,58.26,325,325,1.00000,1.00000,1.00000,1.00000,3,3,1,13.65468,0.00375,1.08481,-0.0559,0.0098,0.3743,0.0000,-0.2227,0.0190,2.03,-5.04,179.24,1,1,0.0000,0.0000,0.3000,0.00,0.8200,0.3500,0.9200,6.00,180.00,0.850000,0.000000,0.000000,1.100000,0.000000,0.000000,1.200000,0.000000,0.000000,1.350000,0.000000,0.000000,0.850000,0.020000,0.000000,0.008000,0.000000,0.000600,0.008000,0.000000,0.000600,0.006000,0.000000,0.000000,1,1,1,325,238,429851,429851,255135,174716,0,60.00,7646,3233,0,0,0,0,0,0.00,500.00,10,1038,0.0000,0.4950,0.5090,0.7780,0.5070
2026-04-27T17:52:46.357,5.440,1,1.00,0.50,0.95,-2.92,1,0.0560,-0.0059,-0.0745,0.0000,-0.2122,0.0140,-1.94,-4.52,69.48,62.01,326,326,1.00000,1.00000,1.00000,1.00000,3,3,1,13.79139,0.00384,1.08152,-0.0560,0.0059,0.3745,0.0000,-0.2122,0.0140,1.94,-5.06,179.24,1,1,0.0000,0.0000,0.3000,0.00,0.8200,0.3500,0.9200,6.00,180.00,0.850000,0.000000,0.000000,1.100000,0.000000,0.000000,1.200000,0.000000,0.000000,1.350000,0.000000,0.000000,0.850000,0.020000,0.000000,0.008000,0.000000,0.000600,0.008000,0.000000,0.000600,0.006000,0.000000,0.000000,1,1,1,326,239,429851,429851,255135,174716,0,60.00,7646,3233,0,0,0,0,0,0.00,500.00,10,1038,0.0000,0.4950,0.5090,0.7780,0.5070
2026-04-27T17:52:46.370,5.453,1,1.00,0.50,0.95,-2.92,1,0.0561,-0.0024,-0.0746,0.0000,-0.2490,0.0106,-1.92,-1.50,45.57,59.39,327,327,1.00000,1.00000,1.00000,1.00000,3,3,1,13.83559,0.00398,1.08357,-0.0561,0.0024,0.3746,0.0000,-0.2490,0.0106,1.92,-5.26,179.12,1,1,0.0000,0.0000,0.3000,0.00,0.8200,0.3500,0.9200,6.00,180.00,0.850000,0.000000,0.000000,1.100000,0.000000,0.000000,1.200000,0.000000,0.000000,1.350000,0.000000,0.000000,0.850000,0.020000,0.000000,0.008000,0.000000,0.000600,0.008000,0.000000,0.000600,0.006000,0.000000,0.000000,1,1,1,327,239,429851,429851,255135,174716,0,60.00,7646,3233,0,0,0,0,0,0.00,500.00,10,1038,0.0000,0.4950,0.5090,0.7780,0.5070
2026-04-27T17:52:46.387,5.470,1,1.20,0.10,2.01,-4.01,1,0.0560,0.0017,-0.0749,0.0000,-0.2393,0.0121,-1.97,2.93,74.81,87.81,328,328,1.00000,1.00000,1.00000,1.00000,3,3,1,13.96013,0.00387,1.08234,-0.0560,-0.0017,0.3749,0.0000,-0.2393,0.0121,1.97,-5.19,179.12,1,1,0.0000,0.0000,0.3000,0.00,0.8200,0.3500,0.9200,6.00,180.00,0.850000,0.000000,0.000000,1.100000,0.000000,0.000000,1.200000,0.000000,0.000000,1.350000,0.000000,0.000000,0.850000,0.020000,0.000000,0.008000,0.000000,0.000600,0.008000,0.000000,0.000600,0.006000,0.000000,0.000000,1,1,1,328,240,429851,429851,255135,174716,0,60.00,7646,3233,0,0,0,0,0,0.00,500.00,10,1038,0.0000,0.4950,0.5090,0.7780,0.5070
2026-04-27T17:52:46.404,5.487,1,1.20,0.10,2.01,-4.01,1,0.0558,0.0056,-0.0754,0.0000,-0.2368,0.0203,-2.06,5.36,58.65,46.15,329,329,1.00000,1.00000,1.00000,1.00000,3,3,1,13.99067,0.00382,1.08429,-0.0558,-0.0056,0.3754,0.0000,-0.2368,0.0203,2.06,-4.87,178.99,1,1,0.0000,0.0000,0.3000,0.00,0.8200,0.3500,0.9200,6.00,180.00,0.850000,0.000000,0.000000,1.100000,0.000000,0.000000,1.200000,0.000000,0.000000,1.350000,0.000000,0.000000,0.850000,0.020000,0.000000,0.008000,0.000000,0.000600,0.008000,0.000000,0.000600,0.006000,0.000000,0.000000,1,1,1,329,239,429851,429851,255135,174716,0,60.00,7646,3233,0,0,0,0,0,0.00,500.00,10,1038,0.0000,0.4950,0.5090,0.7780,0.5070
2026-04-27T17:52:46.420,5.503,1,1.20,0.10,2.01,-4.01,1,0.0560,0.0094,-0.0753,0.0000,-0.2353,0.0000,-2.08,1.19,63.63,58.88,330,330,1.00000,1.00000,1.00000,1.00000,3,3,1,14.17022,0.00384,1.08376,-0.0560,-0.0094,0.3753,0.0000,-0.2353,0.0000,2.08,-5.19,178.92,1,1,0.0000,0.0000,0.3000,0.00,0.8200,0.3500,0.9200,6.00,180.00,0.850000,0.000000,0.000000,1.100000,0.000000,0.000000,1.200000,0.000000,0.000000,1.350000,0.000000,0.000000,0.850000,0.020000,0.000000,0.008000,0.000000,0.000600,0.008000,0.000000,0.000600,0.006000,0.000000,0.000000,1,1,1,330,236,429851,429851,255135,174716,0,60.00,7646,3233,0,0,0,0,0,0.00,500.00,10,1038,0.0000,0.4950,0.5090,0.7780,0.5070
2026-04-27T17:52:46.437,5.520,1,1.20,0.10,2.01,-4.01,1,0.0556,0.0135,-0.0757,0.0126,-0.2448,0.0176,-2.07,-0.61,63.29,96.83,331,331,1.00000,1.00000,1.00000,1.00000,3,3,1,14.25614,0.00389,1.08032,-0.0556,-0.0135,0.3757,0.0126,-0.2448,0.0176,2.07,-5.13,178.86,1,1,0.0000,0.0000,0.3000,0.00,0.8200,0.3500,0.9200,6.00,180.00,0.850000,0.000000,0.000000,1.100000,0.000000,0.000000,1.200000,0.000000,0.000000,1.350000,0.000000,0.000000,0.850000,0.020000,0.000000,0.008000,0.000000,0.000600,0.008000,0.000000,0.000600,0.006000,0.000000,0.000000,1,1,1,331,244,429851,429851,255135,174716,0,60.00,7646,3233,0,0,0,0,0,0.00,500.00,10,1038,0.0000,0.4950,0.5090,0.7780,0.5070
2026-04-27T17:52:46.453,5.536,1,1.20,0.10,2.01,-4.01,1,0.0554,0.0172,-0.0760,0.0111,-0.2422,0.0159,-2.03,-2.44,54.10,43.23,332,332,1.00000,1.00000,1.00000,1.00000,3,3,1,14.38879,0.00381,1.08405,-0.0554,-0.0172,0.3760,0.0111,-0.2422,0.0159,2.03,-5.09,178.78,1,1,0.0000,0.0000,0.3000,0.00,0.8200,0.3500,0.9200,6.00,180.00,0.850000,0.000000,0.000000,1.100000,0.000000,0.000000,1.200000,0.000000,0.000000,1.350000,0.000000,0.000000,0.850000,0.020000,0.000000,0.008000,0.000000,0.000600,0.008000,0.000000,0.000600,0.006000,0.000000,0.000000,1,1,1,332,244,429851,429851,255135,174716,0,60.00,7646,3233,0,0,0,0,0,0.00,500.00,10,1038,0.0000,0.4950,0.5090,0.7780,0.5070
2026-04-27T17:52:46.467,5.550,1,1.20,0.10,2.01,-4.01,1,0.0554,0.0208,-0.0762,0.0000,-0.2336,0.0127,-1.97,-4.25,69.49,59.88,333,333,1.00000,1.00000,1.00000,1.00000,3,3,1,14.48219,0.00398,1.08726,-0.0554,-0.0208,0.3762,0.0000,-0.2336,0.0127,1.97,-5.31,178.57,1,1,0.0000,0.0000,0.3000,0.00,0.8200,0.3500,0.9200,6.00,180.00,0.850000,0.000000,0.000000,1.100000,0.000000,0.000000,1.200000,0.000000,0.000000,1.350000,0.000000,0.000000,0.850000,0.020000,0.000000,0.008000,0.000000,0.000600,0.008000,0.000000,0.000600,0.006000,0.000000,0.000000,1,1,1,333,240,429851,429851,255135,174716,0,60.00,7646,3233,331,0,0,0,7681,500.00,500.00,10,1025,0.0000,0.4770,0.5030,0.7820,0.5060
2026-04-27T17:52:46.483,5.566,1,1.29,-0.19,0.95,-2.84,1,0.0546,0.0250,-0.0766,0.0309,-0.2495,0.0201,-1.99,1.25,70.84,86.63,334,334,1.00000,1.00000,1.00000,1.00000,3,3,1,14.52417,0.00395,1.08698,-0.0546,-0.0250,0.3766,0.0309,-0.2495,0.0201,1.99,-5.05,178.51,1,1,0.0000,0.0000,0.3000,0.00,0.8200,0.3500,0.9200,6.00,180.00,0.850000,0.000000,0.000000,1.100000,0.000000,0.000000,1.200000,0.000000,0.000000,1.350000,0.000000,0.000000,0.850000,0.020000,0.000000,0.008000,0.000000,0.000600,0.008000,0.000000,0.000600,0.006000,0.000000,0.000000,1,1,1,334,243,429851,429851,255135,174716,0,60.00,7646,3233,331,0,0,0,7681,500.00,500.00,10,1025,0.0000,0.4770,0.5030,0.7820,0.5060
2026-04-27T17:52:46.498,5.581,1,1.29,-0.19,0.95,-2.84,1,0.0542,0.0285,-0.0769,0.0265,-0.2444,0.0179,-1.96,-2.03,62.27,46.77,335,335,1.00000,1.00000,1.00000,1.00000,3,3,1,14.67991,0.00384,1.08733,-0.0542,-0.0285,0.3769,0.0265,-0.2444,0.0179,1.96,-4.84,178.43,1,1,0.0000,0.0000,0.3000,0.00,0.8200,0.3500,0.9200,6.00,180.00,0.850000,0.000000,0.000000,1.100000,0.000000,0.000000,1.200000,0.000000,0.000000,1.350000,0.000000,0.000000,0.850000,0.020000,0.000000,0.008000,0.000000,0.000600,0.008000,0.000000,0.000600,0.006000,0.000000,0.000000,1,1,1,335,244,429851,429851,255135,174716,0,60.00,7646,3233,331,0,0,0,7681,500.00,500.00,10,1025,0.0000,0.4770,0.5030,0.7820,0.5060
2026-04-27T17:52:46.517,5.599,1,1.29,-0.19,0.95,-2.84,1,0.0538,0.0328,-0.0769,0.0230,-0.2360,0.0000,-2.00,2.12,67.75,58.19,336,336,1.00000,1.00000,1.00000,1.00000,3,3,1,14.77471,0.00375,1.08441,-0.0538,-0.0328,0.3769,0.0230,-0.2360,0.0000,2.00,-4.97,178.60,1,1,0.0000,0.0000,0.3000,0.00,0.8200,0.3500,0.9200,6.00,180.00,0.850000,0.000000,0.000000,1.100000,0.000000,0.000000,1.200000,0.000000,0.000000,1.350000,0.000000,0.000000,0.850000,0.020000,0.000000,0.008000,0.000000,0.000600,0.008000,0.000000,0.000600,0.006000,0.000000,0.000000,1,1,1,336,236,429851,429851,255135,174716,0,60.00,7646,3233,331,0,0,0,7681,500.00,500.00,10,1025,0.0000,0.4770,0.5030,0.7820,0.5060
2026-04-27T17:52:46.533,5.616,1,1.29,-0.19,0.95,-2.84,1,0.0533,0.0367,-0.0771,0.0275,-0.2383,0.0000,-2.00,0.00,52.97,59.95,337,337,1.00000,1.00000,1.00000,1.00000,3,3,1,14.90573,0.00386,1.08186,-0.0533,-0.0367,0.3771,0.0275,-0.2383,0.0000,2.00,-5.07,178.54,1,1,0.0000,0.0000,0.3000,0.00,0.8200,0.3500,0.9200,6.00,180.00,0.850000,0.000000,0.000000,1.100000,0.000000,0.000000,1.200000,0.000000,0.000000,1.350000,0.000000,0.000000,0.850000,0.020000,0.000000,0.008000,0.000000,0.000600,0.008000,0.000000,0.000600,0.006000,0.000000,0.000000,1,1,1,337,237,429851,429851,255135,174716,0,60.00,7646,3233,331,0,0,0,7681,500.00,500.00,10,1025,0.0000,0.4770,0.5030,0.7820,0.5060
2026-04-27T17:52:46.545,5.628,1,1.29,-0.19,0.95,-2.84,1,0.0526,0.0402,-0.0772,0.0466,-0.2768,0.0000,-2.07,6.08,59.55,75.09,338,338,1.00000,1.00000,1.00000,1.00000,3,3,1,15.07334,0.00378,1.07561,-0.0526,-0.0402,0.3772,0.0466,-0.2768,0.0000,2.07,-4.92,178.49,1,1,0.0000,0.0000,0.3000,0.00,0.8200,0.3500,0.9200,6.00,180.00,0.850000,0.000000,0.000000,1.100000,0.000000,0.000000,1.200000,0.000000,0.000000,1.350000,0.000000,0.000000,0.850000,0.020000,0.000000,0.008000,0.000000,0.000600,0.008000,0.000000,0.000600,0.006000,0.000000,0.000000,1,1,1,338,239,429851,429851,255135,174716,0,60.00,7646,3233,331,0,0,0,7681,500.00,500.00,10,1025,0.0000,0.4770,0.5030,0.7820,0.5060
2026-04-27T17:52:46.566,5.649,1,1.29,-0.19,0.95,-2.84,1,0.0522,0.0446,-0.0773,0.0297,-0.2330,0.0000,-2.03,-1.85,86.86,50.44,339,339,1.00000,1.00000,1.00000,1.00000,3,3,1,15.14950,0.00397,1.08503,-0.0522,-0.0446,0.3773,0.0297,-0.2330,0.0000,2.03,-5.20,178.32,1,1,0.0000,0.0000,0.3000,0.00,0.8200,0.3500,0.9200,6.00,180.00,0.850000,0.000000,0.000000,1.100000,0.000000,0.000000,1.200000,0.000000,0.000000,1.350000,0.000000,0.000000,0.850000,0.020000,0.000000,0.008000,0.000000,0.000600,0.008000,0.000000,0.000600,0.006000,0.000000,0.000000,1,1,1,339,238,429851,429851,255135,174716,0,60.00,7646,3233,331,0,0,0,7681,500.00,500.00,10,1025,0.0000,0.4770,0.5030,0.7820,0.5060
2026-04-27T17:52:46.587,5.670,1,1.29,-0.19,0.95,-2.84,1,0.0514,0.0480,-0.0776,0.0445,-0.2282,0.0150,-2.04,0.50,46.15,77.91,340,340,1.00000,1.00000,1.00000,1.00000,3,3,1,15.27697,0.00380,1.08161,-0.0514,-0.0480,0.3776,0.0445,-0.2282,0.0150,2.04,-5.01,178.15,1,1,0.0000,0.0000,0.3000,0.00,0.8200,0.3500,0.9200,6.00,180.00,0.850000,0.000000,0.000000,1.100000,0.000000,0.000000,1.200000,0.000000,0.000000,1.350000,0.000000,0.000000,0.850000,0.020000,0.000000,0.008000,0.000000,0.000600,0.008000,0.000000,0.000600,0.006000,0.000000,0.000000,1,1,1,340,241,429851,429851,255135,174716,0,60.00,7646,3233,331,0,0,0,7681,500.00,500.00,10,1025,0.0000,0.4770,0.5030,0.7820,0.5060
2026-04-27T17:52:46.600,5.683,1,1.29,-0.19,0.95,-2.84,1,0.0509,0.0517,-0.0775,0.0360,-0.2310,0.0000,-2.02,-1.52,49.51,58.42,341,341,1.00000,1.00000,1.00000,1.00000,3,3,1,15.41954,0.00407,1.08153,-0.0509,-0.0517,0.3775,0.0360,-0.2310,0.0000,2.02,-5.33,178.11,1,1,0.0000,0.0000,0.3000,0.00,0.8200,0.3500,0.9200,6.00,180.00,0.850000,0.000000,0.000000,1.100000,0.000000,0.000000,1.200000,0.000000,0.000000,1.350000,0.000000,0.000000,0.850000,0.020000,0.000000,0.008000,0.000000,0.000600,0.008000,0.000000,0.000600,0.006000,0.000000,0.000000,1,1,1,341,240,429851,429851,255135,174716,0,60.00,7646,3233,331,0,0,0,7681,500.00,500.00,10,1025,0.0000,0.4770,0.5030,0.7820,0.5060
2026-04-27T17:52:46.615,5.698,1,1.29,-0.19,0.95,-2.84,1,0.0500,0.0553,-0.0779,0.0520,-0.2365,0.0151,-2.01,-0.66,76.19,48.91,342,342,1.00000,1.00000,1.00000,1.00000,3,3,1,15.43223,0.00370,1.08308,-0.0500,-0.0553,0.3779,0.0520,-0.2365,0.0151,2.01,-5.01,178.02,1,1,0.0000,0.0000,0.3000,0.00,0.8200,0.3500,0.9200,6.00,180.00,0.850000,0.000000,0.000000,1.100000,0.000000,0.000000,1.200000,0.000000,0.000000,1.350000,0.000000,0.000000,0.850000,0.020000,0.000000,0.008000,0.000000,0.000600,0.008000,0.000000,0.000600,0.006000,0.000000,0.000000,1,1,1,342,237,429851,429851,255135,174716,0,60.00,7646,3233,331,0,0,0,7681,500.00,500.00,10,1025,0.0000,0.4770,0.5030,0.7820,0.5060
2026-04-27T17:52:46.634,5.717,1,1.50,-1.20,0.97,-6.02,1,0.0491,0.0591,-0.0779,0.0456,-0.2149,0.0000,-2.00,-0.52,65.65,114.14,343,343,1.00000,1.00000,1.00000,1.00000,3,3,1,15.55378,0.00400,1.08129,-0.0491,-0.0591,0.3779,0.0456,-0.2149,0.0000,2.00,-5.11,177.91,1,1,0.0000,0.0000,0.3000,0.00,0.8200,0.3500,0.9200,6.00,180.00,0.850000,0.000000,0.000000,1.100000,0.000000,0.000000,1.200000,0.000000,0.000000,1.350000,0.000000,0.000000,0.850000,0.020000,0.000000,0.008000,0.000000,0.000600,0.008000,0.000000,0.000600,0.006000,0.000000,0.000000,1,1,1,343,237,429851,429851,255135,174716,0,60.00,7646,3233,331,0,0,0,7681,500.00,500.00,10,1025,0.0000,0.4770,0.5030,0.7820,0.5060
2026-04-27T17:52:46.654,5.737,1,1.50,-1.20,0.97,-6.02,1,0.0482,0.0626,-0.0784,0.0581,-0.2428,0.0203,-1.95,-3.63,52.22,41.39,344,344,1.00000,1.00000,1.00000,1.00000,3,3,1,15.75381,0.00383,1.08080,-0.0482,-0.0626,0.3784,0.0581,-0.2428,0.0203,1.95,-5.08,177.78,1,1,0.0000,0.0000,0.3000,0.00,0.8200,0.3500,0.9200,6.00,180.00,0.850000,0.000000,0.000000,1.100000,0.000000,0.000000,1.200000,0.000000,0.000000,1.350000,0.000000,0.000000,0.850000,0.020000,0.000000,0.008000,0.000000,0.000600,0.008000,0.000000,0.000600,0.006000,0.000000,0.000000,1,1,1,344,243,429851,429851,255135,174716,0,60.00,7646,3233,331,0,0,0,7681,500.00,500.00,10,1025,0.0000,0.4770,0.5030,0.7820,0.5060
2026-04-27T17:52:46.669,5.752,1,1.50,-1.20,0.97,-6.02,1,0.0472,0.0667,-0.0787,0.0558,-0.2292,0.0165,-2.06,5.30,50.12,60.14,345,345,1.00000,1.00000,1.00000,1.00000,3,3,1,15.90330,0.00371,1.08145,-0.0472,-0.0667,0.3787,0.0558,-0.2292,0.0165,2.06,-4.91,177.70,1,1,0.0000,0.0000,0.3000,0.00,0.8200,0.3500,0.9200,6.00,180.00,0.850000,0.000000,0.000000,1.100000,0.000000,0.000000,1.200000,0.000000,0.000000,1.350000,0.000000,0.000000,0.850000,0.020000,0.000000,0.008000,0.000000,0.000600,0.008000,0.000000,0.000600,0.006000,0.000000,0.000000,1,1,1,345,243,429851,429851,255135,174716,0,60.00,7646,3233,331,0,0,0,7681,500.00,500.00,10,1025,0.0000,0.4770,0.5030,0.7820,0.5060
2026-04-27T17:52:46.686,5.769,1,1.50,-1.20,0.97,-6.02,1,0.0464,0.0701,-0.0788,0.0498,-0.2067,0.0125,-2.13,3.99,68.58,80.18,346,346,1.00000,1.00000,1.00000,1.00000,3,3,1,16.00451,0.00390,1.08434,-0.0464,-0.0701,0.3788,0.0498,-0.2067,0.0125,2.13,-5.03,177.47,1,1,0.0000,0.0000,0.3000,0.00,0.8200,0.3500,0.9200,6.00,180.00,0.850000,0.000000,0.000000,1.100000,0.000000,0.000000,1.200000,0.000000,0.000000,1.350000,0.000000,0.000000,0.850000,0.020000,0.000000,0.008000,0.000000,0.000600,0.008000,0.000000,0.000600,0.006000,0.000000,0.000000,1,1,1,346,242,429851,429851,255135,174716,0,60.00,7646,3233,331,0,0,0,7681,500.00,500.00,10,1025,0.0000,0.4770,0.5030,0.7820,0.5060
2026-04-27T17:52:46.704,5.787,1,1.50,-1.20,0.97,-6.02,1,0.0453,0.0736,-0.0790,0.0634,-0.2169,0.0107,-2.11,-1.21,50.53,87.33,347,347,1.00000,1.00000,1.00000,1.00000,3,3,1,16.20716,0.00364,1.07439,-0.0453,-0.0736,0.3790,0.0634,-0.2169,0.0107,2.11,-5.04,177.51,1,1,0.0000,0.0000,0.3000,0.00,0.8200,0.3500,0.9200,6.00,180.00,0.850000,0.000000,0.000000,1.100000,0.000000,0.000000,1.200000,0.000000,0.000000,1.350000,0.000000,0.000000,0.850000,0.020000,0.000000,0.008000,0.000000,0.000600,0.008000,0.000000,0.000600,0.006000,0.000000,0.000000,1,1,1,347,244,429851,429851,255135,174716,0,60.00,7646,3233,331,0,0,0,7681,500.00,500.00,10,1025,0.0000,0.4770,0.5030,0.7820,0.5060
2026-04-27T17:52:46.721,5.803,1,1.50,-1.20,0.97,-6.02,1,0.0441,0.0769,-0.0791,0.0662,-0.2071,0.0000,-2.03,-4.75,61.58,38.38,348,348,1.00000,1.00000,1.00000,1.00000,3,3,1,16.24520,0.00380,1.07983,-0.0441,-0.0769,0.3791,0.0662,-0.2071,0.0000,2.03,-4.93,177.42,1,1,0.0000,0.0000,0.3000,0.00,0.8200,0.3500,0.9200,6.00,180.00,0.850000,0.000000,0.000000,1.100000,0.000000,0.000000,1.200000,0.000000,0.000000,1.350000,0.000000,0.000000,0.850000,0.020000,0.000000,0.008000,0.000000,0.000600,0.008000,0.000000,0.000600,0.006000,0.000000,0.000000,1,1,1,348,240,429851,429851,255135,174716,0,60.00,7646,3233,331,0,0,0,7681,500.00,500.00,10,1025,0.0000,0.4770,0.5030,0.7820,0.5060
2026-04-27T17:52:46.737,5.820,1,1.50,-1.20,0.97,-6.02,1,0.0430,0.0806,-0.0795,0.0675,-0.2195,0.0169,-1.99,-2.34,59.44,72.99,349,349,1.00000,1.00000,1.00000,1.00000,3,3,1,16.38205,0.00360,1.07724,-0.0430,-0.0806,0.3795,0.0675,-0.2195,0.0169,1.99,-4.82,177.42,1,1,0.0000,0.0000,0.3000,0.00,0.8200,0.3500,0.9200,6.00,180.00,0.850000,0.000000,0.000000,1.100000,0.000000,0.000000,1.200000,0.000000,0.000000,1.350000,0.000000,0.000000,0.850000,0.020000,0.000000,0.008000,0.000000,0.000600,0.008000,0.000000,0.000600,0.006000,0.000000,0.000000,1,1,1,349,242,429851,429851,255135,174716,0,60.00,7646,3233,331,0,0,0,7681,500.00,500.00,10,1025,0.0000,0.4770,0.5030,0.7820,0.5060
2026-04-27T17:52:46.754,5.837,1,1.50,-1.20,0.97,-6.02,1,0.0419,0.0838,-0.0798,0.0663,-0.2013,0.0166,-2.13,8.66,62.09,53.98,350,350,1.00000,1.00000,1.00000,1.00000,3,3,1,16.59420,0.00367,1.08252,-0.0419,-0.0838,0.3798,0.0663,-0.2013,0.0166,2.13,-4.74,177.18,1,1,0.0000,0.0000,0.3000,0.00,0.8200,0.3500,0.9200,6.00,180.00,0.850000,0.000000,0.000000,1.100000,0.000000,0.000000,1.200000,0.000000,0.000000,1.350000,0.000000,0.000000,0.850000,0.020000,0.000000,0.008000,0.000000,0.000600,0.008000,0.000000,0.000600,0.006000,0.000000,0.000000,1,1,1,350,243,429851,429851,255135,174716,0,60.00,7646,3233,331,0,0,0,7681,500.00,500.00,10,1025,0.0000,0.4770,0.5030,0.7820,0.5060
2026-04-27T17:52:46.769,5.852,1,1.50,-1.20,0.97,-6.02,1,0.0405,0.0870,-0.0797,0.0808,-0.2135,0.0000,-2.07,-3.79,58.28,55.56,351,351,1.00000,1.00000,1.00000,1.00000,3,3,1,16.60099,0.00373,1.07538,-0.0405,-0.0870,0.3797,0.0808,-0.2135,0.0000,2.07,-4.82,177.19,1,1,0.0000,0.0000,0.3000,0.00,0.8200,0.3500,0.9200,6.00,180.00,0.850000,0.000000,0.000000,1.100000,0.000000,0.000000,1.200000,0.000000,0.000000,1.350000,0.000000,0.000000,0.850000,0.020000,0.000000,0.008000,0.000000,0.000600,0.008000,0.000000,0.000600,0.006000,0.000000,0.000000,1,1,1,351,239,429851,429851,255135,174716,0,60.00,7646,3233,331,0,0,0,7681,500.00,500.00,10,1025,0.0000,0.4770,0.5030,0.7820,0.5060
2026-04-27T17:52:46.787,5.870,1,1.50,-1.70,0.00,-4.84,1,0.0396,0.0901,-0.0797,0.0640,-0.1877,0.0000,-2.05,-1.14,72.38,81.93,352,352,1.00000,1.00000,1.00000,1.00000,3,3,1,16.74249,0.00380,1.08127,-0.0396,-0.0901,0.3797,0.0640,-0.1877,0.0000,2.05,-5.12,176.99,1,1,0.0000,0.0000,0.3000,0.00,0.8200,0.3500,0.9200,6.00,180.00,0.850000,0.000000,0.000000,1.100000,0.000000,0.000000,1.200000,0.000000,0.000000,1.350000,0.000000,0.000000,0.850000,0.020000,0.000000,0.008000,0.000000,0.000600,0.008000,0.000000,0.000600,0.006000,0.000000,0.000000,1,1,1,352,237,429851,429851,255135,174716,0,60.00,7646,3233,331,0,0,0,7681,500.00,500.00,10,1025,0.0000,0.4770,0.5030,0.7820,0.5060
2026-04-27T17:52:46.804,5.887,1,1.50,-1.70,0.00,-4.84,1,0.0383,0.0932,-0.0800,0.0740,-0.1917,0.0000,-2.05,0.00,51.79,91.17,353,353,1.00000,1.00000,1.00000,1.00000,3,3,1,16.91137,0.00384,1.07933,-0.0383,-0.0932,0.3800,0.0740,-0.1917,0.0000,2.05,-4.92,176.99,1,1,0.0000,0.0000,0.3000,0.00,0.8200,0.3500,0.9200,6.00,180.00,0.850000,0.000000,0.000000,1.100000,0.000000,0.000000,1.200000,0.000000,0.000000,1.350000,0.000000,0.000000,0.850000,0.020000,0.000000,0.008000,0.000000,0.000600,0.008000,0.000000,0.000600,0.006000,0.000000,0.000000,1,1,1,353,239,429851,429851,255135,174716,0,60.00,7646,3233,331,0,0,0,7681,500.00,500.00,10,1025,0.0000,0.4770,0.5030,0.7820,0.5060
2026-04-27T17:52:46.821,5.903,1,1.50,-1.70,0.00,-4.84,1,0.0371,0.0963,-0.0801,0.0716,-0.1930,0.0000,-2.06,0.60,62.23,37.72,354,354,1.00000,1.00000,1.00000,1.00000,3,3,1,17.09508,0.00395,1.08194,-0.0371,-0.0963,0.3801,0.0716,-0.1930,0.0000,2.06,-5.27,176.94,1,1,0.0000,0.0000,0.3000,0.00,0.8200,0.3500,0.9200,6.00,180.00,0.850000,0.000000,0.000000,1.100000,0.000000,0.000000,1.200000,0.000000,0.000000,1.350000,0.000000,0.000000,0.850000,0.020000,0.000000,0.008000,0.000000,0.000600,0.008000,0.000000,0.000600,0.006000,0.000000,0.000000,1,1,1,354,239,429851,429851,255135,174716,0,60.00,7646,3233,331,0,0,0,7681,500.00,500.00,10,1025,0.0000,0.4770,0.5030,0.7820,0.5060
2026-04-27T17:52:46.837,5.920,1,1.50,-1.70,0.00,-4.84,1,0.0357,0.0992,-0.0801,0.0836,-0.1837,0.0000,-2.10,2.33,57.11,81.30,355,355,1.00000,1.00000,1.00000,1.00000,3,3,1,17.13055,0.00388,1.08155,-0.0357,-0.0992,0.3801,0.0836,-0.1837,0.0000,2.10,-5.31,176.88,1,1,0.0000,0.0000,0.3000,0.00,0.8200,0.3500,0.9200,6.00,180.00,0.850000,0.000000,0.000000,1.100000,0.000000,0.000000,1.200000,0.000000,0.000000,1.350000,0.000000,0.000000,0.850000,0.020000,0.000000,0.008000,0.000000,0.000600,0.008000,0.000000,0.000600,0.006000,0.000000,0.000000,1,1,1,355,238,429851,429851,255135,174716,0,60.00,7646,3233,331,0,0,0,7681,500.00,500.00,10,1025,0.0000,0.4770,0.5030,0.7820,0.5060
2026-04-27T17:52:46.854,5.937,1,1.50,-1.70,0.00,-4.84,1,0.0342,0.1019,-0.0802,0.0877,-0.1794,0.0000,-2.12,1.24,61.91,50.63,356,356,1.00000,1.00000,1.00000,1.00000,3,3,1,17.27048,0.00397,1.07962,-0.0342,-0.1019,0.3802,0.0877,-0.1794,0.0000,2.12,-5.24,176.73,1,1,0.0000,0.0000,0.3000,0.00,0.8200,0.3500,0.9200,6.00,180.00,0.850000,0.000000,0.000000,1.100000,0.000000,0.000000,1.200000,0.000000,0.000000,1.350000,0.000000,0.000000,0.850000,0.020000,0.000000,0.008000,0.000000,0.000600,0.008000,0.000000,0.000600,0.006000,0.000000,0.000000,1,1,1,356,239,429851,429851,255135,174716,0,60.00,7646,3233,331,0,0,0,7681,500.00,500.00,10,1025,0.0000,0.4770,0.5030,0.7820,0.5060
2026-04-27T17:52:46.867,5.950,1,1.50,-1.70,0.00,-4.84,1,0.0328,0.1046,-0.0803,0.0849,-0.1719,0.0000,-2.12,0.00,58.28,56.03,357,357,1.00000,1.00000,1.00000,1.00000,3,3,1,17.33288,0.00381,1.08262,-0.0328,-0.1046,0.3803,0.0849,-0.1719,0.0000,2.12,-5.30,176.52,1,1,0.0000,0.0000,0.3000,0.00,0.8200,0.3500,0.9200,6.00,180.00,0.850000,0.000000,0.000000,1.100000,0.000000,0.000000,1.200000,0.000000,0.000000,1.350000,0.000000,0.000000,0.850000,0.020000,0.000000,0.008000,0.000000,0.000600,0.008000,0.000000,0.000600,0.006000,0.000000,0.000000,1,1,1,357,238,429851,429851,255135,174716,0,60.00,7646,3233,331,0,0,0,7681,500.00,500.00,10,1025,0.0000,0.4770,0.5030,0.7820,0.5060
2026-04-27T17:52:46.887,5.970,1,1.50,-2.19,0.00,-4.89,1,0.0314,0.1075,-0.0805,0.0821,-0.1674,0.0000,-2.10,-1.03,81.20,78.23,358,358,1.00000,1.00000,1.00000,1.00000,3,3,1,17.52444,0.00409,1.08486,-0.0314,-0.1075,0.3805,0.0821,-0.1674,0.0000,2.10,-5.53,176.45,1,1,0.0000,0.0000,0.3000,0.00,0.8200,0.3500,0.9200,6.00,180.00,0.850000,0.000000,0.000000,1.100000,0.000000,0.000000,1.200000,0.000000,0.000000,1.350000,0.000000,0.000000,0.850000,0.020000,0.000000,0.008000,0.000000,0.000600,0.008000,0.000000,0.000600,0.006000,0.000000,0.000000,1,1,1,358,239,429851,429851,255135,174716,0,60.00,7646,3233,331,0,0,0,7681,500.00,500.00,10,1025,0.0000,0.4770,0.5030,0.7820,0.5060
2026-04-27T17:52:46.903,5.986,1,1.50,-2.19,0.00,-4.89,1,0.0298,0.1099,-0.0805,0.0947,-0.1615,0.0000,-2.11,0.60,51.28,105.18,359,359,1.00000,1.00000,1.00000,1.00000,3,3,1,17.63579,0.00398,1.07895,-0.0298,-0.1099,0.3805,0.0947,-0.1615,0.0000,2.11,-5.38,176.38,1,1,0.0000,0.0000,0.3000,0.00,0.8200,0.3500,0.9200,6.00,180.00,0.850000,0.000000,0.000000,1.100000,0.000000,0.000000,1.200000,0.000000,0.000000,1.350000,0.000000,0.000000,0.850000,0.020000,0.000000,0.008000,0.000000,0.000600,0.008000,0.000000,0.000600,0.006000,0.000000,0.000000,1,1,1,359,238,429851,429851,255135,174716,0,60.00,7646,3233,331,0,0,0,7681,500.00,500.00,10,1025,0.0000,0.4770,0.5030,0.7820,0.5060
2026-04-27T17:52:46.921,6.003,1,1.50,-2.19,0.00,-4.89,1,0.0284,0.1123,-0.0803,0.0895,-0.1556,0.0000,-2.18,4.31,56.63,36.10,360,360,1.00000,1.00000,1.00000,1.00000,3,3,1,17.71512,0.00400,1.07983,-0.0284,-0.1123,0.3803,0.0895,-0.1556,0.0000,2.18,-5.54,176.30,1,1,0.0000,0.0000,0.3000,0.00,0.8200,0.3500,0.9200,6.00,180.00,0.850000,0.000000,0.000000,1.100000,0.000000,0.000000,1.200000,0.000000,0.000000,1.350000,0.000000,0.000000,0.850000,0.020000,0.000000,0.008000,0.000000,0.000600,0.008000,0.000000,0.000600,0.006000,0.000000,0.000000,1,1,1,360,238,429851,429851,255135,174716,0,60.00,7646,3233,331,0,0,0,7681,500.00,500.00,10,1025,0.0000,0.4770,0.5030,0.7820,0.5060
2026-04-27T17:52:46.937,6.020,1,1.50,-2.70,0.00,-4.99,1,0.0267,0.1149,-0.0804,0.0953,-0.1553,0.0000,-2.21,1.80,61.58,58.63,361,361,1.00000,1.00000,1.00000,1.00000,3,3,1,17.82299,0.00396,1.07756,-0.0267,-0.1149,0.3804,0.0953,-0.1553,0.0000,2.21,-5.62,176.37,1,1,0.0000,0.0000,0.3000,0.00,0.8200,0.3500,0.9200,6.00,180.00,0.850000,0.000000,0.000000,1.100000,0.000000,0.000000,1.200000,0.000000,0.000000,1.350000,0.000000,0.000000,0.850000,0.020000,0.000000,0.008000,0.000000,0.000600,0.008000,0.000000,0.000600,0.006000,0.000000,0.000000,1,1,1,361,239,429851,429851,255135,174716,0,60.00,7646,3233,331,0,0,0,7681,500.00,500.00,10,1025,0.0000,0.4770,0.5030,0.7820,0.5060
2026-04-27T17:52:46.951,6.034,1,1.50,-2.70,0.00,-4.99,1,0.0251,0.1169,-0.0804,0.0971,-0.1378,0.0000,-2.14,-4.80,58.01,60.57,362,362,1.00000,1.00000,1.00000,1.00000,3,3,1,17.97242,0.00389,1.07852,-0.0251,-0.1169,0.3804,0.0971,-0.1378,0.0000,2.14,-5.72,176.20,1,1,0.0000,0.0000,0.3000,0.00,0.8200,0.3500,0.9200,6.00,180.00,0.850000,0.000000,0.000000,1.100000,0.000000,0.000000,1.200000,0.000000,0.000000,1.350000,0.000000,0.000000,0.850000,0.020000,0.000000,0.008000,0.000000,0.000600,0.008000,0.000000,0.000600,0.006000,0.000000,0.000000,1,1,1,362,238,429851,429851,255135,174716,0,60.00,7646,3233,331,0,0,0,7681,500.00,500.00,10,1025,0.0000,0.4770,0.5030,0.7820,0.5060
2026-04-27T17:52:46.969,6.052,1,1.50,-2.70,0.00,-4.99,1,0.0234,0.1189,-0.0805,0.1007,-0.1310,0.0000,-2.08,-3.27,76.73,60.69,363,363,1.00000,1.00000,1.00000,1.00000,3,3,1,18.01266,0.00388,1.07774,-0.0234,-0.1189,0.3805,0.1007,-0.1310,0.0000,2.08,-5.50,176.07,1,1,0.0000,0.0000,0.3000,0.00,0.8200,0.3500,0.9200,6.00,180.00,0.850000,0.000000,0.000000,1.100000,0.000000,0.000000,1.200000,0.000000,0.000000,1.350000,0.000000,0.000000,0.850000,0.020000,0.000000,0.008000,0.000000,0.000600,0.008000,0.000000,0.000600,0.006000,0.000000,0.000000,1,1,1,363,239,429851,429851,255135,174716,0,60.00,7646,3233,361,0,0,0,7711,500.00,500.00,12,351,0.0000,0.4770,0.4940,0.7850,0.5070
2026-04-27T17:52:46.988,6.070,1,1.50,-2.70,0.00,-4.99,1,0.0217,0.1209,-0.0805,0.1000,-0.1274,0.0000,-2.21,7.51,54.51,67.35,364,364,1.00000,1.00000,1.00000,1.00000,3,3,1,18.19637,0.00406,1.07858,-0.0217,-0.1209,0.3805,0.1000,-0.1274,0.0000,2.21,-5.48,175.87,1,1,0.0000,0.0000,0.3000,0.00,0.8200,0.3500,0.9200,6.00,180.00,0.850000,0.000000,0.000000,1.100000,0.000000,0.000000,1.200000,0.000000,0.000000,1.350000,0.000000,0.000000,0.850000,0.020000,0.000000,0.008000,0.000000,0.000600,0.008000,0.000000,0.000600,0.006000,0.000000,0.000000,1,1,1,364,238,429851,429851,255135,174716,0,60.00,7646,3233,361,0,0,0,7711,500.00,500.00,12,351,0.0000,0.4770,0.4940,0.7850,0.5070
2026-04-27T17:52:47.004,6.087,1,1.50,-2.70,0.00,-4.99,1,0.0200,0.1227,-0.0805,0.1022,-0.1192,0.0000,-2.13,-4.88,54.61,100.96,365,365,1.00000,1.00000,1.00000,1.00000,3,3,1,18.29916,0.00410,1.07896,-0.0200,-0.1227,0.3805,0.1022,-0.1192,0.0000,2.13,-5.54,175.82,1,1,0.0000,0.0000,0.3000,0.00,0.8200,0.3500,0.9200,6.00,180.00,0.850000,0.000000,0.000000,1.100000,0.000000,0.000000,1.200000,0.000000,0.000000,1.350000,0.000000,0.000000,0.850000,0.020000,0.000000,0.008000,0.000000,0.000600,0.008000,0.000000,0.000600,0.006000,0.000000,0.000000,1,1,1,365,239,429851,429851,255135,174716,0,60.00,7646,3233,361,0,0,0,7711,500.00,500.00,12,351,0.0000,0.4770,0.4940,0.7850,0.5070
2026-04-27T17:52:47.021,6.103,1,1.50,-2.70,0.00,-4.99,1,0.0186,0.1245,-0.0806,0.0952,-0.1117,0.0000,-2.02,-6.61,58.17,39.43,366,366,1.00000,1.00000,1.00000,1.00000,3,3,1,18.38951,0.00404,1.07883,-0.0186,-0.1245,0.3806,0.0952,-0.1117,0.0000,2.02,-5.78,175.67,1,1,0.0000,0.0000,0.3000,0.00,0.8200,0.3500,0.9200,6.00,180.00,0.850000,0.000000,0.000000,1.100000,0.000000,0.000000,1.200000,0.000000,0.000000,1.350000,0.000000,0.000000,0.850000,0.020000,0.000000,0.008000,0.000000,0.000600,0.008000,0.000000,0.000600,0.006000,0.000000,0.000000,1,1,1,366,240,429851,429851,255135,174716,0,60.00,7646,3233,361,0,0,0,7711,500.00,500.00,12,351,0.0000,0.4770,0.4940,0.7850,0.5070
2026-04-27T17:52:47.037,6.120,1,1.50,-2.70,0.00,-4.99,1,0.0166,0.1263,-0.0808,0.1078,-0.1109,0.0000,-2.16,8.67,63.08,68.96,367,367,1.00000,1.00000,1.00000,1.00000,3,3,1,18.42777,0.00384,1.07612,-0.0166,-0.1263,0.3808,0.1078,-0.1109,0.0000,2.16,-5.52,175.60,1,1,0.0000,0.0000,0.3000,0.00,0.8200,0.3500,0.9200,6.00,180.00,0.850000,0.000000,0.000000,1.100000,0.000000,0.000000,1.200000,0.000000,0.000000,1.350000,0.000000,0.000000,0.850000,0.020000,0.000000,0.008000,0.000000,0.000600,0.008000,0.000000,0.000600,0.006000,0.000000,0.000000,1,1,1,367,239,429851,429851,255135,174716,0,60.00,7646,3233,361,0,0,0,7711,500.00,500.00,12,351,0.0000,0.4770,0.4940,0.7850,0.5070
2026-04-27T17:52:47.050,6.133,1,1.29,-3.10,-1.97,-3.93,1,0.0151,0.1278,-0.0808,0.1027,-0.1060,0.0000,-2.14,-1.41,58.28,53.59,368,368,1.00000,1.00000,1.00000,1.00000,3,3,1,18.52941,0.00398,1.08137,-0.0151,-0.1278,0.3808,0.1027,-0.1060,0.0000,2.14,-5.72,175.56,1,1,0.0000,0.0000,0.3000,0.00,0.8200,0.3500,0.9200,6.00,180.00,0.850000,0.000000,0.000000,1.100000,0.000000,0.000000,1.200000,0.000000,0.000000,1.350000,0.000000,0.000000,0.850000,0.020000,0.000000,0.008000,0.000000,0.000600,0.008000,0.000000,0.000600,0.006000,0.000000,0.000000,1,1,1,368,240,429851,429851,255135,174716,0,60.00,7646,3233,361,0,0,0,7711,500.00,500.00,12,351,0.0000,0.4770,0.4940,0.7850,0.5070
2026-04-27T17:52:47.070,6.153,1,1.29,-3.10,-1.97,-3.93,1,0.0132,0.1290,-0.0807,0.1057,-0.0839,0.0000,-2.15,0.50,82.05,59.14,369,369,1.00000,1.00000,1.00000,1.00000,3,3,1,18.63850,0.00381,1.07448,-0.0132,-0.1290,0.3807,0.1057,-0.0839,0.0000,2.15,-5.79,175.43,1,1,0.0000,0.0000,0.3000,0.00,0.8200,0.3500,0.9200,6.00,180.00,0.850000,0.000000,0.000000,1.100000,0.000000,0.000000,1.200000,0.000000,0.000000,1.350000,0.000000,0.000000,0.850000,0.020000,0.000000,0.008000,0.000000,0.000600,0.008000,0.000000,0.000600,0.006000,0.000000,0.000000,1,1,1,369,240,429851,429851,255135,174716,0,60.00,7646,3233,361,0,0,0,7711,500.00,500.00,12,351,0.0000,0.4770,0.4940,0.7850,0.5070
2026-04-27T17:52:47.087,6.170,1,1.29,-3.10,-1.97,-3.93,1,0.0116,0.1303,-0.0807,0.0993,-0.0823,0.0000,-2.11,-2.46,50.07,98.31,370,370,1.00000,1.00000,1.00000,1.00000,3,3,1,18.75770,0.00400,1.07692,-0.0116,-0.1303,0.3807,0.0993,-0.0823,0.0000,2.11,-5.91,175.36,1,1,0.0000,0.0000,0.3000,0.00,0.8200,0.3500,0.9200,6.00,180.00,0.850000,0.000000,0.000000,1.100000,0.000000,0.000000,1.200000,0.000000,0.000000,1.350000,0.000000,0.000000,0.850000,0.020000,0.000000,0.008000,0.000000,0.000600,0.008000,0.000000,0.000600,0.006000,0.000000,0.000000,1,1,1,370,239,429851,429851,255135,174716,0,60.00,7646,3233,361,0,0,0,7711,500.00,500.00,12,351,0.0000,0.4770,0.4940,0.7850,0.5070
2026-04-27T17:52:47.104,6.187,1,1.29,-3.10,-1.97,-3.93,1,0.0098,0.1311,-0.0806,0.1092,-0.0673,0.0000,-2.07,-2.39,54.70,67.38,371,371,1.00000,1.00000,1.00000,1.00000,3,3,1,18.79479,0.00386,1.07599,-0.0098,-0.1311,0.3806,0.1092,-0.0673,0.0000,2.07,-5.83,175.25,1,1,0.0000,0.0000,0.3000,0.00,0.8200,0.3500,0.9200,6.00,180.00,0.850000,0.000000,0.000000,1.100000,0.000000,0.000000,1.200000,0.000000,0.000000,1.350000,0.000000,0.000000,0.850000,0.020000,0.000000,0.008000,0.000000,0.000600,0.008000,0.000000,0.000600,0.006000,0.000000,0.000000,1,1,1,371,239,429851,429851,255135,174716,0,60.00,7646,3233,361,0,0,0,7711,500.00,500.00,12,351,0.0000,0.4770,0.4940,0.7850,0.5070
2026-04-27T17:52:47.121,6.203,1,1.29,-3.10,-1.97,-3.93,1,0.0080,0.1322,-0.0806,0.1096,-0.0700,0.0000,-2.08,0.60,63.48,44.92,372,372,1.00000,1.00000,1.00000,1.00000,3,3,1,18.83486,0.00406,1.07661,-0.0080,-0.1322,0.3806,0.1096,-0.0700,0.0000,2.08,-5.85,175.27,1,1,0.0000,0.0000,0.3000,0.00,0.8200,0.3500,0.9200,6.00,180.00,0.850000,0.000000,0.000000,1.100000,0.000000,0.000000,1.200000,0.000000,0.000000,1.350000,0.000000,0.000000,0.850000,0.020000,0.000000,0.008000,0.000000,0.000600,0.008000,0.000000,0.000600,0.006000,0.000000,0.000000,1,1,1,372,238,429851,429851,255135,174716,0,60.00,7646,3233,361,0,0,0,7711,500.00,500.00,12,351,0.0000,0.4770,0.4940,0.7850,0.5070
2026-04-27T17:52:47.137,6.220,1,1.29,-3.10,-1.97,-3.93,1,0.0062,0.1332,-0.0808,0.1075,-0.0616,0.0000,-2.06,-1.23,60.17,53.37,373,373,1.00000,1.00000,1.00000,1.00000,3,3,1,19.00826,0.00377,1.07741,-0.0062,-0.1332,0.3808,0.1075,-0.0616,0.0000,2.06,-5.68,175.20,1,1,0.0000,0.0000,0.3000,0.00,0.8200,0.3500,0.9200,6.00,180.00,0.850000,0.000000,0.000000,1.100000,0.000000,0.000000,1.200000,0.000000,0.000000,1.350000,0.000000,0.000000,0.850000,0.020000,0.000000,0.008000,0.000000,0.000600,0.008000,0.000000,0.000600,0.006000,0.000000,0.000000,1,1,1,373,239,429851,429851,255135,174716,0,60.00,7646,3233,361,0,0,0,7711,500.00,500.00,12,351,0.0000,0.4770,0.4940,0.7850,0.5070
2026-04-27T17:52:47.153,6.236,1,1.09,-3.40,-1.97,-2.92,1,0.0045,0.1337,-0.0806,0.1044,-0.0459,0.0000,-1.99,-4.06,57.91,58.71,374,374,1.00000,1.00000,1.00000,1.00000,3,3,1,19.08507,0.00409,1.07645,-0.0045,-0.1337,0.3806,0.1044,-0.0459,0.0000,1.99,-5.84,175.02,1,1,0.0000,0.0000,0.3000,0.00,0.8200,0.3500,0.9200,6.00,180.00,0.850000,0.000000,0.000000,1.100000,0.000000,0.000000,1.200000,0.000000,0.000000,1.350000,0.000000,0.000000,0.850000,0.020000,0.000000,0.008000,0.000000,0.000600,0.008000,0.000000,0.000600,0.006000,0.000000,0.000000,1,1,1,374,240,429851,429851,255135,174716,0,60.00,7646,3233,361,0,0,0,7711,500.00,500.00,12,351,0.0000,0.4770,0.4940,0.7850,0.5070
2026-04-27T17:52:47.170,6.253,1,1.09,-3.40,-1.97,-2.92,1,0.0026,0.1339,-0.0806,0.1123,-0.0318,0.0000,-1.96,-1.81,61.67,59.21,375,375,1.00000,1.00000,1.00000,1.00000,3,3,1,18.98984,0.00407,1.07810,-0.0026,-0.1339,0.3806,0.1123,-0.0318,0.0000,1.96,-5.80,174.95,1,1,0.0000,0.0000,0.3000,0.00,0.8200,0.3500,0.9200,6.00,180.00,0.850000,0.000000,0.000000,1.100000,0.000000,0.000000,1.200000,0.000000,0.000000,1.350000,0.000000,0.000000,0.850000,0.020000,0.000000,0.008000,0.000000,0.000600,0.008000,0.000000,0.000600,0.006000,0.000000,0.000000,1,1,1,375,239,429851,429851,255135,174716,0,60.00,7646,3233,361,0,0,0,7711,500.00,500.00,12,351,0.0000,0.4770,0.4940,0.7850,0.5070
2026-04-27T17:52:47.187,6.270,1,1.09,-3.40,-1.97,-2.92,1,0.0012,0.1345,-0.0803,0.0975,-0.0350,-0.0106,-1.99,1.86,60.23,60.05,376,376,1.00000,1.00000,1.00000,1.00000,3,3,1,19.11194,0.00406,1.07490,-0.0012,-0.1345,0.3803,0.0975,-0.0350,-0.0106,1.99,-6.27,174.94,1,1,0.0000,0.0000,0.3000,0.00,0.8200,0.3500,0.9200,6.00,180.00,0.850000,0.000000,0.000000,1.100000,0.000000,0.000000,1.200000,0.000000,0.000000,1.350000,0.000000,0.000000,0.850000,0.020000,0.000000,0.008000,0.000000,0.000600,0.008000,0.000000,0.000600,0.006000,0.000000,0.000000,1,1,1,376,239,429851,429851,255135,174716,0,60.00,7646,3233,361,0,0,0,7711,500.00,500.00,12,351,0.0000,0.4770,0.4940,0.7850,0.5070
2026-04-27T17:52:47.203,6.286,1,1.09,-3.40,-1.97,-2.92,1,-0.0006,0.1348,-0.0804,0.1077,-0.0251,0.0000,-1.98,-0.58,58.46,124.34,377,377,1.00000,1.00000,1.00000,1.00000,3,3,1,19.16969,0.00412,1.07343,0.0006,-0.1348,0.3804,0.1077,-0.0251,0.0000,1.98,-6.36,174.99,1,1,0.0000,0.0000,0.3000,0.00,0.8200,0.3500,0.9200,6.00,180.00,0.850000,0.000000,0.000000,1.100000,0.000000,0.000000,1.200000,0.000000,0.000000,1.350000,0.000000,0.000000,0.850000,0.020000,0.000000,0.008000,0.000000,0.000600,0.008000,0.000000,0.000600,0.006000,0.000000,0.000000,1,1,1,377,234,429851,429851,255135,174716,0,60.00,7646,3233,361,0,0,0,7711,500.00,500.00,12,351,0.0000,0.4770,0.4940,0.7850,0.5070
2026-04-27T17:52:47.220,6.303,1,1.09,-3.40,-1.97,-2.92,1,-0.0025,0.1347,-0.0801,0.1097,0.0000,0.0000,-1.90,-5.08,61.86,39.71,378,378,1.00000,1.00000,1.00000,1.00000,3,3,1,19.17102,0.00404,1.07365,0.0025,-0.1347,0.3801,0.1097,0.0000,0.0000,1.90,-6.35,174.94,1,1,0.0000,0.0000,0.3000,0.00,0.8200,0.3500,0.9200,6.00,180.00,0.850000,0.000000,0.000000,1.100000,0.000000,0.000000,1.200000,0.000000,0.000000,1.350000,0.000000,0.000000,0.850000,0.020000,0.000000,0.008000,0.000000,0.000600,0.008000,0.000000,0.000600,0.006000,0.000000,0.000000,1,1,1,378,231,429851,429851,255135,174716,0,60.00,7646,3233,361,0,0,0,7711,500.00,500.00,12,351,0.0000,0.4770,0.4940,0.7850,0.5070
2026-04-27T17:52:47.235,6.318,1,1.09,-3.40,-1.97,-2.92,1,-0.0045,0.1347,-0.0804,0.1153,0.0000,0.0000,-1.85,-3.10,59.66,61.21,379,379,1.00000,1.00000,1.00000,1.00000,3,3,1,19.22231,0.00404,1.07278,0.0045,-0.1347,0.3804,0.1153,0.0000,0.0000,1.85,-6.25,174.85,1,1,0.0000,0.0000,0.3000,0.00,0.8200,0.3500,0.9200,6.00,180.00,0.850000,0.000000,0.000000,1.100000,0.000000,0.000000,1.200000,0.000000,0.000000,1.350000,0.000000,0.000000,0.850000,0.020000,0.000000,0.008000,0.000000,0.000600,0.008000,0.000000,0.000600,0.006000,0.000000,0.000000,1,1,1,379,233,429851,429851,255135,174716,0,60.00,7646,3233,361,0,0,0,7711,500.00,500.00,12,351,0.0000,0.4770,0.4940,0.7850,0.5070
2026-04-27T17:52:47.253,6.336,1,1.00,-3.60,-0.95,-1.97,1,-0.0064,0.1344,-0.0801,0.1137,0.0000,-0.0118,-1.80,-2.73,70.91,250.72,380,380,1.00000,1.00000,1.00000,1.00000,3,3,1,19.21528,0.00402,1.07045,0.0064,-0.1344,0.3801,0.1137,0.0000,-0.0118,1.80,-6.13,174.81,1,1,0.0000,0.0000,0.3000,0.00,0.8200,0.3500,0.9200,6.00,180.00,0.850000,0.000000,0.000000,1.100000,0.000000,0.000000,1.200000,0.000000,0.000000,1.350000,0.000000,0.000000,0.850000,0.020000,0.000000,0.008000,0.000000,0.000600,0.008000,0.000000,0.000600,0.006000,0.000000,0.000000,1,1,1,380,237,429851,429851,255135,174716,0,60.00,7646,3233,361,0,0,0,7711,500.00,500.00,12,351,0.0000,0.4770,0.4940,0.7850,0.5070
2026-04-27T17:52:47.269,6.352,1,1.00,-3.60,-0.95,-1.97,1,-0.0080,0.1339,-0.0800,0.1072,0.0179,0.0000,-1.76,-2.58,51.73,33.44,381,381,1.00000,1.00000,1.00000,1.00000,3,3,1,19.29324,0.00410,1.07355,0.0080,-0.1339,0.3800,0.1072,0.0179,0.0000,1.76,-6.19,174.67,1,1,0.0000,0.0000,0.3000,0.00,0.8200,0.3500,0.9200,6.00,180.00,0.850000,0.000000,0.000000,1.100000,0.000000,0.000000,1.200000,0.000000,0.000000,1.350000,0.000000,0.000000,0.850000,0.020000,0.000000,0.008000,0.000000,0.000600,0.008000,0.000000,0.000600,0.006000,0.000000,0.000000,1,1,1,381,237,429851,429851,255135,174716,0,60.00,7646,3233,361,0,0,0,7711,500.00,500.00,12,351,0.0000,0.4770,0.4940,0.7850,0.5070
2026-04-27T17:52:47.286,6.369,1,1.00,-3.60,-0.95,-1.97,1,-0.0097,0.1332,-0.0800,0.1046,0.0285,0.0000,-1.75,-0.57,68.87,91.20,382,382,1.00000,1.00000,1.00000,1.00000,3,3,1,19.28853,0.00411,1.07563,0.0097,-0.1332,0.3800,0.1046,0.0285,0.0000,1.75,-6.30,174.60,1,1,0.0000,0.0000,0.3000,0.00,0.8200,0.3500,0.9200,6.00,180.00,0.850000,0.000000,0.000000,1.100000,0.000000,0.000000,1.200000,0.000000,0.000000,1.350000,0.000000,0.000000,0.850000,0.020000,0.000000,0.008000,0.000000,0.000600,0.008000,0.000000,0.000600,0.006000,0.000000,0.000000,1,1,1,382,234,429851,429851,255135,174716,0,60.00,7646,3233,361,0,0,0,7711,500.00,500.00,12,351,0.0000,0.4770,0.4940,0.7850,0.5070
2026-04-27T17:52:47.303,6.386,1,1.00,-3.60,-0.95,-1.97,1,-0.0112,0.1327,-0.0799,0.1004,0.0290,0.0000,-1.72,-1.80,52.59,70.49,383,383,1.00000,1.00000,1.00000,1.00000,3,3,1,19.33565,0.00399,1.07242,0.0112,-0.1327,0.3799,0.1004,0.0290,0.0000,1.72,-6.55,174.71,1,1,0.0000,0.0000,0.3000,0.00,0.8200,0.3500,0.9200,6.00,180.00,0.850000,0.000000,0.000000,1.100000,0.000000,0.000000,1.200000,0.000000,0.000000,1.350000,0.000000,0.000000,0.850000,0.020000,0.000000,0.008000,0.000000,0.000600,0.008000,0.000000,0.000600,0.006000,0.000000,0.000000,1,1,1,383,235,429851,429851,255135,174716,0,60.00,7646,3233,361,0,0,0,7711,500.00,500.00,12,351,0.0000,0.4770,0.4940,0.7850,0.5070
2026-04-27T17:52:47.320,6.402,1,1.00,-3.60,-0.95,-1.97,1,-0.0132,0.1317,-0.0800,0.1127,0.0459,0.0000,-1.80,4.81,59.87,40.55,384,384,1.00000,1.00000,1.00000,1.00000,3,3,1,19.34618,0.00413,1.07219,0.0132,-0.1317,0.3800,0.1127,0.0459,0.0000,1.80,-6.38,174.55,1,1,0.0000,0.0000,0.3000,0.00,0.8200,0.3500,0.9200,6.00,180.00,0.850000,0.000000,0.000000,1.100000,0.000000,0.000000,1.200000,0.000000,0.000000,1.350000,0.000000,0.000000,0.850000,0.020000,0.000000,0.008000,0.000000,0.000600,0.008000,0.000000,0.000600,0.006000,0.000000,0.000000,1,1,1,384,236,429851,429851,255135,174716,0,60.00,7646,3233,361,0,0,0,7711,500.00,500.00,12,351,0.0000,0.4770,0.4940,0.7850,0.5070
2026-04-27T17:52:47.337,6.420,1,1.00,-3.60,-0.95,-1.97,1,-0.0148,0.1308,-0.0801,0.1017,0.0505,0.0000,-1.88,4.92,61.65,61.85,385,385,1.00000,1.00000,1.00000,1.00000,3,3,1,19.30619,0.00420,1.07411,0.0148,-0.1308,0.3801,0.1017,0.0505,0.0000,1.88,-6.51,174.40,1,1,0.0000,0.0000,0.3000,0.00,0.8200,0.3500,0.9200,6.00,180.00,0.850000,0.000000,0.000000,1.100000,0.000000,0.000000,1.200000,0.000000,0.000000,1.350000,0.000000,0.000000,0.850000,0.020000,0.000000,0.008000,0.000000,0.000600,0.008000,0.000000,0.000600,0.006000,0.000000,0.000000,1,1,1,385,236,429851,429851,255135,174716,0,60.00,7646,3233,361,0,0,0,7711,500.00,500.00,12,351,0.0000,0.4770,0.4940,0.7850,0.5070
2026-04-27T17:52:47.353,6.436,1,1.00,-3.60,-0.95,-1.97,1,-0.0165,0.1295,-0.0799,0.1061,0.0649,0.0000,-1.87,-0.59,61.54,62.32,386,386,1.00000,1.00000,1.00000,1.00000,3,3,1,19.41017,0.00404,1.07608,0.0165,-0.1295,0.3799,0.1061,0.0649,0.0000,1.87,-6.50,174.35,1,1,0.0000,0.0000,0.3000,0.00,0.8200,0.3500,0.9200,6.00,180.00,0.850000,0.000000,0.000000,1.100000,0.000000,0.000000,1.200000,0.000000,0.000000,1.350000,0.000000,0.000000,0.850000,0.020000,0.000000,0.008000,0.000000,0.000600,0.008000,0.000000,0.000600,0.006000,0.000000,0.000000,1,1,1,386,235,429851,429851,255135,174716,0,60.00,7646,3233,361,0,0,0,7711,500.00,500.00,12,351,0.0000,0.4770,0.4940,0.7850,0.5070
2026-04-27T17:52:47.370,6.453,1,1.00,-3.60,-0.95,-1.97,1,-0.0184,0.1282,-0.0798,0.1084,0.0700,0.0000,-1.80,-4.32,58.61,60.53,387,387,1.00000,1.00000,1.00000,1.00000,3,3,1,19.31919,0.00402,1.07081,0.0184,-0.1282,0.3798,0.1084,0.0700,0.0000,1.80,-6.46,174.42,1,1,0.0000,0.0000,0.3000,0.00,0.8200,0.3500,0.9200,6.00,180.00,0.850000,0.000000,0.000000,1.100000,0.000000,0.000000,1.200000,0.000000,0.000000,1.350000,0.000000,0.000000,0.850000,0.020000,0.000000,0.008000,0.000000,0.000600,0.008000,0.000000,0.000600,0.006000,0.000000,0.000000,1,1,1,387,235,429851,429851,255135,174716,0,60.00,7646,3233,361,0,0,0,7711,500.00,500.00,12,351,0.0000,0.4770,0.4940,0.7850,0.5070
2026-04-27T17:52:47.386,6.469,1,1.00,-3.60,-0.95,-1.97,1,-0.0203,0.1266,-0.0800,0.1126,0.0837,0.0000,-1.83,1.74,58.07,58.22,388,388,1.00000,1.00000,1.00000,1.00000,3,3,1,19.18629,0.00406,1.07176,0.0203,-0.1266,0.3800,0.1126,0.0837,0.0000,1.83,-6.16,174.40,1,1,0.0000,0.0000,0.3000,0.00,0.8200,0.3500,0.9200,6.00,180.00,0.850000,0.000000,0.000000,1.100000,0.000000,0.000000,1.200000,0.000000,0.000000,1.350000,0.000000,0.000000,0.850000,0.020000,0.000000,0.008000,0.000000,0.000600,0.008000,0.000000,0.000600,0.006000,0.000000,0.000000,1,1,1,388,235,429851,429851,255135,174716,0,60.00,7646,3233,361,0,0,0,7711,500.00,500.00,12,351,0.0000,0.4770,0.4940,0.7850,0.5070
2026-04-27T17:52:47.404,6.487,1,0.90,-3.80,-0.96,-1.99,1,-0.0217,0.1252,-0.0796,0.1460,0.1319,-0.0224,-1.83,0.00,59.85,83.96,389,389,1.00000,1.00000,1.00000,1.00000,3,3,1,19.19043,0.00395,1.06875,0.0217,-0.1252,0.3796,0.1460,0.1319,-0.0224,1.83,-6.23,174.42,1,1,0.0000,0.0000,0.3000,0.00,0.8200,0.3500,0.9200,6.00,180.00,0.850000,0.000000,0.000000,1.100000,0.000000,0.000000,1.200000,0.000000,0.000000,1.350000,0.000000,0.000000,0.850000,0.020000,0.000000,0.008000,0.000000,0.000600,0.008000,0.000000,0.000600,0.006000,0.000000,0.000000,1,1,1,389,242,429851,429851,255135,174716,0,60.00,7646,3233,361,0,0,0,7711,500.00,500.00,12,351,0.0000,0.4770,0.4940,0.7850,0.5070
2026-04-27T17:52:47.420,6.502,1,0.90,-3.80,-0.96,-1.99,1,-0.0238,0.1229,-0.0798,0.1108,0.1091,0.0000,-1.75,-3.05,62.28,86.55,390,390,1.00000,1.00000,1.00000,1.00000,3,3,1,19.20276,0.00408,1.07392,0.0238,-0.1229,0.3798,0.1108,0.1091,0.0000,1.75,-6.31,174.29,1,1,0.0000,0.0000,0.3000,0.00,0.8200,0.3500,0.9200,6.00,180.00,0.850000,0.000000,0.000000,1.100000,0.000000,0.000000,1.200000,0.000000,0.000000,1.350000,0.000000,0.000000,0.850000,0.020000,0.000000,0.008000,0.000000,0.000600,0.008000,0.000000,0.000600,0.006000,0.000000,0.000000,1,1,1,390,237,429851,429851,255135,174716,0,60.00,7646,3233,361,0,0,0,7711,500.00,500.00,12,351,0.0000,0.4770,0.4940,0.7850,0.5070
2026-04-27T17:52:47.436,6.519,1,0.90,-3.80,-0.96,-1.99,1,-0.0254,0.1213,-0.0800,0.1100,0.1066,0.0000,-1.77,1.12,59.49,36.90,391,391,1.00000,1.00000,1.00000,1.00000,3,3,1,19.16731,0.00406,1.06947,0.0254,-0.1213,0.3800,0.1100,0.1066,0.0000,1.77,-6.20,174.45,1,1,0.0000,0.0000,0.3000,0.00,0.8200,0.3500,0.9200,6.00,180.00,0.850000,0.000000,0.000000,1.100000,0.000000,0.000000,1.200000,0.000000,0.000000,1.350000,0.000000,0.000000,0.850000,0.020000,0.000000,0.008000,0.000000,0.000600,0.008000,0.000000,0.000600,0.006000,0.000000,0.000000,1,1,1,391,235,429851,429851,255135,174716,0,60.00,7646,3233,361,0,0,0,7711,500.00,500.00,12,351,0.0000,0.4770,0.4940,0.7850,0.5070
2026-04-27T17:52:47.453,6.536,1,0.90,-3.80,-0.96,-1.99,1,-0.0268,0.1188,-0.0796,0.1013,0.1376,-0.0162,-1.68,-5.40,63.75,185.43,392,392,1.00000,1.00000,1.00000,1.00000,3,3,1,19.16427,0.00409,1.07145,0.0268,-0.1188,0.3796,0.1013,0.1376,-0.0162,1.68,-6.34,174.24,1,1,0.0000,0.0000,0.3000,0.00,0.8200,0.3500,0.9200,6.00,180.00,0.850000,0.000000,0.000000,1.100000,0.000000,0.000000,1.200000,0.000000,0.000000,1.350000,0.000000,0.000000,0.850000,0.020000,0.000000,0.008000,0.000000,0.000600,0.008000,0.000000,0.000600,0.006000,0.000000,0.000000,1,1,1,392,242,429851,429851,255135,174716,0,60.00,7646,3233,361,0,0,0,7711,500.00,500.00,12,351,0.0000,0.4770,0.4940,0.7850,0.5070
2026-04-27T17:52:47.470,6.553,1,0.90,-3.80,-0.96,-1.99,1,-0.0283,0.1168,-0.0798,0.1033,0.1316,0.0000,-1.66,-1.18,56.58,35.54,393,393,1.00000,1.00000,1.00000,1.00000,3,3,1,19.05837,0.00412,1.07035,0.0283,-0.1168,0.3798,0.1033,0.1316,0.0000,1.66,-6.40,174.37,1,1,0.0000,0.0000,0.3000,0.00,0.8200,0.3500,0.9200,6.00,180.00,0.850000,0.000000,0.000000,1.100000,0.000000,0.000000,1.200000,0.000000,0.000000,1.350000,0.000000,0.000000,0.850000,0.020000,0.000000,0.008000,0.000000,0.000600,0.008000,0.000000,0.000600,0.006000,0.000000,0.000000,1,1,1,393,236,429851,429851,255135,174716,0,60.00,7646,3233,391,0,0,0,7741,499.75,499.75,9,1885,0.0000,0.5000,0.4880,0.7850,0.5050
2026-04-27T17:52:47.481,6.564,1,0.90,-3.80,-0.96,-1.99,1,-0.0301,0.1143,-0.0799,0.1117,0.1511,0.0000,-1.50,-13.94,62.53,83.37,394,394,1.00000,1.00000,1.00000,1.00000,3,3,1,18.98377,0.00422,1.06742,0.0301,-0.1143,0.3799,0.1117,0.1511,0.0000,1.50,-6.31,174.32,1,1,0.0000,0.0000,0.3000,0.00,0.8200,0.3500,0.9200,6.00,180.00,0.850000,0.000000,0.000000,1.100000,0.000000,0.000000,1.200000,0.000000,0.000000,1.350000,0.000000,0.000000,0.850000,0.020000,0.000000,0.008000,0.000000,0.000600,0.008000,0.000000,0.000600,0.006000,0.000000,0.000000,1,1,1,394,235,429851,429851,255135,174716,0,60.00,7646,3233,391,0,0,0,7741,499.75,499.75,9,1885,0.0000,0.5000,0.4880,0.7850,0.5050
2026-04-27T17:52:47.498,6.580,1,0.70,-3.80,-1.97,0.00,1,-0.0314,0.1116,-0.0797,0.0932,0.1593,0.0000,-1.51,0.62,87.13,47.52,395,395,1.00000,1.00000,1.00000,1.00000,3,3,1,18.83388,0.00411,1.07101,0.0314,-0.1116,0.3797,0.0932,0.1593,0.0000,1.51,-6.44,174.37,1,1,0.0000,0.0000,0.3000,0.00,0.8200,0.3500,0.9200,6.00,180.00,0.850000,0.000000,0.000000,1.100000,0.000000,0.000000,1.200000,0.000000,0.000000,1.350000,0.000000,0.000000,0.850000,0.020000,0.000000,0.008000,0.000000,0.000600,0.008000,0.000000,0.000600,0.006000,0.000000,0.000000,1,1,1,395,237,429851,429851,255135,174716,0,60.00,7646,3233,391,0,0,0,7741,499.75,499.75,9,1885,0.0000,0.5000,0.4880,0.7850,0.5050
2026-04-27T17:52:47.515,6.598,1,0.70,-3.80,-1.97,0.00,1,-0.0330,0.1087,-0.0797,0.0959,0.1648,0.0000,-1.56,2.90,62.36,63.52,396,396,1.00000,1.00000,1.00000,1.00000,3,3,1,18.83550,0.00411,1.06991,0.0330,-0.1087,0.3797,0.0959,0.1648,0.0000,1.56,-6.47,174.20,1,1,0.0000,0.0000,0.3000,0.00,0.8200,0.3500,0.9200,6.00,180.00,0.850000,0.000000,0.000000,1.100000,0.000000,0.000000,1.200000,0.000000,0.000000,1.350000,0.000000,0.000000,0.850000,0.020000,0.000000,0.008000,0.000000,0.000600,0.008000,0.000000,0.000600,0.006000,0.000000,0.000000,1,1,1,396,236,429851,429851,255135,174716,0,60.00,7646,3233,391,0,0,0,7741,499.75,499.75,9,1885,0.0000,0.5000,0.4880,0.7850,0.5050
2026-04-27T17:52:47.529,6.612,1,0.70,-3.80,-1.97,0.00,1,-0.0344,0.1059,-0.0797,0.0986,0.1792,0.0000,-1.51,-3.42,57.98,62.07,397,397,1.00000,1.00000,1.00000,1.00000,3,3,1,18.82552,0.00431,1.06698,0.0344,-0.1059,0.3797,0.0986,0.1792,0.0000,1.51,-6.61,174.20,1,1,0.0000,0.0000,0.3000,0.00,0.8200,0.3500,0.9200,6.00,180.00,0.850000,0.000000,0.000000,1.100000,0.000000,0.000000,1.200000,0.000000,0.000000,1.350000,0.000000,0.000000,0.850000,0.020000,0.000000,0.008000,0.000000,0.000600,0.008000,0.000000,0.000600,0.006000,0.000000,0.000000,1,1,1,397,236,429851,429851,255135,174716,0,60.00,7646,3233,391,0,0,0,7741,499.75,499.75,9,1885,0.0000,0.5000,0.4880,0.7850,0.5050
2026-04-27T17:52:47.552,6.635,1,0.50,-3.80,-1.99,0.00,1,-0.0359,0.1025,-0.0797,0.0810,0.1658,0.0000,-1.47,-1.77,68.47,59.20,398,398,1.00000,1.00000,1.00000,1.00000,3,3,1,18.65670,0.00412,1.06500,0.0359,-0.1025,0.3797,0.0810,0.1658,0.0000,1.47,-6.68,174.32,1,1,0.0000,0.0000,0.3000,0.00,0.8200,0.3500,0.9200,6.00,180.00,0.850000,0.000000,0.000000,1.100000,0.000000,0.000000,1.200000,0.000000,0.000000,1.350000,0.000000,0.000000,0.850000,0.020000,0.000000,0.008000,0.000000,0.000600,0.008000,0.000000,0.000600,0.006000,0.000000,0.000000,1,1,1,398,237,429851,429851,255135,174716,0,60.00,7646,3233,391,0,0,0,7741,499.75,499.75,9,1885,0.0000,0.5000,0.4880,0.7850,0.5050
2026-04-27T17:52:47.570,6.653,1,0.50,-3.80,-1.99,0.00,1,-0.0371,0.0993,-0.0799,0.0830,0.1864,0.0000,-1.45,-1.17,44.31,176.27,399,399,1.00000,1.00000,1.00000,1.00000,3,3,1,18.56477,0.00410,1.07154,0.0371,-0.0993,0.3799,0.0830,0.1864,0.0000,1.45,-6.58,174.23,1,1,0.0000,0.0000,0.3000,0.00,0.8200,0.3500,0.9200,6.00,180.00,0.850000,0.000000,0.000000,1.100000,0.000000,0.000000,1.200000,0.000000,0.000000,1.350000,0.000000,0.000000,0.850000,0.020000,0.000000,0.008000,0.000000,0.000600,0.008000,0.000000,0.000600,0.006000,0.000000,0.000000,1,1,1,399,237,429851,429851,255135,174716,0,60.00,7646,3233,391,0,0,0,7741,499.75,499.75,9,1885,0.0000,0.5000,0.4880,0.7850,0.5050
2026-04-27T17:52:47.587,6.670,1,0.50,-3.80,-1.99,0.00,1,-0.0386,0.0960,-0.0798,0.0885,0.1932,0.0000,-1.37,-4.64,51.50,39.09,400,400,1.00000,1.00000,1.00000,1.00000,3,3,1,18.49046,0.00415,1.06623,0.0386,-0.0960,0.3798,0.0885,0.1932,0.0000,1.37,-6.60,174.30,1,1,0.0000,0.0000,0.3000,0.00,0.8200,0.3500,0.9200,6.00,180.00,0.850000,0.000000,0.000000,1.100000,0.000000,0.000000,1.200000,0.000000,0.000000,1.350000,0.000000,0.000000,0.850000,0.020000,0.000000,0.008000,0.000000,0.000600,0.008000,0.000000,0.000600,0.006000,0.000000,0.000000,1,1,1,400,235,429851,429851,255135,174716,0,60.00,7646,3233,391,0,0,0,7741,499.75,499.75,9,1885,0.0000,0.5000,0.4880,0.7850,0.5050
2026-04-27T17:52:47.603,6.686,1,0.50,-3.80,-1.99,0.00,1,-0.0401,0.0925,-0.0797,0.0878,0.2054,0.0000,-1.31,-3.60,60.34,70.99,401,401,1.00000,1.00000,1.00000,1.00000,3,3,1,18.36310,0.00406,1.06774,0.0401,-0.0925,0.3797,0.0878,0.2054,0.0000,1.31,-6.50,174.48,1,1,0.0000,0.0000,0.3000,0.00,0.8200,0.3500,0.9200,6.00,180.00,0.850000,0.000000,0.000000,1.100000,0.000000,0.000000,1.200000,0.000000,0.000000,1.350000,0.000000,0.000000,0.850000,0.020000,0.000000,0.008000,0.000000,0.000600,0.008000,0.000000,0.000600,0.006000,0.000000,0.000000,1,1,1,401,235,429851,429851,255135,174716,0,60.00,7646,3233,391,0,0,0,7741,499.75,499.75,9,1885,0.0000,0.5000,0.4880,0.7850,0.5050
2026-04-27T17:52:47.620,6.702,1,0.50,-3.80,-1.99,0.00,1,-0.0412,0.0885,-0.0797,0.0780,0.2233,0.0000,-1.30,-0.60,62.67,43.64,402,402,1.00000,1.00000,1.00000,1.00000,3,3,1,18.24758,0.00397,1.07253,0.0412,-0.0885,0.3797,0.0780,0.2233,0.0000,1.30,-6.42,174.39,1,1,0.0000,0.0000,0.3000,0.00,0.8200,0.3500,0.9200,6.00,180.00,0.850000,0.000000,0.000000,1.100000,0.000000,0.000000,1.200000,0.000000,0.000000,1.350000,0.000000,0.000000,0.850000,0.020000,0.000000,0.008000,0.000000,0.000600,0.008000,0.000000,0.000600,0.006000,0.000000,0.000000,1,1,1,402,236,429851,429851,255135,174716,0,60.00,7646,3233,391,0,0,0,7741,499.75,499.75,9,1885,0.0000,0.5000,0.4880,0.7850,0.5050
2026-04-27T17:52:47.637,6.720,1,0.50,-3.80,-1.99,0.00,1,-0.0426,0.0845,-0.0797,0.0808,0.2276,0.0000,-1.20,-6.20,59.98,67.32,403,403,1.00000,1.00000,1.00000,1.00000,3,3,1,18.12246,0.00410,1.06816,0.0426,-0.0845,0.3797,0.0808,0.2276,0.0000,1.20,-6.27,174.33,1,1,0.0000,0.0000,0.3000,0.00,0.8200,0.3500,0.9200,6.00,180.00,0.850000,0.000000,0.000000,1.100000,0.000000,0.000000,1.200000,0.000000,0.000000,1.350000,0.000000,0.000000,0.850000,0.020000,0.000000,0.008000,0.000000,0.000600,0.008000,0.000000,0.000600,0.006000,0.000000,0.000000,1,1,1,403,236,429851,429851,255135,174716,0,60.00,7646,3233,391,0,0,0,7741,499.75,499.75,9,1885,0.0000,0.5000,0.4880,0.7850,0.5050
2026-04-27T17:52:47.650,6.733,1,0.30,-3.60,-1.95,1.95,1,-0.0438,0.0809,-0.0797,0.0804,0.2348,0.0000,-1.24,2.85,58.37,56.78,404,404,1.00000,1.00000,1.00000,1.00000,3,3,1,18.02559,0.00397,1.06363,0.0438,-0.0809,0.3797,0.0804,0.2348,0.0000,1.24,-6.27,174.42,1,1,0.0000,0.0000,0.3000,0.00,0.8200,0.3500,0.9200,6.00,180.00,0.850000,0.000000,0.000000,1.100000,0.000000,0.000000,1.200000,0.000000,0.000000,1.350000,0.000000,0.000000,0.850000,0.020000,0.000000,0.008000,0.000000,0.000600,0.008000,0.000000,0.000600,0.006000,0.000000,0.000000,1,1,1,404,236,429851,429851,255135,174716,0,60.00,7646,3233,391,0,0,0,7741,499.75,499.75,9,1885,0.0000,0.5000,0.4880,0.7850,0.5050
2026-04-27T17:52:47.670,6.752,1,0.30,-3.60,-1.95,1.95,1,-0.0453,0.0768,-0.0796,0.0827,0.2343,0.0000,-1.19,-2.52,83.13,57.25,405,405,1.00000,1.00000,1.00000,1.00000,3,3,1,17.95452,0.00406,1.06405,0.0453,-0.0768,0.3796,0.0827,0.2343,0.0000,1.19,-6.06,174.54,1,1,0.0000,0.0000,0.3000,0.00,0.8200,0.3500,0.9200,6.00,180.00,0.850000,0.000000,0.000000,1.100000,0.000000,0.000000,1.200000,0.000000,0.000000,1.350000,0.000000,0.000000,0.850000,0.020000,0.000000,0.008000,0.000000,0.000600,0.008000,0.000000,0.000600,0.006000,0.000000,0.000000,1,1,1,405,237,429851,429851,255135,174716,0,60.00,7646,3233,391,0,0,0,7741,499.75,499.75,9,1885,0.0000,0.5000,0.4880,0.7850,0.5050
2026-04-27T17:52:47.686,6.769,1,0.30,-3.60,-1.95,1.95,1,-0.0463,0.0722,-0.0794,0.0692,0.2589,0.0000,-1.17,-1.27,50.32,79.62,406,406,1.00000,1.00000,1.00000,1.00000,3,3,1,17.68288,0.00398,1.06425,0.0463,-0.0722,0.3794,0.0692,0.2589,0.0000,1.17,-6.26,174.56,1,1,0.0000,0.0000,0.3000,0.00,0.8200,0.3500,0.9200,6.00,180.00,0.850000,0.000000,0.000000,1.100000,0.000000,0.000000,1.200000,0.000000,0.000000,1.350000,0.000000,0.000000,0.850000,0.020000,0.000000,0.008000,0.000000,0.000600,0.008000,0.000000,0.000600,0.006000,0.000000,0.000000,1,1,1,406,238,429851,429851,255135,174716,0,60.00,7646,3233,391,0,0,0,7741,499.75,499.75,9,1885,0.0000,0.5000,0.4880,0.7850,0.5050
2026-04-27T17:52:47.703,6.786,1,0.30,-3.60,-1.95,1.95,1,-0.0475,0.0677,-0.0793,0.0753,0.2629,0.0000,-1.12,-2.85,55.32,63.21,407,407,1.00000,1.00000,1.00000,1.00000,3,3,1,17.67979,0.00403,1.06221,0.0475,-0.0677,0.3793,0.0753,0.2629,0.0000,1.12,-6.07,174.72,1,1,0.0000,0.0000,0.3000,0.00,0.8200,0.3500,0.9200,6.00,180.00,0.850000,0.000000,0.000000,1.100000,0.000000,0.000000,1.200000,0.000000,0.000000,1.350000,0.000000,0.000000,0.850000,0.020000,0.000000,0.008000,0.000000,0.000600,0.008000,0.000000,0.000600,0.006000,0.000000,0.000000,1,1,1,407,238,429851,429851,255135,174716,0,60.00,7646,3233,391,0,0,0,7741,499.75,499.75,9,1885,0.0000,0.5000,0.4880,0.7850,0.5050
2026-04-27T17:52:47.720,6.802,1,0.30,-3.60,-1.95,1.95,1,-0.0483,0.0631,-0.0791,0.0593,0.2715,-0.0103,-1.14,1.20,61.74,47.83,408,408,1.00000,1.00000,1.00000,1.00000,3,3,1,17.46354,0.00422,1.06626,0.0483,-0.0631,0.3791,0.0593,0.2715,-0.0103,1.14,-6.33,174.74,1,1,0.0000,0.0000,0.3000,0.00,0.8200,0.3500,0.9200,6.00,180.00,0.850000,0.000000,0.000000,1.100000,0.000000,0.000000,1.200000,0.000000,0.000000,1.350000,0.000000,0.000000,0.850000,0.020000,0.000000,0.008000,0.000000,0.000600,0.008000,0.000000,0.000600,0.006000,0.000000,0.000000,1,1,1,408,242,429851,429851,255135,174716,0,60.00,7646,3233,391,0,0,0,7741,499.75,499.75,9,1885,0.0000,0.5000,0.4880,0.7850,0.5050
2026-04-27T17:52:47.737,6.820,1,0.30,-3.60,-1.95,1.95,1,-0.0494,0.0579,-0.0789,0.0664,0.2924,-0.0110,-1.15,0.59,60.04,57.01,409,409,1.00000,1.00000,1.00000,1.00000,3,3,1,17.41356,0.00408,1.06694,0.0494,-0.0579,0.3789,0.0664,0.2924,-0.0110,1.15,-6.19,174.60,1,1,0.0000,0.0000,0.3000,0.00,0.8200,0.3500,0.9200,6.00,180.00,0.850000,0.000000,0.000000,1.100000,0.000000,0.000000,1.200000,0.000000,0.000000,1.350000,0.000000,0.000000,0.850000,0.020000,0.000000,0.008000,0.000000,0.000600,0.008000,0.000000,0.000600,0.006000,0.000000,0.000000,1,1,1,409,242,429851,429851,255135,174716,0,60.00,7646,3233,391,0,0,0,7741,499.75,499.75,9,1885,0.0000,0.5000,0.4880,0.7850,0.5050
2026-04-27T17:52:47.752,6.835,1,0.30,-3.60,-1.95,1.95,1,-0.0502,0.0533,-0.0788,0.0552,0.2836,0.0000,-1.03,-7.66,57.71,59.41,410,410,1.00000,1.00000,1.00000,1.00000,3,3,1,17.18628,0.00438,1.06641,0.0502,-0.0533,0.3788,0.0552,0.2836,0.0000,1.03,-6.47,174.78,1,1,0.0000,0.0000,0.3000,0.00,0.8200,0.3500,0.9200,6.00,180.00,0.850000,0.000000,0.000000,1.100000,0.000000,0.000000,1.200000,0.000000,0.000000,1.350000,0.000000,0.000000,0.850000,0.020000,0.000000,0.008000,0.000000,0.000600,0.008000,0.000000,0.000600,0.006000,0.000000,0.000000,1,1,1,410,237,429851,429851,255135,174716,0,60.00,7646,3233,391,0,0,0,7741,499.75,499.75,9,1885,0.0000,0.5000,0.4880,0.7850,0.5050
2026-04-27T17:52:47.771,6.854,1,0.30,-3.60,-1.95,1.95,1,-0.0511,0.0484,-0.0786,0.0529,0.2768,0.0000,-1.02,-0.51,70.62,256.67,411,411,1.00000,1.00000,1.00000,1.00000,3,3,1,17.09948,0.00411,1.06250,0.0511,-0.0484,0.3786,0.0529,0.2768,0.0000,1.02,-6.64,174.87,1,1,0.0000,0.0000,0.3000,0.00,0.8200,0.3500,0.9200,6.00,180.00,0.850000,0.000000,0.000000,1.100000,0.000000,0.000000,1.200000,0.000000,0.000000,1.350000,0.000000,0.000000,0.850000,0.020000,0.000000,0.008000,0.000000,0.000600,0.008000,0.000000,0.000600,0.006000,0.000000,0.000000,1,1,1,411,238,429851,429851,255135,174716,0,60.00,7646,3233,391,0,0,0,7741,499.75,499.75,9,1885,0.0000,0.5000,0.4880,0.7850,0.5050
2026-04-27T17:52:47.788,6.871,1,0.30,-3.60,-1.95,1.95,1,-0.0520,0.0436,-0.0783,0.0578,0.2987,-0.0128,-0.99,-1.90,48.96,39.28,412,412,1.00000,1.00000,1.00000,1.00000,3,3,1,16.95731,0.00410,1.05787,0.0520,-0.0436,0.3783,0.0578,0.2987,-0.0128,0.99,-6.76,174.96,1,1,0.0000,0.0000,0.3000,0.00,0.8200,0.3500,0.9200,6.00,180.00,0.850000,0.000000,0.000000,1.100000,0.000000,0.000000,1.200000,0.000000,0.000000,1.350000,0.000000,0.000000,0.850000,0.020000,0.000000,0.008000,0.000000,0.000600,0.008000,0.000000,0.000600,0.006000,0.000000,0.000000,1,1,1,412,243,429851,429851,255135,174716,0,60.00,7646,3233,391,0,0,0,7741,499.75,499.75,9,1885,0.0000,0.5000,0.4880,0.7850,0.5050
2026-04-27T17:52:47.805,6.888,1,0.30,-3.60,-1.95,1.95,1,-0.0529,0.0379,-0.0785,0.0528,0.3221,0.0000,-0.97,-1.20,62.02,57.08,413,413,1.00000,1.00000,1.00000,1.00000,3,3,1,16.80773,0.00414,1.06922,0.0529,-0.0379,0.3785,0.0528,0.3221,0.0000,0.97,-6.52,174.82,1,1,0.0000,0.0000,0.3000,0.00,0.8200,0.3500,0.9200,6.00,180.00,0.850000,0.000000,0.000000,1.100000,0.000000,0.000000,1.200000,0.000000,0.000000,1.350000,0.000000,0.000000,0.850000,0.020000,0.000000,0.008000,0.000000,0.000600,0.008000,0.000000,0.000600,0.006000,0.000000,0.000000,1,1,1,413,238,429851,429851,255135,174716,0,60.00,7646,3233,391,0,0,0,7741,499.75,499.75,9,1885,0.0000,0.5000,0.4880,0.7850,0.5050
2026-04-27T17:52:47.817,6.900,1,0.30,-3.60,-1.95,1.95,1,-0.0533,0.0326,-0.0780,0.0416,0.3312,-0.0204,-0.92,-3.74,56.22,53.56,414,414,1.00000,1.00000,1.00000,1.00000,3,3,1,16.65368,0.00421,1.06282,0.0533,-0.0326,0.3780,0.0416,0.3312,-0.0204,0.92,-6.93,174.98,1,1,0.0000,0.0000,0.3000,0.00,0.8200,0.3500,0.9200,6.00,180.00,0.850000,0.000000,0.000000,1.100000,0.000000,0.000000,1.200000,0.000000,0.000000,1.350000,0.000000,0.000000,0.850000,0.020000,0.000000,0.008000,0.000000,0.000600,0.008000,0.000000,0.000600,0.006000,0.000000,0.000000,1,1,1,414,242,429851,429851,255135,174716,0,60.00,7646,3233,391,0,0,0,7741,499.75,499.75,9,1885,0.0000,0.5000,0.4880,0.7850,0.5050
2026-04-27T17:52:47.838,6.920,1,0.30,-3.60,-1.95,1.95,1,-0.0542,0.0271,-0.0779,0.0464,0.3160,-0.0110,-0.95,1.48,91.85,59.17,415,415,1.00000,1.00000,1.00000,1.00000,3,3,1,16.58617,0.00403,1.06362,0.0542,-0.0271,0.3779,0.0464,0.3160,-0.0110,0.95,-6.89,175.05,1,1,0.0000,0.0000,0.3000,0.00,0.8200,0.3500,0.9200,6.00,180.00,0.850000,0.000000,0.000000,1.100000,0.000000,0.000000,1.200000,0.000000,0.000000,1.350000,0.000000,0.000000,0.850000,0.020000,0.000000,0.008000,0.000000,0.000600,0.008000,0.000000,0.000600,0.006000,0.000000,0.000000,1,1,1,415,243,429851,429851,255135,174716,0,60.00,7646,3233,391,0,0,0,7741,499.75,499.75,9,1885,0.0000,0.5000,0.4880,0.7850,0.5050
2026-04-27T17:52:47.855,6.938,1,0.30,-3.60,-1.95,1.95,1,-0.0549,0.0217,-0.0780,0.0421,0.3262,0.0000,-0.88,-4.19,49.18,95.12,416,416,1.00000,1.00000,1.00000,1.00000,3,3,1,16.34601,0.00424,1.06308,0.0549,-0.0217,0.3780,0.0421,0.3262,0.0000,0.88,-6.81,175.20,1,1,0.0000,0.0000,0.3000,0.00,0.8200,0.3500,0.9200,6.00,180.00,0.850000,0.000000,0.000000,1.100000,0.000000,0.000000,1.200000,0.000000,0.000000,1.350000,0.000000,0.000000,0.850000,0.020000,0.000000,0.008000,0.000000,0.000600,0.008000,0.000000,0.000600,0.006000,0.000000,0.000000,1,1,1,416,237,429851,429851,255135,174716,0,60.00,7646,3233,391,0,0,0,7741,499.75,499.75,9,1885,0.0000,0.5000,0.4880,0.7850,0.5050
2026-04-27T17:52:47.873,6.956,1,0.30,-3.60,-1.95,1.95,1,-0.0554,0.0159,-0.0777,0.0366,0.3295,-0.0113,-0.86,-1.15,56.48,42.41,417,417,1.00000,1.00000,1.00000,1.00000,3,3,1,16.19942,0.00412,1.06617,0.0554,-0.0159,0.3777,0.0366,0.3295,-0.0113,0.86,-6.86,175.36,1,1,0.0000,0.0000,0.3000,0.00,0.8200,0.3500,0.9200,6.00,180.00,0.850000,0.000000,0.000000,1.100000,0.000000,0.000000,1.200000,0.000000,0.000000,1.350000,0.000000,0.000000,0.850000,0.020000,0.000000,0.008000,0.000000,0.000600,0.008000,0.000000,0.000600,0.006000,0.000000,0.000000,1,1,1,417,242,429851,429851,255135,174716,0,60.00,7646,3233,391,0,0,0,7741,499.75,499.75,9,1885,0.0000,0.5000,0.4880,0.7850,0.5050
2026-04-27T17:52:47.886,6.969,1,0.30,-3.60,-1.95,1.95,1,-0.0560,0.0107,-0.0779,0.0383,0.3511,0.0000,-0.77,-6.18,54.25,60.38,418,418,1.00000,1.00000,1.00000,1.00000,3,3,1,16.10237,0.00422,1.06880,0.0560,-0.0107,0.3779,0.0383,0.3511,0.0000,0.77,-6.88,175.43,1,1,0.0000,0.0000,0.3000,0.00,0.8200,0.3500,0.9200,6.00,180.00,0.850000,0.000000,0.000000,1.100000,0.000000,0.000000,1.200000,0.000000,0.000000,1.350000,0.000000,0.000000,0.850000,0.020000,0.000000,0.008000,0.000000,0.000600,0.008000,0.000000,0.000600,0.006000,0.000000,0.000000,1,1,1,418,238,429851,429851,255135,174716,0,60.00,7646,3233,391,0,0,0,7741,499.75,499.75,9,1885,0.0000,0.5000,0.4880,0.7850,0.5050
2026-04-27T17:52:47.901,6.984,1,-0.10,-2.80,-1.93,4.94,1,-0.0565,0.0047,-0.0777,0.0335,0.3522,0.0000,-0.84,4.75,69.00,63.18,419,419,1.00000,1.00000,1.00000,1.00000,3,3,1,15.85609,0.00406,1.06485,0.0565,-0.0047,0.3777,0.0335,0.3522,0.0000,0.84,-6.81,175.47,1,1,0.0000,0.0000,0.3000,0.00,0.8200,0.3500,0.9200,6.00,180.00,0.850000,0.000000,0.000000,1.100000,0.000000,0.000000,1.200000,0.000000,0.000000,1.350000,0.000000,0.000000,0.850000,0.020000,0.000000,0.008000,0.000000,0.000600,0.008000,0.000000,0.000600,0.006000,0.000000,0.000000,1,1,1,419,238,429851,429851,255135,174716,0,60.00,7646,3233,391,0,0,0,7741,499.75,499.75,9,1885,0.0000,0.5000,0.4880,0.7850,0.5050
2026-04-27T17:52:47.921,7.003,1,-0.10,-2.80,-1.93,4.94,1,-0.0570,-0.0012,-0.0774,0.0340,0.3479,-0.0126,-0.76,-4.30,78.51,256.86,420,420,1.00000,1.00000,1.00000,1.00000,3,3,1,15.75770,0.00418,1.06092,0.0570,0.0012,0.3774,0.0340,0.3479,-0.0126,0.76,-6.75,175.61,1,1,0.0000,0.0000,0.3000,0.00,0.8200,0.3500,0.9200,6.00,180.00,0.850000,0.000000,0.000000,1.100000,0.000000,0.000000,1.200000,0.000000,0.000000,1.350000,0.000000,0.000000,0.850000,0.020000,0.000000,0.008000,0.000000,0.000600,0.008000,0.000000,0.000600,0.006000,0.000000,0.000000,1,1,1,420,238,429851,429851,255135,174716,0,60.00,7646,3233,391,0,0,0,7741,499.75,499.75,9,1885,0.0000,0.5000,0.4880,0.7850,0.5050
2026-04-27T17:52:47.937,7.020,1,-0.10,-2.80,-1.93,4.94,1,-0.0571,-0.0073,-0.0771,0.0162,0.3669,-0.0123,-0.76,0.00,47.46,38.25,421,421,1.00000,1.00000,1.00000,1.00000,3,3,1,15.59912,0.00430,1.06851,0.0571,0.0073,0.3771,0.0162,0.3669,-0.0123,0.76,-7.08,175.59,1,1,0.0000,0.0000,0.3000,0.00,0.8200,0.3500,0.9200,6.00,180.00,0.850000,0.000000,0.000000,1.100000,0.000000,0.000000,1.200000,0.000000,0.000000,1.350000,0.000000,0.000000,0.850000,0.020000,0.000000,0.008000,0.000000,0.000600,0.008000,0.000000,0.000600,0.006000,0.000000,0.000000,1,1,1,421,242,429851,429851,255135,174716,0,60.00,7646,3233,391,0,0,0,7741,499.75,499.75,9,1885,0.0000,0.5000,0.4880,0.7850,0.5050
2026-04-27T17:52:47.953,7.036,1,-0.10,-2.19,0.00,5.90,1,-0.0575,-0.0131,-0.0771,0.0253,0.3621,0.0000,-0.75,-0.62,63.72,59.40,422,422,1.00000,1.00000,1.00000,1.00000,3,3,1,15.42735,0.00390,1.06624,0.0575,0.0131,0.3771,0.0253,0.3621,0.0000,0.75,-7.07,175.68,1,1,0.0000,0.0000,0.3000,0.00,0.8200,0.3500,0.9200,6.00,180.00,0.850000,0.000000,0.000000,1.100000,0.000000,0.000000,1.200000,0.000000,0.000000,1.350000,0.000000,0.000000,0.850000,0.020000,0.000000,0.008000,0.000000,0.000600,0.008000,0.000000,0.000600,0.006000,0.000000,0.000000,1,1,1,422,237,429851,429851,255135,174716,0,60.00,7646,3233,391,0,0,0,7741,499.75,499.75,9,1885,0.0000,0.5000,0.4880,0.7850,0.5050
2026-04-27T17:52:47.970,7.052,1,-0.10,-2.19,0.00,5.90,1,-0.0577,-0.0188,-0.0771,0.0181,0.3563,0.0000,-0.76,0.57,61.74,53.21,423,423,1.00000,1.00000,1.00000,1.00000,3,3,1,15.27717,0.00413,1.06453,0.0577,0.0188,0.3771,0.0181,0.3563,0.0000,0.76,-7.05,175.97,1,1,0.0000,0.0000,0.3000,0.00,0.8200,0.3500,0.9200,6.00,180.00,0.850000,0.000000,0.000000,1.100000,0.000000,0.000000,1.200000,0.000000,0.000000,1.350000,0.000000,0.000000,0.850000,0.020000,0.000000,0.008000,0.000000,0.000600,0.008000,0.000000,0.000600,0.006000,0.000000,0.000000,1,1,1,423,237,429851,429851,255135,174716,0,60.00,7646,3233,421,0,0,0,7771,506.07,506.07,11,1459,0.0000,0.5330,0.4930,0.7900,0.5020
2026-04-27T17:52:47.987,7.070,1,-0.10,-2.19,0.00,5.90,1,-0.0581,-0.0251,-0.0772,0.0207,0.3645,0.0000,-0.76,0.00,60.15,58.04,424,424,1.00000,1.00000,1.00000,1.00000,3,3,1,15.05459,0.00392,1.06447,0.0581,0.0251,0.3772,0.0207,0.3645,0.0000,0.76,-6.76,176.10,1,1,0.0000,0.0000,0.3000,0.00,0.8200,0.3500,0.9200,6.00,180.00,0.850000,0.000000,0.000000,1.100000,0.000000,0.000000,1.200000,0.000000,0.000000,1.350000,0.000000,0.000000,0.850000,0.020000,0.000000,0.008000,0.000000,0.000600,0.008000,0.000000,0.000600,0.006000,0.000000,0.000000,1,1,1,424,236,429851,429851,255135,174716,0,60.00,7646,3233,421,0,0,0,7771,506.07,506.07,11,1459,0.0000,0.5330,0.4930,0.7900,0.5020
2026-04-27T17:52:48.001,7.084,1,-0.10,-2.19,0.00,5.90,1,-0.0581,-0.0308,-0.0772,0.0000,0.3593,0.0000,-0.66,-6.48,58.32,58.06,425,425,1.00000,1.00000,1.00000,1.00000,3,3,1,14.99552,0.00417,1.06436,0.0581,0.0308,0.3772,0.0000,0.3593,0.0000,0.66,-6.96,176.27,1,1,0.0000,0.0000,0.3000,0.00,0.8200,0.3500,0.9200,6.00,180.00,0.850000,0.000000,0.000000,1.100000,0.000000,0.000000,1.200000,0.000000,0.000000,1.350000,0.000000,0.000000,0.850000,0.020000,0.000000,0.008000,0.000000,0.000600,0.008000,0.000000,0.000600,0.006000,0.000000,0.000000,1,1,1,425,233,429851,429851,255135,174716,0,60.00,7646,3233,421,0,0,0,7771,506.07,506.07,11,1459,0.0000,0.5330,0.4930,0.7900,0.5020
2026-04-27T17:52:48.020,7.103,1,-0.10,-2.19,0.00,5.90,1,-0.0584,-0.0372,-0.0770,0.0149,0.3783,0.0000,-0.65,-0.57,74.53,58.11,426,426,1.00000,1.00000,1.00000,1.00000,3,3,1,14.84503,0.00398,1.06213,0.0584,0.0372,0.3770,0.0149,0.3783,0.0000,0.65,-6.71,176.43,1,1,0.0000,0.0000,0.3000,0.00,0.8200,0.3500,0.9200,6.00,180.00,0.850000,0.000000,0.000000,1.100000,0.000000,0.000000,1.200000,0.000000,0.000000,1.350000,0.000000,0.000000,0.850000,0.020000,0.000000,0.008000,0.000000,0.000600,0.008000,0.000000,0.000600,0.006000,0.000000,0.000000,1,1,1,426,237,429851,429851,255135,174716,0,60.00,7646,3233,421,0,0,0,7771,506.07,506.07,11,1459,0.0000,0.5330,0.4930,0.7900,0.5020
2026-04-27T17:52:48.037,7.120,1,-0.10,-2.19,0.00,5.90,1,-0.0582,-0.0434,-0.0768,0.0000,0.3700,0.0000,-0.57,-4.62,52.96,99.07,427,427,1.00000,1.00000,1.00000,1.00000,3,3,1,14.70008,0.00417,1.06377,0.0582,0.0434,0.3768,0.0000,0.3700,0.0000,0.57,-6.91,176.67,1,1,0.0000,0.0000,0.3000,0.00,0.8200,0.3500,0.9200,6.00,180.00,0.850000,0.000000,0.000000,1.100000,0.000000,0.000000,1.200000,0.000000,0.000000,1.350000,0.000000,0.000000,0.850000,0.020000,0.000000,0.008000,0.000000,0.000600,0.008000,0.000000,0.000600,0.006000,0.000000,0.000000,1,1,1,427,232,429851,429851,255135,174716,0,60.00,7646,3233,421,0,0,0,7771,506.07,506.07,11,1459,0.0000,0.5330,0.4930,0.7900,0.5020
2026-04-27T17:52:48.053,7.136,1,-0.10,-2.19,0.00,5.90,1,-0.0584,-0.0499,-0.0765,0.0000,0.3900,-0.0116,-0.58,0.63,58.96,63.02,428,428,1.00000,1.00000,1.00000,1.00000,3,3,1,14.46183,0.00399,1.06405,0.0584,0.0499,0.3765,0.0000,0.3900,-0.0116,0.58,-6.88,176.65,1,1,0.0000,0.0000,0.3000,0.00,0.8200,0.3500,0.9200,6.00,180.00,0.850000,0.000000,0.000000,1.100000,0.000000,0.000000,1.200000,0.000000,0.000000,1.350000,0.000000,0.000000,0.850000,0.020000,0.000000,0.008000,0.000000,0.000600,0.008000,0.000000,0.000600,0.006000,0.000000,0.000000,1,1,1,428,236,429851,429851,255135,174716,0,60.00,7646,3233,421,0,0,0,7771,506.07,506.07,11,1459,0.0000,0.5330,0.4930,0.7900,0.5020
2026-04-27T17:52:48.070,7.152,1,-0.10,-2.19,0.00,5.90,1,-0.0582,-0.0561,-0.0766,0.0000,0.3799,0.0000,-0.49,-5.40,59.00,49.33,429,429,1.00000,1.00000,1.00000,1.00000,3,3,1,14.32629,0.00398,1.06708,0.0582,0.0561,0.3766,0.0000,0.3799,0.0000,0.49,-6.71,176.71,1,1,0.0000,0.0000,0.3000,0.00,0.8200,0.3500,0.9200,6.00,180.00,0.850000,0.000000,0.000000,1.100000,0.000000,0.000000,1.200000,0.000000,0.000000,1.350000,0.000000,0.000000,0.850000,0.020000,0.000000,0.008000,0.000000,0.000600,0.008000,0.000000,0.000600,0.006000,0.000000,0.000000,1,1,1,429,232,429851,429851,255135,174716,0,60.00,7646,3233,421,0,0,0,7771,506.07,506.07,11,1459,0.0000,0.5330,0.4930,0.7900,0.5020
2026-04-27T17:52:48.087,7.170,1,-0.10,-2.19,0.00,5.90,1,-0.0582,-0.0622,-0.0764,0.0000,0.3794,-0.0106,-0.41,-4.53,60.04,50.03,430,430,1.00000,1.00000,1.00000,1.00000,3,3,1,14.19901,0.00413,1.06125,0.0582,0.0622,0.3764,0.0000,0.3794,-0.0106,0.41,-6.62,176.89,1,1,0.0000,0.0000,0.3000,0.00,0.8200,0.3500,0.9200,6.00,180.00,0.850000,0.000000,0.000000,1.100000,0.000000,0.000000,1.200000,0.000000,0.000000,1.350000,0.000000,0.000000,0.850000,0.020000,0.000000,0.008000,0.000000,0.000600,0.008000,0.000000,0.000600,0.006000,0.000000,0.000000,1,1,1,430,238,429851,429851,255135,174716,0,60.00,7646,3233,421,0,0,0,7771,506.07,506.07,11,1459,0.0000,0.5330,0.4930,0.7900,0.5020
2026-04-27T17:52:48.104,7.187,1,-0.10,-1.50,0.00,6.85,1,-0.0581,-0.0686,-0.0763,0.0000,0.3661,0.0000,-0.46,2.79,56.63,111.32,431,431,1.00000,1.00000,1.00000,1.00000,3,3,1,14.09209,0.00386,1.06148,0.0581,0.0686,0.3763,0.0000,0.3661,0.0000,0.46,-6.51,177.01,1,1,0.0000,0.0000,0.3000,0.00,0.8200,0.3500,0.9200,6.00,180.00,0.850000,0.000000,0.000000,1.100000,0.000000,0.000000,1.200000,0.000000,0.000000,1.350000,0.000000,0.000000,0.850000,0.020000,0.000000,0.008000,0.000000,0.000600,0.008000,0.000000,0.000600,0.006000,0.000000,0.000000,1,1,1,431,230,429851,429851,255135,174716,0,60.00,7646,3233,421,0,0,0,7771,506.07,506.07,11,1459,0.0000,0.5330,0.4930,0.7900,0.5020
2026-04-27T17:52:48.121,7.204,1,-0.10,-1.50,0.00,6.85,1,-0.0577,-0.0750,-0.0761,-0.0159,0.3776,-0.0102,-0.40,-3.55,62.93,68.92,432,432,1.00000,1.00000,1.00000,1.00000,3,3,1,13.94964,0.00410,1.06580,0.0577,0.0750,0.3761,-0.0159,0.3776,-0.0102,0.40,-6.59,177.19,1,1,0.0000,0.0000,0.3000,0.00,0.8200,0.3500,0.9200,6.00,180.00,0.850000,0.000000,0.000000,1.100000,0.000000,0.000000,1.200000,0.000000,0.000000,1.350000,0.000000,0.000000,0.850000,0.020000,0.000000,0.008000,0.000000,0.000600,0.008000,0.000000,0.000600,0.006000,0.000000,0.000000,1,1,1,432,241,429851,429851,255135,174716,0,60.00,7646,3233,421,0,0,0,7771,506.07,506.07,11,1459,0.0000,0.5330,0.4930,0.7900,0.5020
2026-04-27T17:52:48.135,7.218,1,-0.10,-1.50,0.00,6.85,1,-0.0575,-0.0813,-0.0762,-0.0114,0.3916,0.0000,-0.37,-2.10,52.19,37.30,433,433,1.00000,1.00000,1.00000,1.00000,3,3,1,13.78326,0.00422,1.06485,0.0575,0.0813,0.3762,-0.0114,0.3916,0.0000,0.37,-6.42,177.28,1,1,0.0000,0.0000,0.3000,0.00,0.8200,0.3500,0.9200,6.00,180.00,0.850000,0.000000,0.000000,1.100000,0.000000,0.000000,1.200000,0.000000,0.000000,1.350000,0.000000,0.000000,0.850000,0.020000,0.000000,0.008000,0.000000,0.000600,0.008000,0.000000,0.000600,0.006000,0.000000,0.000000,1,1,1,433,238,429851,429851,255135,174716,0,60.00,7646,3233,421,0,0,0,7771,506.07,506.07,11,1459,0.0000,0.5330,0.4930,0.7900,0.5020
2026-04-27T17:52:48.155,7.238,1,-0.10,-0.50,0.00,9.87,1,-0.0572,-0.0873,-0.0761,-0.0166,0.3687,0.0000,-0.30,-3.66,83.24,229.11,434,434,1.00000,1.00000,1.00000,1.00000,3,3,1,13.58653,0.00406,1.05928,0.0572,0.0873,0.3761,-0.0166,0.3687,0.0000,0.30,-6.56,177.64,1,1,0.0000,0.0000,0.3000,0.00,0.8200,0.3500,0.9200,6.00,180.00,0.850000,0.000000,0.000000,1.100000,0.000000,0.000000,1.200000,0.000000,0.000000,1.350000,0.000000,0.000000,0.850000,0.020000,0.000000,0.008000,0.000000,0.000600,0.008000,0.000000,0.000600,0.006000,0.000000,0.000000,1,1,1,434,237,429851,429851,255135,174716,0,60.00,7646,3233,421,0,0,0,7771,506.07,506.07,11,1459,0.0000,0.5330,0.4930,0.7900,0.5020
2026-04-27T17:52:48.172,7.254,1,-0.10,-0.50,0.00,9.87,1,-0.0570,-0.0937,-0.0759,-0.0142,0.3892,0.0000,-0.35,3.10,47.29,35.77,435,435,1.00000,1.00000,1.00000,1.00000,3,3,1,13.50590,0.00379,1.06231,0.0570,0.0937,0.3759,-0.0142,0.3892,0.0000,0.35,-6.37,177.73,1,1,0.0000,0.0000,0.3000,0.00,0.8200,0.3500,0.9200,6.00,180.00,0.850000,0.000000,0.000000,1.100000,0.000000,0.000000,1.200000,0.000000,0.000000,1.350000,0.000000,0.000000,0.850000,0.020000,0.000000,0.008000,0.000000,0.000600,0.008000,0.000000,0.000600,0.006000,0.000000,0.000000,1,1,1,435,238,429851,429851,255135,174716,0,60.00,7646,3233,421,0,0,0,7771,506.07,506.07,11,1459,0.0000,0.5330,0.4930,0.7900,0.5020
2026-04-27T17:52:48.188,7.271,1,-0.10,-0.50,0.00,9.87,1,-0.0567,-0.0998,-0.0763,-0.0167,0.3728,0.0000,-0.22,-8.00,65.94,56.65,436,436,1.00000,1.00000,1.00000,1.00000,3,3,1,13.33047,0.00396,1.06519,0.0567,0.0998,0.3763,-0.0167,0.3728,0.0000,0.22,-6.17,177.80,1,1,0.0000,0.0000,0.3000,0.00,0.8200,0.3500,0.9200,6.00,180.00,0.850000,0.000000,0.000000,1.100000,0.000000,0.000000,1.200000,0.000000,0.000000,1.350000,0.000000,0.000000,0.850000,0.020000,0.000000,0.008000,0.000000,0.000600,0.008000,0.000000,0.000600,0.006000,0.000000,0.000000,1,1,1,436,235,429851,429851,255135,174716,0,60.00,7646,3233,421,0,0,0,7771,506.07,506.07,11,1459,0.0000,0.5330,0.4930,0.7900,0.5020
2026-04-27T17:52:48.205,7.288,1,-0.10,-0.50,0.00,9.87,1,-0.0557,-0.1062,-0.0762,-0.0381,0.3798,0.0000,-0.09,-7.26,58.00,62.84,437,437,1.00000,1.00000,1.00000,1.00000,3,3,1,13.16542,0.00413,1.06937,0.0557,0.1062,0.3762,-0.0381,0.3798,0.0000,0.09,-6.48,177.87,1,1,0.0000,0.0000,0.3000,0.00,0.8200,0.3500,0.9200,6.00,180.00,0.850000,0.000000,0.000000,1.100000,0.000000,0.000000,1.200000,0.000000,0.000000,1.350000,0.000000,0.000000,0.850000,0.020000,0.000000,0.008000,0.000000,0.000600,0.008000,0.000000,0.000600,0.006000,0.000000,0.000000,1,1,1,437,237,429851,429851,255135,174716,0,60.00,7646,3233,421,0,0,0,7771,506.07,506.07,11,1459,0.0000,0.5330,0.4930,0.7900,0.5020
2026-04-27T17:52:48.222,7.305,1,-0.10,-0.50,0.00,9.87,1,-0.0554,-0.1123,-0.0764,-0.0240,0.3845,0.0000,-0.11,1.25,58.08,108.13,438,438,1.00000,1.00000,1.00000,1.00000,3,3,1,13.01665,0.00385,1.06939,0.0554,0.1123,0.3764,-0.0240,0.3845,0.0000,0.11,-6.21,177.97,1,1,0.0000,0.0000,0.3000,0.00,0.8200,0.3500,0.9200,6.00,180.00,0.850000,0.000000,0.000000,1.100000,0.000000,0.000000,1.200000,0.000000,0.000000,1.350000,0.000000,0.000000,0.850000,0.020000,0.000000,0.008000,0.000000,0.000600,0.008000,0.000000,0.000600,0.006000,0.000000,0.000000,1,1,1,438,238,429851,429851,255135,174716,0,60.00,7646,3233,421,0,0,0,7771,506.07,506.07,11,1459,0.0000,0.5330,0.4930,0.7900,0.5020
2026-04-27T17:52:48.237,7.320,1,-0.10,-0.50,0.00,9.87,1,-0.0547,-0.1183,-0.0760,-0.0357,0.3730,0.0000,-0.10,-0.64,59.94,41.31,439,439,1.00000,1.00000,1.00000,1.00000,3,3,1,12.87867,0.00410,1.06288,0.0547,0.1183,0.3760,-0.0357,0.3730,0.0000,0.10,-6.50,178.45,1,1,0.0000,0.0000,0.3000,0.00,0.8200,0.3500,0.9200,6.00,180.00,0.850000,0.000000,0.000000,1.100000,0.000000,0.000000,1.200000,0.000000,0.000000,1.350000,0.000000,0.000000,0.850000,0.020000,0.000000,0.008000,0.000000,0.000600,0.008000,0.000000,0.000600,0.006000,0.000000,0.000000,1,1,1,439,236,429851,429851,255135,174716,0,60.00,7646,3233,421,0,0,0,7771,506.07,506.07,11,1459,0.0000,0.5330,0.4930,0.7900,0.5020
2026-04-27T17:52:48.253,7.336,1,-0.10,-0.50,0.00,9.87,1,-0.0546,-0.1240,-0.0764,-0.0210,0.3739,0.0135,-0.12,1.22,63.96,59.60,440,440,1.00000,1.00000,1.00000,1.00000,3,3,1,12.72330,0.00352,1.05888,0.0546,0.1240,0.3764,-0.0210,0.3739,0.0135,0.12,-6.10,178.66,1,1,0.0000,0.0000,0.3000,0.00,0.8200,0.3500,0.9200,6.00,180.00,0.850000,0.000000,0.000000,1.100000,0.000000,0.000000,1.200000,0.000000,0.000000,1.350000,0.000000,0.000000,0.850000,0.020000,0.000000,0.008000,0.000000,0.000600,0.008000,0.000000,0.000600,0.006000,0.000000,0.000000,1,1,1,440,241,429851,429851,255135,174716,0,60.00,7646,3233,421,0,0,0,7771,506.07,506.07,11,1459,0.0000,0.5330,0.4930,0.7900,0.5020
2026-04-27T17:52:48.269,7.352,1,-0.10,-0.50,0.00,9.87,1,-0.0537,-0.1304,-0.0761,-0.0391,0.3830,0.0000,0.06,-11.40,60.99,129.36,441,441,1.00000,1.00000,1.00000,1.00000,3,3,1,12.68595,0.00393,1.06123,0.0537,0.1304,0.3761,-0.0391,0.3830,0.0000,-0.06,-6.34,178.91,1,1,0.0000,0.0000,0.3000,0.00,0.8200,0.3500,0.9200,6.00,180.00,0.850000,0.000000,0.000000,1.100000,0.000000,0.000000,1.200000,0.000000,0.000000,1.350000,0.000000,0.000000,0.850000,0.020000,0.000000,0.008000,0.000000,0.000600,0.008000,0.000000,0.000600,0.006000,0.000000,0.000000,1,1,1,441,238,429851,429851,255135,174716,0,60.00,7646,3233,421,0,0,0,7771,506.07,506.07,11,1459,0.0000,0.5330,0.4930,0.7900,0.5020
2026-04-27T17:52:48.287,7.369,1,-0.10,-0.50,0.00,9.87,1,-0.0528,-0.1362,-0.0763,-0.0456,0.3618,0.0000,0.13,-4.40,63.40,38.04,442,442,1.00000,1.00000,1.00000,1.00000,3,3,1,12.58529,0.00400,1.06791,0.0528,0.1362,0.3763,-0.0456,0.3618,0.0000,-0.13,-6.55,179.11,1,1,0.0000,0.0000,0.3000,0.00,0.8200,0.3500,0.9200,6.00,180.00,0.850000,0.000000,0.000000,1.100000,0.000000,0.000000,1.200000,0.000000,0.000000,1.350000,0.000000,0.000000,0.850000,0.020000,0.000000,0.008000,0.000000,0.000600,0.008000,0.000000,0.000600,0.006000,0.000000,0.000000,1,1,1,442,239,429851,429851,255135,174716,0,60.00,7646,3233,421,0,0,0,7771,506.07,506.07,11,1459,0.0000,0.5330,0.4930,0.7900,0.5020
2026-04-27T17:52:48.298,7.381,1,-0.10,-0.50,0.00,9.87,1,-0.0522,-0.1417,-0.0761,-0.0448,0.3912,0.0000,0.22,-6.58,62.18,71.22,443,443,1.00000,1.00000,1.00000,1.00000,3,3,1,12.48545,0.00404,1.06630,0.0522,0.1417,0.3761,-0.0448,0.3912,0.0000,-0.22,-6.77,179.20,1,1,0.0000,0.0000,0.3000,0.00,0.8200,0.3500,0.9200,6.00,180.00,0.850000,0.000000,0.000000,1.100000,0.000000,0.000000,1.200000,0.000000,0.000000,1.350000,0.000000,0.000000,0.850000,0.020000,0.000000,0.008000,0.000000,0.000600,0.008000,0.000000,0.000600,0.006000,0.000000,0.000000,1,1,1,443,238,429851,429851,255135,174716,0,60.00,7646,3233,421,0,0,0,7771,506.07,506.07,11,1459,0.0000,0.5330,0.4930,0.7900,0.5020
2026-04-27T17:52:48.319,7.402,1,0.00,0.50,0.95,9.68,1,-0.0517,-0.1473,-0.0765,-0.0343,0.3427,0.0000,0.17,2.41,86.90,51.68,444,444,1.00000,1.00000,1.00000,1.00000,3,3,1,12.41255,0.00380,1.06183,0.0517,0.1473,0.3765,-0.0343,0.3427,0.0000,-0.17,-6.43,179.43,1,1,0.0000,0.0000,0.3000,0.00,0.8200,0.3500,0.9200,6.00,180.00,0.850000,0.000000,0.000000,1.100000,0.000000,0.000000,1.200000,0.000000,0.000000,1.350000,0.000000,0.000000,0.850000,0.020000,0.000000,0.008000,0.000000,0.000600,0.008000,0.000000,0.000600,0.006000,0.000000,0.000000,1,1,1,444,239,429851,429851,255135,174716,0,60.00,7646,3233,421,0,0,0,7771,506.07,506.07,11,1459,0.0000,0.5330,0.4930,0.7900,0.5020
2026-04-27T17:52:48.329,7.412,1,0.00,0.50,0.95,9.68,1,-0.0509,-0.1526,-0.0767,-0.0536,0.3923,0.0000,0.15,1.90,48.18,66.87,445,445,1.00000,1.00000,1.00000,1.00000,3,3,1,12.26391,0.00394,1.06458,0.0509,0.1526,0.3767,-0.0536,0.3923,0.0000,-0.15,-6.30,179.62,1,1,0.0000,0.0000,0.3000,0.00,0.8200,0.3500,0.9200,6.00,180.00,0.850000,0.000000,0.000000,1.100000,0.000000,0.000000,1.200000,0.000000,0.000000,1.350000,0.000000,0.000000,0.850000,0.020000,0.000000,0.008000,0.000000,0.000600,0.008000,0.000000,0.000600,0.006000,0.000000,0.000000,1,1,1,445,238,429851,429851,255135,174716,0,60.00,7646,3233,421,0,0,0,7771,506.07,506.07,11,1459,0.0000,0.5330,0.4930,0.7900,0.5020
2026-04-27T17:52:48.353,7.436,1,0.00,0.50,0.95,9.68,1,-0.0499,-0.1590,-0.0767,-0.0484,0.3388,0.0000,0.13,0.88,95.15,63.53,446,446,1.00000,1.00000,1.00000,1.00000,3,3,1,12.15557,0.00394,1.06717,0.0499,0.1590,0.3767,-0.0484,0.3388,0.0000,-0.13,-6.28,179.60,1,1,0.0000,0.0000,0.3000,0.00,0.8200,0.3500,0.9200,6.00,180.00,0.850000,0.000000,0.000000,1.100000,0.000000,0.000000,1.200000,0.000000,0.000000,1.350000,0.000000,0.000000,0.850000,0.020000,0.000000,0.008000,0.000000,0.000600,0.008000,0.000000,0.000600,0.006000,0.000000,0.000000,1,1,1,446,237,429851,429851,255135,174716,0,60.00,7646,3233,421,0,0,0,7771,506.07,506.07,11,1459,0.0000,0.5330,0.4930,0.7900,0.5020
2026-04-27T17:52:48.370,7.452,1,0.10,1.50,0.95,9.77,1,-0.0492,-0.1638,-0.0769,-0.0473,0.3274,0.0104,0.21,-4.90,40.26,73.23,447,447,1.00000,1.00000,1.00000,1.00000,3,3,1,12.00378,0.00380,1.06674,0.0492,0.1638,0.3769,-0.0473,0.3274,0.0104,-0.21,-6.28,179.89,1,1,0.0000,0.0000,0.3000,0.00,0.8200,0.3500,0.9200,6.00,180.00,0.850000,0.000000,0.000000,1.100000,0.000000,0.000000,1.200000,0.000000,0.000000,1.350000,0.000000,0.000000,0.850000,0.020000,0.000000,0.008000,0.000000,0.000600,0.008000,0.000000,0.000600,0.006000,0.000000,0.000000,1,1,1,447,242,429851,429851,255135,174716,0,60.00,7646,3233,421,0,0,0,7771,506.07,506.07,11,1459,0.0000,0.5330,0.4930,0.7900,0.5020
2026-04-27T17:52:48.386,7.469,1,0.10,1.50,0.95,9.77,1,-0.0482,-0.1688,-0.0769,-0.0556,0.3193,0.0000,0.23,-1.20,61.28,45.80,448,448,1.00000,1.00000,1.00000,1.00000,3,3,1,11.92219,0.00401,1.06807,0.0482,0.1688,0.3769,-0.0556,0.3193,0.0000,-0.23,-6.43,-179.82,1,1,0.0000,0.0000,0.3000,0.00,0.8200,0.3500,0.9200,6.00,180.00,0.850000,0.000000,0.000000,1.100000,0.000000,0.000000,1.200000,0.000000,0.000000,1.350000,0.000000,0.000000,0.850000,0.020000,0.000000,0.008000,0.000000,0.000600,0.008000,0.000000,0.000600,0.006000,0.000000,0.000000,1,1,1,448,240,429851,429851,255135,174716,0,60.00,7646,3233,421,0,0,0,7771,506.07,506.07,11,1459,0.0000,0.5330,0.4930,0.7900,0.5020
2026-04-27T17:52:48.403,7.486,1,0.10,1.50,0.95,9.77,1,-0.0476,-0.1737,-0.0770,-0.0458,0.3094,0.0000,0.28,-3.01,59.86,66.39,449,449,1.00000,1.00000,1.00000,1.00000,3,3,1,11.82059,0.00382,1.06220,0.0476,0.1737,0.3770,-0.0458,0.3094,0.0000,-0.28,-6.41,-179.57,1,1,0.0000,0.0000,0.3000,0.00,0.8200,0.3500,0.9200,6.00,180.00,0.850000,0.000000,0.000000,1.100000,0.000000,0.000000,1.200000,0.000000,0.000000,1.350000,0.000000,0.000000,0.850000,0.020000,0.000000,0.008000,0.000000,0.000600,0.008000,0.000000,0.000600,0.006000,0.000000,0.000000,1,1,1,449,240,429851,429851,255135,174716,0,60.00,7646,3233,421,0,0,0,7771,506.07,506.07,11,1459,0.0000,0.5330,0.4930,0.7900,0.5020
2026-04-27T17:52:48.421,7.503,1,0.10,1.50,0.95,9.77,1,-0.0468,-0.1787,-0.0773,-0.0474,0.3005,0.0112,0.25,1.69,60.21,57.88,450,450,1.00000,1.00000,1.00000,1.00000,3,3,1,11.68944,0.00376,1.06778,0.0468,0.1787,0.3773,-0.0474,0.3005,0.0112,-0.25,-6.17,-179.38,1,1,0.0000,0.0000,0.3000,0.00,0.8200,0.3500,0.9200,6.00,180.00,0.850000,0.000000,0.000000,1.100000,0.000000,0.000000,1.200000,0.000000,0.000000,1.350000,0.000000,0.000000,0.850000,0.020000,0.000000,0.008000,0.000000,0.000600,0.008000,0.000000,0.000600,0.006000,0.000000,0.000000,1,1,1,450,242,429851,429851,255135,174716,0,60.00,7646,3233,421,0,0,0,7771,506.07,506.07,11,1459,0.0000,0.5330,0.4930,0.7900,0.5020
2026-04-27T17:52:48.438,7.521,1,0.10,1.50,0.95,9.77,1,-0.0456,-0.1839,-0.0771,-0.0591,0.3011,0.0000,0.39,-7.60,56.42,58.33,451,451,1.00000,1.00000,1.00000,1.00000,3,3,1,11.56732,0.00411,1.06456,0.0456,0.1839,0.3771,-0.0591,0.3011,0.0000,-0.39,-6.51,-179.25,1,1,0.0000,0.0000,0.3000,0.00,0.8200,0.3500,0.9200,6.00,180.00,0.850000,0.000000,0.000000,1.100000,0.000000,0.000000,1.200000,0.000000,0.000000,1.350000,0.000000,0.000000,0.850000,0.020000,0.000000,0.008000,0.000000,0.000600,0.008000,0.000000,0.000600,0.006000,0.000000,0.000000,1,1,1,451,240,429851,429851,255135,174716,0,60.00,7646,3233,421,0,0,0,7771,506.07,506.07,11,1459,0.0000,0.5330,0.4930,0.7900,0.5020
2026-04-27T17:52:48.453,7.536,1,0.10,1.50,0.95,9.77,1,-0.0449,-0.1880,-0.0775,-0.0510,0.2911,0.0164,0.30,6.48,57.41,101.17,452,452,1.00000,1.00000,1.00000,1.00000,3,3,1,11.52366,0.00372,1.06481,0.0449,0.1880,0.3775,-0.0510,0.2911,0.0164,-0.30,-6.36,-179.10,1,1,0.0000,0.0000,0.3000,0.00,0.8200,0.3500,0.9200,6.00,180.00,0.850000,0.000000,0.000000,1.100000,0.000000,0.000000,1.200000,0.000000,0.000000,1.350000,0.000000,0.000000,0.850000,0.020000,0.000000,0.008000,0.000000,0.000600,0.008000,0.000000,0.000600,0.006000,0.000000,0.000000,1,1,1,452,242,429851,429851,255135,174716,0,60.00,7646,3233,421,0,0,0,7771,506.07,506.07,11,1459,0.0000,0.5330,0.4930,0.7900,0.5020
2026-04-27T17:52:48.472,7.555,1,0.19,2.50,0.96,9.93,1,-0.0439,-0.1925,-0.0777,-0.0539,0.2708,0.0134,0.30,0.00,67.14,43.37,453,453,1.00000,1.00000,1.00000,1.00000,3,3,1,11.36447,0.00375,1.06450,0.0439,0.1925,0.3777,-0.0539,0.2708,0.0134,-0.30,-6.32,-178.94,1,1,0.0000,0.0000,0.3000,0.00,0.8200,0.3500,0.9200,6.00,180.00,0.850000,0.000000,0.000000,1.100000,0.000000,0.000000,1.200000,0.000000,0.000000,1.350000,0.000000,0.000000,0.850000,0.020000,0.000000,0.008000,0.000000,0.000600,0.008000,0.000000,0.000600,0.006000,0.000000,0.000000,1,1,1,453,243,429851,429851,255135,174716,0,60.00,7646,3233,421,0,0,0,7771,506.07,506.07,11,1459,0.0000,0.5330,0.4930,0.7900,0.5020
2026-04-27T17:52:48.488,7.571,1,0.19,2.50,0.96,9.93,1,-0.0428,-0.1968,-0.0780,-0.0592,0.2620,0.0151,0.30,0.00,52.29,61.33,454,454,1.00000,1.00000,1.00000,1.00000,3,3,1,11.26326,0.00378,1.07000,0.0428,0.1968,0.3780,-0.0592,0.2620,0.0151,-0.30,-6.32,-178.81,1,1,0.0000,0.0000,0.3000,0.00,0.8200,0.3500,0.9200,6.00,180.00,0.850000,0.000000,0.000000,1.100000,0.000000,0.000000,1.200000,0.000000,0.000000,1.350000,0.000000,0.000000,0.850000,0.020000,0.000000,0.008000,0.000000,0.000600,0.008000,0.000000,0.000600,0.006000,0.000000,0.000000,1,1,1,454,243,429851,429851,255135,174716,0,60.00,7646,3233,421,0,0,0,7771,506.07,506.07,11,1459,0.0000,0.5330,0.4930,0.7900,0.5020
2026-04-27T17:52:48.503,7.586,1,0.19,2.50,0.96,9.93,1,-0.0418,-0.2012,-0.0777,-0.0619,0.2683,0.0000,0.38,-5.48,61.09,57.05,455,455,1.00000,1.00000,1.00000,1.00000,3,3,1,11.20221,0.00376,1.06657,0.0418,0.2012,0.3777,-0.0619,0.2683,0.0000,-0.38,-6.56,-178.64,1,1,0.0000,0.0000,0.3000,0.00,0.8200,0.3500,0.9200,6.00,180.00,0.850000,0.000000,0.000000,1.100000,0.000000,0.000000,1.200000,0.000000,0.000000,1.350000,0.000000,0.000000,0.850000,0.020000,0.000000,0.008000,0.000000,0.000600,0.008000,0.000000,0.000600,0.006000,0.000000,0.000000,1,1,1,455,240,429851,429851,255135,174716,0,60.00,7646,3233,421,0,0,0,7771,506.07,506.07,11,1459,0.0000,0.5330,0.4930,0.7900,0.5020
2026-04-27T17:52:48.517,7.600,1,0.19,2.50,0.96,9.93,1,-0.0408,-0.2049,-0.0778,-0.0664,0.2675,0.0000,0.42,-2.91,73.61,164.06,456,456,1.00000,1.00000,1.00000,1.00000,3,3,1,11.15250,0.00368,1.06321,0.0408,0.2049,0.3778,-0.0664,0.2675,0.0000,-0.42,-6.55,-178.44,1,1,0.0000,0.0000,0.3000,0.00,0.8200,0.3500,0.9200,6.00,180.00,0.850000,0.000000,0.000000,1.100000,0.000000,0.000000,1.200000,0.000000,0.000000,1.350000,0.000000,0.000000,0.850000,0.020000,0.000000,0.008000,0.000000,0.000600,0.008000,0.000000,0.000600,0.006000,0.000000,0.000000,1,1,1,456,240,429851,429851,255135,174716,0,60.00,7646,3233,421,0,0,0,7771,506.07,506.07,11,1459,0.0000,0.5330,0.4930,0.7900,0.5020
2026-04-27T17:52:48.534,7.616,1,0.19,2.50,0.96,9.93,1,-0.0396,-0.2086,-0.0784,-0.0690,0.2437,0.0199,0.41,0.59,72.64,41.46,457,457,1.00000,1.00000,1.00000,1.00000,3,3,1,11.00656,0.00383,1.07406,0.0396,0.2086,0.3784,-0.0690,0.2437,0.0199,-0.41,-6.48,-178.30,1,1,0.0000,0.0000,0.3000,0.00,0.8200,0.3500,0.9200,6.00,180.00,0.850000,0.000000,0.000000,1.100000,0.000000,0.000000,1.200000,0.000000,0.000000,1.350000,0.000000,0.000000,0.850000,0.020000,0.000000,0.008000,0.000000,0.000600,0.008000,0.000000,0.000600,0.006000,0.000000,0.000000,1,1,1,457,241,429851,429851,255135,174716,0,60.00,7646,3233,421,0,0,0,7771,506.07,506.07,11,1459,0.0000,0.5330,0.4930,0.7900,0.5020
2026-04-27T17:52:48.550,7.633,1,0.19,2.50,0.96,9.93,1,-0.0384,-0.2123,-0.0782,-0.0729,0.2401,0.0000,0.47,-3.70,59.29,51.55,458,458,1.00000,1.00000,1.00000,1.00000,3,3,1,11.01869,0.00374,1.07230,0.0384,0.2123,0.3782,-0.0729,0.2401,0.0000,-0.47,-6.59,-178.17,1,1,0.0000,0.0000,0.3000,0.00,0.8200,0.3500,0.9200,6.00,180.00,0.850000,0.000000,0.000000,1.100000,0.000000,0.000000,1.200000,0.000000,0.000000,1.350000,0.000000,0.000000,0.850000,0.020000,0.000000,0.008000,0.000000,0.000600,0.008000,0.000000,0.000600,0.006000,0.000000,0.000000,1,1,1,458,239,429851,429851,255135,174716,0,60.00,7646,3233,421,0,0,0,7771,506.07,506.07,11,1459,0.0000,0.5330,0.4930,0.7900,0.5020
2026-04-27T17:52:48.567,7.649,1,0.00,3.29,-1.93,7.89,1,-0.0373,-0.2154,-0.0782,-0.0671,0.2127,0.0000,0.58,-6.58,61.66,300.00,459,459,1.00000,1.00000,1.00000,1.00000,3,3,1,10.94305,0.00384,1.06822,0.0373,0.2154,0.3782,-0.0671,0.2127,0.0000,-0.58,-6.67,-177.91,1,1,0.0000,0.0000,0.3000,0.00,0.8200,0.3500,0.9200,6.00,180.00,0.850000,0.000000,0.000000,1.100000,0.000000,0.000000,1.200000,0.000000,0.000000,1.350000,0.000000,0.000000,0.850000,0.020000,0.000000,0.008000,0.000000,0.000600,0.008000,0.000000,0.000600,0.006000,0.000000,0.000000,1,1,1,459,240,429851,429851,255135,174716,0,60.00,7646,3233,421,0,0,0,7771,506.07,506.07,11,1459,0.0000,0.5330,0.4930,0.7900,0.5020
2026-04-27T17:52:48.586,7.669,1,0.00,3.29,-1.93,7.89,1,-0.0362,-0.2184,-0.0782,-0.0658,0.1942,0.0000,0.54,2.06,59.85,32.48,460,460,1.00000,1.00000,1.00000,1.00000,3,3,1,10.82944,0.00390,1.07027,0.0362,0.2184,0.3782,-0.0658,0.1942,0.0000,-0.54,-6.75,-177.67,1,1,0.0000,0.0000,0.3000,0.00,0.8200,0.3500,0.9200,6.00,180.00,0.850000,0.000000,0.000000,1.100000,0.000000,0.000000,1.200000,0.000000,0.000000,1.350000,0.000000,0.000000,0.850000,0.020000,0.000000,0.008000,0.000000,0.000600,0.008000,0.000000,0.000600,0.006000,0.000000,0.000000,1,1,1,460,240,429851,429851,255135,174716,0,60.00,7646,3233,421,0,0,0,7771,506.07,506.07,11,1459,0.0000,0.5330,0.4930,0.7900,0.5020
2026-04-27T17:52:48.603,7.686,1,0.00,3.29,-1.93,7.89,1,-0.0351,-0.2212,-0.0783,-0.0677,0.1866,0.0000,0.51,1.89,51.39,185.90,461,461,1.00000,1.00000,1.00000,1.00000,3,3,1,10.77144,0.00390,1.06703,0.0351,0.2212,0.3783,-0.0677,0.1866,0.0000,-0.51,-6.65,-177.61,1,1,0.0000,0.0000,0.3000,0.00,0.8200,0.3500,0.9200,6.00,180.00,0.850000,0.000000,0.000000,1.100000,0.000000,0.000000,1.200000,0.000000,0.000000,1.350000,0.000000,0.000000,0.850000,0.020000,0.000000,0.008000,0.000000,0.000600,0.008000,0.000000,0.000600,0.006000,0.000000,0.000000,1,1,1,461,240,429851,429851,255135,174716,0,60.00,7646,3233,421,0,0,0,7771,506.07,506.07,11,1459,0.0000,0.5330,0.4930,0.7900,0.5020
2026-04-27T17:52:48.620,7.703,1,0.00,3.29,-1.93,7.89,1,-0.0339,-0.2237,-0.0785,-0.0712,0.1688,0.0000,0.41,5.97,55.09,47.40,462,462,1.00000,1.00000,1.00000,1.00000,3,3,1,10.73461,0.00385,1.07201,0.0339,0.2237,0.3785,-0.0712,0.1688,0.0000,-0.41,-6.61,-177.44,1,1,0.0000,0.0000,0.3000,0.00,0.8200,0.3500,0.9200,6.00,180.00,0.850000,0.000000,0.000000,1.100000,0.000000,0.000000,1.200000,0.000000,0.000000,1.350000,0.000000,0.000000,0.850000,0.020000,0.000000,0.008000,0.000000,0.000600,0.008000,0.000000,0.000600,0.006000,0.000000,0.000000,1,1,1,462,240,429851,429851,255135,174716,0,60.00,7646,3233,421,0,0,0,7771,506.07,506.07,11,1459,0.0000,0.5330,0.4930,0.7900,0.5020
2026-04-27T17:52:48.636,7.719,1,0.00,3.29,-1.93,7.89,1,-0.0327,-0.2257,-0.0788,-0.0727,0.1479,0.0113,0.49,-4.84,60.55,43.81,463,463,1.00000,1.00000,1.00000,1.00000,3,3,1,10.67116,0.00367,1.06886,0.0327,0.2257,0.3788,-0.0727,0.1479,0.0113,-0.49,-6.55,-177.32,1,1,0.0000,0.0000,0.3000,0.00,0.8200,0.3500,0.9200,6.00,180.00,0.850000,0.000000,0.000000,1.100000,0.000000,0.000000,1.200000,0.000000,0.000000,1.350000,0.000000,0.000000,0.850000,0.020000,0.000000,0.008000,0.000000,0.000600,0.008000,0.000000,0.000600,0.006000,0.000000,0.000000,1,1,1,463,244,429851,429851,255135,174716,0,60.00,7646,3233,421,0,0,0,7771,506.07,506.07,11,1459,0.0000,0.5330,0.4930,0.7900,0.5020
2026-04-27T17:52:48.650,7.733,1,0.00,3.29,-1.93,7.89,1,-0.0312,-0.2280,-0.0786,-0.0855,0.1467,0.0000,0.47,1.31,60.47,59.60,464,464,1.00000,1.00000,1.00000,1.00000,3,3,1,10.56385,0.00390,1.07207,0.0312,0.2280,0.3786,-0.0855,0.1467,0.0000,-0.47,-6.75,-177.32,1,1,0.0000,0.0000,0.3000,0.00,0.8200,0.3500,0.9200,6.00,180.00,0.850000,0.000000,0.000000,1.100000,0.000000,0.000000,1.200000,0.000000,0.000000,1.350000,0.000000,0.000000,0.850000,0.020000,0.000000,0.008000,0.000000,0.000600,0.008000,0.000000,0.000600,0.006000,0.000000,0.000000,1,1,1,464,240,429851,429851,255135,174716,0,60.00,7646,3233,421,0,0,0,7771,506.07,506.07,11,1459,0.0000,0.5330,0.4930,0.7900,0.5020
2026-04-27T17:52:48.670,7.752,1,0.10,4.10,0.95,7.79,1,-0.0303,-0.2299,-0.0787,-0.0658,0.1287,0.0000,0.41,3.13,75.77,99.95,465,465,1.00000,1.00000,1.00000,1.00000,3,3,1,10.57797,0.00365,1.07034,0.0303,0.2299,0.3787,-0.0658,0.1287,0.0000,-0.41,-6.32,-177.20,1,1,0.0000,0.0000,0.3000,0.00,0.8200,0.3500,0.9200,6.00,180.00,0.850000,0.000000,0.000000,1.100000,0.000000,0.000000,1.200000,0.000000,0.000000,1.350000,0.000000,0.000000,0.850000,0.020000,0.000000,0.008000,0.000000,0.000600,0.008000,0.000000,0.000600,0.006000,0.000000,0.000000,1,1,1,465,237,429851,429851,255135,174716,0,60.00,7646,3233,421,0,0,0,7771,506.07,506.07,11,1459,0.0000,0.5330,0.4930,0.7900,0.5020
2026-04-27T17:52:48.686,7.769,1,0.10,4.10,0.95,7.79,1,-0.0293,-0.2317,-0.0787,-0.0662,0.1224,0.0000,0.33,5.09,48.47,49.80,466,466,1.00000,1.00000,1.00000,1.00000,3,3,1,10.46701,0.00346,1.06550,0.0293,0.2317,0.3787,-0.0662,0.1224,0.0000,-0.33,-5.96,-177.02,1,1,0.0000,0.0000,0.3000,0.00,0.8200,0.3500,0.9200,6.00,180.00,0.850000,0.000000,0.000000,1.100000,0.000000,0.000000,1.200000,0.000000,0.000000,1.350000,0.000000,0.000000,0.850000,0.020000,0.000000,0.008000,0.000000,0.000600,0.008000,0.000000,0.000600,0.006000,0.000000,0.000000,1,1,1,466,240,429851,429851,255135,174716,0,60.00,7646,3233,421,0,0,0,7771,506.07,506.07,11,1459,0.0000,0.5330,0.4930,0.7900,0.5020
2026-04-27T17:52:48.703,7.786,1,0.10,4.10,0.95,7.79,1,-0.0276,-0.2330,-0.0782,-0.0882,0.0992,-0.0174,0.45,-7.23,63.38,62.30,467,467,1.00000,1.00000,1.00000,1.00000,3,3,1,10.36151,0.00414,1.06316,0.0276,0.2330,0.3782,-0.0882,0.0992,-0.0174,-0.45,-6.46,-176.71,1,1,0.0000,0.0000,0.3000,0.00,0.8200,0.3500,0.9200,6.00,180.00,0.850000,0.000000,0.000000,1.100000,0.000000,0.000000,1.200000,0.000000,0.000000,1.350000,0.000000,0.000000,0.850000,0.020000,0.000000,0.008000,0.000000,0.000600,0.008000,0.000000,0.000600,0.006000,0.000000,0.000000,1,1,1,467,245,429851,429851,255135,174716,0,60.00,7646,3233,421,0,0,0,7771,506.07,506.07,11,1459,0.0000,0.5330,0.4930,0.7900,0.5020
2026-04-27T17:52:48.719,7.802,1,0.10,4.10,0.95,7.79,1,-0.0263,-0.2340,-0.0784,-0.0803,0.0806,0.0000,0.45,0.00,58.57,52.64,468,468,1.00000,1.00000,1.00000,1.00000,3,3,1,10.44728,0.00372,1.06293,0.0263,0.2340,0.3784,-0.0803,0.0806,0.0000,-0.45,-6.33,-176.52,1,1,0.0000,0.0000,0.3000,0.00,0.8200,0.3500,0.9200,6.00,180.00,0.850000,0.000000,0.000000,1.100000,0.000000,0.000000,1.200000,0.000000,0.000000,1.350000,0.000000,0.000000,0.850000,0.020000,0.000000,0.008000,0.000000,0.000600,0.008000,0.000000,0.000600,0.006000,0.000000,0.000000,1,1,1,468,239,429851,429851,255135,174716,0,60.00,7646,3233,421,0,0,0,7771,506.07,506.07,11,1459,0.0000,0.5330,0.4930,0.7900,0.5020
2026-04-27T17:52:48.734,7.817,1,0.10,4.10,0.95,7.79,1,-0.0249,-0.2349,-0.0784,-0.0826,0.0706,0.0000,0.41,2.58,60.09,53.50,469,469,1.00000,1.00000,1.00000,1.00000,3,3,1,10.39981,0.00376,1.06499,0.0249,0.2349,0.3784,-0.0826,0.0706,0.0000,-0.41,-6.32,-176.50,1,1,0.0000,0.0000,0.3000,0.00,0.8200,0.3500,0.9200,6.00,180.00,0.850000,0.000000,0.000000,1.100000,0.000000,0.000000,1.200000,0.000000,0.000000,1.350000,0.000000,0.000000,0.850000,0.020000,0.000000,0.008000,0.000000,0.000600,0.008000,0.000000,0.000600,0.006000,0.000000,0.000000,1,1,1,469,239,429851,429851,255135,174716,0,60.00,7646,3233,421,0,0,0,7771,506.07,506.07,11,1459,0.0000,0.5330,0.4930,0.7900,0.5020
2026-04-27T17:52:48.752,7.835,1,0.10,4.10,0.95,7.79,1,-0.0234,-0.2358,-0.0784,-0.0864,0.0630,0.0000,0.55,-7.63,58.89,143.24,470,470,1.00000,1.00000,1.00000,1.00000,3,3,1,10.34232,0.00393,1.06996,0.0234,0.2358,0.3784,-0.0864,0.0630,0.0000,-0.55,-6.36,-176.46,1,1,0.0000,0.0000,0.3000,0.00,0.8200,0.3500,0.9200,6.00,180.00,0.850000,0.000000,0.000000,1.100000,0.000000,0.000000,1.200000,0.000000,0.000000,1.350000,0.000000,0.000000,0.850000,0.020000,0.000000,0.008000,0.000000,0.000600,0.008000,0.000000,0.000600,0.006000,0.000000,0.000000,1,1,1,470,240,429851,429851,255135,174716,0,60.00,7646,3233,421,0,0,0,7771,506.07,506.07,11,1459,0.0000,0.5330,0.4930,0.7900,0.5020
2026-04-27T17:52:48.767,7.850,1,0.10,4.10,0.95,7.79,1,-0.0222,-0.2358,-0.0784,-0.0790,0.0296,0.0000,0.53,1.32,67.36,44.13,471,471,1.00000,1.00000,1.00000,1.00000,3,3,1,10.36400,0.00372,1.06515,0.0222,0.2358,0.3784,-0.0790,0.0296,0.0000,-0.53,-6.28,-176.30,1,1,0.0000,0.0000,0.3000,0.00,0.8200,0.3500,0.9200,6.00,180.00,0.850000,0.000000,0.000000,1.100000,0.000000,0.000000,1.200000,0.000000,0.000000,1.350000,0.000000,0.000000,0.850000,0.020000,0.000000,0.008000,0.000000,0.000600,0.008000,0.000000,0.000600,0.006000,0.000000,0.000000,1,1,1,471,238,429851,429851,255135,174716,0,60.00,7646,3233,421,0,0,0,7771,506.07,506.07,11,1459,0.0000,0.5330,0.4930,0.7900,0.5020
2026-04-27T17:52:48.783,7.866,1,0.10,4.10,0.95,7.79,1,-0.0207,-0.2361,-0.0782,-0.0888,0.0279,0.0000,0.45,5.06,65.97,57.11,472,472,1.00000,1.00000,1.00000,1.00000,3,3,1,10.18481,0.00362,1.06739,0.0207,0.2361,0.3782,-0.0888,0.0279,0.0000,-0.45,-6.43,-176.17,1,1,0.0000,0.0000,0.3000,0.00,0.8200,0.3500,0.9200,6.00,180.00,0.850000,0.000000,0.000000,1.100000,0.000000,0.000000,1.200000,0.000000,0.000000,1.350000,0.000000,0.000000,0.850000,0.020000,0.000000,0.008000,0.000000,0.000600,0.008000,0.000000,0.000600,0.006000,0.000000,0.000000,1,1,1,472,240,429851,429851,255135,174716,0,60.00,7646,3233,421,0,0,0,7771,506.07,506.07,11,1459,0.0000,0.5330,0.4930,0.7900,0.5020
2026-04-27T17:52:48.803,7.886,1,0.10,4.10,0.95,7.79,1,-0.0193,-0.2357,-0.0784,-0.0821,0.0000,0.0000,0.32,6.48,63.30,50.18,473,473,1.00000,1.00000,1.00000,1.00000,3,3,1,10.23559,0.00362,1.07465,0.0193,0.2357,0.3784,-0.0821,0.0000,0.0000,-0.32,-6.14,-176.26,1,1,0.0000,0.0000,0.3000,0.00,0.8200,0.3500,0.9200,6.00,180.00,0.850000,0.000000,0.000000,1.100000,0.000000,0.000000,1.200000,0.000000,0.000000,1.350000,0.000000,0.000000,0.850000,0.020000,0.000000,0.008000,0.000000,0.000600,0.008000,0.000000,0.000600,0.006000,0.000000,0.000000,1,1,1,473,236,429851,429851,255135,174716,0,60.00,7646,3233,421,0,0,0,7771,506.07,506.07,11,1459,0.0000,0.5330,0.4930,0.7900,0.5020
2026-04-27T17:52:48.819,7.902,1,0.10,4.50,0.00,3.97,1,-0.0178,-0.2352,-0.0784,-0.0905,-0.0143,0.0000,0.42,-7.10,49.88,63.40,474,474,1.00000,1.00000,1.00000,1.00000,3,3,1,10.23409,0.00379,1.07197,0.0178,0.2352,0.3784,-0.0905,-0.0143,0.0000,-0.42,-6.19,-176.09,1,1,0.0000,0.0000,0.3000,0.00,0.8200,0.3500,0.9200,6.00,180.00,0.850000,0.000000,0.000000,1.100000,0.000000,0.000000,1.200000,0.000000,0.000000,1.350000,0.000000,0.000000,0.850000,0.020000,0.000000,0.008000,0.000000,0.000600,0.008000,0.000000,0.000600,0.006000,0.000000,0.000000,1,1,1,474,240,429851,429851,255135,174716,0,60.00,7646,3233,421,0,0,0,7771,506.07,506.07,11,1459,0.0000,0.5330,0.4930,0.7900,0.5020
2026-04-27T17:52:48.831,7.914,1,0.10,4.50,0.00,3.97,1,-0.0164,-0.2346,-0.0780,-0.0962,-0.0261,-0.0146,0.47,-3.67,62.19,56.58,475,475,1.00000,1.00000,1.00000,1.00000,3,3,1,10.18249,0.00379,1.06903,0.0164,0.2346,0.3780,-0.0962,-0.0261,-0.0146,-0.47,-6.36,-175.88,1,1,0.0000,0.0000,0.3000,0.00,0.8200,0.3500,0.9200,6.00,180.00,0.850000,0.000000,0.000000,1.100000,0.000000,0.000000,1.200000,0.000000,0.000000,1.350000,0.000000,0.000000,0.850000,0.020000,0.000000,0.008000,0.000000,0.000600,0.008000,0.000000,0.000600,0.006000,0.000000,0.000000,1,1,1,475,246,429851,429851,255135,174716,0,60.00,7646,3233,421,0,0,0,7771,506.07,506.07,11,1459,0.0000,0.5330,0.4930,0.7900,0.5020
2026-04-27T17:52:48.847,7.930,1,0.10,4.50,0.00,3.97,1,-0.0150,-0.2333,-0.0783,-0.0938,-0.0564,0.0000,0.42,3.19,86.11,63.87,476,476,1.00000,1.00000,1.00000,1.00000,3,3,1,10.11676,0.00347,1.06940,0.0150,0.2333,0.3783,-0.0938,-0.0564,0.0000,-0.42,-6.14,-175.87,1,1,0.0000,0.0000,0.3000,0.00,0.8200,0.3500,0.9200,6.00,180.00,0.850000,0.000000,0.000000,1.100000,0.000000,0.000000,1.200000,0.000000,0.000000,1.350000,0.000000,0.000000,0.850000,0.020000,0.000000,0.008000,0.000000,0.000600,0.008000,0.000000,0.000600,0.006000,0.000000,0.000000,1,1,1,476,241,429851,429851,255135,174716,0,60.00,7646,3233,421,0,0,0,7771,506.07,506.07,11,1459,0.0000,0.5330,0.4930,0.7900,0.5020
2026-04-27T17:52:48.865,7.947,1,0.19,4.80,0.95,2.89,1,-0.0134,-0.2323,-0.0779,-0.0919,-0.0524,-0.0135,0.44,-1.12,63.87,59.24,477,477,1.00000,1.00000,1.00000,1.00000,3,3,1,10.22803,0.00356,1.07035,0.0134,0.2323,0.3779,-0.0919,-0.0524,-0.0135,-0.44,-6.35,-175.92,1,1,0.0000,0.0000,0.3000,0.00,0.8200,0.3500,0.9200,6.00,180.00,0.850000,0.000000,0.000000,1.100000,0.000000,0.000000,1.200000,0.000000,0.000000,1.350000,0.000000,0.000000,0.850000,0.020000,0.000000,0.008000,0.000000,0.000600,0.008000,0.000000,0.000600,0.006000,0.000000,0.000000,1,1,1,477,246,430031,430031,255315,174716,0,60.00,7826,3194,421,0,0,0,7771,506.07,506.07,11,1459,0.0000,0.5330,0.4930,0.7900,0.5020
2026-04-27T17:52:48.883,7.966,1,0.19,4.80,0.95,2.89,1,-0.0121,-0.2305,-0.0780,-0.0826,-0.0766,0.0000,0.44,0.00,55.92,58.88,478,478,1.00000,1.00000,1.00000,1.00000,3,3,1,10.19623,0.00363,1.06602,0.0121,0.2305,0.3780,-0.0826,-0.0766,0.0000,-0.44,-6.18,-175.89,1,1,0.0000,0.0000,0.3000,0.00,0.8200,0.3500,0.9200,6.00,180.00,0.850000,0.000000,0.000000,1.100000,0.000000,0.000000,1.200000,0.000000,0.000000,1.350000,0.000000,0.000000,0.850000,0.020000,0.000000,0.008000,0.000000,0.000600,0.008000,0.000000,0.000600,0.006000,0.000000,0.000000,1,1,1,478,241,430031,430031,255315,174716,0,60.00,7826,3194,421,0,0,0,7771,506.07,506.07,11,1459,0.0000,0.5330,0.4930,0.7900,0.5020
2026-04-27T17:52:48.900,7.983,1,0.19,4.80,0.95,2.89,1,-0.0108,-0.2288,-0.0778,-0.0830,-0.0897,0.0000,0.43,0.60,53.80,63.83,479,479,1.00000,1.00000,1.00000,1.00000,3,3,1,10.17385,0.00352,1.06952,0.0108,0.2288,0.3778,-0.0830,-0.0897,0.0000,-0.43,-6.16,-175.76,1,1,0.0000,0.0000,0.3000,0.00,0.8200,0.3500,0.9200,6.00,180.00,0.850000,0.000000,0.000000,1.100000,0.000000,0.000000,1.200000,0.000000,0.000000,1.350000,0.000000,0.000000,0.850000,0.020000,0.000000,0.008000,0.000000,0.000600,0.008000,0.000000,0.000600,0.006000,0.000000,0.000000,1,1,1,479,240,430031,430031,255315,174716,0,60.00,7826,3194,421,0,0,0,7771,506.07,506.07,11,1459,0.0000,0.5330,0.4930,0.7900,0.5020
2026-04-27T17:52:48.916,7.999,1,0.19,4.80,0.95,2.89,1,-0.0092,-0.2266,-0.0777,-0.0891,-0.1100,0.0000,0.40,1.80,59.95,69.88,480,480,1.00000,1.00000,1.00000,1.00000,3,3,1,10.19877,0.00352,1.06822,0.0092,0.2266,0.3777,-0.0891,-0.1100,0.0000,-0.40,-6.20,-175.82,1,1,0.0000,0.0000,0.3000,0.00,0.8200,0.3500,0.9200,6.00,180.00,0.850000,0.000000,0.000000,1.100000,0.000000,0.000000,1.200000,0.000000,0.000000,1.350000,0.000000,0.000000,0.850000,0.020000,0.000000,0.008000,0.000000,0.000600,0.008000,0.000000,0.000600,0.006000,0.000000,0.000000,1,1,1,480,238,430031,430031,255315,174716,0,60.00,7826,3194,421,0,0,0,7771,506.07,506.07,11,1459,0.0000,0.5330,0.4930,0.7900,0.5020
2026-04-27T17:52:48.935,8.018,1,0.19,4.80,0.95,2.89,1,-0.0080,-0.2243,-0.0776,-0.0775,-0.1173,0.0000,0.32,4.37,60.09,70.76,481,481,1.00000,1.00000,1.00000,1.00000,3,3,1,10.18655,0.00350,1.06618,0.0080,0.2243,0.3776,-0.0775,-0.1173,0.0000,-0.32,-5.91,-175.75,1,1,0.0000,0.0000,0.3000,0.00,0.8200,0.3500,0.9200,6.00,180.00,0.850000,0.000000,0.000000,1.100000,0.000000,0.000000,1.200000,0.000000,0.000000,1.350000,0.000000,0.000000,0.850000,0.020000,0.000000,0.008000,0.000000,0.000600,0.008000,0.000000,0.000600,0.006000,0.000000,0.000000,1,1,1,481,241,430031,430031,255315,174716,0,60.00,7826,3194,421,0,0,0,7771,506.07,506.07,11,1459,0.0000,0.5330,0.4930,0.7900,0.5020
2026-04-27T17:52:48.956,8.039,1,0.19,4.80,0.95,2.89,1,-0.0065,-0.2219,-0.0777,-0.1877,-0.2767,0.0000,0.29,5.45,54.58,63.88,482,482,1.00000,1.00000,1.00000,1.00000,3,3,1,10.25888,0.00348,1.07162,0.0065,0.2219,0.3777,-0.1877,-0.2767,0.0000,-0.29,-5.90,-175.66,1,1,0.0000,0.0000,0.3000,0.00,0.8200,0.3500,0.9200,6.00,180.00,0.850000,0.000000,0.000000,1.100000,0.000000,0.000000,1.200000,0.000000,0.000000,1.350000,0.000000,0.000000,0.850000,0.020000,0.000000,0.008000,0.000000,0.000600,0.008000,0.000000,0.000600,0.006000,0.000000,0.000000,1,1,1,482,240,430031,430031,255315,174716,0,60.00,7826,3194,421,0,0,0,7771,506.07,506.07,11,1459,0.0000,0.5330,0.4930,0.7900,0.5020
2026-04-27T17:52:48.965,8.048,1,0.19,4.80,0.95,2.89,1,-0.0041,-0.2180,-0.0776,-0.1353,-0.2113,0.0000,0.29,0.00,47.20,53.14,483,483,1.00000,1.00000,1.00000,1.00000,3,3,1,10.17857,0.00383,1.07475,0.0041,0.2180,0.3776,-0.1353,-0.2113,0.0000,-0.29,-6.13,-175.78,1,1,0.0000,0.0000,0.3000,0.00,0.8200,0.3500,0.9200,6.00,180.00,0.850000,0.000000,0.000000,1.100000,0.000000,0.000000,1.200000,0.000000,0.000000,1.350000,0.000000,0.000000,0.850000,0.020000,0.000000,0.008000,0.000000,0.000600,0.008000,0.000000,0.000600,0.006000,0.000000,0.000000,1,1,1,483,241,430031,430031,255315,174716,0,60.00,7826,3194,421,0,0,0,7771,506.07,506.07,11,1459,0.0000,0.5330,0.4930,0.7900,0.5020
2026-04-27T17:52:48.988,8.071,1,0.19,4.80,0.95,2.89,1,-0.0029,-0.2153,-0.0772,-0.1042,-0.1819,0.0000,0.22,3.04,115.69,45.99,484,484,1.00000,1.00000,1.00000,1.00000,3,3,1,10.15520,0.00353,1.07252,0.0029,0.2153,0.3772,-0.1042,-0.1819,0.0000,-0.22,-6.24,-175.73,1,1,0.0000,0.0000,0.3000,0.00,0.8200,0.3500,0.9200,6.00,180.00,0.850000,0.000000,0.000000,1.100000,0.000000,0.000000,1.200000,0.000000,0.000000,1.350000,0.000000,0.000000,0.850000,0.020000,0.000000,0.008000,0.000000,0.000600,0.008000,0.000000,0.000600,0.006000,0.000000,0.000000,1,1,1,484,241,430031,430031,255315,174716,0,60.00,7826,3194,421,0,0,0,7771,506.07,506.07,11,1459,0.0000,0.5330,0.4930,0.7900,0.5020
2026-04-27T17:52:49.004,8.087,1,0.19,4.80,0.95,2.89,1,-0.0018,-0.2122,-0.0771,-0.4250,-0.9988,0.0000,0.27,-3.11,43.49,148.08,485,485,1.00000,1.00000,1.00000,1.00000,3,3,1,10.25805,0.00364,1.06954,0.0018,0.2122,0.3771,-0.4250,-0.9988,0.0000,-0.27,-6.22,-175.65,1,1,0.0000,0.0000,0.3000,0.00,0.8200,0.3500,0.9200,6.00,180.00,0.850000,0.000000,0.000000,1.100000,0.000000,0.000000,1.200000,0.000000,0.000000,1.350000,0.000000,0.000000,0.850000,0.020000,0.000000,0.008000,0.000000,0.000600,0.008000,0.000000,0.000600,0.006000,0.000000,0.000000,1,1,1,485,241,430031,430031,255315,174716,0,60.00,7826,3194,421,0,0,0,7771,506.07,506.07,11,1459,0.0000,0.5330,0.4930,0.7900,0.5020
2026-04-27T17:52:49.020,8.103,1,0.40,4.70,2.01,-0.97,1,0.0018,-0.2034,-0.0771,-0.2685,-0.6364,0.0000,0.28,-0.63,62.27,62.27,486,486,1.00000,1.00000,1.00000,1.00000,3,3,1,10.24225,0.00385,1.07336,-0.0018,0.2034,0.3771,-0.2685,-0.6364,0.0000,-0.28,-6.14,-175.60,1,1,0.0000,0.0000,0.3000,0.00,0.8200,0.3500,0.9200,6.00,180.00,0.850000,0.000000,0.000000,1.100000,0.000000,0.000000,1.200000,0.000000,0.000000,1.350000,0.000000,0.000000,0.850000,0.020000,0.000000,0.008000,0.000000,0.000600,0.008000,0.000000,0.000600,0.006000,0.000000,0.000000,1,1,1,486,241,430031,430031,255315,174716,0,60.00,7826,3194,421,0,0,0,7771,506.07,506.07,11,1459,0.0000,0.5330,0.4930,0.7900,0.5020
2026-04-27T17:52:49.036,8.119,1,0.40,4.70,2.01,-0.97,1,0.0023,-0.2013,-0.0770,-0.1831,-0.4628,0.0000,0.28,0.00,62.76,38.01,487,487,1.00000,1.00000,1.00000,1.00000,3,3,1,10.30057,0.00345,1.07032,-0.0023,0.2013,0.3770,-0.1831,-0.4628,0.0000,-0.28,-6.04,-175.63,1,1,0.0000,0.0000,0.3000,0.00,0.8200,0.3500,0.9200,6.00,180.00,0.850000,0.000000,0.000000,1.100000,0.000000,0.000000,1.200000,0.000000,0.000000,1.350000,0.000000,0.000000,0.850000,0.020000,0.000000,0.008000,0.000000,0.000600,0.008000,0.000000,0.000600,0.006000,0.000000,0.000000,1,1,1,487,242,430031,430031,255315,174716,0,60.00,7826,3194,421,0,0,0,7771,506.07,506.07,11,1459,0.0000,0.5330,0.4930,0.7900,0.5020
2026-04-27T17:52:49.052,8.135,1,0.40,4.70,2.01,-0.97,1,0.0030,-0.1986,-0.0769,-0.1335,-0.3521,0.0000,0.19,5.63,62.49,83.27,488,488,1.00000,1.00000,1.00000,1.00000,3,3,1,10.23521,0.00344,1.07335,-0.0030,0.1986,0.3769,-0.1335,-0.3521,0.0000,-0.19,-5.84,-175.71,1,1,0.0000,0.0000,0.3000,0.00,0.8200,0.3500,0.9200,6.00,180.00,0.850000,0.000000,0.000000,1.100000,0.000000,0.000000,1.200000,0.000000,0.000000,1.350000,0.000000,0.000000,0.850000,0.020000,0.000000,0.008000,0.000000,0.000600,0.008000,0.000000,0.000600,0.006000,0.000000,0.000000,1,1,1,488,242,430031,430031,255315,174716,0,60.00,7826,3194,421,0,0,0,7771,506.07,506.07,11,1459,0.0000,0.5330,0.4930,0.7900,0.5020
2026-04-27T17:52:49.068,8.151,1,0.70,4.20,2.98,-4.89,1,0.0041,-0.1951,-0.0766,-0.1155,-0.3197,-0.0138,0.19,0.00,62.52,52.93,489,489,1.00000,1.00000,1.00000,1.00000,3,3,1,10.35217,0.00377,1.07035,-0.0041,0.1951,0.3766,-0.1155,-0.3197,-0.0138,-0.19,-5.98,-175.83,1,1,0.0000,0.0000,0.3000,0.00,0.8200,0.3500,0.9200,6.00,180.00,0.850000,0.000000,0.000000,1.100000,0.000000,0.000000,1.200000,0.000000,0.000000,1.350000,0.000000,0.000000,0.850000,0.020000,0.000000,0.008000,0.000000,0.000600,0.008000,0.000000,0.000600,0.006000,0.000000,0.000000,1,1,1,489,246,430031,430031,255315,174716,0,60.00,7826,3194,421,0,0,0,7771,506.07,506.07,11,1459,0.0000,0.5330,0.4930,0.7900,0.5020
2026-04-27T17:52:49.083,8.166,1,0.70,4.20,2.98,-4.89,1,0.0055,-0.1913,-0.0765,-0.1124,-0.3030,0.0000,0.14,3.32,59.71,60.71,490,490,1.00000,1.00000,1.00000,1.00000,3,3,1,10.35058,0.00389,1.07938,-0.0055,0.1913,0.3765,-0.1124,-0.3030,0.0000,-0.14,-6.06,-176.32,1,1,0.0000,0.0000,0.3000,0.00,0.8200,0.3500,0.9200,6.00,180.00,0.850000,0.000000,0.000000,1.100000,0.000000,0.000000,1.200000,0.000000,0.000000,1.350000,0.000000,0.000000,0.850000,0.020000,0.000000,0.008000,0.000000,0.000600,0.008000,0.000000,0.000600,0.006000,0.000000,0.000000,1,1,1,490,242,430031,430031,255315,174716,0,60.00,7826,3194,421,0,0,0,7771,506.07,506.07,11,1459,0.0000,0.5330,0.4930,0.7900,0.5020
2026-04-27T17:52:49.099,8.182,1,0.70,4.20,2.98,-4.89,1,0.0066,-0.1865,-0.0764,-0.0921,-0.3107,0.0000,-0.04,11.19,66.49,165.80,491,491,1.00000,1.00000,1.00000,1.00000,3,3,1,10.46237,0.00384,1.07816,-0.0066,0.1865,0.3764,-0.0921,-0.3107,0.0000,0.04,-5.78,-176.54,1,1,0.0000,0.0000,0.3000,0.00,0.8200,0.3500,0.9200,6.00,180.00,0.850000,0.000000,0.000000,1.100000,0.000000,0.000000,1.200000,0.000000,0.000000,1.350000,0.000000,0.000000,0.850000,0.020000,0.000000,0.008000,0.000000,0.000600,0.008000,0.000000,0.000600,0.006000,0.000000,0.000000,1,1,1,491,241,430031,430031,255315,174716,0,60.00,7826,3194,421,0,0,0,7771,506.07,506.07,11,1459,0.0000,0.5330,0.4930,0.7900,0.5020
2026-04-27T17:52:49.119,8.202,1,0.70,4.20,2.98,-4.89,1,0.0080,-0.1812,-0.0759,-0.0846,-0.3034,-0.0203,-0.17,6.63,62.15,44.02,492,492,1.00000,1.00000,1.00000,1.00000,3,3,1,10.48585,0.00375,1.07630,-0.0080,0.1812,0.3759,-0.0846,-0.3034,-0.0203,0.17,-5.81,-176.53,1,1,0.0000,0.0000,0.3000,0.00,0.8200,0.3500,0.9200,6.00,180.00,0.850000,0.000000,0.000000,1.100000,0.000000,0.000000,1.200000,0.000000,0.000000,1.350000,0.000000,0.000000,0.850000,0.020000,0.000000,0.008000,0.000000,0.000600,0.008000,0.000000,0.000600,0.006000,0.000000,0.000000,1,1,1,492,245,430031,430031,255315,174716,0,60.00,7826,3194,421,0,0,0,7771,506.07,506.07,11,1459,0.0000,0.5330,0.4930,0.7900,0.5020
2026-04-27T17:52:49.136,8.219,1,0.70,4.20,2.98,-4.89,1,0.0093,-0.1761,-0.0755,-0.0842,-0.3128,-0.0187,-0.14,-1.81,46.29,50.95,493,493,1.00000,1.00000,1.00000,1.00000,3,3,1,10.60118,0.00371,1.07246,-0.0093,0.1761,0.3755,-0.0842,-0.3128,-0.0187,0.14,-5.85,-176.55,1,1,0.0000,0.0000,0.3000,0.00,0.8200,0.3500,0.9200,6.00,180.00,0.850000,0.000000,0.000000,1.100000,0.000000,0.000000,1.200000,0.000000,0.000000,1.350000,0.000000,0.000000,0.850000,0.020000,0.000000,0.008000,0.000000,0.000600,0.008000,0.000000,0.000600,0.006000,0.000000,0.000000,1,1,1,493,246,430031,430031,255315,174716,0,60.00,7826,3194,421,0,0,0,7771,506.07,506.07,11,1459,0.0000,0.5330,0.4930,0.7900,0.5020
2026-04-27T17:52:49.153,8.236,1,0.70,4.20,2.98,-4.89,1,0.0106,-0.1706,-0.0756,-0.0791,-0.3161,0.0000,-0.12,-1.24,64.08,57.30,494,494,1.00000,1.00000,1.00000,1.00000,3,3,1,10.62980,0.00378,1.07937,-0.0106,0.1706,0.3756,-0.0791,-0.3161,0.0000,0.12,-5.88,-176.65,1,1,0.0000,0.0000,0.3000,0.00,0.8200,0.3500,0.9200,6.00,180.00,0.850000,0.000000,0.000000,1.100000,0.000000,0.000000,1.200000,0.000000,0.000000,1.350000,0.000000,0.000000,0.850000,0.020000,0.000000,0.008000,0.000000,0.000600,0.008000,0.000000,0.000600,0.006000,0.000000,0.000000,1,1,1,494,241,430031,430031,255315,174716,0,60.00,7826,3194,421,0,0,0,7771,506.07,506.07,11,1459,0.0000,0.5330,0.4930,0.7900,0.5020
2026-04-27T17:52:49.170,8.252,1,0.80,3.50,0.95,-6.91,1,0.0119,-0.1653,-0.0752,-0.0821,-0.3285,-0.0212,-0.14,1.20,58.23,50.62,495,495,1.00000,1.00000,1.00000,1.00000,3,3,1,10.61684,0.00385,1.07976,-0.0119,0.1653,0.3752,-0.0821,-0.3285,-0.0212,0.14,-5.79,-176.91,1,1,0.0000,0.0000,0.3000,0.00,0.8200,0.3500,0.9200,6.00,180.00,0.850000,0.000000,0.000000,1.100000,0.000000,0.000000,1.200000,0.000000,0.000000,1.350000,0.000000,0.000000,0.850000,0.020000,0.000000,0.008000,0.000000,0.000600,0.008000,0.000000,0.000600,0.006000,0.000000,0.000000,1,1,1,495,246,430031,430031,255315,174716,0,60.00,7826,3194,421,0,0,0,7771,506.07,506.07,11,1459,0.0000,0.5330,0.4930,0.7900,0.5020
2026-04-27T17:52:49.186,8.269,1,0.80,3.50,0.95,-6.91,1,0.0133,-0.1592,-0.0745,-0.0797,-0.3363,-0.0287,-0.13,-0.60,63.81,59.34,496,496,1.00000,1.00000,1.00000,1.00000,3,3,1,10.68990,0.00358,1.07615,-0.0133,0.1592,0.3745,-0.0797,-0.3363,-0.0287,0.13,-5.90,-176.76,1,1,0.0000,0.0000,0.3000,0.00,0.8200,0.3500,0.9200,6.00,180.00,0.850000,0.000000,0.000000,1.100000,0.000000,0.000000,1.200000,0.000000,0.000000,1.350000,0.000000,0.000000,0.850000,0.020000,0.000000,0.008000,0.000000,0.000600,0.008000,0.000000,0.000600,0.006000,0.000000,0.000000,1,1,1,496,244,430031,430031,255315,174716,0,60.00,7826,3194,421,0,0,0,7771,506.07,506.07,11,1459,0.0000,0.5330,0.4930,0.7900,0.5020
2026-04-27T17:52:49.202,8.285,1,0.80,3.50,0.95,-6.91,1,0.0145,-0.1532,-0.0744,-0.0769,-0.3598,-0.0147,-0.19,3.58,56.81,60.80,497,497,1.00000,1.00000,1.00000,1.00000,3,3,1,10.88559,0.00378,1.08185,-0.0145,0.1532,0.3744,-0.0769,-0.3598,-0.0147,0.19,-5.81,-176.94,1,1,0.0000,0.0000,0.3000,0.00,0.8200,0.3500,0.9200,6.00,180.00,0.850000,0.000000,0.000000,1.100000,0.000000,0.000000,1.200000,0.000000,0.000000,1.350000,0.000000,0.000000,0.850000,0.020000,0.000000,0.008000,0.000000,0.000600,0.008000,0.000000,0.000600,0.006000,0.000000,0.000000,1,1,1,497,245,430031,430031,255315,174716,0,60.00,7826,3194,421,0,0,0,7771,506.07,506.07,11,1459,0.0000,0.5330,0.4930,0.7900,0.5020
2026-04-27T17:52:49.218,8.301,1,0.80,3.50,0.95,-6.91,1,0.0159,-0.1465,-0.0739,-0.0807,-0.3801,-0.0262,-0.11,-4.90,63.46,59.95,498,498,1.00000,1.00000,1.00000,1.00000,3,3,1,11.03325,0.00381,1.07559,-0.0159,0.1465,0.3739,-0.0807,-0.3801,-0.0262,0.11,-6.01,-176.73,1,1,0.0000,0.0000,0.3000,0.00,0.8200,0.3500,0.9200,6.00,180.00,0.850000,0.000000,0.000000,1.100000,0.000000,0.000000,1.200000,0.000000,0.000000,1.350000,0.000000,0.000000,0.850000,0.020000,0.000000,0.008000,0.000000,0.000600,0.008000,0.000000,0.000600,0.006000,0.000000,0.000000,1,1,1,498,242,430031,430031,255315,174716,0,60.00,7826,3194,421,0,0,0,7771,506.07,506.07,11,1459,0.0000,0.5330,0.4930,0.7900,0.5020
2026-04-27T17:52:49.236,8.319,1,0.80,3.50,0.95,-6.91,1,0.0170,-0.1401,-0.0735,-0.0724,-0.3763,-0.0234,-0.19,4.69,57.54,65.03,499,499,1.00000,1.00000,1.00000,1.00000,3,3,1,11.04852,0.00360,1.07344,-0.0170,0.1401,0.3735,-0.0724,-0.3763,-0.0234,0.19,-5.92,-176.71,1,1,0.0000,0.0000,0.3000,0.00,0.8200,0.3500,0.9200,6.00,180.00,0.850000,0.000000,0.000000,1.100000,0.000000,0.000000,1.200000,0.000000,0.000000,1.350000,0.000000,0.000000,0.850000,0.020000,0.000000,0.008000,0.000000,0.000600,0.008000,0.000000,0.000600,0.006000,0.000000,0.000000,1,1,1,499,245,430031,430031,255315,174716,0,60.00,7826,3194,421,0,0,0,7771,506.07,506.07,11,1459,0.0000,0.5330,0.4930,0.7900,0.5020
2026-04-27T17:52:49.253,8.336,1,0.80,3.50,0.95,-6.91,1,0.0182,-0.1335,-0.0731,-0.0708,-0.3866,-0.0246,-0.22,1.80,62.45,55.53,500,500,1.00000,1.00000,1.00000,1.00000,3,3,1,11.23812,0.00361,1.07992,-0.0182,0.1335,0.3731,-0.0708,-0.3866,-0.0246,0.22,-5.92,-176.86,1,1,0.0000,0.0000,0.3000,0.00,0.8200,0.3500,0.9200,6.00,180.00,0.850000,0.000000,0.000000,1.100000,0.000000,0.000000,1.200000,0.000000,0.000000,1.350000,0.000000,0.000000,0.850000,0.020000,0.000000,0.008000,0.000000,0.000600,0.008000,0.000000,0.000600,0.006000,0.000000,0.000000,1,1,1,500,246,430031,430031,255315,174716,0,60.00,7826,3194,421,0,0,0,7771,506.07,506.07,11,1459,0.0000,0.5330,0.4930,0.7900,0.5020
2026-04-27T17:52:49.272,8.354,1,0.80,3.20,0.00,-2.92,1,0.0196,-0.1268,-0.0725,-0.0739,-0.3712,-0.0269,-0.23,0.54,56.65,67.19,501,501,1.00000,1.00000,1.00000,1.00000,3,3,1,11.22162,0.00374,1.07851,-0.0196,0.1268,0.3725,-0.0739,-0.3712,-0.0269,0.23,-6.04,-176.97,1,1,0.0000,0.0000,0.3000,0.00,0.8200,0.3500,0.9200,6.00,180.00,0.850000,0.000000,0.000000,1.100000,0.000000,0.000000,1.200000,0.000000,0.000000,1.350000,0.000000,0.000000,0.850000,0.020000,0.000000,0.008000,0.000000,0.000600,0.008000,0.000000,0.000600,0.006000,0.000000,0.000000,1,1,1,501,245,430031,430031,255315,174716,0,60.00,7826,3194,421,0,0,0,7771,506.07,506.07,11,1459,0.0000,0.5330,0.4930,0.7900,0.5020
2026-04-27T17:52:49.288,8.371,1,0.80,3.20,0.00,-2.92,1,0.0208,-0.1195,-0.0722,-0.0708,-0.4110,-0.0231,-0.28,3.18,53.84,53.85,502,502,1.00000,1.00000,1.00000,1.00000,3,3,1,11.42981,0.00373,1.07211,-0.0208,0.1195,0.3722,-0.0708,-0.4110,-0.0231,0.28,-6.09,-177.04,1,1,0.0000,0.0000,0.3000,0.00,0.8200,0.3500,0.9200,6.00,180.00,0.850000,0.000000,0.000000,1.100000,0.000000,0.000000,1.200000,0.000000,0.000000,1.350000,0.000000,0.000000,0.850000,0.020000,0.000000,0.008000,0.000000,0.000600,0.008000,0.000000,0.000600,0.006000,0.000000,0.000000,1,1,1,502,246,430031,430031,255315,174716,0,60.00,7826,3194,421,0,0,0,7771,506.07,506.07,11,1459,0.0000,0.5330,0.4930,0.7900,0.5020
2026-04-27T17:52:49.301,8.383,1,0.80,3.20,0.00,-2.92,1,0.0222,-0.1127,-0.0722,-0.0801,-0.4254,-0.0106,-0.32,2.79,61.68,68.54,503,503,1.00000,1.00000,1.00000,1.00000,3,3,1,11.40513,0.00353,1.08144,-0.0222,0.1127,0.3722,-0.0801,-0.4254,-0.0106,0.32,-5.98,-177.21,1,1,0.0000,0.0000,0.3000,0.00,0.8200,0.3500,0.9200,6.00,180.00,0.850000,0.000000,0.000000,1.100000,0.000000,0.000000,1.200000,0.000000,0.000000,1.350000,0.000000,0.000000,0.850000,0.020000,0.000000,0.008000,0.000000,0.000600,0.008000,0.000000,0.000600,0.006000,0.000000,0.000000,1,1,1,503,245,430031,430031,255315,174716,0,60.00,7826,3194,421,0,0,0,7771,506.07,506.07,11,1459,0.0000,0.5330,0.4930,0.7900,0.5020
2026-04-27T17:52:49.320,8.403,1,0.80,3.20,0.00,-2.92,1,0.0233,-0.1052,-0.0720,-0.0682,-0.4298,-0.0136,-0.29,-1.57,84.58,161.46,504,504,1.00000,1.00000,1.00000,1.00000,3,3,1,11.69158,0.00373,1.07536,-0.0233,0.1052,0.3720,-0.0682,-0.4298,-0.0136,0.29,-5.89,-177.27,1,1,0.0000,0.0000,0.3000,0.00,0.8200,0.3500,0.9200,6.00,180.00,0.850000,0.000000,0.000000,1.100000,0.000000,0.000000,1.200000,0.000000,0.000000,1.350000,0.000000,0.000000,0.850000,0.020000,0.000000,0.008000,0.000000,0.000600,0.008000,0.000000,0.000600,0.006000,0.000000,0.000000,1,1,1,504,245,430031,430031,255315,174716,0,60.00,7826,3194,421,0,0,0,7771,506.07,506.07,11,1459,0.0000,0.5330,0.4930,0.7900,0.5020
2026-04-27T17:52:49.337,8.420,1,0.80,3.20,0.00,-2.92,1,0.0245,-0.0974,-0.0719,-0.0697,-0.4358,0.0000,-0.26,-1.81,50.70,39.63,505,505,1.00000,1.00000,1.00000,1.00000,3,3,1,11.74063,0.00372,1.07793,-0.0245,0.0974,0.3719,-0.0697,-0.4358,0.0000,0.26,-5.97,-177.22,1,1,0.0000,0.0000,0.3000,0.00,0.8200,0.3500,0.9200,6.00,180.00,0.850000,0.000000,0.000000,1.100000,0.000000,0.000000,1.200000,0.000000,0.000000,1.350000,0.000000,0.000000,0.850000,0.020000,0.000000,0.008000,0.000000,0.000600,0.008000,0.000000,0.000600,0.006000,0.000000,0.000000,1,1,1,505,240,430031,430031,255315,174716,0,60.00,7826,3194,421,0,0,0,7771,506.07,506.07,11,1459,0.0000,0.5330,0.4930,0.7900,0.5020
2026-04-27T17:52:49.355,8.438,1,0.80,3.20,0.00,-2.92,1,0.0256,-0.0899,-0.0719,-0.0641,-0.4288,0.0000,-0.27,0.56,55.81,46.64,506,506,1.00000,1.00000,1.00000,1.00000,3,3,1,11.88103,0.00373,1.07979,-0.0256,0.0899,0.3719,-0.0641,-0.4288,0.0000,0.27,-5.73,-177.41,1,1,0.0000,0.0000,0.3000,0.00,0.8200,0.3500,0.9200,6.00,180.00,0.850000,0.000000,0.000000,1.100000,0.000000,0.000000,1.200000,0.000000,0.000000,1.350000,0.000000,0.000000,0.850000,0.020000,0.000000,0.008000,0.000000,0.000600,0.008000,0.000000,0.000600,0.006000,0.000000,0.000000,1,1,1,506,240,430031,430031,255315,174716,0,60.00,7826,3194,421,0,0,0,7771,506.07,506.07,11,1459,0.0000,0.5330,0.4930,0.7900,0.5020
2026-04-27T17:52:49.370,8.453,1,0.80,3.20,0.00,-2.92,1,0.0269,-0.0823,-0.0718,-0.0800,-0.4816,0.0000,-0.32,3.44,56.20,63.33,507,507,1.00000,1.00000,1.00000,1.00000,3,3,1,12.09721,0.00347,1.07797,-0.0269,0.0823,0.3718,-0.0800,-0.4816,0.0000,0.32,-5.85,-177.55,1,1,0.0000,0.0000,0.3000,0.00,0.8200,0.3500,0.9200,6.00,180.00,0.850000,0.000000,0.000000,1.100000,0.000000,0.000000,1.200000,0.000000,0.000000,1.350000,0.000000,0.000000,0.850000,0.020000,0.000000,0.008000,0.000000,0.000600,0.008000,0.000000,0.000600,0.006000,0.000000,0.000000,1,1,1,507,240,430031,430031,255315,174716,0,60.00,7826,3194,421,0,0,0,7771,506.07,506.07,11,1459,0.0000,0.5330,0.4930,0.7900,0.5020
2026-04-27T17:52:49.389,8.472,1,1.00,2.70,1.99,-4.94,1,0.0283,-0.0739,-0.0718,-0.0747,-0.4646,0.0000,-0.48,8.12,71.84,84.71,508,508,1.00000,1.00000,1.00000,1.00000,3,3,1,12.13755,0.00360,1.07843,-0.0283,0.0739,0.3718,-0.0747,-0.4646,0.0000,0.48,-5.91,-177.52,1,1,0.0000,0.0000,0.3000,0.00,0.8200,0.3500,0.9200,6.00,180.00,0.850000,0.000000,0.000000,1.100000,0.000000,0.000000,1.200000,0.000000,0.000000,1.350000,0.000000,0.000000,0.850000,0.020000,0.000000,0.008000,0.000000,0.000600,0.008000,0.000000,0.000600,0.006000,0.000000,0.000000,1,1,1,508,241,430031,430031,255315,174716,0,60.00,7826,3194,421,0,0,0,7771,506.07,506.07,11,1459,0.0000,0.5330,0.4930,0.7900,0.5020
2026-04-27T17:52:49.404,8.487,1,1.00,2.70,1.99,-4.94,1,0.0295,-0.0663,-0.0716,-0.0742,-0.4706,0.0000,-0.49,0.68,49.22,44.61,509,509,1.00000,1.00000,1.00000,1.00000,3,3,1,12.39307,0.00382,1.08199,-0.0295,0.0663,0.3716,-0.0742,-0.4706,0.0000,0.49,-6.06,-177.75,1,1,0.0000,0.0000,0.3000,0.00,0.8200,0.3500,0.9200,6.00,180.00,0.850000,0.000000,0.000000,1.100000,0.000000,0.000000,1.200000,0.000000,0.000000,1.350000,0.000000,0.000000,0.850000,0.020000,0.000000,0.008000,0.000000,0.000600,0.008000,0.000000,0.000600,0.006000,0.000000,0.000000,1,1,1,509,241,430031,430031,255315,174716,0,60.00,7826,3194,421,0,0,0,7771,506.07,506.07,11,1459,0.0000,0.5330,0.4930,0.7900,0.5020
2026-04-27T17:52:49.420,8.503,1,1.00,2.70,1.99,-4.94,1,0.0307,-0.0581,-0.0719,-0.0728,-0.4857,0.0000,-0.58,5.44,67.91,81.91,510,510,1.00000,1.00000,1.00000,1.00000,3,3,1,12.40644,0.00363,1.08539,-0.0307,0.0581,0.3719,-0.0728,-0.4857,0.0000,0.58,-6.03,-178.04,1,1,0.0000,0.0000,0.3000,0.00,0.8200,0.3500,0.9200,6.00,180.00,0.850000,0.000000,0.000000,1.100000,0.000000,0.000000,1.200000,0.000000,0.000000,1.350000,0.000000,0.000000,0.850000,0.020000,0.000000,0.008000,0.000000,0.000600,0.008000,0.000000,0.000600,0.006000,0.000000,0.000000,1,1,1,510,241,430031,430031,255315,174716,0,60.00,7826,3194,421,0,0,0,7771,506.07,506.07,11,1459,0.0000,0.5330,0.4930,0.7900,0.5020
2026-04-27T17:52:49.436,8.519,1,1.00,2.70,1.99,-4.94,1,0.0319,-0.0498,-0.0718,-0.0752,-0.5265,0.0000,-0.65,4.74,60.41,49.58,511,511,1.00000,1.00000,1.00000,1.00000,3,3,1,12.58508,0.00362,1.08339,-0.0319,0.0498,0.3718,-0.0752,-0.5265,0.0000,0.65,-6.02,-178.17,1,1,0.0000,0.0000,0.3000,0.00,0.8200,0.3500,0.9200,6.00,180.00,0.850000,0.000000,0.000000,1.100000,0.000000,0.000000,1.200000,0.000000,0.000000,1.350000,0.000000,0.000000,0.850000,0.020000,0.000000,0.008000,0.000000,0.000600,0.008000,0.000000,0.000600,0.006000,0.000000,0.000000,1,1,1,511,240,430031,430031,255315,174716,0,60.00,7826,3194,421,0,0,0,7771,506.07,506.07,11,1459,0.0000,0.5330,0.4930,0.7900,0.5020
2026-04-27T17:52:49.452,8.535,1,1.00,2.70,1.99,-4.94,1,0.0328,-0.0410,-0.0718,-0.0618,-0.5069,0.0000,-0.75,5.57,65.47,57.07,512,512,1.00000,1.00000,1.00000,1.00000,3,3,1,12.80946,0.00351,1.08243,-0.0328,0.0410,0.3718,-0.0618,-0.5069,0.0000,0.75,-5.76,-178.29,1,1,0.0000,0.0000,0.3000,0.00,0.8200,0.3500,0.9200,6.00,180.00,0.850000,0.000000,0.000000,1.100000,0.000000,0.000000,1.200000,0.000000,0.000000,1.350000,0.000000,0.000000,0.850000,0.020000,0.000000,0.008000,0.000000,0.000600,0.008000,0.000000,0.000600,0.006000,0.000000,0.000000,1,1,1,512,241,430031,430031,255315,174716,0,60.00,7826,3194,421,0,0,0,7771,506.07,506.07,11,1459,0.0000,0.5330,0.4930,0.7900,0.5020
2026-04-27T17:52:49.470,8.553,1,1.29,1.80,2.89,-8.73,1,0.0338,-0.0325,-0.0717,-0.0625,-0.5135,0.0000,-0.83,4.88,64.73,196.64,513,513,1.00000,1.00000,1.00000,1.00000,3,3,1,13.08333,0.00371,1.07870,-0.0338,0.0325,0.3717,-0.0625,-0.5135,0.0000,0.83,-5.62,-178.32,1,1,0.0000,0.0000,0.3000,0.00,0.8200,0.3500,0.9200,6.00,180.00,0.850000,0.000000,0.000000,1.100000,0.000000,0.000000,1.200000,0.000000,0.000000,1.350000,0.000000,0.000000,0.850000,0.020000,0.000000,0.008000,0.000000,0.000600,0.008000,0.000000,0.000600,0.006000,0.000000,0.000000,1,1,1,513,241,430031,430031,255315,174716,0,60.00,7826,3194,511,0,0,0,7861,500.00,500.00,12,1664,0.0000,0.4560,0.5090,0.7870,0.5020
2026-04-27T17:52:49.485,8.568,1,1.29,1.80,2.89,-8.73,1,0.0352,-0.0241,-0.0716,-0.0749,-0.5280,0.0000,-0.73,-6.00,54.34,36.62,514,514,1.00000,1.00000,1.00000,1.00000,3,3,1,13.28394,0.00382,1.07787,-0.0352,0.0241,0.3716,-0.0749,-0.5280,0.0000,0.73,-5.87,-178.38,1,1,0.0000,0.0000,0.3000,0.00,0.8200,0.3500,0.9200,6.00,180.00,0.850000,0.000000,0.000000,1.100000,0.000000,0.000000,1.200000,0.000000,0.000000,1.350000,0.000000,0.000000,0.850000,0.020000,0.000000,0.008000,0.000000,0.000600,0.008000,0.000000,0.000600,0.006000,0.000000,0.000000,1,1,1,514,241,430031,430031,255315,174716,0,60.00,7826,3194,511,0,0,0,7861,500.00,500.00,12,1664,0.0000,0.4560,0.5090,0.7870,0.5020
2026-04-27T17:52:49.502,8.585,1,1.29,1.80,2.89,-8.73,1,0.0365,-0.0155,-0.0713,-0.0733,-0.5174,-0.0102,-0.75,1.19,68.19,115.77,515,515,1.00000,1.00000,1.00000,1.00000,3,3,1,13.44369,0.00380,1.07969,-0.0365,0.0155,0.3713,-0.0733,-0.5174,-0.0102,0.75,-6.07,-178.62,1,1,0.0000,0.0000,0.3000,0.00,0.8200,0.3500,0.9200,6.00,180.00,0.850000,0.000000,0.000000,1.100000,0.000000,0.000000,1.200000,0.000000,0.000000,1.350000,0.000000,0.000000,0.850000,0.020000,0.000000,0.008000,0.000000,0.000600,0.008000,0.000000,0.000600,0.006000,0.000000,0.000000,1,1,1,515,245,430031,430031,255315,174716,0,60.00,7826,3194,511,0,0,0,7861,500.00,500.00,12,1664,0.0000,0.4560,0.5090,0.7870,0.5020
2026-04-27T17:52:49.519,8.602,1,1.29,1.80,2.89,-8.73,1,0.0378,-0.0068,-0.0712,-0.0751,-0.5113,0.0000,-0.83,4.79,54.84,56.96,516,516,1.00000,1.00000,1.00000,1.00000,3,3,1,13.59104,0.00373,1.08113,-0.0378,0.0068,0.3712,-0.0751,-0.5113,0.0000,0.83,-6.33,-178.83,1,1,0.0000,0.0000,0.3000,0.00,0.8200,0.3500,0.9200,6.00,180.00,0.850000,0.000000,0.000000,1.100000,0.000000,0.000000,1.200000,0.000000,0.000000,1.350000,0.000000,0.000000,0.850000,0.020000,0.000000,0.008000,0.000000,0.000600,0.008000,0.000000,0.000600,0.006000,0.000000,0.000000,1,1,1,516,241,430031,430031,255315,174716,0,60.00,7826,3194,511,0,0,0,7861,500.00,500.00,12,1664,0.0000,0.4560,0.5090,0.7870,0.5020
2026-04-27T17:52:49.536,8.619,1,1.29,1.80,2.89,-8.73,1,0.0388,0.0022,-0.0712,-0.0655,-0.5311,0.0000,-0.84,0.61,59.72,42.34,517,517,1.00000,1.00000,1.00000,1.00000,3,3,1,13.78589,0.00378,1.08019,-0.0388,-0.0022,0.3712,-0.0655,-0.5311,0.0000,0.84,-6.38,-178.96,1,1,0.0000,0.0000,0.3000,0.00,0.8200,0.3500,0.9200,6.00,180.00,0.850000,0.000000,0.000000,1.100000,0.000000,0.000000,1.200000,0.000000,0.000000,1.350000,0.000000,0.000000,0.850000,0.020000,0.000000,0.008000,0.000000,0.000600,0.008000,0.000000,0.000600,0.006000,0.000000,0.000000,1,1,1,517,242,430031,430031,255315,174716,0,60.00,7826,3194,511,0,0,0,7861,500.00,500.00,12,1664,0.0000,0.4560,0.5090,0.7870,0.5020
2026-04-27T17:52:49.549,8.632,1,1.29,1.80,2.89,-8.73,1,0.0397,0.0110,-0.0713,-0.0648,-0.5675,0.0000,-0.96,8.87,59.07,56.41,518,518,1.00000,1.00000,1.00000,1.00000,3,3,1,14.03554,0.00340,1.07657,-0.0397,-0.0110,0.3713,-0.0648,-0.5675,0.0000,0.96,-6.10,-179.06,1,1,0.0000,0.0000,0.3000,0.00,0.8200,0.3500,0.9200,6.00,180.00,0.850000,0.000000,0.000000,1.100000,0.000000,0.000000,1.200000,0.000000,0.000000,1.350000,0.000000,0.000000,0.850000,0.020000,0.000000,0.008000,0.000000,0.000600,0.008000,0.000000,0.000600,0.006000,0.000000,0.000000,1,1,1,518,240,430031,430031,255315,174716,0,60.00,7826,3194,511,0,0,0,7861,500.00,500.00,12,1664,0.0000,0.4560,0.5090,0.7870,0.5020
2026-04-27T17:52:49.568,8.651,1,1.29,0.70,0.00,-10.89,1,0.0410,0.0207,-0.0713,-0.0650,-0.5369,0.0000,-0.97,0.51,86.97,613.11,519,519,1.00000,1.00000,1.00000,1.00000,3,3,1,14.30930,0.00370,1.07985,-0.0410,-0.0207,0.3713,-0.0650,-0.5369,0.0000,0.97,-6.21,-179.14,1,1,0.0000,0.0000,0.3000,0.00,0.8200,0.3500,0.9200,6.00,180.00,0.850000,0.000000,0.000000,1.100000,0.000000,0.000000,1.200000,0.000000,0.000000,1.350000,0.000000,0.000000,0.850000,0.020000,0.000000,0.008000,0.000000,0.000600,0.008000,0.000000,0.000600,0.006000,0.000000,0.000000,1,1,1,519,242,430031,430031,255315,174716,0,60.00,7826,3194,511,0,0,0,7861,500.00,500.00,12,1664,0.0000,0.4560,0.5090,0.7870,0.5020
2026-04-27T17:52:49.586,8.669,1,1.29,0.70,0.00,-10.89,1,0.0421,0.0295,-0.0712,-0.0657,-0.5443,0.0000,-1.01,2.40,51.12,38.20,520,520,1.00000,1.00000,1.00000,1.00000,3,3,1,14.42788,0.00350,1.08098,-0.0421,-0.0295,0.3712,-0.0657,-0.5443,0.0000,1.01,-6.17,-179.32,1,1,0.0000,0.0000,0.3000,0.00,0.8200,0.3500,0.9200,6.00,180.00,0.850000,0.000000,0.000000,1.100000,0.000000,0.000000,1.200000,0.000000,0.000000,1.350000,0.000000,0.000000,0.850000,0.020000,0.000000,0.008000,0.000000,0.000600,0.008000,0.000000,0.000600,0.006000,0.000000,0.000000,1,1,1,520,242,430031,430031,255315,174716,0,60.00,7826,3194,511,0,0,0,7861,500.00,500.00,12,1664,0.0000,0.4560,0.5090,0.7870,0.5020
2026-04-27T17:52:49.602,8.685,1,1.29,0.70,0.00,-10.89,1,0.0434,0.0385,-0.0711,-0.0704,-0.5382,0.0000,-0.85,-9.24,53.56,73.28,521,521,1.00000,1.00000,1.00000,1.00000,3,3,1,14.79714,0.00381,1.08224,-0.0434,-0.0385,0.3711,-0.0704,-0.5382,0.0000,0.85,-6.42,-179.50,1,1,0.0000,0.0000,0.3000,0.00,0.8200,0.3500,0.9200,6.00,180.00,0.850000,0.000000,0.000000,1.100000,0.000000,0.000000,1.200000,0.000000,0.000000,1.350000,0.000000,0.000000,0.850000,0.020000,0.000000,0.008000,0.000000,0.000600,0.008000,0.000000,0.000600,0.006000,0.000000,0.000000,1,1,1,521,240,430031,430031,255315,174716,0,60.00,7826,3194,511,0,0,0,7861,500.00,500.00,12,1664,0.0000,0.4560,0.5090,0.7870,0.5020
2026-04-27T17:52:49.618,8.701,1,1.29,0.70,0.00,-10.89,1,0.0442,0.0473,-0.0711,-0.0588,-0.5581,0.0000,-1.01,9.86,59.99,51.46,522,522,1.00000,1.00000,1.00000,1.00000,3,3,1,15.12577,0.00371,1.08132,-0.0442,-0.0473,0.3711,-0.0588,-0.5581,0.0000,1.01,-6.15,-179.72,1,1,0.0000,0.0000,0.3000,0.00,0.8200,0.3500,0.9200,6.00,180.00,0.850000,0.000000,0.000000,1.100000,0.000000,0.000000,1.200000,0.000000,0.000000,1.350000,0.000000,0.000000,0.850000,0.020000,0.000000,0.008000,0.000000,0.000600,0.008000,0.000000,0.000600,0.006000,0.000000,0.000000,1,1,1,522,242,430031,430031,255315,174716,0,60.00,7826,3194,511,0,0,0,7861,500.00,500.00,12,1664,0.0000,0.4560,0.5090,0.7870,0.5020
2026-04-27T17:52:49.636,8.719,1,1.29,0.70,0.00,-10.89,1,0.0454,0.0567,-0.0709,-0.0634,-0.5422,0.0000,-0.97,-2.33,62.96,47.68,523,523,1.00000,1.00000,1.00000,1.00000,3,3,1,15.37766,0.00385,1.08206,-0.0454,-0.0567,0.3709,-0.0634,-0.5422,0.0000,0.97,-6.25,-179.98,1,1,0.0000,0.0000,0.3000,0.00,0.8200,0.3500,0.9200,6.00,180.00,0.850000,0.000000,0.000000,1.100000,0.000000,0.000000,1.200000,0.000000,0.000000,1.350000,0.000000,0.000000,0.850000,0.020000,0.000000,0.008000,0.000000,0.000600,0.008000,0.000000,0.000600,0.006000,0.000000,0.000000,1,1,1,523,242,430031,430031,255315,174716,0,60.00,7826,3194,511,0,0,0,7861,500.00,500.00,12,1664,0.0000,0.4560,0.5090,0.7870,0.5020
2026-04-27T17:52:49.649,8.732,1,1.29,0.70,0.00,-10.89,1,0.0461,0.0656,-0.0709,-0.0540,-0.5722,0.0000,-1.06,6.63,58.27,56.00,524,524,1.00000,1.00000,1.00000,1.00000,3,3,1,15.68468,0.00367,1.08001,-0.0461,-0.0656,0.3709,-0.0540,-0.5722,0.0000,1.06,-6.08,179.77,1,1,0.0000,0.0000,0.3000,0.00,0.8200,0.3500,0.9200,6.00,180.00,0.850000,0.000000,0.000000,1.100000,0.000000,0.000000,1.200000,0.000000,0.000000,1.350000,0.000000,0.000000,0.850000,0.020000,0.000000,0.008000,0.000000,0.000600,0.008000,0.000000,0.000600,0.006000,0.000000,0.000000,1,1,1,524,241,430031,430031,255315,174716,0,60.00,7826,3194,511,0,0,0,7861,500.00,500.00,12,1664,0.0000,0.4560,0.5090,0.7870,0.5020
2026-04-27T17:52:49.670,8.753,1,1.50,-0.60,1.99,-12.82,1,0.0472,0.0753,-0.0707,-0.0568,-0.5366,0.0000,-1.14,3.99,79.59,412.95,525,525,1.00000,1.00000,1.00000,1.00000,3,3,1,15.98849,0.00361,1.08158,-0.0472,-0.0753,0.3707,-0.0568,-0.5366,0.0000,1.14,-6.19,179.51,1,1,0.0000,0.0000,0.3000,0.00,0.8200,0.3500,0.9200,6.00,180.00,0.850000,0.000000,0.000000,1.100000,0.000000,0.000000,1.200000,0.000000,0.000000,1.350000,0.000000,0.000000,0.850000,0.020000,0.000000,0.008000,0.000000,0.000600,0.008000,0.000000,0.000600,0.006000,0.000000,0.000000,1,1,1,525,241,430031,430031,255315,174716,0,60.00,7826,3194,511,0,0,0,7861,500.00,500.00,12,1664,0.0000,0.4560,0.5090,0.7870,0.5020
2026-04-27T17:52:49.686,8.769,1,1.50,-0.60,1.99,-12.82,1,0.0482,0.0836,-0.0706,-0.0625,-0.5582,0.0000,-1.19,3.14,45.71,38.61,526,526,1.00000,1.00000,1.00000,1.00000,3,3,1,16.27492,0.00375,1.08549,-0.0482,-0.0836,0.3706,-0.0625,-0.5582,0.0000,1.19,-6.36,179.09,1,1,0.0000,0.0000,0.3000,0.00,0.8200,0.3500,0.9200,6.00,180.00,0.850000,0.000000,0.000000,1.100000,0.000000,0.000000,1.200000,0.000000,0.000000,1.350000,0.000000,0.000000,0.850000,0.020000,0.000000,0.008000,0.000000,0.000600,0.008000,0.000000,0.000600,0.006000,0.000000,0.000000,1,1,1,526,241,430031,430031,255315,174716,0,60.00,7826,3194,511,0,0,0,7861,500.00,500.00,12,1664,0.0000,0.4560,0.5090,0.7870,0.5020
2026-04-27T17:52:49.705,8.788,1,1.50,-0.60,1.99,-12.82,1,0.0491,0.0933,-0.0704,-0.0523,-0.5359,0.0000,-1.23,2.14,62.06,60.05,527,527,1.00000,1.00000,1.00000,1.00000,3,3,1,16.56739,0.00375,1.08140,-0.0491,-0.0933,0.3704,-0.0523,-0.5359,0.0000,1.23,-6.43,178.93,1,1,0.0000,0.0000,0.3000,0.00,0.8200,0.3500,0.9200,6.00,180.00,0.850000,0.000000,0.000000,1.100000,0.000000,0.000000,1.200000,0.000000,0.000000,1.350000,0.000000,0.000000,0.850000,0.020000,0.000000,0.008000,0.000000,0.000600,0.008000,0.000000,0.000600,0.006000,0.000000,0.000000,1,1,1,527,240,430031,430031,255315,174716,0,60.00,7826,3194,511,0,0,0,7861,500.00,500.00,12,1664,0.0000,0.4560,0.5090,0.7870,0.5020
2026-04-27T17:52:49.723,8.805,1,1.50,-0.60,1.99,-12.82,1,0.0499,0.1021,-0.0705,-0.0476,-0.5238,0.0000,-1.21,-1.13,53.61,46.67,528,528,1.00000,1.00000,1.00000,1.00000,3,3,1,16.83407,0.00369,1.08474,-0.0499,-0.1021,0.3705,-0.0476,-0.5238,0.0000,1.21,-6.44,178.66,1,1,0.0000,0.0000,0.3000,0.00,0.8200,0.3500,0.9200,6.00,180.00,0.850000,0.000000,0.000000,1.100000,0.000000,0.000000,1.200000,0.000000,0.000000,1.350000,0.000000,0.000000,0.850000,0.020000,0.000000,0.008000,0.000000,0.000600,0.008000,0.000000,0.000600,0.006000,0.000000,0.000000,1,1,1,528,239,430031,430031,255315,174716,0,60.00,7826,3194,511,0,0,0,7861,500.00,500.00,12,1664,0.0000,0.4560,0.5090,0.7870,0.5020
2026-04-27T17:52:49.735,8.818,1,1.50,-0.60,1.99,-12.82,1,0.0508,0.1107,-0.0702,-0.0559,-0.5658,-0.0121,-1.34,9.33,56.61,59.13,529,529,1.00000,1.00000,1.00000,1.00000,3,3,1,17.22596,0.00388,1.08727,-0.0508,-0.1107,0.3702,-0.0559,-0.5658,-0.0121,1.34,-6.52,178.39,1,1,0.0000,0.0000,0.3000,0.00,0.8200,0.3500,0.9200,6.00,180.00,0.850000,0.000000,0.000000,1.100000,0.000000,0.000000,1.200000,0.000000,0.000000,1.350000,0.000000,0.000000,0.850000,0.020000,0.000000,0.008000,0.000000,0.000600,0.008000,0.000000,0.000600,0.006000,0.000000,0.000000,1,1,1,529,245,430031,430031,255315,174716,0,60.00,7826,3194,511,0,0,0,7861,500.00,500.00,12,1664,0.0000,0.4560,0.5090,0.7870,0.5020
2026-04-27T17:52:49.754,8.837,1,1.50,-0.60,1.99,-12.82,1,0.0516,0.1199,-0.0702,-0.0506,-0.5391,0.0000,-1.40,3.30,83.84,114.04,530,530,1.00000,1.00000,1.00000,1.00000,3,3,1,17.59609,0.00369,1.08460,-0.0516,-0.1199,0.3702,-0.0506,-0.5391,0.0000,1.40,-6.50,178.08,1,1,0.0000,0.0000,0.3000,0.00,0.8200,0.3500,0.9200,6.00,180.00,0.850000,0.000000,0.000000,1.100000,0.000000,0.000000,1.200000,0.000000,0.000000,1.350000,0.000000,0.000000,0.850000,0.020000,0.000000,0.008000,0.000000,0.000600,0.008000,0.000000,0.000600,0.006000,0.000000,0.000000,1,1,1,530,237,430031,430031,255315,174716,0,60.00,7826,3194,511,0,0,0,7861,500.00,500.00,12,1664,0.0000,0.4560,0.5090,0.7870,0.5020
2026-04-27T17:52:49.773,8.856,1,1.70,-2.30,1.95,-16.52,1,0.0521,0.1288,-0.0704,-0.0382,-0.5227,0.0000,-1.37,-1.67,49.55,59.67,531,531,1.00000,1.00000,1.00000,1.00000,3,3,1,17.90452,0.00365,1.08266,-0.0521,-0.1288,0.3704,-0.0382,-0.5227,0.0000,1.37,-6.26,177.81,1,1,0.0000,0.0000,0.3000,0.00,0.8200,0.3500,0.9200,6.00,180.00,0.850000,0.000000,0.000000,1.100000,0.000000,0.000000,1.200000,0.000000,0.000000,1.350000,0.000000,0.000000,0.850000,0.020000,0.000000,0.008000,0.000000,0.000600,0.008000,0.000000,0.000600,0.006000,0.000000,0.000000,1,1,1,531,240,430031,430031,255315,174716,0,60.00,7826,3194,511,0,0,0,7861,500.00,500.00,12,1664,0.0000,0.4560,0.5090,0.7870,0.5020
2026-04-27T17:52:49.787,8.870,1,1.70,-2.30,1.95,-16.52,1,0.0529,0.1372,-0.0703,-0.0444,-0.5362,0.0000,-1.44,4.79,58.69,45.38,532,532,1.00000,1.00000,1.00000,1.00000,3,3,1,18.32300,0.00377,1.08631,-0.0529,-0.1372,0.3703,-0.0444,-0.5362,0.0000,1.44,-6.12,177.42,1,1,0.0000,0.0000,0.3000,0.00,0.8200,0.3500,0.9200,6.00,180.00,0.850000,0.000000,0.000000,1.100000,0.000000,0.000000,1.200000,0.000000,0.000000,1.350000,0.000000,0.000000,0.850000,0.020000,0.000000,0.008000,0.000000,0.000600,0.008000,0.000000,0.000600,0.006000,0.000000,0.000000,1,1,1,532,240,430031,430031,255315,174716,0,60.00,7826,3194,511,0,0,0,7861,500.00,500.00,12,1664,0.0000,0.4560,0.5090,0.7870,0.5020
2026-04-27T17:52:49.801,8.884,1,1.70,-2.30,1.95,-16.52,1,0.0535,0.1460,-0.0702,-0.0408,-0.5526,0.0000,-1.49,3.44,64.60,53.17,533,533,1.00000,1.00000,1.00000,1.00000,3,3,1,18.68609,0.00384,1.08437,-0.0535,-0.1460,0.3702,-0.0408,-0.5526,0.0000,1.49,-6.17,177.14,1,1,0.0000,0.0000,0.3000,0.00,0.8200,0.3500,0.9200,6.00,180.00,0.850000,0.000000,0.000000,1.100000,0.000000,0.000000,1.200000,0.000000,0.000000,1.350000,0.000000,0.000000,0.850000,0.020000,0.000000,0.008000,0.000000,0.000600,0.008000,0.000000,0.000600,0.006000,0.000000,0.000000,1,1,1,533,240,430031,430031,255315,174716,0,60.00,7826,3194,511,0,0,0,7861,500.00,500.00,12,1664,0.0000,0.4560,0.5090,0.7870,0.5020
2026-04-27T17:52:49.814,8.897,1,1.70,-2.30,1.95,-16.52,1,0.0541,0.1542,-0.0701,-0.0421,-0.5753,0.0000,-1.45,-2.91,66.31,147.97,534,534,1.00000,1.00000,1.00000,1.00000,3,3,1,19.01605,0.00389,1.08474,-0.0541,-0.1542,0.3701,-0.0421,-0.5753,0.0000,1.45,-6.24,176.87,1,1,0.0000,0.0000,0.3000,0.00,0.8200,0.3500,0.9200,6.00,180.00,0.850000,0.000000,0.000000,1.100000,0.000000,0.000000,1.200000,0.000000,0.000000,1.350000,0.000000,0.000000,0.850000,0.020000,0.000000,0.008000,0.000000,0.000600,0.008000,0.000000,0.000600,0.006000,0.000000,0.000000,1,1,1,534,240,430031,430031,255315,174716,0,60.00,7826,3194,511,0,0,0,7861,500.00,500.00,12,1664,0.0000,0.4560,0.5090,0.7870,0.5020
2026-04-27T17:52:49.833,8.916,1,1.70,-2.30,1.95,-16.52,1,0.0547,0.1630,-0.0699,-0.0364,-0.5173,0.0000,-1.44,-0.54,89.27,45.98,535,535,1.00000,1.00000,1.00000,1.00000,3,3,1,19.29252,0.00384,1.08477,-0.0547,-0.1630,0.3699,-0.0364,-0.5173,0.0000,1.44,-6.37,176.56,1,1,0.0000,0.0000,0.3000,0.00,0.8200,0.3500,0.9200,6.00,180.00,0.850000,0.000000,0.000000,1.100000,0.000000,0.000000,1.200000,0.000000,0.000000,1.350000,0.000000,0.000000,0.850000,0.020000,0.000000,0.008000,0.000000,0.000600,0.008000,0.000000,0.000600,0.006000,0.000000,0.000000,1,1,1,535,240,430031,430031,255315,174716,0,60.00,7826,3194,511,0,0,0,7861,500.00,500.00,12,1664,0.0000,0.4560,0.5090,0.7870,0.5020
2026-04-27T17:52:49.850,8.933,1,1.70,-2.30,1.95,-16.52,1,0.0551,0.1711,-0.0699,-0.0287,-0.5118,0.0000,-1.51,4.20,53.55,46.71,536,536,1.00000,1.00000,1.00000,1.00000,3,3,1,19.71394,0.00367,1.08671,-0.0551,-0.1711,0.3699,-0.0287,-0.5118,0.0000,1.51,-6.27,176.40,1,1,0.0000,0.0000,0.3000,0.00,0.8200,0.3500,0.9200,6.00,180.00,0.850000,0.000000,0.000000,1.100000,0.000000,0.000000,1.200000,0.000000,0.000000,1.350000,0.000000,0.000000,0.850000,0.020000,0.000000,0.008000,0.000000,0.000600,0.008000,0.000000,0.000600,0.006000,0.000000,0.000000,1,1,1,536,239,430031,430031,255315,174716,0,60.00,7826,3194,511,0,0,0,7861,500.00,500.00,12,1664,0.0000,0.4560,0.5090,0.7870,0.5020
2026-04-27T17:52:49.865,8.948,1,1.70,-2.30,1.95,-16.52,1,0.0555,0.1789,-0.0701,-0.0299,-0.5256,0.0000,-1.52,0.67,60.07,57.90,537,537,1.00000,1.00000,1.00000,1.00000,3,3,1,20.09975,0.00382,1.08737,-0.0555,-0.1789,0.3701,-0.0299,-0.5256,0.0000,1.52,-6.30,176.04,1,1,0.0000,0.0000,0.3000,0.00,0.8200,0.3500,0.9200,6.00,180.00,0.850000,0.000000,0.000000,1.100000,0.000000,0.000000,1.200000,0.000000,0.000000,1.350000,0.000000,0.000000,0.850000,0.020000,0.000000,0.008000,0.000000,0.000600,0.008000,0.000000,0.000600,0.006000,0.000000,0.000000,1,1,1,537,238,430091,430091,255375,174716,0,60.00,7886,3190,511,0,0,0,7861,500.00,500.00,12,1664,0.0000,0.4560,0.5090,0.7870,0.5020
2026-04-27T17:52:49.886,8.969,1,1.70,-2.30,1.95,-16.52,1,0.0560,0.1869,-0.0699,-0.0265,-0.4736,0.0000,-1.57,2.57,67.04,68.83,538,538,1.00000,1.00000,1.00000,1.00000,3,3,1,20.44530,0.00382,1.08522,-0.0560,-0.1869,0.3699,-0.0265,-0.4736,0.0000,1.57,-6.27,175.63,1,1,0.0000,0.0000,0.3000,0.00,0.8200,0.3500,0.9200,6.00,180.00,0.850000,0.000000,0.000000,1.100000,0.000000,0.000000,1.200000,0.000000,0.000000,1.350000,0.000000,0.000000,0.850000,0.020000,0.000000,0.008000,0.000000,0.000600,0.008000,0.000000,0.000600,0.006000,0.000000,0.000000,1,1,1,538,240,430091,430091,255375,174716,0,60.00,7886,3190,511,0,0,0,7861,500.00,500.00,12,1664,0.0000,0.4560,0.5090,0.7870,0.5020
2026-04-27T17:52:49.903,8.986,1,1.70,-2.30,1.95,-16.52,1,0.0563,0.1944,-0.0700,-0.0208,-0.4596,0.0000,-1.61,2.15,46.61,67.07,539,539,1.00000,1.00000,1.00000,1.00000,3,3,1,20.84155,0.00385,1.08761,-0.0563,-0.1944,0.3700,-0.0208,-0.4596,0.0000,1.61,-6.25,175.31,1,1,0.0000,0.0000,0.3000,0.00,0.8200,0.3500,0.9200,6.00,180.00,0.850000,0.000000,0.000000,1.100000,0.000000,0.000000,1.200000,0.000000,0.000000,1.350000,0.000000,0.000000,0.850000,0.020000,0.000000,0.008000,0.000000,0.000600,0.008000,0.000000,0.000600,0.006000,0.000000,0.000000,1,1,1,539,239,430091,430091,255375,174716,0,60.00,7886,3190,511,0,0,0,7861,500.00,500.00,12,1664,0.0000,0.4560,0.5090,0.7870,0.5020
2026-04-27T17:52:49.920,9.002,1,1.70,-2.30,1.95,-16.52,1,0.0564,0.2017,-0.0699,-0.0148,-0.4538,0.0000,-1.61,0.00,55.13,79.10,540,540,1.00000,1.00000,1.00000,1.00000,3,3,1,21.18584,0.00371,1.08075,-0.0564,-0.2017,0.3699,-0.0148,-0.4538,0.0000,1.61,-6.21,175.14,1,1,0.0000,0.0000,0.3000,0.00,0.8200,0.3500,0.9200,6.00,180.00,0.850000,0.000000,0.000000,1.100000,0.000000,0.000000,1.200000,0.000000,0.000000,1.350000,0.000000,0.000000,0.850000,0.020000,0.000000,0.008000,0.000000,0.000600,0.008000,0.000000,0.000600,0.006000,0.000000,0.000000,1,1,1,540,240,430091,430091,255375,174716,0,60.00,7886,3190,511,0,0,0,7861,500.00,500.00,12,1664,0.0000,0.4560,0.5090,0.7870,0.5020
2026-04-27T17:52:49.936,9.019,1,1.70,-3.90,0.00,-15.99,1,0.0567,0.2087,-0.0698,-0.0146,-0.4418,0.0000,-1.73,7.33,63.71,41.60,541,541,1.00000,1.00000,1.00000,1.00000,3,3,1,21.62370,0.00364,1.08505,-0.0567,-0.2087,0.3698,-0.0146,-0.4418,0.0000,1.73,-6.15,174.72,1,1,0.0000,0.0000,0.3000,0.00,0.8200,0.3500,0.9200,6.00,180.00,0.850000,0.000000,0.000000,1.100000,0.000000,0.000000,1.200000,0.000000,0.000000,1.350000,0.000000,0.000000,0.850000,0.020000,0.000000,0.008000,0.000000,0.000600,0.008000,0.000000,0.000600,0.006000,0.000000,0.000000,1,1,1,541,240,430091,430091,255375,174716,0,60.00,7886,3190,511,0,0,0,7861,500.00,500.00,12,1664,0.0000,0.4560,0.5090,0.7870,0.5020
2026-04-27T17:52:49.952,9.035,1,1.70,-3.90,0.00,-15.99,1,0.0568,0.2157,-0.0698,-0.0122,-0.4448,0.0000,-1.76,1.77,59.08,61.29,542,542,1.00000,1.00000,1.00000,1.00000,3,3,1,21.99011,0.00385,1.08218,-0.0568,-0.2157,0.3698,-0.0122,-0.4448,0.0000,1.76,-6.19,174.45,1,1,0.0000,0.0000,0.3000,0.00,0.8200,0.3500,0.9200,6.00,180.00,0.850000,0.000000,0.000000,1.100000,0.000000,0.000000,1.200000,0.000000,0.000000,1.350000,0.000000,0.000000,0.850000,0.020000,0.000000,0.008000,0.000000,0.000600,0.008000,0.000000,0.000600,0.006000,0.000000,0.000000,1,1,1,542,240,430091,430091,255375,174716,0,60.00,7886,3190,511,0,0,0,7861,500.00,500.00,12,1664,0.0000,0.4560,0.5090,0.7870,0.5020
2026-04-27T17:52:49.967,9.049,1,1.70,-3.90,0.00,-15.99,1,0.0572,0.2224,-0.0696,-0.0170,-0.4222,0.0000,-1.82,4.07,62.85,59.56,543,543,1.00000,1.00000,1.00000,1.00000,3,3,1,22.30680,0.00374,1.08610,-0.0572,-0.2224,0.3696,-0.0170,-0.4222,0.0000,1.82,-6.24,174.10,1,1,0.0000,0.0000,0.3000,0.00,0.8200,0.3500,0.9200,6.00,180.00,0.850000,0.000000,0.000000,1.100000,0.000000,0.000000,1.200000,0.000000,0.000000,1.350000,0.000000,0.000000,0.850000,0.020000,0.000000,0.008000,0.000000,0.000600,0.008000,0.000000,0.000600,0.006000,0.000000,0.000000,1,1,1,543,239,430091,430091,255375,174716,0,60.00,7886,3190,511,0,0,0,7861,500.00,500.00,12,1664,0.0000,0.4560,0.5090,0.7870,0.5020
2026-04-27T17:52:49.986,9.069,1,1.80,-5.49,1.01,-15.67,1,0.0572,0.2291,-0.0695,0.0000,-0.4118,0.0000,-1.93,6.05,72.81,79.21,544,544,1.00000,1.00000,1.00000,1.00000,3,3,1,22.75691,0.00369,1.08405,-0.0572,-0.2291,0.3695,0.0000,-0.4118,0.0000,1.93,-6.26,173.96,1,1,0.0000,0.0000,0.3000,0.00,0.8200,0.3500,0.9200,6.00,180.00,0.850000,0.000000,0.000000,1.100000,0.000000,0.000000,1.200000,0.000000,0.000000,1.350000,0.000000,0.000000,0.850000,0.020000,0.000000,0.008000,0.000000,0.000600,0.008000,0.000000,0.000600,0.006000,0.000000,0.000000,1,1,1,544,236,430091,430091,255375,174716,0,60.00,7886,3190,511,0,0,0,7861,500.00,500.00,12,1664,0.0000,0.4560,0.5090,0.7870,0.5020
2026-04-27T17:52:50.002,9.085,1,1.80,-5.49,1.01,-15.67,1,0.0573,0.2352,-0.0693,0.0000,-0.3926,0.0000,-1.95,1.21,48.62,86.30,545,545,1.00000,1.00000,1.00000,1.00000,3,3,1,23.13774,0.00381,1.08307,-0.0573,-0.2352,0.3693,0.0000,-0.3926,0.0000,1.95,-6.30,173.79,1,1,0.0000,0.0000,0.3000,0.00,0.8200,0.3500,0.9200,6.00,180.00,0.850000,0.000000,0.000000,1.100000,0.000000,0.000000,1.200000,0.000000,0.000000,1.350000,0.000000,0.000000,0.850000,0.020000,0.000000,0.008000,0.000000,0.000600,0.008000,0.000000,0.000600,0.006000,0.000000,0.000000,1,1,1,545,235,430091,430091,255375,174716,0,60.00,7886,3190,511,0,0,0,7861,500.00,500.00,12,1664,0.0000,0.4560,0.5090,0.7870,0.5020
2026-04-27T17:52:50.020,9.102,1,1.80,-5.49,1.01,-15.67,1,0.0573,0.2411,-0.0690,0.0000,-0.3751,-0.0122,-1.95,0.00,60.71,46.91,546,546,1.00000,1.00000,1.00000,1.00000,3,3,1,23.46369,0.00375,1.08045,-0.0573,-0.2411,0.3690,0.0000,-0.3751,-0.0122,1.95,-6.35,173.54,1,1,0.0000,0.0000,0.3000,0.00,0.8200,0.3500,0.9200,6.00,180.00,0.850000,0.000000,0.000000,1.100000,0.000000,0.000000,1.200000,0.000000,0.000000,1.350000,0.000000,0.000000,0.850000,0.020000,0.000000,0.008000,0.000000,0.000600,0.008000,0.000000,0.000600,0.006000,0.000000,0.000000,1,1,1,546,241,430091,430091,255375,174716,0,60.00,7886,3190,511,0,0,0,7861,500.00,500.00,12,1664,0.0000,0.4560,0.5090,0.7870,0.5020
2026-04-27T17:52:50.036,9.119,1,1.80,-5.49,1.01,-15.67,1,0.0573,0.2464,-0.0689,0.0000,-0.3495,-0.0100,-1.87,-4.81,62.74,50.78,547,547,1.00000,1.00000,1.00000,1.00000,3,3,1,23.77932,0.00385,1.08330,-0.0573,-0.2464,0.3689,0.0000,-0.3495,-0.0100,1.87,-6.45,173.23,1,1,0.0000,0.0000,0.3000,0.00,0.8200,0.3500,0.9200,6.00,180.00,0.850000,0.000000,0.000000,1.100000,0.000000,0.000000,1.200000,0.000000,0.000000,1.350000,0.000000,0.000000,0.850000,0.020000,0.000000,0.008000,0.000000,0.000600,0.008000,0.000000,0.000600,0.006000,0.000000,0.000000,1,1,1,547,240,430091,430091,255375,174716,0,60.00,7886,3190,511,0,0,0,7861,500.00,500.00,12,1664,0.0000,0.4560,0.5090,0.7870,0.5020
2026-04-27T17:52:50.053,9.136,1,1.80,-5.49,1.01,-15.67,1,0.0573,0.2518,-0.0686,0.0000,-0.3306,-0.0134,-1.91,2.40,56.72,54.02,548,548,1.00000,1.00000,1.00000,1.00000,3,3,1,24.21197,0.00385,1.08541,-0.0573,-0.2518,0.3686,0.0000,-0.3306,-0.0134,1.91,-6.51,172.93,1,1,0.0000,0.0000,0.3000,0.00,0.8200,0.3500,0.9200,6.00,180.00,0.850000,0.000000,0.000000,1.100000,0.000000,0.000000,1.200000,0.000000,0.000000,1.350000,0.000000,0.000000,0.850000,0.020000,0.000000,0.008000,0.000000,0.000600,0.008000,0.000000,0.000600,0.006000,0.000000,0.000000,1,1,1,548,241,430091,430091,255375,174716,0,60.00,7886,3190,511,0,0,0,7861,500.00,500.00,12,1664,0.0000,0.4560,0.5090,0.7870,0.5020
2026-04-27T17:52:50.068,9.151,1,1.80,-5.49,1.01,-15.67,1,0.0570,0.2568,-0.0687,0.0118,-0.3264,0.0000,-1.97,3.63,60.02,58.80,549,549,1.00000,1.00000,1.00000,1.00000,3,3,1,24.46006,0.00367,1.08337,-0.0570,-0.2568,0.3687,0.0118,-0.3264,0.0000,1.97,-6.19,172.71,1,1,0.0000,0.0000,0.3000,0.00,0.8200,0.3500,0.9200,6.00,180.00,0.850000,0.000000,0.000000,1.100000,0.000000,0.000000,1.200000,0.000000,0.000000,1.350000,0.000000,0.000000,0.850000,0.020000,0.000000,0.008000,0.000000,0.000600,0.008000,0.000000,0.000600,0.006000,0.000000,0.000000,1,1,1,549,240,430091,430091,255375,174716,0,60.00,7886,3190,511,0,0,0,7861,500.00,500.00,12,1664,0.0000,0.4560,0.5090,0.7870,0.5020
2026-04-27T17:52:50.086,9.169,1,1.80,-6.90,0.00,-13.76,1,0.0569,0.2614,-0.0684,0.0000,-0.3027,-0.0124,-1.97,0.00,62.61,82.33,550,550,1.00000,1.00000,1.00000,1.00000,3,3,1,24.85584,0.00377,1.08292,-0.0569,-0.2614,0.3684,0.0000,-0.3027,-0.0124,1.97,-6.22,172.50,1,1,0.0000,0.0000,0.3000,0.00,0.8200,0.3500,0.9200,6.00,180.00,0.850000,0.000000,0.000000,1.100000,0.000000,0.000000,1.200000,0.000000,0.000000,1.350000,0.000000,0.000000,0.850000,0.020000,0.000000,0.008000,0.000000,0.000600,0.008000,0.000000,0.000600,0.006000,0.000000,0.000000,1,1,1,550,240,430091,430091,255375,174716,0,60.00,7886,3190,511,0,0,0,7861,500.00,500.00,12,1664,0.0000,0.4560,0.5090,0.7870,0.5020
2026-04-27T17:52:50.103,9.186,1,1.80,-6.90,0.00,-13.76,1,0.0571,0.2654,-0.0681,0.0000,-0.2740,-0.0134,-1.98,0.61,56.76,81.15,551,551,1.00000,1.00000,1.00000,1.00000,3,3,1,25.12453,0.00391,1.08542,-0.0571,-0.2654,0.3681,0.0000,-0.2740,-0.0134,1.98,-6.32,172.15,1,1,0.0000,0.0000,0.3000,0.00,0.8200,0.3500,0.9200,6.00,180.00,0.850000,0.000000,0.000000,1.100000,0.000000,0.000000,1.200000,0.000000,0.000000,1.350000,0.000000,0.000000,0.850000,0.020000,0.000000,0.008000,0.000000,0.000600,0.008000,0.000000,0.000600,0.006000,0.000000,0.000000,1,1,1,551,241,430091,430091,255375,174716,0,60.00,7886,3190,511,0,0,0,7861,500.00,500.00,12,1664,0.0000,0.4560,0.5090,0.7870,0.5020
2026-04-27T17:52:50.119,9.202,1,1.80,-6.90,0.00,-13.76,1,0.0569,0.2693,-0.0678,0.0000,-0.2558,-0.0177,-1.93,-3.00,64.72,43.26,552,552,1.00000,1.00000,1.00000,1.00000,3,3,1,25.34262,0.00393,1.08432,-0.0569,-0.2693,0.3678,0.0000,-0.2558,-0.0177,1.93,-6.46,172.02,1,1,0.0000,0.0000,0.3000,0.00,0.8200,0.3500,0.9200,6.00,180.00,0.850000,0.000000,0.000000,1.100000,0.000000,0.000000,1.200000,0.000000,0.000000,1.350000,0.000000,0.000000,0.850000,0.020000,0.000000,0.008000,0.000000,0.000600,0.008000,0.000000,0.000600,0.006000,0.000000,0.000000,1,1,1,552,241,430091,430091,255375,174716,0,60.00,7886,3190,511,0,0,0,7861,500.00,500.00,12,1664,0.0000,0.4560,0.5090,0.7870,0.5020
2026-04-27T17:52:50.136,9.219,1,1.80,-6.90,0.00,-13.76,1,0.0567,0.2726,-0.0676,0.0122,-0.2290,-0.0115,-2.01,4.81,60.07,53.19,553,553,1.00000,1.00000,1.00000,1.00000,3,3,1,25.63196,0.00397,1.08599,-0.0567,-0.2726,0.3676,0.0122,-0.2290,-0.0115,2.01,-6.36,171.60,1,1,0.0000,0.0000,0.3000,0.00,0.8200,0.3500,0.9200,6.00,180.00,0.850000,0.000000,0.000000,1.100000,0.000000,0.000000,1.200000,0.000000,0.000000,1.350000,0.000000,0.000000,0.850000,0.020000,0.000000,0.008000,0.000000,0.000600,0.008000,0.000000,0.000600,0.006000,0.000000,0.000000,1,1,1,553,241,430091,430091,255375,174716,0,60.00,7886,3190,511,0,0,0,7861,500.00,500.00,12,1664,0.0000,0.4560,0.5090,0.7870,0.5020
2026-04-27T17:52:50.153,9.236,1,1.80,-6.90,0.00,-13.76,1,0.0564,0.2758,-0.0673,0.0146,-0.2006,-0.0158,-2.00,-0.56,60.08,62.14,554,554,1.00000,1.00000,1.00000,1.00000,3,3,1,25.83309,0.00378,1.08287,-0.0564,-0.2758,0.3673,0.0146,-0.2006,-0.0158,2.00,-6.30,171.41,1,1,0.0000,0.0000,0.3000,0.00,0.8200,0.3500,0.9200,6.00,180.00,0.850000,0.000000,0.000000,1.100000,0.000000,0.000000,1.200000,0.000000,0.000000,1.350000,0.000000,0.000000,0.850000,0.020000,0.000000,0.008000,0.000000,0.000600,0.008000,0.000000,0.000600,0.006000,0.000000,0.000000,1,1,1,554,241,430091,430091,255375,174716,0,60.00,7886,3190,511,0,0,0,7861,500.00,500.00,12,1664,0.0000,0.4560,0.5090,0.7870,0.5020
2026-04-27T17:52:50.170,9.252,1,1.80,-6.90,0.00,-13.76,1,0.0562,0.2785,-0.0670,0.0140,-0.1917,-0.0176,-2.06,3.83,59.68,147.49,555,555,1.00000,1.00000,1.00000,1.00000,3,3,1,26.05931,0.00385,1.08076,-0.0562,-0.2785,0.3670,0.0140,-0.1917,-0.0176,2.06,-6.29,171.30,1,1,0.0000,0.0000,0.3000,0.00,0.8200,0.3500,0.9200,6.00,180.00,0.850000,0.000000,0.000000,1.100000,0.000000,0.000000,1.200000,0.000000,0.000000,1.350000,0.000000,0.000000,0.850000,0.020000,0.000000,0.008000,0.000000,0.000600,0.008000,0.000000,0.000600,0.006000,0.000000,0.000000,1,1,1,555,244,430091,430091,255375,174716,0,60.00,7886,3190,511,0,0,0,7861,500.00,500.00,12,1664,0.0000,0.4560,0.5090,0.7870,0.5020
2026-04-27T17:52:50.186,9.269,1,1.80,-6.90,0.00,-13.76,1,0.0559,0.2808,-0.0666,0.0152,-0.1691,-0.0208,-2.04,-1.24,56.61,36.78,556,556,1.00000,1.00000,1.00000,1.00000,3,3,1,26.28496,0.00363,1.08167,-0.0559,-0.2808,0.3666,0.0152,-0.1691,-0.0208,2.04,-6.45,171.22,1,1,0.0000,0.0000,0.3000,0.00,0.8200,0.3500,0.9200,6.00,180.00,0.850000,0.000000,0.000000,1.100000,0.000000,0.000000,1.200000,0.000000,0.000000,1.350000,0.000000,0.000000,0.850000,0.020000,0.000000,0.008000,0.000000,0.000600,0.008000,0.000000,0.000600,0.006000,0.000000,0.000000,1,1,1,556,245,430091,430091,255375,174716,0,60.00,7886,3190,511,0,0,0,7861,500.00,500.00,12,1664,0.0000,0.4560,0.5090,0.7870,0.5020
2026-04-27T17:52:50.203,9.286,1,1.80,-6.90,0.00,-13.76,1,0.0556,0.2828,-0.0665,0.0173,-0.1431,-0.0139,-2.08,2.32,64.68,168.43,557,557,1.00000,1.00000,1.00000,1.00000,3,3,1,26.46325,0.00395,1.08645,-0.0556,-0.2828,0.3665,0.0173,-0.1431,-0.0139,2.08,-6.28,170.88,1,1,0.0000,0.0000,0.3000,0.00,0.8200,0.3500,0.9200,6.00,180.00,0.850000,0.000000,0.000000,1.100000,0.000000,0.000000,1.200000,0.000000,0.000000,1.350000,0.000000,0.000000,0.850000,0.020000,0.000000,0.008000,0.000000,0.000600,0.008000,0.000000,0.000600,0.006000,0.000000,0.000000,1,1,1,557,245,430091,430091,255375,174716,0,60.00,7886,3190,511,0,0,0,7861,500.00,500.00,12,1664,0.0000,0.4560,0.5090,0.7870,0.5020
2026-04-27T17:52:50.219,9.302,1,1.80,-6.90,0.00,-13.76,1,0.0552,0.2844,-0.0661,0.0223,-0.1220,-0.0190,-2.10,1.20,56.69,37.33,558,558,1.00000,1.00000,1.00000,1.00000,3,3,1,26.68742,0.00391,1.08332,-0.0552,-0.2844,0.3661,0.0223,-0.1220,-0.0190,2.10,-6.29,170.84,1,1,0.0000,0.0000,0.3000,0.00,0.8200,0.3500,0.9200,6.00,180.00,0.850000,0.000000,0.000000,1.100000,0.000000,0.000000,1.200000,0.000000,0.000000,1.350000,0.000000,0.000000,0.850000,0.020000,0.000000,0.008000,0.000000,0.000600,0.008000,0.000000,0.000600,0.006000,0.000000,0.000000,1,1,1,558,244,430091,430091,255375,174716,0,60.00,7886,3190,511,0,0,0,7861,500.00,500.00,12,1664,0.0000,0.4560,0.5090,0.7870,0.5020
2026-04-27T17:52:50.236,9.319,1,1.80,-8.00,0.00,-10.79,1,0.0548,0.2856,-0.0658,0.0235,-0.0967,-0.0171,-2.08,-1.21,60.74,76.86,559,559,1.00000,1.00000,1.00000,1.00000,3,3,1,26.83679,0.00401,1.08487,-0.0548,-0.2856,0.3658,0.0235,-0.0967,-0.0171,2.08,-6.47,170.60,1,1,0.0000,0.0000,0.3000,0.00,0.8200,0.3500,0.9200,6.00,180.00,0.850000,0.000000,0.000000,1.100000,0.000000,0.000000,1.200000,0.000000,0.000000,1.350000,0.000000,0.000000,0.850000,0.020000,0.000000,0.008000,0.000000,0.000600,0.008000,0.000000,0.000600,0.006000,0.000000,0.000000,1,1,1,559,244,430091,430091,255375,174716,0,60.00,7886,3190,511,0,0,0,7861,500.00,500.00,12,1664,0.0000,0.4560,0.5090,0.7870,0.5020
2026-04-27T17:52:50.254,9.337,1,1.80,-8.00,0.00,-10.79,1,0.0541,0.2864,-0.0659,0.0329,-0.0715,0.0000,-2.09,0.56,62.41,48.30,560,560,1.00000,1.00000,1.00000,1.00000,3,3,1,26.91130,0.00390,1.08367,-0.0541,-0.2864,0.3659,0.0329,-0.0715,0.0000,2.09,-6.21,170.45,1,1,0.0000,0.0000,0.3000,0.00,0.8200,0.3500,0.9200,6.00,180.00,0.850000,0.000000,0.000000,1.100000,0.000000,0.000000,1.200000,0.000000,0.000000,1.350000,0.000000,0.000000,0.850000,0.020000,0.000000,0.008000,0.000000,0.000600,0.008000,0.000000,0.000600,0.006000,0.000000,0.000000,1,1,1,560,240,430091,430091,255375,174716,0,60.00,7886,3190,511,0,0,0,7861,500.00,500.00,12,1664,0.0000,0.4560,0.5090,0.7870,0.5020
2026-04-27T17:52:50.270,9.353,1,1.80,-8.00,0.00,-10.79,1,0.0537,0.2868,-0.0655,0.0278,-0.0488,-0.0166,-2.02,-4.36,53.15,60.71,561,561,1.00000,1.00000,1.00000,1.00000,3,3,1,26.99353,0.00405,1.08394,-0.0537,-0.2868,0.3655,0.0278,-0.0488,-0.0166,2.02,-6.25,170.34,1,1,0.0000,0.0000,0.3000,0.00,0.8200,0.3500,0.9200,6.00,180.00,0.850000,0.000000,0.000000,1.100000,0.000000,0.000000,1.200000,0.000000,0.000000,1.350000,0.000000,0.000000,0.850000,0.020000,0.000000,0.008000,0.000000,0.000600,0.008000,0.000000,0.000600,0.006000,0.000000,0.000000,1,1,1,561,245,430091,430091,255375,174716,0,60.00,7886,3190,511,0,0,0,7861,500.00,500.00,12,1664,0.0000,0.4560,0.5090,0.7870,0.5020
2026-04-27T17:52:50.287,9.370,1,1.80,-8.00,0.00,-10.79,1,0.0532,0.2868,-0.0653,0.0315,-0.0251,-0.0121,-2.04,1.10,59.82,85.69,562,562,1.00000,1.00000,1.00000,1.00000,3,3,1,27.05833,0.00387,1.08198,-0.0532,-0.2868,0.3653,0.0315,-0.0251,-0.0121,2.04,-6.21,170.24,1,1,0.0000,0.0000,0.3000,0.00,0.8200,0.3500,0.9200,6.00,180.00,0.850000,0.000000,0.000000,1.100000,0.000000,0.000000,1.200000,0.000000,0.000000,1.350000,0.000000,0.000000,0.850000,0.020000,0.000000,0.008000,0.000000,0.000600,0.008000,0.000000,0.000600,0.006000,0.000000,0.000000,1,1,1,562,245,430091,430091,255375,174716,0,60.00,7886,3190,511,0,0,0,7861,500.00,500.00,12,1664,0.0000,0.4560,0.5090,0.7870,0.5020
2026-04-27T17:52:50.304,9.386,1,1.80,-8.00,0.00,-10.79,1,0.0527,0.2862,-0.0650,0.0326,0.0000,-0.0158,-1.97,-4.38,60.05,46.10,563,563,1.00000,1.00000,1.00000,1.00000,3,3,1,27.12219,0.00390,1.08328,-0.0527,-0.2862,0.3650,0.0326,0.0000,-0.0158,1.97,-6.31,170.08,1,1,0.0000,0.0000,0.3000,0.00,0.8200,0.3500,0.9200,6.00,180.00,0.850000,0.000000,0.000000,1.100000,0.000000,0.000000,1.200000,0.000000,0.000000,1.350000,0.000000,0.000000,0.850000,0.020000,0.000000,0.008000,0.000000,0.000600,0.008000,0.000000,0.000600,0.006000,0.000000,0.000000,1,1,1,563,240,430091,430091,255375,174716,0,60.00,7886,3190,511,0,0,0,7861,500.00,500.00,12,1664,0.0000,0.4560,0.5090,0.7870,0.5020
2026-04-27T17:52:50.315,9.398,1,1.80,-8.00,0.00,-10.79,1,0.0523,0.2855,-0.0648,0.0299,0.0260,-0.0151,-2.07,8.64,61.55,87.15,564,564,1.00000,1.00000,1.00000,1.00000,3,3,1,27.10841,0.00400,1.08489,-0.0523,-0.2855,0.3648,0.0299,0.0260,-0.0151,2.07,-6.60,170.04,1,1,0.0000,0.0000,0.3000,0.00,0.8200,0.3500,0.9200,6.00,180.00,0.850000,0.000000,0.000000,1.100000,0.000000,0.000000,1.200000,0.000000,0.000000,1.350000,0.000000,0.000000,0.850000,0.020000,0.000000,0.008000,0.000000,0.000600,0.008000,0.000000,0.000600,0.006000,0.000000,0.000000,1,1,1,564,242,430091,430091,255375,174716,0,60.00,7886,3190,511,0,0,0,7861,500.00,500.00,12,1664,0.0000,0.4560,0.5090,0.7870,0.5020
2026-04-27T17:52:50.336,9.419,1,1.90,-8.70,0.95,-6.85,1,0.0513,0.2842,-0.0651,0.0410,0.0466,0.0000,-2.02,-2.34,98.47,62.78,565,565,1.00000,1.00000,1.00000,1.00000,3,3,1,27.07653,0.00400,1.08227,-0.0513,-0.2842,0.3651,0.0410,0.0466,0.0000,2.02,-6.25,169.91,1,1,0.0000,0.0000,0.3000,0.00,0.8200,0.3500,0.9200,6.00,180.00,0.850000,0.000000,0.000000,1.100000,0.000000,0.000000,1.200000,0.000000,0.000000,1.350000,0.000000,0.000000,0.850000,0.020000,0.000000,0.008000,0.000000,0.000600,0.008000,0.000000,0.000600,0.006000,0.000000,0.000000,1,1,1,565,239,430091,430091,255375,174716,0,60.00,7886,3190,511,0,0,0,7861,500.00,500.00,12,1664,0.0000,0.4560,0.5090,0.7870,0.5020
2026-04-27T17:52:50.355,9.438,1,1.90,-8.70,0.95,-6.85,1,0.0509,0.2826,-0.0648,0.0313,0.0721,-0.0138,-2.05,1.68,46.83,81.10,566,566,1.00000,1.00000,1.00000,1.00000,3,3,1,27.14524,0.00412,1.08221,-0.0509,-0.2826,0.3648,0.0313,0.0721,-0.0138,2.05,-6.41,169.85,1,1,0.0000,0.0000,0.3000,0.00,0.8200,0.3500,0.9200,6.00,180.00,0.850000,0.000000,0.000000,1.100000,0.000000,0.000000,1.200000,0.000000,0.000000,1.350000,0.000000,0.000000,0.850000,0.020000,0.000000,0.008000,0.000000,0.000600,0.008000,0.000000,0.000600,0.006000,0.000000,0.000000,1,1,1,566,244,430091,430091,255375,174716,0,60.00,7886,3190,511,0,0,0,7861,500.00,500.00,12,1664,0.0000,0.4560,0.5090,0.7870,0.5020
2026-04-27T17:52:50.371,9.453,1,1.90,-8.70,0.95,-6.85,1,0.0499,0.2805,-0.0648,0.0491,0.0997,0.0000,-1.96,-5.75,50.46,37.42,567,567,1.00000,1.00000,1.00000,1.00000,3,3,1,27.03901,0.00403,1.08295,-0.0499,-0.2805,0.3648,0.0491,0.0997,0.0000,1.96,-6.24,169.80,1,1,0.0000,0.0000,0.3000,0.00,0.8200,0.3500,0.9200,6.00,180.00,0.850000,0.000000,0.000000,1.100000,0.000000,0.000000,1.200000,0.000000,0.000000,1.350000,0.000000,0.000000,0.850000,0.020000,0.000000,0.008000,0.000000,0.000600,0.008000,0.000000,0.000600,0.006000,0.000000,0.000000,1,1,1,567,235,430091,430091,255375,174716,0,60.00,7886,3190,511,0,0,0,7861,500.00,500.00,12,1664,0.0000,0.4560,0.5090,0.7870,0.5020
2026-04-27T17:52:50.386,9.469,1,1.90,-8.70,0.95,-6.85,1,0.0491,0.2779,-0.0646,0.0504,0.1415,0.0000,-2.00,2.57,63.86,59.92,568,568,1.00000,1.00000,1.00000,1.00000,3,3,1,26.90927,0.00407,1.08284,-0.0491,-0.2779,0.3646,0.0504,0.1415,0.0000,2.00,-6.35,169.61,1,1,0.0000,0.0000,0.3000,0.00,0.8200,0.3500,0.9200,6.00,180.00,0.850000,0.000000,0.000000,1.100000,0.000000,0.000000,1.200000,0.000000,0.000000,1.350000,0.000000,0.000000,0.850000,0.020000,0.000000,0.008000,0.000000,0.000600,0.008000,0.000000,0.000600,0.006000,0.000000,0.000000,1,1,1,568,235,430091,430091,255375,174716,0,60.00,7886,3190,511,0,0,0,7861,500.00,500.00,12,1664,0.0000,0.4560,0.5090,0.7870,0.5020
2026-04-27T17:52:50.402,9.485,1,1.90,-8.70,0.95,-6.85,1,0.0483,0.2748,-0.0646,0.0489,0.1608,0.0000,-1.90,-5.98,64.15,58.78,569,569,1.00000,1.00000,1.00000,1.00000,3,3,1,26.76659,0.00415,1.08260,-0.0483,-0.2748,0.3646,0.0489,0.1608,0.0000,1.90,-6.34,169.51,1,1,0.0000,0.0000,0.3000,0.00,0.8200,0.3500,0.9200,6.00,180.00,0.850000,0.000000,0.000000,1.100000,0.000000,0.000000,1.200000,0.000000,0.000000,1.350000,0.000000,0.000000,0.850000,0.020000,0.000000,0.008000,0.000000,0.000600,0.008000,0.000000,0.000600,0.006000,0.000000,0.000000,1,1,1,569,238,430091,430091,255375,174716,0,60.00,7886,3190,511,0,0,0,7861,500.00,500.00,12,1664,0.0000,0.4560,0.5090,0.7870,0.5020
2026-04-27T17:52:50.419,9.502,1,1.90,-8.70,0.95,-6.85,1,0.0475,0.2716,-0.0646,0.0488,0.1764,0.0000,-1.95,3.14,63.61,60.91,570,570,1.00000,1.00000,1.00000,1.00000,3,3,1,26.67104,0.00401,1.08216,-0.0475,-0.2716,0.3646,0.0488,0.1764,0.0000,1.95,-6.39,169.50,1,1,0.0000,0.0000,0.3000,0.00,0.8200,0.3500,0.9200,6.00,180.00,0.850000,0.000000,0.000000,1.100000,0.000000,0.000000,1.200000,0.000000,0.000000,1.350000,0.000000,0.000000,0.850000,0.020000,0.000000,0.008000,0.000000,0.000600,0.008000,0.000000,0.000600,0.006000,0.000000,0.000000,1,1,1,570,238,430091,430091,255375,174716,0,60.00,7886,3190,511,0,0,0,7861,500.00,500.00,12,1664,0.0000,0.4560,0.5090,0.7870,0.5020
2026-04-27T17:52:50.435,9.518,1,1.90,-8.70,0.95,-6.85,1,0.0466,0.2678,-0.0646,0.0537,0.2053,0.0000,-1.92,-1.73,59.95,77.18,571,571,1.00000,1.00000,1.00000,1.00000,3,3,1,26.51544,0.00405,1.08338,-0.0466,-0.2678,0.3646,0.0537,0.2053,0.0000,1.92,-6.33,169.55,1,1,0.0000,0.0000,0.3000,0.00,0.8200,0.3500,0.9200,6.00,180.00,0.850000,0.000000,0.000000,1.100000,0.000000,0.000000,1.200000,0.000000,0.000000,1.350000,0.000000,0.000000,0.850000,0.020000,0.000000,0.008000,0.000000,0.000600,0.008000,0.000000,0.000600,0.006000,0.000000,0.000000,1,1,1,571,239,430091,430091,255375,174716,0,60.00,7886,3190,511,0,0,0,7861,500.00,500.00,12,1664,0.0000,0.4560,0.5090,0.7870,0.5020
2026-04-27T17:52:50.452,9.535,1,1.90,-8.70,0.95,-6.85,1,0.0453,0.2637,-0.0647,0.0664,0.2276,0.0000,-1.91,-0.63,60.22,48.14,572,572,1.00000,1.00000,1.00000,1.00000,3,3,1,26.33567,0.00398,1.07851,-0.0453,-0.2637,0.3647,0.0664,0.2276,0.0000,1.91,-6.05,169.61,1,1,0.0000,0.0000,0.3000,0.00,0.8200,0.3500,0.9200,6.00,180.00,0.850000,0.000000,0.000000,1.100000,0.000000,0.000000,1.200000,0.000000,0.000000,1.350000,0.000000,0.000000,0.850000,0.020000,0.000000,0.008000,0.000000,0.000600,0.008000,0.000000,0.000600,0.006000,0.000000,0.000000,1,1,1,572,239,430091,430091,255375,174716,0,60.00,7886,3190,511,0,0,0,7861,500.00,500.00,12,1664,0.0000,0.4560,0.5090,0.7870,0.5020
2026-04-27T17:52:50.468,9.551,1,1.90,-8.70,0.95,-6.85,1,0.0446,0.2591,-0.0645,0.0530,0.2553,0.0000,-1.86,-2.96,59.17,60.91,573,573,1.00000,1.00000,1.00000,1.00000,3,3,1,26.10733,0.00407,1.08098,-0.0446,-0.2591,0.3645,0.0530,0.2553,0.0000,1.86,-6.34,169.53,1,1,0.0000,0.0000,0.3000,0.00,0.8200,0.3500,0.9200,6.00,180.00,0.850000,0.000000,0.000000,1.100000,0.000000,0.000000,1.200000,0.000000,0.000000,1.350000,0.000000,0.000000,0.850000,0.020000,0.000000,0.008000,0.000000,0.000600,0.008000,0.000000,0.000600,0.006000,0.000000,0.000000,1,1,1,573,239,430091,430091,255375,174716,0,60.00,7886,3190,511,0,0,0,7861,500.00,500.00,12,1664,0.0000,0.4560,0.5090,0.7870,0.5020
2026-04-27T17:52:50.484,9.567,1,1.90,-8.70,0.95,-6.85,1,0.0436,0.2541,-0.0647,0.0601,0.2734,0.0000,-1.88,1.27,59.15,67.12,574,574,1.00000,1.00000,1.00000,1.00000,3,3,1,25.87049,0.00404,1.08134,-0.0436,-0.2541,0.3647,0.0601,0.2734,0.0000,1.88,-6.18,169.51,1,1,0.0000,0.0000,0.3000,0.00,0.8200,0.3500,0.9200,6.00,180.00,0.850000,0.000000,0.000000,1.100000,0.000000,0.000000,1.200000,0.000000,0.000000,1.350000,0.000000,0.000000,0.850000,0.020000,0.000000,0.008000,0.000000,0.000600,0.008000,0.000000,0.000600,0.006000,0.000000,0.000000,1,1,1,574,238,430091,430091,255375,174716,0,60.00,7886,3190,511,0,0,0,7861,500.00,500.00,12,1664,0.0000,0.4560,0.5090,0.7870,0.5020
2026-04-27T17:52:50.502,9.585,1,1.90,-8.70,0.95,-6.85,1,0.0425,0.2490,-0.0649,0.0626,0.2915,0.0000,-1.91,1.80,73.21,177.21,575,575,1.00000,1.00000,1.00000,1.00000,3,3,1,25.57295,0.00412,1.07689,-0.0425,-0.2490,0.3649,0.0626,0.2915,0.0000,1.91,-6.22,169.48,1,1,0.0000,0.0000,0.3000,0.00,0.8200,0.3500,0.9200,6.00,180.00,0.850000,0.000000,0.000000,1.100000,0.000000,0.000000,1.200000,0.000000,0.000000,1.350000,0.000000,0.000000,0.850000,0.020000,0.000000,0.008000,0.000000,0.000600,0.008000,0.000000,0.000600,0.006000,0.000000,0.000000,1,1,1,575,239,430091,430091,255375,174716,0,60.00,7886,3190,511,0,0,0,7861,500.00,500.00,12,1664,0.0000,0.4560,0.5090,0.7870,0.5020
2026-04-27T17:52:50.517,9.600,1,1.90,-8.70,0.95,-6.85,1,0.0414,0.2432,-0.0650,0.0638,0.3225,0.0000,-1.84,-4.17,53.50,42.86,576,576,1.00000,1.00000,1.00000,1.00000,3,3,1,25.41944,0.00415,1.08120,-0.0414,-0.2432,0.3650,0.0638,0.3225,0.0000,1.84,-6.11,169.35,1,1,0.0000,0.0000,0.3000,0.00,0.8200,0.3500,0.9200,6.00,180.00,0.850000,0.000000,0.000000,1.100000,0.000000,0.000000,1.200000,0.000000,0.000000,1.350000,0.000000,0.000000,0.850000,0.020000,0.000000,0.008000,0.000000,0.000600,0.008000,0.000000,0.000600,0.006000,0.000000,0.000000,1,1,1,576,239,430091,430091,255375,174716,0,60.00,7886,3190,511,0,0,0,7861,500.00,500.00,12,1664,0.0000,0.4560,0.5090,0.7870,0.5020
2026-04-27T17:52:50.533,9.616,1,1.60,-8.90,-0.95,0.00,1,0.0403,0.2373,-0.0651,0.0684,0.3513,0.0000,-1.84,0.00,67.73,51.68,577,577,1.00000,1.00000,1.00000,1.00000,3,3,1,25.10543,0.00404,1.07811,-0.0403,-0.2373,0.3651,0.0684,0.3513,0.0000,1.84,-6.02,169.43,1,1,0.0000,0.0000,0.3000,0.00,0.8200,0.3500,0.9200,6.00,180.00,0.850000,0.000000,0.000000,1.100000,0.000000,0.000000,1.200000,0.000000,0.000000,1.350000,0.000000,0.000000,0.850000,0.020000,0.000000,0.008000,0.000000,0.000600,0.008000,0.000000,0.000600,0.006000,0.000000,0.000000,1,1,1,577,238,430091,430091,255375,174716,0,60.00,7886,3190,511,0,0,0,7861,500.00,500.00,12,1664,0.0000,0.4560,0.5090,0.7870,0.5020
2026-04-27T17:52:50.550,9.633,1,1.60,-8.90,-0.95,0.00,1,0.0392,0.2307,-0.0651,0.0675,0.3709,0.0000,-1.81,-1.78,63.00,47.97,578,578,1.00000,1.00000,1.00000,1.00000,3,3,1,24.79402,0.00411,1.07845,-0.0392,-0.2307,0.3651,0.0675,0.3709,0.0000,1.81,-6.03,169.55,1,1,0.0000,0.0000,0.3000,0.00,0.8200,0.3500,0.9200,6.00,180.00,0.850000,0.000000,0.000000,1.100000,0.000000,0.000000,1.200000,0.000000,0.000000,1.350000,0.000000,0.000000,0.850000,0.020000,0.000000,0.008000,0.000000,0.000600,0.008000,0.000000,0.000600,0.006000,0.000000,0.000000,1,1,1,578,239,430091,430091,255375,174716,0,60.00,7886,3190,511,0,0,0,7861,500.00,500.00,12,1664,0.0000,0.4560,0.5090,0.7870,0.5020
2026-04-27T17:52:50.570,9.653,1,1.60,-8.90,-0.95,0.00,1,0.0378,0.2238,-0.0651,0.0745,0.3826,0.0000,-1.79,-1.07,59.18,63.15,579,579,1.00000,1.00000,1.00000,1.00000,3,3,1,24.41000,0.00394,1.07397,-0.0378,-0.2238,0.3651,0.0745,0.3826,0.0000,1.79,-5.90,169.66,1,1,0.0000,0.0000,0.3000,0.00,0.8200,0.3500,0.9200,6.00,180.00,0.850000,0.000000,0.000000,1.100000,0.000000,0.000000,1.200000,0.000000,0.000000,1.350000,0.000000,0.000000,0.850000,0.020000,0.000000,0.008000,0.000000,0.000600,0.008000,0.000000,0.000600,0.006000,0.000000,0.000000,1,1,1,579,238,430091,430091,255375,174716,0,60.00,7886,3190,511,0,0,0,7861,500.00,500.00,12,1664,0.0000,0.4560,0.5090,0.7870,0.5020
2026-04-27T17:52:50.586,9.669,1,1.60,-8.50,0.00,3.93,1,0.0368,0.2167,-0.0650,0.0677,0.4224,0.0000,-1.78,-0.60,48.13,90.74,580,580,1.00000,1.00000,1.00000,1.00000,3,3,1,24.11125,0.00421,1.07712,-0.0368,-0.2167,0.3650,0.0677,0.4224,0.0000,1.78,-5.96,169.68,1,1,0.0000,0.0000,0.3000,0.00,0.8200,0.3500,0.9200,6.00,180.00,0.850000,0.000000,0.000000,1.100000,0.000000,0.000000,1.200000,0.000000,0.000000,1.350000,0.000000,0.000000,0.850000,0.020000,0.000000,0.008000,0.000000,0.000600,0.008000,0.000000,0.000600,0.006000,0.000000,0.000000,1,1,1,580,239,430091,430091,255375,174716,0,60.00,7886,3190,511,0,0,0,7861,500.00,500.00,12,1664,0.0000,0.4560,0.5090,0.7870,0.5020
2026-04-27T17:52:50.602,9.685,1,1.60,-8.50,0.00,3.93,1,0.0358,0.2091,-0.0650,0.0673,0.4434,0.0000,-1.84,3.63,59.91,45.91,581,581,1.00000,1.00000,1.00000,1.00000,3,3,1,23.84018,0.00409,1.07688,-0.0358,-0.2091,0.3650,0.0673,0.4434,0.0000,1.84,-5.96,169.70,1,1,0.0000,0.0000,0.3000,0.00,0.8200,0.3500,0.9200,6.00,180.00,0.850000,0.000000,0.000000,1.100000,0.000000,0.000000,1.200000,0.000000,0.000000,1.350000,0.000000,0.000000,0.850000,0.020000,0.000000,0.008000,0.000000,0.000600,0.008000,0.000000,0.000600,0.006000,0.000000,0.000000,1,1,1,581,238,430091,430091,255375,174716,0,60.00,7886,3190,511,0,0,0,7861,500.00,500.00,12,1664,0.0000,0.4560,0.5090,0.7870,0.5020
2026-04-27T17:52:50.618,9.701,1,1.60,-8.50,0.00,3.93,1,0.0345,0.2011,-0.0651,0.0739,0.4640,0.0000,-1.78,-3.60,64.53,59.07,582,582,1.00000,1.00000,1.00000,1.00000,3,3,1,23.38606,0.00407,1.07826,-0.0345,-0.2011,0.3651,0.0739,0.4640,0.0000,1.78,-5.84,169.77,1,1,0.0000,0.0000,0.3000,0.00,0.8200,0.3500,0.9200,6.00,180.00,0.850000,0.000000,0.000000,1.100000,0.000000,0.000000,1.200000,0.000000,0.000000,1.350000,0.000000,0.000000,0.850000,0.020000,0.000000,0.008000,0.000000,0.000600,0.008000,0.000000,0.000600,0.006000,0.000000,0.000000,1,1,1,582,239,430091,430091,255375,174716,0,60.00,7886,3190,511,0,0,0,7861,500.00,500.00,12,1664,0.0000,0.4560,0.5090,0.7870,0.5020
2026-04-27T17:52:50.635,9.718,1,1.60,-8.50,0.00,3.93,1,0.0333,0.1929,-0.0651,0.0744,0.4822,0.0000,-1.71,-4.18,60.07,60.69,583,583,1.00000,1.00000,1.00000,1.00000,3,3,1,23.02378,0.00414,1.07694,-0.0333,-0.1929,0.3651,0.0744,0.4822,0.0000,1.71,-5.69,169.82,1,1,0.0000,0.0000,0.3000,0.00,0.8200,0.3500,0.9200,6.00,180.00,0.850000,0.000000,0.000000,1.100000,0.000000,0.000000,1.200000,0.000000,0.000000,1.350000,0.000000,0.000000,0.850000,0.020000,0.000000,0.008000,0.000000,0.000600,0.008000,0.000000,0.000600,0.006000,0.000000,0.000000,1,1,1,583,239,430091,430091,255375,174716,0,60.00,7886,3190,511,0,0,0,7861,500.00,500.00,12,1664,0.0000,0.4560,0.5090,0.7870,0.5020
2026-04-27T17:52:50.652,9.735,1,1.60,-8.50,0.00,3.93,1,0.0321,0.1842,-0.0651,0.0734,0.4974,0.0000,-1.69,-1.23,58.08,133.54,584,584,1.00000,1.00000,1.00000,1.00000,3,3,1,22.57650,0.00421,1.07559,-0.0321,-0.1842,0.3651,0.0734,0.4974,0.0000,1.69,-5.60,169.77,1,1,0.0000,0.0000,0.3000,0.00,0.8200,0.3500,0.9200,6.00,180.00,0.850000,0.000000,0.000000,1.100000,0.000000,0.000000,1.200000,0.000000,0.000000,1.350000,0.000000,0.000000,0.850000,0.020000,0.000000,0.008000,0.000000,0.000600,0.008000,0.000000,0.000600,0.006000,0.000000,0.000000,1,1,1,584,238,430091,430091,255375,174716,0,60.00,7886,3190,511,0,0,0,7861,500.00,500.00,12,1664,0.0000,0.4560,0.5090,0.7870,0.5020
2026-04-27T17:52:50.668,9.751,1,1.60,-8.50,0.00,3.93,1,0.0312,0.1753,-0.0649,0.0632,0.5294,0.0000,-1.66,-1.76,59.64,54.59,585,585,1.00000,1.00000,1.00000,1.00000,3,3,1,22.28510,0.00431,1.07594,-0.0312,-0.1753,0.3649,0.0632,0.5294,0.0000,1.66,-5.77,169.90,1,1,0.0000,0.0000,0.3000,0.00,0.8200,0.3500,0.9200,6.00,180.00,0.850000,0.000000,0.000000,1.100000,0.000000,0.000000,1.200000,0.000000,0.000000,1.350000,0.000000,0.000000,0.850000,0.020000,0.000000,0.008000,0.000000,0.000600,0.008000,0.000000,0.000600,0.006000,0.000000,0.000000,1,1,1,585,238,430091,430091,255375,174716,0,60.00,7886,3190,511,0,0,0,7861,500.00,500.00,12,1664,0.0000,0.4560,0.5090,0.7870,0.5020
2026-04-27T17:52:50.685,9.768,1,1.60,-8.50,0.00,3.93,1,0.0299,0.1660,-0.0648,0.0756,0.5462,0.0000,-1.55,-6.60,62.20,45.37,586,586,1.00000,1.00000,1.00000,1.00000,3,3,1,21.88181,0.00421,1.07400,-0.0299,-0.1660,0.3648,0.0756,0.5462,0.0000,1.55,-5.68,169.95,1,1,0.0000,0.0000,0.3000,0.00,0.8200,0.3500,0.9200,6.00,180.00,0.850000,0.000000,0.000000,1.100000,0.000000,0.000000,1.200000,0.000000,0.000000,1.350000,0.000000,0.000000,0.850000,0.020000,0.000000,0.008000,0.000000,0.000600,0.008000,0.000000,0.000600,0.006000,0.000000,0.000000,1,1,1,586,238,430091,430091,255375,174716,0,60.00,7886,3190,511,0,0,0,7861,500.00,500.00,12,1664,0.0000,0.4560,0.5090,0.7870,0.5020
2026-04-27T17:52:50.702,9.785,1,1.60,-8.50,0.00,3.93,1,0.0290,0.1564,-0.0647,0.0624,0.5481,0.0000,-1.54,-0.60,60.12,53.15,587,587,1.00000,1.00000,1.00000,1.00000,3,3,1,21.46707,0.00432,1.07741,-0.0290,-0.1564,0.3647,0.0624,0.5481,0.0000,1.54,-5.83,170.03,1,1,0.0000,0.0000,0.3000,0.00,0.8200,0.3500,0.9200,6.00,180.00,0.850000,0.000000,0.000000,1.100000,0.000000,0.000000,1.200000,0.000000,0.000000,1.350000,0.000000,0.000000,0.850000,0.020000,0.000000,0.008000,0.000000,0.000600,0.008000,0.000000,0.000600,0.006000,0.000000,0.000000,1,1,1,587,239,430091,430091,255375,174716,0,60.00,7886,3190,511,0,0,0,7861,500.00,500.00,12,1664,0.0000,0.4560,0.5090,0.7870,0.5020
2026-04-27T17:52:50.720,9.803,1,1.60,-8.50,0.00,3.93,1,0.0279,0.1466,-0.0647,0.0667,0.5732,0.0000,-1.57,1.78,56.72,107.89,588,588,1.00000,1.00000,1.00000,1.00000,3,3,1,21.14702,0.00428,1.07674,-0.0279,-0.1466,0.3647,0.0667,0.5732,0.0000,1.57,-5.82,170.16,1,1,0.0000,0.0000,0.3000,0.00,0.8200,0.3500,0.9200,6.00,180.00,0.850000,0.000000,0.000000,1.100000,0.000000,0.000000,1.200000,0.000000,0.000000,1.350000,0.000000,0.000000,0.850000,0.020000,0.000000,0.008000,0.000000,0.000600,0.008000,0.000000,0.000600,0.006000,0.000000,0.000000,1,1,1,588,239,430091,430091,255375,174716,0,60.00,7886,3190,511,0,0,0,7861,500.00,500.00,12,1664,0.0000,0.4560,0.5090,0.7870,0.5020
2026-04-27T17:52:50.735,9.818,1,1.40,-8.00,-1.95,4.84,1,0.0268,0.1366,-0.0645,0.0700,0.6148,0.0000,-1.48,-5.81,59.35,40.95,589,589,1.00000,1.00000,1.00000,1.00000,3,3,1,20.72078,0.00423,1.07632,-0.0268,-0.1366,0.3645,0.0700,0.6148,0.0000,1.48,-5.87,170.37,1,1,0.0000,0.0000,0.3000,0.00,0.8200,0.3500,0.9200,6.00,180.00,0.850000,0.000000,0.000000,1.100000,0.000000,0.000000,1.200000,0.000000,0.000000,1.350000,0.000000,0.000000,0.850000,0.020000,0.000000,0.008000,0.000000,0.000600,0.008000,0.000000,0.000600,0.006000,0.000000,0.000000,1,1,1,589,238,430091,430091,255375,174716,0,60.00,7886,3190,511,0,0,0,7861,500.00,500.00,12,1664,0.0000,0.4560,0.5090,0.7870,0.5020
2026-04-27T17:52:50.752,9.835,1,1.40,-8.00,-1.95,4.84,1,0.0258,0.1261,-0.0645,0.0651,0.6232,0.0000,-1.48,0.00,64.54,59.89,590,590,1.00000,1.00000,1.00000,1.00000,3,3,1,20.25932,0.00407,1.07599,-0.0258,-0.1261,0.3645,0.0651,0.6232,0.0000,1.48,-5.91,170.63,1,1,0.0000,0.0000,0.3000,0.00,0.8200,0.3500,0.9200,6.00,180.00,0.850000,0.000000,0.000000,1.100000,0.000000,0.000000,1.200000,0.000000,0.000000,1.350000,0.000000,0.000000,0.850000,0.020000,0.000000,0.008000,0.000000,0.000600,0.008000,0.000000,0.000600,0.006000,0.000000,0.000000,1,1,1,590,239,430091,430091,255375,174716,0,60.00,7886,3190,511,0,0,0,7861,500.00,500.00,12,1664,0.0000,0.4560,0.5090,0.7870,0.5020
2026-04-27T17:52:50.769,9.851,1,1.40,-8.00,-1.95,4.84,1,0.0247,0.1151,-0.0643,0.0652,0.6461,0.0000,-1.48,0.00,58.45,118.11,591,591,1.00000,1.00000,1.00000,1.00000,3,3,1,19.85025,0.00421,1.07783,-0.0247,-0.1151,0.3643,0.0652,0.6461,0.0000,1.48,-5.86,170.80,1,1,0.0000,0.0000,0.3000,0.00,0.8200,0.3500,0.9200,6.00,180.00,0.850000,0.000000,0.000000,1.100000,0.000000,0.000000,1.200000,0.000000,0.000000,1.350000,0.000000,0.000000,0.850000,0.020000,0.000000,0.008000,0.000000,0.000600,0.008000,0.000000,0.000600,0.006000,0.000000,0.000000,1,1,1,591,238,430091,430091,255375,174716,0,60.00,7886,3190,511,0,0,0,7861,500.00,500.00,12,1664,0.0000,0.4560,0.5090,0.7870,0.5020
2026-04-27T17:52:50.786,9.869,1,1.20,-6.80,-1.99,11.91,1,0.0236,0.1042,-0.0643,0.0680,0.6566,0.0000,-1.41,-4.22,61.44,43.31,592,592,1.00000,1.00000,1.00000,1.00000,3,3,1,19.48838,0.00433,1.07562,-0.0236,-0.1042,0.3643,0.0680,0.6566,0.0000,1.41,-5.71,170.92,1,1,0.0000,0.0000,0.3000,0.00,0.8200,0.3500,0.9200,6.00,180.00,0.850000,0.000000,0.000000,1.100000,0.000000,0.000000,1.200000,0.000000,0.000000,1.350000,0.000000,0.000000,0.850000,0.020000,0.000000,0.008000,0.000000,0.000600,0.008000,0.000000,0.000600,0.006000,0.000000,0.000000,1,1,1,592,239,430091,430091,255375,174716,0,60.00,7886,3190,511,0,0,0,7861,500.00,500.00,12,1664,0.0000,0.4560,0.5090,0.7870,0.5020
2026-04-27T17:52:50.802,9.885,1,1.20,-6.80,-1.99,11.91,1,0.0225,0.0926,-0.0641,0.0661,0.6794,0.0000,-1.33,-4.78,56.81,53.64,593,593,1.00000,1.00000,1.00000,1.00000,3,3,1,19.02566,0.00418,1.07517,-0.0225,-0.0926,0.3641,0.0661,0.6794,0.0000,1.33,-5.54,171.04,1,1,0.0000,0.0000,0.3000,0.00,0.8200,0.3500,0.9200,6.00,180.00,0.850000,0.000000,0.000000,1.100000,0.000000,0.000000,1.200000,0.000000,0.000000,1.350000,0.000000,0.000000,0.850000,0.020000,0.000000,0.008000,0.000000,0.000600,0.008000,0.000000,0.000600,0.006000,0.000000,0.000000,1,1,1,593,239,430091,430091,255375,174716,0,60.00,7886,3190,511,0,0,0,7861,500.00,500.00,12,1664,0.0000,0.4560,0.5090,0.7870,0.5020
2026-04-27T17:52:50.818,9.901,1,1.20,-6.80,-1.99,11.91,1,0.0218,0.0812,-0.0639,0.0562,0.6884,0.0000,-1.19,-8.48,61.28,111.14,594,594,1.00000,1.00000,1.00000,1.00000,3,3,1,18.62409,0.00408,1.07300,-0.0218,-0.0812,0.3639,0.0562,0.6884,0.0000,1.19,-5.64,171.41,1,1,0.0000,0.0000,0.3000,0.00,0.8200,0.3500,0.9200,6.00,180.00,0.850000,0.000000,0.000000,1.100000,0.000000,0.000000,1.200000,0.000000,0.000000,1.350000,0.000000,0.000000,0.850000,0.020000,0.000000,0.008000,0.000000,0.000600,0.008000,0.000000,0.000600,0.006000,0.000000,0.000000,1,1,1,594,239,430091,430091,255375,174716,0,60.00,7886,3190,511,0,0,0,7861,500.00,500.00,12,1664,0.0000,0.4560,0.5090,0.7870,0.5020
2026-04-27T17:52:50.835,9.918,1,1.20,-6.80,-1.99,11.91,1,0.0210,0.0695,-0.0638,0.0540,0.7004,0.0000,-1.02,-10.75,62.35,42.65,595,595,1.00000,1.00000,1.00000,1.00000,3,3,1,18.33546,0.00434,1.07288,-0.0210,-0.0695,0.3638,0.0540,0.7004,0.0000,1.02,-5.67,171.62,1,1,0.0000,0.0000,0.3000,0.00,0.8200,0.3500,0.9200,6.00,180.00,0.850000,0.000000,0.000000,1.100000,0.000000,0.000000,1.200000,0.000000,0.000000,1.350000,0.000000,0.000000,0.850000,0.020000,0.000000,0.008000,0.000000,0.000600,0.008000,0.000000,0.000600,0.006000,0.000000,0.000000,1,1,1,595,236,430091,430091,255375,174716,0,60.00,7886,3190,511,0,0,0,7861,500.00,500.00,12,1664,0.0000,0.4560,0.5090,0.7870,0.5020
2026-04-27T17:52:50.852,9.935,1,1.20,-6.80,-1.99,11.91,1,0.0200,0.0573,-0.0637,0.0600,0.7246,0.0000,-0.81,-11.91,59.93,61.29,596,596,1.00000,1.00000,1.00000,1.00000,3,3,1,17.83025,0.00409,1.07093,-0.0200,-0.0573,0.3637,0.0600,0.7246,0.0000,0.81,-5.56,171.78,1,1,0.0000,0.0000,0.3000,0.00,0.8200,0.3500,0.9200,6.00,180.00,0.850000,0.000000,0.000000,1.100000,0.000000,0.000000,1.200000,0.000000,0.000000,1.350000,0.000000,0.000000,0.850000,0.020000,0.000000,0.008000,0.000000,0.000600,0.008000,0.000000,0.000600,0.006000,0.000000,0.000000,1,1,1,596,237,430091,430091,255375,174716,0,60.00,7886,3190,511,0,0,0,7861,500.00,500.00,12,1664,0.0000,0.4560,0.5090,0.7870,0.5020
2026-04-27T17:52:50.869,9.952,1,1.20,-6.80,-1.99,11.91,1,0.0193,0.0452,-0.0636,0.0488,0.7267,0.0000,-0.74,-4.06,60.14,55.81,597,597,1.00000,1.00000,1.00000,1.00000,3,3,1,17.47842,0.00421,1.07039,-0.0193,-0.0452,0.3636,0.0488,0.7267,0.0000,0.74,-5.56,172.04,1,1,0.0000,0.0000,0.3000,0.00,0.8200,0.3500,0.9200,6.00,180.00,0.850000,0.000000,0.000000,1.100000,0.000000,0.000000,1.200000,0.000000,0.000000,1.350000,0.000000,0.000000,0.850000,0.020000,0.000000,0.008000,0.000000,0.000600,0.008000,0.000000,0.000600,0.006000,0.000000,0.000000,1,1,1,597,239,430151,430151,255435,174716,0,60.00,7946,3188,511,0,0,0,7861,500.00,500.00,12,1664,0.0000,0.4560,0.5090,0.7870,0.5020
2026-04-27T17:52:50.886,9.969,1,1.20,-6.80,-1.99,11.91,1,0.0185,0.0329,-0.0636,0.0533,0.7454,0.0000,-0.62,-7.54,58.05,101.89,598,598,1.00000,1.00000,1.00000,1.00000,3,3,1,17.14334,0.00410,1.06639,-0.0185,-0.0329,0.3636,0.0533,0.7454,0.0000,0.62,-5.41,172.36,1,1,0.0000,0.0000,0.3000,0.00,0.8200,0.3500,0.9200,6.00,180.00,0.850000,0.000000,0.000000,1.100000,0.000000,0.000000,1.200000,0.000000,0.000000,1.350000,0.000000,0.000000,0.850000,0.020000,0.000000,0.008000,0.000000,0.000600,0.008000,0.000000,0.000600,0.006000,0.000000,0.000000,1,1,1,598,239,430151,430151,255435,174716,0,60.00,7946,3188,511,0,0,0,7861,500.00,500.00,12,1664,0.0000,0.4560,0.5090,0.7870,0.5020
2026-04-27T17:52:50.904,9.987,1,1.20,-6.80,-1.99,11.91,1,0.0179,0.0201,-0.0635,0.0411,0.7233,0.0000,-0.54,-4.33,59.06,62.30,599,599,1.00000,1.00000,1.00000,1.00000,3,3,1,16.72234,0.00416,1.07511,-0.0179,-0.0201,0.3635,0.0411,0.7233,0.0000,0.54,-5.51,172.68,1,1,0.0000,0.0000,0.3000,0.00,0.8200,0.3500,0.9200,6.00,180.00,0.850000,0.000000,0.000000,1.100000,0.000000,0.000000,1.200000,0.000000,0.000000,1.350000,0.000000,0.000000,0.850000,0.020000,0.000000,0.008000,0.000000,0.000600,0.008000,0.000000,0.000600,0.006000,0.000000,0.000000,1,1,1,599,238,430151,430151,255435,174716,0,60.00,7946,3188,511,0,0,0,7861,500.00,500.00,12,1664,0.0000,0.4560,0.5090,0.7870,0.5020
2026-04-27T17:52:50.916,9.999,1,1.20,-6.80,-1.99,11.91,1,0.0173,0.0078,-0.0632,0.0436,0.7869,-0.0114,-0.49,-3.84,55.59,51.87,600,600,1.00000,1.00000,1.00000,1.00000,3,3,1,16.41749,0.00423,1.07394,-0.0173,-0.0078,0.3632,0.0436,0.7869,-0.0114,0.49,-5.56,173.02,1,1,0.0000,0.0000,0.3000,0.00,0.8200,0.3500,0.9200,6.00,180.00,0.850000,0.000000,0.000000,1.100000,0.000000,0.000000,1.200000,0.000000,0.000000,1.350000,0.000000,0.000000,0.850000,0.020000,0.000000,0.008000,0.000000,0.000600,0.008000,0.000000,0.000600,0.006000,0.000000,0.000000,1,1,1,600,244,430151,430151,255435,174716,0,60.00,7946,3188,511,0,0,0,7861,500.00,500.00,12,1664,0.0000,0.4560,0.5090,0.7870,0.5020
2026-04-27T17:52:50.934,10.017,1,1.09,-5.30,-1.01,14.66,1,0.0168,-0.0054,-0.0631,0.0375,0.7801,0.0000,-0.32,-9.41,87.02,48.77,601,601,1.00000,1.00000,1.00000,1.00000,3,3,1,15.97838,0.00423,1.07344,-0.0168,0.0054,0.3631,0.0375,0.7801,0.0000,0.32,-5.76,173.54,1,1,0.0000,0.0000,0.3000,0.00,0.8200,0.3500,0.9200,6.00,180.00,0.850000,0.000000,0.000000,1.100000,0.000000,0.000000,1.200000,0.000000,0.000000,1.350000,0.000000,0.000000,0.850000,0.020000,0.000000,0.008000,0.000000,0.000600,0.008000,0.000000,0.000600,0.006000,0.000000,0.000000,1,1,1,601,237,430151,430151,255435,174716,0,60.00,7946,3188,511,0,0,0,7861,500.00,500.00,12,1664,0.0000,0.4560,0.5090,0.7870,0.5020
2026-04-27T17:52:50.950,10.033,1,1.09,-5.30,-1.01,14.66,1,0.0159,-0.0182,-0.0631,0.0482,0.7885,0.0000,-0.28,-2.62,55.35,80.88,602,602,1.00000,1.00000,1.00000,1.00000,3,3,1,15.68838,0.00417,1.06876,-0.0159,0.0182,0.3631,0.0482,0.7885,0.0000,0.28,-5.62,173.87,1,1,0.0000,0.0000,0.3000,0.00,0.8200,0.3500,0.9200,6.00,180.00,0.850000,0.000000,0.000000,1.100000,0.000000,0.000000,1.200000,0.000000,0.000000,1.350000,0.000000,0.000000,0.850000,0.020000,0.000000,0.008000,0.000000,0.000600,0.008000,0.000000,0.000600,0.006000,0.000000,0.000000,1,1,1,602,238,430151,430151,255435,174716,0,60.00,7946,3188,511,0,0,0,7861,500.00,500.00,12,1664,0.0000,0.4560,0.5090,0.7870,0.5020
2026-04-27T17:52:50.969,10.051,1,1.09,-5.30,-1.01,14.66,1,0.0153,-0.0313,-0.0630,0.0422,0.7938,0.0000,-0.10,-9.57,65.61,73.49,603,603,1.00000,1.00000,1.00000,1.00000,3,3,1,15.39043,0.00419,1.07332,-0.0153,0.0313,0.3630,0.0422,0.7938,0.0000,0.10,-5.63,174.00,1,1,0.0000,0.0000,0.3000,0.00,0.8200,0.3500,0.9200,6.00,180.00,0.850000,0.000000,0.000000,1.100000,0.000000,0.000000,1.200000,0.000000,0.000000,1.350000,0.000000,0.000000,0.850000,0.020000,0.000000,0.008000,0.000000,0.000600,0.008000,0.000000,0.000600,0.006000,0.000000,0.000000,1,1,1,603,234,430151,430151,255435,174716,0,60.00,7946,3188,601,0,0,0,7951,500.00,500.00,14,1853,0.0000,0.5660,0.4970,0.7900,0.5010
2026-04-27T17:52:50.985,10.068,1,1.09,-5.30,-1.01,14.66,1,0.0146,-0.0442,-0.0630,0.0423,0.7864,0.0000,-0.07,-1.80,53.17,45.84,604,604,1.00000,1.00000,1.00000,1.00000,3,3,1,14.95054,0.00402,1.06880,-0.0146,0.0442,0.3630,0.0423,0.7864,0.0000,0.07,-5.49,174.43,1,1,0.0000,0.0000,0.3000,0.00,0.8200,0.3500,0.9200,6.00,180.00,0.850000,0.000000,0.000000,1.100000,0.000000,0.000000,1.200000,0.000000,0.000000,1.350000,0.000000,0.000000,0.850000,0.020000,0.000000,0.008000,0.000000,0.000600,0.008000,0.000000,0.000600,0.006000,0.000000,0.000000,1,1,1,604,238,430151,430151,255435,174716,0,60.00,7946,3188,601,0,0,0,7951,500.00,500.00,14,1853,0.0000,0.5660,0.4970,0.7900,0.5010
2026-04-27T17:52:51.005,10.088,1,1.09,-5.30,-1.01,14.66,1,0.0136,-0.0579,-0.0633,0.0498,0.7682,0.0000,-0.06,-0.53,56.57,103.50,605,605,1.00000,1.00000,1.00000,1.00000,3,3,1,14.68501,0.00403,1.07591,-0.0136,0.0579,0.3633,0.0498,0.7682,0.0000,0.06,-5.09,174.70,1,1,0.0000,0.0000,0.3000,0.00,0.8200,0.3500,0.9200,6.00,180.00,0.850000,0.000000,0.000000,1.100000,0.000000,0.000000,1.200000,0.000000,0.000000,1.350000,0.000000,0.000000,0.850000,0.020000,0.000000,0.008000,0.000000,0.000600,0.008000,0.000000,0.000600,0.006000,0.000000,0.000000,1,1,1,605,236,430151,430151,255435,174716,0,60.00,7946,3188,601,0,0,0,7951,500.00,500.00,14,1853,0.0000,0.5660,0.4970,0.7900,0.5010
2026-04-27T17:52:51.019,10.102,1,1.09,-5.30,-1.01,14.66,1,0.0127,-0.0701,-0.0634,0.0523,0.7882,0.0000,-0.08,1.31,49.89,46.44,606,606,1.00000,1.00000,1.00000,1.00000,3,3,1,14.48166,0.00410,1.06985,-0.0127,0.0701,0.3634,0.0523,0.7882,0.0000,0.08,-4.85,175.13,1,1,0.0000,0.0000,0.3000,0.00,0.8200,0.3500,0.9200,6.00,180.00,0.850000,0.000000,0.000000,1.100000,0.000000,0.000000,1.200000,0.000000,0.000000,1.350000,0.000000,0.000000,0.850000,0.020000,0.000000,0.008000,0.000000,0.000600,0.008000,0.000000,0.000600,0.006000,0.000000,0.000000,1,1,1,606,237,430151,430151,255435,174716,0,60.00,7946,3188,601,0,0,0,7951,500.00,500.00,14,1853,0.0000,0.5660,0.4970,0.7900,0.5010
2026-04-27T17:52:51.036,10.119,1,1.09,-3.20,0.00,20.82,1,0.0124,-0.0840,-0.0630,0.0337,0.8173,-0.0108,0.02,-6.01,70.22,48.85,607,607,1.00000,1.00000,1.00000,1.00000,3,3,1,14.17278,0.00420,1.07320,-0.0124,0.0840,0.3630,0.0337,0.8173,-0.0108,-0.02,-5.09,175.47,1,1,0.0000,0.0000,0.3000,0.00,0.8200,0.3500,0.9200,6.00,180.00,0.850000,0.000000,0.000000,1.100000,0.000000,0.000000,1.200000,0.000000,0.000000,1.350000,0.000000,0.000000,0.850000,0.020000,0.000000,0.008000,0.000000,0.000600,0.008000,0.000000,0.000600,0.006000,0.000000,0.000000,1,1,1,607,244,430151,430151,255435,174716,0,60.00,7946,3188,601,0,0,0,7951,500.00,500.00,14,1853,0.0000,0.5660,0.4970,0.7900,0.5010
2026-04-27T17:52:51.051,10.134,1,1.09,-3.20,0.00,20.82,1,0.0118,-0.0970,-0.0633,0.0412,0.8581,0.0000,0.15,-8.86,56.66,55.47,608,608,1.00000,1.00000,1.00000,1.00000,3,3,1,13.73820,0.00409,1.07132,-0.0118,0.0970,0.3633,0.0412,0.8581,0.0000,-0.15,-5.20,175.86,1,1,0.0000,0.0000,0.3000,0.00,0.8200,0.3500,0.9200,6.00,180.00,0.850000,0.000000,0.000000,1.100000,0.000000,0.000000,1.200000,0.000000,0.000000,1.350000,0.000000,0.000000,0.850000,0.020000,0.000000,0.008000,0.000000,0.000600,0.008000,0.000000,0.000600,0.006000,0.000000,0.000000,1,1,1,608,238,430151,430151,255435,174716,0,60.00,7946,3188,601,0,0,0,7951,500.00,500.00,14,1853,0.0000,0.5660,0.4970,0.7900,0.5010
2026-04-27T17:52:51.070,10.153,1,1.09,-3.20,0.00,20.82,1,0.0112,-0.1107,-0.0632,0.0381,0.8016,0.0000,0.22,-3.74,79.08,219.82,609,609,1.00000,1.00000,1.00000,1.00000,3,3,1,13.49943,0.00427,1.06823,-0.0112,0.1107,0.3632,0.0381,0.8016,0.0000,-0.22,-5.13,176.21,1,1,0.0000,0.0000,0.3000,0.00,0.8200,0.3500,0.9200,6.00,180.00,0.850000,0.000000,0.000000,1.100000,0.000000,0.000000,1.200000,0.000000,0.000000,1.350000,0.000000,0.000000,0.850000,0.020000,0.000000,0.008000,0.000000,0.000600,0.008000,0.000000,0.000600,0.006000,0.000000,0.000000,1,1,1,609,239,430151,430151,255435,174716,0,60.00,7946,3188,601,0,0,0,7951,500.00,500.00,14,1853,0.0000,0.5660,0.4970,0.7900,0.5010
2026-04-27T17:52:51.088,10.171,1,1.20,-1.09,1.01,20.62,1,0.0105,-0.1238,-0.0634,0.0383,0.7751,0.0000,0.21,0.55,48.50,42.01,610,610,1.00000,1.00000,1.00000,1.00000,3,3,1,13.20412,0.00407,1.07090,-0.0105,0.1238,0.3634,0.0383,0.7751,0.0000,-0.21,-5.14,176.65,1,1,0.0000,0.0000,0.3000,0.00,0.8200,0.3500,0.9200,6.00,180.00,0.850000,0.000000,0.000000,1.100000,0.000000,0.000000,1.200000,0.000000,0.000000,1.350000,0.000000,0.000000,0.850000,0.020000,0.000000,0.008000,0.000000,0.000600,0.008000,0.000000,0.000600,0.006000,0.000000,0.000000,1,1,1,610,239,430151,430151,255435,174716,0,60.00,7946,3188,601,0,0,0,7951,500.00,500.00,14,1853,0.0000,0.5660,0.4970,0.7900,0.5010
2026-04-27T17:52:51.105,10.188,1,1.20,-1.09,1.01,20.62,1,0.0099,-0.1369,-0.0632,0.0383,0.7950,0.0000,0.36,-9.28,57.97,59.48,611,611,1.00000,1.00000,1.00000,1.00000,3,3,1,13.04957,0.00404,1.06567,-0.0099,0.1369,0.3632,0.0383,0.7950,0.0000,-0.36,-5.33,177.02,1,1,0.0000,0.0000,0.3000,0.00,0.8200,0.3500,0.9200,6.00,180.00,0.850000,0.000000,0.000000,1.100000,0.000000,0.000000,1.200000,0.000000,0.000000,1.350000,0.000000,0.000000,0.850000,0.020000,0.000000,0.008000,0.000000,0.000600,0.008000,0.000000,0.000600,0.006000,0.000000,0.000000,1,1,1,611,238,430151,430151,255435,174716,0,60.00,7946,3188,601,0,0,0,7951,500.00,500.00,14,1853,0.0000,0.5660,0.4970,0.7900,0.5010
2026-04-27T17:52:51.118,10.201,1,1.20,-1.09,1.01,20.62,1,0.0091,-0.1492,-0.0637,0.0498,0.8265,0.0175,0.39,-2.20,58.27,47.00,612,612,1.00000,1.00000,1.00000,1.00000,3,3,1,12.74655,0.00410,1.06697,-0.0091,0.1492,0.3637,0.0498,0.8265,0.0175,-0.39,-5.14,177.38,1,1,0.0000,0.0000,0.3000,0.00,0.8200,0.3500,0.9200,6.00,180.00,0.850000,0.000000,0.000000,1.100000,0.000000,0.000000,1.200000,0.000000,0.000000,1.350000,0.000000,0.000000,0.850000,0.020000,0.000000,0.008000,0.000000,0.000600,0.008000,0.000000,0.000600,0.006000,0.000000,0.000000,1,1,1,612,242,430151,430151,255435,174716,0,60.00,7946,3188,601,0,0,0,7951,500.00,500.00,14,1853,0.0000,0.5660,0.4970,0.7900,0.5010
2026-04-27T17:52:51.138,10.221,1,1.20,-1.09,1.01,20.62,1,0.0084,-0.1629,-0.0641,0.0398,0.7728,0.0187,0.33,3.19,73.31,58.41,613,613,1.00000,1.00000,1.00000,1.00000,3,3,1,12.48049,0.00396,1.06857,-0.0084,0.1629,0.3641,0.0398,0.7728,0.0187,-0.33,-4.98,177.73,1,1,0.0000,0.0000,0.3000,0.00,0.8200,0.3500,0.9200,6.00,180.00,0.850000,0.000000,0.000000,1.100000,0.000000,0.000000,1.200000,0.000000,0.000000,1.350000,0.000000,0.000000,0.850000,0.020000,0.000000,0.008000,0.000000,0.000600,0.008000,0.000000,0.000600,0.006000,0.000000,0.000000,1,1,1,613,242,430151,430151,255435,174716,0,60.00,7946,3188,601,0,0,0,7951,500.00,500.00,14,1853,0.0000,0.5660,0.4970,0.7900,0.5010
2026-04-27T17:52:51.153,10.236,1,1.20,-1.09,1.01,20.62,1,0.0079,-0.1755,-0.0642,0.0391,0.8117,0.0000,0.45,-7.72,54.55,125.20,614,614,1.00000,1.00000,1.00000,1.00000,3,3,1,12.17992,0.00417,1.06786,-0.0079,0.1755,0.3642,0.0391,0.8117,0.0000,-0.45,-5.11,178.09,1,1,0.0000,0.0000,0.3000,0.00,0.8200,0.3500,0.9200,6.00,180.00,0.850000,0.000000,0.000000,1.100000,0.000000,0.000000,1.200000,0.000000,0.000000,1.350000,0.000000,0.000000,0.850000,0.020000,0.000000,0.008000,0.000000,0.000600,0.008000,0.000000,0.000600,0.006000,0.000000,0.000000,1,1,1,614,239,430151,430151,255435,174716,0,60.00,7946,3188,601,0,0,0,7951,500.00,500.00,14,1853,0.0000,0.5660,0.4970,0.7900,0.5010
2026-04-27T17:52:51.168,10.251,1,1.20,-1.09,1.01,20.62,1,0.0071,-0.1878,-0.0646,0.0478,0.8044,0.0204,0.44,0.64,62.32,45.73,615,615,1.00000,1.00000,1.00000,1.00000,3,3,1,12.08940,0.00400,1.06692,-0.0071,0.1878,0.3646,0.0478,0.8044,0.0204,-0.44,-5.05,178.51,1,1,0.0000,0.0000,0.3000,0.00,0.8200,0.3500,0.9200,6.00,180.00,0.850000,0.000000,0.000000,1.100000,0.000000,0.000000,1.200000,0.000000,0.000000,1.350000,0.000000,0.000000,0.850000,0.020000,0.000000,0.008000,0.000000,0.000600,0.008000,0.000000,0.000600,0.006000,0.000000,0.000000,1,1,1,615,242,430151,430151,255435,174716,0,60.00,7946,3188,601,0,0,0,7951,500.00,500.00,14,1853,0.0000,0.5660,0.4970,0.7900,0.5010
2026-04-27T17:52:51.185,10.268,1,1.09,1.20,-1.02,22.69,1,0.0064,-0.2010,-0.0649,0.0414,0.7999,0.0190,0.44,0.00,64.01,50.27,616,616,1.00000,1.00000,1.00000,1.00000,3,3,1,11.82297,0.00400,1.07160,-0.0064,0.2010,0.3649,0.0414,0.7999,0.0190,-0.44,-5.02,178.81,1,1,0.0000,0.0000,0.3000,0.00,0.8200,0.3500,0.9200,6.00,180.00,0.850000,0.000000,0.000000,1.100000,0.000000,0.000000,1.200000,0.000000,0.000000,1.350000,0.000000,0.000000,0.850000,0.020000,0.000000,0.008000,0.000000,0.000600,0.008000,0.000000,0.000600,0.006000,0.000000,0.000000,1,1,1,616,241,430151,430151,255435,174716,0,60.00,7946,3188,601,0,0,0,7951,500.00,500.00,14,1853,0.0000,0.5660,0.4970,0.7900,0.5010
2026-04-27T17:52:51.199,10.281,1,1.09,1.20,-1.02,22.69,1,0.0056,-0.2130,-0.0650,0.0493,0.7998,0.0107,0.65,-14.18,61.53,62.07,617,617,1.00000,1.00000,1.00000,1.00000,3,3,1,11.58282,0.00410,1.05732,-0.0056,0.2130,0.3650,0.0493,0.7998,0.0107,-0.65,-5.07,179.34,1,1,0.0000,0.0000,0.3000,0.00,0.8200,0.3500,0.9200,6.00,180.00,0.850000,0.000000,0.000000,1.100000,0.000000,0.000000,1.200000,0.000000,0.000000,1.350000,0.000000,0.000000,0.850000,0.020000,0.000000,0.008000,0.000000,0.000600,0.008000,0.000000,0.000600,0.006000,0.000000,0.000000,1,1,1,617,241,430151,430151,255435,174716,0,60.00,7946,3188,601,0,0,0,7951,500.00,500.00,14,1853,0.0000,0.5660,0.4970,0.7900,0.5010
2026-04-27T17:52:51.218,10.301,1,1.09,1.20,-1.02,22.69,1,0.0052,-0.2258,-0.0653,0.0330,0.7612,0.0148,0.71,-3.17,78.14,119.47,618,618,1.00000,1.00000,1.00000,1.00000,3,3,1,11.48103,0.00407,1.06679,-0.0052,0.2258,0.3653,0.0330,0.7612,0.0148,-0.71,-5.26,179.58,1,1,0.0000,0.0000,0.3000,0.00,0.8200,0.3500,0.9200,6.00,180.00,0.850000,0.000000,0.000000,1.100000,0.000000,0.000000,1.200000,0.000000,0.000000,1.350000,0.000000,0.000000,0.850000,0.020000,0.000000,0.008000,0.000000,0.000600,0.008000,0.000000,0.000600,0.006000,0.000000,0.000000,1,1,1,618,243,430151,430151,255435,174716,0,60.00,7946,3188,601,0,0,0,7951,500.00,500.00,14,1853,0.0000,0.5660,0.4970,0.7900,0.5010
2026-04-27T17:52:51.236,10.319,1,1.09,1.20,-1.02,22.69,1,0.0048,-0.2380,-0.0654,0.0331,0.7564,0.0000,0.89,-10.73,50.16,39.51,619,619,1.00000,1.00000,1.00000,1.00000,3,3,1,11.19447,0.00432,1.06741,-0.0048,0.2380,0.3654,0.0331,0.7564,0.0000,-0.89,-5.60,179.89,1,1,0.0000,0.0000,0.3000,0.00,0.8200,0.3500,0.9200,6.00,180.00,0.850000,0.000000,0.000000,1.100000,0.000000,0.000000,1.200000,0.000000,0.000000,1.350000,0.000000,0.000000,0.850000,0.020000,0.000000,0.008000,0.000000,0.000600,0.008000,0.000000,0.000600,0.006000,0.000000,0.000000,1,1,1,619,238,430151,430151,255435,174716,0,60.00,7946,3188,601,0,0,0,7951,500.00,500.00,14,1853,0.0000,0.5660,0.4970,0.7900,0.5010
2026-04-27T17:52:51.252,10.335,1,1.09,1.20,-1.02,22.69,1,0.0036,-0.2496,-0.0660,0.0550,0.7357,0.0275,0.79,6.03,55.05,114.51,620,620,1.00000,1.00000,1.00000,1.00000,3,3,1,11.07040,0.00362,1.06746,-0.0036,0.2496,0.3660,0.0550,0.7357,0.0275,-0.79,-5.08,-179.76,1,1,0.0000,0.0000,0.3000,0.00,0.8200,0.3500,0.9200,6.00,180.00,0.850000,0.000000,0.000000,1.100000,0.000000,0.000000,1.200000,0.000000,0.000000,1.350000,0.000000,0.000000,0.850000,0.020000,0.000000,0.008000,0.000000,0.000600,0.008000,0.000000,0.000600,0.006000,0.000000,0.000000,1,1,1,620,243,430151,430151,255435,174716,0,60.00,7946,3188,601,0,0,0,7951,500.00,500.00,14,1853,0.0000,0.5660,0.4970,0.7900,0.5010
2026-04-27T17:52:51.269,10.351,1,1.09,1.20,-1.02,22.69,1,0.0031,-0.2613,-0.0662,0.0378,0.7246,0.0155,0.84,-2.99,61.35,40.22,621,621,1.00000,1.00000,1.00000,1.00000,3,3,1,10.95615,0.00383,1.06850,-0.0031,0.2613,0.3662,0.0378,0.7246,0.0155,-0.84,-5.18,-179.46,1,1,0.0000,0.0000,0.3000,0.00,0.8200,0.3500,0.9200,6.00,180.00,0.850000,0.000000,0.000000,1.100000,0.000000,0.000000,1.200000,0.000000,0.000000,1.350000,0.000000,0.000000,0.850000,0.020000,0.000000,0.008000,0.000000,0.000600,0.008000,0.000000,0.000600,0.006000,0.000000,0.000000,1,1,1,621,244,430151,430151,255435,174716,0,60.00,7946,3188,601,0,0,0,7951,500.00,500.00,14,1853,0.0000,0.5660,0.4970,0.7900,0.5010
2026-04-27T17:52:51.285,10.368,1,1.09,1.20,-1.02,22.69,1,0.0025,-0.2727,-0.0664,0.0388,0.7134,0.0154,0.94,-6.02,60.05,67.98,622,622,1.00000,1.00000,1.00000,1.00000,3,3,1,10.79190,0.00396,1.07061,-0.0025,0.2727,0.3664,0.0388,0.7134,0.0154,-0.94,-5.19,-179.18,1,1,0.0000,0.0000,0.3000,0.00,0.8200,0.3500,0.9200,6.00,180.00,0.850000,0.000000,0.000000,1.100000,0.000000,0.000000,1.200000,0.000000,0.000000,1.350000,0.000000,0.000000,0.850000,0.020000,0.000000,0.008000,0.000000,0.000600,0.008000,0.000000,0.000600,0.006000,0.000000,0.000000,1,1,1,622,244,430151,430151,255435,174716,0,60.00,7946,3188,601,0,0,0,7951,500.00,500.00,14,1853,0.0000,0.5660,0.4970,0.7900,0.5010
2026-04-27T17:52:51.302,10.385,1,1.09,1.20,-1.02,22.69,1,0.0018,-0.2839,-0.0666,0.0438,0.6982,0.0142,0.88,3.58,60.39,55.82,623,623,1.00000,1.00000,1.00000,1.00000,3,3,1,10.54710,0.00368,1.07407,-0.0018,0.2839,0.3666,0.0438,0.6982,0.0142,-0.88,-5.01,-178.81,1,1,0.0000,0.0000,0.3000,0.00,0.8200,0.3500,0.9200,6.00,180.00,0.850000,0.000000,0.000000,1.100000,0.000000,0.000000,1.200000,0.000000,0.000000,1.350000,0.000000,0.000000,0.850000,0.020000,0.000000,0.008000,0.000000,0.000600,0.008000,0.000000,0.000600,0.006000,0.000000,0.000000,1,1,1,623,241,430151,430151,255435,174716,0,60.00,7946,3188,601,0,0,0,7951,500.00,500.00,14,1853,0.0000,0.5660,0.4970,0.7900,0.5010
2026-04-27T17:52:51.316,10.399,1,1.09,1.20,-1.02,22.69,1,0.0008,-0.2946,-0.0666,0.0504,0.6778,0.0000,0.95,-4.50,63.55,72.61,624,624,1.00000,1.00000,1.00000,1.00000,3,3,1,10.48854,0.00383,1.06321,-0.0008,0.2946,0.3666,0.0504,0.6778,0.0000,-0.95,-4.93,-178.37,1,1,0.0000,0.0000,0.3000,0.00,0.8200,0.3500,0.9200,6.00,180.00,0.850000,0.000000,0.000000,1.100000,0.000000,0.000000,1.200000,0.000000,0.000000,1.350000,0.000000,0.000000,0.850000,0.020000,0.000000,0.008000,0.000000,0.000600,0.008000,0.000000,0.000600,0.006000,0.000000,0.000000,1,1,1,624,234,430151,430151,255435,174716,0,60.00,7946,3188,601,0,0,0,7951,500.00,500.00,14,1853,0.0000,0.5660,0.4970,0.7900,0.5010
2026-04-27T17:52:51.335,10.418,1,1.09,1.20,-1.02,22.69,1,0.0000,-0.3050,-0.0669,0.0499,0.6676,0.0155,1.04,-5.21,68.72,60.57,625,625,1.00000,1.00000,1.00000,1.00000,3,3,1,10.34442,0.00339,1.06399,-0.0000,0.3050,0.3669,0.0499,0.6676,0.0155,-1.04,-4.68,-178.01,1,1,0.0000,0.0000,0.3000,0.00,0.8200,0.3500,0.9200,6.00,180.00,0.850000,0.000000,0.000000,1.100000,0.000000,0.000000,1.200000,0.000000,0.000000,1.350000,0.000000,0.000000,0.850000,0.020000,0.000000,0.008000,0.000000,0.000600,0.008000,0.000000,0.000600,0.006000,0.000000,0.000000,1,1,1,625,235,430151,430151,255435,174716,0,60.00,7946,3188,601,0,0,0,7951,500.00,500.00,14,1853,0.0000,0.5660,0.4970,0.7900,0.5010
2026-04-27T17:52:51.350,10.433,1,0.90,3.10,-1.91,18.65,1,-0.0006,-0.3153,-0.0671,0.0405,0.6395,0.0109,1.18,-8.72,50.51,88.07,626,626,1.00000,1.00000,1.00000,1.00000,3,3,1,10.23335,0.00393,1.06481,0.0006,0.3153,0.3671,0.0405,0.6395,0.0109,-1.18,-4.75,-177.61,1,1,0.0000,0.0000,0.3000,0.00,0.8200,0.3500,0.9200,6.00,180.00,0.850000,0.000000,0.000000,1.100000,0.000000,0.000000,1.200000,0.000000,0.000000,1.350000,0.000000,0.000000,0.850000,0.020000,0.000000,0.008000,0.000000,0.000600,0.008000,0.000000,0.000600,0.006000,0.000000,0.000000,1,1,1,626,239,430151,430151,255435,174716,0,60.00,7946,3188,601,0,0,0,7951,500.00,500.00,14,1853,0.0000,0.5660,0.4970,0.7900,0.5010
2026-04-27T17:52:51.368,10.451,1,0.90,3.10,-1.91,18.65,1,-0.0010,-0.3256,-0.0668,0.0337,0.6359,0.0000,1.30,-6.76,73.95,58.45,627,627,1.00000,1.00000,1.00000,1.00000,3,3,1,10.13553,0.00396,1.07067,0.0010,0.3256,0.3668,0.0337,0.6359,0.0000,-1.30,-5.02,-177.37,1,1,0.0000,0.0000,0.3000,0.00,0.8200,0.3500,0.9200,6.00,180.00,0.850000,0.000000,0.000000,1.100000,0.000000,0.000000,1.200000,0.000000,0.000000,1.350000,0.000000,0.000000,0.850000,0.020000,0.000000,0.008000,0.000000,0.000600,0.008000,0.000000,0.000600,0.006000,0.000000,0.000000,1,1,1,627,234,430151,430151,255435,174716,0,60.00,7946,3188,601,0,0,0,7951,500.00,500.00,14,1853,0.0000,0.5660,0.4970,0.7900,0.5010
2026-04-27T17:52:51.385,10.468,1,0.90,3.10,-1.91,18.65,1,-0.0019,-0.3349,-0.0671,0.0477,0.6007,0.0000,1.24,3.61,53.35,40.89,628,628,1.00000,1.00000,1.00000,1.00000,3,3,1,9.99378,0.00370,1.07077,0.0019,0.3349,0.3671,0.0477,0.6007,0.0000,-1.24,-4.97,-176.98,1,1,0.0000,0.0000,0.3000,0.00,0.8200,0.3500,0.9200,6.00,180.00,0.850000,0.000000,0.000000,1.100000,0.000000,0.000000,1.200000,0.000000,0.000000,1.350000,0.000000,0.000000,0.850000,0.020000,0.000000,0.008000,0.000000,0.000600,0.008000,0.000000,0.000600,0.006000,0.000000,0.000000,1,1,1,628,239,430151,430151,255435,174716,0,60.00,7946,3188,601,0,0,0,7951,500.00,500.00,14,1853,0.0000,0.5660,0.4970,0.7900,0.5010
2026-04-27T17:52:51.402,10.485,1,0.90,3.10,-1.91,18.65,1,-0.0028,-0.3441,-0.0672,0.0500,0.5870,0.0000,1.09,8.99,56.69,98.78,629,629,1.00000,1.00000,1.00000,1.00000,3,3,1,9.99963,0.00335,1.06885,0.0028,0.3441,0.3672,0.0500,0.5870,0.0000,-1.09,-4.71,-176.64,1,1,0.0000,0.0000,0.3000,0.00,0.8200,0.3500,0.9200,6.00,180.00,0.850000,0.000000,0.000000,1.100000,0.000000,0.000000,1.200000,0.000000,0.000000,1.350000,0.000000,0.000000,0.850000,0.020000,0.000000,0.008000,0.000000,0.000600,0.008000,0.000000,0.000600,0.006000,0.000000,0.000000,1,1,1,629,238,430151,430151,255435,174716,0,60.00,7946,3188,601,0,0,0,7951,500.00,500.00,14,1853,0.0000,0.5660,0.4970,0.7900,0.5010
2026-04-27T17:52:51.419,10.501,1,0.90,3.10,-1.91,18.65,1,-0.0034,-0.3533,-0.0667,0.0418,0.5752,-0.0151,1.23,-8.37,59.94,42.96,630,630,1.00000,1.00000,1.00000,1.00000,3,3,1,9.75276,0.00380,1.06497,0.0034,0.3533,0.3667,0.0418,0.5752,-0.0151,-1.23,-5.02,-176.34,1,1,0.0000,0.0000,0.3000,0.00,0.8200,0.3500,0.9200,6.00,180.00,0.850000,0.000000,0.000000,1.100000,0.000000,0.000000,1.200000,0.000000,0.000000,1.350000,0.000000,0.000000,0.850000,0.020000,0.000000,0.008000,0.000000,0.000600,0.008000,0.000000,0.000600,0.006000,0.000000,0.000000,1,1,1,630,244,430151,430151,255435,174716,0,60.00,7946,3188,601,0,0,0,7951,500.00,500.00,14,1853,0.0000,0.5660,0.4970,0.7900,0.5010
2026-04-27T17:52:51.435,10.518,1,0.90,3.10,-1.91,18.65,1,-0.0035,-0.3629,-0.0659,0.0235,0.5811,-0.0297,1.64,-24.65,63.58,57.37,631,631,1.00000,1.00000,1.00000,1.00000,3,3,1,9.46850,0.00406,1.07436,0.0035,0.3629,0.3659,0.0235,0.5811,-0.0297,-1.64,-6.01,-176.59,1,1,0.0000,0.0000,0.3000,0.00,0.8200,0.3500,0.9200,6.00,180.00,0.850000,0.000000,0.000000,1.100000,0.000000,0.000000,1.200000,0.000000,0.000000,1.350000,0.000000,0.000000,0.850000,0.020000,0.000000,0.008000,0.000000,0.000600,0.008000,0.000000,0.000600,0.006000,0.000000,0.000000,1,1,1,631,240,430151,430151,255435,174716,0,60.00,7946,3188,601,0,0,0,7951,500.00,500.00,14,1853,0.0000,0.5660,0.4970,0.7900,0.5010
2026-04-27T17:52:51.446,10.529,1,0.90,3.10,-1.91,18.65,0,0.0000,0.0000,0.3000,0.0000,0.0000,0.0000,0.00,0.00,56.71,63.55,632,631,0.99842,0.99842,1.00000,0.99842,3,2,0,0.00000,0.00000,1.00000,0.0000,0.0000,0.0000,0.0000,0.0000,0.0000,0.00,0.00,0.00,1,1,0.0000,0.0000,0.3000,0.00,0.8200,0.3500,0.9200,6.00,180.00,0.850000,0.000000,0.000000,1.100000,0.000000,0.000000,1.200000,0.000000,0.000000,1.350000,0.000000,0.000000,0.850000,0.020000,0.000000,0.008000,0.000000,0.000600,0.008000,0.000000,0.000600,0.006000,0.000000,0.000000,1,1,1,632,205,430151,430151,255435,174716,0,60.00,7946,3188,601,0,0,0,7951,500.00,500.00,14,1853,0.0000,0.5660,0.4970,0.7900,0.5010
2026-04-27T17:52:51.462,10.545,1,0.90,3.10,-1.91,18.65,0,0.0000,0.0000,0.3000,0.0000,0.0000,0.0000,0.00,0.00,88.11,59.25,633,631,0.99684,0.99684,1.00000,0.99684,3,2,0,0.00000,0.00000,1.00000,0.0000,0.0000,0.0000,0.0000,0.0000,0.0000,0.00,0.00,0.00,1,1,0.0000,0.0000,0.3000,0.00,0.8200,0.3500,0.9200,6.00,180.00,0.850000,0.000000,0.000000,1.100000,0.000000,0.000000,1.200000,0.000000,0.000000,1.350000,0.000000,0.000000,0.850000,0.020000,0.000000,0.008000,0.000000,0.000600,0.008000,0.000000,0.000600,0.006000,0.000000,0.000000,1,1,1,633,205,430151,430151,255435,174716,0,60.00,7946,3188,601,0,0,0,7951,500.00,500.00,14,1853,0.0000,0.5660,0.4970,0.7900,0.5010
2026-04-27T17:52:51.480,10.562,1,0.90,3.10,-1.91,18.65,0,0.0000,0.0000,0.3000,0.0000,0.0000,0.0000,0.00,0.00,58.08,57.77,634,631,0.99527,0.99527,1.00000,0.99527,3,2,0,0.00000,0.00000,1.00000,0.0000,0.0000,0.0000,0.0000,0.0000,0.0000,0.00,0.00,0.00,1,1,0.0000,0.0000,0.3000,0.00,0.8200,0.3500,0.9200,6.00,180.00,0.850000,0.000000,0.000000,1.100000,0.000000,0.000000,1.200000,0.000000,0.000000,1.350000,0.000000,0.000000,0.850000,0.020000,0.000000,0.008000,0.000000,0.000600,0.008000,0.000000,0.000600,0.006000,0.000000,0.000000,1,1,1,634,205,430151,430151,255435,174716,0,60.00,7946,3188,601,0,0,0,7951,500.00,500.00,14,1853,0.0000,0.5660,0.4970,0.7900,0.5010
2026-04-27T17:52:51.493,10.576,1,0.80,6.59,-1.97,15.67,0,0.0000,0.0000,0.3000,0.0000,0.0000,0.0000,0.00,0.00,62.19,75.05,635,631,0.99370,0.99370,1.00000,0.99370,3,2,0,0.00000,0.00000,1.00000,0.0000,0.0000,0.0000,0.0000,0.0000,0.0000,0.00,0.00,0.00,1,1,0.0000,0.0000,0.3000,0.00,0.8200,0.3500,0.9200,6.00,180.00,0.850000,0.000000,0.000000,1.100000,0.000000,0.000000,1.200000,0.000000,0.000000,1.350000,0.000000,0.000000,0.850000,0.020000,0.000000,0.008000,0.000000,0.000600,0.008000,0.000000,0.000600,0.006000,0.000000,0.000000,1,1,1,635,205,430151,430151,255435,174716,0,60.00,7946,3188,601,0,0,0,7951,500.00,500.00,14,1853,0.0000,0.5660,0.4970,0.7900,0.5010
2026-04-27T17:52:51.513,10.596,1,0.80,6.59,-1.97,15.67,0,0.0000,0.0000,0.3000,0.0000,0.0000,0.0000,0.00,0.00,82.99,49.62,636,631,0.99214,0.99214,1.00000,0.99214,3,2,0,0.00000,0.00000,1.00000,0.0000,0.0000,0.0000,0.0000,0.0000,0.0000,0.00,0.00,0.00,1,1,0.0000,0.0000,0.3000,0.00,0.8200,0.3500,0.9200,6.00,180.00,0.850000,0.000000,0.000000,1.100000,0.000000,0.000000,1.200000,0.000000,0.000000,1.350000,0.000000,0.000000,0.850000,0.020000,0.000000,0.008000,0.000000,0.000600,0.008000,0.000000,0.000600,0.006000,0.000000,0.000000,1,1,1,636,205,430151,430151,255435,174716,0,60.00,7946,3188,601,0,0,0,7951,500.00,500.00,14,1853,0.0000,0.5660,0.4970,0.7900,0.5010
2026-04-27T17:52:51.530,10.613,1,0.80,6.59,-1.97,15.67,0,0.0000,0.0000,0.3000,0.0000,0.0000,0.0000,0.00,0.00,46.17,66.17,637,631,0.99058,0.99058,1.00000,0.99058,3,2,0,0.00000,0.00000,1.00000,0.0000,0.0000,0.0000,0.0000,0.0000,0.0000,0.00,0.00,0.00,1,1,0.0000,0.0000,0.3000,0.00,0.8200,0.3500,0.9200,6.00,180.00,0.850000,0.000000,0.000000,1.100000,0.000000,0.000000,1.200000,0.000000,0.000000,1.350000,0.000000,0.000000,0.850000,0.020000,0.000000,0.008000,0.000000,0.000600,0.008000,0.000000,0.000600,0.006000,0.000000,0.000000,1,1,1,637,205,430151,430151,255435,174716,0,60.00,7946,3188,601,0,0,0,7951,500.00,500.00,14,1853,0.0000,0.5660,0.4970,0.7900,0.5010
2026-04-27T17:52:51.547,10.630,1,0.80,6.59,-1.97,15.67,0,0.0000,0.0000,0.3000,0.0000,0.0000,0.0000,0.00,0.00,56.76,56.56,638,631,0.98903,0.98903,1.00000,0.98903,3,2,0,0.00000,0.00000,1.00000,0.0000,0.0000,0.0000,0.0000,0.0000,0.0000,0.00,0.00,0.00,1,1,0.0000,0.0000,0.3000,0.00,0.8200,0.3500,0.9200,6.00,180.00,0.850000,0.000000,0.000000,1.100000,0.000000,0.000000,1.200000,0.000000,0.000000,1.350000,0.000000,0.000000,0.850000,0.020000,0.000000,0.008000,0.000000,0.000600,0.008000,0.000000,0.000600,0.006000,0.000000,0.000000,1,1,1,638,205,430151,430151,255435,174716,0,60.00,7946,3188,601,0,0,0,7951,500.00,500.00,14,1853,0.0000,0.5660,0.4970,0.7900,0.5010
2026-04-27T17:52:51.563,10.646,1,0.80,6.59,-1.97,15.67,0,0.0000,0.0000,0.3000,0.0000,0.0000,0.0000,0.00,0.00,62.02,57.87,639,631,0.98748,0.98748,1.00000,0.98748,3,2,0,0.00000,0.00000,1.00000,0.0000,0.0000,0.0000,0.0000,0.0000,0.0000,0.00,0.00,0.00,1,1,0.0000,0.0000,0.3000,0.00,0.8200,0.3500,0.9200,6.00,180.00,0.850000,0.000000,0.000000,1.100000,0.000000,0.000000,1.200000,0.000000,0.000000,1.350000,0.000000,0.000000,0.850000,0.020000,0.000000,0.008000,0.000000,0.000600,0.008000,0.000000,0.000600,0.006000,0.000000,0.000000,1,1,1,639,205,430151,430151,255435,174716,0,60.00,7946,3188,601,0,0,0,7951,500.00,500.00,14,1853,0.0000,0.5660,0.4970,0.7900,0.5010
2026-04-27T17:52:51.587,10.670,1,0.80,6.59,-1.97,15.67,1,-0.0112,-0.4246,-0.0336,0.0000,0.0000,0.0000,1.70,0.00,61.23,64.72,640,632,0.98750,0.98750,1.00000,0.98750,3,3,1,9.05425,0.00347,1.07389,0.0112,0.4246,0.3336,0.0000,0.0000,0.0000,-1.70,-5.92,-175.59,1,1,0.0000,0.0000,0.3000,0.00,0.8200,0.3500,0.9200,6.00,180.00,0.850000,0.000000,0.000000,1.100000,0.000000,0.000000,1.200000,0.000000,0.000000,1.350000,0.000000,0.000000,0.850000,0.020000,0.000000,0.008000,0.000000,0.000600,0.008000,0.000000,0.000600,0.006000,0.000000,0.000000,1,1,1,640,230,430151,430151,255435,174716,0,60.00,7946,3188,601,0,0,0,7951,500.00,500.00,14,1853,0.0000,0.5660,0.4970,0.7900,0.5010
2026-04-27T17:52:51.602,10.685,1,0.80,6.59,-1.97,15.67,1,-0.0113,-0.4291,-0.0223,0.0000,0.1554,-0.3926,1.74,-2.62,43.25,56.47,641,633,0.98752,0.98752,1.00000,0.98752,3,3,1,9.30188,0.00388,1.07352,0.0113,0.4291,0.3223,0.0000,0.1554,-0.3926,-1.74,-6.04,-174.41,1,1,0.0000,0.0000,0.3000,0.00,0.8200,0.3500,0.9200,6.00,180.00,0.850000,0.000000,0.000000,1.100000,0.000000,0.000000,1.200000,0.000000,0.000000,1.350000,0.000000,0.000000,0.850000,0.020000,0.000000,0.008000,0.000000,0.000600,0.008000,0.000000,0.000600,0.006000,0.000000,0.000000,1,1,1,641,240,430151,430151,255435,174716,0,60.00,7946,3188,601,0,0,0,7951,500.00,500.00,14,1853,0.0000,0.5660,0.4970,0.7900,0.5010
2026-04-27T17:52:51.619,10.702,1,0.80,6.59,-1.97,15.67,1,-0.0120,-0.4348,-0.0051,0.0255,0.2329,-0.6789,1.60,8.19,68.16,60.08,642,634,0.98754,0.98754,1.00000,0.98754,3,3,1,9.46608,0.00341,1.07043,0.0120,0.4348,0.3051,0.0255,0.2329,-0.6789,-1.60,-5.97,-173.63,1,1,0.0000,0.0000,0.3000,0.00,0.8200,0.3500,0.9200,6.00,180.00,0.850000,0.000000,0.000000,1.100000,0.000000,0.000000,1.200000,0.000000,0.000000,1.350000,0.000000,0.000000,0.850000,0.020000,0.000000,0.008000,0.000000,0.000600,0.008000,0.000000,0.000600,0.006000,0.000000,0.000000,1,1,1,642,243,430151,430151,255435,174716,0,60.00,7946,3188,601,0,0,0,7951,500.00,500.00,14,1853,0.0000,0.5660,0.4970,0.7900,0.5010
2026-04-27T17:52:51.634,10.717,1,0.80,6.59,-1.97,15.67,1,-0.0127,-0.4416,0.0158,0.0287,0.3129,-0.9389,1.65,-3.21,56.75,61.06,643,635,0.98756,0.98756,1.00000,0.98756,3,3,1,9.79002,0.00345,1.07261,0.0127,0.4416,0.2842,0.0287,0.3129,-0.9389,-1.65,-6.13,-173.30,1,1,0.0000,0.0000,0.3000,0.00,0.8200,0.3500,0.9200,6.00,180.00,0.850000,0.000000,0.000000,1.100000,0.000000,0.000000,1.200000,0.000000,0.000000,1.350000,0.000000,0.000000,0.850000,0.020000,0.000000,0.008000,0.000000,0.000600,0.008000,0.000000,0.000600,0.006000,0.000000,0.000000,1,1,1,643,243,430151,430151,255435,174716,0,60.00,7946,3188,601,0,0,0,7951,500.00,500.00,14,1853,0.0000,0.5660,0.4970,0.7900,0.5010
2026-04-27T17:52:51.650,10.733,1,0.80,6.59,-1.97,15.67,1,-0.0130,-0.4476,0.0403,0.0222,0.3166,-1.1551,1.71,-3.70,71.22,58.73,644,636,0.98758,0.98758,1.00000,0.98758,3,3,1,10.13586,0.00347,1.06272,0.0130,0.4476,0.2597,0.0222,0.3166,-1.1551,-1.71,-6.99,-172.34,1,1,0.0000,0.0000,0.3000,0.00,0.8200,0.3500,0.9200,6.00,180.00,0.850000,0.000000,0.000000,1.100000,0.000000,0.000000,1.200000,0.000000,0.000000,1.350000,0.000000,0.000000,0.850000,0.020000,0.000000,0.008000,0.000000,0.000600,0.008000,0.000000,0.000600,0.006000,0.000000,0.000000,1,1,1,644,243,430151,430151,255435,174716,0,60.00,7946,3188,601,0,0,0,7951,500.00,500.00,14,1853,0.0000,0.5660,0.4970,0.7900,0.5010
2026-04-27T17:52:51.671,10.754,1,0.80,6.59,-1.97,15.67,1,-0.0138,-0.4540,0.0672,0.0353,0.3378,-1.3102,1.80,-4.56,53.40,59.81,645,637,0.98760,0.98760,1.00000,0.98760,3,3,1,10.48417,0.00330,1.06926,0.0138,0.4540,0.2328,0.0353,0.3378,-1.3102,-1.80,-7.12,-171.61,1,1,0.0000,0.0000,0.3000,0.00,0.8200,0.3500,0.9200,6.00,180.00,0.850000,0.000000,0.000000,1.100000,0.000000,0.000000,1.200000,0.000000,0.000000,1.350000,0.000000,0.000000,0.850000,0.020000,0.000000,0.008000,0.000000,0.000600,0.008000,0.000000,0.000600,0.006000,0.000000,0.000000,1,1,1,645,242,430151,430151,255435,174716,0,60.00,7946,3188,601,0,0,0,7951,500.00,500.00,14,1853,0.0000,0.5660,0.4970,0.7900,0.5010
2026-04-27T17:52:51.686,10.769,1,0.80,6.59,-1.97,15.67,1,-0.0143,-0.4592,0.0963,0.0332,0.3346,-1.5762,1.79,0.66,51.96,59.45,646,638,0.98762,0.98762,1.00000,0.98762,3,3,1,10.97363,0.00319,1.06693,0.0143,0.4592,0.2037,0.0332,0.3346,-1.5762,-1.79,-7.81,-170.88,1,1,0.0000,0.0000,0.3000,0.00,0.8200,0.3500,0.9200,6.00,180.00,0.850000,0.000000,0.000000,1.100000,0.000000,0.000000,1.200000,0.000000,0.000000,1.350000,0.000000,0.000000,0.850000,0.020000,0.000000,0.008000,0.000000,0.000600,0.008000,0.000000,0.000600,0.006000,0.000000,0.000000,1,1,1,646,244,430151,430151,255435,174716,0,60.00,7946,3188,601,0,0,0,7951,500.00,500.00,14,1853,0.0000,0.5660,0.4970,0.7900,0.5010
2026-04-27T17:52:51.702,10.785,1,-1.40,10.40,-14.52,30.09,1,-0.0149,-0.4654,0.1292,0.0335,0.3548,-1.7506,1.71,4.80,70.76,60.72,647,639,0.98764,0.98764,1.00000,0.98764,3,3,1,11.49688,0.00332,1.07396,0.0149,0.4654,0.1708,0.0335,0.3548,-1.7506,-1.71,-7.92,-170.21,1,1,0.0000,0.0000,0.3000,0.00,0.8200,0.3500,0.9200,6.00,180.00,0.850000,0.000000,0.000000,1.100000,0.000000,0.000000,1.200000,0.000000,0.000000,1.350000,0.000000,0.000000,0.850000,0.020000,0.000000,0.008000,0.000000,0.000600,0.008000,0.000000,0.000600,0.006000,0.000000,0.000000,1,1,1,647,244,430151,430151,255435,174716,0,60.00,7946,3188,601,0,0,0,7951,500.00,500.00,14,1853,0.0000,0.5660,0.4970,0.7900,0.5010
2026-04-27T17:52:51.719,10.801,1,-1.40,10.40,-14.52,30.09,1,-0.0151,-0.4715,0.1658,0.0210,0.3605,-1.9589,1.86,-9.56,59.96,60.39,648,640,0.98765,0.98765,1.00000,0.98765,3,3,1,11.91807,0.00335,1.06911,0.0151,0.4715,0.1342,0.0210,0.3605,-1.9589,-1.86,-9.07,-169.39,1,1,0.0000,0.0000,0.3000,0.00,0.8200,0.3500,0.9200,6.00,180.00,0.850000,0.000000,0.000000,1.100000,0.000000,0.000000,1.200000,0.000000,0.000000,1.350000,0.000000,0.000000,0.850000,0.020000,0.000000,0.008000,0.000000,0.000600,0.008000,0.000000,0.000600,0.006000,0.000000,0.000000,1,1,1,648,243,430151,430151,255435,174716,0,60.00,7946,3188,601,0,0,0,7951,500.00,500.00,14,1853,0.0000,0.5660,0.4970,0.7900,0.5010
2026-04-27T17:52:51.736,10.819,1,-1.40,10.40,-14.52,30.09,1,-0.0158,-0.4775,0.2043,0.0354,0.3645,-2.1187,1.79,4.10,61.49,60.10,649,641,0.98767,0.98767,1.00000,0.98767,3,3,1,12.39258,0.00309,1.07237,0.0158,0.4775,0.0957,0.0354,0.3645,-2.1187,-1.79,-9.22,-169.06,1,1,0.0000,0.0000,0.3000,0.00,0.8200,0.3500,0.9200,6.00,180.00,0.850000,0.000000,0.000000,1.100000,0.000000,0.000000,1.200000,0.000000,0.000000,1.350000,0.000000,0.000000,0.850000,0.020000,0.000000,0.008000,0.000000,0.000600,0.008000,0.000000,0.000600,0.006000,0.000000,0.000000,1,1,1,649,244,430151,430151,255435,174716,0,60.00,7946,3188,601,0,0,0,7951,500.00,500.00,14,1853,0.0000,0.5660,0.4970,0.7900,0.5010
2026-04-27T17:52:51.755,10.838,1,-1.40,10.40,-14.52,30.09,1,-0.0170,-0.4846,0.2464,0.0504,0.3753,-2.1781,1.66,6.71,60.31,99.62,650,642,0.98769,0.98769,1.00000,0.98769,3,3,1,13.36105,0.00307,1.05975,0.0170,0.4846,0.0536,0.0504,0.3753,-2.1781,-1.66,-9.12,-169.55,1,1,0.0000,0.0000,0.3000,0.00,0.8200,0.3500,0.9200,6.00,180.00,0.850000,0.000000,0.000000,1.100000,0.000000,0.000000,1.200000,0.000000,0.000000,1.350000,0.000000,0.000000,0.850000,0.020000,0.000000,0.008000,0.000000,0.000600,0.008000,0.000000,0.000600,0.006000,0.000000,0.000000,1,1,1,650,243,430151,430151,255435,174716,0,60.00,7946,3188,601,0,0,0,7951,500.00,500.00,14,1853,0.0000,0.5660,0.4970,0.7900,0.5010
2026-04-27T17:52:51.768,10.851,1,-1.40,10.40,-14.52,30.09,1,-0.0146,-0.4929,0.2585,-0.0696,0.4784,-1.4380,-0.58,166.13,49.00,42.88,651,643,0.98771,0.98771,1.00000,0.98771,3,3,1,16.61768,0.00353,1.04334,0.0146,0.4929,0.0415,-0.0696,0.4784,-1.4380,0.58,-12.29,-171.09,1,1,0.0000,0.0000,0.3000,0.00,0.8200,0.3500,0.9200,6.00,180.00,0.850000,0.000000,0.000000,1.100000,0.000000,0.000000,1.200000,0.000000,0.000000,1.350000,0.000000,0.000000,0.850000,0.020000,0.000000,0.008000,0.000000,0.000600,0.008000,0.000000,0.000600,0.006000,0.000000,0.000000,1,1,1,651,244,430151,430151,255435,174716,0,60.00,7946,3188,601,0,0,0,7951,500.00,500.00,14,1853,0.0000,0.5660,0.4970,0.7900,0.5010
2026-04-27T17:52:51.786,10.869,1,-1.40,10.40,-14.52,30.09,1,-0.0087,-0.4928,0.2573,-0.2072,0.2012,-0.7384,1.63,-132.35,74.79,59.68,652,644,0.98773,0.98773,1.00000,0.98773,3,3,1,15.83399,0.00313,1.04964,0.0087,0.4928,0.0427,-0.2072,0.2012,-0.7384,-1.63,-24.86,-158.10,1,1,0.0000,0.0000,0.3000,0.00,0.8200,0.3500,0.9200,6.00,180.00,0.850000,0.000000,0.000000,1.100000,0.000000,0.000000,1.200000,0.000000,0.000000,1.350000,0.000000,0.000000,0.850000,0.020000,0.000000,0.008000,0.000000,0.000600,0.008000,0.000000,0.000600,0.006000,0.000000,0.000000,1,1,1,652,245,430151,430151,255435,174716,0,60.00,7946,3188,601,0,0,0,7951,500.00,500.00,14,1853,0.0000,0.5660,0.4970,0.7900,0.5010
2026-04-27T17:52:51.800,10.883,1,-48.80,70.50,-469.31,595.03,1,-0.0062,-0.4935,0.2561,-0.1474,0.1623,-0.4620,9.06,-461.91,61.74,61.96,653,645,0.98775,0.98775,1.00000,0.98775,3,3,1,15.08740,0.00229,1.09344,0.0062,0.4935,0.0439,-0.1474,0.1623,-0.4620,-9.06,-37.82,-137.32,1,1,0.0000,0.0000,0.3000,0.00,0.8200,0.3500,0.9200,6.00,180.00,0.850000,0.000000,0.000000,1.100000,0.000000,0.000000,1.200000,0.000000,0.000000,1.350000,0.000000,0.000000,0.850000,0.020000,0.000000,0.008000,0.000000,0.000600,0.008000,0.000000,0.000600,0.006000,0.000000,0.000000,1,1,1,653,246,430151,430151,255435,174716,0,60.00,7946,3188,601,0,0,0,7951,500.00,500.00,14,1853,0.0000,0.5660,0.4970,0.7900,0.5010
2026-04-27T17:52:51.819,10.901,1,-48.80,70.50,-469.31,595.03,1,-0.0085,-0.4951,0.2578,0.0000,0.1481,-0.3686,22.09,-751.98,68.57,58.61,654,646,0.98777,0.98777,1.00000,0.98777,3,3,1,14.97293,0.00305,1.11431,0.0085,0.4951,0.0422,0.0000,0.1481,-0.3686,-22.09,-48.16,-110.22,1,1,0.0000,0.0000,0.3000,0.00,0.8200,0.3500,0.9200,6.00,180.00,0.850000,0.000000,0.000000,1.100000,0.000000,0.000000,1.200000,0.000000,0.000000,1.350000,0.000000,0.000000,0.850000,0.020000,0.000000,0.008000,0.000000,0.000600,0.008000,0.000000,0.000600,0.006000,0.000000,0.000000,1,1,1,654,242,430151,430151,255435,174716,0,60.00,7946,3188,601,0,0,0,7951,500.00,500.00,14,1853,0.0000,0.5660,0.4970,0.7900,0.5010
2026-04-27T17:52:51.837,10.920,1,-48.80,70.50,-469.31,595.03,1,-0.0145,-0.4984,0.2605,0.1617,0.1817,-0.2972,40.56,-991.06,51.71,76.82,655,647,0.98779,0.98779,1.00000,0.98779,3,3,1,14.63812,0.00343,1.09983,0.0145,0.4984,0.0395,0.1617,0.1817,-0.2972,-40.56,-55.21,-78.59,1,1,0.0000,0.0000,0.3000,0.00,0.8200,0.3500,0.9200,6.00,180.00,0.850000,0.000000,0.000000,1.100000,0.000000,0.000000,1.200000,0.000000,0.000000,1.350000,0.000000,0.000000,0.850000,0.020000,0.000000,0.008000,0.000000,0.000600,0.008000,0.000000,0.000600,0.006000,0.000000,0.000000,1,1,1,655,244,430151,430151,255435,174716,0,60.00,7946,3188,601,0,0,0,7951,500.00,500.00,14,1853,0.0000,0.5660,0.4970,0.7900,0.5010
2026-04-27T17:52:51.852,10.935,1,-48.80,70.50,-469.31,595.03,1,-0.0210,-0.5031,0.2645,0.2595,0.2426,-0.3058,64.11,-1613.38,53.47,51.51,656,648,0.98780,0.98780,1.00000,0.98780,3,3,1,14.26346,0.00423,1.09619,0.0210,0.5031,0.0355,0.2595,0.2426,-0.3058,-64.11,-57.40,-45.02,1,1,0.0000,0.0000,0.3000,0.00,0.8200,0.3500,0.9200,6.00,180.00,0.850000,0.000000,0.000000,1.100000,0.000000,0.000000,1.200000,0.000000,0.000000,1.350000,0.000000,0.000000,0.850000,0.020000,0.000000,0.008000,0.000000,0.000600,0.008000,0.000000,0.000600,0.006000,0.000000,0.000000,1,1,1,656,243,430151,430151,255435,174716,0,60.00,7946,3188,601,0,0,0,7951,500.00,500.00,14,1853,0.0000,0.5660,0.4970,0.7900,0.5010
2026-04-27T17:52:51.866,10.949,1,-48.80,70.50,-469.31,595.03,1,-0.0255,-0.5077,0.2708,0.2407,0.2499,-0.3514,85.37,-1356.98,68.84,60.02,657,649,0.98782,0.98782,1.00000,0.98782,3,3,1,14.18540,0.00411,1.09943,0.0255,0.5077,0.0292,0.2407,0.2499,-0.3514,-85.37,-55.04,-17.93,1,1,0.0000,0.0000,0.3000,0.00,0.8200,0.3500,0.9200,6.00,180.00,0.850000,0.000000,0.000000,1.100000,0.000000,0.000000,1.200000,0.000000,0.000000,1.350000,0.000000,0.000000,0.850000,0.020000,0.000000,0.008000,0.000000,0.000600,0.008000,0.000000,0.000600,0.006000,0.000000,0.000000,1,1,1,657,244,430151,430151,255435,174716,0,60.00,7946,3188,601,0,0,0,7951,500.00,500.00,14,1853,0.0000,0.5660,0.4970,0.7900,0.5010
2026-04-27T17:52:51.886,10.969,1,-48.80,70.50,-469.31,595.03,1,-0.0278,-0.5119,0.2806,0.1798,0.2411,-0.4588,102.88,-937.15,73.19,69.08,658,650,0.98784,0.98784,1.00000,0.98784,3,3,1,13.98084,0.00508,1.12631,0.0278,0.5119,0.0194,0.1798,0.2411,-0.4588,-102.88,-49.37,0.34,1,1,0.0000,0.0000,0.3000,0.00,0.8200,0.3500,0.9200,6.00,180.00,0.850000,0.000000,0.000000,1.100000,0.000000,0.000000,1.200000,0.000000,0.000000,1.350000,0.000000,0.000000,0.850000,0.020000,0.000000,0.008000,0.000000,0.000600,0.008000,0.000000,0.000600,0.006000,0.000000,0.000000,1,1,1,658,243,430151,430151,255435,174716,0,60.00,7946,3188,601,0,0,0,7951,500.00,500.00,14,1853,0.0000,0.5660,0.4970,0.7900,0.5010
2026-04-27T17:52:51.903,10.986,1,-25.60,-166.90,229.69,1213.92,1,-0.0298,-0.5090,0.2959,0.1573,0.0179,-0.6883,118.02,-890.78,49.37,81.08,659,651,0.98786,0.98786,1.00000,0.98786,3,3,1,12.65412,0.00650,1.19118,0.0298,0.5090,0.0041,0.1573,0.0179,-0.6883,-118.02,-44.03,14.95,1,1,0.0000,0.0000,0.3000,0.00,0.8200,0.3500,0.9200,6.00,180.00,0.850000,0.000000,0.000000,1.100000,0.000000,0.000000,1.200000,0.000000,0.000000,1.350000,0.000000,0.000000,0.850000,0.020000,0.000000,0.008000,0.000000,0.000600,0.008000,0.000000,0.000600,0.006000,0.000000,0.000000,1,1,1,659,244,430151,430151,255435,174716,0,60.00,7946,3188,601,0,0,0,7951,500.00,500.00,14,1853,0.0000,0.5660,0.4970,0.7900,0.5010
2026-04-27T17:52:51.919,11.002,1,-25.60,-166.90,229.69,1213.92,1,-0.0436,-0.5190,0.3298,0.5336,0.3770,-1.3801,152.56,-2114.20,57.12,41.62,660,652,0.98788,0.98788,1.00000,0.98788,3,3,1,11.01201,0.01439,1.25167,0.0436,0.5190,-0.0298,0.5336,0.3770,-1.3801,-152.56,-27.86,30.96,1,1,0.0000,0.0000,0.3000,0.00,0.8200,0.3500,0.9200,6.00,180.00,0.850000,0.000000,0.000000,1.100000,0.000000,0.000000,1.200000,0.000000,0.000000,1.350000,0.000000,0.000000,0.850000,0.020000,0.000000,0.008000,0.000000,0.000600,0.008000,0.000000,0.000600,0.006000,0.000000,0.000000,1,1,1,660,244,430151,430151,255435,174716,0,60.00,7946,3188,601,0,0,0,7951,500.00,500.00,14,1853,0.0000,0.5660,0.4970,0.7900,0.5010
2026-04-27T17:52:51.930,11.013,1,-25.60,-166.90,229.69,1213.92,0,0.0000,0.0000,0.3000,0.0000,0.0000,0.0000,0.00,0.00,61.50,62.72,661,652,0.98638,0.98638,1.00000,0.98638,3,2,0,0.00000,0.00000,1.00000,0.0000,0.0000,0.0000,0.0000,0.0000,0.0000,0.00,0.00,0.00,1,1,0.0000,0.0000,0.3000,0.00,0.8200,0.3500,0.9200,6.00,180.00,0.850000,0.000000,0.000000,1.100000,0.000000,0.000000,1.200000,0.000000,0.000000,1.350000,0.000000,0.000000,0.850000,0.020000,0.000000,0.008000,0.000000,0.000600,0.008000,0.000000,0.000600,0.006000,0.000000,0.000000,1,1,1,661,205,430151,430151,255435,174716,0,60.00,7946,3188,601,0,0,0,7951,500.00,500.00,14,1853,0.0000,0.5660,0.4970,0.7900,0.5010
2026-04-27T17:52:51.947,11.030,1,-25.60,-166.90,229.69,1213.92,0,0.0000,0.0000,0.3000,0.0000,0.0000,0.0000,0.00,0.00,85.50,58.80,662,652,0.98489,0.98489,1.00000,0.98489,3,2,0,0.00000,0.00000,1.00000,0.0000,0.0000,0.0000,0.0000,0.0000,0.0000,0.00,0.00,0.00,1,1,0.0000,0.0000,0.3000,0.00,0.8200,0.3500,0.9200,6.00,180.00,0.850000,0.000000,0.000000,1.100000,0.000000,0.000000,1.200000,0.000000,0.000000,1.350000,0.000000,0.000000,0.850000,0.020000,0.000000,0.008000,0.000000,0.000600,0.008000,0.000000,0.000600,0.006000,0.000000,0.000000,1,1,1,662,205,430151,430151,255435,174716,0,60.00,7946,3188,601,0,0,0,7951,500.00,500.00,14,1853,0.0000,0.5660,0.4970,0.7900,0.5010
2026-04-27T17:52:51.971,11.053,1,-25.60,-166.90,229.69,1213.92,1,-0.0242,-0.5218,0.3568,0.0000,0.0000,0.0000,164.48,0.00,68.59,142.36,663,653,0.98492,0.98492,1.00000,0.98492,3,3,1,12.62239,0.01776,1.54073,0.0242,0.5218,-0.0568,0.0000,0.0000,0.0000,-164.48,-30.00,27.08,1,1,0.0000,0.0000,0.3000,0.00,0.8200,0.3500,0.9200,6.00,180.00,0.850000,0.000000,0.000000,1.100000,0.000000,0.000000,1.200000,0.000000,0.000000,1.350000,0.000000,0.000000,0.850000,0.020000,0.000000,0.008000,0.000000,0.000600,0.008000,0.000000,0.000600,0.006000,0.000000,0.000000,1,1,1,663,230,430151,430151,255435,174716,0,60.00,7946,3188,662,0,0,0,8012,501.25,0.00,4,1764,0.0000,0.5000,0.5000,0.0000,0.5000
2026-04-27T17:52:51.985,11.068,1,-25.60,-166.90,229.69,1213.92,1,0.0146,-0.4983,0.3213,-1.0832,-0.8185,1.0831,95.97,4678.40,40.53,41.57,664,654,0.98494,0.98494,1.00000,0.98494,3,3,1,16.30154,0.03003,1.85032,-0.0146,0.4983,-0.0213,-1.0832,-0.8185,1.0831,-95.97,-4.48,-5.81,1,1,0.0000,0.0000,0.3000,0.00,0.8200,0.3500,0.9200,6.00,180.00,0.850000,0.000000,0.000000,1.100000,0.000000,0.000000,1.200000,0.000000,0.000000,1.350000,0.000000,0.000000,0.850000,0.020000,0.000000,0.008000,0.000000,0.000600,0.008000,0.000000,0.000600,0.006000,0.000000,0.000000,1,1,1,664,246,430151,430151,255435,174716,0,60.00,7946,3188,662,0,0,0,8012,501.25,0.00,4,1764,0.0000,0.5000,0.5000,0.0000,0.5000
2026-04-27T17:52:51.997,11.080,1,-25.60,-166.90,229.69,1213.92,0,0.0000,0.0000,0.3000,0.0000,0.0000,0.0000,0.00,0.00,65.88,50.44,665,654,0.98346,0.98346,1.00000,0.98346,3,2,0,0.00000,0.00000,1.00000,0.0000,0.0000,0.0000,0.0000,0.0000,0.0000,0.00,0.00,0.00,1,1,0.0000,0.0000,0.3000,0.00,0.8200,0.3500,0.9200,6.00,180.00,0.850000,0.000000,0.000000,1.100000,0.000000,0.000000,1.200000,0.000000,0.000000,1.350000,0.000000,0.000000,0.850000,0.020000,0.000000,0.008000,0.000000,0.000600,0.008000,0.000000,0.000600,0.006000,0.000000,0.000000,1,1,1,665,205,430151,430151,255435,174716,0,60.00,7946,3188,662,0,0,0,8012,501.25,0.00,4,1764,0.0000,0.5000,0.5000,0.0000,0.5000
2026-04-27T17:52:52.013,11.096,1,-25.60,-166.90,229.69,1213.92,0,0.0000,0.0000,0.3000,0.0000,0.0000,0.0000,0.00,0.00,82.22,61.36,666,654,0.98198,0.98198,1.00000,0.98198,3,2,0,0.00000,0.00000,1.00000,0.0000,0.0000,0.0000,0.0000,0.0000,0.0000,0.00,0.00,0.00,1,1,0.0000,0.0000,0.3000,0.00,0.8200,0.3500,0.9200,6.00,180.00,0.850000,0.000000,0.000000,1.100000,0.000000,0.000000,1.200000,0.000000,0.000000,1.350000,0.000000,0.000000,0.850000,0.020000,0.000000,0.008000,0.000000,0.000600,0.008000,0.000000,0.000600,0.006000,0.000000,0.000000,1,1,1,666,205,430151,430151,255435,174716,0,60.00,7946,3188,662,0,0,0,8012,501.25,0.00,4,1764,0.0000,0.5000,0.5000,0.0000,0.5000
2026-04-27T17:52:52.029,11.112,1,-25.60,-166.90,229.69,1213.92,0,0.0000,0.0000,0.3000,0.0000,0.0000,0.0000,0.00,0.00,60.06,60.26,667,654,0.98051,0.98051,0.99850,0.98051,2,2,0,0.00000,0.00000,1.00000,0.0000,0.0000,0.0000,0.0000,0.0000,0.0000,0.00,0.00,0.00,1,1,0.0000,0.0000,0.3000,0.00,0.8200,0.3500,0.9200,6.00,180.00,0.850000,0.000000,0.000000,1.100000,0.000000,0.000000,1.200000,0.000000,0.000000,1.350000,0.000000,0.000000,0.850000,0.020000,0.000000,0.008000,0.000000,0.000600,0.008000,0.000000,0.000600,0.006000,0.000000,0.000000,1,1,1,667,205,430151,430151,255435,174716,0,60.00,7946,3188,662,0,0,0,8012,501.25,0.00,4,1764,0.0000,0.5000,0.5000,0.0000,0.5000
2026-04-27T17:52:52.045,11.128,1,-25.60,-166.90,229.69,1213.92,0,0.0000,0.0000,0.3000,0.0000,0.0000,0.0000,0.00,0.00,64.72,64.08,668,654,0.97904,0.97904,0.99701,0.98054,2,3,0,0.00000,0.00000,1.00000,0.0000,0.0000,0.0000,0.0000,0.0000,0.0000,0.00,0.00,0.00,1,1,0.0000,0.0000,0.3000,0.00,0.8200,0.3500,0.9200,6.00,180.00,0.850000,0.000000,0.000000,1.100000,0.000000,0.000000,1.200000,0.000000,0.000000,1.350000,0.000000,0.000000,0.850000,0.020000,0.000000,0.008000,0.000000,0.000600,0.008000,0.000000,0.000600,0.006000,0.000000,0.000000,1,1,1,668,205,430151,430151,255435,174716,0,60.00,7946,3188,662,0,0,0,8012,501.25,0.00,4,1764,0.0000,0.5000,0.5000,0.0000,0.5000
2026-04-27T17:52:52.064,11.147,1,-25.60,-166.90,229.69,1213.92,0,0.0000,0.0000,0.3000,0.0000,0.0000,0.0000,0.00,0.00,70.28,56.48,669,654,0.97758,0.97758,0.99552,0.97907,2,2,0,0.00000,0.00000,1.00000,0.0000,0.0000,0.0000,0.0000,0.0000,0.0000,0.00,0.00,0.00,1,1,0.0000,0.0000,0.3000,0.00,0.8200,0.3500,0.9200,6.00,180.00,0.850000,0.000000,0.000000,1.100000,0.000000,0.000000,1.200000,0.000000,0.000000,1.350000,0.000000,0.000000,0.850000,0.020000,0.000000,0.008000,0.000000,0.000600,0.008000,0.000000,0.000600,0.006000,0.000000,0.000000,1,1,1,669,205,430151,430151,255435,174716,0,60.00,7946,3188,662,0,0,0,8012,501.25,0.00,4,1764,0.0000,0.5000,0.5000,0.0000,0.5000
2026-04-27T17:52:52.080,11.162,1,-25.60,-166.90,229.69,1213.92,0,0.0000,0.0000,0.3000,0.0000,0.0000,0.0000,0.00,0.00,48.95,59.81,670,654,0.97612,0.97612,0.99403,0.97910,2,3,0,0.00000,0.00000,1.00000,0.0000,0.0000,0.0000,0.0000,0.0000,0.0000,0.00,0.00,0.00,1,1,0.0000,0.0000,0.3000,0.00,0.8200,0.3500,0.9200,6.00,180.00,0.850000,0.000000,0.000000,1.100000,0.000000,0.000000,1.200000,0.000000,0.000000,1.350000,0.000000,0.000000,0.850000,0.020000,0.000000,0.008000,0.000000,0.000600,0.008000,0.000000,0.000600,0.006000,0.000000,0.000000,1,1,1,670,205,430151,430151,255435,174716,0,60.00,7946,3188,662,0,0,0,8012,501.25,0.00,4,1764,0.0000,0.5000,0.5000,0.0000,0.5000
2026-04-27T17:52:52.097,11.180,1,-25.60,-166.90,229.69,1213.92,0,0.0000,0.0000,0.3000,0.0000,0.0000,0.0000,0.00,0.00,60.28,58.68,671,654,0.97466,0.97466,0.99255,0.97914,2,3,0,0.00000,0.00000,1.00000,0.0000,0.0000,0.0000,0.0000,0.0000,0.0000,0.00,0.00,0.00,1,1,0.0000,0.0000,0.3000,0.00,0.8200,0.3500,0.9200,6.00,180.00,0.850000,0.000000,0.000000,1.100000,0.000000,0.000000,1.200000,0.000000,0.000000,1.350000,0.000000,0.000000,0.850000,0.020000,0.000000,0.008000,0.000000,0.000600,0.008000,0.000000,0.000600,0.006000,0.000000,0.000000,1,1,1,671,205,430151,430151,255435,174716,0,60.00,7946,3188,662,0,0,0,8012,501.25,0.00,4,1764,0.0000,0.5000,0.5000,0.0000,0.5000
2026-04-27T17:52:52.114,11.197,1,-25.60,-166.90,229.69,1213.92,0,0.0000,0.0000,0.3000,0.0000,0.0000,0.0000,0.00,0.00,59.78,61.94,672,654,0.97321,0.97321,0.99107,0.97917,2,3,0,0.00000,0.00000,1.00000,0.0000,0.0000,0.0000,0.0000,0.0000,0.0000,0.00,0.00,0.00,1,1,0.0000,0.0000,0.3000,0.00,0.8200,0.3500,0.9200,6.00,180.00,0.850000,0.000000,0.000000,1.100000,0.000000,0.000000,1.200000,0.000000,0.000000,1.350000,0.000000,0.000000,0.850000,0.020000,0.000000,0.008000,0.000000,0.000600,0.008000,0.000000,0.000600,0.006000,0.000000,0.000000,1,1,1,672,205,430151,430151,255435,174716,0,60.00,7946,3188,662,0,0,0,8012,501.25,0.00,4,1764,0.0000,0.5000,0.5000,0.0000,0.5000
2026-04-27T17:52:52.129,11.212,1,-25.60,-166.90,229.69,1213.92,0,0.0000,0.0000,0.3000,0.0000,0.0000,0.0000,0.00,0.00,67.03,60.07,673,654,0.97177,0.97177,0.98960,0.97920,2,3,0,0.00000,0.00000,1.00000,0.0000,0.0000,0.0000,0.0000,0.0000,0.0000,0.00,0.00,0.00,1,1,0.0000,0.0000,0.3000,0.00,0.8200,0.3500,0.9200,6.00,180.00,0.850000,0.000000,0.000000,1.100000,0.000000,0.000000,1.200000,0.000000,0.000000,1.350000,0.000000,0.000000,0.850000,0.020000,0.000000,0.008000,0.000000,0.000600,0.008000,0.000000,0.000600,0.006000,0.000000,0.000000,1,1,1,673,205,430151,430151,255435,174716,0,60.00,7946,3188,662,0,0,0,8012,501.25,0.00,4,1764,0.0000,0.5000,0.5000,0.0000,0.5000
2026-04-27T17:52:52.146,11.229,1,-25.60,-166.90,229.69,1213.92,0,0.0000,0.0000,0.3000,0.0000,0.0000,0.0000,0.00,0.00,57.68,60.03,674,654,0.97033,0.97033,0.98813,0.97923,2,3,0,0.00000,0.00000,1.00000,0.0000,0.0000,0.0000,0.0000,0.0000,0.0000,0.00,0.00,0.00,1,1,0.0000,0.0000,0.3000,0.00,0.8200,0.3500,0.9200,6.00,180.00,0.850000,0.000000,0.000000,1.100000,0.000000,0.000000,1.200000,0.000000,0.000000,1.350000,0.000000,0.000000,0.850000,0.020000,0.000000,0.008000,0.000000,0.000600,0.008000,0.000000,0.000600,0.006000,0.000000,0.000000,1,1,1,674,205,430151,430151,255435,174716,0,60.00,7946,3188,662,0,0,0,8012,501.25,0.00,4,1764,0.0000,0.5000,0.5000,0.0000,0.5000
2026-04-27T17:52:52.163,11.246,1,-25.60,-166.90,229.69,1213.92,0,0.0000,0.0000,0.3000,0.0000,0.0000,0.0000,0.00,0.00,67.05,59.97,675,654,0.96889,0.96889,0.98667,0.97926,2,3,0,0.00000,0.00000,1.00000,0.0000,0.0000,0.0000,0.0000,0.0000,0.0000,0.00,0.00,0.00,1,1,0.0000,0.0000,0.3000,0.00,0.8200,0.3500,0.9200,6.00,180.00,0.850000,0.000000,0.000000,1.100000,0.000000,0.000000,1.200000,0.000000,0.000000,1.350000,0.000000,0.000000,0.850000,0.020000,0.000000,0.008000,0.000000,0.000600,0.008000,0.000000,0.000600,0.006000,0.000000,0.000000,1,1,1,675,205,430151,430151,255435,174716,0,60.00,7946,3188,662,0,0,0,8012,501.25,0.00,4,1764,0.0000,0.5000,0.5000,0.0000,0.5000
2026-04-27T17:52:52.181,11.264,1,-25.60,-166.90,229.69,1213.92,0,0.0000,0.0000,0.3000,0.0000,0.0000,0.0000,0.00,0.00,59.97,59.58,676,654,0.96746,0.96746,0.98521,0.97929,2,3,0,0.00000,0.00000,1.00000,0.0000,0.0000,0.0000,0.0000,0.0000,0.0000,0.00,0.00,0.00,1,1,0.0000,0.0000,0.3000,0.00,0.8200,0.3500,0.9200,6.00,180.00,0.850000,0.000000,0.000000,1.100000,0.000000,0.000000,1.200000,0.000000,0.000000,1.350000,0.000000,0.000000,0.850000,0.020000,0.000000,0.008000,0.000000,0.000600,0.008000,0.000000,0.000600,0.006000,0.000000,0.000000,1,1,1,676,205,430151,430151,255435,174716,0,60.00,7946,3188,662,0,0,0,8012,501.25,0.00,4,1764,0.0000,0.5000,0.5000,0.0000,0.5000
2026-04-27T17:52:52.196,11.279,1,-1.20,172.49,128.86,11.51,0,0.0000,0.0000,0.3000,0.0000,0.0000,0.0000,0.00,0.00,50.38,60.57,677,654,0.96603,0.96603,0.98375,0.97932,2,3,0,0.00000,0.00000,1.00000,0.0000,0.0000,0.0000,0.0000,0.0000,0.0000,0.00,0.00,0.00,1,1,0.0000,0.0000,0.3000,0.00,0.8200,0.3500,0.9200,6.00,180.00,0.850000,0.000000,0.000000,1.100000,0.000000,0.000000,1.200000,0.000000,0.000000,1.350000,0.000000,0.000000,0.850000,0.020000,0.000000,0.008000,0.000000,0.000600,0.008000,0.000000,0.000600,0.006000,0.000000,0.000000,1,1,1,677,205,430151,430151,255435,174716,0,60.00,7946,3188,662,0,0,0,8012,501.25,0.00,4,1764,0.0000,0.5000,0.5000,0.0000,0.5000
2026-04-27T17:52:52.213,11.296,1,-1.20,172.49,128.86,11.51,0,0.0000,0.0000,0.3000,0.0000,0.0000,0.0000,0.00,0.00,66.90,59.96,678,654,0.96460,0.96460,0.98230,0.97935,2,3,0,0.00000,0.00000,1.00000,0.0000,0.0000,0.0000,0.0000,0.0000,0.0000,0.00,0.00,0.00,1,1,0.0000,0.0000,0.3000,0.00,0.8200,0.3500,0.9200,6.00,180.00,0.850000,0.000000,0.000000,1.100000,0.000000,0.000000,1.200000,0.000000,0.000000,1.350000,0.000000,0.000000,0.850000,0.020000,0.000000,0.008000,0.000000,0.000600,0.008000,0.000000,0.000600,0.006000,0.000000,0.000000,1,1,1,678,205,430151,430151,255435,174716,0,60.00,7946,3188,662,0,0,0,8012,501.25,0.00,4,1764,0.0000,0.5000,0.5000,0.0000,0.5000
2026-04-27T17:52:52.229,11.312,1,-1.20,172.49,128.86,11.51,0,0.0000,0.0000,0.3000,0.0000,0.0000,0.0000,0.00,0.00,58.21,65.01,679,654,0.96318,0.96318,0.98085,0.97938,2,3,0,0.00000,0.00000,1.00000,0.0000,0.0000,0.0000,0.0000,0.0000,0.0000,0.00,0.00,0.00,1,1,0.0000,0.0000,0.3000,0.00,0.8200,0.3500,0.9200,6.00,180.00,0.850000,0.000000,0.000000,1.100000,0.000000,0.000000,1.200000,0.000000,0.000000,1.350000,0.000000,0.000000,0.850000,0.020000,0.000000,0.008000,0.000000,0.000600,0.008000,0.000000,0.000600,0.006000,0.000000,0.000000,1,1,1,679,205,430151,430151,255435,174716,0,60.00,7946,3188,662,0,0,0,8012,501.25,0.00,4,1764,0.0000,0.5000,0.5000,0.0000,0.5000
2026-04-27T17:52:52.247,11.330,1,-1.20,172.49,128.86,11.51,0,0.0000,0.0000,0.3000,0.0000,0.0000,0.0000,0.00,0.00,62.47,58.32,680,654,0.96176,0.96176,0.97941,0.97941,2,3,0,0.00000,0.00000,1.00000,0.0000,0.0000,0.0000,0.0000,0.0000,0.0000,0.00,0.00,0.00,1,1,0.0000,0.0000,0.3000,0.00,0.8200,0.3500,0.9200,6.00,180.00,0.850000,0.000000,0.000000,1.100000,0.000000,0.000000,1.200000,0.000000,0.000000,1.350000,0.000000,0.000000,0.850000,0.020000,0.000000,0.008000,0.000000,0.000600,0.008000,0.000000,0.000600,0.006000,0.000000,0.000000,1,1,1,680,205,430151,430151,255435,174716,0,60.00,7946,3188,662,0,0,0,8012,501.25,0.00,4,1764,0.0000,0.5000,0.5000,0.0000,0.5000
2026-04-27T17:52:52.263,11.346,1,-1.20,172.49,128.86,11.51,0,0.0000,0.0000,0.3000,0.0000,0.0000,0.0000,0.00,0.00,62.14,57.35,681,654,0.96035,0.96035,0.97797,0.97944,2,3,0,0.00000,0.00000,1.00000,0.0000,0.0000,0.0000,0.0000,0.0000,0.0000,0.00,0.00,0.00,1,1,0.0000,0.0000,0.3000,0.00,0.8200,0.3500,0.9200,6.00,180.00,0.850000,0.000000,0.000000,1.100000,0.000000,0.000000,1.200000,0.000000,0.000000,1.350000,0.000000,0.000000,0.850000,0.020000,0.000000,0.008000,0.000000,0.000600,0.008000,0.000000,0.000600,0.006000,0.000000,0.000000,1,1,1,681,205,430151,430151,255435,174716,0,60.00,7946,3188,662,0,0,0,8012,501.25,0.00,4,1764,0.0000,0.5000,0.5000,0.0000,0.5000
2026-04-27T17:52:52.279,11.362,1,-1.20,172.49,128.86,11.51,0,0.0000,0.0000,0.3000,0.0000,0.0000,0.0000,0.00,0.00,58.22,59.95,682,654,0.95894,0.95894,0.97654,0.97947,2,3,0,0.00000,0.00000,1.00000,0.0000,0.0000,0.0000,0.0000,0.0000,0.0000,0.00,0.00,0.00,1,1,0.0000,0.0000,0.3000,0.00,0.8200,0.3500,0.9200,6.00,180.00,0.850000,0.000000,0.000000,1.100000,0.000000,0.000000,1.200000,0.000000,0.000000,1.350000,0.000000,0.000000,0.850000,0.020000,0.000000,0.008000,0.000000,0.000600,0.008000,0.000000,0.000600,0.006000,0.000000,0.000000,1,1,1,682,205,430151,430151,255435,174716,0,60.00,7946,3188,662,0,0,0,8012,501.25,0.00,4,1764,0.0000,0.5000,0.5000,0.0000,0.5000
2026-04-27T17:52:52.296,11.379,1,-2.39,173.70,-11.86,11.91,0,0.0000,0.0000,0.3000,0.0000,0.0000,0.0000,0.00,0.00,60.93,60.04,683,654,0.95754,0.95754,0.97511,0.97950,2,3,0,0.00000,0.00000,1.00000,0.0000,0.0000,0.0000,0.0000,0.0000,0.0000,0.00,0.00,0.00,1,1,0.0000,0.0000,0.3000,0.00,0.8200,0.3500,0.9200,6.00,180.00,0.850000,0.000000,0.000000,1.100000,0.000000,0.000000,1.200000,0.000000,0.000000,1.350000,0.000000,0.000000,0.850000,0.020000,0.000000,0.008000,0.000000,0.000600,0.008000,0.000000,0.000600,0.006000,0.000000,0.000000,1,1,1,683,205,430151,430151,255435,174716,0,60.00,7946,3188,662,0,0,0,8012,501.25,0.00,4,1764,0.0000,0.5000,0.5000,0.0000,0.5000
2026-04-27T17:52:52.313,11.396,1,-2.39,173.70,-11.86,11.91,0,0.0000,0.0000,0.3000,0.0000,0.0000,0.0000,0.00,0.00,64.08,63.07,684,654,0.95614,0.95614,0.97368,0.97953,2,3,0,0.00000,0.00000,1.00000,0.0000,0.0000,0.0000,0.0000,0.0000,0.0000,0.00,0.00,0.00,1,1,0.0000,0.0000,0.3000,0.00,0.8200,0.3500,0.9200,6.00,180.00,0.850000,0.000000,0.000000,1.100000,0.000000,0.000000,1.200000,0.000000,0.000000,1.350000,0.000000,0.000000,0.850000,0.020000,0.000000,0.008000,0.000000,0.000600,0.008000,0.000000,0.000600,0.006000,0.000000,0.000000,1,1,1,684,205,430151,430151,255435,174716,0,60.00,7946,3188,662,0,0,0,8012,501.25,0.00,4,1764,0.0000,0.5000,0.5000,0.0000,0.5000
2026-04-27T17:52:52.329,11.412,1,-2.39,173.70,-11.86,11.91,0,0.0000,0.0000,0.3000,0.0000,0.0000,0.0000,0.00,0.00,59.33,56.90,685,654,0.95474,0.95474,0.97226,0.97956,2,3,0,0.00000,0.00000,1.00000,0.0000,0.0000,0.0000,0.0000,0.0000,0.0000,0.00,0.00,0.00,1,1,0.0000,0.0000,0.3000,0.00,0.8200,0.3500,0.9200,6.00,180.00,0.850000,0.000000,0.000000,1.100000,0.000000,0.000000,1.200000,0.000000,0.000000,1.350000,0.000000,0.000000,0.850000,0.020000,0.000000,0.008000,0.000000,0.000600,0.008000,0.000000,0.000600,0.006000,0.000000,0.000000,1,1,1,685,205,430151,430151,255435,174716,0,60.00,7946,3188,662,0,0,0,8012,501.25,0.00,4,1764,0.0000,0.5000,0.5000,0.0000,0.5000
2026-04-27T17:52:52.338,11.421,1,-2.30,173.90,0.96,1.99,0,0.0000,0.0000,0.3000,0.0000,0.0000,0.0000,0.00,0.00,60.33,112.28,686,654,0.95335,0.95335,0.97085,0.97959,2,3,0,0.00000,0.00000,1.00000,0.0000,0.0000,0.0000,0.0000,0.0000,0.0000,0.00,0.00,0.00,1,1,0.0000,0.0000,0.3000,0.00,0.8200,0.3500,0.9200,6.00,180.00,0.850000,0.000000,0.000000,1.100000,0.000000,0.000000,1.200000,0.000000,0.000000,1.350000,0.000000,0.000000,0.850000,0.020000,0.000000,0.008000,0.000000,0.000600,0.008000,0.000000,0.000600,0.006000,0.000000,0.000000,1,1,1,686,205,430151,430151,255435,174716,0,60.00,7946,3188,662,0,0,0,8012,501.25,0.00,4,1764,0.0000,0.5000,0.5000,0.0000,0.5000
2026-04-27T17:52:52.363,11.446,1,-2.30,173.90,0.96,1.99,0,0.0000,0.0000,0.3000,0.0000,0.0000,0.0000,0.00,0.00,55.69,41.14,687,654,0.95197,0.95197,0.96943,0.97962,2,3,0,0.00000,0.00000,1.00000,0.0000,0.0000,0.0000,0.0000,0.0000,0.0000,0.00,0.00,0.00,1,1,0.0000,0.0000,0.3000,0.00,0.8200,0.3500,0.9200,6.00,180.00,0.850000,0.000000,0.000000,1.100000,0.000000,0.000000,1.200000,0.000000,0.000000,1.350000,0.000000,0.000000,0.850000,0.020000,0.000000,0.008000,0.000000,0.000600,0.008000,0.000000,0.000600,0.006000,0.000000,0.000000,1,1,1,687,205,430151,430151,255435,174716,0,60.00,7946,3188,662,0,0,0,8012,501.25,0.00,4,1764,0.0000,0.5000,0.5000,0.0000,0.5000
2026-04-27T17:52:52.379,11.462,1,-2.30,173.90,0.96,1.99,0,0.0000,0.0000,0.3000,0.0000,0.0000,0.0000,0.00,0.00,65.56,59.67,688,654,0.95058,0.95058,0.96802,0.97965,2,3,0,0.00000,0.00000,1.00000,0.0000,0.0000,0.0000,0.0000,0.0000,0.0000,0.00,0.00,0.00,1,1,0.0000,0.0000,0.3000,0.00,0.8200,0.3500,0.9200,6.00,180.00,0.850000,0.000000,0.000000,1.100000,0.000000,0.000000,1.200000,0.000000,0.000000,1.350000,0.000000,0.000000,0.850000,0.020000,0.000000,0.008000,0.000000,0.000600,0.008000,0.000000,0.000600,0.006000,0.000000,0.000000,1,1,1,688,205,430151,430151,255435,174716,0,60.00,7946,3188,662,0,0,0,8012,501.25,0.00,4,1764,0.0000,0.5000,0.5000,0.0000,0.5000
2026-04-27T17:52:52.397,11.480,1,-2.30,173.90,0.96,1.99,0,0.0000,0.0000,0.3000,0.0000,0.0000,0.0000,0.00,0.00,56.30,60.36,689,654,0.94920,0.94920,0.96662,0.97968,2,3,0,0.00000,0.00000,1.00000,0.0000,0.0000,0.0000,0.0000,0.0000,0.0000,0.00,0.00,0.00,1,1,0.0000,0.0000,0.3000,0.00,0.8200,0.3500,0.9200,6.00,180.00,0.850000,0.000000,0.000000,1.100000,0.000000,0.000000,1.200000,0.000000,0.000000,1.350000,0.000000,0.000000,0.850000,0.020000,0.000000,0.008000,0.000000,0.000600,0.008000,0.000000,0.000600,0.006000,0.000000,0.000000,1,1,1,689,205,430151,430151,255435,174716,0,60.00,7946,3188,662,0,0,0,8012,501.25,0.00,4,1764,0.0000,0.5000,0.5000,0.0000,0.5000
2026-04-27T17:52:52.413,11.495,1,-2.30,173.90,0.96,1.99,0,0.0000,0.0000,0.3000,0.0000,0.0000,0.0000,0.00,0.00,54.23,60.04,690,654,0.94783,0.94783,0.96522,0.97971,2,3,0,0.00000,0.00000,1.00000,0.0000,0.0000,0.0000,0.0000,0.0000,0.0000,0.00,0.00,0.00,1,1,0.0000,0.0000,0.3000,0.00,0.8200,0.3500,0.9200,6.00,180.00,0.850000,0.000000,0.000000,1.100000,0.000000,0.000000,1.200000,0.000000,0.000000,1.350000,0.000000,0.000000,0.850000,0.020000,0.000000,0.008000,0.000000,0.000600,0.008000,0.000000,0.000600,0.006000,0.000000,0.000000,1,1,1,690,205,430151,430151,255435,174716,0,60.00,7946,3188,662,0,0,0,8012,501.25,0.00,4,1764,0.0000,0.5000,0.5000,0.0000,0.5000
2026-04-27T17:52:52.429,11.512,1,-2.30,173.90,0.96,1.99,0,0.0000,0.0000,0.3000,0.0000,0.0000,0.0000,0.00,0.00,66.29,61.18,691,654,0.94645,0.94645,0.96382,0.97974,2,3,0,0.00000,0.00000,1.00000,0.0000,0.0000,0.0000,0.0000,0.0000,0.0000,0.00,0.00,0.00,1,1,0.0000,0.0000,0.3000,0.00,0.8200,0.3500,0.9200,6.00,180.00,0.850000,0.000000,0.000000,1.100000,0.000000,0.000000,1.200000,0.000000,0.000000,1.350000,0.000000,0.000000,0.850000,0.020000,0.000000,0.008000,0.000000,0.000600,0.008000,0.000000,0.000600,0.006000,0.000000,0.000000,1,1,1,691,205,430151,430151,255435,174716,0,60.00,7946,3188,662,0,0,0,8012,501.25,0.00,4,1764,0.0000,0.5000,0.5000,0.0000,0.5000
2026-04-27T17:52:52.446,11.529,1,-2.30,173.90,0.96,1.99,0,0.0000,0.0000,0.3000,0.0000,0.0000,0.0000,0.00,0.00,66.49,58.55,692,654,0.94509,0.94509,0.96243,0.97977,2,3,0,0.00000,0.00000,1.00000,0.0000,0.0000,0.0000,0.0000,0.0000,0.0000,0.00,0.00,0.00,1,1,0.0000,0.0000,0.3000,0.00,0.8200,0.3500,0.9200,6.00,180.00,0.850000,0.000000,0.000000,1.100000,0.000000,0.000000,1.200000,0.000000,0.000000,1.350000,0.000000,0.000000,0.850000,0.020000,0.000000,0.008000,0.000000,0.000600,0.008000,0.000000,0.000600,0.006000,0.000000,0.000000,1,1,1,692,205,430151,430151,255435,174716,0,60.00,7946,3188,662,0,0,0,8012,501.25,0.00,4,1764,0.0000,0.5000,0.5000,0.0000,0.5000
2026-04-27T17:52:52.463,11.546,1,-2.30,173.90,0.96,1.99,0,0.0000,0.0000,0.3000,0.0000,0.0000,0.0000,0.00,0.00,54.21,61.45,693,654,0.94372,0.94372,0.96104,0.97980,2,3,0,0.00000,0.00000,1.00000,0.0000,0.0000,0.0000,0.0000,0.0000,0.0000,0.00,0.00,0.00,1,1,0.0000,0.0000,0.3000,0.00,0.8200,0.3500,0.9200,6.00,180.00,0.850000,0.000000,0.000000,1.100000,0.000000,0.000000,1.200000,0.000000,0.000000,1.350000,0.000000,0.000000,0.850000,0.020000,0.000000,0.008000,0.000000,0.000600,0.008000,0.000000,0.000600,0.006000,0.000000,0.000000,1,1,1,693,205,430151,430151,255435,174716,0,60.00,7946,3188,662,0,0,0,8012,501.25,0.00,4,1764,0.0000,0.5000,0.5000,0.0000,0.5000
2026-04-27T17:52:52.479,11.562,1,-2.30,173.90,0.96,1.99,0,0.0000,0.0000,0.3000,0.0000,0.0000,0.0000,0.00,0.00,59.09,58.66,694,654,0.94236,0.94236,0.95965,0.97983,2,3,0,0.00000,0.00000,1.00000,0.0000,0.0000,0.0000,0.0000,0.0000,0.0000,0.00,0.00,0.00,1,1,0.0000,0.0000,0.3000,0.00,0.8200,0.3500,0.9200,6.00,180.00,0.850000,0.000000,0.000000,1.100000,0.000000,0.000000,1.200000,0.000000,0.000000,1.350000,0.000000,0.000000,0.850000,0.020000,0.000000,0.008000,0.000000,0.000600,0.008000,0.000000,0.000600,0.006000,0.000000,0.000000,1,1,1,694,205,430151,430151,255435,174716,0,60.00,7946,3188,662,0,0,0,8012,501.25,0.00,4,1764,0.0000,0.5000,0.5000,0.0000,0.5000
2026-04-27T17:52:52.496,11.579,1,-2.19,174.00,1.02,0.96,0,0.0000,0.0000,0.3000,0.0000,0.0000,0.0000,0.00,0.00,62.36,59.68,695,654,0.94101,0.94101,0.95827,0.97986,2,3,0,0.00000,0.00000,1.00000,0.0000,0.0000,0.0000,0.0000,0.0000,0.0000,0.00,0.00,0.00,1,1,0.0000,0.0000,0.3000,0.00,0.8200,0.3500,0.9200,6.00,180.00,0.850000,0.000000,0.000000,1.100000,0.000000,0.000000,1.200000,0.000000,0.000000,1.350000,0.000000,0.000000,0.850000,0.020000,0.000000,0.008000,0.000000,0.000600,0.008000,0.000000,0.000600,0.006000,0.000000,0.000000,1,1,1,695,205,430151,430151,255435,174716,0,60.00,7946,3188,662,0,0,0,8012,501.25,0.00,4,1764,0.0000,0.5000,0.5000,0.0000,0.5000
2026-04-27T17:52:52.512,11.595,1,-2.19,174.00,1.02,0.96,0,0.0000,0.0000,0.3000,0.0000,0.0000,0.0000,0.00,0.00,63.49,62.79,696,654,0.93966,0.93966,0.95690,0.97989,2,3,0,0.00000,0.00000,1.00000,0.0000,0.0000,0.0000,0.0000,0.0000,0.0000,0.00,0.00,0.00,1,1,0.0000,0.0000,0.3000,0.00,0.8200,0.3500,0.9200,6.00,180.00,0.850000,0.000000,0.000000,1.100000,0.000000,0.000000,1.200000,0.000000,0.000000,1.350000,0.000000,0.000000,0.850000,0.020000,0.000000,0.008000,0.000000,0.000600,0.008000,0.000000,0.000600,0.006000,0.000000,0.000000,1,1,1,696,205,430151,430151,255435,174716,0,60.00,7946,3188,662,0,0,0,8012,501.25,0.00,4,1764,0.0000,0.5000,0.5000,0.0000,0.5000
2026-04-27T17:52:52.530,11.613,1,-2.19,174.00,1.02,0.96,0,0.0000,0.0000,0.3000,0.0000,0.0000,0.0000,0.00,0.00,62.79,59.54,697,654,0.93831,0.93831,0.95552,0.97991,2,3,0,0.00000,0.00000,1.00000,0.0000,0.0000,0.0000,0.0000,0.0000,0.0000,0.00,0.00,0.00,1,1,0.0000,0.0000,0.3000,0.00,0.8200,0.3500,0.9200,6.00,180.00,0.850000,0.000000,0.000000,1.100000,0.000000,0.000000,1.200000,0.000000,0.000000,1.350000,0.000000,0.000000,0.850000,0.020000,0.000000,0.008000,0.000000,0.000600,0.008000,0.000000,0.000600,0.006000,0.000000,0.000000,1,1,1,697,205,430151,430151,255435,174716,0,60.00,7946,3188,662,0,0,0,8012,501.25,0.00,4,1764,0.0000,0.5000,0.5000,0.0000,0.5000
2026-04-27T17:52:52.546,11.629,1,-2.19,174.00,1.02,0.96,0,0.0000,0.0000,0.3000,0.0000,0.0000,0.0000,0.00,0.00,56.18,64.10,698,654,0.93696,0.93696,0.95415,0.97994,2,3,0,0.00000,0.00000,1.00000,0.0000,0.0000,0.0000,0.0000,0.0000,0.0000,0.00,0.00,0.00,1,1,0.0000,0.0000,0.3000,0.00,0.8200,0.3500,0.9200,6.00,180.00,0.850000,0.000000,0.000000,1.100000,0.000000,0.000000,1.200000,0.000000,0.000000,1.350000,0.000000,0.000000,0.850000,0.020000,0.000000,0.008000,0.000000,0.000600,0.008000,0.000000,0.000600,0.006000,0.000000,0.000000,1,1,1,698,205,430151,430151,255435,174716,0,60.00,7946,3188,662,0,0,0,8012,501.25,0.00,4,1764,0.0000,0.5000,0.5000,0.0000,0.5000
