iso_time,elapsed_s,imu_ready,imu_pitch_deg,imu_roll_deg,imu_pitch_rate_deg_s,imu_roll_rate_deg_s,mocap_valid,mocap_x_error_m,mocap_y_error_m,mocap_z_error_m,mocap_vx_m_s,mocap_vy_m_s,mocap_vz_m_s,mocap_yaw_error_deg,mocap_yaw_rate_deg_s,backend_loop_hz,tracking_loop_hz,frames_processed,valid_pose_frames,pose_success_rate,full_marker_detection_rate,cam1_full_detection_rate,cam2_full_detection_rate,cam1_leds,cam2_leds,spatial_data_valid,mapping_error_px,model_fit_error_m,scale_factor,position_x_m,position_y_m,position_z_m,velocity_x_m_s,velocity_y_m_s,velocity_z_m_s,yaw_deg,pitch_deg,roll_deg,control_active,control_armed,target_x_m,target_y_m,target_z_m,target_yaw_deg,limit_hover_throttle,limit_min_throttle,limit_max_throttle,limit_max_tilt_deg,limit_max_yaw_rate_deg,pid_xyPos_kp,pid_xyPos_ki,pid_xyPos_kd,pid_zPos_kp,pid_zPos_ki,pid_zPos_kd,pid_yawPos_kp,pid_yawPos_ki,pid_yawPos_kd,pid_xyVel_kp,pid_xyVel_ki,pid_xyVel_kd,pid_zVel_kp,pid_zVel_ki,pid_zVel_kd,pid_roll_kp,pid_roll_ki,pid_roll_kd,pid_pitch_kp,pid_pitch_ki,pid_pitch_kd,pid_yawRate_kp,pid_yawRate_ki,pid_yawRate_kd,serial_connected,serial_send_enabled,serial_send_ok,serial_payload_seq,serial_payload_size_bytes,bridge_serial_frames_rx,bridge_espnow_tx_attempts,bridge_espnow_tx_ok,bridge_espnow_tx_fail,bridge_oversize_drops,bridge_tx_rate_hz,bridge_last_tx_seq,bridge_last_tx_latency_us,controller_rx_packets,controller_rx_missing_packets,controller_rx_duplicate_packets,controller_rx_out_of_order_packets,controller_last_rx_seq,controller_loop_hz,controller_control_hz,controller_command_age_ms,controller_apply_latency_us,controller_motor_imbalance,motor_1_output,motor_2_output,motor_3_output,motor_4_output
2026-04-27T19:01:38.040,0.017,1,-0.19,0.19,0.00,0.00,1,-0.0164,0.1719,0.2281,0.0000,0.0000,0.0000,-18.42,-1.78,56.50,59.10,1,1,1.00000,1.00000,1.00000,1.00000,3,3,1,24.96930,0.00256,1.07092,0.0164,-0.1719,0.0719,0.0000,0.0000,0.0000,18.42,-9.40,175.65,1,1,0.0000,0.0000,0.3000,0.00,0.7600,0.3500,0.9200,6.00,180.00,0.850000,0.000000,0.000000,1.100000,0.000000,0.000000,1.200000,0.000000,0.000000,1.350000,0.000000,0.000000,0.850000,0.020000,0.000000,0.008000,0.000000,0.000600,0.008000,0.000000,0.000600,0.006000,0.000000,0.000000,1,1,1,1,228,563153,563153,344481,218671,0,3.00,90,3188,881,0,0,0,11923,500.00,0.00,13828,262,0.0000,0.5000,0.5000,0.0000,0.5000
2026-04-27T19:01:38.050,0.027,1,-0.19,0.19,0.00,0.00,1,-0.0165,0.1719,0.2280,0.0000,0.0000,0.0000,-18.45,2.44,59.95,56.01,2,2,1.00000,1.00000,1.00000,1.00000,3,3,1,24.92989,0.00251,1.07060,0.0165,-0.1719,0.0720,0.0000,0.0000,0.0000,18.45,-9.37,175.66,1,1,0.0000,0.0000,0.3000,0.00,0.7600,0.3500,0.9200,6.00,180.00,0.850000,0.000000,0.000000,1.100000,0.000000,0.000000,1.200000,0.000000,0.000000,1.350000,0.000000,0.000000,0.850000,0.020000,0.000000,0.008000,0.000000,0.000600,0.008000,0.000000,0.000600,0.006000,0.000000,0.000000,1,1,1,2,229,563153,563153,344481,218671,0,3.00,90,3188,881,0,0,0,11923,500.00,0.00,13828,262,0.0000,0.5000,0.5000,0.0000,0.5000
2026-04-27T19:01:38.071,0.048,1,-0.19,0.19,0.00,0.00,1,-0.0164,0.1720,0.2281,0.0000,0.0000,0.0000,-18.41,-1.96,62.45,62.88,3,3,1.00000,1.00000,1.00000,1.00000,3,3,1,24.96993,0.00269,1.06986,0.0164,-0.1720,0.0719,0.0000,0.0000,0.0000,18.41,-9.64,175.76,1,1,0.0000,0.0000,0.3000,0.00,0.7600,0.3500,0.9200,6.00,180.00,0.850000,0.000000,0.000000,1.100000,0.000000,0.000000,1.200000,0.000000,0.000000,1.350000,0.000000,0.000000,0.850000,0.020000,0.000000,0.008000,0.000000,0.000600,0.008000,0.000000,0.000600,0.006000,0.000000,0.000000,1,1,1,3,229,563153,563153,344481,218671,0,3.00,90,3188,881,0,0,0,11923,500.00,0.00,13828,262,0.0000,0.5000,0.5000,0.0000,0.5000
2026-04-27T19:01:38.089,0.066,1,-0.19,0.19,0.00,0.00,1,-0.0164,0.1719,0.2280,0.0000,0.0000,0.0000,-18.42,0.64,65.44,59.69,4,4,1.00000,1.00000,1.00000,1.00000,3,3,1,24.93677,0.00257,1.07262,0.0164,-0.1719,0.0720,0.0000,0.0000,0.0000,18.42,-9.55,175.67,1,1,0.0000,0.0000,0.3000,0.00,0.7600,0.3500,0.9200,6.00,180.00,0.850000,0.000000,0.000000,1.100000,0.000000,0.000000,1.200000,0.000000,0.000000,1.350000,0.000000,0.000000,0.850000,0.020000,0.000000,0.008000,0.000000,0.000600,0.008000,0.000000,0.000600,0.006000,0.000000,0.000000,1,1,1,4,229,563153,563153,344481,218671,0,3.00,90,3188,881,0,0,0,11923,500.00,0.00,13828,262,0.0000,0.5000,0.5000,0.0000,0.5000
2026-04-27T19:01:38.101,0.078,1,-0.19,0.19,0.00,0.00,1,-0.0164,0.1718,0.2280,0.0000,0.0000,0.0000,-18.38,-2.66,56.58,64.14,5,5,1.00000,1.00000,1.00000,1.00000,3,3,1,24.95118,0.00257,1.07084,0.0164,-0.1718,0.0720,0.0000,0.0000,0.0000,18.38,-9.54,175.65,1,1,0.0000,0.0000,0.3000,0.00,0.7600,0.3500,0.9200,6.00,180.00,0.850000,0.000000,0.000000,1.100000,0.000000,0.000000,1.200000,0.000000,0.000000,1.350000,0.000000,0.000000,0.850000,0.020000,0.000000,0.008000,0.000000,0.000600,0.008000,0.000000,0.000600,0.006000,0.000000,0.000000,1,1,1,5,230,563153,563153,344481,218671,0,3.00,90,3188,893,0,0,12,11923,500.75,500.75,4,710,0.0000,0.5000,0.5000,0.0000,0.5000
2026-04-27T19:01:38.123,0.099,1,-0.19,0.19,0.00,0.00,1,-0.0165,0.1719,0.2281,0.0000,0.0000,0.0000,-18.40,0.96,59.22,57.52,6,6,1.00000,1.00000,1.00000,1.00000,3,3,1,24.96165,0.00262,1.07100,0.0165,-0.1719,0.0719,0.0000,0.0000,0.0000,18.40,-9.43,175.71,1,1,0.0000,0.0000,0.3000,0.00,0.7600,0.3500,0.9200,6.00,180.00,0.850000,0.000000,0.000000,1.100000,0.000000,0.000000,1.200000,0.000000,0.000000,1.350000,0.000000,0.000000,0.850000,0.020000,0.000000,0.008000,0.000000,0.000600,0.008000,0.000000,0.000600,0.006000,0.000000,0.000000,1,1,1,6,229,563153,563153,344481,218671,0,3.00,90,3188,893,0,0,12,11923,500.75,500.75,4,710,0.0000,0.5000,0.5000,0.0000,0.5000
2026-04-27T19:01:38.138,0.115,1,-0.19,0.19,0.00,0.00,1,-0.0165,0.1718,0.2281,0.0000,0.0000,0.0000,-18.40,0.00,60.80,59.08,7,7,1.00000,1.00000,1.00000,1.00000,3,3,1,24.97380,0.00254,1.07097,0.0165,-0.1718,0.0719,0.0000,0.0000,0.0000,18.40,-9.44,175.62,1,1,0.0000,0.0000,0.3000,0.00,0.7600,0.3500,0.9200,6.00,180.00,0.850000,0.000000,0.000000,1.100000,0.000000,0.000000,1.200000,0.000000,0.000000,1.350000,0.000000,0.000000,0.850000,0.020000,0.000000,0.008000,0.000000,0.000600,0.008000,0.000000,0.000600,0.006000,0.000000,0.000000,1,1,1,7,229,563153,563153,344481,218671,0,3.00,90,3188,893,0,0,12,11923,500.75,500.75,4,710,0.0000,0.5000,0.5000,0.0000,0.5000
2026-04-27T19:01:38.158,0.135,1,-0.19,0.19,0.00,0.00,1,-0.0165,0.1720,0.2279,0.0000,0.0000,0.0000,-18.43,1.51,62.52,80.75,8,8,1.00000,1.00000,1.00000,1.00000,3,3,1,24.98938,0.00255,1.07259,0.0165,-0.1720,0.0721,0.0000,0.0000,0.0000,18.43,-9.30,175.61,1,1,0.0000,0.0000,0.3000,0.00,0.7600,0.3500,0.9200,6.00,180.00,0.850000,0.000000,0.000000,1.100000,0.000000,0.000000,1.200000,0.000000,0.000000,1.350000,0.000000,0.000000,0.850000,0.020000,0.000000,0.008000,0.000000,0.000600,0.008000,0.000000,0.000600,0.006000,0.000000,0.000000,1,1,1,8,229,563153,563153,344481,218671,0,3.00,90,3188,893,0,0,12,11923,500.75,500.75,4,710,0.0000,0.5000,0.5000,0.0000,0.5000
2026-04-27T19:01:38.171,0.147,1,-0.19,0.19,0.00,0.00,1,-0.0167,0.1719,0.2280,0.0000,0.0000,0.0000,-18.42,-0.72,50.26,48.87,9,9,1.00000,1.00000,1.00000,1.00000,3,3,1,24.96572,0.00261,1.07077,0.0167,-0.1719,0.0720,0.0000,0.0000,0.0000,18.42,-9.15,175.67,1,1,0.0000,0.0000,0.3000,0.00,0.7600,0.3500,0.9200,6.00,180.00,0.850000,0.000000,0.000000,1.100000,0.000000,0.000000,1.200000,0.000000,0.000000,1.350000,0.000000,0.000000,0.850000,0.020000,0.000000,0.008000,0.000000,0.000600,0.008000,0.000000,0.000600,0.006000,0.000000,0.000000,1,1,1,9,230,563153,563153,344481,218671,0,3.00,90,3188,893,0,0,12,11923,500.75,500.75,4,710,0.0000,0.5000,0.5000,0.0000,0.5000
2026-04-27T19:01:38.188,0.165,1,-0.19,0.19,0.00,0.00,1,-0.0166,0.1719,0.2280,0.0000,0.0000,0.0000,-18.45,1.78,87.32,58.78,10,10,1.00000,1.00000,1.00000,1.00000,3,3,1,24.95711,0.00258,1.07105,0.0166,-0.1719,0.0720,0.0000,0.0000,0.0000,18.45,-9.23,175.66,1,1,0.0000,0.0000,0.3000,0.00,0.7600,0.3500,0.9200,6.00,180.00,0.850000,0.000000,0.000000,1.100000,0.000000,0.000000,1.200000,0.000000,0.000000,1.350000,0.000000,0.000000,0.850000,0.020000,0.000000,0.008000,0.000000,0.000600,0.008000,0.000000,0.000600,0.006000,0.000000,0.000000,1,1,1,10,230,563153,563153,344481,218671,0,3.00,90,3188,893,0,0,12,11923,500.75,500.75,4,710,0.0000,0.5000,0.5000,0.0000,0.5000
2026-04-27T19:01:38.205,0.182,1,-0.19,0.19,0.00,0.00,1,-0.0167,0.1719,0.2278,0.0000,0.0000,0.0000,-18.46,0.61,56.10,59.98,11,11,1.00000,1.00000,1.00000,1.00000,3,3,1,24.98309,0.00258,1.06844,0.0167,-0.1719,0.0722,0.0000,0.0000,0.0000,18.46,-9.20,175.71,1,1,0.0000,0.0000,0.3000,0.00,0.7600,0.3500,0.9200,6.00,180.00,0.850000,0.000000,0.000000,1.100000,0.000000,0.000000,1.200000,0.000000,0.000000,1.350000,0.000000,0.000000,0.850000,0.020000,0.000000,0.008000,0.000000,0.000600,0.008000,0.000000,0.000600,0.006000,0.000000,0.000000,1,1,1,11,229,563153,563153,344481,218671,0,3.00,90,3188,893,0,0,12,11923,500.75,500.75,4,710,0.0000,0.5000,0.5000,0.0000,0.5000
2026-04-27T19:01:38.220,0.196,1,-0.19,0.19,0.00,0.00,1,-0.0165,0.1718,0.2282,0.0000,0.0000,-0.0150,-18.37,-5.71,59.60,62.18,12,12,1.00000,1.00000,1.00000,1.00000,3,3,1,24.94331,0.00261,1.06963,0.0165,-0.1718,0.0718,0.0000,0.0000,-0.0150,18.37,-9.36,175.68,1,1,0.0000,0.0000,0.3000,0.00,0.7600,0.3500,0.9200,6.00,180.00,0.850000,0.000000,0.000000,1.100000,0.000000,0.000000,1.200000,0.000000,0.000000,1.350000,0.000000,0.000000,0.850000,0.020000,0.000000,0.008000,0.000000,0.000600,0.008000,0.000000,0.000600,0.006000,0.000000,0.000000,1,1,1,12,235,563153,563153,344481,218671,0,3.00,90,3188,893,0,0,12,11923,500.75,500.75,4,710,0.0000,0.5000,0.5000,0.0000,0.5000
2026-04-27T19:01:38.233,0.210,1,-0.19,0.19,0.00,0.00,1,-0.0165,0.1718,0.2280,0.0000,0.0000,0.0000,-18.41,3.05,57.64,59.60,13,13,1.00000,1.00000,1.00000,1.00000,3,3,1,24.93724,0.00262,1.07194,0.0165,-0.1718,0.0720,0.0000,0.0000,0.0000,18.41,-9.33,175.68,1,1,0.0000,0.0000,0.3000,0.00,0.7600,0.3500,0.9200,6.00,180.00,0.850000,0.000000,0.000000,1.100000,0.000000,0.000000,1.200000,0.000000,0.000000,1.350000,0.000000,0.000000,0.850000,0.020000,0.000000,0.008000,0.000000,0.000600,0.008000,0.000000,0.000600,0.006000,0.000000,0.000000,1,1,1,13,230,563153,563153,344481,218671,0,3.00,90,3188,893,0,0,12,11923,500.75,500.75,4,710,0.0000,0.5000,0.5000,0.0000,0.5000
2026-04-27T19:01:38.253,0.230,1,-0.19,0.19,0.00,0.00,1,-0.0165,0.1718,0.2282,0.0000,0.0000,0.0000,-18.35,-2.93,97.51,58.43,14,14,1.00000,1.00000,1.00000,1.00000,3,3,1,24.95490,0.00261,1.07176,0.0165,-0.1718,0.0718,0.0000,0.0000,0.0000,18.35,-9.40,175.68,1,1,0.0000,0.0000,0.3000,0.00,0.7600,0.3500,0.9200,6.00,180.00,0.850000,0.000000,0.000000,1.100000,0.000000,0.000000,1.200000,0.000000,0.000000,1.350000,0.000000,0.000000,0.850000,0.020000,0.000000,0.008000,0.000000,0.000600,0.008000,0.000000,0.000600,0.006000,0.000000,0.000000,1,1,1,14,229,563153,563153,344481,218671,0,3.00,90,3188,893,0,0,12,11923,500.75,500.75,4,710,0.0000,0.5000,0.5000,0.0000,0.5000
2026-04-27T19:01:38.272,0.248,1,-0.19,0.19,0.00,0.00,1,-0.0165,0.1719,0.2280,0.0000,0.0000,0.0000,-18.39,2.30,48.82,62.17,15,15,1.00000,1.00000,1.00000,1.00000,3,3,1,24.91326,0.00253,1.07141,0.0165,-0.1719,0.0720,0.0000,0.0000,0.0000,18.39,-9.31,175.66,1,1,0.0000,0.0000,0.3000,0.00,0.7600,0.3500,0.9200,6.00,180.00,0.850000,0.000000,0.000000,1.100000,0.000000,0.000000,1.200000,0.000000,0.000000,1.350000,0.000000,0.000000,0.850000,0.020000,0.000000,0.008000,0.000000,0.000600,0.008000,0.000000,0.000600,0.006000,0.000000,0.000000,1,1,1,15,230,563153,563153,344481,218671,0,3.00,90,3188,893,0,0,12,11923,500.75,500.75,4,710,0.0000,0.5000,0.5000,0.0000,0.5000
2026-04-27T19:01:38.287,0.264,1,-0.19,0.19,0.00,0.00,1,-0.0167,0.1719,0.2278,0.0000,0.0000,0.0000,-18.41,1.21,54.46,58.77,16,16,1.00000,1.00000,1.00000,1.00000,3,3,1,24.93983,0.00248,1.07114,0.0167,-0.1719,0.0722,0.0000,0.0000,0.0000,18.41,-9.10,175.74,1,1,0.0000,0.0000,0.3000,0.00,0.7600,0.3500,0.9200,6.00,180.00,0.850000,0.000000,0.000000,1.100000,0.000000,0.000000,1.200000,0.000000,0.000000,1.350000,0.000000,0.000000,0.850000,0.020000,0.000000,0.008000,0.000000,0.000600,0.008000,0.000000,0.000600,0.006000,0.000000,0.000000,1,1,1,16,229,563153,563153,344481,218671,0,3.00,90,3188,893,0,0,12,11923,500.75,500.75,4,710,0.0000,0.5000,0.5000,0.0000,0.5000
2026-04-27T19:01:38.302,0.279,1,-0.19,0.19,0.00,0.00,1,-0.0166,0.1718,0.2280,0.0000,0.0000,0.0000,-18.34,-4.61,57.25,62.40,17,17,1.00000,1.00000,1.00000,1.00000,3,3,1,24.94301,0.00262,1.07145,0.0166,-0.1718,0.0720,0.0000,0.0000,0.0000,18.34,-9.20,175.67,1,1,0.0000,0.0000,0.3000,0.00,0.7600,0.3500,0.9200,6.00,180.00,0.850000,0.000000,0.000000,1.100000,0.000000,0.000000,1.200000,0.000000,0.000000,1.350000,0.000000,0.000000,0.850000,0.020000,0.000000,0.008000,0.000000,0.000600,0.008000,0.000000,0.000600,0.006000,0.000000,0.000000,1,1,1,17,229,563153,563153,344481,218671,0,3.00,90,3188,893,0,0,12,11923,500.75,500.75,4,710,0.0000,0.5000,0.5000,0.0000,0.5000
2026-04-27T19:01:38.324,0.301,1,-0.19,0.19,0.00,0.00,1,-0.0165,0.1718,0.2281,0.0000,0.0000,0.0000,-18.37,1.43,75.83,56.07,18,18,1.00000,1.00000,1.00000,1.00000,3,3,1,24.96601,0.00253,1.07132,0.0165,-0.1718,0.0719,0.0000,0.0000,0.0000,18.37,-9.32,175.60,1,1,0.0000,0.0000,0.3000,0.00,0.7600,0.3500,0.9200,6.00,180.00,0.850000,0.000000,0.000000,1.100000,0.000000,0.000000,1.200000,0.000000,0.000000,1.350000,0.000000,0.000000,0.850000,0.020000,0.000000,0.008000,0.000000,0.000600,0.008000,0.000000,0.000600,0.006000,0.000000,0.000000,1,1,1,18,229,563153,563153,344481,218671,0,3.00,90,3188,893,0,0,12,11923,500.75,500.75,4,710,0.0000,0.5000,0.5000,0.0000,0.5000
2026-04-27T19:01:38.338,0.315,1,-0.19,0.19,0.00,0.00,1,-0.0166,0.1718,0.2281,0.0000,0.0000,0.0000,-18.39,1.38,43.48,60.32,19,19,1.00000,1.00000,1.00000,1.00000,3,3,1,24.95555,0.00259,1.07117,0.0166,-0.1718,0.0719,0.0000,0.0000,0.0000,18.39,-9.24,175.64,1,1,0.0000,0.0000,0.3000,0.00,0.7600,0.3500,0.9200,6.00,180.00,0.850000,0.000000,0.000000,1.100000,0.000000,0.000000,1.200000,0.000000,0.000000,1.350000,0.000000,0.000000,0.850000,0.020000,0.000000,0.008000,0.000000,0.000600,0.008000,0.000000,0.000600,0.006000,0.000000,0.000000,1,1,1,19,230,563153,563153,344481,218671,0,3.00,90,3188,893,0,0,12,11923,500.75,500.75,4,710,0.0000,0.5000,0.5000,0.0000,0.5000
2026-04-27T19:01:38.354,0.331,1,-0.19,0.19,0.00,0.00,1,-0.0168,0.1719,0.2278,0.0000,0.0000,0.0000,-18.43,2.57,74.17,60.55,20,20,1.00000,1.00000,1.00000,1.00000,3,3,1,24.94894,0.00259,1.06960,0.0168,-0.1719,0.0722,0.0000,0.0000,0.0000,18.43,-9.00,175.68,1,1,0.0000,0.0000,0.3000,0.00,0.7600,0.3500,0.9200,6.00,180.00,0.850000,0.000000,0.000000,1.100000,0.000000,0.000000,1.200000,0.000000,0.000000,1.350000,0.000000,0.000000,0.850000,0.020000,0.000000,0.008000,0.000000,0.000600,0.008000,0.000000,0.000600,0.006000,0.000000,0.000000,1,1,1,20,227,563153,563153,344481,218671,0,3.00,90,3188,893,0,0,12,11923,500.75,500.75,4,710,0.0000,0.5000,0.5000,0.0000,0.5000
2026-04-27T19:01:38.372,0.348,1,-0.19,0.19,0.00,0.00,1,-0.0167,0.1719,0.2278,0.0000,0.0000,0.0000,-18.39,-2.33,59.89,61.66,21,21,1.00000,1.00000,1.00000,1.00000,3,3,1,24.97383,0.00260,1.07110,0.0167,-0.1719,0.0722,0.0000,0.0000,0.0000,18.39,-9.04,175.65,1,1,0.0000,0.0000,0.3000,0.00,0.7600,0.3500,0.9200,6.00,180.00,0.850000,0.000000,0.000000,1.100000,0.000000,0.000000,1.200000,0.000000,0.000000,1.350000,0.000000,0.000000,0.850000,0.020000,0.000000,0.008000,0.000000,0.000600,0.008000,0.000000,0.000600,0.006000,0.000000,0.000000,1,1,1,21,230,563153,563153,344481,218671,0,3.00,90,3188,893,0,0,12,11923,500.75,500.75,4,710,0.0000,0.5000,0.5000,0.0000,0.5000
2026-04-27T19:01:38.388,0.365,1,-0.19,0.19,0.00,0.00,1,-0.0166,0.1718,0.2280,0.0000,0.0000,0.0000,-18.42,1.84,62.61,60.18,22,22,1.00000,1.00000,1.00000,1.00000,3,3,1,24.95861,0.00259,1.07029,0.0166,-0.1718,0.0720,0.0000,0.0000,0.0000,18.42,-9.27,175.61,1,1,0.0000,0.0000,0.3000,0.00,0.7600,0.3500,0.9200,6.00,180.00,0.850000,0.000000,0.000000,1.100000,0.000000,0.000000,1.200000,0.000000,0.000000,1.350000,0.000000,0.000000,0.850000,0.020000,0.000000,0.008000,0.000000,0.000600,0.008000,0.000000,0.000600,0.006000,0.000000,0.000000,1,1,1,22,230,563153,563153,344481,218671,0,3.00,90,3188,893,0,0,12,11923,500.75,500.75,4,710,0.0000,0.5000,0.5000,0.0000,0.5000
2026-04-27T19:01:38.404,0.381,1,-0.19,0.19,0.00,0.00,1,-0.0165,0.1718,0.2280,0.0000,0.0000,0.0000,-18.37,-2.87,58.13,58.18,23,23,1.00000,1.00000,1.00000,1.00000,3,3,1,24.99083,0.00262,1.07076,0.0165,-0.1718,0.0720,0.0000,0.0000,0.0000,18.37,-9.27,175.68,1,1,0.0000,0.0000,0.3000,0.00,0.7600,0.3500,0.9200,6.00,180.00,0.850000,0.000000,0.000000,1.100000,0.000000,0.000000,1.200000,0.000000,0.000000,1.350000,0.000000,0.000000,0.850000,0.020000,0.000000,0.008000,0.000000,0.000600,0.008000,0.000000,0.000600,0.006000,0.000000,0.000000,1,1,1,23,230,563153,563153,344481,218671,0,3.00,90,3188,893,0,0,12,11923,500.75,500.75,4,710,0.0000,0.5000,0.5000,0.0000,0.5000
2026-04-27T19:01:38.409,0.386,1,-0.19,0.19,0.00,0.00,1,-0.0165,0.1720,0.2280,0.0000,-0.0135,0.0000,-18.41,7.96,60.52,97.73,24,24,1.00000,1.00000,1.00000,1.00000,3,3,1,24.93783,0.00244,1.07023,0.0165,-0.1720,0.0720,0.0000,-0.0135,0.0000,18.41,-9.29,175.71,1,1,0.0000,0.0000,0.3000,0.00,0.7600,0.3500,0.9200,6.00,180.00,0.850000,0.000000,0.000000,1.100000,0.000000,0.000000,1.200000,0.000000,0.000000,1.350000,0.000000,0.000000,0.850000,0.020000,0.000000,0.008000,0.000000,0.000600,0.008000,0.000000,0.000600,0.006000,0.000000,0.000000,1,1,1,24,235,563153,563153,344481,218671,0,3.00,90,3188,893,0,0,12,11923,500.75,500.75,4,710,0.0000,0.5000,0.5000,0.0000,0.5000
2026-04-27T19:01:38.437,0.413,1,-0.19,0.19,0.00,0.00,1,-0.0165,0.1720,0.2280,0.0000,0.0000,0.0000,-18.41,0.00,59.99,43.71,25,25,1.00000,1.00000,1.00000,1.00000,3,3,1,24.95585,0.00254,1.07094,0.0165,-0.1720,0.0720,0.0000,0.0000,0.0000,18.41,-9.33,175.73,1,1,0.0000,0.0000,0.3000,0.00,0.7600,0.3500,0.9200,6.00,180.00,0.850000,0.000000,0.000000,1.100000,0.000000,0.000000,1.200000,0.000000,0.000000,1.350000,0.000000,0.000000,0.850000,0.020000,0.000000,0.008000,0.000000,0.000600,0.008000,0.000000,0.000600,0.006000,0.000000,0.000000,1,1,1,25,230,563153,563153,344481,218671,0,3.00,90,3188,893,0,0,12,11923,500.75,500.75,4,710,0.0000,0.5000,0.5000,0.0000,0.5000
2026-04-27T19:01:38.445,0.422,1,-0.19,0.19,0.00,0.00,1,-0.0166,0.1720,0.2280,0.0000,0.0000,0.0000,-18.38,-3.65,67.85,78.53,26,26,1.00000,1.00000,1.00000,1.00000,3,3,1,24.93452,0.00249,1.07073,0.0166,-0.1720,0.0720,0.0000,0.0000,0.0000,18.38,-9.32,175.76,1,1,0.0000,0.0000,0.3000,0.00,0.7600,0.3500,0.9200,6.00,180.00,0.850000,0.000000,0.000000,1.100000,0.000000,0.000000,1.200000,0.000000,0.000000,1.350000,0.000000,0.000000,0.850000,0.020000,0.000000,0.008000,0.000000,0.000600,0.008000,0.000000,0.000600,0.006000,0.000000,0.000000,1,1,1,26,230,563153,563153,344481,218671,0,3.00,90,3188,893,0,0,12,11923,500.75,500.75,4,710,0.0000,0.5000,0.5000,0.0000,0.5000
2026-04-27T19:01:38.470,0.446,1,-0.19,0.19,0.00,0.00,1,-0.0166,0.1718,0.2280,0.0000,0.0000,0.0000,-18.33,-2.02,121.61,69.94,27,27,1.00000,1.00000,1.00000,1.00000,3,3,1,24.95629,0.00261,1.07213,0.0166,-0.1718,0.0720,0.0000,0.0000,0.0000,18.33,-9.20,175.66,1,1,0.0000,0.0000,0.3000,0.00,0.7600,0.3500,0.9200,6.00,180.00,0.850000,0.000000,0.000000,1.100000,0.000000,0.000000,1.200000,0.000000,0.000000,1.350000,0.000000,0.000000,0.850000,0.020000,0.000000,0.008000,0.000000,0.000600,0.008000,0.000000,0.000600,0.006000,0.000000,0.000000,1,1,1,27,229,563153,563153,344481,218671,0,3.00,90,3188,893,0,0,12,11923,500.75,500.75,4,710,0.0000,0.5000,0.5000,0.0000,0.5000
2026-04-27T19:01:38.486,0.463,1,-0.19,0.19,0.00,0.00,1,-0.0166,0.1720,0.2281,0.0000,0.0000,0.0000,-18.34,0.59,40.41,43.96,28,28,1.00000,1.00000,1.00000,1.00000,3,3,1,24.94762,0.00261,1.06956,0.0166,-0.1720,0.0719,0.0000,0.0000,0.0000,18.34,-9.37,175.76,1,1,0.0000,0.0000,0.3000,0.00,0.7600,0.3500,0.9200,6.00,180.00,0.850000,0.000000,0.000000,1.100000,0.000000,0.000000,1.200000,0.000000,0.000000,1.350000,0.000000,0.000000,0.850000,0.020000,0.000000,0.008000,0.000000,0.000600,0.008000,0.000000,0.000600,0.006000,0.000000,0.000000,1,1,1,28,230,563153,563153,344481,218671,0,3.00,90,3188,893,0,0,12,11923,500.75,500.75,4,710,0.0000,0.5000,0.5000,0.0000,0.5000
2026-04-27T19:01:38.496,0.473,1,-0.19,0.19,0.00,0.00,1,-0.0165,0.1719,0.2280,0.0000,0.0000,0.0000,-18.43,9.29,59.49,70.45,29,29,1.00000,1.00000,1.00000,1.00000,3,3,1,24.92387,0.00251,1.07120,0.0165,-0.1719,0.0720,0.0000,0.0000,0.0000,18.43,-9.33,175.66,1,1,0.0000,0.0000,0.3000,0.00,0.7600,0.3500,0.9200,6.00,180.00,0.850000,0.000000,0.000000,1.100000,0.000000,0.000000,1.200000,0.000000,0.000000,1.350000,0.000000,0.000000,0.850000,0.020000,0.000000,0.008000,0.000000,0.000600,0.008000,0.000000,0.000600,0.006000,0.000000,0.000000,1,1,1,29,230,563153,563153,344481,218671,0,3.00,90,3188,893,0,0,12,11923,500.75,500.75,4,710,0.0000,0.5000,0.5000,0.0000,0.5000
2026-04-27T19:01:38.521,0.497,1,-0.19,0.19,0.00,0.00,1,-0.0165,0.1719,0.2281,0.0000,0.0000,0.0000,-18.44,0.41,103.27,54.80,30,30,1.00000,1.00000,1.00000,1.00000,3,3,1,24.98160,0.00256,1.07032,0.0165,-0.1719,0.0719,0.0000,0.0000,0.0000,18.44,-9.38,175.66,1,1,0.0000,0.0000,0.3000,0.00,0.7600,0.3500,0.9200,6.00,180.00,0.850000,0.000000,0.000000,1.100000,0.000000,0.000000,1.200000,0.000000,0.000000,1.350000,0.000000,0.000000,0.850000,0.020000,0.000000,0.008000,0.000000,0.000600,0.008000,0.000000,0.000600,0.006000,0.000000,0.000000,1,1,1,30,230,563153,563153,344481,218671,0,3.00,90,3188,893,0,0,12,11923,500.75,500.75,4,710,0.0000,0.5000,0.5000,0.0000,0.5000
2026-04-27T19:01:38.533,0.509,1,-0.19,0.19,0.00,0.00,1,-0.0165,0.1719,0.2281,0.0000,0.0000,0.0000,-18.45,0.82,40.86,55.29,31,31,1.00000,1.00000,1.00000,1.00000,3,3,1,24.98160,0.00256,1.07032,0.0165,-0.1719,0.0719,0.0000,0.0000,0.0000,18.45,-9.40,175.66,1,1,0.0000,0.0000,0.3000,0.00,0.7600,0.3500,0.9200,6.00,180.00,0.850000,0.000000,0.000000,1.100000,0.000000,0.000000,1.200000,0.000000,0.000000,1.350000,0.000000,0.000000,0.850000,0.020000,0.000000,0.008000,0.000000,0.000600,0.008000,0.000000,0.000600,0.006000,0.000000,0.000000,1,1,1,31,229,563153,563153,344481,218671,0,3.00,90,3188,893,0,0,12,11923,500.75,500.75,4,710,0.0000,0.5000,0.5000,0.0000,0.5000
2026-04-27T19:01:38.557,0.533,1,-0.19,0.19,0.00,0.00,1,-0.0164,0.1720,0.2281,0.0000,0.0000,0.0000,-18.43,-1.02,82.13,62.58,32,32,1.00000,1.00000,1.00000,1.00000,3,3,1,24.94639,0.00264,1.07093,0.0164,-0.1720,0.0719,0.0000,0.0000,0.0000,18.43,-9.53,175.79,1,1,0.0000,0.0000,0.3000,0.00,0.7600,0.3500,0.9200,6.00,180.00,0.850000,0.000000,0.000000,1.100000,0.000000,0.000000,1.200000,0.000000,0.000000,1.350000,0.000000,0.000000,0.850000,0.020000,0.000000,0.008000,0.000000,0.000600,0.008000,0.000000,0.000600,0.006000,0.000000,0.000000,1,1,1,32,230,563153,563153,344481,218671,0,3.00,90,3188,893,0,0,12,11923,500.75,500.75,4,710,0.0000,0.5000,0.5000,0.0000,0.5000
2026-04-27T19:01:38.571,0.548,1,-0.19,0.19,0.00,0.00,1,-0.0167,0.1719,0.2280,0.0000,0.0000,0.0000,-18.46,1.62,41.83,58.25,33,33,1.00000,1.00000,1.00000,1.00000,3,3,1,24.96056,0.00259,1.06971,0.0167,-0.1719,0.0720,0.0000,0.0000,0.0000,18.46,-9.23,175.67,1,1,0.0000,0.0000,0.3000,0.00,0.7600,0.3500,0.9200,6.00,180.00,0.850000,0.000000,0.000000,1.100000,0.000000,0.000000,1.200000,0.000000,0.000000,1.350000,0.000000,0.000000,0.850000,0.020000,0.000000,0.008000,0.000000,0.000600,0.008000,0.000000,0.000600,0.006000,0.000000,0.000000,1,1,1,33,230,563153,563153,344481,218671,0,3.00,90,3188,893,0,0,12,11923,500.75,500.75,4,710,0.0000,0.5000,0.5000,0.0000,0.5000
2026-04-27T19:01:38.588,0.565,1,-0.19,0.19,0.00,0.00,1,-0.0165,0.1719,0.2279,0.0000,0.0000,0.0000,-18.44,-1.21,70.20,59.92,34,34,1.00000,1.00000,1.00000,1.00000,3,3,1,24.92028,0.00253,1.07224,0.0165,-0.1719,0.0721,0.0000,0.0000,0.0000,18.44,-9.34,175.68,1,1,0.0000,0.0000,0.3000,0.00,0.7600,0.3500,0.9200,6.00,180.00,0.850000,0.000000,0.000000,1.100000,0.000000,0.000000,1.200000,0.000000,0.000000,1.350000,0.000000,0.000000,0.850000,0.020000,0.000000,0.008000,0.000000,0.000600,0.008000,0.000000,0.000600,0.006000,0.000000,0.000000,1,1,1,34,230,563153,563153,344481,218671,0,3.00,90,3188,893,0,0,12,11923,500.75,500.75,4,710,0.0000,0.5000,0.5000,0.0000,0.5000
2026-04-27T19:01:38.605,0.581,1,-0.19,0.19,0.00,0.00,1,-0.0166,0.1718,0.2278,0.0000,0.0000,0.0000,-18.40,-2.46,52.30,61.76,35,35,1.00000,1.00000,1.00000,1.00000,3,3,1,24.93444,0.00259,1.07074,0.0166,-0.1718,0.0722,0.0000,0.0000,0.0000,18.40,-9.17,175.70,1,1,0.0000,0.0000,0.3000,0.00,0.7600,0.3500,0.9200,6.00,180.00,0.850000,0.000000,0.000000,1.100000,0.000000,0.000000,1.200000,0.000000,0.000000,1.350000,0.000000,0.000000,0.850000,0.020000,0.000000,0.008000,0.000000,0.000600,0.008000,0.000000,0.000600,0.006000,0.000000,0.000000,1,1,1,35,228,563153,563153,344481,218671,0,3.00,90,3188,923,0,0,42,11923,500.00,500.00,6,794,0.0000,0.5000,0.5000,0.0000,0.5000
2026-04-27T19:01:38.617,0.594,1,-0.19,0.19,0.00,0.00,1,-0.0166,0.1719,0.2278,0.0000,0.0000,0.0000,-18.46,4.36,63.59,103.86,36,36,1.00000,1.00000,1.00000,1.00000,3,3,1,24.95667,0.00259,1.07147,0.0166,-0.1719,0.0722,0.0000,0.0000,0.0000,18.46,-9.16,175.69,1,1,0.0000,0.0000,0.3000,0.00,0.7600,0.3500,0.9200,6.00,180.00,0.850000,0.000000,0.000000,1.100000,0.000000,0.000000,1.200000,0.000000,0.000000,1.350000,0.000000,0.000000,0.850000,0.020000,0.000000,0.008000,0.000000,0.000600,0.008000,0.000000,0.000600,0.006000,0.000000,0.000000,1,1,1,36,230,563153,563153,344481,218671,0,3.00,90,3188,923,0,0,42,11923,500.00,500.00,6,794,0.0000,0.5000,0.5000,0.0000,0.5000
2026-04-27T19:01:38.634,0.610,1,-0.19,0.19,0.00,0.00,1,-0.0167,0.1718,0.2279,0.0000,0.0000,0.0000,-18.42,-2.47,60.13,41.11,37,37,1.00000,1.00000,1.00000,1.00000,3,3,1,24.96392,0.00265,1.06976,0.0167,-0.1718,0.0721,0.0000,0.0000,0.0000,18.42,-9.17,175.64,1,1,0.0000,0.0000,0.3000,0.00,0.7600,0.3500,0.9200,6.00,180.00,0.850000,0.000000,0.000000,1.100000,0.000000,0.000000,1.200000,0.000000,0.000000,1.350000,0.000000,0.000000,0.850000,0.020000,0.000000,0.008000,0.000000,0.000600,0.008000,0.000000,0.000600,0.006000,0.000000,0.000000,1,1,1,37,230,563153,563153,344481,218671,0,3.00,90,3188,923,0,0,42,11923,500.00,500.00,6,794,0.0000,0.5000,0.5000,0.0000,0.5000
2026-04-27T19:01:38.656,0.632,1,-0.19,0.19,0.00,0.00,1,-0.0165,0.1718,0.2281,0.0000,0.0000,0.0000,-18.38,-1.92,88.44,67.79,38,38,1.00000,1.00000,1.00000,1.00000,3,3,1,24.92872,0.00256,1.07268,0.0165,-0.1718,0.0719,0.0000,0.0000,0.0000,18.38,-9.34,175.62,1,1,0.0000,0.0000,0.3000,0.00,0.7600,0.3500,0.9200,6.00,180.00,0.850000,0.000000,0.000000,1.100000,0.000000,0.000000,1.200000,0.000000,0.000000,1.350000,0.000000,0.000000,0.850000,0.020000,0.000000,0.008000,0.000000,0.000600,0.008000,0.000000,0.000600,0.006000,0.000000,0.000000,1,1,1,38,230,563153,563153,344481,218671,0,3.00,90,3188,923,0,0,42,11923,500.00,500.00,6,794,0.0000,0.5000,0.5000,0.0000,0.5000
2026-04-27T19:01:38.670,0.647,1,-0.19,0.19,0.00,0.00,1,-0.0164,0.1721,0.2281,0.0000,0.0000,0.0000,-18.42,2.55,43.58,55.61,39,39,1.00000,1.00000,1.00000,1.00000,3,3,1,24.95565,0.00255,1.07088,0.0164,-0.1721,0.0719,0.0000,0.0000,0.0000,18.42,-9.38,175.71,1,1,0.0000,0.0000,0.3000,0.00,0.7600,0.3500,0.9200,6.00,180.00,0.850000,0.000000,0.000000,1.100000,0.000000,0.000000,1.200000,0.000000,0.000000,1.350000,0.000000,0.000000,0.850000,0.020000,0.000000,0.008000,0.000000,0.000600,0.008000,0.000000,0.000600,0.006000,0.000000,0.000000,1,1,1,39,230,563153,563153,344481,218671,0,3.00,90,3188,923,0,0,42,11923,500.00,500.00,6,794,0.0000,0.5000,0.5000,0.0000,0.5000
2026-04-27T19:01:38.689,0.665,1,-0.19,0.19,0.00,0.00,1,-0.0164,0.1720,0.2280,0.0000,0.0000,0.0000,-18.43,0.57,68.77,60.78,40,40,1.00000,1.00000,1.00000,1.00000,3,3,1,24.95862,0.00260,1.07025,0.0164,-0.1720,0.0720,0.0000,0.0000,0.0000,18.43,-9.51,175.76,1,1,0.0000,0.0000,0.3000,0.00,0.7600,0.3500,0.9200,6.00,180.00,0.850000,0.000000,0.000000,1.100000,0.000000,0.000000,1.200000,0.000000,0.000000,1.350000,0.000000,0.000000,0.850000,0.020000,0.000000,0.008000,0.000000,0.000600,0.008000,0.000000,0.000600,0.006000,0.000000,0.000000,1,1,1,40,230,563153,563153,344481,218671,0,3.00,90,3188,923,0,0,42,11923,500.00,500.00,6,794,0.0000,0.5000,0.5000,0.0000,0.5000
2026-04-27T19:01:38.705,0.682,1,-0.19,0.19,0.00,0.00,1,-0.0166,0.1720,0.2279,0.0000,0.0000,0.0000,-18.42,-0.61,57.59,57.48,41,41,1.00000,1.00000,1.00000,1.00000,3,3,1,24.92946,0.00246,1.07041,0.0166,-0.1720,0.0721,0.0000,0.0000,0.0000,18.42,-9.36,175.81,1,1,0.0000,0.0000,0.3000,0.00,0.7600,0.3500,0.9200,6.00,180.00,0.850000,0.000000,0.000000,1.100000,0.000000,0.000000,1.200000,0.000000,0.000000,1.350000,0.000000,0.000000,0.850000,0.020000,0.000000,0.008000,0.000000,0.000600,0.008000,0.000000,0.000600,0.006000,0.000000,0.000000,1,1,1,41,230,563153,563153,344481,218671,0,3.00,90,3188,923,0,0,42,11923,500.00,500.00,6,794,0.0000,0.5000,0.5000,0.0000,0.5000
2026-04-27T19:01:38.721,0.698,1,-0.19,0.19,0.00,0.00,1,-0.0165,0.1719,0.2279,0.0000,0.0000,0.0000,-18.42,0.00,57.75,60.50,42,42,1.00000,1.00000,1.00000,1.00000,3,3,1,24.92701,0.00261,1.07160,0.0165,-0.1719,0.0721,0.0000,0.0000,0.0000,18.42,-9.40,175.77,1,1,0.0000,0.0000,0.3000,0.00,0.7600,0.3500,0.9200,6.00,180.00,0.850000,0.000000,0.000000,1.100000,0.000000,0.000000,1.200000,0.000000,0.000000,1.350000,0.000000,0.000000,0.850000,0.020000,0.000000,0.008000,0.000000,0.000600,0.008000,0.000000,0.000600,0.006000,0.000000,0.000000,1,1,1,42,229,563153,563153,344481,218671,0,3.00,90,3188,923,0,0,42,11923,500.00,500.00,6,794,0.0000,0.5000,0.5000,0.0000,0.5000
2026-04-27T19:01:38.738,0.715,1,-0.19,0.19,0.00,0.00,1,-0.0166,0.1719,0.2279,0.0000,0.0000,0.0000,-18.40,-1.10,62.35,59.24,43,43,1.00000,1.00000,1.00000,1.00000,3,3,1,24.96129,0.00255,1.07003,0.0166,-0.1719,0.0721,0.0000,0.0000,0.0000,18.40,-9.27,175.75,1,1,0.0000,0.0000,0.3000,0.00,0.7600,0.3500,0.9200,6.00,180.00,0.850000,0.000000,0.000000,1.100000,0.000000,0.000000,1.200000,0.000000,0.000000,1.350000,0.000000,0.000000,0.850000,0.020000,0.000000,0.008000,0.000000,0.000600,0.008000,0.000000,0.000600,0.006000,0.000000,0.000000,1,1,1,43,229,563153,563153,344481,218671,0,3.00,90,3188,923,0,0,42,11923,500.00,500.00,6,794,0.0000,0.5000,0.5000,0.0000,0.5000
2026-04-27T19:01:38.754,0.731,1,-0.19,0.19,0.00,0.00,1,-0.0164,0.1719,0.2282,0.0000,0.0000,0.0000,-18.44,2.63,61.78,60.17,44,44,1.00000,1.00000,1.00000,1.00000,3,3,1,25.01473,0.00260,1.07013,0.0164,-0.1719,0.0718,0.0000,0.0000,0.0000,18.44,-9.57,175.66,1,1,0.0000,0.0000,0.3000,0.00,0.7600,0.3500,0.9200,6.00,180.00,0.850000,0.000000,0.000000,1.100000,0.000000,0.000000,1.200000,0.000000,0.000000,1.350000,0.000000,0.000000,0.850000,0.020000,0.000000,0.008000,0.000000,0.000600,0.008000,0.000000,0.000600,0.006000,0.000000,0.000000,1,1,1,44,230,563153,563153,344481,218671,0,3.00,90,3188,923,0,0,42,11923,500.00,500.00,6,794,0.0000,0.5000,0.5000,0.0000,0.5000
2026-04-27T19:01:38.771,0.748,1,-0.19,0.19,0.00,0.00,1,-0.0165,0.1720,0.2281,0.0000,0.0000,0.0000,-18.43,-0.59,58.06,61.75,45,45,1.00000,1.00000,1.00000,1.00000,3,3,1,24.96687,0.00262,1.06957,0.0165,-0.1720,0.0719,0.0000,0.0000,0.0000,18.43,-9.49,175.76,1,1,0.0000,0.0000,0.3000,0.00,0.7600,0.3500,0.9200,6.00,180.00,0.850000,0.000000,0.000000,1.100000,0.000000,0.000000,1.200000,0.000000,0.000000,1.350000,0.000000,0.000000,0.850000,0.020000,0.000000,0.008000,0.000000,0.000600,0.008000,0.000000,0.000600,0.006000,0.000000,0.000000,1,1,1,45,230,563153,563153,344481,218671,0,3.00,90,3188,923,0,0,42,11923,500.00,500.00,6,794,0.0000,0.5000,0.5000,0.0000,0.5000
2026-04-27T19:01:38.787,0.764,1,-0.19,0.19,0.00,0.00,1,-0.0164,0.1719,0.2281,0.0000,0.0000,0.0000,-18.38,-2.92,62.68,59.21,46,46,1.00000,1.00000,1.00000,1.00000,3,3,1,25.00661,0.00260,1.07186,0.0164,-0.1719,0.0719,0.0000,0.0000,0.0000,18.38,-9.54,175.68,1,1,0.0000,0.0000,0.3000,0.00,0.7600,0.3500,0.9200,6.00,180.00,0.850000,0.000000,0.000000,1.100000,0.000000,0.000000,1.200000,0.000000,0.000000,1.350000,0.000000,0.000000,0.850000,0.020000,0.000000,0.008000,0.000000,0.000600,0.008000,0.000000,0.000600,0.006000,0.000000,0.000000,1,1,1,46,230,563153,563153,344481,218671,0,3.00,90,3188,923,0,0,42,11923,500.00,500.00,6,794,0.0000,0.5000,0.5000,0.0000,0.5000
2026-04-27T19:01:38.804,0.780,1,-0.19,0.19,0.00,0.00,1,-0.0165,0.1718,0.2280,0.0000,0.0000,0.0000,-18.38,0.00,54.85,60.58,47,47,1.00000,1.00000,1.00000,1.00000,3,3,1,24.94852,0.00258,1.07250,0.0165,-0.1718,0.0720,0.0000,0.0000,0.0000,18.38,-9.45,175.58,1,1,0.0000,0.0000,0.3000,0.00,0.7600,0.3500,0.9200,6.00,180.00,0.850000,0.000000,0.000000,1.100000,0.000000,0.000000,1.200000,0.000000,0.000000,1.350000,0.000000,0.000000,0.850000,0.020000,0.000000,0.008000,0.000000,0.000600,0.008000,0.000000,0.000600,0.006000,0.000000,0.000000,1,1,1,47,230,563153,563153,344481,218671,0,3.00,90,3188,923,0,0,42,11923,500.00,500.00,6,794,0.0000,0.5000,0.5000,0.0000,0.5000
2026-04-27T19:01:38.821,0.798,1,-0.19,0.19,0.00,0.00,1,-0.0164,0.1718,0.2281,0.0000,0.0000,0.0000,-18.31,-4.24,65.58,60.24,48,48,1.00000,1.00000,1.00000,1.00000,3,3,1,24.92279,0.00264,1.07269,0.0164,-0.1718,0.0719,0.0000,0.0000,0.0000,18.31,-9.55,175.62,1,1,0.0000,0.0000,0.3000,0.00,0.7600,0.3500,0.9200,6.00,180.00,0.850000,0.000000,0.000000,1.100000,0.000000,0.000000,1.200000,0.000000,0.000000,1.350000,0.000000,0.000000,0.850000,0.020000,0.000000,0.008000,0.000000,0.000600,0.008000,0.000000,0.000600,0.006000,0.000000,0.000000,1,1,1,48,230,563153,563153,344481,218671,0,3.00,90,3188,923,0,0,42,11923,500.00,500.00,6,794,0.0000,0.5000,0.5000,0.0000,0.5000
2026-04-27T19:01:38.835,0.812,1,-0.19,0.19,0.00,0.00,1,-0.0165,0.1717,0.2279,0.0000,0.0000,0.0000,-18.32,0.67,60.59,57.76,49,49,1.00000,1.00000,1.00000,1.00000,3,3,1,24.89433,0.00259,1.07273,0.0165,-0.1717,0.0721,0.0000,0.0000,0.0000,18.32,-9.42,175.60,1,1,0.0000,0.0000,0.3000,0.00,0.7600,0.3500,0.9200,6.00,180.00,0.850000,0.000000,0.000000,1.100000,0.000000,0.000000,1.200000,0.000000,0.000000,1.350000,0.000000,0.000000,0.850000,0.020000,0.000000,0.008000,0.000000,0.000600,0.008000,0.000000,0.000600,0.006000,0.000000,0.000000,1,1,1,49,229,563153,563153,344481,218671,0,3.00,90,3188,923,0,0,42,11923,500.00,500.00,6,794,0.0000,0.5000,0.5000,0.0000,0.5000
2026-04-27T19:01:38.856,0.833,1,-0.19,0.19,0.00,0.00,1,-0.0165,0.1718,0.2281,0.0000,0.0000,0.0000,-18.41,4.58,71.79,63.11,50,50,1.00000,1.00000,1.00000,1.00000,3,3,1,24.95819,0.00258,1.07095,0.0165,-0.1718,0.0719,0.0000,0.0000,0.0000,18.41,-9.52,175.56,1,1,0.0000,0.0000,0.3000,0.00,0.7600,0.3500,0.9200,6.00,180.00,0.850000,0.000000,0.000000,1.100000,0.000000,0.000000,1.200000,0.000000,0.000000,1.350000,0.000000,0.000000,0.850000,0.020000,0.000000,0.008000,0.000000,0.000600,0.008000,0.000000,0.000600,0.006000,0.000000,0.000000,1,1,1,50,230,563153,563153,344481,218671,0,3.00,90,3188,923,0,0,42,11923,500.00,500.00,6,794,0.0000,0.5000,0.5000,0.0000,0.5000
2026-04-27T19:01:38.871,0.848,1,-0.19,0.19,0.00,0.00,1,-0.0165,0.1718,0.2280,0.0000,0.0000,0.0000,-18.44,1.94,46.49,59.26,51,51,1.00000,1.00000,1.00000,1.00000,3,3,1,24.96386,0.00259,1.07047,0.0165,-0.1718,0.0720,0.0000,0.0000,0.0000,18.44,-9.44,175.64,1,1,0.0000,0.0000,0.3000,0.00,0.7600,0.3500,0.9200,6.00,180.00,0.850000,0.000000,0.000000,1.100000,0.000000,0.000000,1.200000,0.000000,0.000000,1.350000,0.000000,0.000000,0.850000,0.020000,0.000000,0.008000,0.000000,0.000600,0.008000,0.000000,0.000600,0.006000,0.000000,0.000000,1,1,1,51,230,563153,563153,344481,218671,0,3.00,90,3188,923,0,0,42,11923,500.00,500.00,6,794,0.0000,0.5000,0.5000,0.0000,0.5000
2026-04-27T19:01:38.888,0.865,1,-0.19,0.19,0.00,0.00,1,-0.0167,0.1718,0.2279,0.0000,0.0000,0.0000,-18.39,-3.00,64.21,60.23,52,52,1.00000,1.00000,1.00000,1.00000,3,3,1,24.94721,0.00248,1.07018,0.0167,-0.1718,0.0721,0.0000,0.0000,0.0000,18.39,-9.19,175.70,1,1,0.0000,0.0000,0.3000,0.00,0.7600,0.3500,0.9200,6.00,180.00,0.850000,0.000000,0.000000,1.100000,0.000000,0.000000,1.200000,0.000000,0.000000,1.350000,0.000000,0.000000,0.850000,0.020000,0.000000,0.008000,0.000000,0.000600,0.008000,0.000000,0.000600,0.006000,0.000000,0.000000,1,1,1,52,229,563153,563153,344481,218671,0,3.00,90,3188,923,0,0,42,11923,500.00,500.00,6,794,0.0000,0.5000,0.5000,0.0000,0.5000
2026-04-27T19:01:38.903,0.879,1,-0.19,0.19,0.00,0.00,1,-0.0167,0.1718,0.2278,0.0000,0.0000,0.0000,-18.38,-0.64,63.68,87.43,53,53,1.00000,1.00000,1.00000,1.00000,3,3,1,24.96212,0.00269,1.07088,0.0167,-0.1718,0.0722,0.0000,0.0000,0.0000,18.38,-9.12,175.71,1,1,0.0000,0.0000,0.3000,0.00,0.7600,0.3500,0.9200,6.00,180.00,0.850000,0.000000,0.000000,1.100000,0.000000,0.000000,1.200000,0.000000,0.000000,1.350000,0.000000,0.000000,0.850000,0.020000,0.000000,0.008000,0.000000,0.000600,0.008000,0.000000,0.000600,0.006000,0.000000,0.000000,1,1,1,53,230,563153,563153,344481,218671,0,3.00,90,3188,923,0,0,42,11923,500.00,500.00,6,794,0.0000,0.5000,0.5000,0.0000,0.5000
2026-04-27T19:01:38.920,0.896,1,-0.19,0.19,0.00,0.00,1,-0.0166,0.1719,0.2279,0.0000,0.0000,0.0000,-18.46,4.68,68.51,63.00,54,54,1.00000,1.00000,1.00000,1.00000,3,3,1,24.94153,0.00255,1.07052,0.0166,-0.1719,0.0721,0.0000,0.0000,0.0000,18.46,-9.22,175.68,1,1,0.0000,0.0000,0.3000,0.00,0.7600,0.3500,0.9200,6.00,180.00,0.850000,0.000000,0.000000,1.100000,0.000000,0.000000,1.200000,0.000000,0.000000,1.350000,0.000000,0.000000,0.850000,0.020000,0.000000,0.008000,0.000000,0.000600,0.008000,0.000000,0.000600,0.006000,0.000000,0.000000,1,1,1,54,230,563153,563153,344481,218671,0,3.00,90,3188,923,0,0,42,11923,500.00,500.00,6,794,0.0000,0.5000,0.5000,0.0000,0.5000
2026-04-27T19:01:38.935,0.912,1,-0.19,0.19,0.00,0.00,1,-0.0166,0.1718,0.2280,0.0000,0.0000,0.0000,-18.45,-0.63,48.16,56.10,55,55,1.00000,1.00000,1.00000,1.00000,3,3,1,24.97440,0.00263,1.07080,0.0166,-0.1718,0.0720,0.0000,0.0000,0.0000,18.45,-9.32,175.60,1,1,0.0000,0.0000,0.3000,0.00,0.7600,0.3500,0.9200,6.00,180.00,0.850000,0.000000,0.000000,1.100000,0.000000,0.000000,1.200000,0.000000,0.000000,1.350000,0.000000,0.000000,0.850000,0.020000,0.000000,0.008000,0.000000,0.000600,0.008000,0.000000,0.000600,0.006000,0.000000,0.000000,1,1,1,55,229,563153,563153,344481,218671,0,3.00,90,3188,923,0,0,42,11923,500.00,500.00,6,794,0.0000,0.5000,0.5000,0.0000,0.5000
2026-04-27T19:01:38.950,0.927,1,-0.19,0.19,0.00,0.00,1,-0.0165,0.1718,0.2280,0.0000,0.0000,0.0000,-18.39,-4.01,82.41,48.70,56,56,1.00000,1.00000,1.00000,1.00000,3,3,1,24.94198,0.00264,1.07105,0.0165,-0.1718,0.0720,0.0000,0.0000,0.0000,18.39,-9.33,175.58,1,1,0.0000,0.0000,0.3000,0.00,0.7600,0.3500,0.9200,6.00,180.00,0.850000,0.000000,0.000000,1.100000,0.000000,0.000000,1.200000,0.000000,0.000000,1.350000,0.000000,0.000000,0.850000,0.020000,0.000000,0.008000,0.000000,0.000600,0.008000,0.000000,0.000600,0.006000,0.000000,0.000000,1,1,1,56,230,563213,563213,344541,218671,0,60.00,150,3123,923,0,0,42,11923,500.00,500.00,6,794,0.0000,0.5000,0.5000,0.0000,0.5000
2026-04-27T19:01:38.968,0.944,1,-0.19,0.19,0.00,0.00,1,-0.0166,0.1718,0.2280,0.0000,0.0000,0.0000,-18.42,1.73,66.77,58.39,57,57,1.00000,1.00000,1.00000,1.00000,3,3,1,24.94651,0.00252,1.07149,0.0166,-0.1718,0.0720,0.0000,0.0000,0.0000,18.42,-9.20,175.65,1,1,0.0000,0.0000,0.3000,0.00,0.7600,0.3500,0.9200,6.00,180.00,0.850000,0.000000,0.000000,1.100000,0.000000,0.000000,1.200000,0.000000,0.000000,1.350000,0.000000,0.000000,0.850000,0.020000,0.000000,0.008000,0.000000,0.000600,0.008000,0.000000,0.000600,0.006000,0.000000,0.000000,1,1,1,57,229,563213,563213,344541,218671,0,60.00,150,3123,923,0,0,42,11923,500.00,500.00,6,794,0.0000,0.5000,0.5000,0.0000,0.5000
2026-04-27T19:01:38.985,0.962,1,-0.19,0.19,0.00,0.00,1,-0.0166,0.1719,0.2279,0.0000,0.0000,0.0000,-18.41,-0.59,46.86,56.75,58,58,1.00000,1.00000,1.00000,1.00000,3,3,1,25.01195,0.00258,1.07096,0.0166,-0.1719,0.0721,0.0000,0.0000,0.0000,18.41,-9.16,175.69,1,1,0.0000,0.0000,0.3000,0.00,0.7600,0.3500,0.9200,6.00,180.00,0.850000,0.000000,0.000000,1.100000,0.000000,0.000000,1.200000,0.000000,0.000000,1.350000,0.000000,0.000000,0.850000,0.020000,0.000000,0.008000,0.000000,0.000600,0.008000,0.000000,0.000600,0.006000,0.000000,0.000000,1,1,1,58,230,563213,563213,344541,218671,0,60.00,150,3123,923,0,0,42,11923,500.00,500.00,6,794,0.0000,0.5000,0.5000,0.0000,0.5000
2026-04-27T19:01:39.003,0.980,1,-0.19,0.19,0.00,0.00,1,-0.0164,0.1719,0.2280,0.0000,0.0000,0.0000,-18.43,1.09,76.53,62.70,59,59,1.00000,1.00000,1.00000,1.00000,3,3,1,24.94617,0.00252,1.07221,0.0164,-0.1719,0.0720,0.0000,0.0000,0.0000,18.43,-9.35,175.71,1,1,0.0000,0.0000,0.3000,0.00,0.7600,0.3500,0.9200,6.00,180.00,0.850000,0.000000,0.000000,1.100000,0.000000,0.000000,1.200000,0.000000,0.000000,1.350000,0.000000,0.000000,0.850000,0.020000,0.000000,0.008000,0.000000,0.000600,0.008000,0.000000,0.000600,0.006000,0.000000,0.000000,1,1,1,59,230,563213,563213,344541,218671,0,60.00,150,3123,923,0,0,42,11923,500.00,500.00,6,794,0.0000,0.5000,0.5000,0.0000,0.5000
2026-04-27T19:01:39.019,0.996,1,-0.19,0.19,0.00,0.00,1,-0.0165,0.1718,0.2281,0.0000,0.0000,0.0000,-18.41,-1.27,54.32,59.77,60,60,1.00000,1.00000,1.00000,1.00000,3,3,1,24.96359,0.00262,1.07088,0.0165,-0.1718,0.0719,0.0000,0.0000,0.0000,18.41,-9.43,175.66,1,1,0.0000,0.0000,0.3000,0.00,0.7600,0.3500,0.9200,6.00,180.00,0.850000,0.000000,0.000000,1.100000,0.000000,0.000000,1.200000,0.000000,0.000000,1.350000,0.000000,0.000000,0.850000,0.020000,0.000000,0.008000,0.000000,0.000600,0.008000,0.000000,0.000600,0.006000,0.000000,0.000000,1,1,1,60,230,563213,563213,344541,218671,0,60.00,150,3123,923,0,0,42,11923,500.00,500.00,6,794,0.0000,0.5000,0.5000,0.0000,0.5000
2026-04-27T19:01:39.042,1.019,1,-0.19,0.19,0.00,0.00,1,-0.0165,0.1719,0.2280,0.0000,0.0000,0.0000,-18.42,0.46,63.27,58.68,61,61,1.00000,1.00000,1.00000,1.00000,3,3,1,24.95415,0.00256,1.07236,0.0165,-0.1719,0.0720,0.0000,0.0000,0.0000,18.42,-9.31,175.69,1,1,0.0000,0.0000,0.3000,0.00,0.7600,0.3500,0.9200,6.00,180.00,0.850000,0.000000,0.000000,1.100000,0.000000,0.000000,1.200000,0.000000,0.000000,1.350000,0.000000,0.000000,0.850000,0.020000,0.000000,0.008000,0.000000,0.000600,0.008000,0.000000,0.000600,0.006000,0.000000,0.000000,1,1,1,61,230,563213,563213,344541,218671,0,60.00,150,3123,923,0,0,42,11923,500.00,500.00,6,794,0.0000,0.5000,0.5000,0.0000,0.5000
2026-04-27T19:01:39.055,1.032,1,-0.19,0.19,0.00,0.00,1,-0.0165,0.1719,0.2281,0.0000,0.0000,0.0000,-18.40,-1.42,41.70,58.67,62,62,1.00000,1.00000,1.00000,1.00000,3,3,1,24.98966,0.00269,1.07038,0.0165,-0.1719,0.0719,0.0000,0.0000,0.0000,18.40,-9.39,175.69,1,1,0.0000,0.0000,0.3000,0.00,0.7600,0.3500,0.9200,6.00,180.00,0.850000,0.000000,0.000000,1.100000,0.000000,0.000000,1.200000,0.000000,0.000000,1.350000,0.000000,0.000000,0.850000,0.020000,0.000000,0.008000,0.000000,0.000600,0.008000,0.000000,0.000600,0.006000,0.000000,0.000000,1,1,1,62,229,563213,563213,344541,218671,0,60.00,150,3123,923,0,0,42,11923,500.00,500.00,6,794,0.0000,0.5000,0.5000,0.0000,0.5000
2026-04-27T19:01:39.071,1.048,1,-0.19,0.19,0.00,0.00,1,-0.0165,0.1719,0.2279,0.0000,0.0000,0.0000,-18.41,0.65,73.57,62.09,63,63,1.00000,1.00000,1.00000,1.00000,3,3,1,24.94817,0.00250,1.07082,0.0165,-0.1719,0.0721,0.0000,0.0000,0.0000,18.41,-9.31,175.72,1,1,0.0000,0.0000,0.3000,0.00,0.7600,0.3500,0.9200,6.00,180.00,0.850000,0.000000,0.000000,1.100000,0.000000,0.000000,1.200000,0.000000,0.000000,1.350000,0.000000,0.000000,0.850000,0.020000,0.000000,0.008000,0.000000,0.000600,0.008000,0.000000,0.000600,0.006000,0.000000,0.000000,1,1,1,63,230,563213,563213,344541,218671,0,60.00,150,3123,923,0,0,42,11923,500.00,500.00,6,794,0.0000,0.5000,0.5000,0.0000,0.5000
2026-04-27T19:01:39.079,1.056,1,-0.19,0.19,0.00,0.00,1,-0.0165,0.1719,0.2281,0.0000,0.0000,0.0000,-18.47,6.68,63.28,70.15,64,64,1.00000,1.00000,1.00000,1.00000,3,3,1,24.93689,0.00255,1.07120,0.0165,-0.1719,0.0719,0.0000,0.0000,0.0000,18.47,-9.47,175.67,1,1,0.0000,0.0000,0.3000,0.00,0.7600,0.3500,0.9200,6.00,180.00,0.850000,0.000000,0.000000,1.100000,0.000000,0.000000,1.200000,0.000000,0.000000,1.350000,0.000000,0.000000,0.850000,0.020000,0.000000,0.008000,0.000000,0.000600,0.008000,0.000000,0.000600,0.006000,0.000000,0.000000,1,1,1,64,230,563213,563213,344541,218671,0,60.00,150,3123,923,0,0,42,11923,500.00,500.00,6,794,0.0000,0.5000,0.5000,0.0000,0.5000
2026-04-27T19:01:39.105,1.082,1,-0.19,0.19,0.00,0.00,1,-0.0165,0.1719,0.2281,0.0000,0.0000,0.0000,-18.45,-0.81,143.30,51.14,65,65,1.00000,1.00000,1.00000,1.00000,3,3,1,24.97434,0.00253,1.06932,0.0165,-0.1719,0.0719,0.0000,0.0000,0.0000,18.45,-9.45,175.67,1,1,0.0000,0.0000,0.3000,0.00,0.7600,0.3500,0.9200,6.00,180.00,0.850000,0.000000,0.000000,1.100000,0.000000,0.000000,1.200000,0.000000,0.000000,1.350000,0.000000,0.000000,0.850000,0.020000,0.000000,0.008000,0.000000,0.000600,0.008000,0.000000,0.000600,0.006000,0.000000,0.000000,1,1,1,65,230,563213,563213,344541,218671,0,60.00,150,3123,953,0,0,72,11923,500.00,500.00,6,1468,0.0000,0.5000,0.5000,0.0000,0.5000
2026-04-27T19:01:39.119,1.096,1,-0.19,0.19,0.00,0.00,1,-0.0165,0.1721,0.2280,0.0000,-0.0108,0.0000,-18.42,-2.00,38.09,76.30,66,66,1.00000,1.00000,1.00000,1.00000,3,3,1,24.95863,0.00263,1.06997,0.0165,-0.1721,0.0720,0.0000,-0.0108,0.0000,18.42,-9.41,175.77,1,1,0.0000,0.0000,0.3000,0.00,0.7600,0.3500,0.9200,6.00,180.00,0.850000,0.000000,0.000000,1.100000,0.000000,0.000000,1.200000,0.000000,0.000000,1.350000,0.000000,0.000000,0.850000,0.020000,0.000000,0.008000,0.000000,0.000600,0.008000,0.000000,0.000600,0.006000,0.000000,0.000000,1,1,1,66,235,563213,563213,344541,218671,0,60.00,150,3123,953,0,0,72,11923,500.00,500.00,6,1468,0.0000,0.5000,0.5000,0.0000,0.5000
2026-04-27T19:01:39.130,1.106,1,-0.19,0.19,0.00,0.00,1,-0.0164,0.1719,0.2281,0.0000,0.0000,0.0000,-18.42,0.00,74.28,57.26,67,67,1.00000,1.00000,1.00000,1.00000,3,3,1,24.97252,0.00260,1.07121,0.0164,-0.1719,0.0719,0.0000,0.0000,0.0000,18.42,-9.55,175.69,1,1,0.0000,0.0000,0.3000,0.00,0.7600,0.3500,0.9200,6.00,180.00,0.850000,0.000000,0.000000,1.100000,0.000000,0.000000,1.200000,0.000000,0.000000,1.350000,0.000000,0.000000,0.850000,0.020000,0.000000,0.008000,0.000000,0.000600,0.008000,0.000000,0.000600,0.006000,0.000000,0.000000,1,1,1,67,230,563213,563213,344541,218671,0,60.00,150,3123,953,0,0,72,11923,500.00,500.00,6,1468,0.0000,0.5000,0.5000,0.0000,0.5000
2026-04-27T19:01:39.145,1.122,1,-0.19,0.19,0.00,0.00,1,-0.0165,0.1718,0.2280,0.0000,0.0000,0.0000,-18.38,-2.61,96.10,65.37,68,68,1.00000,1.00000,1.00000,1.00000,3,3,1,24.97388,0.00264,1.07195,0.0165,-0.1718,0.0720,0.0000,0.0000,0.0000,18.38,-9.41,175.59,1,1,0.0000,0.0000,0.3000,0.00,0.7600,0.3500,0.9200,6.00,180.00,0.850000,0.000000,0.000000,1.100000,0.000000,0.000000,1.200000,0.000000,0.000000,1.350000,0.000000,0.000000,0.850000,0.020000,0.000000,0.008000,0.000000,0.000600,0.008000,0.000000,0.000600,0.006000,0.000000,0.000000,1,1,1,68,230,563213,563213,344541,218671,0,60.00,150,3123,953,0,0,72,11923,500.00,500.00,6,1468,0.0000,0.5000,0.5000,0.0000,0.5000
2026-04-27T19:01:39.171,1.147,1,-0.19,0.19,0.00,0.00,1,-0.0166,0.1720,0.2280,0.0000,0.0000,0.0000,-18.43,2.07,65.37,49.60,69,69,1.00000,1.00000,1.00000,1.00000,3,3,1,24.92655,0.00251,1.07094,0.0166,-0.1720,0.0720,0.0000,0.0000,0.0000,18.43,-9.37,175.78,1,1,0.0000,0.0000,0.3000,0.00,0.7600,0.3500,0.9200,6.00,180.00,0.850000,0.000000,0.000000,1.100000,0.000000,0.000000,1.200000,0.000000,0.000000,1.350000,0.000000,0.000000,0.850000,0.020000,0.000000,0.008000,0.000000,0.000600,0.008000,0.000000,0.000600,0.006000,0.000000,0.000000,1,1,1,69,230,563213,563213,344541,218671,0,60.00,150,3123,953,0,0,72,11923,500.00,500.00,6,1468,0.0000,0.5000,0.5000,0.0000,0.5000
2026-04-27T19:01:39.181,1.158,1,-0.19,0.19,0.00,0.00,1,-0.0165,0.1719,0.2281,0.0000,0.0000,0.0000,-18.42,-0.80,38.95,60.70,70,70,1.00000,1.00000,1.00000,1.00000,3,3,1,24.97892,0.00258,1.07136,0.0165,-0.1719,0.0719,0.0000,0.0000,0.0000,18.42,-9.43,175.76,1,1,0.0000,0.0000,0.3000,0.00,0.7600,0.3500,0.9200,6.00,180.00,0.850000,0.000000,0.000000,1.100000,0.000000,0.000000,1.200000,0.000000,0.000000,1.350000,0.000000,0.000000,0.850000,0.020000,0.000000,0.008000,0.000000,0.000600,0.008000,0.000000,0.000600,0.006000,0.000000,0.000000,1,1,1,70,230,563213,563213,344541,218671,0,60.00,150,3123,953,0,0,72,11923,500.00,500.00,6,1468,0.0000,0.5000,0.5000,0.0000,0.5000
2026-04-27T19:01:39.200,1.177,1,-0.19,0.19,0.00,0.00,1,-0.0166,0.1717,0.2280,0.0000,0.0000,0.0000,-18.33,-4.83,91.23,57.66,71,71,1.00000,1.00000,1.00000,1.00000,3,3,1,24.98033,0.00264,1.07233,0.0166,-0.1717,0.0720,0.0000,0.0000,0.0000,18.33,-9.25,175.66,1,1,0.0000,0.0000,0.3000,0.00,0.7600,0.3500,0.9200,6.00,180.00,0.850000,0.000000,0.000000,1.100000,0.000000,0.000000,1.200000,0.000000,0.000000,1.350000,0.000000,0.000000,0.850000,0.020000,0.000000,0.008000,0.000000,0.000600,0.008000,0.000000,0.000600,0.006000,0.000000,0.000000,1,1,1,71,230,563213,563213,344541,218671,0,60.00,150,3123,953,0,0,72,11923,500.00,500.00,6,1468,0.0000,0.5000,0.5000,0.0000,0.5000
2026-04-27T19:01:39.216,1.193,1,-0.19,0.19,0.00,0.00,1,-0.0165,0.1718,0.2281,0.0000,0.0000,0.0000,-18.42,5.71,53.62,62.26,72,72,1.00000,1.00000,1.00000,1.00000,3,3,1,24.96634,0.00259,1.07057,0.0165,-0.1718,0.0719,0.0000,0.0000,0.0000,18.42,-9.43,175.59,1,1,0.0000,0.0000,0.3000,0.00,0.7600,0.3500,0.9200,6.00,180.00,0.850000,0.000000,0.000000,1.100000,0.000000,0.000000,1.200000,0.000000,0.000000,1.350000,0.000000,0.000000,0.850000,0.020000,0.000000,0.008000,0.000000,0.000600,0.008000,0.000000,0.000600,0.006000,0.000000,0.000000,1,1,1,72,230,563213,563213,344541,218671,0,60.00,150,3123,953,0,0,72,11923,500.00,500.00,6,1468,0.0000,0.5000,0.5000,0.0000,0.5000
2026-04-27T19:01:39.236,1.213,1,-0.19,0.19,0.00,0.00,1,-0.0164,0.1720,0.2280,0.0000,0.0000,0.0000,-18.42,0.00,45.37,59.43,73,73,1.00000,1.00000,1.00000,1.00000,3,3,1,24.96173,0.00258,1.06988,0.0164,-0.1720,0.0720,0.0000,0.0000,0.0000,18.42,-9.55,175.67,1,1,0.0000,0.0000,0.3000,0.00,0.7600,0.3500,0.9200,6.00,180.00,0.850000,0.000000,0.000000,1.100000,0.000000,0.000000,1.200000,0.000000,0.000000,1.350000,0.000000,0.000000,0.850000,0.020000,0.000000,0.008000,0.000000,0.000600,0.008000,0.000000,0.000600,0.006000,0.000000,0.000000,1,1,1,73,230,563213,563213,344541,218671,0,60.00,150,3123,953,0,0,72,11923,500.00,500.00,6,1468,0.0000,0.5000,0.5000,0.0000,0.5000
2026-04-27T19:01:39.254,1.231,1,-0.19,0.19,0.00,0.00,1,-0.0164,0.1718,0.2280,0.0000,0.0000,0.0000,-18.33,-5.07,73.21,59.73,74,74,1.00000,1.00000,1.00000,1.00000,3,3,1,24.96876,0.00265,1.07263,0.0164,-0.1718,0.0720,0.0000,0.0000,0.0000,18.33,-9.52,175.70,1,1,0.0000,0.0000,0.3000,0.00,0.7600,0.3500,0.9200,6.00,180.00,0.850000,0.000000,0.000000,1.100000,0.000000,0.000000,1.200000,0.000000,0.000000,1.350000,0.000000,0.000000,0.850000,0.020000,0.000000,0.008000,0.000000,0.000600,0.008000,0.000000,0.000600,0.006000,0.000000,0.000000,1,1,1,74,229,563213,563213,344541,218671,0,60.00,150,3123,953,0,0,72,11923,500.00,500.00,6,1468,0.0000,0.5000,0.5000,0.0000,0.5000
2026-04-27T19:01:39.271,1.247,1,-0.19,0.19,0.00,0.00,1,-0.0165,0.1719,0.2281,0.0000,0.0000,0.0000,-18.42,5.29,53.66,61.83,75,75,1.00000,1.00000,1.00000,1.00000,3,3,1,24.97544,0.00254,1.06995,0.0165,-0.1719,0.0719,0.0000,0.0000,0.0000,18.42,-9.45,175.70,1,1,0.0000,0.0000,0.3000,0.00,0.7600,0.3500,0.9200,6.00,180.00,0.850000,0.000000,0.000000,1.100000,0.000000,0.000000,1.200000,0.000000,0.000000,1.350000,0.000000,0.000000,0.850000,0.020000,0.000000,0.008000,0.000000,0.000600,0.008000,0.000000,0.000600,0.006000,0.000000,0.000000,1,1,1,75,229,563213,563213,344541,218671,0,60.00,150,3123,953,0,0,72,11923,500.00,500.00,6,1468,0.0000,0.5000,0.5000,0.0000,0.5000
2026-04-27T19:01:39.288,1.265,1,-0.19,0.19,0.00,0.00,1,-0.0164,0.1719,0.2279,0.0000,0.0000,0.0000,-18.42,0.00,58.38,56.71,76,76,1.00000,1.00000,1.00000,1.00000,3,3,1,24.96910,0.00270,1.07046,0.0164,-0.1719,0.0721,0.0000,0.0000,0.0000,18.42,-9.48,175.63,1,1,0.0000,0.0000,0.3000,0.00,0.7600,0.3500,0.9200,6.00,180.00,0.850000,0.000000,0.000000,1.100000,0.000000,0.000000,1.200000,0.000000,0.000000,1.350000,0.000000,0.000000,0.850000,0.020000,0.000000,0.008000,0.000000,0.000600,0.008000,0.000000,0.000600,0.006000,0.000000,0.000000,1,1,1,76,230,563213,563213,344541,218671,0,60.00,150,3123,953,0,0,72,11923,500.00,500.00,6,1468,0.0000,0.5000,0.5000,0.0000,0.5000
2026-04-27T19:01:39.302,1.279,1,-0.19,0.19,0.00,0.00,1,-0.0166,0.1718,0.2280,0.0000,0.0000,0.0000,-18.43,0.67,60.76,61.05,77,77,1.00000,1.00000,1.00000,1.00000,3,3,1,24.93997,0.00261,1.07018,0.0166,-0.1718,0.0720,0.0000,0.0000,0.0000,18.43,-9.41,175.61,1,1,0.0000,0.0000,0.3000,0.00,0.7600,0.3500,0.9200,6.00,180.00,0.850000,0.000000,0.000000,1.100000,0.000000,0.000000,1.200000,0.000000,0.000000,1.350000,0.000000,0.000000,0.850000,0.020000,0.000000,0.008000,0.000000,0.000600,0.008000,0.000000,0.000600,0.006000,0.000000,0.000000,1,1,1,77,230,563213,563213,344541,218671,0,60.00,150,3123,953,0,0,72,11923,500.00,500.00,6,1468,0.0000,0.5000,0.5000,0.0000,0.5000
2026-04-27T19:01:39.321,1.297,1,-0.19,0.19,0.00,0.00,1,-0.0166,0.1718,0.2279,0.0000,0.0000,0.0000,-18.38,-4.94,71.75,74.15,78,78,1.00000,1.00000,1.00000,1.00000,3,3,1,24.93461,0.00257,1.07203,0.0166,-0.1718,0.0721,0.0000,0.0000,0.0000,18.38,-9.34,175.67,1,1,0.0000,0.0000,0.3000,0.00,0.7600,0.3500,0.9200,6.00,180.00,0.850000,0.000000,0.000000,1.100000,0.000000,0.000000,1.200000,0.000000,0.000000,1.350000,0.000000,0.000000,0.850000,0.020000,0.000000,0.008000,0.000000,0.000600,0.008000,0.000000,0.000600,0.006000,0.000000,0.000000,1,1,1,78,230,563213,563213,344541,218671,0,60.00,150,3123,953,0,0,72,11923,500.00,500.00,6,1468,0.0000,0.5000,0.5000,0.0000,0.5000
2026-04-27T19:01:39.334,1.310,1,-0.19,0.19,0.00,0.00,1,-0.0166,0.1717,0.2279,0.0000,0.0000,0.0000,-18.39,0.47,53.39,57.49,79,79,1.00000,1.00000,1.00000,1.00000,3,3,1,24.98307,0.00263,1.07045,0.0166,-0.1717,0.0721,0.0000,0.0000,0.0000,18.39,-9.41,175.62,1,1,0.0000,0.0000,0.3000,0.00,0.7600,0.3500,0.9200,6.00,180.00,0.850000,0.000000,0.000000,1.100000,0.000000,0.000000,1.200000,0.000000,0.000000,1.350000,0.000000,0.000000,0.850000,0.020000,0.000000,0.008000,0.000000,0.000600,0.008000,0.000000,0.000600,0.006000,0.000000,0.000000,1,1,1,79,230,563213,563213,344541,218671,0,60.00,150,3123,953,0,0,72,11923,500.00,500.00,6,1468,0.0000,0.5000,0.5000,0.0000,0.5000
2026-04-27T19:01:39.354,1.331,1,-0.19,0.19,0.00,0.00,1,-0.0166,0.1717,0.2281,0.0000,0.0000,0.0000,-18.44,2.58,77.84,53.28,80,80,1.00000,1.00000,1.00000,1.00000,3,3,1,24.94972,0.00259,1.07020,0.0166,-0.1717,0.0719,0.0000,0.0000,0.0000,18.44,-9.42,175.52,1,1,0.0000,0.0000,0.3000,0.00,0.7600,0.3500,0.9200,6.00,180.00,0.850000,0.000000,0.000000,1.100000,0.000000,0.000000,1.200000,0.000000,0.000000,1.350000,0.000000,0.000000,0.850000,0.020000,0.000000,0.008000,0.000000,0.000600,0.008000,0.000000,0.000600,0.006000,0.000000,0.000000,1,1,1,80,230,563213,563213,344541,218671,0,60.00,150,3123,953,0,0,72,11923,500.00,500.00,6,1468,0.0000,0.5000,0.5000,0.0000,0.5000
2026-04-27T19:01:39.359,1.335,1,-0.19,0.19,0.00,0.00,1,-0.0167,0.1718,0.2279,0.0101,0.0000,0.0137,-18.43,-1.80,46.48,97.64,81,81,1.00000,1.00000,1.00000,1.00000,3,3,1,24.98067,0.00266,1.06948,0.0167,-0.1718,0.0721,0.0101,0.0000,0.0137,18.43,-9.26,175.58,1,1,0.0000,0.0000,0.3000,0.00,0.7600,0.3500,0.9200,6.00,180.00,0.850000,0.000000,0.000000,1.100000,0.000000,0.000000,1.200000,0.000000,0.000000,1.350000,0.000000,0.000000,0.850000,0.020000,0.000000,0.008000,0.000000,0.000600,0.008000,0.000000,0.000600,0.006000,0.000000,0.000000,1,1,1,81,237,563213,563213,344541,218671,0,60.00,150,3123,953,0,0,72,11923,500.00,500.00,6,1468,0.0000,0.5000,0.5000,0.0000,0.5000
2026-04-27T19:01:39.383,1.360,1,-0.19,0.19,0.00,0.00,1,-0.0167,0.1718,0.2280,0.0000,0.0000,0.0000,-18.38,-2.02,290.52,51.90,82,82,1.00000,1.00000,1.00000,1.00000,3,3,1,24.92140,0.00260,1.07133,0.0167,-0.1718,0.0720,0.0000,0.0000,0.0000,18.38,-9.23,175.65,1,1,0.0000,0.0000,0.3000,0.00,0.7600,0.3500,0.9200,6.00,180.00,0.850000,0.000000,0.000000,1.100000,0.000000,0.000000,1.200000,0.000000,0.000000,1.350000,0.000000,0.000000,0.850000,0.020000,0.000000,0.008000,0.000000,0.000600,0.008000,0.000000,0.000600,0.006000,0.000000,0.000000,1,1,1,82,230,563213,563213,344541,218671,0,60.00,150,3123,953,0,0,72,11923,500.00,500.00,6,1468,0.0000,0.5000,0.5000,0.0000,0.5000
2026-04-27T19:01:39.396,1.372,1,-0.19,0.19,0.00,0.00,1,-0.0167,0.1718,0.2278,0.0000,0.0000,0.0115,-18.33,-4.02,40.37,55.76,83,83,1.00000,1.00000,1.00000,1.00000,3,3,1,24.96184,0.00262,1.07179,0.0167,-0.1718,0.0722,0.0000,0.0000,0.0115,18.33,-9.04,175.71,1,1,0.0000,0.0000,0.3000,0.00,0.7600,0.3500,0.9200,6.00,180.00,0.850000,0.000000,0.000000,1.100000,0.000000,0.000000,1.200000,0.000000,0.000000,1.350000,0.000000,0.000000,0.850000,0.020000,0.000000,0.008000,0.000000,0.000600,0.008000,0.000000,0.000600,0.006000,0.000000,0.000000,1,1,1,83,234,563213,563213,344541,218671,0,60.00,150,3123,953,0,0,72,11923,500.00,500.00,6,1468,0.0000,0.5000,0.5000,0.0000,0.5000
2026-04-27T19:01:39.421,1.397,1,-0.19,0.19,0.00,0.00,1,-0.0166,0.1719,0.2279,0.0000,0.0000,0.0000,-18.39,2.42,80.45,54.07,84,84,1.00000,1.00000,1.00000,1.00000,3,3,1,24.96546,0.00246,1.06985,0.0166,-0.1719,0.0721,0.0000,0.0000,0.0000,18.39,-9.13,175.72,1,1,0.0000,0.0000,0.3000,0.00,0.7600,0.3500,0.9200,6.00,180.00,0.850000,0.000000,0.000000,1.100000,0.000000,0.000000,1.200000,0.000000,0.000000,1.350000,0.000000,0.000000,0.850000,0.020000,0.000000,0.008000,0.000000,0.000600,0.008000,0.000000,0.000600,0.006000,0.000000,0.000000,1,1,1,84,230,563213,563213,344541,218671,0,60.00,150,3123,953,0,0,72,11923,500.00,500.00,6,1468,0.0000,0.5000,0.5000,0.0000,0.5000
2026-04-27T19:01:39.432,1.409,1,-0.19,0.19,0.00,0.00,1,-0.0164,0.1721,0.2278,0.0000,0.0000,0.0000,-18.36,-2.63,40.25,56.33,85,85,1.00000,1.00000,1.00000,1.00000,3,3,1,24.95383,0.00268,1.06935,0.0164,-0.1721,0.0722,0.0000,0.0000,0.0000,18.36,-9.40,175.83,1,1,0.0000,0.0000,0.3000,0.00,0.7600,0.3500,0.9200,6.00,180.00,0.850000,0.000000,0.000000,1.100000,0.000000,0.000000,1.200000,0.000000,0.000000,1.350000,0.000000,0.000000,0.850000,0.020000,0.000000,0.008000,0.000000,0.000600,0.008000,0.000000,0.000600,0.006000,0.000000,0.000000,1,1,1,85,229,563213,563213,344541,218671,0,60.00,150,3123,953,0,0,72,11923,500.00,500.00,6,1468,0.0000,0.5000,0.5000,0.0000,0.5000
2026-04-27T19:01:39.455,1.431,1,-0.19,0.19,0.00,0.00,1,-0.0166,0.1719,0.2279,0.0000,0.0000,0.0000,-18.44,3.62,87.70,62.84,86,86,1.00000,1.00000,1.00000,1.00000,3,3,1,24.98326,0.00262,1.06898,0.0166,-0.1719,0.0721,0.0000,0.0000,0.0000,18.44,-9.29,175.69,1,1,0.0000,0.0000,0.3000,0.00,0.7600,0.3500,0.9200,6.00,180.00,0.850000,0.000000,0.000000,1.100000,0.000000,0.000000,1.200000,0.000000,0.000000,1.350000,0.000000,0.000000,0.850000,0.020000,0.000000,0.008000,0.000000,0.000600,0.008000,0.000000,0.000600,0.006000,0.000000,0.000000,1,1,1,86,230,563213,563213,344541,218671,0,60.00,150,3123,953,0,0,72,11923,500.00,500.00,6,1468,0.0000,0.5000,0.5000,0.0000,0.5000
2026-04-27T19:01:39.471,1.447,1,-0.19,0.19,0.00,0.00,1,-0.0166,0.1718,0.2280,0.0000,0.0000,0.0000,-18.39,-8.05,42.47,80.77,87,87,1.00000,1.00000,1.00000,1.00000,3,3,1,24.93736,0.00261,1.07114,0.0166,-0.1718,0.0720,0.0000,0.0000,0.0000,18.39,-9.35,175.69,1,1,0.0000,0.0000,0.3000,0.00,0.7600,0.3500,0.9200,6.00,180.00,0.850000,0.000000,0.000000,1.100000,0.000000,0.000000,1.200000,0.000000,0.000000,1.350000,0.000000,0.000000,0.850000,0.020000,0.000000,0.008000,0.000000,0.000600,0.008000,0.000000,0.000600,0.006000,0.000000,0.000000,1,1,1,87,230,563213,563213,344541,218671,0,60.00,150,3123,953,0,0,72,11923,500.00,500.00,6,1468,0.0000,0.5000,0.5000,0.0000,0.5000
2026-04-27T19:01:39.479,1.456,1,-0.19,0.19,0.00,0.00,1,-0.0165,0.1719,0.2282,0.0000,0.0000,0.0000,-18.46,3.76,66.42,53.76,88,88,1.00000,1.00000,1.00000,1.00000,3,3,1,25.01939,0.00257,1.06896,0.0165,-0.1719,0.0718,0.0000,0.0000,0.0000,18.46,-9.51,175.82,1,1,0.0000,0.0000,0.3000,0.00,0.7600,0.3500,0.9200,6.00,180.00,0.850000,0.000000,0.000000,1.100000,0.000000,0.000000,1.200000,0.000000,0.000000,1.350000,0.000000,0.000000,0.850000,0.020000,0.000000,0.008000,0.000000,0.000600,0.008000,0.000000,0.000600,0.006000,0.000000,0.000000,1,1,1,88,230,563213,563213,344541,218671,0,60.00,150,3123,953,0,0,72,11923,500.00,500.00,6,1468,0.0000,0.5000,0.5000,0.0000,0.5000
2026-04-27T19:01:39.500,1.477,1,-0.19,0.19,0.00,0.00,1,-0.0165,0.1718,0.2281,0.0000,0.0000,0.0000,-18.36,-4.67,120.58,52.51,89,89,1.00000,1.00000,1.00000,1.00000,3,3,1,24.97653,0.00265,1.07257,0.0165,-0.1718,0.0719,0.0000,0.0000,0.0000,18.36,-9.44,175.72,1,1,0.0000,0.0000,0.3000,0.00,0.7600,0.3500,0.9200,6.00,180.00,0.850000,0.000000,0.000000,1.100000,0.000000,0.000000,1.200000,0.000000,0.000000,1.350000,0.000000,0.000000,0.850000,0.020000,0.000000,0.008000,0.000000,0.000600,0.008000,0.000000,0.000600,0.006000,0.000000,0.000000,1,1,1,89,230,563213,563213,344541,218671,0,60.00,150,3123,953,0,0,72,11923,500.00,500.00,6,1468,0.0000,0.5000,0.5000,0.0000,0.5000
2026-04-27T19:01:39.517,1.494,1,-0.19,0.19,0.00,0.00,1,-0.0165,0.1718,0.2281,0.0000,0.0000,0.0000,-18.42,3.58,46.67,58.44,90,90,1.00000,1.00000,1.00000,1.00000,3,3,1,24.96386,0.00259,1.07047,0.0165,-0.1718,0.0719,0.0000,0.0000,0.0000,18.42,-9.40,175.72,1,1,0.0000,0.0000,0.3000,0.00,0.7600,0.3500,0.9200,6.00,180.00,0.850000,0.000000,0.000000,1.100000,0.000000,0.000000,1.200000,0.000000,0.000000,1.350000,0.000000,0.000000,0.850000,0.020000,0.000000,0.008000,0.000000,0.000600,0.008000,0.000000,0.000600,0.006000,0.000000,0.000000,1,1,1,90,229,563213,563213,344541,218671,0,60.00,150,3123,953,0,0,72,11923,500.00,500.00,6,1468,0.0000,0.5000,0.5000,0.0000,0.5000
2026-04-27T19:01:39.534,1.510,1,-0.19,0.19,0.00,0.00,1,-0.0165,0.1719,0.2281,0.0000,0.0000,0.0000,-18.45,1.82,59.63,60.67,91,91,1.00000,1.00000,1.00000,1.00000,3,3,1,24.97280,0.00257,1.07079,0.0165,-0.1719,0.0719,0.0000,0.0000,0.0000,18.45,-9.47,175.72,1,1,0.0000,0.0000,0.3000,0.00,0.7600,0.3500,0.9200,6.00,180.00,0.850000,0.000000,0.000000,1.100000,0.000000,0.000000,1.200000,0.000000,0.000000,1.350000,0.000000,0.000000,0.850000,0.020000,0.000000,0.008000,0.000000,0.000600,0.008000,0.000000,0.000600,0.006000,0.000000,0.000000,1,1,1,91,230,563213,563213,344541,218671,0,60.00,150,3123,953,0,0,72,11923,500.00,500.00,6,1468,0.0000,0.5000,0.5000,0.0000,0.5000
2026-04-27T19:01:39.553,1.530,1,-0.19,0.19,0.00,0.00,1,-0.0165,0.1719,0.2280,0.0000,0.0000,0.0000,-18.42,-1.50,60.82,58.60,92,92,1.00000,1.00000,1.00000,1.00000,3,3,1,24.94488,0.00252,1.07097,0.0165,-0.1719,0.0720,0.0000,0.0000,0.0000,18.42,-9.40,175.69,1,1,0.0000,0.0000,0.3000,0.00,0.7600,0.3500,0.9200,6.00,180.00,0.850000,0.000000,0.000000,1.100000,0.000000,0.000000,1.200000,0.000000,0.000000,1.350000,0.000000,0.000000,0.850000,0.020000,0.000000,0.008000,0.000000,0.000600,0.008000,0.000000,0.000600,0.006000,0.000000,0.000000,1,1,1,92,229,563213,563213,344541,218671,0,60.00,150,3123,953,0,0,72,11923,500.00,500.00,6,1468,0.0000,0.5000,0.5000,0.0000,0.5000
2026-04-27T19:01:39.570,1.546,1,-0.19,0.19,0.00,0.00,1,-0.0166,0.1718,0.2280,0.0000,0.0000,0.0000,-18.41,-0.62,50.15,60.02,93,93,1.00000,1.00000,1.00000,1.00000,3,3,1,24.95674,0.00258,1.07042,0.0166,-0.1718,0.0720,0.0000,0.0000,0.0000,18.41,-9.38,175.66,1,1,0.0000,0.0000,0.3000,0.00,0.7600,0.3500,0.9200,6.00,180.00,0.850000,0.000000,0.000000,1.100000,0.000000,0.000000,1.200000,0.000000,0.000000,1.350000,0.000000,0.000000,0.850000,0.020000,0.000000,0.008000,0.000000,0.000600,0.008000,0.000000,0.000600,0.006000,0.000000,0.000000,1,1,1,93,230,563213,563213,344541,218671,0,60.00,150,3123,953,0,0,72,11923,500.00,500.00,6,1468,0.0000,0.5000,0.5000,0.0000,0.5000
2026-04-27T19:01:39.586,1.563,1,-0.19,0.19,0.00,0.00,1,-0.0165,0.1717,0.2280,0.0000,0.0000,0.0000,-18.35,-3.59,50.34,60.18,94,94,1.00000,1.00000,1.00000,1.00000,3,3,1,24.96246,0.00260,1.07275,0.0165,-0.1717,0.0720,0.0000,0.0000,0.0000,18.35,-9.40,175.62,1,1,0.0000,0.0000,0.3000,0.00,0.7600,0.3500,0.9200,6.00,180.00,0.850000,0.000000,0.000000,1.100000,0.000000,0.000000,1.200000,0.000000,0.000000,1.350000,0.000000,0.000000,0.850000,0.020000,0.000000,0.008000,0.000000,0.000600,0.008000,0.000000,0.000600,0.006000,0.000000,0.000000,1,1,1,94,229,563213,563213,344541,218671,0,60.00,150,3123,953,0,0,72,11923,500.00,500.00,6,1468,0.0000,0.5000,0.5000,0.0000,0.5000
2026-04-27T19:01:39.603,1.580,1,-0.19,0.19,0.00,0.00,1,-0.0165,0.1719,0.2280,0.0000,0.0000,0.0000,-18.40,3.00,76.78,62.42,95,95,1.00000,1.00000,1.00000,1.00000,3,3,1,24.93675,0.00256,1.07116,0.0165,-0.1719,0.0720,0.0000,0.0000,0.0000,18.40,-9.47,175.74,1,1,0.0000,0.0000,0.3000,0.00,0.7600,0.3500,0.9200,6.00,180.00,0.850000,0.000000,0.000000,1.100000,0.000000,0.000000,1.200000,0.000000,0.000000,1.350000,0.000000,0.000000,0.850000,0.020000,0.000000,0.008000,0.000000,0.000600,0.008000,0.000000,0.000600,0.006000,0.000000,0.000000,1,1,1,95,229,563213,563213,344541,218671,0,60.00,150,3123,983,0,0,102,11923,500.00,500.00,7,543,0.0000,0.4870,0.5020,0.1720,0.5610
2026-04-27T19:01:39.623,1.599,1,-0.19,0.19,0.00,0.00,1,-0.0165,0.1719,0.2278,0.0000,0.0000,0.0000,-18.41,0.54,59.95,54.13,96,96,1.00000,1.00000,1.00000,1.00000,3,3,1,24.95657,0.00260,1.07112,0.0165,-0.1719,0.0722,0.0000,0.0000,0.0000,18.41,-9.36,175.65,1,1,0.0000,0.0000,0.3000,0.00,0.7600,0.3500,0.9200,6.00,180.00,0.850000,0.000000,0.000000,1.100000,0.000000,0.000000,1.200000,0.000000,0.000000,1.350000,0.000000,0.000000,0.850000,0.020000,0.000000,0.008000,0.000000,0.000600,0.008000,0.000000,0.000600,0.006000,0.000000,0.000000,1,1,1,96,230,563213,563213,344541,218671,0,60.00,150,3123,983,0,0,102,11923,500.00,500.00,7,543,0.0000,0.4870,0.5020,0.1720,0.5610
2026-04-27T19:01:39.637,1.614,1,-0.19,0.19,0.00,0.00,1,-0.0165,0.1719,0.2279,0.0000,0.0000,0.0000,-18.45,2.59,49.11,65.38,97,97,1.00000,1.00000,1.00000,1.00000,3,3,1,24.96121,0.00251,1.07124,0.0165,-0.1719,0.0721,0.0000,0.0000,0.0000,18.45,-9.29,175.61,1,1,0.0000,0.0000,0.3000,0.00,0.7600,0.3500,0.9200,6.00,180.00,0.850000,0.000000,0.000000,1.100000,0.000000,0.000000,1.200000,0.000000,0.000000,1.350000,0.000000,0.000000,0.850000,0.020000,0.000000,0.008000,0.000000,0.000600,0.008000,0.000000,0.000600,0.006000,0.000000,0.000000,1,1,1,97,230,563213,563213,344541,218671,0,60.00,150,3123,983,0,0,102,11923,500.00,500.00,7,543,0.0000,0.4870,0.5020,0.1720,0.5610
2026-04-27T19:01:39.650,1.627,1,-0.19,0.19,0.00,0.00,1,-0.0165,0.1719,0.2280,0.0000,0.0000,0.0000,-18.47,1.50,65.78,67.15,98,98,1.00000,1.00000,1.00000,1.00000,3,3,1,24.90316,0.00258,1.07198,0.0165,-0.1719,0.0720,0.0000,0.0000,0.0000,18.47,-9.32,175.66,1,1,0.0000,0.0000,0.3000,0.00,0.7600,0.3500,0.9200,6.00,180.00,0.850000,0.000000,0.000000,1.100000,0.000000,0.000000,1.200000,0.000000,0.000000,1.350000,0.000000,0.000000,0.850000,0.020000,0.000000,0.008000,0.000000,0.000600,0.008000,0.000000,0.000600,0.006000,0.000000,0.000000,1,1,1,98,230,563213,563213,344541,218671,0,60.00,150,3123,983,0,0,102,11923,500.00,500.00,7,543,0.0000,0.4870,0.5020,0.1720,0.5610
2026-04-27T19:01:39.670,1.647,1,-0.19,0.19,0.00,0.00,1,-0.0165,0.1719,0.2281,0.0000,0.0000,0.0000,-18.41,-3.17,84.18,56.05,99,99,1.00000,1.00000,1.00000,1.00000,3,3,1,24.91756,0.00257,1.07090,0.0165,-0.1719,0.0719,0.0000,0.0000,0.0000,18.41,-9.42,175.77,1,1,0.0000,0.0000,0.3000,0.00,0.7600,0.3500,0.9200,6.00,180.00,0.850000,0.000000,0.000000,1.100000,0.000000,0.000000,1.200000,0.000000,0.000000,1.350000,0.000000,0.000000,0.850000,0.020000,0.000000,0.008000,0.000000,0.000600,0.008000,0.000000,0.000600,0.006000,0.000000,0.000000,1,1,1,99,230,563213,563213,344541,218671,0,60.00,150,3123,983,0,0,102,11923,500.00,500.00,7,543,0.0000,0.4870,0.5020,0.1720,0.5610
2026-04-27T19:01:39.688,1.664,1,-0.19,0.19,0.00,0.00,1,-0.0166,0.1719,0.2280,0.0000,0.0000,0.0000,-18.40,-0.58,47.77,58.07,100,100,1.00000,1.00000,1.00000,1.00000,3,3,1,24.94163,0.00257,1.07040,0.0166,-0.1719,0.0720,0.0000,0.0000,0.0000,18.40,-9.28,175.76,1,1,0.0000,0.0000,0.3000,0.00,0.7600,0.3500,0.9200,6.00,180.00,0.850000,0.000000,0.000000,1.100000,0.000000,0.000000,1.200000,0.000000,0.000000,1.350000,0.000000,0.000000,0.850000,0.020000,0.000000,0.008000,0.000000,0.000600,0.008000,0.000000,0.000600,0.006000,0.000000,0.000000,1,1,1,100,229,563213,563213,344541,218671,0,60.00,150,3123,983,0,0,102,11923,500.00,500.00,7,543,0.0000,0.4870,0.5020,0.1720,0.5610
2026-04-27T19:01:39.693,1.670,1,-0.19,0.19,0.00,0.00,1,-0.0166,0.1719,0.2280,0.0000,0.0000,0.0000,-18.40,0.00,59.61,85.23,101,101,1.00000,1.00000,1.00000,1.00000,3,3,1,24.94052,0.00249,1.07208,0.0166,-0.1719,0.0720,0.0000,0.0000,0.0000,18.40,-9.23,175.71,1,1,0.0000,0.0000,0.3000,0.00,0.7600,0.3500,0.9200,6.00,180.00,0.850000,0.000000,0.000000,1.100000,0.000000,0.000000,1.200000,0.000000,0.000000,1.350000,0.000000,0.000000,0.850000,0.020000,0.000000,0.008000,0.000000,0.000600,0.008000,0.000000,0.000600,0.006000,0.000000,0.000000,1,1,1,101,229,563213,563213,344541,218671,0,60.00,150,3123,983,0,0,102,11923,500.00,500.00,7,543,0.0000,0.4870,0.5020,0.1720,0.5610
2026-04-27T19:01:39.720,1.697,1,-0.19,0.19,0.00,0.00,1,-0.0165,0.1718,0.2281,0.0000,0.0000,0.0000,-18.37,-1.15,194.19,46.30,102,102,1.00000,1.00000,1.00000,1.00000,3,3,1,24.98968,0.00258,1.07077,0.0165,-0.1718,0.0719,0.0000,0.0000,0.0000,18.37,-9.34,175.67,1,1,0.0000,0.0000,0.3000,0.00,0.7600,0.3500,0.9200,6.00,180.00,0.850000,0.000000,0.000000,1.100000,0.000000,0.000000,1.200000,0.000000,0.000000,1.350000,0.000000,0.000000,0.850000,0.020000,0.000000,0.008000,0.000000,0.000600,0.008000,0.000000,0.000600,0.006000,0.000000,0.000000,1,1,1,102,230,563213,563213,344541,218671,0,60.00,150,3123,983,0,0,102,11923,500.00,500.00,7,543,0.0000,0.4870,0.5020,0.1720,0.5610
2026-04-27T19:01:39.737,1.714,1,-0.19,0.19,0.00,0.00,1,-0.0166,0.1719,0.2282,0.0000,0.0000,0.0000,-18.34,-1.73,35.55,59.17,103,103,1.00000,1.00000,1.00000,1.00000,3,3,1,24.91070,0.00254,1.06988,0.0166,-0.1719,0.0718,0.0000,0.0000,0.0000,18.34,-9.43,175.77,1,1,0.0000,0.0000,0.3000,0.00,0.7600,0.3500,0.9200,6.00,180.00,0.850000,0.000000,0.000000,1.100000,0.000000,0.000000,1.200000,0.000000,0.000000,1.350000,0.000000,0.000000,0.850000,0.020000,0.000000,0.008000,0.000000,0.000600,0.008000,0.000000,0.000600,0.006000,0.000000,0.000000,1,1,1,103,230,563213,563213,344541,218671,0,60.00,150,3123,983,0,0,102,11923,500.00,500.00,7,543,0.0000,0.4870,0.5020,0.1720,0.5610
2026-04-27T19:01:39.742,1.719,1,-0.19,0.19,0.00,0.00,1,-0.0164,0.1719,0.2282,-0.0100,0.0000,0.0000,-18.36,3.76,60.55,96.80,104,104,1.00000,1.00000,1.00000,1.00000,3,3,1,24.98955,0.00257,1.07144,0.0164,-0.1719,0.0718,-0.0100,0.0000,0.0000,18.36,-9.51,175.68,1,1,0.0000,0.0000,0.3000,0.00,0.7600,0.3500,0.9200,6.00,180.00,0.850000,0.000000,0.000000,1.100000,0.000000,0.000000,1.200000,0.000000,0.000000,1.350000,0.000000,0.000000,0.850000,0.020000,0.000000,0.008000,0.000000,0.000600,0.008000,0.000000,0.000600,0.006000,0.000000,0.000000,1,1,1,104,234,563213,563213,344541,218671,0,60.00,150,3123,983,0,0,102,11923,500.00,500.00,7,543,0.0000,0.4870,0.5020,0.1720,0.5610
2026-04-27T19:01:39.770,1.747,1,-0.19,0.19,0.00,0.00,1,-0.0164,0.1718,0.2279,0.0000,0.0000,0.0000,-18.36,0.00,238.90,43.15,105,105,1.00000,1.00000,1.00000,1.00000,3,3,1,24.93166,0.00263,1.07184,0.0164,-0.1718,0.0721,0.0000,0.0000,0.0000,18.36,-9.38,175.67,1,1,0.0000,0.0000,0.3000,0.00,0.7600,0.3500,0.9200,6.00,180.00,0.850000,0.000000,0.000000,1.100000,0.000000,0.000000,1.200000,0.000000,0.000000,1.350000,0.000000,0.000000,0.850000,0.020000,0.000000,0.008000,0.000000,0.000600,0.008000,0.000000,0.000600,0.006000,0.000000,0.000000,1,1,1,105,230,563213,563213,344541,218671,0,60.00,150,3123,983,0,0,102,11923,500.00,500.00,7,543,0.0000,0.4870,0.5020,0.1720,0.5610
2026-04-27T19:01:39.787,1.764,1,-0.19,0.19,0.00,0.00,1,-0.0164,0.1719,0.2280,0.0000,0.0000,0.0000,-18.42,3.42,34.29,61.51,106,106,1.00000,1.00000,1.00000,1.00000,3,3,1,24.95452,0.00256,1.07134,0.0164,-0.1719,0.0720,0.0000,0.0000,0.0000,18.42,-9.50,175.72,1,1,0.0000,0.0000,0.3000,0.00,0.7600,0.3500,0.9200,6.00,180.00,0.850000,0.000000,0.000000,1.100000,0.000000,0.000000,1.200000,0.000000,0.000000,1.350000,0.000000,0.000000,0.850000,0.020000,0.000000,0.008000,0.000000,0.000600,0.008000,0.000000,0.000600,0.006000,0.000000,0.000000,1,1,1,106,229,563213,563213,344541,218671,0,60.00,150,3123,983,0,0,102,11923,500.00,500.00,7,543,0.0000,0.4870,0.5020,0.1720,0.5610
2026-04-27T19:01:39.803,1.779,1,-0.19,0.19,0.00,0.00,1,-0.0165,0.1719,0.2280,0.0000,0.0000,0.0000,-18.42,0.00,60.49,60.71,107,107,1.00000,1.00000,1.00000,1.00000,3,3,1,24.97201,0.00260,1.07068,0.0165,-0.1719,0.0720,0.0000,0.0000,0.0000,18.42,-9.33,175.59,1,1,0.0000,0.0000,0.3000,0.00,0.7600,0.3500,0.9200,6.00,180.00,0.850000,0.000000,0.000000,1.100000,0.000000,0.000000,1.200000,0.000000,0.000000,1.350000,0.000000,0.000000,0.850000,0.020000,0.000000,0.008000,0.000000,0.000600,0.008000,0.000000,0.000600,0.006000,0.000000,0.000000,1,1,1,107,230,563213,563213,344541,218671,0,60.00,150,3123,983,0,0,102,11923,500.00,500.00,7,543,0.0000,0.4870,0.5020,0.1720,0.5610
2026-04-27T19:01:39.821,1.797,1,-0.19,0.19,0.00,0.00,1,-0.0164,0.1719,0.2281,0.0000,0.0000,0.0000,-18.46,2.37,67.68,61.46,108,108,1.00000,1.00000,1.00000,1.00000,3,3,1,25.02013,0.00260,1.06964,0.0164,-0.1719,0.0719,0.0000,0.0000,0.0000,18.46,-9.53,175.65,1,1,0.0000,0.0000,0.3000,0.00,0.7600,0.3500,0.9200,6.00,180.00,0.850000,0.000000,0.000000,1.100000,0.000000,0.000000,1.200000,0.000000,0.000000,1.350000,0.000000,0.000000,0.850000,0.020000,0.000000,0.008000,0.000000,0.000600,0.008000,0.000000,0.000600,0.006000,0.000000,0.000000,1,1,1,108,230,563213,563213,344541,218671,0,60.00,150,3123,983,0,0,102,11923,500.00,500.00,7,543,0.0000,0.4870,0.5020,0.1720,0.5610
2026-04-27T19:01:39.837,1.814,1,-0.19,0.19,0.00,0.00,1,-0.0165,0.1718,0.2281,0.0000,0.0000,0.0000,-18.38,-4.80,52.89,57.41,109,109,1.00000,1.00000,1.00000,1.00000,3,3,1,25.00686,0.00262,1.07144,0.0165,-0.1718,0.0719,0.0000,0.0000,0.0000,18.38,-9.43,175.60,1,1,0.0000,0.0000,0.3000,0.00,0.7600,0.3500,0.9200,6.00,180.00,0.850000,0.000000,0.000000,1.100000,0.000000,0.000000,1.200000,0.000000,0.000000,1.350000,0.000000,0.000000,0.850000,0.020000,0.000000,0.008000,0.000000,0.000600,0.008000,0.000000,0.000600,0.006000,0.000000,0.000000,1,1,1,109,229,563213,563213,344541,218671,0,60.00,150,3123,983,0,0,102,11923,500.00,500.00,7,543,0.0000,0.4870,0.5020,0.1720,0.5610
2026-04-27T19:01:39.851,1.828,1,-0.19,0.19,0.00,0.00,1,-0.0165,0.1719,0.2282,0.0000,0.0000,0.0000,-18.37,-0.66,60.05,62.24,110,110,1.00000,1.00000,1.00000,1.00000,3,3,1,24.94307,0.00264,1.07193,0.0165,-0.1719,0.0718,0.0000,0.0000,0.0000,18.37,-9.47,175.66,1,1,0.0000,0.0000,0.3000,0.00,0.7600,0.3500,0.9200,6.00,180.00,0.850000,0.000000,0.000000,1.100000,0.000000,0.000000,1.200000,0.000000,0.000000,1.350000,0.000000,0.000000,0.850000,0.020000,0.000000,0.008000,0.000000,0.000600,0.008000,0.000000,0.000600,0.006000,0.000000,0.000000,1,1,1,110,230,563213,563213,344541,218671,0,60.00,150,3123,983,0,0,102,11923,500.00,500.00,7,543,0.0000,0.4870,0.5020,0.1720,0.5610
2026-04-27T19:01:39.871,1.847,1,-0.19,0.19,0.00,0.00,1,-0.0165,0.1719,0.2283,0.0000,0.0000,0.0000,-18.40,1.64,76.50,57.57,111,111,1.00000,1.00000,1.00000,1.00000,3,3,1,24.93828,0.00255,1.07147,0.0165,-0.1719,0.0717,0.0000,0.0000,0.0000,18.40,-9.55,175.67,1,1,0.0000,0.0000,0.3000,0.00,0.7600,0.3500,0.9200,6.00,180.00,0.850000,0.000000,0.000000,1.100000,0.000000,0.000000,1.200000,0.000000,0.000000,1.350000,0.000000,0.000000,0.850000,0.020000,0.000000,0.008000,0.000000,0.000600,0.008000,0.000000,0.000600,0.006000,0.000000,0.000000,1,1,1,111,229,563213,563213,344541,218671,0,60.00,150,3123,983,0,0,102,11923,500.00,500.00,7,543,0.0000,0.4870,0.5020,0.1720,0.5610
2026-04-27T19:01:39.888,1.864,1,-0.19,0.19,0.00,0.00,1,-0.0166,0.1718,0.2279,0.0000,0.0000,0.0000,-18.38,-1.18,49.35,59.92,112,112,1.00000,1.00000,1.00000,1.00000,3,3,1,24.93186,0.00253,1.07028,0.0166,-0.1718,0.0721,0.0000,0.0000,0.0000,18.38,-9.36,175.63,1,1,0.0000,0.0000,0.3000,0.00,0.7600,0.3500,0.9200,6.00,180.00,0.850000,0.000000,0.000000,1.100000,0.000000,0.000000,1.200000,0.000000,0.000000,1.350000,0.000000,0.000000,0.850000,0.020000,0.000000,0.008000,0.000000,0.000600,0.008000,0.000000,0.000600,0.006000,0.000000,0.000000,1,1,1,112,230,563213,563213,344541,218671,0,60.00,150,3123,983,0,0,102,11923,500.00,500.00,7,543,0.0000,0.4870,0.5020,0.1720,0.5610
2026-04-27T19:01:39.904,1.881,1,-0.19,0.19,0.00,0.00,1,-0.0166,0.1719,0.2281,0.0000,0.0000,0.0000,-18.40,1.17,58.78,61.63,113,113,1.00000,1.00000,1.00000,1.00000,3,3,1,24.95577,0.00252,1.06990,0.0166,-0.1719,0.0719,0.0000,0.0000,0.0000,18.40,-9.42,175.67,1,1,0.0000,0.0000,0.3000,0.00,0.7600,0.3500,0.9200,6.00,180.00,0.850000,0.000000,0.000000,1.100000,0.000000,0.000000,1.200000,0.000000,0.000000,1.350000,0.000000,0.000000,0.850000,0.020000,0.000000,0.008000,0.000000,0.000600,0.008000,0.000000,0.000600,0.006000,0.000000,0.000000,1,1,1,113,229,563213,563213,344541,218671,0,60.00,150,3123,983,0,0,102,11923,500.00,500.00,7,543,0.0000,0.4870,0.5020,0.1720,0.5610
2026-04-27T19:01:39.913,1.889,1,-0.19,0.19,0.00,0.00,1,-0.0166,0.1719,0.2281,0.0000,0.0000,0.0000,-18.41,1.09,59.42,68.29,114,114,1.00000,1.00000,1.00000,1.00000,3,3,1,24.96189,0.00262,1.07094,0.0166,-0.1719,0.0719,0.0000,0.0000,0.0000,18.41,-9.37,175.73,1,1,0.0000,0.0000,0.3000,0.00,0.7600,0.3500,0.9200,6.00,180.00,0.850000,0.000000,0.000000,1.100000,0.000000,0.000000,1.200000,0.000000,0.000000,1.350000,0.000000,0.000000,0.850000,0.020000,0.000000,0.008000,0.000000,0.000600,0.008000,0.000000,0.000600,0.006000,0.000000,0.000000,1,1,1,114,230,563213,563213,344541,218671,0,60.00,150,3123,983,0,0,102,11923,500.00,500.00,7,543,0.0000,0.4870,0.5020,0.1720,0.5610
2026-04-27T19:01:39.936,1.912,1,-0.19,0.19,0.00,0.00,1,-0.0167,0.1718,0.2278,0.0000,0.0000,0.0000,-18.40,-0.43,135.54,77.62,115,115,1.00000,1.00000,1.00000,1.00000,3,3,1,24.93973,0.00259,1.07237,0.0167,-0.1718,0.0722,0.0000,0.0000,0.0000,18.40,-9.14,175.64,1,1,0.0000,0.0000,0.3000,0.00,0.7600,0.3500,0.9200,6.00,180.00,0.850000,0.000000,0.000000,1.100000,0.000000,0.000000,1.200000,0.000000,0.000000,1.350000,0.000000,0.000000,0.850000,0.020000,0.000000,0.008000,0.000000,0.000600,0.008000,0.000000,0.000600,0.006000,0.000000,0.000000,1,1,1,115,229,563213,563213,344541,218671,0,60.00,150,3123,983,0,0,102,11923,500.00,500.00,7,543,0.0000,0.4870,0.5020,0.1720,0.5610
2026-04-27T19:01:39.950,1.926,1,-0.19,0.19,0.00,0.00,1,-0.0166,0.1718,0.2279,0.0000,0.0000,0.0000,-18.45,3.57,43.46,44.88,116,116,1.00000,1.00000,1.00000,1.00000,3,3,1,24.97250,0.00264,1.07019,0.0166,-0.1718,0.0721,0.0000,0.0000,0.0000,18.45,-9.25,175.61,1,1,0.0000,0.0000,0.3000,0.00,0.7600,0.3500,0.9200,6.00,180.00,0.850000,0.000000,0.000000,1.100000,0.000000,0.000000,1.200000,0.000000,0.000000,1.350000,0.000000,0.000000,0.850000,0.020000,0.000000,0.008000,0.000000,0.000600,0.008000,0.000000,0.000600,0.006000,0.000000,0.000000,1,1,1,116,230,563213,563213,344541,218671,0,60.00,150,3123,983,0,0,102,11923,500.00,500.00,7,543,0.0000,0.4870,0.5020,0.1720,0.5610
2026-04-27T19:01:39.969,1.946,1,-0.19,0.19,0.00,0.00,1,-0.0164,0.1718,0.2281,0.0000,0.0000,0.0000,-18.38,-3.58,71.45,88.79,117,117,1.00000,1.00000,1.00000,1.00000,3,3,1,24.89758,0.00264,1.07295,0.0164,-0.1718,0.0719,0.0000,0.0000,0.0000,18.38,-9.45,175.67,1,1,0.0000,0.0000,0.3000,0.00,0.7600,0.3500,0.9200,6.00,180.00,0.850000,0.000000,0.000000,1.100000,0.000000,0.000000,1.200000,0.000000,0.000000,1.350000,0.000000,0.000000,0.850000,0.020000,0.000000,0.008000,0.000000,0.000600,0.008000,0.000000,0.000600,0.006000,0.000000,0.000000,1,1,1,117,230,563213,563213,344541,218671,0,60.00,150,3123,983,0,0,102,11923,500.00,500.00,7,543,0.0000,0.4870,0.5020,0.1720,0.5610
2026-04-27T19:01:39.987,1.964,1,-0.19,0.19,0.00,0.00,1,-0.0164,0.1718,0.2283,0.0000,0.0000,0.0000,-18.40,1.19,51.08,44.17,118,118,1.00000,1.00000,1.00000,1.00000,3,3,1,24.98878,0.00255,1.06953,0.0164,-0.1718,0.0717,0.0000,0.0000,0.0000,18.40,-9.62,175.67,1,1,0.0000,0.0000,0.3000,0.00,0.7600,0.3500,0.9200,6.00,180.00,0.850000,0.000000,0.000000,1.100000,0.000000,0.000000,1.200000,0.000000,0.000000,1.350000,0.000000,0.000000,0.850000,0.020000,0.000000,0.008000,0.000000,0.000600,0.008000,0.000000,0.000600,0.006000,0.000000,0.000000,1,1,1,118,229,563213,563213,344541,218671,0,60.00,150,3123,983,0,0,102,11923,500.00,500.00,7,543,0.0000,0.4870,0.5020,0.1720,0.5610
2026-04-27T19:01:40.004,1.981,1,-0.19,0.19,0.00,0.00,1,-0.0165,0.1719,0.2280,0.0000,0.0000,0.0000,-18.42,1.17,53.12,60.87,119,119,1.00000,1.00000,1.00000,1.00000,3,3,1,24.93783,0.00250,1.07085,0.0165,-0.1719,0.0720,0.0000,0.0000,0.0000,18.42,-9.41,175.65,1,1,0.0000,0.0000,0.3000,0.00,0.7600,0.3500,0.9200,6.00,180.00,0.850000,0.000000,0.000000,1.100000,0.000000,0.000000,1.200000,0.000000,0.000000,1.350000,0.000000,0.000000,0.850000,0.020000,0.000000,0.008000,0.000000,0.000600,0.008000,0.000000,0.000600,0.006000,0.000000,0.000000,1,1,1,119,230,563213,563213,344541,218671,0,60.00,150,3123,983,0,0,102,11923,500.00,500.00,7,543,0.0000,0.4870,0.5020,0.1720,0.5610
2026-04-27T19:01:40.021,1.997,1,-0.19,0.19,0.00,0.00,1,-0.0166,0.1719,0.2280,0.0000,0.0000,0.0000,-18.48,11.72,58.42,98.53,120,120,1.00000,1.00000,1.00000,1.00000,3,3,1,24.95985,0.00256,1.07000,0.0166,-0.1719,0.0720,0.0000,0.0000,0.0000,18.48,-9.33,175.62,1,1,0.0000,0.0000,0.3000,0.00,0.7600,0.3500,0.9200,6.00,180.00,0.850000,0.000000,0.000000,1.100000,0.000000,0.000000,1.200000,0.000000,0.000000,1.350000,0.000000,0.000000,0.850000,0.020000,0.000000,0.008000,0.000000,0.000600,0.008000,0.000000,0.000600,0.006000,0.000000,0.000000,1,1,1,120,230,563213,563213,344541,218671,0,60.00,150,3123,983,0,0,102,11923,500.00,500.00,7,543,0.0000,0.4870,0.5020,0.1720,0.5610
2026-04-27T19:01:40.033,2.009,1,-0.19,0.19,0.00,0.00,1,-0.0166,0.1720,0.2280,0.0000,0.0000,0.0000,-18.47,-0.41,65.09,57.52,121,121,1.00000,1.00000,1.00000,1.00000,3,3,1,24.96071,0.00257,1.06972,0.0166,-0.1720,0.0720,0.0000,0.0000,0.0000,18.47,-9.27,175.75,1,1,0.0000,0.0000,0.3000,0.00,0.7600,0.3500,0.9200,6.00,180.00,0.850000,0.000000,0.000000,1.100000,0.000000,0.000000,1.200000,0.000000,0.000000,1.350000,0.000000,0.000000,0.850000,0.020000,0.000000,0.008000,0.000000,0.000600,0.008000,0.000000,0.000600,0.006000,0.000000,0.000000,1,1,1,121,230,563213,563213,344541,218671,0,60.00,150,3123,983,0,0,102,11923,500.00,500.00,7,543,0.0000,0.4870,0.5020,0.1720,0.5610
2026-04-27T19:01:40.050,2.027,1,-0.19,0.19,0.00,0.00,1,-0.0167,0.1718,0.2279,0.0000,0.0000,0.0000,-18.47,0.00,82.62,45.16,122,122,1.00000,1.00000,1.00000,1.00000,3,3,1,24.92555,0.00258,1.07123,0.0167,-0.1718,0.0721,0.0000,0.0000,0.0000,18.47,-9.13,175.68,1,1,0.0000,0.0000,0.3000,0.00,0.7600,0.3500,0.9200,6.00,180.00,0.850000,0.000000,0.000000,1.100000,0.000000,0.000000,1.200000,0.000000,0.000000,1.350000,0.000000,0.000000,0.850000,0.020000,0.000000,0.008000,0.000000,0.000600,0.008000,0.000000,0.000600,0.006000,0.000000,0.000000,1,1,1,122,230,563213,563213,344541,218671,0,60.00,150,3123,983,0,0,102,11923,500.00,500.00,7,543,0.0000,0.4870,0.5020,0.1720,0.5610
2026-04-27T19:01:40.069,2.046,1,-0.19,0.19,0.00,0.00,1,-0.0166,0.1719,0.2280,0.0000,0.0000,0.0000,-18.44,-1.53,58.43,87.71,123,123,1.00000,1.00000,1.00000,1.00000,3,3,1,24.93659,0.00256,1.07277,0.0166,-0.1719,0.0720,0.0000,0.0000,0.0000,18.44,-9.27,175.76,1,1,0.0000,0.0000,0.3000,0.00,0.7600,0.3500,0.9200,6.00,180.00,0.850000,0.000000,0.000000,1.100000,0.000000,0.000000,1.200000,0.000000,0.000000,1.350000,0.000000,0.000000,0.850000,0.020000,0.000000,0.008000,0.000000,0.000600,0.008000,0.000000,0.000600,0.006000,0.000000,0.000000,1,1,1,123,230,563213,563213,344541,218671,0,60.00,150,3123,983,0,0,102,11923,500.00,500.00,7,543,0.0000,0.4870,0.5020,0.1720,0.5610
2026-04-27T19:01:40.082,2.059,1,-0.19,0.19,0.00,0.00,1,-0.0165,0.1720,0.2279,0.0000,0.0000,0.0000,-18.42,-1.60,50.92,52.00,124,124,1.00000,1.00000,1.00000,1.00000,3,3,1,24.94529,0.00259,1.07116,0.0165,-0.1720,0.0721,0.0000,0.0000,0.0000,18.42,-9.25,175.81,1,1,0.0000,0.0000,0.3000,0.00,0.7600,0.3500,0.9200,6.00,180.00,0.850000,0.000000,0.000000,1.100000,0.000000,0.000000,1.200000,0.000000,0.000000,1.350000,0.000000,0.000000,0.850000,0.020000,0.000000,0.008000,0.000000,0.000600,0.008000,0.000000,0.000600,0.006000,0.000000,0.000000,1,1,1,124,230,563213,563213,344541,218671,0,60.00,150,3123,983,0,0,102,11923,500.00,500.00,7,543,0.0000,0.4870,0.5020,0.1720,0.5610
2026-04-27T19:01:40.104,2.081,1,-0.19,0.19,0.00,0.00,1,-0.0166,0.1720,0.2278,0.0000,0.0000,0.0000,-18.44,0.94,79.81,50.86,125,125,1.00000,1.00000,1.00000,1.00000,3,3,1,24.98103,0.00253,1.07290,0.0166,-0.1720,0.0722,0.0000,0.0000,0.0000,18.44,-9.04,175.74,1,1,0.0000,0.0000,0.3000,0.00,0.7600,0.3500,0.9200,6.00,180.00,0.850000,0.000000,0.000000,1.100000,0.000000,0.000000,1.200000,0.000000,0.000000,1.350000,0.000000,0.000000,0.850000,0.020000,0.000000,0.008000,0.000000,0.000600,0.008000,0.000000,0.000600,0.006000,0.000000,0.000000,1,1,1,125,230,563213,563213,344541,218671,0,60.00,150,3123,983,0,0,102,11923,500.00,500.00,7,543,0.0000,0.4870,0.5020,0.1720,0.5610
2026-04-27T19:01:40.115,2.092,1,-0.19,0.19,0.00,0.00,1,-0.0164,0.1720,0.2280,0.0000,0.0000,0.0000,-18.44,0.00,42.74,92.05,126,126,1.00000,1.00000,1.00000,1.00000,3,3,1,24.98154,0.00251,1.07186,0.0164,-0.1720,0.0720,0.0000,0.0000,0.0000,18.44,-9.30,175.73,1,1,0.0000,0.0000,0.3000,0.00,0.7600,0.3500,0.9200,6.00,180.00,0.850000,0.000000,0.000000,1.100000,0.000000,0.000000,1.200000,0.000000,0.000000,1.350000,0.000000,0.000000,0.850000,0.020000,0.000000,0.008000,0.000000,0.000600,0.008000,0.000000,0.000600,0.006000,0.000000,0.000000,1,1,1,126,229,563213,563213,344541,218671,0,60.00,150,3123,983,0,0,102,11923,500.00,500.00,7,543,0.0000,0.4870,0.5020,0.1720,0.5610
2026-04-27T19:01:40.132,2.109,1,-0.19,0.19,0.00,0.00,1,-0.0164,0.1718,0.2281,0.0000,0.0000,0.0000,-18.46,1.15,103.41,75.90,127,127,1.00000,1.00000,1.00000,1.00000,3,3,1,24.96964,0.00266,1.07087,0.0164,-0.1718,0.0719,0.0000,0.0000,0.0000,18.46,-9.53,175.59,1,1,0.0000,0.0000,0.3000,0.00,0.7600,0.3500,0.9200,6.00,180.00,0.850000,0.000000,0.000000,1.100000,0.000000,0.000000,1.200000,0.000000,0.000000,1.350000,0.000000,0.000000,0.850000,0.020000,0.000000,0.008000,0.000000,0.000600,0.008000,0.000000,0.000600,0.006000,0.000000,0.000000,1,1,1,127,230,563213,563213,344541,218671,0,60.00,150,3123,983,0,0,102,11923,500.00,500.00,7,543,0.0000,0.4870,0.5020,0.1720,0.5610
2026-04-27T19:01:40.154,2.131,1,-0.19,0.19,0.00,0.00,1,-0.0166,0.1718,0.2280,0.0141,0.0000,0.0000,-18.44,-3.53,43.38,62.90,128,128,1.00000,1.00000,1.00000,1.00000,3,3,1,24.92312,0.00259,1.07085,0.0166,-0.1718,0.0720,0.0141,0.0000,0.0000,18.44,-9.45,175.60,1,1,0.0000,0.0000,0.3000,0.00,0.7600,0.3500,0.9200,6.00,180.00,0.850000,0.000000,0.000000,1.100000,0.000000,0.000000,1.200000,0.000000,0.000000,1.350000,0.000000,0.000000,0.850000,0.020000,0.000000,0.008000,0.000000,0.000600,0.008000,0.000000,0.000600,0.006000,0.000000,0.000000,1,1,1,128,233,563213,563213,344541,218671,0,60.00,150,3123,983,0,0,102,11923,500.00,500.00,7,543,0.0000,0.4870,0.5020,0.1720,0.5610
2026-04-27T19:01:40.170,2.146,1,-0.19,0.19,0.00,0.00,1,-0.0166,0.1719,0.2279,0.0000,0.0000,0.0000,-18.50,1.90,63.88,49.75,129,129,1.00000,1.00000,1.00000,1.00000,3,3,1,24.94327,0.00258,1.07122,0.0166,-0.1719,0.0721,0.0000,0.0000,0.0000,18.50,-9.44,175.68,1,1,0.0000,0.0000,0.3000,0.00,0.7600,0.3500,0.9200,6.00,180.00,0.850000,0.000000,0.000000,1.100000,0.000000,0.000000,1.200000,0.000000,0.000000,1.350000,0.000000,0.000000,0.850000,0.020000,0.000000,0.008000,0.000000,0.000600,0.008000,0.000000,0.000600,0.006000,0.000000,0.000000,1,1,1,129,229,563213,563213,344541,218671,0,60.00,150,3123,983,0,0,102,11923,500.00,500.00,7,543,0.0000,0.4870,0.5020,0.1720,0.5610
2026-04-27T19:01:40.186,2.162,1,-0.19,0.19,0.00,0.00,1,-0.0165,0.1719,0.2281,0.0000,0.0000,0.0000,-18.44,-3.78,62.81,45.37,130,130,1.00000,1.00000,1.00000,1.00000,3,3,1,25.03698,0.00268,1.07002,0.0165,-0.1719,0.0719,0.0000,0.0000,0.0000,18.44,-9.60,175.65,1,1,0.0000,0.0000,0.3000,0.00,0.7600,0.3500,0.9200,6.00,180.00,0.850000,0.000000,0.000000,1.100000,0.000000,0.000000,1.200000,0.000000,0.000000,1.350000,0.000000,0.000000,0.850000,0.020000,0.000000,0.008000,0.000000,0.000600,0.008000,0.000000,0.000600,0.006000,0.000000,0.000000,1,1,1,130,229,563213,563213,344541,218671,0,60.00,150,3123,983,0,0,102,11923,500.00,500.00,7,543,0.0000,0.4870,0.5020,0.1720,0.5610
2026-04-27T19:01:40.204,2.180,1,-0.19,0.19,0.00,0.00,1,-0.0165,0.1719,0.2280,0.0127,0.0000,0.0210,-18.38,-13.75,62.92,103.19,131,131,1.00000,1.00000,1.00000,1.00000,3,3,1,24.96834,0.00261,1.07249,0.0165,-0.1719,0.0720,0.0127,0.0000,0.0210,18.38,-9.42,175.69,1,1,0.0000,0.0000,0.3000,0.00,0.7600,0.3500,0.9200,6.00,180.00,0.850000,0.000000,0.000000,1.100000,0.000000,0.000000,1.200000,0.000000,0.000000,1.350000,0.000000,0.000000,0.850000,0.020000,0.000000,0.008000,0.000000,0.000600,0.008000,0.000000,0.000600,0.006000,0.000000,0.000000,1,1,1,131,238,563213,563213,344541,218671,0,60.00,150,3123,983,0,0,102,11923,500.00,500.00,7,543,0.0000,0.4870,0.5020,0.1720,0.5610
2026-04-27T19:01:40.210,2.187,1,-0.19,0.19,0.00,0.00,1,-0.0166,0.1720,0.2280,0.0000,0.0000,0.0000,-18.42,1.98,55.17,49.42,132,132,1.00000,1.00000,1.00000,1.00000,3,3,1,24.98169,0.00258,1.07005,0.0166,-0.1720,0.0720,0.0000,0.0000,0.0000,18.42,-9.38,175.73,1,1,0.0000,0.0000,0.3000,0.00,0.7600,0.3500,0.9200,6.00,180.00,0.850000,0.000000,0.000000,1.100000,0.000000,0.000000,1.200000,0.000000,0.000000,1.350000,0.000000,0.000000,0.850000,0.020000,0.000000,0.008000,0.000000,0.000600,0.008000,0.000000,0.000600,0.006000,0.000000,0.000000,1,1,1,132,230,563213,563213,344541,218671,0,60.00,150,3123,983,0,0,102,11923,500.00,500.00,7,543,0.0000,0.4870,0.5020,0.1720,0.5610
2026-04-27T19:01:40.234,2.210,1,-0.19,0.19,0.00,0.00,1,-0.0166,0.1720,0.2279,0.0000,0.0000,0.0000,-18.44,0.85,154.51,46.63,133,133,1.00000,1.00000,1.00000,1.00000,3,3,1,24.93351,0.00259,1.07223,0.0166,-0.1720,0.0721,0.0000,0.0000,0.0000,18.44,-9.37,175.78,1,1,0.0000,0.0000,0.3000,0.00,0.7600,0.3500,0.9200,6.00,180.00,0.850000,0.000000,0.000000,1.100000,0.000000,0.000000,1.200000,0.000000,0.000000,1.350000,0.000000,0.000000,0.850000,0.020000,0.000000,0.008000,0.000000,0.000600,0.008000,0.000000,0.000600,0.006000,0.000000,0.000000,1,1,1,133,230,563213,563213,344541,218671,0,60.00,150,3123,983,0,0,102,11923,500.00,500.00,7,543,0.0000,0.4870,0.5020,0.1720,0.5610
2026-04-27T19:01:40.246,2.222,1,-0.19,0.19,0.00,0.00,1,-0.0165,0.1720,0.2281,0.0000,0.0000,0.0000,-18.40,-3.36,42.62,71.77,134,134,1.00000,1.00000,1.00000,1.00000,3,3,1,24.94806,0.00264,1.07057,0.0165,-0.1720,0.0719,0.0000,0.0000,0.0000,18.40,-9.49,175.78,1,1,0.0000,0.0000,0.3000,0.00,0.7600,0.3500,0.9200,6.00,180.00,0.850000,0.000000,0.000000,1.100000,0.000000,0.000000,1.200000,0.000000,0.000000,1.350000,0.000000,0.000000,0.850000,0.020000,0.000000,0.008000,0.000000,0.000600,0.008000,0.000000,0.000600,0.006000,0.000000,0.000000,1,1,1,134,229,563213,563213,344541,218671,0,60.00,150,3123,983,0,0,102,11923,500.00,500.00,7,543,0.0000,0.4870,0.5020,0.1720,0.5610
2026-04-27T19:01:40.270,2.247,1,-0.19,0.19,0.00,0.00,1,-0.0166,0.1719,0.2280,0.0000,0.0000,0.0000,-18.40,0.00,83.92,54.81,135,135,1.00000,1.00000,1.00000,1.00000,3,3,1,24.92265,0.00251,1.07192,0.0166,-0.1719,0.0720,0.0000,0.0000,0.0000,18.40,-9.29,175.71,1,1,0.0000,0.0000,0.3000,0.00,0.7600,0.3500,0.9200,6.00,180.00,0.850000,0.000000,0.000000,1.100000,0.000000,0.000000,1.200000,0.000000,0.000000,1.350000,0.000000,0.000000,0.850000,0.020000,0.000000,0.008000,0.000000,0.000600,0.008000,0.000000,0.000600,0.006000,0.000000,0.000000,1,1,1,135,229,563213,563213,344541,218671,0,60.00,150,3123,983,0,0,102,11923,500.00,500.00,7,543,0.0000,0.4870,0.5020,0.1720,0.5610
2026-04-27T19:01:40.285,2.262,1,-0.19,0.19,0.00,0.00,1,-0.0165,0.1718,0.2281,0.0000,0.0000,0.0000,-18.45,2.69,40.28,57.27,136,136,1.00000,1.00000,1.00000,1.00000,3,3,1,24.98507,0.00256,1.06980,0.0165,-0.1718,0.0719,0.0000,0.0000,0.0000,18.45,-9.43,175.67,1,1,0.0000,0.0000,0.3000,0.00,0.7600,0.3500,0.9200,6.00,180.00,0.850000,0.000000,0.000000,1.100000,0.000000,0.000000,1.200000,0.000000,0.000000,1.350000,0.000000,0.000000,0.850000,0.020000,0.000000,0.008000,0.000000,0.000600,0.008000,0.000000,0.000600,0.006000,0.000000,0.000000,1,1,1,136,230,563213,563213,344541,218671,0,60.00,150,3123,983,0,0,102,11923,500.00,500.00,7,543,0.0000,0.4870,0.5020,0.1720,0.5610
2026-04-27T19:01:40.303,2.280,1,-0.19,0.19,0.00,0.00,1,-0.0166,0.1718,0.2281,0.0000,0.0000,0.0000,-18.41,-2.22,68.58,63.23,137,137,1.00000,1.00000,1.00000,1.00000,3,3,1,24.95492,0.00257,1.07014,0.0166,-0.1718,0.0719,0.0000,0.0000,0.0000,18.41,-9.42,175.68,1,1,0.0000,0.0000,0.3000,0.00,0.7600,0.3500,0.9200,6.00,180.00,0.850000,0.000000,0.000000,1.100000,0.000000,0.000000,1.200000,0.000000,0.000000,1.350000,0.000000,0.000000,0.850000,0.020000,0.000000,0.008000,0.000000,0.000600,0.008000,0.000000,0.000600,0.006000,0.000000,0.000000,1,1,1,137,230,563213,563213,344541,218671,0,60.00,150,3123,983,0,0,102,11923,500.00,500.00,7,543,0.0000,0.4870,0.5020,0.1720,0.5610
2026-04-27T19:01:40.318,2.295,1,-0.19,0.19,0.00,0.00,1,-0.0168,0.1720,0.2280,0.0000,0.0000,0.0000,-18.46,3.26,48.02,55.44,138,138,1.00000,1.00000,1.00000,1.00000,3,3,1,24.92088,0.00254,1.07022,0.0168,-0.1720,0.0720,0.0000,0.0000,0.0000,18.46,-9.18,175.80,1,1,0.0000,0.0000,0.3000,0.00,0.7600,0.3500,0.9200,6.00,180.00,0.850000,0.000000,0.000000,1.100000,0.000000,0.000000,1.200000,0.000000,0.000000,1.350000,0.000000,0.000000,0.850000,0.020000,0.000000,0.008000,0.000000,0.000600,0.008000,0.000000,0.000600,0.006000,0.000000,0.000000,1,1,1,138,229,563213,563213,344541,218671,0,60.00,150,3123,983,0,0,102,11923,500.00,500.00,7,543,0.0000,0.4870,0.5020,0.1720,0.5610
2026-04-27T19:01:40.335,2.312,1,-0.19,0.19,0.00,0.00,1,-0.0165,0.1721,0.2281,0.0000,0.0000,0.0000,-18.47,0.59,64.33,62.62,139,139,1.00000,1.00000,1.00000,1.00000,3,3,1,24.98498,0.00262,1.06965,0.0165,-0.1721,0.0719,0.0000,0.0000,0.0000,18.47,-9.34,175.78,1,1,0.0000,0.0000,0.3000,0.00,0.7600,0.3500,0.9200,6.00,180.00,0.850000,0.000000,0.000000,1.100000,0.000000,0.000000,1.200000,0.000000,0.000000,1.350000,0.000000,0.000000,0.850000,0.020000,0.000000,0.008000,0.000000,0.000600,0.008000,0.000000,0.000600,0.006000,0.000000,0.000000,1,1,1,139,230,563213,563213,344541,218671,0,60.00,150,3123,983,0,0,102,11923,500.00,500.00,7,543,0.0000,0.4870,0.5020,0.1720,0.5610
2026-04-27T19:01:40.354,2.330,1,-0.19,0.19,0.00,0.00,1,-0.0165,0.1718,0.2280,0.0000,0.0000,0.0000,-18.38,-5.16,72.41,59.14,140,140,1.00000,1.00000,1.00000,1.00000,3,3,1,24.97002,0.00262,1.07162,0.0165,-0.1718,0.0720,0.0000,0.0000,0.0000,18.38,-9.39,175.72,1,1,0.0000,0.0000,0.3000,0.00,0.7600,0.3500,0.9200,6.00,180.00,0.850000,0.000000,0.000000,1.100000,0.000000,0.000000,1.200000,0.000000,0.000000,1.350000,0.000000,0.000000,0.850000,0.020000,0.000000,0.008000,0.000000,0.000600,0.008000,0.000000,0.000600,0.006000,0.000000,0.000000,1,1,1,140,230,563213,563213,344541,218671,0,60.00,150,3123,983,0,0,102,11923,500.00,500.00,7,543,0.0000,0.4870,0.5020,0.1720,0.5610
2026-04-27T19:01:40.372,2.348,1,-0.19,0.19,0.00,0.00,1,-0.0163,0.1719,0.2281,0.0000,0.0000,0.0000,-18.39,0.57,54.46,61.64,141,141,1.00000,1.00000,1.00000,1.00000,3,3,1,24.95143,0.00259,1.07100,0.0163,-0.1719,0.0719,0.0000,0.0000,0.0000,18.39,-9.53,175.69,1,1,0.0000,0.0000,0.3000,0.00,0.7600,0.3500,0.9200,6.00,180.00,0.850000,0.000000,0.000000,1.100000,0.000000,0.000000,1.200000,0.000000,0.000000,1.350000,0.000000,0.000000,0.850000,0.020000,0.000000,0.008000,0.000000,0.000600,0.008000,0.000000,0.000600,0.006000,0.000000,0.000000,1,1,1,141,230,563213,563213,344541,218671,0,60.00,150,3123,983,0,0,102,11923,500.00,500.00,7,543,0.0000,0.4870,0.5020,0.1720,0.5610
2026-04-27T19:01:40.387,2.364,1,-0.19,0.19,0.00,0.00,1,-0.0164,0.1718,0.2281,0.0000,0.0000,0.0000,-18.37,-1.24,53.59,60.28,142,142,1.00000,1.00000,1.00000,1.00000,3,3,1,24.96650,0.00259,1.07005,0.0164,-0.1718,0.0719,0.0000,0.0000,0.0000,18.37,-9.50,175.62,1,1,0.0000,0.0000,0.3000,0.00,0.7600,0.3500,0.9200,6.00,180.00,0.850000,0.000000,0.000000,1.100000,0.000000,0.000000,1.200000,0.000000,0.000000,1.350000,0.000000,0.000000,0.850000,0.020000,0.000000,0.008000,0.000000,0.000600,0.008000,0.000000,0.000600,0.006000,0.000000,0.000000,1,1,1,142,229,563213,563213,344541,218671,0,60.00,150,3123,983,0,0,102,11923,500.00,500.00,7,543,0.0000,0.4870,0.5020,0.1720,0.5610
2026-04-27T19:01:40.390,2.367,1,-0.19,0.19,0.00,0.00,1,-0.0166,0.1719,0.2280,0.0170,0.0000,0.0000,-18.45,19.93,61.86,104.77,143,143,1.00000,1.00000,1.00000,1.00000,3,3,1,24.92682,0.00253,1.07093,0.0166,-0.1719,0.0720,0.0170,0.0000,0.0000,18.45,-9.28,175.63,1,1,0.0000,0.0000,0.3000,0.00,0.7600,0.3500,0.9200,6.00,180.00,0.850000,0.000000,0.000000,1.100000,0.000000,0.000000,1.200000,0.000000,0.000000,1.350000,0.000000,0.000000,0.850000,0.020000,0.000000,0.008000,0.000000,0.000600,0.008000,0.000000,0.000600,0.006000,0.000000,0.000000,1,1,1,143,234,563213,563213,344541,218671,0,60.00,150,3123,983,0,0,102,11923,500.00,500.00,7,543,0.0000,0.4870,0.5020,0.1720,0.5610
2026-04-27T19:01:40.408,2.385,1,-0.19,0.19,0.00,0.00,1,-0.0167,0.1719,0.2280,0.0000,0.0000,0.0000,-18.33,-6.75,495.25,56.28,144,144,1.00000,1.00000,1.00000,1.00000,3,3,1,24.94289,0.00271,1.07027,0.0167,-0.1719,0.0720,0.0000,0.0000,0.0000,18.33,-9.28,175.74,1,1,0.0000,0.0000,0.3000,0.00,0.7600,0.3500,0.9200,6.00,180.00,0.850000,0.000000,0.000000,1.100000,0.000000,0.000000,1.200000,0.000000,0.000000,1.350000,0.000000,0.000000,0.850000,0.020000,0.000000,0.008000,0.000000,0.000600,0.008000,0.000000,0.000600,0.006000,0.000000,0.000000,1,1,1,144,230,563213,563213,344541,218671,0,60.00,150,3123,983,0,0,102,11923,500.00,500.00,7,543,0.0000,0.4870,0.5020,0.1720,0.5610
2026-04-27T19:01:40.434,2.410,1,-0.19,0.19,0.00,0.00,1,-0.0164,0.1719,0.2282,0.0000,0.0000,0.0000,-18.31,-0.78,56.28,54.67,145,145,1.00000,1.00000,1.00000,1.00000,3,3,1,24.93472,0.00265,1.07052,0.0164,-0.1719,0.0718,0.0000,0.0000,0.0000,18.31,-9.67,175.67,1,1,0.0000,0.0000,0.3000,0.00,0.7600,0.3500,0.9200,6.00,180.00,0.850000,0.000000,0.000000,1.100000,0.000000,0.000000,1.200000,0.000000,0.000000,1.350000,0.000000,0.000000,0.850000,0.020000,0.000000,0.008000,0.000000,0.000600,0.008000,0.000000,0.000600,0.006000,0.000000,0.000000,1,1,1,145,230,563213,563213,344541,218671,0,60.00,150,3123,983,0,0,102,11923,500.00,500.00,7,543,0.0000,0.4870,0.5020,0.1720,0.5610
2026-04-27T19:01:40.450,2.427,1,-0.19,0.19,0.00,0.00,1,-0.0167,0.1718,0.2277,0.0138,0.0000,0.0157,-18.34,1.86,39.18,46.71,146,146,1.00000,1.00000,1.00000,1.00000,3,3,1,24.92909,0.00260,1.07161,0.0167,-0.1718,0.0723,0.0138,0.0000,0.0157,18.34,-9.16,175.70,1,1,0.0000,0.0000,0.3000,0.00,0.7600,0.3500,0.9200,6.00,180.00,0.850000,0.000000,0.000000,1.100000,0.000000,0.000000,1.200000,0.000000,0.000000,1.350000,0.000000,0.000000,0.850000,0.020000,0.000000,0.008000,0.000000,0.000600,0.008000,0.000000,0.000600,0.006000,0.000000,0.000000,1,1,1,146,237,563213,563213,344541,218671,0,60.00,150,3123,983,0,0,102,11923,500.00,500.00,7,543,0.0000,0.4870,0.5020,0.1720,0.5610
2026-04-27T19:01:40.470,2.447,1,-0.19,0.19,0.00,0.00,1,-0.0167,0.1718,0.2278,0.0000,0.0000,0.0000,-18.35,0.67,61.83,59.26,147,147,1.00000,1.00000,1.00000,1.00000,3,3,1,24.96954,0.00267,1.07097,0.0167,-0.1718,0.0722,0.0000,0.0000,0.0000,18.35,-9.16,175.70,1,1,0.0000,0.0000,0.3000,0.00,0.7600,0.3500,0.9200,6.00,180.00,0.850000,0.000000,0.000000,1.100000,0.000000,0.000000,1.200000,0.000000,0.000000,1.350000,0.000000,0.000000,0.850000,0.020000,0.000000,0.008000,0.000000,0.000600,0.008000,0.000000,0.000600,0.006000,0.000000,0.000000,1,1,1,147,229,563213,563213,344541,218671,0,60.00,150,3123,983,0,0,102,11923,500.00,500.00,7,543,0.0000,0.4870,0.5020,0.1720,0.5610
2026-04-27T19:01:40.483,2.460,1,-0.19,0.19,0.00,0.00,1,-0.0167,0.1718,0.2280,0.0000,0.0000,0.0000,-18.36,0.54,48.80,59.16,148,148,1.00000,1.00000,1.00000,1.00000,3,3,1,24.95080,0.00256,1.07026,0.0167,-0.1718,0.0720,0.0000,0.0000,0.0000,18.36,-9.17,175.68,1,1,0.0000,0.0000,0.3000,0.00,0.7600,0.3500,0.9200,6.00,180.00,0.850000,0.000000,0.000000,1.100000,0.000000,0.000000,1.200000,0.000000,0.000000,1.350000,0.000000,0.000000,0.850000,0.020000,0.000000,0.008000,0.000000,0.000600,0.008000,0.000000,0.000600,0.006000,0.000000,0.000000,1,1,1,148,230,563213,563213,344541,218671,0,60.00,150,3123,983,0,0,102,11923,500.00,500.00,7,543,0.0000,0.4870,0.5020,0.1720,0.5610
2026-04-27T19:01:40.502,2.479,1,-0.19,0.19,0.00,0.00,1,-0.0166,0.1719,0.2279,0.0000,0.0000,0.0000,-18.40,2.13,76.93,59.65,149,149,1.00000,1.00000,1.00000,1.00000,3,3,1,24.93880,0.00256,1.07146,0.0166,-0.1719,0.0721,0.0000,0.0000,0.0000,18.40,-9.23,175.71,1,1,0.0000,0.0000,0.3000,0.00,0.7600,0.3500,0.9200,6.00,180.00,0.850000,0.000000,0.000000,1.100000,0.000000,0.000000,1.200000,0.000000,0.000000,1.350000,0.000000,0.000000,0.850000,0.020000,0.000000,0.008000,0.000000,0.000600,0.008000,0.000000,0.000600,0.006000,0.000000,0.000000,1,1,1,149,229,563213,563213,344541,218671,0,60.00,150,3123,983,0,0,102,11923,500.00,500.00,7,543,0.0000,0.4870,0.5020,0.1720,0.5610
2026-04-27T19:01:40.521,2.497,1,-0.19,0.19,0.00,0.00,1,-0.0164,0.1719,0.2282,0.0000,0.0000,0.0000,-18.44,2.27,53.29,63.46,150,150,1.00000,1.00000,1.00000,1.00000,3,3,1,24.98247,0.00255,1.07011,0.0164,-0.1719,0.0718,0.0000,0.0000,0.0000,18.44,-9.49,175.62,1,1,0.0000,0.0000,0.3000,0.00,0.7600,0.3500,0.9200,6.00,180.00,0.850000,0.000000,0.000000,1.100000,0.000000,0.000000,1.200000,0.000000,0.000000,1.350000,0.000000,0.000000,0.850000,0.020000,0.000000,0.008000,0.000000,0.000600,0.008000,0.000000,0.000600,0.006000,0.000000,0.000000,1,1,1,150,230,563213,563213,344541,218671,0,60.00,150,3123,983,0,0,102,11923,500.00,500.00,7,543,0.0000,0.4870,0.5020,0.1720,0.5610
2026-04-27T19:01:40.538,2.514,1,-0.19,0.19,0.00,0.00,1,-0.0165,0.1718,0.2279,0.0000,0.0000,0.0000,-18.42,-1.18,54.21,60.01,151,151,1.00000,1.00000,1.00000,1.00000,3,3,1,24.94642,0.00260,1.07237,0.0165,-0.1718,0.0721,0.0000,0.0000,0.0000,18.42,-9.33,175.60,1,1,0.0000,0.0000,0.3000,0.00,0.7600,0.3500,0.9200,6.00,180.00,0.850000,0.000000,0.000000,1.100000,0.000000,0.000000,1.200000,0.000000,0.000000,1.350000,0.000000,0.000000,0.850000,0.020000,0.000000,0.008000,0.000000,0.000600,0.008000,0.000000,0.000600,0.006000,0.000000,0.000000,1,1,1,151,229,563213,563213,344541,218671,0,60.00,150,3123,983,0,0,102,11923,500.00,500.00,7,543,0.0000,0.4870,0.5020,0.1720,0.5610
2026-04-27T19:01:40.554,2.531,1,-0.19,0.19,0.00,0.00,1,-0.0165,0.1717,0.2280,0.0000,0.0000,0.0000,-18.35,-4.33,55.36,58.25,152,152,1.00000,1.00000,1.00000,1.00000,3,3,1,24.93246,0.00257,1.07095,0.0165,-0.1717,0.0720,0.0000,0.0000,0.0000,18.35,-9.38,175.66,1,1,0.0000,0.0000,0.3000,0.00,0.7600,0.3500,0.9200,6.00,180.00,0.850000,0.000000,0.000000,1.100000,0.000000,0.000000,1.200000,0.000000,0.000000,1.350000,0.000000,0.000000,0.850000,0.020000,0.000000,0.008000,0.000000,0.000600,0.008000,0.000000,0.000600,0.006000,0.000000,0.000000,1,1,1,152,230,563213,563213,344541,218671,0,60.00,150,3123,983,0,0,102,11923,500.00,500.00,7,543,0.0000,0.4870,0.5020,0.1720,0.5610
2026-04-27T19:01:40.558,2.535,1,-0.19,0.19,0.00,0.00,1,-0.0165,0.1718,0.2280,0.0000,0.0000,0.0000,-18.40,9.15,61.48,97.58,153,153,1.00000,1.00000,1.00000,1.00000,3,3,1,24.99384,0.00259,1.07127,0.0165,-0.1718,0.0720,0.0000,0.0000,0.0000,18.40,-9.42,175.73,1,1,0.0000,0.0000,0.3000,0.00,0.7600,0.3500,0.9200,6.00,180.00,0.850000,0.000000,0.000000,1.100000,0.000000,0.000000,1.200000,0.000000,0.000000,1.350000,0.000000,0.000000,0.850000,0.020000,0.000000,0.008000,0.000000,0.000600,0.008000,0.000000,0.000600,0.006000,0.000000,0.000000,1,1,1,153,229,563213,563213,344541,218671,0,60.00,150,3123,983,0,0,102,11923,500.00,500.00,7,543,0.0000,0.4870,0.5020,0.1720,0.5610
2026-04-27T19:01:40.583,2.559,1,-0.19,0.19,0.00,0.00,1,-0.0165,0.1718,0.2279,0.0000,0.0000,0.0000,-18.42,0.82,298.10,55.27,154,154,1.00000,1.00000,1.00000,1.00000,3,3,1,24.95556,0.00263,1.07142,0.0165,-0.1718,0.0721,0.0000,0.0000,0.0000,18.42,-9.33,175.68,1,1,0.0000,0.0000,0.3000,0.00,0.7600,0.3500,0.9200,6.00,180.00,0.850000,0.000000,0.000000,1.100000,0.000000,0.000000,1.200000,0.000000,0.000000,1.350000,0.000000,0.000000,0.850000,0.020000,0.000000,0.008000,0.000000,0.000600,0.008000,0.000000,0.000600,0.006000,0.000000,0.000000,1,1,1,154,230,563213,563213,344541,218671,0,60.00,150,3123,983,0,0,102,11923,500.00,500.00,7,543,0.0000,0.4870,0.5020,0.1720,0.5610
2026-04-27T19:01:40.602,2.578,1,-0.19,0.19,0.00,0.00,1,-0.0165,0.1718,0.2281,0.0000,0.0000,0.0000,-18.40,-1.06,40.99,50.45,155,155,1.00000,1.00000,1.00000,1.00000,3,3,1,24.98075,0.00258,1.07068,0.0165,-0.1718,0.0719,0.0000,0.0000,0.0000,18.40,-9.36,175.59,1,1,0.0000,0.0000,0.3000,0.00,0.7600,0.3500,0.9200,6.00,180.00,0.850000,0.000000,0.000000,1.100000,0.000000,0.000000,1.200000,0.000000,0.000000,1.350000,0.000000,0.000000,0.850000,0.020000,0.000000,0.008000,0.000000,0.000600,0.008000,0.000000,0.000600,0.006000,0.000000,0.000000,1,1,1,155,229,563213,563213,344541,218671,0,60.00,150,3123,983,0,0,102,11923,500.00,500.00,7,543,0.0000,0.4870,0.5020,0.1720,0.5610
2026-04-27T19:01:40.621,2.597,1,-0.19,0.19,0.00,0.00,1,-0.0164,0.1719,0.2282,0.0000,0.0000,0.0000,-18.43,2.35,52.85,55.09,156,156,1.00000,1.00000,1.00000,1.00000,3,3,1,24.98191,0.00256,1.07053,0.0164,-0.1719,0.0718,0.0000,0.0000,0.0000,18.43,-9.55,175.61,1,1,0.0000,0.0000,0.3000,0.00,0.7600,0.3500,0.9200,6.00,180.00,0.850000,0.000000,0.000000,1.100000,0.000000,0.000000,1.200000,0.000000,0.000000,1.350000,0.000000,0.000000,0.850000,0.020000,0.000000,0.008000,0.000000,0.000600,0.008000,0.000000,0.000600,0.006000,0.000000,0.000000,1,1,1,156,230,563213,563213,344541,218671,0,60.00,150,3123,1043,0,0,162,11923,500.00,500.00,7,2008,0.0000,0.4870,0.5020,0.6560,0.5610
2026-04-27T19:01:40.636,2.613,1,-0.19,0.19,0.00,0.00,1,-0.0164,0.1718,0.2282,0.0000,0.0000,0.0000,-18.39,-1.84,51.96,58.61,157,157,1.00000,1.00000,1.00000,1.00000,3,3,1,24.95538,0.00262,1.07072,0.0164,-0.1718,0.0718,0.0000,0.0000,0.0000,18.39,-9.62,175.61,1,1,0.0000,0.0000,0.3000,0.00,0.7600,0.3500,0.9200,6.00,180.00,0.850000,0.000000,0.000000,1.100000,0.000000,0.000000,1.200000,0.000000,0.000000,1.350000,0.000000,0.000000,0.850000,0.020000,0.000000,0.008000,0.000000,0.000600,0.008000,0.000000,0.000600,0.006000,0.000000,0.000000,1,1,1,157,230,563213,563213,344541,218671,0,60.00,150,3123,1043,0,0,162,11923,500.00,500.00,7,2008,0.0000,0.4870,0.5020,0.6560,0.5610
2026-04-27T19:01:40.651,2.628,1,-0.19,0.19,0.00,0.00,1,-0.0164,0.1718,0.2282,0.0000,0.0000,0.0000,-18.38,-0.66,57.59,59.00,158,158,1.00000,1.00000,1.00000,1.00000,3,3,1,24.96947,0.00268,1.07212,0.0164,-0.1718,0.0718,0.0000,0.0000,0.0000,18.38,-9.65,175.63,1,1,0.0000,0.0000,0.3000,0.00,0.7600,0.3500,0.9200,6.00,180.00,0.850000,0.000000,0.000000,1.100000,0.000000,0.000000,1.200000,0.000000,0.000000,1.350000,0.000000,0.000000,0.850000,0.020000,0.000000,0.008000,0.000000,0.000600,0.008000,0.000000,0.000600,0.006000,0.000000,0.000000,1,1,1,158,230,563213,563213,344541,218671,0,60.00,150,3123,1043,0,0,162,11923,500.00,500.00,7,2008,0.0000,0.4870,0.5020,0.6560,0.5610
2026-04-27T19:01:40.671,2.647,1,-0.19,0.19,0.00,0.00,1,-0.0164,0.1719,0.2283,0.0000,0.0000,0.0000,-18.45,3.80,76.94,63.03,159,159,1.00000,1.00000,1.00000,1.00000,3,3,1,25.00884,0.00264,1.06857,0.0164,-0.1719,0.0717,0.0000,0.0000,0.0000,18.45,-9.81,175.65,1,1,0.0000,0.0000,0.3000,0.00,0.7600,0.3500,0.9200,6.00,180.00,0.850000,0.000000,0.000000,1.100000,0.000000,0.000000,1.200000,0.000000,0.000000,1.350000,0.000000,0.000000,0.850000,0.020000,0.000000,0.008000,0.000000,0.000600,0.008000,0.000000,0.000600,0.006000,0.000000,0.000000,1,1,1,159,230,563213,563213,344541,218671,0,60.00,150,3123,1043,0,0,162,11923,500.00,500.00,7,2008,0.0000,0.4870,0.5020,0.6560,0.5610
2026-04-27T19:01:40.687,2.664,1,-0.19,0.19,0.00,0.00,1,-0.0165,0.1718,0.2282,0.0000,0.0000,0.0000,-18.35,-6.07,51.53,57.61,160,160,1.00000,1.00000,1.00000,1.00000,3,3,1,24.91514,0.00263,1.07057,0.0165,-0.1718,0.0718,0.0000,0.0000,0.0000,18.35,-9.60,175.71,1,1,0.0000,0.0000,0.3000,0.00,0.7600,0.3500,0.9200,6.00,180.00,0.850000,0.000000,0.000000,1.100000,0.000000,0.000000,1.200000,0.000000,0.000000,1.350000,0.000000,0.000000,0.850000,0.020000,0.000000,0.008000,0.000000,0.000600,0.008000,0.000000,0.000600,0.006000,0.000000,0.000000,1,1,1,160,229,563213,563213,344541,218671,0,60.00,150,3123,1043,0,0,162,11923,500.00,500.00,7,2008,0.0000,0.4870,0.5020,0.6560,0.5610
2026-04-27T19:01:40.701,2.677,1,-0.19,0.19,0.00,0.00,1,-0.0165,0.1719,0.2280,0.0000,0.0000,0.0000,-18.32,-2.07,57.21,62.47,161,161,1.00000,1.00000,1.00000,1.00000,3,3,1,24.94504,0.00265,1.07168,0.0165,-0.1719,0.0720,0.0000,0.0000,0.0000,18.32,-9.49,175.75,1,1,0.0000,0.0000,0.3000,0.00,0.7600,0.3500,0.9200,6.00,180.00,0.850000,0.000000,0.000000,1.100000,0.000000,0.000000,1.200000,0.000000,0.000000,1.350000,0.000000,0.000000,0.850000,0.020000,0.000000,0.008000,0.000000,0.000600,0.008000,0.000000,0.000600,0.006000,0.000000,0.000000,1,1,1,161,230,563213,563213,344541,218671,0,60.00,150,3123,1043,0,0,162,11923,500.00,500.00,7,2008,0.0000,0.4870,0.5020,0.6560,0.5610
2026-04-27T19:01:40.721,2.698,1,-0.19,0.19,0.00,0.00,1,-0.0164,0.1719,0.2280,0.0000,0.0000,0.0000,-18.40,4.01,80.22,60.23,162,162,1.00000,1.00000,1.00000,1.00000,3,3,1,24.96800,0.00253,1.06993,0.0164,-0.1719,0.0720,0.0000,0.0000,0.0000,18.40,-9.50,175.68,1,1,0.0000,0.0000,0.3000,0.00,0.7600,0.3500,0.9200,6.00,180.00,0.850000,0.000000,0.000000,1.100000,0.000000,0.000000,1.200000,0.000000,0.000000,1.350000,0.000000,0.000000,0.850000,0.020000,0.000000,0.008000,0.000000,0.000600,0.008000,0.000000,0.000600,0.006000,0.000000,0.000000,1,1,1,162,228,563213,563213,344541,218671,0,60.00,150,3123,1043,0,0,162,11923,500.00,500.00,7,2008,0.0000,0.4870,0.5020,0.6560,0.5610
2026-04-27T19:01:40.737,2.714,1,-0.19,0.19,0.00,0.00,1,-0.0165,0.1718,0.2281,0.0000,0.0000,0.0000,-18.42,1.26,47.74,59.43,163,163,1.00000,1.00000,1.00000,1.00000,3,3,1,24.97516,0.00257,1.07037,0.0165,-0.1718,0.0719,0.0000,0.0000,0.0000,18.42,-9.51,175.63,1,1,0.0000,0.0000,0.3000,0.00,0.7600,0.3500,0.9200,6.00,180.00,0.850000,0.000000,0.000000,1.100000,0.000000,0.000000,1.200000,0.000000,0.000000,1.350000,0.000000,0.000000,0.850000,0.020000,0.000000,0.008000,0.000000,0.000600,0.008000,0.000000,0.000600,0.006000,0.000000,0.000000,1,1,1,163,230,563213,563213,344541,218671,0,60.00,150,3123,1043,0,0,162,11923,500.00,500.00,7,2008,0.0000,0.4870,0.5020,0.6560,0.5610
2026-04-27T19:01:40.755,2.732,1,-0.19,0.19,0.00,0.00,1,-0.0164,0.1720,0.2280,0.0000,0.0000,0.0000,-18.37,-3.13,59.31,57.00,164,164,1.00000,1.00000,1.00000,1.00000,3,3,1,24.93280,0.00267,1.07086,0.0164,-0.1720,0.0720,0.0000,0.0000,0.0000,18.37,-9.47,175.73,1,1,0.0000,0.0000,0.3000,0.00,0.7600,0.3500,0.9200,6.00,180.00,0.850000,0.000000,0.000000,1.100000,0.000000,0.000000,1.200000,0.000000,0.000000,1.350000,0.000000,0.000000,0.850000,0.020000,0.000000,0.008000,0.000000,0.000600,0.008000,0.000000,0.000600,0.006000,0.000000,0.000000,1,1,1,164,230,563213,563213,344541,218671,0,60.00,150,3123,1043,0,0,162,11923,500.00,500.00,7,2008,0.0000,0.4870,0.5020,0.6560,0.5610
2026-04-27T19:01:40.771,2.747,1,-0.19,0.19,0.00,0.00,1,-0.0164,0.1719,0.2281,0.0000,0.0000,0.0000,-18.38,0.58,60.58,59.70,165,165,1.00000,1.00000,1.00000,1.00000,3,3,1,24.99033,0.00257,1.07132,0.0164,-0.1719,0.0719,0.0000,0.0000,0.0000,18.38,-9.53,175.66,1,1,0.0000,0.0000,0.3000,0.00,0.7600,0.3500,0.9200,6.00,180.00,0.850000,0.000000,0.000000,1.100000,0.000000,0.000000,1.200000,0.000000,0.000000,1.350000,0.000000,0.000000,0.850000,0.020000,0.000000,0.008000,0.000000,0.000600,0.008000,0.000000,0.000600,0.006000,0.000000,0.000000,1,1,1,165,230,563213,563213,344541,218671,0,60.00,150,3123,1043,0,0,162,11923,500.00,500.00,7,2008,0.0000,0.4870,0.5020,0.6560,0.5610
2026-04-27T19:01:40.787,2.764,1,-0.19,0.19,0.00,0.00,1,-0.0165,0.1719,0.2280,0.0000,0.0000,0.0000,-18.46,4.82,59.38,60.66,166,166,1.00000,1.00000,1.00000,1.00000,3,3,1,24.95985,0.00256,1.07000,0.0165,-0.1719,0.0720,0.0000,0.0000,0.0000,18.46,-9.39,175.62,1,1,0.0000,0.0000,0.3000,0.00,0.7600,0.3500,0.9200,6.00,180.00,0.850000,0.000000,0.000000,1.100000,0.000000,0.000000,1.200000,0.000000,0.000000,1.350000,0.000000,0.000000,0.850000,0.020000,0.000000,0.008000,0.000000,0.000600,0.008000,0.000000,0.000600,0.006000,0.000000,0.000000,1,1,1,166,230,563213,563213,344541,218671,0,60.00,150,3123,1043,0,0,162,11923,500.00,500.00,7,2008,0.0000,0.4870,0.5020,0.6560,0.5610
2026-04-27T19:01:40.804,2.781,1,-0.19,0.19,0.00,0.00,1,-0.0166,0.1719,0.2281,0.0000,0.0000,0.0000,-18.43,-1.81,64.07,61.56,167,167,1.00000,1.00000,1.00000,1.00000,3,3,1,25.00711,0.00260,1.06852,0.0166,-0.1719,0.0719,0.0000,0.0000,0.0000,18.43,-9.36,175.64,1,1,0.0000,0.0000,0.3000,0.00,0.7600,0.3500,0.9200,6.00,180.00,0.850000,0.000000,0.000000,1.100000,0.000000,0.000000,1.200000,0.000000,0.000000,1.350000,0.000000,0.000000,0.850000,0.020000,0.000000,0.008000,0.000000,0.000600,0.008000,0.000000,0.000600,0.006000,0.000000,0.000000,1,1,1,167,230,563213,563213,344541,218671,0,60.00,150,3123,1043,0,0,162,11923,500.00,500.00,7,2008,0.0000,0.4870,0.5020,0.6560,0.5610
2026-04-27T19:01:40.813,2.790,1,-0.19,0.19,0.00,0.00,1,-0.0167,0.1719,0.2279,0.0000,0.0000,0.0000,-18.39,-3.76,56.62,64.61,168,168,1.00000,1.00000,1.00000,1.00000,3,3,1,24.89647,0.00252,1.07249,0.0167,-0.1719,0.0721,0.0000,0.0000,0.0000,18.39,-9.19,175.73,1,1,0.0000,0.0000,0.3000,0.00,0.7600,0.3500,0.9200,6.00,180.00,0.850000,0.000000,0.000000,1.100000,0.000000,0.000000,1.200000,0.000000,0.000000,1.350000,0.000000,0.000000,0.850000,0.020000,0.000000,0.008000,0.000000,0.000600,0.008000,0.000000,0.000600,0.006000,0.000000,0.000000,1,1,1,168,230,563213,563213,344541,218671,0,60.00,150,3123,1043,0,0,162,11923,500.00,500.00,7,2008,0.0000,0.4870,0.5020,0.6560,0.5610
2026-04-27T19:01:40.838,2.815,1,-0.19,0.19,0.00,0.00,1,-0.0165,0.1719,0.2281,0.0000,0.0000,0.0000,-18.40,0.42,117.02,57.21,169,169,1.00000,1.00000,1.00000,1.00000,3,3,1,24.92048,0.00250,1.07217,0.0165,-0.1719,0.0719,0.0000,0.0000,0.0000,18.40,-9.40,175.66,1,1,0.0000,0.0000,0.3000,0.00,0.7600,0.3500,0.9200,6.00,180.00,0.850000,0.000000,0.000000,1.100000,0.000000,0.000000,1.200000,0.000000,0.000000,1.350000,0.000000,0.000000,0.850000,0.020000,0.000000,0.008000,0.000000,0.000600,0.008000,0.000000,0.000600,0.006000,0.000000,0.000000,1,1,1,169,228,563213,563213,344541,218671,0,60.00,150,3123,1043,0,0,162,11923,500.00,500.00,7,2008,0.0000,0.4870,0.5020,0.6560,0.5610
2026-04-27T19:01:40.854,2.831,1,-0.19,0.19,0.00,0.00,1,-0.0166,0.1718,0.2280,0.0000,0.0000,0.0000,-18.38,-1.30,38.34,57.37,170,170,1.00000,1.00000,1.00000,1.00000,3,3,1,24.95312,0.00261,1.07126,0.0166,-0.1718,0.0720,0.0000,0.0000,0.0000,18.38,-9.34,175.75,1,1,0.0000,0.0000,0.3000,0.00,0.7600,0.3500,0.9200,6.00,180.00,0.850000,0.000000,0.000000,1.100000,0.000000,0.000000,1.200000,0.000000,0.000000,1.350000,0.000000,0.000000,0.850000,0.020000,0.000000,0.008000,0.000000,0.000600,0.008000,0.000000,0.000600,0.006000,0.000000,0.000000,1,1,1,170,230,563213,563213,344541,218671,0,60.00,150,3123,1043,0,0,162,11923,500.00,500.00,7,2008,0.0000,0.4870,0.5020,0.6560,0.5610
2026-04-27T19:01:40.871,2.848,1,-0.19,0.19,0.00,0.00,1,-0.0166,0.1718,0.2280,0.0000,0.0000,0.0000,-18.38,0.00,64.54,79.13,171,171,1.00000,1.00000,1.00000,1.00000,3,3,1,24.95155,0.00251,1.07167,0.0166,-0.1718,0.0720,0.0000,0.0000,0.0000,18.38,-9.27,175.64,1,1,0.0000,0.0000,0.3000,0.00,0.7600,0.3500,0.9200,6.00,180.00,0.850000,0.000000,0.000000,1.100000,0.000000,0.000000,1.200000,0.000000,0.000000,1.350000,0.000000,0.000000,0.850000,0.020000,0.000000,0.008000,0.000000,0.000600,0.008000,0.000000,0.000600,0.006000,0.000000,0.000000,1,1,1,171,230,563213,563213,344541,218671,0,60.00,150,3123,1043,0,0,162,11923,500.00,500.00,7,2008,0.0000,0.4870,0.5020,0.6560,0.5610
2026-04-27T19:01:40.887,2.864,1,-0.19,0.19,0.00,0.00,1,-0.0166,0.1718,0.2280,0.0000,0.0000,0.0000,-18.40,1.12,62.27,50.59,172,172,1.00000,1.00000,1.00000,1.00000,3,3,1,24.92288,0.00259,1.07092,0.0166,-0.1718,0.0720,0.0000,0.0000,0.0000,18.40,-9.32,175.62,1,1,0.0000,0.0000,0.3000,0.00,0.7600,0.3500,0.9200,6.00,180.00,0.850000,0.000000,0.000000,1.100000,0.000000,0.000000,1.200000,0.000000,0.000000,1.350000,0.000000,0.000000,0.850000,0.020000,0.000000,0.008000,0.000000,0.000600,0.008000,0.000000,0.000600,0.006000,0.000000,0.000000,1,1,1,172,229,563213,563213,344541,218671,0,60.00,150,3123,1043,0,0,162,11923,500.00,500.00,7,2008,0.0000,0.4870,0.5020,0.6560,0.5610
2026-04-27T19:01:40.902,2.879,1,-0.19,0.19,0.00,0.00,1,-0.0164,0.1719,0.2282,0.0000,0.0000,0.0000,-18.42,1.25,59.20,57.82,173,173,1.00000,1.00000,1.00000,1.00000,3,3,1,24.95988,0.00259,1.07055,0.0164,-0.1719,0.0718,0.0000,0.0000,0.0000,18.42,-9.53,175.63,1,1,0.0000,0.0000,0.3000,0.00,0.7600,0.3500,0.9200,6.00,180.00,0.850000,0.000000,0.000000,1.100000,0.000000,0.000000,1.200000,0.000000,0.000000,1.350000,0.000000,0.000000,0.850000,0.020000,0.000000,0.008000,0.000000,0.000600,0.008000,0.000000,0.000600,0.006000,0.000000,0.000000,1,1,1,173,230,563213,563213,344541,218671,0,60.00,150,3123,1043,0,0,162,11923,500.00,500.00,7,2008,0.0000,0.4870,0.5020,0.6560,0.5610
2026-04-27T19:01:40.920,2.897,1,-0.19,0.19,0.00,0.00,1,-0.0164,0.1719,0.2283,0.0000,0.0000,0.0000,-18.39,-1.73,71.66,62.35,174,174,1.00000,1.00000,1.00000,1.00000,3,3,1,24.98039,0.00263,1.07081,0.0164,-0.1719,0.0717,0.0000,0.0000,0.0000,18.39,-9.63,175.69,1,1,0.0000,0.0000,0.3000,0.00,0.7600,0.3500,0.9200,6.00,180.00,0.850000,0.000000,0.000000,1.100000,0.000000,0.000000,1.200000,0.000000,0.000000,1.350000,0.000000,0.000000,0.850000,0.020000,0.000000,0.008000,0.000000,0.000600,0.008000,0.000000,0.000600,0.006000,0.000000,0.000000,1,1,1,174,230,563213,563213,344541,218671,0,60.00,150,3123,1043,0,0,162,11923,500.00,500.00,7,2008,0.0000,0.4870,0.5020,0.6560,0.5610
2026-04-27T19:01:40.937,2.913,1,-0.19,0.19,0.00,0.00,1,-0.0165,0.1719,0.2279,0.0000,0.0000,0.0122,-18.40,0.61,51.75,60.43,175,175,1.00000,1.00000,1.00000,1.00000,3,3,1,24.91253,0.00252,1.07107,0.0165,-0.1719,0.0721,0.0000,0.0000,0.0122,18.40,-9.44,175.74,1,1,0.0000,0.0000,0.3000,0.00,0.7600,0.3500,0.9200,6.00,180.00,0.850000,0.000000,0.000000,1.100000,0.000000,0.000000,1.200000,0.000000,0.000000,1.350000,0.000000,0.000000,0.850000,0.020000,0.000000,0.008000,0.000000,0.000600,0.008000,0.000000,0.000600,0.006000,0.000000,0.000000,1,1,1,175,233,563213,563213,344541,218671,0,60.00,150,3123,1043,0,0,162,11923,500.00,500.00,7,2008,0.0000,0.4870,0.5020,0.6560,0.5610
2026-04-27T19:01:40.954,2.931,1,-0.19,0.19,0.00,0.00,1,-0.0165,0.1719,0.2280,0.0000,0.0000,0.0000,-18.36,-2.40,60.59,59.91,176,176,1.00000,1.00000,1.00000,1.00000,3,3,1,24.98839,0.00267,1.07052,0.0165,-0.1719,0.0720,0.0000,0.0000,0.0000,18.36,-9.45,175.78,1,1,0.0000,0.0000,0.3000,0.00,0.7600,0.3500,0.9200,6.00,180.00,0.850000,0.000000,0.000000,1.100000,0.000000,0.000000,1.200000,0.000000,0.000000,1.350000,0.000000,0.000000,0.850000,0.020000,0.000000,0.008000,0.000000,0.000600,0.008000,0.000000,0.000600,0.006000,0.000000,0.000000,1,1,1,176,230,563213,563213,344541,218671,0,60.00,150,3123,1043,0,0,162,11923,500.00,500.00,7,2008,0.0000,0.4870,0.5020,0.6560,0.5610
2026-04-27T19:01:40.959,2.936,1,-0.19,0.19,0.00,0.00,1,-0.0165,0.1720,0.2279,0.0000,0.0000,0.0000,-18.41,7.14,58.51,82.63,177,177,1.00000,1.00000,1.00000,1.00000,3,3,1,24.93806,0.00260,1.07007,0.0165,-0.1720,0.0721,0.0000,0.0000,0.0000,18.41,-9.42,175.82,1,1,0.0000,0.0000,0.3000,0.00,0.7600,0.3500,0.9200,6.00,180.00,0.850000,0.000000,0.000000,1.100000,0.000000,0.000000,1.200000,0.000000,0.000000,1.350000,0.000000,0.000000,0.850000,0.020000,0.000000,0.008000,0.000000,0.000600,0.008000,0.000000,0.000600,0.006000,0.000000,0.000000,1,1,1,177,230,563213,563213,344541,218671,0,60.00,150,3123,1043,0,0,162,11923,500.00,500.00,7,2008,0.0000,0.4870,0.5020,0.6560,0.5610
2026-04-27T19:01:40.982,2.959,1,-0.19,0.19,0.00,0.00,1,-0.0166,0.1719,0.2280,0.0000,0.0000,0.0000,-18.41,0.00,217.85,59.89,178,178,1.00000,1.00000,1.00000,1.00000,3,3,1,24.94513,0.00255,1.07076,0.0166,-0.1719,0.0720,0.0000,0.0000,0.0000,18.41,-9.41,175.81,1,1,0.0000,0.0000,0.3000,0.00,0.7600,0.3500,0.9200,6.00,180.00,0.850000,0.000000,0.000000,1.100000,0.000000,0.000000,1.200000,0.000000,0.000000,1.350000,0.000000,0.000000,0.850000,0.020000,0.000000,0.008000,0.000000,0.000600,0.008000,0.000000,0.000600,0.006000,0.000000,0.000000,1,1,1,178,230,563213,563213,344541,218671,0,60.00,150,3123,1043,0,0,162,11923,500.00,500.00,7,2008,0.0000,0.4870,0.5020,0.6560,0.5610
2026-04-27T19:01:40.992,2.969,1,-0.19,0.19,0.00,0.00,1,-0.0165,0.1720,0.2281,0.0000,0.0000,0.0000,-18.38,-3.04,43.48,61.90,179,179,1.00000,1.00000,1.00000,1.00000,3,3,1,24.97483,0.00257,1.07003,0.0165,-0.1720,0.0719,0.0000,0.0000,0.0000,18.38,-9.44,175.74,1,1,0.0000,0.0000,0.3000,0.00,0.7600,0.3500,0.9200,6.00,180.00,0.850000,0.000000,0.000000,1.100000,0.000000,0.000000,1.200000,0.000000,0.000000,1.350000,0.000000,0.000000,0.850000,0.020000,0.000000,0.008000,0.000000,0.000600,0.008000,0.000000,0.000600,0.006000,0.000000,0.000000,1,1,1,179,230,563213,563213,344541,218671,0,60.00,150,3123,1043,0,0,162,11923,500.00,500.00,7,2008,0.0000,0.4870,0.5020,0.6560,0.5610
2026-04-27T19:01:41.019,2.995,1,-0.19,0.19,0.00,0.00,1,-0.0165,0.1718,0.2281,0.0000,0.0000,0.0000,-18.30,-3.03,101.48,45.30,180,180,1.00000,1.00000,1.00000,1.00000,3,3,1,24.97917,0.00262,1.07120,0.0165,-0.1718,0.0719,0.0000,0.0000,0.0000,18.30,-9.38,175.67,1,1,0.0000,0.0000,0.3000,0.00,0.7600,0.3500,0.9200,6.00,180.00,0.850000,0.000000,0.000000,1.100000,0.000000,0.000000,1.200000,0.000000,0.000000,1.350000,0.000000,0.000000,0.850000,0.020000,0.000000,0.008000,0.000000,0.000600,0.008000,0.000000,0.000600,0.006000,0.000000,0.000000,1,1,1,180,229,563213,563213,344541,218671,0,60.00,150,3123,1043,0,0,162,11923,500.00,500.00,7,2008,0.0000,0.4870,0.5020,0.6560,0.5610
2026-04-27T19:01:41.033,3.010,1,-0.19,0.19,0.00,0.00,1,-0.0165,0.1718,0.2280,0.0000,0.0000,0.0000,-18.30,0.00,37.88,101.24,181,181,1.00000,1.00000,1.00000,1.00000,3,3,1,24.93143,0.00257,1.07062,0.0165,-0.1718,0.0720,0.0000,0.0000,0.0000,18.30,-9.41,175.70,1,1,0.0000,0.0000,0.3000,0.00,0.7600,0.3500,0.9200,6.00,180.00,0.850000,0.000000,0.000000,1.100000,0.000000,0.000000,1.200000,0.000000,0.000000,1.350000,0.000000,0.000000,0.850000,0.020000,0.000000,0.008000,0.000000,0.000600,0.008000,0.000000,0.000600,0.006000,0.000000,0.000000,1,1,1,181,228,563213,563213,344541,218671,0,60.00,150,3123,1043,0,0,162,11923,500.00,500.00,7,2008,0.0000,0.4870,0.5020,0.6560,0.5610
2026-04-27T19:01:41.048,3.025,1,-0.19,0.19,0.00,0.00,1,-0.0165,0.1719,0.2280,0.0000,0.0000,0.0000,-18.32,1.39,67.87,42.41,182,182,1.00000,1.00000,1.00000,1.00000,3,3,1,24.93041,0.00253,1.07171,0.0165,-0.1719,0.0720,0.0000,0.0000,0.0000,18.32,-9.42,175.69,1,1,0.0000,0.0000,0.3000,0.00,0.7600,0.3500,0.9200,6.00,180.00,0.850000,0.000000,0.000000,1.100000,0.000000,0.000000,1.200000,0.000000,0.000000,1.350000,0.000000,0.000000,0.850000,0.020000,0.000000,0.008000,0.000000,0.000600,0.008000,0.000000,0.000600,0.006000,0.000000,0.000000,1,1,1,182,230,563213,563213,344541,218671,0,60.00,150,3123,1043,0,0,162,11923,500.00,500.00,7,2008,0.0000,0.4870,0.5020,0.6560,0.5610
2026-04-27T19:01:41.070,3.047,1,-0.19,0.19,0.00,0.00,1,-0.0166,0.1719,0.2278,0.0000,0.0000,0.0000,-18.41,4.06,47.85,95.50,183,183,1.00000,1.00000,1.00000,1.00000,3,3,1,24.95348,0.00257,1.06924,0.0166,-0.1719,0.0722,0.0000,0.0000,0.0000,18.41,-9.29,175.77,1,1,0.0000,0.0000,0.3000,0.00,0.7600,0.3500,0.9200,6.00,180.00,0.850000,0.000000,0.000000,1.100000,0.000000,0.000000,1.200000,0.000000,0.000000,1.350000,0.000000,0.000000,0.850000,0.020000,0.000000,0.008000,0.000000,0.000600,0.008000,0.000000,0.000600,0.006000,0.000000,0.000000,1,1,1,183,230,563213,563213,344541,218671,0,60.00,150,3123,1043,0,0,162,11923,500.00,500.00,7,2008,0.0000,0.4870,0.5020,0.6560,0.5610
