iso_time,elapsed_s,imu_ready,imu_pitch_deg,imu_roll_deg,imu_pitch_rate_deg_s,imu_roll_rate_deg_s,mocap_valid,mocap_x_error_m,mocap_y_error_m,mocap_z_error_m,mocap_vx_m_s,mocap_vy_m_s,mocap_vz_m_s,mocap_yaw_error_deg,mocap_yaw_rate_deg_s,backend_loop_hz,tracking_loop_hz,frames_processed,valid_pose_frames,pose_success_rate,full_marker_detection_rate,cam1_full_detection_rate,cam2_full_detection_rate,cam1_leds,cam2_leds,spatial_data_valid,mapping_error_px,model_fit_error_m,scale_factor,position_x_m,position_y_m,position_z_m,velocity_x_m_s,velocity_y_m_s,velocity_z_m_s,yaw_deg,pitch_deg,roll_deg,control_active,control_armed,target_x_m,target_y_m,target_z_m,target_yaw_deg,limit_hover_throttle,limit_min_throttle,limit_max_throttle,limit_max_tilt_deg,limit_max_yaw_rate_deg,pid_xyPos_kp,pid_xyPos_ki,pid_xyPos_kd,pid_zPos_kp,pid_zPos_ki,pid_zPos_kd,pid_yawPos_kp,pid_yawPos_ki,pid_yawPos_kd,pid_xyVel_kp,pid_xyVel_ki,pid_xyVel_kd,pid_zVel_kp,pid_zVel_ki,pid_zVel_kd,pid_roll_kp,pid_roll_ki,pid_roll_kd,pid_pitch_kp,pid_pitch_ki,pid_pitch_kd,pid_yawRate_kp,pid_yawRate_ki,pid_yawRate_kd,serial_connected,serial_send_enabled,serial_send_ok,serial_payload_seq,serial_payload_size_bytes,bridge_serial_frames_rx,bridge_espnow_tx_attempts,bridge_espnow_tx_ok,bridge_espnow_tx_fail,bridge_oversize_drops,bridge_tx_rate_hz,bridge_last_tx_seq,bridge_last_tx_latency_us,controller_rx_packets,controller_rx_missing_packets,controller_rx_duplicate_packets,controller_rx_out_of_order_packets,controller_last_rx_seq,controller_loop_hz,controller_control_hz,controller_command_age_ms,controller_apply_latency_us,controller_motor_imbalance,motor_1_output,motor_2_output,motor_3_output,motor_4_output
2026-04-27T18:52:03.029,0.018,1,0.10,0.30,0.00,0.00,1,-0.0017,0.0653,0.1318,0.0000,0.0000,0.0000,-8.08,4.98,64.55,53.42,1,1,1.00000,1.00000,1.00000,1.00000,3,3,1,21.53512,0.00225,1.05850,0.0017,-0.0653,0.0182,0.0000,0.0000,0.0000,8.08,-7.96,-1.84,1,1,0.0000,0.0000,0.1500,0.00,0.8500,0.3500,0.9200,6.00,180.00,0.850000,0.050000,0.000000,1.100000,0.000000,0.000000,1.200000,0.000000,0.000000,1.350000,0.000000,0.000000,0.850000,0.020000,0.000000,0.008000,0.000000,0.000600,0.008000,0.000000,0.000600,0.006000,0.000000,0.000000,1,1,1,1,234,531280,531280,320836,210444,0,60.00,21547,3183,0,0,0,0,0,0.00,0.00,0,0,0.0000,0.0000,0.0000,0.0000,0.0000
2026-04-27T18:52:03.046,0.035,1,0.10,0.30,0.00,0.00,1,-0.0017,0.0653,0.1319,0.0000,0.0000,0.0000,-8.06,-1.17,54.67,58.95,2,2,1.00000,1.00000,1.00000,1.00000,3,3,1,21.51849,0.00237,1.06026,0.0017,-0.0653,0.0181,0.0000,0.0000,0.0000,8.06,-8.05,-1.83,1,1,0.0000,0.0000,0.1500,0.00,0.8500,0.3500,0.9200,6.00,180.00,0.850000,0.050000,0.000000,1.100000,0.000000,0.000000,1.200000,0.000000,0.000000,1.350000,0.000000,0.000000,0.850000,0.020000,0.000000,0.008000,0.000000,0.000600,0.008000,0.000000,0.000600,0.006000,0.000000,0.000000,1,1,1,2,234,531280,531280,320836,210444,0,60.00,21547,3183,0,0,0,0,0,0.00,0.00,0,0,0.0000,0.0000,0.0000,0.0000,0.0000
2026-04-27T18:52:03.058,0.047,1,0.10,0.30,0.00,0.00,1,-0.0017,0.0655,0.1318,0.0000,0.0000,0.0000,-8.00,-4.50,56.43,65.18,3,3,1.00000,1.00000,1.00000,1.00000,3,3,1,21.50209,0.00230,1.06095,0.0017,-0.0655,0.0182,0.0000,0.0000,0.0000,8.00,-8.10,-1.87,1,1,0.0000,0.0000,0.1500,0.00,0.8500,0.3500,0.9200,6.00,180.00,0.850000,0.050000,0.000000,1.100000,0.000000,0.000000,1.200000,0.000000,0.000000,1.350000,0.000000,0.000000,0.850000,0.020000,0.000000,0.008000,0.000000,0.000600,0.008000,0.000000,0.000600,0.006000,0.000000,0.000000,1,1,1,3,230,531280,531280,320836,210444,0,60.00,21547,3183,0,0,0,0,0,0.00,0.00,0,0,0.0000,0.0000,0.0000,0.0000,0.0000
2026-04-27T18:52:03.078,0.067,1,0.10,0.30,0.00,0.00,1,-0.0018,0.0655,0.1318,0.0000,0.0000,0.0000,-8.01,0.51,88.66,56.41,4,4,1.00000,1.00000,1.00000,1.00000,3,3,1,21.55222,0.00241,1.05997,0.0018,-0.0655,0.0182,0.0000,0.0000,0.0000,8.01,-8.15,-1.86,1,1,0.0000,0.0000,0.1500,0.00,0.8500,0.3500,0.9200,6.00,180.00,0.850000,0.050000,0.000000,1.100000,0.000000,0.000000,1.200000,0.000000,0.000000,1.350000,0.000000,0.000000,0.850000,0.020000,0.000000,0.008000,0.000000,0.000600,0.008000,0.000000,0.000600,0.006000,0.000000,0.000000,1,1,1,4,231,531280,531280,320836,210444,0,60.00,21547,3183,0,0,0,0,0,0.00,0.00,0,0,0.0000,0.0000,0.0000,0.0000,0.0000
2026-04-27T18:52:03.095,0.083,1,0.10,0.30,0.00,0.00,1,-0.0018,0.0654,0.1318,0.0000,0.0000,0.0000,-8.03,1.36,50.55,62.81,5,5,1.00000,1.00000,1.00000,1.00000,3,3,1,21.54916,0.00233,1.05800,0.0018,-0.0654,0.0182,0.0000,0.0000,0.0000,8.03,-8.10,-1.83,1,1,0.0000,0.0000,0.1500,0.00,0.8500,0.3500,0.9200,6.00,180.00,0.850000,0.050000,0.000000,1.100000,0.000000,0.000000,1.200000,0.000000,0.000000,1.350000,0.000000,0.000000,0.850000,0.020000,0.000000,0.008000,0.000000,0.000600,0.008000,0.000000,0.000600,0.006000,0.000000,0.000000,1,1,1,5,233,531280,531280,320836,210444,0,60.00,21547,3183,0,0,0,0,0,0.00,0.00,0,0,0.0000,0.0000,0.0000,0.0000,0.0000
2026-04-27T18:52:03.111,0.100,1,0.10,0.30,0.00,0.00,1,-0.0019,0.0653,0.1318,0.0000,0.0000,0.0000,-8.04,0.58,57.90,56.23,6,6,1.00000,1.00000,1.00000,1.00000,3,3,1,21.54157,0.00234,1.05869,0.0019,-0.0653,0.0182,0.0000,0.0000,0.0000,8.04,-8.24,-1.76,1,1,0.0000,0.0000,0.1500,0.00,0.8500,0.3500,0.9200,6.00,180.00,0.850000,0.050000,0.000000,1.100000,0.000000,0.000000,1.200000,0.000000,0.000000,1.350000,0.000000,0.000000,0.850000,0.020000,0.000000,0.008000,0.000000,0.000600,0.008000,0.000000,0.000600,0.006000,0.000000,0.000000,1,1,1,6,234,531280,531280,320836,210444,0,60.00,21547,3183,0,0,0,0,0,0.00,0.00,0,0,0.0000,0.0000,0.0000,0.0000,0.0000
2026-04-27T18:52:03.125,0.114,1,0.10,0.30,0.00,0.00,1,-0.0018,0.0653,0.1318,0.0000,0.0000,0.0000,-8.06,1.31,59.79,66.09,7,7,1.00000,1.00000,1.00000,1.00000,3,3,1,21.51817,0.00229,1.05900,0.0018,-0.0653,0.0182,0.0000,0.0000,0.0000,8.06,-8.19,-1.74,1,1,0.0000,0.0000,0.1500,0.00,0.8500,0.3500,0.9200,6.00,180.00,0.850000,0.050000,0.000000,1.100000,0.000000,0.000000,1.200000,0.000000,0.000000,1.350000,0.000000,0.000000,0.850000,0.020000,0.000000,0.008000,0.000000,0.000600,0.008000,0.000000,0.000600,0.006000,0.000000,0.000000,1,1,1,7,234,531280,531280,320836,210444,0,60.00,21547,3183,0,0,0,0,0,0.00,0.00,0,0,0.0000,0.0000,0.0000,0.0000,0.0000
2026-04-27T18:52:03.145,0.134,1,0.10,0.30,0.00,0.00,1,-0.0017,0.0653,0.1318,0.0000,0.0000,0.0000,-8.10,2.84,75.70,57.07,8,8,1.00000,1.00000,1.00000,1.00000,3,3,1,21.51304,0.00220,1.05839,0.0017,-0.0653,0.0182,0.0000,0.0000,0.0000,8.10,-8.02,-1.76,1,1,0.0000,0.0000,0.1500,0.00,0.8500,0.3500,0.9200,6.00,180.00,0.850000,0.050000,0.000000,1.100000,0.000000,0.000000,1.200000,0.000000,0.000000,1.350000,0.000000,0.000000,0.850000,0.020000,0.000000,0.008000,0.000000,0.000600,0.008000,0.000000,0.000600,0.006000,0.000000,0.000000,1,1,1,8,233,531280,531280,320836,210444,0,60.00,21547,3183,0,0,0,0,0,0.00,0.00,0,0,0.0000,0.0000,0.0000,0.0000,0.0000
2026-04-27T18:52:03.162,0.151,1,0.10,0.30,0.00,0.00,1,-0.0017,0.0654,0.1318,0.0000,0.0000,0.0000,-8.07,-1.41,51.15,56.89,9,9,1.00000,1.00000,1.00000,1.00000,3,3,1,21.53059,0.00229,1.06079,0.0017,-0.0654,0.0182,0.0000,0.0000,0.0000,8.07,-8.04,-1.85,1,1,0.0000,0.0000,0.1500,0.00,0.8500,0.3500,0.9200,6.00,180.00,0.850000,0.050000,0.000000,1.100000,0.000000,0.000000,1.200000,0.000000,0.000000,1.350000,0.000000,0.000000,0.850000,0.020000,0.000000,0.008000,0.000000,0.000600,0.008000,0.000000,0.000600,0.006000,0.000000,0.000000,1,1,1,9,234,531280,531280,320836,210444,0,60.00,21547,3183,0,0,0,0,0,0.00,0.00,0,0,0.0000,0.0000,0.0000,0.0000,0.0000
2026-04-27T18:52:03.178,0.166,1,0.10,0.30,0.00,0.00,1,-0.0017,0.0654,0.1318,0.0000,0.0000,0.0000,-8.08,0.60,56.02,60.48,10,10,1.00000,1.00000,1.00000,1.00000,3,3,1,21.50788,0.00245,1.05985,0.0017,-0.0654,0.0182,0.0000,0.0000,0.0000,8.08,-8.17,-1.80,1,1,0.0000,0.0000,0.1500,0.00,0.8500,0.3500,0.9200,6.00,180.00,0.850000,0.050000,0.000000,1.100000,0.000000,0.000000,1.200000,0.000000,0.000000,1.350000,0.000000,0.000000,0.850000,0.020000,0.000000,0.008000,0.000000,0.000600,0.008000,0.000000,0.000600,0.006000,0.000000,0.000000,1,1,1,10,233,531280,531280,320836,210444,0,60.00,21547,3183,0,0,0,0,0,0.00,0.00,0,0,0.0000,0.0000,0.0000,0.0000,0.0000
2026-04-27T18:52:03.193,0.182,1,0.10,0.30,0.00,0.00,1,-0.0019,0.0653,0.1319,0.0000,0.0000,0.0000,-8.09,0.63,62.46,62.31,11,11,1.00000,1.00000,1.00000,1.00000,3,3,1,21.51978,0.00235,1.05791,0.0019,-0.0653,0.0181,0.0000,0.0000,0.0000,8.09,-8.21,-1.72,1,1,0.0000,0.0000,0.1500,0.00,0.8500,0.3500,0.9200,6.00,180.00,0.850000,0.050000,0.000000,1.100000,0.000000,0.000000,1.200000,0.000000,0.000000,1.350000,0.000000,0.000000,0.850000,0.020000,0.000000,0.008000,0.000000,0.000600,0.008000,0.000000,0.000600,0.006000,0.000000,0.000000,1,1,1,11,234,531280,531280,320836,210444,0,60.00,21547,3183,0,0,0,0,0,0.00,0.00,0,0,0.0000,0.0000,0.0000,0.0000,0.0000
2026-04-27T18:52:03.213,0.202,1,0.10,0.30,0.00,0.00,1,-0.0018,0.0654,0.1318,0.0000,0.0000,0.0000,-8.06,-1.61,69.36,57.45,12,12,1.00000,1.00000,1.00000,1.00000,3,3,1,21.55656,0.00232,1.05924,0.0018,-0.0654,0.0182,0.0000,0.0000,0.0000,8.06,-8.09,-1.74,1,1,0.0000,0.0000,0.1500,0.00,0.8500,0.3500,0.9200,6.00,180.00,0.850000,0.050000,0.000000,1.100000,0.000000,0.000000,1.200000,0.000000,0.000000,1.350000,0.000000,0.000000,0.850000,0.020000,0.000000,0.008000,0.000000,0.000600,0.008000,0.000000,0.000600,0.006000,0.000000,0.000000,1,1,1,12,234,531280,531280,320836,210444,0,60.00,21547,3183,0,0,0,0,0,0.00,0.00,0,0,0.0000,0.0000,0.0000,0.0000,0.0000
2026-04-27T18:52:03.228,0.217,1,0.10,0.30,0.00,0.00,1,-0.0017,0.0654,0.1318,0.0000,0.0000,0.0000,-8.04,-1.25,50.74,63.81,13,13,1.00000,1.00000,1.00000,1.00000,3,3,1,21.55628,0.00237,1.05844,0.0017,-0.0654,0.0182,0.0000,0.0000,0.0000,8.04,-8.05,-1.75,1,1,0.0000,0.0000,0.1500,0.00,0.8500,0.3500,0.9200,6.00,180.00,0.850000,0.050000,0.000000,1.100000,0.000000,0.000000,1.200000,0.000000,0.000000,1.350000,0.000000,0.000000,0.850000,0.020000,0.000000,0.008000,0.000000,0.000600,0.008000,0.000000,0.000600,0.006000,0.000000,0.000000,1,1,1,13,234,531280,531280,320836,210444,0,60.00,21547,3183,0,0,0,0,0,0.00,0.00,0,0,0.0000,0.0000,0.0000,0.0000,0.0000
2026-04-27T18:52:03.247,0.235,1,0.10,0.30,0.00,0.00,1,-0.0018,0.0653,0.1318,0.0000,0.0000,0.0000,-8.06,1.17,62.56,53.41,14,14,1.00000,1.00000,1.00000,1.00000,3,3,1,21.54319,0.00227,1.05866,0.0018,-0.0653,0.0182,0.0000,0.0000,0.0000,8.06,-8.06,-1.76,1,1,0.0000,0.0000,0.1500,0.00,0.8500,0.3500,0.9200,6.00,180.00,0.850000,0.050000,0.000000,1.100000,0.000000,0.000000,1.200000,0.000000,0.000000,1.350000,0.000000,0.000000,0.850000,0.020000,0.000000,0.008000,0.000000,0.000600,0.008000,0.000000,0.000600,0.006000,0.000000,0.000000,1,1,1,14,234,531280,531280,320836,210444,0,60.00,21547,3183,0,0,0,0,0,0.00,0.00,0,0,0.0000,0.0000,0.0000,0.0000,0.0000
2026-04-27T18:52:03.260,0.249,1,0.10,0.30,0.00,0.00,1,-0.0017,0.0654,0.1317,0.0000,0.0000,0.0000,-8.10,2.77,53.87,70.71,15,15,1.00000,1.00000,1.00000,1.00000,3,3,1,21.52388,0.00227,1.05836,0.0017,-0.0654,0.0183,0.0000,0.0000,0.0000,8.10,-8.00,-1.71,1,1,0.0000,0.0000,0.1500,0.00,0.8500,0.3500,0.9200,6.00,180.00,0.850000,0.050000,0.000000,1.100000,0.000000,0.000000,1.200000,0.000000,0.000000,1.350000,0.000000,0.000000,0.850000,0.020000,0.000000,0.008000,0.000000,0.000600,0.008000,0.000000,0.000600,0.006000,0.000000,0.000000,1,1,1,15,230,531280,531280,320836,210444,0,60.00,21547,3183,0,0,0,0,0,0.00,0.00,0,0,0.0000,0.0000,0.0000,0.0000,0.0000
2026-04-27T18:52:03.278,0.267,1,0.10,0.30,0.00,0.00,1,-0.0018,0.0654,0.1319,0.0000,0.0000,0.0000,-8.04,-3.35,79.05,54.92,16,16,1.00000,1.00000,1.00000,1.00000,3,3,1,21.53854,0.00256,1.06025,0.0018,-0.0654,0.0181,0.0000,0.0000,0.0000,8.04,-8.19,-1.80,1,1,0.0000,0.0000,0.1500,0.00,0.8500,0.3500,0.9200,6.00,180.00,0.850000,0.050000,0.000000,1.100000,0.000000,0.000000,1.200000,0.000000,0.000000,1.350000,0.000000,0.000000,0.850000,0.020000,0.000000,0.008000,0.000000,0.000600,0.008000,0.000000,0.000600,0.006000,0.000000,0.000000,1,1,1,16,233,531280,531280,320836,210444,0,60.00,21547,3183,0,0,0,0,0,0.00,0.00,0,0,0.0000,0.0000,0.0000,0.0000,0.0000
2026-04-27T18:52:03.294,0.282,1,0.10,0.30,0.00,0.00,1,-0.0017,0.0654,0.1318,0.0000,0.0000,0.0000,-8.03,-0.66,51.91,64.94,17,17,1.00000,1.00000,1.00000,1.00000,3,3,1,21.52607,0.00226,1.05999,0.0017,-0.0654,0.0182,0.0000,0.0000,0.0000,8.03,-8.09,-1.83,1,1,0.0000,0.0000,0.1500,0.00,0.8500,0.3500,0.9200,6.00,180.00,0.850000,0.050000,0.000000,1.100000,0.000000,0.000000,1.200000,0.000000,0.000000,1.350000,0.000000,0.000000,0.850000,0.020000,0.000000,0.008000,0.000000,0.000600,0.008000,0.000000,0.000600,0.006000,0.000000,0.000000,1,1,1,17,234,531280,531280,320836,210444,0,60.00,21547,3183,0,0,0,0,0,0.00,0.00,0,0,0.0000,0.0000,0.0000,0.0000,0.0000
2026-04-27T18:52:03.309,0.298,1,0.19,0.30,0.95,0.00,1,-0.0016,0.0655,0.1316,0.0000,0.0000,0.0000,-8.01,-1.24,65.87,59.18,18,18,1.00000,1.00000,1.00000,1.00000,3,3,1,21.53638,0.00240,1.05876,0.0016,-0.0655,0.0184,0.0000,0.0000,0.0000,8.01,-8.11,-1.77,1,1,0.0000,0.0000,0.1500,0.00,0.8500,0.3500,0.9200,6.00,180.00,0.850000,0.050000,0.000000,1.100000,0.000000,0.000000,1.200000,0.000000,0.000000,1.350000,0.000000,0.000000,0.850000,0.020000,0.000000,0.008000,0.000000,0.000600,0.008000,0.000000,0.000600,0.006000,0.000000,0.000000,1,1,1,18,231,531280,531280,320836,210444,0,60.00,21547,3183,0,0,0,0,0,0.00,0.00,0,0,0.0000,0.0000,0.0000,0.0000,0.0000
2026-04-27T18:52:03.327,0.316,1,0.19,0.30,0.95,0.00,1,-0.0017,0.0655,0.1317,0.0000,0.0000,0.0000,-8.00,-0.59,70.93,61.48,19,19,1.00000,1.00000,1.00000,1.00000,3,3,1,21.58951,0.00243,1.05749,0.0017,-0.0655,0.0183,0.0000,0.0000,0.0000,8.00,-8.06,-1.79,1,1,0.0000,0.0000,0.1500,0.00,0.8500,0.3500,0.9200,6.00,180.00,0.850000,0.050000,0.000000,1.100000,0.000000,0.000000,1.200000,0.000000,0.000000,1.350000,0.000000,0.000000,0.850000,0.020000,0.000000,0.008000,0.000000,0.000600,0.008000,0.000000,0.000600,0.006000,0.000000,0.000000,1,1,1,19,231,531280,531280,320836,210444,0,60.00,21547,3183,0,0,0,0,0,0.00,0.00,0,0,0.0000,0.0000,0.0000,0.0000,0.0000
2026-04-27T18:52:03.343,0.332,1,0.19,0.30,0.95,0.00,1,-0.0017,0.0655,0.1316,0.0000,0.0000,0.0000,-7.97,-1.74,54.42,58.57,20,20,1.00000,1.00000,1.00000,1.00000,3,3,1,21.53759,0.00230,1.05959,0.0017,-0.0655,0.0184,0.0000,0.0000,0.0000,7.97,-8.05,-1.78,1,1,0.0000,0.0000,0.1500,0.00,0.8500,0.3500,0.9200,6.00,180.00,0.850000,0.050000,0.000000,1.100000,0.000000,0.000000,1.200000,0.000000,0.000000,1.350000,0.000000,0.000000,0.850000,0.020000,0.000000,0.008000,0.000000,0.000600,0.008000,0.000000,0.000600,0.006000,0.000000,0.000000,1,1,1,20,234,531280,531280,320836,210444,0,60.00,21547,3183,0,0,0,0,0,0.00,0.00,0,0,0.0000,0.0000,0.0000,0.0000,0.0000
2026-04-27T18:52:03.361,0.349,1,0.19,0.30,0.00,0.00,1,-0.0019,0.0654,0.1319,0.0000,0.0000,0.0000,-8.01,2.28,63.13,61.84,21,21,1.00000,1.00000,1.00000,1.00000,3,3,1,21.56100,0.00244,1.05938,0.0019,-0.0654,0.0181,0.0000,0.0000,0.0000,8.01,-8.20,-1.74,1,1,0.0000,0.0000,0.1500,0.00,0.8500,0.3500,0.9200,6.00,180.00,0.850000,0.050000,0.000000,1.100000,0.000000,0.000000,1.200000,0.000000,0.000000,1.350000,0.000000,0.000000,0.850000,0.020000,0.000000,0.008000,0.000000,0.000600,0.008000,0.000000,0.000600,0.006000,0.000000,0.000000,1,1,1,21,230,531280,531280,320836,210444,0,60.00,21547,3183,0,0,0,0,0,0.00,0.00,0,0,0.0000,0.0000,0.0000,0.0000,0.0000
2026-04-27T18:52:03.376,0.365,1,0.19,0.30,0.00,0.00,1,-0.0017,0.0654,0.1317,0.0000,0.0000,0.0000,-8.01,0.00,50.42,60.06,22,22,1.00000,1.00000,1.00000,1.00000,3,3,1,21.52517,0.00222,1.05891,0.0017,-0.0654,0.0183,0.0000,0.0000,0.0000,8.01,-8.06,-1.76,1,1,0.0000,0.0000,0.1500,0.00,0.8500,0.3500,0.9200,6.00,180.00,0.850000,0.050000,0.000000,1.100000,0.000000,0.000000,1.200000,0.000000,0.000000,1.350000,0.000000,0.000000,0.850000,0.020000,0.000000,0.008000,0.000000,0.000600,0.008000,0.000000,0.000600,0.006000,0.000000,0.000000,1,1,1,22,231,531280,531280,320836,210444,0,60.00,21547,3183,0,0,0,0,0,0.00,0.00,0,0,0.0000,0.0000,0.0000,0.0000,0.0000
2026-04-27T18:52:03.392,0.381,1,0.19,0.30,0.00,0.00,1,-0.0018,0.0653,0.1319,0.0000,0.0000,0.0000,-8.04,1.92,74.80,58.96,23,23,1.00000,1.00000,1.00000,1.00000,3,3,1,21.54083,0.00242,1.05900,0.0018,-0.0653,0.0181,0.0000,0.0000,0.0000,8.04,-8.15,-1.73,1,1,0.0000,0.0000,0.1500,0.00,0.8500,0.3500,0.9200,6.00,180.00,0.850000,0.050000,0.000000,1.100000,0.000000,0.000000,1.200000,0.000000,0.000000,1.350000,0.000000,0.000000,0.850000,0.020000,0.000000,0.008000,0.000000,0.000600,0.008000,0.000000,0.000600,0.006000,0.000000,0.000000,1,1,1,23,234,531280,531280,320836,210444,0,60.00,21547,3183,0,0,0,0,0,0.00,0.00,0,0,0.0000,0.0000,0.0000,0.0000,0.0000
2026-04-27T18:52:03.411,0.400,1,0.19,0.30,0.00,0.00,1,-0.0018,0.0654,0.1319,0.0000,0.0000,0.0000,-8.01,-1.65,63.98,57.34,24,24,1.00000,1.00000,1.00000,1.00000,3,3,1,21.54838,0.00244,1.05814,0.0018,-0.0654,0.0181,0.0000,0.0000,0.0000,8.01,-8.24,-1.70,1,1,0.0000,0.0000,0.1500,0.00,0.8500,0.3500,0.9200,6.00,180.00,0.850000,0.050000,0.000000,1.100000,0.000000,0.000000,1.200000,0.000000,0.000000,1.350000,0.000000,0.000000,0.850000,0.020000,0.000000,0.008000,0.000000,0.000600,0.008000,0.000000,0.000600,0.006000,0.000000,0.000000,1,1,1,24,230,531280,531280,320836,210444,0,60.00,21547,3183,0,0,0,0,0,0.00,0.00,0,0,0.0000,0.0000,0.0000,0.0000,0.0000
2026-04-27T18:52:03.426,0.415,1,0.19,0.30,0.00,0.00,1,-0.0018,0.0654,0.1319,0.0000,0.0000,0.0000,-8.00,-0.64,49.48,63.94,25,25,1.00000,1.00000,1.00000,1.00000,3,3,1,21.54620,0.00250,1.05886,0.0018,-0.0654,0.0181,0.0000,0.0000,0.0000,8.00,-8.26,-1.77,1,1,0.0000,0.0000,0.1500,0.00,0.8500,0.3500,0.9200,6.00,180.00,0.850000,0.050000,0.000000,1.100000,0.000000,0.000000,1.200000,0.000000,0.000000,1.350000,0.000000,0.000000,0.850000,0.020000,0.000000,0.008000,0.000000,0.000600,0.008000,0.000000,0.000600,0.006000,0.000000,0.000000,1,1,1,25,231,531280,531280,320836,210444,0,60.00,21547,3183,0,0,0,0,0,0.00,0.00,0,0,0.0000,0.0000,0.0000,0.0000,0.0000
2026-04-27T18:52:03.440,0.429,1,0.19,0.30,0.00,0.00,1,-0.0018,0.0654,0.1319,0.0000,0.0000,0.0000,-8.03,2.10,72.88,59.18,26,26,1.00000,1.00000,1.00000,1.00000,3,3,1,21.52851,0.00233,1.06001,0.0018,-0.0654,0.0181,0.0000,0.0000,0.0000,8.03,-8.21,-1.81,1,1,0.0000,0.0000,0.1500,0.00,0.8500,0.3500,0.9200,6.00,180.00,0.850000,0.050000,0.000000,1.100000,0.000000,0.000000,1.200000,0.000000,0.000000,1.350000,0.000000,0.000000,0.850000,0.020000,0.000000,0.008000,0.000000,0.000600,0.008000,0.000000,0.000600,0.006000,0.000000,0.000000,1,1,1,26,234,531280,531280,320836,210444,0,60.00,21547,3183,0,0,0,0,0,0.00,0.00,0,0,0.0000,0.0000,0.0000,0.0000,0.0000
2026-04-27T18:52:03.461,0.450,1,0.19,0.40,0.00,0.95,1,-0.0018,0.0654,0.1317,0.0000,0.0000,0.0000,-7.99,-1.91,70.00,58.80,27,27,1.00000,1.00000,1.00000,1.00000,3,3,1,21.54191,0.00241,1.05704,0.0018,-0.0654,0.0183,0.0000,0.0000,0.0000,7.99,-8.19,-1.74,1,1,0.0000,0.0000,0.1500,0.00,0.8500,0.3500,0.9200,6.00,180.00,0.850000,0.050000,0.000000,1.100000,0.000000,0.000000,1.200000,0.000000,0.000000,1.350000,0.000000,0.000000,0.850000,0.020000,0.000000,0.008000,0.000000,0.000600,0.008000,0.000000,0.000600,0.006000,0.000000,0.000000,1,1,1,27,234,531280,531280,320836,210444,0,60.00,21547,3183,0,0,0,0,0,0.00,0.00,0,0,0.0000,0.0000,0.0000,0.0000,0.0000
2026-04-27T18:52:03.478,0.467,1,0.19,0.40,0.00,0.95,1,-0.0018,0.0654,0.1320,0.0000,0.0000,0.0000,-8.02,1.86,47.84,60.68,28,28,1.00000,1.00000,1.00000,1.00000,3,3,1,21.51976,0.00252,1.06100,0.0018,-0.0654,0.0180,0.0000,0.0000,0.0000,8.02,-8.35,-1.85,1,1,0.0000,0.0000,0.1500,0.00,0.8500,0.3500,0.9200,6.00,180.00,0.850000,0.050000,0.000000,1.100000,0.000000,0.000000,1.200000,0.000000,0.000000,1.350000,0.000000,0.000000,0.850000,0.020000,0.000000,0.008000,0.000000,0.000600,0.008000,0.000000,0.000600,0.006000,0.000000,0.000000,1,1,1,28,234,531280,531280,320836,210444,0,60.00,21547,3183,0,0,0,0,0,0.00,0.00,0,0,0.0000,0.0000,0.0000,0.0000,0.0000
2026-04-27T18:52:03.495,0.484,1,0.19,0.40,0.00,0.95,1,-0.0018,0.0653,0.1318,0.0000,0.0000,0.0000,-8.04,1.12,54.26,58.79,29,29,1.00000,1.00000,1.00000,1.00000,3,3,1,21.55286,0.00232,1.05771,0.0018,-0.0653,0.0182,0.0000,0.0000,0.0000,8.04,-8.20,-1.83,1,1,0.0000,0.0000,0.1500,0.00,0.8500,0.3500,0.9200,6.00,180.00,0.850000,0.050000,0.000000,1.100000,0.000000,0.000000,1.200000,0.000000,0.000000,1.350000,0.000000,0.000000,0.850000,0.020000,0.000000,0.008000,0.000000,0.000600,0.008000,0.000000,0.000600,0.006000,0.000000,0.000000,1,1,1,29,233,531280,531280,320836,210444,0,60.00,21547,3183,0,0,0,0,0,0.00,0.00,0,0,0.0000,0.0000,0.0000,0.0000,0.0000
2026-04-27T18:52:03.513,0.501,1,0.19,0.40,0.00,0.95,1,-0.0018,0.0654,0.1318,0.0000,0.0000,0.0000,-8.01,-1.80,56.55,57.81,30,30,1.00000,1.00000,1.00000,1.00000,3,3,1,21.55295,0.00243,1.05826,0.0018,-0.0654,0.0182,0.0000,0.0000,0.0000,8.01,-8.27,-1.79,1,1,0.0000,0.0000,0.1500,0.00,0.8500,0.3500,0.9200,6.00,180.00,0.850000,0.050000,0.000000,1.100000,0.000000,0.000000,1.200000,0.000000,0.000000,1.350000,0.000000,0.000000,0.850000,0.020000,0.000000,0.008000,0.000000,0.000600,0.008000,0.000000,0.000600,0.006000,0.000000,0.000000,1,1,1,30,231,531280,531280,320836,210444,0,60.00,21547,3183,0,0,0,0,0,0.00,0.00,0,0,0.0000,0.0000,0.0000,0.0000,0.0000
2026-04-27T18:52:03.531,0.520,1,0.19,0.40,0.00,0.95,1,-0.0017,0.0654,0.1316,0.0000,0.0000,0.0000,-7.99,-1.09,60.13,60.08,31,31,1.00000,1.00000,1.00000,1.00000,3,3,1,21.54879,0.00232,1.05845,0.0017,-0.0654,0.0184,0.0000,0.0000,0.0000,7.99,-8.03,-1.72,1,1,0.0000,0.0000,0.1500,0.00,0.8500,0.3500,0.9200,6.00,180.00,0.850000,0.050000,0.000000,1.100000,0.000000,0.000000,1.200000,0.000000,0.000000,1.350000,0.000000,0.000000,0.850000,0.020000,0.000000,0.008000,0.000000,0.000600,0.008000,0.000000,0.000600,0.006000,0.000000,0.000000,1,1,1,31,234,531280,531280,320836,210444,0,60.00,21547,3183,0,0,0,0,0,0.00,0.00,0,0,0.0000,0.0000,0.0000,0.0000,0.0000
2026-04-27T18:52:03.541,0.530,1,0.19,0.40,0.00,0.95,1,-0.0018,0.0654,0.1316,0.0000,0.0000,0.0000,-7.99,0.00,54.71,57.28,32,32,1.00000,1.00000,1.00000,1.00000,3,3,1,21.51726,0.00235,1.05728,0.0018,-0.0654,0.0184,0.0000,0.0000,0.0000,7.99,-8.14,-1.70,1,1,0.0000,0.0000,0.1500,0.00,0.8500,0.3500,0.9200,6.00,180.00,0.850000,0.050000,0.000000,1.100000,0.000000,0.000000,1.200000,0.000000,0.000000,1.350000,0.000000,0.000000,0.850000,0.020000,0.000000,0.008000,0.000000,0.000600,0.008000,0.000000,0.000600,0.006000,0.000000,0.000000,1,1,1,32,233,531280,531280,320836,210444,0,60.00,21547,3183,30,0,0,0,21643,499.00,499.00,16,2171,0.0000,0.5000,0.5000,0.0000,0.5000
2026-04-27T18:52:03.562,0.551,1,0.19,0.40,0.00,0.95,1,-0.0018,0.0654,0.1318,0.0000,0.0000,0.0000,-8.02,1.53,106.88,64.07,33,33,1.00000,1.00000,1.00000,1.00000,3,3,1,21.52254,0.00242,1.05890,0.0018,-0.0654,0.0182,0.0000,0.0000,0.0000,8.02,-8.19,-1.77,1,1,0.0000,0.0000,0.1500,0.00,0.8500,0.3500,0.9200,6.00,180.00,0.850000,0.050000,0.000000,1.100000,0.000000,0.000000,1.200000,0.000000,0.000000,1.350000,0.000000,0.000000,0.850000,0.020000,0.000000,0.008000,0.000000,0.000600,0.008000,0.000000,0.000600,0.006000,0.000000,0.000000,1,1,1,33,234,531280,531280,320836,210444,0,60.00,21547,3183,30,0,0,0,21643,499.00,499.00,16,2171,0.0000,0.5000,0.5000,0.0000,0.5000
2026-04-27T18:52:03.578,0.567,1,0.19,0.40,0.00,0.00,1,-0.0018,0.0654,0.1318,0.0000,0.0000,0.0000,-8.01,-0.63,46.23,61.93,34,34,1.00000,1.00000,1.00000,1.00000,3,3,1,21.51816,0.00239,1.05836,0.0018,-0.0654,0.0182,0.0000,0.0000,0.0000,8.01,-8.26,-1.77,1,1,0.0000,0.0000,0.1500,0.00,0.8500,0.3500,0.9200,6.00,180.00,0.850000,0.050000,0.000000,1.100000,0.000000,0.000000,1.200000,0.000000,0.000000,1.350000,0.000000,0.000000,0.850000,0.020000,0.000000,0.008000,0.000000,0.000600,0.008000,0.000000,0.000600,0.006000,0.000000,0.000000,1,1,1,34,231,531280,531280,320836,210444,0,60.00,21547,3183,30,0,0,0,21643,499.00,499.00,16,2171,0.0000,0.5000,0.5000,0.0000,0.5000
2026-04-27T18:52:03.592,0.580,1,0.19,0.40,0.00,0.00,1,-0.0019,0.0652,0.1319,0.0000,0.0000,0.0000,-8.07,4.06,63.15,60.11,35,35,1.00000,1.00000,1.00000,1.00000,3,3,1,21.50091,0.00235,1.05810,0.0019,-0.0652,0.0181,0.0000,0.0000,0.0000,8.07,-8.30,-1.65,1,1,0.0000,0.0000,0.1500,0.00,0.8500,0.3500,0.9200,6.00,180.00,0.850000,0.050000,0.000000,1.100000,0.000000,0.000000,1.200000,0.000000,0.000000,1.350000,0.000000,0.000000,0.850000,0.020000,0.000000,0.008000,0.000000,0.000600,0.008000,0.000000,0.000600,0.006000,0.000000,0.000000,1,1,1,35,233,531280,531280,320836,210444,0,60.00,21547,3183,30,0,0,0,21643,499.00,499.00,16,2171,0.0000,0.5000,0.5000,0.0000,0.5000
2026-04-27T18:52:03.612,0.601,1,0.19,0.40,0.00,0.00,1,-0.0017,0.0654,0.1318,0.0000,0.0000,0.0000,-7.99,-3.90,78.34,60.82,36,36,1.00000,1.00000,1.00000,1.00000,3,3,1,21.52378,0.00233,1.06064,0.0017,-0.0654,0.0182,0.0000,0.0000,0.0000,7.99,-8.12,-1.71,1,1,0.0000,0.0000,0.1500,0.00,0.8500,0.3500,0.9200,6.00,180.00,0.850000,0.050000,0.000000,1.100000,0.000000,0.000000,1.200000,0.000000,0.000000,1.350000,0.000000,0.000000,0.850000,0.020000,0.000000,0.008000,0.000000,0.000600,0.008000,0.000000,0.000600,0.006000,0.000000,0.000000,1,1,1,36,234,531280,531280,320836,210444,0,60.00,21547,3183,30,0,0,0,21643,499.00,499.00,16,2171,0.0000,0.5000,0.5000,0.0000,0.5000
2026-04-27T18:52:03.628,0.616,1,0.19,0.40,0.00,0.00,1,-0.0017,0.0654,0.1318,0.0000,0.0000,0.0000,-8.03,2.75,44.42,59.37,37,37,1.00000,1.00000,1.00000,1.00000,3,3,1,21.53784,0.00233,1.05973,0.0017,-0.0654,0.0182,0.0000,0.0000,0.0000,8.03,-8.13,-1.80,1,1,0.0000,0.0000,0.1500,0.00,0.8500,0.3500,0.9200,6.00,180.00,0.850000,0.050000,0.000000,1.100000,0.000000,0.000000,1.200000,0.000000,0.000000,1.350000,0.000000,0.000000,0.850000,0.020000,0.000000,0.008000,0.000000,0.000600,0.008000,0.000000,0.000600,0.006000,0.000000,0.000000,1,1,1,37,233,531280,531280,320836,210444,0,60.00,21547,3183,30,0,0,0,21643,499.00,499.00,16,2171,0.0000,0.5000,0.5000,0.0000,0.5000
2026-04-27T18:52:03.647,0.636,1,0.19,0.40,0.00,0.00,1,-0.0018,0.0653,0.1317,0.0000,0.0000,0.0000,-8.08,2.57,66.81,62.60,38,38,1.00000,1.00000,1.00000,1.00000,3,3,1,21.56567,0.00242,1.05603,0.0018,-0.0653,0.0183,0.0000,0.0000,0.0000,8.08,-8.11,-1.67,1,1,0.0000,0.0000,0.1500,0.00,0.8500,0.3500,0.9200,6.00,180.00,0.850000,0.050000,0.000000,1.100000,0.000000,0.000000,1.200000,0.000000,0.000000,1.350000,0.000000,0.000000,0.850000,0.020000,0.000000,0.008000,0.000000,0.000600,0.008000,0.000000,0.000600,0.006000,0.000000,0.000000,1,1,1,38,234,531280,531280,320836,210444,0,60.00,21547,3183,30,0,0,0,21643,499.00,499.00,16,2171,0.0000,0.5000,0.5000,0.0000,0.5000
2026-04-27T18:52:03.661,0.650,1,0.19,0.40,0.00,0.00,1,-0.0018,0.0654,0.1318,0.0000,0.0000,0.0000,-8.02,-4.28,52.14,58.91,39,39,1.00000,1.00000,1.00000,1.00000,3,3,1,21.54637,0.00250,1.05912,0.0018,-0.0654,0.0182,0.0000,0.0000,0.0000,8.02,-8.28,-1.75,1,1,0.0000,0.0000,0.1500,0.00,0.8500,0.3500,0.9200,6.00,180.00,0.850000,0.050000,0.000000,1.100000,0.000000,0.000000,1.200000,0.000000,0.000000,1.350000,0.000000,0.000000,0.850000,0.020000,0.000000,0.008000,0.000000,0.000600,0.008000,0.000000,0.000600,0.006000,0.000000,0.000000,1,1,1,39,234,531280,531280,320836,210444,0,60.00,21547,3183,30,0,0,0,21643,499.00,499.00,16,2171,0.0000,0.5000,0.5000,0.0000,0.5000
2026-04-27T18:52:03.677,0.666,1,0.19,0.40,0.00,0.00,1,-0.0017,0.0655,0.1318,0.0000,0.0000,0.0000,-8.00,-1.19,71.57,58.01,40,40,1.00000,1.00000,1.00000,1.00000,3,3,1,21.54700,0.00230,1.06000,0.0017,-0.0655,0.0182,0.0000,0.0000,0.0000,8.00,-8.09,-1.80,1,1,0.0000,0.0000,0.1500,0.00,0.8500,0.3500,0.9200,6.00,180.00,0.850000,0.050000,0.000000,1.100000,0.000000,0.000000,1.200000,0.000000,0.000000,1.350000,0.000000,0.000000,0.850000,0.020000,0.000000,0.008000,0.000000,0.000600,0.008000,0.000000,0.000600,0.006000,0.000000,0.000000,1,1,1,40,230,531280,531280,320836,210444,0,60.00,21547,3183,30,0,0,0,21643,499.00,499.00,16,2171,0.0000,0.5000,0.5000,0.0000,0.5000
2026-04-27T18:52:03.693,0.681,1,0.19,0.40,0.00,0.00,1,-0.0017,0.0654,0.1318,0.0000,0.0000,0.0000,-8.03,1.91,67.84,61.50,41,41,1.00000,1.00000,1.00000,1.00000,3,3,1,21.53162,0.00231,1.05868,0.0017,-0.0654,0.0182,0.0000,0.0000,0.0000,8.03,-8.09,-1.79,1,1,0.0000,0.0000,0.1500,0.00,0.8500,0.3500,0.9200,6.00,180.00,0.850000,0.050000,0.000000,1.100000,0.000000,0.000000,1.200000,0.000000,0.000000,1.350000,0.000000,0.000000,0.850000,0.020000,0.000000,0.008000,0.000000,0.000600,0.008000,0.000000,0.000600,0.006000,0.000000,0.000000,1,1,1,41,234,531280,531280,320836,210444,0,60.00,21547,3183,30,0,0,0,21643,499.00,499.00,16,2171,0.0000,0.5000,0.5000,0.0000,0.5000
2026-04-27T18:52:03.712,0.701,1,0.19,0.40,0.00,0.00,1,-0.0017,0.0654,0.1317,0.0000,0.0000,0.0000,-8.03,0.00,58.54,60.52,42,42,1.00000,1.00000,1.00000,1.00000,3,3,1,21.54162,0.00228,1.05897,0.0017,-0.0654,0.0183,0.0000,0.0000,0.0000,8.03,-8.04,-1.82,1,1,0.0000,0.0000,0.1500,0.00,0.8500,0.3500,0.9200,6.00,180.00,0.850000,0.050000,0.000000,1.100000,0.000000,0.000000,1.200000,0.000000,0.000000,1.350000,0.000000,0.000000,0.850000,0.020000,0.000000,0.008000,0.000000,0.000600,0.008000,0.000000,0.000600,0.006000,0.000000,0.000000,1,1,1,42,234,531280,531280,320836,210444,0,60.00,21547,3183,30,0,0,0,21643,499.00,499.00,16,2171,0.0000,0.5000,0.5000,0.0000,0.5000
2026-04-27T18:52:03.726,0.714,1,0.19,0.40,0.00,0.00,1,-0.0017,0.0654,0.1319,0.0000,0.0000,0.0000,-8.05,1.34,53.40,60.01,43,43,1.00000,1.00000,1.00000,1.00000,3,3,1,21.52851,0.00233,1.06001,0.0017,-0.0654,0.0181,0.0000,0.0000,0.0000,8.05,-8.10,-1.84,1,1,0.0000,0.0000,0.1500,0.00,0.8500,0.3500,0.9200,6.00,180.00,0.850000,0.050000,0.000000,1.100000,0.000000,0.000000,1.200000,0.000000,0.000000,1.350000,0.000000,0.000000,0.850000,0.020000,0.000000,0.008000,0.000000,0.000600,0.008000,0.000000,0.000600,0.006000,0.000000,0.000000,1,1,1,43,233,531280,531280,320836,210444,0,60.00,21547,3183,30,0,0,0,21643,499.00,499.00,16,2171,0.0000,0.5000,0.5000,0.0000,0.5000
2026-04-27T18:52:03.744,0.733,1,0.19,0.40,0.00,0.00,1,-0.0018,0.0654,0.1319,0.0000,0.0000,0.0000,-8.03,-1.10,77.46,59.89,44,44,1.00000,1.00000,1.00000,1.00000,3,3,1,21.55487,0.00234,1.05959,0.0018,-0.0654,0.0181,0.0000,0.0000,0.0000,8.03,-8.09,-1.78,1,1,0.0000,0.0000,0.1500,0.00,0.8500,0.3500,0.9200,6.00,180.00,0.850000,0.050000,0.000000,1.100000,0.000000,0.000000,1.200000,0.000000,0.000000,1.350000,0.000000,0.000000,0.850000,0.020000,0.000000,0.008000,0.000000,0.000600,0.008000,0.000000,0.000600,0.006000,0.000000,0.000000,1,1,1,44,234,531280,531280,320836,210444,0,60.00,21547,3183,30,0,0,0,21643,499.00,499.00,16,2171,0.0000,0.5000,0.5000,0.0000,0.5000
2026-04-27T18:52:03.761,0.750,1,0.19,0.40,0.00,0.00,1,-0.0017,0.0653,0.1317,0.0000,0.0000,0.0000,-8.00,-1.75,50.85,60.39,45,45,1.00000,1.00000,1.00000,1.00000,3,3,1,21.53639,0.00234,1.05747,0.0017,-0.0653,0.0183,0.0000,0.0000,0.0000,8.00,-7.96,-1.68,1,1,0.0000,0.0000,0.1500,0.00,0.8500,0.3500,0.9200,6.00,180.00,0.850000,0.050000,0.000000,1.100000,0.000000,0.000000,1.200000,0.000000,0.000000,1.350000,0.000000,0.000000,0.850000,0.020000,0.000000,0.008000,0.000000,0.000600,0.008000,0.000000,0.000600,0.006000,0.000000,0.000000,1,1,1,45,231,531280,531280,320836,210444,0,60.00,21547,3183,30,0,0,0,21643,499.00,499.00,16,2171,0.0000,0.5000,0.5000,0.0000,0.5000
2026-04-27T18:52:03.777,0.766,1,0.19,0.40,0.00,0.00,1,-0.0017,0.0654,0.1317,0.0000,0.0000,0.0000,-7.99,-0.61,50.07,58.36,46,46,1.00000,1.00000,1.00000,1.00000,3,3,1,21.58951,0.00243,1.05749,0.0017,-0.0654,0.0183,0.0000,0.0000,0.0000,7.99,-7.99,-1.74,1,1,0.0000,0.0000,0.1500,0.00,0.8500,0.3500,0.9200,6.00,180.00,0.850000,0.050000,0.000000,1.100000,0.000000,0.000000,1.200000,0.000000,0.000000,1.350000,0.000000,0.000000,0.850000,0.020000,0.000000,0.008000,0.000000,0.000600,0.008000,0.000000,0.000600,0.006000,0.000000,0.000000,1,1,1,46,234,531280,531280,320836,210444,0,60.00,21547,3183,30,0,0,0,21643,499.00,499.00,16,2171,0.0000,0.5000,0.5000,0.0000,0.5000
2026-04-27T18:52:03.796,0.785,1,0.19,0.40,0.00,0.00,1,-0.0019,0.0653,0.1317,0.0000,0.0000,0.0000,-7.99,0.00,74.96,59.57,47,47,1.00000,1.00000,1.00000,1.00000,3,3,1,21.53675,0.00249,1.05593,0.0019,-0.0653,0.0183,0.0000,0.0000,0.0000,7.99,-8.22,-1.63,1,1,0.0000,0.0000,0.1500,0.00,0.8500,0.3500,0.9200,6.00,180.00,0.850000,0.050000,0.000000,1.100000,0.000000,0.000000,1.200000,0.000000,0.000000,1.350000,0.000000,0.000000,0.850000,0.020000,0.000000,0.008000,0.000000,0.000600,0.008000,0.000000,0.000600,0.006000,0.000000,0.000000,1,1,1,47,234,531280,531280,320836,210444,0,60.00,21547,3183,30,0,0,0,21643,499.00,499.00,16,2171,0.0000,0.5000,0.5000,0.0000,0.5000
2026-04-27T18:52:03.809,0.797,1,0.19,0.40,0.00,0.00,1,-0.0018,0.0654,0.1318,0.0000,0.0000,0.0000,-7.98,-0.72,54.95,61.72,48,48,1.00000,1.00000,1.00000,1.00000,3,3,1,21.57369,0.00240,1.05843,0.0018,-0.0654,0.0182,0.0000,0.0000,0.0000,7.98,-8.12,-1.71,1,1,0.0000,0.0000,0.1500,0.00,0.8500,0.3500,0.9200,6.00,180.00,0.850000,0.050000,0.000000,1.100000,0.000000,0.000000,1.200000,0.000000,0.000000,1.350000,0.000000,0.000000,0.850000,0.020000,0.000000,0.008000,0.000000,0.000600,0.008000,0.000000,0.000600,0.006000,0.000000,0.000000,1,1,1,48,234,531280,531280,320836,210444,0,60.00,21547,3183,30,0,0,0,21643,499.00,499.00,16,2171,0.0000,0.5000,0.5000,0.0000,0.5000
2026-04-27T18:52:03.828,0.816,1,0.19,0.40,0.00,0.00,1,-0.0018,0.0655,0.1319,0.0000,0.0000,0.0000,-7.98,0.00,84.64,59.67,49,49,1.00000,1.00000,1.00000,1.00000,3,3,1,21.53858,0.00248,1.05940,0.0018,-0.0655,0.0181,0.0000,0.0000,0.0000,7.98,-8.20,-1.77,1,1,0.0000,0.0000,0.1500,0.00,0.8500,0.3500,0.9200,6.00,180.00,0.850000,0.050000,0.000000,1.100000,0.000000,0.000000,1.200000,0.000000,0.000000,1.350000,0.000000,0.000000,0.850000,0.020000,0.000000,0.008000,0.000000,0.000600,0.008000,0.000000,0.000600,0.006000,0.000000,0.000000,1,1,1,49,233,531280,531280,320836,210444,0,60.00,21547,3183,30,0,0,0,21643,499.00,499.00,16,2171,0.0000,0.5000,0.5000,0.0000,0.5000
2026-04-27T18:52:03.848,0.836,1,0.19,0.40,0.00,0.00,1,-0.0018,0.0654,0.1320,0.0000,0.0000,0.0000,-8.00,1.00,48.80,60.68,50,50,1.00000,1.00000,1.00000,1.00000,3,3,1,21.51213,0.00250,1.06154,0.0018,-0.0654,0.0180,0.0000,0.0000,0.0000,8.00,-8.36,-1.87,1,1,0.0000,0.0000,0.1500,0.00,0.8500,0.3500,0.9200,6.00,180.00,0.850000,0.050000,0.000000,1.100000,0.000000,0.000000,1.200000,0.000000,0.000000,1.350000,0.000000,0.000000,0.850000,0.020000,0.000000,0.008000,0.000000,0.000600,0.008000,0.000000,0.000600,0.006000,0.000000,0.000000,1,1,1,50,231,531280,531280,320836,210444,0,60.00,21547,3183,30,0,0,0,21643,499.00,499.00,16,2171,0.0000,0.5000,0.5000,0.0000,0.5000
2026-04-27T18:52:03.864,0.853,1,0.19,0.40,0.00,0.00,1,-0.0018,0.0653,0.1319,0.0000,0.0000,0.0000,-8.02,1.13,50.52,60.75,51,51,1.00000,1.00000,1.00000,1.00000,3,3,1,21.51736,0.00235,1.05966,0.0018,-0.0653,0.0181,0.0000,0.0000,0.0000,8.02,-8.22,-1.82,1,1,0.0000,0.0000,0.1500,0.00,0.8500,0.3500,0.9200,6.00,180.00,0.850000,0.050000,0.000000,1.100000,0.000000,0.000000,1.200000,0.000000,0.000000,1.350000,0.000000,0.000000,0.850000,0.020000,0.000000,0.008000,0.000000,0.000600,0.008000,0.000000,0.000600,0.006000,0.000000,0.000000,1,1,1,51,234,531280,531280,320836,210444,0,60.00,21547,3183,30,0,0,0,21643,499.00,499.00,16,2171,0.0000,0.5000,0.5000,0.0000,0.5000
2026-04-27T18:52:03.877,0.866,1,0.30,0.40,1.02,0.00,1,-0.0017,0.0653,0.1319,0.0000,0.0000,0.0000,-8.03,0.83,65.61,57.90,52,52,1.00000,1.00000,1.00000,1.00000,3,3,1,21.50772,0.00236,1.06102,0.0017,-0.0653,0.0181,0.0000,0.0000,0.0000,8.03,-8.18,-1.82,1,1,0.0000,0.0000,0.1500,0.00,0.8500,0.3500,0.9200,6.00,180.00,0.850000,0.050000,0.000000,1.100000,0.000000,0.000000,1.200000,0.000000,0.000000,1.350000,0.000000,0.000000,0.850000,0.020000,0.000000,0.008000,0.000000,0.000600,0.008000,0.000000,0.000600,0.006000,0.000000,0.000000,1,1,1,52,234,531280,531280,320836,210444,0,60.00,21547,3183,30,0,0,0,21643,499.00,499.00,16,2171,0.0000,0.5000,0.5000,0.0000,0.5000
2026-04-27T18:52:03.895,0.884,1,0.30,0.40,1.02,0.00,1,-0.0017,0.0654,0.1318,0.0000,0.0000,0.0000,-8.04,0.53,65.57,61.06,53,53,1.00000,1.00000,1.00000,1.00000,3,3,1,21.52769,0.00229,1.05893,0.0017,-0.0654,0.0182,0.0000,0.0000,0.0000,8.04,-8.13,-1.79,1,1,0.0000,0.0000,0.1500,0.00,0.8500,0.3500,0.9200,6.00,180.00,0.850000,0.050000,0.000000,1.100000,0.000000,0.000000,1.200000,0.000000,0.000000,1.350000,0.000000,0.000000,0.850000,0.020000,0.000000,0.008000,0.000000,0.000600,0.008000,0.000000,0.000600,0.006000,0.000000,0.000000,1,1,1,53,234,531280,531280,320836,210444,0,60.00,21547,3183,30,0,0,0,21643,499.00,499.00,16,2171,0.0000,0.5000,0.5000,0.0000,0.5000
2026-04-27T18:52:03.911,0.900,1,0.30,0.40,1.02,0.00,1,-0.0017,0.0655,0.1317,0.0000,0.0000,0.0000,-8.00,-2.72,64.07,60.01,54,54,1.00000,1.00000,1.00000,1.00000,3,3,1,21.50946,0.00231,1.06041,0.0017,-0.0655,0.0183,0.0000,0.0000,0.0000,8.00,-8.15,-1.85,1,1,0.0000,0.0000,0.1500,0.00,0.8500,0.3500,0.9200,6.00,180.00,0.850000,0.050000,0.000000,1.100000,0.000000,0.000000,1.200000,0.000000,0.000000,1.350000,0.000000,0.000000,0.850000,0.020000,0.000000,0.008000,0.000000,0.000600,0.008000,0.000000,0.000600,0.006000,0.000000,0.000000,1,1,1,54,231,531280,531280,320836,210444,0,60.00,21547,3183,30,0,0,0,21643,499.00,499.00,16,2171,0.0000,0.5000,0.5000,0.0000,0.5000
2026-04-27T18:52:03.928,0.917,1,0.30,0.40,1.02,0.00,1,-0.0018,0.0655,0.1317,0.0000,0.0000,0.0000,-7.97,-1.67,55.96,62.61,55,55,1.00000,1.00000,1.00000,1.00000,3,3,1,21.54185,0.00247,1.05832,0.0018,-0.0655,0.0183,0.0000,0.0000,0.0000,7.97,-8.26,-1.80,1,1,0.0000,0.0000,0.1500,0.00,0.8500,0.3500,0.9200,6.00,180.00,0.850000,0.050000,0.000000,1.100000,0.000000,0.000000,1.200000,0.000000,0.000000,1.350000,0.000000,0.000000,0.850000,0.020000,0.000000,0.008000,0.000000,0.000600,0.008000,0.000000,0.000600,0.006000,0.000000,0.000000,1,1,1,55,233,531280,531280,320836,210444,0,60.00,21547,3183,30,0,0,0,21643,499.00,499.00,16,2171,0.0000,0.5000,0.5000,0.0000,0.5000
2026-04-27T18:52:03.945,0.934,1,0.30,0.40,1.02,0.00,1,-0.0017,0.0653,0.1318,0.0000,0.0000,0.0000,-8.06,5.57,67.42,54.28,56,56,1.00000,1.00000,1.00000,1.00000,3,3,1,21.51304,0.00220,1.05839,0.0017,-0.0653,0.0182,0.0000,0.0000,0.0000,8.06,-8.05,-1.79,1,1,0.0000,0.0000,0.1500,0.00,0.8500,0.3500,0.9200,6.00,180.00,0.850000,0.050000,0.000000,1.100000,0.000000,0.000000,1.200000,0.000000,0.000000,1.350000,0.000000,0.000000,0.850000,0.020000,0.000000,0.008000,0.000000,0.000600,0.008000,0.000000,0.000600,0.006000,0.000000,0.000000,1,1,1,56,234,531400,531400,320956,210444,0,59.00,21667,3097,30,0,0,0,21643,499.00,499.00,16,2171,0.0000,0.5000,0.5000,0.0000,0.5000
2026-04-27T18:52:03.960,0.949,1,0.30,0.40,1.02,0.00,1,-0.0017,0.0652,0.1318,0.0000,0.0000,0.0000,-8.03,-1.89,54.96,62.57,57,57,1.00000,1.00000,1.00000,1.00000,3,3,1,21.51285,0.00240,1.06003,0.0017,-0.0652,0.0182,0.0000,0.0000,0.0000,8.03,-8.03,-1.78,1,1,0.0000,0.0000,0.1500,0.00,0.8500,0.3500,0.9200,6.00,180.00,0.850000,0.050000,0.000000,1.100000,0.000000,0.000000,1.200000,0.000000,0.000000,1.350000,0.000000,0.000000,0.850000,0.020000,0.000000,0.008000,0.000000,0.000600,0.008000,0.000000,0.000600,0.006000,0.000000,0.000000,1,1,1,57,234,531400,531400,320956,210444,0,59.00,21667,3097,30,0,0,0,21643,499.00,499.00,16,2171,0.0000,0.5000,0.5000,0.0000,0.5000
2026-04-27T18:52:03.978,0.967,1,0.30,0.40,0.00,0.00,1,-0.0017,0.0653,0.1318,0.0000,0.0000,0.0000,-8.04,0.58,57.06,60.12,58,58,1.00000,1.00000,1.00000,1.00000,3,3,1,21.52399,0.00230,1.05922,0.0017,-0.0653,0.0182,0.0000,0.0000,0.0000,8.04,-8.06,-1.78,1,1,0.0000,0.0000,0.1500,0.00,0.8500,0.3500,0.9200,6.00,180.00,0.850000,0.050000,0.000000,1.100000,0.000000,0.000000,1.200000,0.000000,0.000000,1.350000,0.000000,0.000000,0.850000,0.020000,0.000000,0.008000,0.000000,0.000600,0.008000,0.000000,0.000600,0.006000,0.000000,0.000000,1,1,1,58,234,531400,531400,320956,210444,0,59.00,21667,3097,30,0,0,0,21643,499.00,499.00,16,2171,0.0000,0.5000,0.5000,0.0000,0.5000
2026-04-27T18:52:04.000,0.989,1,0.30,0.40,0.00,0.00,1,-0.0016,0.0654,0.1317,0.0000,0.0000,0.0000,-8.06,0.92,63.02,55.67,59,59,1.00000,1.00000,1.00000,1.00000,3,3,1,21.55947,0.00240,1.05788,0.0016,-0.0654,0.0183,0.0000,0.0000,0.0000,8.06,-7.94,-1.73,1,1,0.0000,0.0000,0.1500,0.00,0.8500,0.3500,0.9200,6.00,180.00,0.850000,0.050000,0.000000,1.100000,0.000000,0.000000,1.200000,0.000000,0.000000,1.350000,0.000000,0.000000,0.850000,0.020000,0.000000,0.008000,0.000000,0.000600,0.008000,0.000000,0.000600,0.006000,0.000000,0.000000,1,1,1,59,234,531400,531400,320956,210444,0,59.00,21667,3097,30,0,0,0,21643,499.00,499.00,16,2171,0.0000,0.5000,0.5000,0.0000,0.5000
2026-04-27T18:52:04.011,0.999,1,0.30,0.40,0.00,0.00,1,-0.0017,0.0654,0.1318,0.0000,0.0000,0.0000,-8.03,-2.53,46.57,61.35,60,60,1.00000,1.00000,1.00000,1.00000,3,3,1,21.57451,0.00244,1.05952,0.0017,-0.0654,0.0182,0.0000,0.0000,0.0000,8.03,-8.02,-1.80,1,1,0.0000,0.0000,0.1500,0.00,0.8500,0.3500,0.9200,6.00,180.00,0.850000,0.050000,0.000000,1.100000,0.000000,0.000000,1.200000,0.000000,0.000000,1.350000,0.000000,0.000000,0.850000,0.020000,0.000000,0.008000,0.000000,0.000600,0.008000,0.000000,0.000600,0.006000,0.000000,0.000000,1,1,1,60,233,531400,531400,320956,210444,0,59.00,21667,3097,30,0,0,0,21643,499.00,499.00,16,2171,0.0000,0.5000,0.5000,0.0000,0.5000
2026-04-27T18:52:04.030,1.019,1,0.30,0.40,0.00,0.00,1,-0.0017,0.0654,0.1318,0.0000,0.0000,0.0000,-8.07,2.16,101.15,63.42,61,61,1.00000,1.00000,1.00000,1.00000,3,3,1,21.52988,0.00233,1.05826,0.0017,-0.0654,0.0182,0.0000,0.0000,0.0000,8.07,-8.00,-1.68,1,1,0.0000,0.0000,0.1500,0.00,0.8500,0.3500,0.9200,6.00,180.00,0.850000,0.050000,0.000000,1.100000,0.000000,0.000000,1.200000,0.000000,0.000000,1.350000,0.000000,0.000000,0.850000,0.020000,0.000000,0.008000,0.000000,0.000600,0.008000,0.000000,0.000600,0.006000,0.000000,0.000000,1,1,1,61,231,531400,531400,320956,210444,0,59.00,21667,3097,30,0,0,0,21643,499.00,499.00,16,2171,0.0000,0.5000,0.5000,0.0000,0.5000
2026-04-27T18:52:04.045,1.033,1,0.30,0.40,0.00,0.00,1,-0.0017,0.0654,0.1319,0.0000,0.0000,0.0000,-8.04,-1.94,48.63,60.66,62,62,1.00000,1.00000,1.00000,1.00000,3,3,1,21.50021,0.00245,1.06100,0.0017,-0.0654,0.0181,0.0000,0.0000,0.0000,8.04,-8.14,-1.78,1,1,0.0000,0.0000,0.1500,0.00,0.8500,0.3500,0.9200,6.00,180.00,0.850000,0.050000,0.000000,1.100000,0.000000,0.000000,1.200000,0.000000,0.000000,1.350000,0.000000,0.000000,0.850000,0.020000,0.000000,0.008000,0.000000,0.000600,0.008000,0.000000,0.000600,0.006000,0.000000,0.000000,1,1,1,62,234,531400,531400,320956,210444,0,59.00,21667,3097,61,0,0,0,21674,497.02,497.02,0,902,0.0000,0.5000,0.5000,0.0000,0.5000
2026-04-27T18:52:04.060,1.049,1,0.30,0.40,0.00,0.00,1,-0.0018,0.0653,0.1318,0.0000,0.0000,0.0000,-8.02,-1.38,74.42,59.78,63,63,1.00000,1.00000,1.00000,1.00000,3,3,1,21.51629,0.00235,1.05842,0.0018,-0.0653,0.0182,0.0000,0.0000,0.0000,8.02,-8.16,-1.73,1,1,0.0000,0.0000,0.1500,0.00,0.8500,0.3500,0.9200,6.00,180.00,0.850000,0.050000,0.000000,1.100000,0.000000,0.000000,1.200000,0.000000,0.000000,1.350000,0.000000,0.000000,0.850000,0.020000,0.000000,0.008000,0.000000,0.000600,0.008000,0.000000,0.000600,0.006000,0.000000,0.000000,1,1,1,63,234,531400,531400,320956,210444,0,59.00,21667,3097,61,0,0,0,21674,497.02,497.02,0,902,0.0000,0.5000,0.5000,0.0000,0.5000
2026-04-27T18:52:04.077,1.066,1,0.30,0.40,0.00,0.00,1,-0.0017,0.0654,0.1318,0.0000,0.0000,0.0000,-8.01,-0.55,60.56,60.21,64,64,1.00000,1.00000,1.00000,1.00000,3,3,1,21.56554,0.00238,1.05860,0.0017,-0.0654,0.0182,0.0000,0.0000,0.0000,8.01,-8.07,-1.75,1,1,0.0000,0.0000,0.1500,0.00,0.8500,0.3500,0.9200,6.00,180.00,0.850000,0.050000,0.000000,1.100000,0.000000,0.000000,1.200000,0.000000,0.000000,1.350000,0.000000,0.000000,0.850000,0.020000,0.000000,0.008000,0.000000,0.000600,0.008000,0.000000,0.000600,0.006000,0.000000,0.000000,1,1,1,64,231,531400,531400,320956,210444,0,59.00,21667,3097,61,0,0,0,21674,497.02,497.02,0,902,0.0000,0.5000,0.5000,0.0000,0.5000
2026-04-27T18:52:04.093,1.082,1,0.30,0.40,0.00,0.00,1,-0.0018,0.0654,0.1318,0.0000,0.0000,0.0000,-7.96,-3.47,56.85,61.06,65,65,1.00000,1.00000,1.00000,1.00000,3,3,1,21.57701,0.00255,1.05836,0.0018,-0.0654,0.0182,0.0000,0.0000,0.0000,7.96,-8.17,-1.75,1,1,0.0000,0.0000,0.1500,0.00,0.8500,0.3500,0.9200,6.00,180.00,0.850000,0.050000,0.000000,1.100000,0.000000,0.000000,1.200000,0.000000,0.000000,1.350000,0.000000,0.000000,0.850000,0.020000,0.000000,0.008000,0.000000,0.000600,0.008000,0.000000,0.000600,0.006000,0.000000,0.000000,1,1,1,65,234,531400,531400,320956,210444,0,59.00,21667,3097,61,0,0,0,21674,497.02,497.02,0,902,0.0000,0.5000,0.5000,0.0000,0.5000
2026-04-27T18:52:04.112,1.101,1,0.30,0.40,0.00,0.00,1,-0.0018,0.0654,0.1317,0.0000,0.0000,0.0000,-7.96,0.00,64.90,56.84,66,66,1.00000,1.00000,1.00000,1.00000,3,3,1,21.57065,0.00242,1.05697,0.0018,-0.0654,0.0183,0.0000,0.0000,0.0000,7.96,-8.16,-1.71,1,1,0.0000,0.0000,0.1500,0.00,0.8500,0.3500,0.9200,6.00,180.00,0.850000,0.050000,0.000000,1.100000,0.000000,0.000000,1.200000,0.000000,0.000000,1.350000,0.000000,0.000000,0.850000,0.020000,0.000000,0.008000,0.000000,0.000600,0.008000,0.000000,0.000600,0.006000,0.000000,0.000000,1,1,1,66,234,531400,531400,320956,210444,0,59.00,21667,3097,61,0,0,0,21674,497.02,497.02,0,902,0.0000,0.5000,0.5000,0.0000,0.5000
2026-04-27T18:52:04.127,1.116,1,0.30,0.40,0.00,0.00,1,-0.0017,0.0655,0.1317,0.0000,0.0000,0.0000,-7.97,0.66,52.20,63.22,67,67,1.00000,1.00000,1.00000,1.00000,3,3,1,21.57058,0.00236,1.05895,0.0017,-0.0655,0.0183,0.0000,0.0000,0.0000,7.97,-8.07,-1.80,1,1,0.0000,0.0000,0.1500,0.00,0.8500,0.3500,0.9200,6.00,180.00,0.850000,0.050000,0.000000,1.100000,0.000000,0.000000,1.200000,0.000000,0.000000,1.350000,0.000000,0.000000,0.850000,0.020000,0.000000,0.008000,0.000000,0.000600,0.008000,0.000000,0.000600,0.006000,0.000000,0.000000,1,1,1,67,233,531400,531400,320956,210444,0,59.00,21667,3097,61,0,0,0,21674,497.02,497.02,0,902,0.0000,0.5000,0.5000,0.0000,0.5000
2026-04-27T18:52:04.143,1.132,1,0.30,0.40,0.00,0.00,1,-0.0017,0.0654,0.1316,0.0000,0.0000,0.0000,-7.97,0.00,70.70,61.21,68,68,1.00000,1.00000,1.00000,1.00000,3,3,1,21.51620,0.00240,1.05615,0.0017,-0.0654,0.0184,0.0000,0.0000,0.0000,7.97,-8.01,-1.76,1,1,0.0000,0.0000,0.1500,0.00,0.8500,0.3500,0.9200,6.00,180.00,0.850000,0.050000,0.000000,1.100000,0.000000,0.000000,1.200000,0.000000,0.000000,1.350000,0.000000,0.000000,0.850000,0.020000,0.000000,0.008000,0.000000,0.000600,0.008000,0.000000,0.000600,0.006000,0.000000,0.000000,1,1,1,68,231,531400,531400,320956,210444,0,59.00,21667,3097,61,0,0,0,21674,497.02,497.02,0,902,0.0000,0.5000,0.5000,0.0000,0.5000
2026-04-27T18:52:04.161,1.150,1,0.30,0.40,0.00,0.00,1,-0.0018,0.0654,0.1318,0.0000,0.0000,0.0000,-8.01,2.39,57.78,57.81,69,69,1.00000,1.00000,1.00000,1.00000,3,3,1,21.54786,0.00245,1.05794,0.0018,-0.0654,0.0182,0.0000,0.0000,0.0000,8.01,-8.18,-1.82,1,1,0.0000,0.0000,0.1500,0.00,0.8500,0.3500,0.9200,6.00,180.00,0.850000,0.050000,0.000000,1.100000,0.000000,0.000000,1.200000,0.000000,0.000000,1.350000,0.000000,0.000000,0.850000,0.020000,0.000000,0.008000,0.000000,0.000600,0.008000,0.000000,0.000600,0.006000,0.000000,0.000000,1,1,1,69,231,531400,531400,320956,210444,0,59.00,21667,3097,61,0,0,0,21674,497.02,497.02,0,902,0.0000,0.5000,0.5000,0.0000,0.5000
2026-04-27T18:52:04.177,1.166,1,0.00,0.40,0.00,0.00,1,-0.0017,0.0654,0.1318,0.0000,0.0000,0.0000,-8.02,0.62,58.38,60.94,70,70,1.00000,1.00000,1.00000,1.00000,3,3,1,21.53223,0.00228,1.06103,0.0017,-0.0654,0.0182,0.0000,0.0000,0.0000,8.02,-8.11,-1.89,1,1,0.0000,0.0000,0.1500,0.00,0.8500,0.3500,0.9200,6.00,180.00,0.850000,0.050000,0.000000,1.100000,0.000000,0.000000,1.200000,0.000000,0.000000,1.350000,0.000000,0.000000,0.850000,0.020000,0.000000,0.008000,0.000000,0.000600,0.008000,0.000000,0.000600,0.006000,0.000000,0.000000,1,1,1,70,234,531400,531400,320956,210444,0,59.00,21667,3097,61,0,0,0,21674,497.02,497.02,0,902,0.0000,0.5000,0.5000,0.0000,0.5000
2026-04-27T18:52:04.190,1.179,1,0.00,0.40,0.00,0.00,1,-0.0016,0.0654,0.1318,0.0000,0.0000,0.0000,-8.07,3.45,62.20,60.04,71,71,1.00000,1.00000,1.00000,1.00000,3,3,1,21.48968,0.00216,1.05980,0.0016,-0.0654,0.0182,0.0000,0.0000,0.0000,8.07,-7.98,-1.83,1,1,0.0000,0.0000,0.1500,0.00,0.8500,0.3500,0.9200,6.00,180.00,0.850000,0.050000,0.000000,1.100000,0.000000,0.000000,1.200000,0.000000,0.000000,1.350000,0.000000,0.000000,0.850000,0.020000,0.000000,0.008000,0.000000,0.000600,0.008000,0.000000,0.000600,0.006000,0.000000,0.000000,1,1,1,71,234,531400,531400,320956,210444,0,59.00,21667,3097,61,0,0,0,21674,497.02,497.02,0,902,0.0000,0.5000,0.5000,0.0000,0.5000
2026-04-27T18:52:04.212,1.200,1,0.00,0.40,0.00,0.00,1,-0.0018,0.0654,0.1319,0.0000,0.0000,0.0000,-8.01,-3.04,80.09,59.57,72,72,1.00000,1.00000,1.00000,1.00000,3,3,1,21.53942,0.00252,1.06062,0.0018,-0.0654,0.0181,0.0000,0.0000,0.0000,8.01,-8.19,-1.83,1,1,0.0000,0.0000,0.1500,0.00,0.8500,0.3500,0.9200,6.00,180.00,0.850000,0.050000,0.000000,1.100000,0.000000,0.000000,1.200000,0.000000,0.000000,1.350000,0.000000,0.000000,0.850000,0.020000,0.000000,0.008000,0.000000,0.000600,0.008000,0.000000,0.000600,0.006000,0.000000,0.000000,1,1,1,72,231,531400,531400,320956,210444,0,59.00,21667,3097,61,0,0,0,21674,497.02,497.02,0,902,0.0000,0.5000,0.5000,0.0000,0.5000
2026-04-27T18:52:04.227,1.216,1,0.00,0.40,0.00,0.00,1,-0.0017,0.0654,0.1318,0.0000,0.0000,0.0000,-8.06,3.31,45.20,62.47,73,73,1.00000,1.00000,1.00000,1.00000,3,3,1,21.56069,0.00238,1.05837,0.0017,-0.0654,0.0182,0.0000,0.0000,0.0000,8.06,-8.07,-1.78,1,1,0.0000,0.0000,0.1500,0.00,0.8500,0.3500,0.9200,6.00,180.00,0.850000,0.050000,0.000000,1.100000,0.000000,0.000000,1.200000,0.000000,0.000000,1.350000,0.000000,0.000000,0.850000,0.020000,0.000000,0.008000,0.000000,0.000600,0.008000,0.000000,0.000600,0.006000,0.000000,0.000000,1,1,1,73,234,531400,531400,320956,210444,0,59.00,21667,3097,61,0,0,0,21674,497.02,497.02,0,902,0.0000,0.5000,0.5000,0.0000,0.5000
2026-04-27T18:52:04.245,1.234,1,0.00,0.40,0.00,0.00,1,-0.0017,0.0654,0.1318,0.0000,0.0000,0.0000,-8.06,0.00,65.47,59.92,74,74,1.00000,1.00000,1.00000,1.00000,3,3,1,21.52769,0.00229,1.05893,0.0017,-0.0654,0.0182,0.0000,0.0000,0.0000,8.06,-8.07,-1.77,1,1,0.0000,0.0000,0.1500,0.00,0.8500,0.3500,0.9200,6.00,180.00,0.850000,0.050000,0.000000,1.100000,0.000000,0.000000,1.200000,0.000000,0.000000,1.350000,0.000000,0.000000,0.850000,0.020000,0.000000,0.008000,0.000000,0.000600,0.008000,0.000000,0.000600,0.006000,0.000000,0.000000,1,1,1,74,234,531400,531400,320956,210444,0,59.00,21667,3097,61,0,0,0,21674,497.02,497.02,0,902,0.0000,0.5000,0.5000,0.0000,0.5000
2026-04-27T18:52:04.261,1.250,1,0.00,0.40,0.00,0.00,1,-0.0017,0.0654,0.1318,0.0000,0.0000,0.0000,-8.06,0.00,58.68,56.31,75,75,1.00000,1.00000,1.00000,1.00000,3,3,1,21.52399,0.00230,1.05922,0.0017,-0.0654,0.0182,0.0000,0.0000,0.0000,8.06,-8.08,-1.77,1,1,0.0000,0.0000,0.1500,0.00,0.8500,0.3500,0.9200,6.00,180.00,0.850000,0.050000,0.000000,1.100000,0.000000,0.000000,1.200000,0.000000,0.000000,1.350000,0.000000,0.000000,0.850000,0.020000,0.000000,0.008000,0.000000,0.000600,0.008000,0.000000,0.000600,0.006000,0.000000,0.000000,1,1,1,75,234,531400,531400,320956,210444,0,59.00,21667,3097,61,0,0,0,21674,497.02,497.02,0,902,0.0000,0.5000,0.5000,0.0000,0.5000
2026-04-27T18:52:04.277,1.266,1,0.00,0.40,0.00,0.00,1,-0.0016,0.0655,0.1317,0.0000,0.0000,0.0000,-7.97,-5.87,58.23,64.30,76,76,1.00000,1.00000,1.00000,1.00000,3,3,1,21.51308,0.00229,1.06192,0.0016,-0.0655,0.0183,0.0000,0.0000,0.0000,7.97,-7.98,-1.80,1,1,0.0000,0.0000,0.1500,0.00,0.8500,0.3500,0.9200,6.00,180.00,0.850000,0.050000,0.000000,1.100000,0.000000,0.000000,1.200000,0.000000,0.000000,1.350000,0.000000,0.000000,0.850000,0.020000,0.000000,0.008000,0.000000,0.000600,0.008000,0.000000,0.000600,0.006000,0.000000,0.000000,1,1,1,76,233,531400,531400,320956,210444,0,59.00,21667,3097,61,0,0,0,21674,497.02,497.02,0,902,0.0000,0.5000,0.5000,0.0000,0.5000
2026-04-27T18:52:04.294,1.283,1,0.00,0.40,0.00,0.00,1,-0.0018,0.0654,0.1317,0.0000,0.0000,0.0000,-7.99,1.17,67.03,58.74,77,77,1.00000,1.00000,1.00000,1.00000,3,3,1,21.52489,0.00237,1.05674,0.0018,-0.0654,0.0183,0.0000,0.0000,0.0000,7.99,-8.11,-1.74,1,1,0.0000,0.0000,0.1500,0.00,0.8500,0.3500,0.9200,6.00,180.00,0.850000,0.050000,0.000000,1.100000,0.000000,0.000000,1.200000,0.000000,0.000000,1.350000,0.000000,0.000000,0.850000,0.020000,0.000000,0.008000,0.000000,0.000600,0.008000,0.000000,0.000600,0.006000,0.000000,0.000000,1,1,1,77,234,531400,531400,320956,210444,0,59.00,21667,3097,61,0,0,0,21674,497.02,497.02,0,902,0.0000,0.5000,0.5000,0.0000,0.5000
2026-04-27T18:52:04.309,1.297,1,0.00,0.40,0.00,0.00,1,-0.0018,0.0654,0.1317,0.0000,0.0000,0.0000,-8.00,0.62,53.04,62.70,78,78,1.00000,1.00000,1.00000,1.00000,3,3,1,21.57285,0.00242,1.05796,0.0018,-0.0654,0.0183,0.0000,0.0000,0.0000,8.00,-8.10,-1.77,1,1,0.0000,0.0000,0.1500,0.00,0.8500,0.3500,0.9200,6.00,180.00,0.850000,0.050000,0.000000,1.100000,0.000000,0.000000,1.200000,0.000000,0.000000,1.350000,0.000000,0.000000,0.850000,0.020000,0.000000,0.008000,0.000000,0.000600,0.008000,0.000000,0.000600,0.006000,0.000000,0.000000,1,1,1,78,230,531400,531400,320956,210444,0,59.00,21667,3097,61,0,0,0,21674,497.02,497.02,0,902,0.0000,0.5000,0.5000,0.0000,0.5000
2026-04-27T18:52:04.328,1.317,1,0.00,0.40,0.00,0.00,1,-0.0018,0.0653,0.1316,0.0000,0.0000,0.0000,-7.97,-1.64,67.40,55.40,79,79,1.00000,1.00000,1.00000,1.00000,3,3,1,21.53543,0.00236,1.05767,0.0018,-0.0653,0.0184,0.0000,0.0000,0.0000,7.97,-8.03,-1.68,1,1,0.0000,0.0000,0.1500,0.00,0.8500,0.3500,0.9200,6.00,180.00,0.850000,0.050000,0.000000,1.100000,0.000000,0.000000,1.200000,0.000000,0.000000,1.350000,0.000000,0.000000,0.850000,0.020000,0.000000,0.008000,0.000000,0.000600,0.008000,0.000000,0.000600,0.006000,0.000000,0.000000,1,1,1,79,234,531400,531400,320956,210444,0,59.00,21667,3097,61,0,0,0,21674,497.02,497.02,0,902,0.0000,0.5000,0.5000,0.0000,0.5000
2026-04-27T18:52:04.345,1.334,1,0.00,0.40,0.00,0.00,1,-0.0018,0.0654,0.1318,0.0000,0.0000,0.0000,-8.01,2.35,54.75,61.00,80,80,1.00000,1.00000,1.00000,1.00000,3,3,1,21.52769,0.00229,1.05893,0.0018,-0.0654,0.0182,0.0000,0.0000,0.0000,8.01,-8.06,-1.72,1,1,0.0000,0.0000,0.1500,0.00,0.8500,0.3500,0.9200,6.00,180.00,0.850000,0.050000,0.000000,1.100000,0.000000,0.000000,1.200000,0.000000,0.000000,1.350000,0.000000,0.000000,0.850000,0.020000,0.000000,0.008000,0.000000,0.000600,0.008000,0.000000,0.000600,0.006000,0.000000,0.000000,1,1,1,80,231,531400,531400,320956,210444,0,59.00,21667,3097,61,0,0,0,21674,497.02,497.02,0,902,0.0000,0.5000,0.5000,0.0000,0.5000
2026-04-27T18:52:04.359,1.347,1,0.00,0.40,0.00,0.00,1,-0.0017,0.0654,0.1318,0.0000,0.0000,0.0000,-7.99,-1.36,58.54,62.97,81,81,1.00000,1.00000,1.00000,1.00000,3,3,1,21.57272,0.00250,1.05936,0.0017,-0.0654,0.0182,0.0000,0.0000,0.0000,7.99,-8.06,-1.79,1,1,0.0000,0.0000,0.1500,0.00,0.8500,0.3500,0.9200,6.00,180.00,0.850000,0.050000,0.000000,1.100000,0.000000,0.000000,1.200000,0.000000,0.000000,1.350000,0.000000,0.000000,0.850000,0.020000,0.000000,0.008000,0.000000,0.000600,0.008000,0.000000,0.000600,0.006000,0.000000,0.000000,1,1,1,81,234,531400,531400,320956,210444,0,59.00,21667,3097,61,0,0,0,21674,497.02,497.02,0,902,0.0000,0.5000,0.5000,0.0000,0.5000
2026-04-27T18:52:04.377,1.366,1,0.30,0.40,0.00,0.00,1,-0.0017,0.0655,0.1318,0.0000,0.0000,0.0000,-7.97,-1.09,79.38,56.41,82,82,1.00000,1.00000,1.00000,1.00000,3,3,1,21.56277,0.00237,1.05978,0.0017,-0.0655,0.0182,0.0000,0.0000,0.0000,7.97,-8.01,-1.82,1,1,0.0000,0.0000,0.1500,0.00,0.8500,0.3500,0.9200,6.00,180.00,0.850000,0.050000,0.000000,1.100000,0.000000,0.000000,1.200000,0.000000,0.000000,1.350000,0.000000,0.000000,0.850000,0.020000,0.000000,0.008000,0.000000,0.000600,0.008000,0.000000,0.000600,0.006000,0.000000,0.000000,1,1,1,82,231,531400,531400,320956,210444,0,59.00,21667,3097,61,0,0,0,21674,497.02,497.02,0,902,0.0000,0.5000,0.5000,0.0000,0.5000
2026-04-27T18:52:04.397,1.386,1,0.30,0.40,0.00,0.00,1,-0.0016,0.0655,0.1315,0.0000,0.0000,0.0000,-8.07,6.11,51.57,60.84,83,83,1.00000,1.00000,1.00000,1.00000,3,3,1,21.53077,0.00229,1.05598,0.0016,-0.0655,0.0185,0.0000,0.0000,0.0000,8.07,-7.99,-1.67,1,1,0.0000,0.0000,0.1500,0.00,0.8500,0.3500,0.9200,6.00,180.00,0.850000,0.050000,0.000000,1.100000,0.000000,0.000000,1.200000,0.000000,0.000000,1.350000,0.000000,0.000000,0.850000,0.020000,0.000000,0.008000,0.000000,0.000600,0.008000,0.000000,0.000600,0.006000,0.000000,0.000000,1,1,1,83,234,531400,531400,320956,210444,0,59.00,21667,3097,61,0,0,0,21674,497.02,497.02,0,902,0.0000,0.5000,0.5000,0.0000,0.5000
2026-04-27T18:52:04.412,1.401,1,0.30,0.40,0.00,0.00,1,-0.0018,0.0654,0.1317,0.0000,0.0000,0.0000,-8.04,-1.75,53.51,59.63,84,84,1.00000,1.00000,1.00000,1.00000,3,3,1,21.52749,0.00239,1.05808,0.0018,-0.0654,0.0183,0.0000,0.0000,0.0000,8.04,-8.14,-1.73,1,1,0.0000,0.0000,0.1500,0.00,0.8500,0.3500,0.9200,6.00,180.00,0.850000,0.050000,0.000000,1.100000,0.000000,0.000000,1.200000,0.000000,0.000000,1.350000,0.000000,0.000000,0.850000,0.020000,0.000000,0.008000,0.000000,0.000600,0.008000,0.000000,0.000600,0.006000,0.000000,0.000000,1,1,1,84,234,531400,531400,320956,210444,0,59.00,21667,3097,61,0,0,0,21674,497.02,497.02,0,902,0.0000,0.5000,0.5000,0.0000,0.5000
2026-04-27T18:52:04.426,1.415,1,0.30,0.40,0.00,0.00,1,-0.0018,0.0654,0.1318,0.0000,0.0000,0.0000,-8.03,-0.63,64.06,60.42,85,85,1.00000,1.00000,1.00000,1.00000,3,3,1,21.53256,0.00237,1.05879,0.0018,-0.0654,0.0182,0.0000,0.0000,0.0000,8.03,-8.22,-1.75,1,1,0.0000,0.0000,0.1500,0.00,0.8500,0.3500,0.9200,6.00,180.00,0.850000,0.050000,0.000000,1.100000,0.000000,0.000000,1.200000,0.000000,0.000000,1.350000,0.000000,0.000000,0.850000,0.020000,0.000000,0.008000,0.000000,0.000600,0.008000,0.000000,0.000600,0.006000,0.000000,0.000000,1,1,1,85,234,531400,531400,320956,210444,0,59.00,21667,3097,61,0,0,0,21674,497.02,497.02,0,902,0.0000,0.5000,0.5000,0.0000,0.5000
2026-04-27T18:52:04.444,1.433,1,0.30,0.40,0.00,0.00,1,-0.0017,0.0654,0.1319,0.0000,0.0000,0.0000,-8.03,0.00,60.56,59.42,86,86,1.00000,1.00000,1.00000,1.00000,3,3,1,21.55318,0.00239,1.05977,0.0017,-0.0654,0.0181,0.0000,0.0000,0.0000,8.03,-8.15,-1.80,1,1,0.0000,0.0000,0.1500,0.00,0.8500,0.3500,0.9200,6.00,180.00,0.850000,0.050000,0.000000,1.100000,0.000000,0.000000,1.200000,0.000000,0.000000,1.350000,0.000000,0.000000,0.850000,0.020000,0.000000,0.008000,0.000000,0.000600,0.008000,0.000000,0.000600,0.006000,0.000000,0.000000,1,1,1,86,233,531400,531400,320956,210444,0,59.00,21667,3097,61,0,0,0,21674,497.02,497.02,0,902,0.0000,0.5000,0.5000,0.0000,0.5000
2026-04-27T18:52:04.463,1.451,1,0.30,0.40,0.00,0.00,1,-0.0018,0.0654,0.1318,0.0000,0.0000,0.0000,-8.04,0.51,59.61,61.02,87,87,1.00000,1.00000,1.00000,1.00000,3,3,1,21.52769,0.00229,1.05893,0.0018,-0.0654,0.0182,0.0000,0.0000,0.0000,8.04,-8.11,-1.79,1,1,0.0000,0.0000,0.1500,0.00,0.8500,0.3500,0.9200,6.00,180.00,0.850000,0.050000,0.000000,1.100000,0.000000,0.000000,1.200000,0.000000,0.000000,1.350000,0.000000,0.000000,0.850000,0.020000,0.000000,0.008000,0.000000,0.000600,0.008000,0.000000,0.000600,0.006000,0.000000,0.000000,1,1,1,87,234,531400,531400,320956,210444,0,59.00,21667,3097,61,0,0,0,21674,497.02,497.02,0,902,0.0000,0.5000,0.5000,0.0000,0.5000
2026-04-27T18:52:04.477,1.466,1,0.30,0.40,0.00,0.00,1,-0.0018,0.0653,0.1317,0.0000,0.0000,0.0000,-8.09,3.60,58.85,62.43,88,88,1.00000,1.00000,1.00000,1.00000,3,3,1,21.55038,0.00233,1.05620,0.0018,-0.0653,0.0183,0.0000,0.0000,0.0000,8.09,-8.08,-1.60,1,1,0.0000,0.0000,0.1500,0.00,0.8500,0.3500,0.9200,6.00,180.00,0.850000,0.050000,0.000000,1.100000,0.000000,0.000000,1.200000,0.000000,0.000000,1.350000,0.000000,0.000000,0.850000,0.020000,0.000000,0.008000,0.000000,0.000600,0.008000,0.000000,0.000600,0.006000,0.000000,0.000000,1,1,1,88,233,531400,531400,320956,210444,0,59.00,21667,3097,61,0,0,0,21674,497.02,497.02,0,902,0.0000,0.5000,0.5000,0.0000,0.5000
2026-04-27T18:52:04.494,1.483,1,0.30,0.40,0.00,0.00,1,-0.0017,0.0653,0.1318,0.0000,0.0000,0.0000,-8.04,-2.82,62.96,57.65,89,89,1.00000,1.00000,1.00000,1.00000,3,3,1,21.49141,0.00237,1.05999,0.0017,-0.0653,0.0182,0.0000,0.0000,0.0000,8.04,-8.04,-1.69,1,1,0.0000,0.0000,0.1500,0.00,0.8500,0.3500,0.9200,6.00,180.00,0.850000,0.050000,0.000000,1.100000,0.000000,0.000000,1.200000,0.000000,0.000000,1.350000,0.000000,0.000000,0.850000,0.020000,0.000000,0.008000,0.000000,0.000600,0.008000,0.000000,0.000600,0.006000,0.000000,0.000000,1,1,1,89,234,531400,531400,320956,210444,0,59.00,21667,3097,61,0,0,0,21674,497.02,497.02,0,902,0.0000,0.5000,0.5000,0.0000,0.5000
2026-04-27T18:52:04.509,1.498,1,0.30,0.40,0.00,0.00,1,-0.0017,0.0654,0.1318,0.0000,0.0000,0.0000,-8.05,0.67,56.50,61.17,90,90,1.00000,1.00000,1.00000,1.00000,3,3,1,21.53331,0.00230,1.05894,0.0017,-0.0654,0.0182,0.0000,0.0000,0.0000,8.05,-8.05,-1.74,1,1,0.0000,0.0000,0.1500,0.00,0.8500,0.3500,0.9200,6.00,180.00,0.850000,0.050000,0.000000,1.100000,0.000000,0.000000,1.200000,0.000000,0.000000,1.350000,0.000000,0.000000,0.850000,0.020000,0.000000,0.008000,0.000000,0.000600,0.008000,0.000000,0.000600,0.006000,0.000000,0.000000,1,1,1,90,234,531400,531400,320956,210444,0,59.00,21667,3097,61,0,0,0,21674,497.02,497.02,0,902,0.0000,0.5000,0.5000,0.0000,0.5000
2026-04-27T18:52:04.526,1.515,1,0.30,0.40,0.00,0.00,1,-0.0017,0.0654,0.1317,0.0000,0.0000,0.0000,-8.07,1.24,54.53,62.60,91,91,1.00000,1.00000,1.00000,1.00000,3,3,1,21.51553,0.00235,1.05716,0.0017,-0.0654,0.0183,0.0000,0.0000,0.0000,8.07,-8.14,-1.71,1,1,0.0000,0.0000,0.1500,0.00,0.8500,0.3500,0.9200,6.00,180.00,0.850000,0.050000,0.000000,1.100000,0.000000,0.000000,1.200000,0.000000,0.000000,1.350000,0.000000,0.000000,0.850000,0.020000,0.000000,0.008000,0.000000,0.000600,0.008000,0.000000,0.000600,0.006000,0.000000,0.000000,1,1,1,91,234,531400,531400,320956,210444,0,59.00,21667,3097,61,0,0,0,21674,497.02,497.02,0,902,0.0000,0.5000,0.5000,0.0000,0.5000
2026-04-27T18:52:04.544,1.533,1,0.30,0.40,0.00,0.00,1,-0.0018,0.0654,0.1317,0.0000,0.0000,0.0000,-8.03,-2.22,78.29,56.13,92,92,1.00000,1.00000,1.00000,1.00000,3,3,1,21.54880,0.00239,1.05754,0.0018,-0.0654,0.0183,0.0000,0.0000,0.0000,8.03,-8.11,-1.65,1,1,0.0000,0.0000,0.1500,0.00,0.8500,0.3500,0.9200,6.00,180.00,0.850000,0.050000,0.000000,1.100000,0.000000,0.000000,1.200000,0.000000,0.000000,1.350000,0.000000,0.000000,0.850000,0.020000,0.000000,0.008000,0.000000,0.000600,0.008000,0.000000,0.000600,0.006000,0.000000,0.000000,1,1,1,92,234,531400,531400,320956,210444,0,59.00,21667,3097,61,0,0,0,21674,497.02,497.02,0,902,0.0000,0.5000,0.5000,0.0000,0.5000
2026-04-27T18:52:04.561,1.550,1,0.30,0.40,0.00,0.00,1,-0.0018,0.0654,0.1319,0.0000,0.0000,0.0000,-8.02,-0.59,55.49,63.87,93,93,1.00000,1.00000,1.00000,1.00000,3,3,1,21.55222,0.00241,1.05997,0.0018,-0.0654,0.0181,0.0000,0.0000,0.0000,8.02,-8.16,-1.75,1,1,0.0000,0.0000,0.1500,0.00,0.8500,0.3500,0.9200,6.00,180.00,0.850000,0.050000,0.000000,1.100000,0.000000,0.000000,1.200000,0.000000,0.000000,1.350000,0.000000,0.000000,0.850000,0.020000,0.000000,0.008000,0.000000,0.000600,0.008000,0.000000,0.000600,0.006000,0.000000,0.000000,1,1,1,93,234,531400,531400,320956,210444,0,59.00,21667,3097,61,0,0,0,21674,497.02,497.02,0,902,0.0000,0.5000,0.5000,0.0000,0.5000
2026-04-27T18:52:04.579,1.568,1,0.30,0.40,0.00,0.00,1,-0.0019,0.0654,0.1317,0.0000,0.0000,0.0000,-7.99,-1.68,58.48,56.62,94,94,1.00000,1.00000,1.00000,1.00000,3,3,1,21.53316,0.00236,1.05863,0.0019,-0.0654,0.0183,0.0000,0.0000,0.0000,7.99,-8.25,-1.71,1,1,0.0000,0.0000,0.1500,0.00,0.8500,0.3500,0.9200,6.00,180.00,0.850000,0.050000,0.000000,1.100000,0.000000,0.000000,1.200000,0.000000,0.000000,1.350000,0.000000,0.000000,0.850000,0.020000,0.000000,0.008000,0.000000,0.000600,0.008000,0.000000,0.000600,0.006000,0.000000,0.000000,1,1,1,94,234,531400,531400,320956,210444,0,59.00,21667,3097,61,0,0,0,21674,497.02,497.02,0,902,0.0000,0.5000,0.5000,0.0000,0.5000
2026-04-27T18:52:04.595,1.584,1,0.30,0.40,0.00,0.00,1,-0.0019,0.0653,0.1319,0.0000,0.0000,0.0000,-8.04,3.33,58.56,61.81,95,95,1.00000,1.00000,1.00000,1.00000,3,3,1,21.52927,0.00240,1.05916,0.0019,-0.0653,0.0181,0.0000,0.0000,0.0000,8.04,-8.28,-1.71,1,1,0.0000,0.0000,0.1500,0.00,0.8500,0.3500,0.9200,6.00,180.00,0.850000,0.050000,0.000000,1.100000,0.000000,0.000000,1.200000,0.000000,0.000000,1.350000,0.000000,0.000000,0.850000,0.020000,0.000000,0.008000,0.000000,0.000600,0.008000,0.000000,0.000600,0.006000,0.000000,0.000000,1,1,1,95,234,531400,531400,320956,210444,0,59.00,21667,3097,61,0,0,0,21674,497.02,497.02,0,902,0.0000,0.5000,0.5000,0.0000,0.5000
2026-04-27T18:52:04.611,1.600,1,0.30,0.40,0.00,0.00,1,-0.0016,0.0653,0.1318,0.0000,0.0000,0.0000,-8.05,0.59,64.98,59.92,96,96,1.00000,1.00000,1.00000,1.00000,3,3,1,21.51486,0.00224,1.05851,0.0016,-0.0653,0.0182,0.0000,0.0000,0.0000,8.05,-7.97,-1.70,1,1,0.0000,0.0000,0.1500,0.00,0.8500,0.3500,0.9200,6.00,180.00,0.850000,0.050000,0.000000,1.100000,0.000000,0.000000,1.200000,0.000000,0.000000,1.350000,0.000000,0.000000,0.850000,0.020000,0.000000,0.008000,0.000000,0.000600,0.008000,0.000000,0.000600,0.006000,0.000000,0.000000,1,1,1,96,233,531400,531400,320956,210444,0,59.00,21667,3097,61,0,0,0,21674,497.02,497.02,0,902,0.0000,0.5000,0.5000,0.0000,0.5000
2026-04-27T18:52:04.627,1.616,1,0.30,0.40,0.00,0.00,1,-0.0016,0.0653,0.1317,0.0000,0.0000,0.0000,-8.09,2.31,57.82,56.29,97,97,1.00000,1.00000,1.00000,1.00000,3,3,1,21.52970,0.00218,1.05663,0.0016,-0.0653,0.0183,0.0000,0.0000,0.0000,8.09,-7.84,-1.72,1,1,0.0000,0.0000,0.1500,0.00,0.8500,0.3500,0.9200,6.00,180.00,0.850000,0.050000,0.000000,1.100000,0.000000,0.000000,1.200000,0.000000,0.000000,1.350000,0.000000,0.000000,0.850000,0.020000,0.000000,0.008000,0.000000,0.000600,0.008000,0.000000,0.000600,0.006000,0.000000,0.000000,1,1,1,97,234,531400,531400,320956,210444,0,59.00,21667,3097,61,0,0,0,21674,497.02,497.02,0,902,0.0000,0.5000,0.5000,0.0000,0.5000
2026-04-27T18:52:04.645,1.634,1,0.30,0.40,0.00,0.00,1,-0.0018,0.0653,0.1317,0.0000,0.0000,0.0000,-8.07,-1.13,60.77,60.48,98,98,1.00000,1.00000,1.00000,1.00000,3,3,1,21.57510,0.00235,1.05802,0.0018,-0.0653,0.0183,0.0000,0.0000,0.0000,8.07,-8.10,-1.75,1,1,0.0000,0.0000,0.1500,0.00,0.8500,0.3500,0.9200,6.00,180.00,0.850000,0.050000,0.000000,1.100000,0.000000,0.000000,1.200000,0.000000,0.000000,1.350000,0.000000,0.000000,0.850000,0.020000,0.000000,0.008000,0.000000,0.000600,0.008000,0.000000,0.000600,0.006000,0.000000,0.000000,1,1,1,98,233,531400,531400,320956,210444,0,59.00,21667,3097,61,0,0,0,21674,497.02,497.02,0,902,0.0000,0.5000,0.5000,0.0000,0.5000
2026-04-27T18:52:04.661,1.650,1,0.30,0.40,0.00,0.00,1,-0.0018,0.0654,0.1317,0.0000,0.0000,0.0000,-8.01,-3.87,61.94,62.21,99,99,1.00000,1.00000,1.00000,1.00000,3,3,1,21.55853,0.00249,1.05785,0.0018,-0.0654,0.0183,0.0000,0.0000,0.0000,8.01,-8.19,-1.75,1,1,0.0000,0.0000,0.1500,0.00,0.8500,0.3500,0.9200,6.00,180.00,0.850000,0.050000,0.000000,1.100000,0.000000,0.000000,1.200000,0.000000,0.000000,1.350000,0.000000,0.000000,0.850000,0.020000,0.000000,0.008000,0.000000,0.000600,0.008000,0.000000,0.000600,0.006000,0.000000,0.000000,1,1,1,99,231,531400,531400,320956,210444,0,59.00,21667,3097,61,0,0,0,21674,497.02,497.02,0,902,0.0000,0.5000,0.5000,0.0000,0.5000
2026-04-27T18:52:04.677,1.665,1,0.30,0.40,0.00,0.00,1,-0.0019,0.0654,0.1318,0.0000,0.0000,0.0000,-8.02,0.61,56.68,58.82,100,100,1.00000,1.00000,1.00000,1.00000,3,3,1,21.49947,0.00239,1.05850,0.0019,-0.0654,0.0182,0.0000,0.0000,0.0000,8.02,-8.31,-1.71,1,1,0.0000,0.0000,0.1500,0.00,0.8500,0.3500,0.9200,6.00,180.00,0.850000,0.050000,0.000000,1.100000,0.000000,0.000000,1.200000,0.000000,0.000000,1.350000,0.000000,0.000000,0.850000,0.020000,0.000000,0.008000,0.000000,0.000600,0.008000,0.000000,0.000600,0.006000,0.000000,0.000000,1,1,1,100,234,531400,531400,320956,210444,0,59.00,21667,3097,61,0,0,0,21674,497.02,497.02,0,902,0.0000,0.5000,0.5000,0.0000,0.5000
2026-04-27T18:52:04.694,1.682,1,0.30,0.40,0.00,0.00,1,-0.0019,0.0653,0.1319,0.0000,0.0000,0.0000,-8.03,0.62,65.54,62.60,101,101,1.00000,1.00000,1.00000,1.00000,3,3,1,21.50579,0.00243,1.05759,0.0019,-0.0653,0.0181,0.0000,0.0000,0.0000,8.03,-8.40,-1.66,1,1,0.0000,0.0000,0.1500,0.00,0.8500,0.3500,0.9200,6.00,180.00,0.850000,0.050000,0.000000,1.100000,0.000000,0.000000,1.200000,0.000000,0.000000,1.350000,0.000000,0.000000,0.850000,0.020000,0.000000,0.008000,0.000000,0.000600,0.008000,0.000000,0.000600,0.006000,0.000000,0.000000,1,1,1,101,233,531400,531400,320956,210444,0,59.00,21667,3097,61,0,0,0,21674,497.02,497.02,0,902,0.0000,0.5000,0.5000,0.0000,0.5000
2026-04-27T18:52:04.711,1.700,1,0.30,0.40,0.00,0.00,1,-0.0018,0.0653,0.1318,0.0000,0.0000,0.0000,-8.05,1.17,62.70,58.43,102,102,1.00000,1.00000,1.00000,1.00000,3,3,1,21.53162,0.00231,1.05868,0.0018,-0.0653,0.0182,0.0000,0.0000,0.0000,8.05,-8.24,-1.72,1,1,0.0000,0.0000,0.1500,0.00,0.8500,0.3500,0.9200,6.00,180.00,0.850000,0.050000,0.000000,1.100000,0.000000,0.000000,1.200000,0.000000,0.000000,1.350000,0.000000,0.000000,0.850000,0.020000,0.000000,0.008000,0.000000,0.000600,0.008000,0.000000,0.000600,0.006000,0.000000,0.000000,1,1,1,102,234,531400,531400,320956,210444,0,59.00,21667,3097,61,0,0,0,21674,497.02,497.02,0,902,0.0000,0.5000,0.5000,0.0000,0.5000
2026-04-27T18:52:04.727,1.716,1,0.30,0.40,0.00,0.00,1,-0.0018,0.0654,0.1319,0.0000,0.0000,0.0000,-8.07,1.23,54.35,64.94,103,103,1.00000,1.00000,1.00000,1.00000,3,3,1,21.53639,0.00229,1.06028,0.0018,-0.0654,0.0181,0.0000,0.0000,0.0000,8.07,-8.19,-1.79,1,1,0.0000,0.0000,0.1500,0.00,0.8500,0.3500,0.9200,6.00,180.00,0.850000,0.050000,0.000000,1.100000,0.000000,0.000000,1.200000,0.000000,0.000000,1.350000,0.000000,0.000000,0.850000,0.020000,0.000000,0.008000,0.000000,0.000600,0.008000,0.000000,0.000600,0.006000,0.000000,0.000000,1,1,1,103,234,531400,531400,320956,210444,0,59.00,21667,3097,61,0,0,0,21674,497.02,497.02,0,902,0.0000,0.5000,0.5000,0.0000,0.5000
2026-04-27T18:52:04.745,1.734,1,0.30,0.40,0.00,0.00,1,-0.0016,0.0654,0.1319,0.0000,0.0000,0.0000,-8.09,1.13,66.68,58.31,104,104,1.00000,1.00000,1.00000,1.00000,3,3,1,21.54424,0.00228,1.05917,0.0016,-0.0654,0.0181,0.0000,0.0000,0.0000,8.09,-7.99,-1.84,1,1,0.0000,0.0000,0.1500,0.00,0.8500,0.3500,0.9200,6.00,180.00,0.850000,0.050000,0.000000,1.100000,0.000000,0.000000,1.200000,0.000000,0.000000,1.350000,0.000000,0.000000,0.850000,0.020000,0.000000,0.008000,0.000000,0.000600,0.008000,0.000000,0.000600,0.006000,0.000000,0.000000,1,1,1,104,234,531400,531400,320956,210444,0,59.00,21667,3097,61,0,0,0,21674,497.02,497.02,0,902,0.0000,0.5000,0.5000,0.0000,0.5000
2026-04-27T18:52:04.762,1.751,1,0.30,0.40,0.00,0.00,1,-0.0016,0.0654,0.1318,0.0000,0.0000,0.0000,-8.05,-2.18,49.46,60.90,105,105,1.00000,1.00000,1.00000,1.00000,3,3,1,21.53141,0.00224,1.05994,0.0016,-0.0654,0.0182,0.0000,0.0000,0.0000,8.05,-7.97,-1.86,1,1,0.0000,0.0000,0.1500,0.00,0.8500,0.3500,0.9200,6.00,180.00,0.850000,0.050000,0.000000,1.100000,0.000000,0.000000,1.200000,0.000000,0.000000,1.350000,0.000000,0.000000,0.850000,0.020000,0.000000,0.008000,0.000000,0.000600,0.008000,0.000000,0.000600,0.006000,0.000000,0.000000,1,1,1,105,234,531400,531400,320956,210444,0,59.00,21667,3097,61,0,0,0,21674,497.02,497.02,0,902,0.0000,0.5000,0.5000,0.0000,0.5000
2026-04-27T18:52:04.778,1.767,1,0.30,0.40,0.00,0.00,1,-0.0017,0.0654,0.1318,0.0000,0.0000,0.0000,-8.06,0.68,67.64,55.98,106,106,1.00000,1.00000,1.00000,1.00000,3,3,1,21.53532,0.00230,1.05839,0.0017,-0.0654,0.0182,0.0000,0.0000,0.0000,8.06,-8.03,-1.82,1,1,0.0000,0.0000,0.1500,0.00,0.8500,0.3500,0.9200,6.00,180.00,0.850000,0.050000,0.000000,1.100000,0.000000,0.000000,1.200000,0.000000,0.000000,1.350000,0.000000,0.000000,0.850000,0.020000,0.000000,0.008000,0.000000,0.000600,0.008000,0.000000,0.000600,0.006000,0.000000,0.000000,1,1,1,106,234,531400,531400,320956,210444,0,59.00,21667,3097,61,0,0,0,21674,497.02,497.02,0,902,0.0000,0.5000,0.5000,0.0000,0.5000
2026-04-27T18:52:04.796,1.785,1,0.40,0.40,0.00,0.00,1,-0.0017,0.0655,0.1318,0.0000,0.0000,0.0000,-8.01,-2.60,59.43,63.20,107,107,1.00000,1.00000,1.00000,1.00000,3,3,1,21.54686,0.00236,1.06129,0.0017,-0.0655,0.0182,0.0000,0.0000,0.0000,8.01,-8.06,-1.87,1,1,0.0000,0.0000,0.1500,0.00,0.8500,0.3500,0.9200,6.00,180.00,0.850000,0.050000,0.000000,1.100000,0.000000,0.000000,1.200000,0.000000,0.000000,1.350000,0.000000,0.000000,0.850000,0.020000,0.000000,0.008000,0.000000,0.000600,0.008000,0.000000,0.000600,0.006000,0.000000,0.000000,1,1,1,107,231,531400,531400,320956,210444,0,59.00,21667,3097,61,0,0,0,21674,497.02,497.02,0,902,0.0000,0.5000,0.5000,0.0000,0.5000
2026-04-27T18:52:04.811,1.800,1,0.40,0.40,0.00,0.00,1,-0.0018,0.0654,0.1320,0.0000,0.0000,0.0000,-8.02,0.72,58.08,58.02,108,108,1.00000,1.00000,1.00000,1.00000,3,3,1,21.52480,0.00250,1.06147,0.0018,-0.0654,0.0180,0.0000,0.0000,0.0000,8.02,-8.22,-1.84,1,1,0.0000,0.0000,0.1500,0.00,0.8500,0.3500,0.9200,6.00,180.00,0.850000,0.050000,0.000000,1.100000,0.000000,0.000000,1.200000,0.000000,0.000000,1.350000,0.000000,0.000000,0.850000,0.020000,0.000000,0.008000,0.000000,0.000600,0.008000,0.000000,0.000600,0.006000,0.000000,0.000000,1,1,1,108,234,531400,531400,320956,210444,0,59.00,21667,3097,61,0,0,0,21674,497.02,497.02,0,902,0.0000,0.5000,0.5000,0.0000,0.5000
2026-04-27T18:52:04.830,1.819,1,0.40,0.40,0.00,0.00,1,-0.0018,0.0653,0.1318,0.0000,0.0000,0.0000,-8.03,0.53,58.68,63.34,109,109,1.00000,1.00000,1.00000,1.00000,3,3,1,21.56215,0.00239,1.05591,0.0018,-0.0653,0.0182,0.0000,0.0000,0.0000,8.03,-8.12,-1.71,1,1,0.0000,0.0000,0.1500,0.00,0.8500,0.3500,0.9200,6.00,180.00,0.850000,0.050000,0.000000,1.100000,0.000000,0.000000,1.200000,0.000000,0.000000,1.350000,0.000000,0.000000,0.850000,0.020000,0.000000,0.008000,0.000000,0.000600,0.008000,0.000000,0.000600,0.006000,0.000000,0.000000,1,1,1,109,234,531400,531400,320956,210444,0,59.00,21667,3097,61,0,0,0,21674,497.02,497.02,0,902,0.0000,0.5000,0.5000,0.0000,0.5000
2026-04-27T18:52:04.848,1.837,1,0.40,0.40,0.00,0.00,1,-0.0018,0.0652,0.1318,0.0000,0.0000,0.0000,-8.02,-0.56,54.42,55.08,110,110,1.00000,1.00000,1.00000,1.00000,3,3,1,21.49762,0.00238,1.06049,0.0018,-0.0652,0.0182,0.0000,0.0000,0.0000,8.02,-8.09,-1.72,1,1,0.0000,0.0000,0.1500,0.00,0.8500,0.3500,0.9200,6.00,180.00,0.850000,0.050000,0.000000,1.100000,0.000000,0.000000,1.200000,0.000000,0.000000,1.350000,0.000000,0.000000,0.850000,0.020000,0.000000,0.008000,0.000000,0.000600,0.008000,0.000000,0.000600,0.006000,0.000000,0.000000,1,1,1,110,234,531400,531400,320956,210444,0,59.00,21667,3097,61,0,0,0,21674,497.02,497.02,0,902,0.0000,0.5000,0.5000,0.0000,0.5000
2026-04-27T18:52:04.862,1.851,1,0.40,0.40,0.00,0.00,1,-0.0018,0.0653,0.1319,0.0000,0.0000,0.0000,-8.04,1.43,53.25,61.14,111,111,1.00000,1.00000,1.00000,1.00000,3,3,1,21.54001,0.00238,1.05791,0.0018,-0.0653,0.0181,0.0000,0.0000,0.0000,8.04,-8.12,-1.67,1,1,0.0000,0.0000,0.1500,0.00,0.8500,0.3500,0.9200,6.00,180.00,0.850000,0.050000,0.000000,1.100000,0.000000,0.000000,1.200000,0.000000,0.000000,1.350000,0.000000,0.000000,0.850000,0.020000,0.000000,0.008000,0.000000,0.000600,0.008000,0.000000,0.000600,0.006000,0.000000,0.000000,1,1,1,111,234,531400,531400,320956,210444,0,59.00,21667,3097,61,0,0,0,21674,497.02,497.02,0,902,0.0000,0.5000,0.5000,0.0000,0.5000
2026-04-27T18:52:04.877,1.865,1,0.40,0.40,0.00,0.00,1,-0.0018,0.0654,0.1317,0.0000,0.0000,0.0000,-8.01,-2.10,80.12,66.07,112,112,1.00000,1.00000,1.00000,1.00000,3,3,1,21.54680,0.00234,1.05810,0.0018,-0.0654,0.0183,0.0000,0.0000,0.0000,8.01,-8.08,-1.68,1,1,0.0000,0.0000,0.1500,0.00,0.8500,0.3500,0.9200,6.00,180.00,0.850000,0.050000,0.000000,1.100000,0.000000,0.000000,1.200000,0.000000,0.000000,1.350000,0.000000,0.000000,0.850000,0.020000,0.000000,0.008000,0.000000,0.000600,0.008000,0.000000,0.000600,0.006000,0.000000,0.000000,1,1,1,112,231,531400,531400,320956,210444,0,59.00,21667,3097,61,0,0,0,21674,497.02,497.02,0,902,0.0000,0.5000,0.5000,0.0000,0.5000
2026-04-27T18:52:04.893,1.882,1,0.40,0.40,0.00,0.00,1,-0.0017,0.0654,0.1317,0.0000,0.0000,0.0000,-8.02,0.58,67.54,57.89,113,113,1.00000,1.00000,1.00000,1.00000,3,3,1,21.53241,0.00226,1.05786,0.0017,-0.0654,0.0183,0.0000,0.0000,0.0000,8.02,-8.03,-1.70,1,1,0.0000,0.0000,0.1500,0.00,0.8500,0.3500,0.9200,6.00,180.00,0.850000,0.050000,0.000000,1.100000,0.000000,0.000000,1.200000,0.000000,0.000000,1.350000,0.000000,0.000000,0.850000,0.020000,0.000000,0.008000,0.000000,0.000600,0.008000,0.000000,0.000600,0.006000,0.000000,0.000000,1,1,1,113,233,531400,531400,320956,210444,0,59.00,21667,3097,61,0,0,0,21674,497.02,497.02,0,902,0.0000,0.5000,0.5000,0.0000,0.5000
2026-04-27T18:52:04.911,1.899,1,0.40,0.40,0.00,0.00,1,-0.0017,0.0654,0.1317,0.0000,0.0000,0.0000,-8.02,0.00,59.53,57.45,114,114,1.00000,1.00000,1.00000,1.00000,3,3,1,21.55998,0.00236,1.05815,0.0017,-0.0654,0.0183,0.0000,0.0000,0.0000,8.02,-8.01,-1.73,1,1,0.0000,0.0000,0.1500,0.00,0.8500,0.3500,0.9200,6.00,180.00,0.850000,0.050000,0.000000,1.100000,0.000000,0.000000,1.200000,0.000000,0.000000,1.350000,0.000000,0.000000,0.850000,0.020000,0.000000,0.008000,0.000000,0.000600,0.008000,0.000000,0.000600,0.006000,0.000000,0.000000,1,1,1,114,231,531400,531400,320956,210444,0,59.00,21667,3097,61,0,0,0,21674,497.02,497.02,0,902,0.0000,0.5000,0.5000,0.0000,0.5000
2026-04-27T18:52:04.928,1.917,1,0.40,0.40,0.00,0.00,1,-0.0017,0.0655,0.1317,0.0000,0.0000,0.0000,-8.02,0.00,58.22,59.52,115,115,1.00000,1.00000,1.00000,1.00000,3,3,1,21.52232,0.00224,1.06024,0.0017,-0.0655,0.0183,0.0000,0.0000,0.0000,8.02,-8.00,-1.79,1,1,0.0000,0.0000,0.1500,0.00,0.8500,0.3500,0.9200,6.00,180.00,0.850000,0.050000,0.000000,1.100000,0.000000,0.000000,1.200000,0.000000,0.000000,1.350000,0.000000,0.000000,0.850000,0.020000,0.000000,0.008000,0.000000,0.000600,0.008000,0.000000,0.000600,0.006000,0.000000,0.000000,1,1,1,115,231,531400,531400,320956,210444,0,59.00,21667,3097,61,0,0,0,21674,497.02,497.02,0,902,0.0000,0.5000,0.5000,0.0000,0.5000
2026-04-27T18:52:04.944,1.932,1,0.40,0.40,0.00,0.00,1,-0.0016,0.0655,0.1318,0.0000,0.0000,0.0000,-7.98,-2.46,56.14,61.27,116,116,1.00000,1.00000,1.00000,1.00000,3,3,1,21.57769,0.00235,1.05994,0.0016,-0.0655,0.0182,0.0000,0.0000,0.0000,7.98,-7.99,-1.81,1,1,0.0000,0.0000,0.1500,0.00,0.8500,0.3500,0.9200,6.00,180.00,0.850000,0.050000,0.000000,1.100000,0.000000,0.000000,1.200000,0.000000,0.000000,1.350000,0.000000,0.000000,0.850000,0.020000,0.000000,0.008000,0.000000,0.000600,0.008000,0.000000,0.000600,0.006000,0.000000,0.000000,1,1,1,116,234,531461,531461,321016,210444,0,60.94,21728,7958,61,0,0,0,21674,497.02,497.02,0,902,0.0000,0.5000,0.5000,0.0000,0.5000
2026-04-27T18:52:04.960,1.949,1,0.40,0.40,0.00,0.00,1,-0.0019,0.0653,0.1318,0.0000,0.0000,0.0000,-8.03,3.01,61.62,59.61,117,117,1.00000,1.00000,1.00000,1.00000,3,3,1,21.52543,0.00232,1.05693,0.0019,-0.0653,0.0182,0.0000,0.0000,0.0000,8.03,-8.21,-1.67,1,1,0.0000,0.0000,0.1500,0.00,0.8500,0.3500,0.9200,6.00,180.00,0.850000,0.050000,0.000000,1.100000,0.000000,0.000000,1.200000,0.000000,0.000000,1.350000,0.000000,0.000000,0.850000,0.020000,0.000000,0.008000,0.000000,0.000600,0.008000,0.000000,0.000600,0.006000,0.000000,0.000000,1,1,1,117,234,531461,531461,321016,210444,0,60.94,21728,7958,61,0,0,0,21674,497.02,497.02,0,902,0.0000,0.5000,0.5000,0.0000,0.5000
2026-04-27T18:52:04.977,1.965,1,0.40,0.40,0.00,0.00,1,-0.0017,0.0654,0.1317,0.0000,0.0000,0.0000,-7.98,-3.34,60.28,63.71,118,118,1.00000,1.00000,1.00000,1.00000,3,3,1,21.52777,0.00230,1.06014,0.0017,-0.0654,0.0183,0.0000,0.0000,0.0000,7.98,-8.01,-1.72,1,1,0.0000,0.0000,0.1500,0.00,0.8500,0.3500,0.9200,6.00,180.00,0.850000,0.050000,0.000000,1.100000,0.000000,0.000000,1.200000,0.000000,0.000000,1.350000,0.000000,0.000000,0.850000,0.020000,0.000000,0.008000,0.000000,0.000600,0.008000,0.000000,0.000600,0.006000,0.000000,0.000000,1,1,1,118,231,531461,531461,321016,210444,0,60.94,21728,7958,61,0,0,0,21674,497.02,497.02,0,902,0.0000,0.5000,0.5000,0.0000,0.5000
2026-04-27T18:52:04.993,1.982,1,0.30,0.40,-0.95,0.00,1,-0.0018,0.0654,0.1317,0.0000,0.0000,0.0000,-7.96,-1.20,60.48,59.98,119,119,1.00000,1.00000,1.00000,1.00000,3,3,1,21.56246,0.00252,1.05761,0.0018,-0.0654,0.0183,0.0000,0.0000,0.0000,7.96,-8.15,-1.73,1,1,0.0000,0.0000,0.1500,0.00,0.8500,0.3500,0.9200,6.00,180.00,0.850000,0.050000,0.000000,1.100000,0.000000,0.000000,1.200000,0.000000,0.000000,1.350000,0.000000,0.000000,0.850000,0.020000,0.000000,0.008000,0.000000,0.000600,0.008000,0.000000,0.000600,0.006000,0.000000,0.000000,1,1,1,119,234,531461,531461,321016,210444,0,60.94,21728,7958,61,0,0,0,21674,497.02,497.02,0,902,0.0000,0.5000,0.5000,0.0000,0.5000
2026-04-27T18:52:05.011,2.000,1,0.30,0.40,-0.95,0.00,1,-0.0017,0.0656,0.1317,0.0000,0.0000,0.0000,-7.92,-2.21,64.77,56.82,120,120,1.00000,1.00000,1.00000,1.00000,3,3,1,21.56303,0.00244,1.05947,0.0017,-0.0656,0.0183,0.0000,0.0000,0.0000,7.92,-8.13,-1.83,1,1,0.0000,0.0000,0.1500,0.00,0.8500,0.3500,0.9200,6.00,180.00,0.850000,0.050000,0.000000,1.100000,0.000000,0.000000,1.200000,0.000000,0.000000,1.350000,0.000000,0.000000,0.850000,0.020000,0.000000,0.008000,0.000000,0.000600,0.008000,0.000000,0.000600,0.006000,0.000000,0.000000,1,1,1,120,234,531461,531461,321016,210444,0,60.94,21728,7958,61,0,0,0,21674,497.02,497.02,0,902,0.0000,0.5000,0.5000,0.0000,0.5000
2026-04-27T18:52:05.025,2.014,1,0.30,0.40,-0.95,0.00,1,-0.0017,0.0657,0.1316,0.0000,0.0000,0.0000,-7.84,-5.35,56.23,63.45,121,121,1.00000,1.00000,1.00000,1.00000,3,3,1,21.53439,0.00243,1.06134,0.0017,-0.0657,0.0184,0.0000,0.0000,0.0000,7.84,-8.25,-1.82,1,1,0.0000,0.0000,0.1500,0.00,0.8500,0.3500,0.9200,6.00,180.00,0.850000,0.050000,0.000000,1.100000,0.000000,0.000000,1.200000,0.000000,0.000000,1.350000,0.000000,0.000000,0.850000,0.020000,0.000000,0.008000,0.000000,0.000600,0.008000,0.000000,0.000600,0.006000,0.000000,0.000000,1,1,1,121,234,531461,531461,321016,210444,0,60.94,21728,7958,61,0,0,0,21674,497.02,497.02,0,902,0.0000,0.5000,0.5000,0.0000,0.5000
2026-04-27T18:52:05.044,2.033,1,0.30,0.40,-0.95,0.00,1,-0.0018,0.0658,0.1316,0.0000,0.0000,0.0000,-7.77,-3.91,77.33,56.81,122,122,1.00000,1.00000,1.00000,1.00000,3,3,1,21.51968,0.00262,1.05917,0.0018,-0.0658,0.0184,0.0000,0.0000,0.0000,7.77,-8.42,-1.80,1,1,0.0000,0.0000,0.1500,0.00,0.8500,0.3500,0.9200,6.00,180.00,0.850000,0.050000,0.000000,1.100000,0.000000,0.000000,1.200000,0.000000,0.000000,1.350000,0.000000,0.000000,0.850000,0.020000,0.000000,0.008000,0.000000,0.000600,0.008000,0.000000,0.000600,0.006000,0.000000,0.000000,1,1,1,122,233,531461,531461,321016,210444,0,60.94,21728,7958,61,0,0,0,21674,497.02,497.02,0,902,0.0000,0.5000,0.5000,0.0000,0.5000
2026-04-27T18:52:05.059,2.048,1,0.30,0.40,-0.95,0.00,1,-0.0018,0.0655,0.1318,0.0000,0.0000,0.0000,-7.79,1.24,52.48,62.00,123,123,1.00000,1.00000,1.00000,1.00000,3,3,1,21.56125,0.00238,1.05798,0.0018,-0.0655,0.0182,0.0000,0.0000,0.0000,7.79,-8.38,-1.66,1,1,0.0000,0.0000,0.1500,0.00,0.8500,0.3500,0.9200,6.00,180.00,0.850000,0.050000,0.000000,1.100000,0.000000,0.000000,1.200000,0.000000,0.000000,1.350000,0.000000,0.000000,0.850000,0.020000,0.000000,0.008000,0.000000,0.000600,0.008000,0.000000,0.000600,0.006000,0.000000,0.000000,1,1,1,123,234,531461,531461,321016,210444,0,60.94,21728,7958,61,0,0,0,21674,497.02,497.02,0,902,0.0000,0.5000,0.5000,0.0000,0.5000
2026-04-27T18:52:05.077,2.066,1,0.30,0.40,-0.95,0.00,1,-0.0017,0.0657,0.1318,0.0000,0.0000,0.0000,-7.69,-5.92,55.53,57.39,124,124,1.00000,1.00000,1.00000,1.00000,3,3,1,21.55258,0.00258,1.06122,0.0017,-0.0657,0.0182,0.0000,0.0000,0.0000,7.69,-8.44,-1.73,1,1,0.0000,0.0000,0.1500,0.00,0.8500,0.3500,0.9200,6.00,180.00,0.850000,0.050000,0.000000,1.100000,0.000000,0.000000,1.200000,0.000000,0.000000,1.350000,0.000000,0.000000,0.850000,0.020000,0.000000,0.008000,0.000000,0.000600,0.008000,0.000000,0.000600,0.006000,0.000000,0.000000,1,1,1,124,234,531461,531461,321016,210444,0,60.94,21728,7958,61,0,0,0,21674,497.02,497.02,0,902,0.0000,0.5000,0.5000,0.0000,0.5000
2026-04-27T18:52:05.088,2.077,1,0.30,0.40,0.00,0.00,1,-0.0015,0.0656,0.1318,0.0000,0.0000,0.0000,-7.68,-0.80,64.96,66.28,125,125,1.00000,1.00000,1.00000,1.00000,3,3,1,21.49399,0.00244,1.05950,0.0015,-0.0656,0.0182,0.0000,0.0000,0.0000,7.68,-8.17,-1.69,1,1,0.0000,0.0000,0.1500,0.00,0.8500,0.3500,0.9200,6.00,180.00,0.850000,0.050000,0.000000,1.100000,0.000000,0.000000,1.200000,0.000000,0.000000,1.350000,0.000000,0.000000,0.850000,0.020000,0.000000,0.008000,0.000000,0.000600,0.008000,0.000000,0.000600,0.006000,0.000000,0.000000,1,1,1,125,234,531461,531461,321016,210444,0,60.94,21728,7958,61,0,0,0,21674,497.02,497.02,0,902,0.0000,0.5000,0.5000,0.0000,0.5000
2026-04-27T18:52:05.111,2.099,1,0.30,0.40,0.00,0.00,1,-0.0014,0.0658,0.1316,0.0000,0.0000,0.0000,-7.60,-3.77,90.33,55.54,126,126,1.00000,1.00000,1.00000,1.00000,3,3,1,21.53484,0.00247,1.06168,0.0014,-0.0658,0.0184,0.0000,0.0000,0.0000,7.60,-8.10,-1.77,1,1,0.0000,0.0000,0.1500,0.00,0.8500,0.3500,0.9200,6.00,180.00,0.850000,0.050000,0.000000,1.100000,0.000000,0.000000,1.200000,0.000000,0.000000,1.350000,0.000000,0.000000,0.850000,0.020000,0.000000,0.008000,0.000000,0.000600,0.008000,0.000000,0.000600,0.006000,0.000000,0.000000,1,1,1,126,228,531461,531461,321016,210444,0,60.94,21728,7958,61,0,0,0,21674,497.02,497.02,0,902,0.0000,0.5000,0.5000,0.0000,0.5000
2026-04-27T18:52:05.126,2.115,1,0.30,0.40,0.00,0.00,1,-0.0014,0.0658,0.1316,0.0000,0.0000,0.0000,-7.57,-1.96,43.05,64.50,127,127,1.00000,1.00000,1.00000,1.00000,3,3,1,21.53484,0.00247,1.06168,0.0014,-0.0658,0.0184,0.0000,0.0000,0.0000,7.57,-8.07,-1.80,1,1,0.0000,0.0000,0.1500,0.00,0.8500,0.3500,0.9200,6.00,180.00,0.850000,0.050000,0.000000,1.100000,0.000000,0.000000,1.200000,0.000000,0.000000,1.350000,0.000000,0.000000,0.850000,0.020000,0.000000,0.008000,0.000000,0.000600,0.008000,0.000000,0.000600,0.006000,0.000000,0.000000,1,1,1,127,229,531461,531461,321016,210444,0,60.94,21728,7958,61,0,0,0,21674,497.02,497.02,0,902,0.0000,0.5000,0.5000,0.0000,0.5000
2026-04-27T18:52:05.143,2.132,1,0.30,0.40,0.00,0.00,1,-0.0014,0.0658,0.1316,0.0000,0.0000,0.0000,-7.52,-2.76,62.07,56.37,128,128,1.00000,1.00000,1.00000,1.00000,3,3,1,21.52784,0.00247,1.06090,0.0014,-0.0658,0.0184,0.0000,0.0000,0.0000,7.52,-8.05,-1.82,1,1,0.0000,0.0000,0.1500,0.00,0.8500,0.3500,0.9200,6.00,180.00,0.850000,0.050000,0.000000,1.100000,0.000000,0.000000,1.200000,0.000000,0.000000,1.350000,0.000000,0.000000,0.850000,0.020000,0.000000,0.008000,0.000000,0.000600,0.008000,0.000000,0.000600,0.006000,0.000000,0.000000,1,1,1,128,230,531461,531461,321016,210444,0,60.94,21728,7958,61,0,0,0,21674,497.02,497.02,0,902,0.0000,0.5000,0.5000,0.0000,0.5000
2026-04-27T18:52:05.159,2.148,1,0.30,0.40,0.00,0.00,1,-0.0013,0.0657,0.1316,0.0000,0.0000,0.0000,-7.54,1.40,61.11,63.66,129,129,1.00000,1.00000,1.00000,1.00000,3,3,1,21.51450,0.00238,1.05995,0.0013,-0.0657,0.0184,0.0000,0.0000,0.0000,7.54,-7.89,-1.81,1,1,0.0000,0.0000,0.1500,0.00,0.8500,0.3500,0.9200,6.00,180.00,0.850000,0.050000,0.000000,1.100000,0.000000,0.000000,1.200000,0.000000,0.000000,1.350000,0.000000,0.000000,0.850000,0.020000,0.000000,0.008000,0.000000,0.000600,0.008000,0.000000,0.000600,0.006000,0.000000,0.000000,1,1,1,129,230,531461,531461,321016,210444,0,60.94,21728,7958,61,0,0,0,21674,497.02,497.02,0,902,0.0000,0.5000,0.5000,0.0000,0.5000
2026-04-27T18:52:05.176,2.165,1,0.30,0.40,0.00,0.00,1,-0.0015,0.0656,0.1317,0.0000,0.0000,0.0000,-7.44,-5.35,63.11,63.67,130,130,1.00000,1.00000,1.00000,1.00000,3,3,1,21.50562,0.00256,1.05873,0.0015,-0.0656,0.0183,0.0000,0.0000,0.0000,7.44,-8.18,-1.65,1,1,0.0000,0.0000,0.1500,0.00,0.8500,0.3500,0.9200,6.00,180.00,0.850000,0.050000,0.000000,1.100000,0.000000,0.000000,1.200000,0.000000,0.000000,1.350000,0.000000,0.000000,0.850000,0.020000,0.000000,0.008000,0.000000,0.000600,0.008000,0.000000,0.000600,0.006000,0.000000,0.000000,1,1,1,130,234,531461,531461,321016,210444,0,60.94,21728,7958,61,0,0,0,21674,497.02,497.02,0,902,0.0000,0.5000,0.5000,0.0000,0.5000
2026-04-27T18:52:05.196,2.185,1,0.30,0.40,0.00,0.00,1,-0.0016,0.0655,0.1317,0.0000,0.0000,0.0000,-7.39,-2.62,58.15,52.54,131,131,1.00000,1.00000,1.00000,1.00000,3,3,1,21.50982,0.00260,1.05956,0.0016,-0.0655,0.0183,0.0000,0.0000,0.0000,7.39,-8.39,-1.66,1,1,0.0000,0.0000,0.1500,0.00,0.8500,0.3500,0.9200,6.00,180.00,0.850000,0.050000,0.000000,1.100000,0.000000,0.000000,1.200000,0.000000,0.000000,1.350000,0.000000,0.000000,0.850000,0.020000,0.000000,0.008000,0.000000,0.000600,0.008000,0.000000,0.000600,0.006000,0.000000,0.000000,1,1,1,131,234,531461,531461,321016,210444,0,60.94,21728,7958,61,0,0,0,21674,497.02,497.02,0,902,0.0000,0.5000,0.5000,0.0000,0.5000
2026-04-27T18:52:05.209,2.198,1,0.30,0.40,0.00,0.00,1,-0.0014,0.0657,0.1316,0.0000,0.0000,0.0000,-7.43,2.93,50.08,64.25,132,132,1.00000,1.00000,1.00000,1.00000,3,3,1,21.53963,0.00245,1.06141,0.0014,-0.0657,0.0184,0.0000,0.0000,0.0000,7.43,-8.22,-1.74,1,1,0.0000,0.0000,0.1500,0.00,0.8500,0.3500,0.9200,6.00,180.00,0.850000,0.050000,0.000000,1.100000,0.000000,0.000000,1.200000,0.000000,0.000000,1.350000,0.000000,0.000000,0.850000,0.020000,0.000000,0.008000,0.000000,0.000600,0.008000,0.000000,0.000600,0.006000,0.000000,0.000000,1,1,1,132,230,531461,531461,321016,210444,0,60.94,21728,7958,61,0,0,0,21674,497.02,497.02,0,902,0.0000,0.5000,0.5000,0.0000,0.5000
2026-04-27T18:52:05.226,2.215,1,0.30,0.40,0.00,0.00,1,-0.0014,0.0656,0.1316,0.0000,0.0000,0.0000,-7.35,-4.66,75.97,61.34,133,133,1.00000,1.00000,1.00000,1.00000,3,3,1,21.50777,0.00247,1.05555,0.0014,-0.0656,0.0184,0.0000,0.0000,0.0000,7.35,-8.15,-1.61,1,1,0.0000,0.0000,0.1500,0.00,0.8500,0.3500,0.9200,6.00,180.00,0.850000,0.050000,0.000000,1.100000,0.000000,0.000000,1.200000,0.000000,0.000000,1.350000,0.000000,0.000000,0.850000,0.020000,0.000000,0.008000,0.000000,0.000600,0.008000,0.000000,0.000600,0.006000,0.000000,0.000000,1,1,1,133,230,531461,531461,321016,210444,0,60.94,21728,7958,61,0,0,0,21674,497.02,497.02,0,902,0.0000,0.5000,0.5000,0.0000,0.5000
2026-04-27T18:52:05.243,2.231,1,0.40,0.40,0.97,0.00,1,-0.0016,0.0655,0.1316,0.0000,0.0000,0.0000,-7.27,-4.79,63.82,56.48,134,134,1.00000,1.00000,1.00000,1.00000,3,3,1,21.48976,0.00258,1.05439,0.0016,-0.0655,0.0184,0.0000,0.0000,0.0000,7.27,-8.41,-1.53,1,1,0.0000,0.0000,0.1500,0.00,0.8500,0.3500,0.9200,6.00,180.00,0.850000,0.050000,0.000000,1.100000,0.000000,0.000000,1.200000,0.000000,0.000000,1.350000,0.000000,0.000000,0.850000,0.020000,0.000000,0.008000,0.000000,0.000600,0.008000,0.000000,0.000600,0.006000,0.000000,0.000000,1,1,1,134,234,531461,531461,321016,210444,0,60.94,21728,7958,61,0,0,0,21674,497.02,497.02,0,902,0.0000,0.5000,0.5000,0.0000,0.5000
2026-04-27T18:52:05.260,2.249,1,0.40,0.40,0.97,0.00,1,-0.0017,0.0654,0.1316,0.0000,0.0000,0.0000,-7.21,-3.64,55.32,63.90,135,135,1.00000,1.00000,1.00000,1.00000,3,3,1,21.47195,0.00260,1.05285,0.0017,-0.0654,0.0184,0.0000,0.0000,0.0000,7.21,-8.58,-1.45,1,1,0.0000,0.0000,0.1500,0.00,0.8500,0.3500,0.9200,6.00,180.00,0.850000,0.050000,0.000000,1.100000,0.000000,0.000000,1.200000,0.000000,0.000000,1.350000,0.000000,0.000000,0.850000,0.020000,0.000000,0.008000,0.000000,0.000600,0.008000,0.000000,0.000600,0.006000,0.000000,0.000000,1,1,1,135,234,531461,531461,321016,210444,0,60.94,21728,7958,61,0,0,0,21674,497.02,497.02,0,902,0.0000,0.5000,0.5000,0.0000,0.5000
2026-04-27T18:52:05.274,2.263,1,0.40,0.40,0.97,0.00,1,-0.0014,0.0654,0.1316,0.0000,0.0000,0.0000,-7.12,-5.97,61.99,63.57,136,136,1.00000,1.00000,1.00000,1.00000,3,3,1,21.44609,0.00250,1.05498,0.0014,-0.0654,0.0184,0.0000,0.0000,0.0000,7.12,-8.45,-1.36,1,1,0.0000,0.0000,0.1500,0.00,0.8500,0.3500,0.9200,6.00,180.00,0.850000,0.050000,0.000000,1.100000,0.000000,0.000000,1.200000,0.000000,0.000000,1.350000,0.000000,0.000000,0.850000,0.020000,0.000000,0.008000,0.000000,0.000600,0.008000,0.000000,0.000600,0.006000,0.000000,0.000000,1,1,1,136,230,531461,531461,321016,210444,0,60.94,21728,7958,61,0,0,0,21674,497.02,497.02,0,902,0.0000,0.5000,0.5000,0.0000,0.5000
2026-04-27T18:52:05.294,2.283,1,0.40,0.40,0.00,0.00,1,-0.0015,0.0653,0.1317,0.0000,0.0000,0.0000,-7.06,-3.23,71.06,56.76,137,137,1.00000,1.00000,1.00000,1.00000,3,3,1,21.44147,0.00253,1.05376,0.0015,-0.0653,0.0183,0.0000,0.0000,0.0000,7.06,-8.50,-1.37,1,1,0.0000,0.0000,0.1500,0.00,0.8500,0.3500,0.9200,6.00,180.00,0.850000,0.050000,0.000000,1.100000,0.000000,0.000000,1.200000,0.000000,0.000000,1.350000,0.000000,0.000000,0.850000,0.020000,0.000000,0.008000,0.000000,0.000600,0.008000,0.000000,0.000600,0.006000,0.000000,0.000000,1,1,1,137,233,531461,531461,321016,210444,0,60.94,21728,7958,61,0,0,0,21674,497.02,497.02,0,902,0.0000,0.5000,0.5000,0.0000,0.5000
2026-04-27T18:52:05.309,2.298,1,0.40,0.40,0.00,0.00,1,-0.0016,0.0654,0.1317,0.0000,0.0000,0.0000,-7.03,-1.87,51.05,57.71,138,138,1.00000,1.00000,1.00000,1.00000,3,3,1,21.51971,0.00264,1.05430,0.0016,-0.0654,0.0183,0.0000,0.0000,0.0000,7.03,-8.66,-1.31,1,1,0.0000,0.0000,0.1500,0.00,0.8500,0.3500,0.9200,6.00,180.00,0.850000,0.050000,0.000000,1.100000,0.000000,0.000000,1.200000,0.000000,0.000000,1.350000,0.000000,0.000000,0.850000,0.020000,0.000000,0.008000,0.000000,0.000600,0.008000,0.000000,0.000600,0.006000,0.000000,0.000000,1,1,1,138,234,531461,531461,321016,210444,0,60.94,21728,7958,61,0,0,0,21674,497.02,497.02,0,902,0.0000,0.5000,0.5000,0.0000,0.5000
2026-04-27T18:52:05.327,2.316,1,0.40,0.40,0.00,0.00,1,-0.0014,0.0656,0.1318,0.0000,0.0000,0.0000,-6.96,-4.09,58.66,59.52,139,139,1.00000,1.00000,1.00000,1.00000,3,3,1,21.44273,0.00255,1.05603,0.0014,-0.0656,0.0182,0.0000,0.0000,0.0000,6.96,-8.62,-1.46,1,1,0.0000,0.0000,0.1500,0.00,0.8500,0.3500,0.9200,6.00,180.00,0.850000,0.050000,0.000000,1.100000,0.000000,0.000000,1.200000,0.000000,0.000000,1.350000,0.000000,0.000000,0.850000,0.020000,0.000000,0.008000,0.000000,0.000600,0.008000,0.000000,0.000600,0.006000,0.000000,0.000000,1,1,1,139,230,531461,531461,321016,210444,0,60.94,21728,7958,61,0,0,0,21674,497.02,497.02,0,902,0.0000,0.5000,0.5000,0.0000,0.5000
2026-04-27T18:52:05.343,2.332,1,0.40,0.40,0.00,0.00,1,-0.0014,0.0657,0.1319,0.0000,0.0000,0.0000,-6.87,-5.26,58.49,63.37,140,140,1.00000,1.00000,1.00000,1.00000,3,3,1,21.47403,0.00257,1.05796,0.0014,-0.0657,0.0181,0.0000,0.0000,0.0000,6.87,-8.72,-1.47,1,1,0.0000,0.0000,0.1500,0.00,0.8500,0.3500,0.9200,6.00,180.00,0.850000,0.050000,0.000000,1.100000,0.000000,0.000000,1.200000,0.000000,0.000000,1.350000,0.000000,0.000000,0.850000,0.020000,0.000000,0.008000,0.000000,0.000600,0.008000,0.000000,0.000600,0.006000,0.000000,0.000000,1,1,1,140,230,531461,531461,321016,210444,0,60.94,21728,7958,61,0,0,0,21674,497.02,497.02,0,902,0.0000,0.5000,0.5000,0.0000,0.5000
2026-04-27T18:52:05.360,2.348,1,0.40,0.40,0.00,0.00,1,-0.0012,0.0657,0.1320,-0.0103,0.0000,0.0000,-6.78,-5.81,66.26,56.52,141,141,1.00000,1.00000,1.00000,1.00000,3,3,1,21.54484,0.00260,1.05618,0.0012,-0.0657,0.0180,-0.0103,0.0000,0.0000,6.78,-8.51,-1.41,1,1,0.0000,0.0000,0.1500,0.00,0.8500,0.3500,0.9200,6.00,180.00,0.850000,0.050000,0.000000,1.100000,0.000000,0.000000,1.200000,0.000000,0.000000,1.350000,0.000000,0.000000,0.850000,0.020000,0.000000,0.008000,0.000000,0.000600,0.008000,0.000000,0.000600,0.006000,0.000000,0.000000,1,1,1,141,234,531461,531461,321016,210444,0,60.94,21728,7958,61,0,0,0,21674,497.02,497.02,0,902,0.0000,0.5000,0.5000,0.0000,0.5000
2026-04-27T18:52:05.375,2.364,1,0.40,0.40,0.00,0.00,1,-0.0011,0.0656,0.1320,0.0000,0.0000,0.0000,-6.67,-6.62,56.89,64.25,142,142,1.00000,1.00000,1.00000,1.00000,3,3,1,21.51912,0.00268,1.05464,0.0011,-0.0656,0.0180,0.0000,0.0000,0.0000,6.67,-8.53,-1.26,1,1,0.0000,0.0000,0.1500,0.00,0.8500,0.3500,0.9200,6.00,180.00,0.850000,0.050000,0.000000,1.100000,0.000000,0.000000,1.200000,0.000000,0.000000,1.350000,0.000000,0.000000,0.850000,0.020000,0.000000,0.008000,0.000000,0.000600,0.008000,0.000000,0.000600,0.006000,0.000000,0.000000,1,1,1,142,230,531461,531461,321016,210444,0,60.94,21728,7958,61,0,0,0,21674,497.02,497.02,0,902,0.0000,0.5000,0.5000,0.0000,0.5000
2026-04-27T18:52:05.393,2.382,1,0.40,0.40,0.00,0.00,1,-0.0009,0.0656,0.1320,0.0000,0.0000,0.0000,-6.54,-7.82,68.81,59.50,143,143,1.00000,1.00000,1.00000,1.00000,3,3,1,21.53123,0.00253,1.05707,0.0009,-0.0656,0.0180,0.0000,0.0000,0.0000,6.54,-8.38,-1.26,1,1,0.0000,0.0000,0.1500,0.00,0.8500,0.3500,0.9200,6.00,180.00,0.850000,0.050000,0.000000,1.100000,0.000000,0.000000,1.200000,0.000000,0.000000,1.350000,0.000000,0.000000,0.850000,0.020000,0.000000,0.008000,0.000000,0.000600,0.008000,0.000000,0.000600,0.006000,0.000000,0.000000,1,1,1,143,230,531461,531461,321016,210444,0,60.94,21728,7958,61,0,0,0,21674,497.02,497.02,0,902,0.0000,0.5000,0.5000,0.0000,0.5000
2026-04-27T18:52:05.411,2.400,1,0.40,0.40,0.00,0.00,1,-0.0009,0.0654,0.1322,0.0000,0.0000,0.0000,-6.36,-10.08,53.52,56.70,144,144,1.00000,1.00000,1.00000,1.00000,3,3,1,21.56215,0.00261,1.05674,0.0009,-0.0654,0.0178,0.0000,0.0000,0.0000,6.36,-8.50,-1.12,1,1,0.0000,0.0000,0.1500,0.00,0.8500,0.3500,0.9200,6.00,180.00,0.850000,0.050000,0.000000,1.100000,0.000000,0.000000,1.200000,0.000000,0.000000,1.350000,0.000000,0.000000,0.850000,0.020000,0.000000,0.008000,0.000000,0.000600,0.008000,0.000000,0.000600,0.006000,0.000000,0.000000,1,1,1,144,229,531461,531461,321016,210444,0,60.94,21728,7958,61,0,0,0,21674,497.02,497.02,0,902,0.0000,0.5000,0.5000,0.0000,0.5000
2026-04-27T18:52:05.423,2.412,1,0.40,0.40,0.00,0.00,1,-0.0010,0.0654,0.1323,0.0000,0.0000,0.0000,-6.16,-14.78,55.51,62.76,145,145,1.00000,1.00000,1.00000,1.00000,3,3,1,21.57115,0.00253,1.05560,0.0010,-0.0654,0.0177,0.0000,0.0000,0.0000,6.16,-8.63,-1.09,1,1,0.0000,0.0000,0.1500,0.00,0.8500,0.3500,0.9200,6.00,180.00,0.850000,0.050000,0.000000,1.100000,0.000000,0.000000,1.200000,0.000000,0.000000,1.350000,0.000000,0.000000,0.850000,0.020000,0.000000,0.008000,0.000000,0.000600,0.008000,0.000000,0.000600,0.006000,0.000000,0.000000,1,1,1,145,230,531461,531461,321016,210444,0,60.94,21728,7958,61,0,0,0,21674,497.02,497.02,0,902,0.0000,0.5000,0.5000,0.0000,0.5000
2026-04-27T18:52:05.443,2.432,1,0.40,0.40,0.00,0.00,1,-0.0009,0.0654,0.1323,0.0000,0.0000,0.0000,-6.00,-8.08,88.47,59.66,146,146,1.00000,1.00000,1.00000,1.00000,3,3,1,21.57827,0.00262,1.05739,0.0009,-0.0654,0.0177,0.0000,0.0000,0.0000,6.00,-8.50,-0.93,1,1,0.0000,0.0000,0.1500,0.00,0.8500,0.3500,0.9200,6.00,180.00,0.850000,0.050000,0.000000,1.100000,0.000000,0.000000,1.200000,0.000000,0.000000,1.350000,0.000000,0.000000,0.850000,0.020000,0.000000,0.008000,0.000000,0.000600,0.008000,0.000000,0.000600,0.006000,0.000000,0.000000,1,1,1,146,226,531461,531461,321016,210444,0,60.94,21728,7958,61,0,0,0,21674,497.02,497.02,0,902,0.0000,0.5000,0.5000,0.0000,0.5000
2026-04-27T18:52:05.460,2.449,1,0.40,0.40,0.00,0.00,1,-0.0008,0.0654,0.1325,0.0000,0.0000,0.0000,-5.57,-26.94,47.47,58.98,147,147,1.00000,1.00000,1.00000,1.00000,3,3,1,21.54720,0.00265,1.06221,0.0008,-0.0654,0.0175,0.0000,0.0000,0.0000,5.57,-8.57,-1.09,1,1,0.0000,0.0000,0.1500,0.00,0.8500,0.3500,0.9200,6.00,180.00,0.850000,0.050000,0.000000,1.100000,0.000000,0.000000,1.200000,0.000000,0.000000,1.350000,0.000000,0.000000,0.850000,0.020000,0.000000,0.008000,0.000000,0.000600,0.008000,0.000000,0.000600,0.006000,0.000000,0.000000,1,1,1,147,230,531461,531461,321016,210444,0,60.94,21728,7958,61,0,0,0,21674,497.02,497.02,0,902,0.0000,0.5000,0.5000,0.0000,0.5000
2026-04-27T18:52:05.475,2.464,1,0.40,0.40,0.00,0.00,1,-0.0009,0.0656,0.1326,0.0000,0.0000,0.0000,-5.32,-15.23,58.50,62.70,148,148,1.00000,1.00000,1.00000,1.00000,3,3,1,21.57644,0.00277,1.06455,0.0009,-0.0656,0.0174,0.0000,0.0000,0.0000,5.32,-8.75,-1.16,1,1,0.0000,0.0000,0.1500,0.00,0.8500,0.3500,0.9200,6.00,180.00,0.850000,0.050000,0.000000,1.100000,0.000000,0.000000,1.200000,0.000000,0.000000,1.350000,0.000000,0.000000,0.850000,0.020000,0.000000,0.008000,0.000000,0.000600,0.008000,0.000000,0.000600,0.006000,0.000000,0.000000,1,1,1,148,230,531461,531461,321016,210444,0,60.94,21728,7958,61,0,0,0,21674,497.02,497.02,0,902,0.0000,0.5000,0.5000,0.0000,0.5000
2026-04-27T18:52:05.493,2.482,1,0.40,0.40,0.00,0.00,1,-0.0009,0.0659,0.1326,0.0000,-0.0104,0.0000,-5.03,-16.10,59.78,56.45,149,149,1.00000,1.00000,1.00000,1.00000,3,3,1,21.46335,0.00275,1.06270,0.0009,-0.0659,0.0174,0.0000,-0.0104,0.0000,5.03,-8.86,-1.26,1,1,0.0000,0.0000,0.1500,0.00,0.8500,0.3500,0.9200,6.00,180.00,0.850000,0.050000,0.000000,1.100000,0.000000,0.000000,1.200000,0.000000,0.000000,1.350000,0.000000,0.000000,0.850000,0.020000,0.000000,0.008000,0.000000,0.000600,0.008000,0.000000,0.000600,0.006000,0.000000,0.000000,1,1,1,149,234,531461,531461,321016,210444,0,60.94,21728,7958,61,0,0,0,21674,497.02,497.02,0,902,0.0000,0.5000,0.5000,0.0000,0.5000
2026-04-27T18:52:05.510,2.499,1,0.40,0.40,0.00,0.00,1,-0.0010,0.0661,0.1325,0.0000,-0.0108,0.0000,-4.78,-16.16,61.31,63.88,150,150,1.00000,1.00000,1.00000,1.00000,3,3,1,21.52163,0.00288,1.06256,0.0010,-0.0661,0.0175,0.0000,-0.0108,0.0000,4.78,-9.09,-1.36,1,1,0.0000,0.0000,0.1500,0.00,0.8500,0.3500,0.9200,6.00,180.00,0.850000,0.050000,0.000000,1.100000,0.000000,0.000000,1.200000,0.000000,0.000000,1.350000,0.000000,0.000000,0.850000,0.020000,0.000000,0.008000,0.000000,0.000600,0.008000,0.000000,0.000600,0.006000,0.000000,0.000000,1,1,1,150,235,531461,531461,321016,210444,0,60.94,21728,7958,61,0,0,0,21674,497.02,497.02,0,902,0.0000,0.5000,0.5000,0.0000,0.5000
2026-04-27T18:52:05.525,2.514,1,0.40,0.40,0.00,0.00,1,-0.0009,0.0667,0.1319,0.0000,-0.0240,0.0203,-4.51,-16.50,59.05,58.73,151,151,1.00000,1.00000,1.00000,1.00000,3,3,1,21.56098,0.00255,1.05898,0.0009,-0.0667,0.0181,0.0000,-0.0240,0.0203,4.51,-9.02,-1.38,1,1,0.0000,0.0000,0.1500,0.00,0.8500,0.3500,0.9200,6.00,180.00,0.850000,0.050000,0.000000,1.100000,0.000000,0.000000,1.200000,0.000000,0.000000,1.350000,0.000000,0.000000,0.850000,0.020000,0.000000,0.008000,0.000000,0.000600,0.008000,0.000000,0.000600,0.006000,0.000000,0.000000,1,1,1,151,238,531461,531461,321016,210444,0,60.94,21728,7958,61,0,0,0,21674,497.02,497.02,0,902,0.0000,0.5000,0.5000,0.0000,0.5000
2026-04-27T18:52:05.543,2.532,1,0.40,0.40,0.00,0.00,1,-0.0009,0.0665,0.1319,0.0000,0.0000,0.0000,-4.20,-17.50,67.14,60.10,152,152,1.00000,1.00000,1.00000,1.00000,3,3,1,21.54848,0.00249,1.05538,0.0009,-0.0665,0.0181,0.0000,0.0000,0.0000,4.20,-8.94,-1.18,1,1,0.0000,0.0000,0.1500,0.00,0.8500,0.3500,0.9200,6.00,180.00,0.850000,0.050000,0.000000,1.100000,0.000000,0.000000,1.200000,0.000000,0.000000,1.350000,0.000000,0.000000,0.850000,0.020000,0.000000,0.008000,0.000000,0.000600,0.008000,0.000000,0.000600,0.006000,0.000000,0.000000,1,1,1,152,229,531461,531461,321016,210444,0,60.94,21728,7958,151,0,0,0,21764,496.52,496.52,0,1695,0.0000,0.4920,0.5000,0.6320,0.5150
2026-04-27T18:52:05.560,2.549,1,0.40,0.40,0.00,0.00,1,-0.0008,0.0666,0.1318,0.0000,0.0000,0.0000,-4.00,-12.45,59.85,57.55,153,153,1.00000,1.00000,1.00000,1.00000,3,3,1,21.58268,0.00253,1.05233,0.0008,-0.0666,0.0182,0.0000,0.0000,0.0000,4.00,-8.85,-1.01,1,1,0.0000,0.0000,0.1500,0.00,0.8500,0.3500,0.9200,6.00,180.00,0.850000,0.050000,0.000000,1.100000,0.000000,0.000000,1.200000,0.000000,0.000000,1.350000,0.000000,0.000000,0.850000,0.020000,0.000000,0.008000,0.000000,0.000600,0.008000,0.000000,0.000600,0.006000,0.000000,0.000000,1,1,1,153,227,531461,531461,321016,210444,0,60.94,21728,7958,151,0,0,0,21764,496.52,496.52,0,1695,0.0000,0.4920,0.5000,0.6320,0.5150
2026-04-27T18:52:05.576,2.564,1,0.40,0.40,0.00,0.00,1,-0.0006,0.0667,0.1320,0.0000,0.0000,0.0000,-3.73,-17.27,54.37,64.18,154,154,1.00000,1.00000,1.00000,1.00000,3,3,1,21.61510,0.00262,1.05366,0.0006,-0.0667,0.0180,0.0000,0.0000,0.0000,3.73,-8.76,-0.96,1,1,0.0000,0.0000,0.1500,0.00,0.8500,0.3500,0.9200,6.00,180.00,0.850000,0.050000,0.000000,1.100000,0.000000,0.000000,1.200000,0.000000,0.000000,1.350000,0.000000,0.000000,0.850000,0.020000,0.000000,0.008000,0.000000,0.000600,0.008000,0.000000,0.000600,0.006000,0.000000,0.000000,1,1,1,154,230,531461,531461,321016,210444,0,60.94,21728,7958,151,0,0,0,21764,496.52,496.52,0,1695,0.0000,0.4920,0.5000,0.6320,0.5150
2026-04-27T18:52:05.591,2.580,1,0.40,0.60,-1.03,0.00,1,-0.0005,0.0668,0.1320,0.0000,0.0000,0.0000,-3.50,-14.02,64.29,59.69,155,155,1.00000,1.00000,1.00000,1.00000,3,3,1,21.62258,0.00255,1.05428,0.0005,-0.0668,0.0180,0.0000,0.0000,0.0000,3.50,-8.60,-0.86,1,1,0.0000,0.0000,0.1500,0.00,0.8500,0.3500,0.9200,6.00,180.00,0.850000,0.050000,0.000000,1.100000,0.000000,0.000000,1.200000,0.000000,0.000000,1.350000,0.000000,0.000000,0.850000,0.020000,0.000000,0.008000,0.000000,0.000600,0.008000,0.000000,0.000600,0.006000,0.000000,0.000000,1,1,1,155,228,531461,531461,321016,210444,0,60.94,21728,7958,151,0,0,0,21764,496.52,496.52,0,1695,0.0000,0.4920,0.5000,0.6320,0.5150
2026-04-27T18:52:05.611,2.600,1,0.40,0.60,-1.03,0.00,1,-0.0005,0.0669,0.1323,0.0000,0.0000,0.0000,-3.21,-15.35,70.62,56.91,156,156,1.00000,1.00000,1.00000,1.00000,3,3,1,21.62775,0.00258,1.05582,0.0005,-0.0669,0.0177,0.0000,0.0000,0.0000,3.21,-8.68,-0.75,1,1,0.0000,0.0000,0.1500,0.00,0.8500,0.3500,0.9200,6.00,180.00,0.850000,0.050000,0.000000,1.100000,0.000000,0.000000,1.200000,0.000000,0.000000,1.350000,0.000000,0.000000,0.850000,0.020000,0.000000,0.008000,0.000000,0.000600,0.008000,0.000000,0.000600,0.006000,0.000000,0.000000,1,1,1,156,230,531461,531461,321016,210444,0,60.94,21728,7958,151,0,0,0,21764,496.52,496.52,0,1695,0.0000,0.4920,0.5000,0.6320,0.5150
2026-04-27T18:52:05.626,2.615,1,0.40,0.60,-1.03,0.00,1,-0.0005,0.0675,0.1322,0.0000,-0.0234,0.0000,-3.09,-7.99,47.86,63.67,157,157,1.00000,1.00000,1.00000,1.00000,3,3,1,21.65343,0.00277,1.05543,0.0005,-0.0675,0.0178,0.0000,-0.0234,0.0000,3.09,-8.85,-0.82,1,1,0.0000,0.0000,0.1500,0.00,0.8500,0.3500,0.9200,6.00,180.00,0.850000,0.050000,0.000000,1.100000,0.000000,0.000000,1.200000,0.000000,0.000000,1.350000,0.000000,0.000000,0.850000,0.020000,0.000000,0.008000,0.000000,0.000600,0.008000,0.000000,0.000600,0.006000,0.000000,0.000000,1,1,1,157,235,531461,531461,321016,210444,0,60.94,21728,7958,151,0,0,0,21764,496.52,496.52,0,1695,0.0000,0.4920,0.5000,0.6320,0.5150
2026-04-27T18:52:05.643,2.631,1,0.40,0.60,-1.03,0.00,1,-0.0002,0.0678,0.1321,-0.0127,-0.0175,0.0000,-3.02,-3.95,66.54,63.85,158,158,1.00000,1.00000,1.00000,1.00000,3,3,1,21.63539,0.00271,1.05599,0.0002,-0.0678,0.0179,-0.0127,-0.0175,0.0000,3.02,-8.51,-0.93,1,1,0.0000,0.0000,0.1500,0.00,0.8500,0.3500,0.9200,6.00,180.00,0.850000,0.050000,0.000000,1.100000,0.000000,0.000000,1.200000,0.000000,0.000000,1.350000,0.000000,0.000000,0.850000,0.020000,0.000000,0.008000,0.000000,0.000600,0.008000,0.000000,0.000600,0.006000,0.000000,0.000000,1,1,1,158,240,531461,531461,321016,210444,0,60.94,21728,7958,151,0,0,0,21764,496.52,496.52,0,1695,0.0000,0.4920,0.5000,0.6320,0.5150
2026-04-27T18:52:05.660,2.649,1,0.40,0.60,-1.03,0.00,1,0.0003,0.0684,0.1317,-0.0192,-0.0265,0.0135,-3.00,-1.23,63.77,53.59,159,159,1.00000,1.00000,1.00000,1.00000,3,3,1,21.58664,0.00248,1.05776,-0.0003,-0.0684,0.0183,-0.0192,-0.0265,0.0135,3.00,-7.75,-1.26,1,1,0.0000,0.0000,0.1500,0.00,0.8500,0.3500,0.9200,6.00,180.00,0.850000,0.050000,0.000000,1.100000,0.000000,0.000000,1.200000,0.000000,0.000000,1.350000,0.000000,0.000000,0.850000,0.020000,0.000000,0.008000,0.000000,0.000600,0.008000,0.000000,0.000600,0.006000,0.000000,0.000000,1,1,1,159,241,531461,531461,321016,210444,0,60.94,21728,7958,151,0,0,0,21764,496.52,496.52,0,1695,0.0000,0.4920,0.5000,0.6320,0.5150
2026-04-27T18:52:05.676,2.665,1,0.40,0.60,-1.03,0.00,1,0.0003,0.0689,0.1313,0.0000,-0.0297,0.0168,-2.92,-5.42,53.73,61.85,160,160,1.00000,1.00000,1.00000,1.00000,3,3,1,21.55950,0.00252,1.05562,-0.0003,-0.0689,0.0187,0.0000,-0.0297,0.0168,2.92,-7.69,-1.57,1,1,0.0000,0.0000,0.1500,0.00,0.8500,0.3500,0.9200,6.00,180.00,0.850000,0.050000,0.000000,1.100000,0.000000,0.000000,1.200000,0.000000,0.000000,1.350000,0.000000,0.000000,0.850000,0.020000,0.000000,0.008000,0.000000,0.000600,0.008000,0.000000,0.000600,0.006000,0.000000,0.000000,1,1,1,160,238,531461,531461,321016,210444,0,60.94,21728,7958,151,0,0,0,21764,496.52,496.52,0,1695,0.0000,0.4920,0.5000,0.6320,0.5150
2026-04-27T18:52:05.694,2.683,1,0.40,0.60,-1.03,0.00,1,0.0004,0.0693,0.1306,0.0000,-0.0253,0.0272,-2.91,-0.52,63.30,58.01,161,161,1.00000,1.00000,1.00000,1.00000,3,3,1,21.57543,0.00245,1.05548,-0.0004,-0.0693,0.0194,0.0000,-0.0253,0.0272,2.91,-7.39,-1.73,1,1,0.0000,0.0000,0.1500,0.00,0.8500,0.3500,0.9200,6.00,180.00,0.850000,0.050000,0.000000,1.100000,0.000000,0.000000,1.200000,0.000000,0.000000,1.350000,0.000000,0.000000,0.850000,0.020000,0.000000,0.008000,0.000000,0.000600,0.008000,0.000000,0.000600,0.006000,0.000000,0.000000,1,1,1,161,239,531461,531461,321016,210444,0,60.94,21728,7958,151,0,0,0,21764,496.52,496.52,0,1695,0.0000,0.4920,0.5000,0.6320,0.5150
2026-04-27T18:52:05.710,2.699,1,0.40,0.60,-1.03,0.00,1,0.0001,0.0698,0.1297,0.0000,-0.0286,0.0427,-2.77,-8.71,56.00,62.44,162,162,1.00000,1.00000,1.00000,1.00000,3,3,1,21.54495,0.00265,1.05180,-0.0001,-0.0698,0.0203,0.0000,-0.0286,0.0427,2.77,-7.53,-1.71,1,1,0.0000,0.0000,0.1500,0.00,0.8500,0.3500,0.9200,6.00,180.00,0.850000,0.050000,0.000000,1.100000,0.000000,0.000000,1.200000,0.000000,0.000000,1.350000,0.000000,0.000000,0.850000,0.020000,0.000000,0.008000,0.000000,0.000600,0.008000,0.000000,0.000600,0.006000,0.000000,0.000000,1,1,1,162,237,531461,531461,321016,210444,0,60.94,21728,7958,151,0,0,0,21764,496.52,496.52,0,1695,0.0000,0.4920,0.5000,0.6320,0.5150
2026-04-27T18:52:05.725,2.714,1,0.40,0.60,-1.03,0.00,1,-0.0002,0.0701,0.1288,0.0105,-0.0237,0.0444,-2.59,-11.06,57.69,61.70,163,163,1.00000,1.00000,1.00000,1.00000,3,3,1,21.60233,0.00269,1.05253,0.0002,-0.0701,0.0212,0.0105,-0.0237,0.0444,2.59,-7.78,-1.71,1,1,0.0000,0.0000,0.1500,0.00,0.8500,0.3500,0.9200,6.00,180.00,0.850000,0.050000,0.000000,1.100000,0.000000,0.000000,1.200000,0.000000,0.000000,1.350000,0.000000,0.000000,0.850000,0.020000,0.000000,0.008000,0.000000,0.000600,0.008000,0.000000,0.000600,0.006000,0.000000,0.000000,1,1,1,163,242,531461,531461,321016,210444,0,60.94,21728,7958,151,0,0,0,21764,496.52,496.52,0,1695,0.0000,0.4920,0.5000,0.6320,0.5150
2026-04-27T18:52:05.743,2.732,1,1.29,-0.19,8.82,-7.75,1,-0.0005,0.0705,0.1275,0.0138,-0.0249,0.0613,-2.45,-7.67,66.59,56.69,164,164,1.00000,1.00000,1.00000,1.00000,3,3,1,21.60050,0.00274,1.05955,0.0005,-0.0705,0.0225,0.0138,-0.0249,0.0613,2.45,-8.05,-1.85,1,1,0.0000,0.0000,0.1500,0.00,0.8500,0.3500,0.9200,6.00,180.00,0.850000,0.050000,0.000000,1.100000,0.000000,0.000000,1.200000,0.000000,0.000000,1.350000,0.000000,0.000000,0.850000,0.020000,0.000000,0.008000,0.000000,0.000600,0.008000,0.000000,0.000600,0.006000,0.000000,0.000000,1,1,1,164,242,531461,531461,321016,210444,0,60.94,21728,7958,151,0,0,0,21764,496.52,496.52,0,1695,0.0000,0.4920,0.5000,0.6320,0.5150
2026-04-27T18:52:05.759,2.748,1,1.29,-0.19,8.82,-7.75,1,-0.0005,0.0711,0.1259,0.0000,-0.0329,0.0815,-2.51,3.91,56.49,67.42,165,165,1.00000,1.00000,1.00000,1.00000,3,3,1,21.61595,0.00291,1.05846,0.0005,-0.0711,0.0241,0.0000,-0.0329,0.0815,2.51,-7.88,-2.17,1,1,0.0000,0.0000,0.1500,0.00,0.8500,0.3500,0.9200,6.00,180.00,0.850000,0.050000,0.000000,1.100000,0.000000,0.000000,1.200000,0.000000,0.000000,1.350000,0.000000,0.000000,0.850000,0.020000,0.000000,0.008000,0.000000,0.000600,0.008000,0.000000,0.000600,0.006000,0.000000,0.000000,1,1,1,165,239,531461,531461,321016,210444,0,60.94,21728,7958,151,0,0,0,21764,496.52,496.52,0,1695,0.0000,0.4920,0.5000,0.6320,0.5150
2026-04-27T18:52:05.777,2.766,1,1.29,-0.19,8.82,-7.75,1,-0.0010,0.0715,0.1242,0.0183,-0.0237,0.0846,-2.54,1.75,71.98,54.16,166,166,1.00000,1.00000,1.00000,1.00000,3,3,1,21.48665,0.00267,1.06063,0.0010,-0.0715,0.0258,0.0183,-0.0237,0.0846,2.54,-8.09,-2.24,1,1,0.0000,0.0000,0.1500,0.00,0.8500,0.3500,0.9200,6.00,180.00,0.850000,0.050000,0.000000,1.100000,0.000000,0.000000,1.200000,0.000000,0.000000,1.350000,0.000000,0.000000,0.850000,0.020000,0.000000,0.008000,0.000000,0.000600,0.008000,0.000000,0.000600,0.006000,0.000000,0.000000,1,1,1,166,243,531461,531461,321016,210444,0,60.94,21728,7958,151,0,0,0,21764,496.52,496.52,0,1695,0.0000,0.4920,0.5000,0.6320,0.5150
2026-04-27T18:52:05.791,2.780,1,1.29,-0.19,8.82,-7.75,1,-0.0012,0.0719,0.1218,0.0132,-0.0300,0.1258,-2.56,1.31,55.20,61.96,167,167,1.00000,1.00000,1.00000,1.00000,3,3,1,21.52698,0.00273,1.05801,0.0012,-0.0719,0.0282,0.0132,-0.0300,0.1258,2.56,-8.02,-2.39,1,1,0.0000,0.0000,0.1500,0.00,0.8500,0.3500,0.9200,6.00,180.00,0.850000,0.050000,0.000000,1.100000,0.000000,0.000000,1.200000,0.000000,0.000000,1.350000,0.000000,0.000000,0.850000,0.020000,0.000000,0.008000,0.000000,0.000600,0.008000,0.000000,0.000600,0.006000,0.000000,0.000000,1,1,1,167,242,531461,531461,321016,210444,0,60.94,21728,7958,151,0,0,0,21764,496.52,496.52,0,1695,0.0000,0.4920,0.5000,0.6320,0.5150
2026-04-27T18:52:05.810,2.799,1,1.29,-0.19,8.82,-7.75,1,-0.0014,0.0720,0.1191,0.0101,-0.0168,0.1352,-2.65,5.14,58.15,57.92,168,168,1.00000,1.00000,1.00000,1.00000,3,3,1,21.42428,0.00274,1.05611,0.0014,-0.0720,0.0309,0.0101,-0.0168,0.1352,2.65,-7.68,-2.23,1,1,0.0000,0.0000,0.1500,0.00,0.8500,0.3500,0.9200,6.00,180.00,0.850000,0.050000,0.000000,1.100000,0.000000,0.000000,1.200000,0.000000,0.000000,1.350000,0.000000,0.000000,0.850000,0.020000,0.000000,0.008000,0.000000,0.000600,0.008000,0.000000,0.000600,0.006000,0.000000,0.000000,1,1,1,168,242,531461,531461,321016,210444,0,60.94,21728,7958,151,0,0,0,21764,496.52,496.52,0,1695,0.0000,0.4920,0.5000,0.6320,0.5150
2026-04-27T18:52:05.827,2.816,1,1.29,-0.19,8.82,-7.75,1,-0.0018,0.0724,0.1159,0.0200,-0.0239,0.1641,-2.74,5.27,58.64,64.14,169,169,1.00000,1.00000,1.00000,1.00000,3,3,1,21.44638,0.00264,1.05205,0.0018,-0.0724,0.0341,0.0200,-0.0239,0.1641,2.74,-7.73,-2.41,1,1,0.0000,0.0000,0.1500,0.00,0.8500,0.3500,0.9200,6.00,180.00,0.850000,0.050000,0.000000,1.100000,0.000000,0.000000,1.200000,0.000000,0.000000,1.350000,0.000000,0.000000,0.850000,0.020000,0.000000,0.008000,0.000000,0.000600,0.008000,0.000000,0.000600,0.006000,0.000000,0.000000,1,1,1,169,246,531461,531461,321016,210444,0,60.94,21728,7958,151,0,0,0,21764,496.52,496.52,0,1695,0.0000,0.4920,0.5000,0.6320,0.5150
2026-04-27T18:52:05.844,2.832,1,1.29,-0.19,8.82,-7.75,1,-0.0022,0.0730,0.1123,0.0218,-0.0271,0.1892,-2.67,-4.50,59.73,60.13,170,170,1.00000,1.00000,1.00000,1.00000,3,3,1,21.40923,0.00287,1.05109,0.0022,-0.0730,0.0377,0.0218,-0.0271,0.1892,2.67,-7.66,-2.50,1,1,0.0000,0.0000,0.1500,0.00,0.8500,0.3500,0.9200,6.00,180.00,0.850000,0.050000,0.000000,1.100000,0.000000,0.000000,1.200000,0.000000,0.000000,1.350000,0.000000,0.000000,0.850000,0.020000,0.000000,0.008000,0.000000,0.000600,0.008000,0.000000,0.000600,0.006000,0.000000,0.000000,1,1,1,170,246,531461,531461,321016,210444,0,60.94,21728,7958,151,0,0,0,21764,496.52,496.52,0,1695,0.0000,0.4920,0.5000,0.6320,0.5150
2026-04-27T18:52:05.860,2.848,1,1.29,-0.60,0.00,-3.89,1,-0.0024,0.0729,0.1086,0.0151,-0.0114,0.2018,-2.71,2.19,64.04,56.40,171,171,1.00000,1.00000,1.00000,1.00000,3,3,1,21.33501,0.00278,1.04794,0.0024,-0.0729,0.0414,0.0151,-0.0114,0.2018,2.71,-7.45,-2.31,1,1,0.0000,0.0000,0.1500,0.00,0.8500,0.3500,0.9200,6.00,180.00,0.850000,0.050000,0.000000,1.100000,0.000000,0.000000,1.200000,0.000000,0.000000,1.350000,0.000000,0.000000,0.850000,0.020000,0.000000,0.008000,0.000000,0.000600,0.008000,0.000000,0.000600,0.006000,0.000000,0.000000,1,1,1,171,247,531461,531461,321016,210444,0,60.94,21728,7958,151,0,0,0,21764,496.52,496.52,0,1695,0.0000,0.4920,0.5000,0.6320,0.5150
2026-04-27T18:52:05.876,2.865,1,1.29,-0.60,0.00,-3.89,1,-0.0030,0.0731,0.1049,0.0321,-0.0151,0.2464,-2.79,5.33,54.09,63.00,172,172,1.00000,1.00000,1.00000,1.00000,3,3,1,21.21978,0.00286,1.05159,0.0030,-0.0731,0.0451,0.0321,-0.0151,0.2464,2.79,-7.63,-2.34,1,1,0.0000,0.0000,0.1500,0.00,0.8500,0.3500,0.9200,6.00,180.00,0.850000,0.050000,0.000000,1.100000,0.000000,0.000000,1.200000,0.000000,0.000000,1.350000,0.000000,0.000000,0.850000,0.020000,0.000000,0.008000,0.000000,0.000600,0.008000,0.000000,0.000600,0.006000,0.000000,0.000000,1,1,1,172,247,531461,531461,321016,210444,0,60.94,21728,7958,151,0,0,0,21764,496.52,496.52,0,1695,0.0000,0.4920,0.5000,0.6320,0.5150
2026-04-27T18:52:05.893,2.881,1,1.29,-0.60,0.00,-3.89,1,-0.0030,0.0733,0.0998,0.0149,-0.0136,0.2424,-2.91,7.11,70.86,61.00,173,173,1.00000,1.00000,1.00000,1.00000,3,3,1,21.07292,0.00266,1.04873,0.0030,-0.0733,0.0502,0.0149,-0.0136,0.2424,2.91,-7.13,-2.33,1,1,0.0000,0.0000,0.1500,0.00,0.8500,0.3500,0.9200,6.00,180.00,0.850000,0.050000,0.000000,1.100000,0.000000,0.000000,1.200000,0.000000,0.000000,1.350000,0.000000,0.000000,0.850000,0.020000,0.000000,0.008000,0.000000,0.000600,0.008000,0.000000,0.000600,0.006000,0.000000,0.000000,1,1,1,173,246,531461,531461,321016,210444,0,60.94,21728,7958,151,0,0,0,21764,496.52,496.52,0,1695,0.0000,0.4920,0.5000,0.6320,0.5150
2026-04-27T18:52:05.910,2.899,1,1.29,-0.60,0.00,-3.89,1,-0.0035,0.0733,0.0956,0.0254,0.0000,0.2473,-2.85,-3.47,56.97,59.26,174,174,1.00000,1.00000,1.00000,1.00000,3,3,1,21.03090,0.00292,1.05286,0.0035,-0.0733,0.0544,0.0254,0.0000,0.2473,2.85,-7.23,-2.41,1,1,0.0000,0.0000,0.1500,0.00,0.8500,0.3500,0.9200,6.00,180.00,0.850000,0.050000,0.000000,1.100000,0.000000,0.000000,1.200000,0.000000,0.000000,1.350000,0.000000,0.000000,0.850000,0.020000,0.000000,0.008000,0.000000,0.000600,0.008000,0.000000,0.000600,0.006000,0.000000,0.000000,1,1,1,174,242,531461,531461,321016,210444,0,60.94,21728,7958,151,0,0,0,21764,496.52,496.52,0,1695,0.0000,0.4920,0.5000,0.6320,0.5150
2026-04-27T18:52:05.924,2.913,1,1.29,-0.60,0.00,-3.89,1,-0.0042,0.0739,0.0904,0.0333,-0.0236,0.2836,-2.76,-5.89,54.49,60.37,175,175,1.00000,1.00000,1.00000,1.00000,3,3,1,20.94765,0.00312,1.05383,0.0042,-0.0739,0.0596,0.0333,-0.0236,0.2836,2.76,-7.70,-2.66,1,1,0.0000,0.0000,0.1500,0.00,0.8500,0.3500,0.9200,6.00,180.00,0.850000,0.050000,0.000000,1.100000,0.000000,0.000000,1.200000,0.000000,0.000000,1.350000,0.000000,0.000000,0.850000,0.020000,0.000000,0.008000,0.000000,0.000600,0.008000,0.000000,0.000600,0.006000,0.000000,0.000000,1,1,1,175,245,531461,531461,321016,210444,0,60.94,21728,7958,151,0,0,0,21764,496.52,496.52,0,1695,0.0000,0.4920,0.5000,0.6320,0.5150
2026-04-27T18:52:05.944,2.932,1,1.29,-0.60,0.00,-3.89,1,-0.0048,0.0742,0.0852,0.0331,-0.0169,0.2965,-2.70,-3.24,65.27,56.93,176,176,1.00000,1.00000,1.00000,1.00000,3,3,1,20.79929,0.00296,1.05302,0.0048,-0.0742,0.0648,0.0331,-0.0169,0.2965,2.70,-7.85,-2.77,1,1,0.0000,0.0000,0.1500,0.00,0.8500,0.3500,0.9200,6.00,180.00,0.850000,0.050000,0.000000,1.100000,0.000000,0.000000,1.200000,0.000000,0.000000,1.350000,0.000000,0.000000,0.850000,0.020000,0.000000,0.008000,0.000000,0.000600,0.008000,0.000000,0.000600,0.006000,0.000000,0.000000,1,1,1,176,246,531521,531521,321076,210444,0,60.00,21788,3236,151,0,0,0,21764,496.52,496.52,0,1695,0.0000,0.4920,0.5000,0.6320,0.5150
2026-04-27T18:52:05.960,2.949,1,1.50,-0.80,1.99,-1.99,1,-0.0052,0.0742,0.0797,0.0276,0.0000,0.3127,-2.48,-13.53,57.98,64.85,177,177,1.00000,1.00000,1.00000,1.00000,3,3,1,20.75969,0.00318,1.04966,0.0052,-0.0742,0.0703,0.0276,0.0000,0.3127,2.48,-7.99,-2.70,1,1,0.0000,0.0000,0.1500,0.00,0.8500,0.3500,0.9200,6.00,180.00,0.850000,0.050000,0.000000,1.100000,0.000000,0.000000,1.200000,0.000000,0.000000,1.350000,0.000000,0.000000,0.850000,0.020000,0.000000,0.008000,0.000000,0.000600,0.008000,0.000000,0.000600,0.006000,0.000000,0.000000,1,1,1,177,240,531521,531521,321076,210444,0,60.00,21788,3236,151,0,0,0,21764,496.52,496.52,0,1695,0.0000,0.4920,0.5000,0.6320,0.5150
2026-04-27T18:52:05.976,2.965,1,1.50,-0.80,1.99,-1.99,1,-0.0052,0.0742,0.0735,0.0163,0.0000,0.3419,-2.43,-3.06,61.70,58.65,178,178,1.00000,1.00000,1.00000,1.00000,3,3,1,20.67255,0.00258,1.05062,0.0052,-0.0742,0.0765,0.0163,0.0000,0.3419,2.43,-7.55,-2.74,1,1,0.0000,0.0000,0.1500,0.00,0.8500,0.3500,0.9200,6.00,180.00,0.850000,0.050000,0.000000,1.100000,0.000000,0.000000,1.200000,0.000000,0.000000,1.350000,0.000000,0.000000,0.850000,0.020000,0.000000,0.008000,0.000000,0.000600,0.008000,0.000000,0.000600,0.006000,0.000000,0.000000,1,1,1,178,242,531521,531521,321076,210444,0,60.00,21788,3236,151,0,0,0,21764,496.52,496.52,0,1695,0.0000,0.4920,0.5000,0.6320,0.5150
2026-04-27T18:52:05.994,2.982,1,1.50,-0.80,1.99,-1.99,1,-0.0057,0.0740,0.0676,0.0240,0.0000,0.3392,-2.28,-8.66,60.96,56.99,179,179,1.00000,1.00000,1.00000,1.00000,3,3,1,20.54759,0.00272,1.05121,0.0057,-0.0740,0.0824,0.0240,0.0000,0.3392,2.28,-7.54,-2.78,1,1,0.0000,0.0000,0.1500,0.00,0.8500,0.3500,0.9200,6.00,180.00,0.850000,0.050000,0.000000,1.100000,0.000000,0.000000,1.200000,0.000000,0.000000,1.350000,0.000000,0.000000,0.850000,0.020000,0.000000,0.008000,0.000000,0.000600,0.008000,0.000000,0.000600,0.006000,0.000000,0.000000,1,1,1,179,242,531521,531521,321076,210444,0,60.00,21788,3236,151,0,0,0,21764,496.52,496.52,0,1695,0.0000,0.4920,0.5000,0.6320,0.5150
2026-04-27T18:52:06.009,2.997,1,1.50,-0.80,1.99,-1.99,1,-0.0062,0.0739,0.0616,0.0280,0.0000,0.3635,-2.13,-9.30,54.56,63.38,180,180,1.00000,1.00000,1.00000,1.00000,3,3,1,20.42976,0.00305,1.04908,0.0062,-0.0739,0.0884,0.0280,0.0000,0.3635,2.13,-7.69,-2.81,1,1,0.0000,0.0000,0.1500,0.00,0.8500,0.3500,0.9200,6.00,180.00,0.850000,0.050000,0.000000,1.100000,0.000000,0.000000,1.200000,0.000000,0.000000,1.350000,0.000000,0.000000,0.850000,0.020000,0.000000,0.008000,0.000000,0.000600,0.008000,0.000000,0.000600,0.006000,0.000000,0.000000,1,1,1,180,242,531521,531521,321076,210444,0,60.00,21788,3236,151,0,0,0,21764,496.52,496.52,0,1695,0.0000,0.4920,0.5000,0.6320,0.5150
2026-04-27T18:52:06.027,3.016,1,1.50,-0.80,1.99,-1.99,1,-0.0065,0.0734,0.0553,0.0211,0.0140,0.3577,-2.14,0.58,76.23,57.05,181,181,1.00000,1.00000,1.00000,1.00000,3,3,1,20.26648,0.00285,1.04472,0.0065,-0.0734,0.0947,0.0211,0.0140,0.3577,2.14,-7.52,-2.56,1,1,0.0000,0.0000,0.1500,0.00,0.8500,0.3500,0.9200,6.00,180.00,0.850000,0.050000,0.000000,1.100000,0.000000,0.000000,1.200000,0.000000,0.000000,1.350000,0.000000,0.000000,0.850000,0.020000,0.000000,0.008000,0.000000,0.000600,0.008000,0.000000,0.000600,0.006000,0.000000,0.000000,1,1,1,181,246,531521,531521,321076,210444,0,60.00,21788,3236,151,0,0,0,21764,496.52,496.52,0,1695,0.0000,0.4920,0.5000,0.6320,0.5150
2026-04-27T18:52:06.043,3.032,1,1.50,-0.80,1.99,-1.99,1,-0.0069,0.0730,0.0500,0.0296,0.0255,0.4169,-2.09,-4.74,51.98,63.50,182,182,1.00000,1.00000,1.00000,1.00000,3,3,1,20.15068,0.00282,1.04506,0.0069,-0.0730,0.1000,0.0296,0.0255,0.4169,2.09,-7.58,-2.47,1,1,0.0000,0.0000,0.1500,0.00,0.8500,0.3500,0.9200,6.00,180.00,0.850000,0.050000,0.000000,1.100000,0.000000,0.000000,1.200000,0.000000,0.000000,1.350000,0.000000,0.000000,0.850000,0.020000,0.000000,0.008000,0.000000,0.000600,0.008000,0.000000,0.000600,0.006000,0.000000,0.000000,1,1,1,182,243,531521,531521,321076,210444,0,60.00,21788,3236,151,0,0,0,21764,496.52,496.52,0,1695,0.0000,0.4920,0.5000,0.6320,0.5150
2026-04-27T18:52:06.060,3.048,1,1.20,-0.90,-2.92,-1.01,1,-0.0073,0.0724,0.0436,0.0242,0.0248,0.3550,-2.00,-4.07,65.76,60.34,183,183,1.00000,1.00000,1.00000,1.00000,3,3,1,19.96890,0.00306,1.04747,0.0073,-0.0724,0.1064,0.0242,0.0248,0.3550,2.00,-7.79,-2.53,1,1,0.0000,0.0000,0.1500,0.00,0.8500,0.3500,0.9200,6.00,180.00,0.850000,0.050000,0.000000,1.100000,0.000000,0.000000,1.200000,0.000000,0.000000,1.350000,0.000000,0.000000,0.850000,0.020000,0.000000,0.008000,0.000000,0.000600,0.008000,0.000000,0.000600,0.006000,0.000000,0.000000,1,1,1,183,243,531521,531521,321076,210444,0,60.00,21788,3236,181,0,0,0,21794,498.50,498.50,4,372,0.0000,0.4950,0.4970,0.7400,0.5070
2026-04-27T18:52:06.077,3.066,1,1.20,-0.90,-2.92,-1.01,1,-0.0073,0.0720,0.0380,0.0129,0.0254,0.3558,-1.95,-2.83,57.15,56.54,184,184,1.00000,1.00000,1.00000,1.00000,3,3,1,19.85628,0.00304,1.04949,0.0073,-0.0720,0.1120,0.0129,0.0254,0.3558,1.95,-7.70,-2.51,1,1,0.0000,0.0000,0.1500,0.00,0.8500,0.3500,0.9200,6.00,180.00,0.850000,0.050000,0.000000,1.100000,0.000000,0.000000,1.200000,0.000000,0.000000,1.350000,0.000000,0.000000,0.850000,0.020000,0.000000,0.008000,0.000000,0.000600,0.008000,0.000000,0.000600,0.006000,0.000000,0.000000,1,1,1,184,245,531521,531521,321076,210444,0,60.00,21788,3236,181,0,0,0,21794,498.50,498.50,4,372,0.0000,0.4950,0.4970,0.7400,0.5070
2026-04-27T18:52:06.091,3.080,1,1.20,-0.90,-2.92,-1.01,1,-0.0075,0.0717,0.0326,0.0141,0.0209,0.3400,-1.95,0.00,56.13,63.43,185,185,1.00000,1.00000,1.00000,1.00000,3,3,1,19.75857,0.00308,1.05416,0.0075,-0.0717,0.1174,0.0141,0.0209,0.3400,1.95,-7.77,-2.77,1,1,0.0000,0.0000,0.1500,0.00,0.8500,0.3500,0.9200,6.00,180.00,0.850000,0.050000,0.000000,1.100000,0.000000,0.000000,1.200000,0.000000,0.000000,1.350000,0.000000,0.000000,0.850000,0.020000,0.000000,0.008000,0.000000,0.000600,0.008000,0.000000,0.000600,0.006000,0.000000,0.000000,1,1,1,185,245,531521,531521,321076,210444,0,60.00,21788,3236,181,0,0,0,21794,498.50,498.50,4,372,0.0000,0.4950,0.4970,0.7400,0.5070
2026-04-27T18:52:06.109,3.098,1,1.20,-0.90,-2.92,-1.01,1,-0.0078,0.0711,0.0277,0.0183,0.0304,0.3369,-1.93,-1.15,77.62,61.46,186,186,1.00000,1.00000,1.00000,1.00000,3,3,1,19.57352,0.00303,1.05298,0.0078,-0.0711,0.1223,0.0183,0.0304,0.3369,1.93,-7.90,-2.78,1,1,0.0000,0.0000,0.1500,0.00,0.8500,0.3500,0.9200,6.00,180.00,0.850000,0.050000,0.000000,1.100000,0.000000,0.000000,1.200000,0.000000,0.000000,1.350000,0.000000,0.000000,0.850000,0.020000,0.000000,0.008000,0.000000,0.000600,0.008000,0.000000,0.000600,0.006000,0.000000,0.000000,1,1,1,186,244,531521,531521,321076,210444,0,60.00,21788,3236,181,0,0,0,21794,498.50,498.50,4,372,0.0000,0.4950,0.4970,0.7400,0.5070
2026-04-27T18:52:06.126,3.115,1,1.20,-0.90,-2.92,-1.01,1,-0.0079,0.0705,0.0230,0.0120,0.0371,0.3400,-1.91,-1.65,51.42,62.22,187,187,1.00000,1.00000,1.00000,1.00000,3,3,1,19.52956,0.00304,1.05280,0.0079,-0.0705,0.1270,0.0120,0.0371,0.3400,1.91,-7.90,-2.73,1,1,0.0000,0.0000,0.1500,0.00,0.8500,0.3500,0.9200,6.00,180.00,0.850000,0.050000,0.000000,1.100000,0.000000,0.000000,1.200000,0.000000,0.000000,1.350000,0.000000,0.000000,0.850000,0.020000,0.000000,0.008000,0.000000,0.000600,0.008000,0.000000,0.000600,0.006000,0.000000,0.000000,1,1,1,187,243,531521,531521,321076,210444,0,60.00,21788,3236,181,0,0,0,21794,498.50,498.50,4,372,0.0000,0.4950,0.4970,0.7400,0.5070
2026-04-27T18:52:06.142,3.131,1,1.20,-0.90,-2.92,-1.01,1,-0.0078,0.0701,0.0179,0.0000,0.0268,0.2983,-1.85,-2.91,65.26,56.82,188,188,1.00000,1.00000,1.00000,1.00000,3,3,1,19.47405,0.00302,1.05425,0.0078,-0.0701,0.1321,0.0000,0.0268,0.2983,1.85,-7.72,-2.85,1,1,0.0000,0.0000,0.1500,0.00,0.8500,0.3500,0.9200,6.00,180.00,0.850000,0.050000,0.000000,1.100000,0.000000,0.000000,1.200000,0.000000,0.000000,1.350000,0.000000,0.000000,0.850000,0.020000,0.000000,0.008000,0.000000,0.000600,0.008000,0.000000,0.000600,0.006000,0.000000,0.000000,1,1,1,188,241,531521,531521,321076,210444,0,60.00,21788,3236,181,0,0,0,21794,498.50,498.50,4,372,0.0000,0.4950,0.4970,0.7400,0.5070
2026-04-27T18:52:06.159,3.147,1,1.09,-0.90,-1.02,0.00,1,-0.0080,0.0693,0.0138,0.0000,0.0412,0.2851,-1.88,1.74,57.60,59.46,189,189,1.00000,1.00000,1.00000,1.00000,3,3,1,19.29757,0.00312,1.04685,0.0080,-0.0693,0.1362,0.0000,0.0412,0.2851,1.88,-7.62,-2.57,1,1,0.0000,0.0000,0.1500,0.00,0.8500,0.3500,0.9200,6.00,180.00,0.850000,0.050000,0.000000,1.100000,0.000000,0.000000,1.200000,0.000000,0.000000,1.350000,0.000000,0.000000,0.850000,0.020000,0.000000,0.008000,0.000000,0.000600,0.008000,0.000000,0.000600,0.006000,0.000000,0.000000,1,1,1,189,242,531521,531521,321076,210444,0,60.00,21788,3236,181,0,0,0,21794,498.50,498.50,4,372,0.0000,0.4950,0.4970,0.7400,0.5070
2026-04-27T18:52:06.177,3.165,1,1.09,-0.90,-1.02,0.00,1,-0.0080,0.0685,0.0102,0.0000,0.0418,0.2469,-1.90,1.12,60.19,57.41,190,190,1.00000,1.00000,1.00000,1.00000,3,3,1,19.18241,0.00308,1.05166,0.0080,-0.0685,0.1398,0.0000,0.0418,0.2469,1.90,-7.63,-2.56,1,1,0.0000,0.0000,0.1500,0.00,0.8500,0.3500,0.9200,6.00,180.00,0.850000,0.050000,0.000000,1.100000,0.000000,0.000000,1.200000,0.000000,0.000000,1.350000,0.000000,0.000000,0.850000,0.020000,0.000000,0.008000,0.000000,0.000600,0.008000,0.000000,0.000600,0.006000,0.000000,0.000000,1,1,1,190,240,531521,531521,321076,210444,0,60.00,21788,3236,181,0,0,0,21794,498.50,498.50,4,372,0.0000,0.4950,0.4970,0.7400,0.5070
2026-04-27T18:52:06.192,3.181,1,1.09,-0.90,-1.02,0.00,1,-0.0078,0.0676,0.0073,0.0000,0.0509,0.2262,-1.82,-5.60,53.89,63.12,191,191,1.00000,1.00000,1.00000,1.00000,3,3,1,19.15597,0.00327,1.04937,0.0078,-0.0676,0.1427,0.0000,0.0509,0.2262,1.82,-7.75,-2.52,1,1,0.0000,0.0000,0.1500,0.00,0.8500,0.3500,0.9200,6.00,180.00,0.850000,0.050000,0.000000,1.100000,0.000000,0.000000,1.200000,0.000000,0.000000,1.350000,0.000000,0.000000,0.850000,0.020000,0.000000,0.008000,0.000000,0.000600,0.008000,0.000000,0.000600,0.006000,0.000000,0.000000,1,1,1,191,242,531521,531521,321076,210444,0,60.00,21788,3236,181,0,0,0,21794,498.50,498.50,4,372,0.0000,0.4950,0.4970,0.7400,0.5070
2026-04-27T18:52:06.209,3.198,1,1.09,-0.90,-1.02,0.00,1,-0.0075,0.0670,0.0038,-0.0101,0.0407,0.2284,-1.75,-3.91,69.96,60.08,192,192,1.00000,1.00000,1.00000,1.00000,3,3,1,19.08249,0.00311,1.04838,0.0075,-0.0670,0.1462,-0.0101,0.0407,0.2284,1.75,-7.38,-2.58,1,1,0.0000,0.0000,0.1500,0.00,0.8500,0.3500,0.9200,6.00,180.00,0.850000,0.050000,0.000000,1.100000,0.000000,0.000000,1.200000,0.000000,0.000000,1.350000,0.000000,0.000000,0.850000,0.020000,0.000000,0.008000,0.000000,0.000600,0.008000,0.000000,0.000600,0.006000,0.000000,0.000000,1,1,1,192,246,531521,531521,321076,210444,0,60.00,21788,3236,181,0,0,0,21794,498.50,498.50,4,372,0.0000,0.4950,0.4970,0.7400,0.5070
2026-04-27T18:52:06.227,3.215,1,1.09,-0.90,-1.02,0.00,1,-0.0074,0.0661,0.0008,0.0000,0.0486,0.1949,-1.72,-1.79,62.99,57.09,193,193,1.00000,1.00000,1.00000,1.00000,3,3,1,18.96380,0.00281,1.04403,0.0074,-0.0661,0.1492,0.0000,0.0486,0.1949,1.72,-7.14,-2.42,1,1,0.0000,0.0000,0.1500,0.00,0.8500,0.3500,0.9200,6.00,180.00,0.850000,0.050000,0.000000,1.100000,0.000000,0.000000,1.200000,0.000000,0.000000,1.350000,0.000000,0.000000,0.850000,0.020000,0.000000,0.008000,0.000000,0.000600,0.008000,0.000000,0.000600,0.006000,0.000000,0.000000,1,1,1,193,242,531521,531521,321076,210444,0,60.00,21788,3236,181,0,0,0,21794,498.50,498.50,4,372,0.0000,0.4950,0.4970,0.7400,0.5070
2026-04-27T18:52:06.243,3.231,1,1.09,-0.90,-1.02,0.00,1,-0.0073,0.0653,-0.0014,0.0000,0.0481,0.1703,-1.76,2.48,53.23,62.41,194,194,1.00000,1.00000,1.00000,1.00000,3,3,1,18.85033,0.00304,1.05079,0.0073,-0.0653,0.1514,0.0000,0.0481,0.1703,1.76,-7.08,-2.41,1,1,0.0000,0.0000,0.1500,0.00,0.8500,0.3500,0.9200,6.00,180.00,0.850000,0.050000,0.000000,1.100000,0.000000,0.000000,1.200000,0.000000,0.000000,1.350000,0.000000,0.000000,0.850000,0.020000,0.000000,0.008000,0.000000,0.000600,0.008000,0.000000,0.000600,0.006000,0.000000,0.000000,1,1,1,194,241,531521,531521,321076,210444,0,60.00,21788,3236,181,0,0,0,21794,498.50,498.50,4,372,0.0000,0.4950,0.4970,0.7400,0.5070
2026-04-27T18:52:06.259,3.248,1,1.09,-0.90,-1.02,0.00,1,-0.0073,0.0647,-0.0035,0.0000,0.0409,0.1546,-1.81,2.91,60.17,61.02,195,195,1.00000,1.00000,1.00000,1.00000,3,3,1,18.85110,0.00308,1.04937,0.0073,-0.0647,0.1535,0.0000,0.0409,0.1546,1.81,-7.15,-2.42,1,1,0.0000,0.0000,0.1500,0.00,0.8500,0.3500,0.9200,6.00,180.00,0.850000,0.050000,0.000000,1.100000,0.000000,0.000000,1.200000,0.000000,0.000000,1.350000,0.000000,0.000000,0.850000,0.020000,0.000000,0.008000,0.000000,0.000600,0.008000,0.000000,0.000600,0.006000,0.000000,0.000000,1,1,1,195,242,531521,531521,321076,210444,0,60.00,21788,3236,181,0,0,0,21794,498.50,498.50,4,372,0.0000,0.4950,0.4970,0.7400,0.5070
2026-04-27T18:52:06.278,3.267,1,1.09,-0.90,-1.02,0.00,1,-0.0073,0.0641,-0.0059,0.0000,0.0370,0.1433,-1.71,-5.17,67.99,58.87,196,196,1.00000,1.00000,1.00000,1.00000,3,3,1,18.75235,0.00319,1.04989,0.0073,-0.0641,0.1559,0.0000,0.0370,0.1433,1.71,-7.23,-2.42,1,1,0.0000,0.0000,0.1500,0.00,0.8500,0.3500,0.9200,6.00,180.00,0.850000,0.050000,0.000000,1.100000,0.000000,0.000000,1.200000,0.000000,0.000000,1.350000,0.000000,0.000000,0.850000,0.020000,0.000000,0.008000,0.000000,0.000600,0.008000,0.000000,0.000600,0.006000,0.000000,0.000000,1,1,1,196,242,531521,531521,321076,210444,0,60.00,21788,3236,181,0,0,0,21794,498.50,498.50,4,372,0.0000,0.4950,0.4970,0.7400,0.5070
2026-04-27T18:52:06.292,3.281,1,1.09,-0.90,-1.02,0.00,1,-0.0072,0.0633,-0.0072,0.0000,0.0524,0.1218,-1.73,1.43,46.81,60.84,197,197,1.00000,1.00000,1.00000,1.00000,3,3,1,18.72348,0.00322,1.05248,0.0072,-0.0633,0.1572,0.0000,0.0524,0.1218,1.73,-7.29,-2.60,1,1,0.0000,0.0000,0.1500,0.00,0.8500,0.3500,0.9200,6.00,180.00,0.850000,0.050000,0.000000,1.100000,0.000000,0.000000,1.200000,0.000000,0.000000,1.350000,0.000000,0.000000,0.850000,0.020000,0.000000,0.008000,0.000000,0.000600,0.008000,0.000000,0.000600,0.006000,0.000000,0.000000,1,1,1,197,241,531521,531521,321076,210444,0,60.00,21788,3236,181,0,0,0,21794,498.50,498.50,4,372,0.0000,0.4950,0.4970,0.7400,0.5070
2026-04-27T18:52:06.310,3.299,1,1.09,-0.90,-1.02,0.00,1,-0.0068,0.0623,-0.0091,-0.0138,0.0533,0.1168,-1.71,-1.19,73.49,59.67,198,198,1.00000,1.00000,1.00000,1.00000,3,3,1,18.63823,0.00330,1.05592,0.0068,-0.0623,0.1591,-0.0138,0.0533,0.1168,1.71,-7.23,-2.66,1,1,0.0000,0.0000,0.1500,0.00,0.8500,0.3500,0.9200,6.00,180.00,0.850000,0.050000,0.000000,1.100000,0.000000,0.000000,1.200000,0.000000,0.000000,1.350000,0.000000,0.000000,0.850000,0.020000,0.000000,0.008000,0.000000,0.000600,0.008000,0.000000,0.000600,0.006000,0.000000,0.000000,1,1,1,198,247,531521,531521,321076,210444,0,60.00,21788,3236,181,0,0,0,21794,498.50,498.50,4,372,0.0000,0.4950,0.4970,0.7400,0.5070
2026-04-27T18:52:06.327,3.316,1,1.09,-0.90,-1.02,0.00,1,-0.0064,0.0614,-0.0111,-0.0195,0.0511,0.1249,-1.78,4.03,56.61,56.98,199,199,1.00000,1.00000,1.00000,1.00000,3,3,1,18.52493,0.00303,1.04719,0.0064,-0.0614,0.1611,-0.0195,0.0511,0.1249,1.78,-6.81,-2.61,1,1,0.0000,0.0000,0.1500,0.00,0.8500,0.3500,0.9200,6.00,180.00,0.850000,0.050000,0.000000,1.100000,0.000000,0.000000,1.200000,0.000000,0.000000,1.350000,0.000000,0.000000,0.850000,0.020000,0.000000,0.008000,0.000000,0.000600,0.008000,0.000000,0.000600,0.006000,0.000000,0.000000,1,1,1,199,247,531521,531521,321076,210444,0,60.00,21788,3236,181,0,0,0,21794,498.50,498.50,4,372,0.0000,0.4950,0.4970,0.7400,0.5070
2026-04-27T18:52:06.343,3.332,1,1.09,-0.90,-1.02,0.00,1,-0.0061,0.0605,-0.0127,-0.0158,0.0552,0.1101,-1.80,1.28,57.67,63.04,200,200,1.00000,1.00000,1.00000,1.00000,3,3,1,18.45577,0.00308,1.05557,0.0061,-0.0605,0.1627,-0.0158,0.0552,0.1101,1.80,-6.81,-2.82,1,1,0.0000,0.0000,0.1500,0.00,0.8500,0.3500,0.9200,6.00,180.00,0.850000,0.050000,0.000000,1.100000,0.000000,0.000000,1.200000,0.000000,0.000000,1.350000,0.000000,0.000000,0.850000,0.020000,0.000000,0.008000,0.000000,0.000600,0.008000,0.000000,0.000600,0.006000,0.000000,0.000000,1,1,1,200,244,531521,531521,321076,210444,0,60.00,21788,3236,181,0,0,0,21794,498.50,498.50,4,372,0.0000,0.4950,0.4970,0.7400,0.5070
2026-04-27T18:52:06.360,3.348,1,1.60,-0.90,1.95,0.00,1,-0.0061,0.0596,-0.0147,0.0000,0.0539,0.1155,-1.90,6.00,66.69,60.75,201,201,1.00000,1.00000,1.00000,1.00000,3,3,1,18.37532,0.00327,1.05285,0.0061,-0.0596,0.1647,0.0000,0.0539,0.1155,1.90,-7.03,-2.86,1,1,0.0000,0.0000,0.1500,0.00,0.8500,0.3500,0.9200,6.00,180.00,0.850000,0.050000,0.000000,1.100000,0.000000,0.000000,1.200000,0.000000,0.000000,1.350000,0.000000,0.000000,0.850000,0.020000,0.000000,0.008000,0.000000,0.000600,0.008000,0.000000,0.000600,0.006000,0.000000,0.000000,1,1,1,201,240,531521,531521,321076,210444,0,60.00,21788,3236,181,0,0,0,21794,498.50,498.50,4,372,0.0000,0.4950,0.4970,0.7400,0.5070
2026-04-27T18:52:06.375,3.364,1,1.60,-0.90,1.95,0.00,1,-0.0060,0.0586,-0.0169,0.0000,0.0601,0.1273,-1.90,0.00,59.02,65.19,202,202,1.00000,1.00000,1.00000,1.00000,3,3,1,18.36297,0.00305,1.04596,0.0060,-0.0586,0.1669,0.0000,0.0601,0.1273,1.90,-7.13,-2.54,1,1,0.0000,0.0000,0.1500,0.00,0.8500,0.3500,0.9200,6.00,180.00,0.850000,0.050000,0.000000,1.100000,0.000000,0.000000,1.200000,0.000000,0.000000,1.350000,0.000000,0.000000,0.850000,0.020000,0.000000,0.008000,0.000000,0.000600,0.008000,0.000000,0.000600,0.006000,0.000000,0.000000,1,1,1,202,240,531521,531521,321076,210444,0,60.00,21788,3236,181,0,0,0,21794,498.50,498.50,4,372,0.0000,0.4950,0.4970,0.7400,0.5070
2026-04-27T18:52:06.393,3.382,1,1.60,-0.90,1.95,0.00,1,-0.0057,0.0576,-0.0188,-0.0147,0.0557,0.1132,-1.88,-1.16,70.26,53.37,203,203,1.00000,1.00000,1.00000,1.00000,3,3,1,18.21755,0.00324,1.05115,0.0057,-0.0576,0.1688,-0.0147,0.0557,0.1132,1.88,-7.25,-2.64,1,1,0.0000,0.0000,0.1500,0.00,0.8500,0.3500,0.9200,6.00,180.00,0.850000,0.050000,0.000000,1.100000,0.000000,0.000000,1.200000,0.000000,0.000000,1.350000,0.000000,0.000000,0.850000,0.020000,0.000000,0.008000,0.000000,0.000600,0.008000,0.000000,0.000600,0.006000,0.000000,0.000000,1,1,1,203,247,531521,531521,321076,210444,0,60.00,21788,3236,181,0,0,0,21794,498.50,498.50,4,372,0.0000,0.4950,0.4970,0.7400,0.5070
2026-04-27T18:52:06.409,3.398,1,1.60,-0.90,1.95,0.00,1,-0.0053,0.0566,-0.0212,-0.0200,0.0623,0.1350,-1.96,4.83,51.86,63.16,204,204,1.00000,1.00000,1.00000,1.00000,3,3,1,18.07890,0.00320,1.04340,0.0053,-0.0566,0.1712,-0.0200,0.0623,0.1350,1.96,-7.13,-2.40,1,1,0.0000,0.0000,0.1500,0.00,0.8500,0.3500,0.9200,6.00,180.00,0.850000,0.050000,0.000000,1.100000,0.000000,0.000000,1.200000,0.000000,0.000000,1.350000,0.000000,0.000000,0.850000,0.020000,0.000000,0.008000,0.000000,0.000600,0.008000,0.000000,0.000600,0.006000,0.000000,0.000000,1,1,1,204,245,531521,531521,321076,210444,0,60.00,21788,3236,181,0,0,0,21794,498.50,498.50,4,372,0.0000,0.4950,0.4970,0.7400,0.5070
2026-04-27T18:52:06.427,3.416,1,1.60,-0.90,1.95,0.00,1,-0.0052,0.0556,-0.0233,-0.0108,0.0606,0.1242,-1.96,0.00,68.68,59.59,205,205,1.00000,1.00000,1.00000,1.00000,3,3,1,18.00032,0.00337,1.04835,0.0052,-0.0556,0.1733,-0.0108,0.0606,0.1242,1.96,-7.45,-2.50,1,1,0.0000,0.0000,0.1500,0.00,0.8500,0.3500,0.9200,6.00,180.00,0.850000,0.050000,0.000000,1.100000,0.000000,0.000000,1.200000,0.000000,0.000000,1.350000,0.000000,0.000000,0.850000,0.020000,0.000000,0.008000,0.000000,0.000600,0.008000,0.000000,0.000600,0.006000,0.000000,0.000000,1,1,1,205,246,531521,531521,321076,210444,0,60.00,21788,3236,181,0,0,0,21794,498.50,498.50,4,372,0.0000,0.4950,0.4970,0.7400,0.5070
2026-04-27T18:52:06.441,3.430,1,1.60,-0.90,1.95,0.00,1,-0.0049,0.0544,-0.0252,-0.0210,0.0826,0.1466,-1.91,-3.17,51.93,60.65,206,206,1.00000,1.00000,1.00000,1.00000,3,3,1,17.88638,0.00324,1.05036,0.0049,-0.0544,0.1752,-0.0210,0.0826,0.1466,1.91,-7.59,-2.43,1,1,0.0000,0.0000,0.1500,0.00,0.8500,0.3500,0.9200,6.00,180.00,0.850000,0.050000,0.000000,1.100000,0.000000,0.000000,1.200000,0.000000,0.000000,1.350000,0.000000,0.000000,0.850000,0.020000,0.000000,0.008000,0.000000,0.000600,0.008000,0.000000,0.000600,0.006000,0.000000,0.000000,1,1,1,206,247,531521,531521,321076,210444,0,60.00,21788,3236,181,0,0,0,21794,498.50,498.50,4,372,0.0000,0.4950,0.4970,0.7400,0.5070
2026-04-27T18:52:06.459,3.448,1,1.60,-0.90,1.95,0.00,1,-0.0045,0.0534,-0.0278,-0.0193,0.0635,0.1364,-1.87,-2.51,75.11,59.09,207,207,1.00000,1.00000,1.00000,1.00000,3,3,1,17.88699,0.00336,1.04773,0.0045,-0.0534,0.1778,-0.0193,0.0635,0.1364,1.87,-7.68,-2.47,1,1,0.0000,0.0000,0.1500,0.00,0.8500,0.3500,0.9200,6.00,180.00,0.850000,0.050000,0.000000,1.100000,0.000000,0.000000,1.200000,0.000000,0.000000,1.350000,0.000000,0.000000,0.850000,0.020000,0.000000,0.008000,0.000000,0.000600,0.008000,0.000000,0.000600,0.006000,0.000000,0.000000,1,1,1,207,247,531521,531521,321076,210444,0,60.00,21788,3236,181,0,0,0,21794,498.50,498.50,4,372,0.0000,0.4950,0.4970,0.7400,0.5070
2026-04-27T18:52:06.477,3.465,1,1.60,-0.90,1.95,0.00,1,-0.0037,0.0520,-0.0304,-0.0344,0.0733,0.1406,-1.81,-3.30,54.22,60.00,208,208,1.00000,1.00000,1.00000,1.00000,3,3,1,17.71846,0.00329,1.05038,0.0037,-0.0520,0.1804,-0.0344,0.0733,0.1406,1.81,-7.37,-2.43,1,1,0.0000,0.0000,0.1500,0.00,0.8500,0.3500,0.9200,6.00,180.00,0.850000,0.050000,0.000000,1.100000,0.000000,0.000000,1.200000,0.000000,0.000000,1.350000,0.000000,0.000000,0.850000,0.020000,0.000000,0.008000,0.000000,0.000600,0.008000,0.000000,0.000600,0.006000,0.000000,0.000000,1,1,1,208,246,531521,531521,321076,210444,0,60.00,21788,3236,181,0,0,0,21794,498.50,498.50,4,372,0.0000,0.4950,0.4970,0.7400,0.5070
2026-04-27T18:52:06.491,3.479,1,1.60,-0.90,1.95,0.00,1,-0.0033,0.0508,-0.0326,-0.0272,0.0767,0.1433,-1.86,3.31,56.54,60.05,209,209,1.00000,1.00000,1.00000,1.00000,3,3,1,17.60611,0.00328,1.04826,0.0033,-0.0508,0.1826,-0.0272,0.0767,0.1433,1.86,-7.30,-2.37,1,1,0.0000,0.0000,0.1500,0.00,0.8500,0.3500,0.9200,6.00,180.00,0.850000,0.050000,0.000000,1.100000,0.000000,0.000000,1.200000,0.000000,0.000000,1.350000,0.000000,0.000000,0.850000,0.020000,0.000000,0.008000,0.000000,0.000600,0.008000,0.000000,0.000600,0.006000,0.000000,0.000000,1,1,1,209,246,531521,531521,321076,210444,0,60.00,21788,3236,181,0,0,0,21794,498.50,498.50,4,372,0.0000,0.4950,0.4970,0.7400,0.5070
2026-04-27T18:52:06.511,3.500,1,1.20,-1.00,-3.97,-0.96,1,-0.0026,0.0496,-0.0350,-0.0332,0.0745,0.1436,-1.91,2.76,63.09,60.82,210,210,1.00000,1.00000,1.00000,1.00000,3,3,1,17.49874,0.00316,1.05063,0.0026,-0.0496,0.1850,-0.0332,0.0745,0.1436,1.91,-7.23,-2.53,1,1,0.0000,0.0000,0.1500,0.00,0.8500,0.3500,0.9200,6.00,180.00,0.850000,0.050000,0.000000,1.100000,0.000000,0.000000,1.200000,0.000000,0.000000,1.350000,0.000000,0.000000,0.850000,0.020000,0.000000,0.008000,0.000000,0.000600,0.008000,0.000000,0.000600,0.006000,0.000000,0.000000,1,1,1,210,246,531521,531521,321076,210444,0,60.00,21788,3236,181,0,0,0,21794,498.50,498.50,4,372,0.0000,0.4950,0.4970,0.7400,0.5070
2026-04-27T18:52:06.526,3.515,1,1.20,-1.00,-3.97,-0.96,1,-0.0020,0.0481,-0.0375,-0.0365,0.0821,0.1481,-1.82,-5.24,54.05,57.00,211,211,1.00000,1.00000,1.00000,1.00000,3,3,1,17.37588,0.00322,1.04912,0.0020,-0.0481,0.1875,-0.0365,0.0821,0.1481,1.82,-7.04,-2.55,1,1,0.0000,0.0000,0.1500,0.00,0.8500,0.3500,0.9200,6.00,180.00,0.850000,0.050000,0.000000,1.100000,0.000000,0.000000,1.200000,0.000000,0.000000,1.350000,0.000000,0.000000,0.850000,0.020000,0.000000,0.008000,0.000000,0.000600,0.008000,0.000000,0.000600,0.006000,0.000000,0.000000,1,1,1,211,247,531521,531521,321076,210444,0,60.00,21788,3236,181,0,0,0,21794,498.50,498.50,4,372,0.0000,0.4950,0.4970,0.7400,0.5070
2026-04-27T18:52:06.542,3.531,1,1.20,-1.00,-3.97,-0.96,1,-0.0015,0.0471,-0.0400,-0.0299,0.0712,0.1480,-1.81,-0.67,71.54,63.09,212,212,1.00000,1.00000,1.00000,1.00000,3,3,1,17.24624,0.00334,1.04936,0.0015,-0.0471,0.1900,-0.0299,0.0712,0.1480,1.81,-7.33,-2.54,1,1,0.0000,0.0000,0.1500,0.00,0.8500,0.3500,0.9200,6.00,180.00,0.850000,0.050000,0.000000,1.100000,0.000000,0.000000,1.200000,0.000000,0.000000,1.350000,0.000000,0.000000,0.850000,0.020000,0.000000,0.008000,0.000000,0.000600,0.008000,0.000000,0.000600,0.006000,0.000000,0.000000,1,1,1,212,245,531521,531521,321076,210444,0,60.00,21788,3236,181,0,0,0,21794,498.50,498.50,4,372,0.0000,0.4950,0.4970,0.7400,0.5070
2026-04-27T18:52:06.559,3.548,1,1.29,-1.00,0.95,0.00,1,-0.0008,0.0457,-0.0426,-0.0385,0.0794,0.1517,-1.83,1.21,58.82,59.54,213,213,1.00000,1.00000,1.00000,1.00000,3,3,1,17.05613,0.00326,1.04996,0.0008,-0.0457,0.1926,-0.0385,0.0794,0.1517,1.83,-7.15,-2.63,1,1,0.0000,0.0000,0.1500,0.00,0.8500,0.3500,0.9200,6.00,180.00,0.850000,0.050000,0.000000,1.100000,0.000000,0.000000,1.200000,0.000000,0.000000,1.350000,0.000000,0.000000,0.850000,0.020000,0.000000,0.008000,0.000000,0.000600,0.008000,0.000000,0.000600,0.006000,0.000000,0.000000,1,1,1,213,243,531521,531521,321076,210444,0,60.00,21788,3236,181,0,0,0,21794,498.50,498.50,4,372,0.0000,0.4950,0.4970,0.7400,0.5070
2026-04-27T18:52:06.576,3.565,1,1.29,-1.00,0.95,0.00,1,0.0002,0.0442,-0.0452,-0.0478,0.0818,0.1487,-1.78,-2.80,58.68,60.55,214,214,1.00000,1.00000,1.00000,1.00000,3,3,1,17.09854,0.00317,1.04978,-0.0002,-0.0442,0.1952,-0.0478,0.0818,0.1487,1.78,-6.87,-2.44,1,1,0.0000,0.0000,0.1500,0.00,0.8500,0.3500,0.9200,6.00,180.00,0.850000,0.050000,0.000000,1.100000,0.000000,0.000000,1.200000,0.000000,0.000000,1.350000,0.000000,0.000000,0.850000,0.020000,0.000000,0.008000,0.000000,0.000600,0.008000,0.000000,0.000600,0.006000,0.000000,0.000000,1,1,1,214,243,531521,531521,321076,210444,0,60.00,21788,3236,181,0,0,0,21794,498.50,498.50,4,372,0.0000,0.4950,0.4970,0.7400,0.5070
2026-04-27T18:52:06.592,3.581,1,1.29,-1.00,0.95,0.00,1,0.0010,0.0430,-0.0477,-0.0481,0.0801,0.1552,-1.78,0.00,54.38,61.00,215,215,1.00000,1.00000,1.00000,1.00000,3,3,1,16.92894,0.00314,1.04862,-0.0010,-0.0430,0.1977,-0.0481,0.0801,0.1552,1.78,-6.79,-2.50,1,1,0.0000,0.0000,0.1500,0.00,0.8500,0.3500,0.9200,6.00,180.00,0.850000,0.050000,0.000000,1.100000,0.000000,0.000000,1.200000,0.000000,0.000000,1.350000,0.000000,0.000000,0.850000,0.020000,0.000000,0.008000,0.000000,0.000600,0.008000,0.000000,0.000600,0.006000,0.000000,0.000000,1,1,1,215,241,531521,531521,321076,210444,0,60.00,21788,3236,181,0,0,0,21794,498.50,498.50,4,372,0.0000,0.4950,0.4970,0.7400,0.5070
2026-04-27T18:52:06.609,3.597,1,1.29,-1.00,0.95,0.00,1,0.0016,0.0414,-0.0497,-0.0435,0.0898,0.1386,-1.78,0.00,67.36,57.92,216,216,1.00000,1.00000,1.00000,1.00000,3,3,1,16.80599,0.00321,1.04814,-0.0016,-0.0414,0.1997,-0.0435,0.0898,0.1386,1.78,-6.96,-2.51,1,1,0.0000,0.0000,0.1500,0.00,0.8500,0.3500,0.9200,6.00,180.00,0.850000,0.050000,0.000000,1.100000,0.000000,0.000000,1.200000,0.000000,0.000000,1.350000,0.000000,0.000000,0.850000,0.020000,0.000000,0.008000,0.000000,0.000600,0.008000,0.000000,0.000600,0.006000,0.000000,0.000000,1,1,1,216,245,531521,531521,321076,210444,0,60.00,21788,3236,181,0,0,0,21794,498.50,498.50,4,372,0.0000,0.4950,0.4970,0.7400,0.5070
2026-04-27T18:52:06.626,3.615,1,1.29,-1.00,0.95,0.00,1,0.0028,0.0397,-0.0521,-0.0546,0.0917,0.1354,-1.68,-5.65,65.22,60.70,217,217,1.00000,1.00000,1.00000,1.00000,3,3,1,16.75723,0.00320,1.04950,-0.0028,-0.0397,0.2021,-0.0546,0.0917,0.1354,1.68,-6.70,-2.48,1,1,0.0000,0.0000,0.1500,0.00,0.8500,0.3500,0.9200,6.00,180.00,0.850000,0.050000,0.000000,1.100000,0.000000,0.000000,1.200000,0.000000,0.000000,1.350000,0.000000,0.000000,0.850000,0.020000,0.000000,0.008000,0.000000,0.000600,0.008000,0.000000,0.000600,0.006000,0.000000,0.000000,1,1,1,217,246,531521,531521,321076,210444,0,60.00,21788,3236,181,0,0,0,21794,498.50,498.50,4,372,0.0000,0.4950,0.4970,0.7400,0.5070
2026-04-27T18:52:06.642,3.631,1,1.29,-1.00,0.95,0.00,1,0.0033,0.0382,-0.0544,-0.0402,0.0929,0.1455,-1.57,-7.52,52.11,60.62,218,218,1.00000,1.00000,1.00000,1.00000,3,3,1,16.61347,0.00316,1.04304,-0.0033,-0.0382,0.2044,-0.0402,0.0929,0.1455,1.57,-6.86,-2.31,1,1,0.0000,0.0000,0.1500,0.00,0.8500,0.3500,0.9200,6.00,180.00,0.850000,0.050000,0.000000,1.100000,0.000000,0.000000,1.200000,0.000000,0.000000,1.350000,0.000000,0.000000,0.850000,0.020000,0.000000,0.008000,0.000000,0.000600,0.008000,0.000000,0.000600,0.006000,0.000000,0.000000,1,1,1,218,247,531521,531521,321076,210444,0,60.00,21788,3236,181,0,0,0,21794,498.50,498.50,4,372,0.0000,0.4950,0.4970,0.7400,0.5070
2026-04-27T18:52:06.659,3.647,1,1.50,-1.00,1.99,0.00,1,0.0043,0.0370,-0.0568,-0.0576,0.0867,0.1474,-1.66,5.05,66.06,60.97,219,219,1.00000,1.00000,1.00000,1.00000,3,3,1,16.45945,0.00310,1.04790,-0.0043,-0.0370,0.2068,-0.0576,0.0867,0.1474,1.66,-6.57,-2.36,1,1,0.0000,0.0000,0.1500,0.00,0.8500,0.3500,0.9200,6.00,180.00,0.850000,0.050000,0.000000,1.100000,0.000000,0.000000,1.200000,0.000000,0.000000,1.350000,0.000000,0.000000,0.850000,0.020000,0.000000,0.008000,0.000000,0.000600,0.008000,0.000000,0.000600,0.006000,0.000000,0.000000,1,1,1,219,248,531521,531521,321076,210444,0,60.00,21788,3236,181,0,0,0,21794,498.50,498.50,4,372,0.0000,0.4950,0.4970,0.7400,0.5070
2026-04-27T18:52:06.677,3.666,1,1.50,-1.00,1.99,0.00,1,0.0053,0.0353,-0.0589,-0.0519,0.0894,0.1274,-1.63,-1.70,56.16,58.77,220,220,1.00000,1.00000,1.00000,1.00000,3,3,1,16.35615,0.00334,1.05148,-0.0053,-0.0353,0.2089,-0.0519,0.0894,0.1274,1.63,-6.62,-2.53,1,1,0.0000,0.0000,0.1500,0.00,0.8500,0.3500,0.9200,6.00,180.00,0.850000,0.050000,0.000000,1.100000,0.000000,0.000000,1.200000,0.000000,0.000000,1.350000,0.000000,0.000000,0.850000,0.020000,0.000000,0.008000,0.000000,0.000600,0.008000,0.000000,0.000600,0.006000,0.000000,0.000000,1,1,1,220,248,531521,531521,321076,210444,0,60.00,21788,3236,181,0,0,0,21794,498.50,498.50,4,372,0.0000,0.4950,0.4970,0.7400,0.5070
2026-04-27T18:52:06.694,3.683,1,1.50,-1.00,1.99,0.00,1,0.0060,0.0336,-0.0609,-0.0472,0.0919,0.1239,-1.54,-5.09,56.60,61.47,221,221,1.00000,1.00000,1.00000,1.00000,3,3,1,16.23928,0.00339,1.05054,-0.0060,-0.0336,0.2109,-0.0472,0.0919,0.1239,1.54,-6.77,-2.45,1,1,0.0000,0.0000,0.1500,0.00,0.8500,0.3500,0.9200,6.00,180.00,0.850000,0.050000,0.000000,1.100000,0.000000,0.000000,1.200000,0.000000,0.000000,1.350000,0.000000,0.000000,0.850000,0.020000,0.000000,0.008000,0.000000,0.000600,0.008000,0.000000,0.000600,0.006000,0.000000,0.000000,1,1,1,221,248,531521,531521,321076,210444,0,60.00,21788,3236,181,0,0,0,21794,498.50,498.50,4,372,0.0000,0.4950,0.4970,0.7400,0.5070
2026-04-27T18:52:06.714,3.702,1,1.50,-1.00,1.99,0.00,1,0.0071,0.0320,-0.0630,-0.0550,0.0918,0.1204,-1.45,-4.86,58.68,53.40,222,222,1.00000,1.00000,1.00000,1.00000,3,3,1,16.15009,0.00338,1.04974,-0.0071,-0.0320,0.2130,-0.0550,0.0918,0.1204,1.45,-6.71,-2.40,1,1,0.0000,0.0000,0.1500,0.00,0.8500,0.3500,0.9200,6.00,180.00,0.850000,0.050000,0.000000,1.100000,0.000000,0.000000,1.200000,0.000000,0.000000,1.350000,0.000000,0.000000,0.850000,0.020000,0.000000,0.008000,0.000000,0.000600,0.008000,0.000000,0.000600,0.006000,0.000000,0.000000,1,1,1,222,246,531521,531521,321076,210444,0,60.00,21788,3236,181,0,0,0,21794,498.50,498.50,4,372,0.0000,0.4950,0.4970,0.7400,0.5070
2026-04-27T18:52:06.725,3.714,1,1.50,-1.00,1.99,0.00,1,0.0078,0.0303,-0.0649,-0.0569,0.1149,0.1366,-1.43,-1.77,52.22,71.07,223,223,1.00000,1.00000,1.00000,1.00000,3,3,1,16.01529,0.00323,1.04584,-0.0078,-0.0303,0.2149,-0.0569,0.1149,0.1366,1.43,-6.86,-2.32,1,1,0.0000,0.0000,0.1500,0.00,0.8500,0.3500,0.9200,6.00,180.00,0.850000,0.050000,0.000000,1.100000,0.000000,0.000000,1.200000,0.000000,0.000000,1.350000,0.000000,0.000000,0.850000,0.020000,0.000000,0.008000,0.000000,0.000600,0.008000,0.000000,0.000600,0.006000,0.000000,0.000000,1,1,1,223,247,531521,531521,321076,210444,0,60.00,21788,3236,181,0,0,0,21794,498.50,498.50,4,372,0.0000,0.4950,0.4970,0.7400,0.5070
2026-04-27T18:52:06.744,3.733,1,1.50,-1.00,1.99,0.00,1,0.0093,0.0287,-0.0670,-0.0707,0.1005,0.1261,-1.52,4.65,84.92,56.68,224,224,1.00000,1.00000,1.00000,1.00000,3,3,1,15.90670,0.00298,1.05309,-0.0093,-0.0287,0.2170,-0.0707,0.1005,0.1261,1.52,-6.49,-2.38,1,1,0.0000,0.0000,0.1500,0.00,0.8500,0.3500,0.9200,6.00,180.00,0.850000,0.050000,0.000000,1.100000,0.000000,0.000000,1.200000,0.000000,0.000000,1.350000,0.000000,0.000000,0.850000,0.020000,0.000000,0.008000,0.000000,0.000600,0.008000,0.000000,0.000600,0.006000,0.000000,0.000000,1,1,1,224,248,531521,531521,321076,210444,0,60.00,21788,3236,181,0,0,0,21794,498.50,498.50,4,372,0.0000,0.4950,0.4970,0.7400,0.5070
2026-04-27T18:52:06.759,3.748,1,1.60,-1.00,1.02,0.00,1,0.0105,0.0270,-0.0687,-0.0696,0.1032,0.1175,-1.56,2.55,52.84,61.42,225,225,1.00000,1.00000,1.00000,1.00000,3,3,1,15.81071,0.00319,1.05145,-0.0105,-0.0270,0.2187,-0.0696,0.1032,0.1175,1.56,-6.35,-2.44,1,1,0.0000,0.0000,0.1500,0.00,0.8500,0.3500,0.9200,6.00,180.00,0.850000,0.050000,0.000000,1.100000,0.000000,0.000000,1.200000,0.000000,0.000000,1.350000,0.000000,0.000000,0.850000,0.020000,0.000000,0.008000,0.000000,0.000600,0.008000,0.000000,0.000600,0.006000,0.000000,0.000000,1,1,1,225,247,531521,531521,321076,210444,0,60.00,21788,3236,181,0,0,0,21794,498.50,498.50,4,372,0.0000,0.4950,0.4970,0.7400,0.5070
2026-04-27T18:52:06.776,3.765,1,1.60,-1.00,1.02,0.00,1,0.0112,0.0253,-0.0703,-0.0550,0.1034,0.1048,-1.44,-7.26,73.15,58.97,226,226,1.00000,1.00000,1.00000,1.00000,3,3,1,15.74052,0.00336,1.05484,-0.0112,-0.0253,0.2203,-0.0550,0.1034,0.1048,1.44,-6.70,-2.45,1,1,0.0000,0.0000,0.1500,0.00,0.8500,0.3500,0.9200,6.00,180.00,0.850000,0.050000,0.000000,1.100000,0.000000,0.000000,1.200000,0.000000,0.000000,1.350000,0.000000,0.000000,0.850000,0.020000,0.000000,0.008000,0.000000,0.000600,0.008000,0.000000,0.000600,0.006000,0.000000,0.000000,1,1,1,226,246,531521,531521,321076,210444,0,60.00,21788,3236,181,0,0,0,21794,498.50,498.50,4,372,0.0000,0.4950,0.4970,0.7400,0.5070
2026-04-27T18:52:06.793,3.781,1,1.60,-1.00,1.02,0.00,1,0.0124,0.0236,-0.0721,-0.0691,0.1047,0.1101,-1.43,-0.60,53.94,59.82,227,227,1.00000,1.00000,1.00000,1.00000,3,3,1,15.65640,0.00344,1.05361,-0.0124,-0.0236,0.2221,-0.0691,0.1047,0.1101,1.43,-6.80,-2.32,1,1,0.0000,0.0000,0.1500,0.00,0.8500,0.3500,0.9200,6.00,180.00,0.850000,0.050000,0.000000,1.100000,0.000000,0.000000,1.200000,0.000000,0.000000,1.350000,0.000000,0.000000,0.850000,0.020000,0.000000,0.008000,0.000000,0.000600,0.008000,0.000000,0.000600,0.006000,0.000000,0.000000,1,1,1,227,246,531521,531521,321076,210444,0,60.00,21788,3236,181,0,0,0,21794,498.50,498.50,4,372,0.0000,0.4950,0.4970,0.7400,0.5070
2026-04-27T18:52:06.809,3.798,1,1.60,-1.00,1.02,0.00,1,0.0135,0.0219,-0.0739,-0.0658,0.1039,0.1110,-1.39,-2.56,59.61,61.26,228,228,1.00000,1.00000,1.00000,1.00000,3,3,1,15.49579,0.00359,1.04758,-0.0135,-0.0219,0.2239,-0.0658,0.1039,0.1110,1.39,-6.88,-2.16,1,1,0.0000,0.0000,0.1500,0.00,0.8500,0.3500,0.9200,6.00,180.00,0.850000,0.050000,0.000000,1.100000,0.000000,0.000000,1.200000,0.000000,0.000000,1.350000,0.000000,0.000000,0.850000,0.020000,0.000000,0.008000,0.000000,0.000600,0.008000,0.000000,0.000600,0.006000,0.000000,0.000000,1,1,1,228,248,531521,531521,321076,210444,0,60.00,21788,3236,181,0,0,0,21794,498.50,498.50,4,372,0.0000,0.4950,0.4970,0.7400,0.5070
2026-04-27T18:52:06.826,3.815,1,1.60,-1.00,1.02,0.00,1,0.0146,0.0200,-0.0756,-0.0683,0.1121,0.1061,-1.38,-0.57,61.75,61.06,229,229,1.00000,1.00000,1.00000,1.00000,3,3,1,15.28370,0.00342,1.04649,-0.0146,-0.0200,0.2256,-0.0683,0.1121,0.1061,1.38,-6.83,-2.11,1,1,0.0000,0.0000,0.1500,0.00,0.8500,0.3500,0.9200,6.00,180.00,0.850000,0.050000,0.000000,1.100000,0.000000,0.000000,1.200000,0.000000,0.000000,1.350000,0.000000,0.000000,0.850000,0.020000,0.000000,0.008000,0.000000,0.000600,0.008000,0.000000,0.000600,0.006000,0.000000,0.000000,1,1,1,229,247,531521,531521,321076,210444,0,60.00,21788,3236,181,0,0,0,21794,498.50,498.50,4,372,0.0000,0.4950,0.4970,0.7400,0.5070
2026-04-27T18:52:06.843,3.831,1,1.60,-1.00,1.02,0.00,1,0.0159,0.0181,-0.0772,-0.0727,0.1103,0.0980,-1.32,-3.67,58.53,57.56,230,230,1.00000,1.00000,1.00000,1.00000,3,3,1,15.35415,0.00306,1.04268,-0.0159,-0.0181,0.2272,-0.0727,0.1103,0.0980,1.32,-6.77,-1.99,1,1,0.0000,0.0000,0.1500,0.00,0.8500,0.3500,0.9200,6.00,180.00,0.850000,0.050000,0.000000,1.100000,0.000000,0.000000,1.200000,0.000000,0.000000,1.350000,0.000000,0.000000,0.850000,0.020000,0.000000,0.008000,0.000000,0.000600,0.008000,0.000000,0.000600,0.006000,0.000000,0.000000,1,1,1,230,247,531521,531521,321076,210444,0,60.00,21788,3236,181,0,0,0,21794,498.50,498.50,4,372,0.0000,0.4950,0.4970,0.7400,0.5070
2026-04-27T18:52:06.861,3.849,1,1.60,-0.80,0.00,1.99,1,0.0171,0.0164,-0.0789,-0.0692,0.1018,0.0986,-1.28,-2.22,62.00,58.90,231,231,1.00000,1.00000,1.00000,1.00000,3,3,1,15.23934,0.00331,1.04121,-0.0171,-0.0164,0.2289,-0.0692,0.1018,0.0986,1.28,-6.67,-1.82,1,1,0.0000,0.0000,0.1500,0.00,0.8500,0.3500,0.9200,6.00,180.00,0.850000,0.050000,0.000000,1.100000,0.000000,0.000000,1.200000,0.000000,0.000000,1.350000,0.000000,0.000000,0.850000,0.020000,0.000000,0.008000,0.000000,0.000600,0.008000,0.000000,0.000600,0.006000,0.000000,0.000000,1,1,1,231,248,531521,531521,321076,210444,0,60.00,21788,3236,181,0,0,0,21794,498.50,498.50,4,372,0.0000,0.4950,0.4970,0.7400,0.5070
2026-04-27T18:52:06.876,3.864,1,1.60,-0.80,0.00,1.99,1,0.0183,0.0145,-0.0800,-0.0743,0.1176,0.0861,-1.29,0.72,55.26,61.13,232,232,1.00000,1.00000,1.00000,1.00000,3,3,1,14.97058,0.00329,1.04461,-0.0183,-0.0145,0.2300,-0.0743,0.1176,0.0861,1.29,-6.61,-1.80,1,1,0.0000,0.0000,0.1500,0.00,0.8500,0.3500,0.9200,6.00,180.00,0.850000,0.050000,0.000000,1.100000,0.000000,0.000000,1.200000,0.000000,0.000000,1.350000,0.000000,0.000000,0.850000,0.020000,0.000000,0.008000,0.000000,0.000600,0.008000,0.000000,0.000600,0.006000,0.000000,0.000000,1,1,1,232,246,531521,531521,321076,210444,0,60.00,21788,3236,181,0,0,0,21794,498.50,498.50,4,372,0.0000,0.4950,0.4970,0.7400,0.5070
2026-04-27T18:52:06.893,3.882,1,1.60,-0.80,0.00,1.99,1,0.0199,0.0127,-0.0813,-0.0829,0.1064,0.0791,-1.26,-1.53,72.51,56.64,233,233,1.00000,1.00000,1.00000,1.00000,3,3,1,15.01701,0.00316,1.04994,-0.0199,-0.0127,0.2313,-0.0829,0.1064,0.0791,1.26,-6.38,-1.97,1,1,0.0000,0.0000,0.1500,0.00,0.8500,0.3500,0.9200,6.00,180.00,0.850000,0.050000,0.000000,1.100000,0.000000,0.000000,1.200000,0.000000,0.000000,1.350000,0.000000,0.000000,0.850000,0.020000,0.000000,0.008000,0.000000,0.000600,0.008000,0.000000,0.000600,0.006000,0.000000,0.000000,1,1,1,233,247,531521,531521,321076,210444,0,60.00,21788,3236,181,0,0,0,21794,498.50,498.50,4,372,0.0000,0.4950,0.4970,0.7400,0.5070
2026-04-27T18:52:06.909,3.898,1,1.60,-0.80,0.00,1.99,1,0.0211,0.0106,-0.0822,-0.0775,0.1239,0.0707,-1.18,-5.12,53.80,64.02,234,234,1.00000,1.00000,1.00000,1.00000,3,3,1,14.97117,0.00325,1.04927,-0.0211,-0.0106,0.2322,-0.0775,0.1239,0.0707,1.18,-6.49,-1.89,1,1,0.0000,0.0000,0.1500,0.00,0.8500,0.3500,0.9200,6.00,180.00,0.850000,0.050000,0.000000,1.100000,0.000000,0.000000,1.200000,0.000000,0.000000,1.350000,0.000000,0.000000,0.850000,0.020000,0.000000,0.008000,0.000000,0.000600,0.008000,0.000000,0.000600,0.006000,0.000000,0.000000,1,1,1,234,248,531521,531521,321076,210444,0,60.00,21788,3236,181,0,0,0,21794,498.50,498.50,4,372,0.0000,0.4950,0.4970,0.7400,0.5070
2026-04-27T18:52:06.926,3.915,1,1.60,-0.80,0.00,1.99,1,0.0223,0.0087,-0.0834,-0.0769,0.1165,0.0716,-1.12,-3.67,60.18,59.93,235,235,1.00000,1.00000,1.00000,1.00000,3,3,1,14.78688,0.00357,1.04978,-0.0223,-0.0087,0.2334,-0.0769,0.1165,0.0716,1.12,-6.61,-1.77,1,1,0.0000,0.0000,0.1500,0.00,0.8500,0.3500,0.9200,6.00,180.00,0.850000,0.050000,0.000000,1.100000,0.000000,0.000000,1.200000,0.000000,0.000000,1.350000,0.000000,0.000000,0.850000,0.020000,0.000000,0.008000,0.000000,0.000600,0.008000,0.000000,0.000600,0.006000,0.000000,0.000000,1,1,1,235,248,531521,531521,321076,210444,0,60.00,21788,3236,181,0,0,0,21794,498.50,498.50,4,372,0.0000,0.4950,0.4970,0.7400,0.5070
2026-04-27T18:52:06.944,3.933,1,1.60,-0.80,0.00,1.99,1,0.0237,0.0070,-0.0845,-0.0801,0.1104,0.0674,-1.08,-2.26,61.08,60.35,236,236,1.00000,1.00000,1.00000,1.00000,3,3,1,14.72256,0.00345,1.04556,-0.0237,-0.0070,0.2345,-0.0801,0.1104,0.0674,1.08,-6.69,-1.77,1,1,0.0000,0.0000,0.1500,0.00,0.8500,0.3500,0.9200,6.00,180.00,0.850000,0.050000,0.000000,1.100000,0.000000,0.000000,1.200000,0.000000,0.000000,1.350000,0.000000,0.000000,0.850000,0.020000,0.000000,0.008000,0.000000,0.000600,0.008000,0.000000,0.000600,0.006000,0.000000,0.000000,1,1,1,236,246,531581,531581,321136,210444,0,60.00,21848,4157,181,0,0,0,21794,498.50,498.50,4,372,0.0000,0.4950,0.4970,0.7400,0.5070
2026-04-27T18:52:06.960,3.948,1,1.70,-0.60,0.95,1.95,1,0.0251,0.0053,-0.0860,-0.0811,0.1070,0.0795,-1.10,1.19,53.44,61.64,237,237,1.00000,1.00000,1.00000,1.00000,3,3,1,14.59397,0.00348,1.04423,-0.0251,-0.0053,0.2360,-0.0811,0.1070,0.0795,1.10,-6.57,-1.68,1,1,0.0000,0.0000,0.1500,0.00,0.8500,0.3500,0.9200,6.00,180.00,0.850000,0.050000,0.000000,1.100000,0.000000,0.000000,1.200000,0.000000,0.000000,1.350000,0.000000,0.000000,0.850000,0.020000,0.000000,0.008000,0.000000,0.000600,0.008000,0.000000,0.000600,0.006000,0.000000,0.000000,1,1,1,237,246,531581,531581,321136,210444,0,60.00,21848,4157,181,0,0,0,21794,498.50,498.50,4,372,0.0000,0.4950,0.4970,0.7400,0.5070
2026-04-27T18:52:06.976,3.965,1,1.70,-0.60,0.95,1.95,1,0.0266,0.0034,-0.0870,-0.0907,0.1153,0.0683,-1.10,0.00,63.24,60.73,238,238,1.00000,1.00000,1.00000,1.00000,3,3,1,14.49595,0.00333,1.05124,-0.0266,-0.0034,0.2370,-0.0907,0.1153,0.0683,1.10,-6.54,-1.64,1,1,0.0000,0.0000,0.1500,0.00,0.8500,0.3500,0.9200,6.00,180.00,0.850000,0.050000,0.000000,1.100000,0.000000,0.000000,1.200000,0.000000,0.000000,1.350000,0.000000,0.000000,0.850000,0.020000,0.000000,0.008000,0.000000,0.000600,0.008000,0.000000,0.000600,0.006000,0.000000,0.000000,1,1,1,238,247,531581,531581,321136,210444,0,60.00,21848,4157,181,0,0,0,21794,498.50,498.50,4,372,0.0000,0.4950,0.4970,0.7400,0.5070
2026-04-27T18:52:06.990,3.979,1,1.70,-0.60,0.95,1.95,1,0.0278,0.0015,-0.0880,-0.0801,0.1143,0.0631,-1.09,-0.69,63.73,57.38,239,239,1.00000,1.00000,1.00000,1.00000,3,3,1,14.40166,0.00355,1.04973,-0.0278,-0.0015,0.2380,-0.0801,0.1143,0.0631,1.09,-6.79,-1.54,1,1,0.0000,0.0000,0.1500,0.00,0.8500,0.3500,0.9200,6.00,180.00,0.850000,0.050000,0.000000,1.100000,0.000000,0.000000,1.200000,0.000000,0.000000,1.350000,0.000000,0.000000,0.850000,0.020000,0.000000,0.008000,0.000000,0.000600,0.008000,0.000000,0.000600,0.006000,0.000000,0.000000,1,1,1,239,247,531581,531581,321136,210444,0,60.00,21848,4157,181,0,0,0,21794,498.50,498.50,4,372,0.0000,0.4950,0.4970,0.7400,0.5070
2026-04-27T18:52:07.010,3.999,1,1.70,-0.60,0.95,1.95,1,0.0295,-0.0004,-0.0891,-0.0880,0.1115,0.0652,-1.11,1.05,80.26,58.31,240,240,1.00000,1.00000,1.00000,1.00000,3,3,1,14.26007,0.00355,1.04782,-0.0295,0.0004,0.2391,-0.0880,0.1115,0.0652,1.11,-6.66,-1.46,1,1,0.0000,0.0000,0.1500,0.00,0.8500,0.3500,0.9200,6.00,180.00,0.850000,0.050000,0.000000,1.100000,0.000000,0.000000,1.200000,0.000000,0.000000,1.350000,0.000000,0.000000,0.850000,0.020000,0.000000,0.008000,0.000000,0.000600,0.008000,0.000000,0.000600,0.006000,0.000000,0.000000,1,1,1,240,243,531581,531581,321136,210444,0,60.00,21848,4157,181,0,0,0,21794,498.50,498.50,4,372,0.0000,0.4950,0.4970,0.7400,0.5070
2026-04-27T18:52:07.026,4.015,1,1.70,-0.60,0.95,1.95,1,0.0311,-0.0019,-0.0906,-0.0946,0.1040,0.0784,-1.23,7.53,46.66,61.98,241,241,1.00000,1.00000,1.00000,1.00000,3,3,1,14.23960,0.00332,1.04271,-0.0311,0.0019,0.2406,-0.0946,0.1040,0.0784,1.23,-6.47,-1.58,1,1,0.0000,0.0000,0.1500,0.00,0.8500,0.3500,0.9200,6.00,180.00,0.850000,0.050000,0.000000,1.100000,0.000000,0.000000,1.200000,0.000000,0.000000,1.350000,0.000000,0.000000,0.850000,0.020000,0.000000,0.008000,0.000000,0.000600,0.008000,0.000000,0.000600,0.006000,0.000000,0.000000,1,1,1,241,247,531581,531581,321136,210444,0,60.00,21848,4157,181,0,0,0,21794,498.50,498.50,4,372,0.0000,0.4950,0.4970,0.7400,0.5070
2026-04-27T18:52:07.043,4.031,1,1.70,-0.60,0.95,1.95,1,0.0326,-0.0038,-0.0916,-0.0920,0.1080,0.0651,-1.21,-1.19,64.15,59.88,242,242,1.00000,1.00000,1.00000,1.00000,3,3,1,14.10059,0.00338,1.04956,-0.0326,0.0038,0.2416,-0.0920,0.1080,0.0651,1.21,-6.47,-1.61,1,1,0.0000,0.0000,0.1500,0.00,0.8500,0.3500,0.9200,6.00,180.00,0.850000,0.050000,0.000000,1.100000,0.000000,0.000000,1.200000,0.000000,0.000000,1.350000,0.000000,0.000000,0.850000,0.020000,0.000000,0.008000,0.000000,0.000600,0.008000,0.000000,0.000600,0.006000,0.000000,0.000000,1,1,1,242,247,531581,531581,321136,210444,0,60.00,21848,4157,241,0,0,0,21854,500.25,500.25,6,617,0.0000,0.5090,0.5100,0.7760,0.5040
2026-04-27T18:52:07.063,4.052,1,1.70,-0.60,0.95,1.95,1,0.0339,-0.0057,-0.0923,-0.0794,0.1034,0.0507,-1.13,-3.78,59.43,59.17,243,243,1.00000,1.00000,1.00000,1.00000,3,3,1,14.07868,0.00358,1.05131,-0.0339,0.0057,0.2423,-0.0794,0.1034,0.0507,1.13,-6.80,-1.60,1,1,0.0000,0.0000,0.1500,0.00,0.8500,0.3500,0.9200,6.00,180.00,0.850000,0.050000,0.000000,1.100000,0.000000,0.000000,1.200000,0.000000,0.000000,1.350000,0.000000,0.000000,0.850000,0.020000,0.000000,0.008000,0.000000,0.000600,0.008000,0.000000,0.000600,0.006000,0.000000,0.000000,1,1,1,243,245,531581,531581,321136,210444,0,60.00,21848,4157,241,0,0,0,21854,500.25,500.25,6,617,0.0000,0.5090,0.5100,0.7760,0.5040
2026-04-27T18:52:07.078,4.066,1,1.70,-0.60,0.95,1.95,1,0.0358,-0.0073,-0.0937,-0.1062,0.1068,0.0770,-1.17,2.79,48.62,60.94,244,244,1.00000,1.00000,1.00000,1.00000,3,3,1,13.97099,0.00338,1.05239,-0.0358,0.0073,0.2437,-0.1062,0.1068,0.0770,1.17,-6.35,-1.64,1,1,0.0000,0.0000,0.1500,0.00,0.8500,0.3500,0.9200,6.00,180.00,0.850000,0.050000,0.000000,1.100000,0.000000,0.000000,1.200000,0.000000,0.000000,1.350000,0.000000,0.000000,0.850000,0.020000,0.000000,0.008000,0.000000,0.000600,0.008000,0.000000,0.000600,0.006000,0.000000,0.000000,1,1,1,244,247,531581,531581,321136,210444,0,60.00,21848,4157,241,0,0,0,21854,500.25,500.25,6,617,0.0000,0.5090,0.5100,0.7760,0.5040
2026-04-27T18:52:07.094,4.083,1,1.70,-0.60,0.95,1.95,1,0.0374,-0.0092,-0.0951,-0.0989,0.1142,0.0766,-1.08,-5.80,69.09,60.16,245,245,1.00000,1.00000,1.00000,1.00000,3,3,1,13.88259,0.00331,1.04959,-0.0374,0.0092,0.2451,-0.0989,0.1142,0.0766,1.08,-6.21,-1.56,1,1,0.0000,0.0000,0.1500,0.00,0.8500,0.3500,0.9200,6.00,180.00,0.850000,0.050000,0.000000,1.100000,0.000000,0.000000,1.200000,0.000000,0.000000,1.350000,0.000000,0.000000,0.850000,0.020000,0.000000,0.008000,0.000000,0.000600,0.008000,0.000000,0.000600,0.006000,0.000000,0.000000,1,1,1,245,247,531581,531581,321136,210444,0,60.00,21848,4157,241,0,0,0,21854,500.25,500.25,6,617,0.0000,0.5090,0.5100,0.7760,0.5040
2026-04-27T18:52:07.110,4.098,1,1.70,-0.60,0.95,1.95,1,0.0388,-0.0109,-0.0963,-0.0945,0.1078,0.0756,-1.16,5.01,58.28,59.84,246,246,1.00000,1.00000,1.00000,1.00000,3,3,1,13.76263,0.00335,1.05153,-0.0388,0.0109,0.2463,-0.0945,0.1078,0.0756,1.16,-6.23,-1.58,1,1,0.0000,0.0000,0.1500,0.00,0.8500,0.3500,0.9200,6.00,180.00,0.850000,0.050000,0.000000,1.100000,0.000000,0.000000,1.200000,0.000000,0.000000,1.350000,0.000000,0.000000,0.850000,0.020000,0.000000,0.008000,0.000000,0.000600,0.008000,0.000000,0.000600,0.006000,0.000000,0.000000,1,1,1,246,247,531581,531581,321136,210444,0,60.00,21848,4157,241,0,0,0,21854,500.25,500.25,6,617,0.0000,0.5090,0.5100,0.7760,0.5040
2026-04-27T18:52:07.126,4.115,1,1.70,-0.60,0.95,1.95,1,0.0404,-0.0127,-0.0974,-0.1007,0.1132,0.0697,-1.11,-2.92,67.43,61.84,247,247,1.00000,1.00000,1.00000,1.00000,3,3,1,13.69667,0.00363,1.04894,-0.0404,0.0127,0.2474,-0.1007,0.1132,0.0697,1.11,-6.25,-1.53,1,1,0.0000,0.0000,0.1500,0.00,0.8500,0.3500,0.9200,6.00,180.00,0.850000,0.050000,0.000000,1.100000,0.000000,0.000000,1.200000,0.000000,0.000000,1.350000,0.000000,0.000000,0.850000,0.020000,0.000000,0.008000,0.000000,0.000600,0.008000,0.000000,0.000600,0.006000,0.000000,0.000000,1,1,1,247,245,531581,531581,321136,210444,0,60.00,21848,4157,241,0,0,0,21854,500.25,500.25,6,617,0.0000,0.5090,0.5100,0.7760,0.5040
2026-04-27T18:52:07.146,4.135,1,1.70,-0.60,0.95,1.95,1,0.0423,-0.0146,-0.0986,-0.0977,0.1040,0.0677,-1.22,5.78,51.70,57.97,248,248,1.00000,1.00000,1.00000,1.00000,3,3,1,13.57971,0.00315,1.05014,-0.0423,0.0146,0.2486,-0.0977,0.1040,0.0677,1.22,-5.95,-1.45,1,1,0.0000,0.0000,0.1500,0.00,0.8500,0.3500,0.9200,6.00,180.00,0.850000,0.050000,0.000000,1.100000,0.000000,0.000000,1.200000,0.000000,0.000000,1.350000,0.000000,0.000000,0.850000,0.020000,0.000000,0.008000,0.000000,0.000600,0.008000,0.000000,0.000600,0.006000,0.000000,0.000000,1,1,1,248,247,531581,531581,321136,210444,0,60.00,21848,4157,241,0,0,0,21854,500.25,500.25,6,617,0.0000,0.5090,0.5100,0.7760,0.5040
2026-04-27T18:52:07.159,4.147,1,1.70,-0.60,0.95,1.95,1,0.0438,-0.0168,-0.0996,-0.1047,0.1333,0.0694,-1.15,-5.08,59.58,59.97,249,249,1.00000,1.00000,1.00000,1.00000,3,3,1,13.42743,0.00325,1.04779,-0.0438,0.0168,0.2496,-0.1047,0.1333,0.0694,1.15,-5.89,-1.26,1,1,0.0000,0.0000,0.1500,0.00,0.8500,0.3500,0.9200,6.00,180.00,0.850000,0.050000,0.000000,1.100000,0.000000,0.000000,1.200000,0.000000,0.000000,1.350000,0.000000,0.000000,0.850000,0.020000,0.000000,0.008000,0.000000,0.000600,0.008000,0.000000,0.000600,0.006000,0.000000,0.000000,1,1,1,249,246,531581,531581,321136,210444,0,60.00,21848,4157,241,0,0,0,21854,500.25,500.25,6,617,0.0000,0.5090,0.5100,0.7760,0.5040
2026-04-27T18:52:07.177,4.166,1,1.70,-0.60,0.95,1.95,1,0.0455,-0.0186,-0.1005,-0.0984,0.1134,0.0563,-1.18,1.60,84.95,60.74,250,250,1.00000,1.00000,1.00000,1.00000,3,3,1,13.34415,0.00345,1.05370,-0.0455,0.0186,0.2505,-0.0984,0.1134,0.0563,1.18,-5.93,-1.34,1,1,0.0000,0.0000,0.1500,0.00,0.8500,0.3500,0.9200,6.00,180.00,0.850000,0.050000,0.000000,1.100000,0.000000,0.000000,1.200000,0.000000,0.000000,1.350000,0.000000,0.000000,0.850000,0.020000,0.000000,0.008000,0.000000,0.000600,0.008000,0.000000,0.000600,0.006000,0.000000,0.000000,1,1,1,250,247,531581,531581,321136,210444,0,60.00,21848,4157,241,0,0,0,21854,500.25,500.25,6,617,0.0000,0.5090,0.5100,0.7760,0.5040
2026-04-27T18:52:07.192,4.181,1,1.70,-0.60,0.95,1.95,1,0.0474,-0.0204,-0.1017,-0.1153,0.1184,0.0693,-1.18,0.00,48.11,59.99,251,251,1.00000,1.00000,1.00000,1.00000,3,3,1,13.23938,0.00318,1.04903,-0.0474,0.0204,0.2517,-0.1153,0.1184,0.0693,1.18,-5.42,-1.34,1,1,0.0000,0.0000,0.1500,0.00,0.8500,0.3500,0.9200,6.00,180.00,0.850000,0.050000,0.000000,1.100000,0.000000,0.000000,1.200000,0.000000,0.000000,1.350000,0.000000,0.000000,0.850000,0.020000,0.000000,0.008000,0.000000,0.000600,0.008000,0.000000,0.000600,0.006000,0.000000,0.000000,1,1,1,251,246,531581,531581,321136,210444,0,60.00,21848,4157,241,0,0,0,21854,500.25,500.25,6,617,0.0000,0.5090,0.5100,0.7760,0.5040
2026-04-27T18:52:07.209,4.197,1,1.70,-0.60,0.95,1.95,1,0.0489,-0.0220,-0.1026,-0.1005,0.1089,0.0602,-1.07,-6.76,76.10,59.30,252,252,1.00000,1.00000,1.00000,1.00000,3,3,1,13.21202,0.00370,1.05704,-0.0489,0.0220,0.2526,-0.1005,0.1089,0.0602,1.07,-5.68,-1.45,1,1,0.0000,0.0000,0.1500,0.00,0.8500,0.3500,0.9200,6.00,180.00,0.850000,0.050000,0.000000,1.100000,0.000000,0.000000,1.200000,0.000000,0.000000,1.350000,0.000000,0.000000,0.850000,0.020000,0.000000,0.008000,0.000000,0.000600,0.008000,0.000000,0.000600,0.006000,0.000000,0.000000,1,1,1,252,246,531581,531581,321136,210444,0,60.00,21848,4157,241,0,0,0,21854,500.25,500.25,6,617,0.0000,0.5090,0.5100,0.7760,0.5040
2026-04-27T18:52:07.228,4.217,1,1.70,-0.60,0.95,1.95,1,0.0505,-0.0238,-0.1037,-0.1025,0.1129,0.0666,-1.08,0.49,58.37,68.12,253,253,1.00000,1.00000,1.00000,1.00000,3,3,1,13.07592,0.00350,1.05048,-0.0505,0.0238,0.2537,-0.1025,0.1129,0.0666,1.08,-5.73,-1.25,1,1,0.0000,0.0000,0.1500,0.00,0.8500,0.3500,0.9200,6.00,180.00,0.850000,0.050000,0.000000,1.100000,0.000000,0.000000,1.200000,0.000000,0.000000,1.350000,0.000000,0.000000,0.850000,0.020000,0.000000,0.008000,0.000000,0.000600,0.008000,0.000000,0.000600,0.006000,0.000000,0.000000,1,1,1,253,247,531581,531581,321136,210444,0,60.00,21848,4157,241,0,0,0,21854,500.25,500.25,6,617,0.0000,0.5090,0.5100,0.7760,0.5040
2026-04-27T18:52:07.243,4.232,1,1.70,-0.60,0.95,1.95,1,0.0522,-0.0257,-0.1045,-0.0969,0.1071,0.0528,-1.00,-5.88,49.85,53.01,254,254,1.00000,1.00000,1.00000,1.00000,3,3,1,13.02693,0.00360,1.05324,-0.0522,0.0257,0.2545,-0.0969,0.1071,0.0528,1.00,-5.84,-1.26,1,1,0.0000,0.0000,0.1500,0.00,0.8500,0.3500,0.9200,6.00,180.00,0.850000,0.050000,0.000000,1.100000,0.000000,0.000000,1.200000,0.000000,0.000000,1.350000,0.000000,0.000000,0.850000,0.020000,0.000000,0.008000,0.000000,0.000600,0.008000,0.000000,0.000600,0.006000,0.000000,0.000000,1,1,1,254,244,531581,531581,321136,210444,0,60.00,21848,4157,241,0,0,0,21854,500.25,500.25,6,617,0.0000,0.5090,0.5100,0.7760,0.5040
2026-04-27T18:52:07.259,4.247,1,1.70,-0.60,0.95,1.95,1,0.0540,-0.0272,-0.1055,-0.1086,0.1035,0.0617,-1.11,6.56,70.98,61.39,255,255,1.00000,1.00000,1.00000,1.00000,3,3,1,12.91327,0.00343,1.05465,-0.0540,0.0272,0.2555,-0.1086,0.1035,0.0617,1.11,-5.60,-1.22,1,1,0.0000,0.0000,0.1500,0.00,0.8500,0.3500,0.9200,6.00,180.00,0.850000,0.050000,0.000000,1.100000,0.000000,0.000000,1.200000,0.000000,0.000000,1.350000,0.000000,0.000000,0.850000,0.020000,0.000000,0.008000,0.000000,0.000600,0.008000,0.000000,0.000600,0.006000,0.000000,0.000000,1,1,1,255,246,531581,531581,321136,210444,0,60.00,21848,4157,241,0,0,0,21854,500.25,500.25,6,617,0.0000,0.5090,0.5100,0.7760,0.5040
2026-04-27T18:52:07.275,4.264,1,2.19,-0.19,2.92,1.97,1,0.0558,-0.0292,-0.1065,-0.1071,0.1138,0.0573,-0.95,-10.05,62.97,63.09,256,256,1.00000,1.00000,1.00000,1.00000,3,3,1,12.83178,0.00350,1.05472,-0.0558,0.0292,0.2565,-0.1071,0.1138,0.0573,0.95,-5.47,-1.16,1,1,0.0000,0.0000,0.1500,0.00,0.8500,0.3500,0.9200,6.00,180.00,0.850000,0.050000,0.000000,1.100000,0.000000,0.000000,1.200000,0.000000,0.000000,1.350000,0.000000,0.000000,0.850000,0.020000,0.000000,0.008000,0.000000,0.000600,0.008000,0.000000,0.000600,0.006000,0.000000,0.000000,1,1,1,256,247,531581,531581,321136,210444,0,60.00,21848,4157,241,0,0,0,21854,500.25,500.25,6,617,0.0000,0.5090,0.5100,0.7760,0.5040
2026-04-27T18:52:07.294,4.283,1,2.19,-0.19,2.92,1.97,1,0.0578,-0.0307,-0.1075,-0.1119,0.0956,0.0579,-0.90,-2.89,63.29,57.37,257,257,1.00000,1.00000,1.00000,1.00000,3,3,1,12.82128,0.00331,1.05856,-0.0578,0.0307,0.2575,-0.1119,0.0956,0.0579,0.90,-5.03,-1.29,1,1,0.0000,0.0000,0.1500,0.00,0.8500,0.3500,0.9200,6.00,180.00,0.850000,0.050000,0.000000,1.100000,0.000000,0.000000,1.200000,0.000000,0.000000,1.350000,0.000000,0.000000,0.850000,0.020000,0.000000,0.008000,0.000000,0.000600,0.008000,0.000000,0.000600,0.006000,0.000000,0.000000,1,1,1,257,246,531581,531581,321136,210444,0,60.00,21848,4157,241,0,0,0,21854,500.25,500.25,6,617,0.0000,0.5090,0.5100,0.7760,0.5040
2026-04-27T18:52:07.311,4.299,1,2.19,-0.19,2.92,1.97,1,0.0593,-0.0324,-0.1084,-0.0966,0.0993,0.0545,-0.83,-3.73,54.32,58.50,258,258,1.00000,1.00000,1.00000,1.00000,3,3,1,12.67021,0.00374,1.05303,-0.0593,0.0324,0.2584,-0.0966,0.0993,0.0545,0.83,-5.08,-1.31,1,1,0.0000,0.0000,0.1500,0.00,0.8500,0.3500,0.9200,6.00,180.00,0.850000,0.050000,0.000000,1.100000,0.000000,0.000000,1.200000,0.000000,0.000000,1.350000,0.000000,0.000000,0.850000,0.020000,0.000000,0.008000,0.000000,0.000600,0.008000,0.000000,0.000600,0.006000,0.000000,0.000000,1,1,1,258,247,531581,531581,321136,210444,0,60.00,21848,4157,241,0,0,0,21854,500.25,500.25,6,617,0.0000,0.5090,0.5100,0.7760,0.5040
2026-04-27T18:52:07.326,4.314,1,2.19,-0.19,2.92,1.97,1,0.0607,-0.0339,-0.1091,-0.1009,0.1046,0.0516,-0.82,-0.71,56.49,61.46,259,259,1.00000,1.00000,1.00000,1.00000,3,3,1,12.70303,0.00368,1.05385,-0.0607,0.0339,0.2591,-0.1009,0.1046,0.0516,0.82,-5.15,-1.33,1,1,0.0000,0.0000,0.1500,0.00,0.8500,0.3500,0.9200,6.00,180.00,0.850000,0.050000,0.000000,1.100000,0.000000,0.000000,1.200000,0.000000,0.000000,1.350000,0.000000,0.000000,0.850000,0.020000,0.000000,0.008000,0.000000,0.000600,0.008000,0.000000,0.000600,0.006000,0.000000,0.000000,1,1,1,259,247,531581,531581,321136,210444,0,60.00,21848,4157,241,0,0,0,21854,500.25,500.25,6,617,0.0000,0.5090,0.5100,0.7760,0.5040
2026-04-27T18:52:07.341,4.330,1,2.19,-0.19,2.92,1.97,1,0.0624,-0.0356,-0.1100,-0.1002,0.0999,0.0503,-0.73,-5.47,68.30,61.76,260,260,1.00000,1.00000,1.00000,1.00000,3,3,1,12.55146,0.00362,1.05453,-0.0624,0.0356,0.2600,-0.1002,0.0999,0.0503,0.73,-5.15,-1.20,1,1,0.0000,0.0000,0.1500,0.00,0.8500,0.3500,0.9200,6.00,180.00,0.850000,0.050000,0.000000,1.100000,0.000000,0.000000,1.200000,0.000000,0.000000,1.350000,0.000000,0.000000,0.850000,0.020000,0.000000,0.008000,0.000000,0.000600,0.008000,0.000000,0.000600,0.006000,0.000000,0.000000,1,1,1,260,240,531581,531581,321136,210444,0,60.00,21848,4157,241,0,0,0,21854,500.25,500.25,6,617,0.0000,0.5090,0.5100,0.7760,0.5040
2026-04-27T18:52:07.362,4.351,1,2.19,-0.19,2.92,1.97,1,0.0643,-0.0373,-0.1108,-0.1009,0.0954,0.0476,-0.79,3.00,66.95,55.02,261,261,1.00000,1.00000,1.00000,1.00000,3,3,1,12.43318,0.00361,1.05270,-0.0643,0.0373,0.2608,-0.1009,0.0954,0.0476,0.79,-4.91,-1.19,1,1,0.0000,0.0000,0.1500,0.00,0.8500,0.3500,0.9200,6.00,180.00,0.850000,0.050000,0.000000,1.100000,0.000000,0.000000,1.200000,0.000000,0.000000,1.350000,0.000000,0.000000,0.850000,0.020000,0.000000,0.008000,0.000000,0.000600,0.008000,0.000000,0.000600,0.006000,0.000000,0.000000,1,1,1,261,247,531581,531581,321136,210444,0,60.00,21848,4157,241,0,0,0,21854,500.25,500.25,6,617,0.0000,0.5090,0.5100,0.7760,0.5040
2026-04-27T18:52:07.377,4.366,1,2.19,-0.19,2.92,1.97,1,0.0660,-0.0390,-0.1116,-0.1051,0.1034,0.0474,-0.67,-7.97,44.72,67.67,262,262,1.00000,1.00000,1.00000,1.00000,3,3,1,12.36424,0.00338,1.05563,-0.0660,0.0390,0.2616,-0.1051,0.1034,0.0474,0.67,-4.63,-1.10,1,1,0.0000,0.0000,0.1500,0.00,0.8500,0.3500,0.9200,6.00,180.00,0.850000,0.050000,0.000000,1.100000,0.000000,0.000000,1.200000,0.000000,0.000000,1.350000,0.000000,0.000000,0.850000,0.020000,0.000000,0.008000,0.000000,0.000600,0.008000,0.000000,0.000600,0.006000,0.000000,0.000000,1,1,1,262,246,531581,531581,321136,210444,0,60.00,21848,4157,241,0,0,0,21854,500.25,500.25,6,617,0.0000,0.5090,0.5100,0.7760,0.5040
2026-04-27T18:52:07.395,4.384,1,2.19,-0.19,2.92,1.97,1,0.0675,-0.0405,-0.1125,-0.0955,0.0951,0.0510,-0.67,0.00,67.07,58.37,263,263,1.00000,1.00000,1.00000,1.00000,3,3,1,12.32745,0.00353,1.05467,-0.0675,0.0405,0.2625,-0.0955,0.0951,0.0510,0.67,-4.55,-0.99,1,1,0.0000,0.0000,0.1500,0.00,0.8500,0.3500,0.9200,6.00,180.00,0.850000,0.050000,0.000000,1.100000,0.000000,0.000000,1.200000,0.000000,0.000000,1.350000,0.000000,0.000000,0.850000,0.020000,0.000000,0.008000,0.000000,0.000600,0.008000,0.000000,0.000600,0.006000,0.000000,0.000000,1,1,1,263,247,531581,531581,321136,210444,0,60.00,21848,4157,241,0,0,0,21854,500.25,500.25,6,617,0.0000,0.5090,0.5100,0.7760,0.5040
2026-04-27T18:52:07.412,4.401,1,2.39,0.00,1.99,1.93,1,0.0689,-0.0421,-0.1132,-0.0914,0.0975,0.0426,-0.68,0.55,55.28,57.71,264,264,1.00000,1.00000,1.00000,1.00000,3,3,1,12.18159,0.00352,1.05429,-0.0689,0.0421,0.2632,-0.0914,0.0975,0.0426,0.68,-4.73,-0.97,1,1,0.0000,0.0000,0.1500,0.00,0.8500,0.3500,0.9200,6.00,180.00,0.850000,0.050000,0.000000,1.100000,0.000000,0.000000,1.200000,0.000000,0.000000,1.350000,0.000000,0.000000,0.850000,0.020000,0.000000,0.008000,0.000000,0.000600,0.008000,0.000000,0.000600,0.006000,0.000000,0.000000,1,1,1,264,247,531581,531581,321136,210444,0,60.00,21848,4157,241,0,0,0,21854,500.25,500.25,6,617,0.0000,0.5090,0.5100,0.7760,0.5040
2026-04-27T18:52:07.425,4.414,1,2.39,0.00,1.99,1.93,1,0.0703,-0.0434,-0.1138,-0.0971,0.0935,0.0445,-0.69,0.73,58.96,64.89,265,265,1.00000,1.00000,1.00000,1.00000,3,3,1,12.23697,0.00355,1.05877,-0.0703,0.0434,0.2638,-0.0971,0.0935,0.0445,0.69,-4.87,-0.89,1,1,0.0000,0.0000,0.1500,0.00,0.8500,0.3500,0.9200,6.00,180.00,0.850000,0.050000,0.000000,1.100000,0.000000,0.000000,1.200000,0.000000,0.000000,1.350000,0.000000,0.000000,0.850000,0.020000,0.000000,0.008000,0.000000,0.000600,0.008000,0.000000,0.000600,0.006000,0.000000,0.000000,1,1,1,265,246,531581,531581,321136,210444,0,60.00,21848,4157,241,0,0,0,21854,500.25,500.25,6,617,0.0000,0.5090,0.5100,0.7760,0.5040
2026-04-27T18:52:07.445,4.434,1,2.39,0.00,1.99,1.93,1,0.0720,-0.0450,-0.1146,-0.0918,0.0875,0.0428,-0.74,2.42,80.67,54.60,266,266,1.00000,1.00000,1.00000,1.00000,3,3,1,12.08200,0.00353,1.05558,-0.0720,0.0450,0.2646,-0.0918,0.0875,0.0428,0.74,-4.90,-0.73,1,1,0.0000,0.0000,0.1500,0.00,0.8500,0.3500,0.9200,6.00,180.00,0.850000,0.050000,0.000000,1.100000,0.000000,0.000000,1.200000,0.000000,0.000000,1.350000,0.000000,0.000000,0.850000,0.020000,0.000000,0.008000,0.000000,0.000600,0.008000,0.000000,0.000600,0.006000,0.000000,0.000000,1,1,1,266,246,531581,531581,321136,210444,0,60.00,21848,4157,241,0,0,0,21854,500.25,500.25,6,617,0.0000,0.5090,0.5100,0.7760,0.5040
2026-04-27T18:52:07.460,4.449,1,2.39,0.00,1.99,1.93,1,0.0733,-0.0463,-0.1153,-0.0889,0.0881,0.0456,-0.72,-1.39,45.22,62.33,267,267,1.00000,1.00000,1.00000,1.00000,3,3,1,12.07872,0.00376,1.05223,-0.0733,0.0463,0.2653,-0.0889,0.0881,0.0456,0.72,-4.89,-0.69,1,1,0.0000,0.0000,0.1500,0.00,0.8500,0.3500,0.9200,6.00,180.00,0.850000,0.050000,0.000000,1.100000,0.000000,0.000000,1.200000,0.000000,0.000000,1.350000,0.000000,0.000000,0.850000,0.020000,0.000000,0.008000,0.000000,0.000600,0.008000,0.000000,0.000600,0.006000,0.000000,0.000000,1,1,1,267,247,531581,531581,321136,210444,0,60.00,21848,4157,241,0,0,0,21854,500.25,500.25,6,617,0.0000,0.5090,0.5100,0.7760,0.5040
2026-04-27T18:52:07.479,4.468,1,2.50,0.30,1.02,2.95,1,0.0749,-0.0478,-0.1161,-0.0890,0.0851,0.0422,-0.60,-6.54,71.75,59.93,268,268,1.00000,1.00000,1.00000,1.00000,3,3,1,12.03357,0.00333,1.04976,-0.0749,0.0478,0.2661,-0.0890,0.0851,0.0422,0.60,-4.75,-0.52,1,1,0.0000,0.0000,0.1500,0.00,0.8500,0.3500,0.9200,6.00,180.00,0.850000,0.050000,0.000000,1.100000,0.000000,0.000000,1.200000,0.000000,0.000000,1.350000,0.000000,0.000000,0.850000,0.020000,0.000000,0.008000,0.000000,0.000600,0.008000,0.000000,0.000600,0.006000,0.000000,0.000000,1,1,1,268,246,531581,531581,321136,210444,0,60.00,21848,4157,241,0,0,0,21854,500.25,500.25,6,617,0.0000,0.5090,0.5100,0.7760,0.5040
2026-04-27T18:52:07.495,4.484,1,2.50,0.30,1.02,2.95,1,0.0761,-0.0491,-0.1169,-0.0819,0.0830,0.0439,-0.55,-3.00,54.50,59.83,269,269,1.00000,1.00000,1.00000,1.00000,3,3,1,11.96988,0.00349,1.04696,-0.0761,0.0491,0.2669,-0.0819,0.0830,0.0439,0.55,-4.90,-0.34,1,1,0.0000,0.0000,0.1500,0.00,0.8500,0.3500,0.9200,6.00,180.00,0.850000,0.050000,0.000000,1.100000,0.000000,0.000000,1.200000,0.000000,0.000000,1.350000,0.000000,0.000000,0.850000,0.020000,0.000000,0.008000,0.000000,0.000600,0.008000,0.000000,0.000600,0.006000,0.000000,0.000000,1,1,1,269,246,531581,531581,321136,210444,0,60.00,21848,4157,241,0,0,0,21854,500.25,500.25,6,617,0.0000,0.5090,0.5100,0.7760,0.5040
2026-04-27T18:52:07.509,4.498,1,2.50,0.30,1.02,2.95,1,0.0776,-0.0502,-0.1174,-0.1035,0.0853,0.0408,-0.64,6.40,60.04,63.55,270,270,1.00000,1.00000,1.00000,1.00000,3,3,1,11.86668,0.00330,1.05014,-0.0776,0.0502,0.2674,-0.1035,0.0853,0.0408,0.64,-4.91,-0.29,1,1,0.0000,0.0000,0.1500,0.00,0.8500,0.3500,0.9200,6.00,180.00,0.850000,0.050000,0.000000,1.100000,0.000000,0.000000,1.200000,0.000000,0.000000,1.350000,0.000000,0.000000,0.850000,0.020000,0.000000,0.008000,0.000000,0.000600,0.008000,0.000000,0.000600,0.006000,0.000000,0.000000,1,1,1,270,246,531581,531581,321136,210444,0,60.00,21848,4157,241,0,0,0,21854,500.25,500.25,6,617,0.0000,0.5090,0.5100,0.7760,0.5040
2026-04-27T18:52:07.529,4.518,1,2.50,0.30,1.02,2.95,1,0.0795,-0.0514,-0.1179,-0.0962,0.0705,0.0320,-0.75,5.54,63.99,55.91,271,271,1.00000,1.00000,1.00000,1.00000,3,3,1,11.76576,0.00334,1.05388,-0.0795,0.0514,0.2679,-0.0962,0.0705,0.0320,0.75,-4.50,-0.50,1,1,0.0000,0.0000,0.1500,0.00,0.8500,0.3500,0.9200,6.00,180.00,0.850000,0.050000,0.000000,1.100000,0.000000,0.000000,1.200000,0.000000,0.000000,1.350000,0.000000,0.000000,0.850000,0.020000,0.000000,0.008000,0.000000,0.000600,0.008000,0.000000,0.000600,0.006000,0.000000,0.000000,1,1,1,271,243,531581,531581,321136,210444,0,60.00,21848,4157,241,0,0,0,21854,500.25,500.25,6,617,0.0000,0.5090,0.5100,0.7760,0.5040
2026-04-27T18:52:07.544,4.533,1,2.50,0.30,1.02,2.95,1,0.0806,-0.0527,-0.1184,-0.0857,0.0838,0.0338,-0.74,-0.69,56.25,65.39,272,272,1.00000,1.00000,1.00000,1.00000,3,3,1,11.65478,0.00349,1.05303,-0.0806,0.0527,0.2684,-0.0857,0.0838,0.0338,0.74,-4.56,-0.33,1,1,0.0000,0.0000,0.1500,0.00,0.8500,0.3500,0.9200,6.00,180.00,0.850000,0.050000,0.000000,1.100000,0.000000,0.000000,1.200000,0.000000,0.000000,1.350000,0.000000,0.000000,0.850000,0.020000,0.000000,0.008000,0.000000,0.000600,0.008000,0.000000,0.000600,0.006000,0.000000,0.000000,1,1,1,272,247,531581,531581,321136,210444,0,60.00,21848,4157,271,0,0,0,21884,502.01,502.01,4,280,0.0000,0.5090,0.5140,0.7790,0.5020
2026-04-27T18:52:07.557,4.546,1,2.50,0.30,1.02,2.95,1,0.0816,-0.0540,-0.1188,-0.0767,0.0835,0.0305,-0.55,-13.66,66.19,59.66,273,273,1.00000,1.00000,1.00000,1.00000,3,3,1,11.69580,0.00369,1.05125,-0.0816,0.0540,0.2688,-0.0767,0.0835,0.0305,0.55,-4.93,-0.24,1,1,0.0000,0.0000,0.1500,0.00,0.8500,0.3500,0.9200,6.00,180.00,0.850000,0.050000,0.000000,1.100000,0.000000,0.000000,1.200000,0.000000,0.000000,1.350000,0.000000,0.000000,0.850000,0.020000,0.000000,0.008000,0.000000,0.000600,0.008000,0.000000,0.000600,0.006000,0.000000,0.000000,1,1,1,273,246,531581,531581,321136,210444,0,60.00,21848,4157,271,0,0,0,21884,502.01,502.01,4,280,0.0000,0.5090,0.5140,0.7790,0.5020
2026-04-27T18:52:07.575,4.564,1,2.50,0.30,1.02,2.95,1,0.0831,-0.0547,-0.1195,-0.0833,0.0599,0.0363,-0.57,1.17,74.67,58.12,274,274,1.00000,1.00000,1.00000,1.00000,3,3,1,11.71427,0.00325,1.05466,-0.0831,0.0547,0.2695,-0.0833,0.0599,0.0363,0.57,-4.75,-0.41,1,1,0.0000,0.0000,0.1500,0.00,0.8500,0.3500,0.9200,6.00,180.00,0.850000,0.050000,0.000000,1.100000,0.000000,0.000000,1.200000,0.000000,0.000000,1.350000,0.000000,0.000000,0.850000,0.020000,0.000000,0.008000,0.000000,0.000600,0.008000,0.000000,0.000600,0.006000,0.000000,0.000000,1,1,1,274,245,531581,531581,321136,210444,0,60.00,21848,4157,271,0,0,0,21884,502.01,502.01,4,280,0.0000,0.5090,0.5140,0.7790,0.5020
2026-04-27T18:52:07.594,4.583,1,2.50,0.30,1.02,2.95,1,0.0848,-0.0559,-0.1198,-0.0904,0.0673,0.0250,-0.63,3.24,56.12,57.44,275,275,1.00000,1.00000,1.00000,1.00000,3,3,1,11.54419,0.00328,1.05178,-0.0848,0.0559,0.2698,-0.0904,0.0673,0.0250,0.63,-4.30,-0.44,1,1,0.0000,0.0000,0.1500,0.00,0.8500,0.3500,0.9200,6.00,180.00,0.850000,0.050000,0.000000,1.100000,0.000000,0.000000,1.200000,0.000000,0.000000,1.350000,0.000000,0.000000,0.850000,0.020000,0.000000,0.008000,0.000000,0.000600,0.008000,0.000000,0.000600,0.006000,0.000000,0.000000,1,1,1,275,244,531581,531581,321136,210444,0,60.00,21848,4157,271,0,0,0,21884,502.01,502.01,4,280,0.0000,0.5090,0.5140,0.7790,0.5020
2026-04-27T18:52:07.609,4.598,1,2.50,0.30,1.02,2.95,1,0.0859,-0.0567,-0.1202,-0.0846,0.0613,0.0275,-0.56,-4.74,51.65,65.43,276,276,1.00000,1.00000,1.00000,1.00000,3,3,1,11.57997,0.00355,1.05537,-0.0859,0.0567,0.2702,-0.0846,0.0613,0.0275,0.56,-4.28,-0.52,1,1,0.0000,0.0000,0.1500,0.00,0.8500,0.3500,0.9200,6.00,180.00,0.850000,0.050000,0.000000,1.100000,0.000000,0.000000,1.200000,0.000000,0.000000,1.350000,0.000000,0.000000,0.850000,0.020000,0.000000,0.008000,0.000000,0.000600,0.008000,0.000000,0.000600,0.006000,0.000000,0.000000,1,1,1,276,246,531581,531581,321136,210444,0,60.00,21848,4157,271,0,0,0,21884,502.01,502.01,4,280,0.0000,0.5090,0.5140,0.7790,0.5020
2026-04-27T18:52:07.625,4.614,1,2.80,0.40,2.92,0.95,1,0.0872,-0.0573,-0.1211,-0.0778,0.0483,0.0395,-0.69,7.76,75.39,57.24,277,277,1.00000,1.00000,1.00000,1.00000,3,3,1,11.53975,0.00331,1.05344,-0.0872,0.0573,0.2711,-0.0778,0.0483,0.0395,0.69,-4.16,-0.41,1,1,0.0000,0.0000,0.1500,0.00,0.8500,0.3500,0.9200,6.00,180.00,0.850000,0.050000,0.000000,1.100000,0.000000,0.000000,1.200000,0.000000,0.000000,1.350000,0.000000,0.000000,0.850000,0.020000,0.000000,0.008000,0.000000,0.000600,0.008000,0.000000,0.000600,0.006000,0.000000,0.000000,1,1,1,277,246,531581,531581,321136,210444,0,60.00,21848,4157,271,0,0,0,21884,502.01,502.01,4,280,0.0000,0.5090,0.5140,0.7790,0.5020
2026-04-27T18:52:07.642,4.630,1,2.80,0.40,2.92,0.95,1,0.0883,-0.0583,-0.1215,-0.0724,0.0541,0.0292,-0.70,0.58,61.53,60.01,278,278,1.00000,1.00000,1.00000,1.00000,3,3,1,11.42676,0.00333,1.05326,-0.0883,0.0583,0.2715,-0.0724,0.0541,0.0292,0.70,-4.20,-0.22,1,1,0.0000,0.0000,0.1500,0.00,0.8500,0.3500,0.9200,6.00,180.00,0.850000,0.050000,0.000000,1.100000,0.000000,0.000000,1.200000,0.000000,0.000000,1.350000,0.000000,0.000000,0.850000,0.020000,0.000000,0.008000,0.000000,0.000600,0.008000,0.000000,0.000600,0.006000,0.000000,0.000000,1,1,1,278,245,531581,531581,321136,210444,0,60.00,21848,4157,271,0,0,0,21884,502.01,502.01,4,280,0.0000,0.5090,0.5140,0.7790,0.5020
2026-04-27T18:52:07.660,4.649,1,2.80,0.40,2.92,0.95,1,0.0895,-0.0593,-0.1218,-0.0738,0.0571,0.0212,-0.64,-3.50,54.86,57.17,279,279,1.00000,1.00000,1.00000,1.00000,3,3,1,11.43216,0.00325,1.05623,-0.0895,0.0593,0.2718,-0.0738,0.0571,0.0212,0.64,-4.26,-0.29,1,1,0.0000,0.0000,0.1500,0.00,0.8500,0.3500,0.9200,6.00,180.00,0.850000,0.050000,0.000000,1.100000,0.000000,0.000000,1.200000,0.000000,0.000000,1.350000,0.000000,0.000000,0.850000,0.020000,0.000000,0.008000,0.000000,0.000600,0.008000,0.000000,0.000600,0.006000,0.000000,0.000000,1,1,1,279,247,531581,531581,321136,210444,0,60.00,21848,4157,271,0,0,0,21884,502.01,502.01,4,280,0.0000,0.5090,0.5140,0.7790,0.5020
2026-04-27T18:52:07.677,4.666,1,2.90,0.60,1.00,1.95,1,0.0903,-0.0601,-0.1221,-0.0587,0.0499,0.0197,-0.68,2.19,55.07,65.12,280,280,1.00000,1.00000,1.00000,1.00000,3,3,1,11.35478,0.00330,1.05385,-0.0903,0.0601,0.2721,-0.0587,0.0499,0.0197,0.68,-4.24,-0.11,1,1,0.0000,0.0000,0.1500,0.00,0.8500,0.3500,0.9200,6.00,180.00,0.850000,0.050000,0.000000,1.100000,0.000000,0.000000,1.200000,0.000000,0.000000,1.350000,0.000000,0.000000,0.850000,0.020000,0.000000,0.008000,0.000000,0.000600,0.008000,0.000000,0.000600,0.006000,0.000000,0.000000,1,1,1,280,243,531581,531581,321136,210444,0,60.00,21848,4157,271,0,0,0,21884,502.01,502.01,4,280,0.0000,0.5090,0.5140,0.7790,0.5020
2026-04-27T18:52:07.692,4.681,1,2.90,0.60,1.00,1.95,1,0.0913,-0.0605,-0.1227,-0.0684,0.0390,0.0334,-0.53,-10.82,60.85,60.67,281,281,1.00000,1.00000,1.00000,1.00000,3,3,1,11.44616,0.00366,1.05511,-0.0913,0.0605,0.2727,-0.0684,0.0390,0.0334,0.53,-4.44,-0.17,1,1,0.0000,0.0000,0.1500,0.00,0.8500,0.3500,0.9200,6.00,180.00,0.850000,0.050000,0.000000,1.100000,0.000000,0.000000,1.200000,0.000000,0.000000,1.350000,0.000000,0.000000,0.850000,0.020000,0.000000,0.008000,0.000000,0.000600,0.008000,0.000000,0.000600,0.006000,0.000000,0.000000,1,1,1,281,246,531581,531581,321136,210444,0,60.00,21848,4157,271,0,0,0,21884,502.01,502.01,4,280,0.0000,0.5090,0.5140,0.7790,0.5020
2026-04-27T18:52:07.709,4.697,1,2.90,0.60,1.00,1.95,1,0.0924,-0.0613,-0.1230,-0.0646,0.0430,0.0223,-0.57,2.26,68.43,60.37,282,282,1.00000,1.00000,1.00000,1.00000,3,3,1,11.35020,0.00326,1.05140,-0.0924,0.0613,0.2730,-0.0646,0.0430,0.0223,0.57,-4.32,-0.07,1,1,0.0000,0.0000,0.1500,0.00,0.8500,0.3500,0.9200,6.00,180.00,0.850000,0.050000,0.000000,1.100000,0.000000,0.000000,1.200000,0.000000,0.000000,1.350000,0.000000,0.000000,0.850000,0.020000,0.000000,0.008000,0.000000,0.000600,0.008000,0.000000,0.000600,0.006000,0.000000,0.000000,1,1,1,282,247,531581,531581,321136,210444,0,60.00,21848,4157,271,0,0,0,21884,502.01,502.01,4,280,0.0000,0.5090,0.5140,0.7790,0.5020
2026-04-27T18:52:07.728,4.717,1,2.90,0.60,1.00,1.95,1,0.0935,-0.0617,-0.1234,-0.0624,0.0322,0.0238,-0.57,0.00,56.62,55.36,283,283,1.00000,1.00000,1.00000,1.00000,3,3,1,11.29199,0.00353,1.05665,-0.0935,0.0617,0.2734,-0.0624,0.0322,0.0238,0.57,-4.36,-0.17,1,1,0.0000,0.0000,0.1500,0.00,0.8500,0.3500,0.9200,6.00,180.00,0.850000,0.050000,0.000000,1.100000,0.000000,0.000000,1.200000,0.000000,0.000000,1.350000,0.000000,0.000000,0.850000,0.020000,0.000000,0.008000,0.000000,0.000600,0.008000,0.000000,0.000600,0.006000,0.000000,0.000000,1,1,1,283,247,531581,531581,321136,210444,0,60.00,21848,4157,271,0,0,0,21884,502.01,502.01,4,280,0.0000,0.5090,0.5140,0.7790,0.5020
2026-04-27T18:52:07.742,4.731,1,2.90,0.60,1.00,1.95,1,0.0943,-0.0621,-0.1239,-0.0576,0.0288,0.0280,-0.65,6.01,53.75,65.03,284,284,1.00000,1.00000,1.00000,1.00000,3,3,1,11.24550,0.00339,1.05359,-0.0943,0.0621,0.2739,-0.0576,0.0288,0.0280,0.65,-4.25,-0.11,1,1,0.0000,0.0000,0.1500,0.00,0.8500,0.3500,0.9200,6.00,180.00,0.850000,0.050000,0.000000,1.100000,0.000000,0.000000,1.200000,0.000000,0.000000,1.350000,0.000000,0.000000,0.850000,0.020000,0.000000,0.008000,0.000000,0.000600,0.008000,0.000000,0.000600,0.006000,0.000000,0.000000,1,1,1,284,247,531581,531581,321136,210444,0,60.00,21848,4157,271,0,0,0,21884,502.01,502.01,4,280,0.0000,0.5090,0.5140,0.7790,0.5020
2026-04-27T18:52:07.761,4.750,1,2.90,0.60,1.00,1.95,1,0.0951,-0.0625,-0.1247,-0.0509,0.0258,0.0335,-0.54,-6.35,69.00,56.33,285,285,1.00000,1.00000,1.00000,1.00000,3,3,1,11.26617,0.00347,1.05153,-0.0951,0.0625,0.2747,-0.0509,0.0258,0.0335,0.54,-4.34,-0.02,1,1,0.0000,0.0000,0.1500,0.00,0.8500,0.3500,0.9200,6.00,180.00,0.850000,0.050000,0.000000,1.100000,0.000000,0.000000,1.200000,0.000000,0.000000,1.350000,0.000000,0.000000,0.850000,0.020000,0.000000,0.008000,0.000000,0.000600,0.008000,0.000000,0.000600,0.006000,0.000000,0.000000,1,1,1,285,247,531581,531581,321136,210444,0,60.00,21848,4157,271,0,0,0,21884,502.01,502.01,4,280,0.0000,0.5090,0.5140,0.7790,0.5020
2026-04-27T18:52:07.776,4.765,1,2.90,0.60,1.00,1.95,1,0.0959,-0.0631,-0.1248,-0.0533,0.0335,0.0184,-0.49,-2.93,53.04,61.11,286,286,1.00000,1.00000,1.00000,1.00000,3,3,1,11.12112,0.00346,1.05615,-0.0959,0.0631,0.2748,-0.0533,0.0335,0.0184,0.49,-4.28,0.02,1,1,0.0000,0.0000,0.1500,0.00,0.8500,0.3500,0.9200,6.00,180.00,0.850000,0.050000,0.000000,1.100000,0.000000,0.000000,1.200000,0.000000,0.000000,1.350000,0.000000,0.000000,0.850000,0.020000,0.000000,0.008000,0.000000,0.000600,0.008000,0.000000,0.000600,0.006000,0.000000,0.000000,1,1,1,286,246,531581,531581,321136,210444,0,60.00,21848,4157,271,0,0,0,21884,502.01,502.01,4,280,0.0000,0.5090,0.5140,0.7790,0.5020
2026-04-27T18:52:07.792,4.781,1,2.90,0.60,1.00,1.95,1,0.0967,-0.0635,-0.1255,-0.0508,0.0280,0.0334,-0.49,0.00,67.37,63.51,287,287,1.00000,1.00000,1.00000,1.00000,3,3,1,11.07535,0.00346,1.04886,-0.0967,0.0635,0.2755,-0.0508,0.0280,0.0334,0.49,-4.36,0.21,1,1,0.0000,0.0000,0.1500,0.00,0.8500,0.3500,0.9200,6.00,180.00,0.850000,0.050000,0.000000,1.100000,0.000000,0.000000,1.200000,0.000000,0.000000,1.350000,0.000000,0.000000,0.850000,0.020000,0.000000,0.008000,0.000000,0.000600,0.008000,0.000000,0.000600,0.006000,0.000000,0.000000,1,1,1,287,246,531581,531581,321136,210444,0,60.00,21848,4157,271,0,0,0,21884,502.01,502.01,4,280,0.0000,0.5090,0.5140,0.7790,0.5020
2026-04-27T18:52:07.811,4.799,1,2.90,0.60,1.00,1.95,1,0.0974,-0.0634,-0.1261,-0.0476,0.0000,0.0310,-0.43,-3.34,64.86,54.88,288,288,1.00000,1.00000,1.00000,1.00000,3,3,1,11.16903,0.00359,1.05763,-0.0974,0.0634,0.2761,-0.0476,0.0000,0.0310,0.43,-4.38,0.04,1,1,0.0000,0.0000,0.1500,0.00,0.8500,0.3500,0.9200,6.00,180.00,0.850000,0.050000,0.000000,1.100000,0.000000,0.000000,1.200000,0.000000,0.000000,1.350000,0.000000,0.000000,0.850000,0.020000,0.000000,0.008000,0.000000,0.000600,0.008000,0.000000,0.000600,0.006000,0.000000,0.000000,1,1,1,288,242,531581,531581,321136,210444,0,60.00,21848,4157,271,0,0,0,21884,502.01,502.01,4,280,0.0000,0.5090,0.5140,0.7790,0.5020
2026-04-27T18:52:07.828,4.817,1,3.10,0.60,1.99,0.00,1,0.0983,-0.0636,-0.1265,-0.0465,0.0137,0.0255,-0.55,6.96,50.62,61.85,289,289,1.00000,1.00000,1.00000,1.00000,3,3,1,11.09196,0.00343,1.05543,-0.0983,0.0636,0.2765,-0.0465,0.0137,0.0255,0.55,-4.09,0.06,1,1,0.0000,0.0000,0.1500,0.00,0.8500,0.3500,0.9200,6.00,180.00,0.850000,0.050000,0.000000,1.100000,0.000000,0.000000,1.200000,0.000000,0.000000,1.350000,0.000000,0.000000,0.850000,0.020000,0.000000,0.008000,0.000000,0.000600,0.008000,0.000000,0.000600,0.006000,0.000000,0.000000,1,1,1,289,246,531581,531581,321136,210444,0,60.00,21848,4157,271,0,0,0,21884,502.01,502.01,4,280,0.0000,0.5090,0.5140,0.7790,0.5020
2026-04-27T18:52:07.844,4.833,1,3.10,0.60,1.99,0.00,1,0.0989,-0.0635,-0.1270,-0.0449,0.0000,0.0307,-0.59,2.55,61.49,62.77,290,290,1.00000,1.00000,1.00000,1.00000,3,3,1,11.18840,0.00325,1.05300,-0.0989,0.0635,0.2770,-0.0449,0.0000,0.0307,0.59,-3.81,0.01,1,1,0.0000,0.0000,0.1500,0.00,0.8500,0.3500,0.9200,6.00,180.00,0.850000,0.050000,0.000000,1.100000,0.000000,0.000000,1.200000,0.000000,0.000000,1.350000,0.000000,0.000000,0.850000,0.020000,0.000000,0.008000,0.000000,0.000600,0.008000,0.000000,0.000600,0.006000,0.000000,0.000000,1,1,1,290,239,531581,531581,321136,210444,0,60.00,21848,4157,271,0,0,0,21884,502.01,502.01,4,280,0.0000,0.5090,0.5140,0.7790,0.5020
2026-04-27T18:52:07.860,4.849,1,3.10,0.60,1.99,0.00,1,0.0993,-0.0636,-0.1275,-0.0330,0.0000,0.0303,-0.58,-0.61,58.43,56.55,291,291,1.00000,1.00000,1.00000,1.00000,3,3,1,11.17053,0.00339,1.04908,-0.0993,0.0636,0.2775,-0.0330,0.0000,0.0303,0.58,-3.92,0.10,1,1,0.0000,0.0000,0.1500,0.00,0.8500,0.3500,0.9200,6.00,180.00,0.850000,0.050000,0.000000,1.100000,0.000000,0.000000,1.200000,0.000000,0.000000,1.350000,0.000000,0.000000,0.850000,0.020000,0.000000,0.008000,0.000000,0.000600,0.008000,0.000000,0.000600,0.006000,0.000000,0.000000,1,1,1,291,240,531581,531581,321136,210444,0,60.00,21848,4157,271,0,0,0,21884,502.01,502.01,4,280,0.0000,0.5090,0.5140,0.7790,0.5020
2026-04-27T18:52:07.878,4.867,1,3.50,0.80,3.91,1.99,1,0.1000,-0.0637,-0.1280,-0.0371,0.0000,0.0271,-0.54,-2.36,66.82,64.82,292,292,1.00000,1.00000,1.00000,1.00000,3,3,1,11.11773,0.00339,1.05531,-0.1000,0.0637,0.2780,-0.0371,0.0000,0.0271,0.54,-3.75,0.12,1,1,0.0000,0.0000,0.1500,0.00,0.8500,0.3500,0.9200,6.00,180.00,0.850000,0.050000,0.000000,1.100000,0.000000,0.000000,1.200000,0.000000,0.000000,1.350000,0.000000,0.000000,0.850000,0.020000,0.000000,0.008000,0.000000,0.000600,0.008000,0.000000,0.000600,0.006000,0.000000,0.000000,1,1,1,292,240,531581,531581,321136,210444,0,60.00,21848,4157,271,0,0,0,21884,502.01,502.01,4,280,0.0000,0.5090,0.5140,0.7790,0.5020
2026-04-27T18:52:07.893,4.882,1,3.50,0.80,3.91,1.99,1,0.1005,-0.0638,-0.1282,-0.0334,0.0000,0.0202,-0.56,1.14,59.00,54.16,293,293,1.00000,1.00000,1.00000,1.00000,3,3,1,11.03036,0.00338,1.05526,-0.1005,0.0638,0.2782,-0.0334,0.0000,0.0202,0.56,-3.55,0.21,1,1,0.0000,0.0000,0.1500,0.00,0.8500,0.3500,0.9200,6.00,180.00,0.850000,0.050000,0.000000,1.100000,0.000000,0.000000,1.200000,0.000000,0.000000,1.350000,0.000000,0.000000,0.850000,0.020000,0.000000,0.008000,0.000000,0.000600,0.008000,0.000000,0.000600,0.006000,0.000000,0.000000,1,1,1,293,241,531581,531581,321136,210444,0,60.00,21848,4157,271,0,0,0,21884,502.01,502.01,4,280,0.0000,0.5090,0.5140,0.7790,0.5020
2026-04-27T18:52:07.909,4.897,1,3.50,0.80,3.91,1.99,1,0.1006,-0.0637,-0.1284,-0.0204,0.0000,0.0173,-0.44,-8.41,57.21,67.58,294,294,1.00000,1.00000,1.00000,1.00000,3,3,1,11.02470,0.00345,1.05608,-0.1006,0.0637,0.2784,-0.0204,0.0000,0.0173,0.44,-3.69,0.27,1,1,0.0000,0.0000,0.1500,0.00,0.8500,0.3500,0.9200,6.00,180.00,0.850000,0.050000,0.000000,1.100000,0.000000,0.000000,1.200000,0.000000,0.000000,1.350000,0.000000,0.000000,0.850000,0.020000,0.000000,0.008000,0.000000,0.000600,0.008000,0.000000,0.000600,0.006000,0.000000,0.000000,1,1,1,294,241,531581,531581,321136,210444,0,60.00,21848,4157,271,0,0,0,21884,502.01,502.01,4,280,0.0000,0.5090,0.5140,0.7790,0.5020
2026-04-27T18:52:07.927,4.915,1,3.50,0.80,3.91,1.99,1,0.1008,-0.0635,-0.1288,-0.0166,0.0000,0.0190,-0.43,-0.57,68.88,54.55,295,295,1.00000,1.00000,1.00000,1.00000,3,3,1,10.99689,0.00358,1.05527,-0.1008,0.0635,0.2788,-0.0166,0.0000,0.0190,0.43,-3.76,0.24,1,1,0.0000,0.0000,0.1500,0.00,0.8500,0.3500,0.9200,6.00,180.00,0.850000,0.050000,0.000000,1.100000,0.000000,0.000000,1.200000,0.000000,0.000000,1.350000,0.000000,0.000000,0.850000,0.020000,0.000000,0.008000,0.000000,0.000600,0.008000,0.000000,0.000600,0.006000,0.000000,0.000000,1,1,1,295,242,531581,531581,321136,210444,0,60.00,21848,4157,271,0,0,0,21884,502.01,502.01,4,280,0.0000,0.5090,0.5140,0.7790,0.5020
2026-04-27T18:52:07.942,4.930,1,3.50,0.80,3.91,1.99,1,0.1008,-0.0630,-0.1292,0.0000,-0.0182,0.0216,-0.37,-3.92,53.43,66.13,296,296,1.00000,1.00000,1.00000,1.00000,3,3,1,11.05366,0.00366,1.05334,-0.1008,0.0630,0.2792,0.0000,-0.0182,0.0216,0.37,-3.94,0.30,1,1,0.0000,0.0000,0.1500,0.00,0.8500,0.3500,0.9200,6.00,180.00,0.850000,0.050000,0.000000,1.100000,0.000000,0.000000,1.200000,0.000000,0.000000,1.350000,0.000000,0.000000,0.850000,0.020000,0.000000,0.008000,0.000000,0.000600,0.008000,0.000000,0.000600,0.006000,0.000000,0.000000,1,1,1,296,241,531641,531641,321196,210444,0,60.00,21908,3192,271,0,0,0,21884,502.01,502.01,4,280,0.0000,0.5090,0.5140,0.7790,0.5020
2026-04-27T18:52:07.960,4.949,1,3.50,0.80,3.91,1.99,1,0.1009,-0.0626,-0.1297,-0.0101,-0.0208,0.0237,-0.42,2.71,72.72,54.93,297,297,1.00000,1.00000,1.00000,1.00000,3,3,1,11.04510,0.00357,1.05169,-0.1009,0.0626,0.2797,-0.0101,-0.0208,0.0237,0.42,-3.96,0.29,1,1,0.0000,0.0000,0.1500,0.00,0.8500,0.3500,0.9200,6.00,180.00,0.850000,0.050000,0.000000,1.100000,0.000000,0.000000,1.200000,0.000000,0.000000,1.350000,0.000000,0.000000,0.850000,0.020000,0.000000,0.008000,0.000000,0.000600,0.008000,0.000000,0.000600,0.006000,0.000000,0.000000,1,1,1,297,245,531641,531641,321196,210444,0,60.00,21908,3192,271,0,0,0,21884,502.01,502.01,4,280,0.0000,0.5090,0.5140,0.7790,0.5020
2026-04-27T18:52:07.974,4.963,1,3.50,0.90,0.00,1.01,1,0.1010,-0.0620,-0.1298,0.0000,-0.0291,0.0159,-0.40,-1.30,53.03,66.92,298,298,1.00000,1.00000,1.00000,1.00000,3,3,1,10.97913,0.00352,1.05580,-0.1010,0.0620,0.2798,0.0000,-0.0291,0.0159,0.40,-4.13,0.28,1,1,0.0000,0.0000,0.1500,0.00,0.8500,0.3500,0.9200,6.00,180.00,0.850000,0.050000,0.000000,1.100000,0.000000,0.000000,1.200000,0.000000,0.000000,1.350000,0.000000,0.000000,0.850000,0.020000,0.000000,0.008000,0.000000,0.000600,0.008000,0.000000,0.000600,0.006000,0.000000,0.000000,1,1,1,298,240,531641,531641,321196,210444,0,60.00,21908,3192,271,0,0,0,21884,502.01,502.01,4,280,0.0000,0.5090,0.5140,0.7790,0.5020
2026-04-27T18:52:07.995,4.984,1,3.50,0.90,0.00,1.01,1,0.1012,-0.0614,-0.1303,-0.0104,-0.0299,0.0209,-0.41,0.51,63.63,55.79,299,299,1.00000,1.00000,1.00000,1.00000,3,3,1,11.07508,0.00328,1.05576,-0.1012,0.0614,0.2803,-0.0104,-0.0299,0.0209,0.41,-3.84,0.23,1,1,0.0000,0.0000,0.1500,0.00,0.8500,0.3500,0.9200,6.00,180.00,0.850000,0.050000,0.000000,1.100000,0.000000,0.000000,1.200000,0.000000,0.000000,1.350000,0.000000,0.000000,0.850000,0.020000,0.000000,0.008000,0.000000,0.000600,0.008000,0.000000,0.000600,0.006000,0.000000,0.000000,1,1,1,299,244,531641,531641,321196,210444,0,60.00,21908,3192,271,0,0,0,21884,502.01,502.01,4,280,0.0000,0.5090,0.5140,0.7790,0.5020
2026-04-27T18:52:08.011,5.000,1,3.50,0.90,0.00,1.01,1,0.1012,-0.0607,-0.1305,0.0000,-0.0383,0.0156,-0.52,6.89,49.74,64.68,300,300,1.00000,1.00000,1.00000,1.00000,3,3,1,11.08804,0.00321,1.05563,-0.1012,0.0607,0.2805,0.0000,-0.0383,0.0156,0.52,-3.70,0.24,1,1,0.0000,0.0000,0.1500,0.00,0.8500,0.3500,0.9200,6.00,180.00,0.850000,0.050000,0.000000,1.100000,0.000000,0.000000,1.200000,0.000000,0.000000,1.350000,0.000000,0.000000,0.850000,0.020000,0.000000,0.008000,0.000000,0.000600,0.008000,0.000000,0.000600,0.006000,0.000000,0.000000,1,1,1,300,241,531641,531641,321196,210444,0,60.00,21908,3192,271,0,0,0,21884,502.01,502.01,4,280,0.0000,0.5090,0.5140,0.7790,0.5020
2026-04-27T18:52:08.027,5.015,1,3.50,0.90,0.00,1.01,1,0.1012,-0.0600,-0.1309,0.0000,-0.0439,0.0226,-0.62,6.55,66.88,63.66,301,301,1.00000,1.00000,1.00000,1.00000,3,3,1,11.12123,0.00332,1.05431,-0.1012,0.0600,0.2809,0.0000,-0.0439,0.0226,0.62,-3.44,0.32,1,1,0.0000,0.0000,0.1500,0.00,0.8500,0.3500,0.9200,6.00,180.00,0.850000,0.050000,0.000000,1.100000,0.000000,0.000000,1.200000,0.000000,0.000000,1.350000,0.000000,0.000000,0.850000,0.020000,0.000000,0.008000,0.000000,0.000600,0.008000,0.000000,0.000600,0.006000,0.000000,0.000000,1,1,1,301,241,531641,531641,321196,210444,0,60.00,21908,3192,271,0,0,0,21884,502.01,502.01,4,280,0.0000,0.5090,0.5140,0.7790,0.5020
2026-04-27T18:52:08.045,5.033,1,3.50,0.90,0.00,1.01,1,0.1011,-0.0593,-0.1312,0.0000,-0.0366,0.0149,-0.60,-1.03,68.64,54.62,302,302,1.00000,1.00000,1.00000,1.00000,3,3,1,11.06311,0.00355,1.05166,-0.1011,0.0593,0.2812,0.0000,-0.0366,0.0149,0.60,-3.51,0.36,1,1,0.0000,0.0000,0.1500,0.00,0.8500,0.3500,0.9200,6.00,180.00,0.850000,0.050000,0.000000,1.100000,0.000000,0.000000,1.200000,0.000000,0.000000,1.350000,0.000000,0.000000,0.850000,0.020000,0.000000,0.008000,0.000000,0.000600,0.008000,0.000000,0.000600,0.006000,0.000000,0.000000,1,1,1,302,241,531641,531641,321196,210444,0,60.00,21908,3192,301,0,0,0,21914,500.00,500.00,7,1598,0.0000,0.5000,0.5080,0.7770,0.5020
2026-04-27T18:52:08.061,5.050,1,3.50,0.90,0.00,1.01,1,0.1008,-0.0587,-0.1315,0.0000,-0.0392,0.0176,-0.51,-5.31,51.37,62.35,303,303,1.00000,1.00000,1.00000,1.00000,3,3,1,11.13835,0.00353,1.05063,-0.1008,0.0587,0.2815,0.0000,-0.0392,0.0176,0.51,-3.54,0.45,1,1,0.0000,0.0000,0.1500,0.00,0.8500,0.3500,0.9200,6.00,180.00,0.850000,0.050000,0.000000,1.100000,0.000000,0.000000,1.200000,0.000000,0.000000,1.350000,0.000000,0.000000,0.850000,0.020000,0.000000,0.008000,0.000000,0.000600,0.008000,0.000000,0.000600,0.006000,0.000000,0.000000,1,1,1,303,242,531641,531641,321196,210444,0,60.00,21908,3192,301,0,0,0,21914,500.00,500.00,7,1598,0.0000,0.5000,0.5080,0.7770,0.5020
2026-04-27T18:52:08.077,5.066,1,3.40,0.80,-0.95,-1.00,1,0.1004,-0.0575,-0.1322,0.0193,-0.0616,0.0317,-0.39,-8.04,55.10,54.68,304,304,1.00000,1.00000,1.00000,1.00000,3,3,1,11.20499,0.00353,1.04897,-0.1004,0.0575,0.2822,0.0193,-0.0616,0.0317,0.39,-3.68,0.52,1,1,0.0000,0.0000,0.1500,0.00,0.8500,0.3500,0.9200,6.00,180.00,0.850000,0.050000,0.000000,1.100000,0.000000,0.000000,1.200000,0.000000,0.000000,1.350000,0.000000,0.000000,0.850000,0.020000,0.000000,0.008000,0.000000,0.000600,0.008000,0.000000,0.000600,0.006000,0.000000,0.000000,1,1,1,304,244,531641,531641,321196,210444,0,60.00,21908,3192,301,0,0,0,21914,500.00,500.00,7,1598,0.0000,0.5000,0.5080,0.7770,0.5020
2026-04-27T18:52:08.092,5.080,1,3.40,0.80,-0.95,-1.00,1,0.1005,-0.0563,-0.1324,0.0000,-0.0672,0.0213,-0.43,2.64,69.85,66.82,305,305,1.00000,1.00000,1.00000,1.00000,3,3,1,11.13454,0.00337,1.05680,-0.1005,0.0563,0.2824,0.0000,-0.0672,0.0213,0.43,-3.45,0.29,1,1,0.0000,0.0000,0.1500,0.00,0.8500,0.3500,0.9200,6.00,180.00,0.850000,0.050000,0.000000,1.100000,0.000000,0.000000,1.200000,0.000000,0.000000,1.350000,0.000000,0.000000,0.850000,0.020000,0.000000,0.008000,0.000000,0.000600,0.008000,0.000000,0.000600,0.006000,0.000000,0.000000,1,1,1,305,242,531641,531641,321196,210444,0,60.00,21908,3192,301,0,0,0,21914,500.00,500.00,7,1598,0.0000,0.5000,0.5080,0.7770,0.5020
2026-04-27T18:52:08.111,5.099,1,3.40,0.80,-0.95,-1.00,1,0.0999,-0.0553,-0.1325,0.0211,-0.0595,0.0121,-0.49,3.34,70.71,54.09,306,306,1.00000,1.00000,1.00000,1.00000,3,3,1,11.08361,0.00340,1.05480,-0.0999,0.0553,0.2825,0.0211,-0.0595,0.0121,0.49,-3.60,0.33,1,1,0.0000,0.0000,0.1500,0.00,0.8500,0.3500,0.9200,6.00,180.00,0.850000,0.050000,0.000000,1.100000,0.000000,0.000000,1.200000,0.000000,0.000000,1.350000,0.000000,0.000000,0.850000,0.020000,0.000000,0.008000,0.000000,0.000600,0.008000,0.000000,0.000600,0.006000,0.000000,0.000000,1,1,1,306,243,531641,531641,321196,210444,0,60.00,21908,3192,301,0,0,0,21914,500.00,500.00,7,1598,0.0000,0.5000,0.5080,0.7770,0.5020
2026-04-27T18:52:08.125,5.114,1,3.40,0.80,-0.95,-1.00,1,0.0995,-0.0542,-0.1327,0.0225,-0.0692,0.0128,-0.54,3.49,50.07,67.16,307,307,1.00000,1.00000,1.00000,1.00000,3,3,1,11.20074,0.00336,1.05611,-0.0995,0.0542,0.2827,0.0225,-0.0692,0.0128,0.54,-3.59,0.29,1,1,0.0000,0.0000,0.1500,0.00,0.8500,0.3500,0.9200,6.00,180.00,0.850000,0.050000,0.000000,1.100000,0.000000,0.000000,1.200000,0.000000,0.000000,1.350000,0.000000,0.000000,0.850000,0.020000,0.000000,0.008000,0.000000,0.000600,0.008000,0.000000,0.000600,0.006000,0.000000,0.000000,1,1,1,307,244,531641,531641,321196,210444,0,60.00,21908,3192,301,0,0,0,21914,500.00,500.00,7,1598,0.0000,0.5000,0.5080,0.7770,0.5020
2026-04-27T18:52:08.142,5.131,1,3.40,0.80,-0.95,-1.00,1,0.0991,-0.0532,-0.1332,0.0230,-0.0714,0.0253,-0.51,-1.64,74.99,59.69,308,308,1.00000,1.00000,1.00000,1.00000,3,3,1,11.16716,0.00323,1.05207,-0.0991,0.0532,0.2832,0.0230,-0.0714,0.0253,0.51,-3.34,0.26,1,1,0.0000,0.0000,0.1500,0.00,0.8500,0.3500,0.9200,6.00,180.00,0.850000,0.050000,0.000000,1.100000,0.000000,0.000000,1.200000,0.000000,0.000000,1.350000,0.000000,0.000000,0.850000,0.020000,0.000000,0.008000,0.000000,0.000600,0.008000,0.000000,0.000600,0.006000,0.000000,0.000000,1,1,1,308,246,531641,531641,321196,210444,0,60.00,21908,3192,301,0,0,0,21914,500.00,500.00,7,1598,0.0000,0.5000,0.5080,0.7770,0.5020
2026-04-27T18:52:08.162,5.151,1,3.40,0.80,-0.95,-1.00,1,0.0983,-0.0515,-0.1333,0.0313,-0.0748,0.0129,-0.55,2.13,61.57,56.10,309,309,1.00000,1.00000,1.00000,1.00000,3,3,1,11.20015,0.00342,1.05531,-0.0983,0.0515,0.2833,0.0313,-0.0748,0.0129,0.55,-3.52,0.26,1,1,0.0000,0.0000,0.1500,0.00,0.8500,0.3500,0.9200,6.00,180.00,0.850000,0.050000,0.000000,1.100000,0.000000,0.000000,1.200000,0.000000,0.000000,1.350000,0.000000,0.000000,0.850000,0.020000,0.000000,0.008000,0.000000,0.000600,0.008000,0.000000,0.000600,0.006000,0.000000,0.000000,1,1,1,309,246,531641,531641,321196,210444,0,60.00,21908,3192,301,0,0,0,21914,500.00,500.00,7,1598,0.0000,0.5000,0.5080,0.7770,0.5020
2026-04-27T18:52:08.177,5.166,1,3.40,0.80,-0.95,-1.00,1,0.0976,-0.0504,-0.1334,0.0371,-0.0752,0.0127,-0.61,4.09,47.06,65.04,310,310,1.00000,1.00000,1.00000,1.00000,3,3,1,11.25082,0.00345,1.05540,-0.0976,0.0504,0.2834,0.0371,-0.0752,0.0127,0.61,-3.58,0.30,1,1,0.0000,0.0000,0.1500,0.00,0.8500,0.3500,0.9200,6.00,180.00,0.850000,0.050000,0.000000,1.100000,0.000000,0.000000,1.200000,0.000000,0.000000,1.350000,0.000000,0.000000,0.850000,0.020000,0.000000,0.008000,0.000000,0.000600,0.008000,0.000000,0.000600,0.006000,0.000000,0.000000,1,1,1,310,244,531641,531641,321196,210444,0,60.00,21908,3192,301,0,0,0,21914,500.00,500.00,7,1598,0.0000,0.5000,0.5080,0.7770,0.5020
2026-04-27T18:52:08.192,5.181,1,3.40,0.80,-0.95,-1.00,1,0.0969,-0.0492,-0.1338,0.0400,-0.0759,0.0175,-0.51,-6.37,73.70,57.05,311,311,1.00000,1.00000,1.00000,1.00000,3,3,1,11.29587,0.00342,1.05165,-0.0969,0.0492,0.2838,0.0400,-0.0759,0.0175,0.51,-3.72,0.38,1,1,0.0000,0.0000,0.1500,0.00,0.8500,0.3500,0.9200,6.00,180.00,0.850000,0.050000,0.000000,1.100000,0.000000,0.000000,1.200000,0.000000,0.000000,1.350000,0.000000,0.000000,0.850000,0.020000,0.000000,0.008000,0.000000,0.000600,0.008000,0.000000,0.000600,0.006000,0.000000,0.000000,1,1,1,311,245,531641,531641,321196,210444,0,60.00,21908,3192,301,0,0,0,21914,500.00,500.00,7,1598,0.0000,0.5000,0.5080,0.7770,0.5020
2026-04-27T18:52:08.208,5.197,1,3.40,0.80,-0.95,-1.00,1,0.0962,-0.0476,-0.1341,0.0428,-0.0920,0.0190,-0.62,7.03,57.67,62.61,312,312,1.00000,1.00000,1.00000,1.00000,3,3,1,11.30055,0.00320,1.05192,-0.0962,0.0476,0.2841,0.0428,-0.0920,0.0190,0.62,-3.46,0.41,1,1,0.0000,0.0000,0.1500,0.00,0.8500,0.3500,0.9200,6.00,180.00,0.850000,0.050000,0.000000,1.100000,0.000000,0.000000,1.200000,0.000000,0.000000,1.350000,0.000000,0.000000,0.850000,0.020000,0.000000,0.008000,0.000000,0.000600,0.008000,0.000000,0.000600,0.006000,0.000000,0.000000,1,1,1,312,246,531641,531641,321196,210444,0,60.00,21908,3192,301,0,0,0,21914,500.00,500.00,7,1598,0.0000,0.5000,0.5080,0.7770,0.5020
2026-04-27T18:52:08.224,5.213,1,3.50,0.70,0.96,-0.96,1,0.0953,-0.0456,-0.1343,0.0516,-0.1061,0.0131,-0.75,7.54,68.30,60.19,313,313,1.00000,1.00000,1.00000,1.00000,3,3,1,11.36214,0.00336,1.05288,-0.0953,0.0456,0.2843,0.0516,-0.1061,0.0131,0.75,-3.55,0.23,1,1,0.0000,0.0000,0.1500,0.00,0.8500,0.3500,0.9200,6.00,180.00,0.850000,0.050000,0.000000,1.100000,0.000000,0.000000,1.200000,0.000000,0.000000,1.350000,0.000000,0.000000,0.850000,0.020000,0.000000,0.008000,0.000000,0.000600,0.008000,0.000000,0.000600,0.006000,0.000000,0.000000,1,1,1,313,246,531641,531641,321196,210444,0,60.00,21908,3192,301,0,0,0,21914,500.00,500.00,7,1598,0.0000,0.5000,0.5080,0.7770,0.5020
2026-04-27T18:52:08.241,5.230,1,3.50,0.70,0.96,-0.96,1,0.0947,-0.0440,-0.1343,0.0412,-0.0997,0.0000,-0.84,5.38,59.77,60.14,314,314,1.00000,1.00000,1.00000,1.00000,3,3,1,11.38035,0.00341,1.05823,-0.0947,0.0440,0.2843,0.0412,-0.0997,0.0000,0.84,-3.39,0.04,1,1,0.0000,0.0000,0.1500,0.00,0.8500,0.3500,0.9200,6.00,180.00,0.850000,0.050000,0.000000,1.100000,0.000000,0.000000,1.200000,0.000000,0.000000,1.350000,0.000000,0.000000,0.850000,0.020000,0.000000,0.008000,0.000000,0.000600,0.008000,0.000000,0.000600,0.006000,0.000000,0.000000,1,1,1,314,240,531641,531641,321196,210444,0,60.00,21908,3192,301,0,0,0,21914,500.00,500.00,7,1598,0.0000,0.5000,0.5080,0.7770,0.5020
2026-04-27T18:52:08.262,5.251,1,3.50,0.70,0.96,-0.96,1,0.0936,-0.0424,-0.1347,0.0517,-0.0899,0.0142,-0.74,-4.95,65.67,56.66,315,315,1.00000,1.00000,1.00000,1.00000,3,3,1,11.44556,0.00342,1.05116,-0.0936,0.0424,0.2847,0.0517,-0.0899,0.0142,0.74,-3.44,0.04,1,1,0.0000,0.0000,0.1500,0.00,0.8500,0.3500,0.9200,6.00,180.00,0.850000,0.050000,0.000000,1.100000,0.000000,0.000000,1.200000,0.000000,0.000000,1.350000,0.000000,0.000000,0.850000,0.020000,0.000000,0.008000,0.000000,0.000600,0.008000,0.000000,0.000600,0.006000,0.000000,0.000000,1,1,1,315,245,531641,531641,321196,210444,0,60.00,21908,3192,301,0,0,0,21914,500.00,500.00,7,1598,0.0000,0.5000,0.5080,0.7770,0.5020
2026-04-27T18:52:08.277,5.266,1,3.70,0.60,1.97,-1.01,1,0.0925,-0.0407,-0.1350,0.0597,-0.1033,0.0154,-0.73,-0.65,44.96,64.17,316,316,1.00000,1.00000,1.00000,1.00000,3,3,1,11.54725,0.00345,1.05200,-0.0925,0.0407,0.2850,0.0597,-0.1033,0.0154,0.73,-3.48,0.13,1,1,0.0000,0.0000,0.1500,0.00,0.8500,0.3500,0.9200,6.00,180.00,0.850000,0.050000,0.000000,1.100000,0.000000,0.000000,1.200000,0.000000,0.000000,1.350000,0.000000,0.000000,0.850000,0.020000,0.000000,0.008000,0.000000,0.000600,0.008000,0.000000,0.000600,0.006000,0.000000,0.000000,1,1,1,316,245,531641,531641,321196,210444,0,60.00,21908,3192,301,0,0,0,21914,500.00,500.00,7,1598,0.0000,0.5000,0.5080,0.7770,0.5020
2026-04-27T18:52:08.292,5.281,1,3.70,0.60,1.97,-1.01,1,0.0915,-0.0388,-0.1352,0.0635,-0.1171,0.0121,-0.69,-2.72,65.44,57.98,317,317,1.00000,1.00000,1.00000,1.00000,3,3,1,11.52589,0.00335,1.05427,-0.0915,0.0388,0.2852,0.0635,-0.1171,0.0121,0.69,-3.29,0.10,1,1,0.0000,0.0000,0.1500,0.00,0.8500,0.3500,0.9200,6.00,180.00,0.850000,0.050000,0.000000,1.100000,0.000000,0.000000,1.200000,0.000000,0.000000,1.350000,0.000000,0.000000,0.850000,0.020000,0.000000,0.008000,0.000000,0.000600,0.008000,0.000000,0.000600,0.006000,0.000000,0.000000,1,1,1,317,245,531641,531641,321196,210444,0,60.00,21908,3192,301,0,0,0,21914,500.00,500.00,7,1598,0.0000,0.5000,0.5080,0.7770,0.5020
2026-04-27T18:52:08.309,5.298,1,3.70,0.60,1.97,-1.01,1,0.0901,-0.0367,-0.1355,0.0751,-0.1226,0.0169,-0.63,-3.40,67.96,59.69,318,318,1.00000,1.00000,1.00000,1.00000,3,3,1,11.65326,0.00350,1.05007,-0.0901,0.0367,0.2855,0.0751,-0.1226,0.0169,0.63,-3.60,0.06,1,1,0.0000,0.0000,0.1500,0.00,0.8500,0.3500,0.9200,6.00,180.00,0.850000,0.050000,0.000000,1.100000,0.000000,0.000000,1.200000,0.000000,0.000000,1.350000,0.000000,0.000000,0.850000,0.020000,0.000000,0.008000,0.000000,0.000600,0.008000,0.000000,0.000600,0.006000,0.000000,0.000000,1,1,1,318,244,531641,531641,321196,210444,0,60.00,21908,3192,301,0,0,0,21914,500.00,500.00,7,1598,0.0000,0.5000,0.5080,0.7770,0.5020
2026-04-27T18:52:08.327,5.316,1,3.70,0.60,1.97,-1.01,1,0.0889,-0.0348,-0.1356,0.0685,-0.1081,0.0000,-0.64,0.58,54.33,61.55,319,319,1.00000,1.00000,1.00000,1.00000,3,3,1,11.69496,0.00354,1.05341,-0.0889,0.0348,0.2856,0.0685,-0.1081,0.0000,0.64,-3.62,0.09,1,1,0.0000,0.0000,0.1500,0.00,0.8500,0.3500,0.9200,6.00,180.00,0.850000,0.050000,0.000000,1.100000,0.000000,0.000000,1.200000,0.000000,0.000000,1.350000,0.000000,0.000000,0.850000,0.020000,0.000000,0.008000,0.000000,0.000600,0.008000,0.000000,0.000600,0.006000,0.000000,0.000000,1,1,1,319,242,531641,531641,321196,210444,0,60.00,21908,3192,301,0,0,0,21914,500.00,500.00,7,1598,0.0000,0.5000,0.5080,0.7770,0.5020
2026-04-27T18:52:08.347,5.336,1,3.70,0.60,1.97,-1.01,1,0.0876,-0.0329,-0.1356,0.0680,-0.1054,0.0000,-0.74,4.67,60.38,47.95,320,320,1.00000,1.00000,1.00000,1.00000,3,3,1,11.70446,0.00352,1.05383,-0.0876,0.0329,0.2856,0.0680,-0.1054,0.0000,0.74,-3.68,0.09,1,1,0.0000,0.0000,0.1500,0.00,0.8500,0.3500,0.9200,6.00,180.00,0.850000,0.050000,0.000000,1.100000,0.000000,0.000000,1.200000,0.000000,0.000000,1.350000,0.000000,0.000000,0.850000,0.020000,0.000000,0.008000,0.000000,0.000600,0.008000,0.000000,0.000600,0.006000,0.000000,0.000000,1,1,1,320,242,531641,531641,321196,210444,0,60.00,21908,3192,301,0,0,0,21914,500.00,500.00,7,1598,0.0000,0.5000,0.5080,0.7770,0.5020
2026-04-27T18:52:08.360,5.349,1,3.70,0.60,1.97,-1.01,1,0.0861,-0.0309,-0.1358,0.0983,-0.1418,0.0103,-0.72,-1.80,48.29,78.17,321,321,1.00000,1.00000,1.00000,1.00000,3,3,1,11.79229,0.00361,1.05634,-0.0861,0.0309,0.2858,0.0983,-0.1418,0.0103,0.72,-3.95,-0.05,1,1,0.0000,0.0000,0.1500,0.00,0.8500,0.3500,0.9200,6.00,180.00,0.850000,0.050000,0.000000,1.100000,0.000000,0.000000,1.200000,0.000000,0.000000,1.350000,0.000000,0.000000,0.850000,0.020000,0.000000,0.008000,0.000000,0.000600,0.008000,0.000000,0.000600,0.006000,0.000000,0.000000,1,1,1,321,246,531641,531641,321196,210444,0,60.00,21908,3192,301,0,0,0,21914,500.00,500.00,7,1598,0.0000,0.5000,0.5080,0.7770,0.5020
2026-04-27T18:52:08.375,5.363,1,3.60,0.40,-0.96,-1.99,1,0.0848,-0.0289,-0.1359,0.0890,-0.1320,0.0000,-0.81,5.60,83.91,61.71,322,322,1.00000,1.00000,1.00000,1.00000,3,3,1,11.88924,0.00348,1.05434,-0.0848,0.0289,0.2859,0.0890,-0.1320,0.0000,0.81,-3.92,-0.04,1,1,0.0000,0.0000,0.1500,0.00,0.8500,0.3500,0.9200,6.00,180.00,0.850000,0.050000,0.000000,1.100000,0.000000,0.000000,1.200000,0.000000,0.000000,1.350000,0.000000,0.000000,0.850000,0.020000,0.000000,0.008000,0.000000,0.000600,0.008000,0.000000,0.000600,0.006000,0.000000,0.000000,1,1,1,322,243,531641,531641,321196,210444,0,60.00,21908,3192,301,0,0,0,21914,500.00,500.00,7,1598,0.0000,0.5000,0.5080,0.7770,0.5020
2026-04-27T18:52:08.396,5.384,1,3.60,0.40,-0.96,-1.99,1,0.0835,-0.0265,-0.1364,0.0816,-0.1332,0.0188,-0.80,-0.50,63.04,56.60,323,323,1.00000,1.00000,1.00000,1.00000,3,3,1,12.00484,0.00327,1.05052,-0.0835,0.0265,0.2864,0.0816,-0.1332,0.0188,0.80,-3.53,-0.09,1,1,0.0000,0.0000,0.1500,0.00,0.8500,0.3500,0.9200,6.00,180.00,0.850000,0.050000,0.000000,1.100000,0.000000,0.000000,1.200000,0.000000,0.000000,1.350000,0.000000,0.000000,0.850000,0.020000,0.000000,0.008000,0.000000,0.000600,0.008000,0.000000,0.000600,0.006000,0.000000,0.000000,1,1,1,323,246,531641,531641,321196,210444,0,60.00,21908,3192,301,0,0,0,21914,500.00,500.00,7,1598,0.0000,0.5000,0.5080,0.7770,0.5020
2026-04-27T18:52:08.410,5.399,1,3.60,0.40,-0.96,-1.99,1,0.0819,-0.0245,-0.1364,0.0952,-0.1294,0.0000,-0.81,0.70,49.92,64.16,324,324,1.00000,1.00000,1.00000,1.00000,3,3,1,11.99398,0.00356,1.04995,-0.0819,0.0245,0.2864,0.0952,-0.1294,0.0000,0.81,-3.52,-0.11,1,1,0.0000,0.0000,0.1500,0.00,0.8500,0.3500,0.9200,6.00,180.00,0.850000,0.050000,0.000000,1.100000,0.000000,0.000000,1.200000,0.000000,0.000000,1.350000,0.000000,0.000000,0.850000,0.020000,0.000000,0.008000,0.000000,0.000600,0.008000,0.000000,0.000600,0.006000,0.000000,0.000000,1,1,1,324,243,531641,531641,321196,210444,0,60.00,21908,3192,301,0,0,0,21914,500.00,500.00,7,1598,0.0000,0.5000,0.5080,0.7770,0.5020
2026-04-27T18:52:08.425,5.414,1,3.60,0.40,-0.96,-1.99,1,0.0803,-0.0223,-0.1364,0.1003,-0.1423,0.0000,-0.77,-2.59,69.84,59.52,325,325,1.00000,1.00000,1.00000,1.00000,3,3,1,12.05353,0.00359,1.05384,-0.0803,0.0223,0.2864,0.1003,-0.1423,0.0000,0.77,-3.56,-0.23,1,1,0.0000,0.0000,0.1500,0.00,0.8500,0.3500,0.9200,6.00,180.00,0.850000,0.050000,0.000000,1.100000,0.000000,0.000000,1.200000,0.000000,0.000000,1.350000,0.000000,0.000000,0.850000,0.020000,0.000000,0.008000,0.000000,0.000600,0.008000,0.000000,0.000600,0.006000,0.000000,0.000000,1,1,1,325,240,531641,531641,321196,210444,0,60.00,21908,3192,301,0,0,0,21914,500.00,500.00,7,1598,0.0000,0.5000,0.5080,0.7770,0.5020
2026-04-27T18:52:08.444,5.433,1,3.60,0.40,-0.96,-1.99,1,0.0785,-0.0198,-0.1363,0.0945,-0.1349,0.0000,-0.82,2.62,67.19,58.46,326,326,1.00000,1.00000,1.00000,1.00000,3,3,1,12.11383,0.00355,1.05932,-0.0785,0.0198,0.2863,0.0945,-0.1349,0.0000,0.82,-3.59,-0.44,1,1,0.0000,0.0000,0.1500,0.00,0.8500,0.3500,0.9200,6.00,180.00,0.850000,0.050000,0.000000,1.100000,0.000000,0.000000,1.200000,0.000000,0.000000,1.350000,0.000000,0.000000,0.850000,0.020000,0.000000,0.008000,0.000000,0.000600,0.008000,0.000000,0.000600,0.006000,0.000000,0.000000,1,1,1,326,242,531641,531641,321196,210444,0,60.00,21908,3192,301,0,0,0,21914,500.00,500.00,7,1598,0.0000,0.5000,0.5080,0.7770,0.5020
2026-04-27T18:52:08.459,5.448,1,3.60,0.40,-0.96,-1.99,1,0.0766,-0.0178,-0.1363,0.1125,-0.1344,0.0000,-0.76,-4.19,51.03,60.18,327,327,1.00000,1.00000,1.00000,1.00000,3,3,1,12.10845,0.00367,1.05537,-0.0766,0.0178,0.2863,0.1125,-0.1344,0.0000,0.76,-3.82,-0.46,1,1,0.0000,0.0000,0.1500,0.00,0.8500,0.3500,0.9200,6.00,180.00,0.850000,0.050000,0.000000,1.100000,0.000000,0.000000,1.200000,0.000000,0.000000,1.350000,0.000000,0.000000,0.850000,0.020000,0.000000,0.008000,0.000000,0.000600,0.008000,0.000000,0.000600,0.006000,0.000000,0.000000,1,1,1,327,243,531641,531641,321196,210444,0,60.00,21908,3192,301,0,0,0,21914,500.00,500.00,7,1598,0.0000,0.5000,0.5080,0.7770,0.5020
2026-04-27T18:52:08.475,5.464,1,3.60,0.10,0.00,-2.92,1,0.0749,-0.0153,-0.1365,0.1195,-0.1650,0.0000,-0.77,0.57,67.53,59.78,328,328,1.00000,1.00000,1.00000,1.00000,3,3,1,12.24584,0.00355,1.05594,-0.0749,0.0153,0.2865,0.1195,-0.1650,0.0000,0.77,-3.87,-0.53,1,1,0.0000,0.0000,0.1500,0.00,0.8500,0.3500,0.9200,6.00,180.00,0.850000,0.050000,0.000000,1.100000,0.000000,0.000000,1.200000,0.000000,0.000000,1.350000,0.000000,0.000000,0.850000,0.020000,0.000000,0.008000,0.000000,0.000600,0.008000,0.000000,0.000600,0.006000,0.000000,0.000000,1,1,1,328,243,531641,531641,321196,210444,0,60.00,21908,3192,301,0,0,0,21914,500.00,500.00,7,1598,0.0000,0.5000,0.5080,0.7770,0.5020
2026-04-27T18:52:08.493,5.482,1,3.60,0.10,0.00,-2.92,1,0.0729,-0.0125,-0.1370,0.1064,-0.1468,0.0160,-0.78,0.56,66.15,57.41,329,329,1.00000,1.00000,1.00000,1.00000,3,3,1,12.29090,0.00367,1.05237,-0.0729,0.0125,0.2870,0.1064,-0.1468,0.0160,0.78,-3.87,-0.44,1,1,0.0000,0.0000,0.1500,0.00,0.8500,0.3500,0.9200,6.00,180.00,0.850000,0.050000,0.000000,1.100000,0.000000,0.000000,1.200000,0.000000,0.000000,1.350000,0.000000,0.000000,0.850000,0.020000,0.000000,0.008000,0.000000,0.000600,0.008000,0.000000,0.000600,0.006000,0.000000,0.000000,1,1,1,329,247,531641,531641,321196,210444,0,60.00,21908,3192,301,0,0,0,21914,500.00,500.00,7,1598,0.0000,0.5000,0.5080,0.7770,0.5020
2026-04-27T18:52:08.507,5.496,1,3.60,0.10,0.00,-2.92,1,0.0709,-0.0104,-0.1371,0.1238,-0.1467,0.0000,-0.79,0.72,50.20,65.25,330,330,1.00000,1.00000,1.00000,1.00000,3,3,1,12.36580,0.00377,1.05268,-0.0709,0.0104,0.2871,0.1238,-0.1467,0.0000,0.79,-3.99,-0.45,1,1,0.0000,0.0000,0.1500,0.00,0.8500,0.3500,0.9200,6.00,180.00,0.850000,0.050000,0.000000,1.100000,0.000000,0.000000,1.200000,0.000000,0.000000,1.350000,0.000000,0.000000,0.850000,0.020000,0.000000,0.008000,0.000000,0.000600,0.008000,0.000000,0.000600,0.006000,0.000000,0.000000,1,1,1,330,242,531641,531641,321196,210444,0,60.00,21908,3192,301,0,0,0,21914,500.00,500.00,7,1598,0.0000,0.5000,0.5080,0.7770,0.5020
2026-04-27T18:52:08.528,5.517,1,3.60,0.10,0.00,-2.92,1,0.0691,-0.0078,-0.1376,0.1096,-0.1428,0.0182,-0.82,1.49,74.22,55.28,331,331,1.00000,1.00000,1.00000,1.00000,3,3,1,12.43017,0.00349,1.05268,-0.0691,0.0078,0.2876,0.1096,-0.1428,0.0182,0.82,-3.65,-0.48,1,1,0.0000,0.0000,0.1500,0.00,0.8500,0.3500,0.9200,6.00,180.00,0.850000,0.050000,0.000000,1.100000,0.000000,0.000000,1.200000,0.000000,0.000000,1.350000,0.000000,0.000000,0.850000,0.020000,0.000000,0.008000,0.000000,0.000600,0.008000,0.000000,0.000600,0.006000,0.000000,0.000000,1,1,1,331,246,531641,531641,321196,210444,0,60.00,21908,3192,301,0,0,0,21914,500.00,500.00,7,1598,0.0000,0.5000,0.5080,0.7770,0.5020
2026-04-27T18:52:08.543,5.532,1,3.60,0.10,0.00,-2.92,1,0.0671,-0.0053,-0.1378,0.1202,-0.1547,0.0141,-0.96,9.24,46.28,65.25,332,332,1.00000,1.00000,1.00000,1.00000,3,3,1,12.51517,0.00354,1.05298,-0.0671,0.0053,0.2878,0.1202,-0.1547,0.0141,0.96,-3.61,-0.65,1,1,0.0000,0.0000,0.1500,0.00,0.8500,0.3500,0.9200,6.00,180.00,0.850000,0.050000,0.000000,1.100000,0.000000,0.000000,1.200000,0.000000,0.000000,1.350000,0.000000,0.000000,0.850000,0.020000,0.000000,0.008000,0.000000,0.000600,0.008000,0.000000,0.000600,0.006000,0.000000,0.000000,1,1,1,332,246,531641,531641,321196,210444,0,60.00,21908,3192,331,0,0,0,21944,501.25,501.25,4,1877,0.0000,0.4870,0.4960,0.7800,0.5020
2026-04-27T18:52:08.560,5.548,1,3.60,0.10,0.00,-2.92,1,0.0648,-0.0029,-0.1380,0.1273,-0.1459,0.0000,-0.99,1.75,70.68,57.81,333,333,1.00000,1.00000,1.00000,1.00000,3,3,1,12.55120,0.00352,1.05639,-0.0648,0.0029,0.2880,0.1273,-0.1459,0.0000,0.99,-3.55,-0.72,1,1,0.0000,0.0000,0.1500,0.00,0.8500,0.3500,0.9200,6.00,180.00,0.850000,0.050000,0.000000,1.100000,0.000000,0.000000,1.200000,0.000000,0.000000,1.350000,0.000000,0.000000,0.850000,0.020000,0.000000,0.008000,0.000000,0.000600,0.008000,0.000000,0.000600,0.006000,0.000000,0.000000,1,1,1,333,243,531641,531641,321196,210444,0,60.00,21908,3192,331,0,0,0,21944,501.25,501.25,4,1877,0.0000,0.4870,0.4960,0.7800,0.5020
2026-04-27T18:52:08.577,5.566,1,3.50,-0.10,-1.02,-1.93,1,0.0624,-0.0003,-0.1382,0.1441,-0.1615,0.0128,-0.95,-2.40,65.97,59.05,334,334,1.00000,1.00000,1.00000,1.00000,3,3,1,12.67209,0.00374,1.05347,-0.0624,0.0003,0.2882,0.1441,-0.1615,0.0128,0.95,-3.97,-0.81,1,1,0.0000,0.0000,0.1500,0.00,0.8500,0.3500,0.9200,6.00,180.00,0.850000,0.050000,0.000000,1.100000,0.000000,0.000000,1.200000,0.000000,0.000000,1.350000,0.000000,0.000000,0.850000,0.020000,0.000000,0.008000,0.000000,0.000600,0.008000,0.000000,0.000600,0.006000,0.000000,0.000000,1,1,1,334,243,531641,531641,321196,210444,0,60.00,21908,3192,331,0,0,0,21944,501.25,501.25,4,1877,0.0000,0.4870,0.4960,0.7800,0.5020
2026-04-27T18:52:08.591,5.580,1,3.50,-0.10,-1.02,-1.93,1,0.0605,0.0020,-0.1384,0.1346,-0.1570,0.0145,-0.95,0.00,53.59,63.24,335,335,1.00000,1.00000,1.00000,1.00000,3,3,1,12.74272,0.00362,1.05334,-0.0605,-0.0020,0.2884,0.1346,-0.1570,0.0145,0.95,-3.84,-0.88,1,1,0.0000,0.0000,0.1500,0.00,0.8500,0.3500,0.9200,6.00,180.00,0.850000,0.050000,0.000000,1.100000,0.000000,0.000000,1.200000,0.000000,0.000000,1.350000,0.000000,0.000000,0.850000,0.020000,0.000000,0.008000,0.000000,0.000600,0.008000,0.000000,0.000600,0.006000,0.000000,0.000000,1,1,1,335,247,531641,531641,321196,210444,0,60.00,21908,3192,331,0,0,0,21944,501.25,501.25,4,1877,0.0000,0.4870,0.4960,0.7800,0.5020
2026-04-27T18:52:08.608,5.597,1,3.50,-0.10,-1.02,-1.93,1,0.0580,0.0046,-0.1388,0.1433,-0.1561,0.0174,-1.03,4.69,74.32,60.15,336,336,1.00000,1.00000,1.00000,1.00000,3,3,1,12.79044,0.00355,1.04760,-0.0580,-0.0046,0.2888,0.1433,-0.1561,0.0174,1.03,-4.04,-0.93,1,1,0.0000,0.0000,0.1500,0.00,0.8500,0.3500,0.9200,6.00,180.00,0.850000,0.050000,0.000000,1.100000,0.000000,0.000000,1.200000,0.000000,0.000000,1.350000,0.000000,0.000000,0.850000,0.020000,0.000000,0.008000,0.000000,0.000600,0.008000,0.000000,0.000600,0.006000,0.000000,0.000000,1,1,1,336,248,531641,531641,321196,210444,0,60.00,21908,3192,331,0,0,0,21944,501.25,501.25,4,1877,0.0000,0.4870,0.4960,0.7800,0.5020
2026-04-27T18:52:08.629,5.618,1,3.50,-0.10,-1.02,-1.93,1,0.0557,0.0070,-0.1388,0.1285,-0.1382,0.0000,-1.21,8.75,58.66,56.40,337,337,1.00000,1.00000,1.00000,1.00000,3,3,1,12.96815,0.00359,1.05351,-0.0557,-0.0070,0.2888,0.1285,-0.1382,0.0000,1.21,-3.83,-1.06,1,1,0.0000,0.0000,0.1500,0.00,0.8500,0.3500,0.9200,6.00,180.00,0.850000,0.050000,0.000000,1.100000,0.000000,0.000000,1.200000,0.000000,0.000000,1.350000,0.000000,0.000000,0.850000,0.020000,0.000000,0.008000,0.000000,0.000600,0.008000,0.000000,0.000600,0.006000,0.000000,0.000000,1,1,1,337,244,531641,531641,321196,210444,0,60.00,21908,3192,331,0,0,0,21944,501.25,501.25,4,1877,0.0000,0.4870,0.4960,0.7800,0.5020
2026-04-27T18:52:08.642,5.631,1,3.50,-0.10,-1.02,-1.93,1,0.0533,0.0095,-0.1390,0.1523,-0.1656,0.0130,-1.19,-1.39,46.81,64.28,338,338,1.00000,1.00000,1.00000,1.00000,3,3,1,13.02055,0.00349,1.05059,-0.0533,-0.0095,0.2890,0.1523,-0.1656,0.0130,1.19,-3.92,-1.22,1,1,0.0000,0.0000,0.1500,0.00,0.8500,0.3500,0.9200,6.00,180.00,0.850000,0.050000,0.000000,1.100000,0.000000,0.000000,1.200000,0.000000,0.000000,1.350000,0.000000,0.000000,0.850000,0.020000,0.000000,0.008000,0.000000,0.000600,0.008000,0.000000,0.000600,0.006000,0.000000,0.000000,1,1,1,338,248,531641,531641,321196,210444,0,60.00,21908,3192,331,0,0,0,21944,501.25,501.25,4,1877,0.0000,0.4870,0.4960,0.7800,0.5020
2026-04-27T18:52:08.658,5.646,1,3.50,-0.10,-1.02,-1.93,1,0.0509,0.0119,-0.1390,0.1537,-0.1547,0.0000,-1.23,2.54,79.44,59.79,339,339,1.00000,1.00000,1.00000,1.00000,3,3,1,13.08246,0.00372,1.05544,-0.0509,-0.0119,0.2890,0.1537,-0.1547,0.0000,1.23,-4.10,-1.43,1,1,0.0000,0.0000,0.1500,0.00,0.8500,0.3500,0.9200,6.00,180.00,0.850000,0.050000,0.000000,1.100000,0.000000,0.000000,1.200000,0.000000,0.000000,1.350000,0.000000,0.000000,0.850000,0.020000,0.000000,0.008000,0.000000,0.000600,0.008000,0.000000,0.000600,0.006000,0.000000,0.000000,1,1,1,339,243,531641,531641,321196,210444,0,60.00,21908,3192,331,0,0,0,21944,501.25,501.25,4,1877,0.0000,0.4870,0.4960,0.7800,0.5020
2026-04-27T18:52:08.674,5.662,1,3.50,-0.10,-1.02,-1.93,1,0.0482,0.0143,-0.1391,0.1557,-0.1503,0.0000,-1.27,2.47,63.48,60.25,340,340,1.00000,1.00000,1.00000,1.00000,3,3,1,13.06882,0.00329,1.04878,-0.0482,-0.0143,0.2891,0.1557,-0.1503,0.0000,1.27,-4.08,-1.45,1,1,0.0000,0.0000,0.1500,0.00,0.8500,0.3500,0.9200,6.00,180.00,0.850000,0.050000,0.000000,1.100000,0.000000,0.000000,1.200000,0.000000,0.000000,1.350000,0.000000,0.000000,0.850000,0.020000,0.000000,0.008000,0.000000,0.000600,0.008000,0.000000,0.000600,0.006000,0.000000,0.000000,1,1,1,340,243,531641,531641,321196,210444,0,60.00,21908,3192,331,0,0,0,21944,501.25,501.25,4,1877,0.0000,0.4870,0.4960,0.7800,0.5020
2026-04-27T18:52:08.688,5.677,1,3.20,-0.40,-2.92,-2.92,1,0.0456,0.0168,-0.1392,0.1654,-0.1587,0.0000,-1.23,-2.82,59.94,59.48,341,341,1.00000,1.00000,1.00000,1.00000,3,3,1,13.21170,0.00387,1.05355,-0.0456,-0.0168,0.2892,0.1654,-0.1587,0.0000,1.23,-4.39,-1.46,1,1,0.0000,0.0000,0.1500,0.00,0.8500,0.3500,0.9200,6.00,180.00,0.850000,0.050000,0.000000,1.100000,0.000000,0.000000,1.200000,0.000000,0.000000,1.350000,0.000000,0.000000,0.850000,0.020000,0.000000,0.008000,0.000000,0.000600,0.008000,0.000000,0.000600,0.006000,0.000000,0.000000,1,1,1,341,244,531641,531641,321196,210444,0,60.00,21908,3192,331,0,0,0,21944,501.25,501.25,4,1877,0.0000,0.4870,0.4960,0.7800,0.5020
2026-04-27T18:52:08.709,5.698,1,3.20,-0.40,-2.92,-2.92,1,0.0430,0.0195,-0.1397,0.1486,-0.1525,0.0174,-1.34,5.28,50.43,58.87,342,342,1.00000,1.00000,1.00000,1.00000,3,3,1,13.25325,0.00354,1.05098,-0.0430,-0.0195,0.2897,0.1486,-0.1525,0.0174,1.34,-4.25,-1.70,1,1,0.0000,0.0000,0.1500,0.00,0.8500,0.3500,0.9200,6.00,180.00,0.850000,0.050000,0.000000,1.100000,0.000000,0.000000,1.200000,0.000000,0.000000,1.350000,0.000000,0.000000,0.850000,0.020000,0.000000,0.008000,0.000000,0.000600,0.008000,0.000000,0.000600,0.006000,0.000000,0.000000,1,1,1,342,246,531641,531641,321196,210444,0,60.00,21908,3192,331,0,0,0,21944,501.25,501.25,4,1877,0.0000,0.4870,0.4960,0.7800,0.5020
2026-04-27T18:52:08.725,5.713,1,3.20,-0.40,-2.92,-2.92,1,0.0404,0.0215,-0.1397,0.1630,-0.1401,0.0000,-1.32,-1.34,66.00,60.39,343,343,1.00000,1.00000,1.00000,1.00000,3,3,1,13.35966,0.00382,1.05496,-0.0404,-0.0215,0.2897,0.1630,-0.1401,0.0000,1.32,-4.48,-1.76,1,1,0.0000,0.0000,0.1500,0.00,0.8500,0.3500,0.9200,6.00,180.00,0.850000,0.050000,0.000000,1.100000,0.000000,0.000000,1.200000,0.000000,0.000000,1.350000,0.000000,0.000000,0.850000,0.020000,0.000000,0.008000,0.000000,0.000600,0.008000,0.000000,0.000600,0.006000,0.000000,0.000000,1,1,1,343,241,531641,531641,321196,210444,0,60.00,21908,3192,331,0,0,0,21944,501.25,501.25,4,1877,0.0000,0.4870,0.4960,0.7800,0.5020
2026-04-27T18:52:08.743,5.731,1,3.20,-0.40,-2.92,-2.92,1,0.0378,0.0238,-0.1402,0.1542,-0.1380,0.0172,-1.44,6.32,65.01,60.88,344,344,1.00000,1.00000,1.00000,1.00000,3,3,1,13.44770,0.00344,1.04902,-0.0378,-0.0238,0.2902,0.1542,-0.1380,0.0172,1.44,-4.23,-1.79,1,1,0.0000,0.0000,0.1500,0.00,0.8500,0.3500,0.9200,6.00,180.00,0.850000,0.050000,0.000000,1.100000,0.000000,0.000000,1.200000,0.000000,0.000000,1.350000,0.000000,0.000000,0.850000,0.020000,0.000000,0.008000,0.000000,0.000600,0.008000,0.000000,0.000600,0.006000,0.000000,0.000000,1,1,1,344,247,531641,531641,321196,210444,0,60.00,21908,3192,331,0,0,0,21944,501.25,501.25,4,1877,0.0000,0.4870,0.4960,0.7800,0.5020
2026-04-27T18:52:08.759,5.747,1,3.20,-0.40,-2.92,-2.92,1,0.0350,0.0261,-0.1404,0.1793,-0.1518,0.0137,-1.35,-5.61,55.28,64.35,345,345,1.00000,1.00000,1.00000,1.00000,3,3,1,13.57717,0.00374,1.04849,-0.0350,-0.0261,0.2904,0.1793,-0.1518,0.0137,1.35,-4.47,-1.88,1,1,0.0000,0.0000,0.1500,0.00,0.8500,0.3500,0.9200,6.00,180.00,0.850000,0.050000,0.000000,1.100000,0.000000,0.000000,1.200000,0.000000,0.000000,1.350000,0.000000,0.000000,0.850000,0.020000,0.000000,0.008000,0.000000,0.000600,0.008000,0.000000,0.000600,0.006000,0.000000,0.000000,1,1,1,345,247,531641,531641,321196,210444,0,60.00,21908,3192,331,0,0,0,21944,501.25,501.25,4,1877,0.0000,0.4870,0.4960,0.7800,0.5020
2026-04-27T18:52:08.778,5.767,1,3.20,-0.40,-2.92,-2.92,1,0.0320,0.0284,-0.1406,0.1590,-0.1289,0.0000,-1.32,-1.57,62.71,52.37,346,346,1.00000,1.00000,1.00000,1.00000,3,3,1,13.58517,0.00360,1.05034,-0.0320,-0.0284,0.2906,0.1590,-0.1289,0.0000,1.32,-4.52,-2.02,1,1,0.0000,0.0000,0.1500,0.00,0.8500,0.3500,0.9200,6.00,180.00,0.850000,0.050000,0.000000,1.100000,0.000000,0.000000,1.200000,0.000000,0.000000,1.350000,0.000000,0.000000,0.850000,0.020000,0.000000,0.008000,0.000000,0.000600,0.008000,0.000000,0.000600,0.006000,0.000000,0.000000,1,1,1,346,244,531641,531641,321196,210444,0,60.00,21908,3192,331,0,0,0,21944,501.25,501.25,4,1877,0.0000,0.4870,0.4960,0.7800,0.5020
2026-04-27T18:52:08.792,5.781,1,3.20,-0.40,-2.92,-2.92,1,0.0295,0.0305,-0.1410,0.1809,-0.1499,0.0222,-1.39,5.32,51.39,65.76,347,347,1.00000,1.00000,1.00000,1.00000,3,3,1,13.63981,0.00353,1.05374,-0.0295,-0.0305,0.2910,0.1809,-0.1499,0.0222,1.39,-4.47,-2.02,1,1,0.0000,0.0000,0.1500,0.00,0.8500,0.3500,0.9200,6.00,180.00,0.850000,0.050000,0.000000,1.100000,0.000000,0.000000,1.200000,0.000000,0.000000,1.350000,0.000000,0.000000,0.850000,0.020000,0.000000,0.008000,0.000000,0.000600,0.008000,0.000000,0.000600,0.006000,0.000000,0.000000,1,1,1,347,246,531641,531641,321196,210444,0,60.00,21908,3192,331,0,0,0,21944,501.25,501.25,4,1877,0.0000,0.4870,0.4960,0.7800,0.5020
2026-04-27T18:52:08.812,5.801,1,3.20,-0.40,-2.92,-2.92,1,0.0264,0.0325,-0.1412,0.1660,-0.1221,0.0141,-1.44,2.51,72.12,58.67,348,348,1.00000,1.00000,1.00000,1.00000,3,3,1,13.70527,0.00345,1.05040,-0.0264,-0.0325,0.2912,0.1660,-0.1221,0.0141,1.44,-4.58,-1.99,1,1,0.0000,0.0000,0.1500,0.00,0.8500,0.3500,0.9200,6.00,180.00,0.850000,0.050000,0.000000,1.100000,0.000000,0.000000,1.200000,0.000000,0.000000,1.350000,0.000000,0.000000,0.850000,0.020000,0.000000,0.008000,0.000000,0.000600,0.008000,0.000000,0.000600,0.006000,0.000000,0.000000,1,1,1,348,248,531641,531641,321196,210444,0,60.00,21908,3192,331,0,0,0,21944,501.25,501.25,4,1877,0.0000,0.4870,0.4960,0.7800,0.5020
2026-04-27T18:52:08.826,5.815,1,3.20,-0.40,-2.92,-2.92,1,0.0236,0.0342,-0.1417,0.1847,-0.1298,0.0262,-1.34,-6.96,52.85,59.64,349,349,1.00000,1.00000,1.00000,1.00000,3,3,1,13.81898,0.00349,1.04566,-0.0236,-0.0342,0.2917,0.1847,-0.1298,0.0262,1.34,-4.58,-2.05,1,1,0.0000,0.0000,0.1500,0.00,0.8500,0.3500,0.9200,6.00,180.00,0.850000,0.050000,0.000000,1.100000,0.000000,0.000000,1.200000,0.000000,0.000000,1.350000,0.000000,0.000000,0.850000,0.020000,0.000000,0.008000,0.000000,0.000600,0.008000,0.000000,0.000600,0.006000,0.000000,0.000000,1,1,1,349,247,531641,531641,321196,210444,0,60.00,21908,3192,331,0,0,0,21944,501.25,501.25,4,1877,0.0000,0.4870,0.4960,0.7800,0.5020
2026-04-27T18:52:08.841,5.830,1,2.90,-0.70,-2.92,-2.98,1,0.0211,0.0363,-0.1422,0.1712,-0.1317,0.0281,-1.48,9.63,65.16,61.77,350,350,1.00000,1.00000,1.00000,1.00000,3,3,1,13.87684,0.00342,1.04706,-0.0211,-0.0363,0.2922,0.1712,-0.1317,0.0281,1.48,-4.24,-2.14,1,1,0.0000,0.0000,0.1500,0.00,0.8500,0.3500,0.9200,6.00,180.00,0.850000,0.050000,0.000000,1.100000,0.000000,0.000000,1.200000,0.000000,0.000000,1.350000,0.000000,0.000000,0.850000,0.020000,0.000000,0.008000,0.000000,0.000600,0.008000,0.000000,0.000600,0.006000,0.000000,0.000000,1,1,1,350,248,531641,531641,321196,210444,0,60.00,21908,3192,331,0,0,0,21944,501.25,501.25,4,1877,0.0000,0.4870,0.4960,0.7800,0.5020
2026-04-27T18:52:08.861,5.850,1,2.90,-0.70,-2.92,-2.98,1,0.0180,0.0384,-0.1425,0.1734,-0.1225,0.0217,-1.43,-2.47,65.88,56.51,351,351,1.00000,1.00000,1.00000,1.00000,3,3,1,14.01951,0.00359,1.04534,-0.0180,-0.0384,0.2925,0.1734,-0.1225,0.0217,1.43,-4.26,-2.17,1,1,0.0000,0.0000,0.1500,0.00,0.8500,0.3500,0.9200,6.00,180.00,0.850000,0.050000,0.000000,1.100000,0.000000,0.000000,1.200000,0.000000,0.000000,1.350000,0.000000,0.000000,0.850000,0.020000,0.000000,0.008000,0.000000,0.000600,0.008000,0.000000,0.000600,0.006000,0.000000,0.000000,1,1,1,351,248,531641,531641,321196,210444,0,60.00,21908,3192,331,0,0,0,21944,501.25,501.25,4,1877,0.0000,0.4870,0.4960,0.7800,0.5020
2026-04-27T18:52:08.877,5.866,1,2.90,-0.70,-2.92,-2.98,1,0.0151,0.0400,-0.1426,0.1716,-0.1096,0.0121,-1.49,3.58,50.91,62.57,352,352,1.00000,1.00000,1.00000,1.00000,3,3,1,14.09065,0.00327,1.04474,-0.0151,-0.0400,0.2926,0.1716,-0.1096,0.0121,1.49,-4.35,-2.23,1,1,0.0000,0.0000,0.1500,0.00,0.8500,0.3500,0.9200,6.00,180.00,0.850000,0.050000,0.000000,1.100000,0.000000,0.000000,1.200000,0.000000,0.000000,1.350000,0.000000,0.000000,0.850000,0.020000,0.000000,0.008000,0.000000,0.000600,0.008000,0.000000,0.000600,0.006000,0.000000,0.000000,1,1,1,352,246,531641,531641,321196,210444,0,60.00,21908,3192,331,0,0,0,21944,501.25,501.25,4,1877,0.0000,0.4870,0.4960,0.7800,0.5020
2026-04-27T18:52:08.891,5.880,1,2.60,-1.00,-2.98,-2.92,1,0.0123,0.0416,-0.1429,0.1897,-0.1176,0.0203,-1.40,-6.22,63.42,62.82,353,353,1.00000,1.00000,1.00000,1.00000,3,3,1,14.17990,0.00351,1.04129,-0.0123,-0.0416,0.2929,0.1897,-0.1176,0.0203,1.40,-4.37,-2.25,1,1,0.0000,0.0000,0.1500,0.00,0.8500,0.3500,0.9200,6.00,180.00,0.850000,0.050000,0.000000,1.100000,0.000000,0.000000,1.200000,0.000000,0.000000,1.350000,0.000000,0.000000,0.850000,0.020000,0.000000,0.008000,0.000000,0.000600,0.008000,0.000000,0.000600,0.006000,0.000000,0.000000,1,1,1,353,245,531641,531641,321196,210444,0,60.00,21908,3192,331,0,0,0,21944,501.25,501.25,4,1877,0.0000,0.4870,0.4960,0.7800,0.5020
2026-04-27T18:52:08.909,5.897,1,2.60,-1.00,-2.98,-2.92,1,0.0090,0.0433,-0.1431,0.1854,-0.1027,0.0137,-1.28,-6.95,74.30,55.20,354,354,1.00000,1.00000,1.00000,1.00000,3,3,1,14.18647,0.00366,1.04006,-0.0090,-0.0433,0.2931,0.1854,-0.1027,0.0137,1.28,-4.66,-2.26,1,1,0.0000,0.0000,0.1500,0.00,0.8500,0.3500,0.9200,6.00,180.00,0.850000,0.050000,0.000000,1.100000,0.000000,0.000000,1.200000,0.000000,0.000000,1.350000,0.000000,0.000000,0.850000,0.020000,0.000000,0.008000,0.000000,0.000600,0.008000,0.000000,0.000600,0.006000,0.000000,0.000000,1,1,1,354,248,531641,531641,321196,210444,0,60.00,21908,3192,331,0,0,0,21944,501.25,501.25,4,1877,0.0000,0.4870,0.4960,0.7800,0.5020
2026-04-27T18:52:08.925,5.914,1,2.60,-1.00,-2.98,-2.92,1,0.0061,0.0448,-0.1431,0.1804,-0.1002,0.0000,-1.27,-0.64,50.96,62.71,355,355,1.00000,1.00000,1.00000,1.00000,3,3,1,14.22595,0.00362,1.04584,-0.0061,-0.0448,0.2931,0.1804,-0.1002,0.0000,1.27,-4.70,-2.44,1,1,0.0000,0.0000,0.1500,0.00,0.8500,0.3500,0.9200,6.00,180.00,0.850000,0.050000,0.000000,1.100000,0.000000,0.000000,1.200000,0.000000,0.000000,1.350000,0.000000,0.000000,0.850000,0.020000,0.000000,0.008000,0.000000,0.000600,0.008000,0.000000,0.000600,0.006000,0.000000,0.000000,1,1,1,355,240,531641,531641,321196,210444,0,60.00,21908,3192,331,0,0,0,21944,501.25,501.25,4,1877,0.0000,0.4870,0.4960,0.7800,0.5020
2026-04-27T18:52:08.945,5.934,1,2.60,-1.00,-2.98,-2.92,1,0.0031,0.0463,-0.1431,0.1742,-0.0937,0.0000,-1.24,-1.45,70.19,59.38,356,356,1.00000,1.00000,1.00000,1.00000,3,3,1,14.35371,0.00358,1.04681,-0.0031,-0.0463,0.2931,0.1742,-0.0937,0.0000,1.24,-4.85,-2.56,1,1,0.0000,0.0000,0.1500,0.00,0.8500,0.3500,0.9200,6.00,180.00,0.850000,0.050000,0.000000,1.100000,0.000000,0.000000,1.200000,0.000000,0.000000,1.350000,0.000000,0.000000,0.850000,0.020000,0.000000,0.008000,0.000000,0.000600,0.008000,0.000000,0.000600,0.006000,0.000000,0.000000,1,1,1,356,244,531701,531701,321256,210444,0,60.00,21968,3272,331,0,0,0,21944,501.25,501.25,4,1877,0.0000,0.4870,0.4960,0.7800,0.5020
2026-04-27T18:52:08.963,5.952,1,2.60,-1.00,-2.98,-2.92,1,0.0003,0.0477,-0.1431,0.1594,-0.0812,0.0000,-1.36,6.44,47.33,54.12,357,357,1.00000,1.00000,1.00000,1.00000,3,3,1,14.39585,0.00324,1.05003,-0.0003,-0.0477,0.2931,0.1594,-0.0812,0.0000,1.36,-4.60,-2.77,1,1,0.0000,0.0000,0.1500,0.00,0.8500,0.3500,0.9200,6.00,180.00,0.850000,0.050000,0.000000,1.100000,0.000000,0.000000,1.200000,0.000000,0.000000,1.350000,0.000000,0.000000,0.850000,0.020000,0.000000,0.008000,0.000000,0.000600,0.008000,0.000000,0.000600,0.006000,0.000000,0.000000,1,1,1,357,238,531701,531701,321256,210444,0,60.00,21968,3272,331,0,0,0,21944,501.25,501.25,4,1877,0.0000,0.4870,0.4960,0.7800,0.5020
2026-04-27T18:52:08.977,5.966,1,2.60,-1.00,-2.98,-2.92,1,-0.0029,0.0488,-0.1429,0.2015,-0.0840,0.0000,-1.30,-4.89,54.00,67.98,358,358,1.00000,1.00000,1.00000,1.00000,3,3,1,14.48807,0.00360,1.04345,0.0029,-0.0488,0.2929,0.2015,-0.0840,0.0000,1.30,-4.99,-2.81,1,1,0.0000,0.0000,0.1500,0.00,0.8500,0.3500,0.9200,6.00,180.00,0.850000,0.050000,0.000000,1.100000,0.000000,0.000000,1.200000,0.000000,0.000000,1.350000,0.000000,0.000000,0.850000,0.020000,0.000000,0.008000,0.000000,0.000600,0.008000,0.000000,0.000600,0.006000,0.000000,0.000000,1,1,1,358,242,531701,531701,321256,210444,0,60.00,21968,3272,331,0,0,0,21944,501.25,501.25,4,1877,0.0000,0.4870,0.4960,0.7800,0.5020
2026-04-27T18:52:08.993,5.982,1,2.60,-1.00,-2.98,-2.92,1,-0.0057,0.0502,-0.1431,0.1917,-0.0934,0.0000,-1.37,4.30,74.73,59.47,359,359,1.00000,1.00000,1.00000,1.00000,3,3,1,14.51850,0.00344,1.04318,0.0057,-0.0502,0.2931,0.1917,-0.0934,0.0000,1.37,-4.80,-2.95,1,1,0.0000,0.0000,0.1500,0.00,0.8500,0.3500,0.9200,6.00,180.00,0.850000,0.050000,0.000000,1.100000,0.000000,0.000000,1.200000,0.000000,0.000000,1.350000,0.000000,0.000000,0.850000,0.020000,0.000000,0.008000,0.000000,0.000600,0.008000,0.000000,0.000600,0.006000,0.000000,0.000000,1,1,1,359,241,531701,531701,321256,210444,0,60.00,21968,3272,331,0,0,0,21944,501.25,501.25,4,1877,0.0000,0.4870,0.4960,0.7800,0.5020
2026-04-27T18:52:09.010,5.998,1,2.60,-1.00,-2.98,-2.92,1,-0.0086,0.0514,-0.1428,0.1822,-0.0779,0.0000,-1.48,6.64,63.00,60.74,360,360,1.00000,1.00000,1.00000,1.00000,3,3,1,14.68339,0.00350,1.04617,0.0086,-0.0514,0.2928,0.1822,-0.0779,0.0000,1.48,-4.78,-3.17,1,1,0.0000,0.0000,0.1500,0.00,0.8500,0.3500,0.9200,6.00,180.00,0.850000,0.050000,0.000000,1.100000,0.000000,0.000000,1.200000,0.000000,0.000000,1.350000,0.000000,0.000000,0.850000,0.020000,0.000000,0.008000,0.000000,0.000600,0.008000,0.000000,0.000600,0.006000,0.000000,0.000000,1,1,1,360,243,531701,531701,321256,210444,0,60.00,21968,3272,331,0,0,0,21944,501.25,501.25,4,1877,0.0000,0.4870,0.4960,0.7800,0.5020
2026-04-27T18:52:09.017,6.006,1,2.60,-1.00,-2.98,-2.92,1,-0.0114,0.0520,-0.1426,0.2299,-0.0727,-0.0129,-1.43,-5.61,59.35,65.88,361,361,1.00000,1.00000,1.00000,1.00000,3,3,1,14.68721,0.00357,1.04651,0.0114,-0.0520,0.2926,0.2299,-0.0727,-0.0129,1.43,-4.77,-3.23,1,1,0.0000,0.0000,0.1500,0.00,0.8500,0.3500,0.9200,6.00,180.00,0.850000,0.050000,0.000000,1.100000,0.000000,0.000000,1.200000,0.000000,0.000000,1.350000,0.000000,0.000000,0.850000,0.020000,0.000000,0.008000,0.000000,0.000600,0.008000,0.000000,0.000600,0.006000,0.000000,0.000000,1,1,1,361,247,531701,531701,321256,210444,0,60.00,21968,3272,331,0,0,0,21944,501.25,501.25,4,1877,0.0000,0.4870,0.4960,0.7800,0.5020
2026-04-27T18:52:09.045,6.033,1,2.60,-1.00,-2.98,-2.92,1,-0.0154,0.0531,-0.1426,0.1927,-0.0590,0.0000,-1.32,-4.21,67.00,55.83,362,362,1.00000,1.00000,1.00000,1.00000,3,3,1,14.71943,0.00361,1.03620,0.0154,-0.0531,0.2926,0.1927,-0.0590,0.0000,1.32,-5.06,-3.17,1,1,0.0000,0.0000,0.1500,0.00,0.8500,0.3500,0.9200,6.00,180.00,0.850000,0.050000,0.000000,1.100000,0.000000,0.000000,1.200000,0.000000,0.000000,1.350000,0.000000,0.000000,0.850000,0.020000,0.000000,0.008000,0.000000,0.000600,0.008000,0.000000,0.000600,0.006000,0.000000,0.000000,1,1,1,362,243,531701,531701,321256,210444,0,60.00,21968,3272,361,0,0,0,21974,500.00,500.00,9,1604,0.0000,0.4880,0.4790,0.7840,0.5040
2026-04-27T18:52:09.059,6.047,1,2.60,-1.00,-2.98,-2.92,1,-0.0178,0.0535,-0.1422,0.1919,-0.0475,-0.0201,-1.24,-5.34,50.34,61.25,363,363,1.00000,1.00000,1.00000,1.00000,3,3,1,14.78367,0.00357,1.04158,0.0178,-0.0535,0.2922,0.1919,-0.0475,-0.0201,1.24,-5.11,-3.24,1,1,0.0000,0.0000,0.1500,0.00,0.8500,0.3500,0.9200,6.00,180.00,0.850000,0.050000,0.000000,1.100000,0.000000,0.000000,1.200000,0.000000,0.000000,1.350000,0.000000,0.000000,0.850000,0.020000,0.000000,0.008000,0.000000,0.000600,0.008000,0.000000,0.000600,0.006000,0.000000,0.000000,1,1,1,363,247,531701,531701,321256,210444,0,60.00,21968,3272,361,0,0,0,21974,500.00,500.00,9,1604,0.0000,0.4880,0.4790,0.7840,0.5040
2026-04-27T18:52:09.076,6.065,1,2.60,-1.00,-2.98,-2.92,1,-0.0209,0.0542,-0.1419,0.1832,-0.0421,-0.0176,-1.21,-1.79,70.23,57.78,364,364,1.00000,1.00000,1.00000,1.00000,3,3,1,14.92296,0.00347,1.03794,0.0209,-0.0542,0.2919,0.1832,-0.0421,-0.0176,1.21,-5.12,-3.28,1,1,0.0000,0.0000,0.1500,0.00,0.8500,0.3500,0.9200,6.00,180.00,0.850000,0.050000,0.000000,1.100000,0.000000,0.000000,1.200000,0.000000,0.000000,1.350000,0.000000,0.000000,0.850000,0.020000,0.000000,0.008000,0.000000,0.000600,0.008000,0.000000,0.000600,0.006000,0.000000,0.000000,1,1,1,364,248,531701,531701,321256,210444,0,60.00,21968,3272,361,0,0,0,21974,500.00,500.00,9,1604,0.0000,0.4880,0.4790,0.7840,0.5040
2026-04-27T18:52:09.094,6.083,1,2.60,-1.00,-2.98,-2.92,1,-0.0240,0.0545,-0.1415,0.1860,-0.0329,-0.0199,-1.15,-3.25,57.35,60.70,365,365,1.00000,1.00000,1.00000,1.00000,3,3,1,14.92542,0.00383,1.04137,0.0240,-0.0545,0.2915,0.1860,-0.0329,-0.0199,1.15,-5.52,-3.27,1,1,0.0000,0.0000,0.1500,0.00,0.8500,0.3500,0.9200,6.00,180.00,0.850000,0.050000,0.000000,1.100000,0.000000,0.000000,1.200000,0.000000,0.000000,1.350000,0.000000,0.000000,0.850000,0.020000,0.000000,0.008000,0.000000,0.000600,0.008000,0.000000,0.000600,0.006000,0.000000,0.000000,1,1,1,365,247,531701,531701,321256,210444,0,60.00,21968,3272,361,0,0,0,21974,500.00,500.00,9,1604,0.0000,0.4880,0.4790,0.7840,0.5040
2026-04-27T18:52:09.110,6.099,1,2.60,-1.00,-2.98,-2.92,1,-0.0267,0.0548,-0.1412,0.1755,-0.0248,-0.0190,-1.11,-2.65,60.84,56.19,366,366,1.00000,1.00000,1.00000,1.00000,3,3,1,14.94059,0.00362,1.04465,0.0267,-0.0548,0.2912,0.1755,-0.0248,-0.0190,1.11,-5.36,-3.44,1,1,0.0000,0.0000,0.1500,0.00,0.8500,0.3500,0.9200,6.00,180.00,0.850000,0.050000,0.000000,1.100000,0.000000,0.000000,1.200000,0.000000,0.000000,1.350000,0.000000,0.000000,0.850000,0.020000,0.000000,0.008000,0.000000,0.000600,0.008000,0.000000,0.000600,0.006000,0.000000,0.000000,1,1,1,366,248,531701,531701,321256,210444,0,60.00,21968,3272,361,0,0,0,21974,500.00,500.00,9,1604,0.0000,0.4880,0.4790,0.7840,0.5040
2026-04-27T18:52:09.125,6.114,1,2.60,-1.00,-2.98,-2.92,1,-0.0296,0.0550,-0.1408,0.1900,-0.0201,-0.0258,-1.06,-3.20,57.07,63.97,367,367,1.00000,1.00000,1.00000,1.00000,3,3,1,15.00986,0.00364,1.04213,0.0296,-0.0550,0.2908,0.1900,-0.0201,-0.0258,1.06,-5.42,-3.53,1,1,0.0000,0.0000,0.1500,0.00,0.8500,0.3500,0.9200,6.00,180.00,0.850000,0.050000,0.000000,1.100000,0.000000,0.000000,1.200000,0.000000,0.000000,1.350000,0.000000,0.000000,0.850000,0.020000,0.000000,0.008000,0.000000,0.000600,0.008000,0.000000,0.000600,0.006000,0.000000,0.000000,1,1,1,367,245,531701,531701,321256,210444,0,60.00,21968,3272,361,0,0,0,21974,500.00,500.00,9,1604,0.0000,0.4880,0.4790,0.7840,0.5040
2026-04-27T18:52:09.144,6.132,1,2.60,-1.00,-2.98,-2.92,1,-0.0329,0.0551,-0.1404,0.1851,-0.0129,-0.0223,-1.07,0.55,70.81,58.40,368,368,1.00000,1.00000,1.00000,1.00000,3,3,1,15.08859,0.00373,1.03816,0.0329,-0.0551,0.2904,0.1851,-0.0129,-0.0223,1.07,-5.66,-3.57,1,1,0.0000,0.0000,0.1500,0.00,0.8500,0.3500,0.9200,6.00,180.00,0.850000,0.050000,0.000000,1.100000,0.000000,0.000000,1.200000,0.000000,0.000000,1.350000,0.000000,0.000000,0.850000,0.020000,0.000000,0.008000,0.000000,0.000600,0.008000,0.000000,0.000600,0.006000,0.000000,0.000000,1,1,1,368,247,531701,531701,321256,210444,0,60.00,21968,3272,361,0,0,0,21974,500.00,500.00,9,1604,0.0000,0.4880,0.4790,0.7840,0.5040
2026-04-27T18:52:09.159,6.148,1,2.60,-1.00,-2.98,-2.92,1,-0.0358,0.0549,-0.1402,0.1878,0.0000,-0.0196,-1.06,-0.66,49.35,63.60,369,369,1.00000,1.00000,1.00000,1.00000,3,3,1,15.18003,0.00367,1.03697,0.0358,-0.0549,0.2902,0.1878,0.0000,-0.0196,1.06,-5.81,-3.61,1,1,0.0000,0.0000,0.1500,0.00,0.8500,0.3500,0.9200,6.00,180.00,0.850000,0.050000,0.000000,1.100000,0.000000,0.000000,1.200000,0.000000,0.000000,1.350000,0.000000,0.000000,0.850000,0.020000,0.000000,0.008000,0.000000,0.000600,0.008000,0.000000,0.000600,0.006000,0.000000,0.000000,1,1,1,369,241,531701,531701,321256,210444,0,60.00,21968,3272,361,0,0,0,21974,500.00,500.00,9,1604,0.0000,0.4880,0.4790,0.7840,0.5040
2026-04-27T18:52:09.176,6.165,1,2.60,-1.00,-2.98,-2.92,1,-0.0388,0.0546,-0.1398,0.1798,0.0000,-0.0230,-0.94,-6.61,72.04,61.33,370,370,1.00000,1.00000,1.00000,1.00000,3,3,1,15.19994,0.00359,1.03962,0.0388,-0.0546,0.2898,0.1798,0.0000,-0.0230,0.94,-6.01,-3.58,1,1,0.0000,0.0000,0.1500,0.00,0.8500,0.3500,0.9200,6.00,180.00,0.850000,0.050000,0.000000,1.100000,0.000000,0.000000,1.200000,0.000000,0.000000,1.350000,0.000000,0.000000,0.850000,0.020000,0.000000,0.008000,0.000000,0.000600,0.008000,0.000000,0.000600,0.006000,0.000000,0.000000,1,1,1,370,238,531701,531701,321256,210444,0,60.00,21968,3272,361,0,0,0,21974,500.00,500.00,9,1604,0.0000,0.4880,0.4790,0.7840,0.5040
2026-04-27T18:52:09.193,6.182,1,1.70,-2.00,-2.98,-1.01,1,-0.0414,0.0541,-0.1394,0.1728,0.0193,-0.0218,-0.98,2.52,54.15,56.99,371,371,1.00000,1.00000,1.00000,1.00000,3,3,1,15.16278,0.00357,1.04470,0.0414,-0.0541,0.2894,0.1728,0.0193,-0.0218,0.98,-5.97,-3.88,1,1,0.0000,0.0000,0.1500,0.00,0.8500,0.3500,0.9200,6.00,180.00,0.850000,0.050000,0.000000,1.100000,0.000000,0.000000,1.200000,0.000000,0.000000,1.350000,0.000000,0.000000,0.850000,0.020000,0.000000,0.008000,0.000000,0.000600,0.008000,0.000000,0.000600,0.006000,0.000000,0.000000,1,1,1,371,247,531701,531701,321256,210444,0,60.00,21968,3272,361,0,0,0,21974,500.00,500.00,9,1604,0.0000,0.4880,0.4790,0.7840,0.5040
2026-04-27T18:52:09.207,6.196,1,1.70,-2.00,-2.98,-1.01,1,-0.0442,0.0532,-0.1392,0.1713,0.0342,-0.0177,-0.90,-5.18,63.25,60.27,372,372,1.00000,1.00000,1.00000,1.00000,3,3,1,15.17439,0.00352,1.04071,0.0442,-0.0532,0.2892,0.1713,0.0342,-0.0177,0.90,-5.86,-3.87,1,1,0.0000,0.0000,0.1500,0.00,0.8500,0.3500,0.9200,6.00,180.00,0.850000,0.050000,0.000000,1.100000,0.000000,0.000000,1.200000,0.000000,0.000000,1.350000,0.000000,0.000000,0.850000,0.020000,0.000000,0.008000,0.000000,0.000600,0.008000,0.000000,0.000600,0.006000,0.000000,0.000000,1,1,1,372,246,531701,531701,321256,210444,0,60.00,21968,3272,361,0,0,0,21974,500.00,500.00,9,1604,0.0000,0.4880,0.4790,0.7840,0.5040
2026-04-27T18:52:09.221,6.210,1,1.70,-2.00,-2.98,-1.01,1,-0.0470,0.0526,-0.1393,0.1832,0.0353,0.0000,-0.82,-5.64,66.97,60.43,373,373,1.00000,1.00000,1.00000,1.00000,3,3,1,15.26597,0.00379,1.03294,0.0470,-0.0526,0.2893,0.1832,0.0353,0.0000,0.82,-5.95,-3.78,1,1,0.0000,0.0000,0.1500,0.00,0.8500,0.3500,0.9200,6.00,180.00,0.850000,0.050000,0.000000,1.100000,0.000000,0.000000,1.200000,0.000000,0.000000,1.350000,0.000000,0.000000,0.850000,0.020000,0.000000,0.008000,0.000000,0.000600,0.008000,0.000000,0.000600,0.006000,0.000000,0.000000,1,1,1,373,242,531701,531701,321256,210444,0,60.00,21968,3272,361,0,0,0,21974,500.00,500.00,9,1604,0.0000,0.4880,0.4790,0.7840,0.5040
2026-04-27T18:52:09.243,6.232,1,1.70,-2.00,-2.98,-1.01,1,-0.0501,0.0514,-0.1389,0.1732,0.0507,-0.0155,-0.73,-4.36,57.23,57.98,374,374,1.00000,1.00000,1.00000,1.00000,3,3,1,15.20004,0.00387,1.03942,0.0501,-0.0514,0.2889,0.1732,0.0507,-0.0155,0.73,-6.24,-3.92,1,1,0.0000,0.0000,0.1500,0.00,0.8500,0.3500,0.9200,6.00,180.00,0.850000,0.050000,0.000000,1.100000,0.000000,0.000000,1.200000,0.000000,0.000000,1.350000,0.000000,0.000000,0.850000,0.020000,0.000000,0.008000,0.000000,0.000600,0.008000,0.000000,0.000600,0.006000,0.000000,0.000000,1,1,1,374,246,531701,531701,321256,210444,0,60.00,21968,3272,361,0,0,0,21974,500.00,500.00,9,1604,0.0000,0.4880,0.4790,0.7840,0.5040
2026-04-27T18:52:09.257,6.246,1,1.70,-2.00,-2.98,-1.01,1,-0.0526,0.0504,-0.1388,0.1656,0.0554,-0.0104,-0.69,-2.67,56.03,62.41,375,375,1.00000,1.00000,1.00000,1.00000,3,3,1,15.22169,0.00360,1.03937,0.0526,-0.0504,0.2888,0.1656,0.0554,-0.0104,0.69,-6.13,-4.05,1,1,0.0000,0.0000,0.1500,0.00,0.8500,0.3500,0.9200,6.00,180.00,0.850000,0.050000,0.000000,1.100000,0.000000,0.000000,1.200000,0.000000,0.000000,1.350000,0.000000,0.000000,0.850000,0.020000,0.000000,0.008000,0.000000,0.000600,0.008000,0.000000,0.000600,0.006000,0.000000,0.000000,1,1,1,375,245,531701,531701,321256,210444,0,60.00,21968,3272,361,0,0,0,21974,500.00,500.00,9,1604,0.0000,0.4880,0.4790,0.7840,0.5040
2026-04-27T18:52:09.274,6.263,1,1.70,-2.00,-2.98,-1.01,1,-0.0551,0.0489,-0.1387,0.1623,0.0762,-0.0103,-0.60,-5.60,69.08,59.70,376,376,1.00000,1.00000,1.00000,1.00000,3,3,1,15.17381,0.00374,1.04201,0.0551,-0.0489,0.2887,0.1623,0.0762,-0.0103,0.60,-6.02,-4.16,1,1,0.0000,0.0000,0.1500,0.00,0.8500,0.3500,0.9200,6.00,180.00,0.850000,0.050000,0.000000,1.100000,0.000000,0.000000,1.200000,0.000000,0.000000,1.350000,0.000000,0.000000,0.850000,0.020000,0.000000,0.008000,0.000000,0.000600,0.008000,0.000000,0.000600,0.006000,0.000000,0.000000,1,1,1,376,245,531701,531701,321256,210444,0,60.00,21968,3272,361,0,0,0,21974,500.00,500.00,9,1604,0.0000,0.4880,0.4790,0.7840,0.5040
2026-04-27T18:52:09.293,6.282,1,1.09,-2.10,-5.96,-0.96,1,-0.0578,0.0472,-0.1389,0.1528,0.0801,0.0000,-0.54,-3.03,64.19,58.87,377,377,1.00000,1.00000,1.00000,1.00000,3,3,1,15.19492,0.00380,1.03410,0.0578,-0.0472,0.2889,0.1528,0.0801,0.0000,0.54,-5.94,-4.10,1,1,0.0000,0.0000,0.1500,0.00,0.8500,0.3500,0.9200,6.00,180.00,0.850000,0.050000,0.000000,1.100000,0.000000,0.000000,1.200000,0.000000,0.000000,1.350000,0.000000,0.000000,0.850000,0.020000,0.000000,0.008000,0.000000,0.000600,0.008000,0.000000,0.000600,0.006000,0.000000,0.000000,1,1,1,377,240,531701,531701,321256,210444,0,60.00,21968,3272,361,0,0,0,21974,500.00,500.00,9,1604,0.0000,0.4880,0.4790,0.7840,0.5040
2026-04-27T18:52:09.309,6.298,1,1.09,-2.10,-5.96,-0.96,1,-0.0604,0.0454,-0.1389,0.1666,0.1000,0.0000,-0.46,-5.50,53.28,61.28,378,378,1.00000,1.00000,1.00000,1.00000,3,3,1,15.18855,0.00362,1.03358,0.0604,-0.0454,0.2889,0.1666,0.1000,0.0000,0.46,-6.04,-3.93,1,1,0.0000,0.0000,0.1500,0.00,0.8500,0.3500,0.9200,6.00,180.00,0.850000,0.050000,0.000000,1.100000,0.000000,0.000000,1.200000,0.000000,0.000000,1.350000,0.000000,0.000000,0.850000,0.020000,0.000000,0.008000,0.000000,0.000600,0.008000,0.000000,0.000600,0.006000,0.000000,0.000000,1,1,1,378,239,531701,531701,321256,210444,0,60.00,21968,3272,361,0,0,0,21974,500.00,500.00,9,1604,0.0000,0.4880,0.4790,0.7840,0.5040
2026-04-27T18:52:09.327,6.316,1,1.09,-2.10,-5.96,-0.96,1,-0.0631,0.0435,-0.1386,0.1566,0.1035,-0.0102,-0.38,-4.27,56.24,58.51,379,379,1.00000,1.00000,1.00000,1.00000,3,3,1,15.14002,0.00352,1.03665,0.0631,-0.0435,0.2886,0.1566,0.1035,-0.0102,0.38,-6.12,-3.98,1,1,0.0000,0.0000,0.1500,0.00,0.8500,0.3500,0.9200,6.00,180.00,0.850000,0.050000,0.000000,1.100000,0.000000,0.000000,1.200000,0.000000,0.000000,1.350000,0.000000,0.000000,0.850000,0.020000,0.000000,0.008000,0.000000,0.000600,0.008000,0.000000,0.000600,0.006000,0.000000,0.000000,1,1,1,379,246,531701,531701,321256,210444,0,60.00,21968,3272,361,0,0,0,21974,500.00,500.00,9,1604,0.0000,0.4880,0.4790,0.7840,0.5040
2026-04-27T18:52:09.344,6.332,1,1.09,-2.10,-5.96,-0.96,1,-0.0655,0.0415,-0.1386,0.1474,0.1083,0.0000,-0.36,-1.15,56.85,51.87,380,380,1.00000,1.00000,1.00000,1.00000,3,3,1,15.08012,0.00370,1.03883,0.0655,-0.0415,0.2886,0.1474,0.1083,0.0000,0.36,-6.09,-4.12,1,1,0.0000,0.0000,0.1500,0.00,0.8500,0.3500,0.9200,6.00,180.00,0.850000,0.050000,0.000000,1.100000,0.000000,0.000000,1.200000,0.000000,0.000000,1.350000,0.000000,0.000000,0.850000,0.020000,0.000000,0.008000,0.000000,0.000600,0.008000,0.000000,0.000600,0.006000,0.000000,0.000000,1,1,1,380,242,531701,531701,321256,210444,0,60.00,21968,3272,361,0,0,0,21974,500.00,500.00,9,1604,0.0000,0.4880,0.4790,0.7840,0.5040
2026-04-27T18:52:09.357,6.346,1,1.09,-2.10,-5.96,-0.96,1,-0.0678,0.0396,-0.1388,0.1628,0.1267,0.0000,-0.34,-1.47,57.59,73.61,381,381,1.00000,1.00000,1.00000,1.00000,3,3,1,15.07018,0.00368,1.03697,0.0678,-0.0396,0.2888,0.1628,0.1267,0.0000,0.34,-6.17,-4.15,1,1,0.0000,0.0000,0.1500,0.00,0.8500,0.3500,0.9200,6.00,180.00,0.850000,0.050000,0.000000,1.100000,0.000000,0.000000,1.200000,0.000000,0.000000,1.350000,0.000000,0.000000,0.850000,0.020000,0.000000,0.008000,0.000000,0.000600,0.008000,0.000000,0.000600,0.006000,0.000000,0.000000,1,1,1,381,241,531701,531701,321256,210444,0,60.00,21968,3272,361,0,0,0,21974,500.00,500.00,9,1604,0.0000,0.4880,0.4790,0.7840,0.5040
2026-04-27T18:52:09.376,6.364,1,1.09,-2.10,-5.96,-0.96,1,-0.0703,0.0370,-0.1388,0.1553,0.1423,0.0000,-0.30,-2.75,76.22,58.37,382,382,1.00000,1.00000,1.00000,1.00000,3,3,1,14.95981,0.00383,1.03417,0.0703,-0.0370,0.2888,0.1553,0.1423,0.0000,0.30,-6.39,-4.10,1,1,0.0000,0.0000,0.1500,0.00,0.8500,0.3500,0.9200,6.00,180.00,0.850000,0.050000,0.000000,1.100000,0.000000,0.000000,1.200000,0.000000,0.000000,1.350000,0.000000,0.000000,0.850000,0.020000,0.000000,0.008000,0.000000,0.000600,0.008000,0.000000,0.000600,0.006000,0.000000,0.000000,1,1,1,382,239,531701,531701,321256,210444,0,60.00,21968,3272,361,0,0,0,21974,500.00,500.00,9,1604,0.0000,0.4880,0.4790,0.7840,0.5040
2026-04-27T18:52:09.393,6.382,1,1.09,-2.10,-5.96,-0.96,1,-0.0729,0.0342,-0.1388,0.1509,0.1481,0.0000,-0.23,-3.48,59.23,58.40,383,383,1.00000,1.00000,1.00000,1.00000,3,3,1,14.91364,0.00377,1.03257,0.0729,-0.0342,0.2888,0.1509,0.1481,0.0000,0.23,-6.71,-3.94,1,1,0.0000,0.0000,0.1500,0.00,0.8500,0.3500,0.9200,6.00,180.00,0.850000,0.050000,0.000000,1.100000,0.000000,0.000000,1.200000,0.000000,0.000000,1.350000,0.000000,0.000000,0.850000,0.020000,0.000000,0.008000,0.000000,0.000600,0.008000,0.000000,0.000600,0.006000,0.000000,0.000000,1,1,1,383,242,531701,531701,321256,210444,0,60.00,21968,3272,361,0,0,0,21974,500.00,500.00,9,1604,0.0000,0.4880,0.4790,0.7840,0.5040
2026-04-27T18:52:09.407,6.396,1,1.09,-2.10,-5.96,-0.96,1,-0.0750,0.0315,-0.1388,0.1428,0.1600,0.0000,-0.18,-3.43,54.73,67.90,384,384,1.00000,1.00000,1.00000,1.00000,3,3,1,14.96086,0.00368,1.03628,0.0750,-0.0315,0.2888,0.1428,0.1600,0.0000,0.18,-6.54,-4.04,1,1,0.0000,0.0000,0.1500,0.00,0.8500,0.3500,0.9200,6.00,180.00,0.850000,0.050000,0.000000,1.100000,0.000000,0.000000,1.200000,0.000000,0.000000,1.350000,0.000000,0.000000,0.850000,0.020000,0.000000,0.008000,0.000000,0.000600,0.008000,0.000000,0.000600,0.006000,0.000000,0.000000,1,1,1,384,241,531701,531701,321256,210444,0,60.00,21968,3272,361,0,0,0,21974,500.00,500.00,9,1604,0.0000,0.4880,0.4790,0.7840,0.5040
2026-04-27T18:52:09.427,6.416,1,1.09,-2.10,-5.96,-0.96,1,-0.0771,0.0285,-0.1387,0.1307,0.1625,0.0000,-0.12,-3.03,68.64,56.25,385,385,1.00000,1.00000,1.00000,1.00000,3,3,1,14.86446,0.00360,1.03616,0.0771,-0.0285,0.2887,0.1307,0.1625,0.0000,0.12,-6.31,-4.05,1,1,0.0000,0.0000,0.1500,0.00,0.8500,0.3500,0.9200,6.00,180.00,0.850000,0.050000,0.000000,1.100000,0.000000,0.000000,1.200000,0.000000,0.000000,1.350000,0.000000,0.000000,0.850000,0.020000,0.000000,0.008000,0.000000,0.000600,0.008000,0.000000,0.000600,0.006000,0.000000,0.000000,1,1,1,385,242,531701,531701,321256,210444,0,60.00,21968,3272,361,0,0,0,21974,500.00,500.00,9,1604,0.0000,0.4880,0.4790,0.7840,0.5040
2026-04-27T18:52:09.441,6.430,1,1.00,-2.00,-0.95,0.95,1,-0.0793,0.0252,-0.1387,0.1366,0.1857,0.0000,-0.09,-2.05,50.29,60.34,386,386,1.00000,1.00000,1.00000,1.00000,3,3,1,14.83915,0.00359,1.03205,0.0793,-0.0252,0.2887,0.1366,0.1857,0.0000,0.09,-6.29,-3.78,1,1,0.0000,0.0000,0.1500,0.00,0.8500,0.3500,0.9200,6.00,180.00,0.850000,0.050000,0.000000,1.100000,0.000000,0.000000,1.200000,0.000000,0.000000,1.350000,0.000000,0.000000,0.850000,0.020000,0.000000,0.008000,0.000000,0.000600,0.008000,0.000000,0.000600,0.006000,0.000000,0.000000,1,1,1,386,242,531701,531701,321256,210444,0,60.00,21968,3272,361,0,0,0,21974,500.00,500.00,9,1604,0.0000,0.4880,0.4790,0.7840,0.5040
2026-04-27T18:52:09.461,6.450,1,1.00,-2.00,-0.95,0.95,1,-0.0812,0.0219,-0.1387,0.1214,0.1845,0.0000,0.02,-5.81,79.75,55.59,387,387,1.00000,1.00000,1.00000,1.00000,3,3,1,14.86289,0.00347,1.03693,0.0812,-0.0219,0.2887,0.1214,0.1845,0.0000,-0.02,-5.99,-3.75,1,1,0.0000,0.0000,0.1500,0.00,0.8500,0.3500,0.9200,6.00,180.00,0.850000,0.050000,0.000000,1.100000,0.000000,0.000000,1.200000,0.000000,0.000000,1.350000,0.000000,0.000000,0.850000,0.020000,0.000000,0.008000,0.000000,0.000600,0.008000,0.000000,0.000600,0.006000,0.000000,0.000000,1,1,1,387,243,531701,531701,321256,210444,0,60.00,21968,3272,361,0,0,0,21974,500.00,500.00,9,1604,0.0000,0.4880,0.4790,0.7840,0.5040
2026-04-27T18:52:09.474,6.463,1,1.00,-2.00,-0.95,0.95,1,-0.0836,0.0185,-0.1385,0.1448,0.2102,0.0000,0.16,-10.36,47.77,65.24,388,388,1.00000,1.00000,1.00000,1.00000,3,3,1,14.73025,0.00397,1.03150,0.0836,-0.0185,0.2885,0.1448,0.2102,0.0000,-0.16,-6.49,-3.57,1,1,0.0000,0.0000,0.1500,0.00,0.8500,0.3500,0.9200,6.00,180.00,0.850000,0.050000,0.000000,1.100000,0.000000,0.000000,1.200000,0.000000,0.000000,1.350000,0.000000,0.000000,0.850000,0.020000,0.000000,0.008000,0.000000,0.000600,0.008000,0.000000,0.000600,0.006000,0.000000,0.000000,1,1,1,388,242,531701,531701,321256,210444,0,60.00,21968,3272,361,0,0,0,21974,500.00,500.00,9,1604,0.0000,0.4880,0.4790,0.7840,0.5040
2026-04-27T18:52:09.492,6.480,1,1.00,-2.00,-0.95,0.95,1,-0.0853,0.0150,-0.1388,0.1220,0.2097,0.0000,0.23,-4.05,74.02,63.10,389,389,1.00000,1.00000,1.00000,1.00000,3,3,1,14.60941,0.00365,1.03092,0.0853,-0.0150,0.2888,0.1220,0.2097,0.0000,-0.23,-6.23,-3.50,1,1,0.0000,0.0000,0.1500,0.00,0.8500,0.3500,0.9200,6.00,180.00,0.850000,0.050000,0.000000,1.100000,0.000000,0.000000,1.200000,0.000000,0.000000,1.350000,0.000000,0.000000,0.850000,0.020000,0.000000,0.008000,0.000000,0.000600,0.008000,0.000000,0.000600,0.006000,0.000000,0.000000,1,1,1,389,241,531701,531701,321256,210444,0,60.00,21968,3272,361,0,0,0,21974,500.00,500.00,9,1604,0.0000,0.4880,0.4790,0.7840,0.5040
2026-04-27T18:52:09.509,6.498,1,1.00,-2.00,-0.95,0.95,1,-0.0874,0.0112,-0.1386,0.1243,0.2192,0.0000,0.17,3.96,57.79,59.38,390,390,1.00000,1.00000,1.00000,1.00000,3,3,1,14.56587,0.00375,1.03465,0.0874,-0.0112,0.2886,0.1243,0.2192,0.0000,-0.17,-6.39,-3.49,1,1,0.0000,0.0000,0.1500,0.00,0.8500,0.3500,0.9200,6.00,180.00,0.850000,0.050000,0.000000,1.100000,0.000000,0.000000,1.200000,0.000000,0.000000,1.350000,0.000000,0.000000,0.850000,0.020000,0.000000,0.008000,0.000000,0.000600,0.008000,0.000000,0.000600,0.006000,0.000000,0.000000,1,1,1,390,243,531701,531701,321256,210444,0,60.00,21968,3272,361,0,0,0,21974,500.00,500.00,9,1604,0.0000,0.4880,0.4790,0.7840,0.5040
2026-04-27T18:52:09.525,6.514,1,1.00,-2.00,-0.95,0.95,1,-0.0895,0.0074,-0.1387,0.1229,0.2179,0.0000,0.24,-3.82,61.81,58.04,391,391,1.00000,1.00000,1.00000,1.00000,3,3,1,14.44132,0.00360,1.02518,0.0895,-0.0074,0.2887,0.1229,0.2179,0.0000,-0.24,-6.48,-3.37,1,1,0.0000,0.0000,0.1500,0.00,0.8500,0.3500,0.9200,6.00,180.00,0.850000,0.050000,0.000000,1.100000,0.000000,0.000000,1.200000,0.000000,0.000000,1.350000,0.000000,0.000000,0.850000,0.020000,0.000000,0.008000,0.000000,0.000600,0.008000,0.000000,0.000600,0.006000,0.000000,0.000000,1,1,1,391,243,531701,531701,321256,210444,0,60.00,21968,3272,361,0,0,0,21974,500.00,500.00,9,1604,0.0000,0.4880,0.4790,0.7840,0.5040
2026-04-27T18:52:09.543,6.531,1,0.80,-1.60,-1.99,3.97,1,-0.0913,0.0034,-0.1384,0.1182,0.2395,-0.0109,0.38,-9.46,57.89,60.55,392,392,1.00000,1.00000,1.00000,1.00000,3,3,1,14.40438,0.00388,1.03451,0.0913,-0.0034,0.2884,0.1182,0.2395,-0.0109,-0.38,-6.76,-3.44,1,1,0.0000,0.0000,0.1500,0.00,0.8500,0.3500,0.9200,6.00,180.00,0.850000,0.050000,0.000000,1.100000,0.000000,0.000000,1.200000,0.000000,0.000000,1.350000,0.000000,0.000000,0.850000,0.020000,0.000000,0.008000,0.000000,0.000600,0.008000,0.000000,0.000600,0.006000,0.000000,0.000000,1,1,1,392,248,531701,531701,321256,210444,0,60.00,21968,3272,361,0,0,0,21974,500.00,500.00,9,1604,0.0000,0.4880,0.4790,0.7840,0.5040
2026-04-27T18:52:09.559,6.548,1,0.80,-1.60,-1.99,3.97,1,-0.0928,-0.0006,-0.1383,0.1029,0.2338,0.0000,0.29,4.90,57.03,58.57,393,393,1.00000,1.00000,1.00000,1.00000,3,3,1,14.29666,0.00352,1.03520,0.0928,0.0006,0.2883,0.1029,0.2338,0.0000,-0.29,-6.69,-3.46,1,1,0.0000,0.0000,0.1500,0.00,0.8500,0.3500,0.9200,6.00,180.00,0.850000,0.050000,0.000000,1.100000,0.000000,0.000000,1.200000,0.000000,0.000000,1.350000,0.000000,0.000000,0.850000,0.020000,0.000000,0.008000,0.000000,0.000600,0.008000,0.000000,0.000600,0.006000,0.000000,0.000000,1,1,1,393,238,531701,531701,321256,210444,0,60.00,21968,3272,391,0,0,0,22004,506.07,506.07,11,503,0.0000,0.5180,0.4820,0.7800,0.4990
2026-04-27T18:52:09.571,6.560,1,0.80,-1.60,-1.99,3.97,1,-0.0944,-0.0044,-0.1388,0.1077,0.2455,0.0133,0.42,-9.20,62.04,60.58,394,394,1.00000,1.00000,1.00000,1.00000,3,3,1,14.20764,0.00379,1.02891,0.0944,0.0044,0.2888,0.1077,0.2455,0.0133,-0.42,-6.80,-3.21,1,1,0.0000,0.0000,0.1500,0.00,0.8500,0.3500,0.9200,6.00,180.00,0.850000,0.050000,0.000000,1.100000,0.000000,0.000000,1.200000,0.000000,0.000000,1.350000,0.000000,0.000000,0.850000,0.020000,0.000000,0.008000,0.000000,0.000600,0.008000,0.000000,0.000600,0.006000,0.000000,0.000000,1,1,1,394,245,531701,531701,321256,210444,0,60.00,21968,3272,391,0,0,0,22004,506.07,506.07,11,503,0.0000,0.5180,0.4820,0.7800,0.4990
2026-04-27T18:52:09.592,6.580,1,0.70,-1.20,-0.95,3.89,1,-0.0960,-0.0088,-0.1385,0.0976,0.2460,0.0000,0.49,-3.45,61.02,58.91,395,395,1.00000,1.00000,1.00000,1.00000,3,3,1,14.13033,0.00375,1.03472,0.0960,0.0088,0.2885,0.0976,0.2460,0.0000,-0.49,-6.94,-3.33,1,1,0.0000,0.0000,0.1500,0.00,0.8500,0.3500,0.9200,6.00,180.00,0.850000,0.050000,0.000000,1.100000,0.000000,0.000000,1.200000,0.000000,0.000000,1.350000,0.000000,0.000000,0.850000,0.020000,0.000000,0.008000,0.000000,0.000600,0.008000,0.000000,0.000600,0.006000,0.000000,0.000000,1,1,1,395,242,531701,531701,321256,210444,0,60.00,21968,3272,391,0,0,0,22004,506.07,506.07,11,503,0.0000,0.5180,0.4820,0.7800,0.4990
2026-04-27T18:52:09.607,6.596,1,0.70,-1.20,-0.95,3.89,1,-0.0975,-0.0133,-0.1382,0.0965,0.2690,0.0000,0.57,-5.44,60.45,61.40,396,396,1.00000,1.00000,1.00000,1.00000,3,3,1,14.06215,0.00373,1.03167,0.0975,0.0133,0.2882,0.0965,0.2690,0.0000,-0.57,-6.94,-3.28,1,1,0.0000,0.0000,0.1500,0.00,0.8500,0.3500,0.9200,6.00,180.00,0.850000,0.050000,0.000000,1.100000,0.000000,0.000000,1.200000,0.000000,0.000000,1.350000,0.000000,0.000000,0.850000,0.020000,0.000000,0.008000,0.000000,0.000600,0.008000,0.000000,0.000600,0.006000,0.000000,0.000000,1,1,1,396,242,531701,531701,321256,210444,0,60.00,21968,3272,391,0,0,0,22004,506.07,506.07,11,503,0.0000,0.5180,0.4820,0.7800,0.4990
2026-04-27T18:52:09.625,6.614,1,0.70,-1.20,-0.95,3.89,1,-0.0990,-0.0179,-0.1383,0.0922,0.2699,0.0000,0.53,2.21,68.01,59.07,397,397,1.00000,1.00000,1.00000,1.00000,3,3,1,13.96493,0.00345,1.02927,0.0990,0.0179,0.2883,0.0922,0.2699,0.0000,-0.53,-7.06,-3.21,1,1,0.0000,0.0000,0.1500,0.00,0.8500,0.3500,0.9200,6.00,180.00,0.850000,0.050000,0.000000,1.100000,0.000000,0.000000,1.200000,0.000000,0.000000,1.350000,0.000000,0.000000,0.850000,0.020000,0.000000,0.008000,0.000000,0.000600,0.008000,0.000000,0.000600,0.006000,0.000000,0.000000,1,1,1,397,241,531701,531701,321256,210444,0,60.00,21968,3272,391,0,0,0,22004,506.07,506.07,11,503,0.0000,0.5180,0.4820,0.7800,0.4990
2026-04-27T18:52:09.643,6.632,1,0.70,-1.20,-0.95,3.89,1,-0.1003,-0.0228,-0.1383,0.0858,0.2780,0.0000,0.56,-1.74,52.49,59.63,398,398,1.00000,1.00000,1.00000,1.00000,3,3,1,13.84283,0.00372,1.02532,0.1003,0.0228,0.2883,0.0858,0.2780,0.0000,-0.56,-7.11,-2.91,1,1,0.0000,0.0000,0.1500,0.00,0.8500,0.3500,0.9200,6.00,180.00,0.850000,0.050000,0.000000,1.100000,0.000000,0.000000,1.200000,0.000000,0.000000,1.350000,0.000000,0.000000,0.850000,0.020000,0.000000,0.008000,0.000000,0.000600,0.008000,0.000000,0.000600,0.006000,0.000000,0.000000,1,1,1,398,240,531701,531701,321256,210444,0,60.00,21968,3272,391,0,0,0,22004,506.07,506.07,11,503,0.0000,0.5180,0.4820,0.7800,0.4990
2026-04-27T18:52:09.657,6.646,1,0.70,-1.20,-0.95,3.89,1,-0.1013,-0.0272,-0.1385,0.0757,0.2799,0.0000,0.63,-4.85,56.95,60.99,399,399,1.00000,1.00000,1.00000,1.00000,3,3,1,13.80596,0.00350,1.02822,0.1013,0.0272,0.2885,0.0757,0.2799,0.0000,-0.63,-6.92,-2.85,1,1,0.0000,0.0000,0.1500,0.00,0.8500,0.3500,0.9200,6.00,180.00,0.850000,0.050000,0.000000,1.100000,0.000000,0.000000,1.200000,0.000000,0.000000,1.350000,0.000000,0.000000,0.850000,0.020000,0.000000,0.008000,0.000000,0.000600,0.008000,0.000000,0.000600,0.006000,0.000000,0.000000,1,1,1,399,241,531701,531701,321256,210444,0,60.00,21968,3272,391,0,0,0,22004,506.07,506.07,11,503,0.0000,0.5180,0.4820,0.7800,0.4990
2026-04-27T18:52:09.674,6.663,1,0.70,-1.20,-0.95,3.89,1,-0.1027,-0.0320,-0.1381,0.0788,0.2843,-0.0102,0.56,4.10,75.70,60.07,400,400,1.00000,1.00000,1.00000,1.00000,3,3,1,13.67963,0.00368,1.03147,0.1027,0.0320,0.2881,0.0788,0.2843,-0.0102,-0.56,-7.12,-2.76,1,1,0.0000,0.0000,0.1500,0.00,0.8500,0.3500,0.9200,6.00,180.00,0.850000,0.050000,0.000000,1.100000,0.000000,0.000000,1.200000,0.000000,0.000000,1.350000,0.000000,0.000000,0.850000,0.020000,0.000000,0.008000,0.000000,0.000600,0.008000,0.000000,0.000600,0.006000,0.000000,0.000000,1,1,1,400,246,531701,531701,321256,210444,0,60.00,21968,3272,391,0,0,0,22004,506.07,506.07,11,503,0.0000,0.5180,0.4820,0.7800,0.4990
2026-04-27T18:52:09.692,6.681,1,0.40,-0.60,-3.01,5.96,1,-0.1039,-0.0366,-0.1383,0.0744,0.2804,0.0000,0.59,-1.68,55.27,58.93,401,401,1.00000,1.00000,1.00000,1.00000,3,3,1,13.60552,0.00352,1.02424,0.1039,0.0366,0.2883,0.0744,0.2804,0.0000,-0.59,-7.06,-2.71,1,1,0.0000,0.0000,0.1500,0.00,0.8500,0.3500,0.9200,6.00,180.00,0.850000,0.050000,0.000000,1.100000,0.000000,0.000000,1.200000,0.000000,0.000000,1.350000,0.000000,0.000000,0.850000,0.020000,0.000000,0.008000,0.000000,0.000600,0.008000,0.000000,0.000600,0.006000,0.000000,0.000000,1,1,1,401,241,531701,531701,321256,210444,0,60.00,21968,3272,391,0,0,0,22004,506.07,506.07,11,503,0.0000,0.5180,0.4820,0.7800,0.4990
2026-04-27T18:52:09.707,6.696,1,0.40,-0.60,-3.01,5.96,1,-0.1049,-0.0418,-0.1376,0.0675,0.3075,-0.0250,0.67,-5.34,55.40,64.93,402,402,1.00000,1.00000,1.00000,1.00000,3,3,1,13.51173,0.00379,1.03212,0.1049,0.0418,0.2876,0.0675,0.3075,-0.0250,-0.67,-7.22,-2.67,1,1,0.0000,0.0000,0.1500,0.00,0.8500,0.3500,0.9200,6.00,180.00,0.850000,0.050000,0.000000,1.100000,0.000000,0.000000,1.200000,0.000000,0.000000,1.350000,0.000000,0.000000,0.850000,0.020000,0.000000,0.008000,0.000000,0.000600,0.008000,0.000000,0.000600,0.006000,0.000000,0.000000,1,1,1,402,247,531701,531701,321256,210444,0,60.00,21968,3272,391,0,0,0,22004,506.07,506.07,11,503,0.0000,0.5180,0.4820,0.7800,0.4990
2026-04-27T18:52:09.725,6.713,1,0.40,-0.60,-3.01,5.96,1,-0.1053,-0.0472,-0.1373,0.0461,0.3091,-0.0155,0.62,2.77,72.43,56.80,403,403,1.00000,1.00000,1.00000,1.00000,3,3,1,13.46234,0.00332,1.02927,0.1053,0.0472,0.2873,0.0461,0.3091,-0.0155,-0.62,-6.68,-2.45,1,1,0.0000,0.0000,0.1500,0.00,0.8500,0.3500,0.9200,6.00,180.00,0.850000,0.050000,0.000000,1.100000,0.000000,0.000000,1.200000,0.000000,0.000000,1.350000,0.000000,0.000000,0.850000,0.020000,0.000000,0.008000,0.000000,0.000600,0.008000,0.000000,0.000600,0.006000,0.000000,0.000000,1,1,1,403,247,531701,531701,321256,210444,0,60.00,21968,3272,391,0,0,0,22004,506.07,506.07,11,503,0.0000,0.5180,0.4820,0.7800,0.4990
2026-04-27T18:52:09.743,6.732,1,0.40,-0.60,-3.01,5.96,1,-0.1061,-0.0520,-0.1372,0.0501,0.2936,-0.0127,0.63,-0.56,54.38,59.35,404,404,1.00000,1.00000,1.00000,1.00000,3,3,1,13.42216,0.00368,1.02870,0.1061,0.0520,0.2872,0.0501,0.2936,-0.0127,-0.63,-6.71,-2.26,1,1,0.0000,0.0000,0.1500,0.00,0.8500,0.3500,0.9200,6.00,180.00,0.850000,0.050000,0.000000,1.100000,0.000000,0.000000,1.200000,0.000000,0.000000,1.350000,0.000000,0.000000,0.850000,0.020000,0.000000,0.008000,0.000000,0.000600,0.008000,0.000000,0.000600,0.006000,0.000000,0.000000,1,1,1,404,246,531701,531701,321256,210444,0,60.00,21968,3272,391,0,0,0,22004,506.07,506.07,11,503,0.0000,0.5180,0.4820,0.7800,0.4990
2026-04-27T18:52:09.757,6.746,1,0.40,-0.60,-3.01,5.96,1,-0.1069,-0.0571,-0.1368,0.0498,0.3182,-0.0205,0.61,1.42,53.88,64.05,405,405,1.00000,1.00000,1.00000,1.00000,3,3,1,13.27265,0.00350,1.02942,0.1069,0.0571,0.2868,0.0498,0.3182,-0.0205,-0.61,-6.65,-2.19,1,1,0.0000,0.0000,0.1500,0.00,0.8500,0.3500,0.9200,6.00,180.00,0.850000,0.050000,0.000000,1.100000,0.000000,0.000000,1.200000,0.000000,0.000000,1.350000,0.000000,0.000000,0.850000,0.020000,0.000000,0.008000,0.000000,0.000600,0.008000,0.000000,0.000600,0.006000,0.000000,0.000000,1,1,1,405,246,531701,531701,321256,210444,0,60.00,21968,3272,391,0,0,0,22004,506.07,506.07,11,503,0.0000,0.5180,0.4820,0.7800,0.4990
2026-04-27T18:52:09.775,6.764,1,0.40,-0.60,-3.01,5.96,1,-0.1080,-0.0624,-0.1365,0.0580,0.3108,-0.0178,0.72,-6.26,76.58,55.98,406,406,1.00000,1.00000,1.00000,1.00000,3,3,1,13.22256,0.00385,1.02498,0.1080,0.0624,0.2865,0.0580,0.3108,-0.0178,-0.72,-7.04,-1.93,1,1,0.0000,0.0000,0.1500,0.00,0.8500,0.3500,0.9200,6.00,180.00,0.850000,0.050000,0.000000,1.100000,0.000000,0.000000,1.200000,0.000000,0.000000,1.350000,0.000000,0.000000,0.850000,0.020000,0.000000,0.008000,0.000000,0.000600,0.008000,0.000000,0.000600,0.006000,0.000000,0.000000,1,1,1,406,247,531701,531701,321256,210444,0,60.00,21968,3272,391,0,0,0,22004,506.07,506.07,11,503,0.0000,0.5180,0.4820,0.7800,0.4990
2026-04-27T18:52:09.791,6.779,1,0.10,0.10,-2.95,6.86,1,-0.1089,-0.0674,-0.1361,0.0537,0.3091,-0.0205,0.83,-6.55,52.37,62.78,407,407,1.00000,1.00000,1.00000,1.00000,3,3,1,13.04546,0.00382,1.02850,0.1089,0.0674,0.2861,0.0537,0.3091,-0.0205,-0.83,-7.61,-1.71,1,1,0.0000,0.0000,0.1500,0.00,0.8500,0.3500,0.9200,6.00,180.00,0.850000,0.050000,0.000000,1.100000,0.000000,0.000000,1.200000,0.000000,0.000000,1.350000,0.000000,0.000000,0.850000,0.020000,0.000000,0.008000,0.000000,0.000600,0.008000,0.000000,0.000600,0.006000,0.000000,0.000000,1,1,1,407,247,531701,531701,321256,210444,0,60.00,21968,3272,391,0,0,0,22004,506.07,506.07,11,503,0.0000,0.5180,0.4820,0.7800,0.4990
2026-04-27T18:52:09.809,6.798,1,0.10,0.10,-2.95,6.86,1,-0.1090,-0.0726,-0.1359,0.0261,0.3182,-0.0163,0.77,3.56,63.60,58.49,408,408,1.00000,1.00000,1.00000,1.00000,3,3,1,12.93361,0.00333,1.02547,0.1090,0.0726,0.2859,0.0261,0.3182,-0.0163,-0.77,-7.26,-1.60,1,1,0.0000,0.0000,0.1500,0.00,0.8500,0.3500,0.9200,6.00,180.00,0.850000,0.050000,0.000000,1.100000,0.000000,0.000000,1.200000,0.000000,0.000000,1.350000,0.000000,0.000000,0.850000,0.020000,0.000000,0.008000,0.000000,0.000600,0.008000,0.000000,0.000600,0.006000,0.000000,0.000000,1,1,1,408,246,531701,531701,321256,210444,0,60.00,21968,3272,391,0,0,0,22004,506.07,506.07,11,503,0.0000,0.5180,0.4820,0.7800,0.4990
2026-04-27T18:52:09.828,6.816,1,0.10,0.10,-2.95,6.86,1,-0.1093,-0.0782,-0.1355,0.0244,0.3074,-0.0210,0.79,-1.02,54.88,64.16,409,409,1.00000,1.00000,1.00000,1.00000,3,3,1,12.93995,0.00362,1.02822,0.1093,0.0782,0.2855,0.0244,0.3074,-0.0210,-0.79,-7.16,-1.37,1,1,0.0000,0.0000,0.1500,0.00,0.8500,0.3500,0.9200,6.00,180.00,0.850000,0.050000,0.000000,1.100000,0.000000,0.000000,1.200000,0.000000,0.000000,1.350000,0.000000,0.000000,0.850000,0.020000,0.000000,0.008000,0.000000,0.000600,0.008000,0.000000,0.000600,0.006000,0.000000,0.000000,1,1,1,409,247,531701,531701,321256,210444,0,60.00,21968,3272,391,0,0,0,22004,506.07,506.07,11,503,0.0000,0.5180,0.4820,0.7800,0.4990
2026-04-27T18:52:09.843,6.831,1,0.10,0.10,-2.95,6.86,1,-0.1095,-0.0828,-0.1352,0.0205,0.3168,-0.0198,0.81,-1.38,54.63,55.60,410,410,1.00000,1.00000,1.00000,1.00000,3,3,1,12.77582,0.00364,1.03308,0.1095,0.0828,0.2852,0.0205,0.3168,-0.0198,-0.81,-6.98,-1.38,1,1,0.0000,0.0000,0.1500,0.00,0.8500,0.3500,0.9200,6.00,180.00,0.850000,0.050000,0.000000,1.100000,0.000000,0.000000,1.200000,0.000000,0.000000,1.350000,0.000000,0.000000,0.850000,0.020000,0.000000,0.008000,0.000000,0.000600,0.008000,0.000000,0.000600,0.006000,0.000000,0.000000,1,1,1,410,245,531701,531701,321256,210444,0,60.00,21968,3272,391,0,0,0,22004,506.07,506.07,11,503,0.0000,0.5180,0.4820,0.7800,0.4990
2026-04-27T18:52:09.858,6.846,1,0.10,0.10,-2.95,6.86,1,-0.1097,-0.0882,-0.1348,0.0153,0.3221,-0.0224,0.81,0.00,66.60,60.59,411,411,1.00000,1.00000,1.00000,1.00000,3,3,1,12.72267,0.00332,1.02617,0.1097,0.0882,0.2848,0.0153,0.3221,-0.0224,-0.81,-6.92,-1.31,1,1,0.0000,0.0000,0.1500,0.00,0.8500,0.3500,0.9200,6.00,180.00,0.850000,0.050000,0.000000,1.100000,0.000000,0.000000,1.200000,0.000000,0.000000,1.350000,0.000000,0.000000,0.850000,0.020000,0.000000,0.008000,0.000000,0.000600,0.008000,0.000000,0.000600,0.006000,0.000000,0.000000,1,1,1,411,246,531701,531701,321256,210444,0,60.00,21968,3272,391,0,0,0,22004,506.07,506.07,11,503,0.0000,0.5180,0.4820,0.7800,0.4990
2026-04-27T18:52:09.875,6.864,1,0.10,0.10,-2.95,6.86,1,-0.1100,-0.0932,-0.1347,0.0176,0.3085,-0.0128,0.87,-3.42,66.26,60.47,412,412,1.00000,1.00000,1.00000,1.00000,3,3,1,12.61354,0.00375,1.02818,0.1100,0.0932,0.2847,0.0176,0.3085,-0.0128,-0.87,-7.13,-1.11,1,1,0.0000,0.0000,0.1500,0.00,0.8500,0.3500,0.9200,6.00,180.00,0.850000,0.050000,0.000000,1.100000,0.000000,0.000000,1.200000,0.000000,0.000000,1.350000,0.000000,0.000000,0.850000,0.020000,0.000000,0.008000,0.000000,0.000600,0.008000,0.000000,0.000600,0.006000,0.000000,0.000000,1,1,1,412,246,531701,531701,321256,210444,0,60.00,21968,3272,391,0,0,0,22004,506.07,506.07,11,503,0.0000,0.5180,0.4820,0.7800,0.4990
2026-04-27T18:52:09.890,6.878,1,0.00,0.90,-0.95,7.79,1,-0.1104,-0.0981,-0.1343,0.0224,0.3245,-0.0234,0.94,-4.53,56.33,59.49,413,413,1.00000,1.00000,1.00000,1.00000,3,3,1,12.51540,0.00393,1.02821,0.1104,0.0981,0.2843,0.0224,0.3245,-0.0234,-0.94,-7.65,-0.93,1,1,0.0000,0.0000,0.1500,0.00,0.8500,0.3500,0.9200,6.00,180.00,0.850000,0.050000,0.000000,1.100000,0.000000,0.000000,1.200000,0.000000,0.000000,1.350000,0.000000,0.000000,0.850000,0.020000,0.000000,0.008000,0.000000,0.000600,0.008000,0.000000,0.000600,0.006000,0.000000,0.000000,1,1,1,413,246,531701,531701,321256,210444,0,60.00,21968,3272,391,0,0,0,22004,506.07,506.07,11,503,0.0000,0.5180,0.4820,0.7800,0.4990
2026-04-27T18:52:09.909,6.897,1,0.00,0.90,-0.95,7.79,1,-0.1101,-0.1036,-0.1341,0.0000,0.3103,-0.0149,0.92,1.14,64.77,60.55,414,414,1.00000,1.00000,1.00000,1.00000,3,3,1,12.48687,0.00349,1.02458,0.1101,0.1036,0.2841,0.0000,0.3103,-0.0149,-0.92,-7.37,-0.70,1,1,0.0000,0.0000,0.1500,0.00,0.8500,0.3500,0.9200,6.00,180.00,0.850000,0.050000,0.000000,1.100000,0.000000,0.000000,1.200000,0.000000,0.000000,1.350000,0.000000,0.000000,0.850000,0.020000,0.000000,0.008000,0.000000,0.000600,0.008000,0.000000,0.000600,0.006000,0.000000,0.000000,1,1,1,414,240,531701,531701,321256,210444,0,60.00,21968,3272,391,0,0,0,22004,506.07,506.07,11,503,0.0000,0.5180,0.4820,0.7800,0.4990
2026-04-27T18:52:09.924,6.913,1,0.00,0.90,-0.95,7.79,1,-0.1099,-0.1086,-0.1339,0.0000,0.3188,-0.0168,0.90,1.20,55.98,60.25,415,415,1.00000,1.00000,1.00000,1.00000,3,3,1,12.36033,0.00359,1.02727,0.1099,0.1086,0.2839,0.0000,0.3188,-0.0168,-0.90,-7.32,-0.54,1,1,0.0000,0.0000,0.1500,0.00,0.8500,0.3500,0.9200,6.00,180.00,0.850000,0.050000,0.000000,1.100000,0.000000,0.000000,1.200000,0.000000,0.000000,1.350000,0.000000,0.000000,0.850000,0.020000,0.000000,0.008000,0.000000,0.000600,0.008000,0.000000,0.000600,0.006000,0.000000,0.000000,1,1,1,415,241,531701,531701,321256,210444,0,60.00,21968,3272,391,0,0,0,22004,506.07,506.07,11,503,0.0000,0.5180,0.4820,0.7800,0.4990
2026-04-27T18:52:09.942,6.930,1,0.00,0.90,-0.95,7.79,1,-0.1098,-0.1137,-0.1336,0.0000,0.3029,-0.0163,0.90,0.00,62.18,59.12,416,416,1.00000,1.00000,1.00000,1.00000,3,3,1,12.21577,0.00334,1.03039,0.1098,0.1137,0.2836,0.0000,0.3029,-0.0163,-0.90,-7.44,-0.44,1,1,0.0000,0.0000,0.1500,0.00,0.8500,0.3500,0.9200,6.00,180.00,0.850000,0.050000,0.000000,1.100000,0.000000,0.000000,1.200000,0.000000,0.000000,1.350000,0.000000,0.000000,0.850000,0.020000,0.000000,0.008000,0.000000,0.000600,0.008000,0.000000,0.000600,0.006000,0.000000,0.000000,1,1,1,416,241,531761,531761,321317,210444,0,60.00,22028,3224,391,0,0,0,22004,506.07,506.07,11,503,0.0000,0.5180,0.4820,0.7800,0.4990
2026-04-27T18:52:09.959,6.948,1,0.00,0.90,-0.95,7.79,1,-0.1095,-0.1185,-0.1334,-0.0148,0.3017,-0.0148,1.02,-7.17,57.99,60.48,417,417,1.00000,1.00000,1.00000,1.00000,3,3,1,12.32448,0.00357,1.02879,0.1095,0.1185,0.2834,-0.0148,0.3017,-0.0148,-1.02,-7.39,-0.21,1,1,0.0000,0.0000,0.1500,0.00,0.8500,0.3500,0.9200,6.00,180.00,0.850000,0.050000,0.000000,1.100000,0.000000,0.000000,1.200000,0.000000,0.000000,1.350000,0.000000,0.000000,0.850000,0.020000,0.000000,0.008000,0.000000,0.000600,0.008000,0.000000,0.000600,0.006000,0.000000,0.000000,1,1,1,417,247,531761,531761,321317,210444,0,60.00,22028,3224,391,0,0,0,22004,506.07,506.07,11,503,0.0000,0.5180,0.4820,0.7800,0.4990
2026-04-27T18:52:09.974,6.963,1,0.00,0.90,-0.95,7.79,1,-0.1089,-0.1232,-0.1334,-0.0255,0.3016,0.0000,0.81,12.50,59.21,63.47,418,418,1.00000,1.00000,1.00000,1.00000,3,3,1,12.04896,0.00336,1.02832,0.1089,0.1232,0.2834,-0.0255,0.3016,0.0000,-0.81,-7.12,-0.06,1,1,0.0000,0.0000,0.1500,0.00,0.8500,0.3500,0.9200,6.00,180.00,0.850000,0.050000,0.000000,1.100000,0.000000,0.000000,1.200000,0.000000,0.000000,1.350000,0.000000,0.000000,0.850000,0.020000,0.000000,0.008000,0.000000,0.000600,0.008000,0.000000,0.000600,0.006000,0.000000,0.000000,1,1,1,418,243,531761,531761,321317,210444,0,60.00,22028,3224,391,0,0,0,22004,506.07,506.07,11,503,0.0000,0.5180,0.4820,0.7800,0.4990
2026-04-27T18:52:09.991,6.980,1,0.00,0.90,-0.95,7.79,1,-0.1088,-0.1281,-0.1333,-0.0129,0.2984,0.0000,0.90,-5.28,60.98,58.71,419,419,1.00000,1.00000,1.00000,1.00000,3,3,1,12.07668,0.00355,1.02539,0.1088,0.1281,0.2833,-0.0129,0.2984,0.0000,-0.90,-7.67,0.22,1,1,0.0000,0.0000,0.1500,0.00,0.8500,0.3500,0.9200,6.00,180.00,0.850000,0.050000,0.000000,1.100000,0.000000,0.000000,1.200000,0.000000,0.000000,1.350000,0.000000,0.000000,0.850000,0.020000,0.000000,0.008000,0.000000,0.000600,0.008000,0.000000,0.000600,0.006000,0.000000,0.000000,1,1,1,419,241,531761,531761,321317,210444,0,60.00,22028,3224,391,0,0,0,22004,506.07,506.07,11,503,0.0000,0.5180,0.4820,0.7800,0.4990
2026-04-27T18:52:10.009,6.997,1,-0.30,1.60,-2.95,6.92,1,-0.1083,-0.1324,-0.1331,-0.0288,0.2954,-0.0133,0.93,-2.33,62.02,58.40,420,420,1.00000,1.00000,1.00000,1.00000,3,3,1,11.95946,0.00353,1.03143,0.1083,0.1324,0.2831,-0.0288,0.2954,-0.0133,-0.93,-7.84,0.29,1,1,0.0000,0.0000,0.1500,0.00,0.8500,0.3500,0.9200,6.00,180.00,0.850000,0.050000,0.000000,1.100000,0.000000,0.000000,1.200000,0.000000,0.000000,1.350000,0.000000,0.000000,0.850000,0.020000,0.000000,0.008000,0.000000,0.000600,0.008000,0.000000,0.000600,0.006000,0.000000,0.000000,1,1,1,420,247,531761,531761,321317,210444,0,60.00,22028,3224,391,0,0,0,22004,506.07,506.07,11,503,0.0000,0.5180,0.4820,0.7800,0.4990
2026-04-27T18:52:10.026,7.015,1,-0.30,1.60,-2.95,6.92,1,-0.1072,-0.1374,-0.1331,-0.0422,0.2738,0.0000,0.85,3.85,61.61,59.66,421,421,1.00000,1.00000,1.00000,1.00000,3,3,1,11.93762,0.00339,1.02647,0.1072,0.1374,0.2831,-0.0422,0.2738,0.0000,-0.85,-7.67,0.31,1,1,0.0000,0.0000,0.1500,0.00,0.8500,0.3500,0.9200,6.00,180.00,0.850000,0.050000,0.000000,1.100000,0.000000,0.000000,1.200000,0.000000,0.000000,1.350000,0.000000,0.000000,0.850000,0.020000,0.000000,0.008000,0.000000,0.000600,0.008000,0.000000,0.000600,0.006000,0.000000,0.000000,1,1,1,421,242,531761,531761,321317,210444,0,60.00,22028,3224,391,0,0,0,22004,506.07,506.07,11,503,0.0000,0.5180,0.4820,0.7800,0.4990
2026-04-27T18:52:10.042,7.030,1,-0.30,1.60,-2.95,6.92,1,-0.1064,-0.1414,-0.1329,-0.0466,0.2805,-0.0101,0.72,8.24,54.48,62.12,422,422,1.00000,1.00000,1.00000,1.00000,3,3,1,11.83943,0.00339,1.03067,0.1064,0.1414,0.2829,-0.0466,0.2805,-0.0101,-0.72,-7.70,0.45,1,1,0.0000,0.0000,0.1500,0.00,0.8500,0.3500,0.9200,6.00,180.00,0.850000,0.050000,0.000000,1.100000,0.000000,0.000000,1.200000,0.000000,0.000000,1.350000,0.000000,0.000000,0.850000,0.020000,0.000000,0.008000,0.000000,0.000600,0.008000,0.000000,0.000600,0.006000,0.000000,0.000000,1,1,1,422,245,531761,531761,321317,210444,0,60.00,22028,3224,391,0,0,0,22004,506.07,506.07,11,503,0.0000,0.5180,0.4820,0.7800,0.4990
2026-04-27T18:52:10.057,7.046,1,-0.30,1.60,-2.95,6.92,1,-0.1054,-0.1458,-0.1328,-0.0532,0.2724,0.0000,0.74,-1.19,62.28,57.71,423,423,1.00000,1.00000,1.00000,1.00000,3,3,1,11.69602,0.00343,1.02938,0.1054,0.1458,0.2828,-0.0532,0.2724,0.0000,-0.74,-7.76,0.63,1,1,0.0000,0.0000,0.1500,0.00,0.8500,0.3500,0.9200,6.00,180.00,0.850000,0.050000,0.000000,1.100000,0.000000,0.000000,1.200000,0.000000,0.000000,1.350000,0.000000,0.000000,0.850000,0.020000,0.000000,0.008000,0.000000,0.000600,0.008000,0.000000,0.000600,0.006000,0.000000,0.000000,1,1,1,423,242,531761,531761,321317,210444,0,60.00,22028,3224,391,0,0,0,22004,506.07,506.07,11,503,0.0000,0.5180,0.4820,0.7800,0.4990
2026-04-27T18:52:10.075,7.064,1,-0.30,1.60,-2.95,6.92,1,-0.1045,-0.1501,-0.1327,-0.0507,0.2600,0.0000,0.82,-4.83,62.41,60.48,424,424,1.00000,1.00000,1.00000,1.00000,3,3,1,11.67049,0.00365,1.03007,0.1045,0.1501,0.2827,-0.0507,0.2600,0.0000,-0.82,-8.14,0.73,1,1,0.0000,0.0000,0.1500,0.00,0.8500,0.3500,0.9200,6.00,180.00,0.850000,0.050000,0.000000,1.100000,0.000000,0.000000,1.200000,0.000000,0.000000,1.350000,0.000000,0.000000,0.850000,0.020000,0.000000,0.008000,0.000000,0.000600,0.008000,0.000000,0.000600,0.006000,0.000000,0.000000,1,1,1,424,240,531761,531761,321317,210444,0,60.00,22028,3224,391,0,0,0,22004,506.07,506.07,11,503,0.0000,0.5180,0.4820,0.7800,0.4990
2026-04-27T18:52:10.089,7.077,1,-0.30,1.60,-2.95,6.92,1,-0.1031,-0.1544,-0.1324,-0.0757,0.2714,-0.0124,0.69,8.79,55.06,63.44,425,425,1.00000,1.00000,1.00000,1.00000,3,3,1,11.55969,0.00341,1.03255,0.1031,0.1544,0.2824,-0.0757,0.2714,-0.0124,-0.69,-7.95,0.92,1,1,0.0000,0.0000,0.1500,0.00,0.8500,0.3500,0.9200,6.00,180.00,0.850000,0.050000,0.000000,1.100000,0.000000,0.000000,1.200000,0.000000,0.000000,1.350000,0.000000,0.000000,0.850000,0.020000,0.000000,0.008000,0.000000,0.000600,0.008000,0.000000,0.000600,0.006000,0.000000,0.000000,1,1,1,425,247,531761,531761,321317,210444,0,60.00,22028,3224,391,0,0,0,22004,506.07,506.07,11,503,0.0000,0.5180,0.4820,0.7800,0.4990
2026-04-27T18:52:10.109,7.098,1,-0.30,1.60,-2.95,6.92,1,-0.1015,-0.1583,-0.1324,-0.0820,0.2480,0.0000,0.73,-2.09,67.56,56.53,426,426,1.00000,1.00000,1.00000,1.00000,3,3,1,11.57564,0.00344,1.03037,0.1015,0.1583,0.2824,-0.0820,0.2480,0.0000,-0.73,-7.72,1.11,1,1,0.0000,0.0000,0.1500,0.00,0.8500,0.3500,0.9200,6.00,180.00,0.850000,0.050000,0.000000,1.100000,0.000000,0.000000,1.200000,0.000000,0.000000,1.350000,0.000000,0.000000,0.850000,0.020000,0.000000,0.008000,0.000000,0.000600,0.008000,0.000000,0.000600,0.006000,0.000000,0.000000,1,1,1,426,242,531761,531761,321317,210444,0,60.00,22028,3224,391,0,0,0,22004,506.07,506.07,11,503,0.0000,0.5180,0.4820,0.7800,0.4990
2026-04-27T18:52:10.124,7.113,1,-0.30,1.60,-2.95,6.92,1,-0.1000,-0.1622,-0.1325,-0.0847,0.2526,0.0000,0.84,-6.69,57.68,61.39,427,427,1.00000,1.00000,1.00000,1.00000,3,3,1,11.40974,0.00341,1.02944,0.1000,0.1622,0.2825,-0.0847,0.2526,0.0000,-0.84,-7.83,1.35,1,1,0.0000,0.0000,0.1500,0.00,0.8500,0.3500,0.9200,6.00,180.00,0.850000,0.050000,0.000000,1.100000,0.000000,0.000000,1.200000,0.000000,0.000000,1.350000,0.000000,0.000000,0.850000,0.020000,0.000000,0.008000,0.000000,0.000600,0.008000,0.000000,0.000600,0.006000,0.000000,0.000000,1,1,1,427,240,531761,531761,321317,210444,0,60.00,22028,3224,391,0,0,0,22004,506.07,506.07,11,503,0.0000,0.5180,0.4820,0.7800,0.4990
2026-04-27T18:52:10.141,7.130,1,-0.30,1.60,-2.95,6.92,1,-0.0982,-0.1659,-0.1322,-0.1005,0.2352,0.0000,0.70,8.48,60.81,60.84,428,428,1.00000,1.00000,1.00000,1.00000,3,3,1,11.41395,0.00355,1.03063,0.0982,0.1659,0.2822,-0.1005,0.2352,0.0000,-0.70,-7.61,1.38,1,1,0.0000,0.0000,0.1500,0.00,0.8500,0.3500,0.9200,6.00,180.00,0.850000,0.050000,0.000000,1.100000,0.000000,0.000000,1.200000,0.000000,0.000000,1.350000,0.000000,0.000000,0.850000,0.020000,0.000000,0.008000,0.000000,0.000600,0.008000,0.000000,0.000600,0.006000,0.000000,0.000000,1,1,1,428,241,531761,531761,321317,210444,0,60.00,22028,3224,391,0,0,0,22004,506.07,506.07,11,503,0.0000,0.5180,0.4820,0.7800,0.4990
2026-04-27T18:52:10.160,7.149,1,-0.30,1.60,-2.95,6.92,1,-0.0967,-0.1697,-0.1316,-0.0893,0.2258,-0.0217,0.75,-2.71,61.08,56.77,429,429,1.00000,1.00000,1.00000,1.00000,3,3,1,11.34407,0.00350,1.03204,0.0967,0.1697,0.2816,-0.0893,0.2258,-0.0217,-0.75,-7.87,1.54,1,1,0.0000,0.0000,0.1500,0.00,0.8500,0.3500,0.9200,6.00,180.00,0.850000,0.050000,0.000000,1.100000,0.000000,0.000000,1.200000,0.000000,0.000000,1.350000,0.000000,0.000000,0.850000,0.020000,0.000000,0.008000,0.000000,0.000600,0.008000,0.000000,0.000600,0.006000,0.000000,0.000000,1,1,1,429,246,531761,531761,321317,210444,0,60.00,22028,3224,391,0,0,0,22004,506.07,506.07,11,503,0.0000,0.5180,0.4820,0.7800,0.4990
2026-04-27T18:52:10.172,7.161,1,-0.30,1.60,-2.95,6.92,1,-0.0950,-0.1729,-0.1317,-0.1042,0.2207,0.0000,0.73,1.55,52.46,65.23,430,430,1.00000,1.00000,1.00000,1.00000,3,3,1,11.34235,0.00322,1.02444,0.0950,0.1729,0.2817,-0.1042,0.2207,0.0000,-0.73,-7.72,1.80,1,1,0.0000,0.0000,0.1500,0.00,0.8500,0.3500,0.9200,6.00,180.00,0.850000,0.050000,0.000000,1.100000,0.000000,0.000000,1.200000,0.000000,0.000000,1.350000,0.000000,0.000000,0.850000,0.020000,0.000000,0.008000,0.000000,0.000600,0.008000,0.000000,0.000600,0.006000,0.000000,0.000000,1,1,1,430,241,531761,531761,321317,210444,0,60.00,22028,3224,391,0,0,0,22004,506.07,506.07,11,503,0.0000,0.5180,0.4820,0.7800,0.4990
2026-04-27T18:52:10.191,7.180,1,-0.30,1.60,-2.95,6.92,1,-0.0932,-0.1760,-0.1316,-0.1037,0.2006,0.0000,0.74,-0.52,72.22,56.97,431,431,1.00000,1.00000,1.00000,1.00000,3,3,1,11.18127,0.00353,1.02815,0.0932,0.1760,0.2816,-0.1037,0.2006,0.0000,-0.74,-8.04,2.05,1,1,0.0000,0.0000,0.1500,0.00,0.8500,0.3500,0.9200,6.00,180.00,0.850000,0.050000,0.000000,1.100000,0.000000,0.000000,1.200000,0.000000,0.000000,1.350000,0.000000,0.000000,0.850000,0.020000,0.000000,0.008000,0.000000,0.000600,0.008000,0.000000,0.000600,0.006000,0.000000,0.000000,1,1,1,431,242,531761,531761,321317,210444,0,60.00,22028,3224,391,0,0,0,22004,506.07,506.07,11,503,0.0000,0.5180,0.4820,0.7800,0.4990
2026-04-27T18:52:10.207,7.196,1,-0.50,3.00,1.99,6.92,1,-0.0911,-0.1796,-0.1308,-0.1183,0.2214,-0.0291,0.75,-0.63,57.64,62.24,432,432,1.00000,1.00000,1.00000,1.00000,3,3,1,11.05565,0.00329,1.02951,0.0911,0.1796,0.2808,-0.1183,0.2214,-0.0291,-0.75,-7.98,2.21,1,1,0.0000,0.0000,0.1500,0.00,0.8500,0.3500,0.9200,6.00,180.00,0.850000,0.050000,0.000000,1.100000,0.000000,0.000000,1.200000,0.000000,0.000000,1.350000,0.000000,0.000000,0.850000,0.020000,0.000000,0.008000,0.000000,0.000600,0.008000,0.000000,0.000600,0.006000,0.000000,0.000000,1,1,1,432,246,531761,531761,321317,210444,0,60.00,22028,3224,391,0,0,0,22004,506.07,506.07,11,503,0.0000,0.5180,0.4820,0.7800,0.4990
2026-04-27T18:52:10.224,7.213,1,-0.50,3.00,1.99,6.92,1,-0.0885,-0.1824,-0.1307,-0.1413,0.1914,-0.0128,0.67,5.02,57.23,61.16,433,433,1.00000,1.00000,1.00000,1.00000,3,3,1,11.09081,0.00317,1.03053,0.0885,0.1824,0.2807,-0.1413,0.1914,-0.0128,-0.67,-7.56,2.27,1,1,0.0000,0.0000,0.1500,0.00,0.8500,0.3500,0.9200,6.00,180.00,0.850000,0.050000,0.000000,1.100000,0.000000,0.000000,1.200000,0.000000,0.000000,1.350000,0.000000,0.000000,0.850000,0.020000,0.000000,0.008000,0.000000,0.000600,0.008000,0.000000,0.000600,0.006000,0.000000,0.000000,1,1,1,433,247,531761,531761,321317,210444,0,60.00,22028,3224,391,0,0,0,22004,506.07,506.07,11,503,0.0000,0.5180,0.4820,0.7800,0.4990
2026-04-27T18:52:10.243,7.232,1,-0.50,3.00,1.99,6.92,1,-0.0867,-0.1852,-0.1303,-0.1171,0.1782,-0.0220,0.94,-14.59,64.97,55.48,434,434,1.00000,1.00000,1.00000,1.00000,3,3,1,11.05238,0.00363,1.02861,0.0867,0.1852,0.2803,-0.1171,0.1782,-0.0220,-0.94,-7.93,2.29,1,1,0.0000,0.0000,0.1500,0.00,0.8500,0.3500,0.9200,6.00,180.00,0.850000,0.050000,0.000000,1.100000,0.000000,0.000000,1.200000,0.000000,0.000000,1.350000,0.000000,0.000000,0.850000,0.020000,0.000000,0.008000,0.000000,0.000600,0.008000,0.000000,0.000600,0.006000,0.000000,0.000000,1,1,1,434,246,531761,531761,321317,210444,0,60.00,22028,3224,391,0,0,0,22004,506.07,506.07,11,503,0.0000,0.5180,0.4820,0.7800,0.4990
2026-04-27T18:52:10.258,7.247,1,-0.50,3.00,1.99,6.92,1,-0.0840,-0.1880,-0.1299,-0.1501,0.1797,-0.0211,0.84,6.31,53.91,60.40,435,435,1.00000,1.00000,1.00000,1.00000,3,3,1,10.91784,0.00327,1.03089,0.0840,0.1880,0.2799,-0.1501,0.1797,-0.0211,-0.84,-7.84,2.47,1,1,0.0000,0.0000,0.1500,0.00,0.8500,0.3500,0.9200,6.00,180.00,0.850000,0.050000,0.000000,1.100000,0.000000,0.000000,1.200000,0.000000,0.000000,1.350000,0.000000,0.000000,0.850000,0.020000,0.000000,0.008000,0.000000,0.000600,0.008000,0.000000,0.000600,0.006000,0.000000,0.000000,1,1,1,435,244,531761,531761,321317,210444,0,60.00,22028,3224,391,0,0,0,22004,506.07,506.07,11,503,0.0000,0.5180,0.4820,0.7800,0.4990
2026-04-27T18:52:10.277,7.266,1,-0.50,3.00,1.99,6.92,1,-0.0812,-0.1904,-0.1294,-0.1482,0.1530,-0.0240,0.88,-2.07,67.33,64.60,436,436,1.00000,1.00000,1.00000,1.00000,3,3,1,10.93882,0.00319,1.03696,0.0812,0.1904,0.2794,-0.1482,0.1530,-0.0240,-0.88,-7.65,2.31,1,1,0.0000,0.0000,0.1500,0.00,0.8500,0.3500,0.9200,6.00,180.00,0.850000,0.050000,0.000000,1.100000,0.000000,0.000000,1.200000,0.000000,0.000000,1.350000,0.000000,0.000000,0.850000,0.020000,0.000000,0.008000,0.000000,0.000600,0.008000,0.000000,0.000600,0.006000,0.000000,0.000000,1,1,1,436,246,531761,531761,321317,210444,0,60.00,22028,3224,391,0,0,0,22004,506.07,506.07,11,503,0.0000,0.5180,0.4820,0.7800,0.4990
2026-04-27T18:52:10.293,7.282,1,-0.50,3.00,1.99,6.92,1,-0.0788,-0.1926,-0.1291,-0.1510,0.1518,-0.0235,0.83,3.28,54.52,59.20,437,437,1.00000,1.00000,1.00000,1.00000,3,3,1,10.83715,0.00348,1.03531,0.0788,0.1926,0.2791,-0.1510,0.1518,-0.0235,-0.83,-7.65,2.42,1,1,0.0000,0.0000,0.1500,0.00,0.8500,0.3500,0.9200,6.00,180.00,0.850000,0.050000,0.000000,1.100000,0.000000,0.000000,1.200000,0.000000,0.000000,1.350000,0.000000,0.000000,0.850000,0.020000,0.000000,0.008000,0.000000,0.000600,0.008000,0.000000,0.000600,0.006000,0.000000,0.000000,1,1,1,437,247,531761,531761,321317,210444,0,60.00,22028,3224,391,0,0,0,22004,506.07,506.07,11,503,0.0000,0.5180,0.4820,0.7800,0.4990
2026-04-27T18:52:10.310,7.299,1,-0.40,3.60,1.01,5.90,1,-0.0759,-0.1947,-0.1287,-0.1605,0.1382,-0.0209,0.74,5.34,58.02,57.92,438,438,1.00000,1.00000,1.00000,1.00000,3,3,1,10.89719,0.00335,1.03290,0.0759,0.1947,0.2787,-0.1605,0.1382,-0.0209,-0.74,-7.33,2.53,1,1,0.0000,0.0000,0.1500,0.00,0.8500,0.3500,0.9200,6.00,180.00,0.850000,0.050000,0.000000,1.100000,0.000000,0.000000,1.200000,0.000000,0.000000,1.350000,0.000000,0.000000,0.850000,0.020000,0.000000,0.008000,0.000000,0.000600,0.008000,0.000000,0.000600,0.006000,0.000000,0.000000,1,1,1,438,247,531761,531761,321317,210444,0,60.00,22028,3224,391,0,0,0,22004,506.07,506.07,11,503,0.0000,0.5180,0.4820,0.7800,0.4990
2026-04-27T18:52:10.323,7.312,1,-0.40,3.60,1.01,5.90,1,-0.0732,-0.1965,-0.1284,-0.1805,0.1360,-0.0221,0.66,5.67,59.38,62.52,439,439,1.00000,1.00000,1.00000,1.00000,3,3,1,10.92750,0.00340,1.03564,0.0732,0.1965,0.2784,-0.1805,0.1360,-0.0221,-0.66,-7.26,2.70,1,1,0.0000,0.0000,0.1500,0.00,0.8500,0.3500,0.9200,6.00,180.00,0.850000,0.050000,0.000000,1.100000,0.000000,0.000000,1.200000,0.000000,0.000000,1.350000,0.000000,0.000000,0.850000,0.020000,0.000000,0.008000,0.000000,0.000600,0.008000,0.000000,0.000600,0.006000,0.000000,0.000000,1,1,1,439,245,531761,531761,321317,210444,0,60.00,22028,3224,391,0,0,0,22004,506.07,506.07,11,503,0.0000,0.5180,0.4820,0.7800,0.4990
2026-04-27T18:52:10.342,7.331,1,-0.40,3.60,1.01,5.90,1,-0.0702,-0.1984,-0.1283,-0.1686,0.1204,-0.0142,0.78,-6.26,76.28,59.08,440,440,1.00000,1.00000,1.00000,1.00000,3,3,1,10.85433,0.00346,1.02897,0.0702,0.1984,0.2783,-0.1686,0.1204,-0.0142,-0.78,-7.15,2.95,1,1,0.0000,0.0000,0.1500,0.00,0.8500,0.3500,0.9200,6.00,180.00,0.850000,0.050000,0.000000,1.100000,0.000000,0.000000,1.200000,0.000000,0.000000,1.350000,0.000000,0.000000,0.850000,0.020000,0.000000,0.008000,0.000000,0.000600,0.008000,0.000000,0.000600,0.006000,0.000000,0.000000,1,1,1,440,245,531761,531761,321317,210444,0,60.00,22028,3224,391,0,0,0,22004,506.07,506.07,11,503,0.0000,0.5180,0.4820,0.7800,0.4990
2026-04-27T18:52:10.361,7.350,1,-0.40,3.60,1.01,5.90,1,-0.0672,-0.1999,-0.1277,-0.1674,0.0991,-0.0258,0.70,4.92,52.20,52.17,441,441,1.00000,1.00000,1.00000,1.00000,3,3,1,10.79491,0.00351,1.04007,0.0672,0.1999,0.2777,-0.1674,0.0991,-0.0258,-0.70,-7.10,2.69,1,1,0.0000,0.0000,0.1500,0.00,0.8500,0.3500,0.9200,6.00,180.00,0.850000,0.050000,0.000000,1.100000,0.000000,0.000000,1.200000,0.000000,0.000000,1.350000,0.000000,0.000000,0.850000,0.020000,0.000000,0.008000,0.000000,0.000600,0.008000,0.000000,0.000600,0.006000,0.000000,0.000000,1,1,1,441,243,531761,531761,321317,210444,0,60.00,22028,3224,391,0,0,0,22004,506.07,506.07,11,503,0.0000,0.5180,0.4820,0.7800,0.4990
2026-04-27T18:52:10.376,7.365,1,-0.40,3.60,1.01,5.90,1,-0.0644,-0.2010,-0.1276,-0.1785,0.0887,-0.0140,0.66,2.27,50.18,68.06,442,442,1.00000,1.00000,1.00000,1.00000,3,3,1,10.74992,0.00320,1.03653,0.0644,0.2010,0.2776,-0.1785,0.0887,-0.0140,-0.66,-6.98,2.88,1,1,0.0000,0.0000,0.1500,0.00,0.8500,0.3500,0.9200,6.00,180.00,0.850000,0.050000,0.000000,1.100000,0.000000,0.000000,1.200000,0.000000,0.000000,1.350000,0.000000,0.000000,0.850000,0.020000,0.000000,0.008000,0.000000,0.000600,0.008000,0.000000,0.000600,0.006000,0.000000,0.000000,1,1,1,442,247,531761,531761,321317,210444,0,60.00,22028,3224,391,0,0,0,22004,506.07,506.07,11,503,0.0000,0.5180,0.4820,0.7800,0.4990
2026-04-27T18:52:10.393,7.382,1,-0.40,3.60,1.01,5.90,1,-0.0613,-0.2022,-0.1273,-0.1844,0.0841,-0.0164,0.62,2.49,67.05,59.69,443,443,1.00000,1.00000,1.00000,1.00000,3,3,1,10.73208,0.00318,1.03451,0.0613,0.2022,0.2773,-0.1844,0.0841,-0.0164,-0.62,-6.97,2.95,1,1,0.0000,0.0000,0.1500,0.00,0.8500,0.3500,0.9200,6.00,180.00,0.850000,0.050000,0.000000,1.100000,0.000000,0.000000,1.200000,0.000000,0.000000,1.350000,0.000000,0.000000,0.850000,0.020000,0.000000,0.008000,0.000000,0.000600,0.008000,0.000000,0.000600,0.006000,0.000000,0.000000,1,1,1,443,247,531761,531761,321317,210444,0,60.00,22028,3224,391,0,0,0,22004,506.07,506.07,11,503,0.0000,0.5180,0.4820,0.7800,0.4990
2026-04-27T18:52:10.407,7.396,1,-0.40,3.60,1.01,5.90,1,-0.0584,-0.2033,-0.1270,-0.1932,0.0791,-0.0188,0.66,-2.67,62.30,64.03,444,444,1.00000,1.00000,1.00000,1.00000,3,3,1,10.69117,0.00354,1.03557,0.0584,0.2033,0.2770,-0.1932,0.0791,-0.0188,-0.66,-6.98,3.01,1,1,0.0000,0.0000,0.1500,0.00,0.8500,0.3500,0.9200,6.00,180.00,0.850000,0.050000,0.000000,1.100000,0.000000,0.000000,1.200000,0.000000,0.000000,1.350000,0.000000,0.000000,0.850000,0.020000,0.000000,0.008000,0.000000,0.000600,0.008000,0.000000,0.000600,0.006000,0.000000,0.000000,1,1,1,444,244,531761,531761,321317,210444,0,60.00,22028,3224,391,0,0,0,22004,506.07,506.07,11,503,0.0000,0.5180,0.4820,0.7800,0.4990
2026-04-27T18:52:10.424,7.413,1,-0.40,3.60,1.01,5.90,1,-0.0552,-0.2044,-0.1264,-0.1829,0.0700,-0.0282,0.71,-3.04,69.09,61.62,445,445,1.00000,1.00000,1.00000,1.00000,3,3,1,10.59478,0.00343,1.04035,0.0552,0.2044,0.2764,-0.1829,0.0700,-0.0282,-0.71,-7.18,3.06,1,1,0.0000,0.0000,0.1500,0.00,0.8500,0.3500,0.9200,6.00,180.00,0.850000,0.050000,0.000000,1.100000,0.000000,0.000000,1.200000,0.000000,0.000000,1.350000,0.000000,0.000000,0.850000,0.020000,0.000000,0.008000,0.000000,0.000600,0.008000,0.000000,0.000600,0.006000,0.000000,0.000000,1,1,1,445,246,531761,531761,321317,210444,0,60.00,22028,3224,391,0,0,0,22004,506.07,506.07,11,503,0.0000,0.5180,0.4820,0.7800,0.4990
2026-04-27T18:52:10.442,7.431,1,-0.40,3.60,1.01,5.90,1,-0.0519,-0.2048,-0.1266,-0.2034,0.0475,0.0000,0.65,3.45,50.62,56.87,446,446,1.00000,1.00000,1.00000,1.00000,3,3,1,10.63530,0.00327,1.03395,0.0519,0.2048,0.2766,-0.2034,0.0475,0.0000,-0.65,-7.13,3.33,1,1,0.0000,0.0000,0.1500,0.00,0.8500,0.3500,0.9200,6.00,180.00,0.850000,0.050000,0.000000,1.100000,0.000000,0.000000,1.200000,0.000000,0.000000,1.350000,0.000000,0.000000,0.850000,0.020000,0.000000,0.008000,0.000000,0.000600,0.008000,0.000000,0.000600,0.006000,0.000000,0.000000,1,1,1,446,242,531761,531761,321317,210444,0,60.00,22028,3224,391,0,0,0,22004,506.07,506.07,11,503,0.0000,0.5180,0.4820,0.7800,0.4990
2026-04-27T18:52:10.457,7.446,1,0.19,4.20,5.84,5.96,1,-0.0485,-0.2053,-0.1264,-0.2055,0.0416,-0.0129,0.61,2.47,68.56,61.22,447,447,1.00000,1.00000,1.00000,1.00000,3,3,1,10.56252,0.00327,1.03866,0.0485,0.2053,0.2764,-0.2055,0.0416,-0.0129,-0.61,-6.93,3.39,1,1,0.0000,0.0000,0.1500,0.00,0.8500,0.3500,0.9200,6.00,180.00,0.850000,0.050000,0.000000,1.100000,0.000000,0.000000,1.200000,0.000000,0.000000,1.350000,0.000000,0.000000,0.850000,0.020000,0.000000,0.008000,0.000000,0.000600,0.008000,0.000000,0.000600,0.006000,0.000000,0.000000,1,1,1,447,247,531761,531761,321317,210444,0,60.00,22028,3224,391,0,0,0,22004,506.07,506.07,11,503,0.0000,0.5180,0.4820,0.7800,0.4990
2026-04-27T18:52:10.476,7.465,1,0.19,4.20,5.84,5.96,1,-0.0453,-0.2053,-0.1264,-0.1914,0.0197,0.0000,0.70,-4.77,63.74,59.25,448,448,1.00000,1.00000,1.00000,1.00000,3,3,1,10.60117,0.00350,1.03483,0.0453,0.2053,0.2764,-0.1914,0.0197,0.0000,-0.70,-7.13,3.49,1,1,0.0000,0.0000,0.1500,0.00,0.8500,0.3500,0.9200,6.00,180.00,0.850000,0.050000,0.000000,1.100000,0.000000,0.000000,1.200000,0.000000,0.000000,1.350000,0.000000,0.000000,0.850000,0.020000,0.000000,0.008000,0.000000,0.000600,0.008000,0.000000,0.000600,0.006000,0.000000,0.000000,1,1,1,448,240,531761,531761,321317,210444,0,60.00,22028,3224,391,0,0,0,22004,506.07,506.07,11,503,0.0000,0.5180,0.4820,0.7800,0.4990
2026-04-27T18:52:10.495,7.484,1,0.19,4.20,5.84,5.96,1,-0.0417,-0.2053,-0.1264,-0.2071,0.0147,0.0000,0.66,2.22,50.88,58.28,449,449,1.00000,1.00000,1.00000,1.00000,3,3,1,10.44699,0.00314,1.03941,0.0417,0.2053,0.2764,-0.2071,0.0147,0.0000,-0.66,-6.61,3.65,1,1,0.0000,0.0000,0.1500,0.00,0.8500,0.3500,0.9200,6.00,180.00,0.850000,0.050000,0.000000,1.100000,0.000000,0.000000,1.200000,0.000000,0.000000,1.350000,0.000000,0.000000,0.850000,0.020000,0.000000,0.008000,0.000000,0.000600,0.008000,0.000000,0.000600,0.006000,0.000000,0.000000,1,1,1,449,242,531761,531761,321317,210444,0,60.00,22028,3224,391,0,0,0,22004,506.07,506.07,11,503,0.0000,0.5180,0.4820,0.7800,0.4990
2026-04-27T18:52:10.508,7.496,1,0.19,4.20,5.84,5.96,1,-0.0385,-0.2049,-0.1261,-0.2084,0.0000,-0.0115,0.60,4.83,56.29,63.91,450,450,1.00000,1.00000,1.00000,1.00000,3,3,1,10.58194,0.00342,1.04104,0.0385,0.2049,0.2761,-0.2084,0.0000,-0.0115,-0.60,-6.79,3.61,1,1,0.0000,0.0000,0.1500,0.00,0.8500,0.3500,0.9200,6.00,180.00,0.850000,0.050000,0.000000,1.100000,0.000000,0.000000,1.200000,0.000000,0.000000,1.350000,0.000000,0.000000,0.850000,0.020000,0.000000,0.008000,0.000000,0.000600,0.008000,0.000000,0.000600,0.006000,0.000000,0.000000,1,1,1,450,242,531761,531761,321317,210444,0,60.00,22028,3224,391,0,0,0,22004,506.07,506.07,11,503,0.0000,0.5180,0.4820,0.7800,0.4990
2026-04-27T18:52:10.520,7.509,1,0.19,4.20,5.84,5.96,1,-0.0350,-0.2043,-0.1266,-0.2298,-0.0230,0.0134,0.53,5.28,80.41,59.52,451,451,1.00000,1.00000,1.00000,1.00000,3,3,1,10.49587,0.00316,1.02980,0.0350,0.2043,0.2766,-0.2298,-0.0230,0.0134,-0.53,-6.64,3.88,1,1,0.0000,0.0000,0.1500,0.00,0.8500,0.3500,0.9200,6.00,180.00,0.850000,0.050000,0.000000,1.100000,0.000000,0.000000,1.200000,0.000000,0.000000,1.350000,0.000000,0.000000,0.850000,0.020000,0.000000,0.008000,0.000000,0.000600,0.008000,0.000000,0.000600,0.006000,0.000000,0.000000,1,1,1,451,246,531761,531761,321317,210444,0,60.00,22028,3224,391,0,0,0,22004,506.07,506.07,11,503,0.0000,0.5180,0.4820,0.7800,0.4990
2026-04-27T18:52:10.545,7.534,1,0.19,4.20,5.84,5.96,1,-0.0310,-0.2032,-0.1265,-0.2060,-0.0368,0.0000,0.43,4.20,58.44,56.14,452,452,1.00000,1.00000,1.00000,1.00000,3,3,1,10.48483,0.00359,1.04174,0.0310,0.2032,0.2765,-0.2060,-0.0368,0.0000,-0.43,-6.56,3.69,1,1,0.0000,0.0000,0.1500,0.00,0.8500,0.3500,0.9200,6.00,180.00,0.850000,0.050000,0.000000,1.100000,0.000000,0.000000,1.200000,0.000000,0.000000,1.350000,0.000000,0.000000,0.850000,0.020000,0.000000,0.008000,0.000000,0.000600,0.008000,0.000000,0.000600,0.006000,0.000000,0.000000,1,1,1,452,243,531761,531761,321317,210444,0,60.00,22028,3224,391,0,0,0,22004,506.07,506.07,11,503,0.0000,0.5180,0.4820,0.7800,0.4990
2026-04-27T18:52:10.559,7.548,1,0.40,4.50,1.95,2.89,1,-0.0278,-0.2024,-0.1266,-0.2026,-0.0412,0.0000,0.44,-0.67,50.09,60.98,453,453,1.00000,1.00000,1.00000,1.00000,3,3,1,10.36209,0.00345,1.03734,0.0278,0.2024,0.2766,-0.2026,-0.0412,0.0000,-0.44,-6.65,3.86,1,1,0.0000,0.0000,0.1500,0.00,0.8500,0.3500,0.9200,6.00,180.00,0.850000,0.050000,0.000000,1.100000,0.000000,0.000000,1.200000,0.000000,0.000000,1.350000,0.000000,0.000000,0.850000,0.020000,0.000000,0.008000,0.000000,0.000600,0.008000,0.000000,0.000600,0.006000,0.000000,0.000000,1,1,1,453,243,531761,531761,321317,210444,0,60.00,22028,3224,451,0,0,0,22064,500.00,500.00,11,1603,0.0000,0.5130,0.5180,0.7830,0.4980
2026-04-27T18:52:10.576,7.565,1,0.40,4.50,1.95,2.89,1,-0.0243,-0.2010,-0.1268,-0.2296,-0.0699,0.0000,0.40,2.45,58.35,58.92,454,454,1.00000,1.00000,1.00000,1.00000,3,3,1,10.43730,0.00316,1.03512,0.0243,0.2010,0.2768,-0.2296,-0.0699,0.0000,-0.40,-6.46,3.93,1,1,0.0000,0.0000,0.1500,0.00,0.8500,0.3500,0.9200,6.00,180.00,0.850000,0.050000,0.000000,1.100000,0.000000,0.000000,1.200000,0.000000,0.000000,1.350000,0.000000,0.000000,0.850000,0.020000,0.000000,0.008000,0.000000,0.000600,0.008000,0.000000,0.000600,0.006000,0.000000,0.000000,1,1,1,454,240,531761,531761,321317,210444,0,60.00,22028,3224,451,0,0,0,22064,500.00,500.00,11,1603,0.0000,0.5130,0.5180,0.7830,0.4980
2026-04-27T18:52:10.591,7.579,1,0.40,4.50,1.95,2.89,1,-0.0207,-0.1999,-0.1263,-0.2277,-0.0667,-0.0134,0.43,-2.05,70.34,61.17,455,455,1.00000,1.00000,1.00000,1.00000,3,3,1,10.38385,0.00332,1.04075,0.0207,0.1999,0.2763,-0.2277,-0.0667,-0.0134,-0.43,-6.72,3.92,1,1,0.0000,0.0000,0.1500,0.00,0.8500,0.3500,0.9200,6.00,180.00,0.850000,0.050000,0.000000,1.100000,0.000000,0.000000,1.200000,0.000000,0.000000,1.350000,0.000000,0.000000,0.850000,0.020000,0.000000,0.008000,0.000000,0.000600,0.008000,0.000000,0.000600,0.006000,0.000000,0.000000,1,1,1,455,246,531761,531761,321317,210444,0,60.00,22028,3224,451,0,0,0,22064,500.00,500.00,11,1603,0.0000,0.5130,0.5180,0.7830,0.4980
2026-04-27T18:52:10.609,7.598,1,0.40,4.50,1.95,2.89,1,-0.0169,-0.1983,-0.1267,-0.2241,-0.0823,0.0000,0.40,1.69,64.81,59.66,456,456,1.00000,1.00000,1.00000,1.00000,3,3,1,10.36442,0.00309,1.03607,0.0169,0.1983,0.2767,-0.2241,-0.0823,0.0000,-0.40,-6.46,4.10,1,1,0.0000,0.0000,0.1500,0.00,0.8500,0.3500,0.9200,6.00,180.00,0.850000,0.050000,0.000000,1.100000,0.000000,0.000000,1.200000,0.000000,0.000000,1.350000,0.000000,0.000000,0.850000,0.020000,0.000000,0.008000,0.000000,0.000600,0.008000,0.000000,0.000600,0.006000,0.000000,0.000000,1,1,1,456,241,531761,531761,321317,210444,0,60.00,22028,3224,451,0,0,0,22064,500.00,500.00,11,1603,0.0000,0.5130,0.5180,0.7830,0.4980
2026-04-27T18:52:10.624,7.613,1,0.40,4.50,1.95,2.89,1,-0.0131,-0.1961,-0.1270,-0.2365,-0.1121,0.0141,0.39,0.65,54.49,63.50,457,457,1.00000,1.00000,1.00000,1.00000,3,3,1,10.40821,0.00350,1.03824,0.0131,0.1961,0.2770,-0.2365,-0.1121,0.0141,-0.39,-6.32,4.07,1,1,0.0000,0.0000,0.1500,0.00,0.8500,0.3500,0.9200,6.00,180.00,0.850000,0.050000,0.000000,1.100000,0.000000,0.000000,1.200000,0.000000,0.000000,1.350000,0.000000,0.000000,0.850000,0.020000,0.000000,0.008000,0.000000,0.000600,0.008000,0.000000,0.000600,0.006000,0.000000,0.000000,1,1,1,457,247,531761,531761,321317,210444,0,60.00,22028,3224,451,0,0,0,22064,500.00,500.00,11,1603,0.0000,0.5130,0.5180,0.7830,0.4980
2026-04-27T18:52:10.643,7.632,1,0.40,4.50,1.95,2.89,1,-0.0093,-0.1939,-0.1271,-0.2206,-0.1116,0.0000,0.36,1.54,71.37,60.31,458,458,1.00000,1.00000,1.00000,1.00000,3,3,1,10.41410,0.00331,1.03677,0.0093,0.1939,0.2771,-0.2206,-0.1116,0.0000,-0.36,-6.37,4.08,1,1,0.0000,0.0000,0.1500,0.00,0.8500,0.3500,0.9200,6.00,180.00,0.850000,0.050000,0.000000,1.100000,0.000000,0.000000,1.200000,0.000000,0.000000,1.350000,0.000000,0.000000,0.850000,0.020000,0.000000,0.008000,0.000000,0.000600,0.008000,0.000000,0.000600,0.006000,0.000000,0.000000,1,1,1,458,243,531761,531761,321317,210444,0,60.00,22028,3224,451,0,0,0,22064,500.00,500.00,11,1603,0.0000,0.5130,0.5180,0.7830,0.4980
2026-04-27T18:52:10.658,7.647,1,0.70,4.60,2.98,0.95,1,-0.0056,-0.1919,-0.1270,-0.2391,-0.1263,0.0000,0.30,3.82,51.57,58.21,459,459,1.00000,1.00000,1.00000,1.00000,3,3,1,10.34796,0.00306,1.03799,0.0056,0.1919,0.2770,-0.2391,-0.1263,0.0000,-0.30,-6.37,4.05,1,1,0.0000,0.0000,0.1500,0.00,0.8500,0.3500,0.9200,6.00,180.00,0.850000,0.050000,0.000000,1.100000,0.000000,0.000000,1.200000,0.000000,0.000000,1.350000,0.000000,0.000000,0.850000,0.020000,0.000000,0.008000,0.000000,0.000600,0.008000,0.000000,0.000600,0.006000,0.000000,0.000000,1,1,1,459,242,531761,531761,321317,210444,0,60.00,22028,3224,451,0,0,0,22064,500.00,500.00,11,1603,0.0000,0.5130,0.5180,0.7830,0.4980
2026-04-27T18:52:10.676,7.665,1,0.70,4.60,2.98,0.95,1,-0.0016,-0.1895,-0.1268,-0.2346,-0.1320,0.0000,0.28,1.19,67.95,58.27,460,460,1.00000,1.00000,1.00000,1.00000,3,3,1,10.37466,0.00333,1.04075,0.0016,0.1895,0.2768,-0.2346,-0.1320,0.0000,-0.28,-6.47,4.11,1,1,0.0000,0.0000,0.1500,0.00,0.8500,0.3500,0.9200,6.00,180.00,0.850000,0.050000,0.000000,1.100000,0.000000,0.000000,1.200000,0.000000,0.000000,1.350000,0.000000,0.000000,0.850000,0.020000,0.000000,0.008000,0.000000,0.000600,0.008000,0.000000,0.000600,0.006000,0.000000,0.000000,1,1,1,460,242,531761,531761,321317,210444,0,60.00,22028,3224,451,0,0,0,22064,500.00,500.00,11,1603,0.0000,0.5130,0.5180,0.7830,0.4980
2026-04-27T18:52:10.690,7.679,1,0.70,4.60,2.98,0.95,1,0.0024,-0.1869,-0.1268,-0.2499,-0.1506,0.0000,0.29,-0.68,56.29,63.53,461,461,1.00000,1.00000,1.00000,1.00000,3,3,1,10.39552,0.00329,1.04127,-0.0024,0.1869,0.2768,-0.2499,-0.1506,0.0000,-0.29,-6.32,4.23,1,1,0.0000,0.0000,0.1500,0.00,0.8500,0.3500,0.9200,6.00,180.00,0.850000,0.050000,0.000000,1.100000,0.000000,0.000000,1.200000,0.000000,0.000000,1.350000,0.000000,0.000000,0.850000,0.020000,0.000000,0.008000,0.000000,0.000600,0.008000,0.000000,0.000600,0.006000,0.000000,0.000000,1,1,1,461,243,531761,531761,321317,210444,0,60.00,22028,3224,451,0,0,0,22064,500.00,500.00,11,1603,0.0000,0.5130,0.5180,0.7830,0.4980
2026-04-27T18:52:10.710,7.698,1,0.90,4.60,1.97,0.00,1,0.0064,-0.1840,-0.1265,-0.2312,-0.1538,0.0000,0.28,0.52,67.87,60.29,462,462,1.00000,1.00000,1.00000,1.00000,3,3,1,10.38957,0.00341,1.04498,-0.0064,0.1840,0.2765,-0.2312,-0.1538,0.0000,-0.28,-6.41,4.06,1,1,0.0000,0.0000,0.1500,0.00,0.8500,0.3500,0.9200,6.00,180.00,0.850000,0.050000,0.000000,1.100000,0.000000,0.000000,1.200000,0.000000,0.000000,1.350000,0.000000,0.000000,0.850000,0.020000,0.000000,0.008000,0.000000,0.000600,0.008000,0.000000,0.000600,0.006000,0.000000,0.000000,1,1,1,462,244,531761,531761,321317,210444,0,60.00,22028,3224,451,0,0,0,22064,500.00,500.00,11,1603,0.0000,0.5130,0.5180,0.7830,0.4980
2026-04-27T18:52:10.729,7.718,1,0.90,4.60,1.97,0.00,1,0.0104,-0.1810,-0.1265,-0.2278,-0.1586,0.0000,0.34,-3.15,52.04,55.66,463,463,1.00000,1.00000,1.00000,1.00000,3,3,1,10.37013,0.00318,1.04148,-0.0104,0.1810,0.2765,-0.2278,-0.1586,0.0000,-0.34,-6.54,4.10,1,1,0.0000,0.0000,0.1500,0.00,0.8500,0.3500,0.9200,6.00,180.00,0.850000,0.050000,0.000000,1.100000,0.000000,0.000000,1.200000,0.000000,0.000000,1.350000,0.000000,0.000000,0.850000,0.020000,0.000000,0.008000,0.000000,0.000600,0.008000,0.000000,0.000600,0.006000,0.000000,0.000000,1,1,1,463,242,531761,531761,321317,210444,0,60.00,22028,3224,451,0,0,0,22064,500.00,500.00,11,1603,0.0000,0.5130,0.5180,0.7830,0.4980
2026-04-27T18:52:10.743,7.732,1,0.90,4.60,1.97,0.00,1,0.0143,-0.1779,-0.1262,-0.2583,-0.1921,-0.0111,0.33,0.71,48.93,57.36,464,464,1.00000,1.00000,1.00000,1.00000,3,3,1,10.45477,0.00343,1.04660,-0.0143,0.1779,0.2762,-0.2583,-0.1921,-0.0111,-0.33,-6.67,4.13,1,1,0.0000,0.0000,0.1500,0.00,0.8500,0.3500,0.9200,6.00,180.00,0.850000,0.050000,0.000000,1.100000,0.000000,0.000000,1.200000,0.000000,0.000000,1.350000,0.000000,0.000000,0.850000,0.020000,0.000000,0.008000,0.000000,0.000600,0.008000,0.000000,0.000600,0.006000,0.000000,0.000000,1,1,1,464,249,531761,531761,321317,210444,0,60.00,22028,3224,451,0,0,0,22064,500.00,500.00,11,1603,0.0000,0.5130,0.5180,0.7830,0.4980
2026-04-27T18:52:10.759,7.748,1,0.90,4.60,1.97,0.00,1,0.0187,-0.1741,-0.1262,-0.2574,-0.2105,0.0000,0.21,7.23,79.06,68.27,465,465,1.00000,1.00000,1.00000,1.00000,3,3,1,10.52085,0.00329,1.04516,-0.0187,0.1741,0.2762,-0.2574,-0.2105,0.0000,-0.21,-6.27,4.07,1,1,0.0000,0.0000,0.1500,0.00,0.8500,0.3500,0.9200,6.00,180.00,0.850000,0.050000,0.000000,1.100000,0.000000,0.000000,1.200000,0.000000,0.000000,1.350000,0.000000,0.000000,0.850000,0.020000,0.000000,0.008000,0.000000,0.000600,0.008000,0.000000,0.000600,0.006000,0.000000,0.000000,1,1,1,465,243,531761,531761,321317,210444,0,60.00,22028,3224,451,0,0,0,22064,500.00,500.00,11,1603,0.0000,0.5130,0.5180,0.7830,0.4980
2026-04-27T18:52:10.777,7.765,1,0.90,4.60,1.97,0.00,1,0.0226,-0.1707,-0.1260,-0.2497,-0.2073,-0.0106,0.29,-4.67,62.13,60.26,466,466,1.00000,1.00000,1.00000,1.00000,3,3,1,10.41547,0.00347,1.04851,-0.0226,0.1707,0.2760,-0.2497,-0.2073,-0.0106,-0.29,-6.45,4.11,1,1,0.0000,0.0000,0.1500,0.00,0.8500,0.3500,0.9200,6.00,180.00,0.850000,0.050000,0.000000,1.100000,0.000000,0.000000,1.200000,0.000000,0.000000,1.350000,0.000000,0.000000,0.850000,0.020000,0.000000,0.008000,0.000000,0.000600,0.008000,0.000000,0.000600,0.006000,0.000000,0.000000,1,1,1,466,248,531761,531761,321317,210444,0,60.00,22028,3224,451,0,0,0,22064,500.00,500.00,11,1603,0.0000,0.5130,0.5180,0.7830,0.4980
2026-04-27T18:52:10.790,7.779,1,0.90,4.60,1.97,0.00,1,0.0270,-0.1663,-0.1264,-0.2532,-0.2343,0.0000,0.25,2.73,56.72,60.00,467,467,1.00000,1.00000,1.00000,1.00000,3,3,1,10.42532,0.00352,1.04752,-0.0270,0.1663,0.2764,-0.2532,-0.2343,0.0000,-0.25,-6.23,3.93,1,1,0.0000,0.0000,0.1500,0.00,0.8500,0.3500,0.9200,6.00,180.00,0.850000,0.050000,0.000000,1.100000,0.000000,0.000000,1.200000,0.000000,0.000000,1.350000,0.000000,0.000000,0.850000,0.020000,0.000000,0.008000,0.000000,0.000600,0.008000,0.000000,0.000600,0.006000,0.000000,0.000000,1,1,1,467,244,531761,531761,321317,210444,0,60.00,22028,3224,451,0,0,0,22064,500.00,500.00,11,1603,0.0000,0.5130,0.5180,0.7830,0.4980
2026-04-27T18:52:10.809,7.798,1,0.90,4.60,1.97,0.00,1,0.0310,-0.1626,-0.1263,-0.2603,-0.2364,0.0000,0.19,3.50,78.93,56.24,468,468,1.00000,1.00000,1.00000,1.00000,3,3,1,10.48767,0.00358,1.05026,-0.0310,0.1626,0.2763,-0.2603,-0.2364,0.0000,-0.19,-6.24,4.00,1,1,0.0000,0.0000,0.1500,0.00,0.8500,0.3500,0.9200,6.00,180.00,0.850000,0.050000,0.000000,1.100000,0.000000,0.000000,1.200000,0.000000,0.000000,1.350000,0.000000,0.000000,0.850000,0.020000,0.000000,0.008000,0.000000,0.000600,0.008000,0.000000,0.000600,0.006000,0.000000,0.000000,1,1,1,468,240,531761,531761,321317,210444,0,60.00,22028,3224,451,0,0,0,22064,500.00,500.00,11,1603,0.0000,0.5130,0.5180,0.7830,0.4980
2026-04-27T18:52:10.826,7.815,1,0.90,4.60,1.97,0.00,1,0.0353,-0.1584,-0.1261,-0.2493,-0.2354,0.0000,0.07,6.57,50.82,63.59,469,469,1.00000,1.00000,1.00000,1.00000,3,3,1,10.48801,0.00335,1.05252,-0.0353,0.1584,0.2761,-0.2493,-0.2354,0.0000,-0.07,-6.16,3.83,1,1,0.0000,0.0000,0.1500,0.00,0.8500,0.3500,0.9200,6.00,180.00,0.850000,0.050000,0.000000,1.100000,0.000000,0.000000,1.200000,0.000000,0.000000,1.350000,0.000000,0.000000,0.850000,0.020000,0.000000,0.008000,0.000000,0.000600,0.008000,0.000000,0.000600,0.006000,0.000000,0.000000,1,1,1,469,244,531761,531761,321317,210444,0,60.00,22028,3224,451,0,0,0,22064,500.00,500.00,11,1603,0.0000,0.5130,0.5180,0.7830,0.4980
2026-04-27T18:52:10.842,7.831,1,0.90,4.60,1.97,0.00,1,0.0391,-0.1543,-0.1259,-0.2530,-0.2529,0.0000,0.09,-1.27,57.89,59.26,470,470,1.00000,1.00000,1.00000,1.00000,3,3,1,10.51181,0.00330,1.04637,-0.0391,0.1543,0.2759,-0.2530,-0.2529,0.0000,-0.09,-6.14,3.92,1,1,0.0000,0.0000,0.1500,0.00,0.8500,0.3500,0.9200,6.00,180.00,0.850000,0.050000,0.000000,1.100000,0.000000,0.000000,1.200000,0.000000,0.000000,1.350000,0.000000,0.000000,0.850000,0.020000,0.000000,0.008000,0.000000,0.000600,0.008000,0.000000,0.000600,0.006000,0.000000,0.000000,1,1,1,470,244,531761,531761,321317,210444,0,60.00,22028,3224,451,0,0,0,22064,500.00,500.00,11,1603,0.0000,0.5130,0.5180,0.7830,0.4980
2026-04-27T18:52:10.861,7.850,1,0.90,4.60,1.97,0.00,1,0.0436,-0.1493,-0.1262,-0.2510,-0.2678,0.0000,0.03,3.25,63.34,57.86,471,471,1.00000,1.00000,1.00000,1.00000,3,3,1,10.57273,0.00300,1.04930,-0.0436,0.1493,0.2762,-0.2510,-0.2678,0.0000,-0.03,-5.88,3.92,1,1,0.0000,0.0000,0.1500,0.00,0.8500,0.3500,0.9200,6.00,180.00,0.850000,0.050000,0.000000,1.100000,0.000000,0.000000,1.200000,0.000000,0.000000,1.350000,0.000000,0.000000,0.850000,0.020000,0.000000,0.008000,0.000000,0.000600,0.008000,0.000000,0.000600,0.006000,0.000000,0.000000,1,1,1,471,244,531761,531761,321317,210444,0,60.00,22028,3224,451,0,0,0,22064,500.00,500.00,11,1603,0.0000,0.5130,0.5180,0.7830,0.4980
2026-04-27T18:52:10.874,7.863,1,0.90,4.60,1.97,0.00,1,0.0477,-0.1446,-0.1263,-0.2666,-0.2945,0.0000,-0.01,3.05,52.13,63.96,472,472,1.00000,1.00000,1.00000,1.00000,3,3,1,10.62776,0.00329,1.05243,-0.0477,0.1446,0.2763,-0.2666,-0.2945,0.0000,0.01,-5.97,3.94,1,1,0.0000,0.0000,0.1500,0.00,0.8500,0.3500,0.9200,6.00,180.00,0.850000,0.050000,0.000000,1.100000,0.000000,0.000000,1.200000,0.000000,0.000000,1.350000,0.000000,0.000000,0.850000,0.020000,0.000000,0.008000,0.000000,0.000600,0.008000,0.000000,0.000600,0.006000,0.000000,0.000000,1,1,1,472,240,531761,531761,321317,210444,0,60.00,22028,3224,451,0,0,0,22064,500.00,500.00,11,1603,0.0000,0.5130,0.5180,0.7830,0.4980
2026-04-27T18:52:10.892,7.881,1,0.90,4.60,1.97,0.00,1,0.0522,-0.1396,-0.1262,-0.2659,-0.2938,0.0000,-0.18,9.01,78.16,59.56,473,473,1.00000,1.00000,1.00000,1.00000,3,3,1,10.62222,0.00343,1.05649,-0.0522,0.1396,0.2762,-0.2659,-0.2938,0.0000,0.18,-5.68,3.78,1,1,0.0000,0.0000,0.1500,0.00,0.8500,0.3500,0.9200,6.00,180.00,0.850000,0.050000,0.000000,1.100000,0.000000,0.000000,1.200000,0.000000,0.000000,1.350000,0.000000,0.000000,0.850000,0.020000,0.000000,0.008000,0.000000,0.000600,0.008000,0.000000,0.000600,0.006000,0.000000,0.000000,1,1,1,473,242,531761,531761,321317,210444,0,60.00,22028,3224,451,0,0,0,22064,500.00,500.00,11,1603,0.0000,0.5130,0.5180,0.7830,0.4980
2026-04-27T18:52:10.911,7.899,1,0.90,4.60,1.97,0.00,1,0.0566,-0.1343,-0.1260,-0.2540,-0.2934,0.0000,-0.27,5.04,59.30,56.99,474,474,1.00000,1.00000,1.00000,1.00000,3,3,1,10.66327,0.00316,1.05442,-0.0566,0.1343,0.2760,-0.2540,-0.2934,0.0000,0.27,-5.41,3.86,1,1,0.0000,0.0000,0.1500,0.00,0.8500,0.3500,0.9200,6.00,180.00,0.850000,0.050000,0.000000,1.100000,0.000000,0.000000,1.200000,0.000000,0.000000,1.350000,0.000000,0.000000,0.850000,0.020000,0.000000,0.008000,0.000000,0.000600,0.008000,0.000000,0.000600,0.006000,0.000000,0.000000,1,1,1,474,243,531761,531761,321317,210444,0,60.00,22028,3224,451,0,0,0,22064,500.00,500.00,11,1603,0.0000,0.5130,0.5180,0.7830,0.4980
2026-04-27T18:52:10.925,7.914,1,0.90,4.60,1.97,0.00,1,0.0605,-0.1286,-0.1264,-0.2494,-0.3288,0.0102,-0.29,1.26,53.05,63.39,475,475,1.00000,1.00000,1.00000,1.00000,3,3,1,10.73127,0.00353,1.05454,-0.0605,0.1286,0.2764,-0.2494,-0.3288,0.0102,0.29,-5.58,3.82,1,1,0.0000,0.0000,0.1500,0.00,0.8500,0.3500,0.9200,6.00,180.00,0.850000,0.050000,0.000000,1.100000,0.000000,0.000000,1.200000,0.000000,0.000000,1.350000,0.000000,0.000000,0.850000,0.020000,0.000000,0.008000,0.000000,0.000600,0.008000,0.000000,0.000600,0.006000,0.000000,0.000000,1,1,1,475,245,531761,531761,321317,210444,0,60.00,22028,3224,451,0,0,0,22064,500.00,500.00,11,1603,0.0000,0.5130,0.5180,0.7830,0.4980
2026-04-27T18:52:10.944,7.933,1,0.90,4.60,1.97,0.00,1,0.0643,-0.1227,-0.1264,-0.2365,-0.3303,0.0000,-0.24,-2.84,55.32,56.29,476,476,1.00000,1.00000,1.00000,1.00000,3,3,1,10.76284,0.00349,1.05531,-0.0643,0.1227,0.2764,-0.2365,-0.3303,0.0000,0.24,-5.74,3.87,1,1,0.0000,0.0000,0.1500,0.00,0.8500,0.3500,0.9200,6.00,180.00,0.850000,0.050000,0.000000,1.100000,0.000000,0.000000,1.200000,0.000000,0.000000,1.350000,0.000000,0.000000,0.850000,0.020000,0.000000,0.008000,0.000000,0.000600,0.008000,0.000000,0.000600,0.006000,0.000000,0.000000,1,1,1,476,242,531821,531821,321376,210444,0,60.00,22088,3337,451,0,0,0,22064,500.00,500.00,11,1603,0.0000,0.5130,0.5180,0.7830,0.4980
2026-04-27T18:52:10.957,7.946,1,0.90,4.60,1.97,0.00,1,0.0683,-0.1170,-0.1265,-0.2638,-0.3654,0.0000,-0.26,1.50,59.62,64.76,477,477,1.00000,1.00000,1.00000,1.00000,3,3,1,10.88898,0.00314,1.05334,-0.0683,0.1170,0.2765,-0.2638,-0.3654,0.0000,0.26,-5.50,3.87,1,1,0.0000,0.0000,0.1500,0.00,0.8500,0.3500,0.9200,6.00,180.00,0.850000,0.050000,0.000000,1.100000,0.000000,0.000000,1.200000,0.000000,0.000000,1.350000,0.000000,0.000000,0.850000,0.020000,0.000000,0.008000,0.000000,0.000600,0.008000,0.000000,0.000600,0.006000,0.000000,0.000000,1,1,1,477,242,531821,531821,321376,210444,0,60.00,22088,3337,451,0,0,0,22064,500.00,500.00,11,1603,0.0000,0.5130,0.5180,0.7830,0.4980
2026-04-27T18:52:10.978,7.967,1,1.80,4.39,4.99,0.00,1,0.0727,-0.1106,-0.1265,-0.2510,-0.3572,0.0000,-0.45,9.34,74.37,55.70,478,478,1.00000,1.00000,1.00000,1.00000,3,3,1,11.00492,0.00307,1.05785,-0.0727,0.1106,0.2765,-0.2510,-0.3572,0.0000,0.45,-5.11,3.87,1,1,0.0000,0.0000,0.1500,0.00,0.8500,0.3500,0.9200,6.00,180.00,0.850000,0.050000,0.000000,1.100000,0.000000,0.000000,1.200000,0.000000,0.000000,1.350000,0.000000,0.000000,0.850000,0.020000,0.000000,0.008000,0.000000,0.000600,0.008000,0.000000,0.000600,0.006000,0.000000,0.000000,1,1,1,478,243,531821,531821,321376,210444,0,60.00,22088,3337,451,0,0,0,22064,500.00,500.00,11,1603,0.0000,0.5130,0.5180,0.7830,0.4980
2026-04-27T18:52:10.993,7.981,1,1.80,4.39,4.99,0.00,1,0.0767,-0.1046,-0.1266,-0.2447,-0.3609,0.0000,-0.35,-6.31,47.94,64.80,479,479,1.00000,1.00000,1.00000,1.00000,3,3,1,10.96170,0.00337,1.05550,-0.0767,0.1046,0.2766,-0.2447,-0.3609,0.0000,0.35,-5.08,3.89,1,1,0.0000,0.0000,0.1500,0.00,0.8500,0.3500,0.9200,6.00,180.00,0.850000,0.050000,0.000000,1.100000,0.000000,0.000000,1.200000,0.000000,0.000000,1.350000,0.000000,0.000000,0.850000,0.020000,0.000000,0.008000,0.000000,0.000600,0.008000,0.000000,0.000600,0.006000,0.000000,0.000000,1,1,1,479,243,531821,531821,321376,210444,0,60.00,22088,3337,451,0,0,0,22064,500.00,500.00,11,1603,0.0000,0.5130,0.5180,0.7830,0.4980
2026-04-27T18:52:11.006,7.995,1,2.39,4.10,5.84,-2.92,1,0.0805,-0.0980,-0.1266,-0.2482,-0.3992,0.0000,-0.45,7.52,72.32,57.11,480,480,1.00000,1.00000,1.00000,1.00000,3,3,1,11.03921,0.00317,1.05527,-0.0805,0.0980,0.2766,-0.2482,-0.3992,0.0000,0.45,-5.03,3.90,1,1,0.0000,0.0000,0.1500,0.00,0.8500,0.3500,0.9200,6.00,180.00,0.850000,0.050000,0.000000,1.100000,0.000000,0.000000,1.200000,0.000000,0.000000,1.350000,0.000000,0.000000,0.850000,0.020000,0.000000,0.008000,0.000000,0.000600,0.008000,0.000000,0.000600,0.006000,0.000000,0.000000,1,1,1,480,242,531821,531821,321376,210444,0,60.00,22088,3337,451,0,0,0,22064,500.00,500.00,11,1603,0.0000,0.5130,0.5180,0.7830,0.4980
2026-04-27T18:52:11.027,8.016,1,2.39,4.10,5.84,-2.92,1,0.0842,-0.0910,-0.1266,-0.2270,-0.3890,0.0000,-0.45,0.00,65.07,58.72,481,481,1.00000,1.00000,1.00000,1.00000,3,3,1,11.16697,0.00321,1.05534,-0.0842,0.0910,0.2766,-0.2270,-0.3890,0.0000,0.45,-5.10,3.94,1,1,0.0000,0.0000,0.1500,0.00,0.8500,0.3500,0.9200,6.00,180.00,0.850000,0.050000,0.000000,1.100000,0.000000,0.000000,1.200000,0.000000,0.000000,1.350000,0.000000,0.000000,0.850000,0.020000,0.000000,0.008000,0.000000,0.000600,0.008000,0.000000,0.000600,0.006000,0.000000,0.000000,1,1,1,481,242,531821,531821,321376,210444,0,60.00,22088,3337,451,0,0,0,22064,500.00,500.00,11,1603,0.0000,0.5130,0.5180,0.7830,0.4980
2026-04-27T18:52:11.043,8.031,1,2.39,4.10,5.84,-2.92,1,0.0879,-0.0843,-0.1262,-0.2302,-0.4005,0.0000,-0.50,3.20,52.84,64.95,482,482,1.00000,1.00000,1.00000,1.00000,3,3,1,11.28015,0.00360,1.05904,-0.0879,0.0843,0.2762,-0.2302,-0.4005,0.0000,0.50,-5.27,3.77,1,1,0.0000,0.0000,0.1500,0.00,0.8500,0.3500,0.9200,6.00,180.00,0.850000,0.050000,0.000000,1.100000,0.000000,0.000000,1.200000,0.000000,0.000000,1.350000,0.000000,0.000000,0.850000,0.020000,0.000000,0.008000,0.000000,0.000600,0.008000,0.000000,0.000600,0.006000,0.000000,0.000000,1,1,1,482,241,531821,531821,321376,210444,0,60.00,22088,3337,451,0,0,0,22064,500.00,500.00,11,1603,0.0000,0.5130,0.5180,0.7830,0.4980
2026-04-27T18:52:11.059,8.048,1,2.39,4.10,5.84,-2.92,1,0.0918,-0.0773,-0.1266,-0.2418,-0.4285,0.0000,-0.52,1.34,60.09,54.95,483,483,1.00000,1.00000,1.00000,1.00000,3,3,1,11.33445,0.00319,1.05519,-0.0918,0.0773,0.2766,-0.2418,-0.4285,0.0000,0.52,-4.93,3.78,1,1,0.0000,0.0000,0.1500,0.00,0.8500,0.3500,0.9200,6.00,180.00,0.850000,0.050000,0.000000,1.100000,0.000000,0.000000,1.200000,0.000000,0.000000,1.350000,0.000000,0.000000,0.850000,0.020000,0.000000,0.008000,0.000000,0.000600,0.008000,0.000000,0.000600,0.006000,0.000000,0.000000,1,1,1,483,243,531821,531821,321376,210444,0,60.00,22088,3337,451,0,0,0,22064,500.00,500.00,11,1603,0.0000,0.5130,0.5180,0.7830,0.4980
2026-04-27T18:52:11.076,8.065,1,2.39,4.10,5.84,-2.92,1,0.0957,-0.0696,-0.1265,-0.2327,-0.4379,0.0000,-0.50,-1.15,60.77,65.73,484,484,1.00000,1.00000,1.00000,1.00000,3,3,1,11.54890,0.00315,1.05811,-0.0957,0.0696,0.2765,-0.2327,-0.4379,0.0000,0.50,-4.81,3.63,1,1,0.0000,0.0000,0.1500,0.00,0.8500,0.3500,0.9200,6.00,180.00,0.850000,0.050000,0.000000,1.100000,0.000000,0.000000,1.200000,0.000000,0.000000,1.350000,0.000000,0.000000,0.850000,0.020000,0.000000,0.008000,0.000000,0.000600,0.008000,0.000000,0.000600,0.006000,0.000000,0.000000,1,1,1,484,241,531821,531821,321376,210444,0,60.00,22088,3337,451,0,0,0,22064,500.00,500.00,11,1603,0.0000,0.5130,0.5180,0.7830,0.4980
2026-04-27T18:52:11.094,8.082,1,2.39,4.10,5.84,-2.92,1,0.0994,-0.0622,-0.1264,-0.2311,-0.4446,0.0000,-0.48,-1.07,63.20,56.71,485,485,1.00000,1.00000,1.00000,1.00000,3,3,1,11.60409,0.00329,1.06102,-0.0994,0.0622,0.2764,-0.2311,-0.4446,0.0000,0.48,-4.57,3.34,1,1,0.0000,0.0000,0.1500,0.00,0.8500,0.3500,0.9200,6.00,180.00,0.850000,0.050000,0.000000,1.100000,0.000000,0.000000,1.200000,0.000000,0.000000,1.350000,0.000000,0.000000,0.850000,0.020000,0.000000,0.008000,0.000000,0.000600,0.008000,0.000000,0.000600,0.006000,0.000000,0.000000,1,1,1,485,243,531821,531821,321376,210444,0,60.00,22088,3337,451,0,0,0,22064,500.00,500.00,11,1603,0.0000,0.5130,0.5180,0.7830,0.4980
2026-04-27T18:52:11.108,8.097,1,3.10,3.50,6.91,-5.90,1,0.1028,-0.0544,-0.1266,-0.2246,-0.4778,0.0000,-0.60,9.08,53.32,59.00,486,486,1.00000,1.00000,1.00000,1.00000,3,3,1,11.70369,0.00319,1.06018,-0.1028,0.0544,0.2766,-0.2246,-0.4778,0.0000,0.60,-4.48,3.30,1,1,0.0000,0.0000,0.1500,0.00,0.8500,0.3500,0.9200,6.00,180.00,0.850000,0.050000,0.000000,1.100000,0.000000,0.000000,1.200000,0.000000,0.000000,1.350000,0.000000,0.000000,0.850000,0.020000,0.000000,0.008000,0.000000,0.000600,0.008000,0.000000,0.000600,0.006000,0.000000,0.000000,1,1,1,486,241,531821,531821,321376,210444,0,60.00,22088,3337,451,0,0,0,22064,500.00,500.00,11,1603,0.0000,0.5130,0.5180,0.7830,0.4980
2026-04-27T18:52:11.124,8.112,1,3.10,3.50,6.91,-5.90,1,0.1061,-0.0465,-0.1261,-0.2158,-0.4829,-0.0143,-0.56,-2.37,75.67,66.02,487,487,1.00000,1.00000,1.00000,1.00000,3,3,1,11.86665,0.00333,1.06902,-0.1061,0.0465,0.2761,-0.2158,-0.4829,-0.0143,0.56,-4.66,3.07,1,1,0.0000,0.0000,0.1500,0.00,0.8500,0.3500,0.9200,6.00,180.00,0.850000,0.050000,0.000000,1.100000,0.000000,0.000000,1.200000,0.000000,0.000000,1.350000,0.000000,0.000000,0.850000,0.020000,0.000000,0.008000,0.000000,0.000600,0.008000,0.000000,0.000600,0.006000,0.000000,0.000000,1,1,1,487,248,531821,531821,321376,210444,0,60.00,22088,3337,451,0,0,0,22064,500.00,500.00,11,1603,0.0000,0.5130,0.5180,0.7830,0.4980
2026-04-27T18:52:11.141,8.130,1,3.10,3.50,6.91,-5.90,1,0.1094,-0.0382,-0.1264,-0.2084,-0.4854,0.0000,-0.50,-3.43,67.25,55.21,488,488,1.00000,1.00000,1.00000,1.00000,3,3,1,12.04159,0.00344,1.05940,-0.1094,0.0382,0.2764,-0.2084,-0.4854,0.0000,0.50,-4.56,3.07,1,1,0.0000,0.0000,0.1500,0.00,0.8500,0.3500,0.9200,6.00,180.00,0.850000,0.050000,0.000000,1.100000,0.000000,0.000000,1.200000,0.000000,0.000000,1.350000,0.000000,0.000000,0.850000,0.020000,0.000000,0.008000,0.000000,0.000600,0.008000,0.000000,0.000600,0.006000,0.000000,0.000000,1,1,1,488,242,531821,531821,321376,210444,0,60.00,22088,3337,451,0,0,0,22064,500.00,500.00,11,1603,0.0000,0.5130,0.5180,0.7830,0.4980
2026-04-27T18:52:11.159,8.148,1,3.10,3.50,6.91,-5.90,1,0.1127,-0.0302,-0.1264,-0.2042,-0.4836,0.0000,-0.51,0.58,54.05,64.68,489,489,1.00000,1.00000,1.00000,1.00000,3,3,1,12.17579,0.00345,1.06687,-0.1127,0.0302,0.2764,-0.2042,-0.4836,0.0000,0.51,-4.34,2.85,1,1,0.0000,0.0000,0.1500,0.00,0.8500,0.3500,0.9200,6.00,180.00,0.850000,0.050000,0.000000,1.100000,0.000000,0.000000,1.200000,0.000000,0.000000,1.350000,0.000000,0.000000,0.850000,0.020000,0.000000,0.008000,0.000000,0.000600,0.008000,0.000000,0.000600,0.006000,0.000000,0.000000,1,1,1,489,242,531821,531821,321376,210444,0,60.00,22088,3337,451,0,0,0,22064,500.00,500.00,11,1603,0.0000,0.5130,0.5180,0.7830,0.4980
2026-04-27T18:52:11.176,8.165,1,3.10,3.50,6.91,-5.90,1,0.1159,-0.0215,-0.1268,-0.1979,-0.5039,0.0117,-0.52,0.61,57.80,58.80,490,490,1.00000,1.00000,1.00000,1.00000,3,3,1,12.33085,0.00325,1.06261,-0.1159,0.0215,0.2768,-0.1979,-0.5039,0.0117,0.52,-3.96,2.73,1,1,0.0000,0.0000,0.1500,0.00,0.8500,0.3500,0.9200,6.00,180.00,0.850000,0.050000,0.000000,1.100000,0.000000,0.000000,1.200000,0.000000,0.000000,1.350000,0.000000,0.000000,0.850000,0.020000,0.000000,0.008000,0.000000,0.000600,0.008000,0.000000,0.000600,0.006000,0.000000,0.000000,1,1,1,490,247,531821,531821,321376,210444,0,60.00,22088,3337,451,0,0,0,22064,500.00,500.00,11,1603,0.0000,0.5130,0.5180,0.7830,0.4980
2026-04-27T18:52:11.193,8.182,1,3.10,3.50,6.91,-5.90,1,0.1186,-0.0129,-0.1268,-0.1782,-0.5064,0.0000,-0.52,0.00,57.22,61.24,491,491,1.00000,1.00000,1.00000,1.00000,3,3,1,12.42557,0.00329,1.06755,-0.1186,0.0129,0.2768,-0.1782,-0.5064,0.0000,0.52,-3.99,2.56,1,1,0.0000,0.0000,0.1500,0.00,0.8500,0.3500,0.9200,6.00,180.00,0.850000,0.050000,0.000000,1.100000,0.000000,0.000000,1.200000,0.000000,0.000000,1.350000,0.000000,0.000000,0.850000,0.020000,0.000000,0.008000,0.000000,0.000600,0.008000,0.000000,0.000600,0.006000,0.000000,0.000000,1,1,1,491,243,531821,531821,321376,210444,0,60.00,22088,3337,451,0,0,0,22064,500.00,500.00,11,1603,0.0000,0.5130,0.5180,0.7830,0.4980
2026-04-27T18:52:11.208,8.197,1,3.10,3.50,6.91,-5.90,1,0.1211,-0.0045,-0.1271,-0.1723,-0.5206,0.0132,-0.61,6.02,62.32,60.26,492,492,1.00000,1.00000,1.00000,1.00000,3,3,1,12.62134,0.00360,1.06065,-0.1211,0.0045,0.2771,-0.1723,-0.5206,0.0132,0.61,-4.10,2.66,1,1,0.0000,0.0000,0.1500,0.00,0.8500,0.3500,0.9200,6.00,180.00,0.850000,0.050000,0.000000,1.100000,0.000000,0.000000,1.200000,0.000000,0.000000,1.350000,0.000000,0.000000,0.850000,0.020000,0.000000,0.008000,0.000000,0.000600,0.008000,0.000000,0.000600,0.006000,0.000000,0.000000,1,1,1,492,246,531821,531821,321376,210444,0,60.00,22088,3337,451,0,0,0,22064,500.00,500.00,11,1603,0.0000,0.5130,0.5180,0.7830,0.4980
2026-04-27T18:52:11.227,8.216,1,3.10,3.50,6.91,-5.90,1,0.1239,0.0045,-0.1271,-0.1584,-0.4884,0.0000,-0.66,2.49,57.71,58.41,493,493,1.00000,1.00000,1.00000,1.00000,3,3,1,12.77311,0.00323,1.06595,-0.1239,-0.0045,0.2771,-0.1584,-0.4884,0.0000,0.66,-4.04,2.47,1,1,0.0000,0.0000,0.1500,0.00,0.8500,0.3500,0.9200,6.00,180.00,0.850000,0.050000,0.000000,1.100000,0.000000,0.000000,1.200000,0.000000,0.000000,1.350000,0.000000,0.000000,0.850000,0.020000,0.000000,0.008000,0.000000,0.000600,0.008000,0.000000,0.000600,0.006000,0.000000,0.000000,1,1,1,493,244,531821,531821,321376,210444,0,60.00,22088,3337,451,0,0,0,22064,500.00,500.00,11,1603,0.0000,0.5130,0.5180,0.7830,0.4980
2026-04-27T18:52:11.241,8.230,1,3.10,3.50,6.91,-5.90,1,0.1265,0.0128,-0.1274,-0.1867,-0.5935,0.0152,-0.66,0.00,52.69,61.44,494,494,1.00000,1.00000,1.00000,1.00000,3,3,1,12.94644,0.00326,1.06559,-0.1265,-0.0128,0.2774,-0.1867,-0.5935,0.0152,0.66,-3.76,2.20,1,1,0.0000,0.0000,0.1500,0.00,0.8500,0.3500,0.9200,6.00,180.00,0.850000,0.050000,0.000000,1.100000,0.000000,0.000000,1.200000,0.000000,0.000000,1.350000,0.000000,0.000000,0.850000,0.020000,0.000000,0.008000,0.000000,0.000600,0.008000,0.000000,0.000600,0.006000,0.000000,0.000000,1,1,1,494,247,531821,531821,321376,210444,0,60.00,22088,3337,451,0,0,0,22064,500.00,500.00,11,1603,0.0000,0.5130,0.5180,0.7830,0.4980
2026-04-27T18:52:11.258,8.247,1,3.60,2.50,4.94,-9.87,1,0.1288,0.0221,-0.1276,-0.1589,-0.5652,0.0121,-0.63,-1.79,80.77,58.18,495,495,1.00000,1.00000,1.00000,1.00000,3,3,1,13.17846,0.00344,1.06272,-0.1288,-0.0221,0.2776,-0.1589,-0.5652,0.0121,0.63,-3.85,2.15,1,1,0.0000,0.0000,0.1500,0.00,0.8500,0.3500,0.9200,6.00,180.00,0.850000,0.050000,0.000000,1.100000,0.000000,0.000000,1.200000,0.000000,0.000000,1.350000,0.000000,0.000000,0.850000,0.020000,0.000000,0.008000,0.000000,0.000600,0.008000,0.000000,0.000600,0.006000,0.000000,0.000000,1,1,1,495,248,531821,531821,321376,210444,0,60.00,22088,3337,451,0,0,0,22064,500.00,500.00,11,1603,0.0000,0.5130,0.5180,0.7830,0.4980
2026-04-27T18:52:11.274,8.263,1,3.60,2.50,4.94,-9.87,1,0.1309,0.0314,-0.1278,-0.1426,-0.5598,0.0134,-0.67,2.48,57.98,61.44,496,496,1.00000,1.00000,1.00000,1.00000,3,3,1,13.35775,0.00325,1.06850,-0.1309,-0.0314,0.2778,-0.1426,-0.5598,0.0134,0.67,-3.90,1.88,1,1,0.0000,0.0000,0.1500,0.00,0.8500,0.3500,0.9200,6.00,180.00,0.850000,0.050000,0.000000,1.100000,0.000000,0.000000,1.200000,0.000000,0.000000,1.350000,0.000000,0.000000,0.850000,0.020000,0.000000,0.008000,0.000000,0.000600,0.008000,0.000000,0.000600,0.006000,0.000000,0.000000,1,1,1,496,246,531821,531821,321376,210444,0,60.00,22088,3337,451,0,0,0,22064,500.00,500.00,11,1603,0.0000,0.5130,0.5180,0.7830,0.4980
2026-04-27T18:52:11.291,8.279,1,3.60,2.50,4.94,-9.87,1,0.1332,0.0407,-0.1281,-0.1502,-0.5840,0.0163,-0.82,9.00,62.08,59.90,497,497,1.00000,1.00000,1.00000,1.00000,3,3,1,13.55987,0.00314,1.07298,-0.1332,-0.0407,0.2781,-0.1502,-0.5840,0.0163,0.82,-3.69,1.53,1,1,0.0000,0.0000,0.1500,0.00,0.8500,0.3500,0.9200,6.00,180.00,0.850000,0.050000,0.000000,1.100000,0.000000,0.000000,1.200000,0.000000,0.000000,1.350000,0.000000,0.000000,0.850000,0.020000,0.000000,0.008000,0.000000,0.000600,0.008000,0.000000,0.000600,0.006000,0.000000,0.000000,1,1,1,497,247,531821,531821,321376,210444,0,60.00,22088,3337,451,0,0,0,22064,500.00,500.00,11,1603,0.0000,0.5130,0.5180,0.7830,0.4980
2026-04-27T18:52:11.307,8.296,1,3.60,2.50,4.94,-9.87,1,0.1351,0.0500,-0.1282,-0.1273,-0.5559,0.0105,-0.87,3.02,59.98,60.41,498,498,1.00000,1.00000,1.00000,1.00000,3,3,1,13.88206,0.00345,1.06824,-0.1351,-0.0500,0.2782,-0.1273,-0.5559,0.0105,0.87,-3.61,1.27,1,1,0.0000,0.0000,0.1500,0.00,0.8500,0.3500,0.9200,6.00,180.00,0.850000,0.050000,0.000000,1.100000,0.000000,0.000000,1.200000,0.000000,0.000000,1.350000,0.000000,0.000000,0.850000,0.020000,0.000000,0.008000,0.000000,0.000600,0.008000,0.000000,0.000600,0.006000,0.000000,0.000000,1,1,1,498,247,531821,531821,321376,210444,0,60.00,22088,3337,451,0,0,0,22064,500.00,500.00,11,1603,0.0000,0.5130,0.5180,0.7830,0.4980
2026-04-27T18:52:11.328,8.317,1,3.60,2.50,4.94,-9.87,1,0.1367,0.0595,-0.1286,-0.1062,-0.5297,0.0159,-0.75,-5.81,59.06,55.37,499,499,1.00000,1.00000,1.00000,1.00000,3,3,1,14.07017,0.00347,1.06750,-0.1367,-0.0595,0.2786,-0.1062,-0.5297,0.0159,0.75,-3.66,1.05,1,1,0.0000,0.0000,0.1500,0.00,0.8500,0.3500,0.9200,6.00,180.00,0.850000,0.050000,0.000000,1.100000,0.000000,0.000000,1.200000,0.000000,0.000000,1.350000,0.000000,0.000000,0.850000,0.020000,0.000000,0.008000,0.000000,0.000600,0.008000,0.000000,0.000600,0.006000,0.000000,0.000000,1,1,1,499,247,531821,531821,321376,210444,0,60.00,22088,3337,451,0,0,0,22064,500.00,500.00,11,1603,0.0000,0.5130,0.5180,0.7830,0.4980
2026-04-27T18:52:11.342,8.330,1,3.60,2.50,4.94,-9.87,1,0.1382,0.0683,-0.1289,-0.1124,-0.5777,0.0190,-0.79,2.82,48.81,65.72,500,500,1.00000,1.00000,1.00000,1.00000,3,3,1,14.29819,0.00323,1.06914,-0.1382,-0.0683,0.2789,-0.1124,-0.5777,0.0190,0.79,-3.40,0.77,1,1,0.0000,0.0000,0.1500,0.00,0.8500,0.3500,0.9200,6.00,180.00,0.850000,0.050000,0.000000,1.100000,0.000000,0.000000,1.200000,0.000000,0.000000,1.350000,0.000000,0.000000,0.850000,0.020000,0.000000,0.008000,0.000000,0.000600,0.008000,0.000000,0.000600,0.006000,0.000000,0.000000,1,1,1,500,247,531821,531821,321376,210444,0,60.00,22088,3337,451,0,0,0,22064,500.00,500.00,11,1603,0.0000,0.5130,0.5180,0.7830,0.4980
2026-04-27T18:52:11.360,8.349,1,4.20,1.20,5.84,-12.63,1,0.1397,0.0780,-0.1292,-0.0979,-0.5655,0.0180,-0.83,2.27,74.02,59.58,501,501,1.00000,1.00000,1.00000,1.00000,3,3,1,14.54866,0.00343,1.07030,-0.1397,-0.0780,0.2792,-0.0979,-0.5655,0.0180,0.83,-3.49,0.49,1,1,0.0000,0.0000,0.1500,0.00,0.8500,0.3500,0.9200,6.00,180.00,0.850000,0.050000,0.000000,1.100000,0.000000,0.000000,1.200000,0.000000,0.000000,1.350000,0.000000,0.000000,0.850000,0.020000,0.000000,0.008000,0.000000,0.000600,0.008000,0.000000,0.000600,0.006000,0.000000,0.000000,1,1,1,501,247,531821,531821,321376,210444,0,60.00,22088,3337,451,0,0,0,22064,500.00,500.00,11,1603,0.0000,0.5130,0.5180,0.7830,0.4980
2026-04-27T18:52:11.376,8.364,1,4.20,1.20,5.84,-12.63,1,0.1411,0.0870,-0.1292,-0.0924,-0.5540,0.0000,-0.80,-1.95,54.87,53.78,502,502,1.00000,1.00000,1.00000,1.00000,3,3,1,14.78512,0.00323,1.06995,-0.1411,-0.0870,0.2792,-0.0924,-0.5540,0.0000,0.80,-3.31,0.44,1,1,0.0000,0.0000,0.1500,0.00,0.8500,0.3500,0.9200,6.00,180.00,0.850000,0.050000,0.000000,1.100000,0.000000,0.000000,1.200000,0.000000,0.000000,1.350000,0.000000,0.000000,0.850000,0.020000,0.000000,0.008000,0.000000,0.000600,0.008000,0.000000,0.000600,0.006000,0.000000,0.000000,1,1,1,502,243,531821,531821,321376,210444,0,60.00,22088,3337,451,0,0,0,22064,500.00,500.00,11,1603,0.0000,0.5130,0.5180,0.7830,0.4980
2026-04-27T18:52:11.393,8.382,1,4.20,1.20,5.84,-12.63,1,0.1423,0.0962,-0.1293,-0.0836,-0.5754,0.0000,-0.85,2.80,62.10,64.00,503,503,1.00000,1.00000,1.00000,1.00000,3,3,1,15.11572,0.00320,1.07117,-0.1423,-0.0962,0.2793,-0.0836,-0.5754,0.0000,0.85,-3.16,0.01,1,1,0.0000,0.0000,0.1500,0.00,0.8500,0.3500,0.9200,6.00,180.00,0.850000,0.050000,0.000000,1.100000,0.000000,0.000000,1.200000,0.000000,0.000000,1.350000,0.000000,0.000000,0.850000,0.020000,0.000000,0.008000,0.000000,0.000600,0.008000,0.000000,0.000600,0.006000,0.000000,0.000000,1,1,1,503,241,531821,531821,321376,210444,0,60.00,22088,3337,451,0,0,0,22064,500.00,500.00,11,1603,0.0000,0.5130,0.5180,0.7830,0.4980
2026-04-27T18:52:11.407,8.396,1,4.20,1.20,5.84,-12.63,1,0.1432,0.1055,-0.1296,-0.0715,-0.5925,0.0132,-0.90,3.57,55.46,63.83,504,504,1.00000,1.00000,1.00000,1.00000,3,3,1,15.43917,0.00330,1.07003,-0.1432,-0.1055,0.2796,-0.0715,-0.5925,0.0132,0.90,-3.13,-0.24,1,1,0.0000,0.0000,0.1500,0.00,0.8500,0.3500,0.9200,6.00,180.00,0.850000,0.050000,0.000000,1.100000,0.000000,0.000000,1.200000,0.000000,0.000000,1.350000,0.000000,0.000000,0.850000,0.020000,0.000000,0.008000,0.000000,0.000600,0.008000,0.000000,0.000600,0.006000,0.000000,0.000000,1,1,1,504,247,531821,531821,321376,210444,0,60.00,22088,3337,451,0,0,0,22064,500.00,500.00,11,1603,0.0000,0.5130,0.5180,0.7830,0.4980
2026-04-27T18:52:11.424,8.413,1,4.20,1.20,5.84,-12.63,1,0.1438,0.1149,-0.1296,-0.0556,-0.5717,0.0000,-0.92,1.18,74.07,59.71,505,505,1.00000,1.00000,1.00000,1.00000,3,3,1,15.66363,0.00337,1.06849,-0.1438,-0.1149,0.2796,-0.0556,-0.5717,0.0000,0.92,-3.17,-0.61,1,1,0.0000,0.0000,0.1500,0.00,0.8500,0.3500,0.9200,6.00,180.00,0.850000,0.050000,0.000000,1.100000,0.000000,0.000000,1.200000,0.000000,0.000000,1.350000,0.000000,0.000000,0.850000,0.020000,0.000000,0.008000,0.000000,0.000600,0.008000,0.000000,0.000600,0.006000,0.000000,0.000000,1,1,1,505,244,531821,531821,321376,210444,0,60.00,22088,3337,451,0,0,0,22064,500.00,500.00,11,1603,0.0000,0.5130,0.5180,0.7830,0.4980
2026-04-27T18:52:11.444,8.432,1,4.20,1.20,5.84,-12.63,1,0.1445,0.1241,-0.1297,-0.0485,-0.5456,0.0000,-1.00,4.10,60.59,60.21,506,506,1.00000,1.00000,1.00000,1.00000,3,3,1,15.95912,0.00355,1.07131,-0.1445,-0.1241,0.2797,-0.0485,-0.5456,0.0000,1.00,-3.12,-0.92,1,1,0.0000,0.0000,0.1500,0.00,0.8500,0.3500,0.9200,6.00,180.00,0.850000,0.050000,0.000000,1.100000,0.000000,0.000000,1.200000,0.000000,0.000000,1.350000,0.000000,0.000000,0.850000,0.020000,0.000000,0.008000,0.000000,0.000600,0.008000,0.000000,0.000600,0.006000,0.000000,0.000000,1,1,1,506,241,531821,531821,321376,210444,0,60.00,22088,3337,451,0,0,0,22064,500.00,500.00,11,1603,0.0000,0.5130,0.5180,0.7830,0.4980
2026-04-27T18:52:11.461,8.450,1,4.70,-0.60,4.94,-17.76,1,0.1449,0.1329,-0.1297,-0.0351,-0.5366,0.0000,-1.09,5.24,52.43,57.24,507,507,1.00000,1.00000,1.00000,1.00000,3,3,1,16.23100,0.00321,1.07095,-0.1449,-0.1329,0.2797,-0.0351,-0.5366,0.0000,1.09,-3.19,-1.17,1,1,0.0000,0.0000,0.1500,0.00,0.8500,0.3500,0.9200,6.00,180.00,0.850000,0.050000,0.000000,1.100000,0.000000,0.000000,1.200000,0.000000,0.000000,1.350000,0.000000,0.000000,0.850000,0.020000,0.000000,0.008000,0.000000,0.000600,0.008000,0.000000,0.000600,0.006000,0.000000,0.000000,1,1,1,507,244,531821,531821,321376,210444,0,60.00,22088,3337,451,0,0,0,22064,500.00,500.00,11,1603,0.0000,0.5130,0.5180,0.7830,0.4980
2026-04-27T18:52:11.475,8.464,1,4.70,-0.60,4.94,-17.76,1,0.1449,0.1415,-0.1295,-0.0183,-0.5396,0.0000,-1.03,-3.82,55.68,62.06,508,508,1.00000,1.00000,1.00000,1.00000,3,3,1,16.52772,0.00343,1.07090,-0.1449,-0.1415,0.2795,-0.0183,-0.5396,0.0000,1.03,-3.29,-1.54,1,1,0.0000,0.0000,0.1500,0.00,0.8500,0.3500,0.9200,6.00,180.00,0.850000,0.050000,0.000000,1.100000,0.000000,0.000000,1.200000,0.000000,0.000000,1.350000,0.000000,0.000000,0.850000,0.020000,0.000000,0.008000,0.000000,0.000600,0.008000,0.000000,0.000600,0.006000,0.000000,0.000000,1,1,1,508,243,531821,531821,321376,210444,0,60.00,22088,3337,451,0,0,0,22064,500.00,500.00,11,1603,0.0000,0.5130,0.5180,0.7830,0.4980
2026-04-27T18:52:11.490,8.479,1,4.70,-0.60,4.94,-17.76,1,0.1451,0.1502,-0.1296,-0.0208,-0.5721,0.0000,-1.17,10.19,67.62,61.64,509,509,1.00000,1.00000,1.00000,1.00000,3,3,1,16.81622,0.00348,1.07297,-0.1451,-0.1502,0.2796,-0.0208,-0.5721,0.0000,1.17,-3.16,-1.88,1,1,0.0000,0.0000,0.1500,0.00,0.8500,0.3500,0.9200,6.00,180.00,0.850000,0.050000,0.000000,1.100000,0.000000,0.000000,1.200000,0.000000,0.000000,1.350000,0.000000,0.000000,0.850000,0.020000,0.000000,0.008000,0.000000,0.000600,0.008000,0.000000,0.000600,0.006000,0.000000,0.000000,1,1,1,509,243,531821,531821,321376,210444,0,60.00,22088,3337,451,0,0,0,22064,500.00,500.00,11,1603,0.0000,0.5130,0.5180,0.7830,0.4980
2026-04-27T18:52:11.510,8.498,1,4.90,-2.39,1.97,-17.64,1,0.1450,0.1592,-0.1295,0.0000,-0.5345,0.0000,-1.20,1.55,67.70,54.68,510,510,1.00000,1.00000,1.00000,1.00000,3,3,1,17.19959,0.00346,1.07352,-0.1450,-0.1592,0.2795,0.0000,-0.5345,0.0000,1.20,-3.28,-2.19,1,1,0.0000,0.0000,0.1500,0.00,0.8500,0.3500,0.9200,6.00,180.00,0.850000,0.050000,0.000000,1.100000,0.000000,0.000000,1.200000,0.000000,0.000000,1.350000,0.000000,0.000000,0.850000,0.020000,0.000000,0.008000,0.000000,0.000600,0.008000,0.000000,0.000600,0.006000,0.000000,0.000000,1,1,1,510,238,531821,531821,321376,210444,0,60.00,22088,3337,451,0,0,0,22064,500.00,500.00,11,1603,0.0000,0.5130,0.5180,0.7830,0.4980
2026-04-27T18:52:11.526,8.515,1,4.90,-2.39,1.97,-17.64,1,0.1450,0.1675,-0.1295,0.0000,-0.5295,0.0000,-1.25,3.06,52.66,65.56,511,511,1.00000,1.00000,1.00000,1.00000,3,3,1,17.52463,0.00331,1.07398,-0.1450,-0.1675,0.2795,0.0000,-0.5295,0.0000,1.25,-3.13,-2.42,1,1,0.0000,0.0000,0.1500,0.00,0.8500,0.3500,0.9200,6.00,180.00,0.850000,0.050000,0.000000,1.100000,0.000000,0.000000,1.200000,0.000000,0.000000,1.350000,0.000000,0.000000,0.850000,0.020000,0.000000,0.008000,0.000000,0.000600,0.008000,0.000000,0.000600,0.006000,0.000000,0.000000,1,1,1,511,239,531821,531821,321376,210444,0,60.00,22088,3337,451,0,0,0,22064,500.00,500.00,11,1603,0.0000,0.5130,0.5180,0.7830,0.4980
2026-04-27T18:52:11.540,8.529,1,4.90,-2.39,1.97,-17.64,1,0.1445,0.1755,-0.1292,0.0149,-0.5156,0.0000,-1.24,-0.65,61.24,59.74,512,512,1.00000,1.00000,1.00000,1.00000,3,3,1,17.78093,0.00358,1.07558,-0.1445,-0.1755,0.2792,0.0149,-0.5156,0.0000,1.24,-3.46,-2.69,1,1,0.0000,0.0000,0.1500,0.00,0.8500,0.3500,0.9200,6.00,180.00,0.850000,0.050000,0.000000,1.100000,0.000000,0.000000,1.200000,0.000000,0.000000,1.350000,0.000000,0.000000,0.850000,0.020000,0.000000,0.008000,0.000000,0.000600,0.008000,0.000000,0.000600,0.006000,0.000000,0.000000,1,1,1,512,244,531821,531821,321376,210444,0,60.00,22088,3337,451,0,0,0,22064,500.00,500.00,11,1603,0.0000,0.5130,0.5180,0.7830,0.4980
2026-04-27T18:52:11.558,8.547,1,4.90,-2.39,1.97,-17.64,1,0.1440,0.1835,-0.1291,0.0220,-0.5108,0.0000,-1.22,-1.20,75.21,59.75,513,513,1.00000,1.00000,1.00000,1.00000,3,3,1,18.04202,0.00345,1.07592,-0.1440,-0.1835,0.2791,0.0220,-0.5108,0.0000,1.22,-3.52,-3.09,1,1,0.0000,0.0000,0.1500,0.00,0.8500,0.3500,0.9200,6.00,180.00,0.850000,0.050000,0.000000,1.100000,0.000000,0.000000,1.200000,0.000000,0.000000,1.350000,0.000000,0.000000,0.850000,0.020000,0.000000,0.008000,0.000000,0.000600,0.008000,0.000000,0.000600,0.006000,0.000000,0.000000,1,1,1,513,244,531821,531821,321376,210444,0,60.00,22088,3337,511,0,0,0,22124,500.00,500.00,10,2072,0.0000,0.4400,0.5120,0.7820,0.5040
2026-04-27T18:52:11.575,8.564,1,4.90,-2.39,1.97,-17.64,1,0.1433,0.1917,-0.1292,0.0274,-0.4720,0.0000,-1.31,4.96,53.75,60.37,514,514,1.00000,1.00000,1.00000,1.00000,3,3,1,18.42221,0.00348,1.07559,-0.1433,-0.1917,0.2792,0.0274,-0.4720,0.0000,1.31,-3.40,-3.40,1,1,0.0000,0.0000,0.1500,0.00,0.8500,0.3500,0.9200,6.00,180.00,0.850000,0.050000,0.000000,1.100000,0.000000,0.000000,1.200000,0.000000,0.000000,1.350000,0.000000,0.000000,0.850000,0.020000,0.000000,0.008000,0.000000,0.000600,0.008000,0.000000,0.000600,0.006000,0.000000,0.000000,1,1,1,514,242,531821,531821,321376,210444,0,60.00,22088,3337,511,0,0,0,22124,500.00,500.00,10,2072,0.0000,0.4400,0.5120,0.7820,0.5040
2026-04-27T18:52:11.593,8.582,1,4.90,-2.39,1.97,-17.64,1,0.1424,0.1992,-0.1292,0.0424,-0.4676,0.0000,-1.30,-0.58,55.12,60.56,515,515,1.00000,1.00000,1.00000,1.00000,3,3,1,18.67412,0.00341,1.07549,-0.1424,-0.1992,0.2792,0.0424,-0.4676,0.0000,1.30,-3.47,-3.70,1,1,0.0000,0.0000,0.1500,0.00,0.8500,0.3500,0.9200,6.00,180.00,0.850000,0.050000,0.000000,1.100000,0.000000,0.000000,1.200000,0.000000,0.000000,1.350000,0.000000,0.000000,0.850000,0.020000,0.000000,0.008000,0.000000,0.000600,0.008000,0.000000,0.000600,0.006000,0.000000,0.000000,1,1,1,515,242,531821,531821,321376,210444,0,60.00,22088,3337,511,0,0,0,22124,500.00,500.00,10,2072,0.0000,0.4400,0.5120,0.7820,0.5040
2026-04-27T18:52:11.610,8.598,1,4.90,-2.39,1.97,-17.64,1,0.1415,0.2065,-0.1293,0.0472,-0.4622,0.0000,-1.41,6.69,55.09,59.66,516,516,1.00000,1.00000,1.00000,1.00000,3,3,1,18.96476,0.00337,1.07418,-0.1415,-0.2065,0.2793,0.0472,-0.4622,0.0000,1.41,-3.28,-3.98,1,1,0.0000,0.0000,0.1500,0.00,0.8500,0.3500,0.9200,6.00,180.00,0.850000,0.050000,0.000000,1.100000,0.000000,0.000000,1.200000,0.000000,0.000000,1.350000,0.000000,0.000000,0.850000,0.020000,0.000000,0.008000,0.000000,0.000600,0.008000,0.000000,0.000600,0.006000,0.000000,0.000000,1,1,1,516,244,531821,531821,321376,210444,0,60.00,22088,3337,511,0,0,0,22124,500.00,500.00,10,2072,0.0000,0.4400,0.5120,0.7820,0.5040
2026-04-27T18:52:11.624,8.612,1,4.90,-2.39,1.97,-17.64,1,0.1405,0.2137,-0.1295,0.0621,-0.4984,0.0000,-1.41,0.00,64.40,60.51,517,517,1.00000,1.00000,1.00000,1.00000,3,3,1,19.39601,0.00345,1.07594,-0.1405,-0.2137,0.2795,0.0621,-0.4984,0.0000,1.41,-3.15,-4.35,1,1,0.0000,0.0000,0.1500,0.00,0.8500,0.3500,0.9200,6.00,180.00,0.850000,0.050000,0.000000,1.100000,0.000000,0.000000,1.200000,0.000000,0.000000,1.350000,0.000000,0.000000,0.850000,0.020000,0.000000,0.008000,0.000000,0.000600,0.008000,0.000000,0.000600,0.006000,0.000000,0.000000,1,1,1,517,243,531821,531821,321376,210444,0,60.00,22088,3337,511,0,0,0,22124,500.00,500.00,10,2072,0.0000,0.4400,0.5120,0.7820,0.5040
2026-04-27T18:52:11.641,8.630,1,4.90,-2.39,1.97,-17.64,1,0.1389,0.2209,-0.1296,0.0752,-0.4396,0.0000,-1.48,4.23,64.67,58.64,518,518,1.00000,1.00000,1.00000,1.00000,3,3,1,19.67740,0.00330,1.06884,-0.1389,-0.2209,0.2796,0.0752,-0.4396,0.0000,1.48,-3.15,-4.37,1,1,0.0000,0.0000,0.1500,0.00,0.8500,0.3500,0.9200,6.00,180.00,0.850000,0.050000,0.000000,1.100000,0.000000,0.000000,1.200000,0.000000,0.000000,1.350000,0.000000,0.000000,0.850000,0.020000,0.000000,0.008000,0.000000,0.000600,0.008000,0.000000,0.000600,0.006000,0.000000,0.000000,1,1,1,518,242,531821,531821,321376,210444,0,60.00,22088,3337,511,0,0,0,22124,500.00,500.00,10,2072,0.0000,0.4400,0.5120,0.7820,0.5040
2026-04-27T18:52:11.657,8.646,1,4.90,-2.39,1.97,-17.64,1,0.1376,0.2274,-0.1293,0.0755,-0.4333,0.0000,-1.48,0.00,61.95,61.16,519,519,1.00000,1.00000,1.00000,1.00000,3,3,1,19.90282,0.00359,1.07615,-0.1376,-0.2274,0.2793,0.0755,-0.4333,0.0000,1.48,-3.13,-4.79,1,1,0.0000,0.0000,0.1500,0.00,0.8500,0.3500,0.9200,6.00,180.00,0.850000,0.050000,0.000000,1.100000,0.000000,0.000000,1.200000,0.000000,0.000000,1.350000,0.000000,0.000000,0.850000,0.020000,0.000000,0.008000,0.000000,0.000600,0.008000,0.000000,0.000600,0.006000,0.000000,0.000000,1,1,1,519,244,531821,531821,321376,210444,0,60.00,22088,3337,511,0,0,0,22124,500.00,500.00,10,2072,0.0000,0.4400,0.5120,0.7820,0.5040
2026-04-27T18:52:11.676,8.665,1,4.90,-4.00,0.00,-15.88,1,0.1358,0.2339,-0.1291,0.0908,-0.3998,0.0000,-1.46,-1.04,66.93,59.44,520,520,1.00000,1.00000,1.00000,1.00000,3,3,1,20.17424,0.00353,1.07501,-0.1358,-0.2339,0.2791,0.0908,-0.3998,0.0000,1.46,-3.46,-5.12,1,1,0.0000,0.0000,0.1500,0.00,0.8500,0.3500,0.9200,6.00,180.00,0.850000,0.050000,0.000000,1.100000,0.000000,0.000000,1.200000,0.000000,0.000000,1.350000,0.000000,0.000000,0.850000,0.020000,0.000000,0.008000,0.000000,0.000600,0.008000,0.000000,0.000600,0.006000,0.000000,0.000000,1,1,1,520,242,531821,531821,321376,210444,0,60.00,22088,3337,511,0,0,0,22124,500.00,500.00,10,2072,0.0000,0.4400,0.5120,0.7820,0.5040
2026-04-27T18:52:11.690,8.679,1,4.90,-4.00,0.00,-15.88,1,0.1342,0.2399,-0.1292,0.0971,-0.4114,0.0000,-1.55,6.04,50.86,60.07,521,521,1.00000,1.00000,1.00000,1.00000,3,3,1,20.48036,0.00336,1.07355,-0.1342,-0.2399,0.2792,0.0971,-0.4114,0.0000,1.55,-3.31,-5.27,1,1,0.0000,0.0000,0.1500,0.00,0.8500,0.3500,0.9200,6.00,180.00,0.850000,0.050000,0.000000,1.100000,0.000000,0.000000,1.200000,0.000000,0.000000,1.350000,0.000000,0.000000,0.850000,0.020000,0.000000,0.008000,0.000000,0.000600,0.008000,0.000000,0.000600,0.006000,0.000000,0.000000,1,1,1,521,243,531821,531821,321376,210444,0,60.00,22088,3337,511,0,0,0,22124,500.00,500.00,10,2072,0.0000,0.4400,0.5120,0.7820,0.5040
2026-04-27T18:52:11.707,8.696,1,4.90,-4.00,0.00,-15.88,1,0.1326,0.2459,-0.1293,0.0950,-0.3816,0.0000,-1.55,0.00,64.08,60.17,522,522,1.00000,1.00000,1.00000,1.00000,3,3,1,20.79593,0.00334,1.07525,-0.1326,-0.2459,0.2793,0.0950,-0.3816,0.0000,1.55,-2.91,-5.69,1,1,0.0000,0.0000,0.1500,0.00,0.8500,0.3500,0.9200,6.00,180.00,0.850000,0.050000,0.000000,1.100000,0.000000,0.000000,1.200000,0.000000,0.000000,1.350000,0.000000,0.000000,0.850000,0.020000,0.000000,0.008000,0.000000,0.000600,0.008000,0.000000,0.000600,0.006000,0.000000,0.000000,1,1,1,522,244,531821,531821,321376,210444,0,60.00,22088,3337,511,0,0,0,22124,500.00,500.00,10,2072,0.0000,0.4400,0.5120,0.7820,0.5040
2026-04-27T18:52:11.723,8.712,1,40.00,-5.40,-1.00,-13.57,1,0.1304,0.2513,-0.1290,0.1211,-0.3647,0.0000,-1.57,1.33,61.18,58.80,523,523,1.00000,1.00000,1.00000,1.00000,3,3,1,21.06305,0.00362,1.07508,-0.1304,-0.2513,0.2790,0.1211,-0.3647,0.0000,1.57,-3.27,-5.92,1,1,0.0000,0.0000,0.1500,0.00,0.8500,0.3500,0.9200,6.00,180.00,0.850000,0.050000,0.000000,1.100000,0.000000,0.000000,1.200000,0.000000,0.000000,1.350000,0.000000,0.000000,0.850000,0.020000,0.000000,0.008000,0.000000,0.000600,0.008000,0.000000,0.000600,0.006000,0.000000,0.000000,1,1,1,523,243,531821,531821,321376,210444,0,60.00,22088,3337,511,0,0,0,22124,500.00,500.00,10,2072,0.0000,0.4400,0.5120,0.7820,0.5040
2026-04-27T18:52:11.740,8.729,1,40.00,-5.40,-1.00,-13.57,1,0.1283,0.2568,-0.1292,0.1222,-0.3517,0.0000,-1.69,6.80,64.46,61.29,524,524,1.00000,1.00000,1.00000,1.00000,3,3,1,21.38306,0.00339,1.06947,-0.1283,-0.2568,0.2792,0.1222,-0.3517,0.0000,1.69,-2.98,-6.17,1,1,0.0000,0.0000,0.1500,0.00,0.8500,0.3500,0.9200,6.00,180.00,0.850000,0.050000,0.000000,1.100000,0.000000,0.000000,1.200000,0.000000,0.000000,1.350000,0.000000,0.000000,0.850000,0.020000,0.000000,0.008000,0.000000,0.000600,0.008000,0.000000,0.000600,0.006000,0.000000,0.000000,1,1,1,524,244,531821,531821,321376,210444,0,60.00,22088,3337,511,0,0,0,22124,500.00,500.00,10,2072,0.0000,0.4400,0.5120,0.7820,0.5040
2026-04-27T18:52:11.761,8.750,1,4.80,-5.40,-1.00,-13.57,1,0.1259,0.2619,-0.1289,0.1197,-0.2980,0.0000,-1.67,-1.00,60.07,56.95,525,525,1.00000,1.00000,1.00000,1.00000,3,3,1,21.58260,0.00352,1.07301,-0.1259,-0.2619,0.2789,0.1197,-0.2980,0.0000,1.67,-2.98,-6.50,1,1,0.0000,0.0000,0.1500,0.00,0.8500,0.3500,0.9200,6.00,180.00,0.850000,0.050000,0.000000,1.100000,0.000000,0.000000,1.200000,0.000000,0.000000,1.350000,0.000000,0.000000,0.850000,0.020000,0.000000,0.008000,0.000000,0.000600,0.008000,0.000000,0.000600,0.006000,0.000000,0.000000,1,1,1,525,242,531821,531821,321376,210444,0,60.00,22088,3337,511,0,0,0,22124,500.00,500.00,10,2072,0.0000,0.4400,0.5120,0.7820,0.5040
2026-04-27T18:52:11.773,8.762,1,4.80,-5.40,-1.00,-13.57,1,0.1236,0.2660,-0.1288,0.1558,-0.3306,0.0000,-1.68,0.76,45.29,63.37,526,526,1.00000,1.00000,1.00000,1.00000,3,3,1,21.75107,0.00348,1.07283,-0.1236,-0.2660,0.2788,0.1558,-0.3306,0.0000,1.68,-3.14,-6.73,1,1,0.0000,0.0000,0.1500,0.00,0.8500,0.3500,0.9200,6.00,180.00,0.850000,0.050000,0.000000,1.100000,0.000000,0.000000,1.200000,0.000000,0.000000,1.350000,0.000000,0.000000,0.850000,0.020000,0.000000,0.008000,0.000000,0.000600,0.008000,0.000000,0.000600,0.006000,0.000000,0.000000,1,1,1,526,244,531821,531821,321376,210444,0,60.00,22088,3337,511,0,0,0,22124,500.00,500.00,10,2072,0.0000,0.4400,0.5120,0.7820,0.5040
2026-04-27T18:52:11.791,8.779,1,4.80,-5.40,-1.00,-13.57,1,0.1208,0.2707,-0.1288,0.1549,-0.2952,0.0000,-1.77,5.31,90.32,59.20,527,527,1.00000,1.00000,1.00000,1.00000,3,3,1,22.04896,0.00361,1.07527,-0.1208,-0.2707,0.2788,0.1549,-0.2952,0.0000,1.77,-3.29,-7.01,1,1,0.0000,0.0000,0.1500,0.00,0.8500,0.3500,0.9200,6.00,180.00,0.850000,0.050000,0.000000,1.100000,0.000000,0.000000,1.200000,0.000000,0.000000,1.350000,0.000000,0.000000,0.850000,0.020000,0.000000,0.008000,0.000000,0.000600,0.008000,0.000000,0.000600,0.006000,0.000000,0.000000,1,1,1,527,241,531821,531821,321376,210444,0,60.00,22088,3337,511,0,0,0,22124,500.00,500.00,10,2072,0.0000,0.4400,0.5120,0.7820,0.5040
2026-04-27T18:52:11.810,8.799,1,4.80,-5.40,-1.00,-13.57,1,0.1183,0.2745,-0.1289,0.1510,-0.2573,0.0000,-1.75,-1.08,57.29,60.88,528,528,1.00000,1.00000,1.00000,1.00000,3,3,1,22.17175,0.00347,1.06914,-0.1183,-0.2745,0.2789,0.1510,-0.2573,0.0000,1.75,-2.95,-7.14,1,1,0.0000,0.0000,0.1500,0.00,0.8500,0.3500,0.9200,6.00,180.00,0.850000,0.050000,0.000000,1.100000,0.000000,0.000000,1.200000,0.000000,0.000000,1.350000,0.000000,0.000000,0.850000,0.020000,0.000000,0.008000,0.000000,0.000600,0.008000,0.000000,0.000600,0.006000,0.000000,0.000000,1,1,1,528,244,531821,531821,321376,210444,0,60.00,22088,3337,511,0,0,0,22124,500.00,500.00,10,2072,0.0000,0.4400,0.5120,0.7820,0.5040
2026-04-27T18:52:11.827,8.816,1,4.80,-5.40,-1.00,-13.57,1,0.1154,0.2779,-0.1286,0.1615,-0.2349,-0.0100,-1.76,0.58,51.21,56.78,529,529,1.00000,1.00000,1.00000,1.00000,3,3,1,22.42454,0.00336,1.07170,-0.1154,-0.2779,0.2786,0.1615,-0.2349,-0.0100,1.76,-2.82,-7.32,1,1,0.0000,0.0000,0.1500,0.00,0.8500,0.3500,0.9200,6.00,180.00,0.850000,0.050000,0.000000,1.100000,0.000000,0.000000,1.200000,0.000000,0.000000,1.350000,0.000000,0.000000,0.850000,0.020000,0.000000,0.008000,0.000000,0.000600,0.008000,0.000000,0.000600,0.006000,0.000000,0.000000,1,1,1,529,248,531821,531821,321376,210444,0,60.00,22088,3337,511,0,0,0,22124,500.00,500.00,10,2072,0.0000,0.4400,0.5120,0.7820,0.5040
2026-04-27T18:52:11.844,8.833,1,4.80,-5.40,-1.00,-13.57,1,0.1123,0.2811,-0.1283,0.1699,-0.2083,-0.0101,-1.81,2.95,55.88,58.23,530,530,1.00000,1.00000,1.00000,1.00000,3,3,1,22.53322,0.00363,1.07126,-0.1123,-0.2811,0.2783,0.1699,-0.2083,-0.0101,1.81,-3.15,-7.51,1,1,0.0000,0.0000,0.1500,0.00,0.8500,0.3500,0.9200,6.00,180.00,0.850000,0.050000,0.000000,1.100000,0.000000,0.000000,1.200000,0.000000,0.000000,1.350000,0.000000,0.000000,0.850000,0.020000,0.000000,0.008000,0.000000,0.000600,0.008000,0.000000,0.000600,0.006000,0.000000,0.000000,1,1,1,530,247,531821,531821,321376,210444,0,60.00,22088,3337,511,0,0,0,22124,500.00,500.00,10,2072,0.0000,0.4400,0.5120,0.7820,0.5040
2026-04-27T18:52:11.857,8.845,1,4.80,-5.40,-1.00,-13.57,1,0.1090,0.2834,-0.1282,0.2154,-0.2057,0.0000,-1.79,-1.46,62.53,65.05,531,531,1.00000,1.00000,1.00000,1.00000,3,3,1,22.75147,0.00355,1.06847,-0.1090,-0.2834,0.2782,0.2154,-0.2057,0.0000,1.79,-3.55,-7.69,1,1,0.0000,0.0000,0.1500,0.00,0.8500,0.3500,0.9200,6.00,180.00,0.850000,0.050000,0.000000,1.100000,0.000000,0.000000,1.200000,0.000000,0.000000,1.350000,0.000000,0.000000,0.850000,0.020000,0.000000,0.008000,0.000000,0.000600,0.008000,0.000000,0.000600,0.006000,0.000000,0.000000,1,1,1,531,244,531821,531821,321376,210444,0,60.00,22088,3337,511,0,0,0,22124,500.00,500.00,10,2072,0.0000,0.4400,0.5120,0.7820,0.5040
2026-04-27T18:52:11.876,8.865,1,4.80,-5.40,-1.00,-13.57,1,0.1057,0.2860,-0.1280,0.1908,-0.1696,0.0000,-1.76,-1.72,76.40,62.57,532,532,1.00000,1.00000,1.00000,1.00000,3,3,1,22.88490,0.00343,1.07047,-0.1057,-0.2860,0.2780,0.1908,-0.1696,0.0000,1.76,-3.51,-7.92,1,1,0.0000,0.0000,0.1500,0.00,0.8500,0.3500,0.9200,6.00,180.00,0.850000,0.050000,0.000000,1.100000,0.000000,0.000000,1.200000,0.000000,0.000000,1.350000,0.000000,0.000000,0.850000,0.020000,0.000000,0.008000,0.000000,0.000600,0.008000,0.000000,0.000600,0.006000,0.000000,0.000000,1,1,1,532,243,531821,531821,321376,210444,0,60.00,22088,3337,511,0,0,0,22124,500.00,500.00,10,2072,0.0000,0.4400,0.5120,0.7820,0.5040
2026-04-27T18:52:11.895,8.883,1,4.80,-5.40,-1.00,-13.57,1,0.1024,0.2880,-0.1279,0.1946,-0.1429,0.0000,-1.77,0.52,56.54,54.97,533,533,1.00000,1.00000,1.00000,1.00000,3,3,1,22.97329,0.00349,1.06820,-0.1024,-0.2880,0.2779,0.1946,-0.1429,0.0000,1.77,-3.44,-8.15,1,1,0.0000,0.0000,0.1500,0.00,0.8500,0.3500,0.9200,6.00,180.00,0.850000,0.050000,0.000000,1.100000,0.000000,0.000000,1.200000,0.000000,0.000000,1.350000,0.000000,0.000000,0.850000,0.020000,0.000000,0.008000,0.000000,0.000600,0.008000,0.000000,0.000600,0.006000,0.000000,0.000000,1,1,1,533,244,531821,531821,321376,210444,0,60.00,22088,3337,511,0,0,0,22124,500.00,500.00,10,2072,0.0000,0.4400,0.5120,0.7820,0.5040
2026-04-27T18:52:11.908,8.897,1,4.80,-5.40,-1.00,-13.57,1,0.0991,0.2897,-0.1280,0.2194,-0.1407,0.0000,-1.80,2.18,50.32,63.84,534,534,1.00000,1.00000,1.00000,1.00000,3,3,1,23.21683,0.00362,1.06469,-0.0991,-0.2897,0.2780,0.2194,-0.1407,0.0000,1.80,-3.43,-8.42,1,1,0.0000,0.0000,0.1500,0.00,0.8500,0.3500,0.9200,6.00,180.00,0.850000,0.050000,0.000000,1.100000,0.000000,0.000000,1.200000,0.000000,0.000000,1.350000,0.000000,0.000000,0.850000,0.020000,0.000000,0.008000,0.000000,0.000600,0.008000,0.000000,0.000600,0.006000,0.000000,0.000000,1,1,1,534,242,531821,531821,321376,210444,0,60.00,22088,3337,511,0,0,0,22124,500.00,500.00,10,2072,0.0000,0.4400,0.5120,0.7820,0.5040
2026-04-27T18:52:11.927,8.916,1,4.50,-7.69,-3.93,-7.81,1,0.0956,0.2912,-0.1277,0.2015,-0.1084,0.0000,-1.89,4.68,70.89,58.75,535,535,1.00000,1.00000,1.00000,1.00000,3,3,1,23.32781,0.00347,1.06659,-0.0956,-0.2912,0.2777,0.2015,-0.1084,0.0000,1.89,-3.15,-8.57,1,1,0.0000,0.0000,0.1500,0.00,0.8500,0.3500,0.9200,6.00,180.00,0.850000,0.050000,0.000000,1.100000,0.000000,0.000000,1.200000,0.000000,0.000000,1.350000,0.000000,0.000000,0.850000,0.020000,0.000000,0.008000,0.000000,0.000600,0.008000,0.000000,0.000600,0.006000,0.000000,0.000000,1,1,1,535,244,531821,531821,321376,210444,0,60.00,22088,3337,511,0,0,0,22124,500.00,500.00,10,2072,0.0000,0.4400,0.5120,0.7820,0.5040
2026-04-27T18:52:11.943,8.932,1,4.50,-7.69,-3.93,-7.81,1,0.0918,0.2920,-0.1276,0.2186,-0.0804,0.0000,-1.97,4.80,50.76,61.38,536,536,1.00000,1.00000,1.00000,1.00000,3,3,1,23.40095,0.00355,1.06583,-0.0918,-0.2920,0.2776,0.2186,-0.0804,0.0000,1.97,-3.16,-8.81,1,1,0.0000,0.0000,0.1500,0.00,0.8500,0.3500,0.9200,6.00,180.00,0.850000,0.050000,0.000000,1.100000,0.000000,0.000000,1.200000,0.000000,0.000000,1.350000,0.000000,0.000000,0.850000,0.020000,0.000000,0.008000,0.000000,0.000600,0.008000,0.000000,0.000600,0.006000,0.000000,0.000000,1,1,1,536,243,531821,531821,321376,210444,0,60.00,22088,3337,511,0,0,0,22124,500.00,500.00,10,2072,0.0000,0.4400,0.5120,0.7820,0.5040
2026-04-27T18:52:11.959,8.948,1,4.50,-7.69,-3.93,-7.81,1,0.0881,0.2921,-0.1272,0.2430,-0.0490,-0.0185,-1.98,0.62,69.18,59.54,537,537,1.00000,1.00000,1.00000,1.00000,3,3,1,23.39854,0.00350,1.06402,-0.0881,-0.2921,0.2772,0.2430,-0.0490,-0.0185,1.98,-3.32,-8.96,1,1,0.0000,0.0000,0.1500,0.00,0.8500,0.3500,0.9200,6.00,180.00,0.850000,0.050000,0.000000,1.100000,0.000000,0.000000,1.200000,0.000000,0.000000,1.350000,0.000000,0.000000,0.850000,0.020000,0.000000,0.008000,0.000000,0.000600,0.008000,0.000000,0.000600,0.006000,0.000000,0.000000,1,1,1,537,249,531821,531821,321376,210444,0,60.00,22088,3337,511,0,0,0,22124,500.00,500.00,10,2072,0.0000,0.4400,0.5120,0.7820,0.5040
2026-04-27T18:52:11.975,8.964,1,4.50,-7.69,-3.93,-7.81,1,0.0841,0.2921,-0.1270,0.2354,-0.0240,-0.0140,-1.98,0.00,66.54,59.80,538,538,1.00000,1.00000,1.00000,1.00000,3,3,1,23.49459,0.00338,1.06352,-0.0841,-0.2921,0.2770,0.2354,-0.0240,-0.0140,1.98,-3.18,-9.08,1,1,0.0000,0.0000,0.1500,0.00,0.8500,0.3500,0.9200,6.00,180.00,0.850000,0.050000,0.000000,1.100000,0.000000,0.000000,1.200000,0.000000,0.000000,1.350000,0.000000,0.000000,0.850000,0.020000,0.000000,0.008000,0.000000,0.000600,0.008000,0.000000,0.000600,0.006000,0.000000,0.000000,1,1,1,538,249,531881,531881,321436,210444,0,60.00,22148,3544,511,0,0,0,22124,500.00,500.00,10,2072,0.0000,0.4400,0.5120,0.7820,0.5040
2026-04-27T18:52:11.992,8.980,1,4.50,-7.69,-3.93,-7.81,1,0.0801,0.2918,-0.1268,0.2342,0.0000,-0.0122,-2.03,2.86,57.75,60.82,539,539,1.00000,1.00000,1.00000,1.00000,3,3,1,23.48027,0.00348,1.06488,-0.0801,-0.2918,0.2768,0.2342,0.0000,-0.0122,2.03,-3.19,-9.26,1,1,0.0000,0.0000,0.1500,0.00,0.8500,0.3500,0.9200,6.00,180.00,0.850000,0.050000,0.000000,1.100000,0.000000,0.000000,1.200000,0.000000,0.000000,1.350000,0.000000,0.000000,0.850000,0.020000,0.000000,0.008000,0.000000,0.000600,0.008000,0.000000,0.000600,0.006000,0.000000,0.000000,1,1,1,539,243,531881,531881,321436,210444,0,60.00,22148,3544,511,0,0,0,22124,500.00,500.00,10,2072,0.0000,0.4400,0.5120,0.7820,0.5040
2026-04-27T18:52:12.011,9.000,1,4.50,-7.69,-3.93,-7.81,1,0.0759,0.2910,-0.1264,0.2383,0.0209,-0.0188,-2.09,3.25,57.21,58.10,540,540,1.00000,1.00000,1.00000,1.00000,3,3,1,23.42933,0.00365,1.06152,-0.0759,-0.2910,0.2764,0.2383,0.0209,-0.0188,2.09,-3.44,-9.42,1,1,0.0000,0.0000,0.1500,0.00,0.8500,0.3500,0.9200,6.00,180.00,0.850000,0.050000,0.000000,1.100000,0.000000,0.000000,1.200000,0.000000,0.000000,1.350000,0.000000,0.000000,0.850000,0.020000,0.000000,0.008000,0.000000,0.000600,0.008000,0.000000,0.000600,0.006000,0.000000,0.000000,1,1,1,540,248,531881,531881,321436,210444,0,60.00,22148,3544,511,0,0,0,22124,500.00,500.00,10,2072,0.0000,0.4400,0.5120,0.7820,0.5040
2026-04-27T18:52:12.027,9.015,1,4.50,-7.69,-3.93,-7.81,1,0.0719,0.2895,-0.1260,0.2527,0.0562,-0.0226,-2.10,0.64,54.05,62.02,541,541,1.00000,1.00000,1.00000,1.00000,3,3,1,23.44750,0.00343,1.05787,-0.0719,-0.2895,0.2760,0.2527,0.0562,-0.0226,2.10,-3.47,-9.53,1,1,0.0000,0.0000,0.1500,0.00,0.8500,0.3500,0.9200,6.00,180.00,0.850000,0.050000,0.000000,1.100000,0.000000,0.000000,1.200000,0.000000,0.000000,1.350000,0.000000,0.000000,0.850000,0.020000,0.000000,0.008000,0.000000,0.000600,0.008000,0.000000,0.000600,0.006000,0.000000,0.000000,1,1,1,541,247,531881,531881,321436,210444,0,60.00,22148,3544,511,0,0,0,22124,500.00,500.00,10,2072,0.0000,0.4400,0.5120,0.7820,0.5040
2026-04-27T18:52:12.043,9.032,1,4.50,-7.69,-3.93,-7.81,1,0.0676,0.2878,-0.1255,0.2549,0.0780,-0.0236,-2.04,-3.63,64.04,60.07,542,542,1.00000,1.00000,1.00000,1.00000,3,3,1,23.42384,0.00359,1.05959,-0.0676,-0.2878,0.2755,0.2549,0.0780,-0.0236,2.04,-3.41,-9.59,1,1,0.0000,0.0000,0.1500,0.00,0.8500,0.3500,0.9200,6.00,180.00,0.850000,0.050000,0.000000,1.100000,0.000000,0.000000,1.200000,0.000000,0.000000,1.350000,0.000000,0.000000,0.850000,0.020000,0.000000,0.008000,0.000000,0.000600,0.008000,0.000000,0.000600,0.006000,0.000000,0.000000,1,1,1,542,248,531881,531881,321436,210444,0,60.00,22148,3544,511,0,0,0,22124,500.00,500.00,10,2072,0.0000,0.4400,0.5120,0.7820,0.5040
2026-04-27T18:52:12.057,9.046,1,4.50,-7.69,-3.93,-7.81,1,0.0630,0.2856,-0.1252,0.2807,0.1101,-0.0240,-2.07,2.15,57.38,59.46,543,543,1.00000,1.00000,1.00000,1.00000,3,3,1,23.31079,0.00353,1.05792,-0.0630,-0.2856,0.2752,0.2807,0.1101,-0.0240,2.07,-3.61,-9.73,1,1,0.0000,0.0000,0.1500,0.00,0.8500,0.3500,0.9200,6.00,180.00,0.850000,0.050000,0.000000,1.100000,0.000000,0.000000,1.200000,0.000000,0.000000,1.350000,0.000000,0.000000,0.850000,0.020000,0.000000,0.008000,0.000000,0.000600,0.008000,0.000000,0.000600,0.006000,0.000000,0.000000,1,1,1,543,247,531881,531881,321436,210444,0,60.00,22148,3544,511,0,0,0,22124,500.00,500.00,10,2072,0.0000,0.4400,0.5120,0.7820,0.5040
2026-04-27T18:52:12.078,9.067,1,4.10,-8.20,-3.93,-4.94,1,0.0586,0.2830,-0.1251,0.2526,0.1204,-0.0126,-1.99,-3.77,74.56,57.01,544,544,1.00000,1.00000,1.00000,1.00000,3,3,1,23.34143,0.00357,1.05490,-0.0586,-0.2830,0.2751,0.2526,0.1204,-0.0126,1.99,-3.53,-9.76,1,1,0.0000,0.0000,0.1500,0.00,0.8500,0.3500,0.9200,6.00,180.00,0.850000,0.050000,0.000000,1.100000,0.000000,0.000000,1.200000,0.000000,0.000000,1.350000,0.000000,0.000000,0.850000,0.020000,0.000000,0.008000,0.000000,0.000600,0.008000,0.000000,0.000600,0.006000,0.000000,0.000000,1,1,1,544,247,531881,531881,321436,210444,0,60.00,22148,3544,511,0,0,0,22124,500.00,500.00,10,2072,0.0000,0.4400,0.5120,0.7820,0.5040
2026-04-27T18:52:12.090,9.079,1,4.10,-8.20,-3.93,-4.94,1,0.0544,0.2801,-0.1247,0.2945,0.1710,-0.0251,-2.07,6.45,48.27,63.84,545,545,1.00000,1.00000,1.00000,1.00000,3,3,1,23.17578,0.00341,1.05540,-0.0544,-0.2801,0.2747,0.2945,0.1710,-0.0251,2.07,-3.49,-9.81,1,1,0.0000,0.0000,0.1500,0.00,0.8500,0.3500,0.9200,6.00,180.00,0.850000,0.050000,0.000000,1.100000,0.000000,0.000000,1.200000,0.000000,0.000000,1.350000,0.000000,0.000000,0.850000,0.020000,0.000000,0.008000,0.000000,0.000600,0.008000,0.000000,0.000600,0.006000,0.000000,0.000000,1,1,1,545,247,531881,531881,321436,210444,0,60.00,22148,3544,511,0,0,0,22124,500.00,500.00,10,2072,0.0000,0.4400,0.5120,0.7820,0.5040
2026-04-27T18:52:12.109,9.098,1,4.10,-8.20,-3.93,-4.94,1,0.0495,0.2766,-0.1241,0.2691,0.1730,-0.0272,-2.06,-0.52,87.52,59.30,546,546,1.00000,1.00000,1.00000,1.00000,3,3,1,23.07024,0.00360,1.05788,-0.0495,-0.2766,0.2741,0.2691,0.1730,-0.0272,2.06,-3.58,-9.99,1,1,0.0000,0.0000,0.1500,0.00,0.8500,0.3500,0.9200,6.00,180.00,0.850000,0.050000,0.000000,1.100000,0.000000,0.000000,1.200000,0.000000,0.000000,1.350000,0.000000,0.000000,0.850000,0.020000,0.000000,0.008000,0.000000,0.000600,0.008000,0.000000,0.000600,0.006000,0.000000,0.000000,1,1,1,546,247,531881,531881,321436,210444,0,60.00,22148,3544,511,0,0,0,22124,500.00,500.00,10,2072,0.0000,0.4400,0.5120,0.7820,0.5040
2026-04-27T18:52:12.127,9.116,1,4.10,-8.20,-3.93,-4.94,1,0.0450,0.2730,-0.1238,0.2748,0.1992,-0.0225,-2.03,-1.73,49.83,59.30,547,547,1.00000,1.00000,1.00000,1.00000,3,3,1,22.90647,0.00353,1.05473,-0.0450,-0.2730,0.2738,0.2748,0.1992,-0.0225,2.03,-3.68,-10.01,1,1,0.0000,0.0000,0.1500,0.00,0.8500,0.3500,0.9200,6.00,180.00,0.850000,0.050000,0.000000,1.100000,0.000000,0.000000,1.200000,0.000000,0.000000,1.350000,0.000000,0.000000,0.850000,0.020000,0.000000,0.008000,0.000000,0.000600,0.008000,0.000000,0.000600,0.006000,0.000000,0.000000,1,1,1,547,246,531881,531881,321436,210444,0,60.00,22148,3544,511,0,0,0,22124,500.00,500.00,10,2072,0.0000,0.4400,0.5120,0.7820,0.5040
2026-04-27T18:52:12.140,9.128,1,4.10,-8.20,-3.93,-4.94,1,0.0405,0.2689,-0.1237,0.3152,0.2552,-0.0141,-2.06,2.26,57.52,61.47,548,548,1.00000,1.00000,1.00000,1.00000,3,3,1,22.82279,0.00368,1.05560,-0.0405,-0.2689,0.2737,0.3152,0.2552,-0.0141,2.06,-3.76,-10.09,1,1,0.0000,0.0000,0.1500,0.00,0.8500,0.3500,0.9200,6.00,180.00,0.850000,0.050000,0.000000,1.100000,0.000000,0.000000,1.200000,0.000000,0.000000,1.350000,0.000000,0.000000,0.850000,0.020000,0.000000,0.008000,0.000000,0.000600,0.008000,0.000000,0.000600,0.006000,0.000000,0.000000,1,1,1,548,249,531881,531881,321436,210444,0,60.00,22148,3544,511,0,0,0,22124,500.00,500.00,10,2072,0.0000,0.4400,0.5120,0.7820,0.5040
2026-04-27T18:52:12.159,9.147,1,4.10,-8.20,-3.93,-4.94,1,0.0354,0.2640,-0.1234,0.2941,0.2611,-0.0188,-1.99,-3.87,80.10,55.69,549,549,1.00000,1.00000,1.00000,1.00000,3,3,1,22.54886,0.00365,1.05461,-0.0354,-0.2640,0.2734,0.2941,0.2611,-0.0188,1.99,-3.75,-10.26,1,1,0.0000,0.0000,0.1500,0.00,0.8500,0.3500,0.9200,6.00,180.00,0.850000,0.050000,0.000000,1.100000,0.000000,0.000000,1.200000,0.000000,0.000000,1.350000,0.000000,0.000000,0.850000,0.020000,0.000000,0.008000,0.000000,0.000600,0.008000,0.000000,0.000600,0.006000,0.000000,0.000000,1,1,1,549,249,531881,531881,321436,210444,0,60.00,22148,3544,511,0,0,0,22124,500.00,500.00,10,2072,0.0000,0.4400,0.5120,0.7820,0.5040
2026-04-27T18:52:12.174,9.163,1,4.10,-8.20,-3.93,-4.94,1,0.0306,0.2589,-0.1231,0.2998,0.2901,-0.0172,-2.03,2.64,52.05,64.87,550,550,1.00000,1.00000,1.00000,1.00000,3,3,1,22.38696,0.00377,1.05562,-0.0306,-0.2589,0.2731,0.2998,0.2901,-0.0172,2.03,-3.93,-10.34,1,1,0.0000,0.0000,0.1500,0.00,0.8500,0.3500,0.9200,6.00,180.00,0.850000,0.050000,0.000000,1.100000,0.000000,0.000000,1.200000,0.000000,0.000000,1.350000,0.000000,0.000000,0.850000,0.020000,0.000000,0.008000,0.000000,0.000600,0.008000,0.000000,0.000600,0.006000,0.000000,0.000000,1,1,1,550,246,531881,531881,321436,210444,0,60.00,22148,3544,511,0,0,0,22124,500.00,500.00,10,2072,0.0000,0.4400,0.5120,0.7820,0.5040
2026-04-27T18:52:12.194,9.182,1,4.10,-8.20,-3.93,-4.94,1,0.0261,0.2538,-0.1231,0.3438,0.3599,0.0000,-2.06,1.58,67.62,62.02,551,551,1.00000,1.00000,1.00000,1.00000,3,3,1,22.13174,0.00375,1.05347,-0.0261,-0.2538,0.2731,0.3438,0.3599,0.0000,2.06,-4.01,-10.41,1,1,0.0000,0.0000,0.1500,0.00,0.8500,0.3500,0.9200,6.00,180.00,0.850000,0.050000,0.000000,1.100000,0.000000,0.000000,1.200000,0.000000,0.000000,1.350000,0.000000,0.000000,0.850000,0.020000,0.000000,0.008000,0.000000,0.000600,0.008000,0.000000,0.000600,0.006000,0.000000,0.000000,1,1,1,551,240,531881,531881,321436,210444,0,60.00,22148,3544,511,0,0,0,22124,500.00,500.00,10,2072,0.0000,0.4400,0.5120,0.7820,0.5040
2026-04-27T18:52:12.210,9.199,1,4.10,-8.20,-3.93,-4.94,1,0.0204,0.2467,-0.1228,0.2849,0.3235,-0.0122,-2.02,-2.36,49.92,56.08,552,552,1.00000,1.00000,1.00000,1.00000,3,3,1,21.92318,0.00363,1.04989,-0.0204,-0.2467,0.2728,0.2849,0.3235,-0.0122,2.02,-3.91,-10.37,1,1,0.0000,0.0000,0.1500,0.00,0.8500,0.3500,0.9200,6.00,180.00,0.850000,0.050000,0.000000,1.100000,0.000000,0.000000,1.200000,0.000000,0.000000,1.350000,0.000000,0.000000,0.850000,0.020000,0.000000,0.008000,0.000000,0.000600,0.008000,0.000000,0.000600,0.006000,0.000000,0.000000,1,1,1,552,248,531881,531881,321436,210444,0,60.00,22148,3544,511,0,0,0,22124,500.00,500.00,10,2072,0.0000,0.4400,0.5120,0.7820,0.5040
2026-04-27T18:52:12.227,9.215,1,3.00,-8.50,-5.96,0.96,1,0.0159,0.2412,-0.1225,0.3107,0.3611,-0.0131,-2.01,-0.61,61.68,62.46,553,553,1.00000,1.00000,1.00000,1.00000,3,3,1,21.73845,0.00382,1.05557,-0.0159,-0.2412,0.2725,0.3107,0.3611,-0.0131,2.01,-4.32,-10.43,1,1,0.0000,0.0000,0.1500,0.00,0.8500,0.3500,0.9200,6.00,180.00,0.850000,0.050000,0.000000,1.100000,0.000000,0.000000,1.200000,0.000000,0.000000,1.350000,0.000000,0.000000,0.850000,0.020000,0.000000,0.008000,0.000000,0.000600,0.008000,0.000000,0.000600,0.006000,0.000000,0.000000,1,1,1,553,246,531881,531881,321436,210444,0,60.00,22148,3544,511,0,0,0,22124,500.00,500.00,10,2072,0.0000,0.4400,0.5120,0.7820,0.5040
2026-04-27T18:52:12.244,9.233,1,3.00,-8.50,-5.96,0.96,1,0.0110,0.2343,-0.1225,0.2905,0.3703,0.0000,-1.94,-3.85,63.72,55.80,554,554,1.00000,1.00000,1.00000,1.00000,3,3,1,21.40101,0.00369,1.04696,-0.0110,-0.2343,0.2725,0.2905,0.3703,0.0000,1.94,-4.40,-10.46,1,1,0.0000,0.0000,0.1500,0.00,0.8500,0.3500,0.9200,6.00,180.00,0.850000,0.050000,0.000000,1.100000,0.000000,0.000000,1.200000,0.000000,0.000000,1.350000,0.000000,0.000000,0.850000,0.020000,0.000000,0.008000,0.000000,0.000600,0.008000,0.000000,0.000600,0.006000,0.000000,0.000000,1,1,1,554,241,531881,531881,321436,210444,0,60.00,22148,3544,511,0,0,0,22124,500.00,500.00,10,2072,0.0000,0.4400,0.5120,0.7820,0.5040
2026-04-27T18:52:12.259,9.248,1,3.00,-8.50,-5.96,0.96,1,0.0063,0.2276,-0.1225,0.3184,0.4275,0.0000,-1.92,-1.42,51.09,64.61,555,555,1.00000,1.00000,1.00000,1.00000,3,3,1,21.15831,0.00377,1.04797,-0.0063,-0.2276,0.2725,0.3184,0.4275,0.0000,1.92,-4.39,-10.58,1,1,0.0000,0.0000,0.1500,0.00,0.8500,0.3500,0.9200,6.00,180.00,0.850000,0.050000,0.000000,1.100000,0.000000,0.000000,1.200000,0.000000,0.000000,1.350000,0.000000,0.000000,0.850000,0.020000,0.000000,0.008000,0.000000,0.000600,0.008000,0.000000,0.000600,0.006000,0.000000,0.000000,1,1,1,555,244,531881,531881,321436,210444,0,60.00,22148,3544,511,0,0,0,22124,500.00,500.00,10,2072,0.0000,0.4400,0.5120,0.7820,0.5040
2026-04-27T18:52:12.277,9.265,1,3.00,-8.50,-5.96,0.96,1,0.0013,0.2198,-0.1222,0.3135,0.4515,-0.0109,-1.89,-1.65,73.37,59.57,556,556,1.00000,1.00000,1.00000,1.00000,3,3,1,20.86838,0.00375,1.04841,-0.0013,-0.2198,0.2722,0.3135,0.4515,-0.0109,1.89,-4.35,-10.50,1,1,0.0000,0.0000,0.1500,0.00,0.8500,0.3500,0.9200,6.00,180.00,0.850000,0.050000,0.000000,1.100000,0.000000,0.000000,1.200000,0.000000,0.000000,1.350000,0.000000,0.000000,0.850000,0.020000,0.000000,0.008000,0.000000,0.000600,0.008000,0.000000,0.000600,0.006000,0.000000,0.000000,1,1,1,556,242,531881,531881,321436,210444,0,60.00,22148,3544,511,0,0,0,22124,500.00,500.00,10,2072,0.0000,0.4400,0.5120,0.7820,0.5040
2026-04-27T18:52:12.294,9.283,1,3.00,-8.50,-5.96,0.96,1,-0.0038,0.2113,-0.1220,0.2908,0.4492,-0.0101,-1.81,-4.61,59.64,60.25,557,557,1.00000,1.00000,1.00000,1.00000,3,3,1,20.60059,0.00366,1.04287,0.0038,-0.2113,0.2720,0.2908,0.4492,-0.0101,1.81,-4.23,-10.43,1,1,0.0000,0.0000,0.1500,0.00,0.8500,0.3500,0.9200,6.00,180.00,0.850000,0.050000,0.000000,1.100000,0.000000,0.000000,1.200000,0.000000,0.000000,1.350000,0.000000,0.000000,0.850000,0.020000,0.000000,0.008000,0.000000,0.000600,0.008000,0.000000,0.000600,0.006000,0.000000,0.000000,1,1,1,557,247,531881,531881,321436,210444,0,60.00,22148,3544,511,0,0,0,22124,500.00,500.00,10,2072,0.0000,0.4400,0.5120,0.7820,0.5040
2026-04-27T18:52:12.308,9.296,1,3.00,-8.50,-5.96,0.96,1,-0.0084,0.2035,-0.1219,0.3101,0.4966,0.0000,-1.81,0.00,54.86,63.14,558,558,1.00000,1.00000,1.00000,1.00000,3,3,1,20.28097,0.00362,1.04151,0.0084,-0.2035,0.2719,0.3101,0.4966,0.0000,1.81,-4.27,-10.52,1,1,0.0000,0.0000,0.1500,0.00,0.8500,0.3500,0.9200,6.00,180.00,0.850000,0.050000,0.000000,1.100000,0.000000,0.000000,1.200000,0.000000,0.000000,1.350000,0.000000,0.000000,0.850000,0.020000,0.000000,0.008000,0.000000,0.000600,0.008000,0.000000,0.000600,0.006000,0.000000,0.000000,1,1,1,558,242,531881,531881,321436,210444,0,60.00,22148,3544,511,0,0,0,22124,500.00,500.00,10,2072,0.0000,0.4400,0.5120,0.7820,0.5040
2026-04-27T18:52:12.325,9.314,1,3.00,-8.50,-5.96,0.96,1,-0.0136,0.1946,-0.1215,0.3095,0.5165,-0.0175,-1.73,-4.78,73.25,57.27,559,559,1.00000,1.00000,1.00000,1.00000,3,3,1,19.96818,0.00403,1.04476,0.0136,-0.1946,0.2715,0.3095,0.5165,-0.0175,1.73,-4.49,-10.51,1,1,0.0000,0.0000,0.1500,0.00,0.8500,0.3500,0.9200,6.00,180.00,0.850000,0.050000,0.000000,1.100000,0.000000,0.000000,1.200000,0.000000,0.000000,1.350000,0.000000,0.000000,0.850000,0.020000,0.000000,0.008000,0.000000,0.000600,0.008000,0.000000,0.000600,0.006000,0.000000,0.000000,1,1,1,559,248,531881,531881,321436,210444,0,60.00,22148,3544,511,0,0,0,22124,500.00,500.00,10,2072,0.0000,0.4400,0.5120,0.7820,0.5040
2026-04-27T18:52:12.341,9.330,1,3.00,-8.50,-5.96,0.96,1,-0.0186,0.1854,-0.1212,0.3113,0.5446,-0.0187,-1.63,-5.83,56.63,64.18,560,560,1.00000,1.00000,1.00000,1.00000,3,3,1,19.73563,0.00377,1.04152,0.0186,-0.1854,0.2712,0.3113,0.5446,-0.0187,1.63,-4.60,-10.48,1,1,0.0000,0.0000,0.1500,0.00,0.8500,0.3500,0.9200,6.00,180.00,0.850000,0.050000,0.000000,1.100000,0.000000,0.000000,1.200000,0.000000,0.000000,1.350000,0.000000,0.000000,0.850000,0.020000,0.000000,0.008000,0.000000,0.000600,0.008000,0.000000,0.000600,0.006000,0.000000,0.000000,1,1,1,560,247,531881,531881,321436,210444,0,60.00,22148,3544,511,0,0,0,22124,500.00,500.00,10,2072,0.0000,0.4400,0.5120,0.7820,0.5040
2026-04-27T18:52:12.362,9.351,1,3.00,-8.50,-5.96,0.96,1,-0.0238,0.1753,-0.1209,0.2855,0.5230,-0.0151,-1.67,2.07,59.29,51.39,561,561,1.00000,1.00000,1.00000,1.00000,3,3,1,19.31139,0.00395,1.04094,0.0238,-0.1753,0.2709,0.2855,0.5230,-0.0151,1.67,-4.71,-10.22,1,1,0.0000,0.0000,0.1500,0.00,0.8500,0.3500,0.9200,6.00,180.00,0.850000,0.050000,0.000000,1.100000,0.000000,0.000000,1.200000,0.000000,0.000000,1.350000,0.000000,0.000000,0.850000,0.020000,0.000000,0.008000,0.000000,0.000600,0.008000,0.000000,0.000600,0.006000,0.000000,0.000000,1,1,1,561,248,531881,531881,321436,210444,0,60.00,22148,3544,511,0,0,0,22124,500.00,500.00,10,2072,0.0000,0.4400,0.5120,0.7820,0.5040
2026-04-27T18:52:12.376,9.365,1,2.30,-8.20,-6.79,2.89,1,-0.0281,0.1660,-0.1205,0.2908,0.5774,-0.0227,-1.49,-12.66,50.85,55.91,562,562,1.00000,1.00000,1.00000,1.00000,3,3,1,19.07881,0.00382,1.04198,0.0281,-0.1660,0.2705,0.2908,0.5774,-0.0227,1.49,-4.59,-10.09,1,1,0.0000,0.0000,0.1500,0.00,0.8500,0.3500,0.9200,6.00,180.00,0.850000,0.050000,0.000000,1.100000,0.000000,0.000000,1.200000,0.000000,0.000000,1.350000,0.000000,0.000000,0.850000,0.020000,0.000000,0.008000,0.000000,0.000600,0.008000,0.000000,0.000600,0.006000,0.000000,0.000000,1,1,1,562,248,531881,531881,321436,210444,0,60.00,22148,3544,511,0,0,0,22124,500.00,500.00,10,2072,0.0000,0.4400,0.5120,0.7820,0.5040
2026-04-27T18:52:12.390,9.378,1,2.30,-8.20,-6.79,2.89,1,-0.0329,0.1558,-0.1199,0.3288,0.6681,-0.0333,-1.40,-6.57,68.17,72.58,563,563,1.00000,1.00000,1.00000,1.00000,3,3,1,18.75757,0.00364,1.03626,0.0329,-0.1558,0.2699,0.3288,0.6681,-0.0333,1.40,-4.65,-9.88,1,1,0.0000,0.0000,0.1500,0.00,0.8500,0.3500,0.9200,6.00,180.00,0.850000,0.050000,0.000000,1.100000,0.000000,0.000000,1.200000,0.000000,0.000000,1.350000,0.000000,0.000000,0.850000,0.020000,0.000000,0.008000,0.000000,0.000600,0.008000,0.000000,0.000600,0.006000,0.000000,0.000000,1,1,1,563,245,531881,531881,321436,210444,0,60.00,22148,3544,511,0,0,0,22124,500.00,500.00,10,2072,0.0000,0.4400,0.5120,0.7820,0.5040
2026-04-27T18:52:12.409,9.398,1,2.30,-8.20,-6.79,2.89,1,-0.0380,0.1443,-0.1195,0.2899,0.6230,-0.0234,-1.21,-9.43,73.53,58.97,564,564,1.00000,1.00000,1.00000,1.00000,3,3,1,18.38182,0.00384,1.03705,0.0380,-0.1443,0.2695,0.2899,0.6230,-0.0234,1.21,-4.37,-9.79,1,1,0.0000,0.0000,0.1500,0.00,0.8500,0.3500,0.9200,6.00,180.00,0.850000,0.050000,0.000000,1.100000,0.000000,0.000000,1.200000,0.000000,0.000000,1.350000,0.000000,0.000000,0.850000,0.020000,0.000000,0.008000,0.000000,0.000600,0.008000,0.000000,0.000600,0.006000,0.000000,0.000000,1,1,1,564,245,531881,531881,321436,210444,0,60.00,22148,3544,511,0,0,0,22124,500.00,500.00,10,2072,0.0000,0.4400,0.5120,0.7820,0.5040
2026-04-27T18:52:12.426,9.415,1,2.30,-8.20,-6.79,2.89,1,-0.0428,0.1336,-0.1190,0.2929,0.6358,-0.0291,-1.10,-6.64,50.22,59.89,565,565,1.00000,1.00000,1.00000,1.00000,3,3,1,18.05636,0.00378,1.04062,0.0428,-0.1336,0.2690,0.2929,0.6358,-0.0291,1.10,-4.34,-9.78,1,1,0.0000,0.0000,0.1500,0.00,0.8500,0.3500,0.9200,6.00,180.00,0.850000,0.050000,0.000000,1.100000,0.000000,0.000000,1.200000,0.000000,0.000000,1.350000,0.000000,0.000000,0.850000,0.020000,0.000000,0.008000,0.000000,0.000600,0.008000,0.000000,0.000600,0.006000,0.000000,0.000000,1,1,1,565,246,531881,531881,321436,210444,0,60.00,22148,3544,511,0,0,0,22124,500.00,500.00,10,2072,0.0000,0.4400,0.5120,0.7820,0.5040
2026-04-27T18:52:12.442,9.430,1,2.30,-8.20,-6.79,2.89,1,-0.0474,0.1230,-0.1187,0.3100,0.6927,-0.0249,-1.12,1.30,59.04,61.39,566,566,1.00000,1.00000,1.00000,1.00000,3,3,1,17.81617,0.00388,1.03802,0.0474,-0.1230,0.2687,0.3100,0.6927,-0.0249,1.12,-4.42,-9.59,1,1,0.0000,0.0000,0.1500,0.00,0.8500,0.3500,0.9200,6.00,180.00,0.850000,0.050000,0.000000,1.100000,0.000000,0.000000,1.200000,0.000000,0.000000,1.350000,0.000000,0.000000,0.850000,0.020000,0.000000,0.008000,0.000000,0.000600,0.008000,0.000000,0.000600,0.006000,0.000000,0.000000,1,1,1,566,246,531881,531881,321436,210444,0,60.00,22148,3544,511,0,0,0,22124,500.00,500.00,10,2072,0.0000,0.4400,0.5120,0.7820,0.5040
2026-04-27T18:52:12.458,9.447,1,2.30,-8.20,-6.79,2.89,1,-0.0525,0.1109,-0.1185,0.3034,0.6946,-0.0192,-1.12,0.00,67.38,59.73,567,567,1.00000,1.00000,1.00000,1.00000,3,3,1,17.52916,0.00358,1.03395,0.0525,-0.1109,0.2685,0.3034,0.6946,-0.0192,1.12,-4.43,-9.30,1,1,0.0000,0.0000,0.1500,0.00,0.8500,0.3500,0.9200,6.00,180.00,0.850000,0.050000,0.000000,1.100000,0.000000,0.000000,1.200000,0.000000,0.000000,1.350000,0.000000,0.000000,0.850000,0.020000,0.000000,0.008000,0.000000,0.000600,0.008000,0.000000,0.000600,0.006000,0.000000,0.000000,1,1,1,567,246,531881,531881,321436,210444,0,60.00,22148,3544,511,0,0,0,22124,500.00,500.00,10,2072,0.0000,0.4400,0.5120,0.7820,0.5040
2026-04-27T18:52:12.473,9.462,1,2.30,-8.20,-6.79,2.89,1,-0.0573,0.0991,-0.1180,0.3081,0.7341,-0.0258,-1.05,-4.50,62.58,60.34,568,568,1.00000,1.00000,1.00000,1.00000,3,3,1,17.15214,0.00368,1.03009,0.0573,-0.0991,0.2680,0.3081,0.7341,-0.0258,1.05,-4.39,-9.05,1,1,0.0000,0.0000,0.1500,0.00,0.8500,0.3500,0.9200,6.00,180.00,0.850000,0.050000,0.000000,1.100000,0.000000,0.000000,1.200000,0.000000,0.000000,1.350000,0.000000,0.000000,0.850000,0.020000,0.000000,0.008000,0.000000,0.000600,0.008000,0.000000,0.000600,0.006000,0.000000,0.000000,1,1,1,568,247,531881,531881,321436,210444,0,60.00,22148,3544,511,0,0,0,22124,500.00,500.00,10,2072,0.0000,0.4400,0.5120,0.7820,0.5040
2026-04-27T18:52:12.494,9.482,1,2.30,-8.20,-6.79,2.89,1,-0.0625,0.0869,-0.1179,0.2896,0.6874,-0.0153,-1.05,0.00,61.99,60.35,569,569,1.00000,1.00000,1.00000,1.00000,3,3,1,16.86245,0.00378,1.03521,0.0625,-0.0869,0.2679,0.2896,0.6874,-0.0153,1.05,-4.50,-8.87,1,1,0.0000,0.0000,0.1500,0.00,0.8500,0.3500,0.9200,6.00,180.00,0.850000,0.050000,0.000000,1.100000,0.000000,0.000000,1.200000,0.000000,0.000000,1.350000,0.000000,0.000000,0.850000,0.020000,0.000000,0.008000,0.000000,0.000600,0.008000,0.000000,0.000600,0.006000,0.000000,0.000000,1,1,1,569,245,531881,531881,321436,210444,0,60.00,22148,3544,511,0,0,0,22124,500.00,500.00,10,2072,0.0000,0.4400,0.5120,0.7820,0.5040
2026-04-27T18:52:12.509,9.498,1,2.30,-8.20,-6.79,2.89,1,-0.0671,0.0752,-0.1173,0.2957,0.7274,-0.0284,-0.88,-11.42,48.15,59.77,570,570,1.00000,1.00000,1.00000,1.00000,3,3,1,16.57105,0.00404,1.03471,0.0671,-0.0752,0.2673,0.2957,0.7274,-0.0284,0.88,-4.86,-8.70,1,1,0.0000,0.0000,0.1500,0.00,0.8500,0.3500,0.9200,6.00,180.00,0.850000,0.050000,0.000000,1.100000,0.000000,0.000000,1.200000,0.000000,0.000000,1.350000,0.000000,0.000000,0.850000,0.020000,0.000000,0.008000,0.000000,0.000600,0.008000,0.000000,0.000600,0.006000,0.000000,0.000000,1,1,1,570,246,531881,531881,321436,210444,0,60.00,22148,3544,511,0,0,0,22124,500.00,500.00,10,2072,0.0000,0.4400,0.5120,0.7820,0.5040
2026-04-27T18:52:12.526,9.514,1,1.29,-5.40,-5.90,15.67,1,-0.0720,0.0625,-0.1170,0.2988,0.7498,-0.0229,-0.84,-2.21,70.38,59.43,571,571,1.00000,1.00000,1.00000,1.00000,3,3,1,16.35545,0.00393,1.03336,0.0720,-0.0625,0.2670,0.2988,0.7498,-0.0229,0.84,-5.14,-8.39,1,1,0.0000,0.0000,0.1500,0.00,0.8500,0.3500,0.9200,6.00,180.00,0.850000,0.050000,0.000000,1.100000,0.000000,0.000000,1.200000,0.000000,0.000000,1.350000,0.000000,0.000000,0.850000,0.020000,0.000000,0.008000,0.000000,0.000600,0.008000,0.000000,0.000600,0.006000,0.000000,0.000000,1,1,1,571,246,531881,531881,321436,210444,0,60.00,22148,3544,511,0,0,0,22124,500.00,500.00,10,2072,0.0000,0.4400,0.5120,0.7820,0.5040
2026-04-27T18:52:12.542,9.531,1,1.29,-5.40,-5.90,15.67,1,-0.0765,0.0499,-0.1172,0.2884,0.7695,0.0000,-0.84,0.00,59.12,65.18,572,572,1.00000,1.00000,1.00000,1.00000,3,3,1,15.91647,0.00364,1.03426,0.0765,-0.0499,0.2672,0.2884,0.7695,0.0000,0.84,-4.85,-8.16,1,1,0.0000,0.0000,0.1500,0.00,0.8500,0.3500,0.9200,6.00,180.00,0.850000,0.050000,0.000000,1.100000,0.000000,0.000000,1.200000,0.000000,0.000000,1.350000,0.000000,0.000000,0.850000,0.020000,0.000000,0.008000,0.000000,0.000600,0.008000,0.000000,0.000600,0.006000,0.000000,0.000000,1,1,1,572,241,531881,531881,321436,210444,0,60.00,22148,3544,511,0,0,0,22124,500.00,500.00,10,2072,0.0000,0.4400,0.5120,0.7820,0.5040
2026-04-27T18:52:12.559,9.547,1,1.29,-5.40,-5.90,15.67,1,-0.0814,0.0369,-0.1169,0.2865,0.7587,-0.0144,-0.74,-5.70,57.18,55.16,573,573,1.00000,1.00000,1.00000,1.00000,3,3,1,15.63361,0.00375,1.03402,0.0814,-0.0369,0.2669,0.2865,0.7587,-0.0144,0.74,-4.96,-7.85,1,1,0.0000,0.0000,0.1500,0.00,0.8500,0.3500,0.9200,6.00,180.00,0.850000,0.050000,0.000000,1.100000,0.000000,0.000000,1.200000,0.000000,0.000000,1.350000,0.000000,0.000000,0.850000,0.020000,0.000000,0.008000,0.000000,0.000600,0.008000,0.000000,0.000600,0.006000,0.000000,0.000000,1,1,1,573,247,531881,531881,321436,210444,0,60.00,22148,3544,571,0,0,0,22184,500.00,500.00,12,404,0.0000,0.5610,0.4670,0.7960,0.5020
2026-04-27T18:52:12.575,9.564,1,1.29,-5.40,-5.90,15.67,1,-0.0862,0.0240,-0.1164,0.2898,0.7778,-0.0219,-0.77,1.84,63.22,60.62,574,574,1.00000,1.00000,1.00000,1.00000,3,3,1,15.31262,0.00390,1.03642,0.0862,-0.0240,0.2664,0.2898,0.7778,-0.0219,0.77,-5.42,-7.67,1,1,0.0000,0.0000,0.1500,0.00,0.8500,0.3500,0.9200,6.00,180.00,0.850000,0.050000,0.000000,1.100000,0.000000,0.000000,1.200000,0.000000,0.000000,1.350000,0.000000,0.000000,0.850000,0.020000,0.000000,0.008000,0.000000,0.000600,0.008000,0.000000,0.000600,0.006000,0.000000,0.000000,1,1,1,574,246,531881,531881,321436,210444,0,60.00,22148,3544,571,0,0,0,22184,500.00,500.00,12,404,0.0000,0.5610,0.4670,0.7960,0.5020
2026-04-27T18:52:12.594,9.583,1,1.29,-5.40,-5.90,15.67,1,-0.0907,0.0107,-0.1163,0.2787,0.7890,0.0000,-0.83,3.32,64.61,61.19,575,575,1.00000,1.00000,1.00000,1.00000,3,3,1,15.08178,0.00359,1.03082,0.0907,-0.0107,0.2663,0.2787,0.7890,0.0000,0.83,-5.14,-7.25,1,1,0.0000,0.0000,0.1500,0.00,0.8500,0.3500,0.9200,6.00,180.00,0.850000,0.050000,0.000000,1.100000,0.000000,0.000000,1.200000,0.000000,0.000000,1.350000,0.000000,0.000000,0.850000,0.020000,0.000000,0.008000,0.000000,0.000600,0.008000,0.000000,0.000600,0.006000,0.000000,0.000000,1,1,1,575,242,531881,531881,321436,210444,0,60.00,22148,3544,571,0,0,0,22184,500.00,500.00,12,404,0.0000,0.5610,0.4670,0.7960,0.5020
2026-04-27T18:52:12.607,9.596,1,1.29,-5.40,-5.90,15.67,1,-0.0953,-0.0019,-0.1165,0.2980,0.8224,0.0000,-0.77,-4.28,51.16,59.24,576,576,1.00000,1.00000,1.00000,1.00000,3,3,1,14.81660,0.00372,1.02983,0.0953,0.0019,0.2665,0.2980,0.8224,0.0000,0.77,-5.32,-7.01,1,1,0.0000,0.0000,0.1500,0.00,0.8500,0.3500,0.9200,6.00,180.00,0.850000,0.050000,0.000000,1.100000,0.000000,0.000000,1.200000,0.000000,0.000000,1.350000,0.000000,0.000000,0.850000,0.020000,0.000000,0.008000,0.000000,0.000600,0.008000,0.000000,0.000600,0.006000,0.000000,0.000000,1,1,1,576,238,531881,531881,321436,210444,0,60.00,22148,3544,571,0,0,0,22184,500.00,500.00,12,404,0.0000,0.5610,0.4670,0.7960,0.5020
2026-04-27T18:52:12.626,9.615,1,0.50,-3.40,-7.81,19.60,1,-0.1002,-0.0158,-0.1164,0.2846,0.7999,0.0000,-0.64,-6.89,74.04,62.27,577,577,1.00000,1.00000,1.00000,1.00000,3,3,1,14.47040,0.00393,1.03346,0.1002,0.0158,0.2664,0.2846,0.7999,0.0000,0.64,-5.62,-6.68,1,1,0.0000,0.0000,0.1500,0.00,0.8500,0.3500,0.9200,6.00,180.00,0.850000,0.050000,0.000000,1.100000,0.000000,0.000000,1.200000,0.000000,0.000000,1.350000,0.000000,0.000000,0.850000,0.020000,0.000000,0.008000,0.000000,0.000600,0.008000,0.000000,0.000600,0.006000,0.000000,0.000000,1,1,1,577,237,531881,531881,321436,210444,0,60.00,22148,3544,571,0,0,0,22184,500.00,500.00,12,404,0.0000,0.5610,0.4670,0.7960,0.5020
2026-04-27T18:52:12.644,9.633,1,0.50,-3.40,-7.81,19.60,1,-0.1048,-0.0292,-0.1164,0.2689,0.7691,0.0000,-0.46,-10.23,53.82,54.82,578,578,1.00000,1.00000,1.00000,1.00000,3,3,1,14.32241,0.00387,1.02782,0.1048,0.0292,0.2664,0.2689,0.7691,0.0000,0.46,-5.82,-6.24,1,1,0.0000,0.0000,0.1500,0.00,0.8500,0.3500,0.9200,6.00,180.00,0.850000,0.050000,0.000000,1.100000,0.000000,0.000000,1.200000,0.000000,0.000000,1.350000,0.000000,0.000000,0.850000,0.020000,0.000000,0.008000,0.000000,0.000600,0.008000,0.000000,0.000600,0.006000,0.000000,0.000000,1,1,1,578,241,531881,531881,321436,210444,0,60.00,22148,3544,571,0,0,0,22184,500.00,500.00,12,404,0.0000,0.5610,0.4670,0.7960,0.5020
2026-04-27T18:52:12.656,9.645,1,0.50,-3.40,-7.81,19.60,1,-0.1089,-0.0419,-0.1166,0.2996,0.8954,0.0000,-0.52,5.00,54.36,63.49,579,579,1.00000,1.00000,1.00000,1.00000,3,3,1,13.95018,0.00367,1.02485,0.1089,0.0419,0.2666,0.2996,0.8954,0.0000,0.52,-5.76,-5.94,1,1,0.0000,0.0000,0.1500,0.00,0.8500,0.3500,0.9200,6.00,180.00,0.850000,0.050000,0.000000,1.100000,0.000000,0.000000,1.200000,0.000000,0.000000,1.350000,0.000000,0.000000,0.850000,0.020000,0.000000,0.008000,0.000000,0.000600,0.008000,0.000000,0.000600,0.006000,0.000000,0.000000,1,1,1,579,239,531881,531881,321436,210444,0,60.00,22148,3544,571,0,0,0,22184,500.00,500.00,12,404,0.0000,0.5610,0.4670,0.7960,0.5020
2026-04-27T18:52:12.675,9.663,1,0.50,-3.40,-7.81,19.60,1,-0.1135,-0.0563,-0.1165,0.2738,0.8355,0.0000,-0.37,-8.31,83.38,59.89,580,580,1.00000,1.00000,1.00000,1.00000,3,3,1,13.85790,0.00375,1.02903,0.1135,0.0563,0.2665,0.2738,0.8355,0.0000,0.37,-5.67,-5.61,1,1,0.0000,0.0000,0.1500,0.00,0.8500,0.3500,0.9200,6.00,180.00,0.850000,0.050000,0.000000,1.100000,0.000000,0.000000,1.200000,0.000000,0.000000,1.350000,0.000000,0.000000,0.850000,0.020000,0.000000,0.008000,0.000000,0.000600,0.008000,0.000000,0.000600,0.006000,0.000000,0.000000,1,1,1,580,241,531881,531881,321436,210444,0,60.00,22148,3544,571,0,0,0,22184,500.00,500.00,12,404,0.0000,0.5610,0.4670,0.7960,0.5020
2026-04-27T18:52:12.693,9.682,1,0.50,-3.40,-7.81,19.60,1,-0.1176,-0.0695,-0.1164,0.2625,0.8231,0.0000,-0.32,-2.72,55.32,60.12,581,581,1.00000,1.00000,1.00000,1.00000,3,3,1,13.53604,0.00354,1.03084,0.1176,0.0695,0.2664,0.2625,0.8231,0.0000,0.32,-5.49,-5.33,1,1,0.0000,0.0000,0.1500,0.00,0.8500,0.3500,0.9200,6.00,180.00,0.850000,0.050000,0.000000,1.100000,0.000000,0.000000,1.200000,0.000000,0.000000,1.350000,0.000000,0.000000,0.850000,0.020000,0.000000,0.008000,0.000000,0.000600,0.008000,0.000000,0.000600,0.006000,0.000000,0.000000,1,1,1,581,240,531881,531881,321436,210444,0,60.00,22148,3544,571,0,0,0,22184,500.00,500.00,12,404,0.0000,0.5610,0.4670,0.7960,0.5020
2026-04-27T18:52:12.710,9.699,1,0.50,-3.40,-7.81,19.60,1,-0.1223,-0.0833,-0.1163,0.2654,0.8057,0.0000,-0.23,-5.32,54.52,60.36,582,582,1.00000,1.00000,1.00000,1.00000,3,3,1,13.28195,0.00353,1.02840,0.1223,0.0833,0.2663,0.2654,0.8057,0.0000,0.23,-5.80,-5.03,1,1,0.0000,0.0000,0.1500,0.00,0.8500,0.3500,0.9200,6.00,180.00,0.850000,0.050000,0.000000,1.100000,0.000000,0.000000,1.200000,0.000000,0.000000,1.350000,0.000000,0.000000,0.850000,0.020000,0.000000,0.008000,0.000000,0.000600,0.008000,0.000000,0.000600,0.006000,0.000000,0.000000,1,1,1,582,240,531881,531881,321436,210444,0,60.00,22148,3544,571,0,0,0,22184,500.00,500.00,12,404,0.0000,0.5610,0.4670,0.7960,0.5020
2026-04-27T18:52:12.723,9.712,1,0.50,-3.40,-7.81,19.60,1,-0.1265,-0.0961,-0.1163,0.2892,0.8842,0.0000,-0.19,-3.01,54.07,59.55,583,583,1.00000,1.00000,1.00000,1.00000,3,3,1,13.13099,0.00358,1.02527,0.1265,0.0961,0.2663,0.2892,0.8842,0.0000,0.19,-6.15,-4.44,1,1,0.0000,0.0000,0.1500,0.00,0.8500,0.3500,0.9200,6.00,180.00,0.850000,0.050000,0.000000,1.100000,0.000000,0.000000,1.200000,0.000000,0.000000,1.350000,0.000000,0.000000,0.850000,0.020000,0.000000,0.008000,0.000000,0.000600,0.008000,0.000000,0.000600,0.006000,0.000000,0.000000,1,1,1,583,241,531881,531881,321436,210444,0,60.00,22148,3544,571,0,0,0,22184,500.00,500.00,12,404,0.0000,0.5610,0.4670,0.7960,0.5020
2026-04-27T18:52:12.739,9.728,1,0.50,-3.40,-7.81,19.60,1,-0.1308,-0.1100,-0.1162,0.2733,0.8630,0.0000,-0.16,-1.84,85.34,64.30,584,584,1.00000,1.00000,1.00000,1.00000,3,3,1,12.90389,0.00353,1.02343,0.1308,0.1100,0.2662,0.2733,0.8630,0.0000,0.16,-6.26,-4.00,1,1,0.0000,0.0000,0.1500,0.00,0.8500,0.3500,0.9200,6.00,180.00,0.850000,0.050000,0.000000,1.100000,0.000000,0.000000,1.200000,0.000000,0.000000,1.350000,0.000000,0.000000,0.850000,0.020000,0.000000,0.008000,0.000000,0.000600,0.008000,0.000000,0.000600,0.006000,0.000000,0.000000,1,1,1,584,237,531881,531881,321436,210444,0,60.00,22148,3544,571,0,0,0,22184,500.00,500.00,12,404,0.0000,0.5610,0.4670,0.7960,0.5020
2026-04-27T18:52:12.757,9.746,1,0.50,-3.40,-7.81,19.60,1,-0.1351,-0.1239,-0.1159,0.2629,0.8353,0.0000,-0.01,-8.54,61.23,56.35,585,585,1.00000,1.00000,1.00000,1.00000,3,3,1,12.74615,0.00342,1.02554,0.1351,0.1239,0.2659,0.2629,0.8353,0.0000,0.01,-6.40,-3.66,1,1,0.0000,0.0000,0.1500,0.00,0.8500,0.3500,0.9200,6.00,180.00,0.850000,0.050000,0.000000,1.100000,0.000000,0.000000,1.200000,0.000000,0.000000,1.350000,0.000000,0.000000,0.850000,0.020000,0.000000,0.008000,0.000000,0.000600,0.008000,0.000000,0.000600,0.006000,0.000000,0.000000,1,1,1,585,237,531881,531881,321436,210444,0,60.00,22148,3544,571,0,0,0,22184,500.00,500.00,12,404,0.0000,0.5610,0.4670,0.7960,0.5020
2026-04-27T18:52:12.776,9.765,1,-0.19,-1.29,-6.73,20.42,1,-0.1391,-0.1372,-0.1160,0.2381,0.7797,0.0000,-0.06,2.60,56.93,59.13,586,586,1.00000,1.00000,1.00000,1.00000,3,3,1,12.52933,0.00352,1.02619,0.1391,0.1372,0.2660,0.2381,0.7797,0.0000,0.06,-6.47,-3.44,1,1,0.0000,0.0000,0.1500,0.00,0.8500,0.3500,0.9200,6.00,180.00,0.850000,0.050000,0.000000,1.100000,0.000000,0.000000,1.200000,0.000000,0.000000,1.350000,0.000000,0.000000,0.850000,0.020000,0.000000,0.008000,0.000000,0.000600,0.008000,0.000000,0.000600,0.006000,0.000000,0.000000,1,1,1,586,240,531881,531881,321436,210444,0,60.00,22148,3544,571,0,0,0,22184,500.00,500.00,12,404,0.0000,0.5610,0.4670,0.7960,0.5020
2026-04-27T18:52:12.791,9.780,1,-0.19,-1.29,-6.73,20.42,1,-0.1427,-0.1499,-0.1157,0.2510,0.8491,-0.0131,-0.02,-2.74,51.16,61.15,587,587,1.00000,1.00000,1.00000,1.00000,3,3,1,12.41826,0.00342,1.02575,0.1427,0.1499,0.2657,0.2510,0.8491,-0.0131,0.02,-6.40,-3.14,1,1,0.0000,0.0000,0.1500,0.00,0.8500,0.3500,0.9200,6.00,180.00,0.850000,0.050000,0.000000,1.100000,0.000000,0.000000,1.200000,0.000000,0.000000,1.350000,0.000000,0.000000,0.850000,0.020000,0.000000,0.008000,0.000000,0.000600,0.008000,0.000000,0.000600,0.006000,0.000000,0.000000,1,1,1,587,244,531881,531881,321436,210444,0,60.00,22148,3544,571,0,0,0,22184,500.00,500.00,12,404,0.0000,0.5610,0.4670,0.7960,0.5020
2026-04-27T18:52:12.806,9.795,1,-0.19,-1.29,-6.73,20.42,1,-0.1468,-0.1632,-0.1160,0.2531,0.8364,0.0000,0.05,-4.51,69.77,63.85,588,588,1.00000,1.00000,1.00000,1.00000,3,3,1,12.26893,0.00349,1.01961,0.1468,0.1632,0.2660,0.2531,0.8364,0.0000,-0.05,-6.56,-2.78,1,1,0.0000,0.0000,0.1500,0.00,0.8500,0.3500,0.9200,6.00,180.00,0.850000,0.050000,0.000000,1.100000,0.000000,0.000000,1.200000,0.000000,0.000000,1.350000,0.000000,0.000000,0.850000,0.020000,0.000000,0.008000,0.000000,0.000600,0.008000,0.000000,0.000600,0.006000,0.000000,0.000000,1,1,1,588,242,531881,531881,321436,210444,0,60.00,22148,3544,571,0,0,0,22184,500.00,500.00,12,404,0.0000,0.5610,0.4670,0.7960,0.5020
2026-04-27T18:52:12.825,9.814,1,-0.19,-1.29,-6.73,20.42,1,-0.1506,-0.1770,-0.1156,0.2306,0.8034,-0.0118,0.19,-7.20,64.79,56.33,589,589,1.00000,1.00000,1.00000,1.00000,3,3,1,12.04604,0.00354,1.02274,0.1506,0.1770,0.2656,0.2306,0.8034,-0.0118,-0.19,-6.67,-2.34,1,1,0.0000,0.0000,0.1500,0.00,0.8500,0.3500,0.9200,6.00,180.00,0.850000,0.050000,0.000000,1.100000,0.000000,0.000000,1.200000,0.000000,0.000000,1.350000,0.000000,0.000000,0.850000,0.020000,0.000000,0.008000,0.000000,0.000600,0.008000,0.000000,0.000600,0.006000,0.000000,0.000000,1,1,1,589,247,531881,531881,321436,210444,0,60.00,22148,3544,571,0,0,0,22184,500.00,500.00,12,404,0.0000,0.5610,0.4670,0.7960,0.5020
2026-04-27T18:52:12.840,9.829,1,-0.19,-1.29,-6.73,20.42,1,-0.1541,-0.1898,-0.1154,0.2221,0.7876,0.0000,0.28,-5.74,52.70,59.38,590,590,1.00000,1.00000,1.00000,1.00000,3,3,1,11.98012,0.00342,1.01785,0.1541,0.1898,0.2654,0.2221,0.7876,0.0000,-0.28,-6.55,-2.08,1,1,0.0000,0.0000,0.1500,0.00,0.8500,0.3500,0.9200,6.00,180.00,0.850000,0.050000,0.000000,1.100000,0.000000,0.000000,1.200000,0.000000,0.000000,1.350000,0.000000,0.000000,0.850000,0.020000,0.000000,0.008000,0.000000,0.000600,0.008000,0.000000,0.000600,0.006000,0.000000,0.000000,1,1,1,590,241,531881,531881,321436,210444,0,60.00,22148,3544,571,0,0,0,22184,500.00,500.00,12,404,0.0000,0.5610,0.4670,0.7960,0.5020
2026-04-27T18:52:12.857,9.846,1,-0.19,-1.29,-6.73,20.42,1,-0.1575,-0.2023,-0.1155,0.2299,0.8265,0.0000,0.37,-5.64,57.80,60.95,591,591,1.00000,1.00000,1.00000,1.00000,3,3,1,11.86764,0.00331,1.01867,0.1575,0.2023,0.2655,0.2299,0.8265,0.0000,-0.37,-6.49,-1.61,1,1,0.0000,0.0000,0.1500,0.00,0.8500,0.3500,0.9200,6.00,180.00,0.850000,0.050000,0.000000,1.100000,0.000000,0.000000,1.200000,0.000000,0.000000,1.350000,0.000000,0.000000,0.850000,0.020000,0.000000,0.008000,0.000000,0.000600,0.008000,0.000000,0.000600,0.006000,0.000000,0.000000,1,1,1,591,241,531881,531881,321436,210444,0,60.00,22148,3544,571,0,0,0,22184,500.00,500.00,12,404,0.0000,0.5610,0.4670,0.7960,0.5020
2026-04-27T18:52:12.873,9.862,1,-0.19,-1.29,-6.73,20.42,1,-0.1615,-0.2155,-0.1150,0.2347,0.8165,-0.0161,0.51,-9.09,67.63,63.90,592,592,1.00000,1.00000,1.00000,1.00000,3,3,1,11.69752,0.00367,1.02277,0.1615,0.2155,0.2650,0.2347,0.8165,-0.0161,-0.51,-7.22,-1.24,1,1,0.0000,0.0000,0.1500,0.00,0.8500,0.3500,0.9200,6.00,180.00,0.850000,0.050000,0.000000,1.100000,0.000000,0.000000,1.200000,0.000000,0.000000,1.350000,0.000000,0.000000,0.850000,0.020000,0.000000,0.008000,0.000000,0.000600,0.008000,0.000000,0.000600,0.006000,0.000000,0.000000,1,1,1,592,247,531881,531881,321436,210444,0,60.00,22148,3544,571,0,0,0,22184,500.00,500.00,12,404,0.0000,0.5610,0.4670,0.7960,0.5020
2026-04-27T18:52:12.888,9.877,1,-0.19,-1.29,-6.73,20.42,1,-0.1647,-0.2284,-0.1147,0.2071,0.7854,-0.0163,0.57,-3.69,64.91,60.76,593,593,1.00000,1.00000,1.00000,1.00000,3,3,1,11.59479,0.00340,1.02316,0.1647,0.2284,0.2647,0.2071,0.7854,-0.0163,-0.57,-7.33,-0.97,1,1,0.0000,0.0000,0.1500,0.00,0.8500,0.3500,0.9200,6.00,180.00,0.850000,0.050000,0.000000,1.100000,0.000000,0.000000,1.200000,0.000000,0.000000,1.350000,0.000000,0.000000,0.850000,0.020000,0.000000,0.008000,0.000000,0.000600,0.008000,0.000000,0.000600,0.006000,0.000000,0.000000,1,1,1,593,247,531881,531881,321436,210444,0,60.00,22148,3544,571,0,0,0,22184,500.00,500.00,12,404,0.0000,0.5610,0.4670,0.7960,0.5020
2026-04-27T18:52:12.908,9.897,1,-0.19,-1.29,-6.73,20.42,1,-0.1680,-0.2410,-0.1143,0.2029,0.7618,-0.0204,0.60,-1.54,70.21,54.70,594,594,1.00000,1.00000,1.00000,1.00000,3,3,1,11.52200,0.00352,1.02672,0.1680,0.2410,0.2643,0.2029,0.7618,-0.0204,-0.60,-7.59,-0.68,1,1,0.0000,0.0000,0.1500,0.00,0.8500,0.3500,0.9200,6.00,180.00,0.850000,0.050000,0.000000,1.100000,0.000000,0.000000,1.200000,0.000000,0.000000,1.350000,0.000000,0.000000,0.850000,0.020000,0.000000,0.008000,0.000000,0.000600,0.008000,0.000000,0.000600,0.006000,0.000000,0.000000,1,1,1,594,245,531881,531881,321436,210444,0,60.00,22148,3544,571,0,0,0,22184,500.00,500.00,12,404,0.0000,0.5610,0.4670,0.7960,0.5020
2026-04-27T18:52:12.923,9.912,1,-1.90,2.60,-7.86,19.60,1,-0.1710,-0.2528,-0.1142,0.2017,0.7799,-0.0119,0.71,-7.18,46.42,65.76,595,595,1.00000,1.00000,1.00000,1.00000,3,3,1,11.47529,0.00354,1.02652,0.1710,0.2528,0.2642,0.2017,0.7799,-0.0119,-0.71,-7.64,-0.29,1,1,0.0000,0.0000,0.1500,0.00,0.8500,0.3500,0.9200,6.00,180.00,0.850000,0.050000,0.000000,1.100000,0.000000,0.000000,1.200000,0.000000,0.000000,1.350000,0.000000,0.000000,0.850000,0.020000,0.000000,0.008000,0.000000,0.000600,0.008000,0.000000,0.000600,0.006000,0.000000,0.000000,1,1,1,595,246,531881,531881,321436,210444,0,60.00,22148,3544,571,0,0,0,22184,500.00,500.00,12,404,0.0000,0.5610,0.4670,0.7960,0.5020
2026-04-27T18:52:12.944,9.932,1,-1.90,2.60,-7.86,19.60,1,-0.1743,-0.2662,-0.1136,0.1852,0.7282,-0.0225,0.79,-4.05,69.34,55.51,596,596,1.00000,1.00000,1.00000,1.00000,3,3,1,11.32807,0.00361,1.02350,0.1743,0.2662,0.2636,0.1852,0.7282,-0.0225,-0.79,-7.90,0.16,1,1,0.0000,0.0000,0.1500,0.00,0.8500,0.3500,0.9200,6.00,180.00,0.850000,0.050000,0.000000,1.100000,0.000000,0.000000,1.200000,0.000000,0.000000,1.350000,0.000000,0.000000,0.850000,0.020000,0.000000,0.008000,0.000000,0.000600,0.008000,0.000000,0.000600,0.006000,0.000000,0.000000,1,1,1,596,245,531941,531941,321497,210444,0,60.00,22208,3343,571,0,0,0,22184,500.00,500.00,12,404,0.0000,0.5610,0.4670,0.7960,0.5020
2026-04-27T18:52:12.960,9.948,1,-1.90,2.60,-7.86,19.60,1,-0.1770,-0.2774,-0.1136,0.1839,0.7424,0.0000,0.91,-7.48,46.72,60.48,597,597,1.00000,1.00000,1.00000,1.00000,3,3,1,11.25807,0.00391,1.02213,0.1770,0.2774,0.2636,0.1839,0.7424,0.0000,-0.91,-8.21,0.57,1,1,0.0000,0.0000,0.1500,0.00,0.8500,0.3500,0.9200,6.00,180.00,0.850000,0.050000,0.000000,1.100000,0.000000,0.000000,1.200000,0.000000,0.000000,1.350000,0.000000,0.000000,0.850000,0.020000,0.000000,0.008000,0.000000,0.000600,0.008000,0.000000,0.000600,0.006000,0.000000,0.000000,1,1,1,597,241,531941,531941,321497,210444,0,60.00,22208,3343,571,0,0,0,22184,500.00,500.00,12,404,0.0000,0.5610,0.4670,0.7960,0.5020
2026-04-27T18:52:12.976,9.964,1,-1.90,2.60,-7.86,19.60,1,-0.1799,-0.2890,-0.1136,0.1759,0.7108,0.0000,1.06,-9.06,66.01,64.39,598,598,1.00000,1.00000,1.00000,1.00000,3,3,1,11.07428,0.00379,1.02474,0.1799,0.2890,0.2636,0.1759,0.7108,0.0000,-1.06,-8.48,0.79,1,1,0.0000,0.0000,0.1500,0.00,0.8500,0.3500,0.9200,6.00,180.00,0.850000,0.050000,0.000000,1.100000,0.000000,0.000000,1.200000,0.000000,0.000000,1.350000,0.000000,0.000000,0.850000,0.020000,0.000000,0.008000,0.000000,0.000600,0.008000,0.000000,0.000600,0.006000,0.000000,0.000000,1,1,1,598,240,531941,531941,321497,210444,0,60.00,22208,3343,571,0,0,0,22184,500.00,500.00,12,404,0.0000,0.5610,0.4670,0.7960,0.5020
2026-04-27T18:52:12.993,9.982,1,-1.90,2.60,-7.86,19.60,1,-0.1822,-0.3002,-0.1138,0.1583,0.6956,0.0000,1.06,0.00,61.20,55.38,599,599,1.00000,1.00000,1.00000,1.00000,3,3,1,11.15702,0.00348,1.01360,0.1822,0.3002,0.2638,0.1583,0.6956,0.0000,-1.06,-8.25,1.36,1,1,0.0000,0.0000,0.1500,0.00,0.8500,0.3500,0.9200,6.00,180.00,0.850000,0.050000,0.000000,1.100000,0.000000,0.000000,1.200000,0.000000,0.000000,1.350000,0.000000,0.000000,0.850000,0.020000,0.000000,0.008000,0.000000,0.000600,0.008000,0.000000,0.000600,0.006000,0.000000,0.000000,1,1,1,599,239,531941,531941,321497,210444,0,60.00,22208,3343,571,0,0,0,22184,500.00,500.00,12,404,0.0000,0.5610,0.4670,0.7960,0.5020
2026-04-27T18:52:13.007,9.995,1,-1.90,2.60,-7.86,19.60,1,-0.1846,-0.3110,-0.1134,0.1662,0.7401,-0.0144,1.05,0.70,54.31,61.53,600,600,1.00000,1.00000,1.00000,1.00000,3,3,1,11.06693,0.00343,1.02105,0.1846,0.3110,0.2634,0.1662,0.7401,-0.0144,-1.05,-8.39,1.81,1,1,0.0000,0.0000,0.1500,0.00,0.8500,0.3500,0.9200,6.00,180.00,0.850000,0.050000,0.000000,1.100000,0.000000,0.000000,1.200000,0.000000,0.000000,1.350000,0.000000,0.000000,0.850000,0.020000,0.000000,0.008000,0.000000,0.000600,0.008000,0.000000,0.000600,0.006000,0.000000,0.000000,1,1,1,600,245,531941,531941,321497,210444,0,60.00,22208,3343,571,0,0,0,22184,500.00,500.00,12,404,0.0000,0.5610,0.4670,0.7960,0.5020
2026-04-27T18:52:13.028,10.016,1,-1.90,2.60,-7.86,19.60,1,-0.1869,-0.3226,-0.1137,0.1376,0.6563,0.0000,1.10,-2.49,74.54,59.29,601,601,1.00000,1.00000,1.00000,1.00000,3,3,1,10.95386,0.00348,1.01479,0.1869,0.3226,0.2637,0.1376,0.6563,0.0000,-1.10,-8.44,2.12,1,1,0.0000,0.0000,0.1500,0.00,0.8500,0.3500,0.9200,6.00,180.00,0.850000,0.050000,0.000000,1.100000,0.000000,0.000000,1.200000,0.000000,0.000000,1.350000,0.000000,0.000000,0.850000,0.020000,0.000000,0.008000,0.000000,0.000600,0.008000,0.000000,0.000600,0.006000,0.000000,0.000000,1,1,1,601,240,531941,531941,321497,210444,0,60.00,22208,3343,571,0,0,0,22184,500.00,500.00,12,404,0.0000,0.5610,0.4670,0.7960,0.5020
2026-04-27T18:52:13.044,10.032,1,-1.90,2.60,-7.86,19.60,1,-0.1889,-0.3333,-0.1130,0.1351,0.6707,-0.0265,1.20,-6.28,50.21,60.06,602,602,1.00000,1.00000,1.00000,1.00000,3,3,1,10.94795,0.00355,1.02182,0.1889,0.3333,0.2630,0.1351,0.6707,-0.0265,-1.20,-8.62,2.36,1,1,0.0000,0.0000,0.1500,0.00,0.8500,0.3500,0.9200,6.00,180.00,0.850000,0.050000,0.000000,1.100000,0.000000,0.000000,1.200000,0.000000,0.000000,1.350000,0.000000,0.000000,0.850000,0.020000,0.000000,0.008000,0.000000,0.000600,0.008000,0.000000,0.000600,0.006000,0.000000,0.000000,1,1,1,602,245,531941,531941,321497,210444,0,60.00,22208,3343,571,0,0,0,22184,500.00,500.00,12,404,0.0000,0.5610,0.4670,0.7960,0.5020
2026-04-27T18:52:13.060,10.049,1,-1.90,2.60,-7.86,19.60,1,-0.1905,-0.3435,-0.1130,0.1183,0.6556,0.0000,1.12,4.93,62.80,60.17,603,603,1.00000,1.00000,1.00000,1.00000,3,3,1,10.80475,0.00329,1.02013,0.1905,0.3435,0.2630,0.1183,0.6556,0.0000,-1.12,-8.51,2.52,1,1,0.0000,0.0000,0.1500,0.00,0.8500,0.3500,0.9200,6.00,180.00,0.850000,0.050000,0.000000,1.100000,0.000000,0.000000,1.200000,0.000000,0.000000,1.350000,0.000000,0.000000,0.850000,0.020000,0.000000,0.008000,0.000000,0.000600,0.008000,0.000000,0.000600,0.006000,0.000000,0.000000,1,1,1,603,241,531941,531941,321497,210444,0,60.00,22208,3343,601,0,0,0,22214,500.00,500.00,10,1038,0.0000,0.5660,0.4740,0.7880,0.4960
2026-04-27T18:52:13.077,10.066,1,-1.90,2.60,-7.86,19.60,1,-0.1923,-0.3539,-0.1128,0.1122,0.6372,-0.0113,1.13,-0.59,58.05,59.80,604,604,1.00000,1.00000,1.00000,1.00000,3,3,1,10.78922,0.00332,1.01812,0.1923,0.3539,0.2628,0.1122,0.6372,-0.0113,-1.13,-8.55,2.83,1,1,0.0000,0.0000,0.1500,0.00,0.8500,0.3500,0.9200,6.00,180.00,0.850000,0.050000,0.000000,1.100000,0.000000,0.000000,1.200000,0.000000,0.000000,1.350000,0.000000,0.000000,0.850000,0.020000,0.000000,0.008000,0.000000,0.000600,0.008000,0.000000,0.000600,0.006000,0.000000,0.000000,1,1,1,604,246,531941,531941,321497,210444,0,60.00,22208,3343,601,0,0,0,22214,500.00,500.00,10,1038,0.0000,0.5660,0.4740,0.7880,0.4960
2026-04-27T18:52:13.093,10.082,1,-1.90,2.60,-7.86,19.60,1,-0.1940,-0.3642,-0.1124,0.1098,0.6382,-0.0196,1.23,-6.05,58.60,60.58,605,605,1.00000,1.00000,1.00000,1.00000,3,3,1,10.66934,0.00322,1.01329,0.1940,0.3642,0.2624,0.1098,0.6382,-0.0196,-1.23,-8.75,3.35,1,1,0.0000,0.0000,0.1500,0.00,0.8500,0.3500,0.9200,6.00,180.00,0.850000,0.050000,0.000000,1.100000,0.000000,0.000000,1.200000,0.000000,0.000000,1.350000,0.000000,0.000000,0.850000,0.020000,0.000000,0.008000,0.000000,0.000600,0.008000,0.000000,0.000600,0.006000,0.000000,0.000000,1,1,1,605,244,531941,531941,321497,210444,0,60.00,22208,3343,601,0,0,0,22214,500.00,500.00,10,1038,0.0000,0.5660,0.4740,0.7880,0.4960
2026-04-27T18:52:13.109,10.098,1,-1.90,2.60,-7.86,19.60,1,-0.1952,-0.3735,-0.1120,0.0916,0.6097,-0.0223,1.30,-4.35,64.60,60.21,606,606,1.00000,1.00000,1.00000,1.00000,3,3,1,10.58235,0.00351,1.02437,0.1952,0.3735,0.2620,0.0916,0.6097,-0.0223,-1.30,-9.05,3.42,1,1,0.0000,0.0000,0.1500,0.00,0.8500,0.3500,0.9200,6.00,180.00,0.850000,0.050000,0.000000,1.100000,0.000000,0.000000,1.200000,0.000000,0.000000,1.350000,0.000000,0.000000,0.850000,0.020000,0.000000,0.008000,0.000000,0.000600,0.008000,0.000000,0.000600,0.006000,0.000000,0.000000,1,1,1,606,244,531941,531941,321497,210444,0,60.00,22208,3343,601,0,0,0,22214,500.00,500.00,10,1038,0.0000,0.5660,0.4740,0.7880,0.4960
2026-04-27T18:52:13.127,10.116,1,-1.90,2.60,-7.86,19.60,1,-0.1966,-0.3828,-0.1117,0.0868,0.5678,-0.0163,1.42,-7.12,60.07,59.10,607,607,1.00000,1.00000,1.00000,1.00000,3,3,1,10.61996,0.00384,1.02271,0.1966,0.3828,0.2617,0.0868,0.5678,-0.0163,-1.42,-9.66,3.75,1,1,0.0000,0.0000,0.1500,0.00,0.8500,0.3500,0.9200,6.00,180.00,0.850000,0.050000,0.000000,1.100000,0.000000,0.000000,1.200000,0.000000,0.000000,1.350000,0.000000,0.000000,0.850000,0.020000,0.000000,0.008000,0.000000,0.000600,0.008000,0.000000,0.000600,0.006000,0.000000,0.000000,1,1,1,607,246,531941,531941,321497,210444,0,60.00,22208,3343,601,0,0,0,22214,500.00,500.00,10,1038,0.0000,0.5660,0.4740,0.7880,0.4960
2026-04-27T18:52:13.139,10.127,1,-1.90,2.60,-7.86,19.60,1,-0.1971,-0.3910,-0.1119,0.0585,0.5813,0.0000,1.28,10.46,59.50,64.24,608,608,1.00000,1.00000,1.00000,1.00000,3,3,1,10.59915,0.00331,1.01583,0.1971,0.3910,0.2619,0.0585,0.5813,0.0000,-1.28,-9.42,4.19,1,1,0.0000,0.0000,0.1500,0.00,0.8500,0.3500,0.9200,6.00,180.00,0.850000,0.050000,0.000000,1.100000,0.000000,0.000000,1.200000,0.000000,0.000000,1.350000,0.000000,0.000000,0.850000,0.020000,0.000000,0.008000,0.000000,0.000600,0.008000,0.000000,0.000600,0.006000,0.000000,0.000000,1,1,1,608,241,531941,531941,321497,210444,0,60.00,22208,3343,601,0,0,0,22214,500.00,500.00,10,1038,0.0000,0.5660,0.4740,0.7880,0.4960
2026-04-27T18:52:13.160,10.149,1,-1.90,2.60,-7.86,19.60,1,-0.1980,-0.4002,-0.1114,0.0588,0.5507,-0.0190,1.42,-6.92,61.16,56.32,609,609,1.00000,1.00000,1.00000,1.00000,3,3,1,10.50333,0.00371,1.02291,0.1980,0.4002,0.2614,0.0588,0.5507,-0.0190,-1.42,-9.72,4.47,1,1,0.0000,0.0000,0.1500,0.00,0.8500,0.3500,0.9200,6.00,180.00,0.850000,0.050000,0.000000,1.100000,0.000000,0.000000,1.200000,0.000000,0.000000,1.350000,0.000000,0.000000,0.850000,0.020000,0.000000,0.008000,0.000000,0.000600,0.008000,0.000000,0.000600,0.006000,0.000000,0.000000,1,1,1,609,244,531941,531941,321497,210444,0,60.00,22208,3343,601,0,0,0,22214,500.00,500.00,10,1038,0.0000,0.5660,0.4740,0.7880,0.4960
2026-04-27T18:52:13.174,10.163,1,-3.10,6.40,-4.90,18.47,1,-0.1983,-0.4076,-0.1118,0.0366,0.5236,0.0000,1.46,-2.84,59.65,60.77,610,610,1.00000,1.00000,1.00000,1.00000,3,3,1,10.64560,0.00332,1.01413,0.1983,0.4076,0.2618,0.0366,0.5236,0.0000,-1.46,-9.66,5.08,1,1,0.0000,0.0000,0.1500,0.00,0.8500,0.3500,0.9200,6.00,180.00,0.850000,0.050000,0.000000,1.100000,0.000000,0.000000,1.200000,0.000000,0.000000,1.350000,0.000000,0.000000,0.850000,0.020000,0.000000,0.008000,0.000000,0.000600,0.008000,0.000000,0.000600,0.006000,0.000000,0.000000,1,1,1,610,241,531941,531941,321497,210444,0,60.00,22208,3343,601,0,0,0,22214,500.00,500.00,10,1038,0.0000,0.5660,0.4740,0.7880,0.4960
2026-04-27T18:52:13.194,10.182,1,-3.10,6.40,-4.90,18.47,1,-0.1984,-0.4156,-0.1116,0.0216,0.4721,0.0000,1.31,7.72,69.22,62.59,611,611,1.00000,1.00000,1.00000,1.00000,3,3,1,10.46957,0.00330,1.01826,0.1984,0.4156,0.2616,0.0216,0.4721,0.0000,-1.31,-9.53,5.32,1,1,0.0000,0.0000,0.1500,0.00,0.8500,0.3500,0.9200,6.00,180.00,0.850000,0.050000,0.000000,1.100000,0.000000,0.000000,1.200000,0.000000,0.000000,1.350000,0.000000,0.000000,0.850000,0.020000,0.000000,0.008000,0.000000,0.000600,0.008000,0.000000,0.000600,0.006000,0.000000,0.000000,1,1,1,611,241,531941,531941,321497,210444,0,60.00,22208,3343,601,0,0,0,22214,500.00,500.00,10,1038,0.0000,0.5660,0.4740,0.7880,0.4960
2026-04-27T18:52:13.207,10.196,1,-3.10,6.40,-4.90,18.47,1,-0.1988,-0.4229,-0.1112,0.0296,0.5034,-0.0129,1.39,-5.34,50.61,57.32,612,612,1.00000,1.00000,1.00000,1.00000,3,3,1,10.40557,0.00354,1.00845,0.1988,0.4229,0.2612,0.0296,0.5034,-0.0129,-1.39,-9.83,5.95,1,1,0.0000,0.0000,0.1500,0.00,0.8500,0.3500,0.9200,6.00,180.00,0.850000,0.050000,0.000000,1.100000,0.000000,0.000000,1.200000,0.000000,0.000000,1.350000,0.000000,0.000000,0.850000,0.020000,0.000000,0.008000,0.000000,0.000600,0.008000,0.000000,0.000600,0.006000,0.000000,0.000000,1,1,1,612,245,531941,531941,321497,210444,0,60.00,22208,3343,601,0,0,0,22214,500.00,500.00,10,1038,0.0000,0.5660,0.4740,0.7880,0.4960
2026-04-27T18:52:13.224,10.212,1,-3.10,6.40,-4.90,18.47,1,-0.1985,-0.4299,-0.1111,0.0000,0.4725,-0.0105,1.32,4.73,72.58,60.11,613,613,1.00000,1.00000,1.00000,1.00000,3,3,1,10.45693,0.00350,1.01944,0.1985,0.4299,0.2611,0.0000,0.4725,-0.0105,-1.32,-9.75,6.31,1,1,0.0000,0.0000,0.1500,0.00,0.8500,0.3500,0.9200,6.00,180.00,0.850000,0.050000,0.000000,1.100000,0.000000,0.000000,1.200000,0.000000,0.000000,1.350000,0.000000,0.000000,0.850000,0.020000,0.000000,0.008000,0.000000,0.000600,0.008000,0.000000,0.000600,0.006000,0.000000,0.000000,1,1,1,613,241,531941,531941,321497,210444,0,60.00,22208,3343,601,0,0,0,22214,500.00,500.00,10,1038,0.0000,0.5660,0.4740,0.7880,0.4960
2026-04-27T18:52:13.242,10.230,1,-3.20,8.40,-0.96,19.80,1,-0.1979,-0.4366,-0.1112,-0.0159,0.4303,0.0000,1.22,5.44,64.62,59.52,614,614,1.00000,1.00000,1.00000,1.00000,3,3,1,10.34877,0.00294,1.01127,0.1979,0.4366,0.2612,-0.0159,0.4303,0.0000,-1.22,-9.08,6.82,1,1,0.0000,0.0000,0.1500,0.00,0.8500,0.3500,0.9200,6.00,180.00,0.850000,0.050000,0.000000,1.100000,0.000000,0.000000,1.200000,0.000000,0.000000,1.350000,0.000000,0.000000,0.850000,0.020000,0.000000,0.008000,0.000000,0.000600,0.008000,0.000000,0.000600,0.006000,0.000000,0.000000,1,1,1,614,241,531941,531941,321497,210444,0,60.00,22208,3343,601,0,0,0,22214,500.00,500.00,10,1038,0.0000,0.5660,0.4740,0.7880,0.4960
2026-04-27T18:52:13.256,10.245,1,-3.20,8.40,-0.96,19.80,1,-0.1979,-0.4424,-0.1106,0.0000,0.4091,-0.0218,1.50,-17.96,54.99,64.46,615,615,1.00000,1.00000,1.00000,1.00000,3,3,1,10.31931,0.00360,1.02226,0.1979,0.4424,0.2606,0.0000,0.4091,-0.0218,-1.50,-9.69,6.84,1,1,0.0000,0.0000,0.1500,0.00,0.8500,0.3500,0.9200,6.00,180.00,0.850000,0.050000,0.000000,1.100000,0.000000,0.000000,1.200000,0.000000,0.000000,1.350000,0.000000,0.000000,0.850000,0.020000,0.000000,0.008000,0.000000,0.000600,0.008000,0.000000,0.000600,0.006000,0.000000,0.000000,1,1,1,615,241,531941,531941,321497,210444,0,60.00,22208,3343,601,0,0,0,22214,500.00,500.00,10,1038,0.0000,0.5660,0.4740,0.7880,0.4960
2026-04-27T18:52:13.276,10.265,1,-3.20,8.40,-0.96,19.80,1,-0.1971,-0.4485,-0.1103,-0.0269,0.3699,-0.0177,1.51,-0.54,68.57,59.11,616,616,1.00000,1.00000,1.00000,1.00000,3,3,1,10.34164,0.00337,1.02039,0.1971,0.4485,0.2603,-0.0269,0.3699,-0.0177,-1.51,-9.68,7.30,1,1,0.0000,0.0000,0.1500,0.00,0.8500,0.3500,0.9200,6.00,180.00,0.850000,0.050000,0.000000,1.100000,0.000000,0.000000,1.200000,0.000000,0.000000,1.350000,0.000000,0.000000,0.850000,0.020000,0.000000,0.008000,0.000000,0.000600,0.008000,0.000000,0.000600,0.006000,0.000000,0.000000,1,1,1,616,244,531941,531941,321497,210444,0,60.00,22208,3343,601,0,0,0,22214,500.00,500.00,10,1038,0.0000,0.5660,0.4740,0.7880,0.4960
2026-04-27T18:52:13.290,10.279,1,-3.20,8.40,-0.96,19.80,1,-0.1965,-0.4533,-0.1102,-0.0313,0.3456,-0.0117,1.75,-16.13,52.63,57.60,617,617,1.00000,1.00000,1.00000,1.00000,3,3,1,10.35781,0.00350,1.01891,0.1965,0.4533,0.2602,-0.0313,0.3456,-0.0117,-1.75,-9.89,7.44,1,1,0.0000,0.0000,0.1500,0.00,0.8500,0.3500,0.9200,6.00,180.00,0.850000,0.050000,0.000000,1.100000,0.000000,0.000000,1.200000,0.000000,0.000000,1.350000,0.000000,0.000000,0.850000,0.020000,0.000000,0.008000,0.000000,0.000600,0.008000,0.000000,0.000600,0.006000,0.000000,0.000000,1,1,1,617,246,531941,531941,321497,210444,0,60.00,22208,3343,601,0,0,0,22214,500.00,500.00,10,1038,0.0000,0.5660,0.4740,0.7880,0.4960
2026-04-27T18:52:13.307,10.295,1,-3.20,8.40,-0.96,19.80,1,-0.1953,-0.4582,-0.1100,-0.0502,0.3179,-0.0106,1.60,8.75,65.35,63.39,618,618,1.00000,1.00000,1.00000,1.00000,3,3,1,10.32066,0.00292,1.01200,0.1953,0.4582,0.2600,-0.0502,0.3179,-0.0106,-1.60,-9.77,7.96,1,1,0.0000,0.0000,0.1500,0.00,0.8500,0.3500,0.9200,6.00,180.00,0.850000,0.050000,0.000000,1.100000,0.000000,0.000000,1.200000,0.000000,0.000000,1.350000,0.000000,0.000000,0.850000,0.020000,0.000000,0.008000,0.000000,0.000600,0.008000,0.000000,0.000600,0.006000,0.000000,0.000000,1,1,1,618,244,531941,531941,321497,210444,0,60.00,22208,3343,601,0,0,0,22214,500.00,500.00,10,1038,0.0000,0.5660,0.4740,0.7880,0.4960
2026-04-27T18:52:13.326,10.315,1,-3.20,8.40,-0.96,19.80,1,-0.1944,-0.4624,-0.1098,-0.0507,0.2771,-0.0138,1.80,-11.08,58.36,56.59,619,619,1.00000,1.00000,1.00000,1.00000,3,3,1,10.38322,0.00314,1.01403,0.1944,0.4624,0.2598,-0.0507,0.2771,-0.0138,-1.80,-10.00,8.26,1,1,0.0000,0.0000,0.1500,0.00,0.8500,0.3500,0.9200,6.00,180.00,0.850000,0.050000,0.000000,1.100000,0.000000,0.000000,1.200000,0.000000,0.000000,1.350000,0.000000,0.000000,0.850000,0.020000,0.000000,0.008000,0.000000,0.000600,0.008000,0.000000,0.000600,0.006000,0.000000,0.000000,1,1,1,619,243,531941,531941,321497,210444,0,60.00,22208,3343,601,0,0,0,22214,500.00,500.00,10,1038,0.0000,0.5660,0.4740,0.7880,0.4960
2026-04-27T18:52:13.339,10.328,1,-3.20,8.40,-0.96,19.80,1,-0.1925,-0.4655,-0.1096,-0.0972,0.2643,-0.0103,1.61,12.91,53.37,63.78,620,620,1.00000,1.00000,1.00000,1.00000,3,3,1,10.27555,0.00314,1.02332,0.1925,0.4655,0.2596,-0.0972,0.2643,-0.0103,-1.61,-9.65,8.44,1,1,0.0000,0.0000,0.1500,0.00,0.8500,0.3500,0.9200,6.00,180.00,0.850000,0.050000,0.000000,1.100000,0.000000,0.000000,1.200000,0.000000,0.000000,1.350000,0.000000,0.000000,0.850000,0.020000,0.000000,0.008000,0.000000,0.000600,0.008000,0.000000,0.000600,0.006000,0.000000,0.000000,1,1,1,620,245,531941,531941,321497,210444,0,60.00,22208,3343,601,0,0,0,22214,500.00,500.00,10,1038,0.0000,0.5660,0.4740,0.7880,0.4960
2026-04-27T18:52:13.357,10.346,1,-3.20,8.40,-0.96,19.80,1,-0.1909,-0.4687,-0.1098,-0.0897,0.2201,0.0000,1.64,-1.82,76.74,60.49,621,621,1.00000,1.00000,1.00000,1.00000,3,3,1,10.26449,0.00301,1.01266,0.1909,0.4687,0.2598,-0.0897,0.2201,0.0000,-1.64,-9.73,9.00,1,1,0.0000,0.0000,0.1500,0.00,0.8500,0.3500,0.9200,6.00,180.00,0.850000,0.050000,0.000000,1.100000,0.000000,0.000000,1.200000,0.000000,0.000000,1.350000,0.000000,0.000000,0.850000,0.020000,0.000000,0.008000,0.000000,0.000600,0.008000,0.000000,0.000600,0.006000,0.000000,0.000000,1,1,1,621,236,531941,531941,321497,210444,0,60.00,22208,3343,601,0,0,0,22214,500.00,500.00,10,1038,0.0000,0.5660,0.4740,0.7880,0.4960
2026-04-27T18:52:13.377,10.366,1,-3.29,10.30,-0.95,18.41,1,-0.1895,-0.4716,-0.1094,-0.0859,0.1952,-0.0141,1.80,-7.92,55.76,56.77,622,622,1.00000,1.00000,1.00000,1.00000,3,3,1,10.20009,0.00349,1.02027,0.1895,0.4716,0.2594,-0.0859,0.1952,-0.0141,-1.80,-10.06,9.16,1,1,0.0000,0.0000,0.1500,0.00,0.8500,0.3500,0.9200,6.00,180.00,0.850000,0.050000,0.000000,1.100000,0.000000,0.000000,1.200000,0.000000,0.000000,1.350000,0.000000,0.000000,0.850000,0.020000,0.000000,0.008000,0.000000,0.000600,0.008000,0.000000,0.000600,0.006000,0.000000,0.000000,1,1,1,622,246,531941,531941,321497,210444,0,60.00,22208,3343,601,0,0,0,22214,500.00,500.00,10,1038,0.0000,0.5660,0.4740,0.7880,0.4960
2026-04-27T18:52:13.395,10.384,1,-3.29,10.30,-0.95,18.41,1,-0.1867,-0.4732,-0.1097,-0.1169,0.1358,0.0000,1.47,18.03,51.02,45.88,623,623,1.00000,1.00000,1.00000,1.00000,3,3,1,10.26987,0.00269,1.01569,0.1867,0.4732,0.2597,-0.1169,0.1358,0.0000,-1.47,-9.43,9.65,1,1,0.0000,0.0000,0.1500,0.00,0.8500,0.3500,0.9200,6.00,180.00,0.850000,0.050000,0.000000,1.100000,0.000000,0.000000,1.200000,0.000000,0.000000,1.350000,0.000000,0.000000,0.850000,0.020000,0.000000,0.008000,0.000000,0.000600,0.008000,0.000000,0.000600,0.006000,0.000000,0.000000,1,1,1,623,241,531941,531941,321497,210444,0,60.00,22208,3343,601,0,0,0,22214,500.00,500.00,10,1038,0.0000,0.5660,0.4740,0.7880,0.4960
2026-04-27T18:52:13.407,10.396,1,-3.29,10.30,-0.95,18.41,1,-0.1851,-0.4746,-0.1093,-0.1239,0.1417,-0.0224,1.56,-7.05,54.22,94.37,624,624,1.00000,1.00000,1.00000,1.00000,3,3,1,10.23356,0.00320,1.01512,0.1851,0.4746,0.2593,-0.1239,0.1417,-0.0224,-1.56,-9.64,9.90,1,1,0.0000,0.0000,0.1500,0.00,0.8500,0.3500,0.9200,6.00,180.00,0.850000,0.050000,0.000000,1.100000,0.000000,0.000000,1.200000,0.000000,0.000000,1.350000,0.000000,0.000000,0.850000,0.020000,0.000000,0.008000,0.000000,0.000600,0.008000,0.000000,0.000600,0.006000,0.000000,0.000000,1,1,1,624,246,531941,531941,321497,210444,0,60.00,22208,3343,601,0,0,0,22214,500.00,500.00,10,1038,0.0000,0.5660,0.4740,0.7880,0.4960
2026-04-27T18:52:13.423,10.411,1,-3.29,10.30,-0.95,18.41,1,-0.1822,-0.4760,-0.1091,-0.1578,0.1148,-0.0149,1.39,10.92,81.62,60.00,625,625,1.00000,1.00000,1.00000,1.00000,3,3,1,10.25083,0.00281,1.01645,0.1822,0.4760,0.2591,-0.1578,0.1148,-0.0149,-1.39,-8.96,10.19,1,1,0.0000,0.0000,0.1500,0.00,0.8500,0.3500,0.9200,6.00,180.00,0.850000,0.050000,0.000000,1.100000,0.000000,0.000000,1.200000,0.000000,0.000000,1.350000,0.000000,0.000000,0.850000,0.020000,0.000000,0.008000,0.000000,0.000600,0.008000,0.000000,0.000600,0.006000,0.000000,0.000000,1,1,1,625,248,531941,531941,321497,210444,0,60.00,22208,3343,601,0,0,0,22214,500.00,500.00,10,1038,0.0000,0.5660,0.4740,0.7880,0.4960
2026-04-27T18:52:13.443,10.432,1,-3.29,10.30,-0.95,18.41,1,-0.1800,-0.4768,-0.1086,-0.1334,0.0810,-0.0220,1.51,-7.66,66.38,60.06,626,626,1.00000,1.00000,1.00000,1.00000,3,3,1,10.19744,0.00312,1.01376,0.1800,0.4768,0.2586,-0.1334,0.0810,-0.0220,-1.51,-9.40,10.55,1,1,0.0000,0.0000,0.1500,0.00,0.8500,0.3500,0.9200,6.00,180.00,0.850000,0.050000,0.000000,1.100000,0.000000,0.000000,1.200000,0.000000,0.000000,1.350000,0.000000,0.000000,0.850000,0.020000,0.000000,0.008000,0.000000,0.000600,0.008000,0.000000,0.000600,0.006000,0.000000,0.000000,1,1,1,626,246,531941,531941,321497,210444,0,60.00,22208,3343,601,0,0,0,22214,500.00,500.00,10,1038,0.0000,0.5660,0.4740,0.7880,0.4960
2026-04-27T18:52:13.461,10.449,1,-3.29,10.30,-0.95,18.41,1,-0.1777,-0.4766,-0.1084,-0.1355,0.0356,-0.0172,1.61,-4.69,48.66,55.99,627,627,1.00000,1.00000,1.00000,1.00000,3,3,1,10.25902,0.00323,1.01432,0.1777,0.4766,0.2584,-0.1355,0.0356,-0.0172,-1.61,-9.74,10.82,1,1,0.0000,0.0000,0.1500,0.00,0.8500,0.3500,0.9200,6.00,180.00,0.850000,0.050000,0.000000,1.100000,0.000000,0.000000,1.200000,0.000000,0.000000,1.350000,0.000000,0.000000,0.850000,0.020000,0.000000,0.008000,0.000000,0.000600,0.008000,0.000000,0.000600,0.006000,0.000000,0.000000,1,1,1,627,248,531941,531941,321497,210444,0,60.00,22208,3343,601,0,0,0,22214,500.00,500.00,10,1038,0.0000,0.5660,0.4740,0.7880,0.4960
2026-04-27T18:52:13.475,10.464,1,-3.20,11.70,0.95,13.76,1,-0.1748,-0.4759,-0.1081,-0.1697,0.0000,-0.0191,1.53,5.60,54.21,64.87,628,628,1.00000,1.00000,1.00000,1.00000,3,3,1,10.24161,0.00290,1.02011,0.1748,0.4759,0.2581,-0.1697,0.0000,-0.0191,-1.53,-9.38,10.79,1,1,0.0000,0.0000,0.1500,0.00,0.8500,0.3500,0.9200,6.00,180.00,0.850000,0.050000,0.000000,1.100000,0.000000,0.000000,1.200000,0.000000,0.000000,1.350000,0.000000,0.000000,0.850000,0.020000,0.000000,0.008000,0.000000,0.000600,0.008000,0.000000,0.000600,0.006000,0.000000,0.000000,1,1,1,628,243,531941,531941,321497,210444,0,60.00,22208,3343,601,0,0,0,22214,500.00,500.00,10,1038,0.0000,0.5660,0.4740,0.7880,0.4960
2026-04-27T18:52:13.492,10.480,1,-3.20,11.70,0.95,13.76,1,-0.1719,-0.4745,-0.1080,-0.1709,-0.0422,-0.0101,1.44,5.40,75.24,59.79,629,629,1.00000,1.00000,1.00000,1.00000,3,3,1,10.26189,0.00302,1.01699,0.1719,0.4745,0.2580,-0.1709,-0.0422,-0.0101,-1.44,-9.66,11.04,1,1,0.0000,0.0000,0.1500,0.00,0.8500,0.3500,0.9200,6.00,180.00,0.850000,0.050000,0.000000,1.100000,0.000000,0.000000,1.200000,0.000000,0.000000,1.350000,0.000000,0.000000,0.850000,0.020000,0.000000,0.008000,0.000000,0.000600,0.008000,0.000000,0.000600,0.006000,0.000000,0.000000,1,1,1,629,248,531941,531941,321497,210444,0,60.00,22208,3343,601,0,0,0,22214,500.00,500.00,10,1038,0.0000,0.5660,0.4740,0.7880,0.4960
2026-04-27T18:52:13.510,10.499,1,-3.20,11.70,0.95,13.76,1,-0.1686,-0.4728,-0.1075,-0.1754,-0.0645,-0.0217,1.57,-7.17,60.10,55.84,630,630,1.00000,1.00000,1.00000,1.00000,3,3,1,10.22507,0.00285,1.02142,0.1686,0.4728,0.2575,-0.1754,-0.0645,-0.0217,-1.57,-9.54,11.16,1,1,0.0000,0.0000,0.1500,0.00,0.8500,0.3500,0.9200,6.00,180.00,0.850000,0.050000,0.000000,1.100000,0.000000,0.000000,1.200000,0.000000,0.000000,1.350000,0.000000,0.000000,0.850000,0.020000,0.000000,0.008000,0.000000,0.000600,0.008000,0.000000,0.000600,0.006000,0.000000,0.000000,1,1,1,630,249,531941,531941,321497,210444,0,60.00,22208,3343,601,0,0,0,22214,500.00,500.00,10,1038,0.0000,0.5660,0.4740,0.7880,0.4960
2026-04-27T18:52:13.524,10.513,1,-3.20,11.70,0.95,13.76,1,-0.1653,-0.4700,-0.1073,-0.2034,-0.1278,-0.0154,1.48,6.28,52.24,64.62,631,631,1.00000,1.00000,1.00000,1.00000,3,3,1,10.22436,0.00269,1.02409,0.1653,0.4700,0.2573,-0.2034,-0.1278,-0.0154,-1.48,-9.23,11.06,1,1,0.0000,0.0000,0.1500,0.00,0.8500,0.3500,0.9200,6.00,180.00,0.850000,0.050000,0.000000,1.100000,0.000000,0.000000,1.200000,0.000000,0.000000,1.350000,0.000000,0.000000,0.850000,0.020000,0.000000,0.008000,0.000000,0.000600,0.008000,0.000000,0.000600,0.006000,0.000000,0.000000,1,1,1,631,248,531941,531941,321497,210444,0,60.00,22208,3343,601,0,0,0,22214,500.00,500.00,10,1038,0.0000,0.5660,0.4740,0.7880,0.4960
2026-04-27T18:52:13.542,10.531,1,-3.20,11.70,0.95,13.76,1,-0.1620,-0.4668,-0.1066,-0.1905,-0.1493,-0.0271,1.62,-7.73,75.02,56.37,632,632,1.00000,1.00000,1.00000,1.00000,3,3,1,10.20325,0.00337,1.03461,0.1620,0.4668,0.2566,-0.1905,-0.1493,-0.0271,-1.62,-9.65,10.83,1,1,0.0000,0.0000,0.1500,0.00,0.8500,0.3500,0.9200,6.00,180.00,0.850000,0.050000,0.000000,1.100000,0.000000,0.000000,1.200000,0.000000,0.000000,1.350000,0.000000,0.000000,0.850000,0.020000,0.000000,0.008000,0.000000,0.000600,0.008000,0.000000,0.000600,0.006000,0.000000,0.000000,1,1,1,632,249,531941,531941,321497,210444,0,60.00,22208,3343,601,0,0,0,22214,500.00,500.00,10,1038,0.0000,0.5660,0.4740,0.7880,0.4960
2026-04-27T18:52:13.559,10.548,1,-3.20,11.70,0.95,13.76,1,-0.1583,-0.4631,-0.1071,-0.2142,-0.1897,0.0000,1.45,9.68,55.23,62.82,633,633,1.00000,1.00000,1.00000,1.00000,3,3,1,10.21883,0.00305,1.01880,0.1583,0.4631,0.2571,-0.2142,-0.1897,0.0000,-1.45,-9.41,11.27,1,1,0.0000,0.0000,0.1500,0.00,0.8500,0.3500,0.9200,6.00,180.00,0.850000,0.050000,0.000000,1.100000,0.000000,0.000000,1.200000,0.000000,0.000000,1.350000,0.000000,0.000000,0.850000,0.020000,0.000000,0.008000,0.000000,0.000600,0.008000,0.000000,0.000600,0.006000,0.000000,0.000000,1,1,1,633,243,531941,531941,321497,210444,0,60.00,22208,3343,631,0,0,0,22244,500.00,500.00,14,1351,0.0000,0.5240,0.5060,0.7970,0.4950
2026-04-27T18:52:13.575,10.564,1,-3.20,11.70,0.95,13.76,1,-0.1548,-0.4588,-0.1071,-0.2115,-0.2230,0.0000,1.39,3.64,58.49,57.80,634,634,1.00000,1.00000,1.00000,1.00000,3,3,1,10.23389,0.00296,1.01989,0.1548,0.4588,0.2571,-0.2115,-0.2230,0.0000,-1.39,-9.40,11.56,1,1,0.0000,0.0000,0.1500,0.00,0.8500,0.3500,0.9200,6.00,180.00,0.850000,0.050000,0.000000,1.100000,0.000000,0.000000,1.200000,0.000000,0.000000,1.350000,0.000000,0.000000,0.850000,0.020000,0.000000,0.008000,0.000000,0.000600,0.008000,0.000000,0.000600,0.006000,0.000000,0.000000,1,1,1,634,243,531941,531941,321497,210444,0,60.00,22208,3343,631,0,0,0,22244,500.00,500.00,14,1351,0.0000,0.5240,0.5060,0.7970,0.4950
2026-04-27T18:52:13.592,10.580,1,-3.20,11.70,0.95,13.76,1,-0.1508,-0.4539,-0.1070,-0.2315,-0.2585,0.0000,1.46,-4.26,57.42,62.33,635,635,1.00000,1.00000,1.00000,1.00000,3,3,1,10.26917,0.00297,1.02395,0.1508,0.4539,0.2570,-0.2315,-0.2585,0.0000,-1.46,-9.15,11.49,1,1,0.0000,0.0000,0.1500,0.00,0.8500,0.3500,0.9200,6.00,180.00,0.850000,0.050000,0.000000,1.100000,0.000000,0.000000,1.200000,0.000000,0.000000,1.350000,0.000000,0.000000,0.850000,0.020000,0.000000,0.008000,0.000000,0.000600,0.008000,0.000000,0.000600,0.006000,0.000000,0.000000,1,1,1,635,244,531941,531941,321497,210444,0,60.00,22208,3343,631,0,0,0,22244,500.00,500.00,14,1351,0.0000,0.5240,0.5060,0.7970,0.4950
2026-04-27T18:52:13.609,10.598,1,-3.20,11.70,0.95,13.76,1,-0.1465,-0.4484,-0.1068,-0.2465,-0.2972,0.0000,1.47,-0.65,65.60,61.05,636,636,1.00000,1.00000,1.00000,1.00000,3,3,1,10.26691,0.00288,1.02758,0.1465,0.4484,0.2568,-0.2465,-0.2972,0.0000,-1.47,-9.07,11.62,1,1,0.0000,0.0000,0.1500,0.00,0.8500,0.3500,0.9200,6.00,180.00,0.850000,0.050000,0.000000,1.100000,0.000000,0.000000,1.200000,0.000000,0.000000,1.350000,0.000000,0.000000,0.850000,0.020000,0.000000,0.008000,0.000000,0.000600,0.008000,0.000000,0.000600,0.006000,0.000000,0.000000,1,1,1,636,244,531941,531941,321497,210444,0,60.00,22208,3343,631,0,0,0,22244,500.00,500.00,14,1351,0.0000,0.5240,0.5060,0.7970,0.4950
2026-04-27T18:52:13.626,10.615,1,-3.20,11.70,0.95,13.76,1,-0.1427,-0.4431,-0.1061,-0.3103,-0.4071,-0.0372,1.34,7.38,58.48,61.27,637,637,1.00000,1.00000,1.00000,1.00000,3,3,1,10.31860,0.00277,1.03538,0.1427,0.4431,0.2561,-0.3103,-0.4071,-0.0372,-1.34,-9.01,11.35,1,1,0.0000,0.0000,0.1500,0.00,0.8500,0.3500,0.9200,6.00,180.00,0.850000,0.050000,0.000000,1.100000,0.000000,0.000000,1.200000,0.000000,0.000000,1.350000,0.000000,0.000000,0.850000,0.020000,0.000000,0.008000,0.000000,0.000600,0.008000,0.000000,0.000600,0.006000,0.000000,0.000000,1,1,1,637,245,531941,531941,321497,210444,0,60.00,22208,3343,631,0,0,0,22244,500.00,500.00,14,1351,0.0000,0.5240,0.5060,0.7970,0.4950
2026-04-27T18:52:13.641,10.630,1,-3.20,11.70,0.95,13.76,1,-0.1375,-0.4357,-0.1057,-0.2693,-0.3660,-0.0258,1.35,-0.64,60.73,54.43,638,638,1.00000,1.00000,1.00000,1.00000,3,3,1,10.24511,0.00308,1.03410,0.1375,0.4357,0.2557,-0.2693,-0.3660,-0.0258,-1.35,-8.82,11.13,1,1,0.0000,0.0000,0.1500,0.00,0.8500,0.3500,0.9200,6.00,180.00,0.850000,0.050000,0.000000,1.100000,0.000000,0.000000,1.200000,0.000000,0.000000,1.350000,0.000000,0.000000,0.850000,0.020000,0.000000,0.008000,0.000000,0.000600,0.008000,0.000000,0.000600,0.006000,0.000000,0.000000,1,1,1,638,249,531941,531941,321497,210444,0,60.00,22208,3343,631,0,0,0,22244,500.00,500.00,14,1351,0.0000,0.5240,0.5060,0.7970,0.4950
2026-04-27T18:52:13.656,10.645,1,-3.20,11.70,0.95,13.76,1,-0.1338,-0.4292,-0.1053,-0.2603,-0.4045,-0.0273,1.63,-17.72,63.51,65.92,639,639,1.00000,1.00000,1.00000,1.00000,3,3,1,10.35242,0.00340,1.03950,0.1338,0.4292,0.2553,-0.2603,-0.4045,-0.0273,-1.63,-9.31,11.09,1,1,0.0000,0.0000,0.1500,0.00,0.8500,0.3500,0.9200,6.00,180.00,0.850000,0.050000,0.000000,1.100000,0.000000,0.000000,1.200000,0.000000,0.000000,1.350000,0.000000,0.000000,0.850000,0.020000,0.000000,0.008000,0.000000,0.000600,0.008000,0.000000,0.000600,0.006000,0.000000,0.000000,1,1,1,639,248,531941,531941,321497,210444,0,60.00,22208,3343,631,0,0,0,22244,500.00,500.00,14,1351,0.0000,0.5240,0.5060,0.7970,0.4950
2026-04-27T18:52:13.676,10.664,1,-2.50,12.50,3.97,0.00,1,-0.1288,-0.4212,-0.1055,-0.2728,-0.4218,0.0000,1.27,19.29,64.55,56.18,640,640,1.00000,1.00000,1.00000,1.00000,3,3,1,10.26183,0.00274,1.02765,0.1288,0.4212,0.2555,-0.2728,-0.4218,0.0000,-1.27,-8.81,11.32,1,1,0.0000,0.0000,0.1500,0.00,0.8500,0.3500,0.9200,6.00,180.00,0.850000,0.050000,0.000000,1.100000,0.000000,0.000000,1.200000,0.000000,0.000000,1.350000,0.000000,0.000000,0.850000,0.020000,0.000000,0.008000,0.000000,0.000600,0.008000,0.000000,0.000600,0.006000,0.000000,0.000000,1,1,1,640,244,531941,531941,321497,210444,0,60.00,22208,3343,631,0,0,0,22244,500.00,500.00,14,1351,0.0000,0.5240,0.5060,0.7970,0.4950
2026-04-27T18:52:13.689,10.678,1,-2.50,12.50,3.97,0.00,1,-0.1248,-0.4135,-0.1052,-0.2737,-0.4802,-0.0194,1.47,-14.56,49.98,64.10,641,641,1.00000,1.00000,1.00000,1.00000,3,3,1,10.35688,0.00302,1.03412,0.1248,0.4135,0.2552,-0.2737,-0.4802,-0.0194,-1.47,-8.90,11.32,1,1,0.0000,0.0000,0.1500,0.00,0.8500,0.3500,0.9200,6.00,180.00,0.850000,0.050000,0.000000,1.100000,0.000000,0.000000,1.200000,0.000000,0.000000,1.350000,0.000000,0.000000,0.850000,0.020000,0.000000,0.008000,0.000000,0.000600,0.008000,0.000000,0.000600,0.006000,0.000000,0.000000,1,1,1,641,247,531941,531941,321497,210444,0,60.00,22208,3343,631,0,0,0,22244,500.00,500.00,14,1351,0.0000,0.5240,0.5060,0.7970,0.4950
2026-04-27T18:52:13.709,10.697,1,-2.50,12.50,3.97,0.00,1,-0.1200,-0.4043,-0.1050,-0.2685,-0.4857,-0.0152,1.37,5.37,78.70,60.04,642,642,1.00000,1.00000,1.00000,1.00000,3,3,1,10.49292,0.00273,1.02727,0.1200,0.4043,0.2550,-0.2685,-0.4857,-0.0152,-1.37,-9.10,11.48,1,1,0.0000,0.0000,0.1500,0.00,0.8500,0.3500,0.9200,6.00,180.00,0.850000,0.050000,0.000000,1.100000,0.000000,0.000000,1.200000,0.000000,0.000000,1.350000,0.000000,0.000000,0.850000,0.020000,0.000000,0.008000,0.000000,0.000600,0.008000,0.000000,0.000600,0.006000,0.000000,0.000000,1,1,1,642,247,531941,531941,321497,210444,0,60.00,22208,3343,631,0,0,0,22244,500.00,500.00,14,1351,0.0000,0.5240,0.5060,0.7970,0.4950
2026-04-27T18:52:13.722,10.711,1,-2.50,12.50,3.97,0.00,1,-0.1154,-0.3955,-0.1048,-0.3016,-0.5589,-0.0137,1.52,-9.72,52.27,60.09,643,643,1.00000,1.00000,1.00000,1.00000,3,3,1,10.49222,0.00307,1.03065,0.1154,0.3955,0.2548,-0.3016,-0.5589,-0.0137,-1.52,-9.18,11.44,1,1,0.0000,0.0000,0.1500,0.00,0.8500,0.3500,0.9200,6.00,180.00,0.850000,0.050000,0.000000,1.100000,0.000000,0.000000,1.200000,0.000000,0.000000,1.350000,0.000000,0.000000,0.850000,0.020000,0.000000,0.008000,0.000000,0.000600,0.008000,0.000000,0.000600,0.006000,0.000000,0.000000,1,1,1,643,249,531941,531941,321497,210444,0,60.00,22208,3343,631,0,0,0,22244,500.00,500.00,14,1351,0.0000,0.5240,0.5060,0.7970,0.4950
2026-04-27T18:52:13.743,10.732,1,-2.50,12.50,3.97,0.00,1,-0.1102,-0.3850,-0.1043,-0.2823,-0.5473,-0.0197,1.43,4.58,71.47,55.20,644,644,1.00000,1.00000,1.00000,1.00000,3,3,1,10.46762,0.00299,1.03458,0.1102,0.3850,0.2543,-0.2823,-0.5473,-0.0197,-1.43,-9.23,11.25,1,1,0.0000,0.0000,0.1500,0.00,0.8500,0.3500,0.9200,6.00,180.00,0.850000,0.050000,0.000000,1.100000,0.000000,0.000000,1.200000,0.000000,0.000000,1.350000,0.000000,0.000000,0.850000,0.020000,0.000000,0.008000,0.000000,0.000600,0.008000,0.000000,0.000600,0.006000,0.000000,0.000000,1,1,1,644,247,531941,531941,321497,210444,0,60.00,22208,3343,631,0,0,0,22244,500.00,500.00,14,1351,0.0000,0.5240,0.5060,0.7970,0.4950
2026-04-27T18:52:13.761,10.749,1,-2.50,12.50,3.97,0.00,1,-0.1054,-0.3745,-0.1045,-0.2864,-0.5871,0.0000,1.44,-0.57,48.21,61.23,645,645,1.00000,1.00000,1.00000,1.00000,3,3,1,10.47868,0.00307,1.02989,0.1054,0.3745,0.2545,-0.2864,-0.5871,0.0000,-1.44,-9.34,11.37,1,1,0.0000,0.0000,0.1500,0.00,0.8500,0.3500,0.9200,6.00,180.00,0.850000,0.050000,0.000000,1.100000,0.000000,0.000000,1.200000,0.000000,0.000000,1.350000,0.000000,0.000000,0.850000,0.020000,0.000000,0.008000,0.000000,0.000600,0.008000,0.000000,0.000600,0.006000,0.000000,0.000000,1,1,1,645,244,531941,531941,321497,210444,0,60.00,22208,3343,631,0,0,0,22244,500.00,500.00,14,1351,0.0000,0.5240,0.5060,0.7970,0.4950
2026-04-27T18:52:13.775,10.764,1,-2.50,12.50,3.97,0.00,1,-0.0996,-0.3637,-0.1047,-0.3356,-0.6450,0.0000,1.16,18.44,57.94,64.29,646,646,1.00000,1.00000,1.00000,1.00000,3,3,1,10.61095,0.00287,1.03072,0.0996,0.3637,0.2547,-0.3356,-0.6450,0.0000,-1.16,-8.74,11.44,1,1,0.0000,0.0000,0.1500,0.00,0.8500,0.3500,0.9200,6.00,180.00,0.850000,0.050000,0.000000,1.100000,0.000000,0.000000,1.200000,0.000000,0.000000,1.350000,0.000000,0.000000,0.850000,0.020000,0.000000,0.008000,0.000000,0.000600,0.008000,0.000000,0.000600,0.006000,0.000000,0.000000,1,1,1,646,242,531941,531941,321497,210444,0,60.00,22208,3343,631,0,0,0,22244,500.00,500.00,14,1351,0.0000,0.5240,0.5060,0.7970,0.4950
2026-04-27T18:52:13.789,10.778,1,-2.10,12.00,3.86,-4.79,1,-0.0945,-0.3523,-0.1045,-0.3382,-0.7162,0.0000,1.10,4.41,70.51,59.99,647,647,1.00000,1.00000,1.00000,1.00000,3,3,1,10.61666,0.00289,1.03737,0.0945,0.3523,0.2545,-0.3382,-0.7162,0.0000,-1.10,-8.63,11.15,1,1,0.0000,0.0000,0.1500,0.00,0.8500,0.3500,0.9200,6.00,180.00,0.850000,0.050000,0.000000,1.100000,0.000000,0.000000,1.200000,0.000000,0.000000,1.350000,0.000000,0.000000,0.850000,0.020000,0.000000,0.008000,0.000000,0.000600,0.008000,0.000000,0.000600,0.006000,0.000000,0.000000,1,1,1,647,243,531941,531941,321497,210444,0,60.00,22208,3343,631,0,0,0,22244,500.00,500.00,14,1351,0.0000,0.5240,0.5060,0.7970,0.4950
2026-04-27T18:52:13.806,10.795,1,-2.10,12.00,3.86,-4.79,1,-0.0890,-0.3398,-0.1039,-0.3293,-0.7177,-0.0216,1.02,4.66,66.21,58.04,648,648,1.00000,1.00000,1.00000,1.00000,3,3,1,10.72537,0.00297,1.03957,0.0890,0.3398,0.2539,-0.3293,-0.7177,-0.0216,-1.02,-8.72,11.01,1,1,0.0000,0.0000,0.1500,0.00,0.8500,0.3500,0.9200,6.00,180.00,0.850000,0.050000,0.000000,1.100000,0.000000,0.000000,1.200000,0.000000,0.000000,1.350000,0.000000,0.000000,0.850000,0.020000,0.000000,0.008000,0.000000,0.000600,0.008000,0.000000,0.000600,0.006000,0.000000,0.000000,1,1,1,648,245,531941,531941,321497,210444,0,60.00,22208,3343,631,0,0,0,22244,500.00,500.00,14,1351,0.0000,0.5240,0.5060,0.7970,0.4950
2026-04-27T18:52:13.826,10.815,1,-2.10,12.00,3.86,-4.79,1,-0.0837,-0.3269,-0.1038,-0.3156,-0.7230,0.0000,1.06,-2.06,61.10,58.08,649,649,1.00000,1.00000,1.00000,1.00000,3,3,1,10.84377,0.00329,1.04169,0.0837,0.3269,0.2538,-0.3156,-0.7230,0.0000,-1.06,-8.92,10.83,1,1,0.0000,0.0000,0.1500,0.00,0.8500,0.3500,0.9200,6.00,180.00,0.850000,0.050000,0.000000,1.100000,0.000000,0.000000,1.200000,0.000000,0.000000,1.350000,0.000000,0.000000,0.850000,0.020000,0.000000,0.008000,0.000000,0.000600,0.008000,0.000000,0.000600,0.006000,0.000000,0.000000,1,1,1,649,244,531941,531941,321497,210444,0,60.00,22208,3343,631,0,0,0,22244,500.00,500.00,14,1351,0.0000,0.5240,0.5060,0.7970,0.4950
2026-04-27T18:52:13.839,10.828,1,-2.10,12.00,3.86,-4.79,1,-0.0785,-0.3144,-0.1037,-0.3395,-0.7892,0.0000,0.85,15.42,50.83,64.58,650,650,1.00000,1.00000,1.00000,1.00000,3,3,1,10.84987,0.00291,1.03834,0.0785,0.3144,0.2537,-0.3395,-0.7892,0.0000,-0.85,-8.95,10.77,1,1,0.0000,0.0000,0.1500,0.00,0.8500,0.3500,0.9200,6.00,180.00,0.850000,0.050000,0.000000,1.100000,0.000000,0.000000,1.200000,0.000000,0.000000,1.350000,0.000000,0.000000,0.850000,0.020000,0.000000,0.008000,0.000000,0.000600,0.008000,0.000000,0.000600,0.006000,0.000000,0.000000,1,1,1,650,243,531941,531941,321497,210444,0,60.00,22208,3343,631,0,0,0,22244,500.00,500.00,14,1351,0.0000,0.5240,0.5060,0.7970,0.4950
2026-04-27T18:52:13.857,10.846,1,-2.10,12.00,3.86,-4.79,1,-0.0726,-0.3003,-0.1038,-0.3369,-0.7931,0.0000,0.66,10.20,73.46,59.64,651,651,1.00000,1.00000,1.00000,1.00000,3,3,1,10.91037,0.00306,1.03789,0.0726,0.3003,0.2538,-0.3369,-0.7931,0.0000,-0.66,-8.80,10.67,1,1,0.0000,0.0000,0.1500,0.00,0.8500,0.3500,0.9200,6.00,180.00,0.850000,0.050000,0.000000,1.100000,0.000000,0.000000,1.200000,0.000000,0.000000,1.350000,0.000000,0.000000,0.850000,0.020000,0.000000,0.008000,0.000000,0.000600,0.008000,0.000000,0.000600,0.006000,0.000000,0.000000,1,1,1,651,241,531941,531941,321497,210444,0,60.00,22208,3343,631,0,0,0,22244,500.00,500.00,14,1351,0.0000,0.5240,0.5060,0.7970,0.4950
2026-04-27T18:52:13.876,10.865,1,-2.10,12.00,3.86,-4.79,1,-0.0665,-0.2861,-0.1035,-0.3398,-0.7964,-0.0108,0.47,10.52,55.16,60.02,652,652,1.00000,1.00000,1.00000,1.00000,3,3,1,11.07303,0.00300,1.04167,0.0665,0.2861,0.2535,-0.3398,-0.7964,-0.0108,-0.47,-8.45,10.34,1,1,0.0000,0.0000,0.1500,0.00,0.8500,0.3500,0.9200,6.00,180.00,0.850000,0.050000,0.000000,1.100000,0.000000,0.000000,1.200000,0.000000,0.000000,1.350000,0.000000,0.000000,0.850000,0.020000,0.000000,0.008000,0.000000,0.000600,0.008000,0.000000,0.000600,0.006000,0.000000,0.000000,1,1,1,652,248,531941,531941,321497,210444,0,60.00,22208,3343,631,0,0,0,22244,500.00,500.00,14,1351,0.0000,0.5240,0.5060,0.7970,0.4950
2026-04-27T18:52:13.892,10.881,1,-1.90,11.30,1.99,-6.92,1,-0.0609,-0.2723,-0.1033,-0.3535,-0.8549,-0.0132,0.43,2.52,54.13,63.26,653,653,1.00000,1.00000,1.00000,1.00000,3,3,1,11.11979,0.00283,1.04122,0.0609,0.2723,0.2533,-0.3535,-0.8549,-0.0132,-0.43,-8.24,10.07,1,1,0.0000,0.0000,0.1500,0.00,0.8500,0.3500,0.9200,6.00,180.00,0.850000,0.050000,0.000000,1.100000,0.000000,0.000000,1.200000,0.000000,0.000000,1.350000,0.000000,0.000000,0.850000,0.020000,0.000000,0.008000,0.000000,0.000600,0.008000,0.000000,0.000600,0.006000,0.000000,0.000000,1,1,1,653,249,531941,531941,321497,210444,0,60.00,22208,3343,631,0,0,0,22244,500.00,500.00,14,1351,0.0000,0.5240,0.5060,0.7970,0.4950
2026-04-27T18:52:13.909,10.898,1,-1.90,11.30,1.99,-6.92,1,-0.0551,-0.2570,-0.1029,-0.3401,-0.8574,-0.0145,0.47,-2.42,59.03,53.05,654,654,1.00000,1.00000,1.00000,1.00000,3,3,1,11.27801,0.00286,1.04827,0.0551,0.2570,0.2529,-0.3401,-0.8574,-0.0145,-0.47,-8.38,9.77,1,1,0.0000,0.0000,0.1500,0.00,0.8500,0.3500,0.9200,6.00,180.00,0.850000,0.050000,0.000000,1.100000,0.000000,0.000000,1.200000,0.000000,0.000000,1.350000,0.000000,0.000000,0.850000,0.020000,0.000000,0.008000,0.000000,0.000600,0.008000,0.000000,0.000600,0.006000,0.000000,0.000000,1,1,1,654,247,531941,531941,321497,210444,0,60.00,22208,3343,631,0,0,0,22244,500.00,500.00,14,1351,0.0000,0.5240,0.5060,0.7970,0.4950
2026-04-27T18:52:13.924,10.912,1,-1.90,11.30,1.99,-6.92,1,-0.0495,-0.2420,-0.1029,-0.3622,-0.9396,0.0000,0.40,4.65,62.42,65.57,655,655,1.00000,1.00000,1.00000,1.00000,3,3,1,11.44380,0.00308,1.04061,0.0495,0.2420,0.2529,-0.3622,-0.9396,0.0000,-0.40,-8.43,9.65,1,1,0.0000,0.0000,0.1500,0.00,0.8500,0.3500,0.9200,6.00,180.00,0.850000,0.050000,0.000000,1.100000,0.000000,0.000000,1.200000,0.000000,0.000000,1.350000,0.000000,0.000000,0.850000,0.020000,0.000000,0.008000,0.000000,0.000600,0.008000,0.000000,0.000600,0.006000,0.000000,0.000000,1,1,1,655,240,531941,531941,321497,210444,0,60.00,22208,3343,631,0,0,0,22244,500.00,500.00,14,1351,0.0000,0.5240,0.5060,0.7970,0.4950
2026-04-27T18:52:13.943,10.932,1,-1.90,11.30,1.99,-6.92,1,-0.0435,-0.2256,-0.1027,-0.3500,-0.9242,-0.0120,0.41,-0.53,68.73,58.41,656,656,1.00000,1.00000,1.00000,1.00000,3,3,1,11.58273,0.00304,1.04501,0.0435,0.2256,0.2527,-0.3500,-0.9242,-0.0120,-0.41,-8.63,9.56,1,1,0.0000,0.0000,0.1500,0.00,0.8500,0.3500,0.9200,6.00,180.00,0.850000,0.050000,0.000000,1.100000,0.000000,0.000000,1.200000,0.000000,0.000000,1.350000,0.000000,0.000000,0.850000,0.020000,0.000000,0.008000,0.000000,0.000600,0.008000,0.000000,0.000600,0.006000,0.000000,0.000000,1,1,1,656,247,532001,532001,321556,210444,0,60.00,22268,3269,631,0,0,0,22244,500.00,500.00,14,1351,0.0000,0.5240,0.5060,0.7970,0.4950
2026-04-27T18:52:13.959,10.948,1,-1.90,11.30,1.99,-6.92,1,-0.0376,-0.2097,-0.1027,-0.3683,-0.9797,0.0000,0.36,3.16,51.60,57.77,657,657,1.00000,1.00000,1.00000,1.00000,3,3,1,11.74690,0.00298,1.05026,0.0376,0.2097,0.2527,-0.3683,-0.9797,0.0000,-0.36,-8.53,9.14,1,1,0.0000,0.0000,0.1500,0.00,0.8500,0.3500,0.9200,6.00,180.00,0.850000,0.050000,0.000000,1.100000,0.000000,0.000000,1.200000,0.000000,0.000000,1.350000,0.000000,0.000000,0.850000,0.020000,0.000000,0.008000,0.000000,0.000600,0.008000,0.000000,0.000600,0.006000,0.000000,0.000000,1,1,1,657,241,532001,532001,321556,210444,0,60.00,22268,3269,631,0,0,0,22244,500.00,500.00,14,1351,0.0000,0.5240,0.5060,0.7970,0.4950
2026-04-27T18:52:13.974,10.963,1,-1.90,11.30,1.99,-6.92,1,-0.0315,-0.1929,-0.1025,-0.3623,-0.9879,-0.0102,0.30,3.57,58.80,63.72,658,658,1.00000,1.00000,1.00000,1.00000,3,3,1,11.90631,0.00311,1.05094,0.0315,0.1929,0.2525,-0.3623,-0.9879,-0.0102,-0.30,-8.72,8.79,1,1,0.0000,0.0000,0.1500,0.00,0.8500,0.3500,0.9200,6.00,180.00,0.850000,0.050000,0.000000,1.100000,0.000000,0.000000,1.200000,0.000000,0.000000,1.350000,0.000000,0.000000,0.850000,0.020000,0.000000,0.008000,0.000000,0.000600,0.008000,0.000000,0.000600,0.006000,0.000000,0.000000,1,1,1,658,246,532001,532001,321556,210444,0,60.00,22268,3269,631,0,0,0,22244,500.00,500.00,14,1351,0.0000,0.5240,0.5060,0.7970,0.4950
2026-04-27T18:52:13.993,10.982,1,-1.90,11.30,1.99,-6.92,1,-0.0253,-0.1759,-0.1021,-0.3670,-1.0008,-0.0145,0.35,-2.77,70.22,61.24,659,659,1.00000,1.00000,1.00000,1.00000,3,3,1,12.12780,0.00327,1.05417,0.0253,0.1759,0.2521,-0.3670,-1.0008,-0.0145,-0.35,-8.89,8.50,1,1,0.0000,0.0000,0.1500,0.00,0.8500,0.3500,0.9200,6.00,180.00,0.850000,0.050000,0.000000,1.100000,0.000000,0.000000,1.200000,0.000000,0.000000,1.350000,0.000000,0.000000,0.850000,0.020000,0.000000,0.008000,0.000000,0.000600,0.008000,0.000000,0.000600,0.006000,0.000000,0.000000,1,1,1,659,243,532001,532001,321556,210444,0,60.00,22268,3269,631,0,0,0,22244,500.00,500.00,14,1351,0.0000,0.5240,0.5060,0.7970,0.4950
2026-04-27T18:52:14.010,10.999,1,-1.90,11.30,1.99,-6.92,1,-0.0193,-0.1585,-0.1018,-0.3509,-0.9820,-0.0138,0.27,4.78,51.69,55.24,660,660,1.00000,1.00000,1.00000,1.00000,3,3,1,12.32416,0.00318,1.05206,0.0193,0.1585,0.2518,-0.3509,-0.9820,-0.0138,-0.27,-9.01,8.10,1,1,0.0000,0.0000,0.1500,0.00,0.8500,0.3500,0.9200,6.00,180.00,0.850000,0.050000,0.000000,1.100000,0.000000,0.000000,1.200000,0.000000,0.000000,1.350000,0.000000,0.000000,0.850000,0.020000,0.000000,0.008000,0.000000,0.000600,0.008000,0.000000,0.000600,0.006000,0.000000,0.000000,1,1,1,660,244,532001,532001,321556,210444,0,60.00,22268,3269,631,0,0,0,22244,500.00,500.00,14,1351,0.0000,0.5240,0.5060,0.7970,0.4950
2026-04-27T18:52:14.024,11.013,1,-1.90,11.30,1.99,-6.92,1,-0.0132,-0.1416,-0.1022,-0.4027,-1.1199,0.0000,0.21,4.27,60.66,65.43,661,661,1.00000,1.00000,1.00000,1.00000,3,3,1,12.50410,0.00313,1.05052,0.0132,0.1416,0.2522,-0.4027,-1.1199,0.0000,-0.21,-8.85,7.68,1,1,0.0000,0.0000,0.1500,0.00,0.8500,0.3500,0.9200,6.00,180.00,0.850000,0.050000,0.000000,1.100000,0.000000,0.000000,1.200000,0.000000,0.000000,1.350000,0.000000,0.000000,0.850000,0.020000,0.000000,0.008000,0.000000,0.000600,0.008000,0.000000,0.000600,0.006000,0.000000,0.000000,1,1,1,661,242,532001,532001,321556,210444,0,60.00,22268,3269,631,0,0,0,22244,500.00,500.00,14,1351,0.0000,0.5240,0.5060,0.7970,0.4950
2026-04-27T18:52:14.041,11.029,1,-1.90,11.30,1.99,-6.92,1,-0.0066,-0.1235,-0.1019,-0.4066,-1.1237,0.0000,0.15,3.69,77.04,55.74,662,662,1.00000,1.00000,1.00000,1.00000,3,3,1,12.73787,0.00331,1.06084,0.0066,0.1235,0.2519,-0.4066,-1.1237,0.0000,-0.15,-8.81,7.26,1,1,0.0000,0.0000,0.1500,0.00,0.8500,0.3500,0.9200,6.00,180.00,0.850000,0.050000,0.000000,1.100000,0.000000,0.000000,1.200000,0.000000,0.000000,1.350000,0.000000,0.000000,0.850000,0.020000,0.000000,0.008000,0.000000,0.000600,0.008000,0.000000,0.000600,0.006000,0.000000,0.000000,1,1,1,662,243,532001,532001,321556,210444,0,60.00,22268,3269,631,0,0,0,22244,500.00,500.00,14,1351,0.0000,0.5240,0.5060,0.7970,0.4950
2026-04-27T18:52:14.057,11.045,1,-1.90,11.30,1.99,-6.92,1,-0.0003,-0.1050,-0.1019,-0.4050,-1.1539,0.0000,0.06,5.96,57.00,63.92,663,663,1.00000,1.00000,1.00000,1.00000,3,3,1,13.15274,0.00289,1.06082,0.0003,0.1050,0.2519,-0.4050,-1.1539,0.0000,-0.06,-8.78,7.03,1,1,0.0000,0.0000,0.1500,0.00,0.8500,0.3500,0.9200,6.00,180.00,0.850000,0.050000,0.000000,1.100000,0.000000,0.000000,1.200000,0.000000,0.000000,1.350000,0.000000,0.000000,0.850000,0.020000,0.000000,0.008000,0.000000,0.000600,0.008000,0.000000,0.000600,0.006000,0.000000,0.000000,1,1,1,663,239,532001,532001,321556,210444,0,60.00,22268,3269,661,0,0,0,22274,500.00,500.00,9,395,0.0000,0.4330,0.5340,0.7920,0.4990
2026-04-27T18:52:14.074,11.063,1,-1.90,11.30,1.99,-6.92,1,0.0061,-0.0864,-0.1018,-0.3808,-1.0990,0.0000,0.11,-2.70,66.22,60.00,664,664,1.00000,1.00000,1.00000,1.00000,3,3,1,13.32752,0.00307,1.05589,-0.0061,0.0864,0.2518,-0.3808,-1.0990,0.0000,-0.11,-8.93,6.83,1,1,0.0000,0.0000,0.1500,0.00,0.8500,0.3500,0.9200,6.00,180.00,0.850000,0.050000,0.000000,1.100000,0.000000,0.000000,1.200000,0.000000,0.000000,1.350000,0.000000,0.000000,0.850000,0.020000,0.000000,0.008000,0.000000,0.000600,0.008000,0.000000,0.000600,0.006000,0.000000,0.000000,1,1,1,664,244,532001,532001,321556,210444,0,60.00,22268,3269,661,0,0,0,22274,500.00,500.00,9,395,0.0000,0.4330,0.5340,0.7920,0.4990
2026-04-27T18:52:14.090,11.079,1,-1.90,11.30,1.99,-6.92,1,0.0125,-0.0685,-0.1018,-0.4017,-1.1357,0.0000,0.18,-4.41,54.69,60.34,665,665,1.00000,1.00000,1.00000,1.00000,3,3,1,13.59081,0.00351,1.05934,-0.0125,0.0685,0.2518,-0.4017,-1.1357,0.0000,-0.18,-8.82,6.61,1,1,0.0000,0.0000,0.1500,0.00,0.8500,0.3500,0.9200,6.00,180.00,0.850000,0.050000,0.000000,1.100000,0.000000,0.000000,1.200000,0.000000,0.000000,1.350000,0.000000,0.000000,0.850000,0.020000,0.000000,0.008000,0.000000,0.000600,0.008000,0.000000,0.000600,0.006000,0.000000,0.000000,1,1,1,665,244,532001,532001,321556,210444,0,60.00,22268,3269,661,0,0,0,22274,500.00,500.00,9,395,0.0000,0.4330,0.5340,0.7920,0.4990
2026-04-27T18:52:14.107,11.096,1,-1.90,11.30,1.99,-6.92,1,0.0195,-0.0486,-0.1018,-0.3899,-1.1078,0.0000,-0.04,11.81,62.92,54.57,666,666,1.00000,1.00000,1.00000,1.00000,3,3,1,14.00669,0.00303,1.06051,-0.0195,0.0486,0.2518,-0.3899,-1.1078,0.0000,0.04,-8.46,6.13,1,1,0.0000,0.0000,0.1500,0.00,0.8500,0.3500,0.9200,6.00,180.00,0.850000,0.050000,0.000000,1.100000,0.000000,0.000000,1.200000,0.000000,0.000000,1.350000,0.000000,0.000000,0.850000,0.020000,0.000000,0.008000,0.000000,0.000600,0.008000,0.000000,0.000600,0.006000,0.000000,0.000000,1,1,1,666,242,532001,532001,321556,210444,0,60.00,22268,3269,661,0,0,0,22274,500.00,500.00,9,395,0.0000,0.4330,0.5340,0.7920,0.4990
2026-04-27T18:52:14.125,11.113,1,-1.90,11.30,1.99,-6.92,1,0.0260,-0.0301,-0.1018,-0.4032,-1.1447,0.0000,-0.10,3.73,55.16,68.10,667,667,1.00000,1.00000,1.00000,1.00000,3,3,1,14.30709,0.00313,1.06096,-0.0260,0.0301,0.2518,-0.4032,-1.1447,0.0000,0.10,-8.40,5.74,1,1,0.0000,0.0000,0.1500,0.00,0.8500,0.3500,0.9200,6.00,180.00,0.850000,0.050000,0.000000,1.100000,0.000000,0.000000,1.200000,0.000000,0.000000,1.350000,0.000000,0.000000,0.850000,0.020000,0.000000,0.008000,0.000000,0.000600,0.008000,0.000000,0.000600,0.006000,0.000000,0.000000,1,1,1,667,240,532001,532001,321556,210444,0,60.00,22268,3269,661,0,0,0,22274,500.00,500.00,9,395,0.0000,0.4330,0.5340,0.7920,0.4990
2026-04-27T18:52:14.141,11.130,1,-1.90,11.30,1.99,-6.92,1,0.0327,-0.0107,-0.1017,-0.3943,-1.1329,0.0000,-0.22,7.30,57.57,54.50,668,668,1.00000,1.00000,1.00000,1.00000,3,3,1,14.67576,0.00308,1.06113,-0.0327,0.0107,0.2517,-0.3943,-1.1329,0.0000,0.22,-8.43,5.49,1,1,0.0000,0.0000,0.1500,0.00,0.8500,0.3500,0.9200,6.00,180.00,0.850000,0.050000,0.000000,1.100000,0.000000,0.000000,1.200000,0.000000,0.000000,1.350000,0.000000,0.000000,0.850000,0.020000,0.000000,0.008000,0.000000,0.000600,0.008000,0.000000,0.000600,0.006000,0.000000,0.000000,1,1,1,668,243,532001,532001,321556,210444,0,60.00,22268,3269,661,0,0,0,22274,500.00,500.00,9,395,0.0000,0.4330,0.5340,0.7920,0.4990
2026-04-27T18:52:14.157,11.146,1,-1.90,11.30,1.99,-6.92,1,0.0394,0.0085,-0.1016,-0.4157,-1.1957,0.0000,-0.40,11.49,63.86,64.90,669,669,1.00000,1.00000,1.00000,1.00000,3,3,1,15.15729,0.00293,1.05990,-0.0394,-0.0085,0.2516,-0.4157,-1.1957,0.0000,0.40,-8.24,4.95,1,1,0.0000,0.0000,0.1500,0.00,0.8500,0.3500,0.9200,6.00,180.00,0.850000,0.050000,0.000000,1.100000,0.000000,0.000000,1.200000,0.000000,0.000000,1.350000,0.000000,0.000000,0.850000,0.020000,0.000000,0.008000,0.000000,0.000600,0.008000,0.000000,0.000600,0.006000,0.000000,0.000000,1,1,1,669,243,532001,532001,321556,210444,0,60.00,22268,3269,661,0,0,0,22274,500.00,500.00,9,395,0.0000,0.4330,0.5340,0.7920,0.4990
2026-04-27T18:52:14.172,11.160,1,-1.90,11.30,1.99,-6.92,1,0.0463,0.0280,-0.1015,-0.4237,-1.2105,0.0000,-0.50,6.25,62.85,60.18,670,670,1.00000,1.00000,1.00000,1.00000,3,3,1,15.62828,0.00307,1.06770,-0.0463,-0.0280,0.2515,-0.4237,-1.2105,0.0000,0.50,-8.08,4.51,1,1,0.0000,0.0000,0.1500,0.00,0.8500,0.3500,0.9200,6.00,180.00,0.850000,0.050000,0.000000,1.100000,0.000000,0.000000,1.200000,0.000000,0.000000,1.350000,0.000000,0.000000,0.850000,0.020000,0.000000,0.008000,0.000000,0.000600,0.008000,0.000000,0.000600,0.006000,0.000000,0.000000,1,1,1,670,242,532001,532001,321556,210444,0,60.00,22268,3269,661,0,0,0,22274,500.00,500.00,9,395,0.0000,0.4330,0.5340,0.7920,0.4990
2026-04-27T18:52:14.191,11.179,1,-1.90,11.30,1.99,-6.92,1,0.0532,0.0480,-0.1012,-0.4167,-1.2030,-0.0108,-0.51,0.56,72.68,56.51,671,671,1.00000,1.00000,1.00000,1.00000,3,3,1,16.05803,0.00315,1.06617,-0.0532,-0.0480,0.2512,-0.4167,-1.2030,-0.0108,0.51,-8.06,4.30,1,1,0.0000,0.0000,0.1500,0.00,0.8500,0.3500,0.9200,6.00,180.00,0.850000,0.050000,0.000000,1.100000,0.000000,0.000000,1.200000,0.000000,0.000000,1.350000,0.000000,0.000000,0.850000,0.020000,0.000000,0.008000,0.000000,0.000600,0.008000,0.000000,0.000600,0.006000,0.000000,0.000000,1,1,1,671,248,532001,532001,321556,210444,0,60.00,22268,3269,661,0,0,0,22274,500.00,500.00,9,395,0.0000,0.4330,0.5340,0.7920,0.4990
2026-04-27T18:52:14.207,11.196,1,-1.90,11.30,1.99,-6.92,1,0.0601,0.0678,-0.1008,-0.4134,-1.1855,-0.0159,-0.56,3.08,50.40,68.74,672,672,1.00000,1.00000,1.00000,1.00000,3,3,1,16.64358,0.00316,1.06842,-0.0601,-0.0678,0.2508,-0.4134,-1.1855,-0.0159,0.56,-8.11,3.96,1,1,0.0000,0.0000,0.1500,0.00,0.8500,0.3500,0.9200,6.00,180.00,0.850000,0.050000,0.000000,1.100000,0.000000,0.000000,1.200000,0.000000,0.000000,1.350000,0.000000,0.000000,0.850000,0.020000,0.000000,0.008000,0.000000,0.000600,0.008000,0.000000,0.000600,0.006000,0.000000,0.000000,1,1,1,672,248,532001,532001,321556,210444,0,60.00,22268,3269,661,0,0,0,22274,500.00,500.00,9,395,0.0000,0.4330,0.5340,0.7920,0.4990
2026-04-27T18:52:14.224,11.213,1,-1.90,11.30,1.99,-6.92,1,0.0670,0.0875,-0.1009,-0.4202,-1.2024,0.0000,-0.70,8.00,57.58,52.99,673,673,1.00000,1.00000,1.00000,1.00000,3,3,1,17.04625,0.00306,1.06978,-0.0670,-0.0875,0.2509,-0.4202,-1.2024,0.0000,0.70,-7.90,3.66,1,1,0.0000,0.0000,0.1500,0.00,0.8500,0.3500,0.9200,6.00,180.00,0.850000,0.050000,0.000000,1.100000,0.000000,0.000000,1.200000,0.000000,0.000000,1.350000,0.000000,0.000000,0.850000,0.020000,0.000000,0.008000,0.000000,0.000600,0.008000,0.000000,0.000600,0.006000,0.000000,0.000000,1,1,1,673,241,532001,532001,321556,210444,0,60.00,22268,3269,661,0,0,0,22274,500.00,500.00,9,395,0.0000,0.4330,0.5340,0.7920,0.4990
2026-04-27T18:52:14.240,11.229,1,-1.90,11.30,1.99,-6.92,1,0.0739,0.1071,-0.1004,-0.4285,-1.2269,-0.0201,-0.78,5.03,64.96,64.41,674,674,1.00000,1.00000,1.00000,1.00000,3,3,1,17.62074,0.00311,1.07602,-0.0739,-0.1071,0.2504,-0.4285,-1.2269,-0.0201,0.78,-7.84,3.33,1,1,0.0000,0.0000,0.1500,0.00,0.8500,0.3500,0.9200,6.00,180.00,0.850000,0.050000,0.000000,1.100000,0.000000,0.000000,1.200000,0.000000,0.000000,1.350000,0.000000,0.000000,0.850000,0.020000,0.000000,0.008000,0.000000,0.000600,0.008000,0.000000,0.000600,0.006000,0.000000,0.000000,1,1,1,674,247,532001,532001,321556,210444,0,60.00,22268,3269,661,0,0,0,22274,500.00,500.00,9,395,0.0000,0.4330,0.5340,0.7920,0.4990
2026-04-27T18:52:14.256,11.245,1,-1.90,11.30,1.99,-6.92,1,0.0810,0.1273,-0.1000,-0.4249,-1.2145,-0.0190,-0.93,9.39,59.12,59.99,675,675,1.00000,1.00000,1.00000,1.00000,3,3,1,18.34211,0.00304,1.07690,-0.0810,-0.1273,0.2500,-0.4249,-1.2145,-0.0190,0.93,-7.72,2.93,1,1,0.0000,0.0000,0.1500,0.00,0.8500,0.3500,0.9200,6.00,180.00,0.850000,0.050000,0.000000,1.100000,0.000000,0.000000,1.200000,0.000000,0.000000,1.350000,0.000000,0.000000,0.850000,0.020000,0.000000,0.008000,0.000000,0.000600,0.008000,0.000000,0.000600,0.006000,0.000000,0.000000,1,1,1,675,248,532001,532001,321556,210444,0,60.00,22268,3269,661,0,0,0,22274,500.00,500.00,9,395,0.0000,0.4330,0.5340,0.7920,0.4990
2026-04-27T18:52:14.275,11.263,1,-1.90,11.30,1.99,-6.92,1,0.0881,0.1477,-0.1000,-0.4218,-1.2111,0.0000,-1.06,7.05,67.20,56.41,676,676,1.00000,1.00000,1.00000,1.00000,3,3,1,18.97617,0.00299,1.07833,-0.0881,-0.1477,0.2500,-0.4218,-1.2111,0.0000,1.06,-7.55,2.48,1,1,0.0000,0.0000,0.1500,0.00,0.8500,0.3500,0.9200,6.00,180.00,0.850000,0.050000,0.000000,1.100000,0.000000,0.000000,1.200000,0.000000,0.000000,1.350000,0.000000,0.000000,0.850000,0.020000,0.000000,0.008000,0.000000,0.000600,0.008000,0.000000,0.000600,0.006000,0.000000,0.000000,1,1,1,676,243,532001,532001,321556,210444,0,60.00,22268,3269,661,0,0,0,22274,500.00,500.00,9,395,0.0000,0.4330,0.5340,0.7920,0.4990
2026-04-27T18:52:14.288,11.277,1,1.00,2.90,11.80,-21.78,1,0.0950,0.1676,-0.0999,-0.4221,-1.2119,0.0000,-1.22,11.10,51.18,63.43,677,677,1.00000,1.00000,1.00000,1.00000,3,3,1,19.61671,0.00290,1.08045,-0.0950,-0.1676,0.2499,-0.4221,-1.2119,0.0000,1.22,-7.42,2.18,1,1,0.0000,0.0000,0.1500,0.00,0.8500,0.3500,0.9200,6.00,180.00,0.850000,0.050000,0.000000,1.100000,0.000000,0.000000,1.200000,0.000000,0.000000,1.350000,0.000000,0.000000,0.850000,0.020000,0.000000,0.008000,0.000000,0.000600,0.008000,0.000000,0.000600,0.006000,0.000000,0.000000,1,1,1,677,243,532001,532001,321556,210444,0,60.00,22268,3269,661,0,0,0,22274,500.00,500.00,9,395,0.0000,0.4330,0.5340,0.7920,0.4990
2026-04-27T18:52:14.308,11.297,1,1.00,2.90,11.80,-21.78,1,0.1021,0.1879,-0.0994,-0.4128,-1.1852,-0.0190,-1.28,3.20,61.99,56.22,678,678,1.00000,1.00000,1.00000,1.00000,3,3,1,20.40725,0.00282,1.07954,-0.1021,-0.1879,0.2494,-0.4128,-1.1852,-0.0190,1.28,-7.24,1.86,1,1,0.0000,0.0000,0.1500,0.00,0.8500,0.3500,0.9200,6.00,180.00,0.850000,0.050000,0.000000,1.100000,0.000000,0.000000,1.200000,0.000000,0.000000,1.350000,0.000000,0.000000,0.850000,0.020000,0.000000,0.008000,0.000000,0.000600,0.008000,0.000000,0.000600,0.006000,0.000000,0.000000,1,1,1,678,249,532001,532001,321556,210444,0,60.00,22268,3269,661,0,0,0,22274,500.00,500.00,9,395,0.0000,0.4330,0.5340,0.7920,0.4990
2026-04-27T18:52:14.321,11.310,1,1.00,2.90,11.80,-21.78,1,0.1088,0.2072,-0.0993,-0.4348,-1.2563,-0.0123,-1.45,12.13,58.23,65.15,679,679,1.00000,1.00000,1.00000,1.00000,3,3,1,21.16008,0.00276,1.08404,-0.1088,-0.2072,0.2493,-0.4348,-1.2563,-0.0123,1.45,-7.16,1.47,1,1,0.0000,0.0000,0.1500,0.00,0.8500,0.3500,0.9200,6.00,180.00,0.850000,0.050000,0.000000,1.100000,0.000000,0.000000,1.200000,0.000000,0.000000,1.350000,0.000000,0.000000,0.850000,0.020000,0.000000,0.008000,0.000000,0.000600,0.008000,0.000000,0.000600,0.006000,0.000000,0.000000,1,1,1,679,249,532001,532001,321556,210444,0,60.00,22268,3269,661,0,0,0,22274,500.00,500.00,9,395,0.0000,0.4330,0.5340,0.7920,0.4990
2026-04-27T18:52:14.339,11.328,1,1.00,2.90,11.80,-21.78,1,0.1160,0.2276,-0.0991,-0.4326,-1.2374,-0.0111,-1.62,9.61,84.42,59.40,680,680,1.00000,1.00000,1.00000,1.00000,3,3,1,21.99601,0.00274,1.08758,-0.1160,-0.2276,0.2491,-0.4326,-1.2374,-0.0111,1.62,-6.79,1.15,1,1,0.0000,0.0000,0.1500,0.00,0.8500,0.3500,0.9200,6.00,180.00,0.850000,0.050000,0.000000,1.100000,0.000000,0.000000,1.200000,0.000000,0.000000,1.350000,0.000000,0.000000,0.850000,0.020000,0.000000,0.008000,0.000000,0.000600,0.008000,0.000000,0.000600,0.006000,0.000000,0.000000,1,1,1,680,249,532001,532001,321556,210444,0,60.00,22268,3269,661,0,0,0,22274,500.00,500.00,9,395,0.0000,0.4330,0.5340,0.7920,0.4990
2026-04-27T18:52:14.355,11.344,1,1.00,2.90,11.80,-21.78,1,0.1226,0.2473,-0.0988,-0.4325,-1.2631,-0.0187,-1.66,2.41,50.73,59.84,681,681,1.00000,1.00000,1.00000,1.00000,3,3,1,22.87525,0.00275,1.08606,-0.1226,-0.2473,0.2488,-0.4325,-1.2631,-0.0187,1.66,-6.89,0.81,1,1,0.0000,0.0000,0.1500,0.00,0.8500,0.3500,0.9200,6.00,180.00,0.850000,0.050000,0.000000,1.100000,0.000000,0.000000,1.200000,0.000000,0.000000,1.350000,0.000000,0.000000,0.850000,0.020000,0.000000,0.008000,0.000000,0.000600,0.008000,0.000000,0.000600,0.006000,0.000000,0.000000,1,1,1,681,249,532001,532001,321556,210444,0,60.00,22268,3269,661,0,0,0,22274,500.00,500.00,9,395,0.0000,0.4330,0.5340,0.7920,0.4990
2026-04-27T18:52:14.372,11.361,1,1.00,2.90,11.80,-21.78,1,0.1296,0.2675,-0.0985,-0.4206,-1.2218,-0.0150,-1.70,2.33,64.22,59.83,682,682,1.00000,1.00000,1.00000,1.00000,3,3,1,23.73519,0.00279,1.09047,-0.1296,-0.2675,0.2485,-0.4206,-1.2218,-0.0150,1.70,-6.76,0.52,1,1,0.0000,0.0000,0.1500,0.00,0.8500,0.3500,0.9200,6.00,180.00,0.850000,0.050000,0.000000,1.100000,0.000000,0.000000,1.200000,0.000000,0.000000,1.350000,0.000000,0.000000,0.850000,0.020000,0.000000,0.008000,0.000000,0.000600,0.008000,0.000000,0.000600,0.006000,0.000000,0.000000,1,1,1,682,247,532001,532001,321556,210444,0,60.00,22268,3269,661,0,0,0,22274,500.00,500.00,9,395,0.0000,0.4330,0.5340,0.7920,0.4990
2026-04-27T18:52:14.390,11.379,1,1.00,2.90,11.80,-21.78,1,0.1362,0.2872,-0.0983,-0.4103,-1.2076,-0.0146,-1.75,2.96,55.09,58.45,683,683,1.00000,1.00000,1.00000,1.00000,3,3,1,24.77233,0.00277,1.09417,-0.1362,-0.2872,0.2483,-0.4103,-1.2076,-0.0146,1.75,-6.85,0.33,1,1,0.0000,0.0000,0.1500,0.00,0.8500,0.3500,0.9200,6.00,180.00,0.850000,0.050000,0.000000,1.100000,0.000000,0.000000,1.200000,0.000000,0.000000,1.350000,0.000000,0.000000,0.850000,0.020000,0.000000,0.008000,0.000000,0.000600,0.008000,0.000000,0.000600,0.006000,0.000000,0.000000,1,1,1,683,248,532001,532001,321556,210444,0,60.00,22268,3269,661,0,0,0,22274,500.00,500.00,9,395,0.0000,0.4330,0.5340,0.7920,0.4990
2026-04-27T18:52:14.405,11.394,1,1.00,2.90,11.80,-21.78,1,0.1428,0.3065,-0.0981,-0.4192,-1.2253,-0.0139,-1.79,2.47,62.99,62.35,684,684,1.00000,1.00000,1.00000,1.00000,3,3,1,25.74240,0.00250,1.09606,-0.1428,-0.3065,0.2481,-0.4192,-1.2253,-0.0139,1.79,-6.67,0.05,1,1,0.0000,0.0000,0.1500,0.00,0.8500,0.3500,0.9200,6.00,180.00,0.850000,0.050000,0.000000,1.100000,0.000000,0.000000,1.200000,0.000000,0.000000,1.350000,0.000000,0.000000,0.850000,0.020000,0.000000,0.008000,0.000000,0.000600,0.008000,0.000000,0.000600,0.006000,0.000000,0.000000,1,1,1,684,249,532001,532001,321556,210444,0,60.00,22268,3269,661,0,0,0,22274,500.00,500.00,9,395,0.0000,0.4330,0.5340,0.7920,0.4990
2026-04-27T18:52:14.423,11.411,1,1.00,2.90,11.80,-21.78,1,0.1497,0.3266,-0.0978,-0.4072,-1.1902,-0.0140,-1.90,6.36,61.86,60.20,685,685,1.00000,1.00000,1.00000,1.00000,3,3,1,26.83218,0.00266,1.09932,-0.1497,-0.3266,0.2478,-0.4072,-1.1902,-0.0140,1.90,-6.50,-0.31,1,1,0.0000,0.0000,0.1500,0.00,0.8500,0.3500,0.9200,6.00,180.00,0.850000,0.050000,0.000000,1.100000,0.000000,0.000000,1.200000,0.000000,0.000000,1.350000,0.000000,0.000000,0.850000,0.020000,0.000000,0.008000,0.000000,0.000600,0.008000,0.000000,0.000600,0.006000,0.000000,0.000000,1,1,1,685,246,532001,532001,321556,210444,0,60.00,22268,3269,661,0,0,0,22274,500.00,500.00,9,395,0.0000,0.4330,0.5340,0.7920,0.4990
2026-04-27T18:52:14.440,11.429,1,1.00,2.90,11.80,-21.78,1,0.1562,0.3461,-0.0976,-0.3897,-1.1536,-0.0151,-1.89,-0.56,53.19,60.00,686,686,1.00000,1.00000,1.00000,1.00000,3,3,1,27.83621,0.00264,1.10178,-0.1562,-0.3461,0.2476,-0.3897,-1.1536,-0.0151,1.89,-6.44,-0.57,1,1,0.0000,0.0000,0.1500,0.00,0.8500,0.3500,0.9200,6.00,180.00,0.850000,0.050000,0.000000,1.100000,0.000000,0.000000,1.200000,0.000000,0.000000,1.350000,0.000000,0.000000,0.850000,0.020000,0.000000,0.008000,0.000000,0.000600,0.008000,0.000000,0.000600,0.006000,0.000000,0.000000,1,1,1,686,249,532001,532001,321556,210444,0,60.00,22268,3269,661,0,0,0,22274,500.00,500.00,9,395,0.0000,0.4330,0.5340,0.7920,0.4990
2026-04-27T18:52:14.459,11.448,1,2.30,0.80,12.75,-20.62,1,0.1628,0.3654,-0.0974,-0.3780,-1.1192,-0.0127,-1.86,-1.74,58.01,59.65,687,687,1.00000,1.00000,1.00000,1.00000,3,3,1,29.02510,0.00236,1.10367,-0.1628,-0.3654,0.2474,-0.3780,-1.1192,-0.0127,1.86,-6.26,-0.79,1,1,0.0000,0.0000,0.1500,0.00,0.8500,0.3500,0.9200,6.00,180.00,0.850000,0.050000,0.000000,1.100000,0.000000,0.000000,1.200000,0.000000,0.000000,1.350000,0.000000,0.000000,0.850000,0.020000,0.000000,0.008000,0.000000,0.000600,0.008000,0.000000,0.000600,0.006000,0.000000,0.000000,1,1,1,687,250,532001,532001,321556,210444,0,60.00,22268,3269,661,0,0,0,22274,500.00,500.00,9,395,0.0000,0.4330,0.5340,0.7920,0.4990
2026-04-27T18:52:14.476,11.465,1,2.30,0.80,12.75,-20.62,1,0.1687,0.3838,-0.0973,-0.3930,-1.1991,0.0000,-1.92,3.48,56.34,60.19,688,688,1.00000,1.00000,1.00000,1.00000,3,3,1,30.23793,0.00233,1.10912,-0.1687,-0.3838,0.2473,-0.3930,-1.1991,0.0000,1.92,-6.15,-1.14,1,1,0.0000,0.0000,0.1500,0.00,0.8500,0.3500,0.9200,6.00,180.00,0.850000,0.050000,0.000000,1.100000,0.000000,0.000000,1.200000,0.000000,0.000000,1.350000,0.000000,0.000000,0.850000,0.020000,0.000000,0.008000,0.000000,0.000600,0.008000,0.000000,0.000600,0.006000,0.000000,0.000000,1,1,1,688,245,532001,532001,321556,210444,0,60.00,22268,3269,661,0,0,0,22274,500.00,500.00,9,395,0.0000,0.4330,0.5340,0.7920,0.4990
2026-04-27T18:52:14.492,11.481,1,3.70,-1.09,13.71,-18.54,1,0.1750,0.4036,-0.0972,-0.3676,-1.1302,0.0000,-1.88,-2.33,58.03,56.41,689,689,1.00000,1.00000,1.00000,1.00000,3,3,1,31.49193,0.00228,1.10944,-0.1750,-0.4036,0.2472,-0.3676,-1.1302,0.0000,1.88,-6.05,-1.37,1,1,0.0000,0.0000,0.1500,0.00,0.8500,0.3500,0.9200,6.00,180.00,0.850000,0.050000,0.000000,1.100000,0.000000,0.000000,1.200000,0.000000,0.000000,1.350000,0.000000,0.000000,0.850000,0.020000,0.000000,0.008000,0.000000,0.000600,0.008000,0.000000,0.000600,0.006000,0.000000,0.000000,1,1,1,689,244,532001,532001,321556,210444,0,60.00,22268,3269,661,0,0,0,22274,500.00,500.00,9,395,0.0000,0.4330,0.5340,0.7920,0.4990
2026-04-27T18:52:14.509,11.498,1,3.70,-1.09,13.71,-18.54,1,0.1808,0.4219,-0.0971,-0.3765,-1.1779,0.0000,-1.95,5.19,63.91,63.71,690,690,1.00000,1.00000,1.00000,1.00000,3,3,1,32.83720,0.00210,1.11201,-0.1808,-0.4219,0.2471,-0.3765,-1.1779,0.0000,1.95,-6.13,-1.74,1,1,0.0000,0.0000,0.1500,0.00,0.8500,0.3500,0.9200,6.00,180.00,0.850000,0.050000,0.000000,1.100000,0.000000,0.000000,1.200000,0.000000,0.000000,1.350000,0.000000,0.000000,0.850000,0.020000,0.000000,0.008000,0.000000,0.000600,0.008000,0.000000,0.000600,0.006000,0.000000,0.000000,1,1,1,690,245,532001,532001,321556,210444,0,60.00,22268,3269,661,0,0,0,22274,500.00,500.00,9,395,0.0000,0.4330,0.5340,0.7920,0.4990
2026-04-27T18:52:14.524,11.513,1,3.70,-1.09,13.71,-18.54,1,0.1867,0.4408,-0.0972,-0.3670,-1.1548,0.0000,-1.92,-1.70,62.78,56.50,691,691,1.00000,1.00000,1.00000,1.00000,3,3,1,34.16302,0.00199,1.11507,-0.1867,-0.4408,0.2472,-0.3670,-1.1548,0.0000,1.92,-6.08,-1.97,1,1,0.0000,0.0000,0.1500,0.00,0.8500,0.3500,0.9200,6.00,180.00,0.850000,0.050000,0.000000,1.100000,0.000000,0.000000,1.200000,0.000000,0.000000,1.350000,0.000000,0.000000,0.850000,0.020000,0.000000,0.008000,0.000000,0.000600,0.008000,0.000000,0.000600,0.006000,0.000000,0.000000,1,1,1,691,245,532001,532001,321556,210444,0,60.00,22268,3269,661,0,0,0,22274,500.00,500.00,9,395,0.0000,0.4330,0.5340,0.7920,0.4990
2026-04-27T18:52:14.539,11.528,1,3.70,-1.09,13.71,-18.54,1,0.1924,0.4596,-0.0973,-0.3519,-1.1303,0.0000,-1.97,3.07,58.01,63.59,692,692,1.00000,1.00000,1.00000,1.00000,3,3,1,35.64477,0.00189,1.11863,-0.1924,-0.4596,0.2473,-0.3519,-1.1303,0.0000,1.97,-6.00,-2.33,1,1,0.0000,0.0000,0.1500,0.00,0.8500,0.3500,0.9200,6.00,180.00,0.850000,0.050000,0.000000,1.100000,0.000000,0.000000,1.200000,0.000000,0.000000,1.350000,0.000000,0.000000,0.850000,0.020000,0.000000,0.008000,0.000000,0.000600,0.008000,0.000000,0.000600,0.006000,0.000000,0.000000,1,1,1,692,240,532001,532001,321556,210444,0,60.00,22268,3269,661,0,0,0,22274,500.00,500.00,9,395,0.0000,0.4330,0.5340,0.7920,0.4990
2026-04-27T18:52:14.557,11.546,1,3.70,-1.09,13.71,-18.54,1,0.1978,0.4774,-0.0974,-0.3567,-1.1598,0.0000,-1.96,-0.57,75.40,58.81,693,693,1.00000,1.00000,1.00000,1.00000,3,3,1,37.01946,0.00192,1.12205,-0.1978,-0.4774,0.2474,-0.3567,-1.1598,0.0000,1.96,-6.01,-2.58,1,1,0.0000,0.0000,0.1500,0.00,0.8500,0.3500,0.9200,6.00,180.00,0.850000,0.050000,0.000000,1.100000,0.000000,0.000000,1.200000,0.000000,0.000000,1.350000,0.000000,0.000000,0.850000,0.020000,0.000000,0.008000,0.000000,0.000600,0.008000,0.000000,0.000600,0.006000,0.000000,0.000000,1,1,1,693,241,532001,532001,321556,210444,0,60.00,22268,3269,691,0,0,0,22304,499.50,499.50,13,2214,0.0000,0.4340,0.5490,0.7940,0.5060
2026-04-27T18:52:14.575,11.563,1,3.70,-1.09,13.71,-18.54,1,0.2034,0.4959,-0.0975,-0.3426,-1.1242,0.0000,-1.98,1.20,49.57,61.71,694,694,1.00000,1.00000,1.00000,1.00000,3,3,1,38.52375,0.00188,1.12454,-0.2034,-0.4959,0.2475,-0.3426,-1.1242,0.0000,1.98,-5.95,-2.83,1,1,0.0000,0.0000,0.1500,0.00,0.8500,0.3500,0.9200,6.00,180.00,0.850000,0.050000,0.000000,1.100000,0.000000,0.000000,1.200000,0.000000,0.000000,1.350000,0.000000,0.000000,0.850000,0.020000,0.000000,0.008000,0.000000,0.000600,0.008000,0.000000,0.000600,0.006000,0.000000,0.000000,1,1,1,694,245,532001,532001,321556,210444,0,60.00,22268,3269,691,0,0,0,22304,499.50,499.50,13,2214,0.0000,0.4340,0.5490,0.7940,0.5060
2026-04-27T18:52:14.593,11.582,1,4.60,-3.00,8.91,-18.83,1,0.2087,0.5138,-0.0978,-0.3228,-1.0747,0.0000,-1.97,-0.56,61.90,56.86,695,695,1.00000,1.00000,1.00000,1.00000,3,3,1,40.08990,0.00172,1.12678,-0.2087,-0.5138,0.2478,-0.3228,-1.0747,0.0000,1.97,-5.87,-2.98,1,1,0.0000,0.0000,0.1500,0.00,0.8500,0.3500,0.9200,6.00,180.00,0.850000,0.050000,0.000000,1.100000,0.000000,0.000000,1.200000,0.000000,0.000000,1.350000,0.000000,0.000000,0.850000,0.020000,0.000000,0.008000,0.000000,0.000600,0.008000,0.000000,0.000600,0.006000,0.000000,0.000000,1,1,1,695,245,532001,532001,321556,210444,0,60.00,22268,3269,691,0,0,0,22304,499.50,499.50,13,2214,0.0000,0.4340,0.5490,0.7940,0.5060
2026-04-27T18:52:14.611,11.600,1,4.60,-3.00,8.91,-18.83,1,0.2135,0.5311,-0.0977,-0.3108,-1.0704,0.0000,-1.95,-1.14,53.45,63.45,696,696,1.00000,1.00000,1.00000,1.00000,3,3,1,41.75917,0.00165,1.13102,-0.2135,-0.5311,0.2477,-0.3108,-1.0704,0.0000,1.95,-5.93,-3.26,1,1,0.0000,0.0000,0.1500,0.00,0.8500,0.3500,0.9200,6.00,180.00,0.850000,0.050000,0.000000,1.100000,0.000000,0.000000,1.200000,0.000000,0.000000,1.350000,0.000000,0.000000,0.850000,0.020000,0.000000,0.008000,0.000000,0.000600,0.008000,0.000000,0.000600,0.006000,0.000000,0.000000,1,1,1,696,244,532001,532001,321556,210444,0,60.00,22268,3269,691,0,0,0,22304,499.50,499.50,13,2214,0.0000,0.4340,0.5490,0.7940,0.5060
2026-04-27T18:52:14.626,11.615,1,4.60,-3.00,8.91,-18.83,1,0.2185,0.5485,-0.0980,-0.2972,-1.0236,0.0000,-1.89,-3.71,55.28,60.33,697,697,1.00000,1.00000,1.00000,1.00000,3,3,1,43.47511,0.00153,1.13317,-0.2185,-0.5485,0.2480,-0.2972,-1.0236,0.0000,1.89,-5.72,-3.54,1,1,0.0000,0.0000,0.1500,0.00,0.8500,0.3500,0.9200,6.00,180.00,0.850000,0.050000,0.000000,1.100000,0.000000,0.000000,1.200000,0.000000,0.000000,1.350000,0.000000,0.000000,0.850000,0.020000,0.000000,0.008000,0.000000,0.000600,0.008000,0.000000,0.000600,0.006000,0.000000,0.000000,1,1,1,697,245,532001,532001,321556,210444,0,60.00,22268,3269,691,0,0,0,22304,499.50,499.50,13,2214,0.0000,0.4340,0.5490,0.7940,0.5060
2026-04-27T18:52:14.639,11.627,1,4.60,-3.00,8.91,-18.83,1,0.2229,0.5641,-0.0981,-0.3299,-1.1603,0.0000,-1.85,-2.94,68.48,60.02,698,698,1.00000,1.00000,1.00000,1.00000,3,3,1,45.04753,0.00140,1.13565,-0.2229,-0.5641,0.2481,-0.3299,-1.1603,0.0000,1.85,-5.75,-3.81,1,1,0.0000,0.0000,0.1500,0.00,0.8500,0.3500,0.9200,6.00,180.00,0.850000,0.050000,0.000000,1.100000,0.000000,0.000000,1.200000,0.000000,0.000000,1.350000,0.000000,0.000000,0.850000,0.020000,0.000000,0.008000,0.000000,0.000600,0.008000,0.000000,0.000600,0.006000,0.000000,0.000000,1,1,1,698,243,532001,532001,321556,210444,0,60.00,22268,3269,691,0,0,0,22304,499.50,499.50,13,2214,0.0000,0.4340,0.5490,0.7940,0.5060
2026-04-27T18:52:14.657,11.646,1,4.60,-3.00,8.91,-18.83,1,0.2279,0.5822,-0.0982,-0.2971,-1.0570,0.0000,-1.88,1.73,68.32,60.51,699,699,1.00000,1.00000,1.00000,1.00000,3,3,1,46.87721,0.00122,1.13852,-0.2279,-0.5822,0.2482,-0.2971,-1.0570,0.0000,1.88,-5.67,-4.10,1,1,0.0000,0.0000,0.1500,0.00,0.8500,0.3500,0.9200,6.00,180.00,0.850000,0.050000,0.000000,1.100000,0.000000,0.000000,1.200000,0.000000,0.000000,1.350000,0.000000,0.000000,0.850000,0.020000,0.000000,0.008000,0.000000,0.000600,0.008000,0.000000,0.000600,0.006000,0.000000,0.000000,1,1,1,699,244,532001,532001,321556,210444,0,60.00,22268,3269,691,0,0,0,22304,499.50,499.50,13,2214,0.0000,0.4340,0.5490,0.7940,0.5060
2026-04-27T18:52:14.674,11.663,1,4.60,-3.00,8.91,-18.83,1,0.2320,0.5979,-0.0983,-0.2832,-1.0401,0.0000,-1.86,-1.18,59.46,60.05,700,700,1.00000,1.00000,1.00000,1.00000,3,3,1,48.52778,0.00117,1.13907,-0.2320,-0.5979,0.2483,-0.2832,-1.0401,0.0000,1.86,-5.78,-4.36,1,1,0.0000,0.0000,0.1500,0.00,0.8500,0.3500,0.9200,6.00,180.00,0.850000,0.050000,0.000000,1.100000,0.000000,0.000000,1.200000,0.000000,0.000000,1.350000,0.000000,0.000000,0.850000,0.020000,0.000000,0.008000,0.000000,0.000600,0.008000,0.000000,0.000600,0.006000,0.000000,0.000000,1,1,1,700,244,532001,532001,321556,210444,0,60.00,22268,3269,691,0,0,0,22304,499.50,499.50,13,2214,0.0000,0.4340,0.5490,0.7940,0.5060
2026-04-27T18:52:14.690,11.679,1,4.60,-3.00,8.91,-18.83,1,0.2362,0.6137,-0.0986,-0.2691,-0.9970,0.0135,-1.78,-5.04,61.00,58.78,701,701,1.00000,1.00000,1.00000,1.00000,3,3,1,50.44365,0.00107,1.14303,-0.2362,-0.6137,0.2486,-0.2691,-0.9970,0.0135,1.78,-5.68,-4.64,1,1,0.0000,0.0000,0.1500,0.00,0.8500,0.3500,0.9200,6.00,180.00,0.850000,0.050000,0.000000,1.100000,0.000000,0.000000,1.200000,0.000000,0.000000,1.350000,0.000000,0.000000,0.850000,0.020000,0.000000,0.008000,0.000000,0.000600,0.008000,0.000000,0.000600,0.006000,0.000000,0.000000,1,1,1,701,249,532001,532001,321556,210444,0,60.00,22268,3269,691,0,0,0,22304,499.50,499.50,13,2214,0.0000,0.4340,0.5490,0.7940,0.5060
2026-04-27T18:52:14.705,11.694,1,5.49,-4.90,8.73,-18.47,1,0.2400,0.6287,-0.0988,-0.2577,-0.9931,0.0113,-1.78,0.00,61.77,60.10,702,702,1.00000,1.00000,1.00000,1.00000,3,3,1,52.18469,0.00096,1.14569,-0.2400,-0.6287,0.2488,-0.2577,-0.9931,0.0113,1.78,-5.74,-4.98,1,1,0.0000,0.0000,0.1500,0.00,0.8500,0.3500,0.9200,6.00,180.00,0.850000,0.050000,0.000000,1.100000,0.000000,0.000000,1.200000,0.000000,0.000000,1.350000,0.000000,0.000000,0.850000,0.020000,0.000000,0.008000,0.000000,0.000600,0.008000,0.000000,0.000600,0.006000,0.000000,0.000000,1,1,1,702,248,532001,532001,321556,210444,0,60.00,22268,3269,691,0,0,0,22304,499.50,499.50,13,2214,0.0000,0.4340,0.5490,0.7940,0.5060
2026-04-27T18:52:14.725,11.714,1,5.49,-4.90,8.73,-18.47,1,0.2441,0.6444,-0.0991,-0.2375,-0.9110,0.0133,-1.78,0.00,65.19,59.73,703,703,1.00000,1.00000,1.00000,1.00000,3,3,1,54.13873,0.00077,1.14776,-0.2441,-0.6444,0.2491,-0.2375,-0.9110,0.0133,1.78,-5.57,-5.33,1,1,0.0000,0.0000,0.1500,0.00,0.8500,0.3500,0.9200,6.00,180.00,0.850000,0.050000,0.000000,1.100000,0.000000,0.000000,1.200000,0.000000,0.000000,1.350000,0.000000,0.000000,0.850000,0.020000,0.000000,0.008000,0.000000,0.000600,0.008000,0.000000,0.000600,0.006000,0.000000,0.000000,1,1,1,703,249,532001,532001,321556,210444,0,60.00,22268,3269,691,0,0,0,22304,499.50,499.50,13,2214,0.0000,0.4340,0.5490,0.7940,0.5060
2026-04-27T18:52:14.734,11.723,1,5.49,-4.90,8.73,-18.47,1,0.2461,0.6568,-0.0990,-0.2104,-1.0050,0.0000,-1.90,11.44,51.40,61.36,704,704,1.00000,1.00000,1.00000,1.00000,3,3,1,56.40217,0.00126,1.13331,-0.2461,-0.6568,0.2490,-0.2104,-1.0050,0.0000,1.90,-6.02,-5.23,1,1,0.0000,0.0000,0.1500,0.00,0.8500,0.3500,0.9200,6.00,180.00,0.850000,0.050000,0.000000,1.100000,0.000000,0.000000,1.200000,0.000000,0.000000,1.350000,0.000000,0.000000,0.850000,0.020000,0.000000,0.008000,0.000000,0.000600,0.008000,0.000000,0.000600,0.006000,0.000000,0.000000,1,1,1,704,243,532001,532001,321556,210444,0,60.00,22268,3269,691,0,0,0,22304,499.50,499.50,13,2214,0.0000,0.4340,0.5490,0.7940,0.5060
2026-04-27T18:52:14.750,11.739,1,5.49,-4.90,8.73,-18.47,0,0.0000,0.0000,0.1500,0.0000,0.0000,0.0000,0.00,0.00,71.00,59.39,705,704,0.99858,0.99858,1.00000,0.99858,3,2,0,0.00000,0.00000,1.00000,0.0000,0.0000,0.0000,0.0000,0.0000,0.0000,0.00,0.00,0.00,1,1,0.0000,0.0000,0.1500,0.00,0.8500,0.3500,0.9200,6.00,180.00,0.850000,0.050000,0.000000,1.100000,0.000000,0.000000,1.200000,0.000000,0.000000,1.350000,0.000000,0.000000,0.850000,0.020000,0.000000,0.008000,0.000000,0.000600,0.008000,0.000000,0.000600,0.006000,0.000000,0.000000,1,1,1,705,210,532001,532001,321556,210444,0,60.00,22268,3269,691,0,0,0,22304,499.50,499.50,13,2214,0.0000,0.4340,0.5490,0.7940,0.5060
2026-04-27T18:52:14.768,11.756,1,5.49,-4.90,8.73,-18.47,0,0.0000,0.0000,0.1500,0.0000,0.0000,0.0000,0.00,0.00,88.55,60.85,706,704,0.99717,0.99717,1.00000,0.99717,3,2,0,0.00000,0.00000,1.00000,0.0000,0.0000,0.0000,0.0000,0.0000,0.0000,0.00,0.00,0.00,1,1,0.0000,0.0000,0.1500,0.00,0.8500,0.3500,0.9200,6.00,180.00,0.850000,0.050000,0.000000,1.100000,0.000000,0.000000,1.200000,0.000000,0.000000,1.350000,0.000000,0.000000,0.850000,0.020000,0.000000,0.008000,0.000000,0.000600,0.008000,0.000000,0.000600,0.006000,0.000000,0.000000,1,1,1,706,210,532001,532001,321556,210444,0,60.00,22268,3269,691,0,0,0,22304,499.50,499.50,13,2214,0.0000,0.4340,0.5490,0.7940,0.5060
2026-04-27T18:52:14.784,11.773,1,5.49,-4.90,8.73,-18.47,0,0.0000,0.0000,0.1500,0.0000,0.0000,0.0000,0.00,0.00,58.08,60.11,707,704,0.99576,0.99576,1.00000,0.99576,3,2,0,0.00000,0.00000,1.00000,0.0000,0.0000,0.0000,0.0000,0.0000,0.0000,0.00,0.00,0.00,1,1,0.0000,0.0000,0.1500,0.00,0.8500,0.3500,0.9200,6.00,180.00,0.850000,0.050000,0.000000,1.100000,0.000000,0.000000,1.200000,0.000000,0.000000,1.350000,0.000000,0.000000,0.850000,0.020000,0.000000,0.008000,0.000000,0.000600,0.008000,0.000000,0.000600,0.006000,0.000000,0.000000,1,1,1,707,210,532001,532001,321556,210444,0,60.00,22268,3269,691,0,0,0,22304,499.50,499.50,13,2214,0.0000,0.4340,0.5490,0.7940,0.5060
2026-04-27T18:52:14.801,11.790,1,5.49,-4.90,8.73,-18.47,0,0.0000,0.0000,0.1500,0.0000,0.0000,0.0000,0.00,0.00,60.43,58.76,708,704,0.99435,0.99435,1.00000,0.99435,3,2,0,0.00000,0.00000,1.00000,0.0000,0.0000,0.0000,0.0000,0.0000,0.0000,0.00,0.00,0.00,1,1,0.0000,0.0000,0.1500,0.00,0.8500,0.3500,0.9200,6.00,180.00,0.850000,0.050000,0.000000,1.100000,0.000000,0.000000,1.200000,0.000000,0.000000,1.350000,0.000000,0.000000,0.850000,0.020000,0.000000,0.008000,0.000000,0.000600,0.008000,0.000000,0.000600,0.006000,0.000000,0.000000,1,1,1,708,210,532001,532001,321556,210444,0,60.00,22268,3269,691,0,0,0,22304,499.50,499.50,13,2214,0.0000,0.4340,0.5490,0.7940,0.5060
2026-04-27T18:52:14.814,11.803,1,5.49,-4.90,8.73,-18.47,0,0.0000,0.0000,0.1500,0.0000,0.0000,0.0000,0.00,0.00,58.75,69.86,709,704,0.99295,0.99295,1.00000,0.99295,3,2,0,0.00000,0.00000,1.00000,0.0000,0.0000,0.0000,0.0000,0.0000,0.0000,0.00,0.00,0.00,1,1,0.0000,0.0000,0.1500,0.00,0.8500,0.3500,0.9200,6.00,180.00,0.850000,0.050000,0.000000,1.100000,0.000000,0.000000,1.200000,0.000000,0.000000,1.350000,0.000000,0.000000,0.850000,0.020000,0.000000,0.008000,0.000000,0.000600,0.008000,0.000000,0.000600,0.006000,0.000000,0.000000,1,1,1,709,210,532001,532001,321556,210444,0,60.00,22268,3269,691,0,0,0,22304,499.50,499.50,13,2214,0.0000,0.4340,0.5490,0.7940,0.5060
2026-04-27T18:52:14.834,11.823,1,5.49,-4.90,8.73,-18.47,0,0.0000,0.0000,0.1500,0.0000,0.0000,0.0000,0.00,0.00,61.83,52.57,710,704,0.99155,0.99155,0.99859,0.99155,2,2,0,0.00000,0.00000,1.00000,0.0000,0.0000,0.0000,0.0000,0.0000,0.0000,0.00,0.00,0.00,1,1,0.0000,0.0000,0.1500,0.00,0.8500,0.3500,0.9200,6.00,180.00,0.850000,0.050000,0.000000,1.100000,0.000000,0.000000,1.200000,0.000000,0.000000,1.350000,0.000000,0.000000,0.850000,0.020000,0.000000,0.008000,0.000000,0.000600,0.008000,0.000000,0.000600,0.006000,0.000000,0.000000,1,1,1,710,210,532001,532001,321556,210444,0,60.00,22268,3269,691,0,0,0,22304,499.50,499.50,13,2214,0.0000,0.4340,0.5490,0.7940,0.5060
2026-04-27T18:52:14.850,11.839,1,5.49,-4.90,8.73,-18.47,0,0.0000,0.0000,0.1500,0.0000,0.0000,0.0000,0.00,0.00,58.53,59.82,711,704,0.99015,0.99015,0.99719,0.99015,2,2,0,0.00000,0.00000,1.00000,0.0000,0.0000,0.0000,0.0000,0.0000,0.0000,0.00,0.00,0.00,1,1,0.0000,0.0000,0.1500,0.00,0.8500,0.3500,0.9200,6.00,180.00,0.850000,0.050000,0.000000,1.100000,0.000000,0.000000,1.200000,0.000000,0.000000,1.350000,0.000000,0.000000,0.850000,0.020000,0.000000,0.008000,0.000000,0.000600,0.008000,0.000000,0.000600,0.006000,0.000000,0.000000,1,1,1,711,210,532001,532001,321556,210444,0,60.00,22268,3269,691,0,0,0,22304,499.50,499.50,13,2214,0.0000,0.4340,0.5490,0.7940,0.5060
2026-04-27T18:52:14.868,11.856,1,5.49,-4.90,8.73,-18.47,0,0.0000,0.0000,0.1500,0.0000,0.0000,0.0000,0.00,0.00,61.88,60.62,712,704,0.98876,0.98876,0.99579,0.98876,2,2,0,0.00000,0.00000,1.00000,0.0000,0.0000,0.0000,0.0000,0.0000,0.0000,0.00,0.00,0.00,1,1,0.0000,0.0000,0.1500,0.00,0.8500,0.3500,0.9200,6.00,180.00,0.850000,0.050000,0.000000,1.100000,0.000000,0.000000,1.200000,0.000000,0.000000,1.350000,0.000000,0.000000,0.850000,0.020000,0.000000,0.008000,0.000000,0.000600,0.008000,0.000000,0.000600,0.006000,0.000000,0.000000,1,1,1,712,210,532001,532001,321556,210444,0,60.00,22268,3269,691,0,0,0,22304,499.50,499.50,13,2214,0.0000,0.4340,0.5490,0.7940,0.5060
2026-04-27T18:52:14.885,11.874,1,5.49,-4.90,8.73,-18.47,0,0.0000,0.0000,0.1500,0.0000,0.0000,0.0000,0.00,0.00,57.61,56.95,713,704,0.98738,0.98738,0.99439,0.98738,2,2,0,0.00000,0.00000,1.00000,0.0000,0.0000,0.0000,0.0000,0.0000,0.0000,0.00,0.00,0.00,1,1,0.0000,0.0000,0.1500,0.00,0.8500,0.3500,0.9200,6.00,180.00,0.850000,0.050000,0.000000,1.100000,0.000000,0.000000,1.200000,0.000000,0.000000,1.350000,0.000000,0.000000,0.850000,0.020000,0.000000,0.008000,0.000000,0.000600,0.008000,0.000000,0.000600,0.006000,0.000000,0.000000,1,1,1,713,210,532001,532001,321556,210444,0,60.00,22268,3269,691,0,0,0,22304,499.50,499.50,13,2214,0.0000,0.4340,0.5490,0.7940,0.5060
2026-04-27T18:52:14.901,11.889,1,5.49,-7.00,-7.94,-2.95,0,0.0000,0.0000,0.1500,0.0000,0.0000,0.0000,0.00,0.00,57.46,64.69,714,704,0.98599,0.98599,0.99300,0.98599,2,2,0,0.00000,0.00000,1.00000,0.0000,0.0000,0.0000,0.0000,0.0000,0.0000,0.00,0.00,0.00,1,1,0.0000,0.0000,0.1500,0.00,0.8500,0.3500,0.9200,6.00,180.00,0.850000,0.050000,0.000000,1.100000,0.000000,0.000000,1.200000,0.000000,0.000000,1.350000,0.000000,0.000000,0.850000,0.020000,0.000000,0.008000,0.000000,0.000600,0.008000,0.000000,0.000600,0.006000,0.000000,0.000000,1,1,1,714,210,532001,532001,321556,210444,0,60.00,22268,3269,691,0,0,0,22304,499.50,499.50,13,2214,0.0000,0.4340,0.5490,0.7940,0.5060
2026-04-27T18:52:14.916,11.905,1,5.49,-7.00,-7.94,-2.95,0,0.0000,0.0000,0.1500,0.0000,0.0000,0.0000,0.00,0.00,60.77,59.12,715,704,0.98462,0.98462,0.99161,0.98462,0,2,0,0.00000,0.00000,1.00000,0.0000,0.0000,0.0000,0.0000,0.0000,0.0000,0.00,0.00,0.00,1,1,0.0000,0.0000,0.1500,0.00,0.8500,0.3500,0.9200,6.00,180.00,0.850000,0.050000,0.000000,1.100000,0.000000,0.000000,1.200000,0.000000,0.000000,1.350000,0.000000,0.000000,0.850000,0.020000,0.000000,0.008000,0.000000,0.000600,0.008000,0.000000,0.000600,0.006000,0.000000,0.000000,1,1,1,715,210,532001,532001,321556,210444,0,60.00,22268,3269,691,0,0,0,22304,499.50,499.50,13,2214,0.0000,0.4340,0.5490,0.7940,0.5060
2026-04-27T18:52:14.937,11.926,1,5.49,-7.00,-7.94,-2.95,0,0.0000,0.0000,0.1500,0.0000,0.0000,0.0000,0.00,0.00,72.77,59.79,716,704,0.98324,0.98324,0.99022,0.98324,0,2,0,0.00000,0.00000,1.00000,0.0000,0.0000,0.0000,0.0000,0.0000,0.0000,0.00,0.00,0.00,1,1,0.0000,0.0000,0.1500,0.00,0.8500,0.3500,0.9200,6.00,180.00,0.850000,0.050000,0.000000,1.100000,0.000000,0.000000,1.200000,0.000000,0.000000,1.350000,0.000000,0.000000,0.850000,0.020000,0.000000,0.008000,0.000000,0.000600,0.008000,0.000000,0.000600,0.006000,0.000000,0.000000,1,1,1,716,210,532061,532061,321617,210444,0,60.00,22328,2986,691,0,0,0,22304,499.50,499.50,13,2214,0.0000,0.4340,0.5490,0.7940,0.5060
2026-04-27T18:52:14.951,11.940,1,5.49,-7.00,-7.94,-2.95,0,0.0000,0.0000,0.1500,0.0000,0.0000,0.0000,0.00,0.00,43.83,60.46,717,704,0.98187,0.98187,0.98884,0.98187,0,2,0,0.00000,0.00000,1.00000,0.0000,0.0000,0.0000,0.0000,0.0000,0.0000,0.00,0.00,0.00,1,1,0.0000,0.0000,0.1500,0.00,0.8500,0.3500,0.9200,6.00,180.00,0.850000,0.050000,0.000000,1.100000,0.000000,0.000000,1.200000,0.000000,0.000000,1.350000,0.000000,0.000000,0.850000,0.020000,0.000000,0.008000,0.000000,0.000600,0.008000,0.000000,0.000600,0.006000,0.000000,0.000000,1,1,1,717,210,532061,532061,321617,210444,0,60.00,22328,2986,691,0,0,0,22304,499.50,499.50,13,2214,0.0000,0.4340,0.5490,0.7940,0.5060
2026-04-27T18:52:14.968,11.956,1,5.49,-7.00,-7.94,-2.95,0,0.0000,0.0000,0.1500,0.0000,0.0000,0.0000,0.00,0.00,70.60,59.34,718,704,0.98050,0.98050,0.98747,0.98050,0,2,0,0.00000,0.00000,1.00000,0.0000,0.0000,0.0000,0.0000,0.0000,0.0000,0.00,0.00,0.00,1,1,0.0000,0.0000,0.1500,0.00,0.8500,0.3500,0.9200,6.00,180.00,0.850000,0.050000,0.000000,1.100000,0.000000,0.000000,1.200000,0.000000,0.000000,1.350000,0.000000,0.000000,0.850000,0.020000,0.000000,0.008000,0.000000,0.000600,0.008000,0.000000,0.000600,0.006000,0.000000,0.000000,1,1,1,718,210,532061,532061,321617,210444,0,60.00,22328,2986,691,0,0,0,22304,499.50,499.50,13,2214,0.0000,0.4340,0.5490,0.7940,0.5060
2026-04-27T18:52:14.985,11.973,1,5.49,-7.00,-7.94,-2.95,0,0.0000,0.0000,0.1500,0.0000,0.0000,0.0000,0.00,0.00,64.78,55.18,719,704,0.97914,0.97914,0.98609,0.97914,0,2,0,0.00000,0.00000,1.00000,0.0000,0.0000,0.0000,0.0000,0.0000,0.0000,0.00,0.00,0.00,1,1,0.0000,0.0000,0.1500,0.00,0.8500,0.3500,0.9200,6.00,180.00,0.850000,0.050000,0.000000,1.100000,0.000000,0.000000,1.200000,0.000000,0.000000,1.350000,0.000000,0.000000,0.850000,0.020000,0.000000,0.008000,0.000000,0.000600,0.008000,0.000000,0.000600,0.006000,0.000000,0.000000,1,1,1,719,210,532061,532061,321617,210444,0,60.00,22328,2986,691,0,0,0,22304,499.50,499.50,13,2214,0.0000,0.4340,0.5490,0.7940,0.5060
2026-04-27T18:52:15.001,11.990,1,3.60,-5.30,-18.78,16.79,0,0.0000,0.0000,0.1500,0.0000,0.0000,0.0000,0.00,0.00,54.89,66.06,720,704,0.97778,0.97778,0.98472,0.97778,0,2,0,0.00000,0.00000,1.00000,0.0000,0.0000,0.0000,0.0000,0.0000,0.0000,0.00,0.00,0.00,1,1,0.0000,0.0000,0.1500,0.00,0.8500,0.3500,0.9200,6.00,180.00,0.850000,0.050000,0.000000,1.100000,0.000000,0.000000,1.200000,0.000000,0.000000,1.350000,0.000000,0.000000,0.850000,0.020000,0.000000,0.008000,0.000000,0.000600,0.008000,0.000000,0.000600,0.006000,0.000000,0.000000,1,1,1,720,210,532061,532061,321617,210444,0,60.00,22328,2986,691,0,0,0,22304,499.50,499.50,13,2214,0.0000,0.4340,0.5490,0.7940,0.5060
2026-04-27T18:52:15.019,12.008,1,3.60,-5.30,-18.78,16.79,0,0.0000,0.0000,0.1500,0.0000,0.0000,0.0000,0.00,0.00,67.96,55.08,721,704,0.97642,0.97642,0.98336,0.97642,0,2,0,0.00000,0.00000,1.00000,0.0000,0.0000,0.0000,0.0000,0.0000,0.0000,0.00,0.00,0.00,1,1,0.0000,0.0000,0.1500,0.00,0.8500,0.3500,0.9200,6.00,180.00,0.850000,0.050000,0.000000,1.100000,0.000000,0.000000,1.200000,0.000000,0.000000,1.350000,0.000000,0.000000,0.850000,0.020000,0.000000,0.008000,0.000000,0.000600,0.008000,0.000000,0.000600,0.006000,0.000000,0.000000,1,1,1,721,210,532061,532061,321617,210444,0,60.00,22328,2986,691,0,0,0,22304,499.50,499.50,13,2214,0.0000,0.4340,0.5490,0.7940,0.5060
2026-04-27T18:52:15.034,12.023,1,3.60,-5.30,-18.78,16.79,0,0.0000,0.0000,0.1500,0.0000,0.0000,0.0000,0.00,0.00,53.38,65.73,722,704,0.97507,0.97507,0.98199,0.97507,0,1,0,0.00000,0.00000,1.00000,0.0000,0.0000,0.0000,0.0000,0.0000,0.0000,0.00,0.00,0.00,1,1,0.0000,0.0000,0.1500,0.00,0.8500,0.3500,0.9200,6.00,180.00,0.850000,0.050000,0.000000,1.100000,0.000000,0.000000,1.200000,0.000000,0.000000,1.350000,0.000000,0.000000,0.850000,0.020000,0.000000,0.008000,0.000000,0.000600,0.008000,0.000000,0.000600,0.006000,0.000000,0.000000,1,1,1,722,210,532061,532061,321617,210444,0,60.00,22328,2986,691,0,0,0,22304,499.50,499.50,13,2214,0.0000,0.4340,0.5490,0.7940,0.5060
2026-04-27T18:52:15.051,12.040,1,3.60,-5.30,-18.78,16.79,0,0.0000,0.0000,0.1500,0.0000,0.0000,0.0000,0.00,0.00,68.60,59.68,723,704,0.97372,0.97372,0.98064,0.97372,0,1,0,0.00000,0.00000,1.00000,0.0000,0.0000,0.0000,0.0000,0.0000,0.0000,0.00,0.00,0.00,1,1,0.0000,0.0000,0.1500,0.00,0.8500,0.3500,0.9200,6.00,180.00,0.850000,0.050000,0.000000,1.100000,0.000000,0.000000,1.200000,0.000000,0.000000,1.350000,0.000000,0.000000,0.850000,0.020000,0.000000,0.008000,0.000000,0.000600,0.008000,0.000000,0.000600,0.006000,0.000000,0.000000,1,1,1,723,210,532061,532061,321617,210444,0,60.00,22328,2986,722,0,0,0,22335,500.75,0.00,4,1890,0.0000,0.5000,0.5000,0.0000,0.5000
2026-04-27T18:52:15.068,12.056,1,3.60,-5.30,-18.78,16.79,0,0.0000,0.0000,0.1500,0.0000,0.0000,0.0000,0.00,0.00,55.32,60.47,724,704,0.97238,0.97238,0.97928,0.97238,0,1,0,0.00000,0.00000,1.00000,0.0000,0.0000,0.0000,0.0000,0.0000,0.0000,0.00,0.00,0.00,1,1,0.0000,0.0000,0.1500,0.00,0.8500,0.3500,0.9200,6.00,180.00,0.850000,0.050000,0.000000,1.100000,0.000000,0.000000,1.200000,0.000000,0.000000,1.350000,0.000000,0.000000,0.850000,0.020000,0.000000,0.008000,0.000000,0.000600,0.008000,0.000000,0.000600,0.006000,0.000000,0.000000,1,1,1,724,210,532061,532061,321617,210444,0,60.00,22328,2986,722,0,0,0,22335,500.75,0.00,4,1890,0.0000,0.5000,0.5000,0.0000,0.5000
2026-04-27T18:52:15.084,12.073,1,3.60,-5.30,-18.78,16.79,0,0.0000,0.0000,0.1500,0.0000,0.0000,0.0000,0.00,0.00,69.60,58.92,725,704,0.97103,0.97103,0.97793,0.97103,0,0,0,0.00000,0.00000,1.00000,0.0000,0.0000,0.0000,0.0000,0.0000,0.0000,0.00,0.00,0.00,1,1,0.0000,0.0000,0.1500,0.00,0.8500,0.3500,0.9200,6.00,180.00,0.850000,0.050000,0.000000,1.100000,0.000000,0.000000,1.200000,0.000000,0.000000,1.350000,0.000000,0.000000,0.850000,0.020000,0.000000,0.008000,0.000000,0.000600,0.008000,0.000000,0.000600,0.006000,0.000000,0.000000,1,1,1,725,210,532061,532061,321617,210444,0,60.00,22328,2986,722,0,0,0,22335,500.75,0.00,4,1890,0.0000,0.5000,0.5000,0.0000,0.5000
2026-04-27T18:52:15.101,12.090,1,3.60,-5.30,-18.78,16.79,0,0.0000,0.0000,0.1500,0.0000,0.0000,0.0000,0.00,0.00,54.70,61.04,726,704,0.96970,0.96970,0.97658,0.96970,0,0,0,0.00000,0.00000,1.00000,0.0000,0.0000,0.0000,0.0000,0.0000,0.0000,0.00,0.00,0.00,1,1,0.0000,0.0000,0.1500,0.00,0.8500,0.3500,0.9200,6.00,180.00,0.850000,0.050000,0.000000,1.100000,0.000000,0.000000,1.200000,0.000000,0.000000,1.350000,0.000000,0.000000,0.850000,0.020000,0.000000,0.008000,0.000000,0.000600,0.008000,0.000000,0.000600,0.006000,0.000000,0.000000,1,1,1,726,210,532061,532061,321617,210444,0,60.00,22328,2986,722,0,0,0,22335,500.75,0.00,4,1890,0.0000,0.5000,0.5000,0.0000,0.5000
2026-04-27T18:52:15.118,12.107,1,3.60,-5.30,-18.78,16.79,0,0.0000,0.0000,0.1500,0.0000,0.0000,0.0000,0.00,0.00,62.15,59.99,727,704,0.96836,0.96836,0.97524,0.96836,0,0,0,0.00000,0.00000,1.00000,0.0000,0.0000,0.0000,0.0000,0.0000,0.0000,0.00,0.00,0.00,1,1,0.0000,0.0000,0.1500,0.00,0.8500,0.3500,0.9200,6.00,180.00,0.850000,0.050000,0.000000,1.100000,0.000000,0.000000,1.200000,0.000000,0.000000,1.350000,0.000000,0.000000,0.850000,0.020000,0.000000,0.008000,0.000000,0.000600,0.008000,0.000000,0.000600,0.006000,0.000000,0.000000,1,1,1,727,210,532061,532061,321617,210444,0,60.00,22328,2986,722,0,0,0,22335,500.75,0.00,4,1890,0.0000,0.5000,0.5000,0.0000,0.5000
2026-04-27T18:52:15.134,12.123,1,3.60,-5.30,-18.78,16.79,0,0.0000,0.0000,0.1500,0.0000,0.0000,0.0000,0.00,0.00,55.43,60.13,728,704,0.96703,0.96703,0.97390,0.96703,0,0,0,0.00000,0.00000,1.00000,0.0000,0.0000,0.0000,0.0000,0.0000,0.0000,0.00,0.00,0.00,1,1,0.0000,0.0000,0.1500,0.00,0.8500,0.3500,0.9200,6.00,180.00,0.850000,0.050000,0.000000,1.100000,0.000000,0.000000,1.200000,0.000000,0.000000,1.350000,0.000000,0.000000,0.850000,0.020000,0.000000,0.008000,0.000000,0.000600,0.008000,0.000000,0.000600,0.006000,0.000000,0.000000,1,1,1,728,210,532061,532061,321617,210444,0,60.00,22328,2986,722,0,0,0,22335,500.75,0.00,4,1890,0.0000,0.5000,0.5000,0.0000,0.5000
2026-04-27T18:52:15.153,12.142,1,3.60,-5.30,-18.78,16.79,0,0.0000,0.0000,0.1500,0.0000,0.0000,0.0000,0.00,0.00,65.63,59.74,729,704,0.96571,0.96571,0.97257,0.96571,0,0,0,0.00000,0.00000,1.00000,0.0000,0.0000,0.0000,0.0000,0.0000,0.0000,0.00,0.00,0.00,1,1,0.0000,0.0000,0.1500,0.00,0.8500,0.3500,0.9200,6.00,180.00,0.850000,0.050000,0.000000,1.100000,0.000000,0.000000,1.200000,0.000000,0.000000,1.350000,0.000000,0.000000,0.850000,0.020000,0.000000,0.008000,0.000000,0.000600,0.008000,0.000000,0.000600,0.006000,0.000000,0.000000,1,1,1,729,210,532061,532061,321617,210444,0,60.00,22328,2986,722,0,0,0,22335,500.75,0.00,4,1890,0.0000,0.5000,0.5000,0.0000,0.5000
2026-04-27T18:52:15.168,12.156,1,3.60,-5.30,-18.78,16.79,0,0.0000,0.0000,0.1500,0.0000,0.0000,0.0000,0.00,0.00,53.16,60.16,730,704,0.96438,0.96438,0.97123,0.96438,0,0,0,0.00000,0.00000,1.00000,0.0000,0.0000,0.0000,0.0000,0.0000,0.0000,0.00,0.00,0.00,1,1,0.0000,0.0000,0.1500,0.00,0.8500,0.3500,0.9200,6.00,180.00,0.850000,0.050000,0.000000,1.100000,0.000000,0.000000,1.200000,0.000000,0.000000,1.350000,0.000000,0.000000,0.850000,0.020000,0.000000,0.008000,0.000000,0.000600,0.008000,0.000000,0.000600,0.006000,0.000000,0.000000,1,1,1,730,210,532061,532061,321617,210444,0,60.00,22328,2986,722,0,0,0,22335,500.75,0.00,4,1890,0.0000,0.5000,0.5000,0.0000,0.5000
2026-04-27T18:52:15.184,12.173,1,3.60,-5.30,-18.78,16.79,0,0.0000,0.0000,0.1500,0.0000,0.0000,0.0000,0.00,0.00,68.83,60.24,731,704,0.96306,0.96306,0.96990,0.96306,0,0,0,0.00000,0.00000,1.00000,0.0000,0.0000,0.0000,0.0000,0.0000,0.0000,0.00,0.00,0.00,1,1,0.0000,0.0000,0.1500,0.00,0.8500,0.3500,0.9200,6.00,180.00,0.850000,0.050000,0.000000,1.100000,0.000000,0.000000,1.200000,0.000000,0.000000,1.350000,0.000000,0.000000,0.850000,0.020000,0.000000,0.008000,0.000000,0.000600,0.008000,0.000000,0.000600,0.006000,0.000000,0.000000,1,1,1,731,210,532061,532061,321617,210444,0,60.00,22328,2986,722,0,0,0,22335,500.75,0.00,4,1890,0.0000,0.5000,0.5000,0.0000,0.5000
2026-04-27T18:52:15.201,12.190,1,3.60,-5.30,-18.78,16.79,0,0.0000,0.0000,0.1500,0.0000,0.0000,0.0000,0.00,0.00,58.99,57.99,732,704,0.96175,0.96175,0.96858,0.96175,0,0,0,0.00000,0.00000,1.00000,0.0000,0.0000,0.0000,0.0000,0.0000,0.0000,0.00,0.00,0.00,1,1,0.0000,0.0000,0.1500,0.00,0.8500,0.3500,0.9200,6.00,180.00,0.850000,0.050000,0.000000,1.100000,0.000000,0.000000,1.200000,0.000000,0.000000,1.350000,0.000000,0.000000,0.850000,0.020000,0.000000,0.008000,0.000000,0.000600,0.008000,0.000000,0.000600,0.006000,0.000000,0.000000,1,1,1,732,210,532061,532061,321617,210444,0,60.00,22328,2986,722,0,0,0,22335,500.75,0.00,4,1890,0.0000,0.5000,0.5000,0.0000,0.5000
2026-04-27T18:52:15.218,12.206,1,3.60,-5.30,-18.78,16.79,0,0.0000,0.0000,0.1500,0.0000,0.0000,0.0000,0.00,0.00,58.59,62.07,733,704,0.96044,0.96044,0.96726,0.96044,0,0,0,0.00000,0.00000,1.00000,0.0000,0.0000,0.0000,0.0000,0.0000,0.0000,0.00,0.00,0.00,1,1,0.0000,0.0000,0.1500,0.00,0.8500,0.3500,0.9200,6.00,180.00,0.850000,0.050000,0.000000,1.100000,0.000000,0.000000,1.200000,0.000000,0.000000,1.350000,0.000000,0.000000,0.850000,0.020000,0.000000,0.008000,0.000000,0.000600,0.008000,0.000000,0.000600,0.006000,0.000000,0.000000,1,1,1,733,210,532061,532061,321617,210444,0,60.00,22328,2986,722,0,0,0,22335,500.75,0.00,4,1890,0.0000,0.5000,0.5000,0.0000,0.5000
2026-04-27T18:52:15.234,12.223,1,3.60,-5.30,-18.78,16.79,0,0.0000,0.0000,0.1500,0.0000,0.0000,0.0000,0.00,0.00,61.58,59.75,734,704,0.95913,0.95913,0.96594,0.95913,0,0,0,0.00000,0.00000,1.00000,0.0000,0.0000,0.0000,0.0000,0.0000,0.0000,0.00,0.00,0.00,1,1,0.0000,0.0000,0.1500,0.00,0.8500,0.3500,0.9200,6.00,180.00,0.850000,0.050000,0.000000,1.100000,0.000000,0.000000,1.200000,0.000000,0.000000,1.350000,0.000000,0.000000,0.850000,0.020000,0.000000,0.008000,0.000000,0.000600,0.008000,0.000000,0.000600,0.006000,0.000000,0.000000,1,1,1,734,210,532061,532061,321617,210444,0,60.00,22328,2986,722,0,0,0,22335,500.75,0.00,4,1890,0.0000,0.5000,0.5000,0.0000,0.5000
2026-04-27T18:52:15.252,12.241,1,3.60,-5.30,-18.78,16.79,0,0.0000,0.0000,0.1500,0.0000,0.0000,0.0000,0.00,0.00,58.30,60.06,735,704,0.95782,0.95782,0.96463,0.95782,0,0,0,0.00000,0.00000,1.00000,0.0000,0.0000,0.0000,0.0000,0.0000,0.0000,0.00,0.00,0.00,1,1,0.0000,0.0000,0.1500,0.00,0.8500,0.3500,0.9200,6.00,180.00,0.850000,0.050000,0.000000,1.100000,0.000000,0.000000,1.200000,0.000000,0.000000,1.350000,0.000000,0.000000,0.850000,0.020000,0.000000,0.008000,0.000000,0.000600,0.008000,0.000000,0.000600,0.006000,0.000000,0.000000,1,1,1,735,210,532061,532061,321617,210444,0,60.00,22328,2986,722,0,0,0,22335,500.75,0.00,4,1890,0.0000,0.5000,0.5000,0.0000,0.5000
2026-04-27T18:52:15.267,12.256,1,-77.00,-148.20,-562.01,-1397.96,0,0.0000,0.0000,0.1500,0.0000,0.0000,0.0000,0.00,0.00,59.19,60.01,736,704,0.95652,0.95652,0.96332,0.95652,0,0,0,0.00000,0.00000,1.00000,0.0000,0.0000,0.0000,0.0000,0.0000,0.0000,0.00,0.00,0.00,1,1,0.0000,0.0000,0.1500,0.00,0.8500,0.3500,0.9200,6.00,180.00,0.850000,0.050000,0.000000,1.100000,0.000000,0.000000,1.200000,0.000000,0.000000,1.350000,0.000000,0.000000,0.850000,0.020000,0.000000,0.008000,0.000000,0.000600,0.008000,0.000000,0.000600,0.006000,0.000000,0.000000,1,1,1,736,210,532061,532061,321617,210444,0,60.00,22328,2986,722,0,0,0,22335,500.75,0.00,4,1890,0.0000,0.5000,0.5000,0.0000,0.5000
2026-04-27T18:52:15.286,12.274,1,-77.00,-148.20,-562.01,-1397.96,0,0.0000,0.0000,0.1500,0.0000,0.0000,0.0000,0.00,0.00,63.68,60.11,737,704,0.95522,0.95522,0.96201,0.95522,0,0,0,0.00000,0.00000,1.00000,0.0000,0.0000,0.0000,0.0000,0.0000,0.0000,0.00,0.00,0.00,1,1,0.0000,0.0000,0.1500,0.00,0.8500,0.3500,0.9200,6.00,180.00,0.850000,0.050000,0.000000,1.100000,0.000000,0.000000,1.200000,0.000000,0.000000,1.350000,0.000000,0.000000,0.850000,0.020000,0.000000,0.008000,0.000000,0.000600,0.008000,0.000000,0.000600,0.006000,0.000000,0.000000,1,1,1,737,210,532061,532061,321617,210444,0,60.00,22328,2986,722,0,0,0,22335,500.75,0.00,4,1890,0.0000,0.5000,0.5000,0.0000,0.5000
2026-04-27T18:52:15.300,12.289,1,-77.00,-148.20,-562.01,-1397.96,0,0.0000,0.0000,0.1500,0.0000,0.0000,0.0000,0.00,0.00,55.33,58.91,738,704,0.95393,0.95393,0.96070,0.95393,0,0,0,0.00000,0.00000,1.00000,0.0000,0.0000,0.0000,0.0000,0.0000,0.0000,0.00,0.00,0.00,1,1,0.0000,0.0000,0.1500,0.00,0.8500,0.3500,0.9200,6.00,180.00,0.850000,0.050000,0.000000,1.100000,0.000000,0.000000,1.200000,0.000000,0.000000,1.350000,0.000000,0.000000,0.850000,0.020000,0.000000,0.008000,0.000000,0.000600,0.008000,0.000000,0.000600,0.006000,0.000000,0.000000,1,1,1,738,210,532061,532061,321617,210444,0,60.00,22328,2986,722,0,0,0,22335,500.75,0.00,4,1890,0.0000,0.5000,0.5000,0.0000,0.5000
2026-04-27T18:52:15.318,12.306,1,-77.00,-148.20,-562.01,-1397.96,0,0.0000,0.0000,0.1500,0.0000,0.0000,0.0000,0.00,0.00,69.01,61.06,739,704,0.95264,0.95264,0.95940,0.95264,0,0,0,0.00000,0.00000,1.00000,0.0000,0.0000,0.0000,0.0000,0.0000,0.0000,0.00,0.00,0.00,1,1,0.0000,0.0000,0.1500,0.00,0.8500,0.3500,0.9200,6.00,180.00,0.850000,0.050000,0.000000,1.100000,0.000000,0.000000,1.200000,0.000000,0.000000,1.350000,0.000000,0.000000,0.850000,0.020000,0.000000,0.008000,0.000000,0.000600,0.008000,0.000000,0.000600,0.006000,0.000000,0.000000,1,1,1,739,210,532061,532061,321617,210444,0,60.00,22328,2986,722,0,0,0,22335,500.75,0.00,4,1890,0.0000,0.5000,0.5000,0.0000,0.5000
2026-04-27T18:52:15.335,12.323,1,-77.00,-148.20,-562.01,-1397.96,0,0.0000,0.0000,0.1500,0.0000,0.0000,0.0000,0.00,0.00,57.31,58.39,740,704,0.95135,0.95135,0.95811,0.95135,0,0,0,0.00000,0.00000,1.00000,0.0000,0.0000,0.0000,0.0000,0.0000,0.0000,0.00,0.00,0.00,1,1,0.0000,0.0000,0.1500,0.00,0.8500,0.3500,0.9200,6.00,180.00,0.850000,0.050000,0.000000,1.100000,0.000000,0.000000,1.200000,0.000000,0.000000,1.350000,0.000000,0.000000,0.850000,0.020000,0.000000,0.008000,0.000000,0.000600,0.008000,0.000000,0.000600,0.006000,0.000000,0.000000,1,1,1,740,210,532061,532061,321617,210444,0,60.00,22328,2986,722,0,0,0,22335,500.75,0.00,4,1890,0.0000,0.5000,0.5000,0.0000,0.5000
2026-04-27T18:52:15.350,12.339,1,-77.00,-148.20,-562.01,-1397.96,0,0.0000,0.0000,0.1500,0.0000,0.0000,0.0000,0.00,0.00,56.95,61.80,741,704,0.95007,0.95007,0.95682,0.95007,0,0,0,0.00000,0.00000,1.00000,0.0000,0.0000,0.0000,0.0000,0.0000,0.0000,0.00,0.00,0.00,1,1,0.0000,0.0000,0.1500,0.00,0.8500,0.3500,0.9200,6.00,180.00,0.850000,0.050000,0.000000,1.100000,0.000000,0.000000,1.200000,0.000000,0.000000,1.350000,0.000000,0.000000,0.850000,0.020000,0.000000,0.008000,0.000000,0.000600,0.008000,0.000000,0.000600,0.006000,0.000000,0.000000,1,1,1,741,210,532061,532061,321617,210444,0,60.00,22328,2986,722,0,0,0,22335,500.75,0.00,4,1890,0.0000,0.5000,0.5000,0.0000,0.5000
2026-04-27T18:52:15.367,12.355,1,-18.40,-173.59,574.53,-249.01,0,0.0000,0.0000,0.1500,0.0000,0.0000,0.0000,0.00,0.00,67.67,59.88,742,704,0.94879,0.94879,0.95553,0.94879,0,0,0,0.00000,0.00000,1.00000,0.0000,0.0000,0.0000,0.0000,0.0000,0.0000,0.00,0.00,0.00,1,1,0.0000,0.0000,0.1500,0.00,0.8500,0.3500,0.9200,6.00,180.00,0.850000,0.050000,0.000000,1.100000,0.000000,0.000000,1.200000,0.000000,0.000000,1.350000,0.000000,0.000000,0.850000,0.020000,0.000000,0.008000,0.000000,0.000600,0.008000,0.000000,0.000600,0.006000,0.000000,0.000000,1,1,1,742,210,532061,532061,321617,210444,0,60.00,22328,2986,722,0,0,0,22335,500.75,0.00,4,1890,0.0000,0.5000,0.5000,0.0000,0.5000
2026-04-27T18:52:15.384,12.373,1,-18.40,-173.59,574.53,-249.01,0,0.0000,0.0000,0.1500,0.0000,0.0000,0.0000,0.00,0.00,64.11,60.00,743,704,0.94751,0.94751,0.95424,0.94751,0,0,0,0.00000,0.00000,1.00000,0.0000,0.0000,0.0000,0.0000,0.0000,0.0000,0.00,0.00,0.00,1,1,0.0000,0.0000,0.1500,0.00,0.8500,0.3500,0.9200,6.00,180.00,0.850000,0.050000,0.000000,1.100000,0.000000,0.000000,1.200000,0.000000,0.000000,1.350000,0.000000,0.000000,0.850000,0.020000,0.000000,0.008000,0.000000,0.000600,0.008000,0.000000,0.000600,0.006000,0.000000,0.000000,1,1,1,743,210,532061,532061,321617,210444,0,60.00,22328,2986,722,0,0,0,22335,500.75,0.00,4,1890,0.0000,0.5000,0.5000,0.0000,0.5000
2026-04-27T18:52:15.400,12.389,1,-18.40,-173.59,574.53,-249.01,0,0.0000,0.0000,0.1500,0.0000,0.0000,0.0000,0.00,0.00,50.78,60.86,744,704,0.94624,0.94624,0.95296,0.94624,0,0,0,0.00000,0.00000,1.00000,0.0000,0.0000,0.0000,0.0000,0.0000,0.0000,0.00,0.00,0.00,1,1,0.0000,0.0000,0.1500,0.00,0.8500,0.3500,0.9200,6.00,180.00,0.850000,0.050000,0.000000,1.100000,0.000000,0.000000,1.200000,0.000000,0.000000,1.350000,0.000000,0.000000,0.850000,0.020000,0.000000,0.008000,0.000000,0.000600,0.008000,0.000000,0.000600,0.006000,0.000000,0.000000,1,1,1,744,210,532061,532061,321617,210444,0,60.00,22328,2986,722,0,0,0,22335,500.75,0.00,4,1890,0.0000,0.5000,0.5000,0.0000,0.5000
2026-04-27T18:52:15.417,12.405,1,-18.40,-173.59,574.53,-249.01,0,0.0000,0.0000,0.1500,0.0000,0.0000,0.0000,0.00,0.00,67.70,59.13,745,704,0.94497,0.94497,0.95168,0.94497,0,0,0,0.00000,0.00000,1.00000,0.0000,0.0000,0.0000,0.0000,0.0000,0.0000,0.00,0.00,0.00,1,1,0.0000,0.0000,0.1500,0.00,0.8500,0.3500,0.9200,6.00,180.00,0.850000,0.050000,0.000000,1.100000,0.000000,0.000000,1.200000,0.000000,0.000000,1.350000,0.000000,0.000000,0.850000,0.020000,0.000000,0.008000,0.000000,0.000600,0.008000,0.000000,0.000600,0.006000,0.000000,0.000000,1,1,1,745,210,532061,532061,321617,210444,0,60.00,22328,2986,722,0,0,0,22335,500.75,0.00,4,1890,0.0000,0.5000,0.5000,0.0000,0.5000
2026-04-27T18:52:15.432,12.421,1,-18.40,-173.59,574.53,-249.01,0,0.0000,0.0000,0.1500,0.0000,0.0000,0.0000,0.00,0.00,58.75,64.61,746,704,0.94370,0.94370,0.95040,0.94370,0,0,0,0.00000,0.00000,1.00000,0.0000,0.0000,0.0000,0.0000,0.0000,0.0000,0.00,0.00,0.00,1,1,0.0000,0.0000,0.1500,0.00,0.8500,0.3500,0.9200,6.00,180.00,0.850000,0.050000,0.000000,1.100000,0.000000,0.000000,1.200000,0.000000,0.000000,1.350000,0.000000,0.000000,0.850000,0.020000,0.000000,0.008000,0.000000,0.000600,0.008000,0.000000,0.000600,0.006000,0.000000,0.000000,1,1,1,746,210,532061,532061,321617,210444,0,60.00,22328,2986,722,0,0,0,22335,500.75,0.00,4,1890,0.0000,0.5000,0.5000,0.0000,0.5000
2026-04-27T18:52:15.451,12.440,1,-18.40,-173.59,574.53,-249.01,0,0.0000,0.0000,0.1500,0.0000,0.0000,0.0000,0.00,0.00,71.41,55.99,747,704,0.94244,0.94244,0.94913,0.94244,0,0,0,0.00000,0.00000,1.00000,0.0000,0.0000,0.0000,0.0000,0.0000,0.0000,0.00,0.00,0.00,1,1,0.0000,0.0000,0.1500,0.00,0.8500,0.3500,0.9200,6.00,180.00,0.850000,0.050000,0.000000,1.100000,0.000000,0.000000,1.200000,0.000000,0.000000,1.350000,0.000000,0.000000,0.850000,0.020000,0.000000,0.008000,0.000000,0.000600,0.008000,0.000000,0.000600,0.006000,0.000000,0.000000,1,1,1,747,210,532061,532061,321617,210444,0,60.00,22328,2986,722,0,0,0,22335,500.75,0.00,4,1890,0.0000,0.5000,0.5000,0.0000,0.5000
2026-04-27T18:52:15.467,12.455,1,-2.19,162.60,160.43,-235.70,0,0.0000,0.0000,0.1500,0.0000,0.0000,0.0000,0.00,0.00,50.06,63.09,748,704,0.94118,0.94118,0.94786,0.94118,0,0,0,0.00000,0.00000,1.00000,0.0000,0.0000,0.0000,0.0000,0.0000,0.0000,0.00,0.00,0.00,1,1,0.0000,0.0000,0.1500,0.00,0.8500,0.3500,0.9200,6.00,180.00,0.850000,0.050000,0.000000,1.100000,0.000000,0.000000,1.200000,0.000000,0.000000,1.350000,0.000000,0.000000,0.850000,0.020000,0.000000,0.008000,0.000000,0.000600,0.008000,0.000000,0.000600,0.006000,0.000000,0.000000,1,1,1,748,210,532061,532061,321617,210444,0,60.00,22328,2986,722,0,0,0,22335,500.75,0.00,4,1890,0.0000,0.5000,0.5000,0.0000,0.5000
2026-04-27T18:52:15.484,12.473,1,-2.19,162.60,160.43,-235.70,0,0.0000,0.0000,0.1500,0.0000,0.0000,0.0000,0.00,0.00,63.15,58.28,749,704,0.93992,0.93992,0.94660,0.93992,0,0,0,0.00000,0.00000,1.00000,0.0000,0.0000,0.0000,0.0000,0.0000,0.0000,0.00,0.00,0.00,1,1,0.0000,0.0000,0.1500,0.00,0.8500,0.3500,0.9200,6.00,180.00,0.850000,0.050000,0.000000,1.100000,0.000000,0.000000,1.200000,0.000000,0.000000,1.350000,0.000000,0.000000,0.850000,0.020000,0.000000,0.008000,0.000000,0.000600,0.008000,0.000000,0.000600,0.006000,0.000000,0.000000,1,1,1,749,210,532061,532061,321617,210444,0,60.00,22328,2986,722,0,0,0,22335,500.75,0.00,4,1890,0.0000,0.5000,0.5000,0.0000,0.5000
2026-04-27T18:52:15.501,12.490,1,-2.19,162.60,160.43,-235.70,0,0.0000,0.0000,0.1500,0.0000,0.0000,0.0000,0.00,0.00,58.14,65.79,750,704,0.93867,0.93867,0.94533,0.93867,0,0,0,0.00000,0.00000,1.00000,0.0000,0.0000,0.0000,0.0000,0.0000,0.0000,0.00,0.00,0.00,1,1,0.0000,0.0000,0.1500,0.00,0.8500,0.3500,0.9200,6.00,180.00,0.850000,0.050000,0.000000,1.100000,0.000000,0.000000,1.200000,0.000000,0.000000,1.350000,0.000000,0.000000,0.850000,0.020000,0.000000,0.008000,0.000000,0.000600,0.008000,0.000000,0.000600,0.006000,0.000000,0.000000,1,1,1,750,210,532061,532061,321617,210444,0,60.00,22328,2986,722,0,0,0,22335,500.75,0.00,4,1890,0.0000,0.5000,0.5000,0.0000,0.5000
2026-04-27T18:52:15.518,12.506,1,-2.19,162.60,160.43,-235.70,0,0.0000,0.0000,0.1500,0.0000,0.0000,0.0000,0.00,0.00,59.02,54.44,751,704,0.93742,0.93742,0.94407,0.93742,0,0,0,0.00000,0.00000,1.00000,0.0000,0.0000,0.0000,0.0000,0.0000,0.0000,0.00,0.00,0.00,1,1,0.0000,0.0000,0.1500,0.00,0.8500,0.3500,0.9200,6.00,180.00,0.850000,0.050000,0.000000,1.100000,0.000000,0.000000,1.200000,0.000000,0.000000,1.350000,0.000000,0.000000,0.850000,0.020000,0.000000,0.008000,0.000000,0.000600,0.008000,0.000000,0.000600,0.006000,0.000000,0.000000,1,1,1,751,210,532061,532061,321617,210444,0,60.00,22328,2986,722,0,0,0,22335,500.75,0.00,4,1890,0.0000,0.5000,0.5000,0.0000,0.5000
2026-04-27T18:52:15.533,12.522,1,-2.19,162.60,160.43,-235.70,0,0.0000,0.0000,0.1500,0.0000,0.0000,0.0000,0.00,0.00,55.80,60.35,752,704,0.93617,0.93617,0.94282,0.93617,0,0,0,0.00000,0.00000,1.00000,0.0000,0.0000,0.0000,0.0000,0.0000,0.0000,0.00,0.00,0.00,1,1,0.0000,0.0000,0.1500,0.00,0.8500,0.3500,0.9200,6.00,180.00,0.850000,0.050000,0.000000,1.100000,0.000000,0.000000,1.200000,0.000000,0.000000,1.350000,0.000000,0.000000,0.850000,0.020000,0.000000,0.008000,0.000000,0.000600,0.008000,0.000000,0.000600,0.006000,0.000000,0.000000,1,1,1,752,210,532061,532061,321617,210444,0,60.00,22328,2986,722,0,0,0,22335,500.75,0.00,4,1890,0.0000,0.5000,0.5000,0.0000,0.5000
2026-04-27T18:52:15.550,12.539,1,-2.19,162.60,160.43,-235.70,0,0.0000,0.0000,0.1500,0.0000,0.0000,0.0000,0.00,0.00,69.05,59.26,753,704,0.93493,0.93493,0.94157,0.93493,0,0,0,0.00000,0.00000,1.00000,0.0000,0.0000,0.0000,0.0000,0.0000,0.0000,0.00,0.00,0.00,1,1,0.0000,0.0000,0.1500,0.00,0.8500,0.3500,0.9200,6.00,180.00,0.850000,0.050000,0.000000,1.100000,0.000000,0.000000,1.200000,0.000000,0.000000,1.350000,0.000000,0.000000,0.850000,0.020000,0.000000,0.008000,0.000000,0.000600,0.008000,0.000000,0.000600,0.006000,0.000000,0.000000,1,1,1,753,210,532061,532061,321617,210444,0,60.00,22328,2986,722,0,0,0,22335,500.75,0.00,4,1890,0.0000,0.5000,0.5000,0.0000,0.5000
2026-04-27T18:52:15.570,12.559,1,-2.19,162.60,160.43,-235.70,0,0.0000,0.0000,0.1500,0.0000,0.0000,0.0000,0.00,0.00,56.33,60.00,754,704,0.93369,0.93369,0.94032,0.93369,0,0,0,0.00000,0.00000,1.00000,0.0000,0.0000,0.0000,0.0000,0.0000,0.0000,0.00,0.00,0.00,1,1,0.0000,0.0000,0.1500,0.00,0.8500,0.3500,0.9200,6.00,180.00,0.850000,0.050000,0.000000,1.100000,0.000000,0.000000,1.200000,0.000000,0.000000,1.350000,0.000000,0.000000,0.850000,0.020000,0.000000,0.008000,0.000000,0.000600,0.008000,0.000000,0.000600,0.006000,0.000000,0.000000,1,1,1,754,210,532061,532061,321617,210444,0,60.00,22328,2986,722,0,0,0,22335,500.75,0.00,4,1890,0.0000,0.5000,0.5000,0.0000,0.5000
2026-04-27T18:52:15.583,12.572,1,-2.19,162.60,160.43,-235.70,0,0.0000,0.0000,0.1500,0.0000,0.0000,0.0000,0.00,0.00,53.24,60.24,755,704,0.93245,0.93245,0.93907,0.93245,0,0,0,0.00000,0.00000,1.00000,0.0000,0.0000,0.0000,0.0000,0.0000,0.0000,0.00,0.00,0.00,1,1,0.0000,0.0000,0.1500,0.00,0.8500,0.3500,0.9200,6.00,180.00,0.850000,0.050000,0.000000,1.100000,0.000000,0.000000,1.200000,0.000000,0.000000,1.350000,0.000000,0.000000,0.850000,0.020000,0.000000,0.008000,0.000000,0.000600,0.008000,0.000000,0.000600,0.006000,0.000000,0.000000,1,1,1,755,210,532061,532061,321617,210444,0,60.00,22328,2986,722,0,0,0,22335,500.75,0.00,4,1890,0.0000,0.5000,0.5000,0.0000,0.5000
2026-04-27T18:52:15.601,12.590,1,-2.19,162.60,160.43,-235.70,0,0.0000,0.0000,0.1500,0.0000,0.0000,0.0000,0.00,0.00,73.80,59.55,756,704,0.93122,0.93122,0.93783,0.93122,0,0,0,0.00000,0.00000,1.00000,0.0000,0.0000,0.0000,0.0000,0.0000,0.0000,0.00,0.00,0.00,1,1,0.0000,0.0000,0.1500,0.00,0.8500,0.3500,0.9200,6.00,180.00,0.850000,0.050000,0.000000,1.100000,0.000000,0.000000,1.200000,0.000000,0.000000,1.350000,0.000000,0.000000,0.850000,0.020000,0.000000,0.008000,0.000000,0.000600,0.008000,0.000000,0.000600,0.006000,0.000000,0.000000,1,1,1,756,210,532061,532061,321617,210444,0,60.00,22328,2986,722,0,0,0,22335,500.75,0.00,4,1890,0.0000,0.5000,0.5000,0.0000,0.5000
2026-04-27T18:52:15.616,12.605,1,-2.19,162.60,160.43,-235.70,0,0.0000,0.0000,0.1500,0.0000,0.0000,0.0000,0.00,0.00,53.35,60.45,757,704,0.92999,0.92999,0.93659,0.92999,0,0,0,0.00000,0.00000,1.00000,0.0000,0.0000,0.0000,0.0000,0.0000,0.0000,0.00,0.00,0.00,1,1,0.0000,0.0000,0.1500,0.00,0.8500,0.3500,0.9200,6.00,180.00,0.850000,0.050000,0.000000,1.100000,0.000000,0.000000,1.200000,0.000000,0.000000,1.350000,0.000000,0.000000,0.850000,0.020000,0.000000,0.008000,0.000000,0.000600,0.008000,0.000000,0.000600,0.006000,0.000000,0.000000,1,1,1,757,210,532061,532061,321617,210444,0,60.00,22328,2986,722,0,0,0,22335,500.75,0.00,4,1890,0.0000,0.5000,0.5000,0.0000,0.5000
2026-04-27T18:52:15.634,12.623,1,-2.19,162.60,160.43,-235.70,0,0.0000,0.0000,0.1500,0.0000,0.0000,0.0000,0.00,0.00,67.86,59.98,758,704,0.92876,0.92876,0.93536,0.92876,0,0,0,0.00000,0.00000,1.00000,0.0000,0.0000,0.0000,0.0000,0.0000,0.0000,0.00,0.00,0.00,1,1,0.0000,0.0000,0.1500,0.00,0.8500,0.3500,0.9200,6.00,180.00,0.850000,0.050000,0.000000,1.100000,0.000000,0.000000,1.200000,0.000000,0.000000,1.350000,0.000000,0.000000,0.850000,0.020000,0.000000,0.008000,0.000000,0.000600,0.008000,0.000000,0.000600,0.006000,0.000000,0.000000,1,1,1,758,210,532061,532061,321617,210444,0,60.00,22328,2986,722,0,0,0,22335,500.75,0.00,4,1890,0.0000,0.5000,0.5000,0.0000,0.5000
2026-04-27T18:52:15.650,12.639,1,-2.19,162.60,160.43,-235.70,0,0.0000,0.0000,0.1500,0.0000,0.0000,0.0000,0.00,0.00,53.75,59.88,759,704,0.92754,0.92754,0.93412,0.92754,0,0,0,0.00000,0.00000,1.00000,0.0000,0.0000,0.0000,0.0000,0.0000,0.0000,0.00,0.00,0.00,1,1,0.0000,0.0000,0.1500,0.00,0.8500,0.3500,0.9200,6.00,180.00,0.850000,0.050000,0.000000,1.100000,0.000000,0.000000,1.200000,0.000000,0.000000,1.350000,0.000000,0.000000,0.850000,0.020000,0.000000,0.008000,0.000000,0.000600,0.008000,0.000000,0.000600,0.006000,0.000000,0.000000,1,1,1,759,210,532061,532061,321617,210444,0,60.00,22328,2986,722,0,0,0,22335,500.75,0.00,4,1890,0.0000,0.5000,0.5000,0.0000,0.5000
2026-04-27T18:52:15.668,12.657,1,-2.19,162.60,160.43,-235.70,0,0.0000,0.0000,0.1500,0.0000,0.0000,0.0000,0.00,0.00,63.33,60.11,760,704,0.92632,0.92632,0.93289,0.92632,0,0,0,0.00000,0.00000,1.00000,0.0000,0.0000,0.0000,0.0000,0.0000,0.0000,0.00,0.00,0.00,1,1,0.0000,0.0000,0.1500,0.00,0.8500,0.3500,0.9200,6.00,180.00,0.850000,0.050000,0.000000,1.100000,0.000000,0.000000,1.200000,0.000000,0.000000,1.350000,0.000000,0.000000,0.850000,0.020000,0.000000,0.008000,0.000000,0.000600,0.008000,0.000000,0.000600,0.006000,0.000000,0.000000,1,1,1,760,210,532061,532061,321617,210444,0,60.00,22328,2986,722,0,0,0,22335,500.75,0.00,4,1890,0.0000,0.5000,0.5000,0.0000,0.5000
2026-04-27T18:52:15.684,12.673,1,-2.19,162.60,160.43,-235.70,0,0.0000,0.0000,0.1500,0.0000,0.0000,0.0000,0.00,0.00,56.34,59.78,761,704,0.92510,0.92510,0.93167,0.92510,0,0,0,0.00000,0.00000,1.00000,0.0000,0.0000,0.0000,0.0000,0.0000,0.0000,0.00,0.00,0.00,1,1,0.0000,0.0000,0.1500,0.00,0.8500,0.3500,0.9200,6.00,180.00,0.850000,0.050000,0.000000,1.100000,0.000000,0.000000,1.200000,0.000000,0.000000,1.350000,0.000000,0.000000,0.850000,0.020000,0.000000,0.008000,0.000000,0.000600,0.008000,0.000000,0.000600,0.006000,0.000000,0.000000,1,1,1,761,210,532061,532061,321617,210444,0,60.00,22328,2986,722,0,0,0,22335,500.75,0.00,4,1890,0.0000,0.5000,0.5000,0.0000,0.5000
2026-04-27T18:52:15.701,12.690,1,-2.19,162.60,160.43,-235.70,0,0.0000,0.0000,0.1500,0.0000,0.0000,0.0000,0.00,0.00,62.38,60.05,762,704,0.92388,0.92388,0.93045,0.92388,0,0,0,0.00000,0.00000,1.00000,0.0000,0.0000,0.0000,0.0000,0.0000,0.0000,0.00,0.00,0.00,1,1,0.0000,0.0000,0.1500,0.00,0.8500,0.3500,0.9200,6.00,180.00,0.850000,0.050000,0.000000,1.100000,0.000000,0.000000,1.200000,0.000000,0.000000,1.350000,0.000000,0.000000,0.850000,0.020000,0.000000,0.008000,0.000000,0.000600,0.008000,0.000000,0.000600,0.006000,0.000000,0.000000,1,1,1,762,210,532061,532061,321617,210444,0,60.00,22328,2986,722,0,0,0,22335,500.75,0.00,4,1890,0.0000,0.5000,0.5000,0.0000,0.5000
2026-04-27T18:52:15.718,12.706,1,-4.10,179.99,35.63,1.93,0,0.0000,0.0000,0.1500,0.0000,0.0000,0.0000,0.00,0.00,59.57,60.07,763,704,0.92267,0.92267,0.92923,0.92267,0,0,0,0.00000,0.00000,1.00000,0.0000,0.0000,0.0000,0.0000,0.0000,0.0000,0.00,0.00,0.00,1,1,0.0000,0.0000,0.1500,0.00,0.8500,0.3500,0.9200,6.00,180.00,0.850000,0.050000,0.000000,1.100000,0.000000,0.000000,1.200000,0.000000,0.000000,1.350000,0.000000,0.000000,0.850000,0.020000,0.000000,0.008000,0.000000,0.000600,0.008000,0.000000,0.000600,0.006000,0.000000,0.000000,1,1,1,763,210,532061,532061,321617,210444,0,60.00,22328,2986,722,0,0,0,22335,500.75,0.00,4,1890,0.0000,0.5000,0.5000,0.0000,0.5000
2026-04-27T18:52:15.732,12.721,1,-4.10,179.99,35.63,1.93,0,0.0000,0.0000,0.1500,0.0000,0.0000,0.0000,0.00,0.00,63.16,64.11,764,704,0.92147,0.92147,0.92801,0.92147,0,0,0,0.00000,0.00000,1.00000,0.0000,0.0000,0.0000,0.0000,0.0000,0.0000,0.00,0.00,0.00,1,1,0.0000,0.0000,0.1500,0.00,0.8500,0.3500,0.9200,6.00,180.00,0.850000,0.050000,0.000000,1.100000,0.000000,0.000000,1.200000,0.000000,0.000000,1.350000,0.000000,0.000000,0.850000,0.020000,0.000000,0.008000,0.000000,0.000600,0.008000,0.000000,0.000600,0.006000,0.000000,0.000000,1,1,1,764,210,532061,532061,321617,210444,0,60.00,22328,2986,722,0,0,0,22335,500.75,0.00,4,1890,0.0000,0.5000,0.5000,0.0000,0.5000
2026-04-27T18:52:15.751,12.740,1,-4.10,179.99,35.63,1.93,0,0.0000,0.0000,0.1500,0.0000,0.0000,0.0000,0.00,0.00,64.22,58.31,765,704,0.92026,0.92026,0.92680,0.92026,0,0,0,0.00000,0.00000,1.00000,0.0000,0.0000,0.0000,0.0000,0.0000,0.0000,0.00,0.00,0.00,1,1,0.0000,0.0000,0.1500,0.00,0.8500,0.3500,0.9200,6.00,180.00,0.850000,0.050000,0.000000,1.100000,0.000000,0.000000,1.200000,0.000000,0.000000,1.350000,0.000000,0.000000,0.850000,0.020000,0.000000,0.008000,0.000000,0.000600,0.008000,0.000000,0.000600,0.006000,0.000000,0.000000,1,1,1,765,210,532061,532061,321617,210444,0,60.00,22328,2986,722,0,0,0,22335,500.75,0.00,4,1890,0.0000,0.5000,0.5000,0.0000,0.5000
2026-04-27T18:52:15.766,12.755,1,-4.10,179.99,35.63,1.93,0,0.0000,0.0000,0.1500,0.0000,0.0000,0.0000,0.00,0.00,58.89,60.03,766,704,0.91906,0.91906,0.92559,0.91906,0,0,0,0.00000,0.00000,1.00000,0.0000,0.0000,0.0000,0.0000,0.0000,0.0000,0.00,0.00,0.00,1,1,0.0000,0.0000,0.1500,0.00,0.8500,0.3500,0.9200,6.00,180.00,0.850000,0.050000,0.000000,1.100000,0.000000,0.000000,1.200000,0.000000,0.000000,1.350000,0.000000,0.000000,0.850000,0.020000,0.000000,0.008000,0.000000,0.000600,0.008000,0.000000,0.000600,0.006000,0.000000,0.000000,1,1,1,766,210,532061,532061,321617,210444,0,60.00,22328,2986,722,0,0,0,22335,500.75,0.00,4,1890,0.0000,0.5000,0.5000,0.0000,0.5000
2026-04-27T18:52:15.785,12.774,1,-4.10,179.99,35.63,1.93,0,0.0000,0.0000,0.1500,0.0000,0.0000,0.0000,0.00,0.00,50.85,60.46,767,704,0.91786,0.91786,0.92438,0.91786,0,0,0,0.00000,0.00000,1.00000,0.0000,0.0000,0.0000,0.0000,0.0000,0.0000,0.00,0.00,0.00,1,1,0.0000,0.0000,0.1500,0.00,0.8500,0.3500,0.9200,6.00,180.00,0.850000,0.050000,0.000000,1.100000,0.000000,0.000000,1.200000,0.000000,0.000000,1.350000,0.000000,0.000000,0.850000,0.020000,0.000000,0.008000,0.000000,0.000600,0.008000,0.000000,0.000600,0.006000,0.000000,0.000000,1,1,1,767,210,532061,532061,321617,210444,0,60.00,22328,2986,722,0,0,0,22335,500.75,0.00,4,1890,0.0000,0.5000,0.5000,0.0000,0.5000
2026-04-27T18:52:15.802,12.791,1,-4.10,179.99,35.63,1.93,0,0.0000,0.0000,0.1500,0.0000,0.0000,0.0000,0.00,0.00,61.37,55.00,768,704,0.91667,0.91667,0.92318,0.91667,0,0,0,0.00000,0.00000,1.00000,0.0000,0.0000,0.0000,0.0000,0.0000,0.0000,0.00,0.00,0.00,1,1,0.0000,0.0000,0.1500,0.00,0.8500,0.3500,0.9200,6.00,180.00,0.850000,0.050000,0.000000,1.100000,0.000000,0.000000,1.200000,0.000000,0.000000,1.350000,0.000000,0.000000,0.850000,0.020000,0.000000,0.008000,0.000000,0.000600,0.008000,0.000000,0.000600,0.006000,0.000000,0.000000,1,1,1,768,210,532061,532061,321617,210444,0,60.00,22328,2986,722,0,0,0,22335,500.75,0.00,4,1890,0.0000,0.5000,0.5000,0.0000,0.5000
2026-04-27T18:52:15.817,12.805,1,-4.20,-179.60,-1.02,4.02,0,0.0000,0.0000,0.1500,0.0000,0.0000,0.0000,0.00,0.00,62.84,65.33,769,704,0.91547,0.91547,0.92198,0.91547,0,0,0,0.00000,0.00000,1.00000,0.0000,0.0000,0.0000,0.0000,0.0000,0.0000,0.00,0.00,0.00,1,1,0.0000,0.0000,0.1500,0.00,0.8500,0.3500,0.9200,6.00,180.00,0.850000,0.050000,0.000000,1.100000,0.000000,0.000000,1.200000,0.000000,0.000000,1.350000,0.000000,0.000000,0.850000,0.020000,0.000000,0.008000,0.000000,0.000600,0.008000,0.000000,0.000600,0.006000,0.000000,0.000000,1,1,1,769,210,532061,532061,321617,210444,0,60.00,22328,2986,722,0,0,0,22335,500.75,0.00,4,1890,0.0000,0.5000,0.5000,0.0000,0.5000
2026-04-27T18:52:15.833,12.822,1,-4.20,-179.60,-1.02,4.02,0,0.0000,0.0000,0.1500,0.0000,0.0000,0.0000,0.00,0.00,68.62,59.56,770,704,0.91429,0.91429,0.92078,0.91429,0,0,0,0.00000,0.00000,1.00000,0.0000,0.0000,0.0000,0.0000,0.0000,0.0000,0.00,0.00,0.00,1,1,0.0000,0.0000,0.1500,0.00,0.8500,0.3500,0.9200,6.00,180.00,0.850000,0.050000,0.000000,1.100000,0.000000,0.000000,1.200000,0.000000,0.000000,1.350000,0.000000,0.000000,0.850000,0.020000,0.000000,0.008000,0.000000,0.000600,0.008000,0.000000,0.000600,0.006000,0.000000,0.000000,1,1,1,770,210,532061,532061,321617,210444,0,60.00,22328,2986,722,0,0,0,22335,500.75,0.00,4,1890,0.0000,0.5000,0.5000,0.0000,0.5000
2026-04-27T18:52:15.851,12.840,1,-4.20,-179.60,-1.02,4.02,0,0.0000,0.0000,0.1500,0.0000,0.0000,0.0000,0.00,0.00,56.24,67.74,771,704,0.91310,0.91310,0.91958,0.91310,0,0,0,0.00000,0.00000,1.00000,0.0000,0.0000,0.0000,0.0000,0.0000,0.0000,0.00,0.00,0.00,1,1,0.0000,0.0000,0.1500,0.00,0.8500,0.3500,0.9200,6.00,180.00,0.850000,0.050000,0.000000,1.100000,0.000000,0.000000,1.200000,0.000000,0.000000,1.350000,0.000000,0.000000,0.850000,0.020000,0.000000,0.008000,0.000000,0.000600,0.008000,0.000000,0.000600,0.006000,0.000000,0.000000,1,1,1,771,210,532061,532061,321617,210444,0,60.00,22328,2986,722,0,0,0,22335,500.75,0.00,4,1890,0.0000,0.5000,0.5000,0.0000,0.5000
2026-04-27T18:52:15.867,12.856,1,-4.20,-179.60,-1.02,4.02,0,0.0000,0.0000,0.1500,0.0000,0.0000,0.0000,0.00,0.00,60.26,52.73,772,704,0.91192,0.91192,0.91839,0.91192,0,0,0,0.00000,0.00000,1.00000,0.0000,0.0000,0.0000,0.0000,0.0000,0.0000,0.00,0.00,0.00,1,1,0.0000,0.0000,0.1500,0.00,0.8500,0.3500,0.9200,6.00,180.00,0.850000,0.050000,0.000000,1.100000,0.000000,0.000000,1.200000,0.000000,0.000000,1.350000,0.000000,0.000000,0.850000,0.020000,0.000000,0.008000,0.000000,0.000600,0.008000,0.000000,0.000600,0.006000,0.000000,0.000000,1,1,1,772,210,532061,532061,321617,210444,0,60.00,22328,2986,722,0,0,0,22335,500.75,0.00,4,1890,0.0000,0.5000,0.5000,0.0000,0.5000
2026-04-27T18:52:15.885,12.874,1,-4.20,-179.60,-1.02,4.02,0,0.0000,0.0000,0.1500,0.0000,0.0000,0.0000,0.00,0.00,60.08,60.03,773,704,0.91074,0.91074,0.91721,0.91074,0,0,0,0.00000,0.00000,1.00000,0.0000,0.0000,0.0000,0.0000,0.0000,0.0000,0.00,0.00,0.00,1,1,0.0000,0.0000,0.1500,0.00,0.8500,0.3500,0.9200,6.00,180.00,0.850000,0.050000,0.000000,1.100000,0.000000,0.000000,1.200000,0.000000,0.000000,1.350000,0.000000,0.000000,0.850000,0.020000,0.000000,0.008000,0.000000,0.000600,0.008000,0.000000,0.000600,0.006000,0.000000,0.000000,1,1,1,773,210,532061,532061,321617,210444,0,60.00,22328,2986,722,0,0,0,22335,500.75,0.00,4,1890,0.0000,0.5000,0.5000,0.0000,0.5000
2026-04-27T18:52:15.900,12.889,1,-4.20,-179.60,-1.02,4.02,0,0.0000,0.0000,0.1500,0.0000,0.0000,0.0000,0.00,0.00,56.51,61.92,774,704,0.90956,0.90956,0.91602,0.90956,0,0,0,0.00000,0.00000,1.00000,0.0000,0.0000,0.0000,0.0000,0.0000,0.0000,0.00,0.00,0.00,1,1,0.0000,0.0000,0.1500,0.00,0.8500,0.3500,0.9200,6.00,180.00,0.850000,0.050000,0.000000,1.100000,0.000000,0.000000,1.200000,0.000000,0.000000,1.350000,0.000000,0.000000,0.850000,0.020000,0.000000,0.008000,0.000000,0.000600,0.008000,0.000000,0.000600,0.006000,0.000000,0.000000,1,1,1,774,210,532061,532061,321617,210444,0,60.00,22328,2986,722,0,0,0,22335,500.75,0.00,4,1890,0.0000,0.5000,0.5000,0.0000,0.5000
2026-04-27T18:52:15.916,12.905,1,-4.20,-179.40,0.00,1.97,0,0.0000,0.0000,0.1500,0.0000,0.0000,0.0000,0.00,0.00,69.51,60.16,775,704,0.90839,0.90839,0.91484,0.90839,0,0,0,0.00000,0.00000,1.00000,0.0000,0.0000,0.0000,0.0000,0.0000,0.0000,0.00,0.00,0.00,1,1,0.0000,0.0000,0.1500,0.00,0.8500,0.3500,0.9200,6.00,180.00,0.850000,0.050000,0.000000,1.100000,0.000000,0.000000,1.200000,0.000000,0.000000,1.350000,0.000000,0.000000,0.850000,0.020000,0.000000,0.008000,0.000000,0.000600,0.008000,0.000000,0.000600,0.006000,0.000000,0.000000,1,1,1,775,210,532061,532061,321617,210444,0,60.00,22328,2986,722,0,0,0,22335,500.75,0.00,4,1890,0.0000,0.5000,0.5000,0.0000,0.5000
2026-04-27T18:52:15.934,12.923,1,-4.20,-179.40,0.00,1.97,0,0.0000,0.0000,0.1500,0.0000,0.0000,0.0000,0.00,0.00,58.53,63.44,776,704,0.90722,0.90722,0.91366,0.90722,0,0,0,0.00000,0.00000,1.00000,0.0000,0.0000,0.0000,0.0000,0.0000,0.0000,0.00,0.00,0.00,1,1,0.0000,0.0000,0.1500,0.00,0.8500,0.3500,0.9200,6.00,180.00,0.850000,0.050000,0.000000,1.100000,0.000000,0.000000,1.200000,0.000000,0.000000,1.350000,0.000000,0.000000,0.850000,0.020000,0.000000,0.008000,0.000000,0.000600,0.008000,0.000000,0.000600,0.006000,0.000000,0.000000,1,1,1,776,210,532121,532121,321677,210444,0,60.00,22388,3032,722,0,0,0,22335,500.75,0.00,4,1890,0.0000,0.5000,0.5000,0.0000,0.5000
2026-04-27T18:52:15.951,12.940,1,-4.20,-179.40,0.00,1.97,0,0.0000,0.0000,0.1500,0.0000,0.0000,0.0000,0.00,0.00,56.40,54.90,777,704,0.90605,0.90605,0.91248,0.90605,0,0,0,0.00000,0.00000,1.00000,0.0000,0.0000,0.0000,0.0000,0.0000,0.0000,0.00,0.00,0.00,1,1,0.0000,0.0000,0.1500,0.00,0.8500,0.3500,0.9200,6.00,180.00,0.850000,0.050000,0.000000,1.100000,0.000000,0.000000,1.200000,0.000000,0.000000,1.350000,0.000000,0.000000,0.850000,0.020000,0.000000,0.008000,0.000000,0.000600,0.008000,0.000000,0.000600,0.006000,0.000000,0.000000,1,1,1,777,210,532121,532121,321677,210444,0,60.00,22388,3032,722,0,0,0,22335,500.75,0.00,4,1890,0.0000,0.5000,0.5000,0.0000,0.5000
2026-04-27T18:52:15.968,12.956,1,-4.20,-179.40,0.00,1.97,0,0.0000,0.0000,0.1500,0.0000,0.0000,0.0000,0.00,0.00,57.38,110.84,778,704,0.90488,0.90488,0.91131,0.90488,0,0,0,0.00000,0.00000,1.00000,0.0000,0.0000,0.0000,0.0000,0.0000,0.0000,0.00,0.00,0.00,1,1,0.0000,0.0000,0.1500,0.00,0.8500,0.3500,0.9200,6.00,180.00,0.850000,0.050000,0.000000,1.100000,0.000000,0.000000,1.200000,0.000000,0.000000,1.350000,0.000000,0.000000,0.850000,0.020000,0.000000,0.008000,0.000000,0.000600,0.008000,0.000000,0.000600,0.006000,0.000000,0.000000,1,1,1,778,210,532121,532121,321677,210444,0,60.00,22388,3032,722,0,0,0,22335,500.75,0.00,4,1890,0.0000,0.5000,0.5000,0.0000,0.5000
2026-04-27T18:52:15.982,12.971,1,-4.20,-179.40,0.00,1.97,0,0.0000,0.0000,0.1500,0.0000,0.0000,0.0000,0.00,0.00,64.27,42.90,779,704,0.90372,0.90372,0.91014,0.90372,0,0,0,0.00000,0.00000,1.00000,0.0000,0.0000,0.0000,0.0000,0.0000,0.0000,0.00,0.00,0.00,1,1,0.0000,0.0000,0.1500,0.00,0.8500,0.3500,0.9200,6.00,180.00,0.850000,0.050000,0.000000,1.100000,0.000000,0.000000,1.200000,0.000000,0.000000,1.350000,0.000000,0.000000,0.850000,0.020000,0.000000,0.008000,0.000000,0.000600,0.008000,0.000000,0.000600,0.006000,0.000000,0.000000,1,1,1,779,210,532121,532121,321677,210444,0,60.00,22388,3032,722,0,0,0,22335,500.75,0.00,4,1890,0.0000,0.5000,0.5000,0.0000,0.5000
2026-04-27T18:52:16.003,12.991,1,-4.20,-179.40,0.00,1.97,0,0.0000,0.0000,0.1500,0.0000,0.0000,0.0000,0.00,0.00,62.50,60.82,780,704,0.90256,0.90256,0.90897,0.90256,0,0,0,0.00000,0.00000,1.00000,0.0000,0.0000,0.0000,0.0000,0.0000,0.0000,0.00,0.00,0.00,1,1,0.0000,0.0000,0.1500,0.00,0.8500,0.3500,0.9200,6.00,180.00,0.850000,0.050000,0.000000,1.100000,0.000000,0.000000,1.200000,0.000000,0.000000,1.350000,0.000000,0.000000,0.850000,0.020000,0.000000,0.008000,0.000000,0.000600,0.008000,0.000000,0.000600,0.006000,0.000000,0.000000,1,1,1,780,210,532121,532121,321677,210444,0,60.00,22388,3032,722,0,0,0,22335,500.75,0.00,4,1890,0.0000,0.5000,0.5000,0.0000,0.5000
2026-04-27T18:52:16.018,13.006,1,-4.20,-179.40,0.00,1.97,0,0.0000,0.0000,0.1500,0.0000,0.0000,0.0000,0.00,0.00,52.59,55.44,781,704,0.90141,0.90141,0.90781,0.90141,0,0,0,0.00000,0.00000,1.00000,0.0000,0.0000,0.0000,0.0000,0.0000,0.0000,0.00,0.00,0.00,1,1,0.0000,0.0000,0.1500,0.00,0.8500,0.3500,0.9200,6.00,180.00,0.850000,0.050000,0.000000,1.100000,0.000000,0.000000,1.200000,0.000000,0.000000,1.350000,0.000000,0.000000,0.850000,0.020000,0.000000,0.008000,0.000000,0.000600,0.008000,0.000000,0.000600,0.006000,0.000000,0.000000,1,1,1,781,210,532121,532121,321677,210444,0,60.00,22388,3032,722,0,0,0,22335,500.75,0.00,4,1890,0.0000,0.5000,0.5000,0.0000,0.5000
2026-04-27T18:52:16.034,13.023,1,-4.20,-179.40,0.00,1.97,0,0.0000,0.0000,0.1500,0.0000,0.0000,0.0000,0.00,0.00,59.89,60.64,782,704,0.90026,0.90026,0.90665,0.90026,0,0,0,0.00000,0.00000,1.00000,0.0000,0.0000,0.0000,0.0000,0.0000,0.0000,0.00,0.00,0.00,1,1,0.0000,0.0000,0.1500,0.00,0.8500,0.3500,0.9200,6.00,180.00,0.850000,0.050000,0.000000,1.100000,0.000000,0.000000,1.200000,0.000000,0.000000,1.350000,0.000000,0.000000,0.850000,0.020000,0.000000,0.008000,0.000000,0.000600,0.008000,0.000000,0.000600,0.006000,0.000000,0.000000,1,1,1,782,210,532121,532121,321677,210444,0,60.00,22388,3032,722,0,0,0,22335,500.75,0.00,4,1890,0.0000,0.5000,0.5000,0.0000,0.5000
2026-04-27T18:52:16.050,13.039,1,-4.20,-179.40,0.00,1.97,0,0.0000,0.0000,0.1500,0.0000,0.0000,0.0000,0.00,0.00,66.58,152.97,783,704,0.89911,0.89911,0.90549,0.89911,0,0,0,0.00000,0.00000,1.00000,0.0000,0.0000,0.0000,0.0000,0.0000,0.0000,0.00,0.00,0.00,1,1,0.0000,0.0000,0.1500,0.00,0.8500,0.3500,0.9200,6.00,180.00,0.850000,0.050000,0.000000,1.100000,0.000000,0.000000,1.200000,0.000000,0.000000,1.350000,0.000000,0.000000,0.850000,0.020000,0.000000,0.008000,0.000000,0.000600,0.008000,0.000000,0.000600,0.006000,0.000000,0.000000,1,1,1,783,210,532121,532121,321677,210444,0,60.00,22388,3032,722,0,0,0,22335,500.75,0.00,4,1890,0.0000,0.5000,0.5000,0.0000,0.5000
2026-04-27T18:52:16.068,13.057,1,-4.20,-179.40,0.00,1.97,0,0.0000,0.0000,0.1500,0.0000,0.0000,0.0000,0.00,0.00,60.39,37.29,784,704,0.89796,0.89796,0.90434,0.89796,0,0,0,0.00000,0.00000,1.00000,0.0000,0.0000,0.0000,0.0000,0.0000,0.0000,0.00,0.00,0.00,1,1,0.0000,0.0000,0.1500,0.00,0.8500,0.3500,0.9200,6.00,180.00,0.850000,0.050000,0.000000,1.100000,0.000000,0.000000,1.200000,0.000000,0.000000,1.350000,0.000000,0.000000,0.850000,0.020000,0.000000,0.008000,0.000000,0.000600,0.008000,0.000000,0.000600,0.006000,0.000000,0.000000,1,1,1,784,210,532121,532121,321677,210444,0,60.00,22388,3032,722,0,0,0,22335,500.75,0.00,4,1890,0.0000,0.5000,0.5000,0.0000,0.5000
2026-04-27T18:52:16.083,13.072,1,-4.20,-179.40,0.00,1.97,0,0.0000,0.0000,0.1500,0.0000,0.0000,0.0000,0.00,0.00,58.65,64.37,785,704,0.89682,0.89682,0.90318,0.89682,0,0,0,0.00000,0.00000,1.00000,0.0000,0.0000,0.0000,0.0000,0.0000,0.0000,0.00,0.00,0.00,1,1,0.0000,0.0000,0.1500,0.00,0.8500,0.3500,0.9200,6.00,180.00,0.850000,0.050000,0.000000,1.100000,0.000000,0.000000,1.200000,0.000000,0.000000,1.350000,0.000000,0.000000,0.850000,0.020000,0.000000,0.008000,0.000000,0.000600,0.008000,0.000000,0.000600,0.006000,0.000000,0.000000,1,1,1,785,210,532121,532121,321677,210444,0,60.00,22388,3032,722,0,0,0,22335,500.75,0.00,4,1890,0.0000,0.5000,0.5000,0.0000,0.5000
2026-04-27T18:52:16.100,13.089,1,-4.20,-179.40,0.00,1.97,0,0.0000,0.0000,0.1500,0.0000,0.0000,0.0000,0.00,0.00,64.50,59.92,786,704,0.89567,0.89567,0.90204,0.89567,0,0,0,0.00000,0.00000,1.00000,0.0000,0.0000,0.0000,0.0000,0.0000,0.0000,0.00,0.00,0.00,1,1,0.0000,0.0000,0.1500,0.00,0.8500,0.3500,0.9200,6.00,180.00,0.850000,0.050000,0.000000,1.100000,0.000000,0.000000,1.200000,0.000000,0.000000,1.350000,0.000000,0.000000,0.850000,0.020000,0.000000,0.008000,0.000000,0.000600,0.008000,0.000000,0.000600,0.006000,0.000000,0.000000,1,1,1,786,210,532121,532121,321677,210444,0,60.00,22388,3032,722,0,0,0,22335,500.75,0.00,4,1890,0.0000,0.5000,0.5000,0.0000,0.5000
2026-04-27T18:52:16.117,13.105,1,-4.20,-179.40,0.00,1.97,0,0.0000,0.0000,0.1500,0.0000,0.0000,0.0000,0.00,0.00,59.61,56.20,787,704,0.89454,0.89454,0.90089,0.89454,0,0,0,0.00000,0.00000,1.00000,0.0000,0.0000,0.0000,0.0000,0.0000,0.0000,0.00,0.00,0.00,1,1,0.0000,0.0000,0.1500,0.00,0.8500,0.3500,0.9200,6.00,180.00,0.850000,0.050000,0.000000,1.100000,0.000000,0.000000,1.200000,0.000000,0.000000,1.350000,0.000000,0.000000,0.850000,0.020000,0.000000,0.008000,0.000000,0.000600,0.008000,0.000000,0.000600,0.006000,0.000000,0.000000,1,1,1,787,210,532121,532121,321677,210444,0,60.00,22388,3032,722,0,0,0,22335,500.75,0.00,4,1890,0.0000,0.5000,0.5000,0.0000,0.5000
2026-04-27T18:52:16.133,13.122,1,-4.20,-179.40,0.00,1.97,0,0.0000,0.0000,0.1500,0.0000,0.0000,0.0000,0.00,0.00,60.91,80.52,788,704,0.89340,0.89340,0.89975,0.89340,0,0,0,0.00000,0.00000,1.00000,0.0000,0.0000,0.0000,0.0000,0.0000,0.0000,0.00,0.00,0.00,1,1,0.0000,0.0000,0.1500,0.00,0.8500,0.3500,0.9200,6.00,180.00,0.850000,0.050000,0.000000,1.100000,0.000000,0.000000,1.200000,0.000000,0.000000,1.350000,0.000000,0.000000,0.850000,0.020000,0.000000,0.008000,0.000000,0.000600,0.008000,0.000000,0.000600,0.006000,0.000000,0.000000,1,1,1,788,210,532121,532121,321677,210444,0,60.00,22388,3032,722,0,0,0,22335,500.75,0.00,4,1890,0.0000,0.5000,0.5000,0.0000,0.5000
2026-04-27T18:52:16.150,13.139,1,-4.20,-179.40,0.00,1.97,0,0.0000,0.0000,0.1500,0.0000,0.0000,0.0000,0.00,0.00,58.20,89.85,789,704,0.89227,0.89227,0.89861,0.89227,0,0,0,0.00000,0.00000,1.00000,0.0000,0.0000,0.0000,0.0000,0.0000,0.0000,0.00,0.00,0.00,1,1,0.0000,0.0000,0.1500,0.00,0.8500,0.3500,0.9200,6.00,180.00,0.850000,0.050000,0.000000,1.100000,0.000000,0.000000,1.200000,0.000000,0.000000,1.350000,0.000000,0.000000,0.850000,0.020000,0.000000,0.008000,0.000000,0.000600,0.008000,0.000000,0.000600,0.006000,0.000000,0.000000,1,1,1,789,210,532121,532121,321677,210444,0,60.00,22388,3032,722,0,0,0,22335,500.75,0.00,4,1890,0.0000,0.5000,0.5000,0.0000,0.5000
2026-04-27T18:52:16.168,13.156,1,-1.40,-174.60,14.57,25.25,0,0.0000,0.0000,0.1500,0.0000,0.0000,0.0000,0.00,0.00,60.60,40.25,790,704,0.89114,0.89114,0.89747,0.89114,0,0,0,0.00000,0.00000,1.00000,0.0000,0.0000,0.0000,0.0000,0.0000,0.0000,0.00,0.00,0.00,1,1,0.0000,0.0000,0.1500,0.00,0.8500,0.3500,0.9200,6.00,180.00,0.850000,0.050000,0.000000,1.100000,0.000000,0.000000,1.200000,0.000000,0.000000,1.350000,0.000000,0.000000,0.850000,0.020000,0.000000,0.008000,0.000000,0.000600,0.008000,0.000000,0.000600,0.006000,0.000000,0.000000,1,1,1,790,210,532121,532121,321677,210444,0,60.00,22388,3032,722,0,0,0,22335,500.75,0.00,4,1890,0.0000,0.5000,0.5000,0.0000,0.5000
2026-04-27T18:52:16.183,13.172,1,-1.40,-174.60,14.57,25.25,0,0.0000,0.0000,0.1500,0.0000,0.0000,0.0000,0.00,0.00,58.08,57.29,791,704,0.89001,0.89001,0.89633,0.89001,0,0,0,0.00000,0.00000,1.00000,0.0000,0.0000,0.0000,0.0000,0.0000,0.0000,0.00,0.00,0.00,1,1,0.0000,0.0000,0.1500,0.00,0.8500,0.3500,0.9200,6.00,180.00,0.850000,0.050000,0.000000,1.100000,0.000000,0.000000,1.200000,0.000000,0.000000,1.350000,0.000000,0.000000,0.850000,0.020000,0.000000,0.008000,0.000000,0.000600,0.008000,0.000000,0.000600,0.006000,0.000000,0.000000,1,1,1,791,210,532121,532121,321677,210444,0,60.00,22388,3032,722,0,0,0,22335,500.75,0.00,4,1890,0.0000,0.5000,0.5000,0.0000,0.5000
2026-04-27T18:52:16.202,13.191,1,-1.40,-174.60,14.57,25.25,0,0.0000,0.0000,0.1500,0.0000,0.0000,0.0000,0.00,0.00,63.56,58.89,792,704,0.88889,0.88889,0.89520,0.88889,0,0,0,0.00000,0.00000,1.00000,0.0000,0.0000,0.0000,0.0000,0.0000,0.0000,0.00,0.00,0.00,1,1,0.0000,0.0000,0.1500,0.00,0.8500,0.3500,0.9200,6.00,180.00,0.850000,0.050000,0.000000,1.100000,0.000000,0.000000,1.200000,0.000000,0.000000,1.350000,0.000000,0.000000,0.850000,0.020000,0.000000,0.008000,0.000000,0.000600,0.008000,0.000000,0.000600,0.006000,0.000000,0.000000,1,1,1,792,210,532121,532121,321677,210444,0,60.00,22388,3032,722,0,0,0,22335,500.75,0.00,4,1890,0.0000,0.5000,0.5000,0.0000,0.5000
2026-04-27T18:52:16.217,13.205,1,-1.40,-174.49,0.00,1.01,0,0.0000,0.0000,0.1500,0.0000,0.0000,0.0000,0.00,0.00,52.98,105.87,793,704,0.88777,0.88777,0.89407,0.88777,0,0,0,0.00000,0.00000,1.00000,0.0000,0.0000,0.0000,0.0000,0.0000,0.0000,0.00,0.00,0.00,1,1,0.0000,0.0000,0.1500,0.00,0.8500,0.3500,0.9200,6.00,180.00,0.850000,0.050000,0.000000,1.100000,0.000000,0.000000,1.200000,0.000000,0.000000,1.350000,0.000000,0.000000,0.850000,0.020000,0.000000,0.008000,0.000000,0.000600,0.008000,0.000000,0.000600,0.006000,0.000000,0.000000,1,1,1,793,210,532121,532121,321677,210444,0,60.00,22388,3032,722,0,0,0,22335,500.75,0.00,4,1890,0.0000,0.5000,0.5000,0.0000,0.5000
2026-04-27T18:52:16.234,13.223,1,-1.40,-174.49,0.00,1.01,0,0.0000,0.0000,0.1500,0.0000,0.0000,0.0000,0.00,0.00,68.40,41.58,794,704,0.88665,0.88665,0.89295,0.88665,0,0,0,0.00000,0.00000,1.00000,0.0000,0.0000,0.0000,0.0000,0.0000,0.0000,0.00,0.00,0.00,1,1,0.0000,0.0000,0.1500,0.00,0.8500,0.3500,0.9200,6.00,180.00,0.850000,0.050000,0.000000,1.100000,0.000000,0.000000,1.200000,0.000000,0.000000,1.350000,0.000000,0.000000,0.850000,0.020000,0.000000,0.008000,0.000000,0.000600,0.008000,0.000000,0.000600,0.006000,0.000000,0.000000,1,1,1,794,210,532121,532121,321677,210444,0,60.00,22388,3032,722,0,0,0,22335,500.75,0.00,4,1890,0.0000,0.5000,0.5000,0.0000,0.5000
2026-04-27T18:52:16.250,13.238,1,-1.40,-174.49,0.00,1.01,0,0.0000,0.0000,0.1500,0.0000,0.0000,0.0000,0.00,0.00,60.59,59.80,795,704,0.88553,0.88553,0.89182,0.88553,0,0,0,0.00000,0.00000,1.00000,0.0000,0.0000,0.0000,0.0000,0.0000,0.0000,0.00,0.00,0.00,1,1,0.0000,0.0000,0.1500,0.00,0.8500,0.3500,0.9200,6.00,180.00,0.850000,0.050000,0.000000,1.100000,0.000000,0.000000,1.200000,0.000000,0.000000,1.350000,0.000000,0.000000,0.850000,0.020000,0.000000,0.008000,0.000000,0.000600,0.008000,0.000000,0.000600,0.006000,0.000000,0.000000,1,1,1,795,210,532121,532121,321677,210444,0,60.00,22388,3032,722,0,0,0,22335,500.75,0.00,4,1890,0.0000,0.5000,0.5000,0.0000,0.5000
2026-04-27T18:52:16.267,13.255,1,-1.40,-174.49,0.00,1.01,0,0.0000,0.0000,0.1500,0.0000,0.0000,0.0000,0.00,0.00,59.69,109.74,796,704,0.88442,0.88442,0.89070,0.88442,0,0,0,0.00000,0.00000,1.00000,0.0000,0.0000,0.0000,0.0000,0.0000,0.0000,0.00,0.00,0.00,1,1,0.0000,0.0000,0.1500,0.00,0.8500,0.3500,0.9200,6.00,180.00,0.850000,0.050000,0.000000,1.100000,0.000000,0.000000,1.200000,0.000000,0.000000,1.350000,0.000000,0.000000,0.850000,0.020000,0.000000,0.008000,0.000000,0.000600,0.008000,0.000000,0.000600,0.006000,0.000000,0.000000,1,1,1,796,210,532121,532121,321677,210444,0,60.00,22388,3032,722,0,0,0,22335,500.75,0.00,4,1890,0.0000,0.5000,0.5000,0.0000,0.5000
2026-04-27T18:52:16.283,13.272,1,-1.40,-174.49,0.00,1.01,0,0.0000,0.0000,0.1500,0.0000,0.0000,0.0000,0.00,0.00,59.21,51.48,797,704,0.88331,0.88331,0.88959,0.88331,0,0,0,0.00000,0.00000,1.00000,0.0000,0.0000,0.0000,0.0000,0.0000,0.0000,0.00,0.00,0.00,1,1,0.0000,0.0000,0.1500,0.00,0.8500,0.3500,0.9200,6.00,180.00,0.850000,0.050000,0.000000,1.100000,0.000000,0.000000,1.200000,0.000000,0.000000,1.350000,0.000000,0.000000,0.850000,0.020000,0.000000,0.008000,0.000000,0.000600,0.008000,0.000000,0.000600,0.006000,0.000000,0.000000,1,1,1,797,210,532121,532121,321677,210444,0,60.00,22388,3032,722,0,0,0,22335,500.75,0.00,4,1890,0.0000,0.5000,0.5000,0.0000,0.5000
2026-04-27T18:52:16.300,13.289,1,-1.40,-174.49,0.00,1.01,0,0.0000,0.0000,0.1500,0.0000,0.0000,0.0000,0.00,0.00,59.29,90.44,798,704,0.88221,0.88221,0.88847,0.88221,0,0,0,0.00000,0.00000,1.00000,0.0000,0.0000,0.0000,0.0000,0.0000,0.0000,0.00,0.00,0.00,1,1,0.0000,0.0000,0.1500,0.00,0.8500,0.3500,0.9200,6.00,180.00,0.850000,0.050000,0.000000,1.100000,0.000000,0.000000,1.200000,0.000000,0.000000,1.350000,0.000000,0.000000,0.850000,0.020000,0.000000,0.008000,0.000000,0.000600,0.008000,0.000000,0.000600,0.006000,0.000000,0.000000,1,1,1,798,210,532121,532121,321677,210444,0,60.00,22388,3032,722,0,0,0,22335,500.75,0.00,4,1890,0.0000,0.5000,0.5000,0.0000,0.5000
2026-04-27T18:52:16.317,13.305,1,-1.40,-174.60,0.00,-1.02,0,0.0000,0.0000,0.1500,0.0000,0.0000,0.0000,0.00,0.00,61.18,51.35,799,704,0.88110,0.88110,0.88736,0.88110,0,0,0,0.00000,0.00000,1.00000,0.0000,0.0000,0.0000,0.0000,0.0000,0.0000,0.00,0.00,0.00,1,1,0.0000,0.0000,0.1500,0.00,0.8500,0.3500,0.9200,6.00,180.00,0.850000,0.050000,0.000000,1.100000,0.000000,0.000000,1.200000,0.000000,0.000000,1.350000,0.000000,0.000000,0.850000,0.020000,0.000000,0.008000,0.000000,0.000600,0.008000,0.000000,0.000600,0.006000,0.000000,0.000000,1,1,1,799,210,532121,532121,321677,210444,0,60.00,22388,3032,722,0,0,0,22335,500.75,0.00,4,1890,0.0000,0.5000,0.5000,0.0000,0.5000
2026-04-27T18:52:16.333,13.322,1,-1.40,-174.60,0.00,-1.02,0,0.0000,0.0000,0.1500,0.0000,0.0000,0.0000,0.00,0.00,61.02,42.99,800,704,0.88000,0.88000,0.88625,0.88000,0,0,0,0.00000,0.00000,1.00000,0.0000,0.0000,0.0000,0.0000,0.0000,0.0000,0.00,0.00,0.00,1,1,0.0000,0.0000,0.1500,0.00,0.8500,0.3500,0.9200,6.00,180.00,0.850000,0.050000,0.000000,1.100000,0.000000,0.000000,1.200000,0.000000,0.000000,1.350000,0.000000,0.000000,0.850000,0.020000,0.000000,0.008000,0.000000,0.000600,0.008000,0.000000,0.000600,0.006000,0.000000,0.000000,1,1,1,800,210,532121,532121,321677,210444,0,60.00,22388,3032,722,0,0,0,22335,500.75,0.00,4,1890,0.0000,0.5000,0.5000,0.0000,0.5000
2026-04-27T18:52:16.351,13.340,1,-1.40,-174.60,0.00,-1.02,0,0.0000,0.0000,0.1500,0.0000,0.0000,0.0000,0.00,0.00,58.84,55.84,801,704,0.87890,0.87890,0.88514,0.87890,0,0,0,0.00000,0.00000,1.00000,0.0000,0.0000,0.0000,0.0000,0.0000,0.0000,0.00,0.00,0.00,1,1,0.0000,0.0000,0.1500,0.00,0.8500,0.3500,0.9200,6.00,180.00,0.850000,0.050000,0.000000,1.100000,0.000000,0.000000,1.200000,0.000000,0.000000,1.350000,0.000000,0.000000,0.850000,0.020000,0.000000,0.008000,0.000000,0.000600,0.008000,0.000000,0.000600,0.006000,0.000000,0.000000,1,1,1,801,210,532121,532121,321677,210444,0,60.00,22388,3032,722,0,0,0,22335,500.75,0.00,4,1890,0.0000,0.5000,0.5000,0.0000,0.5000
2026-04-27T18:52:16.366,13.355,1,-1.40,-174.60,0.00,-1.02,0,0.0000,0.0000,0.1500,0.0000,0.0000,0.0000,0.00,0.00,57.02,111.80,802,704,0.87781,0.87781,0.88404,0.87781,0,0,0,0.00000,0.00000,1.00000,0.0000,0.0000,0.0000,0.0000,0.0000,0.0000,0.00,0.00,0.00,1,1,0.0000,0.0000,0.1500,0.00,0.8500,0.3500,0.9200,6.00,180.00,0.850000,0.050000,0.000000,1.100000,0.000000,0.000000,1.200000,0.000000,0.000000,1.350000,0.000000,0.000000,0.850000,0.020000,0.000000,0.008000,0.000000,0.000600,0.008000,0.000000,0.000600,0.006000,0.000000,0.000000,1,1,1,802,210,532121,532121,321677,210444,0,60.00,22388,3032,722,0,0,0,22335,500.75,0.00,4,1890,0.0000,0.5000,0.5000,0.0000,0.5000
2026-04-27T18:52:16.383,13.371,1,-1.40,-174.60,0.00,-1.02,0,0.0000,0.0000,0.1500,0.0000,0.0000,0.0000,0.00,0.00,60.17,42.04,803,704,0.87671,0.87671,0.88294,0.87671,0,0,0,0.00000,0.00000,1.00000,0.0000,0.0000,0.0000,0.0000,0.0000,0.0000,0.00,0.00,0.00,1,1,0.0000,0.0000,0.1500,0.00,0.8500,0.3500,0.9200,6.00,180.00,0.850000,0.050000,0.000000,1.100000,0.000000,0.000000,1.200000,0.000000,0.000000,1.350000,0.000000,0.000000,0.850000,0.020000,0.000000,0.008000,0.000000,0.000600,0.008000,0.000000,0.000600,0.006000,0.000000,0.000000,1,1,1,803,210,532121,532121,321677,210444,0,60.00,22388,3032,722,0,0,0,22335,500.75,0.00,4,1890,0.0000,0.5000,0.5000,0.0000,0.5000
2026-04-27T18:52:16.401,13.390,1,-1.40,-174.60,0.00,-1.02,0,0.0000,0.0000,0.1500,0.0000,0.0000,0.0000,0.00,0.00,64.52,60.71,804,704,0.87562,0.87562,0.88184,0.87562,0,0,0,0.00000,0.00000,1.00000,0.0000,0.0000,0.0000,0.0000,0.0000,0.0000,0.00,0.00,0.00,1,1,0.0000,0.0000,0.1500,0.00,0.8500,0.3500,0.9200,6.00,180.00,0.850000,0.050000,0.000000,1.100000,0.000000,0.000000,1.200000,0.000000,0.000000,1.350000,0.000000,0.000000,0.850000,0.020000,0.000000,0.008000,0.000000,0.000600,0.008000,0.000000,0.000600,0.006000,0.000000,0.000000,1,1,1,804,210,532121,532121,321677,210444,0,60.00,22388,3032,722,0,0,0,22335,500.75,0.00,4,1890,0.0000,0.5000,0.5000,0.0000,0.5000
2026-04-27T18:52:16.419,13.407,1,-1.29,-174.60,1.00,0.00,0,0.0000,0.0000,0.1500,0.0000,0.0000,0.0000,0.00,0.00,57.01,80.59,805,704,0.87453,0.87453,0.88075,0.87453,0,0,0,0.00000,0.00000,1.00000,0.0000,0.0000,0.0000,0.0000,0.0000,0.0000,0.00,0.00,0.00,1,1,0.0000,0.0000,0.1500,0.00,0.8500,0.3500,0.9200,6.00,180.00,0.850000,0.050000,0.000000,1.100000,0.000000,0.000000,1.200000,0.000000,0.000000,1.350000,0.000000,0.000000,0.850000,0.020000,0.000000,0.008000,0.000000,0.000600,0.008000,0.000000,0.000600,0.006000,0.000000,0.000000,1,1,1,805,210,532121,532121,321677,210444,0,60.00,22388,3032,722,0,0,0,22335,500.75,0.00,4,1890,0.0000,0.5000,0.5000,0.0000,0.5000
2026-04-27T18:52:16.433,13.421,1,-1.29,-174.60,1.00,0.00,0,0.0000,0.0000,0.1500,0.0000,0.0000,0.0000,0.00,0.00,54.82,47.26,806,704,0.87345,0.87345,0.87965,0.87345,0,0,0,0.00000,0.00000,1.00000,0.0000,0.0000,0.0000,0.0000,0.0000,0.0000,0.00,0.00,0.00,1,1,0.0000,0.0000,0.1500,0.00,0.8500,0.3500,0.9200,6.00,180.00,0.850000,0.050000,0.000000,1.100000,0.000000,0.000000,1.200000,0.000000,0.000000,1.350000,0.000000,0.000000,0.850000,0.020000,0.000000,0.008000,0.000000,0.000600,0.008000,0.000000,0.000600,0.006000,0.000000,0.000000,1,1,1,806,210,532121,532121,321677,210444,0,60.00,22388,3032,722,0,0,0,22335,500.75,0.00,4,1890,0.0000,0.5000,0.5000,0.0000,0.5000
2026-04-27T18:52:16.450,13.439,1,-1.29,-174.60,1.00,0.00,0,0.0000,0.0000,0.1500,0.0000,0.0000,0.0000,0.00,0.00,70.73,63.87,807,704,0.87237,0.87237,0.87856,0.87237,0,0,0,0.00000,0.00000,1.00000,0.0000,0.0000,0.0000,0.0000,0.0000,0.0000,0.00,0.00,0.00,1,1,0.0000,0.0000,0.1500,0.00,0.8500,0.3500,0.9200,6.00,180.00,0.850000,0.050000,0.000000,1.100000,0.000000,0.000000,1.200000,0.000000,0.000000,1.350000,0.000000,0.000000,0.850000,0.020000,0.000000,0.008000,0.000000,0.000600,0.008000,0.000000,0.000600,0.006000,0.000000,0.000000,1,1,1,807,210,532121,532121,321677,210444,0,60.00,22388,3032,722,0,0,0,22335,500.75,0.00,4,1890,0.0000,0.5000,0.5000,0.0000,0.5000
2026-04-27T18:52:16.467,13.456,1,-1.29,-174.60,1.00,0.00,0,0.0000,0.0000,0.1500,0.0000,0.0000,0.0000,0.00,0.00,58.46,57.54,808,704,0.87129,0.87129,0.87748,0.87129,0,0,0,0.00000,0.00000,1.00000,0.0000,0.0000,0.0000,0.0000,0.0000,0.0000,0.00,0.00,0.00,1,1,0.0000,0.0000,0.1500,0.00,0.8500,0.3500,0.9200,6.00,180.00,0.850000,0.050000,0.000000,1.100000,0.000000,0.000000,1.200000,0.000000,0.000000,1.350000,0.000000,0.000000,0.850000,0.020000,0.000000,0.008000,0.000000,0.000600,0.008000,0.000000,0.000600,0.006000,0.000000,0.000000,1,1,1,808,210,532121,532121,321677,210444,0,60.00,22388,3032,722,0,0,0,22335,500.75,0.00,4,1890,0.0000,0.5000,0.5000,0.0000,0.5000
2026-04-27T18:52:16.483,13.472,1,-1.29,-174.60,1.00,0.00,0,0.0000,0.0000,0.1500,0.0000,0.0000,0.0000,0.00,0.00,63.66,59.69,809,704,0.87021,0.87021,0.87639,0.87021,0,0,0,0.00000,0.00000,1.00000,0.0000,0.0000,0.0000,0.0000,0.0000,0.0000,0.00,0.00,0.00,1,1,0.0000,0.0000,0.1500,0.00,0.8500,0.3500,0.9200,6.00,180.00,0.850000,0.050000,0.000000,1.100000,0.000000,0.000000,1.200000,0.000000,0.000000,1.350000,0.000000,0.000000,0.850000,0.020000,0.000000,0.008000,0.000000,0.000600,0.008000,0.000000,0.000600,0.006000,0.000000,0.000000,1,1,1,809,210,532121,532121,321677,210444,0,60.00,22388,3032,722,0,0,0,22335,500.75,0.00,4,1890,0.0000,0.5000,0.5000,0.0000,0.5000
2026-04-27T18:52:16.499,13.488,1,-1.29,-174.60,1.00,0.00,0,0.0000,0.0000,0.1500,0.0000,0.0000,0.0000,0.00,0.00,58.11,60.13,810,704,0.86914,0.86914,0.87531,0.86914,0,0,0,0.00000,0.00000,1.00000,0.0000,0.0000,0.0000,0.0000,0.0000,0.0000,0.00,0.00,0.00,1,1,0.0000,0.0000,0.1500,0.00,0.8500,0.3500,0.9200,6.00,180.00,0.850000,0.050000,0.000000,1.100000,0.000000,0.000000,1.200000,0.000000,0.000000,1.350000,0.000000,0.000000,0.850000,0.020000,0.000000,0.008000,0.000000,0.000600,0.008000,0.000000,0.000600,0.006000,0.000000,0.000000,1,1,1,810,210,532121,532121,321677,210444,0,60.00,22388,3032,722,0,0,0,22335,500.75,0.00,4,1890,0.0000,0.5000,0.5000,0.0000,0.5000
2026-04-27T18:52:16.517,13.506,1,-1.29,-174.60,1.00,0.00,0,0.0000,0.0000,0.1500,0.0000,0.0000,0.0000,0.00,0.00,60.67,60.28,811,704,0.86806,0.86806,0.87423,0.86806,0,0,0,0.00000,0.00000,1.00000,0.0000,0.0000,0.0000,0.0000,0.0000,0.0000,0.00,0.00,0.00,1,1,0.0000,0.0000,0.1500,0.00,0.8500,0.3500,0.9200,6.00,180.00,0.850000,0.050000,0.000000,1.100000,0.000000,0.000000,1.200000,0.000000,0.000000,1.350000,0.000000,0.000000,0.850000,0.020000,0.000000,0.008000,0.000000,0.000600,0.008000,0.000000,0.000600,0.006000,0.000000,0.000000,1,1,1,811,210,532121,532121,321677,210444,0,60.00,22388,3032,722,0,0,0,22335,500.75,0.00,4,1890,0.0000,0.5000,0.5000,0.0000,0.5000
2026-04-27T18:52:16.533,13.522,1,-1.29,-174.60,1.00,0.00,0,0.0000,0.0000,0.1500,0.0000,0.0000,0.0000,0.00,0.00,61.21,59.60,812,704,0.86700,0.86700,0.87315,0.86700,0,0,0,0.00000,0.00000,1.00000,0.0000,0.0000,0.0000,0.0000,0.0000,0.0000,0.00,0.00,0.00,1,1,0.0000,0.0000,0.1500,0.00,0.8500,0.3500,0.9200,6.00,180.00,0.850000,0.050000,0.000000,1.100000,0.000000,0.000000,1.200000,0.000000,0.000000,1.350000,0.000000,0.000000,0.850000,0.020000,0.000000,0.008000,0.000000,0.000600,0.008000,0.000000,0.000600,0.006000,0.000000,0.000000,1,1,1,812,210,532121,532121,321677,210444,0,60.00,22388,3032,722,0,0,0,22335,500.75,0.00,4,1890,0.0000,0.5000,0.5000,0.0000,0.5000
2026-04-27T18:52:16.550,13.539,1,-1.29,-174.60,1.00,0.00,0,0.0000,0.0000,0.1500,0.0000,0.0000,0.0000,0.00,0.00,58.09,60.44,813,704,0.86593,0.86593,0.87208,0.86593,0,0,0,0.00000,0.00000,1.00000,0.0000,0.0000,0.0000,0.0000,0.0000,0.0000,0.00,0.00,0.00,1,1,0.0000,0.0000,0.1500,0.00,0.8500,0.3500,0.9200,6.00,180.00,0.850000,0.050000,0.000000,1.100000,0.000000,0.000000,1.200000,0.000000,0.000000,1.350000,0.000000,0.000000,0.850000,0.020000,0.000000,0.008000,0.000000,0.000600,0.008000,0.000000,0.000600,0.006000,0.000000,0.000000,1,1,1,813,210,532121,532121,321677,210444,0,60.00,22388,3032,812,0,0,0,22425,500.00,0.00,7,771,0.0000,0.5000,0.5000,0.0000,0.5000
2026-04-27T18:52:16.566,13.555,1,-1.29,-174.60,1.00,0.00,0,0.0000,0.0000,0.1500,0.0000,0.0000,0.0000,0.00,0.00,59.91,61.18,814,704,0.86486,0.86486,0.87101,0.86486,0,0,0,0.00000,0.00000,1.00000,0.0000,0.0000,0.0000,0.0000,0.0000,0.0000,0.00,0.00,0.00,1,1,0.0000,0.0000,0.1500,0.00,0.8500,0.3500,0.9200,6.00,180.00,0.850000,0.050000,0.000000,1.100000,0.000000,0.000000,1.200000,0.000000,0.000000,1.350000,0.000000,0.000000,0.850000,0.020000,0.000000,0.008000,0.000000,0.000600,0.008000,0.000000,0.000600,0.006000,0.000000,0.000000,1,1,1,814,210,532121,532121,321677,210444,0,60.00,22388,3032,812,0,0,0,22425,500.00,0.00,7,771,0.0000,0.5000,0.5000,0.0000,0.5000
2026-04-27T18:52:16.583,13.572,1,-1.29,-174.60,1.00,0.00,0,0.0000,0.0000,0.1500,0.0000,0.0000,0.0000,0.00,0.00,60.05,58.98,815,704,0.86380,0.86380,0.86994,0.86380,0,0,0,0.00000,0.00000,1.00000,0.0000,0.0000,0.0000,0.0000,0.0000,0.0000,0.00,0.00,0.00,1,1,0.0000,0.0000,0.1500,0.00,0.8500,0.3500,0.9200,6.00,180.00,0.850000,0.050000,0.000000,1.100000,0.000000,0.000000,1.200000,0.000000,0.000000,1.350000,0.000000,0.000000,0.850000,0.020000,0.000000,0.008000,0.000000,0.000600,0.008000,0.000000,0.000600,0.006000,0.000000,0.000000,1,1,1,815,210,532121,532121,321677,210444,0,60.00,22388,3032,812,0,0,0,22425,500.00,0.00,7,771,0.0000,0.5000,0.5000,0.0000,0.5000
2026-04-27T18:52:16.599,13.588,1,-1.29,-174.60,1.00,0.00,0,0.0000,0.0000,0.1500,0.0000,0.0000,0.0000,0.00,0.00,60.04,59.98,816,704,0.86275,0.86275,0.86887,0.86275,0,0,0,0.00000,0.00000,1.00000,0.0000,0.0000,0.0000,0.0000,0.0000,0.0000,0.00,0.00,0.00,1,1,0.0000,0.0000,0.1500,0.00,0.8500,0.3500,0.9200,6.00,180.00,0.850000,0.050000,0.000000,1.100000,0.000000,0.000000,1.200000,0.000000,0.000000,1.350000,0.000000,0.000000,0.850000,0.020000,0.000000,0.008000,0.000000,0.000600,0.008000,0.000000,0.000600,0.006000,0.000000,0.000000,1,1,1,816,210,532121,532121,321677,210444,0,60.00,22388,3032,812,0,0,0,22425,500.00,0.00,7,771,0.0000,0.5000,0.5000,0.0000,0.5000
