iso_time,elapsed_s,imu_ready,imu_pitch_deg,imu_roll_deg,imu_pitch_rate_deg_s,imu_roll_rate_deg_s,mocap_valid,mocap_x_error_m,mocap_y_error_m,mocap_z_error_m,mocap_vx_m_s,mocap_vy_m_s,mocap_vz_m_s,mocap_yaw_error_deg,mocap_yaw_rate_deg_s,battery_ready,battery_voltage_v,battery_cell_voltage_v,battery_current_a,battery_capacity_mah,battery_remaining_percent,battery_hover_comp_enabled,battery_hover_filtered_voltage_v,battery_hover_adjusted_throttle,battery_hover_correction,backend_loop_hz,tracking_loop_hz,frames_processed,valid_pose_frames,pose_success_rate,full_marker_detection_rate,cam1_full_detection_rate,cam2_full_detection_rate,cam3_full_detection_rate,cam1_leds,cam2_leds,cam3_leds,spatial_data_valid,mapping_error_px,model_fit_error_m,scale_factor,position_x_m,position_y_m,position_z_m,velocity_x_m_s,velocity_y_m_s,velocity_z_m_s,yaw_deg,pitch_deg,roll_deg,control_active,control_armed,target_x_m,target_y_m,target_z_m,target_yaw_deg,limit_hover_throttle,limit_min_throttle,limit_max_throttle,limit_max_tilt_deg,limit_max_yaw_rate_deg,pid_xyPos_kp,pid_xyPos_ki,pid_xyPos_kd,pid_zPos_kp,pid_zPos_ki,pid_zPos_kd,pid_yawPos_kp,pid_yawPos_ki,pid_yawPos_kd,pid_xyVel_kp,pid_xyVel_ki,pid_xyVel_kd,pid_zVel_kp,pid_zVel_ki,pid_zVel_kd,pid_roll_kp,pid_roll_ki,pid_roll_kd,pid_pitch_kp,pid_pitch_ki,pid_pitch_kd,pid_yawRate_kp,pid_yawRate_ki,pid_yawRate_kd,serial_connected,serial_send_enabled,serial_send_ok,serial_payload_seq,serial_payload_size_bytes,bridge_serial_frames_rx,bridge_espnow_tx_attempts,bridge_espnow_tx_ok,bridge_espnow_tx_fail,bridge_oversize_drops,bridge_tx_rate_hz,bridge_last_tx_seq,bridge_last_tx_latency_us,controller_rx_packets,controller_rx_missing_packets,controller_rx_duplicate_packets,controller_rx_out_of_order_packets,controller_last_rx_seq,controller_loop_hz,controller_control_hz,controller_command_age_ms,controller_apply_latency_us,controller_motor_imbalance,motor_1_output,motor_2_output,motor_3_output,motor_4_output
2026-04-28T17:36:46.602,0.016,1,0.40,1.29,0.00,0.00,1,0.0178,-0.0121,0.2600,0.0000,0.0000,0.0000,-84.36,-1.20,1,4.000,4.000,0.900,138,70,0,0.000,0.7600,0.0000,52.28,60.14,1,1,1.00000,1.00000,1.00000,1.00000,0.00000,3,3,0,1,23.51471,0.02799,1.89297,-0.0178,0.0121,0.0900,0.0000,0.0000,0.0000,-5.64,9.79,125.61,1,1,0.0000,0.0000,0.3500,-90.00,0.7600,0.4200,1.0000,8.00,180.00,10.000000,0.250000,0.000000,1.200000,0.000000,0.000000,1.200000,0.000000,0.000000,0.900000,0.000000,0.000000,0.850000,0.040000,0.000000,0.008000,0.000000,0.000600,0.008000,0.000000,0.000600,0.006000,0.000000,0.000000,1,1,1,1,231,0,0,0,0,0,0.00,0,0,0,0,0,0,0,0.00,0.00,0,0,0.0000,0.0000,0.0000,0.0000,0.0000
2026-04-28T17:36:46.619,0.032,1,0.40,1.29,0.00,0.00,1,0.0177,-0.0121,0.2599,0.0000,0.0000,0.0000,-84.38,1.19,1,4.000,4.000,0.900,139,70,0,0.000,0.7600,0.0000,67.92,80.57,2,2,1.00000,1.00000,1.00000,1.00000,0.00000,3,3,0,1,23.45273,0.02827,1.89696,-0.0177,0.0121,0.0901,0.0000,0.0000,0.0000,-5.62,9.81,125.61,1,1,0.0000,0.0000,0.3500,-90.00,0.7600,0.4200,1.0000,8.00,180.00,10.000000,0.250000,0.000000,1.200000,0.000000,0.000000,1.200000,0.000000,0.000000,0.900000,0.000000,0.000000,0.850000,0.040000,0.000000,0.008000,0.000000,0.000600,0.008000,0.000000,0.000600,0.006000,0.000000,0.000000,1,1,1,2,231,0,0,0,0,0,0.00,0,0,0,0,0,0,0,0.00,0.00,0,0,0.0000,0.0000,0.0000,0.0000,0.0000
2026-04-28T17:36:46.634,0.048,1,0.40,1.29,0.00,0.00,1,0.0177,-0.0123,0.2599,0.0000,0.0000,0.0000,-84.36,-1.31,1,4.000,4.000,0.900,139,70,0,0.000,0.7600,0.0000,56.74,48.89,3,3,1.00000,1.00000,1.00000,1.00000,0.00000,3,3,0,1,23.45534,0.02840,1.89781,-0.0177,0.0123,0.0901,0.0000,0.0000,0.0000,-5.64,9.86,125.61,1,1,0.0000,0.0000,0.3500,-90.00,0.7600,0.4200,1.0000,8.00,180.00,10.000000,0.250000,0.000000,1.200000,0.000000,0.000000,1.200000,0.000000,0.000000,0.900000,0.000000,0.000000,0.850000,0.040000,0.000000,0.008000,0.000000,0.000600,0.008000,0.000000,0.000600,0.006000,0.000000,0.000000,1,1,1,3,231,0,0,0,0,0,0.00,0,0,0,0,0,0,0,0.00,0.00,0,0,0.0000,0.0000,0.0000,0.0000,0.0000
2026-04-28T17:36:46.650,0.064,1,0.40,1.29,0.00,0.00,1,0.0178,-0.0121,0.2598,0.0000,0.0000,0.0000,-84.32,-2.75,1,4.000,4.000,0.900,139,70,0,0.000,0.7600,0.0000,76.25,67.18,4,4,1.00000,1.00000,1.00000,1.00000,0.00000,3,3,0,1,23.48947,0.02816,1.89727,-0.0178,0.0121,0.0902,0.0000,0.0000,0.0000,-5.68,9.80,125.61,1,1,0.0000,0.0000,0.3500,-90.00,0.7600,0.4200,1.0000,8.00,180.00,10.000000,0.250000,0.000000,1.200000,0.000000,0.000000,1.200000,0.000000,0.000000,0.900000,0.000000,0.000000,0.850000,0.040000,0.000000,0.008000,0.000000,0.000600,0.008000,0.000000,0.000600,0.006000,0.000000,0.000000,1,1,1,4,230,0,0,0,0,0,0.00,0,0,0,0,0,0,0,0.00,0.00,0,0,0.0000,0.0000,0.0000,0.0000,0.0000
2026-04-28T17:36:46.669,0.082,1,0.40,1.29,0.00,0.00,1,0.0180,-0.0122,0.2598,0.0000,0.0000,0.0000,-84.41,4.47,1,4.000,4.000,0.900,139,70,0,0.000,0.7600,0.0000,59.70,53.60,5,5,1.00000,1.00000,1.00000,1.00000,0.00000,3,3,0,1,23.46708,0.02831,1.89885,-0.0180,0.0122,0.0902,0.0000,0.0000,0.0000,-5.59,9.73,125.61,1,1,0.0000,0.0000,0.3500,-90.00,0.7600,0.4200,1.0000,8.00,180.00,10.000000,0.250000,0.000000,1.200000,0.000000,0.000000,1.200000,0.000000,0.000000,0.900000,0.000000,0.000000,0.850000,0.040000,0.000000,0.008000,0.000000,0.000600,0.008000,0.000000,0.000600,0.006000,0.000000,0.000000,1,1,1,5,231,0,0,0,0,0,0.00,0,0,0,0,0,0,0,0.00,0.00,0,0,0.0000,0.0000,0.0000,0.0000,0.0000
2026-04-28T17:36:46.686,0.099,1,0.40,1.29,0.00,0.00,1,0.0180,-0.0122,0.2599,0.0000,0.0000,0.0000,-84.47,3.56,1,4.000,4.000,0.900,139,70,0,0.000,0.7600,0.0000,53.51,61.93,6,6,1.00000,1.00000,1.00000,1.00000,0.00000,3,3,0,1,23.50809,0.02843,1.89706,-0.0180,0.0122,0.0901,0.0000,0.0000,0.0000,-5.53,9.73,125.62,1,1,0.0000,0.0000,0.3500,-90.00,0.7600,0.4200,1.0000,8.00,180.00,10.000000,0.250000,0.000000,1.200000,0.000000,0.000000,1.200000,0.000000,0.000000,0.900000,0.000000,0.000000,0.850000,0.040000,0.000000,0.008000,0.000000,0.000600,0.008000,0.000000,0.000600,0.006000,0.000000,0.000000,1,1,1,6,231,0,0,0,0,0,0.00,0,0,0,0,0,0,0,0.00,0.00,0,0,0.0000,0.0000,0.0000,0.0000,0.0000
2026-04-28T17:36:46.700,0.114,1,0.40,1.29,0.00,0.00,1,0.0177,-0.0122,0.2599,0.0000,0.0000,0.0000,-84.32,-10.34,1,4.000,4.000,0.900,139,70,0,0.000,0.7600,0.0000,55.92,59.11,7,7,1.00000,1.00000,1.00000,1.00000,0.00000,3,3,0,1,23.48780,0.02822,1.89384,-0.0177,0.0122,0.0901,0.0000,0.0000,0.0000,-5.68,9.81,125.59,1,1,0.0000,0.0000,0.3500,-90.00,0.7600,0.4200,1.0000,8.00,180.00,10.000000,0.250000,0.000000,1.200000,0.000000,0.000000,1.200000,0.000000,0.000000,0.900000,0.000000,0.000000,0.850000,0.040000,0.000000,0.008000,0.000000,0.000600,0.008000,0.000000,0.000600,0.006000,0.000000,0.000000,1,1,1,7,231,0,0,0,0,0,0.00,0,0,0,0,0,0,0,0.00,0.00,0,0,0.0000,0.0000,0.0000,0.0000,0.0000
2026-04-28T17:36:46.715,0.129,1,0.40,1.29,0.00,0.00,1,0.0179,-0.0122,0.2600,0.0000,0.0000,0.0000,-84.40,5.23,1,4.000,4.000,0.900,139,70,0,0.000,0.7600,0.0000,69.20,61.46,8,8,1.00000,1.00000,1.00000,1.00000,0.00000,3,3,0,1,23.43697,0.02826,1.89641,-0.0179,0.0122,0.0900,0.0000,0.0000,0.0000,-5.60,9.76,125.62,1,1,0.0000,0.0000,0.3500,-90.00,0.7600,0.4200,1.0000,8.00,180.00,10.000000,0.250000,0.000000,1.200000,0.000000,0.000000,1.200000,0.000000,0.000000,0.900000,0.000000,0.000000,0.850000,0.040000,0.000000,0.008000,0.000000,0.000600,0.008000,0.000000,0.000600,0.006000,0.000000,0.000000,1,1,1,8,230,0,0,0,0,0,0.00,0,0,0,0,0,0,0,0.00,0.00,0,0,0.0000,0.0000,0.0000,0.0000,0.0000
2026-04-28T17:36:46.731,0.145,1,0.40,1.29,0.00,0.00,1,0.0179,-0.0121,0.2598,0.0000,0.0000,0.0000,-84.35,-2.99,1,4.000,4.000,0.900,139,70,0,0.000,0.7600,0.0000,69.89,57.50,9,9,1.00000,1.00000,1.00000,1.00000,0.00000,3,3,0,1,23.49019,0.02822,1.89511,-0.0179,0.0121,0.0902,0.0000,0.0000,0.0000,-5.65,9.83,125.58,1,1,0.0000,0.0000,0.3500,-90.00,0.7600,0.4200,1.0000,8.00,180.00,10.000000,0.250000,0.000000,1.200000,0.000000,0.000000,1.200000,0.000000,0.000000,0.900000,0.000000,0.000000,0.850000,0.040000,0.000000,0.008000,0.000000,0.000600,0.008000,0.000000,0.000600,0.006000,0.000000,0.000000,1,1,1,9,231,0,0,0,0,0,0.00,0,0,0,0,0,0,0,0.00,0.00,0,0,0.0000,0.0000,0.0000,0.0000,0.0000
2026-04-28T17:36:46.749,0.162,1,0.40,1.29,0.00,0.00,1,0.0180,-0.0122,0.2599,0.0000,0.0000,0.0000,-84.45,5.99,1,4.000,4.000,0.900,139,70,0,0.000,0.7600,0.0000,68.03,61.16,10,10,1.00000,1.00000,1.00000,1.00000,0.00000,3,3,0,1,23.47091,0.02820,1.89561,-0.0180,0.0122,0.0901,0.0000,0.0000,0.0000,-5.55,9.74,125.58,1,1,0.0000,0.0000,0.3500,-90.00,0.7600,0.4200,1.0000,8.00,180.00,10.000000,0.250000,0.000000,1.200000,0.000000,0.000000,1.200000,0.000000,0.000000,0.900000,0.000000,0.000000,0.850000,0.040000,0.000000,0.008000,0.000000,0.000600,0.008000,0.000000,0.000600,0.006000,0.000000,0.000000,1,1,1,10,231,0,0,0,0,0,0.00,0,0,0,0,0,0,0,0.00,0.00,0,0,0.0000,0.0000,0.0000,0.0000,0.0000
2026-04-28T17:36:46.765,0.179,1,0.40,1.40,0.00,1.02,1,0.0179,-0.0121,0.2599,0.0000,0.0000,0.0000,-84.48,1.83,1,4.000,4.000,0.900,139,70,0,0.000,0.7600,0.0000,53.50,61.30,11,11,1.00000,1.00000,1.00000,1.00000,0.00000,3,3,0,1,23.41352,0.02816,1.89100,-0.0179,0.0121,0.0901,0.0000,0.0000,0.0000,-5.52,9.78,125.59,1,1,0.0000,0.0000,0.3500,-90.00,0.7600,0.4200,1.0000,8.00,180.00,10.000000,0.250000,0.000000,1.200000,0.000000,0.000000,1.200000,0.000000,0.000000,0.900000,0.000000,0.000000,0.850000,0.040000,0.000000,0.008000,0.000000,0.000600,0.008000,0.000000,0.000600,0.006000,0.000000,0.000000,1,1,1,11,231,0,0,0,0,0,0.00,0,0,0,0,0,0,0,0.00,0.00,0,0,0.0000,0.0000,0.0000,0.0000,0.0000
2026-04-28T17:36:46.783,0.197,1,0.40,1.40,0.00,1.02,1,0.0179,-0.0121,0.2600,0.0000,0.0000,0.0000,-84.46,-1.11,1,4.000,4.000,0.900,139,70,0,0.000,0.7600,0.0000,60.84,56.34,12,12,1.00000,1.00000,1.00000,1.00000,0.00000,3,3,0,1,23.44783,0.02813,1.89142,-0.0179,0.0121,0.0900,0.0000,0.0000,0.0000,-5.54,9.74,125.58,1,1,0.0000,0.0000,0.3500,-90.00,0.7600,0.4200,1.0000,8.00,180.00,10.000000,0.250000,0.000000,1.200000,0.000000,0.000000,1.200000,0.000000,0.000000,0.900000,0.000000,0.000000,0.850000,0.040000,0.000000,0.008000,0.000000,0.000600,0.008000,0.000000,0.000600,0.006000,0.000000,0.000000,1,1,1,12,231,0,0,0,0,0,0.00,0,0,0,0,0,0,0,0.00,0.00,0,0,0.0000,0.0000,0.0000,0.0000,0.0000
2026-04-28T17:36:46.800,0.214,1,0.40,1.40,0.00,1.02,1,0.0179,-0.0121,0.2599,0.0000,0.0000,0.0000,-84.44,-1.12,1,4.000,4.000,0.900,139,70,0,0.000,0.7600,0.0000,55.70,63.81,13,13,1.00000,1.00000,1.00000,1.00000,0.00000,3,3,0,1,23.48733,0.02813,1.89637,-0.0179,0.0121,0.0901,0.0000,0.0000,0.0000,-5.56,9.72,125.59,1,1,0.0000,0.0000,0.3500,-90.00,0.7600,0.4200,1.0000,8.00,180.00,10.000000,0.250000,0.000000,1.200000,0.000000,0.000000,1.200000,0.000000,0.000000,0.900000,0.000000,0.000000,0.850000,0.040000,0.000000,0.008000,0.000000,0.000600,0.008000,0.000000,0.000600,0.006000,0.000000,0.000000,1,1,1,13,231,0,0,0,0,0,0.00,0,0,0,0,0,0,0,0.00,0.00,0,0,0.0000,0.0000,0.0000,0.0000,0.0000
2026-04-28T17:36:46.816,0.229,1,0.40,1.40,0.00,1.02,1,0.0179,-0.0122,0.2599,0.0000,0.0000,0.0000,-84.41,-2.04,1,4.000,4.000,0.900,139,70,0,0.000,0.7600,0.0000,59.51,60.48,14,14,1.00000,1.00000,1.00000,1.00000,0.00000,3,3,0,1,23.39723,0.02844,1.89866,-0.0179,0.0122,0.0901,0.0000,0.0000,0.0000,-5.59,9.78,125.61,1,1,0.0000,0.0000,0.3500,-90.00,0.7600,0.4200,1.0000,8.00,180.00,10.000000,0.250000,0.000000,1.200000,0.000000,0.000000,1.200000,0.000000,0.000000,0.900000,0.000000,0.000000,0.850000,0.040000,0.000000,0.008000,0.000000,0.000600,0.008000,0.000000,0.000600,0.006000,0.000000,0.000000,1,1,1,14,231,0,0,0,0,0,0.00,0,0,0,0,0,0,0,0.00,0.00,0,0,0.0000,0.0000,0.0000,0.0000,0.0000
2026-04-28T17:36:46.832,0.245,1,0.40,1.40,0.00,1.02,1,0.0179,-0.0121,0.2598,0.0000,0.0000,0.0000,-84.41,0.00,1,4.000,4.000,0.900,139,70,0,0.000,0.7600,0.0000,63.81,57.67,15,15,1.00000,1.00000,1.00000,1.00000,0.00000,3,3,0,1,23.44901,0.02830,1.89599,-0.0179,0.0121,0.0902,0.0000,0.0000,0.0000,-5.59,9.75,125.60,1,1,0.0000,0.0000,0.3500,-90.00,0.7600,0.4200,1.0000,8.00,180.00,10.000000,0.250000,0.000000,1.200000,0.000000,0.000000,1.200000,0.000000,0.000000,0.900000,0.000000,0.000000,0.850000,0.040000,0.000000,0.008000,0.000000,0.000600,0.008000,0.000000,0.000600,0.006000,0.000000,0.000000,1,1,1,15,230,0,0,0,0,0,0.00,0,0,0,0,0,0,0,0.00,0.00,0,0,0.0000,0.0000,0.0000,0.0000,0.0000
2026-04-28T17:36:46.848,0.261,1,0.40,1.40,0.00,1.02,1,0.0179,-0.0122,0.2598,0.0000,0.0000,0.0000,-84.36,-3.16,1,4.000,4.000,0.900,139,70,0,0.000,0.7600,0.0000,58.57,60.23,16,16,1.00000,1.00000,1.00000,1.00000,0.00000,3,3,0,1,23.44878,0.02824,1.89838,-0.0179,0.0122,0.0902,0.0000,0.0000,0.0000,-5.64,9.78,125.61,1,1,0.0000,0.0000,0.3500,-90.00,0.7600,0.4200,1.0000,8.00,180.00,10.000000,0.250000,0.000000,1.200000,0.000000,0.000000,1.200000,0.000000,0.000000,0.900000,0.000000,0.000000,0.850000,0.040000,0.000000,0.008000,0.000000,0.000600,0.008000,0.000000,0.000600,0.006000,0.000000,0.000000,1,1,1,16,231,0,0,0,0,0,0.00,0,0,0,0,0,0,0,0.00,0.00,0,0,0.0000,0.0000,0.0000,0.0000,0.0000
2026-04-28T17:36:46.867,0.281,1,0.40,1.40,0.00,0.00,1,0.0178,-0.0122,0.2600,0.0000,0.0000,0.0000,-84.38,1.14,1,4.000,4.000,0.900,139,70,0,0.000,0.7600,0.0000,72.25,59.77,17,17,1.00000,1.00000,1.00000,1.00000,0.00000,3,3,0,1,23.44693,0.02838,1.89704,-0.0178,0.0122,0.0900,0.0000,0.0000,0.0000,-5.62,9.81,125.61,1,1,0.0000,0.0000,0.3500,-90.00,0.7600,0.4200,1.0000,8.00,180.00,10.000000,0.250000,0.000000,1.200000,0.000000,0.000000,1.200000,0.000000,0.000000,0.900000,0.000000,0.000000,0.850000,0.040000,0.000000,0.008000,0.000000,0.000600,0.008000,0.000000,0.000600,0.006000,0.000000,0.000000,1,1,1,17,231,0,0,0,0,0,0.00,0,0,0,0,0,0,0,0.00,0.00,0,0,0.0000,0.0000,0.0000,0.0000,0.0000
2026-04-28T17:36:46.882,0.296,1,0.40,1.40,0.00,0.00,1,0.0179,-0.0124,0.2599,0.0000,0.0000,0.0000,-84.34,-2.51,1,4.000,4.000,0.900,139,70,0,0.000,0.7600,0.0000,49.84,62.34,18,18,1.00000,1.00000,1.00000,1.00000,0.00000,3,3,0,1,23.47448,0.02840,1.90180,-0.0179,0.0124,0.0901,0.0000,0.0000,0.0000,-5.66,9.73,125.62,1,1,0.0000,0.0000,0.3500,-90.00,0.7600,0.4200,1.0000,8.00,180.00,10.000000,0.250000,0.000000,1.200000,0.000000,0.000000,1.200000,0.000000,0.000000,0.900000,0.000000,0.000000,0.850000,0.040000,0.000000,0.008000,0.000000,0.000600,0.008000,0.000000,0.000600,0.006000,0.000000,0.000000,1,1,1,18,231,0,0,0,0,0,0.00,0,0,0,0,0,0,0,0.00,0.00,0,0,0.0000,0.0000,0.0000,0.0000,0.0000
2026-04-28T17:36:46.897,0.311,1,0.40,1.40,0.00,0.00,1,0.0179,-0.0122,0.2599,0.0000,0.0000,0.0000,-84.36,1.23,1,4.000,4.000,0.900,139,70,0,0.000,0.7600,0.0000,64.80,58.00,19,19,1.00000,1.00000,1.00000,1.00000,0.00000,3,3,0,1,23.44123,0.02829,1.89495,-0.0179,0.0122,0.0901,0.0000,0.0000,0.0000,-5.64,9.75,125.62,1,1,0.0000,0.0000,0.3500,-90.00,0.7600,0.4200,1.0000,8.00,180.00,10.000000,0.250000,0.000000,1.200000,0.000000,0.000000,1.200000,0.000000,0.000000,0.900000,0.000000,0.000000,0.850000,0.040000,0.000000,0.008000,0.000000,0.000600,0.008000,0.000000,0.000600,0.006000,0.000000,0.000000,1,1,1,19,231,0,0,0,0,0,0.00,0,0,0,0,0,0,0,0.00,0.00,0,0,0.0000,0.0000,0.0000,0.0000,0.0000
2026-04-28T17:36:46.915,0.329,1,0.40,1.40,0.00,0.00,1,0.0180,-0.0122,0.2598,0.0000,0.0000,0.0000,-84.42,3.52,1,4.000,4.000,0.900,139,70,0,0.000,0.7600,0.0000,70.01,59.95,20,20,1.00000,1.00000,1.00000,1.00000,0.00000,3,3,0,1,23.42563,0.02828,1.89597,-0.0180,0.0122,0.0902,0.0000,0.0000,0.0000,-5.58,9.72,125.61,1,1,0.0000,0.0000,0.3500,-90.00,0.7600,0.4200,1.0000,8.00,180.00,10.000000,0.250000,0.000000,1.200000,0.000000,0.000000,1.200000,0.000000,0.000000,0.900000,0.000000,0.000000,0.850000,0.040000,0.000000,0.008000,0.000000,0.000600,0.008000,0.000000,0.000600,0.006000,0.000000,0.000000,1,1,1,20,231,0,0,0,0,0,0.00,0,0,0,0,0,0,0,0.00,0.00,0,0,0.0000,0.0000,0.0000,0.0000,0.0000
2026-04-28T17:36:46.929,0.343,1,0.40,1.40,0.00,0.00,1,0.0177,-0.0122,0.2600,0.0000,0.0000,0.0000,-84.32,-6.87,1,4.000,4.000,0.900,139,70,0,0.000,0.7600,0.0000,52.34,62.02,21,21,1.00000,1.00000,1.00000,1.00000,0.00000,3,3,0,1,23.44671,0.02824,1.89545,-0.0177,0.0122,0.0900,0.0000,0.0000,0.0000,-5.68,9.83,125.59,1,1,0.0000,0.0000,0.3500,-90.00,0.7600,0.4200,1.0000,8.00,180.00,10.000000,0.250000,0.000000,1.200000,0.000000,0.000000,1.200000,0.000000,0.000000,0.900000,0.000000,0.000000,0.850000,0.040000,0.000000,0.008000,0.000000,0.000600,0.008000,0.000000,0.000600,0.006000,0.000000,0.000000,1,1,1,21,231,0,0,0,0,0,0.00,0,0,0,0,0,0,0,0.00,0.00,0,0,0.0000,0.0000,0.0000,0.0000,0.0000
2026-04-28T17:36:46.949,0.362,1,0.40,1.40,0.00,0.00,1,0.0178,-0.0123,0.2600,0.0000,0.0000,0.0000,-84.39,3.73,1,4.000,4.000,0.900,139,70,0,0.000,0.7600,0.0000,80.12,58.17,22,22,1.00000,1.00000,1.00000,1.00000,0.00000,3,3,0,1,23.43186,0.02826,1.89662,-0.0178,0.0123,0.0900,0.0000,0.0000,0.0000,-5.61,9.79,125.61,1,1,0.0000,0.0000,0.3500,-90.00,0.7600,0.4200,1.0000,8.00,180.00,10.000000,0.250000,0.000000,1.200000,0.000000,0.000000,1.200000,0.000000,0.000000,0.900000,0.000000,0.000000,0.850000,0.040000,0.000000,0.008000,0.000000,0.000600,0.008000,0.000000,0.000600,0.006000,0.000000,0.000000,1,1,1,22,231,0,0,0,0,0,0.00,0,0,0,0,0,0,0,0.00,0.00,0,0,0.0000,0.0000,0.0000,0.0000,0.0000
2026-04-28T17:36:46.965,0.379,1,0.40,1.40,0.00,0.00,1,0.0177,-0.0122,0.2601,0.0000,0.0000,0.0000,-84.33,-3.60,1,4.000,4.000,0.900,139,70,0,0.000,0.7600,0.0000,48.14,59.81,23,23,1.00000,1.00000,1.00000,1.00000,0.00000,3,3,0,1,23.49074,0.02817,1.89409,-0.0177,0.0122,0.0899,0.0000,0.0000,0.0000,-5.67,9.83,125.63,1,1,0.0000,0.0000,0.3500,-90.00,0.7600,0.4200,1.0000,8.00,180.00,10.000000,0.250000,0.000000,1.200000,0.000000,0.000000,1.200000,0.000000,0.000000,0.900000,0.000000,0.000000,0.850000,0.040000,0.000000,0.008000,0.000000,0.000600,0.008000,0.000000,0.000600,0.006000,0.000000,0.000000,1,1,1,23,231,0,0,0,0,0,0.00,0,0,0,0,0,0,0,0.00,0.00,0,0,0.0000,0.0000,0.0000,0.0000,0.0000
2026-04-28T17:36:46.988,0.401,1,0.40,1.40,0.00,0.00,1,0.0178,-0.0121,0.2599,0.0000,0.0000,0.0000,-84.40,3.31,1,4.000,4.000,0.900,139,70,0,0.000,0.7600,0.0000,60.07,75.57,24,24,1.00000,1.00000,1.00000,1.00000,0.00000,3,3,0,1,23.39611,0.02830,1.89396,-0.0178,0.0121,0.0901,0.0000,0.0000,0.0000,-5.60,9.88,125.63,1,1,0.0000,0.0000,0.3500,-90.00,0.7600,0.4200,1.0000,8.00,180.00,10.000000,0.250000,0.000000,1.200000,0.000000,0.000000,1.200000,0.000000,0.000000,0.900000,0.000000,0.000000,0.850000,0.040000,0.000000,0.008000,0.000000,0.000600,0.008000,0.000000,0.000600,0.006000,0.000000,0.000000,1,1,1,24,230,0,0,0,0,0,0.00,0,0,0,0,0,0,0,0.00,0.00,0,0,0.0000,0.0000,0.0000,0.0000,0.0000
2026-04-28T17:36:47.001,0.414,1,0.40,1.40,0.00,0.00,1,0.0179,-0.0119,0.2598,0.0000,0.0000,0.0000,-84.42,1.43,1,4.000,4.000,0.900,139,70,0,0.000,0.7600,0.0000,44.20,50.04,25,25,1.00000,1.00000,1.00000,1.00000,0.00000,3,3,0,1,23.47634,0.02804,1.89138,-0.0179,0.0119,0.0902,0.0000,0.0000,0.0000,-5.58,9.84,125.63,1,1,0.0000,0.0000,0.3500,-90.00,0.7600,0.4200,1.0000,8.00,180.00,10.000000,0.250000,0.000000,1.200000,0.000000,0.000000,1.200000,0.000000,0.000000,0.900000,0.000000,0.000000,0.850000,0.040000,0.000000,0.008000,0.000000,0.000600,0.008000,0.000000,0.000600,0.006000,0.000000,0.000000,1,1,1,25,231,0,0,0,0,0,0.00,0,0,0,0,0,0,0,0.00,0.00,0,0,0.0000,0.0000,0.0000,0.0000,0.0000
2026-04-28T17:36:47.015,0.429,1,0.40,1.40,0.00,0.00,1,0.0181,-0.0119,0.2598,0.0000,0.0000,0.0000,-84.49,4.70,1,4.000,4.000,0.900,139,70,0,0.000,0.7600,0.0000,75.80,62.59,26,26,1.00000,1.00000,1.00000,1.00000,0.00000,3,3,0,1,23.48141,0.02822,1.89325,-0.0181,0.0119,0.0902,0.0000,0.0000,0.0000,-5.51,9.77,125.62,1,1,0.0000,0.0000,0.3500,-90.00,0.7600,0.4200,1.0000,8.00,180.00,10.000000,0.250000,0.000000,1.200000,0.000000,0.000000,1.200000,0.000000,0.000000,0.900000,0.000000,0.000000,0.850000,0.040000,0.000000,0.008000,0.000000,0.000600,0.008000,0.000000,0.000600,0.006000,0.000000,0.000000,1,1,1,26,231,0,0,0,0,0,0.00,0,0,0,0,0,0,0,0.00,0.00,0,0,0.0000,0.0000,0.0000,0.0000,0.0000
2026-04-28T17:36:47.032,0.446,1,0.40,1.40,0.00,0.00,1,0.0181,-0.0120,0.2598,0.0000,0.0000,0.0000,-84.52,1.77,1,4.000,4.000,0.900,139,70,0,0.000,0.7600,0.0000,70.28,61.36,27,27,1.00000,1.00000,1.00000,1.00000,0.00000,3,3,0,1,23.44144,0.02821,1.89284,-0.0181,0.0120,0.0902,0.0000,0.0000,0.0000,-5.48,9.77,125.64,1,1,0.0000,0.0000,0.3500,-90.00,0.7600,0.4200,1.0000,8.00,180.00,10.000000,0.250000,0.000000,1.200000,0.000000,0.000000,1.200000,0.000000,0.000000,0.900000,0.000000,0.000000,0.850000,0.040000,0.000000,0.008000,0.000000,0.000600,0.008000,0.000000,0.000600,0.006000,0.000000,0.000000,1,1,1,27,231,0,0,0,0,0,0.00,0,0,0,0,0,0,0,0.00,0.00,0,0,0.0000,0.0000,0.0000,0.0000,0.0000
2026-04-28T17:36:47.051,0.465,1,0.40,1.40,0.00,0.00,1,0.0181,-0.0121,0.2598,0.0000,0.0000,0.0000,-84.52,0.00,1,4.000,4.000,0.900,139,70,0,0.000,0.7600,0.0000,55.45,57.11,28,28,1.00000,1.00000,1.00000,1.00000,0.00000,3,3,0,1,23.43992,0.02822,1.89534,-0.0181,0.0121,0.0902,0.0000,0.0000,0.0000,-5.48,9.76,125.59,1,1,0.0000,0.0000,0.3500,-90.00,0.7600,0.4200,1.0000,8.00,180.00,10.000000,0.250000,0.000000,1.200000,0.000000,0.000000,1.200000,0.000000,0.000000,0.900000,0.000000,0.000000,0.850000,0.040000,0.000000,0.008000,0.000000,0.000600,0.008000,0.000000,0.000600,0.006000,0.000000,0.000000,1,1,1,28,231,0,0,0,0,0,0.00,0,0,0,0,0,0,0,0.00,0.00,0,0,0.0000,0.0000,0.0000,0.0000,0.0000
2026-04-28T17:36:47.068,0.481,1,0.40,1.40,0.00,0.00,1,0.0179,-0.0123,0.2599,0.0000,0.0000,0.0000,-84.43,-7.88,1,4.000,4.000,0.900,139,70,0,0.000,0.7600,0.0000,56.34,62.08,29,29,1.00000,1.00000,1.00000,1.00000,0.00000,3,3,0,1,23.47584,0.02840,1.89813,-0.0179,0.0123,0.0901,0.0000,0.0000,0.0000,-5.57,9.79,125.61,1,1,0.0000,0.0000,0.3500,-90.00,0.7600,0.4200,1.0000,8.00,180.00,10.000000,0.250000,0.000000,1.200000,0.000000,0.000000,1.200000,0.000000,0.000000,0.900000,0.000000,0.000000,0.850000,0.040000,0.000000,0.008000,0.000000,0.000600,0.008000,0.000000,0.000600,0.006000,0.000000,0.000000,1,1,1,29,231,0,0,0,0,0,0.00,0,0,0,0,0,0,0,0.00,0.00,0,0,0.0000,0.0000,0.0000,0.0000,0.0000
2026-04-28T17:36:47.084,0.497,1,0.40,1.40,0.00,0.00,1,0.0177,-0.0122,0.2601,0.0000,0.0000,0.0000,-84.34,-4.22,1,4.000,4.000,0.900,139,70,0,0.000,0.7600,0.0000,60.19,57.98,30,30,1.00000,1.00000,1.00000,1.00000,0.00000,3,3,0,1,23.45704,0.02800,1.89157,-0.0177,0.0122,0.0899,0.0000,0.0000,0.0000,-5.66,9.82,125.61,1,1,0.0000,0.0000,0.3500,-90.00,0.7600,0.4200,1.0000,8.00,180.00,10.000000,0.250000,0.000000,1.200000,0.000000,0.000000,1.200000,0.000000,0.000000,0.900000,0.000000,0.000000,0.850000,0.040000,0.000000,0.008000,0.000000,0.000600,0.008000,0.000000,0.000600,0.006000,0.000000,0.000000,1,1,1,30,231,0,0,0,0,0,0.00,0,0,0,0,0,0,0,0.00,0.00,0,0,0.0000,0.0000,0.0000,0.0000,0.0000
2026-04-28T17:36:47.100,0.514,1,0.40,1.40,0.00,0.00,1,0.0178,-0.0122,0.2599,0.0000,0.0000,0.0000,-84.35,0.61,1,4.000,4.000,0.900,139,70,0,0.000,0.7600,0.0000,64.17,61.04,31,31,1.00000,1.00000,1.00000,1.00000,0.00000,3,3,0,1,23.47904,0.02814,1.89658,-0.0178,0.0122,0.0901,0.0000,0.0000,0.0000,-5.65,9.77,125.57,1,1,0.0000,0.0000,0.3500,-90.00,0.7600,0.4200,1.0000,8.00,180.00,10.000000,0.250000,0.000000,1.200000,0.000000,0.000000,1.200000,0.000000,0.000000,0.900000,0.000000,0.000000,0.850000,0.040000,0.000000,0.008000,0.000000,0.000600,0.008000,0.000000,0.000600,0.006000,0.000000,0.000000,1,1,1,31,231,0,0,0,0,0,0.00,0,0,0,0,0,0,0,0.00,0.00,0,0,0.0000,0.0000,0.0000,0.0000,0.0000
2026-04-28T17:36:47.117,0.531,1,0.40,1.40,0.00,0.00,1,0.0179,-0.0122,0.2600,0.0000,0.0000,0.0000,-84.42,3.81,1,4.000,4.000,0.900,139,70,0,0.000,0.7600,0.0000,60.04,58.28,32,32,1.00000,1.00000,1.00000,1.00000,0.00000,3,3,0,1,23.50713,0.02823,1.89175,-0.0179,0.0122,0.0900,0.0000,0.0000,0.0000,-5.58,9.75,125.59,1,1,0.0000,0.0000,0.3500,-90.00,0.7600,0.4200,1.0000,8.00,180.00,10.000000,0.250000,0.000000,1.200000,0.000000,0.000000,1.200000,0.000000,0.000000,0.900000,0.000000,0.000000,0.850000,0.040000,0.000000,0.008000,0.000000,0.000600,0.008000,0.000000,0.000600,0.006000,0.000000,0.000000,1,1,1,32,231,0,0,0,0,0,0.00,0,0,31,0,0,0,36678,500.25,500.25,2,1587,0.0000,0.5000,0.5000,0.0000,0.5000
2026-04-28T17:36:47.133,0.547,1,0.40,1.40,0.00,0.00,1,0.0180,-0.0122,0.2601,0.0000,0.0000,0.0000,-84.46,2.58,1,4.000,4.000,0.900,139,70,0,0.000,0.7600,0.0000,56.34,62.93,33,33,1.00000,1.00000,1.00000,1.00000,0.00000,3,3,0,1,23.44409,0.02825,1.89608,-0.0180,0.0122,0.0899,0.0000,0.0000,0.0000,-5.54,9.71,125.61,1,1,0.0000,0.0000,0.3500,-90.00,0.7600,0.4200,1.0000,8.00,180.00,10.000000,0.250000,0.000000,1.200000,0.000000,0.000000,1.200000,0.000000,0.000000,0.900000,0.000000,0.000000,0.850000,0.040000,0.000000,0.008000,0.000000,0.000600,0.008000,0.000000,0.000600,0.006000,0.000000,0.000000,1,1,1,33,231,0,0,0,0,0,0.00,0,0,31,0,0,0,36678,500.25,500.25,2,1587,0.0000,0.5000,0.5000,0.0000,0.5000
2026-04-28T17:36:47.148,0.562,1,0.40,1.40,0.00,0.00,1,0.0178,-0.0122,0.2600,0.0000,0.0000,0.0000,-84.45,-0.66,1,4.000,4.000,0.900,139,70,0,0.000,0.7600,0.0000,64.16,57.47,34,34,1.00000,1.00000,1.00000,1.00000,0.00000,3,3,0,1,23.44098,0.02825,1.89386,-0.0178,0.0122,0.0900,0.0000,0.0000,0.0000,-5.55,9.77,125.59,1,1,0.0000,0.0000,0.3500,-90.00,0.7600,0.4200,1.0000,8.00,180.00,10.000000,0.250000,0.000000,1.200000,0.000000,0.000000,1.200000,0.000000,0.000000,0.900000,0.000000,0.000000,0.850000,0.040000,0.000000,0.008000,0.000000,0.000600,0.008000,0.000000,0.000600,0.006000,0.000000,0.000000,1,1,1,34,231,0,0,0,0,0,0.00,0,0,31,0,0,0,36678,500.25,500.25,2,1587,0.0000,0.5000,0.5000,0.0000,0.5000
2026-04-28T17:36:47.169,0.582,1,0.40,1.40,0.00,0.00,1,0.0179,-0.0121,0.2599,0.0000,0.0000,0.0000,-84.43,-1.03,1,4.000,4.000,0.900,139,70,0,0.000,0.7600,0.0000,72.96,62.18,35,35,1.00000,1.00000,1.00000,1.00000,0.00000,3,3,0,1,23.48318,0.02809,1.89511,-0.0179,0.0121,0.0901,0.0000,0.0000,0.0000,-5.57,9.73,125.60,1,1,0.0000,0.0000,0.3500,-90.00,0.7600,0.4200,1.0000,8.00,180.00,10.000000,0.250000,0.000000,1.200000,0.000000,0.000000,1.200000,0.000000,0.000000,0.900000,0.000000,0.000000,0.850000,0.040000,0.000000,0.008000,0.000000,0.000600,0.008000,0.000000,0.000600,0.006000,0.000000,0.000000,1,1,1,35,230,0,0,0,0,0,0.00,0,0,31,0,0,0,36678,500.25,500.25,2,1587,0.0000,0.5000,0.5000,0.0000,0.5000
2026-04-28T17:36:47.181,0.594,1,0.40,1.40,0.00,0.00,1,0.0180,-0.0121,0.2598,0.0000,0.0000,0.0000,-84.43,0.00,1,4.000,4.000,0.900,139,70,0,0.000,0.7600,0.0000,45.64,59.18,36,36,1.00000,1.00000,1.00000,1.00000,0.00000,3,3,0,1,23.49730,0.02809,1.89485,-0.0180,0.0121,0.0902,0.0000,0.0000,0.0000,-5.57,9.73,125.58,1,1,0.0000,0.0000,0.3500,-90.00,0.7600,0.4200,1.0000,8.00,180.00,10.000000,0.250000,0.000000,1.200000,0.000000,0.000000,1.200000,0.000000,0.000000,0.900000,0.000000,0.000000,0.850000,0.040000,0.000000,0.008000,0.000000,0.000600,0.008000,0.000000,0.000600,0.006000,0.000000,0.000000,1,1,1,36,231,0,0,0,0,0,0.00,0,0,31,0,0,0,36678,500.25,500.25,2,1587,0.0000,0.5000,0.5000,0.0000,0.5000
2026-04-28T17:36:47.201,0.615,1,0.40,1.40,0.00,0.00,1,0.0179,-0.0122,0.2599,0.0000,0.0000,0.0000,-84.40,-1.50,1,4.000,4.000,0.900,139,70,0,0.000,0.7600,0.0000,69.20,59.50,37,37,1.00000,1.00000,1.00000,1.00000,0.00000,3,3,0,1,23.43726,0.02827,1.89473,-0.0179,0.0122,0.0901,0.0000,0.0000,0.0000,-5.60,9.78,125.58,1,1,0.0000,0.0000,0.3500,-90.00,0.7600,0.4200,1.0000,8.00,180.00,10.000000,0.250000,0.000000,1.200000,0.000000,0.000000,1.200000,0.000000,0.000000,0.900000,0.000000,0.000000,0.850000,0.040000,0.000000,0.008000,0.000000,0.000600,0.008000,0.000000,0.000600,0.006000,0.000000,0.000000,1,1,1,37,230,0,0,0,0,0,0.00,0,0,31,0,0,0,36678,500.25,500.25,2,1587,0.0000,0.5000,0.5000,0.0000,0.5000
2026-04-28T17:36:47.219,0.633,1,0.40,1.40,0.00,0.00,1,0.0178,-0.0121,0.2598,0.0000,0.0000,0.0000,-84.37,-1.75,1,4.000,4.000,0.900,139,70,0,0.000,0.7600,0.0000,56.66,61.90,38,38,1.00000,1.00000,1.00000,1.00000,0.00000,3,3,0,1,23.47381,0.02814,1.89440,-0.0178,0.0121,0.0902,0.0000,0.0000,0.0000,-5.63,9.76,125.60,1,1,0.0000,0.0000,0.3500,-90.00,0.7600,0.4200,1.0000,8.00,180.00,10.000000,0.250000,0.000000,1.200000,0.000000,0.000000,1.200000,0.000000,0.000000,0.900000,0.000000,0.000000,0.850000,0.040000,0.000000,0.008000,0.000000,0.000600,0.008000,0.000000,0.000600,0.006000,0.000000,0.000000,1,1,1,38,230,0,0,0,0,0,0.00,0,0,31,0,0,0,36678,500.25,500.25,2,1587,0.0000,0.5000,0.5000,0.0000,0.5000
2026-04-28T17:36:47.229,0.642,1,0.40,1.40,0.00,0.00,1,0.0179,-0.0121,0.2599,0.0000,0.0000,0.0000,-84.44,6.32,1,4.000,4.000,0.900,139,70,0,0.000,0.7600,0.0000,54.55,61.35,39,39,1.00000,1.00000,1.00000,1.00000,0.00000,3,3,0,1,23.41062,0.02830,1.89533,-0.0179,0.0121,0.0901,0.0000,0.0000,0.0000,-5.56,9.76,125.58,1,1,0.0000,0.0000,0.3500,-90.00,0.7600,0.4200,1.0000,8.00,180.00,10.000000,0.250000,0.000000,1.200000,0.000000,0.000000,1.200000,0.000000,0.000000,0.900000,0.000000,0.000000,0.850000,0.040000,0.000000,0.008000,0.000000,0.000600,0.008000,0.000000,0.000600,0.006000,0.000000,0.000000,1,1,1,39,231,0,0,0,0,0,0.00,0,0,31,0,0,0,36678,500.25,500.25,2,1587,0.0000,0.5000,0.5000,0.0000,0.5000
2026-04-28T17:36:47.249,0.662,1,0.40,1.40,0.00,0.00,1,0.0179,-0.0122,0.2600,0.0000,0.0000,0.0000,-84.42,-1.07,1,4.000,4.000,0.900,139,70,0,0.000,0.7600,0.0000,71.45,57.46,40,40,1.00000,1.00000,1.00000,1.00000,0.00000,3,3,0,1,23.46377,0.02839,1.89754,-0.0179,0.0122,0.0900,0.0000,0.0000,0.0000,-5.58,9.77,125.61,1,1,0.0000,0.0000,0.3500,-90.00,0.7600,0.4200,1.0000,8.00,180.00,10.000000,0.250000,0.000000,1.200000,0.000000,0.000000,1.200000,0.000000,0.000000,0.900000,0.000000,0.000000,0.850000,0.040000,0.000000,0.008000,0.000000,0.000600,0.008000,0.000000,0.000600,0.006000,0.000000,0.000000,1,1,1,40,231,0,0,0,0,0,0.00,0,0,31,0,0,0,36678,500.25,500.25,2,1587,0.0000,0.5000,0.5000,0.0000,0.5000
2026-04-28T17:36:47.265,0.679,1,0.40,1.40,0.00,0.00,1,0.0179,-0.0122,0.2601,0.0000,0.0000,0.0000,-84.35,-4.19,1,4.000,4.000,0.900,139,70,0,0.000,0.7600,0.0000,65.95,62.36,41,41,1.00000,1.00000,1.00000,1.00000,0.00000,3,3,0,1,23.51860,0.02808,1.89215,-0.0179,0.0122,0.0899,0.0000,0.0000,0.0000,-5.65,9.76,125.62,1,1,0.0000,0.0000,0.3500,-90.00,0.7600,0.4200,1.0000,8.00,180.00,10.000000,0.250000,0.000000,1.200000,0.000000,0.000000,1.200000,0.000000,0.000000,0.900000,0.000000,0.000000,0.850000,0.040000,0.000000,0.008000,0.000000,0.000600,0.008000,0.000000,0.000600,0.006000,0.000000,0.000000,1,1,1,41,231,0,0,0,0,0,0.00,0,0,31,0,0,0,36678,500.25,500.25,2,1587,0.0000,0.5000,0.5000,0.0000,0.5000
2026-04-28T17:36:47.279,0.693,1,0.00,0.00,0.00,0.00,1,0.0179,-0.0120,0.2600,0.0000,0.0000,0.0000,-84.40,3.36,1,4.000,4.000,0.900,139,70,0,0.000,0.7600,0.0000,59.81,61.55,42,42,1.00000,1.00000,1.00000,1.00000,0.00000,3,3,0,1,23.47517,0.02801,1.89176,-0.0179,0.0120,0.0900,0.0000,0.0000,0.0000,-5.60,9.78,125.62,1,1,0.0000,0.0000,0.3500,-90.00,0.7600,0.4200,1.0000,8.00,180.00,10.000000,0.250000,0.000000,1.200000,0.000000,0.000000,1.200000,0.000000,0.000000,0.900000,0.000000,0.000000,0.850000,0.040000,0.000000,0.008000,0.000000,0.000600,0.008000,0.000000,0.000600,0.006000,0.000000,0.000000,1,1,1,42,230,0,0,0,0,0,0.00,0,0,31,0,0,0,36678,500.25,500.25,2,1587,0.0000,0.5000,0.5000,0.0000,0.5000
2026-04-28T17:36:47.300,0.713,1,0.00,0.00,0.00,0.00,1,0.0179,-0.0122,0.2599,0.0000,0.0000,0.0000,-84.43,2.10,1,4.000,4.000,0.900,139,70,0,0.000,0.7600,0.0000,55.35,57.12,43,43,1.00000,1.00000,1.00000,1.00000,0.00000,3,3,0,1,23.42232,0.02833,1.89833,-0.0179,0.0122,0.0901,0.0000,0.0000,0.0000,-5.57,9.76,125.62,1,1,0.0000,0.0000,0.3500,-90.00,0.7600,0.4200,1.0000,8.00,180.00,10.000000,0.250000,0.000000,1.200000,0.000000,0.000000,1.200000,0.000000,0.000000,0.900000,0.000000,0.000000,0.850000,0.040000,0.000000,0.008000,0.000000,0.000600,0.008000,0.000000,0.000600,0.006000,0.000000,0.000000,1,1,1,43,231,0,0,0,0,0,0.00,0,0,31,0,0,0,36678,500.25,500.25,2,1587,0.0000,0.5000,0.5000,0.0000,0.5000
2026-04-28T17:36:47.314,0.727,1,0.00,0.00,0.00,0.00,1,0.0177,-0.0122,0.2599,0.0000,0.0000,0.0000,-84.34,-4.41,1,4.000,4.000,0.900,139,70,0,0.000,0.7600,0.0000,65.78,60.18,44,44,1.00000,1.00000,1.00000,1.00000,0.00000,3,3,0,1,23.48544,0.02825,1.89317,-0.0177,0.0122,0.0901,0.0000,0.0000,0.0000,-5.66,9.83,125.59,1,1,0.0000,0.0000,0.3500,-90.00,0.7600,0.4200,1.0000,8.00,180.00,10.000000,0.250000,0.000000,1.200000,0.000000,0.000000,1.200000,0.000000,0.000000,0.900000,0.000000,0.000000,0.850000,0.040000,0.000000,0.008000,0.000000,0.000600,0.008000,0.000000,0.000600,0.006000,0.000000,0.000000,1,1,1,44,231,0,0,0,0,0,0.00,0,0,31,0,0,0,36678,500.25,500.25,2,1587,0.0000,0.5000,0.5000,0.0000,0.5000
2026-04-28T17:36:47.332,0.746,1,0.40,1.40,0.00,0.00,1,0.0176,-0.0121,0.2599,0.0000,0.0000,0.0000,-84.31,-1.76,1,4.000,4.000,0.900,139,70,0,0.000,0.7600,0.0000,69.97,60.06,45,45,1.00000,1.00000,1.00000,1.00000,0.00000,3,3,0,1,23.51981,0.02817,1.89327,-0.0176,0.0121,0.0901,0.0000,0.0000,0.0000,-5.69,9.93,125.58,1,1,0.0000,0.0000,0.3500,-90.00,0.7600,0.4200,1.0000,8.00,180.00,10.000000,0.250000,0.000000,1.200000,0.000000,0.000000,1.200000,0.000000,0.000000,0.900000,0.000000,0.000000,0.850000,0.040000,0.000000,0.008000,0.000000,0.000600,0.008000,0.000000,0.000600,0.006000,0.000000,0.000000,1,1,1,45,231,0,0,0,0,0,0.00,0,0,31,0,0,0,36678,500.25,500.25,2,1587,0.0000,0.5000,0.5000,0.0000,0.5000
2026-04-28T17:36:47.348,0.762,1,0.40,1.40,0.00,0.00,1,0.0180,-0.0122,0.2599,0.0000,0.0000,0.0000,-84.43,7.36,1,4.000,4.000,0.900,139,70,0,0.000,0.7600,0.0000,52.41,58.00,46,46,1.00000,1.00000,1.00000,1.00000,0.00000,3,3,0,1,23.47491,0.02825,1.89691,-0.0180,0.0122,0.0901,0.0000,0.0000,0.0000,-5.57,9.79,125.58,1,1,0.0000,0.0000,0.3500,-90.00,0.7600,0.4200,1.0000,8.00,180.00,10.000000,0.250000,0.000000,1.200000,0.000000,0.000000,1.200000,0.000000,0.000000,0.900000,0.000000,0.000000,0.850000,0.040000,0.000000,0.008000,0.000000,0.000600,0.008000,0.000000,0.000600,0.006000,0.000000,0.000000,1,1,1,46,231,0,0,0,0,0,0.00,0,0,31,0,0,0,36678,500.25,500.25,2,1587,0.0000,0.5000,0.5000,0.0000,0.5000
2026-04-28T17:36:47.365,0.778,1,0.40,1.40,0.00,0.00,1,0.0181,-0.0121,0.2599,0.0000,0.0000,0.0000,-84.48,2.84,1,4.000,4.000,0.900,139,70,0,0.000,0.7600,0.0000,61.29,60.02,47,47,1.00000,1.00000,1.00000,1.00000,0.00000,3,3,0,1,23.45343,0.02827,1.89615,-0.0181,0.0121,0.0901,0.0000,0.0000,0.0000,-5.52,9.77,125.60,1,1,0.0000,0.0000,0.3500,-90.00,0.7600,0.4200,1.0000,8.00,180.00,10.000000,0.250000,0.000000,1.200000,0.000000,0.000000,1.200000,0.000000,0.000000,0.900000,0.000000,0.000000,0.850000,0.040000,0.000000,0.008000,0.000000,0.000600,0.008000,0.000000,0.000600,0.006000,0.000000,0.000000,1,1,1,47,230,0,0,0,0,0,0.00,0,0,31,0,0,0,36678,500.25,500.25,2,1587,0.0000,0.5000,0.5000,0.0000,0.5000
2026-04-28T17:36:47.384,0.798,1,0.40,1.40,0.00,0.00,1,0.0180,-0.0122,0.2599,0.0000,0.0000,0.0000,-84.45,-1.62,1,4.000,4.000,1.000,139,70,0,0.000,0.7600,0.0000,60.24,61.72,48,48,1.00000,1.00000,1.00000,1.00000,0.00000,3,3,0,1,23.48519,0.02838,1.89772,-0.0180,0.0122,0.0901,0.0000,0.0000,0.0000,-5.55,9.76,125.60,1,1,0.0000,0.0000,0.3500,-90.00,0.7600,0.4200,1.0000,8.00,180.00,10.000000,0.250000,0.000000,1.200000,0.000000,0.000000,1.200000,0.000000,0.000000,0.900000,0.000000,0.000000,0.850000,0.040000,0.000000,0.008000,0.000000,0.000600,0.008000,0.000000,0.000600,0.006000,0.000000,0.000000,1,1,1,48,230,0,0,0,0,0,0.00,0,0,31,0,0,0,36678,500.25,500.25,2,1587,0.0000,0.5000,0.5000,0.0000,0.5000
2026-04-28T17:36:47.400,0.814,1,0.40,1.40,0.00,0.00,1,0.0176,-0.0122,0.2599,0.0110,0.0000,0.0000,-84.31,-8.77,1,4.000,4.000,1.000,139,70,0,0.000,0.7600,0.0000,51.07,59.98,49,49,1.00000,1.00000,1.00000,1.00000,0.00000,3,3,0,1,23.47240,0.02828,1.89425,-0.0176,0.0122,0.0901,0.0110,0.0000,0.0000,-5.69,9.88,125.59,1,1,0.0000,0.0000,0.3500,-90.00,0.7600,0.4200,1.0000,8.00,180.00,10.000000,0.250000,0.000000,1.200000,0.000000,0.000000,1.200000,0.000000,0.000000,0.900000,0.000000,0.000000,0.850000,0.040000,0.000000,0.008000,0.000000,0.000600,0.008000,0.000000,0.000600,0.006000,0.000000,0.000000,1,1,1,49,235,0,0,0,0,0,0.00,0,0,31,0,0,0,36678,500.25,500.25,2,1587,0.0000,0.5000,0.5000,0.0000,0.5000
2026-04-28T17:36:47.419,0.832,1,0.40,1.40,0.00,0.00,1,0.0179,-0.0121,0.2597,0.0000,0.0000,0.0000,-84.34,1.63,1,4.000,4.000,1.000,139,70,0,0.000,0.7600,0.0000,64.29,59.65,50,50,1.00000,1.00000,1.00000,1.00000,0.00000,3,3,0,1,23.50340,0.02825,1.89770,-0.0179,0.0121,0.0903,0.0000,0.0000,0.0000,-5.66,9.79,125.59,1,1,0.0000,0.0000,0.3500,-90.00,0.7600,0.4200,1.0000,8.00,180.00,10.000000,0.250000,0.000000,1.200000,0.000000,0.000000,1.200000,0.000000,0.000000,0.900000,0.000000,0.000000,0.850000,0.040000,0.000000,0.008000,0.000000,0.000600,0.008000,0.000000,0.000600,0.006000,0.000000,0.000000,1,1,1,50,231,0,0,0,0,0,0.00,0,0,31,0,0,0,36678,500.25,500.25,2,1587,0.0000,0.5000,0.5000,0.0000,0.5000
2026-04-28T17:36:47.434,0.848,1,0.40,1.40,0.00,0.00,1,0.0179,-0.0122,0.2600,0.0000,0.0000,0.0000,-84.42,4.84,1,4.000,4.000,1.000,139,70,0,0.000,0.7600,0.0000,53.38,59.12,51,51,1.00000,1.00000,1.00000,1.00000,0.00000,3,3,0,1,23.46592,0.02823,1.89584,-0.0179,0.0122,0.0900,0.0000,0.0000,0.0000,-5.58,9.74,125.60,1,1,0.0000,0.0000,0.3500,-90.00,0.7600,0.4200,1.0000,8.00,180.00,10.000000,0.250000,0.000000,1.200000,0.000000,0.000000,1.200000,0.000000,0.000000,0.900000,0.000000,0.000000,0.850000,0.040000,0.000000,0.008000,0.000000,0.000600,0.008000,0.000000,0.000600,0.006000,0.000000,0.000000,1,1,1,51,230,0,0,0,0,0,0.00,0,0,31,0,0,0,36678,500.25,500.25,2,1587,0.0000,0.5000,0.5000,0.0000,0.5000
2026-04-28T17:36:47.452,0.865,1,0.40,1.40,0.00,0.00,1,0.0178,-0.0122,0.2599,0.0000,0.0000,0.0000,-84.35,-4.17,1,4.000,4.000,1.000,139,70,0,0.000,0.7600,0.0000,59.86,62.54,52,52,1.00000,1.00000,1.00000,1.00000,0.00000,3,3,0,1,23.47892,0.02819,1.89517,-0.0178,0.0122,0.0901,0.0000,0.0000,0.0000,-5.65,9.77,125.61,1,1,0.0000,0.0000,0.3500,-90.00,0.7600,0.4200,1.0000,8.00,180.00,10.000000,0.250000,0.000000,1.200000,0.000000,0.000000,1.200000,0.000000,0.000000,0.900000,0.000000,0.000000,0.850000,0.040000,0.000000,0.008000,0.000000,0.000600,0.008000,0.000000,0.000600,0.006000,0.000000,0.000000,1,1,1,52,231,0,0,0,0,0,0.00,0,0,31,0,0,0,36678,500.25,500.25,2,1587,0.0000,0.5000,0.5000,0.0000,0.5000
2026-04-28T17:36:47.468,0.881,1,0.40,1.40,0.00,0.00,1,0.0179,-0.0122,0.2598,0.0000,0.0000,0.0000,-84.42,4.19,1,4.000,4.000,1.000,139,70,0,0.000,0.7600,0.0000,61.07,59.87,53,53,1.00000,1.00000,1.00000,1.00000,0.00000,3,3,0,1,23.46699,0.02826,1.89546,-0.0179,0.0122,0.0902,0.0000,0.0000,0.0000,-5.58,9.73,125.61,1,1,0.0000,0.0000,0.3500,-90.00,0.7600,0.4200,1.0000,8.00,180.00,10.000000,0.250000,0.000000,1.200000,0.000000,0.000000,1.200000,0.000000,0.000000,0.900000,0.000000,0.000000,0.850000,0.040000,0.000000,0.008000,0.000000,0.000600,0.008000,0.000000,0.000600,0.006000,0.000000,0.000000,1,1,1,53,231,0,0,0,0,0,0.00,0,0,31,0,0,0,36678,500.25,500.25,2,1587,0.0000,0.5000,0.5000,0.0000,0.5000
2026-04-28T17:36:47.484,0.898,1,0.40,1.40,0.00,0.00,1,0.0176,-0.0123,0.2600,0.0000,0.0000,0.0000,-84.34,-5.49,1,4.000,4.000,1.000,139,70,0,0.000,0.7600,0.0000,62.64,59.02,54,54,1.00000,1.00000,1.00000,1.00000,0.00000,3,3,0,1,23.39995,0.02820,1.89428,-0.0176,0.0123,0.0900,0.0000,0.0000,0.0000,-5.66,9.82,125.58,1,1,0.0000,0.0000,0.3500,-90.00,0.7600,0.4200,1.0000,8.00,180.00,10.000000,0.250000,0.000000,1.200000,0.000000,0.000000,1.200000,0.000000,0.000000,0.900000,0.000000,0.000000,0.850000,0.040000,0.000000,0.008000,0.000000,0.000600,0.008000,0.000000,0.000600,0.006000,0.000000,0.000000,1,1,1,54,231,0,0,0,0,0,0.00,0,0,31,0,0,0,36678,500.25,500.25,2,1587,0.0000,0.5000,0.5000,0.0000,0.5000
2026-04-28T17:36:47.500,0.914,1,0.40,1.40,0.00,0.00,1,0.0178,-0.0122,0.2600,0.0000,0.0000,0.0000,-84.33,-0.60,1,4.000,4.000,1.000,139,70,0,0.000,0.7600,0.0000,60.90,60.79,55,55,1.00000,1.00000,1.00000,1.00000,0.00000,3,3,0,1,23.50775,0.02806,1.89442,-0.0178,0.0122,0.0900,0.0000,0.0000,0.0000,-5.67,9.76,125.59,1,1,0.0000,0.0000,0.3500,-90.00,0.7600,0.4200,1.0000,8.00,180.00,10.000000,0.250000,0.000000,1.200000,0.000000,0.000000,1.200000,0.000000,0.000000,0.900000,0.000000,0.000000,0.850000,0.040000,0.000000,0.008000,0.000000,0.000600,0.008000,0.000000,0.000600,0.006000,0.000000,0.000000,1,1,1,55,231,0,0,0,0,0,0.00,0,0,31,0,0,0,36678,500.25,500.25,2,1587,0.0000,0.5000,0.5000,0.0000,0.5000
2026-04-28T17:36:47.513,0.926,1,0.40,1.40,0.00,0.00,1,0.0179,-0.0122,0.2600,0.0000,0.0000,0.0000,-84.44,8.03,1,4.000,4.000,1.000,139,70,0,0.000,0.7600,0.0000,63.51,79.86,56,56,1.00000,1.00000,1.00000,1.00000,0.00000,3,3,0,1,23.47458,0.02813,1.89354,-0.0179,0.0122,0.0900,0.0000,0.0000,0.0000,-5.56,9.73,125.58,1,1,0.0000,0.0000,0.3500,-90.00,0.7600,0.4200,1.0000,8.00,180.00,10.000000,0.250000,0.000000,1.200000,0.000000,0.000000,1.200000,0.000000,0.000000,0.900000,0.000000,0.000000,0.850000,0.040000,0.000000,0.008000,0.000000,0.000600,0.008000,0.000000,0.000600,0.006000,0.000000,0.000000,1,1,1,56,231,0,0,0,0,0,0.00,0,0,31,0,0,0,36678,500.25,500.25,2,1587,0.0000,0.5000,0.5000,0.0000,0.5000
2026-04-28T17:36:47.534,0.947,1,0.40,1.40,0.00,0.00,1,0.0179,-0.0122,0.2600,0.0000,0.0000,0.0000,-84.45,0.49,1,4.000,4.000,1.000,139,70,0,0.000,0.7600,0.0000,57.46,48.35,57,57,1.00000,1.00000,1.00000,1.00000,0.00000,3,3,0,1,23.43592,0.02826,1.89630,-0.0179,0.0122,0.0900,0.0000,0.0000,0.0000,-5.55,9.75,125.58,1,1,0.0000,0.0000,0.3500,-90.00,0.7600,0.4200,1.0000,8.00,180.00,10.000000,0.250000,0.000000,1.200000,0.000000,0.000000,1.200000,0.000000,0.000000,0.900000,0.000000,0.000000,0.850000,0.040000,0.000000,0.008000,0.000000,0.000600,0.008000,0.000000,0.000600,0.006000,0.000000,0.000000,1,1,1,57,231,0,0,0,0,0,0.00,0,0,31,0,0,0,36678,500.25,500.25,2,1587,0.0000,0.5000,0.5000,0.0000,0.5000
2026-04-28T17:36:47.550,0.964,1,0.40,1.40,0.00,0.00,1,0.0178,-0.0121,0.2601,0.0000,0.0000,0.0000,-84.49,2.47,1,4.000,4.000,1.000,139,70,0,0.000,0.7600,0.0000,59.74,57.42,58,58,1.00000,1.00000,1.00000,1.00000,0.00000,3,3,0,1,23.42489,0.02803,1.88937,-0.0178,0.0121,0.0899,0.0000,0.0000,0.0000,-5.51,9.79,125.62,1,1,0.0000,0.0000,0.3500,-90.00,0.7600,0.4200,1.0000,8.00,180.00,10.000000,0.250000,0.000000,1.200000,0.000000,0.000000,1.200000,0.000000,0.000000,0.900000,0.000000,0.000000,0.850000,0.040000,0.000000,0.008000,0.000000,0.000600,0.008000,0.000000,0.000600,0.006000,0.000000,0.000000,1,1,1,58,231,0,0,0,0,0,0.00,0,0,31,0,0,0,36678,500.25,500.25,2,1587,0.0000,0.5000,0.5000,0.0000,0.5000
2026-04-28T17:36:47.564,0.977,1,0.40,1.40,0.00,0.00,1,0.0179,-0.0121,0.2599,0.0000,0.0000,0.0000,-84.40,-6.09,1,4.000,4.000,1.000,139,70,0,0.000,0.7600,0.0000,60.79,60.03,59,59,1.00000,1.00000,1.00000,1.00000,0.00000,3,3,0,1,23.39421,0.02814,1.89251,-0.0179,0.0121,0.0901,0.0000,0.0000,0.0000,-5.60,9.82,125.61,1,1,0.0000,0.0000,0.3500,-90.00,0.7600,0.4200,1.0000,8.00,180.00,10.000000,0.250000,0.000000,1.200000,0.000000,0.000000,1.200000,0.000000,0.000000,0.900000,0.000000,0.000000,0.850000,0.040000,0.000000,0.008000,0.000000,0.000600,0.008000,0.000000,0.000600,0.006000,0.000000,0.000000,1,1,1,59,230,0,0,0,0,0,0.00,0,0,31,0,0,0,36678,500.25,500.25,2,1587,0.0000,0.5000,0.5000,0.0000,0.5000
2026-04-28T17:36:47.581,0.995,1,0.40,1.40,0.00,0.00,1,0.0180,-0.0121,0.2600,0.0000,0.0000,0.0000,-84.45,3.01,1,4.000,4.000,1.000,139,70,0,0.000,0.7600,0.0000,81.41,60.05,60,60,1.00000,1.00000,1.00000,1.00000,0.00000,3,3,0,1,23.47573,0.02812,1.89333,-0.0180,0.0121,0.0900,0.0000,0.0000,0.0000,-5.55,9.74,125.61,1,1,0.0000,0.0000,0.3500,-90.00,0.7600,0.4200,1.0000,8.00,180.00,10.000000,0.250000,0.000000,1.200000,0.000000,0.000000,1.200000,0.000000,0.000000,0.900000,0.000000,0.000000,0.850000,0.040000,0.000000,0.008000,0.000000,0.000600,0.008000,0.000000,0.000600,0.006000,0.000000,0.000000,1,1,1,60,231,0,0,0,0,0,0.00,0,0,31,0,0,0,36678,500.25,500.25,2,1587,0.0000,0.5000,0.5000,0.0000,0.5000
2026-04-28T17:36:47.597,1.011,1,0.40,1.40,0.00,0.00,1,0.0180,-0.0122,0.2601,0.0000,0.0000,0.0000,-84.48,1.80,1,4.000,4.000,1.000,139,70,0,0.000,0.7600,0.0000,53.69,70.65,61,61,1.00000,1.00000,1.00000,1.00000,0.00000,3,3,0,1,23.49386,0.02820,1.89301,-0.0180,0.0122,0.0899,0.0000,0.0000,0.0000,-5.52,9.72,125.62,1,1,0.0000,0.0000,0.3500,-90.00,0.7600,0.4200,1.0000,8.00,180.00,10.000000,0.250000,0.000000,1.200000,0.000000,0.000000,1.200000,0.000000,0.000000,0.900000,0.000000,0.000000,0.850000,0.040000,0.000000,0.008000,0.000000,0.000600,0.008000,0.000000,0.000600,0.006000,0.000000,0.000000,1,1,1,61,231,0,0,0,0,0,0.00,0,0,31,0,0,0,36678,500.25,500.25,2,1587,0.0000,0.5000,0.5000,0.0000,0.5000
2026-04-28T17:36:47.615,1.029,1,0.40,1.40,0.00,0.00,1,0.0178,-0.0121,0.2600,0.0000,0.0000,0.0000,-84.40,-4.73,1,4.000,4.000,1.000,139,70,0,0.000,0.7600,0.0000,54.49,53.60,62,62,1.00000,1.00000,1.00000,1.00000,0.00000,3,3,0,1,23.46846,0.02813,1.89305,-0.0178,0.0121,0.0900,0.0000,0.0000,0.0000,-5.60,9.75,125.62,1,1,0.0000,0.0000,0.3500,-90.00,0.7600,0.4200,1.0000,8.00,180.00,10.000000,0.250000,0.000000,1.200000,0.000000,0.000000,1.200000,0.000000,0.000000,0.900000,0.000000,0.000000,0.850000,0.040000,0.000000,0.008000,0.000000,0.000600,0.008000,0.000000,0.000600,0.006000,0.000000,0.000000,1,1,1,62,230,61,61,60,0,0,61.00,36708,3310,31,0,0,0,36678,500.25,500.25,2,1587,0.0000,0.5000,0.5000,0.0000,0.5000
2026-04-28T17:36:47.632,1.046,1,0.40,1.40,0.00,0.00,1,0.0179,-0.0122,0.2599,0.0000,0.0000,0.0000,-84.43,1.75,1,4.000,4.000,1.000,139,70,0,0.000,0.7600,0.0000,65.57,58.20,63,63,1.00000,1.00000,1.00000,1.00000,0.00000,3,3,0,1,23.42232,0.02833,1.89833,-0.0179,0.0122,0.0901,0.0000,0.0000,0.0000,-5.57,9.74,125.62,1,1,0.0000,0.0000,0.3500,-90.00,0.7600,0.4200,1.0000,8.00,180.00,10.000000,0.250000,0.000000,1.200000,0.000000,0.000000,1.200000,0.000000,0.000000,0.900000,0.000000,0.000000,0.850000,0.040000,0.000000,0.008000,0.000000,0.000600,0.008000,0.000000,0.000600,0.006000,0.000000,0.000000,1,1,1,63,231,61,61,60,0,0,61.00,36708,3310,31,0,0,0,36678,500.25,500.25,2,1587,0.0000,0.5000,0.5000,0.0000,0.5000
2026-04-28T17:36:47.648,1.062,1,0.40,1.40,0.00,0.00,1,0.0178,-0.0120,0.2599,0.0000,0.0000,0.0000,-84.36,-4.40,1,4.000,4.000,1.000,139,70,0,0.000,0.7600,0.0000,58.37,86.75,64,64,1.00000,1.00000,1.00000,1.00000,0.00000,3,3,0,1,23.52890,0.02822,1.89286,-0.0178,0.0120,0.0901,0.0000,0.0000,0.0000,-5.64,9.85,125.62,1,1,0.0000,0.0000,0.3500,-90.00,0.7600,0.4200,1.0000,8.00,180.00,10.000000,0.250000,0.000000,1.200000,0.000000,0.000000,1.200000,0.000000,0.000000,0.900000,0.000000,0.000000,0.850000,0.040000,0.000000,0.008000,0.000000,0.000600,0.008000,0.000000,0.000600,0.006000,0.000000,0.000000,1,1,1,64,231,61,61,60,0,0,61.00,36708,3310,31,0,0,0,36678,500.25,500.25,2,1587,0.0000,0.5000,0.5000,0.0000,0.5000
2026-04-28T17:36:47.665,1.079,1,0.40,1.40,0.00,0.00,1,0.0179,-0.0122,0.2599,0.0000,0.0000,0.0000,-84.42,3.53,1,4.000,4.000,1.000,139,70,0,0.000,0.7600,0.0000,59.04,47.85,65,65,1.00000,1.00000,1.00000,1.00000,0.00000,3,3,0,1,23.40843,0.02833,1.89843,-0.0179,0.0122,0.0901,0.0000,0.0000,0.0000,-5.58,9.79,125.60,1,1,0.0000,0.0000,0.3500,-90.00,0.7600,0.4200,1.0000,8.00,180.00,10.000000,0.250000,0.000000,1.200000,0.000000,0.000000,1.200000,0.000000,0.000000,0.900000,0.000000,0.000000,0.850000,0.040000,0.000000,0.008000,0.000000,0.000600,0.008000,0.000000,0.000600,0.006000,0.000000,0.000000,1,1,1,65,230,61,61,60,0,0,61.00,36708,3310,31,0,0,0,36678,500.25,500.25,2,1587,0.0000,0.5000,0.5000,0.0000,0.5000
2026-04-28T17:36:47.682,1.095,1,0.40,1.50,0.00,0.95,1,0.0179,-0.0122,0.2601,0.0000,0.0000,0.0000,-84.45,1.72,1,4.000,4.000,1.000,139,70,0,0.000,0.7600,0.0000,62.56,89.17,66,66,1.00000,1.00000,1.00000,1.00000,0.00000,3,3,0,1,23.43906,0.02822,1.89524,-0.0179,0.0122,0.0899,0.0000,0.0000,0.0000,-5.55,9.76,125.62,1,1,0.0000,0.0000,0.3500,-90.00,0.7600,0.4200,1.0000,8.00,180.00,10.000000,0.250000,0.000000,1.200000,0.000000,0.000000,1.200000,0.000000,0.000000,0.900000,0.000000,0.000000,0.850000,0.040000,0.000000,0.008000,0.000000,0.000600,0.008000,0.000000,0.000600,0.006000,0.000000,0.000000,1,1,1,66,231,61,61,60,0,0,61.00,36708,3310,31,0,0,0,36678,500.25,500.25,2,1587,0.0000,0.5000,0.5000,0.0000,0.5000
2026-04-28T17:36:47.701,1.115,1,0.40,1.50,0.00,0.95,1,0.0179,-0.0123,0.2600,0.0000,0.0000,0.0000,-84.43,-1.08,1,4.000,4.000,1.000,139,70,0,0.000,0.7600,0.0000,54.67,43.33,67,67,1.00000,1.00000,1.00000,1.00000,0.00000,3,3,0,1,23.42921,0.02826,1.89662,-0.0179,0.0123,0.0900,0.0000,0.0000,0.0000,-5.57,9.75,125.59,1,1,0.0000,0.0000,0.3500,-90.00,0.7600,0.4200,1.0000,8.00,180.00,10.000000,0.250000,0.000000,1.200000,0.000000,0.000000,1.200000,0.000000,0.000000,0.900000,0.000000,0.000000,0.850000,0.040000,0.000000,0.008000,0.000000,0.000600,0.008000,0.000000,0.000600,0.006000,0.000000,0.000000,1,1,1,67,231,61,61,60,0,0,61.00,36708,3310,31,0,0,0,36678,500.25,500.25,2,1587,0.0000,0.5000,0.5000,0.0000,0.5000
2026-04-28T17:36:47.718,1.131,1,0.40,1.50,0.00,0.95,1,0.0177,-0.0123,0.2600,0.0000,0.0000,0.0000,-84.42,-0.75,1,4.000,4.000,1.000,139,70,0,0.000,0.7600,0.0000,55.53,61.74,68,68,1.00000,1.00000,1.00000,1.00000,0.00000,3,3,0,1,23.47404,0.02815,1.89429,-0.0177,0.0123,0.0900,0.0000,0.0000,0.0000,-5.58,9.78,125.56,1,1,0.0000,0.0000,0.3500,-90.00,0.7600,0.4200,1.0000,8.00,180.00,10.000000,0.250000,0.000000,1.200000,0.000000,0.000000,1.200000,0.000000,0.000000,0.900000,0.000000,0.000000,0.850000,0.040000,0.000000,0.008000,0.000000,0.000600,0.008000,0.000000,0.000600,0.006000,0.000000,0.000000,1,1,1,68,231,61,61,60,0,0,61.00,36708,3310,31,0,0,0,36678,500.25,500.25,2,1587,0.0000,0.5000,0.5000,0.0000,0.5000
2026-04-28T17:36:47.730,1.144,1,0.40,1.50,0.00,0.95,1,0.0176,-0.0123,0.2600,0.0000,0.0000,0.0000,-84.28,-8.45,1,4.000,4.000,1.000,139,70,0,0.000,0.7600,0.0000,66.19,59.40,69,69,1.00000,1.00000,1.00000,1.00000,0.00000,3,3,0,1,23.45100,0.02825,1.89567,-0.0176,0.0123,0.0900,0.0000,0.0000,0.0000,-5.72,9.89,125.55,1,1,0.0000,0.0000,0.3500,-90.00,0.7600,0.4200,1.0000,8.00,180.00,10.000000,0.250000,0.000000,1.200000,0.000000,0.000000,1.200000,0.000000,0.000000,0.900000,0.000000,0.000000,0.850000,0.040000,0.000000,0.008000,0.000000,0.000600,0.008000,0.000000,0.000600,0.006000,0.000000,0.000000,1,1,1,69,231,61,61,60,0,0,61.00,36708,3310,31,0,0,0,36678,500.25,500.25,2,1587,0.0000,0.5000,0.5000,0.0000,0.5000
2026-04-28T17:36:47.751,1.165,1,0.40,1.50,0.00,0.95,1,0.0176,-0.0121,0.2601,0.0000,0.0000,0.0000,-84.29,0.50,1,4.000,4.000,1.000,139,70,0,0.000,0.7600,0.0000,58.85,58.60,70,70,1.00000,1.00000,1.00000,1.00000,0.00000,3,3,0,1,23.51202,0.02806,1.88907,-0.0176,0.0121,0.0899,0.0000,0.0000,0.0000,-5.71,9.86,125.59,1,1,0.0000,0.0000,0.3500,-90.00,0.7600,0.4200,1.0000,8.00,180.00,10.000000,0.250000,0.000000,1.200000,0.000000,0.000000,1.200000,0.000000,0.000000,0.900000,0.000000,0.000000,0.850000,0.040000,0.000000,0.008000,0.000000,0.000600,0.008000,0.000000,0.000600,0.006000,0.000000,0.000000,1,1,1,70,231,61,61,60,0,0,61.00,36708,3310,31,0,0,0,36678,500.25,500.25,2,1587,0.0000,0.5000,0.5000,0.0000,0.5000
2026-04-28T17:36:47.766,1.180,1,0.40,1.50,0.00,0.95,1,0.0178,-0.0122,0.2601,0.0000,0.0000,0.0000,-84.38,5.99,1,4.000,4.000,1.000,139,70,0,0.000,0.7600,0.0000,56.15,63.64,71,71,1.00000,1.00000,1.00000,1.00000,0.00000,3,3,0,1,23.45269,0.02834,1.89611,-0.0178,0.0122,0.0899,0.0000,0.0000,0.0000,-5.62,9.85,125.60,1,1,0.0000,0.0000,0.3500,-90.00,0.7600,0.4200,1.0000,8.00,180.00,10.000000,0.250000,0.000000,1.200000,0.000000,0.000000,1.200000,0.000000,0.000000,0.900000,0.000000,0.000000,0.850000,0.040000,0.000000,0.008000,0.000000,0.000600,0.008000,0.000000,0.000600,0.006000,0.000000,0.000000,1,1,1,71,230,61,61,60,0,0,61.00,36708,3310,31,0,0,0,36678,500.25,500.25,2,1587,0.0000,0.5000,0.5000,0.0000,0.5000
2026-04-28T17:36:47.785,1.199,1,0.40,1.50,0.00,0.95,1,0.0177,-0.0123,0.2600,0.0000,0.0000,0.0000,-84.31,-4.52,1,4.000,4.000,1.000,139,70,0,0.000,0.7600,0.0000,64.57,56.94,72,72,1.00000,1.00000,1.00000,1.00000,0.00000,3,3,0,1,23.45679,0.02813,1.89543,-0.0177,0.0123,0.0900,0.0000,0.0000,0.0000,-5.69,9.83,125.58,1,1,0.0000,0.0000,0.3500,-90.00,0.7600,0.4200,1.0000,8.00,180.00,10.000000,0.250000,0.000000,1.200000,0.000000,0.000000,1.200000,0.000000,0.000000,0.900000,0.000000,0.000000,0.850000,0.040000,0.000000,0.008000,0.000000,0.000600,0.008000,0.000000,0.000600,0.006000,0.000000,0.000000,1,1,1,72,231,61,61,60,0,0,61.00,36708,3310,31,0,0,0,36678,500.25,500.25,2,1587,0.0000,0.5000,0.5000,0.0000,0.5000
2026-04-28T17:36:47.802,1.216,1,0.40,1.50,0.00,0.95,1,0.0178,-0.0121,0.2599,0.0000,0.0000,0.0000,-84.33,0.96,1,4.000,4.000,1.000,139,70,0,0.000,0.7600,0.0000,54.53,60.06,73,73,1.00000,1.00000,1.00000,1.00000,0.00000,3,3,0,1,23.46952,0.02810,1.89326,-0.0178,0.0121,0.0901,0.0000,0.0000,0.0000,-5.67,9.79,125.60,1,1,0.0000,0.0000,0.3500,-90.00,0.7600,0.4200,1.0000,8.00,180.00,10.000000,0.250000,0.000000,1.200000,0.000000,0.000000,1.200000,0.000000,0.000000,0.900000,0.000000,0.000000,0.850000,0.040000,0.000000,0.008000,0.000000,0.000600,0.008000,0.000000,0.000600,0.006000,0.000000,0.000000,1,1,1,73,230,61,61,60,0,0,61.00,36708,3310,31,0,0,0,36678,500.25,500.25,2,1587,0.0000,0.5000,0.5000,0.0000,0.5000
2026-04-28T17:36:47.821,1.234,1,0.40,1.50,0.00,0.95,1,0.0180,-0.0122,0.2600,0.0000,0.0000,0.0000,-84.41,4.34,1,4.000,4.000,1.000,139,70,0,0.000,0.7600,0.0000,56.81,59.36,74,74,1.00000,1.00000,1.00000,1.00000,0.00000,3,3,0,1,23.51238,0.02830,1.89596,-0.0180,0.0122,0.0900,0.0000,0.0000,0.0000,-5.59,9.74,125.60,1,1,0.0000,0.0000,0.3500,-90.00,0.7600,0.4200,1.0000,8.00,180.00,10.000000,0.250000,0.000000,1.200000,0.000000,0.000000,1.200000,0.000000,0.000000,0.900000,0.000000,0.000000,0.850000,0.040000,0.000000,0.008000,0.000000,0.000600,0.008000,0.000000,0.000600,0.006000,0.000000,0.000000,1,1,1,74,230,61,61,60,0,0,61.00,36708,3310,31,0,0,0,36678,500.25,500.25,2,1587,0.0000,0.5000,0.5000,0.0000,0.5000
2026-04-28T17:36:47.835,1.249,1,0.40,1.50,0.00,0.00,1,0.0178,-0.0123,0.2601,0.0000,0.0000,0.0000,-84.39,-1.40,1,4.000,4.000,1.000,139,70,0,0.000,0.7600,0.0000,54.10,59.66,75,75,1.00000,1.00000,1.00000,1.00000,0.00000,3,3,0,1,23.41256,0.02812,1.89276,-0.0178,0.0123,0.0899,0.0000,0.0000,0.0000,-5.61,9.77,125.60,1,1,0.0000,0.0000,0.3500,-90.00,0.7600,0.4200,1.0000,8.00,180.00,10.000000,0.250000,0.000000,1.200000,0.000000,0.000000,1.200000,0.000000,0.000000,0.900000,0.000000,0.000000,0.850000,0.040000,0.000000,0.008000,0.000000,0.000600,0.008000,0.000000,0.000600,0.006000,0.000000,0.000000,1,1,1,75,230,61,61,60,0,0,61.00,36708,3310,31,0,0,0,36678,500.25,500.25,2,1587,0.0000,0.5000,0.5000,0.0000,0.5000
2026-04-28T17:36:47.858,1.272,1,0.40,1.50,0.00,0.00,1,0.0179,-0.0123,0.2601,0.0000,0.0000,0.0000,-84.41,0.86,1,4.000,4.000,1.000,139,70,0,0.000,0.7600,0.0000,69.39,45.46,76,76,1.00000,1.00000,1.00000,1.00000,0.00000,3,3,0,1,23.43852,0.02812,1.89333,-0.0179,0.0123,0.0899,0.0000,0.0000,0.0000,-5.59,9.72,125.60,1,1,0.0000,0.0000,0.3500,-90.00,0.7600,0.4200,1.0000,8.00,180.00,10.000000,0.250000,0.000000,1.200000,0.000000,0.000000,1.200000,0.000000,0.000000,0.900000,0.000000,0.000000,0.850000,0.040000,0.000000,0.008000,0.000000,0.000600,0.008000,0.000000,0.000600,0.006000,0.000000,0.000000,1,1,1,76,230,61,61,60,0,0,61.00,36708,3310,31,0,0,0,36678,500.25,500.25,2,1587,0.0000,0.5000,0.5000,0.0000,0.5000
2026-04-28T17:36:47.870,1.284,1,0.40,1.50,0.00,0.00,1,0.0178,-0.0123,0.2602,0.0000,0.0000,0.0000,-84.44,2.38,1,4.000,4.000,1.000,139,70,0,0.000,0.7600,0.0000,44.07,81.00,77,77,1.00000,1.00000,1.00000,1.00000,0.00000,3,3,0,1,23.43575,0.02817,1.89403,-0.0178,0.0123,0.0898,0.0000,0.0000,0.0000,-5.56,9.73,125.58,1,1,0.0000,0.0000,0.3500,-90.00,0.7600,0.4200,1.0000,8.00,180.00,10.000000,0.250000,0.000000,1.200000,0.000000,0.000000,1.200000,0.000000,0.000000,0.900000,0.000000,0.000000,0.850000,0.040000,0.000000,0.008000,0.000000,0.000600,0.008000,0.000000,0.000600,0.006000,0.000000,0.000000,1,1,1,77,231,61,61,60,0,0,61.00,36708,3310,31,0,0,0,36678,500.25,500.25,2,1587,0.0000,0.5000,0.5000,0.0000,0.5000
2026-04-28T17:36:47.887,1.300,1,0.40,1.50,0.00,0.00,1,0.0178,-0.0123,0.2601,0.0000,0.0000,0.0000,-84.36,-5.11,1,4.000,4.000,1.000,139,70,0,0.000,0.7600,0.0000,79.38,65.90,78,78,1.00000,1.00000,1.00000,1.00000,0.00000,3,3,0,1,23.44301,0.02824,1.89618,-0.0178,0.0123,0.0899,0.0000,0.0000,0.0000,-5.64,9.77,125.61,1,1,0.0000,0.0000,0.3500,-90.00,0.7600,0.4200,1.0000,8.00,180.00,10.000000,0.250000,0.000000,1.200000,0.000000,0.000000,1.200000,0.000000,0.000000,0.900000,0.000000,0.000000,0.850000,0.040000,0.000000,0.008000,0.000000,0.000600,0.008000,0.000000,0.000600,0.006000,0.000000,0.000000,1,1,1,78,231,61,61,60,0,0,61.00,36708,3310,31,0,0,0,36678,500.25,500.25,2,1587,0.0000,0.5000,0.5000,0.0000,0.5000
2026-04-28T17:36:47.902,1.315,1,0.40,1.50,0.00,0.00,1,0.0177,-0.0122,0.2601,0.0000,0.0000,0.0000,-84.42,4.15,1,4.000,4.000,1.000,139,70,0,0.000,0.7600,0.0000,63.09,59.07,79,79,1.00000,1.00000,1.00000,1.00000,0.00000,3,3,0,1,23.44244,0.02812,1.89072,-0.0177,0.0122,0.0899,0.0000,0.0000,0.0000,-5.58,9.77,125.63,1,1,0.0000,0.0000,0.3500,-90.00,0.7600,0.4200,1.0000,8.00,180.00,10.000000,0.250000,0.000000,1.200000,0.000000,0.000000,1.200000,0.000000,0.000000,0.900000,0.000000,0.000000,0.850000,0.040000,0.000000,0.008000,0.000000,0.000600,0.008000,0.000000,0.000600,0.006000,0.000000,0.000000,1,1,1,79,231,61,61,60,0,0,61.00,36708,3310,31,0,0,0,36678,500.25,500.25,2,1587,0.0000,0.5000,0.5000,0.0000,0.5000
2026-04-28T17:36:47.918,1.331,1,0.40,1.50,0.00,0.00,1,0.0179,-0.0122,0.2602,0.0000,0.0000,0.0000,-84.44,1.29,1,4.000,4.000,1.000,139,70,0,0.000,0.7600,0.0000,66.33,62.95,80,80,1.00000,1.00000,1.00000,1.00000,0.00000,3,3,0,1,23.48273,0.02820,1.89270,-0.0179,0.0122,0.0898,0.0000,0.0000,0.0000,-5.56,9.75,125.63,1,1,0.0000,0.0000,0.3500,-90.00,0.7600,0.4200,1.0000,8.00,180.00,10.000000,0.250000,0.000000,1.200000,0.000000,0.000000,1.200000,0.000000,0.000000,0.900000,0.000000,0.000000,0.850000,0.040000,0.000000,0.008000,0.000000,0.000600,0.008000,0.000000,0.000600,0.006000,0.000000,0.000000,1,1,1,80,231,61,61,60,0,0,61.00,36708,3310,31,0,0,0,36678,500.25,500.25,2,1587,0.0000,0.5000,0.5000,0.0000,0.5000
2026-04-28T17:36:47.936,1.350,1,0.40,1.50,0.00,0.00,1,0.0179,-0.0121,0.2599,0.0000,0.0000,0.0000,-84.40,-2.03,1,4.000,4.000,1.000,139,70,0,0.000,0.7600,0.0000,64.46,59.73,81,81,1.00000,1.00000,1.00000,1.00000,0.00000,3,3,0,1,23.45926,0.02832,1.89275,-0.0179,0.0121,0.0901,0.0000,0.0000,0.0000,-5.60,9.85,125.64,1,1,0.0000,0.0000,0.3500,-90.00,0.7600,0.4200,1.0000,8.00,180.00,10.000000,0.250000,0.000000,1.200000,0.000000,0.000000,1.200000,0.000000,0.000000,0.900000,0.000000,0.000000,0.850000,0.040000,0.000000,0.008000,0.000000,0.000600,0.008000,0.000000,0.000600,0.006000,0.000000,0.000000,1,1,1,81,230,61,61,60,0,0,61.00,36708,3310,31,0,0,0,36678,500.25,500.25,2,1587,0.0000,0.5000,0.5000,0.0000,0.5000
2026-04-28T17:36:47.950,1.363,1,0.40,1.50,0.00,0.00,1,0.0176,-0.0122,0.2599,0.0000,0.0000,0.0000,-84.35,-3.69,1,4.000,4.000,1.000,139,70,0,0.000,0.7600,0.0000,52.77,59.28,82,82,1.00000,1.00000,1.00000,1.00000,0.00000,3,3,0,1,23.40819,0.02833,1.89217,-0.0176,0.0122,0.0901,0.0000,0.0000,0.0000,-5.65,9.99,125.60,1,1,0.0000,0.0000,0.3500,-90.00,0.7600,0.4200,1.0000,8.00,180.00,10.000000,0.250000,0.000000,1.200000,0.000000,0.000000,1.200000,0.000000,0.000000,0.900000,0.000000,0.000000,0.850000,0.040000,0.000000,0.008000,0.000000,0.000600,0.008000,0.000000,0.000600,0.006000,0.000000,0.000000,1,1,1,82,230,61,61,60,0,0,61.00,36708,3310,31,0,0,0,36678,500.25,500.25,2,1587,0.0000,0.5000,0.5000,0.0000,0.5000
2026-04-28T17:36:47.967,1.381,1,0.40,1.50,0.00,0.00,1,0.0175,-0.0124,0.2598,0.0000,0.0000,0.0000,-84.27,-5.09,1,4.000,4.000,1.000,139,70,0,0.000,0.7600,0.0000,73.89,57.56,83,83,1.00000,1.00000,1.00000,1.00000,0.00000,3,3,0,1,23.47730,0.02837,1.89701,-0.0175,0.0124,0.0902,0.0000,0.0000,0.0000,-5.73,10.10,125.58,1,1,0.0000,0.0000,0.3500,-90.00,0.7600,0.4200,1.0000,8.00,180.00,10.000000,0.250000,0.000000,1.200000,0.000000,0.000000,1.200000,0.000000,0.000000,0.900000,0.000000,0.000000,0.850000,0.040000,0.000000,0.008000,0.000000,0.000600,0.008000,0.000000,0.000600,0.006000,0.000000,0.000000,1,1,1,83,231,61,61,60,0,0,61.00,36708,3310,31,0,0,0,36678,500.25,500.25,2,1587,0.0000,0.5000,0.5000,0.0000,0.5000
2026-04-28T17:36:47.984,1.398,1,0.40,1.50,0.00,0.00,1,0.0174,-0.0122,0.2596,0.0000,0.0000,0.0000,-84.18,-4.66,1,4.000,4.000,1.000,139,70,0,0.000,0.7600,0.0000,57.55,62.68,84,84,1.00000,1.00000,1.00000,1.00000,0.00000,3,3,0,1,23.48979,0.02833,1.88731,-0.0174,0.0122,0.0904,0.0000,0.0000,0.0000,-5.82,10.31,125.60,1,1,0.0000,0.0000,0.3500,-90.00,0.7600,0.4200,1.0000,8.00,180.00,10.000000,0.250000,0.000000,1.200000,0.000000,0.000000,1.200000,0.000000,0.000000,0.900000,0.000000,0.000000,0.850000,0.040000,0.000000,0.008000,0.000000,0.000600,0.008000,0.000000,0.000600,0.006000,0.000000,0.000000,1,1,1,84,231,61,61,60,0,0,61.00,36708,3310,31,0,0,0,36678,500.25,500.25,2,1587,0.0000,0.5000,0.5000,0.0000,0.5000
2026-04-28T17:36:47.999,1.413,1,0.40,1.50,0.00,0.00,1,0.0175,-0.0120,0.2593,0.0000,0.0000,0.0106,-84.18,0.00,1,4.000,4.000,1.000,139,70,0,0.000,0.7600,0.0000,58.11,59.20,85,85,1.00000,1.00000,1.00000,1.00000,0.00000,3,3,0,1,23.49277,0.02848,1.88498,-0.0175,0.0120,0.0907,0.0000,0.0000,0.0106,-5.82,10.49,125.63,1,1,0.0000,0.0000,0.3500,-90.00,0.7600,0.4200,1.0000,8.00,180.00,10.000000,0.250000,0.000000,1.200000,0.000000,0.000000,1.200000,0.000000,0.000000,0.900000,0.000000,0.000000,0.850000,0.040000,0.000000,0.008000,0.000000,0.000600,0.008000,0.000000,0.000600,0.006000,0.000000,0.000000,1,1,1,85,237,61,61,60,0,0,61.00,36708,3310,31,0,0,0,36678,500.25,500.25,2,1587,0.0000,0.5000,0.5000,0.0000,0.5000
2026-04-28T17:36:48.015,1.429,1,0.40,1.50,0.00,0.00,1,0.0175,-0.0119,0.2592,0.0000,0.0000,0.0000,-84.17,-0.60,1,4.000,4.000,1.000,139,70,0,0.000,0.7600,0.0000,66.46,59.91,86,86,1.00000,1.00000,1.00000,1.00000,0.00000,3,3,0,1,23.47789,0.02867,1.88442,-0.0175,0.0119,0.0908,0.0000,0.0000,0.0000,-5.83,10.70,125.68,1,1,0.0000,0.0000,0.3500,-90.00,0.7600,0.4200,1.0000,8.00,180.00,10.000000,0.250000,0.000000,1.200000,0.000000,0.000000,1.200000,0.000000,0.000000,0.900000,0.000000,0.000000,0.850000,0.040000,0.000000,0.008000,0.000000,0.000600,0.008000,0.000000,0.000600,0.006000,0.000000,0.000000,1,1,1,86,232,61,61,60,0,0,61.00,36708,3310,31,0,0,0,36678,500.25,500.25,2,1587,0.0000,0.5000,0.5000,0.0000,0.5000
2026-04-28T17:36:48.040,1.453,1,0.40,1.50,0.00,0.00,1,0.0176,-0.0122,0.2591,0.0000,0.0000,0.0000,-84.26,3.81,1,4.000,4.000,1.000,139,70,0,0.000,0.7600,0.0000,62.00,59.45,87,87,1.00000,1.00000,1.00000,1.00000,0.00000,3,3,0,1,23.48624,0.02931,1.88947,-0.0176,0.0122,0.0909,0.0000,0.0000,0.0000,-5.74,10.89,125.73,1,1,0.0000,0.0000,0.3500,-90.00,0.7600,0.4200,1.0000,8.00,180.00,10.000000,0.250000,0.000000,1.200000,0.000000,0.000000,1.200000,0.000000,0.000000,0.900000,0.000000,0.000000,0.850000,0.040000,0.000000,0.008000,0.000000,0.000600,0.008000,0.000000,0.000600,0.006000,0.000000,0.000000,1,1,1,87,233,61,61,60,0,0,61.00,36708,3310,31,0,0,0,36678,500.25,500.25,2,1587,0.0000,0.5000,0.5000,0.0000,0.5000
2026-04-28T17:36:48.053,1.467,1,0.40,1.50,0.00,0.00,1,0.0172,-0.0125,0.2592,0.0183,0.0110,0.0000,-84.16,-7.46,1,4.000,4.000,1.000,139,70,0,0.000,0.7600,0.0000,40.31,57.90,88,88,1.00000,1.00000,1.00000,1.00000,0.00000,3,3,0,1,23.49750,0.02905,1.88022,-0.0172,0.0125,0.0908,0.0183,0.0110,0.0000,-5.84,11.18,125.80,1,1,0.0000,0.0000,0.3500,-90.00,0.7600,0.4200,1.0000,8.00,180.00,10.000000,0.250000,0.000000,1.200000,0.000000,0.000000,1.200000,0.000000,0.000000,0.900000,0.000000,0.000000,0.850000,0.040000,0.000000,0.008000,0.000000,0.000600,0.008000,0.000000,0.000600,0.006000,0.000000,0.000000,1,1,1,88,240,61,61,60,0,0,61.00,36708,3310,31,0,0,0,36678,500.25,500.25,2,1587,0.0000,0.5000,0.5000,0.0000,0.5000
2026-04-28T17:36:48.070,1.484,1,0.40,1.50,0.00,0.00,1,0.0171,-0.0127,0.2588,0.0000,0.0103,0.0148,-84.19,1.78,1,4.000,4.000,1.000,139,70,0,0.000,0.7600,0.0000,75.01,63.09,89,89,1.00000,1.00000,1.00000,1.00000,0.00000,3,3,0,1,23.53526,0.02949,1.88606,-0.0171,0.0127,0.0912,0.0000,0.0103,0.0148,-5.81,11.51,125.90,1,1,0.0000,0.0000,0.3500,-90.00,0.7600,0.4200,1.0000,8.00,180.00,10.000000,0.250000,0.000000,1.200000,0.000000,0.000000,1.200000,0.000000,0.000000,0.900000,0.000000,0.000000,0.850000,0.040000,0.000000,0.008000,0.000000,0.000600,0.008000,0.000000,0.000600,0.006000,0.000000,0.000000,1,1,1,89,239,61,61,60,0,0,61.00,36708,3310,31,0,0,0,36678,500.25,500.25,2,1587,0.0000,0.5000,0.5000,0.0000,0.5000
2026-04-28T17:36:48.089,1.503,1,0.50,1.60,0.00,1.01,1,0.0170,-0.0131,0.2585,0.0000,0.0132,0.0137,-84.12,-3.66,1,4.000,4.000,1.000,139,70,0,0.000,0.7600,0.0000,57.83,55.83,90,90,1.00000,1.00000,1.00000,1.00000,0.00000,3,3,0,1,23.50519,0.02971,1.88791,-0.0170,0.0131,0.0915,0.0000,0.0132,0.0137,-5.88,11.93,126.01,1,1,0.0000,0.0000,0.3500,-90.00,0.7600,0.4200,1.0000,8.00,180.00,10.000000,0.250000,0.000000,1.200000,0.000000,0.000000,1.200000,0.000000,0.000000,0.900000,0.000000,0.000000,0.850000,0.040000,0.000000,0.008000,0.000000,0.000600,0.008000,0.000000,0.000600,0.006000,0.000000,0.000000,1,1,1,90,241,61,61,60,0,0,61.00,36708,3310,31,0,0,0,36678,500.25,500.25,2,1587,0.0000,0.5000,0.5000,0.0000,0.5000
2026-04-28T17:36:48.099,1.513,1,0.50,1.60,0.00,1.01,1,0.0168,-0.0129,0.2582,0.0128,0.0000,0.0215,-84.03,-8.28,1,4.000,4.000,1.000,139,70,0,0.000,0.7600,0.0000,53.74,64.63,91,91,1.00000,1.00000,1.00000,1.00000,0.00000,3,3,0,1,23.50141,0.02968,1.88235,-0.0168,0.0129,0.0918,0.0128,0.0000,0.0215,-5.97,12.43,126.05,1,1,0.0000,0.0000,0.3500,-90.00,0.7600,0.4200,1.0000,8.00,180.00,10.000000,0.250000,0.000000,1.200000,0.000000,0.000000,1.200000,0.000000,0.000000,0.900000,0.000000,0.000000,0.850000,0.040000,0.000000,0.008000,0.000000,0.000600,0.008000,0.000000,0.000600,0.006000,0.000000,0.000000,1,1,1,91,241,61,61,60,0,0,61.00,36708,3310,31,0,0,0,36678,500.25,500.25,2,1587,0.0000,0.5000,0.5000,0.0000,0.5000
2026-04-28T17:36:48.116,1.529,1,0.50,1.60,0.00,1.01,1,0.0164,-0.0133,0.2578,0.0200,0.0152,0.0201,-84.06,1.89,1,4.000,4.000,1.000,139,70,0,0.000,0.7600,0.0000,96.72,60.63,92,92,1.00000,1.00000,1.00000,1.00000,0.00000,3,3,0,1,23.42335,0.03118,1.88571,-0.0164,0.0133,0.0922,0.0200,0.0152,0.0201,-5.94,13.21,126.21,1,1,0.0000,0.0000,0.3500,-90.00,0.7600,0.4200,1.0000,8.00,180.00,10.000000,0.250000,0.000000,1.200000,0.000000,0.000000,1.200000,0.000000,0.000000,0.900000,0.000000,0.000000,0.850000,0.040000,0.000000,0.008000,0.000000,0.000600,0.008000,0.000000,0.000600,0.006000,0.000000,0.000000,1,1,1,92,243,61,61,60,0,0,61.00,36708,3310,91,0,0,0,36738,334.67,334.67,3,1146,0.0000,0.5090,0.5130,0.0840,0.7800
2026-04-28T17:36:48.134,1.547,1,0.50,1.60,0.00,1.01,1,0.0164,-0.0136,0.2574,0.0000,0.0114,0.0216,-84.20,7.83,1,4.000,4.000,3.300,139,68,0,0.000,0.7600,0.0000,61.09,59.80,93,93,1.00000,1.00000,1.00000,1.00000,0.00000,3,3,0,1,23.58196,0.03206,1.88799,-0.0164,0.0136,0.0926,0.0000,0.0114,0.0216,-5.80,14.07,126.39,1,1,0.0000,0.0000,0.3500,-90.00,0.7600,0.4200,1.0000,8.00,180.00,10.000000,0.250000,0.000000,1.200000,0.000000,0.000000,1.200000,0.000000,0.000000,0.900000,0.000000,0.000000,0.850000,0.040000,0.000000,0.008000,0.000000,0.000600,0.008000,0.000000,0.000600,0.006000,0.000000,0.000000,1,1,1,93,240,61,61,60,0,0,61.00,36708,3310,91,0,0,0,36738,334.67,334.67,3,1146,0.0000,0.5090,0.5130,0.0840,0.7800
2026-04-28T17:36:48.151,1.565,1,0.50,1.60,0.00,1.01,1,0.0154,-0.0135,0.2562,0.0368,0.0000,0.0478,-83.93,-15.50,1,4.000,4.000,3.300,139,68,0,0.000,0.7600,0.0000,56.52,60.94,94,94,1.00000,1.00000,1.00000,1.00000,0.00000,3,3,0,1,23.58689,0.03336,1.88009,-0.0154,0.0135,0.0938,0.0368,0.0000,0.0478,-6.07,15.68,126.70,1,1,0.0000,0.0000,0.3500,-90.00,0.7600,0.4200,1.0000,8.00,180.00,10.000000,0.250000,0.000000,1.200000,0.000000,0.000000,1.200000,0.000000,0.000000,0.900000,0.000000,0.000000,0.850000,0.040000,0.000000,0.008000,0.000000,0.000600,0.008000,0.000000,0.000600,0.006000,0.000000,0.000000,1,1,1,94,240,61,61,60,0,0,61.00,36708,3310,91,0,0,0,36738,334.67,334.67,3,1146,0.0000,0.5090,0.5130,0.0840,0.7800
2026-04-28T17:36:48.168,1.581,1,0.50,1.60,0.00,1.01,1,0.0140,-0.0136,0.2550,0.0552,0.0000,0.0560,-83.70,-13.95,1,4.000,4.000,3.300,139,68,0,0.000,0.7600,0.0000,56.92,58.86,95,95,1.00000,1.00000,1.00000,1.00000,0.00000,3,3,0,1,23.75006,0.03561,1.87164,-0.0140,0.0136,0.0950,0.0552,0.0000,0.0560,-6.30,17.68,127.04,1,1,0.0000,0.0000,0.3500,-90.00,0.7600,0.4200,1.0000,8.00,180.00,10.000000,0.250000,0.000000,1.200000,0.000000,0.000000,1.200000,0.000000,0.000000,0.900000,0.000000,0.000000,0.850000,0.040000,0.000000,0.008000,0.000000,0.000600,0.008000,0.000000,0.000600,0.006000,0.000000,0.000000,1,1,1,95,240,61,61,60,0,0,61.00,36708,3310,91,0,0,0,36738,334.67,334.67,3,1146,0.0000,0.5090,0.5130,0.0840,0.7800
2026-04-28T17:36:48.183,1.596,1,3.10,-0.40,25.75,-19.74,1,0.0120,-0.0140,0.2538,0.0880,0.0181,0.0655,-83.55,-9.94,1,4.000,4.000,3.300,139,68,0,0.000,0.7600,0.0000,61.99,59.97,96,96,1.00000,1.00000,1.00000,1.00000,0.00000,3,3,0,1,23.81923,0.03882,1.85453,-0.0120,0.0140,0.0962,0.0880,0.0181,0.0655,-6.45,20.32,127.69,1,1,0.0000,0.0000,0.3500,-90.00,0.7600,0.4200,1.0000,8.00,180.00,10.000000,0.250000,0.000000,1.200000,0.000000,0.000000,1.200000,0.000000,0.000000,0.900000,0.000000,0.000000,0.850000,0.040000,0.000000,0.008000,0.000000,0.000600,0.008000,0.000000,0.000600,0.006000,0.000000,0.000000,1,1,1,96,245,61,61,60,0,0,61.00,36708,3310,91,0,0,0,36738,334.67,334.67,3,1146,0.0000,0.5090,0.5130,0.0840,0.7800
2026-04-28T17:36:48.201,1.614,1,3.10,-0.40,25.75,-19.74,1,0.0092,-0.0135,0.2514,0.1200,0.0000,0.0990,-83.10,-24.43,1,4.000,4.000,3.300,139,68,0,0.000,0.7600,0.0000,66.89,59.00,97,97,1.00000,1.00000,1.00000,1.00000,0.00000,3,3,0,1,24.04680,0.04108,1.83644,-0.0092,0.0135,0.0986,0.1200,0.0000,0.0990,-6.90,23.59,128.45,1,1,0.0000,0.0000,0.3500,-90.00,0.7600,0.4200,1.0000,8.00,180.00,10.000000,0.250000,0.000000,1.200000,0.000000,0.000000,1.200000,0.000000,0.000000,0.900000,0.000000,0.000000,0.850000,0.040000,0.000000,0.008000,0.000000,0.000600,0.008000,0.000000,0.000600,0.006000,0.000000,0.000000,1,1,1,97,239,61,61,60,0,0,61.00,36708,3310,91,0,0,0,36738,334.67,334.67,3,1146,0.0000,0.5090,0.5130,0.0840,0.7800
2026-04-28T17:36:48.218,1.632,1,3.10,-0.40,25.75,-19.74,1,0.0066,-0.0126,0.2502,0.1309,-0.0284,0.0791,-83.00,-5.98,1,4.000,4.000,3.300,139,68,0,0.000,0.7600,0.0000,54.31,61.29,98,98,1.00000,1.00000,1.00000,1.00000,0.00000,3,3,0,1,24.33811,0.04437,1.78948,-0.0066,0.0126,0.0998,0.1309,-0.0284,0.0791,-7.00,27.22,129.49,1,1,0.0000,0.0000,0.3500,-90.00,0.7600,0.4200,1.0000,8.00,180.00,10.000000,0.250000,0.000000,1.200000,0.000000,0.000000,1.200000,0.000000,0.000000,0.900000,0.000000,0.000000,0.850000,0.040000,0.000000,0.008000,0.000000,0.000600,0.008000,0.000000,0.000600,0.006000,0.000000,0.000000,1,1,1,98,241,61,61,60,0,0,61.00,36708,3310,91,0,0,0,36738,334.67,334.67,3,1146,0.0000,0.5090,0.5130,0.0840,0.7800
2026-04-28T17:36:48.234,1.647,1,3.10,-0.40,25.75,-19.74,1,-0.0362,0.0043,0.2587,1.1174,-0.5489,-0.2320,-158.18,4728.19,1,4.000,4.000,3.300,139,68,0,0.000,0.7600,0.0000,58.24,59.91,99,99,1.00000,1.00000,1.00000,1.00000,0.00000,3,3,0,1,24.67158,0.03084,1.92667,0.0362,-0.0043,0.0913,1.1174,-0.5489,-0.2320,68.18,15.25,-176.91,1,1,0.0000,0.0000,0.3500,-90.00,0.7600,0.4200,1.0000,8.00,180.00,10.000000,0.250000,0.000000,1.200000,0.000000,0.000000,1.200000,0.000000,0.000000,0.900000,0.000000,0.000000,0.850000,0.040000,0.000000,0.008000,0.000000,0.000600,0.008000,0.000000,0.000600,0.006000,0.000000,0.000000,1,1,1,99,248,61,61,60,0,0,61.00,36708,3310,91,0,0,0,36738,334.67,334.67,3,1146,0.0000,0.5090,0.5130,0.0840,0.7800
2026-04-28T17:36:48.249,1.663,1,3.10,-0.40,25.75,-19.74,1,-0.0485,0.0097,0.2628,0.7001,-0.3634,-0.2074,164.45,2266.75,1,4.000,4.000,3.300,139,68,0,0.000,0.7600,0.0000,64.46,64.82,100,100,1.00000,1.00000,1.00000,1.00000,0.00000,3,3,0,1,24.85946,0.02863,1.91508,0.0485,-0.0097,0.0872,0.7001,-0.3634,-0.2074,105.55,7.66,-149.77,1,1,0.0000,0.0000,0.3500,-90.00,0.7600,0.4200,1.0000,8.00,180.00,10.000000,0.250000,0.000000,1.200000,0.000000,0.000000,1.200000,0.000000,0.000000,0.900000,0.000000,0.000000,0.850000,0.040000,0.000000,0.008000,0.000000,0.000600,0.008000,0.000000,0.000600,0.006000,0.000000,0.000000,1,1,1,100,245,61,61,60,0,0,61.00,36708,3310,91,0,0,0,36738,334.67,334.67,3,1146,0.0000,0.5090,0.5130,0.0840,0.7800
2026-04-28T17:36:48.268,1.681,1,3.10,-0.40,25.75,-19.74,1,-0.0525,0.0112,0.2641,0.4367,-0.2184,-0.1263,145.65,1528.01,1,4.000,4.000,3.300,139,68,0,0.000,0.7600,0.0000,61.48,55.50,101,101,1.00000,1.00000,1.00000,1.00000,0.00000,3,3,0,1,24.97043,0.02774,1.91270,0.0525,-0.0112,0.0859,0.4367,-0.2184,-0.1263,124.35,3.09,-136.04,1,1,0.0000,0.0000,0.3500,-90.00,0.7600,0.4200,1.0000,8.00,180.00,10.000000,0.250000,0.000000,1.200000,0.000000,0.000000,1.200000,0.000000,0.000000,0.900000,0.000000,0.000000,0.850000,0.040000,0.000000,0.008000,0.000000,0.000600,0.008000,0.000000,0.000600,0.006000,0.000000,0.000000,1,1,1,101,248,61,61,60,0,0,61.00,36708,3310,91,0,0,0,36738,334.67,334.67,3,1146,0.0000,0.5090,0.5130,0.0840,0.7800
2026-04-28T17:36:48.281,1.695,1,5.80,-8.50,26.46,-79.43,1,-0.0530,0.0110,0.2657,0.2726,-0.1267,-0.1218,136.19,478.00,1,4.000,4.000,3.300,139,68,0,0.000,0.7600,0.0000,56.54,63.46,102,102,1.00000,1.00000,1.00000,1.00000,0.00000,3,3,0,1,25.02763,0.02603,1.88703,0.0530,-0.0110,0.0843,0.2726,-0.1267,-0.1218,133.81,-0.10,-128.99,1,1,0.0000,0.0000,0.3500,-90.00,0.7600,0.4200,1.0000,8.00,180.00,10.000000,0.250000,0.000000,1.200000,0.000000,0.000000,1.200000,0.000000,0.000000,0.900000,0.000000,0.000000,0.850000,0.040000,0.000000,0.008000,0.000000,0.000600,0.008000,0.000000,0.000600,0.006000,0.000000,0.000000,1,1,1,102,248,61,61,60,0,0,61.00,36708,3310,91,0,0,0,36738,334.67,334.67,3,1146,0.0000,0.5090,0.5130,0.0840,0.7800
2026-04-28T17:36:48.299,1.712,1,5.80,-8.50,26.46,-79.43,1,-0.0527,0.0097,0.2670,0.1701,-0.0468,-0.1037,131.16,308.75,1,4.000,4.000,3.300,139,68,0,0.000,0.7600,0.0000,73.79,57.34,103,103,1.00000,1.00000,1.00000,1.00000,0.00000,3,3,0,1,24.89124,0.02504,1.86798,0.0527,-0.0097,0.0830,0.1701,-0.0468,-0.1037,138.84,-2.40,-125.46,1,1,0.0000,0.0000,0.3500,-90.00,0.7600,0.4200,1.0000,8.00,180.00,10.000000,0.250000,0.000000,1.200000,0.000000,0.000000,1.200000,0.000000,0.000000,0.900000,0.000000,0.000000,0.850000,0.040000,0.000000,0.008000,0.000000,0.000600,0.008000,0.000000,0.000600,0.006000,0.000000,0.000000,1,1,1,103,246,61,61,60,0,0,61.00,36708,3310,91,0,0,0,36738,334.67,334.67,3,1146,0.0000,0.5090,0.5130,0.0840,0.7800
2026-04-28T17:36:48.313,1.727,1,5.80,-8.50,26.46,-79.43,1,-0.0515,0.0066,0.2673,0.0776,0.0596,-0.0693,127.62,222.23,1,4.000,4.000,3.300,139,68,0,0.000,0.7600,0.0000,57.89,89.75,104,104,1.00000,1.00000,1.00000,1.00000,0.00000,3,3,0,1,24.55869,0.02475,1.85132,0.0515,-0.0066,0.0827,0.0776,0.0596,-0.0693,142.38,-3.23,-124.08,1,1,0.0000,0.0000,0.3500,-90.00,0.7600,0.4200,1.0000,8.00,180.00,10.000000,0.250000,0.000000,1.200000,0.000000,0.000000,1.200000,0.000000,0.000000,0.900000,0.000000,0.000000,0.850000,0.040000,0.000000,0.008000,0.000000,0.000600,0.008000,0.000000,0.000600,0.006000,0.000000,0.000000,1,1,1,104,247,61,61,60,0,0,61.00,36708,3310,91,0,0,0,36738,334.67,334.67,3,1146,0.0000,0.5090,0.5130,0.0840,0.7800
2026-04-28T17:36:48.329,1.742,1,5.80,-8.50,26.46,-79.43,1,-0.0508,0.0042,0.2669,0.0415,0.0732,-0.0278,125.36,148.46,1,4.000,4.000,3.300,139,68,0,0.000,0.7600,0.0000,71.82,45.57,105,105,1.00000,1.00000,1.00000,1.00000,0.00000,3,3,0,1,24.37587,0.02539,1.86008,0.0508,-0.0042,0.0831,0.0415,0.0732,-0.0278,144.64,-3.20,-123.51,1,1,0.0000,0.0000,0.3500,-90.00,0.7600,0.4200,1.0000,8.00,180.00,10.000000,0.250000,0.000000,1.200000,0.000000,0.000000,1.200000,0.000000,0.000000,0.900000,0.000000,0.000000,0.850000,0.040000,0.000000,0.008000,0.000000,0.000600,0.008000,0.000000,0.000600,0.006000,0.000000,0.000000,1,1,1,105,247,61,61,60,0,0,61.00,36708,3310,91,0,0,0,36738,334.67,334.67,3,1146,0.0000,0.5090,0.5130,0.0840,0.7800
2026-04-28T17:36:48.348,1.762,1,5.80,-8.50,26.46,-79.43,1,-0.0502,0.0036,0.2661,0.0149,0.0451,0.0000,124.32,56.35,1,4.000,4.000,3.300,139,68,0,0.000,0.7600,0.0000,47.98,58.96,106,106,1.00000,1.00000,1.00000,1.00000,0.00000,3,3,0,1,24.32314,0.02587,1.86196,0.0502,-0.0036,0.0839,0.0149,0.0451,0.0000,145.68,-2.64,-123.38,1,1,0.0000,0.0000,0.3500,-90.00,0.7600,0.4200,1.0000,8.00,180.00,10.000000,0.250000,0.000000,1.200000,0.000000,0.000000,1.200000,0.000000,0.000000,0.900000,0.000000,0.000000,0.850000,0.040000,0.000000,0.008000,0.000000,0.000600,0.008000,0.000000,0.000600,0.006000,0.000000,0.000000,1,1,1,106,242,61,61,60,0,0,61.00,36708,3310,91,0,0,0,36738,334.67,334.67,3,1146,0.0000,0.5090,0.5130,0.0840,0.7800
2026-04-28T17:36:48.365,1.778,1,5.80,-8.50,26.46,-79.43,1,-0.0501,0.0031,0.2657,0.0145,0.0428,0.0000,123.60,42.84,1,4.000,4.000,3.300,139,68,0,0.000,0.7600,0.0000,67.36,60.36,107,107,1.00000,1.00000,1.00000,1.00000,0.00000,3,3,0,1,24.30571,0.02690,1.87351,0.0501,-0.0031,0.0843,0.0145,0.0428,0.0000,146.40,-1.80,-123.36,1,1,0.0000,0.0000,0.3500,-90.00,0.7600,0.4200,1.0000,8.00,180.00,10.000000,0.250000,0.000000,1.200000,0.000000,0.000000,1.200000,0.000000,0.000000,0.900000,0.000000,0.000000,0.850000,0.040000,0.000000,0.008000,0.000000,0.000600,0.008000,0.000000,0.000600,0.006000,0.000000,0.000000,1,1,1,107,240,61,61,60,0,0,61.00,36708,3310,91,0,0,0,36738,334.67,334.67,3,1146,0.0000,0.5090,0.5130,0.0840,0.7800
2026-04-28T17:36:48.379,1.792,1,-0.30,1.20,-59.77,95.04,1,-0.0498,0.0027,0.2656,0.0000,0.0328,0.0000,123.10,34.01,1,4.000,4.000,4.900,140,65,0,0.000,0.7600,0.0000,59.91,60.07,108,108,1.00000,1.00000,1.00000,1.00000,0.00000,3,3,0,1,24.25049,0.02696,1.87367,0.0498,-0.0027,0.0844,0.0000,0.0328,0.0000,146.90,-1.21,-123.35,1,1,0.0000,0.0000,0.3500,-90.00,0.7600,0.4200,1.0000,8.00,180.00,10.000000,0.250000,0.000000,1.200000,0.000000,0.000000,1.200000,0.000000,0.000000,0.900000,0.000000,0.000000,0.850000,0.040000,0.000000,0.008000,0.000000,0.000600,0.008000,0.000000,0.000600,0.006000,0.000000,0.000000,1,1,1,108,237,61,61,60,0,0,61.00,36708,3310,91,0,0,0,36738,334.67,334.67,3,1146,0.0000,0.5090,0.5130,0.0840,0.7800
2026-04-28T17:36:48.398,1.812,1,-0.30,1.20,-59.77,95.04,1,-0.0498,0.0027,0.2657,0.0000,0.0182,0.0000,122.82,15.15,1,4.000,4.000,4.900,140,65,0,0.000,0.7600,0.0000,78.08,59.93,109,109,1.00000,1.00000,1.00000,1.00000,0.00000,3,3,0,1,24.24090,0.02695,1.87171,0.0498,-0.0027,0.0843,0.0000,0.0182,0.0000,147.18,-0.99,-123.31,1,1,0.0000,0.0000,0.3500,-90.00,0.7600,0.4200,1.0000,8.00,180.00,10.000000,0.250000,0.000000,1.200000,0.000000,0.000000,1.200000,0.000000,0.000000,0.900000,0.000000,0.000000,0.850000,0.040000,0.000000,0.008000,0.000000,0.000600,0.008000,0.000000,0.000600,0.006000,0.000000,0.000000,1,1,1,109,238,61,61,60,0,0,61.00,36708,3310,91,0,0,0,36738,334.67,334.67,3,1146,0.0000,0.5090,0.5130,0.0840,0.7800
2026-04-28T17:36:48.417,1.830,1,-0.30,1.20,-59.77,95.04,1,-0.0497,0.0029,0.2654,0.0000,0.0000,0.0000,122.63,11.04,1,4.000,4.000,4.900,140,65,0,0.000,0.7600,0.0000,48.81,62.22,110,110,1.00000,1.00000,1.00000,1.00000,0.00000,3,3,0,1,24.33164,0.02709,1.87261,0.0497,-0.0029,0.0846,0.0000,0.0000,0.0000,147.37,-0.80,-123.35,1,1,0.0000,0.0000,0.3500,-90.00,0.7600,0.4200,1.0000,8.00,180.00,10.000000,0.250000,0.000000,1.200000,0.000000,0.000000,1.200000,0.000000,0.000000,0.900000,0.000000,0.000000,0.850000,0.040000,0.000000,0.008000,0.000000,0.000600,0.008000,0.000000,0.000600,0.006000,0.000000,0.000000,1,1,1,110,233,61,61,60,0,0,61.00,36708,3310,91,0,0,0,36738,334.67,334.67,3,1146,0.0000,0.5090,0.5130,0.0840,0.7800
2026-04-28T17:36:48.432,1.846,1,-0.30,1.20,-59.77,95.04,1,-0.0497,0.0029,0.2655,0.0000,0.0000,0.0000,122.62,0.60,1,4.000,4.000,4.900,140,65,0,0.000,0.7600,0.0000,52.52,57.80,111,111,1.00000,1.00000,1.00000,1.00000,0.00000,3,3,0,1,24.25940,0.02707,1.87287,0.0497,-0.0029,0.0845,0.0000,0.0000,0.0000,147.38,-0.72,-123.34,1,1,0.0000,0.0000,0.3500,-90.00,0.7600,0.4200,1.0000,8.00,180.00,10.000000,0.250000,0.000000,1.200000,0.000000,0.000000,1.200000,0.000000,0.000000,0.900000,0.000000,0.000000,0.850000,0.040000,0.000000,0.008000,0.000000,0.000600,0.008000,0.000000,0.000600,0.006000,0.000000,0.000000,1,1,1,111,234,61,61,60,0,0,61.00,36708,3310,91,0,0,0,36738,334.67,334.67,3,1146,0.0000,0.5090,0.5130,0.0840,0.7800
2026-04-28T17:36:48.453,1.867,1,-0.30,1.20,-59.77,95.04,1,-0.0497,0.0027,0.2659,0.0000,0.0000,0.0000,122.61,0.47,1,4.000,4.000,4.900,140,65,0,0.000,0.7600,0.0000,67.53,61.57,112,112,1.00000,1.00000,1.00000,1.00000,0.00000,3,3,0,1,24.24530,0.02707,1.87291,0.0497,-0.0027,0.0841,0.0000,0.0000,0.0000,147.39,-0.68,-123.33,1,1,0.0000,0.0000,0.3500,-90.00,0.7600,0.4200,1.0000,8.00,180.00,10.000000,0.250000,0.000000,1.200000,0.000000,0.000000,1.200000,0.000000,0.000000,0.900000,0.000000,0.000000,0.850000,0.040000,0.000000,0.008000,0.000000,0.000600,0.008000,0.000000,0.000600,0.006000,0.000000,0.000000,1,1,1,112,234,61,61,60,0,0,61.00,36708,3310,91,0,0,0,36738,334.67,334.67,3,1146,0.0000,0.5090,0.5130,0.0840,0.7800
2026-04-28T17:36:48.470,1.883,1,-0.30,1.20,-59.77,95.04,1,-0.0497,0.0027,0.2658,0.0000,0.0000,0.0000,122.51,6.12,1,4.000,4.000,4.900,140,65,0,0.000,0.7600,0.0000,46.65,65.32,113,113,1.00000,1.00000,1.00000,1.00000,0.00000,3,3,0,1,24.27105,0.02705,1.87268,0.0497,-0.0027,0.0842,0.0000,0.0000,0.0000,147.49,-0.67,-123.33,1,1,0.0000,0.0000,0.3500,-90.00,0.7600,0.4200,1.0000,8.00,180.00,10.000000,0.250000,0.000000,1.200000,0.000000,0.000000,1.200000,0.000000,0.000000,0.900000,0.000000,0.000000,0.850000,0.040000,0.000000,0.008000,0.000000,0.000600,0.008000,0.000000,0.000600,0.006000,0.000000,0.000000,1,1,1,113,234,61,61,60,0,0,61.00,36708,3310,91,0,0,0,36738,334.67,334.67,3,1146,0.0000,0.5090,0.5130,0.0840,0.7800
2026-04-28T17:36:48.485,1.899,1,0.50,1.70,7.89,4.94,1,-0.0496,0.0027,0.2656,0.0000,0.0000,0.0000,122.47,2.58,1,4.000,4.000,4.900,140,65,0,0.000,0.7600,0.0000,61.40,54.63,114,114,1.00000,1.00000,1.00000,1.00000,0.00000,3,3,0,1,24.31629,0.02712,1.87755,0.0496,-0.0027,0.0844,0.0000,0.0000,0.0000,147.53,-0.62,-123.35,1,1,0.0000,0.0000,0.3500,-90.00,0.7600,0.4200,1.0000,8.00,180.00,10.000000,0.250000,0.000000,1.200000,0.000000,0.000000,1.200000,0.000000,0.000000,0.900000,0.000000,0.000000,0.850000,0.040000,0.000000,0.008000,0.000000,0.000600,0.008000,0.000000,0.000600,0.006000,0.000000,0.000000,1,1,1,114,234,61,61,60,0,0,61.00,36708,3310,91,0,0,0,36738,334.67,334.67,3,1146,0.0000,0.5090,0.5130,0.0840,0.7800
2026-04-28T17:36:48.502,1.915,1,0.50,1.70,7.89,4.94,1,-0.0498,0.0028,0.2657,0.0000,0.0000,0.0000,122.58,-10.75,1,4.000,4.000,4.900,140,65,0,0.000,0.7600,0.0000,63.61,66.01,115,115,1.00000,1.00000,1.00000,1.00000,0.00000,3,3,0,1,24.28699,0.02710,1.87574,0.0498,-0.0028,0.0843,0.0000,0.0000,0.0000,147.42,-0.70,-123.32,1,1,0.0000,0.0000,0.3500,-90.00,0.7600,0.4200,1.0000,8.00,180.00,10.000000,0.250000,0.000000,1.200000,0.000000,0.000000,1.200000,0.000000,0.000000,0.900000,0.000000,0.000000,0.850000,0.040000,0.000000,0.008000,0.000000,0.000600,0.008000,0.000000,0.000600,0.006000,0.000000,0.000000,1,1,1,115,233,61,61,60,0,0,61.00,36708,3310,91,0,0,0,36738,334.67,334.67,3,1146,0.0000,0.5090,0.5130,0.0840,0.7800
2026-04-28T17:36:48.515,1.929,1,0.50,1.70,7.89,4.94,1,-0.0497,0.0027,0.2658,0.0000,0.0000,0.0000,122.46,5.81,1,4.000,4.000,4.900,140,65,0,0.000,0.7600,0.0000,61.43,55.74,116,116,1.00000,1.00000,1.00000,1.00000,0.00000,3,3,0,1,24.21356,0.02692,1.87471,0.0497,-0.0027,0.0842,0.0000,0.0000,0.0000,147.54,-0.66,-123.30,1,1,0.0000,0.0000,0.3500,-90.00,0.7600,0.4200,1.0000,8.00,180.00,10.000000,0.250000,0.000000,1.200000,0.000000,0.000000,1.200000,0.000000,0.000000,0.900000,0.000000,0.000000,0.850000,0.040000,0.000000,0.008000,0.000000,0.000600,0.008000,0.000000,0.000600,0.006000,0.000000,0.000000,1,1,1,116,233,61,61,60,0,0,61.00,36708,3310,91,0,0,0,36738,334.67,334.67,3,1146,0.0000,0.5090,0.5130,0.0840,0.7800
2026-04-28T17:36:48.532,1.945,1,0.50,1.70,7.89,4.94,1,-0.0497,0.0028,0.2656,0.0000,0.0000,0.0000,122.45,0.60,1,4.000,4.000,4.900,140,65,0,0.000,0.7600,0.0000,64.57,60.95,117,117,1.00000,1.00000,1.00000,1.00000,0.00000,3,3,0,1,24.22950,0.02696,1.87475,0.0497,-0.0028,0.0844,0.0000,0.0000,0.0000,147.55,-0.62,-123.31,1,1,0.0000,0.0000,0.3500,-90.00,0.7600,0.4200,1.0000,8.00,180.00,10.000000,0.250000,0.000000,1.200000,0.000000,0.000000,1.200000,0.000000,0.000000,0.900000,0.000000,0.000000,0.850000,0.040000,0.000000,0.008000,0.000000,0.000600,0.008000,0.000000,0.000600,0.006000,0.000000,0.000000,1,1,1,117,234,61,61,60,0,0,61.00,36708,3310,91,0,0,0,36738,334.67,334.67,3,1146,0.0000,0.5090,0.5130,0.0840,0.7800
2026-04-28T17:36:48.550,1.964,1,0.50,1.70,7.89,4.94,1,-0.0497,0.0028,0.2657,0.0000,0.0000,0.0000,122.48,-1.76,1,4.000,4.000,4.900,140,65,0,0.000,0.7600,0.0000,61.93,59.62,118,118,1.00000,1.00000,1.00000,1.00000,0.00000,3,3,0,1,24.29882,0.02700,1.87596,0.0497,-0.0028,0.0843,0.0000,0.0000,0.0000,147.52,-0.65,-123.33,1,1,0.0000,0.0000,0.3500,-90.00,0.7600,0.4200,1.0000,8.00,180.00,10.000000,0.250000,0.000000,1.200000,0.000000,0.000000,1.200000,0.000000,0.000000,0.900000,0.000000,0.000000,0.850000,0.040000,0.000000,0.008000,0.000000,0.000600,0.008000,0.000000,0.000600,0.006000,0.000000,0.000000,1,1,1,118,234,61,61,60,0,0,61.00,36708,3310,91,0,0,0,36738,334.67,334.67,3,1146,0.0000,0.5090,0.5130,0.0840,0.7800
2026-04-28T17:36:48.568,1.981,1,0.50,1.70,7.89,4.94,1,-0.0497,0.0027,0.2656,0.0000,0.0000,0.0000,122.42,3.39,1,4.000,4.000,4.900,140,65,0,0.000,0.7600,0.0000,56.07,60.34,119,119,1.00000,1.00000,1.00000,1.00000,0.00000,3,3,0,1,24.31587,0.02707,1.88053,0.0497,-0.0027,0.0844,0.0000,0.0000,0.0000,147.58,-0.62,-123.36,1,1,0.0000,0.0000,0.3500,-90.00,0.7600,0.4200,1.0000,8.00,180.00,10.000000,0.250000,0.000000,1.200000,0.000000,0.000000,1.200000,0.000000,0.000000,0.900000,0.000000,0.000000,0.850000,0.040000,0.000000,0.008000,0.000000,0.000600,0.008000,0.000000,0.000600,0.006000,0.000000,0.000000,1,1,1,119,234,61,61,60,0,0,61.00,36708,3310,91,0,0,0,36738,334.67,334.67,3,1146,0.0000,0.5090,0.5130,0.0840,0.7800
2026-04-28T17:36:48.582,1.996,1,0.50,1.70,0.00,0.00,1,-0.0496,0.0028,0.2654,0.0000,0.0000,0.0000,122.40,1.26,1,4.000,4.000,4.900,140,65,0,0.000,0.7600,0.0000,60.49,58.26,120,120,1.00000,1.00000,1.00000,1.00000,0.00000,3,3,0,1,24.26356,0.02687,1.87138,0.0496,-0.0028,0.0846,0.0000,0.0000,0.0000,147.60,-0.62,-123.36,1,1,0.0000,0.0000,0.3500,-90.00,0.7600,0.4200,1.0000,8.00,180.00,10.000000,0.250000,0.000000,1.200000,0.000000,0.000000,1.200000,0.000000,0.000000,0.900000,0.000000,0.000000,0.850000,0.040000,0.000000,0.008000,0.000000,0.000600,0.008000,0.000000,0.000600,0.006000,0.000000,0.000000,1,1,1,120,233,61,61,60,0,0,61.00,36708,3310,91,0,0,0,36738,334.67,334.67,3,1146,0.0000,0.5090,0.5130,0.0840,0.7800
2026-04-28T17:36:48.600,2.014,1,0.50,1.70,0.00,0.00,1,-0.0496,0.0029,0.2655,0.0000,0.0000,0.0000,122.41,-0.60,1,4.000,4.000,4.900,140,65,0,0.000,0.7600,0.0000,64.22,61.66,121,121,1.00000,1.00000,1.00000,1.00000,0.00000,3,3,0,1,24.29532,0.02689,1.87365,0.0496,-0.0029,0.0845,0.0000,0.0000,0.0000,147.59,-0.67,-123.34,1,1,0.0000,0.0000,0.3500,-90.00,0.7600,0.4200,1.0000,8.00,180.00,10.000000,0.250000,0.000000,1.200000,0.000000,0.000000,1.200000,0.000000,0.000000,0.900000,0.000000,0.000000,0.850000,0.040000,0.000000,0.008000,0.000000,0.000600,0.008000,0.000000,0.000600,0.006000,0.000000,0.000000,1,1,1,121,234,61,61,60,0,0,61.00,36708,3310,91,0,0,0,36738,334.67,334.67,3,1146,0.0000,0.5090,0.5130,0.0840,0.7800
2026-04-28T17:36:48.618,2.031,1,0.50,1.70,0.00,0.00,1,-0.0498,0.0028,0.2655,0.0000,0.0000,0.0000,122.44,-2.58,1,4.000,4.000,4.900,140,65,0,0.000,0.7600,0.0000,60.01,57.62,122,122,1.00000,1.00000,1.00000,1.00000,0.00000,3,3,0,1,24.27289,0.02693,1.87916,0.0498,-0.0028,0.0845,0.0000,0.0000,0.0000,147.56,-0.65,-123.34,1,1,0.0000,0.0000,0.3500,-90.00,0.7600,0.4200,1.0000,8.00,180.00,10.000000,0.250000,0.000000,1.200000,0.000000,0.000000,1.200000,0.000000,0.000000,0.900000,0.000000,0.000000,0.850000,0.040000,0.000000,0.008000,0.000000,0.000600,0.008000,0.000000,0.000600,0.006000,0.000000,0.000000,1,1,1,122,234,121,121,120,0,0,60.00,36768,3235,91,0,0,0,36738,334.67,334.67,3,1146,0.0000,0.5090,0.5130,0.0840,0.7800
2026-04-28T17:36:48.634,2.047,1,0.50,1.70,0.00,0.00,1,-0.0496,0.0027,0.2656,0.0000,0.0000,0.0000,122.42,0.91,1,4.000,4.000,4.900,140,65,0,0.000,0.7600,0.0000,53.37,61.15,123,123,1.00000,1.00000,1.00000,1.00000,0.00000,3,3,0,1,24.22553,0.02701,1.86992,0.0496,-0.0027,0.0844,0.0000,0.0000,0.0000,147.58,-0.58,-123.33,1,1,0.0000,0.0000,0.3500,-90.00,0.7600,0.4200,1.0000,8.00,180.00,10.000000,0.250000,0.000000,1.200000,0.000000,0.000000,1.200000,0.000000,0.000000,0.900000,0.000000,0.000000,0.850000,0.040000,0.000000,0.008000,0.000000,0.000600,0.008000,0.000000,0.000600,0.006000,0.000000,0.000000,1,1,1,123,234,121,121,120,0,0,60.00,36768,3235,91,0,0,0,36738,334.67,334.67,3,1146,0.0000,0.5090,0.5130,0.0840,0.7800
2026-04-28T17:36:48.651,2.065,1,0.50,1.70,0.00,0.00,1,-0.0498,0.0029,0.2656,0.0000,0.0000,0.0000,122.49,-3.98,1,4.000,4.000,4.900,140,65,0,0.000,0.7600,0.0000,68.14,61.41,124,124,1.00000,1.00000,1.00000,1.00000,0.00000,3,3,0,1,24.28638,0.02716,1.87834,0.0498,-0.0029,0.0844,0.0000,0.0000,0.0000,147.51,-0.65,-123.31,1,1,0.0000,0.0000,0.3500,-90.00,0.7600,0.4200,1.0000,8.00,180.00,10.000000,0.250000,0.000000,1.200000,0.000000,0.000000,1.200000,0.000000,0.000000,0.900000,0.000000,0.000000,0.850000,0.040000,0.000000,0.008000,0.000000,0.000600,0.008000,0.000000,0.000600,0.006000,0.000000,0.000000,1,1,1,124,234,121,121,120,0,0,60.00,36768,3235,91,0,0,0,36738,334.67,334.67,3,1146,0.0000,0.5090,0.5130,0.0840,0.7800
2026-04-28T17:36:48.667,2.080,1,0.50,1.70,0.00,0.00,1,-0.0498,0.0028,0.2656,0.0000,0.0000,0.0000,122.56,-4.44,1,4.000,4.000,4.900,140,65,0,0.000,0.7600,0.0000,55.05,59.27,125,125,1.00000,1.00000,1.00000,1.00000,0.00000,3,3,0,1,24.29488,0.02718,1.87731,0.0498,-0.0028,0.0844,0.0000,0.0000,0.0000,147.44,-0.67,-123.30,1,1,0.0000,0.0000,0.3500,-90.00,0.7600,0.4200,1.0000,8.00,180.00,10.000000,0.250000,0.000000,1.200000,0.000000,0.000000,1.200000,0.000000,0.000000,0.900000,0.000000,0.000000,0.850000,0.040000,0.000000,0.008000,0.000000,0.000600,0.008000,0.000000,0.000600,0.006000,0.000000,0.000000,1,1,1,125,233,121,121,120,0,0,60.00,36768,3235,91,0,0,0,36738,334.67,334.67,3,1146,0.0000,0.5090,0.5130,0.0840,0.7800
2026-04-28T17:36:48.684,2.098,1,0.40,1.50,-1.01,-1.97,1,-0.0498,0.0027,0.2656,0.0000,0.0000,0.0000,122.37,11.08,1,4.000,4.000,4.900,140,65,0,0.000,0.7600,0.0000,66.27,60.10,126,126,1.00000,1.00000,1.00000,1.00000,0.00000,3,3,0,1,24.21828,0.02680,1.87604,0.0498,-0.0027,0.0844,0.0000,0.0000,0.0000,147.63,-0.66,-123.31,1,1,0.0000,0.0000,0.3500,-90.00,0.7600,0.4200,1.0000,8.00,180.00,10.000000,0.250000,0.000000,1.200000,0.000000,0.000000,1.200000,0.000000,0.000000,0.900000,0.000000,0.000000,0.850000,0.040000,0.000000,0.008000,0.000000,0.000600,0.008000,0.000000,0.000600,0.006000,0.000000,0.000000,1,1,1,126,234,121,121,120,0,0,60.00,36768,3235,91,0,0,0,36738,334.67,334.67,3,1146,0.0000,0.5090,0.5130,0.0840,0.7800
2026-04-28T17:36:48.694,2.108,1,0.40,1.50,-1.01,-1.97,1,-0.0498,0.0029,0.2657,0.0000,0.0000,0.0000,122.42,-4.42,1,4.000,4.000,4.900,140,65,0,0.000,0.7600,0.0000,56.30,100.94,127,127,1.00000,1.00000,1.00000,1.00000,0.00000,3,3,0,1,24.24837,0.02703,1.87508,0.0498,-0.0029,0.0843,0.0000,0.0000,0.0000,147.58,-0.70,-123.30,1,1,0.0000,0.0000,0.3500,-90.00,0.7600,0.4200,1.0000,8.00,180.00,10.000000,0.250000,0.000000,1.200000,0.000000,0.000000,1.200000,0.000000,0.000000,0.900000,0.000000,0.000000,0.850000,0.040000,0.000000,0.008000,0.000000,0.000600,0.008000,0.000000,0.000600,0.006000,0.000000,0.000000,1,1,1,127,232,121,121,120,0,0,60.00,36768,3235,91,0,0,0,36738,334.67,334.67,3,1146,0.0000,0.5090,0.5130,0.0840,0.7800
2026-04-28T17:36:48.715,2.128,1,0.40,1.50,-1.01,-1.97,1,-0.0498,0.0028,0.2657,0.0000,0.0000,0.0000,122.41,0.52,1,4.000,4.000,4.900,140,65,0,0.000,0.7600,0.0000,69.42,42.24,128,128,1.00000,1.00000,1.00000,1.00000,0.00000,3,3,0,1,24.28274,0.02707,1.87349,0.0498,-0.0028,0.0843,0.0000,0.0000,0.0000,147.59,-0.67,-123.30,1,1,0.0000,0.0000,0.3500,-90.00,0.7600,0.4200,1.0000,8.00,180.00,10.000000,0.250000,0.000000,1.200000,0.000000,0.000000,1.200000,0.000000,0.000000,0.900000,0.000000,0.000000,0.850000,0.040000,0.000000,0.008000,0.000000,0.000600,0.008000,0.000000,0.000600,0.006000,0.000000,0.000000,1,1,1,128,233,121,121,120,0,0,60.00,36768,3235,91,0,0,0,36738,334.67,334.67,3,1146,0.0000,0.5090,0.5130,0.0840,0.7800
2026-04-28T17:36:48.730,2.144,1,0.40,1.50,-1.01,-1.97,1,-0.0499,0.0029,0.2658,0.0000,0.0000,0.0000,122.53,-7.21,1,4.000,4.000,4.900,140,65,0,0.000,0.7600,0.0000,62.91,60.11,129,129,1.00000,1.00000,1.00000,1.00000,0.00000,3,3,0,1,24.25171,0.02703,1.87628,0.0499,-0.0029,0.0842,0.0000,0.0000,0.0000,147.47,-0.74,-123.28,1,1,0.0000,0.0000,0.3500,-90.00,0.7600,0.4200,1.0000,8.00,180.00,10.000000,0.250000,0.000000,1.200000,0.000000,0.000000,1.200000,0.000000,0.000000,0.900000,0.000000,0.000000,0.850000,0.040000,0.000000,0.008000,0.000000,0.000600,0.008000,0.000000,0.000600,0.006000,0.000000,0.000000,1,1,1,129,234,121,121,120,0,0,60.00,36768,3235,91,0,0,0,36738,334.67,334.67,3,1146,0.0000,0.5090,0.5130,0.0840,0.7800
2026-04-28T17:36:48.748,2.162,1,0.40,1.50,-1.01,-1.97,1,-0.0498,0.0029,0.2656,0.0000,0.0000,0.0000,122.51,1.20,1,4.000,4.000,4.900,140,65,0,0.000,0.7600,0.0000,68.34,59.83,130,130,1.00000,1.00000,1.00000,1.00000,0.00000,3,3,0,1,24.23633,0.02704,1.87355,0.0498,-0.0029,0.0844,0.0000,0.0000,0.0000,147.49,-0.68,-123.30,1,1,0.0000,0.0000,0.3500,-90.00,0.7600,0.4200,1.0000,8.00,180.00,10.000000,0.250000,0.000000,1.200000,0.000000,0.000000,1.200000,0.000000,0.000000,0.900000,0.000000,0.000000,0.850000,0.040000,0.000000,0.008000,0.000000,0.000600,0.008000,0.000000,0.000600,0.006000,0.000000,0.000000,1,1,1,130,233,121,121,120,0,0,60.00,36768,3235,91,0,0,0,36738,334.67,334.67,3,1146,0.0000,0.5090,0.5130,0.0840,0.7800
2026-04-28T17:36:48.765,2.178,1,0.40,1.50,-1.01,-1.97,1,-0.0497,0.0028,0.2657,0.0000,0.0000,0.0000,122.52,-0.60,1,4.000,4.000,4.900,140,65,0,0.000,0.7600,0.0000,53.50,59.82,131,131,1.00000,1.00000,1.00000,1.00000,0.00000,3,3,0,1,24.24375,0.02703,1.87298,0.0497,-0.0028,0.0843,0.0000,0.0000,0.0000,147.48,-0.67,-123.29,1,1,0.0000,0.0000,0.3500,-90.00,0.7600,0.4200,1.0000,8.00,180.00,10.000000,0.250000,0.000000,1.200000,0.000000,0.000000,1.200000,0.000000,0.000000,0.900000,0.000000,0.000000,0.850000,0.040000,0.000000,0.008000,0.000000,0.000600,0.008000,0.000000,0.000600,0.006000,0.000000,0.000000,1,1,1,131,234,121,121,120,0,0,60.00,36768,3235,91,0,0,0,36738,334.67,334.67,3,1146,0.0000,0.5090,0.5130,0.0840,0.7800
2026-04-28T17:36:48.779,2.192,1,0.40,1.50,-1.01,-1.97,1,-0.0496,0.0028,0.2655,0.0000,0.0000,0.0000,122.51,0.66,1,4.000,4.000,4.900,140,65,0,0.000,0.7600,0.0000,60.05,60.92,132,132,1.00000,1.00000,1.00000,1.00000,0.00000,3,3,0,1,24.31659,0.02709,1.87598,0.0496,-0.0028,0.0845,0.0000,0.0000,0.0000,147.49,-0.67,-123.31,1,1,0.0000,0.0000,0.3500,-90.00,0.7600,0.4200,1.0000,8.00,180.00,10.000000,0.250000,0.000000,1.200000,0.000000,0.000000,1.200000,0.000000,0.000000,0.900000,0.000000,0.000000,0.850000,0.040000,0.000000,0.008000,0.000000,0.000600,0.008000,0.000000,0.000600,0.006000,0.000000,0.000000,1,1,1,132,234,121,121,120,0,0,60.00,36768,3235,91,0,0,0,36738,334.67,334.67,3,1146,0.0000,0.5090,0.5130,0.0840,0.7800
2026-04-28T17:36:48.798,2.212,1,0.40,1.50,-1.01,-1.97,1,-0.0498,0.0029,0.2655,0.0000,0.0000,0.0000,122.54,-1.64,1,4.000,4.000,4.900,140,65,0,0.000,0.7600,0.0000,76.20,61.41,133,133,1.00000,1.00000,1.00000,1.00000,0.00000,3,3,0,1,24.31622,0.02716,1.87678,0.0498,-0.0029,0.0845,0.0000,0.0000,0.0000,147.46,-0.69,-123.31,1,1,0.0000,0.0000,0.3500,-90.00,0.7600,0.4200,1.0000,8.00,180.00,10.000000,0.250000,0.000000,1.200000,0.000000,0.000000,1.200000,0.000000,0.000000,0.900000,0.000000,0.000000,0.850000,0.040000,0.000000,0.008000,0.000000,0.000600,0.008000,0.000000,0.000600,0.006000,0.000000,0.000000,1,1,1,133,234,121,121,120,0,0,60.00,36768,3235,91,0,0,0,36738,334.67,334.67,3,1146,0.0000,0.5090,0.5130,0.0840,0.7800
2026-04-28T17:36:48.813,2.227,1,0.40,1.50,-1.01,-1.97,1,-0.0498,0.0028,0.2657,0.0000,0.0000,0.0000,122.53,0.63,1,4.000,4.000,4.900,140,65,0,0.000,0.7600,0.0000,49.18,58.15,134,134,1.00000,1.00000,1.00000,1.00000,0.00000,3,3,0,1,24.26164,0.02714,1.87521,0.0498,-0.0028,0.0843,0.0000,0.0000,0.0000,147.47,-0.67,-123.31,1,1,0.0000,0.0000,0.3500,-90.00,0.7600,0.4200,1.0000,8.00,180.00,10.000000,0.250000,0.000000,1.200000,0.000000,0.000000,1.200000,0.000000,0.000000,0.900000,0.000000,0.000000,0.850000,0.040000,0.000000,0.008000,0.000000,0.000600,0.008000,0.000000,0.000600,0.006000,0.000000,0.000000,1,1,1,134,234,121,121,120,0,0,60.00,36768,3235,91,0,0,0,36738,334.67,334.67,3,1146,0.0000,0.5090,0.5130,0.0840,0.7800
2026-04-28T17:36:48.831,2.245,1,0.30,1.20,-0.95,-2.92,1,-0.0497,0.0027,0.2657,0.0000,0.0000,0.0000,122.49,2.32,1,4.000,4.000,4.900,140,65,0,0.000,0.7600,0.0000,71.90,63.49,135,135,1.00000,1.00000,1.00000,1.00000,0.00000,3,3,0,1,24.26968,0.02701,1.87609,0.0497,-0.0027,0.0843,0.0000,0.0000,0.0000,147.51,-0.66,-123.32,1,1,0.0000,0.0000,0.3500,-90.00,0.7600,0.4200,1.0000,8.00,180.00,10.000000,0.250000,0.000000,1.200000,0.000000,0.000000,1.200000,0.000000,0.000000,0.900000,0.000000,0.000000,0.850000,0.040000,0.000000,0.008000,0.000000,0.000600,0.008000,0.000000,0.000600,0.006000,0.000000,0.000000,1,1,1,135,234,121,121,120,0,0,60.00,36768,3235,91,0,0,0,36738,334.67,334.67,3,1146,0.0000,0.5090,0.5130,0.0840,0.7800
2026-04-28T17:36:48.852,2.266,1,0.30,1.20,-0.95,-2.92,1,-0.0497,0.0027,0.2657,0.0000,0.0000,0.0000,122.56,-3.40,1,4.000,4.000,4.900,140,65,0,0.000,0.7600,0.0000,51.86,57.00,136,136,1.00000,1.00000,1.00000,1.00000,0.00000,3,3,0,1,24.25920,0.02706,1.87749,0.0497,-0.0027,0.0843,0.0000,0.0000,0.0000,147.44,-0.67,-123.31,1,1,0.0000,0.0000,0.3500,-90.00,0.7600,0.4200,1.0000,8.00,180.00,10.000000,0.250000,0.000000,1.200000,0.000000,0.000000,1.200000,0.000000,0.000000,0.900000,0.000000,0.000000,0.850000,0.040000,0.000000,0.008000,0.000000,0.000600,0.008000,0.000000,0.000600,0.006000,0.000000,0.000000,1,1,1,136,234,121,121,120,0,0,60.00,36768,3235,91,0,0,0,36738,334.67,334.67,3,1146,0.0000,0.5090,0.5130,0.0840,0.7800
2026-04-28T17:36:48.869,2.282,1,0.30,1.20,-0.95,-2.92,1,-0.0498,0.0027,0.2659,0.0000,0.0000,0.0000,122.65,-5.06,1,4.000,4.000,4.900,140,65,0,0.000,0.7600,0.0000,48.31,62.38,137,137,1.00000,1.00000,1.00000,1.00000,0.00000,3,3,0,1,24.23032,0.02709,1.87476,0.0498,-0.0027,0.0841,0.0000,0.0000,0.0000,147.35,-0.69,-123.28,1,1,0.0000,0.0000,0.3500,-90.00,0.7600,0.4200,1.0000,8.00,180.00,10.000000,0.250000,0.000000,1.200000,0.000000,0.000000,1.200000,0.000000,0.000000,0.900000,0.000000,0.000000,0.850000,0.040000,0.000000,0.008000,0.000000,0.000600,0.008000,0.000000,0.000600,0.006000,0.000000,0.000000,1,1,1,137,234,121,121,120,0,0,60.00,36768,3235,91,0,0,0,36738,334.67,334.67,3,1146,0.0000,0.5090,0.5130,0.0840,0.7800
2026-04-28T17:36:48.884,2.297,1,0.30,1.20,0.00,0.00,1,-0.0497,0.0028,0.2655,0.0000,0.0000,0.0000,122.55,7.18,1,4.000,4.000,1.100,140,68,0,0.000,0.7600,0.0000,56.50,57.37,138,138,1.00000,1.00000,1.00000,1.00000,0.00000,3,3,0,1,24.26096,0.02698,1.87068,0.0497,-0.0028,0.0845,0.0000,0.0000,0.0000,147.45,-0.65,-123.29,1,1,0.0000,0.0000,0.3500,-90.00,0.7600,0.4200,1.0000,8.00,180.00,10.000000,0.250000,0.000000,1.200000,0.000000,0.000000,1.200000,0.000000,0.000000,0.900000,0.000000,0.000000,0.850000,0.040000,0.000000,0.008000,0.000000,0.000600,0.008000,0.000000,0.000600,0.006000,0.000000,0.000000,1,1,1,138,234,121,121,120,0,0,60.00,36768,3235,91,0,0,0,36738,334.67,334.67,3,1146,0.0000,0.5090,0.5130,0.0840,0.7800
2026-04-28T17:36:48.902,2.315,1,0.30,1.20,0.00,0.00,1,-0.0499,0.0030,0.2657,0.0000,0.0000,0.0000,122.57,-1.70,1,4.000,4.000,1.100,140,68,0,0.000,0.7600,0.0000,67.81,77.52,139,139,1.00000,1.00000,1.00000,1.00000,0.00000,3,3,0,1,24.27337,0.02704,1.87628,0.0499,-0.0030,0.0843,0.0000,0.0000,0.0000,147.43,-0.73,-123.29,1,1,0.0000,0.0000,0.3500,-90.00,0.7600,0.4200,1.0000,8.00,180.00,10.000000,0.250000,0.000000,1.200000,0.000000,0.000000,1.200000,0.000000,0.000000,0.900000,0.000000,0.000000,0.850000,0.040000,0.000000,0.008000,0.000000,0.000600,0.008000,0.000000,0.000600,0.006000,0.000000,0.000000,1,1,1,139,234,121,121,120,0,0,60.00,36768,3235,91,0,0,0,36738,334.67,334.67,3,1146,0.0000,0.5090,0.5130,0.0840,0.7800
2026-04-28T17:36:48.918,2.331,1,0.30,1.20,0.00,0.00,1,-0.0498,0.0031,0.2655,0.0000,0.0000,0.0000,122.53,1.77,1,4.000,4.000,1.100,140,68,0,0.000,0.7600,0.0000,58.00,49.29,140,140,1.00000,1.00000,1.00000,1.00000,0.00000,3,3,0,1,24.29508,0.02705,1.87409,0.0498,-0.0031,0.0845,0.0000,0.0000,0.0000,147.47,-0.68,-123.31,1,1,0.0000,0.0000,0.3500,-90.00,0.7600,0.4200,1.0000,8.00,180.00,10.000000,0.250000,0.000000,1.200000,0.000000,0.000000,1.200000,0.000000,0.000000,0.900000,0.000000,0.000000,0.850000,0.040000,0.000000,0.008000,0.000000,0.000600,0.008000,0.000000,0.000600,0.006000,0.000000,0.000000,1,1,1,140,234,121,121,120,0,0,60.00,36768,3235,91,0,0,0,36738,334.67,334.67,3,1146,0.0000,0.5090,0.5130,0.0840,0.7800
2026-04-28T17:36:48.933,2.347,1,0.30,1.20,0.00,0.00,1,-0.0499,0.0029,0.2659,0.0000,0.0000,-0.0127,122.61,-5.26,1,4.000,4.000,1.100,140,68,0,0.000,0.7600,0.0000,63.60,62.74,141,141,1.00000,1.00000,1.00000,1.00000,0.00000,3,3,0,1,24.25030,0.02701,1.87518,0.0499,-0.0029,0.0841,0.0000,0.0000,-0.0127,147.39,-0.73,-123.29,1,1,0.0000,0.0000,0.3500,-90.00,0.7600,0.4200,1.0000,8.00,180.00,10.000000,0.250000,0.000000,1.200000,0.000000,0.000000,1.200000,0.000000,0.000000,0.900000,0.000000,0.000000,0.850000,0.040000,0.000000,0.008000,0.000000,0.000600,0.008000,0.000000,0.000600,0.006000,0.000000,0.000000,1,1,1,141,239,121,121,120,0,0,60.00,36768,3235,91,0,0,0,36738,334.67,334.67,3,1146,0.0000,0.5090,0.5130,0.0840,0.7800
2026-04-28T17:36:48.952,2.365,1,0.30,1.20,0.00,0.00,1,-0.0497,0.0028,0.2657,0.0000,0.0000,0.0000,122.55,4.85,1,4.000,4.000,1.100,140,68,0,0.000,0.7600,0.0000,63.22,80.71,142,142,1.00000,1.00000,1.00000,1.00000,0.00000,3,3,0,1,24.26913,0.02696,1.87494,0.0497,-0.0028,0.0843,0.0000,0.0000,0.0000,147.45,-0.71,-123.31,1,1,0.0000,0.0000,0.3500,-90.00,0.7600,0.4200,1.0000,8.00,180.00,10.000000,0.250000,0.000000,1.200000,0.000000,0.000000,1.200000,0.000000,0.000000,0.900000,0.000000,0.000000,0.850000,0.040000,0.000000,0.008000,0.000000,0.000600,0.008000,0.000000,0.000600,0.006000,0.000000,0.000000,1,1,1,142,234,121,121,120,0,0,60.00,36768,3235,91,0,0,0,36738,334.67,334.67,3,1146,0.0000,0.5090,0.5130,0.0840,0.7800
2026-04-28T17:36:48.966,2.379,1,0.30,1.20,0.00,0.00,1,-0.0497,0.0027,0.2656,0.0000,0.0000,0.0000,122.60,-2.51,1,4.000,4.000,1.100,140,68,0,0.000,0.7600,0.0000,57.72,47.16,143,143,1.00000,1.00000,1.00000,1.00000,0.00000,3,3,0,1,24.25015,0.02711,1.87349,0.0497,-0.0027,0.0844,0.0000,0.0000,0.0000,147.40,-0.64,-123.29,1,1,0.0000,0.0000,0.3500,-90.00,0.7600,0.4200,1.0000,8.00,180.00,10.000000,0.250000,0.000000,1.200000,0.000000,0.000000,1.200000,0.000000,0.000000,0.900000,0.000000,0.000000,0.850000,0.040000,0.000000,0.008000,0.000000,0.000600,0.008000,0.000000,0.000600,0.006000,0.000000,0.000000,1,1,1,143,233,121,121,120,0,0,60.00,36768,3235,91,0,0,0,36738,334.67,334.67,3,1146,0.0000,0.5090,0.5130,0.0840,0.7800
2026-04-28T17:36:48.984,2.398,1,0.30,1.20,0.00,0.00,1,-0.0499,0.0028,0.2658,0.0000,0.0000,0.0000,122.54,3.21,1,4.000,4.000,1.100,140,68,0,0.000,0.7600,0.0000,66.82,58.17,144,144,1.00000,1.00000,1.00000,1.00000,0.00000,3,3,0,1,24.23687,0.02688,1.87629,0.0499,-0.0028,0.0842,0.0000,0.0000,0.0000,147.46,-0.73,-123.30,1,1,0.0000,0.0000,0.3500,-90.00,0.7600,0.4200,1.0000,8.00,180.00,10.000000,0.250000,0.000000,1.200000,0.000000,0.000000,1.200000,0.000000,0.000000,0.900000,0.000000,0.000000,0.850000,0.040000,0.000000,0.008000,0.000000,0.000600,0.008000,0.000000,0.000600,0.006000,0.000000,0.000000,1,1,1,144,233,121,121,120,0,0,60.00,36768,3235,91,0,0,0,36738,334.67,334.67,3,1146,0.0000,0.5090,0.5130,0.0840,0.7800
2026-04-28T17:36:48.999,2.413,1,0.30,1.20,0.00,0.00,1,-0.0496,0.0028,0.2655,0.0000,0.0000,0.0000,122.45,5.63,1,4.000,4.000,1.100,140,68,0,0.000,0.7600,0.0000,53.26,62.67,145,145,1.00000,1.00000,1.00000,1.00000,0.00000,3,3,0,1,24.24923,0.02698,1.87285,0.0496,-0.0028,0.0845,0.0000,0.0000,0.0000,147.55,-0.63,-123.33,1,1,0.0000,0.0000,0.3500,-90.00,0.7600,0.4200,1.0000,8.00,180.00,10.000000,0.250000,0.000000,1.200000,0.000000,0.000000,1.200000,0.000000,0.000000,0.900000,0.000000,0.000000,0.850000,0.040000,0.000000,0.008000,0.000000,0.000600,0.008000,0.000000,0.000600,0.006000,0.000000,0.000000,1,1,1,145,234,121,121,120,0,0,60.00,36768,3235,91,0,0,0,36738,334.67,334.67,3,1146,0.0000,0.5090,0.5130,0.0840,0.7800
2026-04-28T17:36:49.015,2.429,1,0.30,1.20,0.00,0.00,1,-0.0497,0.0028,0.2657,0.0000,0.0000,0.0000,122.50,-3.10,1,4.000,4.000,1.100,140,68,0,0.000,0.7600,0.0000,64.09,60.49,146,146,1.00000,1.00000,1.00000,1.00000,0.00000,3,3,0,1,24.27447,0.02700,1.87230,0.0497,-0.0028,0.0843,0.0000,0.0000,0.0000,147.50,-0.68,-123.32,1,1,0.0000,0.0000,0.3500,-90.00,0.7600,0.4200,1.0000,8.00,180.00,10.000000,0.250000,0.000000,1.200000,0.000000,0.000000,1.200000,0.000000,0.000000,0.900000,0.000000,0.000000,0.850000,0.040000,0.000000,0.008000,0.000000,0.000600,0.008000,0.000000,0.000600,0.006000,0.000000,0.000000,1,1,1,146,233,121,121,120,0,0,60.00,36768,3235,91,0,0,0,36738,334.67,334.67,3,1146,0.0000,0.5090,0.5130,0.0840,0.7800
2026-04-28T17:36:49.030,2.443,1,0.30,1.20,0.00,0.00,1,-0.0496,0.0027,0.2657,0.0000,0.0000,0.0000,122.52,-1.40,1,4.000,4.000,1.100,140,68,0,0.000,0.7600,0.0000,60.82,59.31,147,147,1.00000,1.00000,1.00000,1.00000,0.00000,3,3,0,1,24.29106,0.02702,1.87603,0.0496,-0.0027,0.0843,0.0000,0.0000,0.0000,147.48,-0.66,-123.31,1,1,0.0000,0.0000,0.3500,-90.00,0.7600,0.4200,1.0000,8.00,180.00,10.000000,0.250000,0.000000,1.200000,0.000000,0.000000,1.200000,0.000000,0.000000,0.900000,0.000000,0.000000,0.850000,0.040000,0.000000,0.008000,0.000000,0.000600,0.008000,0.000000,0.000600,0.006000,0.000000,0.000000,1,1,1,147,234,121,121,120,0,0,60.00,36768,3235,91,0,0,0,36738,334.67,334.67,3,1146,0.0000,0.5090,0.5130,0.0840,0.7800
2026-04-28T17:36:49.048,2.461,1,0.30,1.20,0.00,0.00,1,-0.0498,0.0028,0.2656,0.0000,0.0000,0.0000,122.57,-2.94,1,4.000,4.000,1.100,140,68,0,0.000,0.7600,0.0000,59.05,61.42,148,148,1.00000,1.00000,1.00000,1.00000,0.00000,3,3,0,1,24.29488,0.02718,1.87731,0.0498,-0.0028,0.0844,0.0000,0.0000,0.0000,147.43,-0.68,-123.30,1,1,0.0000,0.0000,0.3500,-90.00,0.7600,0.4200,1.0000,8.00,180.00,10.000000,0.250000,0.000000,1.200000,0.000000,0.000000,1.200000,0.000000,0.000000,0.900000,0.000000,0.000000,0.850000,0.040000,0.000000,0.008000,0.000000,0.000600,0.008000,0.000000,0.000600,0.006000,0.000000,0.000000,1,1,1,148,233,121,121,120,0,0,60.00,36768,3235,91,0,0,0,36738,334.67,334.67,3,1146,0.0000,0.5090,0.5130,0.0840,0.7800
2026-04-28T17:36:49.064,2.478,1,0.30,1.20,0.00,0.00,1,-0.0498,0.0028,0.2656,0.0000,0.0000,0.0000,122.42,8.99,1,4.000,4.000,1.100,140,68,0,0.000,0.7600,0.0000,69.98,59.53,149,149,1.00000,1.00000,1.00000,1.00000,0.00000,3,3,0,1,24.26090,0.02681,1.87600,0.0498,-0.0028,0.0844,0.0000,0.0000,0.0000,147.58,-0.71,-123.34,1,1,0.0000,0.0000,0.3500,-90.00,0.7600,0.4200,1.0000,8.00,180.00,10.000000,0.250000,0.000000,1.200000,0.000000,0.000000,1.200000,0.000000,0.000000,0.900000,0.000000,0.000000,0.850000,0.040000,0.000000,0.008000,0.000000,0.000600,0.008000,0.000000,0.000600,0.006000,0.000000,0.000000,1,1,1,149,234,121,121,120,0,0,60.00,36768,3235,91,0,0,0,36738,334.67,334.67,3,1146,0.0000,0.5090,0.5130,0.0840,0.7800
2026-04-28T17:36:49.081,2.495,1,0.30,1.20,0.00,0.00,1,-0.0498,0.0029,0.2657,0.0000,0.0000,0.0000,122.61,-11.43,1,4.000,4.000,1.100,140,68,0,0.000,0.7600,0.0000,59.92,58.99,150,150,1.00000,1.00000,1.00000,1.00000,0.00000,3,3,0,1,24.28188,0.02711,1.87394,0.0498,-0.0029,0.0843,0.0000,0.0000,0.0000,147.39,-0.69,-123.34,1,1,0.0000,0.0000,0.3500,-90.00,0.7600,0.4200,1.0000,8.00,180.00,10.000000,0.250000,0.000000,1.200000,0.000000,0.000000,1.200000,0.000000,0.000000,0.900000,0.000000,0.000000,0.850000,0.040000,0.000000,0.008000,0.000000,0.000600,0.008000,0.000000,0.000600,0.006000,0.000000,0.000000,1,1,1,150,234,121,121,120,0,0,60.00,36768,3235,91,0,0,0,36738,334.67,334.67,3,1146,0.0000,0.5090,0.5130,0.0840,0.7800
2026-04-28T17:36:49.098,2.512,1,0.30,1.20,0.00,0.00,1,-0.0497,0.0027,0.2658,0.0000,0.0000,0.0000,122.56,2.94,1,4.000,4.000,1.100,140,68,0,0.000,0.7600,0.0000,60.13,59.37,151,151,1.00000,1.00000,1.00000,1.00000,0.00000,3,3,0,1,24.20458,0.02703,1.87211,0.0497,-0.0027,0.0842,0.0000,0.0000,0.0000,147.44,-0.67,-123.33,1,1,0.0000,0.0000,0.3500,-90.00,0.7600,0.4200,1.0000,8.00,180.00,10.000000,0.250000,0.000000,1.200000,0.000000,0.000000,1.200000,0.000000,0.000000,0.900000,0.000000,0.000000,0.850000,0.040000,0.000000,0.008000,0.000000,0.000600,0.008000,0.000000,0.000600,0.006000,0.000000,0.000000,1,1,1,151,234,121,121,120,0,0,60.00,36768,3235,91,0,0,0,36738,334.67,334.67,3,1146,0.0000,0.5090,0.5130,0.0840,0.7800
2026-04-28T17:36:49.110,2.524,1,0.30,1.20,0.00,0.00,1,-0.0498,0.0028,0.2657,0.0000,0.0000,0.0000,122.53,2.21,1,4.000,4.000,1.100,140,68,0,0.000,0.7600,0.0000,61.04,68.64,152,152,1.00000,1.00000,1.00000,1.00000,0.00000,3,3,0,1,24.29051,0.02704,1.87374,0.0498,-0.0028,0.0843,0.0000,0.0000,0.0000,147.47,-0.70,-123.30,1,1,0.0000,0.0000,0.3500,-90.00,0.7600,0.4200,1.0000,8.00,180.00,10.000000,0.250000,0.000000,1.200000,0.000000,0.000000,1.200000,0.000000,0.000000,0.900000,0.000000,0.000000,0.850000,0.040000,0.000000,0.008000,0.000000,0.000600,0.008000,0.000000,0.000600,0.006000,0.000000,0.000000,1,1,1,152,232,121,121,120,0,0,60.00,36768,3235,151,0,0,0,36798,500.00,500.00,6,607,0.0000,0.4800,0.5350,0.3640,0.0910
2026-04-28T17:36:49.131,2.545,1,0.30,1.20,0.00,0.00,1,-0.0497,0.0028,0.2656,0.0000,0.0000,0.0000,122.59,-3.04,1,4.000,4.000,1.100,140,68,0,0.000,0.7600,0.0000,82.10,52.39,153,153,1.00000,1.00000,1.00000,1.00000,0.00000,3,3,0,1,24.24965,0.02708,1.87299,0.0497,-0.0028,0.0844,0.0000,0.0000,0.0000,147.41,-0.65,-123.29,1,1,0.0000,0.0000,0.3500,-90.00,0.7600,0.4200,1.0000,8.00,180.00,10.000000,0.250000,0.000000,1.200000,0.000000,0.000000,1.200000,0.000000,0.000000,0.900000,0.000000,0.000000,0.850000,0.040000,0.000000,0.008000,0.000000,0.000600,0.008000,0.000000,0.000600,0.006000,0.000000,0.000000,1,1,1,153,234,121,121,120,0,0,60.00,36768,3235,151,0,0,0,36798,500.00,500.00,6,607,0.0000,0.4800,0.5350,0.3640,0.0910
2026-04-28T17:36:49.148,2.561,1,0.30,1.20,0.00,0.00,1,-0.0498,0.0027,0.2658,0.0000,0.0000,0.0000,122.59,0.00,1,4.000,4.000,0.900,140,69,0,0.000,0.7600,0.0000,46.02,60.10,154,154,1.00000,1.00000,1.00000,1.00000,0.00000,3,3,0,1,24.22610,0.02699,1.87225,0.0498,-0.0027,0.0842,0.0000,0.0000,0.0000,147.41,-0.68,-123.28,1,1,0.0000,0.0000,0.3500,-90.00,0.7600,0.4200,1.0000,8.00,180.00,10.000000,0.250000,0.000000,1.200000,0.000000,0.000000,1.200000,0.000000,0.000000,0.900000,0.000000,0.000000,0.850000,0.040000,0.000000,0.008000,0.000000,0.000600,0.008000,0.000000,0.000600,0.006000,0.000000,0.000000,1,1,1,154,234,121,121,120,0,0,60.00,36768,3235,151,0,0,0,36798,500.00,500.00,6,607,0.0000,0.4800,0.5350,0.3640,0.0910
2026-04-28T17:36:49.164,2.578,1,0.30,1.20,0.00,0.00,1,-0.0496,0.0028,0.2656,0.0000,0.0000,0.0000,122.47,7.46,1,4.000,4.000,0.900,140,69,0,0.000,0.7600,0.0000,60.79,59.72,155,155,1.00000,1.00000,1.00000,1.00000,0.00000,3,3,0,1,24.24207,0.02691,1.86853,0.0496,-0.0028,0.0844,0.0000,0.0000,0.0000,147.53,-0.64,-123.31,1,1,0.0000,0.0000,0.3500,-90.00,0.7600,0.4200,1.0000,8.00,180.00,10.000000,0.250000,0.000000,1.200000,0.000000,0.000000,1.200000,0.000000,0.000000,0.900000,0.000000,0.000000,0.850000,0.040000,0.000000,0.008000,0.000000,0.000600,0.008000,0.000000,0.000600,0.006000,0.000000,0.000000,1,1,1,155,234,121,121,120,0,0,60.00,36768,3235,151,0,0,0,36798,500.00,500.00,6,607,0.0000,0.4800,0.5350,0.3640,0.0910
2026-04-28T17:36:49.182,2.595,1,0.30,1.20,0.00,0.00,1,-0.0496,0.0028,0.2656,0.0000,0.0000,0.0000,122.53,-3.49,1,4.000,4.000,0.900,140,69,0,0.000,0.7600,0.0000,60.37,62.80,156,156,1.00000,1.00000,1.00000,1.00000,0.00000,3,3,0,1,24.22898,0.02700,1.87085,0.0496,-0.0028,0.0844,0.0000,0.0000,0.0000,147.47,-0.62,-123.30,1,1,0.0000,0.0000,0.3500,-90.00,0.7600,0.4200,1.0000,8.00,180.00,10.000000,0.250000,0.000000,1.200000,0.000000,0.000000,1.200000,0.000000,0.000000,0.900000,0.000000,0.000000,0.850000,0.040000,0.000000,0.008000,0.000000,0.000600,0.008000,0.000000,0.000600,0.006000,0.000000,0.000000,1,1,1,156,233,121,121,120,0,0,60.00,36768,3235,151,0,0,0,36798,500.00,500.00,6,607,0.0000,0.4800,0.5350,0.3640,0.0910
2026-04-28T17:36:49.191,2.604,1,0.30,1.20,0.00,0.00,1,-0.0498,0.0028,0.2656,0.0000,0.0000,0.0000,122.62,-8.68,1,4.000,4.000,0.900,140,69,0,0.000,0.7600,0.0000,61.42,63.00,157,157,1.00000,1.00000,1.00000,1.00000,0.00000,3,3,0,1,24.22992,0.02705,1.87489,0.0498,-0.0028,0.0844,0.0000,0.0000,0.0000,147.38,-0.64,-123.27,1,1,0.0000,0.0000,0.3500,-90.00,0.7600,0.4200,1.0000,8.00,180.00,10.000000,0.250000,0.000000,1.200000,0.000000,0.000000,1.200000,0.000000,0.000000,0.900000,0.000000,0.000000,0.850000,0.040000,0.000000,0.008000,0.000000,0.000600,0.008000,0.000000,0.000600,0.006000,0.000000,0.000000,1,1,1,157,234,121,121,120,0,0,60.00,36768,3235,151,0,0,0,36798,500.00,500.00,6,607,0.0000,0.4800,0.5350,0.3640,0.0910
2026-04-28T17:36:49.215,2.628,1,0.30,1.20,0.00,0.00,1,-0.0499,0.0029,0.2657,0.0000,0.0000,0.0000,122.63,-0.44,1,4.000,4.000,0.900,140,69,0,0.000,0.7600,0.0000,107.91,55.24,158,158,1.00000,1.00000,1.00000,1.00000,0.00000,3,3,0,1,24.26747,0.02706,1.87476,0.0499,-0.0029,0.0843,0.0000,0.0000,0.0000,147.37,-0.71,-123.28,1,1,0.0000,0.0000,0.3500,-90.00,0.7600,0.4200,1.0000,8.00,180.00,10.000000,0.250000,0.000000,1.200000,0.000000,0.000000,1.200000,0.000000,0.000000,0.900000,0.000000,0.000000,0.850000,0.040000,0.000000,0.008000,0.000000,0.000600,0.008000,0.000000,0.000600,0.006000,0.000000,0.000000,1,1,1,158,234,121,121,120,0,0,60.00,36768,3235,151,0,0,0,36798,500.00,500.00,6,607,0.0000,0.4800,0.5350,0.3640,0.0910
2026-04-28T17:36:49.230,2.644,1,0.30,1.20,0.00,0.00,1,-0.0499,0.0027,0.2659,0.0000,0.0000,0.0000,122.65,-1.20,1,4.000,4.000,0.900,140,69,0,0.000,0.7600,0.0000,40.40,64.04,159,159,1.00000,1.00000,1.00000,1.00000,0.00000,3,3,0,1,24.22485,0.02707,1.87629,0.0499,-0.0027,0.0841,0.0000,0.0000,0.0000,147.35,-0.71,-123.26,1,1,0.0000,0.0000,0.3500,-90.00,0.7600,0.4200,1.0000,8.00,180.00,10.000000,0.250000,0.000000,1.200000,0.000000,0.000000,1.200000,0.000000,0.000000,0.900000,0.000000,0.000000,0.850000,0.040000,0.000000,0.008000,0.000000,0.000600,0.008000,0.000000,0.000600,0.006000,0.000000,0.000000,1,1,1,159,234,121,121,120,0,0,60.00,36768,3235,151,0,0,0,36798,500.00,500.00,6,607,0.0000,0.4800,0.5350,0.3640,0.0910
2026-04-28T17:36:49.248,2.661,1,0.30,1.20,0.00,0.00,1,-0.0499,0.0029,0.2657,0.0000,0.0000,0.0000,122.70,-3.02,1,4.000,4.000,0.900,140,69,0,0.000,0.7600,0.0000,68.18,58.26,160,160,1.00000,1.00000,1.00000,1.00000,0.00000,3,3,0,1,24.26090,0.02715,1.87740,0.0499,-0.0029,0.0843,0.0000,0.0000,0.0000,147.30,-0.68,-123.26,1,1,0.0000,0.0000,0.3500,-90.00,0.7600,0.4200,1.0000,8.00,180.00,10.000000,0.250000,0.000000,1.200000,0.000000,0.000000,1.200000,0.000000,0.000000,0.900000,0.000000,0.000000,0.850000,0.040000,0.000000,0.008000,0.000000,0.000600,0.008000,0.000000,0.000600,0.006000,0.000000,0.000000,1,1,1,160,233,121,121,120,0,0,60.00,36768,3235,151,0,0,0,36798,500.00,500.00,6,607,0.0000,0.4800,0.5350,0.3640,0.0910
2026-04-28T17:36:49.265,2.679,1,0.30,1.20,0.00,0.00,1,-0.0497,0.0028,0.2657,0.0000,0.0000,0.0000,122.70,0.00,1,4.000,4.000,0.900,140,69,0,0.000,0.7600,0.0000,53.87,58.83,161,161,1.00000,1.00000,1.00000,1.00000,0.00000,3,3,0,1,24.25575,0.02702,1.87147,0.0497,-0.0028,0.0843,0.0000,0.0000,0.0000,147.30,-0.66,-123.30,1,1,0.0000,0.0000,0.3500,-90.00,0.7600,0.4200,1.0000,8.00,180.00,10.000000,0.250000,0.000000,1.200000,0.000000,0.000000,1.200000,0.000000,0.000000,0.900000,0.000000,0.000000,0.850000,0.040000,0.000000,0.008000,0.000000,0.000600,0.008000,0.000000,0.000600,0.006000,0.000000,0.000000,1,1,1,161,232,121,121,120,0,0,60.00,36768,3235,151,0,0,0,36798,500.00,500.00,6,607,0.0000,0.4800,0.5350,0.3640,0.0910
2026-04-28T17:36:49.284,2.697,1,0.30,1.20,0.00,0.00,1,-0.0497,0.0027,0.2658,0.0000,0.0000,0.0000,122.55,8.40,1,4.000,4.000,0.900,140,69,0,0.000,0.7600,0.0000,54.86,59.76,162,162,1.00000,1.00000,1.00000,1.00000,0.00000,3,3,0,1,24.23496,0.02694,1.87036,0.0497,-0.0027,0.0842,0.0000,0.0000,0.0000,147.45,-0.66,-123.29,1,1,0.0000,0.0000,0.3500,-90.00,0.7600,0.4200,1.0000,8.00,180.00,10.000000,0.250000,0.000000,1.200000,0.000000,0.000000,1.200000,0.000000,0.000000,0.900000,0.000000,0.000000,0.850000,0.040000,0.000000,0.008000,0.000000,0.000600,0.008000,0.000000,0.000600,0.006000,0.000000,0.000000,1,1,1,162,234,121,121,120,0,0,60.00,36768,3235,151,0,0,0,36798,500.00,500.00,6,607,0.0000,0.4800,0.5350,0.3640,0.0910
2026-04-28T17:36:49.303,2.717,1,0.30,1.20,0.00,0.00,1,-0.0497,0.0028,0.2657,0.0000,0.0000,0.0000,122.48,3.62,1,4.000,4.000,0.900,140,69,0,0.000,0.7600,0.0000,55.95,59.58,163,163,1.00000,1.00000,1.00000,1.00000,0.00000,3,3,0,1,24.26840,0.02708,1.87369,0.0497,-0.0028,0.0843,0.0000,0.0000,0.0000,147.52,-0.66,-123.31,1,1,0.0000,0.0000,0.3500,-90.00,0.7600,0.4200,1.0000,8.00,180.00,10.000000,0.250000,0.000000,1.200000,0.000000,0.000000,1.200000,0.000000,0.000000,0.900000,0.000000,0.000000,0.850000,0.040000,0.000000,0.008000,0.000000,0.000600,0.008000,0.000000,0.000600,0.006000,0.000000,0.000000,1,1,1,163,234,121,121,120,0,0,60.00,36768,3235,151,0,0,0,36798,500.00,500.00,6,607,0.0000,0.4800,0.5350,0.3640,0.0910
2026-04-28T17:36:49.315,2.728,1,0.30,1.20,0.00,0.00,1,-0.0497,0.0027,0.2657,0.0000,0.0000,0.0000,122.57,-7.76,1,4.000,4.000,0.900,140,69,0,0.000,0.7600,0.0000,51.95,77.53,164,164,1.00000,1.00000,1.00000,1.00000,0.00000,3,3,0,1,24.30068,0.02712,1.87340,0.0497,-0.0027,0.0843,0.0000,0.0000,0.0000,147.43,-0.60,-123.30,1,1,0.0000,0.0000,0.3500,-90.00,0.7600,0.4200,1.0000,8.00,180.00,10.000000,0.250000,0.000000,1.200000,0.000000,0.000000,1.200000,0.000000,0.000000,0.900000,0.000000,0.000000,0.850000,0.040000,0.000000,0.008000,0.000000,0.000600,0.008000,0.000000,0.000600,0.006000,0.000000,0.000000,1,1,1,164,232,121,121,120,0,0,60.00,36768,3235,151,0,0,0,36798,500.00,500.00,6,607,0.0000,0.4800,0.5350,0.3640,0.0910
2026-04-28T17:36:49.336,2.749,1,0.30,1.20,0.00,0.00,1,-0.0497,0.0029,0.2654,0.0000,0.0000,0.0000,122.54,1.38,1,4.000,4.000,0.900,140,69,0,0.000,0.7600,0.0000,85.95,48.99,165,165,1.00000,1.00000,1.00000,1.00000,0.00000,3,3,0,1,24.30860,0.02709,1.87364,0.0497,-0.0029,0.0846,0.0000,0.0000,0.0000,147.46,-0.61,-123.33,1,1,0.0000,0.0000,0.3500,-90.00,0.7600,0.4200,1.0000,8.00,180.00,10.000000,0.250000,0.000000,1.200000,0.000000,0.000000,1.200000,0.000000,0.000000,0.900000,0.000000,0.000000,0.850000,0.040000,0.000000,0.008000,0.000000,0.000600,0.008000,0.000000,0.000600,0.006000,0.000000,0.000000,1,1,1,165,234,121,121,120,0,0,60.00,36768,3235,151,0,0,0,36798,500.00,500.00,6,607,0.0000,0.4800,0.5350,0.3640,0.0910
2026-04-28T17:36:49.352,2.766,1,0.30,1.20,0.00,0.00,1,-0.0498,0.0027,0.2657,0.0000,0.0000,0.0000,122.53,0.62,1,4.000,4.000,0.900,140,69,0,0.000,0.7600,0.0000,46.06,60.24,166,166,1.00000,1.00000,1.00000,1.00000,0.00000,3,3,0,1,24.29429,0.02699,1.88001,0.0498,-0.0027,0.0843,0.0000,0.0000,0.0000,147.47,-0.65,-123.35,1,1,0.0000,0.0000,0.3500,-90.00,0.7600,0.4200,1.0000,8.00,180.00,10.000000,0.250000,0.000000,1.200000,0.000000,0.000000,1.200000,0.000000,0.000000,0.900000,0.000000,0.000000,0.850000,0.040000,0.000000,0.008000,0.000000,0.000600,0.008000,0.000000,0.000600,0.006000,0.000000,0.000000,1,1,1,166,234,121,121,120,0,0,60.00,36768,3235,151,0,0,0,36798,500.00,500.00,6,607,0.0000,0.4800,0.5350,0.3640,0.0910
2026-04-28T17:36:49.367,2.780,1,0.30,1.20,0.00,0.00,1,-0.0499,0.0026,0.2658,0.0000,0.0000,0.0000,122.52,0.71,1,4.000,4.000,0.900,140,69,0,0.000,0.7600,0.0000,61.41,59.41,167,167,1.00000,1.00000,1.00000,1.00000,0.00000,3,3,0,1,24.28608,0.02705,1.87820,0.0499,-0.0026,0.0842,0.0000,0.0000,0.0000,147.48,-0.67,-123.33,1,1,0.0000,0.0000,0.3500,-90.00,0.7600,0.4200,1.0000,8.00,180.00,10.000000,0.250000,0.000000,1.200000,0.000000,0.000000,1.200000,0.000000,0.000000,0.900000,0.000000,0.000000,0.850000,0.040000,0.000000,0.008000,0.000000,0.000600,0.008000,0.000000,0.000600,0.006000,0.000000,0.000000,1,1,1,167,234,121,121,120,0,0,60.00,36768,3235,151,0,0,0,36798,500.00,500.00,6,607,0.0000,0.4800,0.5350,0.3640,0.0910
2026-04-28T17:36:49.383,2.797,1,0.30,1.20,0.00,0.00,1,-0.0499,0.0028,0.2657,0.0000,0.0000,0.0000,122.63,-6.69,1,4.000,4.000,0.900,140,69,0,0.000,0.7600,0.0000,69.17,60.70,168,168,1.00000,1.00000,1.00000,1.00000,0.00000,3,3,0,1,24.28603,0.02715,1.87881,0.0499,-0.0028,0.0843,0.0000,0.0000,0.0000,147.37,-0.71,-123.30,1,1,0.0000,0.0000,0.3500,-90.00,0.7600,0.4200,1.0000,8.00,180.00,10.000000,0.250000,0.000000,1.200000,0.000000,0.000000,1.200000,0.000000,0.000000,0.900000,0.000000,0.000000,0.850000,0.040000,0.000000,0.008000,0.000000,0.000600,0.008000,0.000000,0.000600,0.006000,0.000000,0.000000,1,1,1,168,233,121,121,120,0,0,60.00,36768,3235,151,0,0,0,36798,500.00,500.00,6,607,0.0000,0.4800,0.5350,0.3640,0.0910
2026-04-28T17:36:49.401,2.815,1,0.30,1.20,0.00,0.00,1,-0.0499,0.0029,0.2658,0.0000,0.0000,0.0000,122.60,1.68,1,4.000,4.000,0.900,140,69,0,0.000,0.7600,0.0000,64.68,59.90,169,169,1.00000,1.00000,1.00000,1.00000,0.00000,3,3,0,1,24.25498,0.02697,1.87240,0.0499,-0.0029,0.0842,0.0000,0.0000,0.0000,147.40,-0.75,-123.30,1,1,0.0000,0.0000,0.3500,-90.00,0.7600,0.4200,1.0000,8.00,180.00,10.000000,0.250000,0.000000,1.200000,0.000000,0.000000,1.200000,0.000000,0.000000,0.900000,0.000000,0.000000,0.850000,0.040000,0.000000,0.008000,0.000000,0.000600,0.008000,0.000000,0.000600,0.006000,0.000000,0.000000,1,1,1,169,232,121,121,120,0,0,60.00,36768,3235,151,0,0,0,36798,500.00,500.00,6,607,0.0000,0.4800,0.5350,0.3640,0.0910
2026-04-28T17:36:49.417,2.830,1,0.30,1.20,0.00,0.00,1,-0.0498,0.0030,0.2656,0.0000,0.0000,0.0000,122.62,-1.28,1,4.000,4.000,0.900,140,69,0,0.000,0.7600,0.0000,53.01,60.06,170,170,1.00000,1.00000,1.00000,1.00000,0.00000,3,3,0,1,24.28947,0.02699,1.87690,0.0498,-0.0030,0.0844,0.0000,0.0000,0.0000,147.38,-0.72,-123.31,1,1,0.0000,0.0000,0.3500,-90.00,0.7600,0.4200,1.0000,8.00,180.00,10.000000,0.250000,0.000000,1.200000,0.000000,0.000000,1.200000,0.000000,0.000000,0.900000,0.000000,0.000000,0.850000,0.040000,0.000000,0.008000,0.000000,0.000600,0.008000,0.000000,0.000600,0.006000,0.000000,0.000000,1,1,1,170,234,121,121,120,0,0,60.00,36768,3235,151,0,0,0,36798,500.00,500.00,6,607,0.0000,0.4800,0.5350,0.3640,0.0910
2026-04-28T17:36:49.429,2.842,1,0.30,1.20,0.00,0.00,1,-0.0499,0.0029,0.2656,0.0000,0.0000,0.0000,122.57,3.78,1,4.000,4.000,0.900,140,69,0,0.000,0.7600,0.0000,66.46,58.89,171,171,1.00000,1.00000,1.00000,1.00000,0.00000,3,3,0,1,24.27858,0.02695,1.87622,0.0499,-0.0029,0.0844,0.0000,0.0000,0.0000,147.43,-0.71,-123.34,1,1,0.0000,0.0000,0.3500,-90.00,0.7600,0.4200,1.0000,8.00,180.00,10.000000,0.250000,0.000000,1.200000,0.000000,0.000000,1.200000,0.000000,0.000000,0.900000,0.000000,0.000000,0.850000,0.040000,0.000000,0.008000,0.000000,0.000600,0.008000,0.000000,0.000600,0.006000,0.000000,0.000000,1,1,1,171,234,121,121,120,0,0,60.00,36768,3235,151,0,0,0,36798,500.00,500.00,6,607,0.0000,0.4800,0.5350,0.3640,0.0910
2026-04-28T17:36:49.450,2.863,1,0.30,1.20,0.00,0.00,1,-0.0499,0.0029,0.2657,0.0000,0.0000,0.0000,122.62,-2.49,1,4.000,4.000,0.900,140,69,0,0.000,0.7600,0.0000,59.90,61.06,172,172,1.00000,1.00000,1.00000,1.00000,0.00000,3,3,0,1,24.23968,0.02705,1.87477,0.0499,-0.0029,0.0843,0.0000,0.0000,0.0000,147.38,-0.69,-123.32,1,1,0.0000,0.0000,0.3500,-90.00,0.7600,0.4200,1.0000,8.00,180.00,10.000000,0.250000,0.000000,1.200000,0.000000,0.000000,1.200000,0.000000,0.000000,0.900000,0.000000,0.000000,0.850000,0.040000,0.000000,0.008000,0.000000,0.000600,0.008000,0.000000,0.000600,0.006000,0.000000,0.000000,1,1,1,172,234,121,121,120,0,0,60.00,36768,3235,151,0,0,0,36798,500.00,500.00,6,607,0.0000,0.4800,0.5350,0.3640,0.0910
2026-04-28T17:36:49.466,2.880,1,0.30,1.20,0.00,0.00,1,-0.0498,0.0027,0.2658,0.0000,0.0000,0.0000,122.61,0.59,1,4.000,4.000,0.900,140,69,0,0.000,0.7600,0.0000,60.36,59.51,173,173,1.00000,1.00000,1.00000,1.00000,0.00000,3,3,0,1,24.27323,0.02705,1.87885,0.0498,-0.0027,0.0842,0.0000,0.0000,0.0000,147.39,-0.66,-123.29,1,1,0.0000,0.0000,0.3500,-90.00,0.7600,0.4200,1.0000,8.00,180.00,10.000000,0.250000,0.000000,1.200000,0.000000,0.000000,1.200000,0.000000,0.000000,0.900000,0.000000,0.000000,0.850000,0.040000,0.000000,0.008000,0.000000,0.000600,0.008000,0.000000,0.000600,0.006000,0.000000,0.000000,1,1,1,173,234,121,121,120,0,0,60.00,36768,3235,151,0,0,0,36798,500.00,500.00,6,607,0.0000,0.4800,0.5350,0.3640,0.0910
2026-04-28T17:36:49.484,2.897,1,0.30,1.20,0.00,0.00,1,-0.0497,0.0028,0.2659,0.0000,0.0000,0.0000,122.62,-0.58,1,4.000,4.000,0.900,140,69,0,0.000,0.7600,0.0000,59.28,62.03,174,174,1.00000,1.00000,1.00000,1.00000,0.00000,3,3,0,1,24.33148,0.02695,1.87133,0.0497,-0.0028,0.0841,0.0000,0.0000,0.0000,147.38,-0.72,-123.31,1,1,0.0000,0.0000,0.3500,-90.00,0.7600,0.4200,1.0000,8.00,180.00,10.000000,0.250000,0.000000,1.200000,0.000000,0.000000,1.200000,0.000000,0.000000,0.900000,0.000000,0.000000,0.850000,0.040000,0.000000,0.008000,0.000000,0.000600,0.008000,0.000000,0.000600,0.006000,0.000000,0.000000,1,1,1,174,234,121,121,120,0,0,60.00,36768,3235,151,0,0,0,36798,500.00,500.00,6,607,0.0000,0.4800,0.5350,0.3640,0.0910
2026-04-28T17:36:49.500,2.913,1,0.30,1.20,0.00,0.00,1,-0.0497,0.0029,0.2656,0.0000,0.0000,0.0000,122.64,-1.26,1,4.000,4.000,0.900,140,69,0,0.000,0.7600,0.0000,58.33,59.17,175,175,1.00000,1.00000,1.00000,1.00000,0.00000,3,3,0,1,24.31604,0.02713,1.87447,0.0497,-0.0029,0.0844,0.0000,0.0000,0.0000,147.36,-0.68,-123.33,1,1,0.0000,0.0000,0.3500,-90.00,0.7600,0.4200,1.0000,8.00,180.00,10.000000,0.250000,0.000000,1.200000,0.000000,0.000000,1.200000,0.000000,0.000000,0.900000,0.000000,0.000000,0.850000,0.040000,0.000000,0.008000,0.000000,0.000600,0.008000,0.000000,0.000600,0.006000,0.000000,0.000000,1,1,1,175,234,121,121,120,0,0,60.00,36768,3235,151,0,0,0,36798,500.00,500.00,6,607,0.0000,0.4800,0.5350,0.3640,0.0910
2026-04-28T17:36:49.517,2.930,1,0.30,1.20,0.00,0.00,1,-0.0497,0.0028,0.2655,0.0000,0.0000,0.0000,122.58,3.55,1,4.000,4.000,0.900,140,69,0,0.000,0.7600,0.0000,61.74,59.06,176,176,1.00000,1.00000,1.00000,1.00000,0.00000,3,3,0,1,24.32433,0.02708,1.87782,0.0497,-0.0028,0.0845,0.0000,0.0000,0.0000,147.42,-0.67,-123.34,1,1,0.0000,0.0000,0.3500,-90.00,0.7600,0.4200,1.0000,8.00,180.00,10.000000,0.250000,0.000000,1.200000,0.000000,0.000000,1.200000,0.000000,0.000000,0.900000,0.000000,0.000000,0.850000,0.040000,0.000000,0.008000,0.000000,0.000600,0.008000,0.000000,0.000600,0.006000,0.000000,0.000000,1,1,1,176,234,121,121,120,0,0,60.00,36768,3235,151,0,0,0,36798,500.00,500.00,6,607,0.0000,0.4800,0.5350,0.3640,0.0910
2026-04-28T17:36:49.530,2.944,1,0.30,1.20,0.00,0.00,1,-0.0499,0.0027,0.2659,0.0000,0.0000,-0.0103,122.66,-5.47,1,4.000,4.000,0.900,140,69,0,0.000,0.7600,0.0000,60.24,63.25,177,177,1.00000,1.00000,1.00000,1.00000,0.00000,3,3,0,1,24.26271,0.02701,1.87520,0.0499,-0.0027,0.0841,0.0000,0.0000,-0.0103,147.34,-0.71,-123.28,1,1,0.0000,0.0000,0.3500,-90.00,0.7600,0.4200,1.0000,8.00,180.00,10.000000,0.250000,0.000000,1.200000,0.000000,0.000000,1.200000,0.000000,0.000000,0.900000,0.000000,0.000000,0.850000,0.040000,0.000000,0.008000,0.000000,0.000600,0.008000,0.000000,0.000600,0.006000,0.000000,0.000000,1,1,1,177,238,121,121,120,0,0,60.00,36768,3235,151,0,0,0,36798,500.00,500.00,6,607,0.0000,0.4800,0.5350,0.3640,0.0910
2026-04-28T17:36:49.548,2.962,1,0.30,1.20,0.00,0.00,1,-0.0498,0.0028,0.2656,0.0000,0.0000,0.0000,122.64,1.17,1,4.000,4.000,0.900,140,69,0,0.000,0.7600,0.0000,79.49,57.27,178,178,1.00000,1.00000,1.00000,1.00000,0.00000,3,3,0,1,24.28489,0.02714,1.87472,0.0498,-0.0028,0.0844,0.0000,0.0000,0.0000,147.36,-0.66,-123.30,1,1,0.0000,0.0000,0.3500,-90.00,0.7600,0.4200,1.0000,8.00,180.00,10.000000,0.250000,0.000000,1.200000,0.000000,0.000000,1.200000,0.000000,0.000000,0.900000,0.000000,0.000000,0.850000,0.040000,0.000000,0.008000,0.000000,0.000600,0.008000,0.000000,0.000600,0.006000,0.000000,0.000000,1,1,1,178,233,121,121,120,0,0,60.00,36768,3235,151,0,0,0,36798,500.00,500.00,6,607,0.0000,0.4800,0.5350,0.3640,0.0910
2026-04-28T17:36:49.568,2.982,1,0.30,1.20,0.00,0.00,1,-0.0498,0.0030,0.2654,0.0000,0.0000,0.0000,122.59,2.46,1,4.000,4.000,0.900,140,69,0,0.000,0.7600,0.0000,52.32,60.85,179,179,1.00000,1.00000,1.00000,1.00000,0.00000,3,3,0,1,24.26047,0.02694,1.87609,0.0498,-0.0030,0.0846,0.0000,0.0000,0.0000,147.41,-0.67,-123.30,1,1,0.0000,0.0000,0.3500,-90.00,0.7600,0.4200,1.0000,8.00,180.00,10.000000,0.250000,0.000000,1.200000,0.000000,0.000000,1.200000,0.000000,0.000000,0.900000,0.000000,0.000000,0.850000,0.040000,0.000000,0.008000,0.000000,0.000600,0.008000,0.000000,0.000600,0.006000,0.000000,0.000000,1,1,1,179,233,121,121,120,0,0,60.00,36768,3235,151,0,0,0,36798,500.00,500.00,6,607,0.0000,0.4800,0.5350,0.3640,0.0910
2026-04-28T17:36:49.586,3.000,1,0.30,1.20,0.00,0.00,1,-0.0496,0.0027,0.2655,0.0000,0.0000,0.0000,122.47,6.75,1,4.000,4.000,0.900,140,69,0,0.000,0.7600,0.0000,48.42,60.13,180,180,1.00000,1.00000,1.00000,1.00000,0.00000,3,3,0,1,24.25439,0.02702,1.87509,0.0496,-0.0027,0.0845,0.0000,0.0000,0.0000,147.53,-0.62,-123.29,1,1,0.0000,0.0000,0.3500,-90.00,0.7600,0.4200,1.0000,8.00,180.00,10.000000,0.250000,0.000000,1.200000,0.000000,0.000000,1.200000,0.000000,0.000000,0.900000,0.000000,0.000000,0.850000,0.040000,0.000000,0.008000,0.000000,0.000600,0.008000,0.000000,0.000600,0.006000,0.000000,0.000000,1,1,1,180,234,121,121,120,0,0,60.00,36768,3235,151,0,0,0,36798,500.00,500.00,6,607,0.0000,0.4800,0.5350,0.3640,0.0910
2026-04-28T17:36:49.598,3.012,1,0.30,1.20,0.00,0.00,1,-0.0495,0.0028,0.2654,0.0000,0.0000,0.0000,122.45,1.68,1,4.000,4.000,0.900,140,69,0,0.000,0.7600,0.0000,59.14,59.24,181,181,1.00000,1.00000,1.00000,1.00000,0.00000,3,3,0,1,24.32320,0.02710,1.87538,0.0495,-0.0028,0.0846,0.0000,0.0000,0.0000,147.55,-0.56,-123.35,1,1,0.0000,0.0000,0.3500,-90.00,0.7600,0.4200,1.0000,8.00,180.00,10.000000,0.250000,0.000000,1.200000,0.000000,0.000000,1.200000,0.000000,0.000000,0.900000,0.000000,0.000000,0.850000,0.040000,0.000000,0.008000,0.000000,0.000600,0.008000,0.000000,0.000600,0.006000,0.000000,0.000000,1,1,1,181,234,121,121,120,0,0,60.00,36768,3235,151,0,0,0,36798,500.00,500.00,6,607,0.0000,0.4800,0.5350,0.3640,0.0910
2026-04-28T17:36:49.615,3.029,1,0.30,1.20,0.00,0.00,1,-0.0498,0.0029,0.2657,0.0000,0.0000,0.0000,122.59,-8.24,1,4.000,4.000,0.900,140,69,0,0.000,0.7600,0.0000,80.46,62.10,182,182,1.00000,1.00000,1.00000,1.00000,0.00000,3,3,0,1,24.29622,0.02713,1.87598,0.0498,-0.0029,0.0843,0.0000,0.0000,0.0000,147.41,-0.66,-123.34,1,1,0.0000,0.0000,0.3500,-90.00,0.7600,0.4200,1.0000,8.00,180.00,10.000000,0.250000,0.000000,1.200000,0.000000,0.000000,1.200000,0.000000,0.000000,0.900000,0.000000,0.000000,0.850000,0.040000,0.000000,0.008000,0.000000,0.000600,0.008000,0.000000,0.000600,0.006000,0.000000,0.000000,1,1,1,182,234,181,181,181,0,0,60.00,36828,3259,181,0,0,0,0,0.00,499.50,6,1666,0.0000,0.4790,0.5360,0.5040,0.0910
2026-04-28T17:36:49.632,3.045,1,0.30,1.20,0.00,0.00,1,-0.0499,0.0029,0.2657,0.0000,0.0000,0.0000,122.65,-3.68,1,4.000,4.000,0.900,140,69,0,0.000,0.7600,0.0000,58.87,58.30,183,183,1.00000,1.00000,1.00000,1.00000,0.00000,3,3,0,1,24.29009,0.02718,1.87760,0.0499,-0.0029,0.0843,0.0000,0.0000,0.0000,147.35,-0.69,-123.31,1,1,0.0000,0.0000,0.3500,-90.00,0.7600,0.4200,1.0000,8.00,180.00,10.000000,0.250000,0.000000,1.200000,0.000000,0.000000,1.200000,0.000000,0.000000,0.900000,0.000000,0.000000,0.850000,0.040000,0.000000,0.008000,0.000000,0.000600,0.008000,0.000000,0.000600,0.006000,0.000000,0.000000,1,1,1,183,234,181,181,181,0,0,60.00,36828,3259,181,0,0,0,0,0.00,499.50,6,1666,0.0000,0.4790,0.5360,0.5040,0.0910
2026-04-28T17:36:49.649,3.062,1,0.30,1.20,0.00,0.00,1,-0.0497,0.0027,0.2656,0.0000,0.0000,0.0000,122.58,3.99,1,4.000,4.000,0.900,140,69,0,0.000,0.7600,0.0000,59.39,60.58,184,184,1.00000,1.00000,1.00000,1.00000,0.00000,3,3,0,1,24.22257,0.02690,1.87188,0.0497,-0.0027,0.0844,0.0000,0.0000,0.0000,147.42,-0.64,-123.31,1,1,0.0000,0.0000,0.3500,-90.00,0.7600,0.4200,1.0000,8.00,180.00,10.000000,0.250000,0.000000,1.200000,0.000000,0.000000,1.200000,0.000000,0.000000,0.900000,0.000000,0.000000,0.850000,0.040000,0.000000,0.008000,0.000000,0.000600,0.008000,0.000000,0.000600,0.006000,0.000000,0.000000,1,1,1,184,234,181,181,181,0,0,60.00,36828,3259,181,0,0,0,0,0.00,499.50,6,1666,0.0000,0.4790,0.5360,0.5040,0.0910
2026-04-28T17:36:49.670,3.083,1,0.30,1.20,0.00,0.00,1,-0.0497,0.0028,0.2658,0.0000,0.0000,0.0000,122.59,-0.49,1,4.000,4.000,0.900,140,69,0,0.000,0.7600,0.0000,60.59,59.05,185,185,1.00000,1.00000,1.00000,1.00000,0.00000,3,3,0,1,24.19521,0.02687,1.87018,0.0497,-0.0028,0.0842,0.0000,0.0000,0.0000,147.41,-0.66,-123.28,1,1,0.0000,0.0000,0.3500,-90.00,0.7600,0.4200,1.0000,8.00,180.00,10.000000,0.250000,0.000000,1.200000,0.000000,0.000000,1.200000,0.000000,0.000000,0.900000,0.000000,0.000000,0.850000,0.040000,0.000000,0.008000,0.000000,0.000600,0.008000,0.000000,0.000600,0.006000,0.000000,0.000000,1,1,1,185,234,181,181,181,0,0,60.00,36828,3259,181,0,0,0,0,0.00,499.50,6,1666,0.0000,0.4790,0.5360,0.5040,0.0910
2026-04-28T17:36:49.681,3.095,1,0.30,1.20,0.00,0.00,1,-0.0498,0.0027,0.2658,0.0000,0.0000,0.0000,122.55,3.38,1,4.000,4.000,0.900,140,69,0,0.000,0.7600,0.0000,47.42,60.69,186,186,1.00000,1.00000,1.00000,1.00000,0.00000,3,3,0,1,24.26424,0.02693,1.87686,0.0498,-0.0027,0.0842,0.0000,0.0000,0.0000,147.45,-0.70,-123.27,1,1,0.0000,0.0000,0.3500,-90.00,0.7600,0.4200,1.0000,8.00,180.00,10.000000,0.250000,0.000000,1.200000,0.000000,0.000000,1.200000,0.000000,0.000000,0.900000,0.000000,0.000000,0.850000,0.040000,0.000000,0.008000,0.000000,0.000600,0.008000,0.000000,0.000600,0.006000,0.000000,0.000000,1,1,1,186,233,181,181,181,0,0,60.00,36828,3259,181,0,0,0,0,0.00,499.50,6,1666,0.0000,0.4790,0.5360,0.5040,0.0910
2026-04-28T17:36:49.698,3.112,1,0.30,1.20,0.00,0.00,1,-0.0496,0.0027,0.2657,0.0000,0.0000,0.0000,122.41,8.38,1,4.000,4.000,0.900,140,69,0,0.000,0.7600,0.0000,85.09,59.63,187,187,1.00000,1.00000,1.00000,1.00000,0.00000,3,3,0,1,24.22368,0.02685,1.87107,0.0496,-0.0027,0.0843,0.0000,0.0000,0.0000,147.59,-0.67,-123.29,1,1,0.0000,0.0000,0.3500,-90.00,0.7600,0.4200,1.0000,8.00,180.00,10.000000,0.250000,0.000000,1.200000,0.000000,0.000000,1.200000,0.000000,0.000000,0.900000,0.000000,0.000000,0.850000,0.040000,0.000000,0.008000,0.000000,0.000600,0.008000,0.000000,0.000600,0.006000,0.000000,0.000000,1,1,1,187,234,181,181,181,0,0,60.00,36828,3259,181,0,0,0,0,0.00,499.50,6,1666,0.0000,0.4790,0.5360,0.5040,0.0910
2026-04-28T17:36:49.714,3.128,1,0.30,1.20,0.00,0.00,1,-0.0497,0.0027,0.2656,0.0000,0.0000,0.0000,122.44,-1.79,1,4.000,4.000,0.900,140,69,0,0.000,0.7600,0.0000,56.14,59.83,188,188,1.00000,1.00000,1.00000,1.00000,0.00000,3,3,0,1,24.26729,0.02698,1.87571,0.0497,-0.0027,0.0844,0.0000,0.0000,0.0000,147.56,-0.68,-123.30,1,1,0.0000,0.0000,0.3500,-90.00,0.7600,0.4200,1.0000,8.00,180.00,10.000000,0.250000,0.000000,1.200000,0.000000,0.000000,1.200000,0.000000,0.000000,0.900000,0.000000,0.000000,0.850000,0.040000,0.000000,0.008000,0.000000,0.000600,0.008000,0.000000,0.000600,0.006000,0.000000,0.000000,1,1,1,188,233,181,181,181,0,0,60.00,36828,3259,181,0,0,0,0,0.00,499.50,6,1666,0.0000,0.4790,0.5360,0.5040,0.0910
2026-04-28T17:36:49.736,3.150,1,0.30,1.20,0.00,0.00,1,-0.0498,0.0027,0.2658,0.0000,0.0000,0.0000,122.52,-3.81,1,4.000,4.000,0.900,140,69,0,0.000,0.7600,0.0000,65.62,73.06,189,189,1.00000,1.00000,1.00000,1.00000,0.00000,3,3,0,1,24.24232,0.02715,1.87762,0.0498,-0.0027,0.0842,0.0000,0.0000,0.0000,147.48,-0.67,-123.29,1,1,0.0000,0.0000,0.3500,-90.00,0.7600,0.4200,1.0000,8.00,180.00,10.000000,0.250000,0.000000,1.200000,0.000000,0.000000,1.200000,0.000000,0.000000,0.900000,0.000000,0.000000,0.850000,0.040000,0.000000,0.008000,0.000000,0.000600,0.008000,0.000000,0.000600,0.006000,0.000000,0.000000,1,1,1,189,234,181,181,181,0,0,60.00,36828,3259,181,0,0,0,0,0.00,499.50,6,1666,0.0000,0.4790,0.5360,0.5040,0.0910
2026-04-28T17:36:49.748,3.162,1,0.30,1.20,0.00,0.00,1,-0.0497,0.0028,0.2656,0.0000,0.0000,0.0000,122.45,5.73,1,4.000,4.000,0.900,140,69,0,0.000,0.7600,0.0000,44.90,51.26,190,190,1.00000,1.00000,1.00000,1.00000,0.00000,3,3,0,1,24.28602,0.02690,1.87389,0.0497,-0.0028,0.0844,0.0000,0.0000,0.0000,147.55,-0.70,-123.29,1,1,0.0000,0.0000,0.3500,-90.00,0.7600,0.4200,1.0000,8.00,180.00,10.000000,0.250000,0.000000,1.200000,0.000000,0.000000,1.200000,0.000000,0.000000,0.900000,0.000000,0.000000,0.850000,0.040000,0.000000,0.008000,0.000000,0.000600,0.008000,0.000000,0.000600,0.006000,0.000000,0.000000,1,1,1,190,233,181,181,181,0,0,60.00,36828,3259,181,0,0,0,0,0.00,499.50,6,1666,0.0000,0.4790,0.5360,0.5040,0.0910
2026-04-28T17:36:49.768,3.181,1,0.30,1.20,0.00,0.00,1,-0.0499,0.0029,0.2658,0.0000,0.0000,0.0000,122.59,-6.83,1,4.000,4.000,0.900,140,69,0,0.000,0.7600,0.0000,88.00,59.40,191,191,1.00000,1.00000,1.00000,1.00000,0.00000,3,3,0,1,24.28255,0.02705,1.87636,0.0499,-0.0029,0.0842,0.0000,0.0000,0.0000,147.41,-0.75,-123.29,1,1,0.0000,0.0000,0.3500,-90.00,0.7600,0.4200,1.0000,8.00,180.00,10.000000,0.250000,0.000000,1.200000,0.000000,0.000000,1.200000,0.000000,0.000000,0.900000,0.000000,0.000000,0.850000,0.040000,0.000000,0.008000,0.000000,0.000600,0.008000,0.000000,0.000600,0.006000,0.000000,0.000000,1,1,1,191,234,181,181,181,0,0,60.00,36828,3259,181,0,0,0,0,0.00,499.50,6,1666,0.0000,0.4790,0.5360,0.5040,0.0910
2026-04-28T17:36:49.781,3.195,1,0.30,1.20,0.00,0.00,1,-0.0498,0.0027,0.2657,0.0000,0.0000,0.0000,122.60,-0.78,1,4.000,4.000,0.900,140,69,0,0.000,0.7600,0.0000,48.68,60.60,192,192,1.00000,1.00000,1.00000,1.00000,0.00000,3,3,0,1,24.28352,0.02730,1.87861,0.0498,-0.0027,0.0843,0.0000,0.0000,0.0000,147.40,-0.66,-123.30,1,1,0.0000,0.0000,0.3500,-90.00,0.7600,0.4200,1.0000,8.00,180.00,10.000000,0.250000,0.000000,1.200000,0.000000,0.000000,1.200000,0.000000,0.000000,0.900000,0.000000,0.000000,0.850000,0.040000,0.000000,0.008000,0.000000,0.000600,0.008000,0.000000,0.000600,0.006000,0.000000,0.000000,1,1,1,192,232,181,181,181,0,0,60.00,36828,3259,181,0,0,0,0,0.00,499.50,6,1666,0.0000,0.4790,0.5360,0.5040,0.0910
2026-04-28T17:36:49.798,3.212,1,0.30,1.20,0.00,0.00,1,-0.0498,0.0028,0.2655,0.0000,0.0000,0.0000,122.59,0.58,1,4.000,4.000,0.900,140,69,0,0.000,0.7600,0.0000,78.28,59.63,193,193,1.00000,1.00000,1.00000,1.00000,0.00000,3,3,0,1,24.30491,0.02707,1.87829,0.0498,-0.0028,0.0845,0.0000,0.0000,0.0000,147.41,-0.69,-123.31,1,1,0.0000,0.0000,0.3500,-90.00,0.7600,0.4200,1.0000,8.00,180.00,10.000000,0.250000,0.000000,1.200000,0.000000,0.000000,1.200000,0.000000,0.000000,0.900000,0.000000,0.000000,0.850000,0.040000,0.000000,0.008000,0.000000,0.000600,0.008000,0.000000,0.000600,0.006000,0.000000,0.000000,1,1,1,193,234,181,181,181,0,0,60.00,36828,3259,181,0,0,0,0,0.00,499.50,6,1666,0.0000,0.4790,0.5360,0.5040,0.0910
2026-04-28T17:36:49.819,3.232,1,0.30,1.20,0.00,0.00,1,-0.0498,0.0029,0.2655,0.0000,0.0000,0.0000,122.63,-2.00,1,4.000,4.000,0.900,140,69,0,0.000,0.7600,0.0000,59.62,59.25,194,194,1.00000,1.00000,1.00000,1.00000,0.00000,3,3,0,1,24.28010,0.02714,1.87501,0.0498,-0.0029,0.0845,0.0000,0.0000,0.0000,147.37,-0.66,-123.31,1,1,0.0000,0.0000,0.3500,-90.00,0.7600,0.4200,1.0000,8.00,180.00,10.000000,0.250000,0.000000,1.200000,0.000000,0.000000,1.200000,0.000000,0.000000,0.900000,0.000000,0.000000,0.850000,0.040000,0.000000,0.008000,0.000000,0.000600,0.008000,0.000000,0.000600,0.006000,0.000000,0.000000,1,1,1,194,234,181,181,181,0,0,60.00,36828,3259,181,0,0,0,0,0.00,499.50,6,1666,0.0000,0.4790,0.5360,0.5040,0.0910
2026-04-28T17:36:49.831,3.245,1,0.30,1.20,0.00,0.00,1,-0.0497,0.0028,0.2656,0.0000,0.0000,0.0000,122.61,1.63,1,4.000,4.000,0.900,140,69,0,0.000,0.7600,0.0000,49.20,61.02,195,195,1.00000,1.00000,1.00000,1.00000,0.00000,3,3,0,1,24.22940,0.02703,1.87136,0.0497,-0.0028,0.0844,0.0000,0.0000,0.0000,147.39,-0.62,-123.31,1,1,0.0000,0.0000,0.3500,-90.00,0.7600,0.4200,1.0000,8.00,180.00,10.000000,0.250000,0.000000,1.200000,0.000000,0.000000,1.200000,0.000000,0.000000,0.900000,0.000000,0.000000,0.850000,0.040000,0.000000,0.008000,0.000000,0.000600,0.008000,0.000000,0.000600,0.006000,0.000000,0.000000,1,1,1,195,234,181,181,181,0,0,60.00,36828,3259,181,0,0,0,0,0.00,499.50,6,1666,0.0000,0.4790,0.5360,0.5040,0.0910
2026-04-28T17:36:49.848,3.262,1,0.30,1.20,0.00,0.00,1,-0.0496,0.0028,0.2655,0.0000,0.0000,0.0000,122.51,5.84,1,4.000,4.000,0.900,140,69,0,0.000,0.7600,0.0000,77.68,60.21,196,196,1.00000,1.00000,1.00000,1.00000,0.00000,3,3,0,1,24.23613,0.02680,1.86977,0.0496,-0.0028,0.0845,0.0000,0.0000,0.0000,147.49,-0.63,-123.30,1,1,0.0000,0.0000,0.3500,-90.00,0.7600,0.4200,1.0000,8.00,180.00,10.000000,0.250000,0.000000,1.200000,0.000000,0.000000,1.200000,0.000000,0.000000,0.900000,0.000000,0.000000,0.850000,0.040000,0.000000,0.008000,0.000000,0.000600,0.008000,0.000000,0.000600,0.006000,0.000000,0.000000,1,1,1,196,233,181,181,181,0,0,60.00,36828,3259,181,0,0,0,0,0.00,499.50,6,1666,0.0000,0.4790,0.5360,0.5040,0.0910
2026-04-28T17:36:49.865,3.278,1,0.30,1.20,0.00,0.00,1,-0.0496,0.0028,0.2655,0.0000,0.0000,0.0000,122.41,5.96,1,4.000,4.000,0.900,140,69,0,0.000,0.7600,0.0000,60.07,59.69,197,197,1.00000,1.00000,1.00000,1.00000,0.00000,3,3,0,1,24.24437,0.02691,1.86783,0.0496,-0.0028,0.0845,0.0000,0.0000,0.0000,147.59,-0.60,-123.30,1,1,0.0000,0.0000,0.3500,-90.00,0.7600,0.4200,1.0000,8.00,180.00,10.000000,0.250000,0.000000,1.200000,0.000000,0.000000,1.200000,0.000000,0.000000,0.900000,0.000000,0.000000,0.850000,0.040000,0.000000,0.008000,0.000000,0.000600,0.008000,0.000000,0.000600,0.006000,0.000000,0.000000,1,1,1,197,232,181,181,181,0,0,60.00,36828,3259,181,0,0,0,0,0.00,499.50,6,1666,0.0000,0.4790,0.5360,0.5040,0.0910
2026-04-28T17:36:49.881,3.295,1,0.30,1.20,0.00,0.00,1,-0.0497,0.0028,0.2657,0.0000,0.0000,0.0000,122.52,-6.61,1,4.000,4.000,0.900,140,69,0,0.000,0.7600,0.0000,59.54,60.17,198,198,1.00000,1.00000,1.00000,1.00000,0.00000,3,3,0,1,24.26982,0.02714,1.87596,0.0497,-0.0028,0.0843,0.0000,0.0000,0.0000,147.48,-0.65,-123.30,1,1,0.0000,0.0000,0.3500,-90.00,0.7600,0.4200,1.0000,8.00,180.00,10.000000,0.250000,0.000000,1.200000,0.000000,0.000000,1.200000,0.000000,0.000000,0.900000,0.000000,0.000000,0.850000,0.040000,0.000000,0.008000,0.000000,0.000600,0.008000,0.000000,0.000600,0.006000,0.000000,0.000000,1,1,1,198,233,181,181,181,0,0,60.00,36828,3259,181,0,0,0,0,0.00,499.50,6,1666,0.0000,0.4790,0.5360,0.5040,0.0910
2026-04-28T17:36:49.897,3.311,1,0.30,1.20,0.00,0.00,1,-0.0497,0.0027,0.2657,0.0000,0.0000,0.0000,122.54,-1.22,1,4.000,4.000,0.900,140,69,0,0.000,0.7600,0.0000,59.89,60.66,199,199,1.00000,1.00000,1.00000,1.00000,0.00000,3,3,0,1,24.26485,0.02699,1.87571,0.0497,-0.0027,0.0843,0.0000,0.0000,0.0000,147.46,-0.67,-123.31,1,1,0.0000,0.0000,0.3500,-90.00,0.7600,0.4200,1.0000,8.00,180.00,10.000000,0.250000,0.000000,1.200000,0.000000,0.000000,1.200000,0.000000,0.000000,0.900000,0.000000,0.000000,0.850000,0.040000,0.000000,0.008000,0.000000,0.000600,0.008000,0.000000,0.000600,0.006000,0.000000,0.000000,1,1,1,199,234,181,181,181,0,0,60.00,36828,3259,181,0,0,0,0,0.00,499.50,6,1666,0.0000,0.4790,0.5360,0.5040,0.0910
2026-04-28T17:36:49.917,3.331,1,0.30,1.20,0.00,0.00,1,-0.0499,0.0028,0.2655,0.0000,0.0000,0.0000,122.48,3.08,1,4.000,4.000,0.900,140,69,0,0.000,0.7600,0.0000,69.89,60.42,200,200,1.00000,1.00000,1.00000,1.00000,0.00000,3,3,0,1,24.30138,0.02707,1.87877,0.0499,-0.0028,0.0845,0.0000,0.0000,0.0000,147.52,-0.69,-123.32,1,1,0.0000,0.0000,0.3500,-90.00,0.7600,0.4200,1.0000,8.00,180.00,10.000000,0.250000,0.000000,1.200000,0.000000,0.000000,1.200000,0.000000,0.000000,0.900000,0.000000,0.000000,0.850000,0.040000,0.000000,0.008000,0.000000,0.000600,0.008000,0.000000,0.000600,0.006000,0.000000,0.000000,1,1,1,200,234,181,181,181,0,0,60.00,36828,3259,181,0,0,0,0,0.00,499.50,6,1666,0.0000,0.4790,0.5360,0.5040,0.0910
2026-04-28T17:36:49.935,3.349,1,0.30,1.20,0.00,0.00,1,-0.0498,0.0028,0.2657,0.0000,0.0000,0.0000,122.52,-2.23,1,4.000,4.000,0.900,140,69,0,0.000,0.7600,0.0000,45.55,60.07,201,201,1.00000,1.00000,1.00000,1.00000,0.00000,3,3,0,1,24.27416,0.02710,1.87499,0.0498,-0.0028,0.0843,0.0000,0.0000,0.0000,147.48,-0.70,-123.32,1,1,0.0000,0.0000,0.3500,-90.00,0.7600,0.4200,1.0000,8.00,180.00,10.000000,0.250000,0.000000,1.200000,0.000000,0.000000,1.200000,0.000000,0.000000,0.900000,0.000000,0.000000,0.850000,0.040000,0.000000,0.008000,0.000000,0.000600,0.008000,0.000000,0.000600,0.006000,0.000000,0.000000,1,1,1,201,233,181,181,181,0,0,60.00,36828,3259,181,0,0,0,0,0.00,499.50,6,1666,0.0000,0.4790,0.5360,0.5040,0.0910
2026-04-28T17:36:49.948,3.361,1,0.30,1.20,0.00,0.00,1,-0.0499,0.0027,0.2657,0.0000,0.0000,0.0000,122.54,-1.60,1,4.000,4.000,0.900,140,69,0,0.000,0.7600,0.0000,56.74,59.95,202,202,1.00000,1.00000,1.00000,1.00000,0.00000,3,3,0,1,24.28618,0.02717,1.87827,0.0499,-0.0027,0.0843,0.0000,0.0000,0.0000,147.46,-0.67,-123.28,1,1,0.0000,0.0000,0.3500,-90.00,0.7600,0.4200,1.0000,8.00,180.00,10.000000,0.250000,0.000000,1.200000,0.000000,0.000000,1.200000,0.000000,0.000000,0.900000,0.000000,0.000000,0.850000,0.040000,0.000000,0.008000,0.000000,0.000600,0.008000,0.000000,0.000600,0.006000,0.000000,0.000000,1,1,1,202,234,181,181,181,0,0,60.00,36828,3259,181,0,0,0,0,0.00,499.50,6,1666,0.0000,0.4790,0.5360,0.5040,0.0910
2026-04-28T17:36:49.967,3.380,1,0.30,1.20,0.00,0.00,1,-0.0497,0.0027,0.2656,0.0000,0.0000,0.0000,122.53,0.54,1,4.000,4.000,0.900,140,69,0,0.000,0.7600,0.0000,80.37,58.69,203,203,1.00000,1.00000,1.00000,1.00000,0.00000,3,3,0,1,24.27290,0.02701,1.87133,0.0497,-0.0027,0.0844,0.0000,0.0000,0.0000,147.47,-0.64,-123.27,1,1,0.0000,0.0000,0.3500,-90.00,0.7600,0.4200,1.0000,8.00,180.00,10.000000,0.250000,0.000000,1.200000,0.000000,0.000000,1.200000,0.000000,0.000000,0.900000,0.000000,0.000000,0.850000,0.040000,0.000000,0.008000,0.000000,0.000600,0.008000,0.000000,0.000600,0.006000,0.000000,0.000000,1,1,1,203,234,181,181,181,0,0,60.00,36828,3259,181,0,0,0,0,0.00,499.50,6,1666,0.0000,0.4790,0.5360,0.5040,0.0910
2026-04-28T17:36:49.984,3.398,1,0.30,1.20,0.00,0.00,1,-0.0497,0.0028,0.2655,0.0000,0.0000,0.0000,122.53,0.00,1,4.000,4.000,0.900,140,69,0,0.000,0.7600,0.0000,53.74,60.45,204,204,1.00000,1.00000,1.00000,1.00000,0.00000,3,3,0,1,24.32433,0.02708,1.87782,0.0497,-0.0028,0.0845,0.0000,0.0000,0.0000,147.47,-0.65,-123.30,1,1,0.0000,0.0000,0.3500,-90.00,0.7600,0.4200,1.0000,8.00,180.00,10.000000,0.250000,0.000000,1.200000,0.000000,0.000000,1.200000,0.000000,0.000000,0.900000,0.000000,0.000000,0.850000,0.040000,0.000000,0.008000,0.000000,0.000600,0.008000,0.000000,0.000600,0.006000,0.000000,0.000000,1,1,1,204,233,181,181,181,0,0,60.00,36828,3259,181,0,0,0,0,0.00,499.50,6,1666,0.0000,0.4790,0.5360,0.5040,0.0910
2026-04-28T17:36:50.000,3.413,1,0.30,1.20,0.00,0.00,1,-0.0498,0.0027,0.2659,0.0000,0.0000,-0.0110,122.60,-4.56,1,4.000,4.000,0.900,140,69,0,0.000,0.7600,0.0000,54.53,61.17,205,205,1.00000,1.00000,1.00000,1.00000,0.00000,3,3,0,1,24.23827,0.02708,1.87571,0.0498,-0.0027,0.0841,0.0000,0.0000,-0.0110,147.40,-0.67,-123.29,1,1,0.0000,0.0000,0.3500,-90.00,0.7600,0.4200,1.0000,8.00,180.00,10.000000,0.250000,0.000000,1.200000,0.000000,0.000000,1.200000,0.000000,0.000000,0.900000,0.000000,0.000000,0.850000,0.040000,0.000000,0.008000,0.000000,0.000600,0.008000,0.000000,0.000600,0.006000,0.000000,0.000000,1,1,1,205,238,181,181,181,0,0,60.00,36828,3259,181,0,0,0,0,0.00,499.50,6,1666,0.0000,0.4790,0.5360,0.5040,0.0910
2026-04-28T17:36:50.016,3.430,1,0.30,1.20,0.00,0.00,1,-0.0497,0.0028,0.2657,0.0000,0.0000,0.0000,122.56,2.46,1,4.000,4.000,0.900,140,69,0,0.000,0.7600,0.0000,66.74,60.31,206,206,1.00000,1.00000,1.00000,1.00000,0.00000,3,3,0,1,24.29840,0.02697,1.87545,0.0497,-0.0028,0.0843,0.0000,0.0000,0.0000,147.44,-0.70,-123.32,1,1,0.0000,0.0000,0.3500,-90.00,0.7600,0.4200,1.0000,8.00,180.00,10.000000,0.250000,0.000000,1.200000,0.000000,0.000000,1.200000,0.000000,0.000000,0.900000,0.000000,0.000000,0.850000,0.040000,0.000000,0.008000,0.000000,0.000600,0.008000,0.000000,0.000600,0.006000,0.000000,0.000000,1,1,1,206,233,181,181,181,0,0,60.00,36828,3259,181,0,0,0,0,0.00,499.50,6,1666,0.0000,0.4790,0.5360,0.5040,0.0910
2026-04-28T17:36:50.034,3.448,1,0.30,1.20,0.00,0.00,1,-0.0498,0.0028,0.2656,0.0000,0.0000,0.0000,122.46,5.38,1,4.000,4.000,0.900,140,69,0,0.000,0.7600,0.0000,61.59,58.27,207,207,1.00000,1.00000,1.00000,1.00000,0.00000,3,3,0,1,24.20999,0.02674,1.87450,0.0498,-0.0028,0.0844,0.0000,0.0000,0.0000,147.54,-0.68,-123.32,1,1,0.0000,0.0000,0.3500,-90.00,0.7600,0.4200,1.0000,8.00,180.00,10.000000,0.250000,0.000000,1.200000,0.000000,0.000000,1.200000,0.000000,0.000000,0.900000,0.000000,0.000000,0.850000,0.040000,0.000000,0.008000,0.000000,0.000600,0.008000,0.000000,0.000600,0.006000,0.000000,0.000000,1,1,1,207,234,181,181,181,0,0,60.00,36828,3259,181,0,0,0,0,0.00,499.50,6,1666,0.0000,0.4790,0.5360,0.5040,0.0910
2026-04-28T17:36:50.048,3.461,1,0.30,1.20,0.00,0.00,1,-0.0497,0.0030,0.2655,0.0000,0.0000,0.0000,122.47,-0.76,1,4.000,4.000,0.900,140,69,0,0.000,0.7600,0.0000,53.08,61.43,208,208,1.00000,1.00000,1.00000,1.00000,0.00000,3,3,0,1,24.26776,0.02695,1.87006,0.0497,-0.0030,0.0845,0.0000,0.0000,0.0000,147.53,-0.68,-123.33,1,1,0.0000,0.0000,0.3500,-90.00,0.7600,0.4200,1.0000,8.00,180.00,10.000000,0.250000,0.000000,1.200000,0.000000,0.000000,1.200000,0.000000,0.000000,0.900000,0.000000,0.000000,0.850000,0.040000,0.000000,0.008000,0.000000,0.000600,0.008000,0.000000,0.000600,0.006000,0.000000,0.000000,1,1,1,208,234,181,181,181,0,0,60.00,36828,3259,181,0,0,0,0,0.00,499.50,6,1666,0.0000,0.4790,0.5360,0.5040,0.0910
2026-04-28T17:36:50.067,3.480,1,0.30,1.20,0.00,0.00,1,-0.0498,0.0028,0.2657,0.0000,0.0000,0.0000,122.59,-6.30,1,4.000,4.000,0.900,140,69,0,0.000,0.7600,0.0000,78.23,81.15,209,209,1.00000,1.00000,1.00000,1.00000,0.00000,3,3,0,1,24.26510,0.02714,1.87623,0.0498,-0.0028,0.0843,0.0000,0.0000,0.0000,147.41,-0.71,-123.31,1,1,0.0000,0.0000,0.3500,-90.00,0.7600,0.4200,1.0000,8.00,180.00,10.000000,0.250000,0.000000,1.200000,0.000000,0.000000,1.200000,0.000000,0.000000,0.900000,0.000000,0.000000,0.850000,0.040000,0.000000,0.008000,0.000000,0.000600,0.008000,0.000000,0.000600,0.006000,0.000000,0.000000,1,1,1,209,234,181,181,181,0,0,60.00,36828,3259,181,0,0,0,0,0.00,499.50,6,1666,0.0000,0.4790,0.5360,0.5040,0.0910
2026-04-28T17:36:50.081,3.495,1,0.30,1.20,0.00,0.00,1,-0.0497,0.0029,0.2654,0.0000,0.0000,0.0000,122.42,11.65,1,4.000,4.000,0.900,140,69,0,0.000,0.7600,0.0000,51.40,46.90,210,210,1.00000,1.00000,1.00000,1.00000,0.00000,3,3,0,1,24.30581,0.02697,1.87525,0.0497,-0.0029,0.0846,0.0000,0.0000,0.0000,147.58,-0.68,-123.32,1,1,0.0000,0.0000,0.3500,-90.00,0.7600,0.4200,1.0000,8.00,180.00,10.000000,0.250000,0.000000,1.200000,0.000000,0.000000,1.200000,0.000000,0.000000,0.900000,0.000000,0.000000,0.850000,0.040000,0.000000,0.008000,0.000000,0.000600,0.008000,0.000000,0.000600,0.006000,0.000000,0.000000,1,1,1,210,234,181,181,181,0,0,60.00,36828,3259,181,0,0,0,0,0.00,499.50,6,1666,0.0000,0.4790,0.5360,0.5040,0.0910
2026-04-28T17:36:50.101,3.515,1,0.30,1.20,0.00,0.00,1,-0.0496,0.0028,0.2654,0.0000,0.0000,0.0000,122.40,1.02,1,4.000,4.000,0.900,140,69,0,0.000,0.7600,0.0000,70.21,61.12,211,211,1.00000,1.00000,1.00000,1.00000,0.00000,3,3,0,1,24.27515,0.02709,1.87521,0.0496,-0.0028,0.0846,0.0000,0.0000,0.0000,147.60,-0.57,-123.34,1,1,0.0000,0.0000,0.3500,-90.00,0.7600,0.4200,1.0000,8.00,180.00,10.000000,0.250000,0.000000,1.200000,0.000000,0.000000,1.200000,0.000000,0.000000,0.900000,0.000000,0.000000,0.850000,0.040000,0.000000,0.008000,0.000000,0.000600,0.008000,0.000000,0.000600,0.006000,0.000000,0.000000,1,1,1,211,233,181,181,181,0,0,60.00,36828,3259,181,0,0,0,0,0.00,499.50,6,1666,0.0000,0.4790,0.5360,0.5040,0.0910
2026-04-28T17:36:50.115,3.529,1,0.30,1.20,0.00,0.00,1,-0.0497,0.0028,0.2656,0.0000,0.0000,0.0000,122.44,-2.83,1,4.000,4.000,0.900,140,69,0,0.000,0.7600,0.0000,50.74,59.98,212,212,1.00000,1.00000,1.00000,1.00000,0.00000,3,3,0,1,24.26758,0.02699,1.87580,0.0497,-0.0028,0.0844,0.0000,0.0000,0.0000,147.56,-0.63,-123.33,1,1,0.0000,0.0000,0.3500,-90.00,0.7600,0.4200,1.0000,8.00,180.00,10.000000,0.250000,0.000000,1.200000,0.000000,0.000000,1.200000,0.000000,0.000000,0.900000,0.000000,0.000000,0.850000,0.040000,0.000000,0.008000,0.000000,0.000600,0.008000,0.000000,0.000600,0.006000,0.000000,0.000000,1,1,1,212,234,181,181,181,0,0,60.00,36828,3259,211,0,0,0,36858,501.00,501.00,5,977,0.0000,0.4790,0.5360,0.6450,0.0920
2026-04-28T17:36:50.131,3.545,1,0.30,1.20,0.00,0.00,1,-0.0497,0.0028,0.2655,0.0000,0.0000,0.0000,122.51,-4.39,1,4.000,4.000,0.900,140,69,0,0.000,0.7600,0.0000,71.52,60.21,213,213,1.00000,1.00000,1.00000,1.00000,0.00000,3,3,0,1,24.27237,0.02718,1.87476,0.0497,-0.0028,0.0845,0.0000,0.0000,0.0000,147.49,-0.60,-123.33,1,1,0.0000,0.0000,0.3500,-90.00,0.7600,0.4200,1.0000,8.00,180.00,10.000000,0.250000,0.000000,1.200000,0.000000,0.000000,1.200000,0.000000,0.000000,0.900000,0.000000,0.000000,0.850000,0.040000,0.000000,0.008000,0.000000,0.000600,0.008000,0.000000,0.000600,0.006000,0.000000,0.000000,1,1,1,213,233,181,181,181,0,0,60.00,36828,3259,211,0,0,0,36858,501.00,501.00,5,977,0.0000,0.4790,0.5360,0.6450,0.0920
2026-04-28T17:36:50.148,3.562,1,0.30,1.20,0.00,0.00,1,-0.0497,0.0028,0.2657,0.0000,0.0000,0.0000,122.55,-2.36,1,4.000,4.000,0.900,140,69,0,0.000,0.7600,0.0000,61.16,59.54,214,214,1.00000,1.00000,1.00000,1.00000,0.00000,3,3,0,1,24.29645,0.02698,1.87553,0.0497,-0.0028,0.0843,0.0000,0.0000,0.0000,147.45,-0.66,-123.34,1,1,0.0000,0.0000,0.3500,-90.00,0.7600,0.4200,1.0000,8.00,180.00,10.000000,0.250000,0.000000,1.200000,0.000000,0.000000,1.200000,0.000000,0.000000,0.900000,0.000000,0.000000,0.850000,0.040000,0.000000,0.008000,0.000000,0.000600,0.008000,0.000000,0.000600,0.006000,0.000000,0.000000,1,1,1,214,234,181,181,181,0,0,60.00,36828,3259,211,0,0,0,36858,501.00,501.00,5,977,0.0000,0.4790,0.5360,0.6450,0.0920
2026-04-28T17:36:50.167,3.580,1,0.30,1.20,0.00,0.00,1,-0.0497,0.0028,0.2657,0.0000,0.0000,0.0000,122.55,0.00,1,4.000,4.000,0.900,140,69,0,0.000,0.7600,0.0000,58.85,59.72,215,215,1.00000,1.00000,1.00000,1.00000,0.00000,3,3,0,1,24.26314,0.02691,1.87381,0.0497,-0.0028,0.0843,0.0000,0.0000,0.0000,147.45,-0.69,-123.32,1,1,0.0000,0.0000,0.3500,-90.00,0.7600,0.4200,1.0000,8.00,180.00,10.000000,0.250000,0.000000,1.200000,0.000000,0.000000,1.200000,0.000000,0.000000,0.900000,0.000000,0.000000,0.850000,0.040000,0.000000,0.008000,0.000000,0.000600,0.008000,0.000000,0.000600,0.006000,0.000000,0.000000,1,1,1,215,234,181,181,181,0,0,60.00,36828,3259,211,0,0,0,36858,501.00,501.00,5,977,0.0000,0.4790,0.5360,0.6450,0.0920
2026-04-28T17:36:50.181,3.595,1,0.30,1.20,0.00,0.00,1,-0.0498,0.0029,0.2656,0.0000,0.0000,0.0000,122.57,-1.36,1,4.000,4.000,0.900,140,69,0,0.000,0.7600,0.0000,54.62,59.58,216,216,1.00000,1.00000,1.00000,1.00000,0.00000,3,3,0,1,24.29693,0.02713,1.87624,0.0498,-0.0029,0.0844,0.0000,0.0000,0.0000,147.43,-0.71,-123.31,1,1,0.0000,0.0000,0.3500,-90.00,0.7600,0.4200,1.0000,8.00,180.00,10.000000,0.250000,0.000000,1.200000,0.000000,0.000000,1.200000,0.000000,0.000000,0.900000,0.000000,0.000000,0.850000,0.040000,0.000000,0.008000,0.000000,0.000600,0.008000,0.000000,0.000600,0.006000,0.000000,0.000000,1,1,1,216,234,181,181,181,0,0,60.00,36828,3259,211,0,0,0,36858,501.00,501.00,5,977,0.0000,0.4790,0.5360,0.6450,0.0920
2026-04-28T17:36:50.199,3.612,1,0.30,1.20,0.00,0.00,1,-0.0499,0.0030,0.2657,0.0000,0.0000,0.0000,122.68,-6.43,1,4.000,4.000,0.900,140,69,0,0.000,0.7600,0.0000,68.10,60.24,217,217,1.00000,1.00000,1.00000,1.00000,0.00000,3,3,0,1,24.30152,0.02715,1.87924,0.0499,-0.0030,0.0843,0.0000,0.0000,0.0000,147.32,-0.76,-123.29,1,1,0.0000,0.0000,0.3500,-90.00,0.7600,0.4200,1.0000,8.00,180.00,10.000000,0.250000,0.000000,1.200000,0.000000,0.000000,1.200000,0.000000,0.000000,0.900000,0.000000,0.000000,0.850000,0.040000,0.000000,0.008000,0.000000,0.000600,0.008000,0.000000,0.000600,0.006000,0.000000,0.000000,1,1,1,217,234,181,181,181,0,0,60.00,36828,3259,211,0,0,0,36858,501.00,501.00,5,977,0.0000,0.4790,0.5360,0.6450,0.0920
2026-04-28T17:36:50.219,3.633,1,0.30,1.20,0.00,0.00,1,-0.0500,0.0028,0.2657,0.0000,0.0000,0.0000,122.62,2.90,1,4.000,4.000,0.900,140,69,0,0.000,0.7600,0.0000,58.45,59.59,218,218,1.00000,1.00000,1.00000,1.00000,0.00000,3,3,0,1,24.26747,0.02703,1.87825,0.0500,-0.0028,0.0843,0.0000,0.0000,0.0000,147.38,-0.76,-123.31,1,1,0.0000,0.0000,0.3500,-90.00,0.7600,0.4200,1.0000,8.00,180.00,10.000000,0.250000,0.000000,1.200000,0.000000,0.000000,1.200000,0.000000,0.000000,0.900000,0.000000,0.000000,0.850000,0.040000,0.000000,0.008000,0.000000,0.000600,0.008000,0.000000,0.000600,0.006000,0.000000,0.000000,1,1,1,218,234,181,181,181,0,0,60.00,36828,3259,211,0,0,0,36858,501.00,501.00,5,977,0.0000,0.4790,0.5360,0.6450,0.0920
2026-04-28T17:36:50.232,3.645,1,0.30,1.20,0.00,0.00,1,-0.0499,0.0028,0.2659,0.0000,0.0000,0.0000,122.67,-3.98,1,4.000,4.000,0.900,140,69,0,0.000,0.7600,0.0000,48.42,60.71,219,219,1.00000,1.00000,1.00000,1.00000,0.00000,3,3,0,1,24.26894,0.02716,1.87792,0.0499,-0.0028,0.0841,0.0000,0.0000,0.0000,147.33,-0.73,-123.31,1,1,0.0000,0.0000,0.3500,-90.00,0.7600,0.4200,1.0000,8.00,180.00,10.000000,0.250000,0.000000,1.200000,0.000000,0.000000,1.200000,0.000000,0.000000,0.900000,0.000000,0.000000,0.850000,0.040000,0.000000,0.008000,0.000000,0.000600,0.008000,0.000000,0.000600,0.006000,0.000000,0.000000,1,1,1,219,234,181,181,181,0,0,60.00,36828,3259,211,0,0,0,36858,501.00,501.00,5,977,0.0000,0.4790,0.5360,0.6450,0.0920
2026-04-28T17:36:50.248,3.662,1,0.30,1.20,0.00,0.00,1,-0.0496,0.0028,0.2656,-0.0101,0.0000,0.0000,122.53,8.44,1,4.000,4.000,0.900,140,69,0,0.000,0.7600,0.0000,79.44,58.40,220,220,1.00000,1.00000,1.00000,1.00000,0.00000,3,3,0,1,24.26269,0.02686,1.87048,0.0496,-0.0028,0.0844,-0.0101,0.0000,0.0000,147.47,-0.65,-123.33,1,1,0.0000,0.0000,0.3500,-90.00,0.7600,0.4200,1.0000,8.00,180.00,10.000000,0.250000,0.000000,1.200000,0.000000,0.000000,1.200000,0.000000,0.000000,0.900000,0.000000,0.000000,0.850000,0.040000,0.000000,0.008000,0.000000,0.000600,0.008000,0.000000,0.000600,0.006000,0.000000,0.000000,1,1,1,220,238,181,181,181,0,0,60.00,36828,3259,211,0,0,0,36858,501.00,501.00,5,977,0.0000,0.4790,0.5360,0.6450,0.0920
2026-04-28T17:36:50.269,3.683,1,0.30,1.20,0.00,0.00,1,-0.0496,0.0028,0.2656,0.0000,0.0000,0.0000,122.52,0.49,1,4.000,4.000,0.900,140,69,0,0.000,0.7600,0.0000,60.29,62.39,221,221,1.00000,1.00000,1.00000,1.00000,0.00000,3,3,0,1,24.23375,0.02699,1.87039,0.0496,-0.0028,0.0844,0.0000,0.0000,0.0000,147.48,-0.62,-123.32,1,1,0.0000,0.0000,0.3500,-90.00,0.7600,0.4200,1.0000,8.00,180.00,10.000000,0.250000,0.000000,1.200000,0.000000,0.000000,1.200000,0.000000,0.000000,0.900000,0.000000,0.000000,0.850000,0.040000,0.000000,0.008000,0.000000,0.000600,0.008000,0.000000,0.000600,0.006000,0.000000,0.000000,1,1,1,221,234,181,181,181,0,0,60.00,36828,3259,211,0,0,0,36858,501.00,501.00,5,977,0.0000,0.4790,0.5360,0.6450,0.0920
2026-04-28T17:36:50.286,3.700,1,0.30,1.20,0.00,0.00,1,-0.0496,0.0029,0.2654,0.0000,0.0000,0.0000,122.44,4.63,1,4.000,4.000,0.900,140,69,0,0.000,0.7600,0.0000,48.25,75.01,222,222,1.00000,1.00000,1.00000,1.00000,0.00000,3,3,0,1,24.27778,0.02693,1.86960,0.0496,-0.0029,0.0846,0.0000,0.0000,0.0000,147.56,-0.64,-123.33,1,1,0.0000,0.0000,0.3500,-90.00,0.7600,0.4200,1.0000,8.00,180.00,10.000000,0.250000,0.000000,1.200000,0.000000,0.000000,1.200000,0.000000,0.000000,0.900000,0.000000,0.000000,0.850000,0.040000,0.000000,0.008000,0.000000,0.000600,0.008000,0.000000,0.000600,0.006000,0.000000,0.000000,1,1,1,222,234,181,181,181,0,0,60.00,36828,3259,211,0,0,0,36858,501.00,501.00,5,977,0.0000,0.4790,0.5360,0.6450,0.0920
2026-04-28T17:36:50.298,3.712,1,0.30,1.20,0.00,0.00,1,-0.0497,0.0028,0.2656,0.0000,0.0000,0.0000,122.46,-1.60,1,4.000,4.000,0.900,140,69,0,0.000,0.7600,0.0000,59.40,49.69,223,223,1.00000,1.00000,1.00000,1.00000,0.00000,3,3,0,1,24.26729,0.02698,1.87571,0.0497,-0.0028,0.0844,0.0000,0.0000,0.0000,147.54,-0.67,-123.33,1,1,0.0000,0.0000,0.3500,-90.00,0.7600,0.4200,1.0000,8.00,180.00,10.000000,0.250000,0.000000,1.200000,0.000000,0.000000,1.200000,0.000000,0.000000,0.900000,0.000000,0.000000,0.850000,0.040000,0.000000,0.008000,0.000000,0.000600,0.008000,0.000000,0.000600,0.006000,0.000000,0.000000,1,1,1,223,234,181,181,181,0,0,60.00,36828,3259,211,0,0,0,36858,501.00,501.00,5,977,0.0000,0.4790,0.5360,0.6450,0.0920
2026-04-28T17:36:50.315,3.728,1,0.30,1.20,0.00,0.00,1,-0.0497,0.0028,0.2655,0.0000,0.0000,0.0000,122.50,-2.38,1,4.000,4.000,0.900,140,69,0,0.000,0.7600,0.0000,79.99,59.44,224,224,1.00000,1.00000,1.00000,1.00000,0.00000,3,3,0,1,24.28798,0.02706,1.87785,0.0497,-0.0028,0.0845,0.0000,0.0000,0.0000,147.50,-0.68,-123.31,1,1,0.0000,0.0000,0.3500,-90.00,0.7600,0.4200,1.0000,8.00,180.00,10.000000,0.250000,0.000000,1.200000,0.000000,0.000000,1.200000,0.000000,0.000000,0.900000,0.000000,0.000000,0.850000,0.040000,0.000000,0.008000,0.000000,0.000600,0.008000,0.000000,0.000600,0.006000,0.000000,0.000000,1,1,1,224,233,181,181,181,0,0,60.00,36828,3259,211,0,0,0,36858,501.00,501.00,5,977,0.0000,0.4790,0.5360,0.6450,0.0920
2026-04-28T17:36:50.331,3.745,1,0.30,1.20,0.00,0.00,1,-0.0497,0.0028,0.2656,0.0000,0.0000,0.0000,122.49,0.61,1,4.000,4.000,0.900,140,69,0,0.000,0.7600,0.0000,59.42,61.13,225,225,1.00000,1.00000,1.00000,1.00000,0.00000,3,3,0,1,24.26729,0.02698,1.87571,0.0497,-0.0028,0.0844,0.0000,0.0000,0.0000,147.51,-0.69,-123.32,1,1,0.0000,0.0000,0.3500,-90.00,0.7600,0.4200,1.0000,8.00,180.00,10.000000,0.250000,0.000000,1.200000,0.000000,0.000000,1.200000,0.000000,0.000000,0.900000,0.000000,0.000000,0.850000,0.040000,0.000000,0.008000,0.000000,0.000600,0.008000,0.000000,0.000600,0.006000,0.000000,0.000000,1,1,1,225,234,181,181,181,0,0,60.00,36828,3259,211,0,0,0,36858,501.00,501.00,5,977,0.0000,0.4790,0.5360,0.6450,0.0920
2026-04-28T17:36:50.348,3.761,1,0.30,1.20,0.00,0.00,1,-0.0498,0.0027,0.2657,0.0000,0.0000,0.0000,122.50,-0.63,1,4.000,4.000,0.900,140,69,0,0.000,0.7600,0.0000,61.13,60.14,226,226,1.00000,1.00000,1.00000,1.00000,0.00000,3,3,0,1,24.29084,0.02707,1.87424,0.0498,-0.0027,0.0843,0.0000,0.0000,0.0000,147.50,-0.69,-123.30,1,1,0.0000,0.0000,0.3500,-90.00,0.7600,0.4200,1.0000,8.00,180.00,10.000000,0.250000,0.000000,1.200000,0.000000,0.000000,1.200000,0.000000,0.000000,0.900000,0.000000,0.000000,0.850000,0.040000,0.000000,0.008000,0.000000,0.000600,0.008000,0.000000,0.000600,0.006000,0.000000,0.000000,1,1,1,226,232,181,181,181,0,0,60.00,36828,3259,211,0,0,0,36858,501.00,501.00,5,977,0.0000,0.4790,0.5360,0.6450,0.0920
2026-04-28T17:36:50.365,3.778,1,0.30,1.20,0.00,0.00,1,-0.0497,0.0028,0.2656,0.0000,0.0000,0.0000,122.56,-3.55,1,4.000,4.000,0.900,140,69,0,0.000,0.7600,0.0000,62.93,59.09,227,227,1.00000,1.00000,1.00000,1.00000,0.00000,3,3,0,1,24.28554,0.02707,1.87254,0.0497,-0.0028,0.0844,0.0000,0.0000,0.0000,147.44,-0.64,-123.31,1,1,0.0000,0.0000,0.3500,-90.00,0.7600,0.4200,1.0000,8.00,180.00,10.000000,0.250000,0.000000,1.200000,0.000000,0.000000,1.200000,0.000000,0.000000,0.900000,0.000000,0.000000,0.850000,0.040000,0.000000,0.008000,0.000000,0.000600,0.008000,0.000000,0.000600,0.006000,0.000000,0.000000,1,1,1,227,234,181,181,181,0,0,60.00,36828,3259,211,0,0,0,36858,501.00,501.00,5,977,0.0000,0.4790,0.5360,0.6450,0.0920
2026-04-28T17:36:50.382,3.795,1,0.30,1.20,0.00,0.00,1,-0.0500,0.0028,0.2658,0.0000,0.0000,0.0000,122.60,-2.34,1,4.000,4.000,0.900,140,69,0,0.000,0.7600,0.0000,56.98,60.91,228,228,1.00000,1.00000,1.00000,1.00000,0.00000,3,3,0,1,24.24845,0.02704,1.88030,0.0500,-0.0028,0.0842,0.0000,0.0000,0.0000,147.40,-0.71,-123.30,1,1,0.0000,0.0000,0.3500,-90.00,0.7600,0.4200,1.0000,8.00,180.00,10.000000,0.250000,0.000000,1.200000,0.000000,0.000000,1.200000,0.000000,0.000000,0.900000,0.000000,0.000000,0.850000,0.040000,0.000000,0.008000,0.000000,0.000600,0.008000,0.000000,0.000600,0.006000,0.000000,0.000000,1,1,1,228,232,181,181,181,0,0,60.00,36828,3259,211,0,0,0,36858,501.00,501.00,5,977,0.0000,0.4790,0.5360,0.6450,0.0920
2026-04-28T17:36:50.402,3.816,1,0.30,1.20,0.00,0.00,1,-0.0499,0.0028,0.2659,0.0000,0.0000,0.0000,122.57,1.44,1,4.000,4.000,0.900,140,69,0,0.000,0.7600,0.0000,58.62,60.16,229,229,1.00000,1.00000,1.00000,1.00000,0.00000,3,3,0,1,24.25954,0.02694,1.87134,0.0499,-0.0028,0.0841,0.0000,0.0000,0.0000,147.43,-0.75,-123.30,1,1,0.0000,0.0000,0.3500,-90.00,0.7600,0.4200,1.0000,8.00,180.00,10.000000,0.250000,0.000000,1.200000,0.000000,0.000000,1.200000,0.000000,0.000000,0.900000,0.000000,0.000000,0.850000,0.040000,0.000000,0.008000,0.000000,0.000600,0.008000,0.000000,0.000600,0.006000,0.000000,0.000000,1,1,1,229,233,181,181,181,0,0,60.00,36828,3259,211,0,0,0,36858,501.00,501.00,5,977,0.0000,0.4790,0.5360,0.6450,0.0920
2026-04-28T17:36:50.414,3.827,1,0.30,1.20,0.00,0.00,1,-0.0498,0.0028,0.2656,0.0000,0.0000,0.0000,122.56,0.84,1,4.000,4.000,0.900,140,69,0,0.000,0.7600,0.0000,49.21,59.94,230,230,1.00000,1.00000,1.00000,1.00000,0.00000,3,3,0,1,24.28798,0.02706,1.87785,0.0498,-0.0028,0.0844,0.0000,0.0000,0.0000,147.44,-0.72,-123.30,1,1,0.0000,0.0000,0.3500,-90.00,0.7600,0.4200,1.0000,8.00,180.00,10.000000,0.250000,0.000000,1.200000,0.000000,0.000000,1.200000,0.000000,0.000000,0.900000,0.000000,0.000000,0.850000,0.040000,0.000000,0.008000,0.000000,0.000600,0.008000,0.000000,0.000600,0.006000,0.000000,0.000000,1,1,1,230,233,181,181,181,0,0,60.00,36828,3259,211,0,0,0,36858,501.00,501.00,5,977,0.0000,0.4790,0.5360,0.6450,0.0920
2026-04-28T17:36:50.434,3.848,1,0.30,1.20,0.00,0.00,1,-0.0497,0.0028,0.2656,0.0000,0.0000,0.0000,122.59,-1.51,1,4.000,4.000,0.900,140,69,0,0.000,0.7600,0.0000,84.03,59.58,231,231,1.00000,1.00000,1.00000,1.00000,0.00000,3,3,0,1,24.29468,0.02715,1.87394,0.0497,-0.0028,0.0844,0.0000,0.0000,0.0000,147.41,-0.63,-123.34,1,1,0.0000,0.0000,0.3500,-90.00,0.7600,0.4200,1.0000,8.00,180.00,10.000000,0.250000,0.000000,1.200000,0.000000,0.000000,1.200000,0.000000,0.000000,0.900000,0.000000,0.000000,0.850000,0.040000,0.000000,0.008000,0.000000,0.000600,0.008000,0.000000,0.000600,0.006000,0.000000,0.000000,1,1,1,231,234,181,181,181,0,0,60.00,36828,3259,211,0,0,0,36858,501.00,501.00,5,977,0.0000,0.4790,0.5360,0.6450,0.0920
2026-04-28T17:36:50.451,3.864,1,0.30,1.20,0.00,0.00,1,-0.0498,0.0030,0.2657,0.0000,0.0000,0.0000,122.60,-0.60,1,4.000,4.000,0.900,140,69,0,0.000,0.7600,0.0000,49.81,59.79,232,232,1.00000,1.00000,1.00000,1.00000,0.00000,3,3,0,1,24.21743,0.02696,1.87270,0.0498,-0.0030,0.0843,0.0000,0.0000,0.0000,147.40,-0.68,-123.33,1,1,0.0000,0.0000,0.3500,-90.00,0.7600,0.4200,1.0000,8.00,180.00,10.000000,0.250000,0.000000,1.200000,0.000000,0.000000,1.200000,0.000000,0.000000,0.900000,0.000000,0.000000,0.850000,0.040000,0.000000,0.008000,0.000000,0.000600,0.008000,0.000000,0.000600,0.006000,0.000000,0.000000,1,1,1,232,233,181,181,181,0,0,60.00,36828,3259,211,0,0,0,36858,501.00,501.00,5,977,0.0000,0.4790,0.5360,0.6450,0.0920
2026-04-28T17:36:50.469,3.882,1,0.30,1.20,0.00,0.00,1,-0.0498,0.0028,0.2657,0.0000,0.0000,0.0000,122.62,-1.12,1,4.000,4.000,0.900,140,69,0,0.000,0.7600,0.0000,58.73,60.56,233,233,1.00000,1.00000,1.00000,1.00000,0.00000,3,3,0,1,24.26982,0.02714,1.87596,0.0498,-0.0028,0.0843,0.0000,0.0000,0.0000,147.38,-0.69,-123.32,1,1,0.0000,0.0000,0.3500,-90.00,0.7600,0.4200,1.0000,8.00,180.00,10.000000,0.250000,0.000000,1.200000,0.000000,0.000000,1.200000,0.000000,0.000000,0.900000,0.000000,0.000000,0.850000,0.040000,0.000000,0.008000,0.000000,0.000600,0.008000,0.000000,0.000600,0.006000,0.000000,0.000000,1,1,1,233,234,181,181,181,0,0,60.00,36828,3259,211,0,0,0,36858,501.00,501.00,5,977,0.0000,0.4790,0.5360,0.6450,0.0920
2026-04-28T17:36:50.484,3.897,1,0.30,1.20,0.00,0.00,1,-0.0497,0.0028,0.2655,0.0000,0.0000,0.0000,122.58,2.64,1,4.000,4.000,0.900,140,69,0,0.000,0.7600,0.0000,56.25,62.08,234,234,1.00000,1.00000,1.00000,1.00000,0.00000,3,3,0,1,24.27868,0.02706,1.87604,0.0497,-0.0028,0.0845,0.0000,0.0000,0.0000,147.42,-0.62,-123.32,1,1,0.0000,0.0000,0.3500,-90.00,0.7600,0.4200,1.0000,8.00,180.00,10.000000,0.250000,0.000000,1.200000,0.000000,0.000000,1.200000,0.000000,0.000000,0.900000,0.000000,0.000000,0.850000,0.040000,0.000000,0.008000,0.000000,0.000600,0.008000,0.000000,0.000600,0.006000,0.000000,0.000000,1,1,1,234,234,181,181,181,0,0,60.00,36828,3259,211,0,0,0,36858,501.00,501.00,5,977,0.0000,0.4790,0.5360,0.6450,0.0920
2026-04-28T17:36:50.498,3.911,1,0.30,1.20,0.00,0.00,1,-0.0496,0.0026,0.2656,0.0000,0.0000,0.0000,122.46,8.34,1,4.000,4.000,0.900,140,69,0,0.000,0.7600,0.0000,65.86,57.70,235,235,1.00000,1.00000,1.00000,1.00000,0.00000,3,3,0,1,24.27634,0.02702,1.87520,0.0496,-0.0026,0.0844,0.0000,0.0000,0.0000,147.54,-0.60,-123.32,1,1,0.0000,0.0000,0.3500,-90.00,0.7600,0.4200,1.0000,8.00,180.00,10.000000,0.250000,0.000000,1.200000,0.000000,0.000000,1.200000,0.000000,0.000000,0.900000,0.000000,0.000000,0.850000,0.040000,0.000000,0.008000,0.000000,0.000600,0.008000,0.000000,0.000600,0.006000,0.000000,0.000000,1,1,1,235,233,181,181,181,0,0,60.00,36828,3259,211,0,0,0,36858,501.00,501.00,5,977,0.0000,0.4790,0.5360,0.6450,0.0920
2026-04-28T17:36:50.515,3.928,1,0.30,1.20,0.00,0.00,1,-0.0498,0.0028,0.2658,0.0000,0.0000,0.0000,122.54,-4.88,1,4.000,4.000,0.900,140,69,0,0.000,0.7600,0.0000,72.14,60.72,236,236,1.00000,1.00000,1.00000,1.00000,0.00000,3,3,0,1,24.25442,0.02708,1.87689,0.0498,-0.0028,0.0842,0.0000,0.0000,0.0000,147.46,-0.67,-123.29,1,1,0.0000,0.0000,0.3500,-90.00,0.7600,0.4200,1.0000,8.00,180.00,10.000000,0.250000,0.000000,1.200000,0.000000,0.000000,1.200000,0.000000,0.000000,0.900000,0.000000,0.000000,0.850000,0.040000,0.000000,0.008000,0.000000,0.000600,0.008000,0.000000,0.000600,0.006000,0.000000,0.000000,1,1,1,236,234,181,181,181,0,0,60.00,36828,3259,211,0,0,0,36858,501.00,501.00,5,977,0.0000,0.4790,0.5360,0.6450,0.0920
2026-04-28T17:36:50.530,3.944,1,0.30,1.20,0.00,0.00,1,-0.0498,0.0027,0.2657,0.0000,0.0000,0.0000,122.49,3.00,1,4.000,4.000,0.900,140,69,0,0.000,0.7600,0.0000,59.87,63.12,237,237,1.00000,1.00000,1.00000,1.00000,0.00000,3,3,0,1,24.28997,0.02703,1.87308,0.0498,-0.0027,0.0843,0.0000,0.0000,0.0000,147.51,-0.67,-123.27,1,1,0.0000,0.0000,0.3500,-90.00,0.7600,0.4200,1.0000,8.00,180.00,10.000000,0.250000,0.000000,1.200000,0.000000,0.000000,1.200000,0.000000,0.000000,0.900000,0.000000,0.000000,0.850000,0.040000,0.000000,0.008000,0.000000,0.000600,0.008000,0.000000,0.000600,0.006000,0.000000,0.000000,1,1,1,237,234,181,181,181,0,0,60.00,36828,3259,211,0,0,0,36858,501.00,501.00,5,977,0.0000,0.4790,0.5360,0.6450,0.0920
2026-04-28T17:36:50.551,3.964,1,0.30,1.20,0.00,0.00,1,-0.0498,0.0028,0.2657,0.0000,0.0000,0.0000,122.59,-5.12,1,4.000,4.000,0.900,140,69,0,0.000,0.7600,0.0000,69.74,56.15,238,238,1.00000,1.00000,1.00000,1.00000,0.00000,3,3,0,1,24.26460,0.02711,1.87574,0.0498,-0.0028,0.0843,0.0000,0.0000,0.0000,147.41,-0.72,-123.28,1,1,0.0000,0.0000,0.3500,-90.00,0.7600,0.4200,1.0000,8.00,180.00,10.000000,0.250000,0.000000,1.200000,0.000000,0.000000,1.200000,0.000000,0.000000,0.900000,0.000000,0.000000,0.850000,0.040000,0.000000,0.008000,0.000000,0.000600,0.008000,0.000000,0.000600,0.006000,0.000000,0.000000,1,1,1,238,234,181,181,181,0,0,60.00,36828,3259,211,0,0,0,36858,501.00,501.00,5,977,0.0000,0.4790,0.5360,0.6450,0.0920
2026-04-28T17:36:50.567,3.980,1,0.30,1.20,0.00,0.00,1,-0.0498,0.0028,0.2658,0.0000,0.0000,0.0000,122.54,3.18,1,4.000,4.000,0.900,140,69,0,0.000,0.7600,0.0000,45.78,61.88,239,239,1.00000,1.00000,1.00000,1.00000,0.00000,3,3,0,1,24.26424,0.02693,1.87686,0.0498,-0.0028,0.0842,0.0000,0.0000,0.0000,147.46,-0.73,-123.27,1,1,0.0000,0.0000,0.3500,-90.00,0.7600,0.4200,1.0000,8.00,180.00,10.000000,0.250000,0.000000,1.200000,0.000000,0.000000,1.200000,0.000000,0.000000,0.900000,0.000000,0.000000,0.850000,0.040000,0.000000,0.008000,0.000000,0.000600,0.008000,0.000000,0.000600,0.006000,0.000000,0.000000,1,1,1,239,234,181,181,181,0,0,60.00,36828,3259,211,0,0,0,36858,501.00,501.00,5,977,0.0000,0.4790,0.5360,0.6450,0.0920
2026-04-28T17:36:50.581,3.995,1,0.30,1.20,0.00,0.00,1,-0.0498,0.0030,0.2657,0.0000,0.0000,0.0000,122.63,-6.10,1,4.000,4.000,0.900,140,69,0,0.000,0.7600,0.0000,62.19,57.89,240,240,1.00000,1.00000,1.00000,1.00000,0.00000,3,3,0,1,24.27083,0.02704,1.87451,0.0498,-0.0030,0.0843,0.0000,0.0000,0.0000,147.37,-0.72,-123.29,1,1,0.0000,0.0000,0.3500,-90.00,0.7600,0.4200,1.0000,8.00,180.00,10.000000,0.250000,0.000000,1.200000,0.000000,0.000000,1.200000,0.000000,0.000000,0.900000,0.000000,0.000000,0.850000,0.040000,0.000000,0.008000,0.000000,0.000600,0.008000,0.000000,0.000600,0.006000,0.000000,0.000000,1,1,1,240,234,181,181,181,0,0,60.00,36828,3259,211,0,0,0,36858,501.00,501.00,5,977,0.0000,0.4790,0.5360,0.6450,0.0920
2026-04-28T17:36:50.599,4.012,1,0.30,1.20,0.00,0.00,1,-0.0498,0.0029,0.2656,0.0000,0.0000,0.0000,122.50,7.50,1,4.000,4.000,0.900,140,69,0,0.000,0.7600,0.0000,71.20,61.43,241,241,1.00000,1.00000,1.00000,1.00000,0.00000,3,3,0,1,24.27074,0.02684,1.87484,0.0498,-0.0029,0.0844,0.0000,0.0000,0.0000,147.50,-0.75,-123.28,1,1,0.0000,0.0000,0.3500,-90.00,0.7600,0.4200,1.0000,8.00,180.00,10.000000,0.250000,0.000000,1.200000,0.000000,0.000000,1.200000,0.000000,0.000000,0.900000,0.000000,0.000000,0.850000,0.040000,0.000000,0.008000,0.000000,0.000600,0.008000,0.000000,0.000600,0.006000,0.000000,0.000000,1,1,1,241,233,181,181,181,0,0,60.00,36828,3259,211,0,0,0,36858,501.00,501.00,5,977,0.0000,0.4790,0.5360,0.6450,0.0920
2026-04-28T17:36:50.619,4.032,1,0.30,1.20,0.00,0.00,1,-0.0498,0.0028,0.2655,0.0000,0.0000,0.0000,122.52,-0.99,1,4.000,4.000,0.900,140,69,0,0.000,0.7600,0.0000,55.87,64.31,242,242,1.00000,1.00000,1.00000,1.00000,0.00000,3,3,0,1,24.28798,0.02706,1.87785,0.0498,-0.0028,0.0845,0.0000,0.0000,0.0000,147.48,-0.72,-123.29,1,1,0.0000,0.0000,0.3500,-90.00,0.7600,0.4200,1.0000,8.00,180.00,10.000000,0.250000,0.000000,1.200000,0.000000,0.000000,1.200000,0.000000,0.000000,0.900000,0.000000,0.000000,0.850000,0.040000,0.000000,0.008000,0.000000,0.000600,0.008000,0.000000,0.000600,0.006000,0.000000,0.000000,1,1,1,242,234,241,241,241,0,0,60.00,36888,3425,241,0,0,0,36888,500.00,500.00,7,348,0.0000,0.4790,0.5360,0.7850,0.0910
2026-04-28T17:36:50.633,4.047,1,0.30,1.20,0.00,0.00,1,-0.0498,0.0029,0.2656,0.0000,0.0000,0.0000,122.53,-0.67,1,4.000,4.000,0.900,140,69,0,0.000,0.7600,0.0000,52.27,55.42,243,243,1.00000,1.00000,1.00000,1.00000,0.00000,3,3,0,1,24.27383,0.02707,1.87448,0.0498,-0.0029,0.0844,0.0000,0.0000,0.0000,147.47,-0.73,-123.30,1,1,0.0000,0.0000,0.3500,-90.00,0.7600,0.4200,1.0000,8.00,180.00,10.000000,0.250000,0.000000,1.200000,0.000000,0.000000,1.200000,0.000000,0.000000,0.900000,0.000000,0.000000,0.850000,0.040000,0.000000,0.008000,0.000000,0.000600,0.008000,0.000000,0.000600,0.006000,0.000000,0.000000,1,1,1,243,233,241,241,241,0,0,60.00,36888,3425,241,0,0,0,36888,500.00,500.00,7,348,0.0000,0.4790,0.5360,0.7850,0.0910
2026-04-28T17:36:50.652,4.066,1,0.30,1.20,0.00,0.00,1,-0.0498,0.0028,0.2657,0.0000,0.0000,0.0000,122.49,2.19,1,4.000,4.000,0.900,140,69,0,0.000,0.7600,0.0000,64.10,59.98,244,244,1.00000,1.00000,1.00000,1.00000,0.00000,3,3,0,1,24.21937,0.02683,1.87436,0.0498,-0.0028,0.0843,0.0000,0.0000,0.0000,147.51,-0.74,-123.27,1,1,0.0000,0.0000,0.3500,-90.00,0.7600,0.4200,1.0000,8.00,180.00,10.000000,0.250000,0.000000,1.200000,0.000000,0.000000,1.200000,0.000000,0.000000,0.900000,0.000000,0.000000,0.850000,0.040000,0.000000,0.008000,0.000000,0.000600,0.008000,0.000000,0.000600,0.006000,0.000000,0.000000,1,1,1,244,234,241,241,241,0,0,60.00,36888,3425,241,0,0,0,36888,500.00,500.00,7,348,0.0000,0.4790,0.5360,0.7850,0.0910
2026-04-28T17:36:50.664,4.078,1,0.30,1.20,0.00,0.00,1,-0.0497,0.0028,0.2655,0.0000,0.0000,0.0000,122.50,-0.81,1,4.000,4.000,0.900,140,69,0,0.000,0.7600,0.0000,56.37,62.12,245,245,1.00000,1.00000,1.00000,1.00000,0.00000,3,3,0,1,24.25888,0.02704,1.87174,0.0497,-0.0028,0.0845,0.0000,0.0000,0.0000,147.50,-0.66,-123.29,1,1,0.0000,0.0000,0.3500,-90.00,0.7600,0.4200,1.0000,8.00,180.00,10.000000,0.250000,0.000000,1.200000,0.000000,0.000000,1.200000,0.000000,0.000000,0.900000,0.000000,0.000000,0.850000,0.040000,0.000000,0.008000,0.000000,0.000600,0.008000,0.000000,0.000600,0.006000,0.000000,0.000000,1,1,1,245,233,241,241,241,0,0,60.00,36888,3425,241,0,0,0,36888,500.00,500.00,7,348,0.0000,0.4790,0.5360,0.7850,0.0910
2026-04-28T17:36:50.686,4.099,1,0.30,1.20,0.00,0.00,1,-0.0497,0.0028,0.2655,0.0000,0.0000,0.0000,122.51,-0.48,1,4.000,4.000,0.900,140,69,0,0.000,0.7600,0.0000,78.97,58.45,246,246,1.00000,1.00000,1.00000,1.00000,0.00000,3,3,0,1,24.32390,0.02705,1.87731,0.0497,-0.0028,0.0845,0.0000,0.0000,0.0000,147.49,-0.67,-123.31,1,1,0.0000,0.0000,0.3500,-90.00,0.7600,0.4200,1.0000,8.00,180.00,10.000000,0.250000,0.000000,1.200000,0.000000,0.000000,1.200000,0.000000,0.000000,0.900000,0.000000,0.000000,0.850000,0.040000,0.000000,0.008000,0.000000,0.000600,0.008000,0.000000,0.000600,0.006000,0.000000,0.000000,1,1,1,246,234,241,241,241,0,0,60.00,36888,3425,241,0,0,0,36888,500.00,500.00,7,348,0.0000,0.4790,0.5360,0.7850,0.0910
2026-04-28T17:36:50.700,4.114,1,0.30,1.20,0.00,0.00,1,-0.0496,0.0027,0.2656,0.0000,0.0000,0.0000,122.48,2.00,1,4.000,4.000,0.900,140,69,0,0.000,0.7600,0.0000,46.37,60.24,247,247,1.00000,1.00000,1.00000,1.00000,0.00000,3,3,0,1,24.27144,0.02707,1.87703,0.0496,-0.0027,0.0844,0.0000,0.0000,0.0000,147.52,-0.63,-123.32,1,1,0.0000,0.0000,0.3500,-90.00,0.7600,0.4200,1.0000,8.00,180.00,10.000000,0.250000,0.000000,1.200000,0.000000,0.000000,1.200000,0.000000,0.000000,0.900000,0.000000,0.000000,0.850000,0.040000,0.000000,0.008000,0.000000,0.000600,0.008000,0.000000,0.000600,0.006000,0.000000,0.000000,1,1,1,247,234,241,241,241,0,0,60.00,36888,3425,241,0,0,0,36888,500.00,500.00,7,348,0.0000,0.4790,0.5360,0.7850,0.0910
2026-04-28T17:36:50.715,4.129,1,0.30,1.29,0.00,0.95,1,-0.0497,0.0028,0.2656,0.0000,0.0000,0.0000,122.50,-1.36,1,4.000,4.000,0.900,140,69,0,0.000,0.7600,0.0000,68.01,59.50,248,248,1.00000,1.00000,1.00000,1.00000,0.00000,3,3,0,1,24.32433,0.02708,1.87782,0.0497,-0.0028,0.0844,0.0000,0.0000,0.0000,147.50,-0.64,-123.33,1,1,0.0000,0.0000,0.3500,-90.00,0.7600,0.4200,1.0000,8.00,180.00,10.000000,0.250000,0.000000,1.200000,0.000000,0.000000,1.200000,0.000000,0.000000,0.900000,0.000000,0.000000,0.850000,0.040000,0.000000,0.008000,0.000000,0.000600,0.008000,0.000000,0.000600,0.006000,0.000000,0.000000,1,1,1,248,233,241,241,241,0,0,60.00,36888,3425,241,0,0,0,36888,500.00,500.00,7,348,0.0000,0.4790,0.5360,0.7850,0.0910
2026-04-28T17:36:50.732,4.145,1,0.30,1.29,0.00,0.95,1,-0.0497,0.0027,0.2655,0.0000,0.0000,0.0000,122.48,1.17,1,4.000,4.000,0.900,140,69,0,0.000,0.7600,0.0000,68.84,58.99,249,249,1.00000,1.00000,1.00000,1.00000,0.00000,3,3,0,1,24.27996,0.02710,1.87757,0.0497,-0.0027,0.0845,0.0000,0.0000,0.0000,147.52,-0.63,-123.32,1,1,0.0000,0.0000,0.3500,-90.00,0.7600,0.4200,1.0000,8.00,180.00,10.000000,0.250000,0.000000,1.200000,0.000000,0.000000,1.200000,0.000000,0.000000,0.900000,0.000000,0.000000,0.850000,0.040000,0.000000,0.008000,0.000000,0.000600,0.008000,0.000000,0.000600,0.006000,0.000000,0.000000,1,1,1,249,234,241,241,241,0,0,60.00,36888,3425,241,0,0,0,36888,500.00,500.00,7,348,0.0000,0.4790,0.5360,0.7850,0.0910
2026-04-28T17:36:50.749,4.162,1,0.30,1.29,0.00,0.95,1,-0.0497,0.0027,0.2657,0.0000,0.0000,0.0000,122.49,-0.56,1,4.000,4.000,0.900,140,69,0,0.000,0.7600,0.0000,58.80,61.25,250,250,1.00000,1.00000,1.00000,1.00000,0.00000,3,3,0,1,24.21710,0.02689,1.87559,0.0497,-0.0027,0.0843,0.0000,0.0000,0.0000,147.51,-0.67,-123.28,1,1,0.0000,0.0000,0.3500,-90.00,0.7600,0.4200,1.0000,8.00,180.00,10.000000,0.250000,0.000000,1.200000,0.000000,0.000000,1.200000,0.000000,0.000000,0.900000,0.000000,0.000000,0.850000,0.040000,0.000000,0.008000,0.000000,0.000600,0.008000,0.000000,0.000600,0.006000,0.000000,0.000000,1,1,1,250,234,241,241,241,0,0,60.00,36888,3425,241,0,0,0,36888,500.00,500.00,7,348,0.0000,0.4790,0.5360,0.7850,0.0910
2026-04-28T17:36:50.768,4.181,1,0.30,1.29,0.00,0.95,1,-0.0497,0.0027,0.2657,0.0000,0.0000,0.0000,122.52,-1.62,1,4.000,4.000,0.900,140,69,0,0.000,0.7600,0.0000,55.79,60.89,251,251,1.00000,1.00000,1.00000,1.00000,0.00000,3,3,0,1,24.26722,0.02710,1.87480,0.0497,-0.0027,0.0843,0.0000,0.0000,0.0000,147.48,-0.66,-123.27,1,1,0.0000,0.0000,0.3500,-90.00,0.7600,0.4200,1.0000,8.00,180.00,10.000000,0.250000,0.000000,1.200000,0.000000,0.000000,1.200000,0.000000,0.000000,0.900000,0.000000,0.000000,0.850000,0.040000,0.000000,0.008000,0.000000,0.000600,0.008000,0.000000,0.000600,0.006000,0.000000,0.000000,1,1,1,251,234,241,241,241,0,0,60.00,36888,3425,241,0,0,0,36888,500.00,500.00,7,348,0.0000,0.4790,0.5360,0.7850,0.0910
2026-04-28T17:36:50.784,4.198,1,0.30,1.29,0.00,0.95,1,-0.0498,0.0028,0.2657,0.0000,0.0000,0.0000,122.61,-5.76,1,4.000,4.000,0.900,140,69,0,0.000,0.7600,0.0000,55.90,58.39,252,252,1.00000,1.00000,1.00000,1.00000,0.00000,3,3,0,1,24.26460,0.02711,1.87574,0.0498,-0.0028,0.0843,0.0000,0.0000,0.0000,147.39,-0.71,-123.28,1,1,0.0000,0.0000,0.3500,-90.00,0.7600,0.4200,1.0000,8.00,180.00,10.000000,0.250000,0.000000,1.200000,0.000000,0.000000,1.200000,0.000000,0.000000,0.900000,0.000000,0.000000,0.850000,0.040000,0.000000,0.008000,0.000000,0.000600,0.008000,0.000000,0.000600,0.006000,0.000000,0.000000,1,1,1,252,234,241,241,241,0,0,60.00,36888,3425,241,0,0,0,36888,500.00,500.00,7,348,0.0000,0.4790,0.5360,0.7850,0.0910
2026-04-28T17:36:50.799,4.213,1,0.30,1.29,0.00,0.95,1,-0.0497,0.0028,0.2657,0.0000,0.0000,0.0000,122.56,3.24,1,4.000,4.000,0.900,140,69,0,0.000,0.7600,0.0000,60.68,60.73,253,253,1.00000,1.00000,1.00000,1.00000,0.00000,3,3,0,1,24.29882,0.02700,1.87596,0.0497,-0.0028,0.0843,0.0000,0.0000,0.0000,147.44,-0.70,-123.32,1,1,0.0000,0.0000,0.3500,-90.00,0.7600,0.4200,1.0000,8.00,180.00,10.000000,0.250000,0.000000,1.200000,0.000000,0.000000,1.200000,0.000000,0.000000,0.900000,0.000000,0.000000,0.850000,0.040000,0.000000,0.008000,0.000000,0.000600,0.008000,0.000000,0.000600,0.006000,0.000000,0.000000,1,1,1,253,233,241,241,241,0,0,60.00,36888,3425,241,0,0,0,36888,500.00,500.00,7,348,0.0000,0.4790,0.5360,0.7850,0.0910
2026-04-28T17:36:50.817,4.230,1,0.30,1.29,0.00,0.95,1,-0.0497,0.0029,0.2655,0.0000,0.0000,0.0000,122.58,-1.54,1,4.000,4.000,0.900,140,69,0,0.000,0.7600,0.0000,66.70,64.00,254,254,1.00000,1.00000,1.00000,1.00000,0.00000,3,3,0,1,24.28460,0.02710,1.87404,0.0497,-0.0029,0.0845,0.0000,0.0000,0.0000,147.42,-0.67,-123.32,1,1,0.0000,0.0000,0.3500,-90.00,0.7600,0.4200,1.0000,8.00,180.00,10.000000,0.250000,0.000000,1.200000,0.000000,0.000000,1.200000,0.000000,0.000000,0.900000,0.000000,0.000000,0.850000,0.040000,0.000000,0.008000,0.000000,0.000600,0.008000,0.000000,0.000600,0.006000,0.000000,0.000000,1,1,1,254,234,241,241,241,0,0,60.00,36888,3425,241,0,0,0,36888,500.00,500.00,7,348,0.0000,0.4790,0.5360,0.7850,0.0910
2026-04-28T17:36:50.835,4.249,1,0.30,1.29,0.00,0.95,1,-0.0496,0.0028,0.2654,0.0000,0.0000,0.0000,122.54,1.76,1,4.000,4.000,0.900,140,69,0,0.000,0.7600,0.0000,56.49,56.35,255,255,1.00000,1.00000,1.00000,1.00000,0.00000,3,3,0,1,24.24754,0.02695,1.87324,0.0496,-0.0028,0.0846,0.0000,0.0000,0.0000,147.46,-0.62,-123.31,1,1,0.0000,0.0000,0.3500,-90.00,0.7600,0.4200,1.0000,8.00,180.00,10.000000,0.250000,0.000000,1.200000,0.000000,0.000000,1.200000,0.000000,0.000000,0.900000,0.000000,0.000000,0.850000,0.040000,0.000000,0.008000,0.000000,0.000600,0.008000,0.000000,0.000600,0.006000,0.000000,0.000000,1,1,1,255,234,241,241,241,0,0,60.00,36888,3425,241,0,0,0,36888,500.00,500.00,7,348,0.0000,0.4790,0.5360,0.7850,0.0910
2026-04-28T17:36:50.848,4.262,1,0.30,1.29,0.00,0.95,1,-0.0497,0.0027,0.2657,0.0000,0.0000,0.0000,122.57,-2.26,1,4.000,4.000,0.900,140,69,0,0.000,0.7600,0.0000,54.38,59.82,256,256,1.00000,1.00000,1.00000,1.00000,0.00000,3,3,0,1,24.23899,0.02704,1.87344,0.0497,-0.0027,0.0843,0.0000,0.0000,0.0000,147.43,-0.66,-123.29,1,1,0.0000,0.0000,0.3500,-90.00,0.7600,0.4200,1.0000,8.00,180.00,10.000000,0.250000,0.000000,1.200000,0.000000,0.000000,1.200000,0.000000,0.000000,0.900000,0.000000,0.000000,0.850000,0.040000,0.000000,0.008000,0.000000,0.000600,0.008000,0.000000,0.000600,0.006000,0.000000,0.000000,1,1,1,256,234,241,241,241,0,0,60.00,36888,3425,241,0,0,0,36888,500.00,500.00,7,348,0.0000,0.4790,0.5360,0.7850,0.0910
2026-04-28T17:36:50.869,4.283,1,0.30,1.29,0.00,0.00,1,-0.0498,0.0027,0.2658,0.0000,0.0000,0.0000,122.58,-0.48,1,4.000,4.000,0.900,140,69,0,0.000,0.7600,0.0000,77.17,60.05,257,257,1.00000,1.00000,1.00000,1.00000,0.00000,3,3,0,1,24.23928,0.02705,1.87353,0.0498,-0.0027,0.0842,0.0000,0.0000,0.0000,147.42,-0.67,-123.28,1,1,0.0000,0.0000,0.3500,-90.00,0.7600,0.4200,1.0000,8.00,180.00,10.000000,0.250000,0.000000,1.200000,0.000000,0.000000,1.200000,0.000000,0.000000,0.900000,0.000000,0.000000,0.850000,0.040000,0.000000,0.008000,0.000000,0.000600,0.008000,0.000000,0.000600,0.006000,0.000000,0.000000,1,1,1,257,234,241,241,241,0,0,60.00,36888,3425,241,0,0,0,36888,500.00,500.00,7,348,0.0000,0.4790,0.5360,0.7850,0.0910
2026-04-28T17:36:50.887,4.301,1,0.30,1.29,0.00,0.00,1,-0.0497,0.0028,0.2656,0.0000,0.0000,0.0000,122.58,0.00,1,4.000,4.000,0.900,140,69,0,0.000,0.7600,0.0000,46.86,46.04,258,258,1.00000,1.00000,1.00000,1.00000,0.00000,3,3,0,1,24.28431,0.02698,1.87393,0.0497,-0.0028,0.0844,0.0000,0.0000,0.0000,147.42,-0.65,-123.33,1,1,0.0000,0.0000,0.3500,-90.00,0.7600,0.4200,1.0000,8.00,180.00,10.000000,0.250000,0.000000,1.200000,0.000000,0.000000,1.200000,0.000000,0.000000,0.900000,0.000000,0.000000,0.850000,0.040000,0.000000,0.008000,0.000000,0.000600,0.008000,0.000000,0.000600,0.006000,0.000000,0.000000,1,1,1,258,234,241,241,241,0,0,60.00,36888,3425,241,0,0,0,36888,500.00,500.00,7,348,0.0000,0.4790,0.5360,0.7850,0.0910
2026-04-28T17:36:50.897,4.311,1,0.30,1.29,0.00,0.00,1,-0.0498,0.0029,0.2658,0.0000,0.0000,0.0000,122.61,-2.75,1,4.000,4.000,0.900,140,69,0,0.000,0.7600,0.0000,58.21,86.70,259,259,1.00000,1.00000,1.00000,1.00000,0.00000,3,3,0,1,24.33408,0.02708,1.87487,0.0498,-0.0029,0.0842,0.0000,0.0000,0.0000,147.39,-0.70,-123.33,1,1,0.0000,0.0000,0.3500,-90.00,0.7600,0.4200,1.0000,8.00,180.00,10.000000,0.250000,0.000000,1.200000,0.000000,0.000000,1.200000,0.000000,0.000000,0.900000,0.000000,0.000000,0.850000,0.040000,0.000000,0.008000,0.000000,0.000600,0.008000,0.000000,0.000600,0.006000,0.000000,0.000000,1,1,1,259,233,241,241,241,0,0,60.00,36888,3425,241,0,0,0,36888,500.00,500.00,7,348,0.0000,0.4790,0.5360,0.7850,0.0910
2026-04-28T17:36:50.914,4.328,1,0.30,1.20,0.00,-0.97,1,-0.0499,0.0029,0.2658,0.0000,0.0000,0.0000,122.61,0.00,1,4.000,4.000,0.900,140,69,0,0.000,0.7600,0.0000,91.70,60.37,260,260,1.00000,1.00000,1.00000,1.00000,0.00000,3,3,0,1,24.24275,0.02696,1.87789,0.0499,-0.0029,0.0842,0.0000,0.0000,0.0000,147.39,-0.74,-123.30,1,1,0.0000,0.0000,0.3500,-90.00,0.7600,0.4200,1.0000,8.00,180.00,10.000000,0.250000,0.000000,1.200000,0.000000,0.000000,1.200000,0.000000,0.000000,0.900000,0.000000,0.000000,0.850000,0.040000,0.000000,0.008000,0.000000,0.000600,0.008000,0.000000,0.000600,0.006000,0.000000,0.000000,1,1,1,260,233,241,241,241,0,0,60.00,36888,3425,241,0,0,0,36888,500.00,500.00,7,348,0.0000,0.4790,0.5360,0.7850,0.0910
2026-04-28T17:36:50.934,4.348,1,0.30,1.20,0.00,-0.97,1,-0.0497,0.0027,0.2657,0.0000,0.0000,0.0000,122.49,5.80,1,4.000,4.000,0.900,140,69,0,0.000,0.7600,0.0000,59.75,59.43,261,261,1.00000,1.00000,1.00000,1.00000,0.00000,3,3,0,1,24.24130,0.02688,1.87273,0.0497,-0.0027,0.0843,0.0000,0.0000,0.0000,147.51,-0.71,-123.30,1,1,0.0000,0.0000,0.3500,-90.00,0.7600,0.4200,1.0000,8.00,180.00,10.000000,0.250000,0.000000,1.200000,0.000000,0.000000,1.200000,0.000000,0.000000,0.900000,0.000000,0.000000,0.850000,0.040000,0.000000,0.008000,0.000000,0.000600,0.008000,0.000000,0.000600,0.006000,0.000000,0.000000,1,1,1,261,233,241,241,241,0,0,60.00,36888,3425,241,0,0,0,36888,500.00,500.00,7,348,0.0000,0.4790,0.5360,0.7850,0.0910
2026-04-28T17:36:50.950,4.363,1,0.30,1.20,0.00,-0.97,1,-0.0498,0.0029,0.2656,0.0000,0.0000,0.0000,122.60,-7.12,1,4.000,4.000,0.900,140,69,0,0.000,0.7600,0.0000,49.10,58.97,262,262,1.00000,1.00000,1.00000,1.00000,0.00000,3,3,0,1,24.30701,0.02720,1.87804,0.0498,-0.0029,0.0844,0.0000,0.0000,0.0000,147.40,-0.73,-123.30,1,1,0.0000,0.0000,0.3500,-90.00,0.7600,0.4200,1.0000,8.00,180.00,10.000000,0.250000,0.000000,1.200000,0.000000,0.000000,1.200000,0.000000,0.000000,0.900000,0.000000,0.000000,0.850000,0.040000,0.000000,0.008000,0.000000,0.000600,0.008000,0.000000,0.000600,0.006000,0.000000,0.000000,1,1,1,262,232,241,241,241,0,0,60.00,36888,3425,241,0,0,0,36888,500.00,500.00,7,348,0.0000,0.4790,0.5360,0.7850,0.0910
2026-04-28T17:36:50.967,4.380,1,0.30,1.20,0.00,-0.97,1,-0.0498,0.0029,0.2658,0.0000,0.0000,0.0000,122.68,-4.91,1,4.000,4.000,0.900,140,69,0,0.000,0.7600,0.0000,65.27,62.86,263,263,1.00000,1.00000,1.00000,1.00000,0.00000,3,3,0,1,24.28588,0.02696,1.87383,0.0498,-0.0029,0.0842,0.0000,0.0000,0.0000,147.32,-0.77,-123.28,1,1,0.0000,0.0000,0.3500,-90.00,0.7600,0.4200,1.0000,8.00,180.00,10.000000,0.250000,0.000000,1.200000,0.000000,0.000000,1.200000,0.000000,0.000000,0.900000,0.000000,0.000000,0.850000,0.040000,0.000000,0.008000,0.000000,0.000600,0.008000,0.000000,0.000600,0.006000,0.000000,0.000000,1,1,1,263,234,241,241,241,0,0,60.00,36888,3425,241,0,0,0,36888,500.00,500.00,7,348,0.0000,0.4790,0.5360,0.7850,0.0910
2026-04-28T17:36:50.984,4.398,1,0.30,1.20,0.00,-0.97,1,-0.0498,0.0029,0.2657,0.0000,0.0000,0.0000,122.68,0.00,1,4.000,4.000,0.900,140,69,0,0.000,0.7600,0.0000,61.34,59.85,264,264,1.00000,1.00000,1.00000,1.00000,0.00000,3,3,0,1,24.25460,0.02707,1.87315,0.0498,-0.0029,0.0843,0.0000,0.0000,0.0000,147.32,-0.72,-123.30,1,1,0.0000,0.0000,0.3500,-90.00,0.7600,0.4200,1.0000,8.00,180.00,10.000000,0.250000,0.000000,1.200000,0.000000,0.000000,1.200000,0.000000,0.000000,0.900000,0.000000,0.000000,0.850000,0.040000,0.000000,0.008000,0.000000,0.000600,0.008000,0.000000,0.000600,0.006000,0.000000,0.000000,1,1,1,264,233,241,241,241,0,0,60.00,36888,3425,241,0,0,0,36888,500.00,500.00,7,348,0.0000,0.4790,0.5360,0.7850,0.0910
2026-04-28T17:36:51.000,4.413,1,0.30,1.20,0.00,-0.97,1,-0.0497,0.0028,0.2657,0.0000,0.0000,0.0000,122.60,4.98,1,4.000,4.000,0.900,140,69,0,0.000,0.7600,0.0000,57.65,62.62,265,265,1.00000,1.00000,1.00000,1.00000,0.00000,3,3,0,1,24.29882,0.02700,1.87596,0.0497,-0.0028,0.0843,0.0000,0.0000,0.0000,147.40,-0.71,-123.33,1,1,0.0000,0.0000,0.3500,-90.00,0.7600,0.4200,1.0000,8.00,180.00,10.000000,0.250000,0.000000,1.200000,0.000000,0.000000,1.200000,0.000000,0.000000,0.900000,0.000000,0.000000,0.850000,0.040000,0.000000,0.008000,0.000000,0.000600,0.008000,0.000000,0.000600,0.006000,0.000000,0.000000,1,1,1,265,233,241,241,241,0,0,60.00,36888,3425,241,0,0,0,36888,500.00,500.00,7,348,0.0000,0.4790,0.5360,0.7850,0.0910
2026-04-28T17:36:51.017,4.431,1,0.30,1.29,0.00,0.95,1,-0.0498,0.0028,0.2658,0.0000,0.0000,0.0000,122.56,2.31,1,4.000,4.000,0.900,140,69,0,0.000,0.7600,0.0000,62.83,55.87,266,266,1.00000,1.00000,1.00000,1.00000,0.00000,3,3,0,1,24.24848,0.02709,1.87587,0.0498,-0.0028,0.0842,0.0000,0.0000,0.0000,147.44,-0.69,-123.31,1,1,0.0000,0.0000,0.3500,-90.00,0.7600,0.4200,1.0000,8.00,180.00,10.000000,0.250000,0.000000,1.200000,0.000000,0.000000,1.200000,0.000000,0.000000,0.900000,0.000000,0.000000,0.850000,0.040000,0.000000,0.008000,0.000000,0.000600,0.008000,0.000000,0.000600,0.006000,0.000000,0.000000,1,1,1,266,234,241,241,241,0,0,60.00,36888,3425,241,0,0,0,36888,500.00,500.00,7,348,0.0000,0.4790,0.5360,0.7850,0.0910
2026-04-28T17:36:51.031,4.444,1,0.30,1.29,0.00,0.95,1,-0.0496,0.0027,0.2656,0.0000,0.0000,0.0000,122.39,12.19,1,4.000,4.000,0.900,140,69,0,0.000,0.7600,0.0000,55.68,60.95,267,267,1.00000,1.00000,1.00000,1.00000,0.00000,3,3,0,1,24.23528,0.02687,1.87140,0.0496,-0.0027,0.0844,0.0000,0.0000,0.0000,147.61,-0.66,-123.31,1,1,0.0000,0.0000,0.3500,-90.00,0.7600,0.4200,1.0000,8.00,180.00,10.000000,0.250000,0.000000,1.200000,0.000000,0.000000,1.200000,0.000000,0.000000,0.900000,0.000000,0.000000,0.850000,0.040000,0.000000,0.008000,0.000000,0.000600,0.008000,0.000000,0.000600,0.006000,0.000000,0.000000,1,1,1,267,234,241,241,241,0,0,60.00,36888,3425,241,0,0,0,36888,500.00,500.00,7,348,0.0000,0.4790,0.5360,0.7850,0.0910
2026-04-28T17:36:51.049,4.463,1,0.30,1.29,0.00,0.95,1,-0.0497,0.0027,0.2657,0.0000,0.0000,0.0000,122.52,-6.91,1,4.000,4.000,0.900,140,69,0,0.000,0.7600,0.0000,75.60,61.85,268,268,1.00000,1.00000,1.00000,1.00000,0.00000,3,3,0,1,24.25951,0.02720,1.87516,0.0497,-0.0027,0.0843,0.0000,0.0000,0.0000,147.48,-0.58,-123.32,1,1,0.0000,0.0000,0.3500,-90.00,0.7600,0.4200,1.0000,8.00,180.00,10.000000,0.250000,0.000000,1.200000,0.000000,0.000000,1.200000,0.000000,0.000000,0.900000,0.000000,0.000000,0.850000,0.040000,0.000000,0.008000,0.000000,0.000600,0.008000,0.000000,0.000600,0.006000,0.000000,0.000000,1,1,1,268,234,241,241,241,0,0,60.00,36888,3425,241,0,0,0,36888,500.00,500.00,7,348,0.0000,0.4790,0.5360,0.7850,0.0910
2026-04-28T17:36:51.068,4.481,1,0.30,1.29,0.00,0.95,1,-0.0497,0.0026,0.2659,0.0000,0.0000,0.0000,122.54,-1.13,1,4.000,4.000,0.900,140,69,0,0.000,0.7600,0.0000,50.37,58.03,269,269,1.00000,1.00000,1.00000,1.00000,0.00000,3,3,0,1,24.21995,0.02707,1.87298,0.0497,-0.0026,0.0841,0.0000,0.0000,0.0000,147.46,-0.60,-123.30,1,1,0.0000,0.0000,0.3500,-90.00,0.7600,0.4200,1.0000,8.00,180.00,10.000000,0.250000,0.000000,1.200000,0.000000,0.000000,1.200000,0.000000,0.000000,0.900000,0.000000,0.000000,0.850000,0.040000,0.000000,0.008000,0.000000,0.000600,0.008000,0.000000,0.000600,0.006000,0.000000,0.000000,1,1,1,269,232,241,241,241,0,0,60.00,36888,3425,241,0,0,0,36888,500.00,500.00,7,348,0.0000,0.4790,0.5360,0.7850,0.0910
2026-04-28T17:36:51.084,4.498,1,0.30,1.29,0.00,0.95,1,-0.0498,0.0028,0.2658,0.0000,0.0000,0.0000,122.58,-2.45,1,4.000,4.000,0.900,140,69,0,0.000,0.7600,0.0000,57.91,59.35,270,270,1.00000,1.00000,1.00000,1.00000,0.00000,3,3,0,1,24.26093,0.02709,1.87569,0.0498,-0.0028,0.0842,0.0000,0.0000,0.0000,147.42,-0.66,-123.30,1,1,0.0000,0.0000,0.3500,-90.00,0.7600,0.4200,1.0000,8.00,180.00,10.000000,0.250000,0.000000,1.200000,0.000000,0.000000,1.200000,0.000000,0.000000,0.900000,0.000000,0.000000,0.850000,0.040000,0.000000,0.008000,0.000000,0.000600,0.008000,0.000000,0.000600,0.006000,0.000000,0.000000,1,1,1,270,233,241,241,241,0,0,60.00,36888,3425,241,0,0,0,36888,500.00,500.00,7,348,0.0000,0.4790,0.5360,0.7850,0.0910
2026-04-28T17:36:51.100,4.513,1,0.30,1.29,0.00,0.95,1,-0.0498,0.0028,0.2656,0.0000,0.0000,0.0000,122.52,4.03,1,4.000,4.000,0.900,140,69,0,0.000,0.7600,0.0000,61.50,60.62,271,271,1.00000,1.00000,1.00000,1.00000,0.00000,3,3,0,1,24.27747,0.02700,1.87849,0.0498,-0.0028,0.0844,0.0000,0.0000,0.0000,147.48,-0.69,-123.29,1,1,0.0000,0.0000,0.3500,-90.00,0.7600,0.4200,1.0000,8.00,180.00,10.000000,0.250000,0.000000,1.200000,0.000000,0.000000,1.200000,0.000000,0.000000,0.900000,0.000000,0.000000,0.850000,0.040000,0.000000,0.008000,0.000000,0.000600,0.008000,0.000000,0.000600,0.006000,0.000000,0.000000,1,1,1,271,234,241,241,241,0,0,60.00,36888,3425,241,0,0,0,36888,500.00,500.00,7,348,0.0000,0.4790,0.5360,0.7850,0.0910
2026-04-28T17:36:51.114,4.528,1,0.30,1.29,0.00,0.95,1,-0.0497,0.0028,0.2657,0.0000,0.0000,0.0000,122.47,3.37,1,4.000,4.000,0.900,140,69,0,0.000,0.7600,0.0000,63.98,60.36,272,272,1.00000,1.00000,1.00000,1.00000,0.00000,3,3,0,1,24.21436,0.02680,1.87334,0.0497,-0.0028,0.0843,0.0000,0.0000,0.0000,147.53,-0.71,-123.27,1,1,0.0000,0.0000,0.3500,-90.00,0.7600,0.4200,1.0000,8.00,180.00,10.000000,0.250000,0.000000,1.200000,0.000000,0.000000,1.200000,0.000000,0.000000,0.900000,0.000000,0.000000,0.850000,0.040000,0.000000,0.008000,0.000000,0.000600,0.008000,0.000000,0.000600,0.006000,0.000000,0.000000,1,1,1,272,234,241,241,241,0,0,60.00,36888,3425,241,0,0,0,36888,500.00,500.00,7,348,0.0000,0.4790,0.5360,0.7850,0.0910
2026-04-28T17:36:51.130,4.544,1,0.30,1.29,0.00,0.95,1,-0.0498,0.0028,0.2659,0.0000,0.0000,0.0000,122.52,-2.94,1,4.000,4.000,0.900,140,69,0,0.000,0.7600,0.0000,75.11,62.13,273,273,1.00000,1.00000,1.00000,1.00000,0.00000,3,3,0,1,24.27143,0.02694,1.87345,0.0498,-0.0028,0.0841,0.0000,0.0000,0.0000,147.48,-0.74,-123.26,1,1,0.0000,0.0000,0.3500,-90.00,0.7600,0.4200,1.0000,8.00,180.00,10.000000,0.250000,0.000000,1.200000,0.000000,0.000000,1.200000,0.000000,0.000000,0.900000,0.000000,0.000000,0.850000,0.040000,0.000000,0.008000,0.000000,0.000600,0.008000,0.000000,0.000600,0.006000,0.000000,0.000000,1,1,1,273,234,241,241,241,0,0,60.00,36888,3425,271,0,0,0,36918,502.26,502.26,5,2888,0.0000,0.4790,0.5370,0.8340,0.0910
2026-04-28T17:36:51.147,4.561,1,0.30,1.29,0.00,0.95,1,-0.0498,0.0029,0.2656,0.0000,0.0000,0.0000,122.56,-2.47,1,4.000,4.000,0.900,140,69,0,0.000,0.7600,0.0000,59.68,60.10,274,274,1.00000,1.00000,1.00000,1.00000,0.00000,3,3,0,1,24.28299,0.02719,1.87725,0.0498,-0.0029,0.0844,0.0000,0.0000,0.0000,147.44,-0.71,-123.29,1,1,0.0000,0.0000,0.3500,-90.00,0.7600,0.4200,1.0000,8.00,180.00,10.000000,0.250000,0.000000,1.200000,0.000000,0.000000,1.200000,0.000000,0.000000,0.900000,0.000000,0.000000,0.850000,0.040000,0.000000,0.008000,0.000000,0.000600,0.008000,0.000000,0.000600,0.006000,0.000000,0.000000,1,1,1,274,234,241,241,241,0,0,60.00,36888,3425,271,0,0,0,36918,502.26,502.26,5,2888,0.0000,0.4790,0.5370,0.8340,0.0910
2026-04-28T17:36:51.166,4.580,1,0.30,1.29,0.00,0.95,1,-0.0499,0.0029,0.2658,0.0000,0.0000,0.0000,122.62,-3.28,1,4.000,4.000,0.900,140,69,0,0.000,0.7600,0.0000,58.25,58.80,275,275,1.00000,1.00000,1.00000,1.00000,0.00000,3,3,0,1,24.24118,0.02707,1.87759,0.0499,-0.0029,0.0842,0.0000,0.0000,0.0000,147.38,-0.74,-123.27,1,1,0.0000,0.0000,0.3500,-90.00,0.7600,0.4200,1.0000,8.00,180.00,10.000000,0.250000,0.000000,1.200000,0.000000,0.000000,1.200000,0.000000,0.000000,0.900000,0.000000,0.000000,0.850000,0.040000,0.000000,0.008000,0.000000,0.000600,0.008000,0.000000,0.000600,0.006000,0.000000,0.000000,1,1,1,275,234,241,241,241,0,0,60.00,36888,3425,271,0,0,0,36918,502.26,502.26,5,2888,0.0000,0.4790,0.5370,0.8340,0.0910
2026-04-28T17:36:51.180,4.594,1,0.30,1.29,0.00,0.95,1,-0.0499,0.0029,0.2657,0.0000,0.0000,0.0000,122.68,-4.17,1,4.000,4.000,0.900,140,69,0,0.000,0.7600,0.0000,51.70,62.11,276,276,1.00000,1.00000,1.00000,1.00000,0.00000,3,3,0,1,24.23488,0.02704,1.87505,0.0499,-0.0029,0.0843,0.0000,0.0000,0.0000,147.32,-0.73,-123.28,1,1,0.0000,0.0000,0.3500,-90.00,0.7600,0.4200,1.0000,8.00,180.00,10.000000,0.250000,0.000000,1.200000,0.000000,0.000000,1.200000,0.000000,0.000000,0.900000,0.000000,0.000000,0.850000,0.040000,0.000000,0.008000,0.000000,0.000600,0.008000,0.000000,0.000600,0.006000,0.000000,0.000000,1,1,1,276,234,241,241,241,0,0,60.00,36888,3425,271,0,0,0,36918,502.26,502.26,5,2888,0.0000,0.4790,0.5370,0.8340,0.0910
2026-04-28T17:36:51.198,4.611,1,0.30,1.29,0.00,0.95,1,-0.0496,0.0028,0.2655,0.0000,0.0000,0.0000,122.48,11.28,1,4.000,4.000,0.900,140,69,0,0.000,0.7600,0.0000,74.67,58.42,277,277,1.00000,1.00000,1.00000,1.00000,0.00000,3,3,0,1,24.22069,0.02682,1.86910,0.0496,-0.0028,0.0845,0.0000,0.0000,0.0000,147.52,-0.65,-123.31,1,1,0.0000,0.0000,0.3500,-90.00,0.7600,0.4200,1.0000,8.00,180.00,10.000000,0.250000,0.000000,1.200000,0.000000,0.000000,1.200000,0.000000,0.000000,0.900000,0.000000,0.000000,0.850000,0.040000,0.000000,0.008000,0.000000,0.000600,0.008000,0.000000,0.000600,0.006000,0.000000,0.000000,1,1,1,277,234,241,241,241,0,0,60.00,36888,3425,271,0,0,0,36918,502.26,502.26,5,2888,0.0000,0.4790,0.5370,0.8340,0.0910
2026-04-28T17:36:51.215,4.628,1,0.30,1.20,0.00,-0.95,1,-0.0496,0.0027,0.2656,0.0000,0.0000,0.0000,122.44,2.37,1,4.000,4.000,0.900,140,69,0,0.000,0.7600,0.0000,56.52,58.59,278,278,1.00000,1.00000,1.00000,1.00000,0.00000,3,3,0,1,24.23930,0.02689,1.87313,0.0496,-0.0027,0.0844,0.0000,0.0000,0.0000,147.56,-0.66,-123.30,1,1,0.0000,0.0000,0.3500,-90.00,0.7600,0.4200,1.0000,8.00,180.00,10.000000,0.250000,0.000000,1.200000,0.000000,0.000000,1.200000,0.000000,0.000000,0.900000,0.000000,0.000000,0.850000,0.040000,0.000000,0.008000,0.000000,0.000600,0.008000,0.000000,0.000600,0.006000,0.000000,0.000000,1,1,1,278,233,241,241,241,0,0,60.00,36888,3425,271,0,0,0,36918,502.26,502.26,5,2888,0.0000,0.4790,0.5370,0.8340,0.0910
2026-04-28T17:36:51.231,4.645,1,0.30,1.20,0.00,-0.95,1,-0.0498,0.0027,0.2657,0.0000,0.0000,0.0000,122.53,-5.49,1,4.000,4.000,0.900,140,69,0,0.000,0.7600,0.0000,57.74,63.99,279,279,1.00000,1.00000,1.00000,1.00000,0.00000,3,3,0,1,24.24713,0.02707,1.87663,0.0498,-0.0027,0.0843,0.0000,0.0000,0.0000,147.47,-0.68,-123.26,1,1,0.0000,0.0000,0.3500,-90.00,0.7600,0.4200,1.0000,8.00,180.00,10.000000,0.250000,0.000000,1.200000,0.000000,0.000000,1.200000,0.000000,0.000000,0.900000,0.000000,0.000000,0.850000,0.040000,0.000000,0.008000,0.000000,0.000600,0.008000,0.000000,0.000600,0.006000,0.000000,0.000000,1,1,1,279,234,241,241,241,0,0,60.00,36888,3425,271,0,0,0,36918,502.26,502.26,5,2888,0.0000,0.4790,0.5370,0.8340,0.0910
2026-04-28T17:36:51.247,4.660,1,0.30,1.20,0.00,-0.95,1,-0.0497,0.0028,0.2656,0.0000,0.0000,0.0000,122.56,-1.79,1,4.000,4.000,0.900,140,69,0,0.000,0.7600,0.0000,62.83,56.58,280,280,1.00000,1.00000,1.00000,1.00000,0.00000,3,3,0,1,24.25445,0.02708,1.87271,0.0497,-0.0028,0.0844,0.0000,0.0000,0.0000,147.44,-0.63,-123.28,1,1,0.0000,0.0000,0.3500,-90.00,0.7600,0.4200,1.0000,8.00,180.00,10.000000,0.250000,0.000000,1.200000,0.000000,0.000000,1.200000,0.000000,0.000000,0.900000,0.000000,0.000000,0.850000,0.040000,0.000000,0.008000,0.000000,0.000600,0.008000,0.000000,0.000600,0.006000,0.000000,0.000000,1,1,1,280,234,241,241,241,0,0,60.00,36888,3425,271,0,0,0,36918,502.26,502.26,5,2888,0.0000,0.4790,0.5370,0.8340,0.0910
2026-04-28T17:36:51.268,4.682,1,0.30,1.20,0.00,-0.95,1,-0.0499,0.0028,0.2658,0.0000,0.0000,0.0000,122.63,-3.45,1,4.000,4.000,0.900,140,69,0,0.000,0.7600,0.0000,62.57,61.08,281,281,1.00000,1.00000,1.00000,1.00000,0.00000,3,3,0,1,24.25193,0.02709,1.87709,0.0499,-0.0028,0.0842,0.0000,0.0000,0.0000,147.37,-0.68,-123.27,1,1,0.0000,0.0000,0.3500,-90.00,0.7600,0.4200,1.0000,8.00,180.00,10.000000,0.250000,0.000000,1.200000,0.000000,0.000000,1.200000,0.000000,0.000000,0.900000,0.000000,0.000000,0.850000,0.040000,0.000000,0.008000,0.000000,0.000600,0.008000,0.000000,0.000600,0.006000,0.000000,0.000000,1,1,1,281,234,241,241,241,0,0,60.00,36888,3425,271,0,0,0,36918,502.26,502.26,5,2888,0.0000,0.4790,0.5370,0.8340,0.0910
2026-04-28T17:36:51.280,4.693,1,0.30,1.20,0.00,-0.95,1,-0.0497,0.0028,0.2656,0.0000,0.0000,0.0000,122.51,9.60,1,4.000,4.000,0.900,140,69,0,0.000,0.7600,0.0000,46.58,60.61,282,282,1.00000,1.00000,1.00000,1.00000,0.00000,3,3,0,1,24.27356,0.02692,1.87397,0.0497,-0.0028,0.0844,0.0000,0.0000,0.0000,147.49,-0.69,-123.30,1,1,0.0000,0.0000,0.3500,-90.00,0.7600,0.4200,1.0000,8.00,180.00,10.000000,0.250000,0.000000,1.200000,0.000000,0.000000,1.200000,0.000000,0.000000,0.900000,0.000000,0.000000,0.850000,0.040000,0.000000,0.008000,0.000000,0.000600,0.008000,0.000000,0.000600,0.006000,0.000000,0.000000,1,1,1,282,233,241,241,241,0,0,60.00,36888,3425,271,0,0,0,36918,502.26,502.26,5,2888,0.0000,0.4790,0.5370,0.8340,0.0910
2026-04-28T17:36:51.300,4.714,1,0.30,1.20,0.00,-0.95,1,-0.0497,0.0029,0.2656,0.0000,0.0000,0.0000,122.53,-1.03,1,4.000,4.000,0.900,140,69,0,0.000,0.7600,0.0000,66.86,58.20,283,283,1.00000,1.00000,1.00000,1.00000,0.00000,3,3,0,1,24.35294,0.02718,1.87678,0.0497,-0.0029,0.0844,0.0000,0.0000,0.0000,147.47,-0.68,-123.33,1,1,0.0000,0.0000,0.3500,-90.00,0.7600,0.4200,1.0000,8.00,180.00,10.000000,0.250000,0.000000,1.200000,0.000000,0.000000,1.200000,0.000000,0.000000,0.900000,0.000000,0.000000,0.850000,0.040000,0.000000,0.008000,0.000000,0.000600,0.008000,0.000000,0.000600,0.006000,0.000000,0.000000,1,1,1,283,234,241,241,241,0,0,60.00,36888,3425,271,0,0,0,36918,502.26,502.26,5,2888,0.0000,0.4790,0.5370,0.8340,0.0910
2026-04-28T17:36:51.318,4.731,1,0.30,1.20,0.00,-0.95,1,-0.0498,0.0028,0.2657,0.0000,0.0000,0.0000,122.60,-8.75,1,4.000,4.000,0.900,140,69,0,0.000,0.7600,0.0000,58.09,64.83,284,284,1.00000,1.00000,1.00000,1.00000,0.00000,3,3,0,1,24.24470,0.02710,1.87720,0.0498,-0.0028,0.0843,0.0000,0.0000,0.0000,147.40,-0.69,-123.27,1,1,0.0000,0.0000,0.3500,-90.00,0.7600,0.4200,1.0000,8.00,180.00,10.000000,0.250000,0.000000,1.200000,0.000000,0.000000,1.200000,0.000000,0.000000,0.900000,0.000000,0.000000,0.850000,0.040000,0.000000,0.008000,0.000000,0.000600,0.008000,0.000000,0.000600,0.006000,0.000000,0.000000,1,1,1,284,233,241,241,241,0,0,60.00,36888,3425,271,0,0,0,36918,502.26,502.26,5,2888,0.0000,0.4790,0.5370,0.8340,0.0910
2026-04-28T17:36:51.332,4.745,1,0.30,1.20,0.00,-0.95,1,-0.0499,0.0029,0.2657,0.0000,0.0000,0.0000,122.58,0.83,1,4.000,4.000,0.900,140,69,0,0.000,0.7600,0.0000,58.11,57.64,285,285,1.00000,1.00000,1.00000,1.00000,0.00000,3,3,0,1,24.25617,0.02699,1.87533,0.0499,-0.0029,0.0843,0.0000,0.0000,0.0000,147.42,-0.75,-123.27,1,1,0.0000,0.0000,0.3500,-90.00,0.7600,0.4200,1.0000,8.00,180.00,10.000000,0.250000,0.000000,1.200000,0.000000,0.000000,1.200000,0.000000,0.000000,0.900000,0.000000,0.000000,0.850000,0.040000,0.000000,0.008000,0.000000,0.000600,0.008000,0.000000,0.000600,0.006000,0.000000,0.000000,1,1,1,285,234,241,241,241,0,0,60.00,36888,3425,271,0,0,0,36918,502.26,502.26,5,2888,0.0000,0.4790,0.5370,0.8340,0.0910
2026-04-28T17:36:51.351,4.764,1,0.30,1.20,0.00,-0.95,1,-0.0500,0.0029,0.2659,0.0000,0.0000,0.0000,122.67,-4.83,1,4.000,4.000,0.900,140,69,0,0.000,0.7600,0.0000,70.96,59.78,286,286,1.00000,1.00000,1.00000,1.00000,0.00000,3,3,0,1,24.24485,0.02709,1.87764,0.0500,-0.0029,0.0841,0.0000,0.0000,0.0000,147.33,-0.78,-123.26,1,1,0.0000,0.0000,0.3500,-90.00,0.7600,0.4200,1.0000,8.00,180.00,10.000000,0.250000,0.000000,1.200000,0.000000,0.000000,1.200000,0.000000,0.000000,0.900000,0.000000,0.000000,0.850000,0.040000,0.000000,0.008000,0.000000,0.000600,0.008000,0.000000,0.000600,0.006000,0.000000,0.000000,1,1,1,286,234,241,241,241,0,0,60.00,36888,3425,271,0,0,0,36918,502.26,502.26,5,2888,0.0000,0.4790,0.5370,0.8340,0.0910
2026-04-28T17:36:51.358,4.772,1,0.30,1.29,0.00,0.95,1,-0.0498,0.0029,0.2656,0.0000,0.0000,0.0122,122.68,-1.14,1,4.000,4.000,0.900,140,69,0,0.000,0.7600,0.0000,53.56,57.69,287,287,1.00000,1.00000,1.00000,1.00000,0.00000,3,3,0,1,24.28010,0.02714,1.87501,0.0498,-0.0029,0.0844,0.0000,0.0000,0.0122,147.32,-0.71,-123.29,1,1,0.0000,0.0000,0.3500,-90.00,0.7600,0.4200,1.0000,8.00,180.00,10.000000,0.250000,0.000000,1.200000,0.000000,0.000000,1.200000,0.000000,0.000000,0.900000,0.000000,0.000000,0.850000,0.040000,0.000000,0.008000,0.000000,0.000600,0.008000,0.000000,0.000600,0.006000,0.000000,0.000000,1,1,1,287,238,241,241,241,0,0,60.00,36888,3425,271,0,0,0,36918,502.26,502.26,5,2888,0.0000,0.4790,0.5370,0.8340,0.0910
2026-04-28T17:36:51.382,4.795,1,0.30,1.29,0.00,0.95,1,-0.0499,0.0028,0.2657,0.0000,0.0000,0.0000,122.67,0.45,1,4.000,4.000,0.900,140,69,0,0.000,0.7600,0.0000,59.45,61.87,288,288,1.00000,1.00000,1.00000,1.00000,0.00000,3,3,0,1,24.26331,0.02725,1.88004,0.0499,-0.0028,0.0843,0.0000,0.0000,0.0000,147.33,-0.68,-123.27,1,1,0.0000,0.0000,0.3500,-90.00,0.7600,0.4200,1.0000,8.00,180.00,10.000000,0.250000,0.000000,1.200000,0.000000,0.000000,1.200000,0.000000,0.000000,0.900000,0.000000,0.000000,0.850000,0.040000,0.000000,0.008000,0.000000,0.000600,0.008000,0.000000,0.000600,0.006000,0.000000,0.000000,1,1,1,288,234,241,241,241,0,0,60.00,36888,3425,271,0,0,0,36918,502.26,502.26,5,2888,0.0000,0.4790,0.5370,0.8340,0.0910
2026-04-28T17:36:51.400,4.813,1,0.30,1.29,0.00,0.95,1,-0.0498,0.0028,0.2657,0.0000,0.0000,0.0000,122.63,2.08,1,4.000,4.000,0.900,140,69,0,0.000,0.7600,0.0000,69.24,59.75,289,289,1.00000,1.00000,1.00000,1.00000,0.00000,3,3,0,1,24.31869,0.02724,1.87732,0.0498,-0.0028,0.0843,0.0000,0.0000,0.0000,147.37,-0.64,-123.30,1,1,0.0000,0.0000,0.3500,-90.00,0.7600,0.4200,1.0000,8.00,180.00,10.000000,0.250000,0.000000,1.200000,0.000000,0.000000,1.200000,0.000000,0.000000,0.900000,0.000000,0.000000,0.850000,0.040000,0.000000,0.008000,0.000000,0.000600,0.008000,0.000000,0.000600,0.006000,0.000000,0.000000,1,1,1,289,233,241,241,241,0,0,60.00,36888,3425,271,0,0,0,36918,502.26,502.26,5,2888,0.0000,0.4790,0.5370,0.8340,0.0910
2026-04-28T17:36:51.416,4.830,1,0.30,1.29,0.00,0.95,1,-0.0497,0.0027,0.2658,0.0000,0.0000,0.0000,122.61,1.27,1,4.000,4.000,0.900,140,69,0,0.000,0.7600,0.0000,54.88,61.66,290,290,1.00000,1.00000,1.00000,1.00000,0.00000,3,3,0,1,24.23928,0.02705,1.87353,0.0497,-0.0027,0.0842,0.0000,0.0000,0.0000,147.39,-0.66,-123.29,1,1,0.0000,0.0000,0.3500,-90.00,0.7600,0.4200,1.0000,8.00,180.00,10.000000,0.250000,0.000000,1.200000,0.000000,0.000000,1.200000,0.000000,0.000000,0.900000,0.000000,0.000000,0.850000,0.040000,0.000000,0.008000,0.000000,0.000600,0.008000,0.000000,0.000600,0.006000,0.000000,0.000000,1,1,1,290,234,241,241,241,0,0,60.00,36888,3425,271,0,0,0,36918,502.26,502.26,5,2888,0.0000,0.4790,0.5370,0.8340,0.0910
2026-04-28T17:36:51.432,4.845,1,0.30,1.29,0.00,0.95,1,-0.0497,0.0028,0.2656,0.0000,0.0000,0.0000,122.55,3.90,1,4.000,4.000,0.900,140,69,0,0.000,0.7600,0.0000,59.88,57.96,291,291,1.00000,1.00000,1.00000,1.00000,0.00000,3,3,0,1,24.32629,0.02708,1.87769,0.0497,-0.0028,0.0844,0.0000,0.0000,0.0000,147.45,-0.65,-123.32,1,1,0.0000,0.0000,0.3500,-90.00,0.7600,0.4200,1.0000,8.00,180.00,10.000000,0.250000,0.000000,1.200000,0.000000,0.000000,1.200000,0.000000,0.000000,0.900000,0.000000,0.000000,0.850000,0.040000,0.000000,0.008000,0.000000,0.000600,0.008000,0.000000,0.000600,0.006000,0.000000,0.000000,1,1,1,291,234,241,241,241,0,0,60.00,36888,3425,271,0,0,0,36918,502.26,502.26,5,2888,0.0000,0.4790,0.5370,0.8340,0.0910
2026-04-28T17:36:51.447,4.861,1,0.30,1.29,0.00,0.95,1,-0.0497,0.0027,0.2657,0.0000,0.0000,0.0000,122.54,0.64,1,4.000,4.000,0.900,140,69,0,0.000,0.7600,0.0000,64.01,60.11,292,292,1.00000,1.00000,1.00000,1.00000,0.00000,3,3,0,1,24.26207,0.02717,1.87572,0.0497,-0.0027,0.0843,0.0000,0.0000,0.0000,147.46,-0.64,-123.32,1,1,0.0000,0.0000,0.3500,-90.00,0.7600,0.4200,1.0000,8.00,180.00,10.000000,0.250000,0.000000,1.200000,0.000000,0.000000,1.200000,0.000000,0.000000,0.900000,0.000000,0.000000,0.850000,0.040000,0.000000,0.008000,0.000000,0.000600,0.008000,0.000000,0.000600,0.006000,0.000000,0.000000,1,1,1,292,234,241,241,241,0,0,60.00,36888,3425,271,0,0,0,36918,502.26,502.26,5,2888,0.0000,0.4790,0.5370,0.8340,0.0910
2026-04-28T17:36:51.463,4.877,1,0.30,1.29,0.00,0.95,1,-0.0496,0.0026,0.2656,0.0000,0.0000,0.0000,122.48,3.76,1,4.000,4.000,0.900,140,69,0,0.000,0.7600,0.0000,66.85,62.42,293,293,1.00000,1.00000,1.00000,1.00000,0.00000,3,3,0,1,24.24951,0.02703,1.87556,0.0496,-0.0026,0.0844,0.0000,0.0000,0.0000,147.52,-0.61,-123.30,1,1,0.0000,0.0000,0.3500,-90.00,0.7600,0.4200,1.0000,8.00,180.00,10.000000,0.250000,0.000000,1.200000,0.000000,0.000000,1.200000,0.000000,0.000000,0.900000,0.000000,0.000000,0.850000,0.040000,0.000000,0.008000,0.000000,0.000600,0.008000,0.000000,0.000600,0.006000,0.000000,0.000000,1,1,1,293,233,241,241,241,0,0,60.00,36888,3425,271,0,0,0,36918,502.26,502.26,5,2888,0.0000,0.4790,0.5370,0.8340,0.0910
2026-04-28T17:36:51.480,4.894,1,0.30,1.29,0.00,0.95,1,-0.0499,0.0028,0.2658,0.0000,0.0000,0.0000,122.59,-6.64,1,4.000,4.000,0.900,140,69,0,0.000,0.7600,0.0000,62.19,60.67,294,294,1.00000,1.00000,1.00000,1.00000,0.00000,3,3,0,1,24.24966,0.02709,1.87736,0.0499,-0.0028,0.0842,0.0000,0.0000,0.0000,147.41,-0.69,-123.28,1,1,0.0000,0.0000,0.3500,-90.00,0.7600,0.4200,1.0000,8.00,180.00,10.000000,0.250000,0.000000,1.200000,0.000000,0.000000,1.200000,0.000000,0.000000,0.900000,0.000000,0.000000,0.850000,0.040000,0.000000,0.008000,0.000000,0.000600,0.008000,0.000000,0.000600,0.006000,0.000000,0.000000,1,1,1,294,234,241,241,241,0,0,60.00,36888,3425,271,0,0,0,36918,502.26,502.26,5,2888,0.0000,0.4790,0.5370,0.8340,0.0910
2026-04-28T17:36:51.500,4.914,1,0.30,1.29,0.00,0.95,1,-0.0496,0.0028,0.2655,0.0000,0.0000,0.0000,122.48,5.47,1,4.000,4.000,0.900,140,69,0,0.000,0.7600,0.0000,58.20,56.86,295,295,1.00000,1.00000,1.00000,1.00000,0.00000,3,3,0,1,24.27515,0.02709,1.87521,0.0496,-0.0028,0.0845,0.0000,0.0000,0.0000,147.52,-0.58,-123.32,1,1,0.0000,0.0000,0.3500,-90.00,0.7600,0.4200,1.0000,8.00,180.00,10.000000,0.250000,0.000000,1.200000,0.000000,0.000000,1.200000,0.000000,0.000000,0.900000,0.000000,0.000000,0.850000,0.040000,0.000000,0.008000,0.000000,0.000600,0.008000,0.000000,0.000600,0.006000,0.000000,0.000000,1,1,1,295,234,241,241,241,0,0,60.00,36888,3425,271,0,0,0,36918,502.26,502.26,5,2888,0.0000,0.4790,0.5370,0.8340,0.0910
2026-04-28T17:36:51.518,4.932,1,0.30,1.20,0.00,0.00,1,-0.0495,0.0029,0.2655,0.0000,0.0000,0.0000,122.37,6.27,1,4.000,4.000,0.900,140,69,0,0.000,0.7600,0.0000,48.03,61.94,296,296,1.00000,1.00000,1.00000,1.00000,0.00000,3,3,0,1,24.28772,0.02681,1.86868,0.0495,-0.0029,0.0845,0.0000,0.0000,0.0000,147.63,-0.64,-123.33,1,1,0.0000,0.0000,0.3500,-90.00,0.7600,0.4200,1.0000,8.00,180.00,10.000000,0.250000,0.000000,1.200000,0.000000,0.000000,1.200000,0.000000,0.000000,0.900000,0.000000,0.000000,0.850000,0.040000,0.000000,0.008000,0.000000,0.000600,0.008000,0.000000,0.000600,0.006000,0.000000,0.000000,1,1,1,296,234,241,241,241,0,0,60.00,36888,3425,271,0,0,0,36918,502.26,502.26,5,2888,0.0000,0.4790,0.5370,0.8340,0.0910
2026-04-28T17:36:51.531,4.944,1,0.30,1.20,0.00,0.00,1,-0.0497,0.0028,0.2655,0.0000,0.0000,0.0000,122.46,-6.87,1,4.000,4.000,0.900,140,69,0,0.000,0.7600,0.0000,64.48,59.95,297,297,1.00000,1.00000,1.00000,1.00000,0.00000,3,3,0,1,24.29964,0.02717,1.87685,0.0497,-0.0028,0.0845,0.0000,0.0000,0.0000,147.54,-0.65,-123.31,1,1,0.0000,0.0000,0.3500,-90.00,0.7600,0.4200,1.0000,8.00,180.00,10.000000,0.250000,0.000000,1.200000,0.000000,0.000000,1.200000,0.000000,0.000000,0.900000,0.000000,0.000000,0.850000,0.040000,0.000000,0.008000,0.000000,0.000600,0.008000,0.000000,0.000600,0.006000,0.000000,0.000000,1,1,1,297,234,241,241,241,0,0,60.00,36888,3425,271,0,0,0,36918,502.26,502.26,5,2888,0.0000,0.4790,0.5370,0.8340,0.0910
2026-04-28T17:36:51.547,4.960,1,0.30,1.20,0.00,0.00,1,-0.0498,0.0027,0.2656,0.0000,0.0000,0.0000,122.50,-2.48,1,4.000,4.000,0.900,140,69,0,0.000,0.7600,0.0000,72.51,58.64,298,298,1.00000,1.00000,1.00000,1.00000,0.00000,3,3,0,1,24.28755,0.02725,1.87758,0.0498,-0.0027,0.0844,0.0000,0.0000,0.0000,147.50,-0.62,-123.31,1,1,0.0000,0.0000,0.3500,-90.00,0.7600,0.4200,1.0000,8.00,180.00,10.000000,0.250000,0.000000,1.200000,0.000000,0.000000,1.200000,0.000000,0.000000,0.900000,0.000000,0.000000,0.850000,0.040000,0.000000,0.008000,0.000000,0.000600,0.008000,0.000000,0.000600,0.006000,0.000000,0.000000,1,1,1,298,233,241,241,241,0,0,60.00,36888,3425,271,0,0,0,36918,502.26,502.26,5,2888,0.0000,0.4790,0.5370,0.8340,0.0910
2026-04-28T17:36:51.562,4.976,1,0.30,1.20,0.00,0.00,1,-0.0498,0.0029,0.2657,0.0000,0.0000,0.0000,122.58,-4.86,1,4.000,4.000,0.900,140,69,0,0.000,0.7600,0.0000,61.85,60.10,299,299,1.00000,1.00000,1.00000,1.00000,0.00000,3,3,0,1,24.29942,0.02703,1.87949,0.0498,-0.0029,0.0843,0.0000,0.0000,0.0000,147.42,-0.69,-123.30,1,1,0.0000,0.0000,0.3500,-90.00,0.7600,0.4200,1.0000,8.00,180.00,10.000000,0.250000,0.000000,1.200000,0.000000,0.000000,1.200000,0.000000,0.000000,0.900000,0.000000,0.000000,0.850000,0.040000,0.000000,0.008000,0.000000,0.000600,0.008000,0.000000,0.000600,0.006000,0.000000,0.000000,1,1,1,299,233,241,241,241,0,0,60.00,36888,3425,271,0,0,0,36918,502.26,502.26,5,2888,0.0000,0.4790,0.5370,0.8340,0.0910
2026-04-28T17:36:51.580,4.994,1,0.30,1.20,0.00,0.00,1,-0.0498,0.0028,0.2657,0.0000,0.0000,0.0000,122.56,1.16,1,4.000,4.000,0.900,140,69,0,0.000,0.7600,0.0000,69.43,59.98,300,300,1.00000,1.00000,1.00000,1.00000,0.00000,3,3,0,1,24.26318,0.02703,1.87678,0.0498,-0.0028,0.0843,0.0000,0.0000,0.0000,147.44,-0.69,-123.31,1,1,0.0000,0.0000,0.3500,-90.00,0.7600,0.4200,1.0000,8.00,180.00,10.000000,0.250000,0.000000,1.200000,0.000000,0.000000,1.200000,0.000000,0.000000,0.900000,0.000000,0.000000,0.850000,0.040000,0.000000,0.008000,0.000000,0.000600,0.008000,0.000000,0.000600,0.006000,0.000000,0.000000,1,1,1,300,234,241,241,241,0,0,60.00,36888,3425,271,0,0,0,36918,502.26,502.26,5,2888,0.0000,0.4790,0.5370,0.8340,0.0910
2026-04-28T17:36:51.596,5.010,1,0.30,1.20,0.00,0.00,1,-0.0499,0.0029,0.2659,0.0000,0.0000,0.0000,122.64,-4.72,1,4.000,4.000,0.900,140,69,0,0.000,0.7600,0.0000,52.10,60.04,301,301,1.00000,1.00000,1.00000,1.00000,0.00000,3,3,0,1,24.24769,0.02696,1.87440,0.0499,-0.0029,0.0841,0.0000,0.0000,0.0000,147.36,-0.76,-123.28,1,1,0.0000,0.0000,0.3500,-90.00,0.7600,0.4200,1.0000,8.00,180.00,10.000000,0.250000,0.000000,1.200000,0.000000,0.000000,1.200000,0.000000,0.000000,0.900000,0.000000,0.000000,0.850000,0.040000,0.000000,0.008000,0.000000,0.000600,0.008000,0.000000,0.000600,0.006000,0.000000,0.000000,1,1,1,301,234,241,241,241,0,0,60.00,36888,3425,271,0,0,0,36918,502.26,502.26,5,2888,0.0000,0.4790,0.5370,0.8340,0.0910
2026-04-28T17:36:51.616,5.030,1,0.30,1.29,0.00,0.95,1,-0.0498,0.0027,0.2656,0.0000,0.0000,0.0000,122.54,5.27,1,4.000,4.000,0.900,140,69,0,0.000,0.7600,0.0000,62.74,60.13,302,302,1.00000,1.00000,1.00000,1.00000,0.00000,3,3,0,1,24.32750,0.02714,1.87753,0.0498,-0.0027,0.0844,0.0000,0.0000,0.0000,147.46,-0.62,-123.33,1,1,0.0000,0.0000,0.3500,-90.00,0.7600,0.4200,1.0000,8.00,180.00,10.000000,0.250000,0.000000,1.200000,0.000000,0.000000,1.200000,0.000000,0.000000,0.900000,0.000000,0.000000,0.850000,0.040000,0.000000,0.008000,0.000000,0.000600,0.008000,0.000000,0.000600,0.006000,0.000000,0.000000,1,1,1,302,234,301,301,301,0,0,60.00,36948,3156,301,0,0,0,36948,499.75,499.75,9,1775,0.0000,0.4780,0.5370,0.8340,0.0910
2026-04-28T17:36:51.631,5.045,1,0.30,1.29,0.00,0.95,1,-0.0497,0.0028,0.2656,0.0000,0.0000,0.0000,122.51,2.04,1,4.000,4.000,0.900,140,69,0,0.000,0.7600,0.0000,47.77,64.27,303,303,1.00000,1.00000,1.00000,1.00000,0.00000,3,3,0,1,24.26729,0.02698,1.87571,0.0497,-0.0028,0.0844,0.0000,0.0000,0.0000,147.49,-0.66,-123.32,1,1,0.0000,0.0000,0.3500,-90.00,0.7600,0.4200,1.0000,8.00,180.00,10.000000,0.250000,0.000000,1.200000,0.000000,0.000000,1.200000,0.000000,0.000000,0.900000,0.000000,0.000000,0.850000,0.040000,0.000000,0.008000,0.000000,0.000600,0.008000,0.000000,0.000600,0.006000,0.000000,0.000000,1,1,1,303,234,301,301,301,0,0,60.00,36948,3156,301,0,0,0,36948,499.75,499.75,9,1775,0.0000,0.4780,0.5370,0.8340,0.0910
2026-04-28T17:36:51.644,5.057,1,0.30,1.29,0.00,0.95,1,-0.0498,0.0029,0.2657,0.0000,0.0000,0.0000,122.62,-8.06,1,4.000,4.000,0.900,140,69,0,0.000,0.7600,0.0000,77.71,56.08,304,304,1.00000,1.00000,1.00000,1.00000,0.00000,3,3,0,1,24.29571,0.02710,1.87549,0.0498,-0.0029,0.0843,0.0000,0.0000,0.0000,147.38,-0.73,-123.32,1,1,0.0000,0.0000,0.3500,-90.00,0.7600,0.4200,1.0000,8.00,180.00,10.000000,0.250000,0.000000,1.200000,0.000000,0.000000,1.200000,0.000000,0.000000,0.900000,0.000000,0.000000,0.850000,0.040000,0.000000,0.008000,0.000000,0.000600,0.008000,0.000000,0.000600,0.006000,0.000000,0.000000,1,1,1,304,234,301,301,301,0,0,60.00,36948,3156,301,0,0,0,36948,499.75,499.75,9,1775,0.0000,0.4780,0.5370,0.8340,0.0910
2026-04-28T17:36:51.664,5.077,1,0.30,1.29,0.00,0.95,1,-0.0497,0.0028,0.2657,0.0000,0.0000,0.0000,122.53,4.73,1,4.000,4.000,0.900,140,69,0,0.000,0.7600,0.0000,80.00,62.67,305,305,1.00000,1.00000,1.00000,1.00000,0.00000,3,3,0,1,24.24157,0.02698,1.87453,0.0497,-0.0028,0.0843,0.0000,0.0000,0.0000,147.47,-0.70,-123.33,1,1,0.0000,0.0000,0.3500,-90.00,0.7600,0.4200,1.0000,8.00,180.00,10.000000,0.250000,0.000000,1.200000,0.000000,0.000000,1.200000,0.000000,0.000000,0.900000,0.000000,0.000000,0.850000,0.040000,0.000000,0.008000,0.000000,0.000600,0.008000,0.000000,0.000600,0.006000,0.000000,0.000000,1,1,1,305,233,301,301,301,0,0,60.00,36948,3156,301,0,0,0,36948,499.75,499.75,9,1775,0.0000,0.4780,0.5370,0.8340,0.0910
2026-04-28T17:36:51.680,5.094,1,0.30,1.29,0.00,0.95,1,-0.0499,0.0028,0.2659,0.0000,0.0000,0.0000,122.61,-4.79,1,4.000,4.000,0.900,140,69,0,0.000,0.7600,0.0000,49.96,57.73,306,306,1.00000,1.00000,1.00000,1.00000,0.00000,3,3,0,1,24.25008,0.02712,1.87786,0.0499,-0.0028,0.0841,0.0000,0.0000,0.0000,147.39,-0.72,-123.29,1,1,0.0000,0.0000,0.3500,-90.00,0.7600,0.4200,1.0000,8.00,180.00,10.000000,0.250000,0.000000,1.200000,0.000000,0.000000,1.200000,0.000000,0.000000,0.900000,0.000000,0.000000,0.850000,0.040000,0.000000,0.008000,0.000000,0.000600,0.008000,0.000000,0.000600,0.006000,0.000000,0.000000,1,1,1,306,234,301,301,301,0,0,60.00,36948,3156,301,0,0,0,36948,499.75,499.75,9,1775,0.0000,0.4780,0.5370,0.8340,0.0910
2026-04-28T17:36:51.698,5.112,1,0.30,1.29,0.00,0.95,1,-0.0498,0.0027,0.2658,0.0000,0.0000,0.0000,122.66,-2.83,1,4.000,4.000,0.900,140,69,0,0.000,0.7600,0.0000,56.49,60.83,307,307,1.00000,1.00000,1.00000,1.00000,0.00000,3,3,0,1,24.29142,0.02716,1.87620,0.0498,-0.0027,0.0842,0.0000,0.0000,0.0000,147.34,-0.69,-123.29,1,1,0.0000,0.0000,0.3500,-90.00,0.7600,0.4200,1.0000,8.00,180.00,10.000000,0.250000,0.000000,1.200000,0.000000,0.000000,1.200000,0.000000,0.000000,0.900000,0.000000,0.000000,0.850000,0.040000,0.000000,0.008000,0.000000,0.000600,0.008000,0.000000,0.000600,0.006000,0.000000,0.000000,1,1,1,307,234,301,301,301,0,0,60.00,36948,3156,301,0,0,0,36948,499.75,499.75,9,1775,0.0000,0.4780,0.5370,0.8340,0.0910
2026-04-28T17:36:51.715,5.128,1,0.30,1.29,0.00,0.95,1,-0.0497,0.0029,0.2655,0.0000,0.0000,0.0000,122.52,8.48,1,4.000,4.000,0.900,140,69,0,0.000,0.7600,0.0000,54.67,60.23,308,308,1.00000,1.00000,1.00000,1.00000,0.00000,3,3,0,1,24.26922,0.02696,1.87516,0.0497,-0.0029,0.0845,0.0000,0.0000,0.0000,147.48,-0.70,-123.32,1,1,0.0000,0.0000,0.3500,-90.00,0.7600,0.4200,1.0000,8.00,180.00,10.000000,0.250000,0.000000,1.200000,0.000000,0.000000,1.200000,0.000000,0.000000,0.900000,0.000000,0.000000,0.850000,0.040000,0.000000,0.008000,0.000000,0.000600,0.008000,0.000000,0.000600,0.006000,0.000000,0.000000,1,1,1,308,233,301,301,301,0,0,60.00,36948,3156,301,0,0,0,36948,499.75,499.75,9,1775,0.0000,0.4780,0.5370,0.8340,0.0910
2026-04-28T17:36:51.730,5.144,1,0.30,1.29,0.00,0.95,1,-0.0497,0.0028,0.2655,0.0000,0.0000,0.0000,122.58,-3.79,1,4.000,4.000,0.900,140,69,0,0.000,0.7600,0.0000,62.86,61.35,309,309,1.00000,1.00000,1.00000,1.00000,0.00000,3,3,0,1,24.25026,0.02708,1.87306,0.0497,-0.0028,0.0845,0.0000,0.0000,0.0000,147.42,-0.65,-123.30,1,1,0.0000,0.0000,0.3500,-90.00,0.7600,0.4200,1.0000,8.00,180.00,10.000000,0.250000,0.000000,1.200000,0.000000,0.000000,1.200000,0.000000,0.000000,0.900000,0.000000,0.000000,0.850000,0.040000,0.000000,0.008000,0.000000,0.000600,0.008000,0.000000,0.000600,0.006000,0.000000,0.000000,1,1,1,309,233,301,301,301,0,0,60.00,36948,3156,301,0,0,0,36948,499.75,499.75,9,1775,0.0000,0.4780,0.5370,0.8340,0.0910
2026-04-28T17:36:51.749,5.163,1,0.30,1.29,0.00,0.95,1,-0.0498,0.0029,0.2655,0.0000,0.0000,0.0000,122.57,0.53,1,4.000,4.000,0.900,140,69,0,0.000,0.7600,0.0000,63.06,60.09,310,310,1.00000,1.00000,1.00000,1.00000,0.00000,3,3,0,1,24.29930,0.02714,1.87634,0.0498,-0.0029,0.0845,0.0000,0.0000,0.0000,147.43,-0.67,-123.30,1,1,0.0000,0.0000,0.3500,-90.00,0.7600,0.4200,1.0000,8.00,180.00,10.000000,0.250000,0.000000,1.200000,0.000000,0.000000,1.200000,0.000000,0.000000,0.900000,0.000000,0.000000,0.850000,0.040000,0.000000,0.008000,0.000000,0.000600,0.008000,0.000000,0.000600,0.006000,0.000000,0.000000,1,1,1,310,233,301,301,301,0,0,60.00,36948,3156,301,0,0,0,36948,499.75,499.75,9,1775,0.0000,0.4780,0.5370,0.8340,0.0910
2026-04-28T17:36:51.767,5.180,1,0.30,1.29,0.00,0.00,1,-0.0498,0.0029,0.2657,0.0000,0.0000,0.0000,122.61,-2.33,1,4.000,4.000,0.900,140,69,0,0.000,0.7600,0.0000,53.05,56.62,311,311,1.00000,1.00000,1.00000,1.00000,0.00000,3,3,0,1,24.28631,0.02712,1.87590,0.0498,-0.0029,0.0843,0.0000,0.0000,0.0000,147.39,-0.71,-123.31,1,1,0.0000,0.0000,0.3500,-90.00,0.7600,0.4200,1.0000,8.00,180.00,10.000000,0.250000,0.000000,1.200000,0.000000,0.000000,1.200000,0.000000,0.000000,0.900000,0.000000,0.000000,0.850000,0.040000,0.000000,0.008000,0.000000,0.000600,0.008000,0.000000,0.000600,0.006000,0.000000,0.000000,1,1,1,311,234,301,301,301,0,0,60.00,36948,3156,301,0,0,0,36948,499.75,499.75,9,1775,0.0000,0.4780,0.5370,0.8340,0.0910
2026-04-28T17:36:51.783,5.197,1,0.30,1.29,0.00,0.00,1,-0.0498,0.0028,0.2657,0.0000,0.0000,0.0000,122.62,-0.61,1,4.000,4.000,0.900,140,69,0,0.000,0.7600,0.0000,57.92,61.45,312,312,1.00000,1.00000,1.00000,1.00000,0.00000,3,3,0,1,24.26940,0.02711,1.87546,0.0498,-0.0028,0.0843,0.0000,0.0000,0.0000,147.38,-0.72,-123.30,1,1,0.0000,0.0000,0.3500,-90.00,0.7600,0.4200,1.0000,8.00,180.00,10.000000,0.250000,0.000000,1.200000,0.000000,0.000000,1.200000,0.000000,0.000000,0.900000,0.000000,0.000000,0.850000,0.040000,0.000000,0.008000,0.000000,0.000600,0.008000,0.000000,0.000600,0.006000,0.000000,0.000000,1,1,1,312,233,301,301,301,0,0,60.00,36948,3156,301,0,0,0,36948,499.75,499.75,9,1775,0.0000,0.4780,0.5370,0.8340,0.0910
2026-04-28T17:36:51.799,5.213,1,0.30,1.29,0.00,0.00,1,-0.0498,0.0028,0.2657,0.0000,0.0000,0.0000,122.62,0.00,1,4.000,4.000,0.900,140,69,0,0.000,0.7600,0.0000,59.42,62.84,313,313,1.00000,1.00000,1.00000,1.00000,0.00000,3,3,0,1,24.26940,0.02711,1.87546,0.0498,-0.0028,0.0843,0.0000,0.0000,0.0000,147.38,-0.72,-123.30,1,1,0.0000,0.0000,0.3500,-90.00,0.7600,0.4200,1.0000,8.00,180.00,10.000000,0.250000,0.000000,1.200000,0.000000,0.000000,1.200000,0.000000,0.000000,0.900000,0.000000,0.000000,0.850000,0.040000,0.000000,0.008000,0.000000,0.000600,0.008000,0.000000,0.000600,0.006000,0.000000,0.000000,1,1,1,313,233,301,301,301,0,0,60.00,36948,3156,301,0,0,0,36948,499.75,499.75,9,1775,0.0000,0.4780,0.5370,0.8340,0.0910
2026-04-28T17:36:51.816,5.230,1,0.30,1.29,0.00,0.00,1,-0.0497,0.0027,0.2657,0.0000,0.0000,0.0000,122.56,3.56,1,4.000,4.000,0.900,140,69,0,0.000,0.7600,0.0000,63.78,56.97,314,314,1.00000,1.00000,1.00000,1.00000,0.00000,3,3,0,1,24.25669,0.02715,1.87505,0.0497,-0.0027,0.0843,0.0000,0.0000,0.0000,147.44,-0.65,-123.29,1,1,0.0000,0.0000,0.3500,-90.00,0.7600,0.4200,1.0000,8.00,180.00,10.000000,0.250000,0.000000,1.200000,0.000000,0.000000,1.200000,0.000000,0.000000,0.900000,0.000000,0.000000,0.850000,0.040000,0.000000,0.008000,0.000000,0.000600,0.008000,0.000000,0.000600,0.006000,0.000000,0.000000,1,1,1,314,234,301,301,301,0,0,60.00,36948,3156,301,0,0,0,36948,499.75,499.75,9,1775,0.0000,0.4780,0.5370,0.8340,0.0910
2026-04-28T17:36:51.833,5.247,1,0.30,1.29,0.00,0.00,1,-0.0499,0.0028,0.2658,0.0000,0.0000,0.0000,122.63,-4.05,1,4.000,4.000,0.900,140,69,0,0.000,0.7600,0.0000,57.51,58.86,315,315,1.00000,1.00000,1.00000,1.00000,0.00000,3,3,0,1,24.24966,0.02709,1.87736,0.0499,-0.0028,0.0842,0.0000,0.0000,0.0000,147.37,-0.71,-123.27,1,1,0.0000,0.0000,0.3500,-90.00,0.7600,0.4200,1.0000,8.00,180.00,10.000000,0.250000,0.000000,1.200000,0.000000,0.000000,1.200000,0.000000,0.000000,0.900000,0.000000,0.000000,0.850000,0.040000,0.000000,0.008000,0.000000,0.000600,0.008000,0.000000,0.000600,0.006000,0.000000,0.000000,1,1,1,315,234,301,301,301,0,0,60.00,36948,3156,301,0,0,0,36948,499.75,499.75,9,1775,0.0000,0.4780,0.5370,0.8340,0.0910
2026-04-28T17:36:51.849,5.262,1,0.30,1.29,0.00,0.00,1,-0.0497,0.0029,0.2656,0.0000,0.0000,0.0000,122.58,3.21,1,4.000,4.000,0.900,140,69,0,0.000,0.7600,0.0000,59.61,61.65,316,316,1.00000,1.00000,1.00000,1.00000,0.00000,3,3,0,1,24.26374,0.02704,1.87218,0.0497,-0.0029,0.0844,0.0000,0.0000,0.0000,147.42,-0.67,-123.31,1,1,0.0000,0.0000,0.3500,-90.00,0.7600,0.4200,1.0000,8.00,180.00,10.000000,0.250000,0.000000,1.200000,0.000000,0.000000,1.200000,0.000000,0.000000,0.900000,0.000000,0.000000,0.850000,0.040000,0.000000,0.008000,0.000000,0.000600,0.008000,0.000000,0.000600,0.006000,0.000000,0.000000,1,1,1,316,234,301,301,301,0,0,60.00,36948,3156,301,0,0,0,36948,499.75,499.75,9,1775,0.0000,0.4780,0.5370,0.8340,0.0910
2026-04-28T17:36:51.866,5.280,1,0.30,1.29,0.00,0.00,1,-0.0498,0.0029,0.2657,0.0000,0.0000,0.0000,122.58,0.00,1,4.000,4.000,0.900,140,69,0,0.000,0.7600,0.0000,64.46,59.72,317,317,1.00000,1.00000,1.00000,1.00000,0.00000,3,3,0,1,24.27880,0.02694,1.87717,0.0498,-0.0029,0.0843,0.0000,0.0000,0.0000,147.42,-0.73,-123.31,1,1,0.0000,0.0000,0.3500,-90.00,0.7600,0.4200,1.0000,8.00,180.00,10.000000,0.250000,0.000000,1.200000,0.000000,0.000000,1.200000,0.000000,0.000000,0.900000,0.000000,0.000000,0.850000,0.040000,0.000000,0.008000,0.000000,0.000600,0.008000,0.000000,0.000600,0.006000,0.000000,0.000000,1,1,1,317,234,301,301,301,0,0,60.00,36948,3156,301,0,0,0,36948,499.75,499.75,9,1775,0.0000,0.4780,0.5370,0.8340,0.0910
2026-04-28T17:36:51.881,5.295,1,0.30,1.29,0.00,0.00,1,-0.0498,0.0029,0.2657,0.0000,0.0000,0.0000,122.60,-1.25,1,4.000,4.000,0.900,140,69,0,0.000,0.7600,0.0000,55.65,61.08,318,318,1.00000,1.00000,1.00000,1.00000,0.00000,3,3,0,1,24.30293,0.02707,1.87464,0.0498,-0.0029,0.0843,0.0000,0.0000,0.0000,147.40,-0.74,-123.32,1,1,0.0000,0.0000,0.3500,-90.00,0.7600,0.4200,1.0000,8.00,180.00,10.000000,0.250000,0.000000,1.200000,0.000000,0.000000,1.200000,0.000000,0.000000,0.900000,0.000000,0.000000,0.850000,0.040000,0.000000,0.008000,0.000000,0.000600,0.008000,0.000000,0.000600,0.006000,0.000000,0.000000,1,1,1,318,233,301,301,301,0,0,60.00,36948,3156,301,0,0,0,36948,499.75,499.75,9,1775,0.0000,0.4780,0.5370,0.8340,0.0910
2026-04-28T17:36:51.902,5.315,1,0.30,1.29,0.00,0.00,1,-0.0499,0.0029,0.2657,0.0000,0.0000,0.0000,122.53,3.31,1,4.000,4.000,0.900,140,69,0,0.000,0.7600,0.0000,68.86,51.12,319,319,1.00000,1.00000,1.00000,1.00000,0.00000,3,3,0,1,24.30701,0.02698,1.87667,0.0499,-0.0029,0.0843,0.0000,0.0000,0.0000,147.47,-0.76,-123.35,1,1,0.0000,0.0000,0.3500,-90.00,0.7600,0.4200,1.0000,8.00,180.00,10.000000,0.250000,0.000000,1.200000,0.000000,0.000000,1.200000,0.000000,0.000000,0.900000,0.000000,0.000000,0.850000,0.040000,0.000000,0.008000,0.000000,0.000600,0.008000,0.000000,0.000600,0.006000,0.000000,0.000000,1,1,1,319,234,301,301,301,0,0,60.00,36948,3156,301,0,0,0,36948,499.75,499.75,9,1775,0.0000,0.4780,0.5370,0.8340,0.0910
2026-04-28T17:36:51.918,5.331,1,0.30,1.29,0.00,0.00,1,-0.0497,0.0028,0.2656,0.0000,0.0000,0.0000,122.50,1.99,1,4.000,4.000,0.900,140,69,0,0.000,0.7600,0.0000,48.86,71.58,320,320,1.00000,1.00000,1.00000,1.00000,0.00000,3,3,0,1,24.26729,0.02698,1.87571,0.0497,-0.0028,0.0844,0.0000,0.0000,0.0000,147.50,-0.73,-123.34,1,1,0.0000,0.0000,0.3500,-90.00,0.7600,0.4200,1.0000,8.00,180.00,10.000000,0.250000,0.000000,1.200000,0.000000,0.000000,1.200000,0.000000,0.000000,0.900000,0.000000,0.000000,0.850000,0.040000,0.000000,0.008000,0.000000,0.000600,0.008000,0.000000,0.000600,0.006000,0.000000,0.000000,1,1,1,320,233,301,301,301,0,0,60.00,36948,3156,301,0,0,0,36948,499.75,499.75,9,1775,0.0000,0.4780,0.5370,0.8340,0.0910
2026-04-28T17:36:51.932,5.346,1,0.30,1.29,0.00,0.00,1,-0.0497,0.0027,0.2657,0.0000,0.0000,0.0000,122.42,5.36,1,4.000,4.000,0.900,140,69,0,0.000,0.7600,0.0000,64.33,60.39,321,321,1.00000,1.00000,1.00000,1.00000,0.00000,3,3,0,1,24.23796,0.02686,1.86874,0.0497,-0.0027,0.0843,0.0000,0.0000,0.0000,147.58,-0.72,-123.31,1,1,0.0000,0.0000,0.3500,-90.00,0.7600,0.4200,1.0000,8.00,180.00,10.000000,0.250000,0.000000,1.200000,0.000000,0.000000,1.200000,0.000000,0.000000,0.900000,0.000000,0.000000,0.850000,0.040000,0.000000,0.008000,0.000000,0.000600,0.008000,0.000000,0.000600,0.006000,0.000000,0.000000,1,1,1,321,234,301,301,301,0,0,60.00,36948,3156,301,0,0,0,36948,499.75,499.75,9,1775,0.0000,0.4780,0.5370,0.8340,0.0910
2026-04-28T17:36:51.946,5.360,1,0.30,1.29,0.00,0.00,1,-0.0497,0.0028,0.2657,0.0000,0.0000,0.0000,122.47,-3.32,1,4.000,4.000,0.900,140,69,0,0.000,0.7600,0.0000,63.41,62.31,322,322,1.00000,1.00000,1.00000,1.00000,0.00000,3,3,0,1,24.29840,0.02697,1.87545,0.0497,-0.0028,0.0843,0.0000,0.0000,0.0000,147.53,-0.72,-123.33,1,1,0.0000,0.0000,0.3500,-90.00,0.7600,0.4200,1.0000,8.00,180.00,10.000000,0.250000,0.000000,1.200000,0.000000,0.000000,1.200000,0.000000,0.000000,0.900000,0.000000,0.000000,0.850000,0.040000,0.000000,0.008000,0.000000,0.000600,0.008000,0.000000,0.000600,0.006000,0.000000,0.000000,1,1,1,322,234,301,301,301,0,0,60.00,36948,3156,301,0,0,0,36948,499.75,499.75,9,1775,0.0000,0.4780,0.5370,0.8340,0.0910
2026-04-28T17:36:51.964,5.377,1,0.30,1.29,0.00,0.00,1,-0.0498,0.0027,0.2657,0.0000,0.0000,0.0000,122.43,2.47,1,4.000,4.000,0.900,140,69,0,0.000,0.7600,0.0000,74.56,59.78,323,323,1.00000,1.00000,1.00000,1.00000,0.00000,3,3,0,1,24.26670,0.02700,1.87555,0.0498,-0.0027,0.0843,0.0000,0.0000,0.0000,147.57,-0.67,-123.35,1,1,0.0000,0.0000,0.3500,-90.00,0.7600,0.4200,1.0000,8.00,180.00,10.000000,0.250000,0.000000,1.200000,0.000000,0.000000,1.200000,0.000000,0.000000,0.900000,0.000000,0.000000,0.850000,0.040000,0.000000,0.008000,0.000000,0.000600,0.008000,0.000000,0.000600,0.006000,0.000000,0.000000,1,1,1,323,234,301,301,301,0,0,60.00,36948,3156,301,0,0,0,36948,499.75,499.75,9,1775,0.0000,0.4780,0.5370,0.8340,0.0910
2026-04-28T17:36:51.979,5.392,1,0.30,1.29,0.00,0.00,1,-0.0496,0.0029,0.2654,0.0000,0.0000,0.0110,122.42,0.62,1,4.000,4.000,0.900,140,69,0,0.000,0.7600,0.0000,58.23,58.70,324,324,1.00000,1.00000,1.00000,1.00000,0.00000,3,3,0,1,24.28483,0.02696,1.87390,0.0496,-0.0029,0.0846,0.0000,0.0000,0.0110,147.58,-0.64,-123.35,1,1,0.0000,0.0000,0.3500,-90.00,0.7600,0.4200,1.0000,8.00,180.00,10.000000,0.250000,0.000000,1.200000,0.000000,0.000000,1.200000,0.000000,0.000000,0.900000,0.000000,0.000000,0.850000,0.040000,0.000000,0.008000,0.000000,0.000600,0.008000,0.000000,0.000600,0.006000,0.000000,0.000000,1,1,1,324,238,301,301,301,0,0,60.00,36948,3156,301,0,0,0,36948,499.75,499.75,9,1775,0.0000,0.4780,0.5370,0.8340,0.0910
2026-04-28T17:36:51.998,5.411,1,0.30,1.29,0.00,0.00,1,-0.0498,0.0028,0.2656,0.0000,0.0000,0.0000,122.49,-3.89,1,4.000,4.000,0.900,140,69,0,0.000,0.7600,0.0000,71.15,62.14,325,325,1.00000,1.00000,1.00000,1.00000,0.00000,3,3,0,1,24.27347,0.02707,1.87997,0.0498,-0.0028,0.0844,0.0000,0.0000,0.0000,147.51,-0.66,-123.31,1,1,0.0000,0.0000,0.3500,-90.00,0.7600,0.4200,1.0000,8.00,180.00,10.000000,0.250000,0.000000,1.200000,0.000000,0.000000,1.200000,0.000000,0.000000,0.900000,0.000000,0.000000,0.850000,0.040000,0.000000,0.008000,0.000000,0.000600,0.008000,0.000000,0.000600,0.006000,0.000000,0.000000,1,1,1,325,234,301,301,301,0,0,60.00,36948,3156,301,0,0,0,36948,499.75,499.75,9,1775,0.0000,0.4780,0.5370,0.8340,0.0910
2026-04-28T17:36:52.014,5.428,1,0.30,1.29,0.00,0.00,1,-0.0497,0.0029,0.2656,0.0000,0.0000,0.0000,122.54,-3.02,1,4.000,4.000,0.900,140,69,0,0.000,0.7600,0.0000,49.95,59.26,326,326,1.00000,1.00000,1.00000,1.00000,0.00000,3,3,0,1,24.29361,0.02697,1.87574,0.0497,-0.0029,0.0844,0.0000,0.0000,0.0000,147.46,-0.71,-123.32,1,1,0.0000,0.0000,0.3500,-90.00,0.7600,0.4200,1.0000,8.00,180.00,10.000000,0.250000,0.000000,1.200000,0.000000,0.000000,1.200000,0.000000,0.000000,0.900000,0.000000,0.000000,0.850000,0.040000,0.000000,0.008000,0.000000,0.000600,0.008000,0.000000,0.000600,0.006000,0.000000,0.000000,1,1,1,326,234,301,301,301,0,0,60.00,36948,3156,301,0,0,0,36948,499.75,499.75,9,1775,0.0000,0.4780,0.5370,0.8340,0.0910
2026-04-28T17:36:52.029,5.442,1,0.30,1.29,0.00,0.00,1,-0.0498,0.0029,0.2656,0.0000,0.0000,0.0000,122.55,-0.65,1,4.000,4.000,0.900,140,69,0,0.000,0.7600,0.0000,60.36,57.24,327,327,1.00000,1.00000,1.00000,1.00000,0.00000,3,3,0,1,24.31622,0.02716,1.87678,0.0498,-0.0029,0.0844,0.0000,0.0000,0.0000,147.45,-0.71,-123.32,1,1,0.0000,0.0000,0.3500,-90.00,0.7600,0.4200,1.0000,8.00,180.00,10.000000,0.250000,0.000000,1.200000,0.000000,0.000000,1.200000,0.000000,0.000000,0.900000,0.000000,0.000000,0.850000,0.040000,0.000000,0.008000,0.000000,0.000600,0.008000,0.000000,0.000600,0.006000,0.000000,0.000000,1,1,1,327,234,301,301,301,0,0,60.00,36948,3156,301,0,0,0,36948,499.75,499.75,9,1775,0.0000,0.4780,0.5370,0.8340,0.0910
2026-04-28T17:36:52.047,5.460,1,0.30,1.29,0.00,0.00,1,-0.0498,0.0028,0.2657,0.0000,0.0000,0.0000,122.59,-2.37,1,4.000,4.000,0.900,140,69,0,0.000,0.7600,0.0000,74.39,64.95,328,328,1.00000,1.00000,1.00000,1.00000,0.00000,3,3,0,1,24.27008,0.02714,1.87602,0.0498,-0.0028,0.0843,0.0000,0.0000,0.0000,147.41,-0.70,-123.31,1,1,0.0000,0.0000,0.3500,-90.00,0.7600,0.4200,1.0000,8.00,180.00,10.000000,0.250000,0.000000,1.200000,0.000000,0.000000,1.200000,0.000000,0.000000,0.900000,0.000000,0.000000,0.850000,0.040000,0.000000,0.008000,0.000000,0.000600,0.008000,0.000000,0.000600,0.006000,0.000000,0.000000,1,1,1,328,233,301,301,301,0,0,60.00,36948,3156,301,0,0,0,36948,499.75,499.75,9,1775,0.0000,0.4780,0.5370,0.8340,0.0910
2026-04-28T17:36:52.064,5.477,1,0.30,1.29,0.00,0.00,1,-0.0497,0.0027,0.2658,0.0000,0.0000,0.0000,122.50,4.97,1,4.000,4.000,0.900,140,69,0,0.000,0.7600,0.0000,52.94,56.69,329,329,1.00000,1.00000,1.00000,1.00000,0.00000,3,3,0,1,24.22308,0.02702,1.87155,0.0497,-0.0027,0.0842,0.0000,0.0000,0.0000,147.50,-0.66,-123.31,1,1,0.0000,0.0000,0.3500,-90.00,0.7600,0.4200,1.0000,8.00,180.00,10.000000,0.250000,0.000000,1.200000,0.000000,0.000000,1.200000,0.000000,0.000000,0.900000,0.000000,0.000000,0.850000,0.040000,0.000000,0.008000,0.000000,0.000600,0.008000,0.000000,0.000600,0.006000,0.000000,0.000000,1,1,1,329,233,301,301,301,0,0,60.00,36948,3156,301,0,0,0,36948,499.75,499.75,9,1775,0.0000,0.4780,0.5370,0.8340,0.0910
2026-04-28T17:36:52.080,5.494,1,0.30,1.29,0.00,0.00,1,-0.0497,0.0028,0.2656,0.0000,0.0000,0.0000,122.50,0.00,1,4.000,4.000,0.900,140,69,0,0.000,0.7600,0.0000,57.71,59.64,330,330,1.00000,1.00000,1.00000,1.00000,0.00000,3,3,0,1,24.30647,0.02719,1.87654,0.0497,-0.0028,0.0844,0.0000,0.0000,0.0000,147.50,-0.66,-123.32,1,1,0.0000,0.0000,0.3500,-90.00,0.7600,0.4200,1.0000,8.00,180.00,10.000000,0.250000,0.000000,1.200000,0.000000,0.000000,1.200000,0.000000,0.000000,0.900000,0.000000,0.000000,0.850000,0.040000,0.000000,0.008000,0.000000,0.000600,0.008000,0.000000,0.000600,0.006000,0.000000,0.000000,1,1,1,330,233,301,301,301,0,0,60.00,36948,3156,301,0,0,0,36948,499.75,499.75,9,1775,0.0000,0.4780,0.5370,0.8340,0.0910
2026-04-28T17:36:52.096,5.510,1,0.30,1.29,0.00,0.00,1,-0.0498,0.0027,0.2656,0.0000,0.0000,0.0000,122.55,-3.09,1,4.000,4.000,0.900,140,69,0,0.000,0.7600,0.0000,61.28,62.62,331,331,1.00000,1.00000,1.00000,1.00000,0.00000,3,3,0,1,24.26444,0.02712,1.87530,0.0498,-0.0027,0.0844,0.0000,0.0000,0.0000,147.45,-0.66,-123.29,1,1,0.0000,0.0000,0.3500,-90.00,0.7600,0.4200,1.0000,8.00,180.00,10.000000,0.250000,0.000000,1.200000,0.000000,0.000000,1.200000,0.000000,0.000000,0.900000,0.000000,0.000000,0.850000,0.040000,0.000000,0.008000,0.000000,0.000600,0.008000,0.000000,0.000600,0.006000,0.000000,0.000000,1,1,1,331,234,301,301,301,0,0,60.00,36948,3156,301,0,0,0,36948,499.75,499.75,9,1775,0.0000,0.4780,0.5370,0.8340,0.0910
2026-04-28T17:36:52.113,5.527,1,0.30,1.29,0.00,0.00,1,-0.0497,0.0026,0.2658,0.0000,0.0000,0.0000,122.54,0.60,1,4.000,4.000,0.900,140,69,0,0.000,0.7600,0.0000,61.75,58.21,332,332,1.00000,1.00000,1.00000,1.00000,0.00000,3,3,0,1,24.23324,0.02699,1.87523,0.0497,-0.0026,0.0842,0.0000,0.0000,0.0000,147.46,-0.64,-123.29,1,1,0.0000,0.0000,0.3500,-90.00,0.7600,0.4200,1.0000,8.00,180.00,10.000000,0.250000,0.000000,1.200000,0.000000,0.000000,1.200000,0.000000,0.000000,0.900000,0.000000,0.000000,0.850000,0.040000,0.000000,0.008000,0.000000,0.000600,0.008000,0.000000,0.000600,0.006000,0.000000,0.000000,1,1,1,332,234,301,301,301,0,0,60.00,36948,3156,301,0,0,0,36948,499.75,499.75,9,1775,0.0000,0.4780,0.5370,0.8340,0.0910
2026-04-28T17:36:52.130,5.543,1,0.30,1.29,0.00,0.00,1,-0.0498,0.0028,0.2658,0.0000,0.0000,0.0000,122.64,-6.05,1,4.000,4.000,0.900,140,69,0,0.000,0.7600,0.0000,59.03,60.34,333,333,1.00000,1.00000,1.00000,1.00000,0.00000,3,3,0,1,24.29640,0.02715,1.87627,0.0498,-0.0028,0.0842,0.0000,0.0000,0.0000,147.36,-0.69,-123.31,1,1,0.0000,0.0000,0.3500,-90.00,0.7600,0.4200,1.0000,8.00,180.00,10.000000,0.250000,0.000000,1.200000,0.000000,0.000000,1.200000,0.000000,0.000000,0.900000,0.000000,0.000000,0.850000,0.040000,0.000000,0.008000,0.000000,0.000600,0.008000,0.000000,0.000600,0.006000,0.000000,0.000000,1,1,1,333,234,301,301,301,0,0,60.00,36948,3156,301,0,0,0,36948,499.75,499.75,9,1775,0.0000,0.4780,0.5370,0.8340,0.0910
2026-04-28T17:36:52.147,5.560,1,0.30,1.29,0.00,0.00,1,-0.0498,0.0029,0.2656,0.0000,0.0000,0.0000,122.55,4.98,1,4.000,4.000,0.900,140,69,0,0.000,0.7600,0.0000,60.36,61.62,334,334,1.00000,1.00000,1.00000,1.00000,0.00000,3,3,0,1,24.27747,0.02700,1.87849,0.0498,-0.0029,0.0844,0.0000,0.0000,0.0000,147.45,-0.70,-123.29,1,1,0.0000,0.0000,0.3500,-90.00,0.7600,0.4200,1.0000,8.00,180.00,10.000000,0.250000,0.000000,1.200000,0.000000,0.000000,1.200000,0.000000,0.000000,0.900000,0.000000,0.000000,0.850000,0.040000,0.000000,0.008000,0.000000,0.000600,0.008000,0.000000,0.000600,0.006000,0.000000,0.000000,1,1,1,334,233,301,301,301,0,0,60.00,36948,3156,301,0,0,0,36948,499.75,499.75,9,1775,0.0000,0.4780,0.5370,0.8340,0.0910
2026-04-28T17:36:52.164,5.577,1,0.30,1.29,0.00,0.00,1,-0.0498,0.0029,0.2658,0.0000,0.0000,0.0000,122.62,-4.39,1,4.000,4.000,0.900,140,69,0,0.000,0.7600,0.0000,59.32,60.07,335,335,1.00000,1.00000,1.00000,1.00000,0.00000,3,3,0,1,24.24076,0.02700,1.87309,0.0498,-0.0029,0.0842,0.0000,0.0000,0.0000,147.38,-0.67,-123.29,1,1,0.0000,0.0000,0.3500,-90.00,0.7600,0.4200,1.0000,8.00,180.00,10.000000,0.250000,0.000000,1.200000,0.000000,0.000000,1.200000,0.000000,0.000000,0.900000,0.000000,0.000000,0.850000,0.040000,0.000000,0.008000,0.000000,0.000600,0.008000,0.000000,0.000600,0.006000,0.000000,0.000000,1,1,1,335,234,301,301,301,0,0,60.00,36948,3156,301,0,0,0,36948,499.75,499.75,9,1775,0.0000,0.4780,0.5370,0.8340,0.0910
2026-04-28T17:36:52.180,5.593,1,0.30,1.29,0.00,0.00,1,-0.0498,0.0028,0.2659,0.0000,0.0000,0.0000,122.67,-2.95,1,4.000,4.000,0.900,141,69,0,0.000,0.7600,0.0000,58.98,57.52,336,336,1.00000,1.00000,1.00000,1.00000,0.00000,3,3,0,1,24.27059,0.02703,1.87913,0.0498,-0.0028,0.0841,0.0000,0.0000,0.0000,147.33,-0.72,-123.29,1,1,0.0000,0.0000,0.3500,-90.00,0.7600,0.4200,1.0000,8.00,180.00,10.000000,0.250000,0.000000,1.200000,0.000000,0.000000,1.200000,0.000000,0.000000,0.900000,0.000000,0.000000,0.850000,0.040000,0.000000,0.008000,0.000000,0.000600,0.008000,0.000000,0.000600,0.006000,0.000000,0.000000,1,1,1,336,234,301,301,301,0,0,60.00,36948,3156,301,0,0,0,36948,499.75,499.75,9,1775,0.0000,0.4780,0.5370,0.8340,0.0910
2026-04-28T17:36:52.195,5.608,1,0.30,1.29,0.00,0.00,1,-0.0499,0.0028,0.2658,0.0000,0.0000,0.0000,122.69,-1.32,1,4.000,4.000,0.900,141,69,0,0.000,0.7600,0.0000,60.93,60.22,337,337,1.00000,1.00000,1.00000,1.00000,0.00000,3,3,0,1,24.26510,0.02714,1.87623,0.0499,-0.0028,0.0842,0.0000,0.0000,0.0000,147.31,-0.72,-123.29,1,1,0.0000,0.0000,0.3500,-90.00,0.7600,0.4200,1.0000,8.00,180.00,10.000000,0.250000,0.000000,1.200000,0.000000,0.000000,1.200000,0.000000,0.000000,0.900000,0.000000,0.000000,0.850000,0.040000,0.000000,0.008000,0.000000,0.000600,0.008000,0.000000,0.000600,0.006000,0.000000,0.000000,1,1,1,337,234,301,301,301,0,0,60.00,36948,3156,301,0,0,0,36948,499.75,499.75,9,1775,0.0000,0.4780,0.5370,0.8340,0.0910
2026-04-28T17:36:52.214,5.628,1,0.30,1.29,0.00,0.00,1,-0.0499,0.0027,0.2659,0.0000,0.0000,0.0000,122.71,-1.10,1,4.000,4.000,0.900,141,69,0,0.000,0.7600,0.0000,73.21,59.71,338,338,1.00000,1.00000,1.00000,1.00000,0.00000,3,3,0,1,24.21491,0.02705,1.87612,0.0499,-0.0027,0.0841,0.0000,0.0000,0.0000,147.29,-0.73,-123.26,1,1,0.0000,0.0000,0.3500,-90.00,0.7600,0.4200,1.0000,8.00,180.00,10.000000,0.250000,0.000000,1.200000,0.000000,0.000000,1.200000,0.000000,0.000000,0.900000,0.000000,0.000000,0.850000,0.040000,0.000000,0.008000,0.000000,0.000600,0.008000,0.000000,0.000600,0.006000,0.000000,0.000000,1,1,1,338,234,301,301,301,0,0,60.00,36948,3156,301,0,0,0,36948,499.75,499.75,9,1775,0.0000,0.4780,0.5370,0.8340,0.0910
2026-04-28T17:36:52.230,5.644,1,0.30,1.29,0.00,0.00,1,-0.0498,0.0027,0.2658,0.0000,0.0000,0.0000,122.65,3.67,1,4.000,4.000,0.900,141,69,0,0.000,0.7600,0.0000,48.86,61.96,339,339,1.00000,1.00000,1.00000,1.00000,0.00000,3,3,0,1,24.23899,0.02704,1.87344,0.0498,-0.0027,0.0842,0.0000,0.0000,0.0000,147.35,-0.71,-123.26,1,1,0.0000,0.0000,0.3500,-90.00,0.7600,0.4200,1.0000,8.00,180.00,10.000000,0.250000,0.000000,1.200000,0.000000,0.000000,1.200000,0.000000,0.000000,0.900000,0.000000,0.000000,0.850000,0.040000,0.000000,0.008000,0.000000,0.000600,0.008000,0.000000,0.000600,0.006000,0.000000,0.000000,1,1,1,339,234,301,301,301,0,0,60.00,36948,3156,301,0,0,0,36948,499.75,499.75,9,1775,0.0000,0.4780,0.5370,0.8340,0.0910
2026-04-28T17:36:52.247,5.660,1,0.30,1.29,0.00,0.00,1,-0.0497,0.0028,0.2656,0.0000,0.0000,0.0000,122.56,5.48,1,4.000,4.000,0.900,141,69,0,0.000,0.7600,0.0000,62.29,58.96,340,340,1.00000,1.00000,1.00000,1.00000,0.00000,3,3,0,1,24.27095,0.02702,1.87327,0.0497,-0.0028,0.0844,0.0000,0.0000,0.0000,147.44,-0.71,-123.27,1,1,0.0000,0.0000,0.3500,-90.00,0.7600,0.4200,1.0000,8.00,180.00,10.000000,0.250000,0.000000,1.200000,0.000000,0.000000,1.200000,0.000000,0.000000,0.900000,0.000000,0.000000,0.850000,0.040000,0.000000,0.008000,0.000000,0.000600,0.008000,0.000000,0.000600,0.006000,0.000000,0.000000,1,1,1,340,234,301,301,301,0,0,60.00,36948,3156,301,0,0,0,36948,499.75,499.75,9,1775,0.0000,0.4780,0.5370,0.8340,0.0910
2026-04-28T17:36:52.264,5.677,1,0.30,1.29,0.00,0.00,1,-0.0498,0.0028,0.2659,0.0000,0.0000,0.0000,122.63,-4.18,1,4.000,4.000,0.900,141,69,0,0.000,0.7600,0.0000,60.99,61.65,341,341,1.00000,1.00000,1.00000,1.00000,0.00000,3,3,0,1,24.25098,0.02705,1.87574,0.0498,-0.0028,0.0841,0.0000,0.0000,0.0000,147.37,-0.72,-123.27,1,1,0.0000,0.0000,0.3500,-90.00,0.7600,0.4200,1.0000,8.00,180.00,10.000000,0.250000,0.000000,1.200000,0.000000,0.000000,1.200000,0.000000,0.000000,0.900000,0.000000,0.000000,0.850000,0.040000,0.000000,0.008000,0.000000,0.000600,0.008000,0.000000,0.000600,0.006000,0.000000,0.000000,1,1,1,341,234,301,301,301,0,0,60.00,36948,3156,301,0,0,0,36948,499.75,499.75,9,1775,0.0000,0.4780,0.5370,0.8340,0.0910
2026-04-28T17:36:52.281,5.694,1,0.30,1.29,0.00,0.00,1,-0.0498,0.0029,0.2656,0.0000,0.0000,0.0000,122.62,0.61,1,4.000,4.000,0.900,141,69,0,0.000,0.7600,0.0000,63.30,57.88,342,342,1.00000,1.00000,1.00000,1.00000,0.00000,3,3,0,1,24.25940,0.02707,1.87287,0.0498,-0.0029,0.0844,0.0000,0.0000,0.0000,147.38,-0.68,-123.30,1,1,0.0000,0.0000,0.3500,-90.00,0.7600,0.4200,1.0000,8.00,180.00,10.000000,0.250000,0.000000,1.200000,0.000000,0.000000,1.200000,0.000000,0.000000,0.900000,0.000000,0.000000,0.850000,0.040000,0.000000,0.008000,0.000000,0.000600,0.008000,0.000000,0.000600,0.006000,0.000000,0.000000,1,1,1,342,233,301,301,301,0,0,60.00,36948,3156,301,0,0,0,36948,499.75,499.75,9,1775,0.0000,0.4780,0.5370,0.8340,0.0910
2026-04-28T17:36:52.297,5.710,1,0.30,1.29,0.00,0.00,1,-0.0497,0.0027,0.2657,0.0000,0.0000,0.0000,122.57,2.81,1,4.000,4.000,0.900,141,69,0,0.000,0.7600,0.0000,58.97,63.57,343,343,1.00000,1.00000,1.00000,1.00000,0.00000,3,3,0,1,24.28131,0.02717,1.87542,0.0497,-0.0027,0.0843,0.0000,0.0000,0.0000,147.43,-0.64,-123.30,1,1,0.0000,0.0000,0.3500,-90.00,0.7600,0.4200,1.0000,8.00,180.00,10.000000,0.250000,0.000000,1.200000,0.000000,0.000000,1.200000,0.000000,0.000000,0.900000,0.000000,0.000000,0.850000,0.040000,0.000000,0.008000,0.000000,0.000600,0.008000,0.000000,0.000600,0.006000,0.000000,0.000000,1,1,1,343,233,301,301,301,0,0,60.00,36948,3156,301,0,0,0,36948,499.75,499.75,9,1775,0.0000,0.4780,0.5370,0.8340,0.0910
2026-04-28T17:36:52.314,5.727,1,0.30,1.29,0.00,0.00,1,-0.0498,0.0028,0.2657,0.0000,0.0000,0.0000,122.61,-2.54,1,4.000,4.000,0.900,141,69,0,0.000,0.7600,0.0000,58.04,59.62,344,344,1.00000,1.00000,1.00000,1.00000,0.00000,3,3,0,1,24.28660,0.02713,1.87599,0.0498,-0.0028,0.0843,0.0000,0.0000,0.0000,147.39,-0.69,-123.31,1,1,0.0000,0.0000,0.3500,-90.00,0.7600,0.4200,1.0000,8.00,180.00,10.000000,0.250000,0.000000,1.200000,0.000000,0.000000,1.200000,0.000000,0.000000,0.900000,0.000000,0.000000,0.850000,0.040000,0.000000,0.008000,0.000000,0.000600,0.008000,0.000000,0.000600,0.006000,0.000000,0.000000,1,1,1,344,234,301,301,301,0,0,60.00,36948,3156,301,0,0,0,36948,499.75,499.75,9,1775,0.0000,0.4780,0.5370,0.8340,0.0910
2026-04-28T17:36:52.331,5.745,1,0.30,1.29,0.00,0.00,1,-0.0499,0.0029,0.2657,0.0000,0.0000,0.0000,122.66,-2.67,1,4.000,4.000,0.900,141,69,0,0.000,0.7600,0.0000,58.47,57.32,345,345,1.00000,1.00000,1.00000,1.00000,0.00000,3,3,0,1,24.29252,0.02721,1.88016,0.0499,-0.0029,0.0843,0.0000,0.0000,0.0000,147.34,-0.70,-123.29,1,1,0.0000,0.0000,0.3500,-90.00,0.7600,0.4200,1.0000,8.00,180.00,10.000000,0.250000,0.000000,1.200000,0.000000,0.000000,1.200000,0.000000,0.000000,0.900000,0.000000,0.000000,0.850000,0.040000,0.000000,0.008000,0.000000,0.000600,0.008000,0.000000,0.000600,0.006000,0.000000,0.000000,1,1,1,345,233,301,301,301,0,0,60.00,36948,3156,301,0,0,0,36948,499.75,499.75,9,1775,0.0000,0.4780,0.5370,0.8340,0.0910
2026-04-28T17:36:52.348,5.762,1,0.30,1.29,0.00,0.00,1,-0.0498,0.0028,0.2658,0.0000,0.0000,0.0000,122.61,3.17,1,4.000,4.000,0.900,141,69,0,0.000,0.7600,0.0000,56.27,58.34,346,346,1.00000,1.00000,1.00000,1.00000,0.00000,3,3,0,1,24.28027,0.02712,1.87428,0.0498,-0.0028,0.0842,0.0000,0.0000,0.0000,147.39,-0.68,-123.32,1,1,0.0000,0.0000,0.3500,-90.00,0.7600,0.4200,1.0000,8.00,180.00,10.000000,0.250000,0.000000,1.200000,0.000000,0.000000,1.200000,0.000000,0.000000,0.900000,0.000000,0.000000,0.850000,0.040000,0.000000,0.008000,0.000000,0.000600,0.008000,0.000000,0.000600,0.006000,0.000000,0.000000,1,1,1,346,234,301,301,301,0,0,60.00,36948,3156,301,0,0,0,36948,499.75,499.75,9,1775,0.0000,0.4780,0.5370,0.8340,0.0910
2026-04-28T17:36:52.361,5.775,1,0.30,1.29,0.00,0.00,1,-0.0498,0.0029,0.2657,0.0000,0.0000,0.0000,122.65,-2.77,1,4.000,4.000,0.900,141,69,0,0.000,0.7600,0.0000,61.10,63.14,347,347,1.00000,1.00000,1.00000,1.00000,0.00000,3,3,0,1,24.34288,0.02719,1.87748,0.0498,-0.0029,0.0843,0.0000,0.0000,0.0000,147.35,-0.71,-123.33,1,1,0.0000,0.0000,0.3500,-90.00,0.7600,0.4200,1.0000,8.00,180.00,10.000000,0.250000,0.000000,1.200000,0.000000,0.000000,1.200000,0.000000,0.000000,0.900000,0.000000,0.000000,0.850000,0.040000,0.000000,0.008000,0.000000,0.000600,0.008000,0.000000,0.000600,0.006000,0.000000,0.000000,1,1,1,347,234,301,301,301,0,0,60.00,36948,3156,301,0,0,0,36948,499.75,499.75,9,1775,0.0000,0.4780,0.5370,0.8340,0.0910
2026-04-28T17:36:52.380,5.794,1,0.30,1.29,0.00,0.00,1,-0.0497,0.0027,0.2656,0.0000,0.0000,0.0000,122.53,6.83,1,4.000,4.000,0.900,141,69,0,0.000,0.7600,0.0000,80.50,59.11,348,348,1.00000,1.00000,1.00000,1.00000,0.00000,3,3,0,1,24.34873,0.02706,1.87689,0.0497,-0.0027,0.0844,0.0000,0.0000,0.0000,147.47,-0.65,-123.33,1,1,0.0000,0.0000,0.3500,-90.00,0.7600,0.4200,1.0000,8.00,180.00,10.000000,0.250000,0.000000,1.200000,0.000000,0.000000,1.200000,0.000000,0.000000,0.900000,0.000000,0.000000,0.850000,0.040000,0.000000,0.008000,0.000000,0.000600,0.008000,0.000000,0.000600,0.006000,0.000000,0.000000,1,1,1,348,234,301,301,301,0,0,60.00,36948,3156,301,0,0,0,36948,499.75,499.75,9,1775,0.0000,0.4780,0.5370,0.8340,0.0910
2026-04-28T17:36:52.397,5.810,1,0.30,1.29,0.00,0.00,1,-0.0497,0.0028,0.2656,0.0000,0.0000,0.0000,122.60,-4.17,1,4.000,4.000,0.900,141,69,0,0.000,0.7600,0.0000,51.12,61.58,349,349,1.00000,1.00000,1.00000,1.00000,0.00000,3,3,0,1,24.26243,0.02705,1.87243,0.0497,-0.0028,0.0844,0.0000,0.0000,0.0000,147.40,-0.65,-123.32,1,1,0.0000,0.0000,0.3500,-90.00,0.7600,0.4200,1.0000,8.00,180.00,10.000000,0.250000,0.000000,1.200000,0.000000,0.000000,1.200000,0.000000,0.000000,0.900000,0.000000,0.000000,0.850000,0.040000,0.000000,0.008000,0.000000,0.000600,0.008000,0.000000,0.000600,0.006000,0.000000,0.000000,1,1,1,349,233,301,301,301,0,0,60.00,36948,3156,301,0,0,0,36948,499.75,499.75,9,1775,0.0000,0.4780,0.5370,0.8340,0.0910
2026-04-28T17:36:52.413,5.827,1,0.30,1.29,0.00,0.00,1,-0.0497,0.0028,0.2657,0.0000,0.0000,0.0000,122.50,6.08,1,4.000,4.000,0.900,141,69,0,0.000,0.7600,0.0000,59.54,59.77,350,350,1.00000,1.00000,1.00000,1.00000,0.00000,3,3,0,1,24.25011,0.02698,1.87161,0.0497,-0.0028,0.0843,0.0000,0.0000,0.0000,147.50,-0.66,-123.31,1,1,0.0000,0.0000,0.3500,-90.00,0.7600,0.4200,1.0000,8.00,180.00,10.000000,0.250000,0.000000,1.200000,0.000000,0.000000,1.200000,0.000000,0.000000,0.900000,0.000000,0.000000,0.850000,0.040000,0.000000,0.008000,0.000000,0.000600,0.008000,0.000000,0.000600,0.006000,0.000000,0.000000,1,1,1,350,233,301,301,301,0,0,60.00,36948,3156,301,0,0,0,36948,499.75,499.75,9,1775,0.0000,0.4780,0.5370,0.8340,0.0910
2026-04-28T17:36:52.432,5.846,1,0.30,1.29,0.00,0.00,1,-0.0496,0.0029,0.2655,0.0000,0.0000,0.0000,122.46,2.10,1,4.000,4.000,0.900,141,69,0,0.000,0.7600,0.0000,60.78,60.43,351,351,1.00000,1.00000,1.00000,1.00000,0.00000,3,3,0,1,24.29283,0.02689,1.87189,0.0496,-0.0029,0.0845,0.0000,0.0000,0.0000,147.54,-0.65,-123.35,1,1,0.0000,0.0000,0.3500,-90.00,0.7600,0.4200,1.0000,8.00,180.00,10.000000,0.250000,0.000000,1.200000,0.000000,0.000000,1.200000,0.000000,0.000000,0.900000,0.000000,0.000000,0.850000,0.040000,0.000000,0.008000,0.000000,0.000600,0.008000,0.000000,0.000600,0.006000,0.000000,0.000000,1,1,1,351,234,301,301,301,0,0,60.00,36948,3156,301,0,0,0,36948,499.75,499.75,9,1775,0.0000,0.4780,0.5370,0.8340,0.0910
2026-04-28T17:36:52.449,5.863,1,0.30,1.29,0.00,0.00,1,-0.0496,0.0029,0.2656,0.0000,0.0000,0.0000,122.50,-2.38,1,4.000,4.000,0.900,141,69,0,0.000,0.7600,0.0000,52.38,59.40,352,352,1.00000,1.00000,1.00000,1.00000,0.00000,3,3,0,1,24.24187,0.02707,1.87197,0.0496,-0.0029,0.0844,0.0000,0.0000,0.0000,147.50,-0.63,-123.37,1,1,0.0000,0.0000,0.3500,-90.00,0.7600,0.4200,1.0000,8.00,180.00,10.000000,0.250000,0.000000,1.200000,0.000000,0.000000,1.200000,0.000000,0.000000,0.900000,0.000000,0.000000,0.850000,0.040000,0.000000,0.008000,0.000000,0.000600,0.008000,0.000000,0.000600,0.006000,0.000000,0.000000,1,1,1,352,233,301,301,301,0,0,60.00,36948,3156,301,0,0,0,36948,499.75,499.75,9,1775,0.0000,0.4780,0.5370,0.8340,0.0910
2026-04-28T17:36:52.463,5.877,1,0.30,1.29,0.00,0.00,1,-0.0497,0.0029,0.2657,0.0000,0.0000,0.0000,122.54,-2.79,1,4.000,4.000,0.900,141,69,0,0.000,0.7600,0.0000,59.50,60.51,353,353,1.00000,1.00000,1.00000,1.00000,0.00000,3,3,0,1,24.29361,0.02697,1.87574,0.0497,-0.0029,0.0843,0.0000,0.0000,0.0000,147.46,-0.70,-123.35,1,1,0.0000,0.0000,0.3500,-90.00,0.7600,0.4200,1.0000,8.00,180.00,10.000000,0.250000,0.000000,1.200000,0.000000,0.000000,1.200000,0.000000,0.000000,0.900000,0.000000,0.000000,0.850000,0.040000,0.000000,0.008000,0.000000,0.000600,0.008000,0.000000,0.000600,0.006000,0.000000,0.000000,1,1,1,353,233,301,301,301,0,0,60.00,36948,3156,301,0,0,0,36948,499.75,499.75,9,1775,0.0000,0.4780,0.5370,0.8340,0.0910
2026-04-28T17:36:52.483,5.896,1,0.30,1.29,0.00,0.00,1,-0.0498,0.0029,0.2656,0.0000,0.0000,0.0000,122.56,-1.04,1,4.000,4.000,0.900,141,69,0,0.000,0.7600,0.0000,69.73,59.62,354,354,1.00000,1.00000,1.00000,1.00000,0.00000,3,3,0,1,24.30420,0.02703,1.87921,0.0498,-0.0029,0.0844,0.0000,0.0000,0.0000,147.44,-0.72,-123.33,1,1,0.0000,0.0000,0.3500,-90.00,0.7600,0.4200,1.0000,8.00,180.00,10.000000,0.250000,0.000000,1.200000,0.000000,0.000000,1.200000,0.000000,0.000000,0.900000,0.000000,0.000000,0.850000,0.040000,0.000000,0.008000,0.000000,0.000600,0.008000,0.000000,0.000600,0.006000,0.000000,0.000000,1,1,1,354,234,301,301,301,0,0,60.00,36948,3156,301,0,0,0,36948,499.75,499.75,9,1775,0.0000,0.4780,0.5370,0.8340,0.0910
2026-04-28T17:36:52.496,5.910,1,0.30,1.29,0.00,0.00,1,-0.0497,0.0028,0.2657,0.0000,0.0000,0.0000,122.52,2.77,1,4.000,4.000,0.900,141,69,0,0.000,0.7600,0.0000,50.20,59.73,355,355,1.00000,1.00000,1.00000,1.00000,0.00000,3,3,0,1,24.23471,0.02689,1.87341,0.0497,-0.0028,0.0843,0.0000,0.0000,0.0000,147.48,-0.71,-123.31,1,1,0.0000,0.0000,0.3500,-90.00,0.7600,0.4200,1.0000,8.00,180.00,10.000000,0.250000,0.000000,1.200000,0.000000,0.000000,1.200000,0.000000,0.000000,0.900000,0.000000,0.000000,0.850000,0.040000,0.000000,0.008000,0.000000,0.000600,0.008000,0.000000,0.000600,0.006000,0.000000,0.000000,1,1,1,355,234,301,301,301,0,0,60.00,36948,3156,301,0,0,0,36948,499.75,499.75,9,1775,0.0000,0.4780,0.5370,0.8340,0.0910
2026-04-28T17:36:52.515,5.928,1,0.30,1.29,0.00,0.00,1,-0.0498,0.0027,0.2658,0.0000,0.0000,0.0000,122.56,-2.30,1,4.000,4.000,0.900,141,69,0,0.000,0.7600,0.0000,72.70,60.48,356,356,1.00000,1.00000,1.00000,1.00000,0.00000,3,3,0,1,24.28171,0.02712,1.87541,0.0498,-0.0027,0.0842,0.0000,0.0000,0.0000,147.44,-0.70,-123.29,1,1,0.0000,0.0000,0.3500,-90.00,0.7600,0.4200,1.0000,8.00,180.00,10.000000,0.250000,0.000000,1.200000,0.000000,0.000000,1.200000,0.000000,0.000000,0.900000,0.000000,0.000000,0.850000,0.040000,0.000000,0.008000,0.000000,0.000600,0.008000,0.000000,0.000600,0.006000,0.000000,0.000000,1,1,1,356,233,301,301,301,0,0,60.00,36948,3156,301,0,0,0,36948,499.75,499.75,9,1775,0.0000,0.4780,0.5370,0.8340,0.0910
2026-04-28T17:36:52.533,5.947,1,0.30,1.29,0.00,0.00,1,-0.0498,0.0028,0.2656,0.0000,0.0000,0.0000,122.52,2.59,1,4.000,4.000,0.900,141,69,0,0.000,0.7600,0.0000,57.52,66.55,357,357,1.00000,1.00000,1.00000,1.00000,0.00000,3,3,0,1,24.28955,0.02717,1.87610,0.0498,-0.0028,0.0844,0.0000,0.0000,0.0000,147.48,-0.67,-123.30,1,1,0.0000,0.0000,0.3500,-90.00,0.7600,0.4200,1.0000,8.00,180.00,10.000000,0.250000,0.000000,1.200000,0.000000,0.000000,1.200000,0.000000,0.000000,0.900000,0.000000,0.000000,0.850000,0.040000,0.000000,0.008000,0.000000,0.000600,0.008000,0.000000,0.000600,0.006000,0.000000,0.000000,1,1,1,357,233,301,301,301,0,0,60.00,36948,3156,301,0,0,0,36948,499.75,499.75,9,1775,0.0000,0.4780,0.5370,0.8340,0.0910
2026-04-28T17:36:52.550,5.963,1,0.30,1.29,0.00,0.00,1,-0.0498,0.0028,0.2656,0.0000,0.0000,0.0000,122.50,1.03,1,4.000,4.000,0.900,141,69,0,0.000,0.7600,0.0000,57.25,54.31,358,358,1.00000,1.00000,1.00000,1.00000,0.00000,3,3,0,1,24.28235,0.02713,1.88014,0.0498,-0.0028,0.0844,0.0000,0.0000,0.0000,147.50,-0.64,-123.30,1,1,0.0000,0.0000,0.3500,-90.00,0.7600,0.4200,1.0000,8.00,180.00,10.000000,0.250000,0.000000,1.200000,0.000000,0.000000,1.200000,0.000000,0.000000,0.900000,0.000000,0.000000,0.850000,0.040000,0.000000,0.008000,0.000000,0.000600,0.008000,0.000000,0.000600,0.006000,0.000000,0.000000,1,1,1,358,232,301,301,301,0,0,60.00,36948,3156,301,0,0,0,36948,499.75,499.75,9,1775,0.0000,0.4780,0.5370,0.8340,0.0910
2026-04-28T17:36:52.558,5.971,1,0.30,1.29,0.00,0.00,1,-0.0499,0.0029,0.2658,0.0000,0.0000,0.0000,122.62,-12.67,1,4.000,4.000,0.900,141,69,0,0.000,0.7600,0.0000,55.05,57.84,359,359,1.00000,1.00000,1.00000,1.00000,0.00000,3,3,0,1,24.28121,0.02711,1.87761,0.0499,-0.0029,0.0842,0.0000,0.0000,0.0000,147.38,-0.70,-123.30,1,1,0.0000,0.0000,0.3500,-90.00,0.7600,0.4200,1.0000,8.00,180.00,10.000000,0.250000,0.000000,1.200000,0.000000,0.000000,1.200000,0.000000,0.000000,0.900000,0.000000,0.000000,0.850000,0.040000,0.000000,0.008000,0.000000,0.000600,0.008000,0.000000,0.000600,0.006000,0.000000,0.000000,1,1,1,359,232,301,301,301,0,0,60.00,36948,3156,301,0,0,0,36948,499.75,499.75,9,1775,0.0000,0.4780,0.5370,0.8340,0.0910
2026-04-28T17:36:52.581,5.995,1,0.30,1.29,0.00,0.00,1,-0.0498,0.0028,0.2658,0.0000,0.0000,0.0000,122.58,1.84,1,4.000,4.000,0.900,141,69,0,0.000,0.7600,0.0000,58.06,62.36,360,360,1.00000,1.00000,1.00000,1.00000,0.00000,3,3,0,1,24.27416,0.02710,1.87499,0.0498,-0.0028,0.0842,0.0000,0.0000,0.0000,147.42,-0.70,-123.30,1,1,0.0000,0.0000,0.3500,-90.00,0.7600,0.4200,1.0000,8.00,180.00,10.000000,0.250000,0.000000,1.200000,0.000000,0.000000,1.200000,0.000000,0.000000,0.900000,0.000000,0.000000,0.850000,0.040000,0.000000,0.008000,0.000000,0.000600,0.008000,0.000000,0.000600,0.006000,0.000000,0.000000,1,1,1,360,232,301,301,301,0,0,60.00,36948,3156,301,0,0,0,36948,499.75,499.75,9,1775,0.0000,0.4780,0.5370,0.8340,0.0910
