iso_time,elapsed_s,imu_ready,imu_pitch_deg,imu_roll_deg,imu_pitch_rate_deg_s,imu_roll_rate_deg_s,mocap_valid,mocap_x_error_m,mocap_y_error_m,mocap_z_error_m,mocap_vx_m_s,mocap_vy_m_s,mocap_vz_m_s,mocap_yaw_error_deg,mocap_yaw_rate_deg_s,backend_loop_hz,tracking_loop_hz,frames_processed,valid_pose_frames,pose_success_rate,full_marker_detection_rate,cam1_full_detection_rate,cam2_full_detection_rate,cam1_leds,cam2_leds,spatial_data_valid,mapping_error_px,model_fit_error_m,scale_factor,position_x_m,position_y_m,position_z_m,velocity_x_m_s,velocity_y_m_s,velocity_z_m_s,yaw_deg,pitch_deg,roll_deg,control_active,control_armed,target_x_m,target_y_m,target_z_m,target_yaw_deg,limit_hover_throttle,limit_min_throttle,limit_max_throttle,limit_max_tilt_deg,limit_max_yaw_rate_deg,pid_xyPos_kp,pid_xyPos_ki,pid_xyPos_kd,pid_zPos_kp,pid_zPos_ki,pid_zPos_kd,pid_yawPos_kp,pid_yawPos_ki,pid_yawPos_kd,pid_xyVel_kp,pid_xyVel_ki,pid_xyVel_kd,pid_zVel_kp,pid_zVel_ki,pid_zVel_kd,pid_roll_kp,pid_roll_ki,pid_roll_kd,pid_pitch_kp,pid_pitch_ki,pid_pitch_kd,pid_yawRate_kp,pid_yawRate_ki,pid_yawRate_kd,serial_connected,serial_send_enabled,serial_send_ok,serial_payload_seq,serial_payload_size_bytes,bridge_serial_frames_rx,bridge_espnow_tx_attempts,bridge_espnow_tx_ok,bridge_espnow_tx_fail,bridge_oversize_drops,bridge_tx_rate_hz,bridge_last_tx_seq,bridge_last_tx_latency_us,controller_rx_packets,controller_rx_missing_packets,controller_rx_duplicate_packets,controller_rx_out_of_order_packets,controller_last_rx_seq,controller_loop_hz,controller_control_hz,controller_command_age_ms,controller_apply_latency_us,controller_motor_imbalance,motor_1_output,motor_2_output,motor_3_output,motor_4_output
2026-04-27T17:37:52.476,0.017,1,0.10,-1.70,0.00,0.00,1,-0.0161,0.0819,0.2931,0.0000,0.0000,0.0000,-131.79,1.67,61.42,57.50,1,1,1.00000,1.00000,1.00000,1.00000,3,3,1,24.45235,0.00254,1.04156,0.0161,-0.0819,0.0069,0.0000,0.0000,0.0000,131.79,6.74,-5.33,1,1,0.0000,0.0000,0.3000,0.00,0.8300,0.4200,1.0000,6.50,180.00,1.050000,0.000000,0.000000,1.500000,0.000000,0.000000,1.200000,0.000000,0.000000,1.050000,0.000000,0.000000,1.350000,0.060000,0.000000,0.008000,0.000000,0.000600,0.008000,0.000000,0.000600,0.006000,0.000000,0.000000,1,1,1,1,230,377508,377508,207984,169523,0,61.00,11854,3059,0,0,0,0,0,0.00,0.00,0,0,0.0000,0.0000,0.0000,0.0000,0.0000
2026-04-27T17:37:52.490,0.031,1,0.10,-1.70,0.00,0.00,1,-0.0162,0.0821,0.2930,0.0000,0.0000,0.0000,-131.75,-2.77,53.55,59.76,2,2,1.00000,1.00000,1.00000,1.00000,3,3,1,24.45246,0.00272,1.04143,0.0162,-0.0821,0.0070,0.0000,0.0000,0.0000,131.75,6.80,-5.31,1,1,0.0000,0.0000,0.3000,0.00,0.8300,0.4200,1.0000,6.50,180.00,1.050000,0.000000,0.000000,1.500000,0.000000,0.000000,1.200000,0.000000,0.000000,1.050000,0.000000,0.000000,1.350000,0.060000,0.000000,0.008000,0.000000,0.000600,0.008000,0.000000,0.000600,0.006000,0.000000,0.000000,1,1,1,2,229,377508,377508,207984,169523,0,61.00,11854,3059,0,0,0,0,0,0.00,0.00,0,0,0.0000,0.0000,0.0000,0.0000,0.0000
2026-04-27T17:37:52.509,0.050,1,0.10,-1.70,0.00,0.00,1,-0.0162,0.0821,0.2929,0.0000,0.0000,0.0000,-131.68,-3.79,83.81,61.80,3,3,1.00000,1.00000,1.00000,1.00000,3,3,1,24.40704,0.00269,1.03966,0.0162,-0.0821,0.0071,0.0000,0.0000,0.0000,131.68,6.98,-5.44,1,1,0.0000,0.0000,0.3000,0.00,0.8300,0.4200,1.0000,6.50,180.00,1.050000,0.000000,0.000000,1.500000,0.000000,0.000000,1.200000,0.000000,0.000000,1.050000,0.000000,0.000000,1.350000,0.060000,0.000000,0.008000,0.000000,0.000600,0.008000,0.000000,0.000600,0.006000,0.000000,0.000000,1,1,1,3,230,377508,377508,207984,169523,0,61.00,11854,3059,0,0,0,0,0,0.00,0.00,0,0,0.0000,0.0000,0.0000,0.0000,0.0000
2026-04-27T17:37:52.528,0.069,1,0.10,-1.70,0.00,0.00,1,-0.0163,0.0821,0.2929,0.0000,0.0000,0.0000,-131.68,0.00,48.17,56.10,4,4,1.00000,1.00000,1.00000,1.00000,3,3,1,24.44196,0.00282,1.04315,0.0163,-0.0821,0.0071,0.0000,0.0000,0.0000,131.68,7.08,-5.37,1,1,0.0000,0.0000,0.3000,0.00,0.8300,0.4200,1.0000,6.50,180.00,1.050000,0.000000,0.000000,1.500000,0.000000,0.000000,1.200000,0.000000,0.000000,1.050000,0.000000,0.000000,1.350000,0.060000,0.000000,0.008000,0.000000,0.000600,0.008000,0.000000,0.000600,0.006000,0.000000,0.000000,1,1,1,4,230,377508,377508,207984,169523,0,61.00,11854,3059,0,0,0,0,0,0.00,0.00,0,0,0.0000,0.0000,0.0000,0.0000,0.0000
2026-04-27T17:37:52.543,0.084,1,0.10,-1.70,0.00,0.00,1,-0.0163,0.0823,0.2928,0.0000,0.0000,0.0000,-131.68,0.00,53.47,63.24,5,5,1.00000,1.00000,1.00000,1.00000,3,3,1,24.43002,0.00282,1.04081,0.0163,-0.0823,0.0072,0.0000,0.0000,0.0000,131.68,7.30,-5.44,1,1,0.0000,0.0000,0.3000,0.00,0.8300,0.4200,1.0000,6.50,180.00,1.050000,0.000000,0.000000,1.500000,0.000000,0.000000,1.200000,0.000000,0.000000,1.050000,0.000000,0.000000,1.350000,0.060000,0.000000,0.008000,0.000000,0.000600,0.008000,0.000000,0.000600,0.006000,0.000000,0.000000,1,1,1,5,229,377508,377508,207984,169523,0,61.00,11854,3059,0,0,0,0,0,0.00,0.00,0,0,0.0000,0.0000,0.0000,0.0000,0.0000
2026-04-27T17:37:52.557,0.098,1,0.10,-1.70,0.00,0.00,1,-0.0162,0.0821,0.2930,0.0000,0.0000,0.0000,-131.75,4.98,74.34,58.87,6,6,1.00000,1.00000,1.00000,1.00000,3,3,1,24.45649,0.00275,1.04436,0.0162,-0.0821,0.0070,0.0000,0.0000,0.0000,131.75,7.04,-5.33,1,1,0.0000,0.0000,0.3000,0.00,0.8300,0.4200,1.0000,6.50,180.00,1.050000,0.000000,0.000000,1.500000,0.000000,0.000000,1.200000,0.000000,0.000000,1.050000,0.000000,0.000000,1.350000,0.060000,0.000000,0.008000,0.000000,0.000600,0.008000,0.000000,0.000600,0.006000,0.000000,0.000000,1,1,1,6,230,377508,377508,207984,169523,0,61.00,11854,3059,0,0,0,0,0,0.00,0.00,0,0,0.0000,0.0000,0.0000,0.0000,0.0000
2026-04-27T17:37:52.573,0.114,1,0.10,-1.70,0.00,0.00,1,-0.0161,0.0821,0.2927,0.0000,0.0000,0.0106,-131.65,-6.04,71.09,61.56,7,7,1.00000,1.00000,1.00000,1.00000,3,3,1,24.44513,0.00278,1.03974,0.0161,-0.0821,0.0073,0.0000,0.0000,0.0106,131.65,6.91,-5.53,1,1,0.0000,0.0000,0.3000,0.00,0.8300,0.4200,1.0000,6.50,180.00,1.050000,0.000000,0.000000,1.500000,0.000000,0.000000,1.200000,0.000000,0.000000,1.050000,0.000000,0.000000,1.350000,0.060000,0.000000,0.008000,0.000000,0.000600,0.008000,0.000000,0.000600,0.006000,0.000000,0.000000,1,1,1,7,234,377508,377508,207984,169523,0,61.00,11854,3059,0,0,0,0,0,0.00,0.00,0,0,0.0000,0.0000,0.0000,0.0000,0.0000
2026-04-27T17:37:52.591,0.132,1,0.10,-1.70,0.00,0.00,1,-0.0160,0.0820,0.2928,0.0000,0.0000,0.0000,-131.67,1.14,60.36,63.64,8,8,1.00000,1.00000,1.00000,1.00000,3,3,1,24.42977,0.00266,1.03846,0.0160,-0.0820,0.0072,0.0000,0.0000,0.0000,131.67,6.70,-5.58,1,1,0.0000,0.0000,0.3000,0.00,0.8300,0.4200,1.0000,6.50,180.00,1.050000,0.000000,0.000000,1.500000,0.000000,0.000000,1.200000,0.000000,0.000000,1.050000,0.000000,0.000000,1.350000,0.060000,0.000000,0.008000,0.000000,0.000600,0.008000,0.000000,0.000600,0.006000,0.000000,0.000000,1,1,1,8,229,377508,377508,207984,169523,0,61.00,11854,3059,0,0,0,0,0,0.00,0.00,0,0,0.0000,0.0000,0.0000,0.0000,0.0000
2026-04-27T17:37:52.609,0.150,1,0.10,-1.70,0.00,0.00,1,-0.0162,0.0820,0.2930,0.0000,0.0000,0.0000,-131.72,2.90,50.96,54.34,9,9,1.00000,1.00000,1.00000,1.00000,3,3,1,24.42515,0.00267,1.04368,0.0162,-0.0820,0.0070,0.0000,0.0000,0.0000,131.72,6.86,-5.48,1,1,0.0000,0.0000,0.3000,0.00,0.8300,0.4200,1.0000,6.50,180.00,1.050000,0.000000,0.000000,1.500000,0.000000,0.000000,1.200000,0.000000,0.000000,1.050000,0.000000,0.000000,1.350000,0.060000,0.000000,0.008000,0.000000,0.000600,0.008000,0.000000,0.000600,0.006000,0.000000,0.000000,1,1,1,9,230,377508,377508,207984,169523,0,61.00,11854,3059,0,0,0,0,0,0.00,0.00,0,0,0.0000,0.0000,0.0000,0.0000,0.0000
2026-04-27T17:37:52.626,0.167,1,0.10,-1.70,0.00,0.00,1,-0.0162,0.0822,0.2929,0.0000,0.0000,0.0000,-131.69,-1.80,57.99,61.59,10,10,1.00000,1.00000,1.00000,1.00000,3,3,1,24.41626,0.00275,1.04000,0.0162,-0.0822,0.0071,0.0000,0.0000,0.0000,131.69,6.99,-5.45,1,1,0.0000,0.0000,0.3000,0.00,0.8300,0.4200,1.0000,6.50,180.00,1.050000,0.000000,0.000000,1.500000,0.000000,0.000000,1.200000,0.000000,0.000000,1.050000,0.000000,0.000000,1.350000,0.060000,0.000000,0.008000,0.000000,0.000600,0.008000,0.000000,0.000600,0.006000,0.000000,0.000000,1,1,1,10,230,377508,377508,207984,169523,0,61.00,11854,3059,0,0,0,0,0,0.00,0.00,0,0,0.0000,0.0000,0.0000,0.0000,0.0000
2026-04-27T17:37:52.641,0.181,1,0.10,-1.70,0.00,0.00,1,-0.0161,0.0820,0.2930,0.0000,0.0000,0.0000,-131.70,0.63,60.00,69.66,11,11,1.00000,1.00000,1.00000,1.00000,3,3,1,24.44610,0.00275,1.04218,0.0161,-0.0820,0.0070,0.0000,0.0000,0.0000,131.70,6.91,-5.44,1,1,0.0000,0.0000,0.3000,0.00,0.8300,0.4200,1.0000,6.50,180.00,1.050000,0.000000,0.000000,1.500000,0.000000,0.000000,1.200000,0.000000,0.000000,1.050000,0.000000,0.000000,1.350000,0.060000,0.000000,0.008000,0.000000,0.000600,0.008000,0.000000,0.000600,0.006000,0.000000,0.000000,1,1,1,11,229,377508,377508,207984,169523,0,61.00,11854,3059,0,0,0,0,0,0.00,0.00,0,0,0.0000,0.0000,0.0000,0.0000,0.0000
2026-04-27T17:37:52.657,0.198,1,0.10,-1.70,0.00,0.00,1,-0.0161,0.0819,0.2929,0.0000,0.0000,0.0000,-131.71,0.61,72.52,54.49,12,12,1.00000,1.00000,1.00000,1.00000,3,3,1,24.44085,0.00267,1.03972,0.0161,-0.0819,0.0071,0.0000,0.0000,0.0000,131.71,6.74,-5.47,1,1,0.0000,0.0000,0.3000,0.00,0.8300,0.4200,1.0000,6.50,180.00,1.050000,0.000000,0.000000,1.500000,0.000000,0.000000,1.200000,0.000000,0.000000,1.050000,0.000000,0.000000,1.350000,0.060000,0.000000,0.008000,0.000000,0.000600,0.008000,0.000000,0.000600,0.006000,0.000000,0.000000,1,1,1,12,230,377508,377508,207984,169523,0,61.00,11854,3059,0,0,0,0,0,0.00,0.00,0,0,0.0000,0.0000,0.0000,0.0000,0.0000
2026-04-27T17:37:52.675,0.216,1,0.10,-1.70,0.00,0.00,1,-0.0162,0.0822,0.2928,0.0000,0.0000,0.0000,-131.67,-2.34,61.35,59.40,13,13,1.00000,1.00000,1.00000,1.00000,3,3,1,24.42611,0.00275,1.03968,0.0162,-0.0822,0.0072,0.0000,0.0000,0.0000,131.67,6.94,-5.44,1,1,0.0000,0.0000,0.3000,0.00,0.8300,0.4200,1.0000,6.50,180.00,1.050000,0.000000,0.000000,1.500000,0.000000,0.000000,1.200000,0.000000,0.000000,1.050000,0.000000,0.000000,1.350000,0.060000,0.000000,0.008000,0.000000,0.000600,0.008000,0.000000,0.000600,0.006000,0.000000,0.000000,1,1,1,13,230,377508,377508,207984,169523,0,61.00,11854,3059,0,0,0,0,0,0.00,0.00,0,0,0.0000,0.0000,0.0000,0.0000,0.0000
2026-04-27T17:37:52.693,0.234,1,0.10,-1.70,0.00,0.00,1,-0.0162,0.0820,0.2929,0.0000,0.0000,0.0000,-131.68,0.52,52.37,58.01,14,14,1.00000,1.00000,1.00000,1.00000,3,3,1,24.41865,0.00265,1.04083,0.0162,-0.0820,0.0071,0.0000,0.0000,0.0000,131.68,6.95,-5.48,1,1,0.0000,0.0000,0.3000,0.00,0.8300,0.4200,1.0000,6.50,180.00,1.050000,0.000000,0.000000,1.500000,0.000000,0.000000,1.200000,0.000000,0.000000,1.050000,0.000000,0.000000,1.350000,0.060000,0.000000,0.008000,0.000000,0.000600,0.008000,0.000000,0.000600,0.006000,0.000000,0.000000,1,1,1,14,230,377508,377508,207984,169523,0,61.00,11854,3059,0,0,0,0,0,0.00,0.00,0,0,0.0000,0.0000,0.0000,0.0000,0.0000
2026-04-27T17:37:52.709,0.250,1,0.10,-1.70,0.00,0.00,1,-0.0161,0.0821,0.2929,0.0000,0.0000,0.0000,-131.63,-3.23,54.91,62.91,15,15,1.00000,1.00000,1.00000,1.00000,3,3,1,24.42279,0.00274,1.03942,0.0161,-0.0821,0.0071,0.0000,0.0000,0.0000,131.63,6.92,-5.47,1,1,0.0000,0.0000,0.3000,0.00,0.8300,0.4200,1.0000,6.50,180.00,1.050000,0.000000,0.000000,1.500000,0.000000,0.000000,1.200000,0.000000,0.000000,1.050000,0.000000,0.000000,1.350000,0.060000,0.000000,0.008000,0.000000,0.000600,0.008000,0.000000,0.000600,0.006000,0.000000,0.000000,1,1,1,15,230,377508,377508,207984,169523,0,61.00,11854,3059,0,0,0,0,0,0.00,0.00,0,0,0.0000,0.0000,0.0000,0.0000,0.0000
2026-04-27T17:37:52.724,0.265,1,0.10,-1.70,0.00,0.00,1,-0.0163,0.0821,0.2929,0.0000,0.0000,0.0000,-131.63,0.00,66.63,61.10,16,16,1.00000,1.00000,1.00000,1.00000,3,3,1,24.35669,0.00258,1.03979,0.0163,-0.0821,0.0071,0.0000,0.0000,0.0000,131.63,7.06,-5.44,1,1,0.0000,0.0000,0.3000,0.00,0.8300,0.4200,1.0000,6.50,180.00,1.050000,0.000000,0.000000,1.500000,0.000000,0.000000,1.200000,0.000000,0.000000,1.050000,0.000000,0.000000,1.350000,0.060000,0.000000,0.008000,0.000000,0.000600,0.008000,0.000000,0.000600,0.006000,0.000000,0.000000,1,1,1,16,230,377508,377508,207984,169523,0,61.00,11854,3059,0,0,0,0,0,0.00,0.00,0,0,0.0000,0.0000,0.0000,0.0000,0.0000
2026-04-27T17:37:52.742,0.283,1,0.10,-1.70,0.00,0.00,1,-0.0163,0.0822,0.2927,0.0000,0.0000,0.0000,-131.62,-0.61,60.94,58.91,17,17,1.00000,1.00000,1.00000,1.00000,3,3,1,24.44043,0.00289,1.04216,0.0163,-0.0822,0.0073,0.0000,0.0000,0.0000,131.62,7.27,-5.56,1,1,0.0000,0.0000,0.3000,0.00,0.8300,0.4200,1.0000,6.50,180.00,1.050000,0.000000,0.000000,1.500000,0.000000,0.000000,1.200000,0.000000,0.000000,1.050000,0.000000,0.000000,1.350000,0.060000,0.000000,0.008000,0.000000,0.000600,0.008000,0.000000,0.000600,0.006000,0.000000,0.000000,1,1,1,17,230,377508,377508,207984,169523,0,61.00,11854,3059,0,0,0,0,0,0.00,0.00,0,0,0.0000,0.0000,0.0000,0.0000,0.0000
2026-04-27T17:37:52.758,0.299,1,0.10,-1.60,0.00,0.95,1,-0.0161,0.0821,0.2928,0.0000,0.0000,0.0000,-131.69,4.22,61.07,60.08,18,18,1.00000,1.00000,1.00000,1.00000,3,3,1,24.46872,0.00272,1.04018,0.0161,-0.0821,0.0072,0.0000,0.0000,0.0000,131.69,6.98,-5.50,1,1,0.0000,0.0000,0.3000,0.00,0.8300,0.4200,1.0000,6.50,180.00,1.050000,0.000000,0.000000,1.500000,0.000000,0.000000,1.200000,0.000000,0.000000,1.050000,0.000000,0.000000,1.350000,0.060000,0.000000,0.008000,0.000000,0.000600,0.008000,0.000000,0.000600,0.006000,0.000000,0.000000,1,1,1,18,229,377508,377508,207984,169523,0,61.00,11854,3059,0,0,0,0,0,0.00,0.00,0,0,0.0000,0.0000,0.0000,0.0000,0.0000
2026-04-27T17:37:52.774,0.315,1,0.10,-1.60,0.00,0.95,1,-0.0161,0.0820,0.2928,0.0000,0.0000,0.0000,-131.69,0.00,59.03,59.32,19,19,1.00000,1.00000,1.00000,1.00000,3,3,1,24.43961,0.00269,1.03959,0.0161,-0.0820,0.0072,0.0000,0.0000,0.0000,131.69,6.83,-5.54,1,1,0.0000,0.0000,0.3000,0.00,0.8300,0.4200,1.0000,6.50,180.00,1.050000,0.000000,0.000000,1.500000,0.000000,0.000000,1.200000,0.000000,0.000000,1.050000,0.000000,0.000000,1.350000,0.060000,0.000000,0.008000,0.000000,0.000600,0.008000,0.000000,0.000600,0.006000,0.000000,0.000000,1,1,1,19,230,377508,377508,207984,169523,0,61.00,11854,3059,0,0,0,0,0,0.00,0.00,0,0,0.0000,0.0000,0.0000,0.0000,0.0000
2026-04-27T17:37:52.794,0.335,1,0.10,-1.60,0.00,0.95,1,-0.0160,0.0820,0.2928,0.0000,0.0000,0.0000,-131.69,0.00,59.46,59.76,20,20,1.00000,1.00000,1.00000,1.00000,3,3,1,24.43560,0.00271,1.03951,0.0160,-0.0820,0.0072,0.0000,0.0000,0.0000,131.69,6.72,-5.54,1,1,0.0000,0.0000,0.3000,0.00,0.8300,0.4200,1.0000,6.50,180.00,1.050000,0.000000,0.000000,1.500000,0.000000,0.000000,1.200000,0.000000,0.000000,1.050000,0.000000,0.000000,1.350000,0.060000,0.000000,0.008000,0.000000,0.000600,0.008000,0.000000,0.000600,0.006000,0.000000,0.000000,1,1,1,20,230,377508,377508,207984,169523,0,61.00,11854,3059,0,0,0,0,0,0.00,0.00,0,0,0.0000,0.0000,0.0000,0.0000,0.0000
2026-04-27T17:37:52.808,0.349,1,0.10,-1.60,0.00,0.95,1,-0.0162,0.0822,0.2928,0.0000,0.0000,0.0000,-131.65,-2.72,52.56,61.00,21,21,1.00000,1.00000,1.00000,1.00000,3,3,1,24.42588,0.00287,1.04113,0.0162,-0.0822,0.0072,0.0000,0.0000,0.0000,131.65,7.08,-5.47,1,1,0.0000,0.0000,0.3000,0.00,0.8300,0.4200,1.0000,6.50,180.00,1.050000,0.000000,0.000000,1.500000,0.000000,0.000000,1.200000,0.000000,0.000000,1.050000,0.000000,0.000000,1.350000,0.060000,0.000000,0.008000,0.000000,0.000600,0.008000,0.000000,0.000600,0.006000,0.000000,0.000000,1,1,1,21,230,377508,377508,207984,169523,0,61.00,11854,3059,0,0,0,0,0,0.00,0.00,0,0,0.0000,0.0000,0.0000,0.0000,0.0000
2026-04-27T17:37:52.825,0.365,1,0.10,-1.60,0.00,0.95,1,-0.0161,0.0822,0.2927,0.0000,0.0000,0.0000,-131.66,0.58,67.81,59.02,22,22,1.00000,1.00000,1.00000,1.00000,3,3,1,24.41548,0.00259,1.03965,0.0161,-0.0822,0.0073,0.0000,0.0000,0.0000,131.66,6.98,-5.42,1,1,0.0000,0.0000,0.3000,0.00,0.8300,0.4200,1.0000,6.50,180.00,1.050000,0.000000,0.000000,1.500000,0.000000,0.000000,1.200000,0.000000,0.000000,1.050000,0.000000,0.000000,1.350000,0.060000,0.000000,0.008000,0.000000,0.000600,0.008000,0.000000,0.000600,0.006000,0.000000,0.000000,1,1,1,22,230,377508,377508,207984,169523,0,61.00,11854,3059,0,0,0,0,0,0.00,0.00,0,0,0.0000,0.0000,0.0000,0.0000,0.0000
2026-04-27T17:37:52.841,0.382,1,0.10,-1.60,0.00,0.95,1,-0.0163,0.0821,0.2930,0.0000,0.0000,0.0000,-131.72,3.65,62.10,63.48,23,23,1.00000,1.00000,1.00000,1.00000,3,3,1,24.44813,0.00262,1.04331,0.0163,-0.0821,0.0070,0.0000,0.0000,0.0000,131.72,7.00,-5.35,1,1,0.0000,0.0000,0.3000,0.00,0.8300,0.4200,1.0000,6.50,180.00,1.050000,0.000000,0.000000,1.500000,0.000000,0.000000,1.200000,0.000000,0.000000,1.050000,0.000000,0.000000,1.350000,0.060000,0.000000,0.008000,0.000000,0.000600,0.008000,0.000000,0.000600,0.006000,0.000000,0.000000,1,1,1,23,227,377508,377508,207984,169523,0,61.00,11854,3059,0,0,0,0,0,0.00,0.00,0,0,0.0000,0.0000,0.0000,0.0000,0.0000
2026-04-27T17:37:52.854,0.395,1,0.10,-1.60,0.00,0.95,1,-0.0162,0.0820,0.2930,0.0000,0.0000,0.0000,-131.77,3.97,64.80,57.02,24,24,1.00000,1.00000,1.00000,1.00000,3,3,1,24.46384,0.00266,1.04197,0.0162,-0.0820,0.0070,0.0000,0.0000,0.0000,131.77,6.79,-5.35,1,1,0.0000,0.0000,0.3000,0.00,0.8300,0.4200,1.0000,6.50,180.00,1.050000,0.000000,0.000000,1.500000,0.000000,0.000000,1.200000,0.000000,0.000000,1.050000,0.000000,0.000000,1.350000,0.060000,0.000000,0.008000,0.000000,0.000600,0.008000,0.000000,0.000600,0.006000,0.000000,0.000000,1,1,1,24,230,377508,377508,207984,169523,0,61.00,11854,3059,0,0,0,0,0,0.00,0.00,0,0,0.0000,0.0000,0.0000,0.0000,0.0000
2026-04-27T17:37:52.872,0.413,1,0.10,-1.60,0.00,0.00,1,-0.0162,0.0821,0.2928,0.0000,0.0000,0.0000,-131.75,-1.11,79.32,62.55,25,25,1.00000,1.00000,1.00000,1.00000,3,3,1,24.43763,0.00271,1.03956,0.0162,-0.0821,0.0072,0.0000,0.0000,0.0000,131.75,6.99,-5.39,1,1,0.0000,0.0000,0.3000,0.00,0.8300,0.4200,1.0000,6.50,180.00,1.050000,0.000000,0.000000,1.500000,0.000000,0.000000,1.200000,0.000000,0.000000,1.050000,0.000000,0.000000,1.350000,0.060000,0.000000,0.008000,0.000000,0.000600,0.008000,0.000000,0.000600,0.006000,0.000000,0.000000,1,1,1,25,230,377688,377688,208164,169523,0,60.00,12034,3742,0,0,0,0,0,0.00,0.00,0,0,0.0000,0.0000,0.0000,0.0000,0.0000
2026-04-27T17:37:52.888,0.429,1,0.10,-1.60,0.00,0.00,1,-0.0163,0.0821,0.2930,0.0000,0.0000,0.0000,-131.76,0.61,55.44,57.58,26,26,1.00000,1.00000,1.00000,1.00000,3,3,1,24.46925,0.00274,1.04496,0.0163,-0.0821,0.0070,0.0000,0.0000,0.0000,131.76,7.08,-5.33,1,1,0.0000,0.0000,0.3000,0.00,0.8300,0.4200,1.0000,6.50,180.00,1.050000,0.000000,0.000000,1.500000,0.000000,0.000000,1.200000,0.000000,0.000000,1.050000,0.000000,0.000000,1.350000,0.060000,0.000000,0.008000,0.000000,0.000600,0.008000,0.000000,0.000600,0.006000,0.000000,0.000000,1,1,1,26,230,377688,377688,208164,169523,0,60.00,12034,3742,0,0,0,0,0,0.00,0.00,0,0,0.0000,0.0000,0.0000,0.0000,0.0000
2026-04-27T17:37:52.907,0.448,1,0.10,-1.60,0.00,0.00,1,-0.0163,0.0822,0.2930,0.0000,0.0000,0.0000,-131.76,0.00,61.21,62.68,27,27,1.00000,1.00000,1.00000,1.00000,3,3,1,24.43035,0.00266,1.04319,0.0163,-0.0822,0.0070,0.0000,0.0000,0.0000,131.76,7.01,-5.34,1,1,0.0000,0.0000,0.3000,0.00,0.8300,0.4200,1.0000,6.50,180.00,1.050000,0.000000,0.000000,1.500000,0.000000,0.000000,1.200000,0.000000,0.000000,1.050000,0.000000,0.000000,1.350000,0.060000,0.000000,0.008000,0.000000,0.000600,0.008000,0.000000,0.000600,0.006000,0.000000,0.000000,1,1,1,27,227,377688,377688,208164,169523,0,60.00,12034,3742,0,0,0,0,0,0.00,0.00,0,0,0.0000,0.0000,0.0000,0.0000,0.0000
2026-04-27T17:37:52.925,0.466,1,0.10,-1.60,0.00,0.00,1,-0.0161,0.0820,0.2930,0.0000,0.0000,0.0000,-131.74,-1.18,53.20,57.54,28,28,1.00000,1.00000,1.00000,1.00000,3,3,1,24.40409,0.00260,1.03959,0.0161,-0.0820,0.0070,0.0000,0.0000,0.0000,131.74,6.79,-5.36,1,1,0.0000,0.0000,0.3000,0.00,0.8300,0.4200,1.0000,6.50,180.00,1.050000,0.000000,0.000000,1.500000,0.000000,0.000000,1.200000,0.000000,0.000000,1.050000,0.000000,0.000000,1.350000,0.060000,0.000000,0.008000,0.000000,0.000600,0.008000,0.000000,0.000600,0.006000,0.000000,0.000000,1,1,1,28,230,377688,377688,208164,169523,0,60.00,12034,3742,0,0,0,0,0,0.00,0.00,0,0,0.0000,0.0000,0.0000,0.0000,0.0000
2026-04-27T17:37:52.942,0.483,1,0.10,-1.60,0.00,0.00,1,-0.0162,0.0821,0.2930,0.0000,0.0000,0.0000,-131.75,0.60,52.13,61.13,29,29,1.00000,1.00000,1.00000,1.00000,3,3,1,24.49433,0.00276,1.04425,0.0162,-0.0821,0.0070,0.0000,0.0000,0.0000,131.75,6.96,-5.28,1,1,0.0000,0.0000,0.3000,0.00,0.8300,0.4200,1.0000,6.50,180.00,1.050000,0.000000,0.000000,1.500000,0.000000,0.000000,1.200000,0.000000,0.000000,1.050000,0.000000,0.000000,1.350000,0.060000,0.000000,0.008000,0.000000,0.000600,0.008000,0.000000,0.000600,0.006000,0.000000,0.000000,1,1,1,29,230,377688,377688,208164,169523,0,60.00,12034,3742,0,0,0,0,0,0.00,0.00,0,0,0.0000,0.0000,0.0000,0.0000,0.0000
2026-04-27T17:37:52.958,0.499,1,0.10,-1.60,0.00,0.00,1,-0.0161,0.0819,0.2929,0.0000,0.0000,0.0000,-131.77,1.19,60.13,60.00,30,30,1.00000,1.00000,1.00000,1.00000,3,3,1,24.43834,0.00256,1.04128,0.0161,-0.0819,0.0071,0.0000,0.0000,0.0000,131.77,6.75,-5.43,1,1,0.0000,0.0000,0.3000,0.00,0.8300,0.4200,1.0000,6.50,180.00,1.050000,0.000000,0.000000,1.500000,0.000000,0.000000,1.200000,0.000000,0.000000,1.050000,0.000000,0.000000,1.350000,0.060000,0.000000,0.008000,0.000000,0.000600,0.008000,0.000000,0.000600,0.006000,0.000000,0.000000,1,1,1,30,230,377688,377688,208164,169523,0,60.00,12034,3742,0,0,0,0,0,0.00,0.00,0,0,0.0000,0.0000,0.0000,0.0000,0.0000
2026-04-27T17:37:52.973,0.514,1,0.10,-1.60,0.00,0.00,1,-0.0163,0.0821,0.2930,0.0000,0.0000,0.0000,-131.74,-1.97,59.72,59.96,31,31,1.00000,1.00000,1.00000,1.00000,3,3,1,24.44035,0.00276,1.04403,0.0163,-0.0821,0.0070,0.0000,0.0000,0.0000,131.74,7.02,-5.32,1,1,0.0000,0.0000,0.3000,0.00,0.8300,0.4200,1.0000,6.50,180.00,1.050000,0.000000,0.000000,1.500000,0.000000,0.000000,1.200000,0.000000,0.000000,1.050000,0.000000,0.000000,1.350000,0.060000,0.000000,0.008000,0.000000,0.000600,0.008000,0.000000,0.000600,0.006000,0.000000,0.000000,1,1,1,31,230,377688,377688,208164,169523,0,60.00,12034,3742,0,0,0,0,0,0.00,0.00,0,0,0.0000,0.0000,0.0000,0.0000,0.0000
2026-04-27T17:37:52.992,0.533,1,0.10,-1.60,0.00,0.00,1,-0.0162,0.0822,0.2929,0.0000,0.0000,0.0000,-131.74,0.00,59.70,60.11,32,32,1.00000,1.00000,1.00000,1.00000,3,3,1,24.40906,0.00278,1.04320,0.0162,-0.0822,0.0071,0.0000,0.0000,0.0000,131.74,7.12,-5.39,1,1,0.0000,0.0000,0.3000,0.00,0.8300,0.4200,1.0000,6.50,180.00,1.050000,0.000000,0.000000,1.500000,0.000000,0.000000,1.200000,0.000000,0.000000,1.050000,0.000000,0.000000,1.350000,0.060000,0.000000,0.008000,0.000000,0.000600,0.008000,0.000000,0.000600,0.006000,0.000000,0.000000,1,1,1,32,230,377688,377688,208164,169523,0,60.00,12034,3742,31,0,0,0,12042,501.50,501.50,4,620,0.0000,0.5000,0.5000,0.0000,0.5000
2026-04-27T17:37:53.008,0.549,1,0.10,-1.60,0.00,0.00,1,-0.0161,0.0821,0.2929,0.0000,0.0000,0.0000,-131.77,1.80,64.00,59.97,33,33,1.00000,1.00000,1.00000,1.00000,3,3,1,24.46397,0.00270,1.04174,0.0161,-0.0821,0.0071,0.0000,0.0000,0.0000,131.77,6.89,-5.41,1,1,0.0000,0.0000,0.3000,0.00,0.8300,0.4200,1.0000,6.50,180.00,1.050000,0.000000,0.000000,1.500000,0.000000,0.000000,1.200000,0.000000,0.000000,1.050000,0.000000,0.000000,1.350000,0.060000,0.000000,0.008000,0.000000,0.000600,0.008000,0.000000,0.000600,0.006000,0.000000,0.000000,1,1,1,33,230,377688,377688,208164,169523,0,60.00,12034,3742,31,0,0,0,12042,501.50,501.50,4,620,0.0000,0.5000,0.5000,0.0000,0.5000
2026-04-27T17:37:53.025,0.566,1,0.10,-1.60,0.00,0.00,1,-0.0161,0.0820,0.2928,0.0000,0.0000,0.0000,-131.73,-2.43,60.20,60.80,34,34,1.00000,1.00000,1.00000,1.00000,3,3,1,24.42789,0.00267,1.03872,0.0161,-0.0820,0.0072,0.0000,0.0000,0.0000,131.73,6.87,-5.46,1,1,0.0000,0.0000,0.3000,0.00,0.8300,0.4200,1.0000,6.50,180.00,1.050000,0.000000,0.000000,1.500000,0.000000,0.000000,1.200000,0.000000,0.000000,1.050000,0.000000,0.000000,1.350000,0.060000,0.000000,0.008000,0.000000,0.000600,0.008000,0.000000,0.000600,0.006000,0.000000,0.000000,1,1,1,34,230,377688,377688,208164,169523,0,60.00,12034,3742,31,0,0,0,12042,501.50,501.50,4,620,0.0000,0.5000,0.5000,0.0000,0.5000
2026-04-27T17:37:53.041,0.582,1,0.10,-1.60,0.00,0.00,1,-0.0164,0.0822,0.2929,0.0000,0.0000,0.0000,-131.66,-4.26,57.28,59.28,35,35,1.00000,1.00000,1.00000,1.00000,3,3,1,24.37780,0.00272,1.04225,0.0164,-0.0822,0.0071,0.0000,0.0000,0.0000,131.66,7.29,-5.46,1,1,0.0000,0.0000,0.3000,0.00,0.8300,0.4200,1.0000,6.50,180.00,1.050000,0.000000,0.000000,1.500000,0.000000,0.000000,1.200000,0.000000,0.000000,1.050000,0.000000,0.000000,1.350000,0.060000,0.000000,0.008000,0.000000,0.000600,0.008000,0.000000,0.000600,0.006000,0.000000,0.000000,1,1,1,35,230,377688,377688,208164,169523,0,60.00,12034,3742,31,0,0,0,12042,501.50,501.50,4,620,0.0000,0.5000,0.5000,0.0000,0.5000
2026-04-27T17:37:53.057,0.598,1,0.10,-1.60,0.00,0.00,1,-0.0162,0.0821,0.2929,0.0000,0.0000,0.0000,-131.73,4.12,60.81,60.29,36,36,1.00000,1.00000,1.00000,1.00000,3,3,1,24.41960,0.00266,1.04111,0.0162,-0.0821,0.0071,0.0000,0.0000,0.0000,131.73,7.06,-5.43,1,1,0.0000,0.0000,0.3000,0.00,0.8300,0.4200,1.0000,6.50,180.00,1.050000,0.000000,0.000000,1.500000,0.000000,0.000000,1.200000,0.000000,0.000000,1.050000,0.000000,0.000000,1.350000,0.060000,0.000000,0.008000,0.000000,0.000600,0.008000,0.000000,0.000600,0.006000,0.000000,0.000000,1,1,1,36,230,377688,377688,208164,169523,0,60.00,12034,3742,31,0,0,0,12042,501.50,501.50,4,620,0.0000,0.5000,0.5000,0.0000,0.5000
2026-04-27T17:37:53.075,0.616,1,0.10,-1.60,0.00,0.00,1,-0.0161,0.0820,0.2929,0.0000,0.0000,0.0000,-131.77,2.41,55.38,58.42,37,37,1.00000,1.00000,1.00000,1.00000,3,3,1,24.47412,0.00268,1.04214,0.0161,-0.0820,0.0071,0.0000,0.0000,0.0000,131.77,6.81,-5.39,1,1,0.0000,0.0000,0.3000,0.00,0.8300,0.4200,1.0000,6.50,180.00,1.050000,0.000000,0.000000,1.500000,0.000000,0.000000,1.200000,0.000000,0.000000,1.050000,0.000000,0.000000,1.350000,0.060000,0.000000,0.008000,0.000000,0.000600,0.008000,0.000000,0.000600,0.006000,0.000000,0.000000,1,1,1,37,230,377688,377688,208164,169523,0,60.00,12034,3742,31,0,0,0,12042,501.50,501.50,4,620,0.0000,0.5000,0.5000,0.0000,0.5000
2026-04-27T17:37:53.092,0.633,1,0.10,-1.60,0.00,0.00,1,-0.0161,0.0820,0.2931,0.0000,0.0000,0.0000,-131.84,3.96,64.27,58.51,38,38,1.00000,1.00000,1.00000,1.00000,3,3,1,24.42675,0.00257,1.04275,0.0161,-0.0820,0.0069,0.0000,0.0000,0.0000,131.84,6.72,-5.27,1,1,0.0000,0.0000,0.3000,0.00,0.8300,0.4200,1.0000,6.50,180.00,1.050000,0.000000,0.000000,1.500000,0.000000,0.000000,1.200000,0.000000,0.000000,1.050000,0.000000,0.000000,1.350000,0.060000,0.000000,0.008000,0.000000,0.000600,0.008000,0.000000,0.000600,0.006000,0.000000,0.000000,1,1,1,38,230,377688,377688,208164,169523,0,60.00,12034,3742,31,0,0,0,12042,501.50,501.50,4,620,0.0000,0.5000,0.5000,0.0000,0.5000
2026-04-27T17:37:53.108,0.649,1,0.10,-1.60,0.00,0.00,1,-0.0161,0.0820,0.2931,0.0000,0.0000,0.0000,-131.80,-2.64,56.61,63.44,39,39,1.00000,1.00000,1.00000,1.00000,3,3,1,24.41984,0.00272,1.04368,0.0161,-0.0820,0.0069,0.0000,0.0000,0.0000,131.80,6.79,-5.35,1,1,0.0000,0.0000,0.3000,0.00,0.8300,0.4200,1.0000,6.50,180.00,1.050000,0.000000,0.000000,1.500000,0.000000,0.000000,1.200000,0.000000,0.000000,1.050000,0.000000,0.000000,1.350000,0.060000,0.000000,0.008000,0.000000,0.000600,0.008000,0.000000,0.000600,0.006000,0.000000,0.000000,1,1,1,39,229,377688,377688,208164,169523,0,60.00,12034,3742,31,0,0,0,12042,501.50,501.50,4,620,0.0000,0.5000,0.5000,0.0000,0.5000
2026-04-27T17:37:53.125,0.666,1,0.10,-1.60,0.00,0.00,1,-0.0163,0.0820,0.2931,0.0000,0.0000,0.0000,-131.77,-1.77,65.10,58.56,40,40,1.00000,1.00000,1.00000,1.00000,3,3,1,24.41048,0.00256,1.04270,0.0163,-0.0820,0.0069,0.0000,0.0000,0.0000,131.77,6.86,-5.38,1,1,0.0000,0.0000,0.3000,0.00,0.8300,0.4200,1.0000,6.50,180.00,1.050000,0.000000,0.000000,1.500000,0.000000,0.000000,1.200000,0.000000,0.000000,1.050000,0.000000,0.000000,1.350000,0.060000,0.000000,0.008000,0.000000,0.000600,0.008000,0.000000,0.000600,0.006000,0.000000,0.000000,1,1,1,40,230,377688,377688,208164,169523,0,60.00,12034,3742,31,0,0,0,12042,501.50,501.50,4,620,0.0000,0.5000,0.5000,0.0000,0.5000
2026-04-27T17:37:53.141,0.682,1,0.10,-1.60,0.00,0.00,1,-0.0162,0.0819,0.2931,0.0000,0.0000,0.0000,-131.77,0.00,59.33,62.02,41,41,1.00000,1.00000,1.00000,1.00000,3,3,1,24.45636,0.00270,1.04354,0.0162,-0.0819,0.0069,0.0000,0.0000,0.0000,131.77,6.81,-5.37,1,1,0.0000,0.0000,0.3000,0.00,0.8300,0.4200,1.0000,6.50,180.00,1.050000,0.000000,0.000000,1.500000,0.000000,0.000000,1.200000,0.000000,0.000000,1.050000,0.000000,0.000000,1.350000,0.060000,0.000000,0.008000,0.000000,0.000600,0.008000,0.000000,0.000600,0.006000,0.000000,0.000000,1,1,1,41,230,377688,377688,208164,169523,0,60.00,12034,3742,31,0,0,0,12042,501.50,501.50,4,620,0.0000,0.5000,0.5000,0.0000,0.5000
2026-04-27T17:37:53.154,0.695,1,0.10,-1.60,0.00,0.00,1,-0.0163,0.0821,0.2930,0.0000,0.0000,0.0000,-131.69,-5.82,59.68,64.40,42,42,1.00000,1.00000,1.00000,1.00000,3,3,1,24.40672,0.00275,1.04205,0.0163,-0.0821,0.0070,0.0000,0.0000,0.0000,131.69,7.13,-5.41,1,1,0.0000,0.0000,0.3000,0.00,0.8300,0.4200,1.0000,6.50,180.00,1.050000,0.000000,0.000000,1.500000,0.000000,0.000000,1.200000,0.000000,0.000000,1.050000,0.000000,0.000000,1.350000,0.060000,0.000000,0.008000,0.000000,0.000600,0.008000,0.000000,0.000600,0.006000,0.000000,0.000000,1,1,1,42,230,377688,377688,208164,169523,0,60.00,12034,3742,31,0,0,0,12042,501.50,501.50,4,620,0.0000,0.5000,0.5000,0.0000,0.5000
2026-04-27T17:37:53.174,0.715,1,0.10,-1.60,0.00,0.00,1,-0.0161,0.0820,0.2929,0.0000,0.0000,0.0000,-131.69,0.00,85.65,57.42,43,43,1.00000,1.00000,1.00000,1.00000,3,3,1,24.44357,0.00268,1.03968,0.0161,-0.0820,0.0071,0.0000,0.0000,0.0000,131.69,6.89,-5.45,1,1,0.0000,0.0000,0.3000,0.00,0.8300,0.4200,1.0000,6.50,180.00,1.050000,0.000000,0.000000,1.500000,0.000000,0.000000,1.200000,0.000000,0.000000,1.050000,0.000000,0.000000,1.350000,0.060000,0.000000,0.008000,0.000000,0.000600,0.008000,0.000000,0.000600,0.006000,0.000000,0.000000,1,1,1,43,230,377688,377688,208164,169523,0,60.00,12034,3742,31,0,0,0,12042,501.50,501.50,4,620,0.0000,0.5000,0.5000,0.0000,0.5000
2026-04-27T17:37:53.192,0.733,1,0.10,-1.60,0.00,0.00,1,-0.0162,0.0820,0.2929,0.0000,0.0000,0.0000,-131.65,-2.23,46.97,57.13,44,44,1.00000,1.00000,1.00000,1.00000,3,3,1,24.42003,0.00267,1.03873,0.0162,-0.0820,0.0071,0.0000,0.0000,0.0000,131.65,6.95,-5.46,1,1,0.0000,0.0000,0.3000,0.00,0.8300,0.4200,1.0000,6.50,180.00,1.050000,0.000000,0.000000,1.500000,0.000000,0.000000,1.200000,0.000000,0.000000,1.050000,0.000000,0.000000,1.350000,0.060000,0.000000,0.008000,0.000000,0.000600,0.008000,0.000000,0.000600,0.006000,0.000000,0.000000,1,1,1,44,230,377688,377688,208164,169523,0,60.00,12034,3742,31,0,0,0,12042,501.50,501.50,4,620,0.0000,0.5000,0.5000,0.0000,0.5000
2026-04-27T17:37:53.208,0.749,1,0.10,-1.60,0.00,0.00,1,-0.0163,0.0823,0.2928,0.0000,0.0000,0.0000,-131.64,-0.63,55.83,61.46,45,45,1.00000,1.00000,1.00000,1.00000,3,3,1,24.41929,0.00284,1.04181,0.0163,-0.0823,0.0072,0.0000,0.0000,0.0000,131.64,7.28,-5.47,1,1,0.0000,0.0000,0.3000,0.00,0.8300,0.4200,1.0000,6.50,180.00,1.050000,0.000000,0.000000,1.500000,0.000000,0.000000,1.200000,0.000000,0.000000,1.050000,0.000000,0.000000,1.350000,0.060000,0.000000,0.008000,0.000000,0.000600,0.008000,0.000000,0.000600,0.006000,0.000000,0.000000,1,1,1,45,230,377688,377688,208164,169523,0,60.00,12034,3742,31,0,0,0,12042,501.50,501.50,4,620,0.0000,0.5000,0.5000,0.0000,0.5000
2026-04-27T17:37:53.225,0.766,1,0.10,-1.60,0.00,0.00,1,-0.0165,0.0821,0.2929,0.0000,0.0000,0.0000,-131.63,-0.60,63.45,58.67,46,46,1.00000,1.00000,1.00000,1.00000,3,3,1,24.42051,0.00260,1.04171,0.0165,-0.0821,0.0071,0.0000,0.0000,0.0000,131.63,7.38,-5.46,1,1,0.0000,0.0000,0.3000,0.00,0.8300,0.4200,1.0000,6.50,180.00,1.050000,0.000000,0.000000,1.500000,0.000000,0.000000,1.200000,0.000000,0.000000,1.050000,0.000000,0.000000,1.350000,0.060000,0.000000,0.008000,0.000000,0.000600,0.008000,0.000000,0.000600,0.006000,0.000000,0.000000,1,1,1,46,230,377688,377688,208164,169523,0,60.00,12034,3742,31,0,0,0,12042,501.50,501.50,4,620,0.0000,0.5000,0.5000,0.0000,0.5000
2026-04-27T17:37:53.241,0.781,1,0.10,-1.60,0.00,0.00,1,-0.0165,0.0822,0.2929,0.0000,0.0000,0.0000,-131.62,-0.59,60.36,61.03,47,47,1.00000,1.00000,1.00000,1.00000,3,3,1,24.42824,0.00271,1.04164,0.0165,-0.0822,0.0071,0.0000,0.0000,0.0000,131.62,7.47,-5.45,1,1,0.0000,0.0000,0.3000,0.00,0.8300,0.4200,1.0000,6.50,180.00,1.050000,0.000000,0.000000,1.500000,0.000000,0.000000,1.200000,0.000000,0.000000,1.050000,0.000000,0.000000,1.350000,0.060000,0.000000,0.008000,0.000000,0.000600,0.008000,0.000000,0.000600,0.006000,0.000000,0.000000,1,1,1,47,230,377688,377688,208164,169523,0,60.00,12034,3742,31,0,0,0,12042,501.50,501.50,4,620,0.0000,0.5000,0.5000,0.0000,0.5000
2026-04-27T17:37:53.257,0.798,1,0.10,-1.60,0.00,0.00,1,-0.0162,0.0820,0.2929,0.0000,0.0000,0.0000,-131.64,1.20,61.13,59.92,48,48,1.00000,1.00000,1.00000,1.00000,3,3,1,24.42612,0.00264,1.03984,0.0162,-0.0820,0.0071,0.0000,0.0000,0.0000,131.64,7.05,-5.44,1,1,0.0000,0.0000,0.3000,0.00,0.8300,0.4200,1.0000,6.50,180.00,1.050000,0.000000,0.000000,1.500000,0.000000,0.000000,1.200000,0.000000,0.000000,1.050000,0.000000,0.000000,1.350000,0.060000,0.000000,0.008000,0.000000,0.000600,0.008000,0.000000,0.000600,0.006000,0.000000,0.000000,1,1,1,48,230,377688,377688,208164,169523,0,60.00,12034,3742,31,0,0,0,12042,501.50,501.50,4,620,0.0000,0.5000,0.5000,0.0000,0.5000
2026-04-27T17:37:53.274,0.815,1,0.10,-1.60,0.00,0.00,1,-0.0161,0.0820,0.2929,0.0000,0.0000,0.0000,-131.74,6.22,65.75,59.26,49,49,1.00000,1.00000,1.00000,1.00000,3,3,1,24.45656,0.00259,1.04198,0.0161,-0.0820,0.0071,0.0000,0.0000,0.0000,131.74,6.79,-5.40,1,1,0.0000,0.0000,0.3000,0.00,0.8300,0.4200,1.0000,6.50,180.00,1.050000,0.000000,0.000000,1.500000,0.000000,0.000000,1.200000,0.000000,0.000000,1.050000,0.000000,0.000000,1.350000,0.060000,0.000000,0.008000,0.000000,0.000600,0.008000,0.000000,0.000600,0.006000,0.000000,0.000000,1,1,1,49,229,377688,377688,208164,169523,0,60.00,12034,3742,31,0,0,0,12042,501.50,501.50,4,620,0.0000,0.5000,0.5000,0.0000,0.5000
2026-04-27T17:37:53.293,0.834,1,0.10,-1.60,0.00,0.00,1,-0.0161,0.0820,0.2928,0.0000,0.0000,0.0000,-131.67,-3.82,55.24,60.83,50,50,1.00000,1.00000,1.00000,1.00000,3,3,1,24.42989,0.00274,1.03923,0.0161,-0.0820,0.0072,0.0000,0.0000,0.0000,131.67,6.86,-5.52,1,1,0.0000,0.0000,0.3000,0.00,0.8300,0.4200,1.0000,6.50,180.00,1.050000,0.000000,0.000000,1.500000,0.000000,0.000000,1.200000,0.000000,0.000000,1.050000,0.000000,0.000000,1.350000,0.060000,0.000000,0.008000,0.000000,0.000600,0.008000,0.000000,0.000600,0.006000,0.000000,0.000000,1,1,1,50,230,377688,377688,208164,169523,0,60.00,12034,3742,31,0,0,0,12042,501.50,501.50,4,620,0.0000,0.5000,0.5000,0.0000,0.5000
2026-04-27T17:37:53.302,0.843,1,0.10,-1.60,0.00,0.00,1,-0.0163,0.0824,0.2925,0.0000,-0.0203,0.0152,-131.50,-17.08,54.55,62.07,51,51,1.00000,1.00000,1.00000,1.00000,3,3,1,24.38049,0.00277,1.04125,0.0163,-0.0824,0.0075,0.0000,-0.0203,0.0152,131.50,7.35,-5.53,1,1,0.0000,0.0000,0.3000,0.00,0.8300,0.4200,1.0000,6.50,180.00,1.050000,0.000000,0.000000,1.500000,0.000000,0.000000,1.200000,0.000000,0.000000,1.050000,0.000000,0.000000,1.350000,0.060000,0.000000,0.008000,0.000000,0.000600,0.008000,0.000000,0.000600,0.006000,0.000000,0.000000,1,1,1,51,237,377688,377688,208164,169523,0,60.00,12034,3742,31,0,0,0,12042,501.50,501.50,4,620,0.0000,0.5000,0.5000,0.0000,0.5000
2026-04-27T17:37:53.325,0.866,1,0.10,-1.60,0.00,0.00,1,-0.0164,0.0822,0.2929,0.0000,0.0000,0.0000,-131.64,6.37,125.71,60.11,52,52,1.00000,1.00000,1.00000,1.00000,3,3,1,24.46925,0.00274,1.04496,0.0164,-0.0822,0.0071,0.0000,0.0000,0.0000,131.64,7.26,-5.40,1,1,0.0000,0.0000,0.3000,0.00,0.8300,0.4200,1.0000,6.50,180.00,1.050000,0.000000,0.000000,1.500000,0.000000,0.000000,1.200000,0.000000,0.000000,1.050000,0.000000,0.000000,1.350000,0.060000,0.000000,0.008000,0.000000,0.000600,0.008000,0.000000,0.000600,0.006000,0.000000,0.000000,1,1,1,52,229,377688,377688,208164,169523,0,60.00,12034,3742,31,0,0,0,12042,501.50,501.50,4,620,0.0000,0.5000,0.5000,0.0000,0.5000
2026-04-27T17:37:53.337,0.878,1,0.10,-1.60,0.00,0.00,1,-0.0164,0.0821,0.2930,0.0000,0.0000,0.0000,-131.61,-2.28,41.68,58.07,53,53,1.00000,1.00000,1.00000,1.00000,3,3,1,24.39620,0.00261,1.04055,0.0164,-0.0821,0.0070,0.0000,0.0000,0.0000,131.61,7.24,-5.40,1,1,0.0000,0.0000,0.3000,0.00,0.8300,0.4200,1.0000,6.50,180.00,1.050000,0.000000,0.000000,1.500000,0.000000,0.000000,1.200000,0.000000,0.000000,1.050000,0.000000,0.000000,1.350000,0.060000,0.000000,0.008000,0.000000,0.000600,0.008000,0.000000,0.000600,0.006000,0.000000,0.000000,1,1,1,53,229,377688,377688,208164,169523,0,60.00,12034,3742,31,0,0,0,12042,501.50,501.50,4,620,0.0000,0.5000,0.5000,0.0000,0.5000
2026-04-27T17:37:53.359,0.900,1,0.10,-1.60,0.00,0.00,1,-0.0162,0.0820,0.2930,0.0000,0.0000,0.0000,-131.66,2.55,58.55,59.37,54,54,1.00000,1.00000,1.00000,1.00000,3,3,1,24.44148,0.00262,1.04354,0.0162,-0.0820,0.0070,0.0000,0.0000,0.0000,131.66,6.92,-5.45,1,1,0.0000,0.0000,0.3000,0.00,0.8300,0.4200,1.0000,6.50,180.00,1.050000,0.000000,0.000000,1.500000,0.000000,0.000000,1.200000,0.000000,0.000000,1.050000,0.000000,0.000000,1.350000,0.060000,0.000000,0.008000,0.000000,0.000600,0.008000,0.000000,0.000600,0.006000,0.000000,0.000000,1,1,1,54,230,377688,377688,208164,169523,0,60.00,12034,3742,31,0,0,0,12042,501.50,501.50,4,620,0.0000,0.5000,0.5000,0.0000,0.5000
2026-04-27T17:37:53.375,0.916,1,0.10,-1.60,0.00,0.00,1,-0.0161,0.0819,0.2930,0.0000,0.0000,0.0000,-131.72,3.39,61.07,59.03,55,55,1.00000,1.00000,1.00000,1.00000,3,3,1,24.43604,0.00261,1.04105,0.0161,-0.0819,0.0070,0.0000,0.0000,0.0000,131.72,6.72,-5.44,1,1,0.0000,0.0000,0.3000,0.00,0.8300,0.4200,1.0000,6.50,180.00,1.050000,0.000000,0.000000,1.500000,0.000000,0.000000,1.200000,0.000000,0.000000,1.050000,0.000000,0.000000,1.350000,0.060000,0.000000,0.008000,0.000000,0.000600,0.008000,0.000000,0.000600,0.006000,0.000000,0.000000,1,1,1,55,230,377688,377688,208164,169523,0,60.00,12034,3742,31,0,0,0,12042,501.50,501.50,4,620,0.0000,0.5000,0.5000,0.0000,0.5000
2026-04-27T17:37:53.391,0.932,1,0.10,-1.60,0.00,0.00,1,-0.0161,0.0820,0.2928,0.0000,0.0000,0.0000,-131.75,1.85,62.63,61.69,56,56,1.00000,1.00000,1.00000,1.00000,3,3,1,24.45465,0.00268,1.03995,0.0161,-0.0820,0.0072,0.0000,0.0000,0.0000,131.75,6.62,-5.45,1,1,0.0000,0.0000,0.3000,0.00,0.8300,0.4200,1.0000,6.50,180.00,1.050000,0.000000,0.000000,1.500000,0.000000,0.000000,1.200000,0.000000,0.000000,1.050000,0.000000,0.000000,1.350000,0.060000,0.000000,0.008000,0.000000,0.000600,0.008000,0.000000,0.000600,0.006000,0.000000,0.000000,1,1,1,56,230,377688,377688,208164,169523,0,60.00,12034,3742,31,0,0,0,12042,501.50,501.50,4,620,0.0000,0.5000,0.5000,0.0000,0.5000
2026-04-27T17:37:53.408,0.949,1,0.10,-1.60,0.00,0.00,1,-0.0161,0.0821,0.2929,0.0000,0.0000,0.0000,-131.71,-2.42,56.92,60.05,57,57,1.00000,1.00000,1.00000,1.00000,3,3,1,24.41213,0.00277,1.04103,0.0161,-0.0821,0.0071,0.0000,0.0000,0.0000,131.71,6.84,-5.46,1,1,0.0000,0.0000,0.3000,0.00,0.8300,0.4200,1.0000,6.50,180.00,1.050000,0.000000,0.000000,1.500000,0.000000,0.000000,1.200000,0.000000,0.000000,1.050000,0.000000,0.000000,1.350000,0.060000,0.000000,0.008000,0.000000,0.000600,0.008000,0.000000,0.000600,0.006000,0.000000,0.000000,1,1,1,57,230,377688,377688,208164,169523,0,60.00,12034,3742,31,0,0,0,12042,501.50,501.50,4,620,0.0000,0.5000,0.5000,0.0000,0.5000
2026-04-27T17:37:53.425,0.966,1,0.10,-1.60,0.00,0.00,1,-0.0163,0.0821,0.2929,0.0000,0.0000,0.0000,-131.73,1.17,62.41,58.42,58,58,1.00000,1.00000,1.00000,1.00000,3,3,1,24.43348,0.00266,1.04179,0.0163,-0.0821,0.0071,0.0000,0.0000,0.0000,131.73,6.99,-5.45,1,1,0.0000,0.0000,0.3000,0.00,0.8300,0.4200,1.0000,6.50,180.00,1.050000,0.000000,0.000000,1.500000,0.000000,0.000000,1.200000,0.000000,0.000000,1.050000,0.000000,0.000000,1.350000,0.060000,0.000000,0.008000,0.000000,0.000600,0.008000,0.000000,0.000600,0.006000,0.000000,0.000000,1,1,1,58,230,377688,377688,208164,169523,0,60.00,12034,3742,31,0,0,0,12042,501.50,501.50,4,620,0.0000,0.5000,0.5000,0.0000,0.5000
2026-04-27T17:37:53.438,0.979,1,0.10,-1.60,0.00,0.00,1,-0.0164,0.0821,0.2930,0.0000,0.0000,0.0000,-131.67,-4.35,61.31,66.81,59,59,1.00000,1.00000,1.00000,1.00000,3,3,1,24.42066,0.00256,1.04135,0.0164,-0.0821,0.0070,0.0000,0.0000,0.0000,131.67,7.12,-5.40,1,1,0.0000,0.0000,0.3000,0.00,0.8300,0.4200,1.0000,6.50,180.00,1.050000,0.000000,0.000000,1.500000,0.000000,0.000000,1.200000,0.000000,0.000000,1.050000,0.000000,0.000000,1.350000,0.060000,0.000000,0.008000,0.000000,0.000600,0.008000,0.000000,0.000600,0.006000,0.000000,0.000000,1,1,1,59,229,377688,377688,208164,169523,0,60.00,12034,3742,31,0,0,0,12042,501.50,501.50,4,620,0.0000,0.5000,0.5000,0.0000,0.5000
2026-04-27T17:37:53.449,0.990,1,0.10,-1.60,0.00,0.00,1,-0.0162,0.0820,0.2929,0.0000,0.0000,0.0000,-131.67,0.00,78.23,66.07,60,60,1.00000,1.00000,1.00000,1.00000,3,3,1,24.44115,0.00281,1.04071,0.0162,-0.0820,0.0071,0.0000,0.0000,0.0000,131.67,7.01,-5.47,1,1,0.0000,0.0000,0.3000,0.00,0.8300,0.4200,1.0000,6.50,180.00,1.050000,0.000000,0.000000,1.500000,0.000000,0.000000,1.200000,0.000000,0.000000,1.050000,0.000000,0.000000,1.350000,0.060000,0.000000,0.008000,0.000000,0.000600,0.008000,0.000000,0.000600,0.006000,0.000000,0.000000,1,1,1,60,227,377688,377688,208164,169523,0,60.00,12034,3742,31,0,0,0,12042,501.50,501.50,4,620,0.0000,0.5000,0.5000,0.0000,0.5000
2026-04-27T17:37:53.469,1.010,1,0.10,-1.60,0.00,0.00,1,-0.0163,0.0822,0.2930,0.0000,0.0000,0.0000,-131.60,-3.54,86.01,50.55,61,61,1.00000,1.00000,1.00000,1.00000,3,3,1,24.38602,0.00279,1.04176,0.0163,-0.0822,0.0070,0.0000,0.0000,0.0000,131.60,7.30,-5.44,1,1,0.0000,0.0000,0.3000,0.00,0.8300,0.4200,1.0000,6.50,180.00,1.050000,0.000000,0.000000,1.500000,0.000000,0.000000,1.200000,0.000000,0.000000,1.050000,0.000000,0.000000,1.350000,0.060000,0.000000,0.008000,0.000000,0.000600,0.008000,0.000000,0.000600,0.006000,0.000000,0.000000,1,1,1,61,228,377688,377688,208164,169523,0,60.00,12034,3742,31,0,0,0,12042,501.50,501.50,4,620,0.0000,0.5000,0.5000,0.0000,0.5000
2026-04-27T17:37:53.487,1.028,1,0.10,-1.60,0.00,0.00,1,-0.0165,0.0823,0.2931,0.0000,0.0000,0.0000,-131.62,1.10,50.55,60.36,62,62,1.00000,1.00000,1.00000,1.00000,3,3,1,24.41635,0.00275,1.04612,0.0165,-0.0823,0.0069,0.0000,0.0000,0.0000,131.62,7.53,-5.37,1,1,0.0000,0.0000,0.3000,0.00,0.8300,0.4200,1.0000,6.50,180.00,1.050000,0.000000,0.000000,1.500000,0.000000,0.000000,1.200000,0.000000,0.000000,1.050000,0.000000,0.000000,1.350000,0.060000,0.000000,0.008000,0.000000,0.000600,0.008000,0.000000,0.000600,0.006000,0.000000,0.000000,1,1,1,62,230,377688,377688,208164,169523,0,60.00,12034,3742,31,0,0,0,12042,501.50,501.50,4,620,0.0000,0.5000,0.5000,0.0000,0.5000
2026-04-27T17:37:53.505,1.045,1,0.10,-1.60,0.00,0.00,1,-0.0164,0.0820,0.2930,0.0000,0.0000,0.0000,-131.66,2.32,55.18,60.03,63,63,1.00000,1.00000,1.00000,1.00000,3,3,1,24.43135,0.00257,1.03950,0.0164,-0.0820,0.0070,0.0000,0.0000,0.0000,131.66,7.25,-5.41,1,1,0.0000,0.0000,0.3000,0.00,0.8300,0.4200,1.0000,6.50,180.00,1.050000,0.000000,0.000000,1.500000,0.000000,0.000000,1.200000,0.000000,0.000000,1.050000,0.000000,0.000000,1.350000,0.060000,0.000000,0.008000,0.000000,0.000600,0.008000,0.000000,0.000600,0.006000,0.000000,0.000000,1,1,1,63,230,377688,377688,208164,169523,0,60.00,12034,3742,31,0,0,0,12042,501.50,501.50,4,620,0.0000,0.5000,0.5000,0.0000,0.5000
2026-04-27T17:37:53.523,1.064,1,0.10,-1.60,0.00,0.00,1,-0.0162,0.0821,0.2929,0.0000,0.0000,0.0000,-131.69,1.59,57.92,61.46,64,64,1.00000,1.00000,1.00000,1.00000,3,3,1,24.43147,0.00274,1.04029,0.0162,-0.0821,0.0071,0.0000,0.0000,0.0000,131.69,7.06,-5.38,1,1,0.0000,0.0000,0.3000,0.00,0.8300,0.4200,1.0000,6.50,180.00,1.050000,0.000000,0.000000,1.500000,0.000000,0.000000,1.200000,0.000000,0.000000,1.050000,0.000000,0.000000,1.350000,0.060000,0.000000,0.008000,0.000000,0.000600,0.008000,0.000000,0.000600,0.006000,0.000000,0.000000,1,1,1,64,230,377688,377688,208164,169523,0,60.00,12034,3742,31,0,0,0,12042,501.50,501.50,4,620,0.0000,0.5000,0.5000,0.0000,0.5000
2026-04-27T17:37:53.541,1.082,1,0.10,-1.60,0.00,0.00,1,-0.0164,0.0821,0.2930,0.0000,0.0000,0.0000,-131.68,-0.57,53.09,59.47,65,65,1.00000,1.00000,1.00000,1.00000,3,3,1,24.40009,0.00267,1.04369,0.0164,-0.0821,0.0070,0.0000,0.0000,0.0000,131.68,7.28,-5.38,1,1,0.0000,0.0000,0.3000,0.00,0.8300,0.4200,1.0000,6.50,180.00,1.050000,0.000000,0.000000,1.500000,0.000000,0.000000,1.200000,0.000000,0.000000,1.050000,0.000000,0.000000,1.350000,0.060000,0.000000,0.008000,0.000000,0.000600,0.008000,0.000000,0.000600,0.006000,0.000000,0.000000,1,1,1,65,230,377688,377688,208164,169523,0,60.00,12034,3742,31,0,0,0,12042,501.50,501.50,4,620,0.0000,0.5000,0.5000,0.0000,0.5000
2026-04-27T17:37:53.558,1.099,1,0.10,-1.60,0.00,0.00,1,-0.0164,0.0822,0.2929,0.0000,0.0000,0.0000,-131.68,0.00,54.42,60.09,66,66,1.00000,1.00000,1.00000,1.00000,3,3,1,24.44368,0.00264,1.04299,0.0164,-0.0822,0.0071,0.0000,0.0000,0.0000,131.68,7.26,-5.40,1,1,0.0000,0.0000,0.3000,0.00,0.8300,0.4200,1.0000,6.50,180.00,1.050000,0.000000,0.000000,1.500000,0.000000,0.000000,1.200000,0.000000,0.000000,1.050000,0.000000,0.000000,1.350000,0.060000,0.000000,0.008000,0.000000,0.000600,0.008000,0.000000,0.000600,0.006000,0.000000,0.000000,1,1,1,66,229,377688,377688,208164,169523,0,60.00,12034,3742,31,0,0,0,12042,501.50,501.50,4,620,0.0000,0.5000,0.5000,0.0000,0.5000
2026-04-27T17:37:53.575,1.116,1,0.10,-1.60,0.00,0.00,1,-0.0165,0.0822,0.2930,0.0000,0.0000,0.0000,-131.70,1.14,57.63,58.32,67,67,1.00000,1.00000,1.00000,1.00000,3,3,1,24.43118,0.00263,1.04333,0.0165,-0.0822,0.0070,0.0000,0.0000,0.0000,131.70,7.30,-5.35,1,1,0.0000,0.0000,0.3000,0.00,0.8300,0.4200,1.0000,6.50,180.00,1.050000,0.000000,0.000000,1.500000,0.000000,0.000000,1.200000,0.000000,0.000000,1.050000,0.000000,0.000000,1.350000,0.060000,0.000000,0.008000,0.000000,0.000600,0.008000,0.000000,0.000600,0.006000,0.000000,0.000000,1,1,1,67,228,377688,377688,208164,169523,0,60.00,12034,3742,31,0,0,0,12042,501.50,501.50,4,620,0.0000,0.5000,0.5000,0.0000,0.5000
2026-04-27T17:37:53.592,1.133,1,0.10,-1.60,0.00,0.00,1,-0.0162,0.0821,0.2930,0.0000,0.0000,0.0000,-131.73,1.70,59.42,60.76,68,68,1.00000,1.00000,1.00000,1.00000,3,3,1,24.40065,0.00260,1.04239,0.0162,-0.0821,0.0070,0.0000,0.0000,0.0000,131.73,7.01,-5.36,1,1,0.0000,0.0000,0.3000,0.00,0.8300,0.4200,1.0000,6.50,180.00,1.050000,0.000000,0.000000,1.500000,0.000000,0.000000,1.200000,0.000000,0.000000,1.050000,0.000000,0.000000,1.350000,0.060000,0.000000,0.008000,0.000000,0.000600,0.008000,0.000000,0.000600,0.006000,0.000000,0.000000,1,1,1,68,227,377688,377688,208164,169523,0,60.00,12034,3742,31,0,0,0,12042,501.50,501.50,4,620,0.0000,0.5000,0.5000,0.0000,0.5000
2026-04-27T17:37:53.609,1.150,1,0.10,-1.60,0.00,0.00,1,-0.0164,0.0822,0.2929,0.0000,0.0000,0.0000,-131.70,-1.97,55.61,59.85,69,69,1.00000,1.00000,1.00000,1.00000,3,3,1,24.42045,0.00266,1.04195,0.0164,-0.0822,0.0071,0.0000,0.0000,0.0000,131.70,7.23,-5.36,1,1,0.0000,0.0000,0.3000,0.00,0.8300,0.4200,1.0000,6.50,180.00,1.050000,0.000000,0.000000,1.500000,0.000000,0.000000,1.200000,0.000000,0.000000,1.050000,0.000000,0.000000,1.350000,0.060000,0.000000,0.008000,0.000000,0.000600,0.008000,0.000000,0.000600,0.006000,0.000000,0.000000,1,1,1,69,229,377688,377688,208164,169523,0,60.00,12034,3742,31,0,0,0,12042,501.50,501.50,4,620,0.0000,0.5000,0.5000,0.0000,0.5000
2026-04-27T17:37:53.625,1.166,1,0.10,-1.60,0.00,0.00,1,-0.0164,0.0821,0.2930,0.0000,0.0000,0.0000,-131.63,-5.86,63.87,67.26,70,70,1.00000,1.00000,1.00000,1.00000,3,3,1,24.42052,0.00279,1.04264,0.0164,-0.0821,0.0070,0.0000,0.0000,0.0000,131.63,7.35,-5.44,1,1,0.0000,0.0000,0.3000,0.00,0.8300,0.4200,1.0000,6.50,180.00,1.050000,0.000000,0.000000,1.500000,0.000000,0.000000,1.200000,0.000000,0.000000,1.050000,0.000000,0.000000,1.350000,0.060000,0.000000,0.008000,0.000000,0.000600,0.008000,0.000000,0.000600,0.006000,0.000000,0.000000,1,1,1,70,230,377688,377688,208164,169523,0,60.00,12034,3742,31,0,0,0,12042,501.50,501.50,4,620,0.0000,0.5000,0.5000,0.0000,0.5000
2026-04-27T17:37:53.637,1.178,1,0.10,-1.60,0.00,0.00,1,-0.0161,0.0820,0.2930,0.0000,0.0000,0.0000,-131.69,3.39,64.38,58.35,71,71,1.00000,1.00000,1.00000,1.00000,3,3,1,24.42459,0.00264,1.04219,0.0161,-0.0820,0.0070,0.0000,0.0000,0.0000,131.69,6.94,-5.43,1,1,0.0000,0.0000,0.3000,0.00,0.8300,0.4200,1.0000,6.50,180.00,1.050000,0.000000,0.000000,1.500000,0.000000,0.000000,1.200000,0.000000,0.000000,1.050000,0.000000,0.000000,1.350000,0.060000,0.000000,0.008000,0.000000,0.000600,0.008000,0.000000,0.000600,0.006000,0.000000,0.000000,1,1,1,71,230,377688,377688,208164,169523,0,60.00,12034,3742,31,0,0,0,12042,501.50,501.50,4,620,0.0000,0.5000,0.5000,0.0000,0.5000
2026-04-27T17:37:53.656,1.197,1,0.10,-1.60,0.00,0.00,1,-0.0160,0.0819,0.2929,0.0000,0.0000,0.0000,-131.70,0.52,82.70,55.37,72,72,1.00000,1.00000,1.00000,1.00000,3,3,1,24.44695,0.00265,1.03841,0.0160,-0.0819,0.0071,0.0000,0.0000,0.0000,131.70,6.71,-5.47,1,1,0.0000,0.0000,0.3000,0.00,0.8300,0.4200,1.0000,6.50,180.00,1.050000,0.000000,0.000000,1.500000,0.000000,0.000000,1.200000,0.000000,0.000000,1.050000,0.000000,0.000000,1.350000,0.060000,0.000000,0.008000,0.000000,0.000600,0.008000,0.000000,0.000600,0.006000,0.000000,0.000000,1,1,1,72,229,377688,377688,208164,169523,0,60.00,12034,3742,31,0,0,0,12042,501.50,501.50,4,620,0.0000,0.5000,0.5000,0.0000,0.5000
2026-04-27T17:37:53.674,1.215,1,0.10,-1.60,0.00,0.00,1,-0.0160,0.0819,0.2929,0.0000,0.0000,0.0000,-131.74,2.28,52.28,59.51,73,73,1.00000,1.00000,1.00000,1.00000,3,3,1,24.43604,0.00261,1.04105,0.0160,-0.0819,0.0071,0.0000,0.0000,0.0000,131.74,6.62,-5.45,1,1,0.0000,0.0000,0.3000,0.00,0.8300,0.4200,1.0000,6.50,180.00,1.050000,0.000000,0.000000,1.500000,0.000000,0.000000,1.200000,0.000000,0.000000,1.050000,0.000000,0.000000,1.350000,0.060000,0.000000,0.008000,0.000000,0.000600,0.008000,0.000000,0.000600,0.006000,0.000000,0.000000,1,1,1,73,230,377688,377688,208164,169523,0,60.00,12034,3742,31,0,0,0,12042,501.50,501.50,4,620,0.0000,0.5000,0.5000,0.0000,0.5000
2026-04-27T17:37:53.691,1.231,1,0.10,-1.60,0.00,0.00,1,-0.0161,0.0819,0.2929,0.0000,0.0000,0.0000,-131.79,3.00,51.40,61.92,74,74,1.00000,1.00000,1.00000,1.00000,3,3,1,24.45521,0.00261,1.04125,0.0161,-0.0819,0.0071,0.0000,0.0000,0.0000,131.79,6.57,-5.44,1,1,0.0000,0.0000,0.3000,0.00,0.8300,0.4200,1.0000,6.50,180.00,1.050000,0.000000,0.000000,1.500000,0.000000,0.000000,1.200000,0.000000,0.000000,1.050000,0.000000,0.000000,1.350000,0.060000,0.000000,0.008000,0.000000,0.000600,0.008000,0.000000,0.000600,0.006000,0.000000,0.000000,1,1,1,74,230,377688,377688,208164,169523,0,60.00,12034,3742,31,0,0,0,12042,501.50,501.50,4,620,0.0000,0.5000,0.5000,0.0000,0.5000
2026-04-27T17:37:53.707,1.248,1,0.10,-1.60,0.00,0.00,1,-0.0163,0.0821,0.2928,0.0000,0.0000,0.0000,-131.73,-3.55,61.52,59.92,75,75,1.00000,1.00000,1.00000,1.00000,3,3,1,24.41718,0.00274,1.04061,0.0163,-0.0821,0.0072,0.0000,0.0000,0.0000,131.73,6.91,-5.51,1,1,0.0000,0.0000,0.3000,0.00,0.8300,0.4200,1.0000,6.50,180.00,1.050000,0.000000,0.000000,1.500000,0.000000,0.000000,1.200000,0.000000,0.000000,1.050000,0.000000,0.000000,1.350000,0.060000,0.000000,0.008000,0.000000,0.000600,0.008000,0.000000,0.000600,0.006000,0.000000,0.000000,1,1,1,75,230,377688,377688,208164,169523,0,60.00,12034,3742,31,0,0,0,12042,501.50,501.50,4,620,0.0000,0.5000,0.5000,0.0000,0.5000
2026-04-27T17:37:53.728,1.268,1,0.10,-1.60,0.00,0.00,1,-0.0162,0.0822,0.2928,0.0000,0.0000,0.0000,-131.72,-0.51,60.58,62.04,76,76,1.00000,1.00000,1.00000,1.00000,3,3,1,24.42177,0.00275,1.03917,0.0162,-0.0822,0.0072,0.0000,0.0000,0.0000,131.72,6.91,-5.50,1,1,0.0000,0.0000,0.3000,0.00,0.8300,0.4200,1.0000,6.50,180.00,1.050000,0.000000,0.000000,1.500000,0.000000,0.000000,1.200000,0.000000,0.000000,1.050000,0.000000,0.000000,1.350000,0.060000,0.000000,0.008000,0.000000,0.000600,0.008000,0.000000,0.000600,0.006000,0.000000,0.000000,1,1,1,76,229,377688,377688,208164,169523,0,60.00,12034,3742,31,0,0,0,12042,501.50,501.50,4,620,0.0000,0.5000,0.5000,0.0000,0.5000
2026-04-27T17:37:53.741,1.282,1,0.10,-1.60,0.00,0.00,1,-0.0163,0.0822,0.2928,0.0000,0.0000,0.0000,-131.68,-3.13,49.85,58.26,77,77,1.00000,1.00000,1.00000,1.00000,3,3,1,24.45111,0.00271,1.04216,0.0163,-0.0822,0.0072,0.0000,0.0000,0.0000,131.68,7.12,-5.45,1,1,0.0000,0.0000,0.3000,0.00,0.8300,0.4200,1.0000,6.50,180.00,1.050000,0.000000,0.000000,1.500000,0.000000,0.000000,1.200000,0.000000,0.000000,1.050000,0.000000,0.000000,1.350000,0.060000,0.000000,0.008000,0.000000,0.000600,0.008000,0.000000,0.000600,0.006000,0.000000,0.000000,1,1,1,77,230,377688,377688,208164,169523,0,60.00,12034,3742,31,0,0,0,12042,501.50,501.50,4,620,0.0000,0.5000,0.5000,0.0000,0.5000
2026-04-27T17:37:53.753,1.294,1,0.10,-1.60,0.00,0.00,1,-0.0162,0.0820,0.2931,0.0000,0.0000,-0.0104,-131.71,2.30,74.99,63.58,78,78,1.00000,1.00000,1.00000,1.00000,3,3,1,24.41253,0.00261,1.04177,0.0162,-0.0820,0.0069,0.0000,0.0000,-0.0104,131.71,6.89,-5.38,1,1,0.0000,0.0000,0.3000,0.00,0.8300,0.4200,1.0000,6.50,180.00,1.050000,0.000000,0.000000,1.500000,0.000000,0.000000,1.200000,0.000000,0.000000,1.050000,0.000000,0.000000,1.350000,0.060000,0.000000,0.008000,0.000000,0.000600,0.008000,0.000000,0.000600,0.006000,0.000000,0.000000,1,1,1,78,234,377688,377688,208164,169523,0,60.00,12034,3742,31,0,0,0,12042,501.50,501.50,4,620,0.0000,0.5000,0.5000,0.0000,0.5000
2026-04-27T17:37:53.771,1.312,1,0.10,-1.60,0.00,0.00,1,-0.0162,0.0820,0.2931,0.0000,0.0000,0.0000,-131.70,-0.56,90.53,58.42,79,79,1.00000,1.00000,1.00000,1.00000,3,3,1,24.40313,0.00263,1.04231,0.0162,-0.0820,0.0069,0.0000,0.0000,0.0000,131.70,6.87,-5.42,1,1,0.0000,0.0000,0.3000,0.00,0.8300,0.4200,1.0000,6.50,180.00,1.050000,0.000000,0.000000,1.500000,0.000000,0.000000,1.200000,0.000000,0.000000,1.050000,0.000000,0.000000,1.350000,0.060000,0.000000,0.008000,0.000000,0.000600,0.008000,0.000000,0.000600,0.006000,0.000000,0.000000,1,1,1,79,229,377688,377688,208164,169523,0,60.00,12034,3742,31,0,0,0,12042,501.50,501.50,4,620,0.0000,0.5000,0.5000,0.0000,0.5000
2026-04-27T17:37:53.790,1.331,1,0.10,-1.60,0.00,0.00,1,-0.0161,0.0819,0.2931,0.0000,0.0000,0.0000,-131.76,3.14,56.39,56.89,80,80,1.00000,1.00000,1.00000,1.00000,3,3,1,24.45235,0.00254,1.04156,0.0161,-0.0819,0.0069,0.0000,0.0000,0.0000,131.76,6.59,-5.38,1,1,0.0000,0.0000,0.3000,0.00,0.8300,0.4200,1.0000,6.50,180.00,1.050000,0.000000,0.000000,1.500000,0.000000,0.000000,1.200000,0.000000,0.000000,1.050000,0.000000,0.000000,1.350000,0.060000,0.000000,0.008000,0.000000,0.000600,0.008000,0.000000,0.000600,0.006000,0.000000,0.000000,1,1,1,80,230,377688,377688,208164,169523,0,60.00,12034,3742,31,0,0,0,12042,501.50,501.50,4,620,0.0000,0.5000,0.5000,0.0000,0.5000
2026-04-27T17:37:53.808,1.349,1,0.10,-1.60,0.00,0.00,1,-0.0163,0.0822,0.2926,0.0000,-0.0116,0.0160,-131.28,-28.39,52.31,61.23,81,81,1.00000,1.00000,1.00000,1.00000,3,3,1,24.47314,0.00277,1.04041,0.0163,-0.0822,0.0074,0.0000,-0.0116,0.0160,131.28,7.00,-5.67,1,1,0.0000,0.0000,0.3000,0.00,0.8300,0.4200,1.0000,6.50,180.00,1.050000,0.000000,0.000000,1.500000,0.000000,0.000000,1.200000,0.000000,0.000000,1.050000,0.000000,0.000000,1.350000,0.060000,0.000000,0.008000,0.000000,0.000600,0.008000,0.000000,0.000600,0.006000,0.000000,0.000000,1,1,1,81,236,377688,377688,208164,169523,0,60.00,12034,3742,31,0,0,0,12042,501.50,501.50,4,620,0.0000,0.5000,0.5000,0.0000,0.5000
2026-04-27T17:37:53.825,1.366,1,0.10,-1.60,0.00,0.00,1,-0.0167,0.0824,0.2922,0.0142,0.0000,0.0165,-130.04,-73.41,52.87,62.21,82,82,1.00000,1.00000,1.00000,1.00000,3,3,1,24.40130,0.00303,1.03504,0.0167,-0.0824,0.0078,0.0142,0.0000,0.0165,130.04,6.90,-6.13,1,1,0.0000,0.0000,0.3000,0.00,0.8300,0.4200,1.0000,6.50,180.00,1.050000,0.000000,0.000000,1.500000,0.000000,0.000000,1.200000,0.000000,0.000000,1.050000,0.000000,0.000000,1.350000,0.060000,0.000000,0.008000,0.000000,0.000600,0.008000,0.000000,0.000600,0.006000,0.000000,0.000000,1,1,1,82,237,377688,377688,208164,169523,0,60.00,12034,3742,31,0,0,0,12042,501.50,501.50,4,620,0.0000,0.5000,0.5000,0.0000,0.5000
2026-04-27T17:37:53.841,1.382,1,0.10,-1.60,0.00,0.00,1,-0.0169,0.0824,0.2922,0.0124,0.0000,0.0000,-127.99,-124.98,62.71,59.98,83,83,1.00000,1.00000,1.00000,1.00000,3,3,1,24.28294,0.00274,1.03335,0.0169,-0.0824,0.0078,0.0124,0.0000,0.0000,127.99,6.18,-6.68,1,1,0.0000,0.0000,0.3000,0.00,0.8300,0.4200,1.0000,6.50,180.00,1.050000,0.000000,0.000000,1.500000,0.000000,0.000000,1.200000,0.000000,0.000000,1.050000,0.000000,0.000000,1.350000,0.060000,0.000000,0.008000,0.000000,0.000600,0.008000,0.000000,0.000600,0.006000,0.000000,0.000000,1,1,1,83,234,377688,377688,208164,169523,0,60.00,12034,3742,31,0,0,0,12042,501.50,501.50,4,620,0.0000,0.5000,0.5000,0.0000,0.5000
2026-04-27T17:37:53.858,1.399,1,0.10,-1.60,0.00,0.00,1,-0.0174,0.0825,0.2920,0.0229,0.0000,0.0126,-124.63,-196.78,57.31,58.16,84,84,1.00000,1.00000,1.00000,1.00000,3,3,1,24.33228,0.00283,1.02766,0.0174,-0.0825,0.0080,0.0229,0.0000,0.0126,124.63,5.21,-7.93,1,1,0.0000,0.0000,0.3000,0.00,0.8300,0.4200,1.0000,6.50,180.00,1.050000,0.000000,0.000000,1.500000,0.000000,0.000000,1.200000,0.000000,0.000000,1.050000,0.000000,0.000000,1.350000,0.060000,0.000000,0.008000,0.000000,0.000600,0.008000,0.000000,0.000600,0.006000,0.000000,0.000000,1,1,1,84,238,377748,377748,208225,169523,0,60.00,12094,3160,31,0,0,0,12042,501.50,501.50,4,620,0.0000,0.5000,0.5000,0.0000,0.5000
2026-04-27T17:37:53.871,1.412,1,0.10,-1.60,0.00,0.00,1,-0.0180,0.0837,0.2916,0.0292,-0.0483,0.0195,-120.20,-321.59,62.61,59.92,85,85,1.00000,1.00000,1.00000,1.00000,3,3,1,24.39173,0.00288,1.03377,0.0180,-0.0837,0.0084,0.0292,-0.0483,0.0195,120.20,4.97,-8.46,1,1,0.0000,0.0000,0.3000,0.00,0.8300,0.4200,1.0000,6.50,180.00,1.050000,0.000000,0.000000,1.500000,0.000000,0.000000,1.200000,0.000000,0.000000,1.050000,0.000000,0.000000,1.350000,0.060000,0.000000,0.008000,0.000000,0.000600,0.008000,0.000000,0.000600,0.006000,0.000000,0.000000,1,1,1,85,242,377748,377748,208225,169523,0,60.00,12094,3160,31,0,0,0,12042,501.50,501.50,4,620,0.0000,0.5000,0.5000,0.0000,0.5000
2026-04-27T17:37:53.887,1.428,1,0.10,-1.60,0.00,0.00,1,-0.0185,0.0843,0.2916,0.0309,-0.0353,0.0000,-114.78,-345.28,58.41,61.96,86,86,1.00000,1.00000,1.00000,1.00000,3,3,1,24.23180,0.00294,1.03996,0.0185,-0.0843,0.0084,0.0309,-0.0353,0.0000,114.78,4.07,-9.61,1,1,0.0000,0.0000,0.3000,0.00,0.8300,0.4200,1.0000,6.50,180.00,1.050000,0.000000,0.000000,1.500000,0.000000,0.000000,1.200000,0.000000,0.000000,1.050000,0.000000,0.000000,1.350000,0.060000,0.000000,0.008000,0.000000,0.000600,0.008000,0.000000,0.000600,0.006000,0.000000,0.000000,1,1,1,86,239,377748,377748,208225,169523,0,60.00,12094,3160,31,0,0,0,12042,501.50,501.50,4,620,0.0000,0.5000,0.5000,0.0000,0.5000
2026-04-27T17:37:53.906,1.447,1,0.10,-1.60,0.00,0.00,1,-0.0194,0.0855,0.2904,0.0389,-0.0538,0.0411,-108.37,-323.98,88.12,57.34,87,87,1.00000,1.00000,1.00000,1.00000,3,3,1,24.37229,0.00301,1.05098,0.0194,-0.0855,0.0096,0.0389,-0.0538,0.0411,108.37,3.13,-11.21,1,1,0.0000,0.0000,0.3000,0.00,0.8300,0.4200,1.0000,6.50,180.00,1.050000,0.000000,0.000000,1.500000,0.000000,0.000000,1.200000,0.000000,0.000000,1.050000,0.000000,0.000000,1.350000,0.060000,0.000000,0.008000,0.000000,0.000600,0.008000,0.000000,0.000600,0.006000,0.000000,0.000000,1,1,1,87,243,377748,377748,208225,169523,0,60.00,12094,3160,31,0,0,0,12042,501.50,501.50,4,620,0.0000,0.5000,0.5000,0.0000,0.5000
2026-04-27T17:37:53.925,1.466,1,-0.19,-2.00,-2.89,-3.97,1,-0.0205,0.0869,0.2884,0.0549,-0.0694,0.0839,-101.30,-418.14,45.56,62.84,88,88,1.00000,1.00000,1.00000,1.00000,3,3,1,24.28727,0.00345,1.06167,0.0205,-0.0869,0.0116,0.0549,-0.0694,0.0839,101.30,2.52,-12.85,1,1,0.0000,0.0000,0.3000,0.00,0.8300,0.4200,1.0000,6.50,180.00,1.050000,0.000000,0.000000,1.500000,0.000000,0.000000,1.200000,0.000000,0.000000,1.050000,0.000000,0.000000,1.350000,0.060000,0.000000,0.008000,0.000000,0.000600,0.008000,0.000000,0.000600,0.006000,0.000000,0.000000,1,1,1,88,243,377748,377748,208225,169523,0,60.00,12094,3160,31,0,0,0,12042,501.50,501.50,4,620,0.0000,0.5000,0.5000,0.0000,0.5000
2026-04-27T17:37:53.941,1.482,1,-0.19,-2.00,-2.89,-3.97,1,-0.0208,0.0875,0.2861,0.0298,-0.0478,0.1086,-94.16,-406.18,59.41,58.23,89,89,1.00000,1.00000,1.00000,1.00000,3,3,1,24.24018,0.00306,1.06980,0.0208,-0.0875,0.0139,0.0298,-0.0478,0.1086,94.16,0.87,-13.57,1,1,0.0000,0.0000,0.3000,0.00,0.8300,0.4200,1.0000,6.50,180.00,1.050000,0.000000,0.000000,1.500000,0.000000,0.000000,1.200000,0.000000,0.000000,1.050000,0.000000,0.000000,1.350000,0.060000,0.000000,0.008000,0.000000,0.000600,0.008000,0.000000,0.000600,0.006000,0.000000,0.000000,1,1,1,89,242,377748,377748,208225,169523,0,60.00,12094,3160,31,0,0,0,12042,501.50,501.50,4,620,0.0000,0.5000,0.5000,0.0000,0.5000
2026-04-27T17:37:53.958,1.499,1,-0.19,-2.00,-2.89,-3.97,1,-0.0205,0.0886,0.2825,0.0000,-0.0615,0.1671,-87.20,-428.49,59.25,60.12,90,90,1.00000,1.00000,1.00000,1.00000,3,3,1,24.22620,0.00289,1.07537,0.0205,-0.0886,0.0175,0.0000,-0.0615,0.1671,87.20,0.13,-12.88,1,1,0.0000,0.0000,0.3000,0.00,0.8300,0.4200,1.0000,6.50,180.00,1.050000,0.000000,0.000000,1.500000,0.000000,0.000000,1.200000,0.000000,0.000000,1.050000,0.000000,0.000000,1.350000,0.060000,0.000000,0.008000,0.000000,0.000600,0.008000,0.000000,0.000600,0.006000,0.000000,0.000000,1,1,1,90,238,377748,377748,208225,169523,0,60.00,12094,3160,31,0,0,0,12042,501.50,501.50,4,620,0.0000,0.5000,0.5000,0.0000,0.5000
2026-04-27T17:37:53.971,1.512,1,-0.19,-2.00,-2.89,-3.97,1,-0.0204,0.0894,0.2772,0.0000,-0.0527,0.2507,-80.68,-456.95,59.32,61.86,91,91,1.00000,1.00000,1.00000,1.00000,3,3,1,24.18059,0.00291,1.08067,0.0204,-0.0894,0.0228,0.0000,-0.0527,0.2507,80.68,-1.42,-12.16,1,1,0.0000,0.0000,0.3000,0.00,0.8300,0.4200,1.0000,6.50,180.00,1.050000,0.000000,0.000000,1.500000,0.000000,0.000000,1.200000,0.000000,0.000000,1.050000,0.000000,0.000000,1.350000,0.060000,0.000000,0.008000,0.000000,0.000600,0.008000,0.000000,0.000600,0.006000,0.000000,0.000000,1,1,1,91,239,377748,377748,208225,169523,0,60.00,12094,3160,31,0,0,0,12042,501.50,501.50,4,620,0.0000,0.5000,0.5000,0.0000,0.5000
2026-04-27T17:37:53.991,1.532,1,-0.19,-2.00,-2.89,-3.97,1,-0.0210,0.0894,0.2714,0.0246,-0.0201,0.2824,-74.98,-304.72,81.53,60.37,92,92,1.00000,1.00000,1.00000,1.00000,3,3,1,23.94323,0.00287,1.08438,0.0210,-0.0894,0.0286,0.0246,-0.0201,0.2824,74.98,-3.29,-11.73,1,1,0.0000,0.0000,0.3000,0.00,0.8300,0.4200,1.0000,6.50,180.00,1.050000,0.000000,0.000000,1.500000,0.000000,0.000000,1.200000,0.000000,0.000000,1.050000,0.000000,0.000000,1.350000,0.060000,0.000000,0.008000,0.000000,0.000600,0.008000,0.000000,0.000600,0.006000,0.000000,0.000000,1,1,1,92,243,377748,377748,208225,169523,0,60.00,12094,3160,91,0,0,0,12102,502.51,502.51,5,866,0.0000,0.4960,0.5100,0.8690,0.7680
2026-04-27T17:37:54.007,1.548,1,-0.19,-2.00,-2.89,-3.97,1,-0.0210,0.0903,0.2632,0.0000,-0.0485,0.4097,-69.73,-323.26,48.28,60.64,93,93,1.00000,1.00000,1.00000,1.00000,3,3,1,23.85205,0.00297,1.08364,0.0210,-0.0903,0.0368,0.0000,-0.0485,0.4097,69.73,-3.95,-11.29,1,1,0.0000,0.0000,0.3000,0.00,0.8300,0.4200,1.0000,6.50,180.00,1.050000,0.000000,0.000000,1.500000,0.000000,0.000000,1.200000,0.000000,0.000000,1.050000,0.000000,0.000000,1.350000,0.060000,0.000000,0.008000,0.000000,0.000600,0.008000,0.000000,0.000600,0.006000,0.000000,0.000000,1,1,1,93,238,377748,377748,208225,169523,0,60.00,12094,3160,91,0,0,0,12102,502.51,502.51,5,866,0.0000,0.4960,0.5100,0.8690,0.7680
2026-04-27T17:37:54.023,1.564,1,-0.30,-3.70,-1.00,-16.47,1,-0.0207,0.0917,0.2530,0.0000,-0.0699,0.5245,-64.91,-285.37,60.88,58.74,94,94,1.00000,1.00000,1.00000,1.00000,3,3,1,23.55928,0.00308,1.09438,0.0207,-0.0917,0.0470,0.0000,-0.0699,0.5245,64.91,-4.06,-10.86,1,1,0.0000,0.0000,0.3000,0.00,0.8300,0.4200,1.0000,6.50,180.00,1.050000,0.000000,0.000000,1.500000,0.000000,0.000000,1.200000,0.000000,0.000000,1.050000,0.000000,0.000000,1.350000,0.060000,0.000000,0.008000,0.000000,0.000600,0.008000,0.000000,0.000600,0.006000,0.000000,0.000000,1,1,1,94,239,377748,377748,208225,169523,0,60.00,12094,3160,91,0,0,0,12102,502.51,502.51,5,866,0.0000,0.4960,0.5100,0.8690,0.7680
2026-04-27T17:37:54.041,1.582,1,-0.30,-3.70,-1.00,-16.47,1,-0.0208,0.0927,0.2413,0.0000,-0.0577,0.5831,-60.88,-238.71,58.76,60.67,95,95,1.00000,1.00000,1.00000,1.00000,3,3,1,23.26740,0.00316,1.09778,0.0208,-0.0927,0.0587,0.0000,-0.0577,0.5831,60.88,-4.42,-10.52,1,1,0.0000,0.0000,0.3000,0.00,0.8300,0.4200,1.0000,6.50,180.00,1.050000,0.000000,0.000000,1.500000,0.000000,0.000000,1.200000,0.000000,0.000000,1.050000,0.000000,0.000000,1.350000,0.060000,0.000000,0.008000,0.000000,0.000600,0.008000,0.000000,0.000600,0.006000,0.000000,0.000000,1,1,1,95,240,377748,377748,208225,169523,0,60.00,12094,3160,91,0,0,0,12102,502.51,502.51,5,866,0.0000,0.4960,0.5100,0.8690,0.7680
2026-04-27T17:37:54.058,1.599,1,-0.30,-3.70,-1.00,-16.47,1,-0.0209,0.0933,0.2283,0.0000,-0.0488,0.6922,-57.41,-210.20,60.31,60.09,96,96,1.00000,1.00000,1.00000,1.00000,3,3,1,23.03486,0.00310,1.09906,0.0209,-0.0933,0.0717,0.0000,-0.0488,0.6922,57.41,-5.02,-10.32,1,1,0.0000,0.0000,0.3000,0.00,0.8300,0.4200,1.0000,6.50,180.00,1.050000,0.000000,0.000000,1.500000,0.000000,0.000000,1.200000,0.000000,0.000000,1.050000,0.000000,0.000000,1.350000,0.060000,0.000000,0.008000,0.000000,0.000600,0.008000,0.000000,0.000600,0.006000,0.000000,0.000000,1,1,1,96,240,377748,377748,208225,169523,0,60.00,12094,3160,91,0,0,0,12102,502.51,502.51,5,866,0.0000,0.4960,0.5100,0.8690,0.7680
2026-04-27T17:37:54.070,1.611,1,-2.00,-1.20,-16.68,24.49,1,-0.0206,0.0945,0.2142,-0.0130,-0.0684,0.8264,-54.43,-216.91,60.62,57.63,97,97,1.00000,1.00000,1.00000,1.00000,3,3,1,22.83237,0.00313,1.10102,0.0206,-0.0945,0.0858,-0.0130,-0.0684,0.8264,54.43,-5.04,-9.88,1,1,0.0000,0.0000,0.3000,0.00,0.8300,0.4200,1.0000,6.50,180.00,1.050000,0.000000,0.000000,1.500000,0.000000,0.000000,1.200000,0.000000,0.000000,1.050000,0.000000,0.000000,1.350000,0.060000,0.000000,0.008000,0.000000,0.000600,0.008000,0.000000,0.000600,0.006000,0.000000,0.000000,1,1,1,97,244,377748,377748,208225,169523,0,60.00,12094,3160,91,0,0,0,12102,502.51,502.51,5,866,0.0000,0.4960,0.5100,0.8690,0.7680
2026-04-27T17:37:54.091,1.632,1,-2.00,-1.20,-16.68,24.49,1,-0.0203,0.0955,0.1984,-0.0126,-0.0576,0.8247,-51.88,-124.39,85.25,59.95,98,98,1.00000,1.00000,1.00000,1.00000,3,3,1,22.58254,0.00309,1.10060,0.0203,-0.0955,0.1016,-0.0126,-0.0576,0.8247,51.88,-5.18,-9.58,1,1,0.0000,0.0000,0.3000,0.00,0.8300,0.4200,1.0000,6.50,180.00,1.050000,0.000000,0.000000,1.500000,0.000000,0.000000,1.200000,0.000000,0.000000,1.050000,0.000000,0.000000,1.350000,0.060000,0.000000,0.008000,0.000000,0.000600,0.008000,0.000000,0.000600,0.006000,0.000000,0.000000,1,1,1,98,243,377748,377748,208225,169523,0,60.00,12094,3160,91,0,0,0,12102,502.51,502.51,5,866,0.0000,0.4960,0.5100,0.8690,0.7680
2026-04-27T17:37:54.108,1.648,1,-2.00,-1.20,-16.68,24.49,1,-0.0197,0.0967,0.1838,-0.0261,-0.0680,0.8563,-49.73,-137.01,46.50,59.74,99,99,1.00000,1.00000,1.00000,1.00000,3,3,1,22.30067,0.00318,1.10309,0.0197,-0.0967,0.1162,-0.0261,-0.0680,0.8563,49.73,-5.02,-9.37,1,1,0.0000,0.0000,0.3000,0.00,0.8300,0.4200,1.0000,6.50,180.00,1.050000,0.000000,0.000000,1.500000,0.000000,0.000000,1.200000,0.000000,0.000000,1.050000,0.000000,0.000000,1.350000,0.060000,0.000000,0.008000,0.000000,0.000600,0.008000,0.000000,0.000600,0.006000,0.000000,0.000000,1,1,1,99,243,377748,377748,208225,169523,0,60.00,12094,3160,91,0,0,0,12102,502.51,502.51,5,866,0.0000,0.4960,0.5100,0.8690,0.7680
2026-04-27T17:37:54.122,1.663,1,-2.00,-1.20,-16.68,24.49,1,-0.0193,0.0977,0.1685,-0.0213,-0.0633,0.8911,-47.95,-113.66,59.90,62.23,100,100,1.00000,1.00000,1.00000,1.00000,3,3,1,22.01236,0.00325,1.10329,0.0193,-0.0977,0.1315,-0.0213,-0.0633,0.8911,47.95,-5.48,-9.01,1,1,0.0000,0.0000,0.3000,0.00,0.8300,0.4200,1.0000,6.50,180.00,1.050000,0.000000,0.000000,1.500000,0.000000,0.000000,1.200000,0.000000,0.000000,1.050000,0.000000,0.000000,1.350000,0.060000,0.000000,0.008000,0.000000,0.000600,0.008000,0.000000,0.000600,0.006000,0.000000,0.000000,1,1,1,100,241,377748,377748,208225,169523,0,60.00,12094,3160,91,0,0,0,12102,502.51,502.51,5,866,0.0000,0.4960,0.5100,0.8690,0.7680
2026-04-27T17:37:54.141,1.682,1,-2.00,-1.20,-16.68,24.49,1,-0.0187,0.0991,0.1542,-0.0295,-0.0782,0.8754,-46.28,-89.65,73.23,58.17,101,101,1.00000,1.00000,1.00000,1.00000,3,3,1,21.78960,0.00335,1.11030,0.0187,-0.0991,0.1458,-0.0295,-0.0782,0.8754,46.28,-5.59,-8.97,1,1,0.0000,0.0000,0.3000,0.00,0.8300,0.4200,1.0000,6.50,180.00,1.050000,0.000000,0.000000,1.500000,0.000000,0.000000,1.200000,0.000000,0.000000,1.050000,0.000000,0.000000,1.350000,0.060000,0.000000,0.008000,0.000000,0.000600,0.008000,0.000000,0.000600,0.006000,0.000000,0.000000,1,1,1,101,244,377748,377748,208225,169523,0,60.00,12094,3160,91,0,0,0,12102,502.51,502.51,5,866,0.0000,0.4960,0.5100,0.8690,0.7680
2026-04-27T17:37:54.158,1.699,1,-2.00,-1.20,-16.68,24.49,1,-0.0179,0.1000,0.1405,-0.0420,-0.0606,0.8496,-44.84,-91.83,50.94,63.13,102,102,1.00000,1.00000,1.00000,1.00000,3,3,1,21.59311,0.00339,1.10518,0.0179,-0.1000,0.1595,-0.0420,-0.0606,0.8496,44.84,-5.59,-8.67,1,1,0.0000,0.0000,0.3000,0.00,0.8300,0.4200,1.0000,6.50,180.00,1.050000,0.000000,0.000000,1.500000,0.000000,0.000000,1.200000,0.000000,0.000000,1.050000,0.000000,0.000000,1.350000,0.060000,0.000000,0.008000,0.000000,0.000600,0.008000,0.000000,0.000600,0.006000,0.000000,0.000000,1,1,1,102,240,377748,377748,208225,169523,0,60.00,12094,3160,91,0,0,0,12102,502.51,502.51,5,866,0.0000,0.4960,0.5100,0.8690,0.7680
2026-04-27T17:37:54.174,1.715,1,-2.00,-1.20,-16.68,24.49,1,-0.0171,0.1009,0.1280,-0.0406,-0.0600,0.8025,-43.39,-86.69,58.45,59.24,103,103,1.00000,1.00000,1.00000,1.00000,3,3,1,21.44244,0.00317,1.10259,0.0171,-0.1009,0.1720,-0.0406,-0.0600,0.8025,43.39,-6.01,-8.36,1,1,0.0000,0.0000,0.3000,0.00,0.8300,0.4200,1.0000,6.50,180.00,1.050000,0.000000,0.000000,1.500000,0.000000,0.000000,1.200000,0.000000,0.000000,1.050000,0.000000,0.000000,1.350000,0.060000,0.000000,0.008000,0.000000,0.000600,0.008000,0.000000,0.000600,0.006000,0.000000,0.000000,1,1,1,103,240,377748,377748,208225,169523,0,60.00,12094,3160,91,0,0,0,12102,502.51,502.51,5,866,0.0000,0.4960,0.5100,0.8690,0.7680
2026-04-27T17:37:54.191,1.732,1,-2.00,-1.20,-16.68,24.49,1,-0.0167,0.1023,0.1169,-0.0331,-0.0746,0.7379,-42.11,-76.96,61.35,57.67,104,104,1.00000,1.00000,1.00000,1.00000,3,3,1,21.30681,0.00323,1.11416,0.0167,-0.1023,0.1831,-0.0331,-0.0746,0.7379,42.11,-6.50,-8.40,1,1,0.0000,0.0000,0.3000,0.00,0.8300,0.4200,1.0000,6.50,180.00,1.050000,0.000000,0.000000,1.500000,0.000000,0.000000,1.200000,0.000000,0.000000,1.050000,0.000000,0.000000,1.350000,0.060000,0.000000,0.008000,0.000000,0.000600,0.008000,0.000000,0.000600,0.006000,0.000000,0.000000,1,1,1,104,242,377748,377748,208225,169523,0,60.00,12094,3160,91,0,0,0,12102,502.51,502.51,5,866,0.0000,0.4960,0.5100,0.8690,0.7680
2026-04-27T17:37:54.208,1.749,1,-2.00,-1.20,-16.68,24.49,1,-0.0155,0.1036,0.1069,-0.0571,-0.0754,0.6693,-40.92,-69.98,60.07,60.02,105,105,1.00000,1.00000,1.00000,1.00000,3,3,1,21.13644,0.00344,1.10807,0.0155,-0.1036,0.1931,-0.0571,-0.0754,0.6693,40.92,-6.39,-8.21,1,1,0.0000,0.0000,0.3000,0.00,0.8300,0.4200,1.0000,6.50,180.00,1.050000,0.000000,0.000000,1.500000,0.000000,0.000000,1.200000,0.000000,0.000000,1.050000,0.000000,0.000000,1.350000,0.060000,0.000000,0.008000,0.000000,0.000600,0.008000,0.000000,0.000600,0.006000,0.000000,0.000000,1,1,1,105,244,377748,377748,208225,169523,0,60.00,12094,3160,91,0,0,0,12102,502.51,502.51,5,866,0.0000,0.4960,0.5100,0.8690,0.7680
2026-04-27T17:37:54.224,1.765,1,-2.00,-1.20,-16.68,24.49,1,-0.0145,0.1050,0.0983,-0.0549,-0.0825,0.6043,-39.69,-75.50,59.31,60.50,106,106,1.00000,1.00000,1.00000,1.00000,3,3,1,21.08785,0.00333,1.11011,0.0145,-0.1050,0.2017,-0.0549,-0.0825,0.6043,39.69,-6.40,-8.14,1,1,0.0000,0.0000,0.3000,0.00,0.8300,0.4200,1.0000,6.50,180.00,1.050000,0.000000,0.000000,1.500000,0.000000,0.000000,1.200000,0.000000,0.000000,1.050000,0.000000,0.000000,1.350000,0.060000,0.000000,0.008000,0.000000,0.000600,0.008000,0.000000,0.000600,0.006000,0.000000,0.000000,1,1,1,106,243,377748,377748,208225,169523,0,60.00,12094,3160,91,0,0,0,12102,502.51,502.51,5,866,0.0000,0.4960,0.5100,0.8690,0.7680
2026-04-27T17:37:54.241,1.782,1,-2.90,-0.50,-8.82,6.85,1,-0.0133,0.1066,0.0911,-0.0649,-0.0891,0.5237,-38.60,-65.53,60.89,62.50,107,107,1.00000,1.00000,1.00000,1.00000,3,3,1,21.02022,0.00344,1.11014,0.0133,-0.1066,0.2089,-0.0649,-0.0891,0.5237,38.60,-6.58,-8.04,1,1,0.0000,0.0000,0.3000,0.00,0.8300,0.4200,1.0000,6.50,180.00,1.050000,0.000000,0.000000,1.500000,0.000000,0.000000,1.200000,0.000000,0.000000,1.050000,0.000000,0.000000,1.350000,0.060000,0.000000,0.008000,0.000000,0.000600,0.008000,0.000000,0.000600,0.006000,0.000000,0.000000,1,1,1,107,243,377748,377748,208225,169523,0,60.00,12094,3160,91,0,0,0,12102,502.51,502.51,5,866,0.0000,0.4960,0.5100,0.8690,0.7680
2026-04-27T17:37:54.259,1.800,1,-2.90,-0.50,-8.82,6.85,1,-0.0117,0.1082,0.0851,-0.0770,-0.0874,0.4322,-37.61,-54.35,60.12,57.55,108,108,1.00000,1.00000,1.00000,1.00000,3,3,1,20.99761,0.00343,1.10731,0.0117,-0.1082,0.2149,-0.0770,-0.0874,0.4322,37.61,-6.42,-7.87,1,1,0.0000,0.0000,0.3000,0.00,0.8300,0.4200,1.0000,6.50,180.00,1.050000,0.000000,0.000000,1.500000,0.000000,0.000000,1.200000,0.000000,0.000000,1.050000,0.000000,0.000000,1.350000,0.060000,0.000000,0.008000,0.000000,0.000600,0.008000,0.000000,0.000600,0.006000,0.000000,0.000000,1,1,1,108,244,377748,377748,208225,169523,0,60.00,12094,3160,91,0,0,0,12102,502.51,502.51,5,866,0.0000,0.4960,0.5100,0.8690,0.7680
2026-04-27T17:37:54.272,1.813,1,-2.90,-0.50,-8.82,6.85,1,-0.0109,0.1096,0.0813,-0.0611,-0.0886,0.3470,-36.56,-73.35,54.58,61.97,109,109,1.00000,1.00000,1.00000,1.00000,3,3,1,21.07897,0.00350,1.10730,0.0109,-0.1096,0.2187,-0.0611,-0.0886,0.3470,36.56,-7.05,-7.90,1,1,0.0000,0.0000,0.3000,0.00,0.8300,0.4200,1.0000,6.50,180.00,1.050000,0.000000,0.000000,1.500000,0.000000,0.000000,1.200000,0.000000,0.000000,1.050000,0.000000,0.000000,1.350000,0.060000,0.000000,0.008000,0.000000,0.000600,0.008000,0.000000,0.000600,0.006000,0.000000,0.000000,1,1,1,109,242,377748,377748,208225,169523,0,60.00,12094,3160,91,0,0,0,12102,502.51,502.51,5,866,0.0000,0.4960,0.5100,0.8690,0.7680
2026-04-27T17:37:54.291,1.832,1,-2.80,-0.50,1.00,0.00,1,-0.0094,0.1110,0.0777,-0.0804,-0.0865,0.2908,-35.70,-48.11,81.95,58.19,110,110,1.00000,1.00000,1.00000,1.00000,3,3,1,21.09451,0.00353,1.10674,0.0094,-0.1110,0.2223,-0.0804,-0.0865,0.2908,35.70,-7.21,-7.77,1,1,0.0000,0.0000,0.3000,0.00,0.8300,0.4200,1.0000,6.50,180.00,1.050000,0.000000,0.000000,1.500000,0.000000,0.000000,1.200000,0.000000,0.000000,1.050000,0.000000,0.000000,1.350000,0.060000,0.000000,0.008000,0.000000,0.000600,0.008000,0.000000,0.000600,0.006000,0.000000,0.000000,1,1,1,110,242,377748,377748,208225,169523,0,60.00,12094,3160,91,0,0,0,12102,502.51,502.51,5,866,0.0000,0.4960,0.5100,0.8690,0.7680
2026-04-27T17:37:54.308,1.849,1,-2.80,-0.50,1.00,0.00,1,-0.0076,0.1127,0.0750,-0.0949,-0.0992,0.2338,-34.74,-58.49,50.30,59.61,111,111,1.00000,1.00000,1.00000,1.00000,3,3,1,21.04386,0.00345,1.10599,0.0076,-0.1127,0.2250,-0.0949,-0.0992,0.2338,34.74,-6.86,-7.65,1,1,0.0000,0.0000,0.3000,0.00,0.8300,0.4200,1.0000,6.50,180.00,1.050000,0.000000,0.000000,1.500000,0.000000,0.000000,1.200000,0.000000,0.000000,1.050000,0.000000,0.000000,1.350000,0.060000,0.000000,0.008000,0.000000,0.000600,0.008000,0.000000,0.000600,0.006000,0.000000,0.000000,1,1,1,111,244,377748,377748,208225,169523,0,60.00,12094,3160,91,0,0,0,12102,502.51,502.51,5,866,0.0000,0.4960,0.5100,0.8690,0.7680
2026-04-27T17:37:54.322,1.863,1,-2.80,-0.50,1.00,0.00,1,-0.0058,0.1143,0.0731,-0.1006,-0.0966,0.1768,-33.87,-55.85,60.92,62.20,112,112,1.00000,1.00000,1.00000,1.00000,3,3,1,21.04103,0.00342,1.10899,0.0058,-0.1143,0.2269,-0.1006,-0.0966,0.1768,33.87,-6.79,-7.60,1,1,0.0000,0.0000,0.3000,0.00,0.8300,0.4200,1.0000,6.50,180.00,1.050000,0.000000,0.000000,1.500000,0.000000,0.000000,1.200000,0.000000,0.000000,1.050000,0.000000,0.000000,1.350000,0.060000,0.000000,0.008000,0.000000,0.000600,0.008000,0.000000,0.000600,0.006000,0.000000,0.000000,1,1,1,112,243,377748,377748,208225,169523,0,60.00,12094,3160,91,0,0,0,12102,502.51,502.51,5,866,0.0000,0.4960,0.5100,0.8690,0.7680
2026-04-27T17:37:54.341,1.882,1,-2.80,-0.50,1.00,0.00,1,-0.0043,0.1159,0.0713,-0.0945,-0.0945,0.1492,-33.13,-42.00,73.70,58.11,113,113,1.00000,1.00000,1.00000,1.00000,3,3,1,21.07755,0.00362,1.10904,0.0043,-0.1159,0.2287,-0.0945,-0.0945,0.1492,33.13,-7.02,-7.51,1,1,0.0000,0.0000,0.3000,0.00,0.8300,0.4200,1.0000,6.50,180.00,1.050000,0.000000,0.000000,1.500000,0.000000,0.000000,1.200000,0.000000,0.000000,1.050000,0.000000,0.000000,1.350000,0.060000,0.000000,0.008000,0.000000,0.000600,0.008000,0.000000,0.000600,0.006000,0.000000,0.000000,1,1,1,113,244,377748,377748,208225,169523,0,60.00,12094,3160,91,0,0,0,12102,502.51,502.51,5,866,0.0000,0.4960,0.5100,0.8690,0.7680
2026-04-27T17:37:54.358,1.899,1,-2.80,-0.50,1.00,0.00,1,-0.0028,0.1174,0.0694,-0.0922,-0.0915,0.1366,-32.36,-45.65,50.93,63.27,114,114,1.00000,1.00000,1.00000,1.00000,3,3,1,21.01031,0.00346,1.10650,0.0028,-0.1174,0.2306,-0.0922,-0.0915,0.1366,32.36,-7.27,-7.29,1,1,0.0000,0.0000,0.3000,0.00,0.8300,0.4200,1.0000,6.50,180.00,1.050000,0.000000,0.000000,1.500000,0.000000,0.000000,1.200000,0.000000,0.000000,1.050000,0.000000,0.000000,1.350000,0.060000,0.000000,0.008000,0.000000,0.000600,0.008000,0.000000,0.000600,0.006000,0.000000,0.000000,1,1,1,114,244,377748,377748,208225,169523,0,60.00,12094,3160,91,0,0,0,12102,502.51,502.51,5,866,0.0000,0.4960,0.5100,0.8690,0.7680
2026-04-27T17:37:54.376,1.916,1,-2.80,-0.50,1.00,0.00,1,-0.0008,0.1191,0.0671,-0.1072,-0.0993,0.1423,-31.55,-44.68,59.31,55.67,115,115,1.00000,1.00000,1.00000,1.00000,3,3,1,20.96738,0.00344,1.11048,0.0008,-0.1191,0.2329,-0.1072,-0.0993,0.1423,31.55,-7.16,-7.25,1,1,0.0000,0.0000,0.3000,0.00,0.8300,0.4200,1.0000,6.50,180.00,1.050000,0.000000,0.000000,1.500000,0.000000,0.000000,1.200000,0.000000,0.000000,1.050000,0.000000,0.000000,1.350000,0.060000,0.000000,0.008000,0.000000,0.000600,0.008000,0.000000,0.000600,0.006000,0.000000,0.000000,1,1,1,115,240,377748,377748,208225,169523,0,60.00,12094,3160,91,0,0,0,12102,502.51,502.51,5,866,0.0000,0.4960,0.5100,0.8690,0.7680
2026-04-27T17:37:54.391,1.932,1,-2.19,-0.40,5.96,1.02,1,0.0014,0.1209,0.0640,-0.1227,-0.1043,0.1692,-30.87,-45.07,55.73,64.11,116,116,1.00000,1.00000,1.00000,1.00000,3,3,1,20.97539,0.00351,1.10891,-0.0014,-0.1209,0.2360,-0.1227,-0.1043,0.1692,30.87,-7.01,-7.19,1,1,0.0000,0.0000,0.3000,0.00,0.8300,0.4200,1.0000,6.50,180.00,1.050000,0.000000,0.000000,1.500000,0.000000,0.000000,1.200000,0.000000,0.000000,1.050000,0.000000,0.000000,1.350000,0.060000,0.000000,0.008000,0.000000,0.000600,0.008000,0.000000,0.000600,0.006000,0.000000,0.000000,1,1,1,116,237,377748,377748,208225,169523,0,60.00,12094,3160,91,0,0,0,12102,502.51,502.51,5,866,0.0000,0.4960,0.5100,0.8690,0.7680
2026-04-27T17:37:54.408,1.948,1,-2.19,-0.40,5.96,1.02,1,0.0035,0.1225,0.0606,-0.1248,-0.0994,0.1862,-30.25,-37.25,65.48,57.65,117,117,1.00000,1.00000,1.00000,1.00000,3,3,1,20.81791,0.00336,1.11073,-0.0035,-0.1225,0.2394,-0.1248,-0.0994,0.1862,30.25,-7.03,-7.04,1,1,0.0000,0.0000,0.3000,0.00,0.8300,0.4200,1.0000,6.50,180.00,1.050000,0.000000,0.000000,1.500000,0.000000,0.000000,1.200000,0.000000,0.000000,1.050000,0.000000,0.000000,1.350000,0.060000,0.000000,0.008000,0.000000,0.000600,0.008000,0.000000,0.000600,0.006000,0.000000,0.000000,1,1,1,117,245,377748,377748,208225,169523,0,60.00,12094,3160,91,0,0,0,12102,502.51,502.51,5,866,0.0000,0.4960,0.5100,0.8690,0.7680
2026-04-27T17:37:54.423,1.964,1,-2.19,-0.40,5.96,1.02,1,0.0054,0.1241,0.0562,-0.1203,-0.1039,0.2398,-29.54,-43.76,60.08,60.08,118,118,1.00000,1.00000,1.00000,1.00000,3,3,1,20.61422,0.00366,1.11111,-0.0054,-0.1241,0.2438,-0.1203,-0.1039,0.2398,29.54,-7.24,-7.00,1,1,0.0000,0.0000,0.3000,0.00,0.8300,0.4200,1.0000,6.50,180.00,1.050000,0.000000,0.000000,1.500000,0.000000,0.000000,1.200000,0.000000,0.000000,1.050000,0.000000,0.000000,1.350000,0.060000,0.000000,0.008000,0.000000,0.000600,0.008000,0.000000,0.000600,0.006000,0.000000,0.000000,1,1,1,118,240,377748,377748,208225,169523,0,60.00,12094,3160,91,0,0,0,12102,502.51,502.51,5,866,0.0000,0.4960,0.5100,0.8690,0.7680
2026-04-27T17:37:54.441,1.982,1,-2.19,-0.40,5.96,1.02,1,0.0078,0.1257,0.0508,-0.1329,-0.0962,0.2688,-28.93,-37.98,59.39,59.59,119,119,1.00000,1.00000,1.00000,1.00000,3,3,1,20.51495,0.00351,1.11258,-0.0078,-0.1257,0.2492,-0.1329,-0.0962,0.2688,28.93,-6.98,-6.91,1,1,0.0000,0.0000,0.3000,0.00,0.8300,0.4200,1.0000,6.50,180.00,1.050000,0.000000,0.000000,1.500000,0.000000,0.000000,1.200000,0.000000,0.000000,1.050000,0.000000,0.000000,1.350000,0.060000,0.000000,0.008000,0.000000,0.000600,0.008000,0.000000,0.000600,0.006000,0.000000,0.000000,1,1,1,119,245,377748,377748,208225,169523,0,60.00,12094,3160,91,0,0,0,12102,502.51,502.51,5,866,0.0000,0.4960,0.5100,0.8690,0.7680
2026-04-27T17:37:54.458,1.999,1,-2.19,-0.40,5.96,1.02,1,0.0099,0.1272,0.0449,-0.1257,-0.0949,0.3117,-28.42,-27.89,62.29,60.62,120,120,1.00000,1.00000,1.00000,1.00000,3,3,1,20.20910,0.00374,1.11077,-0.0099,-0.1272,0.2551,-0.1257,-0.0949,0.3117,28.42,-7.17,-6.86,1,1,0.0000,0.0000,0.3000,0.00,0.8300,0.4200,1.0000,6.50,180.00,1.050000,0.000000,0.000000,1.500000,0.000000,0.000000,1.200000,0.000000,0.000000,1.050000,0.000000,0.000000,1.350000,0.060000,0.000000,0.008000,0.000000,0.000600,0.008000,0.000000,0.000600,0.006000,0.000000,0.000000,1,1,1,120,244,377748,377748,208225,169523,0,60.00,12094,3160,91,0,0,0,12102,502.51,502.51,5,866,0.0000,0.4960,0.5100,0.8690,0.7680
2026-04-27T17:37:54.474,2.015,1,-2.19,-0.40,5.96,1.02,1,0.0123,0.1288,0.0381,-0.1376,-0.0934,0.3586,-27.71,-42.17,59.77,60.05,121,121,1.00000,1.00000,1.00000,1.00000,3,3,1,20.10473,0.00384,1.11223,-0.0123,-0.1288,0.2619,-0.1376,-0.0934,0.3586,27.71,-7.11,-6.96,1,1,0.0000,0.0000,0.3000,0.00,0.8300,0.4200,1.0000,6.50,180.00,1.050000,0.000000,0.000000,1.500000,0.000000,0.000000,1.200000,0.000000,0.000000,1.050000,0.000000,0.000000,1.350000,0.060000,0.000000,0.008000,0.000000,0.000600,0.008000,0.000000,0.000600,0.006000,0.000000,0.000000,1,1,1,121,245,377748,377748,208225,169523,0,60.00,12094,3160,91,0,0,0,12102,502.51,502.51,5,866,0.0000,0.4960,0.5100,0.8690,0.7680
2026-04-27T17:37:54.491,2.032,1,-2.19,-0.40,5.96,1.02,1,0.0150,0.1302,0.0311,-0.1536,-0.0906,0.3883,-27.05,-41.40,59.48,60.31,122,122,1.00000,1.00000,1.00000,1.00000,3,3,1,19.83484,0.00366,1.11378,-0.0150,-0.1302,0.2689,-0.1536,-0.0906,0.3883,27.05,-6.87,-6.76,1,1,0.0000,0.0000,0.3000,0.00,0.8300,0.4200,1.0000,6.50,180.00,1.050000,0.000000,0.000000,1.500000,0.000000,0.000000,1.200000,0.000000,0.000000,1.050000,0.000000,0.000000,1.350000,0.060000,0.000000,0.008000,0.000000,0.000600,0.008000,0.000000,0.000600,0.006000,0.000000,0.000000,1,1,1,122,244,377748,377748,208225,169523,0,60.00,12094,3160,121,0,0,0,12132,500.25,500.25,5,2197,0.0000,0.4890,0.5180,0.6620,0.5920
2026-04-27T17:37:54.506,2.047,1,-2.19,-0.40,5.96,1.02,1,0.0177,0.1317,0.0235,-0.1528,-0.0891,0.4161,-26.45,-37.14,59.05,70.31,123,123,1.00000,1.00000,1.00000,1.00000,3,3,1,19.60234,0.00359,1.10824,-0.0177,-0.1317,0.2765,-0.1528,-0.0891,0.4161,26.45,-6.72,-6.63,1,1,0.0000,0.0000,0.3000,0.00,0.8300,0.4200,1.0000,6.50,180.00,1.050000,0.000000,0.000000,1.500000,0.000000,0.000000,1.200000,0.000000,0.000000,1.050000,0.000000,0.000000,1.350000,0.060000,0.000000,0.008000,0.000000,0.000600,0.008000,0.000000,0.000600,0.006000,0.000000,0.000000,1,1,1,123,245,377748,377748,208225,169523,0,60.00,12094,3160,121,0,0,0,12132,500.25,500.25,5,2197,0.0000,0.4890,0.5180,0.6620,0.5920
2026-04-27T17:37:54.523,2.064,1,-2.19,-0.40,5.96,1.02,1,0.0201,0.1332,0.0160,-0.1648,-0.0999,0.4736,-26.00,-26.41,70.74,53.61,124,124,1.00000,1.00000,1.00000,1.00000,3,3,1,19.41154,0.00374,1.11187,-0.0201,-0.1332,0.2840,-0.1648,-0.0999,0.4736,26.00,-6.68,-6.61,1,1,0.0000,0.0000,0.3000,0.00,0.8300,0.4200,1.0000,6.50,180.00,1.050000,0.000000,0.000000,1.500000,0.000000,0.000000,1.200000,0.000000,0.000000,1.050000,0.000000,0.000000,1.350000,0.060000,0.000000,0.008000,0.000000,0.000600,0.008000,0.000000,0.000600,0.006000,0.000000,0.000000,1,1,1,124,239,377748,377748,208225,169523,0,60.00,12094,3160,121,0,0,0,12132,500.25,500.25,5,2197,0.0000,0.4890,0.5180,0.6620,0.5920
2026-04-27T17:37:54.539,2.080,1,-1.80,-0.40,3.80,0.00,1,0.0227,0.1344,0.0085,-0.1515,-0.0820,0.4385,-25.40,-36.82,51.79,58.04,125,125,1.00000,1.00000,1.00000,1.00000,3,3,1,19.20083,0.00385,1.11274,-0.0227,-0.1344,0.2915,-0.1515,-0.0820,0.4385,25.40,-6.93,-6.62,1,1,0.0000,0.0000,0.3000,0.00,0.8300,0.4200,1.0000,6.50,180.00,1.050000,0.000000,0.000000,1.500000,0.000000,0.000000,1.200000,0.000000,0.000000,1.050000,0.000000,0.000000,1.350000,0.060000,0.000000,0.008000,0.000000,0.000600,0.008000,0.000000,0.000600,0.006000,0.000000,0.000000,1,1,1,125,244,377748,377748,208225,169523,0,60.00,12094,3160,121,0,0,0,12132,500.25,500.25,5,2197,0.0000,0.4890,0.5180,0.6620,0.5920
2026-04-27T17:37:54.558,2.099,1,-1.80,-0.40,3.80,0.00,1,0.0256,0.1358,0.0012,-0.1608,-0.0798,0.4202,-24.85,-29.26,59.55,59.94,126,126,1.00000,1.00000,1.00000,1.00000,3,3,1,18.99342,0.00384,1.11049,-0.0256,-0.1358,0.2988,-0.1608,-0.0798,0.4202,24.85,-6.97,-6.47,1,1,0.0000,0.0000,0.3000,0.00,0.8300,0.4200,1.0000,6.50,180.00,1.050000,0.000000,0.000000,1.500000,0.000000,0.000000,1.200000,0.000000,0.000000,1.050000,0.000000,0.000000,1.350000,0.060000,0.000000,0.008000,0.000000,0.000600,0.008000,0.000000,0.000600,0.006000,0.000000,0.000000,1,1,1,126,243,377748,377748,208225,169523,0,60.00,12094,3160,121,0,0,0,12132,500.25,500.25,5,2197,0.0000,0.4890,0.5180,0.6620,0.5920
2026-04-27T17:37:54.574,2.115,1,-1.80,-0.40,3.80,0.00,1,0.0285,0.1373,-0.0054,-0.1705,-0.0908,0.4208,-24.47,-25.19,57.65,62.17,127,127,1.00000,1.00000,1.00000,1.00000,3,3,1,18.84352,0.00377,1.11509,-0.0285,-0.1373,0.3054,-0.1705,-0.0908,0.4208,24.47,-6.90,-6.44,1,1,0.0000,0.0000,0.3000,0.00,0.8300,0.4200,1.0000,6.50,180.00,1.050000,0.000000,0.000000,1.500000,0.000000,0.000000,1.200000,0.000000,0.000000,1.050000,0.000000,0.000000,1.350000,0.060000,0.000000,0.008000,0.000000,0.000600,0.008000,0.000000,0.000600,0.006000,0.000000,0.000000,1,1,1,127,244,377748,377748,208225,169523,0,60.00,12094,3160,121,0,0,0,12132,500.25,500.25,5,2197,0.0000,0.4890,0.5180,0.6620,0.5920
2026-04-27T17:37:54.591,2.132,1,-1.80,-0.40,3.80,0.00,1,0.0316,0.1388,-0.0116,-0.1793,-0.0905,0.3973,-24.04,-25.82,66.18,60.06,128,128,1.00000,1.00000,1.00000,1.00000,3,3,1,18.64725,0.00374,1.11625,-0.0316,-0.1388,0.3116,-0.1793,-0.0905,0.3973,24.04,-6.54,-6.43,1,1,0.0000,0.0000,0.3000,0.00,0.8300,0.4200,1.0000,6.50,180.00,1.050000,0.000000,0.000000,1.500000,0.000000,0.000000,1.200000,0.000000,0.000000,1.050000,0.000000,0.000000,1.350000,0.060000,0.000000,0.008000,0.000000,0.000600,0.008000,0.000000,0.000600,0.006000,0.000000,0.000000,1,1,1,128,244,377748,377748,208225,169523,0,60.00,12094,3160,121,0,0,0,12132,500.25,500.25,5,2197,0.0000,0.4890,0.5180,0.6620,0.5920
2026-04-27T17:37:54.605,2.146,1,-1.80,-0.40,3.80,0.00,1,0.0343,0.1398,-0.0168,-0.1718,-0.0724,0.3528,-23.57,-30.50,57.76,66.19,129,129,1.00000,1.00000,1.00000,1.00000,3,3,1,18.60399,0.00389,1.11354,-0.0343,-0.1398,0.3168,-0.1718,-0.0724,0.3528,23.57,-6.71,-6.39,1,1,0.0000,0.0000,0.3000,0.00,0.8300,0.4200,1.0000,6.50,180.00,1.050000,0.000000,0.000000,1.500000,0.000000,0.000000,1.200000,0.000000,0.000000,1.050000,0.000000,0.000000,1.350000,0.060000,0.000000,0.008000,0.000000,0.000600,0.008000,0.000000,0.000600,0.006000,0.000000,0.000000,1,1,1,129,244,377748,377748,208225,169523,0,60.00,12094,3160,121,0,0,0,12132,500.25,500.25,5,2197,0.0000,0.4890,0.5180,0.6620,0.5920
2026-04-27T17:37:54.622,2.163,1,-1.80,-0.40,3.80,0.00,1,0.0375,0.1413,-0.0216,-0.1852,-0.0844,0.3244,-23.15,-25.17,74.60,54.81,130,130,1.00000,1.00000,1.00000,1.00000,3,3,1,18.51567,0.00389,1.11685,-0.0375,-0.1413,0.3216,-0.1852,-0.0844,0.3244,23.15,-6.61,-6.36,1,1,0.0000,0.0000,0.3000,0.00,0.8300,0.4200,1.0000,6.50,180.00,1.050000,0.000000,0.000000,1.500000,0.000000,0.000000,1.200000,0.000000,0.000000,1.050000,0.000000,0.000000,1.350000,0.060000,0.000000,0.008000,0.000000,0.000600,0.008000,0.000000,0.000600,0.006000,0.000000,0.000000,1,1,1,130,245,377748,377748,208225,169523,0,60.00,12094,3160,121,0,0,0,12132,500.25,500.25,5,2197,0.0000,0.4890,0.5180,0.6620,0.5920
2026-04-27T17:37:54.639,2.180,1,-1.50,-0.50,3.04,-1.03,1,0.0407,0.1427,-0.0256,-0.1885,-0.0846,0.2848,-22.77,-22.75,59.94,61.82,131,131,1.00000,1.00000,1.00000,1.00000,3,3,1,18.45313,0.00384,1.11556,-0.0407,-0.1427,0.3256,-0.1885,-0.0846,0.2848,22.77,-6.49,-6.29,1,1,0.0000,0.0000,0.3000,0.00,0.8300,0.4200,1.0000,6.50,180.00,1.050000,0.000000,0.000000,1.500000,0.000000,0.000000,1.200000,0.000000,0.000000,1.050000,0.000000,0.000000,1.350000,0.060000,0.000000,0.008000,0.000000,0.000600,0.008000,0.000000,0.000600,0.006000,0.000000,0.000000,1,1,1,131,245,377748,377748,208225,169523,0,60.00,12094,3160,121,0,0,0,12132,500.25,500.25,5,2197,0.0000,0.4890,0.5180,0.6620,0.5920
2026-04-27T17:37:54.658,2.199,1,-1.50,-0.50,3.04,-1.03,1,0.0442,0.1438,-0.0287,-0.2048,-0.0758,0.2373,-22.41,-19.74,59.87,59.70,132,132,1.00000,1.00000,1.00000,1.00000,3,3,1,18.36082,0.00371,1.11836,-0.0442,-0.1438,0.3287,-0.2048,-0.0758,0.2373,22.41,-6.29,-6.21,1,1,0.0000,0.0000,0.3000,0.00,0.8300,0.4200,1.0000,6.50,180.00,1.050000,0.000000,0.000000,1.500000,0.000000,0.000000,1.200000,0.000000,0.000000,1.050000,0.000000,0.000000,1.350000,0.060000,0.000000,0.008000,0.000000,0.000600,0.008000,0.000000,0.000600,0.006000,0.000000,0.000000,1,1,1,132,245,377748,377748,208225,169523,0,60.00,12094,3160,121,0,0,0,12132,500.25,500.25,5,2197,0.0000,0.4890,0.5180,0.6620,0.5920
2026-04-27T17:37:54.674,2.215,1,-1.50,-0.50,3.04,-1.03,1,0.0473,0.1450,-0.0312,-0.1879,-0.0719,0.1955,-22.05,-22.28,51.99,57.01,133,133,1.00000,1.00000,1.00000,1.00000,3,3,1,18.36070,0.00394,1.11793,-0.0473,-0.1450,0.3312,-0.1879,-0.0719,0.1955,22.05,-6.48,-6.14,1,1,0.0000,0.0000,0.3000,0.00,0.8300,0.4200,1.0000,6.50,180.00,1.050000,0.000000,0.000000,1.500000,0.000000,0.000000,1.200000,0.000000,0.000000,1.050000,0.000000,0.000000,1.350000,0.060000,0.000000,0.008000,0.000000,0.000600,0.008000,0.000000,0.000600,0.006000,0.000000,0.000000,1,1,1,133,245,377748,377748,208225,169523,0,60.00,12094,3160,121,0,0,0,12132,500.25,500.25,5,2197,0.0000,0.4890,0.5180,0.6620,0.5920
2026-04-27T17:37:54.691,2.232,1,-1.29,-0.60,1.95,-0.95,1,0.0506,0.1461,-0.0331,-0.1977,-0.0692,0.1564,-21.67,-22.85,57.44,60.02,134,134,1.00000,1.00000,1.00000,1.00000,3,3,1,18.31198,0.00406,1.11678,-0.0506,-0.1461,0.3331,-0.1977,-0.0692,0.1564,21.67,-6.72,-6.03,1,1,0.0000,0.0000,0.3000,0.00,0.8300,0.4200,1.0000,6.50,180.00,1.050000,0.000000,0.000000,1.500000,0.000000,0.000000,1.200000,0.000000,0.000000,1.050000,0.000000,0.000000,1.350000,0.060000,0.000000,0.008000,0.000000,0.000600,0.008000,0.000000,0.000600,0.006000,0.000000,0.000000,1,1,1,134,245,377748,377748,208225,169523,0,60.00,12094,3160,121,0,0,0,12132,500.25,500.25,5,2197,0.0000,0.4890,0.5180,0.6620,0.5920
2026-04-27T17:37:54.707,2.248,1,-1.29,-0.60,1.95,-0.95,1,0.0543,0.1473,-0.0347,-0.2132,-0.0742,0.1310,-21.21,-27.55,61.02,59.96,135,135,1.00000,1.00000,1.00000,1.00000,3,3,1,18.33576,0.00389,1.11800,-0.0543,-0.1473,0.3347,-0.2132,-0.0742,0.1310,21.21,-6.45,-6.01,1,1,0.0000,0.0000,0.3000,0.00,0.8300,0.4200,1.0000,6.50,180.00,1.050000,0.000000,0.000000,1.500000,0.000000,0.000000,1.200000,0.000000,0.000000,1.050000,0.000000,0.000000,1.350000,0.060000,0.000000,0.008000,0.000000,0.000600,0.008000,0.000000,0.000600,0.006000,0.000000,0.000000,1,1,1,135,242,377748,377748,208225,169523,0,60.00,12094,3160,121,0,0,0,12132,500.25,500.25,5,2197,0.0000,0.4890,0.5180,0.6620,0.5920
2026-04-27T17:37:54.726,2.266,1,-1.29,-0.60,1.95,-0.95,1,0.0578,0.1484,-0.0362,-0.2091,-0.0661,0.1100,-20.92,-16.00,59.89,61.61,136,136,1.00000,1.00000,1.00000,1.00000,3,3,1,18.32929,0.00389,1.11377,-0.0578,-0.1484,0.3362,-0.2091,-0.0661,0.1100,20.92,-6.24,-5.86,1,1,0.0000,0.0000,0.3000,0.00,0.8300,0.4200,1.0000,6.50,180.00,1.050000,0.000000,0.000000,1.500000,0.000000,0.000000,1.200000,0.000000,0.000000,1.050000,0.000000,0.000000,1.350000,0.060000,0.000000,0.008000,0.000000,0.000600,0.008000,0.000000,0.000600,0.006000,0.000000,0.000000,1,1,1,136,244,377748,377748,208225,169523,0,60.00,12094,3160,121,0,0,0,12132,500.25,500.25,5,2197,0.0000,0.4890,0.5180,0.6620,0.5920
2026-04-27T17:37:54.743,2.284,1,-1.29,-0.60,1.95,-0.95,1,0.0613,0.1493,-0.0371,-0.2015,-0.0605,0.0808,-20.66,-14.09,55.17,57.02,137,137,1.00000,1.00000,1.00000,1.00000,3,3,1,18.18031,0.00383,1.11714,-0.0613,-0.1493,0.3371,-0.2015,-0.0605,0.0808,20.66,-6.15,-5.87,1,1,0.0000,0.0000,0.3000,0.00,0.8300,0.4200,1.0000,6.50,180.00,1.050000,0.000000,0.000000,1.500000,0.000000,0.000000,1.200000,0.000000,0.000000,1.050000,0.000000,0.000000,1.350000,0.060000,0.000000,0.008000,0.000000,0.000600,0.008000,0.000000,0.000600,0.006000,0.000000,0.000000,1,1,1,137,244,377748,377748,208225,169523,0,60.00,12094,3160,121,0,0,0,12132,500.25,500.25,5,2197,0.0000,0.4890,0.5180,0.6620,0.5920
2026-04-27T17:37:54.758,2.299,1,-1.29,-0.60,1.95,-0.95,1,0.0645,0.1504,-0.0383,-0.2066,-0.0673,0.0844,-20.34,-23.54,56.24,61.28,138,138,1.00000,1.00000,1.00000,1.00000,3,3,1,18.13609,0.00400,1.11626,-0.0645,-0.1504,0.3383,-0.2066,-0.0673,0.0844,20.34,-6.29,-5.84,1,1,0.0000,0.0000,0.3000,0.00,0.8300,0.4200,1.0000,6.50,180.00,1.050000,0.000000,0.000000,1.500000,0.000000,0.000000,1.200000,0.000000,0.000000,1.050000,0.000000,0.000000,1.350000,0.060000,0.000000,0.008000,0.000000,0.000600,0.008000,0.000000,0.000600,0.006000,0.000000,0.000000,1,1,1,138,244,377748,377748,208225,169523,0,60.00,12094,3160,121,0,0,0,12132,500.25,500.25,5,2197,0.0000,0.4890,0.5180,0.6620,0.5920
2026-04-27T17:37:54.775,2.316,1,-1.29,-0.60,1.95,-0.95,1,0.0683,0.1511,-0.0395,-0.2256,-0.0539,0.0789,-20.04,-19.54,70.08,61.41,139,139,1.00000,1.00000,1.00000,1.00000,3,3,1,18.10033,0.00396,1.11708,-0.0683,-0.1511,0.3395,-0.2256,-0.0539,0.0789,20.04,-6.13,-5.76,1,1,0.0000,0.0000,0.3000,0.00,0.8300,0.4200,1.0000,6.50,180.00,1.050000,0.000000,0.000000,1.500000,0.000000,0.000000,1.200000,0.000000,0.000000,1.050000,0.000000,0.000000,1.350000,0.060000,0.000000,0.008000,0.000000,0.000600,0.008000,0.000000,0.000600,0.006000,0.000000,0.000000,1,1,1,139,244,377748,377748,208225,169523,0,60.00,12094,3160,121,0,0,0,12132,500.25,500.25,5,2197,0.0000,0.4890,0.5180,0.6620,0.5920
2026-04-27T17:37:54.791,2.332,1,-1.29,-0.60,1.95,-0.95,1,0.0720,0.1518,-0.0411,-0.2153,-0.0473,0.0862,-19.72,-16.54,61.75,58.47,140,140,1.00000,1.00000,1.00000,1.00000,3,3,1,18.01860,0.00386,1.11597,-0.0720,-0.1518,0.3411,-0.2153,-0.0473,0.0862,19.72,-6.02,-5.69,1,1,0.0000,0.0000,0.3000,0.00,0.8300,0.4200,1.0000,6.50,180.00,1.050000,0.000000,0.000000,1.500000,0.000000,0.000000,1.200000,0.000000,0.000000,1.050000,0.000000,0.000000,1.350000,0.060000,0.000000,0.008000,0.000000,0.000600,0.008000,0.000000,0.000600,0.006000,0.000000,0.000000,1,1,1,140,245,377748,377748,208225,169523,0,60.00,12094,3160,121,0,0,0,12132,500.25,500.25,5,2197,0.0000,0.4890,0.5180,0.6620,0.5920
2026-04-27T17:37:54.807,2.348,1,-1.29,-0.60,1.95,-0.95,1,0.0756,0.1527,-0.0429,-0.2278,-0.0529,0.1016,-19.47,-15.88,57.40,60.58,141,141,1.00000,1.00000,1.00000,1.00000,3,3,1,17.93328,0.00391,1.11715,-0.0756,-0.1527,0.3429,-0.2278,-0.0529,0.1016,19.47,-5.86,-5.73,1,1,0.0000,0.0000,0.3000,0.00,0.8300,0.4200,1.0000,6.50,180.00,1.050000,0.000000,0.000000,1.500000,0.000000,0.000000,1.200000,0.000000,0.000000,1.050000,0.000000,0.000000,1.350000,0.060000,0.000000,0.008000,0.000000,0.000600,0.008000,0.000000,0.000600,0.006000,0.000000,0.000000,1,1,1,141,245,377748,377748,208225,169523,0,60.00,12094,3160,121,0,0,0,12132,500.25,500.25,5,2197,0.0000,0.4890,0.5180,0.6620,0.5920
2026-04-27T17:37:54.824,2.365,1,-1.29,-0.60,1.95,-0.95,1,0.0792,0.1532,-0.0453,-0.2216,-0.0419,0.1231,-19.18,-17.44,61.71,61.42,142,142,1.00000,1.00000,1.00000,1.00000,3,3,1,17.75095,0.00392,1.11427,-0.0792,-0.1532,0.3453,-0.2216,-0.0419,0.1231,19.18,-5.80,-5.72,1,1,0.0000,0.0000,0.3000,0.00,0.8300,0.4200,1.0000,6.50,180.00,1.050000,0.000000,0.000000,1.500000,0.000000,0.000000,1.200000,0.000000,0.000000,1.050000,0.000000,0.000000,1.350000,0.060000,0.000000,0.008000,0.000000,0.000600,0.008000,0.000000,0.000600,0.006000,0.000000,0.000000,1,1,1,142,244,377748,377748,208225,169523,0,60.00,12094,3160,121,0,0,0,12132,500.25,500.25,5,2197,0.0000,0.4890,0.5180,0.6620,0.5920
2026-04-27T17:37:54.841,2.382,1,-1.29,-0.60,1.95,-0.95,1,0.0830,0.1538,-0.0479,-0.2213,-0.0377,0.1359,-18.88,-18.70,59.20,58.63,143,143,1.00000,1.00000,1.00000,1.00000,3,3,1,17.50156,0.00410,1.12140,-0.0830,-0.1538,0.3479,-0.2213,-0.0377,0.1359,18.88,-5.75,-5.75,1,1,0.0000,0.0000,0.3000,0.00,0.8300,0.4200,1.0000,6.50,180.00,1.050000,0.000000,0.000000,1.500000,0.000000,0.000000,1.200000,0.000000,0.000000,1.050000,0.000000,0.000000,1.350000,0.060000,0.000000,0.008000,0.000000,0.000600,0.008000,0.000000,0.000600,0.006000,0.000000,0.000000,1,1,1,143,245,377748,377748,208225,169523,0,60.00,12094,3160,121,0,0,0,12132,500.25,500.25,5,2197,0.0000,0.4890,0.5180,0.6620,0.5920
2026-04-27T17:37:54.857,2.398,1,-1.29,-0.60,1.95,-0.95,1,0.0868,0.1540,-0.0511,-0.2280,-0.0251,0.1628,-18.54,-20.37,61.01,59.97,144,144,1.00000,1.00000,1.00000,1.00000,3,3,1,17.37079,0.00404,1.11768,-0.0868,-0.1540,0.3511,-0.2280,-0.0251,0.1628,18.54,-5.41,-5.59,1,1,0.0000,0.0000,0.3000,0.00,0.8300,0.4200,1.0000,6.50,180.00,1.050000,0.000000,0.000000,1.500000,0.000000,0.000000,1.200000,0.000000,0.000000,1.050000,0.000000,0.000000,1.350000,0.060000,0.000000,0.008000,0.000000,0.000600,0.008000,0.000000,0.000600,0.006000,0.000000,0.000000,1,1,1,144,245,377748,377748,208225,169523,0,60.00,12094,3160,121,0,0,0,12132,500.25,500.25,5,2197,0.0000,0.4890,0.5180,0.6620,0.5920
2026-04-27T17:37:54.871,2.412,1,-1.29,-0.60,1.95,-0.95,1,0.0901,0.1543,-0.0546,-0.2175,-0.0230,0.1936,-18.19,-23.81,59.92,61.10,145,145,1.00000,1.00000,1.00000,1.00000,3,3,1,17.11633,0.00406,1.11730,-0.0901,-0.1543,0.3546,-0.2175,-0.0230,0.1936,18.19,-5.33,-5.48,1,1,0.0000,0.0000,0.3000,0.00,0.8300,0.4200,1.0000,6.50,180.00,1.050000,0.000000,0.000000,1.500000,0.000000,0.000000,1.200000,0.000000,0.000000,1.050000,0.000000,0.000000,1.350000,0.060000,0.000000,0.008000,0.000000,0.000600,0.008000,0.000000,0.000600,0.006000,0.000000,0.000000,1,1,1,145,244,377748,377748,208225,169523,0,60.00,12094,3160,121,0,0,0,12132,500.25,500.25,5,2197,0.0000,0.4890,0.5180,0.6620,0.5920
2026-04-27T17:37:54.891,2.431,1,0.00,-0.80,4.84,-0.95,1,0.0938,0.1545,-0.0586,-0.2123,-0.0164,0.2030,-17.89,-15.44,78.76,61.96,146,146,1.00000,1.00000,1.00000,1.00000,3,3,1,16.92548,0.00412,1.11563,-0.0938,-0.1545,0.3586,-0.2123,-0.0164,0.2030,17.89,-5.35,-5.45,1,1,0.0000,0.0000,0.3000,0.00,0.8300,0.4200,1.0000,6.50,180.00,1.050000,0.000000,0.000000,1.500000,0.000000,0.000000,1.200000,0.000000,0.000000,1.050000,0.000000,0.000000,1.350000,0.060000,0.000000,0.008000,0.000000,0.000600,0.008000,0.000000,0.000600,0.006000,0.000000,0.000000,1,1,1,146,245,377748,377748,208225,169523,0,60.00,12094,3160,121,0,0,0,12132,500.25,500.25,5,2197,0.0000,0.4890,0.5180,0.6620,0.5920
2026-04-27T17:37:54.907,2.448,1,0.00,-0.80,4.84,-0.95,1,0.0975,0.1546,-0.0623,-0.2243,-0.0123,0.2128,-17.62,-16.08,48.09,57.06,147,147,1.00000,1.00000,1.00000,1.00000,3,3,1,16.64420,0.00420,1.11962,-0.0975,-0.1546,0.3623,-0.2243,-0.0123,0.2128,17.62,-5.26,-5.54,1,1,0.0000,0.0000,0.3000,0.00,0.8300,0.4200,1.0000,6.50,180.00,1.050000,0.000000,0.000000,1.500000,0.000000,0.000000,1.200000,0.000000,0.000000,1.050000,0.000000,0.000000,1.350000,0.060000,0.000000,0.008000,0.000000,0.000600,0.008000,0.000000,0.000600,0.006000,0.000000,0.000000,1,1,1,147,245,377748,377748,208225,169523,0,60.00,12094,3160,121,0,0,0,12132,500.25,500.25,5,2197,0.0000,0.4890,0.5180,0.6620,0.5920
2026-04-27T17:37:54.926,2.467,1,0.00,-0.80,4.84,-0.95,1,0.1011,0.1546,-0.0663,-0.2095,0.0000,0.2130,-17.34,-15.09,60.83,60.22,148,148,1.00000,1.00000,1.00000,1.00000,3,3,1,16.52272,0.00407,1.11592,-0.1011,-0.1546,0.3663,-0.2095,0.0000,0.2130,17.34,-5.20,-5.53,1,1,0.0000,0.0000,0.3000,0.00,0.8300,0.4200,1.0000,6.50,180.00,1.050000,0.000000,0.000000,1.500000,0.000000,0.000000,1.200000,0.000000,0.000000,1.050000,0.000000,0.000000,1.350000,0.060000,0.000000,0.008000,0.000000,0.000600,0.008000,0.000000,0.000600,0.006000,0.000000,0.000000,1,1,1,148,239,377748,377748,208225,169523,0,60.00,12094,3160,121,0,0,0,12132,500.25,500.25,5,2197,0.0000,0.4890,0.5180,0.6620,0.5920
2026-04-27T17:37:54.940,2.481,1,0.00,-0.80,4.84,-0.95,1,0.1048,0.1545,-0.0700,-0.2353,0.0000,0.2368,-17.12,-15.23,53.86,63.15,149,149,1.00000,1.00000,1.00000,1.00000,3,3,1,16.31404,0.00417,1.12240,-0.1048,-0.1545,0.3700,-0.2353,0.0000,0.2368,17.12,-5.10,-5.53,1,1,0.0000,0.0000,0.3000,0.00,0.8300,0.4200,1.0000,6.50,180.00,1.050000,0.000000,0.000000,1.500000,0.000000,0.000000,1.200000,0.000000,0.000000,1.050000,0.000000,0.000000,1.350000,0.060000,0.000000,0.008000,0.000000,0.000600,0.008000,0.000000,0.000600,0.006000,0.000000,0.000000,1,1,1,149,238,377748,377748,208225,169523,0,60.00,12094,3160,121,0,0,0,12132,500.25,500.25,5,2197,0.0000,0.4890,0.5180,0.6620,0.5920
2026-04-27T17:37:54.955,2.496,1,0.00,-0.80,4.84,-0.95,1,0.1085,0.1544,-0.0740,-0.2257,0.0000,0.2342,-16.82,-20.19,74.47,58.25,150,150,1.00000,1.00000,1.00000,1.00000,3,3,1,16.08774,0.00416,1.11930,-0.1085,-0.1544,0.3740,-0.2257,0.0000,0.2342,16.82,-5.00,-5.54,1,1,0.0000,0.0000,0.3000,0.00,0.8300,0.4200,1.0000,6.50,180.00,1.050000,0.000000,0.000000,1.500000,0.000000,0.000000,1.200000,0.000000,0.000000,1.050000,0.000000,0.000000,1.350000,0.060000,0.000000,0.008000,0.000000,0.000600,0.008000,0.000000,0.000600,0.006000,0.000000,0.000000,1,1,1,150,237,377748,377748,208225,169523,0,60.00,12094,3160,121,0,0,0,12132,500.25,500.25,5,2197,0.0000,0.4890,0.5180,0.6620,0.5920
2026-04-27T17:37:54.969,2.510,1,0.00,-0.80,4.84,-0.95,1,0.1119,0.1541,-0.0773,-0.2429,0.0144,0.2361,-16.61,-15.43,67.30,58.44,151,151,1.00000,1.00000,1.00000,1.00000,3,3,1,15.86012,0.00418,1.12167,-0.1119,-0.1541,0.3773,-0.2429,0.0144,0.2361,16.61,-5.03,-5.59,1,1,0.0000,0.0000,0.3000,0.00,0.8300,0.4200,1.0000,6.50,180.00,1.050000,0.000000,0.000000,1.500000,0.000000,0.000000,1.200000,0.000000,0.000000,1.050000,0.000000,0.000000,1.350000,0.060000,0.000000,0.008000,0.000000,0.000600,0.008000,0.000000,0.000600,0.006000,0.000000,0.000000,1,1,1,151,244,377748,377748,208225,169523,0,60.00,12094,3160,121,0,0,0,12132,500.25,500.25,5,2197,0.0000,0.4890,0.5180,0.6620,0.5920
2026-04-27T17:37:54.991,2.532,1,0.40,-1.00,3.95,-2.01,1,0.1158,0.1537,-0.0810,-0.2155,0.0174,0.2071,-16.27,-16.31,48.39,63.98,152,152,1.00000,1.00000,1.00000,1.00000,3,3,1,15.75176,0.00427,1.11920,-0.1158,-0.1537,0.3810,-0.2155,0.0174,0.2071,16.27,-5.22,-5.52,1,1,0.0000,0.0000,0.3000,0.00,0.8300,0.4200,1.0000,6.50,180.00,1.050000,0.000000,0.000000,1.500000,0.000000,0.000000,1.200000,0.000000,0.000000,1.050000,0.000000,0.000000,1.350000,0.060000,0.000000,0.008000,0.000000,0.000600,0.008000,0.000000,0.000600,0.006000,0.000000,0.000000,1,1,1,152,244,377748,377748,208225,169523,0,60.00,12094,3160,151,0,0,0,12162,331.57,331.57,5,1262,0.0000,0.4970,0.5290,0.6310,0.5550
2026-04-27T17:37:55.007,2.548,1,0.40,-1.00,3.95,-2.01,1,0.1195,0.1533,-0.0838,-0.2305,0.0184,0.1931,-16.05,-12.96,63.31,59.78,153,153,1.00000,1.00000,1.00000,1.00000,3,3,1,15.58067,0.00437,1.12392,-0.1195,-0.1533,0.3838,-0.2305,0.0184,0.1931,16.05,-5.04,-5.58,1,1,0.0000,0.0000,0.3000,0.00,0.8300,0.4200,1.0000,6.50,180.00,1.050000,0.000000,0.000000,1.500000,0.000000,0.000000,1.200000,0.000000,0.000000,1.050000,0.000000,0.000000,1.350000,0.060000,0.000000,0.008000,0.000000,0.000600,0.008000,0.000000,0.000600,0.006000,0.000000,0.000000,1,1,1,153,244,377748,377748,208225,169523,0,60.00,12094,3160,151,0,0,0,12162,331.57,331.57,5,1262,0.0000,0.4970,0.5290,0.6310,0.5550
2026-04-27T17:37:55.024,2.565,1,0.40,-1.00,3.95,-2.01,1,0.1231,0.1526,-0.0863,-0.2197,0.0332,0.1696,-15.79,-15.03,62.61,58.07,154,154,1.00000,1.00000,1.00000,1.00000,3,3,1,15.38191,0.00442,1.12159,-0.1231,-0.1526,0.3863,-0.2197,0.0332,0.1696,15.79,-5.09,-5.47,1,1,0.0000,0.0000,0.3000,0.00,0.8300,0.4200,1.0000,6.50,180.00,1.050000,0.000000,0.000000,1.500000,0.000000,0.000000,1.200000,0.000000,0.000000,1.050000,0.000000,0.000000,1.350000,0.060000,0.000000,0.008000,0.000000,0.000600,0.008000,0.000000,0.000600,0.006000,0.000000,0.000000,1,1,1,154,242,377748,377748,208225,169523,0,60.00,12094,3160,151,0,0,0,12162,331.57,331.57,5,1262,0.0000,0.4970,0.5290,0.6310,0.5550
2026-04-27T17:37:55.041,2.582,1,0.40,-1.00,3.95,-2.01,1,0.1269,0.1520,-0.0886,-0.2249,0.0318,0.1542,-15.58,-13.41,61.37,62.40,155,155,1.00000,1.00000,1.00000,1.00000,3,3,1,15.26164,0.00441,1.11911,-0.1269,-0.1520,0.3886,-0.2249,0.0318,0.1542,15.58,-5.01,-5.31,1,1,0.0000,0.0000,0.3000,0.00,0.8300,0.4200,1.0000,6.50,180.00,1.050000,0.000000,0.000000,1.500000,0.000000,0.000000,1.200000,0.000000,0.000000,1.050000,0.000000,0.000000,1.350000,0.060000,0.000000,0.008000,0.000000,0.000600,0.008000,0.000000,0.000600,0.006000,0.000000,0.000000,1,1,1,155,241,377748,377748,208225,169523,0,60.00,12094,3160,151,0,0,0,12162,331.57,331.57,5,1262,0.0000,0.4970,0.5290,0.6310,0.5550
2026-04-27T17:37:55.057,2.598,1,0.40,-1.00,3.95,-2.01,1,0.1307,0.1515,-0.0903,-0.2302,0.0327,0.1296,-15.38,-12.07,56.47,59.75,156,156,1.00000,1.00000,1.00000,1.00000,3,3,1,15.13037,0.00425,1.12252,-0.1307,-0.1515,0.3903,-0.2302,0.0327,0.1296,15.38,-4.67,-5.17,1,1,0.0000,0.0000,0.3000,0.00,0.8300,0.4200,1.0000,6.50,180.00,1.050000,0.000000,0.000000,1.500000,0.000000,0.000000,1.200000,0.000000,0.000000,1.050000,0.000000,0.000000,1.350000,0.060000,0.000000,0.008000,0.000000,0.000600,0.008000,0.000000,0.000600,0.006000,0.000000,0.000000,1,1,1,156,241,377748,377748,208225,169523,0,60.00,12094,3160,151,0,0,0,12162,331.57,331.57,5,1262,0.0000,0.4970,0.5290,0.6310,0.5550
2026-04-27T17:37:55.074,2.615,1,0.40,-1.00,3.95,-2.01,1,0.1345,0.1507,-0.0918,-0.2266,0.0398,0.1103,-15.17,-12.57,64.40,59.87,157,157,1.00000,1.00000,1.00000,1.00000,3,3,1,15.04948,0.00437,1.12034,-0.1345,-0.1507,0.3918,-0.2266,0.0398,0.1103,15.17,-4.47,-5.17,1,1,0.0000,0.0000,0.3000,0.00,0.8300,0.4200,1.0000,6.50,180.00,1.050000,0.000000,0.000000,1.500000,0.000000,0.000000,1.200000,0.000000,0.000000,1.050000,0.000000,0.000000,1.350000,0.060000,0.000000,0.008000,0.000000,0.000600,0.008000,0.000000,0.000600,0.006000,0.000000,0.000000,1,1,1,157,242,377748,377748,208225,169523,0,60.00,12094,3160,151,0,0,0,12162,331.57,331.57,5,1262,0.0000,0.4970,0.5290,0.6310,0.5550
2026-04-27T17:37:55.091,2.632,1,0.40,-1.00,3.95,-2.01,1,0.1381,0.1500,-0.0931,-0.2240,0.0415,0.0943,-14.90,-15.16,58.65,57.03,158,158,1.00000,1.00000,1.00000,1.00000,3,3,1,14.96806,0.00442,1.12049,-0.1381,-0.1500,0.3931,-0.2240,0.0415,0.0943,14.90,-4.34,-5.05,1,1,0.0000,0.0000,0.3000,0.00,0.8300,0.4200,1.0000,6.50,180.00,1.050000,0.000000,0.000000,1.500000,0.000000,0.000000,1.200000,0.000000,0.000000,1.050000,0.000000,0.000000,1.350000,0.060000,0.000000,0.008000,0.000000,0.000600,0.008000,0.000000,0.000600,0.006000,0.000000,0.000000,1,1,1,158,242,377748,377748,208225,169523,0,60.00,12094,3160,151,0,0,0,12162,331.57,331.57,5,1262,0.0000,0.4970,0.5290,0.6310,0.5550
2026-04-27T17:37:55.107,2.648,1,0.40,-1.00,3.95,-2.01,1,0.1417,0.1490,-0.0938,-0.2208,0.0522,0.0664,-14.66,-15.48,57.22,63.34,159,159,1.00000,1.00000,1.00000,1.00000,3,3,1,14.82851,0.00442,1.12281,-0.1417,-0.1490,0.3938,-0.2208,0.0522,0.0664,14.66,-4.42,-5.10,1,1,0.0000,0.0000,0.3000,0.00,0.8300,0.4200,1.0000,6.50,180.00,1.050000,0.000000,0.000000,1.500000,0.000000,0.000000,1.200000,0.000000,0.000000,1.050000,0.000000,0.000000,1.350000,0.060000,0.000000,0.008000,0.000000,0.000600,0.008000,0.000000,0.000600,0.006000,0.000000,0.000000,1,1,1,159,243,377748,377748,208225,169523,0,60.00,12094,3160,151,0,0,0,12162,331.57,331.57,5,1262,0.0000,0.4970,0.5290,0.6310,0.5550
2026-04-27T17:37:55.124,2.665,1,0.40,-1.00,3.95,-2.01,1,0.1455,0.1481,-0.0946,-0.2272,0.0530,0.0614,-14.42,-14.46,60.58,58.33,160,160,1.00000,1.00000,1.00000,1.00000,3,3,1,14.70678,0.00434,1.12496,-0.1455,-0.1481,0.3946,-0.2272,0.0530,0.0614,14.42,-4.19,-5.12,1,1,0.0000,0.0000,0.3000,0.00,0.8300,0.4200,1.0000,6.50,180.00,1.050000,0.000000,0.000000,1.500000,0.000000,0.000000,1.200000,0.000000,0.000000,1.050000,0.000000,0.000000,1.350000,0.060000,0.000000,0.008000,0.000000,0.000600,0.008000,0.000000,0.000600,0.006000,0.000000,0.000000,1,1,1,160,244,377748,377748,208225,169523,0,60.00,12094,3160,151,0,0,0,12162,331.57,331.57,5,1262,0.0000,0.4970,0.5290,0.6310,0.5550
2026-04-27T17:37:55.139,2.680,1,1.00,-1.09,5.84,-0.95,1,0.1491,0.1471,-0.0953,-0.2221,0.0570,0.0501,-14.17,-14.96,60.30,66.33,161,161,1.00000,1.00000,1.00000,1.00000,3,3,1,14.60306,0.00431,1.12334,-0.1491,-0.1471,0.3953,-0.2221,0.0570,0.0501,14.17,-3.92,-5.12,1,1,0.0000,0.0000,0.3000,0.00,0.8300,0.4200,1.0000,6.50,180.00,1.050000,0.000000,0.000000,1.500000,0.000000,0.000000,1.200000,0.000000,0.000000,1.050000,0.000000,0.000000,1.350000,0.060000,0.000000,0.008000,0.000000,0.000600,0.008000,0.000000,0.000600,0.006000,0.000000,0.000000,1,1,1,161,243,377748,377748,208225,169523,0,60.00,12094,3160,151,0,0,0,12162,331.57,331.57,5,1262,0.0000,0.4970,0.5290,0.6310,0.5550
2026-04-27T17:37:55.157,2.698,1,1.00,-1.09,5.84,-0.95,1,0.1526,0.1459,-0.0959,-0.2152,0.0653,0.0437,-13.98,-11.41,68.00,56.47,162,162,1.00000,1.00000,1.00000,1.00000,3,3,1,14.48268,0.00439,1.12486,-0.1526,-0.1459,0.3959,-0.2152,0.0653,0.0437,13.98,-3.78,-5.12,1,1,0.0000,0.0000,0.3000,0.00,0.8300,0.4200,1.0000,6.50,180.00,1.050000,0.000000,0.000000,1.500000,0.000000,0.000000,1.200000,0.000000,0.000000,1.050000,0.000000,0.000000,1.350000,0.060000,0.000000,0.008000,0.000000,0.000600,0.008000,0.000000,0.000600,0.006000,0.000000,0.000000,1,1,1,162,244,377748,377748,208225,169523,0,60.00,12094,3160,151,0,0,0,12162,331.57,331.57,5,1262,0.0000,0.4970,0.5290,0.6310,0.5550
2026-04-27T17:37:55.174,2.715,1,1.00,-1.09,5.84,-0.95,1,0.1559,0.1447,-0.0966,-0.2068,0.0707,0.0421,-13.82,-9.57,56.65,59.82,163,163,1.00000,1.00000,1.00000,1.00000,3,3,1,14.34219,0.00433,1.12395,-0.1559,-0.1447,0.3966,-0.2068,0.0707,0.0421,13.82,-3.80,-5.14,1,1,0.0000,0.0000,0.3000,0.00,0.8300,0.4200,1.0000,6.50,180.00,1.050000,0.000000,0.000000,1.500000,0.000000,0.000000,1.200000,0.000000,0.000000,1.050000,0.000000,0.000000,1.350000,0.060000,0.000000,0.008000,0.000000,0.000600,0.008000,0.000000,0.000600,0.006000,0.000000,0.000000,1,1,1,163,243,377748,377748,208225,169523,0,60.00,12094,3160,151,0,0,0,12162,331.57,331.57,5,1262,0.0000,0.4970,0.5290,0.6310,0.5550
2026-04-27T17:37:55.191,2.732,1,1.60,-1.00,5.96,0.96,1,0.1593,0.1432,-0.0975,-0.2071,0.0807,0.0490,-13.68,-8.28,56.45,56.74,164,164,1.00000,1.00000,1.00000,1.00000,3,3,1,14.17292,0.00432,1.12327,-0.1593,-0.1432,0.3975,-0.2071,0.0807,0.0490,13.68,-3.58,-4.98,1,1,0.0000,0.0000,0.3000,0.00,0.8300,0.4200,1.0000,6.50,180.00,1.050000,0.000000,0.000000,1.500000,0.000000,0.000000,1.200000,0.000000,0.000000,1.050000,0.000000,0.000000,1.350000,0.060000,0.000000,0.008000,0.000000,0.000600,0.008000,0.000000,0.000600,0.006000,0.000000,0.000000,1,1,1,164,244,377748,377748,208225,169523,0,60.00,12094,3160,151,0,0,0,12162,331.57,331.57,5,1262,0.0000,0.4970,0.5290,0.6310,0.5550
2026-04-27T17:37:55.207,2.748,1,1.60,-1.00,5.96,0.96,1,0.1626,0.1418,-0.0986,-0.2039,0.0819,0.0547,-13.39,-17.66,59.13,63.59,165,165,1.00000,1.00000,1.00000,1.00000,3,3,1,13.95756,0.00451,1.12455,-0.1626,-0.1418,0.3986,-0.2039,0.0819,0.0547,13.39,-3.49,-4.97,1,1,0.0000,0.0000,0.3000,0.00,0.8300,0.4200,1.0000,6.50,180.00,1.050000,0.000000,0.000000,1.500000,0.000000,0.000000,1.200000,0.000000,0.000000,1.050000,0.000000,0.000000,1.350000,0.060000,0.000000,0.008000,0.000000,0.000600,0.008000,0.000000,0.000600,0.006000,0.000000,0.000000,1,1,1,165,244,377748,377748,208225,169523,0,60.00,12094,3160,151,0,0,0,12162,331.57,331.57,5,1262,0.0000,0.4970,0.5290,0.6310,0.5550
2026-04-27T17:37:55.224,2.765,1,1.60,-1.00,5.96,0.96,1,0.1657,0.1401,-0.0998,-0.1972,0.0946,0.0624,-13.24,-8.53,60.88,58.19,166,166,1.00000,1.00000,1.00000,1.00000,3,3,1,13.76655,0.00429,1.12267,-0.1657,-0.1401,0.3998,-0.1972,0.0946,0.0624,13.24,-3.35,-4.82,1,1,0.0000,0.0000,0.3000,0.00,0.8300,0.4200,1.0000,6.50,180.00,1.050000,0.000000,0.000000,1.500000,0.000000,0.000000,1.200000,0.000000,0.000000,1.050000,0.000000,0.000000,1.350000,0.060000,0.000000,0.008000,0.000000,0.000600,0.008000,0.000000,0.000600,0.006000,0.000000,0.000000,1,1,1,166,241,377748,377748,208225,169523,0,60.00,12094,3160,151,0,0,0,12162,331.57,331.57,5,1262,0.0000,0.4970,0.5290,0.6310,0.5550
2026-04-27T17:37:55.241,2.782,1,1.60,-1.00,5.96,0.96,1,0.1688,0.1384,-0.1012,-0.1927,0.0976,0.0733,-13.08,-9.46,60.34,61.94,167,167,1.00000,1.00000,1.00000,1.00000,3,3,1,13.63675,0.00436,1.12284,-0.1688,-0.1384,0.4012,-0.1927,0.0976,0.0733,13.08,-3.32,-4.85,1,1,0.0000,0.0000,0.3000,0.00,0.8300,0.4200,1.0000,6.50,180.00,1.050000,0.000000,0.000000,1.500000,0.000000,0.000000,1.200000,0.000000,0.000000,1.050000,0.000000,0.000000,1.350000,0.060000,0.000000,0.008000,0.000000,0.000600,0.008000,0.000000,0.000600,0.006000,0.000000,0.000000,1,1,1,167,244,377748,377748,208225,169523,0,60.00,12094,3160,151,0,0,0,12162,331.57,331.57,5,1262,0.0000,0.4970,0.5290,0.6310,0.5550
2026-04-27T17:37:55.257,2.798,1,1.60,-1.00,5.96,0.96,1,0.1717,0.1365,-0.1029,-0.1820,0.1070,0.0884,-12.86,-14.15,57.42,60.37,168,168,1.00000,1.00000,1.00000,1.00000,3,3,1,13.38686,0.00451,1.12171,-0.1717,-0.1365,0.4029,-0.1820,0.1070,0.0884,12.86,-3.35,-4.76,1,1,0.0000,0.0000,0.3000,0.00,0.8300,0.4200,1.0000,6.50,180.00,1.050000,0.000000,0.000000,1.500000,0.000000,0.000000,1.200000,0.000000,0.000000,1.050000,0.000000,0.000000,1.350000,0.060000,0.000000,0.008000,0.000000,0.000600,0.008000,0.000000,0.000600,0.006000,0.000000,0.000000,1,1,1,168,244,377748,377748,208225,169523,0,60.00,12094,3160,151,0,0,0,12162,331.57,331.57,5,1262,0.0000,0.4970,0.5290,0.6310,0.5550
2026-04-27T17:37:55.274,2.815,1,1.60,-1.00,5.96,0.96,1,0.1744,0.1346,-0.1046,-0.1732,0.1121,0.0901,-12.67,-11.47,62.24,57.76,169,169,1.00000,1.00000,1.00000,1.00000,3,3,1,13.17218,0.00448,1.12311,-0.1744,-0.1346,0.4046,-0.1732,0.1121,0.0901,12.67,-3.38,-4.77,1,1,0.0000,0.0000,0.3000,0.00,0.8300,0.4200,1.0000,6.50,180.00,1.050000,0.000000,0.000000,1.500000,0.000000,0.000000,1.200000,0.000000,0.000000,1.050000,0.000000,0.000000,1.350000,0.060000,0.000000,0.008000,0.000000,0.000600,0.008000,0.000000,0.000600,0.006000,0.000000,0.000000,1,1,1,169,243,377748,377748,208225,169523,0,60.00,12094,3160,151,0,0,0,12162,331.57,331.57,5,1262,0.0000,0.4970,0.5290,0.6310,0.5550
2026-04-27T17:37:55.290,2.831,1,2.10,-1.09,4.84,-0.95,1,0.1769,0.1323,-0.1064,-0.1648,0.1269,0.1000,-12.41,-15.01,64.29,62.25,170,170,1.00000,1.00000,1.00000,1.00000,3,3,1,12.92790,0.00466,1.12406,-0.1769,-0.1323,0.4064,-0.1648,0.1269,0.1000,12.41,-3.57,-4.77,1,1,0.0000,0.0000,0.3000,0.00,0.8300,0.4200,1.0000,6.50,180.00,1.050000,0.000000,0.000000,1.500000,0.000000,0.000000,1.200000,0.000000,0.000000,1.050000,0.000000,0.000000,1.350000,0.060000,0.000000,0.008000,0.000000,0.000600,0.008000,0.000000,0.000600,0.006000,0.000000,0.000000,1,1,1,170,242,377748,377748,208225,169523,0,60.00,12094,3160,151,0,0,0,12162,331.57,331.57,5,1262,0.0000,0.4970,0.5290,0.6310,0.5550
2026-04-27T17:37:55.307,2.848,1,2.10,-1.09,4.84,-0.95,1,0.1797,0.1300,-0.1085,-0.1638,0.1301,0.1095,-12.22,-11.78,57.74,60.10,171,171,1.00000,1.00000,1.00000,1.00000,3,3,1,12.68557,0.00467,1.12354,-0.1797,-0.1300,0.4085,-0.1638,0.1301,0.1095,12.22,-3.52,-4.62,1,1,0.0000,0.0000,0.3000,0.00,0.8300,0.4200,1.0000,6.50,180.00,1.050000,0.000000,0.000000,1.500000,0.000000,0.000000,1.200000,0.000000,0.000000,1.050000,0.000000,0.000000,1.350000,0.060000,0.000000,0.008000,0.000000,0.000600,0.008000,0.000000,0.000600,0.006000,0.000000,0.000000,1,1,1,171,240,377748,377748,208225,169523,0,60.00,12094,3160,151,0,0,0,12162,331.57,331.57,5,1262,0.0000,0.4970,0.5290,0.6310,0.5550
2026-04-27T17:37:55.324,2.865,1,2.10,-1.09,4.84,-0.95,1,0.1825,0.1279,-0.1107,-0.1700,0.1280,0.1205,-12.09,-7.81,58.22,59.52,172,172,1.00000,1.00000,1.00000,1.00000,3,3,1,12.42601,0.00457,1.12510,-0.1825,-0.1279,0.4107,-0.1700,0.1280,0.1205,12.09,-3.32,-4.69,1,1,0.0000,0.0000,0.3000,0.00,0.8300,0.4200,1.0000,6.50,180.00,1.050000,0.000000,0.000000,1.500000,0.000000,0.000000,1.200000,0.000000,0.000000,1.050000,0.000000,0.000000,1.350000,0.060000,0.000000,0.008000,0.000000,0.000600,0.008000,0.000000,0.000600,0.006000,0.000000,0.000000,1,1,1,172,242,377748,377748,208225,169523,0,60.00,12094,3160,151,0,0,0,12162,331.57,331.57,5,1262,0.0000,0.4970,0.5290,0.6310,0.5550
2026-04-27T17:37:55.340,2.881,1,2.10,-1.09,4.84,-0.95,1,0.1849,0.1256,-0.1127,-0.1590,0.1406,0.1215,-11.86,-13.43,60.27,60.10,173,173,1.00000,1.00000,1.00000,1.00000,3,3,1,12.16361,0.00473,1.12521,-0.1849,-0.1256,0.4127,-0.1590,0.1406,0.1215,11.86,-3.23,-4.75,1,1,0.0000,0.0000,0.3000,0.00,0.8300,0.4200,1.0000,6.50,180.00,1.050000,0.000000,0.000000,1.500000,0.000000,0.000000,1.200000,0.000000,0.000000,1.050000,0.000000,0.000000,1.350000,0.060000,0.000000,0.008000,0.000000,0.000600,0.008000,0.000000,0.000600,0.006000,0.000000,0.000000,1,1,1,173,244,377748,377748,208225,169523,0,60.00,12094,3160,151,0,0,0,12162,331.57,331.57,5,1262,0.0000,0.4970,0.5290,0.6310,0.5550
2026-04-27T17:37:55.357,2.898,1,2.10,-1.09,4.84,-0.95,1,0.1875,0.1231,-0.1151,-0.1538,0.1395,0.1307,-11.74,-7.42,61.85,60.50,174,174,1.00000,1.00000,1.00000,1.00000,3,3,1,11.90374,0.00459,1.12280,-0.1875,-0.1231,0.4151,-0.1538,0.1395,0.1307,11.74,-2.93,-4.68,1,1,0.0000,0.0000,0.3000,0.00,0.8300,0.4200,1.0000,6.50,180.00,1.050000,0.000000,0.000000,1.500000,0.000000,0.000000,1.200000,0.000000,0.000000,1.050000,0.000000,0.000000,1.350000,0.060000,0.000000,0.008000,0.000000,0.000600,0.008000,0.000000,0.000600,0.006000,0.000000,0.000000,1,1,1,174,243,377748,377748,208225,169523,0,60.00,12094,3160,151,0,0,0,12162,331.57,331.57,5,1262,0.0000,0.4970,0.5290,0.6310,0.5550
2026-04-27T17:37:55.374,2.915,1,2.10,-1.09,4.84,-0.95,1,0.1899,0.1206,-0.1171,-0.1482,0.1493,0.1194,-11.66,-4.81,58.38,59.67,175,175,1.00000,1.00000,1.00000,1.00000,3,3,1,11.68762,0.00449,1.12460,-0.1899,-0.1206,0.4171,-0.1482,0.1493,0.1194,11.66,-2.63,-4.66,1,1,0.0000,0.0000,0.3000,0.00,0.8300,0.4200,1.0000,6.50,180.00,1.050000,0.000000,0.000000,1.500000,0.000000,0.000000,1.200000,0.000000,0.000000,1.050000,0.000000,0.000000,1.350000,0.060000,0.000000,0.008000,0.000000,0.000600,0.008000,0.000000,0.000600,0.006000,0.000000,0.000000,1,1,1,175,243,377748,377748,208225,169523,0,60.00,12094,3160,151,0,0,0,12162,331.57,331.57,5,1262,0.0000,0.4970,0.5290,0.6310,0.5550
2026-04-27T17:37:55.390,2.931,1,2.10,-1.09,4.84,-0.95,1,0.1922,0.1180,-0.1191,-0.1464,0.1536,0.1238,-11.35,-18.18,64.00,61.82,176,176,1.00000,1.00000,1.00000,1.00000,3,3,1,11.52904,0.00444,1.12456,-0.1922,-0.1180,0.4191,-0.1464,0.1536,0.1238,11.35,-2.40,-4.65,1,1,0.0000,0.0000,0.3000,0.00,0.8300,0.4200,1.0000,6.50,180.00,1.050000,0.000000,0.000000,1.500000,0.000000,0.000000,1.200000,0.000000,0.000000,1.050000,0.000000,0.000000,1.350000,0.060000,0.000000,0.008000,0.000000,0.000600,0.008000,0.000000,0.000600,0.006000,0.000000,0.000000,1,1,1,176,243,377748,377748,208225,169523,0,60.00,12094,3160,151,0,0,0,12162,331.57,331.57,5,1262,0.0000,0.4970,0.5290,0.6310,0.5550
2026-04-27T17:37:55.404,2.945,1,2.10,-1.09,4.84,-0.95,1,0.1942,0.1154,-0.1209,-0.1379,0.1622,0.1178,-11.15,-14.35,62.31,58.45,177,177,1.00000,1.00000,1.00000,1.00000,3,3,1,11.34825,0.00453,1.12038,-0.1942,-0.1154,0.4209,-0.1379,0.1622,0.1178,11.15,-2.24,-4.67,1,1,0.0000,0.0000,0.3000,0.00,0.8300,0.4200,1.0000,6.50,180.00,1.050000,0.000000,0.000000,1.500000,0.000000,0.000000,1.200000,0.000000,0.000000,1.050000,0.000000,0.000000,1.350000,0.060000,0.000000,0.008000,0.000000,0.000600,0.008000,0.000000,0.000600,0.006000,0.000000,0.000000,1,1,1,177,244,377748,377748,208225,169523,0,60.00,12094,3160,151,0,0,0,12162,331.57,331.57,5,1262,0.0000,0.4970,0.5290,0.6310,0.5550
2026-04-27T17:37:55.423,2.964,1,2.10,-1.09,4.84,-0.95,1,0.1962,0.1124,-0.1224,-0.1230,0.1654,0.0961,-11.01,-7.20,71.76,58.23,178,178,1.00000,1.00000,1.00000,1.00000,3,3,1,11.19811,0.00464,1.12358,-0.1962,-0.1124,0.4224,-0.1230,0.1654,0.0961,11.01,-2.25,-4.58,1,1,0.0000,0.0000,0.3000,0.00,0.8300,0.4200,1.0000,6.50,180.00,1.050000,0.000000,0.000000,1.500000,0.000000,0.000000,1.200000,0.000000,0.000000,1.050000,0.000000,0.000000,1.350000,0.060000,0.000000,0.008000,0.000000,0.000600,0.008000,0.000000,0.000600,0.006000,0.000000,0.000000,1,1,1,178,241,377748,377748,208225,169523,0,60.00,12094,3160,151,0,0,0,12162,331.57,331.57,5,1262,0.0000,0.4970,0.5290,0.6310,0.5550
2026-04-27T17:37:55.439,2.980,1,2.50,-1.20,3.93,-1.01,1,0.1980,0.1095,-0.1236,-0.1125,0.1652,0.0833,-10.92,-5.55,46.65,61.39,179,179,1.00000,1.00000,1.00000,1.00000,3,3,1,10.99989,0.00454,1.12264,-0.1980,-0.1095,0.4236,-0.1125,0.1652,0.0833,10.92,-2.32,-4.47,1,1,0.0000,0.0000,0.3000,0.00,0.8300,0.4200,1.0000,6.50,180.00,1.050000,0.000000,0.000000,1.500000,0.000000,0.000000,1.200000,0.000000,0.000000,1.050000,0.000000,0.000000,1.350000,0.060000,0.000000,0.008000,0.000000,0.000600,0.008000,0.000000,0.000600,0.006000,0.000000,0.000000,1,1,1,179,243,377748,377748,208225,169523,0,60.00,12094,3160,151,0,0,0,12162,331.57,331.57,5,1262,0.0000,0.4970,0.5290,0.6310,0.5550
2026-04-27T17:37:55.454,2.995,1,2.50,-1.20,3.93,-1.01,1,0.1996,0.1065,-0.1246,-0.1160,0.1941,0.0806,-10.76,-11.30,70.38,60.42,180,180,1.00000,1.00000,1.00000,1.00000,3,3,1,10.89076,0.00448,1.12083,-0.1996,-0.1065,0.4246,-0.1160,0.1941,0.0806,10.76,-2.46,-4.38,1,1,0.0000,0.0000,0.3000,0.00,0.8300,0.4200,1.0000,6.50,180.00,1.050000,0.000000,0.000000,1.500000,0.000000,0.000000,1.200000,0.000000,0.000000,1.050000,0.000000,0.000000,1.350000,0.060000,0.000000,0.008000,0.000000,0.000600,0.008000,0.000000,0.000600,0.006000,0.000000,0.000000,1,1,1,180,242,377748,377748,208225,169523,0,60.00,12094,3160,151,0,0,0,12162,331.57,331.57,5,1262,0.0000,0.4970,0.5290,0.6310,0.5550
2026-04-27T17:37:55.470,3.011,1,2.50,-1.20,3.93,-1.01,1,0.2012,0.1034,-0.1256,-0.1061,0.1920,0.0689,-10.52,-14.89,70.62,57.07,181,181,1.00000,1.00000,1.00000,1.00000,3,3,1,10.67495,0.00465,1.12071,-0.2012,-0.1034,0.4256,-0.1061,0.1920,0.0689,10.52,-2.41,-4.25,1,1,0.0000,0.0000,0.3000,0.00,0.8300,0.4200,1.0000,6.50,180.00,1.050000,0.000000,0.000000,1.500000,0.000000,0.000000,1.200000,0.000000,0.000000,1.050000,0.000000,0.000000,1.350000,0.060000,0.000000,0.008000,0.000000,0.000600,0.008000,0.000000,0.000600,0.006000,0.000000,0.000000,1,1,1,181,244,377748,377748,208225,169523,0,60.00,12094,3160,151,0,0,0,12162,331.57,331.57,5,1262,0.0000,0.4970,0.5290,0.6310,0.5550
2026-04-27T17:37:55.487,3.028,1,2.90,-1.09,3.86,0.99,1,0.2029,0.1003,-0.1264,-0.1046,0.1844,0.0573,-10.36,-9.33,62.03,60.98,182,182,1.00000,1.00000,1.00000,1.00000,3,3,1,10.59191,0.00457,1.12216,-0.2029,-0.1003,0.4264,-0.1046,0.1844,0.0573,10.36,-2.27,-4.19,1,1,0.0000,0.0000,0.3000,0.00,0.8300,0.4200,1.0000,6.50,180.00,1.050000,0.000000,0.000000,1.500000,0.000000,0.000000,1.200000,0.000000,0.000000,1.050000,0.000000,0.000000,1.350000,0.060000,0.000000,0.008000,0.000000,0.000600,0.008000,0.000000,0.000600,0.006000,0.000000,0.000000,1,1,1,182,242,377748,377748,208225,169523,0,60.00,12094,3160,151,0,0,0,12162,331.57,331.57,5,1262,0.0000,0.4970,0.5290,0.6310,0.5550
2026-04-27T17:37:55.506,3.047,1,2.90,-1.09,3.86,0.99,1,0.2045,0.0974,-0.1271,-0.0987,0.1805,0.0490,-10.19,-9.04,58.30,62.18,183,183,1.00000,1.00000,1.00000,1.00000,3,3,1,10.44451,0.00449,1.11956,-0.2045,-0.0974,0.4271,-0.0987,0.1805,0.0490,10.19,-1.92,-4.23,1,1,0.0000,0.0000,0.3000,0.00,0.8300,0.4200,1.0000,6.50,180.00,1.050000,0.000000,0.000000,1.500000,0.000000,0.000000,1.200000,0.000000,0.000000,1.050000,0.000000,0.000000,1.350000,0.060000,0.000000,0.008000,0.000000,0.000600,0.008000,0.000000,0.000600,0.006000,0.000000,0.000000,1,1,1,183,243,377748,377748,208225,169523,0,60.00,12094,3160,151,0,0,0,12162,331.57,331.57,5,1262,0.0000,0.4970,0.5290,0.6310,0.5550
2026-04-27T17:37:55.522,3.063,1,2.90,-1.09,3.86,0.99,1,0.2056,0.0940,-0.1275,-0.0776,0.1887,0.0331,-10.10,-5.65,53.15,61.72,184,184,1.00000,1.00000,1.00000,1.00000,3,3,1,10.31840,0.00459,1.11882,-0.2056,-0.0940,0.4275,-0.0776,0.1887,0.0331,10.10,-1.82,-4.10,1,1,0.0000,0.0000,0.3000,0.00,0.8300,0.4200,1.0000,6.50,180.00,1.050000,0.000000,0.000000,1.500000,0.000000,0.000000,1.200000,0.000000,0.000000,1.050000,0.000000,0.000000,1.350000,0.060000,0.000000,0.008000,0.000000,0.000600,0.008000,0.000000,0.000600,0.006000,0.000000,0.000000,1,1,1,184,242,377748,377748,208225,169523,0,60.00,12094,3160,151,0,0,0,12162,331.57,331.57,5,1262,0.0000,0.4970,0.5290,0.6310,0.5550
2026-04-27T17:37:55.533,3.074,1,2.90,-1.09,3.86,0.99,1,0.2065,0.0909,-0.1275,-0.0809,0.2381,0.0199,-9.95,-13.00,62.72,62.98,185,185,1.00000,1.00000,1.00000,1.00000,3,3,1,10.13617,0.00449,1.11644,-0.2065,-0.0909,0.4275,-0.0809,0.2381,0.0199,9.95,-1.88,-3.99,1,1,0.0000,0.0000,0.3000,0.00,0.8300,0.4200,1.0000,6.50,180.00,1.050000,0.000000,0.000000,1.500000,0.000000,0.000000,1.200000,0.000000,0.000000,1.050000,0.000000,0.000000,1.350000,0.060000,0.000000,0.008000,0.000000,0.000600,0.008000,0.000000,0.000600,0.006000,0.000000,0.000000,1,1,1,185,242,377748,377748,208225,169523,0,60.00,12094,3160,151,0,0,0,12162,331.57,331.57,5,1262,0.0000,0.4970,0.5290,0.6310,0.5550
2026-04-27T17:37:55.555,3.096,1,2.90,-1.09,3.86,0.99,1,0.2078,0.0871,-0.1279,-0.0683,0.1967,0.0181,-9.86,-4.13,86.67,62.35,186,186,1.00000,1.00000,1.00000,1.00000,3,3,1,10.01674,0.00457,1.11917,-0.2078,-0.0871,0.4279,-0.0683,0.1967,0.0181,9.86,-1.74,-3.99,1,1,0.0000,0.0000,0.3000,0.00,0.8300,0.4200,1.0000,6.50,180.00,1.050000,0.000000,0.000000,1.500000,0.000000,0.000000,1.200000,0.000000,0.000000,1.050000,0.000000,0.000000,1.350000,0.060000,0.000000,0.008000,0.000000,0.000600,0.008000,0.000000,0.000600,0.006000,0.000000,0.000000,1,1,1,186,243,377748,377748,208225,169523,0,60.00,12094,3160,151,0,0,0,12162,331.57,331.57,5,1262,0.0000,0.4970,0.5290,0.6310,0.5550
2026-04-27T17:37:55.570,3.111,1,2.90,-1.09,3.86,0.99,1,0.2084,0.0840,-0.1282,-0.0573,0.2112,0.0208,-9.73,-8.53,45.92,53.05,187,187,1.00000,1.00000,1.00000,1.00000,3,3,1,9.85166,0.00453,1.11598,-0.2084,-0.0840,0.4282,-0.0573,0.2112,0.0208,9.73,-1.50,-3.95,1,1,0.0000,0.0000,0.3000,0.00,0.8300,0.4200,1.0000,6.50,180.00,1.050000,0.000000,0.000000,1.500000,0.000000,0.000000,1.200000,0.000000,0.000000,1.050000,0.000000,0.000000,1.350000,0.060000,0.000000,0.008000,0.000000,0.000600,0.008000,0.000000,0.000600,0.006000,0.000000,0.000000,1,1,1,187,242,377748,377748,208225,169523,0,60.00,12094,3160,151,0,0,0,12162,331.57,331.57,5,1262,0.0000,0.4970,0.5290,0.6310,0.5550
2026-04-27T17:37:55.589,3.130,1,2.90,-1.09,3.86,0.99,1,0.2090,0.0804,-0.1282,-0.0469,0.2206,0.0000,-9.64,-4.79,65.59,61.42,188,188,1.00000,1.00000,1.00000,1.00000,3,3,1,9.71210,0.00443,1.11708,-0.2090,-0.0804,0.4282,-0.0469,0.2206,0.0000,9.64,-1.45,-3.92,1,1,0.0000,0.0000,0.3000,0.00,0.8300,0.4200,1.0000,6.50,180.00,1.050000,0.000000,0.000000,1.500000,0.000000,0.000000,1.200000,0.000000,0.000000,1.050000,0.000000,0.000000,1.350000,0.060000,0.000000,0.008000,0.000000,0.000600,0.008000,0.000000,0.000600,0.006000,0.000000,0.000000,1,1,1,188,238,377748,377748,208225,169523,0,60.00,12094,3160,151,0,0,0,12162,331.57,331.57,5,1262,0.0000,0.4970,0.5290,0.6310,0.5550
2026-04-27T17:37:55.605,3.146,1,3.29,-1.00,3.91,0.96,1,0.2094,0.0767,-0.1284,-0.0325,0.2069,0.0000,-9.43,-13.17,46.97,59.74,189,189,1.00000,1.00000,1.00000,1.00000,3,3,1,9.57827,0.00480,1.11987,-0.2094,-0.0767,0.4284,-0.0325,0.2069,0.0000,9.43,-1.49,-3.96,1,1,0.0000,0.0000,0.3000,0.00,0.8300,0.4200,1.0000,6.50,180.00,1.050000,0.000000,0.000000,1.500000,0.000000,0.000000,1.200000,0.000000,0.000000,1.050000,0.000000,0.000000,1.350000,0.060000,0.000000,0.008000,0.000000,0.000600,0.008000,0.000000,0.000600,0.006000,0.000000,0.000000,1,1,1,189,239,377748,377748,208225,169523,0,60.00,12094,3160,151,0,0,0,12162,331.57,331.57,5,1262,0.0000,0.4970,0.5290,0.6310,0.5550
2026-04-27T17:37:55.622,3.163,1,3.29,-1.00,3.91,0.96,1,0.2098,0.0731,-0.1289,-0.0310,0.2159,0.0205,-9.35,-4.80,74.39,59.04,190,190,1.00000,1.00000,1.00000,1.00000,3,3,1,9.34706,0.00454,1.11585,-0.2098,-0.0731,0.4289,-0.0310,0.2159,0.0205,9.35,-1.31,-3.95,1,1,0.0000,0.0000,0.3000,0.00,0.8300,0.4200,1.0000,6.50,180.00,1.050000,0.000000,0.000000,1.500000,0.000000,0.000000,1.200000,0.000000,0.000000,1.050000,0.000000,0.000000,1.350000,0.060000,0.000000,0.008000,0.000000,0.000600,0.008000,0.000000,0.000600,0.006000,0.000000,0.000000,1,1,1,190,242,377748,377748,208225,169523,0,60.00,12094,3160,151,0,0,0,12162,331.57,331.57,5,1262,0.0000,0.4970,0.5290,0.6310,0.5550
2026-04-27T17:37:55.639,3.180,1,3.29,-1.00,3.91,0.96,1,0.2099,0.0695,-0.1296,-0.0143,0.2166,0.0275,-9.23,-6.80,60.00,61.33,191,191,1.00000,1.00000,1.00000,1.00000,3,3,1,9.28978,0.00448,1.11830,-0.2099,-0.0695,0.4296,-0.0143,0.2166,0.0275,9.23,-1.19,-3.85,1,1,0.0000,0.0000,0.3000,0.00,0.8300,0.4200,1.0000,6.50,180.00,1.050000,0.000000,0.000000,1.500000,0.000000,0.000000,1.200000,0.000000,0.000000,1.050000,0.000000,0.000000,1.350000,0.060000,0.000000,0.008000,0.000000,0.000600,0.008000,0.000000,0.000600,0.006000,0.000000,0.000000,1,1,1,191,240,377748,377748,208225,169523,0,60.00,12094,3160,151,0,0,0,12162,331.57,331.57,5,1262,0.0000,0.4970,0.5290,0.6310,0.5550
2026-04-27T17:37:55.653,3.194,1,3.29,-1.00,3.91,0.96,1,0.2099,0.0658,-0.1301,0.0000,0.2345,0.0280,-9.02,-14.81,56.64,60.04,192,192,1.00000,1.00000,1.00000,1.00000,3,3,1,9.11904,0.00465,1.11932,-0.2099,-0.0658,0.4301,0.0000,0.2345,0.0280,9.02,-1.19,-3.85,1,1,0.0000,0.0000,0.3000,0.00,0.8300,0.4200,1.0000,6.50,180.00,1.050000,0.000000,0.000000,1.500000,0.000000,0.000000,1.200000,0.000000,0.000000,1.050000,0.000000,0.000000,1.350000,0.060000,0.000000,0.008000,0.000000,0.000600,0.008000,0.000000,0.000600,0.006000,0.000000,0.000000,1,1,1,192,236,377748,377748,208225,169523,0,60.00,12094,3160,151,0,0,0,12162,331.57,331.57,5,1262,0.0000,0.4970,0.5290,0.6310,0.5550
2026-04-27T17:37:55.672,3.212,1,3.29,-1.00,3.91,0.96,1,0.2096,0.0618,-0.1309,0.0000,0.2272,0.0374,-8.94,-4.41,70.51,58.48,193,193,1.00000,1.00000,1.00000,1.00000,3,3,1,8.84943,0.00459,1.11276,-0.2096,-0.0618,0.4309,0.0000,0.2272,0.0374,8.94,-1.00,-3.77,1,1,0.0000,0.0000,0.3000,0.00,0.8300,0.4200,1.0000,6.50,180.00,1.050000,0.000000,0.000000,1.500000,0.000000,0.000000,1.200000,0.000000,0.000000,1.050000,0.000000,0.000000,1.350000,0.060000,0.000000,0.008000,0.000000,0.000600,0.008000,0.000000,0.000600,0.006000,0.000000,0.000000,1,1,1,193,234,377748,377748,208225,169523,0,60.00,12094,3160,151,0,0,0,12162,331.57,331.57,5,1262,0.0000,0.4970,0.5290,0.6310,0.5550
2026-04-27T17:37:55.688,3.229,1,3.29,-1.00,3.91,0.96,1,0.2092,0.0579,-0.1318,0.0141,0.2315,0.0448,-8.86,-4.80,47.40,59.57,194,194,1.00000,1.00000,1.00000,1.00000,3,3,1,8.70720,0.00448,1.11727,-0.2092,-0.0579,0.4318,0.0141,0.2315,0.0448,8.86,-0.87,-3.76,1,1,0.0000,0.0000,0.3000,0.00,0.8300,0.4200,1.0000,6.50,180.00,1.050000,0.000000,0.000000,1.500000,0.000000,0.000000,1.200000,0.000000,0.000000,1.050000,0.000000,0.000000,1.350000,0.060000,0.000000,0.008000,0.000000,0.000600,0.008000,0.000000,0.000600,0.006000,0.000000,0.000000,1,1,1,194,242,377748,377748,208225,169523,0,60.00,12094,3160,151,0,0,0,12162,331.57,331.57,5,1262,0.0000,0.4970,0.5290,0.6310,0.5550
2026-04-27T17:37:55.709,3.249,1,3.29,-1.00,3.91,0.96,1,0.2086,0.0539,-0.1328,0.0346,0.2824,0.0590,-8.82,-3.13,72.99,61.93,195,195,1.00000,1.00000,1.00000,1.00000,3,3,1,8.58364,0.00435,1.11424,-0.2086,-0.0539,0.4328,0.0346,0.2824,0.0590,8.82,-0.82,-3.63,1,1,0.0000,0.0000,0.3000,0.00,0.8300,0.4200,1.0000,6.50,180.00,1.050000,0.000000,0.000000,1.500000,0.000000,0.000000,1.200000,0.000000,0.000000,1.050000,0.000000,0.000000,1.350000,0.060000,0.000000,0.008000,0.000000,0.000600,0.008000,0.000000,0.000600,0.006000,0.000000,0.000000,1,1,1,195,242,377748,377748,208225,169523,0,60.00,12094,3160,151,0,0,0,12162,331.57,331.57,5,1262,0.0000,0.4970,0.5290,0.6310,0.5550
2026-04-27T17:37:55.724,3.265,1,3.29,-1.00,3.91,0.96,1,0.2075,0.0495,-0.1339,0.0447,0.2480,0.0562,-8.61,-9.78,49.23,58.81,196,196,1.00000,1.00000,1.00000,1.00000,3,3,1,8.32678,0.00470,1.11249,-0.2075,-0.0495,0.4339,0.0447,0.2480,0.0562,8.61,-0.96,-3.64,1,1,0.0000,0.0000,0.3000,0.00,0.8300,0.4200,1.0000,6.50,180.00,1.050000,0.000000,0.000000,1.500000,0.000000,0.000000,1.200000,0.000000,0.000000,1.050000,0.000000,0.000000,1.350000,0.060000,0.000000,0.008000,0.000000,0.000600,0.008000,0.000000,0.000600,0.006000,0.000000,0.000000,1,1,1,196,241,377748,377748,208225,169523,0,60.00,12094,3160,151,0,0,0,12162,331.57,331.57,5,1262,0.0000,0.4970,0.5290,0.6310,0.5550
2026-04-27T17:37:55.740,3.281,1,3.29,-1.00,3.91,0.96,1,0.2066,0.0455,-0.1352,0.0474,0.2363,0.0628,-8.47,-8.00,63.77,59.16,197,197,1.00000,1.00000,1.00000,1.00000,3,3,1,8.25761,0.00442,1.11376,-0.2066,-0.0455,0.4352,0.0474,0.2363,0.0628,8.47,-0.87,-3.67,1,1,0.0000,0.0000,0.3000,0.00,0.8300,0.4200,1.0000,6.50,180.00,1.050000,0.000000,0.000000,1.500000,0.000000,0.000000,1.200000,0.000000,0.000000,1.050000,0.000000,0.000000,1.350000,0.060000,0.000000,0.008000,0.000000,0.000600,0.008000,0.000000,0.000600,0.006000,0.000000,0.000000,1,1,1,197,242,377748,377748,208225,169523,0,60.00,12094,3160,151,0,0,0,12162,331.57,331.57,5,1262,0.0000,0.4970,0.5290,0.6310,0.5550
2026-04-27T17:37:55.757,3.298,1,3.29,-1.00,3.91,0.96,1,0.2055,0.0414,-0.1362,0.0603,0.2491,0.0604,-8.29,-10.59,56.28,64.24,198,198,1.00000,1.00000,1.00000,1.00000,3,3,1,7.98996,0.00457,1.11255,-0.2055,-0.0414,0.4362,0.0603,0.2491,0.0604,8.29,-0.85,-3.59,1,1,0.0000,0.0000,0.3000,0.00,0.8300,0.4200,1.0000,6.50,180.00,1.050000,0.000000,0.000000,1.500000,0.000000,0.000000,1.200000,0.000000,0.000000,1.050000,0.000000,0.000000,1.350000,0.060000,0.000000,0.008000,0.000000,0.000600,0.008000,0.000000,0.000600,0.006000,0.000000,0.000000,1,1,1,198,240,377748,377748,208225,169523,0,60.00,12094,3160,151,0,0,0,12162,331.57,331.57,5,1262,0.0000,0.4970,0.5290,0.6310,0.5550
2026-04-27T17:37:55.772,3.313,1,3.29,-1.00,3.91,0.96,1,0.2041,0.0371,-0.1375,0.0726,0.2515,0.0703,-8.23,-4.08,66.71,58.80,199,199,1.00000,1.00000,1.00000,1.00000,3,3,1,7.81683,0.00451,1.11208,-0.2041,-0.0371,0.4375,0.0726,0.2515,0.0703,8.23,-0.86,-3.49,1,1,0.0000,0.0000,0.3000,0.00,0.8300,0.4200,1.0000,6.50,180.00,1.050000,0.000000,0.000000,1.500000,0.000000,0.000000,1.200000,0.000000,0.000000,1.050000,0.000000,0.000000,1.350000,0.060000,0.000000,0.008000,0.000000,0.000600,0.008000,0.000000,0.000600,0.006000,0.000000,0.000000,1,1,1,199,241,377748,377748,208225,169523,0,60.00,12094,3160,151,0,0,0,12162,331.57,331.57,5,1262,0.0000,0.4970,0.5290,0.6310,0.5550
2026-04-27T17:37:55.790,3.331,1,3.29,-1.00,3.91,0.96,1,0.2028,0.0332,-0.1387,0.0764,0.2494,0.0687,-8.10,-6.98,67.98,58.86,200,200,1.00000,1.00000,1.00000,1.00000,3,3,1,7.79240,0.00456,1.11081,-0.2028,-0.0332,0.4387,0.0764,0.2494,0.0687,8.10,-0.68,-3.49,1,1,0.0000,0.0000,0.3000,0.00,0.8300,0.4200,1.0000,6.50,180.00,1.050000,0.000000,0.000000,1.500000,0.000000,0.000000,1.200000,0.000000,0.000000,1.050000,0.000000,0.000000,1.350000,0.060000,0.000000,0.008000,0.000000,0.000600,0.008000,0.000000,0.000600,0.006000,0.000000,0.000000,1,1,1,200,241,377748,377748,208225,169523,0,60.00,12094,3160,151,0,0,0,12162,331.57,331.57,5,1262,0.0000,0.4970,0.5290,0.6310,0.5550
2026-04-27T17:37:55.803,3.344,1,3.70,-0.50,0.95,1.97,1,0.2011,0.0291,-0.1398,0.0971,0.2639,0.0711,-8.08,-1.57,50.29,59.90,201,201,1.00000,1.00000,1.00000,1.00000,3,3,1,7.64586,0.00451,1.10986,-0.2011,-0.0291,0.4398,0.0971,0.2639,0.0711,8.08,-0.63,-3.49,1,1,0.0000,0.0000,0.3000,0.00,0.8300,0.4200,1.0000,6.50,180.00,1.050000,0.000000,0.000000,1.500000,0.000000,0.000000,1.200000,0.000000,0.000000,1.050000,0.000000,0.000000,1.350000,0.060000,0.000000,0.008000,0.000000,0.000600,0.008000,0.000000,0.000600,0.006000,0.000000,0.000000,1,1,1,201,241,377748,377748,208225,169523,0,60.00,12094,3160,151,0,0,0,12162,331.57,331.57,5,1262,0.0000,0.4970,0.5290,0.6310,0.5550
2026-04-27T17:37:55.821,3.362,1,3.70,-0.50,0.95,1.97,1,0.1993,0.0246,-0.1407,0.0951,0.2508,0.0557,-8.02,-3.25,87.25,59.12,202,202,1.00000,1.00000,1.00000,1.00000,3,3,1,7.41435,0.00457,1.11240,-0.1993,-0.0246,0.4407,0.0951,0.2508,0.0557,8.02,-0.70,-3.36,1,1,0.0000,0.0000,0.3000,0.00,0.8300,0.4200,1.0000,6.50,180.00,1.050000,0.000000,0.000000,1.500000,0.000000,0.000000,1.200000,0.000000,0.000000,1.050000,0.000000,0.000000,1.350000,0.060000,0.000000,0.008000,0.000000,0.000600,0.008000,0.000000,0.000600,0.006000,0.000000,0.000000,1,1,1,202,241,377748,377748,208225,169523,0,60.00,12094,3160,151,0,0,0,12162,331.57,331.57,5,1262,0.0000,0.4970,0.5290,0.6310,0.5550
2026-04-27T17:37:55.838,3.379,1,3.70,-0.50,0.95,1.97,1,0.1975,0.0206,-0.1416,0.1058,0.2464,0.0572,-7.97,-3.00,54.14,58.78,203,203,1.00000,1.00000,1.00000,1.00000,3,3,1,7.40148,0.00430,1.10591,-0.1975,-0.0206,0.4416,0.1058,0.2464,0.0572,7.97,-0.48,-3.35,1,1,0.0000,0.0000,0.3000,0.00,0.8300,0.4200,1.0000,6.50,180.00,1.050000,0.000000,0.000000,1.500000,0.000000,0.000000,1.200000,0.000000,0.000000,1.050000,0.000000,0.000000,1.350000,0.060000,0.000000,0.008000,0.000000,0.000600,0.008000,0.000000,0.000600,0.006000,0.000000,0.000000,1,1,1,203,242,377748,377748,208225,169523,0,60.00,12094,3160,151,0,0,0,12162,331.57,331.57,5,1262,0.0000,0.4970,0.5290,0.6310,0.5550
2026-04-27T17:37:55.855,3.396,1,3.70,-0.50,0.95,1.97,1,0.1951,0.0163,-0.1422,0.1259,0.2574,0.0429,-7.81,-9.59,60.00,62.06,204,204,1.00000,1.00000,1.00000,1.00000,3,3,1,7.21099,0.00463,1.10773,-0.1951,-0.0163,0.4422,0.1259,0.2574,0.0429,7.81,-0.78,-3.33,1,1,0.0000,0.0000,0.3000,0.00,0.8300,0.4200,1.0000,6.50,180.00,1.050000,0.000000,0.000000,1.500000,0.000000,0.000000,1.200000,0.000000,0.000000,1.050000,0.000000,0.000000,1.350000,0.060000,0.000000,0.008000,0.000000,0.000600,0.008000,0.000000,0.000600,0.006000,0.000000,0.000000,1,1,1,204,242,377748,377748,208225,169523,0,60.00,12094,3160,151,0,0,0,12162,331.57,331.57,5,1262,0.0000,0.4970,0.5290,0.6310,0.5550
2026-04-27T17:37:55.871,3.412,1,3.70,-0.50,0.95,1.97,1,0.1930,0.0120,-0.1426,0.1240,0.2594,0.0344,-7.80,-0.60,59.96,58.21,205,205,1.00000,1.00000,1.00000,1.00000,3,3,1,7.20904,0.00455,1.10598,-0.1930,-0.0120,0.4426,0.1240,0.2594,0.0344,7.80,-0.74,-3.22,1,1,0.0000,0.0000,0.3000,0.00,0.8300,0.4200,1.0000,6.50,180.00,1.050000,0.000000,0.000000,1.500000,0.000000,0.000000,1.200000,0.000000,0.000000,1.050000,0.000000,0.000000,1.350000,0.060000,0.000000,0.008000,0.000000,0.000600,0.008000,0.000000,0.000600,0.006000,0.000000,0.000000,1,1,1,205,241,377748,377748,208225,169523,0,60.00,12094,3160,151,0,0,0,12162,331.57,331.57,5,1262,0.0000,0.4970,0.5290,0.6310,0.5550
2026-04-27T17:37:55.888,3.429,1,3.70,-0.50,0.95,1.97,1,0.1909,0.0077,-0.1430,0.1282,0.2583,0.0309,-7.63,-10.22,60.05,60.93,206,206,1.00000,1.00000,1.00000,1.00000,3,3,1,7.20302,0.00455,1.10662,-0.1909,-0.0077,0.4430,0.1282,0.2583,0.0309,7.63,-0.44,-3.15,1,1,0.0000,0.0000,0.3000,0.00,0.8300,0.4200,1.0000,6.50,180.00,1.050000,0.000000,0.000000,1.500000,0.000000,0.000000,1.200000,0.000000,0.000000,1.050000,0.000000,0.000000,1.350000,0.060000,0.000000,0.008000,0.000000,0.000600,0.008000,0.000000,0.000600,0.006000,0.000000,0.000000,1,1,1,206,242,377748,377748,208225,169523,0,60.00,12094,3160,151,0,0,0,12162,331.57,331.57,5,1262,0.0000,0.4970,0.5290,0.6310,0.5550
2026-04-27T17:37:55.906,3.447,1,3.70,-0.30,0.00,1.95,1,0.1884,0.0036,-0.1430,0.1634,0.2876,0.0122,-7.58,-2.76,60.12,59.86,207,207,1.00000,1.00000,1.00000,1.00000,3,3,1,7.12177,0.00428,1.10527,-0.1884,-0.0036,0.4430,0.1634,0.2876,0.0122,7.58,-0.37,-3.07,1,1,0.0000,0.0000,0.3000,0.00,0.8300,0.4200,1.0000,6.50,180.00,1.050000,0.000000,0.000000,1.500000,0.000000,0.000000,1.200000,0.000000,0.000000,1.050000,0.000000,0.000000,1.350000,0.060000,0.000000,0.008000,0.000000,0.000600,0.008000,0.000000,0.000600,0.006000,0.000000,0.000000,1,1,1,207,242,377748,377748,208225,169523,0,60.00,12094,3160,151,0,0,0,12162,331.57,331.57,5,1262,0.0000,0.4970,0.5290,0.6310,0.5550
2026-04-27T17:37:55.922,3.463,1,3.70,-0.30,0.00,1.95,1,0.1853,-0.0010,-0.1428,0.1626,0.2642,0.0000,-7.43,-9.40,55.28,61.91,208,208,1.00000,1.00000,1.00000,1.00000,3,3,1,6.97498,0.00456,1.10745,-0.1853,0.0010,0.4428,0.1626,0.2642,0.0000,7.43,-0.45,-3.12,1,1,0.0000,0.0000,0.3000,0.00,0.8300,0.4200,1.0000,6.50,180.00,1.050000,0.000000,0.000000,1.500000,0.000000,0.000000,1.200000,0.000000,0.000000,1.050000,0.000000,0.000000,1.350000,0.060000,0.000000,0.008000,0.000000,0.000600,0.008000,0.000000,0.000600,0.006000,0.000000,0.000000,1,1,1,208,233,377748,377748,208225,169523,0,60.00,12094,3160,151,0,0,0,12162,331.57,331.57,5,1262,0.0000,0.4970,0.5290,0.6310,0.5550
2026-04-27T17:37:55.938,3.479,1,3.70,-0.30,0.00,1.95,1,0.1823,-0.0054,-0.1424,0.1635,0.2524,-0.0110,-7.19,-14.72,62.63,59.54,209,209,1.00000,1.00000,1.00000,1.00000,3,3,1,6.91552,0.00470,1.10373,-0.1823,0.0054,0.4424,0.1635,0.2524,-0.0110,7.19,-0.67,-3.17,1,1,0.0000,0.0000,0.3000,0.00,0.8300,0.4200,1.0000,6.50,180.00,1.050000,0.000000,0.000000,1.500000,0.000000,0.000000,1.200000,0.000000,0.000000,1.050000,0.000000,0.000000,1.350000,0.060000,0.000000,0.008000,0.000000,0.000600,0.008000,0.000000,0.000600,0.006000,0.000000,0.000000,1,1,1,209,242,377748,377748,208225,169523,0,60.00,12094,3160,151,0,0,0,12162,331.57,331.57,5,1262,0.0000,0.4970,0.5290,0.6310,0.5550
2026-04-27T17:37:55.947,3.488,1,3.70,-0.30,0.00,1.95,1,0.1795,-0.0090,-0.1423,0.2561,0.3471,-0.0112,-7.08,-12.27,53.18,76.94,210,210,1.00000,1.00000,1.00000,1.00000,3,3,1,6.83379,0.00459,1.10130,-0.1795,0.0090,0.4423,0.2561,0.3471,-0.0112,7.08,-0.78,-3.21,1,1,0.0000,0.0000,0.3000,0.00,0.8300,0.4200,1.0000,6.50,180.00,1.050000,0.000000,0.000000,1.500000,0.000000,0.000000,1.200000,0.000000,0.000000,1.050000,0.000000,0.000000,1.350000,0.060000,0.000000,0.008000,0.000000,0.000600,0.008000,0.000000,0.000600,0.006000,0.000000,0.000000,1,1,1,210,242,377748,377748,208225,169523,0,60.00,12094,3160,151,0,0,0,12162,331.57,331.57,5,1262,0.0000,0.4970,0.5290,0.6310,0.5550
2026-04-27T17:37:55.971,3.512,1,3.70,-0.30,0.00,1.95,1,0.1754,-0.0144,-0.1418,0.2000,0.2706,-0.0180,-6.93,-6.25,154.76,48.59,211,211,1.00000,1.00000,1.00000,1.00000,3,3,1,6.83300,0.00448,1.09822,-0.1754,0.0144,0.4418,0.2000,0.2706,-0.0180,6.93,-0.91,-3.38,1,1,0.0000,0.0000,0.3000,0.00,0.8300,0.4200,1.0000,6.50,180.00,1.050000,0.000000,0.000000,1.500000,0.000000,0.000000,1.200000,0.000000,0.000000,1.050000,0.000000,0.000000,1.350000,0.060000,0.000000,0.008000,0.000000,0.000600,0.008000,0.000000,0.000600,0.006000,0.000000,0.000000,1,1,1,211,240,377748,377748,208225,169523,0,60.00,12094,3160,151,0,0,0,12162,331.57,331.57,5,1262,0.0000,0.4970,0.5290,0.6310,0.5550
2026-04-27T17:37:55.988,3.529,1,3.70,-0.30,0.00,1.95,1,0.1724,-0.0180,-0.1414,0.2044,0.2570,-0.0179,-6.78,-8.95,41.68,61.52,212,212,1.00000,1.00000,1.00000,1.00000,3,3,1,6.64747,0.00457,1.10039,-0.1724,0.0180,0.4414,0.2044,0.2570,-0.0179,6.78,-1.09,-3.43,1,1,0.0000,0.0000,0.3000,0.00,0.8300,0.4200,1.0000,6.50,180.00,1.050000,0.000000,0.000000,1.500000,0.000000,0.000000,1.200000,0.000000,0.000000,1.050000,0.000000,0.000000,1.350000,0.060000,0.000000,0.008000,0.000000,0.000600,0.008000,0.000000,0.000600,0.006000,0.000000,0.000000,1,1,1,212,242,377748,377748,208225,169523,0,60.00,12094,3160,151,0,0,0,12162,331.57,331.57,5,1262,0.0000,0.4970,0.5290,0.6310,0.5550
2026-04-27T17:37:56.006,3.547,1,3.70,-0.30,0.00,1.95,1,0.1691,-0.0220,-0.1413,0.2120,0.2635,-0.0149,-6.72,-3.36,59.65,59.67,213,213,1.00000,1.00000,1.00000,1.00000,3,3,1,6.50037,0.00428,1.09743,-0.1691,0.0220,0.4413,0.2120,0.2635,-0.0149,6.72,-1.08,-3.51,1,1,0.0000,0.0000,0.3000,0.00,0.8300,0.4200,1.0000,6.50,180.00,1.050000,0.000000,0.000000,1.500000,0.000000,0.000000,1.200000,0.000000,0.000000,1.050000,0.000000,0.000000,1.350000,0.060000,0.000000,0.008000,0.000000,0.000600,0.008000,0.000000,0.000600,0.006000,0.000000,0.000000,1,1,1,213,242,377748,377748,208225,169523,0,60.00,12094,3160,151,0,0,0,12162,331.57,331.57,5,1262,0.0000,0.4970,0.5290,0.6310,0.5550
2026-04-27T17:37:56.024,3.565,1,3.70,-0.30,0.00,1.95,1,0.1654,-0.0262,-0.1411,0.2143,0.2516,-0.0138,-6.65,-4.24,53.02,61.48,214,214,1.00000,1.00000,1.00000,1.00000,3,3,1,6.47355,0.00431,1.09778,-0.1654,0.0262,0.4411,0.2143,0.2516,-0.0138,6.65,-1.16,-3.60,1,1,0.0000,0.0000,0.3000,0.00,0.8300,0.4200,1.0000,6.50,180.00,1.050000,0.000000,0.000000,1.500000,0.000000,0.000000,1.200000,0.000000,0.000000,1.050000,0.000000,0.000000,1.350000,0.060000,0.000000,0.008000,0.000000,0.000600,0.008000,0.000000,0.000600,0.006000,0.000000,0.000000,1,1,1,214,241,377748,377748,208225,169523,0,60.00,12094,3160,151,0,0,0,12162,331.57,331.57,5,1262,0.0000,0.4970,0.5290,0.6310,0.5550
2026-04-27T17:37:56.040,3.581,1,3.70,-0.30,0.00,1.95,1,0.1615,-0.0307,-0.1410,0.2268,0.2642,-0.0113,-6.48,-10.12,57.10,58.66,215,215,1.00000,1.00000,1.00000,1.00000,3,3,1,6.41255,0.00425,1.09511,-0.1615,0.0307,0.4410,0.2268,0.2642,-0.0113,6.48,-1.21,-3.68,1,1,0.0000,0.0000,0.3000,0.00,0.8300,0.4200,1.0000,6.50,180.00,1.050000,0.000000,0.000000,1.500000,0.000000,0.000000,1.200000,0.000000,0.000000,1.050000,0.000000,0.000000,1.350000,0.060000,0.000000,0.008000,0.000000,0.000600,0.008000,0.000000,0.000600,0.006000,0.000000,0.000000,1,1,1,215,242,377748,377748,208225,169523,0,60.00,12094,3160,151,0,0,0,12162,331.57,331.57,5,1262,0.0000,0.4970,0.5290,0.6310,0.5550
2026-04-27T17:37:56.052,3.593,1,3.70,0.00,0.00,2.98,0,0.0000,0.0000,0.3000,0.0000,0.0000,0.0000,0.00,0.00,59.53,59.70,216,215,0.99537,0.99537,1.00000,0.99537,3,2,0,0.00000,0.00000,1.00000,0.0000,0.0000,0.0000,0.0000,0.0000,0.0000,0.00,0.00,0.00,1,1,0.0000,0.0000,0.3000,0.00,0.8300,0.4200,1.0000,6.50,180.00,1.050000,0.000000,0.000000,1.500000,0.000000,0.000000,1.200000,0.000000,0.000000,1.050000,0.000000,0.000000,1.350000,0.060000,0.000000,0.008000,0.000000,0.000600,0.008000,0.000000,0.000600,0.006000,0.000000,0.000000,1,1,1,216,205,377748,377748,208225,169523,0,60.00,12094,3160,151,0,0,0,12162,331.57,331.57,5,1262,0.0000,0.4970,0.5290,0.6310,0.5550
2026-04-27T17:37:56.069,3.610,1,3.70,0.00,0.00,2.98,0,0.0000,0.0000,0.3000,0.0000,0.0000,0.0000,0.00,0.00,93.08,60.13,217,215,0.99078,0.99078,1.00000,0.99078,3,2,0,0.00000,0.00000,1.00000,0.0000,0.0000,0.0000,0.0000,0.0000,0.0000,0.00,0.00,0.00,1,1,0.0000,0.0000,0.3000,0.00,0.8300,0.4200,1.0000,6.50,180.00,1.050000,0.000000,0.000000,1.500000,0.000000,0.000000,1.200000,0.000000,0.000000,1.050000,0.000000,0.000000,1.350000,0.060000,0.000000,0.008000,0.000000,0.000600,0.008000,0.000000,0.000600,0.006000,0.000000,0.000000,1,1,1,217,205,377748,377748,208225,169523,0,60.00,12094,3160,151,0,0,0,12162,331.57,331.57,5,1262,0.0000,0.4970,0.5290,0.6310,0.5550
2026-04-27T17:37:56.085,3.626,1,3.70,0.00,0.00,2.98,0,0.0000,0.0000,0.3000,0.0000,0.0000,0.0000,0.00,0.00,60.15,60.24,218,215,0.98624,0.98624,1.00000,0.98624,3,2,0,0.00000,0.00000,1.00000,0.0000,0.0000,0.0000,0.0000,0.0000,0.0000,0.00,0.00,0.00,1,1,0.0000,0.0000,0.3000,0.00,0.8300,0.4200,1.0000,6.50,180.00,1.050000,0.000000,0.000000,1.500000,0.000000,0.000000,1.200000,0.000000,0.000000,1.050000,0.000000,0.000000,1.350000,0.060000,0.000000,0.008000,0.000000,0.000600,0.008000,0.000000,0.000600,0.006000,0.000000,0.000000,1,1,1,218,205,377748,377748,208225,169523,0,60.00,12094,3160,151,0,0,0,12162,331.57,331.57,5,1262,0.0000,0.4970,0.5290,0.6310,0.5550
2026-04-27T17:37:56.102,3.643,1,3.29,0.30,-3.89,2.89,0,0.0000,0.0000,0.3000,0.0000,0.0000,0.0000,0.00,0.00,56.83,59.69,219,215,0.98174,0.98174,1.00000,0.98174,3,2,0,0.00000,0.00000,1.00000,0.0000,0.0000,0.0000,0.0000,0.0000,0.0000,0.00,0.00,0.00,1,1,0.0000,0.0000,0.3000,0.00,0.8300,0.4200,1.0000,6.50,180.00,1.050000,0.000000,0.000000,1.500000,0.000000,0.000000,1.200000,0.000000,0.000000,1.050000,0.000000,0.000000,1.350000,0.060000,0.000000,0.008000,0.000000,0.000600,0.008000,0.000000,0.000600,0.006000,0.000000,0.000000,1,1,1,219,205,377748,377748,208225,169523,0,60.00,12094,3160,151,0,0,0,12162,331.57,331.57,5,1262,0.0000,0.4970,0.5290,0.6310,0.5550
2026-04-27T17:37:56.118,3.659,1,3.29,0.30,-3.89,2.89,0,0.0000,0.0000,0.3000,0.0000,0.0000,0.0000,0.00,0.00,63.48,58.28,220,215,0.97727,0.97727,1.00000,0.97727,3,2,0,0.00000,0.00000,1.00000,0.0000,0.0000,0.0000,0.0000,0.0000,0.0000,0.00,0.00,0.00,1,1,0.0000,0.0000,0.3000,0.00,0.8300,0.4200,1.0000,6.50,180.00,1.050000,0.000000,0.000000,1.500000,0.000000,0.000000,1.200000,0.000000,0.000000,1.050000,0.000000,0.000000,1.350000,0.060000,0.000000,0.008000,0.000000,0.000600,0.008000,0.000000,0.000600,0.006000,0.000000,0.000000,1,1,1,220,205,377748,377748,208225,169523,0,60.00,12094,3160,151,0,0,0,12162,331.57,331.57,5,1262,0.0000,0.4970,0.5290,0.6310,0.5550
2026-04-27T17:37:56.135,3.676,1,3.29,0.30,-3.89,2.89,0,0.0000,0.0000,0.3000,0.0000,0.0000,0.0000,0.00,0.00,57.31,62.17,221,215,0.97285,0.97285,1.00000,0.97285,3,2,0,0.00000,0.00000,1.00000,0.0000,0.0000,0.0000,0.0000,0.0000,0.0000,0.00,0.00,0.00,1,1,0.0000,0.0000,0.3000,0.00,0.8300,0.4200,1.0000,6.50,180.00,1.050000,0.000000,0.000000,1.500000,0.000000,0.000000,1.200000,0.000000,0.000000,1.050000,0.000000,0.000000,1.350000,0.060000,0.000000,0.008000,0.000000,0.000600,0.008000,0.000000,0.000600,0.006000,0.000000,0.000000,1,1,1,221,205,377748,377748,208225,169523,0,60.00,12094,3160,151,0,0,0,12162,331.57,331.57,5,1262,0.0000,0.4970,0.5290,0.6310,0.5550
2026-04-27T17:37:56.157,3.698,1,3.29,0.30,-3.89,2.89,1,0.1315,-0.0602,-0.1314,0.0000,0.0000,0.0000,-5.87,0.00,59.54,59.48,222,216,0.97297,0.97297,1.00000,0.97297,3,3,1,7.64454,0.00432,1.09176,-0.1315,0.0602,0.4314,0.0000,0.0000,0.0000,5.87,-1.96,-3.85,1,1,0.0000,0.0000,0.3000,0.00,0.8300,0.4200,1.0000,6.50,180.00,1.050000,0.000000,0.000000,1.500000,0.000000,0.000000,1.200000,0.000000,0.000000,1.050000,0.000000,0.000000,1.350000,0.060000,0.000000,0.008000,0.000000,0.000600,0.008000,0.000000,0.000600,0.006000,0.000000,0.000000,1,1,1,222,228,377748,377748,208225,169523,0,60.00,12094,3160,151,0,0,0,12162,331.57,331.57,5,1262,0.0000,0.4970,0.5290,0.6310,0.5550
2026-04-27T17:37:56.174,3.715,1,3.29,0.30,-3.89,2.89,1,0.1284,-0.0636,-0.1248,0.1167,0.1236,-0.2428,-5.49,-21.61,47.99,58.08,223,217,0.97309,0.97309,1.00000,0.97309,3,3,1,8.64249,0.00434,1.09037,-0.1284,0.0636,0.4248,0.1167,0.1236,-0.2428,5.49,-2.45,-3.39,1,1,0.0000,0.0000,0.3000,0.00,0.8300,0.4200,1.0000,6.50,180.00,1.050000,0.000000,0.000000,1.500000,0.000000,0.000000,1.200000,0.000000,0.000000,1.050000,0.000000,0.000000,1.350000,0.060000,0.000000,0.008000,0.000000,0.000600,0.008000,0.000000,0.000600,0.006000,0.000000,0.000000,1,1,1,223,242,377748,377748,208225,169523,0,60.00,12094,3160,151,0,0,0,12162,331.57,331.57,5,1262,0.0000,0.4970,0.5290,0.6310,0.5550
2026-04-27T17:37:56.191,3.732,1,3.29,0.30,-3.89,2.89,1,0.1242,-0.0678,-0.1138,0.1692,0.1712,-0.4320,-5.28,-12.68,50.69,61.24,224,218,0.97321,0.97321,1.00000,0.97321,3,3,1,9.44297,0.00408,1.09114,-0.1242,0.0678,0.4138,0.1692,0.1712,-0.4320,5.28,-2.80,-3.06,1,1,0.0000,0.0000,0.3000,0.00,0.8300,0.4200,1.0000,6.50,180.00,1.050000,0.000000,0.000000,1.500000,0.000000,0.000000,1.200000,0.000000,0.000000,1.050000,0.000000,0.000000,1.350000,0.060000,0.000000,0.008000,0.000000,0.000600,0.008000,0.000000,0.000600,0.006000,0.000000,0.000000,1,1,1,224,241,377748,377748,208225,169523,0,60.00,12094,3160,151,0,0,0,12162,331.57,331.57,5,1262,0.0000,0.4970,0.5290,0.6310,0.5550
2026-04-27T17:37:56.207,3.748,1,-0.50,-0.10,-37.93,-3.95,1,0.1195,-0.0721,-0.0993,0.2447,0.2310,-0.7245,-5.10,-11.15,64.25,64.72,225,219,0.97333,0.97333,1.00000,0.97333,3,3,1,10.41280,0.00416,1.08935,-0.1195,0.0721,0.3993,0.2447,0.2310,-0.7245,5.10,-3.74,-2.69,1,1,0.0000,0.0000,0.3000,0.00,0.8300,0.4200,1.0000,6.50,180.00,1.050000,0.000000,0.000000,1.500000,0.000000,0.000000,1.200000,0.000000,0.000000,1.050000,0.000000,0.000000,1.350000,0.060000,0.000000,0.008000,0.000000,0.000600,0.008000,0.000000,0.000600,0.006000,0.000000,0.000000,1,1,1,225,241,377748,377748,208225,169523,0,60.00,12094,3160,151,0,0,0,12162,331.57,331.57,5,1262,0.0000,0.4970,0.5290,0.6310,0.5550
2026-04-27T17:37:56.225,3.766,1,-0.50,-0.10,-37.93,-3.95,1,0.1148,-0.0768,-0.0806,0.2332,0.2293,-0.8292,-4.77,-19.00,62.48,53.95,226,220,0.97345,0.97345,1.00000,0.97345,3,3,1,11.42697,0.00382,1.09296,-0.1148,0.0768,0.3806,0.2332,0.2293,-0.8292,4.77,-4.69,-2.49,1,1,0.0000,0.0000,0.3000,0.00,0.8300,0.4200,1.0000,6.50,180.00,1.050000,0.000000,0.000000,1.500000,0.000000,0.000000,1.200000,0.000000,0.000000,1.050000,0.000000,0.000000,1.350000,0.060000,0.000000,0.008000,0.000000,0.000600,0.008000,0.000000,0.000600,0.006000,0.000000,0.000000,1,1,1,226,242,377748,377748,208225,169523,0,60.00,12094,3160,151,0,0,0,12162,331.57,331.57,5,1262,0.0000,0.4970,0.5290,0.6310,0.5550
2026-04-27T17:37:56.240,3.781,1,-0.50,-0.10,-37.93,-3.95,1,0.1105,-0.0807,-0.0605,0.2622,0.2471,-1.0876,-4.61,-9.85,57.63,63.34,227,221,0.97357,0.97357,1.00000,0.97357,3,3,1,12.52399,0.00367,1.09001,-0.1105,0.0807,0.3605,0.2622,0.2471,-1.0876,4.61,-5.72,-2.14,1,1,0.0000,0.0000,0.3000,0.00,0.8300,0.4200,1.0000,6.50,180.00,1.050000,0.000000,0.000000,1.500000,0.000000,0.000000,1.200000,0.000000,0.000000,1.050000,0.000000,0.000000,1.350000,0.060000,0.000000,0.008000,0.000000,0.000600,0.008000,0.000000,0.000600,0.006000,0.000000,0.000000,1,1,1,227,241,377748,377748,208225,169523,0,60.00,12094,3160,151,0,0,0,12162,331.57,331.57,5,1262,0.0000,0.4970,0.5290,0.6310,0.5550
2026-04-27T17:37:56.260,3.801,1,-0.50,-0.10,-37.93,-3.95,1,0.1058,-0.0849,-0.0358,0.2425,0.2227,-1.1390,-4.59,-1.02,65.61,60.03,228,222,0.97368,0.97368,1.00000,0.97368,3,3,1,13.69470,0.00353,1.09097,-0.1058,0.0849,0.3358,0.2425,0.2227,-1.1390,4.59,-6.91,-1.86,1,1,0.0000,0.0000,0.3000,0.00,0.8300,0.4200,1.0000,6.50,180.00,1.050000,0.000000,0.000000,1.500000,0.000000,0.000000,1.200000,0.000000,0.000000,1.050000,0.000000,0.000000,1.350000,0.060000,0.000000,0.008000,0.000000,0.000600,0.008000,0.000000,0.000600,0.006000,0.000000,0.000000,1,1,1,228,242,377748,377748,208225,169523,0,60.00,12094,3160,151,0,0,0,12162,331.57,331.57,5,1262,0.0000,0.4970,0.5290,0.6310,0.5550
2026-04-27T17:37:56.275,3.816,1,-0.50,-0.10,-37.93,-3.95,1,0.1023,-0.0885,-0.0109,0.2670,0.2625,-1.5853,-4.62,2.18,49.03,60.54,229,223,0.97380,0.97380,1.00000,0.97380,3,3,1,14.83303,0.00321,1.09155,-0.1023,0.0885,0.3109,0.2670,0.2625,-1.5853,4.62,-7.66,-1.57,1,1,0.0000,0.0000,0.3000,0.00,0.8300,0.4200,1.0000,6.50,180.00,1.050000,0.000000,0.000000,1.500000,0.000000,0.000000,1.200000,0.000000,0.000000,1.050000,0.000000,0.000000,1.350000,0.060000,0.000000,0.008000,0.000000,0.000600,0.008000,0.000000,0.000600,0.006000,0.000000,0.000000,1,1,1,229,242,377748,377748,208225,169523,0,60.00,12094,3160,151,0,0,0,12162,331.57,331.57,5,1262,0.0000,0.4970,0.5290,0.6310,0.5550
2026-04-27T17:37:56.292,3.833,1,-0.50,-0.10,-37.93,-3.95,1,0.0977,-0.0927,0.0202,0.2644,0.2454,-1.6414,-4.56,-3.47,70.17,59.07,230,224,0.97391,0.97391,1.00000,0.97391,3,3,1,15.88235,0.00332,1.08975,-0.0977,0.0927,0.2798,0.2644,0.2454,-1.6414,4.56,-8.92,-1.19,1,1,0.0000,0.0000,0.3000,0.00,0.8300,0.4200,1.0000,6.50,180.00,1.050000,0.000000,0.000000,1.500000,0.000000,0.000000,1.200000,0.000000,0.000000,1.050000,0.000000,0.000000,1.350000,0.060000,0.000000,0.008000,0.000000,0.000600,0.008000,0.000000,0.000600,0.006000,0.000000,0.000000,1,1,1,230,241,377748,377748,208225,169523,0,60.00,12094,3160,151,0,0,0,12162,331.57,331.57,5,1262,0.0000,0.4970,0.5290,0.6310,0.5550
2026-04-27T17:37:56.307,3.848,1,-5.80,1.29,-51.45,13.52,1,0.0940,-0.0961,0.0520,0.2480,0.2331,-1.8384,-4.50,-4.03,58.68,60.45,231,225,0.97403,0.97403,1.00000,0.97403,3,3,1,17.09730,0.00335,1.09386,-0.0940,0.0961,0.2480,0.2480,0.2331,-1.8384,4.50,-9.77,-0.92,1,1,0.0000,0.0000,0.3000,0.00,0.8300,0.4200,1.0000,6.50,180.00,1.050000,0.000000,0.000000,1.500000,0.000000,0.000000,1.200000,0.000000,0.000000,1.050000,0.000000,0.000000,1.350000,0.060000,0.000000,0.008000,0.000000,0.000600,0.008000,0.000000,0.000600,0.006000,0.000000,0.000000,1,1,1,231,241,377748,377748,208225,169523,0,60.00,12094,3160,151,0,0,0,12162,331.57,331.57,5,1262,0.0000,0.4970,0.5290,0.6310,0.5550
2026-04-27T17:37:56.322,3.863,1,-5.80,1.29,-51.45,13.52,1,0.0900,-0.1004,0.0883,0.2409,0.2443,-1.9676,-4.36,-8.55,67.13,60.20,232,226,0.97414,0.97414,1.00000,0.97414,3,3,1,18.15794,0.00327,1.09234,-0.0900,0.1004,0.2117,0.2409,0.2443,-1.9676,4.36,-10.66,-0.58,1,1,0.0000,0.0000,0.3000,0.00,0.8300,0.4200,1.0000,6.50,180.00,1.050000,0.000000,0.000000,1.500000,0.000000,0.000000,1.200000,0.000000,0.000000,1.050000,0.000000,0.000000,1.350000,0.060000,0.000000,0.008000,0.000000,0.000600,0.008000,0.000000,0.000600,0.006000,0.000000,0.000000,1,1,1,232,240,377748,377748,208225,169523,0,60.00,12094,3160,151,0,0,0,12162,331.57,331.57,5,1262,0.0000,0.4970,0.5290,0.6310,0.5550
2026-04-27T17:37:56.340,3.881,1,-5.80,1.29,-51.45,13.52,1,0.0863,-0.1040,0.1264,0.2406,0.2368,-2.1995,-4.32,-2.36,58.91,59.88,233,227,0.97425,0.97425,1.00000,0.97425,3,3,1,19.21079,0.00292,1.09141,-0.0863,0.1040,0.1736,0.2406,0.2368,-2.1995,4.32,-11.18,-0.29,1,1,0.0000,0.0000,0.3000,0.00,0.8300,0.4200,1.0000,6.50,180.00,1.050000,0.000000,0.000000,1.500000,0.000000,0.000000,1.200000,0.000000,0.000000,1.050000,0.000000,0.000000,1.350000,0.060000,0.000000,0.008000,0.000000,0.000600,0.008000,0.000000,0.000600,0.006000,0.000000,0.000000,1,1,1,233,241,377748,377748,208225,169523,0,60.00,12094,3160,151,0,0,0,12162,331.57,331.57,5,1262,0.0000,0.4970,0.5290,0.6310,0.5550
2026-04-27T17:37:56.357,3.898,1,-5.80,1.29,-51.45,13.52,1,0.0827,-0.1077,0.1682,0.2288,0.2301,-2.3531,-4.30,-1.20,61.19,59.73,234,228,0.97436,0.97436,1.00000,0.97436,3,3,1,20.28085,0.00263,1.08862,-0.0827,0.1077,0.1318,0.2288,0.2301,-2.3531,4.30,-11.57,-0.03,1,1,0.0000,0.0000,0.3000,0.00,0.8300,0.4200,1.0000,6.50,180.00,1.050000,0.000000,0.000000,1.500000,0.000000,0.000000,1.200000,0.000000,0.000000,1.050000,0.000000,0.000000,1.350000,0.060000,0.000000,0.008000,0.000000,0.000600,0.008000,0.000000,0.000600,0.006000,0.000000,0.000000,1,1,1,234,241,377748,377748,208225,169523,0,60.00,12094,3160,151,0,0,0,12162,331.57,331.57,5,1262,0.0000,0.4970,0.5290,0.6310,0.5550
2026-04-27T17:37:56.373,3.914,1,-5.80,1.29,-51.45,13.52,1,0.0792,-0.1115,0.2117,0.2292,0.2382,-2.4401,-4.25,-2.94,59.93,60.41,235,229,0.97447,0.97447,1.00000,0.97447,3,3,1,21.22864,0.00273,1.09353,-0.0792,0.1115,0.0883,0.2292,0.2382,-2.4401,4.25,-12.05,0.43,1,1,0.0000,0.0000,0.3000,0.00,0.8300,0.4200,1.0000,6.50,180.00,1.050000,0.000000,0.000000,1.500000,0.000000,0.000000,1.200000,0.000000,0.000000,1.050000,0.000000,0.000000,1.350000,0.060000,0.000000,0.008000,0.000000,0.000600,0.008000,0.000000,0.000600,0.006000,0.000000,0.000000,1,1,1,235,241,377748,377748,208225,169523,0,60.00,12094,3160,151,0,0,0,12162,331.57,331.57,5,1262,0.0000,0.4970,0.5290,0.6310,0.5550
2026-04-27T17:37:56.390,3.931,1,-5.80,1.29,-51.45,13.52,1,0.0754,-0.1156,0.2599,0.2269,0.2420,-2.4876,-4.08,-10.02,57.25,59.89,236,230,0.97458,0.97458,1.00000,0.97458,3,3,1,22.10298,0.00253,1.09197,-0.0754,0.1156,0.0401,0.2269,0.2420,-2.4876,4.08,-12.74,0.79,1,1,0.0000,0.0000,0.3000,0.00,0.8300,0.4200,1.0000,6.50,180.00,1.050000,0.000000,0.000000,1.500000,0.000000,0.000000,1.200000,0.000000,0.000000,1.050000,0.000000,0.000000,1.350000,0.060000,0.000000,0.008000,0.000000,0.000600,0.008000,0.000000,0.000600,0.006000,0.000000,0.000000,1,1,1,236,241,377748,377748,208225,169523,0,60.00,12094,3160,151,0,0,0,12162,331.57,331.57,5,1262,0.0000,0.4970,0.5290,0.6310,0.5550
2026-04-27T17:37:56.407,3.948,1,-7.80,2.70,-20.00,14.04,1,0.0707,-0.1180,0.3033,0.2567,0.1799,-2.4642,-4.19,6.91,64.47,59.59,237,231,0.97468,0.97468,1.00000,0.97468,3,3,1,20.92695,0.00315,1.07821,-0.0707,0.1180,-0.0033,0.2567,0.1799,-2.4642,4.19,-11.33,0.39,1,1,0.0000,0.0000,0.3000,0.00,0.8300,0.4200,1.0000,6.50,180.00,1.050000,0.000000,0.000000,1.500000,0.000000,0.000000,1.200000,0.000000,0.000000,1.050000,0.000000,0.000000,1.350000,0.060000,0.000000,0.008000,0.000000,0.000600,0.008000,0.000000,0.000600,0.006000,0.000000,0.000000,1,1,1,237,242,377748,377748,208225,169523,0,60.00,12094,3160,151,0,0,0,12162,331.57,331.57,5,1262,0.0000,0.4970,0.5290,0.6310,0.5550
2026-04-27T17:37:56.424,3.965,1,-7.80,2.70,-20.00,14.04,1,0.0624,-0.1215,0.3028,0.3892,0.2067,-0.9684,-3.58,-35.05,57.18,57.71,238,232,0.97479,0.97479,1.00000,0.97479,3,3,1,17.88788,0.00295,1.07135,-0.0624,0.1215,-0.0028,0.3892,0.2067,-0.9684,3.58,-8.05,1.59,1,1,0.0000,0.0000,0.3000,0.00,0.8300,0.4200,1.0000,6.50,180.00,1.050000,0.000000,0.000000,1.500000,0.000000,0.000000,1.200000,0.000000,0.000000,1.050000,0.000000,0.000000,1.350000,0.060000,0.000000,0.008000,0.000000,0.000600,0.008000,0.000000,0.000600,0.006000,0.000000,0.000000,1,1,1,238,242,377748,377748,208225,169523,0,60.00,12094,3160,151,0,0,0,12162,331.57,331.57,5,1262,0.0000,0.4970,0.5290,0.6310,0.5550
2026-04-27T17:37:56.439,3.980,1,-7.80,2.70,-20.00,14.04,1,0.0538,-0.1261,0.2830,0.4435,0.2473,0.0418,-3.30,-17.84,59.42,62.43,239,233,0.97490,0.97490,1.00000,0.97490,3,3,1,17.74059,0.00241,1.07793,-0.0538,0.1261,0.0170,0.4435,0.2473,0.0418,3.30,-6.69,4.70,1,1,0.0000,0.0000,0.3000,0.00,0.8300,0.4200,1.0000,6.50,180.00,1.050000,0.000000,0.000000,1.500000,0.000000,0.000000,1.200000,0.000000,0.000000,1.050000,0.000000,0.000000,1.350000,0.060000,0.000000,0.008000,0.000000,0.000600,0.008000,0.000000,0.000600,0.006000,0.000000,0.000000,1,1,1,239,238,377748,377748,208225,169523,0,60.00,12094,3160,151,0,0,0,12162,331.57,331.57,5,1262,0.0000,0.4970,0.5290,0.6310,0.5550
2026-04-27T17:37:56.456,3.997,1,-7.80,2.70,-20.00,14.04,1,0.0453,-0.1307,0.2622,0.4855,0.2702,0.5344,-3.73,25.27,61.37,60.10,240,234,0.97500,0.97500,1.00000,0.97500,3,3,1,17.59034,0.00198,1.07375,-0.0453,0.1307,0.0378,0.4855,0.2702,0.5344,3.73,-6.22,8.20,1,1,0.0000,0.0000,0.3000,0.00,0.8300,0.4200,1.0000,6.50,180.00,1.050000,0.000000,0.000000,1.500000,0.000000,0.000000,1.200000,0.000000,0.000000,1.050000,0.000000,0.000000,1.350000,0.060000,0.000000,0.008000,0.000000,0.000600,0.008000,0.000000,0.000600,0.006000,0.000000,0.000000,1,1,1,240,238,377748,377748,208225,169523,0,60.00,12094,3160,151,0,0,0,12162,331.57,331.57,5,1262,0.0000,0.4970,0.5290,0.6310,0.5550
2026-04-27T17:37:56.474,4.015,1,-7.80,2.70,-20.00,14.04,1,0.0376,-0.1345,0.2450,0.4576,0.2383,0.6696,-4.76,60.86,57.67,60.59,241,235,0.97510,0.97510,1.00000,0.97510,3,3,1,17.59575,0.00189,1.07714,-0.0376,0.1345,0.0550,0.4576,0.2383,0.6696,4.76,-5.15,11.09,1,1,0.0000,0.0000,0.3000,0.00,0.8300,0.4200,1.0000,6.50,180.00,1.050000,0.000000,0.000000,1.500000,0.000000,0.000000,1.200000,0.000000,0.000000,1.050000,0.000000,0.000000,1.350000,0.060000,0.000000,0.008000,0.000000,0.000600,0.008000,0.000000,0.000600,0.006000,0.000000,0.000000,1,1,1,241,240,377748,377748,208225,169523,0,60.00,12094,3160,151,0,0,0,12162,331.57,331.57,5,1262,0.0000,0.4970,0.5290,0.6310,0.5550
2026-04-27T17:37:56.491,4.032,1,-7.80,2.70,-20.00,14.04,1,0.0299,-0.1378,0.2323,0.4699,0.2214,0.6659,-5.88,64.56,62.16,60.01,242,236,0.97521,0.97521,1.00000,0.97521,3,3,1,17.57666,0.00211,1.07204,-0.0299,0.1378,0.0677,0.4699,0.2214,0.6659,5.88,-4.53,13.13,1,1,0.0000,0.0000,0.3000,0.00,0.8300,0.4200,1.0000,6.50,180.00,1.050000,0.000000,0.000000,1.500000,0.000000,0.000000,1.200000,0.000000,0.000000,1.050000,0.000000,0.000000,1.350000,0.060000,0.000000,0.008000,0.000000,0.000600,0.008000,0.000000,0.000600,0.006000,0.000000,0.000000,1,1,1,242,239,377748,377748,208225,169523,0,60.00,12094,3160,241,0,0,0,12252,499.75,499.75,8,371,0.0000,0.5000,0.5000,0.0000,0.5000
2026-04-27T17:37:56.507,4.048,1,-7.80,2.70,-20.00,14.04,1,0.0223,-0.1407,0.2225,0.4541,0.1947,0.6007,-7.04,72.05,61.52,60.08,243,237,0.97531,0.97531,1.00000,0.97531,3,3,1,17.64293,0.00197,1.06435,-0.0223,0.1407,0.0775,0.4541,0.1947,0.6007,7.04,-3.48,15.04,1,1,0.0000,0.0000,0.3000,0.00,0.8300,0.4200,1.0000,6.50,180.00,1.050000,0.000000,0.000000,1.500000,0.000000,0.000000,1.200000,0.000000,0.000000,1.050000,0.000000,0.000000,1.350000,0.060000,0.000000,0.008000,0.000000,0.000600,0.008000,0.000000,0.000600,0.006000,0.000000,0.000000,1,1,1,243,241,377748,377748,208225,169523,0,60.00,12094,3160,241,0,0,0,12252,499.75,499.75,8,371,0.0000,0.5000,0.5000,0.0000,0.5000
2026-04-27T17:37:56.523,4.064,1,-0.70,19.60,68.92,164.04,1,0.0150,-0.1434,0.2162,0.4421,0.1795,0.4736,-8.20,67.22,60.94,59.96,244,238,0.97541,0.97541,1.00000,0.97541,3,3,1,17.72723,0.00221,1.06288,-0.0150,0.1434,0.0838,0.4421,0.1795,0.4736,8.20,-2.27,16.29,1,1,0.0000,0.0000,0.3000,0.00,0.8300,0.4200,1.0000,6.50,180.00,1.050000,0.000000,0.000000,1.500000,0.000000,0.000000,1.200000,0.000000,0.000000,1.050000,0.000000,0.000000,1.350000,0.060000,0.000000,0.008000,0.000000,0.000600,0.008000,0.000000,0.000600,0.006000,0.000000,0.000000,1,1,1,244,240,377748,377748,208225,169523,0,60.00,12094,3160,241,0,0,0,12252,499.75,499.75,8,371,0.0000,0.5000,0.5000,0.0000,0.5000
2026-04-27T17:37:56.540,4.081,1,-0.70,19.60,68.92,164.04,1,0.0089,-0.1450,0.2137,0.4750,0.1536,0.3523,-9.60,91.46,58.11,59.73,245,239,0.97551,0.97551,1.00000,0.97551,3,3,1,17.96540,0.00220,1.06207,-0.0089,0.1450,0.0863,0.4750,0.1536,0.3523,9.60,0.26,16.70,1,1,0.0000,0.0000,0.3000,0.00,0.8300,0.4200,1.0000,6.50,180.00,1.050000,0.000000,0.000000,1.500000,0.000000,0.000000,1.200000,0.000000,0.000000,1.050000,0.000000,0.000000,1.350000,0.060000,0.000000,0.008000,0.000000,0.000600,0.008000,0.000000,0.000600,0.006000,0.000000,0.000000,1,1,1,245,238,377748,377748,208225,169523,0,60.00,12094,3160,241,0,0,0,12252,499.75,499.75,8,371,0.0000,0.5000,0.5000,0.0000,0.5000
2026-04-27T17:37:56.556,4.097,1,-0.70,19.60,68.92,164.04,1,0.0011,-0.1469,0.2131,0.4304,0.1257,0.1863,-10.50,51.14,64.32,59.72,246,240,0.97561,0.97561,1.00000,0.97561,3,3,1,18.13919,0.00246,1.06549,-0.0011,0.1469,0.0869,0.4304,0.1257,0.1863,10.50,2.34,16.85,1,1,0.0000,0.0000,0.3000,0.00,0.8300,0.4200,1.0000,6.50,180.00,1.050000,0.000000,0.000000,1.500000,0.000000,0.000000,1.200000,0.000000,0.000000,1.050000,0.000000,0.000000,1.350000,0.060000,0.000000,0.008000,0.000000,0.000600,0.008000,0.000000,0.000600,0.006000,0.000000,0.000000,1,1,1,246,234,377748,377748,208225,169523,0,60.00,12094,3160,241,0,0,0,12252,499.75,499.75,8,371,0.0000,0.5000,0.5000,0.0000,0.5000
2026-04-27T17:37:56.574,4.115,1,-0.70,19.60,68.92,164.04,1,-0.0063,-0.1487,0.2163,0.4430,0.1200,0.0000,-11.17,40.34,62.13,58.47,247,241,0.97571,0.97571,1.00000,0.97571,3,3,1,18.45675,0.00244,1.06423,0.0063,0.1487,0.0837,0.4430,0.1200,0.0000,11.17,3.94,16.50,1,1,0.0000,0.0000,0.3000,0.00,0.8300,0.4200,1.0000,6.50,180.00,1.050000,0.000000,0.000000,1.500000,0.000000,0.000000,1.200000,0.000000,0.000000,1.050000,0.000000,0.000000,1.350000,0.060000,0.000000,0.008000,0.000000,0.000600,0.008000,0.000000,0.000600,0.006000,0.000000,0.000000,1,1,1,247,234,377748,377748,208225,169523,0,60.00,12094,3160,241,0,0,0,12252,499.75,499.75,8,371,0.0000,0.5000,0.5000,0.0000,0.5000
2026-04-27T17:37:56.590,4.131,1,-0.70,19.60,68.92,164.04,1,-0.0143,-0.1502,0.2221,0.4777,0.1088,-0.1587,-11.62,28.01,53.70,62.10,248,242,0.97581,0.97581,1.00000,0.97581,3,3,1,18.75986,0.00228,1.05952,0.0143,0.1502,0.0779,0.4777,0.1088,-0.1587,11.62,4.78,15.92,1,1,0.0000,0.0000,0.3000,0.00,0.8300,0.4200,1.0000,6.50,180.00,1.050000,0.000000,0.000000,1.500000,0.000000,0.000000,1.200000,0.000000,0.000000,1.050000,0.000000,0.000000,1.350000,0.060000,0.000000,0.008000,0.000000,0.000600,0.008000,0.000000,0.000600,0.006000,0.000000,0.000000,1,1,1,248,240,377748,377748,208225,169523,0,60.00,12094,3160,241,0,0,0,12252,499.75,499.75,8,371,0.0000,0.5000,0.5000,0.0000,0.5000
2026-04-27T17:37:56.607,4.148,1,-0.70,19.60,68.92,164.04,1,-0.0224,-0.1518,0.2305,0.4706,0.1014,-0.3151,-12.01,22.74,59.99,60.13,249,243,0.97590,0.97590,1.00000,0.97590,3,3,1,19.08661,0.00222,1.06421,0.0224,0.1518,0.0695,0.4706,0.1014,-0.3151,12.01,5.46,15.31,1,1,0.0000,0.0000,0.3000,0.00,0.8300,0.4200,1.0000,6.50,180.00,1.050000,0.000000,0.000000,1.500000,0.000000,0.000000,1.200000,0.000000,0.000000,1.050000,0.000000,0.000000,1.350000,0.060000,0.000000,0.008000,0.000000,0.000600,0.008000,0.000000,0.000600,0.006000,0.000000,0.000000,1,1,1,249,237,377748,377748,208225,169523,0,60.00,12094,3160,241,0,0,0,12252,499.75,499.75,8,371,0.0000,0.5000,0.5000,0.0000,0.5000
2026-04-27T17:37:56.624,4.165,1,-0.70,19.60,68.92,164.04,1,-0.0307,-0.1536,0.2418,0.4887,0.1087,-0.4857,-12.06,2.97,60.41,60.05,250,244,0.97600,0.97600,1.00000,0.97600,3,3,1,19.35205,0.00260,1.06431,0.0307,0.1536,0.0582,0.4887,0.1087,-0.4857,12.06,5.24,14.83,1,1,0.0000,0.0000,0.3000,0.00,0.8300,0.4200,1.0000,6.50,180.00,1.050000,0.000000,0.000000,1.500000,0.000000,0.000000,1.200000,0.000000,0.000000,1.050000,0.000000,0.000000,1.350000,0.060000,0.000000,0.008000,0.000000,0.000600,0.008000,0.000000,0.000600,0.006000,0.000000,0.000000,1,1,1,250,241,377748,377748,208225,169523,0,60.00,12094,3160,241,0,0,0,12252,499.75,499.75,8,371,0.0000,0.5000,0.5000,0.0000,0.5000
2026-04-27T17:37:56.638,4.179,1,-0.70,19.60,68.92,164.04,1,-0.0388,-0.1555,0.2557,0.4964,0.1141,-0.6726,-12.42,23.98,59.33,59.35,251,245,0.97610,0.97610,1.00000,0.97610,3,3,1,19.96277,0.00234,1.05560,0.0388,0.1555,0.0443,0.4964,0.1141,-0.6726,12.42,5.14,15.08,1,1,0.0000,0.0000,0.3000,0.00,0.8300,0.4200,1.0000,6.50,180.00,1.050000,0.000000,0.000000,1.500000,0.000000,0.000000,1.200000,0.000000,0.000000,1.050000,0.000000,0.000000,1.350000,0.060000,0.000000,0.008000,0.000000,0.000600,0.008000,0.000000,0.000600,0.006000,0.000000,0.000000,1,1,1,251,241,377748,377748,208225,169523,0,60.00,12094,3160,241,0,0,0,12252,499.75,499.75,8,371,0.0000,0.5000,0.5000,0.0000,0.5000
2026-04-27T17:37:56.657,4.198,1,-0.70,19.60,68.92,164.04,1,-0.0474,-0.1578,0.2735,0.5052,0.1275,-0.8564,-12.23,-9.99,60.57,60.17,252,246,0.97619,0.97619,1.00000,0.97619,3,3,1,20.30955,0.00209,1.06259,0.0474,0.1578,0.0265,0.5052,0.1275,-0.8564,12.23,4.42,15.04,1,1,0.0000,0.0000,0.3000,0.00,0.8300,0.4200,1.0000,6.50,180.00,1.050000,0.000000,0.000000,1.500000,0.000000,0.000000,1.200000,0.000000,0.000000,1.050000,0.000000,0.000000,1.350000,0.060000,0.000000,0.008000,0.000000,0.000600,0.008000,0.000000,0.000600,0.006000,0.000000,0.000000,1,1,1,252,241,377748,377748,208225,169523,0,60.00,12094,3160,241,0,0,0,12252,499.75,499.75,8,371,0.0000,0.5000,0.5000,0.0000,0.5000
2026-04-27T17:37:56.674,4.215,1,-0.70,19.60,68.92,164.04,1,-0.0593,-0.1560,0.2906,0.6376,-0.0187,-0.9213,-12.38,9.47,64.43,62.05,253,247,0.97628,0.97628,1.00000,0.97628,3,3,1,19.31455,0.00389,1.10054,0.0593,0.1560,0.0094,0.6376,-0.0187,-0.9213,12.38,-0.49,6.76,1,1,0.0000,0.0000,0.3000,0.00,0.8300,0.4200,1.0000,6.50,180.00,1.050000,0.000000,0.000000,1.500000,0.000000,0.000000,1.200000,0.000000,0.000000,1.050000,0.000000,0.000000,1.350000,0.060000,0.000000,0.008000,0.000000,0.000600,0.008000,0.000000,0.000600,0.006000,0.000000,0.000000,1,1,1,253,242,377748,377748,208225,169523,0,60.00,12094,3160,241,0,0,0,12252,499.75,499.75,8,371,0.0000,0.5000,0.5000,0.0000,0.5000
2026-04-27T17:37:56.688,4.229,1,-0.70,19.60,68.92,164.04,1,-0.0639,-0.1555,0.2919,0.3994,0.0000,-0.3921,-12.05,-21.86,55.93,58.95,254,248,0.97638,0.97638,1.00000,0.97638,3,3,1,19.41340,0.00265,1.07259,0.0639,0.1555,0.0081,0.3994,0.0000,-0.3921,12.05,1.37,1.44,1,1,0.0000,0.0000,0.3000,0.00,0.8300,0.4200,1.0000,6.50,180.00,1.050000,0.000000,0.000000,1.500000,0.000000,0.000000,1.200000,0.000000,0.000000,1.050000,0.000000,0.000000,1.350000,0.060000,0.000000,0.008000,0.000000,0.000600,0.008000,0.000000,0.000600,0.006000,0.000000,0.000000,1,1,1,254,236,377748,377748,208225,169523,0,60.00,12094,3160,241,0,0,0,12252,499.75,499.75,8,371,0.0000,0.5000,0.5000,0.0000,0.5000
2026-04-27T17:37:56.704,4.245,1,-0.70,19.60,68.92,164.04,1,-0.0639,-0.1598,0.2869,0.1991,0.1580,-0.0627,-11.99,-3.61,76.61,67.17,255,249,0.97647,0.97647,1.00000,0.97647,3,3,1,19.29118,0.00246,1.04146,0.0639,0.1598,0.0131,0.1991,0.1580,-0.0627,11.99,9.12,3.66,1,1,0.0000,0.0000,0.3000,0.00,0.8300,0.4200,1.0000,6.50,180.00,1.050000,0.000000,0.000000,1.500000,0.000000,0.000000,1.200000,0.000000,0.000000,1.050000,0.000000,0.000000,1.350000,0.060000,0.000000,0.008000,0.000000,0.000600,0.008000,0.000000,0.000600,0.006000,0.000000,0.000000,1,1,1,255,239,377748,377748,208225,169523,0,60.00,12094,3160,241,0,0,0,12252,499.75,499.75,8,371,0.0000,0.5000,0.5000,0.0000,0.5000
2026-04-27T17:37:56.719,4.260,1,-0.70,19.60,68.92,164.04,1,-0.0671,-0.1638,0.2816,0.2657,0.1962,0.0944,-10.37,-110.79,60.19,53.81,256,250,0.97656,0.97656,1.00000,0.97656,3,3,1,19.17009,0.00279,1.04110,0.0671,0.1638,0.0184,0.2657,0.1962,0.0944,10.37,10.77,7.05,1,1,0.0000,0.0000,0.3000,0.00,0.8300,0.4200,1.0000,6.50,180.00,1.050000,0.000000,0.000000,1.500000,0.000000,0.000000,1.200000,0.000000,0.000000,1.050000,0.000000,0.000000,1.350000,0.060000,0.000000,0.008000,0.000000,0.000600,0.008000,0.000000,0.000600,0.006000,0.000000,0.000000,1,1,1,256,240,377748,377748,208225,169523,0,60.00,12094,3160,241,0,0,0,12252,499.75,499.75,8,371,0.0000,0.5000,0.5000,0.0000,0.5000
2026-04-27T17:37:56.741,4.282,1,-0.70,19.60,68.92,164.04,1,-0.0718,-0.1661,0.2770,0.2597,0.1409,0.1440,-8.70,-85.47,68.39,60.23,257,251,0.97665,0.97665,1.00000,0.97665,3,3,1,19.22685,0.00274,1.04334,0.0718,0.1661,0.0230,0.2597,0.1409,0.1440,8.70,10.16,9.59,1,1,0.0000,0.0000,0.3000,0.00,0.8300,0.4200,1.0000,6.50,180.00,1.050000,0.000000,0.000000,1.500000,0.000000,0.000000,1.200000,0.000000,0.000000,1.050000,0.000000,0.000000,1.350000,0.060000,0.000000,0.008000,0.000000,0.000600,0.008000,0.000000,0.000600,0.006000,0.000000,0.000000,1,1,1,257,237,377748,377748,208225,169523,0,60.00,12094,3160,241,0,0,0,12252,499.75,499.75,8,371,0.0000,0.5000,0.5000,0.0000,0.5000
2026-04-27T17:37:56.758,4.299,1,-0.70,19.60,68.92,164.04,1,-0.0758,-0.1665,0.2746,0.2490,0.0768,0.1227,-7.68,-56.65,46.42,59.41,258,252,0.97674,0.97674,1.00000,0.97674,3,3,1,19.35096,0.00255,1.05492,0.0758,0.1665,0.0254,0.2490,0.0768,0.1227,7.68,9.96,10.32,1,1,0.0000,0.0000,0.3000,0.00,0.8300,0.4200,1.0000,6.50,180.00,1.050000,0.000000,0.000000,1.500000,0.000000,0.000000,1.200000,0.000000,0.000000,1.050000,0.000000,0.000000,1.350000,0.060000,0.000000,0.008000,0.000000,0.000600,0.008000,0.000000,0.000600,0.006000,0.000000,0.000000,1,1,1,258,239,377748,377748,208225,169523,0,60.00,12094,3160,241,0,0,0,12252,499.75,499.75,8,371,0.0000,0.5000,0.5000,0.0000,0.5000
2026-04-27T17:37:56.774,4.315,1,-0.70,19.60,68.92,164.04,1,-0.0800,-0.1660,0.2746,0.2589,0.0291,0.0519,-7.11,-34.52,55.54,60.37,259,253,0.97683,0.97683,1.00000,0.97683,3,3,1,19.52590,0.00242,1.05431,0.0800,0.1660,0.0254,0.2589,0.0291,0.0519,7.11,9.89,10.31,1,1,0.0000,0.0000,0.3000,0.00,0.8300,0.4200,1.0000,6.50,180.00,1.050000,0.000000,0.000000,1.500000,0.000000,0.000000,1.200000,0.000000,0.000000,1.050000,0.000000,0.000000,1.350000,0.060000,0.000000,0.008000,0.000000,0.000600,0.008000,0.000000,0.000600,0.006000,0.000000,0.000000,1,1,1,259,238,377748,377748,208225,169523,0,60.00,12094,3160,241,0,0,0,12252,499.75,499.75,8,371,0.0000,0.5000,0.5000,0.0000,0.5000
2026-04-27T17:37:56.790,4.331,1,-0.70,19.60,68.92,164.04,1,-0.0844,-0.1656,0.2765,0.2589,0.0000,-0.0335,-6.98,-7.79,62.60,60.02,260,254,0.97692,0.97692,1.00000,0.97692,3,3,1,19.75513,0.00250,1.05520,0.0844,0.1656,0.0235,0.2589,0.0000,-0.0335,6.98,10.53,9.98,1,1,0.0000,0.0000,0.3000,0.00,0.8300,0.4200,1.0000,6.50,180.00,1.050000,0.000000,0.000000,1.500000,0.000000,0.000000,1.200000,0.000000,0.000000,1.050000,0.000000,0.000000,1.350000,0.060000,0.000000,0.008000,0.000000,0.000600,0.008000,0.000000,0.000600,0.006000,0.000000,0.000000,1,1,1,260,236,377748,377748,208225,169523,0,60.00,12094,3160,241,0,0,0,12252,499.75,499.75,8,371,0.0000,0.5000,0.5000,0.0000,0.5000
2026-04-27T17:37:56.807,4.348,1,-0.70,19.60,68.92,164.04,1,-0.0893,-0.1647,0.2812,0.2838,-0.0238,-0.1591,-6.53,-27.07,58.82,59.95,261,255,0.97701,0.97701,1.00000,0.97701,3,3,1,19.63777,0.00313,1.06004,0.0893,0.1647,0.0188,0.2838,-0.0238,-0.1591,6.53,10.14,8.02,1,1,0.0000,0.0000,0.3000,0.00,0.8300,0.4200,1.0000,6.50,180.00,1.050000,0.000000,0.000000,1.500000,0.000000,0.000000,1.200000,0.000000,0.000000,1.050000,0.000000,0.000000,1.350000,0.060000,0.000000,0.008000,0.000000,0.000600,0.008000,0.000000,0.000600,0.006000,0.000000,0.000000,1,1,1,261,241,377748,377748,208225,169523,0,60.00,12094,3160,241,0,0,0,12252,499.75,499.75,8,371,0.0000,0.5000,0.5000,0.0000,0.5000
2026-04-27T17:37:56.821,4.362,1,14.09,14.40,-61.79,40.22,1,-0.0947,-0.1617,0.2849,0.3021,-0.1105,-0.1684,-5.51,-69.60,63.06,59.83,262,256,0.97710,0.97710,1.00000,0.97710,3,3,1,19.73123,0.00380,1.07198,0.0947,0.1617,0.0151,0.3021,-0.1105,-0.1684,5.51,8.50,2.25,1,1,0.0000,0.0000,0.3000,0.00,0.8300,0.4200,1.0000,6.50,180.00,1.050000,0.000000,0.000000,1.500000,0.000000,0.000000,1.200000,0.000000,0.000000,1.050000,0.000000,0.000000,1.350000,0.060000,0.000000,0.008000,0.000000,0.000600,0.008000,0.000000,0.000600,0.006000,0.000000,0.000000,1,1,1,262,239,377748,377748,208225,169523,0,60.00,12094,3160,241,0,0,0,12252,499.75,499.75,8,371,0.0000,0.5000,0.5000,0.0000,0.5000
2026-04-27T17:37:56.837,4.378,1,14.09,14.40,-61.79,40.22,1,-0.1007,-0.1621,0.2869,0.3401,-0.0108,-0.1297,-5.38,-8.04,73.25,59.63,263,257,0.97719,0.97719,1.00000,0.97719,3,3,1,19.51167,0.00322,1.06634,0.1007,0.1621,0.0131,0.3401,-0.0108,-0.1297,5.38,4.81,0.83,1,1,0.0000,0.0000,0.3000,0.00,0.8300,0.4200,1.0000,6.50,180.00,1.050000,0.000000,0.000000,1.500000,0.000000,0.000000,1.200000,0.000000,0.000000,1.050000,0.000000,0.000000,1.350000,0.060000,0.000000,0.008000,0.000000,0.000600,0.008000,0.000000,0.000600,0.006000,0.000000,0.000000,1,1,1,263,238,377748,377748,208225,169523,0,60.00,12094,3160,241,0,0,0,12252,499.75,499.75,8,371,0.0000,0.5000,0.5000,0.0000,0.5000
2026-04-27T17:37:56.857,4.398,1,14.09,14.40,-61.79,40.22,1,-0.1065,-0.1634,0.2875,0.3342,0.0265,-0.0759,-5.38,0.00,61.87,60.21,264,258,0.97727,0.97727,1.00000,0.97727,3,3,1,19.58032,0.00277,1.06891,0.1065,0.1634,0.0125,0.3342,0.0265,-0.0759,5.38,0.51,1.67,1,1,0.0000,0.0000,0.3000,0.00,0.8300,0.4200,1.0000,6.50,180.00,1.050000,0.000000,0.000000,1.500000,0.000000,0.000000,1.200000,0.000000,0.000000,1.050000,0.000000,0.000000,1.350000,0.060000,0.000000,0.008000,0.000000,0.000600,0.008000,0.000000,0.000600,0.006000,0.000000,0.000000,1,1,1,264,239,377928,377928,208405,169523,0,60.00,12274,3170,241,0,0,0,12252,499.75,499.75,8,371,0.0000,0.5000,0.5000,0.0000,0.5000
2026-04-27T17:37:56.874,4.415,1,14.09,14.40,-61.79,40.22,1,-0.1108,-0.1639,0.2866,0.2871,0.0193,0.0000,-5.14,-14.93,51.73,62.09,265,259,0.97736,0.97736,1.00000,0.97736,3,3,1,19.61403,0.00290,1.06455,0.1108,0.1639,0.0134,0.2871,0.0193,0.0000,5.14,-2.45,2.91,1,1,0.0000,0.0000,0.3000,0.00,0.8300,0.4200,1.0000,6.50,180.00,1.050000,0.000000,0.000000,1.500000,0.000000,0.000000,1.200000,0.000000,0.000000,1.050000,0.000000,0.000000,1.350000,0.060000,0.000000,0.008000,0.000000,0.000600,0.008000,0.000000,0.000600,0.006000,0.000000,0.000000,1,1,1,265,235,377928,377928,208405,169523,0,60.00,12274,3170,241,0,0,0,12252,499.75,499.75,8,371,0.0000,0.5000,0.5000,0.0000,0.5000
2026-04-27T17:37:56.890,4.431,1,14.09,14.40,-61.79,40.22,1,-0.1144,-0.1637,0.2866,0.2567,0.0000,-0.0155,-4.80,-19.91,55.29,58.42,266,260,0.97744,0.97744,1.00000,0.97744,3,3,1,19.70634,0.00296,1.06266,0.1144,0.1637,0.0134,0.2567,0.0000,-0.0155,4.80,-4.36,3.37,1,1,0.0000,0.0000,0.3000,0.00,0.8300,0.4200,1.0000,6.50,180.00,1.050000,0.000000,0.000000,1.500000,0.000000,0.000000,1.200000,0.000000,0.000000,1.050000,0.000000,0.000000,1.350000,0.060000,0.000000,0.008000,0.000000,0.000600,0.008000,0.000000,0.000600,0.006000,0.000000,0.000000,1,1,1,266,235,377928,377928,208405,169523,0,60.00,12274,3170,241,0,0,0,12252,499.75,499.75,8,371,0.0000,0.5000,0.5000,0.0000,0.5000
2026-04-27T17:37:56.906,4.447,1,14.09,14.40,-61.79,40.22,1,-0.1173,-0.1628,0.2867,0.2142,-0.0325,-0.0126,-4.65,-9.57,59.44,59.94,267,261,0.97753,0.97753,1.00000,0.97753,3,3,1,19.64524,0.00264,1.06525,0.1173,0.1628,0.0133,0.2142,-0.0325,-0.0126,4.65,-4.72,2.51,1,1,0.0000,0.0000,0.3000,0.00,0.8300,0.4200,1.0000,6.50,180.00,1.050000,0.000000,0.000000,1.500000,0.000000,0.000000,1.200000,0.000000,0.000000,1.050000,0.000000,0.000000,1.350000,0.060000,0.000000,0.008000,0.000000,0.000600,0.008000,0.000000,0.000600,0.006000,0.000000,0.000000,1,1,1,267,241,377928,377928,208405,169523,0,60.00,12274,3170,241,0,0,0,12252,499.75,499.75,8,371,0.0000,0.5000,0.5000,0.0000,0.5000
2026-04-27T17:37:56.924,4.465,1,-0.90,7.80,-148.46,-65.35,1,-0.1212,-0.1612,0.2876,0.2260,-0.0601,-0.0330,-4.30,-19.52,62.81,60.08,268,262,0.97761,0.97761,1.00000,0.97761,3,3,1,19.81219,0.00329,1.06681,0.1212,0.1612,0.0124,0.2260,-0.0601,-0.0330,4.30,-6.56,1.07,1,1,0.0000,0.0000,0.3000,0.00,0.8300,0.4200,1.0000,6.50,180.00,1.050000,0.000000,0.000000,1.500000,0.000000,0.000000,1.200000,0.000000,0.000000,1.050000,0.000000,0.000000,1.350000,0.060000,0.000000,0.008000,0.000000,0.000600,0.008000,0.000000,0.000600,0.006000,0.000000,0.000000,1,1,1,268,239,377928,377928,208405,169523,0,60.00,12274,3170,241,0,0,0,12252,499.75,499.75,8,371,0.0000,0.5000,0.5000,0.0000,0.5000
2026-04-27T17:37:56.941,4.482,1,-0.90,7.80,-148.46,-65.35,1,-0.1234,-0.1597,0.2880,0.1709,-0.0731,-0.0209,-4.03,-17.16,55.83,59.44,269,263,0.97770,0.97770,1.00000,0.97770,3,3,1,19.70699,0.00294,1.06361,0.1234,0.1597,0.0120,0.1709,-0.0731,-0.0209,4.03,-6.80,-0.61,1,1,0.0000,0.0000,0.3000,0.00,0.8300,0.4200,1.0000,6.50,180.00,1.050000,0.000000,0.000000,1.500000,0.000000,0.000000,1.200000,0.000000,0.000000,1.050000,0.000000,0.000000,1.350000,0.060000,0.000000,0.008000,0.000000,0.000600,0.008000,0.000000,0.000600,0.006000,0.000000,0.000000,1,1,1,269,240,377928,377928,208405,169523,0,60.00,12274,3170,241,0,0,0,12252,499.75,499.75,8,371,0.0000,0.5000,0.5000,0.0000,0.5000
2026-04-27T17:37:56.955,4.496,1,-0.90,7.80,-148.46,-65.35,1,-0.1255,-0.1591,0.2881,0.1909,-0.0557,-0.0108,-3.41,-38.79,65.62,62.67,270,264,0.97778,0.97778,1.00000,0.97778,3,3,1,19.74046,0.00341,1.06252,0.1255,0.1591,0.0119,0.1909,-0.0557,-0.0108,3.41,-7.10,-1.38,1,1,0.0000,0.0000,0.3000,0.00,0.8300,0.4200,1.0000,6.50,180.00,1.050000,0.000000,0.000000,1.500000,0.000000,0.000000,1.200000,0.000000,0.000000,1.050000,0.000000,0.000000,1.350000,0.060000,0.000000,0.008000,0.000000,0.000600,0.008000,0.000000,0.000600,0.006000,0.000000,0.000000,1,1,1,270,241,377928,377928,208405,169523,0,60.00,12274,3170,241,0,0,0,12252,499.75,499.75,8,371,0.0000,0.5000,0.5000,0.0000,0.5000
2026-04-27T17:37:56.970,4.511,1,-0.90,7.80,-148.46,-65.35,1,-0.1272,-0.1588,0.2879,0.1300,-0.0338,0.0000,-2.92,-33.45,69.07,57.10,271,265,0.97786,0.97786,1.00000,0.97786,3,3,1,19.78302,0.00308,1.06692,0.1272,0.1588,0.0121,0.1300,-0.0338,0.0000,2.92,-6.84,-1.86,1,1,0.0000,0.0000,0.3000,0.00,0.8300,0.4200,1.0000,6.50,180.00,1.050000,0.000000,0.000000,1.500000,0.000000,0.000000,1.200000,0.000000,0.000000,1.050000,0.000000,0.000000,1.350000,0.060000,0.000000,0.008000,0.000000,0.000600,0.008000,0.000000,0.000600,0.006000,0.000000,0.000000,1,1,1,271,236,377928,377928,208405,169523,0,60.00,12274,3170,241,0,0,0,12252,499.75,499.75,8,371,0.0000,0.5000,0.5000,0.0000,0.5000
2026-04-27T17:37:56.988,4.529,1,-0.90,7.80,-148.46,-65.35,1,-0.1285,-0.1579,0.2876,0.1092,-0.0485,0.0120,-2.45,-26.12,68.26,68.75,272,266,0.97794,0.97794,1.00000,0.97794,3,3,1,19.87479,0.00290,1.06393,0.1285,0.1579,0.0124,0.1092,-0.0485,0.0120,2.45,-6.92,-2.19,1,1,0.0000,0.0000,0.3000,0.00,0.8300,0.4200,1.0000,6.50,180.00,1.050000,0.000000,0.000000,1.500000,0.000000,0.000000,1.200000,0.000000,0.000000,1.050000,0.000000,0.000000,1.350000,0.060000,0.000000,0.008000,0.000000,0.000600,0.008000,0.000000,0.000600,0.006000,0.000000,0.000000,1,1,1,272,241,377928,377928,208405,169523,0,60.00,12274,3170,271,0,0,0,12282,500.00,500.00,8,727,0.0000,0.5000,0.5000,0.0000,0.5000
2026-04-27T17:37:57.004,4.545,1,-0.90,7.80,-148.46,-65.35,1,-0.1297,-0.1581,0.2880,0.0957,-0.0115,-0.0107,-1.94,-31.57,55.58,54.22,273,267,0.97802,0.97802,1.00000,0.97802,3,3,1,19.88993,0.00321,1.06722,0.1297,0.1581,0.0120,0.0957,-0.0115,-0.0107,1.94,-7.22,-2.24,1,1,0.0000,0.0000,0.3000,0.00,0.8300,0.4200,1.0000,6.50,180.00,1.050000,0.000000,0.000000,1.500000,0.000000,0.000000,1.200000,0.000000,0.000000,1.050000,0.000000,0.000000,1.350000,0.060000,0.000000,0.008000,0.000000,0.000600,0.008000,0.000000,0.000600,0.006000,0.000000,0.000000,1,1,1,273,241,377928,377928,208405,169523,0,60.00,12274,3170,271,0,0,0,12282,500.00,500.00,8,727,0.0000,0.5000,0.5000,0.0000,0.5000
2026-04-27T17:37:57.022,4.563,1,-1.50,3.90,-5.79,-37.88,1,-0.1309,-0.1583,0.2881,0.0906,0.0000,0.0000,-1.60,-19.07,61.90,60.59,274,268,0.97810,0.97810,1.00000,0.97810,3,3,1,19.82990,0.00338,1.06655,0.1309,0.1583,0.0119,0.0906,0.0000,0.0000,1.60,-7.54,-2.29,1,1,0.0000,0.0000,0.3000,0.00,0.8300,0.4200,1.0000,6.50,180.00,1.050000,0.000000,0.000000,1.500000,0.000000,0.000000,1.200000,0.000000,0.000000,1.050000,0.000000,0.000000,1.350000,0.060000,0.000000,0.008000,0.000000,0.000600,0.008000,0.000000,0.000600,0.006000,0.000000,0.000000,1,1,1,274,231,377928,377928,208405,169523,0,60.00,12274,3170,271,0,0,0,12282,500.00,500.00,8,727,0.0000,0.5000,0.5000,0.0000,0.5000
2026-04-27T17:37:57.039,4.580,1,-1.50,3.90,-5.79,-37.88,1,-0.1318,-0.1580,0.2885,0.0652,-0.0130,0.0000,-1.38,-12.92,56.09,59.02,275,269,0.97818,0.97818,1.00000,0.97818,3,3,1,19.80451,0.00368,1.07306,0.1318,0.1580,0.0115,0.0652,-0.0130,0.0000,1.38,-8.05,-2.74,1,1,0.0000,0.0000,0.3000,0.00,0.8300,0.4200,1.0000,6.50,180.00,1.050000,0.000000,0.000000,1.500000,0.000000,0.000000,1.200000,0.000000,0.000000,1.050000,0.000000,0.000000,1.350000,0.060000,0.000000,0.008000,0.000000,0.000600,0.008000,0.000000,0.000600,0.006000,0.000000,0.000000,1,1,1,275,237,377928,377928,208405,169523,0,60.00,12274,3170,271,0,0,0,12282,500.00,500.00,8,727,0.0000,0.5000,0.5000,0.0000,0.5000
2026-04-27T17:37:57.056,4.597,1,-1.50,3.90,-5.79,-37.88,1,-0.1320,-0.1579,0.2883,0.0373,-0.0107,0.0000,-1.34,-2.27,53.98,60.07,276,270,0.97826,0.97826,1.00000,0.97826,3,3,1,19.80853,0.00356,1.06736,0.1320,0.1579,0.0117,0.0373,-0.0107,0.0000,1.34,-8.38,-2.86,1,1,0.0000,0.0000,0.3000,0.00,0.8300,0.4200,1.0000,6.50,180.00,1.050000,0.000000,0.000000,1.500000,0.000000,0.000000,1.200000,0.000000,0.000000,1.050000,0.000000,0.000000,1.350000,0.060000,0.000000,0.008000,0.000000,0.000600,0.008000,0.000000,0.000600,0.006000,0.000000,0.000000,1,1,1,276,237,377928,377928,208405,169523,0,60.00,12274,3170,271,0,0,0,12282,500.00,500.00,8,727,0.0000,0.5000,0.5000,0.0000,0.5000
2026-04-27T17:37:57.073,4.614,1,-1.50,3.90,-5.79,-37.88,1,-0.1316,-0.1577,0.2880,0.0000,-0.0129,0.0110,-1.34,0.00,58.31,59.60,277,271,0.97834,0.97834,1.00000,0.97834,3,3,1,19.85337,0.00354,1.06915,0.1316,0.1577,0.0120,0.0000,-0.0129,0.0110,1.34,-8.22,-3.07,1,1,0.0000,0.0000,0.3000,0.00,0.8300,0.4200,1.0000,6.50,180.00,1.050000,0.000000,0.000000,1.500000,0.000000,0.000000,1.200000,0.000000,0.000000,1.050000,0.000000,0.000000,1.350000,0.060000,0.000000,0.008000,0.000000,0.000600,0.008000,0.000000,0.000600,0.006000,0.000000,0.000000,1,1,1,277,237,377928,377928,208405,169523,0,60.00,12274,3170,271,0,0,0,12282,500.00,500.00,8,727,0.0000,0.5000,0.5000,0.0000,0.5000
2026-04-27T17:37:57.089,4.630,1,-1.50,3.90,-5.79,-37.88,1,-0.1316,-0.1578,0.2881,0.0000,0.0000,0.0000,-1.32,-1.15,59.73,60.21,278,272,0.97842,0.97842,1.00000,0.97842,3,3,1,19.83234,0.00355,1.06694,0.1316,0.1578,0.0119,0.0000,0.0000,0.0000,1.32,-8.29,-3.03,1,1,0.0000,0.0000,0.3000,0.00,0.8300,0.4200,1.0000,6.50,180.00,1.050000,0.000000,0.000000,1.500000,0.000000,0.000000,1.200000,0.000000,0.000000,1.050000,0.000000,0.000000,1.350000,0.060000,0.000000,0.008000,0.000000,0.000600,0.008000,0.000000,0.000600,0.006000,0.000000,0.000000,1,1,1,278,228,377928,377928,208405,169523,0,60.00,12274,3170,271,0,0,0,12282,500.00,500.00,8,727,0.0000,0.5000,0.5000,0.0000,0.5000
2026-04-27T17:37:57.106,4.647,1,-1.50,3.90,-5.79,-37.88,1,-0.1316,-0.1579,0.2881,0.0000,0.0000,0.0000,-1.34,1.26,61.10,60.39,279,273,0.97849,0.97849,1.00000,0.97849,3,3,1,19.79866,0.00344,1.06724,0.1316,0.1579,0.0119,0.0000,0.0000,0.0000,1.34,-8.42,-3.06,1,1,0.0000,0.0000,0.3000,0.00,0.8300,0.4200,1.0000,6.50,180.00,1.050000,0.000000,0.000000,1.500000,0.000000,0.000000,1.200000,0.000000,0.000000,1.050000,0.000000,0.000000,1.350000,0.060000,0.000000,0.008000,0.000000,0.000600,0.008000,0.000000,0.000600,0.006000,0.000000,0.000000,1,1,1,279,228,377928,377928,208405,169523,0,60.00,12274,3170,271,0,0,0,12282,500.00,500.00,8,727,0.0000,0.5000,0.5000,0.0000,0.5000
2026-04-27T17:37:57.123,4.664,1,-1.50,3.90,-5.79,-37.88,1,-0.1316,-0.1579,0.2882,0.0000,0.0000,0.0000,-1.31,-1.80,59.22,63.71,280,274,0.97857,0.97857,1.00000,0.97857,3,3,1,19.85418,0.00353,1.06755,0.1316,0.1579,0.0118,0.0000,0.0000,0.0000,1.31,-8.43,-2.99,1,1,0.0000,0.0000,0.3000,0.00,0.8300,0.4200,1.0000,6.50,180.00,1.050000,0.000000,0.000000,1.500000,0.000000,0.000000,1.200000,0.000000,0.000000,1.050000,0.000000,0.000000,1.350000,0.060000,0.000000,0.008000,0.000000,0.000600,0.008000,0.000000,0.000600,0.006000,0.000000,0.000000,1,1,1,280,228,377928,377928,208405,169523,0,60.00,12274,3170,271,0,0,0,12282,500.00,500.00,8,727,0.0000,0.5000,0.5000,0.0000,0.5000
2026-04-27T17:37:57.140,4.681,1,-1.50,3.90,-5.79,-37.88,1,-0.1312,-0.1580,0.2881,-0.0138,0.0000,0.0000,-1.36,3.04,60.15,60.27,281,275,0.97865,0.97865,1.00000,0.97865,3,3,1,19.83918,0.00333,1.06618,0.1312,0.1580,0.0119,-0.0138,0.0000,0.0000,1.36,-8.04,-3.06,1,1,0.0000,0.0000,0.3000,0.00,0.8300,0.4200,1.0000,6.50,180.00,1.050000,0.000000,0.000000,1.500000,0.000000,0.000000,1.200000,0.000000,0.000000,1.050000,0.000000,0.000000,1.350000,0.060000,0.000000,0.008000,0.000000,0.000600,0.008000,0.000000,0.000600,0.006000,0.000000,0.000000,1,1,1,281,233,377928,377928,208405,169523,0,60.00,12274,3170,271,0,0,0,12282,500.00,500.00,8,727,0.0000,0.5000,0.5000,0.0000,0.5000
2026-04-27T17:37:57.157,4.698,1,-1.50,3.90,-5.79,-37.88,1,-0.1311,-0.1580,0.2882,-0.0102,0.0000,0.0000,-1.38,1.15,60.32,55.08,282,276,0.97872,0.97872,1.00000,0.97872,3,3,1,19.82536,0.00333,1.06737,0.1311,0.1580,0.0118,-0.0102,0.0000,0.0000,1.38,-7.83,-3.05,1,1,0.0000,0.0000,0.3000,0.00,0.8300,0.4200,1.0000,6.50,180.00,1.050000,0.000000,0.000000,1.500000,0.000000,0.000000,1.200000,0.000000,0.000000,1.050000,0.000000,0.000000,1.350000,0.060000,0.000000,0.008000,0.000000,0.000600,0.008000,0.000000,0.000600,0.006000,0.000000,0.000000,1,1,1,282,232,377928,377928,208405,169523,0,60.00,12274,3170,271,0,0,0,12282,500.00,500.00,8,727,0.0000,0.5000,0.5000,0.0000,0.5000
2026-04-27T17:37:57.173,4.714,1,-1.00,3.50,4.94,-3.97,1,-0.1315,-0.1578,0.2882,0.0000,0.0000,0.0000,-1.31,-4.24,61.36,63.29,283,277,0.97880,0.97880,1.00000,0.97880,3,3,1,19.83877,0.00366,1.07097,0.1315,0.1578,0.0118,0.0000,0.0000,0.0000,1.31,-8.18,-3.15,1,1,0.0000,0.0000,0.3000,0.00,0.8300,0.4200,1.0000,6.50,180.00,1.050000,0.000000,0.000000,1.500000,0.000000,0.000000,1.200000,0.000000,0.000000,1.050000,0.000000,0.000000,1.350000,0.060000,0.000000,0.008000,0.000000,0.000600,0.008000,0.000000,0.000600,0.006000,0.000000,0.000000,1,1,1,283,228,377928,377928,208405,169523,0,60.00,12274,3170,271,0,0,0,12282,500.00,500.00,8,727,0.0000,0.5000,0.5000,0.0000,0.5000
2026-04-27T17:37:57.190,4.731,1,-1.00,3.50,4.94,-3.97,1,-0.1315,-0.1579,0.2881,0.0000,0.0000,0.0000,-1.28,-1.98,60.72,57.86,284,278,0.97887,0.97887,1.00000,0.97887,3,3,1,19.82839,0.00343,1.06662,0.1315,0.1579,0.0119,0.0000,0.0000,0.0000,1.28,-8.19,-3.12,1,1,0.0000,0.0000,0.3000,0.00,0.8300,0.4200,1.0000,6.50,180.00,1.050000,0.000000,0.000000,1.500000,0.000000,0.000000,1.200000,0.000000,0.000000,1.050000,0.000000,0.000000,1.350000,0.060000,0.000000,0.008000,0.000000,0.000600,0.008000,0.000000,0.000600,0.006000,0.000000,0.000000,1,1,1,284,228,377928,377928,208405,169523,0,60.00,12274,3170,271,0,0,0,12282,500.00,500.00,8,727,0.0000,0.5000,0.5000,0.0000,0.5000
2026-04-27T17:37:57.207,4.748,1,-1.00,3.50,4.94,-3.97,1,-0.1315,-0.1581,0.2883,0.0000,0.0000,0.0000,-1.31,1.54,60.20,60.30,285,279,0.97895,0.97895,1.00000,0.97895,3,3,1,19.82433,0.00338,1.06862,0.1315,0.1581,0.0117,0.0000,0.0000,0.0000,1.31,-8.22,-3.08,1,1,0.0000,0.0000,0.3000,0.00,0.8300,0.4200,1.0000,6.50,180.00,1.050000,0.000000,0.000000,1.500000,0.000000,0.000000,1.200000,0.000000,0.000000,1.050000,0.000000,0.000000,1.350000,0.060000,0.000000,0.008000,0.000000,0.000600,0.008000,0.000000,0.000600,0.006000,0.000000,0.000000,1,1,1,285,228,377928,377928,208405,169523,0,60.00,12274,3170,271,0,0,0,12282,500.00,500.00,8,727,0.0000,0.5000,0.5000,0.0000,0.5000
2026-04-27T17:37:57.223,4.764,1,-1.00,3.50,4.94,-3.97,1,-0.1315,-0.1580,0.2882,0.0000,0.0000,0.0000,-1.25,-3.93,55.55,60.35,286,280,0.97902,0.97902,1.00000,0.97902,3,3,1,19.82156,0.00350,1.06807,0.1315,0.1580,0.0118,0.0000,0.0000,0.0000,1.25,-8.29,-3.03,1,1,0.0000,0.0000,0.3000,0.00,0.8300,0.4200,1.0000,6.50,180.00,1.050000,0.000000,0.000000,1.500000,0.000000,0.000000,1.200000,0.000000,0.000000,1.050000,0.000000,0.000000,1.350000,0.060000,0.000000,0.008000,0.000000,0.000600,0.008000,0.000000,0.000600,0.006000,0.000000,0.000000,1,1,1,286,228,377928,377928,208405,169523,0,60.00,12274,3170,271,0,0,0,12282,500.00,500.00,8,727,0.0000,0.5000,0.5000,0.0000,0.5000
2026-04-27T17:37:57.240,4.781,1,-1.00,3.50,4.94,-3.97,1,-0.1316,-0.1580,0.2882,0.0000,0.0000,0.0000,-1.21,-2.43,61.74,59.62,287,281,0.97909,0.97909,1.00000,0.97909,3,3,1,19.81603,0.00358,1.06782,0.1316,0.1580,0.0118,0.0000,0.0000,0.0000,1.21,-8.31,-2.98,1,1,0.0000,0.0000,0.3000,0.00,0.8300,0.4200,1.0000,6.50,180.00,1.050000,0.000000,0.000000,1.500000,0.000000,0.000000,1.200000,0.000000,0.000000,1.050000,0.000000,0.000000,1.350000,0.060000,0.000000,0.008000,0.000000,0.000600,0.008000,0.000000,0.000600,0.006000,0.000000,0.000000,1,1,1,287,228,377928,377928,208405,169523,0,60.00,12274,3170,271,0,0,0,12282,500.00,500.00,8,727,0.0000,0.5000,0.5000,0.0000,0.5000
2026-04-27T17:37:57.256,4.797,1,-1.00,3.50,4.94,-3.97,1,-0.1315,-0.1579,0.2881,0.0000,0.0000,0.0000,-1.28,4.18,60.68,64.26,288,282,0.97917,0.97917,1.00000,0.97917,3,3,1,19.82644,0.00343,1.06872,0.1315,0.1579,0.0119,0.0000,0.0000,0.0000,1.28,-8.41,-2.88,1,1,0.0000,0.0000,0.3000,0.00,0.8300,0.4200,1.0000,6.50,180.00,1.050000,0.000000,0.000000,1.500000,0.000000,0.000000,1.200000,0.000000,0.000000,1.050000,0.000000,0.000000,1.350000,0.060000,0.000000,0.008000,0.000000,0.000600,0.008000,0.000000,0.000600,0.006000,0.000000,0.000000,1,1,1,288,228,377928,377928,208405,169523,0,60.00,12274,3170,271,0,0,0,12282,500.00,500.00,8,727,0.0000,0.5000,0.5000,0.0000,0.5000
2026-04-27T17:37:57.275,4.816,1,-1.00,3.50,4.94,-3.97,1,-0.1315,-0.1579,0.2883,0.0000,0.0000,0.0000,-1.23,-2.65,58.95,56.59,289,283,0.97924,0.97924,1.00000,0.97924,3,3,1,19.87675,0.00358,1.06905,0.1315,0.1579,0.0117,0.0000,0.0000,0.0000,1.23,-8.42,-2.99,1,1,0.0000,0.0000,0.3000,0.00,0.8300,0.4200,1.0000,6.50,180.00,1.050000,0.000000,0.000000,1.500000,0.000000,0.000000,1.200000,0.000000,0.000000,1.050000,0.000000,0.000000,1.350000,0.060000,0.000000,0.008000,0.000000,0.000600,0.008000,0.000000,0.000600,0.006000,0.000000,0.000000,1,1,1,289,228,377928,377928,208405,169523,0,60.00,12274,3170,271,0,0,0,12282,500.00,500.00,8,727,0.0000,0.5000,0.5000,0.0000,0.5000
2026-04-27T17:37:57.290,4.831,1,-1.00,3.50,4.94,-3.97,1,-0.1314,-0.1581,0.2883,0.0000,0.0000,0.0000,-1.26,2.09,53.54,59.66,290,284,0.97931,0.97931,1.00000,0.97931,3,3,1,19.85218,0.00331,1.06579,0.1314,0.1581,0.0117,0.0000,0.0000,0.0000,1.26,-8.19,-2.92,1,1,0.0000,0.0000,0.3000,0.00,0.8300,0.4200,1.0000,6.50,180.00,1.050000,0.000000,0.000000,1.500000,0.000000,0.000000,1.200000,0.000000,0.000000,1.050000,0.000000,0.000000,1.350000,0.060000,0.000000,0.008000,0.000000,0.000600,0.008000,0.000000,0.000600,0.006000,0.000000,0.000000,1,1,1,290,228,377928,377928,208405,169523,0,60.00,12274,3170,271,0,0,0,12282,500.00,500.00,8,727,0.0000,0.5000,0.5000,0.0000,0.5000
2026-04-27T17:37:57.306,4.847,1,-1.00,3.50,4.94,-3.97,1,-0.1315,-0.1579,0.2882,0.0000,0.0000,0.0000,-1.30,2.40,69.65,63.96,291,285,0.97938,0.97938,1.00000,0.97938,3,3,1,19.82847,0.00352,1.07086,0.1315,0.1579,0.0118,0.0000,0.0000,0.0000,1.30,-8.30,-3.09,1,1,0.0000,0.0000,0.3000,0.00,0.8300,0.4200,1.0000,6.50,180.00,1.050000,0.000000,0.000000,1.500000,0.000000,0.000000,1.200000,0.000000,0.000000,1.050000,0.000000,0.000000,1.350000,0.060000,0.000000,0.008000,0.000000,0.000600,0.008000,0.000000,0.000600,0.006000,0.000000,0.000000,1,1,1,291,226,377928,377928,208405,169523,0,60.00,12274,3170,271,0,0,0,12282,500.00,500.00,8,727,0.0000,0.5000,0.5000,0.0000,0.5000
2026-04-27T17:37:57.322,4.863,1,-0.90,3.20,0.96,-0.96,1,-0.1315,-0.1579,0.2883,0.0000,0.0000,0.0000,-1.26,-2.41,59.95,58.04,292,286,0.97945,0.97945,1.00000,0.97945,3,3,1,19.87998,0.00351,1.06872,0.1315,0.1579,0.0117,0.0000,0.0000,0.0000,1.26,-8.24,-3.10,1,1,0.0000,0.0000,0.3000,0.00,0.8300,0.4200,1.0000,6.50,180.00,1.050000,0.000000,0.000000,1.500000,0.000000,0.000000,1.200000,0.000000,0.000000,1.050000,0.000000,0.000000,1.350000,0.060000,0.000000,0.008000,0.000000,0.000600,0.008000,0.000000,0.000600,0.006000,0.000000,0.000000,1,1,1,292,227,377928,377928,208405,169523,0,60.00,12274,3170,271,0,0,0,12282,500.00,500.00,8,727,0.0000,0.5000,0.5000,0.0000,0.5000
2026-04-27T17:37:57.340,4.881,1,-0.90,3.20,0.96,-0.96,1,-0.1317,-0.1579,0.2882,0.0000,0.0000,0.0000,-1.22,-2.38,68.49,58.57,293,287,0.97952,0.97952,1.00000,0.97952,3,3,1,19.82865,0.00361,1.06888,0.1317,0.1579,0.0118,0.0000,0.0000,0.0000,1.22,-8.49,-3.13,1,1,0.0000,0.0000,0.3000,0.00,0.8300,0.4200,1.0000,6.50,180.00,1.050000,0.000000,0.000000,1.500000,0.000000,0.000000,1.200000,0.000000,0.000000,1.050000,0.000000,0.000000,1.350000,0.060000,0.000000,0.008000,0.000000,0.000600,0.008000,0.000000,0.000600,0.006000,0.000000,0.000000,1,1,1,293,228,377928,377928,208405,169523,0,60.00,12274,3170,271,0,0,0,12282,500.00,500.00,8,727,0.0000,0.5000,0.5000,0.0000,0.5000
2026-04-27T17:37:57.356,4.897,1,-0.90,3.20,0.96,-0.96,1,-0.1316,-0.1578,0.2882,0.0000,0.0000,0.0000,-1.25,1.82,53.19,63.43,294,288,0.97959,0.97959,1.00000,0.97959,3,3,1,19.84118,0.00360,1.07064,0.1316,0.1578,0.0118,0.0000,0.0000,0.0000,1.25,-8.38,-3.20,1,1,0.0000,0.0000,0.3000,0.00,0.8300,0.4200,1.0000,6.50,180.00,1.050000,0.000000,0.000000,1.500000,0.000000,0.000000,1.200000,0.000000,0.000000,1.050000,0.000000,0.000000,1.350000,0.060000,0.000000,0.008000,0.000000,0.000600,0.008000,0.000000,0.000600,0.006000,0.000000,0.000000,1,1,1,294,227,377928,377928,208405,169523,0,60.00,12274,3170,271,0,0,0,12282,500.00,500.00,8,727,0.0000,0.5000,0.5000,0.0000,0.5000
2026-04-27T17:37:57.373,4.914,1,-0.90,3.20,0.96,-0.96,1,-0.1316,-0.1579,0.2881,0.0000,0.0000,0.0000,-1.29,2.38,60.73,60.60,295,289,0.97966,0.97966,1.00000,0.97966,3,3,1,19.80194,0.00344,1.06545,0.1316,0.1579,0.0119,0.0000,0.0000,0.0000,1.29,-8.42,-3.05,1,1,0.0000,0.0000,0.3000,0.00,0.8300,0.4200,1.0000,6.50,180.00,1.050000,0.000000,0.000000,1.500000,0.000000,0.000000,1.200000,0.000000,0.000000,1.050000,0.000000,0.000000,1.350000,0.060000,0.000000,0.008000,0.000000,0.000600,0.008000,0.000000,0.000600,0.006000,0.000000,0.000000,1,1,1,295,228,377928,377928,208405,169523,0,60.00,12274,3170,271,0,0,0,12282,500.00,500.00,8,727,0.0000,0.5000,0.5000,0.0000,0.5000
2026-04-27T17:37:57.390,4.931,1,-0.90,3.20,0.96,-0.96,1,-0.1316,-0.1578,0.2880,0.0000,0.0000,0.0000,-1.27,-1.20,58.14,56.45,296,290,0.97973,0.97973,1.00000,0.97973,3,3,1,19.82911,0.00355,1.06556,0.1316,0.1578,0.0120,0.0000,0.0000,0.0000,1.27,-8.47,-2.96,1,1,0.0000,0.0000,0.3000,0.00,0.8300,0.4200,1.0000,6.50,180.00,1.050000,0.000000,0.000000,1.500000,0.000000,0.000000,1.200000,0.000000,0.000000,1.050000,0.000000,0.000000,1.350000,0.060000,0.000000,0.008000,0.000000,0.000600,0.008000,0.000000,0.000600,0.006000,0.000000,0.000000,1,1,1,296,228,377928,377928,208405,169523,0,60.00,12274,3170,271,0,0,0,12282,500.00,500.00,8,727,0.0000,0.5000,0.5000,0.0000,0.5000
2026-04-27T17:37:57.406,4.947,1,-0.90,3.20,0.96,-0.96,1,-0.1314,-0.1579,0.2883,-0.0107,0.0000,0.0000,-1.28,0.61,61.42,63.64,297,291,0.97980,0.97980,1.00000,0.97980,3,3,1,19.80258,0.00357,1.07124,0.1314,0.1579,0.0117,-0.0107,0.0000,0.0000,1.28,-8.34,-3.04,1,1,0.0000,0.0000,0.3000,0.00,0.8300,0.4200,1.0000,6.50,180.00,1.050000,0.000000,0.000000,1.500000,0.000000,0.000000,1.200000,0.000000,0.000000,1.050000,0.000000,0.000000,1.350000,0.060000,0.000000,0.008000,0.000000,0.000600,0.008000,0.000000,0.000600,0.006000,0.000000,0.000000,1,1,1,297,233,377928,377928,208405,169523,0,60.00,12274,3170,271,0,0,0,12282,500.00,500.00,8,727,0.0000,0.5000,0.5000,0.0000,0.5000
2026-04-27T17:37:57.423,4.964,1,-0.90,3.10,0.00,-0.95,1,-0.1315,-0.1579,0.2881,0.0000,0.0000,0.0000,-1.23,-2.94,60.79,56.86,298,292,0.97987,0.97987,1.00000,0.97987,3,3,1,19.85406,0.00353,1.06672,0.1315,0.1579,0.0119,0.0000,0.0000,0.0000,1.23,-8.30,-3.06,1,1,0.0000,0.0000,0.3000,0.00,0.8300,0.4200,1.0000,6.50,180.00,1.050000,0.000000,0.000000,1.500000,0.000000,0.000000,1.200000,0.000000,0.000000,1.050000,0.000000,0.000000,1.350000,0.060000,0.000000,0.008000,0.000000,0.000600,0.008000,0.000000,0.000600,0.006000,0.000000,0.000000,1,1,1,298,227,377928,377928,208405,169523,0,60.00,12274,3170,271,0,0,0,12282,500.00,500.00,8,727,0.0000,0.5000,0.5000,0.0000,0.5000
2026-04-27T17:37:57.438,4.978,1,-0.90,3.10,0.00,-0.95,1,-0.1315,-0.1579,0.2882,0.0000,0.0000,0.0000,-1.26,1.94,58.77,59.67,299,293,0.97993,0.97993,1.00000,0.97993,3,3,1,19.83234,0.00355,1.06694,0.1315,0.1579,0.0118,0.0000,0.0000,0.0000,1.26,-8.33,-3.03,1,1,0.0000,0.0000,0.3000,0.00,0.8300,0.4200,1.0000,6.50,180.00,1.050000,0.000000,0.000000,1.500000,0.000000,0.000000,1.200000,0.000000,0.000000,1.050000,0.000000,0.000000,1.350000,0.060000,0.000000,0.008000,0.000000,0.000600,0.008000,0.000000,0.000600,0.006000,0.000000,0.000000,1,1,1,299,228,377928,377928,208405,169523,0,60.00,12274,3170,271,0,0,0,12282,500.00,500.00,8,727,0.0000,0.5000,0.5000,0.0000,0.5000
2026-04-27T17:37:57.454,4.995,1,-0.90,3.10,0.00,-0.95,1,-0.1315,-0.1580,0.2882,0.0000,0.0000,0.0000,-1.34,4.74,60.81,62.63,300,294,0.98000,0.98000,1.00000,0.98000,3,3,1,19.81306,0.00334,1.06730,0.1315,0.1580,0.0118,0.0000,0.0000,0.0000,1.34,-8.31,-2.99,1,1,0.0000,0.0000,0.3000,0.00,0.8300,0.4200,1.0000,6.50,180.00,1.050000,0.000000,0.000000,1.500000,0.000000,0.000000,1.200000,0.000000,0.000000,1.050000,0.000000,0.000000,1.350000,0.060000,0.000000,0.008000,0.000000,0.000600,0.008000,0.000000,0.000600,0.006000,0.000000,0.000000,1,1,1,300,228,377928,377928,208405,169523,0,60.00,12274,3170,271,0,0,0,12282,500.00,500.00,8,727,0.0000,0.5000,0.5000,0.0000,0.5000
2026-04-27T17:37:57.473,5.014,1,-0.90,3.10,0.00,-0.95,1,-0.1314,-0.1576,0.2882,0.0000,-0.0136,0.0000,-1.61,14.68,58.89,59.41,301,295,0.98007,0.98007,1.00000,0.98007,3,3,1,19.83250,0.00362,1.07817,0.1314,0.1576,0.0118,0.0000,-0.0136,0.0000,1.61,-8.28,-3.30,1,1,0.0000,0.0000,0.3000,0.00,0.8300,0.4200,1.0000,6.50,180.00,1.050000,0.000000,0.000000,1.500000,0.000000,0.000000,1.200000,0.000000,0.000000,1.050000,0.000000,0.000000,1.350000,0.060000,0.000000,0.008000,0.000000,0.000600,0.008000,0.000000,0.000600,0.006000,0.000000,0.000000,1,1,1,301,232,377928,377928,208405,169523,0,60.00,12274,3170,271,0,0,0,12282,500.00,500.00,8,727,0.0000,0.5000,0.5000,0.0000,0.5000
2026-04-27T17:37:57.489,5.030,1,-0.90,3.10,0.00,-0.95,1,-0.1311,-0.1575,0.2879,-0.0158,0.0000,0.0144,-1.64,1.80,61.45,58.32,302,296,0.98013,0.98013,1.00000,0.98013,3,3,1,19.88269,0.00336,1.07251,0.1311,0.1575,0.0121,-0.0158,0.0000,0.0144,1.64,-7.84,-3.32,1,1,0.0000,0.0000,0.3000,0.00,0.8300,0.4200,1.0000,6.50,180.00,1.050000,0.000000,0.000000,1.500000,0.000000,0.000000,1.200000,0.000000,0.000000,1.050000,0.000000,0.000000,1.350000,0.060000,0.000000,0.008000,0.000000,0.000600,0.008000,0.000000,0.000600,0.006000,0.000000,0.000000,1,1,1,302,237,377928,377928,208405,169523,0,60.00,12274,3170,271,0,0,0,12282,500.00,500.00,8,727,0.0000,0.5000,0.5000,0.0000,0.5000
2026-04-27T17:37:57.506,5.047,1,-0.90,3.10,0.00,-0.95,1,-0.1313,-0.1577,0.2869,0.0000,0.0000,0.0428,-1.43,-13.25,60.11,60.09,303,297,0.98020,0.98020,1.00000,0.98020,3,3,1,19.73067,0.00321,1.06187,0.1313,0.1577,0.0131,0.0000,0.0000,0.0428,1.43,-7.76,-2.81,1,1,0.0000,0.0000,0.3000,0.00,0.8300,0.4200,1.0000,6.50,180.00,1.050000,0.000000,0.000000,1.500000,0.000000,0.000000,1.200000,0.000000,0.000000,1.050000,0.000000,0.000000,1.350000,0.060000,0.000000,0.008000,0.000000,0.000600,0.008000,0.000000,0.000600,0.006000,0.000000,0.000000,1,1,1,303,232,377928,377928,208405,169523,0,60.00,12274,3170,271,0,0,0,12282,500.00,500.00,8,727,0.0000,0.5000,0.5000,0.0000,0.5000
2026-04-27T17:37:57.524,5.065,1,0.10,3.70,9.77,5.84,1,-0.1309,-0.1580,0.2854,-0.0170,0.0000,0.0646,-1.27,-9.18,59.54,59.83,304,298,0.98026,0.98026,1.00000,0.98026,3,3,1,19.62602,0.00316,1.06724,0.1309,0.1580,0.0146,-0.0170,0.0000,0.0646,1.27,-6.83,-2.85,1,1,0.0000,0.0000,0.3000,0.00,0.8300,0.4200,1.0000,6.50,180.00,1.050000,0.000000,0.000000,1.500000,0.000000,0.000000,1.200000,0.000000,0.000000,1.050000,0.000000,0.000000,1.350000,0.060000,0.000000,0.008000,0.000000,0.000600,0.008000,0.000000,0.000600,0.006000,0.000000,0.000000,1,1,1,304,237,377928,377928,208405,169523,0,60.00,12274,3170,271,0,0,0,12282,500.00,500.00,8,727,0.0000,0.5000,0.5000,0.0000,0.5000
2026-04-27T17:37:57.539,5.080,1,0.10,3.70,9.77,5.84,1,-0.1316,-0.1579,0.2815,0.0202,0.0000,0.1710,-1.17,-5.97,55.82,62.40,305,299,0.98033,0.98033,1.00000,0.98033,3,3,1,19.32422,0.00333,1.06846,0.1316,0.1579,0.0185,0.0202,0.0000,0.1710,1.17,-7.16,-2.63,1,1,0.0000,0.0000,0.3000,0.00,0.8300,0.4200,1.0000,6.50,180.00,1.050000,0.000000,0.000000,1.500000,0.000000,0.000000,1.200000,0.000000,0.000000,1.050000,0.000000,0.000000,1.350000,0.060000,0.000000,0.008000,0.000000,0.000600,0.008000,0.000000,0.000600,0.006000,0.000000,0.000000,1,1,1,305,235,377928,377928,208405,169523,0,60.00,12274,3170,271,0,0,0,12282,500.00,500.00,8,727,0.0000,0.5000,0.5000,0.0000,0.5000
2026-04-27T17:37:57.552,5.093,1,0.10,3.70,9.77,5.84,1,-0.1324,-0.1583,0.2752,0.0330,0.0140,0.2999,-1.11,-4.64,64.01,57.91,306,300,0.98039,0.98039,1.00000,0.98039,3,3,1,19.12439,0.00333,1.06407,0.1324,0.1583,0.0248,0.0330,0.0140,0.2999,1.11,-7.44,-2.42,1,1,0.0000,0.0000,0.3000,0.00,0.8300,0.4200,1.0000,6.50,180.00,1.050000,0.000000,0.000000,1.500000,0.000000,0.000000,1.200000,0.000000,0.000000,1.050000,0.000000,0.000000,1.350000,0.060000,0.000000,0.008000,0.000000,0.000600,0.008000,0.000000,0.000600,0.006000,0.000000,0.000000,1,1,1,306,238,377928,377928,208405,169523,0,60.00,12274,3170,271,0,0,0,12282,500.00,500.00,8,727,0.0000,0.5000,0.5000,0.0000,0.5000
2026-04-27T17:37:57.572,5.113,1,0.10,3.70,9.77,5.84,1,-0.1326,-0.1582,0.2654,0.0172,0.0000,0.4151,-1.14,1.51,59.90,59.84,307,301,0.98046,0.98046,1.00000,0.98046,3,3,1,18.91172,0.00304,1.06310,0.1326,0.1582,0.0346,0.0172,0.0000,0.4151,1.14,-7.12,-2.28,1,1,0.0000,0.0000,0.3000,0.00,0.8300,0.4200,1.0000,6.50,180.00,1.050000,0.000000,0.000000,1.500000,0.000000,0.000000,1.200000,0.000000,0.000000,1.050000,0.000000,0.000000,1.350000,0.060000,0.000000,0.008000,0.000000,0.000600,0.008000,0.000000,0.000600,0.006000,0.000000,0.000000,1,1,1,307,236,377928,377928,208405,169523,0,60.00,12274,3170,271,0,0,0,12282,500.00,500.00,8,727,0.0000,0.5000,0.5000,0.0000,0.5000
2026-04-27T17:37:57.590,5.131,1,0.10,3.70,9.77,5.84,1,-0.1324,-0.1577,0.2536,0.0000,-0.0147,0.5720,-1.20,3.64,67.86,60.12,308,302,0.98052,0.98052,1.00000,0.98052,3,3,1,18.57613,0.00311,1.06099,0.1324,0.1577,0.0464,0.0000,-0.0147,0.5720,1.20,-6.27,-2.22,1,1,0.0000,0.0000,0.3000,0.00,0.8300,0.4200,1.0000,6.50,180.00,1.050000,0.000000,0.000000,1.500000,0.000000,0.000000,1.200000,0.000000,0.000000,1.050000,0.000000,0.000000,1.350000,0.060000,0.000000,0.008000,0.000000,0.000600,0.008000,0.000000,0.000600,0.006000,0.000000,0.000000,1,1,1,308,236,377928,377928,208405,169523,0,60.00,12274,3170,271,0,0,0,12282,500.00,500.00,8,727,0.0000,0.5000,0.5000,0.0000,0.5000
2026-04-27T17:37:57.607,5.148,1,0.10,3.70,9.77,5.84,1,-0.1332,-0.1575,0.2402,0.0307,-0.0117,0.6789,-1.27,4.21,54.13,59.89,309,303,0.98058,0.98058,1.00000,0.98058,3,3,1,18.32692,0.00335,1.06028,0.1332,0.1575,0.0598,0.0307,-0.0117,0.6789,1.27,-6.19,-2.03,1,1,0.0000,0.0000,0.3000,0.00,0.8300,0.4200,1.0000,6.50,180.00,1.050000,0.000000,0.000000,1.500000,0.000000,0.000000,1.200000,0.000000,0.000000,1.050000,0.000000,0.000000,1.350000,0.060000,0.000000,0.008000,0.000000,0.000600,0.008000,0.000000,0.000600,0.006000,0.000000,0.000000,1,1,1,309,240,377928,377928,208405,169523,0,60.00,12274,3170,271,0,0,0,12282,500.00,500.00,8,727,0.0000,0.5000,0.5000,0.0000,0.5000
2026-04-27T17:37:57.623,5.164,1,0.10,3.70,9.77,5.84,1,-0.1340,-0.1567,0.2253,0.0361,-0.0334,0.7880,-1.42,9.00,61.81,60.24,310,304,0.98065,0.98065,1.00000,0.98065,3,3,1,17.91504,0.00334,1.06124,0.1340,0.1567,0.0747,0.0361,-0.0334,0.7880,1.42,-6.57,-2.11,1,1,0.0000,0.0000,0.3000,0.00,0.8300,0.4200,1.0000,6.50,180.00,1.050000,0.000000,0.000000,1.500000,0.000000,0.000000,1.200000,0.000000,0.000000,1.050000,0.000000,0.000000,1.350000,0.060000,0.000000,0.008000,0.000000,0.000600,0.008000,0.000000,0.000600,0.006000,0.000000,0.000000,1,1,1,310,241,377928,377928,208405,169523,0,60.00,12274,3170,271,0,0,0,12282,500.00,500.00,8,727,0.0000,0.5000,0.5000,0.0000,0.5000
2026-04-27T17:37:57.640,5.181,1,0.10,3.70,9.77,5.84,1,-0.1343,-0.1563,0.2086,0.0223,-0.0251,0.8772,-1.48,3.48,58.42,60.02,311,305,0.98071,0.98071,1.00000,0.98071,3,3,1,17.58126,0.00327,1.05762,0.1343,0.1563,0.0914,0.0223,-0.0251,0.8772,1.48,-6.40,-1.90,1,1,0.0000,0.0000,0.3000,0.00,0.8300,0.4200,1.0000,6.50,180.00,1.050000,0.000000,0.000000,1.500000,0.000000,0.000000,1.200000,0.000000,0.000000,1.050000,0.000000,0.000000,1.350000,0.060000,0.000000,0.008000,0.000000,0.000600,0.008000,0.000000,0.000600,0.006000,0.000000,0.000000,1,1,1,311,239,377928,377928,208405,169523,0,60.00,12274,3170,271,0,0,0,12282,500.00,500.00,8,727,0.0000,0.5000,0.5000,0.0000,0.5000
2026-04-27T17:37:57.654,5.195,1,0.10,3.70,9.77,5.84,1,-0.1351,-0.1559,0.1927,0.0394,-0.0243,0.9314,-1.37,-7.36,57.93,62.58,312,306,0.98077,0.98077,1.00000,0.98077,3,3,1,17.23321,0.00361,1.06458,0.1351,0.1559,0.1073,0.0394,-0.0243,0.9314,1.37,-6.72,-2.12,1,1,0.0000,0.0000,0.3000,0.00,0.8300,0.4200,1.0000,6.50,180.00,1.050000,0.000000,0.000000,1.500000,0.000000,0.000000,1.200000,0.000000,0.000000,1.050000,0.000000,0.000000,1.350000,0.060000,0.000000,0.008000,0.000000,0.000600,0.008000,0.000000,0.000600,0.006000,0.000000,0.000000,1,1,1,312,241,377928,377928,208405,169523,0,60.00,12274,3170,271,0,0,0,12282,500.00,500.00,8,727,0.0000,0.5000,0.5000,0.0000,0.5000
2026-04-27T17:37:57.672,5.213,1,-0.40,3.90,-4.78,1.95,1,-0.1359,-0.1556,0.1759,0.0424,-0.0231,0.9920,-1.30,-3.99,77.33,57.50,313,307,0.98083,0.98083,1.00000,0.98083,3,3,1,16.95963,0.00353,1.05741,0.1359,0.1556,0.1241,0.0424,-0.0231,0.9920,1.30,-7.10,-1.83,1,1,0.0000,0.0000,0.3000,0.00,0.8300,0.4200,1.0000,6.50,180.00,1.050000,0.000000,0.000000,1.500000,0.000000,0.000000,1.200000,0.000000,0.000000,1.050000,0.000000,0.000000,1.350000,0.060000,0.000000,0.008000,0.000000,0.000600,0.008000,0.000000,0.000600,0.006000,0.000000,0.000000,1,1,1,313,239,377928,377928,208405,169523,0,60.00,12274,3170,271,0,0,0,12282,500.00,500.00,8,727,0.0000,0.5000,0.5000,0.0000,0.5000
2026-04-27T17:37:57.689,5.230,1,-0.40,3.90,-4.78,1.95,1,-0.1361,-0.1552,0.1589,0.0203,-0.0237,0.9530,-1.33,1.69,50.21,59.98,314,308,0.98089,0.98089,1.00000,0.98089,3,3,1,16.58280,0.00326,1.05662,0.1361,0.1552,0.1411,0.0203,-0.0237,0.9530,1.33,-6.86,-1.59,1,1,0.0000,0.0000,0.3000,0.00,0.8300,0.4200,1.0000,6.50,180.00,1.050000,0.000000,0.000000,1.500000,0.000000,0.000000,1.200000,0.000000,0.000000,1.050000,0.000000,0.000000,1.350000,0.060000,0.000000,0.008000,0.000000,0.000600,0.008000,0.000000,0.000600,0.006000,0.000000,0.000000,1,1,1,314,240,377928,377928,208405,169523,0,60.00,12274,3170,271,0,0,0,12282,500.00,500.00,8,727,0.0000,0.5000,0.5000,0.0000,0.5000
2026-04-27T17:37:57.706,5.247,1,-0.40,3.90,-4.78,1.95,1,-0.1360,-0.1544,0.1439,0.0000,-0.0385,0.9759,-1.32,-0.61,64.94,63.79,315,309,0.98095,0.98095,1.00000,0.98095,3,3,1,16.23590,0.00334,1.06232,0.1360,0.1544,0.1561,0.0000,-0.0385,0.9759,1.32,-6.68,-1.69,1,1,0.0000,0.0000,0.3000,0.00,0.8300,0.4200,1.0000,6.50,180.00,1.050000,0.000000,0.000000,1.500000,0.000000,0.000000,1.200000,0.000000,0.000000,1.050000,0.000000,0.000000,1.350000,0.060000,0.000000,0.008000,0.000000,0.000600,0.008000,0.000000,0.000600,0.006000,0.000000,0.000000,1,1,1,315,237,377928,377928,208405,169523,0,60.00,12274,3170,271,0,0,0,12282,500.00,500.00,8,727,0.0000,0.5000,0.5000,0.0000,0.5000
2026-04-27T17:37:57.724,5.265,1,-1.09,4.39,-6.79,4.84,1,-0.1365,-0.1541,0.1291,0.0213,-0.0240,0.9078,-1.31,-0.61,57.18,56.67,316,310,0.98101,0.98101,1.00000,0.98101,3,3,1,15.94735,0.00343,1.05860,0.1365,0.1541,0.1709,0.0213,-0.0240,0.9078,1.31,-6.66,-1.53,1,1,0.0000,0.0000,0.3000,0.00,0.8300,0.4200,1.0000,6.50,180.00,1.050000,0.000000,0.000000,1.500000,0.000000,0.000000,1.200000,0.000000,0.000000,1.050000,0.000000,0.000000,1.350000,0.060000,0.000000,0.008000,0.000000,0.000600,0.008000,0.000000,0.000600,0.006000,0.000000,0.000000,1,1,1,316,241,377928,377928,208405,169523,0,60.00,12274,3170,271,0,0,0,12282,500.00,500.00,8,727,0.0000,0.5000,0.5000,0.0000,0.5000
2026-04-27T17:37:57.740,5.281,1,-1.09,4.39,-6.79,4.84,1,-0.1371,-0.1536,0.1164,0.0292,-0.0316,0.8529,-1.10,-12.95,59.38,60.03,317,311,0.98107,0.98107,1.00000,0.98107,3,3,1,15.75032,0.00366,1.06434,0.1371,0.1536,0.1836,0.0292,-0.0316,0.8529,1.10,-7.17,-1.40,1,1,0.0000,0.0000,0.3000,0.00,0.8300,0.4200,1.0000,6.50,180.00,1.050000,0.000000,0.000000,1.500000,0.000000,0.000000,1.200000,0.000000,0.000000,1.050000,0.000000,0.000000,1.350000,0.060000,0.000000,0.008000,0.000000,0.000600,0.008000,0.000000,0.000600,0.006000,0.000000,0.000000,1,1,1,317,239,377928,377928,208405,169523,0,60.00,12274,3170,271,0,0,0,12282,500.00,500.00,8,727,0.0000,0.5000,0.5000,0.0000,0.5000
2026-04-27T17:37:57.756,5.297,1,-1.09,4.39,-6.79,4.84,1,-0.1374,-0.1526,0.1049,0.0203,-0.0485,0.7827,-1.01,-5.44,59.35,60.03,318,312,0.98113,0.98113,1.00000,0.98113,3,3,1,15.61393,0.00385,1.06752,0.1374,0.1526,0.1951,0.0203,-0.0485,0.7827,1.01,-7.38,-1.54,1,1,0.0000,0.0000,0.3000,0.00,0.8300,0.4200,1.0000,6.50,180.00,1.050000,0.000000,0.000000,1.500000,0.000000,0.000000,1.200000,0.000000,0.000000,1.050000,0.000000,0.000000,1.350000,0.060000,0.000000,0.008000,0.000000,0.000600,0.008000,0.000000,0.000600,0.006000,0.000000,0.000000,1,1,1,318,240,377928,377928,208405,169523,0,60.00,12274,3170,271,0,0,0,12282,500.00,500.00,8,727,0.0000,0.5000,0.5000,0.0000,0.5000
2026-04-27T17:37:57.775,5.316,1,-1.09,4.39,-6.79,4.84,1,-0.1374,-0.1520,0.0943,0.0000,-0.0365,0.6964,-1.01,0.00,60.46,60.61,319,313,0.98119,0.98119,1.00000,0.98119,3,3,1,15.53153,0.00339,1.05759,0.1374,0.1520,0.2057,0.0000,-0.0365,0.6964,1.01,-7.34,-1.21,1,1,0.0000,0.0000,0.3000,0.00,0.8300,0.4200,1.0000,6.50,180.00,1.050000,0.000000,0.000000,1.500000,0.000000,0.000000,1.200000,0.000000,0.000000,1.050000,0.000000,0.000000,1.350000,0.060000,0.000000,0.008000,0.000000,0.000600,0.008000,0.000000,0.000600,0.006000,0.000000,0.000000,1,1,1,319,237,377928,377928,208405,169523,0,60.00,12274,3170,271,0,0,0,12282,500.00,500.00,8,727,0.0000,0.5000,0.5000,0.0000,0.5000
2026-04-27T17:37:57.787,5.328,1,-1.09,4.39,-6.79,4.84,1,-0.1374,-0.1513,0.0859,0.0000,-0.0442,0.6336,-1.04,2.33,51.99,63.16,320,314,0.98125,0.98125,1.00000,0.98125,3,3,1,15.43402,0.00353,1.04989,0.1374,0.1513,0.2141,0.0000,-0.0442,0.6336,1.04,-7.17,-1.02,1,1,0.0000,0.0000,0.3000,0.00,0.8300,0.4200,1.0000,6.50,180.00,1.050000,0.000000,0.000000,1.500000,0.000000,0.000000,1.200000,0.000000,0.000000,1.050000,0.000000,0.000000,1.350000,0.060000,0.000000,0.008000,0.000000,0.000600,0.008000,0.000000,0.000600,0.006000,0.000000,0.000000,1,1,1,320,237,377928,377928,208405,169523,0,60.00,12274,3170,271,0,0,0,12282,500.00,500.00,8,727,0.0000,0.5000,0.5000,0.0000,0.5000
2026-04-27T17:37:57.804,5.345,1,-1.09,4.39,-6.79,4.84,1,-0.1378,-0.1504,0.0794,0.0149,-0.0520,0.5087,-0.89,-9.01,91.17,59.96,321,315,0.98131,0.98131,1.00000,0.98131,3,3,1,15.37499,0.00379,1.06493,0.1378,0.1504,0.2206,0.0149,-0.0520,0.5087,0.89,-7.47,-1.14,1,1,0.0000,0.0000,0.3000,0.00,0.8300,0.4200,1.0000,6.50,180.00,1.050000,0.000000,0.000000,1.500000,0.000000,0.000000,1.200000,0.000000,0.000000,1.050000,0.000000,0.000000,1.350000,0.060000,0.000000,0.008000,0.000000,0.000600,0.008000,0.000000,0.000600,0.006000,0.000000,0.000000,1,1,1,321,240,377928,377928,208405,169523,0,60.00,12274,3170,271,0,0,0,12282,500.00,500.00,8,727,0.0000,0.5000,0.5000,0.0000,0.5000
2026-04-27T17:37:57.822,5.363,1,-1.09,4.39,-6.79,4.84,1,-0.1378,-0.1495,0.0743,0.0000,-0.0540,0.4400,-0.92,1.69,60.04,56.66,322,316,0.98137,0.98137,1.00000,0.98137,3,3,1,15.39676,0.00382,1.05554,0.1378,0.1495,0.2257,0.0000,-0.0540,0.4400,0.92,-7.73,-1.00,1,1,0.0000,0.0000,0.3000,0.00,0.8300,0.4200,1.0000,6.50,180.00,1.050000,0.000000,0.000000,1.500000,0.000000,0.000000,1.200000,0.000000,0.000000,1.050000,0.000000,0.000000,1.350000,0.060000,0.000000,0.008000,0.000000,0.000600,0.008000,0.000000,0.000600,0.006000,0.000000,0.000000,1,1,1,322,233,377928,377928,208405,169523,0,60.00,12274,3170,271,0,0,0,12282,500.00,500.00,8,727,0.0000,0.5000,0.5000,0.0000,0.5000
2026-04-27T17:37:57.838,5.379,1,-1.09,4.39,-6.79,4.84,1,-0.1375,-0.1485,0.0705,0.0000,-0.0556,0.3218,-1.01,5.73,50.13,63.76,323,317,0.98142,0.98142,1.00000,0.98142,3,3,1,15.38578,0.00375,1.06434,0.1375,0.1485,0.2295,0.0000,-0.0556,0.3218,1.01,-7.56,-1.14,1,1,0.0000,0.0000,0.3000,0.00,0.8300,0.4200,1.0000,6.50,180.00,1.050000,0.000000,0.000000,1.500000,0.000000,0.000000,1.200000,0.000000,0.000000,1.050000,0.000000,0.000000,1.350000,0.060000,0.000000,0.008000,0.000000,0.000600,0.008000,0.000000,0.000600,0.006000,0.000000,0.000000,1,1,1,323,236,377928,377928,208405,169523,0,60.00,12274,3170,271,0,0,0,12282,500.00,500.00,8,727,0.0000,0.5000,0.5000,0.0000,0.5000
2026-04-27T17:37:57.856,5.397,1,-1.09,4.39,-6.79,4.84,1,-0.1373,-0.1477,0.0683,0.0000,-0.0504,0.2411,-1.05,2.18,73.79,59.75,324,318,0.98148,0.98148,1.00000,0.98148,3,3,1,15.38779,0.00344,1.06598,0.1373,0.1477,0.2317,0.0000,-0.0504,0.2411,1.05,-7.43,-1.30,1,1,0.0000,0.0000,0.3000,0.00,0.8300,0.4200,1.0000,6.50,180.00,1.050000,0.000000,0.000000,1.500000,0.000000,0.000000,1.200000,0.000000,0.000000,1.050000,0.000000,0.000000,1.350000,0.060000,0.000000,0.008000,0.000000,0.000600,0.008000,0.000000,0.000600,0.006000,0.000000,0.000000,1,1,1,324,235,377988,377988,208465,169523,0,60.00,12334,3222,271,0,0,0,12282,500.00,500.00,8,727,0.0000,0.5000,0.5000,0.0000,0.5000
2026-04-27T17:37:57.873,5.414,1,-1.09,4.39,-6.79,4.84,1,-0.1369,-0.1467,0.0670,-0.0179,-0.0578,0.1688,-1.19,8.78,54.48,58.35,325,319,0.98154,0.98154,1.00000,0.98154,3,3,1,15.33922,0.00356,1.06535,0.1369,0.1467,0.2330,-0.0179,-0.0578,0.1688,1.19,-7.02,-1.42,1,1,0.0000,0.0000,0.3000,0.00,0.8300,0.4200,1.0000,6.50,180.00,1.050000,0.000000,0.000000,1.500000,0.000000,0.000000,1.200000,0.000000,0.000000,1.050000,0.000000,0.000000,1.350000,0.060000,0.000000,0.008000,0.000000,0.000600,0.008000,0.000000,0.000600,0.006000,0.000000,0.000000,1,1,1,325,242,377988,377988,208465,169523,0,60.00,12334,3222,271,0,0,0,12282,500.00,500.00,8,727,0.0000,0.5000,0.5000,0.0000,0.5000
2026-04-27T17:37:57.890,5.430,1,-1.29,4.30,-1.97,-0.95,1,-0.1369,-0.1457,0.0662,0.0000,-0.0592,0.1168,-1.30,6.61,55.22,61.99,326,320,0.98160,0.98160,1.00000,0.98160,3,3,1,15.39454,0.00373,1.05948,0.1369,0.1457,0.2338,0.0000,-0.0592,0.1168,1.30,-7.11,-1.35,1,1,0.0000,0.0000,0.3000,0.00,0.8300,0.4200,1.0000,6.50,180.00,1.050000,0.000000,0.000000,1.500000,0.000000,0.000000,1.200000,0.000000,0.000000,1.050000,0.000000,0.000000,1.350000,0.060000,0.000000,0.008000,0.000000,0.000600,0.008000,0.000000,0.000600,0.006000,0.000000,0.000000,1,1,1,326,236,377988,377988,208465,169523,0,60.00,12334,3222,271,0,0,0,12282,500.00,500.00,8,727,0.0000,0.5000,0.5000,0.0000,0.5000
2026-04-27T17:37:57.906,5.447,1,-1.29,4.30,-1.97,-0.95,1,-0.1368,-0.1442,0.0659,0.0000,-0.0758,0.0740,-1.20,-5.56,60.66,56.32,327,321,0.98165,0.98165,1.00000,0.98165,3,3,1,15.49855,0.00395,1.06692,0.1368,0.1442,0.2341,0.0000,-0.0758,0.0740,1.20,-7.19,-1.48,1,1,0.0000,0.0000,0.3000,0.00,0.8300,0.4200,1.0000,6.50,180.00,1.050000,0.000000,0.000000,1.500000,0.000000,0.000000,1.200000,0.000000,0.000000,1.050000,0.000000,0.000000,1.350000,0.060000,0.000000,0.008000,0.000000,0.000600,0.008000,0.000000,0.000600,0.006000,0.000000,0.000000,1,1,1,327,236,377988,377988,208465,169523,0,60.00,12334,3222,271,0,0,0,12282,500.00,500.00,8,727,0.0000,0.5000,0.5000,0.0000,0.5000
2026-04-27T17:37:57.923,5.464,1,-1.29,4.30,-1.97,-0.95,1,-0.1363,-0.1434,0.0651,-0.0204,-0.0591,0.0725,-1.17,-1.94,58.95,60.36,328,322,0.98171,0.98171,1.00000,0.98171,3,3,1,15.42647,0.00345,1.05575,0.1363,0.1434,0.2349,-0.0204,-0.0591,0.0725,1.17,-6.83,-1.22,1,1,0.0000,0.0000,0.3000,0.00,0.8300,0.4200,1.0000,6.50,180.00,1.050000,0.000000,0.000000,1.500000,0.000000,0.000000,1.200000,0.000000,0.000000,1.050000,0.000000,0.000000,1.350000,0.060000,0.000000,0.008000,0.000000,0.000600,0.008000,0.000000,0.000600,0.006000,0.000000,0.000000,1,1,1,328,241,377988,377988,208465,169523,0,60.00,12334,3222,271,0,0,0,12282,500.00,500.00,8,727,0.0000,0.5000,0.5000,0.0000,0.5000
2026-04-27T17:37:57.935,5.476,1,-1.29,4.30,-1.97,-0.95,1,-0.1358,-0.1419,0.0641,-0.0284,-0.0893,0.0749,-1.20,2.28,60.86,63.86,329,323,0.98176,0.98176,1.00000,0.98176,3,3,1,15.43675,0.00352,1.06224,0.1358,0.1419,0.2359,-0.0284,-0.0893,0.0749,1.20,-6.68,-1.30,1,1,0.0000,0.0000,0.3000,0.00,0.8300,0.4200,1.0000,6.50,180.00,1.050000,0.000000,0.000000,1.500000,0.000000,0.000000,1.200000,0.000000,0.000000,1.050000,0.000000,0.000000,1.350000,0.060000,0.000000,0.008000,0.000000,0.000600,0.008000,0.000000,0.000600,0.006000,0.000000,0.000000,1,1,1,329,240,377988,377988,208465,169523,0,60.00,12334,3222,271,0,0,0,12282,500.00,500.00,8,727,0.0000,0.5000,0.5000,0.0000,0.5000
2026-04-27T17:37:57.956,5.497,1,-1.29,4.30,-1.97,-0.95,1,-0.1356,-0.1405,0.0622,-0.0196,-0.0782,0.0920,-1.17,-1.61,89.47,59.95,330,324,0.98182,0.98182,1.00000,0.98182,3,3,1,15.24815,0.00380,1.06088,0.1356,0.1405,0.2378,-0.0196,-0.0782,0.0920,1.17,-6.83,-1.07,1,1,0.0000,0.0000,0.3000,0.00,0.8300,0.4200,1.0000,6.50,180.00,1.050000,0.000000,0.000000,1.500000,0.000000,0.000000,1.200000,0.000000,0.000000,1.050000,0.000000,0.000000,1.350000,0.060000,0.000000,0.008000,0.000000,0.000600,0.008000,0.000000,0.000600,0.006000,0.000000,0.000000,1,1,1,330,241,377988,377988,208465,169523,0,60.00,12334,3222,271,0,0,0,12282,500.00,500.00,8,727,0.0000,0.5000,0.5000,0.0000,0.5000
2026-04-27T17:37:57.970,5.511,1,-1.29,4.30,-1.97,-0.95,1,-0.1353,-0.1387,0.0593,-0.0182,-0.0991,0.1393,-1.10,-4.22,46.92,58.08,331,325,0.98187,0.98187,1.00000,0.98187,3,3,1,15.16502,0.00384,1.05657,0.1353,0.1387,0.2407,-0.0182,-0.0991,0.1393,1.10,-7.07,-1.07,1,1,0.0000,0.0000,0.3000,0.00,0.8300,0.4200,1.0000,6.50,180.00,1.050000,0.000000,0.000000,1.500000,0.000000,0.000000,1.200000,0.000000,0.000000,1.050000,0.000000,0.000000,1.350000,0.060000,0.000000,0.008000,0.000000,0.000600,0.008000,0.000000,0.000600,0.006000,0.000000,0.000000,1,1,1,331,241,377988,377988,208465,169523,0,60.00,12334,3222,271,0,0,0,12282,500.00,500.00,8,727,0.0000,0.5000,0.5000,0.0000,0.5000
2026-04-27T17:37:57.990,5.531,1,-1.09,4.20,1.93,-0.94,1,-0.1347,-0.1371,0.0557,-0.0307,-0.0924,0.1690,-1.26,8.62,71.66,62.06,332,326,0.98193,0.98193,1.00000,0.98193,3,3,1,14.99974,0.00366,1.06630,0.1347,0.1371,0.2443,-0.0307,-0.0924,0.1690,1.26,-7.00,-1.24,1,1,0.0000,0.0000,0.3000,0.00,0.8300,0.4200,1.0000,6.50,180.00,1.050000,0.000000,0.000000,1.500000,0.000000,0.000000,1.200000,0.000000,0.000000,1.050000,0.000000,0.000000,1.350000,0.060000,0.000000,0.008000,0.000000,0.000600,0.008000,0.000000,0.000600,0.006000,0.000000,0.000000,1,1,1,332,239,377988,377988,208465,169523,0,60.00,12334,3222,271,0,0,0,12282,500.00,500.00,8,727,0.0000,0.5000,0.5000,0.0000,0.5000
2026-04-27T17:37:58.006,5.547,1,-1.09,4.20,1.93,-0.94,1,-0.1338,-0.1355,0.0507,-0.0448,-0.0944,0.2414,-1.24,-1.18,48.60,60.08,333,327,0.98198,0.98198,1.00000,0.98198,3,3,1,14.82420,0.00359,1.06262,0.1338,0.1355,0.2493,-0.0448,-0.0944,0.2414,1.24,-6.65,-1.21,1,1,0.0000,0.0000,0.3000,0.00,0.8300,0.4200,1.0000,6.50,180.00,1.050000,0.000000,0.000000,1.500000,0.000000,0.000000,1.200000,0.000000,0.000000,1.050000,0.000000,0.000000,1.350000,0.060000,0.000000,0.008000,0.000000,0.000600,0.008000,0.000000,0.000600,0.006000,0.000000,0.000000,1,1,1,333,242,377988,377988,208465,169523,0,60.00,12334,3222,271,0,0,0,12282,500.00,500.00,8,727,0.0000,0.5000,0.5000,0.0000,0.5000
2026-04-27T17:37:58.023,5.564,1,-1.09,4.20,1.93,-0.94,1,-0.1331,-0.1334,0.0445,-0.0409,-0.1172,0.3102,-1.29,3.18,62.23,60.04,334,328,0.98204,0.98204,1.00000,0.98204,3,3,1,14.59027,0.00368,1.06415,0.1331,0.1334,0.2555,-0.0409,-0.1172,0.3102,1.29,-6.51,-1.38,1,1,0.0000,0.0000,0.3000,0.00,0.8300,0.4200,1.0000,6.50,180.00,1.050000,0.000000,0.000000,1.500000,0.000000,0.000000,1.200000,0.000000,0.000000,1.050000,0.000000,0.000000,1.350000,0.060000,0.000000,0.008000,0.000000,0.000600,0.008000,0.000000,0.000600,0.006000,0.000000,0.000000,1,1,1,334,241,377988,377988,208465,169523,0,60.00,12334,3222,271,0,0,0,12282,500.00,500.00,8,727,0.0000,0.5000,0.5000,0.0000,0.5000
2026-04-27T17:37:58.039,5.580,1,-1.09,4.20,1.93,-0.94,1,-0.1322,-0.1315,0.0376,-0.0488,-0.1116,0.3593,-1.28,-0.60,60.06,59.98,335,329,0.98209,0.98209,1.00000,0.98209,3,3,1,14.46023,0.00357,1.06343,0.1322,0.1315,0.2624,-0.0488,-0.1116,0.3593,1.28,-6.38,-1.37,1,1,0.0000,0.0000,0.3000,0.00,0.8300,0.4200,1.0000,6.50,180.00,1.050000,0.000000,0.000000,1.500000,0.000000,0.000000,1.200000,0.000000,0.000000,1.050000,0.000000,0.000000,1.350000,0.060000,0.000000,0.008000,0.000000,0.000600,0.008000,0.000000,0.000600,0.006000,0.000000,0.000000,1,1,1,335,242,377988,377988,208465,169523,0,60.00,12334,3222,271,0,0,0,12282,500.00,500.00,8,727,0.0000,0.5000,0.5000,0.0000,0.5000
2026-04-27T17:37:58.056,5.597,1,-1.09,4.20,1.93,-0.94,1,-0.1316,-0.1296,0.0300,-0.0412,-0.1114,0.4015,-1.37,5.16,60.07,59.92,336,330,0.98214,0.98214,1.00000,0.98214,3,3,1,14.10617,0.00364,1.06174,0.1316,0.1296,0.2700,-0.0412,-0.1114,0.4015,1.37,-6.40,-1.32,1,1,0.0000,0.0000,0.3000,0.00,0.8300,0.4200,1.0000,6.50,180.00,1.050000,0.000000,0.000000,1.500000,0.000000,0.000000,1.200000,0.000000,0.000000,1.050000,0.000000,0.000000,1.350000,0.060000,0.000000,0.008000,0.000000,0.000600,0.008000,0.000000,0.000600,0.006000,0.000000,0.000000,1,1,1,336,239,377988,377988,208465,169523,0,60.00,12334,3222,271,0,0,0,12282,500.00,500.00,8,727,0.0000,0.5000,0.5000,0.0000,0.5000
2026-04-27T17:37:58.073,5.614,1,-1.09,4.20,1.93,-0.94,1,-0.1306,-0.1277,0.0220,-0.0541,-0.1157,0.4436,-1.27,-6.25,64.82,60.05,337,331,0.98220,0.98220,1.00000,0.98220,3,3,1,13.86885,0.00361,1.06436,0.1306,0.1277,0.2780,-0.0541,-0.1157,0.4436,1.27,-6.33,-1.34,1,1,0.0000,0.0000,0.3000,0.00,0.8300,0.4200,1.0000,6.50,180.00,1.050000,0.000000,0.000000,1.500000,0.000000,0.000000,1.200000,0.000000,0.000000,1.050000,0.000000,0.000000,1.350000,0.060000,0.000000,0.008000,0.000000,0.000600,0.008000,0.000000,0.000600,0.006000,0.000000,0.000000,1,1,1,337,242,377988,377988,208465,169523,0,60.00,12334,3222,271,0,0,0,12282,500.00,500.00,8,727,0.0000,0.5000,0.5000,0.0000,0.5000
2026-04-27T17:37:58.089,5.630,1,-0.90,4.50,1.93,2.95,1,-0.1301,-0.1254,0.0134,-0.0406,-0.1300,0.4793,-1.09,-10.74,54.98,59.93,338,332,0.98225,0.98225,1.00000,0.98225,3,3,1,13.63749,0.00408,1.06655,0.1301,0.1254,0.2866,-0.0406,-0.1300,0.4793,1.09,-6.85,-1.32,1,1,0.0000,0.0000,0.3000,0.00,0.8300,0.4200,1.0000,6.50,180.00,1.050000,0.000000,0.000000,1.500000,0.000000,0.000000,1.200000,0.000000,0.000000,1.050000,0.000000,0.000000,1.350000,0.060000,0.000000,0.008000,0.000000,0.000600,0.008000,0.000000,0.000600,0.006000,0.000000,0.000000,1,1,1,338,240,377988,377988,208465,169523,0,60.00,12334,3222,271,0,0,0,12282,500.00,500.00,8,727,0.0000,0.5000,0.5000,0.0000,0.5000
2026-04-27T17:37:58.105,5.646,1,-0.90,4.50,1.93,2.95,1,-0.1289,-0.1230,0.0049,-0.0609,-0.1369,0.4904,-1.15,3.68,60.38,60.06,339,333,0.98230,0.98230,1.00000,0.98230,3,3,1,13.54458,0.00379,1.06765,0.1289,0.1230,0.2951,-0.0609,-0.1369,0.4904,1.15,-6.77,-1.43,1,1,0.0000,0.0000,0.3000,0.00,0.8300,0.4200,1.0000,6.50,180.00,1.050000,0.000000,0.000000,1.500000,0.000000,0.000000,1.200000,0.000000,0.000000,1.050000,0.000000,0.000000,1.350000,0.060000,0.000000,0.008000,0.000000,0.000600,0.008000,0.000000,0.000600,0.006000,0.000000,0.000000,1,1,1,339,241,377988,377988,208465,169523,0,60.00,12334,3222,271,0,0,0,12282,500.00,500.00,8,727,0.0000,0.5000,0.5000,0.0000,0.5000
2026-04-27T17:37:58.123,5.664,1,-0.90,4.50,1.93,2.95,1,-0.1278,-0.1212,-0.0034,-0.0648,-0.1202,0.5004,-1.24,5.34,69.89,58.05,340,334,0.98235,0.98235,1.00000,0.98235,3,3,1,13.15194,0.00368,1.05924,0.1278,0.1212,0.3034,-0.0648,-0.1202,0.5004,1.24,-6.59,-1.15,1,1,0.0000,0.0000,0.3000,0.00,0.8300,0.4200,1.0000,6.50,180.00,1.050000,0.000000,0.000000,1.500000,0.000000,0.000000,1.200000,0.000000,0.000000,1.050000,0.000000,0.000000,1.350000,0.060000,0.000000,0.008000,0.000000,0.000600,0.008000,0.000000,0.000600,0.006000,0.000000,0.000000,1,1,1,340,239,377988,377988,208465,169523,0,60.00,12334,3222,271,0,0,0,12282,500.00,500.00,8,727,0.0000,0.5000,0.5000,0.0000,0.5000
2026-04-27T17:37:58.139,5.680,1,-0.90,4.50,0.00,0.00,1,-0.1266,-0.1186,-0.0115,-0.0656,-0.1432,0.4883,-1.29,2.97,53.00,62.56,341,335,0.98240,0.98240,1.00000,0.98240,3,3,1,13.05195,0.00393,1.05896,0.1266,0.1186,0.3115,-0.0656,-0.1432,0.4883,1.29,-6.65,-1.23,1,1,0.0000,0.0000,0.3000,0.00,0.8300,0.4200,1.0000,6.50,180.00,1.050000,0.000000,0.000000,1.500000,0.000000,0.000000,1.200000,0.000000,0.000000,1.050000,0.000000,0.000000,1.350000,0.060000,0.000000,0.008000,0.000000,0.000600,0.008000,0.000000,0.000600,0.006000,0.000000,0.000000,1,1,1,341,242,377988,377988,208465,169523,0,60.00,12334,3222,271,0,0,0,12282,500.00,500.00,8,727,0.0000,0.5000,0.5000,0.0000,0.5000
2026-04-27T17:37:58.155,5.696,1,-0.90,4.50,0.00,0.00,1,-0.1256,-0.1164,-0.0186,-0.0633,-0.1366,0.4560,-1.16,-8.05,63.17,57.73,342,336,0.98246,0.98246,1.00000,0.98246,3,3,1,12.78031,0.00406,1.06239,0.1256,0.1164,0.3186,-0.0633,-0.1366,0.4560,1.16,-6.92,-1.27,1,1,0.0000,0.0000,0.3000,0.00,0.8300,0.4200,1.0000,6.50,180.00,1.050000,0.000000,0.000000,1.500000,0.000000,0.000000,1.200000,0.000000,0.000000,1.050000,0.000000,0.000000,1.350000,0.060000,0.000000,0.008000,0.000000,0.000600,0.008000,0.000000,0.000600,0.006000,0.000000,0.000000,1,1,1,342,242,377988,377988,208465,169523,0,60.00,12334,3222,271,0,0,0,12282,500.00,500.00,8,727,0.0000,0.5000,0.5000,0.0000,0.5000
2026-04-27T17:37:58.173,5.714,1,-0.90,4.50,0.00,0.00,1,-0.1243,-0.1140,-0.0252,-0.0759,-0.1411,0.4300,-1.25,5.26,65.99,62.06,343,337,0.98251,0.98251,1.00000,0.98251,3,3,1,12.70630,0.00380,1.06038,0.1243,0.1140,0.3252,-0.0759,-0.1411,0.4300,1.25,-6.98,-1.11,1,1,0.0000,0.0000,0.3000,0.00,0.8300,0.4200,1.0000,6.50,180.00,1.050000,0.000000,0.000000,1.500000,0.000000,0.000000,1.200000,0.000000,0.000000,1.050000,0.000000,0.000000,1.350000,0.060000,0.000000,0.008000,0.000000,0.000600,0.008000,0.000000,0.000600,0.006000,0.000000,0.000000,1,1,1,343,241,377988,377988,208465,169523,0,60.00,12334,3222,271,0,0,0,12282,500.00,500.00,8,727,0.0000,0.5000,0.5000,0.0000,0.5000
2026-04-27T17:37:58.189,5.730,1,-0.90,4.50,0.00,0.00,1,-0.1230,-0.1119,-0.0305,-0.0760,-0.1313,0.3717,-1.19,-3.59,52.32,60.00,344,338,0.98256,0.98256,1.00000,0.98256,3,3,1,12.73076,0.00393,1.05787,0.1230,0.1119,0.3305,-0.0760,-0.1313,0.3717,1.19,-7.03,-0.98,1,1,0.0000,0.0000,0.3000,0.00,0.8300,0.4200,1.0000,6.50,180.00,1.050000,0.000000,0.000000,1.500000,0.000000,0.000000,1.200000,0.000000,0.000000,1.050000,0.000000,0.000000,1.350000,0.060000,0.000000,0.008000,0.000000,0.000600,0.008000,0.000000,0.000600,0.006000,0.000000,0.000000,1,1,1,344,242,377988,377988,208465,169523,0,60.00,12334,3222,271,0,0,0,12282,500.00,500.00,8,727,0.0000,0.5000,0.5000,0.0000,0.5000
2026-04-27T17:37:58.204,5.745,1,-0.90,4.50,0.00,0.00,1,-0.1215,-0.1093,-0.0351,-0.0845,-0.1502,0.3310,-1.11,-5.18,59.80,60.04,345,339,0.98261,0.98261,1.00000,0.98261,3,3,1,12.61259,0.00395,1.06223,0.1215,0.1093,0.3351,-0.0845,-0.1502,0.3310,1.11,-6.94,-1.11,1,1,0.0000,0.0000,0.3000,0.00,0.8300,0.4200,1.0000,6.50,180.00,1.050000,0.000000,0.000000,1.500000,0.000000,0.000000,1.200000,0.000000,0.000000,1.050000,0.000000,0.000000,1.350000,0.060000,0.000000,0.008000,0.000000,0.000600,0.008000,0.000000,0.000600,0.006000,0.000000,0.000000,1,1,1,345,241,377988,377988,208465,169523,0,60.00,12334,3222,271,0,0,0,12282,500.00,500.00,8,727,0.0000,0.5000,0.5000,0.0000,0.5000
2026-04-27T17:37:58.222,5.763,1,-0.90,4.50,0.00,0.00,1,-0.1200,-0.1071,-0.0385,-0.0892,-0.1391,0.2695,-1.16,2.75,74.37,59.85,346,340,0.98266,0.98266,1.00000,0.98266,3,3,1,12.61134,0.00377,1.06209,0.1200,0.1071,0.3385,-0.0892,-0.1391,0.2695,1.16,-6.79,-0.97,1,1,0.0000,0.0000,0.3000,0.00,0.8300,0.4200,1.0000,6.50,180.00,1.050000,0.000000,0.000000,1.500000,0.000000,0.000000,1.200000,0.000000,0.000000,1.050000,0.000000,0.000000,1.350000,0.060000,0.000000,0.008000,0.000000,0.000600,0.008000,0.000000,0.000600,0.006000,0.000000,0.000000,1,1,1,346,240,377988,377988,208465,169523,0,60.00,12334,3222,271,0,0,0,12282,500.00,500.00,8,727,0.0000,0.5000,0.5000,0.0000,0.5000
2026-04-27T17:37:58.239,5.780,1,-0.90,4.50,0.00,0.00,1,-0.1187,-0.1047,-0.0409,-0.0826,-0.1428,0.2090,-1.13,-1.73,54.96,59.93,347,341,0.98271,0.98271,1.00000,0.98271,3,3,1,12.56556,0.00397,1.06526,0.1187,0.1047,0.3409,-0.0826,-0.1428,0.2090,1.13,-7.19,-1.01,1,1,0.0000,0.0000,0.3000,0.00,0.8300,0.4200,1.0000,6.50,180.00,1.050000,0.000000,0.000000,1.500000,0.000000,0.000000,1.200000,0.000000,0.000000,1.050000,0.000000,0.000000,1.350000,0.060000,0.000000,0.008000,0.000000,0.000600,0.008000,0.000000,0.000600,0.006000,0.000000,0.000000,1,1,1,347,242,377988,377988,208465,169523,0,60.00,12334,3222,271,0,0,0,12282,500.00,500.00,8,727,0.0000,0.5000,0.5000,0.0000,0.5000
2026-04-27T17:37:58.256,5.797,1,-0.90,4.50,0.00,0.00,1,-0.1169,-0.1019,-0.0430,-0.0966,-0.1610,0.1754,-1.11,-1.28,54.50,60.53,348,342,0.98276,0.98276,1.00000,0.98276,3,3,1,12.59774,0.00411,1.05849,0.1169,0.1019,0.3430,-0.0966,-0.1610,0.1754,1.11,-7.12,-0.93,1,1,0.0000,0.0000,0.3000,0.00,0.8300,0.4200,1.0000,6.50,180.00,1.050000,0.000000,0.000000,1.500000,0.000000,0.000000,1.200000,0.000000,0.000000,1.050000,0.000000,0.000000,1.350000,0.060000,0.000000,0.008000,0.000000,0.000600,0.008000,0.000000,0.000600,0.006000,0.000000,0.000000,1,1,1,348,242,377988,377988,208465,169523,0,60.00,12334,3222,271,0,0,0,12282,500.00,500.00,8,727,0.0000,0.5000,0.5000,0.0000,0.5000
2026-04-27T17:37:58.273,5.814,1,-0.90,4.50,0.00,0.00,1,-0.1151,-0.0993,-0.0440,-0.1038,-0.1554,0.1169,-1.14,1.79,63.91,57.38,349,343,0.98281,0.98281,1.00000,0.98281,3,3,1,12.66824,0.00407,1.06414,0.1151,0.0993,0.3440,-0.1038,-0.1554,0.1169,1.14,-6.98,-0.96,1,1,0.0000,0.0000,0.3000,0.00,0.8300,0.4200,1.0000,6.50,180.00,1.050000,0.000000,0.000000,1.500000,0.000000,0.000000,1.200000,0.000000,0.000000,1.050000,0.000000,0.000000,1.350000,0.060000,0.000000,0.008000,0.000000,0.000600,0.008000,0.000000,0.000600,0.006000,0.000000,0.000000,1,1,1,349,242,377988,377988,208465,169523,0,60.00,12334,3222,271,0,0,0,12282,500.00,500.00,8,727,0.0000,0.5000,0.5000,0.0000,0.5000
2026-04-27T17:37:58.289,5.830,1,-0.90,4.50,0.00,0.00,1,-0.1133,-0.0967,-0.0443,-0.1079,-0.1572,0.0714,-1.16,1.22,59.64,63.32,350,344,0.98286,0.98286,1.00000,0.98286,3,3,1,12.71771,0.00379,1.06743,0.1133,0.0967,0.3443,-0.1079,-0.1572,0.0714,1.16,-6.80,-1.04,1,1,0.0000,0.0000,0.3000,0.00,0.8300,0.4200,1.0000,6.50,180.00,1.050000,0.000000,0.000000,1.500000,0.000000,0.000000,1.200000,0.000000,0.000000,1.050000,0.000000,0.000000,1.350000,0.060000,0.000000,0.008000,0.000000,0.000600,0.008000,0.000000,0.000600,0.006000,0.000000,0.000000,1,1,1,350,241,377988,377988,208465,169523,0,60.00,12334,3222,271,0,0,0,12282,500.00,500.00,8,727,0.0000,0.5000,0.5000,0.0000,0.5000
2026-04-27T17:37:58.306,5.847,1,-0.90,4.50,0.00,0.00,1,-0.1120,-0.0941,-0.0444,-0.0886,-0.1556,0.0429,-0.99,-10.10,56.67,59.15,351,345,0.98291,0.98291,1.00000,0.98291,3,3,1,12.86491,0.00426,1.06361,0.1120,0.0941,0.3444,-0.0886,-0.1556,0.0429,0.99,-7.33,-0.95,1,1,0.0000,0.0000,0.3000,0.00,0.8300,0.4200,1.0000,6.50,180.00,1.050000,0.000000,0.000000,1.500000,0.000000,0.000000,1.200000,0.000000,0.000000,1.050000,0.000000,0.000000,1.350000,0.060000,0.000000,0.008000,0.000000,0.000600,0.008000,0.000000,0.000600,0.006000,0.000000,0.000000,1,1,1,351,242,377988,377988,208465,169523,0,60.00,12334,3222,271,0,0,0,12282,500.00,500.00,8,727,0.0000,0.5000,0.5000,0.0000,0.5000
2026-04-27T17:37:58.323,5.864,1,-0.90,4.50,0.00,0.00,1,-0.1103,-0.0914,-0.0443,-0.1048,-0.1666,0.0204,-0.99,0.00,64.02,60.24,352,346,0.98295,0.98295,1.00000,0.98295,3,3,1,12.88730,0.00409,1.06556,0.1103,0.0914,0.3443,-0.1048,-0.1666,0.0204,0.99,-7.42,-0.87,1,1,0.0000,0.0000,0.3000,0.00,0.8300,0.4200,1.0000,6.50,180.00,1.050000,0.000000,0.000000,1.500000,0.000000,0.000000,1.200000,0.000000,0.000000,1.050000,0.000000,0.000000,1.350000,0.060000,0.000000,0.008000,0.000000,0.000600,0.008000,0.000000,0.000600,0.006000,0.000000,0.000000,1,1,1,352,240,377988,377988,208465,169523,0,60.00,12334,3222,271,0,0,0,12282,500.00,500.00,8,727,0.0000,0.5000,0.5000,0.0000,0.5000
2026-04-27T17:37:58.339,5.880,1,-1.00,4.50,0.95,-0.95,1,-0.1082,-0.0885,-0.0446,-0.1130,-0.1655,0.0225,-1.07,4.99,55.06,59.76,353,347,0.98300,0.98300,1.00000,0.98300,3,3,1,12.90123,0.00423,1.05807,0.1082,0.0885,0.3446,-0.1130,-0.1655,0.0225,1.07,-7.20,-0.85,1,1,0.0000,0.0000,0.3000,0.00,0.8300,0.4200,1.0000,6.50,180.00,1.050000,0.000000,0.000000,1.500000,0.000000,0.000000,1.200000,0.000000,0.000000,1.050000,0.000000,0.000000,1.350000,0.060000,0.000000,0.008000,0.000000,0.000600,0.008000,0.000000,0.000600,0.006000,0.000000,0.000000,1,1,1,353,241,377988,377988,208465,169523,0,60.00,12334,3222,271,0,0,0,12282,500.00,500.00,8,727,0.0000,0.5000,0.5000,0.0000,0.5000
2026-04-27T17:37:58.356,5.897,1,-1.00,4.50,0.95,-0.95,1,-0.1059,-0.0857,-0.0448,-0.1271,-0.1686,0.0179,-1.19,7.19,62.31,60.13,354,348,0.98305,0.98305,1.00000,0.98305,3,3,1,12.91925,0.00380,1.06582,0.1059,0.0857,0.3448,-0.1271,-0.1686,0.0179,1.19,-6.83,-0.89,1,1,0.0000,0.0000,0.3000,0.00,0.8300,0.4200,1.0000,6.50,180.00,1.050000,0.000000,0.000000,1.500000,0.000000,0.000000,1.200000,0.000000,0.000000,1.050000,0.000000,0.000000,1.350000,0.060000,0.000000,0.008000,0.000000,0.000600,0.008000,0.000000,0.000600,0.006000,0.000000,0.000000,1,1,1,354,242,377988,377988,208465,169523,0,60.00,12334,3222,271,0,0,0,12282,500.00,500.00,8,727,0.0000,0.5000,0.5000,0.0000,0.5000
2026-04-27T17:37:58.372,5.913,1,-1.00,4.50,0.95,-0.95,1,-0.1038,-0.0826,-0.0456,-0.1272,-0.1809,0.0365,-1.31,6.98,59.93,60.33,355,349,0.98310,0.98310,1.00000,0.98310,3,3,1,12.81545,0.00387,1.06654,0.1038,0.0826,0.3456,-0.1272,-0.1809,0.0365,1.31,-6.61,-1.09,1,1,0.0000,0.0000,0.3000,0.00,0.8300,0.4200,1.0000,6.50,180.00,1.050000,0.000000,0.000000,1.500000,0.000000,0.000000,1.200000,0.000000,0.000000,1.050000,0.000000,0.000000,1.350000,0.060000,0.000000,0.008000,0.000000,0.000600,0.008000,0.000000,0.000600,0.006000,0.000000,0.000000,1,1,1,355,242,377988,377988,208465,169523,0,60.00,12334,3222,271,0,0,0,12282,500.00,500.00,8,727,0.0000,0.5000,0.5000,0.0000,0.5000
2026-04-27T17:37:58.389,5.930,1,-1.00,4.50,0.95,-0.95,1,-0.1019,-0.0794,-0.0469,-0.1191,-0.1862,0.0556,-1.22,-5.59,61.77,59.61,356,350,0.98315,0.98315,1.00000,0.98315,3,3,1,12.77498,0.00426,1.06692,0.1019,0.0794,0.3469,-0.1191,-0.1862,0.0556,1.22,-6.80,-1.18,1,1,0.0000,0.0000,0.3000,0.00,0.8300,0.4200,1.0000,6.50,180.00,1.050000,0.000000,0.000000,1.500000,0.000000,0.000000,1.200000,0.000000,0.000000,1.050000,0.000000,0.000000,1.350000,0.060000,0.000000,0.008000,0.000000,0.000600,0.008000,0.000000,0.000600,0.006000,0.000000,0.000000,1,1,1,356,241,377988,377988,208465,169523,0,60.00,12334,3222,271,0,0,0,12282,500.00,500.00,8,727,0.0000,0.5000,0.5000,0.0000,0.5000
2026-04-27T17:37:58.406,5.947,1,-1.00,4.50,0.95,-0.95,1,-0.0998,-0.0767,-0.0486,-0.1272,-0.1723,0.0786,-1.25,1.79,58.47,60.04,357,351,0.98319,0.98319,1.00000,0.98319,3,3,1,12.74449,0.00399,1.06286,0.0998,0.0767,0.3486,-0.1272,-0.1723,0.0786,1.25,-6.67,-1.01,1,1,0.0000,0.0000,0.3000,0.00,0.8300,0.4200,1.0000,6.50,180.00,1.050000,0.000000,0.000000,1.500000,0.000000,0.000000,1.200000,0.000000,0.000000,1.050000,0.000000,0.000000,1.350000,0.060000,0.000000,0.008000,0.000000,0.000600,0.008000,0.000000,0.000600,0.006000,0.000000,0.000000,1,1,1,357,240,377988,377988,208465,169523,0,60.00,12334,3222,271,0,0,0,12282,500.00,500.00,8,727,0.0000,0.5000,0.5000,0.0000,0.5000
2026-04-27T17:37:58.423,5.964,1,-1.00,4.50,0.95,-0.95,1,-0.0976,-0.0734,-0.0514,-0.1276,-0.1907,0.1273,-1.24,-0.60,63.48,60.00,358,352,0.98324,0.98324,1.00000,0.98324,3,3,1,12.70133,0.00423,1.06515,0.0976,0.0734,0.3514,-0.1276,-0.1907,0.1273,1.24,-6.74,-0.99,1,1,0.0000,0.0000,0.3000,0.00,0.8300,0.4200,1.0000,6.50,180.00,1.050000,0.000000,0.000000,1.500000,0.000000,0.000000,1.200000,0.000000,0.000000,1.050000,0.000000,0.000000,1.350000,0.060000,0.000000,0.008000,0.000000,0.000600,0.008000,0.000000,0.000600,0.006000,0.000000,0.000000,1,1,1,358,242,377988,377988,208465,169523,0,60.00,12334,3222,271,0,0,0,12282,500.00,500.00,8,727,0.0000,0.5000,0.5000,0.0000,0.5000
2026-04-27T17:37:58.435,5.976,1,-1.00,4.50,0.95,-0.95,1,-0.0955,-0.0700,-0.0542,-0.1409,-0.2129,0.1555,-1.20,-2.94,56.72,59.95,359,353,0.98329,0.98329,1.00000,0.98329,3,3,1,12.61007,0.00429,1.06743,0.0955,0.0700,0.3542,-0.1409,-0.2129,0.1555,1.20,-6.94,-1.20,1,1,0.0000,0.0000,0.3000,0.00,0.8300,0.4200,1.0000,6.50,180.00,1.050000,0.000000,0.000000,1.500000,0.000000,0.000000,1.200000,0.000000,0.000000,1.050000,0.000000,0.000000,1.350000,0.060000,0.000000,0.008000,0.000000,0.000600,0.008000,0.000000,0.000600,0.006000,0.000000,0.000000,1,1,1,359,239,377988,377988,208465,169523,0,60.00,12334,3222,271,0,0,0,12282,500.00,500.00,8,727,0.0000,0.5000,0.5000,0.0000,0.5000
2026-04-27T17:37:58.456,5.997,1,-1.00,4.50,0.95,-0.95,1,-0.0930,-0.0667,-0.0581,-0.1369,-0.1885,0.1812,-1.16,-2.03,60.02,59.74,360,354,0.98333,0.98333,1.00000,0.98333,3,3,1,12.52084,0.00412,1.06602,0.0930,0.0667,0.3581,-0.1369,-0.1885,0.1812,1.16,-6.98,-1.17,1,1,0.0000,0.0000,0.3000,0.00,0.8300,0.4200,1.0000,6.50,180.00,1.050000,0.000000,0.000000,1.500000,0.000000,0.000000,1.200000,0.000000,0.000000,1.050000,0.000000,0.000000,1.350000,0.060000,0.000000,0.008000,0.000000,0.000600,0.008000,0.000000,0.000600,0.006000,0.000000,0.000000,1,1,1,360,242,377988,377988,208465,169523,0,60.00,12334,3222,271,0,0,0,12282,500.00,500.00,8,727,0.0000,0.5000,0.5000,0.0000,0.5000
2026-04-27T17:37:58.474,6.015,1,-1.00,4.50,0.95,-0.95,1,-0.0906,-0.0634,-0.0623,-0.1426,-0.2002,0.2141,-1.23,3.87,63.95,60.18,361,355,0.98338,0.98338,1.00000,0.98338,3,3,1,12.26578,0.00402,1.06969,0.0906,0.0634,0.3623,-0.1426,-0.2002,0.2141,1.23,-6.94,-1.32,1,1,0.0000,0.0000,0.3000,0.00,0.8300,0.4200,1.0000,6.50,180.00,1.050000,0.000000,0.000000,1.500000,0.000000,0.000000,1.200000,0.000000,0.000000,1.050000,0.000000,0.000000,1.350000,0.060000,0.000000,0.008000,0.000000,0.000600,0.008000,0.000000,0.000600,0.006000,0.000000,0.000000,1,1,1,361,240,377988,377988,208465,169523,0,60.00,12334,3222,271,0,0,0,12282,500.00,500.00,8,727,0.0000,0.5000,0.5000,0.0000,0.5000
2026-04-27T17:37:58.487,6.028,1,-1.00,4.50,0.95,-0.95,1,-0.0882,-0.0602,-0.0666,-0.1443,-0.1980,0.2368,-1.23,0.00,53.56,57.44,362,356,0.98343,0.98343,1.00000,0.98343,3,3,1,12.00409,0.00409,1.07071,0.0882,0.0602,0.3666,-0.1443,-0.1980,0.2368,1.23,-6.90,-1.39,1,1,0.0000,0.0000,0.3000,0.00,0.8300,0.4200,1.0000,6.50,180.00,1.050000,0.000000,0.000000,1.500000,0.000000,0.000000,1.200000,0.000000,0.000000,1.050000,0.000000,0.000000,1.350000,0.060000,0.000000,0.008000,0.000000,0.000600,0.008000,0.000000,0.000600,0.006000,0.000000,0.000000,1,1,1,362,240,377988,377988,208465,169523,0,60.00,12334,3222,271,0,0,0,12282,500.00,500.00,8,727,0.0000,0.5000,0.5000,0.0000,0.5000
2026-04-27T17:37:58.504,6.045,1,-1.00,4.50,0.95,-0.95,1,-0.0857,-0.0567,-0.0714,-0.1477,-0.2078,0.2616,-1.26,1.80,80.40,62.04,363,357,0.98347,0.98347,1.00000,0.98347,3,3,1,12.00920,0.00422,1.06750,0.0857,0.0567,0.3714,-0.1477,-0.2078,0.2616,1.26,-6.82,-1.47,1,1,0.0000,0.0000,0.3000,0.00,0.8300,0.4200,1.0000,6.50,180.00,1.050000,0.000000,0.000000,1.500000,0.000000,0.000000,1.200000,0.000000,0.000000,1.050000,0.000000,0.000000,1.350000,0.060000,0.000000,0.008000,0.000000,0.000600,0.008000,0.000000,0.000600,0.006000,0.000000,0.000000,1,1,1,363,242,377988,377988,208465,169523,0,60.00,12334,3222,361,0,0,0,12372,497.76,497.76,11,971,0.0000,0.4890,0.5030,0.6550,0.5040
2026-04-27T17:37:58.520,6.061,1,-1.00,4.50,0.95,-0.95,1,-0.0832,-0.0534,-0.0760,-0.1533,-0.2034,0.2682,-1.25,-0.62,59.95,60.71,364,358,0.98352,0.98352,1.00000,0.98352,3,3,1,11.77105,0.00434,1.06713,0.0832,0.0534,0.3760,-0.1533,-0.2034,0.2682,1.25,-6.85,-1.36,1,1,0.0000,0.0000,0.3000,0.00,0.8300,0.4200,1.0000,6.50,180.00,1.050000,0.000000,0.000000,1.500000,0.000000,0.000000,1.200000,0.000000,0.000000,1.050000,0.000000,0.000000,1.350000,0.060000,0.000000,0.008000,0.000000,0.000600,0.008000,0.000000,0.000600,0.006000,0.000000,0.000000,1,1,1,364,242,377988,377988,208465,169523,0,60.00,12334,3222,361,0,0,0,12372,497.76,497.76,11,971,0.0000,0.4890,0.5030,0.6550,0.5040
2026-04-27T17:37:58.539,6.080,1,-1.00,4.10,-0.95,-3.93,1,-0.0805,-0.0499,-0.0806,-0.1574,-0.2051,0.2697,-1.30,2.63,61.68,60.04,365,359,0.98356,0.98356,1.00000,0.98356,3,3,1,11.66493,0.00418,1.06348,0.0805,0.0499,0.3806,-0.1574,-0.2051,0.2697,1.30,-6.91,-1.34,1,1,0.0000,0.0000,0.3000,0.00,0.8300,0.4200,1.0000,6.50,180.00,1.050000,0.000000,0.000000,1.500000,0.000000,0.000000,1.200000,0.000000,0.000000,1.050000,0.000000,0.000000,1.350000,0.060000,0.000000,0.008000,0.000000,0.000600,0.008000,0.000000,0.000600,0.006000,0.000000,0.000000,1,1,1,365,239,377988,377988,208465,169523,0,60.00,12334,3222,361,0,0,0,12372,497.76,497.76,11,971,0.0000,0.4890,0.5030,0.6550,0.5040
2026-04-27T17:37:58.556,6.097,1,-1.00,4.10,-0.95,-3.93,1,-0.0777,-0.0466,-0.0849,-0.1680,-0.2087,0.2658,-1.40,6.03,52.60,59.82,366,360,0.98361,0.98361,1.00000,0.98361,3,3,1,11.51006,0.00402,1.06798,0.0777,0.0466,0.3849,-0.1680,-0.2087,0.2658,1.40,-6.64,-1.40,1,1,0.0000,0.0000,0.3000,0.00,0.8300,0.4200,1.0000,6.50,180.00,1.050000,0.000000,0.000000,1.500000,0.000000,0.000000,1.200000,0.000000,0.000000,1.050000,0.000000,0.000000,1.350000,0.060000,0.000000,0.008000,0.000000,0.000600,0.008000,0.000000,0.000600,0.006000,0.000000,0.000000,1,1,1,366,240,377988,377988,208465,169523,0,60.00,12334,3222,361,0,0,0,12372,497.76,497.76,11,971,0.0000,0.4890,0.5030,0.6550,0.5040
2026-04-27T17:37:58.573,6.114,1,-1.00,4.10,-0.95,-3.93,1,-0.0752,-0.0432,-0.0887,-0.1532,-0.2001,0.2384,-1.37,-1.87,56.84,60.24,367,361,0.98365,0.98365,1.00000,0.98365,3,3,1,11.53199,0.00442,1.06735,0.0752,0.0432,0.3887,-0.1532,-0.2001,0.2384,1.37,-6.82,-1.22,1,1,0.0000,0.0000,0.3000,0.00,0.8300,0.4200,1.0000,6.50,180.00,1.050000,0.000000,0.000000,1.500000,0.000000,0.000000,1.200000,0.000000,0.000000,1.050000,0.000000,0.000000,1.350000,0.060000,0.000000,0.008000,0.000000,0.000600,0.008000,0.000000,0.000600,0.006000,0.000000,0.000000,1,1,1,367,240,377988,377988,208465,169523,0,60.00,12334,3222,361,0,0,0,12372,497.76,497.76,11,971,0.0000,0.4890,0.5030,0.6550,0.5040
2026-04-27T17:37:58.589,6.130,1,-1.00,4.10,-0.95,-3.93,1,-0.0726,-0.0395,-0.0919,-0.1561,-0.2164,0.2189,-1.40,1.80,58.66,60.10,368,362,0.98370,0.98370,1.00000,0.98370,3,3,1,11.47412,0.00451,1.06902,0.0726,0.0395,0.3919,-0.1561,-0.2164,0.2189,1.40,-7.11,-1.25,1,1,0.0000,0.0000,0.3000,0.00,0.8300,0.4200,1.0000,6.50,180.00,1.050000,0.000000,0.000000,1.500000,0.000000,0.000000,1.200000,0.000000,0.000000,1.050000,0.000000,0.000000,1.350000,0.060000,0.000000,0.008000,0.000000,0.000600,0.008000,0.000000,0.000600,0.006000,0.000000,0.000000,1,1,1,368,240,377988,377988,208465,169523,0,60.00,12334,3222,361,0,0,0,12372,497.76,497.76,11,971,0.0000,0.4890,0.5030,0.6550,0.5040
2026-04-27T17:37:58.606,6.147,1,-1.00,4.10,-0.95,-3.93,1,-0.0695,-0.0360,-0.0950,-0.1774,-0.2124,0.2015,-1.37,-1.79,60.14,59.96,369,363,0.98374,0.98374,1.00000,0.98374,3,3,1,11.43517,0.00428,1.06935,0.0695,0.0360,0.3950,-0.1774,-0.2124,0.2015,1.37,-6.82,-1.36,1,1,0.0000,0.0000,0.3000,0.00,0.8300,0.4200,1.0000,6.50,180.00,1.050000,0.000000,0.000000,1.500000,0.000000,0.000000,1.200000,0.000000,0.000000,1.050000,0.000000,0.000000,1.350000,0.060000,0.000000,0.008000,0.000000,0.000600,0.008000,0.000000,0.000600,0.006000,0.000000,0.000000,1,1,1,369,241,377988,377988,208465,169523,0,60.00,12334,3222,361,0,0,0,12372,497.76,497.76,11,971,0.0000,0.4890,0.5030,0.6550,0.5040
2026-04-27T17:37:58.620,6.161,1,-1.00,4.10,-0.95,-3.93,1,-0.0667,-0.0326,-0.0972,-0.1713,-0.2098,0.1693,-1.43,3.91,58.68,59.95,370,364,0.98378,0.98378,1.00000,0.98378,3,3,1,11.57295,0.00428,1.06837,0.0667,0.0326,0.3972,-0.1713,-0.2098,0.1693,1.43,-6.78,-1.37,1,1,0.0000,0.0000,0.3000,0.00,0.8300,0.4200,1.0000,6.50,180.00,1.050000,0.000000,0.000000,1.500000,0.000000,0.000000,1.200000,0.000000,0.000000,1.050000,0.000000,0.000000,1.350000,0.060000,0.000000,0.008000,0.000000,0.000600,0.008000,0.000000,0.000600,0.006000,0.000000,0.000000,1,1,1,370,241,377988,377988,208465,169523,0,60.00,12334,3222,361,0,0,0,12372,497.76,497.76,11,971,0.0000,0.4890,0.5030,0.6550,0.5040
2026-04-27T17:37:58.638,6.179,1,-0.90,4.00,0.95,-0.95,1,-0.0637,-0.0288,-0.0993,-0.1785,-0.2225,0.1479,-1.46,1.72,76.64,58.61,371,365,0.98383,0.98383,1.00000,0.98383,3,3,1,11.49446,0.00419,1.06621,0.0637,0.0288,0.3993,-0.1785,-0.2225,0.1479,1.46,-6.79,-1.28,1,1,0.0000,0.0000,0.3000,0.00,0.8300,0.4200,1.0000,6.50,180.00,1.050000,0.000000,0.000000,1.500000,0.000000,0.000000,1.200000,0.000000,0.000000,1.050000,0.000000,0.000000,1.350000,0.060000,0.000000,0.008000,0.000000,0.000600,0.008000,0.000000,0.000600,0.006000,0.000000,0.000000,1,1,1,371,242,377988,377988,208465,169523,0,60.00,12334,3222,361,0,0,0,12372,497.76,497.76,11,971,0.0000,0.4890,0.5030,0.6550,0.5040
2026-04-27T17:37:58.656,6.197,1,-0.90,4.00,0.95,-0.95,1,-0.0607,-0.0253,-0.1006,-0.1841,-0.2211,0.1152,-1.42,-2.27,49.21,61.29,372,366,0.98387,0.98387,1.00000,0.98387,3,3,1,11.45793,0.00389,1.06818,0.0607,0.0253,0.4006,-0.1841,-0.2211,0.1152,1.42,-6.45,-1.28,1,1,0.0000,0.0000,0.3000,0.00,0.8300,0.4200,1.0000,6.50,180.00,1.050000,0.000000,0.000000,1.500000,0.000000,0.000000,1.200000,0.000000,0.000000,1.050000,0.000000,0.000000,1.350000,0.060000,0.000000,0.008000,0.000000,0.000600,0.008000,0.000000,0.000600,0.006000,0.000000,0.000000,1,1,1,372,242,377988,377988,208465,169523,0,60.00,12334,3222,361,0,0,0,12372,497.76,497.76,11,971,0.0000,0.4890,0.5030,0.6550,0.5040
2026-04-27T17:37:58.673,6.214,1,-0.90,4.00,0.95,-0.95,1,-0.0578,-0.0217,-0.1013,-0.1715,-0.2106,0.0761,-1.43,0.61,60.37,60.01,373,367,0.98391,0.98391,1.00000,0.98391,3,3,1,11.57775,0.00417,1.06411,0.0578,0.0217,0.4013,-0.1715,-0.2106,0.0761,1.43,-6.69,-1.24,1,1,0.0000,0.0000,0.3000,0.00,0.8300,0.4200,1.0000,6.50,180.00,1.050000,0.000000,0.000000,1.500000,0.000000,0.000000,1.200000,0.000000,0.000000,1.050000,0.000000,0.000000,1.350000,0.060000,0.000000,0.008000,0.000000,0.000600,0.008000,0.000000,0.000600,0.006000,0.000000,0.000000,1,1,1,373,242,377988,377988,208465,169523,0,60.00,12334,3222,361,0,0,0,12372,497.76,497.76,11,971,0.0000,0.4890,0.5030,0.6550,0.5040
2026-04-27T17:37:58.689,6.230,1,-0.90,4.00,0.95,-0.95,1,-0.0548,-0.0182,-0.1013,-0.1836,-0.2153,0.0418,-1.45,1.22,60.68,60.20,374,368,0.98396,0.98396,1.00000,0.98396,3,3,1,11.61010,0.00412,1.07180,0.0548,0.0182,0.4013,-0.1836,-0.2153,0.0418,1.45,-6.67,-1.34,1,1,0.0000,0.0000,0.3000,0.00,0.8300,0.4200,1.0000,6.50,180.00,1.050000,0.000000,0.000000,1.500000,0.000000,0.000000,1.200000,0.000000,0.000000,1.050000,0.000000,0.000000,1.350000,0.060000,0.000000,0.008000,0.000000,0.000600,0.008000,0.000000,0.000600,0.006000,0.000000,0.000000,1,1,1,374,242,377988,377988,208465,169523,0,60.00,12334,3222,361,0,0,0,12372,497.76,497.76,11,971,0.0000,0.4890,0.5030,0.6550,0.5040
2026-04-27T17:37:58.706,6.247,1,-0.90,4.00,0.95,-0.95,1,-0.0516,-0.0142,-0.1017,-0.1858,-0.2287,0.0362,-1.43,-1.20,60.38,60.03,375,369,0.98400,0.98400,1.00000,0.98400,3,3,1,11.69357,0.00413,1.06706,0.0516,0.0142,0.4017,-0.1858,-0.2287,0.0362,1.43,-6.74,-1.45,1,1,0.0000,0.0000,0.3000,0.00,0.8300,0.4200,1.0000,6.50,180.00,1.050000,0.000000,0.000000,1.500000,0.000000,0.000000,1.200000,0.000000,0.000000,1.050000,0.000000,0.000000,1.350000,0.060000,0.000000,0.008000,0.000000,0.000600,0.008000,0.000000,0.000600,0.006000,0.000000,0.000000,1,1,1,375,242,377988,377988,208465,169523,0,60.00,12334,3222,361,0,0,0,12372,497.76,497.76,11,971,0.0000,0.4890,0.5030,0.6550,0.5040
2026-04-27T17:37:58.720,6.261,1,-0.90,4.00,0.95,-0.95,1,-0.0489,-0.0109,-0.1014,-0.1735,-0.2140,0.0000,-1.45,1.30,59.95,57.18,376,370,0.98404,0.98404,1.00000,0.98404,3,3,1,11.81774,0.00430,1.06754,0.0489,0.0109,0.4014,-0.1735,-0.2140,0.0000,1.45,-7.10,-1.29,1,1,0.0000,0.0000,0.3000,0.00,0.8300,0.4200,1.0000,6.50,180.00,1.050000,0.000000,0.000000,1.500000,0.000000,0.000000,1.200000,0.000000,0.000000,1.050000,0.000000,0.000000,1.350000,0.060000,0.000000,0.008000,0.000000,0.000600,0.008000,0.000000,0.000600,0.006000,0.000000,0.000000,1,1,1,376,237,377988,377988,208465,169523,0,60.00,12334,3222,361,0,0,0,12372,497.76,497.76,11,971,0.0000,0.4890,0.5030,0.6550,0.5040
2026-04-27T17:37:58.735,6.276,1,-0.60,3.60,2.98,-3.93,1,-0.0454,-0.0073,-0.1010,-0.2135,-0.2318,0.0000,-1.47,1.34,74.76,62.94,377,371,0.98408,0.98408,1.00000,0.98408,3,3,1,11.94739,0.00420,1.07007,0.0454,0.0073,0.4010,-0.2135,-0.2318,0.0000,1.47,-6.83,-1.50,1,1,0.0000,0.0000,0.3000,0.00,0.8300,0.4200,1.0000,6.50,180.00,1.050000,0.000000,0.000000,1.500000,0.000000,0.000000,1.200000,0.000000,0.000000,1.050000,0.000000,0.000000,1.350000,0.060000,0.000000,0.008000,0.000000,0.000600,0.008000,0.000000,0.000600,0.006000,0.000000,0.000000,1,1,1,377,237,377988,377988,208465,169523,0,60.00,12334,3222,361,0,0,0,12372,497.76,497.76,11,971,0.0000,0.4890,0.5030,0.6550,0.5040
2026-04-27T17:37:58.756,6.297,1,-0.60,3.60,2.98,-3.93,1,-0.0418,-0.0034,-0.1009,-0.1975,-0.2166,0.0000,-1.52,2.52,66.81,59.93,378,372,0.98413,0.98413,1.00000,0.98413,3,3,1,11.98327,0.00425,1.06968,0.0418,0.0034,0.4009,-0.1975,-0.2166,0.0000,1.52,-6.55,-1.48,1,1,0.0000,0.0000,0.3000,0.00,0.8300,0.4200,1.0000,6.50,180.00,1.050000,0.000000,0.000000,1.500000,0.000000,0.000000,1.200000,0.000000,0.000000,1.050000,0.000000,0.000000,1.350000,0.060000,0.000000,0.008000,0.000000,0.000600,0.008000,0.000000,0.000600,0.006000,0.000000,0.000000,1,1,1,378,238,377988,377988,208465,169523,0,60.00,12334,3222,361,0,0,0,12372,497.76,497.76,11,971,0.0000,0.4890,0.5030,0.6550,0.5040
2026-04-27T17:37:58.773,6.314,1,-0.60,3.60,2.98,-3.93,1,-0.0387,0.0000,-0.1010,-0.2023,-0.2237,0.0000,-1.59,4.07,48.17,60.00,379,373,0.98417,0.98417,1.00000,0.98417,3,3,1,12.11867,0.00413,1.07084,0.0387,-0.0000,0.4010,-0.2023,-0.2237,0.0000,1.59,-6.49,-1.56,1,1,0.0000,0.0000,0.3000,0.00,0.8300,0.4200,1.0000,6.50,180.00,1.050000,0.000000,0.000000,1.500000,0.000000,0.000000,1.200000,0.000000,0.000000,1.050000,0.000000,0.000000,1.350000,0.060000,0.000000,0.008000,0.000000,0.000600,0.008000,0.000000,0.000600,0.006000,0.000000,0.000000,1,1,1,379,234,377988,377988,208465,169523,0,60.00,12334,3222,361,0,0,0,12372,497.76,497.76,11,971,0.0000,0.4890,0.5030,0.6550,0.5040
2026-04-27T17:37:58.793,6.334,1,-0.60,3.60,2.98,-3.93,1,-0.0354,0.0039,-0.1012,-0.1772,-0.2012,0.0000,-1.66,3.70,54.70,60.24,380,374,0.98421,0.98421,1.00000,0.98421,3,3,1,11.99092,0.00421,1.07152,0.0354,-0.0039,0.4012,-0.1772,-0.2012,0.0000,1.66,-6.49,-1.61,1,1,0.0000,0.0000,0.3000,0.00,0.8300,0.4200,1.0000,6.50,180.00,1.050000,0.000000,0.000000,1.500000,0.000000,0.000000,1.200000,0.000000,0.000000,1.050000,0.000000,0.000000,1.350000,0.060000,0.000000,0.008000,0.000000,0.000600,0.008000,0.000000,0.000600,0.006000,0.000000,0.000000,1,1,1,380,239,377988,377988,208465,169523,0,60.00,12334,3222,361,0,0,0,12372,497.76,497.76,11,971,0.0000,0.4890,0.5030,0.6550,0.5040
2026-04-27T17:37:58.806,6.347,1,-0.60,3.60,2.98,-3.93,1,-0.0324,0.0073,-0.1017,-0.2134,-0.2398,0.0209,-1.71,3.66,51.71,59.99,381,375,0.98425,0.98425,1.00000,0.98425,3,3,1,11.99795,0.00421,1.07782,0.0324,-0.0073,0.4017,-0.2134,-0.2398,0.0209,1.71,-6.64,-1.78,1,1,0.0000,0.0000,0.3000,0.00,0.8300,0.4200,1.0000,6.50,180.00,1.050000,0.000000,0.000000,1.500000,0.000000,0.000000,1.200000,0.000000,0.000000,1.050000,0.000000,0.000000,1.350000,0.060000,0.000000,0.008000,0.000000,0.000600,0.008000,0.000000,0.000600,0.006000,0.000000,0.000000,1,1,1,381,242,377988,377988,208465,169523,0,60.00,12334,3222,361,0,0,0,12372,497.76,497.76,11,971,0.0000,0.4890,0.5030,0.6550,0.5040
2026-04-27T17:37:58.823,6.364,1,-0.60,3.60,2.98,-3.93,1,-0.0289,0.0109,-0.1027,-0.2120,-0.2245,0.0419,-1.69,-1.20,75.52,60.01,382,376,0.98429,0.98429,1.00000,0.98429,3,3,1,12.02485,0.00434,1.07374,0.0289,-0.0109,0.4027,-0.2120,-0.2245,0.0419,1.69,-6.70,-1.79,1,1,0.0000,0.0000,0.3000,0.00,0.8300,0.4200,1.0000,6.50,180.00,1.050000,0.000000,0.000000,1.500000,0.000000,0.000000,1.200000,0.000000,0.000000,1.050000,0.000000,0.000000,1.350000,0.060000,0.000000,0.008000,0.000000,0.000600,0.008000,0.000000,0.000600,0.006000,0.000000,0.000000,1,1,1,382,242,377988,377988,208465,169523,0,60.00,12334,3222,361,0,0,0,12372,497.76,497.76,11,971,0.0000,0.4890,0.5030,0.6550,0.5040
2026-04-27T17:37:58.837,6.378,1,-0.40,3.20,1.95,-3.89,1,-0.0254,0.0144,-0.1042,-0.2127,-0.2201,0.0631,-1.76,4.55,60.03,60.32,383,377,0.98433,0.98433,1.00000,0.98433,3,3,1,11.85287,0.00433,1.07787,0.0254,-0.0144,0.4042,-0.2127,-0.2201,0.0631,1.76,-6.64,-1.88,1,1,0.0000,0.0000,0.3000,0.00,0.8300,0.4200,1.0000,6.50,180.00,1.050000,0.000000,0.000000,1.500000,0.000000,0.000000,1.200000,0.000000,0.000000,1.050000,0.000000,0.000000,1.350000,0.060000,0.000000,0.008000,0.000000,0.000600,0.008000,0.000000,0.000600,0.006000,0.000000,0.000000,1,1,1,383,242,377988,377988,208465,169523,0,60.00,12334,3222,361,0,0,0,12372,497.76,497.76,11,971,0.0000,0.4890,0.5030,0.6550,0.5040
2026-04-27T17:37:58.853,6.394,1,-0.40,3.20,1.95,-3.89,1,-0.0219,0.0180,-0.1061,-0.2125,-0.2202,0.0909,-1.79,1.82,59.21,59.56,384,378,0.98438,0.98438,1.00000,0.98438,3,3,1,11.91335,0.00418,1.07744,0.0219,-0.0180,0.4061,-0.2125,-0.2202,0.0909,1.79,-6.49,-1.91,1,1,0.0000,0.0000,0.3000,0.00,0.8300,0.4200,1.0000,6.50,180.00,1.050000,0.000000,0.000000,1.500000,0.000000,0.000000,1.200000,0.000000,0.000000,1.050000,0.000000,0.000000,1.350000,0.060000,0.000000,0.008000,0.000000,0.000600,0.008000,0.000000,0.000600,0.006000,0.000000,0.000000,1,1,1,384,242,378048,378048,208525,169523,0,60.00,12394,3495,361,0,0,0,12372,497.76,497.76,11,971,0.0000,0.4890,0.5030,0.6550,0.5040
2026-04-27T17:37:58.875,6.416,1,-0.40,3.20,1.95,-3.89,1,-0.0185,0.0215,-0.1081,-0.1991,-0.2027,0.0948,-1.79,0.00,77.10,58.03,385,379,0.98442,0.98442,1.00000,0.98442,3,3,1,11.81283,0.00428,1.07876,0.0185,-0.0215,0.4081,-0.1991,-0.2027,0.0948,1.79,-6.37,-2.05,1,1,0.0000,0.0000,0.3000,0.00,0.8300,0.4200,1.0000,6.50,180.00,1.050000,0.000000,0.000000,1.500000,0.000000,0.000000,1.200000,0.000000,0.000000,1.050000,0.000000,0.000000,1.350000,0.060000,0.000000,0.008000,0.000000,0.000600,0.008000,0.000000,0.000600,0.006000,0.000000,0.000000,1,1,1,385,243,378048,378048,208525,169523,0,60.00,12394,3495,361,0,0,0,12372,497.76,497.76,11,971,0.0000,0.4890,0.5030,0.6550,0.5040
2026-04-27T17:37:58.889,6.430,1,-0.40,3.20,1.95,-3.89,1,-0.0154,0.0247,-0.1108,-0.3196,-0.3313,0.2290,-1.79,0.00,44.71,78.29,386,380,0.98446,0.98446,1.00000,0.98446,3,3,1,11.73916,0.00424,1.07428,0.0154,-0.0247,0.4108,-0.3196,-0.3313,0.2290,1.79,-6.17,-2.07,1,1,0.0000,0.0000,0.3000,0.00,0.8300,0.4200,1.0000,6.50,180.00,1.050000,0.000000,0.000000,1.500000,0.000000,0.000000,1.200000,0.000000,0.000000,1.050000,0.000000,0.000000,1.350000,0.060000,0.000000,0.008000,0.000000,0.000600,0.008000,0.000000,0.000600,0.006000,0.000000,0.000000,1,1,1,386,242,378048,378048,208525,169523,0,60.00,12394,3495,361,0,0,0,12372,497.76,497.76,11,971,0.0000,0.4890,0.5030,0.6550,0.5040
2026-04-27T17:37:58.906,6.447,1,-0.40,3.20,1.95,-3.89,1,-0.0107,0.0291,-0.1142,-0.2406,-0.2394,0.1696,-1.77,-0.79,75.34,109.32,387,381,0.98450,0.98450,1.00000,0.98450,3,3,1,11.68470,0.00429,1.07820,0.0107,-0.0291,0.4142,-0.2406,-0.2394,0.1696,1.77,-6.01,-2.15,1,1,0.0000,0.0000,0.3000,0.00,0.8300,0.4200,1.0000,6.50,180.00,1.050000,0.000000,0.000000,1.500000,0.000000,0.000000,1.200000,0.000000,0.000000,1.050000,0.000000,0.000000,1.350000,0.060000,0.000000,0.008000,0.000000,0.000600,0.008000,0.000000,0.000600,0.006000,0.000000,0.000000,1,1,1,387,239,378048,378048,208525,169523,0,60.00,12394,3495,361,0,0,0,12372,497.76,497.76,11,971,0.0000,0.4890,0.5030,0.6550,0.5040
2026-04-27T17:37:58.924,6.465,1,-0.40,3.20,1.95,-3.89,1,-0.0077,0.0321,-0.1166,-0.2171,-0.2186,0.1613,-1.78,0.56,58.59,35.52,388,382,0.98454,0.98454,1.00000,0.98454,3,3,1,11.53357,0.00431,1.07712,0.0077,-0.0321,0.4166,-0.2171,-0.2186,0.1613,1.78,-5.99,-2.13,1,1,0.0000,0.0000,0.3000,0.00,0.8300,0.4200,1.0000,6.50,180.00,1.050000,0.000000,0.000000,1.500000,0.000000,0.000000,1.200000,0.000000,0.000000,1.050000,0.000000,0.000000,1.350000,0.060000,0.000000,0.008000,0.000000,0.000600,0.008000,0.000000,0.000600,0.006000,0.000000,0.000000,1,1,1,388,243,378048,378048,208525,169523,0,60.00,12394,3495,361,0,0,0,12372,497.76,497.76,11,971,0.0000,0.4890,0.5030,0.6550,0.5040
2026-04-27T17:37:58.938,6.479,1,-0.40,3.20,1.95,-3.89,1,-0.0045,0.0351,-0.1188,-0.2309,-0.2221,0.1609,-1.94,10.87,54.51,74.94,389,383,0.98458,0.98458,1.00000,0.98458,3,3,1,11.47973,0.00440,1.08099,0.0045,-0.0351,0.4188,-0.2309,-0.2221,0.1609,1.94,-6.04,-2.23,1,1,0.0000,0.0000,0.3000,0.00,0.8300,0.4200,1.0000,6.50,180.00,1.050000,0.000000,0.000000,1.500000,0.000000,0.000000,1.200000,0.000000,0.000000,1.050000,0.000000,0.000000,1.350000,0.060000,0.000000,0.008000,0.000000,0.000600,0.008000,0.000000,0.000600,0.006000,0.000000,0.000000,1,1,1,389,243,378048,378048,208525,169523,0,60.00,12394,3495,361,0,0,0,12372,497.76,497.76,11,971,0.0000,0.4890,0.5030,0.6550,0.5040
2026-04-27T17:37:58.955,6.496,1,-0.10,2.70,2.89,-4.84,1,-0.0010,0.0385,-0.1211,-0.2266,-0.2214,0.1527,-1.96,1.18,76.15,96.09,390,384,0.98462,0.98462,1.00000,0.98462,3,3,1,11.42259,0.00444,1.08006,0.0010,-0.0385,0.4211,-0.2266,-0.2214,0.1527,1.96,-5.92,-2.40,1,1,0.0000,0.0000,0.3000,0.00,0.8300,0.4200,1.0000,6.50,180.00,1.050000,0.000000,0.000000,1.500000,0.000000,0.000000,1.200000,0.000000,0.000000,1.050000,0.000000,0.000000,1.350000,0.060000,0.000000,0.008000,0.000000,0.000600,0.008000,0.000000,0.000600,0.006000,0.000000,0.000000,1,1,1,390,238,378048,378048,208525,169523,0,60.00,12394,3495,361,0,0,0,12372,497.76,497.76,11,971,0.0000,0.4890,0.5030,0.6550,0.5040
2026-04-27T17:37:58.970,6.511,1,-0.10,2.70,2.89,-4.84,1,0.0026,0.0420,-0.1234,-0.2121,-0.2025,0.1397,-2.01,3.19,51.71,62.59,391,385,0.98465,0.98465,1.00000,0.98465,3,3,1,11.47122,0.00409,1.07596,-0.0026,-0.0420,0.4234,-0.2121,-0.2025,0.1397,2.01,-5.74,-2.39,1,1,0.0000,0.0000,0.3000,0.00,0.8300,0.4200,1.0000,6.50,180.00,1.050000,0.000000,0.000000,1.500000,0.000000,0.000000,1.200000,0.000000,0.000000,1.050000,0.000000,0.000000,1.350000,0.060000,0.000000,0.008000,0.000000,0.000600,0.008000,0.000000,0.000600,0.006000,0.000000,0.000000,1,1,1,391,240,378048,378048,208525,169523,0,60.00,12394,3495,361,0,0,0,12372,497.76,497.76,11,971,0.0000,0.4890,0.5030,0.6550,0.5040
2026-04-27T17:37:58.991,6.532,1,-0.10,2.70,2.89,-4.84,1,0.0061,0.0450,-0.1251,-0.2135,-0.1942,0.1188,-1.97,-2.36,75.34,37.82,392,386,0.98469,0.98469,1.00000,0.98469,3,3,1,11.49346,0.00431,1.07725,-0.0061,-0.0450,0.4251,-0.2135,-0.1942,0.1188,1.97,-5.73,-2.39,1,1,0.0000,0.0000,0.3000,0.00,0.8300,0.4200,1.0000,6.50,180.00,1.050000,0.000000,0.000000,1.500000,0.000000,0.000000,1.200000,0.000000,0.000000,1.050000,0.000000,0.000000,1.350000,0.060000,0.000000,0.008000,0.000000,0.000600,0.008000,0.000000,0.000600,0.006000,0.000000,0.000000,1,1,1,392,244,378048,378048,208525,169523,0,60.00,12394,3495,361,0,0,0,12372,497.76,497.76,11,971,0.0000,0.4890,0.5030,0.6550,0.5040
2026-04-27T17:37:59.005,6.546,1,-0.10,2.70,2.89,-4.84,1,0.0097,0.0480,-0.1261,-0.2427,-0.2099,0.0967,-2.02,2.81,48.43,57.29,393,387,0.98473,0.98473,1.00000,0.98473,3,3,1,11.60331,0.00430,1.08284,-0.0097,-0.0480,0.4261,-0.2427,-0.2099,0.0967,2.02,-5.71,-2.38,1,1,0.0000,0.0000,0.3000,0.00,0.8300,0.4200,1.0000,6.50,180.00,1.050000,0.000000,0.000000,1.500000,0.000000,0.000000,1.200000,0.000000,0.000000,1.050000,0.000000,0.000000,1.350000,0.060000,0.000000,0.008000,0.000000,0.000600,0.008000,0.000000,0.000600,0.006000,0.000000,0.000000,1,1,1,393,242,378048,378048,208525,169523,0,60.00,12394,3495,391,0,0,0,12402,500.00,500.00,10,1299,0.0000,0.4810,0.5160,0.6420,0.5060
2026-04-27T17:37:59.018,6.559,1,-0.10,2.70,2.89,-4.84,1,0.0133,0.0512,-0.1271,-0.2194,-0.1955,0.0746,-1.97,-3.73,70.99,69.11,394,388,0.98477,0.98477,1.00000,0.98477,3,3,1,11.59098,0.00434,1.08095,-0.0133,-0.0512,0.4271,-0.2194,-0.1955,0.0746,1.97,-5.75,-2.44,1,1,0.0000,0.0000,0.3000,0.00,0.8300,0.4200,1.0000,6.50,180.00,1.050000,0.000000,0.000000,1.500000,0.000000,0.000000,1.200000,0.000000,0.000000,1.050000,0.000000,0.000000,1.350000,0.060000,0.000000,0.008000,0.000000,0.000600,0.008000,0.000000,0.000600,0.006000,0.000000,0.000000,1,1,1,394,244,378048,378048,208525,169523,0,60.00,12394,3495,391,0,0,0,12402,500.00,500.00,10,1299,0.0000,0.4810,0.5160,0.6420,0.5060
2026-04-27T17:37:59.038,6.579,1,-0.10,2.70,2.89,-4.84,1,0.0169,0.0544,-0.1278,-0.2114,-0.1871,0.0572,-1.95,-1.00,74.68,55.86,395,389,0.98481,0.98481,1.00000,0.98481,3,3,1,11.68133,0.00414,1.07681,-0.0169,-0.0544,0.4278,-0.2114,-0.1871,0.0572,1.95,-5.87,-2.36,1,1,0.0000,0.0000,0.3000,0.00,0.8300,0.4200,1.0000,6.50,180.00,1.050000,0.000000,0.000000,1.500000,0.000000,0.000000,1.200000,0.000000,0.000000,1.050000,0.000000,0.000000,1.350000,0.060000,0.000000,0.008000,0.000000,0.000600,0.008000,0.000000,0.000600,0.006000,0.000000,0.000000,1,1,1,395,244,378048,378048,208525,169523,0,60.00,12394,3495,391,0,0,0,12402,500.00,500.00,10,1299,0.0000,0.4810,0.5160,0.6420,0.5060
2026-04-27T17:37:59.056,6.597,1,0.00,2.30,0.96,-3.97,1,0.0206,0.0575,-0.1280,-0.2188,-0.1846,0.0349,-1.92,-1.85,47.84,60.22,396,390,0.98485,0.98485,1.00000,0.98485,3,3,1,11.73324,0.00441,1.07834,-0.0206,-0.0575,0.4280,-0.2188,-0.1846,0.0349,1.92,-5.76,-2.39,1,1,0.0000,0.0000,0.3000,0.00,0.8300,0.4200,1.0000,6.50,180.00,1.050000,0.000000,0.000000,1.500000,0.000000,0.000000,1.200000,0.000000,0.000000,1.050000,0.000000,0.000000,1.350000,0.060000,0.000000,0.008000,0.000000,0.000600,0.008000,0.000000,0.000600,0.006000,0.000000,0.000000,1,1,1,396,244,378048,378048,208525,169523,0,60.00,12394,3495,391,0,0,0,12402,500.00,500.00,10,1299,0.0000,0.4810,0.5160,0.6420,0.5060
2026-04-27T17:37:59.073,6.614,1,0.00,2.30,0.96,-3.97,1,0.0243,0.0605,-0.1278,-0.2158,-0.1805,0.0000,-1.93,0.59,59.94,59.78,397,391,0.98489,0.98489,1.00000,0.98489,3,3,1,11.78077,0.00446,1.08203,-0.0243,-0.0605,0.4278,-0.2158,-0.1805,0.0000,1.93,-5.64,-2.47,1,1,0.0000,0.0000,0.3000,0.00,0.8300,0.4200,1.0000,6.50,180.00,1.050000,0.000000,0.000000,1.500000,0.000000,0.000000,1.200000,0.000000,0.000000,1.050000,0.000000,0.000000,1.350000,0.060000,0.000000,0.008000,0.000000,0.000600,0.008000,0.000000,0.000600,0.006000,0.000000,0.000000,1,1,1,397,238,378048,378048,208525,169523,0,60.00,12394,3495,391,0,0,0,12402,500.00,500.00,10,1299,0.0000,0.4810,0.5160,0.6420,0.5060
2026-04-27T17:37:59.089,6.630,1,0.00,2.30,0.96,-3.97,1,0.0277,0.0634,-0.1274,-0.2128,-0.1816,0.0000,-1.94,0.58,56.71,59.90,398,392,0.98492,0.98492,1.00000,0.98492,3,3,1,11.86278,0.00451,1.07985,-0.0277,-0.0634,0.4274,-0.2128,-0.1816,0.0000,1.94,-5.80,-2.48,1,1,0.0000,0.0000,0.3000,0.00,0.8300,0.4200,1.0000,6.50,180.00,1.050000,0.000000,0.000000,1.500000,0.000000,0.000000,1.200000,0.000000,0.000000,1.050000,0.000000,0.000000,1.350000,0.060000,0.000000,0.008000,0.000000,0.000600,0.008000,0.000000,0.000600,0.006000,0.000000,0.000000,1,1,1,398,239,378048,378048,208525,169523,0,60.00,12394,3495,391,0,0,0,12402,500.00,500.00,10,1299,0.0000,0.4810,0.5160,0.6420,0.5060
2026-04-27T17:37:59.106,6.647,1,0.00,2.30,0.96,-3.97,1,0.0315,0.0663,-0.1270,-0.2242,-0.1779,-0.0144,-1.93,-0.60,60.35,59.85,399,393,0.98496,0.98496,1.00000,0.98496,3,3,1,11.87167,0.00433,1.08092,-0.0315,-0.0663,0.4270,-0.2242,-0.1779,-0.0144,1.93,-5.71,-2.51,1,1,0.0000,0.0000,0.3000,0.00,0.8300,0.4200,1.0000,6.50,180.00,1.050000,0.000000,0.000000,1.500000,0.000000,0.000000,1.200000,0.000000,0.000000,1.050000,0.000000,0.000000,1.350000,0.060000,0.000000,0.008000,0.000000,0.000600,0.008000,0.000000,0.000600,0.006000,0.000000,0.000000,1,1,1,399,245,378048,378048,208525,169523,0,60.00,12394,3495,391,0,0,0,12402,500.00,500.00,10,1299,0.0000,0.4810,0.5160,0.6420,0.5060
2026-04-27T17:37:59.123,6.664,1,0.00,2.30,0.96,-3.97,1,0.0355,0.0693,-0.1268,-0.2284,-0.1771,-0.0106,-1.98,3.13,59.88,60.17,400,394,0.98500,0.98500,1.00000,0.98500,3,3,1,11.99182,0.00422,1.07933,-0.0355,-0.0693,0.4268,-0.2284,-0.1771,-0.0106,1.98,-5.36,-2.58,1,1,0.0000,0.0000,0.3000,0.00,0.8300,0.4200,1.0000,6.50,180.00,1.050000,0.000000,0.000000,1.500000,0.000000,0.000000,1.200000,0.000000,0.000000,1.050000,0.000000,0.000000,1.350000,0.060000,0.000000,0.008000,0.000000,0.000600,0.008000,0.000000,0.000600,0.006000,0.000000,0.000000,1,1,1,400,245,378048,378048,208525,169523,0,60.00,12394,3495,391,0,0,0,12402,500.00,500.00,10,1299,0.0000,0.4810,0.5160,0.6420,0.5060
2026-04-27T17:37:59.139,6.680,1,0.00,2.30,0.96,-3.97,1,0.0391,0.0722,-0.1263,-0.2245,-0.1755,-0.0264,-2.09,6.78,59.48,60.12,401,395,0.98504,0.98504,1.00000,0.98504,3,3,1,12.05374,0.00437,1.08413,-0.0391,-0.0722,0.4263,-0.2245,-0.1755,-0.0264,2.09,-5.34,-2.61,1,1,0.0000,0.0000,0.3000,0.00,0.8300,0.4200,1.0000,6.50,180.00,1.050000,0.000000,0.000000,1.500000,0.000000,0.000000,1.200000,0.000000,0.000000,1.050000,0.000000,0.000000,1.350000,0.060000,0.000000,0.008000,0.000000,0.000600,0.008000,0.000000,0.000600,0.006000,0.000000,0.000000,1,1,1,401,245,378048,378048,208525,169523,0,60.00,12394,3495,391,0,0,0,12402,500.00,500.00,10,1299,0.0000,0.4810,0.5160,0.6420,0.5060
2026-04-27T17:37:59.156,6.697,1,0.40,1.80,3.84,-4.84,1,0.0425,0.0749,-0.1262,-0.2219,-0.1757,-0.0133,-2.08,-0.58,61.53,59.95,402,396,0.98507,0.98507,1.00000,0.98507,3,3,1,12.09801,0.00440,1.08095,-0.0425,-0.0749,0.4262,-0.2219,-0.1757,-0.0133,2.08,-5.37,-2.62,1,1,0.0000,0.0000,0.3000,0.00,0.8300,0.4200,1.0000,6.50,180.00,1.050000,0.000000,0.000000,1.500000,0.000000,0.000000,1.200000,0.000000,0.000000,1.050000,0.000000,0.000000,1.350000,0.060000,0.000000,0.008000,0.000000,0.000600,0.008000,0.000000,0.000600,0.006000,0.000000,0.000000,1,1,1,402,245,378048,378048,208525,169523,0,60.00,12394,3495,391,0,0,0,12402,500.00,500.00,10,1299,0.0000,0.4810,0.5160,0.6420,0.5060
2026-04-27T17:37:59.173,6.714,1,0.40,1.80,3.84,-4.84,1,0.0464,0.0777,-0.1264,-0.2200,-0.1615,0.0000,-2.08,0.00,58.52,59.91,403,397,0.98511,0.98511,1.00000,0.98511,3,3,1,12.10480,0.00432,1.08368,-0.0464,-0.0777,0.4264,-0.2200,-0.1615,0.0000,2.08,-5.22,-2.72,1,1,0.0000,0.0000,0.3000,0.00,0.8300,0.4200,1.0000,6.50,180.00,1.050000,0.000000,0.000000,1.500000,0.000000,0.000000,1.200000,0.000000,0.000000,1.050000,0.000000,0.000000,1.350000,0.060000,0.000000,0.008000,0.000000,0.000600,0.008000,0.000000,0.000600,0.006000,0.000000,0.000000,1,1,1,403,239,378048,378048,208525,169523,0,60.00,12394,3495,391,0,0,0,12402,500.00,500.00,10,1299,0.0000,0.4810,0.5160,0.6420,0.5060
2026-04-27T17:37:59.189,6.730,1,0.40,1.80,3.84,-4.84,1,0.0498,0.0801,-0.1267,-0.2147,-0.1568,0.0000,-1.98,-6.18,59.76,60.17,404,398,0.98515,0.98515,1.00000,0.98515,3,3,1,12.02457,0.00454,1.08232,-0.0498,-0.0801,0.4267,-0.2147,-0.1568,0.0000,1.98,-5.28,-2.73,1,1,0.0000,0.0000,0.3000,0.00,0.8300,0.4200,1.0000,6.50,180.00,1.050000,0.000000,0.000000,1.500000,0.000000,0.000000,1.200000,0.000000,0.000000,1.050000,0.000000,0.000000,1.350000,0.060000,0.000000,0.008000,0.000000,0.000600,0.008000,0.000000,0.000600,0.006000,0.000000,0.000000,1,1,1,404,238,378048,378048,208525,169523,0,60.00,12394,3495,391,0,0,0,12402,500.00,500.00,10,1299,0.0000,0.4810,0.5160,0.6420,0.5060
2026-04-27T17:37:59.206,6.747,1,0.40,1.80,3.84,-4.84,1,0.0534,0.0827,-0.1273,-0.2137,-0.1565,0.0198,-1.98,0.00,65.76,59.93,405,399,0.98519,0.98519,1.00000,0.98519,3,3,1,12.07901,0.00445,1.08629,-0.0534,-0.0827,0.4273,-0.2137,-0.1565,0.0198,1.98,-5.15,-2.74,1,1,0.0000,0.0000,0.3000,0.00,0.8300,0.4200,1.0000,6.50,180.00,1.050000,0.000000,0.000000,1.500000,0.000000,0.000000,1.200000,0.000000,0.000000,1.050000,0.000000,0.000000,1.350000,0.060000,0.000000,0.008000,0.000000,0.000600,0.008000,0.000000,0.000600,0.006000,0.000000,0.000000,1,1,1,405,243,378048,378048,208525,169523,0,60.00,12394,3495,391,0,0,0,12402,500.00,500.00,10,1299,0.0000,0.4810,0.5160,0.6420,0.5060
2026-04-27T17:37:59.219,6.760,1,0.40,1.80,3.84,-4.84,1,0.0569,0.0851,-0.1282,-0.2276,-0.1604,0.0415,-2.06,5.80,55.57,57.94,406,400,0.98522,0.98522,1.00000,0.98522,3,3,1,12.03691,0.00434,1.08495,-0.0569,-0.0851,0.4282,-0.2276,-0.1604,0.0415,2.06,-5.09,-2.85,1,1,0.0000,0.0000,0.3000,0.00,0.8300,0.4200,1.0000,6.50,180.00,1.050000,0.000000,0.000000,1.500000,0.000000,0.000000,1.200000,0.000000,0.000000,1.050000,0.000000,0.000000,1.350000,0.060000,0.000000,0.008000,0.000000,0.000600,0.008000,0.000000,0.000600,0.006000,0.000000,0.000000,1,1,1,406,243,378048,378048,208525,169523,0,60.00,12394,3495,391,0,0,0,12402,500.00,500.00,10,1299,0.0000,0.4810,0.5160,0.6420,0.5060
2026-04-27T17:37:59.239,6.780,1,0.40,1.80,3.84,-4.84,1,0.0604,0.0876,-0.1295,-0.2054,-0.1438,0.0537,-2.07,0.51,84.85,61.88,407,401,0.98526,0.98526,1.00000,0.98526,3,3,1,11.99271,0.00441,1.08465,-0.0604,-0.0876,0.4295,-0.2054,-0.1438,0.0537,2.07,-5.10,-2.81,1,1,0.0000,0.0000,0.3000,0.00,0.8300,0.4200,1.0000,6.50,180.00,1.050000,0.000000,0.000000,1.500000,0.000000,0.000000,1.200000,0.000000,0.000000,1.050000,0.000000,0.000000,1.350000,0.060000,0.000000,0.008000,0.000000,0.000600,0.008000,0.000000,0.000600,0.006000,0.000000,0.000000,1,1,1,407,242,378048,378048,208525,169523,0,60.00,12394,3495,391,0,0,0,12402,500.00,500.00,10,1299,0.0000,0.4810,0.5160,0.6420,0.5060
2026-04-27T17:37:59.256,6.797,1,1.00,1.50,5.96,-3.01,1,0.0640,0.0900,-0.1311,-0.2175,-0.1475,0.0746,-2.09,1.21,46.09,60.33,408,402,0.98529,0.98529,1.00000,0.98529,3,3,1,11.93918,0.00421,1.08713,-0.0640,-0.0900,0.4311,-0.2175,-0.1475,0.0746,2.09,-4.91,-2.97,1,1,0.0000,0.0000,0.3000,0.00,0.8300,0.4200,1.0000,6.50,180.00,1.050000,0.000000,0.000000,1.500000,0.000000,0.000000,1.200000,0.000000,0.000000,1.050000,0.000000,0.000000,1.350000,0.060000,0.000000,0.008000,0.000000,0.000600,0.008000,0.000000,0.000600,0.006000,0.000000,0.000000,1,1,1,408,243,378048,378048,208525,169523,0,60.00,12394,3495,391,0,0,0,12402,500.00,500.00,10,1299,0.0000,0.4810,0.5160,0.6420,0.5060
2026-04-27T17:37:59.272,6.813,1,1.00,1.50,5.96,-3.01,1,0.0673,0.0920,-0.1326,-0.2065,-0.1342,0.0778,-2.06,-1.85,60.56,60.30,409,403,0.98533,0.98533,1.00000,0.98533,3,3,1,11.83816,0.00443,1.08800,-0.0673,-0.0920,0.4326,-0.2065,-0.1342,0.0778,2.06,-5.02,-3.08,1,1,0.0000,0.0000,0.3000,0.00,0.8300,0.4200,1.0000,6.50,180.00,1.050000,0.000000,0.000000,1.500000,0.000000,0.000000,1.200000,0.000000,0.000000,1.050000,0.000000,0.000000,1.350000,0.060000,0.000000,0.008000,0.000000,0.000600,0.008000,0.000000,0.000600,0.006000,0.000000,0.000000,1,1,1,409,244,378048,378048,208525,169523,0,60.00,12394,3495,391,0,0,0,12402,500.00,500.00,10,1299,0.0000,0.4810,0.5160,0.6420,0.5060
2026-04-27T17:37:59.289,6.830,1,1.00,1.50,5.96,-3.01,1,0.0706,0.0939,-0.1342,-0.2037,-0.1252,0.0885,-2.01,-3.00,61.74,59.63,410,404,0.98537,0.98537,1.00000,0.98537,3,3,1,11.70347,0.00439,1.08890,-0.0706,-0.0939,0.4342,-0.2037,-0.1252,0.0885,2.01,-5.00,-3.09,1,1,0.0000,0.0000,0.3000,0.00,0.8300,0.4200,1.0000,6.50,180.00,1.050000,0.000000,0.000000,1.500000,0.000000,0.000000,1.200000,0.000000,0.000000,1.050000,0.000000,0.000000,1.350000,0.060000,0.000000,0.008000,0.000000,0.000600,0.008000,0.000000,0.000600,0.006000,0.000000,0.000000,1,1,1,410,238,378048,378048,208525,169523,0,60.00,12394,3495,391,0,0,0,12402,500.00,500.00,10,1299,0.0000,0.4810,0.5160,0.6420,0.5060
2026-04-27T17:37:59.306,6.847,1,1.00,1.50,5.96,-3.01,1,0.0740,0.0960,-0.1363,-0.2038,-0.1227,0.1049,-2.04,1.75,60.05,60.10,411,405,0.98540,0.98540,1.00000,0.98540,3,3,1,11.68779,0.00432,1.08426,-0.0740,-0.0960,0.4363,-0.2038,-0.1227,0.1049,2.04,-4.89,-3.00,1,1,0.0000,0.0000,0.3000,0.00,0.8300,0.4200,1.0000,6.50,180.00,1.050000,0.000000,0.000000,1.500000,0.000000,0.000000,1.200000,0.000000,0.000000,1.050000,0.000000,0.000000,1.350000,0.060000,0.000000,0.008000,0.000000,0.000600,0.008000,0.000000,0.000600,0.006000,0.000000,0.000000,1,1,1,411,241,378048,378048,208525,169523,0,60.00,12394,3495,391,0,0,0,12402,500.00,500.00,10,1299,0.0000,0.4810,0.5160,0.6420,0.5060
2026-04-27T17:37:59.322,6.863,1,1.00,1.50,5.96,-3.01,1,0.0774,0.0978,-0.1380,-0.2068,-0.1192,0.1019,-2.03,-0.61,58.33,59.50,412,406,0.98544,0.98544,1.00000,0.98544,3,3,1,11.55960,0.00450,1.08829,-0.0774,-0.0978,0.4380,-0.2068,-0.1192,0.1019,2.03,-4.74,-3.09,1,1,0.0000,0.0000,0.3000,0.00,0.8300,0.4200,1.0000,6.50,180.00,1.050000,0.000000,0.000000,1.500000,0.000000,0.000000,1.200000,0.000000,0.000000,1.050000,0.000000,0.000000,1.350000,0.060000,0.000000,0.008000,0.000000,0.000600,0.008000,0.000000,0.000600,0.006000,0.000000,0.000000,1,1,1,412,244,378048,378048,208525,169523,0,60.00,12394,3495,391,0,0,0,12402,500.00,500.00,10,1299,0.0000,0.4810,0.5160,0.6420,0.5060
2026-04-27T17:37:59.341,6.882,1,1.00,1.50,5.96,-3.01,1,0.0808,0.0998,-0.1400,-0.1961,-0.1126,0.1039,-2.09,3.14,61.36,60.39,413,407,0.98547,0.98547,1.00000,0.98547,3,3,1,11.52758,0.00439,1.08729,-0.0808,-0.0998,0.4400,-0.1961,-0.1126,0.1039,2.09,-4.69,-3.08,1,1,0.0000,0.0000,0.3000,0.00,0.8300,0.4200,1.0000,6.50,180.00,1.050000,0.000000,0.000000,1.500000,0.000000,0.000000,1.200000,0.000000,0.000000,1.050000,0.000000,0.000000,1.350000,0.060000,0.000000,0.008000,0.000000,0.000600,0.008000,0.000000,0.000600,0.006000,0.000000,0.000000,1,1,1,413,241,378048,378048,208525,169523,0,60.00,12394,3495,391,0,0,0,12402,500.00,500.00,10,1299,0.0000,0.4810,0.5160,0.6420,0.5060
2026-04-27T17:37:59.356,6.897,1,1.00,1.50,5.96,-3.01,1,0.0841,0.1016,-0.1412,-0.2071,-0.1164,0.0872,-2.10,0.68,52.68,60.13,414,408,0.98551,0.98551,1.00000,0.98551,3,3,1,11.61249,0.00447,1.09030,-0.0841,-0.1016,0.4412,-0.2071,-0.1164,0.0872,2.10,-4.66,-3.19,1,1,0.0000,0.0000,0.3000,0.00,0.8300,0.4200,1.0000,6.50,180.00,1.050000,0.000000,0.000000,1.500000,0.000000,0.000000,1.200000,0.000000,0.000000,1.050000,0.000000,0.000000,1.350000,0.060000,0.000000,0.008000,0.000000,0.000600,0.008000,0.000000,0.000600,0.006000,0.000000,0.000000,1,1,1,414,243,378048,378048,208525,169523,0,60.00,12394,3495,391,0,0,0,12402,500.00,500.00,10,1299,0.0000,0.4810,0.5160,0.6420,0.5060
2026-04-27T17:37:59.372,6.913,1,1.00,1.50,5.96,-3.01,1,0.0874,0.1032,-0.1422,-0.2037,-0.1065,0.0740,-2.06,-2.48,72.97,60.02,415,409,0.98554,0.98554,1.00000,0.98554,3,3,1,11.51380,0.00465,1.09097,-0.0874,-0.1032,0.4422,-0.2037,-0.1065,0.0740,2.06,-4.62,-3.27,1,1,0.0000,0.0000,0.3000,0.00,0.8300,0.4200,1.0000,6.50,180.00,1.050000,0.000000,0.000000,1.500000,0.000000,0.000000,1.200000,0.000000,0.000000,1.050000,0.000000,0.000000,1.350000,0.060000,0.000000,0.008000,0.000000,0.000600,0.008000,0.000000,0.000600,0.006000,0.000000,0.000000,1,1,1,415,244,378048,378048,208525,169523,0,60.00,12394,3495,391,0,0,0,12402,500.00,500.00,10,1299,0.0000,0.4810,0.5160,0.6420,0.5060
2026-04-27T17:37:59.389,6.930,1,1.00,1.50,5.96,-3.01,1,0.0907,0.1048,-0.1433,-0.2039,-0.1011,0.0741,-2.09,1.80,58.29,59.94,416,410,0.98558,0.98558,1.00000,0.98558,3,3,1,11.46907,0.00452,1.08610,-0.0907,-0.1048,0.4433,-0.2039,-0.1011,0.0741,2.09,-4.56,-3.14,1,1,0.0000,0.0000,0.3000,0.00,0.8300,0.4200,1.0000,6.50,180.00,1.050000,0.000000,0.000000,1.500000,0.000000,0.000000,1.200000,0.000000,0.000000,1.050000,0.000000,0.000000,1.350000,0.060000,0.000000,0.008000,0.000000,0.000600,0.008000,0.000000,0.000600,0.006000,0.000000,0.000000,1,1,1,416,244,378048,378048,208525,169523,0,60.00,12394,3495,391,0,0,0,12402,500.00,500.00,10,1299,0.0000,0.4810,0.5160,0.6420,0.5060
2026-04-27T17:37:59.405,6.946,1,1.00,1.50,5.96,-3.01,1,0.0939,0.1065,-0.1439,-0.1976,-0.1013,0.0497,-2.05,-2.27,59.59,59.96,417,411,0.98561,0.98561,1.00000,0.98561,3,3,1,11.52573,0.00462,1.09315,-0.0939,-0.1065,0.4439,-0.1976,-0.1013,0.0497,2.05,-4.58,-3.29,1,1,0.0000,0.0000,0.3000,0.00,0.8300,0.4200,1.0000,6.50,180.00,1.050000,0.000000,0.000000,1.500000,0.000000,0.000000,1.200000,0.000000,0.000000,1.050000,0.000000,0.000000,1.350000,0.060000,0.000000,0.008000,0.000000,0.000600,0.008000,0.000000,0.000600,0.006000,0.000000,0.000000,1,1,1,417,243,378048,378048,208525,169523,0,60.00,12394,3495,391,0,0,0,12402,500.00,500.00,10,1299,0.0000,0.4810,0.5160,0.6420,0.5060
2026-04-27T17:37:59.422,6.963,1,1.00,1.50,5.96,-3.01,1,0.0973,0.1079,-0.1442,-0.1984,-0.0900,0.0342,-2.09,2.50,60.38,58.97,418,412,0.98565,0.98565,1.00000,0.98565,3,3,1,11.60809,0.00455,1.09325,-0.0973,-0.1079,0.4442,-0.1984,-0.0900,0.0342,2.09,-4.41,-3.27,1,1,0.0000,0.0000,0.3000,0.00,0.8300,0.4200,1.0000,6.50,180.00,1.050000,0.000000,0.000000,1.500000,0.000000,0.000000,1.200000,0.000000,0.000000,1.050000,0.000000,0.000000,1.350000,0.060000,0.000000,0.008000,0.000000,0.000600,0.008000,0.000000,0.000600,0.006000,0.000000,0.000000,1,1,1,418,243,378048,378048,208525,169523,0,60.00,12394,3495,391,0,0,0,12402,500.00,500.00,10,1299,0.0000,0.4810,0.5160,0.6420,0.5060
2026-04-27T17:37:59.440,6.981,1,1.00,1.50,5.96,-3.01,1,0.1005,0.1093,-0.1445,-0.1908,-0.0859,0.0267,-2.06,-1.78,58.87,61.00,419,413,0.98568,0.98568,1.00000,0.98568,3,3,1,11.57692,0.00446,1.08818,-0.1005,-0.1093,0.4445,-0.1908,-0.0859,0.0267,2.06,-4.33,-3.13,1,1,0.0000,0.0000,0.3000,0.00,0.8300,0.4200,1.0000,6.50,180.00,1.050000,0.000000,0.000000,1.500000,0.000000,0.000000,1.200000,0.000000,0.000000,1.050000,0.000000,0.000000,1.350000,0.060000,0.000000,0.008000,0.000000,0.000600,0.008000,0.000000,0.000600,0.006000,0.000000,0.000000,1,1,1,419,244,378048,378048,208525,169523,0,60.00,12394,3495,391,0,0,0,12402,500.00,500.00,10,1299,0.0000,0.4810,0.5160,0.6420,0.5060
2026-04-27T17:37:59.454,6.995,1,1.00,1.50,5.96,-3.01,1,0.1036,0.1107,-0.1444,-0.1953,-0.0857,0.0000,-2.15,5.69,61.73,59.76,420,414,0.98571,0.98571,1.00000,0.98571,3,3,1,11.62168,0.00449,1.08828,-0.1036,-0.1107,0.4444,-0.1953,-0.0857,0.0000,2.15,-4.13,-3.19,1,1,0.0000,0.0000,0.3000,0.00,0.8300,0.4200,1.0000,6.50,180.00,1.050000,0.000000,0.000000,1.500000,0.000000,0.000000,1.200000,0.000000,0.000000,1.050000,0.000000,0.000000,1.350000,0.060000,0.000000,0.008000,0.000000,0.000600,0.008000,0.000000,0.000600,0.006000,0.000000,0.000000,1,1,1,420,240,378048,378048,208525,169523,0,60.00,12394,3495,391,0,0,0,12402,500.00,500.00,10,1299,0.0000,0.4810,0.5160,0.6420,0.5060
2026-04-27T17:37:59.473,7.014,1,1.00,1.50,5.96,-3.01,1,0.1066,0.1122,-0.1441,-0.1860,-0.0873,0.0000,-2.14,-0.55,69.31,71.25,421,415,0.98575,0.98575,1.00000,0.98575,3,3,1,11.69950,0.00455,1.09264,-0.1066,-0.1122,0.4441,-0.1860,-0.0873,0.0000,2.14,-4.14,-3.21,1,1,0.0000,0.0000,0.3000,0.00,0.8300,0.4200,1.0000,6.50,180.00,1.050000,0.000000,0.000000,1.500000,0.000000,0.000000,1.200000,0.000000,0.000000,1.050000,0.000000,0.000000,1.350000,0.060000,0.000000,0.008000,0.000000,0.000600,0.008000,0.000000,0.000600,0.006000,0.000000,0.000000,1,1,1,421,240,378048,378048,208525,169523,0,60.00,12394,3495,391,0,0,0,12402,500.00,500.00,10,1299,0.0000,0.4810,0.5160,0.6420,0.5060
2026-04-27T17:37:59.489,7.030,1,1.00,1.50,5.96,-3.01,1,0.1099,0.1134,-0.1438,-0.1980,-0.0789,-0.0119,-2.10,-2.79,52.02,55.72,422,416,0.98578,0.98578,1.00000,0.98578,3,3,1,11.72240,0.00448,1.09133,-0.1099,-0.1134,0.4438,-0.1980,-0.0789,-0.0119,2.10,-3.94,-3.29,1,1,0.0000,0.0000,0.3000,0.00,0.8300,0.4200,1.0000,6.50,180.00,1.050000,0.000000,0.000000,1.500000,0.000000,0.000000,1.200000,0.000000,0.000000,1.050000,0.000000,0.000000,1.350000,0.060000,0.000000,0.008000,0.000000,0.000600,0.008000,0.000000,0.000600,0.006000,0.000000,0.000000,1,1,1,422,243,378048,378048,208525,169523,0,60.00,12394,3495,391,0,0,0,12402,500.00,500.00,10,1299,0.0000,0.4810,0.5160,0.6420,0.5060
2026-04-27T17:37:59.501,7.042,1,1.00,1.50,5.96,-3.01,1,0.1127,0.1146,-0.1433,-0.1932,-0.0839,-0.0214,-2.15,3.36,62.63,94.88,423,417,0.98582,0.98582,1.00000,0.98582,3,3,1,11.71454,0.00446,1.09503,-0.1127,-0.1146,0.4433,-0.1932,-0.0839,-0.0214,2.15,-3.85,-3.26,1,1,0.0000,0.0000,0.3000,0.00,0.8300,0.4200,1.0000,6.50,180.00,1.050000,0.000000,0.000000,1.500000,0.000000,0.000000,1.200000,0.000000,0.000000,1.050000,0.000000,0.000000,1.350000,0.060000,0.000000,0.008000,0.000000,0.000600,0.008000,0.000000,0.000600,0.006000,0.000000,0.000000,1,1,1,423,245,378048,378048,208525,169523,0,60.00,12394,3495,421,0,0,0,12432,500.50,500.50,12,886,0.0000,0.4850,0.5230,0.6990,0.5070
2026-04-27T17:37:59.520,7.061,1,1.00,1.50,5.96,-3.01,1,0.1155,0.1159,-0.1429,-0.1666,-0.0719,-0.0217,-2.15,0.00,81.69,58.79,424,418,0.98585,0.98585,1.00000,0.98585,3,3,1,11.74897,0.00449,1.09414,-0.1155,-0.1159,0.4429,-0.1666,-0.0719,-0.0217,2.15,-3.90,-3.28,1,1,0.0000,0.0000,0.3000,0.00,0.8300,0.4200,1.0000,6.50,180.00,1.050000,0.000000,0.000000,1.500000,0.000000,0.000000,1.200000,0.000000,0.000000,1.050000,0.000000,0.000000,1.350000,0.060000,0.000000,0.008000,0.000000,0.000600,0.008000,0.000000,0.000600,0.006000,0.000000,0.000000,1,1,1,424,244,378048,378048,208525,169523,0,60.00,12394,3495,421,0,0,0,12432,500.50,500.50,12,886,0.0000,0.4850,0.5230,0.6990,0.5070
2026-04-27T17:37:59.538,7.079,1,1.00,1.50,5.96,-3.01,1,0.1182,0.1167,-0.1423,-0.1776,-0.0624,-0.0306,-2.15,0.00,53.84,41.70,425,419,0.98588,0.98588,1.00000,0.98588,3,3,1,11.80060,0.00446,1.09285,-0.1182,-0.1167,0.4423,-0.1776,-0.0624,-0.0306,2.15,-3.95,-3.26,1,1,0.0000,0.0000,0.3000,0.00,0.8300,0.4200,1.0000,6.50,180.00,1.050000,0.000000,0.000000,1.500000,0.000000,0.000000,1.200000,0.000000,0.000000,1.050000,0.000000,0.000000,1.350000,0.060000,0.000000,0.008000,0.000000,0.000600,0.008000,0.000000,0.000600,0.006000,0.000000,0.000000,1,1,1,425,245,378048,378048,208525,169523,0,60.00,12394,3495,421,0,0,0,12432,500.50,500.50,12,886,0.0000,0.4850,0.5230,0.6990,0.5070
2026-04-27T17:37:59.553,7.094,1,1.90,0.90,4.98,-1.95,1,0.1209,0.1176,-0.1419,-0.1620,-0.0585,-0.0279,-2.12,-2.01,54.30,62.16,426,420,0.98592,0.98592,1.00000,0.98592,3,3,1,11.71260,0.00460,1.09727,-0.1209,-0.1176,0.4419,-0.1620,-0.0585,-0.0279,2.12,-4.10,-3.38,1,1,0.0000,0.0000,0.3000,0.00,0.8300,0.4200,1.0000,6.50,180.00,1.050000,0.000000,0.000000,1.500000,0.000000,0.000000,1.200000,0.000000,0.000000,1.050000,0.000000,0.000000,1.350000,0.060000,0.000000,0.008000,0.000000,0.000600,0.008000,0.000000,0.000600,0.006000,0.000000,0.000000,1,1,1,426,244,378048,378048,208525,169523,0,60.00,12394,3495,421,0,0,0,12432,500.50,500.50,12,886,0.0000,0.4850,0.5230,0.6990,0.5070
2026-04-27T17:37:59.571,7.112,1,1.90,0.90,4.98,-1.95,1,0.1235,0.1187,-0.1420,-0.1666,-0.0645,0.0000,-2.11,-0.55,67.11,63.41,427,421,0.98595,0.98595,1.00000,0.98595,3,3,1,11.85100,0.00446,1.09332,-0.1235,-0.1187,0.4420,-0.1666,-0.0645,0.0000,2.11,-3.84,-3.39,1,1,0.0000,0.0000,0.3000,0.00,0.8300,0.4200,1.0000,6.50,180.00,1.050000,0.000000,0.000000,1.500000,0.000000,0.000000,1.200000,0.000000,0.000000,1.050000,0.000000,0.000000,1.350000,0.060000,0.000000,0.008000,0.000000,0.000600,0.008000,0.000000,0.000600,0.006000,0.000000,0.000000,1,1,1,427,240,378048,378048,208525,169523,0,60.00,12394,3495,421,0,0,0,12432,500.50,500.50,12,886,0.0000,0.4850,0.5230,0.6990,0.5070
2026-04-27T17:37:59.587,7.128,1,1.90,0.90,4.98,-1.95,1,0.1262,0.1195,-0.1419,-0.1578,-0.0500,-0.0103,-2.07,-2.62,55.46,55.72,428,422,0.98598,0.98598,1.00000,0.98598,3,3,1,11.75915,0.00437,1.09559,-0.1262,-0.1195,0.4419,-0.1578,-0.0500,-0.0103,2.07,-3.66,-3.35,1,1,0.0000,0.0000,0.3000,0.00,0.8300,0.4200,1.0000,6.50,180.00,1.050000,0.000000,0.000000,1.500000,0.000000,0.000000,1.200000,0.000000,0.000000,1.050000,0.000000,0.000000,1.350000,0.060000,0.000000,0.008000,0.000000,0.000600,0.008000,0.000000,0.000600,0.006000,0.000000,0.000000,1,1,1,428,243,378048,378048,208525,169523,0,60.00,12394,3495,421,0,0,0,12432,500.50,500.50,12,886,0.0000,0.4850,0.5230,0.6990,0.5070
2026-04-27T17:37:59.603,7.144,1,2.30,0.70,3.89,-1.95,1,0.1288,0.1202,-0.1422,-0.1604,-0.0489,0.0000,-2.09,1.20,65.43,59.07,429,423,0.98601,0.98601,1.00000,0.98601,3,3,1,11.67166,0.00451,1.09841,-0.1288,-0.1202,0.4422,-0.1604,-0.0489,0.0000,2.09,-3.44,-3.39,1,1,0.0000,0.0000,0.3000,0.00,0.8300,0.4200,1.0000,6.50,180.00,1.050000,0.000000,0.000000,1.500000,0.000000,0.000000,1.200000,0.000000,0.000000,1.050000,0.000000,0.000000,1.350000,0.060000,0.000000,0.008000,0.000000,0.000600,0.008000,0.000000,0.000600,0.006000,0.000000,0.000000,1,1,1,429,238,378048,378048,208525,169523,0,60.00,12394,3495,421,0,0,0,12432,500.50,500.50,12,886,0.0000,0.4850,0.5230,0.6990,0.5070
2026-04-27T17:37:59.620,7.161,1,2.30,0.70,3.89,-1.95,1,0.1308,0.1208,-0.1427,-0.1377,-0.0421,0.0148,-2.01,-4.93,60.14,61.15,430,424,0.98605,0.98605,1.00000,0.98605,3,3,1,11.69268,0.00460,1.09507,-0.1308,-0.1208,0.4427,-0.1377,-0.0421,0.0148,2.01,-3.63,-3.35,1,1,0.0000,0.0000,0.3000,0.00,0.8300,0.4200,1.0000,6.50,180.00,1.050000,0.000000,0.000000,1.500000,0.000000,0.000000,1.200000,0.000000,0.000000,1.050000,0.000000,0.000000,1.350000,0.060000,0.000000,0.008000,0.000000,0.000600,0.008000,0.000000,0.000600,0.006000,0.000000,0.000000,1,1,1,430,241,378048,378048,208525,169523,0,60.00,12394,3495,421,0,0,0,12432,500.50,500.50,12,886,0.0000,0.4850,0.5230,0.6990,0.5070
2026-04-27T17:37:59.639,7.180,1,2.30,0.70,3.89,-1.95,1,0.1330,0.1215,-0.1433,-0.1394,-0.0412,0.0251,-1.98,-1.58,61.60,59.94,431,425,0.98608,0.98608,1.00000,0.98608,3,3,1,11.65495,0.00459,1.09390,-0.1330,-0.1215,0.4433,-0.1394,-0.0412,0.0251,1.98,-3.47,-3.37,1,1,0.0000,0.0000,0.3000,0.00,0.8300,0.4200,1.0000,6.50,180.00,1.050000,0.000000,0.000000,1.500000,0.000000,0.000000,1.200000,0.000000,0.000000,1.050000,0.000000,0.000000,1.350000,0.060000,0.000000,0.008000,0.000000,0.000600,0.008000,0.000000,0.000600,0.006000,0.000000,0.000000,1,1,1,431,244,378048,378048,208525,169523,0,60.00,12394,3495,421,0,0,0,12432,500.50,500.50,12,886,0.0000,0.4850,0.5230,0.6990,0.5070
2026-04-27T17:37:59.655,7.196,1,2.30,0.70,3.89,-1.95,1,0.1353,0.1220,-0.1440,-0.1331,-0.0332,0.0318,-1.96,-1.25,48.88,58.90,432,426,0.98611,0.98611,1.00000,0.98611,3,3,1,11.48843,0.00455,1.09858,-0.1353,-0.1220,0.4440,-0.1331,-0.0332,0.0318,1.96,-3.33,-3.46,1,1,0.0000,0.0000,0.3000,0.00,0.8300,0.4200,1.0000,6.50,180.00,1.050000,0.000000,0.000000,1.500000,0.000000,0.000000,1.200000,0.000000,0.000000,1.050000,0.000000,0.000000,1.350000,0.060000,0.000000,0.008000,0.000000,0.000600,0.008000,0.000000,0.000600,0.006000,0.000000,0.000000,1,1,1,432,244,378048,378048,208525,169523,0,60.00,12394,3495,421,0,0,0,12432,500.50,500.50,12,886,0.0000,0.4850,0.5230,0.6990,0.5070
2026-04-27T17:37:59.672,7.213,1,2.30,0.70,3.89,-1.95,1,0.1373,0.1226,-0.1452,-0.1294,-0.0348,0.0525,-1.97,0.57,57.61,61.14,433,427,0.98614,0.98614,1.00000,0.98614,3,3,1,11.51118,0.00446,1.09611,-0.1373,-0.1226,0.4452,-0.1294,-0.0348,0.0525,1.97,-3.09,-3.52,1,1,0.0000,0.0000,0.3000,0.00,0.8300,0.4200,1.0000,6.50,180.00,1.050000,0.000000,0.000000,1.500000,0.000000,0.000000,1.200000,0.000000,0.000000,1.050000,0.000000,0.000000,1.350000,0.060000,0.000000,0.008000,0.000000,0.000600,0.008000,0.000000,0.000600,0.006000,0.000000,0.000000,1,1,1,433,244,378048,378048,208525,169523,0,60.00,12394,3495,421,0,0,0,12432,500.50,500.50,12,886,0.0000,0.4850,0.5230,0.6990,0.5070
2026-04-27T17:37:59.687,7.228,1,2.30,0.70,3.89,-1.95,1,0.1393,0.1229,-0.1461,-0.1215,-0.0228,0.0476,-1.96,-0.65,63.73,60.75,434,428,0.98618,0.98618,1.00000,0.98618,3,3,1,11.44367,0.00443,1.09534,-0.1393,-0.1229,0.4461,-0.1215,-0.0228,0.0476,1.96,-2.93,-3.56,1,1,0.0000,0.0000,0.3000,0.00,0.8300,0.4200,1.0000,6.50,180.00,1.050000,0.000000,0.000000,1.500000,0.000000,0.000000,1.200000,0.000000,0.000000,1.050000,0.000000,0.000000,1.350000,0.060000,0.000000,0.008000,0.000000,0.000600,0.008000,0.000000,0.000600,0.006000,0.000000,0.000000,1,1,1,434,244,378048,378048,208525,169523,0,60.00,12394,3495,421,0,0,0,12432,500.50,500.50,12,886,0.0000,0.4850,0.5230,0.6990,0.5070
2026-04-27T17:37:59.703,7.244,1,2.80,0.40,4.94,-3.01,1,0.1408,0.1230,-0.1471,-0.1100,-0.0140,0.0573,-1.96,0.00,59.16,59.13,435,429,0.98621,0.98621,1.00000,0.98621,3,3,1,11.30231,0.00456,1.09527,-0.1408,-0.1230,0.4471,-0.1100,-0.0140,0.0573,1.96,-2.95,-3.40,1,1,0.0000,0.0000,0.3000,0.00,0.8300,0.4200,1.0000,6.50,180.00,1.050000,0.000000,0.000000,1.500000,0.000000,0.000000,1.200000,0.000000,0.000000,1.050000,0.000000,0.000000,1.350000,0.060000,0.000000,0.008000,0.000000,0.000600,0.008000,0.000000,0.000600,0.006000,0.000000,0.000000,1,1,1,435,242,378048,378048,208525,169523,0,60.00,12394,3495,421,0,0,0,12432,500.50,500.50,12,886,0.0000,0.4850,0.5230,0.6990,0.5070
2026-04-27T17:37:59.723,7.264,1,2.80,0.40,4.94,-3.01,1,0.1425,0.1232,-0.1481,-0.1029,-0.0154,0.0548,-2.02,3.18,77.45,60.10,436,430,0.98624,0.98624,1.00000,0.98624,3,3,1,11.19984,0.00439,1.09873,-0.1425,-0.1232,0.4481,-0.1029,-0.0154,0.0548,2.02,-2.87,-3.46,1,1,0.0000,0.0000,0.3000,0.00,0.8300,0.4200,1.0000,6.50,180.00,1.050000,0.000000,0.000000,1.500000,0.000000,0.000000,1.200000,0.000000,0.000000,1.050000,0.000000,0.000000,1.350000,0.060000,0.000000,0.008000,0.000000,0.000600,0.008000,0.000000,0.000600,0.006000,0.000000,0.000000,1,1,1,436,244,378048,378048,208525,169523,0,60.00,12394,3495,421,0,0,0,12432,500.50,500.50,12,886,0.0000,0.4850,0.5230,0.6990,0.5070
2026-04-27T17:37:59.739,7.280,1,2.80,0.40,4.94,-3.01,1,0.1439,0.1233,-0.1490,-0.0934,0.0000,0.0548,-1.98,-2.49,47.67,60.21,437,431,0.98627,0.98627,1.00000,0.98627,3,3,1,11.19285,0.00451,1.09063,-0.1439,-0.1233,0.4490,-0.0934,0.0000,0.0548,1.98,-2.93,-3.45,1,1,0.0000,0.0000,0.3000,0.00,0.8300,0.4200,1.0000,6.50,180.00,1.050000,0.000000,0.000000,1.500000,0.000000,0.000000,1.200000,0.000000,0.000000,1.050000,0.000000,0.000000,1.350000,0.060000,0.000000,0.008000,0.000000,0.000600,0.008000,0.000000,0.000600,0.006000,0.000000,0.000000,1,1,1,437,239,378048,378048,208525,169523,0,60.00,12394,3495,421,0,0,0,12432,500.50,500.50,12,886,0.0000,0.4850,0.5230,0.6990,0.5070
2026-04-27T17:37:59.755,7.296,1,2.80,0.40,4.94,-3.01,1,0.1454,0.1234,-0.1498,-0.0955,0.0000,0.0494,-2.06,4.55,60.72,59.99,438,432,0.98630,0.98630,1.00000,0.98630,3,3,1,11.08598,0.00451,1.09208,-0.1454,-0.1234,0.4498,-0.0955,0.0000,0.0494,2.06,-2.81,-3.53,1,1,0.0000,0.0000,0.3000,0.00,0.8300,0.4200,1.0000,6.50,180.00,1.050000,0.000000,0.000000,1.500000,0.000000,0.000000,1.200000,0.000000,0.000000,1.050000,0.000000,0.000000,1.350000,0.060000,0.000000,0.008000,0.000000,0.000600,0.008000,0.000000,0.000600,0.006000,0.000000,0.000000,1,1,1,438,238,378048,378048,208525,169523,0,60.00,12394,3495,421,0,0,0,12432,500.50,500.50,12,886,0.0000,0.4850,0.5230,0.6990,0.5070
2026-04-27T17:37:59.772,7.313,1,2.80,0.40,4.94,-3.01,1,0.1469,0.1234,-0.1504,-0.0925,0.0000,0.0415,-1.99,-4.21,62.40,60.02,439,433,0.98633,0.98633,1.00000,0.98633,3,3,1,11.09138,0.00455,1.09471,-0.1469,-0.1234,0.4504,-0.0925,0.0000,0.0415,1.99,-2.62,-3.62,1,1,0.0000,0.0000,0.3000,0.00,0.8300,0.4200,1.0000,6.50,180.00,1.050000,0.000000,0.000000,1.500000,0.000000,0.000000,1.200000,0.000000,0.000000,1.050000,0.000000,0.000000,1.350000,0.060000,0.000000,0.008000,0.000000,0.000600,0.008000,0.000000,0.000600,0.006000,0.000000,0.000000,1,1,1,439,238,378048,378048,208525,169523,0,60.00,12394,3495,421,0,0,0,12432,500.50,500.50,12,886,0.0000,0.4850,0.5230,0.6990,0.5070
2026-04-27T17:37:59.789,7.330,1,2.80,0.40,4.94,-3.01,1,0.1482,0.1232,-0.1507,-0.0821,0.0000,0.0280,-2.03,2.47,60.16,59.94,440,434,0.98636,0.98636,1.00000,0.98636,3,3,1,10.99575,0.00449,1.09716,-0.1482,-0.1232,0.4507,-0.0821,0.0000,0.0280,2.03,-2.54,-3.69,1,1,0.0000,0.0000,0.3000,0.00,0.8300,0.4200,1.0000,6.50,180.00,1.050000,0.000000,0.000000,1.500000,0.000000,0.000000,1.200000,0.000000,0.000000,1.050000,0.000000,0.000000,1.350000,0.060000,0.000000,0.008000,0.000000,0.000600,0.008000,0.000000,0.000600,0.006000,0.000000,0.000000,1,1,1,440,239,378048,378048,208525,169523,0,60.00,12394,3495,421,0,0,0,12432,500.50,500.50,12,886,0.0000,0.4850,0.5230,0.6990,0.5070
2026-04-27T17:37:59.807,7.348,1,3.10,0.10,2.98,-2.92,1,0.1493,0.1231,-0.1507,-0.0764,0.0000,0.0169,-2.00,-2.19,58.20,57.45,441,435,0.98639,0.98639,1.00000,0.98639,3,3,1,11.01814,0.00474,1.09661,-0.1493,-0.1231,0.4507,-0.0764,0.0000,0.0169,2.00,-2.68,-3.73,1,1,0.0000,0.0000,0.3000,0.00,0.8300,0.4200,1.0000,6.50,180.00,1.050000,0.000000,0.000000,1.500000,0.000000,0.000000,1.200000,0.000000,0.000000,1.050000,0.000000,0.000000,1.350000,0.060000,0.000000,0.008000,0.000000,0.000600,0.008000,0.000000,0.000600,0.006000,0.000000,0.000000,1,1,1,441,236,378048,378048,208525,169523,0,60.00,12394,3495,421,0,0,0,12432,500.50,500.50,12,886,0.0000,0.4850,0.5230,0.6990,0.5070
2026-04-27T17:37:59.821,7.362,1,3.10,0.10,2.98,-2.92,1,0.1506,0.1227,-0.1508,-0.0745,0.0178,0.0000,-1.93,-3.68,58.34,62.60,442,436,0.98643,0.98643,1.00000,0.98643,3,3,1,11.08501,0.00452,1.09635,-0.1506,-0.1227,0.4508,-0.0745,0.0178,0.0000,1.93,-2.56,-3.72,1,1,0.0000,0.0000,0.3000,0.00,0.8300,0.4200,1.0000,6.50,180.00,1.050000,0.000000,0.000000,1.500000,0.000000,0.000000,1.200000,0.000000,0.000000,1.050000,0.000000,0.000000,1.350000,0.060000,0.000000,0.008000,0.000000,0.000600,0.008000,0.000000,0.000600,0.006000,0.000000,0.000000,1,1,1,442,239,378048,378048,208525,169523,0,60.00,12394,3495,421,0,0,0,12432,500.50,500.50,12,886,0.0000,0.4850,0.5230,0.6990,0.5070
2026-04-27T17:37:59.839,7.380,1,3.10,0.10,2.98,-2.92,1,0.1515,0.1226,-0.1505,-0.0617,0.0112,0.0000,-1.93,0.00,73.49,60.00,443,437,0.98646,0.98646,1.00000,0.98646,3,3,1,11.09379,0.00461,1.09986,-0.1515,-0.1226,0.4505,-0.0617,0.0112,0.0000,1.93,-2.57,-3.82,1,1,0.0000,0.0000,0.3000,0.00,0.8300,0.4200,1.0000,6.50,180.00,1.050000,0.000000,0.000000,1.500000,0.000000,0.000000,1.200000,0.000000,0.000000,1.050000,0.000000,0.000000,1.350000,0.060000,0.000000,0.008000,0.000000,0.000600,0.008000,0.000000,0.000600,0.006000,0.000000,0.000000,1,1,1,443,239,378048,378048,208525,169523,0,60.00,12394,3495,421,0,0,0,12432,500.50,500.50,12,886,0.0000,0.4850,0.5230,0.6990,0.5070
2026-04-27T17:37:59.856,7.397,1,3.10,0.10,2.98,-2.92,1,0.1525,0.1220,-0.1503,-0.0643,0.0252,0.0000,-1.95,1.21,53.13,60.06,444,438,0.98649,0.98649,1.00000,0.98649,3,3,1,11.09516,0.00453,1.09664,-0.1525,-0.1220,0.4503,-0.0643,0.0252,0.0000,1.95,-2.33,-3.79,1,1,0.0000,0.0000,0.3000,0.00,0.8300,0.4200,1.0000,6.50,180.00,1.050000,0.000000,0.000000,1.500000,0.000000,0.000000,1.200000,0.000000,0.000000,1.050000,0.000000,0.000000,1.350000,0.060000,0.000000,0.008000,0.000000,0.000600,0.008000,0.000000,0.000600,0.006000,0.000000,0.000000,1,1,1,444,238,378108,378108,208585,169523,0,60.00,12454,3175,421,0,0,0,12432,500.50,500.50,12,886,0.0000,0.4850,0.5230,0.6990,0.5070
2026-04-27T17:37:59.872,7.413,1,3.10,0.10,2.98,-2.92,1,0.1533,0.1215,-0.1499,-0.0548,0.0293,-0.0179,-2.00,2.99,58.18,60.09,445,439,0.98652,0.98652,1.00000,0.98652,3,3,1,11.01586,0.00458,1.10052,-0.1533,-0.1215,0.4499,-0.0548,0.0293,-0.0179,2.00,-2.14,-3.83,1,1,0.0000,0.0000,0.3000,0.00,0.8300,0.4200,1.0000,6.50,180.00,1.050000,0.000000,0.000000,1.500000,0.000000,0.000000,1.200000,0.000000,0.000000,1.050000,0.000000,0.000000,1.350000,0.060000,0.000000,0.008000,0.000000,0.000600,0.008000,0.000000,0.000600,0.006000,0.000000,0.000000,1,1,1,445,240,378108,378108,208585,169523,0,60.00,12454,3175,421,0,0,0,12432,500.50,500.50,12,886,0.0000,0.4850,0.5230,0.6990,0.5070
2026-04-27T17:37:59.889,7.430,1,3.10,0.10,2.98,-2.92,1,0.1536,0.1209,-0.1496,-0.0340,0.0334,-0.0178,-2.01,0.60,61.21,60.09,446,440,0.98655,0.98655,1.00000,0.98655,3,3,1,10.98128,0.00450,1.09527,-0.1536,-0.1209,0.4496,-0.0340,0.0334,-0.0178,2.01,-2.17,-3.79,1,1,0.0000,0.0000,0.3000,0.00,0.8300,0.4200,1.0000,6.50,180.00,1.050000,0.000000,0.000000,1.500000,0.000000,0.000000,1.200000,0.000000,0.000000,1.050000,0.000000,0.000000,1.350000,0.060000,0.000000,0.008000,0.000000,0.000600,0.008000,0.000000,0.000600,0.006000,0.000000,0.000000,1,1,1,446,240,378108,378108,208585,169523,0,60.00,12454,3175,421,0,0,0,12432,500.50,500.50,12,886,0.0000,0.4850,0.5230,0.6990,0.5070
2026-04-27T17:37:59.905,7.446,1,3.40,-0.10,2.95,-1.93,1,0.1541,0.1202,-0.1494,-0.0351,0.0371,-0.0131,-2.00,-0.64,61.21,61.03,447,441,0.98658,0.98658,1.00000,0.98658,3,3,1,11.05339,0.00446,1.09457,-0.1541,-0.1202,0.4494,-0.0351,0.0371,-0.0131,2.00,-2.00,-3.72,1,1,0.0000,0.0000,0.3000,0.00,0.8300,0.4200,1.0000,6.50,180.00,1.050000,0.000000,0.000000,1.500000,0.000000,0.000000,1.200000,0.000000,0.000000,1.050000,0.000000,0.000000,1.350000,0.060000,0.000000,0.008000,0.000000,0.000600,0.008000,0.000000,0.000600,0.006000,0.000000,0.000000,1,1,1,447,237,378108,378108,208585,169523,0,60.00,12454,3175,421,0,0,0,12432,500.50,500.50,12,886,0.0000,0.4850,0.5230,0.6990,0.5070
2026-04-27T17:37:59.923,7.464,1,3.40,-0.10,2.95,-1.93,1,0.1547,0.1193,-0.1490,-0.0327,0.0471,-0.0211,-1.98,-1.22,60.10,59.23,448,442,0.98661,0.98661,1.00000,0.98661,3,3,1,11.01208,0.00462,1.09396,-0.1547,-0.1193,0.4490,-0.0327,0.0471,-0.0211,1.98,-1.82,-3.71,1,1,0.0000,0.0000,0.3000,0.00,0.8300,0.4200,1.0000,6.50,180.00,1.050000,0.000000,0.000000,1.500000,0.000000,0.000000,1.200000,0.000000,0.000000,1.050000,0.000000,0.000000,1.350000,0.060000,0.000000,0.008000,0.000000,0.000600,0.008000,0.000000,0.000600,0.006000,0.000000,0.000000,1,1,1,448,244,378108,378108,208585,169523,0,60.00,12454,3175,421,0,0,0,12432,500.50,500.50,12,886,0.0000,0.4850,0.5230,0.6990,0.5070
2026-04-27T17:37:59.937,7.478,1,3.40,-0.10,2.95,-1.93,1,0.1551,0.1187,-0.1488,-0.0268,0.0420,-0.0171,-1.95,-1.87,58.85,59.56,449,443,0.98664,0.98664,1.00000,0.98664,3,3,1,10.97325,0.00456,1.09665,-0.1551,-0.1187,0.4488,-0.0268,0.0420,-0.0171,1.95,-1.62,-3.86,1,1,0.0000,0.0000,0.3000,0.00,0.8300,0.4200,1.0000,6.50,180.00,1.050000,0.000000,0.000000,1.500000,0.000000,0.000000,1.200000,0.000000,0.000000,1.050000,0.000000,0.000000,1.350000,0.060000,0.000000,0.008000,0.000000,0.000600,0.008000,0.000000,0.000600,0.006000,0.000000,0.000000,1,1,1,449,244,378108,378108,208585,169523,0,60.00,12454,3175,421,0,0,0,12432,500.50,500.50,12,886,0.0000,0.4850,0.5230,0.6990,0.5070
2026-04-27T17:37:59.955,7.496,1,3.40,-0.10,2.95,-1.93,1,0.1549,0.1177,-0.1485,0.0000,0.0530,-0.0180,-1.88,-3.78,74.42,59.89,450,444,0.98667,0.98667,1.00000,0.98667,3,3,1,11.00521,0.00445,1.09310,-0.1549,-0.1177,0.4485,0.0000,0.0530,-0.0180,1.88,-1.66,-3.86,1,1,0.0000,0.0000,0.3000,0.00,0.8300,0.4200,1.0000,6.50,180.00,1.050000,0.000000,0.000000,1.500000,0.000000,0.000000,1.200000,0.000000,0.000000,1.050000,0.000000,0.000000,1.350000,0.060000,0.000000,0.008000,0.000000,0.000600,0.008000,0.000000,0.000600,0.006000,0.000000,0.000000,1,1,1,450,239,378108,378108,208585,169523,0,60.00,12454,3175,421,0,0,0,12432,500.50,500.50,12,886,0.0000,0.4850,0.5230,0.6990,0.5070
2026-04-27T17:37:59.971,7.512,1,3.40,-0.10,2.95,-1.93,1,0.1547,0.1166,-0.1483,0.0000,0.0585,-0.0137,-1.93,3.18,53.98,60.16,451,445,0.98670,0.98670,1.00000,0.98670,3,3,1,10.84307,0.00464,1.09671,-0.1547,-0.1166,0.4483,0.0000,0.0585,-0.0137,1.93,-1.85,-3.89,1,1,0.0000,0.0000,0.3000,0.00,0.8300,0.4200,1.0000,6.50,180.00,1.050000,0.000000,0.000000,1.500000,0.000000,0.000000,1.200000,0.000000,0.000000,1.050000,0.000000,0.000000,1.350000,0.060000,0.000000,0.008000,0.000000,0.000600,0.008000,0.000000,0.000600,0.006000,0.000000,0.000000,1,1,1,451,239,378108,378108,208585,169523,0,60.00,12454,3175,421,0,0,0,12432,500.50,500.50,12,886,0.0000,0.4850,0.5230,0.6990,0.5070
2026-04-27T17:37:59.990,7.530,1,3.40,-0.10,2.95,-1.93,1,0.1544,0.1156,-0.1481,0.0103,0.0628,-0.0144,-1.85,-5.12,63.57,91.90,452,446,0.98673,0.98673,1.00000,0.98673,3,3,1,10.75111,0.00476,1.09746,-0.1544,-0.1156,0.4481,0.0103,0.0628,-0.0144,1.85,-1.86,-4.03,1,1,0.0000,0.0000,0.3000,0.00,0.8300,0.4200,1.0000,6.50,180.00,1.050000,0.000000,0.000000,1.500000,0.000000,0.000000,1.200000,0.000000,0.000000,1.050000,0.000000,0.000000,1.350000,0.060000,0.000000,0.008000,0.000000,0.000600,0.008000,0.000000,0.000600,0.006000,0.000000,0.000000,1,1,1,452,242,378108,378108,208585,169523,0,60.00,12454,3175,421,0,0,0,12432,500.50,500.50,12,886,0.0000,0.4850,0.5230,0.6990,0.5070
2026-04-27T17:38:00.007,7.548,1,3.40,-0.10,2.95,-1.93,1,0.1541,0.1143,-0.1485,0.0143,0.0720,0.0000,-1.78,-3.72,53.68,56.84,453,447,0.98675,0.98675,1.00000,0.98675,3,3,1,10.79086,0.00446,1.09487,-0.1541,-0.1143,0.4485,0.0143,0.0720,0.0000,1.78,-1.65,-4.08,1,1,0.0000,0.0000,0.3000,0.00,0.8300,0.4200,1.0000,6.50,180.00,1.050000,0.000000,0.000000,1.500000,0.000000,0.000000,1.200000,0.000000,0.000000,1.050000,0.000000,0.000000,1.350000,0.060000,0.000000,0.008000,0.000000,0.000600,0.008000,0.000000,0.000600,0.006000,0.000000,0.000000,1,1,1,453,238,378108,378108,208585,169523,0,60.00,12454,3175,451,0,0,0,12462,500.00,500.00,12,2072,0.0000,0.4950,0.5120,0.7000,0.5060
2026-04-27T17:38:00.024,7.565,1,3.40,-0.10,2.95,-1.93,1,0.1535,0.1130,-0.1487,0.0274,0.0762,0.0000,-1.79,0.54,53.00,48.99,454,448,0.98678,0.98678,1.00000,0.98678,3,3,1,10.63161,0.00449,1.09062,-0.1535,-0.1130,0.4487,0.0274,0.0762,0.0000,1.79,-1.67,-4.04,1,1,0.0000,0.0000,0.3000,0.00,0.8300,0.4200,1.0000,6.50,180.00,1.050000,0.000000,0.000000,1.500000,0.000000,0.000000,1.200000,0.000000,0.000000,1.050000,0.000000,0.000000,1.350000,0.060000,0.000000,0.008000,0.000000,0.000600,0.008000,0.000000,0.000600,0.006000,0.000000,0.000000,1,1,1,454,238,378108,378108,208585,169523,0,60.00,12454,3175,451,0,0,0,12462,500.00,500.00,12,2072,0.0000,0.4950,0.5120,0.7000,0.5060
2026-04-27T17:38:00.037,7.577,1,3.40,-0.10,2.95,-1.93,1,0.1528,0.1115,-0.1490,0.0356,0.0828,0.0129,-1.79,0.00,64.54,80.78,455,449,0.98681,0.98681,1.00000,0.98681,3,3,1,10.53527,0.00456,1.09178,-0.1528,-0.1115,0.4490,0.0356,0.0828,0.0129,1.79,-1.65,-4.06,1,1,0.0000,0.0000,0.3000,0.00,0.8300,0.4200,1.0000,6.50,180.00,1.050000,0.000000,0.000000,1.500000,0.000000,0.000000,1.200000,0.000000,0.000000,1.050000,0.000000,0.000000,1.350000,0.060000,0.000000,0.008000,0.000000,0.000600,0.008000,0.000000,0.000600,0.006000,0.000000,0.000000,1,1,1,455,242,378108,378108,208585,169523,0,60.00,12454,3175,451,0,0,0,12462,500.00,500.00,12,2072,0.0000,0.4950,0.5120,0.7000,0.5060
2026-04-27T17:38:00.056,7.597,1,3.40,-0.30,0.00,-1.97,1,0.1520,0.1099,-0.1495,0.0432,0.0939,0.0189,-1.78,-0.57,79.25,45.34,456,450,0.98684,0.98684,1.00000,0.98684,3,3,1,10.43600,0.00458,1.09307,-0.1520,-0.1099,0.4495,0.0432,0.0939,0.0189,1.78,-1.61,-3.91,1,1,0.0000,0.0000,0.3000,0.00,0.8300,0.4200,1.0000,6.50,180.00,1.050000,0.000000,0.000000,1.500000,0.000000,0.000000,1.200000,0.000000,0.000000,1.050000,0.000000,0.000000,1.350000,0.060000,0.000000,0.008000,0.000000,0.000600,0.008000,0.000000,0.000600,0.006000,0.000000,0.000000,1,1,1,456,240,378108,378108,208585,169523,0,60.00,12454,3175,451,0,0,0,12462,500.00,500.00,12,2072,0.0000,0.4950,0.5120,0.7000,0.5060
2026-04-27T17:38:00.073,7.614,1,3.40,-0.30,0.00,-1.97,1,0.1510,0.1081,-0.1499,0.0503,0.0999,0.0208,-1.74,-2.25,51.14,60.02,457,451,0.98687,0.98687,1.00000,0.98687,3,3,1,10.38512,0.00452,1.09218,-0.1510,-0.1081,0.4499,0.0503,0.0999,0.0208,1.74,-1.55,-3.95,1,1,0.0000,0.0000,0.3000,0.00,0.8300,0.4200,1.0000,6.50,180.00,1.050000,0.000000,0.000000,1.500000,0.000000,0.000000,1.200000,0.000000,0.000000,1.050000,0.000000,0.000000,1.350000,0.060000,0.000000,0.008000,0.000000,0.000600,0.008000,0.000000,0.000600,0.006000,0.000000,0.000000,1,1,1,457,238,378108,378108,208585,169523,0,60.00,12454,3175,451,0,0,0,12462,500.00,500.00,12,2072,0.0000,0.4950,0.5120,0.7000,0.5060
2026-04-27T17:38:00.089,7.629,1,3.40,-0.30,0.00,-1.97,1,0.1500,0.1065,-0.1504,0.0561,0.0985,0.0244,-1.78,2.57,55.99,62.18,458,452,0.98690,0.98690,1.00000,0.98690,3,3,1,10.36489,0.00460,1.09344,-0.1500,-0.1065,0.4504,0.0561,0.0985,0.0244,1.78,-1.48,-4.09,1,1,0.0000,0.0000,0.3000,0.00,0.8300,0.4200,1.0000,6.50,180.00,1.050000,0.000000,0.000000,1.500000,0.000000,0.000000,1.200000,0.000000,0.000000,1.050000,0.000000,0.000000,1.350000,0.060000,0.000000,0.008000,0.000000,0.000600,0.008000,0.000000,0.000600,0.006000,0.000000,0.000000,1,1,1,458,240,378108,378108,208585,169523,0,60.00,12454,3175,451,0,0,0,12462,500.00,500.00,12,2072,0.0000,0.4950,0.5120,0.7000,0.5060
2026-04-27T17:38:00.105,7.646,1,3.50,-0.40,0.95,-0.95,1,0.1487,0.1045,-0.1510,0.0714,0.1121,0.0302,-1.74,-2.36,64.16,58.41,459,453,0.98693,0.98693,1.00000,0.98693,3,3,1,10.23579,0.00469,1.09334,-0.1487,-0.1045,0.4510,0.0714,0.1121,0.0302,1.74,-1.58,-4.11,1,1,0.0000,0.0000,0.3000,0.00,0.8300,0.4200,1.0000,6.50,180.00,1.050000,0.000000,0.000000,1.500000,0.000000,0.000000,1.200000,0.000000,0.000000,1.050000,0.000000,0.000000,1.350000,0.060000,0.000000,0.008000,0.000000,0.000600,0.008000,0.000000,0.000600,0.006000,0.000000,0.000000,1,1,1,459,241,378108,378108,208585,169523,0,60.00,12454,3175,451,0,0,0,12462,500.00,500.00,12,2072,0.0000,0.4950,0.5120,0.7000,0.5060
2026-04-27T17:38:00.122,7.663,1,3.50,-0.40,0.95,-0.95,1,0.1473,0.1025,-0.1515,0.0758,0.1185,0.0289,-1.66,-4.89,58.98,59.71,460,454,0.98696,0.98696,1.00000,0.98696,3,3,1,10.04052,0.00462,1.09400,-0.1473,-0.1025,0.4515,0.0758,0.1185,0.0289,1.66,-1.53,-4.20,1,1,0.0000,0.0000,0.3000,0.00,0.8300,0.4200,1.0000,6.50,180.00,1.050000,0.000000,0.000000,1.500000,0.000000,0.000000,1.200000,0.000000,0.000000,1.050000,0.000000,0.000000,1.350000,0.060000,0.000000,0.008000,0.000000,0.000600,0.008000,0.000000,0.000600,0.006000,0.000000,0.000000,1,1,1,460,241,378108,378108,208585,169523,0,60.00,12454,3175,451,0,0,0,12462,500.00,500.00,12,2072,0.0000,0.4950,0.5120,0.7000,0.5060
2026-04-27T17:38:00.137,7.678,1,3.50,-0.40,0.95,-0.95,1,0.1459,0.1004,-0.1523,0.0832,0.1211,0.0386,-1.67,0.63,61.14,59.93,461,455,0.98698,0.98698,1.00000,0.98698,3,3,1,10.03179,0.00475,1.09256,-0.1459,-0.1004,0.4523,0.0832,0.1211,0.0386,1.67,-1.37,-4.29,1,1,0.0000,0.0000,0.3000,0.00,0.8300,0.4200,1.0000,6.50,180.00,1.050000,0.000000,0.000000,1.500000,0.000000,0.000000,1.200000,0.000000,0.000000,1.050000,0.000000,0.000000,1.350000,0.060000,0.000000,0.008000,0.000000,0.000600,0.008000,0.000000,0.000600,0.006000,0.000000,0.000000,1,1,1,461,240,378108,378108,208585,169523,0,60.00,12454,3175,451,0,0,0,12462,500.00,500.00,12,2072,0.0000,0.4950,0.5120,0.7000,0.5060
2026-04-27T17:38:00.156,7.697,1,3.50,-0.40,0.95,-0.95,1,0.1441,0.0981,-0.1527,0.0949,0.1310,0.0275,-1.67,0.00,59.75,59.95,462,456,0.98701,0.98701,1.00000,0.98701,3,3,1,9.90155,0.00476,1.09221,-0.1441,-0.0981,0.4527,0.0949,0.1310,0.0275,1.67,-1.44,-4.24,1,1,0.0000,0.0000,0.3000,0.00,0.8300,0.4200,1.0000,6.50,180.00,1.050000,0.000000,0.000000,1.500000,0.000000,0.000000,1.200000,0.000000,0.000000,1.050000,0.000000,0.000000,1.350000,0.060000,0.000000,0.008000,0.000000,0.000600,0.008000,0.000000,0.000600,0.006000,0.000000,0.000000,1,1,1,462,242,378108,378108,208585,169523,0,60.00,12454,3175,451,0,0,0,12462,500.00,500.00,12,2072,0.0000,0.4950,0.5120,0.7000,0.5060
2026-04-27T17:38:00.172,7.713,1,3.50,-0.40,0.95,-0.95,1,0.1424,0.0958,-0.1531,0.0980,0.1335,0.0260,-1.62,-3.01,57.97,59.88,463,457,0.98704,0.98704,1.00000,0.98704,3,3,1,9.79791,0.00466,1.09159,-0.1424,-0.0958,0.4531,0.0980,0.1335,0.0260,1.62,-1.30,-4.32,1,1,0.0000,0.0000,0.3000,0.00,0.8300,0.4200,1.0000,6.50,180.00,1.050000,0.000000,0.000000,1.500000,0.000000,0.000000,1.200000,0.000000,0.000000,1.050000,0.000000,0.000000,1.350000,0.060000,0.000000,0.008000,0.000000,0.000600,0.008000,0.000000,0.000600,0.006000,0.000000,0.000000,1,1,1,463,241,378108,378108,208585,169523,0,60.00,12454,3175,451,0,0,0,12462,500.00,500.00,12,2072,0.0000,0.4950,0.5120,0.7000,0.5060
2026-04-27T17:38:00.189,7.730,1,3.50,-0.40,0.95,-0.95,1,0.1406,0.0935,-0.1534,0.1061,0.1391,0.0213,-1.57,-2.98,60.18,60.00,464,458,0.98707,0.98707,1.00000,0.98707,3,3,1,9.79122,0.00459,1.09302,-0.1406,-0.0935,0.4534,0.1061,0.1391,0.0213,1.57,-1.28,-4.31,1,1,0.0000,0.0000,0.3000,0.00,0.8300,0.4200,1.0000,6.50,180.00,1.050000,0.000000,0.000000,1.500000,0.000000,0.000000,1.200000,0.000000,0.000000,1.050000,0.000000,0.000000,1.350000,0.060000,0.000000,0.008000,0.000000,0.000600,0.008000,0.000000,0.000600,0.006000,0.000000,0.000000,1,1,1,464,242,378108,378108,208585,169523,0,60.00,12454,3175,451,0,0,0,12462,500.00,500.00,12,2072,0.0000,0.4950,0.5120,0.7000,0.5060
2026-04-27T17:38:00.205,7.746,1,3.40,-0.50,-0.95,-1.01,1,0.1385,0.0911,-0.1537,0.1191,0.1448,0.0198,-1.54,-1.86,61.97,60.08,465,459,0.98710,0.98710,1.00000,0.98710,3,3,1,9.66298,0.00455,1.09072,-0.1385,-0.0911,0.4537,0.1191,0.1448,0.0198,1.54,-1.25,-4.31,1,1,0.0000,0.0000,0.3000,0.00,0.8300,0.4200,1.0000,6.50,180.00,1.050000,0.000000,0.000000,1.500000,0.000000,0.000000,1.200000,0.000000,0.000000,1.050000,0.000000,0.000000,1.350000,0.060000,0.000000,0.008000,0.000000,0.000600,0.008000,0.000000,0.000600,0.006000,0.000000,0.000000,1,1,1,465,241,378108,378108,208585,169523,0,60.00,12454,3175,451,0,0,0,12462,500.00,500.00,12,2072,0.0000,0.4950,0.5120,0.7000,0.5060
2026-04-27T17:38:00.222,7.763,1,3.40,-0.50,-0.95,-1.01,1,0.1364,0.0885,-0.1539,0.1259,0.1535,0.0154,-1.51,-1.72,60.09,60.10,466,460,0.98712,0.98712,1.00000,0.98712,3,3,1,9.65635,0.00471,1.08948,-0.1364,-0.0885,0.4539,0.1259,0.1535,0.0154,1.51,-1.34,-4.28,1,1,0.0000,0.0000,0.3000,0.00,0.8300,0.4200,1.0000,6.50,180.00,1.050000,0.000000,0.000000,1.500000,0.000000,0.000000,1.200000,0.000000,0.000000,1.050000,0.000000,0.000000,1.350000,0.060000,0.000000,0.008000,0.000000,0.000600,0.008000,0.000000,0.000600,0.006000,0.000000,0.000000,1,1,1,466,242,378108,378108,208585,169523,0,60.00,12454,3175,451,0,0,0,12462,500.00,500.00,12,2072,0.0000,0.4950,0.5120,0.7000,0.5060
2026-04-27T17:38:00.238,7.779,1,3.40,-0.50,-0.95,-1.01,1,0.1341,0.0856,-0.1539,0.1313,0.1636,0.0000,-1.44,-4.20,60.25,60.08,467,461,0.98715,0.98715,1.00000,0.98715,3,3,1,9.56704,0.00458,1.08514,-0.1341,-0.0856,0.4539,0.1313,0.1636,0.0000,1.44,-1.35,-4.16,1,1,0.0000,0.0000,0.3000,0.00,0.8300,0.4200,1.0000,6.50,180.00,1.050000,0.000000,0.000000,1.500000,0.000000,0.000000,1.200000,0.000000,0.000000,1.050000,0.000000,0.000000,1.350000,0.060000,0.000000,0.008000,0.000000,0.000600,0.008000,0.000000,0.000600,0.006000,0.000000,0.000000,1,1,1,467,238,378108,378108,208585,169523,0,60.00,12454,3175,451,0,0,0,12462,500.00,500.00,12,2072,0.0000,0.4950,0.5120,0.7000,0.5060
2026-04-27T17:38:00.256,7.797,1,3.40,-0.50,-0.95,-1.01,1,0.1318,0.0828,-0.1536,0.1314,0.1615,0.0000,-1.44,0.00,60.06,60.37,468,462,0.98718,0.98718,1.00000,0.98718,3,3,1,9.44958,0.00451,1.08772,-0.1318,-0.0828,0.4536,0.1314,0.1615,0.0000,1.44,-1.24,-4.13,1,1,0.0000,0.0000,0.3000,0.00,0.8300,0.4200,1.0000,6.50,180.00,1.050000,0.000000,0.000000,1.500000,0.000000,0.000000,1.200000,0.000000,0.000000,1.050000,0.000000,0.000000,1.350000,0.060000,0.000000,0.008000,0.000000,0.000600,0.008000,0.000000,0.000600,0.006000,0.000000,0.000000,1,1,1,468,238,378108,378108,208585,169523,0,60.00,12454,3175,451,0,0,0,12462,500.00,500.00,12,2072,0.0000,0.4950,0.5120,0.7000,0.5060
2026-04-27T17:38:00.272,7.813,1,3.40,-0.50,-0.95,-1.01,1,0.1294,0.0802,-0.1534,0.1469,0.1663,0.0000,-1.35,-5.77,56.68,60.13,469,463,0.98721,0.98721,1.00000,0.98721,3,3,1,9.48003,0.00444,1.08685,-0.1294,-0.0802,0.4534,0.1469,0.1663,0.0000,1.35,-1.26,-4.21,1,1,0.0000,0.0000,0.3000,0.00,0.8300,0.4200,1.0000,6.50,180.00,1.050000,0.000000,0.000000,1.500000,0.000000,0.000000,1.200000,0.000000,0.000000,1.050000,0.000000,0.000000,1.350000,0.060000,0.000000,0.008000,0.000000,0.000600,0.008000,0.000000,0.000600,0.006000,0.000000,0.000000,1,1,1,469,237,378108,378108,208585,169523,0,60.00,12454,3175,451,0,0,0,12462,500.00,500.00,12,2072,0.0000,0.4950,0.5120,0.7000,0.5060
2026-04-27T17:38:00.289,7.830,1,3.40,-0.50,-0.95,-1.01,1,0.1268,0.0773,-0.1531,0.1564,0.1792,-0.0133,-1.35,0.00,64.05,60.11,470,464,0.98723,0.98723,1.00000,0.98723,3,3,1,9.34490,0.00458,1.08849,-0.1268,-0.0773,0.4531,0.1564,0.1792,-0.0133,1.35,-1.29,-4.17,1,1,0.0000,0.0000,0.3000,0.00,0.8300,0.4200,1.0000,6.50,180.00,1.050000,0.000000,0.000000,1.500000,0.000000,0.000000,1.200000,0.000000,0.000000,1.050000,0.000000,0.000000,1.350000,0.060000,0.000000,0.008000,0.000000,0.000600,0.008000,0.000000,0.000600,0.006000,0.000000,0.000000,1,1,1,470,243,378108,378108,208585,169523,0,60.00,12454,3175,451,0,0,0,12462,500.00,500.00,12,2072,0.0000,0.4950,0.5120,0.7000,0.5060
2026-04-27T17:38:00.307,7.848,1,3.29,-0.60,-1.00,-0.95,1,0.1241,0.0741,-0.1528,0.1510,0.1755,-0.0154,-1.35,0.00,62.98,59.31,471,465,0.98726,0.98726,1.00000,0.98726,3,3,1,9.27264,0.00460,1.08610,-0.1241,-0.0741,0.4528,0.1510,0.1755,-0.0154,1.35,-1.23,-4.13,1,1,0.0000,0.0000,0.3000,0.00,0.8300,0.4200,1.0000,6.50,180.00,1.050000,0.000000,0.000000,1.500000,0.000000,0.000000,1.200000,0.000000,0.000000,1.050000,0.000000,0.000000,1.350000,0.060000,0.000000,0.008000,0.000000,0.000600,0.008000,0.000000,0.000600,0.006000,0.000000,0.000000,1,1,1,471,243,378108,378108,208585,169523,0,60.00,12454,3175,451,0,0,0,12462,500.00,500.00,12,2072,0.0000,0.4950,0.5120,0.7000,0.5060
2026-04-27T17:38:00.322,7.863,1,3.29,-0.60,-1.00,-0.95,1,0.1215,0.0711,-0.1524,0.1614,0.1842,-0.0203,-1.26,-5.87,51.75,59.97,472,466,0.98729,0.98729,1.00000,0.98729,3,3,1,9.38824,0.00453,1.08453,-0.1215,-0.0711,0.4524,0.1614,0.1842,-0.0203,1.26,-1.21,-4.18,1,1,0.0000,0.0000,0.3000,0.00,0.8300,0.4200,1.0000,6.50,180.00,1.050000,0.000000,0.000000,1.500000,0.000000,0.000000,1.200000,0.000000,0.000000,1.050000,0.000000,0.000000,1.350000,0.060000,0.000000,0.008000,0.000000,0.000600,0.008000,0.000000,0.000600,0.006000,0.000000,0.000000,1,1,1,472,242,378108,378108,208585,169523,0,60.00,12454,3175,451,0,0,0,12462,500.00,500.00,12,2072,0.0000,0.4950,0.5120,0.7000,0.5060
2026-04-27T17:38:00.338,7.879,1,3.29,-0.60,-1.00,-0.95,1,0.1185,0.0680,-0.1520,0.1730,0.1880,-0.0240,-1.24,-1.14,67.98,60.69,473,467,0.98732,0.98732,1.00000,0.98732,3,3,1,9.25483,0.00448,1.08501,-0.1185,-0.0680,0.4520,0.1730,0.1880,-0.0240,1.24,-1.26,-4.29,1,1,0.0000,0.0000,0.3000,0.00,0.8300,0.4200,1.0000,6.50,180.00,1.050000,0.000000,0.000000,1.500000,0.000000,0.000000,1.200000,0.000000,0.000000,1.050000,0.000000,0.000000,1.350000,0.060000,0.000000,0.008000,0.000000,0.000600,0.008000,0.000000,0.000600,0.006000,0.000000,0.000000,1,1,1,473,243,378108,378108,208585,169523,0,60.00,12454,3175,451,0,0,0,12462,500.00,500.00,12,2072,0.0000,0.4950,0.5120,0.7000,0.5060
2026-04-27T17:38:00.355,7.896,1,3.29,-0.60,-1.00,-0.95,1,0.1155,0.0645,-0.1515,0.1802,0.2016,-0.0287,-1.15,-5.75,59.57,59.30,474,468,0.98734,0.98734,1.00000,0.98734,3,3,1,9.22824,0.00459,1.08243,-0.1155,-0.0645,0.4515,0.1802,0.2016,-0.0287,1.15,-1.34,-4.24,1,1,0.0000,0.0000,0.3000,0.00,0.8300,0.4200,1.0000,6.50,180.00,1.050000,0.000000,0.000000,1.500000,0.000000,0.000000,1.200000,0.000000,0.000000,1.050000,0.000000,0.000000,1.350000,0.060000,0.000000,0.008000,0.000000,0.000600,0.008000,0.000000,0.000600,0.006000,0.000000,0.000000,1,1,1,474,242,378108,378108,208585,169523,0,60.00,12454,3175,451,0,0,0,12462,500.00,500.00,12,2072,0.0000,0.4950,0.5120,0.7000,0.5060
2026-04-27T17:38:00.372,7.913,1,3.29,-0.60,-1.00,-0.95,1,0.1127,0.0612,-0.1511,0.1765,0.2050,-0.0249,-1.05,-5.78,60.01,60.72,475,469,0.98737,0.98737,1.00000,0.98737,3,3,1,9.22960,0.00450,1.08429,-0.1127,-0.0612,0.4511,0.1765,0.2050,-0.0249,1.05,-1.20,-4.29,1,1,0.0000,0.0000,0.3000,0.00,0.8300,0.4200,1.0000,6.50,180.00,1.050000,0.000000,0.000000,1.500000,0.000000,0.000000,1.200000,0.000000,0.000000,1.050000,0.000000,0.000000,1.350000,0.060000,0.000000,0.008000,0.000000,0.000600,0.008000,0.000000,0.000600,0.006000,0.000000,0.000000,1,1,1,475,242,378108,378108,208585,169523,0,60.00,12454,3175,451,0,0,0,12462,500.00,500.00,12,2072,0.0000,0.4950,0.5120,0.7000,0.5060
2026-04-27T17:38:00.389,7.930,1,3.29,-0.60,-1.00,-0.95,1,0.1093,0.0574,-0.1510,0.1875,0.2139,-0.0157,-0.99,-3.70,60.13,59.38,476,470,0.98739,0.98739,1.00000,0.98739,3,3,1,9.06846,0.00454,1.07756,-0.1093,-0.0574,0.4510,0.1875,0.2139,-0.0157,0.99,-1.25,-4.12,1,1,0.0000,0.0000,0.3000,0.00,0.8300,0.4200,1.0000,6.50,180.00,1.050000,0.000000,0.000000,1.500000,0.000000,0.000000,1.200000,0.000000,0.000000,1.050000,0.000000,0.000000,1.350000,0.060000,0.000000,0.008000,0.000000,0.000600,0.008000,0.000000,0.000600,0.006000,0.000000,0.000000,1,1,1,476,243,378108,378108,208585,169523,0,60.00,12454,3175,451,0,0,0,12462,500.00,500.00,12,2072,0.0000,0.4950,0.5120,0.7000,0.5060
2026-04-27T17:38:00.403,7.944,1,3.29,-0.60,-1.00,-0.95,1,0.1062,0.0540,-0.1507,0.1896,0.2057,-0.0195,-0.94,-3.16,58.97,59.95,477,471,0.98742,0.98742,1.00000,0.98742,3,3,1,8.94771,0.00451,1.08316,-0.1062,-0.0540,0.4507,0.1896,0.2057,-0.0195,0.94,-1.28,-4.19,1,1,0.0000,0.0000,0.3000,0.00,0.8300,0.4200,1.0000,6.50,180.00,1.050000,0.000000,0.000000,1.500000,0.000000,0.000000,1.200000,0.000000,0.000000,1.050000,0.000000,0.000000,1.350000,0.060000,0.000000,0.008000,0.000000,0.000600,0.008000,0.000000,0.000600,0.006000,0.000000,0.000000,1,1,1,477,242,378108,378108,208585,169523,0,60.00,12454,3175,451,0,0,0,12462,500.00,500.00,12,2072,0.0000,0.4950,0.5120,0.7000,0.5060
2026-04-27T17:38:00.420,7.961,1,3.29,-0.60,-1.00,-0.95,1,0.1029,0.0503,-0.1505,0.1983,0.2230,-0.0131,-0.87,-4.30,60.99,59.88,478,472,0.98745,0.98745,1.00000,0.98745,3,3,1,8.89227,0.00445,1.08104,-0.1029,-0.0503,0.4505,0.1983,0.2230,-0.0131,0.87,-1.26,-4.17,1,1,0.0000,0.0000,0.3000,0.00,0.8300,0.4200,1.0000,6.50,180.00,1.050000,0.000000,0.000000,1.500000,0.000000,0.000000,1.200000,0.000000,0.000000,1.050000,0.000000,0.000000,1.350000,0.060000,0.000000,0.008000,0.000000,0.000600,0.008000,0.000000,0.000600,0.006000,0.000000,0.000000,1,1,1,478,242,378108,378108,208585,169523,0,60.00,12454,3175,451,0,0,0,12462,500.00,500.00,12,2072,0.0000,0.4950,0.5120,0.7000,0.5060
2026-04-27T17:38:00.439,7.980,1,3.29,-0.60,-1.00,-0.95,1,0.0993,0.0466,-0.1505,0.2054,0.2199,0.0000,-0.86,-0.55,57.14,81.46,479,473,0.98747,0.98747,1.00000,0.98747,3,3,1,8.80001,0.00454,1.08063,-0.0993,-0.0466,0.4505,0.2054,0.2199,0.0000,0.86,-1.34,-4.29,1,1,0.0000,0.0000,0.3000,0.00,0.8300,0.4200,1.0000,6.50,180.00,1.050000,0.000000,0.000000,1.500000,0.000000,0.000000,1.200000,0.000000,0.000000,1.050000,0.000000,0.000000,1.350000,0.060000,0.000000,0.008000,0.000000,0.000600,0.008000,0.000000,0.000600,0.006000,0.000000,0.000000,1,1,1,479,237,378108,378108,208585,169523,0,60.00,12454,3175,451,0,0,0,12462,500.00,500.00,12,2072,0.0000,0.4950,0.5120,0.7000,0.5060
2026-04-27T17:38:00.455,7.996,1,3.29,-0.60,-1.00,-0.95,1,0.0958,0.0426,-0.1507,0.2112,0.2335,0.0000,-0.82,-2.44,65.45,47.57,480,474,0.98750,0.98750,1.00000,0.98750,3,3,1,8.71829,0.00453,1.07663,-0.0958,-0.0426,0.4507,0.2112,0.2335,0.0000,0.82,-1.50,-4.12,1,1,0.0000,0.0000,0.3000,0.00,0.8300,0.4200,1.0000,6.50,180.00,1.050000,0.000000,0.000000,1.500000,0.000000,0.000000,1.200000,0.000000,0.000000,1.050000,0.000000,0.000000,1.350000,0.060000,0.000000,0.008000,0.000000,0.000600,0.008000,0.000000,0.000600,0.006000,0.000000,0.000000,1,1,1,480,237,378108,378108,208585,169523,0,60.00,12454,3175,451,0,0,0,12462,500.00,500.00,12,2072,0.0000,0.4950,0.5120,0.7000,0.5060
2026-04-27T17:38:00.473,8.014,1,3.29,-0.60,-1.00,-0.95,1,0.0922,0.0386,-0.1508,0.2161,0.2390,0.0000,-0.79,-1.71,57.46,60.18,481,475,0.98753,0.98753,1.00000,0.98753,3,3,1,8.62059,0.00442,1.07763,-0.0922,-0.0386,0.4508,0.2161,0.2390,0.0000,0.79,-1.30,-4.21,1,1,0.0000,0.0000,0.3000,0.00,0.8300,0.4200,1.0000,6.50,180.00,1.050000,0.000000,0.000000,1.500000,0.000000,0.000000,1.200000,0.000000,0.000000,1.050000,0.000000,0.000000,1.350000,0.060000,0.000000,0.008000,0.000000,0.000600,0.008000,0.000000,0.000600,0.006000,0.000000,0.000000,1,1,1,481,237,378108,378108,208585,169523,0,60.00,12454,3175,451,0,0,0,12462,500.00,500.00,12,2072,0.0000,0.4950,0.5120,0.7000,0.5060
2026-04-27T17:38:00.488,8.029,1,3.29,-0.60,-1.00,-0.95,1,0.0884,0.0347,-0.1510,0.2229,0.2395,0.0000,-0.66,-7.82,58.58,62.38,482,476,0.98755,0.98755,1.00000,0.98755,3,3,1,8.54804,0.00442,1.07724,-0.0884,-0.0347,0.4510,0.2229,0.2395,0.0000,0.66,-1.32,-4.10,1,1,0.0000,0.0000,0.3000,0.00,0.8300,0.4200,1.0000,6.50,180.00,1.050000,0.000000,0.000000,1.500000,0.000000,0.000000,1.200000,0.000000,0.000000,1.050000,0.000000,0.000000,1.350000,0.060000,0.000000,0.008000,0.000000,0.000600,0.008000,0.000000,0.000600,0.006000,0.000000,0.000000,1,1,1,482,237,378108,378108,208585,169523,0,60.00,12454,3175,451,0,0,0,12462,500.00,500.00,12,2072,0.0000,0.4950,0.5120,0.7000,0.5060
2026-04-27T17:38:00.506,8.047,1,3.29,-0.60,-1.00,-0.95,1,0.0846,0.0304,-0.1514,0.2288,0.2490,0.0155,-0.65,-0.60,60.62,57.62,483,477,0.98758,0.98758,1.00000,0.98758,3,3,1,8.45563,0.00449,1.07421,-0.0846,-0.0304,0.4514,0.2288,0.2490,0.0155,0.65,-1.39,-3.99,1,1,0.0000,0.0000,0.3000,0.00,0.8300,0.4200,1.0000,6.50,180.00,1.050000,0.000000,0.000000,1.500000,0.000000,0.000000,1.200000,0.000000,0.000000,1.050000,0.000000,0.000000,1.350000,0.060000,0.000000,0.008000,0.000000,0.000600,0.008000,0.000000,0.000600,0.006000,0.000000,0.000000,1,1,1,483,241,378108,378108,208585,169523,0,60.00,12454,3175,451,0,0,0,12462,500.00,500.00,12,2072,0.0000,0.4950,0.5120,0.7000,0.5060
2026-04-27T17:38:00.522,8.063,1,3.00,-0.40,-2.95,1.02,1,0.0809,0.0263,-0.1516,0.2250,0.2494,0.0111,-0.62,-1.86,61.80,60.01,484,478,0.98760,0.98760,1.00000,0.98760,3,3,1,8.33180,0.00440,1.07965,-0.0809,-0.0263,0.4516,0.2250,0.2494,0.0111,0.62,-1.27,-4.03,1,1,0.0000,0.0000,0.3000,0.00,0.8300,0.4200,1.0000,6.50,180.00,1.050000,0.000000,0.000000,1.500000,0.000000,0.000000,1.200000,0.000000,0.000000,1.050000,0.000000,0.000000,1.350000,0.060000,0.000000,0.008000,0.000000,0.000600,0.008000,0.000000,0.000600,0.006000,0.000000,0.000000,1,1,1,484,242,378108,378108,208585,169523,0,60.00,12454,3175,451,0,0,0,12462,500.00,500.00,12,2072,0.0000,0.4950,0.5120,0.7000,0.5060
2026-04-27T17:38:00.538,8.079,1,3.00,-0.40,-2.95,1.02,1,0.0770,0.0219,-0.1516,0.2337,0.2617,0.0000,-0.63,0.58,61.23,66.60,485,479,0.98763,0.98763,1.00000,0.98763,3,3,1,8.25629,0.00445,1.07844,-0.0770,-0.0219,0.4516,0.2337,0.2617,0.0000,0.63,-1.28,-3.98,1,1,0.0000,0.0000,0.3000,0.00,0.8300,0.4200,1.0000,6.50,180.00,1.050000,0.000000,0.000000,1.500000,0.000000,0.000000,1.200000,0.000000,0.000000,1.050000,0.000000,0.000000,1.350000,0.060000,0.000000,0.008000,0.000000,0.000600,0.008000,0.000000,0.000600,0.006000,0.000000,0.000000,1,1,1,485,238,378108,378108,208585,169523,0,60.00,12454,3175,451,0,0,0,12462,500.00,500.00,12,2072,0.0000,0.4950,0.5120,0.7000,0.5060
2026-04-27T17:38:00.555,8.096,1,3.00,-0.40,-2.95,1.02,1,0.0729,0.0177,-0.1521,0.2426,0.2567,0.0187,-0.65,1.28,58.84,73.39,486,480,0.98765,0.98765,1.00000,0.98765,3,3,1,8.18258,0.00449,1.07605,-0.0729,-0.0177,0.4521,0.2426,0.2567,0.0187,0.65,-1.28,-3.88,1,1,0.0000,0.0000,0.3000,0.00,0.8300,0.4200,1.0000,6.50,180.00,1.050000,0.000000,0.000000,1.500000,0.000000,0.000000,1.200000,0.000000,0.000000,1.050000,0.000000,0.000000,1.350000,0.060000,0.000000,0.008000,0.000000,0.000600,0.008000,0.000000,0.000600,0.006000,0.000000,0.000000,1,1,1,486,242,378108,378108,208585,169523,0,60.00,12454,3175,451,0,0,0,12462,500.00,500.00,12,2072,0.0000,0.4950,0.5120,0.7000,0.5060
2026-04-27T17:38:00.572,8.113,1,3.00,-0.40,-2.95,1.02,1,0.0688,0.0133,-0.1524,0.2466,0.2625,0.0166,-0.61,-2.26,60.13,46.88,487,481,0.98768,0.98768,1.00000,0.98768,3,3,1,8.14114,0.00427,1.07451,-0.0688,-0.0133,0.4524,0.2466,0.2625,0.0166,0.61,-1.20,-3.97,1,1,0.0000,0.0000,0.3000,0.00,0.8300,0.4200,1.0000,6.50,180.00,1.050000,0.000000,0.000000,1.500000,0.000000,0.000000,1.200000,0.000000,0.000000,1.050000,0.000000,0.000000,1.350000,0.060000,0.000000,0.008000,0.000000,0.000600,0.008000,0.000000,0.000600,0.006000,0.000000,0.000000,1,1,1,487,241,378108,378108,208585,169523,0,60.00,12454,3175,451,0,0,0,12462,500.00,500.00,12,2072,0.0000,0.4950,0.5120,0.7000,0.5060
2026-04-27T17:38:00.585,8.126,1,3.00,-0.40,-2.95,1.02,1,0.0647,0.0089,-0.1525,0.2578,0.2762,0.0000,-0.58,-2.22,59.81,60.50,488,482,0.98770,0.98770,1.00000,0.98770,3,3,1,8.05946,0.00448,1.07368,-0.0647,-0.0089,0.4525,0.2578,0.2762,0.0000,0.58,-1.32,-3.92,1,1,0.0000,0.0000,0.3000,0.00,0.8300,0.4200,1.0000,6.50,180.00,1.050000,0.000000,0.000000,1.500000,0.000000,0.000000,1.200000,0.000000,0.000000,1.050000,0.000000,0.000000,1.350000,0.060000,0.000000,0.008000,0.000000,0.000600,0.008000,0.000000,0.000600,0.006000,0.000000,0.000000,1,1,1,488,238,378108,378108,208585,169523,0,60.00,12454,3175,451,0,0,0,12462,500.00,500.00,12,2072,0.0000,0.4950,0.5120,0.7000,0.5060
2026-04-27T17:38:00.605,8.146,1,3.00,-0.40,-2.95,1.02,1,0.0605,0.0042,-0.1525,0.2397,0.2642,0.0000,-0.52,-3.03,80.09,59.33,489,483,0.98773,0.98773,1.00000,0.98773,3,3,1,7.95843,0.00450,1.07508,-0.0605,-0.0042,0.4525,0.2397,0.2642,0.0000,0.52,-1.24,-3.86,1,1,0.0000,0.0000,0.3000,0.00,0.8300,0.4200,1.0000,6.50,180.00,1.050000,0.000000,0.000000,1.500000,0.000000,0.000000,1.200000,0.000000,0.000000,1.050000,0.000000,0.000000,1.350000,0.060000,0.000000,0.008000,0.000000,0.000600,0.008000,0.000000,0.000600,0.006000,0.000000,0.000000,1,1,1,489,236,378108,378108,208585,169523,0,60.00,12454,3175,451,0,0,0,12462,500.00,500.00,12,2072,0.0000,0.4950,0.5120,0.7000,0.5060
2026-04-27T17:38:00.622,8.163,1,3.00,-0.40,-2.95,1.02,1,0.0564,-0.0002,-0.1526,0.2532,0.2713,0.0000,-0.48,-2.44,50.48,199.91,490,484,0.98776,0.98776,1.00000,0.98776,3,3,1,7.93764,0.00450,1.07682,-0.0564,0.0002,0.4526,0.2532,0.2713,0.0000,0.48,-1.16,-3.86,1,1,0.0000,0.0000,0.3000,0.00,0.8300,0.4200,1.0000,6.50,180.00,1.050000,0.000000,0.000000,1.500000,0.000000,0.000000,1.200000,0.000000,0.000000,1.050000,0.000000,0.000000,1.350000,0.060000,0.000000,0.008000,0.000000,0.000600,0.008000,0.000000,0.000600,0.006000,0.000000,0.000000,1,1,1,490,233,378108,378108,208585,169523,0,60.00,12454,3175,451,0,0,0,12462,500.00,500.00,12,2072,0.0000,0.4950,0.5120,0.7000,0.5060
2026-04-27T17:38:00.639,8.180,1,3.00,-0.40,-2.95,1.02,1,0.0519,-0.0048,-0.1526,0.2643,0.2751,0.0000,-0.51,1.84,57.43,35.33,491,485,0.98778,0.98778,1.00000,0.98778,3,3,1,7.82635,0.00436,1.07176,-0.0519,0.0048,0.4526,0.2643,0.2751,0.0000,0.51,-1.35,-3.71,1,1,0.0000,0.0000,0.3000,0.00,0.8300,0.4200,1.0000,6.50,180.00,1.050000,0.000000,0.000000,1.500000,0.000000,0.000000,1.200000,0.000000,0.000000,1.050000,0.000000,0.000000,1.350000,0.060000,0.000000,0.008000,0.000000,0.000600,0.008000,0.000000,0.000600,0.006000,0.000000,0.000000,1,1,1,491,237,378108,378108,208585,169523,0,60.00,12454,3175,451,0,0,0,12462,500.00,500.00,12,2072,0.0000,0.4950,0.5120,0.7000,0.5060
2026-04-27T17:38:00.655,8.196,1,3.00,-0.40,-2.95,1.02,1,0.0473,-0.0095,-0.1524,0.2661,0.2767,0.0000,-0.45,-3.46,58.00,60.04,492,486,0.98780,0.98780,1.00000,0.98780,3,3,1,7.83228,0.00435,1.06913,-0.0473,0.0095,0.4524,0.2661,0.2767,0.0000,0.45,-1.45,-3.72,1,1,0.0000,0.0000,0.3000,0.00,0.8300,0.4200,1.0000,6.50,180.00,1.050000,0.000000,0.000000,1.500000,0.000000,0.000000,1.200000,0.000000,0.000000,1.050000,0.000000,0.000000,1.350000,0.060000,0.000000,0.008000,0.000000,0.000600,0.008000,0.000000,0.000600,0.006000,0.000000,0.000000,1,1,1,492,237,378108,378108,208585,169523,0,60.00,12454,3175,451,0,0,0,12462,500.00,500.00,12,2072,0.0000,0.4950,0.5120,0.7000,0.5060
2026-04-27T17:38:00.672,8.213,1,3.00,0.10,0.00,4.78,1,0.0432,-0.0141,-0.1524,0.2657,0.2873,0.0000,-0.39,-3.60,60.03,60.08,493,487,0.98783,0.98783,1.00000,0.98783,3,3,1,7.70302,0.00425,1.07308,-0.0432,0.0141,0.4524,0.2657,0.2873,0.0000,0.39,-1.23,-3.75,1,1,0.0000,0.0000,0.3000,0.00,0.8300,0.4200,1.0000,6.50,180.00,1.050000,0.000000,0.000000,1.500000,0.000000,0.000000,1.200000,0.000000,0.000000,1.050000,0.000000,0.000000,1.350000,0.060000,0.000000,0.008000,0.000000,0.000600,0.008000,0.000000,0.000600,0.006000,0.000000,0.000000,1,1,1,493,237,378108,378108,208585,169523,0,60.00,12454,3175,451,0,0,0,12462,500.00,500.00,12,2072,0.0000,0.4950,0.5120,0.7000,0.5060
2026-04-27T17:38:00.686,8.227,1,3.00,0.10,0.00,4.78,1,0.0386,-0.0189,-0.1520,0.2770,0.2921,-0.0164,-0.40,0.70,61.07,59.92,494,488,0.98785,0.98785,1.00000,0.98785,3,3,1,7.67930,0.00437,1.07303,-0.0386,0.0189,0.4520,0.2770,0.2921,-0.0164,0.40,-1.41,-3.69,1,1,0.0000,0.0000,0.3000,0.00,0.8300,0.4200,1.0000,6.50,180.00,1.050000,0.000000,0.000000,1.500000,0.000000,0.000000,1.200000,0.000000,0.000000,1.050000,0.000000,0.000000,1.350000,0.060000,0.000000,0.008000,0.000000,0.000600,0.008000,0.000000,0.000600,0.006000,0.000000,0.000000,1,1,1,494,241,378108,378108,208585,169523,0,60.00,12454,3175,451,0,0,0,12462,500.00,500.00,12,2072,0.0000,0.4950,0.5120,0.7000,0.5060
2026-04-27T17:38:00.705,8.246,1,3.00,0.10,0.00,4.78,1,0.0339,-0.0236,-0.1519,0.2761,0.2853,0.0000,-0.31,-4.79,75.14,130.48,495,489,0.98788,0.98788,1.00000,0.98788,3,3,1,7.78560,0.00418,1.06650,-0.0339,0.0236,0.4519,0.2761,0.2853,0.0000,0.31,-1.43,-3.64,1,1,0.0000,0.0000,0.3000,0.00,0.8300,0.4200,1.0000,6.50,180.00,1.050000,0.000000,0.000000,1.500000,0.000000,0.000000,1.200000,0.000000,0.000000,1.050000,0.000000,0.000000,1.350000,0.060000,0.000000,0.008000,0.000000,0.000600,0.008000,0.000000,0.000600,0.006000,0.000000,0.000000,1,1,1,495,237,378108,378108,208585,169523,0,60.00,12454,3175,451,0,0,0,12462,500.00,500.00,12,2072,0.0000,0.4950,0.5120,0.7000,0.5060
2026-04-27T17:38:00.722,8.263,1,2.80,0.30,-1.97,1.97,1,0.0293,-0.0284,-0.1519,0.2748,0.2826,0.0000,-0.23,-4.84,53.23,54.58,496,490,0.98790,0.98790,1.00000,0.98790,3,3,1,7.57675,0.00431,1.06535,-0.0293,0.0284,0.4519,0.2748,0.2826,0.0000,0.23,-1.33,-3.53,1,1,0.0000,0.0000,0.3000,0.00,0.8300,0.4200,1.0000,6.50,180.00,1.050000,0.000000,0.000000,1.500000,0.000000,0.000000,1.200000,0.000000,0.000000,1.050000,0.000000,0.000000,1.350000,0.060000,0.000000,0.008000,0.000000,0.000600,0.008000,0.000000,0.000600,0.006000,0.000000,0.000000,1,1,1,496,237,378108,378108,208585,169523,0,60.00,12454,3175,451,0,0,0,12462,500.00,500.00,12,2072,0.0000,0.4950,0.5120,0.7000,0.5060
2026-04-27T17:38:00.738,8.279,1,2.80,0.30,-1.97,1.97,1,0.0245,-0.0331,-0.1514,0.2895,0.2933,-0.0196,-0.17,-3.53,56.96,41.67,497,491,0.98793,0.98793,1.00000,0.98793,3,3,1,7.62620,0.00440,1.07058,-0.0245,0.0331,0.4514,0.2895,0.2933,-0.0196,0.17,-1.57,-3.42,1,1,0.0000,0.0000,0.3000,0.00,0.8300,0.4200,1.0000,6.50,180.00,1.050000,0.000000,0.000000,1.500000,0.000000,0.000000,1.200000,0.000000,0.000000,1.050000,0.000000,0.000000,1.350000,0.060000,0.000000,0.008000,0.000000,0.000600,0.008000,0.000000,0.000600,0.006000,0.000000,0.000000,1,1,1,497,241,378108,378108,208585,169523,0,60.00,12454,3175,451,0,0,0,12462,500.00,500.00,12,2072,0.0000,0.4950,0.5120,0.7000,0.5060
2026-04-27T17:38:00.755,8.296,1,2.80,0.30,-1.97,1.97,1,0.0196,-0.0376,-0.1512,0.2922,0.2782,-0.0130,-0.10,-4.19,58.92,92.61,498,492,0.98795,0.98795,1.00000,0.98795,3,3,1,7.52716,0.00455,1.07019,-0.0196,0.0376,0.4512,0.2922,0.2782,-0.0130,0.10,-1.72,-3.52,1,1,0.0000,0.0000,0.3000,0.00,0.8300,0.4200,1.0000,6.50,180.00,1.050000,0.000000,0.000000,1.500000,0.000000,0.000000,1.200000,0.000000,0.000000,1.050000,0.000000,0.000000,1.350000,0.060000,0.000000,0.008000,0.000000,0.000600,0.008000,0.000000,0.000600,0.006000,0.000000,0.000000,1,1,1,498,240,378108,378108,208585,169523,0,60.00,12454,3175,451,0,0,0,12462,500.00,500.00,12,2072,0.0000,0.4950,0.5120,0.7000,0.5060
2026-04-27T17:38:00.774,8.315,1,2.80,0.30,-1.97,1.97,1,0.0147,-0.0424,-0.1511,0.2871,0.2794,-0.0104,-0.11,0.57,59.86,44.36,499,493,0.98798,0.98798,1.00000,0.98798,3,3,1,7.58347,0.00446,1.06905,-0.0147,0.0424,0.4511,0.2871,0.2794,-0.0104,0.11,-1.88,-3.46,1,1,0.0000,0.0000,0.3000,0.00,0.8300,0.4200,1.0000,6.50,180.00,1.050000,0.000000,0.000000,1.500000,0.000000,0.000000,1.200000,0.000000,0.000000,1.050000,0.000000,0.000000,1.350000,0.060000,0.000000,0.008000,0.000000,0.000600,0.008000,0.000000,0.000600,0.006000,0.000000,0.000000,1,1,1,499,241,378108,378108,208585,169523,0,60.00,12454,3175,451,0,0,0,12462,500.00,500.00,12,2072,0.0000,0.4950,0.5120,0.7000,0.5060
2026-04-27T17:38:00.784,8.325,1,2.80,0.30,-1.97,1.97,1,0.0101,-0.0471,-0.1509,0.3162,0.3203,-0.0165,0.03,-11.91,53.68,60.02,500,494,0.98800,0.98800,1.00000,0.98800,3,3,1,7.40760,0.00440,1.07223,-0.0101,0.0471,0.4509,0.3162,0.3203,-0.0165,-0.03,-1.90,-3.41,1,1,0.0000,0.0000,0.3000,0.00,0.8300,0.4200,1.0000,6.50,180.00,1.050000,0.000000,0.000000,1.500000,0.000000,0.000000,1.200000,0.000000,0.000000,1.050000,0.000000,0.000000,1.350000,0.060000,0.000000,0.008000,0.000000,0.000600,0.008000,0.000000,0.000600,0.006000,0.000000,0.000000,1,1,1,500,240,378108,378108,208585,169523,0,60.00,12454,3175,451,0,0,0,12462,500.00,500.00,12,2072,0.0000,0.4950,0.5120,0.7000,0.5060
2026-04-27T17:38:00.804,8.345,1,2.80,0.30,-1.97,1.97,1,0.0048,-0.0522,-0.1510,0.3007,0.2951,0.0000,0.07,-1.99,102.58,139.69,501,495,0.98802,0.98802,1.00000,0.98802,3,3,1,7.39181,0.00420,1.06474,-0.0048,0.0522,0.4510,0.3007,0.2951,0.0000,-0.07,-2.02,-3.20,1,1,0.0000,0.0000,0.3000,0.00,0.8300,0.4200,1.0000,6.50,180.00,1.050000,0.000000,0.000000,1.500000,0.000000,0.000000,1.200000,0.000000,0.000000,1.050000,0.000000,0.000000,1.350000,0.060000,0.000000,0.008000,0.000000,0.000600,0.008000,0.000000,0.000600,0.006000,0.000000,0.000000,1,1,1,501,237,378108,378108,208585,169523,0,60.00,12454,3175,451,0,0,0,12462,500.00,500.00,12,2072,0.0000,0.4950,0.5120,0.7000,0.5060
2026-04-27T17:38:00.823,8.364,1,2.80,0.30,-1.97,1.97,1,-0.0001,-0.0572,-0.1507,0.2955,0.2979,-0.0141,0.14,-4.07,49.77,43.58,502,496,0.98805,0.98805,1.00000,0.98805,3,3,1,7.36275,0.00437,1.06324,0.0001,0.0572,0.4507,0.2955,0.2979,-0.0141,-0.14,-2.09,-3.20,1,1,0.0000,0.0000,0.3000,0.00,0.8300,0.4200,1.0000,6.50,180.00,1.050000,0.000000,0.000000,1.500000,0.000000,0.000000,1.200000,0.000000,0.000000,1.050000,0.000000,0.000000,1.350000,0.060000,0.000000,0.008000,0.000000,0.000600,0.008000,0.000000,0.000600,0.006000,0.000000,0.000000,1,1,1,502,237,378108,378108,208585,169523,0,60.00,12454,3175,451,0,0,0,12462,500.00,500.00,12,2072,0.0000,0.4950,0.5120,0.7000,0.5060
2026-04-27T17:38:00.838,8.379,1,2.80,0.30,-1.97,1.97,1,-0.0050,-0.0620,-0.1506,0.2991,0.2923,0.0000,0.20,-3.61,54.97,50.23,503,497,0.98807,0.98807,1.00000,0.98807,3,3,1,7.32312,0.00451,1.06468,0.0050,0.0620,0.4506,0.2991,0.2923,0.0000,-0.20,-2.22,-2.99,1,1,0.0000,0.0000,0.3000,0.00,0.8300,0.4200,1.0000,6.50,180.00,1.050000,0.000000,0.000000,1.500000,0.000000,0.000000,1.200000,0.000000,0.000000,1.050000,0.000000,0.000000,1.350000,0.060000,0.000000,0.008000,0.000000,0.000600,0.008000,0.000000,0.000600,0.006000,0.000000,0.000000,1,1,1,503,236,378108,378108,208585,169523,0,60.00,12454,3175,451,0,0,0,12462,500.00,500.00,12,2072,0.0000,0.4950,0.5120,0.7000,0.5060
2026-04-27T17:38:00.855,8.396,1,2.80,0.30,-1.97,1.97,1,-0.0101,-0.0664,-0.1506,0.3051,0.2809,0.0000,0.27,-4.47,60.08,60.06,504,498,0.98810,0.98810,1.00000,0.98810,3,3,1,7.36583,0.00448,1.06561,0.0101,0.0664,0.4506,0.3051,0.2809,0.0000,-0.27,-2.36,-3.00,1,1,0.0000,0.0000,0.3000,0.00,0.8300,0.4200,1.0000,6.50,180.00,1.050000,0.000000,0.000000,1.500000,0.000000,0.000000,1.200000,0.000000,0.000000,1.050000,0.000000,0.000000,1.350000,0.060000,0.000000,0.008000,0.000000,0.000600,0.008000,0.000000,0.000600,0.006000,0.000000,0.000000,1,1,1,504,233,378168,378168,208644,169523,0,60.00,12514,3284,451,0,0,0,12462,500.00,500.00,12,2072,0.0000,0.4950,0.5120,0.7000,0.5060
2026-04-27T17:38:00.873,8.414,1,2.80,0.30,-1.97,1.97,1,-0.0152,-0.0713,-0.1504,0.3090,0.2936,0.0000,0.26,0.57,60.00,60.02,505,499,0.98812,0.98812,1.00000,0.98812,3,3,1,7.27124,0.00443,1.06450,0.0152,0.0713,0.4504,0.3090,0.2936,0.0000,-0.26,-2.50,-2.86,1,1,0.0000,0.0000,0.3000,0.00,0.8300,0.4200,1.0000,6.50,180.00,1.050000,0.000000,0.000000,1.500000,0.000000,0.000000,1.200000,0.000000,0.000000,1.050000,0.000000,0.000000,1.350000,0.060000,0.000000,0.008000,0.000000,0.000600,0.008000,0.000000,0.000600,0.006000,0.000000,0.000000,1,1,1,505,235,378168,378168,208644,169523,0,60.00,12514,3284,451,0,0,0,12462,500.00,500.00,12,2072,0.0000,0.4950,0.5120,0.7000,0.5060
2026-04-27T17:38:00.885,8.426,1,2.80,0.30,-1.97,1.97,1,-0.0202,-0.0761,-0.1502,0.3155,0.3022,-0.0107,0.22,2.93,60.10,62.88,506,500,0.98814,0.98814,1.00000,0.98814,3,3,1,7.09006,0.00416,1.06438,0.0202,0.0761,0.4502,0.3155,0.3022,-0.0107,-0.22,-2.51,-2.71,1,1,0.0000,0.0000,0.3000,0.00,0.8300,0.4200,1.0000,6.50,180.00,1.050000,0.000000,0.000000,1.500000,0.000000,0.000000,1.200000,0.000000,0.000000,1.050000,0.000000,0.000000,1.350000,0.060000,0.000000,0.008000,0.000000,0.000600,0.008000,0.000000,0.000600,0.006000,0.000000,0.000000,1,1,1,506,240,378168,378168,208644,169523,0,60.00,12514,3284,451,0,0,0,12462,500.00,500.00,12,2072,0.0000,0.4950,0.5120,0.7000,0.5060
2026-04-27T17:38:00.903,8.444,1,2.80,0.30,-1.97,1.97,1,-0.0254,-0.0807,-0.1501,0.3051,0.2735,0.0000,0.16,3.37,79.08,60.79,507,501,0.98817,0.98817,1.00000,0.98817,3,3,1,7.26765,0.00433,1.06652,0.0254,0.0807,0.4501,0.3051,0.2735,0.0000,-0.16,-2.60,-2.65,1,1,0.0000,0.0000,0.3000,0.00,0.8300,0.4200,1.0000,6.50,180.00,1.050000,0.000000,0.000000,1.500000,0.000000,0.000000,1.200000,0.000000,0.000000,1.050000,0.000000,0.000000,1.350000,0.060000,0.000000,0.008000,0.000000,0.000600,0.008000,0.000000,0.000600,0.006000,0.000000,0.000000,1,1,1,507,235,378168,378168,208644,169523,0,60.00,12514,3284,451,0,0,0,12462,500.00,500.00,12,2072,0.0000,0.4950,0.5120,0.7000,0.5060
2026-04-27T17:38:00.922,8.463,1,1.70,1.50,-6.02,6.99,1,-0.0305,-0.0849,-0.1500,0.3131,0.2750,0.0000,0.11,2.67,46.58,128.49,508,502,0.98819,0.98819,1.00000,0.98819,3,3,1,7.28454,0.00422,1.06128,0.0305,0.0849,0.4500,0.3131,0.2750,0.0000,-0.11,-2.55,-2.62,1,1,0.0000,0.0000,0.3000,0.00,0.8300,0.4200,1.0000,6.50,180.00,1.050000,0.000000,0.000000,1.500000,0.000000,0.000000,1.200000,0.000000,0.000000,1.050000,0.000000,0.000000,1.350000,0.060000,0.000000,0.008000,0.000000,0.000600,0.008000,0.000000,0.000600,0.006000,0.000000,0.000000,1,1,1,508,235,378168,378168,208644,169523,0,60.00,12514,3284,451,0,0,0,12462,500.00,500.00,12,2072,0.0000,0.4950,0.5120,0.7000,0.5060
2026-04-27T17:38:00.939,8.480,1,1.70,1.50,-6.02,6.99,1,-0.0356,-0.0897,-0.1498,0.3062,0.2786,-0.0108,0.22,-7.05,64.25,44.21,509,503,0.98821,0.98821,1.00000,0.98821,3,3,1,7.23293,0.00437,1.06273,0.0356,0.0897,0.4498,0.3062,0.2786,-0.0108,-0.22,-2.57,-2.45,1,1,0.0000,0.0000,0.3000,0.00,0.8300,0.4200,1.0000,6.50,180.00,1.050000,0.000000,0.000000,1.500000,0.000000,0.000000,1.200000,0.000000,0.000000,1.050000,0.000000,0.000000,1.350000,0.060000,0.000000,0.008000,0.000000,0.000600,0.008000,0.000000,0.000600,0.006000,0.000000,0.000000,1,1,1,509,240,378168,378168,208644,169523,0,60.00,12514,3284,451,0,0,0,12462,500.00,500.00,12,2072,0.0000,0.4950,0.5120,0.7000,0.5060
2026-04-27T17:38:00.955,8.496,1,1.70,1.50,-6.02,6.99,1,-0.0407,-0.0941,-0.1495,0.3119,0.2747,-0.0153,0.27,-3.02,60.95,81.73,510,504,0.98824,0.98824,1.00000,0.98824,3,3,1,7.23737,0.00428,1.06302,0.0407,0.0941,0.4495,0.3119,0.2747,-0.0153,-0.27,-2.78,-2.35,1,1,0.0000,0.0000,0.3000,0.00,0.8300,0.4200,1.0000,6.50,180.00,1.050000,0.000000,0.000000,1.500000,0.000000,0.000000,1.200000,0.000000,0.000000,1.050000,0.000000,0.000000,1.350000,0.060000,0.000000,0.008000,0.000000,0.000600,0.008000,0.000000,0.000600,0.006000,0.000000,0.000000,1,1,1,510,241,378168,378168,208644,169523,0,60.00,12514,3284,451,0,0,0,12462,500.00,500.00,12,2072,0.0000,0.4950,0.5120,0.7000,0.5060
2026-04-27T17:38:00.972,8.513,1,1.70,1.50,-6.02,6.99,1,-0.0461,-0.0987,-0.1490,0.3184,0.2764,-0.0225,0.24,1.70,57.90,46.75,511,505,0.98826,0.98826,1.00000,0.98826,3,3,1,7.19488,0.00437,1.06281,0.0461,0.0987,0.4490,0.3184,0.2764,-0.0225,-0.24,-2.97,-2.28,1,1,0.0000,0.0000,0.3000,0.00,0.8300,0.4200,1.0000,6.50,180.00,1.050000,0.000000,0.000000,1.500000,0.000000,0.000000,1.200000,0.000000,0.000000,1.050000,0.000000,0.000000,1.350000,0.060000,0.000000,0.008000,0.000000,0.000600,0.008000,0.000000,0.000600,0.006000,0.000000,0.000000,1,1,1,511,242,378168,378168,208644,169523,0,60.00,12514,3284,451,0,0,0,12462,500.00,500.00,12,2072,0.0000,0.4950,0.5120,0.7000,0.5060
2026-04-27T17:38:00.988,8.529,1,1.70,1.50,-6.02,6.99,1,-0.0512,-0.1031,-0.1487,0.3140,0.2705,-0.0190,0.16,4.80,60.01,50.02,512,506,0.98828,0.98828,1.00000,0.98828,3,3,1,7.17783,0.00432,1.05902,0.0512,0.1031,0.4487,0.3140,0.2705,-0.0190,-0.16,-2.92,-2.31,1,1,0.0000,0.0000,0.3000,0.00,0.8300,0.4200,1.0000,6.50,180.00,1.050000,0.000000,0.000000,1.500000,0.000000,0.000000,1.200000,0.000000,0.000000,1.050000,0.000000,0.000000,1.350000,0.060000,0.000000,0.008000,0.000000,0.000600,0.008000,0.000000,0.000600,0.006000,0.000000,0.000000,1,1,1,512,242,378168,378168,208644,169523,0,60.00,12514,3284,451,0,0,0,12462,500.00,500.00,12,2072,0.0000,0.4950,0.5120,0.7000,0.5060
2026-04-27T17:38:01.006,8.547,1,1.70,1.50,-6.02,6.99,1,-0.0564,-0.1071,-0.1486,0.3310,0.2685,-0.0140,0.18,-1.50,60.03,60.00,513,507,0.98830,0.98830,1.00000,0.98830,3,3,1,7.20694,0.00460,1.05932,0.0564,0.1071,0.4486,0.3310,0.2685,-0.0140,-0.18,-3.12,-2.17,1,1,0.0000,0.0000,0.3000,0.00,0.8300,0.4200,1.0000,6.50,180.00,1.050000,0.000000,0.000000,1.500000,0.000000,0.000000,1.200000,0.000000,0.000000,1.050000,0.000000,0.000000,1.350000,0.060000,0.000000,0.008000,0.000000,0.000600,0.008000,0.000000,0.000600,0.006000,0.000000,0.000000,1,1,1,513,242,378168,378168,208644,169523,0,60.00,12514,3284,511,0,0,0,12522,500.00,500.00,14,1434,0.0000,0.5280,0.4720,0.6980,0.4990
2026-04-27T17:38:01.018,8.559,1,1.70,1.50,-6.02,6.99,1,-0.0616,-0.1114,-0.1482,0.3264,0.2686,-0.0203,0.13,3.12,59.20,152.53,514,508,0.98833,0.98833,1.00000,0.98833,3,3,1,7.22466,0.00413,1.05714,0.0616,0.1114,0.4482,0.3264,0.2686,-0.0203,-0.13,-3.14,-2.04,1,1,0.0000,0.0000,0.3000,0.00,0.8300,0.4200,1.0000,6.50,180.00,1.050000,0.000000,0.000000,1.500000,0.000000,0.000000,1.200000,0.000000,0.000000,1.050000,0.000000,0.000000,1.350000,0.060000,0.000000,0.008000,0.000000,0.000600,0.008000,0.000000,0.000600,0.006000,0.000000,0.000000,1,1,1,514,241,378168,378168,208644,169523,0,60.00,12514,3284,511,0,0,0,12522,500.00,500.00,14,1434,0.0000,0.5280,0.4720,0.6980,0.4990
2026-04-27T17:38:01.036,8.577,1,1.70,1.50,-6.02,6.99,1,-0.0669,-0.1158,-0.1476,0.3082,0.2563,-0.0295,0.18,-2.76,87.29,37.82,515,509,0.98835,0.98835,1.00000,0.98835,3,3,1,7.17304,0.00437,1.06451,0.0669,0.1158,0.4476,0.3082,0.2563,-0.0295,-0.18,-3.27,-2.09,1,1,0.0000,0.0000,0.3000,0.00,0.8300,0.4200,1.0000,6.50,180.00,1.050000,0.000000,0.000000,1.500000,0.000000,0.000000,1.200000,0.000000,0.000000,1.050000,0.000000,0.000000,1.350000,0.060000,0.000000,0.008000,0.000000,0.000600,0.008000,0.000000,0.000600,0.006000,0.000000,0.000000,1,1,1,515,242,378168,378168,208644,169523,0,60.00,12514,3284,511,0,0,0,12522,500.00,500.00,14,1434,0.0000,0.5280,0.4720,0.6980,0.4990
2026-04-27T17:38:01.054,8.595,1,1.70,1.50,-6.02,6.99,1,-0.0717,-0.1198,-0.1475,0.3081,0.2538,-0.0115,0.23,-2.82,55.13,62.98,516,510,0.98837,0.98837,1.00000,0.98837,3,3,1,7.27310,0.00406,1.05736,0.0717,0.1198,0.4475,0.3081,0.2538,-0.0115,-0.23,-2.97,-1.92,1,1,0.0000,0.0000,0.3000,0.00,0.8300,0.4200,1.0000,6.50,180.00,1.050000,0.000000,0.000000,1.500000,0.000000,0.000000,1.200000,0.000000,0.000000,1.050000,0.000000,0.000000,1.350000,0.060000,0.000000,0.008000,0.000000,0.000600,0.008000,0.000000,0.000600,0.006000,0.000000,0.000000,1,1,1,516,241,378168,378168,208644,169523,0,60.00,12514,3284,511,0,0,0,12522,500.00,500.00,14,1434,0.0000,0.5280,0.4720,0.6980,0.4990
2026-04-27T17:38:01.073,8.614,1,1.20,1.80,-4.89,2.98,1,-0.0771,-0.1239,-0.1472,0.3015,0.2375,-0.0164,0.24,-0.55,49.54,54.71,517,511,0.98839,0.98839,1.00000,0.98839,3,3,1,7.22760,0.00407,1.06096,0.0771,0.1239,0.4472,0.3015,0.2375,-0.0164,-0.24,-3.16,-1.92,1,1,0.0000,0.0000,0.3000,0.00,0.8300,0.4200,1.0000,6.50,180.00,1.050000,0.000000,0.000000,1.500000,0.000000,0.000000,1.200000,0.000000,0.000000,1.050000,0.000000,0.000000,1.350000,0.060000,0.000000,0.008000,0.000000,0.000600,0.008000,0.000000,0.000600,0.006000,0.000000,0.000000,1,1,1,517,242,378168,378168,208644,169523,0,60.00,12514,3284,511,0,0,0,12522,500.00,500.00,14,1434,0.0000,0.5280,0.4720,0.6980,0.4990
2026-04-27T17:38:01.088,8.629,1,1.20,1.80,-4.89,2.98,1,-0.0824,-0.1277,-0.1471,0.3216,0.2431,-0.0111,0.38,-8.82,59.37,64.51,518,512,0.98842,0.98842,1.00000,0.98842,3,3,1,7.18486,0.00435,1.06133,0.0824,0.1277,0.4471,0.3216,0.2431,-0.0111,-0.38,-3.57,-1.89,1,1,0.0000,0.0000,0.3000,0.00,0.8300,0.4200,1.0000,6.50,180.00,1.050000,0.000000,0.000000,1.500000,0.000000,0.000000,1.200000,0.000000,0.000000,1.050000,0.000000,0.000000,1.350000,0.060000,0.000000,0.008000,0.000000,0.000600,0.008000,0.000000,0.000600,0.006000,0.000000,0.000000,1,1,1,518,242,378168,378168,208644,169523,0,60.00,12514,3284,511,0,0,0,12522,500.00,500.00,14,1434,0.0000,0.5280,0.4720,0.6980,0.4990
2026-04-27T17:38:01.105,8.646,1,1.20,1.80,-4.89,2.98,1,-0.0877,-0.1315,-0.1471,0.3216,0.2382,0.0000,0.41,-1.82,64.13,58.67,519,513,0.98844,0.98844,1.00000,0.98844,3,3,1,7.08972,0.00417,1.05448,0.0877,0.1315,0.4471,0.3216,0.2382,0.0000,-0.41,-3.82,-1.72,1,1,0.0000,0.0000,0.3000,0.00,0.8300,0.4200,1.0000,6.50,180.00,1.050000,0.000000,0.000000,1.500000,0.000000,0.000000,1.200000,0.000000,0.000000,1.050000,0.000000,0.000000,1.350000,0.060000,0.000000,0.008000,0.000000,0.000600,0.008000,0.000000,0.000600,0.006000,0.000000,0.000000,1,1,1,519,237,378168,378168,208644,169523,0,60.00,12514,3284,511,0,0,0,12522,500.00,500.00,14,1434,0.0000,0.5280,0.4720,0.6980,0.4990
2026-04-27T17:38:01.122,8.663,1,0.70,2.10,-4.89,2.92,1,-0.0927,-0.1353,-0.1471,0.3080,0.2315,0.0000,0.45,-2.39,60.27,176.37,520,514,0.98846,0.98846,1.00000,0.98846,3,3,1,7.20221,0.00430,1.06227,0.0927,0.1353,0.4471,0.3080,0.2315,0.0000,-0.45,-3.77,-1.68,1,1,0.0000,0.0000,0.3000,0.00,0.8300,0.4200,1.0000,6.50,180.00,1.050000,0.000000,0.000000,1.500000,0.000000,0.000000,1.200000,0.000000,0.000000,1.050000,0.000000,0.000000,1.350000,0.060000,0.000000,0.008000,0.000000,0.000600,0.008000,0.000000,0.000600,0.006000,0.000000,0.000000,1,1,1,520,237,378168,378168,208644,169523,0,60.00,12514,3284,511,0,0,0,12522,500.00,500.00,14,1434,0.0000,0.5280,0.4720,0.6980,0.4990
2026-04-27T17:38:01.138,8.679,1,0.70,2.10,-4.89,2.92,1,-0.0977,-0.1392,-0.1473,0.3056,0.2350,0.0000,0.50,-2.97,58.06,37.05,521,515,0.98848,0.98848,1.00000,0.98848,3,3,1,7.18077,0.00427,1.05766,0.0977,0.1392,0.4473,0.3056,0.2350,0.0000,-0.50,-3.84,-1.60,1,1,0.0000,0.0000,0.3000,0.00,0.8300,0.4200,1.0000,6.50,180.00,1.050000,0.000000,0.000000,1.500000,0.000000,0.000000,1.200000,0.000000,0.000000,1.050000,0.000000,0.000000,1.350000,0.060000,0.000000,0.008000,0.000000,0.000600,0.008000,0.000000,0.000600,0.006000,0.000000,0.000000,1,1,1,521,235,378168,378168,208644,169523,0,60.00,12514,3284,511,0,0,0,12522,500.00,500.00,14,1434,0.0000,0.5280,0.4720,0.6980,0.4990
2026-04-27T17:38:01.156,8.697,1,0.70,2.10,-4.89,2.92,1,-0.1027,-0.1426,-0.1475,0.3101,0.2194,0.0000,0.56,-3.47,61.52,55.54,522,516,0.98851,0.98851,1.00000,0.98851,3,3,1,7.24593,0.00416,1.05595,0.1027,0.1426,0.4475,0.3101,0.2194,0.0000,-0.56,-3.84,-1.52,1,1,0.0000,0.0000,0.3000,0.00,0.8300,0.4200,1.0000,6.50,180.00,1.050000,0.000000,0.000000,1.500000,0.000000,0.000000,1.200000,0.000000,0.000000,1.050000,0.000000,0.000000,1.350000,0.060000,0.000000,0.008000,0.000000,0.000600,0.008000,0.000000,0.000600,0.006000,0.000000,0.000000,1,1,1,522,236,378168,378168,208644,169523,0,60.00,12514,3284,511,0,0,0,12522,500.00,500.00,14,1434,0.0000,0.5280,0.4720,0.6980,0.4990
2026-04-27T17:38:01.172,8.712,1,0.70,2.10,-4.89,2.92,1,-0.1079,-0.1460,-0.1475,0.3081,0.2116,0.0000,0.67,-6.80,57.75,62.54,523,517,0.98853,0.98853,1.00000,0.98853,3,3,1,7.16578,0.00450,1.05220,0.1079,0.1460,0.4475,0.3081,0.2116,0.0000,-0.67,-4.18,-1.36,1,1,0.0000,0.0000,0.3000,0.00,0.8300,0.4200,1.0000,6.50,180.00,1.050000,0.000000,0.000000,1.500000,0.000000,0.000000,1.200000,0.000000,0.000000,1.050000,0.000000,0.000000,1.350000,0.060000,0.000000,0.008000,0.000000,0.000600,0.008000,0.000000,0.000600,0.006000,0.000000,0.000000,1,1,1,523,237,378168,378168,208644,169523,0,60.00,12514,3284,511,0,0,0,12522,500.00,500.00,14,1434,0.0000,0.5280,0.4720,0.6980,0.4990
2026-04-27T17:38:01.188,8.729,1,0.70,2.10,-4.89,2.92,1,-0.1128,-0.1493,-0.1474,0.3028,0.2083,0.0000,0.70,-1.82,59.50,62.41,524,518,0.98855,0.98855,1.00000,0.98855,3,3,1,7.18771,0.00431,1.06088,0.1128,0.1493,0.4474,0.3028,0.2083,0.0000,-0.70,-4.25,-1.40,1,1,0.0000,0.0000,0.3000,0.00,0.8300,0.4200,1.0000,6.50,180.00,1.050000,0.000000,0.000000,1.500000,0.000000,0.000000,1.200000,0.000000,0.000000,1.050000,0.000000,0.000000,1.350000,0.060000,0.000000,0.008000,0.000000,0.000600,0.008000,0.000000,0.000600,0.006000,0.000000,0.000000,1,1,1,524,235,378168,378168,208644,169523,0,60.00,12514,3284,511,0,0,0,12522,500.00,500.00,14,1434,0.0000,0.5280,0.4720,0.6980,0.4990
2026-04-27T17:38:01.203,8.744,1,0.70,2.10,-4.89,2.92,1,-0.1175,-0.1529,-0.1475,0.2955,0.2174,0.0000,0.59,7.17,59.31,58.61,525,519,0.98857,0.98857,1.00000,0.98857,3,3,1,7.13027,0.00419,1.05547,0.1175,0.1529,0.4475,0.2955,0.2174,0.0000,-0.59,-4.20,-1.35,1,1,0.0000,0.0000,0.3000,0.00,0.8300,0.4200,1.0000,6.50,180.00,1.050000,0.000000,0.000000,1.500000,0.000000,0.000000,1.200000,0.000000,0.000000,1.050000,0.000000,0.000000,1.350000,0.060000,0.000000,0.008000,0.000000,0.000600,0.008000,0.000000,0.000600,0.006000,0.000000,0.000000,1,1,1,525,236,378168,378168,208644,169523,0,60.00,12514,3284,511,0,0,0,12522,500.00,500.00,14,1434,0.0000,0.5280,0.4720,0.6980,0.4990
2026-04-27T17:38:01.222,8.763,1,0.10,2.50,-5.90,3.93,1,-0.1225,-0.1563,-0.1474,0.2964,0.2049,0.0000,0.64,-2.91,74.99,59.39,526,520,0.98859,0.98859,1.00000,0.98859,3,3,1,7.26302,0.00439,1.05679,0.1225,0.1563,0.4474,0.2964,0.2049,0.0000,-0.64,-4.43,-1.26,1,1,0.0000,0.0000,0.3000,0.00,0.8300,0.4200,1.0000,6.50,180.00,1.050000,0.000000,0.000000,1.500000,0.000000,0.000000,1.200000,0.000000,0.000000,1.050000,0.000000,0.000000,1.350000,0.060000,0.000000,0.008000,0.000000,0.000600,0.008000,0.000000,0.000600,0.006000,0.000000,0.000000,1,1,1,526,237,378168,378168,208644,169523,0,60.00,12514,3284,511,0,0,0,12522,500.00,500.00,14,1434,0.0000,0.5280,0.4720,0.6980,0.4990
2026-04-27T17:38:01.236,8.777,1,0.10,2.50,-5.90,3.93,1,-0.1274,-0.1593,-0.1476,0.3015,0.1930,0.0000,0.79,-9.26,52.08,69.37,527,521,0.98861,0.98861,1.00000,0.98861,3,3,1,7.22527,0.00447,1.05468,0.1274,0.1593,0.4476,0.3015,0.1930,0.0000,-0.79,-4.68,-1.13,1,1,0.0000,0.0000,0.3000,0.00,0.8300,0.4200,1.0000,6.50,180.00,1.050000,0.000000,0.000000,1.500000,0.000000,0.000000,1.200000,0.000000,0.000000,1.050000,0.000000,0.000000,1.350000,0.060000,0.000000,0.008000,0.000000,0.000600,0.008000,0.000000,0.000600,0.006000,0.000000,0.000000,1,1,1,527,237,378168,378168,208644,169523,0,60.00,12514,3284,511,0,0,0,12522,500.00,500.00,14,1434,0.0000,0.5280,0.4720,0.6980,0.4990
2026-04-27T17:38:01.255,8.796,1,0.10,2.50,-5.90,3.93,1,-0.1318,-0.1625,-0.1479,0.2793,0.1968,0.0126,0.81,-1.14,57.33,87.21,528,522,0.98864,0.98864,1.00000,0.98864,3,3,1,7.10306,0.00404,1.05362,0.1318,0.1625,0.4479,0.2793,0.1968,0.0126,-0.81,-4.43,-0.91,1,1,0.0000,0.0000,0.3000,0.00,0.8300,0.4200,1.0000,6.50,180.00,1.050000,0.000000,0.000000,1.500000,0.000000,0.000000,1.200000,0.000000,0.000000,1.050000,0.000000,0.000000,1.350000,0.060000,0.000000,0.008000,0.000000,0.000600,0.008000,0.000000,0.000600,0.006000,0.000000,0.000000,1,1,1,528,241,378168,378168,208644,169523,0,60.00,12514,3284,511,0,0,0,12522,500.00,500.00,14,1434,0.0000,0.5280,0.4720,0.6980,0.4990
2026-04-27T17:38:01.269,8.810,1,0.10,2.50,-5.90,3.93,1,-0.1367,-0.1650,-0.1478,0.2956,0.1711,0.0000,0.84,-1.92,61.07,54.55,529,523,0.98866,0.98866,1.00000,0.98866,3,3,1,7.21673,0.00438,1.06148,0.1367,0.1650,0.4478,0.2956,0.1711,0.0000,-0.84,-4.87,-0.95,1,1,0.0000,0.0000,0.3000,0.00,0.8300,0.4200,1.0000,6.50,180.00,1.050000,0.000000,0.000000,1.500000,0.000000,0.000000,1.200000,0.000000,0.000000,1.050000,0.000000,0.000000,1.350000,0.060000,0.000000,0.008000,0.000000,0.000600,0.008000,0.000000,0.000600,0.006000,0.000000,0.000000,1,1,1,529,237,378168,378168,208644,169523,0,60.00,12514,3284,511,0,0,0,12522,500.00,500.00,14,1434,0.0000,0.5280,0.4720,0.6980,0.4990
2026-04-27T17:38:01.288,8.829,1,0.10,2.50,-5.90,3.93,1,-0.1411,-0.1681,-0.1478,0.2739,0.1831,0.0000,0.85,-0.56,58.53,45.14,530,524,0.98868,0.98868,1.00000,0.98868,3,3,1,7.27432,0.00401,1.05371,0.1411,0.1681,0.4478,0.2739,0.1831,0.0000,-0.85,-4.79,-0.95,1,1,0.0000,0.0000,0.3000,0.00,0.8300,0.4200,1.0000,6.50,180.00,1.050000,0.000000,0.000000,1.500000,0.000000,0.000000,1.200000,0.000000,0.000000,1.050000,0.000000,0.000000,1.350000,0.060000,0.000000,0.008000,0.000000,0.000600,0.008000,0.000000,0.000600,0.006000,0.000000,0.000000,1,1,1,530,237,378168,378168,208644,169523,0,60.00,12514,3284,511,0,0,0,12522,500.00,500.00,14,1434,0.0000,0.5280,0.4720,0.6980,0.4990
2026-04-27T17:38:01.305,8.846,1,0.10,2.50,-5.90,3.93,1,-0.1454,-0.1704,-0.1475,0.2693,0.1557,0.0000,0.91,-3.61,60.45,59.86,531,525,0.98870,0.98870,1.00000,0.98870,3,3,1,7.55063,0.00405,1.05320,0.1454,0.1704,0.4475,0.2693,0.1557,0.0000,-0.91,-4.75,-1.01,1,1,0.0000,0.0000,0.3000,0.00,0.8300,0.4200,1.0000,6.50,180.00,1.050000,0.000000,0.000000,1.500000,0.000000,0.000000,1.200000,0.000000,0.000000,1.050000,0.000000,0.000000,1.350000,0.060000,0.000000,0.008000,0.000000,0.000600,0.008000,0.000000,0.000600,0.006000,0.000000,0.000000,1,1,1,531,236,378168,378168,208644,169523,0,60.00,12514,3284,511,0,0,0,12522,500.00,500.00,14,1434,0.0000,0.5280,0.4720,0.6980,0.4990
2026-04-27T17:38:01.322,8.863,1,-0.60,3.00,-6.73,4.84,1,-0.1497,-0.1733,-0.1468,0.2631,0.1674,-0.0264,0.75,9.38,60.28,56.60,532,526,0.98872,0.98872,1.00000,0.98872,3,3,1,7.61849,0.00415,1.05207,0.1497,0.1733,0.4468,0.2631,0.1674,-0.0264,-0.75,-4.67,-1.17,1,1,0.0000,0.0000,0.3000,0.00,0.8300,0.4200,1.0000,6.50,180.00,1.050000,0.000000,0.000000,1.500000,0.000000,0.000000,1.200000,0.000000,0.000000,1.050000,0.000000,0.000000,1.350000,0.060000,0.000000,0.008000,0.000000,0.000600,0.008000,0.000000,0.000600,0.006000,0.000000,0.000000,1,1,1,532,241,378168,378168,208644,169523,0,60.00,12514,3284,511,0,0,0,12522,500.00,500.00,14,1434,0.0000,0.5280,0.4720,0.6980,0.4990
2026-04-27T17:38:01.337,8.878,1,-0.60,3.00,-6.73,4.84,1,-0.1541,-0.1756,-0.1463,0.2690,0.1505,-0.0278,0.73,1.24,62.30,64.18,533,527,0.98874,0.98874,1.00000,0.98874,3,3,1,7.88594,0.00427,1.05216,0.1541,0.1756,0.4463,0.2690,0.1505,-0.0278,-0.73,-4.80,-1.23,1,1,0.0000,0.0000,0.3000,0.00,0.8300,0.4200,1.0000,6.50,180.00,1.050000,0.000000,0.000000,1.500000,0.000000,0.000000,1.200000,0.000000,0.000000,1.050000,0.000000,0.000000,1.350000,0.060000,0.000000,0.008000,0.000000,0.000600,0.008000,0.000000,0.000600,0.006000,0.000000,0.000000,1,1,1,533,240,378168,378168,208644,169523,0,60.00,12514,3284,511,0,0,0,12522,500.00,500.00,14,1434,0.0000,0.5280,0.4720,0.6980,0.4990
2026-04-27T17:38:01.354,8.895,1,-0.60,3.00,-6.73,4.84,1,-0.1584,-0.1778,-0.1455,0.2629,0.1443,-0.0364,0.87,-8.16,57.71,115.09,534,528,0.98876,0.98876,1.00000,0.98876,3,3,1,8.09875,0.00455,1.05737,0.1584,0.1778,0.4455,0.2629,0.1443,-0.0364,-0.87,-4.87,-1.49,1,1,0.0000,0.0000,0.3000,0.00,0.8300,0.4200,1.0000,6.50,180.00,1.050000,0.000000,0.000000,1.500000,0.000000,0.000000,1.200000,0.000000,0.000000,1.050000,0.000000,0.000000,1.350000,0.060000,0.000000,0.008000,0.000000,0.000600,0.008000,0.000000,0.000600,0.006000,0.000000,0.000000,1,1,1,534,242,378168,378168,208644,169523,0,60.00,12514,3284,511,0,0,0,12522,500.00,500.00,14,1434,0.0000,0.5280,0.4720,0.6980,0.4990
2026-04-27T17:38:01.367,8.908,1,-0.60,3.00,-6.73,4.84,0,0.0000,0.0000,0.3000,0.0000,0.0000,0.0000,0.00,0.00,62.73,40.87,535,528,0.98692,0.98692,0.99813,0.98879,2,3,0,0.00000,0.00000,1.00000,0.0000,0.0000,0.0000,0.0000,0.0000,0.0000,0.00,0.00,0.00,1,1,0.0000,0.0000,0.3000,0.00,0.8300,0.4200,1.0000,6.50,180.00,1.050000,0.000000,0.000000,1.500000,0.000000,0.000000,1.200000,0.000000,0.000000,1.050000,0.000000,0.000000,1.350000,0.060000,0.000000,0.008000,0.000000,0.000600,0.008000,0.000000,0.000600,0.006000,0.000000,0.000000,1,1,1,535,205,378168,378168,208644,169523,0,60.00,12514,3284,511,0,0,0,12522,500.00,500.00,14,1434,0.0000,0.5280,0.4720,0.6980,0.4990
2026-04-27T17:38:01.383,8.924,1,-0.60,3.00,-6.73,4.84,0,0.0000,0.0000,0.3000,0.0000,0.0000,0.0000,0.00,0.00,84.15,58.24,536,528,0.98507,0.98507,0.99627,0.98881,2,3,0,0.00000,0.00000,1.00000,0.0000,0.0000,0.0000,0.0000,0.0000,0.0000,0.00,0.00,0.00,1,1,0.0000,0.0000,0.3000,0.00,0.8300,0.4200,1.0000,6.50,180.00,1.050000,0.000000,0.000000,1.500000,0.000000,0.000000,1.200000,0.000000,0.000000,1.050000,0.000000,0.000000,1.350000,0.060000,0.000000,0.008000,0.000000,0.000600,0.008000,0.000000,0.000600,0.006000,0.000000,0.000000,1,1,1,536,205,378168,378168,208644,169523,0,60.00,12514,3284,511,0,0,0,12522,500.00,500.00,14,1434,0.0000,0.5280,0.4720,0.6980,0.4990
2026-04-27T17:38:01.400,8.941,1,-0.60,3.00,-6.73,4.84,0,0.0000,0.0000,0.3000,0.0000,0.0000,0.0000,0.00,0.00,59.27,59.96,537,528,0.98324,0.98324,0.99441,0.98883,1,3,0,0.00000,0.00000,1.00000,0.0000,0.0000,0.0000,0.0000,0.0000,0.0000,0.00,0.00,0.00,1,1,0.0000,0.0000,0.3000,0.00,0.8300,0.4200,1.0000,6.50,180.00,1.050000,0.000000,0.000000,1.500000,0.000000,0.000000,1.200000,0.000000,0.000000,1.050000,0.000000,0.000000,1.350000,0.060000,0.000000,0.008000,0.000000,0.000600,0.008000,0.000000,0.000600,0.006000,0.000000,0.000000,1,1,1,537,205,378168,378168,208644,169523,0,60.00,12514,3284,511,0,0,0,12522,500.00,500.00,14,1434,0.0000,0.5280,0.4720,0.6980,0.4990
2026-04-27T17:38:01.417,8.958,1,-0.60,3.00,-6.73,4.84,0,0.0000,0.0000,0.3000,0.0000,0.0000,0.0000,0.00,0.00,59.20,64.49,538,528,0.98141,0.98141,0.99257,0.98885,1,3,0,0.00000,0.00000,1.00000,0.0000,0.0000,0.0000,0.0000,0.0000,0.0000,0.00,0.00,0.00,1,1,0.0000,0.0000,0.3000,0.00,0.8300,0.4200,1.0000,6.50,180.00,1.050000,0.000000,0.000000,1.500000,0.000000,0.000000,1.200000,0.000000,0.000000,1.050000,0.000000,0.000000,1.350000,0.060000,0.000000,0.008000,0.000000,0.000600,0.008000,0.000000,0.000600,0.006000,0.000000,0.000000,1,1,1,538,205,378168,378168,208644,169523,0,60.00,12514,3284,511,0,0,0,12522,500.00,500.00,14,1434,0.0000,0.5280,0.4720,0.6980,0.4990
2026-04-27T17:38:01.433,8.974,1,-0.60,3.00,-6.73,4.84,0,0.0000,0.0000,0.3000,0.0000,0.0000,0.0000,0.00,0.00,60.08,55.83,539,528,0.97959,0.97959,0.99072,0.98887,1,3,0,0.00000,0.00000,1.00000,0.0000,0.0000,0.0000,0.0000,0.0000,0.0000,0.00,0.00,0.00,1,1,0.0000,0.0000,0.3000,0.00,0.8300,0.4200,1.0000,6.50,180.00,1.050000,0.000000,0.000000,1.500000,0.000000,0.000000,1.200000,0.000000,0.000000,1.050000,0.000000,0.000000,1.350000,0.060000,0.000000,0.008000,0.000000,0.000600,0.008000,0.000000,0.000600,0.006000,0.000000,0.000000,1,1,1,539,205,378168,378168,208644,169523,0,60.00,12514,3284,511,0,0,0,12522,500.00,500.00,14,1434,0.0000,0.5280,0.4720,0.6980,0.4990
2026-04-27T17:38:01.456,8.997,1,-0.60,3.00,-6.73,4.84,1,-0.1816,-0.1895,-0.1385,0.0000,0.0000,0.0000,1.19,0.00,59.71,56.91,540,529,0.97963,0.97963,0.99074,0.98889,3,3,1,9.12246,0.00391,1.03864,0.1816,0.1895,0.4385,0.0000,0.0000,0.0000,-1.19,-5.12,-1.34,1,1,0.0000,0.0000,0.3000,0.00,0.8300,0.4200,1.0000,6.50,180.00,1.050000,0.000000,0.000000,1.500000,0.000000,0.000000,1.200000,0.000000,0.000000,1.050000,0.000000,0.000000,1.350000,0.060000,0.000000,0.008000,0.000000,0.000600,0.008000,0.000000,0.000600,0.006000,0.000000,0.000000,1,1,1,540,228,378168,378168,208644,169523,0,60.00,12514,3284,511,0,0,0,12522,500.00,500.00,14,1434,0.0000,0.5280,0.4720,0.6980,0.4990
2026-04-27T17:38:01.473,9.014,1,-0.60,3.00,-6.73,4.84,1,-0.1848,-0.1915,-0.1330,0.1329,0.0840,-0.2329,1.49,-17.75,45.90,64.80,541,530,0.97967,0.97967,0.99076,0.98891,3,3,1,9.11082,0.00446,1.05935,0.1848,0.1915,0.4330,0.1329,0.0840,-0.2329,-1.49,-6.00,-1.04,1,1,0.0000,0.0000,0.3000,0.00,0.8300,0.4200,1.0000,6.50,180.00,1.050000,0.000000,0.000000,1.500000,0.000000,0.000000,1.200000,0.000000,0.000000,1.050000,0.000000,0.000000,1.350000,0.060000,0.000000,0.008000,0.000000,0.000600,0.008000,0.000000,0.000600,0.006000,0.000000,0.000000,1,1,1,541,239,378168,378168,208644,169523,0,60.00,12514,3284,511,0,0,0,12522,500.00,500.00,14,1434,0.0000,0.5280,0.4720,0.6980,0.4990
2026-04-27T17:38:01.486,9.027,1,-0.60,3.00,-6.73,4.84,1,-0.1889,-0.1943,-0.1243,0.1688,0.1150,-0.3431,1.64,-10.14,56.96,59.30,542,531,0.97970,0.97970,0.99077,0.98893,3,3,1,9.57028,0.00417,1.04831,0.1889,0.1943,0.4243,0.1688,0.1150,-0.3431,-1.64,-6.65,-0.30,1,1,0.0000,0.0000,0.3000,0.00,0.8300,0.4200,1.0000,6.50,180.00,1.050000,0.000000,0.000000,1.500000,0.000000,0.000000,1.200000,0.000000,0.000000,1.050000,0.000000,0.000000,1.350000,0.060000,0.000000,0.008000,0.000000,0.000600,0.008000,0.000000,0.000600,0.006000,0.000000,0.000000,1,1,1,542,241,378168,378168,208644,169523,0,60.00,12514,3284,511,0,0,0,12522,500.00,500.00,14,1434,0.0000,0.5280,0.4720,0.6980,0.4990
2026-04-27T17:38:01.506,9.047,1,-0.60,3.00,-6.73,4.84,1,-0.1930,-0.1965,-0.1125,0.2006,0.1122,-0.5246,1.99,-19.29,64.00,106.94,543,532,0.97974,0.97974,0.99079,0.98895,3,3,1,10.31896,0.00431,1.05222,0.1930,0.1965,0.4125,0.2006,0.1122,-0.5246,-1.99,-7.39,0.32,1,1,0.0000,0.0000,0.3000,0.00,0.8300,0.4200,1.0000,6.50,180.00,1.050000,0.000000,0.000000,1.500000,0.000000,0.000000,1.200000,0.000000,0.000000,1.050000,0.000000,0.000000,1.350000,0.060000,0.000000,0.008000,0.000000,0.000600,0.008000,0.000000,0.000600,0.006000,0.000000,0.000000,1,1,1,543,241,378168,378168,208644,169523,0,60.00,12514,3284,541,0,0,0,12552,500.00,500.00,8,682,0.0000,0.5000,0.5000,0.0000,0.5000
2026-04-27T17:38:01.525,9.066,1,-0.60,3.00,-6.73,4.84,1,-0.1972,-0.1989,-0.0973,0.2042,0.1182,-0.6486,2.38,-19.04,57.07,39.14,544,533,0.97978,0.97978,0.99081,0.98897,3,3,1,11.13466,0.00422,1.05456,0.1972,0.1989,0.3973,0.2042,0.1182,-0.6486,-2.38,-8.05,1.00,1,1,0.0000,0.0000,0.3000,0.00,0.8300,0.4200,1.0000,6.50,180.00,1.050000,0.000000,0.000000,1.500000,0.000000,0.000000,1.200000,0.000000,0.000000,1.050000,0.000000,0.000000,1.350000,0.060000,0.000000,0.008000,0.000000,0.000600,0.008000,0.000000,0.000600,0.006000,0.000000,0.000000,1,1,1,544,238,378168,378168,208644,169523,0,60.00,12514,3284,541,0,0,0,12552,500.00,500.00,8,682,0.0000,0.5000,0.5000,0.0000,0.5000
2026-04-27T17:38:01.539,9.079,1,-0.60,3.00,-6.73,4.84,1,-0.2007,-0.2009,-0.0806,0.2327,0.1372,-0.9625,2.59,-15.55,52.19,64.56,545,534,0.97982,0.97982,0.99083,0.98899,3,3,1,12.02109,0.00393,1.05059,0.2007,0.2009,0.3806,0.2327,0.1372,-0.9625,-2.59,-8.55,1.52,1,1,0.0000,0.0000,0.3000,0.00,0.8300,0.4200,1.0000,6.50,180.00,1.050000,0.000000,0.000000,1.500000,0.000000,0.000000,1.200000,0.000000,0.000000,1.050000,0.000000,0.000000,1.350000,0.060000,0.000000,0.008000,0.000000,0.000600,0.008000,0.000000,0.000600,0.006000,0.000000,0.000000,1,1,1,545,241,378168,378168,208644,169523,0,60.00,12514,3284,541,0,0,0,12552,500.00,500.00,8,682,0.0000,0.5000,0.5000,0.0000,0.5000
2026-04-27T17:38:01.555,9.096,1,-0.60,3.00,-6.73,4.84,1,-0.2045,-0.2029,-0.0596,0.2228,0.1218,-1.0754,2.66,-4.45,68.93,61.71,546,535,0.97985,0.97985,0.99084,0.98901,3,3,1,12.94403,0.00363,1.05094,0.2045,0.2029,0.3596,0.2228,0.1218,-1.0754,-2.66,-8.74,2.09,1,1,0.0000,0.0000,0.3000,0.00,0.8300,0.4200,1.0000,6.50,180.00,1.050000,0.000000,0.000000,1.500000,0.000000,0.000000,1.200000,0.000000,0.000000,1.050000,0.000000,0.000000,1.350000,0.060000,0.000000,0.008000,0.000000,0.000600,0.008000,0.000000,0.000600,0.006000,0.000000,0.000000,1,1,1,546,240,378168,378168,208644,169523,0,60.00,12514,3284,541,0,0,0,12552,500.00,500.00,8,682,0.0000,0.5000,0.5000,0.0000,0.5000
2026-04-27T17:38:01.573,9.114,1,-2.30,4.30,-11.68,8.73,1,-0.2084,-0.2055,-0.0357,0.2249,0.1402,-1.2173,2.76,-5.65,59.68,56.90,547,536,0.97989,0.97989,0.99086,0.98903,3,3,1,13.80808,0.00347,1.04848,0.2084,0.2055,0.3357,0.2249,0.1402,-1.2173,-2.76,-9.15,2.71,1,1,0.0000,0.0000,0.3000,0.00,0.8300,0.4200,1.0000,6.50,180.00,1.050000,0.000000,0.000000,1.500000,0.000000,0.000000,1.200000,0.000000,0.000000,1.050000,0.000000,0.000000,1.350000,0.060000,0.000000,0.008000,0.000000,0.000600,0.008000,0.000000,0.000600,0.006000,0.000000,0.000000,1,1,1,547,240,378168,378168,208644,169523,0,60.00,12514,3284,541,0,0,0,12552,500.00,500.00,8,682,0.0000,0.5000,0.5000,0.0000,0.5000
2026-04-27T17:38:01.588,9.129,1,-2.30,4.30,-11.68,8.73,1,-0.2125,-0.2073,-0.0096,0.2532,0.1245,-1.4761,2.91,-9.76,59.96,61.19,548,537,0.97993,0.97993,0.99088,0.98905,3,3,1,15.03548,0.00360,1.05263,0.2125,0.2073,0.3096,0.2532,0.1245,-1.4761,-2.91,-10.12,3.18,1,1,0.0000,0.0000,0.3000,0.00,0.8300,0.4200,1.0000,6.50,180.00,1.050000,0.000000,0.000000,1.500000,0.000000,0.000000,1.200000,0.000000,0.000000,1.050000,0.000000,0.000000,1.350000,0.060000,0.000000,0.008000,0.000000,0.000600,0.008000,0.000000,0.000600,0.006000,0.000000,0.000000,1,1,1,548,241,378168,378168,208644,169523,0,60.00,12514,3284,541,0,0,0,12552,500.00,500.00,8,682,0.0000,0.5000,0.5000,0.0000,0.5000
2026-04-27T17:38:01.603,9.144,1,-2.30,4.30,-11.68,8.73,1,-0.2163,-0.2097,0.0201,0.2395,0.1429,-1.6436,3.07,-10.49,64.44,61.63,549,538,0.97996,0.97996,0.99089,0.98907,3,3,1,16.03969,0.00354,1.04604,0.2163,0.2097,0.2799,0.2395,0.1429,-1.6436,-3.07,-10.81,3.85,1,1,0.0000,0.0000,0.3000,0.00,0.8300,0.4200,1.0000,6.50,180.00,1.050000,0.000000,0.000000,1.500000,0.000000,0.000000,1.200000,0.000000,0.000000,1.050000,0.000000,0.000000,1.350000,0.060000,0.000000,0.008000,0.000000,0.000600,0.008000,0.000000,0.000600,0.006000,0.000000,0.000000,1,1,1,549,240,378168,378168,208644,169523,0,60.00,12514,3284,541,0,0,0,12552,500.00,500.00,8,682,0.0000,0.5000,0.5000,0.0000,0.5000
2026-04-27T17:38:01.622,9.163,1,-4.80,7.10,-24.73,27.74,1,-0.2200,-0.2114,0.0529,0.2290,0.1162,-1.8087,3.06,0.53,76.32,298.34,550,539,0.98000,0.98000,0.99091,0.98909,3,3,1,17.04390,0.00325,1.05140,0.2200,0.2114,0.2471,0.2290,0.1162,-1.8087,-3.06,-11.30,4.13,1,1,0.0000,0.0000,0.3000,0.00,0.8300,0.4200,1.0000,6.50,180.00,1.050000,0.000000,0.000000,1.500000,0.000000,0.000000,1.200000,0.000000,0.000000,1.050000,0.000000,0.000000,1.350000,0.060000,0.000000,0.008000,0.000000,0.000600,0.008000,0.000000,0.000600,0.006000,0.000000,0.000000,1,1,1,550,240,378168,378168,208644,169523,0,60.00,12514,3284,541,0,0,0,12552,500.00,500.00,8,682,0.0000,0.5000,0.5000,0.0000,0.5000
2026-04-27T17:38:01.638,9.179,1,-4.80,7.10,-24.73,27.74,1,-0.2235,-0.2137,0.0885,0.2199,0.1322,-1.9502,3.12,-3.75,49.79,39.83,551,540,0.98004,0.98004,0.99093,0.98911,3,3,1,18.02936,0.00300,1.05453,0.2235,0.2137,0.2115,0.2199,0.1322,-1.9502,-3.12,-11.74,4.59,1,1,0.0000,0.0000,0.3000,0.00,0.8300,0.4200,1.0000,6.50,180.00,1.050000,0.000000,0.000000,1.500000,0.000000,0.000000,1.200000,0.000000,0.000000,1.050000,0.000000,0.000000,1.350000,0.060000,0.000000,0.008000,0.000000,0.000600,0.008000,0.000000,0.000600,0.006000,0.000000,0.000000,1,1,1,551,240,378168,378168,208644,169523,0,60.00,12514,3284,541,0,0,0,12552,500.00,500.00,8,682,0.0000,0.5000,0.5000,0.0000,0.5000
2026-04-27T17:38:01.655,9.196,1,-4.80,7.10,-24.73,27.74,1,-0.2270,-0.2159,0.1268,0.2186,0.1310,-2.1400,3.19,-4.21,60.46,69.01,552,541,0.98007,0.98007,0.99094,0.98913,3,3,1,18.95443,0.00287,1.05231,0.2270,0.2159,0.1732,0.2186,0.1310,-2.1400,-3.19,-12.01,4.92,1,1,0.0000,0.0000,0.3000,0.00,0.8300,0.4200,1.0000,6.50,180.00,1.050000,0.000000,0.000000,1.500000,0.000000,0.000000,1.200000,0.000000,0.000000,1.050000,0.000000,0.000000,1.350000,0.060000,0.000000,0.008000,0.000000,0.000600,0.008000,0.000000,0.000600,0.006000,0.000000,0.000000,1,1,1,552,238,378168,378168,208644,169523,0,60.00,12514,3284,541,0,0,0,12552,500.00,500.00,8,682,0.0000,0.5000,0.5000,0.0000,0.5000
2026-04-27T17:38:01.672,9.213,1,-4.80,7.10,-24.73,27.74,1,-0.2308,-0.2181,0.1681,0.2264,0.1333,-2.3192,3.23,-2.40,59.60,50.76,553,542,0.98011,0.98011,0.99096,0.98915,3,3,1,19.83966,0.00259,1.04861,0.2308,0.2181,0.1319,0.2264,0.1333,-2.3192,-3.23,-12.38,5.41,1,1,0.0000,0.0000,0.3000,0.00,0.8300,0.4200,1.0000,6.50,180.00,1.050000,0.000000,0.000000,1.500000,0.000000,0.000000,1.200000,0.000000,0.000000,1.050000,0.000000,0.000000,1.350000,0.060000,0.000000,0.008000,0.000000,0.000600,0.008000,0.000000,0.000600,0.006000,0.000000,0.000000,1,1,1,553,242,378168,378168,208644,169523,0,60.00,12514,3284,541,0,0,0,12552,500.00,500.00,8,682,0.0000,0.5000,0.5000,0.0000,0.5000
2026-04-27T17:38:01.688,9.229,1,-4.80,7.10,-24.73,27.74,1,-0.2342,-0.2202,0.2128,0.2119,0.1295,-2.4236,3.22,0.58,60.07,50.16,554,543,0.98014,0.98014,0.99097,0.98917,3,3,1,20.75139,0.00252,1.05766,0.2342,0.2202,0.0872,0.2119,0.1295,-2.4236,-3.22,-12.37,5.59,1,1,0.0000,0.0000,0.3000,0.00,0.8300,0.4200,1.0000,6.50,180.00,1.050000,0.000000,0.000000,1.500000,0.000000,0.000000,1.200000,0.000000,0.000000,1.050000,0.000000,0.000000,1.350000,0.060000,0.000000,0.008000,0.000000,0.000600,0.008000,0.000000,0.000600,0.006000,0.000000,0.000000,1,1,1,554,240,378168,378168,208644,169523,0,60.00,12514,3284,541,0,0,0,12552,500.00,500.00,8,682,0.0000,0.5000,0.5000,0.0000,0.5000
2026-04-27T17:38:01.705,9.246,1,-4.80,7.10,-24.73,27.74,1,-0.2375,-0.2219,0.2594,0.2085,0.1149,-2.4783,3.07,9.91,60.58,136.51,555,544,0.98018,0.98018,0.99099,0.98919,3,3,1,21.38193,0.00234,1.05247,0.2375,0.2219,0.0406,0.2085,0.1149,-2.4783,-3.07,-12.19,5.41,1,1,0.0000,0.0000,0.3000,0.00,0.8300,0.4200,1.0000,6.50,180.00,1.050000,0.000000,0.000000,1.500000,0.000000,0.000000,1.200000,0.000000,0.000000,1.050000,0.000000,0.000000,1.350000,0.060000,0.000000,0.008000,0.000000,0.000600,0.008000,0.000000,0.000600,0.006000,0.000000,0.000000,1,1,1,555,242,378168,378168,208644,169523,0,60.00,12514,3284,541,0,0,0,12552,500.00,500.00,8,682,0.0000,0.5000,0.5000,0.0000,0.5000
2026-04-27T17:38:01.719,9.260,1,-5.70,8.70,-8.73,15.52,1,-0.2416,-0.2251,0.2704,0.2416,0.1707,-1.3553,3.86,-49.49,62.31,43.85,556,545,0.98022,0.98022,0.99101,0.98921,3,3,1,18.52920,0.00167,1.00227,0.2416,0.2251,0.0296,0.2416,0.1707,-1.3553,-3.86,-9.54,11.52,1,1,0.0000,0.0000,0.3000,0.00,0.8300,0.4200,1.0000,6.50,180.00,1.050000,0.000000,0.000000,1.500000,0.000000,0.000000,1.200000,0.000000,0.000000,1.050000,0.000000,0.000000,1.350000,0.060000,0.000000,0.008000,0.000000,0.000600,0.008000,0.000000,0.000600,0.006000,0.000000,0.000000,1,1,1,556,241,378168,378168,208644,169523,0,60.00,12514,3284,541,0,0,0,12552,500.00,500.00,8,682,0.0000,0.5000,0.5000,0.0000,0.5000
2026-04-27T17:38:01.735,9.276,1,-5.70,8.70,-8.73,15.52,1,-0.2458,-0.2368,0.2513,0.2534,0.5072,0.0000,4.91,-66.92,72.66,58.49,557,546,0.98025,0.98025,0.99102,0.98923,3,3,1,18.30559,0.00129,1.02256,0.2458,0.2368,0.0487,0.2534,0.5072,0.0000,-4.91,-6.93,31.53,1,1,0.0000,0.0000,0.3000,0.00,0.8300,0.4200,1.0000,6.50,180.00,1.050000,0.000000,0.000000,1.500000,0.000000,0.000000,1.200000,0.000000,0.000000,1.050000,0.000000,0.000000,1.350000,0.060000,0.000000,0.008000,0.000000,0.000600,0.008000,0.000000,0.000600,0.006000,0.000000,0.000000,1,1,1,557,237,378168,378168,208644,169523,0,60.00,12514,3284,541,0,0,0,12552,500.00,500.00,8,682,0.0000,0.5000,0.5000,0.0000,0.5000
2026-04-27T17:38:01.750,9.291,1,-5.70,8.70,-8.73,15.52,1,-0.2497,-0.2448,0.2270,0.2461,0.4472,0.6211,5.39,-30.28,63.73,60.09,558,547,0.98029,0.98029,0.99104,0.98925,3,3,1,17.95111,0.00227,1.03779,0.2497,0.2448,0.0730,0.2461,0.4472,0.6211,-5.39,-4.85,50.71,1,1,0.0000,0.0000,0.3000,0.00,0.8300,0.4200,1.0000,6.50,180.00,1.050000,0.000000,0.000000,1.500000,0.000000,0.000000,1.200000,0.000000,0.000000,1.050000,0.000000,0.000000,1.350000,0.060000,0.000000,0.008000,0.000000,0.000600,0.008000,0.000000,0.000600,0.006000,0.000000,0.000000,1,1,1,558,240,378168,378168,208644,169523,0,60.00,12514,3284,541,0,0,0,12552,500.00,500.00,8,682,0.0000,0.5000,0.5000,0.0000,0.5000
2026-04-27T17:38:01.771,9.312,1,-5.70,8.70,-8.73,15.52,1,-0.2529,-0.2499,0.2043,0.2026,0.3356,0.8121,3.83,74.91,63.09,48.48,559,548,0.98032,0.98032,0.99106,0.98927,3,3,1,17.99472,0.00301,1.04636,0.2529,0.2499,0.0957,0.2026,0.3356,0.8121,-3.83,-3.04,68.96,1,1,0.0000,0.0000,0.3000,0.00,0.8300,0.4200,1.0000,6.50,180.00,1.050000,0.000000,0.000000,1.500000,0.000000,0.000000,1.200000,0.000000,0.000000,1.050000,0.000000,0.000000,1.350000,0.060000,0.000000,0.008000,0.000000,0.000600,0.008000,0.000000,0.000600,0.006000,0.000000,0.000000,1,1,1,559,240,378168,378168,208644,169523,0,60.00,12514,3284,541,0,0,0,12552,500.00,500.00,8,682,0.0000,0.5000,0.5000,0.0000,0.5000
2026-04-27T17:38:01.787,9.328,1,-5.70,8.70,-8.73,15.52,1,-0.2552,-0.2509,0.1871,0.1811,0.1974,0.8771,0.81,191.66,43.81,62.37,560,549,0.98036,0.98036,0.99107,0.98929,3,3,1,18.06056,0.00348,1.05003,0.2552,0.2509,0.1129,0.1811,0.1974,0.8771,-0.81,-2.78,85.26,1,1,0.0000,0.0000,0.3000,0.00,0.8300,0.4200,1.0000,6.50,180.00,1.050000,0.000000,0.000000,1.500000,0.000000,0.000000,1.200000,0.000000,0.000000,1.050000,0.000000,0.000000,1.350000,0.060000,0.000000,0.008000,0.000000,0.000600,0.008000,0.000000,0.000600,0.006000,0.000000,0.000000,1,1,1,560,241,378168,378168,208644,169523,0,60.00,12514,3284,541,0,0,0,12552,500.00,500.00,8,682,0.0000,0.5000,0.5000,0.0000,0.5000
2026-04-27T17:38:01.800,9.341,1,-5.70,8.70,-8.73,15.52,0,0.0000,0.0000,0.3000,0.0000,0.0000,0.0000,0.00,0.00,72.71,97.65,561,549,0.97861,0.97861,0.98930,0.98930,1,3,0,0.00000,0.00000,1.00000,0.0000,0.0000,0.0000,0.0000,0.0000,0.0000,0.00,0.00,0.00,1,1,0.0000,0.0000,0.3000,0.00,0.8300,0.4200,1.0000,6.50,180.00,1.050000,0.000000,0.000000,1.500000,0.000000,0.000000,1.200000,0.000000,0.000000,1.050000,0.000000,0.000000,1.350000,0.060000,0.000000,0.008000,0.000000,0.000600,0.008000,0.000000,0.000600,0.006000,0.000000,0.000000,1,1,1,561,205,378168,378168,208644,169523,0,60.00,12514,3284,541,0,0,0,12552,500.00,500.00,8,682,0.0000,0.5000,0.5000,0.0000,0.5000
2026-04-27T17:38:01.817,9.358,1,-5.70,8.70,-8.73,15.52,0,0.0000,0.0000,0.3000,0.0000,0.0000,0.0000,0.00,0.00,73.35,49.22,562,549,0.97687,0.97687,0.98754,0.98932,1,3,0,0.00000,0.00000,1.00000,0.0000,0.0000,0.0000,0.0000,0.0000,0.0000,0.00,0.00,0.00,1,1,0.0000,0.0000,0.3000,0.00,0.8300,0.4200,1.0000,6.50,180.00,1.050000,0.000000,0.000000,1.500000,0.000000,0.000000,1.200000,0.000000,0.000000,1.050000,0.000000,0.000000,1.350000,0.060000,0.000000,0.008000,0.000000,0.000600,0.008000,0.000000,0.000600,0.006000,0.000000,0.000000,1,1,1,562,205,378168,378168,208644,169523,0,60.00,12514,3284,541,0,0,0,12552,500.00,500.00,8,682,0.0000,0.5000,0.5000,0.0000,0.5000
2026-04-27T17:38:01.833,9.374,1,-6.40,113.80,-6.91,1030.37,0,0.0000,0.0000,0.3000,0.0000,0.0000,0.0000,0.00,0.00,59.04,76.51,563,549,0.97513,0.97513,0.98579,0.98757,2,2,0,0.00000,0.00000,1.00000,0.0000,0.0000,0.0000,0.0000,0.0000,0.0000,0.00,0.00,0.00,1,1,0.0000,0.0000,0.3000,0.00,0.8300,0.4200,1.0000,6.50,180.00,1.050000,0.000000,0.000000,1.500000,0.000000,0.000000,1.200000,0.000000,0.000000,1.050000,0.000000,0.000000,1.350000,0.060000,0.000000,0.008000,0.000000,0.000600,0.008000,0.000000,0.000600,0.006000,0.000000,0.000000,1,1,1,563,205,378168,378168,208644,169523,0,60.00,12514,3284,541,0,0,0,12552,500.00,500.00,8,682,0.0000,0.5000,0.5000,0.0000,0.5000
2026-04-27T17:38:01.850,9.391,1,-6.40,113.80,-6.91,1030.37,0,0.0000,0.0000,0.3000,0.0000,0.0000,0.0000,0.00,0.00,60.09,47.15,564,549,0.97340,0.97340,0.98404,0.98582,2,2,0,0.00000,0.00000,1.00000,0.0000,0.0000,0.0000,0.0000,0.0000,0.0000,0.00,0.00,0.00,1,1,0.0000,0.0000,0.3000,0.00,0.8300,0.4200,1.0000,6.50,180.00,1.050000,0.000000,0.000000,1.500000,0.000000,0.000000,1.200000,0.000000,0.000000,1.050000,0.000000,0.000000,1.350000,0.060000,0.000000,0.008000,0.000000,0.000600,0.008000,0.000000,0.000600,0.006000,0.000000,0.000000,1,1,1,564,205,378228,378228,208705,169523,0,60.00,12574,2909,541,0,0,0,12552,500.00,500.00,8,682,0.0000,0.5000,0.5000,0.0000,0.5000
2026-04-27T17:38:01.867,9.408,1,-6.40,113.80,-6.91,1030.37,0,0.0000,0.0000,0.3000,0.0000,0.0000,0.0000,0.00,0.00,60.08,53.05,565,549,0.97168,0.97168,0.98230,0.98407,1,2,0,0.00000,0.00000,1.00000,0.0000,0.0000,0.0000,0.0000,0.0000,0.0000,0.00,0.00,0.00,1,1,0.0000,0.0000,0.3000,0.00,0.8300,0.4200,1.0000,6.50,180.00,1.050000,0.000000,0.000000,1.500000,0.000000,0.000000,1.200000,0.000000,0.000000,1.050000,0.000000,0.000000,1.350000,0.060000,0.000000,0.008000,0.000000,0.000600,0.008000,0.000000,0.000600,0.006000,0.000000,0.000000,1,1,1,565,205,378228,378228,208705,169523,0,60.00,12574,2909,541,0,0,0,12552,500.00,500.00,8,682,0.0000,0.5000,0.5000,0.0000,0.5000
2026-04-27T17:38:01.883,9.424,1,-6.40,113.80,-6.91,1030.37,0,0.0000,0.0000,0.3000,0.0000,0.0000,0.0000,0.00,0.00,60.43,61.38,566,549,0.96996,0.96996,0.98057,0.98233,0,2,0,0.00000,0.00000,1.00000,0.0000,0.0000,0.0000,0.0000,0.0000,0.0000,0.00,0.00,0.00,1,1,0.0000,0.0000,0.3000,0.00,0.8300,0.4200,1.0000,6.50,180.00,1.050000,0.000000,0.000000,1.500000,0.000000,0.000000,1.200000,0.000000,0.000000,1.050000,0.000000,0.000000,1.350000,0.060000,0.000000,0.008000,0.000000,0.000600,0.008000,0.000000,0.000600,0.006000,0.000000,0.000000,1,1,1,566,205,378228,378228,208705,169523,0,60.00,12574,2909,541,0,0,0,12552,500.00,500.00,8,682,0.0000,0.5000,0.5000,0.0000,0.5000
2026-04-27T17:38:01.900,9.441,1,-6.40,113.80,-6.91,1030.37,0,0.0000,0.0000,0.3000,0.0000,0.0000,0.0000,0.00,0.00,58.38,59.24,567,549,0.96825,0.96825,0.97884,0.98060,0,1,0,0.00000,0.00000,1.00000,0.0000,0.0000,0.0000,0.0000,0.0000,0.0000,0.00,0.00,0.00,1,1,0.0000,0.0000,0.3000,0.00,0.8300,0.4200,1.0000,6.50,180.00,1.050000,0.000000,0.000000,1.500000,0.000000,0.000000,1.200000,0.000000,0.000000,1.050000,0.000000,0.000000,1.350000,0.060000,0.000000,0.008000,0.000000,0.000600,0.008000,0.000000,0.000600,0.006000,0.000000,0.000000,1,1,1,567,205,378228,378228,208705,169523,0,60.00,12574,2909,541,0,0,0,12552,500.00,500.00,8,682,0.0000,0.5000,0.5000,0.0000,0.5000
2026-04-27T17:38:01.917,9.458,1,-6.40,113.80,-6.91,1030.37,0,0.0000,0.0000,0.3000,0.0000,0.0000,0.0000,0.00,0.00,61.13,62.11,568,549,0.96655,0.96655,0.97711,0.97887,0,1,0,0.00000,0.00000,1.00000,0.0000,0.0000,0.0000,0.0000,0.0000,0.0000,0.00,0.00,0.00,1,1,0.0000,0.0000,0.3000,0.00,0.8300,0.4200,1.0000,6.50,180.00,1.050000,0.000000,0.000000,1.500000,0.000000,0.000000,1.200000,0.000000,0.000000,1.050000,0.000000,0.000000,1.350000,0.060000,0.000000,0.008000,0.000000,0.000600,0.008000,0.000000,0.000600,0.006000,0.000000,0.000000,1,1,1,568,205,378228,378228,208705,169523,0,60.00,12574,2909,541,0,0,0,12552,500.00,500.00,8,682,0.0000,0.5000,0.5000,0.0000,0.5000
2026-04-27T17:38:01.933,9.474,1,-36.20,-176.60,-295.04,689.19,0,0.0000,0.0000,0.3000,0.0000,0.0000,0.0000,0.00,0.00,61.68,65.26,569,549,0.96485,0.96485,0.97540,0.97715,2,1,0,0.00000,0.00000,1.00000,0.0000,0.0000,0.0000,0.0000,0.0000,0.0000,0.00,0.00,0.00,1,1,0.0000,0.0000,0.3000,0.00,0.8300,0.4200,1.0000,6.50,180.00,1.050000,0.000000,0.000000,1.500000,0.000000,0.000000,1.200000,0.000000,0.000000,1.050000,0.000000,0.000000,1.350000,0.060000,0.000000,0.008000,0.000000,0.000600,0.008000,0.000000,0.000600,0.006000,0.000000,0.000000,1,1,1,569,205,378228,378228,208705,169523,0,60.00,12574,2909,541,0,0,0,12552,500.00,500.00,8,682,0.0000,0.5000,0.5000,0.0000,0.5000
2026-04-27T17:38:01.950,9.491,1,-36.20,-176.60,-295.04,689.19,0,0.0000,0.0000,0.3000,0.0000,0.0000,0.0000,0.00,0.00,58.47,76.66,570,549,0.96316,0.96316,0.97368,0.97544,2,2,0,0.00000,0.00000,1.00000,0.0000,0.0000,0.0000,0.0000,0.0000,0.0000,0.00,0.00,0.00,1,1,0.0000,0.0000,0.3000,0.00,0.8300,0.4200,1.0000,6.50,180.00,1.050000,0.000000,0.000000,1.500000,0.000000,0.000000,1.200000,0.000000,0.000000,1.050000,0.000000,0.000000,1.350000,0.060000,0.000000,0.008000,0.000000,0.000600,0.008000,0.000000,0.000600,0.006000,0.000000,0.000000,1,1,1,570,205,378228,378228,208705,169523,0,60.00,12574,2909,541,0,0,0,12552,500.00,500.00,8,682,0.0000,0.5000,0.5000,0.0000,0.5000
2026-04-27T17:38:01.967,9.508,1,-36.20,-176.60,-295.04,689.19,0,0.0000,0.0000,0.3000,0.0000,0.0000,0.0000,0.00,0.00,59.93,55.44,571,549,0.96147,0.96147,0.97198,0.97373,2,2,0,0.00000,0.00000,1.00000,0.0000,0.0000,0.0000,0.0000,0.0000,0.0000,0.00,0.00,0.00,1,1,0.0000,0.0000,0.3000,0.00,0.8300,0.4200,1.0000,6.50,180.00,1.050000,0.000000,0.000000,1.500000,0.000000,0.000000,1.200000,0.000000,0.000000,1.050000,0.000000,0.000000,1.350000,0.060000,0.000000,0.008000,0.000000,0.000600,0.008000,0.000000,0.000600,0.006000,0.000000,0.000000,1,1,1,571,205,378228,378228,208705,169523,0,60.00,12574,2909,541,0,0,0,12552,500.00,500.00,8,682,0.0000,0.5000,0.5000,0.0000,0.5000
2026-04-27T17:38:01.983,9.524,1,-36.20,-176.60,-295.04,689.19,0,0.0000,0.0000,0.3000,0.0000,0.0000,0.0000,0.00,0.00,60.17,51.86,572,549,0.95979,0.95979,0.97028,0.97378,2,3,0,0.00000,0.00000,1.00000,0.0000,0.0000,0.0000,0.0000,0.0000,0.0000,0.00,0.00,0.00,1,1,0.0000,0.0000,0.3000,0.00,0.8300,0.4200,1.0000,6.50,180.00,1.050000,0.000000,0.000000,1.500000,0.000000,0.000000,1.200000,0.000000,0.000000,1.050000,0.000000,0.000000,1.350000,0.060000,0.000000,0.008000,0.000000,0.000600,0.008000,0.000000,0.000600,0.006000,0.000000,0.000000,1,1,1,572,205,378228,378228,208705,169523,0,60.00,12574,2909,541,0,0,0,12552,500.00,500.00,8,682,0.0000,0.5000,0.5000,0.0000,0.5000
2026-04-27T17:38:02.001,9.542,1,-36.20,-176.60,-295.04,689.19,0,0.0000,0.0000,0.3000,0.0000,0.0000,0.0000,0.00,0.00,59.93,55.15,573,549,0.95812,0.95812,0.96859,0.97382,2,3,0,0.00000,0.00000,1.00000,0.0000,0.0000,0.0000,0.0000,0.0000,0.0000,0.00,0.00,0.00,1,1,0.0000,0.0000,0.3000,0.00,0.8300,0.4200,1.0000,6.50,180.00,1.050000,0.000000,0.000000,1.500000,0.000000,0.000000,1.200000,0.000000,0.000000,1.050000,0.000000,0.000000,1.350000,0.060000,0.000000,0.008000,0.000000,0.000600,0.008000,0.000000,0.000600,0.006000,0.000000,0.000000,1,1,1,573,205,378228,378228,208705,169523,0,60.00,12574,2909,572,0,0,0,12583,500.25,0.00,4,1326,0.0000,0.5000,0.5000,0.0000,0.5000
2026-04-27T17:38:02.017,9.558,1,-36.20,-176.60,-295.04,689.19,0,0.0000,0.0000,0.3000,0.0000,0.0000,0.0000,0.00,0.00,56.64,68.65,574,549,0.95645,0.95645,0.96690,0.97387,1,3,0,0.00000,0.00000,1.00000,0.0000,0.0000,0.0000,0.0000,0.0000,0.0000,0.00,0.00,0.00,1,1,0.0000,0.0000,0.3000,0.00,0.8300,0.4200,1.0000,6.50,180.00,1.050000,0.000000,0.000000,1.500000,0.000000,0.000000,1.200000,0.000000,0.000000,1.050000,0.000000,0.000000,1.350000,0.060000,0.000000,0.008000,0.000000,0.000600,0.008000,0.000000,0.000600,0.006000,0.000000,0.000000,1,1,1,574,205,378228,378228,208705,169523,0,60.00,12574,2909,572,0,0,0,12583,500.25,0.00,4,1326,0.0000,0.5000,0.5000,0.0000,0.5000
2026-04-27T17:38:02.033,9.574,1,-36.20,-176.60,-295.04,689.19,0,0.0000,0.0000,0.3000,0.0000,0.0000,0.0000,0.00,0.00,63.90,50.69,575,549,0.95478,0.95478,0.96522,0.97217,1,2,0,0.00000,0.00000,1.00000,0.0000,0.0000,0.0000,0.0000,0.0000,0.0000,0.00,0.00,0.00,1,1,0.0000,0.0000,0.3000,0.00,0.8300,0.4200,1.0000,6.50,180.00,1.050000,0.000000,0.000000,1.500000,0.000000,0.000000,1.200000,0.000000,0.000000,1.050000,0.000000,0.000000,1.350000,0.060000,0.000000,0.008000,0.000000,0.000600,0.008000,0.000000,0.000600,0.006000,0.000000,0.000000,1,1,1,575,205,378228,378228,208705,169523,0,60.00,12574,2909,572,0,0,0,12583,500.25,0.00,4,1326,0.0000,0.5000,0.5000,0.0000,0.5000
2026-04-27T17:38:02.050,9.591,1,-36.20,-176.60,-295.04,689.19,0,0.0000,0.0000,0.3000,0.0000,0.0000,0.0000,0.00,0.00,57.69,64.15,576,549,0.95312,0.95312,0.96354,0.97049,1,2,0,0.00000,0.00000,1.00000,0.0000,0.0000,0.0000,0.0000,0.0000,0.0000,0.00,0.00,0.00,1,1,0.0000,0.0000,0.3000,0.00,0.8300,0.4200,1.0000,6.50,180.00,1.050000,0.000000,0.000000,1.500000,0.000000,0.000000,1.200000,0.000000,0.000000,1.050000,0.000000,0.000000,1.350000,0.060000,0.000000,0.008000,0.000000,0.000600,0.008000,0.000000,0.000600,0.006000,0.000000,0.000000,1,1,1,576,205,378228,378228,208705,169523,0,60.00,12574,2909,572,0,0,0,12583,500.25,0.00,4,1326,0.0000,0.5000,0.5000,0.0000,0.5000
2026-04-27T17:38:02.067,9.608,1,-36.20,-176.60,-295.04,689.19,0,0.0000,0.0000,0.3000,0.0000,0.0000,0.0000,0.00,0.00,66.71,60.06,577,549,0.95147,0.95147,0.96187,0.96880,2,2,0,0.00000,0.00000,1.00000,0.0000,0.0000,0.0000,0.0000,0.0000,0.0000,0.00,0.00,0.00,1,1,0.0000,0.0000,0.3000,0.00,0.8300,0.4200,1.0000,6.50,180.00,1.050000,0.000000,0.000000,1.500000,0.000000,0.000000,1.200000,0.000000,0.000000,1.050000,0.000000,0.000000,1.350000,0.060000,0.000000,0.008000,0.000000,0.000600,0.008000,0.000000,0.000600,0.006000,0.000000,0.000000,1,1,1,577,205,378228,378228,208705,169523,0,60.00,12574,2909,572,0,0,0,12583,500.25,0.00,4,1326,0.0000,0.5000,0.5000,0.0000,0.5000
2026-04-27T17:38:02.083,9.624,1,-36.20,-176.60,-295.04,689.19,0,0.0000,0.0000,0.3000,0.0000,0.0000,0.0000,0.00,0.00,59.96,75.26,578,549,0.94983,0.94983,0.96021,0.96713,2,2,0,0.00000,0.00000,1.00000,0.0000,0.0000,0.0000,0.0000,0.0000,0.0000,0.00,0.00,0.00,1,1,0.0000,0.0000,0.3000,0.00,0.8300,0.4200,1.0000,6.50,180.00,1.050000,0.000000,0.000000,1.500000,0.000000,0.000000,1.200000,0.000000,0.000000,1.050000,0.000000,0.000000,1.350000,0.060000,0.000000,0.008000,0.000000,0.000600,0.008000,0.000000,0.000600,0.006000,0.000000,0.000000,1,1,1,578,205,378228,378228,208705,169523,0,60.00,12574,2909,572,0,0,0,12583,500.25,0.00,4,1326,0.0000,0.5000,0.5000,0.0000,0.5000
2026-04-27T17:38:02.100,9.641,1,-36.20,-176.60,-295.04,689.19,0,0.0000,0.0000,0.3000,0.0000,0.0000,0.0000,0.00,0.00,59.89,51.02,579,549,0.94819,0.94819,0.95855,0.96546,2,2,0,0.00000,0.00000,1.00000,0.0000,0.0000,0.0000,0.0000,0.0000,0.0000,0.00,0.00,0.00,1,1,0.0000,0.0000,0.3000,0.00,0.8300,0.4200,1.0000,6.50,180.00,1.050000,0.000000,0.000000,1.500000,0.000000,0.000000,1.200000,0.000000,0.000000,1.050000,0.000000,0.000000,1.350000,0.060000,0.000000,0.008000,0.000000,0.000600,0.008000,0.000000,0.000600,0.006000,0.000000,0.000000,1,1,1,579,205,378228,378228,208705,169523,0,60.00,12574,2909,572,0,0,0,12583,500.25,0.00,4,1326,0.0000,0.5000,0.5000,0.0000,0.5000
2026-04-27T17:38:02.117,9.658,1,-36.20,-176.60,-295.04,689.19,0,0.0000,0.0000,0.3000,0.0000,0.0000,0.0000,0.00,0.00,60.08,83.26,580,549,0.94655,0.94655,0.95690,0.96379,2,2,0,0.00000,0.00000,1.00000,0.0000,0.0000,0.0000,0.0000,0.0000,0.0000,0.00,0.00,0.00,1,1,0.0000,0.0000,0.3000,0.00,0.8300,0.4200,1.0000,6.50,180.00,1.050000,0.000000,0.000000,1.500000,0.000000,0.000000,1.200000,0.000000,0.000000,1.050000,0.000000,0.000000,1.350000,0.060000,0.000000,0.008000,0.000000,0.000600,0.008000,0.000000,0.000600,0.006000,0.000000,0.000000,1,1,1,580,205,378228,378228,208705,169523,0,60.00,12574,2909,572,0,0,0,12583,500.25,0.00,4,1326,0.0000,0.5000,0.5000,0.0000,0.5000
2026-04-27T17:38:02.133,9.674,1,-12.50,173.90,102.96,195.09,0,0.0000,0.0000,0.3000,0.0000,0.0000,0.0000,0.00,0.00,56.61,46.16,581,549,0.94492,0.94492,0.95525,0.96213,2,2,0,0.00000,0.00000,1.00000,0.0000,0.0000,0.0000,0.0000,0.0000,0.0000,0.00,0.00,0.00,1,1,0.0000,0.0000,0.3000,0.00,0.8300,0.4200,1.0000,6.50,180.00,1.050000,0.000000,0.000000,1.500000,0.000000,0.000000,1.200000,0.000000,0.000000,1.050000,0.000000,0.000000,1.350000,0.060000,0.000000,0.008000,0.000000,0.000600,0.008000,0.000000,0.000600,0.006000,0.000000,0.000000,1,1,1,581,205,378228,378228,208705,169523,0,60.00,12574,2909,572,0,0,0,12583,500.25,0.00,4,1326,0.0000,0.5000,0.5000,0.0000,0.5000
2026-04-27T17:38:02.150,9.691,1,-12.50,173.90,102.96,195.09,0,0.0000,0.0000,0.3000,0.0000,0.0000,0.0000,0.00,0.00,63.99,59.86,582,549,0.94330,0.94330,0.95533,0.96048,3,2,0,0.00000,0.00000,1.00000,0.0000,0.0000,0.0000,0.0000,0.0000,0.0000,0.00,0.00,0.00,1,1,0.0000,0.0000,0.3000,0.00,0.8300,0.4200,1.0000,6.50,180.00,1.050000,0.000000,0.000000,1.500000,0.000000,0.000000,1.200000,0.000000,0.000000,1.050000,0.000000,0.000000,1.350000,0.060000,0.000000,0.008000,0.000000,0.000600,0.008000,0.000000,0.000600,0.006000,0.000000,0.000000,1,1,1,582,205,378228,378228,208705,169523,0,60.00,12574,2909,572,0,0,0,12583,500.25,0.00,4,1326,0.0000,0.5000,0.5000,0.0000,0.5000
2026-04-27T17:38:02.167,9.708,1,-12.50,173.90,102.96,195.09,0,0.0000,0.0000,0.3000,0.0000,0.0000,0.0000,0.00,0.00,59.89,284.98,583,549,0.94168,0.94168,0.95540,0.95883,3,2,0,0.00000,0.00000,1.00000,0.0000,0.0000,0.0000,0.0000,0.0000,0.0000,0.00,0.00,0.00,1,1,0.0000,0.0000,0.3000,0.00,0.8300,0.4200,1.0000,6.50,180.00,1.050000,0.000000,0.000000,1.500000,0.000000,0.000000,1.200000,0.000000,0.000000,1.050000,0.000000,0.000000,1.350000,0.060000,0.000000,0.008000,0.000000,0.000600,0.008000,0.000000,0.000600,0.006000,0.000000,0.000000,1,1,1,583,205,378228,378228,208705,169523,0,60.00,12574,2909,572,0,0,0,12583,500.25,0.00,4,1326,0.0000,0.5000,0.5000,0.0000,0.5000
2026-04-27T17:38:02.183,9.724,1,-12.50,173.90,102.96,195.09,0,0.0000,0.0000,0.3000,0.0000,0.0000,0.0000,0.00,0.00,56.56,34.49,584,549,0.94007,0.94007,0.95548,0.95719,3,2,0,0.00000,0.00000,1.00000,0.0000,0.0000,0.0000,0.0000,0.0000,0.0000,0.00,0.00,0.00,1,1,0.0000,0.0000,0.3000,0.00,0.8300,0.4200,1.0000,6.50,180.00,1.050000,0.000000,0.000000,1.500000,0.000000,0.000000,1.200000,0.000000,0.000000,1.050000,0.000000,0.000000,1.350000,0.060000,0.000000,0.008000,0.000000,0.000600,0.008000,0.000000,0.000600,0.006000,0.000000,0.000000,1,1,1,584,205,378228,378228,208705,169523,0,60.00,12574,2909,572,0,0,0,12583,500.25,0.00,4,1326,0.0000,0.5000,0.5000,0.0000,0.5000
2026-04-27T17:38:02.200,9.741,1,-12.50,173.90,102.96,195.09,0,0.0000,0.0000,0.3000,0.0000,0.0000,0.0000,0.00,0.00,63.87,56.65,585,549,0.93846,0.93846,0.95556,0.95556,3,2,0,0.00000,0.00000,1.00000,0.0000,0.0000,0.0000,0.0000,0.0000,0.0000,0.00,0.00,0.00,1,1,0.0000,0.0000,0.3000,0.00,0.8300,0.4200,1.0000,6.50,180.00,1.050000,0.000000,0.000000,1.500000,0.000000,0.000000,1.200000,0.000000,0.000000,1.050000,0.000000,0.000000,1.350000,0.060000,0.000000,0.008000,0.000000,0.000600,0.008000,0.000000,0.000600,0.006000,0.000000,0.000000,1,1,1,585,205,378228,378228,208705,169523,0,60.00,12574,2909,572,0,0,0,12583,500.25,0.00,4,1326,0.0000,0.5000,0.5000,0.0000,0.5000
2026-04-27T17:38:02.218,9.759,1,-12.50,173.90,102.96,195.09,0,0.0000,0.0000,0.3000,0.0000,0.0000,0.0000,0.00,0.00,56.50,63.16,586,549,0.93686,0.93686,0.95563,0.95392,3,2,0,0.00000,0.00000,1.00000,0.0000,0.0000,0.0000,0.0000,0.0000,0.0000,0.00,0.00,0.00,1,1,0.0000,0.0000,0.3000,0.00,0.8300,0.4200,1.0000,6.50,180.00,1.050000,0.000000,0.000000,1.500000,0.000000,0.000000,1.200000,0.000000,0.000000,1.050000,0.000000,0.000000,1.350000,0.060000,0.000000,0.008000,0.000000,0.000600,0.008000,0.000000,0.000600,0.006000,0.000000,0.000000,1,1,1,586,205,378228,378228,208705,169523,0,60.00,12574,2909,572,0,0,0,12583,500.25,0.00,4,1326,0.0000,0.5000,0.5000,0.0000,0.5000
2026-04-27T17:38:02.233,9.774,1,-12.50,173.90,102.96,195.09,0,0.0000,0.0000,0.3000,0.0000,0.0000,0.0000,0.00,0.00,56.57,60.67,587,549,0.93526,0.93526,0.95571,0.95230,3,2,0,0.00000,0.00000,1.00000,0.0000,0.0000,0.0000,0.0000,0.0000,0.0000,0.00,0.00,0.00,1,1,0.0000,0.0000,0.3000,0.00,0.8300,0.4200,1.0000,6.50,180.00,1.050000,0.000000,0.000000,1.500000,0.000000,0.000000,1.200000,0.000000,0.000000,1.050000,0.000000,0.000000,1.350000,0.060000,0.000000,0.008000,0.000000,0.000600,0.008000,0.000000,0.000600,0.006000,0.000000,0.000000,1,1,1,587,205,378228,378228,208705,169523,0,60.00,12574,2909,572,0,0,0,12583,500.25,0.00,4,1326,0.0000,0.5000,0.5000,0.0000,0.5000
2026-04-27T17:38:02.250,9.791,1,-12.50,173.90,102.96,195.09,0,0.0000,0.0000,0.3000,0.0000,0.0000,0.0000,0.00,0.00,63.72,63.04,588,549,0.93367,0.93367,0.95578,0.95068,3,2,0,0.00000,0.00000,1.00000,0.0000,0.0000,0.0000,0.0000,0.0000,0.0000,0.00,0.00,0.00,1,1,0.0000,0.0000,0.3000,0.00,0.8300,0.4200,1.0000,6.50,180.00,1.050000,0.000000,0.000000,1.500000,0.000000,0.000000,1.200000,0.000000,0.000000,1.050000,0.000000,0.000000,1.350000,0.060000,0.000000,0.008000,0.000000,0.000600,0.008000,0.000000,0.000600,0.006000,0.000000,0.000000,1,1,1,588,205,378228,378228,208705,169523,0,60.00,12574,2909,572,0,0,0,12583,500.25,0.00,4,1326,0.0000,0.5000,0.5000,0.0000,0.5000
2026-04-27T17:38:02.267,9.808,1,-12.50,173.90,102.96,195.09,0,0.0000,0.0000,0.3000,0.0000,0.0000,0.0000,0.00,0.00,64.00,173.82,589,549,0.93209,0.93209,0.95586,0.94907,3,2,0,0.00000,0.00000,1.00000,0.0000,0.0000,0.0000,0.0000,0.0000,0.0000,0.00,0.00,0.00,1,1,0.0000,0.0000,0.3000,0.00,0.8300,0.4200,1.0000,6.50,180.00,1.050000,0.000000,0.000000,1.500000,0.000000,0.000000,1.200000,0.000000,0.000000,1.050000,0.000000,0.000000,1.350000,0.060000,0.000000,0.008000,0.000000,0.000600,0.008000,0.000000,0.000600,0.006000,0.000000,0.000000,1,1,1,589,205,378228,378228,208705,169523,0,60.00,12574,2909,572,0,0,0,12583,500.25,0.00,4,1326,0.0000,0.5000,0.5000,0.0000,0.5000
2026-04-27T17:38:02.278,9.819,1,-3.70,170.29,88.01,-36.04,0,0.0000,0.0000,0.3000,0.0000,0.0000,0.0000,0.00,0.00,59.93,39.69,590,549,0.93051,0.93051,0.95593,0.94746,3,2,0,0.00000,0.00000,1.00000,0.0000,0.0000,0.0000,0.0000,0.0000,0.0000,0.00,0.00,0.00,1,1,0.0000,0.0000,0.3000,0.00,0.8300,0.4200,1.0000,6.50,180.00,1.050000,0.000000,0.000000,1.500000,0.000000,0.000000,1.200000,0.000000,0.000000,1.050000,0.000000,0.000000,1.350000,0.060000,0.000000,0.008000,0.000000,0.000600,0.008000,0.000000,0.000600,0.006000,0.000000,0.000000,1,1,1,590,205,378228,378228,208705,169523,0,60.00,12574,2909,572,0,0,0,12583,500.25,0.00,4,1326,0.0000,0.5000,0.5000,0.0000,0.5000
2026-04-27T17:38:02.300,9.841,1,-3.70,170.29,88.01,-36.04,0,0.0000,0.0000,0.3000,0.0000,0.0000,0.0000,0.00,0.00,56.61,78.67,591,549,0.92893,0.92893,0.95601,0.94585,3,2,0,0.00000,0.00000,1.00000,0.0000,0.0000,0.0000,0.0000,0.0000,0.0000,0.00,0.00,0.00,1,1,0.0000,0.0000,0.3000,0.00,0.8300,0.4200,1.0000,6.50,180.00,1.050000,0.000000,0.000000,1.500000,0.000000,0.000000,1.200000,0.000000,0.000000,1.050000,0.000000,0.000000,1.350000,0.060000,0.000000,0.008000,0.000000,0.000600,0.008000,0.000000,0.000600,0.006000,0.000000,0.000000,1,1,1,591,205,378228,378228,208705,169523,0,60.00,12574,2909,572,0,0,0,12583,500.25,0.00,4,1326,0.0000,0.5000,0.5000,0.0000,0.5000
2026-04-27T17:38:02.317,9.858,1,-3.70,170.29,88.01,-36.04,0,0.0000,0.0000,0.3000,0.0000,0.0000,0.0000,0.00,0.00,63.94,40.14,592,549,0.92736,0.92736,0.95608,0.94426,3,2,0,0.00000,0.00000,1.00000,0.0000,0.0000,0.0000,0.0000,0.0000,0.0000,0.00,0.00,0.00,1,1,0.0000,0.0000,0.3000,0.00,0.8300,0.4200,1.0000,6.50,180.00,1.050000,0.000000,0.000000,1.500000,0.000000,0.000000,1.200000,0.000000,0.000000,1.050000,0.000000,0.000000,1.350000,0.060000,0.000000,0.008000,0.000000,0.000600,0.008000,0.000000,0.000600,0.006000,0.000000,0.000000,1,1,1,592,205,378228,378228,208705,169523,0,60.00,12574,2909,572,0,0,0,12583,500.25,0.00,4,1326,0.0000,0.5000,0.5000,0.0000,0.5000
2026-04-27T17:38:02.333,9.874,1,-2.30,171.20,13.71,8.88,0,0.0000,0.0000,0.3000,0.0000,0.0000,0.0000,0.00,0.00,56.58,72.09,593,549,0.92580,0.92580,0.95616,0.94266,3,2,0,0.00000,0.00000,1.00000,0.0000,0.0000,0.0000,0.0000,0.0000,0.0000,0.00,0.00,0.00,1,1,0.0000,0.0000,0.3000,0.00,0.8300,0.4200,1.0000,6.50,180.00,1.050000,0.000000,0.000000,1.500000,0.000000,0.000000,1.200000,0.000000,0.000000,1.050000,0.000000,0.000000,1.350000,0.060000,0.000000,0.008000,0.000000,0.000600,0.008000,0.000000,0.000600,0.006000,0.000000,0.000000,1,1,1,593,205,378228,378228,208705,169523,0,60.00,12574,2909,572,0,0,0,12583,500.25,0.00,4,1326,0.0000,0.5000,0.5000,0.0000,0.5000
2026-04-27T17:38:02.349,9.890,1,-2.30,171.20,13.71,8.88,0,0.0000,0.0000,0.3000,0.0000,0.0000,0.0000,0.00,0.00,63.93,53.56,594,549,0.92424,0.92424,0.95623,0.94108,3,2,0,0.00000,0.00000,1.00000,0.0000,0.0000,0.0000,0.0000,0.0000,0.0000,0.00,0.00,0.00,1,1,0.0000,0.0000,0.3000,0.00,0.8300,0.4200,1.0000,6.50,180.00,1.050000,0.000000,0.000000,1.500000,0.000000,0.000000,1.200000,0.000000,0.000000,1.050000,0.000000,0.000000,1.350000,0.060000,0.000000,0.008000,0.000000,0.000600,0.008000,0.000000,0.000600,0.006000,0.000000,0.000000,1,1,1,594,205,378228,378228,208705,169523,0,60.00,12574,2909,572,0,0,0,12583,500.25,0.00,4,1326,0.0000,0.5000,0.5000,0.0000,0.5000
2026-04-27T17:38:02.367,9.908,1,-2.30,171.20,13.71,8.88,0,0.0000,0.0000,0.3000,0.0000,0.0000,0.0000,0.00,0.00,59.99,97.56,595,549,0.92269,0.92269,0.95630,0.93950,3,2,0,0.00000,0.00000,1.00000,0.0000,0.0000,0.0000,0.0000,0.0000,0.0000,0.00,0.00,0.00,1,1,0.0000,0.0000,0.3000,0.00,0.8300,0.4200,1.0000,6.50,180.00,1.050000,0.000000,0.000000,1.500000,0.000000,0.000000,1.200000,0.000000,0.000000,1.050000,0.000000,0.000000,1.350000,0.060000,0.000000,0.008000,0.000000,0.000600,0.008000,0.000000,0.000600,0.006000,0.000000,0.000000,1,1,1,595,205,378228,378228,208705,169523,0,60.00,12574,2909,572,0,0,0,12583,500.25,0.00,4,1326,0.0000,0.5000,0.5000,0.0000,0.5000
2026-04-27T17:38:02.383,9.924,1,-2.30,171.20,13.71,8.88,0,0.0000,0.0000,0.3000,0.0000,0.0000,0.0000,0.00,0.00,59.95,43.23,596,549,0.92114,0.92114,0.95638,0.93792,3,2,0,0.00000,0.00000,1.00000,0.0000,0.0000,0.0000,0.0000,0.0000,0.0000,0.00,0.00,0.00,1,1,0.0000,0.0000,0.3000,0.00,0.8300,0.4200,1.0000,6.50,180.00,1.050000,0.000000,0.000000,1.500000,0.000000,0.000000,1.200000,0.000000,0.000000,1.050000,0.000000,0.000000,1.350000,0.060000,0.000000,0.008000,0.000000,0.000600,0.008000,0.000000,0.000600,0.006000,0.000000,0.000000,1,1,1,596,205,378228,378228,208705,169523,0,60.00,12574,2909,572,0,0,0,12583,500.25,0.00,4,1326,0.0000,0.5000,0.5000,0.0000,0.5000
2026-04-27T17:38:02.400,9.941,1,-2.30,171.20,13.71,8.88,0,0.0000,0.0000,0.3000,0.0000,0.0000,0.0000,0.00,0.00,60.07,59.24,597,549,0.91960,0.91960,0.95645,0.93635,3,2,0,0.00000,0.00000,1.00000,0.0000,0.0000,0.0000,0.0000,0.0000,0.0000,0.00,0.00,0.00,1,1,0.0000,0.0000,0.3000,0.00,0.8300,0.4200,1.0000,6.50,180.00,1.050000,0.000000,0.000000,1.500000,0.000000,0.000000,1.200000,0.000000,0.000000,1.050000,0.000000,0.000000,1.350000,0.060000,0.000000,0.008000,0.000000,0.000600,0.008000,0.000000,0.000600,0.006000,0.000000,0.000000,1,1,1,597,205,378228,378228,208705,169523,0,60.00,12574,2909,572,0,0,0,12583,500.25,0.00,4,1326,0.0000,0.5000,0.5000,0.0000,0.5000
2026-04-27T17:38:02.418,9.959,1,-2.30,171.20,13.71,8.88,0,0.0000,0.0000,0.3000,0.0000,0.0000,0.0000,0.00,0.00,59.81,60.87,598,549,0.91806,0.91806,0.95652,0.93478,3,2,0,0.00000,0.00000,1.00000,0.0000,0.0000,0.0000,0.0000,0.0000,0.0000,0.00,0.00,0.00,1,1,0.0000,0.0000,0.3000,0.00,0.8300,0.4200,1.0000,6.50,180.00,1.050000,0.000000,0.000000,1.500000,0.000000,0.000000,1.200000,0.000000,0.000000,1.050000,0.000000,0.000000,1.350000,0.060000,0.000000,0.008000,0.000000,0.000600,0.008000,0.000000,0.000600,0.006000,0.000000,0.000000,1,1,1,598,205,378228,378228,208705,169523,0,60.00,12574,2909,572,0,0,0,12583,500.25,0.00,4,1326,0.0000,0.5000,0.5000,0.0000,0.5000
2026-04-27T17:38:02.433,9.974,1,-2.30,171.20,13.71,8.88,0,0.0000,0.0000,0.3000,0.0000,0.0000,0.0000,0.00,0.00,56.41,76.53,599,549,0.91653,0.91653,0.95659,0.93322,3,2,0,0.00000,0.00000,1.00000,0.0000,0.0000,0.0000,0.0000,0.0000,0.0000,0.00,0.00,0.00,1,1,0.0000,0.0000,0.3000,0.00,0.8300,0.4200,1.0000,6.50,180.00,1.050000,0.000000,0.000000,1.500000,0.000000,0.000000,1.200000,0.000000,0.000000,1.050000,0.000000,0.000000,1.350000,0.060000,0.000000,0.008000,0.000000,0.000600,0.008000,0.000000,0.000600,0.006000,0.000000,0.000000,1,1,1,599,205,378228,378228,208705,169523,0,60.00,12574,2909,572,0,0,0,12583,500.25,0.00,4,1326,0.0000,0.5000,0.5000,0.0000,0.5000
2026-04-27T17:38:02.450,9.991,1,-2.30,171.20,13.71,8.88,0,0.0000,0.0000,0.3000,0.0000,0.0000,0.0000,0.00,0.00,60.28,48.37,600,549,0.91500,0.91500,0.95667,0.93167,3,2,0,0.00000,0.00000,1.00000,0.0000,0.0000,0.0000,0.0000,0.0000,0.0000,0.00,0.00,0.00,1,1,0.0000,0.0000,0.3000,0.00,0.8300,0.4200,1.0000,6.50,180.00,1.050000,0.000000,0.000000,1.500000,0.000000,0.000000,1.200000,0.000000,0.000000,1.050000,0.000000,0.000000,1.350000,0.060000,0.000000,0.008000,0.000000,0.000600,0.008000,0.000000,0.000600,0.006000,0.000000,0.000000,1,1,1,600,205,378228,378228,208705,169523,0,60.00,12574,2909,572,0,0,0,12583,500.25,0.00,4,1326,0.0000,0.5000,0.5000,0.0000,0.5000
2026-04-27T17:38:02.467,10.008,1,-2.30,171.20,13.71,8.88,0,0.0000,0.0000,0.3000,0.0000,0.0000,0.0000,0.00,0.00,64.44,62.69,601,549,0.91348,0.91348,0.95674,0.93012,3,2,0,0.00000,0.00000,1.00000,0.0000,0.0000,0.0000,0.0000,0.0000,0.0000,0.00,0.00,0.00,1,1,0.0000,0.0000,0.3000,0.00,0.8300,0.4200,1.0000,6.50,180.00,1.050000,0.000000,0.000000,1.500000,0.000000,0.000000,1.200000,0.000000,0.000000,1.050000,0.000000,0.000000,1.350000,0.060000,0.000000,0.008000,0.000000,0.000600,0.008000,0.000000,0.000600,0.006000,0.000000,0.000000,1,1,1,601,205,378228,378228,208705,169523,0,60.00,12574,2909,572,0,0,0,12583,500.25,0.00,4,1326,0.0000,0.5000,0.5000,0.0000,0.5000
2026-04-27T17:38:02.483,10.024,1,-2.30,171.20,13.71,8.88,0,0.0000,0.0000,0.3000,0.0000,0.0000,0.0000,0.00,0.00,56.20,60.73,602,549,0.91196,0.91196,0.95681,0.92857,3,2,0,0.00000,0.00000,1.00000,0.0000,0.0000,0.0000,0.0000,0.0000,0.0000,0.00,0.00,0.00,1,1,0.0000,0.0000,0.3000,0.00,0.8300,0.4200,1.0000,6.50,180.00,1.050000,0.000000,0.000000,1.500000,0.000000,0.000000,1.200000,0.000000,0.000000,1.050000,0.000000,0.000000,1.350000,0.060000,0.000000,0.008000,0.000000,0.000600,0.008000,0.000000,0.000600,0.006000,0.000000,0.000000,1,1,1,602,205,378228,378228,208705,169523,0,60.00,12574,2909,572,0,0,0,12583,500.25,0.00,4,1326,0.0000,0.5000,0.5000,0.0000,0.5000
2026-04-27T17:38:02.500,10.041,1,-2.30,171.20,13.71,8.88,0,0.0000,0.0000,0.3000,0.0000,0.0000,0.0000,0.00,0.00,63.98,59.52,603,549,0.91045,0.91045,0.95688,0.92703,3,2,0,0.00000,0.00000,1.00000,0.0000,0.0000,0.0000,0.0000,0.0000,0.0000,0.00,0.00,0.00,1,1,0.0000,0.0000,0.3000,0.00,0.8300,0.4200,1.0000,6.50,180.00,1.050000,0.000000,0.000000,1.500000,0.000000,0.000000,1.200000,0.000000,0.000000,1.050000,0.000000,0.000000,1.350000,0.060000,0.000000,0.008000,0.000000,0.000600,0.008000,0.000000,0.000600,0.006000,0.000000,0.000000,1,1,1,603,205,378228,378228,208705,169523,0,60.00,12574,2909,602,0,0,0,12613,501.76,0.00,4,1659,0.0000,0.5000,0.5000,0.0000,0.5000
2026-04-27T17:38:02.516,10.057,1,-2.30,171.20,13.71,8.88,0,0.0000,0.0000,0.3000,0.0000,0.0000,0.0000,0.00,0.00,59.52,56.28,604,549,0.90894,0.90894,0.95695,0.92550,3,2,0,0.00000,0.00000,1.00000,0.0000,0.0000,0.0000,0.0000,0.0000,0.0000,0.00,0.00,0.00,1,1,0.0000,0.0000,0.3000,0.00,0.8300,0.4200,1.0000,6.50,180.00,1.050000,0.000000,0.000000,1.500000,0.000000,0.000000,1.200000,0.000000,0.000000,1.050000,0.000000,0.000000,1.350000,0.060000,0.000000,0.008000,0.000000,0.000600,0.008000,0.000000,0.000600,0.006000,0.000000,0.000000,1,1,1,604,205,378228,378228,208705,169523,0,60.00,12574,2909,602,0,0,0,12613,501.76,0.00,4,1659,0.0000,0.5000,0.5000,0.0000,0.5000
2026-04-27T17:38:02.533,10.074,1,-1.09,173.90,10.68,23.31,0,0.0000,0.0000,0.3000,0.0000,0.0000,0.0000,0.00,0.00,57.90,59.60,605,549,0.90744,0.90744,0.95702,0.92397,3,2,0,0.00000,0.00000,1.00000,0.0000,0.0000,0.0000,0.0000,0.0000,0.0000,0.00,0.00,0.00,1,1,0.0000,0.0000,0.3000,0.00,0.8300,0.4200,1.0000,6.50,180.00,1.050000,0.000000,0.000000,1.500000,0.000000,0.000000,1.200000,0.000000,0.000000,1.050000,0.000000,0.000000,1.350000,0.060000,0.000000,0.008000,0.000000,0.000600,0.008000,0.000000,0.000600,0.006000,0.000000,0.000000,1,1,1,605,205,378228,378228,208705,169523,0,60.00,12574,2909,602,0,0,0,12613,501.76,0.00,4,1659,0.0000,0.5000,0.5000,0.0000,0.5000
2026-04-27T17:38:02.550,10.090,1,-1.09,173.90,10.68,23.31,0,0.0000,0.0000,0.3000,0.0000,0.0000,0.0000,0.00,0.00,65.47,66.97,606,549,0.90594,0.90594,0.95710,0.92244,3,2,0,0.00000,0.00000,1.00000,0.0000,0.0000,0.0000,0.0000,0.0000,0.0000,0.00,0.00,0.00,1,1,0.0000,0.0000,0.3000,0.00,0.8300,0.4200,1.0000,6.50,180.00,1.050000,0.000000,0.000000,1.500000,0.000000,0.000000,1.200000,0.000000,0.000000,1.050000,0.000000,0.000000,1.350000,0.060000,0.000000,0.008000,0.000000,0.000600,0.008000,0.000000,0.000600,0.006000,0.000000,0.000000,1,1,1,606,205,378228,378228,208705,169523,0,60.00,12574,2909,602,0,0,0,12613,501.76,0.00,4,1659,0.0000,0.5000,0.5000,0.0000,0.5000
2026-04-27T17:38:02.565,10.106,1,-1.09,173.90,10.68,23.31,0,0.0000,0.0000,0.3000,0.0000,0.0000,0.0000,0.00,0.00,59.05,58.30,607,549,0.90445,0.90445,0.95717,0.92092,3,2,0,0.00000,0.00000,1.00000,0.0000,0.0000,0.0000,0.0000,0.0000,0.0000,0.00,0.00,0.00,1,1,0.0000,0.0000,0.3000,0.00,0.8300,0.4200,1.0000,6.50,180.00,1.050000,0.000000,0.000000,1.500000,0.000000,0.000000,1.200000,0.000000,0.000000,1.050000,0.000000,0.000000,1.350000,0.060000,0.000000,0.008000,0.000000,0.000600,0.008000,0.000000,0.000600,0.006000,0.000000,0.000000,1,1,1,607,205,378228,378228,208705,169523,0,60.00,12574,2909,602,0,0,0,12613,501.76,0.00,4,1659,0.0000,0.5000,0.5000,0.0000,0.5000
2026-04-27T17:38:02.581,10.122,1,-1.09,173.90,10.68,23.31,0,0.0000,0.0000,0.3000,0.0000,0.0000,0.0000,0.00,0.00,66.01,60.78,608,549,0.90296,0.90296,0.95724,0.91941,3,2,0,0.00000,0.00000,1.00000,0.0000,0.0000,0.0000,0.0000,0.0000,0.0000,0.00,0.00,0.00,1,1,0.0000,0.0000,0.3000,0.00,0.8300,0.4200,1.0000,6.50,180.00,1.050000,0.000000,0.000000,1.500000,0.000000,0.000000,1.200000,0.000000,0.000000,1.050000,0.000000,0.000000,1.350000,0.060000,0.000000,0.008000,0.000000,0.000600,0.008000,0.000000,0.000600,0.006000,0.000000,0.000000,1,1,1,608,205,378228,378228,208705,169523,0,60.00,12574,2909,602,0,0,0,12613,501.76,0.00,4,1659,0.0000,0.5000,0.5000,0.0000,0.5000
2026-04-27T17:38:02.598,10.139,1,-1.09,173.90,10.68,23.31,0,0.0000,0.0000,0.3000,0.0000,0.0000,0.0000,0.00,0.00,60.78,58.89,609,549,0.90148,0.90148,0.95731,0.91790,3,2,0,0.00000,0.00000,1.00000,0.0000,0.0000,0.0000,0.0000,0.0000,0.0000,0.00,0.00,0.00,1,1,0.0000,0.0000,0.3000,0.00,0.8300,0.4200,1.0000,6.50,180.00,1.050000,0.000000,0.000000,1.500000,0.000000,0.000000,1.200000,0.000000,0.000000,1.050000,0.000000,0.000000,1.350000,0.060000,0.000000,0.008000,0.000000,0.000600,0.008000,0.000000,0.000600,0.006000,0.000000,0.000000,1,1,1,609,205,378228,378228,208705,169523,0,60.00,12574,2909,602,0,0,0,12613,501.76,0.00,4,1659,0.0000,0.5000,0.5000,0.0000,0.5000
2026-04-27T17:38:02.616,10.157,1,-1.09,173.90,10.68,23.31,0,0.0000,0.0000,0.3000,0.0000,0.0000,0.0000,0.00,0.00,52.67,60.36,610,549,0.90000,0.90000,0.95738,0.91639,3,2,0,0.00000,0.00000,1.00000,0.0000,0.0000,0.0000,0.0000,0.0000,0.0000,0.00,0.00,0.00,1,1,0.0000,0.0000,0.3000,0.00,0.8300,0.4200,1.0000,6.50,180.00,1.050000,0.000000,0.000000,1.500000,0.000000,0.000000,1.200000,0.000000,0.000000,1.050000,0.000000,0.000000,1.350000,0.060000,0.000000,0.008000,0.000000,0.000600,0.008000,0.000000,0.000600,0.006000,0.000000,0.000000,1,1,1,610,205,378228,378228,208705,169523,0,60.00,12574,2909,602,0,0,0,12613,501.76,0.00,4,1659,0.0000,0.5000,0.5000,0.0000,0.5000
2026-04-27T17:38:02.634,10.175,1,1.60,-179.80,26.40,61.78,0,0.0000,0.0000,0.3000,0.0000,0.0000,0.0000,0.00,0.00,58.12,58.72,611,549,0.89853,0.89853,0.95745,0.91489,3,2,0,0.00000,0.00000,1.00000,0.0000,0.0000,0.0000,0.0000,0.0000,0.0000,0.00,0.00,0.00,1,1,0.0000,0.0000,0.3000,0.00,0.8300,0.4200,1.0000,6.50,180.00,1.050000,0.000000,0.000000,1.500000,0.000000,0.000000,1.200000,0.000000,0.000000,1.050000,0.000000,0.000000,1.350000,0.060000,0.000000,0.008000,0.000000,0.000600,0.008000,0.000000,0.000600,0.006000,0.000000,0.000000,1,1,1,611,205,378228,378228,208705,169523,0,60.00,12574,2909,602,0,0,0,12613,501.76,0.00,4,1659,0.0000,0.5000,0.5000,0.0000,0.5000
2026-04-27T17:38:02.650,10.191,1,1.60,-179.80,26.40,61.78,0,0.0000,0.0000,0.3000,0.0000,0.0000,0.0000,0.00,0.00,59.12,59.36,612,549,0.89706,0.89706,0.95752,0.91340,3,2,0,0.00000,0.00000,1.00000,0.0000,0.0000,0.0000,0.0000,0.0000,0.0000,0.00,0.00,0.00,1,1,0.0000,0.0000,0.3000,0.00,0.8300,0.4200,1.0000,6.50,180.00,1.050000,0.000000,0.000000,1.500000,0.000000,0.000000,1.200000,0.000000,0.000000,1.050000,0.000000,0.000000,1.350000,0.060000,0.000000,0.008000,0.000000,0.000600,0.008000,0.000000,0.000600,0.006000,0.000000,0.000000,1,1,1,612,205,378228,378228,208705,169523,0,60.00,12574,2909,602,0,0,0,12613,501.76,0.00,4,1659,0.0000,0.5000,0.5000,0.0000,0.5000
2026-04-27T17:38:02.667,10.208,1,1.60,-179.80,26.40,61.78,0,0.0000,0.0000,0.3000,0.0000,0.0000,0.0000,0.00,0.00,61.62,255.67,613,549,0.89560,0.89560,0.95759,0.91191,3,2,0,0.00000,0.00000,1.00000,0.0000,0.0000,0.0000,0.0000,0.0000,0.0000,0.00,0.00,0.00,1,1,0.0000,0.0000,0.3000,0.00,0.8300,0.4200,1.0000,6.50,180.00,1.050000,0.000000,0.000000,1.500000,0.000000,0.000000,1.200000,0.000000,0.000000,1.050000,0.000000,0.000000,1.350000,0.060000,0.000000,0.008000,0.000000,0.000600,0.008000,0.000000,0.000600,0.006000,0.000000,0.000000,1,1,1,613,205,378228,378228,208705,169523,0,60.00,12574,2909,602,0,0,0,12613,501.76,0.00,4,1659,0.0000,0.5000,0.5000,0.0000,0.5000
2026-04-27T17:38:02.683,10.224,1,1.60,-179.80,26.40,61.78,0,0.0000,0.0000,0.3000,0.0000,0.0000,0.0000,0.00,0.00,58.18,34.05,614,549,0.89414,0.89414,0.95765,0.91042,3,2,0,0.00000,0.00000,1.00000,0.0000,0.0000,0.0000,0.0000,0.0000,0.0000,0.00,0.00,0.00,1,1,0.0000,0.0000,0.3000,0.00,0.8300,0.4200,1.0000,6.50,180.00,1.050000,0.000000,0.000000,1.500000,0.000000,0.000000,1.200000,0.000000,0.000000,1.050000,0.000000,0.000000,1.350000,0.060000,0.000000,0.008000,0.000000,0.000600,0.008000,0.000000,0.000600,0.006000,0.000000,0.000000,1,1,1,614,205,378228,378228,208705,169523,0,60.00,12574,2909,602,0,0,0,12613,501.76,0.00,4,1659,0.0000,0.5000,0.5000,0.0000,0.5000
2026-04-27T17:38:02.700,10.241,1,1.60,-179.80,26.40,61.78,0,0.0000,0.0000,0.3000,0.0000,0.0000,0.0000,0.00,0.00,63.97,98.81,615,549,0.89268,0.89268,0.95772,0.90894,3,2,0,0.00000,0.00000,1.00000,0.0000,0.0000,0.0000,0.0000,0.0000,0.0000,0.00,0.00,0.00,1,1,0.0000,0.0000,0.3000,0.00,0.8300,0.4200,1.0000,6.50,180.00,1.050000,0.000000,0.000000,1.500000,0.000000,0.000000,1.200000,0.000000,0.000000,1.050000,0.000000,0.000000,1.350000,0.060000,0.000000,0.008000,0.000000,0.000600,0.008000,0.000000,0.000600,0.006000,0.000000,0.000000,1,1,1,615,205,378228,378228,208705,169523,0,60.00,12574,2909,602,0,0,0,12613,501.76,0.00,4,1659,0.0000,0.5000,0.5000,0.0000,0.5000
2026-04-27T17:38:02.717,10.258,1,1.60,-179.80,26.40,61.78,0,0.0000,0.0000,0.3000,0.0000,0.0000,0.0000,0.00,0.00,59.99,84.01,616,549,0.89123,0.89123,0.95779,0.90747,3,2,0,0.00000,0.00000,1.00000,0.0000,0.0000,0.0000,0.0000,0.0000,0.0000,0.00,0.00,0.00,1,1,0.0000,0.0000,0.3000,0.00,0.8300,0.4200,1.0000,6.50,180.00,1.050000,0.000000,0.000000,1.500000,0.000000,0.000000,1.200000,0.000000,0.000000,1.050000,0.000000,0.000000,1.350000,0.060000,0.000000,0.008000,0.000000,0.000600,0.008000,0.000000,0.000600,0.006000,0.000000,0.000000,1,1,1,616,205,378228,378228,208705,169523,0,60.00,12574,2909,602,0,0,0,12613,501.76,0.00,4,1659,0.0000,0.5000,0.5000,0.0000,0.5000
2026-04-27T17:38:02.733,10.274,1,1.80,-179.50,1.97,2.98,0,0.0000,0.0000,0.3000,0.0000,0.0000,0.0000,0.00,0.00,57.97,39.22,617,549,0.88979,0.88979,0.95786,0.90600,3,2,0,0.00000,0.00000,1.00000,0.0000,0.0000,0.0000,0.0000,0.0000,0.0000,0.00,0.00,0.00,1,1,0.0000,0.0000,0.3000,0.00,0.8300,0.4200,1.0000,6.50,180.00,1.050000,0.000000,0.000000,1.500000,0.000000,0.000000,1.200000,0.000000,0.000000,1.050000,0.000000,0.000000,1.350000,0.060000,0.000000,0.008000,0.000000,0.000600,0.008000,0.000000,0.000600,0.006000,0.000000,0.000000,1,1,1,617,205,378228,378228,208705,169523,0,60.00,12574,2909,602,0,0,0,12613,501.76,0.00,4,1659,0.0000,0.5000,0.5000,0.0000,0.5000
2026-04-27T17:38:02.750,10.291,1,1.80,-179.50,1.97,2.98,0,0.0000,0.0000,0.3000,0.0000,0.0000,0.0000,0.00,0.00,62.15,75.43,618,549,0.88835,0.88835,0.95793,0.90453,3,2,0,0.00000,0.00000,1.00000,0.0000,0.0000,0.0000,0.0000,0.0000,0.0000,0.00,0.00,0.00,1,1,0.0000,0.0000,0.3000,0.00,0.8300,0.4200,1.0000,6.50,180.00,1.050000,0.000000,0.000000,1.500000,0.000000,0.000000,1.200000,0.000000,0.000000,1.050000,0.000000,0.000000,1.350000,0.060000,0.000000,0.008000,0.000000,0.000600,0.008000,0.000000,0.000600,0.006000,0.000000,0.000000,1,1,1,618,205,378228,378228,208705,169523,0,60.00,12574,2909,602,0,0,0,12613,501.76,0.00,4,1659,0.0000,0.5000,0.5000,0.0000,0.5000
2026-04-27T17:38:02.767,10.308,1,1.80,-179.50,1.97,2.98,0,0.0000,0.0000,0.3000,0.0000,0.0000,0.0000,0.00,0.00,60.05,76.78,619,549,0.88691,0.88691,0.95800,0.90307,3,2,0,0.00000,0.00000,1.00000,0.0000,0.0000,0.0000,0.0000,0.0000,0.0000,0.00,0.00,0.00,1,1,0.0000,0.0000,0.3000,0.00,0.8300,0.4200,1.0000,6.50,180.00,1.050000,0.000000,0.000000,1.500000,0.000000,0.000000,1.200000,0.000000,0.000000,1.050000,0.000000,0.000000,1.350000,0.060000,0.000000,0.008000,0.000000,0.000600,0.008000,0.000000,0.000600,0.006000,0.000000,0.000000,1,1,1,619,205,378228,378228,208705,169523,0,60.00,12574,2909,602,0,0,0,12613,501.76,0.00,4,1659,0.0000,0.5000,0.5000,0.0000,0.5000
2026-04-27T17:38:02.781,10.322,1,1.80,-179.50,1.97,2.98,0,0.0000,0.0000,0.3000,0.0000,0.0000,0.0000,0.00,0.00,59.96,39.00,620,549,0.88548,0.88548,0.95806,0.90161,3,2,0,0.00000,0.00000,1.00000,0.0000,0.0000,0.0000,0.0000,0.0000,0.0000,0.00,0.00,0.00,1,1,0.0000,0.0000,0.3000,0.00,0.8300,0.4200,1.0000,6.50,180.00,1.050000,0.000000,0.000000,1.500000,0.000000,0.000000,1.200000,0.000000,0.000000,1.050000,0.000000,0.000000,1.350000,0.060000,0.000000,0.008000,0.000000,0.000600,0.008000,0.000000,0.000600,0.006000,0.000000,0.000000,1,1,1,620,205,378228,378228,208705,169523,0,60.00,12574,2909,602,0,0,0,12613,501.76,0.00,4,1659,0.0000,0.5000,0.5000,0.0000,0.5000
2026-04-27T17:38:02.799,10.340,1,1.80,-179.50,1.97,2.98,0,0.0000,0.0000,0.3000,0.0000,0.0000,0.0000,0.00,0.00,68.20,56.24,621,549,0.88406,0.88406,0.95813,0.90016,3,2,0,0.00000,0.00000,1.00000,0.0000,0.0000,0.0000,0.0000,0.0000,0.0000,0.00,0.00,0.00,1,1,0.0000,0.0000,0.3000,0.00,0.8300,0.4200,1.0000,6.50,180.00,1.050000,0.000000,0.000000,1.500000,0.000000,0.000000,1.200000,0.000000,0.000000,1.050000,0.000000,0.000000,1.350000,0.060000,0.000000,0.008000,0.000000,0.000600,0.008000,0.000000,0.000600,0.006000,0.000000,0.000000,1,1,1,621,205,378228,378228,208705,169523,0,60.00,12574,2909,602,0,0,0,12613,501.76,0.00,4,1659,0.0000,0.5000,0.5000,0.0000,0.5000
2026-04-27T17:38:02.811,10.352,1,1.80,-179.50,1.97,2.98,0,0.0000,0.0000,0.3000,0.0000,0.0000,0.0000,0.00,0.00,56.24,82.10,622,549,0.88264,0.88264,0.95820,0.89871,3,2,0,0.00000,0.00000,1.00000,0.0000,0.0000,0.0000,0.0000,0.0000,0.0000,0.00,0.00,0.00,1,1,0.0000,0.0000,0.3000,0.00,0.8300,0.4200,1.0000,6.50,180.00,1.050000,0.000000,0.000000,1.500000,0.000000,0.000000,1.200000,0.000000,0.000000,1.050000,0.000000,0.000000,1.350000,0.060000,0.000000,0.008000,0.000000,0.000600,0.008000,0.000000,0.000600,0.006000,0.000000,0.000000,1,1,1,622,205,378228,378228,208705,169523,0,60.00,12574,2909,602,0,0,0,12613,501.76,0.00,4,1659,0.0000,0.5000,0.5000,0.0000,0.5000
2026-04-27T17:38:02.833,10.374,1,1.80,-179.50,0.00,0.00,0,0.0000,0.0000,0.3000,0.0000,0.0000,0.0000,0.00,0.00,54.85,47.35,623,549,0.88122,0.88122,0.95827,0.89727,3,2,0,0.00000,0.00000,1.00000,0.0000,0.0000,0.0000,0.0000,0.0000,0.0000,0.00,0.00,0.00,1,1,0.0000,0.0000,0.3000,0.00,0.8300,0.4200,1.0000,6.50,180.00,1.050000,0.000000,0.000000,1.500000,0.000000,0.000000,1.200000,0.000000,0.000000,1.050000,0.000000,0.000000,1.350000,0.060000,0.000000,0.008000,0.000000,0.000600,0.008000,0.000000,0.000600,0.006000,0.000000,0.000000,1,1,1,623,205,378228,378228,208705,169523,0,60.00,12574,2909,602,0,0,0,12613,501.76,0.00,4,1659,0.0000,0.5000,0.5000,0.0000,0.5000
2026-04-27T17:38:02.848,10.389,1,1.80,-179.50,0.00,0.00,0,0.0000,0.0000,0.3000,0.0000,0.0000,0.0000,0.00,0.00,55.29,62.19,624,549,0.87981,0.87981,0.95833,0.89583,3,2,0,0.00000,0.00000,1.00000,0.0000,0.0000,0.0000,0.0000,0.0000,0.0000,0.00,0.00,0.00,1,1,0.0000,0.0000,0.3000,0.00,0.8300,0.4200,1.0000,6.50,180.00,1.050000,0.000000,0.000000,1.500000,0.000000,0.000000,1.200000,0.000000,0.000000,1.050000,0.000000,0.000000,1.350000,0.060000,0.000000,0.008000,0.000000,0.000600,0.008000,0.000000,0.000600,0.006000,0.000000,0.000000,1,1,1,624,205,378288,378288,208765,169523,0,60.00,12634,2994,602,0,0,0,12613,501.76,0.00,4,1659,0.0000,0.5000,0.5000,0.0000,0.5000
2026-04-27T17:38:02.866,10.406,1,1.80,-179.50,0.00,0.00,0,0.0000,0.0000,0.3000,0.0000,0.0000,0.0000,0.00,0.00,66.39,58.50,625,549,0.87840,0.87840,0.95840,0.89440,3,2,0,0.00000,0.00000,1.00000,0.0000,0.0000,0.0000,0.0000,0.0000,0.0000,0.00,0.00,0.00,1,1,0.0000,0.0000,0.3000,0.00,0.8300,0.4200,1.0000,6.50,180.00,1.050000,0.000000,0.000000,1.500000,0.000000,0.000000,1.200000,0.000000,0.000000,1.050000,0.000000,0.000000,1.350000,0.060000,0.000000,0.008000,0.000000,0.000600,0.008000,0.000000,0.000600,0.006000,0.000000,0.000000,1,1,1,625,205,378288,378288,208765,169523,0,60.00,12634,2994,602,0,0,0,12613,501.76,0.00,4,1659,0.0000,0.5000,0.5000,0.0000,0.5000
2026-04-27T17:38:02.883,10.424,1,1.80,-179.50,0.00,0.00,0,0.0000,0.0000,0.3000,0.0000,0.0000,0.0000,0.00,0.00,66.27,65.12,626,549,0.87700,0.87700,0.95847,0.89297,3,2,0,0.00000,0.00000,1.00000,0.0000,0.0000,0.0000,0.0000,0.0000,0.0000,0.00,0.00,0.00,1,1,0.0000,0.0000,0.3000,0.00,0.8300,0.4200,1.0000,6.50,180.00,1.050000,0.000000,0.000000,1.500000,0.000000,0.000000,1.200000,0.000000,0.000000,1.050000,0.000000,0.000000,1.350000,0.060000,0.000000,0.008000,0.000000,0.000600,0.008000,0.000000,0.000600,0.006000,0.000000,0.000000,1,1,1,626,205,378288,378288,208765,169523,0,60.00,12634,2994,602,0,0,0,12613,501.76,0.00,4,1659,0.0000,0.5000,0.5000,0.0000,0.5000
2026-04-27T17:38:02.899,10.439,1,1.80,-179.50,0.00,0.00,0,0.0000,0.0000,0.3000,0.0000,0.0000,0.0000,0.00,0.00,57.60,56.67,627,549,0.87560,0.87560,0.95853,0.89155,3,2,0,0.00000,0.00000,1.00000,0.0000,0.0000,0.0000,0.0000,0.0000,0.0000,0.00,0.00,0.00,1,1,0.0000,0.0000,0.3000,0.00,0.8300,0.4200,1.0000,6.50,180.00,1.050000,0.000000,0.000000,1.500000,0.000000,0.000000,1.200000,0.000000,0.000000,1.050000,0.000000,0.000000,1.350000,0.060000,0.000000,0.008000,0.000000,0.000600,0.008000,0.000000,0.000600,0.006000,0.000000,0.000000,1,1,1,627,205,378288,378288,208765,169523,0,60.00,12634,2994,602,0,0,0,12613,501.76,0.00,4,1659,0.0000,0.5000,0.5000,0.0000,0.5000
2026-04-27T17:38:02.916,10.457,1,1.80,-179.50,0.00,0.00,0,0.0000,0.0000,0.3000,0.0000,0.0000,0.0000,0.00,0.00,57.52,80.25,628,549,0.87420,0.87420,0.95860,0.89013,3,2,0,0.00000,0.00000,1.00000,0.0000,0.0000,0.0000,0.0000,0.0000,0.0000,0.00,0.00,0.00,1,1,0.0000,0.0000,0.3000,0.00,0.8300,0.4200,1.0000,6.50,180.00,1.050000,0.000000,0.000000,1.500000,0.000000,0.000000,1.200000,0.000000,0.000000,1.050000,0.000000,0.000000,1.350000,0.060000,0.000000,0.008000,0.000000,0.000600,0.008000,0.000000,0.000600,0.006000,0.000000,0.000000,1,1,1,628,205,378288,378288,208765,169523,0,60.00,12634,2994,602,0,0,0,12613,501.76,0.00,4,1659,0.0000,0.5000,0.5000,0.0000,0.5000
2026-04-27T17:38:02.933,10.474,1,1.80,-179.50,0.00,0.00,0,0.0000,0.0000,0.3000,0.0000,0.0000,0.0000,0.00,0.00,58.04,49.46,629,549,0.87281,0.87281,0.95866,0.88871,3,2,0,0.00000,0.00000,1.00000,0.0000,0.0000,0.0000,0.0000,0.0000,0.0000,0.00,0.00,0.00,1,1,0.0000,0.0000,0.3000,0.00,0.8300,0.4200,1.0000,6.50,180.00,1.050000,0.000000,0.000000,1.500000,0.000000,0.000000,1.200000,0.000000,0.000000,1.050000,0.000000,0.000000,1.350000,0.060000,0.000000,0.008000,0.000000,0.000600,0.008000,0.000000,0.000600,0.006000,0.000000,0.000000,1,1,1,629,205,378288,378288,208765,169523,0,60.00,12634,2994,602,0,0,0,12613,501.76,0.00,4,1659,0.0000,0.5000,0.5000,0.0000,0.5000
