iso_time,elapsed_s,imu_ready,imu_pitch_deg,imu_roll_deg,imu_pitch_rate_deg_s,imu_roll_rate_deg_s,mocap_valid,mocap_x_error_m,mocap_y_error_m,mocap_z_error_m,mocap_vx_m_s,mocap_vy_m_s,mocap_vz_m_s,mocap_yaw_error_deg,mocap_yaw_rate_deg_s,backend_loop_hz,tracking_loop_hz,frames_processed,valid_pose_frames,pose_success_rate,full_marker_detection_rate,cam1_full_detection_rate,cam2_full_detection_rate,cam1_leds,cam2_leds,spatial_data_valid,mapping_error_px,model_fit_error_m,scale_factor,position_x_m,position_y_m,position_z_m,velocity_x_m_s,velocity_y_m_s,velocity_z_m_s,yaw_deg,pitch_deg,roll_deg,control_active,control_armed,target_x_m,target_y_m,target_z_m,target_yaw_deg,limit_hover_throttle,limit_min_throttle,limit_max_throttle,limit_max_tilt_deg,limit_max_yaw_rate_deg,pid_xyPos_kp,pid_xyPos_ki,pid_xyPos_kd,pid_zPos_kp,pid_zPos_ki,pid_zPos_kd,pid_yawPos_kp,pid_yawPos_ki,pid_yawPos_kd,pid_xyVel_kp,pid_xyVel_ki,pid_xyVel_kd,pid_zVel_kp,pid_zVel_ki,pid_zVel_kd,pid_roll_kp,pid_roll_ki,pid_roll_kd,pid_pitch_kp,pid_pitch_ki,pid_pitch_kd,pid_yawRate_kp,pid_yawRate_ki,pid_yawRate_kd,serial_connected,serial_send_enabled,serial_send_ok,serial_payload_seq,serial_payload_size_bytes,bridge_serial_frames_rx,bridge_espnow_tx_attempts,bridge_espnow_tx_ok,bridge_espnow_tx_fail,bridge_oversize_drops,bridge_tx_rate_hz,bridge_last_tx_seq,bridge_last_tx_latency_us,controller_rx_packets,controller_rx_missing_packets,controller_rx_duplicate_packets,controller_rx_out_of_order_packets,controller_last_rx_seq,controller_loop_hz,controller_control_hz,controller_command_age_ms,controller_apply_latency_us,controller_motor_imbalance,motor_1_output,motor_2_output,motor_3_output,motor_4_output
2026-04-27T19:15:21.746,0.018,1,0.10,0.10,0.00,0.00,1,-0.0114,0.1460,0.3827,0.0000,0.0000,0.0000,11.36,0.00,56.24,65.60,1,1,1.00000,1.00000,1.00000,1.00000,3,3,1,24.20185,0.00225,1.03588,0.0114,-0.1460,0.0173,0.0000,0.0000,0.0000,-11.36,-8.92,1.40,1,1,0.0000,0.0000,0.4000,0.00,0.8200,0.3500,1.0000,6.00,180.00,5.000000,0.050000,0.000000,1.100000,0.000000,0.000000,1.200000,0.000000,0.000000,1.350000,0.000000,0.000000,0.850000,0.020000,0.000000,0.008000,0.000000,0.000600,0.008000,0.000000,0.000600,0.006000,0.000000,0.000000,1,1,1,1,228,0,0,0,0,0,0.00,0,0,0,0,0,0,0,0.00,0.00,0,0,0.0000,0.0000,0.0000,0.0000,0.0000
2026-04-27T19:15:21.759,0.031,1,0.10,0.10,0.00,0.00,1,-0.0113,0.1459,0.3827,0.0000,0.0000,0.0000,11.44,-6.24,58.96,60.87,2,2,1.00000,1.00000,1.00000,1.00000,3,3,1,24.28067,0.00227,1.03575,0.0113,-0.1459,0.0173,0.0000,0.0000,0.0000,-11.44,-9.02,1.39,1,1,0.0000,0.0000,0.4000,0.00,0.8200,0.3500,1.0000,6.00,180.00,5.000000,0.050000,0.000000,1.100000,0.000000,0.000000,1.200000,0.000000,0.000000,1.350000,0.000000,0.000000,0.850000,0.020000,0.000000,0.008000,0.000000,0.000600,0.008000,0.000000,0.000600,0.006000,0.000000,0.000000,1,1,1,2,229,0,0,0,0,0,0.00,0,0,0,0,0,0,0,0.00,0.00,0,0,0.0000,0.0000,0.0000,0.0000,0.0000
2026-04-27T19:15:21.778,0.050,1,0.10,0.10,0.00,0.00,1,-0.0113,0.1458,0.3828,0.0000,0.0000,0.0000,11.42,1.04,81.71,58.21,3,3,1.00000,1.00000,1.00000,1.00000,3,3,1,24.22515,0.00230,1.03853,0.0113,-0.1458,0.0172,0.0000,0.0000,0.0000,-11.42,-9.03,1.44,1,1,0.0000,0.0000,0.4000,0.00,0.8200,0.3500,1.0000,6.00,180.00,5.000000,0.050000,0.000000,1.100000,0.000000,0.000000,1.200000,0.000000,0.000000,1.350000,0.000000,0.000000,0.850000,0.020000,0.000000,0.008000,0.000000,0.000600,0.008000,0.000000,0.000600,0.006000,0.000000,0.000000,1,1,1,3,229,0,0,0,0,0,0.00,0,0,0,0,0,0,0,0.00,0.00,0,0,0.0000,0.0000,0.0000,0.0000,0.0000
2026-04-27T19:15:21.792,0.065,1,0.10,0.10,0.00,0.00,1,-0.0111,0.1458,0.3826,0.0000,0.0000,0.0000,11.41,0.66,52.89,59.16,4,4,1.00000,1.00000,1.00000,1.00000,3,3,1,24.28310,0.00223,1.03596,0.0111,-0.1458,0.0174,0.0000,0.0000,0.0000,-11.41,-8.81,1.48,1,1,0.0000,0.0000,0.4000,0.00,0.8200,0.3500,1.0000,6.00,180.00,5.000000,0.050000,0.000000,1.100000,0.000000,0.000000,1.200000,0.000000,0.000000,1.350000,0.000000,0.000000,0.850000,0.020000,0.000000,0.008000,0.000000,0.000600,0.008000,0.000000,0.000600,0.006000,0.000000,0.000000,1,1,1,4,229,0,0,0,0,0,0.00,0,0,0,0,0,0,0,0.00,0.00,0,0,0.0000,0.0000,0.0000,0.0000,0.0000
2026-04-27T19:15:21.808,0.080,1,0.10,0.10,0.00,0.00,1,-0.0112,0.1458,0.3827,0.0000,0.0000,0.0000,11.42,-0.65,75.51,160.93,5,5,1.00000,1.00000,1.00000,1.00000,3,3,1,24.27883,0.00227,1.03614,0.0112,-0.1458,0.0173,0.0000,0.0000,0.0000,-11.42,-8.83,1.44,1,1,0.0000,0.0000,0.4000,0.00,0.8200,0.3500,1.0000,6.00,180.00,5.000000,0.050000,0.000000,1.100000,0.000000,0.000000,1.200000,0.000000,0.000000,1.350000,0.000000,0.000000,0.850000,0.020000,0.000000,0.008000,0.000000,0.000600,0.008000,0.000000,0.000600,0.006000,0.000000,0.000000,1,1,1,5,229,0,0,0,0,0,0.00,0,0,0,0,0,0,0,0.00,0.00,0,0,0.0000,0.0000,0.0000,0.0000,0.0000
2026-04-27T19:15:21.823,0.096,1,0.10,0.10,0.00,0.00,1,-0.0112,0.1458,0.3829,0.0000,0.0000,0.0000,11.37,3.17,65.08,37.64,6,6,1.00000,1.00000,1.00000,1.00000,3,3,1,24.29021,0.00240,1.03861,0.0112,-0.1458,0.0171,0.0000,0.0000,0.0000,-11.37,-8.94,1.39,1,1,0.0000,0.0000,0.4000,0.00,0.8200,0.3500,1.0000,6.00,180.00,5.000000,0.050000,0.000000,1.100000,0.000000,0.000000,1.200000,0.000000,0.000000,1.350000,0.000000,0.000000,0.850000,0.020000,0.000000,0.008000,0.000000,0.000600,0.008000,0.000000,0.000600,0.006000,0.000000,0.000000,1,1,1,6,229,0,0,0,0,0,0.00,0,0,0,0,0,0,0,0.00,0.00,0,0,0.0000,0.0000,0.0000,0.0000,0.0000
2026-04-27T19:15:21.839,0.111,1,0.10,0.10,0.00,0.00,1,-0.0112,0.1458,0.3828,0.0000,0.0000,0.0000,11.35,1.27,63.33,218.06,7,7,1.00000,1.00000,1.00000,1.00000,3,3,1,24.24354,0.00233,1.03834,0.0112,-0.1458,0.0172,0.0000,0.0000,0.0000,-11.35,-8.96,1.48,1,1,0.0000,0.0000,0.4000,0.00,0.8200,0.3500,1.0000,6.00,180.00,5.000000,0.050000,0.000000,1.100000,0.000000,0.000000,1.200000,0.000000,0.000000,1.350000,0.000000,0.000000,0.850000,0.020000,0.000000,0.008000,0.000000,0.000600,0.008000,0.000000,0.000600,0.006000,0.000000,0.000000,1,1,1,7,229,0,0,0,0,0,0.00,0,0,0,0,0,0,0,0.00,0.00,0,0,0.0000,0.0000,0.0000,0.0000,0.0000
2026-04-27T19:15:21.860,0.132,1,0.10,0.10,0.00,0.00,1,-0.0111,0.1458,0.3826,0.0000,0.0000,0.0000,11.34,0.51,63.30,34.75,8,8,1.00000,1.00000,1.00000,1.00000,3,3,1,24.26031,0.00222,1.03515,0.0111,-0.1458,0.0174,0.0000,0.0000,0.0000,-11.34,-8.77,1.57,1,1,0.0000,0.0000,0.4000,0.00,0.8200,0.3500,1.0000,6.00,180.00,5.000000,0.050000,0.000000,1.100000,0.000000,0.000000,1.200000,0.000000,0.000000,1.350000,0.000000,0.000000,0.850000,0.020000,0.000000,0.008000,0.000000,0.000600,0.008000,0.000000,0.000600,0.006000,0.000000,0.000000,1,1,1,8,229,0,0,0,0,0,0.00,0,0,0,0,0,0,0,0.00,0.00,0,0,0.0000,0.0000,0.0000,0.0000,0.0000
2026-04-27T19:15:21.876,0.148,1,0.10,0.10,0.00,0.00,1,-0.0113,0.1460,0.3827,0.0000,0.0000,0.0000,11.34,0.00,45.72,58.79,9,9,1.00000,1.00000,1.00000,1.00000,3,3,1,24.25887,0.00238,1.03480,0.0113,-0.1460,0.0173,0.0000,0.0000,0.0000,-11.34,-9.14,1.52,1,1,0.0000,0.0000,0.4000,0.00,0.8200,0.3500,1.0000,6.00,180.00,5.000000,0.050000,0.000000,1.100000,0.000000,0.000000,1.200000,0.000000,0.000000,1.350000,0.000000,0.000000,0.850000,0.020000,0.000000,0.008000,0.000000,0.000600,0.008000,0.000000,0.000600,0.006000,0.000000,0.000000,1,1,1,9,229,0,0,0,0,0,0.00,0,0,0,0,0,0,0,0.00,0.00,0,0,0.0000,0.0000,0.0000,0.0000,0.0000
2026-04-27T19:15:21.892,0.164,1,0.10,0.10,0.00,0.00,1,-0.0113,0.1460,0.3828,0.0000,0.0000,0.0000,11.40,-3.72,68.53,154.45,10,10,1.00000,1.00000,1.00000,1.00000,3,3,1,24.28914,0.00233,1.03689,0.0113,-0.1460,0.0172,0.0000,0.0000,0.0000,-11.40,-9.20,1.37,1,1,0.0000,0.0000,0.4000,0.00,0.8200,0.3500,1.0000,6.00,180.00,5.000000,0.050000,0.000000,1.100000,0.000000,0.000000,1.200000,0.000000,0.000000,1.350000,0.000000,0.000000,0.850000,0.020000,0.000000,0.008000,0.000000,0.000600,0.008000,0.000000,0.000600,0.006000,0.000000,0.000000,1,1,1,10,227,0,0,0,0,0,0.00,0,0,0,0,0,0,0,0.00,0.00,0,0,0.0000,0.0000,0.0000,0.0000,0.0000
2026-04-27T19:15:21.908,0.180,1,0.10,0.10,0.00,0.00,1,-0.0111,0.1460,0.3827,0.0000,0.0000,0.0000,11.33,4.39,62.05,37.26,11,11,1.00000,1.00000,1.00000,1.00000,3,3,1,24.27246,0.00228,1.03535,0.0111,-0.1460,0.0173,0.0000,0.0000,0.0000,-11.33,-8.94,1.38,1,1,0.0000,0.0000,0.4000,0.00,0.8200,0.3500,1.0000,6.00,180.00,5.000000,0.050000,0.000000,1.100000,0.000000,0.000000,1.200000,0.000000,0.000000,1.350000,0.000000,0.000000,0.850000,0.020000,0.000000,0.008000,0.000000,0.000600,0.008000,0.000000,0.000600,0.006000,0.000000,0.000000,1,1,1,11,229,0,0,0,0,0,0.00,0,0,0,0,0,0,0,0.00,0.00,0,0,0.0000,0.0000,0.0000,0.0000,0.0000
2026-04-27T19:15:21.925,0.197,1,0.10,0.10,0.00,0.00,1,-0.0114,0.1460,0.3831,0.0000,0.0000,-0.0103,11.38,-3.16,62.66,60.02,12,12,1.00000,1.00000,1.00000,1.00000,3,3,1,24.22939,0.00247,1.04089,0.0114,-0.1460,0.0169,0.0000,0.0000,-0.0103,-11.38,-9.37,1.17,1,1,0.0000,0.0000,0.4000,0.00,0.8200,0.3500,1.0000,6.00,180.00,5.000000,0.050000,0.000000,1.100000,0.000000,0.000000,1.200000,0.000000,0.000000,1.350000,0.000000,0.000000,0.850000,0.020000,0.000000,0.008000,0.000000,0.000600,0.008000,0.000000,0.000600,0.006000,0.000000,0.000000,1,1,1,12,233,0,0,0,0,0,0.00,0,0,0,0,0,0,0,0.00,0.00,0,0,0.0000,0.0000,0.0000,0.0000,0.0000
2026-04-27T19:15:21.942,0.215,1,0.10,0.10,0.00,0.00,1,-0.0111,0.1459,0.3827,0.0000,0.0000,0.0000,11.39,-0.53,58.85,68.80,13,13,1.00000,1.00000,1.00000,1.00000,3,3,1,24.28310,0.00223,1.03596,0.0111,-0.1459,0.0173,0.0000,0.0000,0.0000,-11.39,-8.97,1.34,1,1,0.0000,0.0000,0.4000,0.00,0.8200,0.3500,1.0000,6.00,180.00,5.000000,0.050000,0.000000,1.100000,0.000000,0.000000,1.200000,0.000000,0.000000,1.350000,0.000000,0.000000,0.850000,0.020000,0.000000,0.008000,0.000000,0.000600,0.008000,0.000000,0.000600,0.006000,0.000000,0.000000,1,1,1,13,229,0,0,0,0,0,0.00,0,0,0,0,0,0,0,0.00,0.00,0,0,0.0000,0.0000,0.0000,0.0000,0.0000
2026-04-27T19:15:21.960,0.232,1,0.10,0.10,0.00,0.00,1,-0.0111,0.1458,0.3827,0.0000,0.0000,0.0000,11.30,5.40,56.69,115.27,14,14,1.00000,1.00000,1.00000,1.00000,3,3,1,24.23674,0.00235,1.03745,0.0111,-0.1458,0.0173,0.0000,0.0000,0.0000,-11.30,-8.86,1.37,1,1,0.0000,0.0000,0.4000,0.00,0.8200,0.3500,1.0000,6.00,180.00,5.000000,0.050000,0.000000,1.100000,0.000000,0.000000,1.200000,0.000000,0.000000,1.350000,0.000000,0.000000,0.850000,0.020000,0.000000,0.008000,0.000000,0.000600,0.008000,0.000000,0.000600,0.006000,0.000000,0.000000,1,1,1,14,228,0,0,0,0,0,0.00,0,0,0,0,0,0,0,0.00,0.00,0,0,0.0000,0.0000,0.0000,0.0000,0.0000
2026-04-27T19:15:21.975,0.247,1,0.10,0.10,0.00,0.00,1,-0.0110,0.1459,0.3825,0.0000,0.0000,0.0000,11.32,-1.38,57.32,38.46,15,15,1.00000,1.00000,1.00000,1.00000,3,3,1,24.26543,0.00224,1.03396,0.0110,-0.1459,0.0175,0.0000,0.0000,0.0000,-11.32,-8.76,1.47,1,1,0.0000,0.0000,0.4000,0.00,0.8200,0.3500,1.0000,6.00,180.00,5.000000,0.050000,0.000000,1.100000,0.000000,0.000000,1.200000,0.000000,0.000000,1.350000,0.000000,0.000000,0.850000,0.020000,0.000000,0.008000,0.000000,0.000600,0.008000,0.000000,0.000600,0.006000,0.000000,0.000000,1,1,1,15,229,0,0,0,0,0,0.00,0,0,0,0,0,0,0,0.00,0.00,0,0,0.0000,0.0000,0.0000,0.0000,0.0000
2026-04-27T19:15:21.992,0.265,1,0.10,0.10,0.00,0.00,1,-0.0111,0.1459,0.3825,0.0000,0.0000,0.0000,11.35,-1.95,63.35,56.50,16,16,1.00000,1.00000,1.00000,1.00000,3,3,1,24.26736,0.00223,1.03523,0.0111,-0.1459,0.0175,0.0000,0.0000,0.0000,-11.35,-8.73,1.42,1,1,0.0000,0.0000,0.4000,0.00,0.8200,0.3500,1.0000,6.00,180.00,5.000000,0.050000,0.000000,1.100000,0.000000,0.000000,1.200000,0.000000,0.000000,1.350000,0.000000,0.000000,0.850000,0.020000,0.000000,0.008000,0.000000,0.000600,0.008000,0.000000,0.000600,0.006000,0.000000,0.000000,1,1,1,16,229,0,0,0,0,0,0.00,0,0,0,0,0,0,0,0.00,0.00,0,0,0.0000,0.0000,0.0000,0.0000,0.0000
2026-04-27T19:15:22.009,0.281,1,0.10,0.10,0.00,0.00,1,-0.0114,0.1459,0.3829,0.0000,0.0000,0.0000,11.44,-4.75,55.97,60.90,17,17,1.00000,1.00000,1.00000,1.00000,3,3,1,24.25210,0.00225,1.03632,0.0114,-0.1459,0.0171,0.0000,0.0000,0.0000,-11.44,-8.95,1.33,1,1,0.0000,0.0000,0.4000,0.00,0.8200,0.3500,1.0000,6.00,180.00,5.000000,0.050000,0.000000,1.100000,0.000000,0.000000,1.200000,0.000000,0.000000,1.350000,0.000000,0.000000,0.850000,0.020000,0.000000,0.008000,0.000000,0.000600,0.008000,0.000000,0.000600,0.006000,0.000000,0.000000,1,1,1,17,229,0,0,0,0,0,0.00,0,0,0,0,0,0,0,0.00,0.00,0,0,0.0000,0.0000,0.0000,0.0000,0.0000
2026-04-27T19:15:22.024,0.296,1,0.10,0.10,0.00,0.00,1,-0.0112,0.1460,0.3827,0.0000,0.0000,0.0000,11.36,5.00,60.56,65.31,18,18,1.00000,1.00000,1.00000,1.00000,3,3,1,24.25874,0.00231,1.03519,0.0112,-0.1460,0.0173,0.0000,0.0000,0.0000,-11.36,-9.04,1.34,1,1,0.0000,0.0000,0.4000,0.00,0.8200,0.3500,1.0000,6.00,180.00,5.000000,0.050000,0.000000,1.100000,0.000000,0.000000,1.200000,0.000000,0.000000,1.350000,0.000000,0.000000,0.850000,0.020000,0.000000,0.008000,0.000000,0.000600,0.008000,0.000000,0.000600,0.006000,0.000000,0.000000,1,1,1,18,229,0,0,0,0,0,0.00,0,0,0,0,0,0,0,0.00,0.00,0,0,0.0000,0.0000,0.0000,0.0000,0.0000
2026-04-27T19:15:22.042,0.314,1,0.10,0.10,0.00,0.00,1,-0.0112,0.1460,0.3825,0.0000,0.0000,0.0000,11.34,1.19,67.40,55.61,19,19,1.00000,1.00000,1.00000,1.00000,3,3,1,24.24208,0.00225,1.03467,0.0112,-0.1460,0.0175,0.0000,0.0000,0.0000,-11.34,-8.99,1.39,1,1,0.0000,0.0000,0.4000,0.00,0.8200,0.3500,1.0000,6.00,180.00,5.000000,0.050000,0.000000,1.100000,0.000000,0.000000,1.200000,0.000000,0.000000,1.350000,0.000000,0.000000,0.850000,0.020000,0.000000,0.008000,0.000000,0.000600,0.008000,0.000000,0.000600,0.006000,0.000000,0.000000,1,1,1,19,229,0,0,0,0,0,0.00,0,0,0,0,0,0,0,0.00,0.00,0,0,0.0000,0.0000,0.0000,0.0000,0.0000
2026-04-27T19:15:22.058,0.330,1,0.10,0.10,0.00,0.00,1,-0.0110,0.1459,0.3825,0.0000,0.0000,0.0000,11.32,1.24,57.35,60.01,20,20,1.00000,1.00000,1.00000,1.00000,3,3,1,24.25813,0.00222,1.03527,0.0110,-0.1459,0.0175,0.0000,0.0000,0.0000,-11.32,-8.75,1.49,1,1,0.0000,0.0000,0.4000,0.00,0.8200,0.3500,1.0000,6.00,180.00,5.000000,0.050000,0.000000,1.100000,0.000000,0.000000,1.200000,0.000000,0.000000,1.350000,0.000000,0.000000,0.850000,0.020000,0.000000,0.008000,0.000000,0.000600,0.008000,0.000000,0.000600,0.006000,0.000000,0.000000,1,1,1,20,229,0,0,0,0,0,0.00,0,0,0,0,0,0,0,0.00,0.00,0,0,0.0000,0.0000,0.0000,0.0000,0.0000
2026-04-27T19:15:22.075,0.347,1,0.10,0.10,0.00,0.00,1,-0.0110,0.1459,0.3827,0.0000,0.0000,0.0000,11.28,2.40,59.64,65.36,21,21,1.00000,1.00000,1.00000,1.00000,3,3,1,24.27489,0.00235,1.03793,0.0110,-0.1459,0.0173,0.0000,0.0000,0.0000,-11.28,-8.75,1.40,1,1,0.0000,0.0000,0.4000,0.00,0.8200,0.3500,1.0000,6.00,180.00,5.000000,0.050000,0.000000,1.100000,0.000000,0.000000,1.200000,0.000000,0.000000,1.350000,0.000000,0.000000,0.850000,0.020000,0.000000,0.008000,0.000000,0.000600,0.008000,0.000000,0.000600,0.006000,0.000000,0.000000,1,1,1,21,228,0,0,0,0,0,0.00,0,0,0,0,0,0,0,0.00,0.00,0,0,0.0000,0.0000,0.0000,0.0000,0.0000
2026-04-27T19:15:22.089,0.361,1,0.10,0.10,0.00,0.00,1,-0.0111,0.1460,0.3826,0.0000,0.0000,0.0000,11.29,-0.65,64.32,55.96,22,22,1.00000,1.00000,1.00000,1.00000,3,3,1,24.22641,0.00222,1.03377,0.0111,-0.1460,0.0174,0.0000,0.0000,0.0000,-11.29,-8.74,1.44,1,1,0.0000,0.0000,0.4000,0.00,0.8200,0.3500,1.0000,6.00,180.00,5.000000,0.050000,0.000000,1.100000,0.000000,0.000000,1.200000,0.000000,0.000000,1.350000,0.000000,0.000000,0.850000,0.020000,0.000000,0.008000,0.000000,0.000600,0.008000,0.000000,0.000600,0.006000,0.000000,0.000000,1,1,1,22,229,0,0,0,0,0,0.00,0,0,0,0,0,0,0,0.00,0.00,0,0,0.0000,0.0000,0.0000,0.0000,0.0000
2026-04-27T19:15:22.108,0.380,1,0.10,0.10,0.00,0.00,1,-0.0112,0.1459,0.3827,0.0000,0.0000,0.0000,11.34,-2.66,56.35,59.51,23,23,1.00000,1.00000,1.00000,1.00000,3,3,1,24.25094,0.00224,1.03463,0.0112,-0.1459,0.0173,0.0000,0.0000,0.0000,-11.34,-8.77,1.45,1,1,0.0000,0.0000,0.4000,0.00,0.8200,0.3500,1.0000,6.00,180.00,5.000000,0.050000,0.000000,1.100000,0.000000,0.000000,1.200000,0.000000,0.000000,1.350000,0.000000,0.000000,0.850000,0.020000,0.000000,0.008000,0.000000,0.000600,0.008000,0.000000,0.000600,0.006000,0.000000,0.000000,1,1,1,23,229,0,0,0,0,0,0.00,0,0,0,0,0,0,0,0.00,0.00,0,0,0.0000,0.0000,0.0000,0.0000,0.0000
2026-04-27T19:15:22.125,0.397,1,0.10,0.10,0.00,0.00,1,-0.0111,0.1458,0.3827,0.0000,0.0000,0.0000,11.34,0.00,59.94,65.28,24,24,1.00000,1.00000,1.00000,1.00000,3,3,1,24.28989,0.00236,1.03687,0.0111,-0.1458,0.0173,0.0000,0.0000,0.0000,-11.34,-8.75,1.41,1,1,0.0000,0.0000,0.4000,0.00,0.8200,0.3500,1.0000,6.00,180.00,5.000000,0.050000,0.000000,1.100000,0.000000,0.000000,1.200000,0.000000,0.000000,1.350000,0.000000,0.000000,0.850000,0.020000,0.000000,0.008000,0.000000,0.000600,0.008000,0.000000,0.000600,0.006000,0.000000,0.000000,1,1,1,24,229,0,0,0,0,0,0.00,0,0,0,0,0,0,0,0.00,0.00,0,0,0.0000,0.0000,0.0000,0.0000,0.0000
2026-04-27T19:15:22.141,0.413,1,0.10,0.10,0.00,0.00,1,-0.0111,0.1458,0.3827,0.0000,0.0000,0.0000,11.38,-2.40,64.30,55.51,25,25,1.00000,1.00000,1.00000,1.00000,3,3,1,24.26497,0.00222,1.03418,0.0111,-0.1458,0.0173,0.0000,0.0000,0.0000,-11.38,-8.73,1.54,1,1,0.0000,0.0000,0.4000,0.00,0.8200,0.3500,1.0000,6.00,180.00,5.000000,0.050000,0.000000,1.100000,0.000000,0.000000,1.200000,0.000000,0.000000,1.350000,0.000000,0.000000,0.850000,0.020000,0.000000,0.008000,0.000000,0.000600,0.008000,0.000000,0.000600,0.006000,0.000000,0.000000,1,1,1,25,229,0,0,0,0,0,0.00,0,0,0,0,0,0,0,0.00,0.00,0,0,0.0000,0.0000,0.0000,0.0000,0.0000
2026-04-27T19:15:22.158,0.431,1,0.10,0.10,0.00,0.00,1,-0.0113,0.1460,0.3827,0.0000,0.0000,0.0000,11.37,0.57,56.23,59.87,26,26,1.00000,1.00000,1.00000,1.00000,3,3,1,24.24855,0.00235,1.03685,0.0113,-0.1460,0.0173,0.0000,0.0000,0.0000,-11.37,-9.11,1.42,1,1,0.0000,0.0000,0.4000,0.00,0.8200,0.3500,1.0000,6.00,180.00,5.000000,0.050000,0.000000,1.100000,0.000000,0.000000,1.200000,0.000000,0.000000,1.350000,0.000000,0.000000,0.850000,0.020000,0.000000,0.008000,0.000000,0.000600,0.008000,0.000000,0.000600,0.006000,0.000000,0.000000,1,1,1,26,229,0,0,0,0,0,0.00,0,0,0,0,0,0,0,0.00,0.00,0,0,0.0000,0.0000,0.0000,0.0000,0.0000
2026-04-27T19:15:22.174,0.446,1,0.10,0.10,0.00,0.00,1,-0.0112,0.1459,0.3827,0.0000,0.0000,0.0000,11.39,-1.22,60.03,65.54,27,27,1.00000,1.00000,1.00000,1.00000,3,3,1,24.25654,0.00221,1.03547,0.0112,-0.1459,0.0173,0.0000,0.0000,0.0000,-11.39,-8.91,1.39,1,1,0.0000,0.0000,0.4000,0.00,0.8200,0.3500,1.0000,6.00,180.00,5.000000,0.050000,0.000000,1.100000,0.000000,0.000000,1.200000,0.000000,0.000000,1.350000,0.000000,0.000000,0.850000,0.020000,0.000000,0.008000,0.000000,0.000600,0.008000,0.000000,0.000600,0.006000,0.000000,0.000000,1,1,1,27,229,0,0,0,0,0,0.00,0,0,0,0,0,0,0,0.00,0.00,0,0,0.0000,0.0000,0.0000,0.0000,0.0000
2026-04-27T19:15:22.187,0.459,1,0.10,0.10,0.00,0.00,1,-0.0112,0.1460,0.3826,0.0000,0.0000,0.0000,11.39,0.00,59.97,55.53,28,28,1.00000,1.00000,1.00000,1.00000,3,3,1,24.25491,0.00226,1.03502,0.0112,-0.1460,0.0174,0.0000,0.0000,0.0000,-11.39,-8.98,1.42,1,1,0.0000,0.0000,0.4000,0.00,0.8200,0.3500,1.0000,6.00,180.00,5.000000,0.050000,0.000000,1.100000,0.000000,0.000000,1.200000,0.000000,0.000000,1.350000,0.000000,0.000000,0.850000,0.020000,0.000000,0.008000,0.000000,0.000600,0.008000,0.000000,0.000600,0.006000,0.000000,0.000000,1,1,1,28,229,0,0,0,0,0,0.00,0,0,0,0,0,0,0,0.00,0.00,0,0,0.0000,0.0000,0.0000,0.0000,0.0000
2026-04-27T19:15:22.208,0.480,1,0.10,0.10,0.00,0.00,1,-0.0112,0.1460,0.3827,0.0000,0.0000,0.0000,11.33,2.96,60.06,62.15,29,29,1.00000,1.00000,1.00000,1.00000,3,3,1,24.19981,0.00231,1.03641,0.0112,-0.1460,0.0173,0.0000,0.0000,0.0000,-11.33,-9.05,1.40,1,1,0.0000,0.0000,0.4000,0.00,0.8200,0.3500,1.0000,6.00,180.00,5.000000,0.050000,0.000000,1.100000,0.000000,0.000000,1.200000,0.000000,0.000000,1.350000,0.000000,0.000000,0.850000,0.020000,0.000000,0.008000,0.000000,0.000600,0.008000,0.000000,0.000600,0.006000,0.000000,0.000000,1,1,1,29,228,0,0,0,0,0,0.00,0,0,0,0,0,0,0,0.00,0.00,0,0,0.0000,0.0000,0.0000,0.0000,0.0000
2026-04-27T19:15:22.223,0.495,1,0.10,0.10,0.00,0.00,1,-0.0112,0.1460,0.3829,0.0000,0.0000,0.0000,11.35,-1.32,60.46,61.34,30,30,1.00000,1.00000,1.00000,1.00000,3,3,1,24.24911,0.00226,1.03724,0.0112,-0.1460,0.0171,0.0000,0.0000,0.0000,-11.35,-9.01,1.32,1,1,0.0000,0.0000,0.4000,0.00,0.8200,0.3500,1.0000,6.00,180.00,5.000000,0.050000,0.000000,1.100000,0.000000,0.000000,1.200000,0.000000,0.000000,1.350000,0.000000,0.000000,0.850000,0.020000,0.000000,0.008000,0.000000,0.000600,0.008000,0.000000,0.000600,0.006000,0.000000,0.000000,1,1,1,30,226,0,0,0,0,0,0.00,0,0,0,0,0,0,0,0.00,0.00,0,0,0.0000,0.0000,0.0000,0.0000,0.0000
2026-04-27T19:15:22.241,0.513,1,0.10,0.10,0.00,0.00,1,-0.0111,0.1458,0.3827,0.0000,0.0000,0.0000,11.35,0.00,58.38,59.82,31,31,1.00000,1.00000,1.00000,1.00000,3,3,1,24.26533,0.00229,1.03643,0.0111,-0.1458,0.0173,0.0000,0.0000,0.0000,-11.35,-8.85,1.43,1,1,0.0000,0.0000,0.4000,0.00,0.8200,0.3500,1.0000,6.00,180.00,5.000000,0.050000,0.000000,1.100000,0.000000,0.000000,1.200000,0.000000,0.000000,1.350000,0.000000,0.000000,0.850000,0.020000,0.000000,0.008000,0.000000,0.000600,0.008000,0.000000,0.000600,0.006000,0.000000,0.000000,1,1,1,31,229,0,0,0,0,0,0.00,0,0,0,0,0,0,0,0.00,0.00,0,0,0.0000,0.0000,0.0000,0.0000,0.0000
2026-04-27T19:15:22.260,0.532,1,0.10,0.10,0.00,0.00,1,-0.0112,0.1458,0.3826,0.0000,0.0000,0.0000,11.41,-3.14,61.29,59.85,32,32,1.00000,1.00000,1.00000,1.00000,3,3,1,24.31456,0.00230,1.03480,0.0112,-0.1458,0.0174,0.0000,0.0000,0.0000,-11.41,-8.96,1.49,1,1,0.0000,0.0000,0.4000,0.00,0.8200,0.3500,1.0000,6.00,180.00,5.000000,0.050000,0.000000,1.100000,0.000000,0.000000,1.200000,0.000000,0.000000,1.350000,0.000000,0.000000,0.850000,0.020000,0.000000,0.008000,0.000000,0.000600,0.008000,0.000000,0.000600,0.006000,0.000000,0.000000,1,1,1,32,229,0,0,0,0,0,0.00,0,0,31,0,0,0,49566,501.00,501.00,4,1957,0.0000,0.5000,0.5000,0.0000,0.5000
2026-04-27T19:15:22.274,0.546,1,0.10,0.10,0.00,0.00,1,-0.0112,0.1460,0.3827,0.0000,0.0000,0.0000,11.34,4.64,53.57,58.09,33,33,1.00000,1.00000,1.00000,1.00000,3,3,1,24.18239,0.00237,1.03822,0.0112,-0.1460,0.0173,0.0000,0.0000,0.0000,-11.34,-9.07,1.40,1,1,0.0000,0.0000,0.4000,0.00,0.8200,0.3500,1.0000,6.00,180.00,5.000000,0.050000,0.000000,1.100000,0.000000,0.000000,1.200000,0.000000,0.000000,1.350000,0.000000,0.000000,0.850000,0.020000,0.000000,0.008000,0.000000,0.000600,0.008000,0.000000,0.000600,0.006000,0.000000,0.000000,1,1,1,33,228,0,0,0,0,0,0.00,0,0,31,0,0,0,49566,501.00,501.00,4,1957,0.0000,0.5000,0.5000,0.0000,0.5000
2026-04-27T19:15:22.292,0.565,1,0.10,0.10,0.00,0.00,1,-0.0111,0.1459,0.3825,0.0000,0.0000,0.0000,11.33,0.58,70.90,64.42,34,34,1.00000,1.00000,1.00000,1.00000,3,3,1,24.26894,0.00225,1.03544,0.0111,-0.1459,0.0175,0.0000,0.0000,0.0000,-11.33,-8.84,1.51,1,1,0.0000,0.0000,0.4000,0.00,0.8200,0.3500,1.0000,6.00,180.00,5.000000,0.050000,0.000000,1.100000,0.000000,0.000000,1.200000,0.000000,0.000000,1.350000,0.000000,0.000000,0.850000,0.020000,0.000000,0.008000,0.000000,0.000600,0.008000,0.000000,0.000600,0.006000,0.000000,0.000000,1,1,1,34,229,0,0,0,0,0,0.00,0,0,31,0,0,0,49566,501.00,501.00,4,1957,0.0000,0.5000,0.5000,0.0000,0.5000
2026-04-27T19:15:22.309,0.581,1,0.10,0.10,0.00,0.00,1,-0.0110,0.1460,0.3826,0.0000,0.0000,0.0000,11.28,2.80,54.72,55.58,35,35,1.00000,1.00000,1.00000,1.00000,3,3,1,24.25199,0.00229,1.03436,0.0110,-0.1460,0.0174,0.0000,0.0000,0.0000,-11.28,-8.83,1.53,1,1,0.0000,0.0000,0.4000,0.00,0.8200,0.3500,1.0000,6.00,180.00,5.000000,0.050000,0.000000,1.100000,0.000000,0.000000,1.200000,0.000000,0.000000,1.350000,0.000000,0.000000,0.850000,0.020000,0.000000,0.008000,0.000000,0.000600,0.008000,0.000000,0.000600,0.006000,0.000000,0.000000,1,1,1,35,229,0,0,0,0,0,0.00,0,0,31,0,0,0,49566,501.00,501.00,4,1957,0.0000,0.5000,0.5000,0.0000,0.5000
2026-04-27T19:15:22.327,0.599,1,0.10,0.10,0.00,0.00,1,-0.0111,0.1459,0.3827,0.0000,0.0000,0.0000,11.34,-3.37,56.49,60.93,36,36,1.00000,1.00000,1.00000,1.00000,3,3,1,24.26199,0.00223,1.03585,0.0111,-0.1459,0.0173,0.0000,0.0000,0.0000,-11.34,-8.83,1.53,1,1,0.0000,0.0000,0.4000,0.00,0.8200,0.3500,1.0000,6.00,180.00,5.000000,0.050000,0.000000,1.100000,0.000000,0.000000,1.200000,0.000000,0.000000,1.350000,0.000000,0.000000,0.850000,0.020000,0.000000,0.008000,0.000000,0.000600,0.008000,0.000000,0.000600,0.006000,0.000000,0.000000,1,1,1,36,229,0,0,0,0,0,0.00,0,0,31,0,0,0,49566,501.00,501.00,4,1957,0.0000,0.5000,0.5000,0.0000,0.5000
2026-04-27T19:15:22.347,0.619,1,0.10,0.10,0.00,0.00,1,-0.0112,0.1459,0.3826,0.0000,0.0000,0.0000,11.32,1.10,59.07,55.19,37,37,1.00000,1.00000,1.00000,1.00000,3,3,1,24.27337,0.00236,1.03560,0.0112,-0.1459,0.0174,0.0000,0.0000,0.0000,-11.32,-9.06,1.60,1,1,0.0000,0.0000,0.4000,0.00,0.8200,0.3500,1.0000,6.00,180.00,5.000000,0.050000,0.000000,1.100000,0.000000,0.000000,1.200000,0.000000,0.000000,1.350000,0.000000,0.000000,0.850000,0.020000,0.000000,0.008000,0.000000,0.000600,0.008000,0.000000,0.000600,0.006000,0.000000,0.000000,1,1,1,37,228,0,0,0,0,0,0.00,0,0,31,0,0,0,49566,501.00,501.00,4,1957,0.0000,0.5000,0.5000,0.0000,0.5000
2026-04-27T19:15:22.361,0.634,1,0.10,0.10,0.00,0.00,1,-0.0110,0.1459,0.3827,0.0000,0.0000,0.0000,11.28,2.62,51.98,65.84,38,38,1.00000,1.00000,1.00000,1.00000,3,3,1,24.24743,0.00236,1.03911,0.0110,-0.1459,0.0173,0.0000,0.0000,0.0000,-11.28,-8.84,1.45,1,1,0.0000,0.0000,0.4000,0.00,0.8200,0.3500,1.0000,6.00,180.00,5.000000,0.050000,0.000000,1.100000,0.000000,0.000000,1.200000,0.000000,0.000000,1.350000,0.000000,0.000000,0.850000,0.020000,0.000000,0.008000,0.000000,0.000600,0.008000,0.000000,0.000600,0.006000,0.000000,0.000000,1,1,1,38,229,0,0,0,0,0,0.00,0,0,31,0,0,0,49566,501.00,501.00,4,1957,0.0000,0.5000,0.5000,0.0000,0.5000
2026-04-27T19:15:22.382,0.654,1,0.10,0.10,0.00,0.00,1,-0.0111,0.1458,0.3827,0.0000,0.0000,0.0000,11.37,-4.37,66.54,57.47,39,39,1.00000,1.00000,1.00000,1.00000,3,3,1,24.22580,0.00225,1.03738,0.0111,-0.1458,0.0173,0.0000,0.0000,0.0000,-11.37,-8.82,1.51,1,1,0.0000,0.0000,0.4000,0.00,0.8200,0.3500,1.0000,6.00,180.00,5.000000,0.050000,0.000000,1.100000,0.000000,0.000000,1.200000,0.000000,0.000000,1.350000,0.000000,0.000000,0.850000,0.020000,0.000000,0.008000,0.000000,0.000600,0.008000,0.000000,0.000600,0.006000,0.000000,0.000000,1,1,1,39,229,0,0,0,0,0,0.00,0,0,31,0,0,0,49566,501.00,501.00,4,1957,0.0000,0.5000,0.5000,0.0000,0.5000
2026-04-27T19:15:22.396,0.669,1,0.10,0.10,0.00,0.00,1,-0.0112,0.1459,0.3828,0.0000,0.0000,0.0000,11.36,0.70,48.56,59.16,40,40,1.00000,1.00000,1.00000,1.00000,3,3,1,24.24362,0.00233,1.03712,0.0112,-0.1459,0.0172,0.0000,0.0000,0.0000,-11.36,-8.99,1.42,1,1,0.0000,0.0000,0.4000,0.00,0.8200,0.3500,1.0000,6.00,180.00,5.000000,0.050000,0.000000,1.100000,0.000000,0.000000,1.200000,0.000000,0.000000,1.350000,0.000000,0.000000,0.850000,0.020000,0.000000,0.008000,0.000000,0.000600,0.008000,0.000000,0.000600,0.006000,0.000000,0.000000,1,1,1,40,229,0,0,0,0,0,0.00,0,0,31,0,0,0,49566,501.00,501.00,4,1957,0.0000,0.5000,0.5000,0.0000,0.5000
2026-04-27T19:15:22.410,0.683,1,0.10,0.10,0.00,0.00,1,-0.0112,0.1460,0.3831,0.0000,0.0000,-0.0152,11.34,1.42,65.50,61.90,41,41,1.00000,1.00000,1.00000,1.00000,3,3,1,24.20897,0.00231,1.03821,0.0112,-0.1460,0.0169,0.0000,0.0000,-0.0152,-11.34,-9.08,1.22,1,1,0.0000,0.0000,0.4000,0.00,0.8200,0.3500,1.0000,6.00,180.00,5.000000,0.050000,0.000000,1.100000,0.000000,0.000000,1.200000,0.000000,0.000000,1.350000,0.000000,0.000000,0.850000,0.020000,0.000000,0.008000,0.000000,0.000600,0.008000,0.000000,0.000600,0.006000,0.000000,0.000000,1,1,1,41,234,0,0,0,0,0,0.00,0,0,31,0,0,0,49566,501.00,501.00,4,1957,0.0000,0.5000,0.5000,0.0000,0.5000
2026-04-27T19:15:22.429,0.701,1,0.10,0.10,0.00,0.00,1,-0.0114,0.1460,0.3832,0.0000,0.0000,0.0000,11.37,-1.62,70.49,62.18,42,42,1.00000,1.00000,1.00000,1.00000,3,3,1,24.21667,0.00227,1.03695,0.0114,-0.1460,0.0168,0.0000,0.0000,0.0000,-11.37,-9.17,1.20,1,1,0.0000,0.0000,0.4000,0.00,0.8200,0.3500,1.0000,6.00,180.00,5.000000,0.050000,0.000000,1.100000,0.000000,0.000000,1.200000,0.000000,0.000000,1.350000,0.000000,0.000000,0.850000,0.020000,0.000000,0.008000,0.000000,0.000600,0.008000,0.000000,0.000600,0.006000,0.000000,0.000000,1,1,1,42,228,0,0,0,0,0,0.00,0,0,31,0,0,0,49566,501.00,501.00,4,1957,0.0000,0.5000,0.5000,0.0000,0.5000
2026-04-27T19:15:22.442,0.715,1,0.10,0.10,0.00,0.00,1,-0.0112,0.1460,0.3828,0.0000,0.0000,0.0138,11.37,0.00,57.20,57.58,43,43,1.00000,1.00000,1.00000,1.00000,3,3,1,24.24831,0.00222,1.03409,0.0112,-0.1460,0.0172,0.0000,0.0000,0.0138,-11.37,-9.00,1.30,1,1,0.0000,0.0000,0.4000,0.00,0.8200,0.3500,1.0000,6.00,180.00,5.000000,0.050000,0.000000,1.100000,0.000000,0.000000,1.200000,0.000000,0.000000,1.350000,0.000000,0.000000,0.850000,0.020000,0.000000,0.008000,0.000000,0.000600,0.008000,0.000000,0.000600,0.006000,0.000000,0.000000,1,1,1,43,229,0,0,0,0,0,0.00,0,0,31,0,0,0,49566,501.00,501.00,4,1957,0.0000,0.5000,0.5000,0.0000,0.5000
2026-04-27T19:15:22.460,0.732,1,0.10,0.10,0.00,0.00,1,-0.0114,0.1461,0.3828,0.0000,0.0000,0.0000,11.39,-1.06,75.35,69.69,44,44,1.00000,1.00000,1.00000,1.00000,3,3,1,24.24137,0.00234,1.03671,0.0114,-0.1461,0.0172,0.0000,0.0000,0.0000,-11.39,-9.31,1.31,1,1,0.0000,0.0000,0.4000,0.00,0.8200,0.3500,1.0000,6.00,180.00,5.000000,0.050000,0.000000,1.100000,0.000000,0.000000,1.200000,0.000000,0.000000,1.350000,0.000000,0.000000,0.850000,0.020000,0.000000,0.008000,0.000000,0.000600,0.008000,0.000000,0.000600,0.006000,0.000000,0.000000,1,1,1,44,229,0,0,0,0,0,0.00,0,0,31,0,0,0,49566,501.00,501.00,4,1957,0.0000,0.5000,0.5000,0.0000,0.5000
2026-04-27T19:15:22.477,0.749,1,0.10,0.10,0.00,0.00,1,-0.0110,0.1459,0.3824,-0.0137,0.0000,0.0183,11.31,5.14,58.42,60.39,45,45,1.00000,1.00000,1.00000,1.00000,3,3,1,24.29738,0.00225,1.03294,0.0110,-0.1459,0.0176,-0.0137,0.0000,0.0183,-11.31,-8.84,1.48,1,1,0.0000,0.0000,0.4000,0.00,0.8200,0.3500,1.0000,6.00,180.00,5.000000,0.050000,0.000000,1.100000,0.000000,0.000000,1.200000,0.000000,0.000000,1.350000,0.000000,0.000000,0.850000,0.020000,0.000000,0.008000,0.000000,0.000600,0.008000,0.000000,0.000600,0.006000,0.000000,0.000000,1,1,1,45,238,0,0,0,0,0,0.00,0,0,31,0,0,0,49566,501.00,501.00,4,1957,0.0000,0.5000,0.5000,0.0000,0.5000
2026-04-27T19:15:22.491,0.763,1,0.10,0.10,0.00,0.00,1,-0.0112,0.1460,0.3824,0.0000,0.0000,0.0000,11.37,-4.62,55.71,55.16,46,46,1.00000,1.00000,1.00000,1.00000,3,3,1,24.25712,0.00230,1.03543,0.0112,-0.1460,0.0176,0.0000,0.0000,0.0000,-11.37,-9.05,1.43,1,1,0.0000,0.0000,0.4000,0.00,0.8200,0.3500,1.0000,6.00,180.00,5.000000,0.050000,0.000000,1.100000,0.000000,0.000000,1.200000,0.000000,0.000000,1.350000,0.000000,0.000000,0.850000,0.020000,0.000000,0.008000,0.000000,0.000600,0.008000,0.000000,0.000600,0.006000,0.000000,0.000000,1,1,1,46,229,0,0,0,0,0,0.00,0,0,31,0,0,0,49566,501.00,501.00,4,1957,0.0000,0.5000,0.5000,0.0000,0.5000
2026-04-27T19:15:22.508,0.780,1,0.10,0.10,0.00,0.00,1,-0.0111,0.1459,0.3827,0.0000,0.0000,0.0000,11.35,1.06,69.68,56.39,47,47,1.00000,1.00000,1.00000,1.00000,3,3,1,24.27511,0.00228,1.03666,0.0111,-0.1459,0.0173,0.0000,0.0000,0.0000,-11.35,-8.92,1.35,1,1,0.0000,0.0000,0.4000,0.00,0.8200,0.3500,1.0000,6.00,180.00,5.000000,0.050000,0.000000,1.100000,0.000000,0.000000,1.200000,0.000000,0.000000,1.350000,0.000000,0.000000,0.850000,0.020000,0.000000,0.008000,0.000000,0.000600,0.008000,0.000000,0.000600,0.006000,0.000000,0.000000,1,1,1,47,229,0,0,0,0,0,0.00,0,0,31,0,0,0,49566,501.00,501.00,4,1957,0.0000,0.5000,0.5000,0.0000,0.5000
2026-04-27T19:15:22.526,0.798,1,0.10,0.10,0.00,0.00,1,-0.0109,0.1459,0.3824,0.0000,0.0000,0.0108,11.29,3.53,57.86,65.99,48,48,1.00000,1.00000,1.00000,1.00000,3,3,1,24.27517,0.00223,1.03392,0.0109,-0.1459,0.0176,0.0000,0.0000,0.0108,-11.29,-8.62,1.49,1,1,0.0000,0.0000,0.4000,0.00,0.8200,0.3500,1.0000,6.00,180.00,5.000000,0.050000,0.000000,1.100000,0.000000,0.000000,1.200000,0.000000,0.000000,1.350000,0.000000,0.000000,0.850000,0.020000,0.000000,0.008000,0.000000,0.000600,0.008000,0.000000,0.000600,0.006000,0.000000,0.000000,1,1,1,48,233,0,0,0,0,0,0.00,0,0,31,0,0,0,49566,501.00,501.00,4,1957,0.0000,0.5000,0.5000,0.0000,0.5000
2026-04-27T19:15:22.542,0.814,1,0.10,0.10,0.00,0.00,1,-0.0111,0.1457,0.3827,0.0000,0.0000,0.0000,11.36,-4.26,63.33,57.14,49,49,1.00000,1.00000,1.00000,1.00000,3,3,1,24.27391,0.00235,1.03811,0.0111,-0.1457,0.0173,0.0000,0.0000,0.0000,-11.36,-8.77,1.49,1,1,0.0000,0.0000,0.4000,0.00,0.8200,0.3500,1.0000,6.00,180.00,5.000000,0.050000,0.000000,1.100000,0.000000,0.000000,1.200000,0.000000,0.000000,1.350000,0.000000,0.000000,0.850000,0.020000,0.000000,0.008000,0.000000,0.000600,0.008000,0.000000,0.000600,0.006000,0.000000,0.000000,1,1,1,49,229,0,0,0,0,0,0.00,0,0,31,0,0,0,49566,501.00,501.00,4,1957,0.0000,0.5000,0.5000,0.0000,0.5000
2026-04-27T19:15:22.560,0.832,1,0.10,0.10,0.00,0.00,1,-0.0110,0.1458,0.3825,0.0000,0.0000,0.0000,11.34,1.10,59.36,88.68,50,50,1.00000,1.00000,1.00000,1.00000,3,3,1,24.29526,0.00225,1.03522,0.0110,-0.1458,0.0175,0.0000,0.0000,0.0000,-11.34,-8.64,1.53,1,1,0.0000,0.0000,0.4000,0.00,0.8200,0.3500,1.0000,6.00,180.00,5.000000,0.050000,0.000000,1.100000,0.000000,0.000000,1.200000,0.000000,0.000000,1.350000,0.000000,0.000000,0.850000,0.020000,0.000000,0.008000,0.000000,0.000600,0.008000,0.000000,0.000600,0.006000,0.000000,0.000000,1,1,1,50,229,0,0,0,0,0,0.00,0,0,31,0,0,0,49566,501.00,501.00,4,1957,0.0000,0.5000,0.5000,0.0000,0.5000
2026-04-27T19:15:22.577,0.849,1,0.10,0.10,0.00,0.00,1,-0.0112,0.1459,0.3825,0.0000,0.0000,0.0000,11.35,-0.60,53.41,44.75,51,51,1.00000,1.00000,1.00000,1.00000,3,3,1,24.24348,0.00227,1.03538,0.0112,-0.1459,0.0175,0.0000,0.0000,0.0000,-11.35,-8.82,1.60,1,1,0.0000,0.0000,0.4000,0.00,0.8200,0.3500,1.0000,6.00,180.00,5.000000,0.050000,0.000000,1.100000,0.000000,0.000000,1.200000,0.000000,0.000000,1.350000,0.000000,0.000000,0.850000,0.020000,0.000000,0.008000,0.000000,0.000600,0.008000,0.000000,0.000600,0.006000,0.000000,0.000000,1,1,1,51,228,0,0,0,0,0,0.00,0,0,31,0,0,0,49566,501.00,501.00,4,1957,0.0000,0.5000,0.5000,0.0000,0.5000
2026-04-27T19:15:22.596,0.868,1,0.10,0.19,0.00,0.95,1,-0.0112,0.1459,0.3827,0.0000,0.0000,0.0000,11.43,-4.16,60.10,52.93,52,52,1.00000,1.00000,1.00000,1.00000,3,3,1,24.27780,0.00224,1.03691,0.0112,-0.1459,0.0173,0.0000,0.0000,0.0000,-11.43,-8.87,1.46,1,1,0.0000,0.0000,0.4000,0.00,0.8200,0.3500,1.0000,6.00,180.00,5.000000,0.050000,0.000000,1.100000,0.000000,0.000000,1.200000,0.000000,0.000000,1.350000,0.000000,0.000000,0.850000,0.020000,0.000000,0.008000,0.000000,0.000600,0.008000,0.000000,0.000600,0.006000,0.000000,0.000000,1,1,1,52,229,0,0,0,0,0,0.00,0,0,31,0,0,0,49566,501.00,501.00,4,1957,0.0000,0.5000,0.5000,0.0000,0.5000
2026-04-27T19:15:22.608,0.880,1,0.10,0.19,0.00,0.95,1,-0.0111,0.1458,0.3827,0.0000,0.0000,0.0000,11.38,3.93,51.00,79.74,53,53,1.00000,1.00000,1.00000,1.00000,3,3,1,24.26998,0.00232,1.03595,0.0111,-0.1458,0.0173,0.0000,0.0000,0.0000,-11.38,-8.75,1.47,1,1,0.0000,0.0000,0.4000,0.00,0.8200,0.3500,1.0000,6.00,180.00,5.000000,0.050000,0.000000,1.100000,0.000000,0.000000,1.200000,0.000000,0.000000,1.350000,0.000000,0.000000,0.850000,0.020000,0.000000,0.008000,0.000000,0.000600,0.008000,0.000000,0.000600,0.006000,0.000000,0.000000,1,1,1,53,229,0,0,0,0,0,0.00,0,0,31,0,0,0,49566,501.00,501.00,4,1957,0.0000,0.5000,0.5000,0.0000,0.5000
2026-04-27T19:15:22.627,0.899,1,0.10,0.19,0.00,0.95,1,-0.0111,0.1459,0.3827,0.0000,0.0000,0.0000,11.33,2.64,85.34,56.06,54,54,1.00000,1.00000,1.00000,1.00000,3,3,1,24.26936,0.00232,1.03598,0.0111,-0.1459,0.0173,0.0000,0.0000,0.0000,-11.33,-8.95,1.61,1,1,0.0000,0.0000,0.4000,0.00,0.8200,0.3500,1.0000,6.00,180.00,5.000000,0.050000,0.000000,1.100000,0.000000,0.000000,1.200000,0.000000,0.000000,1.350000,0.000000,0.000000,0.850000,0.020000,0.000000,0.008000,0.000000,0.000600,0.008000,0.000000,0.000600,0.006000,0.000000,0.000000,1,1,1,54,229,0,0,0,0,0,0.00,0,0,31,0,0,0,49566,501.00,501.00,4,1957,0.0000,0.5000,0.5000,0.0000,0.5000
2026-04-27T19:15:22.645,0.917,1,0.10,0.19,0.00,0.95,1,-0.0113,0.1459,0.3831,0.0000,0.0000,-0.0116,11.35,-1.26,57.09,61.66,55,55,1.00000,1.00000,1.00000,1.00000,3,3,1,24.23467,0.00247,1.04107,0.0113,-0.1459,0.0169,0.0000,0.0000,-0.0116,-11.35,-9.25,1.37,1,1,0.0000,0.0000,0.4000,0.00,0.8200,0.3500,1.0000,6.00,180.00,5.000000,0.050000,0.000000,1.100000,0.000000,0.000000,1.200000,0.000000,0.000000,1.350000,0.000000,0.000000,0.850000,0.020000,0.000000,0.008000,0.000000,0.000600,0.008000,0.000000,0.000600,0.006000,0.000000,0.000000,1,1,1,55,234,0,0,0,0,0,0.00,0,0,31,0,0,0,49566,501.00,501.00,4,1957,0.0000,0.5000,0.5000,0.0000,0.5000
2026-04-27T19:15:22.663,0.935,1,0.10,0.19,0.00,0.95,1,-0.0113,0.1460,0.3829,0.0000,0.0000,0.0000,11.40,-2.62,52.15,64.15,56,56,1.00000,1.00000,1.00000,1.00000,3,3,1,24.22262,0.00221,1.03533,0.0113,-0.1460,0.0171,0.0000,0.0000,0.0000,-11.40,-9.14,1.35,1,1,0.0000,0.0000,0.4000,0.00,0.8200,0.3500,1.0000,6.00,180.00,5.000000,0.050000,0.000000,1.100000,0.000000,0.000000,1.200000,0.000000,0.000000,1.350000,0.000000,0.000000,0.850000,0.020000,0.000000,0.008000,0.000000,0.000600,0.008000,0.000000,0.000600,0.006000,0.000000,0.000000,1,1,1,56,228,0,0,0,0,0,0.00,0,0,31,0,0,0,49566,501.00,501.00,4,1957,0.0000,0.5000,0.5000,0.0000,0.5000
2026-04-27T19:15:22.676,0.949,1,0.10,0.19,0.00,0.95,1,-0.0114,0.1460,0.3829,0.0000,0.0000,0.0000,11.40,0.00,55.19,54.46,57,57,1.00000,1.00000,1.00000,1.00000,3,3,1,24.24326,0.00231,1.03691,0.0114,-0.1460,0.0171,0.0000,0.0000,0.0000,-11.40,-9.24,1.26,1,1,0.0000,0.0000,0.4000,0.00,0.8200,0.3500,1.0000,6.00,180.00,5.000000,0.050000,0.000000,1.100000,0.000000,0.000000,1.200000,0.000000,0.000000,1.350000,0.000000,0.000000,0.850000,0.020000,0.000000,0.008000,0.000000,0.000600,0.008000,0.000000,0.000600,0.006000,0.000000,0.000000,1,1,1,57,228,0,0,0,0,0,0.00,0,0,31,0,0,0,49566,501.00,501.00,4,1957,0.0000,0.5000,0.5000,0.0000,0.5000
2026-04-27T19:15:22.695,0.967,1,0.10,0.19,0.00,0.95,1,-0.0112,0.1459,0.3826,0.0000,0.0000,0.0134,11.39,0.56,73.26,67.01,58,58,1.00000,1.00000,1.00000,1.00000,3,3,1,24.26753,0.00227,1.03532,0.0112,-0.1459,0.0174,0.0000,0.0000,0.0134,-11.39,-9.08,1.43,1,1,0.0000,0.0000,0.4000,0.00,0.8200,0.3500,1.0000,6.00,180.00,5.000000,0.050000,0.000000,1.100000,0.000000,0.000000,1.200000,0.000000,0.000000,1.350000,0.000000,0.000000,0.850000,0.020000,0.000000,0.008000,0.000000,0.000600,0.008000,0.000000,0.000600,0.006000,0.000000,0.000000,1,1,1,58,233,0,0,0,0,0,0.00,0,0,31,0,0,0,49566,501.00,501.00,4,1957,0.0000,0.5000,0.5000,0.0000,0.5000
2026-04-27T19:15:22.710,0.982,1,0.10,0.19,0.00,0.95,1,-0.0111,0.1458,0.3826,0.0000,0.0000,0.0000,11.34,3.22,55.86,53.17,59,59,1.00000,1.00000,1.00000,1.00000,3,3,1,24.26100,0.00233,1.03556,0.0111,-0.1458,0.0174,0.0000,0.0000,0.0000,-11.34,-8.90,1.51,1,1,0.0000,0.0000,0.4000,0.00,0.8200,0.3500,1.0000,6.00,180.00,5.000000,0.050000,0.000000,1.100000,0.000000,0.000000,1.200000,0.000000,0.000000,1.350000,0.000000,0.000000,0.850000,0.020000,0.000000,0.008000,0.000000,0.000600,0.008000,0.000000,0.000600,0.006000,0.000000,0.000000,1,1,1,59,228,0,0,0,0,0,0.00,0,0,31,0,0,0,49566,501.00,501.00,4,1957,0.0000,0.5000,0.5000,0.0000,0.5000
2026-04-27T19:15:22.725,0.997,1,0.10,0.19,0.00,0.95,1,-0.0111,0.1458,0.3826,0.0000,0.0000,0.0000,11.33,0.67,64.28,62.82,60,60,1.00000,1.00000,1.00000,1.00000,3,3,1,24.24505,0.00228,1.03733,0.0111,-0.1458,0.0174,0.0000,0.0000,0.0000,-11.33,-8.83,1.49,1,1,0.0000,0.0000,0.4000,0.00,0.8200,0.3500,1.0000,6.00,180.00,5.000000,0.050000,0.000000,1.100000,0.000000,0.000000,1.200000,0.000000,0.000000,1.350000,0.000000,0.000000,0.850000,0.020000,0.000000,0.008000,0.000000,0.000600,0.008000,0.000000,0.000600,0.006000,0.000000,0.000000,1,1,1,60,229,0,0,0,0,0,0.00,0,0,31,0,0,0,49566,501.00,501.00,4,1957,0.0000,0.5000,0.5000,0.0000,0.5000
2026-04-27T19:15:22.741,1.014,1,0.10,0.19,0.00,0.95,1,-0.0111,0.1461,0.3828,0.0000,0.0000,0.0000,11.31,1.22,68.17,57.14,61,61,1.00000,1.00000,1.00000,1.00000,3,3,1,24.25484,0.00223,1.03543,0.0111,-0.1461,0.0172,0.0000,0.0000,0.0000,-11.31,-8.88,1.30,1,1,0.0000,0.0000,0.4000,0.00,0.8200,0.3500,1.0000,6.00,180.00,5.000000,0.050000,0.000000,1.100000,0.000000,0.000000,1.200000,0.000000,0.000000,1.350000,0.000000,0.000000,0.850000,0.020000,0.000000,0.008000,0.000000,0.000600,0.008000,0.000000,0.000600,0.006000,0.000000,0.000000,1,1,1,61,228,0,0,0,0,0,0.00,0,0,31,0,0,0,49566,501.00,501.00,4,1957,0.0000,0.5000,0.5000,0.0000,0.5000
2026-04-27T19:15:22.760,1.032,1,0.10,0.19,0.00,0.00,1,-0.0111,0.1460,0.3827,0.0000,0.0000,0.0000,11.35,-2.13,60.00,60.01,62,62,1.00000,1.00000,1.00000,1.00000,3,3,1,24.24575,0.00221,1.03483,0.0111,-0.1460,0.0173,0.0000,0.0000,0.0000,-11.35,-8.80,1.33,1,1,0.0000,0.0000,0.4000,0.00,0.8200,0.3500,1.0000,6.00,180.00,5.000000,0.050000,0.000000,1.100000,0.000000,0.000000,1.200000,0.000000,0.000000,1.350000,0.000000,0.000000,0.850000,0.020000,0.000000,0.008000,0.000000,0.000600,0.008000,0.000000,0.000600,0.006000,0.000000,0.000000,1,1,1,62,228,61,61,61,0,0,61.00,49596,3453,61,0,0,0,49596,501.50,501.50,5,2093,0.0000,0.5000,0.5000,0.0000,0.5000
2026-04-27T19:15:22.770,1.043,1,0.10,0.19,0.00,0.00,1,-0.0112,0.1458,0.3828,0.0000,0.0000,0.0000,11.40,-4.43,52.48,94.79,63,63,1.00000,1.00000,1.00000,1.00000,3,3,1,24.22676,0.00236,1.04135,0.0112,-0.1458,0.0172,0.0000,0.0000,0.0000,-11.40,-8.91,1.35,1,1,0.0000,0.0000,0.4000,0.00,0.8200,0.3500,1.0000,6.00,180.00,5.000000,0.050000,0.000000,1.100000,0.000000,0.000000,1.200000,0.000000,0.000000,1.350000,0.000000,0.000000,0.850000,0.020000,0.000000,0.008000,0.000000,0.000600,0.008000,0.000000,0.000600,0.006000,0.000000,0.000000,1,1,1,63,228,61,61,61,0,0,61.00,49596,3453,61,0,0,0,49596,501.50,501.50,5,2093,0.0000,0.5000,0.5000,0.0000,0.5000
2026-04-27T19:15:22.791,1.063,1,0.10,0.19,0.00,0.00,1,-0.0111,0.1458,0.3829,0.0000,0.0000,0.0000,11.33,3.59,112.37,43.88,64,64,1.00000,1.00000,1.00000,1.00000,3,3,1,24.26260,0.00235,1.03802,0.0111,-0.1458,0.0171,0.0000,0.0000,0.0000,-11.33,-8.94,1.36,1,1,0.0000,0.0000,0.4000,0.00,0.8200,0.3500,1.0000,6.00,180.00,5.000000,0.050000,0.000000,1.100000,0.000000,0.000000,1.200000,0.000000,0.000000,1.350000,0.000000,0.000000,0.850000,0.020000,0.000000,0.008000,0.000000,0.000600,0.008000,0.000000,0.000600,0.006000,0.000000,0.000000,1,1,1,64,229,61,61,61,0,0,61.00,49596,3453,61,0,0,0,49596,501.50,501.50,5,2093,0.0000,0.5000,0.5000,0.0000,0.5000
2026-04-27T19:15:22.808,1.080,1,0.19,0.19,0.95,0.00,1,-0.0110,0.1458,0.3825,0.0000,0.0000,0.0130,11.32,0.75,45.34,63.71,65,65,1.00000,1.00000,1.00000,1.00000,3,3,1,24.28860,0.00226,1.03397,0.0110,-0.1458,0.0175,0.0000,0.0000,0.0130,-11.32,-8.72,1.55,1,1,0.0000,0.0000,0.4000,0.00,0.8200,0.3500,1.0000,6.00,180.00,5.000000,0.050000,0.000000,1.100000,0.000000,0.000000,1.200000,0.000000,0.000000,1.350000,0.000000,0.000000,0.850000,0.020000,0.000000,0.008000,0.000000,0.000600,0.008000,0.000000,0.000600,0.006000,0.000000,0.000000,1,1,1,65,233,61,61,61,0,0,61.00,49596,3453,61,0,0,0,49596,501.50,501.50,5,2093,0.0000,0.5000,0.5000,0.0000,0.5000
2026-04-27T19:15:22.825,1.098,1,0.19,0.19,0.95,0.00,1,-0.0111,0.1459,0.3827,0.0000,0.0000,0.0000,11.38,-3.03,60.08,58.52,66,66,1.00000,1.00000,1.00000,1.00000,3,3,1,24.29557,0.00233,1.03773,0.0111,-0.1459,0.0173,0.0000,0.0000,0.0000,-11.38,-8.88,1.41,1,1,0.0000,0.0000,0.4000,0.00,0.8200,0.3500,1.0000,6.00,180.00,5.000000,0.050000,0.000000,1.100000,0.000000,0.000000,1.200000,0.000000,0.000000,1.350000,0.000000,0.000000,0.850000,0.020000,0.000000,0.008000,0.000000,0.000600,0.008000,0.000000,0.000600,0.006000,0.000000,0.000000,1,1,1,66,229,61,61,61,0,0,61.00,49596,3453,61,0,0,0,49596,501.50,501.50,5,2093,0.0000,0.5000,0.5000,0.0000,0.5000
2026-04-27T19:15:22.841,1.113,1,0.19,0.19,0.95,0.00,1,-0.0111,0.1459,0.3828,0.0000,0.0000,0.0000,11.29,5.39,57.74,58.29,67,67,1.00000,1.00000,1.00000,1.00000,3,3,1,24.27685,0.00236,1.03740,0.0111,-0.1459,0.0172,0.0000,0.0000,0.0000,-11.29,-8.85,1.36,1,1,0.0000,0.0000,0.4000,0.00,0.8200,0.3500,1.0000,6.00,180.00,5.000000,0.050000,0.000000,1.100000,0.000000,0.000000,1.200000,0.000000,0.000000,1.350000,0.000000,0.000000,0.850000,0.020000,0.000000,0.008000,0.000000,0.000600,0.008000,0.000000,0.000600,0.006000,0.000000,0.000000,1,1,1,67,229,61,61,61,0,0,61.00,49596,3453,61,0,0,0,49596,501.50,501.50,5,2093,0.0000,0.5000,0.5000,0.0000,0.5000
2026-04-27T19:15:22.858,1.130,1,0.19,0.19,0.95,0.00,1,-0.0111,0.1459,0.3830,0.0000,0.0000,0.0000,11.31,-1.18,62.49,60.03,68,68,1.00000,1.00000,1.00000,1.00000,3,3,1,24.26152,0.00231,1.03945,0.0111,-0.1459,0.0170,0.0000,0.0000,0.0000,-11.31,-8.90,1.35,1,1,0.0000,0.0000,0.4000,0.00,0.8200,0.3500,1.0000,6.00,180.00,5.000000,0.050000,0.000000,1.100000,0.000000,0.000000,1.200000,0.000000,0.000000,1.350000,0.000000,0.000000,0.850000,0.020000,0.000000,0.008000,0.000000,0.000600,0.008000,0.000000,0.000600,0.006000,0.000000,0.000000,1,1,1,68,228,61,61,61,0,0,61.00,49596,3453,61,0,0,0,49596,501.50,501.50,5,2093,0.0000,0.5000,0.5000,0.0000,0.5000
2026-04-27T19:15:22.874,1.147,1,0.19,0.19,0.95,0.00,1,-0.0111,0.1459,0.3827,0.0000,0.0000,0.0000,11.28,1.80,63.85,116.85,69,69,1.00000,1.00000,1.00000,1.00000,3,3,1,24.26807,0.00230,1.03614,0.0111,-0.1459,0.0173,0.0000,0.0000,0.0000,-11.28,-8.84,1.38,1,1,0.0000,0.0000,0.4000,0.00,0.8200,0.3500,1.0000,6.00,180.00,5.000000,0.050000,0.000000,1.100000,0.000000,0.000000,1.200000,0.000000,0.000000,1.350000,0.000000,0.000000,0.850000,0.020000,0.000000,0.008000,0.000000,0.000600,0.008000,0.000000,0.000600,0.006000,0.000000,0.000000,1,1,1,69,229,61,61,61,0,0,61.00,49596,3453,61,0,0,0,49596,501.50,501.50,5,2093,0.0000,0.5000,0.5000,0.0000,0.5000
2026-04-27T19:15:22.891,1.163,1,0.19,0.19,0.95,0.00,1,-0.0111,0.1460,0.3828,0.0000,0.0000,0.0000,11.27,0.60,56.43,40.36,70,70,1.00000,1.00000,1.00000,1.00000,3,3,1,24.24552,0.00226,1.03551,0.0111,-0.1460,0.0172,0.0000,0.0000,0.0000,-11.27,-8.83,1.39,1,1,0.0000,0.0000,0.4000,0.00,0.8200,0.3500,1.0000,6.00,180.00,5.000000,0.050000,0.000000,1.100000,0.000000,0.000000,1.200000,0.000000,0.000000,1.350000,0.000000,0.000000,0.850000,0.020000,0.000000,0.008000,0.000000,0.000600,0.008000,0.000000,0.000600,0.006000,0.000000,0.000000,1,1,1,70,229,61,61,61,0,0,61.00,49596,3453,61,0,0,0,49596,501.50,501.50,5,2093,0.0000,0.5000,0.5000,0.0000,0.5000
2026-04-27T19:15:22.908,1.180,1,0.19,0.19,0.95,0.00,1,-0.0111,0.1459,0.3827,0.0000,0.0000,0.0000,11.22,3.00,59.90,60.01,71,71,1.00000,1.00000,1.00000,1.00000,3,3,1,24.26293,0.00234,1.03349,0.0111,-0.1459,0.0173,0.0000,0.0000,0.0000,-11.22,-8.85,1.52,1,1,0.0000,0.0000,0.4000,0.00,0.8200,0.3500,1.0000,6.00,180.00,5.000000,0.050000,0.000000,1.100000,0.000000,0.000000,1.200000,0.000000,0.000000,1.350000,0.000000,0.000000,0.850000,0.020000,0.000000,0.008000,0.000000,0.000600,0.008000,0.000000,0.000600,0.006000,0.000000,0.000000,1,1,1,71,229,61,61,61,0,0,61.00,49596,3453,61,0,0,0,49596,501.50,501.50,5,2093,0.0000,0.5000,0.5000,0.0000,0.5000
2026-04-27T19:15:22.923,1.195,1,0.19,0.19,0.95,0.00,1,-0.0110,0.1459,0.3825,0.0000,0.0000,0.0000,11.24,-1.21,64.29,66.63,72,72,1.00000,1.00000,1.00000,1.00000,3,3,1,24.25186,0.00222,1.03393,0.0110,-0.1459,0.0175,0.0000,0.0000,0.0000,-11.24,-8.68,1.63,1,1,0.0000,0.0000,0.4000,0.00,0.8200,0.3500,1.0000,6.00,180.00,5.000000,0.050000,0.000000,1.100000,0.000000,0.000000,1.200000,0.000000,0.000000,1.350000,0.000000,0.000000,0.850000,0.020000,0.000000,0.008000,0.000000,0.000600,0.008000,0.000000,0.000600,0.006000,0.000000,0.000000,1,1,1,72,229,61,61,61,0,0,61.00,49596,3453,61,0,0,0,49596,501.50,501.50,5,2093,0.0000,0.5000,0.5000,0.0000,0.5000
2026-04-27T19:15:22.937,1.209,1,0.19,0.19,0.95,0.00,1,-0.0114,0.1460,0.3830,0.0102,0.0000,-0.0104,11.37,-9.27,66.83,55.91,73,73,1.00000,1.00000,1.00000,1.00000,3,3,1,24.23294,0.00230,1.03912,0.0114,-0.1460,0.0170,0.0102,0.0000,-0.0104,-11.37,-9.13,1.34,1,1,0.0000,0.0000,0.4000,0.00,0.8200,0.3500,1.0000,6.00,180.00,5.000000,0.050000,0.000000,1.100000,0.000000,0.000000,1.200000,0.000000,0.000000,1.350000,0.000000,0.000000,0.850000,0.020000,0.000000,0.008000,0.000000,0.000600,0.008000,0.000000,0.000600,0.006000,0.000000,0.000000,1,1,1,73,236,61,61,61,0,0,61.00,49596,3453,61,0,0,0,49596,501.50,501.50,5,2093,0.0000,0.5000,0.5000,0.0000,0.5000
2026-04-27T19:15:22.958,1.230,1,0.19,0.19,0.95,0.00,1,-0.0112,0.1459,0.3827,0.0000,0.0000,0.0000,11.36,0.57,51.39,60.84,74,74,1.00000,1.00000,1.00000,1.00000,3,3,1,24.25927,0.00222,1.03565,0.0112,-0.1459,0.0173,0.0000,0.0000,0.0000,-11.36,-8.89,1.47,1,1,0.0000,0.0000,0.4000,0.00,0.8200,0.3500,1.0000,6.00,180.00,5.000000,0.050000,0.000000,1.100000,0.000000,0.000000,1.200000,0.000000,0.000000,1.350000,0.000000,0.000000,0.850000,0.020000,0.000000,0.008000,0.000000,0.000600,0.008000,0.000000,0.000600,0.006000,0.000000,0.000000,1,1,1,74,229,61,61,61,0,0,61.00,49596,3453,61,0,0,0,49596,501.50,501.50,5,2093,0.0000,0.5000,0.5000,0.0000,0.5000
2026-04-27T19:15:22.976,1.248,1,0.19,0.19,0.95,0.00,1,-0.0111,0.1458,0.3829,0.0000,0.0000,0.0000,11.38,-1.02,64.75,60.25,75,75,1.00000,1.00000,1.00000,1.00000,3,3,1,24.29109,0.00236,1.03966,0.0111,-0.1458,0.0171,0.0000,0.0000,0.0000,-11.38,-8.92,1.36,1,1,0.0000,0.0000,0.4000,0.00,0.8200,0.3500,1.0000,6.00,180.00,5.000000,0.050000,0.000000,1.100000,0.000000,0.000000,1.200000,0.000000,0.000000,1.350000,0.000000,0.000000,0.850000,0.020000,0.000000,0.008000,0.000000,0.000600,0.008000,0.000000,0.000600,0.006000,0.000000,0.000000,1,1,1,75,229,61,61,61,0,0,61.00,49596,3453,61,0,0,0,49596,501.50,501.50,5,2093,0.0000,0.5000,0.5000,0.0000,0.5000
2026-04-27T19:15:22.995,1.267,1,0.19,0.19,0.95,0.00,1,-0.0113,0.1460,0.3829,0.0000,0.0000,0.0000,11.39,-0.52,52.79,58.03,76,76,1.00000,1.00000,1.00000,1.00000,3,3,1,24.25219,0.00231,1.03686,0.0113,-0.1460,0.0171,0.0000,0.0000,0.0000,-11.39,-9.14,1.24,1,1,0.0000,0.0000,0.4000,0.00,0.8200,0.3500,1.0000,6.00,180.00,5.000000,0.050000,0.000000,1.100000,0.000000,0.000000,1.200000,0.000000,0.000000,1.350000,0.000000,0.000000,0.850000,0.020000,0.000000,0.008000,0.000000,0.000600,0.008000,0.000000,0.000600,0.006000,0.000000,0.000000,1,1,1,76,229,61,61,61,0,0,61.00,49596,3453,61,0,0,0,49596,501.50,501.50,5,2093,0.0000,0.5000,0.5000,0.0000,0.5000
2026-04-27T19:15:23.009,1.281,1,0.19,0.19,0.00,0.00,1,-0.0112,0.1460,0.3827,0.0000,0.0000,0.0000,11.36,2.07,53.58,61.49,77,77,1.00000,1.00000,1.00000,1.00000,3,3,1,24.24205,0.00222,1.03415,0.0112,-0.1460,0.0173,0.0000,0.0000,0.0000,-11.36,-8.97,1.41,1,1,0.0000,0.0000,0.4000,0.00,0.8200,0.3500,1.0000,6.00,180.00,5.000000,0.050000,0.000000,1.100000,0.000000,0.000000,1.200000,0.000000,0.000000,1.350000,0.000000,0.000000,0.850000,0.020000,0.000000,0.008000,0.000000,0.000600,0.008000,0.000000,0.000600,0.006000,0.000000,0.000000,1,1,1,77,229,61,61,61,0,0,61.00,49596,3453,61,0,0,0,49596,501.50,501.50,5,2093,0.0000,0.5000,0.5000,0.0000,0.5000
2026-04-27T19:15:23.026,1.298,1,0.19,0.19,0.00,0.00,1,-0.0110,0.1459,0.3829,0.0000,0.0000,0.0000,11.25,6.76,68.59,60.69,78,78,1.00000,1.00000,1.00000,1.00000,3,3,1,24.23557,0.00248,1.04066,0.0110,-0.1459,0.0171,0.0000,0.0000,0.0000,-11.25,-8.99,1.37,1,1,0.0000,0.0000,0.4000,0.00,0.8200,0.3500,1.0000,6.00,180.00,5.000000,0.050000,0.000000,1.100000,0.000000,0.000000,1.200000,0.000000,0.000000,1.350000,0.000000,0.000000,0.850000,0.020000,0.000000,0.008000,0.000000,0.000600,0.008000,0.000000,0.000600,0.006000,0.000000,0.000000,1,1,1,78,229,61,61,61,0,0,61.00,49596,3453,61,0,0,0,49596,501.50,501.50,5,2093,0.0000,0.5000,0.5000,0.0000,0.5000
2026-04-27T19:15:23.043,1.316,1,0.19,0.19,0.00,0.00,1,-0.0112,0.1459,0.3830,0.0000,0.0000,0.0000,11.31,-3.30,63.76,57.85,79,79,1.00000,1.00000,1.00000,1.00000,3,3,1,24.20886,0.00224,1.03720,0.0112,-0.1459,0.0170,0.0000,0.0000,0.0000,-11.31,-9.03,1.27,1,1,0.0000,0.0000,0.4000,0.00,0.8200,0.3500,1.0000,6.00,180.00,5.000000,0.050000,0.000000,1.100000,0.000000,0.000000,1.200000,0.000000,0.000000,1.350000,0.000000,0.000000,0.850000,0.020000,0.000000,0.008000,0.000000,0.000600,0.008000,0.000000,0.000600,0.006000,0.000000,0.000000,1,1,1,79,229,61,61,61,0,0,61.00,49596,3453,61,0,0,0,49596,501.50,501.50,5,2093,0.0000,0.5000,0.5000,0.0000,0.5000
2026-04-27T19:15:23.059,1.331,1,0.19,0.19,0.00,0.00,1,-0.0112,0.1459,0.3828,0.0000,0.0000,0.0000,11.30,0.66,53.45,63.92,80,80,1.00000,1.00000,1.00000,1.00000,3,3,1,24.28306,0.00230,1.03716,0.0112,-0.1459,0.0172,0.0000,0.0000,0.0000,-11.30,-9.00,1.37,1,1,0.0000,0.0000,0.4000,0.00,0.8200,0.3500,1.0000,6.00,180.00,5.000000,0.050000,0.000000,1.100000,0.000000,0.000000,1.200000,0.000000,0.000000,1.350000,0.000000,0.000000,0.850000,0.020000,0.000000,0.008000,0.000000,0.000600,0.008000,0.000000,0.000600,0.006000,0.000000,0.000000,1,1,1,80,225,61,61,61,0,0,61.00,49596,3453,61,0,0,0,49596,501.50,501.50,5,2093,0.0000,0.5000,0.5000,0.0000,0.5000
2026-04-27T19:15:23.077,1.349,1,0.19,0.19,0.00,0.00,1,-0.0112,0.1460,0.3827,0.0000,0.0000,0.0000,11.27,1.61,63.95,58.23,81,81,1.00000,1.00000,1.00000,1.00000,3,3,1,24.24431,0.00238,1.03742,0.0112,-0.1460,0.0173,0.0000,0.0000,0.0000,-11.27,-9.06,1.33,1,1,0.0000,0.0000,0.4000,0.00,0.8200,0.3500,1.0000,6.00,180.00,5.000000,0.050000,0.000000,1.100000,0.000000,0.000000,1.200000,0.000000,0.000000,1.350000,0.000000,0.000000,0.850000,0.020000,0.000000,0.008000,0.000000,0.000600,0.008000,0.000000,0.000600,0.006000,0.000000,0.000000,1,1,1,81,229,61,61,61,0,0,61.00,49596,3453,61,0,0,0,49596,501.50,501.50,5,2093,0.0000,0.5000,0.5000,0.0000,0.5000
2026-04-27T19:15:23.093,1.366,1,0.19,0.19,0.00,0.00,1,-0.0112,0.1460,0.3828,0.0000,0.0000,0.0000,11.27,0.00,54.93,58.46,82,82,1.00000,1.00000,1.00000,1.00000,3,3,1,24.23771,0.00225,1.03724,0.0112,-0.1460,0.0172,0.0000,0.0000,0.0000,-11.27,-8.96,1.33,1,1,0.0000,0.0000,0.4000,0.00,0.8200,0.3500,1.0000,6.00,180.00,5.000000,0.050000,0.000000,1.100000,0.000000,0.000000,1.200000,0.000000,0.000000,1.350000,0.000000,0.000000,0.850000,0.020000,0.000000,0.008000,0.000000,0.000600,0.008000,0.000000,0.000600,0.006000,0.000000,0.000000,1,1,1,82,229,61,61,61,0,0,61.00,49596,3453,61,0,0,0,49596,501.50,501.50,5,2093,0.0000,0.5000,0.5000,0.0000,0.5000
2026-04-27T19:15:23.108,1.380,1,0.19,0.19,0.00,0.00,1,-0.0114,0.1460,0.3829,0.0196,0.0000,0.0000,11.34,-17.20,61.80,89.54,83,83,1.00000,1.00000,1.00000,1.00000,3,3,1,24.25270,0.00231,1.03833,0.0114,-0.1460,0.0171,0.0196,0.0000,0.0000,-11.34,-9.17,1.31,1,1,0.0000,0.0000,0.4000,0.00,0.8200,0.3500,1.0000,6.00,180.00,5.000000,0.050000,0.000000,1.100000,0.000000,0.000000,1.200000,0.000000,0.000000,1.350000,0.000000,0.000000,0.850000,0.020000,0.000000,0.008000,0.000000,0.000600,0.008000,0.000000,0.000600,0.006000,0.000000,0.000000,1,1,1,83,232,61,61,61,0,0,61.00,49596,3453,61,0,0,0,49596,501.50,501.50,5,2093,0.0000,0.5000,0.5000,0.0000,0.5000
2026-04-27T19:15:23.125,1.397,1,0.19,0.19,0.00,0.00,1,-0.0113,0.1460,0.3828,0.0000,0.0000,0.0000,11.36,-0.71,74.77,46.10,84,84,1.00000,1.00000,1.00000,1.00000,3,3,1,24.24095,0.00222,1.03548,0.0113,-0.1460,0.0172,0.0000,0.0000,0.0000,-11.36,-9.00,1.34,1,1,0.0000,0.0000,0.4000,0.00,0.8200,0.3500,1.0000,6.00,180.00,5.000000,0.050000,0.000000,1.100000,0.000000,0.000000,1.200000,0.000000,0.000000,1.350000,0.000000,0.000000,0.850000,0.020000,0.000000,0.008000,0.000000,0.000600,0.008000,0.000000,0.000600,0.006000,0.000000,0.000000,1,1,1,84,226,61,61,61,0,0,61.00,49596,3453,61,0,0,0,49596,501.50,501.50,5,2093,0.0000,0.5000,0.5000,0.0000,0.5000
2026-04-27T19:15:23.141,1.413,1,0.19,0.19,0.00,0.00,1,-0.0114,0.1461,0.3827,0.0000,0.0000,0.0000,11.35,0.64,56.05,59.75,85,85,1.00000,1.00000,1.00000,1.00000,3,3,1,24.24742,0.00234,1.03475,0.0114,-0.1461,0.0173,0.0000,0.0000,0.0000,-11.35,-9.22,1.34,1,1,0.0000,0.0000,0.4000,0.00,0.8200,0.3500,1.0000,6.00,180.00,5.000000,0.050000,0.000000,1.100000,0.000000,0.000000,1.200000,0.000000,0.000000,1.350000,0.000000,0.000000,0.850000,0.020000,0.000000,0.008000,0.000000,0.000600,0.008000,0.000000,0.000600,0.006000,0.000000,0.000000,1,1,1,85,229,61,61,61,0,0,61.00,49596,3453,61,0,0,0,49596,501.50,501.50,5,2093,0.0000,0.5000,0.5000,0.0000,0.5000
2026-04-27T19:15:23.158,1.430,1,0.19,0.19,0.00,0.00,1,-0.0113,0.1460,0.3825,0.0000,0.0000,0.0000,11.33,1.21,59.73,58.05,86,86,1.00000,1.00000,1.00000,1.00000,3,3,1,24.26223,0.00231,1.03377,0.0113,-0.1460,0.0175,0.0000,0.0000,0.0000,-11.33,-9.06,1.43,1,1,0.0000,0.0000,0.4000,0.00,0.8200,0.3500,1.0000,6.00,180.00,5.000000,0.050000,0.000000,1.100000,0.000000,0.000000,1.200000,0.000000,0.000000,1.350000,0.000000,0.000000,0.850000,0.020000,0.000000,0.008000,0.000000,0.000600,0.008000,0.000000,0.000600,0.006000,0.000000,0.000000,1,1,1,86,229,61,61,61,0,0,61.00,49596,3453,61,0,0,0,49596,501.50,501.50,5,2093,0.0000,0.5000,0.5000,0.0000,0.5000
2026-04-27T19:15:23.174,1.446,1,0.19,0.19,0.00,0.00,1,-0.0111,0.1458,0.3825,0.0000,0.0000,0.0000,11.33,0.00,60.49,60.15,87,87,1.00000,1.00000,1.00000,1.00000,3,3,1,24.26963,0.00225,1.03401,0.0111,-0.1458,0.0175,0.0000,0.0000,0.0000,-11.33,-8.83,1.55,1,1,0.0000,0.0000,0.4000,0.00,0.8200,0.3500,1.0000,6.00,180.00,5.000000,0.050000,0.000000,1.100000,0.000000,0.000000,1.200000,0.000000,0.000000,1.350000,0.000000,0.000000,0.850000,0.020000,0.000000,0.008000,0.000000,0.000600,0.008000,0.000000,0.000600,0.006000,0.000000,0.000000,1,1,1,87,229,61,61,61,0,0,61.00,49596,3453,61,0,0,0,49596,501.50,501.50,5,2093,0.0000,0.5000,0.5000,0.0000,0.5000
2026-04-27T19:15:23.186,1.458,1,0.19,0.19,0.00,0.00,1,-0.0111,0.1458,0.3825,0.0000,0.0000,0.0000,11.35,-1.57,61.78,59.84,88,88,1.00000,1.00000,1.00000,1.00000,3,3,1,24.27112,0.00225,1.03532,0.0111,-0.1458,0.0175,0.0000,0.0000,0.0000,-11.35,-8.76,1.62,1,1,0.0000,0.0000,0.4000,0.00,0.8200,0.3500,1.0000,6.00,180.00,5.000000,0.050000,0.000000,1.100000,0.000000,0.000000,1.200000,0.000000,0.000000,1.350000,0.000000,0.000000,0.850000,0.020000,0.000000,0.008000,0.000000,0.000600,0.008000,0.000000,0.000600,0.006000,0.000000,0.000000,1,1,1,88,229,61,61,61,0,0,61.00,49596,3453,61,0,0,0,49596,501.50,501.50,5,2093,0.0000,0.5000,0.5000,0.0000,0.5000
2026-04-27T19:15:23.206,1.479,1,0.19,0.19,0.00,0.00,1,-0.0110,0.1460,0.3826,0.0000,0.0000,0.0000,11.25,4.87,93.37,60.24,89,89,1.00000,1.00000,1.00000,1.00000,3,3,1,24.24835,0.00227,1.03474,0.0110,-0.1460,0.0174,0.0000,0.0000,0.0000,-11.25,-8.68,1.54,1,1,0.0000,0.0000,0.4000,0.00,0.8200,0.3500,1.0000,6.00,180.00,5.000000,0.050000,0.000000,1.100000,0.000000,0.000000,1.200000,0.000000,0.000000,1.350000,0.000000,0.000000,0.850000,0.020000,0.000000,0.008000,0.000000,0.000600,0.008000,0.000000,0.000600,0.006000,0.000000,0.000000,1,1,1,89,229,61,61,61,0,0,61.00,49596,3453,61,0,0,0,49596,501.50,501.50,5,2093,0.0000,0.5000,0.5000,0.0000,0.5000
2026-04-27T19:15:23.224,1.496,1,0.19,0.19,0.00,0.00,1,-0.0112,0.1459,0.3828,0.0000,0.0000,0.0000,11.36,-6.66,45.37,61.08,90,90,1.00000,1.00000,1.00000,1.00000,3,3,1,24.25503,0.00224,1.03727,0.0112,-0.1459,0.0172,0.0000,0.0000,0.0000,-11.36,-8.80,1.42,1,1,0.0000,0.0000,0.4000,0.00,0.8200,0.3500,1.0000,6.00,180.00,5.000000,0.050000,0.000000,1.100000,0.000000,0.000000,1.200000,0.000000,0.000000,1.350000,0.000000,0.000000,0.850000,0.020000,0.000000,0.008000,0.000000,0.000600,0.008000,0.000000,0.000600,0.006000,0.000000,0.000000,1,1,1,90,228,61,61,61,0,0,61.00,49596,3453,61,0,0,0,49596,501.50,501.50,5,2093,0.0000,0.5000,0.5000,0.0000,0.5000
2026-04-27T19:15:23.240,1.512,1,0.19,0.19,0.00,0.00,1,-0.0113,0.1460,0.3828,0.0000,0.0000,0.0000,11.39,-1.78,58.80,58.98,91,91,1.00000,1.00000,1.00000,1.00000,3,3,1,24.22897,0.00221,1.03617,0.0113,-0.1460,0.0172,0.0000,0.0000,0.0000,-11.39,-8.90,1.32,1,1,0.0000,0.0000,0.4000,0.00,0.8200,0.3500,1.0000,6.00,180.00,5.000000,0.050000,0.000000,1.100000,0.000000,0.000000,1.200000,0.000000,0.000000,1.350000,0.000000,0.000000,0.850000,0.020000,0.000000,0.008000,0.000000,0.000600,0.008000,0.000000,0.000600,0.006000,0.000000,0.000000,1,1,1,91,228,61,61,61,0,0,61.00,49596,3453,61,0,0,0,49596,501.50,501.50,5,2093,0.0000,0.5000,0.5000,0.0000,0.5000
2026-04-27T19:15:23.260,1.533,1,0.19,0.19,0.00,0.00,1,-0.0112,0.1460,0.3828,0.0000,0.0000,0.0000,11.33,3.06,57.08,59.57,92,92,1.00000,1.00000,1.00000,1.00000,3,3,1,24.26158,0.00239,1.03906,0.0112,-0.1460,0.0172,0.0000,0.0000,0.0000,-11.33,-9.04,1.25,1,1,0.0000,0.0000,0.4000,0.00,0.8200,0.3500,1.0000,6.00,180.00,5.000000,0.050000,0.000000,1.100000,0.000000,0.000000,1.200000,0.000000,0.000000,1.350000,0.000000,0.000000,0.850000,0.020000,0.000000,0.008000,0.000000,0.000600,0.008000,0.000000,0.000600,0.006000,0.000000,0.000000,1,1,1,92,229,61,61,61,0,0,61.00,49596,3453,91,0,0,0,49626,500.00,500.00,7,1637,0.0000,0.4360,0.4820,0.1470,0.4620
2026-04-27T19:15:23.276,1.548,1,0.19,0.19,0.00,0.00,1,-0.0111,0.1459,0.3827,0.0000,0.0000,0.0000,11.29,2.75,52.87,59.66,93,93,1.00000,1.00000,1.00000,1.00000,3,3,1,24.29398,0.00232,1.03495,0.0111,-0.1459,0.0173,0.0000,0.0000,0.0000,-11.29,-8.82,1.30,1,1,0.0000,0.0000,0.4000,0.00,0.8200,0.3500,1.0000,6.00,180.00,5.000000,0.050000,0.000000,1.100000,0.000000,0.000000,1.200000,0.000000,0.000000,1.350000,0.000000,0.000000,0.850000,0.020000,0.000000,0.008000,0.000000,0.000600,0.008000,0.000000,0.000600,0.006000,0.000000,0.000000,1,1,1,93,228,61,61,61,0,0,61.00,49596,3453,91,0,0,0,49626,500.00,500.00,7,1637,0.0000,0.4360,0.4820,0.1470,0.4620
2026-04-27T19:15:23.294,1.566,1,0.19,0.19,0.00,0.00,1,-0.0110,0.1459,0.3825,0.0000,0.0000,0.0000,11.31,-1.02,64.52,59.55,94,94,1.00000,1.00000,1.00000,1.00000,3,3,1,24.27736,0.00223,1.03487,0.0110,-0.1459,0.0175,0.0000,0.0000,0.0000,-11.31,-8.66,1.44,1,1,0.0000,0.0000,0.4000,0.00,0.8200,0.3500,1.0000,6.00,180.00,5.000000,0.050000,0.000000,1.100000,0.000000,0.000000,1.200000,0.000000,0.000000,1.350000,0.000000,0.000000,0.850000,0.020000,0.000000,0.008000,0.000000,0.000600,0.008000,0.000000,0.000600,0.006000,0.000000,0.000000,1,1,1,94,229,61,61,61,0,0,61.00,49596,3453,91,0,0,0,49626,500.00,500.00,7,1637,0.0000,0.4360,0.4820,0.1470,0.4620
2026-04-27T19:15:23.308,1.580,1,0.19,0.19,0.00,0.00,1,-0.0111,0.1458,0.3828,0.0000,0.0000,0.0000,11.37,-4.44,55.53,61.30,95,95,1.00000,1.00000,1.00000,1.00000,3,3,1,24.28757,0.00228,1.03675,0.0111,-0.1458,0.0172,0.0000,0.0000,0.0000,-11.37,-8.79,1.44,1,1,0.0000,0.0000,0.4000,0.00,0.8200,0.3500,1.0000,6.00,180.00,5.000000,0.050000,0.000000,1.100000,0.000000,0.000000,1.200000,0.000000,0.000000,1.350000,0.000000,0.000000,0.850000,0.020000,0.000000,0.008000,0.000000,0.000600,0.008000,0.000000,0.000600,0.006000,0.000000,0.000000,1,1,1,95,229,61,61,61,0,0,61.00,49596,3453,91,0,0,0,49626,500.00,500.00,7,1637,0.0000,0.4360,0.4820,0.1470,0.4620
2026-04-27T19:15:23.325,1.597,1,0.19,0.19,0.00,0.00,1,-0.0114,0.1459,0.3829,0.0109,0.0000,0.0000,11.47,-6.21,70.02,60.07,96,96,1.00000,1.00000,1.00000,1.00000,3,3,1,24.23799,0.00226,1.03765,0.0114,-0.1459,0.0171,0.0109,0.0000,0.0000,-11.47,-9.08,1.30,1,1,0.0000,0.0000,0.4000,0.00,0.8200,0.3500,1.0000,6.00,180.00,5.000000,0.050000,0.000000,1.100000,0.000000,0.000000,1.200000,0.000000,0.000000,1.350000,0.000000,0.000000,0.850000,0.020000,0.000000,0.008000,0.000000,0.000600,0.008000,0.000000,0.000600,0.006000,0.000000,0.000000,1,1,1,96,232,61,61,61,0,0,61.00,49596,3453,91,0,0,0,49626,500.00,500.00,7,1637,0.0000,0.4360,0.4820,0.1470,0.4620
2026-04-27T19:15:23.342,1.615,1,0.19,0.19,0.00,0.00,1,-0.0114,0.1459,0.3827,0.0000,0.0000,0.0000,11.43,2.78,59.83,59.89,97,97,1.00000,1.00000,1.00000,1.00000,3,3,1,24.24391,0.00228,1.03465,0.0114,-0.1459,0.0173,0.0000,0.0000,0.0000,-11.43,-9.12,1.43,1,1,0.0000,0.0000,0.4000,0.00,0.8200,0.3500,1.0000,6.00,180.00,5.000000,0.050000,0.000000,1.100000,0.000000,0.000000,1.200000,0.000000,0.000000,1.350000,0.000000,0.000000,0.850000,0.020000,0.000000,0.008000,0.000000,0.000600,0.008000,0.000000,0.000600,0.006000,0.000000,0.000000,1,1,1,97,229,61,61,61,0,0,61.00,49596,3453,91,0,0,0,49626,500.00,500.00,7,1637,0.0000,0.4360,0.4820,0.1470,0.4620
2026-04-27T19:15:23.358,1.630,1,0.19,0.19,0.00,0.00,1,-0.0114,0.1459,0.3826,0.0000,0.0000,0.0000,11.37,2.99,56.79,66.70,98,98,1.00000,1.00000,1.00000,1.00000,3,3,1,24.23607,0.00228,1.03520,0.0114,-0.1459,0.0174,0.0000,0.0000,0.0000,-11.37,-9.09,1.57,1,1,0.0000,0.0000,0.4000,0.00,0.8200,0.3500,1.0000,6.00,180.00,5.000000,0.050000,0.000000,1.100000,0.000000,0.000000,1.200000,0.000000,0.000000,1.350000,0.000000,0.000000,0.850000,0.020000,0.000000,0.008000,0.000000,0.000600,0.008000,0.000000,0.000600,0.006000,0.000000,0.000000,1,1,1,98,229,61,61,61,0,0,61.00,49596,3453,91,0,0,0,49626,500.00,500.00,7,1637,0.0000,0.4360,0.4820,0.1470,0.4620
2026-04-27T19:15:23.374,1.646,1,0.19,0.19,0.00,0.00,1,-0.0112,0.1460,0.3827,0.0000,0.0000,0.0000,11.34,1.80,63.77,56.60,99,99,1.00000,1.00000,1.00000,1.00000,3,3,1,24.26087,0.00228,1.03683,0.0112,-0.1460,0.0173,0.0000,0.0000,0.0000,-11.34,-9.01,1.42,1,1,0.0000,0.0000,0.4000,0.00,0.8200,0.3500,1.0000,6.00,180.00,5.000000,0.050000,0.000000,1.100000,0.000000,0.000000,1.200000,0.000000,0.000000,1.350000,0.000000,0.000000,0.850000,0.020000,0.000000,0.008000,0.000000,0.000600,0.008000,0.000000,0.000600,0.006000,0.000000,0.000000,1,1,1,99,226,61,61,61,0,0,61.00,49596,3453,91,0,0,0,49626,500.00,500.00,7,1637,0.0000,0.4360,0.4820,0.1470,0.4620
2026-04-27T19:15:23.389,1.662,1,0.19,0.19,0.00,0.00,1,-0.0113,0.1460,0.3828,0.0000,0.0000,0.0000,11.31,1.98,60.12,57.61,100,100,1.00000,1.00000,1.00000,1.00000,3,3,1,24.18362,0.00231,1.03677,0.0113,-0.1460,0.0172,0.0000,0.0000,0.0000,-11.31,-9.08,1.45,1,1,0.0000,0.0000,0.4000,0.00,0.8200,0.3500,1.0000,6.00,180.00,5.000000,0.050000,0.000000,1.100000,0.000000,0.000000,1.200000,0.000000,0.000000,1.350000,0.000000,0.000000,0.850000,0.020000,0.000000,0.008000,0.000000,0.000600,0.008000,0.000000,0.000600,0.006000,0.000000,0.000000,1,1,1,100,229,61,61,61,0,0,61.00,49596,3453,91,0,0,0,49626,500.00,500.00,7,1637,0.0000,0.4360,0.4820,0.1470,0.4620
2026-04-27T19:15:23.408,1.680,1,0.19,0.19,0.00,0.00,1,-0.0111,0.1460,0.3827,0.0000,0.0000,0.0000,11.19,9.50,59.94,60.09,101,101,1.00000,1.00000,1.00000,1.00000,3,3,1,24.26228,0.00240,1.03768,0.0111,-0.1460,0.0173,0.0000,0.0000,0.0000,-11.19,-8.97,1.42,1,1,0.0000,0.0000,0.4000,0.00,0.8200,0.3500,1.0000,6.00,180.00,5.000000,0.050000,0.000000,1.100000,0.000000,0.000000,1.200000,0.000000,0.000000,1.350000,0.000000,0.000000,0.850000,0.020000,0.000000,0.008000,0.000000,0.000600,0.008000,0.000000,0.000600,0.006000,0.000000,0.000000,1,1,1,101,229,61,61,61,0,0,61.00,49596,3453,91,0,0,0,49626,500.00,500.00,7,1637,0.0000,0.4360,0.4820,0.1470,0.4620
2026-04-27T19:15:23.425,1.697,1,0.19,0.19,0.00,0.00,1,-0.0113,0.1459,0.3833,0.0000,0.0000,-0.0182,10.94,14.96,65.11,59.83,102,102,1.00000,1.00000,1.00000,1.00000,3,3,1,24.27943,0.00264,1.04682,0.0113,-0.1459,0.0167,0.0000,0.0000,-0.0182,-10.94,-9.35,1.17,1,1,0.0000,0.0000,0.4000,0.00,0.8200,0.3500,1.0000,6.00,180.00,5.000000,0.050000,0.000000,1.100000,0.000000,0.000000,1.200000,0.000000,0.000000,1.350000,0.000000,0.000000,0.850000,0.020000,0.000000,0.008000,0.000000,0.000600,0.008000,0.000000,0.000600,0.006000,0.000000,0.000000,1,1,1,102,234,61,61,61,0,0,61.00,49596,3453,91,0,0,0,49626,500.00,500.00,7,1637,0.0000,0.4360,0.4820,0.1470,0.4620
2026-04-27T19:15:23.441,1.713,1,0.19,0.19,0.00,0.00,1,-0.0114,0.1459,0.3833,0.0000,0.0000,0.0000,10.87,3.35,59.92,62.79,103,103,1.00000,1.00000,1.00000,1.00000,3,3,1,24.22324,0.00254,1.04321,0.0114,-0.1459,0.0167,0.0000,0.0000,0.0000,-10.87,-9.38,1.28,1,1,0.0000,0.0000,0.4000,0.00,0.8200,0.3500,1.0000,6.00,180.00,5.000000,0.050000,0.000000,1.100000,0.000000,0.000000,1.200000,0.000000,0.000000,1.350000,0.000000,0.000000,0.850000,0.020000,0.000000,0.008000,0.000000,0.000600,0.008000,0.000000,0.000600,0.006000,0.000000,0.000000,1,1,1,103,229,61,61,61,0,0,61.00,49596,3453,91,0,0,0,49626,500.00,500.00,7,1637,0.0000,0.4360,0.4820,0.1470,0.4620
2026-04-27T19:15:23.458,1.730,1,0.19,0.19,0.00,0.00,1,-0.0113,0.1459,0.3835,0.0000,0.0000,0.0000,10.76,6.27,55.86,57.77,104,104,1.00000,1.00000,1.00000,1.00000,3,3,1,24.20295,0.00272,1.04738,0.0113,-0.1459,0.0165,0.0000,0.0000,0.0000,-10.76,-9.42,1.13,1,1,0.0000,0.0000,0.4000,0.00,0.8200,0.3500,1.0000,6.00,180.00,5.000000,0.050000,0.000000,1.100000,0.000000,0.000000,1.200000,0.000000,0.000000,1.350000,0.000000,0.000000,0.850000,0.020000,0.000000,0.008000,0.000000,0.000600,0.008000,0.000000,0.000600,0.006000,0.000000,0.000000,1,1,1,104,229,61,61,61,0,0,61.00,49596,3453,91,0,0,0,49626,500.00,500.00,7,1637,0.0000,0.4360,0.4820,0.1470,0.4620
2026-04-27T19:15:23.474,1.746,1,0.19,0.19,0.00,0.00,1,-0.0114,0.1461,0.3834,0.0000,0.0000,0.0000,10.61,9.49,60.13,60.10,105,105,1.00000,1.00000,1.00000,1.00000,3,3,1,24.23693,0.00250,1.04743,0.0114,-0.1461,0.0166,0.0000,0.0000,0.0000,-10.61,-9.45,1.08,1,1,0.0000,0.0000,0.4000,0.00,0.8200,0.3500,1.0000,6.00,180.00,5.000000,0.050000,0.000000,1.100000,0.000000,0.000000,1.200000,0.000000,0.000000,1.350000,0.000000,0.000000,0.850000,0.020000,0.000000,0.008000,0.000000,0.000600,0.008000,0.000000,0.000600,0.006000,0.000000,0.000000,1,1,1,105,229,61,61,61,0,0,61.00,49596,3453,91,0,0,0,49626,500.00,500.00,7,1637,0.0000,0.4360,0.4820,0.1470,0.4620
2026-04-27T19:15:23.484,1.756,1,0.19,0.19,0.00,0.00,1,-0.0114,0.1463,0.3833,0.0000,-0.0103,0.0000,10.38,21.89,59.63,67.35,106,106,1.00000,1.00000,1.00000,1.00000,3,3,1,24.26790,0.00248,1.04714,0.0114,-0.1463,0.0167,0.0000,-0.0103,0.0000,-10.38,-9.35,0.97,1,1,0.0000,0.0000,0.4000,0.00,0.8200,0.3500,1.0000,6.00,180.00,5.000000,0.050000,0.000000,1.100000,0.000000,0.000000,1.200000,0.000000,0.000000,1.350000,0.000000,0.000000,0.850000,0.020000,0.000000,0.008000,0.000000,0.000600,0.008000,0.000000,0.000600,0.006000,0.000000,0.000000,1,1,1,106,233,61,61,61,0,0,61.00,49596,3453,91,0,0,0,49626,500.00,500.00,7,1637,0.0000,0.4360,0.4820,0.1470,0.4620
2026-04-27T19:15:23.508,1.780,1,0.19,0.19,0.00,0.00,1,-0.0118,0.1460,0.3833,0.0000,0.0000,0.0000,10.14,10.57,130.04,53.75,107,107,1.00000,1.00000,1.00000,1.00000,3,3,1,24.27042,0.00258,1.04130,0.0118,-0.1460,0.0167,0.0000,0.0000,0.0000,-10.14,-9.65,1.22,1,1,0.0000,0.0000,0.4000,0.00,0.8200,0.3500,1.0000,6.00,180.00,5.000000,0.050000,0.000000,1.100000,0.000000,0.000000,1.200000,0.000000,0.000000,1.350000,0.000000,0.000000,0.850000,0.020000,0.000000,0.008000,0.000000,0.000600,0.008000,0.000000,0.000600,0.006000,0.000000,0.000000,1,1,1,107,229,61,61,61,0,0,61.00,49596,3453,91,0,0,0,49626,500.00,500.00,7,1637,0.0000,0.4360,0.4820,0.1470,0.4620
2026-04-27T19:15:23.519,1.791,1,0.19,0.19,0.00,0.00,1,-0.0118,0.1461,0.3832,0.0000,0.0000,0.0000,9.92,17.63,39.32,60.29,108,108,1.00000,1.00000,1.00000,1.00000,3,3,1,24.26854,0.00246,1.04254,0.0118,-0.1461,0.0168,0.0000,0.0000,0.0000,-9.92,-9.68,1.24,1,1,0.0000,0.0000,0.4000,0.00,0.8200,0.3500,1.0000,6.00,180.00,5.000000,0.050000,0.000000,1.100000,0.000000,0.000000,1.200000,0.000000,0.000000,1.350000,0.000000,0.000000,0.850000,0.020000,0.000000,0.008000,0.000000,0.000600,0.008000,0.000000,0.000600,0.006000,0.000000,0.000000,1,1,1,108,228,61,61,61,0,0,61.00,49596,3453,91,0,0,0,49626,500.00,500.00,7,1637,0.0000,0.4360,0.4820,0.1470,0.4620
2026-04-27T19:15:23.535,1.807,1,0.19,0.19,0.00,0.00,1,-0.0119,0.1460,0.3834,0.0000,0.0000,0.0000,9.74,10.83,60.67,60.18,109,109,1.00000,1.00000,1.00000,1.00000,3,3,1,24.27911,0.00246,1.04259,0.0119,-0.1460,0.0166,0.0000,0.0000,0.0000,-9.74,-9.84,1.20,1,1,0.0000,0.0000,0.4000,0.00,0.8200,0.3500,1.0000,6.00,180.00,5.000000,0.050000,0.000000,1.100000,0.000000,0.000000,1.200000,0.000000,0.000000,1.350000,0.000000,0.000000,0.850000,0.020000,0.000000,0.008000,0.000000,0.000600,0.008000,0.000000,0.000600,0.006000,0.000000,0.000000,1,1,1,109,227,61,61,61,0,0,61.00,49596,3453,91,0,0,0,49626,500.00,500.00,7,1637,0.0000,0.4360,0.4820,0.1470,0.4620
2026-04-27T19:15:23.560,1.832,1,0.19,0.19,0.00,0.00,1,-0.0119,0.1462,0.3832,0.0000,0.0000,0.0000,9.53,8.85,101.06,60.09,110,110,1.00000,1.00000,1.00000,1.00000,3,3,1,24.34541,0.00245,1.04271,0.0119,-0.1462,0.0168,0.0000,0.0000,0.0000,-9.53,-9.90,1.16,1,1,0.0000,0.0000,0.4000,0.00,0.8200,0.3500,1.0000,6.00,180.00,5.000000,0.050000,0.000000,1.100000,0.000000,0.000000,1.200000,0.000000,0.000000,1.350000,0.000000,0.000000,0.850000,0.020000,0.000000,0.008000,0.000000,0.000600,0.008000,0.000000,0.000600,0.006000,0.000000,0.000000,1,1,1,110,227,61,61,61,0,0,61.00,49596,3453,91,0,0,0,49626,500.00,500.00,7,1637,0.0000,0.4360,0.4820,0.1470,0.4620
2026-04-27T19:15:23.576,1.848,1,0.19,0.19,0.00,0.00,1,-0.0120,0.1462,0.3833,0.0000,0.0000,0.0000,9.34,11.38,38.84,62.02,111,111,1.00000,1.00000,1.00000,1.00000,3,3,1,24.35267,0.00248,1.04091,0.0120,-0.1462,0.0167,0.0000,0.0000,0.0000,-9.34,-9.95,1.14,1,1,0.0000,0.0000,0.4000,0.00,0.8200,0.3500,1.0000,6.00,180.00,5.000000,0.050000,0.000000,1.100000,0.000000,0.000000,1.200000,0.000000,0.000000,1.350000,0.000000,0.000000,0.850000,0.020000,0.000000,0.008000,0.000000,0.000600,0.008000,0.000000,0.000600,0.006000,0.000000,0.000000,1,1,1,111,228,61,61,61,0,0,61.00,49596,3453,91,0,0,0,49626,500.00,500.00,7,1637,0.0000,0.4360,0.4820,0.1470,0.4620
2026-04-27T19:15:23.592,1.865,1,0.19,0.19,0.00,0.00,1,-0.0119,0.1462,0.3832,0.0000,0.0000,0.0000,9.12,15.80,59.52,56.83,112,112,1.00000,1.00000,1.00000,1.00000,3,3,1,24.36579,0.00233,1.04381,0.0119,-0.1462,0.0168,0.0000,0.0000,0.0000,-9.12,-9.75,1.13,1,1,0.0000,0.0000,0.4000,0.00,0.8200,0.3500,1.0000,6.00,180.00,5.000000,0.050000,0.000000,1.100000,0.000000,0.000000,1.200000,0.000000,0.000000,1.350000,0.000000,0.000000,0.850000,0.020000,0.000000,0.008000,0.000000,0.000600,0.008000,0.000000,0.000600,0.006000,0.000000,0.000000,1,1,1,112,228,61,61,61,0,0,61.00,49596,3453,91,0,0,0,49626,500.00,500.00,7,1637,0.0000,0.4360,0.4820,0.1470,0.4620
2026-04-27T19:15:23.611,1.883,1,0.19,0.19,0.00,0.00,1,-0.0121,0.1463,0.3832,0.0000,0.0000,0.0000,8.96,8.25,64.18,62.94,113,113,1.00000,1.00000,1.00000,1.00000,3,3,1,24.38949,0.00232,1.04535,0.0121,-0.1463,0.0168,0.0000,0.0000,0.0000,-8.96,-9.80,0.95,1,1,0.0000,0.0000,0.4000,0.00,0.8200,0.3500,1.0000,6.00,180.00,5.000000,0.050000,0.000000,1.100000,0.000000,0.000000,1.200000,0.000000,0.000000,1.350000,0.000000,0.000000,0.850000,0.020000,0.000000,0.008000,0.000000,0.000600,0.008000,0.000000,0.000600,0.006000,0.000000,0.000000,1,1,1,113,227,61,61,61,0,0,61.00,49596,3453,91,0,0,0,49626,500.00,500.00,7,1637,0.0000,0.4360,0.4820,0.1470,0.4620
2026-04-27T19:15:23.611,1.883,1,0.19,0.19,0.00,0.00,1,-0.0122,0.1466,0.3831,0.0274,-0.0478,0.0173,8.79,101.40,57.81,108.98,114,114,1.00000,1.00000,1.00000,1.00000,3,3,1,24.39257,0.00231,1.04685,0.0122,-0.1466,0.0169,0.0274,-0.0478,0.0173,-8.79,-9.96,0.86,1,1,0.0000,0.0000,0.4000,0.00,0.8200,0.3500,1.0000,6.00,180.00,5.000000,0.050000,0.000000,1.100000,0.000000,0.000000,1.200000,0.000000,0.000000,1.350000,0.000000,0.000000,0.850000,0.020000,0.000000,0.008000,0.000000,0.000600,0.008000,0.000000,0.000600,0.006000,0.000000,0.000000,1,1,1,114,241,61,61,61,0,0,61.00,49596,3453,91,0,0,0,49626,500.00,500.00,7,1637,0.0000,0.4360,0.4820,0.1470,0.4620
2026-04-27T19:15:23.637,1.909,1,0.19,0.19,0.00,0.00,1,-0.0124,0.1471,0.3828,0.0151,-0.0324,0.0151,8.50,11.14,49.32,49.32,115,115,1.00000,1.00000,1.00000,1.00000,3,3,1,24.37459,0.00240,1.04758,0.0124,-0.1471,0.0172,0.0151,-0.0324,0.0151,-8.50,-9.88,0.59,1,1,0.0000,0.0000,0.4000,0.00,0.8200,0.3500,1.0000,6.00,180.00,5.000000,0.050000,0.000000,1.100000,0.000000,0.000000,1.200000,0.000000,0.000000,1.350000,0.000000,0.000000,0.850000,0.020000,0.000000,0.008000,0.000000,0.000600,0.008000,0.000000,0.000600,0.006000,0.000000,0.000000,1,1,1,115,240,61,61,61,0,0,61.00,49596,3453,91,0,0,0,49626,500.00,500.00,7,1637,0.0000,0.4360,0.4820,0.1470,0.4620
2026-04-27T19:15:23.658,1.930,1,0.19,0.19,0.00,0.00,1,-0.0124,0.1472,0.3828,0.0000,-0.0195,0.0000,8.26,11.37,80.37,48.29,116,116,1.00000,1.00000,1.00000,1.00000,3,3,1,24.37437,0.00247,1.04976,0.0124,-0.1472,0.0172,0.0000,-0.0195,0.0000,-8.26,-9.99,0.38,1,1,0.0000,0.0000,0.4000,0.00,0.8200,0.3500,1.0000,6.00,180.00,5.000000,0.050000,0.000000,1.100000,0.000000,0.000000,1.200000,0.000000,0.000000,1.350000,0.000000,0.000000,0.850000,0.020000,0.000000,0.008000,0.000000,0.000600,0.008000,0.000000,0.000600,0.006000,0.000000,0.000000,1,1,1,116,233,61,61,61,0,0,61.00,49596,3453,91,0,0,0,49626,500.00,500.00,7,1637,0.0000,0.4360,0.4820,0.1470,0.4620
2026-04-27T19:15:23.676,1.948,1,0.19,0.19,0.00,0.00,1,-0.0124,0.1470,0.3827,0.0000,0.0000,0.0000,8.18,4.81,60.22,61.03,117,117,1.00000,1.00000,1.00000,1.00000,3,3,1,24.36828,0.00241,1.04837,0.0124,-0.1470,0.0173,0.0000,0.0000,0.0000,-8.18,-10.05,0.34,1,1,0.0000,0.0000,0.4000,0.00,0.8200,0.3500,1.0000,6.00,180.00,5.000000,0.050000,0.000000,1.100000,0.000000,0.000000,1.200000,0.000000,0.000000,1.350000,0.000000,0.000000,0.850000,0.020000,0.000000,0.008000,0.000000,0.000600,0.008000,0.000000,0.000600,0.006000,0.000000,0.000000,1,1,1,117,229,61,61,61,0,0,61.00,49596,3453,91,0,0,0,49626,500.00,500.00,7,1637,0.0000,0.4360,0.4820,0.1470,0.4620
2026-04-27T19:15:23.694,1.966,1,0.19,0.19,0.00,0.00,1,-0.0127,0.1468,0.3828,0.0122,0.0000,0.0000,8.03,8.47,59.65,58.76,118,118,1.00000,1.00000,1.00000,1.00000,3,3,1,24.27810,0.00242,1.04484,0.0127,-0.1468,0.0172,0.0122,0.0000,0.0000,-8.03,-10.21,0.47,1,1,0.0000,0.0000,0.4000,0.00,0.8200,0.3500,1.0000,6.00,180.00,5.000000,0.050000,0.000000,1.100000,0.000000,0.000000,1.200000,0.000000,0.000000,1.350000,0.000000,0.000000,0.850000,0.020000,0.000000,0.008000,0.000000,0.000600,0.008000,0.000000,0.000600,0.006000,0.000000,0.000000,1,1,1,118,233,61,61,61,0,0,61.00,49596,3453,91,0,0,0,49626,500.00,500.00,7,1637,0.0000,0.4360,0.4820,0.1470,0.4620
2026-04-27T19:15:23.709,1.981,1,0.19,0.19,0.00,0.00,1,-0.0127,0.1466,0.3829,0.0000,0.0000,0.0000,7.86,11.48,56.10,60.44,119,119,1.00000,1.00000,1.00000,1.00000,3,3,1,24.31292,0.00249,1.04402,0.0127,-0.1466,0.0171,0.0000,0.0000,0.0000,-7.86,-10.27,0.65,1,1,0.0000,0.0000,0.4000,0.00,0.8200,0.3500,1.0000,6.00,180.00,5.000000,0.050000,0.000000,1.100000,0.000000,0.000000,1.200000,0.000000,0.000000,1.350000,0.000000,0.000000,0.850000,0.020000,0.000000,0.008000,0.000000,0.000600,0.008000,0.000000,0.000600,0.006000,0.000000,0.000000,1,1,1,119,229,61,61,61,0,0,61.00,49596,3453,91,0,0,0,49626,500.00,500.00,7,1637,0.0000,0.4360,0.4820,0.1470,0.4620
2026-04-27T19:15:23.722,1.994,1,0.19,0.19,0.00,0.00,1,-0.0128,0.1466,0.3829,0.0000,0.0000,0.0000,7.73,8.58,69.58,62.17,120,120,1.00000,1.00000,1.00000,1.00000,3,3,1,24.27387,0.00254,1.04265,0.0128,-0.1466,0.0171,0.0000,0.0000,0.0000,-7.73,-10.36,0.72,1,1,0.0000,0.0000,0.4000,0.00,0.8200,0.3500,1.0000,6.00,180.00,5.000000,0.050000,0.000000,1.100000,0.000000,0.000000,1.200000,0.000000,0.000000,1.350000,0.000000,0.000000,0.850000,0.020000,0.000000,0.008000,0.000000,0.000600,0.008000,0.000000,0.000600,0.006000,0.000000,0.000000,1,1,1,120,229,61,61,61,0,0,61.00,49596,3453,91,0,0,0,49626,500.00,500.00,7,1637,0.0000,0.4360,0.4820,0.1470,0.4620
2026-04-27T19:15:23.741,2.013,1,0.19,0.19,0.00,0.00,1,-0.0126,0.1465,0.3826,0.0000,0.0000,0.0000,7.64,4.91,59.92,57.27,121,121,1.00000,1.00000,1.00000,1.00000,3,3,1,24.27531,0.00233,1.04269,0.0126,-0.1465,0.0174,0.0000,0.0000,0.0000,-7.64,-10.05,0.72,1,1,0.0000,0.0000,0.4000,0.00,0.8200,0.3500,1.0000,6.00,180.00,5.000000,0.050000,0.000000,1.100000,0.000000,0.000000,1.200000,0.000000,0.000000,1.350000,0.000000,0.000000,0.850000,0.020000,0.000000,0.008000,0.000000,0.000600,0.008000,0.000000,0.000600,0.006000,0.000000,0.000000,1,1,1,121,229,61,61,61,0,0,61.00,49596,3453,91,0,0,0,49626,500.00,500.00,7,1637,0.0000,0.4360,0.4820,0.1470,0.4620
2026-04-27T19:15:23.758,2.030,1,0.19,0.19,0.00,0.00,1,-0.0126,0.1466,0.3827,0.0000,0.0000,0.0000,7.54,6.38,62.16,60.00,122,122,1.00000,1.00000,1.00000,1.00000,3,3,1,24.26533,0.00245,1.04322,0.0126,-0.1466,0.0173,0.0000,0.0000,0.0000,-7.54,-9.97,0.72,1,1,0.0000,0.0000,0.4000,0.00,0.8200,0.3500,1.0000,6.00,180.00,5.000000,0.050000,0.000000,1.100000,0.000000,0.000000,1.200000,0.000000,0.000000,1.350000,0.000000,0.000000,0.850000,0.020000,0.000000,0.008000,0.000000,0.000600,0.008000,0.000000,0.000600,0.006000,0.000000,0.000000,1,1,1,122,228,121,121,121,0,0,60.00,49656,3122,91,0,0,0,49626,500.00,500.00,7,1637,0.0000,0.4360,0.4820,0.1470,0.4620
2026-04-27T19:15:23.774,2.046,1,0.19,0.19,0.00,0.00,1,-0.0130,0.1466,0.3827,0.0143,0.0000,0.0000,7.44,6.00,60.78,82.15,123,123,1.00000,1.00000,1.00000,1.00000,3,3,1,24.26302,0.00269,1.03950,0.0130,-0.1466,0.0173,0.0143,0.0000,0.0000,-7.44,-10.27,0.74,1,1,0.0000,0.0000,0.4000,0.00,0.8200,0.3500,1.0000,6.00,180.00,5.000000,0.050000,0.000000,1.100000,0.000000,0.000000,1.200000,0.000000,0.000000,1.350000,0.000000,0.000000,0.850000,0.020000,0.000000,0.008000,0.000000,0.000600,0.008000,0.000000,0.000600,0.006000,0.000000,0.000000,1,1,1,123,233,121,121,121,0,0,60.00,49656,3122,121,0,0,0,49656,330.36,330.36,10,1110,0.0000,0.4350,0.4850,0.3910,0.4740
2026-04-27T19:15:23.783,2.055,1,0.19,0.19,0.00,0.00,1,-0.0129,0.1464,0.3827,0.0000,0.0000,0.0000,7.27,16.51,63.53,52.35,124,124,1.00000,1.00000,1.00000,1.00000,3,3,1,24.27987,0.00240,1.03858,0.0129,-0.1464,0.0173,0.0000,0.0000,0.0000,-7.27,-10.08,0.70,1,1,0.0000,0.0000,0.4000,0.00,0.8200,0.3500,1.0000,6.00,180.00,5.000000,0.050000,0.000000,1.100000,0.000000,0.000000,1.200000,0.000000,0.000000,1.350000,0.000000,0.000000,0.850000,0.020000,0.000000,0.008000,0.000000,0.000600,0.008000,0.000000,0.000600,0.006000,0.000000,0.000000,1,1,1,124,228,121,121,121,0,0,60.00,49656,3122,121,0,0,0,49656,330.36,330.36,10,1110,0.0000,0.4350,0.4850,0.3910,0.4740
2026-04-27T19:15:23.808,2.080,1,0.19,0.19,0.00,0.00,1,-0.0131,0.1463,0.3830,0.0000,0.0000,0.0000,7.01,12.90,109.12,55.10,125,125,1.00000,1.00000,1.00000,1.00000,3,3,1,24.26276,0.00246,1.04079,0.0131,-0.1463,0.0170,0.0000,0.0000,0.0000,-7.01,-10.05,0.66,1,1,0.0000,0.0000,0.4000,0.00,0.8200,0.3500,1.0000,6.00,180.00,5.000000,0.050000,0.000000,1.100000,0.000000,0.000000,1.200000,0.000000,0.000000,1.350000,0.000000,0.000000,0.850000,0.020000,0.000000,0.008000,0.000000,0.000600,0.008000,0.000000,0.000600,0.006000,0.000000,0.000000,1,1,1,125,226,121,121,121,0,0,60.00,49656,3122,121,0,0,0,49656,330.36,330.36,10,1110,0.0000,0.4350,0.4850,0.3910,0.4740
2026-04-27T19:15:23.824,2.096,1,0.19,0.19,0.00,0.00,1,-0.0131,0.1464,0.3830,0.0000,0.0000,0.0000,6.70,15.59,40.67,60.42,126,126,1.00000,1.00000,1.00000,1.00000,3,3,1,24.27355,0.00249,1.04809,0.0131,-0.1464,0.0170,0.0000,0.0000,0.0000,-6.70,-9.87,0.50,1,1,0.0000,0.0000,0.4000,0.00,0.8200,0.3500,1.0000,6.00,180.00,5.000000,0.050000,0.000000,1.100000,0.000000,0.000000,1.200000,0.000000,0.000000,1.350000,0.000000,0.000000,0.850000,0.020000,0.000000,0.008000,0.000000,0.000600,0.008000,0.000000,0.000600,0.006000,0.000000,0.000000,1,1,1,126,226,121,121,121,0,0,60.00,49656,3122,121,0,0,0,49656,330.36,330.36,10,1110,0.0000,0.4350,0.4850,0.3910,0.4740
2026-04-27T19:15:23.841,2.114,1,0.19,0.19,0.00,0.00,1,-0.0129,0.1464,0.3830,0.0000,0.0000,0.0000,6.43,15.22,55.57,58.18,127,127,1.00000,1.00000,1.00000,1.00000,3,3,1,24.26689,0.00251,1.04994,0.0129,-0.1464,0.0170,0.0000,0.0000,0.0000,-6.43,-9.69,0.24,1,1,0.0000,0.0000,0.4000,0.00,0.8200,0.3500,1.0000,6.00,180.00,5.000000,0.050000,0.000000,1.100000,0.000000,0.000000,1.200000,0.000000,0.000000,1.350000,0.000000,0.000000,0.850000,0.020000,0.000000,0.008000,0.000000,0.000600,0.008000,0.000000,0.000600,0.006000,0.000000,0.000000,1,1,1,127,228,121,121,121,0,0,60.00,49656,3122,121,0,0,0,49656,330.36,330.36,10,1110,0.0000,0.4350,0.4850,0.3910,0.4740
2026-04-27T19:15:23.858,2.130,1,0.30,0.10,1.01,-0.95,1,-0.0131,0.1464,0.3830,0.0000,0.0000,0.0000,5.94,32.22,60.10,59.54,128,128,1.00000,1.00000,1.00000,1.00000,3,3,1,24.28067,0.00252,1.05000,0.0131,-0.1464,0.0170,0.0000,0.0000,0.0000,-5.94,-9.63,0.04,1,1,0.0000,0.0000,0.4000,0.00,0.8200,0.3500,1.0000,6.00,180.00,5.000000,0.050000,0.000000,1.100000,0.000000,0.000000,1.200000,0.000000,0.000000,1.350000,0.000000,0.000000,0.850000,0.020000,0.000000,0.008000,0.000000,0.000600,0.008000,0.000000,0.000600,0.006000,0.000000,0.000000,1,1,1,128,228,121,121,121,0,0,60.00,49656,3122,121,0,0,0,49656,330.36,330.36,10,1110,0.0000,0.4350,0.4850,0.3910,0.4740
2026-04-27T19:15:23.874,2.146,1,0.30,0.10,1.01,-0.95,1,-0.0132,0.1463,0.3830,0.0000,0.0000,0.0000,5.64,18.00,59.99,59.88,129,129,1.00000,1.00000,1.00000,1.00000,3,3,1,24.27440,0.00252,1.04908,0.0132,-0.1463,0.0170,0.0000,0.0000,0.0000,-5.64,-9.56,0.02,1,1,0.0000,0.0000,0.4000,0.00,0.8200,0.3500,1.0000,6.00,180.00,5.000000,0.050000,0.000000,1.100000,0.000000,0.000000,1.200000,0.000000,0.000000,1.350000,0.000000,0.000000,0.850000,0.020000,0.000000,0.008000,0.000000,0.000600,0.008000,0.000000,0.000600,0.006000,0.000000,0.000000,1,1,1,129,228,121,121,121,0,0,60.00,49656,3122,121,0,0,0,49656,330.36,330.36,10,1110,0.0000,0.4350,0.4850,0.3910,0.4740
2026-04-27T19:15:23.891,2.163,1,0.30,0.10,1.01,-0.95,1,-0.0136,0.1461,0.3831,0.0139,0.0000,0.0000,5.48,9.60,62.79,76.10,130,130,1.00000,1.00000,1.00000,1.00000,3,3,1,24.27615,0.00259,1.05372,0.0136,-0.1461,0.0169,0.0139,0.0000,0.0000,-5.48,-9.98,-0.02,1,1,0.0000,0.0000,0.4000,0.00,0.8200,0.3500,1.0000,6.00,180.00,5.000000,0.050000,0.000000,1.100000,0.000000,0.000000,1.200000,0.000000,0.000000,1.350000,0.000000,0.000000,0.850000,0.020000,0.000000,0.008000,0.000000,0.000600,0.008000,0.000000,0.000600,0.006000,0.000000,0.000000,1,1,1,130,233,121,121,121,0,0,60.00,49656,3122,121,0,0,0,49656,330.36,330.36,10,1110,0.0000,0.4350,0.4850,0.3910,0.4740
2026-04-27T19:15:23.908,2.180,1,0.30,0.10,0.00,0.00,1,-0.0134,0.1461,0.3830,0.0000,0.0000,0.0000,5.22,15.60,63.92,65.15,131,131,1.00000,1.00000,1.00000,1.00000,3,3,1,24.25566,0.00290,1.05434,0.0134,-0.1461,0.0170,0.0000,0.0000,0.0000,-5.22,-10.03,-0.21,1,1,0.0000,0.0000,0.4000,0.00,0.8200,0.3500,1.0000,6.00,180.00,5.000000,0.050000,0.000000,1.100000,0.000000,0.000000,1.200000,0.000000,0.000000,1.350000,0.000000,0.000000,0.850000,0.020000,0.000000,0.008000,0.000000,0.000600,0.008000,0.000000,0.000600,0.006000,0.000000,0.000000,1,1,1,131,230,121,121,121,0,0,60.00,49656,3122,121,0,0,0,49656,330.36,330.36,10,1110,0.0000,0.4350,0.4850,0.3910,0.4740
2026-04-27T19:15:23.917,2.189,1,0.30,0.10,0.00,0.00,1,-0.0135,0.1460,0.3832,0.0000,0.0000,0.0000,5.07,14.00,58.68,50.41,132,132,1.00000,1.00000,1.00000,1.00000,3,3,1,24.26011,0.00283,1.05609,0.0135,-0.1460,0.0168,0.0000,0.0000,0.0000,-5.07,-10.08,-0.38,1,1,0.0000,0.0000,0.4000,0.00,0.8200,0.3500,1.0000,6.00,180.00,5.000000,0.050000,0.000000,1.100000,0.000000,0.000000,1.200000,0.000000,0.000000,1.350000,0.000000,0.000000,0.850000,0.020000,0.000000,0.008000,0.000000,0.000600,0.008000,0.000000,0.000600,0.006000,0.000000,0.000000,1,1,1,132,230,121,121,121,0,0,60.00,49656,3122,121,0,0,0,49656,330.36,330.36,10,1110,0.0000,0.4350,0.4850,0.3910,0.4740
2026-04-27T19:15:23.935,2.208,1,0.30,0.10,0.00,0.00,1,-0.0134,0.1459,0.3828,0.0000,0.0000,0.0000,5.00,3.77,108.64,56.95,133,133,1.00000,1.00000,1.00000,1.00000,3,3,1,24.25550,0.00269,1.05280,0.0134,-0.1459,0.0172,0.0000,0.0000,0.0000,-5.00,-9.82,-0.45,1,1,0.0000,0.0000,0.4000,0.00,0.8200,0.3500,1.0000,6.00,180.00,5.000000,0.050000,0.000000,1.100000,0.000000,0.000000,1.200000,0.000000,0.000000,1.350000,0.000000,0.000000,0.850000,0.020000,0.000000,0.008000,0.000000,0.000600,0.008000,0.000000,0.000600,0.006000,0.000000,0.000000,1,1,1,133,226,121,121,121,0,0,60.00,49656,3122,121,0,0,0,49656,330.36,330.36,10,1110,0.0000,0.4350,0.4850,0.3910,0.4740
2026-04-27T19:15:23.958,2.230,1,0.30,0.10,0.00,0.00,1,-0.0135,0.1457,0.3828,0.0000,0.0000,0.0000,5.02,-0.97,53.88,59.57,134,134,1.00000,1.00000,1.00000,1.00000,3,3,1,24.22352,0.00258,1.05330,0.0135,-0.1457,0.0172,0.0000,0.0000,0.0000,-5.02,-9.69,-0.43,1,1,0.0000,0.0000,0.4000,0.00,0.8200,0.3500,1.0000,6.00,180.00,5.000000,0.050000,0.000000,1.100000,0.000000,0.000000,1.200000,0.000000,0.000000,1.350000,0.000000,0.000000,0.850000,0.020000,0.000000,0.008000,0.000000,0.000600,0.008000,0.000000,0.000600,0.006000,0.000000,0.000000,1,1,1,134,229,121,121,121,0,0,60.00,49656,3122,121,0,0,0,49656,330.36,330.36,10,1110,0.0000,0.4350,0.4850,0.3910,0.4740
2026-04-27T19:15:23.972,2.244,1,0.30,0.10,0.00,0.00,1,-0.0136,0.1454,0.3826,0.0000,0.0130,0.0000,4.96,3.73,44.99,57.87,135,135,1.00000,1.00000,1.00000,1.00000,3,3,1,24.15495,0.00252,1.05012,0.0136,-0.1454,0.0174,0.0000,0.0130,0.0000,-4.96,-9.45,-0.36,1,1,0.0000,0.0000,0.4000,0.00,0.8200,0.3500,1.0000,6.00,180.00,5.000000,0.050000,0.000000,1.100000,0.000000,0.000000,1.200000,0.000000,0.000000,1.350000,0.000000,0.000000,0.850000,0.020000,0.000000,0.008000,0.000000,0.000600,0.008000,0.000000,0.000600,0.006000,0.000000,0.000000,1,1,1,135,233,121,121,121,0,0,60.00,49656,3122,121,0,0,0,49656,330.36,330.36,10,1110,0.0000,0.4350,0.4850,0.3910,0.4740
2026-04-27T19:15:23.991,2.263,1,0.30,0.10,0.00,0.00,1,-0.0136,0.1452,0.3824,0.0000,0.0000,0.0000,5.00,-2.32,68.63,59.98,136,136,1.00000,1.00000,1.00000,1.00000,3,3,1,24.23409,0.00245,1.05211,0.0136,-0.1452,0.0176,0.0000,0.0000,0.0000,-5.00,-9.25,-0.53,1,1,0.0000,0.0000,0.4000,0.00,0.8200,0.3500,1.0000,6.00,180.00,5.000000,0.050000,0.000000,1.100000,0.000000,0.000000,1.200000,0.000000,0.000000,1.350000,0.000000,0.000000,0.850000,0.020000,0.000000,0.008000,0.000000,0.000600,0.008000,0.000000,0.000600,0.006000,0.000000,0.000000,1,1,1,136,226,121,121,121,0,0,60.00,49656,3122,121,0,0,0,49656,330.36,330.36,10,1110,0.0000,0.4350,0.4850,0.3910,0.4740
2026-04-27T19:15:24.007,2.279,1,0.30,0.10,0.00,0.00,1,-0.0136,0.1452,0.3824,0.0000,0.0000,0.0000,4.94,3.47,51.68,64.29,137,137,1.00000,1.00000,1.00000,1.00000,3,3,1,24.23897,0.00245,1.05140,0.0136,-0.1452,0.0176,0.0000,0.0000,0.0000,-4.94,-9.05,-1.13,1,1,0.0000,0.0000,0.4000,0.00,0.8200,0.3500,1.0000,6.00,180.00,5.000000,0.050000,0.000000,1.100000,0.000000,0.000000,1.200000,0.000000,0.000000,1.350000,0.000000,0.000000,0.850000,0.020000,0.000000,0.008000,0.000000,0.000600,0.008000,0.000000,0.000600,0.006000,0.000000,0.000000,1,1,1,137,229,121,121,121,0,0,60.00,49656,3122,121,0,0,0,49656,330.36,330.36,10,1110,0.0000,0.4350,0.4850,0.3910,0.4740
2026-04-27T19:15:24.024,2.296,1,0.30,-0.90,0.00,-9.77,1,-0.0139,0.1449,0.3821,0.0125,0.0119,0.0106,4.87,4.36,61.87,56.36,138,138,1.00000,1.00000,1.00000,1.00000,3,3,1,24.18616,0.00272,1.04772,0.0139,-0.1449,0.0179,0.0125,0.0119,0.0106,-4.87,-9.17,-1.52,1,1,0.0000,0.0000,0.4000,0.00,0.8200,0.3500,1.0000,6.00,180.00,5.000000,0.050000,0.000000,1.100000,0.000000,0.000000,1.200000,0.000000,0.000000,1.350000,0.000000,0.000000,0.850000,0.020000,0.000000,0.008000,0.000000,0.000600,0.008000,0.000000,0.000600,0.006000,0.000000,0.000000,1,1,1,138,241,121,121,121,0,0,60.00,49656,3122,121,0,0,0,49656,330.36,330.36,10,1110,0.0000,0.4350,0.4850,0.3910,0.4740
2026-04-27T19:15:24.041,2.313,1,0.30,-0.90,0.00,-9.77,1,-0.0144,0.1448,0.3819,0.0186,0.0000,0.0122,4.76,6.60,61.86,63.85,139,139,1.00000,1.00000,1.00000,1.00000,3,3,1,24.16378,0.00272,1.04891,0.0144,-0.1448,0.0181,0.0186,0.0000,0.0122,-4.76,-9.42,-1.90,1,1,0.0000,0.0000,0.4000,0.00,0.8200,0.3500,1.0000,6.00,180.00,5.000000,0.050000,0.000000,1.100000,0.000000,0.000000,1.200000,0.000000,0.000000,1.350000,0.000000,0.000000,0.850000,0.020000,0.000000,0.008000,0.000000,0.000600,0.008000,0.000000,0.000600,0.006000,0.000000,0.000000,1,1,1,139,236,121,121,121,0,0,60.00,49656,3122,121,0,0,0,49656,330.36,330.36,10,1110,0.0000,0.4350,0.4850,0.3910,0.4740
2026-04-27T19:15:24.057,2.329,1,0.30,-0.90,0.00,-9.77,1,-0.0147,0.1450,0.3813,0.0161,0.0000,0.0226,4.75,0.60,56.64,56.71,140,140,1.00000,1.00000,1.00000,1.00000,3,3,1,24.13014,0.00286,1.04964,0.0147,-0.1450,0.0187,0.0161,0.0000,0.0226,-4.75,-9.65,-2.61,1,1,0.0000,0.0000,0.4000,0.00,0.8200,0.3500,1.0000,6.00,180.00,5.000000,0.050000,0.000000,1.100000,0.000000,0.000000,1.200000,0.000000,0.000000,1.350000,0.000000,0.000000,0.850000,0.020000,0.000000,0.008000,0.000000,0.000600,0.008000,0.000000,0.000600,0.006000,0.000000,0.000000,1,1,1,140,237,121,121,121,0,0,60.00,49656,3122,121,0,0,0,49656,330.36,330.36,10,1110,0.0000,0.4350,0.4850,0.3910,0.4740
2026-04-27T19:15:24.074,2.346,1,0.30,-0.90,0.00,-9.77,1,-0.0147,0.1444,0.3811,0.0000,0.0215,0.0166,4.67,4.48,59.50,59.85,141,141,1.00000,1.00000,1.00000,1.00000,3,3,1,24.11153,0.00277,1.04180,0.0147,-0.1444,0.0189,0.0000,0.0215,0.0166,-4.67,-9.44,-2.88,1,1,0.0000,0.0000,0.4000,0.00,0.8200,0.3500,1.0000,6.00,180.00,5.000000,0.050000,0.000000,1.100000,0.000000,0.000000,1.200000,0.000000,0.000000,1.350000,0.000000,0.000000,0.850000,0.020000,0.000000,0.008000,0.000000,0.000600,0.008000,0.000000,0.000600,0.006000,0.000000,0.000000,1,1,1,141,237,121,121,121,0,0,60.00,49656,3122,121,0,0,0,49656,330.36,330.36,10,1110,0.0000,0.4350,0.4850,0.3910,0.4740
2026-04-27T19:15:24.091,2.363,1,0.30,-0.90,0.00,-9.77,1,-0.0147,0.1439,0.3811,0.0000,0.0213,0.0000,4.43,15.45,60.51,64.32,142,142,1.00000,1.00000,1.00000,1.00000,3,3,1,24.16396,0.00255,1.04154,0.0147,-0.1439,0.0189,0.0000,0.0213,0.0000,-4.43,-9.17,-3.24,1,1,0.0000,0.0000,0.4000,0.00,0.8200,0.3500,1.0000,6.00,180.00,5.000000,0.050000,0.000000,1.100000,0.000000,0.000000,1.200000,0.000000,0.000000,1.350000,0.000000,0.000000,0.850000,0.020000,0.000000,0.008000,0.000000,0.000600,0.008000,0.000000,0.000600,0.006000,0.000000,0.000000,1,1,1,142,233,121,121,121,0,0,60.00,49656,3122,121,0,0,0,49656,330.36,330.36,10,1110,0.0000,0.4350,0.4850,0.3910,0.4740
2026-04-27T19:15:24.108,2.380,1,0.30,-0.90,0.00,-9.77,1,-0.0143,0.1433,0.3810,-0.0101,0.0293,0.0108,4.13,18.02,63.94,58.50,143,143,1.00000,1.00000,1.00000,1.00000,3,3,1,24.07861,0.00263,1.04589,0.0143,-0.1433,0.0190,-0.0101,0.0293,0.0108,-4.13,-8.45,-3.81,1,1,0.0000,0.0000,0.4000,0.00,0.8200,0.3500,1.0000,6.00,180.00,5.000000,0.050000,0.000000,1.100000,0.000000,0.000000,1.200000,0.000000,0.000000,1.350000,0.000000,0.000000,0.850000,0.020000,0.000000,0.008000,0.000000,0.000600,0.008000,0.000000,0.000600,0.006000,0.000000,0.000000,1,1,1,143,241,121,121,121,0,0,60.00,49656,3122,121,0,0,0,49656,330.36,330.36,10,1110,0.0000,0.4350,0.4850,0.3910,0.4740
2026-04-27T19:15:24.124,2.396,1,0.30,-4.00,0.00,-30.09,1,-0.0150,0.1431,0.3809,0.0170,0.0195,0.0000,3.87,15.60,58.66,57.81,144,144,1.00000,1.00000,1.00000,1.00000,3,3,1,23.98387,0.00287,1.04722,0.0150,-0.1431,0.0191,0.0170,0.0195,0.0000,-3.87,-8.92,-4.21,1,1,0.0000,0.0000,0.4000,0.00,0.8200,0.3500,1.0000,6.00,180.00,5.000000,0.050000,0.000000,1.100000,0.000000,0.000000,1.200000,0.000000,0.000000,1.350000,0.000000,0.000000,0.850000,0.020000,0.000000,0.008000,0.000000,0.000600,0.008000,0.000000,0.000600,0.006000,0.000000,0.000000,1,1,1,144,237,121,121,121,0,0,60.00,49656,3122,121,0,0,0,49656,330.36,330.36,10,1110,0.0000,0.4350,0.4850,0.3910,0.4740
2026-04-27T19:15:24.141,2.413,1,0.30,-4.00,0.00,-30.09,1,-0.0154,0.1428,0.3809,0.0178,0.0199,0.0000,3.71,9.61,57.86,64.87,145,145,1.00000,1.00000,1.00000,1.00000,3,3,1,24.04604,0.00289,1.04607,0.0154,-0.1428,0.0191,0.0178,0.0199,0.0000,-3.71,-9.08,-4.62,1,1,0.0000,0.0000,0.4000,0.00,0.8200,0.3500,1.0000,6.00,180.00,5.000000,0.050000,0.000000,1.100000,0.000000,0.000000,1.200000,0.000000,0.000000,1.350000,0.000000,0.000000,0.850000,0.020000,0.000000,0.008000,0.000000,0.000600,0.008000,0.000000,0.000600,0.006000,0.000000,0.000000,1,1,1,145,236,121,121,121,0,0,60.00,49656,3122,121,0,0,0,49656,330.36,330.36,10,1110,0.0000,0.4350,0.4850,0.3910,0.4740
2026-04-27T19:15:24.157,2.429,1,0.30,-4.00,0.00,-30.09,1,-0.0155,0.1425,0.3806,0.0000,0.0218,0.0123,3.44,16.21,63.85,55.67,146,146,1.00000,1.00000,1.00000,1.00000,3,3,1,23.98982,0.00276,1.04760,0.0155,-0.1425,0.0194,0.0000,0.0218,0.0123,-3.44,-8.80,-5.13,1,1,0.0000,0.0000,0.4000,0.00,0.8200,0.3500,1.0000,6.00,180.00,5.000000,0.050000,0.000000,1.100000,0.000000,0.000000,1.200000,0.000000,0.000000,1.350000,0.000000,0.000000,0.850000,0.020000,0.000000,0.008000,0.000000,0.000600,0.008000,0.000000,0.000600,0.006000,0.000000,0.000000,1,1,1,146,236,121,121,121,0,0,60.00,49656,3122,121,0,0,0,49656,330.36,330.36,10,1110,0.0000,0.4350,0.4850,0.3910,0.4740
2026-04-27T19:15:24.174,2.446,1,0.30,-4.00,0.00,-30.09,1,-0.0159,0.1421,0.3805,0.0179,0.0216,0.0000,3.22,13.20,58.30,65.42,147,147,1.00000,1.00000,1.00000,1.00000,3,3,1,24.08626,0.00288,1.04646,0.0159,-0.1421,0.0195,0.0179,0.0216,0.0000,-3.22,-8.88,-5.30,1,1,0.0000,0.0000,0.4000,0.00,0.8200,0.3500,1.0000,6.00,180.00,5.000000,0.050000,0.000000,1.100000,0.000000,0.000000,1.200000,0.000000,0.000000,1.350000,0.000000,0.000000,0.850000,0.020000,0.000000,0.008000,0.000000,0.000600,0.008000,0.000000,0.000600,0.006000,0.000000,0.000000,1,1,1,147,236,121,121,121,0,0,60.00,49656,3122,121,0,0,0,49656,330.36,330.36,10,1110,0.0000,0.4350,0.4850,0.3910,0.4740
2026-04-27T19:15:24.191,2.463,1,0.30,-4.00,0.00,-30.09,1,-0.0163,0.1416,0.3802,0.0207,0.0257,0.0128,2.99,13.35,61.82,56.25,148,148,1.00000,1.00000,1.00000,1.00000,3,3,1,24.03721,0.00282,1.04373,0.0163,-0.1416,0.0198,0.0207,0.0257,0.0128,-2.99,-9.20,-5.40,1,1,0.0000,0.0000,0.4000,0.00,0.8200,0.3500,1.0000,6.00,180.00,5.000000,0.050000,0.000000,1.100000,0.000000,0.000000,1.200000,0.000000,0.000000,1.350000,0.000000,0.000000,0.850000,0.020000,0.000000,0.008000,0.000000,0.000600,0.008000,0.000000,0.000600,0.006000,0.000000,0.000000,1,1,1,148,238,121,121,121,0,0,60.00,49656,3122,121,0,0,0,49656,330.36,330.36,10,1110,0.0000,0.4350,0.4850,0.3910,0.4740
2026-04-27T19:15:24.207,2.479,1,0.30,-4.00,0.00,-30.09,1,-0.0165,0.1409,0.3806,0.0166,0.0353,0.0000,2.69,18.65,58.50,59.30,149,149,1.00000,1.00000,1.00000,1.00000,3,3,1,24.01420,0.00298,1.04948,0.0165,-0.1409,0.0194,0.0166,0.0353,0.0000,-2.69,-9.38,-5.58,1,1,0.0000,0.0000,0.4000,0.00,0.8200,0.3500,1.0000,6.00,180.00,5.000000,0.050000,0.000000,1.100000,0.000000,0.000000,1.200000,0.000000,0.000000,1.350000,0.000000,0.000000,0.850000,0.020000,0.000000,0.008000,0.000000,0.000600,0.008000,0.000000,0.000600,0.006000,0.000000,0.000000,1,1,1,149,237,121,121,121,0,0,60.00,49656,3122,121,0,0,0,49656,330.36,330.36,10,1110,0.0000,0.4350,0.4850,0.3910,0.4740
2026-04-27T19:15:24.224,2.496,1,0.30,-4.00,0.00,-30.09,1,-0.0161,0.1399,0.3803,0.0000,0.0465,0.0000,2.37,18.54,59.84,59.52,150,150,1.00000,1.00000,1.00000,1.00000,3,3,1,24.00823,0.00271,1.04814,0.0161,-0.1399,0.0197,0.0000,0.0465,0.0000,-2.37,-8.61,-5.70,1,1,0.0000,0.0000,0.4000,0.00,0.8200,0.3500,1.0000,6.00,180.00,5.000000,0.050000,0.000000,1.100000,0.000000,0.000000,1.200000,0.000000,0.000000,1.350000,0.000000,0.000000,0.850000,0.020000,0.000000,0.008000,0.000000,0.000600,0.008000,0.000000,0.000600,0.006000,0.000000,0.000000,1,1,1,150,230,121,121,121,0,0,60.00,49656,3122,121,0,0,0,49656,330.36,330.36,10,1110,0.0000,0.4350,0.4850,0.3910,0.4740
2026-04-27T19:15:24.240,2.513,1,0.30,-4.00,0.00,-30.09,1,-0.0166,0.1391,0.3803,0.0188,0.0434,0.0000,2.18,11.12,58.04,60.53,151,151,1.00000,1.00000,1.00000,1.00000,3,3,1,23.98317,0.00304,1.04594,0.0166,-0.1391,0.0197,0.0188,0.0434,0.0000,-2.18,-8.98,-5.73,1,1,0.0000,0.0000,0.4000,0.00,0.8200,0.3500,1.0000,6.00,180.00,5.000000,0.050000,0.000000,1.100000,0.000000,0.000000,1.200000,0.000000,0.000000,1.350000,0.000000,0.000000,0.850000,0.020000,0.000000,0.008000,0.000000,0.000600,0.008000,0.000000,0.000600,0.006000,0.000000,0.000000,1,1,1,151,236,121,121,121,0,0,60.00,49656,3122,121,0,0,0,49656,330.36,330.36,10,1110,0.0000,0.4350,0.4850,0.3910,0.4740
2026-04-27T19:15:24.257,2.529,1,0.30,-4.00,0.00,-30.09,1,-0.0170,0.1385,0.3803,0.0217,0.0437,0.0000,1.80,24.31,59.20,60.06,152,152,1.00000,1.00000,1.00000,1.00000,3,3,1,23.89129,0.00314,1.05255,0.0170,-0.1385,0.0197,0.0217,0.0437,0.0000,-1.80,-9.33,-6.20,1,1,0.0000,0.0000,0.4000,0.00,0.8200,0.3500,1.0000,6.00,180.00,5.000000,0.050000,0.000000,1.100000,0.000000,0.000000,1.200000,0.000000,0.000000,1.350000,0.000000,0.000000,0.850000,0.020000,0.000000,0.008000,0.000000,0.000600,0.008000,0.000000,0.000600,0.006000,0.000000,0.000000,1,1,1,152,234,121,121,121,0,0,60.00,49656,3122,121,0,0,0,49656,330.36,330.36,10,1110,0.0000,0.4350,0.4850,0.3910,0.4740
2026-04-27T19:15:24.274,2.546,1,0.30,-4.00,0.00,-30.09,1,-0.0168,0.1369,0.3802,0.0000,0.0664,0.0000,1.48,18.80,60.80,59.95,153,153,1.00000,1.00000,1.00000,1.00000,3,3,1,23.85453,0.00279,1.04454,0.0168,-0.1369,0.0198,0.0000,0.0664,0.0000,-1.48,-8.99,-6.19,1,1,0.0000,0.0000,0.4000,0.00,0.8200,0.3500,1.0000,6.00,180.00,5.000000,0.050000,0.000000,1.100000,0.000000,0.000000,1.200000,0.000000,0.000000,1.350000,0.000000,0.000000,0.850000,0.020000,0.000000,0.008000,0.000000,0.000600,0.008000,0.000000,0.000600,0.006000,0.000000,0.000000,1,1,1,153,232,121,121,121,0,0,60.00,49656,3122,121,0,0,0,49656,330.36,330.36,10,1110,0.0000,0.4350,0.4850,0.3910,0.4740
2026-04-27T19:15:24.289,2.561,1,0.30,-4.00,0.00,-30.09,1,-0.0169,0.1358,0.3802,0.0000,0.0666,0.0000,1.37,6.88,59.44,60.04,154,154,1.00000,1.00000,1.00000,1.00000,3,3,1,23.86739,0.00286,1.04670,0.0169,-0.1358,0.0198,0.0000,0.0666,0.0000,-1.37,-8.88,-6.18,1,1,0.0000,0.0000,0.4000,0.00,0.8200,0.3500,1.0000,6.00,180.00,5.000000,0.050000,0.000000,1.100000,0.000000,0.000000,1.200000,0.000000,0.000000,1.350000,0.000000,0.000000,0.850000,0.020000,0.000000,0.008000,0.000000,0.000600,0.008000,0.000000,0.000600,0.006000,0.000000,0.000000,1,1,1,154,232,121,121,121,0,0,60.00,49656,3122,121,0,0,0,49656,330.36,330.36,10,1110,0.0000,0.4350,0.4850,0.3910,0.4740
2026-04-27T19:15:24.310,2.582,1,0.30,-4.00,0.00,-30.09,1,-0.0173,0.1346,0.3800,0.0255,0.0945,0.0129,1.27,4.99,60.55,81.40,155,155,1.00000,1.00000,1.00000,1.00000,3,3,1,23.74515,0.00288,1.04886,0.0173,-0.1346,0.0200,0.0255,0.0945,0.0129,-1.27,-9.27,-6.06,1,1,0.0000,0.0000,0.4000,0.00,0.8200,0.3500,1.0000,6.00,180.00,5.000000,0.050000,0.000000,1.100000,0.000000,0.000000,1.200000,0.000000,0.000000,1.350000,0.000000,0.000000,0.850000,0.020000,0.000000,0.008000,0.000000,0.000600,0.008000,0.000000,0.000600,0.006000,0.000000,0.000000,1,1,1,155,240,121,121,121,0,0,60.00,49656,3122,121,0,0,0,49656,330.36,330.36,10,1110,0.0000,0.4350,0.4850,0.3910,0.4740
2026-04-27T19:15:24.319,2.591,1,-0.50,-5.20,-7.73,0.00,1,-0.0178,0.1328,0.3802,0.0206,0.0854,0.0000,1.23,4.01,51.20,48.94,156,156,1.00000,1.00000,1.00000,1.00000,3,3,1,23.71661,0.00316,1.05390,0.0178,-0.1328,0.0198,0.0206,0.0854,0.0000,-1.23,-9.88,-6.15,1,1,0.0000,0.0000,0.4000,0.00,0.8200,0.3500,1.0000,6.00,180.00,5.000000,0.050000,0.000000,1.100000,0.000000,0.000000,1.200000,0.000000,0.000000,1.350000,0.000000,0.000000,0.850000,0.020000,0.000000,0.008000,0.000000,0.000600,0.008000,0.000000,0.000600,0.006000,0.000000,0.000000,1,1,1,156,236,121,121,121,0,0,60.00,49656,3122,121,0,0,0,49656,330.36,330.36,10,1110,0.0000,0.4350,0.4850,0.3910,0.4740
2026-04-27T19:15:24.343,2.616,1,-0.50,-5.20,-7.73,0.00,1,-0.0179,0.1314,0.3797,0.0147,0.0790,0.0148,1.33,-4.29,68.42,58.74,157,157,1.00000,1.00000,1.00000,1.00000,3,3,1,23.72033,0.00288,1.05340,0.0179,-0.1314,0.0203,0.0147,0.0790,0.0148,-1.33,-10.22,-6.08,1,1,0.0000,0.0000,0.4000,0.00,0.8200,0.3500,1.0000,6.00,180.00,5.000000,0.050000,0.000000,1.100000,0.000000,0.000000,1.200000,0.000000,0.000000,1.350000,0.000000,0.000000,0.850000,0.020000,0.000000,0.008000,0.000000,0.000600,0.008000,0.000000,0.000600,0.006000,0.000000,0.000000,1,1,1,157,241,121,121,121,0,0,60.00,49656,3122,121,0,0,0,49656,330.36,330.36,10,1110,0.0000,0.4350,0.4850,0.3910,0.4740
2026-04-27T19:15:24.360,2.632,1,-0.50,-5.20,-7.73,0.00,1,-0.0180,0.1294,0.3799,0.0000,0.1043,0.0000,1.30,1.74,51.96,59.44,158,158,1.00000,1.00000,1.00000,1.00000,3,3,1,23.57008,0.00290,1.05625,0.0180,-0.1294,0.0201,0.0000,0.1043,0.0000,-1.30,-10.28,-6.18,1,1,0.0000,0.0000,0.4000,0.00,0.8200,0.3500,1.0000,6.00,180.00,5.000000,0.050000,0.000000,1.100000,0.000000,0.000000,1.200000,0.000000,0.000000,1.350000,0.000000,0.000000,0.850000,0.020000,0.000000,0.008000,0.000000,0.000600,0.008000,0.000000,0.000600,0.006000,0.000000,0.000000,1,1,1,158,232,121,121,121,0,0,60.00,49656,3122,121,0,0,0,49656,330.36,330.36,10,1110,0.0000,0.4350,0.4850,0.3910,0.4740
2026-04-27T19:15:24.363,2.635,1,-0.50,-5.20,-7.73,0.00,1,-0.0179,0.1271,0.3794,0.0000,0.2202,0.0475,1.50,-59.43,63.88,87.83,159,159,1.00000,1.00000,1.00000,1.00000,3,3,1,23.53696,0.00291,1.04471,0.0179,-0.1271,0.0206,0.0000,0.2202,0.0475,-1.50,-10.52,-5.56,1,1,0.0000,0.0000,0.4000,0.00,0.8200,0.3500,1.0000,6.00,180.00,5.000000,0.050000,0.000000,1.100000,0.000000,0.000000,1.200000,0.000000,0.000000,1.350000,0.000000,0.000000,0.850000,0.020000,0.000000,0.008000,0.000000,0.000600,0.008000,0.000000,0.000600,0.006000,0.000000,0.000000,1,1,1,159,236,121,121,121,0,0,60.00,49656,3122,121,0,0,0,49656,330.36,330.36,10,1110,0.0000,0.4350,0.4850,0.3910,0.4740
2026-04-27T19:15:24.382,2.654,1,-0.50,-5.20,-7.73,0.00,1,-0.0175,0.1245,0.3789,0.0000,0.1667,0.0323,1.59,-4.80,66.16,53.32,160,160,1.00000,1.00000,1.00000,1.00000,3,3,1,23.52326,0.00308,1.05320,0.0175,-0.1245,0.0211,0.0000,0.1667,0.0323,-1.59,-10.39,-5.73,1,1,0.0000,0.0000,0.4000,0.00,0.8200,0.3500,1.0000,6.00,180.00,5.000000,0.050000,0.000000,1.100000,0.000000,0.000000,1.200000,0.000000,0.000000,1.350000,0.000000,0.000000,0.850000,0.020000,0.000000,0.008000,0.000000,0.000600,0.008000,0.000000,0.000600,0.006000,0.000000,0.000000,1,1,1,160,238,121,121,121,0,0,60.00,49656,3122,121,0,0,0,49656,330.36,330.36,10,1110,0.0000,0.4350,0.4850,0.3910,0.4740
2026-04-27T19:15:24.408,2.680,1,-0.50,-5.20,-7.73,0.00,1,-0.0174,0.1217,0.3786,0.0000,0.1863,0.0305,1.77,-6.87,166.58,63.74,161,161,1.00000,1.00000,1.00000,1.00000,3,3,1,23.46440,0.00297,1.04937,0.0174,-0.1217,0.0214,0.0000,0.1863,0.0305,-1.77,-10.58,-5.34,1,1,0.0000,0.0000,0.4000,0.00,0.8200,0.3500,1.0000,6.00,180.00,5.000000,0.050000,0.000000,1.100000,0.000000,0.000000,1.200000,0.000000,0.000000,1.350000,0.000000,0.000000,0.850000,0.020000,0.000000,0.008000,0.000000,0.000600,0.008000,0.000000,0.000600,0.006000,0.000000,0.000000,1,1,1,161,237,121,121,121,0,0,60.00,49656,3122,121,0,0,0,49656,330.36,330.36,10,1110,0.0000,0.4350,0.4850,0.3910,0.4740
2026-04-27T19:15:24.427,2.699,1,-0.50,-5.20,-7.73,0.00,1,-0.0173,0.1190,0.3783,0.0000,0.1760,0.0243,1.89,-6.74,38.17,60.66,162,162,1.00000,1.00000,1.00000,1.00000,3,3,1,23.30936,0.00314,1.05246,0.0173,-0.1190,0.0217,0.0000,0.1760,0.0243,-1.89,-10.82,-5.27,1,1,0.0000,0.0000,0.4000,0.00,0.8200,0.3500,1.0000,6.00,180.00,5.000000,0.050000,0.000000,1.100000,0.000000,0.000000,1.200000,0.000000,0.000000,1.350000,0.000000,0.000000,0.850000,0.020000,0.000000,0.008000,0.000000,0.000600,0.008000,0.000000,0.000600,0.006000,0.000000,0.000000,1,1,1,162,238,121,121,121,0,0,60.00,49656,3122,121,0,0,0,49656,330.36,330.36,10,1110,0.0000,0.4350,0.4850,0.3910,0.4740
2026-04-27T19:15:24.431,2.704,1,-0.50,-5.20,-7.73,0.00,1,-0.0165,0.1159,0.3774,-0.0268,0.1780,0.0394,1.82,12.15,53.16,56.86,163,163,1.00000,1.00000,1.00000,1.00000,3,3,1,23.26106,0.00268,1.05118,0.0165,-0.1159,0.0226,-0.0268,0.1780,0.0394,-1.82,-10.52,-5.10,1,1,0.0000,0.0000,0.4000,0.00,0.8200,0.3500,1.0000,6.00,180.00,5.000000,0.050000,0.000000,1.100000,0.000000,0.000000,1.200000,0.000000,0.000000,1.350000,0.000000,0.000000,0.850000,0.020000,0.000000,0.008000,0.000000,0.000600,0.008000,0.000000,0.000600,0.006000,0.000000,0.000000,1,1,1,163,242,121,121,121,0,0,60.00,49656,3122,121,0,0,0,49656,330.36,330.36,10,1110,0.0000,0.4350,0.4850,0.3910,0.4740
2026-04-27T19:15:24.460,2.732,1,-0.50,-5.20,-7.73,0.00,1,-0.0156,0.1124,0.3763,-0.0307,0.1687,0.0424,1.88,-2.18,63.67,51.86,164,164,1.00000,1.00000,1.00000,1.00000,3,3,1,23.06179,0.00286,1.05119,0.0156,-0.1124,0.0237,-0.0307,0.1687,0.0424,-1.88,-10.11,-4.99,1,1,0.0000,0.0000,0.4000,0.00,0.8200,0.3500,1.0000,6.00,180.00,5.000000,0.050000,0.000000,1.100000,0.000000,0.000000,1.200000,0.000000,0.000000,1.350000,0.000000,0.000000,0.850000,0.020000,0.000000,0.008000,0.000000,0.000600,0.008000,0.000000,0.000600,0.006000,0.000000,0.000000,1,1,1,164,243,121,121,121,0,0,60.00,49656,3122,121,0,0,0,49656,330.36,330.36,10,1110,0.0000,0.4350,0.4850,0.3910,0.4740
2026-04-27T19:15:24.473,2.745,1,-1.29,-4.30,-7.96,9.00,1,-0.0154,0.1090,0.3753,-0.0206,0.1840,0.0514,1.99,-7.72,56.78,59.19,165,165,1.00000,1.00000,1.00000,1.00000,3,3,1,22.96893,0.00284,1.04664,0.0154,-0.1090,0.0247,-0.0206,0.1840,0.0514,-1.99,-10.38,-4.59,1,1,0.0000,0.0000,0.4000,0.00,0.8200,0.3500,1.0000,6.00,180.00,5.000000,0.050000,0.000000,1.100000,0.000000,0.000000,1.200000,0.000000,0.000000,1.350000,0.000000,0.000000,0.850000,0.020000,0.000000,0.008000,0.000000,0.000600,0.008000,0.000000,0.000600,0.006000,0.000000,0.000000,1,1,1,165,243,121,121,121,0,0,60.00,49656,3122,121,0,0,0,49656,330.36,330.36,10,1110,0.0000,0.4350,0.4850,0.3910,0.4740
2026-04-27T19:15:24.490,2.763,1,-1.29,-4.30,-7.96,9.00,1,-0.0146,0.1053,0.3737,-0.0359,0.2066,0.0715,2.17,-11.27,75.56,57.92,166,166,1.00000,1.00000,1.00000,1.00000,3,3,1,22.84885,0.00306,1.04838,0.0146,-0.1053,0.0263,-0.0359,0.2066,0.0715,-2.17,-10.22,-4.41,1,1,0.0000,0.0000,0.4000,0.00,0.8200,0.3500,1.0000,6.00,180.00,5.000000,0.050000,0.000000,1.100000,0.000000,0.000000,1.200000,0.000000,0.000000,1.350000,0.000000,0.000000,0.850000,0.020000,0.000000,0.008000,0.000000,0.000600,0.008000,0.000000,0.000600,0.006000,0.000000,0.000000,1,1,1,166,243,121,121,121,0,0,60.00,49656,3122,121,0,0,0,49656,330.36,330.36,10,1110,0.0000,0.4350,0.4850,0.3910,0.4740
2026-04-27T19:15:24.507,2.779,1,-1.29,-4.30,-7.96,9.00,1,-0.0136,0.1015,0.3716,-0.0493,0.2225,0.1044,2.14,1.80,55.04,60.02,167,167,1.00000,1.00000,1.00000,1.00000,3,3,1,22.71889,0.00257,1.04354,0.0136,-0.1015,0.0284,-0.0493,0.2225,0.1044,-2.14,-9.84,-4.08,1,1,0.0000,0.0000,0.4000,0.00,0.8200,0.3500,1.0000,6.00,180.00,5.000000,0.050000,0.000000,1.100000,0.000000,0.000000,1.200000,0.000000,0.000000,1.350000,0.000000,0.000000,0.850000,0.020000,0.000000,0.008000,0.000000,0.000600,0.008000,0.000000,0.000600,0.006000,0.000000,0.000000,1,1,1,167,242,121,121,121,0,0,60.00,49656,3122,121,0,0,0,49656,330.36,330.36,10,1110,0.0000,0.4350,0.4850,0.3910,0.4740
2026-04-27T19:15:24.520,2.792,1,-1.29,-4.30,-7.96,9.00,1,-0.0128,0.0969,0.3698,-0.0482,0.2532,0.1024,2.37,-16.55,60.28,62.77,168,168,1.00000,1.00000,1.00000,1.00000,3,3,1,22.50577,0.00272,1.04754,0.0128,-0.0969,0.0302,-0.0482,0.2532,0.1024,-2.37,-9.84,-3.80,1,1,0.0000,0.0000,0.4000,0.00,0.8200,0.3500,1.0000,6.00,180.00,5.000000,0.050000,0.000000,1.100000,0.000000,0.000000,1.200000,0.000000,0.000000,1.350000,0.000000,0.000000,0.850000,0.020000,0.000000,0.008000,0.000000,0.000600,0.008000,0.000000,0.000600,0.006000,0.000000,0.000000,1,1,1,168,240,121,121,121,0,0,60.00,49656,3122,121,0,0,0,49656,330.36,330.36,10,1110,0.0000,0.4350,0.4850,0.3910,0.4740
2026-04-27T19:15:24.540,2.812,1,-1.29,-4.30,-7.96,9.00,1,-0.0121,0.0929,0.3672,-0.0435,0.2311,0.1231,2.40,-1.54,84.96,61.51,169,169,1.00000,1.00000,1.00000,1.00000,3,3,1,22.38040,0.00309,1.05338,0.0121,-0.0929,0.0328,-0.0435,0.2311,0.1231,-2.40,-10.00,-3.71,1,1,0.0000,0.0000,0.4000,0.00,0.8200,0.3500,1.0000,6.00,180.00,5.000000,0.050000,0.000000,1.100000,0.000000,0.000000,1.200000,0.000000,0.000000,1.350000,0.000000,0.000000,0.850000,0.020000,0.000000,0.008000,0.000000,0.000600,0.008000,0.000000,0.000600,0.006000,0.000000,0.000000,1,1,1,169,239,121,121,121,0,0,60.00,49656,3122,121,0,0,0,49656,330.36,330.36,10,1110,0.0000,0.4350,0.4850,0.3910,0.4740
2026-04-27T19:15:24.557,2.829,1,-1.29,-4.30,-7.96,9.00,1,-0.0113,0.0885,0.3642,-0.0478,0.2565,0.1512,2.45,-3.02,49.71,58.35,170,170,1.00000,1.00000,1.00000,1.00000,3,3,1,22.21341,0.00287,1.04142,0.0113,-0.0885,0.0358,-0.0478,0.2565,0.1512,-2.45,-9.88,-3.20,1,1,0.0000,0.0000,0.4000,0.00,0.8200,0.3500,1.0000,6.00,180.00,5.000000,0.050000,0.000000,1.100000,0.000000,0.000000,1.200000,0.000000,0.000000,1.350000,0.000000,0.000000,0.850000,0.020000,0.000000,0.008000,0.000000,0.000600,0.008000,0.000000,0.000600,0.006000,0.000000,0.000000,1,1,1,170,241,121,121,121,0,0,60.00,49656,3122,121,0,0,0,49656,330.36,330.36,10,1110,0.0000,0.4350,0.4850,0.3910,0.4740
2026-04-27T19:15:24.574,2.846,1,-0.80,-2.90,4.89,13.71,1,-0.0102,0.0841,0.3613,-0.0595,0.2663,0.1639,2.58,-7.81,55.46,57.74,171,171,1.00000,1.00000,1.00000,1.00000,3,3,1,22.06884,0.00300,1.05442,0.0102,-0.0841,0.0387,-0.0595,0.2663,0.1639,-2.58,-9.81,-3.22,1,1,0.0000,0.0000,0.4000,0.00,0.8200,0.3500,1.0000,6.00,180.00,5.000000,0.050000,0.000000,1.100000,0.000000,0.000000,1.200000,0.000000,0.000000,1.350000,0.000000,0.000000,0.850000,0.020000,0.000000,0.008000,0.000000,0.000600,0.008000,0.000000,0.000600,0.006000,0.000000,0.000000,1,1,1,171,241,121,121,121,0,0,60.00,49656,3122,121,0,0,0,49656,330.36,330.36,10,1110,0.0000,0.4350,0.4850,0.3910,0.4740
2026-04-27T19:15:24.590,2.863,1,-0.80,-2.90,4.89,13.71,1,-0.0090,0.0792,0.3571,-0.0646,0.2807,0.2068,2.57,0.56,63.63,60.82,172,172,1.00000,1.00000,1.00000,1.00000,3,3,1,21.81589,0.00266,1.03701,0.0090,-0.0792,0.0429,-0.0646,0.2807,0.2068,-2.57,-9.52,-2.82,1,1,0.0000,0.0000,0.4000,0.00,0.8200,0.3500,1.0000,6.00,180.00,5.000000,0.050000,0.000000,1.100000,0.000000,0.000000,1.200000,0.000000,0.000000,1.350000,0.000000,0.000000,0.850000,0.020000,0.000000,0.008000,0.000000,0.000600,0.008000,0.000000,0.000600,0.006000,0.000000,0.000000,1,1,1,172,242,121,121,121,0,0,60.00,49656,3122,121,0,0,0,49656,330.36,330.36,10,1110,0.0000,0.4350,0.4850,0.3910,0.4740
2026-04-27T19:15:24.607,2.879,1,-0.80,-2.90,4.89,13.71,1,-0.0081,0.0746,0.3537,-0.0579,0.2734,0.1963,2.68,-6.79,59.98,63.34,173,173,1.00000,1.00000,1.00000,1.00000,3,3,1,21.61051,0.00302,1.04930,0.0081,-0.0746,0.0463,-0.0579,0.2734,0.1963,-2.68,-9.64,-2.84,1,1,0.0000,0.0000,0.4000,0.00,0.8200,0.3500,1.0000,6.00,180.00,5.000000,0.050000,0.000000,1.100000,0.000000,0.000000,1.200000,0.000000,0.000000,1.350000,0.000000,0.000000,0.850000,0.020000,0.000000,0.008000,0.000000,0.000600,0.008000,0.000000,0.000600,0.006000,0.000000,0.000000,1,1,1,173,242,121,121,121,0,0,60.00,49656,3122,121,0,0,0,49656,330.36,330.36,10,1110,0.0000,0.4350,0.4850,0.3910,0.4740
2026-04-27T19:15:24.623,2.896,1,-0.40,-1.70,3.89,11.68,1,-0.0064,0.0697,0.3493,-0.0804,0.2815,0.2314,2.58,5.94,56.45,56.35,174,174,1.00000,1.00000,1.00000,1.00000,3,3,1,21.40224,0.00273,1.04817,0.0064,-0.0697,0.0507,-0.0804,0.2815,0.2314,-2.58,-9.17,-2.73,1,1,0.0000,0.0000,0.4000,0.00,0.8200,0.3500,1.0000,6.00,180.00,5.000000,0.050000,0.000000,1.100000,0.000000,0.000000,1.200000,0.000000,0.000000,1.350000,0.000000,0.000000,0.850000,0.020000,0.000000,0.008000,0.000000,0.000600,0.008000,0.000000,0.000600,0.006000,0.000000,0.000000,1,1,1,174,240,121,121,121,0,0,60.00,49656,3122,121,0,0,0,49656,330.36,330.36,10,1110,0.0000,0.4350,0.4850,0.3910,0.4740
2026-04-27T19:15:24.640,2.912,1,-0.40,-1.70,3.89,11.68,1,-0.0054,0.0647,0.3448,-0.0681,0.3047,0.2588,2.64,-3.80,61.03,59.88,175,175,1.00000,1.00000,1.00000,1.00000,3,3,1,21.16239,0.00280,1.04073,0.0054,-0.0647,0.0552,-0.0681,0.3047,0.2588,-2.64,-9.24,-2.28,1,1,0.0000,0.0000,0.4000,0.00,0.8200,0.3500,1.0000,6.00,180.00,5.000000,0.050000,0.000000,1.100000,0.000000,0.000000,1.200000,0.000000,0.000000,1.350000,0.000000,0.000000,0.850000,0.020000,0.000000,0.008000,0.000000,0.000600,0.008000,0.000000,0.000600,0.006000,0.000000,0.000000,1,1,1,175,242,121,121,121,0,0,60.00,49656,3122,121,0,0,0,49656,330.36,330.36,10,1110,0.0000,0.4350,0.4850,0.3910,0.4740
2026-04-27T19:15:24.649,2.921,1,-0.40,-1.70,3.89,11.68,1,-0.0043,0.0599,0.3400,-0.0836,0.3485,0.3226,2.75,-10.98,63.03,69.94,176,176,1.00000,1.00000,1.00000,1.00000,3,3,1,20.95081,0.00305,1.04531,0.0043,-0.0599,0.0600,-0.0836,0.3485,0.3226,-2.75,-9.35,-2.07,1,1,0.0000,0.0000,0.4000,0.00,0.8200,0.3500,1.0000,6.00,180.00,5.000000,0.050000,0.000000,1.100000,0.000000,0.000000,1.200000,0.000000,0.000000,1.350000,0.000000,0.000000,0.850000,0.020000,0.000000,0.008000,0.000000,0.000600,0.008000,0.000000,0.000600,0.006000,0.000000,0.000000,1,1,1,176,240,121,121,121,0,0,60.00,49656,3122,121,0,0,0,49656,330.36,330.36,10,1110,0.0000,0.4350,0.4850,0.3910,0.4740
2026-04-27T19:15:24.672,2.944,1,-0.40,-1.70,3.89,11.68,1,-0.0026,0.0541,0.3341,-0.0790,0.2981,0.2858,2.73,0.89,57.10,54.21,177,177,1.00000,1.00000,1.00000,1.00000,3,3,1,20.70370,0.00301,1.04533,0.0026,-0.0541,0.0659,-0.0790,0.2981,0.2858,-2.73,-9.25,-2.00,1,1,0.0000,0.0000,0.4000,0.00,0.8200,0.3500,1.0000,6.00,180.00,5.000000,0.050000,0.000000,1.100000,0.000000,0.000000,1.200000,0.000000,0.000000,1.350000,0.000000,0.000000,0.850000,0.020000,0.000000,0.008000,0.000000,0.000600,0.008000,0.000000,0.000600,0.006000,0.000000,0.000000,1,1,1,177,239,121,121,121,0,0,60.00,49656,3122,121,0,0,0,49656,330.36,330.36,10,1110,0.0000,0.4350,0.4850,0.3910,0.4740
2026-04-27T19:15:24.691,2.963,1,-0.40,-1.70,3.89,11.68,1,-0.0012,0.0496,0.3289,-0.0826,0.2930,0.3061,2.59,7.26,72.67,58.00,178,178,1.00000,1.00000,1.00000,1.00000,3,3,1,20.41440,0.00295,1.04996,0.0012,-0.0496,0.0711,-0.0826,0.2930,0.3061,-2.59,-9.26,-1.93,1,1,0.0000,0.0000,0.4000,0.00,0.8200,0.3500,1.0000,6.00,180.00,5.000000,0.050000,0.000000,1.100000,0.000000,0.000000,1.200000,0.000000,0.000000,1.350000,0.000000,0.000000,0.850000,0.020000,0.000000,0.008000,0.000000,0.000600,0.008000,0.000000,0.000600,0.006000,0.000000,0.000000,1,1,1,178,237,121,121,121,0,0,60.00,49656,3122,121,0,0,0,49656,330.36,330.36,10,1110,0.0000,0.4350,0.4850,0.3910,0.4740
2026-04-27T19:15:24.707,2.979,1,-0.40,-1.70,3.89,11.68,1,0.0007,0.0448,0.3229,-0.1072,0.3114,0.3576,2.57,1.34,48.15,60.15,179,179,1.00000,1.00000,1.00000,1.00000,3,3,1,20.25900,0.00277,1.05174,-0.0007,-0.0448,0.0771,-0.1072,0.3114,0.3576,-2.57,-8.64,-2.19,1,1,0.0000,0.0000,0.4000,0.00,0.8200,0.3500,1.0000,6.00,180.00,5.000000,0.050000,0.000000,1.100000,0.000000,0.000000,1.200000,0.000000,0.000000,1.350000,0.000000,0.000000,0.850000,0.020000,0.000000,0.008000,0.000000,0.000600,0.008000,0.000000,0.000600,0.006000,0.000000,0.000000,1,1,1,179,238,121,121,121,0,0,60.00,49656,3122,121,0,0,0,49656,330.36,330.36,10,1110,0.0000,0.4350,0.4850,0.3910,0.4740
2026-04-27T19:15:24.724,2.996,1,-0.40,-1.70,3.89,11.68,1,0.0022,0.0397,0.3160,-0.0926,0.3122,0.3830,2.63,-3.60,64.02,60.02,180,180,1.00000,1.00000,1.00000,1.00000,3,3,1,19.96970,0.00292,1.04496,-0.0022,-0.0397,0.0840,-0.0926,0.3122,0.3830,-2.63,-8.57,-2.03,1,1,0.0000,0.0000,0.4000,0.00,0.8200,0.3500,1.0000,6.00,180.00,5.000000,0.050000,0.000000,1.100000,0.000000,0.000000,1.200000,0.000000,0.000000,1.350000,0.000000,0.000000,0.850000,0.020000,0.000000,0.008000,0.000000,0.000600,0.008000,0.000000,0.000600,0.006000,0.000000,0.000000,1,1,1,180,242,121,121,121,0,0,60.00,49656,3122,121,0,0,0,49656,330.36,330.36,10,1110,0.0000,0.4350,0.4850,0.3910,0.4740
2026-04-27T19:15:24.740,3.012,1,-0.40,-1.70,3.89,11.68,1,0.0035,0.0345,0.3091,-0.0884,0.3116,0.3964,2.72,-5.41,63.89,61.98,181,181,1.00000,1.00000,1.00000,1.00000,3,3,1,19.66855,0.00299,1.04835,-0.0035,-0.0345,0.0909,-0.0884,0.3116,0.3964,-2.72,-8.54,-1.78,1,1,0.0000,0.0000,0.4000,0.00,0.8200,0.3500,1.0000,6.00,180.00,5.000000,0.050000,0.000000,1.100000,0.000000,0.000000,1.200000,0.000000,0.000000,1.350000,0.000000,0.000000,0.850000,0.020000,0.000000,0.008000,0.000000,0.000600,0.008000,0.000000,0.000600,0.006000,0.000000,0.000000,1,1,1,181,243,121,121,121,0,0,60.00,49656,3122,121,0,0,0,49656,330.36,330.36,10,1110,0.0000,0.4350,0.4850,0.3910,0.4740
2026-04-27T19:15:24.757,3.029,1,-0.40,-1.70,3.89,11.68,1,0.0053,0.0293,0.3017,-0.0973,0.3018,0.4042,2.70,1.19,60.06,58.99,182,182,1.00000,1.00000,1.00000,1.00000,3,3,1,19.39303,0.00299,1.04165,-0.0053,-0.0293,0.0983,-0.0973,0.3018,0.4042,-2.70,-8.16,-1.55,1,1,0.0000,0.0000,0.4000,0.00,0.8200,0.3500,1.0000,6.00,180.00,5.000000,0.050000,0.000000,1.100000,0.000000,0.000000,1.200000,0.000000,0.000000,1.350000,0.000000,0.000000,0.850000,0.020000,0.000000,0.008000,0.000000,0.000600,0.008000,0.000000,0.000600,0.006000,0.000000,0.000000,1,1,1,182,242,121,121,121,0,0,60.00,49656,3122,121,0,0,0,49656,330.36,330.36,10,1110,0.0000,0.4350,0.4850,0.3910,0.4740
2026-04-27T19:15:24.774,3.047,1,-0.19,-1.00,1.97,6.85,1,0.0072,0.0237,0.2941,-0.1044,0.3221,0.4271,2.74,-2.29,56.52,59.19,183,183,1.00000,1.00000,1.00000,1.00000,3,3,1,19.14017,0.00277,1.04066,-0.0072,-0.0237,0.1059,-0.1044,0.3221,0.4271,-2.74,-7.72,-1.26,1,1,0.0000,0.0000,0.4000,0.00,0.8200,0.3500,1.0000,6.00,180.00,5.000000,0.050000,0.000000,1.100000,0.000000,0.000000,1.200000,0.000000,0.000000,1.350000,0.000000,0.000000,0.850000,0.020000,0.000000,0.008000,0.000000,0.000600,0.008000,0.000000,0.000600,0.006000,0.000000,0.000000,1,1,1,183,243,181,181,181,0,0,60.00,49716,3217,181,0,0,0,49716,500.00,500.00,12,1488,0.0000,0.5100,0.5100,0.8070,0.4900
2026-04-27T19:15:24.789,3.061,1,-0.19,-1.00,1.97,6.85,1,0.0084,0.0185,0.2867,-0.0894,0.3349,0.4610,2.88,-8.91,60.68,60.05,184,184,1.00000,1.00000,1.00000,1.00000,3,3,1,18.82141,0.00306,1.04096,-0.0084,-0.0185,0.1133,-0.0894,0.3349,0.4610,-2.88,-8.19,-1.11,1,1,0.0000,0.0000,0.4000,0.00,0.8200,0.3500,1.0000,6.00,180.00,5.000000,0.050000,0.000000,1.100000,0.000000,0.000000,1.200000,0.000000,0.000000,1.350000,0.000000,0.000000,0.850000,0.020000,0.000000,0.008000,0.000000,0.000600,0.008000,0.000000,0.000600,0.006000,0.000000,0.000000,1,1,1,184,243,181,181,181,0,0,60.00,49716,3217,181,0,0,0,49716,500.00,500.00,12,1488,0.0000,0.5100,0.5100,0.8070,0.4900
2026-04-27T19:15:24.807,3.079,1,-0.19,-1.00,1.97,6.85,1,0.0101,0.0130,0.2791,-0.0989,0.3292,0.4580,2.86,1.20,68.10,59.84,185,185,1.00000,1.00000,1.00000,1.00000,3,3,1,18.39111,0.00318,1.04556,-0.0101,-0.0130,0.1209,-0.0989,0.3292,0.4580,-2.86,-8.41,-1.14,1,1,0.0000,0.0000,0.4000,0.00,0.8200,0.3500,1.0000,6.00,180.00,5.000000,0.050000,0.000000,1.100000,0.000000,0.000000,1.200000,0.000000,0.000000,1.350000,0.000000,0.000000,0.850000,0.020000,0.000000,0.008000,0.000000,0.000600,0.008000,0.000000,0.000600,0.006000,0.000000,0.000000,1,1,1,185,242,181,181,181,0,0,60.00,49716,3217,181,0,0,0,49716,500.00,500.00,12,1488,0.0000,0.5100,0.5100,0.8070,0.4900
2026-04-27T19:15:24.824,3.096,1,-0.19,-1.00,1.97,6.85,1,0.0118,0.0075,0.2705,-0.0955,0.3129,0.4592,2.84,1.12,53.21,60.15,186,186,1.00000,1.00000,1.00000,1.00000,3,3,1,18.16858,0.00312,1.04322,-0.0118,-0.0075,0.1295,-0.0955,0.3129,0.4592,-2.84,-8.56,-1.01,1,1,0.0000,0.0000,0.4000,0.00,0.8200,0.3500,1.0000,6.00,180.00,5.000000,0.050000,0.000000,1.100000,0.000000,0.000000,1.200000,0.000000,0.000000,1.350000,0.000000,0.000000,0.850000,0.020000,0.000000,0.008000,0.000000,0.000600,0.008000,0.000000,0.000600,0.006000,0.000000,0.000000,1,1,1,186,242,181,181,181,0,0,60.00,49716,3217,181,0,0,0,49716,500.00,500.00,12,1488,0.0000,0.5100,0.5100,0.8070,0.4900
2026-04-27T19:15:24.839,3.111,1,-0.19,-1.00,1.97,6.85,1,0.0138,0.0024,0.2626,-0.1112,0.3253,0.4864,2.91,-4.49,56.24,60.21,187,187,1.00000,1.00000,1.00000,1.00000,3,3,1,17.66300,0.00311,1.04847,-0.0138,-0.0024,0.1374,-0.1112,0.3253,0.4864,-2.91,-8.60,-1.03,1,1,0.0000,0.0000,0.4000,0.00,0.8200,0.3500,1.0000,6.00,180.00,5.000000,0.050000,0.000000,1.100000,0.000000,0.000000,1.200000,0.000000,0.000000,1.350000,0.000000,0.000000,0.850000,0.020000,0.000000,0.008000,0.000000,0.000600,0.008000,0.000000,0.000600,0.006000,0.000000,0.000000,1,1,1,187,242,181,181,181,0,0,60.00,49716,3217,181,0,0,0,49716,500.00,500.00,12,1488,0.0000,0.5100,0.5100,0.8070,0.4900
2026-04-27T19:15:24.859,3.131,1,-0.19,-1.00,1.97,6.85,1,0.0159,-0.0031,0.2537,-0.1102,0.3081,0.4771,2.92,-0.53,74.10,59.46,188,188,1.00000,1.00000,1.00000,1.00000,3,3,1,17.43181,0.00323,1.04536,-0.0159,0.0031,0.1463,-0.1102,0.3081,0.4771,-2.92,-8.33,-0.99,1,1,0.0000,0.0000,0.4000,0.00,0.8200,0.3500,1.0000,6.00,180.00,5.000000,0.050000,0.000000,1.100000,0.000000,0.000000,1.200000,0.000000,0.000000,1.350000,0.000000,0.000000,0.850000,0.020000,0.000000,0.008000,0.000000,0.000600,0.008000,0.000000,0.000600,0.006000,0.000000,0.000000,1,1,1,188,241,181,181,181,0,0,60.00,49716,3217,181,0,0,0,49716,500.00,500.00,12,1488,0.0000,0.5100,0.5100,0.8070,0.4900
2026-04-27T19:15:24.874,3.146,1,-0.10,-0.40,0.95,5.90,1,0.0176,-0.0084,0.2461,-0.1129,0.3384,0.5036,2.84,5.45,47.99,60.30,189,189,1.00000,1.00000,1.00000,1.00000,3,3,1,17.03826,0.00297,1.04121,-0.0176,0.0084,0.1539,-0.1129,0.3384,0.5036,-2.84,-8.24,-0.86,1,1,0.0000,0.0000,0.4000,0.00,0.8200,0.3500,1.0000,6.00,180.00,5.000000,0.050000,0.000000,1.100000,0.000000,0.000000,1.200000,0.000000,0.000000,1.350000,0.000000,0.000000,0.850000,0.020000,0.000000,0.008000,0.000000,0.000600,0.008000,0.000000,0.000600,0.006000,0.000000,0.000000,1,1,1,189,242,181,181,181,0,0,60.00,49716,3217,181,0,0,0,49716,500.00,500.00,12,1488,0.0000,0.5100,0.5100,0.8070,0.4900
2026-04-27T19:15:24.890,3.162,1,-0.10,-0.40,0.95,5.90,1,0.0202,-0.0137,0.2372,-0.1474,0.3475,0.5517,2.71,8.02,68.32,60.20,190,190,1.00000,1.00000,1.00000,1.00000,3,3,1,16.56185,0.00264,1.03782,-0.0202,0.0137,0.1628,-0.1474,0.3475,0.5517,-2.71,-7.44,-0.64,1,1,0.0000,0.0000,0.4000,0.00,0.8200,0.3500,1.0000,6.00,180.00,5.000000,0.050000,0.000000,1.100000,0.000000,0.000000,1.200000,0.000000,0.000000,1.350000,0.000000,0.000000,0.850000,0.020000,0.000000,0.008000,0.000000,0.000600,0.008000,0.000000,0.000600,0.006000,0.000000,0.000000,1,1,1,190,241,181,181,181,0,0,60.00,49716,3217,181,0,0,0,49716,500.00,500.00,12,1488,0.0000,0.5100,0.5100,0.8070,0.4900
2026-04-27T19:15:24.907,3.179,1,-0.10,-0.40,0.95,5.90,1,0.0222,-0.0194,0.2286,-0.1282,0.3414,0.5264,2.66,3.00,64.31,59.93,191,191,1.00000,1.00000,1.00000,1.00000,3,3,1,16.27316,0.00312,1.04087,-0.0222,0.0194,0.1714,-0.1282,0.3414,0.5264,-2.66,-7.53,-0.59,1,1,0.0000,0.0000,0.4000,0.00,0.8200,0.3500,1.0000,6.00,180.00,5.000000,0.050000,0.000000,1.100000,0.000000,0.000000,1.200000,0.000000,0.000000,1.350000,0.000000,0.000000,0.850000,0.020000,0.000000,0.008000,0.000000,0.000600,0.008000,0.000000,0.000600,0.006000,0.000000,0.000000,1,1,1,191,242,181,181,181,0,0,60.00,49716,3217,181,0,0,0,49716,500.00,500.00,12,1488,0.0000,0.5100,0.5100,0.8070,0.4900
2026-04-27T19:15:24.924,3.196,1,0.10,0.00,1.89,3.84,1,0.0239,-0.0245,0.2205,-0.1181,0.3247,0.5124,2.74,-4.80,56.58,59.90,192,192,1.00000,1.00000,1.00000,1.00000,3,3,1,15.86053,0.00334,1.04479,-0.0239,0.0245,0.1795,-0.1181,0.3247,0.5124,-2.74,-7.85,-0.57,1,1,0.0000,0.0000,0.4000,0.00,0.8200,0.3500,1.0000,6.00,180.00,5.000000,0.050000,0.000000,1.100000,0.000000,0.000000,1.200000,0.000000,0.000000,1.350000,0.000000,0.000000,0.850000,0.020000,0.000000,0.008000,0.000000,0.000600,0.008000,0.000000,0.000600,0.006000,0.000000,0.000000,1,1,1,192,242,181,181,181,0,0,60.00,49716,3217,181,0,0,0,49716,500.00,500.00,12,1488,0.0000,0.5100,0.5100,0.8070,0.4900
2026-04-27T19:15:24.940,3.212,1,0.10,0.00,1.89,3.84,1,0.0264,-0.0294,0.2122,-0.1304,0.3027,0.4925,2.66,4.49,63.93,59.90,193,193,1.00000,1.00000,1.00000,1.00000,3,3,1,15.67670,0.00295,1.04236,-0.0264,0.0294,0.1878,-0.1304,0.3027,0.4925,-2.66,-7.51,-0.66,1,1,0.0000,0.0000,0.4000,0.00,0.8200,0.3500,1.0000,6.00,180.00,5.000000,0.050000,0.000000,1.100000,0.000000,0.000000,1.200000,0.000000,0.000000,1.350000,0.000000,0.000000,0.850000,0.020000,0.000000,0.008000,0.000000,0.000600,0.008000,0.000000,0.000600,0.006000,0.000000,0.000000,1,1,1,193,241,181,181,181,0,0,60.00,49716,3217,181,0,0,0,49716,500.00,500.00,12,1488,0.0000,0.5100,0.5100,0.8070,0.4900
2026-04-27T19:15:24.958,3.230,1,0.10,0.00,1.89,3.84,1,0.0284,-0.0347,0.2045,-0.1299,0.3343,0.5072,2.81,-11.25,59.94,60.28,194,194,1.00000,1.00000,1.00000,1.00000,3,3,1,15.29080,0.00319,1.04065,-0.0284,0.0347,0.1955,-0.1299,0.3343,0.5072,-2.81,-7.42,-0.39,1,1,0.0000,0.0000,0.4000,0.00,0.8200,0.3500,1.0000,6.00,180.00,5.000000,0.050000,0.000000,1.100000,0.000000,0.000000,1.200000,0.000000,0.000000,1.350000,0.000000,0.000000,0.850000,0.020000,0.000000,0.008000,0.000000,0.000600,0.008000,0.000000,0.000600,0.006000,0.000000,0.000000,1,1,1,194,241,181,181,181,0,0,60.00,49716,3217,181,0,0,0,49716,500.00,500.00,12,1488,0.0000,0.5100,0.5100,0.8070,0.4900
2026-04-27T19:15:24.973,3.245,1,0.10,0.00,1.89,3.84,1,0.0304,-0.0403,0.1969,-0.1215,0.3168,0.4603,2.76,2.60,57.13,60.06,195,195,1.00000,1.00000,1.00000,1.00000,3,3,1,14.89040,0.00332,1.04514,-0.0304,0.0403,0.2031,-0.1215,0.3168,0.4603,-2.76,-7.62,-0.21,1,1,0.0000,0.0000,0.4000,0.00,0.8200,0.3500,1.0000,6.00,180.00,5.000000,0.050000,0.000000,1.100000,0.000000,0.000000,1.200000,0.000000,0.000000,1.350000,0.000000,0.000000,0.850000,0.020000,0.000000,0.008000,0.000000,0.000600,0.008000,0.000000,0.000600,0.006000,0.000000,0.000000,1,1,1,195,239,181,181,181,0,0,60.00,49716,3217,181,0,0,0,49716,500.00,500.00,12,1488,0.0000,0.5100,0.5100,0.8070,0.4900
2026-04-27T19:15:24.990,3.262,1,0.10,0.00,1.89,3.84,1,0.0327,-0.0456,0.1899,-0.1353,0.3259,0.4589,2.76,0.00,66.41,60.03,196,196,1.00000,1.00000,1.00000,1.00000,3,3,1,14.51863,0.00330,1.03634,-0.0327,0.0456,0.2101,-0.1353,0.3259,0.4589,-2.76,-7.61,-0.01,1,1,0.0000,0.0000,0.4000,0.00,0.8200,0.3500,1.0000,6.00,180.00,5.000000,0.050000,0.000000,1.100000,0.000000,0.000000,1.200000,0.000000,0.000000,1.350000,0.000000,0.000000,0.850000,0.020000,0.000000,0.008000,0.000000,0.000600,0.008000,0.000000,0.000600,0.006000,0.000000,0.000000,1,1,1,196,237,181,181,181,0,0,60.00,49716,3217,181,0,0,0,49716,500.00,500.00,12,1488,0.0000,0.5100,0.5100,0.8070,0.4900
2026-04-27T19:15:25.007,3.279,1,0.10,0.00,1.89,3.84,1,0.0352,-0.0507,0.1827,-0.1412,0.3181,0.4514,2.82,-3.61,54.35,65.30,197,197,1.00000,1.00000,1.00000,1.00000,3,3,1,14.15708,0.00337,1.04336,-0.0352,0.0507,0.2173,-0.1412,0.3181,0.4514,-2.82,-7.49,0.06,1,1,0.0000,0.0000,0.4000,0.00,0.8200,0.3500,1.0000,6.00,180.00,5.000000,0.050000,0.000000,1.100000,0.000000,0.000000,1.200000,0.000000,0.000000,1.350000,0.000000,0.000000,0.850000,0.020000,0.000000,0.008000,0.000000,0.000600,0.008000,0.000000,0.000600,0.006000,0.000000,0.000000,1,1,1,197,241,181,181,181,0,0,60.00,49716,3217,181,0,0,0,49716,500.00,500.00,12,1488,0.0000,0.5100,0.5100,0.8070,0.4900
2026-04-27T19:15:25.019,3.291,1,0.10,0.50,0.00,4.98,1,0.0373,-0.0552,0.1763,-0.1437,0.3155,0.4463,2.81,0.74,63.85,56.65,198,198,1.00000,1.00000,1.00000,1.00000,3,3,1,13.79729,0.00359,1.04891,-0.0373,0.0552,0.2237,-0.1437,0.3155,0.4463,-2.81,-7.73,0.01,1,1,0.0000,0.0000,0.4000,0.00,0.8200,0.3500,1.0000,6.00,180.00,5.000000,0.050000,0.000000,1.100000,0.000000,0.000000,1.200000,0.000000,0.000000,1.350000,0.000000,0.000000,0.850000,0.020000,0.000000,0.008000,0.000000,0.000600,0.008000,0.000000,0.000600,0.006000,0.000000,0.000000,1,1,1,198,238,181,181,181,0,0,60.00,49716,3217,181,0,0,0,49716,500.00,500.00,12,1488,0.0000,0.5100,0.5100,0.8070,0.4900
2026-04-27T19:15:25.040,3.312,1,0.10,0.50,0.00,4.98,1,0.0400,-0.0603,0.1694,-0.1440,0.2947,0.4085,2.89,-4.05,53.10,58.62,199,199,1.00000,1.00000,1.00000,1.00000,3,3,1,13.60101,0.00346,1.04514,-0.0400,0.0603,0.2306,-0.1440,0.2947,0.4085,-2.89,-7.52,0.07,1,1,0.0000,0.0000,0.4000,0.00,0.8200,0.3500,1.0000,6.00,180.00,5.000000,0.050000,0.000000,1.100000,0.000000,0.000000,1.200000,0.000000,0.000000,1.350000,0.000000,0.000000,0.850000,0.020000,0.000000,0.008000,0.000000,0.000600,0.008000,0.000000,0.000600,0.006000,0.000000,0.000000,1,1,1,199,239,181,181,181,0,0,60.00,49716,3217,181,0,0,0,49716,500.00,500.00,12,1488,0.0000,0.5100,0.5100,0.8070,0.4900
2026-04-27T19:15:25.057,3.329,1,0.10,0.50,0.00,4.98,1,0.0429,-0.0655,0.1639,-0.1623,0.3083,0.3772,2.72,10.21,64.57,65.46,200,200,1.00000,1.00000,1.00000,1.00000,3,3,1,13.37623,0.00324,1.04714,-0.0429,0.0655,0.2361,-0.1623,0.3083,0.3772,-2.72,-6.96,0.06,1,1,0.0000,0.0000,0.4000,0.00,0.8200,0.3500,1.0000,6.00,180.00,5.000000,0.050000,0.000000,1.100000,0.000000,0.000000,1.200000,0.000000,0.000000,1.350000,0.000000,0.000000,0.850000,0.020000,0.000000,0.008000,0.000000,0.000600,0.008000,0.000000,0.000600,0.006000,0.000000,0.000000,1,1,1,200,241,181,181,181,0,0,60.00,49716,3217,181,0,0,0,49716,500.00,500.00,12,1488,0.0000,0.5100,0.5100,0.8070,0.4900
2026-04-27T19:15:25.074,3.346,1,0.10,0.50,0.00,4.98,1,0.0452,-0.0702,0.1583,-0.1523,0.3053,0.3776,2.67,3.00,60.26,55.54,201,201,1.00000,1.00000,1.00000,1.00000,3,3,1,12.97249,0.00346,1.04951,-0.0452,0.0702,0.2417,-0.1523,0.3053,0.3776,-2.67,-6.99,-0.02,1,1,0.0000,0.0000,0.4000,0.00,0.8200,0.3500,1.0000,6.00,180.00,5.000000,0.050000,0.000000,1.100000,0.000000,0.000000,1.200000,0.000000,0.000000,1.350000,0.000000,0.000000,0.850000,0.020000,0.000000,0.008000,0.000000,0.000600,0.008000,0.000000,0.000600,0.006000,0.000000,0.000000,1,1,1,201,241,181,181,181,0,0,60.00,49716,3217,181,0,0,0,49716,500.00,500.00,12,1488,0.0000,0.5100,0.5100,0.8070,0.4900
2026-04-27T19:15:25.090,3.362,1,0.10,0.50,0.00,4.98,1,0.0476,-0.0754,0.1528,-0.1436,0.2999,0.3459,2.81,-8.40,57.83,63.34,202,202,1.00000,1.00000,1.00000,1.00000,3,3,1,12.65197,0.00348,1.04471,-0.0476,0.0754,0.2472,-0.1436,0.2999,0.3459,-2.81,-7.03,0.38,1,1,0.0000,0.0000,0.4000,0.00,0.8200,0.3500,1.0000,6.00,180.00,5.000000,0.050000,0.000000,1.100000,0.000000,0.000000,1.200000,0.000000,0.000000,1.350000,0.000000,0.000000,0.850000,0.020000,0.000000,0.008000,0.000000,0.000600,0.008000,0.000000,0.000600,0.006000,0.000000,0.000000,1,1,1,202,239,181,181,181,0,0,60.00,49716,3217,181,0,0,0,49716,500.00,500.00,12,1488,0.0000,0.5100,0.5100,0.8070,0.4900
2026-04-27T19:15:25.107,3.379,1,0.10,0.50,0.00,4.98,1,0.0500,-0.0798,0.1479,-0.1482,0.2842,0.3286,2.80,0.60,62.13,56.96,203,203,1.00000,1.00000,1.00000,1.00000,3,3,1,12.37993,0.00341,1.04350,-0.0500,0.0798,0.2521,-0.1482,0.2842,0.3286,-2.80,-6.98,0.44,1,1,0.0000,0.0000,0.4000,0.00,0.8200,0.3500,1.0000,6.00,180.00,5.000000,0.050000,0.000000,1.100000,0.000000,0.000000,1.200000,0.000000,0.000000,1.350000,0.000000,0.000000,0.850000,0.020000,0.000000,0.008000,0.000000,0.000600,0.008000,0.000000,0.000600,0.006000,0.000000,0.000000,1,1,1,203,238,181,181,181,0,0,60.00,49716,3217,181,0,0,0,49716,500.00,500.00,12,1488,0.0000,0.5100,0.5100,0.8070,0.4900
2026-04-27T19:15:25.123,3.396,1,0.40,0.90,2.92,3.93,1,0.0527,-0.0843,0.1435,-0.2300,0.4161,0.4303,2.73,9.13,60.96,83.56,204,204,1.00000,1.00000,1.00000,1.00000,3,3,1,12.08896,0.00313,1.04628,-0.0527,0.0843,0.2565,-0.2300,0.4161,0.4303,-2.73,-6.74,0.63,1,1,0.0000,0.0000,0.4000,0.00,0.8200,0.3500,1.0000,6.00,180.00,5.000000,0.050000,0.000000,1.100000,0.000000,0.000000,1.200000,0.000000,0.000000,1.350000,0.000000,0.000000,0.850000,0.020000,0.000000,0.008000,0.000000,0.000600,0.008000,0.000000,0.000600,0.006000,0.000000,0.000000,1,1,1,204,239,181,181,181,0,0,60.00,49716,3217,181,0,0,0,49716,500.00,500.00,12,1488,0.0000,0.5100,0.5100,0.8070,0.4900
2026-04-27T19:15:25.140,3.412,1,0.40,0.90,2.92,3.93,1,0.0563,-0.0903,0.1374,-0.1803,0.3157,0.3263,2.61,4.68,62.78,50.04,205,205,1.00000,1.00000,1.00000,1.00000,3,3,1,11.79211,0.00334,1.05018,-0.0563,0.0903,0.2626,-0.1803,0.3157,0.3263,-2.61,-6.55,0.73,1,1,0.0000,0.0000,0.4000,0.00,0.8200,0.3500,1.0000,6.00,180.00,5.000000,0.050000,0.000000,1.100000,0.000000,0.000000,1.200000,0.000000,0.000000,1.350000,0.000000,0.000000,0.850000,0.020000,0.000000,0.008000,0.000000,0.000600,0.008000,0.000000,0.000600,0.006000,0.000000,0.000000,1,1,1,205,239,181,181,181,0,0,60.00,49716,3217,181,0,0,0,49716,500.00,500.00,12,1488,0.0000,0.5100,0.5100,0.8070,0.4900
2026-04-27T19:15:25.157,3.429,1,0.40,0.90,2.92,3.93,1,0.0584,-0.0943,0.1334,-0.1646,0.2954,0.3030,2.71,-5.89,60.07,55.37,206,206,1.00000,1.00000,1.00000,1.00000,3,3,1,11.54268,0.00346,1.04454,-0.0584,0.0943,0.2666,-0.1646,0.2954,0.3030,-2.71,-6.57,0.84,1,1,0.0000,0.0000,0.4000,0.00,0.8200,0.3500,1.0000,6.00,180.00,5.000000,0.050000,0.000000,1.100000,0.000000,0.000000,1.200000,0.000000,0.000000,1.350000,0.000000,0.000000,0.850000,0.020000,0.000000,0.008000,0.000000,0.000600,0.008000,0.000000,0.000600,0.006000,0.000000,0.000000,1,1,1,206,241,181,181,181,0,0,60.00,49716,3217,181,0,0,0,49716,500.00,500.00,12,1488,0.0000,0.5100,0.5100,0.8070,0.4900
2026-04-27T19:15:25.173,3.446,1,0.40,0.90,2.92,3.93,1,0.0609,-0.0983,0.1295,-0.1710,0.2908,0.2936,2.71,0.00,55.97,60.09,207,207,1.00000,1.00000,1.00000,1.00000,3,3,1,11.37871,0.00355,1.04330,-0.0609,0.0983,0.2705,-0.1710,0.2908,0.2936,-2.71,-6.42,0.92,1,1,0.0000,0.0000,0.4000,0.00,0.8200,0.3500,1.0000,6.00,180.00,5.000000,0.050000,0.000000,1.100000,0.000000,0.000000,1.200000,0.000000,0.000000,1.350000,0.000000,0.000000,0.850000,0.020000,0.000000,0.008000,0.000000,0.000600,0.008000,0.000000,0.000600,0.006000,0.000000,0.000000,1,1,1,207,241,181,181,181,0,0,60.00,49716,3217,181,0,0,0,49716,500.00,500.00,12,1488,0.0000,0.5100,0.5100,0.8070,0.4900
2026-04-27T19:15:25.190,3.462,1,0.40,0.90,2.92,3.93,1,0.0638,-0.1031,0.1256,-0.1689,0.2857,0.2584,2.60,6.60,64.66,65.49,208,208,1.00000,1.00000,1.00000,1.00000,3,3,1,11.02359,0.00351,1.04421,-0.0638,0.1031,0.2744,-0.1689,0.2857,0.2584,-2.60,-6.25,1.10,1,1,0.0000,0.0000,0.4000,0.00,0.8200,0.3500,1.0000,6.00,180.00,5.000000,0.050000,0.000000,1.100000,0.000000,0.000000,1.200000,0.000000,0.000000,1.350000,0.000000,0.000000,0.850000,0.020000,0.000000,0.008000,0.000000,0.000600,0.008000,0.000000,0.000600,0.006000,0.000000,0.000000,1,1,1,208,239,181,181,181,0,0,60.00,49716,3217,181,0,0,0,49716,500.00,500.00,12,1488,0.0000,0.5100,0.5100,0.8070,0.4900
2026-04-27T19:15:25.206,3.478,1,0.40,0.90,2.92,3.93,1,0.0662,-0.1071,0.1216,-0.1560,0.2632,0.2567,2.55,2.96,60.00,55.73,209,209,1.00000,1.00000,1.00000,1.00000,3,3,1,10.83570,0.00374,1.04148,-0.0662,0.1071,0.2784,-0.1560,0.2632,0.2567,-2.55,-6.35,1.21,1,1,0.0000,0.0000,0.4000,0.00,0.8200,0.3500,1.0000,6.00,180.00,5.000000,0.050000,0.000000,1.100000,0.000000,0.000000,1.200000,0.000000,0.000000,1.350000,0.000000,0.000000,0.850000,0.020000,0.000000,0.008000,0.000000,0.000600,0.008000,0.000000,0.000600,0.006000,0.000000,0.000000,1,1,1,209,241,181,181,181,0,0,60.00,49716,3217,181,0,0,0,49716,500.00,500.00,12,1488,0.0000,0.5100,0.5100,0.8070,0.4900
2026-04-27T19:15:25.224,3.496,1,0.80,1.29,3.89,3.84,1,0.0689,-0.1113,0.1178,-0.1614,0.2573,0.2410,2.48,3.90,56.29,63.36,210,210,1.00000,1.00000,1.00000,1.00000,3,3,1,10.54460,0.00362,1.04408,-0.0689,0.1113,0.2822,-0.1614,0.2573,0.2410,-2.48,-6.26,1.32,1,1,0.0000,0.0000,0.4000,0.00,0.8200,0.3500,1.0000,6.00,180.00,5.000000,0.050000,0.000000,1.100000,0.000000,0.000000,1.200000,0.000000,0.000000,1.350000,0.000000,0.000000,0.850000,0.020000,0.000000,0.008000,0.000000,0.000600,0.008000,0.000000,0.000600,0.006000,0.000000,0.000000,1,1,1,210,241,181,181,181,0,0,60.00,49716,3217,181,0,0,0,49716,500.00,500.00,12,1488,0.0000,0.5100,0.5100,0.8070,0.4900
2026-04-27T19:15:25.242,3.515,1,0.80,1.29,3.89,3.84,1,0.0719,-0.1154,0.1138,-0.1651,0.2439,0.2324,2.52,-2.20,56.12,59.54,211,211,1.00000,1.00000,1.00000,1.00000,3,3,1,10.33275,0.00346,1.04137,-0.0719,0.1154,0.2862,-0.1651,0.2439,0.2324,-2.52,-5.93,1.26,1,1,0.0000,0.0000,0.4000,0.00,0.8200,0.3500,1.0000,6.00,180.00,5.000000,0.050000,0.000000,1.100000,0.000000,0.000000,1.200000,0.000000,0.000000,1.350000,0.000000,0.000000,0.850000,0.020000,0.000000,0.008000,0.000000,0.000600,0.008000,0.000000,0.000600,0.006000,0.000000,0.000000,1,1,1,211,241,181,181,181,0,0,60.00,49716,3217,181,0,0,0,49716,500.00,500.00,12,1488,0.0000,0.5100,0.5100,0.8070,0.4900
2026-04-27T19:15:25.258,3.530,1,0.80,1.29,3.89,3.84,1,0.0745,-0.1190,0.1102,-0.1710,0.2502,0.2441,2.52,0.00,56.44,58.15,212,212,1.00000,1.00000,1.00000,1.00000,3,3,1,10.15082,0.00347,1.04354,-0.0745,0.1190,0.2898,-0.1710,0.2502,0.2441,-2.52,-5.75,1.16,1,1,0.0000,0.0000,0.4000,0.00,0.8200,0.3500,1.0000,6.00,180.00,5.000000,0.050000,0.000000,1.100000,0.000000,0.000000,1.200000,0.000000,0.000000,1.350000,0.000000,0.000000,0.850000,0.020000,0.000000,0.008000,0.000000,0.000600,0.008000,0.000000,0.000600,0.006000,0.000000,0.000000,1,1,1,212,239,181,181,181,0,0,60.00,49716,3217,181,0,0,0,49716,500.00,500.00,12,1488,0.0000,0.5100,0.5100,0.8070,0.4900
2026-04-27T19:15:25.276,3.548,1,0.80,1.29,3.89,3.84,1,0.0772,-0.1232,0.1065,-0.1569,0.2371,0.2192,2.40,6.80,64.14,62.42,213,213,1.00000,1.00000,1.00000,1.00000,3,3,1,10.01203,0.00343,1.04139,-0.0772,0.1232,0.2935,-0.1569,0.2371,0.2192,-2.40,-5.65,1.28,1,1,0.0000,0.0000,0.4000,0.00,0.8200,0.3500,1.0000,6.00,180.00,5.000000,0.050000,0.000000,1.100000,0.000000,0.000000,1.200000,0.000000,0.000000,1.350000,0.000000,0.000000,0.850000,0.020000,0.000000,0.008000,0.000000,0.000600,0.008000,0.000000,0.000600,0.006000,0.000000,0.000000,1,1,1,213,240,181,181,181,0,0,60.00,49716,3217,181,0,0,0,49716,500.00,500.00,12,1488,0.0000,0.5100,0.5100,0.8070,0.4900
2026-04-27T19:15:25.293,3.565,1,0.80,1.29,3.89,3.84,1,0.0799,-0.1269,0.1026,-0.1613,0.2287,0.2263,2.37,1.83,56.33,59.68,214,214,1.00000,1.00000,1.00000,1.00000,3,3,1,9.76613,0.00323,1.04444,-0.0799,0.1269,0.2974,-0.1613,0.2287,0.2263,-2.37,-5.41,1.40,1,1,0.0000,0.0000,0.4000,0.00,0.8200,0.3500,1.0000,6.00,180.00,5.000000,0.050000,0.000000,1.100000,0.000000,0.000000,1.200000,0.000000,0.000000,1.350000,0.000000,0.000000,0.850000,0.020000,0.000000,0.008000,0.000000,0.000600,0.008000,0.000000,0.000600,0.006000,0.000000,0.000000,1,1,1,214,239,181,181,181,0,0,60.00,49716,3217,181,0,0,0,49716,500.00,500.00,12,1488,0.0000,0.5100,0.5100,0.8070,0.4900
2026-04-27T19:15:25.308,3.580,1,0.80,1.29,3.89,3.84,1,0.0826,-0.1304,0.0991,-0.1702,0.2331,0.2320,2.39,-1.37,59.51,58.40,215,215,1.00000,1.00000,1.00000,1.00000,3,3,1,9.52352,0.00334,1.05045,-0.0826,0.1304,0.3009,-0.1702,0.2331,0.2320,-2.39,-5.39,1.30,1,1,0.0000,0.0000,0.4000,0.00,0.8200,0.3500,1.0000,6.00,180.00,5.000000,0.050000,0.000000,1.100000,0.000000,0.000000,1.200000,0.000000,0.000000,1.350000,0.000000,0.000000,0.850000,0.020000,0.000000,0.008000,0.000000,0.000600,0.008000,0.000000,0.000600,0.006000,0.000000,0.000000,1,1,1,215,238,181,181,181,0,0,60.00,49716,3217,181,0,0,0,49716,500.00,500.00,12,1488,0.0000,0.5100,0.5100,0.8070,0.4900
2026-04-27T19:15:25.322,3.594,1,1.09,1.60,2.92,2.98,1,0.0852,-0.1342,0.0951,-0.1652,0.2321,0.2382,2.28,7.25,67.10,58.83,216,216,1.00000,1.00000,1.00000,1.00000,3,3,1,9.27901,0.00332,1.04457,-0.0852,0.1342,0.3049,-0.1652,0.2321,0.2382,-2.28,-5.25,1.45,1,1,0.0000,0.0000,0.4000,0.00,0.8200,0.3500,1.0000,6.00,180.00,5.000000,0.050000,0.000000,1.100000,0.000000,0.000000,1.200000,0.000000,0.000000,1.350000,0.000000,0.000000,0.850000,0.020000,0.000000,0.008000,0.000000,0.000600,0.008000,0.000000,0.000600,0.006000,0.000000,0.000000,1,1,1,216,241,181,181,181,0,0,60.00,49716,3217,181,0,0,0,49716,500.00,500.00,12,1488,0.0000,0.5100,0.5100,0.8070,0.4900
2026-04-27T19:15:25.342,3.615,1,1.09,1.60,2.92,2.98,1,0.0880,-0.1374,0.0908,-0.1635,0.2052,0.2416,2.26,0.99,54.59,62.89,217,217,1.00000,1.00000,1.00000,1.00000,3,3,1,9.16267,0.00345,1.04290,-0.0880,0.1374,0.3092,-0.1635,0.2052,0.2416,-2.26,-5.10,1.42,1,1,0.0000,0.0000,0.4000,0.00,0.8200,0.3500,1.0000,6.00,180.00,5.000000,0.050000,0.000000,1.100000,0.000000,0.000000,1.200000,0.000000,0.000000,1.350000,0.000000,0.000000,0.850000,0.020000,0.000000,0.008000,0.000000,0.000600,0.008000,0.000000,0.000600,0.006000,0.000000,0.000000,1,1,1,217,240,181,181,181,0,0,60.00,49716,3217,181,0,0,0,49716,500.00,500.00,12,1488,0.0000,0.5100,0.5100,0.8070,0.4900
2026-04-27T19:15:25.357,3.629,1,1.09,1.60,2.92,2.98,1,0.0902,-0.1403,0.0875,-0.2060,0.2752,0.3021,2.17,13.53,60.10,68.58,218,218,1.00000,1.00000,1.00000,1.00000,3,3,1,8.86099,0.00354,1.04587,-0.0902,0.1403,0.3125,-0.2060,0.2752,0.3021,-2.17,-5.09,1.42,1,1,0.0000,0.0000,0.4000,0.00,0.8200,0.3500,1.0000,6.00,180.00,5.000000,0.050000,0.000000,1.100000,0.000000,0.000000,1.200000,0.000000,0.000000,1.350000,0.000000,0.000000,0.850000,0.020000,0.000000,0.008000,0.000000,0.000600,0.008000,0.000000,0.000600,0.006000,0.000000,0.000000,1,1,1,218,239,181,181,181,0,0,60.00,49716,3217,181,0,0,0,49716,500.00,500.00,12,1488,0.0000,0.5100,0.5100,0.8070,0.4900
2026-04-27T19:15:25.371,3.643,1,1.09,1.60,2.92,2.98,1,0.0931,-0.1444,0.0826,-0.1626,0.2225,0.2516,2.30,-5.88,68.17,51.21,219,219,1.00000,1.00000,1.00000,1.00000,3,3,1,8.69652,0.00376,1.04763,-0.0931,0.1444,0.3174,-0.1626,0.2225,0.2516,-2.30,-5.18,1.41,1,1,0.0000,0.0000,0.4000,0.00,0.8200,0.3500,1.0000,6.00,180.00,5.000000,0.050000,0.000000,1.100000,0.000000,0.000000,1.200000,0.000000,0.000000,1.350000,0.000000,0.000000,0.850000,0.020000,0.000000,0.008000,0.000000,0.000600,0.008000,0.000000,0.000600,0.006000,0.000000,0.000000,1,1,1,219,240,181,181,181,0,0,60.00,49716,3217,181,0,0,0,49716,500.00,500.00,12,1488,0.0000,0.5100,0.5100,0.8070,0.4900
2026-04-27T19:15:25.391,3.663,1,1.09,1.60,2.92,2.98,1,0.0954,-0.1475,0.0789,-0.1514,0.2030,0.2367,2.32,-1.04,80.57,59.98,220,220,1.00000,1.00000,1.00000,1.00000,3,3,1,8.46787,0.00378,1.05017,-0.0954,0.1475,0.3211,-0.1514,0.2030,0.2367,-2.32,-5.13,1.53,1,1,0.0000,0.0000,0.4000,0.00,0.8200,0.3500,1.0000,6.00,180.00,5.000000,0.050000,0.000000,1.100000,0.000000,0.000000,1.200000,0.000000,0.000000,1.350000,0.000000,0.000000,0.850000,0.020000,0.000000,0.008000,0.000000,0.000600,0.008000,0.000000,0.000600,0.006000,0.000000,0.000000,1,1,1,220,241,181,181,181,0,0,60.00,49716,3217,181,0,0,0,49716,500.00,500.00,12,1488,0.0000,0.5100,0.5100,0.8070,0.4900
2026-04-27T19:15:25.407,3.679,1,1.09,1.60,2.92,2.98,1,0.0979,-0.1502,0.0750,-0.1710,0.2009,0.2586,2.28,2.53,49.41,59.99,221,221,1.00000,1.00000,1.00000,1.00000,3,3,1,8.14620,0.00361,1.05078,-0.0979,0.1502,0.3250,-0.1710,0.2009,0.2586,-2.28,-4.80,1.45,1,1,0.0000,0.0000,0.4000,0.00,0.8200,0.3500,1.0000,6.00,180.00,5.000000,0.050000,0.000000,1.100000,0.000000,0.000000,1.200000,0.000000,0.000000,1.350000,0.000000,0.000000,0.850000,0.020000,0.000000,0.008000,0.000000,0.000600,0.008000,0.000000,0.000600,0.006000,0.000000,0.000000,1,1,1,221,239,181,181,181,0,0,60.00,49716,3217,181,0,0,0,49716,500.00,500.00,12,1488,0.0000,0.5100,0.5100,0.8070,0.4900
2026-04-27T19:15:25.423,3.696,1,1.09,1.60,2.92,2.98,1,0.1004,-0.1534,0.0712,-0.1572,0.1971,0.2422,2.21,4.20,58.99,82.67,222,222,1.00000,1.00000,1.00000,1.00000,3,3,1,8.04503,0.00357,1.04883,-0.1004,0.1534,0.3288,-0.1572,0.1971,0.2422,-2.21,-4.82,1.46,1,1,0.0000,0.0000,0.4000,0.00,0.8200,0.3500,1.0000,6.00,180.00,5.000000,0.050000,0.000000,1.100000,0.000000,0.000000,1.200000,0.000000,0.000000,1.350000,0.000000,0.000000,0.850000,0.020000,0.000000,0.008000,0.000000,0.000600,0.008000,0.000000,0.000600,0.006000,0.000000,0.000000,1,1,1,222,239,181,181,181,0,0,60.00,49716,3217,181,0,0,0,49716,500.00,500.00,12,1488,0.0000,0.5100,0.5100,0.8070,0.4900
2026-04-27T19:15:25.436,3.708,1,1.29,1.60,1.97,0.00,1,0.1030,-0.1555,0.0668,-0.1643,0.1649,0.2624,2.16,3.70,63.84,48.67,223,223,1.00000,1.00000,1.00000,1.00000,3,3,1,7.92212,0.00341,1.04724,-0.1030,0.1555,0.3332,-0.1643,0.1649,0.2624,-2.16,-4.45,1.48,1,1,0.0000,0.0000,0.4000,0.00,0.8200,0.3500,1.0000,6.00,180.00,5.000000,0.050000,0.000000,1.100000,0.000000,0.000000,1.200000,0.000000,0.000000,1.350000,0.000000,0.000000,0.850000,0.020000,0.000000,0.008000,0.000000,0.000600,0.008000,0.000000,0.000600,0.006000,0.000000,0.000000,1,1,1,223,241,181,181,181,0,0,60.00,49716,3217,181,0,0,0,49716,500.00,500.00,12,1488,0.0000,0.5100,0.5100,0.8070,0.4900
2026-04-27T19:15:25.455,3.728,1,1.29,1.60,1.97,0.00,1,0.1052,-0.1582,0.0628,-0.1390,0.1580,0.2347,2.16,0.00,80.73,59.97,224,224,1.00000,1.00000,1.00000,1.00000,3,3,1,7.63399,0.00365,1.04848,-0.1052,0.1582,0.3372,-0.1390,0.1580,0.2347,-2.16,-4.49,1.54,1,1,0.0000,0.0000,0.4000,0.00,0.8200,0.3500,1.0000,6.00,180.00,5.000000,0.050000,0.000000,1.100000,0.000000,0.000000,1.200000,0.000000,0.000000,1.350000,0.000000,0.000000,0.850000,0.020000,0.000000,0.008000,0.000000,0.000600,0.008000,0.000000,0.000600,0.006000,0.000000,0.000000,1,1,1,224,241,181,181,181,0,0,60.00,49716,3217,181,0,0,0,49716,500.00,500.00,12,1488,0.0000,0.5100,0.5100,0.8070,0.4900
2026-04-27T19:15:25.474,3.746,1,1.29,1.60,1.97,0.00,1,0.1073,-0.1613,0.0594,-0.1366,0.1718,0.2195,2.23,-4.06,45.17,57.81,225,225,1.00000,1.00000,1.00000,1.00000,3,3,1,7.41363,0.00372,1.05503,-0.1073,0.1613,0.3406,-0.1366,0.1718,0.2195,-2.23,-4.55,1.66,1,1,0.0000,0.0000,0.4000,0.00,0.8200,0.3500,1.0000,6.00,180.00,5.000000,0.050000,0.000000,1.100000,0.000000,0.000000,1.200000,0.000000,0.000000,1.350000,0.000000,0.000000,0.850000,0.020000,0.000000,0.008000,0.000000,0.000600,0.008000,0.000000,0.000600,0.006000,0.000000,0.000000,1,1,1,225,240,181,181,181,0,0,60.00,49716,3217,181,0,0,0,49716,500.00,500.00,12,1488,0.0000,0.5100,0.5100,0.8070,0.4900
2026-04-27T19:15:25.490,3.762,1,1.29,1.60,1.97,0.00,1,0.1096,-0.1632,0.0557,-0.1459,0.1470,0.2365,2.20,1.85,59.66,59.99,226,226,1.00000,1.00000,1.00000,1.00000,3,3,1,7.30407,0.00375,1.05848,-0.1096,0.1632,0.3443,-0.1459,0.1470,0.2365,-2.20,-4.47,1.51,1,1,0.0000,0.0000,0.4000,0.00,0.8200,0.3500,1.0000,6.00,180.00,5.000000,0.050000,0.000000,1.100000,0.000000,0.000000,1.200000,0.000000,0.000000,1.350000,0.000000,0.000000,0.850000,0.020000,0.000000,0.008000,0.000000,0.000600,0.008000,0.000000,0.000600,0.006000,0.000000,0.000000,1,1,1,226,239,181,181,181,0,0,60.00,49716,3217,181,0,0,0,49716,500.00,500.00,12,1488,0.0000,0.5100,0.5100,0.8070,0.4900
2026-04-27T19:15:25.508,3.780,1,1.29,1.60,1.97,0.00,1,0.1116,-0.1659,0.0518,-0.1285,0.1528,0.2328,2.12,4.50,65.15,64.52,227,227,1.00000,1.00000,1.00000,1.00000,3,3,1,7.06859,0.00374,1.04551,-0.1116,0.1659,0.3482,-0.1285,0.1528,0.2328,-2.12,-4.65,1.68,1,1,0.0000,0.0000,0.4000,0.00,0.8200,0.3500,1.0000,6.00,180.00,5.000000,0.050000,0.000000,1.100000,0.000000,0.000000,1.200000,0.000000,0.000000,1.350000,0.000000,0.000000,0.850000,0.020000,0.000000,0.008000,0.000000,0.000600,0.008000,0.000000,0.000600,0.006000,0.000000,0.000000,1,1,1,227,241,181,181,181,0,0,60.00,49716,3217,181,0,0,0,49716,500.00,500.00,12,1488,0.0000,0.5100,0.5100,0.8070,0.4900
2026-04-27T19:15:25.523,3.795,1,1.29,1.60,1.97,0.00,1,0.1141,-0.1679,0.0480,-0.1406,0.1338,0.2230,2.07,3.21,56.60,56.30,228,228,1.00000,1.00000,1.00000,1.00000,3,3,1,6.90266,0.00378,1.05021,-0.1141,0.1679,0.3520,-0.1406,0.1338,0.2230,-2.07,-4.34,1.63,1,1,0.0000,0.0000,0.4000,0.00,0.8200,0.3500,1.0000,6.00,180.00,5.000000,0.050000,0.000000,1.100000,0.000000,0.000000,1.200000,0.000000,0.000000,1.350000,0.000000,0.000000,0.850000,0.020000,0.000000,0.008000,0.000000,0.000600,0.008000,0.000000,0.000600,0.006000,0.000000,0.000000,1,1,1,228,241,181,181,181,0,0,60.00,49716,3217,181,0,0,0,49716,500.00,500.00,12,1488,0.0000,0.5100,0.5100,0.8070,0.4900
2026-04-27T19:15:25.534,3.806,1,1.29,1.60,1.97,0.00,1,0.1159,-0.1700,0.0448,-0.1398,0.1488,0.2388,2.06,0.83,60.31,60.74,229,229,1.00000,1.00000,1.00000,1.00000,3,3,1,6.68504,0.00367,1.04589,-0.1159,0.1700,0.3552,-0.1398,0.1488,0.2388,-2.06,-4.36,1.79,1,1,0.0000,0.0000,0.4000,0.00,0.8200,0.3500,1.0000,6.00,180.00,5.000000,0.050000,0.000000,1.100000,0.000000,0.000000,1.200000,0.000000,0.000000,1.350000,0.000000,0.000000,0.850000,0.020000,0.000000,0.008000,0.000000,0.000600,0.008000,0.000000,0.000600,0.006000,0.000000,0.000000,1,1,1,229,239,181,181,181,0,0,60.00,49716,3217,181,0,0,0,49716,500.00,500.00,12,1488,0.0000,0.5100,0.5100,0.8070,0.4900
2026-04-27T19:15:25.559,3.831,1,1.29,1.60,1.97,0.00,1,0.1183,-0.1721,0.0412,-0.1309,0.1249,0.2092,2.09,-1.27,59.83,67.71,230,230,1.00000,1.00000,1.00000,1.00000,3,3,1,6.48652,0.00368,1.05583,-0.1183,0.1721,0.3588,-0.1309,0.1249,0.2092,-2.09,-4.21,1.57,1,1,0.0000,0.0000,0.4000,0.00,0.8200,0.3500,1.0000,6.00,180.00,5.000000,0.050000,0.000000,1.100000,0.000000,0.000000,1.200000,0.000000,0.000000,1.350000,0.000000,0.000000,0.850000,0.020000,0.000000,0.008000,0.000000,0.000600,0.008000,0.000000,0.000600,0.006000,0.000000,0.000000,1,1,1,230,241,181,181,181,0,0,60.00,49716,3217,181,0,0,0,49716,500.00,500.00,12,1488,0.0000,0.5100,0.5100,0.8070,0.4900
2026-04-27T19:15:25.576,3.848,1,1.29,1.60,1.97,0.00,1,0.1202,-0.1740,0.0378,-0.1183,0.1166,0.1972,2.03,3.39,52.33,55.07,231,231,1.00000,1.00000,1.00000,1.00000,3,3,1,6.31956,0.00357,1.04892,-0.1202,0.1740,0.3622,-0.1183,0.1166,0.1972,-2.03,-4.07,1.76,1,1,0.0000,0.0000,0.4000,0.00,0.8200,0.3500,1.0000,6.00,180.00,5.000000,0.050000,0.000000,1.100000,0.000000,0.000000,1.200000,0.000000,0.000000,1.350000,0.000000,0.000000,0.850000,0.020000,0.000000,0.008000,0.000000,0.000600,0.008000,0.000000,0.000600,0.006000,0.000000,0.000000,1,1,1,231,240,181,181,181,0,0,60.00,49716,3217,181,0,0,0,49716,500.00,500.00,12,1488,0.0000,0.5100,0.5100,0.8070,0.4900
2026-04-27T19:15:25.592,3.865,1,1.29,1.60,1.97,0.00,1,0.1224,-0.1759,0.0349,-0.1235,0.1107,0.1834,1.96,4.31,60.17,60.54,232,232,1.00000,1.00000,1.00000,1.00000,3,3,1,6.17899,0.00365,1.05500,-0.1224,0.1759,0.3651,-0.1235,0.1107,0.1834,-1.96,-3.83,1.58,1,1,0.0000,0.0000,0.4000,0.00,0.8200,0.3500,1.0000,6.00,180.00,5.000000,0.050000,0.000000,1.100000,0.000000,0.000000,1.200000,0.000000,0.000000,1.350000,0.000000,0.000000,0.850000,0.020000,0.000000,0.008000,0.000000,0.000600,0.008000,0.000000,0.000600,0.006000,0.000000,0.000000,1,1,1,232,241,181,181,181,0,0,60.00,49716,3217,181,0,0,0,49716,500.00,500.00,12,1488,0.0000,0.5100,0.5100,0.8070,0.4900
2026-04-27T19:15:25.611,3.883,1,1.29,1.60,1.97,0.00,1,0.1242,-0.1776,0.0316,-0.1105,0.1043,0.1840,1.99,-1.66,59.73,65.22,233,233,1.00000,1.00000,1.00000,1.00000,3,3,1,5.98886,0.00379,1.04855,-0.1242,0.1776,0.3684,-0.1105,0.1043,0.1840,-1.99,-3.76,1.71,1,1,0.0000,0.0000,0.4000,0.00,0.8200,0.3500,1.0000,6.00,180.00,5.000000,0.050000,0.000000,1.100000,0.000000,0.000000,1.200000,0.000000,0.000000,1.350000,0.000000,0.000000,0.850000,0.020000,0.000000,0.008000,0.000000,0.000600,0.008000,0.000000,0.000600,0.006000,0.000000,0.000000,1,1,1,233,241,181,181,181,0,0,60.00,49716,3217,181,0,0,0,49716,500.00,500.00,12,1488,0.0000,0.5100,0.5100,0.8070,0.4900
2026-04-27T19:15:25.626,3.898,1,1.29,1.60,1.97,0.00,1,0.1258,-0.1789,0.0288,-0.1335,0.1146,0.2285,1.87,7.65,52.14,52.77,234,234,1.00000,1.00000,1.00000,1.00000,3,3,1,5.93681,0.00386,1.04953,-0.1258,0.1789,0.3712,-0.1335,0.1146,0.2285,-1.87,-3.73,1.86,1,1,0.0000,0.0000,0.4000,0.00,0.8200,0.3500,1.0000,6.00,180.00,5.000000,0.050000,0.000000,1.100000,0.000000,0.000000,1.200000,0.000000,0.000000,1.350000,0.000000,0.000000,0.850000,0.020000,0.000000,0.008000,0.000000,0.000600,0.008000,0.000000,0.000600,0.006000,0.000000,0.000000,1,1,1,234,241,181,181,181,0,0,60.00,49716,3217,181,0,0,0,49716,500.00,500.00,12,1488,0.0000,0.5100,0.5100,0.8070,0.4900
2026-04-27T19:15:25.642,3.915,1,1.29,1.60,1.97,0.00,1,0.1276,-0.1806,0.0262,-0.1072,0.0942,0.1685,2.10,-13.82,66.11,63.42,235,235,1.00000,1.00000,1.00000,1.00000,3,3,1,5.71398,0.00394,1.05668,-0.1276,0.1806,0.3738,-0.1072,0.0942,0.1685,-2.10,-4.12,1.43,1,1,0.0000,0.0000,0.4000,0.00,0.8200,0.3500,1.0000,6.00,180.00,5.000000,0.050000,0.000000,1.100000,0.000000,0.000000,1.200000,0.000000,0.000000,1.350000,0.000000,0.000000,0.850000,0.020000,0.000000,0.008000,0.000000,0.000600,0.008000,0.000000,0.000600,0.006000,0.000000,0.000000,1,1,1,235,240,181,181,181,0,0,60.00,49716,3217,181,0,0,0,49716,500.00,500.00,12,1488,0.0000,0.5100,0.5100,0.8070,0.4900
2026-04-27T19:15:25.660,3.932,1,1.70,1.60,2.92,-0.95,1,0.1289,-0.1815,0.0238,-0.2315,0.1731,0.4158,1.97,8.33,62.19,99.55,236,236,1.00000,1.00000,1.00000,1.00000,3,3,1,5.31567,0.00346,1.04568,-0.1289,0.1815,0.3762,-0.2315,0.1731,0.4158,-1.97,-4.16,1.15,1,1,0.0000,0.0000,0.4000,0.00,0.8200,0.3500,1.0000,6.00,180.00,5.000000,0.050000,0.000000,1.100000,0.000000,0.000000,1.200000,0.000000,0.000000,1.350000,0.000000,0.000000,0.850000,0.020000,0.000000,0.008000,0.000000,0.000600,0.008000,0.000000,0.000600,0.006000,0.000000,0.000000,1,1,1,236,241,181,181,181,0,0,60.00,49716,3217,181,0,0,0,49716,500.00,500.00,12,1488,0.0000,0.5100,0.5100,0.8070,0.4900
2026-04-27T19:15:25.669,3.941,1,1.70,1.60,2.92,-0.95,0,0.0000,0.0000,0.4000,0.0000,0.0000,0.0000,0.00,0.00,59.57,42.11,237,236,0.99578,0.99578,1.00000,0.99578,3,2,0,0.00000,0.00000,1.00000,0.0000,0.0000,0.0000,0.0000,0.0000,0.0000,0.00,0.00,0.00,1,1,0.0000,0.0000,0.4000,0.00,0.8200,0.3500,1.0000,6.00,180.00,5.000000,0.050000,0.000000,1.100000,0.000000,0.000000,1.200000,0.000000,0.000000,1.350000,0.000000,0.000000,0.850000,0.020000,0.000000,0.008000,0.000000,0.000600,0.008000,0.000000,0.000600,0.006000,0.000000,0.000000,1,1,1,237,204,181,181,181,0,0,60.00,49716,3217,181,0,0,0,49716,500.00,500.00,12,1488,0.0000,0.5100,0.5100,0.8070,0.4900
2026-04-27T19:15:25.685,3.957,1,1.70,1.60,2.92,-0.95,0,0.0000,0.0000,0.4000,0.0000,0.0000,0.0000,0.00,0.00,122.20,61.85,238,236,0.99160,0.99160,1.00000,0.99160,3,2,0,0.00000,0.00000,1.00000,0.0000,0.0000,0.0000,0.0000,0.0000,0.0000,0.00,0.00,0.00,1,1,0.0000,0.0000,0.4000,0.00,0.8200,0.3500,1.0000,6.00,180.00,5.000000,0.050000,0.000000,1.100000,0.000000,0.000000,1.200000,0.000000,0.000000,1.350000,0.000000,0.000000,0.850000,0.020000,0.000000,0.008000,0.000000,0.000600,0.008000,0.000000,0.000600,0.006000,0.000000,0.000000,1,1,1,238,204,181,181,181,0,0,60.00,49716,3217,181,0,0,0,49716,500.00,500.00,12,1488,0.0000,0.5100,0.5100,0.8070,0.4900
2026-04-27T19:15:25.693,3.965,1,1.70,1.60,2.92,-0.95,0,0.0000,0.0000,0.4000,0.0000,0.0000,0.0000,0.00,0.00,58.58,106.41,239,236,0.98745,0.98745,1.00000,0.98745,3,2,0,0.00000,0.00000,1.00000,0.0000,0.0000,0.0000,0.0000,0.0000,0.0000,0.00,0.00,0.00,1,1,0.0000,0.0000,0.4000,0.00,0.8200,0.3500,1.0000,6.00,180.00,5.000000,0.050000,0.000000,1.100000,0.000000,0.000000,1.200000,0.000000,0.000000,1.350000,0.000000,0.000000,0.850000,0.020000,0.000000,0.008000,0.000000,0.000600,0.008000,0.000000,0.000600,0.006000,0.000000,0.000000,1,1,1,239,204,181,181,181,0,0,60.00,49716,3217,181,0,0,0,49716,500.00,500.00,12,1488,0.0000,0.5100,0.5100,0.8070,0.4900
2026-04-27T19:15:25.718,3.990,1,1.70,1.60,2.92,-0.95,0,0.0000,0.0000,0.4000,0.0000,0.0000,0.0000,0.00,0.00,58.59,40.70,240,236,0.98333,0.98333,1.00000,0.98333,3,2,0,0.00000,0.00000,1.00000,0.0000,0.0000,0.0000,0.0000,0.0000,0.0000,0.00,0.00,0.00,1,1,0.0000,0.0000,0.4000,0.00,0.8200,0.3500,1.0000,6.00,180.00,5.000000,0.050000,0.000000,1.100000,0.000000,0.000000,1.200000,0.000000,0.000000,1.350000,0.000000,0.000000,0.850000,0.020000,0.000000,0.008000,0.000000,0.000600,0.008000,0.000000,0.000600,0.006000,0.000000,0.000000,1,1,1,240,204,181,181,181,0,0,60.00,49716,3217,181,0,0,0,49716,500.00,500.00,12,1488,0.0000,0.5100,0.5100,0.8070,0.4900
2026-04-27T19:15:25.735,4.007,1,1.70,1.60,0.00,0.00,0,0.0000,0.0000,0.4000,0.0000,0.0000,0.0000,0.00,0.00,67.68,62.08,241,236,0.97925,0.97925,1.00000,0.97925,3,2,0,0.00000,0.00000,1.00000,0.0000,0.0000,0.0000,0.0000,0.0000,0.0000,0.00,0.00,0.00,1,1,0.0000,0.0000,0.4000,0.00,0.8200,0.3500,1.0000,6.00,180.00,5.000000,0.050000,0.000000,1.100000,0.000000,0.000000,1.200000,0.000000,0.000000,1.350000,0.000000,0.000000,0.850000,0.020000,0.000000,0.008000,0.000000,0.000600,0.008000,0.000000,0.000600,0.006000,0.000000,0.000000,1,1,1,241,204,181,181,181,0,0,60.00,49716,3217,181,0,0,0,49716,500.00,500.00,12,1488,0.0000,0.5100,0.5100,0.8070,0.4900
2026-04-27T19:15:25.746,4.018,1,1.70,1.60,0.00,0.00,0,0.0000,0.0000,0.4000,0.0000,0.0000,0.0000,0.00,0.00,54.49,80.43,242,236,0.97521,0.97521,1.00000,0.97521,3,2,0,0.00000,0.00000,1.00000,0.0000,0.0000,0.0000,0.0000,0.0000,0.0000,0.00,0.00,0.00,1,1,0.0000,0.0000,0.4000,0.00,0.8200,0.3500,1.0000,6.00,180.00,5.000000,0.050000,0.000000,1.100000,0.000000,0.000000,1.200000,0.000000,0.000000,1.350000,0.000000,0.000000,0.850000,0.020000,0.000000,0.008000,0.000000,0.000600,0.008000,0.000000,0.000600,0.006000,0.000000,0.000000,1,1,1,242,204,241,241,241,0,0,60.00,49776,8870,181,0,0,0,49716,500.00,500.00,12,1488,0.0000,0.5100,0.5100,0.8070,0.4900
2026-04-27T19:15:25.768,4.040,1,1.70,1.60,0.00,0.00,0,0.0000,0.0000,0.4000,0.0000,0.0000,0.0000,0.00,0.00,98.13,48.19,243,236,0.97119,0.97119,1.00000,0.97119,3,2,0,0.00000,0.00000,1.00000,0.0000,0.0000,0.0000,0.0000,0.0000,0.0000,0.00,0.00,0.00,1,1,0.0000,0.0000,0.4000,0.00,0.8200,0.3500,1.0000,6.00,180.00,5.000000,0.050000,0.000000,1.100000,0.000000,0.000000,1.200000,0.000000,0.000000,1.350000,0.000000,0.000000,0.850000,0.020000,0.000000,0.008000,0.000000,0.000600,0.008000,0.000000,0.000600,0.006000,0.000000,0.000000,1,1,1,243,204,241,241,241,0,0,60.00,49776,8870,241,0,0,0,49776,500.00,0.00,12,1454,0.0000,0.5000,0.5000,0.0000,0.5000
2026-04-27T19:15:25.777,4.049,1,1.70,1.60,0.00,0.00,0,0.0000,0.0000,0.4000,0.0000,0.0000,0.0000,0.00,0.00,43.94,97.43,244,236,0.96721,0.96721,1.00000,0.96721,3,2,0,0.00000,0.00000,1.00000,0.0000,0.0000,0.0000,0.0000,0.0000,0.0000,0.00,0.00,0.00,1,1,0.0000,0.0000,0.4000,0.00,0.8200,0.3500,1.0000,6.00,180.00,5.000000,0.050000,0.000000,1.100000,0.000000,0.000000,1.200000,0.000000,0.000000,1.350000,0.000000,0.000000,0.850000,0.020000,0.000000,0.008000,0.000000,0.000600,0.008000,0.000000,0.000600,0.006000,0.000000,0.000000,1,1,1,244,204,241,241,241,0,0,60.00,49776,8870,241,0,0,0,49776,500.00,0.00,12,1454,0.0000,0.5000,0.5000,0.0000,0.5000
2026-04-27T19:15:25.792,4.065,1,1.70,1.60,0.00,0.00,0,0.0000,0.0000,0.4000,0.0000,0.0000,0.0000,0.00,0.00,121.11,65.81,245,236,0.96327,0.96327,1.00000,0.96327,3,2,0,0.00000,0.00000,1.00000,0.0000,0.0000,0.0000,0.0000,0.0000,0.0000,0.00,0.00,0.00,1,1,0.0000,0.0000,0.4000,0.00,0.8200,0.3500,1.0000,6.00,180.00,5.000000,0.050000,0.000000,1.100000,0.000000,0.000000,1.200000,0.000000,0.000000,1.350000,0.000000,0.000000,0.850000,0.020000,0.000000,0.008000,0.000000,0.000600,0.008000,0.000000,0.000600,0.006000,0.000000,0.000000,1,1,1,245,204,241,241,241,0,0,60.00,49776,8870,241,0,0,0,49776,500.00,0.00,12,1454,0.0000,0.5000,0.5000,0.0000,0.5000
2026-04-27T19:15:25.825,4.097,1,1.70,1.60,0.00,0.00,1,0.1432,-0.1905,0.0306,0.0000,0.0000,0.0000,2.29,0.00,65.81,39.47,246,237,0.96341,0.96341,1.00000,0.96341,3,3,1,5.18434,0.00379,1.05187,-0.1432,0.1905,0.3694,0.0000,0.0000,0.0000,-2.29,-5.37,0.75,1,1,0.0000,0.0000,0.4000,0.00,0.8200,0.3500,1.0000,6.00,180.00,5.000000,0.050000,0.000000,1.100000,0.000000,0.000000,1.200000,0.000000,0.000000,1.350000,0.000000,0.000000,0.850000,0.020000,0.000000,0.008000,0.000000,0.000600,0.008000,0.000000,0.000600,0.006000,0.000000,0.000000,1,1,1,246,228,241,241,241,0,0,60.00,49776,8870,241,0,0,0,49776,500.00,0.00,12,1454,0.0000,0.5000,0.5000,0.0000,0.5000
2026-04-27T19:15:25.840,4.113,1,1.70,1.60,0.00,0.00,1,0.1450,-0.1915,0.0389,-0.0595,0.0314,-0.2737,2.46,-10.84,30.94,59.93,247,238,0.96356,0.96356,1.00000,0.96356,3,3,1,5.96572,0.00353,1.05479,-0.1450,0.1915,0.3611,-0.0595,0.0314,-0.2737,-2.46,-5.38,1.43,1,1,0.0000,0.0000,0.4000,0.00,0.8200,0.3500,1.0000,6.00,180.00,5.000000,0.050000,0.000000,1.100000,0.000000,0.000000,1.200000,0.000000,0.000000,1.350000,0.000000,0.000000,0.850000,0.020000,0.000000,0.008000,0.000000,0.000600,0.008000,0.000000,0.000600,0.006000,0.000000,0.000000,1,1,1,247,242,241,241,241,0,0,60.00,49776,8870,241,0,0,0,49776,500.00,0.00,12,1454,0.0000,0.5000,0.5000,0.0000,0.5000
2026-04-27T19:15:25.856,4.128,1,1.70,1.60,0.00,0.00,1,0.1464,-0.1922,0.0531,-0.1177,0.0649,-1.2272,2.63,-10.74,63.74,167.08,248,239,0.96371,0.96371,1.00000,0.96371,3,3,1,6.50534,0.00372,1.05281,-0.1464,0.1922,0.3469,-0.1177,0.0649,-1.2272,-2.63,-5.76,1.70,1,1,0.0000,0.0000,0.4000,0.00,0.8200,0.3500,1.0000,6.00,180.00,5.000000,0.050000,0.000000,1.100000,0.000000,0.000000,1.200000,0.000000,0.000000,1.350000,0.000000,0.000000,0.850000,0.020000,0.000000,0.008000,0.000000,0.000600,0.008000,0.000000,0.000600,0.006000,0.000000,0.000000,1,1,1,248,241,241,241,241,0,0,60.00,49776,8870,241,0,0,0,49776,500.00,0.00,12,1454,0.0000,0.5000,0.5000,0.0000,0.5000
2026-04-27T19:15:25.877,4.149,1,1.70,1.60,0.00,0.00,1,0.1488,-0.1931,0.0778,-0.0912,0.0437,-0.9430,2.88,-12.85,57.70,36.23,249,240,0.96386,0.96386,1.00000,0.96386,3,3,1,7.09754,0.00349,1.05194,-0.1488,0.1931,0.3222,-0.0912,0.0437,-0.9430,-2.88,-5.80,2.05,1,1,0.0000,0.0000,0.4000,0.00,0.8200,0.3500,1.0000,6.00,180.00,5.000000,0.050000,0.000000,1.100000,0.000000,0.000000,1.200000,0.000000,0.000000,1.350000,0.000000,0.000000,0.850000,0.020000,0.000000,0.008000,0.000000,0.000600,0.008000,0.000000,0.000600,0.006000,0.000000,0.000000,1,1,1,249,241,241,241,241,0,0,60.00,49776,8870,241,0,0,0,49776,500.00,0.00,12,1454,0.0000,0.5000,0.5000,0.0000,0.5000
2026-04-27T19:15:25.893,4.165,1,-0.10,1.09,-17.41,-4.90,1,0.1498,-0.1936,0.0952,-0.0837,0.0407,-1.0687,3.12,-14.76,50.05,59.65,250,241,0.96400,0.96400,1.00000,0.96400,3,3,1,7.77779,0.00332,1.05278,-0.1498,0.1936,0.3048,-0.0837,0.0407,-1.0687,-3.12,-6.16,2.33,1,1,0.0000,0.0000,0.4000,0.00,0.8200,0.3500,1.0000,6.00,180.00,5.000000,0.050000,0.000000,1.100000,0.000000,0.000000,1.200000,0.000000,0.000000,1.350000,0.000000,0.000000,0.850000,0.020000,0.000000,0.008000,0.000000,0.000600,0.008000,0.000000,0.000600,0.006000,0.000000,0.000000,1,1,1,250,241,241,241,241,0,0,60.00,49776,8870,241,0,0,0,49776,500.00,0.00,12,1454,0.0000,0.5000,0.5000,0.0000,0.5000
2026-04-27T19:15:25.911,4.183,1,-0.10,1.09,-17.41,-4.90,1,0.1513,-0.1937,0.1179,-0.0881,0.0249,-1.1863,3.14,-1.13,62.70,74.97,251,242,0.96414,0.96414,1.00000,0.96414,3,3,1,8.61089,0.00338,1.05414,-0.1513,0.1937,0.2821,-0.0881,0.0249,-1.1863,-3.14,-6.45,2.51,1,1,0.0000,0.0000,0.4000,0.00,0.8200,0.3500,1.0000,6.00,180.00,5.000000,0.050000,0.000000,1.100000,0.000000,0.000000,1.200000,0.000000,0.000000,1.350000,0.000000,0.000000,0.850000,0.020000,0.000000,0.008000,0.000000,0.000600,0.008000,0.000000,0.000600,0.006000,0.000000,0.000000,1,1,1,251,242,241,241,241,0,0,60.00,49776,8870,241,0,0,0,49776,500.00,0.00,12,1454,0.0000,0.5000,0.5000,0.0000,0.5000
2026-04-27T19:15:25.927,4.199,1,-0.10,1.09,-17.41,-4.90,1,0.1526,-0.1941,0.1441,-0.0861,0.0309,-1.4543,3.24,-5.87,55.08,50.65,252,243,0.96429,0.96429,1.00000,0.96429,3,3,1,9.37890,0.00357,1.05731,-0.1526,0.1941,0.2559,-0.0861,0.0309,-1.4543,-3.24,-7.32,2.77,1,1,0.0000,0.0000,0.4000,0.00,0.8200,0.3500,1.0000,6.00,180.00,5.000000,0.050000,0.000000,1.100000,0.000000,0.000000,1.200000,0.000000,0.000000,1.350000,0.000000,0.000000,0.850000,0.020000,0.000000,0.008000,0.000000,0.000600,0.008000,0.000000,0.000600,0.006000,0.000000,0.000000,1,1,1,252,242,241,241,241,0,0,60.00,49776,8870,241,0,0,0,49776,500.00,0.00,12,1454,0.0000,0.5000,0.5000,0.0000,0.5000
2026-04-27T19:15:25.941,4.214,1,-0.10,1.09,-17.41,-4.90,1,0.1542,-0.1943,0.1738,-0.0949,0.0205,-1.6213,3.18,4.40,58.94,62.17,253,244,0.96443,0.96443,1.00000,0.96443,3,3,1,10.25361,0.00307,1.05295,-0.1542,0.1943,0.2262,-0.0949,0.0205,-1.6213,-3.18,-7.64,3.08,1,1,0.0000,0.0000,0.4000,0.00,0.8200,0.3500,1.0000,6.00,180.00,5.000000,0.050000,0.000000,1.100000,0.000000,0.000000,1.200000,0.000000,0.000000,1.350000,0.000000,0.000000,0.850000,0.020000,0.000000,0.008000,0.000000,0.000600,0.008000,0.000000,0.000600,0.006000,0.000000,0.000000,1,1,1,253,242,241,241,241,0,0,60.00,49776,8870,241,0,0,0,49776,500.00,0.00,12,1454,0.0000,0.5000,0.5000,0.0000,0.5000
2026-04-27T19:15:25.958,4.231,1,-0.10,1.09,-17.41,-4.90,1,0.1559,-0.1943,0.2005,-0.3295,0.0213,-1.9994,3.08,5.75,74.37,120.58,254,245,0.96457,0.96457,1.00000,0.96457,3,3,1,11.02750,0.00320,1.06076,-0.1559,0.1943,0.1995,-0.3295,0.0213,-1.9994,-3.08,-8.11,3.14,1,1,0.0000,0.0000,0.4000,0.00,0.8200,0.3500,1.0000,6.00,180.00,5.000000,0.050000,0.000000,1.100000,0.000000,0.000000,1.200000,0.000000,0.000000,1.350000,0.000000,0.000000,0.850000,0.020000,0.000000,0.008000,0.000000,0.000600,0.008000,0.000000,0.000600,0.006000,0.000000,0.000000,1,1,1,254,239,241,241,241,0,0,60.00,49776,8870,241,0,0,0,49776,500.00,0.00,12,1454,0.0000,0.5000,0.5000,0.0000,0.5000
2026-04-27T19:15:25.976,4.248,1,-0.10,1.09,-17.41,-4.90,1,0.1586,-0.1946,0.2419,-0.2369,0.0205,-2.1121,3.08,0.00,61.98,61.98,255,246,0.96471,0.96471,1.00000,0.96471,3,3,1,11.96542,0.00297,1.05872,-0.1586,0.1946,0.1581,-0.2369,0.0205,-2.1121,-3.08,-8.61,3.56,1,1,0.0000,0.0000,0.4000,0.00,0.8200,0.3500,1.0000,6.00,180.00,5.000000,0.050000,0.000000,1.100000,0.000000,0.000000,1.200000,0.000000,0.000000,1.350000,0.000000,0.000000,0.850000,0.020000,0.000000,0.008000,0.000000,0.000600,0.008000,0.000000,0.000600,0.006000,0.000000,0.000000,1,1,1,255,242,241,241,241,0,0,60.00,49776,8870,241,0,0,0,49776,500.00,0.00,12,1454,0.0000,0.5000,0.5000,0.0000,0.5000
2026-04-27T19:15:25.989,4.261,1,-0.10,1.09,-17.41,-4.90,1,0.1609,-0.1947,0.2886,-0.1590,0.0110,-1.7784,3.10,-1.34,56.33,44.61,256,247,0.96484,0.96484,1.00000,0.96484,3,3,1,12.81982,0.00313,1.05466,-0.1609,0.1947,0.1114,-0.1590,0.0110,-1.7784,-3.10,-8.91,3.87,1,1,0.0000,0.0000,0.4000,0.00,0.8200,0.3500,1.0000,6.00,180.00,5.000000,0.050000,0.000000,1.100000,0.000000,0.000000,1.200000,0.000000,0.000000,1.350000,0.000000,0.000000,0.850000,0.020000,0.000000,0.008000,0.000000,0.000600,0.008000,0.000000,0.000600,0.006000,0.000000,0.000000,1,1,1,256,241,241,241,241,0,0,60.00,49776,8870,241,0,0,0,49776,500.00,0.00,12,1454,0.0000,0.5000,0.5000,0.0000,0.5000
2026-04-27T19:15:25.996,4.268,1,-0.10,1.09,-17.41,-4.90,1,0.1615,-0.1950,0.3203,-0.1803,0.0314,-2.0942,3.08,2.66,80.94,65.69,257,248,0.96498,0.96498,1.00000,0.96498,3,3,1,13.70655,0.00319,1.05541,-0.1615,0.1950,0.0797,-0.1803,0.0314,-2.0942,-3.08,-9.48,4.00,1,1,0.0000,0.0000,0.4000,0.00,0.8200,0.3500,1.0000,6.00,180.00,5.000000,0.050000,0.000000,1.100000,0.000000,0.000000,1.200000,0.000000,0.000000,1.350000,0.000000,0.000000,0.850000,0.020000,0.000000,0.008000,0.000000,0.000600,0.008000,0.000000,0.000600,0.006000,0.000000,0.000000,1,1,1,257,237,241,241,241,0,0,60.00,49776,8870,241,0,0,0,49776,500.00,0.00,12,1454,0.0000,0.5000,0.5000,0.0000,0.5000
2026-04-27T19:15:26.025,4.297,1,-0.10,1.09,-17.41,-4.90,1,0.1642,-0.1948,0.3725,-0.1441,0.0000,-1.9722,2.97,3.96,132.79,48.72,258,249,0.96512,0.96512,1.00000,0.96512,3,3,1,14.75389,0.00262,1.06632,-0.1642,0.1948,0.0275,-0.1441,0.0000,-1.9722,-2.97,-9.96,4.00,1,1,0.0000,0.0000,0.4000,0.00,0.8200,0.3500,1.0000,6.00,180.00,5.000000,0.050000,0.000000,1.100000,0.000000,0.000000,1.200000,0.000000,0.000000,1.350000,0.000000,0.000000,0.850000,0.020000,0.000000,0.008000,0.000000,0.000600,0.008000,0.000000,0.000600,0.006000,0.000000,0.000000,1,1,1,258,235,241,241,241,0,0,60.00,49776,8870,241,0,0,0,49776,500.00,0.00,12,1454,0.0000,0.5000,0.5000,0.0000,0.5000
2026-04-27T19:15:26.042,4.315,1,-2.10,1.70,-19.60,5.90,1,0.1671,-0.1946,0.4030,-0.2477,0.0000,-2.2063,2.79,23.16,33.77,66.67,259,250,0.96525,0.96525,1.00000,0.96525,3,3,1,15.25704,0.00302,1.05416,-0.1671,0.1946,-0.0030,-0.2477,0.0000,-2.2063,-2.79,-6.47,2.85,1,1,0.0000,0.0000,0.4000,0.00,0.8200,0.3500,1.0000,6.00,180.00,5.000000,0.050000,0.000000,1.100000,0.000000,0.000000,1.200000,0.000000,0.000000,1.350000,0.000000,0.000000,0.850000,0.020000,0.000000,0.008000,0.000000,0.000600,0.008000,0.000000,0.000600,0.006000,0.000000,0.000000,1,1,1,259,239,241,241,241,0,0,60.00,49776,8870,241,0,0,0,49776,500.00,0.00,12,1454,0.0000,0.5000,0.5000,0.0000,0.5000
2026-04-27T19:15:26.056,4.329,1,-2.10,1.70,-19.60,5.90,1,0.1716,-0.1989,0.4035,-0.2176,0.1074,-0.9445,3.28,-20.66,56.55,51.85,260,251,0.96538,0.96538,1.00000,0.96538,3,3,1,15.28814,0.00237,1.03612,-0.1716,0.1989,-0.0035,-0.2176,0.1074,-0.9445,-3.28,5.73,5.71,1,1,0.0000,0.0000,0.4000,0.00,0.8200,0.3500,1.0000,6.00,180.00,5.000000,0.050000,0.000000,1.100000,0.000000,0.000000,1.200000,0.000000,0.000000,1.350000,0.000000,0.000000,0.850000,0.020000,0.000000,0.008000,0.000000,0.000600,0.008000,0.000000,0.000600,0.006000,0.000000,0.000000,1,1,1,260,242,241,241,241,0,0,60.00,49776,8870,241,0,0,0,49776,500.00,0.00,12,1454,0.0000,0.5000,0.5000,0.0000,0.5000
2026-04-27T19:15:26.073,4.345,1,-2.10,1.70,-19.60,5.90,1,0.1737,-0.2050,0.3840,-0.1768,0.2266,-0.0886,2.66,37.20,76.38,59.76,261,252,0.96552,0.96552,1.00000,0.96552,3,3,1,15.13022,0.00236,1.02368,-0.1737,0.2050,0.0160,-0.1768,0.2266,-0.0886,-2.66,22.33,12.15,1,1,0.0000,0.0000,0.4000,0.00,0.8200,0.3500,1.0000,6.00,180.00,5.000000,0.050000,0.000000,1.100000,0.000000,0.000000,1.200000,0.000000,0.000000,1.350000,0.000000,0.000000,0.850000,0.020000,0.000000,0.008000,0.000000,0.000600,0.008000,0.000000,0.000600,0.006000,0.000000,0.000000,1,1,1,261,243,241,241,241,0,0,60.00,49776,8870,241,0,0,0,49776,500.00,0.00,12,1454,0.0000,0.5000,0.5000,0.0000,0.5000
2026-04-27T19:15:26.090,4.362,1,-2.10,1.70,-19.60,5.90,1,0.1729,-0.2103,0.3652,-0.0605,0.2600,0.3680,-1.35,240.58,58.62,59.71,262,253,0.96565,0.96565,1.00000,0.96565,3,3,1,15.05920,0.00245,1.01810,-0.1729,0.2103,0.0348,-0.0605,0.2600,0.3680,1.35,38.88,22.78,1,1,0.0000,0.0000,0.4000,0.00,0.8200,0.3500,1.0000,6.00,180.00,5.000000,0.050000,0.000000,1.100000,0.000000,0.000000,1.200000,0.000000,0.000000,1.350000,0.000000,0.000000,0.850000,0.020000,0.000000,0.008000,0.000000,0.000600,0.008000,0.000000,0.000600,0.006000,0.000000,0.000000,1,1,1,262,238,241,241,241,0,0,60.00,49776,8870,241,0,0,0,49776,500.00,0.00,12,1454,0.0000,0.5000,0.5000,0.0000,0.5000
2026-04-27T19:15:26.106,4.379,1,-2.10,1.70,-19.60,5.90,1,0.1698,-0.2144,0.3484,0.0463,0.2329,0.5588,-17.76,985.69,61.54,64.75,263,254,0.96578,0.96578,1.00000,0.96578,3,3,1,14.91200,0.00216,1.02444,-0.1698,0.2144,0.0516,0.0463,0.2329,0.5588,17.76,53.53,46.05,1,1,0.0000,0.0000,0.4000,0.00,0.8200,0.3500,1.0000,6.00,180.00,5.000000,0.050000,0.000000,1.100000,0.000000,0.000000,1.200000,0.000000,0.000000,1.350000,0.000000,0.000000,0.850000,0.020000,0.000000,0.008000,0.000000,0.000600,0.008000,0.000000,0.000600,0.006000,0.000000,0.000000,1,1,1,263,240,241,241,241,0,0,60.00,49776,8870,241,0,0,0,49776,500.00,0.00,12,1454,0.0000,0.5000,0.5000,0.0000,0.5000
2026-04-27T19:15:26.118,4.391,1,-2.10,1.70,-19.60,5.90,0,0.0000,0.0000,0.4000,0.0000,0.0000,0.0000,0.00,0.00,60.05,58.07,264,254,0.96212,0.96212,0.99621,0.96591,2,3,0,0.00000,0.00000,1.00000,0.0000,0.0000,0.0000,0.0000,0.0000,0.0000,0.00,0.00,0.00,1,1,0.0000,0.0000,0.4000,0.00,0.8200,0.3500,1.0000,6.00,180.00,5.000000,0.050000,0.000000,1.100000,0.000000,0.000000,1.200000,0.000000,0.000000,1.350000,0.000000,0.000000,0.850000,0.020000,0.000000,0.008000,0.000000,0.000600,0.008000,0.000000,0.000600,0.006000,0.000000,0.000000,1,1,1,264,204,241,241,241,0,0,60.00,49776,8870,241,0,0,0,49776,500.00,0.00,12,1454,0.0000,0.5000,0.5000,0.0000,0.5000
2026-04-27T19:15:26.134,4.407,1,-2.10,1.70,-19.60,5.90,0,0.0000,0.0000,0.4000,0.0000,0.0000,0.0000,0.00,0.00,77.16,57.81,265,254,0.95849,0.95849,0.99245,0.96604,2,3,0,0.00000,0.00000,1.00000,0.0000,0.0000,0.0000,0.0000,0.0000,0.0000,0.00,0.00,0.00,1,1,0.0000,0.0000,0.4000,0.00,0.8200,0.3500,1.0000,6.00,180.00,5.000000,0.050000,0.000000,1.100000,0.000000,0.000000,1.200000,0.000000,0.000000,1.350000,0.000000,0.000000,0.850000,0.020000,0.000000,0.008000,0.000000,0.000600,0.008000,0.000000,0.000600,0.006000,0.000000,0.000000,1,1,1,265,204,241,241,241,0,0,60.00,49776,8870,241,0,0,0,49776,500.00,0.00,12,1454,0.0000,0.5000,0.5000,0.0000,0.5000
2026-04-27T19:15:26.156,4.429,1,-2.10,1.70,-19.60,5.90,1,0.1477,-0.2305,0.3395,0.0000,0.0000,0.0000,-61.66,0.00,62.02,64.30,266,255,0.95865,0.95865,0.99248,0.96617,3,3,1,13.59251,0.00901,1.05891,-0.1477,0.2305,0.0605,0.0000,0.0000,0.0000,61.66,60.06,108.26,1,1,0.0000,0.0000,0.4000,0.00,0.8200,0.3500,1.0000,6.00,180.00,5.000000,0.050000,0.000000,1.100000,0.000000,0.000000,1.200000,0.000000,0.000000,1.350000,0.000000,0.000000,0.850000,0.020000,0.000000,0.008000,0.000000,0.000600,0.008000,0.000000,0.000600,0.006000,0.000000,0.000000,1,1,1,266,229,241,241,241,0,0,60.00,49776,8870,241,0,0,0,49776,500.00,0.00,12,1454,0.0000,0.5000,0.5000,0.0000,0.5000
2026-04-27T19:15:26.168,4.440,1,-2.10,1.70,-19.60,5.90,0,0.0000,0.0000,0.4000,0.0000,0.0000,0.0000,0.00,0.00,47.85,58.73,267,255,0.95506,0.95506,0.99251,0.96255,3,2,0,0.00000,0.00000,1.00000,0.0000,0.0000,0.0000,0.0000,0.0000,0.0000,0.00,0.00,0.00,1,1,0.0000,0.0000,0.4000,0.00,0.8200,0.3500,1.0000,6.00,180.00,5.000000,0.050000,0.000000,1.100000,0.000000,0.000000,1.200000,0.000000,0.000000,1.350000,0.000000,0.000000,0.850000,0.020000,0.000000,0.008000,0.000000,0.000600,0.008000,0.000000,0.000600,0.006000,0.000000,0.000000,1,1,1,267,204,241,241,241,0,0,60.00,49776,8870,241,0,0,0,49776,500.00,0.00,12,1454,0.0000,0.5000,0.5000,0.0000,0.5000
2026-04-27T19:15:26.184,4.456,1,-2.10,1.70,-19.60,5.90,0,0.0000,0.0000,0.4000,0.0000,0.0000,0.0000,0.00,0.00,77.52,57.60,268,255,0.95149,0.95149,0.98881,0.95896,2,2,0,0.00000,0.00000,1.00000,0.0000,0.0000,0.0000,0.0000,0.0000,0.0000,0.00,0.00,0.00,1,1,0.0000,0.0000,0.4000,0.00,0.8200,0.3500,1.0000,6.00,180.00,5.000000,0.050000,0.000000,1.100000,0.000000,0.000000,1.200000,0.000000,0.000000,1.350000,0.000000,0.000000,0.850000,0.020000,0.000000,0.008000,0.000000,0.000600,0.008000,0.000000,0.000600,0.006000,0.000000,0.000000,1,1,1,268,204,241,241,241,0,0,60.00,49776,8870,241,0,0,0,49776,500.00,0.00,12,1454,0.0000,0.5000,0.5000,0.0000,0.5000
2026-04-27T19:15:26.201,4.473,1,-2.10,1.70,-19.60,5.90,0,0.0000,0.0000,0.4000,0.0000,0.0000,0.0000,0.00,0.00,61.91,63.99,269,255,0.94796,0.94796,0.98885,0.95539,3,2,0,0.00000,0.00000,1.00000,0.0000,0.0000,0.0000,0.0000,0.0000,0.0000,0.00,0.00,0.00,1,1,0.0000,0.0000,0.4000,0.00,0.8200,0.3500,1.0000,6.00,180.00,5.000000,0.050000,0.000000,1.100000,0.000000,0.000000,1.200000,0.000000,0.000000,1.350000,0.000000,0.000000,0.850000,0.020000,0.000000,0.008000,0.000000,0.000600,0.008000,0.000000,0.000600,0.006000,0.000000,0.000000,1,1,1,269,204,241,241,241,0,0,60.00,49776,8870,241,0,0,0,49776,500.00,0.00,12,1454,0.0000,0.5000,0.5000,0.0000,0.5000
2026-04-27T19:15:26.218,4.490,1,-2.10,1.70,-19.60,5.90,0,0.0000,0.0000,0.4000,0.0000,0.0000,0.0000,0.00,0.00,59.90,56.85,270,255,0.94444,0.94444,0.98519,0.95185,1,2,0,0.00000,0.00000,1.00000,0.0000,0.0000,0.0000,0.0000,0.0000,0.0000,0.00,0.00,0.00,1,1,0.0000,0.0000,0.4000,0.00,0.8200,0.3500,1.0000,6.00,180.00,5.000000,0.050000,0.000000,1.100000,0.000000,0.000000,1.200000,0.000000,0.000000,1.350000,0.000000,0.000000,0.850000,0.020000,0.000000,0.008000,0.000000,0.000600,0.008000,0.000000,0.000600,0.006000,0.000000,0.000000,1,1,1,270,204,241,241,241,0,0,60.00,49776,8870,241,0,0,0,49776,500.00,0.00,12,1454,0.0000,0.5000,0.5000,0.0000,0.5000
2026-04-27T19:15:26.240,4.512,1,-2.10,1.70,-19.60,5.90,1,0.1662,-0.2631,0.4129,0.0000,0.0000,0.0000,-155.45,0.00,59.92,59.61,271,256,0.94465,0.94465,0.98524,0.95203,3,3,1,14.69590,0.03304,1.45187,-0.1662,0.2631,-0.0129,0.0000,0.0000,0.0000,155.45,45.62,-167.54,1,1,0.0000,0.0000,0.4000,0.00,0.8200,0.3500,1.0000,6.00,180.00,5.000000,0.050000,0.000000,1.100000,0.000000,0.000000,1.200000,0.000000,0.000000,1.350000,0.000000,0.000000,0.850000,0.020000,0.000000,0.008000,0.000000,0.000600,0.008000,0.000000,0.000600,0.006000,0.000000,0.000000,1,1,1,271,233,241,241,241,0,0,60.00,49776,8870,241,0,0,0,49776,500.00,0.00,12,1454,0.0000,0.5000,0.5000,0.0000,0.5000
2026-04-27T19:15:26.256,4.529,1,-2.10,1.70,-19.60,5.90,1,0.1279,-0.2193,0.4469,1.0850,-1.0850,-1.0849,105.56,5949.19,45.69,64.11,272,257,0.94485,0.94485,0.98529,0.95221,3,3,1,14.85089,0.02210,1.78115,-0.1279,0.2193,-0.0469,1.0850,-1.0850,-1.0849,-105.56,8.38,-108.57,1,1,0.0000,0.0000,0.4000,0.00,0.8200,0.3500,1.0000,6.00,180.00,5.000000,0.050000,0.000000,1.100000,0.000000,0.000000,1.200000,0.000000,0.000000,1.350000,0.000000,0.000000,0.850000,0.020000,0.000000,0.008000,0.000000,0.000600,0.008000,0.000000,0.000600,0.006000,0.000000,0.000000,1,1,1,272,247,241,241,241,0,0,60.00,49776,8870,241,0,0,0,49776,500.00,0.00,12,1454,0.0000,0.5000,0.5000,0.0000,0.5000
2026-04-27T19:15:26.268,4.541,1,-2.10,1.70,-19.60,5.90,0,0.0000,0.0000,0.4000,0.0000,0.0000,0.0000,0.00,0.00,63.89,59.13,273,257,0.94139,0.94139,0.98535,0.94872,3,2,0,0.00000,0.00000,1.00000,0.0000,0.0000,0.0000,0.0000,0.0000,0.0000,0.00,0.00,0.00,1,1,0.0000,0.0000,0.4000,0.00,0.8200,0.3500,1.0000,6.00,180.00,5.000000,0.050000,0.000000,1.100000,0.000000,0.000000,1.200000,0.000000,0.000000,1.350000,0.000000,0.000000,0.850000,0.020000,0.000000,0.008000,0.000000,0.000600,0.008000,0.000000,0.000600,0.006000,0.000000,0.000000,1,1,1,273,204,241,241,241,0,0,60.00,49776,8870,271,0,0,0,49806,499.50,499.50,12,2130,0.0000,0.5000,0.5000,0.0000,0.5000
2026-04-27T19:15:26.286,4.558,1,-2.10,1.70,-19.60,5.90,0,0.0000,0.0000,0.4000,0.0000,0.0000,0.0000,0.00,0.00,76.97,57.12,274,257,0.93796,0.93796,0.98175,0.94526,1,2,0,0.00000,0.00000,1.00000,0.0000,0.0000,0.0000,0.0000,0.0000,0.0000,0.00,0.00,0.00,1,1,0.0000,0.0000,0.4000,0.00,0.8200,0.3500,1.0000,6.00,180.00,5.000000,0.050000,0.000000,1.100000,0.000000,0.000000,1.200000,0.000000,0.000000,1.350000,0.000000,0.000000,0.850000,0.020000,0.000000,0.008000,0.000000,0.000600,0.008000,0.000000,0.000600,0.006000,0.000000,0.000000,1,1,1,274,204,241,241,241,0,0,60.00,49776,8870,271,0,0,0,49806,499.50,499.50,12,2130,0.0000,0.5000,0.5000,0.0000,0.5000
2026-04-27T19:15:26.302,4.574,1,17.50,174.10,-275.47,51.96,0,0.0000,0.0000,0.4000,0.0000,0.0000,0.0000,0.00,0.00,61.51,60.74,275,257,0.93455,0.93455,0.97818,0.94182,2,2,0,0.00000,0.00000,1.00000,0.0000,0.0000,0.0000,0.0000,0.0000,0.0000,0.00,0.00,0.00,1,1,0.0000,0.0000,0.4000,0.00,0.8200,0.3500,1.0000,6.00,180.00,5.000000,0.050000,0.000000,1.100000,0.000000,0.000000,1.200000,0.000000,0.000000,1.350000,0.000000,0.000000,0.850000,0.020000,0.000000,0.008000,0.000000,0.000600,0.008000,0.000000,0.000600,0.006000,0.000000,0.000000,1,1,1,275,204,241,241,241,0,0,60.00,49776,8870,271,0,0,0,49806,499.50,499.50,12,2130,0.0000,0.5000,0.5000,0.0000,0.5000
2026-04-27T19:15:26.318,4.590,1,17.50,174.10,-275.47,51.96,0,0.0000,0.0000,0.4000,0.0000,0.0000,0.0000,0.00,0.00,57.30,61.21,276,257,0.93116,0.93116,0.97826,0.93841,3,2,0,0.00000,0.00000,1.00000,0.0000,0.0000,0.0000,0.0000,0.0000,0.0000,0.00,0.00,0.00,1,1,0.0000,0.0000,0.4000,0.00,0.8200,0.3500,1.0000,6.00,180.00,5.000000,0.050000,0.000000,1.100000,0.000000,0.000000,1.200000,0.000000,0.000000,1.350000,0.000000,0.000000,0.850000,0.020000,0.000000,0.008000,0.000000,0.000600,0.008000,0.000000,0.000600,0.006000,0.000000,0.000000,1,1,1,276,204,241,241,241,0,0,60.00,49776,8870,271,0,0,0,49806,499.50,499.50,12,2130,0.0000,0.5000,0.5000,0.0000,0.5000
2026-04-27T19:15:26.336,4.608,1,17.50,174.10,-275.47,51.96,0,0.0000,0.0000,0.4000,0.0000,0.0000,0.0000,0.00,0.00,66.64,56.18,277,257,0.92780,0.92780,0.97834,0.93502,3,2,0,0.00000,0.00000,1.00000,0.0000,0.0000,0.0000,0.0000,0.0000,0.0000,0.00,0.00,0.00,1,1,0.0000,0.0000,0.4000,0.00,0.8200,0.3500,1.0000,6.00,180.00,5.000000,0.050000,0.000000,1.100000,0.000000,0.000000,1.200000,0.000000,0.000000,1.350000,0.000000,0.000000,0.850000,0.020000,0.000000,0.008000,0.000000,0.000600,0.008000,0.000000,0.000600,0.006000,0.000000,0.000000,1,1,1,277,204,241,241,241,0,0,60.00,49776,8870,271,0,0,0,49806,499.50,499.50,12,2130,0.0000,0.5000,0.5000,0.0000,0.5000
2026-04-27T19:15:26.353,4.625,1,17.50,174.10,-275.47,51.96,0,0.0000,0.0000,0.4000,0.0000,0.0000,0.0000,0.00,0.00,53.12,60.18,278,257,0.92446,0.92446,0.97842,0.93165,3,2,0,0.00000,0.00000,1.00000,0.0000,0.0000,0.0000,0.0000,0.0000,0.0000,0.00,0.00,0.00,1,1,0.0000,0.0000,0.4000,0.00,0.8200,0.3500,1.0000,6.00,180.00,5.000000,0.050000,0.000000,1.100000,0.000000,0.000000,1.200000,0.000000,0.000000,1.350000,0.000000,0.000000,0.850000,0.020000,0.000000,0.008000,0.000000,0.000600,0.008000,0.000000,0.000600,0.006000,0.000000,0.000000,1,1,1,278,204,241,241,241,0,0,60.00,49776,8870,271,0,0,0,49806,499.50,499.50,12,2130,0.0000,0.5000,0.5000,0.0000,0.5000
2026-04-27T19:15:26.368,4.640,1,17.50,174.10,-275.47,51.96,0,0.0000,0.0000,0.4000,0.0000,0.0000,0.0000,0.00,0.00,55.94,62.50,279,257,0.92115,0.92115,0.97849,0.92832,3,2,0,0.00000,0.00000,1.00000,0.0000,0.0000,0.0000,0.0000,0.0000,0.0000,0.00,0.00,0.00,1,1,0.0000,0.0000,0.4000,0.00,0.8200,0.3500,1.0000,6.00,180.00,5.000000,0.050000,0.000000,1.100000,0.000000,0.000000,1.200000,0.000000,0.000000,1.350000,0.000000,0.000000,0.850000,0.020000,0.000000,0.008000,0.000000,0.000600,0.008000,0.000000,0.000600,0.006000,0.000000,0.000000,1,1,1,279,204,241,241,241,0,0,60.00,49776,8870,271,0,0,0,49806,499.50,499.50,12,2130,0.0000,0.5000,0.5000,0.0000,0.5000
2026-04-27T19:15:26.377,4.650,1,17.50,174.10,-275.47,51.96,0,0.0000,0.0000,0.4000,0.0000,0.0000,0.0000,0.00,0.00,67.63,101.46,280,257,0.91786,0.91786,0.97857,0.92500,3,2,0,0.00000,0.00000,1.00000,0.0000,0.0000,0.0000,0.0000,0.0000,0.0000,0.00,0.00,0.00,1,1,0.0000,0.0000,0.4000,0.00,0.8200,0.3500,1.0000,6.00,180.00,5.000000,0.050000,0.000000,1.100000,0.000000,0.000000,1.200000,0.000000,0.000000,1.350000,0.000000,0.000000,0.850000,0.020000,0.000000,0.008000,0.000000,0.000600,0.008000,0.000000,0.000600,0.006000,0.000000,0.000000,1,1,1,280,204,241,241,241,0,0,60.00,49776,8870,271,0,0,0,49806,499.50,499.50,12,2130,0.0000,0.5000,0.5000,0.0000,0.5000
2026-04-27T19:15:26.401,4.673,1,17.50,174.10,-275.47,51.96,0,0.0000,0.0000,0.4000,0.0000,0.0000,0.0000,0.00,0.00,128.51,42.22,281,257,0.91459,0.91459,0.97865,0.92171,3,2,0,0.00000,0.00000,1.00000,0.0000,0.0000,0.0000,0.0000,0.0000,0.0000,0.00,0.00,0.00,1,1,0.0000,0.0000,0.4000,0.00,0.8200,0.3500,1.0000,6.00,180.00,5.000000,0.050000,0.000000,1.100000,0.000000,0.000000,1.200000,0.000000,0.000000,1.350000,0.000000,0.000000,0.850000,0.020000,0.000000,0.008000,0.000000,0.000600,0.008000,0.000000,0.000600,0.006000,0.000000,0.000000,1,1,1,281,204,241,241,241,0,0,60.00,49776,8870,271,0,0,0,49806,499.50,499.50,12,2130,0.0000,0.5000,0.5000,0.0000,0.5000
2026-04-27T19:15:26.417,4.689,1,17.50,174.10,-275.47,51.96,0,0.0000,0.0000,0.4000,0.0000,0.0000,0.0000,0.00,0.00,42.22,63.43,282,257,0.91135,0.91135,0.97872,0.91844,3,2,0,0.00000,0.00000,1.00000,0.0000,0.0000,0.0000,0.0000,0.0000,0.0000,0.00,0.00,0.00,1,1,0.0000,0.0000,0.4000,0.00,0.8200,0.3500,1.0000,6.00,180.00,5.000000,0.050000,0.000000,1.100000,0.000000,0.000000,1.200000,0.000000,0.000000,1.350000,0.000000,0.000000,0.850000,0.020000,0.000000,0.008000,0.000000,0.000600,0.008000,0.000000,0.000600,0.006000,0.000000,0.000000,1,1,1,282,204,241,241,241,0,0,60.00,49776,8870,271,0,0,0,49806,499.50,499.50,12,2130,0.0000,0.5000,0.5000,0.0000,0.5000
2026-04-27T19:15:26.434,4.706,1,17.50,174.10,-275.47,51.96,0,0.0000,0.0000,0.4000,0.0000,0.0000,0.0000,0.00,0.00,63.43,57.66,283,257,0.90813,0.90813,0.97880,0.91519,3,2,0,0.00000,0.00000,1.00000,0.0000,0.0000,0.0000,0.0000,0.0000,0.0000,0.00,0.00,0.00,1,1,0.0000,0.0000,0.4000,0.00,0.8200,0.3500,1.0000,6.00,180.00,5.000000,0.050000,0.000000,1.100000,0.000000,0.000000,1.200000,0.000000,0.000000,1.350000,0.000000,0.000000,0.850000,0.020000,0.000000,0.008000,0.000000,0.000600,0.008000,0.000000,0.000600,0.006000,0.000000,0.000000,1,1,1,283,204,241,241,241,0,0,60.00,49776,8870,271,0,0,0,49806,499.50,499.50,12,2130,0.0000,0.5000,0.5000,0.0000,0.5000
2026-04-27T19:15:26.449,4.721,1,8.70,178.89,-85.44,46.56,0,0.0000,0.0000,0.4000,0.0000,0.0000,0.0000,0.00,0.00,57.66,68.57,284,257,0.90493,0.90493,0.97887,0.91197,3,2,0,0.00000,0.00000,1.00000,0.0000,0.0000,0.0000,0.0000,0.0000,0.0000,0.00,0.00,0.00,1,1,0.0000,0.0000,0.4000,0.00,0.8200,0.3500,1.0000,6.00,180.00,5.000000,0.050000,0.000000,1.100000,0.000000,0.000000,1.200000,0.000000,0.000000,1.350000,0.000000,0.000000,0.850000,0.020000,0.000000,0.008000,0.000000,0.000600,0.008000,0.000000,0.000600,0.006000,0.000000,0.000000,1,1,1,284,204,241,241,241,0,0,60.00,49776,8870,271,0,0,0,49806,499.50,499.50,12,2130,0.0000,0.5000,0.5000,0.0000,0.5000
2026-04-27T19:15:26.462,4.735,1,8.70,178.89,-85.44,46.56,0,0.0000,0.0000,0.4000,0.0000,0.0000,0.0000,0.00,0.00,68.57,73.02,285,257,0.90175,0.90175,0.97895,0.90877,3,2,0,0.00000,0.00000,1.00000,0.0000,0.0000,0.0000,0.0000,0.0000,0.0000,0.00,0.00,0.00,1,1,0.0000,0.0000,0.4000,0.00,0.8200,0.3500,1.0000,6.00,180.00,5.000000,0.050000,0.000000,1.100000,0.000000,0.000000,1.200000,0.000000,0.000000,1.350000,0.000000,0.000000,0.850000,0.020000,0.000000,0.008000,0.000000,0.000600,0.008000,0.000000,0.000600,0.006000,0.000000,0.000000,1,1,1,285,204,241,241,241,0,0,60.00,49776,8870,271,0,0,0,49806,499.50,499.50,12,2130,0.0000,0.5000,0.5000,0.0000,0.5000
2026-04-27T19:15:26.482,4.754,1,8.70,178.89,-85.44,46.56,0,0.0000,0.0000,0.4000,0.0000,0.0000,0.0000,0.00,0.00,73.02,51.06,286,257,0.89860,0.89860,0.97902,0.90559,3,2,0,0.00000,0.00000,1.00000,0.0000,0.0000,0.0000,0.0000,0.0000,0.0000,0.00,0.00,0.00,1,1,0.0000,0.0000,0.4000,0.00,0.8200,0.3500,1.0000,6.00,180.00,5.000000,0.050000,0.000000,1.100000,0.000000,0.000000,1.200000,0.000000,0.000000,1.350000,0.000000,0.000000,0.850000,0.020000,0.000000,0.008000,0.000000,0.000600,0.008000,0.000000,0.000600,0.006000,0.000000,0.000000,1,1,1,286,204,241,241,241,0,0,60.00,49776,8870,271,0,0,0,49806,499.50,499.50,12,2130,0.0000,0.5000,0.5000,0.0000,0.5000
2026-04-27T19:15:26.495,4.767,1,8.70,178.89,-85.44,46.56,0,0.0000,0.0000,0.4000,0.0000,0.0000,0.0000,0.00,0.00,51.06,80.01,287,257,0.89547,0.89547,0.97909,0.90244,3,2,0,0.00000,0.00000,1.00000,0.0000,0.0000,0.0000,0.0000,0.0000,0.0000,0.00,0.00,0.00,1,1,0.0000,0.0000,0.4000,0.00,0.8200,0.3500,1.0000,6.00,180.00,5.000000,0.050000,0.000000,1.100000,0.000000,0.000000,1.200000,0.000000,0.000000,1.350000,0.000000,0.000000,0.850000,0.020000,0.000000,0.008000,0.000000,0.000600,0.008000,0.000000,0.000600,0.006000,0.000000,0.000000,1,1,1,287,204,241,241,241,0,0,60.00,49776,8870,271,0,0,0,49806,499.50,499.50,12,2130,0.0000,0.5000,0.5000,0.0000,0.5000
2026-04-27T19:15:26.518,4.790,1,8.70,178.89,-85.44,46.56,0,0.0000,0.0000,0.4000,0.0000,0.0000,0.0000,0.00,0.00,80.01,43.44,288,257,0.89236,0.89236,0.97917,0.89931,3,2,0,0.00000,0.00000,1.00000,0.0000,0.0000,0.0000,0.0000,0.0000,0.0000,0.00,0.00,0.00,1,1,0.0000,0.0000,0.4000,0.00,0.8200,0.3500,1.0000,6.00,180.00,5.000000,0.050000,0.000000,1.100000,0.000000,0.000000,1.200000,0.000000,0.000000,1.350000,0.000000,0.000000,0.850000,0.020000,0.000000,0.008000,0.000000,0.000600,0.008000,0.000000,0.000600,0.006000,0.000000,0.000000,1,1,1,288,204,241,241,241,0,0,60.00,49776,8870,271,0,0,0,49806,499.50,499.50,12,2130,0.0000,0.5000,0.5000,0.0000,0.5000
2026-04-27T19:15:26.535,4.807,1,8.70,178.89,-85.44,46.56,0,0.0000,0.0000,0.4000,0.0000,0.0000,0.0000,0.00,0.00,43.44,61.45,289,257,0.88927,0.88927,0.97924,0.89619,3,2,0,0.00000,0.00000,1.00000,0.0000,0.0000,0.0000,0.0000,0.0000,0.0000,0.00,0.00,0.00,1,1,0.0000,0.0000,0.4000,0.00,0.8200,0.3500,1.0000,6.00,180.00,5.000000,0.050000,0.000000,1.100000,0.000000,0.000000,1.200000,0.000000,0.000000,1.350000,0.000000,0.000000,0.850000,0.020000,0.000000,0.008000,0.000000,0.000600,0.008000,0.000000,0.000600,0.006000,0.000000,0.000000,1,1,1,289,204,241,241,241,0,0,60.00,49776,8870,271,0,0,0,49806,499.50,499.50,12,2130,0.0000,0.5000,0.5000,0.0000,0.5000
2026-04-27T19:15:26.551,4.823,1,2.70,179.40,-58.81,4.94,0,0.0000,0.0000,0.4000,0.0000,0.0000,0.0000,0.00,0.00,55.83,58.66,290,257,0.88621,0.88621,0.97931,0.89310,3,2,0,0.00000,0.00000,1.00000,0.0000,0.0000,0.0000,0.0000,0.0000,0.0000,0.00,0.00,0.00,1,1,0.0000,0.0000,0.4000,0.00,0.8200,0.3500,1.0000,6.00,180.00,5.000000,0.050000,0.000000,1.100000,0.000000,0.000000,1.200000,0.000000,0.000000,1.350000,0.000000,0.000000,0.850000,0.020000,0.000000,0.008000,0.000000,0.000600,0.008000,0.000000,0.000600,0.006000,0.000000,0.000000,1,1,1,290,204,241,241,241,0,0,60.00,49776,8870,271,0,0,0,49806,499.50,499.50,12,2130,0.0000,0.5000,0.5000,0.0000,0.5000
2026-04-27T19:15:26.568,4.840,1,2.70,179.40,-58.81,4.94,0,0.0000,0.0000,0.4000,0.0000,0.0000,0.0000,0.00,0.00,64.90,60.03,291,257,0.88316,0.88316,0.97938,0.89003,3,2,0,0.00000,0.00000,1.00000,0.0000,0.0000,0.0000,0.0000,0.0000,0.0000,0.00,0.00,0.00,1,1,0.0000,0.0000,0.4000,0.00,0.8200,0.3500,1.0000,6.00,180.00,5.000000,0.050000,0.000000,1.100000,0.000000,0.000000,1.200000,0.000000,0.000000,1.350000,0.000000,0.000000,0.850000,0.020000,0.000000,0.008000,0.000000,0.000600,0.008000,0.000000,0.000600,0.006000,0.000000,0.000000,1,1,1,291,204,241,241,241,0,0,60.00,49776,8870,271,0,0,0,49806,499.50,499.50,12,2130,0.0000,0.5000,0.5000,0.0000,0.5000
2026-04-27T19:15:26.584,4.856,1,2.70,179.40,-58.81,4.94,0,0.0000,0.0000,0.4000,0.0000,0.0000,0.0000,0.00,0.00,60.03,60.04,292,257,0.88014,0.88014,0.97945,0.88699,3,2,0,0.00000,0.00000,1.00000,0.0000,0.0000,0.0000,0.0000,0.0000,0.0000,0.00,0.00,0.00,1,1,0.0000,0.0000,0.4000,0.00,0.8200,0.3500,1.0000,6.00,180.00,5.000000,0.050000,0.000000,1.100000,0.000000,0.000000,1.200000,0.000000,0.000000,1.350000,0.000000,0.000000,0.850000,0.020000,0.000000,0.008000,0.000000,0.000600,0.008000,0.000000,0.000600,0.006000,0.000000,0.000000,1,1,1,292,204,241,241,241,0,0,60.00,49776,8870,271,0,0,0,49806,499.50,499.50,12,2130,0.0000,0.5000,0.5000,0.0000,0.5000
2026-04-27T19:15:26.601,4.873,1,3.00,179.20,2.92,-1.97,0,0.0000,0.0000,0.4000,0.0000,0.0000,0.0000,0.00,0.00,60.04,59.91,293,257,0.87713,0.87713,0.97952,0.88396,3,2,0,0.00000,0.00000,1.00000,0.0000,0.0000,0.0000,0.0000,0.0000,0.0000,0.00,0.00,0.00,1,1,0.0000,0.0000,0.4000,0.00,0.8200,0.3500,1.0000,6.00,180.00,5.000000,0.050000,0.000000,1.100000,0.000000,0.000000,1.200000,0.000000,0.000000,1.350000,0.000000,0.000000,0.850000,0.020000,0.000000,0.008000,0.000000,0.000600,0.008000,0.000000,0.000600,0.006000,0.000000,0.000000,1,1,1,293,204,241,241,241,0,0,60.00,49776,8870,271,0,0,0,49806,499.50,499.50,12,2130,0.0000,0.5000,0.5000,0.0000,0.5000
2026-04-27T19:15:26.614,4.887,1,3.00,179.20,2.92,-1.97,0,0.0000,0.0000,0.4000,0.0000,0.0000,0.0000,0.00,0.00,59.91,74.10,294,257,0.87415,0.87415,0.97959,0.88095,3,2,0,0.00000,0.00000,1.00000,0.0000,0.0000,0.0000,0.0000,0.0000,0.0000,0.00,0.00,0.00,1,1,0.0000,0.0000,0.4000,0.00,0.8200,0.3500,1.0000,6.00,180.00,5.000000,0.050000,0.000000,1.100000,0.000000,0.000000,1.200000,0.000000,0.000000,1.350000,0.000000,0.000000,0.850000,0.020000,0.000000,0.008000,0.000000,0.000600,0.008000,0.000000,0.000600,0.006000,0.000000,0.000000,1,1,1,294,204,241,241,241,0,0,60.00,49776,8870,271,0,0,0,49806,499.50,499.50,12,2130,0.0000,0.5000,0.5000,0.0000,0.5000
2026-04-27T19:15:26.634,4.906,1,3.00,179.20,2.92,-1.97,0,0.0000,0.0000,0.4000,0.0000,0.0000,0.0000,0.00,0.00,55.75,50.53,295,257,0.87119,0.87119,0.97966,0.87797,3,2,0,0.00000,0.00000,1.00000,0.0000,0.0000,0.0000,0.0000,0.0000,0.0000,0.00,0.00,0.00,1,1,0.0000,0.0000,0.4000,0.00,0.8200,0.3500,1.0000,6.00,180.00,5.000000,0.050000,0.000000,1.100000,0.000000,0.000000,1.200000,0.000000,0.000000,1.350000,0.000000,0.000000,0.850000,0.020000,0.000000,0.008000,0.000000,0.000600,0.008000,0.000000,0.000600,0.006000,0.000000,0.000000,1,1,1,295,204,241,241,241,0,0,60.00,49776,8870,271,0,0,0,49806,499.50,499.50,12,2130,0.0000,0.5000,0.5000,0.0000,0.5000
2026-04-27T19:15:26.649,4.921,1,3.00,179.20,2.92,-1.97,0,0.0000,0.0000,0.4000,0.0000,0.0000,0.0000,0.00,0.00,65.16,67.03,296,257,0.86824,0.86824,0.97973,0.87500,3,2,0,0.00000,0.00000,1.00000,0.0000,0.0000,0.0000,0.0000,0.0000,0.0000,0.00,0.00,0.00,1,1,0.0000,0.0000,0.4000,0.00,0.8200,0.3500,1.0000,6.00,180.00,5.000000,0.050000,0.000000,1.100000,0.000000,0.000000,1.200000,0.000000,0.000000,1.350000,0.000000,0.000000,0.850000,0.020000,0.000000,0.008000,0.000000,0.000600,0.008000,0.000000,0.000600,0.006000,0.000000,0.000000,1,1,1,296,204,241,241,241,0,0,60.00,49776,8870,271,0,0,0,49806,499.50,499.50,12,2130,0.0000,0.5000,0.5000,0.0000,0.5000
2026-04-27T19:15:26.670,4.942,1,3.00,179.20,2.92,-1.97,0,0.0000,0.0000,0.4000,0.0000,0.0000,0.0000,0.00,0.00,54.63,54.25,297,257,0.86532,0.86532,0.97980,0.87205,3,2,0,0.00000,0.00000,1.00000,0.0000,0.0000,0.0000,0.0000,0.0000,0.0000,0.00,0.00,0.00,1,1,0.0000,0.0000,0.4000,0.00,0.8200,0.3500,1.0000,6.00,180.00,5.000000,0.050000,0.000000,1.100000,0.000000,0.000000,1.200000,0.000000,0.000000,1.350000,0.000000,0.000000,0.850000,0.020000,0.000000,0.008000,0.000000,0.000600,0.008000,0.000000,0.000600,0.006000,0.000000,0.000000,1,1,1,297,204,241,241,241,0,0,60.00,49776,8870,271,0,0,0,49806,499.50,499.50,12,2130,0.0000,0.5000,0.5000,0.0000,0.5000
2026-04-27T19:15:26.682,4.954,1,3.00,179.20,2.92,-1.97,0,0.0000,0.0000,0.4000,0.0000,0.0000,0.0000,0.00,0.00,55.22,68.58,298,257,0.86242,0.86242,0.97987,0.86913,3,2,0,0.00000,0.00000,1.00000,0.0000,0.0000,0.0000,0.0000,0.0000,0.0000,0.00,0.00,0.00,1,1,0.0000,0.0000,0.4000,0.00,0.8200,0.3500,1.0000,6.00,180.00,5.000000,0.050000,0.000000,1.100000,0.000000,0.000000,1.200000,0.000000,0.000000,1.350000,0.000000,0.000000,0.850000,0.020000,0.000000,0.008000,0.000000,0.000600,0.008000,0.000000,0.000600,0.006000,0.000000,0.000000,1,1,1,298,204,241,241,241,0,0,60.00,49776,8870,271,0,0,0,49806,499.50,499.50,12,2130,0.0000,0.5000,0.5000,0.0000,0.5000
2026-04-27T19:15:26.700,4.972,1,2.90,179.20,-0.95,0.00,0,0.0000,0.0000,0.4000,0.0000,0.0000,0.0000,0.00,0.00,65.51,56.11,299,257,0.85953,0.85953,0.97993,0.86622,3,2,0,0.00000,0.00000,1.00000,0.0000,0.0000,0.0000,0.0000,0.0000,0.0000,0.00,0.00,0.00,1,1,0.0000,0.0000,0.4000,0.00,0.8200,0.3500,1.0000,6.00,180.00,5.000000,0.050000,0.000000,1.100000,0.000000,0.000000,1.200000,0.000000,0.000000,1.350000,0.000000,0.000000,0.850000,0.020000,0.000000,0.008000,0.000000,0.000600,0.008000,0.000000,0.000600,0.006000,0.000000,0.000000,1,1,1,299,204,241,241,241,0,0,60.00,49776,8870,271,0,0,0,49806,499.50,499.50,12,2130,0.0000,0.5000,0.5000,0.0000,0.5000
2026-04-27T19:15:26.718,4.990,1,2.90,179.20,-0.95,0.00,0,0.0000,0.0000,0.4000,0.0000,0.0000,0.0000,0.00,0.00,71.03,58.70,300,257,0.85667,0.85667,0.98000,0.86333,3,2,0,0.00000,0.00000,1.00000,0.0000,0.0000,0.0000,0.0000,0.0000,0.0000,0.00,0.00,0.00,1,1,0.0000,0.0000,0.4000,0.00,0.8200,0.3500,1.0000,6.00,180.00,5.000000,0.050000,0.000000,1.100000,0.000000,0.000000,1.200000,0.000000,0.000000,1.350000,0.000000,0.000000,0.850000,0.020000,0.000000,0.008000,0.000000,0.000600,0.008000,0.000000,0.000600,0.006000,0.000000,0.000000,1,1,1,300,204,241,241,241,0,0,60.00,49776,8870,271,0,0,0,49806,499.50,499.50,12,2130,0.0000,0.5000,0.5000,0.0000,0.5000
2026-04-27T19:15:26.734,5.006,1,2.90,179.20,-0.95,0.00,0,0.0000,0.0000,0.4000,0.0000,0.0000,0.0000,0.00,0.00,55.44,59.23,301,257,0.85382,0.85382,0.98007,0.86047,3,2,0,0.00000,0.00000,1.00000,0.0000,0.0000,0.0000,0.0000,0.0000,0.0000,0.00,0.00,0.00,1,1,0.0000,0.0000,0.4000,0.00,0.8200,0.3500,1.0000,6.00,180.00,5.000000,0.050000,0.000000,1.100000,0.000000,0.000000,1.200000,0.000000,0.000000,1.350000,0.000000,0.000000,0.850000,0.020000,0.000000,0.008000,0.000000,0.000600,0.008000,0.000000,0.000600,0.006000,0.000000,0.000000,1,1,1,301,204,241,241,241,0,0,60.00,49776,8870,271,0,0,0,49806,499.50,499.50,12,2130,0.0000,0.5000,0.5000,0.0000,0.5000
2026-04-27T19:15:26.752,5.024,1,2.90,179.20,-0.95,0.00,0,0.0000,0.0000,0.4000,0.0000,0.0000,0.0000,0.00,0.00,62.98,61.57,302,257,0.85099,0.85099,0.98013,0.85762,3,2,0,0.00000,0.00000,1.00000,0.0000,0.0000,0.0000,0.0000,0.0000,0.0000,0.00,0.00,0.00,1,1,0.0000,0.0000,0.4000,0.00,0.8200,0.3500,1.0000,6.00,180.00,5.000000,0.050000,0.000000,1.100000,0.000000,0.000000,1.200000,0.000000,0.000000,1.350000,0.000000,0.000000,0.850000,0.020000,0.000000,0.008000,0.000000,0.000600,0.008000,0.000000,0.000600,0.006000,0.000000,0.000000,1,1,1,302,204,301,301,301,0,0,60.00,49836,2916,271,0,0,0,49806,499.50,499.50,12,2130,0.0000,0.5000,0.5000,0.0000,0.5000
2026-04-27T19:15:26.767,5.040,1,2.90,179.20,-0.95,0.00,0,0.0000,0.0000,0.4000,0.0000,0.0000,0.0000,0.00,0.00,54.59,57.76,303,257,0.84818,0.84818,0.98020,0.85479,3,2,0,0.00000,0.00000,1.00000,0.0000,0.0000,0.0000,0.0000,0.0000,0.0000,0.00,0.00,0.00,1,1,0.0000,0.0000,0.4000,0.00,0.8200,0.3500,1.0000,6.00,180.00,5.000000,0.050000,0.000000,1.100000,0.000000,0.000000,1.200000,0.000000,0.000000,1.350000,0.000000,0.000000,0.850000,0.020000,0.000000,0.008000,0.000000,0.000600,0.008000,0.000000,0.000600,0.006000,0.000000,0.000000,1,1,1,303,204,301,301,301,0,0,60.00,49836,2916,302,0,0,0,49837,499.75,0.00,2,1852,0.0000,0.5000,0.5000,0.0000,0.5000
2026-04-27T19:15:26.784,5.056,1,2.90,179.20,-0.95,0.00,0,0.0000,0.0000,0.4000,0.0000,0.0000,0.0000,0.00,0.00,60.63,59.94,304,257,0.84539,0.84539,0.98026,0.85197,3,2,0,0.00000,0.00000,1.00000,0.0000,0.0000,0.0000,0.0000,0.0000,0.0000,0.00,0.00,0.00,1,1,0.0000,0.0000,0.4000,0.00,0.8200,0.3500,1.0000,6.00,180.00,5.000000,0.050000,0.000000,1.100000,0.000000,0.000000,1.200000,0.000000,0.000000,1.350000,0.000000,0.000000,0.850000,0.020000,0.000000,0.008000,0.000000,0.000600,0.008000,0.000000,0.000600,0.006000,0.000000,0.000000,1,1,1,304,204,301,301,301,0,0,60.00,49836,2916,302,0,0,0,49837,499.75,0.00,2,1852,0.0000,0.5000,0.5000,0.0000,0.5000
2026-04-27T19:15:26.801,5.073,1,2.90,179.20,-0.95,0.00,0,0.0000,0.0000,0.4000,0.0000,0.0000,0.0000,0.00,0.00,59.72,59.87,305,257,0.84262,0.84262,0.98033,0.84918,3,2,0,0.00000,0.00000,1.00000,0.0000,0.0000,0.0000,0.0000,0.0000,0.0000,0.00,0.00,0.00,1,1,0.0000,0.0000,0.4000,0.00,0.8200,0.3500,1.0000,6.00,180.00,5.000000,0.050000,0.000000,1.100000,0.000000,0.000000,1.200000,0.000000,0.000000,1.350000,0.000000,0.000000,0.850000,0.020000,0.000000,0.008000,0.000000,0.000600,0.008000,0.000000,0.000600,0.006000,0.000000,0.000000,1,1,1,305,204,301,301,301,0,0,60.00,49836,2916,302,0,0,0,49837,499.75,0.00,2,1852,0.0000,0.5000,0.5000,0.0000,0.5000
2026-04-27T19:15:26.817,5.090,1,2.90,179.20,-0.95,0.00,0,0.0000,0.0000,0.4000,0.0000,0.0000,0.0000,0.00,0.00,60.13,60.05,306,257,0.83987,0.83987,0.98039,0.84641,3,2,0,0.00000,0.00000,1.00000,0.0000,0.0000,0.0000,0.0000,0.0000,0.0000,0.00,0.00,0.00,1,1,0.0000,0.0000,0.4000,0.00,0.8200,0.3500,1.0000,6.00,180.00,5.000000,0.050000,0.000000,1.100000,0.000000,0.000000,1.200000,0.000000,0.000000,1.350000,0.000000,0.000000,0.850000,0.020000,0.000000,0.008000,0.000000,0.000600,0.008000,0.000000,0.000600,0.006000,0.000000,0.000000,1,1,1,306,204,301,301,301,0,0,60.00,49836,2916,302,0,0,0,49837,499.75,0.00,2,1852,0.0000,0.5000,0.5000,0.0000,0.5000
2026-04-27T19:15:26.835,5.107,1,2.90,179.20,-0.95,0.00,0,0.0000,0.0000,0.4000,0.0000,0.0000,0.0000,0.00,0.00,60.27,62.10,307,257,0.83713,0.83713,0.98046,0.84365,3,2,0,0.00000,0.00000,1.00000,0.0000,0.0000,0.0000,0.0000,0.0000,0.0000,0.00,0.00,0.00,1,1,0.0000,0.0000,0.4000,0.00,0.8200,0.3500,1.0000,6.00,180.00,5.000000,0.050000,0.000000,1.100000,0.000000,0.000000,1.200000,0.000000,0.000000,1.350000,0.000000,0.000000,0.850000,0.020000,0.000000,0.008000,0.000000,0.000600,0.008000,0.000000,0.000600,0.006000,0.000000,0.000000,1,1,1,307,204,301,301,301,0,0,60.00,49836,2916,302,0,0,0,49837,499.75,0.00,2,1852,0.0000,0.5000,0.5000,0.0000,0.5000
2026-04-27T19:15:26.851,5.123,1,2.60,179.50,-3.01,2.95,0,0.0000,0.0000,0.4000,0.0000,0.0000,0.0000,0.00,0.00,61.96,58.07,308,257,0.83442,0.83442,0.98052,0.84091,3,2,0,0.00000,0.00000,1.00000,0.0000,0.0000,0.0000,0.0000,0.0000,0.0000,0.00,0.00,0.00,1,1,0.0000,0.0000,0.4000,0.00,0.8200,0.3500,1.0000,6.00,180.00,5.000000,0.050000,0.000000,1.100000,0.000000,0.000000,1.200000,0.000000,0.000000,1.350000,0.000000,0.000000,0.850000,0.020000,0.000000,0.008000,0.000000,0.000600,0.008000,0.000000,0.000600,0.006000,0.000000,0.000000,1,1,1,308,204,301,301,301,0,0,60.00,49836,2916,302,0,0,0,49837,499.75,0.00,2,1852,0.0000,0.5000,0.5000,0.0000,0.5000
2026-04-27T19:15:26.867,5.140,1,2.60,179.50,-3.01,2.95,0,0.0000,0.0000,0.4000,0.0000,0.0000,0.0000,0.00,0.00,62.48,60.05,309,257,0.83172,0.83172,0.98058,0.83819,3,2,0,0.00000,0.00000,1.00000,0.0000,0.0000,0.0000,0.0000,0.0000,0.0000,0.00,0.00,0.00,1,1,0.0000,0.0000,0.4000,0.00,0.8200,0.3500,1.0000,6.00,180.00,5.000000,0.050000,0.000000,1.100000,0.000000,0.000000,1.200000,0.000000,0.000000,1.350000,0.000000,0.000000,0.850000,0.020000,0.000000,0.008000,0.000000,0.000600,0.008000,0.000000,0.000600,0.006000,0.000000,0.000000,1,1,1,309,204,301,301,301,0,0,60.00,49836,2916,302,0,0,0,49837,499.75,0.00,2,1852,0.0000,0.5000,0.5000,0.0000,0.5000
2026-04-27T19:15:26.882,5.154,1,2.60,179.50,-3.01,2.95,0,0.0000,0.0000,0.4000,0.0000,0.0000,0.0000,0.00,0.00,56.64,69.48,310,257,0.82903,0.82903,0.98065,0.83548,3,2,0,0.00000,0.00000,1.00000,0.0000,0.0000,0.0000,0.0000,0.0000,0.0000,0.00,0.00,0.00,1,1,0.0000,0.0000,0.4000,0.00,0.8200,0.3500,1.0000,6.00,180.00,5.000000,0.050000,0.000000,1.100000,0.000000,0.000000,1.200000,0.000000,0.000000,1.350000,0.000000,0.000000,0.850000,0.020000,0.000000,0.008000,0.000000,0.000600,0.008000,0.000000,0.000600,0.006000,0.000000,0.000000,1,1,1,310,204,301,301,301,0,0,60.00,49836,2916,302,0,0,0,49837,499.75,0.00,2,1852,0.0000,0.5000,0.5000,0.0000,0.5000
2026-04-27T19:15:26.898,5.170,1,1.70,-179.70,-8.73,7.84,0,0.0000,0.0000,0.4000,0.0000,0.0000,0.0000,0.00,0.00,74.69,61.11,311,257,0.82637,0.82637,0.98071,0.83280,3,2,0,0.00000,0.00000,1.00000,0.0000,0.0000,0.0000,0.0000,0.0000,0.0000,0.00,0.00,0.00,1,1,0.0000,0.0000,0.4000,0.00,0.8200,0.3500,1.0000,6.00,180.00,5.000000,0.050000,0.000000,1.100000,0.000000,0.000000,1.200000,0.000000,0.000000,1.350000,0.000000,0.000000,0.850000,0.020000,0.000000,0.008000,0.000000,0.000600,0.008000,0.000000,0.000600,0.006000,0.000000,0.000000,1,1,1,311,204,301,301,301,0,0,60.00,49836,2916,302,0,0,0,49837,499.75,0.00,2,1852,0.0000,0.5000,0.5000,0.0000,0.5000
2026-04-27T19:15:26.918,5.190,1,1.70,-179.70,-8.73,7.84,0,0.0000,0.0000,0.4000,0.0000,0.0000,0.0000,0.00,0.00,61.11,52.20,312,257,0.82372,0.82372,0.98077,0.83013,3,2,0,0.00000,0.00000,1.00000,0.0000,0.0000,0.0000,0.0000,0.0000,0.0000,0.00,0.00,0.00,1,1,0.0000,0.0000,0.4000,0.00,0.8200,0.3500,1.0000,6.00,180.00,5.000000,0.050000,0.000000,1.100000,0.000000,0.000000,1.200000,0.000000,0.000000,1.350000,0.000000,0.000000,0.850000,0.020000,0.000000,0.008000,0.000000,0.000600,0.008000,0.000000,0.000600,0.006000,0.000000,0.000000,1,1,1,312,204,301,301,301,0,0,60.00,49836,2916,302,0,0,0,49837,499.75,0.00,2,1852,0.0000,0.5000,0.5000,0.0000,0.5000
2026-04-27T19:15:26.934,5.206,1,1.70,-179.70,-8.73,7.84,0,0.0000,0.0000,0.4000,0.0000,0.0000,0.0000,0.00,0.00,51.14,59.53,313,257,0.82109,0.82109,0.98083,0.82748,3,2,0,0.00000,0.00000,1.00000,0.0000,0.0000,0.0000,0.0000,0.0000,0.0000,0.00,0.00,0.00,1,1,0.0000,0.0000,0.4000,0.00,0.8200,0.3500,1.0000,6.00,180.00,5.000000,0.050000,0.000000,1.100000,0.000000,0.000000,1.200000,0.000000,0.000000,1.350000,0.000000,0.000000,0.850000,0.020000,0.000000,0.008000,0.000000,0.000600,0.008000,0.000000,0.000600,0.006000,0.000000,0.000000,1,1,1,313,204,301,301,301,0,0,60.00,49836,2916,302,0,0,0,49837,499.75,0.00,2,1852,0.0000,0.5000,0.5000,0.0000,0.5000
2026-04-27T19:15:26.952,5.224,1,1.70,-179.70,-8.73,7.84,0,0.0000,0.0000,0.4000,0.0000,0.0000,0.0000,0.00,0.00,54.85,61.41,314,257,0.81847,0.81847,0.98089,0.82484,3,2,0,0.00000,0.00000,1.00000,0.0000,0.0000,0.0000,0.0000,0.0000,0.0000,0.00,0.00,0.00,1,1,0.0000,0.0000,0.4000,0.00,0.8200,0.3500,1.0000,6.00,180.00,5.000000,0.050000,0.000000,1.100000,0.000000,0.000000,1.200000,0.000000,0.000000,1.350000,0.000000,0.000000,0.850000,0.020000,0.000000,0.008000,0.000000,0.000600,0.008000,0.000000,0.000600,0.006000,0.000000,0.000000,1,1,1,314,204,301,301,301,0,0,60.00,49836,2916,302,0,0,0,49837,499.75,0.00,2,1852,0.0000,0.5000,0.5000,0.0000,0.5000
2026-04-27T19:15:26.968,5.240,1,1.70,-179.70,-8.73,7.84,0,0.0000,0.0000,0.4000,0.0000,0.0000,0.0000,0.00,0.00,59.16,60.08,315,257,0.81587,0.81587,0.98095,0.82222,3,2,0,0.00000,0.00000,1.00000,0.0000,0.0000,0.0000,0.0000,0.0000,0.0000,0.00,0.00,0.00,1,1,0.0000,0.0000,0.4000,0.00,0.8200,0.3500,1.0000,6.00,180.00,5.000000,0.050000,0.000000,1.100000,0.000000,0.000000,1.200000,0.000000,0.000000,1.350000,0.000000,0.000000,0.850000,0.020000,0.000000,0.008000,0.000000,0.000600,0.008000,0.000000,0.000600,0.006000,0.000000,0.000000,1,1,1,315,204,301,301,301,0,0,60.00,49836,2916,302,0,0,0,49837,499.75,0.00,2,1852,0.0000,0.5000,0.5000,0.0000,0.5000
2026-04-27T19:15:26.980,5.252,1,1.70,-179.70,-8.73,7.84,0,0.0000,0.0000,0.4000,0.0000,0.0000,0.0000,0.00,0.00,61.42,75.57,316,257,0.81329,0.81329,0.98101,0.81962,3,2,0,0.00000,0.00000,1.00000,0.0000,0.0000,0.0000,0.0000,0.0000,0.0000,0.00,0.00,0.00,1,1,0.0000,0.0000,0.4000,0.00,0.8200,0.3500,1.0000,6.00,180.00,5.000000,0.050000,0.000000,1.100000,0.000000,0.000000,1.200000,0.000000,0.000000,1.350000,0.000000,0.000000,0.850000,0.020000,0.000000,0.008000,0.000000,0.000600,0.008000,0.000000,0.000600,0.006000,0.000000,0.000000,1,1,1,316,204,301,301,301,0,0,60.00,49836,2916,302,0,0,0,49837,499.75,0.00,2,1852,0.0000,0.5000,0.5000,0.0000,0.5000
2026-04-27T19:15:26.994,5.266,1,1.60,-179.70,-0.96,0.00,0,0.0000,0.0000,0.4000,0.0000,0.0000,0.0000,0.00,0.00,89.73,73.33,317,257,0.81073,0.81073,0.98107,0.81703,3,2,0,0.00000,0.00000,1.00000,0.0000,0.0000,0.0000,0.0000,0.0000,0.0000,0.00,0.00,0.00,1,1,0.0000,0.0000,0.4000,0.00,0.8200,0.3500,1.0000,6.00,180.00,5.000000,0.050000,0.000000,1.100000,0.000000,0.000000,1.200000,0.000000,0.000000,1.350000,0.000000,0.000000,0.850000,0.020000,0.000000,0.008000,0.000000,0.000600,0.008000,0.000000,0.000600,0.006000,0.000000,0.000000,1,1,1,317,204,301,301,301,0,0,60.00,49836,2916,302,0,0,0,49837,499.75,0.00,2,1852,0.0000,0.5000,0.5000,0.0000,0.5000
2026-04-27T19:15:27.018,5.290,1,1.60,-179.70,-0.96,0.00,0,0.0000,0.0000,0.4000,0.0000,0.0000,0.0000,0.00,0.00,73.33,43.75,318,257,0.80818,0.80818,0.98113,0.81447,3,2,0,0.00000,0.00000,1.00000,0.0000,0.0000,0.0000,0.0000,0.0000,0.0000,0.00,0.00,0.00,1,1,0.0000,0.0000,0.4000,0.00,0.8200,0.3500,1.0000,6.00,180.00,5.000000,0.050000,0.000000,1.100000,0.000000,0.000000,1.200000,0.000000,0.000000,1.350000,0.000000,0.000000,0.850000,0.020000,0.000000,0.008000,0.000000,0.000600,0.008000,0.000000,0.000600,0.006000,0.000000,0.000000,1,1,1,318,204,301,301,301,0,0,60.00,49836,2916,302,0,0,0,49837,499.75,0.00,2,1852,0.0000,0.5000,0.5000,0.0000,0.5000
2026-04-27T19:15:27.034,5.306,1,1.60,-179.70,-0.96,0.00,0,0.0000,0.0000,0.4000,0.0000,0.0000,0.0000,0.00,0.00,40.22,61.04,319,257,0.80564,0.80564,0.98119,0.81191,3,2,0,0.00000,0.00000,1.00000,0.0000,0.0000,0.0000,0.0000,0.0000,0.0000,0.00,0.00,0.00,1,1,0.0000,0.0000,0.4000,0.00,0.8200,0.3500,1.0000,6.00,180.00,5.000000,0.050000,0.000000,1.100000,0.000000,0.000000,1.200000,0.000000,0.000000,1.350000,0.000000,0.000000,0.850000,0.020000,0.000000,0.008000,0.000000,0.000600,0.008000,0.000000,0.000600,0.006000,0.000000,0.000000,1,1,1,319,204,301,301,301,0,0,60.00,49836,2916,302,0,0,0,49837,499.75,0.00,2,1852,0.0000,0.5000,0.5000,0.0000,0.5000
2026-04-27T19:15:27.051,5.323,1,1.60,-179.70,-0.96,0.00,0,0.0000,0.0000,0.4000,0.0000,0.0000,0.0000,0.00,0.00,60.67,57.09,320,257,0.80312,0.80312,0.98125,0.80937,3,2,0,0.00000,0.00000,1.00000,0.0000,0.0000,0.0000,0.0000,0.0000,0.0000,0.00,0.00,0.00,1,1,0.0000,0.0000,0.4000,0.00,0.8200,0.3500,1.0000,6.00,180.00,5.000000,0.050000,0.000000,1.100000,0.000000,0.000000,1.200000,0.000000,0.000000,1.350000,0.000000,0.000000,0.850000,0.020000,0.000000,0.008000,0.000000,0.000600,0.008000,0.000000,0.000600,0.006000,0.000000,0.000000,1,1,1,320,204,301,301,301,0,0,60.00,49836,2916,302,0,0,0,49837,499.75,0.00,2,1852,0.0000,0.5000,0.5000,0.0000,0.5000
2026-04-27T19:15:27.067,5.339,1,1.60,-179.70,-0.96,0.00,0,0.0000,0.0000,0.4000,0.0000,0.0000,0.0000,0.00,0.00,60.05,64.21,321,257,0.80062,0.80062,0.98131,0.80685,3,2,0,0.00000,0.00000,1.00000,0.0000,0.0000,0.0000,0.0000,0.0000,0.0000,0.00,0.00,0.00,1,1,0.0000,0.0000,0.4000,0.00,0.8200,0.3500,1.0000,6.00,180.00,5.000000,0.050000,0.000000,1.100000,0.000000,0.000000,1.200000,0.000000,0.000000,1.350000,0.000000,0.000000,0.850000,0.020000,0.000000,0.008000,0.000000,0.000600,0.008000,0.000000,0.000600,0.006000,0.000000,0.000000,1,1,1,321,204,301,301,301,0,0,60.00,49836,2916,302,0,0,0,49837,499.75,0.00,2,1852,0.0000,0.5000,0.5000,0.0000,0.5000
2026-04-27T19:15:27.084,5.356,1,1.60,-179.70,-0.96,0.00,0,0.0000,0.0000,0.4000,0.0000,0.0000,0.0000,0.00,0.00,60.30,56.44,322,257,0.79814,0.79814,0.98137,0.80435,3,2,0,0.00000,0.00000,1.00000,0.0000,0.0000,0.0000,0.0000,0.0000,0.0000,0.00,0.00,0.00,1,1,0.0000,0.0000,0.4000,0.00,0.8200,0.3500,1.0000,6.00,180.00,5.000000,0.050000,0.000000,1.100000,0.000000,0.000000,1.200000,0.000000,0.000000,1.350000,0.000000,0.000000,0.850000,0.020000,0.000000,0.008000,0.000000,0.000600,0.008000,0.000000,0.000600,0.006000,0.000000,0.000000,1,1,1,322,204,301,301,301,0,0,60.00,49836,2916,302,0,0,0,49837,499.75,0.00,2,1852,0.0000,0.5000,0.5000,0.0000,0.5000
2026-04-27T19:15:27.101,5.373,1,1.60,-179.70,-0.96,0.00,0,0.0000,0.0000,0.4000,0.0000,0.0000,0.0000,0.00,0.00,55.31,64.20,323,257,0.79567,0.79567,0.98142,0.80186,3,2,0,0.00000,0.00000,1.00000,0.0000,0.0000,0.0000,0.0000,0.0000,0.0000,0.00,0.00,0.00,1,1,0.0000,0.0000,0.4000,0.00,0.8200,0.3500,1.0000,6.00,180.00,5.000000,0.050000,0.000000,1.100000,0.000000,0.000000,1.200000,0.000000,0.000000,1.350000,0.000000,0.000000,0.850000,0.020000,0.000000,0.008000,0.000000,0.000600,0.008000,0.000000,0.000600,0.006000,0.000000,0.000000,1,1,1,323,204,301,301,301,0,0,60.00,49836,2916,302,0,0,0,49837,499.75,0.00,2,1852,0.0000,0.5000,0.5000,0.0000,0.5000
2026-04-27T19:15:27.117,5.389,1,1.60,-179.70,-0.96,0.00,0,0.0000,0.0000,0.4000,0.0000,0.0000,0.0000,0.00,0.00,65.51,58.03,324,257,0.79321,0.79321,0.98148,0.79938,3,2,0,0.00000,0.00000,1.00000,0.0000,0.0000,0.0000,0.0000,0.0000,0.0000,0.00,0.00,0.00,1,1,0.0000,0.0000,0.4000,0.00,0.8200,0.3500,1.0000,6.00,180.00,5.000000,0.050000,0.000000,1.100000,0.000000,0.000000,1.200000,0.000000,0.000000,1.350000,0.000000,0.000000,0.850000,0.020000,0.000000,0.008000,0.000000,0.000600,0.008000,0.000000,0.000600,0.006000,0.000000,0.000000,1,1,1,324,204,301,301,301,0,0,60.00,49836,2916,302,0,0,0,49837,499.75,0.00,2,1852,0.0000,0.5000,0.5000,0.0000,0.5000
2026-04-27T19:15:27.134,5.406,1,1.60,-179.70,-0.96,0.00,0,0.0000,0.0000,0.4000,0.0000,0.0000,0.0000,0.00,0.00,57.37,61.58,325,257,0.79077,0.79077,0.98154,0.79692,3,2,0,0.00000,0.00000,1.00000,0.0000,0.0000,0.0000,0.0000,0.0000,0.0000,0.00,0.00,0.00,1,1,0.0000,0.0000,0.4000,0.00,0.8200,0.3500,1.0000,6.00,180.00,5.000000,0.050000,0.000000,1.100000,0.000000,0.000000,1.200000,0.000000,0.000000,1.350000,0.000000,0.000000,0.850000,0.020000,0.000000,0.008000,0.000000,0.000600,0.008000,0.000000,0.000600,0.006000,0.000000,0.000000,1,1,1,325,204,301,301,301,0,0,60.00,49836,2916,302,0,0,0,49837,499.75,0.00,2,1852,0.0000,0.5000,0.5000,0.0000,0.5000
2026-04-27T19:15:27.151,5.423,1,1.60,-179.70,-0.96,0.00,0,0.0000,0.0000,0.4000,0.0000,0.0000,0.0000,0.00,0.00,62.80,59.95,326,257,0.78834,0.78834,0.98160,0.79448,3,2,0,0.00000,0.00000,1.00000,0.0000,0.0000,0.0000,0.0000,0.0000,0.0000,0.00,0.00,0.00,1,1,0.0000,0.0000,0.4000,0.00,0.8200,0.3500,1.0000,6.00,180.00,5.000000,0.050000,0.000000,1.100000,0.000000,0.000000,1.200000,0.000000,0.000000,1.350000,0.000000,0.000000,0.850000,0.020000,0.000000,0.008000,0.000000,0.000600,0.008000,0.000000,0.000600,0.006000,0.000000,0.000000,1,1,1,326,204,301,301,301,0,0,60.00,49836,2916,302,0,0,0,49837,499.75,0.00,2,1852,0.0000,0.5000,0.5000,0.0000,0.5000
2026-04-27T19:15:27.167,5.439,1,1.60,-179.70,-0.96,0.00,0,0.0000,0.0000,0.4000,0.0000,0.0000,0.0000,0.00,0.00,59.64,56.78,327,257,0.78593,0.78593,0.98165,0.79205,3,2,0,0.00000,0.00000,1.00000,0.0000,0.0000,0.0000,0.0000,0.0000,0.0000,0.00,0.00,0.00,1,1,0.0000,0.0000,0.4000,0.00,0.8200,0.3500,1.0000,6.00,180.00,5.000000,0.050000,0.000000,1.100000,0.000000,0.000000,1.200000,0.000000,0.000000,1.350000,0.000000,0.000000,0.850000,0.020000,0.000000,0.008000,0.000000,0.000600,0.008000,0.000000,0.000600,0.006000,0.000000,0.000000,1,1,1,327,204,301,301,301,0,0,60.00,49836,2916,302,0,0,0,49837,499.75,0.00,2,1852,0.0000,0.5000,0.5000,0.0000,0.5000
2026-04-27T19:15:27.184,5.456,1,1.60,-179.70,-0.96,0.00,0,0.0000,0.0000,0.4000,0.0000,0.0000,0.0000,0.00,0.00,60.56,64.58,328,257,0.78354,0.78354,0.98171,0.78963,3,2,0,0.00000,0.00000,1.00000,0.0000,0.0000,0.0000,0.0000,0.0000,0.0000,0.00,0.00,0.00,1,1,0.0000,0.0000,0.4000,0.00,0.8200,0.3500,1.0000,6.00,180.00,5.000000,0.050000,0.000000,1.100000,0.000000,0.000000,1.200000,0.000000,0.000000,1.350000,0.000000,0.000000,0.850000,0.020000,0.000000,0.008000,0.000000,0.000600,0.008000,0.000000,0.000600,0.006000,0.000000,0.000000,1,1,1,328,204,301,301,301,0,0,60.00,49836,2916,302,0,0,0,49837,499.75,0.00,2,1852,0.0000,0.5000,0.5000,0.0000,0.5000
2026-04-27T19:15:27.201,5.473,1,1.60,-179.70,0.00,0.00,0,0.0000,0.0000,0.4000,0.0000,0.0000,0.0000,0.00,0.00,60.03,56.03,329,257,0.78116,0.78116,0.98176,0.78723,3,2,0,0.00000,0.00000,1.00000,0.0000,0.0000,0.0000,0.0000,0.0000,0.0000,0.00,0.00,0.00,1,1,0.0000,0.0000,0.4000,0.00,0.8200,0.3500,1.0000,6.00,180.00,5.000000,0.050000,0.000000,1.100000,0.000000,0.000000,1.200000,0.000000,0.000000,1.350000,0.000000,0.000000,0.850000,0.020000,0.000000,0.008000,0.000000,0.000600,0.008000,0.000000,0.000600,0.006000,0.000000,0.000000,1,1,1,329,204,301,301,301,0,0,60.00,49836,2916,302,0,0,0,49837,499.75,0.00,2,1852,0.0000,0.5000,0.5000,0.0000,0.5000
2026-04-27T19:15:27.217,5.489,1,1.60,-179.70,0.00,0.00,0,0.0000,0.0000,0.4000,0.0000,0.0000,0.0000,0.00,0.00,63.01,59.98,330,257,0.77879,0.77879,0.98182,0.78485,3,2,0,0.00000,0.00000,1.00000,0.0000,0.0000,0.0000,0.0000,0.0000,0.0000,0.00,0.00,0.00,1,1,0.0000,0.0000,0.4000,0.00,0.8200,0.3500,1.0000,6.00,180.00,5.000000,0.050000,0.000000,1.100000,0.000000,0.000000,1.200000,0.000000,0.000000,1.350000,0.000000,0.000000,0.850000,0.020000,0.000000,0.008000,0.000000,0.000600,0.008000,0.000000,0.000600,0.006000,0.000000,0.000000,1,1,1,330,204,301,301,301,0,0,60.00,49836,2916,302,0,0,0,49837,499.75,0.00,2,1852,0.0000,0.5000,0.5000,0.0000,0.5000
2026-04-27T19:15:27.234,5.506,1,1.60,-179.70,0.00,0.00,0,0.0000,0.0000,0.4000,0.0000,0.0000,0.0000,0.00,0.00,57.24,65.53,331,257,0.77644,0.77644,0.98187,0.78248,3,2,0,0.00000,0.00000,1.00000,0.0000,0.0000,0.0000,0.0000,0.0000,0.0000,0.00,0.00,0.00,1,1,0.0000,0.0000,0.4000,0.00,0.8200,0.3500,1.0000,6.00,180.00,5.000000,0.050000,0.000000,1.100000,0.000000,0.000000,1.200000,0.000000,0.000000,1.350000,0.000000,0.000000,0.850000,0.020000,0.000000,0.008000,0.000000,0.000600,0.008000,0.000000,0.000600,0.006000,0.000000,0.000000,1,1,1,331,204,301,301,301,0,0,60.00,49836,2916,302,0,0,0,49837,499.75,0.00,2,1852,0.0000,0.5000,0.5000,0.0000,0.5000
2026-04-27T19:15:27.243,5.515,1,1.60,-179.70,0.00,0.00,0,0.0000,0.0000,0.4000,0.0000,0.0000,0.0000,0.00,0.00,60.57,97.12,332,257,0.77410,0.77410,0.98193,0.78012,3,2,0,0.00000,0.00000,1.00000,0.0000,0.0000,0.0000,0.0000,0.0000,0.0000,0.00,0.00,0.00,1,1,0.0000,0.0000,0.4000,0.00,0.8200,0.3500,1.0000,6.00,180.00,5.000000,0.050000,0.000000,1.100000,0.000000,0.000000,1.200000,0.000000,0.000000,1.350000,0.000000,0.000000,0.850000,0.020000,0.000000,0.008000,0.000000,0.000600,0.008000,0.000000,0.000600,0.006000,0.000000,0.000000,1,1,1,332,204,301,301,301,0,0,60.00,49836,2916,302,0,0,0,49837,499.75,0.00,2,1852,0.0000,0.5000,0.5000,0.0000,0.5000
2026-04-27T19:15:27.267,5.539,1,1.60,-179.70,0.00,0.00,0,0.0000,0.0000,0.4000,0.0000,0.0000,0.0000,0.00,0.00,127.00,41.36,333,257,0.77177,0.77177,0.98198,0.77778,3,2,0,0.00000,0.00000,1.00000,0.0000,0.0000,0.0000,0.0000,0.0000,0.0000,0.00,0.00,0.00,1,1,0.0000,0.0000,0.4000,0.00,0.8200,0.3500,1.0000,6.00,180.00,5.000000,0.050000,0.000000,1.100000,0.000000,0.000000,1.200000,0.000000,0.000000,1.350000,0.000000,0.000000,0.850000,0.020000,0.000000,0.008000,0.000000,0.000600,0.008000,0.000000,0.000600,0.006000,0.000000,0.000000,1,1,1,333,204,301,301,301,0,0,60.00,49836,2916,302,0,0,0,49837,499.75,0.00,2,1852,0.0000,0.5000,0.5000,0.0000,0.5000
2026-04-27T19:15:27.284,5.556,1,1.60,-179.70,0.00,0.00,0,0.0000,0.0000,0.4000,0.0000,0.0000,0.0000,0.00,0.00,38.94,59.69,334,257,0.76946,0.76946,0.98204,0.77545,3,2,0,0.00000,0.00000,1.00000,0.0000,0.0000,0.0000,0.0000,0.0000,0.0000,0.00,0.00,0.00,1,1,0.0000,0.0000,0.4000,0.00,0.8200,0.3500,1.0000,6.00,180.00,5.000000,0.050000,0.000000,1.100000,0.000000,0.000000,1.200000,0.000000,0.000000,1.350000,0.000000,0.000000,0.850000,0.020000,0.000000,0.008000,0.000000,0.000600,0.008000,0.000000,0.000600,0.006000,0.000000,0.000000,1,1,1,334,204,301,301,301,0,0,60.00,49836,2916,302,0,0,0,49837,499.75,0.00,2,1852,0.0000,0.5000,0.5000,0.0000,0.5000
2026-04-27T19:15:27.302,5.575,1,1.60,-179.70,0.00,0.00,0,0.0000,0.0000,0.4000,0.0000,0.0000,0.0000,0.00,0.00,58.98,60.38,335,257,0.76716,0.76716,0.98209,0.77313,3,2,0,0.00000,0.00000,1.00000,0.0000,0.0000,0.0000,0.0000,0.0000,0.0000,0.00,0.00,0.00,1,1,0.0000,0.0000,0.4000,0.00,0.8200,0.3500,1.0000,6.00,180.00,5.000000,0.050000,0.000000,1.100000,0.000000,0.000000,1.200000,0.000000,0.000000,1.350000,0.000000,0.000000,0.850000,0.020000,0.000000,0.008000,0.000000,0.000600,0.008000,0.000000,0.000600,0.006000,0.000000,0.000000,1,1,1,335,204,301,301,301,0,0,60.00,49836,2916,302,0,0,0,49837,499.75,0.00,2,1852,0.0000,0.5000,0.5000,0.0000,0.5000
2026-04-27T19:15:27.317,5.589,1,1.60,-179.70,0.00,0.00,0,0.0000,0.0000,0.4000,0.0000,0.0000,0.0000,0.00,0.00,55.81,61.08,336,257,0.76488,0.76488,0.98214,0.77083,3,2,0,0.00000,0.00000,1.00000,0.0000,0.0000,0.0000,0.0000,0.0000,0.0000,0.00,0.00,0.00,1,1,0.0000,0.0000,0.4000,0.00,0.8200,0.3500,1.0000,6.00,180.00,5.000000,0.050000,0.000000,1.100000,0.000000,0.000000,1.200000,0.000000,0.000000,1.350000,0.000000,0.000000,0.850000,0.020000,0.000000,0.008000,0.000000,0.000600,0.008000,0.000000,0.000600,0.006000,0.000000,0.000000,1,1,1,336,204,301,301,301,0,0,60.00,49836,2916,302,0,0,0,49837,499.75,0.00,2,1852,0.0000,0.5000,0.5000,0.0000,0.5000
2026-04-27T19:15:27.334,5.606,1,1.60,-179.70,0.00,0.00,0,0.0000,0.0000,0.4000,0.0000,0.0000,0.0000,0.00,0.00,75.12,62.82,337,257,0.76261,0.76261,0.98220,0.76855,3,2,0,0.00000,0.00000,1.00000,0.0000,0.0000,0.0000,0.0000,0.0000,0.0000,0.00,0.00,0.00,1,1,0.0000,0.0000,0.4000,0.00,0.8200,0.3500,1.0000,6.00,180.00,5.000000,0.050000,0.000000,1.100000,0.000000,0.000000,1.200000,0.000000,0.000000,1.350000,0.000000,0.000000,0.850000,0.020000,0.000000,0.008000,0.000000,0.000600,0.008000,0.000000,0.000600,0.006000,0.000000,0.000000,1,1,1,337,204,301,301,301,0,0,60.00,49836,2916,302,0,0,0,49837,499.75,0.00,2,1852,0.0000,0.5000,0.5000,0.0000,0.5000
2026-04-27T19:15:27.351,5.624,1,1.60,-179.70,0.00,0.00,0,0.0000,0.0000,0.4000,0.0000,0.0000,0.0000,0.00,0.00,52.55,56.99,338,257,0.76036,0.76036,0.98225,0.76627,3,2,0,0.00000,0.00000,1.00000,0.0000,0.0000,0.0000,0.0000,0.0000,0.0000,0.00,0.00,0.00,1,1,0.0000,0.0000,0.4000,0.00,0.8200,0.3500,1.0000,6.00,180.00,5.000000,0.050000,0.000000,1.100000,0.000000,0.000000,1.200000,0.000000,0.000000,1.350000,0.000000,0.000000,0.850000,0.020000,0.000000,0.008000,0.000000,0.000600,0.008000,0.000000,0.000600,0.006000,0.000000,0.000000,1,1,1,338,204,301,301,301,0,0,60.00,49836,2916,302,0,0,0,49837,499.75,0.00,2,1852,0.0000,0.5000,0.5000,0.0000,0.5000
2026-04-27T19:15:27.368,5.640,1,1.60,-179.70,0.00,0.00,0,0.0000,0.0000,0.4000,0.0000,0.0000,0.0000,0.00,0.00,64.19,60.73,339,257,0.75811,0.75811,0.98230,0.76401,3,2,0,0.00000,0.00000,1.00000,0.0000,0.0000,0.0000,0.0000,0.0000,0.0000,0.00,0.00,0.00,1,1,0.0000,0.0000,0.4000,0.00,0.8200,0.3500,1.0000,6.00,180.00,5.000000,0.050000,0.000000,1.100000,0.000000,0.000000,1.200000,0.000000,0.000000,1.350000,0.000000,0.000000,0.850000,0.020000,0.000000,0.008000,0.000000,0.000600,0.008000,0.000000,0.000600,0.006000,0.000000,0.000000,1,1,1,339,204,301,301,301,0,0,60.00,49836,2916,302,0,0,0,49837,499.75,0.00,2,1852,0.0000,0.5000,0.5000,0.0000,0.5000
2026-04-27T19:15:27.385,5.657,1,1.60,-179.70,0.00,0.00,0,0.0000,0.0000,0.4000,0.0000,0.0000,0.0000,0.00,0.00,57.71,64.19,340,257,0.75588,0.75588,0.98235,0.76176,3,2,0,0.00000,0.00000,1.00000,0.0000,0.0000,0.0000,0.0000,0.0000,0.0000,0.00,0.00,0.00,1,1,0.0000,0.0000,0.4000,0.00,0.8200,0.3500,1.0000,6.00,180.00,5.000000,0.050000,0.000000,1.100000,0.000000,0.000000,1.200000,0.000000,0.000000,1.350000,0.000000,0.000000,0.850000,0.020000,0.000000,0.008000,0.000000,0.000600,0.008000,0.000000,0.000600,0.006000,0.000000,0.000000,1,1,1,340,204,301,301,301,0,0,60.00,49836,2916,302,0,0,0,49837,499.75,0.00,2,1852,0.0000,0.5000,0.5000,0.0000,0.5000
2026-04-27T19:15:27.396,5.669,1,1.60,-179.70,0.00,0.00,0,0.0000,0.0000,0.4000,0.0000,0.0000,0.0000,0.00,0.00,62.29,70.21,341,257,0.75367,0.75367,0.98240,0.75953,3,2,0,0.00000,0.00000,1.00000,0.0000,0.0000,0.0000,0.0000,0.0000,0.0000,0.00,0.00,0.00,1,1,0.0000,0.0000,0.4000,0.00,0.8200,0.3500,1.0000,6.00,180.00,5.000000,0.050000,0.000000,1.100000,0.000000,0.000000,1.200000,0.000000,0.000000,1.350000,0.000000,0.000000,0.850000,0.020000,0.000000,0.008000,0.000000,0.000600,0.008000,0.000000,0.000600,0.006000,0.000000,0.000000,1,1,1,341,204,301,301,301,0,0,60.00,49836,2916,302,0,0,0,49837,499.75,0.00,2,1852,0.0000,0.5000,0.5000,0.0000,0.5000
2026-04-27T19:15:27.413,5.685,1,1.60,-179.70,0.00,0.00,0,0.0000,0.0000,0.4000,0.0000,0.0000,0.0000,0.00,0.00,85.02,59.62,342,257,0.75146,0.75146,0.98246,0.75731,3,2,0,0.00000,0.00000,1.00000,0.0000,0.0000,0.0000,0.0000,0.0000,0.0000,0.00,0.00,0.00,1,1,0.0000,0.0000,0.4000,0.00,0.8200,0.3500,1.0000,6.00,180.00,5.000000,0.050000,0.000000,1.100000,0.000000,0.000000,1.200000,0.000000,0.000000,1.350000,0.000000,0.000000,0.850000,0.020000,0.000000,0.008000,0.000000,0.000600,0.008000,0.000000,0.000600,0.006000,0.000000,0.000000,1,1,1,342,204,301,301,301,0,0,60.00,49836,2916,302,0,0,0,49837,499.75,0.00,2,1852,0.0000,0.5000,0.5000,0.0000,0.5000
2026-04-27T19:15:27.431,5.703,1,1.60,-179.70,0.00,0.00,0,0.0000,0.0000,0.4000,0.0000,0.0000,0.0000,0.00,0.00,59.62,56.83,343,257,0.74927,0.74927,0.98251,0.75510,3,2,0,0.00000,0.00000,1.00000,0.0000,0.0000,0.0000,0.0000,0.0000,0.0000,0.00,0.00,0.00,1,1,0.0000,0.0000,0.4000,0.00,0.8200,0.3500,1.0000,6.00,180.00,5.000000,0.050000,0.000000,1.100000,0.000000,0.000000,1.200000,0.000000,0.000000,1.350000,0.000000,0.000000,0.850000,0.020000,0.000000,0.008000,0.000000,0.000600,0.008000,0.000000,0.000600,0.006000,0.000000,0.000000,1,1,1,343,204,301,301,301,0,0,60.00,49836,2916,302,0,0,0,49837,499.75,0.00,2,1852,0.0000,0.5000,0.5000,0.0000,0.5000
2026-04-27T19:15:27.450,5.722,1,1.60,-179.70,0.00,0.00,0,0.0000,0.0000,0.4000,0.0000,0.0000,0.0000,0.00,0.00,44.94,51.63,344,257,0.74709,0.74709,0.98256,0.75291,3,2,0,0.00000,0.00000,1.00000,0.0000,0.0000,0.0000,0.0000,0.0000,0.0000,0.00,0.00,0.00,1,1,0.0000,0.0000,0.4000,0.00,0.8200,0.3500,1.0000,6.00,180.00,5.000000,0.050000,0.000000,1.100000,0.000000,0.000000,1.200000,0.000000,0.000000,1.350000,0.000000,0.000000,0.850000,0.020000,0.000000,0.008000,0.000000,0.000600,0.008000,0.000000,0.000600,0.006000,0.000000,0.000000,1,1,1,344,204,301,301,301,0,0,60.00,49836,2916,302,0,0,0,49837,499.75,0.00,2,1852,0.0000,0.5000,0.5000,0.0000,0.5000
2026-04-27T19:15:27.467,5.739,1,1.60,-179.70,0.00,0.00,0,0.0000,0.0000,0.4000,0.0000,0.0000,0.0000,0.00,0.00,67.96,58.82,345,257,0.74493,0.74493,0.98261,0.75072,3,2,0,0.00000,0.00000,1.00000,0.0000,0.0000,0.0000,0.0000,0.0000,0.0000,0.00,0.00,0.00,1,1,0.0000,0.0000,0.4000,0.00,0.8200,0.3500,1.0000,6.00,180.00,5.000000,0.050000,0.000000,1.100000,0.000000,0.000000,1.200000,0.000000,0.000000,1.350000,0.000000,0.000000,0.850000,0.020000,0.000000,0.008000,0.000000,0.000600,0.008000,0.000000,0.000600,0.006000,0.000000,0.000000,1,1,1,345,204,301,301,301,0,0,60.00,49836,2916,302,0,0,0,49837,499.75,0.00,2,1852,0.0000,0.5000,0.5000,0.0000,0.5000
2026-04-27T19:15:27.482,5.754,1,1.60,-179.70,0.00,0.00,0,0.0000,0.0000,0.4000,0.0000,0.0000,0.0000,0.00,0.00,55.55,67.12,346,257,0.74277,0.74277,0.98266,0.74855,3,2,0,0.00000,0.00000,1.00000,0.0000,0.0000,0.0000,0.0000,0.0000,0.0000,0.00,0.00,0.00,1,1,0.0000,0.0000,0.4000,0.00,0.8200,0.3500,1.0000,6.00,180.00,5.000000,0.050000,0.000000,1.100000,0.000000,0.000000,1.200000,0.000000,0.000000,1.350000,0.000000,0.000000,0.850000,0.020000,0.000000,0.008000,0.000000,0.000600,0.008000,0.000000,0.000600,0.006000,0.000000,0.000000,1,1,1,346,204,301,301,301,0,0,60.00,49836,2916,302,0,0,0,49837,499.75,0.00,2,1852,0.0000,0.5000,0.5000,0.0000,0.5000
2026-04-27T19:15:27.500,5.772,1,1.60,-179.70,0.00,0.00,0,0.0000,0.0000,0.4000,0.0000,0.0000,0.0000,0.00,0.00,58.53,56.47,347,257,0.74063,0.74063,0.98271,0.74640,3,2,0,0.00000,0.00000,1.00000,0.0000,0.0000,0.0000,0.0000,0.0000,0.0000,0.00,0.00,0.00,1,1,0.0000,0.0000,0.4000,0.00,0.8200,0.3500,1.0000,6.00,180.00,5.000000,0.050000,0.000000,1.100000,0.000000,0.000000,1.200000,0.000000,0.000000,1.350000,0.000000,0.000000,0.850000,0.020000,0.000000,0.008000,0.000000,0.000600,0.008000,0.000000,0.000600,0.006000,0.000000,0.000000,1,1,1,347,204,301,301,301,0,0,60.00,49836,2916,302,0,0,0,49837,499.75,0.00,2,1852,0.0000,0.5000,0.5000,0.0000,0.5000
2026-04-27T19:15:27.519,5.791,1,1.50,-179.70,-1.01,0.00,0,0.0000,0.0000,0.4000,0.0000,0.0000,0.0000,0.00,0.00,68.86,61.94,348,257,0.73851,0.73851,0.98276,0.74425,3,2,0,0.00000,0.00000,1.00000,0.0000,0.0000,0.0000,0.0000,0.0000,0.0000,0.00,0.00,0.00,1,1,0.0000,0.0000,0.4000,0.00,0.8200,0.3500,1.0000,6.00,180.00,5.000000,0.050000,0.000000,1.100000,0.000000,0.000000,1.200000,0.000000,0.000000,1.350000,0.000000,0.000000,0.850000,0.020000,0.000000,0.008000,0.000000,0.000600,0.008000,0.000000,0.000600,0.006000,0.000000,0.000000,1,1,1,348,204,301,301,301,0,0,60.00,49836,2916,302,0,0,0,49837,499.75,0.00,2,1852,0.0000,0.5000,0.5000,0.0000,0.5000
2026-04-27T19:15:27.535,5.807,1,1.50,-179.70,-1.01,0.00,0,0.0000,0.0000,0.4000,0.0000,0.0000,0.0000,0.00,0.00,52.19,58.70,349,257,0.73639,0.73639,0.98281,0.74212,3,2,0,0.00000,0.00000,1.00000,0.0000,0.0000,0.0000,0.0000,0.0000,0.0000,0.00,0.00,0.00,1,1,0.0000,0.0000,0.4000,0.00,0.8200,0.3500,1.0000,6.00,180.00,5.000000,0.050000,0.000000,1.100000,0.000000,0.000000,1.200000,0.000000,0.000000,1.350000,0.000000,0.000000,0.850000,0.020000,0.000000,0.008000,0.000000,0.000600,0.008000,0.000000,0.000600,0.006000,0.000000,0.000000,1,1,1,349,204,301,301,301,0,0,60.00,49836,2916,302,0,0,0,49837,499.75,0.00,2,1852,0.0000,0.5000,0.5000,0.0000,0.5000
2026-04-27T19:15:27.551,5.823,1,1.50,-179.70,-1.01,0.00,0,0.0000,0.0000,0.4000,0.0000,0.0000,0.0000,0.00,0.00,61.50,59.60,350,257,0.73429,0.73429,0.98286,0.74000,3,2,0,0.00000,0.00000,1.00000,0.0000,0.0000,0.0000,0.0000,0.0000,0.0000,0.00,0.00,0.00,1,1,0.0000,0.0000,0.4000,0.00,0.8200,0.3500,1.0000,6.00,180.00,5.000000,0.050000,0.000000,1.100000,0.000000,0.000000,1.200000,0.000000,0.000000,1.350000,0.000000,0.000000,0.850000,0.020000,0.000000,0.008000,0.000000,0.000600,0.008000,0.000000,0.000600,0.006000,0.000000,0.000000,1,1,1,350,204,301,301,301,0,0,60.00,49836,2916,302,0,0,0,49837,499.75,0.00,2,1852,0.0000,0.5000,0.5000,0.0000,0.5000
2026-04-27T19:15:27.567,5.839,1,1.50,-179.70,-1.01,0.00,0,0.0000,0.0000,0.4000,0.0000,0.0000,0.0000,0.00,0.00,63.73,57.96,351,257,0.73219,0.73219,0.98291,0.73789,3,2,0,0.00000,0.00000,1.00000,0.0000,0.0000,0.0000,0.0000,0.0000,0.0000,0.00,0.00,0.00,1,1,0.0000,0.0000,0.4000,0.00,0.8200,0.3500,1.0000,6.00,180.00,5.000000,0.050000,0.000000,1.100000,0.000000,0.000000,1.200000,0.000000,0.000000,1.350000,0.000000,0.000000,0.850000,0.020000,0.000000,0.008000,0.000000,0.000600,0.008000,0.000000,0.000600,0.006000,0.000000,0.000000,1,1,1,351,204,301,301,301,0,0,60.00,49836,2916,302,0,0,0,49837,499.75,0.00,2,1852,0.0000,0.5000,0.5000,0.0000,0.5000
2026-04-27T19:15:27.584,5.857,1,1.50,-179.70,-1.01,0.00,0,0.0000,0.0000,0.4000,0.0000,0.0000,0.0000,0.00,0.00,57.41,60.98,352,257,0.73011,0.73011,0.98295,0.73580,3,2,0,0.00000,0.00000,1.00000,0.0000,0.0000,0.0000,0.0000,0.0000,0.0000,0.00,0.00,0.00,1,1,0.0000,0.0000,0.4000,0.00,0.8200,0.3500,1.0000,6.00,180.00,5.000000,0.050000,0.000000,1.100000,0.000000,0.000000,1.200000,0.000000,0.000000,1.350000,0.000000,0.000000,0.850000,0.020000,0.000000,0.008000,0.000000,0.000600,0.008000,0.000000,0.000600,0.006000,0.000000,0.000000,1,1,1,352,204,301,301,301,0,0,60.00,49836,2916,302,0,0,0,49837,499.75,0.00,2,1852,0.0000,0.5000,0.5000,0.0000,0.5000
2026-04-27T19:15:27.602,5.874,1,1.50,-179.70,-1.01,0.00,0,0.0000,0.0000,0.4000,0.0000,0.0000,0.0000,0.00,0.00,58.31,59.14,353,257,0.72805,0.72805,0.98300,0.73371,3,2,0,0.00000,0.00000,1.00000,0.0000,0.0000,0.0000,0.0000,0.0000,0.0000,0.00,0.00,0.00,1,1,0.0000,0.0000,0.4000,0.00,0.8200,0.3500,1.0000,6.00,180.00,5.000000,0.050000,0.000000,1.100000,0.000000,0.000000,1.200000,0.000000,0.000000,1.350000,0.000000,0.000000,0.850000,0.020000,0.000000,0.008000,0.000000,0.000600,0.008000,0.000000,0.000600,0.006000,0.000000,0.000000,1,1,1,353,204,301,301,301,0,0,60.00,49836,2916,302,0,0,0,49837,499.75,0.00,2,1852,0.0000,0.5000,0.5000,0.0000,0.5000
2026-04-27T19:15:27.617,5.889,1,1.50,-179.70,-1.01,0.00,0,0.0000,0.0000,0.4000,0.0000,0.0000,0.0000,0.00,0.00,58.82,59.97,354,257,0.72599,0.72599,0.98305,0.73164,3,2,0,0.00000,0.00000,1.00000,0.0000,0.0000,0.0000,0.0000,0.0000,0.0000,0.00,0.00,0.00,1,1,0.0000,0.0000,0.4000,0.00,0.8200,0.3500,1.0000,6.00,180.00,5.000000,0.050000,0.000000,1.100000,0.000000,0.000000,1.200000,0.000000,0.000000,1.350000,0.000000,0.000000,0.850000,0.020000,0.000000,0.008000,0.000000,0.000600,0.008000,0.000000,0.000600,0.006000,0.000000,0.000000,1,1,1,354,204,301,301,301,0,0,60.00,49836,2916,302,0,0,0,49837,499.75,0.00,2,1852,0.0000,0.5000,0.5000,0.0000,0.5000
2026-04-27T19:15:27.634,5.906,1,1.50,-179.70,-1.01,0.00,0,0.0000,0.0000,0.4000,0.0000,0.0000,0.0000,0.00,0.00,58.27,58.87,355,257,0.72394,0.72394,0.98310,0.72958,3,2,0,0.00000,0.00000,1.00000,0.0000,0.0000,0.0000,0.0000,0.0000,0.0000,0.00,0.00,0.00,1,1,0.0000,0.0000,0.4000,0.00,0.8200,0.3500,1.0000,6.00,180.00,5.000000,0.050000,0.000000,1.100000,0.000000,0.000000,1.200000,0.000000,0.000000,1.350000,0.000000,0.000000,0.850000,0.020000,0.000000,0.008000,0.000000,0.000600,0.008000,0.000000,0.000600,0.006000,0.000000,0.000000,1,1,1,355,204,301,301,301,0,0,60.00,49836,2916,302,0,0,0,49837,499.75,0.00,2,1852,0.0000,0.5000,0.5000,0.0000,0.5000
2026-04-27T19:15:27.651,5.923,1,1.50,-179.70,-1.01,0.00,0,0.0000,0.0000,0.4000,0.0000,0.0000,0.0000,0.00,0.00,63.51,60.32,356,257,0.72191,0.72191,0.98315,0.72753,3,2,0,0.00000,0.00000,1.00000,0.0000,0.0000,0.0000,0.0000,0.0000,0.0000,0.00,0.00,0.00,1,1,0.0000,0.0000,0.4000,0.00,0.8200,0.3500,1.0000,6.00,180.00,5.000000,0.050000,0.000000,1.100000,0.000000,0.000000,1.200000,0.000000,0.000000,1.350000,0.000000,0.000000,0.850000,0.020000,0.000000,0.008000,0.000000,0.000600,0.008000,0.000000,0.000600,0.006000,0.000000,0.000000,1,1,1,356,204,301,301,301,0,0,60.00,49836,2916,302,0,0,0,49837,499.75,0.00,2,1852,0.0000,0.5000,0.5000,0.0000,0.5000
2026-04-27T19:15:27.668,5.940,1,1.50,-179.70,-1.01,0.00,0,0.0000,0.0000,0.4000,0.0000,0.0000,0.0000,0.00,0.00,57.01,62.34,357,257,0.71989,0.71989,0.98319,0.72549,3,2,0,0.00000,0.00000,1.00000,0.0000,0.0000,0.0000,0.0000,0.0000,0.0000,0.00,0.00,0.00,1,1,0.0000,0.0000,0.4000,0.00,0.8200,0.3500,1.0000,6.00,180.00,5.000000,0.050000,0.000000,1.100000,0.000000,0.000000,1.200000,0.000000,0.000000,1.350000,0.000000,0.000000,0.850000,0.020000,0.000000,0.008000,0.000000,0.000600,0.008000,0.000000,0.000600,0.006000,0.000000,0.000000,1,1,1,357,204,301,301,301,0,0,60.00,49836,2916,302,0,0,0,49837,499.75,0.00,2,1852,0.0000,0.5000,0.5000,0.0000,0.5000
2026-04-27T19:15:27.685,5.957,1,1.50,-179.70,-1.01,0.00,0,0.0000,0.0000,0.4000,0.0000,0.0000,0.0000,0.00,0.00,61.81,58.32,358,257,0.71788,0.71788,0.98324,0.72346,3,2,0,0.00000,0.00000,1.00000,0.0000,0.0000,0.0000,0.0000,0.0000,0.0000,0.00,0.00,0.00,1,1,0.0000,0.0000,0.4000,0.00,0.8200,0.3500,1.0000,6.00,180.00,5.000000,0.050000,0.000000,1.100000,0.000000,0.000000,1.200000,0.000000,0.000000,1.350000,0.000000,0.000000,0.850000,0.020000,0.000000,0.008000,0.000000,0.000600,0.008000,0.000000,0.000600,0.006000,0.000000,0.000000,1,1,1,358,204,301,301,301,0,0,60.00,49836,2916,302,0,0,0,49837,499.75,0.00,2,1852,0.0000,0.5000,0.5000,0.0000,0.5000
2026-04-27T19:15:27.701,5.974,1,1.50,-179.70,-1.01,0.00,0,0.0000,0.0000,0.4000,0.0000,0.0000,0.0000,0.00,0.00,63.78,60.52,359,257,0.71588,0.71588,0.98329,0.72145,3,2,0,0.00000,0.00000,1.00000,0.0000,0.0000,0.0000,0.0000,0.0000,0.0000,0.00,0.00,0.00,1,1,0.0000,0.0000,0.4000,0.00,0.8200,0.3500,1.0000,6.00,180.00,5.000000,0.050000,0.000000,1.100000,0.000000,0.000000,1.200000,0.000000,0.000000,1.350000,0.000000,0.000000,0.850000,0.020000,0.000000,0.008000,0.000000,0.000600,0.008000,0.000000,0.000600,0.006000,0.000000,0.000000,1,1,1,359,204,301,301,301,0,0,60.00,49836,2916,302,0,0,0,49837,499.75,0.00,2,1852,0.0000,0.5000,0.5000,0.0000,0.5000
2026-04-27T19:15:27.718,5.990,1,1.50,-179.70,0.00,0.00,0,0.0000,0.0000,0.4000,0.0000,0.0000,0.0000,0.00,0.00,56.87,68.10,360,257,0.71389,0.71389,0.98333,0.71944,3,2,0,0.00000,0.00000,1.00000,0.0000,0.0000,0.0000,0.0000,0.0000,0.0000,0.00,0.00,0.00,1,1,0.0000,0.0000,0.4000,0.00,0.8200,0.3500,1.0000,6.00,180.00,5.000000,0.050000,0.000000,1.100000,0.000000,0.000000,1.200000,0.000000,0.000000,1.350000,0.000000,0.000000,0.850000,0.020000,0.000000,0.008000,0.000000,0.000600,0.008000,0.000000,0.000600,0.006000,0.000000,0.000000,1,1,1,360,204,301,301,301,0,0,60.00,49836,2916,302,0,0,0,49837,499.75,0.00,2,1852,0.0000,0.5000,0.5000,0.0000,0.5000
2026-04-27T19:15:27.737,6.009,1,1.50,-179.70,0.00,0.00,0,0.0000,0.0000,0.4000,0.0000,0.0000,0.0000,0.00,0.00,64.08,54.02,361,257,0.71191,0.71191,0.98338,0.71745,3,2,0,0.00000,0.00000,1.00000,0.0000,0.0000,0.0000,0.0000,0.0000,0.0000,0.00,0.00,0.00,1,1,0.0000,0.0000,0.4000,0.00,0.8200,0.3500,1.0000,6.00,180.00,5.000000,0.050000,0.000000,1.100000,0.000000,0.000000,1.200000,0.000000,0.000000,1.350000,0.000000,0.000000,0.850000,0.020000,0.000000,0.008000,0.000000,0.000600,0.008000,0.000000,0.000600,0.006000,0.000000,0.000000,1,1,1,361,204,301,301,301,0,0,60.00,49836,2916,302,0,0,0,49837,499.75,0.00,2,1852,0.0000,0.5000,0.5000,0.0000,0.5000
2026-04-27T19:15:27.751,6.024,1,1.50,-179.70,0.00,0.00,0,0.0000,0.0000,0.4000,0.0000,0.0000,0.0000,0.00,0.00,53.38,59.09,362,257,0.70994,0.70994,0.98343,0.71547,3,2,0,0.00000,0.00000,1.00000,0.0000,0.0000,0.0000,0.0000,0.0000,0.0000,0.00,0.00,0.00,1,1,0.0000,0.0000,0.4000,0.00,0.8200,0.3500,1.0000,6.00,180.00,5.000000,0.050000,0.000000,1.100000,0.000000,0.000000,1.200000,0.000000,0.000000,1.350000,0.000000,0.000000,0.850000,0.020000,0.000000,0.008000,0.000000,0.000600,0.008000,0.000000,0.000600,0.006000,0.000000,0.000000,1,1,1,362,204,361,361,361,0,0,60.00,49896,2888,302,0,0,0,49837,499.75,0.00,2,1852,0.0000,0.5000,0.5000,0.0000,0.5000
2026-04-27T19:15:27.766,6.038,1,1.50,-179.70,0.00,0.00,0,0.0000,0.0000,0.4000,0.0000,0.0000,0.0000,0.00,0.00,63.78,64.06,363,257,0.70799,0.70799,0.98347,0.71350,3,2,0,0.00000,0.00000,1.00000,0.0000,0.0000,0.0000,0.0000,0.0000,0.0000,0.00,0.00,0.00,1,1,0.0000,0.0000,0.4000,0.00,0.8200,0.3500,1.0000,6.00,180.00,5.000000,0.050000,0.000000,1.100000,0.000000,0.000000,1.200000,0.000000,0.000000,1.350000,0.000000,0.000000,0.850000,0.020000,0.000000,0.008000,0.000000,0.000600,0.008000,0.000000,0.000600,0.006000,0.000000,0.000000,1,1,1,363,204,361,361,361,0,0,60.00,49896,2888,362,0,0,0,49897,505.82,0.00,2,2880,0.0000,0.5000,0.5000,0.0000,0.5000
2026-04-27T19:15:27.782,6.054,1,1.50,-179.70,0.00,0.00,0,0.0000,0.0000,0.4000,0.0000,0.0000,0.0000,0.00,0.00,62.07,62.84,364,257,0.70604,0.70604,0.98352,0.71154,3,2,0,0.00000,0.00000,1.00000,0.0000,0.0000,0.0000,0.0000,0.0000,0.0000,0.00,0.00,0.00,1,1,0.0000,0.0000,0.4000,0.00,0.8200,0.3500,1.0000,6.00,180.00,5.000000,0.050000,0.000000,1.100000,0.000000,0.000000,1.200000,0.000000,0.000000,1.350000,0.000000,0.000000,0.850000,0.020000,0.000000,0.008000,0.000000,0.000600,0.008000,0.000000,0.000600,0.006000,0.000000,0.000000,1,1,1,364,204,361,361,361,0,0,60.00,49896,2888,362,0,0,0,49897,505.82,0.00,2,2880,0.0000,0.5000,0.5000,0.0000,0.5000
2026-04-27T19:15:27.800,6.072,1,1.50,-179.70,0.00,0.00,0,0.0000,0.0000,0.4000,0.0000,0.0000,0.0000,0.00,0.00,59.65,54.98,365,257,0.70411,0.70411,0.98356,0.70959,3,2,0,0.00000,0.00000,1.00000,0.0000,0.0000,0.0000,0.0000,0.0000,0.0000,0.00,0.00,0.00,1,1,0.0000,0.0000,0.4000,0.00,0.8200,0.3500,1.0000,6.00,180.00,5.000000,0.050000,0.000000,1.100000,0.000000,0.000000,1.200000,0.000000,0.000000,1.350000,0.000000,0.000000,0.850000,0.020000,0.000000,0.008000,0.000000,0.000600,0.008000,0.000000,0.000600,0.006000,0.000000,0.000000,1,1,1,365,204,361,361,361,0,0,60.00,49896,2888,362,0,0,0,49897,505.82,0.00,2,2880,0.0000,0.5000,0.5000,0.0000,0.5000
2026-04-27T19:15:27.817,6.089,1,1.50,-179.70,0.00,0.00,0,0.0000,0.0000,0.4000,0.0000,0.0000,0.0000,0.00,0.00,61.99,59.20,366,257,0.70219,0.70219,0.98361,0.70765,3,2,0,0.00000,0.00000,1.00000,0.0000,0.0000,0.0000,0.0000,0.0000,0.0000,0.00,0.00,0.00,1,1,0.0000,0.0000,0.4000,0.00,0.8200,0.3500,1.0000,6.00,180.00,5.000000,0.050000,0.000000,1.100000,0.000000,0.000000,1.200000,0.000000,0.000000,1.350000,0.000000,0.000000,0.850000,0.020000,0.000000,0.008000,0.000000,0.000600,0.008000,0.000000,0.000600,0.006000,0.000000,0.000000,1,1,1,366,204,361,361,361,0,0,60.00,49896,2888,362,0,0,0,49897,505.82,0.00,2,2880,0.0000,0.5000,0.5000,0.0000,0.5000
2026-04-27T19:15:27.834,6.106,1,1.50,-179.70,0.00,0.00,0,0.0000,0.0000,0.4000,0.0000,0.0000,0.0000,0.00,0.00,58.53,62.03,367,257,0.70027,0.70027,0.98365,0.70572,3,2,0,0.00000,0.00000,1.00000,0.0000,0.0000,0.0000,0.0000,0.0000,0.0000,0.00,0.00,0.00,1,1,0.0000,0.0000,0.4000,0.00,0.8200,0.3500,1.0000,6.00,180.00,5.000000,0.050000,0.000000,1.100000,0.000000,0.000000,1.200000,0.000000,0.000000,1.350000,0.000000,0.000000,0.850000,0.020000,0.000000,0.008000,0.000000,0.000600,0.008000,0.000000,0.000600,0.006000,0.000000,0.000000,1,1,1,367,204,361,361,361,0,0,60.00,49896,2888,362,0,0,0,49897,505.82,0.00,2,2880,0.0000,0.5000,0.5000,0.0000,0.5000
2026-04-27T19:15:27.847,6.119,1,1.50,-179.70,0.00,0.00,0,0.0000,0.0000,0.4000,0.0000,0.0000,0.0000,0.00,0.00,60.06,71.74,368,257,0.69837,0.69837,0.98370,0.70380,3,2,0,0.00000,0.00000,1.00000,0.0000,0.0000,0.0000,0.0000,0.0000,0.0000,0.00,0.00,0.00,1,1,0.0000,0.0000,0.4000,0.00,0.8200,0.3500,1.0000,6.00,180.00,5.000000,0.050000,0.000000,1.100000,0.000000,0.000000,1.200000,0.000000,0.000000,1.350000,0.000000,0.000000,0.850000,0.020000,0.000000,0.008000,0.000000,0.000600,0.008000,0.000000,0.000600,0.006000,0.000000,0.000000,1,1,1,368,204,361,361,361,0,0,60.00,49896,2888,362,0,0,0,49897,505.82,0.00,2,2880,0.0000,0.5000,0.5000,0.0000,0.5000
2026-04-27T19:15:27.867,6.139,1,1.50,-179.70,0.00,0.00,0,0.0000,0.0000,0.4000,0.0000,0.0000,0.0000,0.00,0.00,83.89,50.45,369,257,0.69648,0.69648,0.98374,0.70190,3,2,0,0.00000,0.00000,1.00000,0.0000,0.0000,0.0000,0.0000,0.0000,0.0000,0.00,0.00,0.00,1,1,0.0000,0.0000,0.4000,0.00,0.8200,0.3500,1.0000,6.00,180.00,5.000000,0.050000,0.000000,1.100000,0.000000,0.000000,1.200000,0.000000,0.000000,1.350000,0.000000,0.000000,0.850000,0.020000,0.000000,0.008000,0.000000,0.000600,0.008000,0.000000,0.000600,0.006000,0.000000,0.000000,1,1,1,369,204,361,361,361,0,0,60.00,49896,2888,362,0,0,0,49897,505.82,0.00,2,2880,0.0000,0.5000,0.5000,0.0000,0.5000
2026-04-27T19:15:27.884,6.156,1,1.50,-179.70,0.00,0.00,0,0.0000,0.0000,0.4000,0.0000,0.0000,0.0000,0.00,0.00,47.61,59.59,370,257,0.69459,0.69459,0.98378,0.70000,3,2,0,0.00000,0.00000,1.00000,0.0000,0.0000,0.0000,0.0000,0.0000,0.0000,0.00,0.00,0.00,1,1,0.0000,0.0000,0.4000,0.00,0.8200,0.3500,1.0000,6.00,180.00,5.000000,0.050000,0.000000,1.100000,0.000000,0.000000,1.200000,0.000000,0.000000,1.350000,0.000000,0.000000,0.850000,0.020000,0.000000,0.008000,0.000000,0.000600,0.008000,0.000000,0.000600,0.006000,0.000000,0.000000,1,1,1,370,204,361,361,361,0,0,60.00,49896,2888,362,0,0,0,49897,505.82,0.00,2,2880,0.0000,0.5000,0.5000,0.0000,0.5000
2026-04-27T19:15:27.893,6.165,1,1.50,-179.70,0.00,0.00,0,0.0000,0.0000,0.4000,0.0000,0.0000,0.0000,0.00,0.00,60.25,105.80,371,257,0.69272,0.69272,0.98383,0.69811,3,2,0,0.00000,0.00000,1.00000,0.0000,0.0000,0.0000,0.0000,0.0000,0.0000,0.00,0.00,0.00,1,1,0.0000,0.0000,0.4000,0.00,0.8200,0.3500,1.0000,6.00,180.00,5.000000,0.050000,0.000000,1.100000,0.000000,0.000000,1.200000,0.000000,0.000000,1.350000,0.000000,0.000000,0.850000,0.020000,0.000000,0.008000,0.000000,0.000600,0.008000,0.000000,0.000600,0.006000,0.000000,0.000000,1,1,1,371,204,361,361,361,0,0,60.00,49896,2888,362,0,0,0,49897,505.82,0.00,2,2880,0.0000,0.5000,0.5000,0.0000,0.5000
2026-04-27T19:15:27.912,6.184,1,1.50,-179.70,0.00,0.00,0,0.0000,0.0000,0.4000,0.0000,0.0000,0.0000,0.00,0.00,118.32,53.64,372,257,0.69086,0.69086,0.98387,0.69624,3,2,0,0.00000,0.00000,1.00000,0.0000,0.0000,0.0000,0.0000,0.0000,0.0000,0.00,0.00,0.00,1,1,0.0000,0.0000,0.4000,0.00,0.8200,0.3500,1.0000,6.00,180.00,5.000000,0.050000,0.000000,1.100000,0.000000,0.000000,1.200000,0.000000,0.000000,1.350000,0.000000,0.000000,0.850000,0.020000,0.000000,0.008000,0.000000,0.000600,0.008000,0.000000,0.000600,0.006000,0.000000,0.000000,1,1,1,372,204,361,361,361,0,0,60.00,49896,2888,362,0,0,0,49897,505.82,0.00,2,2880,0.0000,0.5000,0.5000,0.0000,0.5000
2026-04-27T19:15:27.933,6.206,1,1.50,-179.70,0.00,0.00,0,0.0000,0.0000,0.4000,0.0000,0.0000,0.0000,0.00,0.00,39.76,46.22,373,257,0.68901,0.68901,0.98391,0.69437,3,2,0,0.00000,0.00000,1.00000,0.0000,0.0000,0.0000,0.0000,0.0000,0.0000,0.00,0.00,0.00,1,1,0.0000,0.0000,0.4000,0.00,0.8200,0.3500,1.0000,6.00,180.00,5.000000,0.050000,0.000000,1.100000,0.000000,0.000000,1.200000,0.000000,0.000000,1.350000,0.000000,0.000000,0.850000,0.020000,0.000000,0.008000,0.000000,0.000600,0.008000,0.000000,0.000600,0.006000,0.000000,0.000000,1,1,1,373,204,361,361,361,0,0,60.00,49896,2888,362,0,0,0,49897,505.82,0.00,2,2880,0.0000,0.5000,0.5000,0.0000,0.5000
2026-04-27T19:15:27.953,6.225,1,1.50,-179.70,0.00,0.00,0,0.0000,0.0000,0.4000,0.0000,0.0000,0.0000,0.00,0.00,66.10,62.56,374,257,0.68717,0.68717,0.98396,0.69251,3,2,0,0.00000,0.00000,1.00000,0.0000,0.0000,0.0000,0.0000,0.0000,0.0000,0.00,0.00,0.00,1,1,0.0000,0.0000,0.4000,0.00,0.8200,0.3500,1.0000,6.00,180.00,5.000000,0.050000,0.000000,1.100000,0.000000,0.000000,1.200000,0.000000,0.000000,1.350000,0.000000,0.000000,0.850000,0.020000,0.000000,0.008000,0.000000,0.000600,0.008000,0.000000,0.000600,0.006000,0.000000,0.000000,1,1,1,374,204,361,361,361,0,0,60.00,49896,2888,362,0,0,0,49897,505.82,0.00,2,2880,0.0000,0.5000,0.5000,0.0000,0.5000
2026-04-27T19:15:27.967,6.239,1,1.50,-179.70,0.00,0.00,0,0.0000,0.0000,0.4000,0.0000,0.0000,0.0000,0.00,0.00,49.04,56.80,375,257,0.68533,0.68533,0.98400,0.69067,3,2,0,0.00000,0.00000,1.00000,0.0000,0.0000,0.0000,0.0000,0.0000,0.0000,0.00,0.00,0.00,1,1,0.0000,0.0000,0.4000,0.00,0.8200,0.3500,1.0000,6.00,180.00,5.000000,0.050000,0.000000,1.100000,0.000000,0.000000,1.200000,0.000000,0.000000,1.350000,0.000000,0.000000,0.850000,0.020000,0.000000,0.008000,0.000000,0.000600,0.008000,0.000000,0.000600,0.006000,0.000000,0.000000,1,1,1,375,204,361,361,361,0,0,60.00,49896,2888,362,0,0,0,49897,505.82,0.00,2,2880,0.0000,0.5000,0.5000,0.0000,0.5000
2026-04-27T19:15:27.983,6.255,1,1.50,-179.70,0.00,0.00,0,0.0000,0.0000,0.4000,0.0000,0.0000,0.0000,0.00,0.00,69.12,64.10,376,257,0.68351,0.68351,0.98404,0.68883,3,2,0,0.00000,0.00000,1.00000,0.0000,0.0000,0.0000,0.0000,0.0000,0.0000,0.00,0.00,0.00,1,1,0.0000,0.0000,0.4000,0.00,0.8200,0.3500,1.0000,6.00,180.00,5.000000,0.050000,0.000000,1.100000,0.000000,0.000000,1.200000,0.000000,0.000000,1.350000,0.000000,0.000000,0.850000,0.020000,0.000000,0.008000,0.000000,0.000600,0.008000,0.000000,0.000600,0.006000,0.000000,0.000000,1,1,1,376,204,361,361,361,0,0,60.00,49896,2888,362,0,0,0,49897,505.82,0.00,2,2880,0.0000,0.5000,0.5000,0.0000,0.5000
2026-04-27T19:15:27.999,6.271,1,1.50,-179.70,0.00,0.00,0,0.0000,0.0000,0.4000,0.0000,0.0000,0.0000,0.00,0.00,69.79,61.14,377,257,0.68170,0.68170,0.98408,0.68700,3,2,0,0.00000,0.00000,1.00000,0.0000,0.0000,0.0000,0.0000,0.0000,0.0000,0.00,0.00,0.00,1,1,0.0000,0.0000,0.4000,0.00,0.8200,0.3500,1.0000,6.00,180.00,5.000000,0.050000,0.000000,1.100000,0.000000,0.000000,1.200000,0.000000,0.000000,1.350000,0.000000,0.000000,0.850000,0.020000,0.000000,0.008000,0.000000,0.000600,0.008000,0.000000,0.000600,0.006000,0.000000,0.000000,1,1,1,377,204,361,361,361,0,0,60.00,49896,2888,362,0,0,0,49897,505.82,0.00,2,2880,0.0000,0.5000,0.5000,0.0000,0.5000
2026-04-27T19:15:28.017,6.289,1,1.50,-179.70,0.00,0.00,0,0.0000,0.0000,0.4000,0.0000,0.0000,0.0000,0.00,0.00,51.55,58.30,378,257,0.67989,0.67989,0.98413,0.68519,3,2,0,0.00000,0.00000,1.00000,0.0000,0.0000,0.0000,0.0000,0.0000,0.0000,0.00,0.00,0.00,1,1,0.0000,0.0000,0.4000,0.00,0.8200,0.3500,1.0000,6.00,180.00,5.000000,0.050000,0.000000,1.100000,0.000000,0.000000,1.200000,0.000000,0.000000,1.350000,0.000000,0.000000,0.850000,0.020000,0.000000,0.008000,0.000000,0.000600,0.008000,0.000000,0.000600,0.006000,0.000000,0.000000,1,1,1,378,204,361,361,361,0,0,60.00,49896,2888,362,0,0,0,49897,505.82,0.00,2,2880,0.0000,0.5000,0.5000,0.0000,0.5000
2026-04-27T19:15:28.034,6.306,1,1.50,-179.70,0.00,0.00,0,0.0000,0.0000,0.4000,0.0000,0.0000,0.0000,0.00,0.00,61.45,59.06,379,257,0.67810,0.67810,0.98417,0.68338,3,2,0,0.00000,0.00000,1.00000,0.0000,0.0000,0.0000,0.0000,0.0000,0.0000,0.00,0.00,0.00,1,1,0.0000,0.0000,0.4000,0.00,0.8200,0.3500,1.0000,6.00,180.00,5.000000,0.050000,0.000000,1.100000,0.000000,0.000000,1.200000,0.000000,0.000000,1.350000,0.000000,0.000000,0.850000,0.020000,0.000000,0.008000,0.000000,0.000600,0.008000,0.000000,0.000600,0.006000,0.000000,0.000000,1,1,1,379,204,361,361,361,0,0,60.00,49896,2888,362,0,0,0,49897,505.82,0.00,2,2880,0.0000,0.5000,0.5000,0.0000,0.5000
2026-04-27T19:15:28.051,6.323,1,1.50,-179.70,0.00,0.00,0,0.0000,0.0000,0.4000,0.0000,0.0000,0.0000,0.00,0.00,59.63,59.38,380,257,0.67632,0.67632,0.98421,0.68158,3,2,0,0.00000,0.00000,1.00000,0.0000,0.0000,0.0000,0.0000,0.0000,0.0000,0.00,0.00,0.00,1,1,0.0000,0.0000,0.4000,0.00,0.8200,0.3500,1.0000,6.00,180.00,5.000000,0.050000,0.000000,1.100000,0.000000,0.000000,1.200000,0.000000,0.000000,1.350000,0.000000,0.000000,0.850000,0.020000,0.000000,0.008000,0.000000,0.000600,0.008000,0.000000,0.000600,0.006000,0.000000,0.000000,1,1,1,380,204,361,361,361,0,0,60.00,49896,2888,362,0,0,0,49897,505.82,0.00,2,2880,0.0000,0.5000,0.5000,0.0000,0.5000
2026-04-27T19:15:28.067,6.339,1,1.50,-179.70,0.00,0.00,0,0.0000,0.0000,0.4000,0.0000,0.0000,0.0000,0.00,0.00,59.24,61.72,381,257,0.67454,0.67454,0.98425,0.67979,3,2,0,0.00000,0.00000,1.00000,0.0000,0.0000,0.0000,0.0000,0.0000,0.0000,0.00,0.00,0.00,1,1,0.0000,0.0000,0.4000,0.00,0.8200,0.3500,1.0000,6.00,180.00,5.000000,0.050000,0.000000,1.100000,0.000000,0.000000,1.200000,0.000000,0.000000,1.350000,0.000000,0.000000,0.850000,0.020000,0.000000,0.008000,0.000000,0.000600,0.008000,0.000000,0.000600,0.006000,0.000000,0.000000,1,1,1,381,204,361,361,361,0,0,60.00,49896,2888,362,0,0,0,49897,505.82,0.00,2,2880,0.0000,0.5000,0.5000,0.0000,0.5000
2026-04-27T19:15:28.083,6.355,1,1.50,-179.70,0.00,0.00,0,0.0000,0.0000,0.4000,0.0000,0.0000,0.0000,0.00,0.00,61.38,60.83,382,257,0.67277,0.67277,0.98429,0.67801,3,2,0,0.00000,0.00000,1.00000,0.0000,0.0000,0.0000,0.0000,0.0000,0.0000,0.00,0.00,0.00,1,1,0.0000,0.0000,0.4000,0.00,0.8200,0.3500,1.0000,6.00,180.00,5.000000,0.050000,0.000000,1.100000,0.000000,0.000000,1.200000,0.000000,0.000000,1.350000,0.000000,0.000000,0.850000,0.020000,0.000000,0.008000,0.000000,0.000600,0.008000,0.000000,0.000600,0.006000,0.000000,0.000000,1,1,1,382,204,361,361,361,0,0,60.00,49896,2888,362,0,0,0,49897,505.82,0.00,2,2880,0.0000,0.5000,0.5000,0.0000,0.5000
2026-04-27T19:15:28.100,6.373,1,1.50,-179.70,0.00,0.00,0,0.0000,0.0000,0.4000,0.0000,0.0000,0.0000,0.00,0.00,58.33,58.91,383,257,0.67102,0.67102,0.98433,0.67624,3,2,0,0.00000,0.00000,1.00000,0.0000,0.0000,0.0000,0.0000,0.0000,0.0000,0.00,0.00,0.00,1,1,0.0000,0.0000,0.4000,0.00,0.8200,0.3500,1.0000,6.00,180.00,5.000000,0.050000,0.000000,1.100000,0.000000,0.000000,1.200000,0.000000,0.000000,1.350000,0.000000,0.000000,0.850000,0.020000,0.000000,0.008000,0.000000,0.000600,0.008000,0.000000,0.000600,0.006000,0.000000,0.000000,1,1,1,383,204,361,361,361,0,0,60.00,49896,2888,362,0,0,0,49897,505.82,0.00,2,2880,0.0000,0.5000,0.5000,0.0000,0.5000
2026-04-27T19:15:28.117,6.389,1,1.50,-179.70,0.00,0.00,0,0.0000,0.0000,0.4000,0.0000,0.0000,0.0000,0.00,0.00,61.55,60.21,384,257,0.66927,0.66927,0.98438,0.67448,3,2,0,0.00000,0.00000,1.00000,0.0000,0.0000,0.0000,0.0000,0.0000,0.0000,0.00,0.00,0.00,1,1,0.0000,0.0000,0.4000,0.00,0.8200,0.3500,1.0000,6.00,180.00,5.000000,0.050000,0.000000,1.100000,0.000000,0.000000,1.200000,0.000000,0.000000,1.350000,0.000000,0.000000,0.850000,0.020000,0.000000,0.008000,0.000000,0.000600,0.008000,0.000000,0.000600,0.006000,0.000000,0.000000,1,1,1,384,204,361,361,361,0,0,60.00,49896,2888,362,0,0,0,49897,505.82,0.00,2,2880,0.0000,0.5000,0.5000,0.0000,0.5000
2026-04-27T19:15:28.134,6.406,1,1.50,-179.70,0.00,0.00,0,0.0000,0.0000,0.4000,0.0000,0.0000,0.0000,0.00,0.00,59.28,58.88,385,257,0.66753,0.66753,0.98442,0.67273,3,2,0,0.00000,0.00000,1.00000,0.0000,0.0000,0.0000,0.0000,0.0000,0.0000,0.00,0.00,0.00,1,1,0.0000,0.0000,0.4000,0.00,0.8200,0.3500,1.0000,6.00,180.00,5.000000,0.050000,0.000000,1.100000,0.000000,0.000000,1.200000,0.000000,0.000000,1.350000,0.000000,0.000000,0.850000,0.020000,0.000000,0.008000,0.000000,0.000600,0.008000,0.000000,0.000600,0.006000,0.000000,0.000000,1,1,1,385,204,361,361,361,0,0,60.00,49896,2888,362,0,0,0,49897,505.82,0.00,2,2880,0.0000,0.5000,0.5000,0.0000,0.5000
2026-04-27T19:15:28.151,6.424,1,1.50,-179.70,0.00,0.00,0,0.0000,0.0000,0.4000,0.0000,0.0000,0.0000,0.00,0.00,60.15,61.28,386,257,0.66580,0.66580,0.98446,0.67098,3,2,0,0.00000,0.00000,1.00000,0.0000,0.0000,0.0000,0.0000,0.0000,0.0000,0.00,0.00,0.00,1,1,0.0000,0.0000,0.4000,0.00,0.8200,0.3500,1.0000,6.00,180.00,5.000000,0.050000,0.000000,1.100000,0.000000,0.000000,1.200000,0.000000,0.000000,1.350000,0.000000,0.000000,0.850000,0.020000,0.000000,0.008000,0.000000,0.000600,0.008000,0.000000,0.000600,0.006000,0.000000,0.000000,1,1,1,386,204,361,361,361,0,0,60.00,49896,2888,362,0,0,0,49897,505.82,0.00,2,2880,0.0000,0.5000,0.5000,0.0000,0.5000
2026-04-27T19:15:28.167,6.439,1,1.50,-179.70,0.00,0.00,0,0.0000,0.0000,0.4000,0.0000,0.0000,0.0000,0.00,0.00,56.68,59.26,387,257,0.66408,0.66408,0.98450,0.66925,3,2,0,0.00000,0.00000,1.00000,0.0000,0.0000,0.0000,0.0000,0.0000,0.0000,0.00,0.00,0.00,1,1,0.0000,0.0000,0.4000,0.00,0.8200,0.3500,1.0000,6.00,180.00,5.000000,0.050000,0.000000,1.100000,0.000000,0.000000,1.200000,0.000000,0.000000,1.350000,0.000000,0.000000,0.850000,0.020000,0.000000,0.008000,0.000000,0.000600,0.008000,0.000000,0.000600,0.006000,0.000000,0.000000,1,1,1,387,204,361,361,361,0,0,60.00,49896,2888,362,0,0,0,49897,505.82,0.00,2,2880,0.0000,0.5000,0.5000,0.0000,0.5000
2026-04-27T19:15:28.183,6.456,1,1.50,-179.70,0.00,0.00,0,0.0000,0.0000,0.4000,0.0000,0.0000,0.0000,0.00,0.00,64.35,58.51,388,257,0.66237,0.66237,0.98454,0.66753,3,2,0,0.00000,0.00000,1.00000,0.0000,0.0000,0.0000,0.0000,0.0000,0.0000,0.00,0.00,0.00,1,1,0.0000,0.0000,0.4000,0.00,0.8200,0.3500,1.0000,6.00,180.00,5.000000,0.050000,0.000000,1.100000,0.000000,0.000000,1.200000,0.000000,0.000000,1.350000,0.000000,0.000000,0.850000,0.020000,0.000000,0.008000,0.000000,0.000600,0.008000,0.000000,0.000600,0.006000,0.000000,0.000000,1,1,1,388,204,361,361,361,0,0,60.00,49896,2888,362,0,0,0,49897,505.82,0.00,2,2880,0.0000,0.5000,0.5000,0.0000,0.5000
2026-04-27T19:15:28.197,6.469,1,1.50,-179.70,0.00,0.00,0,0.0000,0.0000,0.4000,0.0000,0.0000,0.0000,0.00,0.00,60.83,72.84,389,257,0.66067,0.66067,0.98458,0.66581,3,2,0,0.00000,0.00000,1.00000,0.0000,0.0000,0.0000,0.0000,0.0000,0.0000,0.00,0.00,0.00,1,1,0.0000,0.0000,0.4000,0.00,0.8200,0.3500,1.0000,6.00,180.00,5.000000,0.050000,0.000000,1.100000,0.000000,0.000000,1.200000,0.000000,0.000000,1.350000,0.000000,0.000000,0.850000,0.020000,0.000000,0.008000,0.000000,0.000600,0.008000,0.000000,0.000600,0.006000,0.000000,0.000000,1,1,1,389,204,361,361,361,0,0,60.00,49896,2888,362,0,0,0,49897,505.82,0.00,2,2880,0.0000,0.5000,0.5000,0.0000,0.5000
2026-04-27T19:15:28.218,6.490,1,1.50,-179.70,0.00,0.00,0,0.0000,0.0000,0.4000,0.0000,0.0000,0.0000,0.00,0.00,57.80,51.41,390,257,0.65897,0.65897,0.98462,0.66410,3,2,0,0.00000,0.00000,1.00000,0.0000,0.0000,0.0000,0.0000,0.0000,0.0000,0.00,0.00,0.00,1,1,0.0000,0.0000,0.4000,0.00,0.8200,0.3500,1.0000,6.00,180.00,5.000000,0.050000,0.000000,1.100000,0.000000,0.000000,1.200000,0.000000,0.000000,1.350000,0.000000,0.000000,0.850000,0.020000,0.000000,0.008000,0.000000,0.000600,0.008000,0.000000,0.000600,0.006000,0.000000,0.000000,1,1,1,390,204,361,361,361,0,0,60.00,49896,2888,362,0,0,0,49897,505.82,0.00,2,2880,0.0000,0.5000,0.5000,0.0000,0.5000
2026-04-27T19:15:28.234,6.506,1,1.50,-179.70,0.00,0.00,0,0.0000,0.0000,0.4000,0.0000,0.0000,0.0000,0.00,0.00,60.49,60.10,391,257,0.65729,0.65729,0.98465,0.66240,3,2,0,0.00000,0.00000,1.00000,0.0000,0.0000,0.0000,0.0000,0.0000,0.0000,0.00,0.00,0.00,1,1,0.0000,0.0000,0.4000,0.00,0.8200,0.3500,1.0000,6.00,180.00,5.000000,0.050000,0.000000,1.100000,0.000000,0.000000,1.200000,0.000000,0.000000,1.350000,0.000000,0.000000,0.850000,0.020000,0.000000,0.008000,0.000000,0.000600,0.008000,0.000000,0.000600,0.006000,0.000000,0.000000,1,1,1,391,204,361,361,361,0,0,60.00,49896,2888,362,0,0,0,49897,505.82,0.00,2,2880,0.0000,0.5000,0.5000,0.0000,0.5000
2026-04-27T19:15:28.250,6.522,1,1.50,-179.70,0.00,0.00,0,0.0000,0.0000,0.4000,0.0000,0.0000,0.0000,0.00,0.00,60.55,59.00,392,257,0.65561,0.65561,0.98469,0.66071,3,2,0,0.00000,0.00000,1.00000,0.0000,0.0000,0.0000,0.0000,0.0000,0.0000,0.00,0.00,0.00,1,1,0.0000,0.0000,0.4000,0.00,0.8200,0.3500,1.0000,6.00,180.00,5.000000,0.050000,0.000000,1.100000,0.000000,0.000000,1.200000,0.000000,0.000000,1.350000,0.000000,0.000000,0.850000,0.020000,0.000000,0.008000,0.000000,0.000600,0.008000,0.000000,0.000600,0.006000,0.000000,0.000000,1,1,1,392,204,361,361,361,0,0,60.00,49896,2888,362,0,0,0,49897,505.82,0.00,2,2880,0.0000,0.5000,0.5000,0.0000,0.5000
2026-04-27T19:15:28.267,6.539,1,1.50,-179.70,0.00,0.00,0,0.0000,0.0000,0.4000,0.0000,0.0000,0.0000,0.00,0.00,60.51,63.55,393,257,0.65394,0.65394,0.98473,0.65903,3,2,0,0.00000,0.00000,1.00000,0.0000,0.0000,0.0000,0.0000,0.0000,0.0000,0.00,0.00,0.00,1,1,0.0000,0.0000,0.4000,0.00,0.8200,0.3500,1.0000,6.00,180.00,5.000000,0.050000,0.000000,1.100000,0.000000,0.000000,1.200000,0.000000,0.000000,1.350000,0.000000,0.000000,0.850000,0.020000,0.000000,0.008000,0.000000,0.000600,0.008000,0.000000,0.000600,0.006000,0.000000,0.000000,1,1,1,393,204,361,361,361,0,0,60.00,49896,2888,362,0,0,0,49897,505.82,0.00,2,2880,0.0000,0.5000,0.5000,0.0000,0.5000
2026-04-27T19:15:28.284,6.557,1,1.50,-179.70,0.00,0.00,0,0.0000,0.0000,0.4000,0.0000,0.0000,0.0000,0.00,0.00,60.98,59.10,394,257,0.65228,0.65228,0.98477,0.65736,3,2,0,0.00000,0.00000,1.00000,0.0000,0.0000,0.0000,0.0000,0.0000,0.0000,0.00,0.00,0.00,1,1,0.0000,0.0000,0.4000,0.00,0.8200,0.3500,1.0000,6.00,180.00,5.000000,0.050000,0.000000,1.100000,0.000000,0.000000,1.200000,0.000000,0.000000,1.350000,0.000000,0.000000,0.850000,0.020000,0.000000,0.008000,0.000000,0.000600,0.008000,0.000000,0.000600,0.006000,0.000000,0.000000,1,1,1,394,204,361,361,361,0,0,60.00,49896,2888,362,0,0,0,49897,505.82,0.00,2,2880,0.0000,0.5000,0.5000,0.0000,0.5000
2026-04-27T19:15:28.301,6.573,1,1.50,-179.70,0.00,0.00,0,0.0000,0.0000,0.4000,0.0000,0.0000,0.0000,0.00,0.00,60.87,58.50,395,257,0.65063,0.65063,0.98481,0.65570,3,2,0,0.00000,0.00000,1.00000,0.0000,0.0000,0.0000,0.0000,0.0000,0.0000,0.00,0.00,0.00,1,1,0.0000,0.0000,0.4000,0.00,0.8200,0.3500,1.0000,6.00,180.00,5.000000,0.050000,0.000000,1.100000,0.000000,0.000000,1.200000,0.000000,0.000000,1.350000,0.000000,0.000000,0.850000,0.020000,0.000000,0.008000,0.000000,0.000600,0.008000,0.000000,0.000600,0.006000,0.000000,0.000000,1,1,1,395,204,361,361,361,0,0,60.00,49896,2888,362,0,0,0,49897,505.82,0.00,2,2880,0.0000,0.5000,0.5000,0.0000,0.5000
2026-04-27T19:15:28.316,6.588,1,1.50,-179.70,0.00,0.00,0,0.0000,0.0000,0.4000,0.0000,0.0000,0.0000,0.00,0.00,60.74,62.45,396,257,0.64899,0.64899,0.98485,0.65404,3,2,0,0.00000,0.00000,1.00000,0.0000,0.0000,0.0000,0.0000,0.0000,0.0000,0.00,0.00,0.00,1,1,0.0000,0.0000,0.4000,0.00,0.8200,0.3500,1.0000,6.00,180.00,5.000000,0.050000,0.000000,1.100000,0.000000,0.000000,1.200000,0.000000,0.000000,1.350000,0.000000,0.000000,0.850000,0.020000,0.000000,0.008000,0.000000,0.000600,0.008000,0.000000,0.000600,0.006000,0.000000,0.000000,1,1,1,396,204,361,361,361,0,0,60.00,49896,2888,362,0,0,0,49897,505.82,0.00,2,2880,0.0000,0.5000,0.5000,0.0000,0.5000
2026-04-27T19:15:28.332,6.604,1,1.50,-179.70,0.00,0.00,0,0.0000,0.0000,0.4000,0.0000,0.0000,0.0000,0.00,0.00,66.62,62.14,397,257,0.64736,0.64736,0.98489,0.65239,3,2,0,0.00000,0.00000,1.00000,0.0000,0.0000,0.0000,0.0000,0.0000,0.0000,0.00,0.00,0.00,1,1,0.0000,0.0000,0.4000,0.00,0.8200,0.3500,1.0000,6.00,180.00,5.000000,0.050000,0.000000,1.100000,0.000000,0.000000,1.200000,0.000000,0.000000,1.350000,0.000000,0.000000,0.850000,0.020000,0.000000,0.008000,0.000000,0.000600,0.008000,0.000000,0.000600,0.006000,0.000000,0.000000,1,1,1,397,204,361,361,361,0,0,60.00,49896,2888,362,0,0,0,49897,505.82,0.00,2,2880,0.0000,0.5000,0.5000,0.0000,0.5000
2026-04-27T19:15:28.351,6.624,1,1.50,-179.70,0.00,0.00,0,0.0000,0.0000,0.4000,0.0000,0.0000,0.0000,0.00,0.00,62.14,57.07,398,257,0.64573,0.64573,0.98492,0.65075,3,2,0,0.00000,0.00000,1.00000,0.0000,0.0000,0.0000,0.0000,0.0000,0.0000,0.00,0.00,0.00,1,1,0.0000,0.0000,0.4000,0.00,0.8200,0.3500,1.0000,6.00,180.00,5.000000,0.050000,0.000000,1.100000,0.000000,0.000000,1.200000,0.000000,0.000000,1.350000,0.000000,0.000000,0.850000,0.020000,0.000000,0.008000,0.000000,0.000600,0.008000,0.000000,0.000600,0.006000,0.000000,0.000000,1,1,1,398,204,361,361,361,0,0,60.00,49896,2888,362,0,0,0,49897,505.82,0.00,2,2880,0.0000,0.5000,0.5000,0.0000,0.5000
2026-04-27T19:15:28.367,6.640,1,1.50,-179.70,0.00,0.00,0,0.0000,0.0000,0.4000,0.0000,0.0000,0.0000,0.00,0.00,51.36,62.72,399,257,0.64411,0.64411,0.98496,0.64912,3,2,0,0.00000,0.00000,1.00000,0.0000,0.0000,0.0000,0.0000,0.0000,0.0000,0.00,0.00,0.00,1,1,0.0000,0.0000,0.4000,0.00,0.8200,0.3500,1.0000,6.00,180.00,5.000000,0.050000,0.000000,1.100000,0.000000,0.000000,1.200000,0.000000,0.000000,1.350000,0.000000,0.000000,0.850000,0.020000,0.000000,0.008000,0.000000,0.000600,0.008000,0.000000,0.000600,0.006000,0.000000,0.000000,1,1,1,399,204,361,361,361,0,0,60.00,49896,2888,362,0,0,0,49897,505.82,0.00,2,2880,0.0000,0.5000,0.5000,0.0000,0.5000
2026-04-27T19:15:28.384,6.656,1,1.50,-179.70,0.00,0.00,0,0.0000,0.0000,0.4000,0.0000,0.0000,0.0000,0.00,0.00,62.67,57.10,400,257,0.64250,0.64250,0.98500,0.64750,3,2,0,0.00000,0.00000,1.00000,0.0000,0.0000,0.0000,0.0000,0.0000,0.0000,0.00,0.00,0.00,1,1,0.0000,0.0000,0.4000,0.00,0.8200,0.3500,1.0000,6.00,180.00,5.000000,0.050000,0.000000,1.100000,0.000000,0.000000,1.200000,0.000000,0.000000,1.350000,0.000000,0.000000,0.850000,0.020000,0.000000,0.008000,0.000000,0.000600,0.008000,0.000000,0.000600,0.006000,0.000000,0.000000,1,1,1,400,204,361,361,361,0,0,60.00,49896,2888,362,0,0,0,49897,505.82,0.00,2,2880,0.0000,0.5000,0.5000,0.0000,0.5000
2026-04-27T19:15:28.399,6.671,1,1.50,-179.70,0.00,0.00,0,0.0000,0.0000,0.4000,0.0000,0.0000,0.0000,0.00,0.00,60.35,62.70,401,257,0.64090,0.64090,0.98504,0.64589,3,2,0,0.00000,0.00000,1.00000,0.0000,0.0000,0.0000,0.0000,0.0000,0.0000,0.00,0.00,0.00,1,1,0.0000,0.0000,0.4000,0.00,0.8200,0.3500,1.0000,6.00,180.00,5.000000,0.050000,0.000000,1.100000,0.000000,0.000000,1.200000,0.000000,0.000000,1.350000,0.000000,0.000000,0.850000,0.020000,0.000000,0.008000,0.000000,0.000600,0.008000,0.000000,0.000600,0.006000,0.000000,0.000000,1,1,1,401,204,361,361,361,0,0,60.00,49896,2888,362,0,0,0,49897,505.82,0.00,2,2880,0.0000,0.5000,0.5000,0.0000,0.5000
2026-04-27T19:15:28.417,6.689,1,1.50,-179.70,0.00,0.00,0,0.0000,0.0000,0.4000,0.0000,0.0000,0.0000,0.00,0.00,66.97,59.62,402,257,0.63930,0.63930,0.98507,0.64428,3,2,0,0.00000,0.00000,1.00000,0.0000,0.0000,0.0000,0.0000,0.0000,0.0000,0.00,0.00,0.00,1,1,0.0000,0.0000,0.4000,0.00,0.8200,0.3500,1.0000,6.00,180.00,5.000000,0.050000,0.000000,1.100000,0.000000,0.000000,1.200000,0.000000,0.000000,1.350000,0.000000,0.000000,0.850000,0.020000,0.000000,0.008000,0.000000,0.000600,0.008000,0.000000,0.000600,0.006000,0.000000,0.000000,1,1,1,402,204,361,361,361,0,0,60.00,49896,2888,362,0,0,0,49897,505.82,0.00,2,2880,0.0000,0.5000,0.5000,0.0000,0.5000
2026-04-27T19:15:28.434,6.706,1,1.50,-179.70,0.00,0.00,0,0.0000,0.0000,0.4000,0.0000,0.0000,0.0000,0.00,0.00,51.87,57.59,403,257,0.63772,0.63772,0.98511,0.64268,3,2,0,0.00000,0.00000,1.00000,0.0000,0.0000,0.0000,0.0000,0.0000,0.0000,0.00,0.00,0.00,1,1,0.0000,0.0000,0.4000,0.00,0.8200,0.3500,1.0000,6.00,180.00,5.000000,0.050000,0.000000,1.100000,0.000000,0.000000,1.200000,0.000000,0.000000,1.350000,0.000000,0.000000,0.850000,0.020000,0.000000,0.008000,0.000000,0.000600,0.008000,0.000000,0.000600,0.006000,0.000000,0.000000,1,1,1,403,204,361,361,361,0,0,60.00,49896,2888,362,0,0,0,49897,505.82,0.00,2,2880,0.0000,0.5000,0.5000,0.0000,0.5000
2026-04-27T19:15:28.451,6.723,1,1.50,-179.70,0.00,0.00,0,0.0000,0.0000,0.4000,0.0000,0.0000,0.0000,0.00,0.00,63.04,58.56,404,257,0.63614,0.63614,0.98515,0.64109,3,2,0,0.00000,0.00000,1.00000,0.0000,0.0000,0.0000,0.0000,0.0000,0.0000,0.00,0.00,0.00,1,1,0.0000,0.0000,0.4000,0.00,0.8200,0.3500,1.0000,6.00,180.00,5.000000,0.050000,0.000000,1.100000,0.000000,0.000000,1.200000,0.000000,0.000000,1.350000,0.000000,0.000000,0.850000,0.020000,0.000000,0.008000,0.000000,0.000600,0.008000,0.000000,0.000600,0.006000,0.000000,0.000000,1,1,1,404,204,361,361,361,0,0,60.00,49896,2888,362,0,0,0,49897,505.82,0.00,2,2880,0.0000,0.5000,0.5000,0.0000,0.5000
2026-04-27T19:15:28.467,6.739,1,1.50,-179.70,0.00,0.00,0,0.0000,0.0000,0.4000,0.0000,0.0000,0.0000,0.00,0.00,55.20,62.76,405,257,0.63457,0.63457,0.98519,0.63951,3,2,0,0.00000,0.00000,1.00000,0.0000,0.0000,0.0000,0.0000,0.0000,0.0000,0.00,0.00,0.00,1,1,0.0000,0.0000,0.4000,0.00,0.8200,0.3500,1.0000,6.00,180.00,5.000000,0.050000,0.000000,1.100000,0.000000,0.000000,1.200000,0.000000,0.000000,1.350000,0.000000,0.000000,0.850000,0.020000,0.000000,0.008000,0.000000,0.000600,0.008000,0.000000,0.000600,0.006000,0.000000,0.000000,1,1,1,405,204,361,361,361,0,0,60.00,49896,2888,362,0,0,0,49897,505.82,0.00,2,2880,0.0000,0.5000,0.5000,0.0000,0.5000
2026-04-27T19:15:28.484,6.756,1,1.50,-179.70,0.00,0.00,0,0.0000,0.0000,0.4000,0.0000,0.0000,0.0000,0.00,0.00,62.16,59.27,406,257,0.63300,0.63300,0.98522,0.63793,3,2,0,0.00000,0.00000,1.00000,0.0000,0.0000,0.0000,0.0000,0.0000,0.0000,0.00,0.00,0.00,1,1,0.0000,0.0000,0.4000,0.00,0.8200,0.3500,1.0000,6.00,180.00,5.000000,0.050000,0.000000,1.100000,0.000000,0.000000,1.200000,0.000000,0.000000,1.350000,0.000000,0.000000,0.850000,0.020000,0.000000,0.008000,0.000000,0.000600,0.008000,0.000000,0.000600,0.006000,0.000000,0.000000,1,1,1,406,204,361,361,361,0,0,60.00,49896,2888,362,0,0,0,49897,505.82,0.00,2,2880,0.0000,0.5000,0.5000,0.0000,0.5000
2026-04-27T19:15:28.500,6.773,1,1.50,-179.70,0.00,0.00,0,0.0000,0.0000,0.4000,0.0000,0.0000,0.0000,0.00,0.00,60.39,60.59,407,257,0.63145,0.63145,0.98526,0.63636,3,2,0,0.00000,0.00000,1.00000,0.0000,0.0000,0.0000,0.0000,0.0000,0.0000,0.00,0.00,0.00,1,1,0.0000,0.0000,0.4000,0.00,0.8200,0.3500,1.0000,6.00,180.00,5.000000,0.050000,0.000000,1.100000,0.000000,0.000000,1.200000,0.000000,0.000000,1.350000,0.000000,0.000000,0.850000,0.020000,0.000000,0.008000,0.000000,0.000600,0.008000,0.000000,0.000600,0.006000,0.000000,0.000000,1,1,1,407,204,361,361,361,0,0,60.00,49896,2888,362,0,0,0,49897,505.82,0.00,2,2880,0.0000,0.5000,0.5000,0.0000,0.5000
2026-04-27T19:15:28.517,6.789,1,1.50,-179.70,0.00,0.00,0,0.0000,0.0000,0.4000,0.0000,0.0000,0.0000,0.00,0.00,59.99,59.62,408,257,0.62990,0.62990,0.98529,0.63480,3,2,0,0.00000,0.00000,1.00000,0.0000,0.0000,0.0000,0.0000,0.0000,0.0000,0.00,0.00,0.00,1,1,0.0000,0.0000,0.4000,0.00,0.8200,0.3500,1.0000,6.00,180.00,5.000000,0.050000,0.000000,1.100000,0.000000,0.000000,1.200000,0.000000,0.000000,1.350000,0.000000,0.000000,0.850000,0.020000,0.000000,0.008000,0.000000,0.000600,0.008000,0.000000,0.000600,0.006000,0.000000,0.000000,1,1,1,408,204,361,361,361,0,0,60.00,49896,2888,362,0,0,0,49897,505.82,0.00,2,2880,0.0000,0.5000,0.5000,0.0000,0.5000
2026-04-27T19:15:28.534,6.806,1,1.50,-179.70,0.00,0.00,0,0.0000,0.0000,0.4000,0.0000,0.0000,0.0000,0.00,0.00,58.55,57.97,409,257,0.62836,0.62836,0.98533,0.63325,3,2,0,0.00000,0.00000,1.00000,0.0000,0.0000,0.0000,0.0000,0.0000,0.0000,0.00,0.00,0.00,1,1,0.0000,0.0000,0.4000,0.00,0.8200,0.3500,1.0000,6.00,180.00,5.000000,0.050000,0.000000,1.100000,0.000000,0.000000,1.200000,0.000000,0.000000,1.350000,0.000000,0.000000,0.850000,0.020000,0.000000,0.008000,0.000000,0.000600,0.008000,0.000000,0.000600,0.006000,0.000000,0.000000,1,1,1,409,204,361,361,361,0,0,60.00,49896,2888,362,0,0,0,49897,505.82,0.00,2,2880,0.0000,0.5000,0.5000,0.0000,0.5000
2026-04-27T19:15:28.551,6.823,1,1.50,-179.70,0.00,0.00,0,0.0000,0.0000,0.4000,0.0000,0.0000,0.0000,0.00,0.00,58.64,62.39,410,257,0.62683,0.62683,0.98537,0.63171,3,2,0,0.00000,0.00000,1.00000,0.0000,0.0000,0.0000,0.0000,0.0000,0.0000,0.00,0.00,0.00,1,1,0.0000,0.0000,0.4000,0.00,0.8200,0.3500,1.0000,6.00,180.00,5.000000,0.050000,0.000000,1.100000,0.000000,0.000000,1.200000,0.000000,0.000000,1.350000,0.000000,0.000000,0.850000,0.020000,0.000000,0.008000,0.000000,0.000600,0.008000,0.000000,0.000600,0.006000,0.000000,0.000000,1,1,1,410,204,361,361,361,0,0,60.00,49896,2888,362,0,0,0,49897,505.82,0.00,2,2880,0.0000,0.5000,0.5000,0.0000,0.5000
2026-04-27T19:15:28.569,6.842,1,1.50,-179.70,0.00,0.00,0,0.0000,0.0000,0.4000,0.0000,0.0000,0.0000,0.00,0.00,58.21,62.62,411,257,0.62530,0.62530,0.98540,0.63017,3,2,0,0.00000,0.00000,1.00000,0.0000,0.0000,0.0000,0.0000,0.0000,0.0000,0.00,0.00,0.00,1,1,0.0000,0.0000,0.4000,0.00,0.8200,0.3500,1.0000,6.00,180.00,5.000000,0.050000,0.000000,1.100000,0.000000,0.000000,1.200000,0.000000,0.000000,1.350000,0.000000,0.000000,0.850000,0.020000,0.000000,0.008000,0.000000,0.000600,0.008000,0.000000,0.000600,0.006000,0.000000,0.000000,1,1,1,411,204,361,361,361,0,0,60.00,49896,2888,362,0,0,0,49897,505.82,0.00,2,2880,0.0000,0.5000,0.5000,0.0000,0.5000
2026-04-27T19:15:28.583,6.855,1,1.50,-179.70,0.00,0.00,0,0.0000,0.0000,0.4000,0.0000,0.0000,0.0000,0.00,0.00,55.01,58.62,412,257,0.62379,0.62379,0.98544,0.62864,3,2,0,0.00000,0.00000,1.00000,0.0000,0.0000,0.0000,0.0000,0.0000,0.0000,0.00,0.00,0.00,1,1,0.0000,0.0000,0.4000,0.00,0.8200,0.3500,1.0000,6.00,180.00,5.000000,0.050000,0.000000,1.100000,0.000000,0.000000,1.200000,0.000000,0.000000,1.350000,0.000000,0.000000,0.850000,0.020000,0.000000,0.008000,0.000000,0.000600,0.008000,0.000000,0.000600,0.006000,0.000000,0.000000,1,1,1,412,204,361,361,361,0,0,60.00,49896,2888,362,0,0,0,49897,505.82,0.00,2,2880,0.0000,0.5000,0.5000,0.0000,0.5000
2026-04-27T19:15:28.599,6.871,1,1.50,-179.70,0.00,0.00,0,0.0000,0.0000,0.4000,0.0000,0.0000,0.0000,0.00,0.00,86.63,61.71,413,257,0.62228,0.62228,0.98547,0.62712,3,2,0,0.00000,0.00000,1.00000,0.0000,0.0000,0.0000,0.0000,0.0000,0.0000,0.00,0.00,0.00,1,1,0.0000,0.0000,0.4000,0.00,0.8200,0.3500,1.0000,6.00,180.00,5.000000,0.050000,0.000000,1.100000,0.000000,0.000000,1.200000,0.000000,0.000000,1.350000,0.000000,0.000000,0.850000,0.020000,0.000000,0.008000,0.000000,0.000600,0.008000,0.000000,0.000600,0.006000,0.000000,0.000000,1,1,1,413,204,361,361,361,0,0,60.00,49896,2888,362,0,0,0,49897,505.82,0.00,2,2880,0.0000,0.5000,0.5000,0.0000,0.5000
2026-04-27T19:15:28.615,6.887,1,1.50,-179.70,0.00,0.00,0,0.0000,0.0000,0.4000,0.0000,0.0000,0.0000,0.00,0.00,61.71,60.88,414,257,0.62077,0.62077,0.98551,0.62560,3,2,0,0.00000,0.00000,1.00000,0.0000,0.0000,0.0000,0.0000,0.0000,0.0000,0.00,0.00,0.00,1,1,0.0000,0.0000,0.4000,0.00,0.8200,0.3500,1.0000,6.00,180.00,5.000000,0.050000,0.000000,1.100000,0.000000,0.000000,1.200000,0.000000,0.000000,1.350000,0.000000,0.000000,0.850000,0.020000,0.000000,0.008000,0.000000,0.000600,0.008000,0.000000,0.000600,0.006000,0.000000,0.000000,1,1,1,414,204,361,361,361,0,0,60.00,49896,2888,362,0,0,0,49897,505.82,0.00,2,2880,0.0000,0.5000,0.5000,0.0000,0.5000
2026-04-27T19:15:28.632,6.904,1,1.50,-179.70,0.00,0.00,0,0.0000,0.0000,0.4000,0.0000,0.0000,0.0000,0.00,0.00,50.56,58.59,415,257,0.61928,0.61928,0.98554,0.62410,3,2,0,0.00000,0.00000,1.00000,0.0000,0.0000,0.0000,0.0000,0.0000,0.0000,0.00,0.00,0.00,1,1,0.0000,0.0000,0.4000,0.00,0.8200,0.3500,1.0000,6.00,180.00,5.000000,0.050000,0.000000,1.100000,0.000000,0.000000,1.200000,0.000000,0.000000,1.350000,0.000000,0.000000,0.850000,0.020000,0.000000,0.008000,0.000000,0.000600,0.008000,0.000000,0.000600,0.006000,0.000000,0.000000,1,1,1,415,204,361,361,361,0,0,60.00,49896,2888,362,0,0,0,49897,505.82,0.00,2,2880,0.0000,0.5000,0.5000,0.0000,0.5000
2026-04-27T19:15:28.649,6.922,1,1.50,-179.70,0.00,0.00,0,0.0000,0.0000,0.4000,0.0000,0.0000,0.0000,0.00,0.00,72.90,58.38,416,257,0.61779,0.61779,0.98558,0.62260,3,2,0,0.00000,0.00000,1.00000,0.0000,0.0000,0.0000,0.0000,0.0000,0.0000,0.00,0.00,0.00,1,1,0.0000,0.0000,0.4000,0.00,0.8200,0.3500,1.0000,6.00,180.00,5.000000,0.050000,0.000000,1.100000,0.000000,0.000000,1.200000,0.000000,0.000000,1.350000,0.000000,0.000000,0.850000,0.020000,0.000000,0.008000,0.000000,0.000600,0.008000,0.000000,0.000600,0.006000,0.000000,0.000000,1,1,1,416,204,361,361,361,0,0,60.00,49896,2888,362,0,0,0,49897,505.82,0.00,2,2880,0.0000,0.5000,0.5000,0.0000,0.5000
2026-04-27T19:15:28.666,6.938,1,1.50,-179.70,0.00,0.00,0,0.0000,0.0000,0.4000,0.0000,0.0000,0.0000,0.00,0.00,58.38,60.67,417,257,0.61631,0.61631,0.98561,0.62110,3,2,0,0.00000,0.00000,1.00000,0.0000,0.0000,0.0000,0.0000,0.0000,0.0000,0.00,0.00,0.00,1,1,0.0000,0.0000,0.4000,0.00,0.8200,0.3500,1.0000,6.00,180.00,5.000000,0.050000,0.000000,1.100000,0.000000,0.000000,1.200000,0.000000,0.000000,1.350000,0.000000,0.000000,0.850000,0.020000,0.000000,0.008000,0.000000,0.000600,0.008000,0.000000,0.000600,0.006000,0.000000,0.000000,1,1,1,417,204,361,361,361,0,0,60.00,49896,2888,362,0,0,0,49897,505.82,0.00,2,2880,0.0000,0.5000,0.5000,0.0000,0.5000
2026-04-27T19:15:28.682,6.954,1,1.50,-179.70,0.00,0.00,0,0.0000,0.0000,0.4000,0.0000,0.0000,0.0000,0.00,0.00,60.67,61.96,418,257,0.61483,0.61483,0.98565,0.61962,3,2,0,0.00000,0.00000,1.00000,0.0000,0.0000,0.0000,0.0000,0.0000,0.0000,0.00,0.00,0.00,1,1,0.0000,0.0000,0.4000,0.00,0.8200,0.3500,1.0000,6.00,180.00,5.000000,0.050000,0.000000,1.100000,0.000000,0.000000,1.200000,0.000000,0.000000,1.350000,0.000000,0.000000,0.850000,0.020000,0.000000,0.008000,0.000000,0.000600,0.008000,0.000000,0.000600,0.006000,0.000000,0.000000,1,1,1,418,204,361,361,361,0,0,60.00,49896,2888,362,0,0,0,49897,505.82,0.00,2,2880,0.0000,0.5000,0.5000,0.0000,0.5000
2026-04-27T19:15:28.700,6.972,1,1.50,-179.70,0.00,0.00,0,0.0000,0.0000,0.4000,0.0000,0.0000,0.0000,0.00,0.00,61.96,55.28,419,257,0.61337,0.61337,0.98568,0.61814,3,2,0,0.00000,0.00000,1.00000,0.0000,0.0000,0.0000,0.0000,0.0000,0.0000,0.00,0.00,0.00,1,1,0.0000,0.0000,0.4000,0.00,0.8200,0.3500,1.0000,6.00,180.00,5.000000,0.050000,0.000000,1.100000,0.000000,0.000000,1.200000,0.000000,0.000000,1.350000,0.000000,0.000000,0.850000,0.020000,0.000000,0.008000,0.000000,0.000600,0.008000,0.000000,0.000600,0.006000,0.000000,0.000000,1,1,1,419,204,361,361,361,0,0,60.00,49896,2888,362,0,0,0,49897,505.82,0.00,2,2880,0.0000,0.5000,0.5000,0.0000,0.5000
2026-04-27T19:15:28.717,6.989,1,1.50,-179.70,0.00,0.00,0,0.0000,0.0000,0.4000,0.0000,0.0000,0.0000,0.00,0.00,51.95,62.82,420,257,0.61190,0.61190,0.98571,0.61667,3,2,0,0.00000,0.00000,1.00000,0.0000,0.0000,0.0000,0.0000,0.0000,0.0000,0.00,0.00,0.00,1,1,0.0000,0.0000,0.4000,0.00,0.8200,0.3500,1.0000,6.00,180.00,5.000000,0.050000,0.000000,1.100000,0.000000,0.000000,1.200000,0.000000,0.000000,1.350000,0.000000,0.000000,0.850000,0.020000,0.000000,0.008000,0.000000,0.000600,0.008000,0.000000,0.000600,0.006000,0.000000,0.000000,1,1,1,420,204,361,361,361,0,0,60.00,49896,2888,362,0,0,0,49897,505.82,0.00,2,2880,0.0000,0.5000,0.5000,0.0000,0.5000
2026-04-27T19:15:28.736,7.008,1,1.50,-179.70,0.00,0.00,0,0.0000,0.0000,0.4000,0.0000,0.0000,0.0000,0.00,0.00,59.66,56.25,421,257,0.61045,0.61045,0.98575,0.61520,3,2,0,0.00000,0.00000,1.00000,0.0000,0.0000,0.0000,0.0000,0.0000,0.0000,0.00,0.00,0.00,1,1,0.0000,0.0000,0.4000,0.00,0.8200,0.3500,1.0000,6.00,180.00,5.000000,0.050000,0.000000,1.100000,0.000000,0.000000,1.200000,0.000000,0.000000,1.350000,0.000000,0.000000,0.850000,0.020000,0.000000,0.008000,0.000000,0.000600,0.008000,0.000000,0.000600,0.006000,0.000000,0.000000,1,1,1,421,204,361,361,361,0,0,60.00,49896,2888,362,0,0,0,49897,505.82,0.00,2,2880,0.0000,0.5000,0.5000,0.0000,0.5000
2026-04-27T19:15:28.750,7.022,1,1.50,-179.70,0.00,0.00,0,0.0000,0.0000,0.4000,0.0000,0.0000,0.0000,0.00,0.00,52.39,61.22,422,257,0.60900,0.60900,0.98578,0.61374,3,2,0,0.00000,0.00000,1.00000,0.0000,0.0000,0.0000,0.0000,0.0000,0.0000,0.00,0.00,0.00,1,1,0.0000,0.0000,0.4000,0.00,0.8200,0.3500,1.0000,6.00,180.00,5.000000,0.050000,0.000000,1.100000,0.000000,0.000000,1.200000,0.000000,0.000000,1.350000,0.000000,0.000000,0.850000,0.020000,0.000000,0.008000,0.000000,0.000600,0.008000,0.000000,0.000600,0.006000,0.000000,0.000000,1,1,1,422,204,361,361,361,0,0,60.00,49896,2888,362,0,0,0,49897,505.82,0.00,2,2880,0.0000,0.5000,0.5000,0.0000,0.5000
2026-04-27T19:15:28.769,7.041,1,1.50,-179.70,0.00,0.00,0,0.0000,0.0000,0.4000,0.0000,0.0000,0.0000,0.00,0.00,70.23,63.14,423,257,0.60757,0.60757,0.98582,0.61229,3,2,0,0.00000,0.00000,1.00000,0.0000,0.0000,0.0000,0.0000,0.0000,0.0000,0.00,0.00,0.00,1,1,0.0000,0.0000,0.4000,0.00,0.8200,0.3500,1.0000,6.00,180.00,5.000000,0.050000,0.000000,1.100000,0.000000,0.000000,1.200000,0.000000,0.000000,1.350000,0.000000,0.000000,0.850000,0.020000,0.000000,0.008000,0.000000,0.000600,0.008000,0.000000,0.000600,0.006000,0.000000,0.000000,1,1,1,423,204,361,361,361,0,0,60.00,49896,2888,422,0,0,0,49957,500.50,0.00,4,1663,0.0000,0.5000,0.5000,0.0000,0.5000
2026-04-27T19:15:28.784,7.056,1,1.50,-179.70,0.00,0.00,0,0.0000,0.0000,0.4000,0.0000,0.0000,0.0000,0.00,0.00,55.77,61.97,424,257,0.60613,0.60613,0.98585,0.61085,3,2,0,0.00000,0.00000,1.00000,0.0000,0.0000,0.0000,0.0000,0.0000,0.0000,0.00,0.00,0.00,1,1,0.0000,0.0000,0.4000,0.00,0.8200,0.3500,1.0000,6.00,180.00,5.000000,0.050000,0.000000,1.100000,0.000000,0.000000,1.200000,0.000000,0.000000,1.350000,0.000000,0.000000,0.850000,0.020000,0.000000,0.008000,0.000000,0.000600,0.008000,0.000000,0.000600,0.006000,0.000000,0.000000,1,1,1,424,204,361,361,361,0,0,60.00,49896,2888,422,0,0,0,49957,500.50,0.00,4,1663,0.0000,0.5000,0.5000,0.0000,0.5000
2026-04-27T19:15:28.800,7.072,1,1.50,-179.70,0.00,0.00,0,0.0000,0.0000,0.4000,0.0000,0.0000,0.0000,0.00,0.00,68.56,55.67,425,257,0.60471,0.60471,0.98588,0.60941,3,2,0,0.00000,0.00000,1.00000,0.0000,0.0000,0.0000,0.0000,0.0000,0.0000,0.00,0.00,0.00,1,1,0.0000,0.0000,0.4000,0.00,0.8200,0.3500,1.0000,6.00,180.00,5.000000,0.050000,0.000000,1.100000,0.000000,0.000000,1.200000,0.000000,0.000000,1.350000,0.000000,0.000000,0.850000,0.020000,0.000000,0.008000,0.000000,0.000600,0.008000,0.000000,0.000600,0.006000,0.000000,0.000000,1,1,1,425,204,361,361,361,0,0,60.00,49896,2888,422,0,0,0,49957,500.50,0.00,4,1663,0.0000,0.5000,0.5000,0.0000,0.5000
2026-04-27T19:15:28.815,7.087,1,1.50,-179.70,0.00,0.00,0,0.0000,0.0000,0.4000,0.0000,0.0000,0.0000,0.00,0.00,61.72,67.32,426,257,0.60329,0.60329,0.98592,0.60798,3,2,0,0.00000,0.00000,1.00000,0.0000,0.0000,0.0000,0.0000,0.0000,0.0000,0.00,0.00,0.00,1,1,0.0000,0.0000,0.4000,0.00,0.8200,0.3500,1.0000,6.00,180.00,5.000000,0.050000,0.000000,1.100000,0.000000,0.000000,1.200000,0.000000,0.000000,1.350000,0.000000,0.000000,0.850000,0.020000,0.000000,0.008000,0.000000,0.000600,0.008000,0.000000,0.000600,0.006000,0.000000,0.000000,1,1,1,426,204,361,361,361,0,0,60.00,49896,2888,422,0,0,0,49957,500.50,0.00,4,1663,0.0000,0.5000,0.5000,0.0000,0.5000
2026-04-27T19:15:28.833,7.105,1,1.50,-179.70,0.00,0.00,0,0.0000,0.0000,0.4000,0.0000,0.0000,0.0000,0.00,0.00,67.32,54.41,427,257,0.60187,0.60187,0.98595,0.60656,3,2,0,0.00000,0.00000,1.00000,0.0000,0.0000,0.0000,0.0000,0.0000,0.0000,0.00,0.00,0.00,1,1,0.0000,0.0000,0.4000,0.00,0.8200,0.3500,1.0000,6.00,180.00,5.000000,0.050000,0.000000,1.100000,0.000000,0.000000,1.200000,0.000000,0.000000,1.350000,0.000000,0.000000,0.850000,0.020000,0.000000,0.008000,0.000000,0.000600,0.008000,0.000000,0.000600,0.006000,0.000000,0.000000,1,1,1,427,204,361,361,361,0,0,60.00,49896,2888,422,0,0,0,49957,500.50,0.00,4,1663,0.0000,0.5000,0.5000,0.0000,0.5000
2026-04-27T19:15:28.851,7.123,1,1.50,-179.70,0.00,0.00,0,0.0000,0.0000,0.4000,0.0000,0.0000,0.0000,0.00,0.00,54.41,62.45,428,257,0.60047,0.60047,0.98598,0.60514,3,2,0,0.00000,0.00000,1.00000,0.0000,0.0000,0.0000,0.0000,0.0000,0.0000,0.00,0.00,0.00,1,1,0.0000,0.0000,0.4000,0.00,0.8200,0.3500,1.0000,6.00,180.00,5.000000,0.050000,0.000000,1.100000,0.000000,0.000000,1.200000,0.000000,0.000000,1.350000,0.000000,0.000000,0.850000,0.020000,0.000000,0.008000,0.000000,0.000600,0.008000,0.000000,0.000600,0.006000,0.000000,0.000000,1,1,1,428,204,361,361,361,0,0,60.00,49896,2888,422,0,0,0,49957,500.50,0.00,4,1663,0.0000,0.5000,0.5000,0.0000,0.5000
2026-04-27T19:15:28.867,7.139,1,1.50,-179.70,0.00,0.00,0,0.0000,0.0000,0.4000,0.0000,0.0000,0.0000,0.00,0.00,54.04,57.64,429,257,0.59907,0.59907,0.98601,0.60373,3,2,0,0.00000,0.00000,1.00000,0.0000,0.0000,0.0000,0.0000,0.0000,0.0000,0.00,0.00,0.00,1,1,0.0000,0.0000,0.4000,0.00,0.8200,0.3500,1.0000,6.00,180.00,5.000000,0.050000,0.000000,1.100000,0.000000,0.000000,1.200000,0.000000,0.000000,1.350000,0.000000,0.000000,0.850000,0.020000,0.000000,0.008000,0.000000,0.000600,0.008000,0.000000,0.000600,0.006000,0.000000,0.000000,1,1,1,429,204,361,361,361,0,0,60.00,49896,2888,422,0,0,0,49957,500.50,0.00,4,1663,0.0000,0.5000,0.5000,0.0000,0.5000
2026-04-27T19:15:28.884,7.156,1,1.50,-179.70,0.00,0.00,0,0.0000,0.0000,0.4000,0.0000,0.0000,0.0000,0.00,0.00,62.31,62.48,430,257,0.59767,0.59767,0.98605,0.60233,3,2,0,0.00000,0.00000,1.00000,0.0000,0.0000,0.0000,0.0000,0.0000,0.0000,0.00,0.00,0.00,1,1,0.0000,0.0000,0.4000,0.00,0.8200,0.3500,1.0000,6.00,180.00,5.000000,0.050000,0.000000,1.100000,0.000000,0.000000,1.200000,0.000000,0.000000,1.350000,0.000000,0.000000,0.850000,0.020000,0.000000,0.008000,0.000000,0.000600,0.008000,0.000000,0.000600,0.006000,0.000000,0.000000,1,1,1,430,204,361,361,361,0,0,60.00,49896,2888,422,0,0,0,49957,500.50,0.00,4,1663,0.0000,0.5000,0.5000,0.0000,0.5000
2026-04-27T19:15:28.902,7.174,1,1.50,-179.70,0.00,0.00,0,0.0000,0.0000,0.4000,0.0000,0.0000,0.0000,0.00,0.00,63.22,55.47,431,257,0.59629,0.59629,0.98608,0.60093,3,2,0,0.00000,0.00000,1.00000,0.0000,0.0000,0.0000,0.0000,0.0000,0.0000,0.00,0.00,0.00,1,1,0.0000,0.0000,0.4000,0.00,0.8200,0.3500,1.0000,6.00,180.00,5.000000,0.050000,0.000000,1.100000,0.000000,0.000000,1.200000,0.000000,0.000000,1.350000,0.000000,0.000000,0.850000,0.020000,0.000000,0.008000,0.000000,0.000600,0.008000,0.000000,0.000600,0.006000,0.000000,0.000000,1,1,1,431,204,361,361,361,0,0,60.00,49896,2888,422,0,0,0,49957,500.50,0.00,4,1663,0.0000,0.5000,0.5000,0.0000,0.5000
2026-04-27T19:15:28.917,7.189,1,1.50,-179.70,0.00,0.00,0,0.0000,0.0000,0.4000,0.0000,0.0000,0.0000,0.00,0.00,50.99,61.48,432,257,0.59491,0.59491,0.98611,0.59954,3,2,0,0.00000,0.00000,1.00000,0.0000,0.0000,0.0000,0.0000,0.0000,0.0000,0.00,0.00,0.00,1,1,0.0000,0.0000,0.4000,0.00,0.8200,0.3500,1.0000,6.00,180.00,5.000000,0.050000,0.000000,1.100000,0.000000,0.000000,1.200000,0.000000,0.000000,1.350000,0.000000,0.000000,0.850000,0.020000,0.000000,0.008000,0.000000,0.000600,0.008000,0.000000,0.000600,0.006000,0.000000,0.000000,1,1,1,432,204,361,361,361,0,0,60.00,49896,2888,422,0,0,0,49957,500.50,0.00,4,1663,0.0000,0.5000,0.5000,0.0000,0.5000
2026-04-27T19:15:28.933,7.205,1,1.50,-179.70,0.00,0.00,0,0.0000,0.0000,0.4000,0.0000,0.0000,0.0000,0.00,0.00,64.56,62.14,433,257,0.59353,0.59353,0.98614,0.59815,3,2,0,0.00000,0.00000,1.00000,0.0000,0.0000,0.0000,0.0000,0.0000,0.0000,0.00,0.00,0.00,1,1,0.0000,0.0000,0.4000,0.00,0.8200,0.3500,1.0000,6.00,180.00,5.000000,0.050000,0.000000,1.100000,0.000000,0.000000,1.200000,0.000000,0.000000,1.350000,0.000000,0.000000,0.850000,0.020000,0.000000,0.008000,0.000000,0.000600,0.008000,0.000000,0.000600,0.006000,0.000000,0.000000,1,1,1,433,204,361,361,361,0,0,60.00,49896,2888,422,0,0,0,49957,500.50,0.00,4,1663,0.0000,0.5000,0.5000,0.0000,0.5000
2026-04-27T19:15:28.947,7.219,1,1.50,-179.70,0.00,0.00,0,0.0000,0.0000,0.4000,0.0000,0.0000,0.0000,0.00,0.00,57.42,72.85,434,257,0.59217,0.59217,0.98618,0.59677,3,2,0,0.00000,0.00000,1.00000,0.0000,0.0000,0.0000,0.0000,0.0000,0.0000,0.00,0.00,0.00,1,1,0.0000,0.0000,0.4000,0.00,0.8200,0.3500,1.0000,6.00,180.00,5.000000,0.050000,0.000000,1.100000,0.000000,0.000000,1.200000,0.000000,0.000000,1.350000,0.000000,0.000000,0.850000,0.020000,0.000000,0.008000,0.000000,0.000600,0.008000,0.000000,0.000600,0.006000,0.000000,0.000000,1,1,1,434,204,361,361,361,0,0,60.00,49896,2888,422,0,0,0,49957,500.50,0.00,4,1663,0.0000,0.5000,0.5000,0.0000,0.5000
2026-04-27T19:15:28.968,7.240,1,1.50,-179.70,0.00,0.00,0,0.0000,0.0000,0.4000,0.0000,0.0000,0.0000,0.00,0.00,94.42,55.94,435,257,0.59080,0.59080,0.98621,0.59540,3,2,0,0.00000,0.00000,1.00000,0.0000,0.0000,0.0000,0.0000,0.0000,0.0000,0.00,0.00,0.00,1,1,0.0000,0.0000,0.4000,0.00,0.8200,0.3500,1.0000,6.00,180.00,5.000000,0.050000,0.000000,1.100000,0.000000,0.000000,1.200000,0.000000,0.000000,1.350000,0.000000,0.000000,0.850000,0.020000,0.000000,0.008000,0.000000,0.000600,0.008000,0.000000,0.000600,0.006000,0.000000,0.000000,1,1,1,435,204,361,361,361,0,0,60.00,49896,2888,422,0,0,0,49957,500.50,0.00,4,1663,0.0000,0.5000,0.5000,0.0000,0.5000
2026-04-27T19:15:28.986,7.259,1,1.50,-179.70,0.00,0.00,0,0.0000,0.0000,0.4000,0.0000,0.0000,0.0000,0.00,0.00,46.47,92.08,436,257,0.58945,0.58945,0.98624,0.59404,3,2,0,0.00000,0.00000,1.00000,0.0000,0.0000,0.0000,0.0000,0.0000,0.0000,0.00,0.00,0.00,1,1,0.0000,0.0000,0.4000,0.00,0.8200,0.3500,1.0000,6.00,180.00,5.000000,0.050000,0.000000,1.100000,0.000000,0.000000,1.200000,0.000000,0.000000,1.350000,0.000000,0.000000,0.850000,0.020000,0.000000,0.008000,0.000000,0.000600,0.008000,0.000000,0.000600,0.006000,0.000000,0.000000,1,1,1,436,204,361,361,361,0,0,60.00,49896,2888,422,0,0,0,49957,500.50,0.00,4,1663,0.0000,0.5000,0.5000,0.0000,0.5000
2026-04-27T19:15:28.996,7.268,1,1.50,-179.70,0.00,0.00,0,0.0000,0.0000,0.4000,0.0000,0.0000,0.0000,0.00,0.00,55.12,48.57,437,257,0.58810,0.58810,0.98627,0.59268,3,2,0,0.00000,0.00000,1.00000,0.0000,0.0000,0.0000,0.0000,0.0000,0.0000,0.00,0.00,0.00,1,1,0.0000,0.0000,0.4000,0.00,0.8200,0.3500,1.0000,6.00,180.00,5.000000,0.050000,0.000000,1.100000,0.000000,0.000000,1.200000,0.000000,0.000000,1.350000,0.000000,0.000000,0.850000,0.020000,0.000000,0.008000,0.000000,0.000600,0.008000,0.000000,0.000600,0.006000,0.000000,0.000000,1,1,1,437,204,361,361,361,0,0,60.00,49896,2888,422,0,0,0,49957,500.50,0.00,4,1663,0.0000,0.5000,0.5000,0.0000,0.5000
2026-04-27T19:15:29.017,7.289,1,1.50,-179.70,0.00,0.00,0,0.0000,0.0000,0.4000,0.0000,0.0000,0.0000,0.00,0.00,103.48,49.95,438,257,0.58676,0.58676,0.98630,0.59132,3,2,0,0.00000,0.00000,1.00000,0.0000,0.0000,0.0000,0.0000,0.0000,0.0000,0.00,0.00,0.00,1,1,0.0000,0.0000,0.4000,0.00,0.8200,0.3500,1.0000,6.00,180.00,5.000000,0.050000,0.000000,1.100000,0.000000,0.000000,1.200000,0.000000,0.000000,1.350000,0.000000,0.000000,0.850000,0.020000,0.000000,0.008000,0.000000,0.000600,0.008000,0.000000,0.000600,0.006000,0.000000,0.000000,1,1,1,438,204,361,361,361,0,0,60.00,49896,2888,422,0,0,0,49957,500.50,0.00,4,1663,0.0000,0.5000,0.5000,0.0000,0.5000
2026-04-27T19:15:29.034,7.306,1,1.50,-179.70,0.00,0.00,0,0.0000,0.0000,0.4000,0.0000,0.0000,0.0000,0.00,0.00,44.40,60.23,439,257,0.58542,0.58542,0.98633,0.58998,3,2,0,0.00000,0.00000,1.00000,0.0000,0.0000,0.0000,0.0000,0.0000,0.0000,0.00,0.00,0.00,1,1,0.0000,0.0000,0.4000,0.00,0.8200,0.3500,1.0000,6.00,180.00,5.000000,0.050000,0.000000,1.100000,0.000000,0.000000,1.200000,0.000000,0.000000,1.350000,0.000000,0.000000,0.850000,0.020000,0.000000,0.008000,0.000000,0.000600,0.008000,0.000000,0.000600,0.006000,0.000000,0.000000,1,1,1,439,204,361,361,361,0,0,60.00,49896,2888,422,0,0,0,49957,500.50,0.00,4,1663,0.0000,0.5000,0.5000,0.0000,0.5000
2026-04-27T19:15:29.043,7.315,1,1.50,-179.70,0.00,0.00,0,0.0000,0.0000,0.4000,0.0000,0.0000,0.0000,0.00,0.00,61.65,94.52,440,257,0.58409,0.58409,0.98636,0.58864,3,2,0,0.00000,0.00000,1.00000,0.0000,0.0000,0.0000,0.0000,0.0000,0.0000,0.00,0.00,0.00,1,1,0.0000,0.0000,0.4000,0.00,0.8200,0.3500,1.0000,6.00,180.00,5.000000,0.050000,0.000000,1.100000,0.000000,0.000000,1.200000,0.000000,0.000000,1.350000,0.000000,0.000000,0.850000,0.020000,0.000000,0.008000,0.000000,0.000600,0.008000,0.000000,0.000600,0.006000,0.000000,0.000000,1,1,1,440,204,361,361,361,0,0,60.00,49896,2888,422,0,0,0,49957,500.50,0.00,4,1663,0.0000,0.5000,0.5000,0.0000,0.5000
2026-04-27T19:15:29.068,7.340,1,1.50,-179.70,0.00,0.00,0,0.0000,0.0000,0.4000,0.0000,0.0000,0.0000,0.00,0.00,118.18,42.19,441,257,0.58277,0.58277,0.98639,0.58730,3,2,0,0.00000,0.00000,1.00000,0.0000,0.0000,0.0000,0.0000,0.0000,0.0000,0.00,0.00,0.00,1,1,0.0000,0.0000,0.4000,0.00,0.8200,0.3500,1.0000,6.00,180.00,5.000000,0.050000,0.000000,1.100000,0.000000,0.000000,1.200000,0.000000,0.000000,1.350000,0.000000,0.000000,0.850000,0.020000,0.000000,0.008000,0.000000,0.000600,0.008000,0.000000,0.000600,0.006000,0.000000,0.000000,1,1,1,441,204,361,361,361,0,0,60.00,49896,2888,422,0,0,0,49957,500.50,0.00,4,1663,0.0000,0.5000,0.5000,0.0000,0.5000
2026-04-27T19:15:29.084,7.356,1,1.50,-179.70,0.00,0.00,0,0.0000,0.0000,0.4000,0.0000,0.0000,0.0000,0.00,0.00,38.89,61.05,442,257,0.58145,0.58145,0.98643,0.58597,3,2,0,0.00000,0.00000,1.00000,0.0000,0.0000,0.0000,0.0000,0.0000,0.0000,0.00,0.00,0.00,1,1,0.0000,0.0000,0.4000,0.00,0.8200,0.3500,1.0000,6.00,180.00,5.000000,0.050000,0.000000,1.100000,0.000000,0.000000,1.200000,0.000000,0.000000,1.350000,0.000000,0.000000,0.850000,0.020000,0.000000,0.008000,0.000000,0.000600,0.008000,0.000000,0.000600,0.006000,0.000000,0.000000,1,1,1,442,204,361,361,361,0,0,60.00,49896,2888,422,0,0,0,49957,500.50,0.00,4,1663,0.0000,0.5000,0.5000,0.0000,0.5000
2026-04-27T19:15:29.101,7.373,1,1.50,-179.70,0.00,0.00,0,0.0000,0.0000,0.4000,0.0000,0.0000,0.0000,0.00,0.00,61.96,59.64,443,257,0.58014,0.58014,0.98646,0.58465,3,2,0,0.00000,0.00000,1.00000,0.0000,0.0000,0.0000,0.0000,0.0000,0.0000,0.00,0.00,0.00,1,1,0.0000,0.0000,0.4000,0.00,0.8200,0.3500,1.0000,6.00,180.00,5.000000,0.050000,0.000000,1.100000,0.000000,0.000000,1.200000,0.000000,0.000000,1.350000,0.000000,0.000000,0.850000,0.020000,0.000000,0.008000,0.000000,0.000600,0.008000,0.000000,0.000600,0.006000,0.000000,0.000000,1,1,1,443,204,361,361,361,0,0,60.00,49896,2888,422,0,0,0,49957,500.50,0.00,4,1663,0.0000,0.5000,0.5000,0.0000,0.5000
2026-04-27T19:15:29.118,7.390,1,1.50,-179.70,0.00,0.00,0,0.0000,0.0000,0.4000,0.0000,0.0000,0.0000,0.00,0.00,58.71,62.49,444,257,0.57883,0.57883,0.98649,0.58333,3,2,0,0.00000,0.00000,1.00000,0.0000,0.0000,0.0000,0.0000,0.0000,0.0000,0.00,0.00,0.00,1,1,0.0000,0.0000,0.4000,0.00,0.8200,0.3500,1.0000,6.00,180.00,5.000000,0.050000,0.000000,1.100000,0.000000,0.000000,1.200000,0.000000,0.000000,1.350000,0.000000,0.000000,0.850000,0.020000,0.000000,0.008000,0.000000,0.000600,0.008000,0.000000,0.000600,0.006000,0.000000,0.000000,1,1,1,444,204,361,361,361,0,0,60.00,49896,2888,422,0,0,0,49957,500.50,0.00,4,1663,0.0000,0.5000,0.5000,0.0000,0.5000
2026-04-27T19:15:29.134,7.407,1,1.50,-179.70,0.00,0.00,0,0.0000,0.0000,0.4000,0.0000,0.0000,0.0000,0.00,0.00,58.76,59.10,445,257,0.57753,0.57753,0.98652,0.58202,3,2,0,0.00000,0.00000,1.00000,0.0000,0.0000,0.0000,0.0000,0.0000,0.0000,0.00,0.00,0.00,1,1,0.0000,0.0000,0.4000,0.00,0.8200,0.3500,1.0000,6.00,180.00,5.000000,0.050000,0.000000,1.100000,0.000000,0.000000,1.200000,0.000000,0.000000,1.350000,0.000000,0.000000,0.850000,0.020000,0.000000,0.008000,0.000000,0.000600,0.008000,0.000000,0.000600,0.006000,0.000000,0.000000,1,1,1,445,204,361,361,361,0,0,60.00,49896,2888,422,0,0,0,49957,500.50,0.00,4,1663,0.0000,0.5000,0.5000,0.0000,0.5000
2026-04-27T19:15:29.147,7.419,1,1.50,-179.70,0.00,0.00,0,0.0000,0.0000,0.4000,0.0000,0.0000,0.0000,0.00,0.00,61.36,72.08,446,257,0.57623,0.57623,0.98655,0.58072,3,2,0,0.00000,0.00000,1.00000,0.0000,0.0000,0.0000,0.0000,0.0000,0.0000,0.00,0.00,0.00,1,1,0.0000,0.0000,0.4000,0.00,0.8200,0.3500,1.0000,6.00,180.00,5.000000,0.050000,0.000000,1.100000,0.000000,0.000000,1.200000,0.000000,0.000000,1.350000,0.000000,0.000000,0.850000,0.020000,0.000000,0.008000,0.000000,0.000600,0.008000,0.000000,0.000600,0.006000,0.000000,0.000000,1,1,1,446,204,361,361,361,0,0,60.00,49896,2888,422,0,0,0,49957,500.50,0.00,4,1663,0.0000,0.5000,0.5000,0.0000,0.5000
2026-04-27T19:15:29.158,7.430,1,1.50,-179.70,0.00,0.00,0,0.0000,0.0000,0.4000,0.0000,0.0000,0.0000,0.00,0.00,87.38,90.39,447,257,0.57494,0.57494,0.98658,0.57942,3,2,0,0.00000,0.00000,1.00000,0.0000,0.0000,0.0000,0.0000,0.0000,0.0000,0.00,0.00,0.00,1,1,0.0000,0.0000,0.4000,0.00,0.8200,0.3500,1.0000,6.00,180.00,5.000000,0.050000,0.000000,1.100000,0.000000,0.000000,1.200000,0.000000,0.000000,1.350000,0.000000,0.000000,0.850000,0.020000,0.000000,0.008000,0.000000,0.000600,0.008000,0.000000,0.000600,0.006000,0.000000,0.000000,1,1,1,447,204,361,361,361,0,0,60.00,49896,2888,422,0,0,0,49957,500.50,0.00,4,1663,0.0000,0.5000,0.5000,0.0000,0.5000
2026-04-27T19:15:29.186,7.458,1,1.50,-179.70,0.00,0.00,0,0.0000,0.0000,0.4000,0.0000,0.0000,0.0000,0.00,0.00,46.77,40.43,448,257,0.57366,0.57366,0.98661,0.57812,3,2,0,0.00000,0.00000,1.00000,0.0000,0.0000,0.0000,0.0000,0.0000,0.0000,0.00,0.00,0.00,1,1,0.0000,0.0000,0.4000,0.00,0.8200,0.3500,1.0000,6.00,180.00,5.000000,0.050000,0.000000,1.100000,0.000000,0.000000,1.200000,0.000000,0.000000,1.350000,0.000000,0.000000,0.850000,0.020000,0.000000,0.008000,0.000000,0.000600,0.008000,0.000000,0.000600,0.006000,0.000000,0.000000,1,1,1,448,204,361,361,361,0,0,60.00,49896,2888,422,0,0,0,49957,500.50,0.00,4,1663,0.0000,0.5000,0.5000,0.0000,0.5000
2026-04-27T19:15:29.200,7.473,1,1.50,-179.70,0.00,0.00,0,0.0000,0.0000,0.4000,0.0000,0.0000,0.0000,0.00,0.00,52.70,59.73,449,257,0.57238,0.57238,0.98664,0.57684,3,2,0,0.00000,0.00000,1.00000,0.0000,0.0000,0.0000,0.0000,0.0000,0.0000,0.00,0.00,0.00,1,1,0.0000,0.0000,0.4000,0.00,0.8200,0.3500,1.0000,6.00,180.00,5.000000,0.050000,0.000000,1.100000,0.000000,0.000000,1.200000,0.000000,0.000000,1.350000,0.000000,0.000000,0.850000,0.020000,0.000000,0.008000,0.000000,0.000600,0.008000,0.000000,0.000600,0.006000,0.000000,0.000000,1,1,1,449,204,361,361,361,0,0,60.00,49896,2888,422,0,0,0,49957,500.50,0.00,4,1663,0.0000,0.5000,0.5000,0.0000,0.5000
2026-04-27T19:15:29.209,7.482,1,1.50,-179.70,0.00,0.00,0,0.0000,0.0000,0.4000,0.0000,0.0000,0.0000,0.00,0.00,68.95,100.22,450,257,0.57111,0.57111,0.98667,0.57556,3,2,0,0.00000,0.00000,1.00000,0.0000,0.0000,0.0000,0.0000,0.0000,0.0000,0.00,0.00,0.00,1,1,0.0000,0.0000,0.4000,0.00,0.8200,0.3500,1.0000,6.00,180.00,5.000000,0.050000,0.000000,1.100000,0.000000,0.000000,1.200000,0.000000,0.000000,1.350000,0.000000,0.000000,0.850000,0.020000,0.000000,0.008000,0.000000,0.000600,0.008000,0.000000,0.000600,0.006000,0.000000,0.000000,1,1,1,450,204,361,361,361,0,0,60.00,49896,2888,422,0,0,0,49957,500.50,0.00,4,1663,0.0000,0.5000,0.5000,0.0000,0.5000
2026-04-27T19:15:29.235,7.507,1,1.50,-179.70,0.00,0.00,0,0.0000,0.0000,0.4000,0.0000,0.0000,0.0000,0.00,0.00,130.52,43.26,451,257,0.56984,0.56984,0.98670,0.57428,3,2,0,0.00000,0.00000,1.00000,0.0000,0.0000,0.0000,0.0000,0.0000,0.0000,0.00,0.00,0.00,1,1,0.0000,0.0000,0.4000,0.00,0.8200,0.3500,1.0000,6.00,180.00,5.000000,0.050000,0.000000,1.100000,0.000000,0.000000,1.200000,0.000000,0.000000,1.350000,0.000000,0.000000,0.850000,0.020000,0.000000,0.008000,0.000000,0.000600,0.008000,0.000000,0.000600,0.006000,0.000000,0.000000,1,1,1,451,204,361,361,361,0,0,60.00,49896,2888,422,0,0,0,49957,500.50,0.00,4,1663,0.0000,0.5000,0.5000,0.0000,0.5000
2026-04-27T19:15:29.251,7.523,1,1.50,-179.70,0.00,0.00,0,0.0000,0.0000,0.4000,0.0000,0.0000,0.0000,0.00,0.00,39.81,58.93,452,257,0.56858,0.56858,0.98673,0.57301,3,2,0,0.00000,0.00000,1.00000,0.0000,0.0000,0.0000,0.0000,0.0000,0.0000,0.00,0.00,0.00,1,1,0.0000,0.0000,0.4000,0.00,0.8200,0.3500,1.0000,6.00,180.00,5.000000,0.050000,0.000000,1.100000,0.000000,0.000000,1.200000,0.000000,0.000000,1.350000,0.000000,0.000000,0.850000,0.020000,0.000000,0.008000,0.000000,0.000600,0.008000,0.000000,0.000600,0.006000,0.000000,0.000000,1,1,1,452,204,361,361,361,0,0,60.00,49896,2888,422,0,0,0,49957,500.50,0.00,4,1663,0.0000,0.5000,0.5000,0.0000,0.5000
2026-04-27T19:15:29.266,7.539,1,1.50,-179.70,0.00,0.00,0,0.0000,0.0000,0.4000,0.0000,0.0000,0.0000,0.00,0.00,54.99,59.07,453,257,0.56733,0.56733,0.98675,0.57174,3,2,0,0.00000,0.00000,1.00000,0.0000,0.0000,0.0000,0.0000,0.0000,0.0000,0.00,0.00,0.00,1,1,0.0000,0.0000,0.4000,0.00,0.8200,0.3500,1.0000,6.00,180.00,5.000000,0.050000,0.000000,1.100000,0.000000,0.000000,1.200000,0.000000,0.000000,1.350000,0.000000,0.000000,0.850000,0.020000,0.000000,0.008000,0.000000,0.000600,0.008000,0.000000,0.000600,0.006000,0.000000,0.000000,1,1,1,453,204,361,361,361,0,0,60.00,49896,2888,422,0,0,0,49957,500.50,0.00,4,1663,0.0000,0.5000,0.5000,0.0000,0.5000
2026-04-27T19:15:29.283,7.556,1,1.50,-179.70,0.00,0.00,0,0.0000,0.0000,0.4000,0.0000,0.0000,0.0000,0.00,0.00,65.73,59.22,454,257,0.56608,0.56608,0.98678,0.57048,3,2,0,0.00000,0.00000,1.00000,0.0000,0.0000,0.0000,0.0000,0.0000,0.0000,0.00,0.00,0.00,1,1,0.0000,0.0000,0.4000,0.00,0.8200,0.3500,1.0000,6.00,180.00,5.000000,0.050000,0.000000,1.100000,0.000000,0.000000,1.200000,0.000000,0.000000,1.350000,0.000000,0.000000,0.850000,0.020000,0.000000,0.008000,0.000000,0.000600,0.008000,0.000000,0.000600,0.006000,0.000000,0.000000,1,1,1,454,204,361,361,361,0,0,60.00,49896,2888,422,0,0,0,49957,500.50,0.00,4,1663,0.0000,0.5000,0.5000,0.0000,0.5000
2026-04-27T19:15:29.301,7.573,1,1.50,-179.70,0.00,0.00,0,0.0000,0.0000,0.4000,0.0000,0.0000,0.0000,0.00,0.00,65.01,60.19,455,257,0.56484,0.56484,0.98681,0.56923,3,2,0,0.00000,0.00000,1.00000,0.0000,0.0000,0.0000,0.0000,0.0000,0.0000,0.00,0.00,0.00,1,1,0.0000,0.0000,0.4000,0.00,0.8200,0.3500,1.0000,6.00,180.00,5.000000,0.050000,0.000000,1.100000,0.000000,0.000000,1.200000,0.000000,0.000000,1.350000,0.000000,0.000000,0.850000,0.020000,0.000000,0.008000,0.000000,0.000600,0.008000,0.000000,0.000600,0.006000,0.000000,0.000000,1,1,1,455,204,361,361,361,0,0,60.00,49896,2888,422,0,0,0,49957,500.50,0.00,4,1663,0.0000,0.5000,0.5000,0.0000,0.5000
2026-04-27T19:15:29.317,7.589,1,1.50,-179.70,0.00,0.00,0,0.0000,0.0000,0.4000,0.0000,0.0000,0.0000,0.00,0.00,52.81,61.98,456,257,0.56360,0.56360,0.98684,0.56798,3,2,0,0.00000,0.00000,1.00000,0.0000,0.0000,0.0000,0.0000,0.0000,0.0000,0.00,0.00,0.00,1,1,0.0000,0.0000,0.4000,0.00,0.8200,0.3500,1.0000,6.00,180.00,5.000000,0.050000,0.000000,1.100000,0.000000,0.000000,1.200000,0.000000,0.000000,1.350000,0.000000,0.000000,0.850000,0.020000,0.000000,0.008000,0.000000,0.000600,0.008000,0.000000,0.000600,0.006000,0.000000,0.000000,1,1,1,456,204,361,361,361,0,0,60.00,49896,2888,422,0,0,0,49957,500.50,0.00,4,1663,0.0000,0.5000,0.5000,0.0000,0.5000
2026-04-27T19:15:29.334,7.606,1,1.50,-179.70,0.00,0.00,0,0.0000,0.0000,0.4000,0.0000,0.0000,0.0000,0.00,0.00,63.21,58.70,457,257,0.56236,0.56236,0.98687,0.56674,3,2,0,0.00000,0.00000,1.00000,0.0000,0.0000,0.0000,0.0000,0.0000,0.0000,0.00,0.00,0.00,1,1,0.0000,0.0000,0.4000,0.00,0.8200,0.3500,1.0000,6.00,180.00,5.000000,0.050000,0.000000,1.100000,0.000000,0.000000,1.200000,0.000000,0.000000,1.350000,0.000000,0.000000,0.850000,0.020000,0.000000,0.008000,0.000000,0.000600,0.008000,0.000000,0.000600,0.006000,0.000000,0.000000,1,1,1,457,204,361,361,361,0,0,60.00,49896,2888,422,0,0,0,49957,500.50,0.00,4,1663,0.0000,0.5000,0.5000,0.0000,0.5000
2026-04-27T19:15:29.352,7.624,1,1.50,-179.70,0.00,0.00,0,0.0000,0.0000,0.4000,0.0000,0.0000,0.0000,0.00,0.00,64.58,59.13,458,257,0.56114,0.56114,0.98690,0.56550,3,2,0,0.00000,0.00000,1.00000,0.0000,0.0000,0.0000,0.0000,0.0000,0.0000,0.00,0.00,0.00,1,1,0.0000,0.0000,0.4000,0.00,0.8200,0.3500,1.0000,6.00,180.00,5.000000,0.050000,0.000000,1.100000,0.000000,0.000000,1.200000,0.000000,0.000000,1.350000,0.000000,0.000000,0.850000,0.020000,0.000000,0.008000,0.000000,0.000600,0.008000,0.000000,0.000600,0.006000,0.000000,0.000000,1,1,1,458,204,361,361,361,0,0,60.00,49896,2888,422,0,0,0,49957,500.50,0.00,4,1663,0.0000,0.5000,0.5000,0.0000,0.5000
2026-04-27T19:15:29.368,7.640,1,1.50,-179.70,0.00,0.00,0,0.0000,0.0000,0.4000,0.0000,0.0000,0.0000,0.00,0.00,48.83,61.10,459,257,0.55991,0.55991,0.98693,0.56427,3,2,0,0.00000,0.00000,1.00000,0.0000,0.0000,0.0000,0.0000,0.0000,0.0000,0.00,0.00,0.00,1,1,0.0000,0.0000,0.4000,0.00,0.8200,0.3500,1.0000,6.00,180.00,5.000000,0.050000,0.000000,1.100000,0.000000,0.000000,1.200000,0.000000,0.000000,1.350000,0.000000,0.000000,0.850000,0.020000,0.000000,0.008000,0.000000,0.000600,0.008000,0.000000,0.000600,0.006000,0.000000,0.000000,1,1,1,459,204,361,361,361,0,0,60.00,49896,2888,422,0,0,0,49957,500.50,0.00,4,1663,0.0000,0.5000,0.5000,0.0000,0.5000
2026-04-27T19:15:29.387,7.659,1,1.50,-179.70,0.00,0.00,0,0.0000,0.0000,0.4000,0.0000,0.0000,0.0000,0.00,0.00,68.74,57.47,460,257,0.55870,0.55870,0.98696,0.56304,3,2,0,0.00000,0.00000,1.00000,0.0000,0.0000,0.0000,0.0000,0.0000,0.0000,0.00,0.00,0.00,1,1,0.0000,0.0000,0.4000,0.00,0.8200,0.3500,1.0000,6.00,180.00,5.000000,0.050000,0.000000,1.100000,0.000000,0.000000,1.200000,0.000000,0.000000,1.350000,0.000000,0.000000,0.850000,0.020000,0.000000,0.008000,0.000000,0.000600,0.008000,0.000000,0.000600,0.006000,0.000000,0.000000,1,1,1,460,204,361,361,361,0,0,60.00,49896,2888,422,0,0,0,49957,500.50,0.00,4,1663,0.0000,0.5000,0.5000,0.0000,0.5000
2026-04-27T19:15:29.401,7.673,1,1.50,-179.70,0.00,0.00,0,0.0000,0.0000,0.4000,0.0000,0.0000,0.0000,0.00,0.00,50.23,63.62,461,257,0.55748,0.55748,0.98698,0.56182,3,2,0,0.00000,0.00000,1.00000,0.0000,0.0000,0.0000,0.0000,0.0000,0.0000,0.00,0.00,0.00,1,1,0.0000,0.0000,0.4000,0.00,0.8200,0.3500,1.0000,6.00,180.00,5.000000,0.050000,0.000000,1.100000,0.000000,0.000000,1.200000,0.000000,0.000000,1.350000,0.000000,0.000000,0.850000,0.020000,0.000000,0.008000,0.000000,0.000600,0.008000,0.000000,0.000600,0.006000,0.000000,0.000000,1,1,1,461,204,361,361,361,0,0,60.00,49896,2888,422,0,0,0,49957,500.50,0.00,4,1663,0.0000,0.5000,0.5000,0.0000,0.5000
2026-04-27T19:15:29.419,7.691,1,1.50,-179.70,0.00,0.00,0,0.0000,0.0000,0.4000,0.0000,0.0000,0.0000,0.00,0.00,76.56,55.46,462,257,0.55628,0.55628,0.98701,0.56061,3,2,0,0.00000,0.00000,1.00000,0.0000,0.0000,0.0000,0.0000,0.0000,0.0000,0.00,0.00,0.00,1,1,0.0000,0.0000,0.4000,0.00,0.8200,0.3500,1.0000,6.00,180.00,5.000000,0.050000,0.000000,1.100000,0.000000,0.000000,1.200000,0.000000,0.000000,1.350000,0.000000,0.000000,0.850000,0.020000,0.000000,0.008000,0.000000,0.000600,0.008000,0.000000,0.000600,0.006000,0.000000,0.000000,1,1,1,462,204,361,361,361,0,0,60.00,49896,2888,422,0,0,0,49957,500.50,0.00,4,1663,0.0000,0.5000,0.5000,0.0000,0.5000
2026-04-27T19:15:29.435,7.707,1,1.50,-179.70,0.00,0.00,0,0.0000,0.0000,0.4000,0.0000,0.0000,0.0000,0.00,0.00,54.13,63.57,463,257,0.55508,0.55508,0.98704,0.55940,3,2,0,0.00000,0.00000,1.00000,0.0000,0.0000,0.0000,0.0000,0.0000,0.0000,0.00,0.00,0.00,1,1,0.0000,0.0000,0.4000,0.00,0.8200,0.3500,1.0000,6.00,180.00,5.000000,0.050000,0.000000,1.100000,0.000000,0.000000,1.200000,0.000000,0.000000,1.350000,0.000000,0.000000,0.850000,0.020000,0.000000,0.008000,0.000000,0.000600,0.008000,0.000000,0.000600,0.006000,0.000000,0.000000,1,1,1,463,204,361,361,361,0,0,60.00,49896,2888,422,0,0,0,49957,500.50,0.00,4,1663,0.0000,0.5000,0.5000,0.0000,0.5000
2026-04-27T19:15:29.451,7.723,1,1.50,-179.70,0.00,0.00,0,0.0000,0.0000,0.4000,0.0000,0.0000,0.0000,0.00,0.00,60.35,60.28,464,257,0.55388,0.55388,0.98707,0.55819,3,2,0,0.00000,0.00000,1.00000,0.0000,0.0000,0.0000,0.0000,0.0000,0.0000,0.00,0.00,0.00,1,1,0.0000,0.0000,0.4000,0.00,0.8200,0.3500,1.0000,6.00,180.00,5.000000,0.050000,0.000000,1.100000,0.000000,0.000000,1.200000,0.000000,0.000000,1.350000,0.000000,0.000000,0.850000,0.020000,0.000000,0.008000,0.000000,0.000600,0.008000,0.000000,0.000600,0.006000,0.000000,0.000000,1,1,1,464,204,361,361,361,0,0,60.00,49896,2888,422,0,0,0,49957,500.50,0.00,4,1663,0.0000,0.5000,0.5000,0.0000,0.5000
2026-04-27T19:15:29.469,7.741,1,1.50,-179.70,0.00,0.00,0,0.0000,0.0000,0.4000,0.0000,0.0000,0.0000,0.00,0.00,60.09,56.49,465,257,0.55269,0.55269,0.98710,0.55699,3,2,0,0.00000,0.00000,1.00000,0.0000,0.0000,0.0000,0.0000,0.0000,0.0000,0.00,0.00,0.00,1,1,0.0000,0.0000,0.4000,0.00,0.8200,0.3500,1.0000,6.00,180.00,5.000000,0.050000,0.000000,1.100000,0.000000,0.000000,1.200000,0.000000,0.000000,1.350000,0.000000,0.000000,0.850000,0.020000,0.000000,0.008000,0.000000,0.000600,0.008000,0.000000,0.000600,0.006000,0.000000,0.000000,1,1,1,465,204,361,361,361,0,0,60.00,49896,2888,422,0,0,0,49957,500.50,0.00,4,1663,0.0000,0.5000,0.5000,0.0000,0.5000
2026-04-27T19:15:29.484,7.757,1,1.50,-179.70,0.00,0.00,0,0.0000,0.0000,0.4000,0.0000,0.0000,0.0000,0.00,0.00,60.25,63.89,466,257,0.55150,0.55150,0.98712,0.55579,3,2,0,0.00000,0.00000,1.00000,0.0000,0.0000,0.0000,0.0000,0.0000,0.0000,0.00,0.00,0.00,1,1,0.0000,0.0000,0.4000,0.00,0.8200,0.3500,1.0000,6.00,180.00,5.000000,0.050000,0.000000,1.100000,0.000000,0.000000,1.200000,0.000000,0.000000,1.350000,0.000000,0.000000,0.850000,0.020000,0.000000,0.008000,0.000000,0.000600,0.008000,0.000000,0.000600,0.006000,0.000000,0.000000,1,1,1,466,204,361,361,361,0,0,60.00,49896,2888,422,0,0,0,49957,500.50,0.00,4,1663,0.0000,0.5000,0.5000,0.0000,0.5000
2026-04-27T19:15:29.499,7.772,1,1.50,-179.70,0.00,0.00,0,0.0000,0.0000,0.4000,0.0000,0.0000,0.0000,0.00,0.00,64.31,61.87,467,257,0.55032,0.55032,0.98715,0.55460,3,2,0,0.00000,0.00000,1.00000,0.0000,0.0000,0.0000,0.0000,0.0000,0.0000,0.00,0.00,0.00,1,1,0.0000,0.0000,0.4000,0.00,0.8200,0.3500,1.0000,6.00,180.00,5.000000,0.050000,0.000000,1.100000,0.000000,0.000000,1.200000,0.000000,0.000000,1.350000,0.000000,0.000000,0.850000,0.020000,0.000000,0.008000,0.000000,0.000600,0.008000,0.000000,0.000600,0.006000,0.000000,0.000000,1,1,1,467,204,361,361,361,0,0,60.00,49896,2888,422,0,0,0,49957,500.50,0.00,4,1663,0.0000,0.5000,0.5000,0.0000,0.5000
2026-04-27T19:15:29.519,7.791,1,1.50,-179.70,0.00,0.00,0,0.0000,0.0000,0.4000,0.0000,0.0000,0.0000,0.00,0.00,71.51,55.20,468,257,0.54915,0.54915,0.98718,0.55342,3,2,0,0.00000,0.00000,1.00000,0.0000,0.0000,0.0000,0.0000,0.0000,0.0000,0.00,0.00,0.00,1,1,0.0000,0.0000,0.4000,0.00,0.8200,0.3500,1.0000,6.00,180.00,5.000000,0.050000,0.000000,1.100000,0.000000,0.000000,1.200000,0.000000,0.000000,1.350000,0.000000,0.000000,0.850000,0.020000,0.000000,0.008000,0.000000,0.000600,0.008000,0.000000,0.000600,0.006000,0.000000,0.000000,1,1,1,468,204,361,361,361,0,0,60.00,49896,2888,422,0,0,0,49957,500.50,0.00,4,1663,0.0000,0.5000,0.5000,0.0000,0.5000
2026-04-27T19:15:29.533,7.805,1,1.50,-179.70,0.00,0.00,0,0.0000,0.0000,0.4000,0.0000,0.0000,0.0000,0.00,0.00,49.40,64.92,469,257,0.54797,0.54797,0.98721,0.55224,3,2,0,0.00000,0.00000,1.00000,0.0000,0.0000,0.0000,0.0000,0.0000,0.0000,0.00,0.00,0.00,1,1,0.0000,0.0000,0.4000,0.00,0.8200,0.3500,1.0000,6.00,180.00,5.000000,0.050000,0.000000,1.100000,0.000000,0.000000,1.200000,0.000000,0.000000,1.350000,0.000000,0.000000,0.850000,0.020000,0.000000,0.008000,0.000000,0.000600,0.008000,0.000000,0.000600,0.006000,0.000000,0.000000,1,1,1,469,204,361,361,361,0,0,60.00,49896,2888,422,0,0,0,49957,500.50,0.00,4,1663,0.0000,0.5000,0.5000,0.0000,0.5000
2026-04-27T19:15:29.551,7.824,1,1.50,-179.70,0.00,0.00,0,0.0000,0.0000,0.4000,0.0000,0.0000,0.0000,0.00,0.00,63.22,60.93,470,257,0.54681,0.54681,0.98723,0.55106,3,2,0,0.00000,0.00000,1.00000,0.0000,0.0000,0.0000,0.0000,0.0000,0.0000,0.00,0.00,0.00,1,1,0.0000,0.0000,0.4000,0.00,0.8200,0.3500,1.0000,6.00,180.00,5.000000,0.050000,0.000000,1.100000,0.000000,0.000000,1.200000,0.000000,0.000000,1.350000,0.000000,0.000000,0.850000,0.020000,0.000000,0.008000,0.000000,0.000600,0.008000,0.000000,0.000600,0.006000,0.000000,0.000000,1,1,1,470,204,361,361,361,0,0,60.00,49896,2888,422,0,0,0,49957,500.50,0.00,4,1663,0.0000,0.5000,0.5000,0.0000,0.5000
2026-04-27T19:15:29.567,7.839,1,1.50,-179.70,0.00,0.00,0,0.0000,0.0000,0.4000,0.0000,0.0000,0.0000,0.00,0.00,57.88,57.46,471,257,0.54565,0.54565,0.98726,0.54989,3,2,0,0.00000,0.00000,1.00000,0.0000,0.0000,0.0000,0.0000,0.0000,0.0000,0.00,0.00,0.00,1,1,0.0000,0.0000,0.4000,0.00,0.8200,0.3500,1.0000,6.00,180.00,5.000000,0.050000,0.000000,1.100000,0.000000,0.000000,1.200000,0.000000,0.000000,1.350000,0.000000,0.000000,0.850000,0.020000,0.000000,0.008000,0.000000,0.000600,0.008000,0.000000,0.000600,0.006000,0.000000,0.000000,1,1,1,471,204,361,361,361,0,0,60.00,49896,2888,422,0,0,0,49957,500.50,0.00,4,1663,0.0000,0.5000,0.5000,0.0000,0.5000
2026-04-27T19:15:29.584,7.856,1,1.50,-179.70,0.00,0.00,0,0.0000,0.0000,0.4000,0.0000,0.0000,0.0000,0.00,0.00,60.99,61.58,472,257,0.54449,0.54449,0.98729,0.54873,3,2,0,0.00000,0.00000,1.00000,0.0000,0.0000,0.0000,0.0000,0.0000,0.0000,0.00,0.00,0.00,1,1,0.0000,0.0000,0.4000,0.00,0.8200,0.3500,1.0000,6.00,180.00,5.000000,0.050000,0.000000,1.100000,0.000000,0.000000,1.200000,0.000000,0.000000,1.350000,0.000000,0.000000,0.850000,0.020000,0.000000,0.008000,0.000000,0.000600,0.008000,0.000000,0.000600,0.006000,0.000000,0.000000,1,1,1,472,204,361,361,361,0,0,60.00,49896,2888,422,0,0,0,49957,500.50,0.00,4,1663,0.0000,0.5000,0.5000,0.0000,0.5000
2026-04-27T19:15:29.603,7.875,1,1.50,-179.70,0.00,0.00,0,0.0000,0.0000,0.4000,0.0000,0.0000,0.0000,0.00,0.00,62.21,59.65,473,257,0.54334,0.54334,0.98732,0.54757,3,2,0,0.00000,0.00000,1.00000,0.0000,0.0000,0.0000,0.0000,0.0000,0.0000,0.00,0.00,0.00,1,1,0.0000,0.0000,0.4000,0.00,0.8200,0.3500,1.0000,6.00,180.00,5.000000,0.050000,0.000000,1.100000,0.000000,0.000000,1.200000,0.000000,0.000000,1.350000,0.000000,0.000000,0.850000,0.020000,0.000000,0.008000,0.000000,0.000600,0.008000,0.000000,0.000600,0.006000,0.000000,0.000000,1,1,1,473,204,361,361,361,0,0,60.00,49896,2888,422,0,0,0,49957,500.50,0.00,4,1663,0.0000,0.5000,0.5000,0.0000,0.5000
2026-04-27T19:15:29.618,7.890,1,1.50,-179.70,0.00,0.00,0,0.0000,0.0000,0.4000,0.0000,0.0000,0.0000,0.00,0.00,54.29,62.54,474,257,0.54219,0.54219,0.98734,0.54641,3,2,0,0.00000,0.00000,1.00000,0.0000,0.0000,0.0000,0.0000,0.0000,0.0000,0.00,0.00,0.00,1,1,0.0000,0.0000,0.4000,0.00,0.8200,0.3500,1.0000,6.00,180.00,5.000000,0.050000,0.000000,1.100000,0.000000,0.000000,1.200000,0.000000,0.000000,1.350000,0.000000,0.000000,0.850000,0.020000,0.000000,0.008000,0.000000,0.000600,0.008000,0.000000,0.000600,0.006000,0.000000,0.000000,1,1,1,474,204,361,361,361,0,0,60.00,49896,2888,422,0,0,0,49957,500.50,0.00,4,1663,0.0000,0.5000,0.5000,0.0000,0.5000
2026-04-27T19:15:29.635,7.907,1,1.50,-179.70,0.00,0.00,0,0.0000,0.0000,0.4000,0.0000,0.0000,0.0000,0.00,0.00,70.51,56.13,475,257,0.54105,0.54105,0.98737,0.54526,3,2,0,0.00000,0.00000,1.00000,0.0000,0.0000,0.0000,0.0000,0.0000,0.0000,0.00,0.00,0.00,1,1,0.0000,0.0000,0.4000,0.00,0.8200,0.3500,1.0000,6.00,180.00,5.000000,0.050000,0.000000,1.100000,0.000000,0.000000,1.200000,0.000000,0.000000,1.350000,0.000000,0.000000,0.850000,0.020000,0.000000,0.008000,0.000000,0.000600,0.008000,0.000000,0.000600,0.006000,0.000000,0.000000,1,1,1,475,204,361,361,361,0,0,60.00,49896,2888,422,0,0,0,49957,500.50,0.00,4,1663,0.0000,0.5000,0.5000,0.0000,0.5000
2026-04-27T19:15:29.650,7.922,1,1.50,-179.70,0.00,0.00,0,0.0000,0.0000,0.4000,0.0000,0.0000,0.0000,0.00,0.00,54.98,65.34,476,257,0.53992,0.53992,0.98739,0.54412,3,2,0,0.00000,0.00000,1.00000,0.0000,0.0000,0.0000,0.0000,0.0000,0.0000,0.00,0.00,0.00,1,1,0.0000,0.0000,0.4000,0.00,0.8200,0.3500,1.0000,6.00,180.00,5.000000,0.050000,0.000000,1.100000,0.000000,0.000000,1.200000,0.000000,0.000000,1.350000,0.000000,0.000000,0.850000,0.020000,0.000000,0.008000,0.000000,0.000600,0.008000,0.000000,0.000600,0.006000,0.000000,0.000000,1,1,1,476,204,361,361,361,0,0,60.00,49896,2888,422,0,0,0,49957,500.50,0.00,4,1663,0.0000,0.5000,0.5000,0.0000,0.5000
2026-04-27T19:15:29.668,7.940,1,1.50,-179.70,0.00,0.00,0,0.0000,0.0000,0.4000,0.0000,0.0000,0.0000,0.00,0.00,67.30,57.05,477,257,0.53878,0.53878,0.98742,0.54298,3,2,0,0.00000,0.00000,1.00000,0.0000,0.0000,0.0000,0.0000,0.0000,0.0000,0.00,0.00,0.00,1,1,0.0000,0.0000,0.4000,0.00,0.8200,0.3500,1.0000,6.00,180.00,5.000000,0.050000,0.000000,1.100000,0.000000,0.000000,1.200000,0.000000,0.000000,1.350000,0.000000,0.000000,0.850000,0.020000,0.000000,0.008000,0.000000,0.000600,0.008000,0.000000,0.000600,0.006000,0.000000,0.000000,1,1,1,477,204,361,361,361,0,0,60.00,49896,2888,422,0,0,0,49957,500.50,0.00,4,1663,0.0000,0.5000,0.5000,0.0000,0.5000
2026-04-27T19:15:29.682,7.954,1,1.50,-179.70,0.00,0.00,0,0.0000,0.0000,0.4000,0.0000,0.0000,0.0000,0.00,0.00,59.53,64.90,478,257,0.53766,0.53766,0.98745,0.54184,3,2,0,0.00000,0.00000,1.00000,0.0000,0.0000,0.0000,0.0000,0.0000,0.0000,0.00,0.00,0.00,1,1,0.0000,0.0000,0.4000,0.00,0.8200,0.3500,1.0000,6.00,180.00,5.000000,0.050000,0.000000,1.100000,0.000000,0.000000,1.200000,0.000000,0.000000,1.350000,0.000000,0.000000,0.850000,0.020000,0.000000,0.008000,0.000000,0.000600,0.008000,0.000000,0.000600,0.006000,0.000000,0.000000,1,1,1,478,204,361,361,361,0,0,60.00,49896,2888,422,0,0,0,49957,500.50,0.00,4,1663,0.0000,0.5000,0.5000,0.0000,0.5000
2026-04-27T19:15:29.700,7.972,1,1.50,-179.70,0.00,0.00,0,0.0000,0.0000,0.4000,0.0000,0.0000,0.0000,0.00,0.00,70.75,57.09,479,257,0.53653,0.53653,0.98747,0.54071,3,2,0,0.00000,0.00000,1.00000,0.0000,0.0000,0.0000,0.0000,0.0000,0.0000,0.00,0.00,0.00,1,1,0.0000,0.0000,0.4000,0.00,0.8200,0.3500,1.0000,6.00,180.00,5.000000,0.050000,0.000000,1.100000,0.000000,0.000000,1.200000,0.000000,0.000000,1.350000,0.000000,0.000000,0.850000,0.020000,0.000000,0.008000,0.000000,0.000600,0.008000,0.000000,0.000600,0.006000,0.000000,0.000000,1,1,1,479,204,361,361,361,0,0,60.00,49896,2888,422,0,0,0,49957,500.50,0.00,4,1663,0.0000,0.5000,0.5000,0.0000,0.5000
2026-04-27T19:15:29.716,7.989,1,1.50,-179.70,0.00,0.00,0,0.0000,0.0000,0.4000,0.0000,0.0000,0.0000,0.00,0.00,48.64,58.32,480,257,0.53542,0.53542,0.98750,0.53958,3,2,0,0.00000,0.00000,1.00000,0.0000,0.0000,0.0000,0.0000,0.0000,0.0000,0.00,0.00,0.00,1,1,0.0000,0.0000,0.4000,0.00,0.8200,0.3500,1.0000,6.00,180.00,5.000000,0.050000,0.000000,1.100000,0.000000,0.000000,1.200000,0.000000,0.000000,1.350000,0.000000,0.000000,0.850000,0.020000,0.000000,0.008000,0.000000,0.000600,0.008000,0.000000,0.000600,0.006000,0.000000,0.000000,1,1,1,480,204,361,361,361,0,0,60.00,49896,2888,422,0,0,0,49957,500.50,0.00,4,1663,0.0000,0.5000,0.5000,0.0000,0.5000
2026-04-27T19:15:29.732,8.004,1,1.50,-179.70,0.00,0.00,0,0.0000,0.0000,0.4000,0.0000,0.0000,0.0000,0.00,0.00,61.03,64.23,481,257,0.53430,0.53430,0.98753,0.53846,3,2,0,0.00000,0.00000,1.00000,0.0000,0.0000,0.0000,0.0000,0.0000,0.0000,0.00,0.00,0.00,1,1,0.0000,0.0000,0.4000,0.00,0.8200,0.3500,1.0000,6.00,180.00,5.000000,0.050000,0.000000,1.100000,0.000000,0.000000,1.200000,0.000000,0.000000,1.350000,0.000000,0.000000,0.850000,0.020000,0.000000,0.008000,0.000000,0.000600,0.008000,0.000000,0.000600,0.006000,0.000000,0.000000,1,1,1,481,204,361,361,361,0,0,60.00,49896,2888,422,0,0,0,49957,500.50,0.00,4,1663,0.0000,0.5000,0.5000,0.0000,0.5000
2026-04-27T19:15:29.752,8.024,1,1.50,-179.70,0.00,0.00,0,0.0000,0.0000,0.4000,0.0000,0.0000,0.0000,0.00,0.00,75.28,51.58,482,257,0.53320,0.53320,0.98755,0.53734,3,2,0,0.00000,0.00000,1.00000,0.0000,0.0000,0.0000,0.0000,0.0000,0.0000,0.00,0.00,0.00,1,1,0.0000,0.0000,0.4000,0.00,0.8200,0.3500,1.0000,6.00,180.00,5.000000,0.050000,0.000000,1.100000,0.000000,0.000000,1.200000,0.000000,0.000000,1.350000,0.000000,0.000000,0.850000,0.020000,0.000000,0.008000,0.000000,0.000600,0.008000,0.000000,0.000600,0.006000,0.000000,0.000000,1,1,1,482,204,481,481,481,0,0,60.00,50016,3022,422,0,0,0,49957,500.50,0.00,4,1663,0.0000,0.5000,0.5000,0.0000,0.5000
2026-04-27T19:15:29.767,8.039,1,1.50,-179.70,0.00,0.00,0,0.0000,0.0000,0.4000,0.0000,0.0000,0.0000,0.00,0.00,45.38,69.38,483,257,0.53209,0.53209,0.98758,0.53623,3,2,0,0.00000,0.00000,1.00000,0.0000,0.0000,0.0000,0.0000,0.0000,0.0000,0.00,0.00,0.00,1,1,0.0000,0.0000,0.4000,0.00,0.8200,0.3500,1.0000,6.00,180.00,5.000000,0.050000,0.000000,1.100000,0.000000,0.000000,1.200000,0.000000,0.000000,1.350000,0.000000,0.000000,0.850000,0.020000,0.000000,0.008000,0.000000,0.000600,0.008000,0.000000,0.000600,0.006000,0.000000,0.000000,1,1,1,483,204,481,481,481,0,0,60.00,50016,3022,482,0,0,0,50017,502.01,0.00,4,1199,0.0000,0.5000,0.5000,0.0000,0.5000
2026-04-27T19:15:29.784,8.057,1,1.50,-179.70,0.00,0.00,0,0.0000,0.0000,0.4000,0.0000,0.0000,0.0000,0.00,0.00,66.78,60.03,484,257,0.53099,0.53099,0.98760,0.53512,3,2,0,0.00000,0.00000,1.00000,0.0000,0.0000,0.0000,0.0000,0.0000,0.0000,0.00,0.00,0.00,1,1,0.0000,0.0000,0.4000,0.00,0.8200,0.3500,1.0000,6.00,180.00,5.000000,0.050000,0.000000,1.100000,0.000000,0.000000,1.200000,0.000000,0.000000,1.350000,0.000000,0.000000,0.850000,0.020000,0.000000,0.008000,0.000000,0.000600,0.008000,0.000000,0.000600,0.006000,0.000000,0.000000,1,1,1,484,204,481,481,481,0,0,60.00,50016,3022,482,0,0,0,50017,502.01,0.00,4,1199,0.0000,0.5000,0.5000,0.0000,0.5000
2026-04-27T19:15:29.804,8.076,1,1.50,-179.70,0.00,0.00,0,0.0000,0.0000,0.4000,0.0000,0.0000,0.0000,0.00,0.00,64.71,54.45,485,257,0.52990,0.52990,0.98763,0.53402,3,2,0,0.00000,0.00000,1.00000,0.0000,0.0000,0.0000,0.0000,0.0000,0.0000,0.00,0.00,0.00,1,1,0.0000,0.0000,0.4000,0.00,0.8200,0.3500,1.0000,6.00,180.00,5.000000,0.050000,0.000000,1.100000,0.000000,0.000000,1.200000,0.000000,0.000000,1.350000,0.000000,0.000000,0.850000,0.020000,0.000000,0.008000,0.000000,0.000600,0.008000,0.000000,0.000600,0.006000,0.000000,0.000000,1,1,1,485,204,481,481,481,0,0,60.00,50016,3022,482,0,0,0,50017,502.01,0.00,4,1199,0.0000,0.5000,0.5000,0.0000,0.5000
2026-04-27T19:15:29.820,8.093,1,1.50,-179.70,0.00,0.00,0,0.0000,0.0000,0.4000,0.0000,0.0000,0.0000,0.00,0.00,48.79,57.14,486,257,0.52881,0.52881,0.98765,0.53292,3,2,0,0.00000,0.00000,1.00000,0.0000,0.0000,0.0000,0.0000,0.0000,0.0000,0.00,0.00,0.00,1,1,0.0000,0.0000,0.4000,0.00,0.8200,0.3500,1.0000,6.00,180.00,5.000000,0.050000,0.000000,1.100000,0.000000,0.000000,1.200000,0.000000,0.000000,1.350000,0.000000,0.000000,0.850000,0.020000,0.000000,0.008000,0.000000,0.000600,0.008000,0.000000,0.000600,0.006000,0.000000,0.000000,1,1,1,486,204,481,481,481,0,0,60.00,50016,3022,482,0,0,0,50017,502.01,0.00,4,1199,0.0000,0.5000,0.5000,0.0000,0.5000
2026-04-27T19:15:29.833,8.105,1,1.50,-179.70,0.00,0.00,0,0.0000,0.0000,0.4000,0.0000,0.0000,0.0000,0.00,0.00,65.03,68.41,487,257,0.52772,0.52772,0.98768,0.53183,3,2,0,0.00000,0.00000,1.00000,0.0000,0.0000,0.0000,0.0000,0.0000,0.0000,0.00,0.00,0.00,1,1,0.0000,0.0000,0.4000,0.00,0.8200,0.3500,1.0000,6.00,180.00,5.000000,0.050000,0.000000,1.100000,0.000000,0.000000,1.200000,0.000000,0.000000,1.350000,0.000000,0.000000,0.850000,0.020000,0.000000,0.008000,0.000000,0.000600,0.008000,0.000000,0.000600,0.006000,0.000000,0.000000,1,1,1,487,204,481,481,481,0,0,60.00,50016,3022,482,0,0,0,50017,502.01,0.00,4,1199,0.0000,0.5000,0.5000,0.0000,0.5000
2026-04-27T19:15:29.850,8.122,1,1.50,-179.70,0.00,0.00,0,0.0000,0.0000,0.4000,0.0000,0.0000,0.0000,0.00,0.00,68.43,59.89,488,257,0.52664,0.52664,0.98770,0.53074,3,2,0,0.00000,0.00000,1.00000,0.0000,0.0000,0.0000,0.0000,0.0000,0.0000,0.00,0.00,0.00,1,1,0.0000,0.0000,0.4000,0.00,0.8200,0.3500,1.0000,6.00,180.00,5.000000,0.050000,0.000000,1.100000,0.000000,0.000000,1.200000,0.000000,0.000000,1.350000,0.000000,0.000000,0.850000,0.020000,0.000000,0.008000,0.000000,0.000600,0.008000,0.000000,0.000600,0.006000,0.000000,0.000000,1,1,1,488,204,481,481,481,0,0,60.00,50016,3022,482,0,0,0,50017,502.01,0.00,4,1199,0.0000,0.5000,0.5000,0.0000,0.5000
2026-04-27T19:15:29.869,8.141,1,1.50,-179.70,0.00,0.00,0,0.0000,0.0000,0.4000,0.0000,0.0000,0.0000,0.00,0.00,62.25,58.75,489,257,0.52556,0.52556,0.98773,0.52965,3,2,0,0.00000,0.00000,1.00000,0.0000,0.0000,0.0000,0.0000,0.0000,0.0000,0.00,0.00,0.00,1,1,0.0000,0.0000,0.4000,0.00,0.8200,0.3500,1.0000,6.00,180.00,5.000000,0.050000,0.000000,1.100000,0.000000,0.000000,1.200000,0.000000,0.000000,1.350000,0.000000,0.000000,0.850000,0.020000,0.000000,0.008000,0.000000,0.000600,0.008000,0.000000,0.000600,0.006000,0.000000,0.000000,1,1,1,489,204,481,481,481,0,0,60.00,50016,3022,482,0,0,0,50017,502.01,0.00,4,1199,0.0000,0.5000,0.5000,0.0000,0.5000
2026-04-27T19:15:29.885,8.157,1,1.50,-179.70,0.00,0.00,0,0.0000,0.0000,0.4000,0.0000,0.0000,0.0000,0.00,0.00,50.49,58.16,490,257,0.52449,0.52449,0.98776,0.52857,3,2,0,0.00000,0.00000,1.00000,0.0000,0.0000,0.0000,0.0000,0.0000,0.0000,0.00,0.00,0.00,1,1,0.0000,0.0000,0.4000,0.00,0.8200,0.3500,1.0000,6.00,180.00,5.000000,0.050000,0.000000,1.100000,0.000000,0.000000,1.200000,0.000000,0.000000,1.350000,0.000000,0.000000,0.850000,0.020000,0.000000,0.008000,0.000000,0.000600,0.008000,0.000000,0.000600,0.006000,0.000000,0.000000,1,1,1,490,204,481,481,481,0,0,60.00,50016,3022,482,0,0,0,50017,502.01,0.00,4,1199,0.0000,0.5000,0.5000,0.0000,0.5000
2026-04-27T19:15:29.901,8.173,1,1.50,-179.70,0.00,0.00,0,0.0000,0.0000,0.4000,0.0000,0.0000,0.0000,0.00,0.00,64.45,59.84,491,257,0.52342,0.52342,0.98778,0.52749,3,2,0,0.00000,0.00000,1.00000,0.0000,0.0000,0.0000,0.0000,0.0000,0.0000,0.00,0.00,0.00,1,1,0.0000,0.0000,0.4000,0.00,0.8200,0.3500,1.0000,6.00,180.00,5.000000,0.050000,0.000000,1.100000,0.000000,0.000000,1.200000,0.000000,0.000000,1.350000,0.000000,0.000000,0.850000,0.020000,0.000000,0.008000,0.000000,0.000600,0.008000,0.000000,0.000600,0.006000,0.000000,0.000000,1,1,1,491,204,481,481,481,0,0,60.00,50016,3022,482,0,0,0,50017,502.01,0.00,4,1199,0.0000,0.5000,0.5000,0.0000,0.5000
2026-04-27T19:15:29.918,8.190,1,1.50,-179.70,0.00,0.00,0,0.0000,0.0000,0.4000,0.0000,0.0000,0.0000,0.00,0.00,60.22,61.03,492,257,0.52236,0.52236,0.98780,0.52642,3,2,0,0.00000,0.00000,1.00000,0.0000,0.0000,0.0000,0.0000,0.0000,0.0000,0.00,0.00,0.00,1,1,0.0000,0.0000,0.4000,0.00,0.8200,0.3500,1.0000,6.00,180.00,5.000000,0.050000,0.000000,1.100000,0.000000,0.000000,1.200000,0.000000,0.000000,1.350000,0.000000,0.000000,0.850000,0.020000,0.000000,0.008000,0.000000,0.000600,0.008000,0.000000,0.000600,0.006000,0.000000,0.000000,1,1,1,492,204,481,481,481,0,0,60.00,50016,3022,482,0,0,0,50017,502.01,0.00,4,1199,0.0000,0.5000,0.5000,0.0000,0.5000
2026-04-27T19:15:29.935,8.207,1,1.50,-179.70,0.00,0.00,0,0.0000,0.0000,0.4000,0.0000,0.0000,0.0000,0.00,0.00,62.19,59.40,493,257,0.52130,0.52130,0.98783,0.52535,3,2,0,0.00000,0.00000,1.00000,0.0000,0.0000,0.0000,0.0000,0.0000,0.0000,0.00,0.00,0.00,1,1,0.0000,0.0000,0.4000,0.00,0.8200,0.3500,1.0000,6.00,180.00,5.000000,0.050000,0.000000,1.100000,0.000000,0.000000,1.200000,0.000000,0.000000,1.350000,0.000000,0.000000,0.850000,0.020000,0.000000,0.008000,0.000000,0.000600,0.008000,0.000000,0.000600,0.006000,0.000000,0.000000,1,1,1,493,204,481,481,481,0,0,60.00,50016,3022,482,0,0,0,50017,502.01,0.00,4,1199,0.0000,0.5000,0.5000,0.0000,0.5000
2026-04-27T19:15:29.949,8.221,1,1.50,-179.70,0.00,0.00,0,0.0000,0.0000,0.4000,0.0000,0.0000,0.0000,0.00,0.00,57.92,65.01,494,257,0.52024,0.52024,0.98785,0.52429,3,2,0,0.00000,0.00000,1.00000,0.0000,0.0000,0.0000,0.0000,0.0000,0.0000,0.00,0.00,0.00,1,1,0.0000,0.0000,0.4000,0.00,0.8200,0.3500,1.0000,6.00,180.00,5.000000,0.050000,0.000000,1.100000,0.000000,0.000000,1.200000,0.000000,0.000000,1.350000,0.000000,0.000000,0.850000,0.020000,0.000000,0.008000,0.000000,0.000600,0.008000,0.000000,0.000600,0.006000,0.000000,0.000000,1,1,1,494,204,481,481,481,0,0,60.00,50016,3022,482,0,0,0,50017,502.01,0.00,4,1199,0.0000,0.5000,0.5000,0.0000,0.5000
2026-04-27T19:15:29.967,8.239,1,1.50,-179.70,0.00,0.00,0,0.0000,0.0000,0.4000,0.0000,0.0000,0.0000,0.00,0.00,77.57,56.91,495,257,0.51919,0.51919,0.98788,0.52323,3,2,0,0.00000,0.00000,1.00000,0.0000,0.0000,0.0000,0.0000,0.0000,0.0000,0.00,0.00,0.00,1,1,0.0000,0.0000,0.4000,0.00,0.8200,0.3500,1.0000,6.00,180.00,5.000000,0.050000,0.000000,1.100000,0.000000,0.000000,1.200000,0.000000,0.000000,1.350000,0.000000,0.000000,0.850000,0.020000,0.000000,0.008000,0.000000,0.000600,0.008000,0.000000,0.000600,0.006000,0.000000,0.000000,1,1,1,495,204,481,481,481,0,0,60.00,50016,3022,482,0,0,0,50017,502.01,0.00,4,1199,0.0000,0.5000,0.5000,0.0000,0.5000
2026-04-27T19:15:29.984,8.256,1,1.50,-179.70,0.00,0.00,0,0.0000,0.0000,0.4000,0.0000,0.0000,0.0000,0.00,0.00,50.08,61.52,496,257,0.51815,0.51815,0.98790,0.52218,3,2,0,0.00000,0.00000,1.00000,0.0000,0.0000,0.0000,0.0000,0.0000,0.0000,0.00,0.00,0.00,1,1,0.0000,0.0000,0.4000,0.00,0.8200,0.3500,1.0000,6.00,180.00,5.000000,0.050000,0.000000,1.100000,0.000000,0.000000,1.200000,0.000000,0.000000,1.350000,0.000000,0.000000,0.850000,0.020000,0.000000,0.008000,0.000000,0.000600,0.008000,0.000000,0.000600,0.006000,0.000000,0.000000,1,1,1,496,204,481,481,481,0,0,60.00,50016,3022,482,0,0,0,50017,502.01,0.00,4,1199,0.0000,0.5000,0.5000,0.0000,0.5000
2026-04-27T19:15:30.001,8.273,1,1.50,-179.70,0.00,0.00,0,0.0000,0.0000,0.4000,0.0000,0.0000,0.0000,0.00,0.00,61.61,58.77,497,257,0.51710,0.51710,0.98793,0.52113,3,2,0,0.00000,0.00000,1.00000,0.0000,0.0000,0.0000,0.0000,0.0000,0.0000,0.00,0.00,0.00,1,1,0.0000,0.0000,0.4000,0.00,0.8200,0.3500,1.0000,6.00,180.00,5.000000,0.050000,0.000000,1.100000,0.000000,0.000000,1.200000,0.000000,0.000000,1.350000,0.000000,0.000000,0.850000,0.020000,0.000000,0.008000,0.000000,0.000600,0.008000,0.000000,0.000600,0.006000,0.000000,0.000000,1,1,1,497,204,481,481,481,0,0,60.00,50016,3022,482,0,0,0,50017,502.01,0.00,4,1199,0.0000,0.5000,0.5000,0.0000,0.5000
2026-04-27T19:15:30.018,8.290,1,1.50,-179.70,0.00,0.00,0,0.0000,0.0000,0.4000,0.0000,0.0000,0.0000,0.00,0.00,56.65,65.41,498,257,0.51606,0.51606,0.98795,0.52008,3,2,0,0.00000,0.00000,1.00000,0.0000,0.0000,0.0000,0.0000,0.0000,0.0000,0.00,0.00,0.00,1,1,0.0000,0.0000,0.4000,0.00,0.8200,0.3500,1.0000,6.00,180.00,5.000000,0.050000,0.000000,1.100000,0.000000,0.000000,1.200000,0.000000,0.000000,1.350000,0.000000,0.000000,0.850000,0.020000,0.000000,0.008000,0.000000,0.000600,0.008000,0.000000,0.000600,0.006000,0.000000,0.000000,1,1,1,498,204,481,481,481,0,0,60.00,50016,3022,482,0,0,0,50017,502.01,0.00,4,1199,0.0000,0.5000,0.5000,0.0000,0.5000
2026-04-27T19:15:30.033,8.305,1,1.50,-179.70,0.00,0.00,0,0.0000,0.0000,0.4000,0.0000,0.0000,0.0000,0.00,0.00,65.75,56.71,499,257,0.51503,0.51503,0.98798,0.51904,3,2,0,0.00000,0.00000,1.00000,0.0000,0.0000,0.0000,0.0000,0.0000,0.0000,0.00,0.00,0.00,1,1,0.0000,0.0000,0.4000,0.00,0.8200,0.3500,1.0000,6.00,180.00,5.000000,0.050000,0.000000,1.100000,0.000000,0.000000,1.200000,0.000000,0.000000,1.350000,0.000000,0.000000,0.850000,0.020000,0.000000,0.008000,0.000000,0.000600,0.008000,0.000000,0.000600,0.006000,0.000000,0.000000,1,1,1,499,204,481,481,481,0,0,60.00,50016,3022,482,0,0,0,50017,502.01,0.00,4,1199,0.0000,0.5000,0.5000,0.0000,0.5000
2026-04-27T19:15:30.051,8.323,1,1.50,-179.70,0.00,0.00,0,0.0000,0.0000,0.4000,0.0000,0.0000,0.0000,0.00,0.00,60.26,62.30,500,257,0.51400,0.51400,0.98800,0.51800,3,2,0,0.00000,0.00000,1.00000,0.0000,0.0000,0.0000,0.0000,0.0000,0.0000,0.00,0.00,0.00,1,1,0.0000,0.0000,0.4000,0.00,0.8200,0.3500,1.0000,6.00,180.00,5.000000,0.050000,0.000000,1.100000,0.000000,0.000000,1.200000,0.000000,0.000000,1.350000,0.000000,0.000000,0.850000,0.020000,0.000000,0.008000,0.000000,0.000600,0.008000,0.000000,0.000600,0.006000,0.000000,0.000000,1,1,1,500,204,481,481,481,0,0,60.00,50016,3022,482,0,0,0,50017,502.01,0.00,4,1199,0.0000,0.5000,0.5000,0.0000,0.5000
2026-04-27T19:15:30.066,8.339,1,1.50,-179.70,0.00,0.00,0,0.0000,0.0000,0.4000,0.0000,0.0000,0.0000,0.00,0.00,55.02,57.52,501,257,0.51297,0.51297,0.98802,0.51697,3,2,0,0.00000,0.00000,1.00000,0.0000,0.0000,0.0000,0.0000,0.0000,0.0000,0.00,0.00,0.00,1,1,0.0000,0.0000,0.4000,0.00,0.8200,0.3500,1.0000,6.00,180.00,5.000000,0.050000,0.000000,1.100000,0.000000,0.000000,1.200000,0.000000,0.000000,1.350000,0.000000,0.000000,0.850000,0.020000,0.000000,0.008000,0.000000,0.000600,0.008000,0.000000,0.000600,0.006000,0.000000,0.000000,1,1,1,501,204,481,481,481,0,0,60.00,50016,3022,482,0,0,0,50017,502.01,0.00,4,1199,0.0000,0.5000,0.5000,0.0000,0.5000
2026-04-27T19:15:30.083,8.355,1,1.50,-179.70,0.00,0.00,0,0.0000,0.0000,0.4000,0.0000,0.0000,0.0000,0.00,0.00,74.77,60.52,502,257,0.51195,0.51195,0.98805,0.51594,3,2,0,0.00000,0.00000,1.00000,0.0000,0.0000,0.0000,0.0000,0.0000,0.0000,0.00,0.00,0.00,1,1,0.0000,0.0000,0.4000,0.00,0.8200,0.3500,1.0000,6.00,180.00,5.000000,0.050000,0.000000,1.100000,0.000000,0.000000,1.200000,0.000000,0.000000,1.350000,0.000000,0.000000,0.850000,0.020000,0.000000,0.008000,0.000000,0.000600,0.008000,0.000000,0.000600,0.006000,0.000000,0.000000,1,1,1,502,204,481,481,481,0,0,60.00,50016,3022,482,0,0,0,50017,502.01,0.00,4,1199,0.0000,0.5000,0.5000,0.0000,0.5000
2026-04-27T19:15:30.099,8.371,1,1.50,-179.70,0.00,0.00,0,0.0000,0.0000,0.4000,0.0000,0.0000,0.0000,0.00,0.00,60.52,62.59,503,257,0.51093,0.51093,0.98807,0.51491,3,2,0,0.00000,0.00000,1.00000,0.0000,0.0000,0.0000,0.0000,0.0000,0.0000,0.00,0.00,0.00,1,1,0.0000,0.0000,0.4000,0.00,0.8200,0.3500,1.0000,6.00,180.00,5.000000,0.050000,0.000000,1.100000,0.000000,0.000000,1.200000,0.000000,0.000000,1.350000,0.000000,0.000000,0.850000,0.020000,0.000000,0.008000,0.000000,0.000600,0.008000,0.000000,0.000600,0.006000,0.000000,0.000000,1,1,1,503,204,481,481,481,0,0,60.00,50016,3022,482,0,0,0,50017,502.01,0.00,4,1199,0.0000,0.5000,0.5000,0.0000,0.5000
2026-04-27T19:15:30.117,8.389,1,1.50,-179.70,0.00,0.00,0,0.0000,0.0000,0.4000,0.0000,0.0000,0.0000,0.00,0.00,62.59,56.74,504,257,0.50992,0.50992,0.98810,0.51389,3,2,0,0.00000,0.00000,1.00000,0.0000,0.0000,0.0000,0.0000,0.0000,0.0000,0.00,0.00,0.00,1,1,0.0000,0.0000,0.4000,0.00,0.8200,0.3500,1.0000,6.00,180.00,5.000000,0.050000,0.000000,1.100000,0.000000,0.000000,1.200000,0.000000,0.000000,1.350000,0.000000,0.000000,0.850000,0.020000,0.000000,0.008000,0.000000,0.000600,0.008000,0.000000,0.000600,0.006000,0.000000,0.000000,1,1,1,504,204,481,481,481,0,0,60.00,50016,3022,482,0,0,0,50017,502.01,0.00,4,1199,0.0000,0.5000,0.5000,0.0000,0.5000
2026-04-27T19:15:30.134,8.407,1,1.50,-179.70,0.00,0.00,0,0.0000,0.0000,0.4000,0.0000,0.0000,0.0000,0.00,0.00,52.28,59.38,505,257,0.50891,0.50891,0.98812,0.51287,3,2,0,0.00000,0.00000,1.00000,0.0000,0.0000,0.0000,0.0000,0.0000,0.0000,0.00,0.00,0.00,1,1,0.0000,0.0000,0.4000,0.00,0.8200,0.3500,1.0000,6.00,180.00,5.000000,0.050000,0.000000,1.100000,0.000000,0.000000,1.200000,0.000000,0.000000,1.350000,0.000000,0.000000,0.850000,0.020000,0.000000,0.008000,0.000000,0.000600,0.008000,0.000000,0.000600,0.006000,0.000000,0.000000,1,1,1,505,204,481,481,481,0,0,60.00,50016,3022,482,0,0,0,50017,502.01,0.00,4,1199,0.0000,0.5000,0.5000,0.0000,0.5000
2026-04-27T19:15:30.150,8.422,1,0.00,-179.70,0.00,0.00,0,0.0000,0.0000,0.4000,0.0000,0.0000,0.0000,0.00,0.00,57.26,63.32,506,257,0.50791,0.50791,0.98814,0.51186,3,2,0,0.00000,0.00000,1.00000,0.0000,0.0000,0.0000,0.0000,0.0000,0.0000,0.00,0.00,0.00,1,1,0.0000,0.0000,0.4000,0.00,0.8200,0.3500,1.0000,6.00,180.00,5.000000,0.050000,0.000000,1.100000,0.000000,0.000000,1.200000,0.000000,0.000000,1.350000,0.000000,0.000000,0.850000,0.020000,0.000000,0.008000,0.000000,0.000600,0.008000,0.000000,0.000600,0.006000,0.000000,0.000000,1,1,1,506,204,481,481,481,0,0,60.00,50016,3022,482,0,0,0,50017,502.01,0.00,4,1199,0.0000,0.5000,0.5000,0.0000,0.5000
2026-04-27T19:15:30.167,8.439,1,0.00,-179.70,0.00,0.00,0,0.0000,0.0000,0.4000,0.0000,0.0000,0.0000,0.00,0.00,62.29,60.60,507,257,0.50690,0.50690,0.98817,0.51085,3,2,0,0.00000,0.00000,1.00000,0.0000,0.0000,0.0000,0.0000,0.0000,0.0000,0.00,0.00,0.00,1,1,0.0000,0.0000,0.4000,0.00,0.8200,0.3500,1.0000,6.00,180.00,5.000000,0.050000,0.000000,1.100000,0.000000,0.000000,1.200000,0.000000,0.000000,1.350000,0.000000,0.000000,0.850000,0.020000,0.000000,0.008000,0.000000,0.000600,0.008000,0.000000,0.000600,0.006000,0.000000,0.000000,1,1,1,507,204,481,481,481,0,0,60.00,50016,3022,482,0,0,0,50017,502.01,0.00,4,1199,0.0000,0.5000,0.5000,0.0000,0.5000
2026-04-27T19:15:30.184,8.456,1,0.00,-179.70,0.00,0.00,0,0.0000,0.0000,0.4000,0.0000,0.0000,0.0000,0.00,0.00,60.17,58.42,508,257,0.50591,0.50591,0.98819,0.50984,3,2,0,0.00000,0.00000,1.00000,0.0000,0.0000,0.0000,0.0000,0.0000,0.0000,0.00,0.00,0.00,1,1,0.0000,0.0000,0.4000,0.00,0.8200,0.3500,1.0000,6.00,180.00,5.000000,0.050000,0.000000,1.100000,0.000000,0.000000,1.200000,0.000000,0.000000,1.350000,0.000000,0.000000,0.850000,0.020000,0.000000,0.008000,0.000000,0.000600,0.008000,0.000000,0.000600,0.006000,0.000000,0.000000,1,1,1,508,204,481,481,481,0,0,60.00,50016,3022,482,0,0,0,50017,502.01,0.00,4,1199,0.0000,0.5000,0.5000,0.0000,0.5000
2026-04-27T19:15:30.200,8.473,1,1.50,-179.70,0.00,0.00,0,0.0000,0.0000,0.4000,0.0000,0.0000,0.0000,0.00,0.00,59.24,56.92,509,257,0.50491,0.50491,0.98821,0.50884,3,2,0,0.00000,0.00000,1.00000,0.0000,0.0000,0.0000,0.0000,0.0000,0.0000,0.00,0.00,0.00,1,1,0.0000,0.0000,0.4000,0.00,0.8200,0.3500,1.0000,6.00,180.00,5.000000,0.050000,0.000000,1.100000,0.000000,0.000000,1.200000,0.000000,0.000000,1.350000,0.000000,0.000000,0.850000,0.020000,0.000000,0.008000,0.000000,0.000600,0.008000,0.000000,0.000600,0.006000,0.000000,0.000000,1,1,1,509,204,481,481,481,0,0,60.00,50016,3022,482,0,0,0,50017,502.01,0.00,4,1199,0.0000,0.5000,0.5000,0.0000,0.5000
2026-04-27T19:15:30.219,8.491,1,1.50,-179.70,0.00,0.00,0,0.0000,0.0000,0.4000,0.0000,0.0000,0.0000,0.00,0.00,59.94,62.19,510,257,0.50392,0.50392,0.98824,0.50784,3,2,0,0.00000,0.00000,1.00000,0.0000,0.0000,0.0000,0.0000,0.0000,0.0000,0.00,0.00,0.00,1,1,0.0000,0.0000,0.4000,0.00,0.8200,0.3500,1.0000,6.00,180.00,5.000000,0.050000,0.000000,1.100000,0.000000,0.000000,1.200000,0.000000,0.000000,1.350000,0.000000,0.000000,0.850000,0.020000,0.000000,0.008000,0.000000,0.000600,0.008000,0.000000,0.000600,0.006000,0.000000,0.000000,1,1,1,510,204,481,481,481,0,0,60.00,50016,3022,482,0,0,0,50017,502.01,0.00,4,1199,0.0000,0.5000,0.5000,0.0000,0.5000
2026-04-27T19:15:30.234,8.506,1,1.50,-179.70,0.00,0.00,0,0.0000,0.0000,0.4000,0.0000,0.0000,0.0000,0.00,0.00,54.28,62.11,511,257,0.50294,0.50294,0.98826,0.50685,3,2,0,0.00000,0.00000,1.00000,0.0000,0.0000,0.0000,0.0000,0.0000,0.0000,0.00,0.00,0.00,1,1,0.0000,0.0000,0.4000,0.00,0.8200,0.3500,1.0000,6.00,180.00,5.000000,0.050000,0.000000,1.100000,0.000000,0.000000,1.200000,0.000000,0.000000,1.350000,0.000000,0.000000,0.850000,0.020000,0.000000,0.008000,0.000000,0.000600,0.008000,0.000000,0.000600,0.006000,0.000000,0.000000,1,1,1,511,204,481,481,481,0,0,60.00,50016,3022,482,0,0,0,50017,502.01,0.00,4,1199,0.0000,0.5000,0.5000,0.0000,0.5000
2026-04-27T19:15:30.250,8.523,1,1.50,-179.70,0.00,0.00,0,0.0000,0.0000,0.4000,0.0000,0.0000,0.0000,0.00,0.00,64.33,59.48,512,257,0.50195,0.50195,0.98828,0.50586,3,2,0,0.00000,0.00000,1.00000,0.0000,0.0000,0.0000,0.0000,0.0000,0.0000,0.00,0.00,0.00,1,1,0.0000,0.0000,0.4000,0.00,0.8200,0.3500,1.0000,6.00,180.00,5.000000,0.050000,0.000000,1.100000,0.000000,0.000000,1.200000,0.000000,0.000000,1.350000,0.000000,0.000000,0.850000,0.020000,0.000000,0.008000,0.000000,0.000600,0.008000,0.000000,0.000600,0.006000,0.000000,0.000000,1,1,1,512,204,481,481,481,0,0,60.00,50016,3022,482,0,0,0,50017,502.01,0.00,4,1199,0.0000,0.5000,0.5000,0.0000,0.5000
2026-04-27T19:15:30.268,8.540,1,1.50,-179.70,0.00,0.00,0,0.0000,0.0000,0.4000,0.0000,0.0000,0.0000,0.00,0.00,62.50,58.31,513,257,0.50097,0.50097,0.98830,0.50487,3,2,0,0.00000,0.00000,1.00000,0.0000,0.0000,0.0000,0.0000,0.0000,0.0000,0.00,0.00,0.00,1,1,0.0000,0.0000,0.4000,0.00,0.8200,0.3500,1.0000,6.00,180.00,5.000000,0.050000,0.000000,1.100000,0.000000,0.000000,1.200000,0.000000,0.000000,1.350000,0.000000,0.000000,0.850000,0.020000,0.000000,0.008000,0.000000,0.000600,0.008000,0.000000,0.000600,0.006000,0.000000,0.000000,1,1,1,513,204,481,481,481,0,0,60.00,50016,3022,512,0,0,0,50047,500.50,0.00,6,803,0.0000,0.5000,0.5000,0.0000,0.5000
2026-04-27T19:15:30.283,8.555,1,1.50,-179.70,0.00,0.00,0,0.0000,0.0000,0.4000,0.0000,0.0000,0.0000,0.00,0.00,55.88,59.46,514,257,0.50000,0.50000,0.98833,0.50389,3,2,0,0.00000,0.00000,1.00000,0.0000,0.0000,0.0000,0.0000,0.0000,0.0000,0.00,0.00,0.00,1,1,0.0000,0.0000,0.4000,0.00,0.8200,0.3500,1.0000,6.00,180.00,5.000000,0.050000,0.000000,1.100000,0.000000,0.000000,1.200000,0.000000,0.000000,1.350000,0.000000,0.000000,0.850000,0.020000,0.000000,0.008000,0.000000,0.000600,0.008000,0.000000,0.000600,0.006000,0.000000,0.000000,1,1,1,514,204,481,481,481,0,0,60.00,50016,3022,512,0,0,0,50047,500.50,0.00,6,803,0.0000,0.5000,0.5000,0.0000,0.5000
2026-04-27T19:15:30.300,8.572,1,1.50,-179.70,0.00,0.00,0,0.0000,0.0000,0.4000,0.0000,0.0000,0.0000,0.00,0.00,72.93,59.76,515,257,0.49903,0.49903,0.98835,0.50291,3,2,0,0.00000,0.00000,1.00000,0.0000,0.0000,0.0000,0.0000,0.0000,0.0000,0.00,0.00,0.00,1,1,0.0000,0.0000,0.4000,0.00,0.8200,0.3500,1.0000,6.00,180.00,5.000000,0.050000,0.000000,1.100000,0.000000,0.000000,1.200000,0.000000,0.000000,1.350000,0.000000,0.000000,0.850000,0.020000,0.000000,0.008000,0.000000,0.000600,0.008000,0.000000,0.000600,0.006000,0.000000,0.000000,1,1,1,515,204,481,481,481,0,0,60.00,50016,3022,512,0,0,0,50047,500.50,0.00,6,803,0.0000,0.5000,0.5000,0.0000,0.5000
2026-04-27T19:15:30.316,8.588,1,1.50,-179.70,0.00,0.00,0,0.0000,0.0000,0.4000,0.0000,0.0000,0.0000,0.00,0.00,53.22,65.99,516,257,0.49806,0.49806,0.98837,0.50194,3,2,0,0.00000,0.00000,1.00000,0.0000,0.0000,0.0000,0.0000,0.0000,0.0000,0.00,0.00,0.00,1,1,0.0000,0.0000,0.4000,0.00,0.8200,0.3500,1.0000,6.00,180.00,5.000000,0.050000,0.000000,1.100000,0.000000,0.000000,1.200000,0.000000,0.000000,1.350000,0.000000,0.000000,0.850000,0.020000,0.000000,0.008000,0.000000,0.000600,0.008000,0.000000,0.000600,0.006000,0.000000,0.000000,1,1,1,516,204,481,481,481,0,0,60.00,50016,3022,512,0,0,0,50047,500.50,0.00,6,803,0.0000,0.5000,0.5000,0.0000,0.5000
2026-04-27T19:15:30.334,8.607,1,1.50,-179.70,0.00,0.00,0,0.0000,0.0000,0.4000,0.0000,0.0000,0.0000,0.00,0.00,65.78,55.67,517,257,0.49710,0.49710,0.98839,0.50097,3,2,0,0.00000,0.00000,1.00000,0.0000,0.0000,0.0000,0.0000,0.0000,0.0000,0.00,0.00,0.00,1,1,0.0000,0.0000,0.4000,0.00,0.8200,0.3500,1.0000,6.00,180.00,5.000000,0.050000,0.000000,1.100000,0.000000,0.000000,1.200000,0.000000,0.000000,1.350000,0.000000,0.000000,0.850000,0.020000,0.000000,0.008000,0.000000,0.000600,0.008000,0.000000,0.000600,0.006000,0.000000,0.000000,1,1,1,517,204,481,481,481,0,0,60.00,50016,3022,512,0,0,0,50047,500.50,0.00,6,803,0.0000,0.5000,0.5000,0.0000,0.5000
2026-04-27T19:15:30.349,8.622,1,1.50,-179.70,0.00,0.00,0,0.0000,0.0000,0.4000,0.0000,0.0000,0.0000,0.00,0.00,52.16,61.43,518,257,0.49614,0.49614,0.98842,0.50000,3,2,0,0.00000,0.00000,1.00000,0.0000,0.0000,0.0000,0.0000,0.0000,0.0000,0.00,0.00,0.00,1,1,0.0000,0.0000,0.4000,0.00,0.8200,0.3500,1.0000,6.00,180.00,5.000000,0.050000,0.000000,1.100000,0.000000,0.000000,1.200000,0.000000,0.000000,1.350000,0.000000,0.000000,0.850000,0.020000,0.000000,0.008000,0.000000,0.000600,0.008000,0.000000,0.000600,0.006000,0.000000,0.000000,1,1,1,518,204,481,481,481,0,0,60.00,50016,3022,512,0,0,0,50047,500.50,0.00,6,803,0.0000,0.5000,0.5000,0.0000,0.5000
2026-04-27T19:15:30.367,8.639,1,1.50,-179.70,0.00,0.00,0,0.0000,0.0000,0.4000,0.0000,0.0000,0.0000,0.00,0.00,70.64,61.13,519,257,0.49518,0.49518,0.98844,0.49904,3,2,0,0.00000,0.00000,1.00000,0.0000,0.0000,0.0000,0.0000,0.0000,0.0000,0.00,0.00,0.00,1,1,0.0000,0.0000,0.4000,0.00,0.8200,0.3500,1.0000,6.00,180.00,5.000000,0.050000,0.000000,1.100000,0.000000,0.000000,1.200000,0.000000,0.000000,1.350000,0.000000,0.000000,0.850000,0.020000,0.000000,0.008000,0.000000,0.000600,0.008000,0.000000,0.000600,0.006000,0.000000,0.000000,1,1,1,519,204,481,481,481,0,0,60.00,50016,3022,512,0,0,0,50047,500.50,0.00,6,803,0.0000,0.5000,0.5000,0.0000,0.5000
2026-04-27T19:15:30.383,8.655,1,1.50,-179.70,0.00,0.00,0,0.0000,0.0000,0.4000,0.0000,0.0000,0.0000,0.00,0.00,56.01,59.04,520,257,0.49423,0.49423,0.98846,0.49808,3,2,0,0.00000,0.00000,1.00000,0.0000,0.0000,0.0000,0.0000,0.0000,0.0000,0.00,0.00,0.00,1,1,0.0000,0.0000,0.4000,0.00,0.8200,0.3500,1.0000,6.00,180.00,5.000000,0.050000,0.000000,1.100000,0.000000,0.000000,1.200000,0.000000,0.000000,1.350000,0.000000,0.000000,0.850000,0.020000,0.000000,0.008000,0.000000,0.000600,0.008000,0.000000,0.000600,0.006000,0.000000,0.000000,1,1,1,520,204,481,481,481,0,0,60.00,50016,3022,512,0,0,0,50047,500.50,0.00,6,803,0.0000,0.5000,0.5000,0.0000,0.5000
2026-04-27T19:15:30.401,8.673,1,1.50,-179.70,0.00,0.00,0,0.0000,0.0000,0.4000,0.0000,0.0000,0.0000,0.00,0.00,61.53,59.89,521,257,0.49328,0.49328,0.98848,0.49712,3,2,0,0.00000,0.00000,1.00000,0.0000,0.0000,0.0000,0.0000,0.0000,0.0000,0.00,0.00,0.00,1,1,0.0000,0.0000,0.4000,0.00,0.8200,0.3500,1.0000,6.00,180.00,5.000000,0.050000,0.000000,1.100000,0.000000,0.000000,1.200000,0.000000,0.000000,1.350000,0.000000,0.000000,0.850000,0.020000,0.000000,0.008000,0.000000,0.000600,0.008000,0.000000,0.000600,0.006000,0.000000,0.000000,1,1,1,521,204,481,481,481,0,0,60.00,50016,3022,512,0,0,0,50047,500.50,0.00,6,803,0.0000,0.5000,0.5000,0.0000,0.5000
2026-04-27T19:15:30.416,8.688,1,1.50,-179.70,0.00,0.00,0,0.0000,0.0000,0.4000,0.0000,0.0000,0.0000,0.00,0.00,58.19,59.89,522,257,0.49234,0.49234,0.98851,0.49617,3,2,0,0.00000,0.00000,1.00000,0.0000,0.0000,0.0000,0.0000,0.0000,0.0000,0.00,0.00,0.00,1,1,0.0000,0.0000,0.4000,0.00,0.8200,0.3500,1.0000,6.00,180.00,5.000000,0.050000,0.000000,1.100000,0.000000,0.000000,1.200000,0.000000,0.000000,1.350000,0.000000,0.000000,0.850000,0.020000,0.000000,0.008000,0.000000,0.000600,0.008000,0.000000,0.000600,0.006000,0.000000,0.000000,1,1,1,522,204,481,481,481,0,0,60.00,50016,3022,512,0,0,0,50047,500.50,0.00,6,803,0.0000,0.5000,0.5000,0.0000,0.5000
2026-04-27T19:15:30.435,8.707,1,1.50,-179.70,0.00,0.00,0,0.0000,0.0000,0.4000,0.0000,0.0000,0.0000,0.00,0.00,70.40,60.08,523,257,0.49140,0.49140,0.98853,0.49522,3,2,0,0.00000,0.00000,1.00000,0.0000,0.0000,0.0000,0.0000,0.0000,0.0000,0.00,0.00,0.00,1,1,0.0000,0.0000,0.4000,0.00,0.8200,0.3500,1.0000,6.00,180.00,5.000000,0.050000,0.000000,1.100000,0.000000,0.000000,1.200000,0.000000,0.000000,1.350000,0.000000,0.000000,0.850000,0.020000,0.000000,0.008000,0.000000,0.000600,0.008000,0.000000,0.000600,0.006000,0.000000,0.000000,1,1,1,523,204,481,481,481,0,0,60.00,50016,3022,512,0,0,0,50047,500.50,0.00,6,803,0.0000,0.5000,0.5000,0.0000,0.5000
2026-04-27T19:15:30.451,8.723,1,1.50,-179.70,0.00,0.00,0,0.0000,0.0000,0.4000,0.0000,0.0000,0.0000,0.00,0.00,50.53,62.89,524,257,0.49046,0.49046,0.98855,0.49427,3,2,0,0.00000,0.00000,1.00000,0.0000,0.0000,0.0000,0.0000,0.0000,0.0000,0.00,0.00,0.00,1,1,0.0000,0.0000,0.4000,0.00,0.8200,0.3500,1.0000,6.00,180.00,5.000000,0.050000,0.000000,1.100000,0.000000,0.000000,1.200000,0.000000,0.000000,1.350000,0.000000,0.000000,0.850000,0.020000,0.000000,0.008000,0.000000,0.000600,0.008000,0.000000,0.000600,0.006000,0.000000,0.000000,1,1,1,524,204,481,481,481,0,0,60.00,50016,3022,512,0,0,0,50047,500.50,0.00,6,803,0.0000,0.5000,0.5000,0.0000,0.5000
2026-04-27T19:15:30.466,8.738,1,1.50,-179.70,0.00,0.00,0,0.0000,0.0000,0.4000,0.0000,0.0000,0.0000,0.00,0.00,67.76,57.54,525,257,0.48952,0.48952,0.98857,0.49333,3,2,0,0.00000,0.00000,1.00000,0.0000,0.0000,0.0000,0.0000,0.0000,0.0000,0.00,0.00,0.00,1,1,0.0000,0.0000,0.4000,0.00,0.8200,0.3500,1.0000,6.00,180.00,5.000000,0.050000,0.000000,1.100000,0.000000,0.000000,1.200000,0.000000,0.000000,1.350000,0.000000,0.000000,0.850000,0.020000,0.000000,0.008000,0.000000,0.000600,0.008000,0.000000,0.000600,0.006000,0.000000,0.000000,1,1,1,525,204,481,481,481,0,0,60.00,50016,3022,512,0,0,0,50047,500.50,0.00,6,803,0.0000,0.5000,0.5000,0.0000,0.5000
2026-04-27T19:15:30.483,8.756,1,1.50,-179.70,0.00,0.00,0,0.0000,0.0000,0.4000,0.0000,0.0000,0.0000,0.00,0.00,59.42,59.91,526,257,0.48859,0.48859,0.98859,0.49240,3,2,0,0.00000,0.00000,1.00000,0.0000,0.0000,0.0000,0.0000,0.0000,0.0000,0.00,0.00,0.00,1,1,0.0000,0.0000,0.4000,0.00,0.8200,0.3500,1.0000,6.00,180.00,5.000000,0.050000,0.000000,1.100000,0.000000,0.000000,1.200000,0.000000,0.000000,1.350000,0.000000,0.000000,0.850000,0.020000,0.000000,0.008000,0.000000,0.000600,0.008000,0.000000,0.000600,0.006000,0.000000,0.000000,1,1,1,526,204,481,481,481,0,0,60.00,50016,3022,512,0,0,0,50047,500.50,0.00,6,803,0.0000,0.5000,0.5000,0.0000,0.5000
2026-04-27T19:15:30.500,8.773,1,1.50,-179.70,0.00,0.00,0,0.0000,0.0000,0.4000,0.0000,0.0000,0.0000,0.00,0.00,57.82,60.06,527,257,0.48767,0.48767,0.98861,0.49146,3,2,0,0.00000,0.00000,1.00000,0.0000,0.0000,0.0000,0.0000,0.0000,0.0000,0.00,0.00,0.00,1,1,0.0000,0.0000,0.4000,0.00,0.8200,0.3500,1.0000,6.00,180.00,5.000000,0.050000,0.000000,1.100000,0.000000,0.000000,1.200000,0.000000,0.000000,1.350000,0.000000,0.000000,0.850000,0.020000,0.000000,0.008000,0.000000,0.000600,0.008000,0.000000,0.000600,0.006000,0.000000,0.000000,1,1,1,527,204,481,481,481,0,0,60.00,50016,3022,512,0,0,0,50047,500.50,0.00,6,803,0.0000,0.5000,0.5000,0.0000,0.5000
2026-04-27T19:15:30.517,8.789,1,1.50,-179.70,0.00,0.00,0,0.0000,0.0000,0.4000,0.0000,0.0000,0.0000,0.00,0.00,60.15,63.26,528,257,0.48674,0.48674,0.98864,0.49053,3,2,0,0.00000,0.00000,1.00000,0.0000,0.0000,0.0000,0.0000,0.0000,0.0000,0.00,0.00,0.00,1,1,0.0000,0.0000,0.4000,0.00,0.8200,0.3500,1.0000,6.00,180.00,5.000000,0.050000,0.000000,1.100000,0.000000,0.000000,1.200000,0.000000,0.000000,1.350000,0.000000,0.000000,0.850000,0.020000,0.000000,0.008000,0.000000,0.000600,0.008000,0.000000,0.000600,0.006000,0.000000,0.000000,1,1,1,528,204,481,481,481,0,0,60.00,50016,3022,512,0,0,0,50047,500.50,0.00,6,803,0.0000,0.5000,0.5000,0.0000,0.5000
2026-04-27T19:15:30.534,8.806,1,1.50,-179.70,0.00,0.00,0,0.0000,0.0000,0.4000,0.0000,0.0000,0.0000,0.00,0.00,63.37,57.13,529,257,0.48582,0.48582,0.98866,0.48960,3,2,0,0.00000,0.00000,1.00000,0.0000,0.0000,0.0000,0.0000,0.0000,0.0000,0.00,0.00,0.00,1,1,0.0000,0.0000,0.4000,0.00,0.8200,0.3500,1.0000,6.00,180.00,5.000000,0.050000,0.000000,1.100000,0.000000,0.000000,1.200000,0.000000,0.000000,1.350000,0.000000,0.000000,0.850000,0.020000,0.000000,0.008000,0.000000,0.000600,0.008000,0.000000,0.000600,0.006000,0.000000,0.000000,1,1,1,529,204,481,481,481,0,0,60.00,50016,3022,512,0,0,0,50047,500.50,0.00,6,803,0.0000,0.5000,0.5000,0.0000,0.5000
2026-04-27T19:15:30.550,8.823,1,1.50,-179.70,0.00,0.00,0,0.0000,0.0000,0.4000,0.0000,0.0000,0.0000,0.00,0.00,59.47,60.36,530,257,0.48491,0.48491,0.98868,0.48868,3,2,0,0.00000,0.00000,1.00000,0.0000,0.0000,0.0000,0.0000,0.0000,0.0000,0.00,0.00,0.00,1,1,0.0000,0.0000,0.4000,0.00,0.8200,0.3500,1.0000,6.00,180.00,5.000000,0.050000,0.000000,1.100000,0.000000,0.000000,1.200000,0.000000,0.000000,1.350000,0.000000,0.000000,0.850000,0.020000,0.000000,0.008000,0.000000,0.000600,0.008000,0.000000,0.000600,0.006000,0.000000,0.000000,1,1,1,530,204,481,481,481,0,0,60.00,50016,3022,512,0,0,0,50047,500.50,0.00,6,803,0.0000,0.5000,0.5000,0.0000,0.5000
2026-04-27T19:15:30.567,8.839,1,1.50,-179.70,0.00,0.00,0,0.0000,0.0000,0.4000,0.0000,0.0000,0.0000,0.00,0.00,57.31,59.40,531,257,0.48399,0.48399,0.98870,0.48776,3,2,0,0.00000,0.00000,1.00000,0.0000,0.0000,0.0000,0.0000,0.0000,0.0000,0.00,0.00,0.00,1,1,0.0000,0.0000,0.4000,0.00,0.8200,0.3500,1.0000,6.00,180.00,5.000000,0.050000,0.000000,1.100000,0.000000,0.000000,1.200000,0.000000,0.000000,1.350000,0.000000,0.000000,0.850000,0.020000,0.000000,0.008000,0.000000,0.000600,0.008000,0.000000,0.000600,0.006000,0.000000,0.000000,1,1,1,531,204,481,481,481,0,0,60.00,50016,3022,512,0,0,0,50047,500.50,0.00,6,803,0.0000,0.5000,0.5000,0.0000,0.5000
2026-04-27T19:15:30.583,8.855,1,1.50,-179.70,0.00,0.00,0,0.0000,0.0000,0.4000,0.0000,0.0000,0.0000,0.00,0.00,57.13,60.66,532,257,0.48308,0.48308,0.98872,0.48684,3,2,0,0.00000,0.00000,1.00000,0.0000,0.0000,0.0000,0.0000,0.0000,0.0000,0.00,0.00,0.00,1,1,0.0000,0.0000,0.4000,0.00,0.8200,0.3500,1.0000,6.00,180.00,5.000000,0.050000,0.000000,1.100000,0.000000,0.000000,1.200000,0.000000,0.000000,1.350000,0.000000,0.000000,0.850000,0.020000,0.000000,0.008000,0.000000,0.000600,0.008000,0.000000,0.000600,0.006000,0.000000,0.000000,1,1,1,532,204,481,481,481,0,0,60.00,50016,3022,512,0,0,0,50047,500.50,0.00,6,803,0.0000,0.5000,0.5000,0.0000,0.5000
2026-04-27T19:15:30.600,8.872,1,1.50,-179.70,0.00,0.00,0,0.0000,0.0000,0.4000,0.0000,0.0000,0.0000,0.00,0.00,66.73,57.26,533,257,0.48218,0.48218,0.98874,0.48593,3,2,0,0.00000,0.00000,1.00000,0.0000,0.0000,0.0000,0.0000,0.0000,0.0000,0.00,0.00,0.00,1,1,0.0000,0.0000,0.4000,0.00,0.8200,0.3500,1.0000,6.00,180.00,5.000000,0.050000,0.000000,1.100000,0.000000,0.000000,1.200000,0.000000,0.000000,1.350000,0.000000,0.000000,0.850000,0.020000,0.000000,0.008000,0.000000,0.000600,0.008000,0.000000,0.000600,0.006000,0.000000,0.000000,1,1,1,533,204,481,481,481,0,0,60.00,50016,3022,512,0,0,0,50047,500.50,0.00,6,803,0.0000,0.5000,0.5000,0.0000,0.5000
2026-04-27T19:15:30.616,8.888,1,1.50,-179.70,0.00,0.00,0,0.0000,0.0000,0.4000,0.0000,0.0000,0.0000,0.00,0.00,62.13,67.56,534,257,0.48127,0.48127,0.98876,0.48502,3,2,0,0.00000,0.00000,1.00000,0.0000,0.0000,0.0000,0.0000,0.0000,0.0000,0.00,0.00,0.00,1,1,0.0000,0.0000,0.4000,0.00,0.8200,0.3500,1.0000,6.00,180.00,5.000000,0.050000,0.000000,1.100000,0.000000,0.000000,1.200000,0.000000,0.000000,1.350000,0.000000,0.000000,0.850000,0.020000,0.000000,0.008000,0.000000,0.000600,0.008000,0.000000,0.000600,0.006000,0.000000,0.000000,1,1,1,534,204,481,481,481,0,0,60.00,50016,3022,512,0,0,0,50047,500.50,0.00,6,803,0.0000,0.5000,0.5000,0.0000,0.5000
2026-04-27T19:15:30.633,8.905,1,1.50,-179.70,0.00,0.00,0,0.0000,0.0000,0.4000,0.0000,0.0000,0.0000,0.00,0.00,58.21,56.13,535,257,0.48037,0.48037,0.98879,0.48411,3,2,0,0.00000,0.00000,1.00000,0.0000,0.0000,0.0000,0.0000,0.0000,0.0000,0.00,0.00,0.00,1,1,0.0000,0.0000,0.4000,0.00,0.8200,0.3500,1.0000,6.00,180.00,5.000000,0.050000,0.000000,1.100000,0.000000,0.000000,1.200000,0.000000,0.000000,1.350000,0.000000,0.000000,0.850000,0.020000,0.000000,0.008000,0.000000,0.000600,0.008000,0.000000,0.000600,0.006000,0.000000,0.000000,1,1,1,535,204,481,481,481,0,0,60.00,50016,3022,512,0,0,0,50047,500.50,0.00,6,803,0.0000,0.5000,0.5000,0.0000,0.5000
2026-04-27T19:15:30.651,8.923,1,1.50,-179.70,0.00,0.00,0,0.0000,0.0000,0.4000,0.0000,0.0000,0.0000,0.00,0.00,59.25,60.18,536,257,0.47948,0.47948,0.98881,0.48321,3,2,0,0.00000,0.00000,1.00000,0.0000,0.0000,0.0000,0.0000,0.0000,0.0000,0.00,0.00,0.00,1,1,0.0000,0.0000,0.4000,0.00,0.8200,0.3500,1.0000,6.00,180.00,5.000000,0.050000,0.000000,1.100000,0.000000,0.000000,1.200000,0.000000,0.000000,1.350000,0.000000,0.000000,0.850000,0.020000,0.000000,0.008000,0.000000,0.000600,0.008000,0.000000,0.000600,0.006000,0.000000,0.000000,1,1,1,536,204,481,481,481,0,0,60.00,50016,3022,512,0,0,0,50047,500.50,0.00,6,803,0.0000,0.5000,0.5000,0.0000,0.5000
2026-04-27T19:15:30.666,8.938,1,1.50,-179.70,0.00,0.00,0,0.0000,0.0000,0.4000,0.0000,0.0000,0.0000,0.00,0.00,58.58,59.70,537,257,0.47858,0.47858,0.98883,0.48231,3,2,0,0.00000,0.00000,1.00000,0.0000,0.0000,0.0000,0.0000,0.0000,0.0000,0.00,0.00,0.00,1,1,0.0000,0.0000,0.4000,0.00,0.8200,0.3500,1.0000,6.00,180.00,5.000000,0.050000,0.000000,1.100000,0.000000,0.000000,1.200000,0.000000,0.000000,1.350000,0.000000,0.000000,0.850000,0.020000,0.000000,0.008000,0.000000,0.000600,0.008000,0.000000,0.000600,0.006000,0.000000,0.000000,1,1,1,537,204,481,481,481,0,0,60.00,50016,3022,512,0,0,0,50047,500.50,0.00,6,803,0.0000,0.5000,0.5000,0.0000,0.5000
2026-04-27T19:15:30.682,8.954,1,1.50,-179.70,0.00,0.00,0,0.0000,0.0000,0.4000,0.0000,0.0000,0.0000,0.00,0.00,61.73,64.03,538,257,0.47770,0.47770,0.98885,0.48141,3,2,0,0.00000,0.00000,1.00000,0.0000,0.0000,0.0000,0.0000,0.0000,0.0000,0.00,0.00,0.00,1,1,0.0000,0.0000,0.4000,0.00,0.8200,0.3500,1.0000,6.00,180.00,5.000000,0.050000,0.000000,1.100000,0.000000,0.000000,1.200000,0.000000,0.000000,1.350000,0.000000,0.000000,0.850000,0.020000,0.000000,0.008000,0.000000,0.000600,0.008000,0.000000,0.000600,0.006000,0.000000,0.000000,1,1,1,538,204,481,481,481,0,0,60.00,50016,3022,512,0,0,0,50047,500.50,0.00,6,803,0.0000,0.5000,0.5000,0.0000,0.5000
2026-04-27T19:15:30.699,8.971,1,1.50,-179.70,0.00,0.00,0,0.0000,0.0000,0.4000,0.0000,0.0000,0.0000,0.00,0.00,70.06,57.18,539,257,0.47681,0.47681,0.98887,0.48052,3,2,0,0.00000,0.00000,1.00000,0.0000,0.0000,0.0000,0.0000,0.0000,0.0000,0.00,0.00,0.00,1,1,0.0000,0.0000,0.4000,0.00,0.8200,0.3500,1.0000,6.00,180.00,5.000000,0.050000,0.000000,1.100000,0.000000,0.000000,1.200000,0.000000,0.000000,1.350000,0.000000,0.000000,0.850000,0.020000,0.000000,0.008000,0.000000,0.000600,0.008000,0.000000,0.000600,0.006000,0.000000,0.000000,1,1,1,539,204,481,481,481,0,0,60.00,50016,3022,512,0,0,0,50047,500.50,0.00,6,803,0.0000,0.5000,0.5000,0.0000,0.5000
2026-04-27T19:15:30.716,8.988,1,1.50,-179.70,0.00,0.00,0,0.0000,0.0000,0.4000,0.0000,0.0000,0.0000,0.00,0.00,57.18,63.02,540,257,0.47593,0.47593,0.98889,0.47963,3,2,0,0.00000,0.00000,1.00000,0.0000,0.0000,0.0000,0.0000,0.0000,0.0000,0.00,0.00,0.00,1,1,0.0000,0.0000,0.4000,0.00,0.8200,0.3500,1.0000,6.00,180.00,5.000000,0.050000,0.000000,1.100000,0.000000,0.000000,1.200000,0.000000,0.000000,1.350000,0.000000,0.000000,0.850000,0.020000,0.000000,0.008000,0.000000,0.000600,0.008000,0.000000,0.000600,0.006000,0.000000,0.000000,1,1,1,540,204,481,481,481,0,0,60.00,50016,3022,512,0,0,0,50047,500.50,0.00,6,803,0.0000,0.5000,0.5000,0.0000,0.5000
2026-04-27T19:15:30.732,9.004,1,1.50,-179.70,0.00,0.00,0,0.0000,0.0000,0.4000,0.0000,0.0000,0.0000,0.00,0.00,58.98,58.37,541,257,0.47505,0.47505,0.98891,0.47874,3,2,0,0.00000,0.00000,1.00000,0.0000,0.0000,0.0000,0.0000,0.0000,0.0000,0.00,0.00,0.00,1,1,0.0000,0.0000,0.4000,0.00,0.8200,0.3500,1.0000,6.00,180.00,5.000000,0.050000,0.000000,1.100000,0.000000,0.000000,1.200000,0.000000,0.000000,1.350000,0.000000,0.000000,0.850000,0.020000,0.000000,0.008000,0.000000,0.000600,0.008000,0.000000,0.000600,0.006000,0.000000,0.000000,1,1,1,541,204,481,481,481,0,0,60.00,50016,3022,512,0,0,0,50047,500.50,0.00,6,803,0.0000,0.5000,0.5000,0.0000,0.5000
2026-04-27T19:15:30.750,9.022,1,1.50,-179.70,0.00,0.00,0,0.0000,0.0000,0.4000,0.0000,0.0000,0.0000,0.00,0.00,62.32,61.26,542,257,0.47417,0.47417,0.98893,0.47786,3,2,0,0.00000,0.00000,1.00000,0.0000,0.0000,0.0000,0.0000,0.0000,0.0000,0.00,0.00,0.00,1,1,0.0000,0.0000,0.4000,0.00,0.8200,0.3500,1.0000,6.00,180.00,5.000000,0.050000,0.000000,1.100000,0.000000,0.000000,1.200000,0.000000,0.000000,1.350000,0.000000,0.000000,0.850000,0.020000,0.000000,0.008000,0.000000,0.000600,0.008000,0.000000,0.000600,0.006000,0.000000,0.000000,1,1,1,542,204,541,541,541,0,0,60.00,50076,2913,512,0,0,0,50047,500.50,0.00,6,803,0.0000,0.5000,0.5000,0.0000,0.5000
2026-04-27T19:15:30.765,9.037,1,1.50,-179.70,0.00,0.00,0,0.0000,0.0000,0.4000,0.0000,0.0000,0.0000,0.00,0.00,57.41,60.95,543,257,0.47330,0.47330,0.98895,0.47698,3,2,0,0.00000,0.00000,1.00000,0.0000,0.0000,0.0000,0.0000,0.0000,0.0000,0.00,0.00,0.00,1,1,0.0000,0.0000,0.4000,0.00,0.8200,0.3500,1.0000,6.00,180.00,5.000000,0.050000,0.000000,1.100000,0.000000,0.000000,1.200000,0.000000,0.000000,1.350000,0.000000,0.000000,0.850000,0.020000,0.000000,0.008000,0.000000,0.000600,0.008000,0.000000,0.000600,0.006000,0.000000,0.000000,1,1,1,543,204,541,541,541,0,0,60.00,50076,2913,512,0,0,0,50047,500.50,0.00,6,803,0.0000,0.5000,0.5000,0.0000,0.5000
2026-04-27T19:15:30.783,9.055,1,1.50,-179.70,0.00,0.00,0,0.0000,0.0000,0.4000,0.0000,0.0000,0.0000,0.00,0.00,65.30,59.21,544,257,0.47243,0.47243,0.98897,0.47610,3,2,0,0.00000,0.00000,1.00000,0.0000,0.0000,0.0000,0.0000,0.0000,0.0000,0.00,0.00,0.00,1,1,0.0000,0.0000,0.4000,0.00,0.8200,0.3500,1.0000,6.00,180.00,5.000000,0.050000,0.000000,1.100000,0.000000,0.000000,1.200000,0.000000,0.000000,1.350000,0.000000,0.000000,0.850000,0.020000,0.000000,0.008000,0.000000,0.000600,0.008000,0.000000,0.000600,0.006000,0.000000,0.000000,1,1,1,544,204,541,541,541,0,0,60.00,50076,2913,512,0,0,0,50047,500.50,0.00,6,803,0.0000,0.5000,0.5000,0.0000,0.5000
2026-04-27T19:15:30.799,9.071,1,1.50,-179.70,0.00,0.00,0,0.0000,0.0000,0.4000,0.0000,0.0000,0.0000,0.00,0.00,55.28,57.25,545,257,0.47156,0.47156,0.98899,0.47523,3,2,0,0.00000,0.00000,1.00000,0.0000,0.0000,0.0000,0.0000,0.0000,0.0000,0.00,0.00,0.00,1,1,0.0000,0.0000,0.4000,0.00,0.8200,0.3500,1.0000,6.00,180.00,5.000000,0.050000,0.000000,1.100000,0.000000,0.000000,1.200000,0.000000,0.000000,1.350000,0.000000,0.000000,0.850000,0.020000,0.000000,0.008000,0.000000,0.000600,0.008000,0.000000,0.000600,0.006000,0.000000,0.000000,1,1,1,545,204,541,541,541,0,0,60.00,50076,2913,542,0,0,0,50077,500.75,0.00,8,354,0.0000,0.5000,0.5000,0.0000,0.5000
2026-04-27T19:15:30.816,9.088,1,1.50,-179.70,0.00,0.00,0,0.0000,0.0000,0.4000,0.0000,0.0000,0.0000,0.00,0.00,55.09,59.81,546,257,0.47070,0.47070,0.98901,0.47436,3,2,0,0.00000,0.00000,1.00000,0.0000,0.0000,0.0000,0.0000,0.0000,0.0000,0.00,0.00,0.00,1,1,0.0000,0.0000,0.4000,0.00,0.8200,0.3500,1.0000,6.00,180.00,5.000000,0.050000,0.000000,1.100000,0.000000,0.000000,1.200000,0.000000,0.000000,1.350000,0.000000,0.000000,0.850000,0.020000,0.000000,0.008000,0.000000,0.000600,0.008000,0.000000,0.000600,0.006000,0.000000,0.000000,1,1,1,546,204,541,541,541,0,0,60.00,50076,2913,542,0,0,0,50077,500.75,0.00,8,354,0.0000,0.5000,0.5000,0.0000,0.5000
2026-04-27T19:15:30.833,9.105,1,1.50,-179.70,0.00,0.00,0,0.0000,0.0000,0.4000,0.0000,0.0000,0.0000,0.00,0.00,61.99,66.03,547,257,0.46984,0.46984,0.98903,0.47349,3,2,0,0.00000,0.00000,1.00000,0.0000,0.0000,0.0000,0.0000,0.0000,0.0000,0.00,0.00,0.00,1,1,0.0000,0.0000,0.4000,0.00,0.8200,0.3500,1.0000,6.00,180.00,5.000000,0.050000,0.000000,1.100000,0.000000,0.000000,1.200000,0.000000,0.000000,1.350000,0.000000,0.000000,0.850000,0.020000,0.000000,0.008000,0.000000,0.000600,0.008000,0.000000,0.000600,0.006000,0.000000,0.000000,1,1,1,547,204,541,541,541,0,0,60.00,50076,2913,542,0,0,0,50077,500.75,0.00,8,354,0.0000,0.5000,0.5000,0.0000,0.5000
2026-04-27T19:15:30.849,9.121,1,1.50,-179.70,0.00,0.00,0,0.0000,0.0000,0.4000,0.0000,0.0000,0.0000,0.00,0.00,59.76,55.99,548,257,0.46898,0.46898,0.98905,0.47263,3,2,0,0.00000,0.00000,1.00000,0.0000,0.0000,0.0000,0.0000,0.0000,0.0000,0.00,0.00,0.00,1,1,0.0000,0.0000,0.4000,0.00,0.8200,0.3500,1.0000,6.00,180.00,5.000000,0.050000,0.000000,1.100000,0.000000,0.000000,1.200000,0.000000,0.000000,1.350000,0.000000,0.000000,0.850000,0.020000,0.000000,0.008000,0.000000,0.000600,0.008000,0.000000,0.000600,0.006000,0.000000,0.000000,1,1,1,548,204,541,541,541,0,0,60.00,50076,2913,542,0,0,0,50077,500.75,0.00,8,354,0.0000,0.5000,0.5000,0.0000,0.5000
2026-04-27T19:15:30.868,9.140,1,1.50,-179.70,0.00,0.00,0,0.0000,0.0000,0.4000,0.0000,0.0000,0.0000,0.00,0.00,61.72,59.35,549,257,0.46812,0.46812,0.98907,0.47177,3,2,0,0.00000,0.00000,1.00000,0.0000,0.0000,0.0000,0.0000,0.0000,0.0000,0.00,0.00,0.00,1,1,0.0000,0.0000,0.4000,0.00,0.8200,0.3500,1.0000,6.00,180.00,5.000000,0.050000,0.000000,1.100000,0.000000,0.000000,1.200000,0.000000,0.000000,1.350000,0.000000,0.000000,0.850000,0.020000,0.000000,0.008000,0.000000,0.000600,0.008000,0.000000,0.000600,0.006000,0.000000,0.000000,1,1,1,549,204,541,541,541,0,0,60.00,50076,2913,542,0,0,0,50077,500.75,0.00,8,354,0.0000,0.5000,0.5000,0.0000,0.5000
2026-04-27T19:15:30.883,9.155,1,1.50,-179.70,0.00,0.00,0,0.0000,0.0000,0.4000,0.0000,0.0000,0.0000,0.00,0.00,55.78,62.06,550,257,0.46727,0.46727,0.98909,0.47091,3,2,0,0.00000,0.00000,1.00000,0.0000,0.0000,0.0000,0.0000,0.0000,0.0000,0.00,0.00,0.00,1,1,0.0000,0.0000,0.4000,0.00,0.8200,0.3500,1.0000,6.00,180.00,5.000000,0.050000,0.000000,1.100000,0.000000,0.000000,1.200000,0.000000,0.000000,1.350000,0.000000,0.000000,0.850000,0.020000,0.000000,0.008000,0.000000,0.000600,0.008000,0.000000,0.000600,0.006000,0.000000,0.000000,1,1,1,550,204,541,541,541,0,0,60.00,50076,2913,542,0,0,0,50077,500.75,0.00,8,354,0.0000,0.5000,0.5000,0.0000,0.5000
2026-04-27T19:15:30.899,9.171,1,1.50,-179.70,0.00,0.00,0,0.0000,0.0000,0.4000,0.0000,0.0000,0.0000,0.00,0.00,63.16,58.26,551,257,0.46642,0.46642,0.98911,0.47005,3,2,0,0.00000,0.00000,1.00000,0.0000,0.0000,0.0000,0.0000,0.0000,0.0000,0.00,0.00,0.00,1,1,0.0000,0.0000,0.4000,0.00,0.8200,0.3500,1.0000,6.00,180.00,5.000000,0.050000,0.000000,1.100000,0.000000,0.000000,1.200000,0.000000,0.000000,1.350000,0.000000,0.000000,0.850000,0.020000,0.000000,0.008000,0.000000,0.000600,0.008000,0.000000,0.000600,0.006000,0.000000,0.000000,1,1,1,551,204,541,541,541,0,0,60.00,50076,2913,542,0,0,0,50077,500.75,0.00,8,354,0.0000,0.5000,0.5000,0.0000,0.5000
2026-04-27T19:15:30.916,9.188,1,1.50,-179.70,0.00,0.00,0,0.0000,0.0000,0.4000,0.0000,0.0000,0.0000,0.00,0.00,59.14,62.31,552,257,0.46558,0.46558,0.98913,0.46920,3,2,0,0.00000,0.00000,1.00000,0.0000,0.0000,0.0000,0.0000,0.0000,0.0000,0.00,0.00,0.00,1,1,0.0000,0.0000,0.4000,0.00,0.8200,0.3500,1.0000,6.00,180.00,5.000000,0.050000,0.000000,1.100000,0.000000,0.000000,1.200000,0.000000,0.000000,1.350000,0.000000,0.000000,0.850000,0.020000,0.000000,0.008000,0.000000,0.000600,0.008000,0.000000,0.000600,0.006000,0.000000,0.000000,1,1,1,552,204,541,541,541,0,0,60.00,50076,2913,542,0,0,0,50077,500.75,0.00,8,354,0.0000,0.5000,0.5000,0.0000,0.5000
2026-04-27T19:15:30.933,9.205,1,1.50,-179.70,0.00,0.00,0,0.0000,0.0000,0.4000,0.0000,0.0000,0.0000,0.00,0.00,61.22,60.37,553,257,0.46474,0.46474,0.98915,0.46835,3,2,0,0.00000,0.00000,1.00000,0.0000,0.0000,0.0000,0.0000,0.0000,0.0000,0.00,0.00,0.00,1,1,0.0000,0.0000,0.4000,0.00,0.8200,0.3500,1.0000,6.00,180.00,5.000000,0.050000,0.000000,1.100000,0.000000,0.000000,1.200000,0.000000,0.000000,1.350000,0.000000,0.000000,0.850000,0.020000,0.000000,0.008000,0.000000,0.000600,0.008000,0.000000,0.000600,0.006000,0.000000,0.000000,1,1,1,553,204,541,541,541,0,0,60.00,50076,2913,542,0,0,0,50077,500.75,0.00,8,354,0.0000,0.5000,0.5000,0.0000,0.5000
2026-04-27T19:15:30.949,9.221,1,1.50,-179.70,0.00,0.00,0,0.0000,0.0000,0.4000,0.0000,0.0000,0.0000,0.00,0.00,60.46,57.14,554,257,0.46390,0.46390,0.98917,0.46751,3,2,0,0.00000,0.00000,1.00000,0.0000,0.0000,0.0000,0.0000,0.0000,0.0000,0.00,0.00,0.00,1,1,0.0000,0.0000,0.4000,0.00,0.8200,0.3500,1.0000,6.00,180.00,5.000000,0.050000,0.000000,1.100000,0.000000,0.000000,1.200000,0.000000,0.000000,1.350000,0.000000,0.000000,0.850000,0.020000,0.000000,0.008000,0.000000,0.000600,0.008000,0.000000,0.000600,0.006000,0.000000,0.000000,1,1,1,554,204,541,541,541,0,0,60.00,50076,2913,542,0,0,0,50077,500.75,0.00,8,354,0.0000,0.5000,0.5000,0.0000,0.5000
2026-04-27T19:15:30.967,9.239,1,1.50,-179.70,0.00,0.00,0,0.0000,0.0000,0.4000,0.0000,0.0000,0.0000,0.00,0.00,60.01,63.83,555,257,0.46306,0.46306,0.98919,0.46667,3,2,0,0.00000,0.00000,1.00000,0.0000,0.0000,0.0000,0.0000,0.0000,0.0000,0.00,0.00,0.00,1,1,0.0000,0.0000,0.4000,0.00,0.8200,0.3500,1.0000,6.00,180.00,5.000000,0.050000,0.000000,1.100000,0.000000,0.000000,1.200000,0.000000,0.000000,1.350000,0.000000,0.000000,0.850000,0.020000,0.000000,0.008000,0.000000,0.000600,0.008000,0.000000,0.000600,0.006000,0.000000,0.000000,1,1,1,555,204,541,541,541,0,0,60.00,50076,2913,542,0,0,0,50077,500.75,0.00,8,354,0.0000,0.5000,0.5000,0.0000,0.5000
2026-04-27T19:15:30.982,9.254,1,1.50,-179.70,0.00,0.00,0,0.0000,0.0000,0.4000,0.0000,0.0000,0.0000,0.00,0.00,53.56,59.39,556,257,0.46223,0.46223,0.98921,0.46583,3,2,0,0.00000,0.00000,1.00000,0.0000,0.0000,0.0000,0.0000,0.0000,0.0000,0.00,0.00,0.00,1,1,0.0000,0.0000,0.4000,0.00,0.8200,0.3500,1.0000,6.00,180.00,5.000000,0.050000,0.000000,1.100000,0.000000,0.000000,1.200000,0.000000,0.000000,1.350000,0.000000,0.000000,0.850000,0.020000,0.000000,0.008000,0.000000,0.000600,0.008000,0.000000,0.000600,0.006000,0.000000,0.000000,1,1,1,556,204,541,541,541,0,0,60.00,50076,2913,542,0,0,0,50077,500.75,0.00,8,354,0.0000,0.5000,0.5000,0.0000,0.5000
2026-04-27T19:15:31.000,9.272,1,1.50,-179.70,0.00,0.00,0,0.0000,0.0000,0.4000,0.0000,0.0000,0.0000,0.00,0.00,62.90,56.39,557,257,0.46140,0.46140,0.98923,0.46499,3,2,0,0.00000,0.00000,1.00000,0.0000,0.0000,0.0000,0.0000,0.0000,0.0000,0.00,0.00,0.00,1,1,0.0000,0.0000,0.4000,0.00,0.8200,0.3500,1.0000,6.00,180.00,5.000000,0.050000,0.000000,1.100000,0.000000,0.000000,1.200000,0.000000,0.000000,1.350000,0.000000,0.000000,0.850000,0.020000,0.000000,0.008000,0.000000,0.000600,0.008000,0.000000,0.000600,0.006000,0.000000,0.000000,1,1,1,557,204,541,541,541,0,0,60.00,50076,2913,542,0,0,0,50077,500.75,0.00,8,354,0.0000,0.5000,0.5000,0.0000,0.5000
2026-04-27T19:15:31.016,9.288,1,1.50,-179.70,0.00,0.00,0,0.0000,0.0000,0.4000,0.0000,0.0000,0.0000,0.00,0.00,66.84,62.18,558,257,0.46057,0.46057,0.98925,0.46416,3,2,0,0.00000,0.00000,1.00000,0.0000,0.0000,0.0000,0.0000,0.0000,0.0000,0.00,0.00,0.00,1,1,0.0000,0.0000,0.4000,0.00,0.8200,0.3500,1.0000,6.00,180.00,5.000000,0.050000,0.000000,1.100000,0.000000,0.000000,1.200000,0.000000,0.000000,1.350000,0.000000,0.000000,0.850000,0.020000,0.000000,0.008000,0.000000,0.000600,0.008000,0.000000,0.000600,0.006000,0.000000,0.000000,1,1,1,558,204,541,541,541,0,0,60.00,50076,2913,542,0,0,0,50077,500.75,0.00,8,354,0.0000,0.5000,0.5000,0.0000,0.5000
2026-04-27T19:15:31.033,9.305,1,1.50,-179.70,0.00,0.00,0,0.0000,0.0000,0.4000,0.0000,0.0000,0.0000,0.00,0.00,56.82,58.65,559,257,0.45975,0.45975,0.98927,0.46333,3,2,0,0.00000,0.00000,1.00000,0.0000,0.0000,0.0000,0.0000,0.0000,0.0000,0.00,0.00,0.00,1,1,0.0000,0.0000,0.4000,0.00,0.8200,0.3500,1.0000,6.00,180.00,5.000000,0.050000,0.000000,1.100000,0.000000,0.000000,1.200000,0.000000,0.000000,1.350000,0.000000,0.000000,0.850000,0.020000,0.000000,0.008000,0.000000,0.000600,0.008000,0.000000,0.000600,0.006000,0.000000,0.000000,1,1,1,559,204,541,541,541,0,0,60.00,50076,2913,542,0,0,0,50077,500.75,0.00,8,354,0.0000,0.5000,0.5000,0.0000,0.5000
2026-04-27T19:15:31.049,9.321,1,1.50,-179.70,0.00,0.00,0,0.0000,0.0000,0.4000,0.0000,0.0000,0.0000,0.00,0.00,64.65,60.03,560,257,0.45893,0.45893,0.98929,0.46250,3,2,0,0.00000,0.00000,1.00000,0.0000,0.0000,0.0000,0.0000,0.0000,0.0000,0.00,0.00,0.00,1,1,0.0000,0.0000,0.4000,0.00,0.8200,0.3500,1.0000,6.00,180.00,5.000000,0.050000,0.000000,1.100000,0.000000,0.000000,1.200000,0.000000,0.000000,1.350000,0.000000,0.000000,0.850000,0.020000,0.000000,0.008000,0.000000,0.000600,0.008000,0.000000,0.000600,0.006000,0.000000,0.000000,1,1,1,560,204,541,541,541,0,0,60.00,50076,2913,542,0,0,0,50077,500.75,0.00,8,354,0.0000,0.5000,0.5000,0.0000,0.5000
2026-04-27T19:15:31.068,9.340,1,1.50,-179.70,0.00,0.00,0,0.0000,0.0000,0.4000,0.0000,0.0000,0.0000,0.00,0.00,55.12,60.22,561,257,0.45811,0.45811,0.98930,0.46168,3,2,0,0.00000,0.00000,1.00000,0.0000,0.0000,0.0000,0.0000,0.0000,0.0000,0.00,0.00,0.00,1,1,0.0000,0.0000,0.4000,0.00,0.8200,0.3500,1.0000,6.00,180.00,5.000000,0.050000,0.000000,1.100000,0.000000,0.000000,1.200000,0.000000,0.000000,1.350000,0.000000,0.000000,0.850000,0.020000,0.000000,0.008000,0.000000,0.000600,0.008000,0.000000,0.000600,0.006000,0.000000,0.000000,1,1,1,561,204,541,541,541,0,0,60.00,50076,2913,542,0,0,0,50077,500.75,0.00,8,354,0.0000,0.5000,0.5000,0.0000,0.5000
2026-04-27T19:15:31.082,9.354,1,1.50,-179.70,0.00,0.00,0,0.0000,0.0000,0.4000,0.0000,0.0000,0.0000,0.00,0.00,58.25,61.81,562,257,0.45730,0.45730,0.98932,0.46085,3,2,0,0.00000,0.00000,1.00000,0.0000,0.0000,0.0000,0.0000,0.0000,0.0000,0.00,0.00,0.00,1,1,0.0000,0.0000,0.4000,0.00,0.8200,0.3500,1.0000,6.00,180.00,5.000000,0.050000,0.000000,1.100000,0.000000,0.000000,1.200000,0.000000,0.000000,1.350000,0.000000,0.000000,0.850000,0.020000,0.000000,0.008000,0.000000,0.000600,0.008000,0.000000,0.000600,0.006000,0.000000,0.000000,1,1,1,562,204,541,541,541,0,0,60.00,50076,2913,542,0,0,0,50077,500.75,0.00,8,354,0.0000,0.5000,0.5000,0.0000,0.5000
2026-04-27T19:15:31.100,9.372,1,1.50,-179.70,0.00,0.00,0,0.0000,0.0000,0.4000,0.0000,0.0000,0.0000,0.00,0.00,63.63,61.95,563,257,0.45648,0.45648,0.98934,0.46004,3,2,0,0.00000,0.00000,1.00000,0.0000,0.0000,0.0000,0.0000,0.0000,0.0000,0.00,0.00,0.00,1,1,0.0000,0.0000,0.4000,0.00,0.8200,0.3500,1.0000,6.00,180.00,5.000000,0.050000,0.000000,1.100000,0.000000,0.000000,1.200000,0.000000,0.000000,1.350000,0.000000,0.000000,0.850000,0.020000,0.000000,0.008000,0.000000,0.000600,0.008000,0.000000,0.000600,0.006000,0.000000,0.000000,1,1,1,563,204,541,541,541,0,0,60.00,50076,2913,542,0,0,0,50077,500.75,0.00,8,354,0.0000,0.5000,0.5000,0.0000,0.5000
2026-04-27T19:15:31.115,9.388,1,1.50,-179.70,0.00,0.00,0,0.0000,0.0000,0.4000,0.0000,0.0000,0.0000,0.00,0.00,61.95,58.08,564,257,0.45567,0.45567,0.98936,0.45922,3,2,0,0.00000,0.00000,1.00000,0.0000,0.0000,0.0000,0.0000,0.0000,0.0000,0.00,0.00,0.00,1,1,0.0000,0.0000,0.4000,0.00,0.8200,0.3500,1.0000,6.00,180.00,5.000000,0.050000,0.000000,1.100000,0.000000,0.000000,1.200000,0.000000,0.000000,1.350000,0.000000,0.000000,0.850000,0.020000,0.000000,0.008000,0.000000,0.000600,0.008000,0.000000,0.000600,0.006000,0.000000,0.000000,1,1,1,564,204,541,541,541,0,0,60.00,50076,2913,542,0,0,0,50077,500.75,0.00,8,354,0.0000,0.5000,0.5000,0.0000,0.5000
2026-04-27T19:15:31.132,9.404,1,1.50,-179.70,0.00,0.00,0,0.0000,0.0000,0.4000,0.0000,0.0000,0.0000,0.00,0.00,57.81,58.93,565,257,0.45487,0.45487,0.98938,0.45841,3,2,0,0.00000,0.00000,1.00000,0.0000,0.0000,0.0000,0.0000,0.0000,0.0000,0.00,0.00,0.00,1,1,0.0000,0.0000,0.4000,0.00,0.8200,0.3500,1.0000,6.00,180.00,5.000000,0.050000,0.000000,1.100000,0.000000,0.000000,1.200000,0.000000,0.000000,1.350000,0.000000,0.000000,0.850000,0.020000,0.000000,0.008000,0.000000,0.000600,0.008000,0.000000,0.000600,0.006000,0.000000,0.000000,1,1,1,565,204,541,541,541,0,0,60.00,50076,2913,542,0,0,0,50077,500.75,0.00,8,354,0.0000,0.5000,0.5000,0.0000,0.5000
2026-04-27T19:15:31.150,9.423,1,1.50,-179.70,0.00,0.00,0,0.0000,0.0000,0.4000,0.0000,0.0000,0.0000,0.00,0.00,61.36,59.37,566,257,0.45406,0.45406,0.98940,0.45760,3,2,0,0.00000,0.00000,1.00000,0.0000,0.0000,0.0000,0.0000,0.0000,0.0000,0.00,0.00,0.00,1,1,0.0000,0.0000,0.4000,0.00,0.8200,0.3500,1.0000,6.00,180.00,5.000000,0.050000,0.000000,1.100000,0.000000,0.000000,1.200000,0.000000,0.000000,1.350000,0.000000,0.000000,0.850000,0.020000,0.000000,0.008000,0.000000,0.000600,0.008000,0.000000,0.000600,0.006000,0.000000,0.000000,1,1,1,566,204,541,541,541,0,0,60.00,50076,2913,542,0,0,0,50077,500.75,0.00,8,354,0.0000,0.5000,0.5000,0.0000,0.5000
2026-04-27T19:15:31.167,9.439,1,1.50,-179.70,0.00,0.00,0,0.0000,0.0000,0.4000,0.0000,0.0000,0.0000,0.00,0.00,56.02,59.93,567,257,0.45326,0.45326,0.98942,0.45679,3,2,0,0.00000,0.00000,1.00000,0.0000,0.0000,0.0000,0.0000,0.0000,0.0000,0.00,0.00,0.00,1,1,0.0000,0.0000,0.4000,0.00,0.8200,0.3500,1.0000,6.00,180.00,5.000000,0.050000,0.000000,1.100000,0.000000,0.000000,1.200000,0.000000,0.000000,1.350000,0.000000,0.000000,0.850000,0.020000,0.000000,0.008000,0.000000,0.000600,0.008000,0.000000,0.000600,0.006000,0.000000,0.000000,1,1,1,567,204,541,541,541,0,0,60.00,50076,2913,542,0,0,0,50077,500.75,0.00,8,354,0.0000,0.5000,0.5000,0.0000,0.5000
2026-04-27T19:15:31.184,9.456,1,1.50,-179.70,0.00,0.00,0,0.0000,0.0000,0.4000,0.0000,0.0000,0.0000,0.00,0.00,60.39,60.23,568,257,0.45246,0.45246,0.98944,0.45599,3,2,0,0.00000,0.00000,1.00000,0.0000,0.0000,0.0000,0.0000,0.0000,0.0000,0.00,0.00,0.00,1,1,0.0000,0.0000,0.4000,0.00,0.8200,0.3500,1.0000,6.00,180.00,5.000000,0.050000,0.000000,1.100000,0.000000,0.000000,1.200000,0.000000,0.000000,1.350000,0.000000,0.000000,0.850000,0.020000,0.000000,0.008000,0.000000,0.000600,0.008000,0.000000,0.000600,0.006000,0.000000,0.000000,1,1,1,568,204,541,541,541,0,0,60.00,50076,2913,542,0,0,0,50077,500.75,0.00,8,354,0.0000,0.5000,0.5000,0.0000,0.5000
2026-04-27T19:15:31.199,9.471,1,1.50,-179.70,0.00,0.00,0,0.0000,0.0000,0.4000,0.0000,0.0000,0.0000,0.00,0.00,62.15,60.02,569,257,0.45167,0.45167,0.98946,0.45518,3,2,0,0.00000,0.00000,1.00000,0.0000,0.0000,0.0000,0.0000,0.0000,0.0000,0.00,0.00,0.00,1,1,0.0000,0.0000,0.4000,0.00,0.8200,0.3500,1.0000,6.00,180.00,5.000000,0.050000,0.000000,1.100000,0.000000,0.000000,1.200000,0.000000,0.000000,1.350000,0.000000,0.000000,0.850000,0.020000,0.000000,0.008000,0.000000,0.000600,0.008000,0.000000,0.000600,0.006000,0.000000,0.000000,1,1,1,569,204,541,541,541,0,0,60.00,50076,2913,542,0,0,0,50077,500.75,0.00,8,354,0.0000,0.5000,0.5000,0.0000,0.5000
2026-04-27T19:15:31.216,9.489,1,1.50,-179.70,0.00,0.00,0,0.0000,0.0000,0.4000,0.0000,0.0000,0.0000,0.00,0.00,62.29,63.50,570,257,0.45088,0.45088,0.98947,0.45439,3,2,0,0.00000,0.00000,1.00000,0.0000,0.0000,0.0000,0.0000,0.0000,0.0000,0.00,0.00,0.00,1,1,0.0000,0.0000,0.4000,0.00,0.8200,0.3500,1.0000,6.00,180.00,5.000000,0.050000,0.000000,1.100000,0.000000,0.000000,1.200000,0.000000,0.000000,1.350000,0.000000,0.000000,0.850000,0.020000,0.000000,0.008000,0.000000,0.000600,0.008000,0.000000,0.000600,0.006000,0.000000,0.000000,1,1,1,570,204,541,541,541,0,0,60.00,50076,2913,542,0,0,0,50077,500.75,0.00,8,354,0.0000,0.5000,0.5000,0.0000,0.5000
2026-04-27T19:15:31.234,9.506,1,1.50,-179.70,0.00,0.00,0,0.0000,0.0000,0.4000,0.0000,0.0000,0.0000,0.00,0.00,58.10,58.55,571,257,0.45009,0.45009,0.98949,0.45359,3,2,0,0.00000,0.00000,1.00000,0.0000,0.0000,0.0000,0.0000,0.0000,0.0000,0.00,0.00,0.00,1,1,0.0000,0.0000,0.4000,0.00,0.8200,0.3500,1.0000,6.00,180.00,5.000000,0.050000,0.000000,1.100000,0.000000,0.000000,1.200000,0.000000,0.000000,1.350000,0.000000,0.000000,0.850000,0.020000,0.000000,0.008000,0.000000,0.000600,0.008000,0.000000,0.000600,0.006000,0.000000,0.000000,1,1,1,571,204,541,541,541,0,0,60.00,50076,2913,542,0,0,0,50077,500.75,0.00,8,354,0.0000,0.5000,0.5000,0.0000,0.5000
2026-04-27T19:15:31.249,9.521,1,1.50,-179.70,0.00,0.00,0,0.0000,0.0000,0.4000,0.0000,0.0000,0.0000,0.00,0.00,60.78,62.95,572,257,0.44930,0.44930,0.98951,0.45280,3,2,0,0.00000,0.00000,1.00000,0.0000,0.0000,0.0000,0.0000,0.0000,0.0000,0.00,0.00,0.00,1,1,0.0000,0.0000,0.4000,0.00,0.8200,0.3500,1.0000,6.00,180.00,5.000000,0.050000,0.000000,1.100000,0.000000,0.000000,1.200000,0.000000,0.000000,1.350000,0.000000,0.000000,0.850000,0.020000,0.000000,0.008000,0.000000,0.000600,0.008000,0.000000,0.000600,0.006000,0.000000,0.000000,1,1,1,572,204,541,541,541,0,0,60.00,50076,2913,542,0,0,0,50077,500.75,0.00,8,354,0.0000,0.5000,0.5000,0.0000,0.5000
2026-04-27T19:15:31.269,9.541,1,1.50,-179.70,0.00,0.00,0,0.0000,0.0000,0.4000,0.0000,0.0000,0.0000,0.00,0.00,60.93,53.17,573,257,0.44852,0.44852,0.98953,0.45201,3,2,0,0.00000,0.00000,1.00000,0.0000,0.0000,0.0000,0.0000,0.0000,0.0000,0.00,0.00,0.00,1,1,0.0000,0.0000,0.4000,0.00,0.8200,0.3500,1.0000,6.00,180.00,5.000000,0.050000,0.000000,1.100000,0.000000,0.000000,1.200000,0.000000,0.000000,1.350000,0.000000,0.000000,0.850000,0.020000,0.000000,0.008000,0.000000,0.000600,0.008000,0.000000,0.000600,0.006000,0.000000,0.000000,1,1,1,573,204,541,541,541,0,0,60.00,50076,2913,542,0,0,0,50077,500.75,0.00,8,354,0.0000,0.5000,0.5000,0.0000,0.5000
2026-04-27T19:15:31.282,9.555,1,1.50,-179.70,0.00,0.00,0,0.0000,0.0000,0.4000,0.0000,0.0000,0.0000,0.00,0.00,54.12,63.64,574,257,0.44774,0.44774,0.98955,0.45122,3,2,0,0.00000,0.00000,1.00000,0.0000,0.0000,0.0000,0.0000,0.0000,0.0000,0.00,0.00,0.00,1,1,0.0000,0.0000,0.4000,0.00,0.8200,0.3500,1.0000,6.00,180.00,5.000000,0.050000,0.000000,1.100000,0.000000,0.000000,1.200000,0.000000,0.000000,1.350000,0.000000,0.000000,0.850000,0.020000,0.000000,0.008000,0.000000,0.000600,0.008000,0.000000,0.000600,0.006000,0.000000,0.000000,1,1,1,574,204,541,541,541,0,0,60.00,50076,2913,542,0,0,0,50077,500.75,0.00,8,354,0.0000,0.5000,0.5000,0.0000,0.5000
2026-04-27T19:15:31.299,9.571,1,1.50,-179.70,0.00,0.00,0,0.0000,0.0000,0.4000,0.0000,0.0000,0.0000,0.00,0.00,64.44,61.20,575,257,0.44696,0.44696,0.98957,0.45043,3,2,0,0.00000,0.00000,1.00000,0.0000,0.0000,0.0000,0.0000,0.0000,0.0000,0.00,0.00,0.00,1,1,0.0000,0.0000,0.4000,0.00,0.8200,0.3500,1.0000,6.00,180.00,5.000000,0.050000,0.000000,1.100000,0.000000,0.000000,1.200000,0.000000,0.000000,1.350000,0.000000,0.000000,0.850000,0.020000,0.000000,0.008000,0.000000,0.000600,0.008000,0.000000,0.000600,0.006000,0.000000,0.000000,1,1,1,575,204,541,541,541,0,0,60.00,50076,2913,542,0,0,0,50077,500.75,0.00,8,354,0.0000,0.5000,0.5000,0.0000,0.5000
2026-04-27T19:15:31.316,9.588,1,1.50,-179.70,0.00,0.00,0,0.0000,0.0000,0.4000,0.0000,0.0000,0.0000,0.00,0.00,64.53,60.63,576,257,0.44618,0.44618,0.98958,0.44965,3,2,0,0.00000,0.00000,1.00000,0.0000,0.0000,0.0000,0.0000,0.0000,0.0000,0.00,0.00,0.00,1,1,0.0000,0.0000,0.4000,0.00,0.8200,0.3500,1.0000,6.00,180.00,5.000000,0.050000,0.000000,1.100000,0.000000,0.000000,1.200000,0.000000,0.000000,1.350000,0.000000,0.000000,0.850000,0.020000,0.000000,0.008000,0.000000,0.000600,0.008000,0.000000,0.000600,0.006000,0.000000,0.000000,1,1,1,576,204,541,541,541,0,0,60.00,50076,2913,542,0,0,0,50077,500.75,0.00,8,354,0.0000,0.5000,0.5000,0.0000,0.5000
2026-04-27T19:15:31.331,9.603,1,1.50,-179.70,0.00,0.00,0,0.0000,0.0000,0.4000,0.0000,0.0000,0.0000,0.00,0.00,57.45,63.16,577,257,0.44541,0.44541,0.98960,0.44887,3,2,0,0.00000,0.00000,1.00000,0.0000,0.0000,0.0000,0.0000,0.0000,0.0000,0.00,0.00,0.00,1,1,0.0000,0.0000,0.4000,0.00,0.8200,0.3500,1.0000,6.00,180.00,5.000000,0.050000,0.000000,1.100000,0.000000,0.000000,1.200000,0.000000,0.000000,1.350000,0.000000,0.000000,0.850000,0.020000,0.000000,0.008000,0.000000,0.000600,0.008000,0.000000,0.000600,0.006000,0.000000,0.000000,1,1,1,577,204,541,541,541,0,0,60.00,50076,2913,542,0,0,0,50077,500.75,0.00,8,354,0.0000,0.5000,0.5000,0.0000,0.5000
2026-04-27T19:15:31.349,9.621,1,1.50,-179.70,0.00,0.00,0,0.0000,0.0000,0.4000,0.0000,0.0000,0.0000,0.00,0.00,72.70,55.82,578,257,0.44464,0.44464,0.98962,0.44810,3,2,0,0.00000,0.00000,1.00000,0.0000,0.0000,0.0000,0.0000,0.0000,0.0000,0.00,0.00,0.00,1,1,0.0000,0.0000,0.4000,0.00,0.8200,0.3500,1.0000,6.00,180.00,5.000000,0.050000,0.000000,1.100000,0.000000,0.000000,1.200000,0.000000,0.000000,1.350000,0.000000,0.000000,0.850000,0.020000,0.000000,0.008000,0.000000,0.000600,0.008000,0.000000,0.000600,0.006000,0.000000,0.000000,1,1,1,578,204,541,541,541,0,0,60.00,50076,2913,542,0,0,0,50077,500.75,0.00,8,354,0.0000,0.5000,0.5000,0.0000,0.5000
2026-04-27T19:15:31.366,9.638,1,1.50,-179.70,0.00,0.00,0,0.0000,0.0000,0.4000,0.0000,0.0000,0.0000,0.00,0.00,51.69,62.17,579,257,0.44387,0.44387,0.98964,0.44732,3,2,0,0.00000,0.00000,1.00000,0.0000,0.0000,0.0000,0.0000,0.0000,0.0000,0.00,0.00,0.00,1,1,0.0000,0.0000,0.4000,0.00,0.8200,0.3500,1.0000,6.00,180.00,5.000000,0.050000,0.000000,1.100000,0.000000,0.000000,1.200000,0.000000,0.000000,1.350000,0.000000,0.000000,0.850000,0.020000,0.000000,0.008000,0.000000,0.000600,0.008000,0.000000,0.000600,0.006000,0.000000,0.000000,1,1,1,579,204,541,541,541,0,0,60.00,50076,2913,542,0,0,0,50077,500.75,0.00,8,354,0.0000,0.5000,0.5000,0.0000,0.5000
2026-04-27T19:15:31.382,9.654,1,1.50,-179.70,0.00,0.00,0,0.0000,0.0000,0.4000,0.0000,0.0000,0.0000,0.00,0.00,60.01,58.94,580,257,0.44310,0.44310,0.98966,0.44655,3,2,0,0.00000,0.00000,1.00000,0.0000,0.0000,0.0000,0.0000,0.0000,0.0000,0.00,0.00,0.00,1,1,0.0000,0.0000,0.4000,0.00,0.8200,0.3500,1.0000,6.00,180.00,5.000000,0.050000,0.000000,1.100000,0.000000,0.000000,1.200000,0.000000,0.000000,1.350000,0.000000,0.000000,0.850000,0.020000,0.000000,0.008000,0.000000,0.000600,0.008000,0.000000,0.000600,0.006000,0.000000,0.000000,1,1,1,580,204,541,541,541,0,0,60.00,50076,2913,542,0,0,0,50077,500.75,0.00,8,354,0.0000,0.5000,0.5000,0.0000,0.5000
2026-04-27T19:15:31.399,9.671,1,1.50,-179.70,0.00,0.00,0,0.0000,0.0000,0.4000,0.0000,0.0000,0.0000,0.00,0.00,66.87,61.64,581,257,0.44234,0.44234,0.98967,0.44578,3,2,0,0.00000,0.00000,1.00000,0.0000,0.0000,0.0000,0.0000,0.0000,0.0000,0.00,0.00,0.00,1,1,0.0000,0.0000,0.4000,0.00,0.8200,0.3500,1.0000,6.00,180.00,5.000000,0.050000,0.000000,1.100000,0.000000,0.000000,1.200000,0.000000,0.000000,1.350000,0.000000,0.000000,0.850000,0.020000,0.000000,0.008000,0.000000,0.000600,0.008000,0.000000,0.000600,0.006000,0.000000,0.000000,1,1,1,581,204,541,541,541,0,0,60.00,50076,2913,542,0,0,0,50077,500.75,0.00,8,354,0.0000,0.5000,0.5000,0.0000,0.5000
2026-04-27T19:15:31.416,9.688,1,1.50,-179.70,0.00,0.00,0,0.0000,0.0000,0.4000,0.0000,0.0000,0.0000,0.00,0.00,57.74,56.85,582,257,0.44158,0.44158,0.98969,0.44502,3,2,0,0.00000,0.00000,1.00000,0.0000,0.0000,0.0000,0.0000,0.0000,0.0000,0.00,0.00,0.00,1,1,0.0000,0.0000,0.4000,0.00,0.8200,0.3500,1.0000,6.00,180.00,5.000000,0.050000,0.000000,1.100000,0.000000,0.000000,1.200000,0.000000,0.000000,1.350000,0.000000,0.000000,0.850000,0.020000,0.000000,0.008000,0.000000,0.000600,0.008000,0.000000,0.000600,0.006000,0.000000,0.000000,1,1,1,582,204,541,541,541,0,0,60.00,50076,2913,542,0,0,0,50077,500.75,0.00,8,354,0.0000,0.5000,0.5000,0.0000,0.5000
2026-04-27T19:15:31.432,9.704,1,1.50,-179.70,0.00,0.00,0,0.0000,0.0000,0.4000,0.0000,0.0000,0.0000,0.00,0.00,60.63,60.51,583,257,0.44082,0.44082,0.98971,0.44425,3,2,0,0.00000,0.00000,1.00000,0.0000,0.0000,0.0000,0.0000,0.0000,0.0000,0.00,0.00,0.00,1,1,0.0000,0.0000,0.4000,0.00,0.8200,0.3500,1.0000,6.00,180.00,5.000000,0.050000,0.000000,1.100000,0.000000,0.000000,1.200000,0.000000,0.000000,1.350000,0.000000,0.000000,0.850000,0.020000,0.000000,0.008000,0.000000,0.000600,0.008000,0.000000,0.000600,0.006000,0.000000,0.000000,1,1,1,583,204,541,541,541,0,0,60.00,50076,2913,542,0,0,0,50077,500.75,0.00,8,354,0.0000,0.5000,0.5000,0.0000,0.5000
2026-04-27T19:15:31.449,9.721,1,1.50,-179.70,0.00,0.00,0,0.0000,0.0000,0.4000,0.0000,0.0000,0.0000,0.00,0.00,60.51,60.74,584,257,0.44007,0.44007,0.98973,0.44349,3,2,0,0.00000,0.00000,1.00000,0.0000,0.0000,0.0000,0.0000,0.0000,0.0000,0.00,0.00,0.00,1,1,0.0000,0.0000,0.4000,0.00,0.8200,0.3500,1.0000,6.00,180.00,5.000000,0.050000,0.000000,1.100000,0.000000,0.000000,1.200000,0.000000,0.000000,1.350000,0.000000,0.000000,0.850000,0.020000,0.000000,0.008000,0.000000,0.000600,0.008000,0.000000,0.000600,0.006000,0.000000,0.000000,1,1,1,584,204,541,541,541,0,0,60.00,50076,2913,542,0,0,0,50077,500.75,0.00,8,354,0.0000,0.5000,0.5000,0.0000,0.5000
2026-04-27T19:15:31.465,9.737,1,1.50,-179.70,0.00,0.00,0,0.0000,0.0000,0.4000,0.0000,0.0000,0.0000,0.00,0.00,60.74,60.70,585,257,0.43932,0.43932,0.98974,0.44274,3,2,0,0.00000,0.00000,1.00000,0.0000,0.0000,0.0000,0.0000,0.0000,0.0000,0.00,0.00,0.00,1,1,0.0000,0.0000,0.4000,0.00,0.8200,0.3500,1.0000,6.00,180.00,5.000000,0.050000,0.000000,1.100000,0.000000,0.000000,1.200000,0.000000,0.000000,1.350000,0.000000,0.000000,0.850000,0.020000,0.000000,0.008000,0.000000,0.000600,0.008000,0.000000,0.000600,0.006000,0.000000,0.000000,1,1,1,585,204,541,541,541,0,0,60.00,50076,2913,542,0,0,0,50077,500.75,0.00,8,354,0.0000,0.5000,0.5000,0.0000,0.5000
2026-04-27T19:15:31.483,9.755,1,1.50,-179.70,0.00,0.00,0,0.0000,0.0000,0.4000,0.0000,0.0000,0.0000,0.00,0.00,54.17,59.71,586,257,0.43857,0.43857,0.98976,0.44198,3,2,0,0.00000,0.00000,1.00000,0.0000,0.0000,0.0000,0.0000,0.0000,0.0000,0.00,0.00,0.00,1,1,0.0000,0.0000,0.4000,0.00,0.8200,0.3500,1.0000,6.00,180.00,5.000000,0.050000,0.000000,1.100000,0.000000,0.000000,1.200000,0.000000,0.000000,1.350000,0.000000,0.000000,0.850000,0.020000,0.000000,0.008000,0.000000,0.000600,0.008000,0.000000,0.000600,0.006000,0.000000,0.000000,1,1,1,586,204,541,541,541,0,0,60.00,50076,2913,542,0,0,0,50077,500.75,0.00,8,354,0.0000,0.5000,0.5000,0.0000,0.5000
2026-04-27T19:15:31.499,9.771,1,1.50,-179.70,0.00,0.00,0,0.0000,0.0000,0.4000,0.0000,0.0000,0.0000,0.00,0.00,55.69,62.89,587,257,0.43782,0.43782,0.98978,0.44123,3,2,0,0.00000,0.00000,1.00000,0.0000,0.0000,0.0000,0.0000,0.0000,0.0000,0.00,0.00,0.00,1,1,0.0000,0.0000,0.4000,0.00,0.8200,0.3500,1.0000,6.00,180.00,5.000000,0.050000,0.000000,1.100000,0.000000,0.000000,1.200000,0.000000,0.000000,1.350000,0.000000,0.000000,0.850000,0.020000,0.000000,0.008000,0.000000,0.000600,0.008000,0.000000,0.000600,0.006000,0.000000,0.000000,1,1,1,587,204,541,541,541,0,0,60.00,50076,2913,542,0,0,0,50077,500.75,0.00,8,354,0.0000,0.5000,0.5000,0.0000,0.5000
2026-04-27T19:15:31.516,9.789,1,1.50,-179.70,0.00,0.00,0,0.0000,0.0000,0.4000,0.0000,0.0000,0.0000,0.00,0.00,66.68,58.30,588,257,0.43707,0.43707,0.98980,0.44048,3,2,0,0.00000,0.00000,1.00000,0.0000,0.0000,0.0000,0.0000,0.0000,0.0000,0.00,0.00,0.00,1,1,0.0000,0.0000,0.4000,0.00,0.8200,0.3500,1.0000,6.00,180.00,5.000000,0.050000,0.000000,1.100000,0.000000,0.000000,1.200000,0.000000,0.000000,1.350000,0.000000,0.000000,0.850000,0.020000,0.000000,0.008000,0.000000,0.000600,0.008000,0.000000,0.000600,0.006000,0.000000,0.000000,1,1,1,588,204,541,541,541,0,0,60.00,50076,2913,542,0,0,0,50077,500.75,0.00,8,354,0.0000,0.5000,0.5000,0.0000,0.5000
2026-04-27T19:15:31.532,9.804,1,1.50,-179.70,0.00,0.00,0,0.0000,0.0000,0.4000,0.0000,0.0000,0.0000,0.00,0.00,61.54,58.13,589,257,0.43633,0.43633,0.98981,0.43973,3,2,0,0.00000,0.00000,1.00000,0.0000,0.0000,0.0000,0.0000,0.0000,0.0000,0.00,0.00,0.00,1,1,0.0000,0.0000,0.4000,0.00,0.8200,0.3500,1.0000,6.00,180.00,5.000000,0.050000,0.000000,1.100000,0.000000,0.000000,1.200000,0.000000,0.000000,1.350000,0.000000,0.000000,0.850000,0.020000,0.000000,0.008000,0.000000,0.000600,0.008000,0.000000,0.000600,0.006000,0.000000,0.000000,1,1,1,589,204,541,541,541,0,0,60.00,50076,2913,542,0,0,0,50077,500.75,0.00,8,354,0.0000,0.5000,0.5000,0.0000,0.5000
2026-04-27T19:15:31.549,9.821,1,1.50,-179.70,0.00,0.00,0,0.0000,0.0000,0.4000,0.0000,0.0000,0.0000,0.00,0.00,59.32,59.85,590,257,0.43559,0.43559,0.98983,0.43898,3,2,0,0.00000,0.00000,1.00000,0.0000,0.0000,0.0000,0.0000,0.0000,0.0000,0.00,0.00,0.00,1,1,0.0000,0.0000,0.4000,0.00,0.8200,0.3500,1.0000,6.00,180.00,5.000000,0.050000,0.000000,1.100000,0.000000,0.000000,1.200000,0.000000,0.000000,1.350000,0.000000,0.000000,0.850000,0.020000,0.000000,0.008000,0.000000,0.000600,0.008000,0.000000,0.000600,0.006000,0.000000,0.000000,1,1,1,590,204,541,541,541,0,0,60.00,50076,2913,542,0,0,0,50077,500.75,0.00,8,354,0.0000,0.5000,0.5000,0.0000,0.5000
2026-04-27T19:15:31.566,9.838,1,1.50,-179.70,0.00,0.00,0,0.0000,0.0000,0.4000,0.0000,0.0000,0.0000,0.00,0.00,59.27,60.04,591,257,0.43486,0.43486,0.98985,0.43824,3,2,0,0.00000,0.00000,1.00000,0.0000,0.0000,0.0000,0.0000,0.0000,0.0000,0.00,0.00,0.00,1,1,0.0000,0.0000,0.4000,0.00,0.8200,0.3500,1.0000,6.00,180.00,5.000000,0.050000,0.000000,1.100000,0.000000,0.000000,1.200000,0.000000,0.000000,1.350000,0.000000,0.000000,0.850000,0.020000,0.000000,0.008000,0.000000,0.000600,0.008000,0.000000,0.000600,0.006000,0.000000,0.000000,1,1,1,591,204,541,541,541,0,0,60.00,50076,2913,542,0,0,0,50077,500.75,0.00,8,354,0.0000,0.5000,0.5000,0.0000,0.5000
2026-04-27T19:15:31.582,9.854,1,1.50,-179.70,0.00,0.00,0,0.0000,0.0000,0.4000,0.0000,0.0000,0.0000,0.00,0.00,60.00,60.00,592,257,0.43412,0.43412,0.98986,0.43750,3,2,0,0.00000,0.00000,1.00000,0.0000,0.0000,0.0000,0.0000,0.0000,0.0000,0.00,0.00,0.00,1,1,0.0000,0.0000,0.4000,0.00,0.8200,0.3500,1.0000,6.00,180.00,5.000000,0.050000,0.000000,1.100000,0.000000,0.000000,1.200000,0.000000,0.000000,1.350000,0.000000,0.000000,0.850000,0.020000,0.000000,0.008000,0.000000,0.000600,0.008000,0.000000,0.000600,0.006000,0.000000,0.000000,1,1,1,592,204,541,541,541,0,0,60.00,50076,2913,542,0,0,0,50077,500.75,0.00,8,354,0.0000,0.5000,0.5000,0.0000,0.5000
2026-04-27T19:15:31.596,9.868,1,1.50,-179.70,0.00,0.00,0,0.0000,0.0000,0.4000,0.0000,0.0000,0.0000,0.00,0.00,64.74,74.39,593,257,0.43339,0.43339,0.98988,0.43676,3,2,0,0.00000,0.00000,1.00000,0.0000,0.0000,0.0000,0.0000,0.0000,0.0000,0.00,0.00,0.00,1,1,0.0000,0.0000,0.4000,0.00,0.8200,0.3500,1.0000,6.00,180.00,5.000000,0.050000,0.000000,1.100000,0.000000,0.000000,1.200000,0.000000,0.000000,1.350000,0.000000,0.000000,0.850000,0.020000,0.000000,0.008000,0.000000,0.000600,0.008000,0.000000,0.000600,0.006000,0.000000,0.000000,1,1,1,593,204,541,541,541,0,0,60.00,50076,2913,542,0,0,0,50077,500.75,0.00,8,354,0.0000,0.5000,0.5000,0.0000,0.5000
2026-04-27T19:15:31.616,9.888,1,1.50,-179.70,0.00,0.00,0,0.0000,0.0000,0.4000,0.0000,0.0000,0.0000,0.00,0.00,53.35,50.30,594,257,0.43266,0.43266,0.98990,0.43603,3,2,0,0.00000,0.00000,1.00000,0.0000,0.0000,0.0000,0.0000,0.0000,0.0000,0.00,0.00,0.00,1,1,0.0000,0.0000,0.4000,0.00,0.8200,0.3500,1.0000,6.00,180.00,5.000000,0.050000,0.000000,1.100000,0.000000,0.000000,1.200000,0.000000,0.000000,1.350000,0.000000,0.000000,0.850000,0.020000,0.000000,0.008000,0.000000,0.000600,0.008000,0.000000,0.000600,0.006000,0.000000,0.000000,1,1,1,594,204,541,541,541,0,0,60.00,50076,2913,542,0,0,0,50077,500.75,0.00,8,354,0.0000,0.5000,0.5000,0.0000,0.5000
2026-04-27T19:15:31.632,9.904,1,1.50,-179.70,0.00,0.00,0,0.0000,0.0000,0.4000,0.0000,0.0000,0.0000,0.00,0.00,63.33,60.04,595,257,0.43193,0.43193,0.98992,0.43529,3,2,0,0.00000,0.00000,1.00000,0.0000,0.0000,0.0000,0.0000,0.0000,0.0000,0.00,0.00,0.00,1,1,0.0000,0.0000,0.4000,0.00,0.8200,0.3500,1.0000,6.00,180.00,5.000000,0.050000,0.000000,1.100000,0.000000,0.000000,1.200000,0.000000,0.000000,1.350000,0.000000,0.000000,0.850000,0.020000,0.000000,0.008000,0.000000,0.000600,0.008000,0.000000,0.000600,0.006000,0.000000,0.000000,1,1,1,595,204,541,541,541,0,0,60.00,50076,2913,542,0,0,0,50077,500.75,0.00,8,354,0.0000,0.5000,0.5000,0.0000,0.5000
2026-04-27T19:15:31.643,9.915,1,1.50,-179.70,0.00,0.00,0,0.0000,0.0000,0.4000,0.0000,0.0000,0.0000,0.00,0.00,59.80,96.41,596,257,0.43121,0.43121,0.98993,0.43456,3,2,0,0.00000,0.00000,1.00000,0.0000,0.0000,0.0000,0.0000,0.0000,0.0000,0.00,0.00,0.00,1,1,0.0000,0.0000,0.4000,0.00,0.8200,0.3500,1.0000,6.00,180.00,5.000000,0.050000,0.000000,1.100000,0.000000,0.000000,1.200000,0.000000,0.000000,1.350000,0.000000,0.000000,0.850000,0.020000,0.000000,0.008000,0.000000,0.000600,0.008000,0.000000,0.000600,0.006000,0.000000,0.000000,1,1,1,596,204,541,541,541,0,0,60.00,50076,2913,542,0,0,0,50077,500.75,0.00,8,354,0.0000,0.5000,0.5000,0.0000,0.5000
2026-04-27T19:15:31.666,9.938,1,1.50,-179.70,0.00,0.00,0,0.0000,0.0000,0.4000,0.0000,0.0000,0.0000,0.00,0.00,109.93,43.58,597,257,0.43049,0.43049,0.98995,0.43384,3,2,0,0.00000,0.00000,1.00000,0.0000,0.0000,0.0000,0.0000,0.0000,0.0000,0.00,0.00,0.00,1,1,0.0000,0.0000,0.4000,0.00,0.8200,0.3500,1.0000,6.00,180.00,5.000000,0.050000,0.000000,1.100000,0.000000,0.000000,1.200000,0.000000,0.000000,1.350000,0.000000,0.000000,0.850000,0.020000,0.000000,0.008000,0.000000,0.000600,0.008000,0.000000,0.000600,0.006000,0.000000,0.000000,1,1,1,597,204,541,541,541,0,0,60.00,50076,2913,542,0,0,0,50077,500.75,0.00,8,354,0.0000,0.5000,0.5000,0.0000,0.5000
2026-04-27T19:15:31.684,9.956,1,1.50,-179.70,0.00,0.00,0,0.0000,0.0000,0.4000,0.0000,0.0000,0.0000,0.00,0.00,43.58,60.00,598,257,0.42977,0.42977,0.98997,0.43311,3,2,0,0.00000,0.00000,1.00000,0.0000,0.0000,0.0000,0.0000,0.0000,0.0000,0.00,0.00,0.00,1,1,0.0000,0.0000,0.4000,0.00,0.8200,0.3500,1.0000,6.00,180.00,5.000000,0.050000,0.000000,1.100000,0.000000,0.000000,1.200000,0.000000,0.000000,1.350000,0.000000,0.000000,0.850000,0.020000,0.000000,0.008000,0.000000,0.000600,0.008000,0.000000,0.000600,0.006000,0.000000,0.000000,1,1,1,598,204,541,541,541,0,0,60.00,50076,2913,542,0,0,0,50077,500.75,0.00,8,354,0.0000,0.5000,0.5000,0.0000,0.5000
2026-04-27T19:15:31.699,9.971,1,1.50,-179.70,0.00,0.00,0,0.0000,0.0000,0.4000,0.0000,0.0000,0.0000,0.00,0.00,53.40,61.33,599,257,0.42905,0.42905,0.98998,0.43239,3,2,0,0.00000,0.00000,1.00000,0.0000,0.0000,0.0000,0.0000,0.0000,0.0000,0.00,0.00,0.00,1,1,0.0000,0.0000,0.4000,0.00,0.8200,0.3500,1.0000,6.00,180.00,5.000000,0.050000,0.000000,1.100000,0.000000,0.000000,1.200000,0.000000,0.000000,1.350000,0.000000,0.000000,0.850000,0.020000,0.000000,0.008000,0.000000,0.000600,0.008000,0.000000,0.000600,0.006000,0.000000,0.000000,1,1,1,599,204,541,541,541,0,0,60.00,50076,2913,542,0,0,0,50077,500.75,0.00,8,354,0.0000,0.5000,0.5000,0.0000,0.5000
2026-04-27T19:15:31.715,9.987,1,1.50,-179.70,0.00,0.00,0,0.0000,0.0000,0.4000,0.0000,0.0000,0.0000,0.00,0.00,70.20,60.79,600,257,0.42833,0.42833,0.99000,0.43167,3,2,0,0.00000,0.00000,1.00000,0.0000,0.0000,0.0000,0.0000,0.0000,0.0000,0.00,0.00,0.00,1,1,0.0000,0.0000,0.4000,0.00,0.8200,0.3500,1.0000,6.00,180.00,5.000000,0.050000,0.000000,1.100000,0.000000,0.000000,1.200000,0.000000,0.000000,1.350000,0.000000,0.000000,0.850000,0.020000,0.000000,0.008000,0.000000,0.000600,0.008000,0.000000,0.000600,0.006000,0.000000,0.000000,1,1,1,600,204,541,541,541,0,0,60.00,50076,2913,542,0,0,0,50077,500.75,0.00,8,354,0.0000,0.5000,0.5000,0.0000,0.5000
2026-04-27T19:15:31.732,10.004,1,1.50,-179.70,0.00,0.00,0,0.0000,0.0000,0.4000,0.0000,0.0000,0.0000,0.00,0.00,60.79,62.57,601,257,0.42762,0.42762,0.99002,0.43095,3,2,0,0.00000,0.00000,1.00000,0.0000,0.0000,0.0000,0.0000,0.0000,0.0000,0.00,0.00,0.00,1,1,0.0000,0.0000,0.4000,0.00,0.8200,0.3500,1.0000,6.00,180.00,5.000000,0.050000,0.000000,1.100000,0.000000,0.000000,1.200000,0.000000,0.000000,1.350000,0.000000,0.000000,0.850000,0.020000,0.000000,0.008000,0.000000,0.000600,0.008000,0.000000,0.000600,0.006000,0.000000,0.000000,1,1,1,601,204,541,541,541,0,0,60.00,50076,2913,542,0,0,0,50077,500.75,0.00,8,354,0.0000,0.5000,0.5000,0.0000,0.5000
2026-04-27T19:15:31.749,10.022,1,1.50,-179.70,0.00,0.00,0,0.0000,0.0000,0.4000,0.0000,0.0000,0.0000,0.00,0.00,58.04,55.82,602,257,0.42691,0.42691,0.99003,0.43023,3,2,0,0.00000,0.00000,1.00000,0.0000,0.0000,0.0000,0.0000,0.0000,0.0000,0.00,0.00,0.00,1,1,0.0000,0.0000,0.4000,0.00,0.8200,0.3500,1.0000,6.00,180.00,5.000000,0.050000,0.000000,1.100000,0.000000,0.000000,1.200000,0.000000,0.000000,1.350000,0.000000,0.000000,0.850000,0.020000,0.000000,0.008000,0.000000,0.000600,0.008000,0.000000,0.000600,0.006000,0.000000,0.000000,1,1,1,602,204,541,541,541,0,0,60.00,50076,2913,542,0,0,0,50077,500.75,0.00,8,354,0.0000,0.5000,0.5000,0.0000,0.5000
2026-04-27T19:15:31.766,10.038,1,1.50,-179.70,0.00,0.00,0,0.0000,0.0000,0.4000,0.0000,0.0000,0.0000,0.00,0.00,58.29,60.27,603,257,0.42620,0.42620,0.99005,0.42952,3,2,0,0.00000,0.00000,1.00000,0.0000,0.0000,0.0000,0.0000,0.0000,0.0000,0.00,0.00,0.00,1,1,0.0000,0.0000,0.4000,0.00,0.8200,0.3500,1.0000,6.00,180.00,5.000000,0.050000,0.000000,1.100000,0.000000,0.000000,1.200000,0.000000,0.000000,1.350000,0.000000,0.000000,0.850000,0.020000,0.000000,0.008000,0.000000,0.000600,0.008000,0.000000,0.000600,0.006000,0.000000,0.000000,1,1,1,603,204,541,541,541,0,0,60.00,50076,2913,542,0,0,0,50077,500.75,0.00,8,354,0.0000,0.5000,0.5000,0.0000,0.5000
2026-04-27T19:15:31.783,10.055,1,1.50,-179.70,0.00,0.00,0,0.0000,0.0000,0.4000,0.0000,0.0000,0.0000,0.00,0.00,54.68,62.07,604,257,0.42550,0.42550,0.99007,0.42881,3,2,0,0.00000,0.00000,1.00000,0.0000,0.0000,0.0000,0.0000,0.0000,0.0000,0.00,0.00,0.00,1,1,0.0000,0.0000,0.4000,0.00,0.8200,0.3500,1.0000,6.00,180.00,5.000000,0.050000,0.000000,1.100000,0.000000,0.000000,1.200000,0.000000,0.000000,1.350000,0.000000,0.000000,0.850000,0.020000,0.000000,0.008000,0.000000,0.000600,0.008000,0.000000,0.000600,0.006000,0.000000,0.000000,1,1,1,604,204,541,541,541,0,0,60.00,50076,2913,602,0,0,0,50137,331.46,0.00,3,638,0.0000,0.5000,0.5000,0.0000,0.5000
2026-04-27T19:15:31.799,10.071,1,1.50,-179.70,0.00,0.00,0,0.0000,0.0000,0.4000,0.0000,0.0000,0.0000,0.00,0.00,60.26,57.80,605,257,0.42479,0.42479,0.99008,0.42810,3,2,0,0.00000,0.00000,1.00000,0.0000,0.0000,0.0000,0.0000,0.0000,0.0000,0.00,0.00,0.00,1,1,0.0000,0.0000,0.4000,0.00,0.8200,0.3500,1.0000,6.00,180.00,5.000000,0.050000,0.000000,1.100000,0.000000,0.000000,1.200000,0.000000,0.000000,1.350000,0.000000,0.000000,0.850000,0.020000,0.000000,0.008000,0.000000,0.000600,0.008000,0.000000,0.000600,0.006000,0.000000,0.000000,1,1,1,605,204,541,541,541,0,0,60.00,50076,2913,602,0,0,0,50137,331.46,0.00,3,638,0.0000,0.5000,0.5000,0.0000,0.5000
2026-04-27T19:15:31.817,10.089,1,1.50,-179.70,0.00,0.00,0,0.0000,0.0000,0.4000,0.0000,0.0000,0.0000,0.00,0.00,62.92,60.12,606,257,0.42409,0.42409,0.99010,0.42739,3,2,0,0.00000,0.00000,1.00000,0.0000,0.0000,0.0000,0.0000,0.0000,0.0000,0.00,0.00,0.00,1,1,0.0000,0.0000,0.4000,0.00,0.8200,0.3500,1.0000,6.00,180.00,5.000000,0.050000,0.000000,1.100000,0.000000,0.000000,1.200000,0.000000,0.000000,1.350000,0.000000,0.000000,0.850000,0.020000,0.000000,0.008000,0.000000,0.000600,0.008000,0.000000,0.000600,0.006000,0.000000,0.000000,1,1,1,606,204,541,541,541,0,0,60.00,50076,2913,602,0,0,0,50137,331.46,0.00,3,638,0.0000,0.5000,0.5000,0.0000,0.5000
2026-04-27T19:15:31.833,10.106,1,1.50,-179.70,0.00,0.00,0,0.0000,0.0000,0.4000,0.0000,0.0000,0.0000,0.00,0.00,55.59,61.06,607,257,0.42339,0.42339,0.99012,0.42669,3,2,0,0.00000,0.00000,1.00000,0.0000,0.0000,0.0000,0.0000,0.0000,0.0000,0.00,0.00,0.00,1,1,0.0000,0.0000,0.4000,0.00,0.8200,0.3500,1.0000,6.00,180.00,5.000000,0.050000,0.000000,1.100000,0.000000,0.000000,1.200000,0.000000,0.000000,1.350000,0.000000,0.000000,0.850000,0.020000,0.000000,0.008000,0.000000,0.000600,0.008000,0.000000,0.000600,0.006000,0.000000,0.000000,1,1,1,607,204,541,541,541,0,0,60.00,50076,2913,602,0,0,0,50137,331.46,0.00,3,638,0.0000,0.5000,0.5000,0.0000,0.5000
2026-04-27T19:15:31.849,10.121,1,1.50,-179.70,0.00,0.00,0,0.0000,0.0000,0.4000,0.0000,0.0000,0.0000,0.00,0.00,65.52,58.68,608,257,0.42270,0.42270,0.99013,0.42599,3,2,0,0.00000,0.00000,1.00000,0.0000,0.0000,0.0000,0.0000,0.0000,0.0000,0.00,0.00,0.00,1,1,0.0000,0.0000,0.4000,0.00,0.8200,0.3500,1.0000,6.00,180.00,5.000000,0.050000,0.000000,1.100000,0.000000,0.000000,1.200000,0.000000,0.000000,1.350000,0.000000,0.000000,0.850000,0.020000,0.000000,0.008000,0.000000,0.000600,0.008000,0.000000,0.000600,0.006000,0.000000,0.000000,1,1,1,608,204,541,541,541,0,0,60.00,50076,2913,602,0,0,0,50137,331.46,0.00,3,638,0.0000,0.5000,0.5000,0.0000,0.5000
2026-04-27T19:15:31.866,10.138,1,1.50,-179.70,0.00,0.00,0,0.0000,0.0000,0.4000,0.0000,0.0000,0.0000,0.00,0.00,58.79,60.37,609,257,0.42200,0.42200,0.99015,0.42529,3,2,0,0.00000,0.00000,1.00000,0.0000,0.0000,0.0000,0.0000,0.0000,0.0000,0.00,0.00,0.00,1,1,0.0000,0.0000,0.4000,0.00,0.8200,0.3500,1.0000,6.00,180.00,5.000000,0.050000,0.000000,1.100000,0.000000,0.000000,1.200000,0.000000,0.000000,1.350000,0.000000,0.000000,0.850000,0.020000,0.000000,0.008000,0.000000,0.000600,0.008000,0.000000,0.000600,0.006000,0.000000,0.000000,1,1,1,609,204,541,541,541,0,0,60.00,50076,2913,602,0,0,0,50137,331.46,0.00,3,638,0.0000,0.5000,0.5000,0.0000,0.5000
2026-04-27T19:15:31.883,10.155,1,1.50,-179.70,0.00,0.00,0,0.0000,0.0000,0.4000,0.0000,0.0000,0.0000,0.00,0.00,61.38,59.99,610,257,0.42131,0.42131,0.99016,0.42459,3,2,0,0.00000,0.00000,1.00000,0.0000,0.0000,0.0000,0.0000,0.0000,0.0000,0.00,0.00,0.00,1,1,0.0000,0.0000,0.4000,0.00,0.8200,0.3500,1.0000,6.00,180.00,5.000000,0.050000,0.000000,1.100000,0.000000,0.000000,1.200000,0.000000,0.000000,1.350000,0.000000,0.000000,0.850000,0.020000,0.000000,0.008000,0.000000,0.000600,0.008000,0.000000,0.000600,0.006000,0.000000,0.000000,1,1,1,610,204,541,541,541,0,0,60.00,50076,2913,602,0,0,0,50137,331.46,0.00,3,638,0.0000,0.5000,0.5000,0.0000,0.5000
2026-04-27T19:15:31.901,10.173,1,1.50,-179.70,0.00,0.00,0,0.0000,0.0000,0.4000,0.0000,0.0000,0.0000,0.00,0.00,56.85,60.56,611,257,0.42062,0.42062,0.99018,0.42390,3,2,0,0.00000,0.00000,1.00000,0.0000,0.0000,0.0000,0.0000,0.0000,0.0000,0.00,0.00,0.00,1,1,0.0000,0.0000,0.4000,0.00,0.8200,0.3500,1.0000,6.00,180.00,5.000000,0.050000,0.000000,1.100000,0.000000,0.000000,1.200000,0.000000,0.000000,1.350000,0.000000,0.000000,0.850000,0.020000,0.000000,0.008000,0.000000,0.000600,0.008000,0.000000,0.000600,0.006000,0.000000,0.000000,1,1,1,611,204,541,541,541,0,0,60.00,50076,2913,602,0,0,0,50137,331.46,0.00,3,638,0.0000,0.5000,0.5000,0.0000,0.5000
2026-04-27T19:15:31.917,10.189,1,1.50,-179.70,0.00,0.00,0,0.0000,0.0000,0.4000,0.0000,0.0000,0.0000,0.00,0.00,51.01,62.87,612,257,0.41993,0.41993,0.99020,0.42320,3,2,0,0.00000,0.00000,1.00000,0.0000,0.0000,0.0000,0.0000,0.0000,0.0000,0.00,0.00,0.00,1,1,0.0000,0.0000,0.4000,0.00,0.8200,0.3500,1.0000,6.00,180.00,5.000000,0.050000,0.000000,1.100000,0.000000,0.000000,1.200000,0.000000,0.000000,1.350000,0.000000,0.000000,0.850000,0.020000,0.000000,0.008000,0.000000,0.000600,0.008000,0.000000,0.000600,0.006000,0.000000,0.000000,1,1,1,612,204,541,541,541,0,0,60.00,50076,2913,602,0,0,0,50137,331.46,0.00,3,638,0.0000,0.5000,0.5000,0.0000,0.5000
2026-04-27T19:15:31.934,10.206,1,1.50,-179.70,0.00,0.00,0,0.0000,0.0000,0.4000,0.0000,0.0000,0.0000,0.00,0.00,78.76,55.69,613,257,0.41925,0.41925,0.99021,0.42251,3,2,0,0.00000,0.00000,1.00000,0.0000,0.0000,0.0000,0.0000,0.0000,0.0000,0.00,0.00,0.00,1,1,0.0000,0.0000,0.4000,0.00,0.8200,0.3500,1.0000,6.00,180.00,5.000000,0.050000,0.000000,1.100000,0.000000,0.000000,1.200000,0.000000,0.000000,1.350000,0.000000,0.000000,0.850000,0.020000,0.000000,0.008000,0.000000,0.000600,0.008000,0.000000,0.000600,0.006000,0.000000,0.000000,1,1,1,613,204,541,541,541,0,0,60.00,50076,2913,602,0,0,0,50137,331.46,0.00,3,638,0.0000,0.5000,0.5000,0.0000,0.5000
2026-04-27T19:15:31.949,10.221,1,1.50,-179.70,0.00,0.00,0,0.0000,0.0000,0.4000,0.0000,0.0000,0.0000,0.00,0.00,55.10,65.56,614,257,0.41857,0.41857,0.99023,0.42182,3,2,0,0.00000,0.00000,1.00000,0.0000,0.0000,0.0000,0.0000,0.0000,0.0000,0.00,0.00,0.00,1,1,0.0000,0.0000,0.4000,0.00,0.8200,0.3500,1.0000,6.00,180.00,5.000000,0.050000,0.000000,1.100000,0.000000,0.000000,1.200000,0.000000,0.000000,1.350000,0.000000,0.000000,0.850000,0.020000,0.000000,0.008000,0.000000,0.000600,0.008000,0.000000,0.000600,0.006000,0.000000,0.000000,1,1,1,614,204,541,541,541,0,0,60.00,50076,2913,602,0,0,0,50137,331.46,0.00,3,638,0.0000,0.5000,0.5000,0.0000,0.5000
2026-04-27T19:15:31.965,10.238,1,1.50,-179.70,0.00,0.00,0,0.0000,0.0000,0.4000,0.0000,0.0000,0.0000,0.00,0.00,65.35,56.58,615,257,0.41789,0.41789,0.99024,0.42114,3,2,0,0.00000,0.00000,1.00000,0.0000,0.0000,0.0000,0.0000,0.0000,0.0000,0.00,0.00,0.00,1,1,0.0000,0.0000,0.4000,0.00,0.8200,0.3500,1.0000,6.00,180.00,5.000000,0.050000,0.000000,1.100000,0.000000,0.000000,1.200000,0.000000,0.000000,1.350000,0.000000,0.000000,0.850000,0.020000,0.000000,0.008000,0.000000,0.000600,0.008000,0.000000,0.000600,0.006000,0.000000,0.000000,1,1,1,615,204,541,541,541,0,0,60.00,50076,2913,602,0,0,0,50137,331.46,0.00,3,638,0.0000,0.5000,0.5000,0.0000,0.5000
2026-04-27T19:15:31.981,10.254,1,1.50,-179.70,0.00,0.00,0,0.0000,0.0000,0.4000,0.0000,0.0000,0.0000,0.00,0.00,59.85,63.09,616,257,0.41721,0.41721,0.99026,0.42045,3,2,0,0.00000,0.00000,1.00000,0.0000,0.0000,0.0000,0.0000,0.0000,0.0000,0.00,0.00,0.00,1,1,0.0000,0.0000,0.4000,0.00,0.8200,0.3500,1.0000,6.00,180.00,5.000000,0.050000,0.000000,1.100000,0.000000,0.000000,1.200000,0.000000,0.000000,1.350000,0.000000,0.000000,0.850000,0.020000,0.000000,0.008000,0.000000,0.000600,0.008000,0.000000,0.000600,0.006000,0.000000,0.000000,1,1,1,616,204,541,541,541,0,0,60.00,50076,2913,602,0,0,0,50137,331.46,0.00,3,638,0.0000,0.5000,0.5000,0.0000,0.5000
2026-04-27T19:15:31.999,10.271,1,1.50,-179.70,0.00,0.00,0,0.0000,0.0000,0.4000,0.0000,0.0000,0.0000,0.00,0.00,68.65,57.29,617,257,0.41653,0.41653,0.99028,0.41977,3,2,0,0.00000,0.00000,1.00000,0.0000,0.0000,0.0000,0.0000,0.0000,0.0000,0.00,0.00,0.00,1,1,0.0000,0.0000,0.4000,0.00,0.8200,0.3500,1.0000,6.00,180.00,5.000000,0.050000,0.000000,1.100000,0.000000,0.000000,1.200000,0.000000,0.000000,1.350000,0.000000,0.000000,0.850000,0.020000,0.000000,0.008000,0.000000,0.000600,0.008000,0.000000,0.000600,0.006000,0.000000,0.000000,1,1,1,617,204,541,541,541,0,0,60.00,50076,2913,602,0,0,0,50137,331.46,0.00,3,638,0.0000,0.5000,0.5000,0.0000,0.5000
2026-04-27T19:15:32.015,10.288,1,1.50,-179.70,0.00,0.00,0,0.0000,0.0000,0.4000,0.0000,0.0000,0.0000,0.00,0.00,57.29,60.04,618,257,0.41586,0.41586,0.99029,0.41909,3,2,0,0.00000,0.00000,1.00000,0.0000,0.0000,0.0000,0.0000,0.0000,0.0000,0.00,0.00,0.00,1,1,0.0000,0.0000,0.4000,0.00,0.8200,0.3500,1.0000,6.00,180.00,5.000000,0.050000,0.000000,1.100000,0.000000,0.000000,1.200000,0.000000,0.000000,1.350000,0.000000,0.000000,0.850000,0.020000,0.000000,0.008000,0.000000,0.000600,0.008000,0.000000,0.000600,0.006000,0.000000,0.000000,1,1,1,618,204,541,541,541,0,0,60.00,50076,2913,602,0,0,0,50137,331.46,0.00,3,638,0.0000,0.5000,0.5000,0.0000,0.5000
2026-04-27T19:15:32.032,10.304,1,1.50,-179.70,0.00,0.00,0,0.0000,0.0000,0.4000,0.0000,0.0000,0.0000,0.00,0.00,60.04,60.02,619,257,0.41519,0.41519,0.99031,0.41842,3,2,0,0.00000,0.00000,1.00000,0.0000,0.0000,0.0000,0.0000,0.0000,0.0000,0.00,0.00,0.00,1,1,0.0000,0.0000,0.4000,0.00,0.8200,0.3500,1.0000,6.00,180.00,5.000000,0.050000,0.000000,1.100000,0.000000,0.000000,1.200000,0.000000,0.000000,1.350000,0.000000,0.000000,0.850000,0.020000,0.000000,0.008000,0.000000,0.000600,0.008000,0.000000,0.000600,0.006000,0.000000,0.000000,1,1,1,619,204,541,541,541,0,0,60.00,50076,2913,602,0,0,0,50137,331.46,0.00,3,638,0.0000,0.5000,0.5000,0.0000,0.5000
2026-04-27T19:15:32.049,10.321,1,1.50,-179.70,0.00,0.00,0,0.0000,0.0000,0.4000,0.0000,0.0000,0.0000,0.00,0.00,54.56,59.97,620,257,0.41452,0.41452,0.99032,0.41774,3,2,0,0.00000,0.00000,1.00000,0.0000,0.0000,0.0000,0.0000,0.0000,0.0000,0.00,0.00,0.00,1,1,0.0000,0.0000,0.4000,0.00,0.8200,0.3500,1.0000,6.00,180.00,5.000000,0.050000,0.000000,1.100000,0.000000,0.000000,1.200000,0.000000,0.000000,1.350000,0.000000,0.000000,0.850000,0.020000,0.000000,0.008000,0.000000,0.000600,0.008000,0.000000,0.000600,0.006000,0.000000,0.000000,1,1,1,620,204,541,541,541,0,0,60.00,50076,2913,602,0,0,0,50137,331.46,0.00,3,638,0.0000,0.5000,0.5000,0.0000,0.5000
2026-04-27T19:15:32.066,10.338,1,1.50,-179.70,0.00,0.00,0,0.0000,0.0000,0.4000,0.0000,0.0000,0.0000,0.00,0.00,65.09,59.81,621,257,0.41385,0.41385,0.99034,0.41707,3,2,0,0.00000,0.00000,1.00000,0.0000,0.0000,0.0000,0.0000,0.0000,0.0000,0.00,0.00,0.00,1,1,0.0000,0.0000,0.4000,0.00,0.8200,0.3500,1.0000,6.00,180.00,5.000000,0.050000,0.000000,1.100000,0.000000,0.000000,1.200000,0.000000,0.000000,1.350000,0.000000,0.000000,0.850000,0.020000,0.000000,0.008000,0.000000,0.000600,0.008000,0.000000,0.000600,0.006000,0.000000,0.000000,1,1,1,621,204,541,541,541,0,0,60.00,50076,2913,602,0,0,0,50137,331.46,0.00,3,638,0.0000,0.5000,0.5000,0.0000,0.5000
2026-04-27T19:15:32.082,10.354,1,1.50,-179.70,0.00,0.00,0,0.0000,0.0000,0.4000,0.0000,0.0000,0.0000,0.00,0.00,56.26,60.32,622,257,0.41318,0.41318,0.99035,0.41640,3,2,0,0.00000,0.00000,1.00000,0.0000,0.0000,0.0000,0.0000,0.0000,0.0000,0.00,0.00,0.00,1,1,0.0000,0.0000,0.4000,0.00,0.8200,0.3500,1.0000,6.00,180.00,5.000000,0.050000,0.000000,1.100000,0.000000,0.000000,1.200000,0.000000,0.000000,1.350000,0.000000,0.000000,0.850000,0.020000,0.000000,0.008000,0.000000,0.000600,0.008000,0.000000,0.000600,0.006000,0.000000,0.000000,1,1,1,622,204,541,541,541,0,0,60.00,50076,2913,602,0,0,0,50137,331.46,0.00,3,638,0.0000,0.5000,0.5000,0.0000,0.5000
2026-04-27T19:15:32.099,10.371,1,1.50,-179.70,0.00,0.00,0,0.0000,0.0000,0.4000,0.0000,0.0000,0.0000,0.00,0.00,61.60,62.88,623,257,0.41252,0.41252,0.99037,0.41573,3,2,0,0.00000,0.00000,1.00000,0.0000,0.0000,0.0000,0.0000,0.0000,0.0000,0.00,0.00,0.00,1,1,0.0000,0.0000,0.4000,0.00,0.8200,0.3500,1.0000,6.00,180.00,5.000000,0.050000,0.000000,1.100000,0.000000,0.000000,1.200000,0.000000,0.000000,1.350000,0.000000,0.000000,0.850000,0.020000,0.000000,0.008000,0.000000,0.000600,0.008000,0.000000,0.000600,0.006000,0.000000,0.000000,1,1,1,623,204,541,541,541,0,0,60.00,50076,2913,602,0,0,0,50137,331.46,0.00,3,638,0.0000,0.5000,0.5000,0.0000,0.5000
2026-04-27T19:15:32.117,10.389,1,1.50,-179.70,0.00,0.00,0,0.0000,0.0000,0.4000,0.0000,0.0000,0.0000,0.00,0.00,62.73,62.31,624,257,0.41186,0.41186,0.99038,0.41506,3,2,0,0.00000,0.00000,1.00000,0.0000,0.0000,0.0000,0.0000,0.0000,0.0000,0.00,0.00,0.00,1,1,0.0000,0.0000,0.4000,0.00,0.8200,0.3500,1.0000,6.00,180.00,5.000000,0.050000,0.000000,1.100000,0.000000,0.000000,1.200000,0.000000,0.000000,1.350000,0.000000,0.000000,0.850000,0.020000,0.000000,0.008000,0.000000,0.000600,0.008000,0.000000,0.000600,0.006000,0.000000,0.000000,1,1,1,624,204,541,541,541,0,0,60.00,50076,2913,602,0,0,0,50137,331.46,0.00,3,638,0.0000,0.5000,0.5000,0.0000,0.5000
2026-04-27T19:15:32.132,10.404,1,1.50,-179.70,0.00,0.00,0,0.0000,0.0000,0.4000,0.0000,0.0000,0.0000,0.00,0.00,52.82,59.14,625,257,0.41120,0.41120,0.99040,0.41440,3,2,0,0.00000,0.00000,1.00000,0.0000,0.0000,0.0000,0.0000,0.0000,0.0000,0.00,0.00,0.00,1,1,0.0000,0.0000,0.4000,0.00,0.8200,0.3500,1.0000,6.00,180.00,5.000000,0.050000,0.000000,1.100000,0.000000,0.000000,1.200000,0.000000,0.000000,1.350000,0.000000,0.000000,0.850000,0.020000,0.000000,0.008000,0.000000,0.000600,0.008000,0.000000,0.000600,0.006000,0.000000,0.000000,1,1,1,625,204,541,541,541,0,0,60.00,50076,2913,602,0,0,0,50137,331.46,0.00,3,638,0.0000,0.5000,0.5000,0.0000,0.5000
2026-04-27T19:15:32.149,10.421,1,1.50,-179.70,0.00,0.00,0,0.0000,0.0000,0.4000,0.0000,0.0000,0.0000,0.00,0.00,65.81,58.64,626,257,0.41054,0.41054,0.99042,0.41374,3,2,0,0.00000,0.00000,1.00000,0.0000,0.0000,0.0000,0.0000,0.0000,0.0000,0.00,0.00,0.00,1,1,0.0000,0.0000,0.4000,0.00,0.8200,0.3500,1.0000,6.00,180.00,5.000000,0.050000,0.000000,1.100000,0.000000,0.000000,1.200000,0.000000,0.000000,1.350000,0.000000,0.000000,0.850000,0.020000,0.000000,0.008000,0.000000,0.000600,0.008000,0.000000,0.000600,0.006000,0.000000,0.000000,1,1,1,626,204,541,541,541,0,0,60.00,50076,2913,602,0,0,0,50137,331.46,0.00,3,638,0.0000,0.5000,0.5000,0.0000,0.5000
2026-04-27T19:15:32.166,10.438,1,1.50,-179.70,0.00,0.00,0,0.0000,0.0000,0.4000,0.0000,0.0000,0.0000,0.00,0.00,63.08,59.35,627,257,0.40989,0.40989,0.99043,0.41308,3,2,0,0.00000,0.00000,1.00000,0.0000,0.0000,0.0000,0.0000,0.0000,0.0000,0.00,0.00,0.00,1,1,0.0000,0.0000,0.4000,0.00,0.8200,0.3500,1.0000,6.00,180.00,5.000000,0.050000,0.000000,1.100000,0.000000,0.000000,1.200000,0.000000,0.000000,1.350000,0.000000,0.000000,0.850000,0.020000,0.000000,0.008000,0.000000,0.000600,0.008000,0.000000,0.000600,0.006000,0.000000,0.000000,1,1,1,627,204,541,541,541,0,0,60.00,50076,2913,602,0,0,0,50137,331.46,0.00,3,638,0.0000,0.5000,0.5000,0.0000,0.5000
2026-04-27T19:15:32.183,10.455,1,1.50,-179.70,0.00,0.00,0,0.0000,0.0000,0.4000,0.0000,0.0000,0.0000,0.00,0.00,56.23,57.82,628,257,0.40924,0.40924,0.99045,0.41242,3,2,0,0.00000,0.00000,1.00000,0.0000,0.0000,0.0000,0.0000,0.0000,0.0000,0.00,0.00,0.00,1,1,0.0000,0.0000,0.4000,0.00,0.8200,0.3500,1.0000,6.00,180.00,5.000000,0.050000,0.000000,1.100000,0.000000,0.000000,1.200000,0.000000,0.000000,1.350000,0.000000,0.000000,0.850000,0.020000,0.000000,0.008000,0.000000,0.000600,0.008000,0.000000,0.000600,0.006000,0.000000,0.000000,1,1,1,628,204,541,541,541,0,0,60.00,50076,2913,602,0,0,0,50137,331.46,0.00,3,638,0.0000,0.5000,0.5000,0.0000,0.5000
2026-04-27T19:15:32.199,10.471,1,1.50,-179.70,0.00,0.00,0,0.0000,0.0000,0.4000,0.0000,0.0000,0.0000,0.00,0.00,62.42,59.92,629,257,0.40859,0.40859,0.99046,0.41176,3,2,0,0.00000,0.00000,1.00000,0.0000,0.0000,0.0000,0.0000,0.0000,0.0000,0.00,0.00,0.00,1,1,0.0000,0.0000,0.4000,0.00,0.8200,0.3500,1.0000,6.00,180.00,5.000000,0.050000,0.000000,1.100000,0.000000,0.000000,1.200000,0.000000,0.000000,1.350000,0.000000,0.000000,0.850000,0.020000,0.000000,0.008000,0.000000,0.000600,0.008000,0.000000,0.000600,0.006000,0.000000,0.000000,1,1,1,629,204,541,541,541,0,0,60.00,50076,2913,602,0,0,0,50137,331.46,0.00,3,638,0.0000,0.5000,0.5000,0.0000,0.5000
2026-04-27T19:15:32.216,10.488,1,1.50,-179.70,0.00,0.00,0,0.0000,0.0000,0.4000,0.0000,0.0000,0.0000,0.00,0.00,58.03,62.58,630,257,0.40794,0.40794,0.99048,0.41111,3,2,0,0.00000,0.00000,1.00000,0.0000,0.0000,0.0000,0.0000,0.0000,0.0000,0.00,0.00,0.00,1,1,0.0000,0.0000,0.4000,0.00,0.8200,0.3500,1.0000,6.00,180.00,5.000000,0.050000,0.000000,1.100000,0.000000,0.000000,1.200000,0.000000,0.000000,1.350000,0.000000,0.000000,0.850000,0.020000,0.000000,0.008000,0.000000,0.000600,0.008000,0.000000,0.000600,0.006000,0.000000,0.000000,1,1,1,630,204,541,541,541,0,0,60.00,50076,2913,602,0,0,0,50137,331.46,0.00,3,638,0.0000,0.5000,0.5000,0.0000,0.5000
2026-04-27T19:15:32.233,10.505,1,1.50,-179.70,0.00,0.00,0,0.0000,0.0000,0.4000,0.0000,0.0000,0.0000,0.00,0.00,58.54,59.83,631,257,0.40729,0.40729,0.99049,0.41046,3,2,0,0.00000,0.00000,1.00000,0.0000,0.0000,0.0000,0.0000,0.0000,0.0000,0.00,0.00,0.00,1,1,0.0000,0.0000,0.4000,0.00,0.8200,0.3500,1.0000,6.00,180.00,5.000000,0.050000,0.000000,1.100000,0.000000,0.000000,1.200000,0.000000,0.000000,1.350000,0.000000,0.000000,0.850000,0.020000,0.000000,0.008000,0.000000,0.000600,0.008000,0.000000,0.000600,0.006000,0.000000,0.000000,1,1,1,631,204,541,541,541,0,0,60.00,50076,2913,602,0,0,0,50137,331.46,0.00,3,638,0.0000,0.5000,0.5000,0.0000,0.5000
2026-04-27T19:15:32.249,10.521,1,1.50,-179.70,0.00,0.00,0,0.0000,0.0000,0.4000,0.0000,0.0000,0.0000,0.00,0.00,61.18,59.81,632,257,0.40665,0.40665,0.99051,0.40981,3,2,0,0.00000,0.00000,1.00000,0.0000,0.0000,0.0000,0.0000,0.0000,0.0000,0.00,0.00,0.00,1,1,0.0000,0.0000,0.4000,0.00,0.8200,0.3500,1.0000,6.00,180.00,5.000000,0.050000,0.000000,1.100000,0.000000,0.000000,1.200000,0.000000,0.000000,1.350000,0.000000,0.000000,0.850000,0.020000,0.000000,0.008000,0.000000,0.000600,0.008000,0.000000,0.000600,0.006000,0.000000,0.000000,1,1,1,632,204,541,541,541,0,0,60.00,50076,2913,602,0,0,0,50137,331.46,0.00,3,638,0.0000,0.5000,0.5000,0.0000,0.5000
2026-04-27T19:15:32.265,10.537,1,1.50,-179.70,0.00,0.00,0,0.0000,0.0000,0.4000,0.0000,0.0000,0.0000,0.00,0.00,59.81,60.45,633,257,0.40600,0.40600,0.99052,0.40916,3,2,0,0.00000,0.00000,1.00000,0.0000,0.0000,0.0000,0.0000,0.0000,0.0000,0.00,0.00,0.00,1,1,0.0000,0.0000,0.4000,0.00,0.8200,0.3500,1.0000,6.00,180.00,5.000000,0.050000,0.000000,1.100000,0.000000,0.000000,1.200000,0.000000,0.000000,1.350000,0.000000,0.000000,0.850000,0.020000,0.000000,0.008000,0.000000,0.000600,0.008000,0.000000,0.000600,0.006000,0.000000,0.000000,1,1,1,633,204,541,541,541,0,0,60.00,50076,2913,602,0,0,0,50137,331.46,0.00,3,638,0.0000,0.5000,0.5000,0.0000,0.5000
2026-04-27T19:15:32.282,10.554,1,1.50,-179.70,0.00,0.00,0,0.0000,0.0000,0.4000,0.0000,0.0000,0.0000,0.00,0.00,68.80,58.83,634,257,0.40536,0.40536,0.99054,0.40852,3,2,0,0.00000,0.00000,1.00000,0.0000,0.0000,0.0000,0.0000,0.0000,0.0000,0.00,0.00,0.00,1,1,0.0000,0.0000,0.4000,0.00,0.8200,0.3500,1.0000,6.00,180.00,5.000000,0.050000,0.000000,1.100000,0.000000,0.000000,1.200000,0.000000,0.000000,1.350000,0.000000,0.000000,0.850000,0.020000,0.000000,0.008000,0.000000,0.000600,0.008000,0.000000,0.000600,0.006000,0.000000,0.000000,1,1,1,634,204,541,541,541,0,0,60.00,50076,2913,602,0,0,0,50137,331.46,0.00,3,638,0.0000,0.5000,0.5000,0.0000,0.5000
2026-04-27T19:15:32.299,10.571,1,1.50,-179.70,0.00,0.00,0,0.0000,0.0000,0.4000,0.0000,0.0000,0.0000,0.00,0.00,54.16,62.12,635,257,0.40472,0.40472,0.99055,0.40787,3,2,0,0.00000,0.00000,1.00000,0.0000,0.0000,0.0000,0.0000,0.0000,0.0000,0.00,0.00,0.00,1,1,0.0000,0.0000,0.4000,0.00,0.8200,0.3500,1.0000,6.00,180.00,5.000000,0.050000,0.000000,1.100000,0.000000,0.000000,1.200000,0.000000,0.000000,1.350000,0.000000,0.000000,0.850000,0.020000,0.000000,0.008000,0.000000,0.000600,0.008000,0.000000,0.000600,0.006000,0.000000,0.000000,1,1,1,635,204,541,541,541,0,0,60.00,50076,2913,602,0,0,0,50137,331.46,0.00,3,638,0.0000,0.5000,0.5000,0.0000,0.5000
2026-04-27T19:15:32.315,10.587,1,1.50,-179.70,0.00,0.00,0,0.0000,0.0000,0.4000,0.0000,0.0000,0.0000,0.00,0.00,59.94,59.56,636,257,0.40409,0.40409,0.99057,0.40723,3,2,0,0.00000,0.00000,1.00000,0.0000,0.0000,0.0000,0.0000,0.0000,0.0000,0.00,0.00,0.00,1,1,0.0000,0.0000,0.4000,0.00,0.8200,0.3500,1.0000,6.00,180.00,5.000000,0.050000,0.000000,1.100000,0.000000,0.000000,1.200000,0.000000,0.000000,1.350000,0.000000,0.000000,0.850000,0.020000,0.000000,0.008000,0.000000,0.000600,0.008000,0.000000,0.000600,0.006000,0.000000,0.000000,1,1,1,636,204,541,541,541,0,0,60.00,50076,2913,602,0,0,0,50137,331.46,0.00,3,638,0.0000,0.5000,0.5000,0.0000,0.5000
2026-04-27T19:15:32.331,10.603,1,1.50,-179.70,0.00,0.00,0,0.0000,0.0000,0.4000,0.0000,0.0000,0.0000,0.00,0.00,67.86,63.16,637,257,0.40345,0.40345,0.99058,0.40659,3,2,0,0.00000,0.00000,1.00000,0.0000,0.0000,0.0000,0.0000,0.0000,0.0000,0.00,0.00,0.00,1,1,0.0000,0.0000,0.4000,0.00,0.8200,0.3500,1.0000,6.00,180.00,5.000000,0.050000,0.000000,1.100000,0.000000,0.000000,1.200000,0.000000,0.000000,1.350000,0.000000,0.000000,0.850000,0.020000,0.000000,0.008000,0.000000,0.000600,0.008000,0.000000,0.000600,0.006000,0.000000,0.000000,1,1,1,637,204,541,541,541,0,0,60.00,50076,2913,602,0,0,0,50137,331.46,0.00,3,638,0.0000,0.5000,0.5000,0.0000,0.5000
2026-04-27T19:15:32.349,10.621,1,1.50,-179.70,0.00,0.00,0,0.0000,0.0000,0.4000,0.0000,0.0000,0.0000,0.00,0.00,51.99,60.48,638,257,0.40282,0.40282,0.99060,0.40596,3,2,0,0.00000,0.00000,1.00000,0.0000,0.0000,0.0000,0.0000,0.0000,0.0000,0.00,0.00,0.00,1,1,0.0000,0.0000,0.4000,0.00,0.8200,0.3500,1.0000,6.00,180.00,5.000000,0.050000,0.000000,1.100000,0.000000,0.000000,1.200000,0.000000,0.000000,1.350000,0.000000,0.000000,0.850000,0.020000,0.000000,0.008000,0.000000,0.000600,0.008000,0.000000,0.000600,0.006000,0.000000,0.000000,1,1,1,638,204,541,541,541,0,0,60.00,50076,2913,602,0,0,0,50137,331.46,0.00,3,638,0.0000,0.5000,0.5000,0.0000,0.5000
2026-04-27T19:15:32.365,10.637,1,1.50,-179.70,0.00,0.00,0,0.0000,0.0000,0.4000,0.0000,0.0000,0.0000,0.00,0.00,67.74,54.71,639,257,0.40219,0.40219,0.99061,0.40532,3,2,0,0.00000,0.00000,1.00000,0.0000,0.0000,0.0000,0.0000,0.0000,0.0000,0.00,0.00,0.00,1,1,0.0000,0.0000,0.4000,0.00,0.8200,0.3500,1.0000,6.00,180.00,5.000000,0.050000,0.000000,1.100000,0.000000,0.000000,1.200000,0.000000,0.000000,1.350000,0.000000,0.000000,0.850000,0.020000,0.000000,0.008000,0.000000,0.000600,0.008000,0.000000,0.000600,0.006000,0.000000,0.000000,1,1,1,639,204,541,541,541,0,0,60.00,50076,2913,602,0,0,0,50137,331.46,0.00,3,638,0.0000,0.5000,0.5000,0.0000,0.5000
2026-04-27T19:15:32.383,10.655,1,1.50,-179.70,0.00,0.00,0,0.0000,0.0000,0.4000,0.0000,0.0000,0.0000,0.00,0.00,60.05,62.56,640,257,0.40156,0.40156,0.99062,0.40469,3,2,0,0.00000,0.00000,1.00000,0.0000,0.0000,0.0000,0.0000,0.0000,0.0000,0.00,0.00,0.00,1,1,0.0000,0.0000,0.4000,0.00,0.8200,0.3500,1.0000,6.00,180.00,5.000000,0.050000,0.000000,1.100000,0.000000,0.000000,1.200000,0.000000,0.000000,1.350000,0.000000,0.000000,0.850000,0.020000,0.000000,0.008000,0.000000,0.000600,0.008000,0.000000,0.000600,0.006000,0.000000,0.000000,1,1,1,640,204,541,541,541,0,0,60.00,50076,2913,602,0,0,0,50137,331.46,0.00,3,638,0.0000,0.5000,0.5000,0.0000,0.5000
2026-04-27T19:15:32.395,10.668,1,1.50,-179.70,0.00,0.00,0,0.0000,0.0000,0.4000,0.0000,0.0000,0.0000,0.00,0.00,51.01,70.54,641,257,0.40094,0.40094,0.99064,0.40406,3,2,0,0.00000,0.00000,1.00000,0.0000,0.0000,0.0000,0.0000,0.0000,0.0000,0.00,0.00,0.00,1,1,0.0000,0.0000,0.4000,0.00,0.8200,0.3500,1.0000,6.00,180.00,5.000000,0.050000,0.000000,1.100000,0.000000,0.000000,1.200000,0.000000,0.000000,1.350000,0.000000,0.000000,0.850000,0.020000,0.000000,0.008000,0.000000,0.000600,0.008000,0.000000,0.000600,0.006000,0.000000,0.000000,1,1,1,641,204,541,541,541,0,0,60.00,50076,2913,602,0,0,0,50137,331.46,0.00,3,638,0.0000,0.5000,0.5000,0.0000,0.5000
2026-04-27T19:15:32.416,10.688,1,1.50,-179.70,0.00,0.00,0,0.0000,0.0000,0.4000,0.0000,0.0000,0.0000,0.00,0.00,94.73,52.82,642,257,0.40031,0.40031,0.99065,0.40343,3,2,0,0.00000,0.00000,1.00000,0.0000,0.0000,0.0000,0.0000,0.0000,0.0000,0.00,0.00,0.00,1,1,0.0000,0.0000,0.4000,0.00,0.8200,0.3500,1.0000,6.00,180.00,5.000000,0.050000,0.000000,1.100000,0.000000,0.000000,1.200000,0.000000,0.000000,1.350000,0.000000,0.000000,0.850000,0.020000,0.000000,0.008000,0.000000,0.000600,0.008000,0.000000,0.000600,0.006000,0.000000,0.000000,1,1,1,642,204,541,541,541,0,0,60.00,50076,2913,602,0,0,0,50137,331.46,0.00,3,638,0.0000,0.5000,0.5000,0.0000,0.5000
2026-04-27T19:15:32.432,10.705,1,1.50,-179.70,0.00,0.00,0,0.0000,0.0000,0.4000,0.0000,0.0000,0.0000,0.00,0.00,45.44,59.00,643,257,0.39969,0.39969,0.99067,0.40280,3,2,0,0.00000,0.00000,1.00000,0.0000,0.0000,0.0000,0.0000,0.0000,0.0000,0.00,0.00,0.00,1,1,0.0000,0.0000,0.4000,0.00,0.8200,0.3500,1.0000,6.00,180.00,5.000000,0.050000,0.000000,1.100000,0.000000,0.000000,1.200000,0.000000,0.000000,1.350000,0.000000,0.000000,0.850000,0.020000,0.000000,0.008000,0.000000,0.000600,0.008000,0.000000,0.000600,0.006000,0.000000,0.000000,1,1,1,643,204,541,541,541,0,0,60.00,50076,2913,602,0,0,0,50137,331.46,0.00,3,638,0.0000,0.5000,0.5000,0.0000,0.5000
2026-04-27T19:15:32.448,10.721,1,1.50,-179.70,0.00,0.00,0,0.0000,0.0000,0.4000,0.0000,0.0000,0.0000,0.00,0.00,62.98,58.44,644,257,0.39907,0.39907,0.99068,0.40217,3,2,0,0.00000,0.00000,1.00000,0.0000,0.0000,0.0000,0.0000,0.0000,0.0000,0.00,0.00,0.00,1,1,0.0000,0.0000,0.4000,0.00,0.8200,0.3500,1.0000,6.00,180.00,5.000000,0.050000,0.000000,1.100000,0.000000,0.000000,1.200000,0.000000,0.000000,1.350000,0.000000,0.000000,0.850000,0.020000,0.000000,0.008000,0.000000,0.000600,0.008000,0.000000,0.000600,0.006000,0.000000,0.000000,1,1,1,644,204,541,541,541,0,0,60.00,50076,2913,602,0,0,0,50137,331.46,0.00,3,638,0.0000,0.5000,0.5000,0.0000,0.5000
2026-04-27T19:15:32.466,10.738,1,1.50,-179.70,0.00,0.00,0,0.0000,0.0000,0.4000,0.0000,0.0000,0.0000,0.00,0.00,60.73,59.50,645,257,0.39845,0.39845,0.99070,0.40155,3,2,0,0.00000,0.00000,1.00000,0.0000,0.0000,0.0000,0.0000,0.0000,0.0000,0.00,0.00,0.00,1,1,0.0000,0.0000,0.4000,0.00,0.8200,0.3500,1.0000,6.00,180.00,5.000000,0.050000,0.000000,1.100000,0.000000,0.000000,1.200000,0.000000,0.000000,1.350000,0.000000,0.000000,0.850000,0.020000,0.000000,0.008000,0.000000,0.000600,0.008000,0.000000,0.000600,0.006000,0.000000,0.000000,1,1,1,645,204,541,541,541,0,0,60.00,50076,2913,602,0,0,0,50137,331.46,0.00,3,638,0.0000,0.5000,0.5000,0.0000,0.5000
2026-04-27T19:15:32.483,10.756,1,1.50,-179.70,0.00,0.00,0,0.0000,0.0000,0.4000,0.0000,0.0000,0.0000,0.00,0.00,57.21,59.81,646,257,0.39783,0.39783,0.99071,0.40093,3,2,0,0.00000,0.00000,1.00000,0.0000,0.0000,0.0000,0.0000,0.0000,0.0000,0.00,0.00,0.00,1,1,0.0000,0.0000,0.4000,0.00,0.8200,0.3500,1.0000,6.00,180.00,5.000000,0.050000,0.000000,1.100000,0.000000,0.000000,1.200000,0.000000,0.000000,1.350000,0.000000,0.000000,0.850000,0.020000,0.000000,0.008000,0.000000,0.000600,0.008000,0.000000,0.000600,0.006000,0.000000,0.000000,1,1,1,646,204,541,541,541,0,0,60.00,50076,2913,602,0,0,0,50137,331.46,0.00,3,638,0.0000,0.5000,0.5000,0.0000,0.5000
2026-04-27T19:15:32.500,10.772,1,1.50,-179.70,0.00,0.00,0,0.0000,0.0000,0.4000,0.0000,0.0000,0.0000,0.00,0.00,57.67,62.40,647,257,0.39722,0.39722,0.99073,0.40031,3,2,0,0.00000,0.00000,1.00000,0.0000,0.0000,0.0000,0.0000,0.0000,0.0000,0.00,0.00,0.00,1,1,0.0000,0.0000,0.4000,0.00,0.8200,0.3500,1.0000,6.00,180.00,5.000000,0.050000,0.000000,1.100000,0.000000,0.000000,1.200000,0.000000,0.000000,1.350000,0.000000,0.000000,0.850000,0.020000,0.000000,0.008000,0.000000,0.000600,0.008000,0.000000,0.000600,0.006000,0.000000,0.000000,1,1,1,647,204,541,541,541,0,0,60.00,50076,2913,602,0,0,0,50137,331.46,0.00,3,638,0.0000,0.5000,0.5000,0.0000,0.5000
2026-04-27T19:15:32.517,10.789,1,1.50,-179.70,0.00,0.00,0,0.0000,0.0000,0.4000,0.0000,0.0000,0.0000,0.00,0.00,66.52,58.11,648,257,0.39660,0.39660,0.99074,0.39969,3,2,0,0.00000,0.00000,1.00000,0.0000,0.0000,0.0000,0.0000,0.0000,0.0000,0.00,0.00,0.00,1,1,0.0000,0.0000,0.4000,0.00,0.8200,0.3500,1.0000,6.00,180.00,5.000000,0.050000,0.000000,1.100000,0.000000,0.000000,1.200000,0.000000,0.000000,1.350000,0.000000,0.000000,0.850000,0.020000,0.000000,0.008000,0.000000,0.000600,0.008000,0.000000,0.000600,0.006000,0.000000,0.000000,1,1,1,648,204,541,541,541,0,0,60.00,50076,2913,602,0,0,0,50137,331.46,0.00,3,638,0.0000,0.5000,0.5000,0.0000,0.5000
2026-04-27T19:15:32.532,10.804,1,1.50,-179.70,0.00,0.00,0,0.0000,0.0000,0.4000,0.0000,0.0000,0.0000,0.00,0.00,55.49,59.93,649,257,0.39599,0.39599,0.99076,0.39908,3,2,0,0.00000,0.00000,1.00000,0.0000,0.0000,0.0000,0.0000,0.0000,0.0000,0.00,0.00,0.00,1,1,0.0000,0.0000,0.4000,0.00,0.8200,0.3500,1.0000,6.00,180.00,5.000000,0.050000,0.000000,1.100000,0.000000,0.000000,1.200000,0.000000,0.000000,1.350000,0.000000,0.000000,0.850000,0.020000,0.000000,0.008000,0.000000,0.000600,0.008000,0.000000,0.000600,0.006000,0.000000,0.000000,1,1,1,649,204,541,541,541,0,0,60.00,50076,2913,602,0,0,0,50137,331.46,0.00,3,638,0.0000,0.5000,0.5000,0.0000,0.5000
2026-04-27T19:15:32.549,10.821,1,1.50,-179.70,0.00,0.00,0,0.0000,0.0000,0.4000,0.0000,0.0000,0.0000,0.00,0.00,62.35,61.41,650,257,0.39538,0.39538,0.99077,0.39846,3,2,0,0.00000,0.00000,1.00000,0.0000,0.0000,0.0000,0.0000,0.0000,0.0000,0.00,0.00,0.00,1,1,0.0000,0.0000,0.4000,0.00,0.8200,0.3500,1.0000,6.00,180.00,5.000000,0.050000,0.000000,1.100000,0.000000,0.000000,1.200000,0.000000,0.000000,1.350000,0.000000,0.000000,0.850000,0.020000,0.000000,0.008000,0.000000,0.000600,0.008000,0.000000,0.000600,0.006000,0.000000,0.000000,1,1,1,650,204,541,541,541,0,0,60.00,50076,2913,602,0,0,0,50137,331.46,0.00,3,638,0.0000,0.5000,0.5000,0.0000,0.5000
2026-04-27T19:15:32.565,10.837,1,1.50,-179.70,0.00,0.00,0,0.0000,0.0000,0.4000,0.0000,0.0000,0.0000,0.00,0.00,61.09,59.93,651,257,0.39478,0.39478,0.99078,0.39785,3,2,0,0.00000,0.00000,1.00000,0.0000,0.0000,0.0000,0.0000,0.0000,0.0000,0.00,0.00,0.00,1,1,0.0000,0.0000,0.4000,0.00,0.8200,0.3500,1.0000,6.00,180.00,5.000000,0.050000,0.000000,1.100000,0.000000,0.000000,1.200000,0.000000,0.000000,1.350000,0.000000,0.000000,0.850000,0.020000,0.000000,0.008000,0.000000,0.000600,0.008000,0.000000,0.000600,0.006000,0.000000,0.000000,1,1,1,651,204,541,541,541,0,0,60.00,50076,2913,602,0,0,0,50137,331.46,0.00,3,638,0.0000,0.5000,0.5000,0.0000,0.5000
2026-04-27T19:15:32.582,10.854,1,1.50,-179.70,0.00,0.00,0,0.0000,0.0000,0.4000,0.0000,0.0000,0.0000,0.00,0.00,60.74,58.77,652,257,0.39417,0.39417,0.99080,0.39724,3,2,0,0.00000,0.00000,1.00000,0.0000,0.0000,0.0000,0.0000,0.0000,0.0000,0.00,0.00,0.00,1,1,0.0000,0.0000,0.4000,0.00,0.8200,0.3500,1.0000,6.00,180.00,5.000000,0.050000,0.000000,1.100000,0.000000,0.000000,1.200000,0.000000,0.000000,1.350000,0.000000,0.000000,0.850000,0.020000,0.000000,0.008000,0.000000,0.000600,0.008000,0.000000,0.000600,0.006000,0.000000,0.000000,1,1,1,652,204,541,541,541,0,0,60.00,50076,2913,602,0,0,0,50137,331.46,0.00,3,638,0.0000,0.5000,0.5000,0.0000,0.5000
2026-04-27T19:15:32.599,10.871,1,1.50,-179.70,0.00,0.00,0,0.0000,0.0000,0.4000,0.0000,0.0000,0.0000,0.00,0.00,65.22,60.01,653,257,0.39357,0.39357,0.99081,0.39663,3,2,0,0.00000,0.00000,1.00000,0.0000,0.0000,0.0000,0.0000,0.0000,0.0000,0.00,0.00,0.00,1,1,0.0000,0.0000,0.4000,0.00,0.8200,0.3500,1.0000,6.00,180.00,5.000000,0.050000,0.000000,1.100000,0.000000,0.000000,1.200000,0.000000,0.000000,1.350000,0.000000,0.000000,0.850000,0.020000,0.000000,0.008000,0.000000,0.000600,0.008000,0.000000,0.000600,0.006000,0.000000,0.000000,1,1,1,653,204,541,541,541,0,0,60.00,50076,2913,602,0,0,0,50137,331.46,0.00,3,638,0.0000,0.5000,0.5000,0.0000,0.5000
2026-04-27T19:15:32.615,10.887,1,1.50,-179.70,0.00,0.00,0,0.0000,0.0000,0.4000,0.0000,0.0000,0.0000,0.00,0.00,55.16,60.00,654,257,0.39297,0.39297,0.99083,0.39602,3,2,0,0.00000,0.00000,1.00000,0.0000,0.0000,0.0000,0.0000,0.0000,0.0000,0.00,0.00,0.00,1,1,0.0000,0.0000,0.4000,0.00,0.8200,0.3500,1.0000,6.00,180.00,5.000000,0.050000,0.000000,1.100000,0.000000,0.000000,1.200000,0.000000,0.000000,1.350000,0.000000,0.000000,0.850000,0.020000,0.000000,0.008000,0.000000,0.000600,0.008000,0.000000,0.000600,0.006000,0.000000,0.000000,1,1,1,654,204,541,541,541,0,0,60.00,50076,2913,602,0,0,0,50137,331.46,0.00,3,638,0.0000,0.5000,0.5000,0.0000,0.5000
2026-04-27T19:15:32.632,10.904,1,1.50,-179.70,0.00,0.00,0,0.0000,0.0000,0.4000,0.0000,0.0000,0.0000,0.00,0.00,65.78,60.01,655,257,0.39237,0.39237,0.99084,0.39542,3,2,0,0.00000,0.00000,1.00000,0.0000,0.0000,0.0000,0.0000,0.0000,0.0000,0.00,0.00,0.00,1,1,0.0000,0.0000,0.4000,0.00,0.8200,0.3500,1.0000,6.00,180.00,5.000000,0.050000,0.000000,1.100000,0.000000,0.000000,1.200000,0.000000,0.000000,1.350000,0.000000,0.000000,0.850000,0.020000,0.000000,0.008000,0.000000,0.000600,0.008000,0.000000,0.000600,0.006000,0.000000,0.000000,1,1,1,655,204,541,541,541,0,0,60.00,50076,2913,602,0,0,0,50137,331.46,0.00,3,638,0.0000,0.5000,0.5000,0.0000,0.5000
2026-04-27T19:15:32.649,10.921,1,1.50,-179.70,0.00,0.00,0,0.0000,0.0000,0.4000,0.0000,0.0000,0.0000,0.00,0.00,60.01,60.04,656,257,0.39177,0.39177,0.99085,0.39482,3,2,0,0.00000,0.00000,1.00000,0.0000,0.0000,0.0000,0.0000,0.0000,0.0000,0.00,0.00,0.00,1,1,0.0000,0.0000,0.4000,0.00,0.8200,0.3500,1.0000,6.00,180.00,5.000000,0.050000,0.000000,1.100000,0.000000,0.000000,1.200000,0.000000,0.000000,1.350000,0.000000,0.000000,0.850000,0.020000,0.000000,0.008000,0.000000,0.000600,0.008000,0.000000,0.000600,0.006000,0.000000,0.000000,1,1,1,656,204,541,541,541,0,0,60.00,50076,2913,602,0,0,0,50137,331.46,0.00,3,638,0.0000,0.5000,0.5000,0.0000,0.5000
2026-04-27T19:15:32.665,10.937,1,1.50,-179.70,0.00,0.00,0,0.0000,0.0000,0.4000,0.0000,0.0000,0.0000,0.00,0.00,60.04,60.01,657,257,0.39117,0.39117,0.99087,0.39422,3,2,0,0.00000,0.00000,1.00000,0.0000,0.0000,0.0000,0.0000,0.0000,0.0000,0.00,0.00,0.00,1,1,0.0000,0.0000,0.4000,0.00,0.8200,0.3500,1.0000,6.00,180.00,5.000000,0.050000,0.000000,1.100000,0.000000,0.000000,1.200000,0.000000,0.000000,1.350000,0.000000,0.000000,0.850000,0.020000,0.000000,0.008000,0.000000,0.000600,0.008000,0.000000,0.000600,0.006000,0.000000,0.000000,1,1,1,657,204,541,541,541,0,0,60.00,50076,2913,602,0,0,0,50137,331.46,0.00,3,638,0.0000,0.5000,0.5000,0.0000,0.5000
2026-04-27T19:15:32.679,10.952,1,1.50,-179.70,0.00,0.00,0,0.0000,0.0000,0.4000,0.0000,0.0000,0.0000,0.00,0.00,60.01,70.77,658,257,0.39058,0.39058,0.99088,0.39362,3,2,0,0.00000,0.00000,1.00000,0.0000,0.0000,0.0000,0.0000,0.0000,0.0000,0.00,0.00,0.00,1,1,0.0000,0.0000,0.4000,0.00,0.8200,0.3500,1.0000,6.00,180.00,5.000000,0.050000,0.000000,1.100000,0.000000,0.000000,1.200000,0.000000,0.000000,1.350000,0.000000,0.000000,0.850000,0.020000,0.000000,0.008000,0.000000,0.000600,0.008000,0.000000,0.000600,0.006000,0.000000,0.000000,1,1,1,658,204,541,541,541,0,0,60.00,50076,2913,602,0,0,0,50137,331.46,0.00,3,638,0.0000,0.5000,0.5000,0.0000,0.5000
2026-04-27T19:15:32.698,10.970,1,1.50,-179.70,0.00,0.00,0,0.0000,0.0000,0.4000,0.0000,0.0000,0.0000,0.00,0.00,70.77,54.15,659,257,0.38998,0.38998,0.99090,0.39302,3,2,0,0.00000,0.00000,1.00000,0.0000,0.0000,0.0000,0.0000,0.0000,0.0000,0.00,0.00,0.00,1,1,0.0000,0.0000,0.4000,0.00,0.8200,0.3500,1.0000,6.00,180.00,5.000000,0.050000,0.000000,1.100000,0.000000,0.000000,1.200000,0.000000,0.000000,1.350000,0.000000,0.000000,0.850000,0.020000,0.000000,0.008000,0.000000,0.000600,0.008000,0.000000,0.000600,0.006000,0.000000,0.000000,1,1,1,659,204,541,541,541,0,0,60.00,50076,2913,602,0,0,0,50137,331.46,0.00,3,638,0.0000,0.5000,0.5000,0.0000,0.5000
2026-04-27T19:15:32.715,10.987,1,1.50,-179.70,0.00,0.00,0,0.0000,0.0000,0.4000,0.0000,0.0000,0.0000,0.00,0.00,54.15,57.61,660,257,0.38939,0.38939,0.99091,0.39242,3,2,0,0.00000,0.00000,1.00000,0.0000,0.0000,0.0000,0.0000,0.0000,0.0000,0.00,0.00,0.00,1,1,0.0000,0.0000,0.4000,0.00,0.8200,0.3500,1.0000,6.00,180.00,5.000000,0.050000,0.000000,1.100000,0.000000,0.000000,1.200000,0.000000,0.000000,1.350000,0.000000,0.000000,0.850000,0.020000,0.000000,0.008000,0.000000,0.000600,0.008000,0.000000,0.000600,0.006000,0.000000,0.000000,1,1,1,660,204,541,541,541,0,0,60.00,50076,2913,602,0,0,0,50137,331.46,0.00,3,638,0.0000,0.5000,0.5000,0.0000,0.5000
2026-04-27T19:15:32.733,11.005,1,1.50,-179.70,0.00,0.00,0,0.0000,0.0000,0.4000,0.0000,0.0000,0.0000,0.00,0.00,53.90,63.87,661,257,0.38880,0.38880,0.99092,0.39183,3,2,0,0.00000,0.00000,1.00000,0.0000,0.0000,0.0000,0.0000,0.0000,0.0000,0.00,0.00,0.00,1,1,0.0000,0.0000,0.4000,0.00,0.8200,0.3500,1.0000,6.00,180.00,5.000000,0.050000,0.000000,1.100000,0.000000,0.000000,1.200000,0.000000,0.000000,1.350000,0.000000,0.000000,0.850000,0.020000,0.000000,0.008000,0.000000,0.000600,0.008000,0.000000,0.000600,0.006000,0.000000,0.000000,1,1,1,661,204,541,541,541,0,0,60.00,50076,2913,602,0,0,0,50137,331.46,0.00,3,638,0.0000,0.5000,0.5000,0.0000,0.5000
2026-04-27T19:15:32.749,11.021,1,1.50,-179.70,0.00,0.00,0,0.0000,0.0000,0.4000,0.0000,0.0000,0.0000,0.00,0.00,56.23,56.57,662,257,0.38822,0.38822,0.99094,0.39124,3,2,0,0.00000,0.00000,1.00000,0.0000,0.0000,0.0000,0.0000,0.0000,0.0000,0.00,0.00,0.00,1,1,0.0000,0.0000,0.4000,0.00,0.8200,0.3500,1.0000,6.00,180.00,5.000000,0.050000,0.000000,1.100000,0.000000,0.000000,1.200000,0.000000,0.000000,1.350000,0.000000,0.000000,0.850000,0.020000,0.000000,0.008000,0.000000,0.000600,0.008000,0.000000,0.000600,0.006000,0.000000,0.000000,1,1,1,662,204,541,541,541,0,0,60.00,50076,2913,602,0,0,0,50137,331.46,0.00,3,638,0.0000,0.5000,0.5000,0.0000,0.5000
2026-04-27T19:15:32.765,11.037,1,1.50,-179.70,0.00,0.00,0,0.0000,0.0000,0.4000,0.0000,0.0000,0.0000,0.00,0.00,69.67,60.02,663,257,0.38763,0.38763,0.99095,0.39065,3,2,0,0.00000,0.00000,1.00000,0.0000,0.0000,0.0000,0.0000,0.0000,0.0000,0.00,0.00,0.00,1,1,0.0000,0.0000,0.4000,0.00,0.8200,0.3500,1.0000,6.00,180.00,5.000000,0.050000,0.000000,1.100000,0.000000,0.000000,1.200000,0.000000,0.000000,1.350000,0.000000,0.000000,0.850000,0.020000,0.000000,0.008000,0.000000,0.000600,0.008000,0.000000,0.000600,0.006000,0.000000,0.000000,1,1,1,663,204,541,541,541,0,0,60.00,50076,2913,602,0,0,0,50137,331.46,0.00,3,638,0.0000,0.5000,0.5000,0.0000,0.5000
2026-04-27T19:15:32.783,11.055,1,1.50,-179.70,0.00,0.00,0,0.0000,0.0000,0.4000,0.0000,0.0000,0.0000,0.00,0.00,60.02,71.82,664,257,0.38705,0.38705,0.99096,0.39006,3,2,0,0.00000,0.00000,1.00000,0.0000,0.0000,0.0000,0.0000,0.0000,0.0000,0.00,0.00,0.00,1,1,0.0000,0.0000,0.4000,0.00,0.8200,0.3500,1.0000,6.00,180.00,5.000000,0.050000,0.000000,1.100000,0.000000,0.000000,1.200000,0.000000,0.000000,1.350000,0.000000,0.000000,0.850000,0.020000,0.000000,0.008000,0.000000,0.000600,0.008000,0.000000,0.000600,0.006000,0.000000,0.000000,1,1,1,664,204,541,541,541,0,0,60.00,50076,2913,662,0,0,0,50197,500.00,0.00,10,1245,0.0000,0.5000,0.5000,0.0000,0.5000
2026-04-27T19:15:32.798,11.070,1,1.50,-179.70,0.00,0.00,0,0.0000,0.0000,0.4000,0.0000,0.0000,0.0000,0.00,0.00,52.74,52.99,665,257,0.38647,0.38647,0.99098,0.38947,3,2,0,0.00000,0.00000,1.00000,0.0000,0.0000,0.0000,0.0000,0.0000,0.0000,0.00,0.00,0.00,1,1,0.0000,0.0000,0.4000,0.00,0.8200,0.3500,1.0000,6.00,180.00,5.000000,0.050000,0.000000,1.100000,0.000000,0.000000,1.200000,0.000000,0.000000,1.350000,0.000000,0.000000,0.850000,0.020000,0.000000,0.008000,0.000000,0.000600,0.008000,0.000000,0.000600,0.006000,0.000000,0.000000,1,1,1,665,204,541,541,541,0,0,60.00,50076,2913,662,0,0,0,50197,500.00,0.00,10,1245,0.0000,0.5000,0.5000,0.0000,0.5000
2026-04-27T19:15:32.815,11.087,1,1.50,-179.70,0.00,0.00,0,0.0000,0.0000,0.4000,0.0000,0.0000,0.0000,0.00,0.00,72.29,58.25,666,257,0.38589,0.38589,0.99099,0.38889,3,2,0,0.00000,0.00000,1.00000,0.0000,0.0000,0.0000,0.0000,0.0000,0.0000,0.00,0.00,0.00,1,1,0.0000,0.0000,0.4000,0.00,0.8200,0.3500,1.0000,6.00,180.00,5.000000,0.050000,0.000000,1.100000,0.000000,0.000000,1.200000,0.000000,0.000000,1.350000,0.000000,0.000000,0.850000,0.020000,0.000000,0.008000,0.000000,0.000600,0.008000,0.000000,0.000600,0.006000,0.000000,0.000000,1,1,1,666,204,541,541,541,0,0,60.00,50076,2913,662,0,0,0,50197,500.00,0.00,10,1245,0.0000,0.5000,0.5000,0.0000,0.5000
2026-04-27T19:15:32.832,11.104,1,1.50,-179.70,0.00,0.00,0,0.0000,0.0000,0.4000,0.0000,0.0000,0.0000,0.00,0.00,58.25,62.17,667,257,0.38531,0.38531,0.99100,0.38831,3,2,0,0.00000,0.00000,1.00000,0.0000,0.0000,0.0000,0.0000,0.0000,0.0000,0.00,0.00,0.00,1,1,0.0000,0.0000,0.4000,0.00,0.8200,0.3500,1.0000,6.00,180.00,5.000000,0.050000,0.000000,1.100000,0.000000,0.000000,1.200000,0.000000,0.000000,1.350000,0.000000,0.000000,0.850000,0.020000,0.000000,0.008000,0.000000,0.000600,0.008000,0.000000,0.000600,0.006000,0.000000,0.000000,1,1,1,667,204,541,541,541,0,0,60.00,50076,2913,662,0,0,0,50197,500.00,0.00,10,1245,0.0000,0.5000,0.5000,0.0000,0.5000
2026-04-27T19:15:32.848,11.121,1,1.50,-179.70,0.00,0.00,0,0.0000,0.0000,0.4000,0.0000,0.0000,0.0000,0.00,0.00,58.43,67.42,668,257,0.38473,0.38473,0.99102,0.38772,3,2,0,0.00000,0.00000,1.00000,0.0000,0.0000,0.0000,0.0000,0.0000,0.0000,0.00,0.00,0.00,1,1,0.0000,0.0000,0.4000,0.00,0.8200,0.3500,1.0000,6.00,180.00,5.000000,0.050000,0.000000,1.100000,0.000000,0.000000,1.200000,0.000000,0.000000,1.350000,0.000000,0.000000,0.850000,0.020000,0.000000,0.008000,0.000000,0.000600,0.008000,0.000000,0.000600,0.006000,0.000000,0.000000,1,1,1,668,204,541,541,541,0,0,60.00,50076,2913,662,0,0,0,50197,500.00,0.00,10,1245,0.0000,0.5000,0.5000,0.0000,0.5000
2026-04-27T19:15:32.865,11.137,1,1.50,-179.70,0.00,0.00,0,0.0000,0.0000,0.4000,0.0000,0.0000,0.0000,0.00,0.00,61.72,52.42,669,257,0.38416,0.38416,0.99103,0.38714,3,2,0,0.00000,0.00000,1.00000,0.0000,0.0000,0.0000,0.0000,0.0000,0.0000,0.00,0.00,0.00,1,1,0.0000,0.0000,0.4000,0.00,0.8200,0.3500,1.0000,6.00,180.00,5.000000,0.050000,0.000000,1.100000,0.000000,0.000000,1.200000,0.000000,0.000000,1.350000,0.000000,0.000000,0.850000,0.020000,0.000000,0.008000,0.000000,0.000600,0.008000,0.000000,0.000600,0.006000,0.000000,0.000000,1,1,1,669,204,541,541,541,0,0,60.00,50076,2913,662,0,0,0,50197,500.00,0.00,10,1245,0.0000,0.5000,0.5000,0.0000,0.5000
2026-04-27T19:15:32.882,11.154,1,1.50,-179.70,0.00,0.00,0,0.0000,0.0000,0.4000,0.0000,0.0000,0.0000,0.00,0.00,59.95,60.06,670,257,0.38358,0.38358,0.99104,0.38657,3,2,0,0.00000,0.00000,1.00000,0.0000,0.0000,0.0000,0.0000,0.0000,0.0000,0.00,0.00,0.00,1,1,0.0000,0.0000,0.4000,0.00,0.8200,0.3500,1.0000,6.00,180.00,5.000000,0.050000,0.000000,1.100000,0.000000,0.000000,1.200000,0.000000,0.000000,1.350000,0.000000,0.000000,0.850000,0.020000,0.000000,0.008000,0.000000,0.000600,0.008000,0.000000,0.000600,0.006000,0.000000,0.000000,1,1,1,670,204,541,541,541,0,0,60.00,50076,2913,662,0,0,0,50197,500.00,0.00,10,1245,0.0000,0.5000,0.5000,0.0000,0.5000
2026-04-27T19:15:32.898,11.171,1,1.50,-179.70,0.00,0.00,0,0.0000,0.0000,0.4000,0.0000,0.0000,0.0000,0.00,0.00,60.06,60.03,671,257,0.38301,0.38301,0.99106,0.38599,3,2,0,0.00000,0.00000,1.00000,0.0000,0.0000,0.0000,0.0000,0.0000,0.0000,0.00,0.00,0.00,1,1,0.0000,0.0000,0.4000,0.00,0.8200,0.3500,1.0000,6.00,180.00,5.000000,0.050000,0.000000,1.100000,0.000000,0.000000,1.200000,0.000000,0.000000,1.350000,0.000000,0.000000,0.850000,0.020000,0.000000,0.008000,0.000000,0.000600,0.008000,0.000000,0.000600,0.006000,0.000000,0.000000,1,1,1,671,204,541,541,541,0,0,60.00,50076,2913,662,0,0,0,50197,500.00,0.00,10,1245,0.0000,0.5000,0.5000,0.0000,0.5000
2026-04-27T19:15:32.915,11.187,1,1.50,-179.70,0.00,0.00,0,0.0000,0.0000,0.4000,0.0000,0.0000,0.0000,0.00,0.00,54.35,61.88,672,257,0.38244,0.38244,0.99107,0.38542,3,2,0,0.00000,0.00000,1.00000,0.0000,0.0000,0.0000,0.0000,0.0000,0.0000,0.00,0.00,0.00,1,1,0.0000,0.0000,0.4000,0.00,0.8200,0.3500,1.0000,6.00,180.00,5.000000,0.050000,0.000000,1.100000,0.000000,0.000000,1.200000,0.000000,0.000000,1.350000,0.000000,0.000000,0.850000,0.020000,0.000000,0.008000,0.000000,0.000600,0.008000,0.000000,0.000600,0.006000,0.000000,0.000000,1,1,1,672,204,541,541,541,0,0,60.00,50076,2913,662,0,0,0,50197,500.00,0.00,10,1245,0.0000,0.5000,0.5000,0.0000,0.5000
2026-04-27T19:15:32.932,11.204,1,1.50,-179.70,0.00,0.00,0,0.0000,0.0000,0.4000,0.0000,0.0000,0.0000,0.00,0.00,62.64,63.91,673,257,0.38187,0.38187,0.99108,0.38484,3,2,0,0.00000,0.00000,1.00000,0.0000,0.0000,0.0000,0.0000,0.0000,0.0000,0.00,0.00,0.00,1,1,0.0000,0.0000,0.4000,0.00,0.8200,0.3500,1.0000,6.00,180.00,5.000000,0.050000,0.000000,1.100000,0.000000,0.000000,1.200000,0.000000,0.000000,1.350000,0.000000,0.000000,0.850000,0.020000,0.000000,0.008000,0.000000,0.000600,0.008000,0.000000,0.000600,0.006000,0.000000,0.000000,1,1,1,673,204,541,541,541,0,0,60.00,50076,2913,662,0,0,0,50197,500.00,0.00,10,1245,0.0000,0.5000,0.5000,0.0000,0.5000
2026-04-27T19:15:32.950,11.222,1,1.50,-179.70,0.00,0.00,0,0.0000,0.0000,0.4000,0.0000,0.0000,0.0000,0.00,0.00,59.09,56.02,674,257,0.38131,0.38131,0.99110,0.38427,3,2,0,0.00000,0.00000,1.00000,0.0000,0.0000,0.0000,0.0000,0.0000,0.0000,0.00,0.00,0.00,1,1,0.0000,0.0000,0.4000,0.00,0.8200,0.3500,1.0000,6.00,180.00,5.000000,0.050000,0.000000,1.100000,0.000000,0.000000,1.200000,0.000000,0.000000,1.350000,0.000000,0.000000,0.850000,0.020000,0.000000,0.008000,0.000000,0.000600,0.008000,0.000000,0.000600,0.006000,0.000000,0.000000,1,1,1,674,204,541,541,541,0,0,60.00,50076,2913,662,0,0,0,50197,500.00,0.00,10,1245,0.0000,0.5000,0.5000,0.0000,0.5000
2026-04-27T19:15:32.964,11.236,1,1.50,-179.70,0.00,0.00,0,0.0000,0.0000,0.4000,0.0000,0.0000,0.0000,0.00,0.00,54.01,63.84,675,257,0.38074,0.38074,0.99111,0.38370,3,2,0,0.00000,0.00000,1.00000,0.0000,0.0000,0.0000,0.0000,0.0000,0.0000,0.00,0.00,0.00,1,1,0.0000,0.0000,0.4000,0.00,0.8200,0.3500,1.0000,6.00,180.00,5.000000,0.050000,0.000000,1.100000,0.000000,0.000000,1.200000,0.000000,0.000000,1.350000,0.000000,0.000000,0.850000,0.020000,0.000000,0.008000,0.000000,0.000600,0.008000,0.000000,0.000600,0.006000,0.000000,0.000000,1,1,1,675,204,541,541,541,0,0,60.00,50076,2913,662,0,0,0,50197,500.00,0.00,10,1245,0.0000,0.5000,0.5000,0.0000,0.5000
2026-04-27T19:15:32.980,11.252,1,1.50,-179.70,0.00,0.00,0,0.0000,0.0000,0.4000,0.0000,0.0000,0.0000,0.00,0.00,82.11,63.01,676,257,0.38018,0.38018,0.99112,0.38314,3,2,0,0.00000,0.00000,1.00000,0.0000,0.0000,0.0000,0.0000,0.0000,0.0000,0.00,0.00,0.00,1,1,0.0000,0.0000,0.4000,0.00,0.8200,0.3500,1.0000,6.00,180.00,5.000000,0.050000,0.000000,1.100000,0.000000,0.000000,1.200000,0.000000,0.000000,1.350000,0.000000,0.000000,0.850000,0.020000,0.000000,0.008000,0.000000,0.000600,0.008000,0.000000,0.000600,0.006000,0.000000,0.000000,1,1,1,676,204,541,541,541,0,0,60.00,50076,2913,662,0,0,0,50197,500.00,0.00,10,1245,0.0000,0.5000,0.5000,0.0000,0.5000
2026-04-27T19:15:32.998,11.271,1,1.50,-179.70,0.00,0.00,0,0.0000,0.0000,0.4000,0.0000,0.0000,0.0000,0.00,0.00,63.01,53.25,677,257,0.37962,0.37962,0.99114,0.38257,3,2,0,0.00000,0.00000,1.00000,0.0000,0.0000,0.0000,0.0000,0.0000,0.0000,0.00,0.00,0.00,1,1,0.0000,0.0000,0.4000,0.00,0.8200,0.3500,1.0000,6.00,180.00,5.000000,0.050000,0.000000,1.100000,0.000000,0.000000,1.200000,0.000000,0.000000,1.350000,0.000000,0.000000,0.850000,0.020000,0.000000,0.008000,0.000000,0.000600,0.008000,0.000000,0.000600,0.006000,0.000000,0.000000,1,1,1,677,204,541,541,541,0,0,60.00,50076,2913,662,0,0,0,50197,500.00,0.00,10,1245,0.0000,0.5000,0.5000,0.0000,0.5000
2026-04-27T19:15:33.013,11.285,1,1.50,-179.70,0.00,0.00,0,0.0000,0.0000,0.4000,0.0000,0.0000,0.0000,0.00,0.00,53.25,68.45,678,257,0.37906,0.37906,0.99115,0.38201,3,2,0,0.00000,0.00000,1.00000,0.0000,0.0000,0.0000,0.0000,0.0000,0.0000,0.00,0.00,0.00,1,1,0.0000,0.0000,0.4000,0.00,0.8200,0.3500,1.0000,6.00,180.00,5.000000,0.050000,0.000000,1.100000,0.000000,0.000000,1.200000,0.000000,0.000000,1.350000,0.000000,0.000000,0.850000,0.020000,0.000000,0.008000,0.000000,0.000600,0.008000,0.000000,0.000600,0.006000,0.000000,0.000000,1,1,1,678,204,541,541,541,0,0,60.00,50076,2913,662,0,0,0,50197,500.00,0.00,10,1245,0.0000,0.5000,0.5000,0.0000,0.5000
2026-04-27T19:15:33.032,11.304,1,1.50,-179.70,0.00,0.00,0,0.0000,0.0000,0.4000,0.0000,0.0000,0.0000,0.00,0.00,68.45,53.43,679,257,0.37850,0.37850,0.99116,0.38144,3,2,0,0.00000,0.00000,1.00000,0.0000,0.0000,0.0000,0.0000,0.0000,0.0000,0.00,0.00,0.00,1,1,0.0000,0.0000,0.4000,0.00,0.8200,0.3500,1.0000,6.00,180.00,5.000000,0.050000,0.000000,1.100000,0.000000,0.000000,1.200000,0.000000,0.000000,1.350000,0.000000,0.000000,0.850000,0.020000,0.000000,0.008000,0.000000,0.000600,0.008000,0.000000,0.000600,0.006000,0.000000,0.000000,1,1,1,679,204,541,541,541,0,0,60.00,50076,2913,662,0,0,0,50197,500.00,0.00,10,1245,0.0000,0.5000,0.5000,0.0000,0.5000
2026-04-27T19:15:33.048,11.321,1,1.50,-179.70,0.00,0.00,0,0.0000,0.0000,0.4000,0.0000,0.0000,0.0000,0.00,0.00,53.43,60.09,680,257,0.37794,0.37794,0.99118,0.38088,3,2,0,0.00000,0.00000,1.00000,0.0000,0.0000,0.0000,0.0000,0.0000,0.0000,0.00,0.00,0.00,1,1,0.0000,0.0000,0.4000,0.00,0.8200,0.3500,1.0000,6.00,180.00,5.000000,0.050000,0.000000,1.100000,0.000000,0.000000,1.200000,0.000000,0.000000,1.350000,0.000000,0.000000,0.850000,0.020000,0.000000,0.008000,0.000000,0.000600,0.008000,0.000000,0.000600,0.006000,0.000000,0.000000,1,1,1,680,204,541,541,541,0,0,60.00,50076,2913,662,0,0,0,50197,500.00,0.00,10,1245,0.0000,0.5000,0.5000,0.0000,0.5000
2026-04-27T19:15:33.065,11.337,1,1.50,-179.70,0.00,0.00,0,0.0000,0.0000,0.4000,0.0000,0.0000,0.0000,0.00,0.00,60.09,60.02,681,257,0.37739,0.37739,0.99119,0.38032,3,2,0,0.00000,0.00000,1.00000,0.0000,0.0000,0.0000,0.0000,0.0000,0.0000,0.00,0.00,0.00,1,1,0.0000,0.0000,0.4000,0.00,0.8200,0.3500,1.0000,6.00,180.00,5.000000,0.050000,0.000000,1.100000,0.000000,0.000000,1.200000,0.000000,0.000000,1.350000,0.000000,0.000000,0.850000,0.020000,0.000000,0.008000,0.000000,0.000600,0.008000,0.000000,0.000600,0.006000,0.000000,0.000000,1,1,1,681,204,541,541,541,0,0,60.00,50076,2913,662,0,0,0,50197,500.00,0.00,10,1245,0.0000,0.5000,0.5000,0.0000,0.5000
2026-04-27T19:15:33.082,11.354,1,1.50,-179.70,0.00,0.00,0,0.0000,0.0000,0.4000,0.0000,0.0000,0.0000,0.00,0.00,60.02,60.05,682,257,0.37683,0.37683,0.99120,0.37977,3,2,0,0.00000,0.00000,1.00000,0.0000,0.0000,0.0000,0.0000,0.0000,0.0000,0.00,0.00,0.00,1,1,0.0000,0.0000,0.4000,0.00,0.8200,0.3500,1.0000,6.00,180.00,5.000000,0.050000,0.000000,1.100000,0.000000,0.000000,1.200000,0.000000,0.000000,1.350000,0.000000,0.000000,0.850000,0.020000,0.000000,0.008000,0.000000,0.000600,0.008000,0.000000,0.000600,0.006000,0.000000,0.000000,1,1,1,682,204,541,541,541,0,0,60.00,50076,2913,662,0,0,0,50197,500.00,0.00,10,1245,0.0000,0.5000,0.5000,0.0000,0.5000
2026-04-27T19:15:33.098,11.371,1,1.50,-179.70,0.00,0.00,0,0.0000,0.0000,0.4000,0.0000,0.0000,0.0000,0.00,0.00,60.05,59.98,683,257,0.37628,0.37628,0.99122,0.37921,3,2,0,0.00000,0.00000,1.00000,0.0000,0.0000,0.0000,0.0000,0.0000,0.0000,0.00,0.00,0.00,1,1,0.0000,0.0000,0.4000,0.00,0.8200,0.3500,1.0000,6.00,180.00,5.000000,0.050000,0.000000,1.100000,0.000000,0.000000,1.200000,0.000000,0.000000,1.350000,0.000000,0.000000,0.850000,0.020000,0.000000,0.008000,0.000000,0.000600,0.008000,0.000000,0.000600,0.006000,0.000000,0.000000,1,1,1,683,204,541,541,541,0,0,60.00,50076,2913,662,0,0,0,50197,500.00,0.00,10,1245,0.0000,0.5000,0.5000,0.0000,0.5000
2026-04-27T19:15:33.115,11.387,1,1.50,-179.70,0.00,0.00,0,0.0000,0.0000,0.4000,0.0000,0.0000,0.0000,0.00,0.00,59.98,59.90,684,257,0.37573,0.37573,0.99123,0.37865,3,2,0,0.00000,0.00000,1.00000,0.0000,0.0000,0.0000,0.0000,0.0000,0.0000,0.00,0.00,0.00,1,1,0.0000,0.0000,0.4000,0.00,0.8200,0.3500,1.0000,6.00,180.00,5.000000,0.050000,0.000000,1.100000,0.000000,0.000000,1.200000,0.000000,0.000000,1.350000,0.000000,0.000000,0.850000,0.020000,0.000000,0.008000,0.000000,0.000600,0.008000,0.000000,0.000600,0.006000,0.000000,0.000000,1,1,1,684,204,541,541,541,0,0,60.00,50076,2913,662,0,0,0,50197,500.00,0.00,10,1245,0.0000,0.5000,0.5000,0.0000,0.5000
2026-04-27T19:15:33.131,11.403,1,1.50,-179.70,0.00,0.00,0,0.0000,0.0000,0.4000,0.0000,0.0000,0.0000,0.00,0.00,59.90,63.72,685,257,0.37518,0.37518,0.99124,0.37810,3,2,0,0.00000,0.00000,1.00000,0.0000,0.0000,0.0000,0.0000,0.0000,0.0000,0.00,0.00,0.00,1,1,0.0000,0.0000,0.4000,0.00,0.8200,0.3500,1.0000,6.00,180.00,5.000000,0.050000,0.000000,1.100000,0.000000,0.000000,1.200000,0.000000,0.000000,1.350000,0.000000,0.000000,0.850000,0.020000,0.000000,0.008000,0.000000,0.000600,0.008000,0.000000,0.000600,0.006000,0.000000,0.000000,1,1,1,685,204,541,541,541,0,0,60.00,50076,2913,662,0,0,0,50197,500.00,0.00,10,1245,0.0000,0.5000,0.5000,0.0000,0.5000
2026-04-27T19:15:33.138,11.410,1,1.50,-179.70,0.00,0.00,0,0.0000,0.0000,0.4000,0.0000,0.0000,0.0000,0.00,0.00,63.72,141.49,686,257,0.37464,0.37464,0.99125,0.37755,3,2,0,0.00000,0.00000,1.00000,0.0000,0.0000,0.0000,0.0000,0.0000,0.0000,0.00,0.00,0.00,1,1,0.0000,0.0000,0.4000,0.00,0.8200,0.3500,1.0000,6.00,180.00,5.000000,0.050000,0.000000,1.100000,0.000000,0.000000,1.200000,0.000000,0.000000,1.350000,0.000000,0.000000,0.850000,0.020000,0.000000,0.008000,0.000000,0.000600,0.008000,0.000000,0.000600,0.006000,0.000000,0.000000,1,1,1,686,204,541,541,541,0,0,60.00,50076,2913,662,0,0,0,50197,500.00,0.00,10,1245,0.0000,0.5000,0.5000,0.0000,0.5000
2026-04-27T19:15:33.158,11.430,1,1.50,-179.70,0.00,0.00,0,0.0000,0.0000,0.4000,0.0000,0.0000,0.0000,0.00,0.00,141.49,49.78,687,257,0.37409,0.37409,0.99127,0.37700,3,2,0,0.00000,0.00000,1.00000,0.0000,0.0000,0.0000,0.0000,0.0000,0.0000,0.00,0.00,0.00,1,1,0.0000,0.0000,0.4000,0.00,0.8200,0.3500,1.0000,6.00,180.00,5.000000,0.050000,0.000000,1.100000,0.000000,0.000000,1.200000,0.000000,0.000000,1.350000,0.000000,0.000000,0.850000,0.020000,0.000000,0.008000,0.000000,0.000600,0.008000,0.000000,0.000600,0.006000,0.000000,0.000000,1,1,1,687,204,541,541,541,0,0,60.00,50076,2913,662,0,0,0,50197,500.00,0.00,10,1245,0.0000,0.5000,0.5000,0.0000,0.5000
2026-04-27T19:15:33.182,11.454,1,1.50,-179.70,0.00,0.00,0,0.0000,0.0000,0.4000,0.0000,0.0000,0.0000,0.00,0.00,49.78,43.25,688,257,0.37355,0.37355,0.99128,0.37645,3,2,0,0.00000,0.00000,1.00000,0.0000,0.0000,0.0000,0.0000,0.0000,0.0000,0.00,0.00,0.00,1,1,0.0000,0.0000,0.4000,0.00,0.8200,0.3500,1.0000,6.00,180.00,5.000000,0.050000,0.000000,1.100000,0.000000,0.000000,1.200000,0.000000,0.000000,1.350000,0.000000,0.000000,0.850000,0.020000,0.000000,0.008000,0.000000,0.000600,0.008000,0.000000,0.000600,0.006000,0.000000,0.000000,1,1,1,688,204,541,541,541,0,0,60.00,50076,2913,662,0,0,0,50197,500.00,0.00,10,1245,0.0000,0.5000,0.5000,0.0000,0.5000
2026-04-27T19:15:33.199,11.471,1,1.50,-179.70,0.00,0.00,0,0.0000,0.0000,0.4000,0.0000,0.0000,0.0000,0.00,0.00,39.80,58.30,689,257,0.37300,0.37300,0.99129,0.37591,3,2,0,0.00000,0.00000,1.00000,0.0000,0.0000,0.0000,0.0000,0.0000,0.0000,0.00,0.00,0.00,1,1,0.0000,0.0000,0.4000,0.00,0.8200,0.3500,1.0000,6.00,180.00,5.000000,0.050000,0.000000,1.100000,0.000000,0.000000,1.200000,0.000000,0.000000,1.350000,0.000000,0.000000,0.850000,0.020000,0.000000,0.008000,0.000000,0.000600,0.008000,0.000000,0.000600,0.006000,0.000000,0.000000,1,1,1,689,204,541,541,541,0,0,60.00,50076,2913,662,0,0,0,50197,500.00,0.00,10,1245,0.0000,0.5000,0.5000,0.0000,0.5000
2026-04-27T19:15:33.215,11.487,1,1.50,-179.70,0.00,0.00,0,0.0000,0.0000,0.4000,0.0000,0.0000,0.0000,0.00,0.00,57.91,59.78,690,257,0.37246,0.37246,0.99130,0.37536,3,2,0,0.00000,0.00000,1.00000,0.0000,0.0000,0.0000,0.0000,0.0000,0.0000,0.00,0.00,0.00,1,1,0.0000,0.0000,0.4000,0.00,0.8200,0.3500,1.0000,6.00,180.00,5.000000,0.050000,0.000000,1.100000,0.000000,0.000000,1.200000,0.000000,0.000000,1.350000,0.000000,0.000000,0.850000,0.020000,0.000000,0.008000,0.000000,0.000600,0.008000,0.000000,0.000600,0.006000,0.000000,0.000000,1,1,1,690,204,541,541,541,0,0,60.00,50076,2913,662,0,0,0,50197,500.00,0.00,10,1245,0.0000,0.5000,0.5000,0.0000,0.5000
2026-04-27T19:15:33.233,11.505,1,1.50,-179.70,0.00,0.00,0,0.0000,0.0000,0.4000,0.0000,0.0000,0.0000,0.00,0.00,62.26,60.25,691,257,0.37192,0.37192,0.99132,0.37482,3,2,0,0.00000,0.00000,1.00000,0.0000,0.0000,0.0000,0.0000,0.0000,0.0000,0.00,0.00,0.00,1,1,0.0000,0.0000,0.4000,0.00,0.8200,0.3500,1.0000,6.00,180.00,5.000000,0.050000,0.000000,1.100000,0.000000,0.000000,1.200000,0.000000,0.000000,1.350000,0.000000,0.000000,0.850000,0.020000,0.000000,0.008000,0.000000,0.000600,0.008000,0.000000,0.000600,0.006000,0.000000,0.000000,1,1,1,691,204,541,541,541,0,0,60.00,50076,2913,662,0,0,0,50197,500.00,0.00,10,1245,0.0000,0.5000,0.5000,0.0000,0.5000
2026-04-27T19:15:33.248,11.521,1,1.50,-179.70,0.00,0.00,0,0.0000,0.0000,0.4000,0.0000,0.0000,0.0000,0.00,0.00,61.94,59.14,692,257,0.37139,0.37139,0.99133,0.37428,3,2,0,0.00000,0.00000,1.00000,0.0000,0.0000,0.0000,0.0000,0.0000,0.0000,0.00,0.00,0.00,1,1,0.0000,0.0000,0.4000,0.00,0.8200,0.3500,1.0000,6.00,180.00,5.000000,0.050000,0.000000,1.100000,0.000000,0.000000,1.200000,0.000000,0.000000,1.350000,0.000000,0.000000,0.850000,0.020000,0.000000,0.008000,0.000000,0.000600,0.008000,0.000000,0.000600,0.006000,0.000000,0.000000,1,1,1,692,204,541,541,541,0,0,60.00,50076,2913,662,0,0,0,50197,500.00,0.00,10,1245,0.0000,0.5000,0.5000,0.0000,0.5000
2026-04-27T19:15:33.265,11.537,1,1.50,-179.70,0.00,0.00,0,0.0000,0.0000,0.4000,0.0000,0.0000,0.0000,0.00,0.00,58.27,60.40,693,257,0.37085,0.37085,0.99134,0.37374,3,2,0,0.00000,0.00000,1.00000,0.0000,0.0000,0.0000,0.0000,0.0000,0.0000,0.00,0.00,0.00,1,1,0.0000,0.0000,0.4000,0.00,0.8200,0.3500,1.0000,6.00,180.00,5.000000,0.050000,0.000000,1.100000,0.000000,0.000000,1.200000,0.000000,0.000000,1.350000,0.000000,0.000000,0.850000,0.020000,0.000000,0.008000,0.000000,0.000600,0.008000,0.000000,0.000600,0.006000,0.000000,0.000000,1,1,1,693,204,541,541,541,0,0,60.00,50076,2913,662,0,0,0,50197,500.00,0.00,10,1245,0.0000,0.5000,0.5000,0.0000,0.5000
2026-04-27T19:15:33.283,11.555,1,1.50,-179.70,0.00,0.00,0,0.0000,0.0000,0.4000,0.0000,0.0000,0.0000,0.00,0.00,59.97,59.19,694,257,0.37032,0.37032,0.99135,0.37320,3,2,0,0.00000,0.00000,1.00000,0.0000,0.0000,0.0000,0.0000,0.0000,0.0000,0.00,0.00,0.00,1,1,0.0000,0.0000,0.4000,0.00,0.8200,0.3500,1.0000,6.00,180.00,5.000000,0.050000,0.000000,1.100000,0.000000,0.000000,1.200000,0.000000,0.000000,1.350000,0.000000,0.000000,0.850000,0.020000,0.000000,0.008000,0.000000,0.000600,0.008000,0.000000,0.000600,0.006000,0.000000,0.000000,1,1,1,694,204,541,541,541,0,0,60.00,50076,2913,692,0,0,0,50227,500.00,0.00,12,317,0.0000,0.5000,0.5000,0.0000,0.5000
2026-04-27T19:15:33.298,11.570,1,1.50,-179.70,0.00,0.00,0,0.0000,0.0000,0.4000,0.0000,0.0000,0.0000,0.00,0.00,56.25,66.55,695,257,0.36978,0.36978,0.99137,0.37266,3,2,0,0.00000,0.00000,1.00000,0.0000,0.0000,0.0000,0.0000,0.0000,0.0000,0.00,0.00,0.00,1,1,0.0000,0.0000,0.4000,0.00,0.8200,0.3500,1.0000,6.00,180.00,5.000000,0.050000,0.000000,1.100000,0.000000,0.000000,1.200000,0.000000,0.000000,1.350000,0.000000,0.000000,0.850000,0.020000,0.000000,0.008000,0.000000,0.000600,0.008000,0.000000,0.000600,0.006000,0.000000,0.000000,1,1,1,695,204,541,541,541,0,0,60.00,50076,2913,692,0,0,0,50227,500.00,0.00,12,317,0.0000,0.5000,0.5000,0.0000,0.5000
2026-04-27T19:15:33.316,11.588,1,1.50,-179.70,0.00,0.00,0,0.0000,0.0000,0.4000,0.0000,0.0000,0.0000,0.00,0.00,65.34,57.05,696,257,0.36925,0.36925,0.99138,0.37213,3,2,0,0.00000,0.00000,1.00000,0.0000,0.0000,0.0000,0.0000,0.0000,0.0000,0.00,0.00,0.00,1,1,0.0000,0.0000,0.4000,0.00,0.8200,0.3500,1.0000,6.00,180.00,5.000000,0.050000,0.000000,1.100000,0.000000,0.000000,1.200000,0.000000,0.000000,1.350000,0.000000,0.000000,0.850000,0.020000,0.000000,0.008000,0.000000,0.000600,0.008000,0.000000,0.000600,0.006000,0.000000,0.000000,1,1,1,696,204,541,541,541,0,0,60.00,50076,2913,692,0,0,0,50227,500.00,0.00,12,317,0.0000,0.5000,0.5000,0.0000,0.5000
2026-04-27T19:15:33.332,11.604,1,1.50,-179.70,0.00,0.00,0,0.0000,0.0000,0.4000,0.0000,0.0000,0.0000,0.00,0.00,58.63,58.17,697,257,0.36872,0.36872,0.99139,0.37159,3,2,0,0.00000,0.00000,1.00000,0.0000,0.0000,0.0000,0.0000,0.0000,0.0000,0.00,0.00,0.00,1,1,0.0000,0.0000,0.4000,0.00,0.8200,0.3500,1.0000,6.00,180.00,5.000000,0.050000,0.000000,1.100000,0.000000,0.000000,1.200000,0.000000,0.000000,1.350000,0.000000,0.000000,0.850000,0.020000,0.000000,0.008000,0.000000,0.000600,0.008000,0.000000,0.000600,0.006000,0.000000,0.000000,1,1,1,697,204,541,541,541,0,0,60.00,50076,2913,692,0,0,0,50227,500.00,0.00,12,317,0.0000,0.5000,0.5000,0.0000,0.5000
2026-04-27T19:15:33.344,11.616,1,1.50,-179.70,0.00,0.00,0,0.0000,0.0000,0.4000,0.0000,0.0000,0.0000,0.00,0.00,60.90,78.95,698,257,0.36819,0.36819,0.99140,0.37106,3,2,0,0.00000,0.00000,1.00000,0.0000,0.0000,0.0000,0.0000,0.0000,0.0000,0.00,0.00,0.00,1,1,0.0000,0.0000,0.4000,0.00,0.8200,0.3500,1.0000,6.00,180.00,5.000000,0.050000,0.000000,1.100000,0.000000,0.000000,1.200000,0.000000,0.000000,1.350000,0.000000,0.000000,0.850000,0.020000,0.000000,0.008000,0.000000,0.000600,0.008000,0.000000,0.000600,0.006000,0.000000,0.000000,1,1,1,698,204,541,541,541,0,0,60.00,50076,2913,692,0,0,0,50227,500.00,0.00,12,317,0.0000,0.5000,0.5000,0.0000,0.5000
2026-04-27T19:15:33.367,11.639,1,1.50,-179.70,0.00,0.00,0,0.0000,0.0000,0.4000,0.0000,0.0000,0.0000,0.00,0.00,59.84,48.42,699,257,0.36767,0.36767,0.99142,0.37053,3,2,0,0.00000,0.00000,1.00000,0.0000,0.0000,0.0000,0.0000,0.0000,0.0000,0.00,0.00,0.00,1,1,0.0000,0.0000,0.4000,0.00,0.8200,0.3500,1.0000,6.00,180.00,5.000000,0.050000,0.000000,1.100000,0.000000,0.000000,1.200000,0.000000,0.000000,1.350000,0.000000,0.000000,0.850000,0.020000,0.000000,0.008000,0.000000,0.000600,0.008000,0.000000,0.000600,0.006000,0.000000,0.000000,1,1,1,699,204,541,541,541,0,0,60.00,50076,2913,692,0,0,0,50227,500.00,0.00,12,317,0.0000,0.5000,0.5000,0.0000,0.5000
2026-04-27T19:15:33.382,11.654,1,1.50,-179.70,0.00,0.00,0,0.0000,0.0000,0.4000,0.0000,0.0000,0.0000,0.00,0.00,57.53,59.88,700,257,0.36714,0.36714,0.99143,0.37000,3,2,0,0.00000,0.00000,1.00000,0.0000,0.0000,0.0000,0.0000,0.0000,0.0000,0.00,0.00,0.00,1,1,0.0000,0.0000,0.4000,0.00,0.8200,0.3500,1.0000,6.00,180.00,5.000000,0.050000,0.000000,1.100000,0.000000,0.000000,1.200000,0.000000,0.000000,1.350000,0.000000,0.000000,0.850000,0.020000,0.000000,0.008000,0.000000,0.000600,0.008000,0.000000,0.000600,0.006000,0.000000,0.000000,1,1,1,700,204,541,541,541,0,0,60.00,50076,2913,692,0,0,0,50227,500.00,0.00,12,317,0.0000,0.5000,0.5000,0.0000,0.5000
2026-04-27T19:15:33.398,11.670,1,1.50,-179.70,0.00,0.00,0,0.0000,0.0000,0.4000,0.0000,0.0000,0.0000,0.00,0.00,68.34,60.15,701,257,0.36662,0.36662,0.99144,0.36947,3,2,0,0.00000,0.00000,1.00000,0.0000,0.0000,0.0000,0.0000,0.0000,0.0000,0.00,0.00,0.00,1,1,0.0000,0.0000,0.4000,0.00,0.8200,0.3500,1.0000,6.00,180.00,5.000000,0.050000,0.000000,1.100000,0.000000,0.000000,1.200000,0.000000,0.000000,1.350000,0.000000,0.000000,0.850000,0.020000,0.000000,0.008000,0.000000,0.000600,0.008000,0.000000,0.000600,0.006000,0.000000,0.000000,1,1,1,701,204,541,541,541,0,0,60.00,50076,2913,692,0,0,0,50227,500.00,0.00,12,317,0.0000,0.5000,0.5000,0.0000,0.5000
2026-04-27T19:15:33.411,11.683,1,1.50,-179.70,0.00,0.00,0,0.0000,0.0000,0.4000,0.0000,0.0000,0.0000,0.00,0.00,60.15,80.96,702,257,0.36610,0.36610,0.99145,0.36895,3,2,0,0.00000,0.00000,1.00000,0.0000,0.0000,0.0000,0.0000,0.0000,0.0000,0.00,0.00,0.00,1,1,0.0000,0.0000,0.4000,0.00,0.8200,0.3500,1.0000,6.00,180.00,5.000000,0.050000,0.000000,1.100000,0.000000,0.000000,1.200000,0.000000,0.000000,1.350000,0.000000,0.000000,0.850000,0.020000,0.000000,0.008000,0.000000,0.000600,0.008000,0.000000,0.000600,0.006000,0.000000,0.000000,1,1,1,702,204,541,541,541,0,0,60.00,50076,2913,692,0,0,0,50227,500.00,0.00,12,317,0.0000,0.5000,0.5000,0.0000,0.5000
2026-04-27T19:15:33.428,11.701,1,1.50,-179.70,0.00,0.00,0,0.0000,0.0000,0.4000,0.0000,0.0000,0.0000,0.00,0.00,80.96,56.15,703,257,0.36558,0.36558,0.99147,0.36842,3,2,0,0.00000,0.00000,1.00000,0.0000,0.0000,0.0000,0.0000,0.0000,0.0000,0.00,0.00,0.00,1,1,0.0000,0.0000,0.4000,0.00,0.8200,0.3500,1.0000,6.00,180.00,5.000000,0.050000,0.000000,1.100000,0.000000,0.000000,1.200000,0.000000,0.000000,1.350000,0.000000,0.000000,0.850000,0.020000,0.000000,0.008000,0.000000,0.000600,0.008000,0.000000,0.000600,0.006000,0.000000,0.000000,1,1,1,703,204,541,541,541,0,0,60.00,50076,2913,692,0,0,0,50227,500.00,0.00,12,317,0.0000,0.5000,0.5000,0.0000,0.5000
2026-04-27T19:15:33.448,11.720,1,1.50,-179.70,0.00,0.00,0,0.0000,0.0000,0.4000,0.0000,0.0000,0.0000,0.00,0.00,56.15,50.46,704,257,0.36506,0.36506,0.99148,0.36790,3,2,0,0.00000,0.00000,1.00000,0.0000,0.0000,0.0000,0.0000,0.0000,0.0000,0.00,0.00,0.00,1,1,0.0000,0.0000,0.4000,0.00,0.8200,0.3500,1.0000,6.00,180.00,5.000000,0.050000,0.000000,1.100000,0.000000,0.000000,1.200000,0.000000,0.000000,1.350000,0.000000,0.000000,0.850000,0.020000,0.000000,0.008000,0.000000,0.000600,0.008000,0.000000,0.000600,0.006000,0.000000,0.000000,1,1,1,704,204,541,541,541,0,0,60.00,50076,2913,692,0,0,0,50227,500.00,0.00,12,317,0.0000,0.5000,0.5000,0.0000,0.5000
2026-04-27T19:15:33.464,11.736,1,1.50,-179.70,0.00,0.00,0,0.0000,0.0000,0.4000,0.0000,0.0000,0.0000,0.00,0.00,50.46,63.53,705,257,0.36454,0.36454,0.99149,0.36738,3,2,0,0.00000,0.00000,1.00000,0.0000,0.0000,0.0000,0.0000,0.0000,0.0000,0.00,0.00,0.00,1,1,0.0000,0.0000,0.4000,0.00,0.8200,0.3500,1.0000,6.00,180.00,5.000000,0.050000,0.000000,1.100000,0.000000,0.000000,1.200000,0.000000,0.000000,1.350000,0.000000,0.000000,0.850000,0.020000,0.000000,0.008000,0.000000,0.000600,0.008000,0.000000,0.000600,0.006000,0.000000,0.000000,1,1,1,705,204,541,541,541,0,0,60.00,50076,2913,692,0,0,0,50227,500.00,0.00,12,317,0.0000,0.5000,0.5000,0.0000,0.5000
2026-04-27T19:15:33.482,11.754,1,1.50,-179.70,0.00,0.00,0,0.0000,0.0000,0.4000,0.0000,0.0000,0.0000,0.00,0.00,55.03,56.91,706,257,0.36402,0.36402,0.99150,0.36686,3,2,0,0.00000,0.00000,1.00000,0.0000,0.0000,0.0000,0.0000,0.0000,0.0000,0.00,0.00,0.00,1,1,0.0000,0.0000,0.4000,0.00,0.8200,0.3500,1.0000,6.00,180.00,5.000000,0.050000,0.000000,1.100000,0.000000,0.000000,1.200000,0.000000,0.000000,1.350000,0.000000,0.000000,0.850000,0.020000,0.000000,0.008000,0.000000,0.000600,0.008000,0.000000,0.000600,0.006000,0.000000,0.000000,1,1,1,706,204,541,541,541,0,0,60.00,50076,2913,692,0,0,0,50227,500.00,0.00,12,317,0.0000,0.5000,0.5000,0.0000,0.5000
2026-04-27T19:15:33.498,11.770,1,1.50,-179.70,0.00,0.00,0,0.0000,0.0000,0.4000,0.0000,0.0000,0.0000,0.00,0.00,60.07,59.96,707,257,0.36351,0.36351,0.99151,0.36634,3,2,0,0.00000,0.00000,1.00000,0.0000,0.0000,0.0000,0.0000,0.0000,0.0000,0.00,0.00,0.00,1,1,0.0000,0.0000,0.4000,0.00,0.8200,0.3500,1.0000,6.00,180.00,5.000000,0.050000,0.000000,1.100000,0.000000,0.000000,1.200000,0.000000,0.000000,1.350000,0.000000,0.000000,0.850000,0.020000,0.000000,0.008000,0.000000,0.000600,0.008000,0.000000,0.000600,0.006000,0.000000,0.000000,1,1,1,707,204,541,541,541,0,0,60.00,50076,2913,692,0,0,0,50227,500.00,0.00,12,317,0.0000,0.5000,0.5000,0.0000,0.5000
2026-04-27T19:15:33.515,11.787,1,1.50,-179.70,0.00,0.00,0,0.0000,0.0000,0.4000,0.0000,0.0000,0.0000,0.00,0.00,65.91,60.05,708,257,0.36299,0.36299,0.99153,0.36582,3,2,0,0.00000,0.00000,1.00000,0.0000,0.0000,0.0000,0.0000,0.0000,0.0000,0.00,0.00,0.00,1,1,0.0000,0.0000,0.4000,0.00,0.8200,0.3500,1.0000,6.00,180.00,5.000000,0.050000,0.000000,1.100000,0.000000,0.000000,1.200000,0.000000,0.000000,1.350000,0.000000,0.000000,0.850000,0.020000,0.000000,0.008000,0.000000,0.000600,0.008000,0.000000,0.000600,0.006000,0.000000,0.000000,1,1,1,708,204,541,541,541,0,0,60.00,50076,2913,692,0,0,0,50227,500.00,0.00,12,317,0.0000,0.5000,0.5000,0.0000,0.5000
2026-04-27T19:15:33.531,11.803,1,1.50,-179.70,0.00,0.00,0,0.0000,0.0000,0.4000,0.0000,0.0000,0.0000,0.00,0.00,60.05,61.47,709,257,0.36248,0.36248,0.99154,0.36530,3,2,0,0.00000,0.00000,1.00000,0.0000,0.0000,0.0000,0.0000,0.0000,0.0000,0.00,0.00,0.00,1,1,0.0000,0.0000,0.4000,0.00,0.8200,0.3500,1.0000,6.00,180.00,5.000000,0.050000,0.000000,1.100000,0.000000,0.000000,1.200000,0.000000,0.000000,1.350000,0.000000,0.000000,0.850000,0.020000,0.000000,0.008000,0.000000,0.000600,0.008000,0.000000,0.000600,0.006000,0.000000,0.000000,1,1,1,709,204,541,541,541,0,0,60.00,50076,2913,692,0,0,0,50227,500.00,0.00,12,317,0.0000,0.5000,0.5000,0.0000,0.5000
2026-04-27T19:15:33.549,11.821,1,1.50,-179.70,0.00,0.00,0,0.0000,0.0000,0.4000,0.0000,0.0000,0.0000,0.00,0.00,61.47,59.46,710,257,0.36197,0.36197,0.99155,0.36479,3,2,0,0.00000,0.00000,1.00000,0.0000,0.0000,0.0000,0.0000,0.0000,0.0000,0.00,0.00,0.00,1,1,0.0000,0.0000,0.4000,0.00,0.8200,0.3500,1.0000,6.00,180.00,5.000000,0.050000,0.000000,1.100000,0.000000,0.000000,1.200000,0.000000,0.000000,1.350000,0.000000,0.000000,0.850000,0.020000,0.000000,0.008000,0.000000,0.000600,0.008000,0.000000,0.000600,0.006000,0.000000,0.000000,1,1,1,710,204,541,541,541,0,0,60.00,50076,2913,692,0,0,0,50227,500.00,0.00,12,317,0.0000,0.5000,0.5000,0.0000,0.5000
2026-04-27T19:15:33.565,11.837,1,1.50,-179.70,0.00,0.00,0,0.0000,0.0000,0.4000,0.0000,0.0000,0.0000,0.00,0.00,56.02,59.16,711,257,0.36146,0.36146,0.99156,0.36428,3,2,0,0.00000,0.00000,1.00000,0.0000,0.0000,0.0000,0.0000,0.0000,0.0000,0.00,0.00,0.00,1,1,0.0000,0.0000,0.4000,0.00,0.8200,0.3500,1.0000,6.00,180.00,5.000000,0.050000,0.000000,1.100000,0.000000,0.000000,1.200000,0.000000,0.000000,1.350000,0.000000,0.000000,0.850000,0.020000,0.000000,0.008000,0.000000,0.000600,0.008000,0.000000,0.000600,0.006000,0.000000,0.000000,1,1,1,711,204,541,541,541,0,0,60.00,50076,2913,692,0,0,0,50227,500.00,0.00,12,317,0.0000,0.5000,0.5000,0.0000,0.5000
2026-04-27T19:15:33.582,11.854,1,1.50,-179.70,0.00,0.00,0,0.0000,0.0000,0.4000,0.0000,0.0000,0.0000,0.00,0.00,63.01,60.03,712,257,0.36096,0.36096,0.99157,0.36376,3,2,0,0.00000,0.00000,1.00000,0.0000,0.0000,0.0000,0.0000,0.0000,0.0000,0.00,0.00,0.00,1,1,0.0000,0.0000,0.4000,0.00,0.8200,0.3500,1.0000,6.00,180.00,5.000000,0.050000,0.000000,1.100000,0.000000,0.000000,1.200000,0.000000,0.000000,1.350000,0.000000,0.000000,0.850000,0.020000,0.000000,0.008000,0.000000,0.000600,0.008000,0.000000,0.000600,0.006000,0.000000,0.000000,1,1,1,712,204,541,541,541,0,0,60.00,50076,2913,692,0,0,0,50227,500.00,0.00,12,317,0.0000,0.5000,0.5000,0.0000,0.5000
2026-04-27T19:15:33.598,11.870,1,1.50,-179.70,0.00,0.00,0,0.0000,0.0000,0.4000,0.0000,0.0000,0.0000,0.00,0.00,51.47,60.10,713,257,0.36045,0.36045,0.99158,0.36325,3,2,0,0.00000,0.00000,1.00000,0.0000,0.0000,0.0000,0.0000,0.0000,0.0000,0.00,0.00,0.00,1,1,0.0000,0.0000,0.4000,0.00,0.8200,0.3500,1.0000,6.00,180.00,5.000000,0.050000,0.000000,1.100000,0.000000,0.000000,1.200000,0.000000,0.000000,1.350000,0.000000,0.000000,0.850000,0.020000,0.000000,0.008000,0.000000,0.000600,0.008000,0.000000,0.000600,0.006000,0.000000,0.000000,1,1,1,713,204,541,541,541,0,0,60.00,50076,2913,692,0,0,0,50227,500.00,0.00,12,317,0.0000,0.5000,0.5000,0.0000,0.5000
2026-04-27T19:15:33.615,11.887,1,1.50,-179.70,0.00,0.00,0,0.0000,0.0000,0.4000,0.0000,0.0000,0.0000,0.00,0.00,72.12,60.03,714,257,0.35994,0.35994,0.99160,0.36275,3,2,0,0.00000,0.00000,1.00000,0.0000,0.0000,0.0000,0.0000,0.0000,0.0000,0.00,0.00,0.00,1,1,0.0000,0.0000,0.4000,0.00,0.8200,0.3500,1.0000,6.00,180.00,5.000000,0.050000,0.000000,1.100000,0.000000,0.000000,1.200000,0.000000,0.000000,1.350000,0.000000,0.000000,0.850000,0.020000,0.000000,0.008000,0.000000,0.000600,0.008000,0.000000,0.000600,0.006000,0.000000,0.000000,1,1,1,714,204,541,541,541,0,0,60.00,50076,2913,692,0,0,0,50227,500.00,0.00,12,317,0.0000,0.5000,0.5000,0.0000,0.5000
2026-04-27T19:15:33.632,11.904,1,1.50,-179.70,0.00,0.00,0,0.0000,0.0000,0.4000,0.0000,0.0000,0.0000,0.00,0.00,56.62,59.55,715,257,0.35944,0.35944,0.99161,0.36224,3,2,0,0.00000,0.00000,1.00000,0.0000,0.0000,0.0000,0.0000,0.0000,0.0000,0.00,0.00,0.00,1,1,0.0000,0.0000,0.4000,0.00,0.8200,0.3500,1.0000,6.00,180.00,5.000000,0.050000,0.000000,1.100000,0.000000,0.000000,1.200000,0.000000,0.000000,1.350000,0.000000,0.000000,0.850000,0.020000,0.000000,0.008000,0.000000,0.000600,0.008000,0.000000,0.000600,0.006000,0.000000,0.000000,1,1,1,715,204,541,541,541,0,0,60.00,50076,2913,692,0,0,0,50227,500.00,0.00,12,317,0.0000,0.5000,0.5000,0.0000,0.5000
2026-04-27T19:15:33.649,11.921,1,1.50,-179.70,0.00,0.00,0,0.0000,0.0000,0.4000,0.0000,0.0000,0.0000,0.00,0.00,63.33,62.95,716,257,0.35894,0.35894,0.99162,0.36173,3,2,0,0.00000,0.00000,1.00000,0.0000,0.0000,0.0000,0.0000,0.0000,0.0000,0.00,0.00,0.00,1,1,0.0000,0.0000,0.4000,0.00,0.8200,0.3500,1.0000,6.00,180.00,5.000000,0.050000,0.000000,1.100000,0.000000,0.000000,1.200000,0.000000,0.000000,1.350000,0.000000,0.000000,0.850000,0.020000,0.000000,0.008000,0.000000,0.000600,0.008000,0.000000,0.000600,0.006000,0.000000,0.000000,1,1,1,716,204,541,541,541,0,0,60.00,50076,2913,692,0,0,0,50227,500.00,0.00,12,317,0.0000,0.5000,0.5000,0.0000,0.5000
2026-04-27T19:15:33.664,11.937,1,1.50,-179.70,0.00,0.00,0,0.0000,0.0000,0.4000,0.0000,0.0000,0.0000,0.00,0.00,58.65,58.90,717,257,0.35844,0.35844,0.99163,0.36123,3,2,0,0.00000,0.00000,1.00000,0.0000,0.0000,0.0000,0.0000,0.0000,0.0000,0.00,0.00,0.00,1,1,0.0000,0.0000,0.4000,0.00,0.8200,0.3500,1.0000,6.00,180.00,5.000000,0.050000,0.000000,1.100000,0.000000,0.000000,1.200000,0.000000,0.000000,1.350000,0.000000,0.000000,0.850000,0.020000,0.000000,0.008000,0.000000,0.000600,0.008000,0.000000,0.000600,0.006000,0.000000,0.000000,1,1,1,717,204,541,541,541,0,0,60.00,50076,2913,692,0,0,0,50227,500.00,0.00,12,317,0.0000,0.5000,0.5000,0.0000,0.5000
2026-04-27T19:15:33.682,11.954,1,1.50,-179.70,0.00,0.00,0,0.0000,0.0000,0.4000,0.0000,0.0000,0.0000,0.00,0.00,56.76,58.67,718,257,0.35794,0.35794,0.99164,0.36072,3,2,0,0.00000,0.00000,1.00000,0.0000,0.0000,0.0000,0.0000,0.0000,0.0000,0.00,0.00,0.00,1,1,0.0000,0.0000,0.4000,0.00,0.8200,0.3500,1.0000,6.00,180.00,5.000000,0.050000,0.000000,1.100000,0.000000,0.000000,1.200000,0.000000,0.000000,1.350000,0.000000,0.000000,0.850000,0.020000,0.000000,0.008000,0.000000,0.000600,0.008000,0.000000,0.000600,0.006000,0.000000,0.000000,1,1,1,718,204,541,541,541,0,0,60.00,50076,2913,692,0,0,0,50227,500.00,0.00,12,317,0.0000,0.5000,0.5000,0.0000,0.5000
2026-04-27T19:15:33.700,11.972,1,1.50,-179.70,0.00,0.00,0,0.0000,0.0000,0.4000,0.0000,0.0000,0.0000,0.00,0.00,65.61,59.99,719,257,0.35744,0.35744,0.99166,0.36022,3,2,0,0.00000,0.00000,1.00000,0.0000,0.0000,0.0000,0.0000,0.0000,0.0000,0.00,0.00,0.00,1,1,0.0000,0.0000,0.4000,0.00,0.8200,0.3500,1.0000,6.00,180.00,5.000000,0.050000,0.000000,1.100000,0.000000,0.000000,1.200000,0.000000,0.000000,1.350000,0.000000,0.000000,0.850000,0.020000,0.000000,0.008000,0.000000,0.000600,0.008000,0.000000,0.000600,0.006000,0.000000,0.000000,1,1,1,719,204,541,541,541,0,0,60.00,50076,2913,692,0,0,0,50227,500.00,0.00,12,317,0.0000,0.5000,0.5000,0.0000,0.5000
2026-04-27T19:15:33.715,11.987,1,1.50,-179.70,0.00,0.00,0,0.0000,0.0000,0.4000,0.0000,0.0000,0.0000,0.00,0.00,52.37,60.26,720,257,0.35694,0.35694,0.99167,0.35972,3,2,0,0.00000,0.00000,1.00000,0.0000,0.0000,0.0000,0.0000,0.0000,0.0000,0.00,0.00,0.00,1,1,0.0000,0.0000,0.4000,0.00,0.8200,0.3500,1.0000,6.00,180.00,5.000000,0.050000,0.000000,1.100000,0.000000,0.000000,1.200000,0.000000,0.000000,1.350000,0.000000,0.000000,0.850000,0.020000,0.000000,0.008000,0.000000,0.000600,0.008000,0.000000,0.000600,0.006000,0.000000,0.000000,1,1,1,720,204,541,541,541,0,0,60.00,50076,2913,692,0,0,0,50227,500.00,0.00,12,317,0.0000,0.5000,0.5000,0.0000,0.5000
2026-04-27T19:15:33.729,12.001,1,1.50,-179.70,0.00,0.00,0,0.0000,0.0000,0.4000,0.0000,0.0000,0.0000,0.00,0.00,64.96,70.11,721,257,0.35645,0.35645,0.99168,0.35922,3,2,0,0.00000,0.00000,1.00000,0.0000,0.0000,0.0000,0.0000,0.0000,0.0000,0.00,0.00,0.00,1,1,0.0000,0.0000,0.4000,0.00,0.8200,0.3500,1.0000,6.00,180.00,5.000000,0.050000,0.000000,1.100000,0.000000,0.000000,1.200000,0.000000,0.000000,1.350000,0.000000,0.000000,0.850000,0.020000,0.000000,0.008000,0.000000,0.000600,0.008000,0.000000,0.000600,0.006000,0.000000,0.000000,1,1,1,721,204,541,541,541,0,0,60.00,50076,2913,692,0,0,0,50227,500.00,0.00,12,317,0.0000,0.5000,0.5000,0.0000,0.5000
2026-04-27T19:15:33.748,12.020,1,1.50,-179.70,0.00,0.00,0,0.0000,0.0000,0.4000,0.0000,0.0000,0.0000,0.00,0.00,59.58,52.42,722,257,0.35596,0.35596,0.99169,0.35873,3,2,0,0.00000,0.00000,1.00000,0.0000,0.0000,0.0000,0.0000,0.0000,0.0000,0.00,0.00,0.00,1,1,0.0000,0.0000,0.4000,0.00,0.8200,0.3500,1.0000,6.00,180.00,5.000000,0.050000,0.000000,1.100000,0.000000,0.000000,1.200000,0.000000,0.000000,1.350000,0.000000,0.000000,0.850000,0.020000,0.000000,0.008000,0.000000,0.000600,0.008000,0.000000,0.000600,0.006000,0.000000,0.000000,1,1,1,722,204,721,721,721,0,0,60.00,50256,2950,692,0,0,0,50227,500.00,0.00,12,317,0.0000,0.5000,0.5000,0.0000,0.5000
2026-04-27T19:15:33.765,12.037,1,1.50,-179.70,0.00,0.00,0,0.0000,0.0000,0.4000,0.0000,0.0000,0.0000,0.00,0.00,65.23,60.06,723,257,0.35546,0.35546,0.99170,0.35823,3,2,0,0.00000,0.00000,1.00000,0.0000,0.0000,0.0000,0.0000,0.0000,0.0000,0.00,0.00,0.00,1,1,0.0000,0.0000,0.4000,0.00,0.8200,0.3500,1.0000,6.00,180.00,5.000000,0.050000,0.000000,1.100000,0.000000,0.000000,1.200000,0.000000,0.000000,1.350000,0.000000,0.000000,0.850000,0.020000,0.000000,0.008000,0.000000,0.000600,0.008000,0.000000,0.000600,0.006000,0.000000,0.000000,1,1,1,723,204,721,721,721,0,0,60.00,50256,2950,692,0,0,0,50227,500.00,0.00,12,317,0.0000,0.5000,0.5000,0.0000,0.5000
2026-04-27T19:15:33.783,12.055,1,1.50,-179.70,0.00,0.00,0,0.0000,0.0000,0.4000,0.0000,0.0000,0.0000,0.00,0.00,60.06,59.92,724,257,0.35497,0.35497,0.99171,0.35773,3,2,0,0.00000,0.00000,1.00000,0.0000,0.0000,0.0000,0.0000,0.0000,0.0000,0.00,0.00,0.00,1,1,0.0000,0.0000,0.4000,0.00,0.8200,0.3500,1.0000,6.00,180.00,5.000000,0.050000,0.000000,1.100000,0.000000,0.000000,1.200000,0.000000,0.000000,1.350000,0.000000,0.000000,0.850000,0.020000,0.000000,0.008000,0.000000,0.000600,0.008000,0.000000,0.000600,0.006000,0.000000,0.000000,1,1,1,724,204,721,721,721,0,0,60.00,50256,2950,722,0,0,0,50257,500.00,0.00,12,591,0.0000,0.5000,0.5000,0.0000,0.5000
2026-04-27T19:15:33.800,12.073,1,1.50,-179.70,0.00,0.00,0,0.0000,0.0000,0.4000,0.0000,0.0000,0.0000,0.00,0.00,52.10,60.13,725,257,0.35448,0.35448,0.99172,0.35724,3,2,0,0.00000,0.00000,1.00000,0.0000,0.0000,0.0000,0.0000,0.0000,0.0000,0.00,0.00,0.00,1,1,0.0000,0.0000,0.4000,0.00,0.8200,0.3500,1.0000,6.00,180.00,5.000000,0.050000,0.000000,1.100000,0.000000,0.000000,1.200000,0.000000,0.000000,1.350000,0.000000,0.000000,0.850000,0.020000,0.000000,0.008000,0.000000,0.000600,0.008000,0.000000,0.000600,0.006000,0.000000,0.000000,1,1,1,725,204,721,721,721,0,0,60.00,50256,2950,722,0,0,0,50257,500.00,0.00,12,591,0.0000,0.5000,0.5000,0.0000,0.5000
2026-04-27T19:15:33.815,12.087,1,1.50,-179.70,0.00,0.00,0,0.0000,0.0000,0.4000,0.0000,0.0000,0.0000,0.00,0.00,61.14,61.78,726,257,0.35399,0.35399,0.99174,0.35675,3,2,0,0.00000,0.00000,1.00000,0.0000,0.0000,0.0000,0.0000,0.0000,0.0000,0.00,0.00,0.00,1,1,0.0000,0.0000,0.4000,0.00,0.8200,0.3500,1.0000,6.00,180.00,5.000000,0.050000,0.000000,1.100000,0.000000,0.000000,1.200000,0.000000,0.000000,1.350000,0.000000,0.000000,0.850000,0.020000,0.000000,0.008000,0.000000,0.000600,0.008000,0.000000,0.000600,0.006000,0.000000,0.000000,1,1,1,726,204,721,721,721,0,0,60.00,50256,2950,722,0,0,0,50257,500.00,0.00,12,591,0.0000,0.5000,0.5000,0.0000,0.5000
2026-04-27T19:15:33.831,12.104,1,1.50,-179.70,0.00,0.00,0,0.0000,0.0000,0.4000,0.0000,0.0000,0.0000,0.00,0.00,66.84,58.39,727,257,0.35351,0.35351,0.99175,0.35626,3,2,0,0.00000,0.00000,1.00000,0.0000,0.0000,0.0000,0.0000,0.0000,0.0000,0.00,0.00,0.00,1,1,0.0000,0.0000,0.4000,0.00,0.8200,0.3500,1.0000,6.00,180.00,5.000000,0.050000,0.000000,1.100000,0.000000,0.000000,1.200000,0.000000,0.000000,1.350000,0.000000,0.000000,0.850000,0.020000,0.000000,0.008000,0.000000,0.000600,0.008000,0.000000,0.000600,0.006000,0.000000,0.000000,1,1,1,727,204,721,721,721,0,0,60.00,50256,2950,722,0,0,0,50257,500.00,0.00,12,591,0.0000,0.5000,0.5000,0.0000,0.5000
2026-04-27T19:15:33.848,12.120,1,1.50,-179.70,0.00,0.00,0,0.0000,0.0000,0.4000,0.0000,0.0000,0.0000,0.00,0.00,62.03,61.24,728,257,0.35302,0.35302,0.99176,0.35577,3,2,0,0.00000,0.00000,1.00000,0.0000,0.0000,0.0000,0.0000,0.0000,0.0000,0.00,0.00,0.00,1,1,0.0000,0.0000,0.4000,0.00,0.8200,0.3500,1.0000,6.00,180.00,5.000000,0.050000,0.000000,1.100000,0.000000,0.000000,1.200000,0.000000,0.000000,1.350000,0.000000,0.000000,0.850000,0.020000,0.000000,0.008000,0.000000,0.000600,0.008000,0.000000,0.000600,0.006000,0.000000,0.000000,1,1,1,728,204,721,721,721,0,0,60.00,50256,2950,722,0,0,0,50257,500.00,0.00,12,591,0.0000,0.5000,0.5000,0.0000,0.5000
2026-04-27T19:15:33.865,12.137,1,1.50,-179.70,0.00,0.00,0,0.0000,0.0000,0.4000,0.0000,0.0000,0.0000,0.00,0.00,61.24,58.83,729,257,0.35254,0.35254,0.99177,0.35528,3,2,0,0.00000,0.00000,1.00000,0.0000,0.0000,0.0000,0.0000,0.0000,0.0000,0.00,0.00,0.00,1,1,0.0000,0.0000,0.4000,0.00,0.8200,0.3500,1.0000,6.00,180.00,5.000000,0.050000,0.000000,1.100000,0.000000,0.000000,1.200000,0.000000,0.000000,1.350000,0.000000,0.000000,0.850000,0.020000,0.000000,0.008000,0.000000,0.000600,0.008000,0.000000,0.000600,0.006000,0.000000,0.000000,1,1,1,729,204,721,721,721,0,0,60.00,50256,2950,722,0,0,0,50257,500.00,0.00,12,591,0.0000,0.5000,0.5000,0.0000,0.5000
2026-04-27T19:15:33.876,12.149,1,1.50,-179.70,0.00,0.00,0,0.0000,0.0000,0.4000,0.0000,0.0000,0.0000,0.00,0.00,58.83,85.87,730,257,0.35205,0.35205,0.99178,0.35479,3,2,0,0.00000,0.00000,1.00000,0.0000,0.0000,0.0000,0.0000,0.0000,0.0000,0.00,0.00,0.00,1,1,0.0000,0.0000,0.4000,0.00,0.8200,0.3500,1.0000,6.00,180.00,5.000000,0.050000,0.000000,1.100000,0.000000,0.000000,1.200000,0.000000,0.000000,1.350000,0.000000,0.000000,0.850000,0.020000,0.000000,0.008000,0.000000,0.000600,0.008000,0.000000,0.000600,0.006000,0.000000,0.000000,1,1,1,730,204,721,721,721,0,0,60.00,50256,2950,722,0,0,0,50257,500.00,0.00,12,591,0.0000,0.5000,0.5000,0.0000,0.5000
2026-04-27T19:15:33.898,12.170,1,1.50,-179.70,0.00,0.00,0,0.0000,0.0000,0.4000,0.0000,0.0000,0.0000,0.00,0.00,85.87,46.17,731,257,0.35157,0.35157,0.99179,0.35431,3,2,0,0.00000,0.00000,1.00000,0.0000,0.0000,0.0000,0.0000,0.0000,0.0000,0.00,0.00,0.00,1,1,0.0000,0.0000,0.4000,0.00,0.8200,0.3500,1.0000,6.00,180.00,5.000000,0.050000,0.000000,1.100000,0.000000,0.000000,1.200000,0.000000,0.000000,1.350000,0.000000,0.000000,0.850000,0.020000,0.000000,0.008000,0.000000,0.000600,0.008000,0.000000,0.000600,0.006000,0.000000,0.000000,1,1,1,731,204,721,721,721,0,0,60.00,50256,2950,722,0,0,0,50257,500.00,0.00,12,591,0.0000,0.5000,0.5000,0.0000,0.5000
2026-04-27T19:15:33.915,12.187,1,1.50,-179.70,0.00,0.00,0,0.0000,0.0000,0.4000,0.0000,0.0000,0.0000,0.00,0.00,46.17,59.97,732,257,0.35109,0.35109,0.99180,0.35383,3,2,0,0.00000,0.00000,1.00000,0.0000,0.0000,0.0000,0.0000,0.0000,0.0000,0.00,0.00,0.00,1,1,0.0000,0.0000,0.4000,0.00,0.8200,0.3500,1.0000,6.00,180.00,5.000000,0.050000,0.000000,1.100000,0.000000,0.000000,1.200000,0.000000,0.000000,1.350000,0.000000,0.000000,0.850000,0.020000,0.000000,0.008000,0.000000,0.000600,0.008000,0.000000,0.000600,0.006000,0.000000,0.000000,1,1,1,732,204,721,721,721,0,0,60.00,50256,2950,722,0,0,0,50257,500.00,0.00,12,591,0.0000,0.5000,0.5000,0.0000,0.5000
2026-04-27T19:15:33.931,12.204,1,1.50,-179.70,0.00,0.00,0,0.0000,0.0000,0.4000,0.0000,0.0000,0.0000,0.00,0.00,59.97,60.03,733,257,0.35061,0.35061,0.99181,0.35334,3,2,0,0.00000,0.00000,1.00000,0.0000,0.0000,0.0000,0.0000,0.0000,0.0000,0.00,0.00,0.00,1,1,0.0000,0.0000,0.4000,0.00,0.8200,0.3500,1.0000,6.00,180.00,5.000000,0.050000,0.000000,1.100000,0.000000,0.000000,1.200000,0.000000,0.000000,1.350000,0.000000,0.000000,0.850000,0.020000,0.000000,0.008000,0.000000,0.000600,0.008000,0.000000,0.000600,0.006000,0.000000,0.000000,1,1,1,733,204,721,721,721,0,0,60.00,50256,2950,722,0,0,0,50257,500.00,0.00,12,591,0.0000,0.5000,0.5000,0.0000,0.5000
2026-04-27T19:15:33.948,12.220,1,1.50,-179.70,0.00,0.00,0,0.0000,0.0000,0.4000,0.0000,0.0000,0.0000,0.00,0.00,60.03,60.05,734,257,0.35014,0.35014,0.99183,0.35286,3,2,0,0.00000,0.00000,1.00000,0.0000,0.0000,0.0000,0.0000,0.0000,0.0000,0.00,0.00,0.00,1,1,0.0000,0.0000,0.4000,0.00,0.8200,0.3500,1.0000,6.00,180.00,5.000000,0.050000,0.000000,1.100000,0.000000,0.000000,1.200000,0.000000,0.000000,1.350000,0.000000,0.000000,0.850000,0.020000,0.000000,0.008000,0.000000,0.000600,0.008000,0.000000,0.000600,0.006000,0.000000,0.000000,1,1,1,734,204,721,721,721,0,0,60.00,50256,2950,722,0,0,0,50257,500.00,0.00,12,591,0.0000,0.5000,0.5000,0.0000,0.5000
2026-04-27T19:15:33.965,12.237,1,1.50,-179.70,0.00,0.00,0,0.0000,0.0000,0.4000,0.0000,0.0000,0.0000,0.00,0.00,60.05,65.63,735,257,0.34966,0.34966,0.99184,0.35238,3,2,0,0.00000,0.00000,1.00000,0.0000,0.0000,0.0000,0.0000,0.0000,0.0000,0.00,0.00,0.00,1,1,0.0000,0.0000,0.4000,0.00,0.8200,0.3500,1.0000,6.00,180.00,5.000000,0.050000,0.000000,1.100000,0.000000,0.000000,1.200000,0.000000,0.000000,1.350000,0.000000,0.000000,0.850000,0.020000,0.000000,0.008000,0.000000,0.000600,0.008000,0.000000,0.000600,0.006000,0.000000,0.000000,1,1,1,735,204,721,721,721,0,0,60.00,50256,2950,722,0,0,0,50257,500.00,0.00,12,591,0.0000,0.5000,0.5000,0.0000,0.5000
2026-04-27T19:15:33.982,12.255,1,1.50,-179.70,0.00,0.00,0,0.0000,0.0000,0.4000,0.0000,0.0000,0.0000,0.00,0.00,58.90,55.28,736,257,0.34918,0.34918,0.99185,0.35190,3,2,0,0.00000,0.00000,1.00000,0.0000,0.0000,0.0000,0.0000,0.0000,0.0000,0.00,0.00,0.00,1,1,0.0000,0.0000,0.4000,0.00,0.8200,0.3500,1.0000,6.00,180.00,5.000000,0.050000,0.000000,1.100000,0.000000,0.000000,1.200000,0.000000,0.000000,1.350000,0.000000,0.000000,0.850000,0.020000,0.000000,0.008000,0.000000,0.000600,0.008000,0.000000,0.000600,0.006000,0.000000,0.000000,1,1,1,736,204,721,721,721,0,0,60.00,50256,2950,722,0,0,0,50257,500.00,0.00,12,591,0.0000,0.5000,0.5000,0.0000,0.5000
2026-04-27T19:15:33.998,12.270,1,1.50,-179.70,0.00,0.00,0,0.0000,0.0000,0.4000,0.0000,0.0000,0.0000,0.00,0.00,57.63,59.95,737,257,0.34871,0.34871,0.99186,0.35142,3,2,0,0.00000,0.00000,1.00000,0.0000,0.0000,0.0000,0.0000,0.0000,0.0000,0.00,0.00,0.00,1,1,0.0000,0.0000,0.4000,0.00,0.8200,0.3500,1.0000,6.00,180.00,5.000000,0.050000,0.000000,1.100000,0.000000,0.000000,1.200000,0.000000,0.000000,1.350000,0.000000,0.000000,0.850000,0.020000,0.000000,0.008000,0.000000,0.000600,0.008000,0.000000,0.000600,0.006000,0.000000,0.000000,1,1,1,737,204,721,721,721,0,0,60.00,50256,2950,722,0,0,0,50257,500.00,0.00,12,591,0.0000,0.5000,0.5000,0.0000,0.5000
2026-04-27T19:15:34.015,12.287,1,1.50,-179.70,0.00,0.00,0,0.0000,0.0000,0.4000,0.0000,0.0000,0.0000,0.00,0.00,63.78,60.13,738,257,0.34824,0.34824,0.99187,0.35095,3,2,0,0.00000,0.00000,1.00000,0.0000,0.0000,0.0000,0.0000,0.0000,0.0000,0.00,0.00,0.00,1,1,0.0000,0.0000,0.4000,0.00,0.8200,0.3500,1.0000,6.00,180.00,5.000000,0.050000,0.000000,1.100000,0.000000,0.000000,1.200000,0.000000,0.000000,1.350000,0.000000,0.000000,0.850000,0.020000,0.000000,0.008000,0.000000,0.000600,0.008000,0.000000,0.000600,0.006000,0.000000,0.000000,1,1,1,738,204,721,721,721,0,0,60.00,50256,2950,722,0,0,0,50257,500.00,0.00,12,591,0.0000,0.5000,0.5000,0.0000,0.5000
2026-04-27T19:15:34.031,12.304,1,1.50,-179.70,0.00,0.00,0,0.0000,0.0000,0.4000,0.0000,0.0000,0.0000,0.00,0.00,60.13,59.98,739,257,0.34777,0.34777,0.99188,0.35047,3,2,0,0.00000,0.00000,1.00000,0.0000,0.0000,0.0000,0.0000,0.0000,0.0000,0.00,0.00,0.00,1,1,0.0000,0.0000,0.4000,0.00,0.8200,0.3500,1.0000,6.00,180.00,5.000000,0.050000,0.000000,1.100000,0.000000,0.000000,1.200000,0.000000,0.000000,1.350000,0.000000,0.000000,0.850000,0.020000,0.000000,0.008000,0.000000,0.000600,0.008000,0.000000,0.000600,0.006000,0.000000,0.000000,1,1,1,739,204,721,721,721,0,0,60.00,50256,2950,722,0,0,0,50257,500.00,0.00,12,591,0.0000,0.5000,0.5000,0.0000,0.5000
2026-04-27T19:15:34.048,12.320,1,1.50,-179.70,0.00,0.00,0,0.0000,0.0000,0.4000,0.0000,0.0000,0.0000,0.00,0.00,59.98,60.02,740,257,0.34730,0.34730,0.99189,0.35000,3,2,0,0.00000,0.00000,1.00000,0.0000,0.0000,0.0000,0.0000,0.0000,0.0000,0.00,0.00,0.00,1,1,0.0000,0.0000,0.4000,0.00,0.8200,0.3500,1.0000,6.00,180.00,5.000000,0.050000,0.000000,1.100000,0.000000,0.000000,1.200000,0.000000,0.000000,1.350000,0.000000,0.000000,0.850000,0.020000,0.000000,0.008000,0.000000,0.000600,0.008000,0.000000,0.000600,0.006000,0.000000,0.000000,1,1,1,740,204,721,721,721,0,0,60.00,50256,2950,722,0,0,0,50257,500.00,0.00,12,591,0.0000,0.5000,0.5000,0.0000,0.5000
2026-04-27T19:15:34.065,12.337,1,1.50,-179.70,0.00,0.00,0,0.0000,0.0000,0.4000,0.0000,0.0000,0.0000,0.00,0.00,60.02,60.06,741,257,0.34683,0.34683,0.99190,0.34953,3,2,0,0.00000,0.00000,1.00000,0.0000,0.0000,0.0000,0.0000,0.0000,0.0000,0.00,0.00,0.00,1,1,0.0000,0.0000,0.4000,0.00,0.8200,0.3500,1.0000,6.00,180.00,5.000000,0.050000,0.000000,1.100000,0.000000,0.000000,1.200000,0.000000,0.000000,1.350000,0.000000,0.000000,0.850000,0.020000,0.000000,0.008000,0.000000,0.000600,0.008000,0.000000,0.000600,0.006000,0.000000,0.000000,1,1,1,741,204,721,721,721,0,0,60.00,50256,2950,722,0,0,0,50257,500.00,0.00,12,591,0.0000,0.5000,0.5000,0.0000,0.5000
2026-04-27T19:15:34.077,12.349,1,1.50,-179.70,0.00,0.00,0,0.0000,0.0000,0.4000,0.0000,0.0000,0.0000,0.00,0.00,60.06,79.83,742,257,0.34636,0.34636,0.99191,0.34906,3,2,0,0.00000,0.00000,1.00000,0.0000,0.0000,0.0000,0.0000,0.0000,0.0000,0.00,0.00,0.00,1,1,0.0000,0.0000,0.4000,0.00,0.8200,0.3500,1.0000,6.00,180.00,5.000000,0.050000,0.000000,1.100000,0.000000,0.000000,1.200000,0.000000,0.000000,1.350000,0.000000,0.000000,0.850000,0.020000,0.000000,0.008000,0.000000,0.000600,0.008000,0.000000,0.000600,0.006000,0.000000,0.000000,1,1,1,742,204,721,721,721,0,0,60.00,50256,2950,722,0,0,0,50257,500.00,0.00,12,591,0.0000,0.5000,0.5000,0.0000,0.5000
2026-04-27T19:15:34.098,12.370,1,1.50,-179.70,0.00,0.00,0,0.0000,0.0000,0.4000,0.0000,0.0000,0.0000,0.00,0.00,55.67,48.07,743,257,0.34590,0.34590,0.99192,0.34859,3,2,0,0.00000,0.00000,1.00000,0.0000,0.0000,0.0000,0.0000,0.0000,0.0000,0.00,0.00,0.00,1,1,0.0000,0.0000,0.4000,0.00,0.8200,0.3500,1.0000,6.00,180.00,5.000000,0.050000,0.000000,1.100000,0.000000,0.000000,1.200000,0.000000,0.000000,1.350000,0.000000,0.000000,0.850000,0.020000,0.000000,0.008000,0.000000,0.000600,0.008000,0.000000,0.000600,0.006000,0.000000,0.000000,1,1,1,743,204,721,721,721,0,0,60.00,50256,2950,722,0,0,0,50257,500.00,0.00,12,591,0.0000,0.5000,0.5000,0.0000,0.5000
2026-04-27T19:15:34.114,12.386,1,1.50,-179.70,0.00,0.00,0,0.0000,0.0000,0.4000,0.0000,0.0000,0.0000,0.00,0.00,65.08,62.46,744,257,0.34543,0.34543,0.99194,0.34812,3,2,0,0.00000,0.00000,1.00000,0.0000,0.0000,0.0000,0.0000,0.0000,0.0000,0.00,0.00,0.00,1,1,0.0000,0.0000,0.4000,0.00,0.8200,0.3500,1.0000,6.00,180.00,5.000000,0.050000,0.000000,1.100000,0.000000,0.000000,1.200000,0.000000,0.000000,1.350000,0.000000,0.000000,0.850000,0.020000,0.000000,0.008000,0.000000,0.000600,0.008000,0.000000,0.000600,0.006000,0.000000,0.000000,1,1,1,744,204,721,721,721,0,0,60.00,50256,2950,722,0,0,0,50257,500.00,0.00,12,591,0.0000,0.5000,0.5000,0.0000,0.5000
2026-04-27T19:15:34.131,12.403,1,1.50,-179.70,0.00,0.00,0,0.0000,0.0000,0.4000,0.0000,0.0000,0.0000,0.00,0.00,62.46,57.78,745,257,0.34497,0.34497,0.99195,0.34765,3,2,0,0.00000,0.00000,1.00000,0.0000,0.0000,0.0000,0.0000,0.0000,0.0000,0.00,0.00,0.00,1,1,0.0000,0.0000,0.4000,0.00,0.8200,0.3500,1.0000,6.00,180.00,5.000000,0.050000,0.000000,1.100000,0.000000,0.000000,1.200000,0.000000,0.000000,1.350000,0.000000,0.000000,0.850000,0.020000,0.000000,0.008000,0.000000,0.000600,0.008000,0.000000,0.000600,0.006000,0.000000,0.000000,1,1,1,745,204,721,721,721,0,0,60.00,50256,2950,722,0,0,0,50257,500.00,0.00,12,591,0.0000,0.5000,0.5000,0.0000,0.5000
2026-04-27T19:15:34.148,12.420,1,1.50,-179.70,0.00,0.00,0,0.0000,0.0000,0.4000,0.0000,0.0000,0.0000,0.00,0.00,57.78,60.00,746,257,0.34450,0.34450,0.99196,0.34718,3,2,0,0.00000,0.00000,1.00000,0.0000,0.0000,0.0000,0.0000,0.0000,0.0000,0.00,0.00,0.00,1,1,0.0000,0.0000,0.4000,0.00,0.8200,0.3500,1.0000,6.00,180.00,5.000000,0.050000,0.000000,1.100000,0.000000,0.000000,1.200000,0.000000,0.000000,1.350000,0.000000,0.000000,0.850000,0.020000,0.000000,0.008000,0.000000,0.000600,0.008000,0.000000,0.000600,0.006000,0.000000,0.000000,1,1,1,746,204,721,721,721,0,0,60.00,50256,2950,722,0,0,0,50257,500.00,0.00,12,591,0.0000,0.5000,0.5000,0.0000,0.5000
2026-04-27T19:15:34.162,12.434,1,1.50,-179.70,0.00,0.00,0,0.0000,0.0000,0.4000,0.0000,0.0000,0.0000,0.00,0.00,60.00,71.34,747,257,0.34404,0.34404,0.99197,0.34672,3,2,0,0.00000,0.00000,1.00000,0.0000,0.0000,0.0000,0.0000,0.0000,0.0000,0.00,0.00,0.00,1,1,0.0000,0.0000,0.4000,0.00,0.8200,0.3500,1.0000,6.00,180.00,5.000000,0.050000,0.000000,1.100000,0.000000,0.000000,1.200000,0.000000,0.000000,1.350000,0.000000,0.000000,0.850000,0.020000,0.000000,0.008000,0.000000,0.000600,0.008000,0.000000,0.000600,0.006000,0.000000,0.000000,1,1,1,747,204,721,721,721,0,0,60.00,50256,2950,722,0,0,0,50257,500.00,0.00,12,591,0.0000,0.5000,0.5000,0.0000,0.5000
2026-04-27T19:15:34.181,12.453,1,1.50,-179.70,0.00,0.00,0,0.0000,0.0000,0.4000,0.0000,0.0000,0.0000,0.00,0.00,71.34,55.83,748,257,0.34358,0.34358,0.99198,0.34626,3,2,0,0.00000,0.00000,1.00000,0.0000,0.0000,0.0000,0.0000,0.0000,0.0000,0.00,0.00,0.00,1,1,0.0000,0.0000,0.4000,0.00,0.8200,0.3500,1.0000,6.00,180.00,5.000000,0.050000,0.000000,1.100000,0.000000,0.000000,1.200000,0.000000,0.000000,1.350000,0.000000,0.000000,0.850000,0.020000,0.000000,0.008000,0.000000,0.000600,0.008000,0.000000,0.000600,0.006000,0.000000,0.000000,1,1,1,748,204,721,721,721,0,0,60.00,50256,2950,722,0,0,0,50257,500.00,0.00,12,591,0.0000,0.5000,0.5000,0.0000,0.5000
2026-04-27T19:15:34.194,12.466,1,1.50,-179.70,0.00,0.00,0,0.0000,0.0000,0.4000,0.0000,0.0000,0.0000,0.00,0.00,48.80,70.13,749,257,0.34312,0.34312,0.99199,0.34579,3,2,0,0.00000,0.00000,1.00000,0.0000,0.0000,0.0000,0.0000,0.0000,0.0000,0.00,0.00,0.00,1,1,0.0000,0.0000,0.4000,0.00,0.8200,0.3500,1.0000,6.00,180.00,5.000000,0.050000,0.000000,1.100000,0.000000,0.000000,1.200000,0.000000,0.000000,1.350000,0.000000,0.000000,0.850000,0.020000,0.000000,0.008000,0.000000,0.000600,0.008000,0.000000,0.000600,0.006000,0.000000,0.000000,1,1,1,749,204,721,721,721,0,0,60.00,50256,2950,722,0,0,0,50257,500.00,0.00,12,591,0.0000,0.5000,0.5000,0.0000,0.5000
2026-04-27T19:15:34.215,12.487,1,1.50,-179.70,0.00,0.00,0,0.0000,0.0000,0.4000,0.0000,0.0000,0.0000,0.00,0.00,56.85,50.69,750,257,0.34267,0.34267,0.99200,0.34533,3,2,0,0.00000,0.00000,1.00000,0.0000,0.0000,0.0000,0.0000,0.0000,0.0000,0.00,0.00,0.00,1,1,0.0000,0.0000,0.4000,0.00,0.8200,0.3500,1.0000,6.00,180.00,5.000000,0.050000,0.000000,1.100000,0.000000,0.000000,1.200000,0.000000,0.000000,1.350000,0.000000,0.000000,0.850000,0.020000,0.000000,0.008000,0.000000,0.000600,0.008000,0.000000,0.000600,0.006000,0.000000,0.000000,1,1,1,750,204,721,721,721,0,0,60.00,50256,2950,722,0,0,0,50257,500.00,0.00,12,591,0.0000,0.5000,0.5000,0.0000,0.5000
2026-04-27T19:15:34.232,12.505,1,1.50,-179.70,0.00,0.00,0,0.0000,0.0000,0.4000,0.0000,0.0000,0.0000,0.00,0.00,63.20,60.61,751,257,0.34221,0.34221,0.99201,0.34487,3,2,0,0.00000,0.00000,1.00000,0.0000,0.0000,0.0000,0.0000,0.0000,0.0000,0.00,0.00,0.00,1,1,0.0000,0.0000,0.4000,0.00,0.8200,0.3500,1.0000,6.00,180.00,5.000000,0.050000,0.000000,1.100000,0.000000,0.000000,1.200000,0.000000,0.000000,1.350000,0.000000,0.000000,0.850000,0.020000,0.000000,0.008000,0.000000,0.000600,0.008000,0.000000,0.000600,0.006000,0.000000,0.000000,1,1,1,751,204,721,721,721,0,0,60.00,50256,2950,722,0,0,0,50257,500.00,0.00,12,591,0.0000,0.5000,0.5000,0.0000,0.5000
2026-04-27T19:15:34.248,12.520,1,1.50,-179.70,0.00,0.00,0,0.0000,0.0000,0.4000,0.0000,0.0000,0.0000,0.00,0.00,55.73,59.23,752,257,0.34176,0.34176,0.99202,0.34441,3,2,0,0.00000,0.00000,1.00000,0.0000,0.0000,0.0000,0.0000,0.0000,0.0000,0.00,0.00,0.00,1,1,0.0000,0.0000,0.4000,0.00,0.8200,0.3500,1.0000,6.00,180.00,5.000000,0.050000,0.000000,1.100000,0.000000,0.000000,1.200000,0.000000,0.000000,1.350000,0.000000,0.000000,0.850000,0.020000,0.000000,0.008000,0.000000,0.000600,0.008000,0.000000,0.000600,0.006000,0.000000,0.000000,1,1,1,752,204,721,721,721,0,0,60.00,50256,2950,722,0,0,0,50257,500.00,0.00,12,591,0.0000,0.5000,0.5000,0.0000,0.5000
2026-04-27T19:15:34.265,12.537,1,1.50,-179.70,0.00,0.00,0,0.0000,0.0000,0.4000,0.0000,0.0000,0.0000,0.00,0.00,64.77,60.06,753,257,0.34130,0.34130,0.99203,0.34396,3,2,0,0.00000,0.00000,1.00000,0.0000,0.0000,0.0000,0.0000,0.0000,0.0000,0.00,0.00,0.00,1,1,0.0000,0.0000,0.4000,0.00,0.8200,0.3500,1.0000,6.00,180.00,5.000000,0.050000,0.000000,1.100000,0.000000,0.000000,1.200000,0.000000,0.000000,1.350000,0.000000,0.000000,0.850000,0.020000,0.000000,0.008000,0.000000,0.000600,0.008000,0.000000,0.000600,0.006000,0.000000,0.000000,1,1,1,753,204,721,721,721,0,0,60.00,50256,2950,722,0,0,0,50257,500.00,0.00,12,591,0.0000,0.5000,0.5000,0.0000,0.5000
2026-04-27T19:15:34.281,12.554,1,1.50,-179.70,0.00,0.00,0,0.0000,0.0000,0.4000,0.0000,0.0000,0.0000,0.00,0.00,60.06,60.41,754,257,0.34085,0.34085,0.99204,0.34350,3,2,0,0.00000,0.00000,1.00000,0.0000,0.0000,0.0000,0.0000,0.0000,0.0000,0.00,0.00,0.00,1,1,0.0000,0.0000,0.4000,0.00,0.8200,0.3500,1.0000,6.00,180.00,5.000000,0.050000,0.000000,1.100000,0.000000,0.000000,1.200000,0.000000,0.000000,1.350000,0.000000,0.000000,0.850000,0.020000,0.000000,0.008000,0.000000,0.000600,0.008000,0.000000,0.000600,0.006000,0.000000,0.000000,1,1,1,754,204,721,721,721,0,0,60.00,50256,2950,752,0,0,0,50287,500.00,0.00,12,2006,0.0000,0.5000,0.5000,0.0000,0.5000
2026-04-27T19:15:34.298,12.570,1,1.50,-179.70,0.00,0.00,0,0.0000,0.0000,0.4000,0.0000,0.0000,0.0000,0.00,0.00,59.86,59.78,755,257,0.34040,0.34040,0.99205,0.34305,3,2,0,0.00000,0.00000,1.00000,0.0000,0.0000,0.0000,0.0000,0.0000,0.0000,0.00,0.00,0.00,1,1,0.0000,0.0000,0.4000,0.00,0.8200,0.3500,1.0000,6.00,180.00,5.000000,0.050000,0.000000,1.100000,0.000000,0.000000,1.200000,0.000000,0.000000,1.350000,0.000000,0.000000,0.850000,0.020000,0.000000,0.008000,0.000000,0.000600,0.008000,0.000000,0.000600,0.006000,0.000000,0.000000,1,1,1,755,204,721,721,721,0,0,60.00,50256,2950,752,0,0,0,50287,500.00,0.00,12,2006,0.0000,0.5000,0.5000,0.0000,0.5000
2026-04-27T19:15:34.310,12.582,1,1.50,-179.70,0.00,0.00,0,0.0000,0.0000,0.4000,0.0000,0.0000,0.0000,0.00,0.00,60.24,79.10,756,257,0.33995,0.33995,0.99206,0.34259,3,2,0,0.00000,0.00000,1.00000,0.0000,0.0000,0.0000,0.0000,0.0000,0.0000,0.00,0.00,0.00,1,1,0.0000,0.0000,0.4000,0.00,0.8200,0.3500,1.0000,6.00,180.00,5.000000,0.050000,0.000000,1.100000,0.000000,0.000000,1.200000,0.000000,0.000000,1.350000,0.000000,0.000000,0.850000,0.020000,0.000000,0.008000,0.000000,0.000600,0.008000,0.000000,0.000600,0.006000,0.000000,0.000000,1,1,1,756,204,721,721,721,0,0,60.00,50256,2950,752,0,0,0,50287,500.00,0.00,12,2006,0.0000,0.5000,0.5000,0.0000,0.5000
2026-04-27T19:15:34.332,12.604,1,1.50,-179.70,0.00,0.00,0,0.0000,0.0000,0.4000,0.0000,0.0000,0.0000,0.00,0.00,94.23,48.10,757,257,0.33950,0.33950,0.99207,0.34214,3,2,0,0.00000,0.00000,1.00000,0.0000,0.0000,0.0000,0.0000,0.0000,0.0000,0.00,0.00,0.00,1,1,0.0000,0.0000,0.4000,0.00,0.8200,0.3500,1.0000,6.00,180.00,5.000000,0.050000,0.000000,1.100000,0.000000,0.000000,1.200000,0.000000,0.000000,1.350000,0.000000,0.000000,0.850000,0.020000,0.000000,0.008000,0.000000,0.000600,0.008000,0.000000,0.000600,0.006000,0.000000,0.000000,1,1,1,757,204,721,721,721,0,0,60.00,50256,2950,752,0,0,0,50287,500.00,0.00,12,2006,0.0000,0.5000,0.5000,0.0000,0.5000
2026-04-27T19:15:34.349,12.621,1,1.50,-179.70,0.00,0.00,0,0.0000,0.0000,0.4000,0.0000,0.0000,0.0000,0.00,0.00,43.87,53.94,758,257,0.33905,0.33905,0.99208,0.34169,3,2,0,0.00000,0.00000,1.00000,0.0000,0.0000,0.0000,0.0000,0.0000,0.0000,0.00,0.00,0.00,1,1,0.0000,0.0000,0.4000,0.00,0.8200,0.3500,1.0000,6.00,180.00,5.000000,0.050000,0.000000,1.100000,0.000000,0.000000,1.200000,0.000000,0.000000,1.350000,0.000000,0.000000,0.850000,0.020000,0.000000,0.008000,0.000000,0.000600,0.008000,0.000000,0.000600,0.006000,0.000000,0.000000,1,1,1,758,204,721,721,721,0,0,60.00,50256,2950,752,0,0,0,50287,500.00,0.00,12,2006,0.0000,0.5000,0.5000,0.0000,0.5000
2026-04-27T19:15:34.365,12.637,1,1.50,-179.70,0.00,0.00,0,0.0000,0.0000,0.4000,0.0000,0.0000,0.0000,0.00,0.00,52.70,67.62,759,257,0.33860,0.33860,0.99209,0.34124,3,2,0,0.00000,0.00000,1.00000,0.0000,0.0000,0.0000,0.0000,0.0000,0.0000,0.00,0.00,0.00,1,1,0.0000,0.0000,0.4000,0.00,0.8200,0.3500,1.0000,6.00,180.00,5.000000,0.050000,0.000000,1.100000,0.000000,0.000000,1.200000,0.000000,0.000000,1.350000,0.000000,0.000000,0.850000,0.020000,0.000000,0.008000,0.000000,0.000600,0.008000,0.000000,0.000600,0.006000,0.000000,0.000000,1,1,1,759,204,721,721,721,0,0,60.00,50256,2950,752,0,0,0,50287,500.00,0.00,12,2006,0.0000,0.5000,0.5000,0.0000,0.5000
2026-04-27T19:15:34.382,12.654,1,1.50,-179.70,0.00,0.00,0,0.0000,0.0000,0.4000,0.0000,0.0000,0.0000,0.00,0.00,66.36,59.54,760,257,0.33816,0.33816,0.99211,0.34079,3,2,0,0.00000,0.00000,1.00000,0.0000,0.0000,0.0000,0.0000,0.0000,0.0000,0.00,0.00,0.00,1,1,0.0000,0.0000,0.4000,0.00,0.8200,0.3500,1.0000,6.00,180.00,5.000000,0.050000,0.000000,1.100000,0.000000,0.000000,1.200000,0.000000,0.000000,1.350000,0.000000,0.000000,0.850000,0.020000,0.000000,0.008000,0.000000,0.000600,0.008000,0.000000,0.000600,0.006000,0.000000,0.000000,1,1,1,760,204,721,721,721,0,0,60.00,50256,2950,752,0,0,0,50287,500.00,0.00,12,2006,0.0000,0.5000,0.5000,0.0000,0.5000
2026-04-27T19:15:34.398,12.671,1,1.50,-179.70,0.00,0.00,0,0.0000,0.0000,0.4000,0.0000,0.0000,0.0000,0.00,0.00,60.40,60.68,761,257,0.33771,0.33771,0.99212,0.34034,3,2,0,0.00000,0.00000,1.00000,0.0000,0.0000,0.0000,0.0000,0.0000,0.0000,0.00,0.00,0.00,1,1,0.0000,0.0000,0.4000,0.00,0.8200,0.3500,1.0000,6.00,180.00,5.000000,0.050000,0.000000,1.100000,0.000000,0.000000,1.200000,0.000000,0.000000,1.350000,0.000000,0.000000,0.850000,0.020000,0.000000,0.008000,0.000000,0.000600,0.008000,0.000000,0.000600,0.006000,0.000000,0.000000,1,1,1,761,204,721,721,721,0,0,60.00,50256,2950,752,0,0,0,50287,500.00,0.00,12,2006,0.0000,0.5000,0.5000,0.0000,0.5000
2026-04-27T19:15:34.415,12.687,1,1.50,-179.70,0.00,0.00,0,0.0000,0.0000,0.4000,0.0000,0.0000,0.0000,0.00,0.00,60.28,58.92,762,257,0.33727,0.33727,0.99213,0.33990,3,2,0,0.00000,0.00000,1.00000,0.0000,0.0000,0.0000,0.0000,0.0000,0.0000,0.00,0.00,0.00,1,1,0.0000,0.0000,0.4000,0.00,0.8200,0.3500,1.0000,6.00,180.00,5.000000,0.050000,0.000000,1.100000,0.000000,0.000000,1.200000,0.000000,0.000000,1.350000,0.000000,0.000000,0.850000,0.020000,0.000000,0.008000,0.000000,0.000600,0.008000,0.000000,0.000600,0.006000,0.000000,0.000000,1,1,1,762,204,721,721,721,0,0,60.00,50256,2950,752,0,0,0,50287,500.00,0.00,12,2006,0.0000,0.5000,0.5000,0.0000,0.5000
2026-04-27T19:15:34.434,12.706,1,1.50,-179.70,0.00,0.00,0,0.0000,0.0000,0.4000,0.0000,0.0000,0.0000,0.00,0.00,60.68,60.33,763,257,0.33683,0.33683,0.99214,0.33945,3,2,0,0.00000,0.00000,1.00000,0.0000,0.0000,0.0000,0.0000,0.0000,0.0000,0.00,0.00,0.00,1,1,0.0000,0.0000,0.4000,0.00,0.8200,0.3500,1.0000,6.00,180.00,5.000000,0.050000,0.000000,1.100000,0.000000,0.000000,1.200000,0.000000,0.000000,1.350000,0.000000,0.000000,0.850000,0.020000,0.000000,0.008000,0.000000,0.000600,0.008000,0.000000,0.000600,0.006000,0.000000,0.000000,1,1,1,763,204,721,721,721,0,0,60.00,50256,2950,752,0,0,0,50287,500.00,0.00,12,2006,0.0000,0.5000,0.5000,0.0000,0.5000
2026-04-27T19:15:34.448,12.720,1,1.50,-179.70,0.00,0.00,0,0.0000,0.0000,0.4000,0.0000,0.0000,0.0000,0.00,0.00,54.81,61.28,764,257,0.33639,0.33639,0.99215,0.33901,3,2,0,0.00000,0.00000,1.00000,0.0000,0.0000,0.0000,0.0000,0.0000,0.0000,0.00,0.00,0.00,1,1,0.0000,0.0000,0.4000,0.00,0.8200,0.3500,1.0000,6.00,180.00,5.000000,0.050000,0.000000,1.100000,0.000000,0.000000,1.200000,0.000000,0.000000,1.350000,0.000000,0.000000,0.850000,0.020000,0.000000,0.008000,0.000000,0.000600,0.008000,0.000000,0.000600,0.006000,0.000000,0.000000,1,1,1,764,204,721,721,721,0,0,60.00,50256,2950,752,0,0,0,50287,500.00,0.00,12,2006,0.0000,0.5000,0.5000,0.0000,0.5000
2026-04-27T19:15:34.466,12.738,1,1.50,-179.70,0.00,0.00,0,0.0000,0.0000,0.4000,0.0000,0.0000,0.0000,0.00,0.00,68.35,56.77,765,257,0.33595,0.33595,0.99216,0.33856,3,2,0,0.00000,0.00000,1.00000,0.0000,0.0000,0.0000,0.0000,0.0000,0.0000,0.00,0.00,0.00,1,1,0.0000,0.0000,0.4000,0.00,0.8200,0.3500,1.0000,6.00,180.00,5.000000,0.050000,0.000000,1.100000,0.000000,0.000000,1.200000,0.000000,0.000000,1.350000,0.000000,0.000000,0.850000,0.020000,0.000000,0.008000,0.000000,0.000600,0.008000,0.000000,0.000600,0.006000,0.000000,0.000000,1,1,1,765,204,721,721,721,0,0,60.00,50256,2950,752,0,0,0,50287,500.00,0.00,12,2006,0.0000,0.5000,0.5000,0.0000,0.5000
2026-04-27T19:15:34.482,12.754,1,1.50,-179.70,0.00,0.00,0,0.0000,0.0000,0.4000,0.0000,0.0000,0.0000,0.00,0.00,56.80,63.41,766,257,0.33551,0.33551,0.99217,0.33812,3,2,0,0.00000,0.00000,1.00000,0.0000,0.0000,0.0000,0.0000,0.0000,0.0000,0.00,0.00,0.00,1,1,0.0000,0.0000,0.4000,0.00,0.8200,0.3500,1.0000,6.00,180.00,5.000000,0.050000,0.000000,1.100000,0.000000,0.000000,1.200000,0.000000,0.000000,1.350000,0.000000,0.000000,0.850000,0.020000,0.000000,0.008000,0.000000,0.000600,0.008000,0.000000,0.000600,0.006000,0.000000,0.000000,1,1,1,766,204,721,721,721,0,0,60.00,50256,2950,752,0,0,0,50287,500.00,0.00,12,2006,0.0000,0.5000,0.5000,0.0000,0.5000
2026-04-27T19:15:34.498,12.770,1,1.50,-179.70,0.00,0.00,0,0.0000,0.0000,0.4000,0.0000,0.0000,0.0000,0.00,0.00,62.58,59.94,767,257,0.33507,0.33507,0.99218,0.33768,3,2,0,0.00000,0.00000,1.00000,0.0000,0.0000,0.0000,0.0000,0.0000,0.0000,0.00,0.00,0.00,1,1,0.0000,0.0000,0.4000,0.00,0.8200,0.3500,1.0000,6.00,180.00,5.000000,0.050000,0.000000,1.100000,0.000000,0.000000,1.200000,0.000000,0.000000,1.350000,0.000000,0.000000,0.850000,0.020000,0.000000,0.008000,0.000000,0.000600,0.008000,0.000000,0.000600,0.006000,0.000000,0.000000,1,1,1,767,204,721,721,721,0,0,60.00,50256,2950,752,0,0,0,50287,500.00,0.00,12,2006,0.0000,0.5000,0.5000,0.0000,0.5000
2026-04-27T19:15:34.515,12.787,1,1.50,-179.70,0.00,0.00,0,0.0000,0.0000,0.4000,0.0000,0.0000,0.0000,0.00,0.00,61.20,60.08,768,257,0.33464,0.33464,0.99219,0.33724,3,2,0,0.00000,0.00000,1.00000,0.0000,0.0000,0.0000,0.0000,0.0000,0.0000,0.00,0.00,0.00,1,1,0.0000,0.0000,0.4000,0.00,0.8200,0.3500,1.0000,6.00,180.00,5.000000,0.050000,0.000000,1.100000,0.000000,0.000000,1.200000,0.000000,0.000000,1.350000,0.000000,0.000000,0.850000,0.020000,0.000000,0.008000,0.000000,0.000600,0.008000,0.000000,0.000600,0.006000,0.000000,0.000000,1,1,1,768,204,721,721,721,0,0,60.00,50256,2950,752,0,0,0,50287,500.00,0.00,12,2006,0.0000,0.5000,0.5000,0.0000,0.5000
2026-04-27T19:15:34.531,12.803,1,1.50,-179.70,0.00,0.00,0,0.0000,0.0000,0.4000,0.0000,0.0000,0.0000,0.00,0.00,59.83,58.29,769,257,0.33420,0.33420,0.99220,0.33680,3,2,0,0.00000,0.00000,1.00000,0.0000,0.0000,0.0000,0.0000,0.0000,0.0000,0.00,0.00,0.00,1,1,0.0000,0.0000,0.4000,0.00,0.8200,0.3500,1.0000,6.00,180.00,5.000000,0.050000,0.000000,1.100000,0.000000,0.000000,1.200000,0.000000,0.000000,1.350000,0.000000,0.000000,0.850000,0.020000,0.000000,0.008000,0.000000,0.000600,0.008000,0.000000,0.000600,0.006000,0.000000,0.000000,1,1,1,769,204,721,721,721,0,0,60.00,50256,2950,752,0,0,0,50287,500.00,0.00,12,2006,0.0000,0.5000,0.5000,0.0000,0.5000
2026-04-27T19:15:34.549,12.821,1,1.50,-179.70,0.00,0.00,0,0.0000,0.0000,0.4000,0.0000,0.0000,0.0000,0.00,0.00,60.41,61.80,770,257,0.33377,0.33377,0.99221,0.33636,3,2,0,0.00000,0.00000,1.00000,0.0000,0.0000,0.0000,0.0000,0.0000,0.0000,0.00,0.00,0.00,1,1,0.0000,0.0000,0.4000,0.00,0.8200,0.3500,1.0000,6.00,180.00,5.000000,0.050000,0.000000,1.100000,0.000000,0.000000,1.200000,0.000000,0.000000,1.350000,0.000000,0.000000,0.850000,0.020000,0.000000,0.008000,0.000000,0.000600,0.008000,0.000000,0.000600,0.006000,0.000000,0.000000,1,1,1,770,204,721,721,721,0,0,60.00,50256,2950,752,0,0,0,50287,500.00,0.00,12,2006,0.0000,0.5000,0.5000,0.0000,0.5000
2026-04-27T19:15:34.565,12.837,1,1.50,-179.70,0.00,0.00,0,0.0000,0.0000,0.4000,0.0000,0.0000,0.0000,0.00,0.00,57.31,61.02,771,257,0.33333,0.33333,0.99222,0.33593,3,2,0,0.00000,0.00000,1.00000,0.0000,0.0000,0.0000,0.0000,0.0000,0.0000,0.00,0.00,0.00,1,1,0.0000,0.0000,0.4000,0.00,0.8200,0.3500,1.0000,6.00,180.00,5.000000,0.050000,0.000000,1.100000,0.000000,0.000000,1.200000,0.000000,0.000000,1.350000,0.000000,0.000000,0.850000,0.020000,0.000000,0.008000,0.000000,0.000600,0.008000,0.000000,0.000600,0.006000,0.000000,0.000000,1,1,1,771,204,721,721,721,0,0,60.00,50256,2950,752,0,0,0,50287,500.00,0.00,12,2006,0.0000,0.5000,0.5000,0.0000,0.5000
2026-04-27T19:15:34.582,12.854,1,1.50,-179.70,0.00,0.00,0,0.0000,0.0000,0.4000,0.0000,0.0000,0.0000,0.00,0.00,65.71,58.10,772,257,0.33290,0.33290,0.99223,0.33549,3,2,0,0.00000,0.00000,1.00000,0.0000,0.0000,0.0000,0.0000,0.0000,0.0000,0.00,0.00,0.00,1,1,0.0000,0.0000,0.4000,0.00,0.8200,0.3500,1.0000,6.00,180.00,5.000000,0.050000,0.000000,1.100000,0.000000,0.000000,1.200000,0.000000,0.000000,1.350000,0.000000,0.000000,0.850000,0.020000,0.000000,0.008000,0.000000,0.000600,0.008000,0.000000,0.000600,0.006000,0.000000,0.000000,1,1,1,772,204,721,721,721,0,0,60.00,50256,2950,752,0,0,0,50287,500.00,0.00,12,2006,0.0000,0.5000,0.5000,0.0000,0.5000
2026-04-27T19:15:34.598,12.871,1,1.50,-179.70,0.00,0.00,0,0.0000,0.0000,0.4000,0.0000,0.0000,0.0000,0.00,0.00,59.83,59.88,773,257,0.33247,0.33247,0.99224,0.33506,3,2,0,0.00000,0.00000,1.00000,0.0000,0.0000,0.0000,0.0000,0.0000,0.0000,0.00,0.00,0.00,1,1,0.0000,0.0000,0.4000,0.00,0.8200,0.3500,1.0000,6.00,180.00,5.000000,0.050000,0.000000,1.100000,0.000000,0.000000,1.200000,0.000000,0.000000,1.350000,0.000000,0.000000,0.850000,0.020000,0.000000,0.008000,0.000000,0.000600,0.008000,0.000000,0.000600,0.006000,0.000000,0.000000,1,1,1,773,204,721,721,721,0,0,60.00,50256,2950,752,0,0,0,50287,500.00,0.00,12,2006,0.0000,0.5000,0.5000,0.0000,0.5000
2026-04-27T19:15:34.614,12.886,1,1.50,-179.70,0.00,0.00,0,0.0000,0.0000,0.4000,0.0000,0.0000,0.0000,0.00,0.00,56.20,59.41,774,257,0.33204,0.33204,0.99225,0.33463,3,2,0,0.00000,0.00000,1.00000,0.0000,0.0000,0.0000,0.0000,0.0000,0.0000,0.00,0.00,0.00,1,1,0.0000,0.0000,0.4000,0.00,0.8200,0.3500,1.0000,6.00,180.00,5.000000,0.050000,0.000000,1.100000,0.000000,0.000000,1.200000,0.000000,0.000000,1.350000,0.000000,0.000000,0.850000,0.020000,0.000000,0.008000,0.000000,0.000600,0.008000,0.000000,0.000600,0.006000,0.000000,0.000000,1,1,1,774,204,721,721,721,0,0,60.00,50256,2950,752,0,0,0,50287,500.00,0.00,12,2006,0.0000,0.5000,0.5000,0.0000,0.5000
2026-04-27T19:15:34.634,12.906,1,1.50,-179.70,0.00,0.00,0,0.0000,0.0000,0.4000,0.0000,0.0000,0.0000,0.00,0.00,61.95,59.42,775,257,0.33161,0.33161,0.99226,0.33419,3,2,0,0.00000,0.00000,1.00000,0.0000,0.0000,0.0000,0.0000,0.0000,0.0000,0.00,0.00,0.00,1,1,0.0000,0.0000,0.4000,0.00,0.8200,0.3500,1.0000,6.00,180.00,5.000000,0.050000,0.000000,1.100000,0.000000,0.000000,1.200000,0.000000,0.000000,1.350000,0.000000,0.000000,0.850000,0.020000,0.000000,0.008000,0.000000,0.000600,0.008000,0.000000,0.000600,0.006000,0.000000,0.000000,1,1,1,775,204,721,721,721,0,0,60.00,50256,2950,752,0,0,0,50287,500.00,0.00,12,2006,0.0000,0.5000,0.5000,0.0000,0.5000
2026-04-27T19:15:34.649,12.921,1,1.50,-179.70,0.00,0.00,0,0.0000,0.0000,0.4000,0.0000,0.0000,0.0000,0.00,0.00,55.73,62.37,776,257,0.33119,0.33119,0.99227,0.33376,3,2,0,0.00000,0.00000,1.00000,0.0000,0.0000,0.0000,0.0000,0.0000,0.0000,0.00,0.00,0.00,1,1,0.0000,0.0000,0.4000,0.00,0.8200,0.3500,1.0000,6.00,180.00,5.000000,0.050000,0.000000,1.100000,0.000000,0.000000,1.200000,0.000000,0.000000,1.350000,0.000000,0.000000,0.850000,0.020000,0.000000,0.008000,0.000000,0.000600,0.008000,0.000000,0.000600,0.006000,0.000000,0.000000,1,1,1,776,204,721,721,721,0,0,60.00,50256,2950,752,0,0,0,50287,500.00,0.00,12,2006,0.0000,0.5000,0.5000,0.0000,0.5000
2026-04-27T19:15:34.665,12.937,1,1.50,-179.70,0.00,0.00,0,0.0000,0.0000,0.4000,0.0000,0.0000,0.0000,0.00,0.00,62.48,59.95,777,257,0.33076,0.33076,0.99228,0.33333,3,2,0,0.00000,0.00000,1.00000,0.0000,0.0000,0.0000,0.0000,0.0000,0.0000,0.00,0.00,0.00,1,1,0.0000,0.0000,0.4000,0.00,0.8200,0.3500,1.0000,6.00,180.00,5.000000,0.050000,0.000000,1.100000,0.000000,0.000000,1.200000,0.000000,0.000000,1.350000,0.000000,0.000000,0.850000,0.020000,0.000000,0.008000,0.000000,0.000600,0.008000,0.000000,0.000600,0.006000,0.000000,0.000000,1,1,1,777,204,721,721,721,0,0,60.00,50256,2950,752,0,0,0,50287,500.00,0.00,12,2006,0.0000,0.5000,0.5000,0.0000,0.5000
2026-04-27T19:15:34.681,12.953,1,1.50,-179.70,0.00,0.00,0,0.0000,0.0000,0.4000,0.0000,0.0000,0.0000,0.00,0.00,61.22,58.16,778,257,0.33033,0.33033,0.99229,0.33290,3,2,0,0.00000,0.00000,1.00000,0.0000,0.0000,0.0000,0.0000,0.0000,0.0000,0.00,0.00,0.00,1,1,0.0000,0.0000,0.4000,0.00,0.8200,0.3500,1.0000,6.00,180.00,5.000000,0.050000,0.000000,1.100000,0.000000,0.000000,1.200000,0.000000,0.000000,1.350000,0.000000,0.000000,0.850000,0.020000,0.000000,0.008000,0.000000,0.000600,0.008000,0.000000,0.000600,0.006000,0.000000,0.000000,1,1,1,778,204,721,721,721,0,0,60.00,50256,2950,752,0,0,0,50287,500.00,0.00,12,2006,0.0000,0.5000,0.5000,0.0000,0.5000
2026-04-27T19:15:34.698,12.971,1,1.50,-179.70,0.00,0.00,0,0.0000,0.0000,0.4000,0.0000,0.0000,0.0000,0.00,0.00,60.86,61.86,779,257,0.32991,0.32991,0.99230,0.33248,3,2,0,0.00000,0.00000,1.00000,0.0000,0.0000,0.0000,0.0000,0.0000,0.0000,0.00,0.00,0.00,1,1,0.0000,0.0000,0.4000,0.00,0.8200,0.3500,1.0000,6.00,180.00,5.000000,0.050000,0.000000,1.100000,0.000000,0.000000,1.200000,0.000000,0.000000,1.350000,0.000000,0.000000,0.850000,0.020000,0.000000,0.008000,0.000000,0.000600,0.008000,0.000000,0.000600,0.006000,0.000000,0.000000,1,1,1,779,204,721,721,721,0,0,60.00,50256,2950,752,0,0,0,50287,500.00,0.00,12,2006,0.0000,0.5000,0.5000,0.0000,0.5000
2026-04-27T19:15:34.714,12.987,1,1.50,-179.70,0.00,0.00,0,0.0000,0.0000,0.4000,0.0000,0.0000,0.0000,0.00,0.00,62.67,58.13,780,257,0.32949,0.32949,0.99231,0.33205,3,2,0,0.00000,0.00000,1.00000,0.0000,0.0000,0.0000,0.0000,0.0000,0.0000,0.00,0.00,0.00,1,1,0.0000,0.0000,0.4000,0.00,0.8200,0.3500,1.0000,6.00,180.00,5.000000,0.050000,0.000000,1.100000,0.000000,0.000000,1.200000,0.000000,0.000000,1.350000,0.000000,0.000000,0.850000,0.020000,0.000000,0.008000,0.000000,0.000600,0.008000,0.000000,0.000600,0.006000,0.000000,0.000000,1,1,1,780,204,721,721,721,0,0,60.00,50256,2950,752,0,0,0,50287,500.00,0.00,12,2006,0.0000,0.5000,0.5000,0.0000,0.5000
2026-04-27T19:15:34.731,13.003,1,1.50,-179.70,0.00,0.00,0,0.0000,0.0000,0.4000,0.0000,0.0000,0.0000,0.00,0.00,57.78,59.94,781,257,0.32907,0.32907,0.99232,0.33163,3,2,0,0.00000,0.00000,1.00000,0.0000,0.0000,0.0000,0.0000,0.0000,0.0000,0.00,0.00,0.00,1,1,0.0000,0.0000,0.4000,0.00,0.8200,0.3500,1.0000,6.00,180.00,5.000000,0.050000,0.000000,1.100000,0.000000,0.000000,1.200000,0.000000,0.000000,1.350000,0.000000,0.000000,0.850000,0.020000,0.000000,0.008000,0.000000,0.000600,0.008000,0.000000,0.000600,0.006000,0.000000,0.000000,1,1,1,781,204,721,721,721,0,0,60.00,50256,2950,752,0,0,0,50287,500.00,0.00,12,2006,0.0000,0.5000,0.5000,0.0000,0.5000
2026-04-27T19:15:34.749,13.021,1,1.50,-179.70,0.00,0.00,0,0.0000,0.0000,0.4000,0.0000,0.0000,0.0000,0.00,0.00,59.67,61.08,782,257,0.32864,0.32864,0.99233,0.33120,3,2,0,0.00000,0.00000,1.00000,0.0000,0.0000,0.0000,0.0000,0.0000,0.0000,0.00,0.00,0.00,1,1,0.0000,0.0000,0.4000,0.00,0.8200,0.3500,1.0000,6.00,180.00,5.000000,0.050000,0.000000,1.100000,0.000000,0.000000,1.200000,0.000000,0.000000,1.350000,0.000000,0.000000,0.850000,0.020000,0.000000,0.008000,0.000000,0.000600,0.008000,0.000000,0.000600,0.006000,0.000000,0.000000,1,1,1,782,204,781,781,781,0,0,60.00,50316,6952,752,0,0,0,50287,500.00,0.00,12,2006,0.0000,0.5000,0.5000,0.0000,0.5000
2026-04-27T19:15:34.765,13.037,1,1.50,-179.70,0.00,0.00,0,0.0000,0.0000,0.4000,0.0000,0.0000,0.0000,0.00,0.00,58.53,60.97,783,257,0.32822,0.32822,0.99234,0.33078,3,2,0,0.00000,0.00000,1.00000,0.0000,0.0000,0.0000,0.0000,0.0000,0.0000,0.00,0.00,0.00,1,1,0.0000,0.0000,0.4000,0.00,0.8200,0.3500,1.0000,6.00,180.00,5.000000,0.050000,0.000000,1.100000,0.000000,0.000000,1.200000,0.000000,0.000000,1.350000,0.000000,0.000000,0.850000,0.020000,0.000000,0.008000,0.000000,0.000600,0.008000,0.000000,0.000600,0.006000,0.000000,0.000000,1,1,1,783,204,781,781,781,0,0,60.00,50316,6952,752,0,0,0,50287,500.00,0.00,12,2006,0.0000,0.5000,0.5000,0.0000,0.5000
2026-04-27T19:15:34.776,13.048,1,1.50,-179.70,0.00,0.00,0,0.0000,0.0000,0.4000,0.0000,0.0000,0.0000,0.00,0.00,59.64,84.97,784,257,0.32781,0.32781,0.99235,0.33036,3,2,0,0.00000,0.00000,1.00000,0.0000,0.0000,0.0000,0.0000,0.0000,0.0000,0.00,0.00,0.00,1,1,0.0000,0.0000,0.4000,0.00,0.8200,0.3500,1.0000,6.00,180.00,5.000000,0.050000,0.000000,1.100000,0.000000,0.000000,1.200000,0.000000,0.000000,1.350000,0.000000,0.000000,0.850000,0.020000,0.000000,0.008000,0.000000,0.000600,0.008000,0.000000,0.000600,0.006000,0.000000,0.000000,1,1,1,784,204,781,781,781,0,0,60.00,50316,6952,782,0,0,0,50317,500.00,0.00,13,994,0.0000,0.5000,0.5000,0.0000,0.5000
2026-04-27T19:15:34.798,13.071,1,1.50,-179.70,0.00,0.00,0,0.0000,0.0000,0.4000,0.0000,0.0000,0.0000,0.00,0.00,63.27,46.40,785,257,0.32739,0.32739,0.99236,0.32994,3,2,0,0.00000,0.00000,1.00000,0.0000,0.0000,0.0000,0.0000,0.0000,0.0000,0.00,0.00,0.00,1,1,0.0000,0.0000,0.4000,0.00,0.8200,0.3500,1.0000,6.00,180.00,5.000000,0.050000,0.000000,1.100000,0.000000,0.000000,1.200000,0.000000,0.000000,1.350000,0.000000,0.000000,0.850000,0.020000,0.000000,0.008000,0.000000,0.000600,0.008000,0.000000,0.000600,0.006000,0.000000,0.000000,1,1,1,785,204,781,781,781,0,0,60.00,50316,6952,782,0,0,0,50317,500.00,0.00,13,994,0.0000,0.5000,0.5000,0.0000,0.5000
2026-04-27T19:15:34.815,13.088,1,1.50,-179.70,0.00,0.00,0,0.0000,0.0000,0.4000,0.0000,0.0000,0.0000,0.00,0.00,61.37,58.59,786,257,0.32697,0.32697,0.99237,0.32952,3,2,0,0.00000,0.00000,1.00000,0.0000,0.0000,0.0000,0.0000,0.0000,0.0000,0.00,0.00,0.00,1,1,0.0000,0.0000,0.4000,0.00,0.8200,0.3500,1.0000,6.00,180.00,5.000000,0.050000,0.000000,1.100000,0.000000,0.000000,1.200000,0.000000,0.000000,1.350000,0.000000,0.000000,0.850000,0.020000,0.000000,0.008000,0.000000,0.000600,0.008000,0.000000,0.000600,0.006000,0.000000,0.000000,1,1,1,786,204,781,781,781,0,0,60.00,50316,6952,782,0,0,0,50317,500.00,0.00,13,994,0.0000,0.5000,0.5000,0.0000,0.5000
2026-04-27T19:15:34.832,13.104,1,1.50,-179.70,0.00,0.00,0,0.0000,0.0000,0.4000,0.0000,0.0000,0.0000,0.00,0.00,56.32,61.48,787,257,0.32656,0.32656,0.99238,0.32910,3,2,0,0.00000,0.00000,1.00000,0.0000,0.0000,0.0000,0.0000,0.0000,0.0000,0.00,0.00,0.00,1,1,0.0000,0.0000,0.4000,0.00,0.8200,0.3500,1.0000,6.00,180.00,5.000000,0.050000,0.000000,1.100000,0.000000,0.000000,1.200000,0.000000,0.000000,1.350000,0.000000,0.000000,0.850000,0.020000,0.000000,0.008000,0.000000,0.000600,0.008000,0.000000,0.000600,0.006000,0.000000,0.000000,1,1,1,787,204,781,781,781,0,0,60.00,50316,6952,782,0,0,0,50317,500.00,0.00,13,994,0.0000,0.5000,0.5000,0.0000,0.5000
2026-04-27T19:15:34.849,13.121,1,1.50,-179.70,0.00,0.00,0,0.0000,0.0000,0.4000,0.0000,0.0000,0.0000,0.00,0.00,60.73,58.24,788,257,0.32614,0.32614,0.99239,0.32868,3,2,0,0.00000,0.00000,1.00000,0.0000,0.0000,0.0000,0.0000,0.0000,0.0000,0.00,0.00,0.00,1,1,0.0000,0.0000,0.4000,0.00,0.8200,0.3500,1.0000,6.00,180.00,5.000000,0.050000,0.000000,1.100000,0.000000,0.000000,1.200000,0.000000,0.000000,1.350000,0.000000,0.000000,0.850000,0.020000,0.000000,0.008000,0.000000,0.000600,0.008000,0.000000,0.000600,0.006000,0.000000,0.000000,1,1,1,788,204,781,781,781,0,0,60.00,50316,6952,782,0,0,0,50317,500.00,0.00,13,994,0.0000,0.5000,0.5000,0.0000,0.5000
2026-04-27T19:15:34.865,13.137,1,1.50,-179.70,0.00,0.00,0,0.0000,0.0000,0.4000,0.0000,0.0000,0.0000,0.00,0.00,55.97,62.06,789,257,0.32573,0.32573,0.99240,0.32826,3,2,0,0.00000,0.00000,1.00000,0.0000,0.0000,0.0000,0.0000,0.0000,0.0000,0.00,0.00,0.00,1,1,0.0000,0.0000,0.4000,0.00,0.8200,0.3500,1.0000,6.00,180.00,5.000000,0.050000,0.000000,1.100000,0.000000,0.000000,1.200000,0.000000,0.000000,1.350000,0.000000,0.000000,0.850000,0.020000,0.000000,0.008000,0.000000,0.000600,0.008000,0.000000,0.000600,0.006000,0.000000,0.000000,1,1,1,789,204,781,781,781,0,0,60.00,50316,6952,782,0,0,0,50317,500.00,0.00,13,994,0.0000,0.5000,0.5000,0.0000,0.5000
2026-04-27T19:15:34.881,13.153,1,1.50,-179.70,0.00,0.00,0,0.0000,0.0000,0.4000,0.0000,0.0000,0.0000,0.00,0.00,65.28,59.68,790,257,0.32532,0.32532,0.99241,0.32785,3,2,0,0.00000,0.00000,1.00000,0.0000,0.0000,0.0000,0.0000,0.0000,0.0000,0.00,0.00,0.00,1,1,0.0000,0.0000,0.4000,0.00,0.8200,0.3500,1.0000,6.00,180.00,5.000000,0.050000,0.000000,1.100000,0.000000,0.000000,1.200000,0.000000,0.000000,1.350000,0.000000,0.000000,0.850000,0.020000,0.000000,0.008000,0.000000,0.000600,0.008000,0.000000,0.000600,0.006000,0.000000,0.000000,1,1,1,790,204,781,781,781,0,0,60.00,50316,6952,782,0,0,0,50317,500.00,0.00,13,994,0.0000,0.5000,0.5000,0.0000,0.5000
2026-04-27T19:15:34.896,13.168,1,1.50,-179.70,0.00,0.00,0,0.0000,0.0000,0.4000,0.0000,0.0000,0.0000,0.00,0.00,60.65,64.31,791,257,0.32491,0.32491,0.99241,0.32743,3,2,0,0.00000,0.00000,1.00000,0.0000,0.0000,0.0000,0.0000,0.0000,0.0000,0.00,0.00,0.00,1,1,0.0000,0.0000,0.4000,0.00,0.8200,0.3500,1.0000,6.00,180.00,5.000000,0.050000,0.000000,1.100000,0.000000,0.000000,1.200000,0.000000,0.000000,1.350000,0.000000,0.000000,0.850000,0.020000,0.000000,0.008000,0.000000,0.000600,0.008000,0.000000,0.000600,0.006000,0.000000,0.000000,1,1,1,791,204,781,781,781,0,0,60.00,50316,6952,782,0,0,0,50317,500.00,0.00,13,994,0.0000,0.5000,0.5000,0.0000,0.5000
2026-04-27T19:15:34.914,13.187,1,1.50,-179.70,0.00,0.00,0,0.0000,0.0000,0.4000,0.0000,0.0000,0.0000,0.00,0.00,57.61,54.83,792,257,0.32449,0.32449,0.99242,0.32702,3,2,0,0.00000,0.00000,1.00000,0.0000,0.0000,0.0000,0.0000,0.0000,0.0000,0.00,0.00,0.00,1,1,0.0000,0.0000,0.4000,0.00,0.8200,0.3500,1.0000,6.00,180.00,5.000000,0.050000,0.000000,1.100000,0.000000,0.000000,1.200000,0.000000,0.000000,1.350000,0.000000,0.000000,0.850000,0.020000,0.000000,0.008000,0.000000,0.000600,0.008000,0.000000,0.000600,0.006000,0.000000,0.000000,1,1,1,792,204,781,781,781,0,0,60.00,50316,6952,782,0,0,0,50317,500.00,0.00,13,994,0.0000,0.5000,0.5000,0.0000,0.5000
2026-04-27T19:15:34.932,13.204,1,1.50,-179.70,0.00,0.00,0,0.0000,0.0000,0.4000,0.0000,0.0000,0.0000,0.00,0.00,62.47,61.41,793,257,0.32409,0.32409,0.99243,0.32661,3,2,0,0.00000,0.00000,1.00000,0.0000,0.0000,0.0000,0.0000,0.0000,0.0000,0.00,0.00,0.00,1,1,0.0000,0.0000,0.4000,0.00,0.8200,0.3500,1.0000,6.00,180.00,5.000000,0.050000,0.000000,1.100000,0.000000,0.000000,1.200000,0.000000,0.000000,1.350000,0.000000,0.000000,0.850000,0.020000,0.000000,0.008000,0.000000,0.000600,0.008000,0.000000,0.000600,0.006000,0.000000,0.000000,1,1,1,793,204,781,781,781,0,0,60.00,50316,6952,782,0,0,0,50317,500.00,0.00,13,994,0.0000,0.5000,0.5000,0.0000,0.5000
2026-04-27T19:15:34.943,13.215,1,1.50,-179.70,0.00,0.00,0,0.0000,0.0000,0.4000,0.0000,0.0000,0.0000,0.00,0.00,58.92,79.96,794,257,0.32368,0.32368,0.99244,0.32620,3,2,0,0.00000,0.00000,1.00000,0.0000,0.0000,0.0000,0.0000,0.0000,0.0000,0.00,0.00,0.00,1,1,0.0000,0.0000,0.4000,0.00,0.8200,0.3500,1.0000,6.00,180.00,5.000000,0.050000,0.000000,1.100000,0.000000,0.000000,1.200000,0.000000,0.000000,1.350000,0.000000,0.000000,0.850000,0.020000,0.000000,0.008000,0.000000,0.000600,0.008000,0.000000,0.000600,0.006000,0.000000,0.000000,1,1,1,794,204,781,781,781,0,0,60.00,50316,6952,782,0,0,0,50317,500.00,0.00,13,994,0.0000,0.5000,0.5000,0.0000,0.5000
2026-04-27T19:15:34.958,13.230,1,1.50,-179.70,0.00,0.00,0,0.0000,0.0000,0.4000,0.0000,0.0000,0.0000,0.00,0.00,59.79,68.04,795,257,0.32327,0.32327,0.99245,0.32579,3,2,0,0.00000,0.00000,1.00000,0.0000,0.0000,0.0000,0.0000,0.0000,0.0000,0.00,0.00,0.00,1,1,0.0000,0.0000,0.4000,0.00,0.8200,0.3500,1.0000,6.00,180.00,5.000000,0.050000,0.000000,1.100000,0.000000,0.000000,1.200000,0.000000,0.000000,1.350000,0.000000,0.000000,0.850000,0.020000,0.000000,0.008000,0.000000,0.000600,0.008000,0.000000,0.000600,0.006000,0.000000,0.000000,1,1,1,795,204,781,781,781,0,0,60.00,50316,6952,782,0,0,0,50317,500.00,0.00,13,994,0.0000,0.5000,0.5000,0.0000,0.5000
2026-04-27T19:15:34.974,13.246,1,1.50,-179.70,0.00,0.00,0,0.0000,0.0000,0.4000,0.0000,0.0000,0.0000,0.00,0.00,118.03,61.68,796,257,0.32286,0.32286,0.99246,0.32538,3,2,0,0.00000,0.00000,1.00000,0.0000,0.0000,0.0000,0.0000,0.0000,0.0000,0.00,0.00,0.00,1,1,0.0000,0.0000,0.4000,0.00,0.8200,0.3500,1.0000,6.00,180.00,5.000000,0.050000,0.000000,1.100000,0.000000,0.000000,1.200000,0.000000,0.000000,1.350000,0.000000,0.000000,0.850000,0.020000,0.000000,0.008000,0.000000,0.000600,0.008000,0.000000,0.000600,0.006000,0.000000,0.000000,1,1,1,796,204,781,781,781,0,0,60.00,50316,6952,782,0,0,0,50317,500.00,0.00,13,994,0.0000,0.5000,0.5000,0.0000,0.5000
2026-04-27T19:15:34.989,13.261,1,1.50,-179.70,0.00,0.00,0,0.0000,0.0000,0.4000,0.0000,0.0000,0.0000,0.00,0.00,40.85,66.73,797,257,0.32246,0.32246,0.99247,0.32497,3,2,0,0.00000,0.00000,1.00000,0.0000,0.0000,0.0000,0.0000,0.0000,0.0000,0.00,0.00,0.00,1,1,0.0000,0.0000,0.4000,0.00,0.8200,0.3500,1.0000,6.00,180.00,5.000000,0.050000,0.000000,1.100000,0.000000,0.000000,1.200000,0.000000,0.000000,1.350000,0.000000,0.000000,0.850000,0.020000,0.000000,0.008000,0.000000,0.000600,0.008000,0.000000,0.000600,0.006000,0.000000,0.000000,1,1,1,797,204,781,781,781,0,0,60.00,50316,6952,782,0,0,0,50317,500.00,0.00,13,994,0.0000,0.5000,0.5000,0.0000,0.5000
2026-04-27T19:15:35.008,13.280,1,1.50,-179.70,0.00,0.00,0,0.0000,0.0000,0.4000,0.0000,0.0000,0.0000,0.00,0.00,148.76,53.04,798,257,0.32206,0.32206,0.99248,0.32456,3,2,0,0.00000,0.00000,1.00000,0.0000,0.0000,0.0000,0.0000,0.0000,0.0000,0.00,0.00,0.00,1,1,0.0000,0.0000,0.4000,0.00,0.8200,0.3500,1.0000,6.00,180.00,5.000000,0.050000,0.000000,1.100000,0.000000,0.000000,1.200000,0.000000,0.000000,1.350000,0.000000,0.000000,0.850000,0.020000,0.000000,0.008000,0.000000,0.000600,0.008000,0.000000,0.000600,0.006000,0.000000,0.000000,1,1,1,798,204,781,781,781,0,0,60.00,50316,6952,782,0,0,0,50317,500.00,0.00,13,994,0.0000,0.5000,0.5000,0.0000,0.5000
2026-04-27T19:15:35.031,13.303,1,1.50,-179.70,0.00,0.00,0,0.0000,0.0000,0.4000,0.0000,0.0000,0.0000,0.00,0.00,53.04,43.30,799,257,0.32165,0.32165,0.99249,0.32416,3,2,0,0.00000,0.00000,1.00000,0.0000,0.0000,0.0000,0.0000,0.0000,0.0000,0.00,0.00,0.00,1,1,0.0000,0.0000,0.4000,0.00,0.8200,0.3500,1.0000,6.00,180.00,5.000000,0.050000,0.000000,1.100000,0.000000,0.000000,1.200000,0.000000,0.000000,1.350000,0.000000,0.000000,0.850000,0.020000,0.000000,0.008000,0.000000,0.000600,0.008000,0.000000,0.000600,0.006000,0.000000,0.000000,1,1,1,799,204,781,781,781,0,0,60.00,50316,6952,782,0,0,0,50317,500.00,0.00,13,994,0.0000,0.5000,0.5000,0.0000,0.5000
2026-04-27T19:15:35.047,13.319,1,1.50,-179.70,0.00,0.00,0,0.0000,0.0000,0.4000,0.0000,0.0000,0.0000,0.00,0.00,43.30,61.68,800,257,0.32125,0.32125,0.99250,0.32375,3,2,0,0.00000,0.00000,1.00000,0.0000,0.0000,0.0000,0.0000,0.0000,0.0000,0.00,0.00,0.00,1,1,0.0000,0.0000,0.4000,0.00,0.8200,0.3500,1.0000,6.00,180.00,5.000000,0.050000,0.000000,1.100000,0.000000,0.000000,1.200000,0.000000,0.000000,1.350000,0.000000,0.000000,0.850000,0.020000,0.000000,0.008000,0.000000,0.000600,0.008000,0.000000,0.000600,0.006000,0.000000,0.000000,1,1,1,800,204,781,781,781,0,0,60.00,50316,6952,782,0,0,0,50317,500.00,0.00,13,994,0.0000,0.5000,0.5000,0.0000,0.5000
2026-04-27T19:15:35.058,13.330,1,1.50,-179.70,0.00,0.00,0,0.0000,0.0000,0.4000,0.0000,0.0000,0.0000,0.00,0.00,55.44,94.07,801,257,0.32085,0.32085,0.99251,0.32335,3,2,0,0.00000,0.00000,1.00000,0.0000,0.0000,0.0000,0.0000,0.0000,0.0000,0.00,0.00,0.00,1,1,0.0000,0.0000,0.4000,0.00,0.8200,0.3500,1.0000,6.00,180.00,5.000000,0.050000,0.000000,1.100000,0.000000,0.000000,1.200000,0.000000,0.000000,1.350000,0.000000,0.000000,0.850000,0.020000,0.000000,0.008000,0.000000,0.000600,0.008000,0.000000,0.000600,0.006000,0.000000,0.000000,1,1,1,801,204,781,781,781,0,0,60.00,50316,6952,782,0,0,0,50317,500.00,0.00,13,994,0.0000,0.5000,0.5000,0.0000,0.5000
2026-04-27T19:15:35.079,13.351,1,1.50,-179.70,0.00,0.00,0,0.0000,0.0000,0.4000,0.0000,0.0000,0.0000,0.00,0.00,113.57,48.35,802,257,0.32045,0.32045,0.99252,0.32294,3,2,0,0.00000,0.00000,1.00000,0.0000,0.0000,0.0000,0.0000,0.0000,0.0000,0.00,0.00,0.00,1,1,0.0000,0.0000,0.4000,0.00,0.8200,0.3500,1.0000,6.00,180.00,5.000000,0.050000,0.000000,1.100000,0.000000,0.000000,1.200000,0.000000,0.000000,1.350000,0.000000,0.000000,0.850000,0.020000,0.000000,0.008000,0.000000,0.000600,0.008000,0.000000,0.000600,0.006000,0.000000,0.000000,1,1,1,802,204,781,781,781,0,0,60.00,50316,6952,782,0,0,0,50317,500.00,0.00,13,994,0.0000,0.5000,0.5000,0.0000,0.5000
2026-04-27T19:15:35.084,13.356,1,1.50,-179.70,0.00,0.00,0,0.0000,0.0000,0.4000,0.0000,0.0000,0.0000,0.00,0.00,48.35,178.34,803,257,0.32005,0.32005,0.99253,0.32254,3,2,0,0.00000,0.00000,1.00000,0.0000,0.0000,0.0000,0.0000,0.0000,0.0000,0.00,0.00,0.00,1,1,0.0000,0.0000,0.4000,0.00,0.8200,0.3500,1.0000,6.00,180.00,5.000000,0.050000,0.000000,1.100000,0.000000,0.000000,1.200000,0.000000,0.000000,1.350000,0.000000,0.000000,0.850000,0.020000,0.000000,0.008000,0.000000,0.000600,0.008000,0.000000,0.000600,0.006000,0.000000,0.000000,1,1,1,803,204,781,781,781,0,0,60.00,50316,6952,782,0,0,0,50317,500.00,0.00,13,994,0.0000,0.5000,0.5000,0.0000,0.5000
2026-04-27T19:15:35.108,13.380,1,1.50,-179.70,0.00,0.00,0,0.0000,0.0000,0.4000,0.0000,0.0000,0.0000,0.00,0.00,178.34,42.09,804,257,0.31965,0.31965,0.99254,0.32214,3,2,0,0.00000,0.00000,1.00000,0.0000,0.0000,0.0000,0.0000,0.0000,0.0000,0.00,0.00,0.00,1,1,0.0000,0.0000,0.4000,0.00,0.8200,0.3500,1.0000,6.00,180.00,5.000000,0.050000,0.000000,1.100000,0.000000,0.000000,1.200000,0.000000,0.000000,1.350000,0.000000,0.000000,0.850000,0.020000,0.000000,0.008000,0.000000,0.000600,0.008000,0.000000,0.000600,0.006000,0.000000,0.000000,1,1,1,804,204,781,781,781,0,0,60.00,50316,6952,782,0,0,0,50317,500.00,0.00,13,994,0.0000,0.5000,0.5000,0.0000,0.5000
2026-04-27T19:15:35.132,13.404,1,1.50,-179.70,0.00,0.00,0,0.0000,0.0000,0.4000,0.0000,0.0000,0.0000,0.00,0.00,31.67,44.66,805,257,0.31925,0.31925,0.99255,0.32174,3,2,0,0.00000,0.00000,1.00000,0.0000,0.0000,0.0000,0.0000,0.0000,0.0000,0.00,0.00,0.00,1,1,0.0000,0.0000,0.4000,0.00,0.8200,0.3500,1.0000,6.00,180.00,5.000000,0.050000,0.000000,1.100000,0.000000,0.000000,1.200000,0.000000,0.000000,1.350000,0.000000,0.000000,0.850000,0.020000,0.000000,0.008000,0.000000,0.000600,0.008000,0.000000,0.000600,0.006000,0.000000,0.000000,1,1,1,805,204,781,781,781,0,0,60.00,50316,6952,782,0,0,0,50317,500.00,0.00,13,994,0.0000,0.5000,0.5000,0.0000,0.5000
2026-04-27T19:15:35.148,13.420,1,1.50,-179.70,0.00,0.00,0,0.0000,0.0000,0.4000,0.0000,0.0000,0.0000,0.00,0.00,62.21,57.69,806,257,0.31886,0.31886,0.99256,0.32134,3,2,0,0.00000,0.00000,1.00000,0.0000,0.0000,0.0000,0.0000,0.0000,0.0000,0.00,0.00,0.00,1,1,0.0000,0.0000,0.4000,0.00,0.8200,0.3500,1.0000,6.00,180.00,5.000000,0.050000,0.000000,1.100000,0.000000,0.000000,1.200000,0.000000,0.000000,1.350000,0.000000,0.000000,0.850000,0.020000,0.000000,0.008000,0.000000,0.000600,0.008000,0.000000,0.000600,0.006000,0.000000,0.000000,1,1,1,806,204,781,781,781,0,0,60.00,50316,6952,782,0,0,0,50317,500.00,0.00,13,994,0.0000,0.5000,0.5000,0.0000,0.5000
2026-04-27T19:15:35.164,13.436,1,1.50,-179.70,0.00,0.00,0,0.0000,0.0000,0.4000,0.0000,0.0000,0.0000,0.00,0.00,63.17,62.63,807,257,0.31846,0.31846,0.99257,0.32094,3,2,0,0.00000,0.00000,1.00000,0.0000,0.0000,0.0000,0.0000,0.0000,0.0000,0.00,0.00,0.00,1,1,0.0000,0.0000,0.4000,0.00,0.8200,0.3500,1.0000,6.00,180.00,5.000000,0.050000,0.000000,1.100000,0.000000,0.000000,1.200000,0.000000,0.000000,1.350000,0.000000,0.000000,0.850000,0.020000,0.000000,0.008000,0.000000,0.000600,0.008000,0.000000,0.000600,0.006000,0.000000,0.000000,1,1,1,807,204,781,781,781,0,0,60.00,50316,6952,782,0,0,0,50317,500.00,0.00,13,994,0.0000,0.5000,0.5000,0.0000,0.5000
2026-04-27T19:15:35.180,13.453,1,1.50,-179.70,0.00,0.00,0,0.0000,0.0000,0.4000,0.0000,0.0000,0.0000,0.00,0.00,62.63,59.17,808,257,0.31807,0.31807,0.99257,0.32054,3,2,0,0.00000,0.00000,1.00000,0.0000,0.0000,0.0000,0.0000,0.0000,0.0000,0.00,0.00,0.00,1,1,0.0000,0.0000,0.4000,0.00,0.8200,0.3500,1.0000,6.00,180.00,5.000000,0.050000,0.000000,1.100000,0.000000,0.000000,1.200000,0.000000,0.000000,1.350000,0.000000,0.000000,0.850000,0.020000,0.000000,0.008000,0.000000,0.000600,0.008000,0.000000,0.000600,0.006000,0.000000,0.000000,1,1,1,808,204,781,781,781,0,0,60.00,50316,6952,782,0,0,0,50317,500.00,0.00,13,994,0.0000,0.5000,0.5000,0.0000,0.5000
2026-04-27T19:15:35.197,13.469,1,1.50,-179.70,0.00,0.00,0,0.0000,0.0000,0.4000,0.0000,0.0000,0.0000,0.00,0.00,54.78,59.50,809,257,0.31768,0.31768,0.99258,0.32015,3,2,0,0.00000,0.00000,1.00000,0.0000,0.0000,0.0000,0.0000,0.0000,0.0000,0.00,0.00,0.00,1,1,0.0000,0.0000,0.4000,0.00,0.8200,0.3500,1.0000,6.00,180.00,5.000000,0.050000,0.000000,1.100000,0.000000,0.000000,1.200000,0.000000,0.000000,1.350000,0.000000,0.000000,0.850000,0.020000,0.000000,0.008000,0.000000,0.000600,0.008000,0.000000,0.000600,0.006000,0.000000,0.000000,1,1,1,809,204,781,781,781,0,0,60.00,50316,6952,782,0,0,0,50317,500.00,0.00,13,994,0.0000,0.5000,0.5000,0.0000,0.5000
2026-04-27T19:15:35.213,13.485,1,1.50,-179.70,0.00,0.00,0,0.0000,0.0000,0.4000,0.0000,0.0000,0.0000,0.00,0.00,59.06,64.40,810,257,0.31728,0.31728,0.99259,0.31975,3,2,0,0.00000,0.00000,1.00000,0.0000,0.0000,0.0000,0.0000,0.0000,0.0000,0.00,0.00,0.00,1,1,0.0000,0.0000,0.4000,0.00,0.8200,0.3500,1.0000,6.00,180.00,5.000000,0.050000,0.000000,1.100000,0.000000,0.000000,1.200000,0.000000,0.000000,1.350000,0.000000,0.000000,0.850000,0.020000,0.000000,0.008000,0.000000,0.000600,0.008000,0.000000,0.000600,0.006000,0.000000,0.000000,1,1,1,810,204,781,781,781,0,0,60.00,50316,6952,782,0,0,0,50317,500.00,0.00,13,994,0.0000,0.5000,0.5000,0.0000,0.5000
2026-04-27T19:15:35.231,13.503,1,1.50,-179.70,0.00,0.00,0,0.0000,0.0000,0.4000,0.0000,0.0000,0.0000,0.00,0.00,58.51,56.01,811,257,0.31689,0.31689,0.99260,0.31936,3,2,0,0.00000,0.00000,1.00000,0.0000,0.0000,0.0000,0.0000,0.0000,0.0000,0.00,0.00,0.00,1,1,0.0000,0.0000,0.4000,0.00,0.8200,0.3500,1.0000,6.00,180.00,5.000000,0.050000,0.000000,1.100000,0.000000,0.000000,1.200000,0.000000,0.000000,1.350000,0.000000,0.000000,0.850000,0.020000,0.000000,0.008000,0.000000,0.000600,0.008000,0.000000,0.000600,0.006000,0.000000,0.000000,1,1,1,811,204,781,781,781,0,0,60.00,50316,6952,782,0,0,0,50317,500.00,0.00,13,994,0.0000,0.5000,0.5000,0.0000,0.5000
2026-04-27T19:15:35.248,13.520,1,1.50,-179.70,0.00,0.00,0,0.0000,0.0000,0.4000,0.0000,0.0000,0.0000,0.00,0.00,61.63,62.22,812,257,0.31650,0.31650,0.99261,0.31897,3,2,0,0.00000,0.00000,1.00000,0.0000,0.0000,0.0000,0.0000,0.0000,0.0000,0.00,0.00,0.00,1,1,0.0000,0.0000,0.4000,0.00,0.8200,0.3500,1.0000,6.00,180.00,5.000000,0.050000,0.000000,1.100000,0.000000,0.000000,1.200000,0.000000,0.000000,1.350000,0.000000,0.000000,0.850000,0.020000,0.000000,0.008000,0.000000,0.000600,0.008000,0.000000,0.000600,0.006000,0.000000,0.000000,1,1,1,812,204,781,781,781,0,0,60.00,50316,6952,782,0,0,0,50317,500.00,0.00,13,994,0.0000,0.5000,0.5000,0.0000,0.5000
2026-04-27T19:15:35.264,13.536,1,1.50,-179.70,0.00,0.00,0,0.0000,0.0000,0.4000,0.0000,0.0000,0.0000,0.00,0.00,59.00,57.24,813,257,0.31611,0.31611,0.99262,0.31857,3,2,0,0.00000,0.00000,1.00000,0.0000,0.0000,0.0000,0.0000,0.0000,0.0000,0.00,0.00,0.00,1,1,0.0000,0.0000,0.4000,0.00,0.8200,0.3500,1.0000,6.00,180.00,5.000000,0.050000,0.000000,1.100000,0.000000,0.000000,1.200000,0.000000,0.000000,1.350000,0.000000,0.000000,0.850000,0.020000,0.000000,0.008000,0.000000,0.000600,0.008000,0.000000,0.000600,0.006000,0.000000,0.000000,1,1,1,813,204,781,781,781,0,0,60.00,50316,6952,782,0,0,0,50317,500.00,0.00,13,994,0.0000,0.5000,0.5000,0.0000,0.5000
2026-04-27T19:15:35.281,13.553,1,1.50,-179.70,0.00,0.00,0,0.0000,0.0000,0.4000,0.0000,0.0000,0.0000,0.00,0.00,65.88,65.38,814,257,0.31572,0.31572,0.99263,0.31818,3,2,0,0.00000,0.00000,1.00000,0.0000,0.0000,0.0000,0.0000,0.0000,0.0000,0.00,0.00,0.00,1,1,0.0000,0.0000,0.4000,0.00,0.8200,0.3500,1.0000,6.00,180.00,5.000000,0.050000,0.000000,1.100000,0.000000,0.000000,1.200000,0.000000,0.000000,1.350000,0.000000,0.000000,0.850000,0.020000,0.000000,0.008000,0.000000,0.000600,0.008000,0.000000,0.000600,0.006000,0.000000,0.000000,1,1,1,814,204,781,781,781,0,0,60.00,50316,6952,782,0,0,0,50317,500.00,0.00,13,994,0.0000,0.5000,0.5000,0.0000,0.5000
2026-04-27T19:15:35.295,13.567,1,1.50,-179.70,0.00,0.00,0,0.0000,0.0000,0.4000,0.0000,0.0000,0.0000,0.00,0.00,55.64,66.11,815,257,0.31534,0.31534,0.99264,0.31779,3,2,0,0.00000,0.00000,1.00000,0.0000,0.0000,0.0000,0.0000,0.0000,0.0000,0.00,0.00,0.00,1,1,0.0000,0.0000,0.4000,0.00,0.8200,0.3500,1.0000,6.00,180.00,5.000000,0.050000,0.000000,1.100000,0.000000,0.000000,1.200000,0.000000,0.000000,1.350000,0.000000,0.000000,0.850000,0.020000,0.000000,0.008000,0.000000,0.000600,0.008000,0.000000,0.000600,0.006000,0.000000,0.000000,1,1,1,815,204,781,781,781,0,0,60.00,50316,6952,782,0,0,0,50317,500.00,0.00,13,994,0.0000,0.5000,0.5000,0.0000,0.5000
2026-04-27T19:15:35.312,13.584,1,1.50,-179.70,0.00,0.00,0,0.0000,0.0000,0.4000,0.0000,0.0000,0.0000,0.00,0.00,80.33,58.25,816,257,0.31495,0.31495,0.99265,0.31740,3,2,0,0.00000,0.00000,1.00000,0.0000,0.0000,0.0000,0.0000,0.0000,0.0000,0.00,0.00,0.00,1,1,0.0000,0.0000,0.4000,0.00,0.8200,0.3500,1.0000,6.00,180.00,5.000000,0.050000,0.000000,1.100000,0.000000,0.000000,1.200000,0.000000,0.000000,1.350000,0.000000,0.000000,0.850000,0.020000,0.000000,0.008000,0.000000,0.000600,0.008000,0.000000,0.000600,0.006000,0.000000,0.000000,1,1,1,816,204,781,781,781,0,0,60.00,50316,6952,782,0,0,0,50317,500.00,0.00,13,994,0.0000,0.5000,0.5000,0.0000,0.5000
2026-04-27T19:15:35.332,13.604,1,1.50,-179.70,0.00,0.00,0,0.0000,0.0000,0.4000,0.0000,0.0000,0.0000,0.00,0.00,58.25,53.30,817,257,0.31457,0.31457,0.99266,0.31701,3,2,0,0.00000,0.00000,1.00000,0.0000,0.0000,0.0000,0.0000,0.0000,0.0000,0.00,0.00,0.00,1,1,0.0000,0.0000,0.4000,0.00,0.8200,0.3500,1.0000,6.00,180.00,5.000000,0.050000,0.000000,1.100000,0.000000,0.000000,1.200000,0.000000,0.000000,1.350000,0.000000,0.000000,0.850000,0.020000,0.000000,0.008000,0.000000,0.000600,0.008000,0.000000,0.000600,0.006000,0.000000,0.000000,1,1,1,817,204,781,781,781,0,0,60.00,50316,6952,782,0,0,0,50317,500.00,0.00,13,994,0.0000,0.5000,0.5000,0.0000,0.5000
2026-04-27T19:15:35.338,13.610,1,1.50,-179.70,0.00,0.00,0,0.0000,0.0000,0.4000,0.0000,0.0000,0.0000,0.00,0.00,49.10,129.50,818,257,0.31418,0.31418,0.99267,0.31663,3,2,0,0.00000,0.00000,1.00000,0.0000,0.0000,0.0000,0.0000,0.0000,0.0000,0.00,0.00,0.00,1,1,0.0000,0.0000,0.4000,0.00,0.8200,0.3500,1.0000,6.00,180.00,5.000000,0.050000,0.000000,1.100000,0.000000,0.000000,1.200000,0.000000,0.000000,1.350000,0.000000,0.000000,0.850000,0.020000,0.000000,0.008000,0.000000,0.000600,0.008000,0.000000,0.000600,0.006000,0.000000,0.000000,1,1,1,818,204,781,781,781,0,0,60.00,50316,6952,782,0,0,0,50317,500.00,0.00,13,994,0.0000,0.5000,0.5000,0.0000,0.5000
2026-04-27T19:15:35.364,13.637,1,1.50,-179.70,0.00,0.00,0,0.0000,0.0000,0.4000,0.0000,0.0000,0.0000,0.00,0.00,163.45,39.61,819,257,0.31380,0.31380,0.99267,0.31624,3,2,0,0.00000,0.00000,1.00000,0.0000,0.0000,0.0000,0.0000,0.0000,0.0000,0.00,0.00,0.00,1,1,0.0000,0.0000,0.4000,0.00,0.8200,0.3500,1.0000,6.00,180.00,5.000000,0.050000,0.000000,1.100000,0.000000,0.000000,1.200000,0.000000,0.000000,1.350000,0.000000,0.000000,0.850000,0.020000,0.000000,0.008000,0.000000,0.000600,0.008000,0.000000,0.000600,0.006000,0.000000,0.000000,1,1,1,819,204,781,781,781,0,0,60.00,50316,6952,782,0,0,0,50317,500.00,0.00,13,994,0.0000,0.5000,0.5000,0.0000,0.5000
2026-04-27T19:15:35.381,13.653,1,1.50,-179.70,0.00,0.00,0,0.0000,0.0000,0.4000,0.0000,0.0000,0.0000,0.00,0.00,38.28,60.60,820,257,0.31341,0.31341,0.99268,0.31585,3,2,0,0.00000,0.00000,1.00000,0.0000,0.0000,0.0000,0.0000,0.0000,0.0000,0.00,0.00,0.00,1,1,0.0000,0.0000,0.4000,0.00,0.8200,0.3500,1.0000,6.00,180.00,5.000000,0.050000,0.000000,1.100000,0.000000,0.000000,1.200000,0.000000,0.000000,1.350000,0.000000,0.000000,0.850000,0.020000,0.000000,0.008000,0.000000,0.000600,0.008000,0.000000,0.000600,0.006000,0.000000,0.000000,1,1,1,820,204,781,781,781,0,0,60.00,50316,6952,782,0,0,0,50317,500.00,0.00,13,994,0.0000,0.5000,0.5000,0.0000,0.5000
2026-04-27T19:15:35.398,13.670,1,1.50,-179.70,0.00,0.00,0,0.0000,0.0000,0.4000,0.0000,0.0000,0.0000,0.00,0.00,60.14,58.95,821,257,0.31303,0.31303,0.99269,0.31547,3,2,0,0.00000,0.00000,1.00000,0.0000,0.0000,0.0000,0.0000,0.0000,0.0000,0.00,0.00,0.00,1,1,0.0000,0.0000,0.4000,0.00,0.8200,0.3500,1.0000,6.00,180.00,5.000000,0.050000,0.000000,1.100000,0.000000,0.000000,1.200000,0.000000,0.000000,1.350000,0.000000,0.000000,0.850000,0.020000,0.000000,0.008000,0.000000,0.000600,0.008000,0.000000,0.000600,0.006000,0.000000,0.000000,1,1,1,821,204,781,781,781,0,0,60.00,50316,6952,782,0,0,0,50317,500.00,0.00,13,994,0.0000,0.5000,0.5000,0.0000,0.5000
2026-04-27T19:15:35.415,13.687,1,1.50,-179.70,0.00,0.00,0,0.0000,0.0000,0.4000,0.0000,0.0000,0.0000,0.00,0.00,58.95,59.25,822,257,0.31265,0.31265,0.99270,0.31509,3,2,0,0.00000,0.00000,1.00000,0.0000,0.0000,0.0000,0.0000,0.0000,0.0000,0.00,0.00,0.00,1,1,0.0000,0.0000,0.4000,0.00,0.8200,0.3500,1.0000,6.00,180.00,5.000000,0.050000,0.000000,1.100000,0.000000,0.000000,1.200000,0.000000,0.000000,1.350000,0.000000,0.000000,0.850000,0.020000,0.000000,0.008000,0.000000,0.000600,0.008000,0.000000,0.000600,0.006000,0.000000,0.000000,1,1,1,822,204,781,781,781,0,0,60.00,50316,6952,782,0,0,0,50317,500.00,0.00,13,994,0.0000,0.5000,0.5000,0.0000,0.5000
2026-04-27T19:15:35.431,13.704,1,1.50,-179.70,0.00,0.00,0,0.0000,0.0000,0.4000,0.0000,0.0000,0.0000,0.00,0.00,59.25,60.62,823,257,0.31227,0.31227,0.99271,0.31470,3,2,0,0.00000,0.00000,1.00000,0.0000,0.0000,0.0000,0.0000,0.0000,0.0000,0.00,0.00,0.00,1,1,0.0000,0.0000,0.4000,0.00,0.8200,0.3500,1.0000,6.00,180.00,5.000000,0.050000,0.000000,1.100000,0.000000,0.000000,1.200000,0.000000,0.000000,1.350000,0.000000,0.000000,0.850000,0.020000,0.000000,0.008000,0.000000,0.000600,0.008000,0.000000,0.000600,0.006000,0.000000,0.000000,1,1,1,823,204,781,781,781,0,0,60.00,50316,6952,782,0,0,0,50317,500.00,0.00,13,994,0.0000,0.5000,0.5000,0.0000,0.5000
2026-04-27T19:15:35.448,13.720,1,1.50,-179.70,0.00,0.00,0,0.0000,0.0000,0.4000,0.0000,0.0000,0.0000,0.00,0.00,56.86,60.29,824,257,0.31189,0.31189,0.99272,0.31432,3,2,0,0.00000,0.00000,1.00000,0.0000,0.0000,0.0000,0.0000,0.0000,0.0000,0.00,0.00,0.00,1,1,0.0000,0.0000,0.4000,0.00,0.8200,0.3500,1.0000,6.00,180.00,5.000000,0.050000,0.000000,1.100000,0.000000,0.000000,1.200000,0.000000,0.000000,1.350000,0.000000,0.000000,0.850000,0.020000,0.000000,0.008000,0.000000,0.000600,0.008000,0.000000,0.000600,0.006000,0.000000,0.000000,1,1,1,824,204,781,781,781,0,0,60.00,50316,6952,782,0,0,0,50317,500.00,0.00,13,994,0.0000,0.5000,0.5000,0.0000,0.5000
2026-04-27T19:15:35.465,13.738,1,1.50,-179.70,0.00,0.00,0,0.0000,0.0000,0.4000,0.0000,0.0000,0.0000,0.00,0.00,61.31,58.73,825,257,0.31152,0.31152,0.99273,0.31394,3,2,0,0.00000,0.00000,1.00000,0.0000,0.0000,0.0000,0.0000,0.0000,0.0000,0.00,0.00,0.00,1,1,0.0000,0.0000,0.4000,0.00,0.8200,0.3500,1.0000,6.00,180.00,5.000000,0.050000,0.000000,1.100000,0.000000,0.000000,1.200000,0.000000,0.000000,1.350000,0.000000,0.000000,0.850000,0.020000,0.000000,0.008000,0.000000,0.000600,0.008000,0.000000,0.000600,0.006000,0.000000,0.000000,1,1,1,825,204,781,781,781,0,0,60.00,50316,6952,782,0,0,0,50317,500.00,0.00,13,994,0.0000,0.5000,0.5000,0.0000,0.5000
2026-04-27T19:15:35.482,13.755,1,1.50,-179.70,0.00,0.00,0,0.0000,0.0000,0.4000,0.0000,0.0000,0.0000,0.00,0.00,56.67,60.34,826,257,0.31114,0.31114,0.99274,0.31356,3,2,0,0.00000,0.00000,1.00000,0.0000,0.0000,0.0000,0.0000,0.0000,0.0000,0.00,0.00,0.00,1,1,0.0000,0.0000,0.4000,0.00,0.8200,0.3500,1.0000,6.00,180.00,5.000000,0.050000,0.000000,1.100000,0.000000,0.000000,1.200000,0.000000,0.000000,1.350000,0.000000,0.000000,0.850000,0.020000,0.000000,0.008000,0.000000,0.000600,0.008000,0.000000,0.000600,0.006000,0.000000,0.000000,1,1,1,826,204,781,781,781,0,0,60.00,50316,6952,782,0,0,0,50317,500.00,0.00,13,994,0.0000,0.5000,0.5000,0.0000,0.5000
2026-04-27T19:15:35.497,13.769,1,1.50,-179.70,0.00,0.00,0,0.0000,0.0000,0.4000,0.0000,0.0000,0.0000,0.00,0.00,58.32,59.70,827,257,0.31076,0.31076,0.99274,0.31318,3,2,0,0.00000,0.00000,1.00000,0.0000,0.0000,0.0000,0.0000,0.0000,0.0000,0.00,0.00,0.00,1,1,0.0000,0.0000,0.4000,0.00,0.8200,0.3500,1.0000,6.00,180.00,5.000000,0.050000,0.000000,1.100000,0.000000,0.000000,1.200000,0.000000,0.000000,1.350000,0.000000,0.000000,0.850000,0.020000,0.000000,0.008000,0.000000,0.000600,0.008000,0.000000,0.000600,0.006000,0.000000,0.000000,1,1,1,827,204,781,781,781,0,0,60.00,50316,6952,782,0,0,0,50317,500.00,0.00,13,994,0.0000,0.5000,0.5000,0.0000,0.5000
2026-04-27T19:15:35.513,13.785,1,1.50,-179.70,0.00,0.00,0,0.0000,0.0000,0.4000,0.0000,0.0000,0.0000,0.00,0.00,63.39,63.68,828,257,0.31039,0.31039,0.99275,0.31280,3,2,0,0.00000,0.00000,1.00000,0.0000,0.0000,0.0000,0.0000,0.0000,0.0000,0.00,0.00,0.00,1,1,0.0000,0.0000,0.4000,0.00,0.8200,0.3500,1.0000,6.00,180.00,5.000000,0.050000,0.000000,1.100000,0.000000,0.000000,1.200000,0.000000,0.000000,1.350000,0.000000,0.000000,0.850000,0.020000,0.000000,0.008000,0.000000,0.000600,0.008000,0.000000,0.000600,0.006000,0.000000,0.000000,1,1,1,828,204,781,781,781,0,0,60.00,50316,6952,782,0,0,0,50317,500.00,0.00,13,994,0.0000,0.5000,0.5000,0.0000,0.5000
2026-04-27T19:15:35.529,13.801,1,1.50,-179.70,0.00,0.00,0,0.0000,0.0000,0.4000,0.0000,0.0000,0.0000,0.00,0.00,73.15,62.73,829,257,0.31001,0.31001,0.99276,0.31242,3,2,0,0.00000,0.00000,1.00000,0.0000,0.0000,0.0000,0.0000,0.0000,0.0000,0.00,0.00,0.00,1,1,0.0000,0.0000,0.4000,0.00,0.8200,0.3500,1.0000,6.00,180.00,5.000000,0.050000,0.000000,1.100000,0.000000,0.000000,1.200000,0.000000,0.000000,1.350000,0.000000,0.000000,0.850000,0.020000,0.000000,0.008000,0.000000,0.000600,0.008000,0.000000,0.000600,0.006000,0.000000,0.000000,1,1,1,829,204,781,781,781,0,0,60.00,50316,6952,782,0,0,0,50317,500.00,0.00,13,994,0.0000,0.5000,0.5000,0.0000,0.5000
2026-04-27T19:15:35.547,13.819,1,1.50,-179.70,0.00,0.00,0,0.0000,0.0000,0.4000,0.0000,0.0000,0.0000,0.00,0.00,51.10,56.85,830,257,0.30964,0.30964,0.99277,0.31205,3,2,0,0.00000,0.00000,1.00000,0.0000,0.0000,0.0000,0.0000,0.0000,0.0000,0.00,0.00,0.00,1,1,0.0000,0.0000,0.4000,0.00,0.8200,0.3500,1.0000,6.00,180.00,5.000000,0.050000,0.000000,1.100000,0.000000,0.000000,1.200000,0.000000,0.000000,1.350000,0.000000,0.000000,0.850000,0.020000,0.000000,0.008000,0.000000,0.000600,0.008000,0.000000,0.000600,0.006000,0.000000,0.000000,1,1,1,830,204,781,781,781,0,0,60.00,50316,6952,782,0,0,0,50317,500.00,0.00,13,994,0.0000,0.5000,0.5000,0.0000,0.5000
2026-04-27T19:15:35.564,13.837,1,1.50,-179.70,0.00,0.00,0,0.0000,0.0000,0.4000,0.0000,0.0000,0.0000,0.00,0.00,71.63,58.97,831,257,0.30927,0.30927,0.99278,0.31167,3,2,0,0.00000,0.00000,1.00000,0.0000,0.0000,0.0000,0.0000,0.0000,0.0000,0.00,0.00,0.00,1,1,0.0000,0.0000,0.4000,0.00,0.8200,0.3500,1.0000,6.00,180.00,5.000000,0.050000,0.000000,1.100000,0.000000,0.000000,1.200000,0.000000,0.000000,1.350000,0.000000,0.000000,0.850000,0.020000,0.000000,0.008000,0.000000,0.000600,0.008000,0.000000,0.000600,0.006000,0.000000,0.000000,1,1,1,831,204,781,781,781,0,0,60.00,50316,6952,782,0,0,0,50317,500.00,0.00,13,994,0.0000,0.5000,0.5000,0.0000,0.5000
2026-04-27T19:15:35.583,13.855,1,1.50,-179.70,0.00,0.00,0,0.0000,0.0000,0.4000,0.0000,0.0000,0.0000,0.00,0.00,52.35,56.53,832,257,0.30889,0.30889,0.99279,0.31130,3,2,0,0.00000,0.00000,1.00000,0.0000,0.0000,0.0000,0.0000,0.0000,0.0000,0.00,0.00,0.00,1,1,0.0000,0.0000,0.4000,0.00,0.8200,0.3500,1.0000,6.00,180.00,5.000000,0.050000,0.000000,1.100000,0.000000,0.000000,1.200000,0.000000,0.000000,1.350000,0.000000,0.000000,0.850000,0.020000,0.000000,0.008000,0.000000,0.000600,0.008000,0.000000,0.000600,0.006000,0.000000,0.000000,1,1,1,832,204,781,781,781,0,0,60.00,50316,6952,782,0,0,0,50317,500.00,0.00,13,994,0.0000,0.5000,0.5000,0.0000,0.5000
2026-04-27T19:15:35.597,13.870,1,1.50,-179.70,0.00,0.00,0,0.0000,0.0000,0.4000,0.0000,0.0000,0.0000,0.00,0.00,58.58,61.31,833,257,0.30852,0.30852,0.99280,0.31092,3,2,0,0.00000,0.00000,1.00000,0.0000,0.0000,0.0000,0.0000,0.0000,0.0000,0.00,0.00,0.00,1,1,0.0000,0.0000,0.4000,0.00,0.8200,0.3500,1.0000,6.00,180.00,5.000000,0.050000,0.000000,1.100000,0.000000,0.000000,1.200000,0.000000,0.000000,1.350000,0.000000,0.000000,0.850000,0.020000,0.000000,0.008000,0.000000,0.000600,0.008000,0.000000,0.000600,0.006000,0.000000,0.000000,1,1,1,833,204,781,781,781,0,0,60.00,50316,6952,782,0,0,0,50317,500.00,0.00,13,994,0.0000,0.5000,0.5000,0.0000,0.5000
2026-04-27T19:15:35.614,13.886,1,1.50,-179.70,0.00,0.00,0,0.0000,0.0000,0.4000,0.0000,0.0000,0.0000,0.00,0.00,61.87,60.54,834,257,0.30815,0.30815,0.99281,0.31055,3,2,0,0.00000,0.00000,1.00000,0.0000,0.0000,0.0000,0.0000,0.0000,0.0000,0.00,0.00,0.00,1,1,0.0000,0.0000,0.4000,0.00,0.8200,0.3500,1.0000,6.00,180.00,5.000000,0.050000,0.000000,1.100000,0.000000,0.000000,1.200000,0.000000,0.000000,1.350000,0.000000,0.000000,0.850000,0.020000,0.000000,0.008000,0.000000,0.000600,0.008000,0.000000,0.000600,0.006000,0.000000,0.000000,1,1,1,834,204,781,781,781,0,0,60.00,50316,6952,782,0,0,0,50317,500.00,0.00,13,994,0.0000,0.5000,0.5000,0.0000,0.5000
2026-04-27T19:15:35.626,13.899,1,1.50,-179.70,0.00,0.00,0,0.0000,0.0000,0.4000,0.0000,0.0000,0.0000,0.00,0.00,60.72,80.30,835,257,0.30778,0.30778,0.99281,0.31018,3,2,0,0.00000,0.00000,1.00000,0.0000,0.0000,0.0000,0.0000,0.0000,0.0000,0.00,0.00,0.00,1,1,0.0000,0.0000,0.4000,0.00,0.8200,0.3500,1.0000,6.00,180.00,5.000000,0.050000,0.000000,1.100000,0.000000,0.000000,1.200000,0.000000,0.000000,1.350000,0.000000,0.000000,0.850000,0.020000,0.000000,0.008000,0.000000,0.000600,0.008000,0.000000,0.000600,0.006000,0.000000,0.000000,1,1,1,835,204,781,781,781,0,0,60.00,50316,6952,782,0,0,0,50317,500.00,0.00,13,994,0.0000,0.5000,0.5000,0.0000,0.5000
2026-04-27T19:15:35.646,13.918,1,1.50,-179.70,0.00,0.00,0,0.0000,0.0000,0.4000,0.0000,0.0000,0.0000,0.00,0.00,89.89,51.88,836,257,0.30742,0.30742,0.99282,0.30981,3,2,0,0.00000,0.00000,1.00000,0.0000,0.0000,0.0000,0.0000,0.0000,0.0000,0.00,0.00,0.00,1,1,0.0000,0.0000,0.4000,0.00,0.8200,0.3500,1.0000,6.00,180.00,5.000000,0.050000,0.000000,1.100000,0.000000,0.000000,1.200000,0.000000,0.000000,1.350000,0.000000,0.000000,0.850000,0.020000,0.000000,0.008000,0.000000,0.000600,0.008000,0.000000,0.000600,0.006000,0.000000,0.000000,1,1,1,836,204,781,781,781,0,0,60.00,50316,6952,782,0,0,0,50317,500.00,0.00,13,994,0.0000,0.5000,0.5000,0.0000,0.5000
2026-04-27T19:15:35.658,13.930,1,1.50,-179.70,0.00,0.00,0,0.0000,0.0000,0.4000,0.0000,0.0000,0.0000,0.00,0.00,51.88,82.71,837,257,0.30705,0.30705,0.99283,0.30944,3,2,0,0.00000,0.00000,1.00000,0.0000,0.0000,0.0000,0.0000,0.0000,0.0000,0.00,0.00,0.00,1,1,0.0000,0.0000,0.4000,0.00,0.8200,0.3500,1.0000,6.00,180.00,5.000000,0.050000,0.000000,1.100000,0.000000,0.000000,1.200000,0.000000,0.000000,1.350000,0.000000,0.000000,0.850000,0.020000,0.000000,0.008000,0.000000,0.000600,0.008000,0.000000,0.000600,0.006000,0.000000,0.000000,1,1,1,837,204,781,781,781,0,0,60.00,50316,6952,782,0,0,0,50317,500.00,0.00,13,994,0.0000,0.5000,0.5000,0.0000,0.5000
2026-04-27T19:15:35.674,13.946,1,1.50,-179.70,0.00,0.00,0,0.0000,0.0000,0.4000,0.0000,0.0000,0.0000,0.00,0.00,82.71,62.23,838,257,0.30668,0.30668,0.99284,0.30907,3,2,0,0.00000,0.00000,1.00000,0.0000,0.0000,0.0000,0.0000,0.0000,0.0000,0.00,0.00,0.00,1,1,0.0000,0.0000,0.4000,0.00,0.8200,0.3500,1.0000,6.00,180.00,5.000000,0.050000,0.000000,1.100000,0.000000,0.000000,1.200000,0.000000,0.000000,1.350000,0.000000,0.000000,0.850000,0.020000,0.000000,0.008000,0.000000,0.000600,0.008000,0.000000,0.000600,0.006000,0.000000,0.000000,1,1,1,838,204,781,781,781,0,0,60.00,50316,6952,782,0,0,0,50317,500.00,0.00,13,994,0.0000,0.5000,0.5000,0.0000,0.5000
2026-04-27T19:15:35.695,13.967,1,1.50,-179.70,0.00,0.00,0,0.0000,0.0000,0.4000,0.0000,0.0000,0.0000,0.00,0.00,62.23,47.41,839,257,0.30632,0.30632,0.99285,0.30870,3,2,0,0.00000,0.00000,1.00000,0.0000,0.0000,0.0000,0.0000,0.0000,0.0000,0.00,0.00,0.00,1,1,0.0000,0.0000,0.4000,0.00,0.8200,0.3500,1.0000,6.00,180.00,5.000000,0.050000,0.000000,1.100000,0.000000,0.000000,1.200000,0.000000,0.000000,1.350000,0.000000,0.000000,0.850000,0.020000,0.000000,0.008000,0.000000,0.000600,0.008000,0.000000,0.000600,0.006000,0.000000,0.000000,1,1,1,839,204,781,781,781,0,0,60.00,50316,6952,782,0,0,0,50317,500.00,0.00,13,994,0.0000,0.5000,0.5000,0.0000,0.5000
2026-04-27T19:15:35.708,13.980,1,1.50,-179.70,0.00,0.00,0,0.0000,0.0000,0.4000,0.0000,0.0000,0.0000,0.00,0.00,47.41,79.00,840,257,0.30595,0.30595,0.99286,0.30833,3,2,0,0.00000,0.00000,1.00000,0.0000,0.0000,0.0000,0.0000,0.0000,0.0000,0.00,0.00,0.00,1,1,0.0000,0.0000,0.4000,0.00,0.8200,0.3500,1.0000,6.00,180.00,5.000000,0.050000,0.000000,1.100000,0.000000,0.000000,1.200000,0.000000,0.000000,1.350000,0.000000,0.000000,0.850000,0.020000,0.000000,0.008000,0.000000,0.000600,0.008000,0.000000,0.000600,0.006000,0.000000,0.000000,1,1,1,840,204,781,781,781,0,0,60.00,50316,6952,782,0,0,0,50317,500.00,0.00,13,994,0.0000,0.5000,0.5000,0.0000,0.5000
2026-04-27T19:15:35.730,14.003,1,1.50,-179.70,0.00,0.00,0,0.0000,0.0000,0.4000,0.0000,0.0000,0.0000,0.00,0.00,79.00,43.91,841,257,0.30559,0.30559,0.99287,0.30797,3,2,0,0.00000,0.00000,1.00000,0.0000,0.0000,0.0000,0.0000,0.0000,0.0000,0.00,0.00,0.00,1,1,0.0000,0.0000,0.4000,0.00,0.8200,0.3500,1.0000,6.00,180.00,5.000000,0.050000,0.000000,1.100000,0.000000,0.000000,1.200000,0.000000,0.000000,1.350000,0.000000,0.000000,0.850000,0.020000,0.000000,0.008000,0.000000,0.000600,0.008000,0.000000,0.000600,0.006000,0.000000,0.000000,1,1,1,841,204,781,781,781,0,0,60.00,50316,6952,782,0,0,0,50317,500.00,0.00,13,994,0.0000,0.5000,0.5000,0.0000,0.5000
2026-04-27T19:15:35.736,14.008,1,1.50,-179.70,0.00,0.00,0,0.0000,0.0000,0.4000,0.0000,0.0000,0.0000,0.00,0.00,40.39,179.16,842,257,0.30523,0.30523,0.99287,0.30760,3,2,0,0.00000,0.00000,1.00000,0.0000,0.0000,0.0000,0.0000,0.0000,0.0000,0.00,0.00,0.00,1,1,0.0000,0.0000,0.4000,0.00,0.8200,0.3500,1.0000,6.00,180.00,5.000000,0.050000,0.000000,1.100000,0.000000,0.000000,1.200000,0.000000,0.000000,1.350000,0.000000,0.000000,0.850000,0.020000,0.000000,0.008000,0.000000,0.000600,0.008000,0.000000,0.000600,0.006000,0.000000,0.000000,1,1,1,842,204,841,841,841,0,0,60.00,50376,3041,782,0,0,0,50317,500.00,0.00,13,994,0.0000,0.5000,0.5000,0.0000,0.5000
2026-04-27T19:15:35.758,14.030,1,1.50,-179.70,0.00,0.00,0,0.0000,0.0000,0.4000,0.0000,0.0000,0.0000,0.00,0.00,278.08,45.45,843,257,0.30486,0.30486,0.99288,0.30724,3,2,0,0.00000,0.00000,1.00000,0.0000,0.0000,0.0000,0.0000,0.0000,0.0000,0.00,0.00,0.00,1,1,0.0000,0.0000,0.4000,0.00,0.8200,0.3500,1.0000,6.00,180.00,5.000000,0.050000,0.000000,1.100000,0.000000,0.000000,1.200000,0.000000,0.000000,1.350000,0.000000,0.000000,0.850000,0.020000,0.000000,0.008000,0.000000,0.000600,0.008000,0.000000,0.000600,0.006000,0.000000,0.000000,1,1,1,843,204,841,841,841,0,0,60.00,50376,3041,782,0,0,0,50317,500.00,0.00,13,994,0.0000,0.5000,0.5000,0.0000,0.5000
2026-04-27T19:15:35.778,14.050,1,1.50,-179.70,0.00,0.00,0,0.0000,0.0000,0.4000,0.0000,0.0000,0.0000,0.00,0.00,45.45,49.54,844,257,0.30450,0.30450,0.99289,0.30687,3,2,0,0.00000,0.00000,1.00000,0.0000,0.0000,0.0000,0.0000,0.0000,0.0000,0.00,0.00,0.00,1,1,0.0000,0.0000,0.4000,0.00,0.8200,0.3500,1.0000,6.00,180.00,5.000000,0.050000,0.000000,1.100000,0.000000,0.000000,1.200000,0.000000,0.000000,1.350000,0.000000,0.000000,0.850000,0.020000,0.000000,0.008000,0.000000,0.000600,0.008000,0.000000,0.000600,0.006000,0.000000,0.000000,1,1,1,844,204,841,841,841,0,0,60.00,50376,3041,842,0,0,0,50377,500.00,0.00,16,378,0.0000,0.5000,0.5000,0.0000,0.5000
2026-04-27T19:15:35.784,14.056,1,1.50,-179.70,0.00,0.00,0,0.0000,0.0000,0.4000,0.0000,0.0000,0.0000,0.00,0.00,49.54,174.19,845,257,0.30414,0.30414,0.99290,0.30651,3,2,0,0.00000,0.00000,1.00000,0.0000,0.0000,0.0000,0.0000,0.0000,0.0000,0.00,0.00,0.00,1,1,0.0000,0.0000,0.4000,0.00,0.8200,0.3500,1.0000,6.00,180.00,5.000000,0.050000,0.000000,1.100000,0.000000,0.000000,1.200000,0.000000,0.000000,1.350000,0.000000,0.000000,0.850000,0.020000,0.000000,0.008000,0.000000,0.000600,0.008000,0.000000,0.000600,0.006000,0.000000,0.000000,1,1,1,845,204,841,841,841,0,0,60.00,50376,3041,842,0,0,0,50377,500.00,0.00,16,378,0.0000,0.5000,0.5000,0.0000,0.5000
2026-04-27T19:15:35.808,14.080,1,1.50,-179.70,0.00,0.00,0,0.0000,0.0000,0.4000,0.0000,0.0000,0.0000,0.00,0.00,174.19,41.76,846,257,0.30378,0.30378,0.99291,0.30615,3,2,0,0.00000,0.00000,1.00000,0.0000,0.0000,0.0000,0.0000,0.0000,0.0000,0.00,0.00,0.00,1,1,0.0000,0.0000,0.4000,0.00,0.8200,0.3500,1.0000,6.00,180.00,5.000000,0.050000,0.000000,1.100000,0.000000,0.000000,1.200000,0.000000,0.000000,1.350000,0.000000,0.000000,0.850000,0.020000,0.000000,0.008000,0.000000,0.000600,0.008000,0.000000,0.000600,0.006000,0.000000,0.000000,1,1,1,846,204,841,841,841,0,0,60.00,50376,3041,842,0,0,0,50377,500.00,0.00,16,378,0.0000,0.5000,0.5000,0.0000,0.5000
2026-04-27T19:15:35.826,14.098,1,1.50,-179.70,0.00,0.00,0,0.0000,0.0000,0.4000,0.0000,0.0000,0.0000,0.00,0.00,31.28,55.18,847,257,0.30342,0.30342,0.99292,0.30579,3,2,0,0.00000,0.00000,1.00000,0.0000,0.0000,0.0000,0.0000,0.0000,0.0000,0.00,0.00,0.00,1,1,0.0000,0.0000,0.4000,0.00,0.8200,0.3500,1.0000,6.00,180.00,5.000000,0.050000,0.000000,1.100000,0.000000,0.000000,1.200000,0.000000,0.000000,1.350000,0.000000,0.000000,0.850000,0.020000,0.000000,0.008000,0.000000,0.000600,0.008000,0.000000,0.000600,0.006000,0.000000,0.000000,1,1,1,847,204,841,841,841,0,0,60.00,50376,3041,842,0,0,0,50377,500.00,0.00,16,378,0.0000,0.5000,0.5000,0.0000,0.5000
2026-04-27T19:15:35.848,14.120,1,1.50,-179.70,0.00,0.00,0,0.0000,0.0000,0.4000,0.0000,0.0000,0.0000,0.00,0.00,62.55,141.26,848,257,0.30307,0.30307,0.99292,0.30542,3,2,0,0.00000,0.00000,1.00000,0.0000,0.0000,0.0000,0.0000,0.0000,0.0000,0.00,0.00,0.00,1,1,0.0000,0.0000,0.4000,0.00,0.8200,0.3500,1.0000,6.00,180.00,5.000000,0.050000,0.000000,1.100000,0.000000,0.000000,1.200000,0.000000,0.000000,1.350000,0.000000,0.000000,0.850000,0.020000,0.000000,0.008000,0.000000,0.000600,0.008000,0.000000,0.000600,0.006000,0.000000,0.000000,1,1,1,848,204,841,841,841,0,0,60.00,50376,3041,842,0,0,0,50377,500.00,0.00,16,378,0.0000,0.5000,0.5000,0.0000,0.5000
2026-04-27T19:15:35.863,14.136,1,1.50,-179.70,0.00,0.00,0,0.0000,0.0000,0.4000,0.0000,0.0000,0.0000,0.00,0.00,63.79,33.03,849,257,0.30271,0.30271,0.99293,0.30506,3,2,0,0.00000,0.00000,1.00000,0.0000,0.0000,0.0000,0.0000,0.0000,0.0000,0.00,0.00,0.00,1,1,0.0000,0.0000,0.4000,0.00,0.8200,0.3500,1.0000,6.00,180.00,5.000000,0.050000,0.000000,1.100000,0.000000,0.000000,1.200000,0.000000,0.000000,1.350000,0.000000,0.000000,0.850000,0.020000,0.000000,0.008000,0.000000,0.000600,0.008000,0.000000,0.000600,0.006000,0.000000,0.000000,1,1,1,849,204,841,841,841,0,0,60.00,50376,3041,842,0,0,0,50377,500.00,0.00,16,378,0.0000,0.5000,0.5000,0.0000,0.5000
2026-04-27T19:15:35.879,14.152,1,1.50,-179.70,0.00,0.00,0,0.0000,0.0000,0.4000,0.0000,0.0000,0.0000,0.00,0.00,63.32,62.27,850,257,0.30235,0.30235,0.99294,0.30471,3,2,0,0.00000,0.00000,1.00000,0.0000,0.0000,0.0000,0.0000,0.0000,0.0000,0.00,0.00,0.00,1,1,0.0000,0.0000,0.4000,0.00,0.8200,0.3500,1.0000,6.00,180.00,5.000000,0.050000,0.000000,1.100000,0.000000,0.000000,1.200000,0.000000,0.000000,1.350000,0.000000,0.000000,0.850000,0.020000,0.000000,0.008000,0.000000,0.000600,0.008000,0.000000,0.000600,0.006000,0.000000,0.000000,1,1,1,850,204,841,841,841,0,0,60.00,50376,3041,842,0,0,0,50377,500.00,0.00,16,378,0.0000,0.5000,0.5000,0.0000,0.5000
2026-04-27T19:15:35.897,14.170,1,1.50,-179.70,0.00,0.00,0,0.0000,0.0000,0.4000,0.0000,0.0000,0.0000,0.00,0.00,52.87,55.72,851,257,0.30200,0.30200,0.99295,0.30435,3,2,0,0.00000,0.00000,1.00000,0.0000,0.0000,0.0000,0.0000,0.0000,0.0000,0.00,0.00,0.00,1,1,0.0000,0.0000,0.4000,0.00,0.8200,0.3500,1.0000,6.00,180.00,5.000000,0.050000,0.000000,1.100000,0.000000,0.000000,1.200000,0.000000,0.000000,1.350000,0.000000,0.000000,0.850000,0.020000,0.000000,0.008000,0.000000,0.000600,0.008000,0.000000,0.000600,0.006000,0.000000,0.000000,1,1,1,851,204,841,841,841,0,0,60.00,50376,3041,842,0,0,0,50377,500.00,0.00,16,378,0.0000,0.5000,0.5000,0.0000,0.5000
2026-04-27T19:15:35.911,14.183,1,1.50,-179.70,0.00,0.00,0,0.0000,0.0000,0.4000,0.0000,0.0000,0.0000,0.00,0.00,66.25,72.07,852,257,0.30164,0.30164,0.99296,0.30399,3,2,0,0.00000,0.00000,1.00000,0.0000,0.0000,0.0000,0.0000,0.0000,0.0000,0.00,0.00,0.00,1,1,0.0000,0.0000,0.4000,0.00,0.8200,0.3500,1.0000,6.00,180.00,5.000000,0.050000,0.000000,1.100000,0.000000,0.000000,1.200000,0.000000,0.000000,1.350000,0.000000,0.000000,0.850000,0.020000,0.000000,0.008000,0.000000,0.000600,0.008000,0.000000,0.000600,0.006000,0.000000,0.000000,1,1,1,852,204,841,841,841,0,0,60.00,50376,3041,842,0,0,0,50377,500.00,0.00,16,378,0.0000,0.5000,0.5000,0.0000,0.5000
2026-04-27T19:15:35.927,14.200,1,1.50,-179.70,0.00,0.00,0,0.0000,0.0000,0.4000,0.0000,0.0000,0.0000,0.00,0.00,72.07,62.07,853,257,0.30129,0.30129,0.99297,0.30363,3,2,0,0.00000,0.00000,1.00000,0.0000,0.0000,0.0000,0.0000,0.0000,0.0000,0.00,0.00,0.00,1,1,0.0000,0.0000,0.4000,0.00,0.8200,0.3500,1.0000,6.00,180.00,5.000000,0.050000,0.000000,1.100000,0.000000,0.000000,1.200000,0.000000,0.000000,1.350000,0.000000,0.000000,0.850000,0.020000,0.000000,0.008000,0.000000,0.000600,0.008000,0.000000,0.000600,0.006000,0.000000,0.000000,1,1,1,853,204,841,841,841,0,0,60.00,50376,3041,842,0,0,0,50377,500.00,0.00,16,378,0.0000,0.5000,0.5000,0.0000,0.5000
2026-04-27T19:15:35.944,14.217,1,1.50,-179.70,0.00,0.00,0,0.0000,0.0000,0.4000,0.0000,0.0000,0.0000,0.00,0.00,62.07,58.44,854,257,0.30094,0.30094,0.99297,0.30328,3,2,0,0.00000,0.00000,1.00000,0.0000,0.0000,0.0000,0.0000,0.0000,0.0000,0.00,0.00,0.00,1,1,0.0000,0.0000,0.4000,0.00,0.8200,0.3500,1.0000,6.00,180.00,5.000000,0.050000,0.000000,1.100000,0.000000,0.000000,1.200000,0.000000,0.000000,1.350000,0.000000,0.000000,0.850000,0.020000,0.000000,0.008000,0.000000,0.000600,0.008000,0.000000,0.000600,0.006000,0.000000,0.000000,1,1,1,854,204,841,841,841,0,0,60.00,50376,3041,842,0,0,0,50377,500.00,0.00,16,378,0.0000,0.5000,0.5000,0.0000,0.5000
2026-04-27T19:15:35.959,14.231,1,1.50,-179.70,0.00,0.00,0,0.0000,0.0000,0.4000,0.0000,0.0000,0.0000,0.00,0.00,58.44,69.80,855,257,0.30058,0.30058,0.99298,0.30292,3,2,0,0.00000,0.00000,1.00000,0.0000,0.0000,0.0000,0.0000,0.0000,0.0000,0.00,0.00,0.00,1,1,0.0000,0.0000,0.4000,0.00,0.8200,0.3500,1.0000,6.00,180.00,5.000000,0.050000,0.000000,1.100000,0.000000,0.000000,1.200000,0.000000,0.000000,1.350000,0.000000,0.000000,0.850000,0.020000,0.000000,0.008000,0.000000,0.000600,0.008000,0.000000,0.000600,0.006000,0.000000,0.000000,1,1,1,855,204,841,841,841,0,0,60.00,50376,3041,842,0,0,0,50377,500.00,0.00,16,378,0.0000,0.5000,0.5000,0.0000,0.5000
2026-04-27T19:15:35.981,14.253,1,1.50,-179.70,0.00,0.00,0,0.0000,0.0000,0.4000,0.0000,0.0000,0.0000,0.00,0.00,47.17,46.43,856,257,0.30023,0.30023,0.99299,0.30257,3,2,0,0.00000,0.00000,1.00000,0.0000,0.0000,0.0000,0.0000,0.0000,0.0000,0.00,0.00,0.00,1,1,0.0000,0.0000,0.4000,0.00,0.8200,0.3500,1.0000,6.00,180.00,5.000000,0.050000,0.000000,1.100000,0.000000,0.000000,1.200000,0.000000,0.000000,1.350000,0.000000,0.000000,0.850000,0.020000,0.000000,0.008000,0.000000,0.000600,0.008000,0.000000,0.000600,0.006000,0.000000,0.000000,1,1,1,856,204,841,841,841,0,0,60.00,50376,3041,842,0,0,0,50377,500.00,0.00,16,378,0.0000,0.5000,0.5000,0.0000,0.5000
2026-04-27T19:15:35.993,14.265,1,1.50,-179.70,0.00,0.00,0,0.0000,0.0000,0.4000,0.0000,0.0000,0.0000,0.00,0.00,65.68,78.42,857,257,0.29988,0.29988,0.99300,0.30222,3,2,0,0.00000,0.00000,1.00000,0.0000,0.0000,0.0000,0.0000,0.0000,0.0000,0.00,0.00,0.00,1,1,0.0000,0.0000,0.4000,0.00,0.8200,0.3500,1.0000,6.00,180.00,5.000000,0.050000,0.000000,1.100000,0.000000,0.000000,1.200000,0.000000,0.000000,1.350000,0.000000,0.000000,0.850000,0.020000,0.000000,0.008000,0.000000,0.000600,0.008000,0.000000,0.000600,0.006000,0.000000,0.000000,1,1,1,857,204,841,841,841,0,0,60.00,50376,3041,842,0,0,0,50377,500.00,0.00,16,378,0.0000,0.5000,0.5000,0.0000,0.5000
2026-04-27T19:15:36.008,14.280,1,1.50,-179.70,0.00,0.00,0,0.0000,0.0000,0.4000,0.0000,0.0000,0.0000,0.00,0.00,82.04,67.29,858,257,0.29953,0.29953,0.99301,0.30186,3,2,0,0.00000,0.00000,1.00000,0.0000,0.0000,0.0000,0.0000,0.0000,0.0000,0.00,0.00,0.00,1,1,0.0000,0.0000,0.4000,0.00,0.8200,0.3500,1.0000,6.00,180.00,5.000000,0.050000,0.000000,1.100000,0.000000,0.000000,1.200000,0.000000,0.000000,1.350000,0.000000,0.000000,0.850000,0.020000,0.000000,0.008000,0.000000,0.000600,0.008000,0.000000,0.000600,0.006000,0.000000,0.000000,1,1,1,858,204,841,841,841,0,0,60.00,50376,3041,842,0,0,0,50377,500.00,0.00,16,378,0.0000,0.5000,0.5000,0.0000,0.5000
2026-04-27T19:15:36.022,14.294,1,1.50,-179.70,0.00,0.00,0,0.0000,0.0000,0.4000,0.0000,0.0000,0.0000,0.00,0.00,67.29,72.35,859,257,0.29919,0.29919,0.99302,0.30151,3,2,0,0.00000,0.00000,1.00000,0.0000,0.0000,0.0000,0.0000,0.0000,0.0000,0.00,0.00,0.00,1,1,0.0000,0.0000,0.4000,0.00,0.8200,0.3500,1.0000,6.00,180.00,5.000000,0.050000,0.000000,1.100000,0.000000,0.000000,1.200000,0.000000,0.000000,1.350000,0.000000,0.000000,0.850000,0.020000,0.000000,0.008000,0.000000,0.000600,0.008000,0.000000,0.000600,0.006000,0.000000,0.000000,1,1,1,859,204,841,841,841,0,0,60.00,50376,3041,842,0,0,0,50377,500.00,0.00,16,378,0.0000,0.5000,0.5000,0.0000,0.5000
2026-04-27T19:15:36.038,14.310,1,1.50,-179.70,0.00,0.00,0,0.0000,0.0000,0.4000,0.0000,0.0000,0.0000,0.00,0.00,41.87,63.35,860,257,0.29884,0.29884,0.99302,0.30116,3,2,0,0.00000,0.00000,1.00000,0.0000,0.0000,0.0000,0.0000,0.0000,0.0000,0.00,0.00,0.00,1,1,0.0000,0.0000,0.4000,0.00,0.8200,0.3500,1.0000,6.00,180.00,5.000000,0.050000,0.000000,1.100000,0.000000,0.000000,1.200000,0.000000,0.000000,1.350000,0.000000,0.000000,0.850000,0.020000,0.000000,0.008000,0.000000,0.000600,0.008000,0.000000,0.000600,0.006000,0.000000,0.000000,1,1,1,860,204,841,841,841,0,0,60.00,50376,3041,842,0,0,0,50377,500.00,0.00,16,378,0.0000,0.5000,0.5000,0.0000,0.5000
2026-04-27T19:15:36.058,14.330,1,1.50,-179.70,0.00,0.00,0,0.0000,0.0000,0.4000,0.0000,0.0000,0.0000,0.00,0.00,59.18,49.81,861,257,0.29849,0.29849,0.99303,0.30081,3,2,0,0.00000,0.00000,1.00000,0.0000,0.0000,0.0000,0.0000,0.0000,0.0000,0.00,0.00,0.00,1,1,0.0000,0.0000,0.4000,0.00,0.8200,0.3500,1.0000,6.00,180.00,5.000000,0.050000,0.000000,1.100000,0.000000,0.000000,1.200000,0.000000,0.000000,1.350000,0.000000,0.000000,0.850000,0.020000,0.000000,0.008000,0.000000,0.000600,0.008000,0.000000,0.000600,0.006000,0.000000,0.000000,1,1,1,861,204,841,841,841,0,0,60.00,50376,3041,842,0,0,0,50377,500.00,0.00,16,378,0.0000,0.5000,0.5000,0.0000,0.5000
2026-04-27T19:15:36.079,14.352,1,1.50,-179.70,0.00,0.00,0,0.0000,0.0000,0.4000,0.0000,0.0000,0.0000,0.00,0.00,112.31,45.89,862,257,0.29814,0.29814,0.99304,0.30046,3,2,0,0.00000,0.00000,1.00000,0.0000,0.0000,0.0000,0.0000,0.0000,0.0000,0.00,0.00,0.00,1,1,0.0000,0.0000,0.4000,0.00,0.8200,0.3500,1.0000,6.00,180.00,5.000000,0.050000,0.000000,1.100000,0.000000,0.000000,1.200000,0.000000,0.000000,1.350000,0.000000,0.000000,0.850000,0.020000,0.000000,0.008000,0.000000,0.000600,0.008000,0.000000,0.000600,0.006000,0.000000,0.000000,1,1,1,862,204,841,841,841,0,0,60.00,50376,3041,842,0,0,0,50377,500.00,0.00,16,378,0.0000,0.5000,0.5000,0.0000,0.5000
2026-04-27T19:15:36.097,14.369,1,1.50,-179.70,0.00,0.00,0,0.0000,0.0000,0.4000,0.0000,0.0000,0.0000,0.00,0.00,45.89,58.02,863,257,0.29780,0.29780,0.99305,0.30012,3,2,0,0.00000,0.00000,1.00000,0.0000,0.0000,0.0000,0.0000,0.0000,0.0000,0.00,0.00,0.00,1,1,0.0000,0.0000,0.4000,0.00,0.8200,0.3500,1.0000,6.00,180.00,5.000000,0.050000,0.000000,1.100000,0.000000,0.000000,1.200000,0.000000,0.000000,1.350000,0.000000,0.000000,0.850000,0.020000,0.000000,0.008000,0.000000,0.000600,0.008000,0.000000,0.000600,0.006000,0.000000,0.000000,1,1,1,863,204,841,841,841,0,0,60.00,50376,3041,842,0,0,0,50377,500.00,0.00,16,378,0.0000,0.5000,0.5000,0.0000,0.5000
2026-04-27T19:15:36.116,14.389,1,1.50,-179.70,0.00,0.00,0,0.0000,0.0000,0.4000,0.0000,0.0000,0.0000,0.00,0.00,51.73,57.47,864,257,0.29745,0.29745,0.99306,0.29977,3,2,0,0.00000,0.00000,1.00000,0.0000,0.0000,0.0000,0.0000,0.0000,0.0000,0.00,0.00,0.00,1,1,0.0000,0.0000,0.4000,0.00,0.8200,0.3500,1.0000,6.00,180.00,5.000000,0.050000,0.000000,1.100000,0.000000,0.000000,1.200000,0.000000,0.000000,1.350000,0.000000,0.000000,0.850000,0.020000,0.000000,0.008000,0.000000,0.000600,0.008000,0.000000,0.000600,0.006000,0.000000,0.000000,1,1,1,864,204,841,841,841,0,0,60.00,50376,3041,842,0,0,0,50377,500.00,0.00,16,378,0.0000,0.5000,0.5000,0.0000,0.5000
2026-04-27T19:15:36.132,14.404,1,1.50,-179.70,0.00,0.00,0,0.0000,0.0000,0.4000,0.0000,0.0000,0.0000,0.00,0.00,56.32,68.21,865,257,0.29711,0.29711,0.99306,0.29942,3,2,0,0.00000,0.00000,1.00000,0.0000,0.0000,0.0000,0.0000,0.0000,0.0000,0.00,0.00,0.00,1,1,0.0000,0.0000,0.4000,0.00,0.8200,0.3500,1.0000,6.00,180.00,5.000000,0.050000,0.000000,1.100000,0.000000,0.000000,1.200000,0.000000,0.000000,1.350000,0.000000,0.000000,0.850000,0.020000,0.000000,0.008000,0.000000,0.000600,0.008000,0.000000,0.000600,0.006000,0.000000,0.000000,1,1,1,865,204,841,841,841,0,0,60.00,50376,3041,842,0,0,0,50377,500.00,0.00,16,378,0.0000,0.5000,0.5000,0.0000,0.5000
2026-04-27T19:15:36.147,14.419,1,1.50,-179.70,0.00,0.00,0,0.0000,0.0000,0.4000,0.0000,0.0000,0.0000,0.00,0.00,63.62,53.95,866,257,0.29677,0.29677,0.99307,0.29908,3,2,0,0.00000,0.00000,1.00000,0.0000,0.0000,0.0000,0.0000,0.0000,0.0000,0.00,0.00,0.00,1,1,0.0000,0.0000,0.4000,0.00,0.8200,0.3500,1.0000,6.00,180.00,5.000000,0.050000,0.000000,1.100000,0.000000,0.000000,1.200000,0.000000,0.000000,1.350000,0.000000,0.000000,0.850000,0.020000,0.000000,0.008000,0.000000,0.000600,0.008000,0.000000,0.000600,0.006000,0.000000,0.000000,1,1,1,866,204,841,841,841,0,0,60.00,50376,3041,842,0,0,0,50377,500.00,0.00,16,378,0.0000,0.5000,0.5000,0.0000,0.5000
2026-04-27T19:15:36.164,14.436,1,1.50,-179.70,0.00,0.00,0,0.0000,0.0000,0.4000,0.0000,0.0000,0.0000,0.00,0.00,60.68,63.39,867,257,0.29642,0.29642,0.99308,0.29873,3,2,0,0.00000,0.00000,1.00000,0.0000,0.0000,0.0000,0.0000,0.0000,0.0000,0.00,0.00,0.00,1,1,0.0000,0.0000,0.4000,0.00,0.8200,0.3500,1.0000,6.00,180.00,5.000000,0.050000,0.000000,1.100000,0.000000,0.000000,1.200000,0.000000,0.000000,1.350000,0.000000,0.000000,0.850000,0.020000,0.000000,0.008000,0.000000,0.000600,0.008000,0.000000,0.000600,0.006000,0.000000,0.000000,1,1,1,867,204,841,841,841,0,0,60.00,50376,3041,842,0,0,0,50377,500.00,0.00,16,378,0.0000,0.5000,0.5000,0.0000,0.5000
2026-04-27T19:15:36.182,14.454,1,1.50,-179.70,0.00,0.00,0,0.0000,0.0000,0.4000,0.0000,0.0000,0.0000,0.00,0.00,61.26,58.24,868,257,0.29608,0.29608,0.99309,0.29839,3,2,0,0.00000,0.00000,1.00000,0.0000,0.0000,0.0000,0.0000,0.0000,0.0000,0.00,0.00,0.00,1,1,0.0000,0.0000,0.4000,0.00,0.8200,0.3500,1.0000,6.00,180.00,5.000000,0.050000,0.000000,1.100000,0.000000,0.000000,1.200000,0.000000,0.000000,1.350000,0.000000,0.000000,0.850000,0.020000,0.000000,0.008000,0.000000,0.000600,0.008000,0.000000,0.000600,0.006000,0.000000,0.000000,1,1,1,868,204,841,841,841,0,0,60.00,50376,3041,842,0,0,0,50377,500.00,0.00,16,378,0.0000,0.5000,0.5000,0.0000,0.5000
2026-04-27T19:15:36.198,14.470,1,1.50,-179.70,0.00,0.00,0,0.0000,0.0000,0.4000,0.0000,0.0000,0.0000,0.00,0.00,56.90,60.82,869,257,0.29574,0.29574,0.99310,0.29804,3,2,0,0.00000,0.00000,1.00000,0.0000,0.0000,0.0000,0.0000,0.0000,0.0000,0.00,0.00,0.00,1,1,0.0000,0.0000,0.4000,0.00,0.8200,0.3500,1.0000,6.00,180.00,5.000000,0.050000,0.000000,1.100000,0.000000,0.000000,1.200000,0.000000,0.000000,1.350000,0.000000,0.000000,0.850000,0.020000,0.000000,0.008000,0.000000,0.000600,0.008000,0.000000,0.000600,0.006000,0.000000,0.000000,1,1,1,869,204,841,841,841,0,0,60.00,50376,3041,842,0,0,0,50377,500.00,0.00,16,378,0.0000,0.5000,0.5000,0.0000,0.5000
2026-04-27T19:15:36.208,14.480,1,1.50,-179.70,0.00,0.00,0,0.0000,0.0000,0.4000,0.0000,0.0000,0.0000,0.00,0.00,60.54,89.08,870,257,0.29540,0.29540,0.99310,0.29770,3,2,0,0.00000,0.00000,1.00000,0.0000,0.0000,0.0000,0.0000,0.0000,0.0000,0.00,0.00,0.00,1,1,0.0000,0.0000,0.4000,0.00,0.8200,0.3500,1.0000,6.00,180.00,5.000000,0.050000,0.000000,1.100000,0.000000,0.000000,1.200000,0.000000,0.000000,1.350000,0.000000,0.000000,0.850000,0.020000,0.000000,0.008000,0.000000,0.000600,0.008000,0.000000,0.000600,0.006000,0.000000,0.000000,1,1,1,870,204,841,841,841,0,0,60.00,50376,3041,842,0,0,0,50377,500.00,0.00,16,378,0.0000,0.5000,0.5000,0.0000,0.5000
2026-04-27T19:15:36.231,14.503,1,1.50,-179.70,0.00,0.00,0,0.0000,0.0000,0.4000,0.0000,0.0000,0.0000,0.00,0.00,60.28,44.60,871,257,0.29506,0.29506,0.99311,0.29736,3,2,0,0.00000,0.00000,1.00000,0.0000,0.0000,0.0000,0.0000,0.0000,0.0000,0.00,0.00,0.00,1,1,0.0000,0.0000,0.4000,0.00,0.8200,0.3500,1.0000,6.00,180.00,5.000000,0.050000,0.000000,1.100000,0.000000,0.000000,1.200000,0.000000,0.000000,1.350000,0.000000,0.000000,0.850000,0.020000,0.000000,0.008000,0.000000,0.000600,0.008000,0.000000,0.000600,0.006000,0.000000,0.000000,1,1,1,871,204,841,841,841,0,0,60.00,50376,3041,842,0,0,0,50377,500.00,0.00,16,378,0.0000,0.5000,0.5000,0.0000,0.5000
2026-04-27T19:15:36.247,14.519,1,1.50,-179.70,0.00,0.00,0,0.0000,0.0000,0.4000,0.0000,0.0000,0.0000,0.00,0.00,59.99,60.06,872,257,0.29472,0.29472,0.99312,0.29702,3,2,0,0.00000,0.00000,1.00000,0.0000,0.0000,0.0000,0.0000,0.0000,0.0000,0.00,0.00,0.00,1,1,0.0000,0.0000,0.4000,0.00,0.8200,0.3500,1.0000,6.00,180.00,5.000000,0.050000,0.000000,1.100000,0.000000,0.000000,1.200000,0.000000,0.000000,1.350000,0.000000,0.000000,0.850000,0.020000,0.000000,0.008000,0.000000,0.000600,0.008000,0.000000,0.000600,0.006000,0.000000,0.000000,1,1,1,872,204,841,841,841,0,0,60.00,50376,3041,842,0,0,0,50377,500.00,0.00,16,378,0.0000,0.5000,0.5000,0.0000,0.5000
2026-04-27T19:15:36.264,14.536,1,1.50,-179.70,0.00,0.00,0,0.0000,0.0000,0.4000,0.0000,0.0000,0.0000,0.00,0.00,68.71,62.91,873,257,0.29439,0.29439,0.99313,0.29668,3,2,0,0.00000,0.00000,1.00000,0.0000,0.0000,0.0000,0.0000,0.0000,0.0000,0.00,0.00,0.00,1,1,0.0000,0.0000,0.4000,0.00,0.8200,0.3500,1.0000,6.00,180.00,5.000000,0.050000,0.000000,1.100000,0.000000,0.000000,1.200000,0.000000,0.000000,1.350000,0.000000,0.000000,0.850000,0.020000,0.000000,0.008000,0.000000,0.000600,0.008000,0.000000,0.000600,0.006000,0.000000,0.000000,1,1,1,873,204,841,841,841,0,0,60.00,50376,3041,842,0,0,0,50377,500.00,0.00,16,378,0.0000,0.5000,0.5000,0.0000,0.5000
2026-04-27T19:15:36.281,14.553,1,1.50,-179.70,0.00,0.00,0,0.0000,0.0000,0.4000,0.0000,0.0000,0.0000,0.00,0.00,55.18,56.53,874,257,0.29405,0.29405,0.99314,0.29634,3,2,0,0.00000,0.00000,1.00000,0.0000,0.0000,0.0000,0.0000,0.0000,0.0000,0.00,0.00,0.00,1,1,0.0000,0.0000,0.4000,0.00,0.8200,0.3500,1.0000,6.00,180.00,5.000000,0.050000,0.000000,1.100000,0.000000,0.000000,1.200000,0.000000,0.000000,1.350000,0.000000,0.000000,0.850000,0.020000,0.000000,0.008000,0.000000,0.000600,0.008000,0.000000,0.000600,0.006000,0.000000,0.000000,1,1,1,874,204,841,841,841,0,0,60.00,50376,3041,872,0,0,0,50407,500.00,0.00,16,1606,0.0000,0.5000,0.5000,0.0000,0.5000
2026-04-27T19:15:36.298,14.570,1,1.50,-179.70,0.00,0.00,0,0.0000,0.0000,0.4000,0.0000,0.0000,0.0000,0.00,0.00,59.57,98.87,875,257,0.29371,0.29371,0.99314,0.29600,3,2,0,0.00000,0.00000,1.00000,0.0000,0.0000,0.0000,0.0000,0.0000,0.0000,0.00,0.00,0.00,1,1,0.0000,0.0000,0.4000,0.00,0.8200,0.3500,1.0000,6.00,180.00,5.000000,0.050000,0.000000,1.100000,0.000000,0.000000,1.200000,0.000000,0.000000,1.350000,0.000000,0.000000,0.850000,0.020000,0.000000,0.008000,0.000000,0.000600,0.008000,0.000000,0.000600,0.006000,0.000000,0.000000,1,1,1,875,204,841,841,841,0,0,60.00,50376,3041,872,0,0,0,50407,500.00,0.00,16,1606,0.0000,0.5000,0.5000,0.0000,0.5000
2026-04-27T19:15:36.314,14.586,1,1.50,-179.70,0.00,0.00,0,0.0000,0.0000,0.4000,0.0000,0.0000,0.0000,0.00,0.00,58.25,43.04,876,257,0.29338,0.29338,0.99315,0.29566,3,2,0,0.00000,0.00000,1.00000,0.0000,0.0000,0.0000,0.0000,0.0000,0.0000,0.00,0.00,0.00,1,1,0.0000,0.0000,0.4000,0.00,0.8200,0.3500,1.0000,6.00,180.00,5.000000,0.050000,0.000000,1.100000,0.000000,0.000000,1.200000,0.000000,0.000000,1.350000,0.000000,0.000000,0.850000,0.020000,0.000000,0.008000,0.000000,0.000600,0.008000,0.000000,0.000600,0.006000,0.000000,0.000000,1,1,1,876,204,841,841,841,0,0,60.00,50376,3041,872,0,0,0,50407,500.00,0.00,16,1606,0.0000,0.5000,0.5000,0.0000,0.5000
2026-04-27T19:15:36.333,14.605,1,1.50,-179.70,0.00,0.00,0,0.0000,0.0000,0.4000,0.0000,0.0000,0.0000,0.00,0.00,61.65,61.64,877,257,0.29304,0.29304,0.99316,0.29532,3,2,0,0.00000,0.00000,1.00000,0.0000,0.0000,0.0000,0.0000,0.0000,0.0000,0.00,0.00,0.00,1,1,0.0000,0.0000,0.4000,0.00,0.8200,0.3500,1.0000,6.00,180.00,5.000000,0.050000,0.000000,1.100000,0.000000,0.000000,1.200000,0.000000,0.000000,1.350000,0.000000,0.000000,0.850000,0.020000,0.000000,0.008000,0.000000,0.000600,0.008000,0.000000,0.000600,0.006000,0.000000,0.000000,1,1,1,877,204,841,841,841,0,0,60.00,50376,3041,872,0,0,0,50407,500.00,0.00,16,1606,0.0000,0.5000,0.5000,0.0000,0.5000
2026-04-27T19:15:36.347,14.619,1,1.50,-179.70,0.00,0.00,0,0.0000,0.0000,0.4000,0.0000,0.0000,0.0000,0.00,0.00,52.59,59.72,878,257,0.29271,0.29271,0.99317,0.29499,3,2,0,0.00000,0.00000,1.00000,0.0000,0.0000,0.0000,0.0000,0.0000,0.0000,0.00,0.00,0.00,1,1,0.0000,0.0000,0.4000,0.00,0.8200,0.3500,1.0000,6.00,180.00,5.000000,0.050000,0.000000,1.100000,0.000000,0.000000,1.200000,0.000000,0.000000,1.350000,0.000000,0.000000,0.850000,0.020000,0.000000,0.008000,0.000000,0.000600,0.008000,0.000000,0.000600,0.006000,0.000000,0.000000,1,1,1,878,204,841,841,841,0,0,60.00,50376,3041,872,0,0,0,50407,500.00,0.00,16,1606,0.0000,0.5000,0.5000,0.0000,0.5000
2026-04-27T19:15:36.364,14.636,1,1.50,-179.70,0.00,0.00,0,0.0000,0.0000,0.4000,0.0000,0.0000,0.0000,0.00,0.00,71.07,62.25,879,257,0.29238,0.29238,0.99317,0.29465,3,2,0,0.00000,0.00000,1.00000,0.0000,0.0000,0.0000,0.0000,0.0000,0.0000,0.00,0.00,0.00,1,1,0.0000,0.0000,0.4000,0.00,0.8200,0.3500,1.0000,6.00,180.00,5.000000,0.050000,0.000000,1.100000,0.000000,0.000000,1.200000,0.000000,0.000000,1.350000,0.000000,0.000000,0.850000,0.020000,0.000000,0.008000,0.000000,0.000600,0.008000,0.000000,0.000600,0.006000,0.000000,0.000000,1,1,1,879,204,841,841,841,0,0,60.00,50376,3041,872,0,0,0,50407,500.00,0.00,16,1606,0.0000,0.5000,0.5000,0.0000,0.5000
2026-04-27T19:15:36.381,14.653,1,1.50,-179.70,0.00,0.00,0,0.0000,0.0000,0.4000,0.0000,0.0000,0.0000,0.00,0.00,59.35,57.91,880,257,0.29205,0.29205,0.99318,0.29432,3,2,0,0.00000,0.00000,1.00000,0.0000,0.0000,0.0000,0.0000,0.0000,0.0000,0.00,0.00,0.00,1,1,0.0000,0.0000,0.4000,0.00,0.8200,0.3500,1.0000,6.00,180.00,5.000000,0.050000,0.000000,1.100000,0.000000,0.000000,1.200000,0.000000,0.000000,1.350000,0.000000,0.000000,0.850000,0.020000,0.000000,0.008000,0.000000,0.000600,0.008000,0.000000,0.000600,0.006000,0.000000,0.000000,1,1,1,880,204,841,841,841,0,0,60.00,50376,3041,872,0,0,0,50407,500.00,0.00,16,1606,0.0000,0.5000,0.5000,0.0000,0.5000
2026-04-27T19:15:36.395,14.667,1,1.50,-179.70,0.00,0.00,0,0.0000,0.0000,0.4000,0.0000,0.0000,0.0000,0.00,0.00,58.79,69.38,881,257,0.29171,0.29171,0.99319,0.29398,3,2,0,0.00000,0.00000,1.00000,0.0000,0.0000,0.0000,0.0000,0.0000,0.0000,0.00,0.00,0.00,1,1,0.0000,0.0000,0.4000,0.00,0.8200,0.3500,1.0000,6.00,180.00,5.000000,0.050000,0.000000,1.100000,0.000000,0.000000,1.200000,0.000000,0.000000,1.350000,0.000000,0.000000,0.850000,0.020000,0.000000,0.008000,0.000000,0.000600,0.008000,0.000000,0.000600,0.006000,0.000000,0.000000,1,1,1,881,204,841,841,841,0,0,60.00,50376,3041,872,0,0,0,50407,500.00,0.00,16,1606,0.0000,0.5000,0.5000,0.0000,0.5000
2026-04-27T19:15:36.411,14.683,1,1.50,-179.70,0.00,0.00,0,0.0000,0.0000,0.4000,0.0000,0.0000,0.0000,0.00,0.00,80.60,60.88,882,257,0.29138,0.29138,0.99320,0.29365,3,2,0,0.00000,0.00000,1.00000,0.0000,0.0000,0.0000,0.0000,0.0000,0.0000,0.00,0.00,0.00,1,1,0.0000,0.0000,0.4000,0.00,0.8200,0.3500,1.0000,6.00,180.00,5.000000,0.050000,0.000000,1.100000,0.000000,0.000000,1.200000,0.000000,0.000000,1.350000,0.000000,0.000000,0.850000,0.020000,0.000000,0.008000,0.000000,0.000600,0.008000,0.000000,0.000600,0.006000,0.000000,0.000000,1,1,1,882,204,841,841,841,0,0,60.00,50376,3041,872,0,0,0,50407,500.00,0.00,16,1606,0.0000,0.5000,0.5000,0.0000,0.5000
2026-04-27T19:15:36.432,14.704,1,1.50,-179.70,0.00,0.00,0,0.0000,0.0000,0.4000,0.0000,0.0000,0.0000,0.00,0.00,48.06,51.15,883,257,0.29105,0.29105,0.99320,0.29332,3,2,0,0.00000,0.00000,1.00000,0.0000,0.0000,0.0000,0.0000,0.0000,0.0000,0.00,0.00,0.00,1,1,0.0000,0.0000,0.4000,0.00,0.8200,0.3500,1.0000,6.00,180.00,5.000000,0.050000,0.000000,1.100000,0.000000,0.000000,1.200000,0.000000,0.000000,1.350000,0.000000,0.000000,0.850000,0.020000,0.000000,0.008000,0.000000,0.000600,0.008000,0.000000,0.000600,0.006000,0.000000,0.000000,1,1,1,883,204,841,841,841,0,0,60.00,50376,3041,872,0,0,0,50407,500.00,0.00,16,1606,0.0000,0.5000,0.5000,0.0000,0.5000
2026-04-27T19:15:36.447,14.720,1,1.50,-179.70,0.00,0.00,0,0.0000,0.0000,0.4000,0.0000,0.0000,0.0000,0.00,0.00,61.85,60.37,884,257,0.29072,0.29072,0.99321,0.29299,3,2,0,0.00000,0.00000,1.00000,0.0000,0.0000,0.0000,0.0000,0.0000,0.0000,0.00,0.00,0.00,1,1,0.0000,0.0000,0.4000,0.00,0.8200,0.3500,1.0000,6.00,180.00,5.000000,0.050000,0.000000,1.100000,0.000000,0.000000,1.200000,0.000000,0.000000,1.350000,0.000000,0.000000,0.850000,0.020000,0.000000,0.008000,0.000000,0.000600,0.008000,0.000000,0.000600,0.006000,0.000000,0.000000,1,1,1,884,204,841,841,841,0,0,60.00,50376,3041,872,0,0,0,50407,500.00,0.00,16,1606,0.0000,0.5000,0.5000,0.0000,0.5000
2026-04-27T19:15:36.464,14.736,1,1.50,-179.70,0.00,0.00,0,0.0000,0.0000,0.4000,0.0000,0.0000,0.0000,0.00,0.00,58.68,59.79,885,257,0.29040,0.29040,0.99322,0.29266,3,2,0,0.00000,0.00000,1.00000,0.0000,0.0000,0.0000,0.0000,0.0000,0.0000,0.00,0.00,0.00,1,1,0.0000,0.0000,0.4000,0.00,0.8200,0.3500,1.0000,6.00,180.00,5.000000,0.050000,0.000000,1.100000,0.000000,0.000000,1.200000,0.000000,0.000000,1.350000,0.000000,0.000000,0.850000,0.020000,0.000000,0.008000,0.000000,0.000600,0.008000,0.000000,0.000600,0.006000,0.000000,0.000000,1,1,1,885,204,841,841,841,0,0,60.00,50376,3041,872,0,0,0,50407,500.00,0.00,16,1606,0.0000,0.5000,0.5000,0.0000,0.5000
2026-04-27T19:15:36.480,14.753,1,1.50,-179.70,0.00,0.00,0,0.0000,0.0000,0.4000,0.0000,0.0000,0.0000,0.00,0.00,60.52,60.15,886,257,0.29007,0.29007,0.99323,0.29233,3,2,0,0.00000,0.00000,1.00000,0.0000,0.0000,0.0000,0.0000,0.0000,0.0000,0.00,0.00,0.00,1,1,0.0000,0.0000,0.4000,0.00,0.8200,0.3500,1.0000,6.00,180.00,5.000000,0.050000,0.000000,1.100000,0.000000,0.000000,1.200000,0.000000,0.000000,1.350000,0.000000,0.000000,0.850000,0.020000,0.000000,0.008000,0.000000,0.000600,0.008000,0.000000,0.000600,0.006000,0.000000,0.000000,1,1,1,886,204,841,841,841,0,0,60.00,50376,3041,872,0,0,0,50407,500.00,0.00,16,1606,0.0000,0.5000,0.5000,0.0000,0.5000
2026-04-27T19:15:36.498,14.770,1,1.50,-179.70,0.00,0.00,0,0.0000,0.0000,0.4000,0.0000,0.0000,0.0000,0.00,0.00,60.19,59.99,887,257,0.28974,0.28974,0.99324,0.29200,3,2,0,0.00000,0.00000,1.00000,0.0000,0.0000,0.0000,0.0000,0.0000,0.0000,0.00,0.00,0.00,1,1,0.0000,0.0000,0.4000,0.00,0.8200,0.3500,1.0000,6.00,180.00,5.000000,0.050000,0.000000,1.100000,0.000000,0.000000,1.200000,0.000000,0.000000,1.350000,0.000000,0.000000,0.850000,0.020000,0.000000,0.008000,0.000000,0.000600,0.008000,0.000000,0.000600,0.006000,0.000000,0.000000,1,1,1,887,204,841,841,841,0,0,60.00,50376,3041,872,0,0,0,50407,500.00,0.00,16,1606,0.0000,0.5000,0.5000,0.0000,0.5000
2026-04-27T19:15:36.514,14.786,1,1.50,-179.70,0.00,0.00,0,0.0000,0.0000,0.4000,0.0000,0.0000,0.0000,0.00,0.00,58.18,60.08,888,257,0.28941,0.28941,0.99324,0.29167,3,2,0,0.00000,0.00000,1.00000,0.0000,0.0000,0.0000,0.0000,0.0000,0.0000,0.00,0.00,0.00,1,1,0.0000,0.0000,0.4000,0.00,0.8200,0.3500,1.0000,6.00,180.00,5.000000,0.050000,0.000000,1.100000,0.000000,0.000000,1.200000,0.000000,0.000000,1.350000,0.000000,0.000000,0.850000,0.020000,0.000000,0.008000,0.000000,0.000600,0.008000,0.000000,0.000600,0.006000,0.000000,0.000000,1,1,1,888,204,841,841,841,0,0,60.00,50376,3041,872,0,0,0,50407,500.00,0.00,16,1606,0.0000,0.5000,0.5000,0.0000,0.5000
2026-04-27T19:15:36.531,14.803,1,1.50,-179.70,0.00,0.00,0,0.0000,0.0000,0.4000,0.0000,0.0000,0.0000,0.00,0.00,59.59,62.72,889,257,0.28909,0.28909,0.99325,0.29134,3,2,0,0.00000,0.00000,1.00000,0.0000,0.0000,0.0000,0.0000,0.0000,0.0000,0.00,0.00,0.00,1,1,0.0000,0.0000,0.4000,0.00,0.8200,0.3500,1.0000,6.00,180.00,5.000000,0.050000,0.000000,1.100000,0.000000,0.000000,1.200000,0.000000,0.000000,1.350000,0.000000,0.000000,0.850000,0.020000,0.000000,0.008000,0.000000,0.000600,0.008000,0.000000,0.000600,0.006000,0.000000,0.000000,1,1,1,889,204,841,841,841,0,0,60.00,50376,3041,872,0,0,0,50407,500.00,0.00,16,1606,0.0000,0.5000,0.5000,0.0000,0.5000
2026-04-27T19:15:36.549,14.821,1,1.50,-179.70,0.00,0.00,0,0.0000,0.0000,0.4000,0.0000,0.0000,0.0000,0.00,0.00,61.61,58.03,890,257,0.28876,0.28876,0.99326,0.29101,3,2,0,0.00000,0.00000,1.00000,0.0000,0.0000,0.0000,0.0000,0.0000,0.0000,0.00,0.00,0.00,1,1,0.0000,0.0000,0.4000,0.00,0.8200,0.3500,1.0000,6.00,180.00,5.000000,0.050000,0.000000,1.100000,0.000000,0.000000,1.200000,0.000000,0.000000,1.350000,0.000000,0.000000,0.850000,0.020000,0.000000,0.008000,0.000000,0.000600,0.008000,0.000000,0.000600,0.006000,0.000000,0.000000,1,1,1,890,204,841,841,841,0,0,60.00,50376,3041,872,0,0,0,50407,500.00,0.00,16,1606,0.0000,0.5000,0.5000,0.0000,0.5000
2026-04-27T19:15:36.564,14.836,1,1.50,-179.70,0.00,0.00,0,0.0000,0.0000,0.4000,0.0000,0.0000,0.0000,0.00,0.00,56.83,62.35,891,257,0.28844,0.28844,0.99327,0.29068,3,2,0,0.00000,0.00000,1.00000,0.0000,0.0000,0.0000,0.0000,0.0000,0.0000,0.00,0.00,0.00,1,1,0.0000,0.0000,0.4000,0.00,0.8200,0.3500,1.0000,6.00,180.00,5.000000,0.050000,0.000000,1.100000,0.000000,0.000000,1.200000,0.000000,0.000000,1.350000,0.000000,0.000000,0.850000,0.020000,0.000000,0.008000,0.000000,0.000600,0.008000,0.000000,0.000600,0.006000,0.000000,0.000000,1,1,1,891,204,841,841,841,0,0,60.00,50376,3041,872,0,0,0,50407,500.00,0.00,16,1606,0.0000,0.5000,0.5000,0.0000,0.5000
2026-04-27T19:15:36.582,14.854,1,1.50,-179.70,0.00,0.00,0,0.0000,0.0000,0.4000,0.0000,0.0000,0.0000,0.00,0.00,64.64,57.64,892,257,0.28812,0.28812,0.99327,0.29036,3,2,0,0.00000,0.00000,1.00000,0.0000,0.0000,0.0000,0.0000,0.0000,0.0000,0.00,0.00,0.00,1,1,0.0000,0.0000,0.4000,0.00,0.8200,0.3500,1.0000,6.00,180.00,5.000000,0.050000,0.000000,1.100000,0.000000,0.000000,1.200000,0.000000,0.000000,1.350000,0.000000,0.000000,0.850000,0.020000,0.000000,0.008000,0.000000,0.000600,0.008000,0.000000,0.000600,0.006000,0.000000,0.000000,1,1,1,892,204,841,841,841,0,0,60.00,50376,3041,872,0,0,0,50407,500.00,0.00,16,1606,0.0000,0.5000,0.5000,0.0000,0.5000
2026-04-27T19:15:36.597,14.869,1,1.50,-179.70,0.00,0.00,0,0.0000,0.0000,0.4000,0.0000,0.0000,0.0000,0.00,0.00,57.97,63.34,893,257,0.28779,0.28779,0.99328,0.29003,3,2,0,0.00000,0.00000,1.00000,0.0000,0.0000,0.0000,0.0000,0.0000,0.0000,0.00,0.00,0.00,1,1,0.0000,0.0000,0.4000,0.00,0.8200,0.3500,1.0000,6.00,180.00,5.000000,0.050000,0.000000,1.100000,0.000000,0.000000,1.200000,0.000000,0.000000,1.350000,0.000000,0.000000,0.850000,0.020000,0.000000,0.008000,0.000000,0.000600,0.008000,0.000000,0.000600,0.006000,0.000000,0.000000,1,1,1,893,204,841,841,841,0,0,60.00,50376,3041,872,0,0,0,50407,500.00,0.00,16,1606,0.0000,0.5000,0.5000,0.0000,0.5000
2026-04-27T19:15:36.615,14.887,1,1.50,-179.70,0.00,0.00,0,0.0000,0.0000,0.4000,0.0000,0.0000,0.0000,0.00,0.00,62.35,55.64,894,257,0.28747,0.28747,0.99329,0.28971,3,2,0,0.00000,0.00000,1.00000,0.0000,0.0000,0.0000,0.0000,0.0000,0.0000,0.00,0.00,0.00,1,1,0.0000,0.0000,0.4000,0.00,0.8200,0.3500,1.0000,6.00,180.00,5.000000,0.050000,0.000000,1.100000,0.000000,0.000000,1.200000,0.000000,0.000000,1.350000,0.000000,0.000000,0.850000,0.020000,0.000000,0.008000,0.000000,0.000600,0.008000,0.000000,0.000600,0.006000,0.000000,0.000000,1,1,1,894,204,841,841,841,0,0,60.00,50376,3041,872,0,0,0,50407,500.00,0.00,16,1606,0.0000,0.5000,0.5000,0.0000,0.5000
2026-04-27T19:15:36.631,14.903,1,1.50,-179.70,0.00,0.00,0,0.0000,0.0000,0.4000,0.0000,0.0000,0.0000,0.00,0.00,53.68,58.22,895,257,0.28715,0.28715,0.99330,0.28939,3,2,0,0.00000,0.00000,1.00000,0.0000,0.0000,0.0000,0.0000,0.0000,0.0000,0.00,0.00,0.00,1,1,0.0000,0.0000,0.4000,0.00,0.8200,0.3500,1.0000,6.00,180.00,5.000000,0.050000,0.000000,1.100000,0.000000,0.000000,1.200000,0.000000,0.000000,1.350000,0.000000,0.000000,0.850000,0.020000,0.000000,0.008000,0.000000,0.000600,0.008000,0.000000,0.000600,0.006000,0.000000,0.000000,1,1,1,895,204,841,841,841,0,0,60.00,50376,3041,872,0,0,0,50407,500.00,0.00,16,1606,0.0000,0.5000,0.5000,0.0000,0.5000
2026-04-27T19:15:36.648,14.920,1,1.50,-179.70,0.00,0.00,0,0.0000,0.0000,0.4000,0.0000,0.0000,0.0000,0.00,0.00,63.21,72.66,896,257,0.28683,0.28683,0.99330,0.28906,3,2,0,0.00000,0.00000,1.00000,0.0000,0.0000,0.0000,0.0000,0.0000,0.0000,0.00,0.00,0.00,1,1,0.0000,0.0000,0.4000,0.00,0.8200,0.3500,1.0000,6.00,180.00,5.000000,0.050000,0.000000,1.100000,0.000000,0.000000,1.200000,0.000000,0.000000,1.350000,0.000000,0.000000,0.850000,0.020000,0.000000,0.008000,0.000000,0.000600,0.008000,0.000000,0.000600,0.006000,0.000000,0.000000,1,1,1,896,204,841,841,841,0,0,60.00,50376,3041,872,0,0,0,50407,500.00,0.00,16,1606,0.0000,0.5000,0.5000,0.0000,0.5000
2026-04-27T19:15:36.663,14.935,1,1.50,-179.70,0.00,0.00,0,0.0000,0.0000,0.4000,0.0000,0.0000,0.0000,0.00,0.00,64.77,54.71,897,257,0.28651,0.28651,0.99331,0.28874,3,2,0,0.00000,0.00000,1.00000,0.0000,0.0000,0.0000,0.0000,0.0000,0.0000,0.00,0.00,0.00,1,1,0.0000,0.0000,0.4000,0.00,0.8200,0.3500,1.0000,6.00,180.00,5.000000,0.050000,0.000000,1.100000,0.000000,0.000000,1.200000,0.000000,0.000000,1.350000,0.000000,0.000000,0.850000,0.020000,0.000000,0.008000,0.000000,0.000600,0.008000,0.000000,0.000600,0.006000,0.000000,0.000000,1,1,1,897,204,841,841,841,0,0,60.00,50376,3041,872,0,0,0,50407,500.00,0.00,16,1606,0.0000,0.5000,0.5000,0.0000,0.5000
2026-04-27T19:15:36.681,14.953,1,1.50,-179.70,0.00,0.00,0,0.0000,0.0000,0.4000,0.0000,0.0000,0.0000,0.00,0.00,66.05,57.63,898,257,0.28619,0.28619,0.99332,0.28842,3,2,0,0.00000,0.00000,1.00000,0.0000,0.0000,0.0000,0.0000,0.0000,0.0000,0.00,0.00,0.00,1,1,0.0000,0.0000,0.4000,0.00,0.8200,0.3500,1.0000,6.00,180.00,5.000000,0.050000,0.000000,1.100000,0.000000,0.000000,1.200000,0.000000,0.000000,1.350000,0.000000,0.000000,0.850000,0.020000,0.000000,0.008000,0.000000,0.000600,0.008000,0.000000,0.000600,0.006000,0.000000,0.000000,1,1,1,898,204,841,841,841,0,0,60.00,50376,3041,872,0,0,0,50407,500.00,0.00,16,1606,0.0000,0.5000,0.5000,0.0000,0.5000
2026-04-27T19:15:36.699,14.971,1,1.50,-179.70,0.00,0.00,0,0.0000,0.0000,0.4000,0.0000,0.0000,0.0000,0.00,0.00,49.33,59.67,899,257,0.28587,0.28587,0.99333,0.28810,3,2,0,0.00000,0.00000,1.00000,0.0000,0.0000,0.0000,0.0000,0.0000,0.0000,0.00,0.00,0.00,1,1,0.0000,0.0000,0.4000,0.00,0.8200,0.3500,1.0000,6.00,180.00,5.000000,0.050000,0.000000,1.100000,0.000000,0.000000,1.200000,0.000000,0.000000,1.350000,0.000000,0.000000,0.850000,0.020000,0.000000,0.008000,0.000000,0.000600,0.008000,0.000000,0.000600,0.006000,0.000000,0.000000,1,1,1,899,204,841,841,841,0,0,60.00,50376,3041,872,0,0,0,50407,500.00,0.00,16,1606,0.0000,0.5000,0.5000,0.0000,0.5000
2026-04-27T19:15:36.715,14.987,1,1.50,-179.70,0.00,0.00,0,0.0000,0.0000,0.4000,0.0000,0.0000,0.0000,0.00,0.00,61.35,59.77,900,257,0.28556,0.28556,0.99333,0.28778,3,2,0,0.00000,0.00000,1.00000,0.0000,0.0000,0.0000,0.0000,0.0000,0.0000,0.00,0.00,0.00,1,1,0.0000,0.0000,0.4000,0.00,0.8200,0.3500,1.0000,6.00,180.00,5.000000,0.050000,0.000000,1.100000,0.000000,0.000000,1.200000,0.000000,0.000000,1.350000,0.000000,0.000000,0.850000,0.020000,0.000000,0.008000,0.000000,0.000600,0.008000,0.000000,0.000600,0.006000,0.000000,0.000000,1,1,1,900,204,841,841,841,0,0,60.00,50376,3041,872,0,0,0,50407,500.00,0.00,16,1606,0.0000,0.5000,0.5000,0.0000,0.5000
2026-04-27T19:15:36.731,15.003,1,1.50,-179.70,0.00,0.00,0,0.0000,0.0000,0.4000,0.0000,0.0000,0.0000,0.00,0.00,61.77,59.79,901,257,0.28524,0.28524,0.99334,0.28746,3,2,0,0.00000,0.00000,1.00000,0.0000,0.0000,0.0000,0.0000,0.0000,0.0000,0.00,0.00,0.00,1,1,0.0000,0.0000,0.4000,0.00,0.8200,0.3500,1.0000,6.00,180.00,5.000000,0.050000,0.000000,1.100000,0.000000,0.000000,1.200000,0.000000,0.000000,1.350000,0.000000,0.000000,0.850000,0.020000,0.000000,0.008000,0.000000,0.000600,0.008000,0.000000,0.000600,0.006000,0.000000,0.000000,1,1,1,901,204,841,841,841,0,0,60.00,50376,3041,872,0,0,0,50407,500.00,0.00,16,1606,0.0000,0.5000,0.5000,0.0000,0.5000
2026-04-27T19:15:36.751,15.024,1,1.50,-179.70,0.00,0.00,0,0.0000,0.0000,0.4000,0.0000,0.0000,0.0000,0.00,0.00,56.70,59.04,902,257,0.28492,0.28492,0.99335,0.28714,3,2,0,0.00000,0.00000,1.00000,0.0000,0.0000,0.0000,0.0000,0.0000,0.0000,0.00,0.00,0.00,1,1,0.0000,0.0000,0.4000,0.00,0.8200,0.3500,1.0000,6.00,180.00,5.000000,0.050000,0.000000,1.100000,0.000000,0.000000,1.200000,0.000000,0.000000,1.350000,0.000000,0.000000,0.850000,0.020000,0.000000,0.008000,0.000000,0.000600,0.008000,0.000000,0.000600,0.006000,0.000000,0.000000,1,1,1,902,204,901,901,901,0,0,60.00,50436,3891,872,0,0,0,50407,500.00,0.00,16,1606,0.0000,0.5000,0.5000,0.0000,0.5000
2026-04-27T19:15:36.762,15.034,1,1.50,-179.70,0.00,0.00,0,0.0000,0.0000,0.4000,0.0000,0.0000,0.0000,0.00,0.00,53.52,73.00,903,257,0.28461,0.28461,0.99336,0.28682,3,2,0,0.00000,0.00000,1.00000,0.0000,0.0000,0.0000,0.0000,0.0000,0.0000,0.00,0.00,0.00,1,1,0.0000,0.0000,0.4000,0.00,0.8200,0.3500,1.0000,6.00,180.00,5.000000,0.050000,0.000000,1.100000,0.000000,0.000000,1.200000,0.000000,0.000000,1.350000,0.000000,0.000000,0.850000,0.020000,0.000000,0.008000,0.000000,0.000600,0.008000,0.000000,0.000600,0.006000,0.000000,0.000000,1,1,1,903,204,901,901,901,0,0,60.00,50436,3891,872,0,0,0,50407,500.00,0.00,16,1606,0.0000,0.5000,0.5000,0.0000,0.5000
2026-04-27T19:15:36.781,15.053,1,1.50,-179.70,0.00,0.00,0,0.0000,0.0000,0.4000,0.0000,0.0000,0.0000,0.00,0.00,109.62,53.35,904,257,0.28429,0.28429,0.99336,0.28650,3,2,0,0.00000,0.00000,1.00000,0.0000,0.0000,0.0000,0.0000,0.0000,0.0000,0.00,0.00,0.00,1,1,0.0000,0.0000,0.4000,0.00,0.8200,0.3500,1.0000,6.00,180.00,5.000000,0.050000,0.000000,1.100000,0.000000,0.000000,1.200000,0.000000,0.000000,1.350000,0.000000,0.000000,0.850000,0.020000,0.000000,0.008000,0.000000,0.000600,0.008000,0.000000,0.000600,0.006000,0.000000,0.000000,1,1,1,904,204,901,901,901,0,0,60.00,50436,3891,872,0,0,0,50407,500.00,0.00,16,1606,0.0000,0.5000,0.5000,0.0000,0.5000
2026-04-27T19:15:36.792,15.064,1,1.50,-179.70,0.00,0.00,0,0.0000,0.0000,0.4000,0.0000,0.0000,0.0000,0.00,0.00,45.01,84.36,905,257,0.28398,0.28398,0.99337,0.28619,3,2,0,0.00000,0.00000,1.00000,0.0000,0.0000,0.0000,0.0000,0.0000,0.0000,0.00,0.00,0.00,1,1,0.0000,0.0000,0.4000,0.00,0.8200,0.3500,1.0000,6.00,180.00,5.000000,0.050000,0.000000,1.100000,0.000000,0.000000,1.200000,0.000000,0.000000,1.350000,0.000000,0.000000,0.850000,0.020000,0.000000,0.008000,0.000000,0.000600,0.008000,0.000000,0.000600,0.006000,0.000000,0.000000,1,1,1,905,204,901,901,901,0,0,60.00,50436,3891,872,0,0,0,50407,500.00,0.00,16,1606,0.0000,0.5000,0.5000,0.0000,0.5000
2026-04-27T19:15:36.815,15.087,1,1.50,-179.70,0.00,0.00,0,0.0000,0.0000,0.4000,0.0000,0.0000,0.0000,0.00,0.00,119.28,46.51,906,257,0.28366,0.28366,0.99338,0.28587,3,2,0,0.00000,0.00000,1.00000,0.0000,0.0000,0.0000,0.0000,0.0000,0.0000,0.00,0.00,0.00,1,1,0.0000,0.0000,0.4000,0.00,0.8200,0.3500,1.0000,6.00,180.00,5.000000,0.050000,0.000000,1.100000,0.000000,0.000000,1.200000,0.000000,0.000000,1.350000,0.000000,0.000000,0.850000,0.020000,0.000000,0.008000,0.000000,0.000600,0.008000,0.000000,0.000600,0.006000,0.000000,0.000000,1,1,1,906,204,901,901,901,0,0,60.00,50436,3891,872,0,0,0,50407,500.00,0.00,16,1606,0.0000,0.5000,0.5000,0.0000,0.5000
2026-04-27T19:15:36.831,15.103,1,1.50,-179.70,0.00,0.00,0,0.0000,0.0000,0.4000,0.0000,0.0000,0.0000,0.00,0.00,40.06,59.03,907,257,0.28335,0.28335,0.99338,0.28556,3,2,0,0.00000,0.00000,1.00000,0.0000,0.0000,0.0000,0.0000,0.0000,0.0000,0.00,0.00,0.00,1,1,0.0000,0.0000,0.4000,0.00,0.8200,0.3500,1.0000,6.00,180.00,5.000000,0.050000,0.000000,1.100000,0.000000,0.000000,1.200000,0.000000,0.000000,1.350000,0.000000,0.000000,0.850000,0.020000,0.000000,0.008000,0.000000,0.000600,0.008000,0.000000,0.000600,0.006000,0.000000,0.000000,1,1,1,907,204,901,901,901,0,0,60.00,50436,3891,872,0,0,0,50407,500.00,0.00,16,1606,0.0000,0.5000,0.5000,0.0000,0.5000
2026-04-27T19:15:36.848,15.120,1,1.50,-179.70,0.00,0.00,0,0.0000,0.0000,0.4000,0.0000,0.0000,0.0000,0.00,0.00,62.71,62.08,908,257,0.28304,0.28304,0.99339,0.28524,3,2,0,0.00000,0.00000,1.00000,0.0000,0.0000,0.0000,0.0000,0.0000,0.0000,0.00,0.00,0.00,1,1,0.0000,0.0000,0.4000,0.00,0.8200,0.3500,1.0000,6.00,180.00,5.000000,0.050000,0.000000,1.100000,0.000000,0.000000,1.200000,0.000000,0.000000,1.350000,0.000000,0.000000,0.850000,0.020000,0.000000,0.008000,0.000000,0.000600,0.008000,0.000000,0.000600,0.006000,0.000000,0.000000,1,1,1,908,204,901,901,901,0,0,60.00,50436,3891,872,0,0,0,50407,500.00,0.00,16,1606,0.0000,0.5000,0.5000,0.0000,0.5000
2026-04-27T19:15:36.865,15.137,1,1.50,-179.70,0.00,0.00,0,0.0000,0.0000,0.4000,0.0000,0.0000,0.0000,0.00,0.00,63.94,58.73,909,257,0.28273,0.28273,0.99340,0.28493,3,2,0,0.00000,0.00000,1.00000,0.0000,0.0000,0.0000,0.0000,0.0000,0.0000,0.00,0.00,0.00,1,1,0.0000,0.0000,0.4000,0.00,0.8200,0.3500,1.0000,6.00,180.00,5.000000,0.050000,0.000000,1.100000,0.000000,0.000000,1.200000,0.000000,0.000000,1.350000,0.000000,0.000000,0.850000,0.020000,0.000000,0.008000,0.000000,0.000600,0.008000,0.000000,0.000600,0.006000,0.000000,0.000000,1,1,1,909,204,901,901,901,0,0,60.00,50436,3891,872,0,0,0,50407,500.00,0.00,16,1606,0.0000,0.5000,0.5000,0.0000,0.5000
2026-04-27T19:15:36.882,15.154,1,1.50,-179.70,0.00,0.00,0,0.0000,0.0000,0.4000,0.0000,0.0000,0.0000,0.00,0.00,58.72,58.94,910,257,0.28242,0.28242,0.99341,0.28462,3,2,0,0.00000,0.00000,1.00000,0.0000,0.0000,0.0000,0.0000,0.0000,0.0000,0.00,0.00,0.00,1,1,0.0000,0.0000,0.4000,0.00,0.8200,0.3500,1.0000,6.00,180.00,5.000000,0.050000,0.000000,1.100000,0.000000,0.000000,1.200000,0.000000,0.000000,1.350000,0.000000,0.000000,0.850000,0.020000,0.000000,0.008000,0.000000,0.000600,0.008000,0.000000,0.000600,0.006000,0.000000,0.000000,1,1,1,910,204,901,901,901,0,0,60.00,50436,3891,872,0,0,0,50407,500.00,0.00,16,1606,0.0000,0.5000,0.5000,0.0000,0.5000
2026-04-27T19:15:36.893,15.165,1,-1.09,-177.10,-25.14,25.25,0,0.0000,0.0000,0.4000,0.0000,0.0000,0.0000,0.00,0.00,55.58,81.45,911,257,0.28211,0.28211,0.99232,0.28430,2,2,0,0.00000,0.00000,1.00000,0.0000,0.0000,0.0000,0.0000,0.0000,0.0000,0.00,0.00,0.00,1,1,0.0000,0.0000,0.4000,0.00,0.8200,0.3500,1.0000,6.00,180.00,5.000000,0.050000,0.000000,1.100000,0.000000,0.000000,1.200000,0.000000,0.000000,1.350000,0.000000,0.000000,0.850000,0.020000,0.000000,0.008000,0.000000,0.000600,0.008000,0.000000,0.000600,0.006000,0.000000,0.000000,1,1,1,911,204,901,901,901,0,0,60.00,50436,3891,872,0,0,0,50407,500.00,0.00,16,1606,0.0000,0.5000,0.5000,0.0000,0.5000
2026-04-27T19:15:36.915,15.187,1,-1.09,-177.10,-25.14,25.25,0,0.0000,0.0000,0.4000,0.0000,0.0000,0.0000,0.00,0.00,108.15,51.74,912,257,0.28180,0.28180,0.99123,0.28399,2,2,0,0.00000,0.00000,1.00000,0.0000,0.0000,0.0000,0.0000,0.0000,0.0000,0.00,0.00,0.00,1,1,0.0000,0.0000,0.4000,0.00,0.8200,0.3500,1.0000,6.00,180.00,5.000000,0.050000,0.000000,1.100000,0.000000,0.000000,1.200000,0.000000,0.000000,1.350000,0.000000,0.000000,0.850000,0.020000,0.000000,0.008000,0.000000,0.000600,0.008000,0.000000,0.000600,0.006000,0.000000,0.000000,1,1,1,912,204,901,901,901,0,0,60.00,50436,3891,872,0,0,0,50407,500.00,0.00,16,1606,0.0000,0.5000,0.5000,0.0000,0.5000
2026-04-27T19:15:36.931,15.203,1,-1.09,-177.10,-25.14,25.25,0,0.0000,0.0000,0.4000,0.0000,0.0000,0.0000,0.00,0.00,44.97,57.44,913,257,0.28149,0.28149,0.99014,0.28368,2,2,0,0.00000,0.00000,1.00000,0.0000,0.0000,0.0000,0.0000,0.0000,0.0000,0.00,0.00,0.00,1,1,0.0000,0.0000,0.4000,0.00,0.8200,0.3500,1.0000,6.00,180.00,5.000000,0.050000,0.000000,1.100000,0.000000,0.000000,1.200000,0.000000,0.000000,1.350000,0.000000,0.000000,0.850000,0.020000,0.000000,0.008000,0.000000,0.000600,0.008000,0.000000,0.000600,0.006000,0.000000,0.000000,1,1,1,913,204,901,901,901,0,0,60.00,50436,3891,872,0,0,0,50407,500.00,0.00,16,1606,0.0000,0.5000,0.5000,0.0000,0.5000
2026-04-27T19:15:36.951,15.223,1,-1.09,-177.10,-25.14,25.25,0,0.0000,0.0000,0.4000,0.0000,0.0000,0.0000,0.00,0.00,58.91,52.54,914,257,0.28118,0.28118,0.98906,0.28337,2,2,0,0.00000,0.00000,1.00000,0.0000,0.0000,0.0000,0.0000,0.0000,0.0000,0.00,0.00,0.00,1,1,0.0000,0.0000,0.4000,0.00,0.8200,0.3500,1.0000,6.00,180.00,5.000000,0.050000,0.000000,1.100000,0.000000,0.000000,1.200000,0.000000,0.000000,1.350000,0.000000,0.000000,0.850000,0.020000,0.000000,0.008000,0.000000,0.000600,0.008000,0.000000,0.000600,0.006000,0.000000,0.000000,1,1,1,914,204,901,901,901,0,0,60.00,50436,3891,872,0,0,0,50407,500.00,0.00,16,1606,0.0000,0.5000,0.5000,0.0000,0.5000
2026-04-27T19:15:36.965,15.237,1,-1.09,-177.10,-25.14,25.25,0,0.0000,0.0000,0.4000,0.0000,0.0000,0.0000,0.00,0.00,52.23,67.48,915,257,0.28087,0.28087,0.98798,0.28306,2,2,0,0.00000,0.00000,1.00000,0.0000,0.0000,0.0000,0.0000,0.0000,0.0000,0.00,0.00,0.00,1,1,0.0000,0.0000,0.4000,0.00,0.8200,0.3500,1.0000,6.00,180.00,5.000000,0.050000,0.000000,1.100000,0.000000,0.000000,1.200000,0.000000,0.000000,1.350000,0.000000,0.000000,0.850000,0.020000,0.000000,0.008000,0.000000,0.000600,0.008000,0.000000,0.000600,0.006000,0.000000,0.000000,1,1,1,915,204,901,901,901,0,0,60.00,50436,3891,872,0,0,0,50407,500.00,0.00,16,1606,0.0000,0.5000,0.5000,0.0000,0.5000
2026-04-27T19:15:36.980,15.252,1,-1.09,-177.10,-25.14,25.25,0,0.0000,0.0000,0.4000,0.0000,0.0000,0.0000,0.00,0.00,70.21,59.90,916,257,0.28057,0.28057,0.98690,0.28275,1,2,0,0.00000,0.00000,1.00000,0.0000,0.0000,0.0000,0.0000,0.0000,0.0000,0.00,0.00,0.00,1,1,0.0000,0.0000,0.4000,0.00,0.8200,0.3500,1.0000,6.00,180.00,5.000000,0.050000,0.000000,1.100000,0.000000,0.000000,1.200000,0.000000,0.000000,1.350000,0.000000,0.000000,0.850000,0.020000,0.000000,0.008000,0.000000,0.000600,0.008000,0.000000,0.000600,0.006000,0.000000,0.000000,1,1,1,916,204,901,901,901,0,0,60.00,50436,3891,872,0,0,0,50407,500.00,0.00,16,1606,0.0000,0.5000,0.5000,0.0000,0.5000
2026-04-27T19:15:36.998,15.270,1,-26.10,-179.20,-245.14,-20.62,0,0.0000,0.0000,0.4000,0.0000,0.0000,0.0000,0.00,0.00,68.10,59.48,917,257,0.28026,0.28026,0.98582,0.28244,0,1,0,0.00000,0.00000,1.00000,0.0000,0.0000,0.0000,0.0000,0.0000,0.0000,0.00,0.00,0.00,1,1,0.0000,0.0000,0.4000,0.00,0.8200,0.3500,1.0000,6.00,180.00,5.000000,0.050000,0.000000,1.100000,0.000000,0.000000,1.200000,0.000000,0.000000,1.350000,0.000000,0.000000,0.850000,0.020000,0.000000,0.008000,0.000000,0.000600,0.008000,0.000000,0.000600,0.006000,0.000000,0.000000,1,1,1,917,204,901,901,901,0,0,60.00,50436,3891,872,0,0,0,50407,500.00,0.00,16,1606,0.0000,0.5000,0.5000,0.0000,0.5000
2026-04-27T19:15:37.014,15.286,1,-26.10,-179.20,-245.14,-20.62,0,0.0000,0.0000,0.4000,0.0000,0.0000,0.0000,0.00,0.00,57.68,62.77,918,257,0.27996,0.27996,0.98475,0.28214,0,0,0,0.00000,0.00000,1.00000,0.0000,0.0000,0.0000,0.0000,0.0000,0.0000,0.00,0.00,0.00,1,1,0.0000,0.0000,0.4000,0.00,0.8200,0.3500,1.0000,6.00,180.00,5.000000,0.050000,0.000000,1.100000,0.000000,0.000000,1.200000,0.000000,0.000000,1.350000,0.000000,0.000000,0.850000,0.020000,0.000000,0.008000,0.000000,0.000600,0.008000,0.000000,0.000600,0.006000,0.000000,0.000000,1,1,1,918,204,901,901,901,0,0,60.00,50436,3891,872,0,0,0,50407,500.00,0.00,16,1606,0.0000,0.5000,0.5000,0.0000,0.5000
2026-04-27T19:15:37.030,15.302,1,-26.10,-179.20,-245.14,-20.62,0,0.0000,0.0000,0.4000,0.0000,0.0000,0.0000,0.00,0.00,57.44,57.71,919,257,0.27965,0.27965,0.98368,0.28183,0,0,0,0.00000,0.00000,1.00000,0.0000,0.0000,0.0000,0.0000,0.0000,0.0000,0.00,0.00,0.00,1,1,0.0000,0.0000,0.4000,0.00,0.8200,0.3500,1.0000,6.00,180.00,5.000000,0.050000,0.000000,1.100000,0.000000,0.000000,1.200000,0.000000,0.000000,1.350000,0.000000,0.000000,0.850000,0.020000,0.000000,0.008000,0.000000,0.000600,0.008000,0.000000,0.000600,0.006000,0.000000,0.000000,1,1,1,919,204,901,901,901,0,0,60.00,50436,3891,872,0,0,0,50407,500.00,0.00,16,1606,0.0000,0.5000,0.5000,0.0000,0.5000
