iso_time,elapsed_s,imu_ready,imu_pitch_deg,imu_roll_deg,imu_pitch_rate_deg_s,imu_roll_rate_deg_s,mocap_valid,mocap_x_error_m,mocap_y_error_m,mocap_z_error_m,mocap_vx_m_s,mocap_vy_m_s,mocap_vz_m_s,mocap_yaw_error_deg,mocap_yaw_rate_deg_s,backend_loop_hz,tracking_loop_hz,frames_processed,valid_pose_frames,pose_success_rate,full_marker_detection_rate,cam1_full_detection_rate,cam2_full_detection_rate,cam1_leds,cam2_leds,spatial_data_valid,mapping_error_px,model_fit_error_m,scale_factor,position_x_m,position_y_m,position_z_m,velocity_x_m_s,velocity_y_m_s,velocity_z_m_s,yaw_deg,pitch_deg,roll_deg,control_active,control_armed,target_x_m,target_y_m,target_z_m,target_yaw_deg,limit_hover_throttle,limit_min_throttle,limit_max_throttle,limit_max_tilt_deg,limit_max_yaw_rate_deg,pid_xyPos_kp,pid_xyPos_ki,pid_xyPos_kd,pid_zPos_kp,pid_zPos_ki,pid_zPos_kd,pid_yawPos_kp,pid_yawPos_ki,pid_yawPos_kd,pid_xyVel_kp,pid_xyVel_ki,pid_xyVel_kd,pid_zVel_kp,pid_zVel_ki,pid_zVel_kd,pid_roll_kp,pid_roll_ki,pid_roll_kd,pid_pitch_kp,pid_pitch_ki,pid_pitch_kd,pid_yawRate_kp,pid_yawRate_ki,pid_yawRate_kd,serial_connected,serial_send_enabled,serial_send_ok,serial_payload_seq,serial_payload_size_bytes,bridge_serial_frames_rx,bridge_espnow_tx_attempts,bridge_espnow_tx_ok,bridge_espnow_tx_fail,bridge_oversize_drops,bridge_tx_rate_hz,bridge_last_tx_seq,bridge_last_tx_latency_us,controller_rx_packets,controller_rx_missing_packets,controller_rx_duplicate_packets,controller_rx_out_of_order_packets,controller_last_rx_seq,controller_loop_hz,controller_control_hz,controller_command_age_ms,controller_apply_latency_us,controller_motor_imbalance,motor_1_output,motor_2_output,motor_3_output,motor_4_output
2026-04-27T18:54:17.213,0.020,1,0.00,0.10,0.00,0.00,1,-0.0275,0.2306,0.1250,0.0000,0.0000,0.0000,-11.13,-0.51,59.49,83.22,1,1,1.00000,1.00000,1.00000,1.00000,3,3,1,27.29768,0.00228,1.05874,0.0275,-0.2306,0.0250,0.0000,0.0000,0.0000,11.13,-9.58,-2.51,1,1,0.0000,0.0000,0.1500,0.00,0.8500,0.3500,0.9200,6.00,180.00,2.000000,0.050000,0.000000,1.100000,0.000000,0.000000,1.200000,0.000000,0.000000,1.350000,0.000000,0.000000,0.850000,0.020000,0.000000,0.008000,0.000000,0.000600,0.008000,0.000000,0.000600,0.006000,0.000000,0.000000,1,1,1,1,233,539384,539384,328940,210444,0,60.00,29651,3130,0,0,0,0,0,0.00,0.00,0,0,0.0000,0.0000,0.0000,0.0000,0.0000
2026-04-27T18:54:17.230,0.036,1,0.00,0.10,0.00,0.00,1,-0.0274,0.2306,0.1250,0.0000,0.0000,0.0000,-11.17,2.29,48.88,44.94,2,2,1.00000,1.00000,1.00000,1.00000,3,3,1,27.30899,0.00211,1.05991,0.0274,-0.2306,0.0250,0.0000,0.0000,0.0000,11.17,-9.44,-2.48,1,1,0.0000,0.0000,0.1500,0.00,0.8500,0.3500,0.9200,6.00,180.00,2.000000,0.050000,0.000000,1.100000,0.000000,0.000000,1.200000,0.000000,0.000000,1.350000,0.000000,0.000000,0.850000,0.020000,0.000000,0.008000,0.000000,0.000600,0.008000,0.000000,0.000600,0.006000,0.000000,0.000000,1,1,1,2,233,539384,539384,328940,210444,0,60.00,29651,3130,0,0,0,0,0,0.00,0.00,0,0,0.0000,0.0000,0.0000,0.0000,0.0000
2026-04-27T18:54:17.244,0.050,1,0.00,0.10,0.00,0.00,1,-0.0273,0.2306,0.1250,0.0000,0.0000,0.0000,-11.18,0.75,64.54,62.64,3,3,1.00000,1.00000,1.00000,1.00000,3,3,1,27.30797,0.00206,1.06114,0.0273,-0.2306,0.0250,0.0000,0.0000,0.0000,11.18,-9.19,-2.47,1,1,0.0000,0.0000,0.1500,0.00,0.8500,0.3500,0.9200,6.00,180.00,2.000000,0.050000,0.000000,1.100000,0.000000,0.000000,1.200000,0.000000,0.000000,1.350000,0.000000,0.000000,0.850000,0.020000,0.000000,0.008000,0.000000,0.000600,0.008000,0.000000,0.000600,0.006000,0.000000,0.000000,1,1,1,3,233,539384,539384,328940,210444,0,60.00,29651,3130,0,0,0,0,0,0.00,0.00,0,0,0.0000,0.0000,0.0000,0.0000,0.0000
2026-04-27T18:54:17.263,0.069,1,0.00,0.10,0.00,0.00,1,-0.0271,0.2307,0.1248,0.0000,0.0000,0.0000,-11.23,2.60,70.60,59.37,4,4,1.00000,1.00000,1.00000,1.00000,3,3,1,27.31216,0.00213,1.06192,0.0271,-0.2307,0.0252,0.0000,0.0000,0.0000,11.23,-8.94,-2.50,1,1,0.0000,0.0000,0.1500,0.00,0.8500,0.3500,0.9200,6.00,180.00,2.000000,0.050000,0.000000,1.100000,0.000000,0.000000,1.200000,0.000000,0.000000,1.350000,0.000000,0.000000,0.850000,0.020000,0.000000,0.008000,0.000000,0.000600,0.008000,0.000000,0.000600,0.006000,0.000000,0.000000,1,1,1,4,232,539384,539384,328940,210444,0,60.00,29651,3130,0,0,0,0,0,0.00,0.00,0,0,0.0000,0.0000,0.0000,0.0000,0.0000
2026-04-27T18:54:17.277,0.084,1,0.00,0.10,0.00,0.00,1,-0.0272,0.2306,0.1250,0.0000,0.0000,0.0000,-11.23,0.00,51.65,58.82,5,5,1.00000,1.00000,1.00000,1.00000,3,3,1,27.26933,0.00205,1.06055,0.0272,-0.2306,0.0250,0.0000,0.0000,0.0000,11.23,-8.94,-2.49,1,1,0.0000,0.0000,0.1500,0.00,0.8500,0.3500,0.9200,6.00,180.00,2.000000,0.050000,0.000000,1.100000,0.000000,0.000000,1.200000,0.000000,0.000000,1.350000,0.000000,0.000000,0.850000,0.020000,0.000000,0.008000,0.000000,0.000600,0.008000,0.000000,0.000600,0.006000,0.000000,0.000000,1,1,1,5,233,539384,539384,328940,210444,0,60.00,29651,3130,0,0,0,0,0,0.00,0.00,0,0,0.0000,0.0000,0.0000,0.0000,0.0000
2026-04-27T18:54:17.282,0.089,1,0.00,0.10,0.00,0.00,1,-0.0273,0.2307,0.1250,0.0106,0.0000,0.0000,-11.15,-15.19,68.45,82.81,6,6,1.00000,1.00000,1.00000,1.00000,3,3,1,27.25570,0.00219,1.05988,0.0273,-0.2307,0.0250,0.0106,0.0000,0.0000,11.15,-9.18,-2.59,1,1,0.0000,0.0000,0.1500,0.00,0.8500,0.3500,0.9200,6.00,180.00,2.000000,0.050000,0.000000,1.100000,0.000000,0.000000,1.200000,0.000000,0.000000,1.350000,0.000000,0.000000,0.850000,0.020000,0.000000,0.008000,0.000000,0.000600,0.008000,0.000000,0.000600,0.006000,0.000000,0.000000,1,1,1,6,237,539384,539384,328940,210444,0,60.00,29651,3130,0,0,0,0,0,0.00,0.00,0,0,0.0000,0.0000,0.0000,0.0000,0.0000
2026-04-27T18:54:17.312,0.118,1,0.10,0.10,0.95,0.00,1,-0.0275,0.2308,0.1251,0.0000,0.0000,0.0000,-11.16,0.35,306.47,58.96,7,7,1.00000,1.00000,1.00000,1.00000,3,3,1,27.28553,0.00218,1.06182,0.0275,-0.2308,0.0249,0.0000,0.0000,0.0000,11.16,-9.18,-2.73,1,1,0.0000,0.0000,0.1500,0.00,0.8500,0.3500,0.9200,6.00,180.00,2.000000,0.050000,0.000000,1.100000,0.000000,0.000000,1.200000,0.000000,0.000000,1.350000,0.000000,0.000000,0.850000,0.020000,0.000000,0.008000,0.000000,0.000600,0.008000,0.000000,0.000600,0.006000,0.000000,0.000000,1,1,1,7,233,539384,539384,328940,210444,0,60.00,29651,3130,0,0,0,0,0,0.00,0.00,0,0,0.0000,0.0000,0.0000,0.0000,0.0000
2026-04-27T18:54:17.325,0.131,1,0.10,0.10,0.95,0.00,1,-0.0274,0.2307,0.1252,0.0000,0.0000,0.0000,-11.12,-2.84,31.82,47.65,8,8,1.00000,1.00000,1.00000,1.00000,3,3,1,27.29999,0.00226,1.06166,0.0274,-0.2307,0.0248,0.0000,0.0000,0.0000,11.12,-9.28,-2.77,1,1,0.0000,0.0000,0.1500,0.00,0.8500,0.3500,0.9200,6.00,180.00,2.000000,0.050000,0.000000,1.100000,0.000000,0.000000,1.200000,0.000000,0.000000,1.350000,0.000000,0.000000,0.850000,0.020000,0.000000,0.008000,0.000000,0.000600,0.008000,0.000000,0.000600,0.006000,0.000000,0.000000,1,1,1,8,233,539384,539384,328940,210444,0,60.00,29651,3130,0,0,0,0,0,0.00,0.00,0,0,0.0000,0.0000,0.0000,0.0000,0.0000
2026-04-27T18:54:17.344,0.150,1,0.10,0.10,0.95,0.00,1,-0.0275,0.2307,0.1251,0.0000,0.0000,0.0000,-11.12,0.00,90.36,59.13,9,9,1.00000,1.00000,1.00000,1.00000,3,3,1,27.26445,0.00219,1.06002,0.0275,-0.2307,0.0249,0.0000,0.0000,0.0000,11.12,-9.42,-2.66,1,1,0.0000,0.0000,0.1500,0.00,0.8500,0.3500,0.9200,6.00,180.00,2.000000,0.050000,0.000000,1.100000,0.000000,0.000000,1.200000,0.000000,0.000000,1.350000,0.000000,0.000000,0.850000,0.020000,0.000000,0.008000,0.000000,0.000600,0.008000,0.000000,0.000600,0.006000,0.000000,0.000000,1,1,1,9,233,539384,539384,328940,210444,0,60.00,29651,3130,0,0,0,0,0,0.00,0.00,0,0,0.0000,0.0000,0.0000,0.0000,0.0000
2026-04-27T18:54:17.360,0.166,1,0.10,0.10,0.95,0.00,1,-0.0274,0.2306,0.1250,0.0000,0.0000,0.0000,-11.14,1.34,50.06,60.51,10,10,1.00000,1.00000,1.00000,1.00000,3,3,1,27.28313,0.00225,1.05862,0.0274,-0.2306,0.0250,0.0000,0.0000,0.0000,11.14,-9.47,-2.55,1,1,0.0000,0.0000,0.1500,0.00,0.8500,0.3500,0.9200,6.00,180.00,2.000000,0.050000,0.000000,1.100000,0.000000,0.000000,1.200000,0.000000,0.000000,1.350000,0.000000,0.000000,0.850000,0.020000,0.000000,0.008000,0.000000,0.000600,0.008000,0.000000,0.000600,0.006000,0.000000,0.000000,1,1,1,10,233,539384,539384,328940,210444,0,60.00,29651,3130,0,0,0,0,0,0.00,0.00,0,0,0.0000,0.0000,0.0000,0.0000,0.0000
2026-04-27T18:54:17.374,0.181,1,0.10,0.10,0.95,0.00,1,-0.0274,0.2306,0.1251,0.0000,0.0000,0.0000,-11.11,-1.95,62.60,63.39,11,11,1.00000,1.00000,1.00000,1.00000,3,3,1,27.28972,0.00222,1.06012,0.0274,-0.2306,0.0249,0.0000,0.0000,0.0000,11.11,-9.45,-2.56,1,1,0.0000,0.0000,0.1500,0.00,0.8500,0.3500,0.9200,6.00,180.00,2.000000,0.050000,0.000000,1.100000,0.000000,0.000000,1.200000,0.000000,0.000000,1.350000,0.000000,0.000000,0.850000,0.020000,0.000000,0.008000,0.000000,0.000600,0.008000,0.000000,0.000600,0.006000,0.000000,0.000000,1,1,1,11,233,539384,539384,328940,210444,0,60.00,29651,3130,0,0,0,0,0,0.00,0.00,0,0,0.0000,0.0000,0.0000,0.0000,0.0000
2026-04-27T18:54:17.392,0.199,1,0.10,0.10,0.95,0.00,1,-0.0274,0.2307,0.1251,0.0000,0.0000,0.0000,-11.11,0.00,75.31,60.86,12,12,1.00000,1.00000,1.00000,1.00000,3,3,1,27.26278,0.00221,1.06201,0.0274,-0.2307,0.0249,0.0000,0.0000,0.0000,11.11,-9.45,-2.56,1,1,0.0000,0.0000,0.1500,0.00,0.8500,0.3500,0.9200,6.00,180.00,2.000000,0.050000,0.000000,1.100000,0.000000,0.000000,1.200000,0.000000,0.000000,1.350000,0.000000,0.000000,0.850000,0.020000,0.000000,0.008000,0.000000,0.000600,0.008000,0.000000,0.000600,0.006000,0.000000,0.000000,1,1,1,12,233,539384,539384,328940,210444,0,60.00,29651,3130,0,0,0,0,0,0.00,0.00,0,0,0.0000,0.0000,0.0000,0.0000,0.0000
2026-04-27T18:54:17.411,0.217,1,0.10,0.10,0.95,0.00,1,-0.0274,0.2305,0.1251,0.0000,0.0000,0.0000,-11.11,0.00,52.68,59.43,13,13,1.00000,1.00000,1.00000,1.00000,3,3,1,27.26692,0.00218,1.06071,0.0274,-0.2305,0.0249,0.0000,0.0000,0.0000,11.11,-9.46,-2.53,1,1,0.0000,0.0000,0.1500,0.00,0.8500,0.3500,0.9200,6.00,180.00,2.000000,0.050000,0.000000,1.100000,0.000000,0.000000,1.200000,0.000000,0.000000,1.350000,0.000000,0.000000,0.850000,0.020000,0.000000,0.008000,0.000000,0.000600,0.008000,0.000000,0.000600,0.006000,0.000000,0.000000,1,1,1,13,233,539384,539384,328940,210444,0,60.00,29651,3130,0,0,0,0,0,0.00,0.00,0,0,0.0000,0.0000,0.0000,0.0000,0.0000
2026-04-27T18:54:17.425,0.232,1,0.10,0.10,0.95,0.00,1,-0.0272,0.2306,0.1249,0.0000,0.0000,0.0000,-11.17,3.82,53.73,58.81,14,14,1.00000,1.00000,1.00000,1.00000,3,3,1,27.32636,0.00213,1.06148,0.0272,-0.2306,0.0251,0.0000,0.0000,0.0000,11.17,-9.21,-2.46,1,1,0.0000,0.0000,0.1500,0.00,0.8500,0.3500,0.9200,6.00,180.00,2.000000,0.050000,0.000000,1.100000,0.000000,0.000000,1.200000,0.000000,0.000000,1.350000,0.000000,0.000000,0.850000,0.020000,0.000000,0.008000,0.000000,0.000600,0.008000,0.000000,0.000600,0.006000,0.000000,0.000000,1,1,1,14,233,539384,539384,328940,210444,0,60.00,29651,3130,0,0,0,0,0,0.00,0.00,0,0,0.0000,0.0000,0.0000,0.0000,0.0000
2026-04-27T18:54:17.440,0.247,1,0.10,0.10,0.95,0.00,1,-0.0272,0.2305,0.1250,0.0000,0.0000,0.0000,-11.13,-2.63,68.38,62.53,15,15,1.00000,1.00000,1.00000,1.00000,3,3,1,27.28207,0.00219,1.06141,0.0272,-0.2305,0.0250,0.0000,0.0000,0.0000,11.13,-9.12,-2.43,1,1,0.0000,0.0000,0.1500,0.00,0.8500,0.3500,0.9200,6.00,180.00,2.000000,0.050000,0.000000,1.100000,0.000000,0.000000,1.200000,0.000000,0.000000,1.350000,0.000000,0.000000,0.850000,0.020000,0.000000,0.008000,0.000000,0.000600,0.008000,0.000000,0.000600,0.006000,0.000000,0.000000,1,1,1,15,233,539384,539384,328940,210444,0,60.00,29651,3130,0,0,0,0,0,0.00,0.00,0,0,0.0000,0.0000,0.0000,0.0000,0.0000
2026-04-27T18:54:17.459,0.265,1,0.10,0.10,0.00,0.00,1,-0.0273,0.2306,0.1250,0.0000,0.0000,0.0000,-11.15,1.16,70.47,57.57,16,16,1.00000,1.00000,1.00000,1.00000,3,3,1,27.27317,0.00217,1.05980,0.0273,-0.2306,0.0250,0.0000,0.0000,0.0000,11.15,-9.26,-2.42,1,1,0.0000,0.0000,0.1500,0.00,0.8500,0.3500,0.9200,6.00,180.00,2.000000,0.050000,0.000000,1.100000,0.000000,0.000000,1.200000,0.000000,0.000000,1.350000,0.000000,0.000000,0.850000,0.020000,0.000000,0.008000,0.000000,0.000600,0.008000,0.000000,0.000600,0.006000,0.000000,0.000000,1,1,1,16,233,539384,539384,328940,210444,0,60.00,29651,3130,0,0,0,0,0,0.00,0.00,0,0,0.0000,0.0000,0.0000,0.0000,0.0000
2026-04-27T18:54:17.475,0.282,1,0.10,0.10,0.00,0.00,1,-0.0274,0.2306,0.1252,0.0000,0.0000,0.0000,-11.11,-2.43,54.71,60.32,17,17,1.00000,1.00000,1.00000,1.00000,3,3,1,27.26343,0.00216,1.06049,0.0274,-0.2306,0.0248,0.0000,0.0000,0.0000,11.11,-9.24,-2.55,1,1,0.0000,0.0000,0.1500,0.00,0.8500,0.3500,0.9200,6.00,180.00,2.000000,0.050000,0.000000,1.100000,0.000000,0.000000,1.200000,0.000000,0.000000,1.350000,0.000000,0.000000,0.850000,0.020000,0.000000,0.008000,0.000000,0.000600,0.008000,0.000000,0.000600,0.006000,0.000000,0.000000,1,1,1,17,233,539384,539384,328940,210444,0,60.00,29651,3130,0,0,0,0,0,0.00,0.00,0,0,0.0000,0.0000,0.0000,0.0000,0.0000
2026-04-27T18:54:17.492,0.298,1,0.10,0.10,0.00,0.00,1,-0.0273,0.2306,0.1250,0.0000,0.0000,0.0000,-11.13,1.15,58.63,61.39,18,18,1.00000,1.00000,1.00000,1.00000,3,3,1,27.31100,0.00212,1.06097,0.0273,-0.2306,0.0250,0.0000,0.0000,0.0000,11.13,-9.14,-2.49,1,1,0.0000,0.0000,0.1500,0.00,0.8500,0.3500,0.9200,6.00,180.00,2.000000,0.050000,0.000000,1.100000,0.000000,0.000000,1.200000,0.000000,0.000000,1.350000,0.000000,0.000000,0.850000,0.020000,0.000000,0.008000,0.000000,0.000600,0.008000,0.000000,0.000600,0.006000,0.000000,0.000000,1,1,1,18,233,539384,539384,328940,210444,0,60.00,29651,3130,0,0,0,0,0,0.00,0.00,0,0,0.0000,0.0000,0.0000,0.0000,0.0000
2026-04-27T18:54:17.509,0.315,1,0.10,0.10,0.00,0.00,1,-0.0273,0.2306,0.1250,0.0000,0.0000,0.0000,-11.13,0.00,58.66,59.35,19,19,1.00000,1.00000,1.00000,1.00000,3,3,1,27.25537,0.00223,1.05990,0.0273,-0.2306,0.0250,0.0000,0.0000,0.0000,11.13,-9.18,-2.44,1,1,0.0000,0.0000,0.1500,0.00,0.8500,0.3500,0.9200,6.00,180.00,2.000000,0.050000,0.000000,1.100000,0.000000,0.000000,1.200000,0.000000,0.000000,1.350000,0.000000,0.000000,0.850000,0.020000,0.000000,0.008000,0.000000,0.000600,0.008000,0.000000,0.000600,0.006000,0.000000,0.000000,1,1,1,19,233,539384,539384,328940,210444,0,60.00,29651,3130,0,0,0,0,0,0.00,0.00,0,0,0.0000,0.0000,0.0000,0.0000,0.0000
2026-04-27T18:54:17.526,0.332,1,0.10,0.10,0.00,0.00,1,-0.0273,0.2306,0.1250,0.0000,0.0000,0.0000,-11.12,-0.58,59.46,62.48,20,20,1.00000,1.00000,1.00000,1.00000,3,3,1,27.30133,0.00221,1.06005,0.0273,-0.2306,0.0250,0.0000,0.0000,0.0000,11.12,-9.23,-2.44,1,1,0.0000,0.0000,0.1500,0.00,0.8500,0.3500,0.9200,6.00,180.00,2.000000,0.050000,0.000000,1.100000,0.000000,0.000000,1.200000,0.000000,0.000000,1.350000,0.000000,0.000000,0.850000,0.020000,0.000000,0.008000,0.000000,0.000600,0.008000,0.000000,0.000600,0.006000,0.000000,0.000000,1,1,1,20,233,539384,539384,328940,210444,0,60.00,29651,3130,0,0,0,0,0,0.00,0.00,0,0,0.0000,0.0000,0.0000,0.0000,0.0000
2026-04-27T18:54:17.538,0.344,1,0.10,0.10,0.00,0.00,1,-0.0272,0.2305,0.1250,0.0000,0.0000,0.0000,-11.11,-0.79,58.40,56.61,21,21,1.00000,1.00000,1.00000,1.00000,3,3,1,27.28446,0.00219,1.06130,0.0272,-0.2305,0.0250,0.0000,0.0000,0.0000,11.11,-9.16,-2.41,1,1,0.0000,0.0000,0.1500,0.00,0.8500,0.3500,0.9200,6.00,180.00,2.000000,0.050000,0.000000,1.100000,0.000000,0.000000,1.200000,0.000000,0.000000,1.350000,0.000000,0.000000,0.850000,0.020000,0.000000,0.008000,0.000000,0.000600,0.008000,0.000000,0.000600,0.006000,0.000000,0.000000,1,1,1,21,233,539384,539384,328940,210444,0,60.00,29651,3130,0,0,0,0,0,0.00,0.00,0,0,0.0000,0.0000,0.0000,0.0000,0.0000
2026-04-27T18:54:17.559,0.365,1,0.10,0.10,0.00,0.00,1,-0.0273,0.2305,0.1250,0.0000,0.0000,0.0000,-11.10,-0.50,92.52,61.90,22,22,1.00000,1.00000,1.00000,1.00000,3,3,1,27.27065,0.00218,1.06108,0.0273,-0.2305,0.0250,0.0000,0.0000,0.0000,11.10,-9.18,-2.46,1,1,0.0000,0.0000,0.1500,0.00,0.8500,0.3500,0.9200,6.00,180.00,2.000000,0.050000,0.000000,1.100000,0.000000,0.000000,1.200000,0.000000,0.000000,1.350000,0.000000,0.000000,0.850000,0.020000,0.000000,0.008000,0.000000,0.000600,0.008000,0.000000,0.000600,0.006000,0.000000,0.000000,1,1,1,22,232,539384,539384,328940,210444,0,60.00,29651,3130,0,0,0,0,0,0.00,0.00,0,0,0.0000,0.0000,0.0000,0.0000,0.0000
2026-04-27T18:54:17.577,0.383,1,0.10,0.10,0.00,0.00,1,-0.0274,0.2306,0.1252,0.0000,0.0000,0.0000,-11.11,0.55,45.20,56.67,23,23,1.00000,1.00000,1.00000,1.00000,3,3,1,27.28785,0.00207,1.06121,0.0274,-0.2306,0.0248,0.0000,0.0000,0.0000,11.11,-9.19,-2.57,1,1,0.0000,0.0000,0.1500,0.00,0.8500,0.3500,0.9200,6.00,180.00,2.000000,0.050000,0.000000,1.100000,0.000000,0.000000,1.200000,0.000000,0.000000,1.350000,0.000000,0.000000,0.850000,0.020000,0.000000,0.008000,0.000000,0.000600,0.008000,0.000000,0.000600,0.006000,0.000000,0.000000,1,1,1,23,233,539384,539384,328940,210444,0,60.00,29651,3130,0,0,0,0,0,0.00,0.00,0,0,0.0000,0.0000,0.0000,0.0000,0.0000
2026-04-27T18:54:17.586,0.392,1,0.10,0.10,0.00,0.00,1,-0.0274,0.2306,0.1252,0.0000,0.0000,0.0000,-11.10,-1.03,54.81,65.35,24,24,1.00000,1.00000,1.00000,1.00000,3,3,1,27.26587,0.00214,1.06020,0.0274,-0.2306,0.0248,0.0000,0.0000,0.0000,11.10,-9.22,-2.63,1,1,0.0000,0.0000,0.1500,0.00,0.8500,0.3500,0.9200,6.00,180.00,2.000000,0.050000,0.000000,1.100000,0.000000,0.000000,1.200000,0.000000,0.000000,1.350000,0.000000,0.000000,0.850000,0.020000,0.000000,0.008000,0.000000,0.000600,0.008000,0.000000,0.000600,0.006000,0.000000,0.000000,1,1,1,24,232,539384,539384,328940,210444,0,60.00,29651,3130,0,0,0,0,0,0.00,0.00,0,0,0.0000,0.0000,0.0000,0.0000,0.0000
2026-04-27T18:54:17.610,0.416,1,0.10,0.10,0.00,0.00,1,-0.0274,0.2306,0.1250,0.0000,0.0000,0.0000,-11.12,0.87,130.73,58.37,25,25,1.00000,1.00000,1.00000,1.00000,3,3,1,27.32419,0.00220,1.05974,0.0274,-0.2306,0.0250,0.0000,0.0000,0.0000,11.12,-9.30,-2.53,1,1,0.0000,0.0000,0.1500,0.00,0.8500,0.3500,0.9200,6.00,180.00,2.000000,0.050000,0.000000,1.100000,0.000000,0.000000,1.200000,0.000000,0.000000,1.350000,0.000000,0.000000,0.850000,0.020000,0.000000,0.008000,0.000000,0.000600,0.008000,0.000000,0.000600,0.006000,0.000000,0.000000,1,1,1,25,232,539384,539384,328940,210444,0,60.00,29651,3130,0,0,0,0,0,0.00,0.00,0,0,0.0000,0.0000,0.0000,0.0000,0.0000
2026-04-27T18:54:17.628,0.434,1,0.10,0.10,0.00,0.00,1,-0.0273,0.2306,0.1251,0.0000,0.0000,0.0000,-11.13,0.55,41.54,57.82,26,26,1.00000,1.00000,1.00000,1.00000,3,3,1,27.28880,0.00212,1.06066,0.0273,-0.2306,0.0249,0.0000,0.0000,0.0000,11.13,-9.21,-2.54,1,1,0.0000,0.0000,0.1500,0.00,0.8500,0.3500,0.9200,6.00,180.00,2.000000,0.050000,0.000000,1.100000,0.000000,0.000000,1.200000,0.000000,0.000000,1.350000,0.000000,0.000000,0.850000,0.020000,0.000000,0.008000,0.000000,0.000600,0.008000,0.000000,0.000600,0.006000,0.000000,0.000000,1,1,1,26,233,539384,539384,328940,210444,0,60.00,29651,3130,0,0,0,0,0,0.00,0.00,0,0,0.0000,0.0000,0.0000,0.0000,0.0000
2026-04-27T18:54:17.642,0.448,1,0.10,0.10,0.00,0.00,1,-0.0273,0.2307,0.1249,0.0000,0.0000,0.0000,-11.15,1.34,52.34,61.99,27,27,1.00000,1.00000,1.00000,1.00000,3,3,1,27.31041,0.00214,1.05966,0.0273,-0.2307,0.0251,0.0000,0.0000,0.0000,11.15,-9.24,-2.54,1,1,0.0000,0.0000,0.1500,0.00,0.8500,0.3500,0.9200,6.00,180.00,2.000000,0.050000,0.000000,1.100000,0.000000,0.000000,1.200000,0.000000,0.000000,1.350000,0.000000,0.000000,0.850000,0.020000,0.000000,0.008000,0.000000,0.000600,0.008000,0.000000,0.000600,0.006000,0.000000,0.000000,1,1,1,27,233,539384,539384,328940,210444,0,60.00,29651,3130,0,0,0,0,0,0.00,0.00,0,0,0.0000,0.0000,0.0000,0.0000,0.0000
2026-04-27T18:54:17.660,0.466,1,0.10,0.10,0.00,0.00,1,-0.0272,0.2306,0.1249,0.0000,0.0000,0.0000,-11.15,0.00,77.31,56.96,28,28,1.00000,1.00000,1.00000,1.00000,3,3,1,27.32130,0.00207,1.06108,0.0272,-0.2306,0.0251,0.0000,0.0000,0.0000,11.15,-9.09,-2.55,1,1,0.0000,0.0000,0.1500,0.00,0.8500,0.3500,0.9200,6.00,180.00,2.000000,0.050000,0.000000,1.100000,0.000000,0.000000,1.200000,0.000000,0.000000,1.350000,0.000000,0.000000,0.850000,0.020000,0.000000,0.008000,0.000000,0.000600,0.008000,0.000000,0.000600,0.006000,0.000000,0.000000,1,1,1,28,233,539384,539384,328940,210444,0,60.00,29651,3130,0,0,0,0,0,0.00,0.00,0,0,0.0000,0.0000,0.0000,0.0000,0.0000
2026-04-27T18:54:17.677,0.484,1,0.10,0.10,0.00,0.00,1,-0.0271,0.2306,0.1249,0.0000,0.0000,0.0000,-11.18,1.65,55.11,61.60,29,29,1.00000,1.00000,1.00000,1.00000,3,3,1,27.30205,0.00207,1.06129,0.0271,-0.2306,0.0251,0.0000,0.0000,0.0000,11.18,-9.03,-2.43,1,1,0.0000,0.0000,0.1500,0.00,0.8500,0.3500,0.9200,6.00,180.00,2.000000,0.050000,0.000000,1.100000,0.000000,0.000000,1.200000,0.000000,0.000000,1.350000,0.000000,0.000000,0.850000,0.020000,0.000000,0.008000,0.000000,0.000600,0.008000,0.000000,0.000600,0.006000,0.000000,0.000000,1,1,1,29,233,539384,539384,328940,210444,0,60.00,29651,3130,0,0,0,0,0,0.00,0.00,0,0,0.0000,0.0000,0.0000,0.0000,0.0000
2026-04-27T18:54:17.694,0.501,1,0.10,0.10,0.00,0.00,1,-0.0273,0.2306,0.1250,0.0000,0.0000,0.0000,-11.16,-1.16,52.22,58.88,30,30,1.00000,1.00000,1.00000,1.00000,3,3,1,27.29615,0.00213,1.06027,0.0273,-0.2306,0.0250,0.0000,0.0000,0.0000,11.16,-9.08,-2.49,1,1,0.0000,0.0000,0.1500,0.00,0.8500,0.3500,0.9200,6.00,180.00,2.000000,0.050000,0.000000,1.100000,0.000000,0.000000,1.200000,0.000000,0.000000,1.350000,0.000000,0.000000,0.850000,0.020000,0.000000,0.008000,0.000000,0.000600,0.008000,0.000000,0.000600,0.006000,0.000000,0.000000,1,1,1,30,233,539384,539384,328940,210444,0,60.00,29651,3130,0,0,0,0,0,0.00,0.00,0,0,0.0000,0.0000,0.0000,0.0000,0.0000
2026-04-27T18:54:17.709,0.515,1,0.10,0.10,0.00,0.00,1,-0.0273,0.2306,0.1251,0.0000,0.0000,0.0000,-11.14,-1.41,53.21,60.60,31,31,1.00000,1.00000,1.00000,1.00000,3,3,1,27.26259,0.00216,1.06080,0.0273,-0.2306,0.0249,0.0000,0.0000,0.0000,11.14,-9.15,-2.50,1,1,0.0000,0.0000,0.1500,0.00,0.8500,0.3500,0.9200,6.00,180.00,2.000000,0.050000,0.000000,1.100000,0.000000,0.000000,1.200000,0.000000,0.000000,1.350000,0.000000,0.000000,0.850000,0.020000,0.000000,0.008000,0.000000,0.000600,0.008000,0.000000,0.000600,0.006000,0.000000,0.000000,1,1,1,31,232,539384,539384,328940,210444,0,60.00,29651,3130,0,0,0,0,0,0.00,0.00,0,0,0.0000,0.0000,0.0000,0.0000,0.0000
2026-04-27T18:54:17.728,0.534,1,0.10,0.10,0.00,0.00,1,-0.0273,0.2307,0.1250,0.0000,0.0000,0.0000,-11.18,2.19,81.26,60.33,32,32,1.00000,1.00000,1.00000,1.00000,3,3,1,27.31655,0.00212,1.06199,0.0273,-0.2307,0.0250,0.0000,0.0000,0.0000,11.18,-9.04,-2.63,1,1,0.0000,0.0000,0.1500,0.00,0.8500,0.3500,0.9200,6.00,180.00,2.000000,0.050000,0.000000,1.100000,0.000000,0.000000,1.200000,0.000000,0.000000,1.350000,0.000000,0.000000,0.850000,0.020000,0.000000,0.008000,0.000000,0.000600,0.008000,0.000000,0.000600,0.006000,0.000000,0.000000,1,1,1,32,233,539384,539384,328940,210444,0,60.00,29651,3130,31,0,0,0,29698,499.75,499.75,6,774,0.0000,0.5000,0.5000,0.0000,0.5000
2026-04-27T18:54:17.744,0.550,1,0.10,0.10,0.00,0.00,1,-0.0273,0.2307,0.1251,0.0000,0.0000,0.0000,-11.17,-0.75,53.78,62.87,33,33,1.00000,1.00000,1.00000,1.00000,3,3,1,27.29782,0.00211,1.06172,0.0273,-0.2307,0.0249,0.0000,0.0000,0.0000,11.17,-9.07,-2.64,1,1,0.0000,0.0000,0.1500,0.00,0.8500,0.3500,0.9200,6.00,180.00,2.000000,0.050000,0.000000,1.100000,0.000000,0.000000,1.200000,0.000000,0.000000,1.350000,0.000000,0.000000,0.850000,0.020000,0.000000,0.008000,0.000000,0.000600,0.008000,0.000000,0.000600,0.006000,0.000000,0.000000,1,1,1,33,233,539384,539384,328940,210444,0,60.00,29651,3130,31,0,0,0,29698,499.75,499.75,6,774,0.0000,0.5000,0.5000,0.0000,0.5000
2026-04-27T18:54:17.759,0.565,1,0.10,0.10,0.00,0.00,1,-0.0275,0.2306,0.1251,0.0000,0.0000,0.0000,-11.12,-2.67,67.60,59.44,34,34,1.00000,1.00000,1.00000,1.00000,3,3,1,27.25203,0.00218,1.06084,0.0275,-0.2306,0.0249,0.0000,0.0000,0.0000,11.12,-9.32,-2.64,1,1,0.0000,0.0000,0.1500,0.00,0.8500,0.3500,0.9200,6.00,180.00,2.000000,0.050000,0.000000,1.100000,0.000000,0.000000,1.200000,0.000000,0.000000,1.350000,0.000000,0.000000,0.850000,0.020000,0.000000,0.008000,0.000000,0.000600,0.008000,0.000000,0.000600,0.006000,0.000000,0.000000,1,1,1,34,233,539384,539384,328940,210444,0,60.00,29651,3130,31,0,0,0,29698,499.75,499.75,6,774,0.0000,0.5000,0.5000,0.0000,0.5000
2026-04-27T18:54:17.776,0.582,1,0.10,0.10,0.00,0.00,1,-0.0274,0.2306,0.1250,0.0000,0.0000,0.0000,-11.12,0.00,65.10,57.65,35,35,1.00000,1.00000,1.00000,1.00000,3,3,1,27.30383,0.00222,1.06237,0.0274,-0.2306,0.0250,0.0000,0.0000,0.0000,11.12,-9.31,-2.54,1,1,0.0000,0.0000,0.1500,0.00,0.8500,0.3500,0.9200,6.00,180.00,2.000000,0.050000,0.000000,1.100000,0.000000,0.000000,1.200000,0.000000,0.000000,1.350000,0.000000,0.000000,0.850000,0.020000,0.000000,0.008000,0.000000,0.000600,0.008000,0.000000,0.000600,0.006000,0.000000,0.000000,1,1,1,35,233,539384,539384,328940,210444,0,60.00,29651,3130,31,0,0,0,29698,499.75,499.75,6,774,0.0000,0.5000,0.5000,0.0000,0.5000
2026-04-27T18:54:17.792,0.599,1,0.10,0.10,0.00,0.00,1,-0.0273,0.2305,0.1251,0.0000,0.0000,0.0000,-11.11,-0.60,55.18,62.54,36,36,1.00000,1.00000,1.00000,1.00000,3,3,1,27.26856,0.00215,1.06139,0.0273,-0.2305,0.0249,0.0000,0.0000,0.0000,11.11,-9.19,-2.52,1,1,0.0000,0.0000,0.1500,0.00,0.8500,0.3500,0.9200,6.00,180.00,2.000000,0.050000,0.000000,1.100000,0.000000,0.000000,1.200000,0.000000,0.000000,1.350000,0.000000,0.000000,0.850000,0.020000,0.000000,0.008000,0.000000,0.000600,0.008000,0.000000,0.000600,0.006000,0.000000,0.000000,1,1,1,36,233,539384,539384,328940,210444,0,60.00,29651,3130,31,0,0,0,29698,499.75,499.75,6,774,0.0000,0.5000,0.5000,0.0000,0.5000
2026-04-27T18:54:17.809,0.615,1,0.10,0.10,0.00,0.00,1,-0.0273,0.2307,0.1251,0.0000,0.0000,0.0000,-11.11,0.00,64.66,76.28,37,37,1.00000,1.00000,1.00000,1.00000,3,3,1,27.29928,0.00217,1.06206,0.0273,-0.2307,0.0249,0.0000,0.0000,0.0000,11.11,-9.12,-2.58,1,1,0.0000,0.0000,0.1500,0.00,0.8500,0.3500,0.9200,6.00,180.00,2.000000,0.050000,0.000000,1.100000,0.000000,0.000000,1.200000,0.000000,0.000000,1.350000,0.000000,0.000000,0.850000,0.020000,0.000000,0.008000,0.000000,0.000600,0.008000,0.000000,0.000600,0.006000,0.000000,0.000000,1,1,1,37,233,539384,539384,328940,210444,0,60.00,29651,3130,31,0,0,0,29698,499.75,499.75,6,774,0.0000,0.5000,0.5000,0.0000,0.5000
2026-04-27T18:54:17.827,0.633,1,0.10,0.10,0.00,0.00,1,-0.0272,0.2307,0.1250,0.0000,0.0000,0.0000,-11.10,-0.52,61.17,49.40,38,38,1.00000,1.00000,1.00000,1.00000,3,3,1,27.32430,0.00211,1.06254,0.0272,-0.2307,0.0250,0.0000,0.0000,0.0000,11.10,-9.05,-2.66,1,1,0.0000,0.0000,0.1500,0.00,0.8500,0.3500,0.9200,6.00,180.00,2.000000,0.050000,0.000000,1.100000,0.000000,0.000000,1.200000,0.000000,0.000000,1.350000,0.000000,0.000000,0.850000,0.020000,0.000000,0.008000,0.000000,0.000600,0.008000,0.000000,0.000600,0.006000,0.000000,0.000000,1,1,1,38,232,539384,539384,328940,210444,0,60.00,29651,3130,31,0,0,0,29698,499.75,499.75,6,774,0.0000,0.5000,0.5000,0.0000,0.5000
2026-04-27T18:54:17.845,0.652,1,0.10,0.10,0.00,0.00,1,-0.0273,0.2307,0.1251,0.0000,0.0000,0.0000,-11.13,1.46,49.66,59.50,39,39,1.00000,1.00000,1.00000,1.00000,3,3,1,27.30946,0.00214,1.06163,0.0273,-0.2307,0.0249,0.0000,0.0000,0.0000,11.13,-9.11,-2.63,1,1,0.0000,0.0000,0.1500,0.00,0.8500,0.3500,0.9200,6.00,180.00,2.000000,0.050000,0.000000,1.100000,0.000000,0.000000,1.200000,0.000000,0.000000,1.350000,0.000000,0.000000,0.850000,0.020000,0.000000,0.008000,0.000000,0.000600,0.008000,0.000000,0.000600,0.006000,0.000000,0.000000,1,1,1,39,233,539384,539384,328940,210444,0,60.00,29651,3130,31,0,0,0,29698,499.75,499.75,6,774,0.0000,0.5000,0.5000,0.0000,0.5000
2026-04-27T18:54:17.860,0.667,1,0.10,0.10,0.00,0.00,1,-0.0272,0.2306,0.1250,0.0000,0.0000,0.0000,-11.14,0.61,57.67,62.65,40,40,1.00000,1.00000,1.00000,1.00000,3,3,1,27.30587,0.00213,1.06095,0.0272,-0.2306,0.0250,0.0000,0.0000,0.0000,11.14,-9.06,-2.53,1,1,0.0000,0.0000,0.1500,0.00,0.8500,0.3500,0.9200,6.00,180.00,2.000000,0.050000,0.000000,1.100000,0.000000,0.000000,1.200000,0.000000,0.000000,1.350000,0.000000,0.000000,0.850000,0.020000,0.000000,0.008000,0.000000,0.000600,0.008000,0.000000,0.000600,0.006000,0.000000,0.000000,1,1,1,40,233,539384,539384,328940,210444,0,60.00,29651,3130,31,0,0,0,29698,499.75,499.75,6,774,0.0000,0.5000,0.5000,0.0000,0.5000
2026-04-27T18:54:17.878,0.685,1,0.10,0.10,0.00,0.00,1,-0.0273,0.2306,0.1250,0.0000,0.0000,0.0000,-11.12,-1.22,65.26,60.08,41,41,1.00000,1.00000,1.00000,1.00000,3,3,1,27.31438,0.00211,1.06063,0.0273,-0.2306,0.0250,0.0000,0.0000,0.0000,11.12,-9.14,-2.59,1,1,0.0000,0.0000,0.1500,0.00,0.8500,0.3500,0.9200,6.00,180.00,2.000000,0.050000,0.000000,1.100000,0.000000,0.000000,1.200000,0.000000,0.000000,1.350000,0.000000,0.000000,0.850000,0.020000,0.000000,0.008000,0.000000,0.000600,0.008000,0.000000,0.000600,0.006000,0.000000,0.000000,1,1,1,41,233,539384,539384,328940,210444,0,60.00,29651,3130,31,0,0,0,29698,499.75,499.75,6,774,0.0000,0.5000,0.5000,0.0000,0.5000
2026-04-27T18:54:17.895,0.702,1,0.10,0.10,0.00,0.00,1,-0.0274,0.2306,0.1251,0.0000,0.0000,0.0000,-11.12,0.00,59.88,55.95,42,42,1.00000,1.00000,1.00000,1.00000,3,3,1,27.28165,0.00211,1.06115,0.0274,-0.2306,0.0249,0.0000,0.0000,0.0000,11.12,-9.16,-2.58,1,1,0.0000,0.0000,0.1500,0.00,0.8500,0.3500,0.9200,6.00,180.00,2.000000,0.050000,0.000000,1.100000,0.000000,0.000000,1.200000,0.000000,0.000000,1.350000,0.000000,0.000000,0.850000,0.020000,0.000000,0.008000,0.000000,0.000600,0.008000,0.000000,0.000600,0.006000,0.000000,0.000000,1,1,1,42,233,539384,539384,328940,210444,0,60.00,29651,3130,31,0,0,0,29698,499.75,499.75,6,774,0.0000,0.5000,0.5000,0.0000,0.5000
2026-04-27T18:54:17.910,0.716,1,0.10,0.10,0.00,0.00,1,-0.0273,0.2307,0.1250,0.0000,0.0000,0.0000,-11.15,1.95,55.19,61.91,43,43,1.00000,1.00000,1.00000,1.00000,3,3,1,27.31776,0.00214,1.06162,0.0273,-0.2307,0.0250,0.0000,0.0000,0.0000,11.15,-9.12,-2.55,1,1,0.0000,0.0000,0.1500,0.00,0.8500,0.3500,0.9200,6.00,180.00,2.000000,0.050000,0.000000,1.100000,0.000000,0.000000,1.200000,0.000000,0.000000,1.350000,0.000000,0.000000,0.850000,0.020000,0.000000,0.008000,0.000000,0.000600,0.008000,0.000000,0.000600,0.006000,0.000000,0.000000,1,1,1,43,233,539384,539384,328940,210444,0,60.00,29651,3130,31,0,0,0,29698,499.75,499.75,6,774,0.0000,0.5000,0.5000,0.0000,0.5000
2026-04-27T18:54:17.925,0.732,1,0.10,0.10,0.00,0.00,1,-0.0272,0.2306,0.1250,0.0000,0.0000,0.0000,-11.17,1.32,65.59,59.47,44,44,1.00000,1.00000,1.00000,1.00000,3,3,1,27.28757,0.00213,1.05968,0.0272,-0.2306,0.0250,0.0000,0.0000,0.0000,11.17,-9.06,-2.50,1,1,0.0000,0.0000,0.1500,0.00,0.8500,0.3500,0.9200,6.00,180.00,2.000000,0.050000,0.000000,1.100000,0.000000,0.000000,1.200000,0.000000,0.000000,1.350000,0.000000,0.000000,0.850000,0.020000,0.000000,0.008000,0.000000,0.000600,0.008000,0.000000,0.000600,0.006000,0.000000,0.000000,1,1,1,44,232,539384,539384,328940,210444,0,60.00,29651,3130,31,0,0,0,29698,499.75,499.75,6,774,0.0000,0.5000,0.5000,0.0000,0.5000
2026-04-27T18:54:17.944,0.750,1,0.10,0.10,0.00,0.00,1,-0.0273,0.2305,0.1250,0.0000,0.0000,0.0000,-11.16,-0.53,73.31,61.11,45,45,1.00000,1.00000,1.00000,1.00000,3,3,1,27.30888,0.00215,1.06014,0.0273,-0.2305,0.0250,0.0000,0.0000,0.0000,11.16,-9.14,-2.47,1,1,0.0000,0.0000,0.1500,0.00,0.8500,0.3500,0.9200,6.00,180.00,2.000000,0.050000,0.000000,1.100000,0.000000,0.000000,1.200000,0.000000,0.000000,1.350000,0.000000,0.000000,0.850000,0.020000,0.000000,0.008000,0.000000,0.000600,0.008000,0.000000,0.000600,0.006000,0.000000,0.000000,1,1,1,45,233,539444,539444,328999,210444,0,60.00,29711,3250,31,0,0,0,29698,499.75,499.75,6,774,0.0000,0.5000,0.5000,0.0000,0.5000
2026-04-27T18:54:17.959,0.765,1,0.10,0.10,0.00,0.00,1,-0.0272,0.2306,0.1250,0.0000,0.0000,0.0000,-11.18,1.34,50.31,78.68,46,46,1.00000,1.00000,1.00000,1.00000,3,3,1,27.27593,0.00217,1.06007,0.0272,-0.2306,0.0250,0.0000,0.0000,0.0000,11.18,-9.15,-2.37,1,1,0.0000,0.0000,0.1500,0.00,0.8500,0.3500,0.9200,6.00,180.00,2.000000,0.050000,0.000000,1.100000,0.000000,0.000000,1.200000,0.000000,0.000000,1.350000,0.000000,0.000000,0.850000,0.020000,0.000000,0.008000,0.000000,0.000600,0.008000,0.000000,0.000600,0.006000,0.000000,0.000000,1,1,1,46,233,539444,539444,328999,210444,0,60.00,29711,3250,31,0,0,0,29698,499.75,499.75,6,774,0.0000,0.5000,0.5000,0.0000,0.5000
2026-04-27T18:54:17.976,0.783,1,0.10,0.10,0.00,0.00,1,-0.0272,0.2306,0.1250,0.0000,0.0000,0.0000,-11.16,-1.15,73.46,47.83,47,47,1.00000,1.00000,1.00000,1.00000,3,3,1,27.30548,0.00216,1.06039,0.0272,-0.2306,0.0250,0.0000,0.0000,0.0000,11.16,-9.07,-2.40,1,1,0.0000,0.0000,0.1500,0.00,0.8500,0.3500,0.9200,6.00,180.00,2.000000,0.050000,0.000000,1.100000,0.000000,0.000000,1.200000,0.000000,0.000000,1.350000,0.000000,0.000000,0.850000,0.020000,0.000000,0.008000,0.000000,0.000600,0.008000,0.000000,0.000600,0.006000,0.000000,0.000000,1,1,1,47,232,539444,539444,328999,210444,0,60.00,29711,3250,31,0,0,0,29698,499.75,499.75,6,774,0.0000,0.5000,0.5000,0.0000,0.5000
2026-04-27T18:54:17.986,0.792,1,0.10,0.10,0.00,0.00,1,-0.0274,0.2307,0.1250,0.0000,0.0000,0.0000,-11.16,0.00,57.73,61.97,48,48,1.00000,1.00000,1.00000,1.00000,3,3,1,27.31956,0.00225,1.06015,0.0274,-0.2307,0.0250,0.0000,0.0000,0.0000,11.16,-9.32,-2.50,1,1,0.0000,0.0000,0.1500,0.00,0.8500,0.3500,0.9200,6.00,180.00,2.000000,0.050000,0.000000,1.100000,0.000000,0.000000,1.200000,0.000000,0.000000,1.350000,0.000000,0.000000,0.850000,0.020000,0.000000,0.008000,0.000000,0.000600,0.008000,0.000000,0.000600,0.006000,0.000000,0.000000,1,1,1,48,232,539444,539444,328999,210444,0,60.00,29711,3250,31,0,0,0,29698,499.75,499.75,6,774,0.0000,0.5000,0.5000,0.0000,0.5000
2026-04-27T18:54:18.009,0.815,1,0.10,0.10,0.00,0.00,1,-0.0274,0.2306,0.1251,0.0000,0.0000,0.0000,-11.12,-1.73,103.17,61.40,49,49,1.00000,1.00000,1.00000,1.00000,3,3,1,27.30953,0.00211,1.06154,0.0274,-0.2306,0.0249,0.0000,0.0000,0.0000,11.12,-9.35,-2.57,1,1,0.0000,0.0000,0.1500,0.00,0.8500,0.3500,0.9200,6.00,180.00,2.000000,0.050000,0.000000,1.100000,0.000000,0.000000,1.200000,0.000000,0.000000,1.350000,0.000000,0.000000,0.850000,0.020000,0.000000,0.008000,0.000000,0.000600,0.008000,0.000000,0.000600,0.006000,0.000000,0.000000,1,1,1,49,233,539444,539444,328999,210444,0,60.00,29711,3250,31,0,0,0,29698,499.75,499.75,6,774,0.0000,0.5000,0.5000,0.0000,0.5000
2026-04-27T18:54:18.026,0.832,1,0.10,0.10,0.00,0.00,1,-0.0275,0.2306,0.1251,0.0000,0.0000,0.0000,-11.14,1.20,43.30,75.63,50,50,1.00000,1.00000,1.00000,1.00000,3,3,1,27.28660,0.00217,1.05946,0.0275,-0.2306,0.0249,0.0000,0.0000,0.0000,11.14,-9.44,-2.57,1,1,0.0000,0.0000,0.1500,0.00,0.8500,0.3500,0.9200,6.00,180.00,2.000000,0.050000,0.000000,1.100000,0.000000,0.000000,1.200000,0.000000,0.000000,1.350000,0.000000,0.000000,0.850000,0.020000,0.000000,0.008000,0.000000,0.000600,0.008000,0.000000,0.000600,0.006000,0.000000,0.000000,1,1,1,50,233,539444,539444,328999,210444,0,60.00,29711,3250,31,0,0,0,29698,499.75,499.75,6,774,0.0000,0.5000,0.5000,0.0000,0.5000
2026-04-27T18:54:18.038,0.845,1,0.10,0.10,0.00,0.00,1,-0.0272,0.2307,0.1249,-0.0108,0.0000,0.0000,-11.22,6.27,46.68,44.21,51,51,1.00000,1.00000,1.00000,1.00000,3,3,1,27.28329,0.00208,1.06039,0.0272,-0.2307,0.0251,-0.0108,0.0000,0.0000,11.22,-9.17,-2.50,1,1,0.0000,0.0000,0.1500,0.00,0.8500,0.3500,0.9200,6.00,180.00,2.000000,0.050000,0.000000,1.100000,0.000000,0.000000,1.200000,0.000000,0.000000,1.350000,0.000000,0.000000,0.850000,0.020000,0.000000,0.008000,0.000000,0.000600,0.008000,0.000000,0.000600,0.006000,0.000000,0.000000,1,1,1,51,237,539444,539444,328999,210444,0,60.00,29711,3250,31,0,0,0,29698,499.75,499.75,6,774,0.0000,0.5000,0.5000,0.0000,0.5000
2026-04-27T18:54:18.061,0.867,1,0.10,0.10,0.00,0.00,1,-0.0272,0.2306,0.1249,0.0000,0.0000,0.0000,-11.16,-2.77,125.81,61.07,52,52,1.00000,1.00000,1.00000,1.00000,3,3,1,27.29091,0.00218,1.06144,0.0272,-0.2306,0.0251,0.0000,0.0000,0.0000,11.16,-9.13,-2.45,1,1,0.0000,0.0000,0.1500,0.00,0.8500,0.3500,0.9200,6.00,180.00,2.000000,0.050000,0.000000,1.100000,0.000000,0.000000,1.200000,0.000000,0.000000,1.350000,0.000000,0.000000,0.850000,0.020000,0.000000,0.008000,0.000000,0.000600,0.008000,0.000000,0.000600,0.006000,0.000000,0.000000,1,1,1,52,233,539444,539444,328999,210444,0,60.00,29711,3250,31,0,0,0,29698,499.75,499.75,6,774,0.0000,0.5000,0.5000,0.0000,0.5000
2026-04-27T18:54:18.076,0.883,1,0.10,0.10,0.00,0.00,1,-0.0272,0.2306,0.1249,0.0000,0.0000,0.0000,-11.17,0.62,42.21,63.17,53,53,1.00000,1.00000,1.00000,1.00000,3,3,1,27.28824,0.00218,1.06113,0.0272,-0.2306,0.0251,0.0000,0.0000,0.0000,11.17,-9.06,-2.51,1,1,0.0000,0.0000,0.1500,0.00,0.8500,0.3500,0.9200,6.00,180.00,2.000000,0.050000,0.000000,1.100000,0.000000,0.000000,1.200000,0.000000,0.000000,1.350000,0.000000,0.000000,0.850000,0.020000,0.000000,0.008000,0.000000,0.000600,0.008000,0.000000,0.000600,0.006000,0.000000,0.000000,1,1,1,53,233,539444,539444,328999,210444,0,60.00,29711,3250,31,0,0,0,29698,499.75,499.75,6,774,0.0000,0.5000,0.5000,0.0000,0.5000
2026-04-27T18:54:18.093,0.900,1,0.10,0.10,0.00,0.00,1,-0.0272,0.2308,0.1250,0.0000,0.0000,0.0000,-11.14,-1.89,71.01,63.84,54,54,1.00000,1.00000,1.00000,1.00000,3,3,1,27.31112,0.00212,1.06202,0.0272,-0.2308,0.0250,0.0000,0.0000,0.0000,11.14,-9.00,-2.61,1,1,0.0000,0.0000,0.1500,0.00,0.8500,0.3500,0.9200,6.00,180.00,2.000000,0.050000,0.000000,1.100000,0.000000,0.000000,1.200000,0.000000,0.000000,1.350000,0.000000,0.000000,0.850000,0.020000,0.000000,0.008000,0.000000,0.000600,0.008000,0.000000,0.000600,0.006000,0.000000,0.000000,1,1,1,54,230,539444,539444,328999,210444,0,60.00,29711,3250,31,0,0,0,29698,499.75,499.75,6,774,0.0000,0.5000,0.5000,0.0000,0.5000
2026-04-27T18:54:18.111,0.918,1,0.19,0.10,0.95,0.00,1,-0.0272,0.2307,0.1250,0.0000,0.0000,0.0000,-11.18,2.17,54.55,57.78,55,55,1.00000,1.00000,1.00000,1.00000,3,3,1,27.27534,0.00207,1.06037,0.0272,-0.2307,0.0250,0.0000,0.0000,0.0000,11.18,-9.01,-2.53,1,1,0.0000,0.0000,0.1500,0.00,0.8500,0.3500,0.9200,6.00,180.00,2.000000,0.050000,0.000000,1.100000,0.000000,0.000000,1.200000,0.000000,0.000000,1.350000,0.000000,0.000000,0.850000,0.020000,0.000000,0.008000,0.000000,0.000600,0.008000,0.000000,0.000600,0.006000,0.000000,0.000000,1,1,1,55,230,539444,539444,328999,210444,0,60.00,29711,3250,31,0,0,0,29698,499.75,499.75,6,774,0.0000,0.5000,0.5000,0.0000,0.5000
2026-04-27T18:54:18.126,0.932,1,0.19,0.10,0.95,0.00,1,-0.0272,0.2306,0.1251,0.0000,0.0000,0.0000,-11.17,-0.65,55.42,57.92,56,56,1.00000,1.00000,1.00000,1.00000,3,3,1,27.29133,0.00209,1.06081,0.0272,-0.2306,0.0249,0.0000,0.0000,0.0000,11.17,-8.95,-2.54,1,1,0.0000,0.0000,0.1500,0.00,0.8500,0.3500,0.9200,6.00,180.00,2.000000,0.050000,0.000000,1.100000,0.000000,0.000000,1.200000,0.000000,0.000000,1.350000,0.000000,0.000000,0.850000,0.020000,0.000000,0.008000,0.000000,0.000600,0.008000,0.000000,0.000600,0.006000,0.000000,0.000000,1,1,1,56,233,539444,539444,328999,210444,0,60.00,29711,3250,31,0,0,0,29698,499.75,499.75,6,774,0.0000,0.5000,0.5000,0.0000,0.5000
2026-04-27T18:54:18.143,0.950,1,0.19,0.10,0.95,0.00,1,-0.0272,0.2306,0.1250,0.0000,0.0000,0.0000,-11.19,1.22,75.35,61.07,57,57,1.00000,1.00000,1.00000,1.00000,3,3,1,27.29882,0.00205,1.06072,0.0272,-0.2306,0.0250,0.0000,0.0000,0.0000,11.19,-8.94,-2.50,1,1,0.0000,0.0000,0.1500,0.00,0.8500,0.3500,0.9200,6.00,180.00,2.000000,0.050000,0.000000,1.100000,0.000000,0.000000,1.200000,0.000000,0.000000,1.350000,0.000000,0.000000,0.850000,0.020000,0.000000,0.008000,0.000000,0.000600,0.008000,0.000000,0.000600,0.006000,0.000000,0.000000,1,1,1,57,232,539444,539444,328999,210444,0,60.00,29711,3250,31,0,0,0,29698,499.75,499.75,6,774,0.0000,0.5000,0.5000,0.0000,0.5000
2026-04-27T18:54:18.160,0.966,1,0.19,0.10,0.95,0.00,1,-0.0274,0.2306,0.1250,0.0000,0.0000,0.0000,-11.15,-2.40,54.44,59.98,58,58,1.00000,1.00000,1.00000,1.00000,3,3,1,27.32274,0.00221,1.05919,0.0274,-0.2306,0.0250,0.0000,0.0000,0.0000,11.15,-9.26,-2.56,1,1,0.0000,0.0000,0.1500,0.00,0.8500,0.3500,0.9200,6.00,180.00,2.000000,0.050000,0.000000,1.100000,0.000000,0.000000,1.200000,0.000000,0.000000,1.350000,0.000000,0.000000,0.850000,0.020000,0.000000,0.008000,0.000000,0.000600,0.008000,0.000000,0.000600,0.006000,0.000000,0.000000,1,1,1,58,233,539444,539444,328999,210444,0,60.00,29711,3250,31,0,0,0,29698,499.75,499.75,6,774,0.0000,0.5000,0.5000,0.0000,0.5000
2026-04-27T18:54:18.177,0.984,1,0.19,0.10,0.95,0.00,1,-0.0274,0.2307,0.1250,0.0000,0.0000,0.0000,-11.15,0.00,59.99,61.04,59,59,1.00000,1.00000,1.00000,1.00000,3,3,1,27.28596,0.00225,1.05998,0.0274,-0.2307,0.0250,0.0000,0.0000,0.0000,11.15,-9.29,-2.59,1,1,0.0000,0.0000,0.1500,0.00,0.8500,0.3500,0.9200,6.00,180.00,2.000000,0.050000,0.000000,1.100000,0.000000,0.000000,1.200000,0.000000,0.000000,1.350000,0.000000,0.000000,0.850000,0.020000,0.000000,0.008000,0.000000,0.000600,0.008000,0.000000,0.000600,0.006000,0.000000,0.000000,1,1,1,59,233,539444,539444,328999,210444,0,60.00,29711,3250,31,0,0,0,29698,499.75,499.75,6,774,0.0000,0.5000,0.5000,0.0000,0.5000
2026-04-27T18:54:18.193,1.000,1,0.19,0.10,0.95,0.00,1,-0.0274,0.2306,0.1250,0.0000,0.0000,0.0000,-11.15,0.00,61.30,61.04,60,60,1.00000,1.00000,1.00000,1.00000,3,3,1,27.27549,0.00219,1.06008,0.0274,-0.2306,0.0250,0.0000,0.0000,0.0000,11.15,-9.33,-2.50,1,1,0.0000,0.0000,0.1500,0.00,0.8500,0.3500,0.9200,6.00,180.00,2.000000,0.050000,0.000000,1.100000,0.000000,0.000000,1.200000,0.000000,0.000000,1.350000,0.000000,0.000000,0.850000,0.020000,0.000000,0.008000,0.000000,0.000600,0.008000,0.000000,0.000600,0.006000,0.000000,0.000000,1,1,1,60,232,539444,539444,328999,210444,0,60.00,29711,3250,31,0,0,0,29698,499.75,499.75,6,774,0.0000,0.5000,0.5000,0.0000,0.5000
2026-04-27T18:54:18.208,1.015,1,0.19,0.10,0.95,0.00,1,-0.0273,0.2306,0.1249,0.0000,0.0000,0.0000,-11.14,-0.67,54.29,60.82,61,61,1.00000,1.00000,1.00000,1.00000,3,3,1,27.32018,0.00219,1.06235,0.0273,-0.2306,0.0251,0.0000,0.0000,0.0000,11.14,-9.29,-2.48,1,1,0.0000,0.0000,0.1500,0.00,0.8500,0.3500,0.9200,6.00,180.00,2.000000,0.050000,0.000000,1.100000,0.000000,0.000000,1.200000,0.000000,0.000000,1.350000,0.000000,0.000000,0.850000,0.020000,0.000000,0.008000,0.000000,0.000600,0.008000,0.000000,0.000600,0.006000,0.000000,0.000000,1,1,1,61,233,539444,539444,328999,210444,0,60.00,29711,3250,31,0,0,0,29698,499.75,499.75,6,774,0.0000,0.5000,0.5000,0.0000,0.5000
2026-04-27T18:54:18.226,1.033,1,0.00,0.10,0.00,0.00,1,-0.0274,0.2306,0.1250,0.0000,0.0000,0.0000,-11.13,-0.74,71.32,60.41,62,62,1.00000,1.00000,1.00000,1.00000,3,3,1,27.29566,0.00222,1.06025,0.0274,-0.2306,0.0250,0.0000,0.0000,0.0000,11.13,-9.41,-2.43,1,1,0.0000,0.0000,0.1500,0.00,0.8500,0.3500,0.9200,6.00,180.00,2.000000,0.050000,0.000000,1.100000,0.000000,0.000000,1.200000,0.000000,0.000000,1.350000,0.000000,0.000000,0.850000,0.020000,0.000000,0.008000,0.000000,0.000600,0.008000,0.000000,0.000600,0.006000,0.000000,0.000000,1,1,1,62,233,539444,539444,328999,210444,0,60.00,29711,3250,31,0,0,0,29698,499.75,499.75,6,774,0.0000,0.5000,0.5000,0.0000,0.5000
2026-04-27T18:54:18.244,1.051,1,0.00,0.10,0.00,0.00,1,-0.0272,0.2307,0.1250,0.0000,0.0000,0.0000,-11.13,0.00,56.16,57.22,63,63,1.00000,1.00000,1.00000,1.00000,3,3,1,27.31607,0.00208,1.06243,0.0272,-0.2307,0.0250,0.0000,0.0000,0.0000,11.13,-9.12,-2.57,1,1,0.0000,0.0000,0.1500,0.00,0.8500,0.3500,0.9200,6.00,180.00,2.000000,0.050000,0.000000,1.100000,0.000000,0.000000,1.200000,0.000000,0.000000,1.350000,0.000000,0.000000,0.850000,0.020000,0.000000,0.008000,0.000000,0.000600,0.008000,0.000000,0.000600,0.006000,0.000000,0.000000,1,1,1,63,233,539444,539444,328999,210444,0,60.00,29711,3250,31,0,0,0,29698,499.75,499.75,6,774,0.0000,0.5000,0.5000,0.0000,0.5000
2026-04-27T18:54:18.259,1.065,1,0.00,0.10,0.00,0.00,1,-0.0273,0.2306,0.1251,0.0000,0.0000,0.0000,-11.11,-1.35,56.45,63.69,64,64,1.00000,1.00000,1.00000,1.00000,3,3,1,27.29426,0.00214,1.06102,0.0273,-0.2306,0.0249,0.0000,0.0000,0.0000,11.11,-9.14,-2.57,1,1,0.0000,0.0000,0.1500,0.00,0.8500,0.3500,0.9200,6.00,180.00,2.000000,0.050000,0.000000,1.100000,0.000000,0.000000,1.200000,0.000000,0.000000,1.350000,0.000000,0.000000,0.850000,0.020000,0.000000,0.008000,0.000000,0.000600,0.008000,0.000000,0.000600,0.006000,0.000000,0.000000,1,1,1,64,233,539444,539444,328999,210444,0,60.00,29711,3250,31,0,0,0,29698,499.75,499.75,6,774,0.0000,0.5000,0.5000,0.0000,0.5000
2026-04-27T18:54:18.275,1.082,1,0.19,0.10,0.00,0.00,1,-0.0273,0.2306,0.1250,0.0000,0.0000,0.0000,-11.16,3.02,66.69,60.79,65,65,1.00000,1.00000,1.00000,1.00000,3,3,1,27.27912,0.00211,1.05960,0.0273,-0.2306,0.0250,0.0000,0.0000,0.0000,11.16,-9.15,-2.53,1,1,0.0000,0.0000,0.1500,0.00,0.8500,0.3500,0.9200,6.00,180.00,2.000000,0.050000,0.000000,1.100000,0.000000,0.000000,1.200000,0.000000,0.000000,1.350000,0.000000,0.000000,0.850000,0.020000,0.000000,0.008000,0.000000,0.000600,0.008000,0.000000,0.000600,0.006000,0.000000,0.000000,1,1,1,65,233,539444,539444,328999,210444,0,60.00,29711,3250,31,0,0,0,29698,499.75,499.75,6,774,0.0000,0.5000,0.5000,0.0000,0.5000
2026-04-27T18:54:18.290,1.096,1,0.19,0.10,0.00,0.00,1,-0.0271,0.2307,0.1248,0.0000,0.0000,0.0000,-11.18,1.31,59.98,52.99,66,66,1.00000,1.00000,1.00000,1.00000,3,3,1,27.33511,0.00213,1.06134,0.0271,-0.2307,0.0252,0.0000,0.0000,0.0000,11.18,-9.06,-2.52,1,1,0.0000,0.0000,0.1500,0.00,0.8500,0.3500,0.9200,6.00,180.00,2.000000,0.050000,0.000000,1.100000,0.000000,0.000000,1.200000,0.000000,0.000000,1.350000,0.000000,0.000000,0.850000,0.020000,0.000000,0.008000,0.000000,0.000600,0.008000,0.000000,0.000600,0.006000,0.000000,0.000000,1,1,1,66,233,539444,539444,328999,210444,0,60.00,29711,3250,31,0,0,0,29698,499.75,499.75,6,774,0.0000,0.5000,0.5000,0.0000,0.5000
2026-04-27T18:54:18.310,1.116,1,0.19,0.10,0.00,0.00,1,-0.0272,0.2307,0.1249,0.0000,0.0000,0.0000,-11.17,-0.53,76.78,64.00,67,67,1.00000,1.00000,1.00000,1.00000,3,3,1,27.32442,0.00212,1.06222,0.0272,-0.2307,0.0251,0.0000,0.0000,0.0000,11.17,-9.00,-2.51,1,1,0.0000,0.0000,0.1500,0.00,0.8500,0.3500,0.9200,6.00,180.00,2.000000,0.050000,0.000000,1.100000,0.000000,0.000000,1.200000,0.000000,0.000000,1.350000,0.000000,0.000000,0.850000,0.020000,0.000000,0.008000,0.000000,0.000600,0.008000,0.000000,0.000600,0.006000,0.000000,0.000000,1,1,1,67,230,539444,539444,328999,210444,0,60.00,29711,3250,31,0,0,0,29698,499.75,499.75,6,774,0.0000,0.5000,0.5000,0.0000,0.5000
2026-04-27T18:54:18.325,1.132,1,0.19,0.10,0.00,0.00,1,-0.0274,0.2305,0.1250,0.0000,0.0000,0.0000,-11.10,-5.34,47.22,61.18,68,68,1.00000,1.00000,1.00000,1.00000,3,3,1,27.27885,0.00229,1.06035,0.0274,-0.2305,0.0250,0.0000,0.0000,0.0000,11.10,-9.32,-2.51,1,1,0.0000,0.0000,0.1500,0.00,0.8500,0.3500,0.9200,6.00,180.00,2.000000,0.050000,0.000000,1.100000,0.000000,0.000000,1.200000,0.000000,0.000000,1.350000,0.000000,0.000000,0.850000,0.020000,0.000000,0.008000,0.000000,0.000600,0.008000,0.000000,0.000600,0.006000,0.000000,0.000000,1,1,1,68,232,539444,539444,328999,210444,0,60.00,29711,3250,31,0,0,0,29698,499.75,499.75,6,774,0.0000,0.5000,0.5000,0.0000,0.5000
2026-04-27T18:54:18.343,1.149,1,0.19,0.10,0.00,0.00,1,-0.0273,0.2306,0.1250,0.0000,0.0000,0.0000,-11.15,2.60,64.16,63.67,69,69,1.00000,1.00000,1.00000,1.00000,3,3,1,27.30960,0.00209,1.06061,0.0273,-0.2306,0.0250,0.0000,0.0000,0.0000,11.15,-9.17,-2.49,1,1,0.0000,0.0000,0.1500,0.00,0.8500,0.3500,0.9200,6.00,180.00,2.000000,0.050000,0.000000,1.100000,0.000000,0.000000,1.200000,0.000000,0.000000,1.350000,0.000000,0.000000,0.850000,0.020000,0.000000,0.008000,0.000000,0.000600,0.008000,0.000000,0.000600,0.006000,0.000000,0.000000,1,1,1,69,233,539444,539444,328999,210444,0,60.00,29711,3250,31,0,0,0,29698,499.75,499.75,6,774,0.0000,0.5000,0.5000,0.0000,0.5000
2026-04-27T18:54:18.363,1.169,1,0.19,0.10,0.00,0.00,1,-0.0273,0.2306,0.1249,0.0000,0.0000,0.0000,-11.21,3.14,58.51,52.72,70,70,1.00000,1.00000,1.00000,1.00000,3,3,1,27.32088,0.00213,1.06042,0.0273,-0.2306,0.0251,0.0000,0.0000,0.0000,11.21,-9.20,-2.45,1,1,0.0000,0.0000,0.1500,0.00,0.8500,0.3500,0.9200,6.00,180.00,2.000000,0.050000,0.000000,1.100000,0.000000,0.000000,1.200000,0.000000,0.000000,1.350000,0.000000,0.000000,0.850000,0.020000,0.000000,0.008000,0.000000,0.000600,0.008000,0.000000,0.000600,0.006000,0.000000,0.000000,1,1,1,70,232,539444,539444,328999,210444,0,60.00,29711,3250,31,0,0,0,29698,499.75,499.75,6,774,0.0000,0.5000,0.5000,0.0000,0.5000
2026-04-27T18:54:18.372,1.179,1,0.19,0.10,0.00,0.00,1,-0.0272,0.2305,0.1249,0.0000,0.0000,0.0000,-11.15,-5.01,47.54,63.17,71,71,1.00000,1.00000,1.00000,1.00000,3,3,1,27.30101,0.00216,1.06134,0.0272,-0.2305,0.0251,0.0000,0.0000,0.0000,11.15,-9.06,-2.45,1,1,0.0000,0.0000,0.1500,0.00,0.8500,0.3500,0.9200,6.00,180.00,2.000000,0.050000,0.000000,1.100000,0.000000,0.000000,1.200000,0.000000,0.000000,1.350000,0.000000,0.000000,0.850000,0.020000,0.000000,0.008000,0.000000,0.000600,0.008000,0.000000,0.000600,0.006000,0.000000,0.000000,1,1,1,71,233,539444,539444,328999,210444,0,60.00,29711,3250,31,0,0,0,29698,499.75,499.75,6,774,0.0000,0.5000,0.5000,0.0000,0.5000
2026-04-27T18:54:18.394,1.201,1,0.19,0.10,0.00,0.00,1,-0.0273,0.2307,0.1250,0.0000,0.0000,0.0000,-11.16,0.47,133.47,60.51,72,72,1.00000,1.00000,1.00000,1.00000,3,3,1,27.30737,0.00212,1.06194,0.0273,-0.2307,0.0250,0.0000,0.0000,0.0000,11.16,-9.05,-2.53,1,1,0.0000,0.0000,0.1500,0.00,0.8500,0.3500,0.9200,6.00,180.00,2.000000,0.050000,0.000000,1.100000,0.000000,0.000000,1.200000,0.000000,0.000000,1.350000,0.000000,0.000000,0.850000,0.020000,0.000000,0.008000,0.000000,0.000600,0.008000,0.000000,0.000600,0.006000,0.000000,0.000000,1,1,1,72,233,539444,539444,328999,210444,0,60.00,29711,3250,31,0,0,0,29698,499.75,499.75,6,774,0.0000,0.5000,0.5000,0.0000,0.5000
2026-04-27T18:54:18.410,1.216,1,0.19,0.10,0.00,0.00,1,-0.0273,0.2306,0.1250,0.0000,0.0000,0.0000,-11.17,0.61,43.12,60.19,73,73,1.00000,1.00000,1.00000,1.00000,3,3,1,27.25718,0.00212,1.06079,0.0273,-0.2306,0.0250,0.0000,0.0000,0.0000,11.17,-9.09,-2.47,1,1,0.0000,0.0000,0.1500,0.00,0.8500,0.3500,0.9200,6.00,180.00,2.000000,0.050000,0.000000,1.100000,0.000000,0.000000,1.200000,0.000000,0.000000,1.350000,0.000000,0.000000,0.850000,0.020000,0.000000,0.008000,0.000000,0.000600,0.008000,0.000000,0.000600,0.006000,0.000000,0.000000,1,1,1,73,233,539444,539444,328999,210444,0,60.00,29711,3250,31,0,0,0,29698,499.75,499.75,6,774,0.0000,0.5000,0.5000,0.0000,0.5000
2026-04-27T18:54:18.428,1.234,1,0.19,0.10,0.00,0.00,1,-0.0273,0.2306,0.1250,0.0000,0.0000,0.0000,-11.14,-1.71,61.18,60.24,74,74,1.00000,1.00000,1.00000,1.00000,3,3,1,27.30318,0.00215,1.05982,0.0273,-0.2306,0.0250,0.0000,0.0000,0.0000,11.14,-9.24,-2.56,1,1,0.0000,0.0000,0.1500,0.00,0.8500,0.3500,0.9200,6.00,180.00,2.000000,0.050000,0.000000,1.100000,0.000000,0.000000,1.200000,0.000000,0.000000,1.350000,0.000000,0.000000,0.850000,0.020000,0.000000,0.008000,0.000000,0.000600,0.008000,0.000000,0.000600,0.006000,0.000000,0.000000,1,1,1,74,233,539444,539444,328999,210444,0,60.00,29711,3250,31,0,0,0,29698,499.75,499.75,6,774,0.0000,0.5000,0.5000,0.0000,0.5000
2026-04-27T18:54:18.445,1.251,1,0.19,0.10,0.00,0.00,1,-0.0273,0.2306,0.1250,0.0000,0.0000,0.0000,-11.12,-1.19,58.71,57.16,75,75,1.00000,1.00000,1.00000,1.00000,3,3,1,27.29136,0.00214,1.06083,0.0273,-0.2306,0.0250,0.0000,0.0000,0.0000,11.12,-9.28,-2.59,1,1,0.0000,0.0000,0.1500,0.00,0.8500,0.3500,0.9200,6.00,180.00,2.000000,0.050000,0.000000,1.100000,0.000000,0.000000,1.200000,0.000000,0.000000,1.350000,0.000000,0.000000,0.850000,0.020000,0.000000,0.008000,0.000000,0.000600,0.008000,0.000000,0.000600,0.006000,0.000000,0.000000,1,1,1,75,233,539444,539444,328999,210444,0,60.00,29711,3250,31,0,0,0,29698,499.75,499.75,6,774,0.0000,0.5000,0.5000,0.0000,0.5000
2026-04-27T18:54:18.460,1.266,1,0.19,0.10,0.00,0.00,1,-0.0274,0.2306,0.1251,0.0000,0.0000,0.0000,-11.12,0.00,61.47,62.14,76,76,1.00000,1.00000,1.00000,1.00000,3,3,1,27.24904,0.00215,1.06039,0.0274,-0.2306,0.0249,0.0000,0.0000,0.0000,11.12,-9.27,-2.57,1,1,0.0000,0.0000,0.1500,0.00,0.8500,0.3500,0.9200,6.00,180.00,2.000000,0.050000,0.000000,1.100000,0.000000,0.000000,1.200000,0.000000,0.000000,1.350000,0.000000,0.000000,0.850000,0.020000,0.000000,0.008000,0.000000,0.000600,0.008000,0.000000,0.000600,0.006000,0.000000,0.000000,1,1,1,76,233,539444,539444,328999,210444,0,60.00,29711,3250,31,0,0,0,29698,499.75,499.75,6,774,0.0000,0.5000,0.5000,0.0000,0.5000
2026-04-27T18:54:18.478,1.285,1,0.19,0.10,0.00,0.00,1,-0.0273,0.2306,0.1250,0.0000,0.0000,0.0000,-11.13,0.59,62.26,56.45,77,77,1.00000,1.00000,1.00000,1.00000,3,3,1,27.30639,0.00220,1.05996,0.0273,-0.2306,0.0250,0.0000,0.0000,0.0000,11.13,-9.21,-2.50,1,1,0.0000,0.0000,0.1500,0.00,0.8500,0.3500,0.9200,6.00,180.00,2.000000,0.050000,0.000000,1.100000,0.000000,0.000000,1.200000,0.000000,0.000000,1.350000,0.000000,0.000000,0.850000,0.020000,0.000000,0.008000,0.000000,0.000600,0.008000,0.000000,0.000600,0.006000,0.000000,0.000000,1,1,1,77,232,539444,539444,328999,210444,0,60.00,29711,3250,31,0,0,0,29698,499.75,499.75,6,774,0.0000,0.5000,0.5000,0.0000,0.5000
2026-04-27T18:54:18.493,1.299,1,0.19,0.10,0.00,0.00,1,-0.0272,0.2306,0.1250,0.0000,0.0000,0.0000,-11.17,2.69,55.43,65.55,78,78,1.00000,1.00000,1.00000,1.00000,3,3,1,27.27534,0.00207,1.06037,0.0272,-0.2306,0.0250,0.0000,0.0000,0.0000,11.17,-9.12,-2.48,1,1,0.0000,0.0000,0.1500,0.00,0.8500,0.3500,0.9200,6.00,180.00,2.000000,0.050000,0.000000,1.100000,0.000000,0.000000,1.200000,0.000000,0.000000,1.350000,0.000000,0.000000,0.850000,0.020000,0.000000,0.008000,0.000000,0.000600,0.008000,0.000000,0.000600,0.006000,0.000000,0.000000,1,1,1,78,233,539444,539444,328999,210444,0,60.00,29711,3250,31,0,0,0,29698,499.75,499.75,6,774,0.0000,0.5000,0.5000,0.0000,0.5000
2026-04-27T18:54:18.509,1.316,1,0.19,0.10,0.00,0.00,1,-0.0272,0.2306,0.1250,0.0000,0.0000,0.0000,-11.18,0.60,68.15,61.59,79,79,1.00000,1.00000,1.00000,1.00000,3,3,1,27.33708,0.00215,1.06159,0.0272,-0.2306,0.0250,0.0000,0.0000,0.0000,11.18,-9.09,-2.49,1,1,0.0000,0.0000,0.1500,0.00,0.8500,0.3500,0.9200,6.00,180.00,2.000000,0.050000,0.000000,1.100000,0.000000,0.000000,1.200000,0.000000,0.000000,1.350000,0.000000,0.000000,0.850000,0.020000,0.000000,0.008000,0.000000,0.000600,0.008000,0.000000,0.000600,0.006000,0.000000,0.000000,1,1,1,79,233,539444,539444,328999,210444,0,60.00,29711,3250,31,0,0,0,29698,499.75,499.75,6,774,0.0000,0.5000,0.5000,0.0000,0.5000
2026-04-27T18:54:18.525,1.331,1,0.19,0.10,0.00,0.00,1,-0.0272,0.2306,0.1249,0.0000,0.0000,0.0000,-11.20,1.24,55.53,61.37,80,80,1.00000,1.00000,1.00000,1.00000,3,3,1,27.31940,0.00217,1.05897,0.0272,-0.2306,0.0251,0.0000,0.0000,0.0000,11.20,-9.17,-2.41,1,1,0.0000,0.0000,0.1500,0.00,0.8500,0.3500,0.9200,6.00,180.00,2.000000,0.050000,0.000000,1.100000,0.000000,0.000000,1.200000,0.000000,0.000000,1.350000,0.000000,0.000000,0.850000,0.020000,0.000000,0.008000,0.000000,0.000600,0.008000,0.000000,0.000600,0.006000,0.000000,0.000000,1,1,1,80,232,539444,539444,328999,210444,0,60.00,29711,3250,31,0,0,0,29698,499.75,499.75,6,774,0.0000,0.5000,0.5000,0.0000,0.5000
2026-04-27T18:54:18.543,1.350,1,0.19,0.10,0.00,0.00,1,-0.0272,0.2306,0.1249,0.0000,0.0000,0.0000,-11.20,0.00,77.44,57.19,81,81,1.00000,1.00000,1.00000,1.00000,3,3,1,27.30781,0.00213,1.06021,0.0272,-0.2306,0.0251,0.0000,0.0000,0.0000,11.20,-9.09,-2.37,1,1,0.0000,0.0000,0.1500,0.00,0.8500,0.3500,0.9200,6.00,180.00,2.000000,0.050000,0.000000,1.100000,0.000000,0.000000,1.200000,0.000000,0.000000,1.350000,0.000000,0.000000,0.850000,0.020000,0.000000,0.008000,0.000000,0.000600,0.008000,0.000000,0.000600,0.006000,0.000000,0.000000,1,1,1,81,232,539444,539444,328999,210444,0,60.00,29711,3250,31,0,0,0,29698,499.75,499.75,6,774,0.0000,0.5000,0.5000,0.0000,0.5000
2026-04-27T18:54:18.560,1.366,1,0.19,0.10,0.00,0.00,1,-0.0273,0.2306,0.1249,0.0000,0.0000,0.0000,-11.17,-1.83,52.28,58.97,82,82,1.00000,1.00000,1.00000,1.00000,3,3,1,27.29557,0.00213,1.05997,0.0273,-0.2306,0.0251,0.0000,0.0000,0.0000,11.17,-9.18,-2.51,1,1,0.0000,0.0000,0.1500,0.00,0.8500,0.3500,0.9200,6.00,180.00,2.000000,0.050000,0.000000,1.100000,0.000000,0.000000,1.200000,0.000000,0.000000,1.350000,0.000000,0.000000,0.850000,0.020000,0.000000,0.008000,0.000000,0.000600,0.008000,0.000000,0.000600,0.006000,0.000000,0.000000,1,1,1,82,233,539444,539444,328999,210444,0,60.00,29711,3250,31,0,0,0,29698,499.75,499.75,6,774,0.0000,0.5000,0.5000,0.0000,0.5000
2026-04-27T18:54:18.575,1.382,1,0.19,0.19,0.00,0.96,1,-0.0272,0.2306,0.1249,0.0000,0.0000,0.0000,-11.17,0.00,58.10,66.54,83,83,1.00000,1.00000,1.00000,1.00000,3,3,1,27.28478,0.00218,1.06020,0.0272,-0.2306,0.0251,0.0000,0.0000,0.0000,11.17,-9.19,-2.40,1,1,0.0000,0.0000,0.1500,0.00,0.8500,0.3500,0.9200,6.00,180.00,2.000000,0.050000,0.000000,1.100000,0.000000,0.000000,1.200000,0.000000,0.000000,1.350000,0.000000,0.000000,0.850000,0.020000,0.000000,0.008000,0.000000,0.000600,0.008000,0.000000,0.000600,0.006000,0.000000,0.000000,1,1,1,83,232,539444,539444,328999,210444,0,60.00,29711,3250,31,0,0,0,29698,499.75,499.75,6,774,0.0000,0.5000,0.5000,0.0000,0.5000
2026-04-27T18:54:18.592,1.399,1,0.19,0.19,0.00,0.96,1,-0.0272,0.2305,0.1250,0.0000,0.0000,0.0000,-11.13,-2.59,70.17,58.65,84,84,1.00000,1.00000,1.00000,1.00000,3,3,1,27.27785,0.00218,1.06151,0.0272,-0.2305,0.0250,0.0000,0.0000,0.0000,11.13,-9.07,-2.40,1,1,0.0000,0.0000,0.1500,0.00,0.8500,0.3500,0.9200,6.00,180.00,2.000000,0.050000,0.000000,1.100000,0.000000,0.000000,1.200000,0.000000,0.000000,1.350000,0.000000,0.000000,0.850000,0.020000,0.000000,0.008000,0.000000,0.000600,0.008000,0.000000,0.000600,0.006000,0.000000,0.000000,1,1,1,84,232,539444,539444,328999,210444,0,60.00,29711,3250,31,0,0,0,29698,499.75,499.75,6,774,0.0000,0.5000,0.5000,0.0000,0.5000
2026-04-27T18:54:18.610,1.416,1,0.19,0.19,0.00,0.96,1,-0.0273,0.2306,0.1250,0.0000,0.0000,0.0000,-11.14,0.50,57.31,56.88,85,85,1.00000,1.00000,1.00000,1.00000,3,3,1,27.31988,0.00221,1.06132,0.0273,-0.2306,0.0250,0.0000,0.0000,0.0000,11.14,-9.14,-2.44,1,1,0.0000,0.0000,0.1500,0.00,0.8500,0.3500,0.9200,6.00,180.00,2.000000,0.050000,0.000000,1.100000,0.000000,0.000000,1.200000,0.000000,0.000000,1.350000,0.000000,0.000000,0.850000,0.020000,0.000000,0.008000,0.000000,0.000600,0.008000,0.000000,0.000600,0.006000,0.000000,0.000000,1,1,1,85,233,539444,539444,328999,210444,0,60.00,29711,3250,31,0,0,0,29698,499.75,499.75,6,774,0.0000,0.5000,0.5000,0.0000,0.5000
2026-04-27T18:54:18.625,1.432,1,0.19,0.19,0.00,0.00,1,-0.0272,0.2305,0.1250,0.0000,0.0000,0.0000,-11.15,0.69,55.02,63.40,86,86,1.00000,1.00000,1.00000,1.00000,3,3,1,27.30563,0.00209,1.06091,0.0272,-0.2305,0.0250,0.0000,0.0000,0.0000,11.15,-9.03,-2.45,1,1,0.0000,0.0000,0.1500,0.00,0.8500,0.3500,0.9200,6.00,180.00,2.000000,0.050000,0.000000,1.100000,0.000000,0.000000,1.200000,0.000000,0.000000,1.350000,0.000000,0.000000,0.850000,0.020000,0.000000,0.008000,0.000000,0.000600,0.008000,0.000000,0.000600,0.006000,0.000000,0.000000,1,1,1,86,233,539444,539444,328999,210444,0,60.00,29711,3250,31,0,0,0,29698,499.75,499.75,6,774,0.0000,0.5000,0.5000,0.0000,0.5000
2026-04-27T18:54:18.642,1.448,1,0.19,0.19,0.00,0.00,1,-0.0272,0.2306,0.1250,0.0000,0.0000,0.0000,-11.15,0.00,64.01,58.98,87,87,1.00000,1.00000,1.00000,1.00000,3,3,1,27.31453,0.00213,1.06231,0.0272,-0.2306,0.0250,0.0000,0.0000,0.0000,11.15,-8.93,-2.47,1,1,0.0000,0.0000,0.1500,0.00,0.8500,0.3500,0.9200,6.00,180.00,2.000000,0.050000,0.000000,1.100000,0.000000,0.000000,1.200000,0.000000,0.000000,1.350000,0.000000,0.000000,0.850000,0.020000,0.000000,0.008000,0.000000,0.000600,0.008000,0.000000,0.000600,0.006000,0.000000,0.000000,1,1,1,87,233,539444,539444,328999,210444,0,60.00,29711,3250,31,0,0,0,29698,499.75,499.75,6,774,0.0000,0.5000,0.5000,0.0000,0.5000
2026-04-27T18:54:18.663,1.469,1,0.19,0.19,0.00,0.00,1,-0.0272,0.2306,0.1249,0.0000,0.0000,0.0000,-11.12,-1.50,58.18,54.39,88,88,1.00000,1.00000,1.00000,1.00000,3,3,1,27.31052,0.00217,1.06060,0.0272,-0.2306,0.0251,0.0000,0.0000,0.0000,11.12,-8.98,-2.50,1,1,0.0000,0.0000,0.1500,0.00,0.8500,0.3500,0.9200,6.00,180.00,2.000000,0.050000,0.000000,1.100000,0.000000,0.000000,1.200000,0.000000,0.000000,1.350000,0.000000,0.000000,0.850000,0.020000,0.000000,0.008000,0.000000,0.000600,0.008000,0.000000,0.000600,0.006000,0.000000,0.000000,1,1,1,88,232,539444,539444,328999,210444,0,60.00,29711,3250,31,0,0,0,29698,499.75,499.75,6,774,0.0000,0.5000,0.5000,0.0000,0.5000
2026-04-27T18:54:18.675,1.482,1,0.19,0.19,0.00,0.00,1,-0.0273,0.2306,0.1251,0.0000,0.0000,0.0000,-11.13,0.81,49.76,67.64,89,89,1.00000,1.00000,1.00000,1.00000,3,3,1,27.28880,0.00212,1.06066,0.0273,-0.2306,0.0249,0.0000,0.0000,0.0000,11.13,-9.05,-2.52,1,1,0.0000,0.0000,0.1500,0.00,0.8500,0.3500,0.9200,6.00,180.00,2.000000,0.050000,0.000000,1.100000,0.000000,0.000000,1.200000,0.000000,0.000000,1.350000,0.000000,0.000000,0.850000,0.020000,0.000000,0.008000,0.000000,0.000600,0.008000,0.000000,0.000600,0.006000,0.000000,0.000000,1,1,1,89,233,539444,539444,328999,210444,0,60.00,29711,3250,31,0,0,0,29698,499.75,499.75,6,774,0.0000,0.5000,0.5000,0.0000,0.5000
2026-04-27T18:54:18.692,1.498,1,0.19,0.19,0.00,0.00,1,-0.0271,0.2307,0.1249,0.0000,0.0000,0.0000,-11.18,2.83,81.40,60.59,90,90,1.00000,1.00000,1.00000,1.00000,3,3,1,27.27802,0.00215,1.06076,0.0271,-0.2307,0.0251,0.0000,0.0000,0.0000,11.18,-8.82,-2.50,1,1,0.0000,0.0000,0.1500,0.00,0.8500,0.3500,0.9200,6.00,180.00,2.000000,0.050000,0.000000,1.100000,0.000000,0.000000,1.200000,0.000000,0.000000,1.350000,0.000000,0.000000,0.850000,0.020000,0.000000,0.008000,0.000000,0.000600,0.008000,0.000000,0.000600,0.006000,0.000000,0.000000,1,1,1,90,232,539444,539444,328999,210444,0,60.00,29711,3250,31,0,0,0,29698,499.75,499.75,6,774,0.0000,0.5000,0.5000,0.0000,0.5000
2026-04-27T18:54:18.711,1.517,1,0.19,0.19,0.00,0.00,1,-0.0271,0.2306,0.1249,0.0000,0.0000,0.0000,-11.15,-1.67,63.90,57.58,91,91,1.00000,1.00000,1.00000,1.00000,3,3,1,27.31588,0.00217,1.05987,0.0271,-0.2306,0.0251,0.0000,0.0000,0.0000,11.15,-8.93,-2.52,1,1,0.0000,0.0000,0.1500,0.00,0.8500,0.3500,0.9200,6.00,180.00,2.000000,0.050000,0.000000,1.100000,0.000000,0.000000,1.200000,0.000000,0.000000,1.350000,0.000000,0.000000,0.850000,0.020000,0.000000,0.008000,0.000000,0.000600,0.008000,0.000000,0.000600,0.006000,0.000000,0.000000,1,1,1,91,233,539444,539444,328999,210444,0,60.00,29711,3250,31,0,0,0,29698,499.75,499.75,6,774,0.0000,0.5000,0.5000,0.0000,0.5000
2026-04-27T18:54:18.726,1.533,1,0.19,0.19,0.00,0.00,1,-0.0273,0.2306,0.1251,0.0000,0.0000,0.0000,-11.13,-1.40,50.03,62.04,92,92,1.00000,1.00000,1.00000,1.00000,3,3,1,27.30160,0.00215,1.06062,0.0273,-0.2306,0.0249,0.0000,0.0000,0.0000,11.13,-9.04,-2.55,1,1,0.0000,0.0000,0.1500,0.00,0.8500,0.3500,0.9200,6.00,180.00,2.000000,0.050000,0.000000,1.100000,0.000000,0.000000,1.200000,0.000000,0.000000,1.350000,0.000000,0.000000,0.850000,0.020000,0.000000,0.008000,0.000000,0.000600,0.008000,0.000000,0.000600,0.006000,0.000000,0.000000,1,1,1,92,233,539444,539444,328999,210444,0,60.00,29711,3250,91,0,0,0,29758,500.25,500.25,7,704,0.0000,0.4570,0.5030,0.1470,0.5370
2026-04-27T18:54:18.743,1.550,1,0.19,0.19,0.00,0.00,1,-0.0274,0.2306,0.1251,0.0000,0.0000,0.0000,-11.14,0.52,67.85,59.96,93,93,1.00000,1.00000,1.00000,1.00000,3,3,1,27.28508,0.00213,1.06062,0.0274,-0.2306,0.0249,0.0000,0.0000,0.0000,11.14,-9.16,-2.53,1,1,0.0000,0.0000,0.1500,0.00,0.8500,0.3500,0.9200,6.00,180.00,2.000000,0.050000,0.000000,1.100000,0.000000,0.000000,1.200000,0.000000,0.000000,1.350000,0.000000,0.000000,0.850000,0.020000,0.000000,0.008000,0.000000,0.000600,0.008000,0.000000,0.000600,0.006000,0.000000,0.000000,1,1,1,93,233,539444,539444,328999,210444,0,60.00,29711,3250,91,0,0,0,29758,500.25,500.25,7,704,0.0000,0.4570,0.5030,0.1470,0.5370
2026-04-27T18:54:18.759,1.565,1,0.19,0.19,0.00,0.00,1,-0.0273,0.2306,0.1250,0.0000,0.0000,0.0000,-11.14,0.00,56.38,54.58,94,94,1.00000,1.00000,1.00000,1.00000,3,3,1,27.30587,0.00213,1.06095,0.0273,-0.2306,0.0250,0.0000,0.0000,0.0000,11.14,-9.08,-2.48,1,1,0.0000,0.0000,0.1500,0.00,0.8500,0.3500,0.9200,6.00,180.00,2.000000,0.050000,0.000000,1.100000,0.000000,0.000000,1.200000,0.000000,0.000000,1.350000,0.000000,0.000000,0.850000,0.020000,0.000000,0.008000,0.000000,0.000600,0.008000,0.000000,0.000600,0.006000,0.000000,0.000000,1,1,1,94,233,539444,539444,328999,210444,0,60.00,29711,3250,91,0,0,0,29758,500.25,500.25,7,704,0.0000,0.4570,0.5030,0.1470,0.5370
2026-04-27T18:54:18.776,1.583,1,0.19,0.19,0.00,0.00,1,-0.0273,0.2305,0.1250,0.0000,0.0000,0.0000,-11.15,0.61,49.24,64.39,95,95,1.00000,1.00000,1.00000,1.00000,3,3,1,27.31546,0.00211,1.06106,0.0273,-0.2305,0.0250,0.0000,0.0000,0.0000,11.15,-9.07,-2.46,1,1,0.0000,0.0000,0.1500,0.00,0.8500,0.3500,0.9200,6.00,180.00,2.000000,0.050000,0.000000,1.100000,0.000000,0.000000,1.200000,0.000000,0.000000,1.350000,0.000000,0.000000,0.850000,0.020000,0.000000,0.008000,0.000000,0.000600,0.008000,0.000000,0.000600,0.006000,0.000000,0.000000,1,1,1,95,233,539444,539444,328999,210444,0,60.00,29711,3250,91,0,0,0,29758,500.25,500.25,7,704,0.0000,0.4570,0.5030,0.1470,0.5370
2026-04-27T18:54:18.794,1.601,1,0.19,0.19,0.00,0.00,1,-0.0273,0.2306,0.1250,0.0000,0.0000,0.0000,-11.14,-0.57,79.41,56.90,96,96,1.00000,1.00000,1.00000,1.00000,3,3,1,27.30796,0.00216,1.06064,0.0273,-0.2306,0.0250,0.0000,0.0000,0.0000,11.14,-9.10,-2.45,1,1,0.0000,0.0000,0.1500,0.00,0.8500,0.3500,0.9200,6.00,180.00,2.000000,0.050000,0.000000,1.100000,0.000000,0.000000,1.200000,0.000000,0.000000,1.350000,0.000000,0.000000,0.850000,0.020000,0.000000,0.008000,0.000000,0.000600,0.008000,0.000000,0.000600,0.006000,0.000000,0.000000,1,1,1,96,232,539444,539444,328999,210444,0,60.00,29711,3250,91,0,0,0,29758,500.25,500.25,7,704,0.0000,0.4570,0.5030,0.1470,0.5370
2026-04-27T18:54:18.809,1.615,1,0.19,0.19,0.00,0.00,1,-0.0273,0.2306,0.1251,0.0000,0.0000,0.0000,-11.14,0.00,58.42,63.97,97,97,1.00000,1.00000,1.00000,1.00000,3,3,1,27.29089,0.00215,1.06035,0.0273,-0.2306,0.0249,0.0000,0.0000,0.0000,11.14,-9.17,-2.50,1,1,0.0000,0.0000,0.1500,0.00,0.8500,0.3500,0.9200,6.00,180.00,2.000000,0.050000,0.000000,1.100000,0.000000,0.000000,1.200000,0.000000,0.000000,1.350000,0.000000,0.000000,0.850000,0.020000,0.000000,0.008000,0.000000,0.000600,0.008000,0.000000,0.000600,0.006000,0.000000,0.000000,1,1,1,97,232,539444,539444,328999,210444,0,60.00,29711,3250,91,0,0,0,29758,500.25,500.25,7,704,0.0000,0.4570,0.5030,0.1470,0.5370
2026-04-27T18:54:18.826,1.632,1,0.19,0.19,0.00,0.00,1,-0.0272,0.2308,0.1249,0.0000,0.0000,0.0000,-11.15,0.58,57.75,59.71,98,98,1.00000,1.00000,1.00000,1.00000,3,3,1,27.31347,0.00216,1.06085,0.0272,-0.2308,0.0251,0.0000,0.0000,0.0000,11.15,-9.13,-2.55,1,1,0.0000,0.0000,0.1500,0.00,0.8500,0.3500,0.9200,6.00,180.00,2.000000,0.050000,0.000000,1.100000,0.000000,0.000000,1.200000,0.000000,0.000000,1.350000,0.000000,0.000000,0.850000,0.020000,0.000000,0.008000,0.000000,0.000600,0.008000,0.000000,0.000600,0.006000,0.000000,0.000000,1,1,1,98,233,539444,539444,328999,210444,0,60.00,29711,3250,91,0,0,0,29758,500.25,500.25,7,704,0.0000,0.4570,0.5030,0.1470,0.5370
2026-04-27T18:54:18.843,1.649,1,0.19,0.19,0.00,0.00,1,-0.0273,0.2307,0.1250,0.0000,0.0000,0.0000,-11.14,-0.63,69.77,59.27,99,99,1.00000,1.00000,1.00000,1.00000,3,3,1,27.30036,0.00219,1.06182,0.0273,-0.2307,0.0250,0.0000,0.0000,0.0000,11.14,-9.18,-2.55,1,1,0.0000,0.0000,0.1500,0.00,0.8500,0.3500,0.9200,6.00,180.00,2.000000,0.050000,0.000000,1.100000,0.000000,0.000000,1.200000,0.000000,0.000000,1.350000,0.000000,0.000000,0.850000,0.020000,0.000000,0.008000,0.000000,0.000600,0.008000,0.000000,0.000600,0.006000,0.000000,0.000000,1,1,1,99,233,539444,539444,328999,210444,0,60.00,29711,3250,91,0,0,0,29758,500.25,500.25,7,704,0.0000,0.4570,0.5030,0.1470,0.5370
2026-04-27T18:54:18.862,1.669,1,0.19,0.19,0.00,0.00,1,-0.0272,0.2307,0.1249,0.0000,0.0000,0.0000,-11.19,2.47,55.55,59.00,100,100,1.00000,1.00000,1.00000,1.00000,3,3,1,27.32636,0.00213,1.06148,0.0272,-0.2307,0.0251,0.0000,0.0000,0.0000,11.19,-9.06,-2.47,1,1,0.0000,0.0000,0.1500,0.00,0.8500,0.3500,0.9200,6.00,180.00,2.000000,0.050000,0.000000,1.100000,0.000000,0.000000,1.200000,0.000000,0.000000,1.350000,0.000000,0.000000,0.850000,0.020000,0.000000,0.008000,0.000000,0.000600,0.008000,0.000000,0.000600,0.006000,0.000000,0.000000,1,1,1,100,233,539444,539444,328999,210444,0,60.00,29711,3250,91,0,0,0,29758,500.25,500.25,7,704,0.0000,0.4570,0.5030,0.1470,0.5370
2026-04-27T18:54:18.876,1.682,1,0.19,0.19,0.00,0.00,1,-0.0272,0.2306,0.1250,0.0000,0.0000,0.0000,-11.16,-2.35,53.67,60.92,101,101,1.00000,1.00000,1.00000,1.00000,3,3,1,27.31119,0.00215,1.06071,0.0272,-0.2306,0.0250,0.0000,0.0000,0.0000,11.16,-9.10,-2.45,1,1,0.0000,0.0000,0.1500,0.00,0.8500,0.3500,0.9200,6.00,180.00,2.000000,0.050000,0.000000,1.100000,0.000000,0.000000,1.200000,0.000000,0.000000,1.350000,0.000000,0.000000,0.850000,0.020000,0.000000,0.008000,0.000000,0.000600,0.008000,0.000000,0.000600,0.006000,0.000000,0.000000,1,1,1,101,232,539444,539444,328999,210444,0,60.00,29711,3250,91,0,0,0,29758,500.25,500.25,7,704,0.0000,0.4570,0.5030,0.1470,0.5370
2026-04-27T18:54:18.892,1.699,1,0.19,0.19,0.00,0.00,1,-0.0274,0.2306,0.1250,0.0000,0.0000,0.0000,-11.17,0.57,65.52,59.91,102,102,1.00000,1.00000,1.00000,1.00000,3,3,1,27.33472,0.00220,1.06056,0.0274,-0.2306,0.0250,0.0000,0.0000,0.0000,11.17,-9.33,-2.53,1,1,0.0000,0.0000,0.1500,0.00,0.8500,0.3500,0.9200,6.00,180.00,2.000000,0.050000,0.000000,1.100000,0.000000,0.000000,1.200000,0.000000,0.000000,1.350000,0.000000,0.000000,0.850000,0.020000,0.000000,0.008000,0.000000,0.000600,0.008000,0.000000,0.000600,0.006000,0.000000,0.000000,1,1,1,102,233,539444,539444,328999,210444,0,60.00,29711,3250,91,0,0,0,29758,500.25,500.25,7,704,0.0000,0.4570,0.5030,0.1470,0.5370
2026-04-27T18:54:18.910,1.716,1,0.19,0.19,0.00,0.00,1,-0.0272,0.2307,0.1249,0.0000,0.0000,0.0000,-11.15,-1.20,69.15,60.16,103,103,1.00000,1.00000,1.00000,1.00000,3,3,1,27.34457,0.00211,1.06220,0.0272,-0.2307,0.0251,0.0000,0.0000,0.0000,11.15,-9.07,-2.57,1,1,0.0000,0.0000,0.1500,0.00,0.8500,0.3500,0.9200,6.00,180.00,2.000000,0.050000,0.000000,1.100000,0.000000,0.000000,1.200000,0.000000,0.000000,1.350000,0.000000,0.000000,0.850000,0.020000,0.000000,0.008000,0.000000,0.000600,0.008000,0.000000,0.000600,0.006000,0.000000,0.000000,1,1,1,103,233,539444,539444,328999,210444,0,60.00,29711,3250,91,0,0,0,29758,500.25,500.25,7,704,0.0000,0.4570,0.5030,0.1470,0.5370
2026-04-27T18:54:18.926,1.732,1,0.19,0.19,0.00,0.00,1,-0.0272,0.2306,0.1250,0.0000,0.0000,0.0000,-11.15,0.00,53.33,62.56,104,104,1.00000,1.00000,1.00000,1.00000,3,3,1,27.30587,0.00213,1.06095,0.0272,-0.2306,0.0250,0.0000,0.0000,0.0000,11.15,-9.04,-2.51,1,1,0.0000,0.0000,0.1500,0.00,0.8500,0.3500,0.9200,6.00,180.00,2.000000,0.050000,0.000000,1.100000,0.000000,0.000000,1.200000,0.000000,0.000000,1.350000,0.000000,0.000000,0.850000,0.020000,0.000000,0.008000,0.000000,0.000600,0.008000,0.000000,0.000600,0.006000,0.000000,0.000000,1,1,1,104,233,539444,539444,328999,210444,0,60.00,29711,3250,91,0,0,0,29758,500.25,500.25,7,704,0.0000,0.4570,0.5030,0.1470,0.5370
2026-04-27T18:54:18.942,1.748,1,0.19,0.19,0.00,0.00,1,-0.0273,0.2307,0.1250,0.0000,0.0000,0.0000,-11.17,1.15,64.09,57.84,105,105,1.00000,1.00000,1.00000,1.00000,3,3,1,27.29865,0.00219,1.06053,0.0273,-0.2307,0.0250,0.0000,0.0000,0.0000,11.17,-9.12,-2.50,1,1,0.0000,0.0000,0.1500,0.00,0.8500,0.3500,0.9200,6.00,180.00,2.000000,0.050000,0.000000,1.100000,0.000000,0.000000,1.200000,0.000000,0.000000,1.350000,0.000000,0.000000,0.850000,0.020000,0.000000,0.008000,0.000000,0.000600,0.008000,0.000000,0.000600,0.006000,0.000000,0.000000,1,1,1,105,232,539504,539504,329060,210444,0,60.00,29771,3251,91,0,0,0,29758,500.25,500.25,7,704,0.0000,0.4570,0.5030,0.1470,0.5370
2026-04-27T18:54:18.959,1.765,1,0.19,0.19,0.00,0.00,1,-0.0273,0.2306,0.1250,0.0000,0.0000,0.0000,-11.16,-0.65,65.08,62.97,106,106,1.00000,1.00000,1.00000,1.00000,3,3,1,27.31530,0.00217,1.06025,0.0273,-0.2306,0.0250,0.0000,0.0000,0.0000,11.16,-9.13,-2.47,1,1,0.0000,0.0000,0.1500,0.00,0.8500,0.3500,0.9200,6.00,180.00,2.000000,0.050000,0.000000,1.100000,0.000000,0.000000,1.200000,0.000000,0.000000,1.350000,0.000000,0.000000,0.850000,0.020000,0.000000,0.008000,0.000000,0.000600,0.008000,0.000000,0.000600,0.006000,0.000000,0.000000,1,1,1,106,233,539504,539504,329060,210444,0,60.00,29771,3251,91,0,0,0,29758,500.25,500.25,7,704,0.0000,0.4570,0.5030,0.1470,0.5370
2026-04-27T18:54:18.976,1.782,1,0.19,0.19,0.00,0.00,1,-0.0273,0.2306,0.1250,0.0000,0.0000,0.0000,-11.18,1.21,55.46,61.52,107,107,1.00000,1.00000,1.00000,1.00000,3,3,1,27.31677,0.00209,1.06042,0.0273,-0.2306,0.0250,0.0000,0.0000,0.0000,11.18,-9.11,-2.47,1,1,0.0000,0.0000,0.1500,0.00,0.8500,0.3500,0.9200,6.00,180.00,2.000000,0.050000,0.000000,1.100000,0.000000,0.000000,1.200000,0.000000,0.000000,1.350000,0.000000,0.000000,0.850000,0.020000,0.000000,0.008000,0.000000,0.000600,0.008000,0.000000,0.000600,0.006000,0.000000,0.000000,1,1,1,107,233,539504,539504,329060,210444,0,60.00,29771,3251,91,0,0,0,29758,500.25,500.25,7,704,0.0000,0.4570,0.5030,0.1470,0.5370
2026-04-27T18:54:18.993,1.800,1,0.19,0.19,0.00,0.00,1,-0.0273,0.2306,0.1251,0.0000,0.0000,0.0000,-11.16,-1.02,56.80,54.03,108,108,1.00000,1.00000,1.00000,1.00000,3,3,1,27.28880,0.00212,1.06066,0.0273,-0.2306,0.0249,0.0000,0.0000,0.0000,11.16,-9.11,-2.51,1,1,0.0000,0.0000,0.1500,0.00,0.8500,0.3500,0.9200,6.00,180.00,2.000000,0.050000,0.000000,1.100000,0.000000,0.000000,1.200000,0.000000,0.000000,1.350000,0.000000,0.000000,0.850000,0.020000,0.000000,0.008000,0.000000,0.000600,0.008000,0.000000,0.000600,0.006000,0.000000,0.000000,1,1,1,108,233,539504,539504,329060,210444,0,60.00,29771,3251,91,0,0,0,29758,500.25,500.25,7,704,0.0000,0.4570,0.5030,0.1470,0.5370
2026-04-27T18:54:19.013,1.819,1,0.19,0.19,0.00,0.00,1,-0.0271,0.2306,0.1249,0.0000,0.0000,0.0000,-11.15,-0.55,55.75,62.22,109,109,1.00000,1.00000,1.00000,1.00000,3,3,1,27.28639,0.00211,1.06132,0.0271,-0.2306,0.0251,0.0000,0.0000,0.0000,11.15,-9.00,-2.45,1,1,0.0000,0.0000,0.1500,0.00,0.8500,0.3500,0.9200,6.00,180.00,2.000000,0.050000,0.000000,1.100000,0.000000,0.000000,1.200000,0.000000,0.000000,1.350000,0.000000,0.000000,0.850000,0.020000,0.000000,0.008000,0.000000,0.000600,0.008000,0.000000,0.000600,0.006000,0.000000,0.000000,1,1,1,109,230,539504,539504,329060,210444,0,60.00,29771,3251,91,0,0,0,29758,500.25,500.25,7,704,0.0000,0.4570,0.5030,0.1470,0.5370
2026-04-27T18:54:19.026,1.833,1,0.19,0.19,0.00,0.00,1,-0.0271,0.2306,0.1249,0.0000,0.0000,0.0000,-11.14,-0.74,51.86,59.70,110,110,1.00000,1.00000,1.00000,1.00000,3,3,1,27.30746,0.00214,1.06030,0.0271,-0.2306,0.0251,0.0000,0.0000,0.0000,11.14,-8.91,-2.50,1,1,0.0000,0.0000,0.1500,0.00,0.8500,0.3500,0.9200,6.00,180.00,2.000000,0.050000,0.000000,1.100000,0.000000,0.000000,1.200000,0.000000,0.000000,1.350000,0.000000,0.000000,0.850000,0.020000,0.000000,0.008000,0.000000,0.000600,0.008000,0.000000,0.000600,0.006000,0.000000,0.000000,1,1,1,110,232,539504,539504,329060,210444,0,60.00,29771,3251,91,0,0,0,29758,500.25,500.25,7,704,0.0000,0.4570,0.5030,0.1470,0.5370
2026-04-27T18:54:19.046,1.852,1,0.19,0.19,0.00,0.00,1,-0.0273,0.2306,0.1251,0.0000,0.0000,0.0000,-11.11,-1.54,75.84,60.16,111,111,1.00000,1.00000,1.00000,1.00000,3,3,1,27.26924,0.00215,1.06055,0.0273,-0.2306,0.0249,0.0000,0.0000,0.0000,11.11,-9.08,-2.59,1,1,0.0000,0.0000,0.1500,0.00,0.8500,0.3500,0.9200,6.00,180.00,2.000000,0.050000,0.000000,1.100000,0.000000,0.000000,1.200000,0.000000,0.000000,1.350000,0.000000,0.000000,0.850000,0.020000,0.000000,0.008000,0.000000,0.000600,0.008000,0.000000,0.000600,0.006000,0.000000,0.000000,1,1,1,111,233,539504,539504,329060,210444,0,60.00,29771,3251,91,0,0,0,29758,500.25,500.25,7,704,0.0000,0.4570,0.5030,0.1470,0.5370
2026-04-27T18:54:19.061,1.867,1,0.19,0.19,0.00,0.00,1,-0.0274,0.2306,0.1251,0.0000,0.0000,0.0000,-11.11,0.00,53.04,60.62,112,112,1.00000,1.00000,1.00000,1.00000,3,3,1,27.29041,0.00221,1.05965,0.0274,-0.2306,0.0249,0.0000,0.0000,0.0000,11.11,-9.28,-2.56,1,1,0.0000,0.0000,0.1500,0.00,0.8500,0.3500,0.9200,6.00,180.00,2.000000,0.050000,0.000000,1.100000,0.000000,0.000000,1.200000,0.000000,0.000000,1.350000,0.000000,0.000000,0.850000,0.020000,0.000000,0.008000,0.000000,0.000600,0.008000,0.000000,0.000600,0.006000,0.000000,0.000000,1,1,1,112,233,539504,539504,329060,210444,0,60.00,29771,3251,91,0,0,0,29758,500.25,500.25,7,704,0.0000,0.4570,0.5030,0.1470,0.5370
2026-04-27T18:54:19.079,1.886,1,0.19,0.19,0.00,0.00,1,-0.0273,0.2307,0.1250,0.0000,0.0000,0.0000,-11.13,1.02,63.95,57.62,113,113,1.00000,1.00000,1.00000,1.00000,3,3,1,27.31988,0.00221,1.06132,0.0273,-0.2307,0.0250,0.0000,0.0000,0.0000,11.13,-9.24,-2.53,1,1,0.0000,0.0000,0.1500,0.00,0.8500,0.3500,0.9200,6.00,180.00,2.000000,0.050000,0.000000,1.100000,0.000000,0.000000,1.200000,0.000000,0.000000,1.350000,0.000000,0.000000,0.850000,0.020000,0.000000,0.008000,0.000000,0.000600,0.008000,0.000000,0.000600,0.006000,0.000000,0.000000,1,1,1,113,233,539504,539504,329060,210444,0,60.00,29771,3251,91,0,0,0,29758,500.25,500.25,7,704,0.0000,0.4570,0.5030,0.1470,0.5370
2026-04-27T18:54:19.095,1.901,1,0.19,0.19,0.00,0.00,1,-0.0272,0.2306,0.1250,0.0000,0.0000,0.0000,-11.14,0.62,55.37,62.75,114,114,1.00000,1.00000,1.00000,1.00000,3,3,1,27.30587,0.00213,1.06095,0.0272,-0.2306,0.0250,0.0000,0.0000,0.0000,11.14,-9.13,-2.48,1,1,0.0000,0.0000,0.1500,0.00,0.8500,0.3500,0.9200,6.00,180.00,2.000000,0.050000,0.000000,1.100000,0.000000,0.000000,1.200000,0.000000,0.000000,1.350000,0.000000,0.000000,0.850000,0.020000,0.000000,0.008000,0.000000,0.000600,0.008000,0.000000,0.000600,0.006000,0.000000,0.000000,1,1,1,114,233,539504,539504,329060,210444,0,60.00,29771,3251,91,0,0,0,29758,500.25,500.25,7,704,0.0000,0.4570,0.5030,0.1470,0.5370
2026-04-27T18:54:19.112,1.918,1,0.19,0.19,0.00,0.00,1,-0.0273,0.2306,0.1250,0.0000,0.0000,0.0000,-11.13,-0.59,70.66,60.09,115,115,1.00000,1.00000,1.00000,1.00000,3,3,1,27.29864,0.00213,1.06023,0.0273,-0.2306,0.0250,0.0000,0.0000,0.0000,11.13,-9.26,-2.56,1,1,0.0000,0.0000,0.1500,0.00,0.8500,0.3500,0.9200,6.00,180.00,2.000000,0.050000,0.000000,1.100000,0.000000,0.000000,1.200000,0.000000,0.000000,1.350000,0.000000,0.000000,0.850000,0.020000,0.000000,0.008000,0.000000,0.000600,0.008000,0.000000,0.000600,0.006000,0.000000,0.000000,1,1,1,115,233,539504,539504,329060,210444,0,60.00,29771,3251,91,0,0,0,29758,500.25,500.25,7,704,0.0000,0.4570,0.5030,0.1470,0.5370
2026-04-27T18:54:19.131,1.938,1,0.19,0.19,0.00,0.00,1,-0.0275,0.2306,0.1252,0.0000,0.0000,0.0000,-11.01,-8.89,53.29,58.72,116,116,1.00000,1.00000,1.00000,1.00000,3,3,1,27.22425,0.00230,1.05943,0.0275,-0.2306,0.0248,0.0000,0.0000,0.0000,11.01,-9.46,-2.67,1,1,0.0000,0.0000,0.1500,0.00,0.8500,0.3500,0.9200,6.00,180.00,2.000000,0.050000,0.000000,1.100000,0.000000,0.000000,1.200000,0.000000,0.000000,1.350000,0.000000,0.000000,0.850000,0.020000,0.000000,0.008000,0.000000,0.000600,0.008000,0.000000,0.000600,0.006000,0.000000,0.000000,1,1,1,116,230,539504,539504,329060,210444,0,60.00,29771,3251,91,0,0,0,29758,500.25,500.25,7,704,0.0000,0.4570,0.5030,0.1470,0.5370
2026-04-27T18:54:19.146,1.952,1,0.19,0.19,0.00,0.00,1,-0.0273,0.2305,0.1251,0.0000,0.0000,0.0000,-11.01,0.00,49.94,58.79,117,117,1.00000,1.00000,1.00000,1.00000,3,3,1,27.27025,0.00214,1.06090,0.0273,-0.2305,0.0249,0.0000,0.0000,0.0000,11.01,-9.25,-2.59,1,1,0.0000,0.0000,0.1500,0.00,0.8500,0.3500,0.9200,6.00,180.00,2.000000,0.050000,0.000000,1.100000,0.000000,0.000000,1.200000,0.000000,0.000000,1.350000,0.000000,0.000000,0.850000,0.020000,0.000000,0.008000,0.000000,0.000600,0.008000,0.000000,0.000600,0.006000,0.000000,0.000000,1,1,1,117,230,539504,539504,329060,210444,0,60.00,29771,3251,91,0,0,0,29758,500.25,500.25,7,704,0.0000,0.4570,0.5030,0.1470,0.5370
2026-04-27T18:54:19.159,1.965,1,0.19,0.19,0.00,0.00,1,-0.0272,0.2306,0.1250,0.0000,0.0000,0.0000,-10.90,-8.29,70.14,62.02,118,118,1.00000,1.00000,1.00000,1.00000,3,3,1,27.28825,0.00224,1.06055,0.0272,-0.2306,0.0250,0.0000,0.0000,0.0000,10.90,-9.23,-2.72,1,1,0.0000,0.0000,0.1500,0.00,0.8500,0.3500,0.9200,6.00,180.00,2.000000,0.050000,0.000000,1.100000,0.000000,0.000000,1.200000,0.000000,0.000000,1.350000,0.000000,0.000000,0.850000,0.020000,0.000000,0.008000,0.000000,0.000600,0.008000,0.000000,0.000600,0.006000,0.000000,0.000000,1,1,1,118,232,539504,539504,329060,210444,0,60.00,29771,3251,91,0,0,0,29758,500.25,500.25,7,704,0.0000,0.4570,0.5030,0.1470,0.5370
2026-04-27T18:54:19.176,1.983,1,0.19,0.19,0.00,0.00,1,-0.0272,0.2305,0.1251,0.0000,0.0000,0.0000,-10.79,-7.38,81.98,61.08,119,119,1.00000,1.00000,1.00000,1.00000,3,3,1,27.24845,0.00232,1.06019,0.0272,-0.2305,0.0249,0.0000,0.0000,0.0000,10.79,-9.26,-2.63,1,1,0.0000,0.0000,0.1500,0.00,0.8500,0.3500,0.9200,6.00,180.00,2.000000,0.050000,0.000000,1.100000,0.000000,0.000000,1.200000,0.000000,0.000000,1.350000,0.000000,0.000000,0.850000,0.020000,0.000000,0.008000,0.000000,0.000600,0.008000,0.000000,0.000600,0.006000,0.000000,0.000000,1,1,1,119,233,539504,539504,329060,210444,0,60.00,29771,3251,91,0,0,0,29758,500.25,500.25,7,704,0.0000,0.4570,0.5030,0.1470,0.5370
2026-04-27T18:54:19.193,1.999,1,0.19,0.19,0.00,0.00,1,-0.0272,0.2306,0.1250,0.0000,0.0000,0.0000,-10.68,-6.17,57.42,58.64,120,120,1.00000,1.00000,1.00000,1.00000,3,3,1,27.25294,0.00243,1.05922,0.0272,-0.2306,0.0250,0.0000,0.0000,0.0000,10.68,-9.40,-2.67,1,1,0.0000,0.0000,0.1500,0.00,0.8500,0.3500,0.9200,6.00,180.00,2.000000,0.050000,0.000000,1.100000,0.000000,0.000000,1.200000,0.000000,0.000000,1.350000,0.000000,0.000000,0.850000,0.020000,0.000000,0.008000,0.000000,0.000600,0.008000,0.000000,0.000600,0.006000,0.000000,0.000000,1,1,1,120,232,539504,539504,329060,210444,0,60.00,29771,3251,91,0,0,0,29758,500.25,500.25,7,704,0.0000,0.4570,0.5030,0.1470,0.5370
2026-04-27T18:54:19.207,2.014,1,0.19,0.19,0.00,0.00,1,-0.0274,0.2305,0.1251,0.0000,0.0000,0.0000,-10.43,-15.85,59.04,64.69,121,121,1.00000,1.00000,1.00000,1.00000,3,3,1,27.23530,0.00247,1.05955,0.0274,-0.2305,0.0249,0.0000,0.0000,0.0000,10.43,-9.70,-2.70,1,1,0.0000,0.0000,0.1500,0.00,0.8500,0.3500,0.9200,6.00,180.00,2.000000,0.050000,0.000000,1.100000,0.000000,0.000000,1.200000,0.000000,0.000000,1.350000,0.000000,0.000000,0.850000,0.020000,0.000000,0.008000,0.000000,0.000600,0.008000,0.000000,0.000600,0.006000,0.000000,0.000000,1,1,1,121,231,539504,539504,329060,210444,0,60.00,29771,3251,91,0,0,0,29758,500.25,500.25,7,704,0.0000,0.4570,0.5030,0.1470,0.5370
2026-04-27T18:54:19.225,2.032,1,0.19,0.19,0.00,0.00,1,-0.0269,0.2306,0.1252,-0.0162,0.0000,0.0000,-10.30,-7.69,68.28,59.34,122,122,1.00000,1.00000,1.00000,1.00000,3,3,1,27.21148,0.00228,1.06268,0.0269,-0.2306,0.0248,-0.0162,0.0000,0.0000,10.30,-9.37,-2.82,1,1,0.0000,0.0000,0.1500,0.00,0.8500,0.3500,0.9200,6.00,180.00,2.000000,0.050000,0.000000,1.100000,0.000000,0.000000,1.200000,0.000000,0.000000,1.350000,0.000000,0.000000,0.850000,0.020000,0.000000,0.008000,0.000000,0.000600,0.008000,0.000000,0.000600,0.006000,0.000000,0.000000,1,1,1,122,237,539504,539504,329060,210444,0,60.00,29771,3251,91,0,0,0,29758,500.25,500.25,7,704,0.0000,0.4570,0.5030,0.1470,0.5370
2026-04-27T18:54:19.238,2.045,1,0.19,0.19,0.00,0.00,1,-0.0268,0.2306,0.1251,0.0000,0.0000,0.0000,-10.13,-12.10,57.12,56.05,123,123,1.00000,1.00000,1.00000,1.00000,3,3,1,27.18259,0.00223,1.06332,0.0268,-0.2306,0.0249,0.0000,0.0000,0.0000,10.13,-9.38,-2.84,1,1,0.0000,0.0000,0.1500,0.00,0.8500,0.3500,0.9200,6.00,180.00,2.000000,0.050000,0.000000,1.100000,0.000000,0.000000,1.200000,0.000000,0.000000,1.350000,0.000000,0.000000,0.850000,0.020000,0.000000,0.008000,0.000000,0.000600,0.008000,0.000000,0.000600,0.006000,0.000000,0.000000,1,1,1,123,233,539504,539504,329060,210444,0,60.00,29771,3251,121,0,0,0,29788,330.91,330.91,10,493,0.0000,0.4570,0.5020,0.3900,0.5340
2026-04-27T18:54:19.259,2.065,1,0.19,0.19,0.00,0.00,1,-0.0266,0.2306,0.1251,0.0000,0.0000,0.0000,-9.93,-9.80,53.39,61.37,124,124,1.00000,1.00000,1.00000,1.00000,3,3,1,27.23254,0.00231,1.06178,0.0266,-0.2306,0.0249,0.0000,0.0000,0.0000,9.93,-9.37,-2.74,1,1,0.0000,0.0000,0.1500,0.00,0.8500,0.3500,0.9200,6.00,180.00,2.000000,0.050000,0.000000,1.100000,0.000000,0.000000,1.200000,0.000000,0.000000,1.350000,0.000000,0.000000,0.850000,0.020000,0.000000,0.008000,0.000000,0.000600,0.008000,0.000000,0.000600,0.006000,0.000000,0.000000,1,1,1,124,232,539504,539504,329060,210444,0,60.00,29771,3251,121,0,0,0,29788,330.91,330.91,10,493,0.0000,0.4570,0.5020,0.3900,0.5340
2026-04-27T18:54:19.276,2.083,1,0.19,0.19,0.00,0.00,1,-0.0268,0.2304,0.1252,0.0000,0.0000,0.0000,-9.67,-15.63,68.11,63.04,125,125,1.00000,1.00000,1.00000,1.00000,3,3,1,27.23790,0.00237,1.06081,0.0268,-0.2304,0.0248,0.0000,0.0000,0.0000,9.67,-9.68,-2.57,1,1,0.0000,0.0000,0.1500,0.00,0.8500,0.3500,0.9200,6.00,180.00,2.000000,0.050000,0.000000,1.100000,0.000000,0.000000,1.200000,0.000000,0.000000,1.350000,0.000000,0.000000,0.850000,0.020000,0.000000,0.008000,0.000000,0.000600,0.008000,0.000000,0.000600,0.006000,0.000000,0.000000,1,1,1,125,231,539504,539504,329060,210444,0,60.00,29771,3251,121,0,0,0,29788,330.91,330.91,10,493,0.0000,0.4570,0.5020,0.3900,0.5340
2026-04-27T18:54:19.291,2.098,1,0.19,0.19,0.00,0.00,1,-0.0266,0.2303,0.1252,0.0000,0.0000,0.0000,-9.45,-14.66,60.41,58.54,126,126,1.00000,1.00000,1.00000,1.00000,3,3,1,27.23502,0.00236,1.05984,0.0266,-0.2303,0.0248,0.0000,0.0000,0.0000,9.45,-9.66,-2.49,1,1,0.0000,0.0000,0.1500,0.00,0.8500,0.3500,0.9200,6.00,180.00,2.000000,0.050000,0.000000,1.100000,0.000000,0.000000,1.200000,0.000000,0.000000,1.350000,0.000000,0.000000,0.850000,0.020000,0.000000,0.008000,0.000000,0.000600,0.008000,0.000000,0.000600,0.006000,0.000000,0.000000,1,1,1,126,231,539504,539504,329060,210444,0,60.00,29771,3251,121,0,0,0,29788,330.91,330.91,10,493,0.0000,0.4570,0.5020,0.3900,0.5340
2026-04-27T18:54:19.307,2.114,1,0.19,0.19,0.00,0.00,1,-0.0264,0.2301,0.1253,0.0000,0.0000,0.0000,-9.11,-20.21,62.46,61.85,127,127,1.00000,1.00000,1.00000,1.00000,3,3,1,27.19909,0.00221,1.06102,0.0264,-0.2301,0.0247,0.0000,0.0000,0.0000,9.11,-9.76,-2.28,1,1,0.0000,0.0000,0.1500,0.00,0.8500,0.3500,0.9200,6.00,180.00,2.000000,0.050000,0.000000,1.100000,0.000000,0.000000,1.200000,0.000000,0.000000,1.350000,0.000000,0.000000,0.850000,0.020000,0.000000,0.008000,0.000000,0.000600,0.008000,0.000000,0.000600,0.006000,0.000000,0.000000,1,1,1,127,231,539504,539504,329060,210444,0,60.00,29771,3251,121,0,0,0,29788,330.91,330.91,10,493,0.0000,0.4570,0.5020,0.3900,0.5340
2026-04-27T18:54:19.325,2.131,1,0.30,0.30,1.00,1.00,1,-0.0264,0.2303,0.1255,0.0000,0.0000,0.0000,-8.87,-13.56,61.28,57.02,128,128,1.00000,1.00000,1.00000,1.00000,3,3,1,27.21324,0.00222,1.06276,0.0264,-0.2303,0.0245,0.0000,0.0000,0.0000,8.87,-9.84,-2.27,1,1,0.0000,0.0000,0.1500,0.00,0.8500,0.3500,0.9200,6.00,180.00,2.000000,0.050000,0.000000,1.100000,0.000000,0.000000,1.200000,0.000000,0.000000,1.350000,0.000000,0.000000,0.850000,0.020000,0.000000,0.008000,0.000000,0.000600,0.008000,0.000000,0.000600,0.006000,0.000000,0.000000,1,1,1,128,231,539504,539504,329060,210444,0,60.00,29771,3251,121,0,0,0,29788,330.91,330.91,10,493,0.0000,0.4570,0.5020,0.3900,0.5340
2026-04-27T18:54:19.342,2.148,1,0.30,0.30,1.00,1.00,1,-0.0264,0.2302,0.1255,0.0000,0.0000,0.0000,-8.70,-10.82,53.45,65.22,129,129,1.00000,1.00000,1.00000,1.00000,3,3,1,27.19399,0.00230,1.05891,0.0264,-0.2302,0.0245,0.0000,0.0000,0.0000,8.70,-10.02,-2.22,1,1,0.0000,0.0000,0.1500,0.00,0.8500,0.3500,0.9200,6.00,180.00,2.000000,0.050000,0.000000,1.100000,0.000000,0.000000,1.200000,0.000000,0.000000,1.350000,0.000000,0.000000,0.850000,0.020000,0.000000,0.008000,0.000000,0.000600,0.008000,0.000000,0.000600,0.006000,0.000000,0.000000,1,1,1,129,231,539504,539504,329060,210444,0,60.00,29771,3251,121,0,0,0,29788,330.91,330.91,10,493,0.0000,0.4570,0.5020,0.3900,0.5340
2026-04-27T18:54:19.360,2.166,1,0.30,0.30,1.00,1.00,1,-0.0260,0.2302,0.1253,-0.0137,0.0000,0.0000,-8.57,-7.28,66.86,57.86,130,130,1.00000,1.00000,1.00000,1.00000,3,3,1,27.23557,0.00243,1.05891,0.0260,-0.2302,0.0247,-0.0137,0.0000,0.0000,8.57,-9.85,-2.15,1,1,0.0000,0.0000,0.1500,0.00,0.8500,0.3500,0.9200,6.00,180.00,2.000000,0.050000,0.000000,1.100000,0.000000,0.000000,1.200000,0.000000,0.000000,1.350000,0.000000,0.000000,0.850000,0.020000,0.000000,0.008000,0.000000,0.000600,0.008000,0.000000,0.000600,0.006000,0.000000,0.000000,1,1,1,130,236,539504,539504,329060,210444,0,60.00,29771,3251,121,0,0,0,29788,330.91,330.91,10,493,0.0000,0.4570,0.5020,0.3900,0.5340
2026-04-27T18:54:19.375,2.182,1,0.30,0.30,1.00,1.00,1,-0.0260,0.2302,0.1253,0.0000,0.0000,0.0000,-8.43,-9.21,54.41,59.60,131,131,1.00000,1.00000,1.00000,1.00000,3,3,1,27.22998,0.00236,1.06289,0.0260,-0.2302,0.0247,0.0000,0.0000,0.0000,8.43,-9.91,-2.12,1,1,0.0000,0.0000,0.1500,0.00,0.8500,0.3500,0.9200,6.00,180.00,2.000000,0.050000,0.000000,1.100000,0.000000,0.000000,1.200000,0.000000,0.000000,1.350000,0.000000,0.000000,0.850000,0.020000,0.000000,0.008000,0.000000,0.000600,0.008000,0.000000,0.000600,0.006000,0.000000,0.000000,1,1,1,131,231,539504,539504,329060,210444,0,60.00,29771,3251,121,0,0,0,29788,330.91,330.91,10,493,0.0000,0.4570,0.5020,0.3900,0.5340
2026-04-27T18:54:19.394,2.200,1,0.30,0.30,1.00,1.00,1,-0.0259,0.2303,0.1254,0.0000,0.0000,0.0000,-8.20,-11.99,68.76,58.02,132,132,1.00000,1.00000,1.00000,1.00000,3,3,1,27.27354,0.00252,1.06036,0.0259,-0.2303,0.0246,0.0000,0.0000,0.0000,8.20,-9.85,-2.28,1,1,0.0000,0.0000,0.1500,0.00,0.8500,0.3500,0.9200,6.00,180.00,2.000000,0.050000,0.000000,1.100000,0.000000,0.000000,1.200000,0.000000,0.000000,1.350000,0.000000,0.000000,0.850000,0.020000,0.000000,0.008000,0.000000,0.000600,0.008000,0.000000,0.000600,0.006000,0.000000,0.000000,1,1,1,132,230,539504,539504,329060,210444,0,60.00,29771,3251,121,0,0,0,29788,330.91,330.91,10,493,0.0000,0.4570,0.5020,0.3900,0.5340
2026-04-27T18:54:19.409,2.215,1,0.30,0.30,1.00,1.00,1,-0.0257,0.2303,0.1254,0.0000,0.0000,0.0000,-8.08,-7.45,51.07,62.69,133,133,1.00000,1.00000,1.00000,1.00000,3,3,1,27.27745,0.00243,1.05952,0.0257,-0.2303,0.0246,0.0000,0.0000,0.0000,8.08,-9.80,-2.22,1,1,0.0000,0.0000,0.1500,0.00,0.8500,0.3500,0.9200,6.00,180.00,2.000000,0.050000,0.000000,1.100000,0.000000,0.000000,1.200000,0.000000,0.000000,1.350000,0.000000,0.000000,0.850000,0.020000,0.000000,0.008000,0.000000,0.000600,0.008000,0.000000,0.000600,0.006000,0.000000,0.000000,1,1,1,133,230,539504,539504,329060,210444,0,60.00,29771,3251,121,0,0,0,29788,330.91,330.91,10,493,0.0000,0.4570,0.5020,0.3900,0.5340
2026-04-27T18:54:19.425,2.232,1,0.30,0.30,1.00,1.00,1,-0.0257,0.2299,0.1256,0.0000,0.0117,0.0000,-7.85,-14.09,60.04,56.63,134,134,1.00000,1.00000,1.00000,1.00000,3,3,1,27.31340,0.00254,1.05873,0.0257,-0.2299,0.0244,0.0000,0.0117,0.0000,7.85,-9.82,-2.15,1,1,0.0000,0.0000,0.1500,0.00,0.8500,0.3500,0.9200,6.00,180.00,2.000000,0.050000,0.000000,1.100000,0.000000,0.000000,1.200000,0.000000,0.000000,1.350000,0.000000,0.000000,0.850000,0.020000,0.000000,0.008000,0.000000,0.000600,0.008000,0.000000,0.000600,0.006000,0.000000,0.000000,1,1,1,134,235,539504,539504,329060,210444,0,60.00,29771,3251,121,0,0,0,29788,330.91,330.91,10,493,0.0000,0.4570,0.5020,0.3900,0.5340
2026-04-27T18:54:19.443,2.249,1,0.30,0.30,1.00,1.00,1,-0.0259,0.2297,0.1257,0.0000,0.0104,0.0000,-7.62,-14.01,66.71,60.44,135,135,1.00000,1.00000,1.00000,1.00000,3,3,1,27.26962,0.00256,1.05598,0.0259,-0.2297,0.0243,0.0000,0.0104,0.0000,7.62,-10.09,-2.11,1,1,0.0000,0.0000,0.1500,0.00,0.8500,0.3500,0.9200,6.00,180.00,2.000000,0.050000,0.000000,1.100000,0.000000,0.000000,1.200000,0.000000,0.000000,1.350000,0.000000,0.000000,0.850000,0.020000,0.000000,0.008000,0.000000,0.000600,0.008000,0.000000,0.000600,0.006000,0.000000,0.000000,1,1,1,135,235,539504,539504,329060,210444,0,60.00,29771,3251,121,0,0,0,29788,330.91,330.91,10,493,0.0000,0.4570,0.5020,0.3900,0.5340
2026-04-27T18:54:19.459,2.265,1,0.30,0.30,1.00,1.00,1,-0.0257,0.2298,0.1255,0.0000,0.0000,0.0000,-7.36,-16.16,58.17,64.06,136,136,1.00000,1.00000,1.00000,1.00000,3,3,1,27.26608,0.00254,1.05763,0.0257,-0.2298,0.0245,0.0000,0.0000,0.0000,7.36,-10.07,-2.24,1,1,0.0000,0.0000,0.1500,0.00,0.8500,0.3500,0.9200,6.00,180.00,2.000000,0.050000,0.000000,1.100000,0.000000,0.000000,1.200000,0.000000,0.000000,1.350000,0.000000,0.000000,0.850000,0.020000,0.000000,0.008000,0.000000,0.000600,0.008000,0.000000,0.000600,0.006000,0.000000,0.000000,1,1,1,136,232,539504,539504,329060,210444,0,60.00,29771,3251,121,0,0,0,29788,330.91,330.91,10,493,0.0000,0.4570,0.5020,0.3900,0.5340
2026-04-27T18:54:19.475,2.282,1,0.30,0.30,1.00,1.00,1,-0.0254,0.2300,0.1254,0.0000,0.0000,0.0000,-7.13,-13.28,66.28,56.98,137,137,1.00000,1.00000,1.00000,1.00000,3,3,1,27.28893,0.00245,1.05987,0.0254,-0.2300,0.0246,0.0000,0.0000,0.0000,7.13,-9.92,-2.60,1,1,0.0000,0.0000,0.1500,0.00,0.8500,0.3500,0.9200,6.00,180.00,2.000000,0.050000,0.000000,1.100000,0.000000,0.000000,1.200000,0.000000,0.000000,1.350000,0.000000,0.000000,0.850000,0.020000,0.000000,0.008000,0.000000,0.000600,0.008000,0.000000,0.000600,0.006000,0.000000,0.000000,1,1,1,137,230,539504,539504,329060,210444,0,60.00,29771,3251,121,0,0,0,29788,330.91,330.91,10,493,0.0000,0.4570,0.5020,0.3900,0.5340
2026-04-27T18:54:19.493,2.299,1,0.30,0.19,0.00,-1.01,1,-0.0253,0.2302,0.1251,0.0000,0.0000,0.0000,-6.96,-10.29,57.53,59.48,138,138,1.00000,1.00000,1.00000,1.00000,3,3,1,27.28141,0.00249,1.06008,0.0253,-0.2302,0.0249,0.0000,0.0000,0.0000,6.96,-9.78,-2.99,1,1,0.0000,0.0000,0.1500,0.00,0.8500,0.3500,0.9200,6.00,180.00,2.000000,0.050000,0.000000,1.100000,0.000000,0.000000,1.200000,0.000000,0.000000,1.350000,0.000000,0.000000,0.850000,0.020000,0.000000,0.008000,0.000000,0.000600,0.008000,0.000000,0.000600,0.006000,0.000000,0.000000,1,1,1,138,231,539504,539504,329060,210444,0,60.00,29771,3251,121,0,0,0,29788,330.91,330.91,10,493,0.0000,0.4570,0.5020,0.3900,0.5340
2026-04-27T18:54:19.509,2.315,1,0.30,0.19,0.00,-1.01,1,-0.0253,0.2303,0.1250,0.0000,0.0000,0.0000,-6.79,-9.89,54.17,62.76,139,139,1.00000,1.00000,1.00000,1.00000,3,3,1,27.22009,0.00251,1.05883,0.0253,-0.2303,0.0250,0.0000,0.0000,0.0000,6.79,-9.72,-3.49,1,1,0.0000,0.0000,0.1500,0.00,0.8500,0.3500,0.9200,6.00,180.00,2.000000,0.050000,0.000000,1.100000,0.000000,0.000000,1.200000,0.000000,0.000000,1.350000,0.000000,0.000000,0.850000,0.020000,0.000000,0.008000,0.000000,0.000600,0.008000,0.000000,0.000600,0.006000,0.000000,0.000000,1,1,1,139,231,539504,539504,329060,210444,0,60.00,29771,3251,121,0,0,0,29788,330.91,330.91,10,493,0.0000,0.4570,0.5020,0.3900,0.5340
2026-04-27T18:54:19.528,2.334,1,0.30,0.19,0.00,-1.01,1,-0.0253,0.2303,0.1246,0.0000,0.0000,0.0164,-6.74,-2.61,59.99,53.97,140,140,1.00000,1.00000,1.00000,1.00000,3,3,1,27.17576,0.00248,1.05904,0.0253,-0.2303,0.0254,0.0000,0.0000,0.0164,6.74,-9.63,-3.95,1,1,0.0000,0.0000,0.1500,0.00,0.8500,0.3500,0.9200,6.00,180.00,2.000000,0.050000,0.000000,1.100000,0.000000,0.000000,1.200000,0.000000,0.000000,1.350000,0.000000,0.000000,0.850000,0.020000,0.000000,0.008000,0.000000,0.000600,0.008000,0.000000,0.000600,0.006000,0.000000,0.000000,1,1,1,140,235,539504,539504,329060,210444,0,60.00,29771,3251,121,0,0,0,29788,330.91,330.91,10,493,0.0000,0.4570,0.5020,0.3900,0.5340
2026-04-27T18:54:19.542,2.349,1,0.30,0.19,0.00,-1.01,1,-0.0257,0.2303,0.1244,0.0142,0.0000,0.0000,-6.68,-4.26,53.60,69.29,141,141,1.00000,1.00000,1.00000,1.00000,3,3,1,27.16403,0.00255,1.06090,0.0257,-0.2303,0.0256,0.0142,0.0000,0.0000,6.68,-9.93,-4.44,1,1,0.0000,0.0000,0.1500,0.00,0.8500,0.3500,0.9200,6.00,180.00,2.000000,0.050000,0.000000,1.100000,0.000000,0.000000,1.200000,0.000000,0.000000,1.350000,0.000000,0.000000,0.850000,0.020000,0.000000,0.008000,0.000000,0.000600,0.008000,0.000000,0.000600,0.006000,0.000000,0.000000,1,1,1,141,235,539504,539504,329060,210444,0,60.00,29771,3251,121,0,0,0,29788,330.91,330.91,10,493,0.0000,0.4570,0.5020,0.3900,0.5340
2026-04-27T18:54:19.559,2.366,1,0.30,0.19,0.00,-1.01,1,-0.0256,0.2304,0.1239,0.0000,0.0000,0.0212,-6.61,-4.25,72.55,56.95,142,142,1.00000,1.00000,1.00000,1.00000,3,3,1,27.16337,0.00255,1.05823,0.0256,-0.2304,0.0261,0.0000,0.0000,0.0212,6.61,-9.84,-4.99,1,1,0.0000,0.0000,0.1500,0.00,0.8500,0.3500,0.9200,6.00,180.00,2.000000,0.050000,0.000000,1.100000,0.000000,0.000000,1.200000,0.000000,0.000000,1.350000,0.000000,0.000000,0.850000,0.020000,0.000000,0.008000,0.000000,0.000600,0.008000,0.000000,0.000600,0.006000,0.000000,0.000000,1,1,1,142,235,539504,539504,329060,210444,0,60.00,29771,3251,121,0,0,0,29788,330.91,330.91,10,493,0.0000,0.4570,0.5020,0.3900,0.5340
2026-04-27T18:54:19.579,2.385,1,0.30,0.19,0.00,-1.01,1,-0.0255,0.2305,0.1233,0.0000,0.0000,0.0269,-6.67,3.08,58.36,60.14,143,143,1.00000,1.00000,1.00000,1.00000,3,3,1,27.10960,0.00257,1.05472,0.0255,-0.2305,0.0267,0.0000,0.0000,0.0269,6.67,-9.49,-5.71,1,1,0.0000,0.0000,0.1500,0.00,0.8500,0.3500,0.9200,6.00,180.00,2.000000,0.050000,0.000000,1.100000,0.000000,0.000000,1.200000,0.000000,0.000000,1.350000,0.000000,0.000000,0.850000,0.020000,0.000000,0.008000,0.000000,0.000600,0.008000,0.000000,0.000600,0.006000,0.000000,0.000000,1,1,1,143,236,539504,539504,329060,210444,0,60.00,29771,3251,121,0,0,0,29788,330.91,330.91,10,493,0.0000,0.4570,0.5020,0.3900,0.5340
2026-04-27T18:54:19.592,2.399,1,0.30,0.19,0.00,-1.01,1,-0.0256,0.2303,0.1232,0.0000,0.0000,0.0147,-6.68,0.76,52.27,63.27,144,144,1.00000,1.00000,1.00000,1.00000,3,3,1,27.10588,0.00252,1.05443,0.0256,-0.2303,0.0268,0.0000,0.0000,0.0147,6.68,-9.55,-6.17,1,1,0.0000,0.0000,0.1500,0.00,0.8500,0.3500,0.9200,6.00,180.00,2.000000,0.050000,0.000000,1.100000,0.000000,0.000000,1.200000,0.000000,0.000000,1.350000,0.000000,0.000000,0.850000,0.020000,0.000000,0.008000,0.000000,0.000600,0.008000,0.000000,0.000600,0.006000,0.000000,0.000000,1,1,1,144,235,539504,539504,329060,210444,0,60.00,29771,3251,121,0,0,0,29788,330.91,330.91,10,493,0.0000,0.4570,0.5020,0.3900,0.5340
2026-04-27T18:54:19.609,2.415,1,0.30,0.19,0.00,-1.01,1,-0.0254,0.2302,0.1234,0.0000,0.0000,0.0000,-6.68,0.00,75.77,60.68,145,145,1.00000,1.00000,1.00000,1.00000,3,3,1,27.08292,0.00263,1.05865,0.0254,-0.2302,0.0266,0.0000,0.0000,0.0000,6.68,-9.24,-7.04,1,1,0.0000,0.0000,0.1500,0.00,0.8500,0.3500,0.9200,6.00,180.00,2.000000,0.050000,0.000000,1.100000,0.000000,0.000000,1.200000,0.000000,0.000000,1.350000,0.000000,0.000000,0.850000,0.020000,0.000000,0.008000,0.000000,0.000600,0.008000,0.000000,0.000600,0.006000,0.000000,0.000000,1,1,1,145,231,539504,539504,329060,210444,0,60.00,29771,3251,121,0,0,0,29788,330.91,330.91,10,493,0.0000,0.4570,0.5020,0.3900,0.5340
2026-04-27T18:54:19.628,2.435,1,0.30,0.19,0.00,-1.01,1,-0.0253,0.2299,0.1231,0.0000,0.0000,0.0105,-6.66,-0.95,63.80,55.58,146,146,1.00000,1.00000,1.00000,1.00000,3,3,1,27.02396,0.00277,1.05484,0.0253,-0.2299,0.0269,0.0000,0.0000,0.0105,6.66,-9.05,-7.63,1,1,0.0000,0.0000,0.1500,0.00,0.8500,0.3500,0.9200,6.00,180.00,2.000000,0.050000,0.000000,1.100000,0.000000,0.000000,1.200000,0.000000,0.000000,1.350000,0.000000,0.000000,0.850000,0.020000,0.000000,0.008000,0.000000,0.000600,0.008000,0.000000,0.000600,0.006000,0.000000,0.000000,1,1,1,146,235,539504,539504,329060,210444,0,60.00,29771,3251,121,0,0,0,29788,330.91,330.91,10,493,0.0000,0.4570,0.5020,0.3900,0.5340
2026-04-27T18:54:19.642,2.449,1,0.30,-6.50,0.00,-41.17,1,-0.0252,0.2301,0.1229,0.0000,0.0000,0.0102,-6.61,-3.53,49.48,64.92,147,147,1.00000,1.00000,1.00000,1.00000,3,3,1,27.03000,0.00281,1.05705,0.0252,-0.2301,0.0271,0.0000,0.0000,0.0102,6.61,-8.95,-8.38,1,1,0.0000,0.0000,0.1500,0.00,0.8500,0.3500,0.9200,6.00,180.00,2.000000,0.050000,0.000000,1.100000,0.000000,0.000000,1.200000,0.000000,0.000000,1.350000,0.000000,0.000000,0.850000,0.020000,0.000000,0.008000,0.000000,0.000600,0.008000,0.000000,0.000600,0.006000,0.000000,0.000000,1,1,1,147,234,539504,539504,329060,210444,0,60.00,29771,3251,121,0,0,0,29788,330.91,330.91,10,493,0.0000,0.4570,0.5020,0.3900,0.5340
2026-04-27T18:54:19.659,2.465,1,0.30,-6.50,0.00,-41.17,1,-0.0252,0.2299,0.1227,0.0000,0.0000,0.0120,-6.50,-8.32,70.67,59.43,148,148,1.00000,1.00000,1.00000,1.00000,3,3,1,27.04918,0.00303,1.05617,0.0252,-0.2299,0.0273,0.0000,0.0000,0.0120,6.50,-8.95,-9.01,1,1,0.0000,0.0000,0.1500,0.00,0.8500,0.3500,0.9200,6.00,180.00,2.000000,0.050000,0.000000,1.100000,0.000000,0.000000,1.200000,0.000000,0.000000,1.350000,0.000000,0.000000,0.850000,0.020000,0.000000,0.008000,0.000000,0.000600,0.008000,0.000000,0.000600,0.006000,0.000000,0.000000,1,1,1,148,231,539504,539504,329060,210444,0,60.00,29771,3251,121,0,0,0,29788,330.91,330.91,10,493,0.0000,0.4570,0.5020,0.3900,0.5340
2026-04-27T18:54:19.675,2.482,1,0.30,-6.50,0.00,-41.17,1,-0.0253,0.2295,0.1226,0.0000,0.0131,0.0108,-6.34,-8.09,64.08,58.08,149,149,1.00000,1.00000,1.00000,1.00000,3,3,1,26.91135,0.00295,1.06005,0.0253,-0.2295,0.0274,0.0000,0.0131,0.0108,6.34,-9.11,-9.61,1,1,0.0000,0.0000,0.1500,0.00,0.8500,0.3500,0.9200,6.00,180.00,2.000000,0.050000,0.000000,1.100000,0.000000,0.000000,1.200000,0.000000,0.000000,1.350000,0.000000,0.000000,0.850000,0.020000,0.000000,0.008000,0.000000,0.000600,0.008000,0.000000,0.000600,0.006000,0.000000,0.000000,1,1,1,149,239,539504,539504,329060,210444,0,60.00,29771,3251,121,0,0,0,29788,330.91,330.91,10,493,0.0000,0.4570,0.5020,0.3900,0.5340
2026-04-27T18:54:19.691,2.497,1,0.30,-6.50,0.00,-41.17,1,-0.0254,0.2293,0.1223,0.0000,0.0124,0.0145,-6.12,-14.01,56.49,62.53,150,150,1.00000,1.00000,1.00000,1.00000,3,3,1,26.90283,0.00316,1.06020,0.0254,-0.2293,0.0277,0.0000,0.0124,0.0145,6.12,-9.23,-10.33,1,1,0.0000,0.0000,0.1500,0.00,0.8500,0.3500,0.9200,6.00,180.00,2.000000,0.050000,0.000000,1.100000,0.000000,0.000000,1.200000,0.000000,0.000000,1.350000,0.000000,0.000000,0.850000,0.020000,0.000000,0.008000,0.000000,0.000600,0.008000,0.000000,0.000600,0.006000,0.000000,0.000000,1,1,1,150,241,539504,539504,329060,210444,0,60.00,29771,3251,121,0,0,0,29788,330.91,330.91,10,493,0.0000,0.4570,0.5020,0.3900,0.5340
2026-04-27T18:54:19.709,2.515,1,0.30,-6.50,0.00,-41.17,1,-0.0253,0.2291,0.1222,0.0000,0.0129,0.0000,-6.01,-6.78,64.88,58.18,151,151,1.00000,1.00000,1.00000,1.00000,3,3,1,26.93196,0.00313,1.06176,0.0253,-0.2291,0.0278,0.0000,0.0129,0.0000,6.01,-9.26,-10.71,1,1,0.0000,0.0000,0.1500,0.00,0.8500,0.3500,0.9200,6.00,180.00,2.000000,0.050000,0.000000,1.100000,0.000000,0.000000,1.200000,0.000000,0.000000,1.350000,0.000000,0.000000,0.850000,0.020000,0.000000,0.008000,0.000000,0.000600,0.008000,0.000000,0.000600,0.006000,0.000000,0.000000,1,1,1,151,234,539504,539504,329060,210444,0,60.00,29771,3251,121,0,0,0,29788,330.91,330.91,10,493,0.0000,0.4570,0.5020,0.3900,0.5340
2026-04-27T18:54:19.727,2.533,1,0.30,-6.50,0.00,-41.17,1,-0.0249,0.2286,0.1219,-0.0123,0.0199,0.0141,-5.75,-13.19,59.57,61.97,152,152,1.00000,1.00000,1.00000,1.00000,3,3,1,26.87900,0.00290,1.06081,0.0249,-0.2286,0.0281,-0.0123,0.0199,0.0141,5.75,-8.66,-11.32,1,1,0.0000,0.0000,0.1500,0.00,0.8500,0.3500,0.9200,6.00,180.00,2.000000,0.050000,0.000000,1.100000,0.000000,0.000000,1.200000,0.000000,0.000000,1.350000,0.000000,0.000000,0.850000,0.020000,0.000000,0.008000,0.000000,0.000600,0.008000,0.000000,0.000600,0.006000,0.000000,0.000000,1,1,1,152,245,539504,539504,329060,210444,0,60.00,29771,3251,121,0,0,0,29788,330.91,330.91,10,493,0.0000,0.4570,0.5020,0.3900,0.5340
2026-04-27T18:54:19.741,2.548,1,0.30,-9.80,0.00,-32.04,1,-0.0251,0.2276,0.1218,0.0000,0.0464,0.0000,-5.60,-10.31,52.26,61.13,153,153,1.00000,1.00000,1.00000,1.00000,3,3,1,26.90881,0.00313,1.05458,0.0251,-0.2276,0.0282,0.0000,0.0464,0.0000,5.60,-8.83,-11.76,1,1,0.0000,0.0000,0.1500,0.00,0.8500,0.3500,0.9200,6.00,180.00,2.000000,0.050000,0.000000,1.100000,0.000000,0.000000,1.200000,0.000000,0.000000,1.350000,0.000000,0.000000,0.850000,0.020000,0.000000,0.008000,0.000000,0.000600,0.008000,0.000000,0.000600,0.006000,0.000000,0.000000,1,1,1,153,236,539504,539504,329060,210444,0,60.00,29771,3251,121,0,0,0,29788,330.91,330.91,10,493,0.0000,0.4570,0.5020,0.3900,0.5340
2026-04-27T18:54:19.758,2.565,1,0.30,-9.80,0.00,-32.04,1,-0.0247,0.2269,0.1217,-0.0121,0.0386,0.0000,-5.40,-11.06,68.73,56.51,154,154,1.00000,1.00000,1.00000,1.00000,3,3,1,26.82080,0.00323,1.06071,0.0247,-0.2269,0.0283,-0.0121,0.0386,0.0000,5.40,-8.56,-12.45,1,1,0.0000,0.0000,0.1500,0.00,0.8500,0.3500,0.9200,6.00,180.00,2.000000,0.050000,0.000000,1.100000,0.000000,0.000000,1.200000,0.000000,0.000000,1.350000,0.000000,0.000000,0.850000,0.020000,0.000000,0.008000,0.000000,0.000600,0.008000,0.000000,0.000600,0.006000,0.000000,0.000000,1,1,1,154,241,539504,539504,329060,210444,0,60.00,29771,3251,121,0,0,0,29788,330.91,330.91,10,493,0.0000,0.4570,0.5020,0.3900,0.5340
2026-04-27T18:54:19.774,2.581,1,0.30,-9.80,0.00,-32.04,1,-0.0250,0.2257,0.1215,0.0000,0.0593,0.0127,-5.37,-1.92,54.70,66.37,155,155,1.00000,1.00000,1.00000,1.00000,3,3,1,26.64627,0.00324,1.05215,0.0250,-0.2257,0.0285,0.0000,0.0593,0.0127,5.37,-8.78,-12.78,1,1,0.0000,0.0000,0.1500,0.00,0.8500,0.3500,0.9200,6.00,180.00,2.000000,0.050000,0.000000,1.100000,0.000000,0.000000,1.200000,0.000000,0.000000,1.350000,0.000000,0.000000,0.850000,0.020000,0.000000,0.008000,0.000000,0.000600,0.008000,0.000000,0.000600,0.006000,0.000000,0.000000,1,1,1,155,241,539504,539504,329060,210444,0,60.00,29771,3251,121,0,0,0,29788,330.91,330.91,10,493,0.0000,0.4570,0.5020,0.3900,0.5340
2026-04-27T18:54:19.792,2.598,1,0.30,-9.80,0.00,-32.04,1,-0.0246,0.2244,0.1215,-0.0112,0.0640,0.0000,-5.12,-15.19,74.68,55.69,156,156,1.00000,1.00000,1.00000,1.00000,3,3,1,26.66680,0.00310,1.05881,0.0246,-0.2244,0.0285,-0.0112,0.0640,0.0000,5.12,-8.56,-13.28,1,1,0.0000,0.0000,0.1500,0.00,0.8500,0.3500,0.9200,6.00,180.00,2.000000,0.050000,0.000000,1.100000,0.000000,0.000000,1.200000,0.000000,0.000000,1.350000,0.000000,0.000000,0.850000,0.020000,0.000000,0.008000,0.000000,0.000600,0.008000,0.000000,0.000600,0.006000,0.000000,0.000000,1,1,1,156,242,539504,539504,329060,210444,0,60.00,29771,3251,121,0,0,0,29788,330.91,330.91,10,493,0.0000,0.4570,0.5020,0.3900,0.5340
2026-04-27T18:54:19.809,2.615,1,0.30,-9.80,0.00,-32.04,1,-0.0246,0.2229,0.1216,0.0000,0.0779,0.0000,-5.13,0.62,54.17,61.35,157,157,1.00000,1.00000,1.00000,1.00000,3,3,1,26.58069,0.00313,1.06001,0.0246,-0.2229,0.0284,0.0000,0.0779,0.0000,5.13,-8.52,-13.83,1,1,0.0000,0.0000,0.1500,0.00,0.8500,0.3500,0.9200,6.00,180.00,2.000000,0.050000,0.000000,1.100000,0.000000,0.000000,1.200000,0.000000,0.000000,1.350000,0.000000,0.000000,0.850000,0.020000,0.000000,0.008000,0.000000,0.000600,0.008000,0.000000,0.000600,0.006000,0.000000,0.000000,1,1,1,157,237,539504,539504,329060,210444,0,60.00,29771,3251,121,0,0,0,29788,330.91,330.91,10,493,0.0000,0.4570,0.5020,0.3900,0.5340
2026-04-27T18:54:19.825,2.631,1,0.30,-9.80,0.00,-32.04,1,-0.0244,0.2206,0.1215,0.0000,0.1087,0.0000,-4.91,-12.20,61.88,59.89,158,158,1.00000,1.00000,1.00000,1.00000,3,3,1,26.44858,0.00340,1.05851,0.0244,-0.2206,0.0285,0.0000,0.1087,0.0000,4.91,-8.50,-14.11,1,1,0.0000,0.0000,0.1500,0.00,0.8500,0.3500,0.9200,6.00,180.00,2.000000,0.050000,0.000000,1.100000,0.000000,0.000000,1.200000,0.000000,0.000000,1.350000,0.000000,0.000000,0.850000,0.020000,0.000000,0.008000,0.000000,0.000600,0.008000,0.000000,0.000600,0.006000,0.000000,0.000000,1,1,1,158,236,539504,539504,329060,210444,0,60.00,29771,3251,121,0,0,0,29788,330.91,330.91,10,493,0.0000,0.4570,0.5020,0.3900,0.5340
2026-04-27T18:54:19.843,2.649,1,0.30,-12.50,0.00,-26.46,1,-0.0241,0.2182,0.1218,-0.0110,0.1173,0.0000,-4.77,-8.95,57.74,57.82,159,159,1.00000,1.00000,1.00000,1.00000,3,3,1,26.26099,0.00338,1.06081,0.0241,-0.2182,0.0282,-0.0110,0.1173,0.0000,4.77,-8.55,-14.47,1,1,0.0000,0.0000,0.1500,0.00,0.8500,0.3500,0.9200,6.00,180.00,2.000000,0.050000,0.000000,1.100000,0.000000,0.000000,1.200000,0.000000,0.000000,1.350000,0.000000,0.000000,0.850000,0.020000,0.000000,0.008000,0.000000,0.000600,0.008000,0.000000,0.000600,0.006000,0.000000,0.000000,1,1,1,159,242,539504,539504,329060,210444,0,60.00,29771,3251,121,0,0,0,29788,330.91,330.91,10,493,0.0000,0.4570,0.5020,0.3900,0.5340
2026-04-27T18:54:19.861,2.668,1,0.30,-12.50,0.00,-26.46,1,-0.0238,0.2152,0.1216,-0.0145,0.1418,0.0000,-4.43,-17.52,56.09,62.21,160,160,1.00000,1.00000,1.00000,1.00000,3,3,1,26.19828,0.00347,1.05563,0.0238,-0.2152,0.0284,-0.0145,0.1418,0.0000,4.43,-8.38,-14.73,1,1,0.0000,0.0000,0.1500,0.00,0.8500,0.3500,0.9200,6.00,180.00,2.000000,0.050000,0.000000,1.100000,0.000000,0.000000,1.200000,0.000000,0.000000,1.350000,0.000000,0.000000,0.850000,0.020000,0.000000,0.008000,0.000000,0.000600,0.008000,0.000000,0.000600,0.006000,0.000000,0.000000,1,1,1,160,242,539504,539504,329060,210444,0,60.00,29771,3251,121,0,0,0,29788,330.91,330.91,10,493,0.0000,0.4570,0.5020,0.3900,0.5340
2026-04-27T18:54:19.879,2.685,1,0.30,-12.50,0.00,-26.46,1,-0.0233,0.2121,0.1213,-0.0232,0.1589,0.0000,-4.39,-2.24,53.74,56.92,161,161,1.00000,1.00000,1.00000,1.00000,3,3,1,26.08218,0.00348,1.05652,0.0233,-0.2121,0.0287,-0.0232,0.1589,0.0000,4.39,-8.14,-15.05,1,1,0.0000,0.0000,0.1500,0.00,0.8500,0.3500,0.9200,6.00,180.00,2.000000,0.050000,0.000000,1.100000,0.000000,0.000000,1.200000,0.000000,0.000000,1.350000,0.000000,0.000000,0.850000,0.020000,0.000000,0.008000,0.000000,0.000600,0.008000,0.000000,0.000600,0.006000,0.000000,0.000000,1,1,1,161,242,539504,539504,329060,210444,0,60.00,29771,3251,121,0,0,0,29788,330.91,330.91,10,493,0.0000,0.4570,0.5020,0.3900,0.5340
2026-04-27T18:54:19.891,2.697,1,0.30,-12.50,0.00,-26.46,1,-0.0229,0.2085,0.1216,-0.0213,0.2140,0.0000,-4.25,-10.58,58.01,63.75,162,162,1.00000,1.00000,1.00000,1.00000,3,3,1,25.94567,0.00363,1.05915,0.0229,-0.2085,0.0284,-0.0213,0.2140,0.0000,4.25,-8.29,-15.37,1,1,0.0000,0.0000,0.1500,0.00,0.8500,0.3500,0.9200,6.00,180.00,2.000000,0.050000,0.000000,1.100000,0.000000,0.000000,1.200000,0.000000,0.000000,1.350000,0.000000,0.000000,0.850000,0.020000,0.000000,0.008000,0.000000,0.000600,0.008000,0.000000,0.000600,0.006000,0.000000,0.000000,1,1,1,162,242,539504,539504,329060,210444,0,60.00,29771,3251,121,0,0,0,29788,330.91,330.91,10,493,0.0000,0.4570,0.5020,0.3900,0.5340
2026-04-27T18:54:19.909,2.716,1,0.30,-12.50,0.00,-26.46,1,-0.0225,0.2041,0.1214,-0.0237,0.2253,0.0000,-4.06,-10.64,89.08,56.56,163,163,1.00000,1.00000,1.00000,1.00000,3,3,1,25.79263,0.00367,1.05726,0.0225,-0.2041,0.0286,-0.0237,0.2253,0.0000,4.06,-8.27,-15.51,1,1,0.0000,0.0000,0.1500,0.00,0.8500,0.3500,0.9200,6.00,180.00,2.000000,0.050000,0.000000,1.100000,0.000000,0.000000,1.200000,0.000000,0.000000,1.350000,0.000000,0.000000,0.850000,0.020000,0.000000,0.008000,0.000000,0.000600,0.008000,0.000000,0.000600,0.006000,0.000000,0.000000,1,1,1,163,242,539504,539504,329060,210444,0,60.00,29771,3251,121,0,0,0,29788,330.91,330.91,10,493,0.0000,0.4570,0.5020,0.3900,0.5340
2026-04-27T18:54:19.919,2.726,1,0.30,-12.50,0.00,-26.46,1,-0.0220,0.1992,0.1217,-0.0321,0.3105,-0.0134,-4.06,0.00,51.51,60.32,164,164,1.00000,1.00000,1.00000,1.00000,3,3,1,25.48644,0.00355,1.06109,0.0220,-0.1992,0.0283,-0.0321,0.3105,-0.0134,4.06,-8.06,-15.67,1,1,0.0000,0.0000,0.1500,0.00,0.8500,0.3500,0.9200,6.00,180.00,2.000000,0.050000,0.000000,1.100000,0.000000,0.000000,1.200000,0.000000,0.000000,1.350000,0.000000,0.000000,0.850000,0.020000,0.000000,0.008000,0.000000,0.000600,0.008000,0.000000,0.000600,0.006000,0.000000,0.000000,1,1,1,164,246,539504,539504,329060,210444,0,60.00,29771,3251,121,0,0,0,29788,330.91,330.91,10,493,0.0000,0.4570,0.5020,0.3900,0.5340
2026-04-27T18:54:19.941,2.748,1,0.70,-13.60,3.93,-10.79,1,-0.0213,0.1936,0.1215,-0.0313,0.2870,0.0000,-4.02,-1.90,64.78,63.13,165,165,1.00000,1.00000,1.00000,1.00000,3,3,1,25.32381,0.00348,1.05876,0.0213,-0.1936,0.0285,-0.0313,0.2870,0.0000,4.02,-8.00,-15.87,1,1,0.0000,0.0000,0.1500,0.00,0.8500,0.3500,0.9200,6.00,180.00,2.000000,0.050000,0.000000,1.100000,0.000000,0.000000,1.200000,0.000000,0.000000,1.350000,0.000000,0.000000,0.850000,0.020000,0.000000,0.008000,0.000000,0.000600,0.008000,0.000000,0.000600,0.006000,0.000000,0.000000,1,1,1,165,239,539564,539564,329120,210444,0,60.00,29831,3239,121,0,0,0,29788,330.91,330.91,10,493,0.0000,0.4570,0.5020,0.3900,0.5340
2026-04-27T18:54:19.960,2.766,1,0.70,-13.60,3.93,-10.79,1,-0.0207,0.1877,0.1210,-0.0366,0.3264,0.0134,-3.93,-4.96,59.88,56.84,166,166,1.00000,1.00000,1.00000,1.00000,3,3,1,25.01864,0.00322,1.05673,0.0207,-0.1877,0.0290,-0.0366,0.3264,0.0134,3.93,-7.64,-15.88,1,1,0.0000,0.0000,0.1500,0.00,0.8500,0.3500,0.9200,6.00,180.00,2.000000,0.050000,0.000000,1.100000,0.000000,0.000000,1.200000,0.000000,0.000000,1.350000,0.000000,0.000000,0.850000,0.020000,0.000000,0.008000,0.000000,0.000600,0.008000,0.000000,0.000600,0.006000,0.000000,0.000000,1,1,1,166,246,539564,539564,329120,210444,0,60.00,29831,3239,121,0,0,0,29788,330.91,330.91,10,493,0.0000,0.4570,0.5020,0.3900,0.5340
2026-04-27T18:54:19.972,2.779,1,0.70,-13.60,3.93,-10.79,1,-0.0200,0.1814,0.1203,-0.0369,0.3554,0.0278,-4.02,6.55,54.82,61.59,167,167,1.00000,1.00000,1.00000,1.00000,3,3,1,24.84387,0.00337,1.05348,0.0200,-0.1814,0.0297,-0.0369,0.3554,0.0278,4.02,-7.26,-16.06,1,1,0.0000,0.0000,0.1500,0.00,0.8500,0.3500,0.9200,6.00,180.00,2.000000,0.050000,0.000000,1.100000,0.000000,0.000000,1.200000,0.000000,0.000000,1.350000,0.000000,0.000000,0.850000,0.020000,0.000000,0.008000,0.000000,0.000600,0.008000,0.000000,0.000600,0.006000,0.000000,0.000000,1,1,1,167,244,539564,539564,329120,210444,0,60.00,29831,3239,121,0,0,0,29788,330.91,330.91,10,493,0.0000,0.4570,0.5020,0.3900,0.5340
2026-04-27T18:54:19.992,2.798,1,0.70,-13.60,3.93,-10.79,1,-0.0191,0.1740,0.1197,-0.0481,0.3930,0.0275,-3.87,-7.80,58.50,57.74,168,168,1.00000,1.00000,1.00000,1.00000,3,3,1,24.50445,0.00334,1.05600,0.0191,-0.1740,0.0303,-0.0481,0.3930,0.0275,3.87,-6.94,-15.95,1,1,0.0000,0.0000,0.1500,0.00,0.8500,0.3500,0.9200,6.00,180.00,2.000000,0.050000,0.000000,1.100000,0.000000,0.000000,1.200000,0.000000,0.000000,1.350000,0.000000,0.000000,0.850000,0.020000,0.000000,0.008000,0.000000,0.000600,0.008000,0.000000,0.000600,0.006000,0.000000,0.000000,1,1,1,168,245,539564,539564,329120,210444,0,60.00,29831,3239,121,0,0,0,29788,330.91,330.91,10,493,0.0000,0.4570,0.5020,0.3900,0.5340
2026-04-27T18:54:20.009,2.816,1,0.70,-13.60,3.93,-10.79,1,-0.0186,0.1661,0.1191,-0.0341,0.4272,0.0308,-3.76,-7.36,67.55,65.05,169,169,1.00000,1.00000,1.00000,1.00000,3,3,1,24.16817,0.00365,1.05722,0.0186,-0.1661,0.0309,-0.0341,0.4272,0.0308,3.76,-6.90,-16.05,1,1,0.0000,0.0000,0.1500,0.00,0.8500,0.3500,0.9200,6.00,180.00,2.000000,0.050000,0.000000,1.100000,0.000000,0.000000,1.200000,0.000000,0.000000,1.350000,0.000000,0.000000,0.850000,0.020000,0.000000,0.008000,0.000000,0.000600,0.008000,0.000000,0.000600,0.006000,0.000000,0.000000,1,1,1,169,245,539564,539564,329120,210444,0,60.00,29831,3239,121,0,0,0,29788,330.91,330.91,10,493,0.0000,0.4570,0.5020,0.3900,0.5340
2026-04-27T18:54:20.025,2.831,1,0.70,-13.60,3.93,-10.79,1,-0.0179,0.1580,0.1177,-0.0424,0.4608,0.0613,-3.79,1.64,60.99,59.99,170,170,1.00000,1.00000,1.00000,1.00000,3,3,1,23.82258,0.00313,1.05308,0.0179,-0.1580,0.0323,-0.0424,0.4608,0.0613,3.79,-6.64,-16.01,1,1,0.0000,0.0000,0.1500,0.00,0.8500,0.3500,0.9200,6.00,180.00,2.000000,0.050000,0.000000,1.100000,0.000000,0.000000,1.200000,0.000000,0.000000,1.350000,0.000000,0.000000,0.850000,0.020000,0.000000,0.008000,0.000000,0.000600,0.008000,0.000000,0.000600,0.006000,0.000000,0.000000,1,1,1,170,246,539564,539564,329120,210444,0,60.00,29831,3239,121,0,0,0,29788,330.91,330.91,10,493,0.0000,0.4570,0.5020,0.3900,0.5340
2026-04-27T18:54:20.042,2.848,1,0.90,-14.00,1.99,-3.97,1,-0.0173,0.1495,0.1162,-0.0387,0.4943,0.0742,-3.73,-3.74,58.92,62.60,171,171,1.00000,1.00000,1.00000,1.00000,3,3,1,23.54380,0.00339,1.05676,0.0173,-0.1495,0.0338,-0.0387,0.4943,0.0742,3.73,-6.67,-16.14,1,1,0.0000,0.0000,0.1500,0.00,0.8500,0.3500,0.9200,6.00,180.00,2.000000,0.050000,0.000000,1.100000,0.000000,0.000000,1.200000,0.000000,0.000000,1.350000,0.000000,0.000000,0.850000,0.020000,0.000000,0.008000,0.000000,0.000600,0.008000,0.000000,0.000600,0.006000,0.000000,0.000000,1,1,1,171,246,539564,539564,329120,210444,0,60.00,29831,3239,121,0,0,0,29788,330.91,330.91,10,493,0.0000,0.4570,0.5020,0.3900,0.5340
2026-04-27T18:54:20.058,2.865,1,0.90,-14.00,1.99,-3.97,1,-0.0167,0.1401,0.1143,-0.0369,0.5289,0.0910,-3.71,-1.27,59.17,59.44,172,172,1.00000,1.00000,1.00000,1.00000,3,3,1,23.20192,0.00374,1.05712,0.0167,-0.1401,0.0357,-0.0369,0.5289,0.0910,3.71,-6.91,-16.28,1,1,0.0000,0.0000,0.1500,0.00,0.8500,0.3500,0.9200,6.00,180.00,2.000000,0.050000,0.000000,1.100000,0.000000,0.000000,1.200000,0.000000,0.000000,1.350000,0.000000,0.000000,0.850000,0.020000,0.000000,0.008000,0.000000,0.000600,0.008000,0.000000,0.000600,0.006000,0.000000,0.000000,1,1,1,172,245,539564,539564,329120,210444,0,60.00,29831,3239,121,0,0,0,29788,330.91,330.91,10,493,0.0000,0.4570,0.5020,0.3900,0.5340
2026-04-27T18:54:20.075,2.882,1,0.90,-14.00,1.99,-3.97,1,-0.0161,0.1296,0.1121,-0.0370,0.5615,0.1077,-3.72,0.57,63.67,55.76,173,173,1.00000,1.00000,1.00000,1.00000,3,3,1,22.64832,0.00358,1.04913,0.0161,-0.1296,0.0379,-0.0370,0.5615,0.1077,3.72,-7.01,-16.21,1,1,0.0000,0.0000,0.1500,0.00,0.8500,0.3500,0.9200,6.00,180.00,2.000000,0.050000,0.000000,1.100000,0.000000,0.000000,1.200000,0.000000,0.000000,1.350000,0.000000,0.000000,0.850000,0.020000,0.000000,0.008000,0.000000,0.000600,0.008000,0.000000,0.000600,0.006000,0.000000,0.000000,1,1,1,173,242,539564,539564,329120,210444,0,60.00,29831,3239,121,0,0,0,29788,330.91,330.91,10,493,0.0000,0.4570,0.5020,0.3900,0.5340
2026-04-27T18:54:20.090,2.896,1,0.90,-14.00,1.99,-3.97,1,-0.0150,0.1190,0.1099,-0.0539,0.6029,0.1196,-3.84,7.78,56.58,64.32,174,174,1.00000,1.00000,1.00000,1.00000,3,3,1,22.29724,0.00329,1.04729,0.0150,-0.1190,0.0401,-0.0539,0.6029,0.1196,3.84,-6.56,-16.02,1,1,0.0000,0.0000,0.1500,0.00,0.8500,0.3500,0.9200,6.00,180.00,2.000000,0.050000,0.000000,1.100000,0.000000,0.000000,1.200000,0.000000,0.000000,1.350000,0.000000,0.000000,0.850000,0.020000,0.000000,0.008000,0.000000,0.000600,0.008000,0.000000,0.000600,0.006000,0.000000,0.000000,1,1,1,174,244,539564,539564,329120,210444,0,60.00,29831,3239,121,0,0,0,29788,330.91,330.91,10,493,0.0000,0.4570,0.5020,0.3900,0.5340
2026-04-27T18:54:20.111,2.917,1,0.90,-14.00,1.99,-3.97,1,-0.0145,0.1067,0.1078,-0.0382,0.6254,0.1132,-3.67,-8.13,74.47,54.89,175,175,1.00000,1.00000,1.00000,1.00000,3,3,1,21.90571,0.00394,1.05415,0.0145,-0.1067,0.0422,-0.0382,0.6254,0.1132,3.67,-6.96,-15.95,1,1,0.0000,0.0000,0.1500,0.00,0.8500,0.3500,0.9200,6.00,180.00,2.000000,0.050000,0.000000,1.100000,0.000000,0.000000,1.200000,0.000000,0.000000,1.350000,0.000000,0.000000,0.850000,0.020000,0.000000,0.008000,0.000000,0.000600,0.008000,0.000000,0.000600,0.006000,0.000000,0.000000,1,1,1,175,246,539564,539564,329120,210444,0,60.00,29831,3239,121,0,0,0,29788,330.91,330.91,10,493,0.0000,0.4570,0.5020,0.3900,0.5340
2026-04-27T18:54:20.125,2.931,1,0.90,-14.00,1.99,-3.97,1,-0.0136,0.0955,0.1048,-0.0554,0.7367,0.1737,-3.49,-12.81,43.65,66.06,176,176,1.00000,1.00000,1.00000,1.00000,3,3,1,21.39600,0.00365,1.05316,0.0136,-0.0955,0.0452,-0.0554,0.7367,0.1737,3.49,-6.72,-16.03,1,1,0.0000,0.0000,0.1500,0.00,0.8500,0.3500,0.9200,6.00,180.00,2.000000,0.050000,0.000000,1.100000,0.000000,0.000000,1.200000,0.000000,0.000000,1.350000,0.000000,0.000000,0.850000,0.020000,0.000000,0.008000,0.000000,0.000600,0.008000,0.000000,0.000600,0.006000,0.000000,0.000000,1,1,1,176,246,539564,539564,329120,210444,0,60.00,29831,3239,121,0,0,0,29788,330.91,330.91,10,493,0.0000,0.4570,0.5020,0.3900,0.5340
2026-04-27T18:54:20.143,2.950,1,0.90,-14.00,1.99,-3.97,1,-0.0126,0.0820,0.1013,-0.0545,0.7261,0.1760,-3.44,-2.82,71.92,54.86,177,177,1.00000,1.00000,1.00000,1.00000,3,3,1,21.00203,0.00348,1.04893,0.0126,-0.0820,0.0487,-0.0545,0.7261,0.1760,3.44,-6.56,-15.82,1,1,0.0000,0.0000,0.1500,0.00,0.8500,0.3500,0.9200,6.00,180.00,2.000000,0.050000,0.000000,1.100000,0.000000,0.000000,1.200000,0.000000,0.000000,1.350000,0.000000,0.000000,0.850000,0.020000,0.000000,0.008000,0.000000,0.000600,0.008000,0.000000,0.000600,0.006000,0.000000,0.000000,1,1,1,177,246,539564,539564,329120,210444,0,60.00,29831,3239,121,0,0,0,29788,330.91,330.91,10,493,0.0000,0.4570,0.5020,0.3900,0.5340
2026-04-27T18:54:20.160,2.967,1,0.90,-14.00,1.99,-3.97,1,-0.0115,0.0686,0.0981,-0.0613,0.7736,0.1844,-3.32,-7.03,55.96,63.92,178,178,1.00000,1.00000,1.00000,1.00000,3,3,1,20.45548,0.00353,1.05202,0.0115,-0.0686,0.0519,-0.0613,0.7736,0.1844,3.32,-6.30,-15.68,1,1,0.0000,0.0000,0.1500,0.00,0.8500,0.3500,0.9200,6.00,180.00,2.000000,0.050000,0.000000,1.100000,0.000000,0.000000,1.200000,0.000000,0.000000,1.350000,0.000000,0.000000,0.850000,0.020000,0.000000,0.008000,0.000000,0.000600,0.008000,0.000000,0.000600,0.006000,0.000000,0.000000,1,1,1,178,245,539564,539564,329120,210444,0,60.00,29831,3239,121,0,0,0,29788,330.91,330.91,10,493,0.0000,0.4570,0.5020,0.3900,0.5340
2026-04-27T18:54:20.174,2.980,1,0.90,-14.00,1.99,-3.97,1,-0.0108,0.0548,0.0942,-0.0490,0.7953,0.2108,-3.35,2.09,58.56,58.08,179,179,1.00000,1.00000,1.00000,1.00000,3,3,1,19.95532,0.00375,1.04769,0.0108,-0.0548,0.0558,-0.0490,0.7953,0.2108,3.35,-6.41,-15.60,1,1,0.0000,0.0000,0.1500,0.00,0.8500,0.3500,0.9200,6.00,180.00,2.000000,0.050000,0.000000,1.100000,0.000000,0.000000,1.200000,0.000000,0.000000,1.350000,0.000000,0.000000,0.850000,0.020000,0.000000,0.008000,0.000000,0.000600,0.008000,0.000000,0.000600,0.006000,0.000000,0.000000,1,1,1,179,245,539564,539564,329120,210444,0,60.00,29831,3239,121,0,0,0,29788,330.91,330.91,10,493,0.0000,0.4570,0.5020,0.3900,0.5340
2026-04-27T18:54:20.195,3.001,1,0.90,-14.00,1.99,-3.97,1,-0.0097,0.0403,0.0898,-0.0565,0.8077,0.2266,-3.23,-6.05,81.01,58.39,180,180,1.00000,1.00000,1.00000,1.00000,3,3,1,19.55208,0.00373,1.04956,0.0097,-0.0403,0.0602,-0.0565,0.8077,0.2266,3.23,-6.42,-15.16,1,1,0.0000,0.0000,0.1500,0.00,0.8500,0.3500,0.9200,6.00,180.00,2.000000,0.050000,0.000000,1.100000,0.000000,0.000000,1.200000,0.000000,0.000000,1.350000,0.000000,0.000000,0.850000,0.020000,0.000000,0.008000,0.000000,0.000600,0.008000,0.000000,0.000600,0.006000,0.000000,0.000000,1,1,1,180,243,539564,539564,329120,210444,0,60.00,29831,3239,121,0,0,0,29788,330.91,330.91,10,493,0.0000,0.4570,0.5020,0.3900,0.5340
2026-04-27T18:54:20.210,3.017,1,0.90,-14.00,1.99,-3.97,1,-0.0084,0.0255,0.0852,-0.0718,0.8952,0.2617,-3.21,-1.26,45.59,63.57,181,181,1.00000,1.00000,1.00000,1.00000,3,3,1,18.98381,0.00344,1.04569,0.0084,-0.0255,0.0648,-0.0718,0.8952,0.2617,3.21,-6.00,-14.98,1,1,0.0000,0.0000,0.1500,0.00,0.8500,0.3500,0.9200,6.00,180.00,2.000000,0.050000,0.000000,1.100000,0.000000,0.000000,1.200000,0.000000,0.000000,1.350000,0.000000,0.000000,0.850000,0.020000,0.000000,0.008000,0.000000,0.000600,0.008000,0.000000,0.000600,0.006000,0.000000,0.000000,1,1,1,181,243,539564,539564,329120,210444,0,60.00,29831,3239,121,0,0,0,29788,330.91,330.91,10,493,0.0000,0.4570,0.5020,0.3900,0.5340
2026-04-27T18:54:20.227,3.034,1,0.90,-14.00,1.99,-3.97,1,-0.0072,0.0098,0.0807,-0.0703,0.9135,0.2640,-3.22,0.61,63.39,61.69,182,182,1.00000,1.00000,1.00000,1.00000,3,3,1,18.48196,0.00374,1.04715,0.0072,-0.0098,0.0693,-0.0703,0.9135,0.2640,3.22,-6.12,-14.77,1,1,0.0000,0.0000,0.1500,0.00,0.8500,0.3500,0.9200,6.00,180.00,2.000000,0.050000,0.000000,1.100000,0.000000,0.000000,1.200000,0.000000,0.000000,1.350000,0.000000,0.000000,0.850000,0.020000,0.000000,0.008000,0.000000,0.000600,0.008000,0.000000,0.000600,0.006000,0.000000,0.000000,1,1,1,182,244,539564,539564,329120,210444,0,60.00,29831,3239,121,0,0,0,29788,330.91,330.91,10,493,0.0000,0.4570,0.5020,0.3900,0.5340
2026-04-27T18:54:20.243,3.050,1,0.50,-12.50,-4.01,13.01,1,-0.0060,-0.0068,0.0759,-0.0704,0.9245,0.2667,-3.19,-1.82,57.13,55.51,183,183,1.00000,1.00000,1.00000,1.00000,3,3,1,17.94382,0.00328,1.04757,0.0060,0.0068,0.0741,-0.0704,0.9245,0.2667,3.19,-6.01,-14.51,1,1,0.0000,0.0000,0.1500,0.00,0.8500,0.3500,0.9200,6.00,180.00,2.000000,0.050000,0.000000,1.100000,0.000000,0.000000,1.200000,0.000000,0.000000,1.350000,0.000000,0.000000,0.850000,0.020000,0.000000,0.008000,0.000000,0.000600,0.008000,0.000000,0.000600,0.006000,0.000000,0.000000,1,1,1,183,241,539564,539564,329120,210444,0,60.00,29831,3239,121,0,0,0,29788,330.91,330.91,10,493,0.0000,0.4570,0.5020,0.3900,0.5340
2026-04-27T18:54:20.260,3.067,1,0.50,-12.50,-4.01,13.01,1,-0.0048,-0.0236,0.0710,-0.0711,0.9812,0.2846,-3.02,-10.07,64.60,63.84,184,184,1.00000,1.00000,1.00000,1.00000,3,3,1,17.45283,0.00346,1.04255,0.0048,0.0236,0.0790,-0.0711,0.9812,0.2846,3.02,-6.07,-14.05,1,1,0.0000,0.0000,0.1500,0.00,0.8500,0.3500,0.9200,6.00,180.00,2.000000,0.050000,0.000000,1.100000,0.000000,0.000000,1.200000,0.000000,0.000000,1.350000,0.000000,0.000000,0.850000,0.020000,0.000000,0.008000,0.000000,0.000600,0.008000,0.000000,0.000600,0.006000,0.000000,0.000000,1,1,1,184,245,539564,539564,329120,210444,0,60.00,29831,3239,121,0,0,0,29788,330.91,330.91,10,493,0.0000,0.4570,0.5020,0.3900,0.5340
2026-04-27T18:54:20.276,3.083,1,0.50,-12.50,-4.01,13.01,1,-0.0035,-0.0408,0.0664,-0.0776,1.0462,0.2882,-2.96,-3.57,59.22,60.21,185,185,1.00000,1.00000,1.00000,1.00000,3,3,1,16.95122,0.00353,1.04526,0.0035,0.0408,0.0836,-0.0776,1.0462,0.2882,2.96,-6.23,-13.69,1,1,0.0000,0.0000,0.1500,0.00,0.8500,0.3500,0.9200,6.00,180.00,2.000000,0.050000,0.000000,1.100000,0.000000,0.000000,1.200000,0.000000,0.000000,1.350000,0.000000,0.000000,0.850000,0.020000,0.000000,0.008000,0.000000,0.000600,0.008000,0.000000,0.000600,0.006000,0.000000,0.000000,1,1,1,185,245,539564,539564,329120,210444,0,60.00,29831,3239,121,0,0,0,29788,330.91,330.91,10,493,0.0000,0.4570,0.5020,0.3900,0.5340
2026-04-27T18:54:20.292,3.099,1,0.50,-12.50,-4.01,13.01,1,-0.0016,-0.0589,0.0615,-0.0994,1.0892,0.2995,-2.81,-9.83,67.64,60.24,186,186,1.00000,1.00000,1.00000,1.00000,3,3,1,16.41241,0.00372,1.04443,0.0016,0.0589,0.0885,-0.0994,1.0892,0.2995,2.81,-5.95,-13.19,1,1,0.0000,0.0000,0.1500,0.00,0.8500,0.3500,0.9200,6.00,180.00,2.000000,0.050000,0.000000,1.100000,0.000000,0.000000,1.200000,0.000000,0.000000,1.350000,0.000000,0.000000,0.850000,0.020000,0.000000,0.008000,0.000000,0.000600,0.008000,0.000000,0.000600,0.006000,0.000000,0.000000,1,1,1,186,245,539564,539564,329120,210444,0,60.00,29831,3239,121,0,0,0,29788,330.91,330.91,10,493,0.0000,0.4570,0.5020,0.3900,0.5340
2026-04-27T18:54:20.309,3.115,1,0.50,-12.50,-4.01,13.01,1,-0.0001,-0.0776,0.0567,-0.0895,1.0832,0.2895,-2.71,-5.85,57.92,60.97,187,187,1.00000,1.00000,1.00000,1.00000,3,3,1,15.92984,0.00349,1.04232,0.0001,0.0776,0.0933,-0.0895,1.0832,0.2895,2.71,-5.93,-12.90,1,1,0.0000,0.0000,0.1500,0.00,0.8500,0.3500,0.9200,6.00,180.00,2.000000,0.050000,0.000000,1.100000,0.000000,0.000000,1.200000,0.000000,0.000000,1.350000,0.000000,0.000000,0.850000,0.020000,0.000000,0.008000,0.000000,0.000600,0.008000,0.000000,0.000600,0.006000,0.000000,0.000000,1,1,1,187,240,539564,539564,329120,210444,0,60.00,29831,3239,121,0,0,0,29788,330.91,330.91,10,493,0.0000,0.4570,0.5020,0.3900,0.5340
2026-04-27T18:54:20.326,3.132,1,0.50,-12.50,-4.01,13.01,1,0.0017,-0.0955,0.0523,-0.1072,1.1348,0.2929,-2.44,-16.80,58.42,58.27,188,188,1.00000,1.00000,1.00000,1.00000,3,3,1,15.44755,0.00360,1.04605,-0.0017,0.0955,0.0977,-0.1072,1.1348,0.2929,2.44,-5.71,-12.58,1,1,0.0000,0.0000,0.1500,0.00,0.8500,0.3500,0.9200,6.00,180.00,2.000000,0.050000,0.000000,1.100000,0.000000,0.000000,1.200000,0.000000,0.000000,1.350000,0.000000,0.000000,0.850000,0.020000,0.000000,0.008000,0.000000,0.000600,0.008000,0.000000,0.000600,0.006000,0.000000,0.000000,1,1,1,188,246,539564,539564,329120,210444,0,60.00,29831,3239,121,0,0,0,29788,330.91,330.91,10,493,0.0000,0.4570,0.5020,0.3900,0.5340
2026-04-27T18:54:20.341,3.148,1,0.50,-10.10,0.00,23.31,1,0.0034,-0.1146,0.0477,-0.0994,1.1253,0.2819,-2.30,-9.01,62.23,61.44,189,189,1.00000,1.00000,1.00000,1.00000,3,3,1,15.00512,0.00373,1.04262,-0.0034,0.1146,0.1023,-0.0994,1.1253,0.2819,2.30,-5.73,-12.22,1,1,0.0000,0.0000,0.1500,0.00,0.8500,0.3500,0.9200,6.00,180.00,2.000000,0.050000,0.000000,1.100000,0.000000,0.000000,1.200000,0.000000,0.000000,1.350000,0.000000,0.000000,0.850000,0.020000,0.000000,0.008000,0.000000,0.000600,0.008000,0.000000,0.000600,0.006000,0.000000,0.000000,1,1,1,189,245,539564,539564,329120,210444,0,60.00,29831,3239,121,0,0,0,29788,330.91,330.91,10,493,0.0000,0.4570,0.5020,0.3900,0.5340
2026-04-27T18:54:20.357,3.164,1,0.50,-10.10,0.00,23.31,1,0.0055,-0.1337,0.0432,-0.1188,1.1623,0.2840,-2.20,-5.81,63.16,58.37,190,190,1.00000,1.00000,1.00000,1.00000,3,3,1,14.61863,0.00335,1.03781,-0.0055,0.1337,0.1068,-0.1188,1.1623,0.2840,2.20,-5.25,-11.79,1,1,0.0000,0.0000,0.1500,0.00,0.8500,0.3500,0.9200,6.00,180.00,2.000000,0.050000,0.000000,1.100000,0.000000,0.000000,1.200000,0.000000,0.000000,1.350000,0.000000,0.000000,0.850000,0.020000,0.000000,0.008000,0.000000,0.000600,0.008000,0.000000,0.000600,0.006000,0.000000,0.000000,1,1,1,190,245,539564,539564,329120,210444,0,60.00,29831,3239,121,0,0,0,29788,330.91,330.91,10,493,0.0000,0.4570,0.5020,0.3900,0.5340
2026-04-27T18:54:20.372,3.178,1,0.50,-10.10,0.00,23.31,1,0.0070,-0.1533,0.0397,-0.1020,1.1889,0.2478,-2.04,-11.18,56.98,60.90,191,191,1.00000,1.00000,1.00000,1.00000,3,3,1,14.13620,0.00361,1.04373,-0.0070,0.1533,0.1103,-0.1020,1.1889,0.2478,2.04,-5.56,-11.61,1,1,0.0000,0.0000,0.1500,0.00,0.8500,0.3500,0.9200,6.00,180.00,2.000000,0.050000,0.000000,1.100000,0.000000,0.000000,1.200000,0.000000,0.000000,1.350000,0.000000,0.000000,0.850000,0.020000,0.000000,0.008000,0.000000,0.000600,0.008000,0.000000,0.000600,0.006000,0.000000,0.000000,1,1,1,191,245,539564,539564,329120,210444,0,60.00,29831,3239,121,0,0,0,29788,330.91,330.91,10,493,0.0000,0.4570,0.5020,0.3900,0.5340
2026-04-27T18:54:20.392,3.199,1,0.50,-10.10,0.00,23.31,1,0.0090,-0.1733,0.0358,-0.1092,1.1421,0.2375,-1.92,-6.25,61.33,57.43,192,192,1.00000,1.00000,1.00000,1.00000,3,3,1,13.67595,0.00377,1.04434,-0.0090,0.1733,0.1142,-0.1092,1.1421,0.2375,1.92,-5.55,-11.29,1,1,0.0000,0.0000,0.1500,0.00,0.8500,0.3500,0.9200,6.00,180.00,2.000000,0.050000,0.000000,1.100000,0.000000,0.000000,1.200000,0.000000,0.000000,1.350000,0.000000,0.000000,0.850000,0.020000,0.000000,0.008000,0.000000,0.000600,0.008000,0.000000,0.000600,0.006000,0.000000,0.000000,1,1,1,192,246,539564,539564,329120,210444,0,60.00,29831,3239,121,0,0,0,29788,330.91,330.91,10,493,0.0000,0.4570,0.5020,0.3900,0.5340
2026-04-27T18:54:20.406,3.212,1,0.50,-10.10,0.00,23.31,1,0.0109,-0.1930,0.0326,-0.1146,1.2077,0.2235,-1.75,-11.34,62.85,61.74,193,193,1.00000,1.00000,1.00000,1.00000,3,3,1,13.36475,0.00379,1.04442,-0.0109,0.1930,0.1174,-0.1146,1.2077,0.2235,1.75,-5.47,-11.00,1,1,0.0000,0.0000,0.1500,0.00,0.8500,0.3500,0.9200,6.00,180.00,2.000000,0.050000,0.000000,1.100000,0.000000,0.000000,1.200000,0.000000,0.000000,1.350000,0.000000,0.000000,0.850000,0.020000,0.000000,0.008000,0.000000,0.000600,0.008000,0.000000,0.000600,0.006000,0.000000,0.000000,1,1,1,193,243,539564,539564,329120,210444,0,60.00,29831,3239,121,0,0,0,29788,330.91,330.91,10,493,0.0000,0.4570,0.5020,0.3900,0.5340
2026-04-27T18:54:20.423,3.230,1,0.50,-10.10,0.00,23.31,1,0.0132,-0.2140,0.0298,-0.1265,1.2397,0.2015,-1.54,-11.92,60.06,64.16,194,194,1.00000,1.00000,1.00000,1.00000,3,3,1,13.05501,0.00355,1.04084,-0.0132,0.2140,0.1202,-0.1265,1.2397,0.2015,1.54,-5.15,-10.41,1,1,0.0000,0.0000,0.1500,0.00,0.8500,0.3500,0.9200,6.00,180.00,2.000000,0.050000,0.000000,1.100000,0.000000,0.000000,1.200000,0.000000,0.000000,1.350000,0.000000,0.000000,0.850000,0.020000,0.000000,0.008000,0.000000,0.000600,0.008000,0.000000,0.000600,0.006000,0.000000,0.000000,1,1,1,194,244,539564,539564,329120,210444,0,60.00,29831,3239,121,0,0,0,29788,330.91,330.91,10,493,0.0000,0.4570,0.5020,0.3900,0.5340
2026-04-27T18:54:20.442,3.248,1,0.60,-7.69,0.96,23.77,1,0.0151,-0.2344,0.0269,-0.1164,1.2175,0.1900,-1.32,-12.81,62.09,56.97,195,195,1.00000,1.00000,1.00000,1.00000,3,3,1,12.71981,0.00412,1.04175,-0.0151,0.2344,0.1231,-0.1164,1.2175,0.1900,1.32,-5.15,-10.04,1,1,0.0000,0.0000,0.1500,0.00,0.8500,0.3500,0.9200,6.00,180.00,2.000000,0.050000,0.000000,1.100000,0.000000,0.000000,1.200000,0.000000,0.000000,1.350000,0.000000,0.000000,0.850000,0.020000,0.000000,0.008000,0.000000,0.000600,0.008000,0.000000,0.000600,0.006000,0.000000,0.000000,1,1,1,195,245,539564,539564,329120,210444,0,60.00,29831,3239,121,0,0,0,29788,330.91,330.91,10,493,0.0000,0.4570,0.5020,0.3900,0.5340
2026-04-27T18:54:20.458,3.264,1,0.60,-7.69,0.96,23.77,1,0.0174,-0.2547,0.0238,-0.1331,1.2505,0.1937,-1.27,-3.11,53.52,60.59,196,196,1.00000,1.00000,1.00000,1.00000,3,3,1,12.47640,0.00343,1.04175,-0.0174,0.2547,0.1262,-0.1331,1.2505,0.1937,1.27,-4.77,-9.76,1,1,0.0000,0.0000,0.1500,0.00,0.8500,0.3500,0.9200,6.00,180.00,2.000000,0.050000,0.000000,1.100000,0.000000,0.000000,1.200000,0.000000,0.000000,1.350000,0.000000,0.000000,0.850000,0.020000,0.000000,0.008000,0.000000,0.000600,0.008000,0.000000,0.000600,0.006000,0.000000,0.000000,1,1,1,196,244,539564,539564,329120,210444,0,60.00,29831,3239,121,0,0,0,29788,330.91,330.91,10,493,0.0000,0.4570,0.5020,0.3900,0.5340
2026-04-27T18:54:20.476,3.283,1,0.60,-7.69,0.96,23.77,1,0.0192,-0.2761,0.0216,-0.1142,1.2341,0.1584,-1.23,-2.14,66.28,58.08,197,197,1.00000,1.00000,1.00000,1.00000,3,3,1,12.10415,0.00374,1.03874,-0.0192,0.2761,0.1284,-0.1142,1.2341,0.1584,1.23,-5.00,-9.37,1,1,0.0000,0.0000,0.1500,0.00,0.8500,0.3500,0.9200,6.00,180.00,2.000000,0.050000,0.000000,1.100000,0.000000,0.000000,1.200000,0.000000,0.000000,1.350000,0.000000,0.000000,0.850000,0.020000,0.000000,0.008000,0.000000,0.000600,0.008000,0.000000,0.000600,0.006000,0.000000,0.000000,1,1,1,197,242,539564,539564,329120,210444,0,60.00,29831,3239,121,0,0,0,29788,330.91,330.91,10,493,0.0000,0.4570,0.5020,0.3900,0.5340
2026-04-27T18:54:20.491,3.298,1,0.60,-7.69,0.96,23.77,1,0.0213,-0.2967,0.0196,-0.1290,1.2887,0.1508,-1.18,-3.41,53.49,59.55,198,198,1.00000,1.00000,1.00000,1.00000,3,3,1,11.76264,0.00377,1.04073,-0.0213,0.2967,0.1304,-0.1290,1.2887,0.1508,1.18,-4.92,-9.09,1,1,0.0000,0.0000,0.1500,0.00,0.8500,0.3500,0.9200,6.00,180.00,2.000000,0.050000,0.000000,1.100000,0.000000,0.000000,1.200000,0.000000,0.000000,1.350000,0.000000,0.000000,0.850000,0.020000,0.000000,0.008000,0.000000,0.000600,0.008000,0.000000,0.000600,0.006000,0.000000,0.000000,1,1,1,198,244,539564,539564,329120,210444,0,60.00,29831,3239,121,0,0,0,29788,330.91,330.91,10,493,0.0000,0.4570,0.5020,0.3900,0.5340
2026-04-27T18:54:20.509,3.316,1,0.60,-7.69,0.96,23.77,1,0.0232,-0.3186,0.0175,-0.1134,1.2252,0.1343,-1.08,-5.20,66.55,59.26,199,199,1.00000,1.00000,1.00000,1.00000,3,3,1,11.53465,0.00389,1.04211,-0.0232,0.3186,0.1325,-0.1134,1.2252,0.1343,1.08,-5.12,-8.70,1,1,0.0000,0.0000,0.1500,0.00,0.8500,0.3500,0.9200,6.00,180.00,2.000000,0.050000,0.000000,1.100000,0.000000,0.000000,1.200000,0.000000,0.000000,1.350000,0.000000,0.000000,0.850000,0.020000,0.000000,0.008000,0.000000,0.000600,0.008000,0.000000,0.000600,0.006000,0.000000,0.000000,1,1,1,199,244,539564,539564,329120,210444,0,60.00,29831,3239,121,0,0,0,29788,330.91,330.91,10,493,0.0000,0.4570,0.5020,0.3900,0.5340
2026-04-27T18:54:20.525,3.331,1,0.60,-7.69,0.96,23.77,1,0.0253,-0.3394,0.0159,-0.1347,1.3559,0.1240,-0.95,-9.94,52.52,62.94,200,200,1.00000,1.00000,1.00000,1.00000,3,3,1,11.15304,0.00414,1.04298,-0.0253,0.3394,0.1341,-0.1347,1.3559,0.1240,0.95,-5.20,-8.42,1,1,0.0000,0.0000,0.1500,0.00,0.8500,0.3500,0.9200,6.00,180.00,2.000000,0.050000,0.000000,1.100000,0.000000,0.000000,1.200000,0.000000,0.000000,1.350000,0.000000,0.000000,0.850000,0.020000,0.000000,0.008000,0.000000,0.000600,0.008000,0.000000,0.000600,0.006000,0.000000,0.000000,1,1,1,200,244,539564,539564,329120,210444,0,60.00,29831,3239,121,0,0,0,29788,330.91,330.91,10,493,0.0000,0.4570,0.5020,0.3900,0.5340
2026-04-27T18:54:20.542,3.349,1,0.80,-5.49,1.95,21.36,1,0.0277,-0.3610,0.0138,-0.1396,1.3149,0.1309,-0.82,-6.94,76.12,57.29,201,201,1.00000,1.00000,1.00000,1.00000,3,3,1,11.10612,0.00353,1.04382,-0.0277,0.3610,0.1362,-0.1396,1.3149,0.1309,0.82,-4.86,-8.12,1,1,0.0000,0.0000,0.1500,0.00,0.8500,0.3500,0.9200,6.00,180.00,2.000000,0.050000,0.000000,1.100000,0.000000,0.000000,1.200000,0.000000,0.000000,1.350000,0.000000,0.000000,0.850000,0.020000,0.000000,0.008000,0.000000,0.000600,0.008000,0.000000,0.000600,0.006000,0.000000,0.000000,1,1,1,201,244,539564,539564,329120,210444,0,60.00,29831,3239,121,0,0,0,29788,330.91,330.91,10,493,0.0000,0.4570,0.5020,0.3900,0.5340
2026-04-27T18:54:20.559,3.365,1,0.80,-5.49,1.95,21.36,1,0.0298,-0.3820,0.0119,-0.1474,1.4559,0.1356,-0.74,-4.55,53.35,67.91,202,202,1.00000,1.00000,1.00000,1.00000,3,3,1,10.72986,0.00385,1.03743,-0.0298,0.3820,0.1381,-0.1474,1.4559,0.1356,0.74,-4.56,-7.48,1,1,0.0000,0.0000,0.1500,0.00,0.8500,0.3500,0.9200,6.00,180.00,2.000000,0.050000,0.000000,1.100000,0.000000,0.000000,1.200000,0.000000,0.000000,1.350000,0.000000,0.000000,0.850000,0.020000,0.000000,0.008000,0.000000,0.000600,0.008000,0.000000,0.000600,0.006000,0.000000,0.000000,1,1,1,202,244,539564,539564,329120,210444,0,60.00,29831,3239,121,0,0,0,29788,330.91,330.91,10,493,0.0000,0.4570,0.5020,0.3900,0.5340
2026-04-27T18:54:20.577,3.384,1,0.80,-5.49,1.95,21.36,1,0.0318,-0.4068,0.0102,-0.1171,1.2809,0.1045,-0.61,-7.66,53.31,52.70,203,203,1.00000,1.00000,1.00000,1.00000,3,3,1,10.57333,0.00378,1.03305,-0.0318,0.4068,0.1398,-0.1171,1.2809,0.1045,0.61,-4.70,-6.88,1,1,0.0000,0.0000,0.1500,0.00,0.8500,0.3500,0.9200,6.00,180.00,2.000000,0.050000,0.000000,1.100000,0.000000,0.000000,1.200000,0.000000,0.000000,1.350000,0.000000,0.000000,0.850000,0.020000,0.000000,0.008000,0.000000,0.000600,0.008000,0.000000,0.000600,0.006000,0.000000,0.000000,1,1,1,203,243,539564,539564,329120,210444,0,60.00,29831,3239,121,0,0,0,29788,330.91,330.91,10,493,0.0000,0.4570,0.5020,0.3900,0.5340
2026-04-27T18:54:20.593,3.399,1,0.80,-5.49,1.95,21.36,1,0.0338,-0.4268,0.0082,-0.1252,1.2926,0.1211,-0.67,3.74,62.38,62.58,204,204,1.00000,1.00000,1.00000,1.00000,3,3,1,10.50846,0.00365,1.02682,-0.0338,0.4268,0.1418,-0.1252,1.2926,0.1211,0.67,-4.62,-6.54,1,1,0.0000,0.0000,0.1500,0.00,0.8500,0.3500,0.9200,6.00,180.00,2.000000,0.050000,0.000000,1.100000,0.000000,0.000000,1.200000,0.000000,0.000000,1.350000,0.000000,0.000000,0.850000,0.020000,0.000000,0.008000,0.000000,0.000600,0.008000,0.000000,0.000600,0.006000,0.000000,0.000000,1,1,1,204,245,539564,539564,329120,210444,0,60.00,29831,3239,121,0,0,0,29788,330.91,330.91,10,493,0.0000,0.4570,0.5020,0.3900,0.5340
2026-04-27T18:54:20.611,3.417,1,0.80,-5.49,1.95,21.36,1,0.0362,-0.4480,0.0066,-0.1408,1.3173,0.1076,-0.80,7.32,64.14,55.69,205,205,1.00000,1.00000,1.00000,1.00000,3,3,1,10.29080,0.00320,1.03413,-0.0362,0.4480,0.1434,-0.1408,1.3173,0.1076,0.80,-4.11,-6.28,1,1,0.0000,0.0000,0.1500,0.00,0.8500,0.3500,0.9200,6.00,180.00,2.000000,0.050000,0.000000,1.100000,0.000000,0.000000,1.200000,0.000000,0.000000,1.350000,0.000000,0.000000,0.850000,0.020000,0.000000,0.008000,0.000000,0.000600,0.008000,0.000000,0.000600,0.006000,0.000000,0.000000,1,1,1,205,244,539564,539564,329120,210444,0,60.00,29831,3239,121,0,0,0,29788,330.91,330.91,10,493,0.0000,0.4570,0.5020,0.3900,0.5340
2026-04-27T18:54:20.625,3.432,1,0.80,-5.49,1.95,21.36,1,0.0385,-0.4702,0.0047,-0.1362,1.3328,0.1142,-0.74,-3.84,56.24,63.42,206,206,1.00000,1.00000,1.00000,1.00000,3,3,1,10.00168,0.00333,1.03472,-0.0385,0.4702,0.1453,-0.1362,1.3328,0.1142,0.74,-3.94,-5.84,1,1,0.0000,0.0000,0.1500,0.00,0.8500,0.3500,0.9200,6.00,180.00,2.000000,0.050000,0.000000,1.100000,0.000000,0.000000,1.200000,0.000000,0.000000,1.350000,0.000000,0.000000,0.850000,0.020000,0.000000,0.008000,0.000000,0.000600,0.008000,0.000000,0.000600,0.006000,0.000000,0.000000,1,1,1,206,244,539564,539564,329120,210444,0,60.00,29831,3239,121,0,0,0,29788,330.91,330.91,10,493,0.0000,0.4570,0.5020,0.3900,0.5340
2026-04-27T18:54:20.641,3.448,1,1.00,-3.29,1.99,21.78,1,0.0408,-0.4914,0.0031,-0.1437,1.3586,0.1065,-0.61,-8.64,68.40,63.51,207,207,1.00000,1.00000,1.00000,1.00000,3,3,1,9.86853,0.00349,1.04320,-0.0408,0.4914,0.1469,-0.1437,1.3586,0.1065,0.61,-3.92,-5.67,1,1,0.0000,0.0000,0.1500,0.00,0.8500,0.3500,0.9200,6.00,180.00,2.000000,0.050000,0.000000,1.100000,0.000000,0.000000,1.200000,0.000000,0.000000,1.350000,0.000000,0.000000,0.850000,0.020000,0.000000,0.008000,0.000000,0.000600,0.008000,0.000000,0.000600,0.006000,0.000000,0.000000,1,1,1,207,245,539564,539564,329120,210444,0,60.00,29831,3239,121,0,0,0,29788,330.91,330.91,10,493,0.0000,0.4570,0.5020,0.3900,0.5340
2026-04-27T18:54:20.658,3.464,1,1.00,-3.29,1.99,21.78,1,0.0429,-0.5138,0.0015,-0.1368,1.3592,0.1043,-0.63,1.21,61.67,59.47,208,208,1.00000,1.00000,1.00000,1.00000,3,3,1,9.76585,0.00314,1.03906,-0.0429,0.5138,0.1485,-0.1368,1.3592,0.1043,0.63,-3.76,-5.44,1,1,0.0000,0.0000,0.1500,0.00,0.8500,0.3500,0.9200,6.00,180.00,2.000000,0.050000,0.000000,1.100000,0.000000,0.000000,1.200000,0.000000,0.000000,1.350000,0.000000,0.000000,0.850000,0.020000,0.000000,0.008000,0.000000,0.000600,0.008000,0.000000,0.000600,0.006000,0.000000,0.000000,1,1,1,208,245,539564,539564,329120,210444,0,60.00,29831,3239,121,0,0,0,29788,330.91,330.91,10,493,0.0000,0.4570,0.5020,0.3900,0.5340
2026-04-27T18:54:20.674,3.481,1,1.00,-3.29,1.99,21.78,1,0.0451,-0.5361,-0.0007,-0.1338,1.3536,0.1187,-0.53,-5.79,59.57,63.24,209,209,1.00000,1.00000,1.00000,1.00000,3,3,1,9.58050,0.00321,1.03123,-0.0451,0.5361,0.1507,-0.1338,1.3536,0.1187,0.53,-3.67,-4.71,1,1,0.0000,0.0000,0.1500,0.00,0.8500,0.3500,0.9200,6.00,180.00,2.000000,0.050000,0.000000,1.100000,0.000000,0.000000,1.200000,0.000000,0.000000,1.350000,0.000000,0.000000,0.850000,0.020000,0.000000,0.008000,0.000000,0.000600,0.008000,0.000000,0.000600,0.006000,0.000000,0.000000,1,1,1,209,245,539564,539564,329120,210444,0,60.00,29831,3239,121,0,0,0,29788,330.91,330.91,10,493,0.0000,0.4570,0.5020,0.3900,0.5340
2026-04-27T18:54:20.691,3.498,1,1.00,-3.29,1.99,21.78,1,0.0470,-0.5578,-0.0023,-0.1260,1.3337,0.1042,-0.55,1.24,63.17,57.76,210,210,1.00000,1.00000,1.00000,1.00000,3,3,1,9.52592,0.00356,1.03841,-0.0470,0.5578,0.1523,-0.1260,1.3337,0.1042,0.55,-3.66,-4.28,1,1,0.0000,0.0000,0.1500,0.00,0.8500,0.3500,0.9200,6.00,180.00,2.000000,0.050000,0.000000,1.100000,0.000000,0.000000,1.200000,0.000000,0.000000,1.350000,0.000000,0.000000,0.850000,0.020000,0.000000,0.008000,0.000000,0.000600,0.008000,0.000000,0.000600,0.006000,0.000000,0.000000,1,1,1,210,245,539564,539564,329120,210444,0,60.00,29831,3239,121,0,0,0,29788,330.91,330.91,10,493,0.0000,0.4570,0.5020,0.3900,0.5340
2026-04-27T18:54:20.707,3.514,1,1.00,-3.29,1.99,21.78,1,0.0490,-0.5796,-0.0040,-0.1226,1.3271,0.1043,-0.49,-3.53,57.61,59.40,211,211,1.00000,1.00000,1.00000,1.00000,3,3,1,9.43848,0.00357,1.03251,-0.0490,0.5796,0.1540,-0.1226,1.3271,0.1043,0.49,-3.80,-3.80,1,1,0.0000,0.0000,0.1500,0.00,0.8500,0.3500,0.9200,6.00,180.00,2.000000,0.050000,0.000000,1.100000,0.000000,0.000000,1.200000,0.000000,0.000000,1.350000,0.000000,0.000000,0.850000,0.020000,0.000000,0.008000,0.000000,0.000600,0.008000,0.000000,0.000600,0.006000,0.000000,0.000000,1,1,1,211,242,539564,539564,329120,210444,0,60.00,29831,3239,121,0,0,0,29788,330.91,330.91,10,493,0.0000,0.4570,0.5020,0.3900,0.5340
2026-04-27T18:54:20.724,3.531,1,1.00,-3.29,1.99,21.78,1,0.0514,-0.6007,-0.0062,-0.1406,1.3356,0.1241,-0.49,0.00,61.67,59.62,212,212,1.00000,1.00000,1.00000,1.00000,3,3,1,9.23779,0.00333,1.03579,-0.0514,0.6007,0.1562,-0.1406,1.3356,0.1241,0.49,-3.72,-3.36,1,1,0.0000,0.0000,0.1500,0.00,0.8500,0.3500,0.9200,6.00,180.00,2.000000,0.050000,0.000000,1.100000,0.000000,0.000000,1.200000,0.000000,0.000000,1.350000,0.000000,0.000000,0.850000,0.020000,0.000000,0.008000,0.000000,0.000600,0.008000,0.000000,0.000600,0.006000,0.000000,0.000000,1,1,1,212,245,539564,539564,329120,210444,0,60.00,29831,3239,121,0,0,0,29788,330.91,330.91,10,493,0.0000,0.4570,0.5020,0.3900,0.5340
2026-04-27T18:54:20.742,3.548,1,1.00,-3.29,1.99,21.78,1,0.0536,-0.6226,-0.0083,-0.1290,1.2890,0.1170,-0.19,-15.95,60.73,59.22,213,213,1.00000,1.00000,1.00000,1.00000,3,3,1,9.09969,0.00405,1.03801,-0.0536,0.6226,0.1583,-0.1290,1.2890,0.1170,0.19,-3.84,-3.10,1,1,0.0000,0.0000,0.1500,0.00,0.8500,0.3500,0.9200,6.00,180.00,2.000000,0.050000,0.000000,1.100000,0.000000,0.000000,1.200000,0.000000,0.000000,1.350000,0.000000,0.000000,0.850000,0.020000,0.000000,0.008000,0.000000,0.000600,0.008000,0.000000,0.000600,0.006000,0.000000,0.000000,1,1,1,213,244,539564,539564,329120,210444,0,60.00,29831,3239,121,0,0,0,29788,330.91,330.91,10,493,0.0000,0.4570,0.5020,0.3900,0.5340
2026-04-27T18:54:20.757,3.563,1,1.00,-3.29,1.99,21.78,1,0.0555,-0.6435,-0.0095,-0.1329,1.3742,0.1015,-0.31,7.95,56.91,65.12,214,214,1.00000,1.00000,1.00000,1.00000,3,3,1,8.90544,0.00342,1.03263,-0.0555,0.6435,0.1595,-0.1329,1.3742,0.1015,0.31,-3.89,-3.10,1,1,0.0000,0.0000,0.1500,0.00,0.8500,0.3500,0.9200,6.00,180.00,2.000000,0.050000,0.000000,1.100000,0.000000,0.000000,1.200000,0.000000,0.000000,1.350000,0.000000,0.000000,0.850000,0.020000,0.000000,0.008000,0.000000,0.000600,0.008000,0.000000,0.000600,0.006000,0.000000,0.000000,1,1,1,214,243,539564,539564,329120,210444,0,60.00,29831,3239,121,0,0,0,29788,330.91,330.91,10,493,0.0000,0.4570,0.5020,0.3900,0.5340
2026-04-27T18:54:20.768,3.575,1,1.00,-3.29,1.99,21.78,0,0.0000,0.0000,0.1500,0.0000,0.0000,0.0000,0.00,0.00,66.21,57.06,215,214,0.99535,0.99535,1.00000,0.99535,3,2,0,0.00000,0.00000,1.00000,0.0000,0.0000,0.0000,0.0000,0.0000,0.0000,0.00,0.00,0.00,1,1,0.0000,0.0000,0.1500,0.00,0.8500,0.3500,0.9200,6.00,180.00,2.000000,0.050000,0.000000,1.100000,0.000000,0.000000,1.200000,0.000000,0.000000,1.350000,0.000000,0.000000,0.850000,0.020000,0.000000,0.008000,0.000000,0.000600,0.008000,0.000000,0.000600,0.006000,0.000000,0.000000,1,1,1,215,208,539564,539564,329120,210444,0,60.00,29831,3239,121,0,0,0,29788,330.91,330.91,10,493,0.0000,0.4570,0.5020,0.3900,0.5340
2026-04-27T18:54:20.786,3.592,1,1.00,-3.29,1.99,21.78,0,0.0000,0.0000,0.1500,0.0000,0.0000,0.0000,0.00,0.00,83.29,60.35,216,214,0.99074,0.99074,1.00000,0.99074,3,2,0,0.00000,0.00000,1.00000,0.0000,0.0000,0.0000,0.0000,0.0000,0.0000,0.00,0.00,0.00,1,1,0.0000,0.0000,0.1500,0.00,0.8500,0.3500,0.9200,6.00,180.00,2.000000,0.050000,0.000000,1.100000,0.000000,0.000000,1.200000,0.000000,0.000000,1.350000,0.000000,0.000000,0.850000,0.020000,0.000000,0.008000,0.000000,0.000600,0.008000,0.000000,0.000600,0.006000,0.000000,0.000000,1,1,1,216,208,539564,539564,329120,210444,0,60.00,29831,3239,121,0,0,0,29788,330.91,330.91,10,493,0.0000,0.4570,0.5020,0.3900,0.5340
2026-04-27T18:54:20.802,3.609,1,1.20,-1.00,1.97,22.53,0,0.0000,0.0000,0.1500,0.0000,0.0000,0.0000,0.00,0.00,56.67,60.86,217,214,0.98618,0.98618,1.00000,0.98618,3,2,0,0.00000,0.00000,1.00000,0.0000,0.0000,0.0000,0.0000,0.0000,0.0000,0.00,0.00,0.00,1,1,0.0000,0.0000,0.1500,0.00,0.8500,0.3500,0.9200,6.00,180.00,2.000000,0.050000,0.000000,1.100000,0.000000,0.000000,1.200000,0.000000,0.000000,1.350000,0.000000,0.000000,0.850000,0.020000,0.000000,0.008000,0.000000,0.000600,0.008000,0.000000,0.000600,0.006000,0.000000,0.000000,1,1,1,217,208,539564,539564,329120,210444,0,60.00,29831,3239,121,0,0,0,29788,330.91,330.91,10,493,0.0000,0.4570,0.5020,0.3900,0.5340
2026-04-27T18:54:20.819,3.626,1,1.20,-1.00,1.97,22.53,0,0.0000,0.0000,0.1500,0.0000,0.0000,0.0000,0.00,0.00,66.51,60.05,218,214,0.98165,0.98165,1.00000,0.98165,3,1,0,0.00000,0.00000,1.00000,0.0000,0.0000,0.0000,0.0000,0.0000,0.0000,0.00,0.00,0.00,1,1,0.0000,0.0000,0.1500,0.00,0.8500,0.3500,0.9200,6.00,180.00,2.000000,0.050000,0.000000,1.100000,0.000000,0.000000,1.200000,0.000000,0.000000,1.350000,0.000000,0.000000,0.850000,0.020000,0.000000,0.008000,0.000000,0.000600,0.008000,0.000000,0.000600,0.006000,0.000000,0.000000,1,1,1,218,208,539564,539564,329120,210444,0,60.00,29831,3239,121,0,0,0,29788,330.91,330.91,10,493,0.0000,0.4570,0.5020,0.3900,0.5340
2026-04-27T18:54:20.836,3.643,1,1.20,-1.00,1.97,22.53,0,0.0000,0.0000,0.1500,0.0000,0.0000,0.0000,0.00,0.00,57.70,58.39,219,214,0.97717,0.97717,1.00000,0.97717,3,0,0,0.00000,0.00000,1.00000,0.0000,0.0000,0.0000,0.0000,0.0000,0.0000,0.00,0.00,0.00,1,1,0.0000,0.0000,0.1500,0.00,0.8500,0.3500,0.9200,6.00,180.00,2.000000,0.050000,0.000000,1.100000,0.000000,0.000000,1.200000,0.000000,0.000000,1.350000,0.000000,0.000000,0.850000,0.020000,0.000000,0.008000,0.000000,0.000600,0.008000,0.000000,0.000600,0.006000,0.000000,0.000000,1,1,1,219,208,539564,539564,329120,210444,0,60.00,29831,3239,121,0,0,0,29788,330.91,330.91,10,493,0.0000,0.4570,0.5020,0.3900,0.5340
2026-04-27T18:54:20.853,3.659,1,1.29,0.19,0.94,11.46,0,0.0000,0.0000,0.1500,0.0000,0.0000,0.0000,0.00,0.00,57.25,59.97,220,214,0.97273,0.97273,1.00000,0.97273,3,0,0,0.00000,0.00000,1.00000,0.0000,0.0000,0.0000,0.0000,0.0000,0.0000,0.00,0.00,0.00,1,1,0.0000,0.0000,0.1500,0.00,0.8500,0.3500,0.9200,6.00,180.00,2.000000,0.050000,0.000000,1.100000,0.000000,0.000000,1.200000,0.000000,0.000000,1.350000,0.000000,0.000000,0.850000,0.020000,0.000000,0.008000,0.000000,0.000600,0.008000,0.000000,0.000600,0.006000,0.000000,0.000000,1,1,1,220,208,539564,539564,329120,210444,0,60.00,29831,3239,121,0,0,0,29788,330.91,330.91,10,493,0.0000,0.4570,0.5020,0.3900,0.5340
2026-04-27T18:54:20.869,3.675,1,1.29,0.19,0.94,11.46,0,0.0000,0.0000,0.1500,0.0000,0.0000,0.0000,0.00,0.00,59.76,60.35,221,214,0.96833,0.96833,1.00000,0.96833,3,0,0,0.00000,0.00000,1.00000,0.0000,0.0000,0.0000,0.0000,0.0000,0.0000,0.00,0.00,0.00,1,1,0.0000,0.0000,0.1500,0.00,0.8500,0.3500,0.9200,6.00,180.00,2.000000,0.050000,0.000000,1.100000,0.000000,0.000000,1.200000,0.000000,0.000000,1.350000,0.000000,0.000000,0.850000,0.020000,0.000000,0.008000,0.000000,0.000600,0.008000,0.000000,0.000600,0.006000,0.000000,0.000000,1,1,1,221,208,539564,539564,329120,210444,0,60.00,29831,3239,121,0,0,0,29788,330.91,330.91,10,493,0.0000,0.4570,0.5020,0.3900,0.5340
2026-04-27T18:54:20.886,3.693,1,1.29,0.19,0.94,11.46,0,0.0000,0.0000,0.1500,0.0000,0.0000,0.0000,0.00,0.00,62.39,58.23,222,214,0.96396,0.96396,1.00000,0.96396,3,0,0,0.00000,0.00000,1.00000,0.0000,0.0000,0.0000,0.0000,0.0000,0.0000,0.00,0.00,0.00,1,1,0.0000,0.0000,0.1500,0.00,0.8500,0.3500,0.9200,6.00,180.00,2.000000,0.050000,0.000000,1.100000,0.000000,0.000000,1.200000,0.000000,0.000000,1.350000,0.000000,0.000000,0.850000,0.020000,0.000000,0.008000,0.000000,0.000600,0.008000,0.000000,0.000600,0.006000,0.000000,0.000000,1,1,1,222,208,539564,539564,329120,210444,0,60.00,29831,3239,121,0,0,0,29788,330.91,330.91,10,493,0.0000,0.4570,0.5020,0.3900,0.5340
2026-04-27T18:54:20.903,3.710,1,1.29,0.19,0.94,11.46,0,0.0000,0.0000,0.1500,0.0000,0.0000,0.0000,0.00,0.00,59.24,60.35,223,214,0.95964,0.95964,1.00000,0.95964,3,0,0,0.00000,0.00000,1.00000,0.0000,0.0000,0.0000,0.0000,0.0000,0.0000,0.00,0.00,0.00,1,1,0.0000,0.0000,0.1500,0.00,0.8500,0.3500,0.9200,6.00,180.00,2.000000,0.050000,0.000000,1.100000,0.000000,0.000000,1.200000,0.000000,0.000000,1.350000,0.000000,0.000000,0.850000,0.020000,0.000000,0.008000,0.000000,0.000600,0.008000,0.000000,0.000600,0.006000,0.000000,0.000000,1,1,1,223,208,539564,539564,329120,210444,0,60.00,29831,3239,121,0,0,0,29788,330.91,330.91,10,493,0.0000,0.4570,0.5020,0.3900,0.5340
2026-04-27T18:54:20.919,3.726,1,1.29,0.19,0.94,11.46,0,0.0000,0.0000,0.1500,0.0000,0.0000,0.0000,0.00,0.00,56.91,62.02,224,214,0.95536,0.95536,1.00000,0.95536,3,0,0,0.00000,0.00000,1.00000,0.0000,0.0000,0.0000,0.0000,0.0000,0.0000,0.00,0.00,0.00,1,1,0.0000,0.0000,0.1500,0.00,0.8500,0.3500,0.9200,6.00,180.00,2.000000,0.050000,0.000000,1.100000,0.000000,0.000000,1.200000,0.000000,0.000000,1.350000,0.000000,0.000000,0.850000,0.020000,0.000000,0.008000,0.000000,0.000600,0.008000,0.000000,0.000600,0.006000,0.000000,0.000000,1,1,1,224,208,539564,539564,329120,210444,0,60.00,29831,3239,121,0,0,0,29788,330.91,330.91,10,493,0.0000,0.4570,0.5020,0.3900,0.5340
2026-04-27T18:54:20.937,3.743,1,1.29,0.19,0.94,11.46,0,0.0000,0.0000,0.1500,0.0000,0.0000,0.0000,0.00,0.00,62.99,57.94,225,214,0.95111,0.95111,1.00000,0.95111,3,0,0,0.00000,0.00000,1.00000,0.0000,0.0000,0.0000,0.0000,0.0000,0.0000,0.00,0.00,0.00,1,1,0.0000,0.0000,0.1500,0.00,0.8500,0.3500,0.9200,6.00,180.00,2.000000,0.050000,0.000000,1.100000,0.000000,0.000000,1.200000,0.000000,0.000000,1.350000,0.000000,0.000000,0.850000,0.020000,0.000000,0.008000,0.000000,0.000600,0.008000,0.000000,0.000600,0.006000,0.000000,0.000000,1,1,1,225,208,539564,539564,329120,210444,0,60.00,29831,3239,121,0,0,0,29788,330.91,330.91,10,493,0.0000,0.4570,0.5020,0.3900,0.5340
2026-04-27T18:54:20.954,3.761,1,0.10,4.80,-11.97,46.01,0,0.0000,0.0000,0.1500,0.0000,0.0000,0.0000,0.00,0.00,57.74,61.37,226,214,0.94690,0.94690,1.00000,0.94690,3,0,0,0.00000,0.00000,1.00000,0.0000,0.0000,0.0000,0.0000,0.0000,0.0000,0.00,0.00,0.00,1,1,0.0000,0.0000,0.1500,0.00,0.8500,0.3500,0.9200,6.00,180.00,2.000000,0.050000,0.000000,1.100000,0.000000,0.000000,1.200000,0.000000,0.000000,1.350000,0.000000,0.000000,0.850000,0.020000,0.000000,0.008000,0.000000,0.000600,0.008000,0.000000,0.000600,0.006000,0.000000,0.000000,1,1,1,226,208,539564,539564,329120,210444,0,60.00,29831,3239,121,0,0,0,29788,330.91,330.91,10,493,0.0000,0.4570,0.5020,0.3900,0.5340
2026-04-27T18:54:20.970,3.777,1,0.10,4.80,-11.97,46.01,0,0.0000,0.0000,0.1500,0.0000,0.0000,0.0000,0.00,0.00,52.47,57.94,227,214,0.94273,0.94273,1.00000,0.94273,3,0,0,0.00000,0.00000,1.00000,0.0000,0.0000,0.0000,0.0000,0.0000,0.0000,0.00,0.00,0.00,1,1,0.0000,0.0000,0.1500,0.00,0.8500,0.3500,0.9200,6.00,180.00,2.000000,0.050000,0.000000,1.100000,0.000000,0.000000,1.200000,0.000000,0.000000,1.350000,0.000000,0.000000,0.850000,0.020000,0.000000,0.008000,0.000000,0.000600,0.008000,0.000000,0.000600,0.006000,0.000000,0.000000,1,1,1,227,208,539564,539564,329120,210444,0,60.00,29831,3239,121,0,0,0,29788,330.91,330.91,10,493,0.0000,0.4570,0.5020,0.3900,0.5340
2026-04-27T18:54:20.983,3.790,1,0.10,4.80,-11.97,46.01,0,0.0000,0.0000,0.1500,0.0000,0.0000,0.0000,0.00,0.00,69.26,69.67,228,214,0.93860,0.93860,1.00000,0.93860,3,1,0,0.00000,0.00000,1.00000,0.0000,0.0000,0.0000,0.0000,0.0000,0.0000,0.00,0.00,0.00,1,1,0.0000,0.0000,0.1500,0.00,0.8500,0.3500,0.9200,6.00,180.00,2.000000,0.050000,0.000000,1.100000,0.000000,0.000000,1.200000,0.000000,0.000000,1.350000,0.000000,0.000000,0.850000,0.020000,0.000000,0.008000,0.000000,0.000600,0.008000,0.000000,0.000600,0.006000,0.000000,0.000000,1,1,1,228,208,539564,539564,329120,210444,0,60.00,29831,3239,121,0,0,0,29788,330.91,330.91,10,493,0.0000,0.4570,0.5020,0.3900,0.5340
2026-04-27T18:54:21.004,3.811,1,0.10,4.80,-11.97,46.01,0,0.0000,0.0000,0.1500,0.0000,0.0000,0.0000,0.00,0.00,80.99,51.56,229,214,0.93450,0.93450,1.00000,0.93450,3,2,0,0.00000,0.00000,1.00000,0.0000,0.0000,0.0000,0.0000,0.0000,0.0000,0.00,0.00,0.00,1,1,0.0000,0.0000,0.1500,0.00,0.8500,0.3500,0.9200,6.00,180.00,2.000000,0.050000,0.000000,1.100000,0.000000,0.000000,1.200000,0.000000,0.000000,1.350000,0.000000,0.000000,0.850000,0.020000,0.000000,0.008000,0.000000,0.000600,0.008000,0.000000,0.000600,0.006000,0.000000,0.000000,1,1,1,229,208,539564,539564,329120,210444,0,60.00,29831,3239,121,0,0,0,29788,330.91,330.91,10,493,0.0000,0.4570,0.5020,0.3900,0.5340
2026-04-27T18:54:21.019,3.826,1,0.10,4.80,-11.97,46.01,0,0.0000,0.0000,0.1500,0.0000,0.0000,0.0000,0.00,0.00,45.30,61.84,230,214,0.93043,0.93043,1.00000,0.93043,3,2,0,0.00000,0.00000,1.00000,0.0000,0.0000,0.0000,0.0000,0.0000,0.0000,0.00,0.00,0.00,1,1,0.0000,0.0000,0.1500,0.00,0.8500,0.3500,0.9200,6.00,180.00,2.000000,0.050000,0.000000,1.100000,0.000000,0.000000,1.200000,0.000000,0.000000,1.350000,0.000000,0.000000,0.850000,0.020000,0.000000,0.008000,0.000000,0.000600,0.008000,0.000000,0.000600,0.006000,0.000000,0.000000,1,1,1,230,208,539564,539564,329120,210444,0,60.00,29831,3239,121,0,0,0,29788,330.91,330.91,10,493,0.0000,0.4570,0.5020,0.3900,0.5340
2026-04-27T18:54:21.036,3.843,1,0.10,4.80,-11.97,46.01,0,0.0000,0.0000,0.1500,0.0000,0.0000,0.0000,0.00,0.00,63.03,61.56,231,214,0.92641,0.92641,1.00000,0.92641,3,2,0,0.00000,0.00000,1.00000,0.0000,0.0000,0.0000,0.0000,0.0000,0.0000,0.00,0.00,0.00,1,1,0.0000,0.0000,0.1500,0.00,0.8500,0.3500,0.9200,6.00,180.00,2.000000,0.050000,0.000000,1.100000,0.000000,0.000000,1.200000,0.000000,0.000000,1.350000,0.000000,0.000000,0.850000,0.020000,0.000000,0.008000,0.000000,0.000600,0.008000,0.000000,0.000600,0.006000,0.000000,0.000000,1,1,1,231,208,539564,539564,329120,210444,0,60.00,29831,3239,121,0,0,0,29788,330.91,330.91,10,493,0.0000,0.4570,0.5020,0.3900,0.5340
2026-04-27T18:54:21.054,3.861,1,0.10,4.80,-11.97,46.01,0,0.0000,0.0000,0.1500,0.0000,0.0000,0.0000,0.00,0.00,62.61,60.10,232,214,0.92241,0.92241,1.00000,0.92241,3,1,0,0.00000,0.00000,1.00000,0.0000,0.0000,0.0000,0.0000,0.0000,0.0000,0.00,0.00,0.00,1,1,0.0000,0.0000,0.1500,0.00,0.8500,0.3500,0.9200,6.00,180.00,2.000000,0.050000,0.000000,1.100000,0.000000,0.000000,1.200000,0.000000,0.000000,1.350000,0.000000,0.000000,0.850000,0.020000,0.000000,0.008000,0.000000,0.000600,0.008000,0.000000,0.000600,0.006000,0.000000,0.000000,1,1,1,232,208,539564,539564,329120,210444,0,60.00,29831,3239,121,0,0,0,29788,330.91,330.91,10,493,0.0000,0.4570,0.5020,0.3900,0.5340
2026-04-27T18:54:21.069,3.875,1,0.10,4.80,-11.97,46.01,0,0.0000,0.0000,0.1500,0.0000,0.0000,0.0000,0.00,0.00,56.30,59.71,233,214,0.91845,0.91845,1.00000,0.91845,3,1,0,0.00000,0.00000,1.00000,0.0000,0.0000,0.0000,0.0000,0.0000,0.0000,0.00,0.00,0.00,1,1,0.0000,0.0000,0.1500,0.00,0.8500,0.3500,0.9200,6.00,180.00,2.000000,0.050000,0.000000,1.100000,0.000000,0.000000,1.200000,0.000000,0.000000,1.350000,0.000000,0.000000,0.850000,0.020000,0.000000,0.008000,0.000000,0.000600,0.008000,0.000000,0.000600,0.006000,0.000000,0.000000,1,1,1,233,208,539564,539564,329120,210444,0,60.00,29831,3239,121,0,0,0,29788,330.91,330.91,10,493,0.0000,0.4570,0.5020,0.3900,0.5340
2026-04-27T18:54:21.086,3.893,1,0.10,4.80,-11.97,46.01,0,0.0000,0.0000,0.1500,0.0000,0.0000,0.0000,0.00,0.00,73.96,60.74,234,214,0.91453,0.91453,1.00000,0.91453,3,1,0,0.00000,0.00000,1.00000,0.0000,0.0000,0.0000,0.0000,0.0000,0.0000,0.00,0.00,0.00,1,1,0.0000,0.0000,0.1500,0.00,0.8500,0.3500,0.9200,6.00,180.00,2.000000,0.050000,0.000000,1.100000,0.000000,0.000000,1.200000,0.000000,0.000000,1.350000,0.000000,0.000000,0.850000,0.020000,0.000000,0.008000,0.000000,0.000600,0.008000,0.000000,0.000600,0.006000,0.000000,0.000000,1,1,1,234,208,539564,539564,329120,210444,0,60.00,29831,3239,121,0,0,0,29788,330.91,330.91,10,493,0.0000,0.4570,0.5020,0.3900,0.5340
2026-04-27T18:54:21.103,3.909,1,6.80,16.80,65.67,117.68,0,0.0000,0.0000,0.1500,0.0000,0.0000,0.0000,0.00,0.00,50.82,60.62,235,214,0.91064,0.91064,1.00000,0.91064,3,1,0,0.00000,0.00000,1.00000,0.0000,0.0000,0.0000,0.0000,0.0000,0.0000,0.00,0.00,0.00,1,1,0.0000,0.0000,0.1500,0.00,0.8500,0.3500,0.9200,6.00,180.00,2.000000,0.050000,0.000000,1.100000,0.000000,0.000000,1.200000,0.000000,0.000000,1.350000,0.000000,0.000000,0.850000,0.020000,0.000000,0.008000,0.000000,0.000600,0.008000,0.000000,0.000600,0.006000,0.000000,0.000000,1,1,1,235,208,539564,539564,329120,210444,0,60.00,29831,3239,121,0,0,0,29788,330.91,330.91,10,493,0.0000,0.4570,0.5020,0.3900,0.5340
2026-04-27T18:54:21.120,3.926,1,6.80,16.80,65.67,117.68,0,0.0000,0.0000,0.1500,0.0000,0.0000,0.0000,0.00,0.00,60.86,57.58,236,214,0.90678,0.90678,1.00000,0.90678,3,1,0,0.00000,0.00000,1.00000,0.0000,0.0000,0.0000,0.0000,0.0000,0.0000,0.00,0.00,0.00,1,1,0.0000,0.0000,0.1500,0.00,0.8500,0.3500,0.9200,6.00,180.00,2.000000,0.050000,0.000000,1.100000,0.000000,0.000000,1.200000,0.000000,0.000000,1.350000,0.000000,0.000000,0.850000,0.020000,0.000000,0.008000,0.000000,0.000600,0.008000,0.000000,0.000600,0.006000,0.000000,0.000000,1,1,1,236,208,539564,539564,329120,210444,0,60.00,29831,3239,121,0,0,0,29788,330.91,330.91,10,493,0.0000,0.4570,0.5020,0.3900,0.5340
2026-04-27T18:54:21.136,3.943,1,6.80,16.80,65.67,117.68,0,0.0000,0.0000,0.1500,0.0000,0.0000,0.0000,0.00,0.00,61.49,62.08,237,214,0.90295,0.90295,1.00000,0.90295,3,0,0,0.00000,0.00000,1.00000,0.0000,0.0000,0.0000,0.0000,0.0000,0.0000,0.00,0.00,0.00,1,1,0.0000,0.0000,0.1500,0.00,0.8500,0.3500,0.9200,6.00,180.00,2.000000,0.050000,0.000000,1.100000,0.000000,0.000000,1.200000,0.000000,0.000000,1.350000,0.000000,0.000000,0.850000,0.020000,0.000000,0.008000,0.000000,0.000600,0.008000,0.000000,0.000600,0.006000,0.000000,0.000000,1,1,1,237,208,539564,539564,329120,210444,0,60.00,29831,3239,121,0,0,0,29788,330.91,330.91,10,493,0.0000,0.4570,0.5020,0.3900,0.5340
2026-04-27T18:54:21.152,3.959,1,6.80,16.80,65.67,117.68,0,0.0000,0.0000,0.1500,0.0000,0.0000,0.0000,0.00,0.00,57.90,61.78,238,214,0.89916,0.89916,0.99580,0.89916,1,0,0,0.00000,0.00000,1.00000,0.0000,0.0000,0.0000,0.0000,0.0000,0.0000,0.00,0.00,0.00,1,1,0.0000,0.0000,0.1500,0.00,0.8500,0.3500,0.9200,6.00,180.00,2.000000,0.050000,0.000000,1.100000,0.000000,0.000000,1.200000,0.000000,0.000000,1.350000,0.000000,0.000000,0.850000,0.020000,0.000000,0.008000,0.000000,0.000600,0.008000,0.000000,0.000600,0.006000,0.000000,0.000000,1,1,1,238,208,539564,539564,329120,210444,0,60.00,29831,3239,121,0,0,0,29788,330.91,330.91,10,493,0.0000,0.4570,0.5020,0.3900,0.5340
2026-04-27T18:54:21.170,3.976,1,6.80,16.80,65.67,117.68,0,0.0000,0.0000,0.1500,0.0000,0.0000,0.0000,0.00,0.00,71.52,62.55,239,214,0.89540,0.89540,0.99163,0.89540,1,0,0,0.00000,0.00000,1.00000,0.0000,0.0000,0.0000,0.0000,0.0000,0.0000,0.00,0.00,0.00,1,1,0.0000,0.0000,0.1500,0.00,0.8500,0.3500,0.9200,6.00,180.00,2.000000,0.050000,0.000000,1.100000,0.000000,0.000000,1.200000,0.000000,0.000000,1.350000,0.000000,0.000000,0.850000,0.020000,0.000000,0.008000,0.000000,0.000600,0.008000,0.000000,0.000600,0.006000,0.000000,0.000000,1,1,1,239,208,539564,539564,329120,210444,0,60.00,29831,3239,121,0,0,0,29788,330.91,330.91,10,493,0.0000,0.4570,0.5020,0.3900,0.5340
2026-04-27T18:54:21.187,3.993,1,6.80,16.80,65.67,117.68,0,0.0000,0.0000,0.1500,0.0000,0.0000,0.0000,0.00,0.00,56.79,54.95,240,214,0.89167,0.89167,0.98750,0.89167,1,0,0,0.00000,0.00000,1.00000,0.0000,0.0000,0.0000,0.0000,0.0000,0.0000,0.00,0.00,0.00,1,1,0.0000,0.0000,0.1500,0.00,0.8500,0.3500,0.9200,6.00,180.00,2.000000,0.050000,0.000000,1.100000,0.000000,0.000000,1.200000,0.000000,0.000000,1.350000,0.000000,0.000000,0.850000,0.020000,0.000000,0.008000,0.000000,0.000600,0.008000,0.000000,0.000600,0.006000,0.000000,0.000000,1,1,1,240,208,539564,539564,329120,210444,0,60.00,29831,3239,121,0,0,0,29788,330.91,330.91,10,493,0.0000,0.4570,0.5020,0.3900,0.5340
2026-04-27T18:54:21.202,4.009,1,6.80,16.80,65.67,117.68,0,0.0000,0.0000,0.1500,0.0000,0.0000,0.0000,0.00,0.00,58.83,64.91,241,214,0.88797,0.88797,0.98340,0.88797,2,0,0,0.00000,0.00000,1.00000,0.0000,0.0000,0.0000,0.0000,0.0000,0.0000,0.00,0.00,0.00,1,1,0.0000,0.0000,0.1500,0.00,0.8500,0.3500,0.9200,6.00,180.00,2.000000,0.050000,0.000000,1.100000,0.000000,0.000000,1.200000,0.000000,0.000000,1.350000,0.000000,0.000000,0.850000,0.020000,0.000000,0.008000,0.000000,0.000600,0.008000,0.000000,0.000600,0.006000,0.000000,0.000000,1,1,1,241,208,539564,539564,329120,210444,0,60.00,29831,3239,121,0,0,0,29788,330.91,330.91,10,493,0.0000,0.4570,0.5020,0.3900,0.5340
2026-04-27T18:54:21.219,4.026,1,6.80,16.80,65.67,117.68,0,0.0000,0.0000,0.1500,0.0000,0.0000,0.0000,0.00,0.00,61.63,57.95,242,214,0.88430,0.88430,0.98347,0.88430,3,0,0,0.00000,0.00000,1.00000,0.0000,0.0000,0.0000,0.0000,0.0000,0.0000,0.00,0.00,0.00,1,1,0.0000,0.0000,0.1500,0.00,0.8500,0.3500,0.9200,6.00,180.00,2.000000,0.050000,0.000000,1.100000,0.000000,0.000000,1.200000,0.000000,0.000000,1.350000,0.000000,0.000000,0.850000,0.020000,0.000000,0.008000,0.000000,0.000600,0.008000,0.000000,0.000600,0.006000,0.000000,0.000000,1,1,1,242,208,539564,539564,329120,210444,0,60.00,29831,3239,121,0,0,0,29788,330.91,330.91,10,493,0.0000,0.4570,0.5020,0.3900,0.5340
2026-04-27T18:54:21.236,4.042,1,6.80,16.80,65.67,117.68,0,0.0000,0.0000,0.1500,0.0000,0.0000,0.0000,0.00,0.00,56.55,60.76,243,214,0.88066,0.88066,0.98354,0.88066,3,0,0,0.00000,0.00000,1.00000,0.0000,0.0000,0.0000,0.0000,0.0000,0.0000,0.00,0.00,0.00,1,1,0.0000,0.0000,0.1500,0.00,0.8500,0.3500,0.9200,6.00,180.00,2.000000,0.050000,0.000000,1.100000,0.000000,0.000000,1.200000,0.000000,0.000000,1.350000,0.000000,0.000000,0.850000,0.020000,0.000000,0.008000,0.000000,0.000600,0.008000,0.000000,0.000600,0.006000,0.000000,0.000000,1,1,1,243,208,539564,539564,329120,210444,0,60.00,29831,3239,121,0,0,0,29788,330.91,330.91,10,493,0.0000,0.4570,0.5020,0.3900,0.5340
2026-04-27T18:54:21.252,4.059,1,-3.60,-19.39,-263.33,-192.03,0,0.0000,0.0000,0.1500,0.0000,0.0000,0.0000,0.00,0.00,67.61,61.41,244,214,0.87705,0.87705,0.98361,0.87705,3,0,0,0.00000,0.00000,1.00000,0.0000,0.0000,0.0000,0.0000,0.0000,0.0000,0.00,0.00,0.00,1,1,0.0000,0.0000,0.1500,0.00,0.8500,0.3500,0.9200,6.00,180.00,2.000000,0.050000,0.000000,1.100000,0.000000,0.000000,1.200000,0.000000,0.000000,1.350000,0.000000,0.000000,0.850000,0.020000,0.000000,0.008000,0.000000,0.000600,0.008000,0.000000,0.000600,0.006000,0.000000,0.000000,1,1,1,244,208,539564,539564,329120,210444,0,60.00,29831,3239,121,0,0,0,29788,330.91,330.91,10,493,0.0000,0.4570,0.5020,0.3900,0.5340
2026-04-27T18:54:21.270,4.077,1,-3.60,-19.39,-263.33,-192.03,0,0.0000,0.0000,0.1500,0.0000,0.0000,0.0000,0.00,0.00,57.19,55.42,245,214,0.87347,0.87347,0.98367,0.87347,3,0,0,0.00000,0.00000,1.00000,0.0000,0.0000,0.0000,0.0000,0.0000,0.0000,0.00,0.00,0.00,1,1,0.0000,0.0000,0.1500,0.00,0.8500,0.3500,0.9200,6.00,180.00,2.000000,0.050000,0.000000,1.100000,0.000000,0.000000,1.200000,0.000000,0.000000,1.350000,0.000000,0.000000,0.850000,0.020000,0.000000,0.008000,0.000000,0.000600,0.008000,0.000000,0.000600,0.006000,0.000000,0.000000,1,1,1,245,208,539564,539564,329120,210444,0,60.00,29831,3239,121,0,0,0,29788,330.91,330.91,10,493,0.0000,0.4570,0.5020,0.3900,0.5340
2026-04-27T18:54:21.286,4.092,1,-3.60,-19.39,-263.33,-192.03,0,0.0000,0.0000,0.1500,0.0000,0.0000,0.0000,0.00,0.00,55.07,63.56,246,214,0.86992,0.86992,0.98374,0.86992,3,0,0,0.00000,0.00000,1.00000,0.0000,0.0000,0.0000,0.0000,0.0000,0.0000,0.00,0.00,0.00,1,1,0.0000,0.0000,0.1500,0.00,0.8500,0.3500,0.9200,6.00,180.00,2.000000,0.050000,0.000000,1.100000,0.000000,0.000000,1.200000,0.000000,0.000000,1.350000,0.000000,0.000000,0.850000,0.020000,0.000000,0.008000,0.000000,0.000600,0.008000,0.000000,0.000600,0.006000,0.000000,0.000000,1,1,1,246,208,539564,539564,329120,210444,0,60.00,29831,3239,121,0,0,0,29788,330.91,330.91,10,493,0.0000,0.4570,0.5020,0.3900,0.5340
2026-04-27T18:54:21.303,4.110,1,-3.60,-19.39,-263.33,-192.03,0,0.0000,0.0000,0.1500,0.0000,0.0000,0.0000,0.00,0.00,69.28,56.77,247,214,0.86640,0.86640,0.98381,0.86640,3,0,0,0.00000,0.00000,1.00000,0.0000,0.0000,0.0000,0.0000,0.0000,0.0000,0.00,0.00,0.00,1,1,0.0000,0.0000,0.1500,0.00,0.8500,0.3500,0.9200,6.00,180.00,2.000000,0.050000,0.000000,1.100000,0.000000,0.000000,1.200000,0.000000,0.000000,1.350000,0.000000,0.000000,0.850000,0.020000,0.000000,0.008000,0.000000,0.000600,0.008000,0.000000,0.000600,0.006000,0.000000,0.000000,1,1,1,247,208,539564,539564,329120,210444,0,60.00,29831,3239,121,0,0,0,29788,330.91,330.91,10,493,0.0000,0.4570,0.5020,0.3900,0.5340
2026-04-27T18:54:21.319,4.125,1,-3.60,-19.39,-263.33,-192.03,0,0.0000,0.0000,0.1500,0.0000,0.0000,0.0000,0.00,0.00,52.71,69.14,248,214,0.86290,0.86290,0.98387,0.86290,3,0,0,0.00000,0.00000,1.00000,0.0000,0.0000,0.0000,0.0000,0.0000,0.0000,0.00,0.00,0.00,1,1,0.0000,0.0000,0.1500,0.00,0.8500,0.3500,0.9200,6.00,180.00,2.000000,0.050000,0.000000,1.100000,0.000000,0.000000,1.200000,0.000000,0.000000,1.350000,0.000000,0.000000,0.850000,0.020000,0.000000,0.008000,0.000000,0.000600,0.008000,0.000000,0.000600,0.006000,0.000000,0.000000,1,1,1,248,208,539564,539564,329120,210444,0,60.00,29831,3239,121,0,0,0,29788,330.91,330.91,10,493,0.0000,0.4570,0.5020,0.3900,0.5340
2026-04-27T18:54:21.336,4.143,1,-3.60,-19.39,-263.33,-192.03,0,0.0000,0.0000,0.1500,0.0000,0.0000,0.0000,0.00,0.00,70.67,53.73,249,214,0.85944,0.85944,0.98394,0.85944,3,0,0,0.00000,0.00000,1.00000,0.0000,0.0000,0.0000,0.0000,0.0000,0.0000,0.00,0.00,0.00,1,1,0.0000,0.0000,0.1500,0.00,0.8500,0.3500,0.9200,6.00,180.00,2.000000,0.050000,0.000000,1.100000,0.000000,0.000000,1.200000,0.000000,0.000000,1.350000,0.000000,0.000000,0.850000,0.020000,0.000000,0.008000,0.000000,0.000600,0.008000,0.000000,0.000600,0.006000,0.000000,0.000000,1,1,1,249,208,539564,539564,329120,210444,0,60.00,29831,3239,121,0,0,0,29788,330.91,330.91,10,493,0.0000,0.4570,0.5020,0.3900,0.5340
2026-04-27T18:54:21.353,4.160,1,-3.60,-19.39,-263.33,-192.03,0,0.0000,0.0000,0.1500,0.0000,0.0000,0.0000,0.00,0.00,53.51,59.11,250,214,0.85600,0.85600,0.98400,0.85600,3,0,0,0.00000,0.00000,1.00000,0.0000,0.0000,0.0000,0.0000,0.0000,0.0000,0.00,0.00,0.00,1,1,0.0000,0.0000,0.1500,0.00,0.8500,0.3500,0.9200,6.00,180.00,2.000000,0.050000,0.000000,1.100000,0.000000,0.000000,1.200000,0.000000,0.000000,1.350000,0.000000,0.000000,0.850000,0.020000,0.000000,0.008000,0.000000,0.000600,0.008000,0.000000,0.000600,0.006000,0.000000,0.000000,1,1,1,250,208,539564,539564,329120,210444,0,60.00,29831,3239,121,0,0,0,29788,330.91,330.91,10,493,0.0000,0.4570,0.5020,0.3900,0.5340
2026-04-27T18:54:21.370,4.177,1,-3.60,-19.39,-263.33,-192.03,0,0.0000,0.0000,0.1500,0.0000,0.0000,0.0000,0.00,0.00,59.47,59.29,251,214,0.85259,0.85259,0.98406,0.85259,3,0,0,0.00000,0.00000,1.00000,0.0000,0.0000,0.0000,0.0000,0.0000,0.0000,0.00,0.00,0.00,1,1,0.0000,0.0000,0.1500,0.00,0.8500,0.3500,0.9200,6.00,180.00,2.000000,0.050000,0.000000,1.100000,0.000000,0.000000,1.200000,0.000000,0.000000,1.350000,0.000000,0.000000,0.850000,0.020000,0.000000,0.008000,0.000000,0.000600,0.008000,0.000000,0.000600,0.006000,0.000000,0.000000,1,1,1,251,208,539564,539564,329120,210444,0,60.00,29831,3239,121,0,0,0,29788,330.91,330.91,10,493,0.0000,0.4570,0.5020,0.3900,0.5340
2026-04-27T18:54:21.386,4.192,1,-3.60,-19.39,-263.33,-192.03,0,0.0000,0.0000,0.1500,0.0000,0.0000,0.0000,0.00,0.00,53.73,65.52,252,214,0.84921,0.84921,0.98413,0.84921,3,0,0,0.00000,0.00000,1.00000,0.0000,0.0000,0.0000,0.0000,0.0000,0.0000,0.00,0.00,0.00,1,1,0.0000,0.0000,0.1500,0.00,0.8500,0.3500,0.9200,6.00,180.00,2.000000,0.050000,0.000000,1.100000,0.000000,0.000000,1.200000,0.000000,0.000000,1.350000,0.000000,0.000000,0.850000,0.020000,0.000000,0.008000,0.000000,0.000600,0.008000,0.000000,0.000600,0.006000,0.000000,0.000000,1,1,1,252,208,539564,539564,329120,210444,0,60.00,29831,3239,121,0,0,0,29788,330.91,330.91,10,493,0.0000,0.4570,0.5020,0.3900,0.5340
2026-04-27T18:54:21.403,4.210,1,2.80,-0.80,62.69,182.34,0,0.0000,0.0000,0.1500,0.0000,0.0000,0.0000,0.00,0.00,69.96,56.62,253,214,0.84585,0.84585,0.98419,0.84585,3,0,0,0.00000,0.00000,1.00000,0.0000,0.0000,0.0000,0.0000,0.0000,0.0000,0.00,0.00,0.00,1,1,0.0000,0.0000,0.1500,0.00,0.8500,0.3500,0.9200,6.00,180.00,2.000000,0.050000,0.000000,1.100000,0.000000,0.000000,1.200000,0.000000,0.000000,1.350000,0.000000,0.000000,0.850000,0.020000,0.000000,0.008000,0.000000,0.000600,0.008000,0.000000,0.000600,0.006000,0.000000,0.000000,1,1,1,253,208,539564,539564,329120,210444,0,60.00,29831,3239,121,0,0,0,29788,330.91,330.91,10,493,0.0000,0.4570,0.5020,0.3900,0.5340
2026-04-27T18:54:21.419,4.225,1,2.80,-0.80,62.69,182.34,0,0.0000,0.0000,0.1500,0.0000,0.0000,0.0000,0.00,0.00,58.02,63.16,254,214,0.84252,0.84252,0.98425,0.84252,3,0,0,0.00000,0.00000,1.00000,0.0000,0.0000,0.0000,0.0000,0.0000,0.0000,0.00,0.00,0.00,1,1,0.0000,0.0000,0.1500,0.00,0.8500,0.3500,0.9200,6.00,180.00,2.000000,0.050000,0.000000,1.100000,0.000000,0.000000,1.200000,0.000000,0.000000,1.350000,0.000000,0.000000,0.850000,0.020000,0.000000,0.008000,0.000000,0.000600,0.008000,0.000000,0.000600,0.006000,0.000000,0.000000,1,1,1,254,208,539564,539564,329120,210444,0,60.00,29831,3239,121,0,0,0,29788,330.91,330.91,10,493,0.0000,0.4570,0.5020,0.3900,0.5340
2026-04-27T18:54:21.435,4.242,1,2.80,-0.80,62.69,182.34,0,0.0000,0.0000,0.1500,0.0000,0.0000,0.0000,0.00,0.00,60.50,57.89,255,214,0.83922,0.83922,0.98431,0.83922,3,0,0,0.00000,0.00000,1.00000,0.0000,0.0000,0.0000,0.0000,0.0000,0.0000,0.00,0.00,0.00,1,1,0.0000,0.0000,0.1500,0.00,0.8500,0.3500,0.9200,6.00,180.00,2.000000,0.050000,0.000000,1.100000,0.000000,0.000000,1.200000,0.000000,0.000000,1.350000,0.000000,0.000000,0.850000,0.020000,0.000000,0.008000,0.000000,0.000600,0.008000,0.000000,0.000600,0.006000,0.000000,0.000000,1,1,1,255,208,539564,539564,329120,210444,0,60.00,29831,3239,121,0,0,0,29788,330.91,330.91,10,493,0.0000,0.4570,0.5020,0.3900,0.5340
2026-04-27T18:54:21.451,4.258,1,2.80,-0.80,62.69,182.34,0,0.0000,0.0000,0.1500,0.0000,0.0000,0.0000,0.00,0.00,60.53,61.60,256,214,0.83594,0.83594,0.98438,0.83594,3,0,0,0.00000,0.00000,1.00000,0.0000,0.0000,0.0000,0.0000,0.0000,0.0000,0.00,0.00,0.00,1,1,0.0000,0.0000,0.1500,0.00,0.8500,0.3500,0.9200,6.00,180.00,2.000000,0.050000,0.000000,1.100000,0.000000,0.000000,1.200000,0.000000,0.000000,1.350000,0.000000,0.000000,0.850000,0.020000,0.000000,0.008000,0.000000,0.000600,0.008000,0.000000,0.000600,0.006000,0.000000,0.000000,1,1,1,256,208,539564,539564,329120,210444,0,60.00,29831,3239,121,0,0,0,29788,330.91,330.91,10,493,0.0000,0.4570,0.5020,0.3900,0.5340
2026-04-27T18:54:21.469,4.275,1,2.80,-0.80,62.69,182.34,0,0.0000,0.0000,0.1500,0.0000,0.0000,0.0000,0.00,0.00,71.94,58.25,257,214,0.83268,0.83268,0.98444,0.83268,3,0,0,0.00000,0.00000,1.00000,0.0000,0.0000,0.0000,0.0000,0.0000,0.0000,0.00,0.00,0.00,1,1,0.0000,0.0000,0.1500,0.00,0.8500,0.3500,0.9200,6.00,180.00,2.000000,0.050000,0.000000,1.100000,0.000000,0.000000,1.200000,0.000000,0.000000,1.350000,0.000000,0.000000,0.850000,0.020000,0.000000,0.008000,0.000000,0.000600,0.008000,0.000000,0.000600,0.006000,0.000000,0.000000,1,1,1,257,208,539564,539564,329120,210444,0,60.00,29831,3239,121,0,0,0,29788,330.91,330.91,10,493,0.0000,0.4570,0.5020,0.3900,0.5340
2026-04-27T18:54:21.487,4.293,1,2.80,-0.80,62.69,182.34,0,0.0000,0.0000,0.1500,0.0000,0.0000,0.0000,0.00,0.00,54.05,58.79,258,214,0.82946,0.82946,0.98450,0.82946,3,0,0,0.00000,0.00000,1.00000,0.0000,0.0000,0.0000,0.0000,0.0000,0.0000,0.00,0.00,0.00,1,1,0.0000,0.0000,0.1500,0.00,0.8500,0.3500,0.9200,6.00,180.00,2.000000,0.050000,0.000000,1.100000,0.000000,0.000000,1.200000,0.000000,0.000000,1.350000,0.000000,0.000000,0.850000,0.020000,0.000000,0.008000,0.000000,0.000600,0.008000,0.000000,0.000600,0.006000,0.000000,0.000000,1,1,1,258,208,539564,539564,329120,210444,0,60.00,29831,3239,121,0,0,0,29788,330.91,330.91,10,493,0.0000,0.4570,0.5020,0.3900,0.5340
2026-04-27T18:54:21.502,4.309,1,3.00,-1.00,1.91,-1.91,0,0.0000,0.0000,0.1500,0.0000,0.0000,0.0000,0.00,0.00,55.74,64.73,259,214,0.82625,0.82625,0.98456,0.82625,3,0,0,0.00000,0.00000,1.00000,0.0000,0.0000,0.0000,0.0000,0.0000,0.0000,0.00,0.00,0.00,1,1,0.0000,0.0000,0.1500,0.00,0.8500,0.3500,0.9200,6.00,180.00,2.000000,0.050000,0.000000,1.100000,0.000000,0.000000,1.200000,0.000000,0.000000,1.350000,0.000000,0.000000,0.850000,0.020000,0.000000,0.008000,0.000000,0.000600,0.008000,0.000000,0.000600,0.006000,0.000000,0.000000,1,1,1,259,208,539564,539564,329120,210444,0,60.00,29831,3239,121,0,0,0,29788,330.91,330.91,10,493,0.0000,0.4570,0.5020,0.3900,0.5340
2026-04-27T18:54:21.519,4.325,1,3.00,-1.00,1.91,-1.91,0,0.0000,0.0000,0.1500,0.0000,0.0000,0.0000,0.00,0.00,65.75,59.97,260,214,0.82308,0.82308,0.98462,0.82308,3,0,0,0.00000,0.00000,1.00000,0.0000,0.0000,0.0000,0.0000,0.0000,0.0000,0.00,0.00,0.00,1,1,0.0000,0.0000,0.1500,0.00,0.8500,0.3500,0.9200,6.00,180.00,2.000000,0.050000,0.000000,1.100000,0.000000,0.000000,1.200000,0.000000,0.000000,1.350000,0.000000,0.000000,0.850000,0.020000,0.000000,0.008000,0.000000,0.000600,0.008000,0.000000,0.000600,0.006000,0.000000,0.000000,1,1,1,260,208,539564,539564,329120,210444,0,60.00,29831,3239,121,0,0,0,29788,330.91,330.91,10,493,0.0000,0.4570,0.5020,0.3900,0.5340
2026-04-27T18:54:21.536,4.342,1,3.00,-1.00,1.91,-1.91,0,0.0000,0.0000,0.1500,0.0000,0.0000,0.0000,0.00,0.00,59.24,55.93,261,214,0.81992,0.81992,0.98467,0.81992,3,0,0,0.00000,0.00000,1.00000,0.0000,0.0000,0.0000,0.0000,0.0000,0.0000,0.00,0.00,0.00,1,1,0.0000,0.0000,0.1500,0.00,0.8500,0.3500,0.9200,6.00,180.00,2.000000,0.050000,0.000000,1.100000,0.000000,0.000000,1.200000,0.000000,0.000000,1.350000,0.000000,0.000000,0.850000,0.020000,0.000000,0.008000,0.000000,0.000600,0.008000,0.000000,0.000600,0.006000,0.000000,0.000000,1,1,1,261,208,539564,539564,329120,210444,0,60.00,29831,3239,121,0,0,0,29788,330.91,330.91,10,493,0.0000,0.4570,0.5020,0.3900,0.5340
2026-04-27T18:54:21.553,4.360,1,3.00,-1.00,1.91,-1.91,0,0.0000,0.0000,0.1500,0.0000,0.0000,0.0000,0.00,0.00,59.42,60.33,262,214,0.81679,0.81679,0.98473,0.81679,3,0,0,0.00000,0.00000,1.00000,0.0000,0.0000,0.0000,0.0000,0.0000,0.0000,0.00,0.00,0.00,1,1,0.0000,0.0000,0.1500,0.00,0.8500,0.3500,0.9200,6.00,180.00,2.000000,0.050000,0.000000,1.100000,0.000000,0.000000,1.200000,0.000000,0.000000,1.350000,0.000000,0.000000,0.850000,0.020000,0.000000,0.008000,0.000000,0.000600,0.008000,0.000000,0.000600,0.006000,0.000000,0.000000,1,1,1,262,208,539564,539564,329120,210444,0,60.00,29831,3239,121,0,0,0,29788,330.91,330.91,10,493,0.0000,0.4570,0.5020,0.3900,0.5340
2026-04-27T18:54:21.569,4.375,1,3.00,-1.00,1.91,-1.91,0,0.0000,0.0000,0.1500,0.0000,0.0000,0.0000,0.00,0.00,57.30,65.33,263,214,0.81369,0.81369,0.98479,0.81369,3,0,0,0.00000,0.00000,1.00000,0.0000,0.0000,0.0000,0.0000,0.0000,0.0000,0.00,0.00,0.00,1,1,0.0000,0.0000,0.1500,0.00,0.8500,0.3500,0.9200,6.00,180.00,2.000000,0.050000,0.000000,1.100000,0.000000,0.000000,1.200000,0.000000,0.000000,1.350000,0.000000,0.000000,0.850000,0.020000,0.000000,0.008000,0.000000,0.000600,0.008000,0.000000,0.000600,0.006000,0.000000,0.000000,1,1,1,263,208,539564,539564,329120,210444,0,60.00,29831,3239,121,0,0,0,29788,330.91,330.91,10,493,0.0000,0.4570,0.5020,0.3900,0.5340
2026-04-27T18:54:21.589,4.395,1,3.00,-1.00,1.91,-1.91,0,0.0000,0.0000,0.1500,0.0000,0.0000,0.0000,0.00,0.00,64.74,55.37,264,214,0.81061,0.81061,0.98485,0.81061,3,0,0,0.00000,0.00000,1.00000,0.0000,0.0000,0.0000,0.0000,0.0000,0.0000,0.00,0.00,0.00,1,1,0.0000,0.0000,0.1500,0.00,0.8500,0.3500,0.9200,6.00,180.00,2.000000,0.050000,0.000000,1.100000,0.000000,0.000000,1.200000,0.000000,0.000000,1.350000,0.000000,0.000000,0.850000,0.020000,0.000000,0.008000,0.000000,0.000600,0.008000,0.000000,0.000600,0.006000,0.000000,0.000000,1,1,1,264,208,539564,539564,329120,210444,0,60.00,29831,3239,121,0,0,0,29788,330.91,330.91,10,493,0.0000,0.4570,0.5020,0.3900,0.5340
2026-04-27T18:54:21.603,4.410,1,2.90,-0.90,-0.96,0.96,0,0.0000,0.0000,0.1500,0.0000,0.0000,0.0000,0.00,0.00,50.09,60.91,265,214,0.80755,0.80755,0.98491,0.80755,3,0,0,0.00000,0.00000,1.00000,0.0000,0.0000,0.0000,0.0000,0.0000,0.0000,0.00,0.00,0.00,1,1,0.0000,0.0000,0.1500,0.00,0.8500,0.3500,0.9200,6.00,180.00,2.000000,0.050000,0.000000,1.100000,0.000000,0.000000,1.200000,0.000000,0.000000,1.350000,0.000000,0.000000,0.850000,0.020000,0.000000,0.008000,0.000000,0.000600,0.008000,0.000000,0.000600,0.006000,0.000000,0.000000,1,1,1,265,208,539564,539564,329120,210444,0,60.00,29831,3239,121,0,0,0,29788,330.91,330.91,10,493,0.0000,0.4570,0.5020,0.3900,0.5340
2026-04-27T18:54:21.617,4.424,1,2.90,-0.90,-0.96,0.96,0,0.0000,0.0000,0.1500,0.0000,0.0000,0.0000,0.00,0.00,73.29,65.04,266,214,0.80451,0.80451,0.98496,0.80451,3,0,0,0.00000,0.00000,1.00000,0.0000,0.0000,0.0000,0.0000,0.0000,0.0000,0.00,0.00,0.00,1,1,0.0000,0.0000,0.1500,0.00,0.8500,0.3500,0.9200,6.00,180.00,2.000000,0.050000,0.000000,1.100000,0.000000,0.000000,1.200000,0.000000,0.000000,1.350000,0.000000,0.000000,0.850000,0.020000,0.000000,0.008000,0.000000,0.000600,0.008000,0.000000,0.000600,0.006000,0.000000,0.000000,1,1,1,266,208,539564,539564,329120,210444,0,60.00,29831,3239,121,0,0,0,29788,330.91,330.91,10,493,0.0000,0.4570,0.5020,0.3900,0.5340
2026-04-27T18:54:21.635,4.442,1,2.90,-0.90,-0.96,0.96,0,0.0000,0.0000,0.1500,0.0000,0.0000,0.0000,0.00,0.00,60.40,58.26,267,214,0.80150,0.80150,0.98502,0.80150,3,0,0,0.00000,0.00000,1.00000,0.0000,0.0000,0.0000,0.0000,0.0000,0.0000,0.00,0.00,0.00,1,1,0.0000,0.0000,0.1500,0.00,0.8500,0.3500,0.9200,6.00,180.00,2.000000,0.050000,0.000000,1.100000,0.000000,0.000000,1.200000,0.000000,0.000000,1.350000,0.000000,0.000000,0.850000,0.020000,0.000000,0.008000,0.000000,0.000600,0.008000,0.000000,0.000600,0.006000,0.000000,0.000000,1,1,1,267,208,539564,539564,329120,210444,0,60.00,29831,3239,121,0,0,0,29788,330.91,330.91,10,493,0.0000,0.4570,0.5020,0.3900,0.5340
2026-04-27T18:54:21.653,4.460,1,2.90,-0.90,-0.96,0.96,0,0.0000,0.0000,0.1500,0.0000,0.0000,0.0000,0.00,0.00,59.38,56.68,268,214,0.79851,0.79851,0.98507,0.79851,3,0,0,0.00000,0.00000,1.00000,0.0000,0.0000,0.0000,0.0000,0.0000,0.0000,0.00,0.00,0.00,1,1,0.0000,0.0000,0.1500,0.00,0.8500,0.3500,0.9200,6.00,180.00,2.000000,0.050000,0.000000,1.100000,0.000000,0.000000,1.200000,0.000000,0.000000,1.350000,0.000000,0.000000,0.850000,0.020000,0.000000,0.008000,0.000000,0.000600,0.008000,0.000000,0.000600,0.006000,0.000000,0.000000,1,1,1,268,208,539564,539564,329120,210444,0,60.00,29831,3239,121,0,0,0,29788,330.91,330.91,10,493,0.0000,0.4570,0.5020,0.3900,0.5340
2026-04-27T18:54:21.669,4.475,1,2.90,-0.90,-0.96,0.96,0,0.0000,0.0000,0.1500,0.0000,0.0000,0.0000,0.00,0.00,57.03,64.96,269,214,0.79554,0.79554,0.98513,0.79554,3,0,0,0.00000,0.00000,1.00000,0.0000,0.0000,0.0000,0.0000,0.0000,0.0000,0.00,0.00,0.00,1,1,0.0000,0.0000,0.1500,0.00,0.8500,0.3500,0.9200,6.00,180.00,2.000000,0.050000,0.000000,1.100000,0.000000,0.000000,1.200000,0.000000,0.000000,1.350000,0.000000,0.000000,0.850000,0.020000,0.000000,0.008000,0.000000,0.000600,0.008000,0.000000,0.000600,0.006000,0.000000,0.000000,1,1,1,269,208,539564,539564,329120,210444,0,60.00,29831,3239,121,0,0,0,29788,330.91,330.91,10,493,0.0000,0.4570,0.5020,0.3900,0.5340
2026-04-27T18:54:21.686,4.493,1,2.90,-0.90,-0.96,0.96,0,0.0000,0.0000,0.1500,0.0000,0.0000,0.0000,0.00,0.00,64.23,56.65,270,214,0.79259,0.79259,0.98519,0.79259,3,0,0,0.00000,0.00000,1.00000,0.0000,0.0000,0.0000,0.0000,0.0000,0.0000,0.00,0.00,0.00,1,1,0.0000,0.0000,0.1500,0.00,0.8500,0.3500,0.9200,6.00,180.00,2.000000,0.050000,0.000000,1.100000,0.000000,0.000000,1.200000,0.000000,0.000000,1.350000,0.000000,0.000000,0.850000,0.020000,0.000000,0.008000,0.000000,0.000600,0.008000,0.000000,0.000600,0.006000,0.000000,0.000000,1,1,1,270,208,539564,539564,329120,210444,0,60.00,29831,3239,121,0,0,0,29788,330.91,330.91,10,493,0.0000,0.4570,0.5020,0.3900,0.5340
2026-04-27T18:54:21.703,4.510,1,2.80,-0.90,-1.02,0.00,0,0.0000,0.0000,0.1500,0.0000,0.0000,0.0000,0.00,0.00,60.96,62.86,271,214,0.78967,0.78967,0.98524,0.78967,3,0,0,0.00000,0.00000,1.00000,0.0000,0.0000,0.0000,0.0000,0.0000,0.0000,0.00,0.00,0.00,1,1,0.0000,0.0000,0.1500,0.00,0.8500,0.3500,0.9200,6.00,180.00,2.000000,0.050000,0.000000,1.100000,0.000000,0.000000,1.200000,0.000000,0.000000,1.350000,0.000000,0.000000,0.850000,0.020000,0.000000,0.008000,0.000000,0.000600,0.008000,0.000000,0.000600,0.006000,0.000000,0.000000,1,1,1,271,208,539564,539564,329120,210444,0,60.00,29831,3239,121,0,0,0,29788,330.91,330.91,10,493,0.0000,0.4570,0.5020,0.3900,0.5340
2026-04-27T18:54:21.719,4.525,1,2.80,-0.90,-1.02,0.00,0,0.0000,0.0000,0.1500,0.0000,0.0000,0.0000,0.00,0.00,55.47,60.02,272,214,0.78676,0.78676,0.98529,0.78676,3,0,0,0.00000,0.00000,1.00000,0.0000,0.0000,0.0000,0.0000,0.0000,0.0000,0.00,0.00,0.00,1,1,0.0000,0.0000,0.1500,0.00,0.8500,0.3500,0.9200,6.00,180.00,2.000000,0.050000,0.000000,1.100000,0.000000,0.000000,1.200000,0.000000,0.000000,1.350000,0.000000,0.000000,0.850000,0.020000,0.000000,0.008000,0.000000,0.000600,0.008000,0.000000,0.000600,0.006000,0.000000,0.000000,1,1,1,272,208,539564,539564,329120,210444,0,60.00,29831,3239,121,0,0,0,29788,330.91,330.91,10,493,0.0000,0.4570,0.5020,0.3900,0.5340
2026-04-27T18:54:21.736,4.542,1,2.80,-0.90,-1.02,0.00,0,0.0000,0.0000,0.1500,0.0000,0.0000,0.0000,0.00,0.00,64.31,59.57,273,214,0.78388,0.78388,0.98535,0.78388,3,0,0,0.00000,0.00000,1.00000,0.0000,0.0000,0.0000,0.0000,0.0000,0.0000,0.00,0.00,0.00,1,1,0.0000,0.0000,0.1500,0.00,0.8500,0.3500,0.9200,6.00,180.00,2.000000,0.050000,0.000000,1.100000,0.000000,0.000000,1.200000,0.000000,0.000000,1.350000,0.000000,0.000000,0.850000,0.020000,0.000000,0.008000,0.000000,0.000600,0.008000,0.000000,0.000600,0.006000,0.000000,0.000000,1,1,1,273,208,539564,539564,329120,210444,0,60.00,29831,3239,272,0,0,0,29939,501.76,0.00,2,1395,0.0000,0.5000,0.5000,0.0000,0.5000
2026-04-27T18:54:21.752,4.558,1,2.80,-0.90,-1.02,0.00,0,0.0000,0.0000,0.1500,0.0000,0.0000,0.0000,0.00,0.00,58.78,60.84,274,214,0.78102,0.78102,0.98540,0.78102,3,0,0,0.00000,0.00000,1.00000,0.0000,0.0000,0.0000,0.0000,0.0000,0.0000,0.00,0.00,0.00,1,1,0.0000,0.0000,0.1500,0.00,0.8500,0.3500,0.9200,6.00,180.00,2.000000,0.050000,0.000000,1.100000,0.000000,0.000000,1.200000,0.000000,0.000000,1.350000,0.000000,0.000000,0.850000,0.020000,0.000000,0.008000,0.000000,0.000600,0.008000,0.000000,0.000600,0.006000,0.000000,0.000000,1,1,1,274,208,539564,539564,329120,210444,0,60.00,29831,3239,272,0,0,0,29939,501.76,0.00,2,1395,0.0000,0.5000,0.5000,0.0000,0.5000
2026-04-27T18:54:21.769,4.575,1,2.80,-0.90,-1.02,0.00,0,0.0000,0.0000,0.1500,0.0000,0.0000,0.0000,0.00,0.00,61.70,60.87,275,214,0.77818,0.77818,0.98545,0.77818,3,0,0,0.00000,0.00000,1.00000,0.0000,0.0000,0.0000,0.0000,0.0000,0.0000,0.00,0.00,0.00,1,1,0.0000,0.0000,0.1500,0.00,0.8500,0.3500,0.9200,6.00,180.00,2.000000,0.050000,0.000000,1.100000,0.000000,0.000000,1.200000,0.000000,0.000000,1.350000,0.000000,0.000000,0.850000,0.020000,0.000000,0.008000,0.000000,0.000600,0.008000,0.000000,0.000600,0.006000,0.000000,0.000000,1,1,1,275,208,539564,539564,329120,210444,0,60.00,29831,3239,272,0,0,0,29939,501.76,0.00,2,1395,0.0000,0.5000,0.5000,0.0000,0.5000
2026-04-27T18:54:21.786,4.593,1,2.80,-0.90,-1.02,0.00,0,0.0000,0.0000,0.1500,0.0000,0.0000,0.0000,0.00,0.00,63.66,56.53,276,214,0.77536,0.77536,0.98551,0.77536,3,0,0,0.00000,0.00000,1.00000,0.0000,0.0000,0.0000,0.0000,0.0000,0.0000,0.00,0.00,0.00,1,1,0.0000,0.0000,0.1500,0.00,0.8500,0.3500,0.9200,6.00,180.00,2.000000,0.050000,0.000000,1.100000,0.000000,0.000000,1.200000,0.000000,0.000000,1.350000,0.000000,0.000000,0.850000,0.020000,0.000000,0.008000,0.000000,0.000600,0.008000,0.000000,0.000600,0.006000,0.000000,0.000000,1,1,1,276,208,539564,539564,329120,210444,0,60.00,29831,3239,272,0,0,0,29939,501.76,0.00,2,1395,0.0000,0.5000,0.5000,0.0000,0.5000
2026-04-27T18:54:21.803,4.609,1,-0.19,-0.30,-29.32,5.90,0,0.0000,0.0000,0.1500,0.0000,0.0000,0.0000,0.00,0.00,54.31,63.93,277,214,0.77256,0.77256,0.98556,0.77256,3,0,0,0.00000,0.00000,1.00000,0.0000,0.0000,0.0000,0.0000,0.0000,0.0000,0.00,0.00,0.00,1,1,0.0000,0.0000,0.1500,0.00,0.8500,0.3500,0.9200,6.00,180.00,2.000000,0.050000,0.000000,1.100000,0.000000,0.000000,1.200000,0.000000,0.000000,1.350000,0.000000,0.000000,0.850000,0.020000,0.000000,0.008000,0.000000,0.000600,0.008000,0.000000,0.000600,0.006000,0.000000,0.000000,1,1,1,277,208,539564,539564,329120,210444,0,60.00,29831,3239,272,0,0,0,29939,501.76,0.00,2,1395,0.0000,0.5000,0.5000,0.0000,0.5000
2026-04-27T18:54:21.819,4.626,1,-0.19,-0.30,-29.32,5.90,0,0.0000,0.0000,0.1500,0.0000,0.0000,0.0000,0.00,0.00,60.08,58.61,278,214,0.76978,0.76978,0.98561,0.76978,3,0,0,0.00000,0.00000,1.00000,0.0000,0.0000,0.0000,0.0000,0.0000,0.0000,0.00,0.00,0.00,1,1,0.0000,0.0000,0.1500,0.00,0.8500,0.3500,0.9200,6.00,180.00,2.000000,0.050000,0.000000,1.100000,0.000000,0.000000,1.200000,0.000000,0.000000,1.350000,0.000000,0.000000,0.850000,0.020000,0.000000,0.008000,0.000000,0.000600,0.008000,0.000000,0.000600,0.006000,0.000000,0.000000,1,1,1,278,208,539564,539564,329120,210444,0,60.00,29831,3239,272,0,0,0,29939,501.76,0.00,2,1395,0.0000,0.5000,0.5000,0.0000,0.5000
2026-04-27T18:54:21.835,4.641,1,-0.19,-0.30,-29.32,5.90,0,0.0000,0.0000,0.1500,0.0000,0.0000,0.0000,0.00,0.00,57.08,59.13,279,214,0.76703,0.76703,0.98566,0.76703,3,0,0,0.00000,0.00000,1.00000,0.0000,0.0000,0.0000,0.0000,0.0000,0.0000,0.00,0.00,0.00,1,1,0.0000,0.0000,0.1500,0.00,0.8500,0.3500,0.9200,6.00,180.00,2.000000,0.050000,0.000000,1.100000,0.000000,0.000000,1.200000,0.000000,0.000000,1.350000,0.000000,0.000000,0.850000,0.020000,0.000000,0.008000,0.000000,0.000600,0.008000,0.000000,0.000600,0.006000,0.000000,0.000000,1,1,1,279,208,539564,539564,329120,210444,0,60.00,29831,3239,272,0,0,0,29939,501.76,0.00,2,1395,0.0000,0.5000,0.5000,0.0000,0.5000
2026-04-27T18:54:21.853,4.659,1,-0.19,-0.30,-29.32,5.90,0,0.0000,0.0000,0.1500,0.0000,0.0000,0.0000,0.00,0.00,74.37,58.41,280,214,0.76429,0.76429,0.98571,0.76429,3,0,0,0.00000,0.00000,1.00000,0.0000,0.0000,0.0000,0.0000,0.0000,0.0000,0.00,0.00,0.00,1,1,0.0000,0.0000,0.1500,0.00,0.8500,0.3500,0.9200,6.00,180.00,2.000000,0.050000,0.000000,1.100000,0.000000,0.000000,1.200000,0.000000,0.000000,1.350000,0.000000,0.000000,0.850000,0.020000,0.000000,0.008000,0.000000,0.000600,0.008000,0.000000,0.000600,0.006000,0.000000,0.000000,1,1,1,280,208,539564,539564,329120,210444,0,60.00,29831,3239,272,0,0,0,29939,501.76,0.00,2,1395,0.0000,0.5000,0.5000,0.0000,0.5000
2026-04-27T18:54:21.870,4.676,1,-0.19,-0.30,-29.32,5.90,0,0.0000,0.0000,0.1500,0.0000,0.0000,0.0000,0.00,0.00,52.20,59.09,281,214,0.76157,0.76157,0.98577,0.76157,3,0,0,0.00000,0.00000,1.00000,0.0000,0.0000,0.0000,0.0000,0.0000,0.0000,0.00,0.00,0.00,1,1,0.0000,0.0000,0.1500,0.00,0.8500,0.3500,0.9200,6.00,180.00,2.000000,0.050000,0.000000,1.100000,0.000000,0.000000,1.200000,0.000000,0.000000,1.350000,0.000000,0.000000,0.850000,0.020000,0.000000,0.008000,0.000000,0.000600,0.008000,0.000000,0.000600,0.006000,0.000000,0.000000,1,1,1,281,208,539564,539564,329120,210444,0,60.00,29831,3239,272,0,0,0,29939,501.76,0.00,2,1395,0.0000,0.5000,0.5000,0.0000,0.5000
2026-04-27T18:54:21.885,4.692,1,-0.19,-0.30,-29.32,5.90,0,0.0000,0.0000,0.1500,0.0000,0.0000,0.0000,0.00,0.00,57.24,63.69,282,214,0.75887,0.75887,0.98582,0.75887,3,0,0,0.00000,0.00000,1.00000,0.0000,0.0000,0.0000,0.0000,0.0000,0.0000,0.00,0.00,0.00,1,1,0.0000,0.0000,0.1500,0.00,0.8500,0.3500,0.9200,6.00,180.00,2.000000,0.050000,0.000000,1.100000,0.000000,0.000000,1.200000,0.000000,0.000000,1.350000,0.000000,0.000000,0.850000,0.020000,0.000000,0.008000,0.000000,0.000600,0.008000,0.000000,0.000600,0.006000,0.000000,0.000000,1,1,1,282,208,539564,539564,329120,210444,0,60.00,29831,3239,272,0,0,0,29939,501.76,0.00,2,1395,0.0000,0.5000,0.5000,0.0000,0.5000
2026-04-27T18:54:21.903,4.710,1,-0.19,-0.30,-29.32,5.90,0,0.0000,0.0000,0.1500,0.0000,0.0000,0.0000,0.00,0.00,70.73,56.99,283,214,0.75618,0.75618,0.98587,0.75618,3,0,0,0.00000,0.00000,1.00000,0.0000,0.0000,0.0000,0.0000,0.0000,0.0000,0.00,0.00,0.00,1,1,0.0000,0.0000,0.1500,0.00,0.8500,0.3500,0.9200,6.00,180.00,2.000000,0.050000,0.000000,1.100000,0.000000,0.000000,1.200000,0.000000,0.000000,1.350000,0.000000,0.000000,0.850000,0.020000,0.000000,0.008000,0.000000,0.000600,0.008000,0.000000,0.000600,0.006000,0.000000,0.000000,1,1,1,283,208,539564,539564,329120,210444,0,60.00,29831,3239,272,0,0,0,29939,501.76,0.00,2,1395,0.0000,0.5000,0.5000,0.0000,0.5000
2026-04-27T18:54:21.915,4.722,1,-0.60,-0.19,-3.93,1.01,0,0.0000,0.0000,0.1500,0.0000,0.0000,0.0000,0.00,0.00,53.82,75.54,284,214,0.75352,0.75352,0.98592,0.75352,3,0,0,0.00000,0.00000,1.00000,0.0000,0.0000,0.0000,0.0000,0.0000,0.0000,0.00,0.00,0.00,1,1,0.0000,0.0000,0.1500,0.00,0.8500,0.3500,0.9200,6.00,180.00,2.000000,0.050000,0.000000,1.100000,0.000000,0.000000,1.200000,0.000000,0.000000,1.350000,0.000000,0.000000,0.850000,0.020000,0.000000,0.008000,0.000000,0.000600,0.008000,0.000000,0.000600,0.006000,0.000000,0.000000,1,1,1,284,208,539564,539564,329120,210444,0,60.00,29831,3239,272,0,0,0,29939,501.76,0.00,2,1395,0.0000,0.5000,0.5000,0.0000,0.5000
2026-04-27T18:54:21.935,4.742,1,-0.60,-0.19,-3.93,1.01,0,0.0000,0.0000,0.1500,0.0000,0.0000,0.0000,0.00,0.00,89.41,49.75,285,214,0.75088,0.75088,0.98596,0.75088,3,0,0,0.00000,0.00000,1.00000,0.0000,0.0000,0.0000,0.0000,0.0000,0.0000,0.00,0.00,0.00,1,1,0.0000,0.0000,0.1500,0.00,0.8500,0.3500,0.9200,6.00,180.00,2.000000,0.050000,0.000000,1.100000,0.000000,0.000000,1.200000,0.000000,0.000000,1.350000,0.000000,0.000000,0.850000,0.020000,0.000000,0.008000,0.000000,0.000600,0.008000,0.000000,0.000600,0.006000,0.000000,0.000000,1,1,1,285,208,539684,539684,329240,210444,0,60.00,29951,8505,272,0,0,0,29939,501.76,0.00,2,1395,0.0000,0.5000,0.5000,0.0000,0.5000
2026-04-27T18:54:21.952,4.759,1,-0.60,-0.19,-3.93,1.01,0,0.0000,0.0000,0.1500,0.0000,0.0000,0.0000,0.00,0.00,46.56,63.63,286,214,0.74825,0.74825,0.98601,0.74825,3,0,0,0.00000,0.00000,1.00000,0.0000,0.0000,0.0000,0.0000,0.0000,0.0000,0.00,0.00,0.00,1,1,0.0000,0.0000,0.1500,0.00,0.8500,0.3500,0.9200,6.00,180.00,2.000000,0.050000,0.000000,1.100000,0.000000,0.000000,1.200000,0.000000,0.000000,1.350000,0.000000,0.000000,0.850000,0.020000,0.000000,0.008000,0.000000,0.000600,0.008000,0.000000,0.000600,0.006000,0.000000,0.000000,1,1,1,286,208,539684,539684,329240,210444,0,60.00,29951,8505,272,0,0,0,29939,501.76,0.00,2,1395,0.0000,0.5000,0.5000,0.0000,0.5000
2026-04-27T18:54:21.969,4.776,1,-0.60,-0.19,-3.93,1.01,0,0.0000,0.0000,0.1500,0.0000,0.0000,0.0000,0.00,0.00,57.31,59.21,287,214,0.74564,0.74564,0.98606,0.74564,3,0,0,0.00000,0.00000,1.00000,0.0000,0.0000,0.0000,0.0000,0.0000,0.0000,0.00,0.00,0.00,1,1,0.0000,0.0000,0.1500,0.00,0.8500,0.3500,0.9200,6.00,180.00,2.000000,0.050000,0.000000,1.100000,0.000000,0.000000,1.200000,0.000000,0.000000,1.350000,0.000000,0.000000,0.850000,0.020000,0.000000,0.008000,0.000000,0.000600,0.008000,0.000000,0.000600,0.006000,0.000000,0.000000,1,1,1,287,208,539684,539684,329240,210444,0,60.00,29951,8505,272,0,0,0,29939,501.76,0.00,2,1395,0.0000,0.5000,0.5000,0.0000,0.5000
2026-04-27T18:54:21.986,4.793,1,-0.60,-0.19,-3.93,1.01,0,0.0000,0.0000,0.1500,0.0000,0.0000,0.0000,0.00,0.00,61.97,61.89,288,214,0.74306,0.74306,0.98611,0.74306,3,0,0,0.00000,0.00000,1.00000,0.0000,0.0000,0.0000,0.0000,0.0000,0.0000,0.00,0.00,0.00,1,1,0.0000,0.0000,0.1500,0.00,0.8500,0.3500,0.9200,6.00,180.00,2.000000,0.050000,0.000000,1.100000,0.000000,0.000000,1.200000,0.000000,0.000000,1.350000,0.000000,0.000000,0.850000,0.020000,0.000000,0.008000,0.000000,0.000600,0.008000,0.000000,0.000600,0.006000,0.000000,0.000000,1,1,1,288,208,539684,539684,329240,210444,0,60.00,29951,8505,272,0,0,0,29939,501.76,0.00,2,1395,0.0000,0.5000,0.5000,0.0000,0.5000
2026-04-27T18:54:22.005,4.811,1,-0.70,-0.19,-1.01,0.00,0,0.0000,0.0000,0.1500,0.0000,0.0000,0.0000,0.00,0.00,63.27,56.52,289,214,0.74048,0.74048,0.98616,0.74048,3,0,0,0.00000,0.00000,1.00000,0.0000,0.0000,0.0000,0.0000,0.0000,0.0000,0.00,0.00,0.00,1,1,0.0000,0.0000,0.1500,0.00,0.8500,0.3500,0.9200,6.00,180.00,2.000000,0.050000,0.000000,1.100000,0.000000,0.000000,1.200000,0.000000,0.000000,1.350000,0.000000,0.000000,0.850000,0.020000,0.000000,0.008000,0.000000,0.000600,0.008000,0.000000,0.000600,0.006000,0.000000,0.000000,1,1,1,289,208,539684,539684,329240,210444,0,60.00,29951,8505,272,0,0,0,29939,501.76,0.00,2,1395,0.0000,0.5000,0.5000,0.0000,0.5000
2026-04-27T18:54:22.018,4.825,1,-0.70,-0.19,-1.01,0.00,0,0.0000,0.0000,0.1500,0.0000,0.0000,0.0000,0.00,0.00,52.07,63.83,290,214,0.73793,0.73793,0.98621,0.73793,3,0,0,0.00000,0.00000,1.00000,0.0000,0.0000,0.0000,0.0000,0.0000,0.0000,0.00,0.00,0.00,1,1,0.0000,0.0000,0.1500,0.00,0.8500,0.3500,0.9200,6.00,180.00,2.000000,0.050000,0.000000,1.100000,0.000000,0.000000,1.200000,0.000000,0.000000,1.350000,0.000000,0.000000,0.850000,0.020000,0.000000,0.008000,0.000000,0.000600,0.008000,0.000000,0.000600,0.006000,0.000000,0.000000,1,1,1,290,208,539684,539684,329240,210444,0,60.00,29951,8505,272,0,0,0,29939,501.76,0.00,2,1395,0.0000,0.5000,0.5000,0.0000,0.5000
2026-04-27T18:54:22.035,4.842,1,-0.70,-0.19,-1.01,0.00,0,0.0000,0.0000,0.1500,0.0000,0.0000,0.0000,0.00,0.00,65.38,56.07,291,214,0.73540,0.73540,0.98625,0.73540,3,0,0,0.00000,0.00000,1.00000,0.0000,0.0000,0.0000,0.0000,0.0000,0.0000,0.00,0.00,0.00,1,1,0.0000,0.0000,0.1500,0.00,0.8500,0.3500,0.9200,6.00,180.00,2.000000,0.050000,0.000000,1.100000,0.000000,0.000000,1.200000,0.000000,0.000000,1.350000,0.000000,0.000000,0.850000,0.020000,0.000000,0.008000,0.000000,0.000600,0.008000,0.000000,0.000600,0.006000,0.000000,0.000000,1,1,1,291,208,539684,539684,329240,210444,0,60.00,29951,8505,272,0,0,0,29939,501.76,0.00,2,1395,0.0000,0.5000,0.5000,0.0000,0.5000
2026-04-27T18:54:22.055,4.861,1,-0.70,-0.19,-1.01,0.00,0,0.0000,0.0000,0.1500,0.0000,0.0000,0.0000,0.00,0.00,68.07,54.44,292,214,0.73288,0.73288,0.98630,0.73288,3,0,0,0.00000,0.00000,1.00000,0.0000,0.0000,0.0000,0.0000,0.0000,0.0000,0.00,0.00,0.00,1,1,0.0000,0.0000,0.1500,0.00,0.8500,0.3500,0.9200,6.00,180.00,2.000000,0.050000,0.000000,1.100000,0.000000,0.000000,1.200000,0.000000,0.000000,1.350000,0.000000,0.000000,0.850000,0.020000,0.000000,0.008000,0.000000,0.000600,0.008000,0.000000,0.000600,0.006000,0.000000,0.000000,1,1,1,292,208,539684,539684,329240,210444,0,60.00,29951,8505,272,0,0,0,29939,501.76,0.00,2,1395,0.0000,0.5000,0.5000,0.0000,0.5000
2026-04-27T18:54:22.070,4.876,1,-0.70,-0.19,-1.01,0.00,0,0.0000,0.0000,0.1500,0.0000,0.0000,0.0000,0.00,0.00,49.05,65.95,293,214,0.73038,0.73038,0.98635,0.73038,3,0,0,0.00000,0.00000,1.00000,0.0000,0.0000,0.0000,0.0000,0.0000,0.0000,0.00,0.00,0.00,1,1,0.0000,0.0000,0.1500,0.00,0.8500,0.3500,0.9200,6.00,180.00,2.000000,0.050000,0.000000,1.100000,0.000000,0.000000,1.200000,0.000000,0.000000,1.350000,0.000000,0.000000,0.850000,0.020000,0.000000,0.008000,0.000000,0.000600,0.008000,0.000000,0.000600,0.006000,0.000000,0.000000,1,1,1,293,208,539684,539684,329240,210444,0,60.00,29951,8505,272,0,0,0,29939,501.76,0.00,2,1395,0.0000,0.5000,0.5000,0.0000,0.5000
2026-04-27T18:54:22.085,4.892,1,-0.70,-0.19,-1.01,0.00,0,0.0000,0.0000,0.1500,0.0000,0.0000,0.0000,0.00,0.00,63.89,65.61,294,214,0.72789,0.72789,0.98639,0.72789,3,0,0,0.00000,0.00000,1.00000,0.0000,0.0000,0.0000,0.0000,0.0000,0.0000,0.00,0.00,0.00,1,1,0.0000,0.0000,0.1500,0.00,0.8500,0.3500,0.9200,6.00,180.00,2.000000,0.050000,0.000000,1.100000,0.000000,0.000000,1.200000,0.000000,0.000000,1.350000,0.000000,0.000000,0.850000,0.020000,0.000000,0.008000,0.000000,0.000600,0.008000,0.000000,0.000600,0.006000,0.000000,0.000000,1,1,1,294,208,539684,539684,329240,210444,0,60.00,29951,8505,272,0,0,0,29939,501.76,0.00,2,1395,0.0000,0.5000,0.5000,0.0000,0.5000
2026-04-27T18:54:22.104,4.910,1,-0.70,-0.19,-1.01,0.00,0,0.0000,0.0000,0.1500,0.0000,0.0000,0.0000,0.00,0.00,67.82,56.21,295,214,0.72542,0.72542,0.98644,0.72542,3,0,0,0.00000,0.00000,1.00000,0.0000,0.0000,0.0000,0.0000,0.0000,0.0000,0.00,0.00,0.00,1,1,0.0000,0.0000,0.1500,0.00,0.8500,0.3500,0.9200,6.00,180.00,2.000000,0.050000,0.000000,1.100000,0.000000,0.000000,1.200000,0.000000,0.000000,1.350000,0.000000,0.000000,0.850000,0.020000,0.000000,0.008000,0.000000,0.000600,0.008000,0.000000,0.000600,0.006000,0.000000,0.000000,1,1,1,295,208,539684,539684,329240,210444,0,60.00,29951,8505,272,0,0,0,29939,501.76,0.00,2,1395,0.0000,0.5000,0.5000,0.0000,0.5000
2026-04-27T18:54:22.120,4.926,1,-0.70,-0.19,0.00,0.00,0,0.0000,0.0000,0.1500,0.0000,0.0000,0.0000,0.00,0.00,56.24,58.87,296,214,0.72297,0.72297,0.98649,0.72297,3,0,0,0.00000,0.00000,1.00000,0.0000,0.0000,0.0000,0.0000,0.0000,0.0000,0.00,0.00,0.00,1,1,0.0000,0.0000,0.1500,0.00,0.8500,0.3500,0.9200,6.00,180.00,2.000000,0.050000,0.000000,1.100000,0.000000,0.000000,1.200000,0.000000,0.000000,1.350000,0.000000,0.000000,0.850000,0.020000,0.000000,0.008000,0.000000,0.000600,0.008000,0.000000,0.000600,0.006000,0.000000,0.000000,1,1,1,296,208,539684,539684,329240,210444,0,60.00,29951,8505,272,0,0,0,29939,501.76,0.00,2,1395,0.0000,0.5000,0.5000,0.0000,0.5000
2026-04-27T18:54:22.136,4.942,1,-0.70,-0.19,0.00,0.00,0,0.0000,0.0000,0.1500,0.0000,0.0000,0.0000,0.00,0.00,57.82,61.85,297,214,0.72054,0.72054,0.98653,0.72054,3,0,0,0.00000,0.00000,1.00000,0.0000,0.0000,0.0000,0.0000,0.0000,0.0000,0.00,0.00,0.00,1,1,0.0000,0.0000,0.1500,0.00,0.8500,0.3500,0.9200,6.00,180.00,2.000000,0.050000,0.000000,1.100000,0.000000,0.000000,1.200000,0.000000,0.000000,1.350000,0.000000,0.000000,0.850000,0.020000,0.000000,0.008000,0.000000,0.000600,0.008000,0.000000,0.000600,0.006000,0.000000,0.000000,1,1,1,297,208,539684,539684,329240,210444,0,60.00,29951,8505,272,0,0,0,29939,501.76,0.00,2,1395,0.0000,0.5000,0.5000,0.0000,0.5000
2026-04-27T18:54:22.153,4.960,1,-0.70,-0.19,0.00,0.00,0,0.0000,0.0000,0.1500,0.0000,0.0000,0.0000,0.00,0.00,60.29,59.80,298,214,0.71812,0.71812,0.98658,0.71812,3,0,0,0.00000,0.00000,1.00000,0.0000,0.0000,0.0000,0.0000,0.0000,0.0000,0.00,0.00,0.00,1,1,0.0000,0.0000,0.1500,0.00,0.8500,0.3500,0.9200,6.00,180.00,2.000000,0.050000,0.000000,1.100000,0.000000,0.000000,1.200000,0.000000,0.000000,1.350000,0.000000,0.000000,0.850000,0.020000,0.000000,0.008000,0.000000,0.000600,0.008000,0.000000,0.000600,0.006000,0.000000,0.000000,1,1,1,298,208,539684,539684,329240,210444,0,60.00,29951,8505,272,0,0,0,29939,501.76,0.00,2,1395,0.0000,0.5000,0.5000,0.0000,0.5000
2026-04-27T18:54:22.168,4.975,1,-0.70,-0.19,0.00,0.00,0,0.0000,0.0000,0.1500,0.0000,0.0000,0.0000,0.00,0.00,60.93,63.49,299,214,0.71572,0.71572,0.98662,0.71572,3,0,0,0.00000,0.00000,1.00000,0.0000,0.0000,0.0000,0.0000,0.0000,0.0000,0.00,0.00,0.00,1,1,0.0000,0.0000,0.1500,0.00,0.8500,0.3500,0.9200,6.00,180.00,2.000000,0.050000,0.000000,1.100000,0.000000,0.000000,1.200000,0.000000,0.000000,1.350000,0.000000,0.000000,0.850000,0.020000,0.000000,0.008000,0.000000,0.000600,0.008000,0.000000,0.000600,0.006000,0.000000,0.000000,1,1,1,299,208,539684,539684,329240,210444,0,60.00,29951,8505,272,0,0,0,29939,501.76,0.00,2,1395,0.0000,0.5000,0.5000,0.0000,0.5000
2026-04-27T18:54:22.185,4.992,1,-0.70,-0.19,0.00,0.00,0,0.0000,0.0000,0.1500,0.0000,0.0000,0.0000,0.00,0.00,65.08,60.76,300,214,0.71333,0.71333,0.98667,0.71333,3,0,0,0.00000,0.00000,1.00000,0.0000,0.0000,0.0000,0.0000,0.0000,0.0000,0.00,0.00,0.00,1,1,0.0000,0.0000,0.1500,0.00,0.8500,0.3500,0.9200,6.00,180.00,2.000000,0.050000,0.000000,1.100000,0.000000,0.000000,1.200000,0.000000,0.000000,1.350000,0.000000,0.000000,0.850000,0.020000,0.000000,0.008000,0.000000,0.000600,0.008000,0.000000,0.000600,0.006000,0.000000,0.000000,1,1,1,300,208,539684,539684,329240,210444,0,60.00,29951,8505,272,0,0,0,29939,501.76,0.00,2,1395,0.0000,0.5000,0.5000,0.0000,0.5000
2026-04-27T18:54:22.203,5.010,1,-0.70,-0.19,0.00,0.00,0,0.0000,0.0000,0.1500,0.0000,0.0000,0.0000,0.00,0.00,56.19,58.30,301,214,0.71096,0.71096,0.98671,0.71096,3,0,0,0.00000,0.00000,1.00000,0.0000,0.0000,0.0000,0.0000,0.0000,0.0000,0.00,0.00,0.00,1,1,0.0000,0.0000,0.1500,0.00,0.8500,0.3500,0.9200,6.00,180.00,2.000000,0.050000,0.000000,1.100000,0.000000,0.000000,1.200000,0.000000,0.000000,1.350000,0.000000,0.000000,0.850000,0.020000,0.000000,0.008000,0.000000,0.000600,0.008000,0.000000,0.000600,0.006000,0.000000,0.000000,1,1,1,301,208,539684,539684,329240,210444,0,60.00,29951,8505,272,0,0,0,29939,501.76,0.00,2,1395,0.0000,0.5000,0.5000,0.0000,0.5000
2026-04-27T18:54:22.220,5.027,1,-0.70,-0.19,0.00,0.00,0,0.0000,0.0000,0.1500,0.0000,0.0000,0.0000,0.00,0.00,59.81,57.71,302,214,0.70861,0.70861,0.98675,0.70861,3,0,0,0.00000,0.00000,1.00000,0.0000,0.0000,0.0000,0.0000,0.0000,0.0000,0.00,0.00,0.00,1,1,0.0000,0.0000,0.1500,0.00,0.8500,0.3500,0.9200,6.00,180.00,2.000000,0.050000,0.000000,1.100000,0.000000,0.000000,1.200000,0.000000,0.000000,1.350000,0.000000,0.000000,0.850000,0.020000,0.000000,0.008000,0.000000,0.000600,0.008000,0.000000,0.000600,0.006000,0.000000,0.000000,1,1,1,302,208,539684,539684,329240,210444,0,60.00,29951,8505,272,0,0,0,29939,501.76,0.00,2,1395,0.0000,0.5000,0.5000,0.0000,0.5000
2026-04-27T18:54:22.235,5.041,1,-0.70,-0.19,0.00,0.00,0,0.0000,0.0000,0.1500,0.0000,0.0000,0.0000,0.00,0.00,58.60,64.68,303,214,0.70627,0.70627,0.98680,0.70627,3,0,0,0.00000,0.00000,1.00000,0.0000,0.0000,0.0000,0.0000,0.0000,0.0000,0.00,0.00,0.00,1,1,0.0000,0.0000,0.1500,0.00,0.8500,0.3500,0.9200,6.00,180.00,2.000000,0.050000,0.000000,1.100000,0.000000,0.000000,1.200000,0.000000,0.000000,1.350000,0.000000,0.000000,0.850000,0.020000,0.000000,0.008000,0.000000,0.000600,0.008000,0.000000,0.000600,0.006000,0.000000,0.000000,1,1,1,303,208,539684,539684,329240,210444,0,60.00,29951,8505,272,0,0,0,29939,501.76,0.00,2,1395,0.0000,0.5000,0.5000,0.0000,0.5000
2026-04-27T18:54:22.253,5.059,1,-0.70,-0.19,0.00,0.00,0,0.0000,0.0000,0.1500,0.0000,0.0000,0.0000,0.00,0.00,66.70,57.32,304,214,0.70395,0.70395,0.98684,0.70395,3,0,0,0.00000,0.00000,1.00000,0.0000,0.0000,0.0000,0.0000,0.0000,0.0000,0.00,0.00,0.00,1,1,0.0000,0.0000,0.1500,0.00,0.8500,0.3500,0.9200,6.00,180.00,2.000000,0.050000,0.000000,1.100000,0.000000,0.000000,1.200000,0.000000,0.000000,1.350000,0.000000,0.000000,0.850000,0.020000,0.000000,0.008000,0.000000,0.000600,0.008000,0.000000,0.000600,0.006000,0.000000,0.000000,1,1,1,304,208,539684,539684,329240,210444,0,60.00,29951,8505,302,0,0,0,29969,502.51,0.00,2,424,0.0000,0.5000,0.5000,0.0000,0.5000
2026-04-27T18:54:22.269,5.075,1,-0.70,-0.19,0.00,0.00,0,0.0000,0.0000,0.1500,0.0000,0.0000,0.0000,0.00,0.00,56.21,61.57,305,214,0.70164,0.70164,0.98689,0.70164,3,0,0,0.00000,0.00000,1.00000,0.0000,0.0000,0.0000,0.0000,0.0000,0.0000,0.00,0.00,0.00,1,1,0.0000,0.0000,0.1500,0.00,0.8500,0.3500,0.9200,6.00,180.00,2.000000,0.050000,0.000000,1.100000,0.000000,0.000000,1.200000,0.000000,0.000000,1.350000,0.000000,0.000000,0.850000,0.020000,0.000000,0.008000,0.000000,0.000600,0.008000,0.000000,0.000600,0.006000,0.000000,0.000000,1,1,1,305,208,539684,539684,329240,210444,0,60.00,29951,8505,302,0,0,0,29969,502.51,0.00,2,424,0.0000,0.5000,0.5000,0.0000,0.5000
2026-04-27T18:54:22.285,5.092,1,-0.70,-0.19,0.00,0.00,0,0.0000,0.0000,0.1500,0.0000,0.0000,0.0000,0.00,0.00,59.42,56.43,306,214,0.69935,0.69935,0.98693,0.69935,3,0,0,0.00000,0.00000,1.00000,0.0000,0.0000,0.0000,0.0000,0.0000,0.0000,0.00,0.00,0.00,1,1,0.0000,0.0000,0.1500,0.00,0.8500,0.3500,0.9200,6.00,180.00,2.000000,0.050000,0.000000,1.100000,0.000000,0.000000,1.200000,0.000000,0.000000,1.350000,0.000000,0.000000,0.850000,0.020000,0.000000,0.008000,0.000000,0.000600,0.008000,0.000000,0.000600,0.006000,0.000000,0.000000,1,1,1,306,208,539684,539684,329240,210444,0,60.00,29951,8505,302,0,0,0,29969,502.51,0.00,2,424,0.0000,0.5000,0.5000,0.0000,0.5000
2026-04-27T18:54:22.303,5.109,1,-0.70,-0.19,0.00,0.00,0,0.0000,0.0000,0.1500,0.0000,0.0000,0.0000,0.00,0.00,62.32,60.15,307,214,0.69707,0.69707,0.98697,0.69707,3,0,0,0.00000,0.00000,1.00000,0.0000,0.0000,0.0000,0.0000,0.0000,0.0000,0.00,0.00,0.00,1,1,0.0000,0.0000,0.1500,0.00,0.8500,0.3500,0.9200,6.00,180.00,2.000000,0.050000,0.000000,1.100000,0.000000,0.000000,1.200000,0.000000,0.000000,1.350000,0.000000,0.000000,0.850000,0.020000,0.000000,0.008000,0.000000,0.000600,0.008000,0.000000,0.000600,0.006000,0.000000,0.000000,1,1,1,307,208,539684,539684,329240,210444,0,60.00,29951,8505,302,0,0,0,29969,502.51,0.00,2,424,0.0000,0.5000,0.5000,0.0000,0.5000
2026-04-27T18:54:22.319,5.125,1,-0.70,-0.19,0.00,0.00,0,0.0000,0.0000,0.1500,0.0000,0.0000,0.0000,0.00,0.00,58.29,63.24,308,214,0.69481,0.69481,0.98701,0.69481,3,0,0,0.00000,0.00000,1.00000,0.0000,0.0000,0.0000,0.0000,0.0000,0.0000,0.00,0.00,0.00,1,1,0.0000,0.0000,0.1500,0.00,0.8500,0.3500,0.9200,6.00,180.00,2.000000,0.050000,0.000000,1.100000,0.000000,0.000000,1.200000,0.000000,0.000000,1.350000,0.000000,0.000000,0.850000,0.020000,0.000000,0.008000,0.000000,0.000600,0.008000,0.000000,0.000600,0.006000,0.000000,0.000000,1,1,1,308,208,539684,539684,329240,210444,0,60.00,29951,8505,302,0,0,0,29969,502.51,0.00,2,424,0.0000,0.5000,0.5000,0.0000,0.5000
2026-04-27T18:54:22.335,5.142,1,-0.70,-0.19,0.00,0.00,0,0.0000,0.0000,0.1500,0.0000,0.0000,0.0000,0.00,0.00,60.44,60.97,309,214,0.69256,0.69256,0.98706,0.69256,3,0,0,0.00000,0.00000,1.00000,0.0000,0.0000,0.0000,0.0000,0.0000,0.0000,0.00,0.00,0.00,1,1,0.0000,0.0000,0.1500,0.00,0.8500,0.3500,0.9200,6.00,180.00,2.000000,0.050000,0.000000,1.100000,0.000000,0.000000,1.200000,0.000000,0.000000,1.350000,0.000000,0.000000,0.850000,0.020000,0.000000,0.008000,0.000000,0.000600,0.008000,0.000000,0.000600,0.006000,0.000000,0.000000,1,1,1,309,208,539684,539684,329240,210444,0,60.00,29951,8505,302,0,0,0,29969,502.51,0.00,2,424,0.0000,0.5000,0.5000,0.0000,0.5000
2026-04-27T18:54:22.351,5.158,1,-0.70,-0.19,0.00,0.00,0,0.0000,0.0000,0.1500,0.0000,0.0000,0.0000,0.00,0.00,62.89,58.91,310,214,0.69032,0.69032,0.98710,0.69032,3,0,0,0.00000,0.00000,1.00000,0.0000,0.0000,0.0000,0.0000,0.0000,0.0000,0.00,0.00,0.00,1,1,0.0000,0.0000,0.1500,0.00,0.8500,0.3500,0.9200,6.00,180.00,2.000000,0.050000,0.000000,1.100000,0.000000,0.000000,1.200000,0.000000,0.000000,1.350000,0.000000,0.000000,0.850000,0.020000,0.000000,0.008000,0.000000,0.000600,0.008000,0.000000,0.000600,0.006000,0.000000,0.000000,1,1,1,310,208,539684,539684,329240,210444,0,60.00,29951,8505,302,0,0,0,29969,502.51,0.00,2,424,0.0000,0.5000,0.5000,0.0000,0.5000
2026-04-27T18:54:22.369,5.176,1,-0.70,-0.19,0.00,0.00,0,0.0000,0.0000,0.1500,0.0000,0.0000,0.0000,0.00,0.00,62.77,59.06,311,214,0.68810,0.68810,0.98714,0.68810,3,0,0,0.00000,0.00000,1.00000,0.0000,0.0000,0.0000,0.0000,0.0000,0.0000,0.00,0.00,0.00,1,1,0.0000,0.0000,0.1500,0.00,0.8500,0.3500,0.9200,6.00,180.00,2.000000,0.050000,0.000000,1.100000,0.000000,0.000000,1.200000,0.000000,0.000000,1.350000,0.000000,0.000000,0.850000,0.020000,0.000000,0.008000,0.000000,0.000600,0.008000,0.000000,0.000600,0.006000,0.000000,0.000000,1,1,1,311,208,539684,539684,329240,210444,0,60.00,29951,8505,302,0,0,0,29969,502.51,0.00,2,424,0.0000,0.5000,0.5000,0.0000,0.5000
2026-04-27T18:54:22.385,5.192,1,-0.70,-0.19,0.00,0.00,0,0.0000,0.0000,0.1500,0.0000,0.0000,0.0000,0.00,0.00,56.22,61.48,312,214,0.68590,0.68590,0.98718,0.68590,3,0,0,0.00000,0.00000,1.00000,0.0000,0.0000,0.0000,0.0000,0.0000,0.0000,0.00,0.00,0.00,1,1,0.0000,0.0000,0.1500,0.00,0.8500,0.3500,0.9200,6.00,180.00,2.000000,0.050000,0.000000,1.100000,0.000000,0.000000,1.200000,0.000000,0.000000,1.350000,0.000000,0.000000,0.850000,0.020000,0.000000,0.008000,0.000000,0.000600,0.008000,0.000000,0.000600,0.006000,0.000000,0.000000,1,1,1,312,208,539684,539684,329240,210444,0,60.00,29951,8505,302,0,0,0,29969,502.51,0.00,2,424,0.0000,0.5000,0.5000,0.0000,0.5000
2026-04-27T18:54:22.402,5.208,1,-0.70,-0.19,0.00,0.00,0,0.0000,0.0000,0.1500,0.0000,0.0000,0.0000,0.00,0.00,57.74,62.06,313,214,0.68371,0.68371,0.98722,0.68371,3,0,0,0.00000,0.00000,1.00000,0.0000,0.0000,0.0000,0.0000,0.0000,0.0000,0.00,0.00,0.00,1,1,0.0000,0.0000,0.1500,0.00,0.8500,0.3500,0.9200,6.00,180.00,2.000000,0.050000,0.000000,1.100000,0.000000,0.000000,1.200000,0.000000,0.000000,1.350000,0.000000,0.000000,0.850000,0.020000,0.000000,0.008000,0.000000,0.000600,0.008000,0.000000,0.000600,0.006000,0.000000,0.000000,1,1,1,313,208,539684,539684,329240,210444,0,60.00,29951,8505,302,0,0,0,29969,502.51,0.00,2,424,0.0000,0.5000,0.5000,0.0000,0.5000
2026-04-27T18:54:22.421,5.227,1,-0.60,-0.19,1.02,0.00,0,0.0000,0.0000,0.1500,0.0000,0.0000,0.0000,0.00,0.00,62.13,55.22,314,214,0.68153,0.68153,0.98726,0.68153,3,0,0,0.00000,0.00000,1.00000,0.0000,0.0000,0.0000,0.0000,0.0000,0.0000,0.00,0.00,0.00,1,1,0.0000,0.0000,0.1500,0.00,0.8500,0.3500,0.9200,6.00,180.00,2.000000,0.050000,0.000000,1.100000,0.000000,0.000000,1.200000,0.000000,0.000000,1.350000,0.000000,0.000000,0.850000,0.020000,0.000000,0.008000,0.000000,0.000600,0.008000,0.000000,0.000600,0.006000,0.000000,0.000000,1,1,1,314,208,539684,539684,329240,210444,0,60.00,29951,8505,302,0,0,0,29969,502.51,0.00,2,424,0.0000,0.5000,0.5000,0.0000,0.5000
2026-04-27T18:54:22.435,5.242,1,-0.60,-0.19,1.02,0.00,0,0.0000,0.0000,0.1500,0.0000,0.0000,0.0000,0.00,0.00,54.80,59.30,315,214,0.67937,0.67937,0.98730,0.67937,3,0,0,0.00000,0.00000,1.00000,0.0000,0.0000,0.0000,0.0000,0.0000,0.0000,0.00,0.00,0.00,1,1,0.0000,0.0000,0.1500,0.00,0.8500,0.3500,0.9200,6.00,180.00,2.000000,0.050000,0.000000,1.100000,0.000000,0.000000,1.200000,0.000000,0.000000,1.350000,0.000000,0.000000,0.850000,0.020000,0.000000,0.008000,0.000000,0.000600,0.008000,0.000000,0.000600,0.006000,0.000000,0.000000,1,1,1,315,208,539684,539684,329240,210444,0,60.00,29951,8505,302,0,0,0,29969,502.51,0.00,2,424,0.0000,0.5000,0.5000,0.0000,0.5000
2026-04-27T18:54:22.452,5.259,1,-0.60,-0.19,1.02,0.00,0,0.0000,0.0000,0.1500,0.0000,0.0000,0.0000,0.00,0.00,66.05,63.02,316,214,0.67722,0.67722,0.98734,0.67722,3,0,0,0.00000,0.00000,1.00000,0.0000,0.0000,0.0000,0.0000,0.0000,0.0000,0.00,0.00,0.00,1,1,0.0000,0.0000,0.1500,0.00,0.8500,0.3500,0.9200,6.00,180.00,2.000000,0.050000,0.000000,1.100000,0.000000,0.000000,1.200000,0.000000,0.000000,1.350000,0.000000,0.000000,0.850000,0.020000,0.000000,0.008000,0.000000,0.000600,0.008000,0.000000,0.000600,0.006000,0.000000,0.000000,1,1,1,316,208,539684,539684,329240,210444,0,60.00,29951,8505,302,0,0,0,29969,502.51,0.00,2,424,0.0000,0.5000,0.5000,0.0000,0.5000
2026-04-27T18:54:22.469,5.276,1,-0.60,-0.19,1.02,0.00,0,0.0000,0.0000,0.1500,0.0000,0.0000,0.0000,0.00,0.00,64.97,59.41,317,214,0.67508,0.67508,0.98738,0.67508,3,0,0,0.00000,0.00000,1.00000,0.0000,0.0000,0.0000,0.0000,0.0000,0.0000,0.00,0.00,0.00,1,1,0.0000,0.0000,0.1500,0.00,0.8500,0.3500,0.9200,6.00,180.00,2.000000,0.050000,0.000000,1.100000,0.000000,0.000000,1.200000,0.000000,0.000000,1.350000,0.000000,0.000000,0.850000,0.020000,0.000000,0.008000,0.000000,0.000600,0.008000,0.000000,0.000600,0.006000,0.000000,0.000000,1,1,1,317,208,539684,539684,329240,210444,0,60.00,29951,8505,302,0,0,0,29969,502.51,0.00,2,424,0.0000,0.5000,0.5000,0.0000,0.5000
2026-04-27T18:54:22.486,5.293,1,-0.60,-0.19,1.02,0.00,0,0.0000,0.0000,0.1500,0.0000,0.0000,0.0000,0.00,0.00,55.95,58.51,318,214,0.67296,0.67296,0.98742,0.67296,3,0,0,0.00000,0.00000,1.00000,0.0000,0.0000,0.0000,0.0000,0.0000,0.0000,0.00,0.00,0.00,1,1,0.0000,0.0000,0.1500,0.00,0.8500,0.3500,0.9200,6.00,180.00,2.000000,0.050000,0.000000,1.100000,0.000000,0.000000,1.200000,0.000000,0.000000,1.350000,0.000000,0.000000,0.850000,0.020000,0.000000,0.008000,0.000000,0.000600,0.008000,0.000000,0.000600,0.006000,0.000000,0.000000,1,1,1,318,208,539684,539684,329240,210444,0,60.00,29951,8505,302,0,0,0,29969,502.51,0.00,2,424,0.0000,0.5000,0.5000,0.0000,0.5000
2026-04-27T18:54:22.502,5.309,1,-0.60,-0.19,1.02,0.00,0,0.0000,0.0000,0.1500,0.0000,0.0000,0.0000,0.00,0.00,57.60,59.22,319,214,0.67085,0.67085,0.98746,0.67085,3,0,0,0.00000,0.00000,1.00000,0.0000,0.0000,0.0000,0.0000,0.0000,0.0000,0.00,0.00,0.00,1,1,0.0000,0.0000,0.1500,0.00,0.8500,0.3500,0.9200,6.00,180.00,2.000000,0.050000,0.000000,1.100000,0.000000,0.000000,1.200000,0.000000,0.000000,1.350000,0.000000,0.000000,0.850000,0.020000,0.000000,0.008000,0.000000,0.000600,0.008000,0.000000,0.000600,0.006000,0.000000,0.000000,1,1,1,319,208,539684,539684,329240,210444,0,60.00,29951,8505,302,0,0,0,29969,502.51,0.00,2,424,0.0000,0.5000,0.5000,0.0000,0.5000
2026-04-27T18:54:22.519,5.325,1,-0.60,-0.19,0.00,0.00,0,0.0000,0.0000,0.1500,0.0000,0.0000,0.0000,0.00,0.00,59.46,64.38,320,214,0.66875,0.66875,0.98750,0.66875,3,0,0,0.00000,0.00000,1.00000,0.0000,0.0000,0.0000,0.0000,0.0000,0.0000,0.00,0.00,0.00,1,1,0.0000,0.0000,0.1500,0.00,0.8500,0.3500,0.9200,6.00,180.00,2.000000,0.050000,0.000000,1.100000,0.000000,0.000000,1.200000,0.000000,0.000000,1.350000,0.000000,0.000000,0.850000,0.020000,0.000000,0.008000,0.000000,0.000600,0.008000,0.000000,0.000600,0.006000,0.000000,0.000000,1,1,1,320,208,539684,539684,329240,210444,0,60.00,29951,8505,302,0,0,0,29969,502.51,0.00,2,424,0.0000,0.5000,0.5000,0.0000,0.5000
2026-04-27T18:54:22.535,5.342,1,-0.60,-0.19,0.00,0.00,0,0.0000,0.0000,0.1500,0.0000,0.0000,0.0000,0.00,0.00,65.45,56.95,321,214,0.66667,0.66667,0.98754,0.66667,3,0,0,0.00000,0.00000,1.00000,0.0000,0.0000,0.0000,0.0000,0.0000,0.0000,0.00,0.00,0.00,1,1,0.0000,0.0000,0.1500,0.00,0.8500,0.3500,0.9200,6.00,180.00,2.000000,0.050000,0.000000,1.100000,0.000000,0.000000,1.200000,0.000000,0.000000,1.350000,0.000000,0.000000,0.850000,0.020000,0.000000,0.008000,0.000000,0.000600,0.008000,0.000000,0.000600,0.006000,0.000000,0.000000,1,1,1,321,208,539684,539684,329240,210444,0,60.00,29951,8505,302,0,0,0,29969,502.51,0.00,2,424,0.0000,0.5000,0.5000,0.0000,0.5000
2026-04-27T18:54:22.552,5.358,1,-0.60,-0.19,0.00,0.00,0,0.0000,0.0000,0.1500,0.0000,0.0000,0.0000,0.00,0.00,59.17,63.78,322,214,0.66460,0.66460,0.98758,0.66460,3,0,0,0.00000,0.00000,1.00000,0.0000,0.0000,0.0000,0.0000,0.0000,0.0000,0.00,0.00,0.00,1,1,0.0000,0.0000,0.1500,0.00,0.8500,0.3500,0.9200,6.00,180.00,2.000000,0.050000,0.000000,1.100000,0.000000,0.000000,1.200000,0.000000,0.000000,1.350000,0.000000,0.000000,0.850000,0.020000,0.000000,0.008000,0.000000,0.000600,0.008000,0.000000,0.000600,0.006000,0.000000,0.000000,1,1,1,322,208,539684,539684,329240,210444,0,60.00,29951,8505,302,0,0,0,29969,502.51,0.00,2,424,0.0000,0.5000,0.5000,0.0000,0.5000
2026-04-27T18:54:22.570,5.376,1,-0.60,-0.19,0.00,0.00,0,0.0000,0.0000,0.1500,0.0000,0.0000,0.0000,0.00,0.00,65.20,56.35,323,214,0.66254,0.66254,0.98762,0.66254,3,0,0,0.00000,0.00000,1.00000,0.0000,0.0000,0.0000,0.0000,0.0000,0.0000,0.00,0.00,0.00,1,1,0.0000,0.0000,0.1500,0.00,0.8500,0.3500,0.9200,6.00,180.00,2.000000,0.050000,0.000000,1.100000,0.000000,0.000000,1.200000,0.000000,0.000000,1.350000,0.000000,0.000000,0.850000,0.020000,0.000000,0.008000,0.000000,0.000600,0.008000,0.000000,0.000600,0.006000,0.000000,0.000000,1,1,1,323,208,539684,539684,329240,210444,0,60.00,29951,8505,302,0,0,0,29969,502.51,0.00,2,424,0.0000,0.5000,0.5000,0.0000,0.5000
2026-04-27T18:54:22.586,5.392,1,-0.60,-0.19,0.00,0.00,0,0.0000,0.0000,0.1500,0.0000,0.0000,0.0000,0.00,0.00,53.34,62.92,324,214,0.66049,0.66049,0.98765,0.66049,3,0,0,0.00000,0.00000,1.00000,0.0000,0.0000,0.0000,0.0000,0.0000,0.0000,0.00,0.00,0.00,1,1,0.0000,0.0000,0.1500,0.00,0.8500,0.3500,0.9200,6.00,180.00,2.000000,0.050000,0.000000,1.100000,0.000000,0.000000,1.200000,0.000000,0.000000,1.350000,0.000000,0.000000,0.850000,0.020000,0.000000,0.008000,0.000000,0.000600,0.008000,0.000000,0.000600,0.006000,0.000000,0.000000,1,1,1,324,208,539684,539684,329240,210444,0,60.00,29951,8505,302,0,0,0,29969,502.51,0.00,2,424,0.0000,0.5000,0.5000,0.0000,0.5000
2026-04-27T18:54:22.603,5.409,1,-0.60,-0.19,0.00,0.00,0,0.0000,0.0000,0.1500,0.0000,0.0000,0.0000,0.00,0.00,62.40,57.86,325,214,0.65846,0.65846,0.98769,0.65846,3,0,0,0.00000,0.00000,1.00000,0.0000,0.0000,0.0000,0.0000,0.0000,0.0000,0.00,0.00,0.00,1,1,0.0000,0.0000,0.1500,0.00,0.8500,0.3500,0.9200,6.00,180.00,2.000000,0.050000,0.000000,1.100000,0.000000,0.000000,1.200000,0.000000,0.000000,1.350000,0.000000,0.000000,0.850000,0.020000,0.000000,0.008000,0.000000,0.000600,0.008000,0.000000,0.000600,0.006000,0.000000,0.000000,1,1,1,325,208,539684,539684,329240,210444,0,60.00,29951,8505,302,0,0,0,29969,502.51,0.00,2,424,0.0000,0.5000,0.5000,0.0000,0.5000
2026-04-27T18:54:22.620,5.426,1,-0.60,-0.19,0.00,0.00,0,0.0000,0.0000,0.1500,0.0000,0.0000,0.0000,0.00,0.00,58.12,59.72,326,214,0.65644,0.65644,0.98773,0.65644,3,0,0,0.00000,0.00000,1.00000,0.0000,0.0000,0.0000,0.0000,0.0000,0.0000,0.00,0.00,0.00,1,1,0.0000,0.0000,0.1500,0.00,0.8500,0.3500,0.9200,6.00,180.00,2.000000,0.050000,0.000000,1.100000,0.000000,0.000000,1.200000,0.000000,0.000000,1.350000,0.000000,0.000000,0.850000,0.020000,0.000000,0.008000,0.000000,0.000600,0.008000,0.000000,0.000600,0.006000,0.000000,0.000000,1,1,1,326,208,539684,539684,329240,210444,0,60.00,29951,8505,302,0,0,0,29969,502.51,0.00,2,424,0.0000,0.5000,0.5000,0.0000,0.5000
2026-04-27T18:54:22.637,5.444,1,-0.60,-0.19,0.00,0.00,0,0.0000,0.0000,0.1500,0.0000,0.0000,0.0000,0.00,0.00,56.78,64.69,327,214,0.65443,0.65443,0.98777,0.65443,3,0,0,0.00000,0.00000,1.00000,0.0000,0.0000,0.0000,0.0000,0.0000,0.0000,0.00,0.00,0.00,1,1,0.0000,0.0000,0.1500,0.00,0.8500,0.3500,0.9200,6.00,180.00,2.000000,0.050000,0.000000,1.100000,0.000000,0.000000,1.200000,0.000000,0.000000,1.350000,0.000000,0.000000,0.850000,0.020000,0.000000,0.008000,0.000000,0.000600,0.008000,0.000000,0.000600,0.006000,0.000000,0.000000,1,1,1,327,208,539684,539684,329240,210444,0,60.00,29951,8505,302,0,0,0,29969,502.51,0.00,2,424,0.0000,0.5000,0.5000,0.0000,0.5000
2026-04-27T18:54:22.652,5.458,1,-0.60,-0.19,0.00,0.00,0,0.0000,0.0000,0.1500,0.0000,0.0000,0.0000,0.00,0.00,62.52,56.02,328,214,0.65244,0.65244,0.98780,0.65244,3,0,0,0.00000,0.00000,1.00000,0.0000,0.0000,0.0000,0.0000,0.0000,0.0000,0.00,0.00,0.00,1,1,0.0000,0.0000,0.1500,0.00,0.8500,0.3500,0.9200,6.00,180.00,2.000000,0.050000,0.000000,1.100000,0.000000,0.000000,1.200000,0.000000,0.000000,1.350000,0.000000,0.000000,0.850000,0.020000,0.000000,0.008000,0.000000,0.000600,0.008000,0.000000,0.000600,0.006000,0.000000,0.000000,1,1,1,328,208,539684,539684,329240,210444,0,60.00,29951,8505,302,0,0,0,29969,502.51,0.00,2,424,0.0000,0.5000,0.5000,0.0000,0.5000
2026-04-27T18:54:22.668,5.475,1,-0.60,-0.19,0.00,0.00,0,0.0000,0.0000,0.1500,0.0000,0.0000,0.0000,0.00,0.00,64.92,64.58,329,214,0.65046,0.65046,0.98784,0.65046,3,0,0,0.00000,0.00000,1.00000,0.0000,0.0000,0.0000,0.0000,0.0000,0.0000,0.00,0.00,0.00,1,1,0.0000,0.0000,0.1500,0.00,0.8500,0.3500,0.9200,6.00,180.00,2.000000,0.050000,0.000000,1.100000,0.000000,0.000000,1.200000,0.000000,0.000000,1.350000,0.000000,0.000000,0.850000,0.020000,0.000000,0.008000,0.000000,0.000600,0.008000,0.000000,0.000600,0.006000,0.000000,0.000000,1,1,1,329,208,539684,539684,329240,210444,0,60.00,29951,8505,302,0,0,0,29969,502.51,0.00,2,424,0.0000,0.5000,0.5000,0.0000,0.5000
2026-04-27T18:54:22.686,5.492,1,-0.60,-0.19,0.00,0.00,0,0.0000,0.0000,0.1500,0.0000,0.0000,0.0000,0.00,0.00,59.73,57.61,330,214,0.64848,0.64848,0.98788,0.64848,3,0,0,0.00000,0.00000,1.00000,0.0000,0.0000,0.0000,0.0000,0.0000,0.0000,0.00,0.00,0.00,1,1,0.0000,0.0000,0.1500,0.00,0.8500,0.3500,0.9200,6.00,180.00,2.000000,0.050000,0.000000,1.100000,0.000000,0.000000,1.200000,0.000000,0.000000,1.350000,0.000000,0.000000,0.850000,0.020000,0.000000,0.008000,0.000000,0.000600,0.008000,0.000000,0.000600,0.006000,0.000000,0.000000,1,1,1,330,208,539684,539684,329240,210444,0,60.00,29951,8505,302,0,0,0,29969,502.51,0.00,2,424,0.0000,0.5000,0.5000,0.0000,0.5000
2026-04-27T18:54:22.702,5.509,1,-0.60,-0.19,0.00,0.00,0,0.0000,0.0000,0.1500,0.0000,0.0000,0.0000,0.00,0.00,55.13,60.91,331,214,0.64653,0.64653,0.98792,0.64653,3,0,0,0.00000,0.00000,1.00000,0.0000,0.0000,0.0000,0.0000,0.0000,0.0000,0.00,0.00,0.00,1,1,0.0000,0.0000,0.1500,0.00,0.8500,0.3500,0.9200,6.00,180.00,2.000000,0.050000,0.000000,1.100000,0.000000,0.000000,1.200000,0.000000,0.000000,1.350000,0.000000,0.000000,0.850000,0.020000,0.000000,0.008000,0.000000,0.000600,0.008000,0.000000,0.000600,0.006000,0.000000,0.000000,1,1,1,331,208,539684,539684,329240,210444,0,60.00,29951,8505,302,0,0,0,29969,502.51,0.00,2,424,0.0000,0.5000,0.5000,0.0000,0.5000
2026-04-27T18:54:22.719,5.525,1,-0.60,-0.19,0.00,0.00,0,0.0000,0.0000,0.1500,0.0000,0.0000,0.0000,0.00,0.00,60.26,60.75,332,214,0.64458,0.64458,0.98795,0.64458,3,0,0,0.00000,0.00000,1.00000,0.0000,0.0000,0.0000,0.0000,0.0000,0.0000,0.00,0.00,0.00,1,1,0.0000,0.0000,0.1500,0.00,0.8500,0.3500,0.9200,6.00,180.00,2.000000,0.050000,0.000000,1.100000,0.000000,0.000000,1.200000,0.000000,0.000000,1.350000,0.000000,0.000000,0.850000,0.020000,0.000000,0.008000,0.000000,0.000600,0.008000,0.000000,0.000600,0.006000,0.000000,0.000000,1,1,1,332,208,539684,539684,329240,210444,0,60.00,29951,8505,302,0,0,0,29969,502.51,0.00,2,424,0.0000,0.5000,0.5000,0.0000,0.5000
2026-04-27T18:54:22.736,5.542,1,-0.60,-0.19,0.00,0.00,0,0.0000,0.0000,0.1500,0.0000,0.0000,0.0000,0.00,0.00,65.07,57.08,333,214,0.64264,0.64264,0.98799,0.64264,3,0,0,0.00000,0.00000,1.00000,0.0000,0.0000,0.0000,0.0000,0.0000,0.0000,0.00,0.00,0.00,1,1,0.0000,0.0000,0.1500,0.00,0.8500,0.3500,0.9200,6.00,180.00,2.000000,0.050000,0.000000,1.100000,0.000000,0.000000,1.200000,0.000000,0.000000,1.350000,0.000000,0.000000,0.850000,0.020000,0.000000,0.008000,0.000000,0.000600,0.008000,0.000000,0.000600,0.006000,0.000000,0.000000,1,1,1,333,208,539684,539684,329240,210444,0,60.00,29951,8505,302,0,0,0,29969,502.51,0.00,2,424,0.0000,0.5000,0.5000,0.0000,0.5000
2026-04-27T18:54:22.753,5.559,1,-0.60,-0.19,0.00,0.00,0,0.0000,0.0000,0.1500,0.0000,0.0000,0.0000,0.00,0.00,58.97,60.34,334,214,0.64072,0.64072,0.98802,0.64072,3,0,0,0.00000,0.00000,1.00000,0.0000,0.0000,0.0000,0.0000,0.0000,0.0000,0.00,0.00,0.00,1,1,0.0000,0.0000,0.1500,0.00,0.8500,0.3500,0.9200,6.00,180.00,2.000000,0.050000,0.000000,1.100000,0.000000,0.000000,1.200000,0.000000,0.000000,1.350000,0.000000,0.000000,0.850000,0.020000,0.000000,0.008000,0.000000,0.000600,0.008000,0.000000,0.000600,0.006000,0.000000,0.000000,1,1,1,334,208,539684,539684,329240,210444,0,60.00,29951,8505,302,0,0,0,29969,502.51,0.00,2,424,0.0000,0.5000,0.5000,0.0000,0.5000
2026-04-27T18:54:22.769,5.575,1,-0.60,-0.19,0.00,0.00,0,0.0000,0.0000,0.1500,0.0000,0.0000,0.0000,0.00,0.00,59.74,63.61,335,214,0.63881,0.63881,0.98806,0.63881,3,0,0,0.00000,0.00000,1.00000,0.0000,0.0000,0.0000,0.0000,0.0000,0.0000,0.00,0.00,0.00,1,1,0.0000,0.0000,0.1500,0.00,0.8500,0.3500,0.9200,6.00,180.00,2.000000,0.050000,0.000000,1.100000,0.000000,0.000000,1.200000,0.000000,0.000000,1.350000,0.000000,0.000000,0.850000,0.020000,0.000000,0.008000,0.000000,0.000600,0.008000,0.000000,0.000600,0.006000,0.000000,0.000000,1,1,1,335,208,539684,539684,329240,210444,0,60.00,29951,8505,302,0,0,0,29969,502.51,0.00,2,424,0.0000,0.5000,0.5000,0.0000,0.5000
2026-04-27T18:54:22.785,5.591,1,-0.60,-0.19,0.00,0.00,0,0.0000,0.0000,0.1500,0.0000,0.0000,0.0000,0.00,0.00,57.04,60.20,336,214,0.63690,0.63690,0.98810,0.63690,3,0,0,0.00000,0.00000,1.00000,0.0000,0.0000,0.0000,0.0000,0.0000,0.0000,0.00,0.00,0.00,1,1,0.0000,0.0000,0.1500,0.00,0.8500,0.3500,0.9200,6.00,180.00,2.000000,0.050000,0.000000,1.100000,0.000000,0.000000,1.200000,0.000000,0.000000,1.350000,0.000000,0.000000,0.850000,0.020000,0.000000,0.008000,0.000000,0.000600,0.008000,0.000000,0.000600,0.006000,0.000000,0.000000,1,1,1,336,208,539684,539684,329240,210444,0,60.00,29951,8505,302,0,0,0,29969,502.51,0.00,2,424,0.0000,0.5000,0.5000,0.0000,0.5000
2026-04-27T18:54:22.802,5.608,1,-0.60,-0.19,0.00,0.00,0,0.0000,0.0000,0.1500,0.0000,0.0000,0.0000,0.00,0.00,64.73,59.10,337,214,0.63501,0.63501,0.98813,0.63501,3,0,0,0.00000,0.00000,1.00000,0.0000,0.0000,0.0000,0.0000,0.0000,0.0000,0.00,0.00,0.00,1,1,0.0000,0.0000,0.1500,0.00,0.8500,0.3500,0.9200,6.00,180.00,2.000000,0.050000,0.000000,1.100000,0.000000,0.000000,1.200000,0.000000,0.000000,1.350000,0.000000,0.000000,0.850000,0.020000,0.000000,0.008000,0.000000,0.000600,0.008000,0.000000,0.000600,0.006000,0.000000,0.000000,1,1,1,337,208,539684,539684,329240,210444,0,60.00,29951,8505,302,0,0,0,29969,502.51,0.00,2,424,0.0000,0.5000,0.5000,0.0000,0.5000
2026-04-27T18:54:22.818,5.625,1,-0.60,-0.19,0.00,0.00,0,0.0000,0.0000,0.1500,0.0000,0.0000,0.0000,0.00,0.00,56.59,57.60,338,214,0.63314,0.63314,0.98817,0.63314,3,0,0,0.00000,0.00000,1.00000,0.0000,0.0000,0.0000,0.0000,0.0000,0.0000,0.00,0.00,0.00,1,1,0.0000,0.0000,0.1500,0.00,0.8500,0.3500,0.9200,6.00,180.00,2.000000,0.050000,0.000000,1.100000,0.000000,0.000000,1.200000,0.000000,0.000000,1.350000,0.000000,0.000000,0.850000,0.020000,0.000000,0.008000,0.000000,0.000600,0.008000,0.000000,0.000600,0.006000,0.000000,0.000000,1,1,1,338,208,539684,539684,329240,210444,0,60.00,29951,8505,302,0,0,0,29969,502.51,0.00,2,424,0.0000,0.5000,0.5000,0.0000,0.5000
2026-04-27T18:54:22.837,5.644,1,-0.60,-0.19,0.00,0.00,0,0.0000,0.0000,0.1500,0.0000,0.0000,0.0000,0.00,0.00,60.05,63.52,339,214,0.63127,0.63127,0.98820,0.63127,3,0,0,0.00000,0.00000,1.00000,0.0000,0.0000,0.0000,0.0000,0.0000,0.0000,0.00,0.00,0.00,1,1,0.0000,0.0000,0.1500,0.00,0.8500,0.3500,0.9200,6.00,180.00,2.000000,0.050000,0.000000,1.100000,0.000000,0.000000,1.200000,0.000000,0.000000,1.350000,0.000000,0.000000,0.850000,0.020000,0.000000,0.008000,0.000000,0.000600,0.008000,0.000000,0.000600,0.006000,0.000000,0.000000,1,1,1,339,208,539684,539684,329240,210444,0,60.00,29951,8505,302,0,0,0,29969,502.51,0.00,2,424,0.0000,0.5000,0.5000,0.0000,0.5000
2026-04-27T18:54:22.852,5.658,1,-0.60,-0.19,0.00,0.00,0,0.0000,0.0000,0.1500,0.0000,0.0000,0.0000,0.00,0.00,59.46,59.88,340,214,0.62941,0.62941,0.98824,0.62941,3,0,0,0.00000,0.00000,1.00000,0.0000,0.0000,0.0000,0.0000,0.0000,0.0000,0.00,0.00,0.00,1,1,0.0000,0.0000,0.1500,0.00,0.8500,0.3500,0.9200,6.00,180.00,2.000000,0.050000,0.000000,1.100000,0.000000,0.000000,1.200000,0.000000,0.000000,1.350000,0.000000,0.000000,0.850000,0.020000,0.000000,0.008000,0.000000,0.000600,0.008000,0.000000,0.000600,0.006000,0.000000,0.000000,1,1,1,340,208,539684,539684,329240,210444,0,60.00,29951,8505,302,0,0,0,29969,502.51,0.00,2,424,0.0000,0.5000,0.5000,0.0000,0.5000
2026-04-27T18:54:22.868,5.675,1,-0.60,-0.19,0.00,0.00,0,0.0000,0.0000,0.1500,0.0000,0.0000,0.0000,0.00,0.00,65.80,56.64,341,214,0.62757,0.62757,0.98827,0.62757,3,0,0,0.00000,0.00000,1.00000,0.0000,0.0000,0.0000,0.0000,0.0000,0.0000,0.00,0.00,0.00,1,1,0.0000,0.0000,0.1500,0.00,0.8500,0.3500,0.9200,6.00,180.00,2.000000,0.050000,0.000000,1.100000,0.000000,0.000000,1.200000,0.000000,0.000000,1.350000,0.000000,0.000000,0.850000,0.020000,0.000000,0.008000,0.000000,0.000600,0.008000,0.000000,0.000600,0.006000,0.000000,0.000000,1,1,1,341,208,539684,539684,329240,210444,0,60.00,29951,8505,302,0,0,0,29969,502.51,0.00,2,424,0.0000,0.5000,0.5000,0.0000,0.5000
2026-04-27T18:54:22.885,5.692,1,-0.60,-0.19,0.00,0.00,0,0.0000,0.0000,0.1500,0.0000,0.0000,0.0000,0.00,0.00,58.75,61.89,342,214,0.62573,0.62573,0.98830,0.62573,3,0,0,0.00000,0.00000,1.00000,0.0000,0.0000,0.0000,0.0000,0.0000,0.0000,0.00,0.00,0.00,1,1,0.0000,0.0000,0.1500,0.00,0.8500,0.3500,0.9200,6.00,180.00,2.000000,0.050000,0.000000,1.100000,0.000000,0.000000,1.200000,0.000000,0.000000,1.350000,0.000000,0.000000,0.850000,0.020000,0.000000,0.008000,0.000000,0.000600,0.008000,0.000000,0.000600,0.006000,0.000000,0.000000,1,1,1,342,208,539684,539684,329240,210444,0,60.00,29951,8505,302,0,0,0,29969,502.51,0.00,2,424,0.0000,0.5000,0.5000,0.0000,0.5000
2026-04-27T18:54:22.902,5.708,1,-0.60,-0.19,0.00,0.00,0,0.0000,0.0000,0.1500,0.0000,0.0000,0.0000,0.00,0.00,59.03,61.39,343,214,0.62391,0.62391,0.98834,0.62391,3,0,0,0.00000,0.00000,1.00000,0.0000,0.0000,0.0000,0.0000,0.0000,0.0000,0.00,0.00,0.00,1,1,0.0000,0.0000,0.1500,0.00,0.8500,0.3500,0.9200,6.00,180.00,2.000000,0.050000,0.000000,1.100000,0.000000,0.000000,1.200000,0.000000,0.000000,1.350000,0.000000,0.000000,0.850000,0.020000,0.000000,0.008000,0.000000,0.000600,0.008000,0.000000,0.000600,0.006000,0.000000,0.000000,1,1,1,343,208,539684,539684,329240,210444,0,60.00,29951,8505,302,0,0,0,29969,502.51,0.00,2,424,0.0000,0.5000,0.5000,0.0000,0.5000
2026-04-27T18:54:22.919,5.726,1,-0.60,-0.19,0.00,0.00,0,0.0000,0.0000,0.1500,0.0000,0.0000,0.0000,0.00,0.00,61.94,57.57,344,214,0.62209,0.62209,0.98837,0.62209,3,0,0,0.00000,0.00000,1.00000,0.0000,0.0000,0.0000,0.0000,0.0000,0.0000,0.00,0.00,0.00,1,1,0.0000,0.0000,0.1500,0.00,0.8500,0.3500,0.9200,6.00,180.00,2.000000,0.050000,0.000000,1.100000,0.000000,0.000000,1.200000,0.000000,0.000000,1.350000,0.000000,0.000000,0.850000,0.020000,0.000000,0.008000,0.000000,0.000600,0.008000,0.000000,0.000600,0.006000,0.000000,0.000000,1,1,1,344,208,539684,539684,329240,210444,0,60.00,29951,8505,302,0,0,0,29969,502.51,0.00,2,424,0.0000,0.5000,0.5000,0.0000,0.5000
2026-04-27T18:54:22.935,5.742,1,-0.60,-0.19,0.00,0.00,0,0.0000,0.0000,0.1500,0.0000,0.0000,0.0000,0.00,0.00,56.76,61.29,345,214,0.62029,0.62029,0.98841,0.62029,3,0,0,0.00000,0.00000,1.00000,0.0000,0.0000,0.0000,0.0000,0.0000,0.0000,0.00,0.00,0.00,1,1,0.0000,0.0000,0.1500,0.00,0.8500,0.3500,0.9200,6.00,180.00,2.000000,0.050000,0.000000,1.100000,0.000000,0.000000,1.200000,0.000000,0.000000,1.350000,0.000000,0.000000,0.850000,0.020000,0.000000,0.008000,0.000000,0.000600,0.008000,0.000000,0.000600,0.006000,0.000000,0.000000,1,1,1,345,208,539744,539744,329300,210444,0,60.00,30011,3044,302,0,0,0,29969,502.51,0.00,2,424,0.0000,0.5000,0.5000,0.0000,0.5000
2026-04-27T18:54:22.953,5.759,1,-0.60,-0.19,0.00,0.00,0,0.0000,0.0000,0.1500,0.0000,0.0000,0.0000,0.00,0.00,58.48,58.06,346,214,0.61850,0.61850,0.98844,0.61850,3,0,0,0.00000,0.00000,1.00000,0.0000,0.0000,0.0000,0.0000,0.0000,0.0000,0.00,0.00,0.00,1,1,0.0000,0.0000,0.1500,0.00,0.8500,0.3500,0.9200,6.00,180.00,2.000000,0.050000,0.000000,1.100000,0.000000,0.000000,1.200000,0.000000,0.000000,1.350000,0.000000,0.000000,0.850000,0.020000,0.000000,0.008000,0.000000,0.000600,0.008000,0.000000,0.000600,0.006000,0.000000,0.000000,1,1,1,346,208,539744,539744,329300,210444,0,60.00,30011,3044,302,0,0,0,29969,502.51,0.00,2,424,0.0000,0.5000,0.5000,0.0000,0.5000
2026-04-27T18:54:22.967,5.774,1,-0.60,-0.19,0.00,0.00,0,0.0000,0.0000,0.1500,0.0000,0.0000,0.0000,0.00,0.00,60.88,63.91,347,214,0.61671,0.61671,0.98847,0.61671,3,0,0,0.00000,0.00000,1.00000,0.0000,0.0000,0.0000,0.0000,0.0000,0.0000,0.00,0.00,0.00,1,1,0.0000,0.0000,0.1500,0.00,0.8500,0.3500,0.9200,6.00,180.00,2.000000,0.050000,0.000000,1.100000,0.000000,0.000000,1.200000,0.000000,0.000000,1.350000,0.000000,0.000000,0.850000,0.020000,0.000000,0.008000,0.000000,0.000600,0.008000,0.000000,0.000600,0.006000,0.000000,0.000000,1,1,1,347,208,539744,539744,329300,210444,0,60.00,30011,3044,302,0,0,0,29969,502.51,0.00,2,424,0.0000,0.5000,0.5000,0.0000,0.5000
2026-04-27T18:54:22.985,5.792,1,-0.60,-0.19,0.00,0.00,0,0.0000,0.0000,0.1500,0.0000,0.0000,0.0000,0.00,0.00,67.06,59.55,348,214,0.61494,0.61494,0.98851,0.61494,3,0,0,0.00000,0.00000,1.00000,0.0000,0.0000,0.0000,0.0000,0.0000,0.0000,0.00,0.00,0.00,1,1,0.0000,0.0000,0.1500,0.00,0.8500,0.3500,0.9200,6.00,180.00,2.000000,0.050000,0.000000,1.100000,0.000000,0.000000,1.200000,0.000000,0.000000,1.350000,0.000000,0.000000,0.850000,0.020000,0.000000,0.008000,0.000000,0.000600,0.008000,0.000000,0.000600,0.006000,0.000000,0.000000,1,1,1,348,208,539744,539744,329300,210444,0,60.00,30011,3044,302,0,0,0,29969,502.51,0.00,2,424,0.0000,0.5000,0.5000,0.0000,0.5000
2026-04-27T18:54:23.002,5.808,1,-0.60,-0.19,0.00,0.00,0,0.0000,0.0000,0.1500,0.0000,0.0000,0.0000,0.00,0.00,56.51,57.13,349,214,0.61318,0.61318,0.98854,0.61318,3,0,0,0.00000,0.00000,1.00000,0.0000,0.0000,0.0000,0.0000,0.0000,0.0000,0.00,0.00,0.00,1,1,0.0000,0.0000,0.1500,0.00,0.8500,0.3500,0.9200,6.00,180.00,2.000000,0.050000,0.000000,1.100000,0.000000,0.000000,1.200000,0.000000,0.000000,1.350000,0.000000,0.000000,0.850000,0.020000,0.000000,0.008000,0.000000,0.000600,0.008000,0.000000,0.000600,0.006000,0.000000,0.000000,1,1,1,349,208,539744,539744,329300,210444,0,60.00,30011,3044,302,0,0,0,29969,502.51,0.00,2,424,0.0000,0.5000,0.5000,0.0000,0.5000
2026-04-27T18:54:23.020,5.826,1,-0.60,-0.19,0.00,0.00,0,0.0000,0.0000,0.1500,0.0000,0.0000,0.0000,0.00,0.00,57.33,59.99,350,214,0.61143,0.61143,0.98857,0.61143,3,0,0,0.00000,0.00000,1.00000,0.0000,0.0000,0.0000,0.0000,0.0000,0.0000,0.00,0.00,0.00,1,1,0.0000,0.0000,0.1500,0.00,0.8500,0.3500,0.9200,6.00,180.00,2.000000,0.050000,0.000000,1.100000,0.000000,0.000000,1.200000,0.000000,0.000000,1.350000,0.000000,0.000000,0.850000,0.020000,0.000000,0.008000,0.000000,0.000600,0.008000,0.000000,0.000600,0.006000,0.000000,0.000000,1,1,1,350,208,539744,539744,329300,210444,0,60.00,30011,3044,302,0,0,0,29969,502.51,0.00,2,424,0.0000,0.5000,0.5000,0.0000,0.5000
2026-04-27T18:54:23.036,5.842,1,-0.60,-0.19,0.00,0.00,0,0.0000,0.0000,0.1500,0.0000,0.0000,0.0000,0.00,0.00,60.22,63.37,351,214,0.60969,0.60969,0.98860,0.60969,3,0,0,0.00000,0.00000,1.00000,0.0000,0.0000,0.0000,0.0000,0.0000,0.0000,0.00,0.00,0.00,1,1,0.0000,0.0000,0.1500,0.00,0.8500,0.3500,0.9200,6.00,180.00,2.000000,0.050000,0.000000,1.100000,0.000000,0.000000,1.200000,0.000000,0.000000,1.350000,0.000000,0.000000,0.850000,0.020000,0.000000,0.008000,0.000000,0.000600,0.008000,0.000000,0.000600,0.006000,0.000000,0.000000,1,1,1,351,208,539744,539744,329300,210444,0,60.00,30011,3044,302,0,0,0,29969,502.51,0.00,2,424,0.0000,0.5000,0.5000,0.0000,0.5000
2026-04-27T18:54:23.052,5.858,1,-0.60,-0.19,0.00,0.00,0,0.0000,0.0000,0.1500,0.0000,0.0000,0.0000,0.00,0.00,62.41,56.41,352,214,0.60795,0.60795,0.98864,0.60795,3,0,0,0.00000,0.00000,1.00000,0.0000,0.0000,0.0000,0.0000,0.0000,0.0000,0.00,0.00,0.00,1,1,0.0000,0.0000,0.1500,0.00,0.8500,0.3500,0.9200,6.00,180.00,2.000000,0.050000,0.000000,1.100000,0.000000,0.000000,1.200000,0.000000,0.000000,1.350000,0.000000,0.000000,0.850000,0.020000,0.000000,0.008000,0.000000,0.000600,0.008000,0.000000,0.000600,0.006000,0.000000,0.000000,1,1,1,352,208,539744,539744,329300,210444,0,60.00,30011,3044,302,0,0,0,29969,502.51,0.00,2,424,0.0000,0.5000,0.5000,0.0000,0.5000
2026-04-27T18:54:23.068,5.875,1,-0.60,-0.19,0.00,0.00,0,0.0000,0.0000,0.1500,0.0000,0.0000,0.0000,0.00,0.00,57.00,60.68,353,214,0.60623,0.60623,0.98867,0.60623,3,0,0,0.00000,0.00000,1.00000,0.0000,0.0000,0.0000,0.0000,0.0000,0.0000,0.00,0.00,0.00,1,1,0.0000,0.0000,0.1500,0.00,0.8500,0.3500,0.9200,6.00,180.00,2.000000,0.050000,0.000000,1.100000,0.000000,0.000000,1.200000,0.000000,0.000000,1.350000,0.000000,0.000000,0.850000,0.020000,0.000000,0.008000,0.000000,0.000600,0.008000,0.000000,0.000600,0.006000,0.000000,0.000000,1,1,1,353,208,539744,539744,329300,210444,0,60.00,30011,3044,302,0,0,0,29969,502.51,0.00,2,424,0.0000,0.5000,0.5000,0.0000,0.5000
2026-04-27T18:54:23.086,5.892,1,-0.60,-0.19,0.00,0.00,0,0.0000,0.0000,0.1500,0.0000,0.0000,0.0000,0.00,0.00,59.98,62.94,354,214,0.60452,0.60452,0.98870,0.60452,3,0,0,0.00000,0.00000,1.00000,0.0000,0.0000,0.0000,0.0000,0.0000,0.0000,0.00,0.00,0.00,1,1,0.0000,0.0000,0.1500,0.00,0.8500,0.3500,0.9200,6.00,180.00,2.000000,0.050000,0.000000,1.100000,0.000000,0.000000,1.200000,0.000000,0.000000,1.350000,0.000000,0.000000,0.850000,0.020000,0.000000,0.008000,0.000000,0.000600,0.008000,0.000000,0.000600,0.006000,0.000000,0.000000,1,1,1,354,208,539744,539744,329300,210444,0,60.00,30011,3044,302,0,0,0,29969,502.51,0.00,2,424,0.0000,0.5000,0.5000,0.0000,0.5000
2026-04-27T18:54:23.102,5.908,1,-0.60,-0.19,0.00,0.00,0,0.0000,0.0000,0.1500,0.0000,0.0000,0.0000,0.00,0.00,63.03,61.06,355,214,0.60282,0.60282,0.98873,0.60282,3,0,0,0.00000,0.00000,1.00000,0.0000,0.0000,0.0000,0.0000,0.0000,0.0000,0.00,0.00,0.00,1,1,0.0000,0.0000,0.1500,0.00,0.8500,0.3500,0.9200,6.00,180.00,2.000000,0.050000,0.000000,1.100000,0.000000,0.000000,1.200000,0.000000,0.000000,1.350000,0.000000,0.000000,0.850000,0.020000,0.000000,0.008000,0.000000,0.000600,0.008000,0.000000,0.000600,0.006000,0.000000,0.000000,1,1,1,355,208,539744,539744,329300,210444,0,60.00,30011,3044,302,0,0,0,29969,502.51,0.00,2,424,0.0000,0.5000,0.5000,0.0000,0.5000
2026-04-27T18:54:23.118,5.925,1,-0.60,-0.19,0.00,0.00,0,0.0000,0.0000,0.1500,0.0000,0.0000,0.0000,0.00,0.00,61.49,59.22,356,214,0.60112,0.60112,0.98876,0.60112,3,0,0,0.00000,0.00000,1.00000,0.0000,0.0000,0.0000,0.0000,0.0000,0.0000,0.00,0.00,0.00,1,1,0.0000,0.0000,0.1500,0.00,0.8500,0.3500,0.9200,6.00,180.00,2.000000,0.050000,0.000000,1.100000,0.000000,0.000000,1.200000,0.000000,0.000000,1.350000,0.000000,0.000000,0.850000,0.020000,0.000000,0.008000,0.000000,0.000600,0.008000,0.000000,0.000600,0.006000,0.000000,0.000000,1,1,1,356,208,539744,539744,329300,210444,0,60.00,30011,3044,302,0,0,0,29969,502.51,0.00,2,424,0.0000,0.5000,0.5000,0.0000,0.5000
2026-04-27T18:54:23.136,5.943,1,-0.60,-0.19,0.00,0.00,0,0.0000,0.0000,0.1500,0.0000,0.0000,0.0000,0.00,0.00,60.62,56.96,357,214,0.59944,0.59944,0.98880,0.59944,3,0,0,0.00000,0.00000,1.00000,0.0000,0.0000,0.0000,0.0000,0.0000,0.0000,0.00,0.00,0.00,1,1,0.0000,0.0000,0.1500,0.00,0.8500,0.3500,0.9200,6.00,180.00,2.000000,0.050000,0.000000,1.100000,0.000000,0.000000,1.200000,0.000000,0.000000,1.350000,0.000000,0.000000,0.850000,0.020000,0.000000,0.008000,0.000000,0.000600,0.008000,0.000000,0.000600,0.006000,0.000000,0.000000,1,1,1,357,208,539744,539744,329300,210444,0,60.00,30011,3044,302,0,0,0,29969,502.51,0.00,2,424,0.0000,0.5000,0.5000,0.0000,0.5000
2026-04-27T18:54:23.152,5.958,1,-0.60,-0.19,0.00,0.00,0,0.0000,0.0000,0.1500,0.0000,0.0000,0.0000,0.00,0.00,56.79,63.72,358,214,0.59777,0.59777,0.98883,0.59777,3,0,0,0.00000,0.00000,1.00000,0.0000,0.0000,0.0000,0.0000,0.0000,0.0000,0.00,0.00,0.00,1,1,0.0000,0.0000,0.1500,0.00,0.8500,0.3500,0.9200,6.00,180.00,2.000000,0.050000,0.000000,1.100000,0.000000,0.000000,1.200000,0.000000,0.000000,1.350000,0.000000,0.000000,0.850000,0.020000,0.000000,0.008000,0.000000,0.000600,0.008000,0.000000,0.000600,0.006000,0.000000,0.000000,1,1,1,358,208,539744,539744,329300,210444,0,60.00,30011,3044,302,0,0,0,29969,502.51,0.00,2,424,0.0000,0.5000,0.5000,0.0000,0.5000
2026-04-27T18:54:23.166,5.973,1,-0.60,-0.19,0.00,0.00,0,0.0000,0.0000,0.1500,0.0000,0.0000,0.0000,0.00,0.00,63.93,65.26,359,214,0.59610,0.59610,0.98886,0.59610,3,0,0,0.00000,0.00000,1.00000,0.0000,0.0000,0.0000,0.0000,0.0000,0.0000,0.00,0.00,0.00,1,1,0.0000,0.0000,0.1500,0.00,0.8500,0.3500,0.9200,6.00,180.00,2.000000,0.050000,0.000000,1.100000,0.000000,0.000000,1.200000,0.000000,0.000000,1.350000,0.000000,0.000000,0.850000,0.020000,0.000000,0.008000,0.000000,0.000600,0.008000,0.000000,0.000600,0.006000,0.000000,0.000000,1,1,1,359,208,539744,539744,329300,210444,0,60.00,30011,3044,302,0,0,0,29969,502.51,0.00,2,424,0.0000,0.5000,0.5000,0.0000,0.5000
2026-04-27T18:54:23.184,5.991,1,-0.60,-0.19,0.00,0.00,0,0.0000,0.0000,0.1500,0.0000,0.0000,0.0000,0.00,0.00,57.39,55.08,360,214,0.59444,0.59444,0.98889,0.59444,3,0,0,0.00000,0.00000,1.00000,0.0000,0.0000,0.0000,0.0000,0.0000,0.0000,0.00,0.00,0.00,1,1,0.0000,0.0000,0.1500,0.00,0.8500,0.3500,0.9200,6.00,180.00,2.000000,0.050000,0.000000,1.100000,0.000000,0.000000,1.200000,0.000000,0.000000,1.350000,0.000000,0.000000,0.850000,0.020000,0.000000,0.008000,0.000000,0.000600,0.008000,0.000000,0.000600,0.006000,0.000000,0.000000,1,1,1,360,208,539744,539744,329300,210444,0,60.00,30011,3044,302,0,0,0,29969,502.51,0.00,2,424,0.0000,0.5000,0.5000,0.0000,0.5000
2026-04-27T18:54:23.202,6.008,1,-0.60,-0.19,0.00,0.00,0,0.0000,0.0000,0.1500,0.0000,0.0000,0.0000,0.00,0.00,64.57,59.65,361,214,0.59280,0.59280,0.98892,0.59280,3,0,0,0.00000,0.00000,1.00000,0.0000,0.0000,0.0000,0.0000,0.0000,0.0000,0.00,0.00,0.00,1,1,0.0000,0.0000,0.1500,0.00,0.8500,0.3500,0.9200,6.00,180.00,2.000000,0.050000,0.000000,1.100000,0.000000,0.000000,1.200000,0.000000,0.000000,1.350000,0.000000,0.000000,0.850000,0.020000,0.000000,0.008000,0.000000,0.000600,0.008000,0.000000,0.000600,0.006000,0.000000,0.000000,1,1,1,361,208,539744,539744,329300,210444,0,60.00,30011,3044,302,0,0,0,29969,502.51,0.00,2,424,0.0000,0.5000,0.5000,0.0000,0.5000
2026-04-27T18:54:23.219,6.025,1,-0.60,-0.19,0.00,0.00,0,0.0000,0.0000,0.1500,0.0000,0.0000,0.0000,0.00,0.00,57.67,59.98,362,214,0.59116,0.59116,0.98895,0.59116,3,0,0,0.00000,0.00000,1.00000,0.0000,0.0000,0.0000,0.0000,0.0000,0.0000,0.00,0.00,0.00,1,1,0.0000,0.0000,0.1500,0.00,0.8500,0.3500,0.9200,6.00,180.00,2.000000,0.050000,0.000000,1.100000,0.000000,0.000000,1.200000,0.000000,0.000000,1.350000,0.000000,0.000000,0.850000,0.020000,0.000000,0.008000,0.000000,0.000600,0.008000,0.000000,0.000600,0.006000,0.000000,0.000000,1,1,1,362,208,539744,539744,329300,210444,0,60.00,30011,3044,302,0,0,0,29969,502.51,0.00,2,424,0.0000,0.5000,0.5000,0.0000,0.5000
2026-04-27T18:54:23.235,6.041,1,-0.60,-0.19,0.00,0.00,0,0.0000,0.0000,0.1500,0.0000,0.0000,0.0000,0.00,0.00,56.02,61.25,363,214,0.58953,0.58953,0.98898,0.58953,3,0,0,0.00000,0.00000,1.00000,0.0000,0.0000,0.0000,0.0000,0.0000,0.0000,0.00,0.00,0.00,1,1,0.0000,0.0000,0.1500,0.00,0.8500,0.3500,0.9200,6.00,180.00,2.000000,0.050000,0.000000,1.100000,0.000000,0.000000,1.200000,0.000000,0.000000,1.350000,0.000000,0.000000,0.850000,0.020000,0.000000,0.008000,0.000000,0.000600,0.008000,0.000000,0.000600,0.006000,0.000000,0.000000,1,1,1,363,208,539744,539744,329300,210444,0,60.00,30011,3044,302,0,0,0,29969,502.51,0.00,2,424,0.0000,0.5000,0.5000,0.0000,0.5000
2026-04-27T18:54:23.253,6.059,1,-0.60,-0.19,0.00,0.00,0,0.0000,0.0000,0.1500,0.0000,0.0000,0.0000,0.00,0.00,65.99,57.87,364,214,0.58791,0.58791,0.98901,0.58791,3,0,0,0.00000,0.00000,1.00000,0.0000,0.0000,0.0000,0.0000,0.0000,0.0000,0.00,0.00,0.00,1,1,0.0000,0.0000,0.1500,0.00,0.8500,0.3500,0.9200,6.00,180.00,2.000000,0.050000,0.000000,1.100000,0.000000,0.000000,1.200000,0.000000,0.000000,1.350000,0.000000,0.000000,0.850000,0.020000,0.000000,0.008000,0.000000,0.000600,0.008000,0.000000,0.000600,0.006000,0.000000,0.000000,1,1,1,364,208,539744,539744,329300,210444,0,60.00,30011,3044,302,0,0,0,29969,502.51,0.00,2,424,0.0000,0.5000,0.5000,0.0000,0.5000
2026-04-27T18:54:23.268,6.075,1,-0.60,-0.19,0.00,0.00,0,0.0000,0.0000,0.1500,0.0000,0.0000,0.0000,0.00,0.00,54.96,58.46,365,214,0.58630,0.58630,0.98904,0.58630,3,0,0,0.00000,0.00000,1.00000,0.0000,0.0000,0.0000,0.0000,0.0000,0.0000,0.00,0.00,0.00,1,1,0.0000,0.0000,0.1500,0.00,0.8500,0.3500,0.9200,6.00,180.00,2.000000,0.050000,0.000000,1.100000,0.000000,0.000000,1.200000,0.000000,0.000000,1.350000,0.000000,0.000000,0.850000,0.020000,0.000000,0.008000,0.000000,0.000600,0.008000,0.000000,0.000600,0.006000,0.000000,0.000000,1,1,1,365,208,539744,539744,329300,210444,0,60.00,30011,3044,302,0,0,0,29969,502.51,0.00,2,424,0.0000,0.5000,0.5000,0.0000,0.5000
2026-04-27T18:54:23.285,6.092,1,-0.60,-0.19,0.00,0.00,0,0.0000,0.0000,0.1500,0.0000,0.0000,0.0000,0.00,0.00,64.90,63.22,366,214,0.58470,0.58470,0.98907,0.58470,3,0,0,0.00000,0.00000,1.00000,0.0000,0.0000,0.0000,0.0000,0.0000,0.0000,0.00,0.00,0.00,1,1,0.0000,0.0000,0.1500,0.00,0.8500,0.3500,0.9200,6.00,180.00,2.000000,0.050000,0.000000,1.100000,0.000000,0.000000,1.200000,0.000000,0.000000,1.350000,0.000000,0.000000,0.850000,0.020000,0.000000,0.008000,0.000000,0.000600,0.008000,0.000000,0.000600,0.006000,0.000000,0.000000,1,1,1,366,208,539744,539744,329300,210444,0,60.00,30011,3044,302,0,0,0,29969,502.51,0.00,2,424,0.0000,0.5000,0.5000,0.0000,0.5000
2026-04-27T18:54:23.302,6.109,1,-0.60,-0.19,0.00,0.00,0,0.0000,0.0000,0.1500,0.0000,0.0000,0.0000,0.00,0.00,58.11,60.20,367,214,0.58311,0.58311,0.98910,0.58311,3,0,0,0.00000,0.00000,1.00000,0.0000,0.0000,0.0000,0.0000,0.0000,0.0000,0.00,0.00,0.00,1,1,0.0000,0.0000,0.1500,0.00,0.8500,0.3500,0.9200,6.00,180.00,2.000000,0.050000,0.000000,1.100000,0.000000,0.000000,1.200000,0.000000,0.000000,1.350000,0.000000,0.000000,0.850000,0.020000,0.000000,0.008000,0.000000,0.000600,0.008000,0.000000,0.000600,0.006000,0.000000,0.000000,1,1,1,367,208,539744,539744,329300,210444,0,60.00,30011,3044,302,0,0,0,29969,502.51,0.00,2,424,0.0000,0.5000,0.5000,0.0000,0.5000
2026-04-27T18:54:23.318,6.125,1,-0.60,-0.19,0.00,0.00,0,0.0000,0.0000,0.1500,0.0000,0.0000,0.0000,0.00,0.00,65.58,60.37,368,214,0.58152,0.58152,0.98913,0.58152,3,0,0,0.00000,0.00000,1.00000,0.0000,0.0000,0.0000,0.0000,0.0000,0.0000,0.00,0.00,0.00,1,1,0.0000,0.0000,0.1500,0.00,0.8500,0.3500,0.9200,6.00,180.00,2.000000,0.050000,0.000000,1.100000,0.000000,0.000000,1.200000,0.000000,0.000000,1.350000,0.000000,0.000000,0.850000,0.020000,0.000000,0.008000,0.000000,0.000600,0.008000,0.000000,0.000600,0.006000,0.000000,0.000000,1,1,1,368,208,539744,539744,329300,210444,0,60.00,30011,3044,302,0,0,0,29969,502.51,0.00,2,424,0.0000,0.5000,0.5000,0.0000,0.5000
2026-04-27T18:54:23.335,6.141,1,-0.60,-0.19,0.00,0.00,0,0.0000,0.0000,0.1500,0.0000,0.0000,0.0000,0.00,0.00,54.61,59.74,369,214,0.57995,0.57995,0.98916,0.57995,3,0,0,0.00000,0.00000,1.00000,0.0000,0.0000,0.0000,0.0000,0.0000,0.0000,0.00,0.00,0.00,1,1,0.0000,0.0000,0.1500,0.00,0.8500,0.3500,0.9200,6.00,180.00,2.000000,0.050000,0.000000,1.100000,0.000000,0.000000,1.200000,0.000000,0.000000,1.350000,0.000000,0.000000,0.850000,0.020000,0.000000,0.008000,0.000000,0.000600,0.008000,0.000000,0.000600,0.006000,0.000000,0.000000,1,1,1,369,208,539744,539744,329300,210444,0,60.00,30011,3044,302,0,0,0,29969,502.51,0.00,2,424,0.0000,0.5000,0.5000,0.0000,0.5000
2026-04-27T18:54:23.351,6.157,1,-0.60,-0.19,0.00,0.00,0,0.0000,0.0000,0.1500,0.0000,0.0000,0.0000,0.00,0.00,61.34,60.06,370,214,0.57838,0.57838,0.98919,0.57838,3,0,0,0.00000,0.00000,1.00000,0.0000,0.0000,0.0000,0.0000,0.0000,0.0000,0.00,0.00,0.00,1,1,0.0000,0.0000,0.1500,0.00,0.8500,0.3500,0.9200,6.00,180.00,2.000000,0.050000,0.000000,1.100000,0.000000,0.000000,1.200000,0.000000,0.000000,1.350000,0.000000,0.000000,0.850000,0.020000,0.000000,0.008000,0.000000,0.000600,0.008000,0.000000,0.000600,0.006000,0.000000,0.000000,1,1,1,370,208,539744,539744,329300,210444,0,60.00,30011,3044,302,0,0,0,29969,502.51,0.00,2,424,0.0000,0.5000,0.5000,0.0000,0.5000
2026-04-27T18:54:23.369,6.175,1,-0.60,-0.19,0.00,0.00,0,0.0000,0.0000,0.1500,0.0000,0.0000,0.0000,0.00,0.00,64.58,60.04,371,214,0.57682,0.57682,0.98922,0.57682,3,0,0,0.00000,0.00000,1.00000,0.0000,0.0000,0.0000,0.0000,0.0000,0.0000,0.00,0.00,0.00,1,1,0.0000,0.0000,0.1500,0.00,0.8500,0.3500,0.9200,6.00,180.00,2.000000,0.050000,0.000000,1.100000,0.000000,0.000000,1.200000,0.000000,0.000000,1.350000,0.000000,0.000000,0.850000,0.020000,0.000000,0.008000,0.000000,0.000600,0.008000,0.000000,0.000600,0.006000,0.000000,0.000000,1,1,1,371,208,539744,539744,329300,210444,0,60.00,30011,3044,302,0,0,0,29969,502.51,0.00,2,424,0.0000,0.5000,0.5000,0.0000,0.5000
2026-04-27T18:54:23.385,6.191,1,-0.60,-0.19,0.00,0.00,0,0.0000,0.0000,0.1500,0.0000,0.0000,0.0000,0.00,0.00,60.33,60.12,372,214,0.57527,0.57527,0.98925,0.57527,3,0,0,0.00000,0.00000,1.00000,0.0000,0.0000,0.0000,0.0000,0.0000,0.0000,0.00,0.00,0.00,1,1,0.0000,0.0000,0.1500,0.00,0.8500,0.3500,0.9200,6.00,180.00,2.000000,0.050000,0.000000,1.100000,0.000000,0.000000,1.200000,0.000000,0.000000,1.350000,0.000000,0.000000,0.850000,0.020000,0.000000,0.008000,0.000000,0.000600,0.008000,0.000000,0.000600,0.006000,0.000000,0.000000,1,1,1,372,208,539744,539744,329300,210444,0,60.00,30011,3044,302,0,0,0,29969,502.51,0.00,2,424,0.0000,0.5000,0.5000,0.0000,0.5000
2026-04-27T18:54:23.402,6.208,1,-0.60,-0.19,0.00,0.00,0,0.0000,0.0000,0.1500,0.0000,0.0000,0.0000,0.00,0.00,54.61,60.01,373,214,0.57373,0.57373,0.98928,0.57373,3,0,0,0.00000,0.00000,1.00000,0.0000,0.0000,0.0000,0.0000,0.0000,0.0000,0.00,0.00,0.00,1,1,0.0000,0.0000,0.1500,0.00,0.8500,0.3500,0.9200,6.00,180.00,2.000000,0.050000,0.000000,1.100000,0.000000,0.000000,1.200000,0.000000,0.000000,1.350000,0.000000,0.000000,0.850000,0.020000,0.000000,0.008000,0.000000,0.000600,0.008000,0.000000,0.000600,0.006000,0.000000,0.000000,1,1,1,373,208,539744,539744,329300,210444,0,60.00,30011,3044,302,0,0,0,29969,502.51,0.00,2,424,0.0000,0.5000,0.5000,0.0000,0.5000
2026-04-27T18:54:23.418,6.225,1,-0.60,-0.19,0.00,0.00,0,0.0000,0.0000,0.1500,0.0000,0.0000,0.0000,0.00,0.00,63.21,60.09,374,214,0.57219,0.57219,0.98930,0.57219,3,0,0,0.00000,0.00000,1.00000,0.0000,0.0000,0.0000,0.0000,0.0000,0.0000,0.00,0.00,0.00,1,1,0.0000,0.0000,0.1500,0.00,0.8500,0.3500,0.9200,6.00,180.00,2.000000,0.050000,0.000000,1.100000,0.000000,0.000000,1.200000,0.000000,0.000000,1.350000,0.000000,0.000000,0.850000,0.020000,0.000000,0.008000,0.000000,0.000600,0.008000,0.000000,0.000600,0.006000,0.000000,0.000000,1,1,1,374,208,539744,539744,329300,210444,0,60.00,30011,3044,302,0,0,0,29969,502.51,0.00,2,424,0.0000,0.5000,0.5000,0.0000,0.5000
2026-04-27T18:54:23.433,6.239,1,-0.60,-0.19,0.00,0.00,0,0.0000,0.0000,0.1500,0.0000,0.0000,0.0000,0.00,0.00,60.64,65.49,375,214,0.57067,0.57067,0.98933,0.57067,3,0,0,0.00000,0.00000,1.00000,0.0000,0.0000,0.0000,0.0000,0.0000,0.0000,0.00,0.00,0.00,1,1,0.0000,0.0000,0.1500,0.00,0.8500,0.3500,0.9200,6.00,180.00,2.000000,0.050000,0.000000,1.100000,0.000000,0.000000,1.200000,0.000000,0.000000,1.350000,0.000000,0.000000,0.850000,0.020000,0.000000,0.008000,0.000000,0.000600,0.008000,0.000000,0.000600,0.006000,0.000000,0.000000,1,1,1,375,208,539744,539744,329300,210444,0,60.00,30011,3044,302,0,0,0,29969,502.51,0.00,2,424,0.0000,0.5000,0.5000,0.0000,0.5000
2026-04-27T18:54:23.451,6.257,1,-0.60,-0.19,0.00,0.00,0,0.0000,0.0000,0.1500,0.0000,0.0000,0.0000,0.00,0.00,75.40,58.66,376,214,0.56915,0.56915,0.98936,0.56915,3,0,0,0.00000,0.00000,1.00000,0.0000,0.0000,0.0000,0.0000,0.0000,0.0000,0.00,0.00,0.00,1,1,0.0000,0.0000,0.1500,0.00,0.8500,0.3500,0.9200,6.00,180.00,2.000000,0.050000,0.000000,1.100000,0.000000,0.000000,1.200000,0.000000,0.000000,1.350000,0.000000,0.000000,0.850000,0.020000,0.000000,0.008000,0.000000,0.000600,0.008000,0.000000,0.000600,0.006000,0.000000,0.000000,1,1,1,376,208,539744,539744,329300,210444,0,60.00,30011,3044,302,0,0,0,29969,502.51,0.00,2,424,0.0000,0.5000,0.5000,0.0000,0.5000
2026-04-27T18:54:23.470,6.276,1,-0.60,-0.19,0.00,0.00,0,0.0000,0.0000,0.1500,0.0000,0.0000,0.0000,0.00,0.00,51.24,56.36,377,214,0.56764,0.56764,0.98939,0.56764,3,0,0,0.00000,0.00000,1.00000,0.0000,0.0000,0.0000,0.0000,0.0000,0.0000,0.00,0.00,0.00,1,1,0.0000,0.0000,0.1500,0.00,0.8500,0.3500,0.9200,6.00,180.00,2.000000,0.050000,0.000000,1.100000,0.000000,0.000000,1.200000,0.000000,0.000000,1.350000,0.000000,0.000000,0.850000,0.020000,0.000000,0.008000,0.000000,0.000600,0.008000,0.000000,0.000600,0.006000,0.000000,0.000000,1,1,1,377,208,539744,539744,329300,210444,0,60.00,30011,3044,302,0,0,0,29969,502.51,0.00,2,424,0.0000,0.5000,0.5000,0.0000,0.5000
2026-04-27T18:54:23.486,6.293,1,-0.60,-0.19,0.00,0.00,0,0.0000,0.0000,0.1500,0.0000,0.0000,0.0000,0.00,0.00,54.18,56.87,378,214,0.56614,0.56614,0.98942,0.56614,3,0,0,0.00000,0.00000,1.00000,0.0000,0.0000,0.0000,0.0000,0.0000,0.0000,0.00,0.00,0.00,1,1,0.0000,0.0000,0.1500,0.00,0.8500,0.3500,0.9200,6.00,180.00,2.000000,0.050000,0.000000,1.100000,0.000000,0.000000,1.200000,0.000000,0.000000,1.350000,0.000000,0.000000,0.850000,0.020000,0.000000,0.008000,0.000000,0.000600,0.008000,0.000000,0.000600,0.006000,0.000000,0.000000,1,1,1,378,208,539744,539744,329300,210444,0,60.00,30011,3044,302,0,0,0,29969,502.51,0.00,2,424,0.0000,0.5000,0.5000,0.0000,0.5000
2026-04-27T18:54:23.503,6.309,1,-0.60,-0.19,0.00,0.00,0,0.0000,0.0000,0.1500,0.0000,0.0000,0.0000,0.00,0.00,58.86,63.73,379,214,0.56464,0.56464,0.98945,0.56464,3,0,0,0.00000,0.00000,1.00000,0.0000,0.0000,0.0000,0.0000,0.0000,0.0000,0.00,0.00,0.00,1,1,0.0000,0.0000,0.1500,0.00,0.8500,0.3500,0.9200,6.00,180.00,2.000000,0.050000,0.000000,1.100000,0.000000,0.000000,1.200000,0.000000,0.000000,1.350000,0.000000,0.000000,0.850000,0.020000,0.000000,0.008000,0.000000,0.000600,0.008000,0.000000,0.000600,0.006000,0.000000,0.000000,1,1,1,379,208,539744,539744,329300,210444,0,60.00,30011,3044,302,0,0,0,29969,502.51,0.00,2,424,0.0000,0.5000,0.5000,0.0000,0.5000
2026-04-27T18:54:23.518,6.325,1,-0.60,-0.19,0.00,0.00,0,0.0000,0.0000,0.1500,0.0000,0.0000,0.0000,0.00,0.00,60.79,59.70,380,214,0.56316,0.56316,0.98947,0.56316,3,0,0,0.00000,0.00000,1.00000,0.0000,0.0000,0.0000,0.0000,0.0000,0.0000,0.00,0.00,0.00,1,1,0.0000,0.0000,0.1500,0.00,0.8500,0.3500,0.9200,6.00,180.00,2.000000,0.050000,0.000000,1.100000,0.000000,0.000000,1.200000,0.000000,0.000000,1.350000,0.000000,0.000000,0.850000,0.020000,0.000000,0.008000,0.000000,0.000600,0.008000,0.000000,0.000600,0.006000,0.000000,0.000000,1,1,1,380,208,539744,539744,329300,210444,0,60.00,30011,3044,302,0,0,0,29969,502.51,0.00,2,424,0.0000,0.5000,0.5000,0.0000,0.5000
2026-04-27T18:54:23.536,6.343,1,-0.60,-0.19,0.00,0.00,0,0.0000,0.0000,0.1500,0.0000,0.0000,0.0000,0.00,0.00,64.89,56.58,381,214,0.56168,0.56168,0.98950,0.56168,3,0,0,0.00000,0.00000,1.00000,0.0000,0.0000,0.0000,0.0000,0.0000,0.0000,0.00,0.00,0.00,1,1,0.0000,0.0000,0.1500,0.00,0.8500,0.3500,0.9200,6.00,180.00,2.000000,0.050000,0.000000,1.100000,0.000000,0.000000,1.200000,0.000000,0.000000,1.350000,0.000000,0.000000,0.850000,0.020000,0.000000,0.008000,0.000000,0.000600,0.008000,0.000000,0.000600,0.006000,0.000000,0.000000,1,1,1,381,208,539744,539744,329300,210444,0,60.00,30011,3044,302,0,0,0,29969,502.51,0.00,2,424,0.0000,0.5000,0.5000,0.0000,0.5000
2026-04-27T18:54:23.552,6.358,1,-0.60,-0.19,0.00,0.00,0,0.0000,0.0000,0.1500,0.0000,0.0000,0.0000,0.00,0.00,55.55,64.16,382,214,0.56021,0.56021,0.98953,0.56021,3,0,0,0.00000,0.00000,1.00000,0.0000,0.0000,0.0000,0.0000,0.0000,0.0000,0.00,0.00,0.00,1,1,0.0000,0.0000,0.1500,0.00,0.8500,0.3500,0.9200,6.00,180.00,2.000000,0.050000,0.000000,1.100000,0.000000,0.000000,1.200000,0.000000,0.000000,1.350000,0.000000,0.000000,0.850000,0.020000,0.000000,0.008000,0.000000,0.000600,0.008000,0.000000,0.000600,0.006000,0.000000,0.000000,1,1,1,382,208,539744,539744,329300,210444,0,60.00,30011,3044,302,0,0,0,29969,502.51,0.00,2,424,0.0000,0.5000,0.5000,0.0000,0.5000
2026-04-27T18:54:23.568,6.374,1,-0.60,-0.19,0.00,0.00,0,0.0000,0.0000,0.1500,0.0000,0.0000,0.0000,0.00,0.00,60.79,65.54,383,214,0.55875,0.55875,0.98956,0.55875,3,0,0,0.00000,0.00000,1.00000,0.0000,0.0000,0.0000,0.0000,0.0000,0.0000,0.00,0.00,0.00,1,1,0.0000,0.0000,0.1500,0.00,0.8500,0.3500,0.9200,6.00,180.00,2.000000,0.050000,0.000000,1.100000,0.000000,0.000000,1.200000,0.000000,0.000000,1.350000,0.000000,0.000000,0.850000,0.020000,0.000000,0.008000,0.000000,0.000600,0.008000,0.000000,0.000600,0.006000,0.000000,0.000000,1,1,1,383,208,539744,539744,329300,210444,0,60.00,30011,3044,302,0,0,0,29969,502.51,0.00,2,424,0.0000,0.5000,0.5000,0.0000,0.5000
2026-04-27T18:54:23.584,6.391,1,-0.60,-0.19,0.00,0.00,0,0.0000,0.0000,0.1500,0.0000,0.0000,0.0000,0.00,0.00,64.88,55.14,384,214,0.55729,0.55729,0.98958,0.55729,3,0,0,0.00000,0.00000,1.00000,0.0000,0.0000,0.0000,0.0000,0.0000,0.0000,0.00,0.00,0.00,1,1,0.0000,0.0000,0.1500,0.00,0.8500,0.3500,0.9200,6.00,180.00,2.000000,0.050000,0.000000,1.100000,0.000000,0.000000,1.200000,0.000000,0.000000,1.350000,0.000000,0.000000,0.850000,0.020000,0.000000,0.008000,0.000000,0.000600,0.008000,0.000000,0.000600,0.006000,0.000000,0.000000,1,1,1,384,208,539744,539744,329300,210444,0,60.00,30011,3044,302,0,0,0,29969,502.51,0.00,2,424,0.0000,0.5000,0.5000,0.0000,0.5000
2026-04-27T18:54:23.602,6.408,1,-0.60,-0.19,0.00,0.00,0,0.0000,0.0000,0.1500,0.0000,0.0000,0.0000,0.00,0.00,61.58,59.68,385,214,0.55584,0.55584,0.98961,0.55584,3,0,0,0.00000,0.00000,1.00000,0.0000,0.0000,0.0000,0.0000,0.0000,0.0000,0.00,0.00,0.00,1,1,0.0000,0.0000,0.1500,0.00,0.8500,0.3500,0.9200,6.00,180.00,2.000000,0.050000,0.000000,1.100000,0.000000,0.000000,1.200000,0.000000,0.000000,1.350000,0.000000,0.000000,0.850000,0.020000,0.000000,0.008000,0.000000,0.000600,0.008000,0.000000,0.000600,0.006000,0.000000,0.000000,1,1,1,385,208,539744,539744,329300,210444,0,60.00,30011,3044,302,0,0,0,29969,502.51,0.00,2,424,0.0000,0.5000,0.5000,0.0000,0.5000
2026-04-27T18:54:23.618,6.425,1,-0.60,-0.19,0.00,0.00,0,0.0000,0.0000,0.1500,0.0000,0.0000,0.0000,0.00,0.00,53.59,57.96,386,214,0.55440,0.55440,0.98964,0.55440,3,0,0,0.00000,0.00000,1.00000,0.0000,0.0000,0.0000,0.0000,0.0000,0.0000,0.00,0.00,0.00,1,1,0.0000,0.0000,0.1500,0.00,0.8500,0.3500,0.9200,6.00,180.00,2.000000,0.050000,0.000000,1.100000,0.000000,0.000000,1.200000,0.000000,0.000000,1.350000,0.000000,0.000000,0.850000,0.020000,0.000000,0.008000,0.000000,0.000600,0.008000,0.000000,0.000600,0.006000,0.000000,0.000000,1,1,1,386,208,539744,539744,329300,210444,0,60.00,30011,3044,302,0,0,0,29969,502.51,0.00,2,424,0.0000,0.5000,0.5000,0.0000,0.5000
2026-04-27T18:54:23.636,6.442,1,-0.60,-0.19,0.00,0.00,0,0.0000,0.0000,0.1500,0.0000,0.0000,0.0000,0.00,0.00,61.09,61.87,387,214,0.55297,0.55297,0.98966,0.55297,3,0,0,0.00000,0.00000,1.00000,0.0000,0.0000,0.0000,0.0000,0.0000,0.0000,0.00,0.00,0.00,1,1,0.0000,0.0000,0.1500,0.00,0.8500,0.3500,0.9200,6.00,180.00,2.000000,0.050000,0.000000,1.100000,0.000000,0.000000,1.200000,0.000000,0.000000,1.350000,0.000000,0.000000,0.850000,0.020000,0.000000,0.008000,0.000000,0.000600,0.008000,0.000000,0.000600,0.006000,0.000000,0.000000,1,1,1,387,208,539744,539744,329300,210444,0,60.00,30011,3044,302,0,0,0,29969,502.51,0.00,2,424,0.0000,0.5000,0.5000,0.0000,0.5000
2026-04-27T18:54:23.651,6.457,1,-0.60,-0.19,0.00,0.00,0,0.0000,0.0000,0.1500,0.0000,0.0000,0.0000,0.00,0.00,62.25,60.68,388,214,0.55155,0.55155,0.98969,0.55155,3,0,0,0.00000,0.00000,1.00000,0.0000,0.0000,0.0000,0.0000,0.0000,0.0000,0.00,0.00,0.00,1,1,0.0000,0.0000,0.1500,0.00,0.8500,0.3500,0.9200,6.00,180.00,2.000000,0.050000,0.000000,1.100000,0.000000,0.000000,1.200000,0.000000,0.000000,1.350000,0.000000,0.000000,0.850000,0.020000,0.000000,0.008000,0.000000,0.000600,0.008000,0.000000,0.000600,0.006000,0.000000,0.000000,1,1,1,388,208,539744,539744,329300,210444,0,60.00,30011,3044,302,0,0,0,29969,502.51,0.00,2,424,0.0000,0.5000,0.5000,0.0000,0.5000
2026-04-27T18:54:23.670,6.477,1,-0.60,-0.19,0.00,0.00,0,0.0000,0.0000,0.1500,0.0000,0.0000,0.0000,0.00,0.00,70.88,56.68,389,214,0.55013,0.55013,0.98972,0.55013,3,0,0,0.00000,0.00000,1.00000,0.0000,0.0000,0.0000,0.0000,0.0000,0.0000,0.00,0.00,0.00,1,1,0.0000,0.0000,0.1500,0.00,0.8500,0.3500,0.9200,6.00,180.00,2.000000,0.050000,0.000000,1.100000,0.000000,0.000000,1.200000,0.000000,0.000000,1.350000,0.000000,0.000000,0.850000,0.020000,0.000000,0.008000,0.000000,0.000600,0.008000,0.000000,0.000600,0.006000,0.000000,0.000000,1,1,1,389,208,539744,539744,329300,210444,0,60.00,30011,3044,302,0,0,0,29969,502.51,0.00,2,424,0.0000,0.5000,0.5000,0.0000,0.5000
2026-04-27T18:54:23.685,6.492,1,-0.60,-0.19,0.00,0.00,0,0.0000,0.0000,0.1500,0.0000,0.0000,0.0000,0.00,0.00,50.63,63.69,390,214,0.54872,0.54872,0.98974,0.54872,3,0,0,0.00000,0.00000,1.00000,0.0000,0.0000,0.0000,0.0000,0.0000,0.0000,0.00,0.00,0.00,1,1,0.0000,0.0000,0.1500,0.00,0.8500,0.3500,0.9200,6.00,180.00,2.000000,0.050000,0.000000,1.100000,0.000000,0.000000,1.200000,0.000000,0.000000,1.350000,0.000000,0.000000,0.850000,0.020000,0.000000,0.008000,0.000000,0.000600,0.008000,0.000000,0.000600,0.006000,0.000000,0.000000,1,1,1,390,208,539744,539744,329300,210444,0,60.00,30011,3044,302,0,0,0,29969,502.51,0.00,2,424,0.0000,0.5000,0.5000,0.0000,0.5000
2026-04-27T18:54:23.702,6.509,1,-0.60,-0.19,0.00,0.00,0,0.0000,0.0000,0.1500,0.0000,0.0000,0.0000,0.00,0.00,62.46,58.67,391,214,0.54731,0.54731,0.98977,0.54731,3,0,0,0.00000,0.00000,1.00000,0.0000,0.0000,0.0000,0.0000,0.0000,0.0000,0.00,0.00,0.00,1,1,0.0000,0.0000,0.1500,0.00,0.8500,0.3500,0.9200,6.00,180.00,2.000000,0.050000,0.000000,1.100000,0.000000,0.000000,1.200000,0.000000,0.000000,1.350000,0.000000,0.000000,0.850000,0.020000,0.000000,0.008000,0.000000,0.000600,0.008000,0.000000,0.000600,0.006000,0.000000,0.000000,1,1,1,391,208,539744,539744,329300,210444,0,60.00,30011,3044,302,0,0,0,29969,502.51,0.00,2,424,0.0000,0.5000,0.5000,0.0000,0.5000
2026-04-27T18:54:23.718,6.525,1,-0.60,-0.19,0.00,0.00,0,0.0000,0.0000,0.1500,0.0000,0.0000,0.0000,0.00,0.00,59.78,64.26,392,214,0.54592,0.54592,0.98980,0.54592,3,0,0,0.00000,0.00000,1.00000,0.0000,0.0000,0.0000,0.0000,0.0000,0.0000,0.00,0.00,0.00,1,1,0.0000,0.0000,0.1500,0.00,0.8500,0.3500,0.9200,6.00,180.00,2.000000,0.050000,0.000000,1.100000,0.000000,0.000000,1.200000,0.000000,0.000000,1.350000,0.000000,0.000000,0.850000,0.020000,0.000000,0.008000,0.000000,0.000600,0.008000,0.000000,0.000600,0.006000,0.000000,0.000000,1,1,1,392,208,539744,539744,329300,210444,0,60.00,30011,3044,302,0,0,0,29969,502.51,0.00,2,424,0.0000,0.5000,0.5000,0.0000,0.5000
2026-04-27T18:54:23.737,6.543,1,-0.60,-0.19,0.00,0.00,0,0.0000,0.0000,0.1500,0.0000,0.0000,0.0000,0.00,0.00,61.16,56.97,393,214,0.54453,0.54453,0.98982,0.54453,3,0,0,0.00000,0.00000,1.00000,0.0000,0.0000,0.0000,0.0000,0.0000,0.0000,0.00,0.00,0.00,1,1,0.0000,0.0000,0.1500,0.00,0.8500,0.3500,0.9200,6.00,180.00,2.000000,0.050000,0.000000,1.100000,0.000000,0.000000,1.200000,0.000000,0.000000,1.350000,0.000000,0.000000,0.850000,0.020000,0.000000,0.008000,0.000000,0.000600,0.008000,0.000000,0.000600,0.006000,0.000000,0.000000,1,1,1,393,208,539744,539744,329300,210444,0,60.00,30011,3044,392,0,0,0,30059,500.25,0.00,6,2092,0.0000,0.5000,0.5000,0.0000,0.5000
2026-04-27T18:54:23.752,6.558,1,-0.60,-0.19,0.00,0.00,0,0.0000,0.0000,0.1500,0.0000,0.0000,0.0000,0.00,0.00,55.53,62.03,394,214,0.54315,0.54315,0.98985,0.54315,3,0,0,0.00000,0.00000,1.00000,0.0000,0.0000,0.0000,0.0000,0.0000,0.0000,0.00,0.00,0.00,1,1,0.0000,0.0000,0.1500,0.00,0.8500,0.3500,0.9200,6.00,180.00,2.000000,0.050000,0.000000,1.100000,0.000000,0.000000,1.200000,0.000000,0.000000,1.350000,0.000000,0.000000,0.850000,0.020000,0.000000,0.008000,0.000000,0.000600,0.008000,0.000000,0.000600,0.006000,0.000000,0.000000,1,1,1,394,208,539744,539744,329300,210444,0,60.00,30011,3044,392,0,0,0,30059,500.25,0.00,6,2092,0.0000,0.5000,0.5000,0.0000,0.5000
2026-04-27T18:54:23.770,6.576,1,-0.60,-0.19,0.00,0.00,0,0.0000,0.0000,0.1500,0.0000,0.0000,0.0000,0.00,0.00,65.61,55.15,395,214,0.54177,0.54177,0.98987,0.54177,3,0,0,0.00000,0.00000,1.00000,0.0000,0.0000,0.0000,0.0000,0.0000,0.0000,0.00,0.00,0.00,1,1,0.0000,0.0000,0.1500,0.00,0.8500,0.3500,0.9200,6.00,180.00,2.000000,0.050000,0.000000,1.100000,0.000000,0.000000,1.200000,0.000000,0.000000,1.350000,0.000000,0.000000,0.850000,0.020000,0.000000,0.008000,0.000000,0.000600,0.008000,0.000000,0.000600,0.006000,0.000000,0.000000,1,1,1,395,208,539744,539744,329300,210444,0,60.00,30011,3044,392,0,0,0,30059,500.25,0.00,6,2092,0.0000,0.5000,0.5000,0.0000,0.5000
2026-04-27T18:54:23.786,6.592,1,-0.60,-0.19,0.00,0.00,0,0.0000,0.0000,0.1500,0.0000,0.0000,0.0000,0.00,0.00,55.86,61.34,396,214,0.54040,0.54040,0.98990,0.54040,3,0,0,0.00000,0.00000,1.00000,0.0000,0.0000,0.0000,0.0000,0.0000,0.0000,0.00,0.00,0.00,1,1,0.0000,0.0000,0.1500,0.00,0.8500,0.3500,0.9200,6.00,180.00,2.000000,0.050000,0.000000,1.100000,0.000000,0.000000,1.200000,0.000000,0.000000,1.350000,0.000000,0.000000,0.850000,0.020000,0.000000,0.008000,0.000000,0.000600,0.008000,0.000000,0.000600,0.006000,0.000000,0.000000,1,1,1,396,208,539744,539744,329300,210444,0,60.00,30011,3044,392,0,0,0,30059,500.25,0.00,6,2092,0.0000,0.5000,0.5000,0.0000,0.5000
2026-04-27T18:54:23.802,6.609,1,-0.60,-0.19,0.00,0.00,0,0.0000,0.0000,0.1500,0.0000,0.0000,0.0000,0.00,0.00,62.20,60.98,397,214,0.53904,0.53904,0.98992,0.53904,3,0,0,0.00000,0.00000,1.00000,0.0000,0.0000,0.0000,0.0000,0.0000,0.0000,0.00,0.00,0.00,1,1,0.0000,0.0000,0.1500,0.00,0.8500,0.3500,0.9200,6.00,180.00,2.000000,0.050000,0.000000,1.100000,0.000000,0.000000,1.200000,0.000000,0.000000,1.350000,0.000000,0.000000,0.850000,0.020000,0.000000,0.008000,0.000000,0.000600,0.008000,0.000000,0.000600,0.006000,0.000000,0.000000,1,1,1,397,208,539744,539744,329300,210444,0,60.00,30011,3044,392,0,0,0,30059,500.25,0.00,6,2092,0.0000,0.5000,0.5000,0.0000,0.5000
2026-04-27T18:54:23.818,6.625,1,-0.60,-0.19,0.00,0.00,0,0.0000,0.0000,0.1500,0.0000,0.0000,0.0000,0.00,0.00,57.44,58.23,398,214,0.53769,0.53769,0.98995,0.53769,3,0,0,0.00000,0.00000,1.00000,0.0000,0.0000,0.0000,0.0000,0.0000,0.0000,0.00,0.00,0.00,1,1,0.0000,0.0000,0.1500,0.00,0.8500,0.3500,0.9200,6.00,180.00,2.000000,0.050000,0.000000,1.100000,0.000000,0.000000,1.200000,0.000000,0.000000,1.350000,0.000000,0.000000,0.850000,0.020000,0.000000,0.008000,0.000000,0.000600,0.008000,0.000000,0.000600,0.006000,0.000000,0.000000,1,1,1,398,208,539744,539744,329300,210444,0,60.00,30011,3044,392,0,0,0,30059,500.25,0.00,6,2092,0.0000,0.5000,0.5000,0.0000,0.5000
2026-04-27T18:54:23.835,6.642,1,-0.60,-0.19,0.00,0.00,0,0.0000,0.0000,0.1500,0.0000,0.0000,0.0000,0.00,0.00,58.81,62.89,399,214,0.53634,0.53634,0.98997,0.53634,3,0,0,0.00000,0.00000,1.00000,0.0000,0.0000,0.0000,0.0000,0.0000,0.0000,0.00,0.00,0.00,1,1,0.0000,0.0000,0.1500,0.00,0.8500,0.3500,0.9200,6.00,180.00,2.000000,0.050000,0.000000,1.100000,0.000000,0.000000,1.200000,0.000000,0.000000,1.350000,0.000000,0.000000,0.850000,0.020000,0.000000,0.008000,0.000000,0.000600,0.008000,0.000000,0.000600,0.006000,0.000000,0.000000,1,1,1,399,208,539744,539744,329300,210444,0,60.00,30011,3044,392,0,0,0,30059,500.25,0.00,6,2092,0.0000,0.5000,0.5000,0.0000,0.5000
2026-04-27T18:54:23.851,6.658,1,-0.60,-0.19,0.00,0.00,0,0.0000,0.0000,0.1500,0.0000,0.0000,0.0000,0.00,0.00,66.32,62.23,400,214,0.53500,0.53500,0.99000,0.53500,3,0,0,0.00000,0.00000,1.00000,0.0000,0.0000,0.0000,0.0000,0.0000,0.0000,0.00,0.00,0.00,1,1,0.0000,0.0000,0.1500,0.00,0.8500,0.3500,0.9200,6.00,180.00,2.000000,0.050000,0.000000,1.100000,0.000000,0.000000,1.200000,0.000000,0.000000,1.350000,0.000000,0.000000,0.850000,0.020000,0.000000,0.008000,0.000000,0.000600,0.008000,0.000000,0.000600,0.006000,0.000000,0.000000,1,1,1,400,208,539744,539744,329300,210444,0,60.00,30011,3044,392,0,0,0,30059,500.25,0.00,6,2092,0.0000,0.5000,0.5000,0.0000,0.5000
2026-04-27T18:54:23.869,6.675,1,-0.60,-0.19,0.00,0.00,0,0.0000,0.0000,0.1500,0.0000,0.0000,0.0000,0.00,0.00,66.45,58.61,401,214,0.53367,0.53367,0.99002,0.53367,3,0,0,0.00000,0.00000,1.00000,0.0000,0.0000,0.0000,0.0000,0.0000,0.0000,0.00,0.00,0.00,1,1,0.0000,0.0000,0.1500,0.00,0.8500,0.3500,0.9200,6.00,180.00,2.000000,0.050000,0.000000,1.100000,0.000000,0.000000,1.200000,0.000000,0.000000,1.350000,0.000000,0.000000,0.850000,0.020000,0.000000,0.008000,0.000000,0.000600,0.008000,0.000000,0.000600,0.006000,0.000000,0.000000,1,1,1,401,208,539744,539744,329300,210444,0,60.00,30011,3044,392,0,0,0,30059,500.25,0.00,6,2092,0.0000,0.5000,0.5000,0.0000,0.5000
2026-04-27T18:54:23.886,6.693,1,-0.60,-0.19,0.00,0.00,0,0.0000,0.0000,0.1500,0.0000,0.0000,0.0000,0.00,0.00,51.10,59.93,402,214,0.53234,0.53234,0.99005,0.53234,3,0,0,0.00000,0.00000,1.00000,0.0000,0.0000,0.0000,0.0000,0.0000,0.0000,0.00,0.00,0.00,1,1,0.0000,0.0000,0.1500,0.00,0.8500,0.3500,0.9200,6.00,180.00,2.000000,0.050000,0.000000,1.100000,0.000000,0.000000,1.200000,0.000000,0.000000,1.350000,0.000000,0.000000,0.850000,0.020000,0.000000,0.008000,0.000000,0.000600,0.008000,0.000000,0.000600,0.006000,0.000000,0.000000,1,1,1,402,208,539744,539744,329300,210444,0,60.00,30011,3044,392,0,0,0,30059,500.25,0.00,6,2092,0.0000,0.5000,0.5000,0.0000,0.5000
2026-04-27T18:54:23.902,6.708,1,-0.60,-0.19,0.00,0.00,0,0.0000,0.0000,0.1500,0.0000,0.0000,0.0000,0.00,0.00,56.94,56.30,403,214,0.53102,0.53102,0.99007,0.53102,3,0,0,0.00000,0.00000,1.00000,0.0000,0.0000,0.0000,0.0000,0.0000,0.0000,0.00,0.00,0.00,1,1,0.0000,0.0000,0.1500,0.00,0.8500,0.3500,0.9200,6.00,180.00,2.000000,0.050000,0.000000,1.100000,0.000000,0.000000,1.200000,0.000000,0.000000,1.350000,0.000000,0.000000,0.850000,0.020000,0.000000,0.008000,0.000000,0.000600,0.008000,0.000000,0.000600,0.006000,0.000000,0.000000,1,1,1,403,208,539744,539744,329300,210444,0,60.00,30011,3044,392,0,0,0,30059,500.25,0.00,6,2092,0.0000,0.5000,0.5000,0.0000,0.5000
2026-04-27T18:54:23.919,6.726,1,-0.60,-0.19,0.00,0.00,0,0.0000,0.0000,0.1500,0.0000,0.0000,0.0000,0.00,0.00,68.26,59.88,404,214,0.52970,0.52970,0.99010,0.52970,3,0,0,0.00000,0.00000,1.00000,0.0000,0.0000,0.0000,0.0000,0.0000,0.0000,0.00,0.00,0.00,1,1,0.0000,0.0000,0.1500,0.00,0.8500,0.3500,0.9200,6.00,180.00,2.000000,0.050000,0.000000,1.100000,0.000000,0.000000,1.200000,0.000000,0.000000,1.350000,0.000000,0.000000,0.850000,0.020000,0.000000,0.008000,0.000000,0.000600,0.008000,0.000000,0.000600,0.006000,0.000000,0.000000,1,1,1,404,208,539744,539744,329300,210444,0,60.00,30011,3044,392,0,0,0,30059,500.25,0.00,6,2092,0.0000,0.5000,0.5000,0.0000,0.5000
2026-04-27T18:54:23.934,6.741,1,-0.60,-0.19,0.00,0.00,0,0.0000,0.0000,0.1500,0.0000,0.0000,0.0000,0.00,0.00,54.83,67.03,405,214,0.52840,0.52840,0.99012,0.52840,3,0,0,0.00000,0.00000,1.00000,0.0000,0.0000,0.0000,0.0000,0.0000,0.0000,0.00,0.00,0.00,1,1,0.0000,0.0000,0.1500,0.00,0.8500,0.3500,0.9200,6.00,180.00,2.000000,0.050000,0.000000,1.100000,0.000000,0.000000,1.200000,0.000000,0.000000,1.350000,0.000000,0.000000,0.850000,0.020000,0.000000,0.008000,0.000000,0.000600,0.008000,0.000000,0.000600,0.006000,0.000000,0.000000,1,1,1,405,208,539804,539804,329360,210444,0,60.00,30071,2948,392,0,0,0,30059,500.25,0.00,6,2092,0.0000,0.5000,0.5000,0.0000,0.5000
2026-04-27T18:54:23.952,6.758,1,-0.60,-0.19,0.00,0.00,0,0.0000,0.0000,0.1500,0.0000,0.0000,0.0000,0.00,0.00,66.01,57.56,406,214,0.52709,0.52709,0.99015,0.52709,3,0,0,0.00000,0.00000,1.00000,0.0000,0.0000,0.0000,0.0000,0.0000,0.0000,0.00,0.00,0.00,1,1,0.0000,0.0000,0.1500,0.00,0.8500,0.3500,0.9200,6.00,180.00,2.000000,0.050000,0.000000,1.100000,0.000000,0.000000,1.200000,0.000000,0.000000,1.350000,0.000000,0.000000,0.850000,0.020000,0.000000,0.008000,0.000000,0.000600,0.008000,0.000000,0.000600,0.006000,0.000000,0.000000,1,1,1,406,208,539804,539804,329360,210444,0,60.00,30071,2948,392,0,0,0,30059,500.25,0.00,6,2092,0.0000,0.5000,0.5000,0.0000,0.5000
2026-04-27T18:54:23.968,6.775,1,-0.60,-0.19,0.00,0.00,0,0.0000,0.0000,0.1500,0.0000,0.0000,0.0000,0.00,0.00,61.21,60.61,407,214,0.52580,0.52580,0.99017,0.52580,3,0,0,0.00000,0.00000,1.00000,0.0000,0.0000,0.0000,0.0000,0.0000,0.0000,0.00,0.00,0.00,1,1,0.0000,0.0000,0.1500,0.00,0.8500,0.3500,0.9200,6.00,180.00,2.000000,0.050000,0.000000,1.100000,0.000000,0.000000,1.200000,0.000000,0.000000,1.350000,0.000000,0.000000,0.850000,0.020000,0.000000,0.008000,0.000000,0.000600,0.008000,0.000000,0.000600,0.006000,0.000000,0.000000,1,1,1,407,208,539804,539804,329360,210444,0,60.00,30071,2948,392,0,0,0,30059,500.25,0.00,6,2092,0.0000,0.5000,0.5000,0.0000,0.5000
2026-04-27T18:54:23.984,6.791,1,-0.60,-0.19,0.00,0.00,0,0.0000,0.0000,0.1500,0.0000,0.0000,0.0000,0.00,0.00,59.72,59.09,408,214,0.52451,0.52451,0.99020,0.52451,3,0,0,0.00000,0.00000,1.00000,0.0000,0.0000,0.0000,0.0000,0.0000,0.0000,0.00,0.00,0.00,1,1,0.0000,0.0000,0.1500,0.00,0.8500,0.3500,0.9200,6.00,180.00,2.000000,0.050000,0.000000,1.100000,0.000000,0.000000,1.200000,0.000000,0.000000,1.350000,0.000000,0.000000,0.850000,0.020000,0.000000,0.008000,0.000000,0.000600,0.008000,0.000000,0.000600,0.006000,0.000000,0.000000,1,1,1,408,208,539804,539804,329360,210444,0,60.00,30071,2948,392,0,0,0,30059,500.25,0.00,6,2092,0.0000,0.5000,0.5000,0.0000,0.5000
2026-04-27T18:54:24.002,6.808,1,-0.60,-0.19,0.00,0.00,0,0.0000,0.0000,0.1500,0.0000,0.0000,0.0000,0.00,0.00,62.85,60.71,409,214,0.52323,0.52323,0.99022,0.52323,3,0,0,0.00000,0.00000,1.00000,0.0000,0.0000,0.0000,0.0000,0.0000,0.0000,0.00,0.00,0.00,1,1,0.0000,0.0000,0.1500,0.00,0.8500,0.3500,0.9200,6.00,180.00,2.000000,0.050000,0.000000,1.100000,0.000000,0.000000,1.200000,0.000000,0.000000,1.350000,0.000000,0.000000,0.850000,0.020000,0.000000,0.008000,0.000000,0.000600,0.008000,0.000000,0.000600,0.006000,0.000000,0.000000,1,1,1,409,208,539804,539804,329360,210444,0,60.00,30071,2948,392,0,0,0,30059,500.25,0.00,6,2092,0.0000,0.5000,0.5000,0.0000,0.5000
2026-04-27T18:54:24.018,6.824,1,-0.60,-0.19,0.00,0.00,0,0.0000,0.0000,0.1500,0.0000,0.0000,0.0000,0.00,0.00,57.78,58.32,410,214,0.52195,0.52195,0.99024,0.52195,3,0,0,0.00000,0.00000,1.00000,0.0000,0.0000,0.0000,0.0000,0.0000,0.0000,0.00,0.00,0.00,1,1,0.0000,0.0000,0.1500,0.00,0.8500,0.3500,0.9200,6.00,180.00,2.000000,0.050000,0.000000,1.100000,0.000000,0.000000,1.200000,0.000000,0.000000,1.350000,0.000000,0.000000,0.850000,0.020000,0.000000,0.008000,0.000000,0.000600,0.008000,0.000000,0.000600,0.006000,0.000000,0.000000,1,1,1,410,208,539804,539804,329360,210444,0,60.00,30071,2948,392,0,0,0,30059,500.25,0.00,6,2092,0.0000,0.5000,0.5000,0.0000,0.5000
2026-04-27T18:54:24.035,6.842,1,-0.60,-0.19,0.00,0.00,0,0.0000,0.0000,0.1500,0.0000,0.0000,0.0000,0.00,0.00,60.39,61.95,411,214,0.52068,0.52068,0.99027,0.52068,3,0,0,0.00000,0.00000,1.00000,0.0000,0.0000,0.0000,0.0000,0.0000,0.0000,0.00,0.00,0.00,1,1,0.0000,0.0000,0.1500,0.00,0.8500,0.3500,0.9200,6.00,180.00,2.000000,0.050000,0.000000,1.100000,0.000000,0.000000,1.200000,0.000000,0.000000,1.350000,0.000000,0.000000,0.850000,0.020000,0.000000,0.008000,0.000000,0.000600,0.008000,0.000000,0.000600,0.006000,0.000000,0.000000,1,1,1,411,208,539804,539804,329360,210444,0,60.00,30071,2948,392,0,0,0,30059,500.25,0.00,6,2092,0.0000,0.5000,0.5000,0.0000,0.5000
2026-04-27T18:54:24.051,6.857,1,-0.60,-0.19,0.00,0.00,0,0.0000,0.0000,0.1500,0.0000,0.0000,0.0000,0.00,0.00,58.28,60.03,412,214,0.51942,0.51942,0.99029,0.51942,3,0,0,0.00000,0.00000,1.00000,0.0000,0.0000,0.0000,0.0000,0.0000,0.0000,0.00,0.00,0.00,1,1,0.0000,0.0000,0.1500,0.00,0.8500,0.3500,0.9200,6.00,180.00,2.000000,0.050000,0.000000,1.100000,0.000000,0.000000,1.200000,0.000000,0.000000,1.350000,0.000000,0.000000,0.850000,0.020000,0.000000,0.008000,0.000000,0.000600,0.008000,0.000000,0.000600,0.006000,0.000000,0.000000,1,1,1,412,208,539804,539804,329360,210444,0,60.00,30071,2948,392,0,0,0,30059,500.25,0.00,6,2092,0.0000,0.5000,0.5000,0.0000,0.5000
2026-04-27T18:54:24.070,6.876,1,-0.60,-0.19,0.00,0.00,0,0.0000,0.0000,0.1500,0.0000,0.0000,0.0000,0.00,0.00,64.75,56.34,413,214,0.51816,0.51816,0.99031,0.51816,3,0,0,0.00000,0.00000,1.00000,0.0000,0.0000,0.0000,0.0000,0.0000,0.0000,0.00,0.00,0.00,1,1,0.0000,0.0000,0.1500,0.00,0.8500,0.3500,0.9200,6.00,180.00,2.000000,0.050000,0.000000,1.100000,0.000000,0.000000,1.200000,0.000000,0.000000,1.350000,0.000000,0.000000,0.850000,0.020000,0.000000,0.008000,0.000000,0.000600,0.008000,0.000000,0.000600,0.006000,0.000000,0.000000,1,1,1,413,208,539804,539804,329360,210444,0,60.00,30071,2948,392,0,0,0,30059,500.25,0.00,6,2092,0.0000,0.5000,0.5000,0.0000,0.5000
2026-04-27T18:54:24.085,6.892,1,-0.60,-0.19,0.00,0.00,0,0.0000,0.0000,0.1500,0.0000,0.0000,0.0000,0.00,0.00,50.67,64.30,414,214,0.51691,0.51691,0.99034,0.51691,3,0,0,0.00000,0.00000,1.00000,0.0000,0.0000,0.0000,0.0000,0.0000,0.0000,0.00,0.00,0.00,1,1,0.0000,0.0000,0.1500,0.00,0.8500,0.3500,0.9200,6.00,180.00,2.000000,0.050000,0.000000,1.100000,0.000000,0.000000,1.200000,0.000000,0.000000,1.350000,0.000000,0.000000,0.850000,0.020000,0.000000,0.008000,0.000000,0.000600,0.008000,0.000000,0.000600,0.006000,0.000000,0.000000,1,1,1,414,208,539804,539804,329360,210444,0,60.00,30071,2948,392,0,0,0,30059,500.25,0.00,6,2092,0.0000,0.5000,0.5000,0.0000,0.5000
2026-04-27T18:54:24.103,6.910,1,-0.60,-0.19,0.00,0.00,0,0.0000,0.0000,0.1500,0.0000,0.0000,0.0000,0.00,0.00,67.78,58.30,415,214,0.51566,0.51566,0.99036,0.51566,3,0,0,0.00000,0.00000,1.00000,0.0000,0.0000,0.0000,0.0000,0.0000,0.0000,0.00,0.00,0.00,1,1,0.0000,0.0000,0.1500,0.00,0.8500,0.3500,0.9200,6.00,180.00,2.000000,0.050000,0.000000,1.100000,0.000000,0.000000,1.200000,0.000000,0.000000,1.350000,0.000000,0.000000,0.850000,0.020000,0.000000,0.008000,0.000000,0.000600,0.008000,0.000000,0.000600,0.006000,0.000000,0.000000,1,1,1,415,208,539804,539804,329360,210444,0,60.00,30071,2948,392,0,0,0,30059,500.25,0.00,6,2092,0.0000,0.5000,0.5000,0.0000,0.5000
2026-04-27T18:54:24.118,6.924,1,-0.60,-0.19,0.00,0.00,0,0.0000,0.0000,0.1500,0.0000,0.0000,0.0000,0.00,0.00,55.32,63.45,416,214,0.51442,0.51442,0.99038,0.51442,3,0,0,0.00000,0.00000,1.00000,0.0000,0.0000,0.0000,0.0000,0.0000,0.0000,0.00,0.00,0.00,1,1,0.0000,0.0000,0.1500,0.00,0.8500,0.3500,0.9200,6.00,180.00,2.000000,0.050000,0.000000,1.100000,0.000000,0.000000,1.200000,0.000000,0.000000,1.350000,0.000000,0.000000,0.850000,0.020000,0.000000,0.008000,0.000000,0.000600,0.008000,0.000000,0.000600,0.006000,0.000000,0.000000,1,1,1,416,208,539804,539804,329360,210444,0,60.00,30071,2948,392,0,0,0,30059,500.25,0.00,6,2092,0.0000,0.5000,0.5000,0.0000,0.5000
2026-04-27T18:54:24.136,6.943,1,-0.60,-0.19,0.00,0.00,0,0.0000,0.0000,0.1500,0.0000,0.0000,0.0000,0.00,0.00,69.62,54.60,417,214,0.51319,0.51319,0.99041,0.51319,3,0,0,0.00000,0.00000,1.00000,0.0000,0.0000,0.0000,0.0000,0.0000,0.0000,0.00,0.00,0.00,1,1,0.0000,0.0000,0.1500,0.00,0.8500,0.3500,0.9200,6.00,180.00,2.000000,0.050000,0.000000,1.100000,0.000000,0.000000,1.200000,0.000000,0.000000,1.350000,0.000000,0.000000,0.850000,0.020000,0.000000,0.008000,0.000000,0.000600,0.008000,0.000000,0.000600,0.006000,0.000000,0.000000,1,1,1,417,208,539804,539804,329360,210444,0,60.00,30071,2948,392,0,0,0,30059,500.25,0.00,6,2092,0.0000,0.5000,0.5000,0.0000,0.5000
2026-04-27T18:54:24.152,6.958,1,-0.60,-0.19,0.00,0.00,0,0.0000,0.0000,0.1500,0.0000,0.0000,0.0000,0.00,0.00,53.98,64.36,418,214,0.51196,0.51196,0.99043,0.51196,3,0,0,0.00000,0.00000,1.00000,0.0000,0.0000,0.0000,0.0000,0.0000,0.0000,0.00,0.00,0.00,1,1,0.0000,0.0000,0.1500,0.00,0.8500,0.3500,0.9200,6.00,180.00,2.000000,0.050000,0.000000,1.100000,0.000000,0.000000,1.200000,0.000000,0.000000,1.350000,0.000000,0.000000,0.850000,0.020000,0.000000,0.008000,0.000000,0.000600,0.008000,0.000000,0.000600,0.006000,0.000000,0.000000,1,1,1,418,208,539804,539804,329360,210444,0,60.00,30071,2948,392,0,0,0,30059,500.25,0.00,6,2092,0.0000,0.5000,0.5000,0.0000,0.5000
2026-04-27T18:54:24.167,6.973,1,-0.60,-0.19,0.00,0.00,0,0.0000,0.0000,0.1500,0.0000,0.0000,0.0000,0.00,0.00,60.85,62.29,419,214,0.51074,0.51074,0.99045,0.51074,3,0,0,0.00000,0.00000,1.00000,0.0000,0.0000,0.0000,0.0000,0.0000,0.0000,0.00,0.00,0.00,1,1,0.0000,0.0000,0.1500,0.00,0.8500,0.3500,0.9200,6.00,180.00,2.000000,0.050000,0.000000,1.100000,0.000000,0.000000,1.200000,0.000000,0.000000,1.350000,0.000000,0.000000,0.850000,0.020000,0.000000,0.008000,0.000000,0.000600,0.008000,0.000000,0.000600,0.006000,0.000000,0.000000,1,1,1,419,208,539804,539804,329360,210444,0,60.00,30071,2948,392,0,0,0,30059,500.25,0.00,6,2092,0.0000,0.5000,0.5000,0.0000,0.5000
2026-04-27T18:54:24.184,6.990,1,-0.60,-0.19,0.00,0.00,0,0.0000,0.0000,0.1500,0.0000,0.0000,0.0000,0.00,0.00,70.32,59.97,420,214,0.50952,0.50952,0.99048,0.50952,3,0,0,0.00000,0.00000,1.00000,0.0000,0.0000,0.0000,0.0000,0.0000,0.0000,0.00,0.00,0.00,1,1,0.0000,0.0000,0.1500,0.00,0.8500,0.3500,0.9200,6.00,180.00,2.000000,0.050000,0.000000,1.100000,0.000000,0.000000,1.200000,0.000000,0.000000,1.350000,0.000000,0.000000,0.850000,0.020000,0.000000,0.008000,0.000000,0.000600,0.008000,0.000000,0.000600,0.006000,0.000000,0.000000,1,1,1,420,208,539804,539804,329360,210444,0,60.00,30071,2948,392,0,0,0,30059,500.25,0.00,6,2092,0.0000,0.5000,0.5000,0.0000,0.5000
2026-04-27T18:54:24.201,7.008,1,-0.60,-0.19,0.00,0.00,0,0.0000,0.0000,0.1500,0.0000,0.0000,0.0000,0.00,0.00,58.95,56.44,421,214,0.50831,0.50831,0.99050,0.50831,3,0,0,0.00000,0.00000,1.00000,0.0000,0.0000,0.0000,0.0000,0.0000,0.0000,0.00,0.00,0.00,1,1,0.0000,0.0000,0.1500,0.00,0.8500,0.3500,0.9200,6.00,180.00,2.000000,0.050000,0.000000,1.100000,0.000000,0.000000,1.200000,0.000000,0.000000,1.350000,0.000000,0.000000,0.850000,0.020000,0.000000,0.008000,0.000000,0.000600,0.008000,0.000000,0.000600,0.006000,0.000000,0.000000,1,1,1,421,208,539804,539804,329360,210444,0,60.00,30071,2948,392,0,0,0,30059,500.25,0.00,6,2092,0.0000,0.5000,0.5000,0.0000,0.5000
2026-04-27T18:54:24.217,7.023,1,-0.60,-0.19,0.00,0.00,0,0.0000,0.0000,0.1500,0.0000,0.0000,0.0000,0.00,0.00,57.10,64.13,422,214,0.50711,0.50711,0.99052,0.50711,3,0,0,0.00000,0.00000,1.00000,0.0000,0.0000,0.0000,0.0000,0.0000,0.0000,0.00,0.00,0.00,1,1,0.0000,0.0000,0.1500,0.00,0.8500,0.3500,0.9200,6.00,180.00,2.000000,0.050000,0.000000,1.100000,0.000000,0.000000,1.200000,0.000000,0.000000,1.350000,0.000000,0.000000,0.850000,0.020000,0.000000,0.008000,0.000000,0.000600,0.008000,0.000000,0.000600,0.006000,0.000000,0.000000,1,1,1,422,208,539804,539804,329360,210444,0,60.00,30071,2948,392,0,0,0,30059,500.25,0.00,6,2092,0.0000,0.5000,0.5000,0.0000,0.5000
2026-04-27T18:54:24.234,7.041,1,-0.60,-0.19,0.00,0.00,0,0.0000,0.0000,0.1500,0.0000,0.0000,0.0000,0.00,0.00,64.33,59.70,423,214,0.50591,0.50591,0.99054,0.50591,3,0,0,0.00000,0.00000,1.00000,0.0000,0.0000,0.0000,0.0000,0.0000,0.0000,0.00,0.00,0.00,1,1,0.0000,0.0000,0.1500,0.00,0.8500,0.3500,0.9200,6.00,180.00,2.000000,0.050000,0.000000,1.100000,0.000000,0.000000,1.200000,0.000000,0.000000,1.350000,0.000000,0.000000,0.850000,0.020000,0.000000,0.008000,0.000000,0.000600,0.008000,0.000000,0.000600,0.006000,0.000000,0.000000,1,1,1,423,208,539804,539804,329360,210444,0,60.00,30071,2948,422,0,0,0,30089,500.00,0.00,6,2171,0.0000,0.5000,0.5000,0.0000,0.5000
2026-04-27T18:54:24.251,7.058,1,-0.60,-0.19,0.00,0.00,0,0.0000,0.0000,0.1500,0.0000,0.0000,0.0000,0.00,0.00,60.85,56.88,424,214,0.50472,0.50472,0.99057,0.50472,3,0,0,0.00000,0.00000,1.00000,0.0000,0.0000,0.0000,0.0000,0.0000,0.0000,0.00,0.00,0.00,1,1,0.0000,0.0000,0.1500,0.00,0.8500,0.3500,0.9200,6.00,180.00,2.000000,0.050000,0.000000,1.100000,0.000000,0.000000,1.200000,0.000000,0.000000,1.350000,0.000000,0.000000,0.850000,0.020000,0.000000,0.008000,0.000000,0.000600,0.008000,0.000000,0.000600,0.006000,0.000000,0.000000,1,1,1,424,208,539804,539804,329360,210444,0,60.00,30071,2948,422,0,0,0,30089,500.00,0.00,6,2171,0.0000,0.5000,0.5000,0.0000,0.5000
2026-04-27T18:54:24.267,7.073,1,-0.60,-0.19,0.00,0.00,0,0.0000,0.0000,0.1500,0.0000,0.0000,0.0000,0.00,0.00,52.59,63.85,425,214,0.50353,0.50353,0.99059,0.50353,3,0,0,0.00000,0.00000,1.00000,0.0000,0.0000,0.0000,0.0000,0.0000,0.0000,0.00,0.00,0.00,1,1,0.0000,0.0000,0.1500,0.00,0.8500,0.3500,0.9200,6.00,180.00,2.000000,0.050000,0.000000,1.100000,0.000000,0.000000,1.200000,0.000000,0.000000,1.350000,0.000000,0.000000,0.850000,0.020000,0.000000,0.008000,0.000000,0.000600,0.008000,0.000000,0.000600,0.006000,0.000000,0.000000,1,1,1,425,208,539804,539804,329360,210444,0,60.00,30071,2948,422,0,0,0,30089,500.00,0.00,6,2171,0.0000,0.5000,0.5000,0.0000,0.5000
2026-04-27T18:54:24.285,7.091,1,-0.60,-0.19,0.00,0.00,0,0.0000,0.0000,0.1500,0.0000,0.0000,0.0000,0.00,0.00,68.95,59.46,426,214,0.50235,0.50235,0.99061,0.50235,3,0,0,0.00000,0.00000,1.00000,0.0000,0.0000,0.0000,0.0000,0.0000,0.0000,0.00,0.00,0.00,1,1,0.0000,0.0000,0.1500,0.00,0.8500,0.3500,0.9200,6.00,180.00,2.000000,0.050000,0.000000,1.100000,0.000000,0.000000,1.200000,0.000000,0.000000,1.350000,0.000000,0.000000,0.850000,0.020000,0.000000,0.008000,0.000000,0.000600,0.008000,0.000000,0.000600,0.006000,0.000000,0.000000,1,1,1,426,208,539804,539804,329360,210444,0,60.00,30071,2948,422,0,0,0,30089,500.00,0.00,6,2171,0.0000,0.5000,0.5000,0.0000,0.5000
2026-04-27T18:54:24.303,7.110,1,-0.60,-0.19,0.00,0.00,0,0.0000,0.0000,0.1500,0.0000,0.0000,0.0000,0.00,0.00,55.61,57.33,427,214,0.50117,0.50117,0.99063,0.50117,3,0,0,0.00000,0.00000,1.00000,0.0000,0.0000,0.0000,0.0000,0.0000,0.0000,0.00,0.00,0.00,1,1,0.0000,0.0000,0.1500,0.00,0.8500,0.3500,0.9200,6.00,180.00,2.000000,0.050000,0.000000,1.100000,0.000000,0.000000,1.200000,0.000000,0.000000,1.350000,0.000000,0.000000,0.850000,0.020000,0.000000,0.008000,0.000000,0.000600,0.008000,0.000000,0.000600,0.006000,0.000000,0.000000,1,1,1,427,208,539804,539804,329360,210444,0,60.00,30071,2948,422,0,0,0,30089,500.00,0.00,6,2171,0.0000,0.5000,0.5000,0.0000,0.5000
2026-04-27T18:54:24.320,7.126,1,-0.60,-0.19,0.00,0.00,0,0.0000,0.0000,0.1500,0.0000,0.0000,0.0000,0.00,0.00,54.90,59.31,428,214,0.50000,0.50000,0.99065,0.50000,3,0,0,0.00000,0.00000,1.00000,0.0000,0.0000,0.0000,0.0000,0.0000,0.0000,0.00,0.00,0.00,1,1,0.0000,0.0000,0.1500,0.00,0.8500,0.3500,0.9200,6.00,180.00,2.000000,0.050000,0.000000,1.100000,0.000000,0.000000,1.200000,0.000000,0.000000,1.350000,0.000000,0.000000,0.850000,0.020000,0.000000,0.008000,0.000000,0.000600,0.008000,0.000000,0.000600,0.006000,0.000000,0.000000,1,1,1,428,208,539804,539804,329360,210444,0,60.00,30071,2948,422,0,0,0,30089,500.00,0.00,6,2171,0.0000,0.5000,0.5000,0.0000,0.5000
2026-04-27T18:54:24.334,7.141,1,-0.60,-0.19,0.00,0.00,0,0.0000,0.0000,0.1500,0.0000,0.0000,0.0000,0.00,0.00,60.03,65.63,429,214,0.49883,0.49883,0.99068,0.49883,3,0,0,0.00000,0.00000,1.00000,0.0000,0.0000,0.0000,0.0000,0.0000,0.0000,0.00,0.00,0.00,1,1,0.0000,0.0000,0.1500,0.00,0.8500,0.3500,0.9200,6.00,180.00,2.000000,0.050000,0.000000,1.100000,0.000000,0.000000,1.200000,0.000000,0.000000,1.350000,0.000000,0.000000,0.850000,0.020000,0.000000,0.008000,0.000000,0.000600,0.008000,0.000000,0.000600,0.006000,0.000000,0.000000,1,1,1,429,208,539804,539804,329360,210444,0,60.00,30071,2948,422,0,0,0,30089,500.00,0.00,6,2171,0.0000,0.5000,0.5000,0.0000,0.5000
2026-04-27T18:54:24.351,7.157,1,-0.60,-0.19,0.00,0.00,0,0.0000,0.0000,0.1500,0.0000,0.0000,0.0000,0.00,0.00,64.02,59.89,430,214,0.49767,0.49767,0.99070,0.49767,3,0,0,0.00000,0.00000,1.00000,0.0000,0.0000,0.0000,0.0000,0.0000,0.0000,0.00,0.00,0.00,1,1,0.0000,0.0000,0.1500,0.00,0.8500,0.3500,0.9200,6.00,180.00,2.000000,0.050000,0.000000,1.100000,0.000000,0.000000,1.200000,0.000000,0.000000,1.350000,0.000000,0.000000,0.850000,0.020000,0.000000,0.008000,0.000000,0.000600,0.008000,0.000000,0.000600,0.006000,0.000000,0.000000,1,1,1,430,208,539804,539804,329360,210444,0,60.00,30071,2948,422,0,0,0,30089,500.00,0.00,6,2171,0.0000,0.5000,0.5000,0.0000,0.5000
2026-04-27T18:54:24.363,7.170,1,-0.60,-0.19,0.00,0.00,0,0.0000,0.0000,0.1500,0.0000,0.0000,0.0000,0.00,0.00,65.33,74.06,431,214,0.49652,0.49652,0.99072,0.49652,3,0,0,0.00000,0.00000,1.00000,0.0000,0.0000,0.0000,0.0000,0.0000,0.0000,0.00,0.00,0.00,1,1,0.0000,0.0000,0.1500,0.00,0.8500,0.3500,0.9200,6.00,180.00,2.000000,0.050000,0.000000,1.100000,0.000000,0.000000,1.200000,0.000000,0.000000,1.350000,0.000000,0.000000,0.850000,0.020000,0.000000,0.008000,0.000000,0.000600,0.008000,0.000000,0.000600,0.006000,0.000000,0.000000,1,1,1,431,208,539804,539804,329360,210444,0,60.00,30071,2948,422,0,0,0,30089,500.00,0.00,6,2171,0.0000,0.5000,0.5000,0.0000,0.5000
2026-04-27T18:54:24.385,7.192,1,-0.60,-0.19,0.00,0.00,0,0.0000,0.0000,0.1500,0.0000,0.0000,0.0000,0.00,0.00,86.96,47.15,432,214,0.49537,0.49537,0.99074,0.49537,3,0,0,0.00000,0.00000,1.00000,0.0000,0.0000,0.0000,0.0000,0.0000,0.0000,0.00,0.00,0.00,1,1,0.0000,0.0000,0.1500,0.00,0.8500,0.3500,0.9200,6.00,180.00,2.000000,0.050000,0.000000,1.100000,0.000000,0.000000,1.200000,0.000000,0.000000,1.350000,0.000000,0.000000,0.850000,0.020000,0.000000,0.008000,0.000000,0.000600,0.008000,0.000000,0.000600,0.006000,0.000000,0.000000,1,1,1,432,208,539804,539804,329360,210444,0,60.00,30071,2948,422,0,0,0,30089,500.00,0.00,6,2171,0.0000,0.5000,0.5000,0.0000,0.5000
2026-04-27T18:54:24.398,7.204,1,-0.60,-0.19,0.00,0.00,0,0.0000,0.0000,0.1500,0.0000,0.0000,0.0000,0.00,0.00,43.07,74.28,433,214,0.49423,0.49423,0.99076,0.49423,3,0,0,0.00000,0.00000,1.00000,0.0000,0.0000,0.0000,0.0000,0.0000,0.0000,0.00,0.00,0.00,1,1,0.0000,0.0000,0.1500,0.00,0.8500,0.3500,0.9200,6.00,180.00,2.000000,0.050000,0.000000,1.100000,0.000000,0.000000,1.200000,0.000000,0.000000,1.350000,0.000000,0.000000,0.850000,0.020000,0.000000,0.008000,0.000000,0.000600,0.008000,0.000000,0.000600,0.006000,0.000000,0.000000,1,1,1,433,208,539804,539804,329360,210444,0,60.00,30071,2948,422,0,0,0,30089,500.00,0.00,6,2171,0.0000,0.5000,0.5000,0.0000,0.5000
2026-04-27T18:54:24.418,7.225,1,-0.60,-0.19,0.00,0.00,0,0.0000,0.0000,0.1500,0.0000,0.0000,0.0000,0.00,0.00,62.62,51.78,434,214,0.49309,0.49309,0.99078,0.49309,3,0,0,0.00000,0.00000,1.00000,0.0000,0.0000,0.0000,0.0000,0.0000,0.0000,0.00,0.00,0.00,1,1,0.0000,0.0000,0.1500,0.00,0.8500,0.3500,0.9200,6.00,180.00,2.000000,0.050000,0.000000,1.100000,0.000000,0.000000,1.200000,0.000000,0.000000,1.350000,0.000000,0.000000,0.850000,0.020000,0.000000,0.008000,0.000000,0.000600,0.008000,0.000000,0.000600,0.006000,0.000000,0.000000,1,1,1,434,208,539804,539804,329360,210444,0,60.00,30071,2948,422,0,0,0,30089,500.00,0.00,6,2171,0.0000,0.5000,0.5000,0.0000,0.5000
2026-04-27T18:54:24.435,7.242,1,-0.60,-0.19,0.00,0.00,0,0.0000,0.0000,0.1500,0.0000,0.0000,0.0000,0.00,0.00,59.46,59.51,435,214,0.49195,0.49195,0.99080,0.49195,3,0,0,0.00000,0.00000,1.00000,0.0000,0.0000,0.0000,0.0000,0.0000,0.0000,0.00,0.00,0.00,1,1,0.0000,0.0000,0.1500,0.00,0.8500,0.3500,0.9200,6.00,180.00,2.000000,0.050000,0.000000,1.100000,0.000000,0.000000,1.200000,0.000000,0.000000,1.350000,0.000000,0.000000,0.850000,0.020000,0.000000,0.008000,0.000000,0.000600,0.008000,0.000000,0.000600,0.006000,0.000000,0.000000,1,1,1,435,208,539804,539804,329360,210444,0,60.00,30071,2948,422,0,0,0,30089,500.00,0.00,6,2171,0.0000,0.5000,0.5000,0.0000,0.5000
2026-04-27T18:54:24.452,7.258,1,-0.60,-0.19,0.00,0.00,0,0.0000,0.0000,0.1500,0.0000,0.0000,0.0000,0.00,0.00,55.34,60.35,436,214,0.49083,0.49083,0.99083,0.49083,3,0,0,0.00000,0.00000,1.00000,0.0000,0.0000,0.0000,0.0000,0.0000,0.0000,0.00,0.00,0.00,1,1,0.0000,0.0000,0.1500,0.00,0.8500,0.3500,0.9200,6.00,180.00,2.000000,0.050000,0.000000,1.100000,0.000000,0.000000,1.200000,0.000000,0.000000,1.350000,0.000000,0.000000,0.850000,0.020000,0.000000,0.008000,0.000000,0.000600,0.008000,0.000000,0.000600,0.006000,0.000000,0.000000,1,1,1,436,208,539804,539804,329360,210444,0,60.00,30071,2948,422,0,0,0,30089,500.00,0.00,6,2171,0.0000,0.5000,0.5000,0.0000,0.5000
2026-04-27T18:54:24.467,7.274,1,-0.60,-0.19,0.00,0.00,0,0.0000,0.0000,0.1500,0.0000,0.0000,0.0000,0.00,0.00,64.17,63.21,437,214,0.48970,0.48970,0.99085,0.48970,3,0,0,0.00000,0.00000,1.00000,0.0000,0.0000,0.0000,0.0000,0.0000,0.0000,0.00,0.00,0.00,1,1,0.0000,0.0000,0.1500,0.00,0.8500,0.3500,0.9200,6.00,180.00,2.000000,0.050000,0.000000,1.100000,0.000000,0.000000,1.200000,0.000000,0.000000,1.350000,0.000000,0.000000,0.850000,0.020000,0.000000,0.008000,0.000000,0.000600,0.008000,0.000000,0.000600,0.006000,0.000000,0.000000,1,1,1,437,208,539804,539804,329360,210444,0,60.00,30071,2948,422,0,0,0,30089,500.00,0.00,6,2171,0.0000,0.5000,0.5000,0.0000,0.5000
2026-04-27T18:54:24.485,7.292,1,-0.60,-0.19,0.00,0.00,0,0.0000,0.0000,0.1500,0.0000,0.0000,0.0000,0.00,0.00,64.41,56.76,438,214,0.48858,0.48858,0.99087,0.48858,3,0,0,0.00000,0.00000,1.00000,0.0000,0.0000,0.0000,0.0000,0.0000,0.0000,0.00,0.00,0.00,1,1,0.0000,0.0000,0.1500,0.00,0.8500,0.3500,0.9200,6.00,180.00,2.000000,0.050000,0.000000,1.100000,0.000000,0.000000,1.200000,0.000000,0.000000,1.350000,0.000000,0.000000,0.850000,0.020000,0.000000,0.008000,0.000000,0.000600,0.008000,0.000000,0.000600,0.006000,0.000000,0.000000,1,1,1,438,208,539804,539804,329360,210444,0,60.00,30071,2948,422,0,0,0,30089,500.00,0.00,6,2171,0.0000,0.5000,0.5000,0.0000,0.5000
2026-04-27T18:54:24.502,7.309,1,-0.60,-0.19,0.00,0.00,0,0.0000,0.0000,0.1500,0.0000,0.0000,0.0000,0.00,0.00,56.75,62.27,439,214,0.48747,0.48747,0.99089,0.48747,3,0,0,0.00000,0.00000,1.00000,0.0000,0.0000,0.0000,0.0000,0.0000,0.0000,0.00,0.00,0.00,1,1,0.0000,0.0000,0.1500,0.00,0.8500,0.3500,0.9200,6.00,180.00,2.000000,0.050000,0.000000,1.100000,0.000000,0.000000,1.200000,0.000000,0.000000,1.350000,0.000000,0.000000,0.850000,0.020000,0.000000,0.008000,0.000000,0.000600,0.008000,0.000000,0.000600,0.006000,0.000000,0.000000,1,1,1,439,208,539804,539804,329360,210444,0,60.00,30071,2948,422,0,0,0,30089,500.00,0.00,6,2171,0.0000,0.5000,0.5000,0.0000,0.5000
2026-04-27T18:54:24.518,7.324,1,-0.60,-0.19,0.00,0.00,0,0.0000,0.0000,0.1500,0.0000,0.0000,0.0000,0.00,0.00,57.96,60.09,440,214,0.48636,0.48636,0.99091,0.48636,3,0,0,0.00000,0.00000,1.00000,0.0000,0.0000,0.0000,0.0000,0.0000,0.0000,0.00,0.00,0.00,1,1,0.0000,0.0000,0.1500,0.00,0.8500,0.3500,0.9200,6.00,180.00,2.000000,0.050000,0.000000,1.100000,0.000000,0.000000,1.200000,0.000000,0.000000,1.350000,0.000000,0.000000,0.850000,0.020000,0.000000,0.008000,0.000000,0.000600,0.008000,0.000000,0.000600,0.006000,0.000000,0.000000,1,1,1,440,208,539804,539804,329360,210444,0,60.00,30071,2948,422,0,0,0,30089,500.00,0.00,6,2171,0.0000,0.5000,0.5000,0.0000,0.5000
2026-04-27T18:54:24.537,7.344,1,-0.60,-0.19,0.00,0.00,0,0.0000,0.0000,0.1500,0.0000,0.0000,0.0000,0.00,0.00,64.58,58.00,441,214,0.48526,0.48526,0.99093,0.48526,3,0,0,0.00000,0.00000,1.00000,0.0000,0.0000,0.0000,0.0000,0.0000,0.0000,0.00,0.00,0.00,1,1,0.0000,0.0000,0.1500,0.00,0.8500,0.3500,0.9200,6.00,180.00,2.000000,0.050000,0.000000,1.100000,0.000000,0.000000,1.200000,0.000000,0.000000,1.350000,0.000000,0.000000,0.850000,0.020000,0.000000,0.008000,0.000000,0.000600,0.008000,0.000000,0.000600,0.006000,0.000000,0.000000,1,1,1,441,208,539804,539804,329360,210444,0,60.00,30071,2948,422,0,0,0,30089,500.00,0.00,6,2171,0.0000,0.5000,0.5000,0.0000,0.5000
2026-04-27T18:54:24.550,7.357,1,-0.60,-0.19,0.00,0.00,0,0.0000,0.0000,0.1500,0.0000,0.0000,0.0000,0.00,0.00,52.06,60.71,442,214,0.48416,0.48416,0.99095,0.48416,3,0,0,0.00000,0.00000,1.00000,0.0000,0.0000,0.0000,0.0000,0.0000,0.0000,0.00,0.00,0.00,1,1,0.0000,0.0000,0.1500,0.00,0.8500,0.3500,0.9200,6.00,180.00,2.000000,0.050000,0.000000,1.100000,0.000000,0.000000,1.200000,0.000000,0.000000,1.350000,0.000000,0.000000,0.850000,0.020000,0.000000,0.008000,0.000000,0.000600,0.008000,0.000000,0.000600,0.006000,0.000000,0.000000,1,1,1,442,208,539804,539804,329360,210444,0,60.00,30071,2948,422,0,0,0,30089,500.00,0.00,6,2171,0.0000,0.5000,0.5000,0.0000,0.5000
2026-04-27T18:54:24.567,7.373,1,-0.60,-0.19,0.00,0.00,0,0.0000,0.0000,0.1500,0.0000,0.0000,0.0000,0.00,0.00,67.04,62.06,443,214,0.48307,0.48307,0.99097,0.48307,3,0,0,0.00000,0.00000,1.00000,0.0000,0.0000,0.0000,0.0000,0.0000,0.0000,0.00,0.00,0.00,1,1,0.0000,0.0000,0.1500,0.00,0.8500,0.3500,0.9200,6.00,180.00,2.000000,0.050000,0.000000,1.100000,0.000000,0.000000,1.200000,0.000000,0.000000,1.350000,0.000000,0.000000,0.850000,0.020000,0.000000,0.008000,0.000000,0.000600,0.008000,0.000000,0.000600,0.006000,0.000000,0.000000,1,1,1,443,208,539804,539804,329360,210444,0,60.00,30071,2948,422,0,0,0,30089,500.00,0.00,6,2171,0.0000,0.5000,0.5000,0.0000,0.5000
2026-04-27T18:54:24.585,7.392,1,-0.60,-0.19,0.00,0.00,0,0.0000,0.0000,0.1500,0.0000,0.0000,0.0000,0.00,0.00,67.02,60.02,444,214,0.48198,0.48198,0.99099,0.48198,3,0,0,0.00000,0.00000,1.00000,0.0000,0.0000,0.0000,0.0000,0.0000,0.0000,0.00,0.00,0.00,1,1,0.0000,0.0000,0.1500,0.00,0.8500,0.3500,0.9200,6.00,180.00,2.000000,0.050000,0.000000,1.100000,0.000000,0.000000,1.200000,0.000000,0.000000,1.350000,0.000000,0.000000,0.850000,0.020000,0.000000,0.008000,0.000000,0.000600,0.008000,0.000000,0.000600,0.006000,0.000000,0.000000,1,1,1,444,208,539804,539804,329360,210444,0,60.00,30071,2948,422,0,0,0,30089,500.00,0.00,6,2171,0.0000,0.5000,0.5000,0.0000,0.5000
2026-04-27T18:54:24.601,7.407,1,-0.60,-0.19,0.00,0.00,0,0.0000,0.0000,0.1500,0.0000,0.0000,0.0000,0.00,0.00,54.18,59.99,445,214,0.48090,0.48090,0.99101,0.48090,3,0,0,0.00000,0.00000,1.00000,0.0000,0.0000,0.0000,0.0000,0.0000,0.0000,0.00,0.00,0.00,1,1,0.0000,0.0000,0.1500,0.00,0.8500,0.3500,0.9200,6.00,180.00,2.000000,0.050000,0.000000,1.100000,0.000000,0.000000,1.200000,0.000000,0.000000,1.350000,0.000000,0.000000,0.850000,0.020000,0.000000,0.008000,0.000000,0.000600,0.008000,0.000000,0.000600,0.006000,0.000000,0.000000,1,1,1,445,208,539804,539804,329360,210444,0,60.00,30071,2948,422,0,0,0,30089,500.00,0.00,6,2171,0.0000,0.5000,0.5000,0.0000,0.5000
2026-04-27T18:54:24.617,7.424,1,-0.60,-0.19,0.00,0.00,0,0.0000,0.0000,0.1500,0.0000,0.0000,0.0000,0.00,0.00,62.22,60.11,446,214,0.47982,0.47982,0.99103,0.47982,3,0,0,0.00000,0.00000,1.00000,0.0000,0.0000,0.0000,0.0000,0.0000,0.0000,0.00,0.00,0.00,1,1,0.0000,0.0000,0.1500,0.00,0.8500,0.3500,0.9200,6.00,180.00,2.000000,0.050000,0.000000,1.100000,0.000000,0.000000,1.200000,0.000000,0.000000,1.350000,0.000000,0.000000,0.850000,0.020000,0.000000,0.008000,0.000000,0.000600,0.008000,0.000000,0.000600,0.006000,0.000000,0.000000,1,1,1,446,208,539804,539804,329360,210444,0,60.00,30071,2948,422,0,0,0,30089,500.00,0.00,6,2171,0.0000,0.5000,0.5000,0.0000,0.5000
2026-04-27T18:54:24.636,7.442,1,-0.60,-0.19,0.00,0.00,0,0.0000,0.0000,0.1500,0.0000,0.0000,0.0000,0.00,0.00,67.12,55.07,447,214,0.47875,0.47875,0.99105,0.47875,3,0,0,0.00000,0.00000,1.00000,0.0000,0.0000,0.0000,0.0000,0.0000,0.0000,0.00,0.00,0.00,1,1,0.0000,0.0000,0.1500,0.00,0.8500,0.3500,0.9200,6.00,180.00,2.000000,0.050000,0.000000,1.100000,0.000000,0.000000,1.200000,0.000000,0.000000,1.350000,0.000000,0.000000,0.850000,0.020000,0.000000,0.008000,0.000000,0.000600,0.008000,0.000000,0.000600,0.006000,0.000000,0.000000,1,1,1,447,208,539804,539804,329360,210444,0,60.00,30071,2948,422,0,0,0,30089,500.00,0.00,6,2171,0.0000,0.5000,0.5000,0.0000,0.5000
2026-04-27T18:54:24.652,7.458,1,-0.60,-0.19,0.00,0.00,0,0.0000,0.0000,0.1500,0.0000,0.0000,0.0000,0.00,0.00,51.26,63.74,448,214,0.47768,0.47768,0.99107,0.47768,3,0,0,0.00000,0.00000,1.00000,0.0000,0.0000,0.0000,0.0000,0.0000,0.0000,0.00,0.00,0.00,1,1,0.0000,0.0000,0.1500,0.00,0.8500,0.3500,0.9200,6.00,180.00,2.000000,0.050000,0.000000,1.100000,0.000000,0.000000,1.200000,0.000000,0.000000,1.350000,0.000000,0.000000,0.850000,0.020000,0.000000,0.008000,0.000000,0.000600,0.008000,0.000000,0.000600,0.006000,0.000000,0.000000,1,1,1,448,208,539804,539804,329360,210444,0,60.00,30071,2948,422,0,0,0,30089,500.00,0.00,6,2171,0.0000,0.5000,0.5000,0.0000,0.5000
2026-04-27T18:54:24.668,7.475,1,-0.60,-0.19,0.00,0.00,0,0.0000,0.0000,0.1500,0.0000,0.0000,0.0000,0.00,0.00,63.62,59.40,449,214,0.47661,0.47661,0.99109,0.47661,3,0,0,0.00000,0.00000,1.00000,0.0000,0.0000,0.0000,0.0000,0.0000,0.0000,0.00,0.00,0.00,1,1,0.0000,0.0000,0.1500,0.00,0.8500,0.3500,0.9200,6.00,180.00,2.000000,0.050000,0.000000,1.100000,0.000000,0.000000,1.200000,0.000000,0.000000,1.350000,0.000000,0.000000,0.850000,0.020000,0.000000,0.008000,0.000000,0.000600,0.008000,0.000000,0.000600,0.006000,0.000000,0.000000,1,1,1,449,208,539804,539804,329360,210444,0,60.00,30071,2948,422,0,0,0,30089,500.00,0.00,6,2171,0.0000,0.5000,0.5000,0.0000,0.5000
2026-04-27T18:54:24.684,7.490,1,-0.60,-0.19,0.00,0.00,0,0.0000,0.0000,0.1500,0.0000,0.0000,0.0000,0.00,0.00,59.23,62.61,450,214,0.47556,0.47556,0.99111,0.47556,3,0,0,0.00000,0.00000,1.00000,0.0000,0.0000,0.0000,0.0000,0.0000,0.0000,0.00,0.00,0.00,1,1,0.0000,0.0000,0.1500,0.00,0.8500,0.3500,0.9200,6.00,180.00,2.000000,0.050000,0.000000,1.100000,0.000000,0.000000,1.200000,0.000000,0.000000,1.350000,0.000000,0.000000,0.850000,0.020000,0.000000,0.008000,0.000000,0.000600,0.008000,0.000000,0.000600,0.006000,0.000000,0.000000,1,1,1,450,208,539804,539804,329360,210444,0,60.00,30071,2948,422,0,0,0,30089,500.00,0.00,6,2171,0.0000,0.5000,0.5000,0.0000,0.5000
2026-04-27T18:54:24.701,7.508,1,-0.60,-0.19,0.00,0.00,0,0.0000,0.0000,0.1500,0.0000,0.0000,0.0000,0.00,0.00,64.43,60.08,451,214,0.47450,0.47450,0.99113,0.47450,3,0,0,0.00000,0.00000,1.00000,0.0000,0.0000,0.0000,0.0000,0.0000,0.0000,0.00,0.00,0.00,1,1,0.0000,0.0000,0.1500,0.00,0.8500,0.3500,0.9200,6.00,180.00,2.000000,0.050000,0.000000,1.100000,0.000000,0.000000,1.200000,0.000000,0.000000,1.350000,0.000000,0.000000,0.850000,0.020000,0.000000,0.008000,0.000000,0.000600,0.008000,0.000000,0.000600,0.006000,0.000000,0.000000,1,1,1,451,208,539804,539804,329360,210444,0,60.00,30071,2948,422,0,0,0,30089,500.00,0.00,6,2171,0.0000,0.5000,0.5000,0.0000,0.5000
2026-04-27T18:54:24.718,7.525,1,-0.60,-0.19,0.00,0.00,0,0.0000,0.0000,0.1500,0.0000,0.0000,0.0000,0.00,0.00,62.10,58.20,452,214,0.47345,0.47345,0.99115,0.47345,3,0,0,0.00000,0.00000,1.00000,0.0000,0.0000,0.0000,0.0000,0.0000,0.0000,0.00,0.00,0.00,1,1,0.0000,0.0000,0.1500,0.00,0.8500,0.3500,0.9200,6.00,180.00,2.000000,0.050000,0.000000,1.100000,0.000000,0.000000,1.200000,0.000000,0.000000,1.350000,0.000000,0.000000,0.850000,0.020000,0.000000,0.008000,0.000000,0.000600,0.008000,0.000000,0.000600,0.006000,0.000000,0.000000,1,1,1,452,208,539804,539804,329360,210444,0,60.00,30071,2948,422,0,0,0,30089,500.00,0.00,6,2171,0.0000,0.5000,0.5000,0.0000,0.5000
2026-04-27T18:54:24.734,7.540,1,-0.60,-0.19,0.00,0.00,0,0.0000,0.0000,0.1500,0.0000,0.0000,0.0000,0.00,0.00,54.20,60.24,453,214,0.47241,0.47241,0.99117,0.47241,3,0,0,0.00000,0.00000,1.00000,0.0000,0.0000,0.0000,0.0000,0.0000,0.0000,0.00,0.00,0.00,1,1,0.0000,0.0000,0.1500,0.00,0.8500,0.3500,0.9200,6.00,180.00,2.000000,0.050000,0.000000,1.100000,0.000000,0.000000,1.200000,0.000000,0.000000,1.350000,0.000000,0.000000,0.850000,0.020000,0.000000,0.008000,0.000000,0.000600,0.008000,0.000000,0.000600,0.006000,0.000000,0.000000,1,1,1,453,208,539804,539804,329360,210444,0,60.00,30071,2948,0,0,0,0,0,0.00,0.00,6,2002,0.0000,0.5000,0.5000,0.0000,0.5000
2026-04-27T18:54:24.752,7.559,1,-0.60,-0.19,0.00,0.00,0,0.0000,0.0000,0.1500,0.0000,0.0000,0.0000,0.00,0.00,64.73,59.84,454,214,0.47137,0.47137,0.99119,0.47137,3,0,0,0.00000,0.00000,1.00000,0.0000,0.0000,0.0000,0.0000,0.0000,0.0000,0.00,0.00,0.00,1,1,0.0000,0.0000,0.1500,0.00,0.8500,0.3500,0.9200,6.00,180.00,2.000000,0.050000,0.000000,1.100000,0.000000,0.000000,1.200000,0.000000,0.000000,1.350000,0.000000,0.000000,0.850000,0.020000,0.000000,0.008000,0.000000,0.000600,0.008000,0.000000,0.000600,0.006000,0.000000,0.000000,1,1,1,454,208,539804,539804,329360,210444,0,60.00,30071,2948,0,0,0,0,0,0.00,0.00,6,2002,0.0000,0.5000,0.5000,0.0000,0.5000
2026-04-27T18:54:24.767,7.574,1,-0.60,-0.19,0.00,0.00,0,0.0000,0.0000,0.1500,0.0000,0.0000,0.0000,0.00,0.00,53.63,61.83,455,214,0.47033,0.47033,0.99121,0.47033,3,0,0,0.00000,0.00000,1.00000,0.0000,0.0000,0.0000,0.0000,0.0000,0.0000,0.00,0.00,0.00,1,1,0.0000,0.0000,0.1500,0.00,0.8500,0.3500,0.9200,6.00,180.00,2.000000,0.050000,0.000000,1.100000,0.000000,0.000000,1.200000,0.000000,0.000000,1.350000,0.000000,0.000000,0.850000,0.020000,0.000000,0.008000,0.000000,0.000600,0.008000,0.000000,0.000600,0.006000,0.000000,0.000000,1,1,1,455,208,539804,539804,329360,210444,0,60.00,30071,2948,0,0,0,0,0,0.00,0.00,6,2002,0.0000,0.5000,0.5000,0.0000,0.5000
2026-04-27T18:54:24.784,7.591,1,-0.60,-0.19,0.00,0.00,0,0.0000,0.0000,0.1500,0.0000,0.0000,0.0000,0.00,0.00,67.61,59.64,456,214,0.46930,0.46930,0.99123,0.46930,3,0,0,0.00000,0.00000,1.00000,0.0000,0.0000,0.0000,0.0000,0.0000,0.0000,0.00,0.00,0.00,1,1,0.0000,0.0000,0.1500,0.00,0.8500,0.3500,0.9200,6.00,180.00,2.000000,0.050000,0.000000,1.100000,0.000000,0.000000,1.200000,0.000000,0.000000,1.350000,0.000000,0.000000,0.850000,0.020000,0.000000,0.008000,0.000000,0.000600,0.008000,0.000000,0.000600,0.006000,0.000000,0.000000,1,1,1,456,208,539804,539804,329360,210444,0,60.00,30071,2948,0,0,0,0,0,0.00,0.00,6,2002,0.0000,0.5000,0.5000,0.0000,0.5000
2026-04-27T18:54:24.801,7.607,1,-0.60,-0.19,0.00,0.00,0,0.0000,0.0000,0.1500,0.0000,0.0000,0.0000,0.00,0.00,58.99,60.33,457,214,0.46827,0.46827,0.99125,0.46827,3,0,0,0.00000,0.00000,1.00000,0.0000,0.0000,0.0000,0.0000,0.0000,0.0000,0.00,0.00,0.00,1,1,0.0000,0.0000,0.1500,0.00,0.8500,0.3500,0.9200,6.00,180.00,2.000000,0.050000,0.000000,1.100000,0.000000,0.000000,1.200000,0.000000,0.000000,1.350000,0.000000,0.000000,0.850000,0.020000,0.000000,0.008000,0.000000,0.000600,0.008000,0.000000,0.000600,0.006000,0.000000,0.000000,1,1,1,457,208,539804,539804,329360,210444,0,60.00,30071,2948,0,0,0,0,0,0.00,0.00,6,2002,0.0000,0.5000,0.5000,0.0000,0.5000
2026-04-27T18:54:24.817,7.624,1,-0.60,-0.19,0.00,0.00,0,0.0000,0.0000,0.1500,0.0000,0.0000,0.0000,0.00,0.00,58.75,56.75,458,214,0.46725,0.46725,0.99127,0.46725,3,0,0,0.00000,0.00000,1.00000,0.0000,0.0000,0.0000,0.0000,0.0000,0.0000,0.00,0.00,0.00,1,1,0.0000,0.0000,0.1500,0.00,0.8500,0.3500,0.9200,6.00,180.00,2.000000,0.050000,0.000000,1.100000,0.000000,0.000000,1.200000,0.000000,0.000000,1.350000,0.000000,0.000000,0.850000,0.020000,0.000000,0.008000,0.000000,0.000600,0.008000,0.000000,0.000600,0.006000,0.000000,0.000000,1,1,1,458,208,539804,539804,329360,210444,0,60.00,30071,2948,0,0,0,0,0,0.00,0.00,6,2002,0.0000,0.5000,0.5000,0.0000,0.5000
2026-04-27T18:54:24.834,7.640,1,-0.60,-0.19,0.00,0.00,0,0.0000,0.0000,0.1500,0.0000,0.0000,0.0000,0.00,0.00,56.55,62.05,459,214,0.46623,0.46623,0.99129,0.46623,3,0,0,0.00000,0.00000,1.00000,0.0000,0.0000,0.0000,0.0000,0.0000,0.0000,0.00,0.00,0.00,1,1,0.0000,0.0000,0.1500,0.00,0.8500,0.3500,0.9200,6.00,180.00,2.000000,0.050000,0.000000,1.100000,0.000000,0.000000,1.200000,0.000000,0.000000,1.350000,0.000000,0.000000,0.850000,0.020000,0.000000,0.008000,0.000000,0.000600,0.008000,0.000000,0.000600,0.006000,0.000000,0.000000,1,1,1,459,208,539804,539804,329360,210444,0,60.00,30071,2948,0,0,0,0,0,0.00,0.00,6,2002,0.0000,0.5000,0.5000,0.0000,0.5000
2026-04-27T18:54:24.852,7.659,1,-0.60,-0.19,0.00,0.00,0,0.0000,0.0000,0.1500,0.0000,0.0000,0.0000,0.00,0.00,64.93,58.06,460,214,0.46522,0.46522,0.99130,0.46522,3,0,0,0.00000,0.00000,1.00000,0.0000,0.0000,0.0000,0.0000,0.0000,0.0000,0.00,0.00,0.00,1,1,0.0000,0.0000,0.1500,0.00,0.8500,0.3500,0.9200,6.00,180.00,2.000000,0.050000,0.000000,1.100000,0.000000,0.000000,1.200000,0.000000,0.000000,1.350000,0.000000,0.000000,0.850000,0.020000,0.000000,0.008000,0.000000,0.000600,0.008000,0.000000,0.000600,0.006000,0.000000,0.000000,1,1,1,460,208,539804,539804,329360,210444,0,60.00,30071,2948,0,0,0,0,0,0.00,0.00,6,2002,0.0000,0.5000,0.5000,0.0000,0.5000
2026-04-27T18:54:24.869,7.676,1,-0.60,-0.19,0.00,0.00,0,0.0000,0.0000,0.1500,0.0000,0.0000,0.0000,0.00,0.00,55.95,58.79,461,214,0.46421,0.46421,0.99132,0.46421,3,0,0,0.00000,0.00000,1.00000,0.0000,0.0000,0.0000,0.0000,0.0000,0.0000,0.00,0.00,0.00,1,1,0.0000,0.0000,0.1500,0.00,0.8500,0.3500,0.9200,6.00,180.00,2.000000,0.050000,0.000000,1.100000,0.000000,0.000000,1.200000,0.000000,0.000000,1.350000,0.000000,0.000000,0.850000,0.020000,0.000000,0.008000,0.000000,0.000600,0.008000,0.000000,0.000600,0.006000,0.000000,0.000000,1,1,1,461,208,539804,539804,329360,210444,0,60.00,30071,2948,0,0,0,0,0,0.00,0.00,6,2002,0.0000,0.5000,0.5000,0.0000,0.5000
2026-04-27T18:54:24.885,7.692,1,-0.60,-0.19,0.00,0.00,0,0.0000,0.0000,0.1500,0.0000,0.0000,0.0000,0.00,0.00,58.77,61.34,462,214,0.46320,0.46320,0.99134,0.46320,3,0,0,0.00000,0.00000,1.00000,0.0000,0.0000,0.0000,0.0000,0.0000,0.0000,0.00,0.00,0.00,1,1,0.0000,0.0000,0.1500,0.00,0.8500,0.3500,0.9200,6.00,180.00,2.000000,0.050000,0.000000,1.100000,0.000000,0.000000,1.200000,0.000000,0.000000,1.350000,0.000000,0.000000,0.850000,0.020000,0.000000,0.008000,0.000000,0.000600,0.008000,0.000000,0.000600,0.006000,0.000000,0.000000,1,1,1,462,208,539804,539804,329360,210444,0,60.00,30071,2948,0,0,0,0,0,0.00,0.00,6,2002,0.0000,0.5000,0.5000,0.0000,0.5000
2026-04-27T18:54:24.901,7.707,1,-0.60,-0.19,0.00,0.00,0,0.0000,0.0000,0.1500,0.0000,0.0000,0.0000,0.00,0.00,58.97,63.81,463,214,0.46220,0.46220,0.99136,0.46220,3,0,0,0.00000,0.00000,1.00000,0.0000,0.0000,0.0000,0.0000,0.0000,0.0000,0.00,0.00,0.00,1,1,0.0000,0.0000,0.1500,0.00,0.8500,0.3500,0.9200,6.00,180.00,2.000000,0.050000,0.000000,1.100000,0.000000,0.000000,1.200000,0.000000,0.000000,1.350000,0.000000,0.000000,0.850000,0.020000,0.000000,0.008000,0.000000,0.000600,0.008000,0.000000,0.000600,0.006000,0.000000,0.000000,1,1,1,463,208,539804,539804,329360,210444,0,60.00,30071,2948,0,0,0,0,0,0.00,0.00,6,2002,0.0000,0.5000,0.5000,0.0000,0.5000
2026-04-27T18:54:24.918,7.725,1,-0.60,-0.19,0.00,0.00,0,0.0000,0.0000,0.1500,0.0000,0.0000,0.0000,0.00,0.00,68.02,57.87,464,214,0.46121,0.46121,0.99138,0.46121,3,0,0,0.00000,0.00000,1.00000,0.0000,0.0000,0.0000,0.0000,0.0000,0.0000,0.00,0.00,0.00,1,1,0.0000,0.0000,0.1500,0.00,0.8500,0.3500,0.9200,6.00,180.00,2.000000,0.050000,0.000000,1.100000,0.000000,0.000000,1.200000,0.000000,0.000000,1.350000,0.000000,0.000000,0.850000,0.020000,0.000000,0.008000,0.000000,0.000600,0.008000,0.000000,0.000600,0.006000,0.000000,0.000000,1,1,1,464,208,539804,539804,329360,210444,0,60.00,30071,2948,0,0,0,0,0,0.00,0.00,6,2002,0.0000,0.5000,0.5000,0.0000,0.5000
2026-04-27T18:54:24.935,7.741,1,-0.60,-0.19,0.00,0.00,0,0.0000,0.0000,0.1500,0.0000,0.0000,0.0000,0.00,0.00,57.77,63.18,465,214,0.46022,0.46022,0.99140,0.46022,3,0,0,0.00000,0.00000,1.00000,0.0000,0.0000,0.0000,0.0000,0.0000,0.0000,0.00,0.00,0.00,1,1,0.0000,0.0000,0.1500,0.00,0.8500,0.3500,0.9200,6.00,180.00,2.000000,0.050000,0.000000,1.100000,0.000000,0.000000,1.200000,0.000000,0.000000,1.350000,0.000000,0.000000,0.850000,0.020000,0.000000,0.008000,0.000000,0.000600,0.008000,0.000000,0.000600,0.006000,0.000000,0.000000,1,1,1,465,208,539804,539804,329360,210444,0,60.00,30071,2948,0,0,0,0,0,0.00,0.00,6,2002,0.0000,0.5000,0.5000,0.0000,0.5000
2026-04-27T18:54:24.952,7.758,1,-0.60,-0.19,0.00,0.00,0,0.0000,0.0000,0.1500,0.0000,0.0000,0.0000,0.00,0.00,57.84,59.28,466,214,0.45923,0.45923,0.99142,0.45923,3,0,0,0.00000,0.00000,1.00000,0.0000,0.0000,0.0000,0.0000,0.0000,0.0000,0.00,0.00,0.00,1,1,0.0000,0.0000,0.1500,0.00,0.8500,0.3500,0.9200,6.00,180.00,2.000000,0.050000,0.000000,1.100000,0.000000,0.000000,1.200000,0.000000,0.000000,1.350000,0.000000,0.000000,0.850000,0.020000,0.000000,0.008000,0.000000,0.000600,0.008000,0.000000,0.000600,0.006000,0.000000,0.000000,1,1,1,466,208,539864,539864,329420,210444,0,60.00,30131,2930,0,0,0,0,0,0.00,0.00,6,2002,0.0000,0.5000,0.5000,0.0000,0.5000
2026-04-27T18:54:24.971,7.778,1,-0.60,-0.19,0.00,0.00,0,0.0000,0.0000,0.1500,0.0000,0.0000,0.0000,0.00,0.00,61.87,55.02,467,214,0.45824,0.45824,0.99143,0.45824,3,0,0,0.00000,0.00000,1.00000,0.0000,0.0000,0.0000,0.0000,0.0000,0.0000,0.00,0.00,0.00,1,1,0.0000,0.0000,0.1500,0.00,0.8500,0.3500,0.9200,6.00,180.00,2.000000,0.050000,0.000000,1.100000,0.000000,0.000000,1.200000,0.000000,0.000000,1.350000,0.000000,0.000000,0.850000,0.020000,0.000000,0.008000,0.000000,0.000600,0.008000,0.000000,0.000600,0.006000,0.000000,0.000000,1,1,1,467,208,539864,539864,329420,210444,0,60.00,30131,2930,0,0,0,0,0,0.00,0.00,6,2002,0.0000,0.5000,0.5000,0.0000,0.5000
2026-04-27T18:54:24.985,7.791,1,-0.60,-0.19,0.00,0.00,0,0.0000,0.0000,0.1500,0.0000,0.0000,0.0000,0.00,0.00,51.20,63.72,468,214,0.45726,0.45726,0.99145,0.45726,3,0,0,0.00000,0.00000,1.00000,0.0000,0.0000,0.0000,0.0000,0.0000,0.0000,0.00,0.00,0.00,1,1,0.0000,0.0000,0.1500,0.00,0.8500,0.3500,0.9200,6.00,180.00,2.000000,0.050000,0.000000,1.100000,0.000000,0.000000,1.200000,0.000000,0.000000,1.350000,0.000000,0.000000,0.850000,0.020000,0.000000,0.008000,0.000000,0.000600,0.008000,0.000000,0.000600,0.006000,0.000000,0.000000,1,1,1,468,208,539864,539864,329420,210444,0,60.00,30131,2930,0,0,0,0,0,0.00,0.00,6,2002,0.0000,0.5000,0.5000,0.0000,0.5000
2026-04-27T18:54:25.002,7.808,1,-0.60,-0.19,0.00,0.00,0,0.0000,0.0000,0.1500,0.0000,0.0000,0.0000,0.00,0.00,72.23,58.52,469,214,0.45629,0.45629,0.99147,0.45629,3,0,0,0.00000,0.00000,1.00000,0.0000,0.0000,0.0000,0.0000,0.0000,0.0000,0.00,0.00,0.00,1,1,0.0000,0.0000,0.1500,0.00,0.8500,0.3500,0.9200,6.00,180.00,2.000000,0.050000,0.000000,1.100000,0.000000,0.000000,1.200000,0.000000,0.000000,1.350000,0.000000,0.000000,0.850000,0.020000,0.000000,0.008000,0.000000,0.000600,0.008000,0.000000,0.000600,0.006000,0.000000,0.000000,1,1,1,469,208,539864,539864,329420,210444,0,60.00,30131,2930,0,0,0,0,0,0.00,0.00,6,2002,0.0000,0.5000,0.5000,0.0000,0.5000
2026-04-27T18:54:25.018,7.824,1,-0.60,-0.19,0.00,0.00,0,0.0000,0.0000,0.1500,0.0000,0.0000,0.0000,0.00,0.00,55.57,63.22,470,214,0.45532,0.45532,0.99149,0.45532,3,0,0,0.00000,0.00000,1.00000,0.0000,0.0000,0.0000,0.0000,0.0000,0.0000,0.00,0.00,0.00,1,1,0.0000,0.0000,0.1500,0.00,0.8500,0.3500,0.9200,6.00,180.00,2.000000,0.050000,0.000000,1.100000,0.000000,0.000000,1.200000,0.000000,0.000000,1.350000,0.000000,0.000000,0.850000,0.020000,0.000000,0.008000,0.000000,0.000600,0.008000,0.000000,0.000600,0.006000,0.000000,0.000000,1,1,1,470,208,539864,539864,329420,210444,0,60.00,30131,2930,0,0,0,0,0,0.00,0.00,6,2002,0.0000,0.5000,0.5000,0.0000,0.5000
2026-04-27T18:54:25.035,7.842,1,-0.60,-0.19,0.00,0.00,0,0.0000,0.0000,0.1500,0.0000,0.0000,0.0000,0.00,0.00,69.12,60.30,471,214,0.45435,0.45435,0.99151,0.45435,3,0,0,0.00000,0.00000,1.00000,0.0000,0.0000,0.0000,0.0000,0.0000,0.0000,0.00,0.00,0.00,1,1,0.0000,0.0000,0.1500,0.00,0.8500,0.3500,0.9200,6.00,180.00,2.000000,0.050000,0.000000,1.100000,0.000000,0.000000,1.200000,0.000000,0.000000,1.350000,0.000000,0.000000,0.850000,0.020000,0.000000,0.008000,0.000000,0.000600,0.008000,0.000000,0.000600,0.006000,0.000000,0.000000,1,1,1,471,208,539864,539864,329420,210444,0,60.00,30131,2930,0,0,0,0,0,0.00,0.00,6,2002,0.0000,0.5000,0.5000,0.0000,0.5000
2026-04-27T18:54:25.053,7.859,1,-0.60,-0.19,0.00,0.00,0,0.0000,0.0000,0.1500,0.0000,0.0000,0.0000,0.00,0.00,56.16,54.10,472,214,0.45339,0.45339,0.99153,0.45339,3,0,0,0.00000,0.00000,1.00000,0.0000,0.0000,0.0000,0.0000,0.0000,0.0000,0.00,0.00,0.00,1,1,0.0000,0.0000,0.1500,0.00,0.8500,0.3500,0.9200,6.00,180.00,2.000000,0.050000,0.000000,1.100000,0.000000,0.000000,1.200000,0.000000,0.000000,1.350000,0.000000,0.000000,0.850000,0.020000,0.000000,0.008000,0.000000,0.000600,0.008000,0.000000,0.000600,0.006000,0.000000,0.000000,1,1,1,472,208,539864,539864,329420,210444,0,60.00,30131,2930,0,0,0,0,0,0.00,0.00,6,2002,0.0000,0.5000,0.5000,0.0000,0.5000
2026-04-27T18:54:25.068,7.875,1,-0.60,-0.19,0.00,0.00,0,0.0000,0.0000,0.1500,0.0000,0.0000,0.0000,0.00,0.00,57.08,63.87,473,214,0.45243,0.45243,0.99154,0.45243,3,0,0,0.00000,0.00000,1.00000,0.0000,0.0000,0.0000,0.0000,0.0000,0.0000,0.00,0.00,0.00,1,1,0.0000,0.0000,0.1500,0.00,0.8500,0.3500,0.9200,6.00,180.00,2.000000,0.050000,0.000000,1.100000,0.000000,0.000000,1.200000,0.000000,0.000000,1.350000,0.000000,0.000000,0.850000,0.020000,0.000000,0.008000,0.000000,0.000600,0.008000,0.000000,0.000600,0.006000,0.000000,0.000000,1,1,1,473,208,539864,539864,329420,210444,0,60.00,30131,2930,0,0,0,0,0,0.00,0.00,6,2002,0.0000,0.5000,0.5000,0.0000,0.5000
2026-04-27T18:54:25.084,7.891,1,-0.60,-0.19,0.00,0.00,0,0.0000,0.0000,0.1500,0.0000,0.0000,0.0000,0.00,0.00,58.79,63.45,474,214,0.45148,0.45148,0.99156,0.45148,3,0,0,0.00000,0.00000,1.00000,0.0000,0.0000,0.0000,0.0000,0.0000,0.0000,0.00,0.00,0.00,1,1,0.0000,0.0000,0.1500,0.00,0.8500,0.3500,0.9200,6.00,180.00,2.000000,0.050000,0.000000,1.100000,0.000000,0.000000,1.200000,0.000000,0.000000,1.350000,0.000000,0.000000,0.850000,0.020000,0.000000,0.008000,0.000000,0.000600,0.008000,0.000000,0.000600,0.006000,0.000000,0.000000,1,1,1,474,208,539864,539864,329420,210444,0,60.00,30131,2930,0,0,0,0,0,0.00,0.00,6,2002,0.0000,0.5000,0.5000,0.0000,0.5000
2026-04-27T18:54:25.102,7.909,1,-0.60,-0.19,0.00,0.00,0,0.0000,0.0000,0.1500,0.0000,0.0000,0.0000,0.00,0.00,68.57,56.05,475,214,0.45053,0.45053,0.99158,0.45053,3,0,0,0.00000,0.00000,1.00000,0.0000,0.0000,0.0000,0.0000,0.0000,0.0000,0.00,0.00,0.00,1,1,0.0000,0.0000,0.1500,0.00,0.8500,0.3500,0.9200,6.00,180.00,2.000000,0.050000,0.000000,1.100000,0.000000,0.000000,1.200000,0.000000,0.000000,1.350000,0.000000,0.000000,0.850000,0.020000,0.000000,0.008000,0.000000,0.000600,0.008000,0.000000,0.000600,0.006000,0.000000,0.000000,1,1,1,475,208,539864,539864,329420,210444,0,60.00,30131,2930,0,0,0,0,0,0.00,0.00,6,2002,0.0000,0.5000,0.5000,0.0000,0.5000
2026-04-27T18:54:25.117,7.924,1,-0.60,-0.19,0.00,0.00,0,0.0000,0.0000,0.1500,0.0000,0.0000,0.0000,0.00,0.00,60.08,61.10,476,214,0.44958,0.44958,0.99160,0.44958,3,0,0,0.00000,0.00000,1.00000,0.0000,0.0000,0.0000,0.0000,0.0000,0.0000,0.00,0.00,0.00,1,1,0.0000,0.0000,0.1500,0.00,0.8500,0.3500,0.9200,6.00,180.00,2.000000,0.050000,0.000000,1.100000,0.000000,0.000000,1.200000,0.000000,0.000000,1.350000,0.000000,0.000000,0.850000,0.020000,0.000000,0.008000,0.000000,0.000600,0.008000,0.000000,0.000600,0.006000,0.000000,0.000000,1,1,1,476,208,539864,539864,329420,210444,0,60.00,30131,2930,0,0,0,0,0,0.00,0.00,6,2002,0.0000,0.5000,0.5000,0.0000,0.5000
2026-04-27T18:54:25.134,7.941,1,-0.60,-0.19,0.00,0.00,0,0.0000,0.0000,0.1500,0.0000,0.0000,0.0000,0.00,0.00,57.00,59.19,477,214,0.44864,0.44864,0.99161,0.44864,3,0,0,0.00000,0.00000,1.00000,0.0000,0.0000,0.0000,0.0000,0.0000,0.0000,0.00,0.00,0.00,1,1,0.0000,0.0000,0.1500,0.00,0.8500,0.3500,0.9200,6.00,180.00,2.000000,0.050000,0.000000,1.100000,0.000000,0.000000,1.200000,0.000000,0.000000,1.350000,0.000000,0.000000,0.850000,0.020000,0.000000,0.008000,0.000000,0.000600,0.008000,0.000000,0.000600,0.006000,0.000000,0.000000,1,1,1,477,208,539864,539864,329420,210444,0,60.00,30131,2930,0,0,0,0,0,0.00,0.00,6,2002,0.0000,0.5000,0.5000,0.0000,0.5000
2026-04-27T18:54:25.150,7.957,1,-0.60,-0.19,0.00,0.00,0,0.0000,0.0000,0.1500,0.0000,0.0000,0.0000,0.00,0.00,62.68,62.35,478,214,0.44770,0.44770,0.99163,0.44770,3,0,0,0.00000,0.00000,1.00000,0.0000,0.0000,0.0000,0.0000,0.0000,0.0000,0.00,0.00,0.00,1,1,0.0000,0.0000,0.1500,0.00,0.8500,0.3500,0.9200,6.00,180.00,2.000000,0.050000,0.000000,1.100000,0.000000,0.000000,1.200000,0.000000,0.000000,1.350000,0.000000,0.000000,0.850000,0.020000,0.000000,0.008000,0.000000,0.000600,0.008000,0.000000,0.000600,0.006000,0.000000,0.000000,1,1,1,478,208,539864,539864,329420,210444,0,60.00,30131,2930,0,0,0,0,0,0.00,0.00,6,2002,0.0000,0.5000,0.5000,0.0000,0.5000
2026-04-27T18:54:25.167,7.974,1,-0.60,-0.19,0.00,0.00,0,0.0000,0.0000,0.1500,0.0000,0.0000,0.0000,0.00,0.00,63.53,61.66,479,214,0.44676,0.44676,0.99165,0.44676,3,0,0,0.00000,0.00000,1.00000,0.0000,0.0000,0.0000,0.0000,0.0000,0.0000,0.00,0.00,0.00,1,1,0.0000,0.0000,0.1500,0.00,0.8500,0.3500,0.9200,6.00,180.00,2.000000,0.050000,0.000000,1.100000,0.000000,0.000000,1.200000,0.000000,0.000000,1.350000,0.000000,0.000000,0.850000,0.020000,0.000000,0.008000,0.000000,0.000600,0.008000,0.000000,0.000600,0.006000,0.000000,0.000000,1,1,1,479,208,539864,539864,329420,210444,0,60.00,30131,2930,0,0,0,0,0,0.00,0.00,6,2002,0.0000,0.5000,0.5000,0.0000,0.5000
2026-04-27T18:54:25.185,7.991,1,-0.60,-0.19,0.00,0.00,0,0.0000,0.0000,0.1500,0.0000,0.0000,0.0000,0.00,0.00,62.31,61.55,480,214,0.44583,0.44583,0.99167,0.44583,3,0,0,0.00000,0.00000,1.00000,0.0000,0.0000,0.0000,0.0000,0.0000,0.0000,0.00,0.00,0.00,1,1,0.0000,0.0000,0.1500,0.00,0.8500,0.3500,0.9200,6.00,180.00,2.000000,0.050000,0.000000,1.100000,0.000000,0.000000,1.200000,0.000000,0.000000,1.350000,0.000000,0.000000,0.850000,0.020000,0.000000,0.008000,0.000000,0.000600,0.008000,0.000000,0.000600,0.006000,0.000000,0.000000,1,1,1,480,208,539864,539864,329420,210444,0,60.00,30131,2930,0,0,0,0,0,0.00,0.00,6,2002,0.0000,0.5000,0.5000,0.0000,0.5000
2026-04-27T18:54:25.201,8.007,1,-0.60,-0.19,0.00,0.00,0,0.0000,0.0000,0.1500,0.0000,0.0000,0.0000,0.00,0.00,53.93,55.17,481,214,0.44491,0.44491,0.99168,0.44491,3,0,0,0.00000,0.00000,1.00000,0.0000,0.0000,0.0000,0.0000,0.0000,0.0000,0.00,0.00,0.00,1,1,0.0000,0.0000,0.1500,0.00,0.8500,0.3500,0.9200,6.00,180.00,2.000000,0.050000,0.000000,1.100000,0.000000,0.000000,1.200000,0.000000,0.000000,1.350000,0.000000,0.000000,0.850000,0.020000,0.000000,0.008000,0.000000,0.000600,0.008000,0.000000,0.000600,0.006000,0.000000,0.000000,1,1,1,481,208,539864,539864,329420,210444,0,60.00,30131,2930,0,0,0,0,0,0.00,0.00,6,2002,0.0000,0.5000,0.5000,0.0000,0.5000
2026-04-27T18:54:25.218,8.025,1,-0.60,-0.19,0.00,0.00,0,0.0000,0.0000,0.1500,0.0000,0.0000,0.0000,0.00,0.00,58.61,63.98,482,214,0.44398,0.44398,0.99170,0.44398,3,0,0,0.00000,0.00000,1.00000,0.0000,0.0000,0.0000,0.0000,0.0000,0.0000,0.00,0.00,0.00,1,1,0.0000,0.0000,0.1500,0.00,0.8500,0.3500,0.9200,6.00,180.00,2.000000,0.050000,0.000000,1.100000,0.000000,0.000000,1.200000,0.000000,0.000000,1.350000,0.000000,0.000000,0.850000,0.020000,0.000000,0.008000,0.000000,0.000600,0.008000,0.000000,0.000600,0.006000,0.000000,0.000000,1,1,1,482,208,539864,539864,329420,210444,0,60.00,30131,2930,0,0,0,0,0,0.00,0.00,6,2002,0.0000,0.5000,0.5000,0.0000,0.5000
2026-04-27T18:54:25.234,8.040,1,-0.60,-0.19,0.00,0.00,0,0.0000,0.0000,0.1500,0.0000,0.0000,0.0000,0.00,0.00,60.75,58.95,483,214,0.44306,0.44306,0.99172,0.44306,3,0,0,0.00000,0.00000,1.00000,0.0000,0.0000,0.0000,0.0000,0.0000,0.0000,0.00,0.00,0.00,1,1,0.0000,0.0000,0.1500,0.00,0.8500,0.3500,0.9200,6.00,180.00,2.000000,0.050000,0.000000,1.100000,0.000000,0.000000,1.200000,0.000000,0.000000,1.350000,0.000000,0.000000,0.850000,0.020000,0.000000,0.008000,0.000000,0.000600,0.008000,0.000000,0.000600,0.006000,0.000000,0.000000,1,1,1,483,208,539864,539864,329420,210444,0,60.00,30131,2930,0,0,0,0,0,0.00,0.00,6,2002,0.0000,0.5000,0.5000,0.0000,0.5000
2026-04-27T18:54:25.251,8.058,1,-0.60,-0.19,0.00,0.00,0,0.0000,0.0000,0.1500,0.0000,0.0000,0.0000,0.00,0.00,65.23,59.76,484,214,0.44215,0.44215,0.99174,0.44215,3,0,0,0.00000,0.00000,1.00000,0.0000,0.0000,0.0000,0.0000,0.0000,0.0000,0.00,0.00,0.00,1,1,0.0000,0.0000,0.1500,0.00,0.8500,0.3500,0.9200,6.00,180.00,2.000000,0.050000,0.000000,1.100000,0.000000,0.000000,1.200000,0.000000,0.000000,1.350000,0.000000,0.000000,0.850000,0.020000,0.000000,0.008000,0.000000,0.000600,0.008000,0.000000,0.000600,0.006000,0.000000,0.000000,1,1,1,484,208,539864,539864,329420,210444,0,60.00,30131,2930,0,0,0,0,0,0.00,0.00,6,2002,0.0000,0.5000,0.5000,0.0000,0.5000
2026-04-27T18:54:25.267,8.073,1,-0.60,-0.19,0.00,0.00,0,0.0000,0.0000,0.1500,0.0000,0.0000,0.0000,0.00,0.00,57.71,60.24,485,214,0.44124,0.44124,0.99175,0.44124,3,0,0,0.00000,0.00000,1.00000,0.0000,0.0000,0.0000,0.0000,0.0000,0.0000,0.00,0.00,0.00,1,1,0.0000,0.0000,0.1500,0.00,0.8500,0.3500,0.9200,6.00,180.00,2.000000,0.050000,0.000000,1.100000,0.000000,0.000000,1.200000,0.000000,0.000000,1.350000,0.000000,0.000000,0.850000,0.020000,0.000000,0.008000,0.000000,0.000600,0.008000,0.000000,0.000600,0.006000,0.000000,0.000000,1,1,1,485,208,539864,539864,329420,210444,0,60.00,30131,2930,0,0,0,0,0,0.00,0.00,6,2002,0.0000,0.5000,0.5000,0.0000,0.5000
2026-04-27T18:54:25.284,8.091,1,-0.60,-0.19,0.00,0.00,0,0.0000,0.0000,0.1500,0.0000,0.0000,0.0000,0.00,0.00,68.63,61.45,486,214,0.44033,0.44033,0.99177,0.44033,3,0,0,0.00000,0.00000,1.00000,0.0000,0.0000,0.0000,0.0000,0.0000,0.0000,0.00,0.00,0.00,1,1,0.0000,0.0000,0.1500,0.00,0.8500,0.3500,0.9200,6.00,180.00,2.000000,0.050000,0.000000,1.100000,0.000000,0.000000,1.200000,0.000000,0.000000,1.350000,0.000000,0.000000,0.850000,0.020000,0.000000,0.008000,0.000000,0.000600,0.008000,0.000000,0.000600,0.006000,0.000000,0.000000,1,1,1,486,208,539864,539864,329420,210444,0,60.00,30131,2930,0,0,0,0,0,0.00,0.00,6,2002,0.0000,0.5000,0.5000,0.0000,0.5000
2026-04-27T18:54:25.301,8.107,1,-0.60,-0.19,0.00,0.00,0,0.0000,0.0000,0.1500,0.0000,0.0000,0.0000,0.00,0.00,57.78,59.45,487,214,0.43943,0.43943,0.99179,0.43943,3,0,0,0.00000,0.00000,1.00000,0.0000,0.0000,0.0000,0.0000,0.0000,0.0000,0.00,0.00,0.00,1,1,0.0000,0.0000,0.1500,0.00,0.8500,0.3500,0.9200,6.00,180.00,2.000000,0.050000,0.000000,1.100000,0.000000,0.000000,1.200000,0.000000,0.000000,1.350000,0.000000,0.000000,0.850000,0.020000,0.000000,0.008000,0.000000,0.000600,0.008000,0.000000,0.000600,0.006000,0.000000,0.000000,1,1,1,487,208,539864,539864,329420,210444,0,60.00,30131,2930,0,0,0,0,0,0.00,0.00,6,2002,0.0000,0.5000,0.5000,0.0000,0.5000
2026-04-27T18:54:25.317,8.123,1,-0.60,-0.19,0.00,0.00,0,0.0000,0.0000,0.1500,0.0000,0.0000,0.0000,0.00,0.00,59.58,59.72,488,214,0.43852,0.43852,0.99180,0.43852,3,0,0,0.00000,0.00000,1.00000,0.0000,0.0000,0.0000,0.0000,0.0000,0.0000,0.00,0.00,0.00,1,1,0.0000,0.0000,0.1500,0.00,0.8500,0.3500,0.9200,6.00,180.00,2.000000,0.050000,0.000000,1.100000,0.000000,0.000000,1.200000,0.000000,0.000000,1.350000,0.000000,0.000000,0.850000,0.020000,0.000000,0.008000,0.000000,0.000600,0.008000,0.000000,0.000600,0.006000,0.000000,0.000000,1,1,1,488,208,539864,539864,329420,210444,0,60.00,30131,2930,0,0,0,0,0,0.00,0.00,6,2002,0.0000,0.5000,0.5000,0.0000,0.5000
2026-04-27T18:54:25.334,8.141,1,-0.60,-0.19,0.00,0.00,0,0.0000,0.0000,0.1500,0.0000,0.0000,0.0000,0.00,0.00,58.35,60.24,489,214,0.43763,0.43763,0.99182,0.43763,3,0,0,0.00000,0.00000,1.00000,0.0000,0.0000,0.0000,0.0000,0.0000,0.0000,0.00,0.00,0.00,1,1,0.0000,0.0000,0.1500,0.00,0.8500,0.3500,0.9200,6.00,180.00,2.000000,0.050000,0.000000,1.100000,0.000000,0.000000,1.200000,0.000000,0.000000,1.350000,0.000000,0.000000,0.850000,0.020000,0.000000,0.008000,0.000000,0.000600,0.008000,0.000000,0.000600,0.006000,0.000000,0.000000,1,1,1,489,208,539864,539864,329420,210444,0,60.00,30131,2930,0,0,0,0,0,0.00,0.00,6,2002,0.0000,0.5000,0.5000,0.0000,0.5000
2026-04-27T18:54:25.351,8.157,1,-0.60,-0.19,0.00,0.00,0,0.0000,0.0000,0.1500,0.0000,0.0000,0.0000,0.00,0.00,57.26,60.47,490,214,0.43673,0.43673,0.99184,0.43673,3,0,0,0.00000,0.00000,1.00000,0.0000,0.0000,0.0000,0.0000,0.0000,0.0000,0.00,0.00,0.00,1,1,0.0000,0.0000,0.1500,0.00,0.8500,0.3500,0.9200,6.00,180.00,2.000000,0.050000,0.000000,1.100000,0.000000,0.000000,1.200000,0.000000,0.000000,1.350000,0.000000,0.000000,0.850000,0.020000,0.000000,0.008000,0.000000,0.000600,0.008000,0.000000,0.000600,0.006000,0.000000,0.000000,1,1,1,490,208,539864,539864,329420,210444,0,60.00,30131,2930,0,0,0,0,0,0.00,0.00,6,2002,0.0000,0.5000,0.5000,0.0000,0.5000
2026-04-27T18:54:25.368,8.175,1,-0.60,-0.19,0.00,0.00,0,0.0000,0.0000,0.1500,0.0000,0.0000,0.0000,0.00,0.00,60.86,58.10,491,214,0.43585,0.43585,0.99185,0.43585,3,0,0,0.00000,0.00000,1.00000,0.0000,0.0000,0.0000,0.0000,0.0000,0.0000,0.00,0.00,0.00,1,1,0.0000,0.0000,0.1500,0.00,0.8500,0.3500,0.9200,6.00,180.00,2.000000,0.050000,0.000000,1.100000,0.000000,0.000000,1.200000,0.000000,0.000000,1.350000,0.000000,0.000000,0.850000,0.020000,0.000000,0.008000,0.000000,0.000600,0.008000,0.000000,0.000600,0.006000,0.000000,0.000000,1,1,1,491,208,539864,539864,329420,210444,0,60.00,30131,2930,0,0,0,0,0,0.00,0.00,6,2002,0.0000,0.5000,0.5000,0.0000,0.5000
2026-04-27T18:54:25.388,8.194,1,-0.60,-0.19,0.00,0.00,0,0.0000,0.0000,0.1500,0.0000,0.0000,0.0000,0.00,0.00,56.47,57.03,492,214,0.43496,0.43496,0.99187,0.43496,3,0,0,0.00000,0.00000,1.00000,0.0000,0.0000,0.0000,0.0000,0.0000,0.0000,0.00,0.00,0.00,1,1,0.0000,0.0000,0.1500,0.00,0.8500,0.3500,0.9200,6.00,180.00,2.000000,0.050000,0.000000,1.100000,0.000000,0.000000,1.200000,0.000000,0.000000,1.350000,0.000000,0.000000,0.850000,0.020000,0.000000,0.008000,0.000000,0.000600,0.008000,0.000000,0.000600,0.006000,0.000000,0.000000,1,1,1,492,208,539864,539864,329420,210444,0,60.00,30131,2930,0,0,0,0,0,0.00,0.00,6,2002,0.0000,0.5000,0.5000,0.0000,0.5000
2026-04-27T18:54:25.401,8.207,1,-0.60,-0.19,0.00,0.00,0,0.0000,0.0000,0.1500,0.0000,0.0000,0.0000,0.00,0.00,52.62,61.11,493,214,0.43408,0.43408,0.99189,0.43408,3,0,0,0.00000,0.00000,1.00000,0.0000,0.0000,0.0000,0.0000,0.0000,0.0000,0.00,0.00,0.00,1,1,0.0000,0.0000,0.1500,0.00,0.8500,0.3500,0.9200,6.00,180.00,2.000000,0.050000,0.000000,1.100000,0.000000,0.000000,1.200000,0.000000,0.000000,1.350000,0.000000,0.000000,0.850000,0.020000,0.000000,0.008000,0.000000,0.000600,0.008000,0.000000,0.000600,0.006000,0.000000,0.000000,1,1,1,493,208,539864,539864,329420,210444,0,60.00,30131,2930,0,0,0,0,0,0.00,0.00,6,2002,0.0000,0.5000,0.5000,0.0000,0.5000
2026-04-27T18:54:25.419,8.226,1,-0.60,-0.19,0.00,0.00,0,0.0000,0.0000,0.1500,0.0000,0.0000,0.0000,0.00,0.00,68.04,59.46,494,214,0.43320,0.43320,0.99190,0.43320,3,0,0,0.00000,0.00000,1.00000,0.0000,0.0000,0.0000,0.0000,0.0000,0.0000,0.00,0.00,0.00,1,1,0.0000,0.0000,0.1500,0.00,0.8500,0.3500,0.9200,6.00,180.00,2.000000,0.050000,0.000000,1.100000,0.000000,0.000000,1.200000,0.000000,0.000000,1.350000,0.000000,0.000000,0.850000,0.020000,0.000000,0.008000,0.000000,0.000600,0.008000,0.000000,0.000600,0.006000,0.000000,0.000000,1,1,1,494,208,539864,539864,329420,210444,0,60.00,30131,2930,0,0,0,0,0,0.00,0.00,6,2002,0.0000,0.5000,0.5000,0.0000,0.5000
2026-04-27T18:54:25.435,8.241,1,-0.60,-0.19,0.00,0.00,0,0.0000,0.0000,0.1500,0.0000,0.0000,0.0000,0.00,0.00,59.25,64.53,495,214,0.43232,0.43232,0.99192,0.43232,3,0,0,0.00000,0.00000,1.00000,0.0000,0.0000,0.0000,0.0000,0.0000,0.0000,0.00,0.00,0.00,1,1,0.0000,0.0000,0.1500,0.00,0.8500,0.3500,0.9200,6.00,180.00,2.000000,0.050000,0.000000,1.100000,0.000000,0.000000,1.200000,0.000000,0.000000,1.350000,0.000000,0.000000,0.850000,0.020000,0.000000,0.008000,0.000000,0.000600,0.008000,0.000000,0.000600,0.006000,0.000000,0.000000,1,1,1,495,208,539864,539864,329420,210444,0,60.00,30131,2930,0,0,0,0,0,0.00,0.00,6,2002,0.0000,0.5000,0.5000,0.0000,0.5000
2026-04-27T18:54:25.451,8.258,1,-0.60,-0.19,0.00,0.00,0,0.0000,0.0000,0.1500,0.0000,0.0000,0.0000,0.00,0.00,58.60,58.22,496,214,0.43145,0.43145,0.99194,0.43145,3,0,0,0.00000,0.00000,1.00000,0.0000,0.0000,0.0000,0.0000,0.0000,0.0000,0.00,0.00,0.00,1,1,0.0000,0.0000,0.1500,0.00,0.8500,0.3500,0.9200,6.00,180.00,2.000000,0.050000,0.000000,1.100000,0.000000,0.000000,1.200000,0.000000,0.000000,1.350000,0.000000,0.000000,0.850000,0.020000,0.000000,0.008000,0.000000,0.000600,0.008000,0.000000,0.000600,0.006000,0.000000,0.000000,1,1,1,496,208,539864,539864,329420,210444,0,60.00,30131,2930,0,0,0,0,0,0.00,0.00,6,2002,0.0000,0.5000,0.5000,0.0000,0.5000
2026-04-27T18:54:25.469,8.275,1,-0.60,-0.19,0.00,0.00,0,0.0000,0.0000,0.1500,0.0000,0.0000,0.0000,0.00,0.00,66.42,59.64,497,214,0.43058,0.43058,0.99195,0.43058,3,0,0,0.00000,0.00000,1.00000,0.0000,0.0000,0.0000,0.0000,0.0000,0.0000,0.00,0.00,0.00,1,1,0.0000,0.0000,0.1500,0.00,0.8500,0.3500,0.9200,6.00,180.00,2.000000,0.050000,0.000000,1.100000,0.000000,0.000000,1.200000,0.000000,0.000000,1.350000,0.000000,0.000000,0.850000,0.020000,0.000000,0.008000,0.000000,0.000600,0.008000,0.000000,0.000600,0.006000,0.000000,0.000000,1,1,1,497,208,539864,539864,329420,210444,0,60.00,30131,2930,0,0,0,0,0,0.00,0.00,6,2002,0.0000,0.5000,0.5000,0.0000,0.5000
2026-04-27T18:54:25.485,8.291,1,-0.60,-0.19,0.00,0.00,0,0.0000,0.0000,0.1500,0.0000,0.0000,0.0000,0.00,0.00,56.34,62.86,498,214,0.42972,0.42972,0.99197,0.42972,3,0,0,0.00000,0.00000,1.00000,0.0000,0.0000,0.0000,0.0000,0.0000,0.0000,0.00,0.00,0.00,1,1,0.0000,0.0000,0.1500,0.00,0.8500,0.3500,0.9200,6.00,180.00,2.000000,0.050000,0.000000,1.100000,0.000000,0.000000,1.200000,0.000000,0.000000,1.350000,0.000000,0.000000,0.850000,0.020000,0.000000,0.008000,0.000000,0.000600,0.008000,0.000000,0.000600,0.006000,0.000000,0.000000,1,1,1,498,208,539864,539864,329420,210444,0,60.00,30131,2930,0,0,0,0,0,0.00,0.00,6,2002,0.0000,0.5000,0.5000,0.0000,0.5000
2026-04-27T18:54:25.500,8.306,1,-0.60,-0.19,0.00,0.00,0,0.0000,0.0000,0.1500,0.0000,0.0000,0.0000,0.00,0.00,59.88,59.91,499,214,0.42886,0.42886,0.99198,0.42886,3,0,0,0.00000,0.00000,1.00000,0.0000,0.0000,0.0000,0.0000,0.0000,0.0000,0.00,0.00,0.00,1,1,0.0000,0.0000,0.1500,0.00,0.8500,0.3500,0.9200,6.00,180.00,2.000000,0.050000,0.000000,1.100000,0.000000,0.000000,1.200000,0.000000,0.000000,1.350000,0.000000,0.000000,0.850000,0.020000,0.000000,0.008000,0.000000,0.000600,0.008000,0.000000,0.000600,0.006000,0.000000,0.000000,1,1,1,499,208,539864,539864,329420,210444,0,60.00,30131,2930,0,0,0,0,0,0.00,0.00,6,2002,0.0000,0.5000,0.5000,0.0000,0.5000
2026-04-27T18:54:25.519,8.325,1,-0.60,-0.19,0.00,0.00,0,0.0000,0.0000,0.1500,0.0000,0.0000,0.0000,0.00,0.00,63.86,56.74,500,214,0.42800,0.42800,0.99200,0.42800,3,0,0,0.00000,0.00000,1.00000,0.0000,0.0000,0.0000,0.0000,0.0000,0.0000,0.00,0.00,0.00,1,1,0.0000,0.0000,0.1500,0.00,0.8500,0.3500,0.9200,6.00,180.00,2.000000,0.050000,0.000000,1.100000,0.000000,0.000000,1.200000,0.000000,0.000000,1.350000,0.000000,0.000000,0.850000,0.020000,0.000000,0.008000,0.000000,0.000600,0.008000,0.000000,0.000600,0.006000,0.000000,0.000000,1,1,1,500,208,539864,539864,329420,210444,0,60.00,30131,2930,0,0,0,0,0,0.00,0.00,6,2002,0.0000,0.5000,0.5000,0.0000,0.5000
2026-04-27T18:54:25.534,8.340,1,-0.60,-0.19,0.00,0.00,0,0.0000,0.0000,0.1500,0.0000,0.0000,0.0000,0.00,0.00,59.02,64.09,501,214,0.42715,0.42715,0.99202,0.42715,3,0,0,0.00000,0.00000,1.00000,0.0000,0.0000,0.0000,0.0000,0.0000,0.0000,0.00,0.00,0.00,1,1,0.0000,0.0000,0.1500,0.00,0.8500,0.3500,0.9200,6.00,180.00,2.000000,0.050000,0.000000,1.100000,0.000000,0.000000,1.200000,0.000000,0.000000,1.350000,0.000000,0.000000,0.850000,0.020000,0.000000,0.008000,0.000000,0.000600,0.008000,0.000000,0.000600,0.006000,0.000000,0.000000,1,1,1,501,208,539864,539864,329420,210444,0,60.00,30131,2930,0,0,0,0,0,0.00,0.00,6,2002,0.0000,0.5000,0.5000,0.0000,0.5000
2026-04-27T18:54:25.551,8.357,1,-0.60,-0.19,0.00,0.00,0,0.0000,0.0000,0.1500,0.0000,0.0000,0.0000,0.00,0.00,64.10,59.86,502,214,0.42629,0.42629,0.99203,0.42629,3,0,0,0.00000,0.00000,1.00000,0.0000,0.0000,0.0000,0.0000,0.0000,0.0000,0.00,0.00,0.00,1,1,0.0000,0.0000,0.1500,0.00,0.8500,0.3500,0.9200,6.00,180.00,2.000000,0.050000,0.000000,1.100000,0.000000,0.000000,1.200000,0.000000,0.000000,1.350000,0.000000,0.000000,0.850000,0.020000,0.000000,0.008000,0.000000,0.000600,0.008000,0.000000,0.000600,0.006000,0.000000,0.000000,1,1,1,502,208,539864,539864,329420,210444,0,60.00,30131,2930,0,0,0,0,0,0.00,0.00,6,2002,0.0000,0.5000,0.5000,0.0000,0.5000
2026-04-27T18:54:25.567,8.374,1,-0.60,-0.19,0.00,0.00,0,0.0000,0.0000,0.1500,0.0000,0.0000,0.0000,0.00,0.00,59.86,59.98,503,214,0.42545,0.42545,0.99205,0.42545,3,0,0,0.00000,0.00000,1.00000,0.0000,0.0000,0.0000,0.0000,0.0000,0.0000,0.00,0.00,0.00,1,1,0.0000,0.0000,0.1500,0.00,0.8500,0.3500,0.9200,6.00,180.00,2.000000,0.050000,0.000000,1.100000,0.000000,0.000000,1.200000,0.000000,0.000000,1.350000,0.000000,0.000000,0.850000,0.020000,0.000000,0.008000,0.000000,0.000600,0.008000,0.000000,0.000600,0.006000,0.000000,0.000000,1,1,1,503,208,539864,539864,329420,210444,0,60.00,30131,2930,0,0,0,0,0,0.00,0.00,6,2002,0.0000,0.5000,0.5000,0.0000,0.5000
2026-04-27T18:54:25.584,8.390,1,-0.60,-0.19,0.00,0.00,0,0.0000,0.0000,0.1500,0.0000,0.0000,0.0000,0.00,0.00,63.80,60.01,504,214,0.42460,0.42460,0.99206,0.42460,3,0,0,0.00000,0.00000,1.00000,0.0000,0.0000,0.0000,0.0000,0.0000,0.0000,0.00,0.00,0.00,1,1,0.0000,0.0000,0.1500,0.00,0.8500,0.3500,0.9200,6.00,180.00,2.000000,0.050000,0.000000,1.100000,0.000000,0.000000,1.200000,0.000000,0.000000,1.350000,0.000000,0.000000,0.850000,0.020000,0.000000,0.008000,0.000000,0.000600,0.008000,0.000000,0.000600,0.006000,0.000000,0.000000,1,1,1,504,208,539864,539864,329420,210444,0,60.00,30131,2930,0,0,0,0,0,0.00,0.00,6,2002,0.0000,0.5000,0.5000,0.0000,0.5000
2026-04-27T18:54:25.600,8.407,1,-0.60,-0.19,0.00,0.00,0,0.0000,0.0000,0.1500,0.0000,0.0000,0.0000,0.00,0.00,56.62,97.26,505,214,0.42376,0.42376,0.99208,0.42376,3,0,0,0.00000,0.00000,1.00000,0.0000,0.0000,0.0000,0.0000,0.0000,0.0000,0.00,0.00,0.00,1,1,0.0000,0.0000,0.1500,0.00,0.8500,0.3500,0.9200,6.00,180.00,2.000000,0.050000,0.000000,1.100000,0.000000,0.000000,1.200000,0.000000,0.000000,1.350000,0.000000,0.000000,0.850000,0.020000,0.000000,0.008000,0.000000,0.000600,0.008000,0.000000,0.000600,0.006000,0.000000,0.000000,1,1,1,505,208,539864,539864,329420,210444,0,60.00,30131,2930,0,0,0,0,0,0.00,0.00,6,2002,0.0000,0.5000,0.5000,0.0000,0.5000
2026-04-27T18:54:25.616,8.423,1,-0.60,-0.19,0.00,0.00,0,0.0000,0.0000,0.1500,0.0000,0.0000,0.0000,0.00,0.00,64.47,42.93,506,214,0.42292,0.42292,0.99209,0.42292,3,0,0,0.00000,0.00000,1.00000,0.0000,0.0000,0.0000,0.0000,0.0000,0.0000,0.00,0.00,0.00,1,1,0.0000,0.0000,0.1500,0.00,0.8500,0.3500,0.9200,6.00,180.00,2.000000,0.050000,0.000000,1.100000,0.000000,0.000000,1.200000,0.000000,0.000000,1.350000,0.000000,0.000000,0.850000,0.020000,0.000000,0.008000,0.000000,0.000600,0.008000,0.000000,0.000600,0.006000,0.000000,0.000000,1,1,1,506,208,539864,539864,329420,210444,0,60.00,30131,2930,0,0,0,0,0,0.00,0.00,6,2002,0.0000,0.5000,0.5000,0.0000,0.5000
2026-04-27T18:54:25.634,8.440,1,-0.60,-0.19,0.00,0.00,0,0.0000,0.0000,0.1500,0.0000,0.0000,0.0000,0.00,0.00,57.12,61.02,507,214,0.42209,0.42209,0.99211,0.42209,3,0,0,0.00000,0.00000,1.00000,0.0000,0.0000,0.0000,0.0000,0.0000,0.0000,0.00,0.00,0.00,1,1,0.0000,0.0000,0.1500,0.00,0.8500,0.3500,0.9200,6.00,180.00,2.000000,0.050000,0.000000,1.100000,0.000000,0.000000,1.200000,0.000000,0.000000,1.350000,0.000000,0.000000,0.850000,0.020000,0.000000,0.008000,0.000000,0.000600,0.008000,0.000000,0.000600,0.006000,0.000000,0.000000,1,1,1,507,208,539864,539864,329420,210444,0,60.00,30131,2930,0,0,0,0,0,0.00,0.00,6,2002,0.0000,0.5000,0.5000,0.0000,0.5000
2026-04-27T18:54:25.651,8.457,1,-0.60,-0.19,0.00,0.00,0,0.0000,0.0000,0.1500,0.0000,0.0000,0.0000,0.00,0.00,59.01,59.99,508,214,0.42126,0.42126,0.99213,0.42126,3,0,0,0.00000,0.00000,1.00000,0.0000,0.0000,0.0000,0.0000,0.0000,0.0000,0.00,0.00,0.00,1,1,0.0000,0.0000,0.1500,0.00,0.8500,0.3500,0.9200,6.00,180.00,2.000000,0.050000,0.000000,1.100000,0.000000,0.000000,1.200000,0.000000,0.000000,1.350000,0.000000,0.000000,0.850000,0.020000,0.000000,0.008000,0.000000,0.000600,0.008000,0.000000,0.000600,0.006000,0.000000,0.000000,1,1,1,508,208,539864,539864,329420,210444,0,60.00,30131,2930,0,0,0,0,0,0.00,0.00,6,2002,0.0000,0.5000,0.5000,0.0000,0.5000
2026-04-27T18:54:25.667,8.474,1,-0.60,-0.19,0.00,0.00,0,0.0000,0.0000,0.1500,0.0000,0.0000,0.0000,0.00,0.00,59.87,59.98,509,214,0.42043,0.42043,0.99214,0.42043,3,0,0,0.00000,0.00000,1.00000,0.0000,0.0000,0.0000,0.0000,0.0000,0.0000,0.00,0.00,0.00,1,1,0.0000,0.0000,0.1500,0.00,0.8500,0.3500,0.9200,6.00,180.00,2.000000,0.050000,0.000000,1.100000,0.000000,0.000000,1.200000,0.000000,0.000000,1.350000,0.000000,0.000000,0.850000,0.020000,0.000000,0.008000,0.000000,0.000600,0.008000,0.000000,0.000600,0.006000,0.000000,0.000000,1,1,1,509,208,539864,539864,329420,210444,0,60.00,30131,2930,0,0,0,0,0,0.00,0.00,6,2002,0.0000,0.5000,0.5000,0.0000,0.5000
2026-04-27T18:54:25.684,8.490,1,-0.60,-0.19,0.00,0.00,0,0.0000,0.0000,0.1500,0.0000,0.0000,0.0000,0.00,0.00,63.93,59.71,510,214,0.41961,0.41961,0.99216,0.41961,3,0,0,0.00000,0.00000,1.00000,0.0000,0.0000,0.0000,0.0000,0.0000,0.0000,0.00,0.00,0.00,1,1,0.0000,0.0000,0.1500,0.00,0.8500,0.3500,0.9200,6.00,180.00,2.000000,0.050000,0.000000,1.100000,0.000000,0.000000,1.200000,0.000000,0.000000,1.350000,0.000000,0.000000,0.850000,0.020000,0.000000,0.008000,0.000000,0.000600,0.008000,0.000000,0.000600,0.006000,0.000000,0.000000,1,1,1,510,208,539864,539864,329420,210444,0,60.00,30131,2930,0,0,0,0,0,0.00,0.00,6,2002,0.0000,0.5000,0.5000,0.0000,0.5000
2026-04-27T18:54:25.700,8.507,1,-0.60,-0.19,0.00,0.00,0,0.0000,0.0000,0.1500,0.0000,0.0000,0.0000,0.00,0.00,59.72,62.33,511,214,0.41879,0.41879,0.99217,0.41879,3,0,0,0.00000,0.00000,1.00000,0.0000,0.0000,0.0000,0.0000,0.0000,0.0000,0.00,0.00,0.00,1,1,0.0000,0.0000,0.1500,0.00,0.8500,0.3500,0.9200,6.00,180.00,2.000000,0.050000,0.000000,1.100000,0.000000,0.000000,1.200000,0.000000,0.000000,1.350000,0.000000,0.000000,0.850000,0.020000,0.000000,0.008000,0.000000,0.000600,0.008000,0.000000,0.000600,0.006000,0.000000,0.000000,1,1,1,511,208,539864,539864,329420,210444,0,60.00,30131,2930,0,0,0,0,0,0.00,0.00,6,2002,0.0000,0.5000,0.5000,0.0000,0.5000
2026-04-27T18:54:25.717,8.524,1,-0.60,-0.19,0.00,0.00,0,0.0000,0.0000,0.1500,0.0000,0.0000,0.0000,0.00,0.00,57.31,57.86,512,214,0.41797,0.41797,0.99219,0.41797,3,0,0,0.00000,0.00000,1.00000,0.0000,0.0000,0.0000,0.0000,0.0000,0.0000,0.00,0.00,0.00,1,1,0.0000,0.0000,0.1500,0.00,0.8500,0.3500,0.9200,6.00,180.00,2.000000,0.050000,0.000000,1.100000,0.000000,0.000000,1.200000,0.000000,0.000000,1.350000,0.000000,0.000000,0.850000,0.020000,0.000000,0.008000,0.000000,0.000600,0.008000,0.000000,0.000600,0.006000,0.000000,0.000000,1,1,1,512,208,539864,539864,329420,210444,0,60.00,30131,2930,0,0,0,0,0,0.00,0.00,6,2002,0.0000,0.5000,0.5000,0.0000,0.5000
2026-04-27T18:54:25.734,8.541,1,-0.60,-0.19,0.00,0.00,0,0.0000,0.0000,0.1500,0.0000,0.0000,0.0000,0.00,0.00,62.98,59.53,513,214,0.41715,0.41715,0.99220,0.41715,3,0,0,0.00000,0.00000,1.00000,0.0000,0.0000,0.0000,0.0000,0.0000,0.0000,0.00,0.00,0.00,1,1,0.0000,0.0000,0.1500,0.00,0.8500,0.3500,0.9200,6.00,180.00,2.000000,0.050000,0.000000,1.100000,0.000000,0.000000,1.200000,0.000000,0.000000,1.350000,0.000000,0.000000,0.850000,0.020000,0.000000,0.008000,0.000000,0.000600,0.008000,0.000000,0.000600,0.006000,0.000000,0.000000,1,1,1,513,208,539864,539864,329420,210444,0,60.00,30131,2930,512,0,0,0,30179,500.00,0.00,9,1046,0.0000,0.5000,0.5000,0.0000,0.5000
2026-04-27T18:54:25.751,8.557,1,-0.60,-0.19,0.00,0.00,0,0.0000,0.0000,0.1500,0.0000,0.0000,0.0000,0.00,0.00,56.15,60.78,514,214,0.41634,0.41634,0.99222,0.41634,3,0,0,0.00000,0.00000,1.00000,0.0000,0.0000,0.0000,0.0000,0.0000,0.0000,0.00,0.00,0.00,1,1,0.0000,0.0000,0.1500,0.00,0.8500,0.3500,0.9200,6.00,180.00,2.000000,0.050000,0.000000,1.100000,0.000000,0.000000,1.200000,0.000000,0.000000,1.350000,0.000000,0.000000,0.850000,0.020000,0.000000,0.008000,0.000000,0.000600,0.008000,0.000000,0.000600,0.006000,0.000000,0.000000,1,1,1,514,208,539864,539864,329420,210444,0,60.00,30131,2930,512,0,0,0,30179,500.00,0.00,9,1046,0.0000,0.5000,0.5000,0.0000,0.5000
2026-04-27T18:54:25.767,8.574,1,-0.60,-0.19,0.00,0.00,0,0.0000,0.0000,0.1500,0.0000,0.0000,0.0000,0.00,0.00,60.59,59.55,515,214,0.41553,0.41553,0.99223,0.41553,3,0,0,0.00000,0.00000,1.00000,0.0000,0.0000,0.0000,0.0000,0.0000,0.0000,0.00,0.00,0.00,1,1,0.0000,0.0000,0.1500,0.00,0.8500,0.3500,0.9200,6.00,180.00,2.000000,0.050000,0.000000,1.100000,0.000000,0.000000,1.200000,0.000000,0.000000,1.350000,0.000000,0.000000,0.850000,0.020000,0.000000,0.008000,0.000000,0.000600,0.008000,0.000000,0.000600,0.006000,0.000000,0.000000,1,1,1,515,208,539864,539864,329420,210444,0,60.00,30131,2930,512,0,0,0,30179,500.00,0.00,9,1046,0.0000,0.5000,0.5000,0.0000,0.5000
2026-04-27T18:54:25.784,8.591,1,-0.60,-0.19,0.00,0.00,0,0.0000,0.0000,0.1500,0.0000,0.0000,0.0000,0.00,0.00,59.78,60.18,516,214,0.41473,0.41473,0.99225,0.41473,3,0,0,0.00000,0.00000,1.00000,0.0000,0.0000,0.0000,0.0000,0.0000,0.0000,0.00,0.00,0.00,1,1,0.0000,0.0000,0.1500,0.00,0.8500,0.3500,0.9200,6.00,180.00,2.000000,0.050000,0.000000,1.100000,0.000000,0.000000,1.200000,0.000000,0.000000,1.350000,0.000000,0.000000,0.850000,0.020000,0.000000,0.008000,0.000000,0.000600,0.008000,0.000000,0.000600,0.006000,0.000000,0.000000,1,1,1,516,208,539864,539864,329420,210444,0,60.00,30131,2930,512,0,0,0,30179,500.00,0.00,9,1046,0.0000,0.5000,0.5000,0.0000,0.5000
2026-04-27T18:54:25.802,8.608,1,-0.60,-0.19,0.00,0.00,0,0.0000,0.0000,0.1500,0.0000,0.0000,0.0000,0.00,0.00,62.34,60.22,517,214,0.41393,0.41393,0.99226,0.41393,3,0,0,0.00000,0.00000,1.00000,0.0000,0.0000,0.0000,0.0000,0.0000,0.0000,0.00,0.00,0.00,1,1,0.0000,0.0000,0.1500,0.00,0.8500,0.3500,0.9200,6.00,180.00,2.000000,0.050000,0.000000,1.100000,0.000000,0.000000,1.200000,0.000000,0.000000,1.350000,0.000000,0.000000,0.850000,0.020000,0.000000,0.008000,0.000000,0.000600,0.008000,0.000000,0.000600,0.006000,0.000000,0.000000,1,1,1,517,208,539864,539864,329420,210444,0,60.00,30131,2930,512,0,0,0,30179,500.00,0.00,9,1046,0.0000,0.5000,0.5000,0.0000,0.5000
2026-04-27T18:54:25.816,8.623,1,-0.60,-0.19,0.00,0.00,0,0.0000,0.0000,0.1500,0.0000,0.0000,0.0000,0.00,0.00,54.80,59.08,518,214,0.41313,0.41313,0.99228,0.41313,3,0,0,0.00000,0.00000,1.00000,0.0000,0.0000,0.0000,0.0000,0.0000,0.0000,0.00,0.00,0.00,1,1,0.0000,0.0000,0.1500,0.00,0.8500,0.3500,0.9200,6.00,180.00,2.000000,0.050000,0.000000,1.100000,0.000000,0.000000,1.200000,0.000000,0.000000,1.350000,0.000000,0.000000,0.850000,0.020000,0.000000,0.008000,0.000000,0.000600,0.008000,0.000000,0.000600,0.006000,0.000000,0.000000,1,1,1,518,208,539864,539864,329420,210444,0,60.00,30131,2930,512,0,0,0,30179,500.00,0.00,9,1046,0.0000,0.5000,0.5000,0.0000,0.5000
2026-04-27T18:54:25.835,8.641,1,-0.60,-0.19,0.00,0.00,0,0.0000,0.0000,0.1500,0.0000,0.0000,0.0000,0.00,0.00,66.12,61.12,519,214,0.41233,0.41233,0.99229,0.41233,3,0,0,0.00000,0.00000,1.00000,0.0000,0.0000,0.0000,0.0000,0.0000,0.0000,0.00,0.00,0.00,1,1,0.0000,0.0000,0.1500,0.00,0.8500,0.3500,0.9200,6.00,180.00,2.000000,0.050000,0.000000,1.100000,0.000000,0.000000,1.200000,0.000000,0.000000,1.350000,0.000000,0.000000,0.850000,0.020000,0.000000,0.008000,0.000000,0.000600,0.008000,0.000000,0.000600,0.006000,0.000000,0.000000,1,1,1,519,208,539864,539864,329420,210444,0,60.00,30131,2930,512,0,0,0,30179,500.00,0.00,9,1046,0.0000,0.5000,0.5000,0.0000,0.5000
2026-04-27T18:54:25.849,8.655,1,-0.60,-0.19,0.00,0.00,0,0.0000,0.0000,0.1500,0.0000,0.0000,0.0000,0.00,0.00,54.03,62.37,520,214,0.41154,0.41154,0.99231,0.41154,3,0,0,0.00000,0.00000,1.00000,0.0000,0.0000,0.0000,0.0000,0.0000,0.0000,0.00,0.00,0.00,1,1,0.0000,0.0000,0.1500,0.00,0.8500,0.3500,0.9200,6.00,180.00,2.000000,0.050000,0.000000,1.100000,0.000000,0.000000,1.200000,0.000000,0.000000,1.350000,0.000000,0.000000,0.850000,0.020000,0.000000,0.008000,0.000000,0.000600,0.008000,0.000000,0.000600,0.006000,0.000000,0.000000,1,1,1,520,208,539864,539864,329420,210444,0,60.00,30131,2930,512,0,0,0,30179,500.00,0.00,9,1046,0.0000,0.5000,0.5000,0.0000,0.5000
2026-04-27T18:54:25.865,8.672,1,-0.60,-0.19,0.00,0.00,0,0.0000,0.0000,0.1500,0.0000,0.0000,0.0000,0.00,0.00,79.27,60.48,521,214,0.41075,0.41075,0.99232,0.41075,3,0,0,0.00000,0.00000,1.00000,0.0000,0.0000,0.0000,0.0000,0.0000,0.0000,0.00,0.00,0.00,1,1,0.0000,0.0000,0.1500,0.00,0.8500,0.3500,0.9200,6.00,180.00,2.000000,0.050000,0.000000,1.100000,0.000000,0.000000,1.200000,0.000000,0.000000,1.350000,0.000000,0.000000,0.850000,0.020000,0.000000,0.008000,0.000000,0.000600,0.008000,0.000000,0.000600,0.006000,0.000000,0.000000,1,1,1,521,208,539864,539864,329420,210444,0,60.00,30131,2930,512,0,0,0,30179,500.00,0.00,9,1046,0.0000,0.5000,0.5000,0.0000,0.5000
2026-04-27T18:54:25.884,8.690,1,-0.60,-0.19,0.00,0.00,0,0.0000,0.0000,0.1500,0.0000,0.0000,0.0000,0.00,0.00,60.48,73.60,522,214,0.40996,0.40996,0.99234,0.40996,3,0,0,0.00000,0.00000,1.00000,0.0000,0.0000,0.0000,0.0000,0.0000,0.0000,0.00,0.00,0.00,1,1,0.0000,0.0000,0.1500,0.00,0.8500,0.3500,0.9200,6.00,180.00,2.000000,0.050000,0.000000,1.100000,0.000000,0.000000,1.200000,0.000000,0.000000,1.350000,0.000000,0.000000,0.850000,0.020000,0.000000,0.008000,0.000000,0.000600,0.008000,0.000000,0.000600,0.006000,0.000000,0.000000,1,1,1,522,208,539864,539864,329420,210444,0,60.00,30131,2930,512,0,0,0,30179,500.00,0.00,9,1046,0.0000,0.5000,0.5000,0.0000,0.5000
2026-04-27T18:54:25.900,8.707,1,-0.60,-0.19,0.00,0.00,0,0.0000,0.0000,0.1500,0.0000,0.0000,0.0000,0.00,0.00,54.80,63.63,523,214,0.40918,0.40918,0.99235,0.40918,3,0,0,0.00000,0.00000,1.00000,0.0000,0.0000,0.0000,0.0000,0.0000,0.0000,0.00,0.00,0.00,1,1,0.0000,0.0000,0.1500,0.00,0.8500,0.3500,0.9200,6.00,180.00,2.000000,0.050000,0.000000,1.100000,0.000000,0.000000,1.200000,0.000000,0.000000,1.350000,0.000000,0.000000,0.850000,0.020000,0.000000,0.008000,0.000000,0.000600,0.008000,0.000000,0.000600,0.006000,0.000000,0.000000,1,1,1,523,208,539864,539864,329420,210444,0,60.00,30131,2930,512,0,0,0,30179,500.00,0.00,9,1046,0.0000,0.5000,0.5000,0.0000,0.5000
2026-04-27T18:54:25.916,8.723,1,-0.60,-0.19,0.00,0.00,0,0.0000,0.0000,0.1500,0.0000,0.0000,0.0000,0.00,0.00,60.09,45.95,524,214,0.40840,0.40840,0.99237,0.40840,3,0,0,0.00000,0.00000,1.00000,0.0000,0.0000,0.0000,0.0000,0.0000,0.0000,0.00,0.00,0.00,1,1,0.0000,0.0000,0.1500,0.00,0.8500,0.3500,0.9200,6.00,180.00,2.000000,0.050000,0.000000,1.100000,0.000000,0.000000,1.200000,0.000000,0.000000,1.350000,0.000000,0.000000,0.850000,0.020000,0.000000,0.008000,0.000000,0.000600,0.008000,0.000000,0.000600,0.006000,0.000000,0.000000,1,1,1,524,208,539864,539864,329420,210444,0,60.00,30131,2930,512,0,0,0,30179,500.00,0.00,9,1046,0.0000,0.5000,0.5000,0.0000,0.5000
2026-04-27T18:54:25.932,8.738,1,-0.60,-0.19,0.00,0.00,0,0.0000,0.0000,0.1500,0.0000,0.0000,0.0000,0.00,0.00,61.82,65.09,525,214,0.40762,0.40762,0.99238,0.40762,3,0,0,0.00000,0.00000,1.00000,0.0000,0.0000,0.0000,0.0000,0.0000,0.0000,0.00,0.00,0.00,1,1,0.0000,0.0000,0.1500,0.00,0.8500,0.3500,0.9200,6.00,180.00,2.000000,0.050000,0.000000,1.100000,0.000000,0.000000,1.200000,0.000000,0.000000,1.350000,0.000000,0.000000,0.850000,0.020000,0.000000,0.008000,0.000000,0.000600,0.008000,0.000000,0.000600,0.006000,0.000000,0.000000,1,1,1,525,208,539924,539924,329480,210444,0,60.00,30191,4435,512,0,0,0,30179,500.00,0.00,9,1046,0.0000,0.5000,0.5000,0.0000,0.5000
2026-04-27T18:54:25.949,8.755,1,-0.60,-0.19,0.00,0.00,0,0.0000,0.0000,0.1500,0.0000,0.0000,0.0000,0.00,0.00,65.09,58.67,526,214,0.40684,0.40684,0.99240,0.40684,3,0,0,0.00000,0.00000,1.00000,0.0000,0.0000,0.0000,0.0000,0.0000,0.0000,0.00,0.00,0.00,1,1,0.0000,0.0000,0.1500,0.00,0.8500,0.3500,0.9200,6.00,180.00,2.000000,0.050000,0.000000,1.100000,0.000000,0.000000,1.200000,0.000000,0.000000,1.350000,0.000000,0.000000,0.850000,0.020000,0.000000,0.008000,0.000000,0.000600,0.008000,0.000000,0.000600,0.006000,0.000000,0.000000,1,1,1,526,208,539924,539924,329480,210444,0,60.00,30191,4435,512,0,0,0,30179,500.00,0.00,9,1046,0.0000,0.5000,0.5000,0.0000,0.5000
2026-04-27T18:54:25.965,8.772,1,-0.60,-0.19,0.00,0.00,0,0.0000,0.0000,0.1500,0.0000,0.0000,0.0000,0.00,0.00,58.67,61.45,527,214,0.40607,0.40607,0.99241,0.40607,3,0,0,0.00000,0.00000,1.00000,0.0000,0.0000,0.0000,0.0000,0.0000,0.0000,0.00,0.00,0.00,1,1,0.0000,0.0000,0.1500,0.00,0.8500,0.3500,0.9200,6.00,180.00,2.000000,0.050000,0.000000,1.100000,0.000000,0.000000,1.200000,0.000000,0.000000,1.350000,0.000000,0.000000,0.850000,0.020000,0.000000,0.008000,0.000000,0.000600,0.008000,0.000000,0.000600,0.006000,0.000000,0.000000,1,1,1,527,208,539924,539924,329480,210444,0,60.00,30191,4435,512,0,0,0,30179,500.00,0.00,9,1046,0.0000,0.5000,0.5000,0.0000,0.5000
2026-04-27T18:54:25.984,8.791,1,-0.60,-0.19,0.00,0.00,0,0.0000,0.0000,0.1500,0.0000,0.0000,0.0000,0.00,0.00,52.72,56.90,528,214,0.40530,0.40530,0.99242,0.40530,3,0,0,0.00000,0.00000,1.00000,0.0000,0.0000,0.0000,0.0000,0.0000,0.0000,0.00,0.00,0.00,1,1,0.0000,0.0000,0.1500,0.00,0.8500,0.3500,0.9200,6.00,180.00,2.000000,0.050000,0.000000,1.100000,0.000000,0.000000,1.200000,0.000000,0.000000,1.350000,0.000000,0.000000,0.850000,0.020000,0.000000,0.008000,0.000000,0.000600,0.008000,0.000000,0.000600,0.006000,0.000000,0.000000,1,1,1,528,208,539924,539924,329480,210444,0,60.00,30191,4435,512,0,0,0,30179,500.00,0.00,9,1046,0.0000,0.5000,0.5000,0.0000,0.5000
2026-04-27T18:54:25.990,8.797,1,-0.60,-0.19,0.00,0.00,0,0.0000,0.0000,0.1500,0.0000,0.0000,0.0000,0.00,0.00,61.03,134.63,529,214,0.40454,0.40454,0.99244,0.40454,3,0,0,0.00000,0.00000,1.00000,0.0000,0.0000,0.0000,0.0000,0.0000,0.0000,0.00,0.00,0.00,1,1,0.0000,0.0000,0.1500,0.00,0.8500,0.3500,0.9200,6.00,180.00,2.000000,0.050000,0.000000,1.100000,0.000000,0.000000,1.200000,0.000000,0.000000,1.350000,0.000000,0.000000,0.850000,0.020000,0.000000,0.008000,0.000000,0.000600,0.008000,0.000000,0.000600,0.006000,0.000000,0.000000,1,1,1,529,208,539924,539924,329480,210444,0,60.00,30191,4435,512,0,0,0,30179,500.00,0.00,9,1046,0.0000,0.5000,0.5000,0.0000,0.5000
2026-04-27T18:54:26.018,8.825,1,-0.60,-0.19,0.00,0.00,0,0.0000,0.0000,0.1500,0.0000,0.0000,0.0000,0.00,0.00,168.78,41.05,530,214,0.40377,0.40377,0.99245,0.40377,3,0,0,0.00000,0.00000,1.00000,0.0000,0.0000,0.0000,0.0000,0.0000,0.0000,0.00,0.00,0.00,1,1,0.0000,0.0000,0.1500,0.00,0.8500,0.3500,0.9200,6.00,180.00,2.000000,0.050000,0.000000,1.100000,0.000000,0.000000,1.200000,0.000000,0.000000,1.350000,0.000000,0.000000,0.850000,0.020000,0.000000,0.008000,0.000000,0.000600,0.008000,0.000000,0.000600,0.006000,0.000000,0.000000,1,1,1,530,208,539924,539924,329480,210444,0,60.00,30191,4435,512,0,0,0,30179,500.00,0.00,9,1046,0.0000,0.5000,0.5000,0.0000,0.5000
2026-04-27T18:54:26.032,8.839,1,-0.60,-0.19,0.00,0.00,0,0.0000,0.0000,0.1500,0.0000,0.0000,0.0000,0.00,0.00,35.65,56.49,531,214,0.40301,0.40301,0.99247,0.40301,3,0,0,0.00000,0.00000,1.00000,0.0000,0.0000,0.0000,0.0000,0.0000,0.0000,0.00,0.00,0.00,1,1,0.0000,0.0000,0.1500,0.00,0.8500,0.3500,0.9200,6.00,180.00,2.000000,0.050000,0.000000,1.100000,0.000000,0.000000,1.200000,0.000000,0.000000,1.350000,0.000000,0.000000,0.850000,0.020000,0.000000,0.008000,0.000000,0.000600,0.008000,0.000000,0.000600,0.006000,0.000000,0.000000,1,1,1,531,208,539924,539924,329480,210444,0,60.00,30191,4435,512,0,0,0,30179,500.00,0.00,9,1046,0.0000,0.5000,0.5000,0.0000,0.5000
2026-04-27T18:54:26.050,8.857,1,-0.60,-0.19,0.00,0.00,0,0.0000,0.0000,0.1500,0.0000,0.0000,0.0000,0.00,0.00,71.39,57.46,532,214,0.40226,0.40226,0.99248,0.40226,3,0,0,0.00000,0.00000,1.00000,0.0000,0.0000,0.0000,0.0000,0.0000,0.0000,0.00,0.00,0.00,1,1,0.0000,0.0000,0.1500,0.00,0.8500,0.3500,0.9200,6.00,180.00,2.000000,0.050000,0.000000,1.100000,0.000000,0.000000,1.200000,0.000000,0.000000,1.350000,0.000000,0.000000,0.850000,0.020000,0.000000,0.008000,0.000000,0.000600,0.008000,0.000000,0.000600,0.006000,0.000000,0.000000,1,1,1,532,208,539924,539924,329480,210444,0,60.00,30191,4435,512,0,0,0,30179,500.00,0.00,9,1046,0.0000,0.5000,0.5000,0.0000,0.5000
2026-04-27T18:54:26.067,8.874,1,-0.60,-0.19,0.00,0.00,0,0.0000,0.0000,0.1500,0.0000,0.0000,0.0000,0.00,0.00,55.22,60.23,533,214,0.40150,0.40150,0.99250,0.40150,3,0,0,0.00000,0.00000,1.00000,0.0000,0.0000,0.0000,0.0000,0.0000,0.0000,0.00,0.00,0.00,1,1,0.0000,0.0000,0.1500,0.00,0.8500,0.3500,0.9200,6.00,180.00,2.000000,0.050000,0.000000,1.100000,0.000000,0.000000,1.200000,0.000000,0.000000,1.350000,0.000000,0.000000,0.850000,0.020000,0.000000,0.008000,0.000000,0.000600,0.008000,0.000000,0.000600,0.006000,0.000000,0.000000,1,1,1,533,208,539924,539924,329480,210444,0,60.00,30191,4435,512,0,0,0,30179,500.00,0.00,9,1046,0.0000,0.5000,0.5000,0.0000,0.5000
2026-04-27T18:54:26.084,8.890,1,-0.60,-0.19,0.00,0.00,0,0.0000,0.0000,0.1500,0.0000,0.0000,0.0000,0.00,0.00,60.08,59.87,534,214,0.40075,0.40075,0.99251,0.40075,3,0,0,0.00000,0.00000,1.00000,0.0000,0.0000,0.0000,0.0000,0.0000,0.0000,0.00,0.00,0.00,1,1,0.0000,0.0000,0.1500,0.00,0.8500,0.3500,0.9200,6.00,180.00,2.000000,0.050000,0.000000,1.100000,0.000000,0.000000,1.200000,0.000000,0.000000,1.350000,0.000000,0.000000,0.850000,0.020000,0.000000,0.008000,0.000000,0.000600,0.008000,0.000000,0.000600,0.006000,0.000000,0.000000,1,1,1,534,208,539924,539924,329480,210444,0,60.00,30191,4435,512,0,0,0,30179,500.00,0.00,9,1046,0.0000,0.5000,0.5000,0.0000,0.5000
2026-04-27T18:54:26.101,8.907,1,-0.60,-0.19,0.00,0.00,0,0.0000,0.0000,0.1500,0.0000,0.0000,0.0000,0.00,0.00,59.22,59.20,535,214,0.40000,0.40000,0.99252,0.40000,3,0,0,0.00000,0.00000,1.00000,0.0000,0.0000,0.0000,0.0000,0.0000,0.0000,0.00,0.00,0.00,1,1,0.0000,0.0000,0.1500,0.00,0.8500,0.3500,0.9200,6.00,180.00,2.000000,0.050000,0.000000,1.100000,0.000000,0.000000,1.200000,0.000000,0.000000,1.350000,0.000000,0.000000,0.850000,0.020000,0.000000,0.008000,0.000000,0.000600,0.008000,0.000000,0.000600,0.006000,0.000000,0.000000,1,1,1,535,208,539924,539924,329480,210444,0,60.00,30191,4435,512,0,0,0,30179,500.00,0.00,9,1046,0.0000,0.5000,0.5000,0.0000,0.5000
2026-04-27T18:54:26.117,8.923,1,-0.60,-0.19,0.00,0.00,0,0.0000,0.0000,0.1500,0.0000,0.0000,0.0000,0.00,0.00,57.13,59.89,536,214,0.39925,0.39925,0.99254,0.39925,3,0,0,0.00000,0.00000,1.00000,0.0000,0.0000,0.0000,0.0000,0.0000,0.0000,0.00,0.00,0.00,1,1,0.0000,0.0000,0.1500,0.00,0.8500,0.3500,0.9200,6.00,180.00,2.000000,0.050000,0.000000,1.100000,0.000000,0.000000,1.200000,0.000000,0.000000,1.350000,0.000000,0.000000,0.850000,0.020000,0.000000,0.008000,0.000000,0.000600,0.008000,0.000000,0.000600,0.006000,0.000000,0.000000,1,1,1,536,208,539924,539924,329480,210444,0,60.00,30191,4435,512,0,0,0,30179,500.00,0.00,9,1046,0.0000,0.5000,0.5000,0.0000,0.5000
2026-04-27T18:54:26.133,8.940,1,-0.60,-0.19,0.00,0.00,0,0.0000,0.0000,0.1500,0.0000,0.0000,0.0000,0.00,0.00,59.81,63.88,537,214,0.39851,0.39851,0.99255,0.39851,3,0,0,0.00000,0.00000,1.00000,0.0000,0.0000,0.0000,0.0000,0.0000,0.0000,0.00,0.00,0.00,1,1,0.0000,0.0000,0.1500,0.00,0.8500,0.3500,0.9200,6.00,180.00,2.000000,0.050000,0.000000,1.100000,0.000000,0.000000,1.200000,0.000000,0.000000,1.350000,0.000000,0.000000,0.850000,0.020000,0.000000,0.008000,0.000000,0.000600,0.008000,0.000000,0.000600,0.006000,0.000000,0.000000,1,1,1,537,208,539924,539924,329480,210444,0,60.00,30191,4435,512,0,0,0,30179,500.00,0.00,9,1046,0.0000,0.5000,0.5000,0.0000,0.5000
2026-04-27T18:54:26.150,8.957,1,-0.60,-0.19,0.00,0.00,0,0.0000,0.0000,0.1500,0.0000,0.0000,0.0000,0.00,0.00,61.46,58.23,538,214,0.39777,0.39777,0.99257,0.39777,3,0,0,0.00000,0.00000,1.00000,0.0000,0.0000,0.0000,0.0000,0.0000,0.0000,0.00,0.00,0.00,1,1,0.0000,0.0000,0.1500,0.00,0.8500,0.3500,0.9200,6.00,180.00,2.000000,0.050000,0.000000,1.100000,0.000000,0.000000,1.200000,0.000000,0.000000,1.350000,0.000000,0.000000,0.850000,0.020000,0.000000,0.008000,0.000000,0.000600,0.008000,0.000000,0.000600,0.006000,0.000000,0.000000,1,1,1,538,208,539924,539924,329480,210444,0,60.00,30191,4435,512,0,0,0,30179,500.00,0.00,9,1046,0.0000,0.5000,0.5000,0.0000,0.5000
2026-04-27T18:54:26.167,8.974,1,-0.60,-0.19,0.00,0.00,0,0.0000,0.0000,0.1500,0.0000,0.0000,0.0000,0.00,0.00,62.07,59.38,539,214,0.39703,0.39703,0.99258,0.39703,3,0,0,0.00000,0.00000,1.00000,0.0000,0.0000,0.0000,0.0000,0.0000,0.0000,0.00,0.00,0.00,1,1,0.0000,0.0000,0.1500,0.00,0.8500,0.3500,0.9200,6.00,180.00,2.000000,0.050000,0.000000,1.100000,0.000000,0.000000,1.200000,0.000000,0.000000,1.350000,0.000000,0.000000,0.850000,0.020000,0.000000,0.008000,0.000000,0.000600,0.008000,0.000000,0.000600,0.006000,0.000000,0.000000,1,1,1,539,208,539924,539924,329480,210444,0,60.00,30191,4435,512,0,0,0,30179,500.00,0.00,9,1046,0.0000,0.5000,0.5000,0.0000,0.5000
2026-04-27T18:54:26.183,8.990,1,-0.60,-0.19,0.00,0.00,0,0.0000,0.0000,0.1500,0.0000,0.0000,0.0000,0.00,0.00,59.53,59.44,540,214,0.39630,0.39630,0.99259,0.39630,3,0,0,0.00000,0.00000,1.00000,0.0000,0.0000,0.0000,0.0000,0.0000,0.0000,0.00,0.00,0.00,1,1,0.0000,0.0000,0.1500,0.00,0.8500,0.3500,0.9200,6.00,180.00,2.000000,0.050000,0.000000,1.100000,0.000000,0.000000,1.200000,0.000000,0.000000,1.350000,0.000000,0.000000,0.850000,0.020000,0.000000,0.008000,0.000000,0.000600,0.008000,0.000000,0.000600,0.006000,0.000000,0.000000,1,1,1,540,208,539924,539924,329480,210444,0,60.00,30191,4435,512,0,0,0,30179,500.00,0.00,9,1046,0.0000,0.5000,0.5000,0.0000,0.5000
2026-04-27T18:54:26.201,9.007,1,-0.60,-0.19,0.00,0.00,0,0.0000,0.0000,0.1500,0.0000,0.0000,0.0000,0.00,0.00,58.78,60.43,541,214,0.39556,0.39556,0.99261,0.39556,3,0,0,0.00000,0.00000,1.00000,0.0000,0.0000,0.0000,0.0000,0.0000,0.0000,0.00,0.00,0.00,1,1,0.0000,0.0000,0.1500,0.00,0.8500,0.3500,0.9200,6.00,180.00,2.000000,0.050000,0.000000,1.100000,0.000000,0.000000,1.200000,0.000000,0.000000,1.350000,0.000000,0.000000,0.850000,0.020000,0.000000,0.008000,0.000000,0.000600,0.008000,0.000000,0.000600,0.006000,0.000000,0.000000,1,1,1,541,208,539924,539924,329480,210444,0,60.00,30191,4435,512,0,0,0,30179,500.00,0.00,9,1046,0.0000,0.5000,0.5000,0.0000,0.5000
2026-04-27T18:54:26.218,9.024,1,-0.60,-0.19,0.00,0.00,0,0.0000,0.0000,0.1500,0.0000,0.0000,0.0000,0.00,0.00,58.54,61.18,542,214,0.39483,0.39483,0.99262,0.39483,3,0,0,0.00000,0.00000,1.00000,0.0000,0.0000,0.0000,0.0000,0.0000,0.0000,0.00,0.00,0.00,1,1,0.0000,0.0000,0.1500,0.00,0.8500,0.3500,0.9200,6.00,180.00,2.000000,0.050000,0.000000,1.100000,0.000000,0.000000,1.200000,0.000000,0.000000,1.350000,0.000000,0.000000,0.850000,0.020000,0.000000,0.008000,0.000000,0.000600,0.008000,0.000000,0.000600,0.006000,0.000000,0.000000,1,1,1,542,208,539924,539924,329480,210444,0,60.00,30191,4435,512,0,0,0,30179,500.00,0.00,9,1046,0.0000,0.5000,0.5000,0.0000,0.5000
2026-04-27T18:54:26.234,9.040,1,-0.60,-0.19,0.00,0.00,0,0.0000,0.0000,0.1500,0.0000,0.0000,0.0000,0.00,0.00,56.92,59.25,543,214,0.39411,0.39411,0.99263,0.39411,3,0,0,0.00000,0.00000,1.00000,0.0000,0.0000,0.0000,0.0000,0.0000,0.0000,0.00,0.00,0.00,1,1,0.0000,0.0000,0.1500,0.00,0.8500,0.3500,0.9200,6.00,180.00,2.000000,0.050000,0.000000,1.100000,0.000000,0.000000,1.200000,0.000000,0.000000,1.350000,0.000000,0.000000,0.850000,0.020000,0.000000,0.008000,0.000000,0.000600,0.008000,0.000000,0.000600,0.006000,0.000000,0.000000,1,1,1,543,208,539924,539924,329480,210444,0,60.00,30191,4435,512,0,0,0,30179,500.00,0.00,9,1046,0.0000,0.5000,0.5000,0.0000,0.5000
2026-04-27T18:54:26.251,9.057,1,-0.60,-0.19,0.00,0.00,0,0.0000,0.0000,0.1500,0.0000,0.0000,0.0000,0.00,0.00,62.71,59.80,544,214,0.39338,0.39338,0.99265,0.39338,3,0,0,0.00000,0.00000,1.00000,0.0000,0.0000,0.0000,0.0000,0.0000,0.0000,0.00,0.00,0.00,1,1,0.0000,0.0000,0.1500,0.00,0.8500,0.3500,0.9200,6.00,180.00,2.000000,0.050000,0.000000,1.100000,0.000000,0.000000,1.200000,0.000000,0.000000,1.350000,0.000000,0.000000,0.850000,0.020000,0.000000,0.008000,0.000000,0.000600,0.008000,0.000000,0.000600,0.006000,0.000000,0.000000,1,1,1,544,208,539924,539924,329480,210444,0,60.00,30191,4435,542,0,0,0,30209,498.01,0.00,8,773,0.0000,0.5000,0.5000,0.0000,0.5000
2026-04-27T18:54:26.267,9.073,1,-0.60,-0.19,0.00,0.00,0,0.0000,0.0000,0.1500,0.0000,0.0000,0.0000,0.00,0.00,56.04,62.12,545,214,0.39266,0.39266,0.99266,0.39266,3,0,0,0.00000,0.00000,1.00000,0.0000,0.0000,0.0000,0.0000,0.0000,0.0000,0.00,0.00,0.00,1,1,0.0000,0.0000,0.1500,0.00,0.8500,0.3500,0.9200,6.00,180.00,2.000000,0.050000,0.000000,1.100000,0.000000,0.000000,1.200000,0.000000,0.000000,1.350000,0.000000,0.000000,0.850000,0.020000,0.000000,0.008000,0.000000,0.000600,0.008000,0.000000,0.000600,0.006000,0.000000,0.000000,1,1,1,545,208,539924,539924,329480,210444,0,60.00,30191,4435,542,0,0,0,30209,498.01,0.00,8,773,0.0000,0.5000,0.5000,0.0000,0.5000
2026-04-27T18:54:26.283,9.090,1,-0.60,-0.19,0.00,0.00,0,0.0000,0.0000,0.1500,0.0000,0.0000,0.0000,0.00,0.00,66.81,59.16,546,214,0.39194,0.39194,0.99267,0.39194,3,0,0,0.00000,0.00000,1.00000,0.0000,0.0000,0.0000,0.0000,0.0000,0.0000,0.00,0.00,0.00,1,1,0.0000,0.0000,0.1500,0.00,0.8500,0.3500,0.9200,6.00,180.00,2.000000,0.050000,0.000000,1.100000,0.000000,0.000000,1.200000,0.000000,0.000000,1.350000,0.000000,0.000000,0.850000,0.020000,0.000000,0.008000,0.000000,0.000600,0.008000,0.000000,0.000600,0.006000,0.000000,0.000000,1,1,1,546,208,539924,539924,329480,210444,0,60.00,30191,4435,542,0,0,0,30209,498.01,0.00,8,773,0.0000,0.5000,0.5000,0.0000,0.5000
2026-04-27T18:54:26.301,9.108,1,-0.60,-0.19,0.00,0.00,0,0.0000,0.0000,0.1500,0.0000,0.0000,0.0000,0.00,0.00,60.73,58.48,547,214,0.39122,0.39122,0.99269,0.39122,3,0,0,0.00000,0.00000,1.00000,0.0000,0.0000,0.0000,0.0000,0.0000,0.0000,0.00,0.00,0.00,1,1,0.0000,0.0000,0.1500,0.00,0.8500,0.3500,0.9200,6.00,180.00,2.000000,0.050000,0.000000,1.100000,0.000000,0.000000,1.200000,0.000000,0.000000,1.350000,0.000000,0.000000,0.850000,0.020000,0.000000,0.008000,0.000000,0.000600,0.008000,0.000000,0.000600,0.006000,0.000000,0.000000,1,1,1,547,208,539924,539924,329480,210444,0,60.00,30191,4435,542,0,0,0,30209,498.01,0.00,8,773,0.0000,0.5000,0.5000,0.0000,0.5000
2026-04-27T18:54:26.317,9.124,1,-0.60,-0.19,0.00,0.00,0,0.0000,0.0000,0.1500,0.0000,0.0000,0.0000,0.00,0.00,55.75,62.09,548,214,0.39051,0.39051,0.99270,0.39051,3,0,0,0.00000,0.00000,1.00000,0.0000,0.0000,0.0000,0.0000,0.0000,0.0000,0.00,0.00,0.00,1,1,0.0000,0.0000,0.1500,0.00,0.8500,0.3500,0.9200,6.00,180.00,2.000000,0.050000,0.000000,1.100000,0.000000,0.000000,1.200000,0.000000,0.000000,1.350000,0.000000,0.000000,0.850000,0.020000,0.000000,0.008000,0.000000,0.000600,0.008000,0.000000,0.000600,0.006000,0.000000,0.000000,1,1,1,548,208,539924,539924,329480,210444,0,60.00,30191,4435,542,0,0,0,30209,498.01,0.00,8,773,0.0000,0.5000,0.5000,0.0000,0.5000
2026-04-27T18:54:26.334,9.140,1,-0.60,-0.19,0.00,0.00,0,0.0000,0.0000,0.1500,0.0000,0.0000,0.0000,0.00,0.00,62.22,56.17,549,214,0.38980,0.38980,0.99271,0.38980,3,0,0,0.00000,0.00000,1.00000,0.0000,0.0000,0.0000,0.0000,0.0000,0.0000,0.00,0.00,0.00,1,1,0.0000,0.0000,0.1500,0.00,0.8500,0.3500,0.9200,6.00,180.00,2.000000,0.050000,0.000000,1.100000,0.000000,0.000000,1.200000,0.000000,0.000000,1.350000,0.000000,0.000000,0.850000,0.020000,0.000000,0.008000,0.000000,0.000600,0.008000,0.000000,0.000600,0.006000,0.000000,0.000000,1,1,1,549,208,539924,539924,329480,210444,0,60.00,30191,4435,542,0,0,0,30209,498.01,0.00,8,773,0.0000,0.5000,0.5000,0.0000,0.5000
2026-04-27T18:54:26.350,9.157,1,-0.60,-0.19,0.00,0.00,0,0.0000,0.0000,0.1500,0.0000,0.0000,0.0000,0.00,0.00,57.15,62.98,550,214,0.38909,0.38909,0.99273,0.38909,3,0,0,0.00000,0.00000,1.00000,0.0000,0.0000,0.0000,0.0000,0.0000,0.0000,0.00,0.00,0.00,1,1,0.0000,0.0000,0.1500,0.00,0.8500,0.3500,0.9200,6.00,180.00,2.000000,0.050000,0.000000,1.100000,0.000000,0.000000,1.200000,0.000000,0.000000,1.350000,0.000000,0.000000,0.850000,0.020000,0.000000,0.008000,0.000000,0.000600,0.008000,0.000000,0.000600,0.006000,0.000000,0.000000,1,1,1,550,208,539924,539924,329480,210444,0,60.00,30191,4435,542,0,0,0,30209,498.01,0.00,8,773,0.0000,0.5000,0.5000,0.0000,0.5000
2026-04-27T18:54:26.369,9.175,1,-0.60,-0.19,0.00,0.00,0,0.0000,0.0000,0.1500,0.0000,0.0000,0.0000,0.00,0.00,67.87,55.85,551,214,0.38838,0.38838,0.99274,0.38838,3,0,0,0.00000,0.00000,1.00000,0.0000,0.0000,0.0000,0.0000,0.0000,0.0000,0.00,0.00,0.00,1,1,0.0000,0.0000,0.1500,0.00,0.8500,0.3500,0.9200,6.00,180.00,2.000000,0.050000,0.000000,1.100000,0.000000,0.000000,1.200000,0.000000,0.000000,1.350000,0.000000,0.000000,0.850000,0.020000,0.000000,0.008000,0.000000,0.000600,0.008000,0.000000,0.000600,0.006000,0.000000,0.000000,1,1,1,551,208,539924,539924,329480,210444,0,60.00,30191,4435,542,0,0,0,30209,498.01,0.00,8,773,0.0000,0.5000,0.5000,0.0000,0.5000
2026-04-27T18:54:26.384,9.191,1,-0.60,-0.19,0.00,0.00,0,0.0000,0.0000,0.1500,0.0000,0.0000,0.0000,0.00,0.00,52.14,63.86,552,214,0.38768,0.38768,0.99275,0.38768,3,0,0,0.00000,0.00000,1.00000,0.0000,0.0000,0.0000,0.0000,0.0000,0.0000,0.00,0.00,0.00,1,1,0.0000,0.0000,0.1500,0.00,0.8500,0.3500,0.9200,6.00,180.00,2.000000,0.050000,0.000000,1.100000,0.000000,0.000000,1.200000,0.000000,0.000000,1.350000,0.000000,0.000000,0.850000,0.020000,0.000000,0.008000,0.000000,0.000600,0.008000,0.000000,0.000600,0.006000,0.000000,0.000000,1,1,1,552,208,539924,539924,329480,210444,0,60.00,30191,4435,542,0,0,0,30209,498.01,0.00,8,773,0.0000,0.5000,0.5000,0.0000,0.5000
2026-04-27T18:54:26.400,9.207,1,-0.60,-0.19,0.00,0.00,0,0.0000,0.0000,0.1500,0.0000,0.0000,0.0000,0.00,0.00,63.60,62.48,553,214,0.38698,0.38698,0.99277,0.38698,3,0,0,0.00000,0.00000,1.00000,0.0000,0.0000,0.0000,0.0000,0.0000,0.0000,0.00,0.00,0.00,1,1,0.0000,0.0000,0.1500,0.00,0.8500,0.3500,0.9200,6.00,180.00,2.000000,0.050000,0.000000,1.100000,0.000000,0.000000,1.200000,0.000000,0.000000,1.350000,0.000000,0.000000,0.850000,0.020000,0.000000,0.008000,0.000000,0.000600,0.008000,0.000000,0.000600,0.006000,0.000000,0.000000,1,1,1,553,208,539924,539924,329480,210444,0,60.00,30191,4435,542,0,0,0,30209,498.01,0.00,8,773,0.0000,0.5000,0.5000,0.0000,0.5000
2026-04-27T18:54:26.414,9.221,1,-0.60,-0.19,0.00,0.00,0,0.0000,0.0000,0.1500,0.0000,0.0000,0.0000,0.00,0.00,63.65,65.92,554,214,0.38628,0.38628,0.99278,0.38628,3,0,0,0.00000,0.00000,1.00000,0.0000,0.0000,0.0000,0.0000,0.0000,0.0000,0.00,0.00,0.00,1,1,0.0000,0.0000,0.1500,0.00,0.8500,0.3500,0.9200,6.00,180.00,2.000000,0.050000,0.000000,1.100000,0.000000,0.000000,1.200000,0.000000,0.000000,1.350000,0.000000,0.000000,0.850000,0.020000,0.000000,0.008000,0.000000,0.000600,0.008000,0.000000,0.000600,0.006000,0.000000,0.000000,1,1,1,554,208,539924,539924,329480,210444,0,60.00,30191,4435,542,0,0,0,30209,498.01,0.00,8,773,0.0000,0.5000,0.5000,0.0000,0.5000
2026-04-27T18:54:26.434,9.241,1,-0.60,-0.19,0.00,0.00,0,0.0000,0.0000,0.1500,0.0000,0.0000,0.0000,0.00,0.00,59.40,56.99,555,214,0.38559,0.38559,0.99279,0.38559,3,0,0,0.00000,0.00000,1.00000,0.0000,0.0000,0.0000,0.0000,0.0000,0.0000,0.00,0.00,0.00,1,1,0.0000,0.0000,0.1500,0.00,0.8500,0.3500,0.9200,6.00,180.00,2.000000,0.050000,0.000000,1.100000,0.000000,0.000000,1.200000,0.000000,0.000000,1.350000,0.000000,0.000000,0.850000,0.020000,0.000000,0.008000,0.000000,0.000600,0.008000,0.000000,0.000600,0.006000,0.000000,0.000000,1,1,1,555,208,539924,539924,329480,210444,0,60.00,30191,4435,542,0,0,0,30209,498.01,0.00,8,773,0.0000,0.5000,0.5000,0.0000,0.5000
2026-04-27T18:54:26.449,9.255,1,-0.60,-0.19,0.00,0.00,0,0.0000,0.0000,0.1500,0.0000,0.0000,0.0000,0.00,0.00,60.43,58.14,556,214,0.38489,0.38489,0.99281,0.38489,3,0,0,0.00000,0.00000,1.00000,0.0000,0.0000,0.0000,0.0000,0.0000,0.0000,0.00,0.00,0.00,1,1,0.0000,0.0000,0.1500,0.00,0.8500,0.3500,0.9200,6.00,180.00,2.000000,0.050000,0.000000,1.100000,0.000000,0.000000,1.200000,0.000000,0.000000,1.350000,0.000000,0.000000,0.850000,0.020000,0.000000,0.008000,0.000000,0.000600,0.008000,0.000000,0.000600,0.006000,0.000000,0.000000,1,1,1,556,208,539924,539924,329480,210444,0,60.00,30191,4435,542,0,0,0,30209,498.01,0.00,8,773,0.0000,0.5000,0.5000,0.0000,0.5000
2026-04-27T18:54:26.465,9.272,1,-0.60,-0.19,0.00,0.00,0,0.0000,0.0000,0.1500,0.0000,0.0000,0.0000,0.00,0.00,57.36,61.48,557,214,0.38420,0.38420,0.99282,0.38420,3,0,0,0.00000,0.00000,1.00000,0.0000,0.0000,0.0000,0.0000,0.0000,0.0000,0.00,0.00,0.00,1,1,0.0000,0.0000,0.1500,0.00,0.8500,0.3500,0.9200,6.00,180.00,2.000000,0.050000,0.000000,1.100000,0.000000,0.000000,1.200000,0.000000,0.000000,1.350000,0.000000,0.000000,0.850000,0.020000,0.000000,0.008000,0.000000,0.000600,0.008000,0.000000,0.000600,0.006000,0.000000,0.000000,1,1,1,557,208,539924,539924,329480,210444,0,60.00,30191,4435,542,0,0,0,30209,498.01,0.00,8,773,0.0000,0.5000,0.5000,0.0000,0.5000
2026-04-27T18:54:26.482,9.288,1,-0.60,-0.19,0.00,0.00,0,0.0000,0.0000,0.1500,0.0000,0.0000,0.0000,0.00,0.00,75.05,60.15,558,214,0.38351,0.38351,0.99283,0.38351,3,0,0,0.00000,0.00000,1.00000,0.0000,0.0000,0.0000,0.0000,0.0000,0.0000,0.00,0.00,0.00,1,1,0.0000,0.0000,0.1500,0.00,0.8500,0.3500,0.9200,6.00,180.00,2.000000,0.050000,0.000000,1.100000,0.000000,0.000000,1.200000,0.000000,0.000000,1.350000,0.000000,0.000000,0.850000,0.020000,0.000000,0.008000,0.000000,0.000600,0.008000,0.000000,0.000600,0.006000,0.000000,0.000000,1,1,1,558,208,539924,539924,329480,210444,0,60.00,30191,4435,542,0,0,0,30209,498.01,0.00,8,773,0.0000,0.5000,0.5000,0.0000,0.5000
